HINCP,VEH,NP,PUMA,WGTP
8600,3,2,01300,107
33600,1,1,01107,65
9500,0,1,01107,67
175000,3,2,01300,63
112130,5,4,01400,46
179000,0,4,00506,105
160000,1,1,00504,110
32100,2,2,01203,93
47300,3,3,01600,76
154000,3,4,00901,52
221000,3,3,01001,57
90000,2,2,00200,61
85100,6,2,00200,81
129000,2,3,01500,94
8600,3,2,01106,44
138200,3,2,01204,88
304000,2,2,01300,28
80200,2,1,00301,60
140000,1,1,00804,52
16900,0,1,00506,50
74200,1,1,01102,186
213000,3,3,01300,50
328000,4,3,01105,53
267300,2,2,01003,85
353800,5,5,01203,98
179100,2,2,01003,48
60000,2,1,01106,77
21700,2,5,00801,107
155600,3,7,01105,166
176000,2,3,01105,99
7200,0,1,00700,161
45900,1,1,01004,55
22000,1,1,00505,142
79200,0,3,01006,52
123400,3,2,00502,129
172600,5,5,01300,133
130200,2,4,01007,304
213200,1,2,01004,13
154080,3,3,00507,77
126000,2,4,01400,76
156000,0,2,01001,38
328000,6,4,00400,48
148520,2,2,01201,47
89300,3,3,01002,199
56000,1,1,00302,107
173800,2,2,01204,49
73850,1,1,00802,94
100000,1,1,01500,183
64200,2,3,01006,162
74000,1,1,01600,136
125000,2,2,01400,328
289600,2,2,01004,16
57500,2,2,00506,269
131000,4,4,01105,49
100000,1,1,01105,17
282800,2,4,00902,55
73500,1,1,00902,320
1700,2,1,00301,50
193700,3,3,01001,80
34080,0,1,00602,124
74000,0,1,00503,117
1200,3,2,00805,68
10800,1,1,01103,70
38120,1,1,01400,113
342000,1,2,01004,20
56000,0,1,00801,149
125400,2,2,01002,61
186000,2,3,00503,65
349100,2,2,01003,26
28500,3,2,00100,54
217700,4,7,00503,170
95000,2,2,01106,64
90200,1,2,01300,140
32000,1,5,01103,22
14500,1,1,00503,272
31000,0,2,00503,114
13000,2,1,01105,380
46700,2,2,00302,54
48000,1,1,01500,101
255600,4,6,00502,71
101600,0,1,00302,106
144000,0,4,01002,127
302650,3,4,01004,13
164100,5,2,01201,87
40800,1,2,00100,88
90000,1,1,00804,136
55000,2,3,00400,135
85000,2,1,00902,60
45800,3,2,01104,35
43200,2,1,00803,151
88200,1,2,01106,298
186200,2,2,00901,85
37900,2,2,00503,38
104000,2,2,01105,49
174800,2,4,00502,136
91600,1,1,01004,57
111000,1,1,00505,120
589000,1,4,01004,46
215000,1,2,01004,213
44300,2,3,01006,48
67000,1,1,00505,793
27500,1,1,01007,104
120300,1,1,00301,51
54000,2,2,00400,79
200000,2,2,01004,13
37500,3,4,01101,206
115500,2,2,00504,50
49200,3,2,01300,17
49000,2,3,01102,201
296200,5,3,01105,42
56400,2,3,01102,124
79200,0,1,01102,72
36000,1,1,01007,45
10000,1,1,00802,251
43600,3,3,00803,68
71900,1,1,01202,59
65300,1,2,00503,30
138000,3,3,00507,76
32200,2,4,01006,90
27000,1,3,00501,126
119000,1,1,01106,51
86000,1,2,01005,331
120100,1,1,00504,45
10800,2,4,00803,48
83500,1,1,01003,73
80000,2,3,01104,232
67200,2,2,01105,70
136400,2,2,01600,66
37400,3,3,01203,123
180030,4,4,01500,86
72600,3,2,01500,96
190000,2,2,01400,102
56800,1,2,00801,105
269600,2,3,00301,74
159400,2,2,01004,15
40000,1,4,01003,33
110000,1,1,01102,146
91600,3,3,00501,229
32000,1,1,00804,166
103000,2,5,01103,69
43200,2,2,00400,31
57300,0,3,01104,167
277000,2,5,01003,48
135470,2,2,01001,32
50000,1,1,01003,111
40800,4,3,01400,52
79700,1,2,01004,98
240000,3,3,00501,54
221600,2,3,01005,41
275500,2,3,01001,245
150000,3,2,00503,160
198000,2,2,01002,58
295400,2,2,00504,30
95000,1,1,00803,68
144820,2,4,01102,110
170640,0,10,01104,59
55200,0,1,01005,61
10500,2,2,00803,29
191000,2,3,00507,67
138000,3,4,00504,126
80000,2,3,01002,52
102000,2,2,00804,44
1700,1,1,00400,43
159000,4,3,00400,66
40930,2,5,00503,34
77000,1,1,01500,112
46300,3,2,00400,60
154000,4,3,00502,51
56600,3,3,01600,70
39600,1,1,00400,48
131800,3,3,00602,46
9800,2,1,00200,25
52400,2,4,01204,54
510000,2,4,01203,52
80100,0,2,01204,127
112210,3,2,01105,62
135000,3,2,01500,97
28400,2,1,00505,54
93000,1,1,01003,27
139000,1,1,01202,59
171000,1,1,00902,173
136600,3,3,00501,130
48400,2,2,01300,308
68000,2,2,00803,65
59000,2,5,01002,76
117200,3,2,01105,43
60000,1,1,00902,129
106000,3,2,00504,41
71600,0,2,01202,116
58300,1,2,00504,44
19400,0,2,00400,73
136400,1,1,00507,88
88600,1,2,00902,164
137500,1,1,01104,53
23000,2,2,01003,97
10700,0,1,00801,296
36600,4,4,00301,44
78100,3,2,01004,189
35000,1,1,01105,50
22960,1,1,01600,80
183400,2,2,00602,61
642450,3,4,01004,107
226000,2,3,01005,45
473900,3,4,00901,32
100000,1,1,01003,107
35000,1,1,00503,118
43000,1,1,00506,67
141000,3,2,00601,177
320000,5,5,00400,50
895000,2,4,01004,66
80000,3,3,00100,70
51880,1,1,00804,73
57000,1,1,00803,58
266000,2,2,01204,58
92000,2,2,00301,46
53200,3,2,01300,87
250000,1,1,01103,155
65600,2,2,01300,65
25270,1,1,01600,254
13000,1,1,01005,46
174000,2,2,00200,56
49000,1,2,00700,126
197390,4,3,01105,50
99600,1,2,01103,91
14000,1,1,00805,151
141000,2,3,00100,61
115000,4,5,01107,92
141000,1,4,00902,114
1007000,3,5,01203,39
22200,1,1,00506,38
91400,2,4,01300,29
50000,1,1,00302,326
94900,1,2,00601,128
38400,1,3,00504,75
104000,1,1,01300,84
20000,1,1,01107,45
75800,1,1,01600,134
105000,1,1,00602,50
75000,1,1,01203,81
46100,3,2,00302,79
156000,1,1,00502,218
56000,2,3,00506,51
19650,2,2,01600,99
330380,3,4,01007,49
64800,4,1,00200,53
85700,2,2,01004,105
1200,0,3,01005,102
47000,1,3,00801,203
217700,2,2,01006,96
592400,2,3,01500,145
59300,2,2,01104,29
57200,3,6,00700,188
140000,1,1,01101,102
114200,2,2,00301,51
51200,3,2,00200,62
206000,3,3,00400,49
117200,3,4,00801,30
55000,1,2,00506,93
19000,1,3,00801,51
64000,1,1,00805,48
100000,1,1,01006,55
442000,2,2,01001,58
126000,2,4,00602,189
3300,1,3,01600,111
269000,2,2,01600,73
187000,5,4,01201,474
206400,2,5,01105,47
386750,4,3,00504,47
156000,2,2,00802,43
20700,1,1,01204,90
98000,3,3,00301,162
132610,6,6,00601,98
204000,2,2,01600,81
181600,1,2,00301,62
90000,1,1,00400,139
270300,2,3,01003,56
164000,2,4,00804,103
249460,2,3,01004,12
57800,2,2,01007,159
461100,3,2,00501,34
158500,2,2,00901,106
545600,1,1,00902,36
78004,2,5,01201,65
177000,2,4,01003,83
63000,1,2,00802,31
296800,2,3,00901,136
110000,1,1,00805,54
430300,3,4,01004,40
235000,2,5,00901,103
161000,1,3,01003,46
30000,3,1,00507,123
5000,1,2,01102,117
40000,1,1,01005,58
260000,2,4,01003,55
59000,1,1,01300,139
98000,1,1,01106,108
130070,1,1,00400,58
186000,2,2,01001,81
110000,3,3,00400,64
25300,1,2,01004,93
43500,1,1,01004,56
80000,0,7,01400,228
256000,2,3,01007,57
168600,2,2,00802,89
42000,1,1,00700,68
120000,2,4,01003,59
50100,3,4,01007,52
61600,1,3,01004,62
30000,4,4,00801,149
37000,1,1,01102,214
90000,4,3,01300,12
120000,2,2,00802,37
142600,2,5,01204,77
128000,1,1,01004,101
117700,2,2,01204,56
37000,3,4,01004,90
119000,2,2,01002,62
168130,2,2,00200,49
84200,1,1,00504,41
112000,1,1,01004,53
3000,1,1,00902,73
87800,2,3,01103,30
281700,4,5,00901,179
79400,0,2,00805,46
210000,2,2,01300,36
154900,2,2,01002,97
18800,1,2,01007,161
74000,2,2,01001,95
36220,4,4,01103,11
676000,2,2,01204,67
117400,2,2,01203,88
600,2,7,01104,108
287000,2,5,01004,60
175050,2,2,01201,526
297200,2,4,01500,216
14300,1,1,01400,117
19000,1,1,01005,190
86500,1,5,01006,85
120000,2,4,01001,83
151000,3,2,01300,100
39500,1,2,00805,47
103000,3,3,00505,67
6800,1,1,01300,39
100000,6,3,01202,76
117500,2,1,01106,39
14200,2,1,01006,46
109000,2,5,01003,123
64000,0,4,01300,70
229200,2,3,00601,49
182000,2,3,00501,107
338500,3,8,00200,58
112700,2,2,00302,139
130300,1,4,00100,36
126000,2,2,01300,22
153900,1,2,01003,61
56600,3,2,01500,326
172900,1,1,01102,136
258500,4,5,01106,56
1059000,2,2,00802,97
180000,2,2,01101,22
158000,1,1,01103,50
20000,1,3,00501,167
160700,2,2,01002,100
90000,1,1,00902,78
34100,2,2,00100,27
58700,2,2,00803,65
379000,1,2,00804,62
43000,1,5,00802,389
36200,2,3,01203,251
114710,2,2,01203,51
59800,1,1,00805,126
71000,3,4,01102,94
115000,2,5,01001,48
297000,3,4,01105,69
13900,0,1,00301,30
211000,1,2,01105,98
139030,3,2,01102,271
187810,5,4,01101,27
37420,1,1,01300,12
38500,1,1,01400,49
220200,3,6,01101,86
138700,1,3,01007,67
170800,3,3,00505,113
156800,3,3,01005,86
586000,4,4,00501,71
84200,2,2,00503,162
197000,2,4,01600,59
19900,1,1,01300,9
144600,1,2,00803,180
200400,4,2,01500,58
220000,2,2,01400,51
131800,4,5,00505,76
192000,4,5,01600,66
270000,3,2,01203,62
51000,2,2,00502,126
15100,3,7,01400,91
120000,2,2,00902,52
240200,3,2,01005,62
20000,0,1,00802,34
90320,2,2,00801,51
100000,0,2,01201,230
162000,3,3,01500,57
119900,3,7,01101,202
106600,3,2,01106,51
235800,3,5,00301,68
40000,1,3,01007,147
149540,2,3,01006,55
79180,2,2,00503,56
58300,3,4,01203,396
284000,5,5,00901,45
100500,2,2,00301,32
6500,1,1,01003,57
12000,1,1,01103,57
120000,2,3,01202,79
254200,4,4,01105,67
1712000,4,3,01001,97
231000,3,3,01003,58
130500,6,4,00100,90
87000,2,2,01005,64
83000,0,1,01201,36
301030,3,6,00902,63
88800,2,2,01002,173
208000,3,3,00507,74
89000,1,2,00602,142
144000,2,5,01202,212
100000,1,2,01007,96
144000,2,3,01102,99
194120,4,2,00301,56
1431000,2,3,00901,268
150000,5,4,00501,68
128000,0,3,01003,50
45000,0,1,00100,508
73990,3,1,00601,88
261300,3,2,01003,50
228300,2,2,01107,118
103000,2,3,01006,53
77000,1,1,00505,50
8400,3,6,01500,56
65000,3,3,01300,13
130000,2,1,01107,37
63000,1,1,00802,272
77000,1,1,00200,130
52100,3,5,01102,180
87800,3,3,00601,90
85000,2,2,00100,19
206300,2,3,01005,110
69200,1,2,00902,51
6700,0,1,01300,97
126900,2,2,00504,58
222400,2,3,01300,33
124600,3,3,00200,54
27800,1,2,00100,327
12100,1,1,00805,75
100000,3,2,00501,311
156000,4,3,01400,88
13100,0,1,00804,287
70000,1,3,01104,78
198970,2,2,01001,77
275500,2,2,01006,48
79400,1,1,01104,51
119600,3,2,00301,36
2100,1,1,01104,32
15500,2,2,00802,63
85000,1,1,01003,46
36000,3,5,00801,243
359300,0,4,01400,77
78040,1,1,01201,51
159900,5,4,00400,160
216750,2,3,01005,175
53900,1,1,01400,89
200000,2,4,01105,175
172800,3,3,01107,93
428200,3,4,01004,86
298600,1,1,01400,92
85800,3,2,00400,45
183000,1,2,00200,37
65000,2,4,00601,79
228000,3,4,00901,92
52740,1,3,01105,67
69600,2,2,01105,238
190000,1,1,01201,52
203400,1,2,01103,38
94700,2,2,00400,102
221000,4,4,01203,85
39800,1,1,00602,137
30800,0,1,01300,219
150000,0,2,00804,94
52000,1,1,01103,196
370300,1,2,01001,95
43500,1,1,00503,34
51500,1,1,01300,35
122000,1,1,01500,131
83500,2,4,01102,82
52000,2,2,00804,179
86300,1,3,00507,64
288000,2,4,01003,79
364600,3,5,01004,60
66400,2,3,01202,53
59000,2,2,00504,165
105100,3,5,00505,134
40430,1,7,00805,192
64000,1,1,00100,38
111000,2,2,00506,248
42800,2,1,00505,70
87000,1,1,01202,135
166100,2,7,01005,44
136000,2,2,00400,33
50000,1,1,00200,50
137900,3,2,01106,14
116000,4,3,00602,117
107050,3,6,00602,91
471400,3,4,01004,50
310000,3,6,01005,92
138000,4,4,00504,40
245000,2,4,00902,70
10600,1,1,01105,81
155000,1,2,01201,155
98000,2,2,00805,56
50300,2,2,00400,48
86200,1,1,00502,94
91000,2,1,00803,242
28000,1,1,00100,76
71400,2,2,00602,43
578000,4,4,01004,51
68200,2,5,00801,196
25000,0,1,00502,338
355600,2,3,00400,54
244100,1,1,01004,77
24200,1,4,01204,214
24000,1,1,01101,172
224000,3,5,00601,38
16800,2,2,00502,110
25000,1,6,00804,92
42900,1,1,00301,17
263000,2,4,01001,52
165100,3,4,00804,41
48200,1,2,01107,67
32000,2,1,00505,102
89490,1,1,00805,38
16000,0,1,01300,33
81440,1,1,01105,71
31500,1,1,00301,87
33000,1,1,01204,63
33600,4,2,00100,12
116000,1,1,00902,67
83540,1,1,01105,45
147800,2,5,01203,113
95000,3,2,00700,86
428000,1,4,01004,193
28700,3,2,00700,79
43500,2,2,00100,61
120000,3,3,00602,50
52800,2,3,00301,122
80000,3,1,01300,134
53500,1,1,01007,43
8100,1,1,01103,92
112200,2,2,00501,50
250700,2,5,00506,62
361000,2,2,01004,57
60000,2,2,01300,23
12090,1,1,00400,90
92000,5,5,01101,46
543400,2,4,01003,67
53000,2,2,00804,105
235000,3,4,01600,74
27700,1,1,01106,47
439100,6,3,01005,91
20000,1,1,00803,35
109000,3,3,01202,62
67000,2,2,00805,65
157200,2,4,01103,62
116600,3,3,00503,392
15800,0,1,00301,187
41600,1,1,00801,71
299800,2,6,00400,51
320000,1,2,00801,76
42000,1,1,01007,71
356000,2,3,00400,156
49000,2,2,00602,59
20000,1,4,00505,56
227000,2,6,00901,135
78390,2,1,01001,36
92100,2,3,00700,92
53000,1,4,01102,49
48800,1,1,00802,40
39500,0,1,01105,68
55504,0,3,00801,163
164000,2,2,01102,74
97700,1,2,01202,284
90600,2,2,00503,51
933200,2,2,00501,49
3300,0,1,00801,360
43500,1,2,00400,67
15800,1,4,00902,295
494090,2,2,00100,44
45400,1,3,00200,268
26400,1,1,00502,75
763500,2,2,00901,54
155100,1,2,01201,94
80000,0,2,01004,20
300000,1,4,01004,12
32000,1,1,01201,309
5000,1,1,00503,40
115000,2,2,01105,34
214000,2,2,01201,156
162500,4,6,01101,32
20000,0,4,01001,288
55800,1,1,00506,55
73000,1,1,01005,43
15500,1,1,00400,55
170000,3,4,01107,276
52600,0,1,00802,147
5900,1,1,00804,111
128090,2,2,00902,58
119600,3,2,00100,58
9500,0,1,00100,42
62000,1,1,00805,55
15000,1,1,01107,152
81100,2,3,00100,71
120000,4,3,00601,133
70200,1,2,00700,311
24000,2,2,00506,188
95900,4,3,00400,83
128400,2,4,01107,61
138200,3,2,00901,73
52500,1,1,00601,50
212600,3,3,01300,47
68900,2,2,01300,88
16000,1,1,01201,190
191000,3,2,01004,50
71600,3,4,00601,33
237000,6,9,01106,67
163700,2,2,01204,50
130000,2,2,01104,330
89000,1,1,00400,188
289000,4,5,01007,51
38000,1,1,01003,48
78000,1,1,00301,18
164000,3,4,01201,47
90000,1,2,00504,128
142700,2,2,01400,42
14300,1,1,01104,79
439000,3,3,00501,91
51500,2,2,01400,49
10600,0,1,01202,93
49900,1,1,00805,57
23100,1,1,00503,39
127000,3,3,01006,91
108000,3,3,00505,97
98000,2,3,00302,44
624100,2,2,01005,11
46550,1,2,00803,162
138500,1,1,01004,52
78000,1,1,00302,24
148000,1,1,01004,70
19500,1,1,01204,100
192000,2,5,00301,25
73100,2,4,01600,73
143000,1,1,01107,158
233000,3,3,01500,43
111900,2,2,01006,82
890,0,1,00802,118
36800,0,2,00804,107
135000,2,2,00805,114
236000,4,3,01002,90
24000,1,1,00504,184
53930,3,4,00602,179
130000,1,1,01101,64
194000,2,2,01001,60
209000,2,4,01006,54
111100,1,1,00302,126
197700,2,2,00504,33
207000,3,3,00601,121
70600,2,4,00802,91
150450,5,5,01300,29
119500,3,3,01104,76
182000,2,2,00503,111
172400,2,3,00503,90
163000,3,3,00805,192
103700,2,3,01107,85
7500,0,3,01103,225
90000,2,2,00602,76
80000,2,1,01103,130
380000,3,4,01004,66
357800,4,4,01001,51
10000,0,3,00200,438
196000,1,2,01004,31
40000,1,1,01002,110
109000,2,2,00803,250
224120,2,2,00504,62
86900,2,2,00505,54
180000,2,3,01600,234
131200,2,3,00700,91
101100,1,2,01001,104
92000,2,3,01103,74
143000,3,3,01204,99
95000,2,1,01400,126
166000,2,1,00902,73
84400,1,1,01203,77
125000,1,1,01107,52
33300,1,1,00200,87
52000,3,2,00301,56
250000,4,2,01106,88
36000,0,1,00506,187
18000,2,2,00200,87
106500,2,3,00601,80
108600,2,5,00503,70
253000,3,3,01102,129
15910,0,1,01104,94
323200,4,3,01400,52
99000,2,3,01202,156
266020,0,4,00805,74
65500,2,2,00301,50
210060,2,3,00902,65
251000,4,2,00400,61
1215900,4,3,00302,50
51500,3,2,00700,61
43200,1,1,00504,66
80000,2,2,01101,40
10500,1,2,00602,55
192000,2,5,00601,156
280900,2,3,01001,59
45600,1,1,00602,113
41500,3,3,01400,18
48000,5,7,00801,311
25000,2,6,00805,54
53200,1,1,00301,56
71700,3,2,00400,132
171600,2,2,01204,126
428000,0,1,01300,89
308500,2,2,01204,97
121000,1,3,00301,168
126000,2,2,01004,85
159500,3,3,01500,146
147000,2,4,01004,46
187900,3,4,00400,51
45000,1,1,00507,157
139000,2,2,01001,188
42200,1,2,00506,88
40000,1,2,01103,190
213800,2,6,00503,47
7300,3,2,00100,51
152000,2,3,01103,61
27200,3,3,00601,48
14000,2,1,00100,12
240500,2,3,01500,185
67200,2,2,01300,50
301800,2,2,00902,65
74000,2,3,01202,83
163000,3,4,00301,35
293100,2,2,00902,122
232500,2,3,00501,131
80000,3,3,01002,77
100000,1,1,01600,129
112000,3,2,00507,81
118900,2,5,00901,83
263100,5,4,00601,53
11500,0,1,01003,53
149850,2,2,01006,118
168000,2,3,01106,94
184600,1,2,01300,63
238700,2,2,01003,67
110300,1,1,01201,45
200000,2,2,01500,99
264000,1,3,01004,56
140700,2,2,01500,128
62800,2,2,00100,28
57000,1,1,01103,48
12000,0,1,01107,124
119000,2,2,01202,59
126800,1,1,00504,181
100500,2,2,00602,440
140000,1,2,00802,63
126000,3,2,00601,172
140010,2,6,00902,34
19200,0,1,01300,16
146500,3,2,00602,69
75000,1,1,01003,54
70000,1,1,01300,68
133000,1,2,01004,92
12500,0,1,00801,223
1750,1,1,00502,99
75000,2,2,00804,315
250020,1,2,01003,53
45000,2,2,01202,86
55000,2,5,00504,75
221900,2,2,01600,313
180000,4,4,00400,325
31700,1,1,01500,66
159000,1,1,01203,95
10100,1,1,00503,288
89000,1,1,01201,151
9200,1,1,00700,20
147100,4,4,00302,99
171600,2,2,01006,58
64000,1,1,00302,40
128900,2,3,01007,76
33000,1,2,00805,60
91000,1,1,01204,61
277000,2,5,01003,47
681200,3,3,01105,58
130000,2,2,01203,103
9500,0,1,01003,157
198090,4,2,01202,62
167000,3,4,01105,28
53000,1,1,00302,56
16230,0,1,00504,75
161000,4,3,01001,8
74800,2,6,01003,90
12100,2,2,01003,57
40000,1,2,01104,112
1500,1,2,00801,252
32400,0,2,01104,84
342000,2,6,00901,69
130000,1,2,01004,58
41700,2,2,00504,47
724250,5,5,00302,34
68700,1,1,01007,42
11200,0,1,00100,46
5400,0,2,00803,96
291500,5,5,01300,80
72000,2,2,00200,61
100800,2,5,00200,87
119200,6,4,01107,168
80300,3,3,01300,50
152500,1,2,01003,256
38000,1,1,00100,35
75500,1,1,00100,68
227600,1,2,01500,113
60000,1,4,00503,43
145700,2,2,00502,72
19500,0,1,01600,70
181000,2,3,01002,109
82400,2,3,00803,113
101700,2,2,01201,109
20,1,1,00302,79
261000,2,2,01005,61
107400,2,2,00503,77
95000,1,1,01103,50
56000,4,5,00507,176
688000,2,5,00400,141
213700,2,5,01006,105
28800,2,1,01300,31
392000,3,5,00504,69
24030,1,3,00901,122
70000,1,1,01107,87
189350,3,5,01600,133
578000,1,1,01102,143
246200,1,1,01004,207
340000,4,2,01600,63
78950,3,2,01202,151
11600,0,1,01300,73
152300,2,2,00503,49
162000,2,2,00302,115
270000,2,3,01004,90
158110,5,4,01201,320
25000,1,1,01101,35
14470,1,1,00400,43
137000,4,3,01300,48
91000,2,1,01300,62
9000,1,1,00902,244
36000,2,2,01107,36
107300,3,3,01106,43
108620,2,2,00601,41
102000,2,2,00503,73
27500,1,1,01103,38
130000,1,2,00506,176
1200,1,1,01007,321
16900,2,2,01106,44
97200,2,2,01103,176
150000,2,2,01300,11
13600,1,1,01300,19
65000,2,2,01202,419
103100,1,1,01204,93
61500,2,2,01201,30
86000,1,2,01105,51
256600,2,3,00902,94
145000,1,1,01101,71
160000,5,2,00200,86
744000,3,3,01003,51
54000,1,2,01105,211
247000,3,2,01106,105
20400,0,2,01104,91
10300,1,1,00802,118
190210,2,2,01004,51
140000,2,4,00504,57
88800,2,2,00501,79
85800,2,2,01203,100
132000,3,3,00902,114
84000,2,3,00200,265
107300,3,4,00602,75
150000,1,1,00902,306
94000,2,4,01201,455
16400,2,2,01300,74
200000,2,2,00804,173
188000,4,3,01003,49
26000,1,1,00805,109
207000,0,3,01003,49
63900,2,1,01300,99
194500,2,2,01600,54
14000,0,1,00506,88
72000,1,1,01202,62
14300,2,2,01204,114
340000,2,4,00902,71
170500,3,3,00802,51
112900,3,2,01103,20
132000,3,3,01107,84
104000,1,1,01004,119
20000,0,1,00802,19
200000,2,2,00503,91
100400,1,1,01600,47
198000,2,2,01003,63
33900,2,2,00301,78
107000,2,5,00302,72
57400,1,1,00505,123
48000,2,2,00100,231
87190,3,3,00805,76
257800,4,3,00502,108
129400,4,4,01300,25
83600,0,1,01204,106
140000,1,4,00301,220
12000,1,1,01105,45
67230,2,2,00805,27
69800,3,2,00501,75
103600,3,2,01204,112
86400,2,2,01202,118
391600,2,2,01004,29
72300,1,1,01104,79
81000,1,3,01001,70
112200,1,2,01002,74
40900,1,1,00507,95
80450,3,5,01201,139
9000,1,1,00803,156
360000,3,2,01007,89
156120,1,2,00503,87
109000,1,1,01001,60
67000,0,1,00100,47
110000,1,1,01203,120
350000,2,2,01106,54
53000,1,1,01104,24
134000,2,2,01105,70
108000,5,4,00501,68
155600,1,4,00602,135
148000,1,5,01105,77
127000,2,2,01102,69
27100,1,1,00302,84
25200,1,1,01002,48
140000,2,1,00901,50
64800,0,2,00802,84
69000,1,1,00902,243
300000,3,2,00902,96
7000,0,1,00803,51
112000,1,2,00400,120
9600,1,1,00100,42
4800,2,1,01105,54
35100,3,5,01102,61
116000,1,1,00902,97
84500,1,1,00400,62
91000,1,1,01102,273
14200,1,1,01102,69
111700,2,2,01600,76
271300,2,2,00504,145
73130,2,2,01105,38
47550,2,2,00100,49
24800,3,3,01400,73
103200,1,2,01202,58
14400,3,4,01400,99
170800,2,2,00802,66
65000,2,4,01600,88
57200,0,2,00804,141
93300,3,8,01005,52
40980,2,2,01202,98
160000,1,3,00901,50
93400,2,4,01006,170
70300,1,1,01105,144
296000,1,1,00602,74
159500,2,2,01004,61
198000,2,4,00503,202
67440,2,2,01500,83
207000,2,2,00805,89
98000,2,4,01106,109
177000,4,4,01500,88
6200,0,1,00505,45
357000,1,1,01004,58
87700,3,3,01400,89
118500,3,3,01204,55
247900,6,6,01101,175
315000,3,4,01006,60
225000,2,4,00501,108
37400,0,2,01007,198
181000,2,2,01600,112
134700,2,2,01300,62
79000,1,1,01201,88
117000,5,4,01001,47
93600,2,2,01004,78
58000,1,4,00505,286
237400,3,5,01101,490
229100,1,1,00506,28
4400,2,1,01105,136
29700,2,2,01202,54
116000,2,2,00805,63
125000,2,2,00301,70
828000,2,4,00503,48
65000,0,1,00502,124
194000,3,2,00501,31
326000,3,4,01600,179
131000,2,2,01106,250
196000,2,3,00301,56
30701,3,2,01300,38
10800,2,2,00902,362
230800,1,2,01001,237
10400,1,3,00801,102
141000,2,3,00602,58
21000,2,1,01102,69
117600,3,2,00302,99
95000,1,1,01300,52
74900,1,2,00902,84
194100,0,3,00901,130
147000,2,2,01300,141
136000,3,4,01400,27
57000,2,2,00100,55
229000,4,3,00400,52
53000,1,1,01201,117
54600,0,4,01003,94
9000,1,1,00804,249
57000,4,2,00400,51
231000,3,2,01203,79
75000,1,1,00602,173
153800,2,3,00302,103
22700,1,2,01300,35
68540,2,2,00700,80
215000,1,1,01300,53
50000,1,3,00506,73
54500,2,1,01500,253
12440,1,3,01102,72
165180,3,6,01103,94
663000,2,4,01003,64
137900,2,4,00503,59
139800,2,5,00400,12
50000,5,3,01204,90
85200,2,5,01002,104
61000,0,1,01004,104
50000,1,1,00100,65
109120,3,3,00506,152
25000,1,1,00504,131
78000,2,1,01300,83
235000,1,4,01103,35
250000,2,4,00804,72
85400,3,2,01204,117
128000,4,4,01003,139
17400,1,3,01007,77
228400,2,2,00302,47
9800,1,1,01102,355
100000,2,2,00506,61
117000,2,3,00301,56
227600,4,3,01202,88
233000,3,3,01400,91
528000,2,4,01001,91
6000,1,1,00200,207
285000,1,7,00804,42
48000,1,1,01203,204
97100,3,3,00502,160
189000,2,2,00601,84
24700,1,2,01400,152
80000,3,2,00301,73
79000,2,2,00301,62
125000,2,4,01006,69
312600,3,4,00902,50
65000,2,1,01104,371
110000,1,3,00504,183
195000,2,4,00301,21
75000,1,1,01106,60
170000,3,2,00501,316
94000,2,2,00501,36
62000,0,1,00901,273
115800,2,2,00301,26
131000,2,3,01300,54
128000,2,2,00400,56
105200,3,3,00601,32
4200,2,1,01203,72
22900,1,3,01007,149
620,1,2,01600,123
91000,3,3,01300,34
220000,1,1,01007,28
69760,2,3,00803,618
114800,2,2,01001,57
33600,2,2,00601,75
88200,2,2,01400,56
15000,0,2,01101,52
76000,2,2,01105,59
253500,3,3,01007,52
84100,2,2,00400,45
118000,1,2,01007,139
106000,2,5,01006,47
62500,2,2,00503,52
68000,0,1,00804,75
558000,2,1,00400,61
211000,1,3,00902,122
19100,0,1,01003,267
89400,2,4,00302,201
114000,3,1,01201,47
14500,2,2,00803,125
196500,2,2,01104,61
104610,1,3,01005,115
158500,0,2,01006,50
56000,4,2,01106,103
130000,2,5,01300,14
355550,4,4,01006,64
282300,4,4,01203,95
32000,2,2,00503,89
26700,1,1,00100,13
175080,3,4,00901,93
18500,1,2,00200,32
80000,3,2,01500,77
40000,2,8,00507,66
182900,2,6,01500,302
713800,2,2,01004,56
77840,2,3,00507,42
3000,0,1,01104,192
728000,3,4,00901,90
24000,1,1,00601,28
69600,1,1,01300,113
220400,4,3,01500,150
405000,2,4,01203,60
127200,0,3,01203,105
241000,4,3,00400,48
57800,1,1,01203,93
94000,2,3,00301,36
95200,2,2,01105,47
162600,1,2,01204,123
27900,2,2,00301,53
102000,1,4,00503,90
362000,1,1,00901,98
124700,4,8,00400,340
224800,2,5,01004,47
50000,1,7,00801,174
340000,3,5,01004,34
12000,0,1,00802,117
98200,3,5,01500,38
70000,1,1,00805,31
742000,2,2,01004,97
133000,1,1,01002,76
567000,2,6,00901,90
94000,2,2,00902,93
40000,3,4,00901,87
90100,2,2,01105,69
125000,3,3,00601,184
628000,3,3,01105,241
2500,3,1,00902,65
140000,4,6,00804,78
86100,2,2,00507,39
225000,2,2,01102,85
148000,2,3,01107,71
30100,1,1,00301,33
62700,1,2,01103,48
11440,3,3,01600,76
232200,2,4,01201,62
219400,3,5,00507,108
158800,3,7,00602,220
79600,1,2,01101,59
30000,2,5,00902,98
60000,1,1,00503,105
132620,1,1,00501,33
115800,2,2,00601,87
91300,2,3,00301,87
193600,4,4,01105,66
147330,1,2,00301,51
78000,2,2,01001,81
254800,3,4,01004,267
126000,0,3,00100,36
129000,1,1,00504,40
638000,2,2,00501,37
128030,1,2,01003,56
84000,1,1,01600,131
136600,2,2,00400,61
115000,2,3,00200,76
162000,2,2,01600,158
4200,2,3,00507,107
49600,2,2,01300,37
26130,1,1,00902,120
135000,1,1,00902,97
110100,2,2,00400,49
115000,2,4,01107,220
188400,3,4,01105,59
111690,2,2,00301,20
61000,1,1,00801,310
91700,1,3,01004,163
21400,1,1,01107,76
90000,2,3,00801,116
357000,3,2,00200,170
6300,1,1,01001,59
190000,2,2,00805,67
241000,2,2,00804,54
12050,2,1,00504,56
156000,1,1,01105,65
138000,2,3,00504,54
134800,3,2,00700,156
104000,2,3,01106,135
313600,2,2,00501,87
73000,2,1,01500,277
187100,3,2,00301,30
82500,2,3,01102,48
50400,1,1,01500,96
221790,5,5,00601,38
876000,3,3,01300,74
85000,2,5,01102,34
313000,2,7,01102,62
4500,0,1,00805,63
75300,3,2,00506,66
200500,1,2,01300,63
25000,2,1,01500,175
254000,2,2,00804,93
15600,1,2,01002,107
233000,2,2,00400,66
71000,2,2,00803,158
135000,1,1,00400,60
67000,2,2,00504,791
47000,2,4,00100,108
24600,0,1,00602,39
140000,2,2,00803,132
132000,2,9,01101,118
148200,2,2,00503,33
42000,2,2,00503,50
18000,2,1,00100,148
132200,4,7,01107,108
140600,2,5,01004,88
36600,2,2,00804,57
42000,1,3,00602,125
30040,1,1,01003,118
44900,2,4,01600,109
60800,0,2,01106,109
126620,2,2,00301,17
76500,3,4,01400,96
106000,1,2,00802,44
56000,2,2,01004,60
38000,2,2,01300,93
220000,2,6,01001,83
345000,3,5,00301,70
150000,2,4,01203,241
3250,2,2,00504,58
45200,4,2,01400,116
98600,3,2,00503,87
268600,3,5,00902,110
30200,0,2,01101,226
8000,1,1,01203,54
140040,2,1,01107,25
207000,2,4,01500,180
126500,3,2,01104,118
98000,2,2,01007,27
56000,1,2,00902,125
48000,1,2,01003,45
25600,2,2,01004,78
25000,1,1,00803,237
171000,2,2,00601,31
63100,4,2,00506,39
330000,2,4,01005,60
78300,2,2,01203,30
57700,2,2,00100,18
25000,3,2,00302,89
61600,0,1,01104,60
109500,1,2,01007,94
58000,2,2,00301,70
38600,1,1,00803,151
153000,1,4,01004,52
74000,2,4,01300,116
50000,3,2,00700,192
28200,2,1,01203,84
93150,2,2,01007,65
50000,1,1,01107,414
72000,2,2,01201,62
11500,0,1,01004,65
302000,2,2,01007,71
150000,1,3,01105,55
116300,1,2,01104,51
47900,2,2,00100,31
115200,2,1,00901,95
45000,1,3,01400,68
76000,0,1,01103,69
68000,2,1,01104,71
217000,2,2,00505,114
80410,1,11,01202,278
416600,3,3,00902,71
94200,2,2,01400,51
25300,0,4,01104,90
18600,1,1,01005,89
247000,2,3,00302,59
205600,2,4,00200,40
345000,3,9,00802,49
83500,1,4,00100,64
64000,1,1,00504,75
101000,2,2,00601,92
156900,2,2,01101,67
92300,2,2,00200,19
41500,0,1,01203,112
243500,2,2,01007,101
138900,2,4,00301,9
157430,3,4,00301,63
237400,2,2,00901,82
80000,3,2,00503,57
80000,2,2,00801,150
180000,3,3,01600,68
36000,2,2,00602,120
217100,4,3,00302,31
46000,1,1,01007,60
36000,1,1,00200,53
19500,1,1,01101,184
1400,0,1,00502,44
101900,2,2,01004,59
121000,2,4,01300,49
218080,2,3,01005,98
128000,2,3,01105,53
64300,2,6,00506,86
212000,4,4,01600,331
116800,6,3,01600,74
9500,0,4,00804,181
155000,1,2,00801,45
6100,1,1,01400,77
90000,3,3,00301,30
5100,2,1,00301,69
252000,2,3,01500,122
4300,1,1,01400,54
143770,3,3,01101,33
100000,2,2,01107,237
480000,2,4,00804,33
270400,2,4,00804,39
116000,3,3,01600,154
16000,1,1,00301,24
70000,1,4,01103,120
41500,2,2,01106,86
157400,3,8,01006,152
82760,1,1,01001,62
91000,1,1,01003,55
50000,2,1,00400,42
32000,0,1,01101,296
34600,1,1,00200,53
68800,1,3,00502,134
90000,2,3,01104,34
51600,1,2,00804,37
703000,3,2,01102,67
121000,1,2,01007,80
55200,3,4,00200,297
130000,4,4,01005,49
95000,1,1,01102,154
139000,2,2,01300,104
77500,3,2,01203,88
148300,2,2,00602,64
94500,3,2,00100,35
158000,2,4,00505,80
364600,1,4,01005,69
34000,0,1,01107,215
36000,2,2,00100,304
159140,4,6,01103,38
10500,2,3,01003,51
29000,2,2,01400,144
246000,3,5,00501,54
120000,1,2,01003,92
88260,4,8,00502,88
120000,2,1,00301,68
75000,0,1,00805,85
111800,2,2,01300,48
41000,1,1,01103,58
66500,2,6,01005,253
160500,1,1,01004,16
160420,5,4,00400,150
135000,2,4,01006,52
178000,2,6,01006,83
157500,2,4,01104,94
120250,2,3,00902,130
18300,1,3,01300,155
228000,3,2,01004,94
55000,1,1,00805,148
166000,2,4,00501,97
185000,2,2,01003,52
878000,2,4,01004,270
115000,1,1,01107,115
96300,1,1,00902,97
428000,0,1,00100,15
103000,4,4,01005,58
60000,1,2,00501,77
31800,2,1,00505,21
144000,2,3,01002,140
8900,1,1,00700,52
130000,3,2,01500,90
195000,3,2,01102,127
51000,2,2,00901,140
91000,2,2,00200,119
100190,2,2,01005,46
107540,1,1,01003,64
42000,1,1,00803,60
115300,2,3,01600,74
70800,2,2,00803,66
39000,0,1,01103,45
40000,1,2,00501,46
51000,1,2,01004,66
25000,1,1,00502,85
598000,2,4,01004,129
220000,2,5,01203,101
140000,2,4,00602,73
49300,1,2,00506,69
152000,3,2,01004,100
49000,2,2,01102,94
41850,1,1,00801,75
59900,2,2,01400,88
480000,2,2,00801,79
428000,2,2,01004,56
175000,2,2,01300,63
658000,2,3,01003,55
193000,2,2,01006,48
15000,2,1,00200,45
58000,1,1,01300,44
130000,3,2,01300,75
60000,1,8,01101,43
48200,1,1,00805,52
32000,1,1,01004,69
86800,3,3,01400,75
199500,2,2,00302,126
133200,2,4,00803,50
25000,2,5,00400,462
89000,2,5,01005,46
178000,1,4,00803,28
23000,2,1,00507,182
1500,1,1,00100,10
173500,5,3,00601,92
19200,1,2,00805,74
111130,1,3,00502,117
243500,3,3,01007,51
35000,2,2,01001,97
205000,2,5,01005,91
685000,3,4,01004,57
10200,0,1,00100,210
72000,1,1,01001,52
10160,1,1,00802,94
114500,3,3,00200,63
70350,2,1,01300,62
130000,3,3,01202,175
220200,2,6,00507,54
7900,0,1,00100,74
182400,3,2,01002,63
219100,3,2,00901,377
128000,2,2,00503,49
203260,2,4,01001,51
131500,2,5,01201,103
190000,2,4,01201,61
166700,1,2,01202,56
39400,3,3,00804,59
73000,1,2,01101,42
119000,1,3,01103,191
67900,3,4,01107,81
310000,2,6,01007,59
303600,2,2,01102,50
360000,2,4,00805,71
240000,2,4,01004,47
100000,1,1,01107,599
136930,1,2,01102,61
305000,2,2,01600,116
45000,2,2,01105,205
96900,2,4,00200,66
1600,3,5,01102,225
60000,2,5,01101,126
23500,1,1,01006,103
20000,0,6,01500,96
153800,2,4,01300,33
50800,3,5,01103,59
140000,2,2,00804,48
52000,1,1,00802,73
40000,1,1,00601,45
14000,1,1,01202,102
50300,3,5,00503,55
168000,3,5,00400,69
5420,2,2,00803,45
145000,1,1,01104,52
64000,3,5,00302,56
36700,2,2,00100,14
53600,1,2,01003,67
174000,3,7,01600,185
172500,2,5,00302,28
240200,2,2,00200,55
10400,1,1,01004,53
5400,1,1,00501,34
126500,2,2,01400,33
64000,4,2,00601,35
82600,2,2,00504,375
18100,1,1,00400,111
90000,2,2,01400,79
66000,2,1,00506,37
111900,2,4,01005,153
603600,2,5,01001,55
203500,2,2,01300,32
15600,1,1,01104,61
64000,3,2,01203,297
266100,2,4,01004,52
84500,2,3,01107,130
48700,2,2,01300,41
156000,2,2,00505,80
423000,4,4,01003,50
52000,0,2,01104,186
204380,2,2,01004,42
168000,1,2,00700,154
69360,1,3,00804,55
82010,2,2,01101,91
18000,1,1,00803,189
56000,2,2,00100,34
130000,2,3,00802,80
129000,2,5,01600,54
93000,1,1,00400,123
28800,1,4,00805,61
59800,3,2,01104,73
35000,1,1,00602,87
148000,2,3,00302,95
86250,2,1,00100,153
68900,1,3,01103,80
117100,2,3,01102,63
145000,2,4,00400,73
286000,2,2,01105,51
277800,3,2,00302,41
59600,2,2,00801,80
14000,0,1,00100,38
75600,3,2,01300,11
1400,1,1,00400,102
462800,2,2,01204,123
10000,2,2,01102,54
470000,2,2,01004,41
109500,3,3,01201,129
36800,3,2,01004,94
43120,0,1,00501,59
61000,1,1,00302,158
55000,2,1,00804,769
27600,1,1,00506,264
209000,2,2,00803,53
410000,3,2,01004,52
103700,1,2,01001,84
171400,2,2,01002,69
69000,3,3,00700,156
75000,2,2,00805,34
189520,4,4,00601,147
35500,1,4,00302,189
65150,1,1,00804,105
120000,2,1,01004,84
19000,1,1,00503,47
24000,2,3,01002,87
109400,3,3,00700,69
141000,2,2,00200,83
48000,1,1,01203,46
119400,2,3,00504,37
10700,0,1,01003,268
678000,2,3,01004,58
139000,2,2,00700,68
1670000,2,2,01004,56
129200,3,3,00100,86
435000,1,3,00504,204
202100,5,8,01005,31
52340,2,2,01101,24
128900,1,3,01107,158
137000,2,4,01105,70
21000,1,2,00804,84
45000,3,2,01102,37
130000,1,1,01004,99
222800,3,3,01600,115
320000,2,2,00100,180
72000,1,1,00507,101
20000,1,2,00801,170
68000,2,3,01103,45
185000,2,3,01005,43
13000,1,1,00504,97
98400,2,2,00504,82
82800,2,7,00801,100
90000,0,2,00802,85
46900,0,1,01300,110
53600,1,2,01400,25
59900,2,2,01300,23
391000,4,4,01106,85
8700,0,1,00802,140
188100,5,4,01300,59
185840,1,4,00502,84
139700,3,3,01002,72
6000,1,1,00507,108
87300,2,2,01102,67
32900,1,2,00200,72
26400,2,2,01202,55
128000,1,2,01106,163
252500,2,2,01204,88
180000,1,2,01201,75
218600,2,4,01004,108
198900,3,4,00601,32
155000,4,4,00301,73
280000,4,4,00805,40
214100,2,2,00302,50
119520,3,4,00301,87
100020,2,2,00302,79
111000,0,4,01006,90
80800,3,5,00506,106
187800,1,1,00505,46
163400,3,3,00507,85
153000,2,4,01500,111
222000,3,5,01104,218
54800,3,7,00803,93
167400,4,4,00200,270
180000,3,3,00700,47
263000,5,2,01105,119
44500,1,2,00503,57
59800,3,4,00400,55
302500,3,3,01106,198
60000,1,1,01102,264
100400,2,3,01101,107
70000,1,2,01202,55
100000,3,6,01107,283
434800,2,4,00504,70
83600,2,2,01300,48
186000,3,5,01105,56
7200,0,1,00507,139
39600,1,1,01106,80
50000,0,3,00100,91
27000,1,1,00602,63
180000,2,3,00302,59
285000,2,4,01103,66
91600,2,2,00502,113
191800,2,6,01104,71
34700,1,1,01103,34
113900,2,2,01300,186
1200,1,1,01007,107
197630,1,1,01103,30
86300,2,3,00804,134
135000,2,2,01005,42
187000,2,2,01500,150
15600,1,2,01003,50
131000,3,3,00502,266
150000,2,2,01300,38
271000,5,3,00602,55
207600,2,5,01102,139
291000,2,4,01004,53
74000,0,4,00505,136
290000,2,2,01004,49
95810,2,2,00504,111
381000,3,4,01005,55
210000,2,3,01101,77
8400,2,1,00504,61
14000,1,3,01005,235
127300,1,2,01004,52
27000,0,1,01202,14
41250,1,2,00902,45
80900,2,3,01201,89
175000,2,2,00805,34
280030,2,3,01202,57
20000,1,3,00802,253
79800,0,1,01103,44
93100,1,2,01102,91
193000,2,2,01500,64
90000,1,1,00504,61
143000,2,2,00804,51
49000,1,1,00804,88
45000,1,1,00804,135
32400,3,5,01005,43
145000,2,2,01106,58
149450,3,3,01005,49
10340,1,3,00503,516
32000,2,2,01004,97
175000,4,4,01500,133
19400,1,3,00200,199
40260,2,3,01300,19
85500,2,3,01005,73
244900,2,2,00400,92
24000,1,1,00504,102
344000,3,4,01500,80
23900,2,3,00200,67
12000,1,1,01102,57
96700,5,5,01600,111
171000,2,3,00507,103
167700,2,2,00507,169
32000,1,1,00504,334
113000,0,4,01003,84
39000,1,4,01104,154
43000,2,2,00301,56
224020,5,5,00400,128
135000,4,2,00502,51
93000,2,2,00802,158
169500,4,3,01105,449
608600,4,4,01300,151
66200,1,1,00901,123
10000,0,1,00803,130
630500,3,2,00302,55
73000,2,2,01400,74
60000,1,1,01007,70
37000,2,3,01107,94
54000,1,1,00503,159
80000,1,2,01107,59
100000,1,1,01001,41
235400,2,2,00507,130
35000,1,2,01003,66
46000,3,2,00301,60
122900,3,2,01105,46
482100,4,5,00501,93
62020,1,1,00902,51
150000,1,1,00804,455
182100,2,2,01203,51
155000,3,2,00505,116
415000,2,3,01005,45
66300,0,2,01006,72
16800,1,1,00503,107
89400,1,2,01007,29
100000,3,2,00400,66
82000,2,1,00901,255
228000,2,3,00901,99
175800,2,2,01006,61
120000,5,3,00200,65
268300,2,3,01105,67
209000,2,2,01201,65
219600,1,3,01003,43
245000,3,3,01201,61
25400,1,4,01300,111
229600,2,2,00901,108
262500,3,3,00804,42
50000,1,1,00602,77
150400,1,1,00301,65
39300,3,4,00700,214
106000,2,1,01500,79
186000,1,5,01007,47
41600,1,1,01106,77
56700,1,1,01007,217
161000,2,4,01006,60
45500,1,2,00506,65
17200,0,1,00802,34
187000,5,3,00506,62
260000,2,3,00301,119
17000,0,1,00100,126
38000,1,1,01204,61
88000,1,2,00801,172
101000,1,1,01105,55
436080,2,2,01004,20
52000,2,1,01400,148
168000,3,4,00302,101
100000,2,1,01106,67
58400,2,5,00700,79
468000,1,2,01004,55
200000,3,3,01204,342
129250,1,2,01007,89
456000,2,2,00400,88
6200,0,1,00502,96
49000,1,1,00601,35
169380,2,2,01004,50
772000,6,4,00901,155
31600,2,2,00506,33
12000,0,1,01004,122
95000,2,3,00602,94
198000,2,2,00507,107
116800,2,2,01006,140
123200,1,6,01007,66
40000,2,1,00503,391
34000,2,2,01001,98
111000,3,3,00602,184
44800,1,3,00803,34
616000,2,3,00507,139
175000,2,3,00901,56
143000,3,2,01400,42
91000,2,3,01201,98
93200,2,2,00902,62
46600,1,1,01106,103
39600,0,1,00804,26
41300,3,3,00803,80
30000,1,1,01005,103
184000,2,5,01003,48
345000,2,3,01500,58
65300,2,2,01500,101
89600,2,2,00503,49
42200,2,3,01300,11
345000,2,5,01004,103
52000,0,3,00805,91
37000,3,1,00505,36
200000,2,2,01002,212
82500,2,2,01203,189
24000,0,1,00602,47
179000,2,6,01002,70
224000,3,2,00200,39
117000,1,1,00802,92
124500,1,1,01102,75
37800,0,1,00506,166
106000,2,3,00502,214
611170,3,3,01002,61
50600,1,2,00506,80
190000,4,4,01106,52
110000,2,1,00602,100
174600,3,3,01201,143
211000,3,3,01600,99
279800,1,1,01004,38
251600,1,1,01300,146
127700,3,4,01201,23
62300,1,1,01102,81
90000,1,1,00902,96
304000,2,3,01105,15
587000,2,2,00802,319
841000,4,7,01300,74
8990,1,1,01105,55
237600,2,4,00902,72
48000,1,1,00100,38
54100,1,1,01005,60
61000,2,1,00801,65
76780,2,2,00100,55
120000,1,1,01007,100
92020,2,3,00503,70
34500,1,1,00301,53
126300,1,5,01007,134
36400,1,6,00507,297
30000,2,1,01104,158
275000,2,4,01001,93
44500,2,2,00503,37
205000,2,4,00601,45
135000,4,8,00803,148
48200,1,3,00700,105
21000,1,2,00503,355
34900,1,1,00804,33
10000,0,1,00802,110
173000,3,2,00502,109
44300,0,5,00501,107
23000,1,3,01300,95
90600,1,1,01201,86
172000,1,1,00302,45
44900,2,2,01400,17
111600,2,2,01002,83
216000,1,4,00503,302
650000,2,2,01004,44
72400,2,2,01204,53
42600,0,1,00503,33
115100,2,2,01003,57
80000,1,1,00502,43
138000,4,4,01300,64
157500,2,8,01300,66
10200,1,2,00502,297
97900,2,2,00602,125
150000,2,2,00802,55
52000,1,1,00700,43
4,1,1,01500,379
72600,1,2,00301,94
40800,0,1,01001,117
105400,1,2,00805,100
185500,2,2,01103,34
200000,2,2,00501,68
550000,2,2,01001,99
33000,2,3,01500,48
16500,1,1,00505,54
27200,1,1,01300,41
165000,3,3,01102,111
55000,1,1,00804,96
8300,1,1,00700,22
460800,0,6,01102,63
45000,0,1,00503,257
80000,1,2,00804,25
35400,1,2,01201,84
212000,2,2,01003,46
40000,4,1,01400,31
18000,2,4,00602,41
86000,1,3,00801,154
144150,2,5,01005,29
25400,5,3,01201,50
2100,1,2,00503,100
26800,1,1,01003,319
165130,2,2,00700,51
112000,2,2,00302,55
120000,2,2,01106,58
215000,4,2,01300,50
150100,2,2,01004,59
10000,1,1,00700,142
178300,2,3,00802,38
55070,2,2,00200,85
27500,2,2,01300,67
88740,2,2,00601,52
185050,2,1,01004,105
135000,3,2,01104,104
71000,1,1,01004,111
180350,3,5,00302,73
42500,1,1,00504,60
33500,1,1,01400,56
1296000,6,4,01300,27
15600,2,1,00100,37
28000,1,1,00506,121
74000,1,2,00200,109
33000,1,1,01204,92
28000,0,5,00200,154
4600,0,5,01107,127
43000,1,2,01400,39
67000,3,2,01500,102
165300,2,2,01300,91
83000,2,2,01500,43
4000,0,1,01500,73
14060,1,1,00100,46
107000,2,2,01107,78
54200,1,1,01400,102
67600,0,1,00503,48
285100,2,2,01001,96
90100,2,6,01201,118
14200,1,2,00902,57
55000,1,1,00805,40
89000,2,2,01003,71
151700,3,5,01003,46
85000,4,2,01004,23
16200,0,1,00507,56
60800,3,2,01106,76
490,1,3,00804,258
114000,2,2,01201,130
22000,4,1,01300,50
11500,2,2,00301,47
41600,2,3,00100,71
100000,1,1,01204,60
156660,2,4,01203,163
170000,2,2,01400,125
241000,3,4,01004,82
147000,0,2,01300,105
32000,3,2,01300,69
186400,2,3,01201,106
40700,2,2,01500,161
236000,1,1,00507,133
151300,2,2,00902,113
130600,2,2,00805,42
159000,1,2,00803,254
260000,3,3,00400,65
185000,6,5,00301,52
276000,3,2,00400,56
140100,2,6,01105,40
14500,0,1,01400,275
75000,1,1,01002,312
167000,2,2,01001,47
336000,2,2,00902,37
157000,2,3,01102,225
317700,2,2,01300,36
67600,1,2,00200,51
213000,2,3,00902,58
239000,2,6,01105,130
104000,4,3,00200,100
110100,1,3,00506,78
46000,1,2,00505,82
269000,1,1,01201,145
43100,1,1,01103,187
32000,0,1,00804,392
88000,1,3,00700,51
196000,3,4,01105,64
377300,5,4,01005,62
188000,1,2,00901,97
102900,4,5,00601,60
39100,1,2,00302,68
128420,1,3,00802,93
118000,2,3,01201,70
61000,2,4,01001,79
156700,4,3,00302,57
168080,2,2,01107,57
139500,2,1,00501,113
56860,1,1,00507,86
104000,2,2,01202,80
39400,2,6,00100,317
74100,0,2,00502,87
11000,3,2,00400,77
22500,2,4,00804,78
214000,4,5,01300,75
60000,1,1,01007,271
35000,3,1,00501,75
55000,1,1,01300,35
59500,3,4,01203,220
92000,2,3,00804,52
53300,2,2,00302,121
70600,1,2,00601,57
181500,3,3,01001,95
64000,2,2,01201,57
3760,0,2,00801,364
140400,2,2,00301,55
211000,2,2,01004,90
75800,2,2,01007,151
279000,2,2,00501,46
23000,1,1,01201,45
179000,2,2,00301,35
19500,1,2,01600,44
190300,4,5,00501,70
124000,2,2,00503,52
222000,3,5,01202,73
327000,3,2,01106,40
104100,2,2,00302,56
99000,4,4,01500,177
59000,2,3,01102,65
121000,2,3,00506,96
132500,3,3,01204,63
213500,2,3,01104,59
166000,2,2,00503,40
63600,0,1,00301,53
58000,2,1,01600,366
3900,1,1,01003,247
115000,1,3,01005,88
90000,2,3,01600,114
95000,2,3,01007,187
41500,2,6,00504,37
242100,2,2,01002,34
5600,1,2,00302,98
123000,1,1,01103,8
51100,2,2,01300,52
71600,2,2,01007,126
21000,0,3,00505,250
34000,1,2,01005,80
35000,1,1,00302,30
248300,6,5,00901,57
190000,3,3,00700,129
200000,1,1,01004,53
258100,4,3,01600,99
75000,1,1,01002,83
226600,2,2,00100,45
105600,2,2,00602,128
64000,1,4,00902,65
37290,2,1,01104,77
372400,2,2,01001,38
120950,1,2,01105,160
41300,1,1,01003,49
48400,2,2,00200,84
100000,3,3,00602,94
45000,2,2,01201,160
158000,3,2,01201,86
307200,5,4,00400,52
40950,1,2,00200,22
164000,1,1,00804,87
51000,1,1,00502,143
139700,2,2,00901,108
310000,3,4,00901,42
127400,3,4,00901,95
113600,1,1,00901,92
234000,2,2,00804,214
2000,0,1,00801,258
35200,1,2,01600,68
93000,4,2,01106,58
231700,2,3,00301,167
175000,1,3,01107,57
160000,2,3,00505,118
181400,5,4,00200,91
187000,2,1,01107,139
93100,1,6,01105,71
77000,2,2,00503,52
76640,2,2,00802,94
110000,1,1,00802,62
22000,1,1,00602,129
65000,2,1,00601,57
64700,1,1,01105,78
135300,2,2,01203,88
108380,2,2,01400,123
35500,1,1,00200,50
374000,2,2,00901,42
53000,3,2,00601,77
129100,3,1,01600,74
42700,2,4,01006,73
375640,2,3,01004,19
153000,2,2,01600,52
196200,4,2,00301,158
658000,3,4,00902,60
54700,2,4,01300,39
68000,1,1,01400,142
446000,3,5,01004,94
155000,3,2,00601,101
29500,1,1,01107,161
413000,1,1,01600,62
149000,3,6,00301,65
401600,3,2,00902,60
65200,2,2,00100,60
41000,2,6,01001,97
10400,2,2,01600,65
48600,1,2,00802,55
15000,0,1,01107,378
208000,2,2,01500,67
1500,1,1,01300,39
32490,1,1,01004,55
21000,0,2,00200,54
135000,1,1,01105,146
107000,4,3,01001,61
99000,1,3,01007,165
21600,0,1,00100,101
176200,3,2,00902,64
27010,3,1,00400,204
180020,2,2,00400,49
271400,4,7,00400,94
148200,3,4,01001,100
105000,2,3,00700,49
28900,0,1,00801,70
21600,2,2,00301,140
232000,3,4,00901,53
102980,2,2,00506,54
36200,1,2,00700,45
113900,2,2,01105,62
46000,2,1,01500,36
82700,2,2,01300,38
5400,1,1,01003,261
183400,2,2,00501,42
10200,0,1,01104,143
57550,1,1,00301,46
138250,2,3,01105,55
85410,2,2,00803,59
180000,1,1,01004,81
145000,3,2,01300,47
182100,2,5,01103,51
158670,3,3,00301,60
80100,2,1,01107,74
47300,2,4,01005,226
171300,2,2,00507,57
178000,2,3,01204,98
102900,1,2,00803,88
50000,2,5,01106,124
195220,5,7,01300,72
51940,1,6,01104,173
182000,2,4,01300,94
110600,2,2,01202,92
129500,5,2,01300,8
26600,1,4,00506,339
207000,2,2,01201,80
42000,1,2,01004,92
156500,3,9,01005,52
29000,3,5,00801,86
210800,3,4,01002,112
73200,2,2,00100,222
80000,2,3,00100,47
32000,1,1,01102,59
178500,3,3,01107,74
34000,0,1,01400,144
43500,1,4,01204,117
87800,1,1,00507,132
87400,0,5,00301,48
150000,3,1,01202,300
237200,2,2,00901,101
122000,2,1,01203,93
118000,1,1,00804,104
110000,2,1,01107,578
242100,3,3,01500,113
148000,2,2,00400,59
146000,5,5,01201,112
80000,1,1,01004,95
77000,1,1,00805,112
93700,4,3,00301,31
93000,2,4,00100,60
65000,1,2,00504,96
28500,2,3,01002,164
185500,3,4,00400,116
38600,1,1,01101,26
341100,3,6,01001,35
139000,3,5,01300,64
122400,5,9,01005,196
3100,0,1,01500,91
138800,2,4,00301,92
46800,2,2,01004,84
76800,1,1,00902,166
234000,5,2,00501,44
170900,1,2,00803,56
144200,2,2,01202,67
154000,3,2,00400,65
80000,2,5,01103,96
90000,2,4,00804,81
39900,1,1,00504,55
110000,3,4,01006,116
219000,2,5,01001,61
578000,1,1,00804,137
285000,1,3,01003,55
120000,2,2,01500,121
177000,3,3,00507,84
170,1,1,01007,85
101600,3,3,00805,54
70000,2,1,00601,48
25200,1,3,00602,157
297000,1,3,01204,69
177300,1,3,00801,64
204200,4,3,01204,88
9500,1,1,00200,131
52000,1,1,01101,58
110000,0,3,01003,92
195000,5,4,00804,45
69900,1,1,00200,69
9300,0,1,00602,41
9700,1,1,00502,83
122100,3,3,01001,30
51000,2,1,00802,32
120000,2,3,00601,55
145600,1,1,01400,39
120000,2,2,01104,78
220000,0,1,00804,266
58000,1,6,01202,51
82000,2,2,00901,114
121000,2,4,01001,49
3500,2,1,00601,62
6800,0,1,00805,133
118700,4,6,00805,61
156100,2,2,01004,103
24500,0,1,00802,60
17000,1,1,00805,119
72800,2,2,00901,109
147000,2,3,01003,64
21900,2,2,01104,86
578000,2,5,00501,98
80000,1,1,01004,56
101600,1,1,01004,115
111000,2,2,00200,85
137500,2,3,00507,105
155350,2,4,00902,53
129800,1,3,01007,209
173000,1,6,01101,230
66600,2,2,00803,250
64310,3,2,01106,57
140000,2,2,00802,53
76000,1,1,00505,71
98800,3,2,00501,66
15800,1,4,01107,58
245000,1,3,01004,54
234600,4,4,01006,49
51300,0,2,00801,44
527000,3,2,00400,61
60000,2,2,00601,29
45000,1,2,01201,127
283200,4,7,01001,94
167000,5,2,01203,99
123900,4,3,00400,53
18000,1,1,01103,34
100000,2,4,00902,71
77500,1,1,01001,12
225000,4,5,01500,65
24000,1,4,00805,160
130400,5,6,01106,175
52600,2,2,00100,60
32810,1,2,01300,52
130000,2,3,01201,159
80200,2,1,01007,47
600,1,1,01003,35
208600,1,3,01106,107
134200,1,2,01001,237
57100,2,3,01102,425
118000,3,4,00801,68
191260,2,2,01003,33
24280,1,4,01002,86
694000,4,6,01105,294
99000,1,1,01105,72
89000,1,1,00302,50
102000,1,1,00801,99
100000,2,5,01006,75
121000,2,2,00502,183
192000,4,4,00700,86
2000,1,1,01400,186
285000,3,2,01500,110
67000,0,1,01004,130
9800,0,1,00801,96
215000,2,2,00802,55
65500,2,3,00803,133
21000,2,1,01106,54
230600,2,2,01004,63
162100,1,1,01002,46
31400,2,2,00601,56
91000,3,3,01104,56
155000,2,3,01204,66
56900,0,1,01107,290
42000,3,3,01101,78
728000,2,2,01106,40
280000,3,4,01007,86
33000,1,1,01300,113
218000,1,3,01007,101
11770,0,3,00805,164
338100,2,5,01004,65
344000,3,3,01102,55
84700,1,2,00805,33
120900,2,5,00502,70
139000,2,2,00901,129
74000,1,1,00601,53
68000,1,1,00602,62
94700,2,3,00502,142
140000,2,4,01001,236
60000,1,1,01400,95
20200,4,3,01107,100
82000,3,3,01500,85
35510,1,2,00100,93
167400,2,2,00901,66
30630,2,1,00700,56
462000,3,4,00501,70
55010,0,1,00502,43
190000,3,4,01201,71
60000,1,1,00505,91
64000,2,3,00700,149
14390,3,1,01104,241
29000,1,1,00502,198
260000,2,2,00901,42
121800,4,3,00301,175
210000,5,2,00902,38
120000,2,2,01300,17
41700,2,1,00200,70
95000,2,2,00100,25
116600,3,4,01002,144
40000,1,1,00506,30
3990,0,1,00506,221
90000,1,1,00902,35
74200,3,3,00601,46
136000,2,2,01500,229
8000,2,2,01500,136
170000,2,2,01001,156
207000,2,3,01202,78
362000,2,3,01007,44
178380,2,2,00804,61
52600,2,3,00700,100
30000,3,3,00601,116
111000,1,1,01202,145
122000,2,3,01500,75
103800,3,4,01500,165
500000,2,4,01004,51
72000,4,4,01203,100
19500,1,1,00507,78
261210,4,4,01103,42
55000,3,2,01400,53
40000,1,1,00801,183
221300,4,3,01203,51
124000,2,4,00505,86
73500,2,1,01102,58
111000,2,3,01003,28
60500,2,2,00503,185
185000,2,2,01204,63
330100,3,5,01004,56
35800,1,1,00400,54
274050,2,4,00901,70
198800,2,2,01107,16
13000,1,3,01300,146
288500,3,4,00902,110
104000,2,3,01300,71
1006000,2,1,01001,60
29420,1,1,01005,119
49000,2,4,00902,75
185000,2,2,01106,94
88700,1,4,00505,119
60500,0,3,01007,147
147000,2,2,00504,76
54000,1,1,00400,181
28300,1,2,00804,40
139200,2,2,01001,161
112700,2,4,01203,185
369000,2,2,00902,115
120000,2,2,00504,66
12100,0,1,01300,69
101000,3,6,00400,75
230000,2,2,01006,102
205000,2,2,00504,20
150000,2,1,01107,56
117000,2,3,00400,47
8800,1,1,00200,157
22500,1,1,00803,82
46000,1,2,01005,106
68000,1,1,00506,154
45000,1,1,00302,112
161000,2,3,01002,107
45000,2,1,01300,76
279600,3,4,01007,46
166800,2,2,01004,56
242000,6,7,01300,34
81800,1,2,00504,208
175250,2,2,00501,59
180000,3,4,00400,64
167000,2,2,01102,122
153700,2,2,00803,31
100000,0,4,00504,60
75000,2,3,00200,126
170000,2,2,01203,82
40000,1,5,00902,283
124000,3,3,01101,217
26000,1,3,00801,116
50900,1,2,00602,257
72000,1,1,00804,41
36800,2,2,00803,96
335000,2,3,00100,58
263000,2,4,01300,52
2200,0,1,00803,47
120180,3,3,01105,115
116000,2,4,00200,86
16800,1,1,00100,48
119900,1,2,00700,72
59900,2,2,01400,55
16000,1,1,00505,89
19200,1,2,01106,73
200000,2,3,01500,92
115000,1,1,00804,195
196600,2,2,01400,147
143000,2,2,00301,21
24400,0,5,00804,195
105900,1,6,00802,65
313000,2,2,01003,58
120000,1,2,01007,64
151700,2,8,00602,73
210000,3,7,00400,122
124400,2,3,00902,61
22000,0,1,00802,185
42000,3,3,01007,78
81000,4,2,00100,39
95000,1,2,01104,101
70000,2,4,00100,25
45000,1,1,01105,238
77000,2,2,01107,103
144000,3,3,01300,60
72300,1,1,00503,64
170660,4,4,00100,52
81000,2,3,00507,138
136800,4,3,01400,27
81000,1,3,01106,163
30000,1,1,00100,70
10900,1,1,01003,149
223000,2,2,01007,59
30000,1,1,01004,113
61900,2,2,01201,90
169500,2,5,01204,124
209000,2,2,00804,165
71000,1,1,01107,87
228900,3,2,01500,50
290000,6,2,00100,35
157000,3,5,01103,50
80000,3,2,00700,102
90000,2,2,00602,180
24000,2,2,01203,45
172600,3,4,01104,77
100000,1,1,01004,381
190000,2,4,00507,69
46800,1,1,00100,34
30100,1,1,00504,46
279000,3,2,01006,138
131300,1,5,01007,117
85600,2,4,01600,163
14400,1,1,00506,52
108000,2,2,00200,64
101300,1,4,01107,68
68200,1,1,01300,63
124000,3,2,01106,54
145000,3,2,00700,575
82400,4,3,00301,378
60000,2,2,01006,60
41000,2,2,00801,35
110000,2,2,00505,177
220020,4,2,00501,97
72200,4,4,01201,48
9400,0,1,00700,21
117500,3,3,01203,123
164000,2,2,00804,32
95000,2,1,01600,100
110000,2,5,01006,97
56000,2,4,01500,119
12600,0,1,00100,39
35640,1,1,00507,33
13300,0,1,00602,35
296840,2,2,01003,58
24000,2,2,01400,37
121400,2,2,00804,46
1200,1,1,00804,189
47300,3,2,00803,32
150000,2,4,01004,124
138030,3,3,01002,56
54400,2,2,00805,98
19830,2,3,00803,139
31000,2,4,01500,99
36000,0,1,00602,48
80000,2,2,00804,85
135000,0,5,00801,138
823000,2,4,00301,99
174850,4,4,00400,60
49080,2,1,00501,104
26000,1,1,00802,72
88000,2,2,00802,38
196300,2,2,00902,36
130600,3,4,01104,71
60060,0,1,00601,51
70000,1,1,01105,90
748500,3,4,01005,11
66000,1,6,01103,179
13400,1,1,01105,82
29000,1,1,00700,109
73000,5,7,00507,236
110000,2,4,00602,85
6000,1,1,01300,14
42000,1,2,01106,32
257000,1,1,01201,81
56700,1,1,00504,43
233600,2,2,01201,84
402000,2,3,00602,66
110000,1,1,00804,62
80000,3,1,01204,95
1400,2,1,00200,105
46000,2,5,00504,93
95000,3,3,01001,159
50000,0,1,01101,96
91630,3,2,00700,92
180000,2,2,01203,101
173000,4,4,01001,118
100000,1,1,00501,43
186000,3,2,00302,97
85000,2,2,01202,130
139200,1,1,00301,35
33000,1,3,00504,39
190200,2,2,01004,21
150000,2,3,01007,170
149000,1,2,00804,54
155500,2,1,01201,442
38000,2,4,00100,77
80000,1,2,01104,135
129100,1,4,01104,206
13900,0,1,01400,53
73000,3,3,01006,333
42000,1,2,00502,173
15700,0,2,00803,114
179100,3,3,00805,197
48000,1,1,00100,34
19400,1,1,00802,38
81200,1,1,01004,107
49860,6,2,00301,24
34200,3,2,01005,54
133000,4,3,00100,22
71700,1,1,00503,39
18000,0,2,00804,44
135000,1,2,01600,428
199500,1,2,01004,159
153030,3,6,01105,218
40000,1,1,00805,105
30000,0,1,00802,179
142000,1,1,01106,78
189000,3,3,01300,14
224600,2,2,01003,84
101200,3,2,00504,46
89500,5,4,01101,151
80000,2,2,01003,80
107200,3,5,01002,108
116000,4,2,00302,36
121800,2,2,00501,50
70700,2,5,00601,504
69000,2,2,00505,179
20700,1,2,01106,163
21000,1,2,01007,151
120800,0,2,00802,76
227800,3,3,01102,67
185400,1,2,01006,219
4650,1,1,01300,116
82200,2,2,01005,53
84000,2,2,00902,149
12000,2,2,01400,47
222600,4,5,01500,102
57300,1,4,01106,60
19500,1,1,00505,123
81400,1,4,00301,127
93000,1,3,01003,59
10900,1,1,00602,137
16400,1,3,00504,161
78520,3,4,00400,77
700200,3,3,01004,22
25000,0,3,00804,42
79000,1,1,01300,25
20000,0,1,00804,62
95000,1,1,00802,80
104000,3,2,00804,85
145000,0,2,00805,27
64700,3,2,01201,145
31100,1,2,01005,108
139870,1,6,00302,281
253000,2,4,00503,48
25000,1,3,00805,226
155000,2,2,00504,104
60000,2,1,00700,119
56100,2,2,00503,84
137500,3,2,00400,66
55400,5,2,00700,105
130300,2,2,00700,82
32200,1,2,00502,130
87100,2,2,01004,14
6530,2,2,00400,55
145500,2,3,00503,67
111500,2,3,01500,390
179000,2,2,00506,403
63400,1,2,01003,78
66400,1,1,00802,35
98300,2,2,01400,53
195000,3,2,00506,80
24700,4,1,00506,91
65000,2,1,01204,118
61000,1,1,00902,67
26000,1,1,01400,33
4000,1,5,00700,344
217000,2,2,01103,45
158000,0,2,00100,56
628000,4,3,01001,97
80000,2,2,01106,40
29000,1,1,00801,63
19800,1,1,00902,101
71000,1,1,00802,81
78750,2,2,00400,50
119300,2,4,00100,186
56400,3,2,01201,133
36200,1,1,01203,86
66000,2,2,00902,98
92000,2,1,01003,48
22000,1,1,01007,50
578200,2,2,01004,58
96000,3,1,01500,110
126000,2,4,01002,406
79760,2,2,01007,52
30200,4,3,00302,43
10180,1,1,01107,411
95000,1,2,01203,68
41300,1,3,00503,127
387500,2,3,01001,66
133300,2,3,00700,140
64000,0,4,01204,467
67300,1,1,01003,103
87900,2,3,00801,63
672200,2,2,00801,76
77600,3,3,01600,130
14500,3,2,01600,100
150000,3,4,00302,32
148050,2,2,01107,75
200000,2,3,01103,145
135000,4,3,00601,85
80000,1,1,00902,118
23400,2,2,00502,73
52000,1,1,00505,86
102500,3,2,00802,79
11650,1,1,01300,78
53900,1,2,00805,273
80000,1,1,00803,72
182000,2,3,01004,49
276000,2,2,00301,59
152600,4,5,00302,234
34300,1,2,01003,75
36000,1,2,00602,191
108200,2,2,01103,78
128800,2,4,01003,50
60000,0,2,00602,65
44000,2,1,01202,66
207300,5,3,01400,53
43000,0,2,01007,143
198100,2,2,01106,71
209700,2,5,00502,108
210400,2,6,00302,59
52000,1,1,00302,101
39000,1,6,00804,94
99800,4,3,01300,15
148600,2,4,01202,68
90000,1,2,01005,33
202700,2,3,01500,29
242050,2,2,01002,96
210600,4,3,01400,228
9500,0,1,00802,84
110500,3,6,00504,48
127900,2,2,01104,84
223700,2,2,01600,159
73000,1,2,00507,77
175800,1,2,01103,61
36490,2,5,01203,133
120000,2,2,01107,32
290000,3,2,01204,157
24510,1,3,00301,54
130000,2,3,00602,111
43600,2,2,01104,70
128000,5,4,01600,104
149200,1,2,01004,75
30500,0,1,01300,47
221000,2,4,00302,82
24300,0,1,00804,72
50000,1,1,00100,48
110000,2,2,01204,286
67000,1,1,00805,60
50100,0,2,00503,69
44000,2,4,01203,99
150000,3,5,01006,143
150000,2,2,01107,76
236100,2,4,01001,152
117000,5,5,00302,164
3100,2,4,00503,93
2000,1,1,00504,58
139000,3,7,01106,95
120300,2,2,01106,50
95000,2,4,01600,66
142200,4,3,00400,49
353500,4,3,01600,78
72700,3,2,00100,30
49500,2,2,00301,96
55700,1,2,01104,44
23900,1,1,01300,20
31500,1,1,00302,339
30500,1,2,01003,37
45300,2,3,00602,160
240000,1,1,01003,35
211000,2,2,01105,54
90000,1,1,00504,185
87000,2,3,00902,43
33900,1,3,00801,90
20000,1,1,01400,39
23600,1,1,01300,43
375000,3,4,01201,255
139000,1,1,00805,186
25000,0,1,00803,560
88000,1,1,01600,99
39500,2,5,00100,124
19100,1,1,01201,59
77000,2,4,01001,86
114000,3,3,01600,106
25000,1,7,01003,218
149000,3,3,01004,62
76900,1,1,01002,59
214000,2,2,01201,68
34000,3,5,00400,82
60000,0,1,01002,111
124000,1,4,01204,59
24130,0,3,01104,104
330000,2,2,00901,59
63400,2,2,00805,99
39400,3,3,00505,62
42900,1,2,01300,34
96400,2,3,00504,143
87900,2,2,00302,57
40000,1,1,00503,56
207400,3,2,01106,56
84000,1,1,01400,199
63000,2,4,00503,73
312000,4,3,00902,121
186000,2,6,01105,120
200000,2,4,01300,167
78000,0,5,01202,114
4800,0,1,00302,73
181000,2,2,00502,47
178800,2,2,00802,79
120000,4,1,00301,34
122020,4,4,00100,127
22000,2,2,01202,301
48900,1,3,00601,59
67100,2,4,01102,107
106000,2,2,00602,65
75000,2,2,00200,120
105000,2,1,01400,9
71600,2,6,00302,303
71000,3,7,00200,85
120000,2,2,00400,61
65000,1,1,01105,52
98000,2,2,00400,77
168000,3,2,01103,70
160000,3,2,01600,108
214500,2,2,01105,39
138500,3,2,01300,58
86700,2,2,01204,112
170000,4,4,01106,70
265800,3,5,00506,113
140000,3,2,00901,69
3100,2,2,01400,136
71900,2,2,00902,91
206200,2,4,00901,84
2750,1,3,00505,101
25100,0,2,01003,93
42000,1,1,01400,68
10300,1,1,01101,57
256000,1,3,01004,53
230350,1,3,00601,61
170000,3,2,00301,61
23200,0,1,00803,70
14400,0,1,00802,85
105400,2,2,00301,62
92400,5,7,01107,33
148000,2,4,01003,52
29800,1,3,01400,113
33100,2,3,01105,48
10000,1,2,01201,23
9600,1,1,00302,45
147220,4,5,00504,31
120200,3,7,01101,224
251000,1,2,01107,268
60000,2,3,00700,96
1200,0,4,00801,41
166000,3,3,01003,57
42000,1,1,00504,61
47100,2,2,00502,64
45000,1,1,00803,83
101000,1,2,00902,50
285000,3,2,01204,120
120000,1,2,01003,197
26000,1,1,00805,73
65000,2,2,00503,95
125300,2,7,00803,98
165000,2,2,01400,42
20100,2,1,00802,31
137800,1,3,01103,74
82000,1,1,01300,22
260000,2,2,00504,39
226200,2,3,01001,98
136000,1,2,00503,104
125900,2,2,00901,41
139100,2,5,01500,21
91600,2,10,00602,54
253000,0,3,00301,20
12000,1,1,00504,88
88700,2,2,00501,38
124200,2,2,00902,52
205000,3,4,01002,141
128000,2,2,00504,93
83000,2,4,00805,224
157600,4,5,00301,248
85000,3,5,01004,71
62300,1,4,00700,53
106000,2,2,00901,122
185000,2,2,01204,300
98750,3,3,00902,66
76500,2,3,01107,50
145600,2,3,00802,93
50400,1,2,01500,112
300900,2,2,00601,43
228900,4,6,01203,113
174000,2,4,01203,65
112000,3,2,01004,83
49400,2,2,00502,77
169000,5,3,00301,11
72000,1,2,01204,138
664000,3,6,00400,32
92500,0,2,01107,98
583000,3,4,00501,80
14400,0,1,00802,54
19000,2,1,01400,54
313000,2,4,01004,11
36900,1,1,01500,57
159800,3,3,00901,145
115800,3,2,01001,110
20600,1,1,01203,91
232000,2,4,01007,111
70000,1,2,01202,168
204600,1,1,01006,47
32300,2,1,00601,33
378700,3,3,01001,50
246000,3,2,01204,241
79200,0,2,00504,252
15000,1,4,01007,79
75000,1,1,00505,372
105180,1,1,01500,257
585100,2,2,01003,53
55000,2,2,00506,67
46500,0,1,01103,56
106870,3,2,00200,11
230100,3,4,00400,165
30000,1,1,01101,101
250000,3,2,01107,64
324000,2,2,01002,65
181570,4,2,00301,31
356900,2,2,00301,95
24400,1,2,00506,85
120000,1,1,00302,60
132500,3,3,01201,85
68010,1,1,00503,48
164300,4,6,01001,61
21500,1,1,00505,99
179000,2,3,01500,58
29000,1,1,00400,187
136800,3,3,00200,108
208000,2,3,00901,89
120200,4,5,00503,31
92100,2,2,01001,84
56600,1,2,00801,71
350930,3,4,00901,88
215000,2,2,00901,116
120210,2,2,01101,42
265000,2,2,01002,201
766450,2,2,00501,56
36700,1,2,00504,61
34500,1,2,01500,137
23000,1,1,00507,64
212400,2,4,01004,55
738000,2,4,01003,52
64600,1,2,00501,53
195000,4,3,01105,243
17700,1,1,00502,96
139000,2,4,00901,60
65000,4,1,01107,45
53800,1,1,00506,59
173000,3,2,01400,57
219000,2,2,00601,133
183500,5,7,01204,92
192900,2,4,00901,89
100200,1,1,00804,37
252000,3,2,01203,30
84950,2,2,00301,9
133800,3,2,00100,250
51600,3,1,01300,156
27600,0,1,00601,141
53780,1,2,01300,168
215000,1,2,01004,39
219000,4,3,01500,103
202650,2,2,01105,79
223300,4,3,01106,49
10000,0,1,01101,80
32000,1,2,01102,114
13500,1,1,01002,280
46200,2,2,01203,311
65000,1,1,01007,73
48800,1,1,00200,55
688000,3,2,00501,153
22000,1,1,01005,99
65000,1,2,00902,134
211000,2,4,00507,121
85000,2,2,00506,72
140000,2,4,00504,62
75000,2,3,00400,111
228800,4,4,00502,97
275400,3,4,00400,58
43000,1,1,01102,88
125000,1,2,00700,107
189000,3,3,01500,104
81800,1,5,01002,122
79300,2,3,01204,88
116000,2,3,01500,115
22000,2,5,00601,133
64500,2,2,00503,50
268000,1,1,00902,33
17960,1,2,00804,74
102000,2,2,01104,113
265000,2,4,00902,89
243000,2,4,00301,23
43200,2,2,01001,94
187300,2,2,00902,167
114200,4,1,00100,95
187400,3,2,01500,126
650,0,1,00805,171
64000,2,1,00505,470
150000,2,2,01203,39
220000,2,3,01004,99
152000,2,3,00803,138
48000,1,5,00805,138
34100,0,2,00805,93
615800,2,3,00802,35
16200,0,1,01006,211
8600,0,2,00602,119
179200,3,5,01001,25
28200,2,2,00502,109
127630,2,2,01001,33
66000,1,2,00302,27
19600,1,1,00200,87
166000,4,4,00902,234
55000,2,1,01400,77
73000,4,4,01103,49
74870,1,4,01107,50
44600,2,2,00506,58
828000,2,5,00504,40
352500,2,4,01004,20
269000,2,4,01002,90
119900,1,3,01007,48
34000,1,1,01107,216
37500,1,3,00100,28
154100,2,2,01105,36
12000,1,1,01600,39
30200,1,1,01400,24
89100,3,2,01105,52
878070,2,3,01004,86
80030,1,1,00804,69
158400,3,5,01101,33
249000,2,3,01003,159
200800,2,5,01003,56
40000,2,4,01400,81
92400,1,1,00505,51
45000,2,4,01400,158
15000,2,1,01006,61
182000,2,5,01105,34
45400,1,3,01002,92
124000,3,2,00301,57
174000,2,2,01003,54
75000,1,1,01001,232
274000,3,5,01001,83
185800,3,2,00504,64
234590,2,3,01003,36
118000,1,1,01500,49
59000,1,2,00803,68
155000,4,3,01103,28
110100,2,3,00902,56
147400,2,2,01203,45
65100,1,4,01104,155
48000,1,1,01101,58
24000,1,1,01003,35
73000,3,3,01400,26
129300,2,2,01102,62
107000,2,2,00400,60
273350,2,4,00507,94
16400,1,1,00804,90
62000,3,3,00700,78
109800,3,2,00302,115
101700,0,2,00902,170
71000,1,1,01107,74
65000,1,1,00301,59
22000,1,1,01202,51
89000,1,6,01500,330
110000,2,2,01400,19
185100,2,4,01103,51
130000,2,3,01300,49
80200,1,1,01007,125
279000,2,4,01203,61
10000,0,1,01007,344
33000,2,1,01007,57
95000,3,2,01204,65
84000,3,2,00507,58
101000,4,6,00502,94
119500,3,2,01204,99
56700,1,1,00805,66
243500,2,4,01600,75
52650,1,1,00400,95
578000,3,3,00505,80
104000,2,3,00301,67
145000,2,2,00507,57
257700,2,5,01102,77
144000,2,2,01002,98
152400,3,4,00901,290
96700,2,2,00901,93
190200,1,2,00901,94
237000,2,4,01007,55
57000,2,4,00506,143
49930,3,2,01500,74
6000,1,3,00100,227
123000,2,2,01201,112
86000,1,1,00506,41
60000,1,1,00507,70
51000,2,2,01107,51
65000,1,1,00505,88
312000,3,2,00601,37
86000,3,2,00100,53
225000,2,2,00400,51
223700,3,4,01106,160
202000,2,2,00400,50
170640,1,3,00502,103
172000,2,4,00901,70
157600,4,2,00502,126
46000,1,1,00301,23
192880,2,2,00802,79
42000,1,4,00804,46
89600,2,3,00804,141
46880,1,2,00301,52
165000,2,1,01106,91
95000,1,1,00802,95
58600,1,1,00505,77
96200,4,3,00505,49
451000,2,4,01005,46
195000,2,4,00400,50
124100,2,2,01006,61
36000,1,1,00301,77
212000,1,2,00505,75
8200,2,3,00803,276
17720,0,2,00400,136
36604,1,2,00200,119
114000,1,6,01003,290
71700,1,1,00502,222
75000,1,1,00803,81
120000,2,2,00200,27
27000,3,2,01202,152
58000,1,1,01201,52
39200,1,2,00601,333
138000,1,1,01105,474
302000,2,3,01004,65
273650,2,2,00902,62
128000,1,2,01103,37
80700,1,3,01104,66
108000,2,2,01003,97
71000,1,1,00805,66
107500,0,1,00901,50
130000,2,2,00700,118
20490,0,3,01300,113
80000,2,5,00504,117
100000,4,4,01001,35
220000,2,4,01202,106
21700,0,1,01201,212
48000,3,2,00901,90
70000,2,1,00902,168
85020,2,2,01300,10
98000,1,1,01101,79
112000,3,3,01400,12
105000,1,1,01204,75
177000,2,3,00504,45
65100,2,2,01003,69
30000,3,4,00507,357
37400,2,3,00302,57
60000,1,1,01202,130
79800,2,2,00501,43
578000,2,5,01204,58
50000,3,2,00901,64
189600,2,2,01204,160
4850,1,2,01002,80
20000,1,1,00400,42
121930,2,2,01005,71
33280,0,1,01202,62
267500,2,2,01001,41
99000,3,2,01005,58
156000,2,5,01500,132
60000,2,4,01006,306
244500,2,3,00804,54
212000,3,3,00501,93
4,1,1,01005,563
125500,3,2,01004,65
100000,2,1,01102,70
90000,1,1,01005,73
68160,2,2,01202,58
110000,1,1,00901,87
165000,2,2,00400,47
24800,2,4,01300,25
104000,2,2,01003,125
21200,1,2,00802,71
178800,4,4,00301,131
20000,1,1,01107,78
650700,2,2,01300,9
57000,1,1,01202,99
64000,1,1,01201,254
493600,3,4,01203,195
200000,1,1,01201,54
157000,3,4,00901,39
135400,2,2,00501,68
219000,2,6,00601,84
167000,2,8,00601,71
152000,3,5,01105,209
244000,5,2,00501,43
818500,2,2,01001,65
673400,3,3,01001,57
170000,1,1,01005,51
283700,0,2,01006,78
166400,4,4,01400,105
27600,1,2,00200,93
7100,1,1,00804,111
165200,2,2,01006,60
57500,1,1,01500,183
35000,2,1,00501,89
294000,2,2,00902,113
123000,3,2,01500,108
27600,2,2,00504,38
137000,4,5,01300,13
46800,1,2,00200,18
36000,2,2,01300,93
183520,4,3,00400,118
66100,2,2,00601,32
37600,3,2,01600,41
38400,1,1,01202,97
45000,2,5,01500,373
6600,0,1,00505,26
76220,2,3,00505,50
250000,2,3,00805,58
90000,1,1,01107,177
167000,3,2,00601,39
111200,2,3,00302,94
42200,4,4,00902,125
20000,1,1,01107,54
253000,0,3,00501,156
92900,0,2,01104,99
257000,1,2,01003,90
156000,1,2,00301,43
72500,1,2,01002,203
285000,2,2,01203,95
136200,3,2,00100,48
58720,0,1,01004,60
1800,0,3,01201,128
197100,2,2,01400,113
20000,1,2,01004,337
70000,1,1,00804,80
102170,1,1,00803,66
8400,0,2,01004,158
83900,3,3,00601,48
903000,2,3,01005,13
124000,2,4,01600,52
142000,2,4,01500,141
123000,1,1,00400,70
248000,2,4,00601,36
70200,2,3,01202,66
101000,2,2,00805,69
12000,2,1,01300,74
284000,5,5,00602,105
82000,2,4,01002,174
104200,2,3,00302,77
115040,1,1,00502,112
151360,2,5,00902,36
602100,4,2,01005,41
179200,6,1,01300,75
64400,1,2,00803,142
13400,2,1,00505,62
80000,2,4,01006,124
168310,1,1,01204,112
3000,2,1,01104,159
155000,2,2,01105,174
1400,1,1,00100,52
58000,2,2,00506,74
136030,2,5,01202,65
6300,1,2,01400,40
65200,1,2,01003,259
32150,1,3,00302,64
210000,3,2,01001,51
60000,1,1,01300,32
231000,1,2,01004,48
157000,1,2,01201,276
37000,1,1,01500,77
638000,3,4,00501,59
339000,2,4,00400,70
69000,0,1,01107,292
230300,2,2,01007,50
179140,2,4,01202,100
210300,1,3,01003,102
23000,2,1,01002,127
70850,2,2,00803,38
120500,1,3,01201,141
245000,3,2,01300,49
89000,1,2,00504,34
20000,0,1,00506,30
73000,2,1,01003,89
200000,4,5,01001,35
179300,3,5,01400,132
65000,1,1,00302,69
30200,1,2,00804,342
178000,4,2,00700,93
1163500,4,3,00501,237
162020,2,2,00901,111
3700,0,1,01007,115
53800,2,2,01106,17
85900,1,1,01005,130
42420,2,2,00501,122
204500,3,3,00503,102
81000,1,1,01003,74
139500,2,2,00505,64
8700,5,1,01500,91
45330,2,2,00505,51
224000,3,3,00505,234
60000,1,2,01004,142
39200,1,1,00400,260
50000,2,4,01003,50
211000,2,2,00602,81
249000,2,2,01105,105
18500,0,1,00200,51
294500,2,2,00400,105
45000,1,6,00804,235
69800,2,2,00501,49
18080,2,1,01400,56
5000,0,1,00505,143
80850,2,2,00501,40
229000,2,2,00301,58
106000,1,1,01204,100
272000,3,3,00504,53
94600,4,2,01500,115
82000,1,2,01107,79
288700,0,4,01001,54
118000,2,2,01005,55
12500,1,1,01204,105
190000,2,2,01004,55
299000,5,5,01006,114
59500,2,6,00506,72
44000,2,2,00302,101
100000,2,1,01106,242
65000,1,1,00505,97
59000,1,1,01004,114
220000,2,3,00601,98
137700,2,2,01300,6
24200,3,2,00700,87
114300,3,2,00400,65
100000,2,3,01004,65
196500,4,5,01500,110
14100,1,3,01203,89
54340,1,1,01007,47
150000,2,3,00802,221
136800,2,2,00507,165
214000,2,2,01004,60
88200,2,4,00302,234
118100,4,2,01104,87
193700,2,2,00302,22
128000,1,1,01600,42
44600,1,3,01105,101
281800,1,1,00100,34
24000,1,1,01106,61
19800,0,2,00801,125
78500,3,3,01104,41
51300,1,1,01204,98
16500,1,1,00301,24
83000,1,1,01204,107
324000,3,3,01004,105
239000,3,2,00700,85
71000,1,1,00802,32
36500,2,4,01300,25
114300,2,2,00803,82
257000,2,2,01007,51
74000,4,4,01006,51
39000,1,3,00100,94
59600,1,2,00601,44
120000,2,4,01203,77
123200,2,2,00501,46
191400,2,2,01006,107
363200,3,5,00902,53
50400,1,2,00200,65
90000,3,4,01001,149
132000,3,2,00400,167
100000,1,1,01004,50
428000,2,4,01004,14
25000,1,1,01004,54
78530,1,2,01400,178
90000,3,5,01103,144
343300,2,2,00503,38
221400,4,3,01203,100
45000,1,1,00804,220
277500,1,1,01004,58
8000,1,1,00400,84
65500,1,1,00602,57
230000,2,2,00802,55
148730,2,2,00100,45
110000,3,2,00902,94
72100,2,2,01204,231
238000,3,3,00400,106
106000,2,6,00301,60
90000,1,5,01400,93
82000,2,2,01201,84
20000,1,2,00200,15
189000,4,3,01105,64
168100,3,3,00601,29
3000,1,1,01101,174
69000,2,5,01001,90
578000,2,4,01400,208
158000,1,1,01004,101
160000,2,1,01105,188
134000,3,4,00504,71
199000,2,4,01500,78
156000,0,1,01007,79
53000,1,1,00902,62
36800,3,2,01500,103
19200,0,1,00804,103
167800,2,1,01101,49
266000,1,1,01005,80
14500,0,1,00801,81
400000,2,5,01102,82
305000,3,4,01300,94
174500,5,6,01101,151
32000,1,2,00801,56
140,1,2,00804,134
128000,2,4,00902,96
66500,1,1,01004,97
108500,3,2,00507,32
53400,0,2,00801,150
643000,2,2,00902,63
175000,1,1,00805,226
48790,2,1,01107,88
53200,0,2,01105,88
277000,2,4,00902,180
60680,2,1,00507,36
122000,2,1,00200,60
95000,2,4,00302,158
309300,6,5,00302,87
128200,2,2,00502,222
487000,2,2,01004,11
64200,1,1,01004,106
70100,2,3,01300,22
231700,2,2,01001,50
46900,1,2,00700,71
50800,1,4,01106,69
62400,1,2,01201,84
183200,2,3,01600,197
9000,0,1,01400,78
78000,0,1,00503,79
145000,2,6,00802,61
10500,1,1,00802,26
40000,0,2,00507,150
123000,2,6,01105,110
100600,2,2,01005,120
131900,1,1,00901,88
103000,1,2,01103,19
127000,5,11,01103,137
7000,0,2,00802,129
144000,2,4,00601,64
53020,1,1,00507,74
18000,1,1,01600,126
218600,2,2,01204,52
100500,4,2,01400,96
97400,2,2,00601,35
23700,2,3,01002,51
417000,2,3,00100,101
50000,5,1,00400,218
53000,1,2,00602,52
80000,3,1,01300,156
134900,3,2,00200,19
136000,1,6,01003,104
42000,0,1,01103,177
11000,4,4,00601,64
75000,3,3,01201,54
27100,2,5,01007,79
55500,1,1,01500,102
12200,1,1,01105,50
116000,2,2,01600,186
639400,3,4,00100,73
70300,1,2,00602,128
90000,0,2,01103,70
102100,3,4,01400,45
46400,1,1,00504,46
115000,1,1,01201,67
39300,0,1,00805,71
43300,1,4,00901,130
57200,2,2,00302,31
102000,1,2,01400,216
165040,1,1,00700,101
100200,2,2,00501,50
128200,2,2,00505,43
229400,5,5,01500,79
180000,2,2,01500,268
162700,5,4,00700,77
60600,1,1,01001,93
129900,3,4,00400,72
80000,1,2,01002,38
187980,3,3,00400,55
75850,1,5,01203,69
4500,1,2,00502,105
240600,3,2,01004,107
210000,3,3,01001,186
139000,1,3,00805,35
110000,1,1,00805,85
154000,1,1,01106,63
31400,1,1,00100,15
182200,2,4,01107,55
73200,3,5,01107,49
22000,1,1,01002,105
272000,3,4,01106,32
10540,2,1,01300,18
158000,2,6,01201,104
91200,1,2,01001,82
69100,2,2,00200,64
61630,2,2,01005,46
143100,0,6,00803,114
65000,1,2,01201,127
26140,3,3,01006,78
199200,4,3,01105,75
105300,2,2,00302,31
45200,1,1,00302,92
137000,1,2,01600,70
70000,1,1,01300,61
80020,1,1,00804,76
72100,1,1,00602,130
120000,2,6,01004,93
53000,3,2,00602,65
230000,2,4,00805,90
20000,1,1,00504,62
10000,0,4,01002,214
70000,2,3,00200,129
21720,1,3,01103,67
319200,5,3,01007,32
278000,0,1,01400,87
97000,2,7,01300,193
112200,3,2,00602,154
37100,2,2,00200,106
178000,3,4,00400,75
127200,2,2,01201,183
7000,1,1,01003,32
56000,3,2,00400,63
96400,2,2,00100,82
162500,6,5,01006,342
100000,3,2,01202,69
270000,3,3,00602,61
172000,2,3,01102,55
12000,0,1,00502,137
338700,2,1,01001,89
356150,4,3,01203,85
58000,2,3,00901,54
80200,4,2,00400,69
75000,2,2,00602,76
72000,3,3,00505,109
107000,2,2,00100,66
269000,6,4,01201,56
90000,1,1,01105,398
90000,2,2,01400,115
146000,1,2,01001,138
38900,1,1,01003,58
265000,3,5,01106,391
67100,1,2,00804,31
281480,1,2,01007,52
282000,1,3,01004,42
37500,0,2,00902,177
90000,1,1,01104,213
57700,1,1,01204,97
146000,1,1,01600,101
756000,2,2,00802,64
73900,2,2,01500,130
212160,4,3,00601,89
129000,3,5,00601,110
18000,1,1,00802,51
30000,1,1,01400,31
120000,2,2,01105,69
78000,1,2,01600,198
102800,4,2,00601,93
110000,2,3,00501,259
112100,2,4,01300,139
115000,2,4,01003,47
47000,2,1,01400,74
219000,3,3,00804,88
23000,1,1,00504,137
45600,1,3,00503,137
28500,2,2,00507,31
110000,1,1,01105,89
241000,3,2,00302,104
20000,1,1,01002,159
37650,2,2,00200,81
209000,4,3,01500,155
51000,1,1,01007,107
45000,2,2,01600,77
140000,3,3,01107,72
22800,2,1,01300,121
29000,0,4,01004,51
466000,2,3,01004,12
108000,1,1,00506,67
44000,2,2,01102,90
22300,0,1,00100,59
73400,2,4,00400,94
57750,1,4,01400,354
48000,0,1,01201,44
257000,1,1,00302,61
131260,2,2,01400,62
29000,1,1,01400,46
1000,3,2,00301,57
82530,3,1,01202,74
182000,4,3,00602,222
94400,1,3,01600,57
67000,1,1,00802,136
48000,1,1,01104,114
100000,3,2,01004,49
13000,0,1,00804,254
39900,1,1,01400,53
211000,2,3,01001,82
183000,3,3,00301,80
64000,2,2,00506,59
353020,4,3,01102,43
121100,4,4,00505,66
27000,1,1,01300,80
56900,2,1,01500,57
119600,2,2,01201,103
5000,2,1,01102,81
91000,2,2,00100,85
44850,2,5,00100,50
235000,3,4,00503,284
134300,1,1,01006,69
149880,2,2,00503,42
168000,2,2,00301,35
95000,1,1,00507,78
159100,1,1,00602,49
210000,3,5,00802,48
128600,1,1,01005,71
225000,2,2,01600,98
125150,2,3,01002,63
83600,3,4,00301,71
645890,3,4,01004,58
16600,2,2,01500,57
2240,0,1,01107,62
185000,1,2,01001,51
114900,4,4,00301,38
356000,2,3,00504,103
262600,2,3,01600,57
430,1,1,00805,59
143000,3,3,00301,25
209000,2,4,01007,71
139100,2,2,01006,119
132000,2,4,01201,108
61000,1,1,00901,54
61000,2,5,01104,121
90000,1,1,00805,67
145840,1,3,01101,125
17000,0,1,01400,38
115000,2,2,00505,48
149200,2,2,01600,55
46900,2,4,00601,161
391000,2,3,00501,81
47000,3,4,00200,183
38000,2,1,01005,66
13000,1,1,01204,126
123600,3,4,01203,82
51900,1,1,01400,107
133400,2,3,01102,62
4500,1,1,01101,51
12000,1,1,01400,154
69000,1,1,00901,109
47600,1,2,00805,24
72000,2,5,00301,59
198000,4,3,00302,59
16800,1,1,00100,126
131300,2,2,01201,48
62800,3,2,01300,87
99910,5,6,01006,326
174000,2,2,00501,55
40000,1,1,01003,47
321800,2,2,01004,99
33100,2,2,01300,91
150000,1,4,00901,72
17200,2,3,00505,99
24700,3,1,01400,50
271400,1,2,01004,93
231400,2,3,01105,56
126000,2,3,01600,100
90030,2,3,01004,14
56000,1,3,01104,139
71600,1,2,01002,63
25520,0,1,00506,62
60500,1,2,01003,38
311250,2,4,01203,51
139530,2,3,00506,79
38500,1,1,01005,309
2260,3,2,00601,50
9500,1,1,00200,42
218900,4,4,01600,75
19000,0,1,00506,168
163000,2,4,01003,78
235100,4,3,01201,148
30000,1,2,00901,69
143000,3,2,00400,61
120000,3,2,01003,116
193100,1,1,01400,59
45700,2,2,01600,114
35000,2,2,01105,70
78000,1,3,01103,32
77000,3,2,01105,39
30000,1,3,01104,101
69000,1,2,01007,104
72300,3,5,01005,251
578400,2,6,00400,63
98000,3,4,01500,110
99000,4,2,01400,52
230000,2,2,01106,140
127000,3,3,00602,97
88000,3,5,01106,76
45000,1,2,00801,176
218000,3,2,01106,90
73200,1,1,00505,61
105000,2,3,00507,41
165000,2,2,01204,68
52000,2,1,00505,93
68000,2,1,01105,77
113000,2,2,01400,82
205000,2,4,00901,109
161000,1,1,01203,90
6600,2,2,00803,86
53000,1,1,01400,296
250000,1,2,01004,14
130000,3,3,01105,120
288600,2,2,00200,95
170000,2,3,00901,44
20000,2,2,01600,71
73000,3,2,00200,68
5200,0,1,01003,45
447300,2,2,01001,50
75100,2,2,01300,27
140500,2,2,01004,61
140000,2,2,00804,53
157300,2,4,01600,76
566800,4,5,01004,14
69000,3,2,01400,10
10000,2,1,01202,106
600,2,3,00801,275
140000,3,5,00503,120
438800,3,2,01106,85
301500,4,4,01500,165
155000,2,3,01106,91
102340,1,2,00902,95
77000,2,2,00805,279
60000,2,1,01106,64
111800,2,4,00601,71
341850,2,1,01106,38
134000,2,5,00100,63
68900,2,2,01201,93
131000,3,5,01105,188
20600,0,1,00801,121
9500,0,1,01003,174
66900,3,2,00400,48
85050,2,2,01007,52
2100,0,1,01005,80
152600,4,5,01600,59
9000,0,1,00804,68
12800,1,1,01300,35
135000,3,2,00302,60
42300,2,2,00301,9
145200,2,2,00804,108
150000,2,6,00301,42
73700,2,2,01202,64
130000,2,4,01106,203
54200,1,1,01002,85
128300,3,3,01106,36
3800,1,1,00400,41
77140,2,2,00503,46
581000,3,4,00802,120
153120,2,2,01001,41
143000,3,5,01103,54
103700,4,2,00902,167
84900,2,8,00805,34
131800,1,2,00301,70
57300,4,3,00301,70
32700,3,1,00302,61
35000,1,2,01107,251
401600,2,4,01003,54
162400,1,2,01001,94
29900,2,2,01102,182
446060,4,4,01105,190
240000,2,4,01300,15
31500,0,1,00804,140
142000,1,2,00805,73
139700,2,2,01300,48
90000,2,2,01202,110
35000,1,1,00501,45
227000,2,2,01002,64
22920,1,1,01400,139
68000,2,1,00200,10
120650,4,3,01106,47
39200,2,9,01002,154
37800,2,2,00506,158
180000,0,4,00506,104
53000,0,1,00804,171
40100,1,1,00602,77
61200,2,2,01103,50
234000,2,2,01003,58
278500,3,5,00602,108
99300,1,1,01003,61
9500,1,2,00301,66
15500,1,2,00200,51
304000,1,2,01004,13
189000,3,4,01600,112
43300,2,5,01006,195
55300,2,2,00400,21
101400,1,1,01201,47
209000,3,2,01500,123
123000,1,5,01101,69
112000,1,1,01201,49
60000,1,1,01300,41
58900,2,2,01002,238
119000,1,1,01105,26
427000,1,1,01004,60
89000,4,2,00400,157
47000,1,1,01102,96
193000,4,2,01500,60
217100,6,6,01202,276
128800,3,4,01103,57
41200,1,1,00601,31
252800,3,4,01004,53
50800,1,2,01203,116
220200,2,2,01104,77
187700,2,3,01400,129
60000,1,3,01002,61
139400,3,2,01300,44
97000,2,4,01201,125
79000,0,1,00503,49
116000,2,2,00301,78
1100,1,1,01400,66
153600,2,2,00200,76
143890,1,2,00802,38
271000,2,2,01001,54
218500,4,5,01201,84
1880,0,1,00803,54
111200,4,6,01006,31
118900,2,8,01600,105
103700,1,1,00602,119
100000,1,4,00503,41
83600,1,1,01102,140
41300,2,2,00200,38
892000,2,2,01004,168
161000,2,4,01006,61
105200,2,2,01002,125
105000,1,1,01204,63
77600,2,5,01103,213
93000,1,2,01003,38
48410,1,1,01107,92
171070,4,3,01106,130
98400,2,2,00602,80
115000,1,3,01101,230
75000,1,4,01201,384
65000,2,2,01101,37
129000,3,4,01400,43
48000,2,2,00100,69
143500,2,2,00802,36
9600,0,1,00801,74
25000,2,4,00200,344
46600,1,1,00400,42
22500,0,1,00802,36
30000,1,2,00802,64
1240,0,3,01500,445
60930,2,3,01006,44
133000,1,1,01102,52
165000,1,1,00601,92
315000,2,4,00507,66
183800,3,4,01201,165
7200,1,1,00301,145
257000,3,2,01500,49
128000,1,2,01003,316
86300,3,2,01600,72
60000,1,1,01003,52
301600,2,2,01005,304
130000,3,6,00601,152
70000,1,1,00901,69
24000,1,4,01104,103
88600,2,7,01101,56
33500,1,2,00804,66
8000,0,1,00802,75
37600,1,2,00501,107
35000,1,1,01203,233
58000,1,7,01202,105
80600,3,2,00301,62
616700,3,4,00301,35
420000,3,5,01004,64
275000,2,4,01003,32
70800,1,2,01105,66
86400,3,3,00400,32
76000,2,2,01104,270
79700,0,4,01105,52
21000,0,1,00801,343
45000,1,4,01005,348
59800,2,2,01400,111
48100,5,5,01400,121
31800,0,2,01103,68
97030,2,2,01104,52
643500,4,4,00400,60
100000,2,4,01003,57
150180,2,2,00802,102
154000,3,2,01600,50
215200,1,2,01003,39
7200,1,1,00400,109
649000,3,2,00100,79
65000,1,1,00502,259
70000,2,2,00503,49
80000,1,3,00501,86
80800,2,4,00302,170
16500,1,2,00804,36
9400,0,1,00804,203
200400,2,2,01203,94
200000,3,3,00200,85
38400,2,3,00302,113
187000,3,4,00301,215
116000,5,4,00504,49
367450,4,4,01106,84
444400,2,2,00503,51
85000,2,2,00601,86
98000,2,5,01102,175
94500,3,3,01106,55
20500,0,2,00802,245
50000,2,2,00803,56
19920,2,1,01400,131
67000,2,1,00302,45
312800,3,2,01300,126
330000,2,2,00507,73
131080,3,4,01203,98
20850,1,1,01007,275
35000,1,1,00503,66
70000,1,1,00501,134
114900,3,3,01105,119
8700,1,1,00802,58
20000,2,2,00901,114
103200,1,3,00200,85
59000,1,1,01600,320
213000,2,2,01003,49
110000,6,2,00601,104
360000,2,4,01103,20
100500,4,2,00100,55
107000,1,1,01002,88
120000,0,2,00805,69
115000,1,1,01600,229
165200,4,3,00301,25
147000,2,6,01300,45
105900,3,5,01007,164
107300,2,5,01103,57
56000,0,1,00804,201
280000,5,2,01203,43
140000,2,1,00507,35
10000,0,1,00506,152
137100,1,1,01003,79
240000,2,2,01204,135
57000,1,1,00100,16
90000,0,2,01005,60
456000,2,4,01007,50
428000,3,2,00901,107
180000,2,2,01104,86
127800,4,3,01500,75
32150,1,1,01600,28
255010,2,2,00805,72
195000,2,3,00902,61
182500,2,2,00804,64
95000,1,1,00502,99
334600,2,4,00301,19
13000,1,1,01600,208
90000,1,1,01106,44
160000,2,2,00501,61
57000,1,3,00804,68
45600,1,2,01001,56
108500,2,3,00302,98
70000,1,1,00902,378
50020,1,1,00504,88
97000,1,1,01204,282
138000,4,6,01203,101
403000,3,2,01005,63
9500,0,1,01107,96
146500,3,3,01001,82
127100,1,1,00804,35
273500,2,4,00400,66
83000,1,1,00601,35
161960,2,5,01004,88
32000,0,1,00802,110
40500,1,1,00301,78
50500,3,2,00901,105
374000,2,2,01203,171
147500,3,5,01005,44
145000,1,2,00302,167
144400,5,3,00601,252
4700,2,2,00901,66
37000,1,4,01007,147
194200,2,4,00601,53
16000,1,1,01003,16
28500,3,2,01101,132
81000,2,6,00902,72
327000,2,4,01003,39
159000,3,4,00801,101
144000,1,3,01500,111
38000,2,3,00602,148
29180,1,1,00503,32
327000,2,2,01004,55
732600,2,5,00302,54
274000,2,2,01600,42
56000,2,4,01202,141
98800,2,2,00507,40
78800,2,2,01107,108
198000,1,2,00802,119
41000,2,1,01105,112
9400,0,1,01300,82
61000,1,1,01007,172
78000,1,4,01005,110
89000,1,4,01003,284
136000,1,1,01003,92
80000,2,2,00804,48
43700,1,8,01005,30
26200,1,2,00100,54
107500,1,1,01204,104
24000,1,1,01005,55
9600,0,3,00506,174
89100,1,2,01106,42
242130,3,3,01400,67
25000,1,5,01003,147
155000,2,4,00502,99
106000,3,2,00200,94
175000,3,2,00400,92
89800,1,2,01201,156
270000,2,2,00301,40
643400,4,4,01004,61
35100,2,1,01106,81
5000,1,1,00602,63
114200,2,2,01101,50
165000,2,3,01106,70
156000,3,3,01500,80
94000,2,4,01300,27
212600,2,2,00301,257
160000,2,2,00802,51
58000,1,4,00602,40
43000,1,1,00100,27
15400,0,2,00801,105
150000,2,4,00503,104
119000,2,6,01105,128
78200,2,2,01006,149
85200,1,1,01003,119
9320,2,2,01102,86
46000,2,1,01500,96
79000,0,1,01007,132
94000,1,1,01106,54
80610,2,2,01201,47
19700,1,3,00602,278
110010,1,3,01300,19
88200,4,2,00601,85
95000,2,2,00602,61
115000,2,2,01103,26
110600,2,4,00601,54
858000,2,4,01004,66
30500,2,4,00505,86
33400,2,2,01202,84
40500,1,5,01004,94
117000,2,1,00601,156
55000,0,1,01102,73
125000,1,4,01105,64
56700,0,1,01300,64
44700,5,2,00100,7
25000,1,2,00200,78
152400,2,3,00400,37
50000,1,4,00100,69
270500,2,4,00901,54
74110,1,1,00302,365
212000,2,4,00504,46
7600,1,1,01300,101
132000,2,3,01500,83
132000,4,1,01500,431
25000,1,1,00100,190
188300,4,4,00700,86
412100,3,6,01006,89
165400,4,5,00902,251
115000,4,3,00100,39
119700,2,5,01001,62
190000,3,4,01002,76
118000,2,2,00501,36
80000,2,1,01203,217
53300,3,3,01105,111
40300,2,1,00200,99
173700,3,5,01001,70
37000,1,3,00803,29
32000,2,2,01600,58
35600,2,1,00802,39
52300,2,2,00803,329
116000,2,2,01001,81
63000,2,4,01005,43
56700,2,4,00507,67
79300,1,1,00100,73
147700,2,3,00902,45
137100,3,3,01300,106
38000,2,4,00200,15
159600,2,2,00301,91
137000,3,2,01600,70
704000,2,2,01003,101
130000,1,1,01500,68
52700,2,2,00801,86
161800,1,1,01002,201
147800,4,2,01400,56
220000,2,5,00200,93
147000,2,3,00301,73
36000,0,1,01107,51
28400,1,1,01106,56
25200,1,1,00801,246
80000,1,3,01002,104
86400,3,4,01003,30
286000,3,2,01001,35
26700,2,2,00400,122
230000,1,2,00902,320
253500,2,3,01003,48
81600,1,2,00504,31
72000,1,1,00601,63
1010,0,1,00501,101
54000,1,1,01500,141
139000,2,2,00400,58
250000,3,4,01004,28
155030,2,3,01004,65
716080,4,4,01204,67
307900,3,4,01106,101
50000,3,4,00901,68
118000,3,2,00700,145
526200,2,4,01203,116
300300,2,3,00503,55
32000,1,5,01300,197
40900,1,2,01500,99
111400,2,2,01004,60
24900,0,1,00700,148
56700,1,1,00802,148
57500,2,2,00901,54
19200,0,1,00100,68
100,1,1,01004,95
222750,4,4,00301,23
180000,3,4,00505,87
49000,5,2,00100,17
55000,1,1,01001,162
120100,1,2,00901,96
47900,2,2,00700,96
52510,2,2,01500,163
175000,1,1,00601,35
88300,3,2,01003,41
258200,1,2,01006,67
55900,1,1,00803,89
8600,0,1,00802,165
52000,3,2,01300,51
47000,1,1,01400,111
70000,2,2,00200,94
21000,1,1,00505,110
1200,1,1,00506,193
4200,2,1,01204,158
130000,2,4,01102,61
25000,2,2,01204,114
78000,2,2,00302,45
52000,3,2,00602,283
135300,1,1,00801,33
122200,1,1,00804,46
4600,1,2,00804,108
85600,2,2,01102,142
124400,2,2,01003,48
132800,3,3,01300,10
74000,2,2,01202,88
211200,2,3,00503,124
9500,2,2,00504,107
159700,2,2,01106,57
157000,0,4,01101,118
145000,1,5,01103,196
841000,3,4,01004,66
115000,2,4,01004,97
84000,3,3,00301,53
7200,1,1,01004,81
72000,2,2,00802,26
140000,2,4,00501,70
27300,1,1,00400,48
130000,2,4,00601,64
95400,3,3,01201,124
63900,1,2,01600,131
974700,2,2,01101,82
796000,4,6,01105,183
80600,1,1,01006,86
58700,1,2,01003,59
300000,3,4,00503,63
170400,1,1,01007,49
282000,2,4,01005,61
107000,1,1,00502,98
95000,2,2,00501,144
213000,1,2,00400,47
218080,2,2,00100,59
180000,1,3,00302,35
156500,5,5,00301,30
190000,2,2,00502,681
157000,2,1,00507,69
60440,2,7,00502,436
118200,1,2,01007,72
12000,2,4,01006,22
75000,0,1,01003,62
41800,3,3,01107,68
10000,1,1,00601,91
52000,2,2,00400,112
55200,2,2,00901,49
71000,1,2,00902,120
119200,2,2,00601,53
140300,2,2,01004,55
97000,3,3,00501,72
45000,2,6,01400,92
19960,0,2,01002,78
84100,2,3,00400,55
24800,1,2,00802,656
58400,2,2,01400,105
18000,1,1,00301,53
1300,0,1,01107,78
130000,2,2,01007,126
163960,3,5,00400,145
128000,2,2,01400,111
250000,2,2,00504,48
28000,4,8,00700,130
57300,0,4,00801,57
29400,3,2,01600,162
74200,1,1,00200,60
119000,4,6,00505,114
4800,1,2,00100,329
54000,1,2,00602,189
115100,1,2,01500,62
68000,1,1,01006,42
317000,3,4,00902,72
535000,3,3,00901,59
64000,2,3,01600,70
175000,4,8,01106,181
25000,2,1,01103,156
27930,0,1,00805,60
162460,0,4,01104,215
100000,2,2,01005,44
261000,1,2,00804,39
54000,2,1,01001,85
117000,1,3,00503,226
43200,0,2,00805,85
79400,1,2,00804,190
58000,1,1,00503,38
49200,1,1,00602,66
2000,0,1,00802,99
83000,1,1,00602,90
22000,1,1,01400,88
125000,1,3,01004,96
168900,2,2,00400,16
154000,3,2,00804,78
36800,1,3,01104,62
43000,2,5,00602,240
65000,0,1,00802,194
79600,1,1,00504,60
90600,1,1,00501,133
294000,3,7,00901,36
222070,2,4,01203,60
25650,1,1,01003,90
123160,2,5,01102,45
578000,1,1,00200,126
141500,2,2,00700,34
29200,3,2,00602,197
75600,2,2,00602,167
9100,1,1,01005,59
54900,2,2,01106,48
49000,2,5,00700,78
42000,1,4,01101,69
40600,1,1,00802,118
1031000,2,1,01204,194
70000,1,1,00504,82
170000,3,2,00901,60
66700,2,2,00100,14
128400,2,4,00803,240
733000,2,2,00804,55
105000,2,3,00400,75
143300,3,3,00501,31
132150,2,2,01300,76
80000,2,4,01300,42
128500,2,4,00601,129
578000,2,2,00601,83
10500,0,3,00801,107
82000,3,3,00507,35
210000,2,5,01001,46
1700,1,3,00700,240
204000,5,4,01102,53
737400,2,4,01007,91
181940,3,6,01600,67
45000,2,4,01005,154
175210,2,2,01201,48
96000,1,2,00301,52
59000,0,1,01102,48
9000,1,1,00602,76
147400,3,4,01101,142
45100,1,1,00803,109
153000,2,4,01300,66
77100,1,2,00503,39
187600,1,1,00301,66
70700,0,7,01102,78
55000,2,2,01004,61
42500,1,1,01105,58
67000,0,1,00804,168
37400,2,1,00502,129
460800,1,6,00901,125
90400,2,4,01002,99
13100,1,1,00100,40
136000,2,2,00802,54
41890,2,4,01202,76
99000,2,4,01105,258
39900,1,3,01400,112
182000,2,1,01001,165
248800,3,2,00503,55
1500,1,1,00200,51
175000,2,2,01300,54
5100,1,1,00504,51
90000,2,5,01105,150
99070,2,3,00802,42
139240,2,6,01201,207
196000,1,2,01007,46
100320,2,4,00502,110
30500,1,2,00506,157
125000,4,5,01600,153
210000,3,2,00902,48
600,0,1,00200,111
120000,2,2,00602,102
111000,2,5,00902,110
58000,1,1,00502,108
123800,2,4,01204,121
13900,2,2,01202,58
92000,1,1,01203,94
45500,1,2,01400,54
16990,0,1,00804,175
22400,4,2,01500,171
254500,3,3,01105,76
37800,0,1,01007,72
63500,1,1,01003,96
227500,2,2,00805,37
67100,2,2,00100,10
482500,3,4,01002,45
130000,3,2,00504,51
671400,2,4,00503,52
457000,1,1,01005,73
64500,1,2,00301,52
51500,3,3,01201,104
66600,2,5,01105,54
204400,0,6,00700,61
36000,1,1,00804,241
279600,2,3,01002,51
124700,2,2,00901,94
87000,1,2,00200,67
41100,1,1,00507,57
692900,2,2,01004,52
12100,0,2,01002,31
95000,1,1,00501,130
18800,1,1,01202,62
18000,1,2,00506,64
66000,1,1,00502,115
78400,1,5,00200,189
527500,2,2,00501,66
33200,2,3,00602,78
74000,2,2,01105,154
157000,1,4,00506,64
83000,1,3,00507,158
9300,1,1,01002,86
95000,1,1,00803,118
155500,5,4,01203,110
9500,0,2,01300,74
66100,1,1,01203,45
12800,0,1,01300,9
93000,2,2,00801,53
69000,1,1,01500,69
190030,1,3,00901,329
70000,2,1,00502,149
46500,3,1,00602,88
126000,2,2,01500,106
130000,2,4,00601,34
40100,3,1,00501,70
41300,1,1,01005,99
15600,1,1,00801,159
21430,3,3,00100,10
90000,1,1,01004,56
12900,0,2,00602,55
74000,2,2,00400,49
405000,2,4,01004,98
190890,3,2,00902,132
28800,0,2,00804,236
80580,2,3,00501,180
119500,2,2,00504,115
24000,1,2,01006,228
98000,2,2,01300,168
19100,0,1,00700,370
262500,3,3,01400,45
32500,1,1,01002,56
140000,3,1,01203,64
15000,0,2,00200,409
35000,1,1,00901,82
73000,2,3,01400,94
90800,2,3,01105,46
178000,2,2,01500,41
176400,3,5,00301,30
128000,3,4,01104,89
227000,3,2,01500,198
177000,2,2,01204,102
170000,2,2,01203,290
340000,4,3,01300,116
15900,0,1,00506,262
126800,6,4,01202,61
264000,2,4,00901,48
106000,1,2,01107,71
15700,1,1,01001,64
17000,0,1,01400,62
70000,1,1,00802,27
217800,4,7,01105,112
39400,3,2,01400,25
138200,2,2,01400,111
400000,4,2,01004,22
173800,2,3,01300,63
30000,1,1,01004,160
135000,3,2,00100,39
150000,2,2,00502,255
155600,2,1,01103,27
163000,2,2,00901,137
4500,1,1,01107,140
154000,2,2,00804,181
80000,4,3,00302,54
75000,1,2,01202,62
122000,3,3,00100,79
72010,1,1,00602,367
256000,2,2,00902,62
134000,3,4,01203,55
289000,3,2,01101,26
165010,2,3,01600,74
110000,2,5,01105,71
55700,1,2,01103,228
33300,0,1,00802,108
39000,1,1,01400,89
134000,2,5,00804,108
199000,3,3,00301,59
79000,4,3,00700,130
437500,3,6,01001,81
147500,6,5,00200,102
147300,3,4,00301,126
172210,3,3,00301,16
100000,1,1,00902,110
233800,2,4,01005,55
190000,4,4,01500,76
48000,1,2,00805,81
94600,2,2,01002,46
121000,2,3,01001,68
267800,2,3,01004,27
5600,1,1,00301,50
123000,2,4,00200,58
104400,2,4,01500,155
198130,4,4,00400,44
485600,2,2,00503,56
160600,4,3,01106,71
26300,1,3,00502,132
120000,2,5,01500,178
100000,2,2,01300,28
21600,1,1,01400,192
206000,2,4,00301,105
167200,2,3,00301,103
70600,1,2,01002,118
46000,1,2,00507,75
51400,1,2,00506,260
40200,1,1,00507,91
309200,4,5,01001,7
34300,1,2,00902,98
445000,3,2,01001,81
55100,2,2,00200,133
31200,1,1,00601,89
3100,2,2,00301,53
26000,1,2,01102,38
71400,2,2,00802,117
155000,2,2,00504,155
96800,2,2,00601,81
59900,1,1,01300,37
165000,5,3,01500,68
40800,0,1,00803,53
70000,2,1,01201,77
61800,2,2,01203,179
265000,3,5,01002,387
493000,4,4,01300,60
95200,2,5,01104,66
89000,1,1,01006,48
49400,1,1,00100,72
58900,1,1,00301,63
45000,3,2,01104,49
58000,4,4,01006,54
138000,2,2,00301,72
163200,3,3,00501,144
116000,2,4,00400,63
325900,2,3,01007,59
170490,1,1,01201,126
22500,1,1,01101,48
38000,1,1,00805,78
194000,2,4,00901,45
10700,0,1,00802,119
148000,1,1,01101,60
42200,1,6,00503,294
9000,1,1,01002,85
280000,2,4,00901,39
14200,1,2,00100,82
47000,2,4,01101,67
10800,3,1,01500,110
128000,2,2,00601,32
217200,2,4,01006,100
47000,1,1,00804,75
151000,2,2,01203,51
14000,1,1,01600,89
78300,2,1,01005,17
97830,3,3,01005,51
92000,3,1,00803,62
182000,2,2,01007,53
212000,2,4,01003,31
66300,0,3,00805,72
87900,3,3,01300,32
53000,1,2,01105,216
20100,1,1,00506,63
75000,2,2,00503,132
111000,2,2,00803,170
195610,2,2,01204,105
56000,1,1,01104,185
40000,1,1,01107,301
128800,3,2,00301,61
92000,1,3,01105,51
97000,2,2,00301,73
259000,2,5,01204,85
130600,2,3,01104,145
132050,2,5,00400,81
271400,1,1,01003,44
75000,2,2,00601,97
100000,2,7,01107,183
32300,1,2,00505,295
151000,2,2,00100,182
25400,1,2,00100,63
55400,1,2,01300,11
121600,2,3,01400,21
146850,5,4,00100,41
332800,5,8,01106,148
90000,3,1,00503,251
86200,2,3,00200,45
49700,2,3,01104,72
77100,1,2,00802,191
83060,1,2,00803,39
45000,2,2,01300,105
60000,1,2,00602,58
69000,0,2,01004,174
65000,0,2,01104,66
25100,1,2,00805,108
11000,1,1,00803,188
47000,0,1,00802,45
124000,2,3,00504,99
97100,1,4,01101,126
41800,2,1,00507,101
35000,1,1,01104,26
147000,2,3,00503,67
40700,3,2,01107,53
69100,2,2,00400,52
157900,1,1,01001,99
55000,1,2,00801,462
65000,4,5,01003,32
305000,4,3,00901,282
224500,2,2,01204,84
72450,2,2,00901,115
45000,1,3,00803,97
81000,2,2,00302,122
100,0,1,00804,145
173100,2,1,00901,57
404300,2,4,01004,55
14700,1,1,00801,62
1600,2,1,01400,19
220000,0,2,01400,46
91000,1,1,01004,64
106000,3,2,00602,197
16000,0,6,01101,156
235000,3,2,01500,59
85220,1,1,01005,84
87000,2,2,00400,58
102004,2,3,00100,56
18800,1,1,01004,104
162000,2,2,00302,94
62000,1,1,01102,224
108000,3,2,01103,37
40000,1,4,01001,218
48200,1,2,00502,101
300000,2,2,00301,52
691000,6,3,00901,55
160000,3,3,00200,106
100600,2,4,01400,164
49800,1,2,00502,113
136600,3,3,00803,85
21700,1,2,01107,83
96400,2,1,00100,94
202000,3,4,01500,161
880000,3,4,01004,16
288000,2,2,00802,83
150000,2,2,00506,290
24300,1,1,01202,34
239600,2,2,01003,126
66000,2,1,01004,91
105900,1,1,00507,85
90000,1,1,00503,157
63000,1,5,01104,83
186400,2,2,00601,44
200000,2,6,01005,13
16400,1,1,01004,132
8000,0,1,00302,125
122000,1,1,00504,112
15000,1,1,01600,80
355000,2,2,00601,116
51800,2,3,01300,220
55000,1,2,01203,86
78400,2,4,00501,107
1114000,4,3,01004,51
245000,2,3,00501,55
45930,1,2,01007,41
57000,1,1,01105,55
65000,1,2,01500,137
264810,3,5,01005,57
9600,1,1,00504,37
248600,1,2,01102,62
50000,1,1,00501,313
284150,2,2,01203,61
67300,1,2,00400,40
25000,1,1,01001,79
324900,2,6,01101,32
53000,1,2,01005,136
282100,4,4,01001,31
31000,3,3,00503,167
2000,0,3,01104,49
603900,2,4,01004,53
116000,2,3,00901,97
1584000,4,3,01004,44
86000,1,1,00803,186
200000,5,4,00700,16
169000,2,2,00506,66
319000,2,4,01201,114
63000,2,2,00502,88
169000,4,3,01201,54
318000,3,4,01105,69
211300,2,4,01004,53
35000,1,1,01400,43
60000,1,2,00700,177
106030,2,4,00301,190
65100,3,6,00501,39
220000,3,6,00700,34
13900,1,2,00804,42
29100,3,3,01005,127
121400,1,6,01004,63
34400,3,4,00803,51
140000,1,1,00902,53
12000,1,1,00504,41
304000,2,4,00902,129
155800,5,4,00301,22
148000,4,2,00400,178
41600,2,1,01300,14
73300,2,2,00601,53
131000,2,1,01002,80
212500,2,4,00400,86
108330,2,2,01004,55
65500,1,1,00804,60
40000,1,1,01104,152
13200,2,2,00505,51
133000,2,2,01104,144
67000,1,1,00805,200
30000,2,1,00602,133
60010,1,1,00602,58
369000,2,6,01103,25
91000,0,1,01003,100
42500,1,1,00803,32
234900,2,2,01005,70
110800,0,1,01006,107
105000,2,2,00501,284
244010,1,2,01102,173
53900,2,2,01400,69
37120,1,1,01600,142
37900,3,3,01101,222
186000,3,3,00507,218
189000,1,1,00804,100
45000,1,1,01101,92
18500,0,1,00506,61
32600,2,1,01300,97
98000,1,1,00200,59
478000,2,3,01003,76
70000,1,1,00802,84
9000,1,2,00801,56
93200,3,6,01106,67
190860,4,2,00501,39
190000,3,3,01300,42
23300,1,2,01103,19
4700,1,1,00504,64
160000,1,2,00804,133
125000,2,3,00200,107
180000,2,1,01500,75
100600,1,1,00804,79
215100,1,2,00802,66
13400,0,1,00805,50
106000,0,1,01004,63
38800,3,5,00805,53
380,2,1,01105,130
25000,1,5,00802,189
32000,1,1,01004,30
61200,3,2,01600,149
227000,3,2,01600,71
69000,2,5,00805,112
23900,0,2,00805,92
937500,6,4,01006,60
53000,3,2,01500,92
117000,2,2,01103,190
80000,1,1,00503,91
112400,2,2,01300,145
385040,4,4,00400,74
4800,2,2,00200,55
11900,1,3,01104,99
202000,2,5,00503,81
73700,2,1,01006,125
42900,1,4,01400,27
24000,0,3,00805,311
94000,2,3,01202,67
81000,2,1,01500,54
243600,2,4,01204,62
14100,0,1,00400,45
144000,2,3,01202,53
65000,2,2,01600,178
72100,0,1,01003,75
29000,2,5,00503,417
280000,3,2,01300,10
76000,3,3,00100,13
9000,0,2,00200,188
103800,2,3,01500,102
100000,2,5,00601,284
142500,2,3,01203,106
26300,2,2,00506,127
91000,3,4,01300,31
134330,2,2,01004,54
160000,2,2,00505,76
27000,0,2,00802,29
18000,2,2,00100,75
74800,2,2,00801,60
156000,1,1,01004,49
130300,1,3,01005,49
51000,1,2,00502,173
86000,1,2,01007,40
160000,3,3,01004,66
97000,0,5,01104,75
160560,3,4,01002,75
20400,1,1,01300,39
135000,2,4,00601,82
39400,1,1,01102,81
18000,1,1,01107,262
281800,6,5,01006,62
9700,1,1,01004,60
410000,4,3,01204,318
150000,3,3,00502,323
78000,2,3,00100,112
53500,1,2,01400,81
31000,2,4,00601,300
48400,1,1,00804,23
106000,2,2,00200,56
312000,2,2,01003,58
85000,3,2,00602,58
145100,4,1,01103,15
340000,3,3,01004,64
28000,2,2,01400,572
203000,2,4,01001,81
230000,3,3,00503,112
278000,2,2,01006,105
65100,1,1,00505,62
176010,1,2,00804,97
150400,4,6,00805,63
60000,3,2,00505,103
51000,3,3,00503,42
303500,3,2,01300,65
182000,3,5,00602,63
80000,1,4,01004,19
65100,1,1,01400,47
82500,1,3,01102,360
156000,1,1,00301,64
350000,2,2,01004,11
9600,1,1,01204,293
100200,2,2,00503,32
343000,2,2,01004,50
23900,2,1,01203,78
159000,3,4,01006,46
18400,0,3,00200,204
112000,2,3,01104,94
100000,1,1,01006,142
199300,2,4,00507,217
42100,3,2,00100,52
694700,3,3,00601,118
48400,2,2,00301,100
325000,2,3,01004,112
92000,2,3,00100,101
80000,2,1,00802,150
64700,1,1,01300,12
50510,2,1,01400,25
342600,2,2,01003,83
123400,1,1,01106,58
403300,3,3,00901,82
50200,1,1,00602,62
40000,1,1,01005,64
93900,3,4,00200,62
126800,2,5,01005,158
60000,2,2,00804,111
73300,2,2,01500,28
33200,0,1,00804,85
9000,0,1,00700,58
10000,1,1,00507,290
663000,4,6,01003,39
23500,1,4,00803,121
25600,0,1,00802,89
145000,3,3,00504,64
14200,1,1,00801,300
75000,1,1,00502,284
23900,1,2,00805,106
68000,1,4,00901,128
223000,3,4,01600,142
66000,1,2,01105,147
83000,2,1,01005,116
583000,3,3,00601,73
71600,1,2,01106,91
153030,2,2,01204,47
75000,1,5,01002,333
112000,3,5,01400,70
108700,1,1,01300,11
24990,2,1,01003,76
31000,2,2,00100,50
220300,4,5,01105,62
52000,2,1,01300,149
39000,1,1,00601,70
74000,1,1,01300,62
69500,1,2,01400,81
57800,1,1,01400,49
155800,1,7,00302,28
146500,3,3,01204,67
101300,1,1,01005,46
12000,0,1,01103,57
599000,6,4,00503,39
68500,1,1,01006,69
46600,2,3,01103,52
53900,1,5,00801,307
28100,3,2,01400,30
77500,0,1,01400,111
66600,2,3,01400,28
45320,2,2,01500,104
35000,3,7,00200,72
187960,4,4,00507,97
243000,2,2,01003,92
200000,3,5,01107,66
91100,1,6,01201,54
63000,2,3,01104,68
9500,0,1,00802,271
171000,3,4,01106,59
151400,3,3,01006,132
6700,1,3,00505,84
131500,2,6,01103,79
50010,1,2,00100,30
94000,2,2,01105,56
77000,1,1,01105,114
55680,2,4,01300,91
60500,0,1,01007,300
68000,1,1,01007,106
31700,2,3,00504,82
47000,1,3,00505,642
331100,4,4,00601,37
36200,2,1,00400,64
103000,3,4,01202,389
122020,2,1,00602,61
96000,1,2,00802,168
85200,1,2,00601,29
214000,2,4,01102,74
265000,2,2,00901,53
13500,0,1,00100,33
1300,0,1,01400,16
104000,2,2,01300,100
140000,2,3,01105,103
204340,2,5,01002,101
58000,2,2,00700,73
158000,2,2,01102,106
60000,2,1,01300,60
100000,2,5,00100,64
302000,1,2,01001,49
50000,2,4,01300,24
96800,1,1,01007,76
148000,1,1,01202,67
21100,0,5,01101,165
39800,6,6,00200,29
123200,4,2,00901,109
135000,1,1,01006,110
407000,2,2,01001,174
4,0,1,00502,290
62000,1,4,00200,105
143610,1,2,01204,95
135100,2,2,01500,87
26200,2,1,01003,54
88400,2,2,01400,125
50000,1,1,01002,79
168000,2,2,01103,62
185000,2,5,01101,61
49900,1,1,00504,63
130900,1,3,01201,21
103800,2,2,01204,57
30800,2,1,01105,181
250000,2,4,01600,51
70000,3,3,01102,52
99000,2,3,00601,42
140000,3,1,01203,55
169200,4,5,00805,81
183900,5,5,00301,97
13600,1,1,01300,160
154100,5,4,00400,59
82650,2,2,00601,93
79000,1,1,00601,38
63500,1,1,01005,103
96004,5,4,00505,52
112100,2,5,00805,101
493900,2,4,01004,159
50000,1,2,01101,55
130800,3,3,01003,60
70000,3,2,00700,328
55000,3,2,01107,183
109600,3,3,01202,108
48100,1,1,01203,35
91000,2,4,01007,81
83760,2,2,01006,48
144830,2,3,01102,70
32800,1,1,00506,84
107000,2,6,01002,50
330000,2,1,01106,40
60000,1,1,01003,13
237000,3,2,00601,52
49000,2,2,01400,100
171000,3,4,00501,87
126600,2,2,01107,72
17300,2,2,01107,79
136000,3,5,01105,57
47000,1,1,00506,209
89200,1,1,00507,33
74000,1,1,00602,97
62200,0,1,00504,84
174000,2,2,00200,63
110000,3,2,01106,55
95000,2,2,00503,55
40000,1,2,00200,49
135800,4,4,01201,49
17000,0,1,01204,103
120000,2,3,00803,24
16700,0,5,01101,101
1500,1,1,00507,90
120000,3,4,00902,183
135700,1,3,01103,57
23700,0,1,00802,56
19600,2,1,01104,62
72400,2,2,00100,31
104000,2,2,00400,75
145000,3,4,01600,63
219500,2,2,00501,55
25100,0,3,00902,68
119800,1,2,00902,103
80000,3,2,01300,119
55800,2,2,01300,18
190000,3,3,01002,74
70000,2,4,00504,44
116400,3,3,00507,78
90000,2,3,01007,130
220000,2,3,01007,98
290800,2,4,01004,51
45900,1,1,00805,33
52500,1,1,01300,55
202760,2,2,01106,63
222500,3,6,01203,105
114500,1,2,01203,30
502000,3,3,00901,70
58000,1,4,00200,18
120000,1,2,00302,102
315600,2,3,00901,56
145600,2,4,00901,93
110300,4,4,01103,165
83000,2,3,00506,76
13500,0,2,00502,70
47000,1,3,00802,56
43600,2,1,01400,64
46000,2,5,01400,97
382000,2,1,00301,62
738000,2,5,01004,48
124000,3,3,00901,228
102000,5,9,00507,90
664200,2,2,01600,109
108200,1,2,00804,86
290000,2,3,01102,52
77100,3,2,00501,58
318020,2,4,01006,48
262000,2,4,01001,31
211000,1,4,01004,55
197170,2,3,01007,91
10290,0,2,00805,108
78600,1,1,01201,46
92400,1,1,01201,95
102200,2,10,00502,131
48000,1,2,00301,44
70000,2,4,00501,37
119800,2,2,00601,36
65000,4,3,01400,296
319500,3,2,01004,106
59000,1,1,00504,33
176500,4,5,00601,92
70000,1,3,00802,150
192150,2,2,00805,97
156300,3,2,00400,49
87300,2,4,01006,98
152000,2,4,00301,35
66700,1,2,01106,40
147040,3,4,01005,54
181500,4,2,01203,41
72000,1,1,01102,71
45000,1,2,01107,105
188100,1,3,01004,62
169930,4,3,00502,106
372000,3,3,00902,55
80000,1,3,01001,136
75000,1,1,01204,118
14000,1,1,01300,152
34800,2,4,01103,65
29900,1,6,00503,171
75800,2,2,01005,55
161900,2,2,01201,49
65000,1,1,01105,403
156000,1,1,01105,518
25200,2,2,01300,47
9000,1,1,01004,219
345000,2,3,01001,52
50500,1,3,00804,78
129300,4,7,01600,124
19900,0,1,01106,53
154000,2,1,00505,169
105500,3,2,01400,42
400000,2,2,01007,44
86000,2,2,01400,19
67000,2,1,00301,86
172000,3,3,01600,86
480600,2,2,01004,50
162100,3,5,01103,89
119500,3,2,01300,23
12500,2,5,01003,83
135500,1,1,01004,52
125000,1,1,01400,61
47000,2,2,00200,48
208000,1,1,00801,139
59200,1,2,00100,87
46600,1,1,00400,95
58010,1,1,00901,52
458600,4,3,00501,68
64700,0,4,00501,156
138200,2,2,01600,48
13000,1,1,00507,102
7100,0,2,00801,151
33000,2,1,00200,39
57200,1,2,01102,65
108500,2,4,01300,55
373000,2,3,01005,72
170000,3,2,01105,77
56000,1,2,01004,42
75000,1,1,00506,55
327200,0,2,01204,75
217000,3,3,01106,71
285800,4,2,01106,87
71000,2,3,00803,59
31000,1,2,01005,142
12000,1,1,01600,134
228000,2,4,00901,50
121000,3,6,01105,324
3010,0,1,00801,86
96000,2,2,00803,64
172500,1,3,01106,64
219000,2,3,01106,59
100000,2,3,00901,120
114000,1,1,00302,64
24400,1,1,01400,32
69000,3,2,00901,91
3410,2,2,00802,132
189600,1,1,01004,59
80000,1,1,00700,57
150000,2,2,00501,54
87000,1,1,01300,47
80000,1,2,00802,161
46900,3,2,00100,126
20800,1,1,01300,46
204000,5,4,01001,57
40000,2,4,01104,116
22800,1,2,00506,47
129300,1,1,00400,61
73600,2,2,01204,114
135000,1,1,00400,91
12000,3,1,01102,123
120000,2,2,01106,48
52000,1,1,01102,144
84500,2,5,00601,59
39500,2,1,00200,18
212000,3,4,00301,77
152000,1,4,00805,83
149000,4,5,00507,175
200,0,3,00200,184
155000,2,2,01201,112
40000,2,2,00505,49
40300,1,1,00805,85
50000,1,1,01003,96
18300,1,1,00504,183
50000,2,2,01202,53
35700,1,1,00200,82
40000,1,1,01004,118
48000,1,3,00302,152
50600,0,1,00901,129
9200,1,3,01005,270
56500,1,2,01400,60
30000,2,2,01201,107
100000,3,2,01202,175
471900,2,2,01004,91
160000,5,2,01300,40
122000,2,4,00803,40
21300,1,1,01005,100
32000,1,2,00902,316
401000,2,2,01007,52
81600,2,2,01001,60
317000,2,2,00802,56
130000,2,3,01003,54
125000,2,5,00902,32
52960,2,5,01103,398
29500,1,2,01202,44
180000,2,4,00503,42
94300,2,2,00504,75
40000,2,3,01201,122
98000,1,1,00302,171
178000,2,4,00301,66
16200,2,1,00100,68
53000,2,2,01204,96
115000,2,3,01201,217
211020,2,2,00504,43
186480,2,2,00805,32
89000,2,5,01106,54
191300,3,2,01003,59
46200,1,1,01003,105
35000,1,3,00805,119
99200,3,7,01104,28
18100,1,4,00802,59
109500,2,2,01105,63
17800,2,2,00504,150
29200,2,2,01201,48
136000,3,2,00200,35
28900,1,1,00804,48
130000,2,2,01105,137
70000,1,1,01201,177
23800,2,1,00302,84
50000,3,2,00100,7
24520,2,2,00601,46
285700,2,2,00802,29
688500,3,4,01203,123
291000,3,4,00400,38
35000,1,1,01003,57
228000,4,3,01500,84
131200,3,3,00507,69
78400,2,4,00400,68
127000,2,2,01002,84
200000,2,4,00601,151
101000,3,2,01204,58
56020,1,2,00802,36
55000,2,1,01203,43
161200,3,3,01201,39
139000,1,1,01001,49
139000,2,1,01105,43
128400,3,6,01105,189
51400,1,1,01104,31
98760,0,3,01001,43
13000,1,2,00503,83
21900,2,1,01004,144
75000,1,1,01004,163
86000,0,1,01104,64
281500,1,1,01600,43
74900,2,1,00504,78
15000,1,1,01003,43
197500,2,3,01004,50
38300,2,2,01105,154
100000,1,2,01400,75
33400,1,1,01300,24
236000,2,2,00505,30
62590,2,2,01201,36
75800,3,2,00901,61
103000,2,5,00200,84
3800,0,1,00507,84
175000,4,2,01001,97
2600,1,1,00400,54
346400,3,2,01004,89
167000,2,5,01600,52
74900,1,11,01104,53
36400,1,1,01201,82
184150,3,6,01007,46
20000,3,2,00200,59
30000,1,1,01500,52
928000,3,4,00501,34
63000,1,1,00302,105
70000,2,1,01106,58
108700,1,1,00302,73
36880,2,3,01201,110
70000,1,1,01105,77
84300,3,2,00601,102
31510,1,1,01101,64
48200,2,2,00301,51
123000,2,3,00902,132
2800,1,1,01300,88
27400,1,2,01004,215
120000,3,1,01300,340
47900,2,1,01002,64
9600,1,2,00802,90
96750,2,2,00501,94
67400,3,2,01400,16
335000,2,2,01500,126
16700,1,1,00100,107
25000,2,1,01300,75
429000,3,3,01004,14
697400,2,4,00503,119
121200,2,2,01203,80
74000,2,2,01003,60
385000,4,6,01001,91
64000,3,2,01300,78
17600,2,5,00400,16
206000,1,3,01101,30
38400,0,2,00804,161
47100,3,2,01300,44
47400,2,3,01104,97
578000,3,4,01001,64
259800,2,2,01004,52
41300,1,1,01107,49
75950,2,2,01106,353
198000,2,2,01003,88
308000,2,2,01004,61
75000,1,1,01104,85
84000,0,4,01002,54
115100,2,2,01105,57
52090,1,1,01004,54
69300,1,2,00801,82
60000,2,1,00100,48
75000,3,2,00902,76
95720,2,4,00507,66
140000,2,3,01107,37
109800,2,2,01106,49
107000,2,4,01300,64
62500,2,3,01102,147
64200,1,2,00901,92
100000,2,1,00504,709
175000,2,2,01201,66
106000,6,3,01300,224
102400,2,1,00802,162
259000,2,2,01105,186
201500,4,5,01203,117
170000,2,2,00504,111
126260,2,4,00902,55
96000,4,4,01201,65
6000,1,1,01003,87
113000,2,3,00901,89
373000,3,3,01204,55
84700,1,1,00507,26
165580,1,3,01102,94
257000,3,2,01201,124
64000,1,1,01204,87
90600,1,2,01002,89
17000,3,5,00503,119
124600,2,2,00601,114
120000,3,2,01201,463
32000,1,1,01400,265
121400,2,4,00901,41
50500,1,1,00802,54
98000,2,4,01400,151
8800,1,1,00505,238
150000,3,5,00200,122
61000,2,4,01201,16
49000,1,3,01102,252
107900,1,2,01106,61
58030,1,3,01006,53
77800,1,1,01204,258
330000,3,2,00501,42
136000,4,2,01103,168
65000,1,1,01102,62
311000,3,2,00501,53
250000,3,2,01204,99
175000,2,2,00801,122
97400,3,5,01400,130
45000,1,1,01101,132
159600,2,4,01106,236
227000,2,2,00302,98
63000,2,2,00507,82
72000,2,2,01300,44
40000,1,1,00805,120
395000,1,4,01102,77
100100,2,1,01300,8
35010,3,3,00400,57
75000,2,2,01107,33
52100,2,3,00504,167
196000,3,5,00601,29
7300,0,1,00802,41
102000,2,3,00802,193
495800,3,4,00601,61
273000,5,4,00501,56
26300,1,1,00301,90
86100,2,4,00501,78
114800,3,2,00506,90
98700,2,2,00802,66
192600,1,3,01006,150
142500,1,2,01002,118
76800,2,2,01400,46
100000,2,1,00301,58
57000,4,4,00902,226
267000,3,4,00602,67
303800,3,5,01003,54
130000,1,1,01004,56
67930,2,2,01300,35
125100,2,2,01105,89
76000,2,3,01201,117
7000,0,5,01007,73
32000,1,1,01002,55
65000,2,3,00503,131
90000,2,4,01104,65
138900,4,2,01106,49
75850,2,2,01201,46
96000,4,2,00601,128
124300,3,4,01500,80
348000,1,2,00601,187
160000,1,1,01102,202
173000,2,3,01003,48
10000,2,2,00501,152
150000,2,3,00901,59
247000,3,3,00901,82
24000,1,1,01400,24
22100,1,1,00100,112
116200,2,3,01007,63
130000,1,5,01204,38
62000,1,3,00503,41
42900,0,1,01600,279
25000,3,2,00400,42
65000,1,1,01006,115
63500,2,2,00602,148
168760,3,3,01103,49
167500,2,4,00504,51
39600,2,3,00502,145
91600,3,3,01400,43
78000,2,3,00504,105
472000,2,4,01004,99
57700,1,1,01300,92
1006000,2,2,01300,93
10800,0,2,00802,196
70000,2,3,01106,166
135000,1,1,01007,107
19000,1,2,01500,34
45100,2,2,00602,47
45000,1,1,01201,49
27000,2,1,00805,101
160000,3,3,00200,117
76100,2,2,01202,113
54900,3,3,00400,40
54200,3,2,00200,64
177000,2,2,00400,62
87000,2,2,01004,58
85000,1,1,01105,39
209000,3,2,01600,60
100300,2,2,01300,17
187000,3,3,00804,51
715000,3,5,01004,52
222000,2,3,01105,92
22000,1,1,00505,73
3570,0,2,01105,91
79400,2,2,01104,93
17300,0,2,00803,77
6000,1,5,00902,99
304500,3,4,01101,52
211600,2,2,01004,58
310000,2,2,01204,180
155000,1,2,00802,167
632200,3,4,01102,60
63500,4,4,01005,109
35000,1,5,01203,65
38000,2,1,01104,44
83400,1,2,01005,87
265000,1,2,01001,91
19000,3,3,01106,48
198000,2,2,00507,120
174000,2,2,01001,40
230240,3,3,00804,36
47760,1,1,01101,50
116060,1,1,01201,275
12500,1,1,00504,55
95000,1,2,01104,121
49700,1,1,01203,110
118750,4,4,01106,161
171500,2,2,01007,59
110000,2,1,01201,416
73000,1,3,01201,127
185000,3,3,01001,88
96100,1,1,01203,124
32600,1,1,00504,169
30000,1,1,00200,136
48000,1,1,01204,105
235000,2,1,00400,63
126600,1,2,01204,81
279000,2,4,01006,58
133060,1,1,01102,67
96400,2,2,01600,33
175900,2,6,01003,83
49600,3,3,01600,118
14700,3,2,01300,276
51900,1,2,00601,77
84500,2,2,00200,201
77000,3,4,00100,124
40000,1,1,01006,127
754000,4,4,01005,58
142200,2,7,01104,62
439000,1,3,01004,56
39500,1,1,00100,91
80000,1,1,01001,299
86700,2,1,01400,75
70000,2,2,00805,45
182000,2,4,00302,66
44000,1,1,00301,19
84400,1,4,00803,283
4000,1,1,00602,128
477000,1,3,01003,53
95000,2,2,00504,159
75000,3,2,01600,112
220000,1,1,01102,61
57600,1,1,00700,13
53000,1,1,01500,75
181500,4,3,01203,99
64000,1,1,01002,47
272800,2,2,01004,70
60100,1,3,00802,39
25700,1,2,01103,96
65300,1,2,01104,41
59000,1,1,01202,181
163400,2,2,01107,49
156300,4,3,01204,62
100000,1,2,01102,179
48000,1,2,01500,102
78180,2,3,00507,39
56300,1,1,01204,118
100000,1,1,01105,510
124000,1,8,01103,152
134000,2,1,00901,100
87000,3,5,01104,179
506000,3,6,01001,58
211750,1,2,01201,106
90000,3,2,00302,289
49500,1,7,00601,71
181000,1,1,01106,63
91500,2,2,01500,49
13350,0,1,00804,159
54000,1,2,01002,128
80000,1,1,00805,117
209000,2,6,01005,82
21000,1,1,01400,107
40000,1,1,01101,51
88000,2,2,00803,67
62000,2,1,01201,98
77000,1,1,01201,85
12000,3,1,01300,33
170000,1,1,01103,78
52000,1,1,01203,41
135000,2,5,00601,178
55000,0,5,00502,112
378200,2,2,01003,62
90000,1,4,01106,303
192000,1,2,00805,69
23740,3,2,00100,138
150000,3,4,00501,437
66400,0,2,00602,161
191000,2,4,00301,76
50900,1,3,00801,212
75000,2,5,00200,68
107300,4,3,00100,57
60800,3,2,01400,123
547300,2,2,00501,78
162300,2,3,00902,61
75000,1,1,01105,97
180000,4,6,00602,76
65000,2,6,01400,126
25100,1,2,00100,22
110000,2,2,00804,262
33000,2,1,00506,19
60000,2,2,01004,92
35000,1,1,00302,54
92400,2,3,00302,56
105000,2,1,00503,70
234000,2,3,00505,82
24900,1,1,01300,67
117020,3,4,00400,67
60200,2,5,00400,120
175000,2,3,01001,245
547000,4,6,01005,49
42000,0,1,01104,41
114200,2,2,00602,101
83530,1,2,01005,21
117000,2,2,00503,42
58800,2,2,01400,77
41100,1,1,00504,51
85930,2,2,01005,250
34000,1,1,01103,77
69000,2,2,00505,287
60000,1,2,00302,366
81700,2,2,00700,45
213000,2,3,00901,61
60000,1,1,00504,207
244200,2,2,00602,115
153000,2,5,00902,57
118000,1,2,01202,16
14800,1,2,01002,100
104000,2,2,01300,48
30600,2,4,01001,58
130000,3,4,00700,132
14500,3,3,00803,114
32800,1,1,00602,52
23400,2,1,01500,106
74900,4,3,01102,52
65900,2,2,01500,49
25040,1,4,01300,92
140000,3,3,01203,273
28300,3,2,01600,23
100000,2,3,00504,67
175400,1,2,01001,62
54000,1,1,00505,79
157000,1,2,01105,126
48100,1,1,00200,56
193000,2,2,00602,86
55400,3,2,00302,96
23000,1,2,01103,105
120000,4,3,01600,58
179000,3,3,01500,292
94000,2,2,01300,66
79000,2,9,00801,61
25100,1,1,01102,63
81400,0,2,01006,83
85000,2,2,00502,142
9500,0,1,00100,99
80900,2,2,00505,36
15100,2,2,00501,56
238400,2,4,01005,82
137000,1,1,01107,57
119050,2,4,00902,163
35700,1,8,00200,206
402050,2,5,01104,146
39000,1,8,01104,189
99000,1,2,01107,146
179000,3,4,00504,41
234000,2,4,01007,34
162020,2,5,00200,60
147500,2,2,01300,78
22600,0,2,01107,82
67800,0,1,00801,132
125000,2,2,00602,138
43700,1,1,00100,42
42700,1,1,00506,250
125000,3,4,00302,173
48400,2,2,00803,63
900,1,1,00801,61
93200,5,2,00100,53
68800,2,2,00505,30
68630,2,2,00400,49
14200,2,1,00506,80
39000,1,1,00302,31
247720,3,4,01600,46
152500,5,3,01300,53
150200,3,6,00805,138
86000,2,3,00400,571
65000,1,2,00100,75
250000,2,4,00901,196
145700,2,2,01105,87
75800,2,2,00505,81
32900,1,4,00301,14
210000,2,2,00804,76
147000,2,2,00501,99
54200,1,2,01004,74
9600,2,2,00400,94
116400,1,1,00805,52
81200,1,3,00902,58
120000,1,1,01103,251
170000,4,2,00200,257
53000,2,2,01104,53
62900,3,4,01400,41
240000,4,4,01300,198
220000,2,2,01106,116
4500,2,1,01203,112
200000,2,5,01500,105
26300,1,1,00100,49
86000,2,4,00302,84
50300,0,2,00805,76
33150,2,2,00503,90
168800,3,2,01202,56
72300,3,2,01104,47
10300,1,1,00200,60
39200,1,1,01105,50
47000,2,2,01500,103
140500,2,3,00504,36
61400,3,3,00602,60
50000,0,1,01104,176
17000,1,1,00502,59
34100,1,1,01400,86
87500,3,4,01201,447
114000,2,4,00506,63
62800,1,2,01101,111
164000,2,2,00507,55
158000,4,3,01300,11
45000,1,1,01007,78
51560,2,2,01400,74
60000,1,1,01103,160
34270,2,2,01107,82
65000,2,2,00100,67
300500,1,2,01005,53
90000,1,1,01103,75
141200,4,7,01002,166
26400,4,1,01103,187
13700,1,1,01400,70
165000,1,1,01203,96
111010,1,1,01002,48
26000,1,1,00802,36
7300,1,1,00802,135
168600,2,2,01001,63
24200,2,1,00400,185
22920,0,2,00802,38
66000,2,2,01103,149
44650,3,3,00400,46
112400,3,6,01004,85
231150,2,2,01201,156
578000,3,2,00501,45
9600,0,1,00802,196
59900,1,1,00802,48
110500,5,2,01106,52
161020,1,1,01001,11
27000,0,2,01400,92
106700,2,4,01104,131
125000,3,3,00506,57
130000,3,4,01500,46
240900,3,4,00302,62
50000,1,1,01500,82
8000,0,1,00200,69
40000,1,1,01004,61
100000,1,1,01105,56
69000,2,2,00700,122
147770,4,6,00400,60
352400,3,3,01203,49
147000,4,2,00700,122
65900,3,3,01202,168
17200,0,1,00802,32
25300,1,1,00506,173
42900,1,2,01202,76
26000,2,2,01400,18
28600,3,2,01106,91
49000,1,2,00700,215
98400,3,2,00506,160
59100,1,5,01006,182
325060,4,5,01003,39
137000,2,2,01201,49
133100,2,5,01600,122
119000,2,2,00804,52
31900,0,2,00700,99
40500,1,1,00802,49
133300,2,2,01300,148
12040,1,1,00501,99
153700,2,2,01004,45
223580,3,4,01006,61
294300,2,2,01003,54
76000,1,3,01104,50
168600,1,2,01103,33
71000,1,1,00505,53
13800,1,1,00504,34
108600,2,2,00200,179
110000,3,2,00400,13
7700,1,5,01006,47
31500,1,2,00700,30
110700,1,2,01204,212
55000,1,1,01204,118
134200,3,3,01204,92
206500,2,2,01004,56
57500,2,2,00801,142
185000,2,3,01007,48
4500,1,1,00505,131
33100,1,1,00504,129
148400,2,2,00802,87
100000,0,1,01006,87
366300,4,2,00502,85
73800,1,2,01007,51
125500,1,1,01004,135
110000,2,7,01400,96
1400,0,1,00804,304
228200,3,6,01007,84
100000,3,2,00902,90
59800,1,1,00504,33
15400,0,1,00802,61
65000,2,5,00805,70
668000,2,2,01003,67
22700,0,1,00802,112
31700,2,2,00100,8
77300,0,1,00502,91
254000,2,4,01007,64
42000,1,1,01107,64
22000,0,1,00505,101
12000,1,1,00502,101
130000,2,1,01500,222
40000,3,2,01400,13
26500,2,4,01300,38
21000,3,2,01400,124
110000,3,3,00506,77
142200,0,6,00602,82
45300,1,1,01204,109
140500,1,2,00901,99
49000,1,2,00805,72
9200,0,1,00802,101
47700,0,1,01004,50
143560,1,2,01201,92
40000,1,1,00100,136
165900,2,2,01500,112
92000,1,1,00804,196
311000,2,4,01004,107
70000,4,4,00301,40
39000,3,2,00301,51
71700,1,2,00100,24
242000,2,3,01300,106
171000,2,3,01103,65
60000,2,1,00602,64
95200,5,8,00301,34
283000,3,3,01001,97
310000,2,2,01004,70
166900,2,5,01003,25
78100,4,3,00100,62
57200,4,2,00301,25
76000,1,1,00804,261
100670,0,4,01103,23
20000,1,1,00601,108
119800,1,2,00100,37
100000,1,1,00601,225
60860,1,1,00804,63
19800,1,1,00506,177
105600,2,2,00503,38
190000,4,2,00501,61
124000,2,2,00301,66
59700,1,1,00803,74
137400,2,2,00302,39
351000,6,5,01005,164
121900,2,2,01202,89
293400,3,2,01500,64
12000,1,3,00502,883
127000,2,5,00504,98
44700,1,1,00503,36
23100,0,1,00805,134
597000,3,2,00802,48
71000,1,1,00507,250
87800,4,6,01101,147
232800,4,3,00504,62
115000,1,1,00501,61
51310,2,6,01005,195
400000,3,3,01003,106
174900,2,2,00504,33
132600,2,2,01103,48
41600,1,1,01105,139
270000,2,4,00601,54
115200,2,2,00505,174
78000,3,1,00804,60
62640,2,2,01201,117
89800,2,2,01103,53
52000,1,1,00802,88
281000,6,6,01001,76
177000,4,4,01106,64
181000,3,4,01201,53
154000,2,2,01400,74
60100,2,2,00501,110
86400,1,3,01500,59
102000,2,5,01002,177
50000,1,1,01203,48
96000,0,3,01104,145
32500,3,1,01002,305
107000,2,3,00601,145
9500,0,1,00804,95
190000,3,4,01001,63
51500,2,2,01107,70
75800,2,3,00700,187
68000,1,1,01001,100
107200,3,3,01300,50
102200,3,5,00503,52
201000,3,4,01007,60
67300,2,4,00507,184
20700,1,1,00501,35
54000,2,3,01204,279
100000,2,4,01204,71
32000,2,3,01203,195
104300,1,3,00803,50
69000,1,1,01600,222
225000,3,4,00502,142
47500,2,2,01007,144
217400,2,2,01004,91
63900,2,3,01107,74
79700,1,1,01400,96
45700,2,2,00503,70
125000,4,2,01400,84
104400,1,2,01004,51
35300,1,6,01400,139
91600,3,3,01201,42
33400,0,3,01001,55
133350,3,2,01001,261
187000,2,4,01105,72
15000,0,2,00902,272
40700,1,1,00100,35
54930,4,6,01300,18
268600,2,2,01004,32
108500,2,2,00200,52
50000,2,1,01101,33
556800,2,3,01006,133
87000,1,2,01006,125
30000,0,2,01006,89
110000,3,2,00301,54
298900,2,2,01004,13
80000,2,1,01104,114
340000,3,5,00301,159
14400,2,3,00504,124
79900,1,1,00100,33
64200,3,4,01300,142
30200,0,1,00804,199
905500,2,4,01005,36
86000,2,4,01300,182
120000,1,1,01203,76
152000,2,2,01500,233
48000,3,1,00804,57
69600,2,2,00601,141
31800,1,1,00100,24
129600,2,4,00400,61
188000,0,2,01106,69
289500,2,2,00601,117
123500,2,2,01101,71
28900,2,3,00200,314
24950,1,1,01005,50
6540,0,2,01400,48
202000,3,3,00302,39
92000,2,2,01003,134
170000,2,3,01600,53
26000,1,2,00100,210
87500,3,2,01300,88
70000,2,2,00507,41
21000,1,1,00801,40
140000,1,2,00504,45
105000,2,3,00200,70
55600,2,2,01102,65
12600,1,1,00803,35
32100,2,3,01105,60
241500,1,2,01003,60
115000,1,5,00100,18
35000,1,5,01201,138
48000,1,1,01002,253
145400,3,3,00400,74
14600,0,1,00506,206
50000,1,1,00504,146
41500,1,1,00301,39
49080,1,1,00507,35
204000,2,3,01003,29
87060,1,2,01004,52
58900,2,2,00802,68
15000,0,1,00801,297
85000,1,1,01105,257
56000,1,1,01001,49
47400,1,6,01103,223
280000,0,1,00901,80
163500,2,2,01106,68
62300,1,1,00506,58
20000,1,1,00505,98
578000,2,1,01400,101
81240,1,1,01003,110
86400,1,2,00804,97
155000,3,4,01600,47
150400,2,2,01105,174
61000,1,1,01004,52
467400,2,2,01004,55
142000,1,1,00901,223
176600,3,5,00505,29
96000,2,1,00805,42
153000,4,2,00400,57
10520,2,2,00302,85
116400,2,2,00504,73
35000,1,3,00200,35
237300,2,4,00601,143
184000,3,5,00601,65
52000,1,2,01400,31
27800,2,2,00601,57
83500,2,2,00200,96
93000,2,5,00602,601
37000,1,1,00804,96
8,2,2,00805,65
30000,0,1,01007,252
50000,3,5,00504,61
22000,0,1,00503,151
6800,0,1,00301,74
76300,1,1,00506,116
130000,2,4,00507,42
679000,2,2,00501,136
22900,1,2,01003,57
286600,3,5,01005,102
165300,2,2,00301,51
38000,1,1,01107,53
150000,2,3,00503,37
92000,3,1,01106,60
91000,2,3,01005,46
94700,2,3,00802,36
64130,3,2,01104,51
105000,2,3,01102,77
300500,0,3,01007,134
15600,1,1,00506,75
111000,3,3,01600,75
108400,2,2,00100,13
92300,2,3,00803,30
49100,1,1,01300,261
71000,1,1,01006,60
217400,1,2,01500,172
11300,2,2,01201,49
18000,1,1,01400,111
114000,2,2,00200,69
128000,2,3,00902,66
221200,2,2,01001,91
40000,2,3,01500,83
200000,2,5,00601,55
110100,3,2,00200,19
123700,2,5,00802,92
317000,2,4,01003,86
100000,2,4,01106,61
132300,2,2,01300,57
102100,1,1,01400,64
100000,2,4,00504,90
326600,2,2,01004,54
123200,1,2,00302,71
35000,1,2,00902,325
60000,4,5,01001,168
100400,2,4,00901,44
240000,6,3,01202,283
264300,1,2,01004,59
278910,2,4,01002,133
123600,2,1,00501,92
106100,4,5,00302,109
299010,2,4,01001,250
419000,1,4,01003,71
256000,2,2,00301,78
10780,0,1,00804,66
30000,0,2,00507,158
41600,0,1,00506,84
112700,1,4,00507,238
195100,2,2,01300,109
12300,2,1,00301,75
23920,6,4,01400,89
45000,1,1,00507,48
132000,2,3,00902,109
57800,1,9,01104,106
16600,1,1,00805,157
42480,2,2,01300,35
80000,2,3,01300,83
279500,0,1,01203,134
137000,3,2,00200,134
241000,3,3,01006,57
144900,2,3,00503,91
87400,2,2,00804,54
83860,3,3,01106,58
24400,1,1,01300,44
120600,2,2,00504,59
240000,3,4,01204,63
204600,2,4,01004,61
295000,2,4,01004,16
35800,4,5,01105,146
280000,3,2,01600,161
52000,1,1,01003,73
42800,1,1,01002,154
28600,0,3,01101,56
175000,2,5,00504,86
140000,2,6,00802,116
329800,3,2,01300,48
16000,2,4,01204,243
244000,4,2,01600,37
142400,2,2,00501,48
76000,1,2,00400,45
143800,0,2,00902,118
104000,1,1,00902,177
198500,0,1,00502,167
27900,1,1,00505,52
141000,3,4,00400,79
12000,0,1,00802,112
96000,2,1,01102,145
17100,1,1,01004,112
100000,2,3,01202,79
120100,2,2,01004,15
12500,4,3,01400,113
55000,1,1,00901,48
96400,3,6,01103,48
73700,2,2,01003,106
33600,1,1,00805,60
52600,2,5,00200,83
91500,4,2,01105,92
47500,2,2,01203,32
41000,1,1,00902,58
349500,3,5,01204,249
195000,2,2,01105,110
26000,2,2,00200,62
276200,4,4,00601,277
70600,2,3,01106,96
24800,2,1,01103,66
26000,1,1,00506,154
34500,0,1,00200,136
382000,5,2,00601,164
246500,3,3,01105,77
299200,6,4,01600,298
108050,1,1,00602,52
66600,1,1,01500,150
234000,2,6,01106,58
62700,2,2,00504,121
98300,1,3,01202,123
223600,1,3,01101,42
687000,3,3,01002,50
174500,2,2,01004,49
270100,3,3,00902,60
100000,3,2,00400,94
621360,3,5,01004,47
146000,6,3,00400,66
3600,2,2,00902,33
171000,1,5,01001,30
50,1,1,01005,42
65000,2,2,01202,56
10800,1,1,00400,48
466100,2,4,01004,20
80000,1,3,00200,33
115000,2,2,00602,72
120000,1,1,00804,81
578000,3,2,01204,49
95000,2,2,01006,95
116900,2,3,01202,77
240600,4,7,01203,145
5200,2,1,00302,34
112600,2,2,00902,63
189500,3,3,01203,85
85000,0,3,00805,74
188800,2,6,01002,147
189000,2,5,00804,197
8600,0,1,00602,33
79800,1,1,01007,69
44000,1,1,01002,87
23900,1,1,00801,172
77100,2,2,01005,59
66400,3,4,01300,37
701000,3,6,01001,97
449000,2,2,01004,55
246000,4,5,00901,166
112700,1,1,00501,78
66000,1,1,01002,100
29000,2,2,00302,41
155500,4,5,01103,152
143200,3,3,00902,119
142600,1,1,01004,95
62600,1,1,00602,144
101900,2,5,01300,16
71300,1,2,01300,42
36000,1,1,00801,114
208000,3,2,00804,298
81000,1,1,00200,109
142000,2,4,00302,154
551600,2,2,00804,56
68000,2,4,00400,293
106130,2,4,00602,64
59000,3,3,01203,95
290000,3,2,01005,97
133000,2,2,00302,27
62300,1,1,00902,72
53200,1,1,01004,61
405000,5,5,00301,319
33700,2,2,01107,106
126800,2,2,01105,70
130600,5,4,01202,54
235000,2,2,00400,48
97000,1,1,00602,352
65500,2,3,01006,79
102000,2,4,01300,9
150500,2,9,01102,387
29000,1,2,01002,293
267000,3,4,01500,66
31900,1,1,01300,52
69000,2,2,00803,68
260000,2,4,01002,143
20000,0,1,00302,105
63000,2,1,01300,9
94000,1,2,01201,100
125000,4,5,01203,113
16000,2,2,00301,51
285000,3,5,01006,85
55000,1,5,01201,167
100000,2,2,00902,64
90000,2,1,01001,49
113000,2,2,00506,80
17200,2,2,01600,132
179000,2,4,01006,100
152650,2,2,01500,83
208600,2,3,00901,57
75000,2,2,00602,81
163000,2,3,01004,54
11000,1,1,00801,121
101000,2,6,00507,85
60000,0,4,01104,51
130000,3,4,00501,69
88500,0,2,01300,26
64000,1,4,00803,90
70000,1,1,00506,31
8000,1,2,01005,88
24400,1,2,01201,38
65400,2,3,00602,172
17200,1,3,00100,31
139300,3,2,00902,126
240200,4,4,00200,19
57410,1,2,01004,125
163200,4,3,01204,150
274420,3,4,01005,88
215000,3,2,00602,98
180000,2,2,00804,74
142600,2,2,01003,105
191000,4,5,00400,62
124500,2,3,00803,213
90000,3,2,01102,56
759600,4,5,01300,64
659000,2,3,01004,101
135000,2,3,00400,64
67400,1,1,00601,56
166500,3,5,00501,79
17050,1,2,01003,49
47600,1,1,01400,44
9800,1,1,01201,50
193800,2,2,01003,12
40150,1,1,01002,41
288000,2,4,00805,69
66830,1,1,01204,107
82000,3,3,00504,44
35400,3,2,01106,70
151000,1,1,01107,55
45050,2,3,01300,16
240000,4,4,00504,42
232000,2,4,00400,87
275000,2,2,01004,48
45000,1,1,00200,69
54100,2,2,00902,241
122500,3,3,00502,141
85000,2,3,01600,45
90000,2,2,00301,44
20900,1,2,00805,113
101600,3,3,00602,231
579100,3,2,01203,51
12000,2,1,00100,72
65000,3,3,00803,97
140000,2,2,00805,100
164000,5,2,01204,121
218000,3,2,00805,110
55700,2,3,00506,42
238000,2,4,01105,75
140000,2,2,01105,9
12600,2,1,01201,101
57000,2,4,00602,102
55000,2,3,00901,80
70000,1,1,01005,158
97500,2,3,01600,65
255400,4,5,00901,85
153000,2,5,00505,70
118100,2,2,00507,31
114000,2,2,00506,58
96000,1,3,01107,530
100000,2,1,00502,233
4400,0,1,01400,154
368000,2,2,00503,78
97000,2,4,00301,133
204900,3,2,01106,66
222000,3,3,01102,64
132050,4,6,00302,285
215600,2,3,00400,47
58600,2,2,00802,30
73100,1,2,01004,36
578000,2,3,01004,53
212000,1,1,00505,56
83000,2,3,00601,191
195700,1,2,01005,96
21400,0,1,00805,85
54000,3,7,01500,111
82150,2,2,00803,76
123000,1,6,01101,94
30000,1,1,01105,170
8700,0,1,00804,490
280800,3,4,01003,55
147600,2,3,00602,56
76000,2,4,00506,85
222160,2,2,01004,59
120000,2,2,00505,43
114000,1,2,00301,71
74060,1,1,01106,50
106000,2,3,01004,19
213000,4,3,01500,191
68900,1,2,01400,186
58000,0,1,00804,117
145000,1,2,00901,100
221300,4,5,01003,56
67000,1,1,01005,105
143000,2,2,00302,52
295000,2,2,01201,114
105000,1,2,01005,51
100000,3,4,00504,91
191000,1,2,01003,97
145200,2,2,01102,65
4660,0,1,00801,105
203800,3,3,00301,86
68100,1,1,00601,52
64000,1,1,01002,56
155600,3,7,00501,107
104300,2,6,00502,130
369800,4,9,01101,30
68000,3,2,01500,60
165100,3,3,00503,142
60000,1,1,01107,276
34100,1,1,00801,73
3000,2,1,01106,72
70000,2,2,01300,27
82000,1,1,01500,259
275600,2,1,01400,51
110000,1,3,01500,46
23000,1,5,01500,105
226000,2,2,01203,86
98930,2,1,00200,46
300000,2,2,01500,78
120500,1,2,01005,40
69900,1,1,00301,50
103500,2,1,01600,66
150800,3,3,01007,143
150000,1,3,00901,67
388000,2,2,01004,50
85000,2,2,00804,61
44000,1,1,01101,81
57600,2,3,00301,249
68080,5,2,00901,37
17300,1,1,01003,121
18000,1,1,01104,64
60000,2,2,01400,38
103000,2,5,00901,404
91000,3,3,01300,33
133600,2,2,01300,61
105700,3,1,01400,93
303000,1,1,00902,89
166600,2,2,01400,75
110000,2,2,00902,107
43200,1,1,00901,77
73500,2,4,01202,449
101400,3,3,00505,156
248000,2,5,01201,306
56400,1,1,01002,55
168000,2,3,01203,177
46200,2,3,00506,59
103300,1,2,01005,36
295500,0,1,00507,84
144000,3,4,00301,297
167000,2,4,01500,64
191000,1,1,00805,54
185000,3,3,00400,50
11210,1,1,00301,69
7000,1,1,00601,78
52300,3,4,01107,161
80000,1,1,00302,42
108800,2,3,01006,126
200620,3,2,01500,169
114600,2,2,01005,33
90000,2,3,01004,71
93000,1,1,00804,143
152700,2,2,01400,51
158700,3,3,01003,30
158000,1,1,01005,135
266000,4,4,00501,375
212000,2,4,01005,53
54000,1,1,00801,68
60300,2,3,01101,134
7500,1,1,01104,218
13000,0,1,00802,62
120000,2,5,01001,53
125000,2,3,00505,98
80000,1,1,01500,110
189000,1,3,00805,63
90000,3,3,00501,34
83300,2,1,00700,46
812000,4,3,00901,321
83800,4,3,00700,76
28700,1,1,01103,155
167000,3,5,01204,67
74000,1,2,00803,88
40600,1,1,00804,87
111000,2,2,01300,51
124000,2,2,00400,69
34000,2,1,01202,23
131000,2,5,01006,50
131000,4,2,00400,52
144000,4,4,01203,83
145600,2,3,00902,61
110000,2,5,00302,84
50520,1,1,01500,50
19200,0,1,01104,77
137600,4,2,01001,51
78000,1,1,00302,59
25240,1,3,01203,92
50000,0,2,01004,101
98700,4,4,01600,26
50200,2,3,01104,73
82400,2,2,00302,32
41000,1,1,00100,28
104000,2,2,01300,89
223070,3,4,00200,69
208800,2,2,01201,47
88000,2,2,01004,133
27000,1,1,00601,120
410000,2,3,00301,50
27100,1,1,01400,102
246000,2,2,00501,71
18600,2,2,00400,49
225000,3,5,01500,581
220000,2,2,01005,130
23940,2,4,00504,56
235000,2,6,01001,52
272000,6,4,01001,230
70000,2,4,00901,70
28000,2,2,00200,48
140000,3,5,00803,54
91000,2,1,01600,99
30900,1,1,01105,85
45000,1,2,01104,93
122000,2,4,01004,56
110000,3,3,01101,36
62830,4,2,01204,107
266000,2,4,00602,69
11000,1,3,01104,220
120000,2,2,00803,137
21000,1,1,00501,72
40700,2,2,00902,123
222000,2,4,00902,150
60500,1,8,01400,83
27600,2,2,00100,34
32000,2,1,01300,79
100200,4,4,00503,58
137000,2,5,00505,195
60600,2,2,01003,80
97000,2,5,01002,128
75000,2,2,00803,61
150000,1,1,00901,79
100000,1,1,01105,218
200000,2,3,00902,97
88400,2,2,01500,124
181400,1,1,01202,62
176590,5,4,00302,149
107000,2,2,00503,154
246000,2,2,01001,13
105000,3,3,00200,64
7600,1,1,00802,105
98400,1,4,01105,69
185000,2,2,00601,31
142000,1,2,01101,51
250000,2,2,01300,36
149400,3,4,00700,58
80000,2,2,01003,57
71060,1,2,00805,111
257400,2,5,00501,69
44600,1,1,00507,53
210080,1,2,01103,69
2200,2,2,01005,97
78600,2,2,00100,53
101100,0,1,00301,47
58000,1,1,01102,95
70000,2,3,00505,117
102000,2,4,01007,88
44100,2,2,01500,186
55000,2,2,01102,87
197640,2,2,01104,101
71200,2,2,01004,53
24700,1,1,00502,224
344400,2,2,00302,50
320000,2,4,01004,57
228100,1,3,01201,329
70000,1,1,00301,57
95000,2,2,00601,87
25200,1,1,00400,71
372100,2,3,00901,114
218700,4,2,00507,40
146000,3,5,00601,53
529000,4,2,00400,61
192000,3,6,01106,45
190200,1,1,01400,150
106000,1,4,01004,52
638000,1,2,01002,80
150000,2,2,00803,130
1176000,0,5,01103,69
13700,2,2,00700,34
113400,1,3,01105,57
100000,2,2,00302,134
14600,2,1,01003,33
296000,3,3,01204,53
20000,2,1,01204,52
245000,2,4,00504,43
80000,4,2,00301,58
70000,3,3,01005,34
91000,1,2,00506,46
225500,2,2,01004,100
72200,3,3,00700,46
202000,2,4,00902,134
85700,2,4,00803,65
26000,0,2,01006,119
159200,3,3,01300,145
70300,3,2,01002,46
17200,1,1,00700,304
374700,4,2,01001,52
370700,3,3,01106,53
209900,2,2,00301,91
92100,2,2,00507,83
11100,0,1,00804,58
108000,3,2,01203,93
85000,1,1,01006,106
320000,2,2,01203,236
127100,2,2,00602,56
146850,2,2,00507,60
23000,2,1,01001,6
212000,0,4,00601,97
72400,1,3,01101,252
102200,3,6,00700,155
81000,1,2,00802,87
189000,2,3,00302,79
464200,6,5,00302,88
11000,5,7,01002,130
1700,0,1,00505,95
53000,2,4,00505,369
196000,2,2,00503,61
27850,1,1,00100,52
282000,3,5,00503,146
5800,3,2,01202,526
146900,4,4,00901,58
72900,2,2,00400,95
307620,2,5,01204,250
80810,5,6,00302,46
166320,2,3,00507,30
241000,1,2,00804,62
68000,1,1,00805,52
165000,3,3,00301,74
232000,2,2,01107,28
92000,2,3,00501,89
142200,2,2,00901,120
82600,2,2,01101,44
278000,2,3,01203,117
31200,0,1,00805,138
103000,4,5,00301,195
193000,2,4,01005,125
40000,1,1,01104,318
47600,1,3,01003,248
120000,2,2,00602,50
130800,2,5,01204,87
215000,1,3,01004,12
146300,3,5,01001,85
234100,2,3,01001,95
240000,4,3,01204,89
296000,3,6,00302,56
49660,0,2,00504,85
41500,1,2,00503,138
27500,2,2,00302,151
264500,4,4,00601,49
215100,3,3,00902,55
92800,1,2,00602,103
81600,3,2,00200,250
50000,2,2,00302,415
45000,1,2,00507,89
45100,1,1,01004,106
39500,2,1,01204,60
63000,1,1,00504,143
173500,3,2,01204,143
47000,0,2,01006,126
124500,3,10,01400,135
121000,2,6,01300,35
95500,3,4,00501,51
55500,1,2,01007,58
287000,2,4,00902,101
67000,1,1,01101,77
122270,4,2,01204,78
25400,0,1,00503,75
24600,0,2,01104,66
156000,2,2,01201,58
57500,2,1,00601,111
288200,2,2,01006,54
182000,1,3,01004,100
5000,1,1,01600,97
82300,2,1,01500,57
35700,1,1,01105,54
74000,2,6,01203,121
100760,2,2,01500,49
130000,2,2,00506,34
419500,6,2,01204,83
48000,1,2,00505,77
87000,2,4,01001,89
130300,3,2,00501,55
132000,2,2,00804,140
211000,2,2,00502,75
25400,3,2,01204,100
173400,1,3,00902,52
188300,1,2,01004,52
59400,2,2,01300,8
117000,2,2,00902,91
188460,3,4,01300,57
55000,2,2,00507,143
77300,3,2,01500,53
192000,2,3,00507,36
128000,2,2,00804,157
147000,2,1,00902,209
81000,1,1,01003,295
263600,4,5,01004,23
159000,2,2,00301,29
59000,2,2,00100,70
86900,2,2,01300,57
27000,1,1,00200,21
54800,1,1,01106,90
151500,2,2,00501,67
503900,6,5,01006,101
15000,2,2,00902,192
116000,3,3,00804,119
50800,0,1,01105,706
38000,2,5,01105,140
42600,3,2,01104,41
52000,2,1,01001,86
20000,1,1,01107,133
40000,1,1,00100,57
169200,2,2,01003,33
125000,1,1,00804,34
395000,2,2,00503,58
184600,6,2,01107,78
88000,2,2,01106,83
9500,0,1,00802,241
6000,1,1,00200,63
36600,0,4,01007,43
17000,1,1,00601,59
266000,4,2,00301,72
58000,4,4,01202,83
185000,4,2,00802,47
114500,4,2,00801,100
48000,2,2,00100,103
56000,1,1,00302,163
130000,2,3,00805,63
16600,1,1,00802,120
171000,3,2,00601,42
83500,2,4,00902,58
157850,2,3,01003,84
203500,0,3,01107,77
200000,2,3,01400,74
94000,0,1,01003,44
11750,1,1,01003,54
35100,1,1,00602,63
150000,1,1,01001,60
44000,2,2,00100,166
208000,1,2,01104,36
243700,2,6,01107,77
41200,1,1,00200,32
120000,1,3,01103,117
67900,1,2,01001,56
72000,1,1,00302,56
117000,5,3,00302,155
49000,1,1,00805,132
285000,2,5,01007,100
104100,2,2,00901,68
190800,2,6,01106,33
17900,0,1,01107,302
68000,2,1,00301,61
83100,1,6,00501,132
92000,1,2,01106,89
124000,1,2,01003,132
8200,1,1,00805,167
42000,3,4,01202,60
95100,3,4,01105,57
20400,1,1,00805,188
145000,3,4,00700,131
133600,1,1,01001,95
110600,1,1,01105,98
58000,2,1,01005,46
101200,6,1,01201,100
94500,2,1,01005,103
23000,1,1,01400,45
75000,2,2,00503,54
331650,4,6,01001,61
51200,2,2,00400,137
1800,0,1,01005,103
105000,2,3,01003,72
138200,2,2,01101,58
18300,1,1,01300,63
449000,2,2,01204,100
137130,2,2,00301,49
94000,2,2,01600,48
99000,2,2,00501,128
89700,2,2,00503,96
8000,0,2,01004,67
95050,2,2,01003,163
18000,2,2,00100,12
20400,0,1,00802,59
140000,1,1,01600,28
150600,2,2,00504,79
93600,5,4,01204,89
30000,1,2,01001,97
138000,1,1,01104,208
77600,2,2,01300,42
185040,1,1,01300,7
61000,3,5,01107,55
211000,1,2,01007,101
189500,1,2,01001,64
9600,0,1,00804,55
90800,2,2,00902,92
177000,2,4,01005,47
279000,3,5,00505,107
275600,2,5,01204,176
77800,1,2,00602,108
24900,1,1,00504,68
294000,5,3,00902,94
30000,2,2,01300,25
146300,1,2,01106,193
60800,1,1,01102,83
16700,1,2,00505,89
257000,3,6,01204,271
591200,1,2,01004,12
152900,2,3,01001,11
13000,1,1,01400,50
300900,2,4,01001,53
21200,2,2,00504,91
159800,3,5,01400,274
281000,1,3,01001,61
40200,6,2,01500,59
57900,2,2,01001,56
260000,3,2,01600,153
185000,2,4,00400,217
119000,1,3,01004,86
250000,2,4,00901,48
170000,2,4,01106,321
293700,3,2,01107,130
48000,4,2,00302,29
95800,2,2,01107,77
26110,2,1,00507,31
69030,1,1,01003,39
1500,2,1,01204,105
232000,2,2,00505,47
48910,3,3,01005,87
63200,2,1,00200,45
231000,2,3,01105,96
60300,0,4,00506,186
50000,2,1,00700,64
120000,1,2,00504,96
65000,4,4,01203,123
86000,2,2,00504,52
279000,1,1,00302,59
156500,2,3,01003,92
48000,1,1,00507,62
76800,2,2,00700,13
107000,5,5,00506,42
140000,0,2,01600,47
53000,1,4,01001,246
31100,0,3,00602,343
60000,1,2,00504,186
23000,0,3,01105,179
30000,0,1,00801,136
25500,1,1,00503,97
220000,1,1,01003,67
15100,1,1,01004,57
332000,3,4,00400,140
131610,4,3,00301,63
141900,2,4,00902,106
54200,1,2,01006,254
87500,1,1,01103,89
36000,1,1,01400,54
101600,3,4,00501,79
42200,2,2,00200,24
61100,1,1,00200,53
108000,2,6,01203,384
13500,1,1,00100,57
220370,4,3,01201,159
195200,2,2,00902,75
81000,1,1,01101,57
87000,3,3,01204,299
49000,1,1,01005,103
22000,3,2,00507,224
85000,1,1,00805,37
77110,2,2,00400,91
550,1,2,00504,285
25000,1,1,01002,63
87500,1,2,00801,139
65200,2,3,01102,211
103600,2,2,01300,44
57600,1,2,00601,276
100800,2,2,00601,51
257000,1,2,00700,42
157000,2,2,01300,89
72000,2,2,01300,106
24700,2,5,01003,86
22000,0,1,01005,143
100000,1,1,01105,159
142500,1,1,01105,53
166200,1,1,01006,45
188800,2,2,01101,25
143000,2,4,00601,61
334500,2,4,00901,69
77400,0,2,01102,88
100000,1,1,01003,138
127000,2,4,01203,114
104500,2,6,01300,54
133800,2,4,01202,78
52400,2,2,01006,89
116000,2,4,00902,124
304700,2,2,01001,145
160400,2,3,00301,50
50000,1,4,00501,81
46600,2,2,00506,66
394000,2,2,01004,85
46450,2,3,00100,18
35900,0,1,00504,180
225000,4,5,00302,90
7300,1,2,00805,60
428000,3,2,00601,54
192500,5,3,01001,102
14400,1,1,01400,57
72800,1,2,00505,38
122600,2,2,00100,32
113000,2,4,01001,39
12600,0,1,01103,75
79400,1,2,01105,131
187200,2,5,01003,35
232500,2,4,01004,98
70000,1,5,00301,112
298000,4,4,01500,145
247200,3,3,01106,68
272000,4,3,01600,153
25300,1,2,00804,82
70750,1,1,00901,72
153000,2,5,01004,51
142000,3,6,00902,86
68200,1,3,00503,95
145000,4,3,00501,43
177000,2,4,01201,284
95730,1,1,01103,22
221500,3,3,00507,81
49300,0,2,00804,55
41000,2,1,01007,108
73000,1,2,00502,350
116000,1,1,01500,107
110700,1,1,00100,14
91300,2,2,01104,149
5000,2,2,01400,69
168500,2,2,00200,85
120000,1,2,01004,74
112000,4,3,01105,34
55200,1,2,00504,59
161000,2,3,00602,86
40600,0,4,00902,64
21600,1,1,01005,117
27900,2,2,00506,36
8700,0,1,01001,42
176200,2,2,01107,191
91000,3,3,01001,37
239500,4,5,01005,78
210200,2,2,01002,81
184000,2,2,01201,124
153110,3,3,01600,67
65800,3,3,01500,103
42000,1,4,01003,117
85040,0,1,00901,82
12340,1,1,00602,55
62600,3,3,01003,49
249800,5,4,01203,55
283000,2,3,00301,21
9500,0,2,01002,106
79700,1,3,01104,53
47500,1,2,01105,169
22000,1,1,01400,131
70300,1,2,01004,47
30200,0,1,00200,89
351500,2,2,01005,44
95000,2,4,00505,47
177000,2,2,00503,60
75000,1,1,00602,91
43360,1,1,00601,49
32000,2,2,01006,49
47000,2,5,01600,24
138000,1,1,00803,94
161000,3,5,00601,65
37200,2,2,00502,190
156000,1,1,01003,37
278000,2,4,01001,106
39000,2,6,00501,60
79800,3,2,00601,133
5200,1,3,01102,184
165300,2,3,01103,92
73000,2,4,01102,61
103000,2,3,01300,22
82000,3,1,00902,47
18000,0,1,00802,64
40450,1,1,01600,98
60400,2,2,00503,93
138000,3,3,01002,77
232000,4,5,01006,98
106800,1,2,01003,275
42800,2,2,01400,42
10400,0,1,01005,78
176490,2,2,01002,93
78600,2,2,00302,55
59700,1,2,01204,273
94000,3,2,01500,60
45000,2,4,01201,392
78000,2,4,01400,50
29000,1,1,01001,361
122000,1,1,00200,58
9930,1,3,01005,385
181500,4,2,01105,329
578000,3,5,00501,146
112200,3,2,00200,65
299200,2,3,01005,87
132000,2,1,01106,109
52000,1,2,00200,30
48500,3,2,01400,86
125000,2,2,01203,28
23000,1,1,00507,51
266200,2,4,01004,39
58600,1,1,00502,105
95000,2,2,01003,284
50040,1,1,00700,150
1080450,2,2,01004,34
408700,2,2,01005,105
12000,2,2,01600,134
546200,3,6,01105,88
87000,2,1,00700,88
73000,1,2,01103,51
37500,1,1,01204,74
71900,2,2,01500,63
133100,2,2,01300,73
189000,2,3,01106,139
127000,2,1,01107,65
795000,2,3,01105,56
158100,2,4,01600,169
49500,2,4,01105,68
41300,2,2,00100,28
203400,2,2,00901,103
194000,4,2,00100,92
26900,1,1,00200,138
122000,1,2,00805,34
53000,0,1,01103,98
58000,3,2,00501,112
175200,2,2,00506,79
183200,2,2,01106,82
651000,2,3,00301,16
156630,1,1,01005,284
89500,2,2,00100,38
187050,2,4,01101,105
55000,2,2,00100,59
48000,1,1,01202,98
44700,1,3,00502,86
152020,2,3,00805,147
61300,1,2,00506,48
115000,2,3,01300,8
51000,2,2,01006,37
59600,2,3,00902,70
72200,2,2,01203,94
136000,2,2,01300,8
114000,4,2,01004,102
54600,2,3,00902,66
688000,2,3,00901,122
196600,5,6,00502,156
215600,2,2,00400,24
53000,3,2,00100,50
32000,3,1,00503,66
156000,4,3,01105,35
339000,3,4,01203,122
246300,2,4,01007,51
231400,3,3,00400,175
291200,2,5,00901,66
19700,0,2,00302,217
228000,2,2,01001,82
203000,2,1,01201,66
26700,1,1,00400,50
82500,2,2,01300,7
17200,1,1,00805,104
309200,2,1,00400,113
234000,2,4,01007,225
204000,2,2,00901,76
10000,0,1,00803,95
86020,0,1,01004,38
275000,2,4,01202,192
428000,1,2,00507,82
85000,2,2,00601,82
69200,1,1,01500,97
150000,1,1,01006,161
167000,4,3,00601,84
100900,3,2,00502,145
34200,1,2,00503,56
104300,2,1,01600,97
137500,2,3,00503,80
270000,2,4,01003,65
28100,1,2,01004,39
652000,2,4,01203,143
23000,1,1,01300,81
160000,3,4,00502,108
497000,2,2,01500,130
4400,1,1,01300,61
156800,3,4,00302,67
45000,1,1,00503,95
117800,2,2,00504,40
72400,2,2,00801,160
39600,1,2,01101,112
112000,2,2,00602,52
27600,1,1,00200,50
97000,1,1,01203,110
95000,2,2,01003,49
20300,1,1,01300,28
678400,2,3,01006,55
51000,0,1,01202,83
156000,2,2,01204,108
27900,1,4,00302,63
36000,2,3,01600,161
90000,1,1,00802,175
291500,2,3,00502,140
164000,2,4,00901,67
87800,2,2,00302,325
111000,3,5,01500,112
210500,4,7,00505,72
64000,3,5,00200,118
53000,1,2,01102,188
78000,2,3,01004,63
388000,3,4,01002,76
98900,2,2,00501,55
561600,3,11,01103,18
232650,2,2,00902,93
228300,2,2,01003,104
416000,2,4,00502,122
1156000,2,4,01003,68
26200,3,4,01201,98
271100,3,3,01001,28
105000,2,3,00602,80
44300,2,2,00200,80
62800,1,3,00200,64
422000,6,5,01400,93
60000,1,1,01102,135
50100,3,3,01203,187
96000,1,1,01600,92
92200,2,2,01103,47
110000,2,1,01105,51
277500,2,5,01105,242
71000,1,3,01103,166
102800,2,2,01300,29
108240,1,2,00804,38
250340,0,4,01001,89
1400,1,1,01400,245
151850,2,2,01106,212
225000,3,2,00400,55
31100,1,3,00502,578
241200,3,3,00301,74
192000,2,2,01600,55
67200,3,2,00100,23
207000,2,2,01004,58
61900,1,2,01004,128
171000,3,4,01104,65
181500,2,2,00301,58
163500,3,4,01101,121
75100,1,1,01500,92
180000,2,1,01500,83
58000,1,1,01201,500
159000,5,2,00506,74
54000,5,4,00200,321
8600,0,2,00805,44
197500,2,3,00902,286
51600,0,3,00302,110
53000,1,1,01202,290
12300,2,2,00801,284
59000,2,2,01005,26
67000,1,1,01005,59
111200,3,2,01107,62
25530,2,3,00801,134
101600,2,2,00100,17
39000,1,2,01101,42
217300,5,5,01106,63
80000,1,1,00503,94
219000,2,3,01600,60
27000,1,2,00507,86
150000,3,5,00507,65
163100,3,3,00501,77
40000,2,2,00504,35
33900,2,6,00400,127
19300,0,1,00302,37
144000,2,2,01500,151
90000,2,6,01201,37
41500,2,2,01400,128
133000,2,6,01105,108
1300,1,1,00601,37
76900,5,6,00400,63
42300,1,1,01203,94
112000,1,2,01106,45
155000,1,2,01104,224
111000,2,2,01300,64
58500,2,2,00302,53
346000,1,1,01001,36
309200,4,8,01107,181
85000,1,1,01102,96
23900,2,2,00506,210
83000,2,2,00400,71
280000,2,4,01001,82
140000,3,4,01106,128
200400,4,5,00301,52
28700,2,2,00506,156
38200,2,1,00100,111
273700,6,5,00400,96
45000,2,2,00400,76
330000,2,2,00901,28
23200,3,4,01003,60
62400,1,2,00602,210
95000,2,3,00505,57
26100,1,1,00505,54
140000,1,3,01003,80
85000,1,1,00302,234
112900,2,2,00400,50
86190,2,2,01006,86
45000,1,1,00601,51
193100,2,2,01004,96
45100,2,4,01004,60
77900,2,3,01002,82
100000,1,4,00400,45
55000,3,2,01300,11
67000,2,1,01105,45
47500,2,2,00505,24
191100,2,5,01003,37
127300,1,4,00506,127
730000,2,2,00504,58
141000,2,2,01202,58
240000,2,2,01201,48
91000,3,2,01001,48
67410,2,3,01300,96
148800,2,2,00400,59
95000,1,1,00200,42
33400,1,1,00803,78
114500,3,2,00505,31
248600,2,2,01106,63
270400,2,6,01006,38
175000,2,4,00507,103
126000,3,4,00507,45
15200,0,1,00805,45
212000,2,2,01300,52
54400,2,7,00804,147
8100,1,4,00400,87
21200,0,1,01500,93
40500,1,3,01103,69
90000,1,1,01105,64
100000,2,2,00901,28
117400,2,4,00504,107
62000,2,2,01400,100
92300,3,2,01107,118
70900,2,2,00902,63
177000,3,3,00505,66
15000,1,1,01102,277
257200,2,2,01106,49
45000,1,1,00507,301
89000,3,3,00902,64
69000,2,1,01600,59
232800,2,2,01600,79
127020,1,2,01007,109
3900,0,1,01104,428
58100,1,3,00507,217
366140,2,2,01004,54
43850,1,5,00804,56
298800,1,4,01204,57
119700,1,1,00506,62
120000,2,3,00506,157
210000,2,2,01204,92
147800,2,2,01002,63
284600,4,4,00200,244
583500,1,4,01005,47
48400,4,5,00803,76
128500,2,3,01005,14
86500,1,2,00602,208
101000,1,1,01500,98
83100,2,3,01002,148
97600,2,4,01105,48
162000,2,2,00301,63
87000,1,1,00700,128
295000,3,5,01006,96
59000,1,3,01107,117
219000,1,2,00504,101
13000,0,1,01300,88
95700,3,7,01201,81
60900,1,1,01201,147
678000,3,6,01004,56
42000,1,1,00504,153
14000,0,2,00805,95
191000,2,2,00901,56
313750,5,5,01201,56
252000,2,2,01001,53
85000,3,3,01006,164
151600,3,3,01204,81
147000,3,3,00505,74
34700,1,1,00902,73
172000,2,5,01004,63
100400,1,1,01600,104
112400,2,1,00503,96
55000,1,1,01500,136
110500,5,5,01002,66
161400,4,3,01600,133
92500,3,2,00400,148
332400,5,2,00902,119
80000,1,2,00803,31
31000,1,1,01001,122
50000,0,1,00100,293
197170,2,4,01007,91
260000,1,1,01004,110
50040,1,1,01201,109
124000,2,2,00902,113
18000,2,1,00505,100
194600,2,3,01600,45
136150,2,4,01102,128
285700,2,2,01204,109
10630,2,2,01300,117
115000,2,2,01400,120
212600,1,2,01400,64
90030,1,1,01204,111
54000,2,1,00805,69
30000,2,1,00100,91
120200,2,4,01500,98
19600,2,2,00902,107
302400,3,4,01004,56
162000,0,1,01102,122
9300,1,1,01400,15
2000,1,1,01005,51
142000,2,2,00200,83
184000,4,5,00505,97
27700,1,1,00502,170
28000,1,4,00602,183
150800,2,3,01500,72
5000,2,1,00400,22
188400,2,2,01007,50
19000,2,1,01107,251
79200,0,2,00804,34
199400,1,2,00804,193
32200,2,1,00505,115
80000,2,5,01300,125
80000,2,2,01300,39
110000,2,3,00504,61
79400,2,2,01500,51
150600,3,4,01103,15
67200,2,4,01204,245
82020,1,1,01002,66
65000,1,1,01002,111
140000,2,2,00602,103
60000,2,1,01204,49
74700,2,2,01003,32
157500,2,3,00901,98
93900,4,2,00601,52
92200,1,1,01002,86
210000,3,2,01400,103
60000,1,1,00200,125
35000,1,1,00100,62
14340,0,2,00801,135
63400,2,3,01400,72
261500,3,4,00503,47
52000,2,2,01300,15
436000,2,2,01204,48
70000,1,1,00506,168
105000,2,2,00602,229
169000,2,2,01204,88
190000,2,4,00501,99
22000,1,2,00802,248
134800,2,5,01204,117
329400,1,2,01105,104
67500,1,2,00301,63
45000,1,2,00400,59
98000,1,1,00302,238
10400,0,1,01107,66
214000,3,5,01003,54
160200,5,4,01102,52
90000,3,4,01002,285
81600,1,2,00803,56
80150,2,2,00100,38
40500,3,3,01002,78
29000,1,3,01103,158
132000,2,4,01400,90
126000,3,6,01102,273
145000,3,4,00801,192
80000,2,2,00506,64
21700,1,1,01300,106
38730,1,2,00504,201
28300,3,2,01102,106
75000,2,2,01300,70
2790,2,3,00803,59
43800,0,3,00200,29
105000,2,2,01204,57
97000,0,1,01104,96
13000,2,1,00700,279
295700,2,4,01003,54
12600,0,1,00200,81
58000,1,1,01101,53
35800,1,1,00200,101
135000,2,3,00502,146
200000,3,4,01105,111
56300,1,2,00602,45
355000,3,6,01003,94
132950,3,4,01201,176
72000,1,3,01202,236
100000,2,1,00700,609
198800,1,1,01104,120
61000,1,1,01004,43
110000,1,2,01107,169
590000,2,4,01003,48
236000,5,3,01204,120
22100,2,3,00501,70
9600,0,1,01400,109
56000,1,2,00506,271
137800,3,2,01105,14
793530,3,4,01004,64
29000,1,1,00100,31
18800,1,1,01003,40
82000,1,1,00302,183
88000,1,1,01007,41
80000,1,1,00805,41
59000,1,1,00805,55
283500,2,4,00901,68
155000,2,2,01204,127
444200,4,2,00901,67
269000,2,2,00802,64
200000,2,2,00501,115
9500,0,1,00803,101
39100,2,1,00503,43
57600,2,2,01203,102
148200,2,3,00803,51
113130,2,3,01002,108
30000,2,2,00200,224
9400,1,1,00400,266
433000,3,2,00301,60
43600,2,2,01203,49
722000,2,2,00802,45
179000,2,1,01006,66
55000,2,1,01300,56
95000,2,2,01104,93
43100,2,2,00400,67
45000,2,7,00601,54
22400,1,1,00804,162
93700,3,2,00400,94
38400,1,2,01104,145
25000,0,1,00805,71
5800,1,1,00100,57
65000,2,2,00400,180
50400,2,2,01103,113
16200,1,1,00200,90
90400,0,2,01003,53
415000,2,4,01005,14
103400,3,5,01201,130
130000,2,3,00302,89
196800,2,4,01600,44
61600,2,2,00901,123
116600,3,4,01101,77
278600,4,2,01004,45
220000,2,2,00400,133
30000,2,1,00803,217
61500,2,2,00901,95
22000,0,4,01004,120
212200,2,2,00302,50
69000,1,1,01005,119
691500,3,5,00700,89
29000,1,2,00700,21
107000,2,2,00501,83
702000,2,4,01005,129
220000,2,3,01006,96
25000,2,3,01300,23
46000,1,1,01600,104
58000,1,2,01005,46
87000,1,1,01104,365
34800,2,2,00601,45
224000,1,1,00501,150
155800,2,2,01201,146
125500,2,1,01002,50
26000,1,1,01204,75
238800,1,3,01001,91
135000,2,3,00802,38
104930,3,3,00901,126
175000,0,1,01006,87
54000,1,1,01105,73
26900,2,3,01202,105
133000,3,2,01300,23
63000,2,5,01101,60
579800,2,4,01004,57
22800,1,1,00601,32
238000,1,3,00802,117
161000,3,5,00502,93
13200,0,1,01006,79
296000,2,3,00902,51
578000,4,2,01400,90
140800,1,1,01001,61
109400,3,5,01106,59
213120,4,4,00400,172
52000,1,1,00506,63
117000,2,2,00301,75
194400,3,4,00301,56
40000,0,1,01103,35
31700,1,1,01107,81
236100,4,4,00901,98
322000,2,3,00901,69
116000,2,2,01300,81
49800,1,1,00504,82
7000,1,4,01101,122
91800,1,2,00505,126
11000,0,1,01104,31
301000,2,2,00501,60
32000,1,1,01102,111
189300,4,5,00302,66
33000,1,2,01103,113
107000,1,1,00302,137
28400,1,1,00200,26
100700,4,7,01500,159
190000,1,1,00302,102
38500,1,4,00803,243
165000,2,5,01003,34
119000,3,2,00700,138
235300,3,4,01204,60
418500,1,6,00502,254
60000,2,1,01102,88
27000,2,2,00506,120
9700,0,1,00502,84
51000,1,1,00100,40
159600,3,5,00501,38
117000,3,2,00504,57
65000,1,1,01002,222
80000,0,1,01004,72
376000,1,1,01007,84
603000,1,2,00802,50
578000,2,2,01400,94
42400,1,1,00901,91
20000,1,1,00805,53
33000,3,2,01105,55
20000,2,6,01400,150
97000,2,2,00503,54
9000,1,1,01105,57
57000,1,1,01105,62
170000,2,4,00507,36
86000,1,1,01106,128
113600,2,2,00505,145
41600,2,2,00902,82
107300,3,2,00601,50
181900,2,2,00804,83
165200,2,4,00902,114
21000,2,2,00804,62
25180,1,1,00805,60
145000,1,1,01005,66
55400,1,2,01500,80
18650,1,1,00801,226
85000,1,2,01106,51
61200,2,2,00400,77
129900,3,6,01001,86
200000,3,4,00400,59
802800,3,2,01001,100
41000,1,2,01005,91
215000,2,3,01003,55
19200,1,3,00501,220
240000,4,4,01004,45
95700,0,1,01204,109
46930,1,2,01400,90
131000,3,3,01106,72
9400,0,5,00506,35
25000,4,2,00301,69
46200,0,1,00100,63
213200,1,2,00801,229
255000,3,3,01203,84
75800,2,2,00100,30
167000,3,2,00400,150
46600,1,1,00507,33
50000,1,1,00801,282
187200,3,3,01600,83
110000,3,2,00502,70
124200,5,7,01005,55
304100,2,3,00501,295
95500,1,2,01006,60
152000,2,4,01107,91
28600,2,4,00506,114
79400,0,1,01002,139
9600,1,1,01107,73
37200,3,1,01300,28
85000,1,1,00901,105
105000,1,1,01004,104
22000,1,1,01001,8
238000,2,2,01005,94
210200,2,3,01005,67
43400,2,3,00601,93
3400,0,1,00507,84
458000,3,2,00503,39
95900,2,3,01003,95
31200,2,2,00501,107
78400,3,2,00100,41
147100,2,3,00502,158
156000,1,2,01101,62
86300,3,3,00302,75
143000,6,2,00503,38
184300,2,4,00902,96
40700,2,2,01600,41
133050,1,1,01001,102
20300,0,1,00700,190
4,2,2,00901,108
38400,0,1,00700,57
263400,2,2,01005,70
270000,3,4,01103,43
105000,1,1,01006,68
151000,2,5,00902,108
50000,2,2,01001,62
70500,3,3,00302,85
6900,1,1,00100,63
92000,2,1,01003,99
355800,2,2,00504,37
126000,1,1,01204,91
30000,2,4,00200,187
94500,3,5,01600,118
42200,1,3,00601,86
69300,2,3,01204,312
383200,4,4,00902,111
123500,4,3,00200,61
499230,3,3,01003,59
94800,2,4,00901,132
74000,0,2,01600,55
119000,2,3,00902,29
101000,2,4,01104,186
149500,1,1,00505,31
76000,2,3,00601,260
209000,1,3,00902,124
200000,2,1,00503,39
181000,2,2,01007,122
40000,1,1,01007,233
82500,2,1,00505,157
1800,0,1,00505,195
89000,1,1,00902,163
171000,1,2,01005,135
418000,2,4,01101,61
26600,1,1,00803,59
25900,1,2,00803,44
152100,5,3,01600,175
52000,1,1,00200,104
223000,2,3,00602,84
150550,2,3,00501,81
110000,2,2,00700,204
28000,1,3,01103,90
115000,1,4,01202,197
13480,4,5,01400,24
56000,1,1,00502,82
185000,2,4,00601,92
23400,1,1,01001,30
192000,1,1,01105,41
144000,5,3,01300,17
200200,2,3,01003,14
110000,2,2,00504,90
25000,0,1,00805,523
97000,3,4,01007,149
578000,2,1,01201,170
583600,2,2,01004,51
24000,2,2,01002,68
221700,2,2,01003,85
206100,5,2,01204,82
158200,1,3,01107,151
3300,1,1,01300,81
245240,2,2,01500,136
40400,2,2,00601,43
142700,2,2,00301,63
159000,2,4,00301,64
282000,3,2,00901,71
200000,1,1,00804,195
39900,1,1,00602,271
234500,2,3,00901,90
63700,2,1,00200,95
220000,2,4,01007,50
88800,2,2,01201,49
28000,3,6,01103,133
200000,2,3,00400,81
133900,1,2,01004,50
95300,1,1,01003,79
274000,2,2,01003,195
275000,3,3,00501,67
243720,2,2,01204,93
103500,2,7,01007,268
56200,1,1,00803,67
64000,2,2,01001,162
4000,1,1,00502,60
563000,3,4,01105,107
9700,1,2,00801,160
4700,1,1,01004,51
217900,4,4,00602,54
59020,2,1,01600,229
54800,3,3,01203,87
185000,2,4,00400,23
50000,1,2,01102,39
84500,2,2,01005,110
62300,3,2,00200,93
126000,0,3,01003,168
27000,2,2,00700,137
37400,1,1,01202,57
101000,3,2,00501,79
50350,5,2,00200,235
142210,2,2,00501,50
165000,4,4,00302,132
27000,2,2,00804,39
88000,2,2,01003,136
6200,3,1,00400,64
136600,3,4,00902,106
130000,2,3,01102,377
53500,1,1,00302,97
56200,2,2,00100,80
155000,2,3,00301,59
157500,3,3,01103,40
28400,0,1,00503,79
185000,3,3,00400,231
18100,0,1,00200,78
127400,4,8,00501,354
87700,3,3,01202,99
80000,4,3,00507,103
169200,3,4,01104,36
174200,3,5,00902,58
13900,1,2,01300,33
332400,5,5,00302,140
323100,6,6,00301,159
100000,1,1,01106,39
99000,2,3,00504,74
185000,2,3,01204,58
47000,3,2,01400,71
115000,4,3,01300,56
66500,1,3,01105,40
468000,2,2,01004,57
181000,1,1,01201,144
52000,1,1,01204,76
260000,3,2,01003,54
100000,2,1,00400,54
70000,1,2,01300,106
230000,2,4,01005,43
106320,3,4,01203,112
317000,4,2,01001,96
190300,2,2,01001,60
56800,1,1,01400,91
322500,3,2,00901,67
10400,0,1,01104,188
82900,1,1,01105,53
95700,2,2,00302,32
39000,2,5,00802,63
218100,3,4,01203,104
52500,0,1,01101,59
138000,0,1,01202,62
276800,2,2,01300,52
51000,1,1,00802,58
244000,2,2,01105,248
283800,3,4,00301,30
10290,0,1,00801,148
205600,4,4,01202,154
1156000,2,2,01004,317
136000,2,3,00700,16
187000,4,2,01400,42
13100,1,1,01003,60
5400,1,1,00804,167
106500,4,3,00803,130
39000,0,1,00802,54
125000,1,1,01005,49
47400,2,2,01105,216
48000,1,2,00901,113
180000,2,2,01004,47
164000,2,4,00601,69
228000,3,5,01106,58
262000,3,3,01400,46
160600,2,2,00200,106
98000,3,2,01300,64
161300,2,2,01006,65
328000,5,5,00302,136
23000,2,1,00100,38
18000,2,2,01107,59
8000,1,2,00700,80
153000,2,2,01201,168
12400,1,2,00503,67
120000,2,2,00602,85
100000,3,5,00507,227
123000,2,2,00200,57
48000,0,2,01107,65
275000,1,1,00302,143
95000,1,2,00601,25
10810,1,1,00801,60
14400,3,1,01002,29
250000,2,4,01006,51
57100,1,1,01107,81
20000,1,6,00804,230
49100,0,3,01003,79
30000,2,2,01107,125
65000,2,1,00301,176
88000,0,2,00503,28
79900,3,10,01103,76
8400,0,1,00804,78
68100,1,2,00100,63
608000,3,6,01201,248
84000,1,1,01300,59
142700,2,2,01203,32
99640,3,2,01103,28
10000,1,1,01300,155
116500,5,3,01202,40
38900,1,1,00804,52
261800,3,4,00302,24
35200,1,3,00801,61
90000,2,3,01001,81
87000,1,1,00502,147
360310,2,2,01101,80
210000,2,2,01004,65
220300,2,2,00502,86
108600,1,2,01007,78
43400,2,2,01300,41
62000,1,1,00804,56
108500,3,3,01400,59
60000,1,1,00804,57
50000,1,2,01300,56
15600,3,2,00501,114
120000,1,1,01007,27
92500,3,2,01104,71
68000,2,2,01400,56
110000,3,2,01600,75
79300,2,2,01003,37
38600,1,2,01102,112
65000,3,4,01107,70
128800,1,3,01105,174
95000,2,5,00400,62
38800,2,1,01104,47
51100,2,2,00801,86
131000,2,4,00301,300
64000,1,2,00302,79
61900,2,3,00802,44
58900,2,6,01202,155
137800,2,2,00601,30
37700,2,1,01105,59
248500,2,2,00902,81
188000,2,3,00902,170
74700,2,2,01105,72
165000,2,3,01006,95
121500,2,4,01007,70
18500,0,1,01105,43
50000,1,1,00804,230
83000,4,4,01400,119
123000,1,1,01300,9
61200,1,1,00802,102
42400,1,1,00501,69
69600,2,3,00504,124
72000,1,4,01107,290
17400,1,2,01500,103
367000,4,3,00700,80
260000,2,2,01600,64
54300,1,2,01103,66
245000,3,2,00902,95
42400,2,2,00200,50
1500,2,1,01300,14
7700,0,2,00804,148
277800,2,2,01002,59
299600,3,3,00200,92
180000,4,2,00501,96
158000,4,4,00505,54
255800,2,3,00901,42
100000,2,2,00601,54
112000,3,2,01300,35
102300,2,2,01600,325
95000,1,1,00700,122
330000,2,4,01203,43
103000,1,1,01201,146
40000,2,1,00602,55
290000,3,3,01107,74
150000,1,2,00901,102
200900,3,6,01004,59
208000,3,4,00602,143
36800,3,1,01003,73
72900,3,3,00503,61
114000,2,3,00200,76
60000,2,1,00802,341
90000,2,1,01003,309
173600,3,4,01202,79
26000,0,1,00503,358
121000,2,2,01003,79
116000,1,3,01201,63
197000,2,3,00804,86
323000,3,2,01101,43
131500,2,3,00601,70
87600,3,2,01400,48
42000,0,3,00804,143
92000,1,1,01202,59
224000,2,5,00507,252
63900,3,4,01102,45
62620,1,1,01005,61
108000,2,4,01600,127
56000,2,2,00901,76
89400,4,2,01400,49
98870,2,5,01004,211
66800,0,2,01003,81
53000,1,1,01005,90
264000,2,4,00301,148
32000,1,2,00100,84
135000,2,2,00301,21
170800,4,5,00400,59
250300,3,2,00902,135
112000,0,2,00804,115
90500,4,4,01001,71
155300,1,2,00506,119
304130,2,6,01007,36
12500,1,1,00502,115
121000,3,4,00400,17
67500,0,3,01004,47
98000,3,3,00400,68
171180,3,3,00400,56
41400,2,1,01003,17
66200,3,5,01600,96
55100,1,2,01204,81
17000,1,1,00602,80
169000,2,1,01107,69
24000,0,1,00400,129
99000,2,2,00902,115
320000,2,4,00802,246
151200,2,3,01005,36
101600,2,7,00507,210
60400,1,3,00504,209
18000,0,1,00803,376
85000,1,1,00400,47
81000,3,2,01300,27
54000,2,2,00505,83
42800,2,4,01201,126
310000,2,2,00902,39
164540,2,2,01500,111
110000,2,4,00901,94
156000,3,2,01500,126
19000,1,1,00200,40
45300,3,2,00200,29
170000,2,4,00803,232
256900,2,2,01106,66
159000,2,4,01400,24
71700,1,1,01204,351
75000,2,1,00400,54
90000,1,1,00805,78
46600,0,1,00700,98
58500,1,3,01202,142
145000,4,5,01203,33
7300,3,4,00700,85
183000,2,3,00601,303
130600,1,2,00901,108
125000,3,2,00505,88
51950,2,2,00700,53
146000,2,5,00505,157
12400,0,1,01105,42
249400,3,2,00301,45
153000,5,3,01104,36
127650,0,4,01101,44
127700,2,2,01600,75
18400,1,1,00400,13
45000,1,3,01600,55
52600,4,3,01104,96
115000,1,2,01102,181
63240,3,2,00100,156
65000,0,1,00601,87
149000,2,5,01007,69
200000,4,3,01005,148
75000,3,2,00302,78
27300,0,1,00801,446
32000,2,3,01107,87
230000,4,1,00601,63
170500,1,2,00901,51
68000,3,1,00501,198
24600,1,4,01300,199
73500,2,3,00100,42
54000,2,3,01300,119
38000,0,1,01007,91
42000,2,3,00802,172
22200,2,2,01201,39
162000,2,3,01201,211
240400,1,2,01500,48
47000,3,3,01500,109
26160,0,2,00505,254
28800,2,3,01102,125
226000,4,3,01104,172
195000,2,4,00302,80
46400,1,1,00901,50
18000,2,5,01006,69
86000,3,2,00801,192
90400,2,2,00400,89
419700,0,2,00301,334
63400,3,5,01106,100
116400,1,4,00902,198
77800,2,2,00803,56
25100,2,2,01600,55
154200,1,1,01104,53
19000,1,1,00505,100
49400,1,1,00200,285
30300,1,1,01107,55
111000,2,4,01600,383
23500,3,2,00601,52
73500,1,1,00400,48
42000,2,1,00302,81
214200,3,4,01003,38
58000,2,1,00200,97
155000,2,2,00503,51
332000,2,2,01003,58
75000,1,1,00504,39
41000,1,2,01300,39
219090,2,2,00302,40
255000,5,2,01005,85
80000,1,1,00400,68
223000,5,4,01201,94
56020,1,1,00601,58
27400,3,2,00601,106
196500,1,3,00302,48
23800,1,8,00200,233
230000,2,3,01203,82
153000,4,2,01201,107
34000,1,2,00501,108
100000,2,2,01002,61
115000,3,2,01500,358
114000,1,2,01500,75
51180,2,2,01004,108
94000,2,5,00503,71
355100,3,2,00503,85
131000,2,3,01102,52
193500,3,2,01600,75
58000,1,1,00504,47
171800,2,2,00302,107
225000,3,3,00302,59
68100,2,3,01400,57
67200,2,2,01400,93
5000,2,2,00507,170
256500,2,2,00501,89
22200,1,1,00506,40
71000,0,4,01102,170
40000,2,6,01007,200
161400,3,3,01102,177
34500,1,1,01007,156
111000,2,4,00400,62
160600,2,3,00902,62
329400,1,5,00301,130
50400,3,4,00804,63
70340,2,3,00100,92
29000,1,3,00400,19
30000,2,3,01203,95
40000,1,2,01105,126
335000,1,2,01004,64
94000,2,5,00803,48
43900,2,4,01105,140
98900,1,1,01003,101
651000,2,2,01004,55
50000,2,2,01400,29
46510,2,2,01300,198
13600,2,1,00505,95
191000,2,4,01001,8
214500,3,3,00802,60
65400,1,1,01107,92
128000,2,2,00200,50
109800,5,4,01101,295
230500,2,5,01600,247
110000,0,2,00804,133
140200,3,3,01006,112
72300,2,2,00301,64
1700,1,1,01400,29
66440,2,2,00504,37
366200,3,4,00901,106
199940,3,4,01105,65
69600,1,2,00901,157
75700,1,1,01201,87
278000,4,3,01103,55
10600,1,1,00805,29
45600,1,2,00400,40
100000,1,1,01500,108
444000,2,3,01004,99
31000,3,2,01203,89
54500,2,2,01202,82
129000,1,1,01300,74
17900,1,2,00802,68
76400,2,2,00901,116
18200,1,1,01104,217
12900,0,1,00803,149
31500,3,5,01202,56
56000,1,1,00502,93
7400,1,1,01105,43
70000,1,1,00805,55
30800,1,1,01103,52
159900,2,3,01106,63
134700,2,2,01600,70
196200,5,5,00400,63
26310,3,4,00504,62
155000,1,2,00803,160
150200,2,2,00301,168
55000,1,1,00200,29
189000,2,5,01400,66
51000,1,2,01102,63
280000,4,4,01600,35
145000,2,2,00302,100
1500,2,1,01300,65
230000,3,1,01003,33
40000,2,4,00400,133
154100,2,2,00805,54
152000,0,3,01004,20
42000,1,3,00506,123
112000,2,4,00100,42
64000,2,2,00602,208
116000,2,6,01002,83
50800,1,3,00400,50
24800,1,1,01006,255
109800,3,4,01003,78
205500,2,2,00504,68
60000,1,1,01600,132
358200,1,2,01203,125
174500,3,4,00502,237
88000,2,3,00503,459
175650,1,3,01400,71
59400,1,2,00507,77
79600,0,4,00602,57
19100,2,2,01104,103
194000,2,2,00504,52
105000,3,4,01202,146
72000,3,2,00400,81
155200,2,2,00601,54
13200,0,1,00804,51
360000,2,3,00804,68
16500,1,1,01002,48
242000,2,3,00301,53
71100,2,1,00301,68
67000,2,2,00502,103
15700,1,1,01107,52
236020,2,2,00901,93
148400,4,4,00801,271
106700,2,5,01202,87
426400,4,4,00301,49
54900,1,2,00504,59
149820,4,2,01107,108
200250,1,1,01003,51
184400,1,1,01103,48
163000,2,2,00100,62
3600,1,5,00200,94
35000,0,1,01600,300
146000,3,4,01203,109
380000,2,2,00504,35
8800,2,1,01001,61
75200,1,2,01400,49
153000,1,4,01007,91
77000,4,2,00200,99
616000,2,3,01500,299
48000,1,1,00501,47
76400,1,4,00602,70
162100,1,2,01106,28
188400,3,3,00902,60
275800,4,4,00901,97
20400,0,1,00801,36
20900,1,1,01104,142
115000,1,1,00200,262
10000,1,1,01007,55
31200,2,2,01600,173
80400,3,2,01006,114
42900,1,2,00504,134
179000,2,4,01003,36
300000,2,4,01300,186
2000,1,1,00805,187
148000,3,5,01105,160
124900,2,2,01500,63
96800,2,2,00200,108
110000,3,3,00601,243
3800,0,4,00506,291
48000,0,2,01007,69
80000,1,1,01005,65
176200,1,1,00602,118
58000,1,1,00801,77
91200,2,2,01107,18
110000,2,1,00504,82
41000,0,2,00507,36
185000,1,1,01006,65
209200,2,3,00501,35
699000,2,4,00901,112
96500,2,5,01600,51
70300,2,2,00504,187
60000,1,1,00301,19
90000,2,2,00506,80
49000,3,2,01002,124
26400,1,1,00507,90
157000,2,4,01300,64
214000,1,1,01600,52
102000,1,4,01104,229
21020,2,3,01001,55
90000,1,1,00805,272
50000,1,1,00801,48
519300,5,8,00601,94
102870,1,1,01004,13
90000,1,1,00901,91
121100,3,5,01300,13
107700,2,4,00506,93
144500,4,5,01600,133
16500,0,1,01500,165
41100,0,1,00804,64
17800,2,4,00503,227
155400,3,3,01600,79
94900,1,1,01400,38
126400,2,4,00501,55
211200,4,3,00400,130
33900,0,3,00801,384
1600,0,1,00804,266
179500,1,2,00505,107
100000,2,4,01600,230
19010,1,1,01500,107
92300,1,1,01600,88
19000,1,1,00100,14
54500,3,2,01106,61
158000,2,2,00503,70
273000,2,5,00504,58
190000,2,2,01103,12
155000,2,2,00301,67
45400,2,2,01300,86
155000,1,1,00302,143
46600,2,2,01104,42
152700,2,4,00301,72
45000,2,2,00504,68
200000,3,2,00302,123
111000,0,2,00302,20
24000,1,1,01300,13
28800,0,4,01102,188
3640,1,2,01006,52
35500,1,1,00902,94
59300,1,4,00505,101
173000,2,2,01004,97
9400,0,1,01202,90
118000,3,2,00100,154
69000,2,1,00505,90
98000,2,3,01003,142
226800,1,1,01007,28
45600,1,2,00502,115
35000,1,1,01102,74
27000,1,3,01006,121
53200,1,1,00601,80
60900,5,3,00301,99
65200,1,2,01102,83
16800,3,2,01201,136
107680,1,7,01005,118
25600,1,2,00501,62
410050,1,3,01004,58
44000,1,3,01003,107
25610,1,1,01102,213
285500,2,1,00301,66
189000,1,4,01004,55
110000,3,2,00400,60
162000,3,5,00506,55
158000,1,1,00302,86
83000,3,2,01300,10
968400,3,4,00901,42
54000,1,4,01003,91
240000,3,4,01001,53
95000,2,2,00805,65
117000,2,2,01105,64
15800,1,1,00902,72
21000,2,1,01300,46
120100,2,2,01300,19
159500,4,3,00803,385
196700,5,5,01106,56
35500,1,2,00805,37
34600,2,2,01500,119
224250,4,4,00302,126
215000,3,2,00400,156
21400,3,2,01300,52
247200,1,4,01003,58
129000,2,2,00302,50
22500,1,2,01003,26
110000,1,2,00803,48
80500,2,2,01300,66
288000,3,7,01101,40
135000,4,2,00601,31
60000,3,1,01107,66
30600,0,3,00602,195
178820,2,2,01500,75
210600,1,2,01006,102
61000,1,3,00801,39
17500,0,1,00901,113
166200,1,3,00505,65
19800,1,2,01004,172
123400,1,2,01003,86
81800,2,1,01600,149
43700,1,1,00100,27
80000,2,3,01106,196
97000,2,2,00902,40
55700,2,3,00506,49
92400,2,3,01500,69
366900,2,2,00601,106
70000,1,1,00803,98
86300,3,2,01203,84
160000,1,2,00301,72
55700,3,2,01003,71
37420,1,3,01101,148
81600,2,4,00507,55
42500,3,3,00601,65
138300,3,4,01204,63
32430,2,1,00506,36
28500,1,1,00100,41
9600,0,1,00802,184
112000,2,2,00803,100
40000,1,2,00602,113
167000,4,2,01104,82
105000,2,4,01006,106
190700,3,5,01003,40
52400,1,1,01400,420
17300,1,1,00901,57
145200,2,4,01102,74
78500,5,4,01204,229
160300,4,3,00506,66
211500,2,5,01005,72
208000,1,1,00504,63
48900,1,1,01101,90
192000,2,3,00700,72
273400,3,4,01106,115
139900,3,3,01106,93
54400,1,1,01105,26
70000,1,2,00804,52
112000,1,2,01004,79
112600,1,1,01003,87
60000,2,1,00200,40
54400,1,2,00802,56
95000,2,2,01105,55
232700,3,2,00902,61
156200,2,3,01600,107
38000,1,1,00503,78
36000,1,1,00804,54
210000,3,2,00505,245
98200,3,2,01001,30
181010,2,5,01400,30
150100,1,1,01105,78
24000,1,1,00100,24
6000,0,4,00804,76
10600,0,1,01101,146
67000,1,1,01600,107
41000,1,1,00302,78
91200,0,2,01106,46
65400,3,4,00601,34
12000,2,2,00100,64
92000,3,2,01106,61
130200,2,3,01105,63
80000,1,1,00601,55
89800,6,6,00301,162
93600,1,1,01105,51
172000,1,1,00601,31
161000,1,1,01102,141
5400,0,2,01400,59
47000,2,2,00502,87
142600,2,3,01400,219
9880,1,1,01300,40
33400,2,2,00805,45
126700,2,2,00601,106
26870,2,1,00400,74
110900,4,8,01104,187
177000,3,2,00400,49
230000,5,2,01400,97
168000,2,4,01203,51
130000,2,2,01202,384
151600,3,4,00700,51
101000,2,5,00100,61
19200,2,1,01204,95
116400,2,3,00902,100
167000,3,3,01105,124
11000,1,1,00507,161
288000,3,3,01300,202
49000,2,2,00200,151
86800,0,4,01101,159
36000,1,1,00100,24
32400,1,1,01001,60
48000,2,2,00601,57
41400,1,5,00400,50
101000,1,1,00507,122
85750,3,2,00601,45
36600,1,1,00601,85
71000,2,2,00100,125
38130,0,2,01105,53
231400,2,3,01105,39
171600,2,3,01006,98
83600,1,2,01002,76
35120,1,6,00507,59
68100,1,2,01107,45
225000,3,3,00901,83
212850,3,3,01101,49
107100,5,2,01106,105
48400,2,3,00400,261
62500,2,2,00505,83
20000,1,1,01002,57
164500,3,2,00601,34
340000,4,5,01005,38
97400,3,3,00200,43
588000,1,1,00901,98
54800,1,2,01203,104
9800,0,1,01103,73
28400,1,1,00801,98
442500,4,4,00503,89
46400,1,5,01204,154
49400,2,2,00601,80
35000,0,1,00601,124
106000,2,2,00200,37
82600,3,4,00100,56
59600,2,1,00601,127
81600,2,1,01500,98
1200,1,1,00503,178
117000,4,4,00700,136
98200,1,4,00803,258
260200,4,3,01106,66
20000,2,5,01107,23
105700,3,2,01204,153
74200,2,2,00301,32
89000,3,2,00601,118
40000,2,3,00200,282
61800,1,1,00700,48
648000,1,1,01103,28
35800,2,2,01201,34
118000,3,3,01300,328
583300,1,4,01004,37
27830,1,1,00602,46
36900,3,2,01004,53
135000,2,2,00503,34
147200,1,6,01104,38
46400,1,2,00506,28
20400,1,1,00200,56
98000,3,3,01400,141
150200,3,2,01300,28
37200,1,6,01106,186
78400,3,5,00301,57
19700,1,6,01400,68
49800,0,2,00805,67
143000,2,4,01203,65
53000,1,1,00505,68
3300,0,1,01104,36
55400,2,2,00100,18
200000,2,4,01003,90
230000,4,7,00400,52
117000,3,5,00100,67
33200,1,1,01003,174
103200,2,2,01001,27
350400,3,4,00901,116
2200,1,1,01003,102
74900,3,3,01400,97
161100,3,3,01003,50
42400,1,2,00200,80
106400,2,5,01007,75
233200,4,3,01203,118
210000,3,3,00601,283
70200,2,2,01204,32
28200,3,2,00200,40
85900,2,2,00602,93
214600,2,2,01005,71
88000,2,3,00700,176
23000,1,1,00503,132
91000,2,1,01202,194
38000,1,1,01300,119
33200,1,1,00503,84
70000,1,2,00801,337
371000,2,4,01005,160
28000,2,1,00700,62
101000,0,7,01101,97
31000,1,1,00302,263
20000,1,1,01005,87
100000,2,6,00700,134
76300,2,2,00602,71
3500,1,1,01002,116
101000,2,4,01500,110
34500,3,2,00400,27
116000,2,1,01003,74
113000,2,2,01202,61
14000,1,1,00302,63
67000,4,4,01001,185
34000,1,1,01005,61
193280,2,4,00901,82
60000,2,3,01003,68
188000,3,2,00501,93
133000,3,3,00601,38
53200,2,2,00700,25
157400,1,1,01003,53
106300,1,3,00602,42
138200,4,4,01006,98
165000,1,1,01005,56
94300,5,6,01105,36
48300,2,2,01005,54
104000,3,2,00601,156
135000,2,2,00507,111
75000,1,1,00400,50
72000,2,4,01500,97
70000,1,1,01004,57
216000,5,5,00503,29
89700,2,5,01106,50
640900,2,3,00503,39
34100,1,1,01007,45
60500,0,4,00805,72
26700,1,1,01003,73
304000,1,3,01003,48
109300,2,2,00503,79
220000,2,3,00601,180
188900,1,2,01300,76
48000,2,2,00503,70
27100,1,1,00505,64
253000,2,3,00504,81
63000,1,2,00100,174
168200,1,1,01101,77
140500,2,3,01001,54
800,1,1,00200,105
100000,2,2,00804,320
250000,2,4,00901,63
73700,2,4,01107,262
42700,2,4,00100,79
86900,2,1,00200,53
65600,2,2,01500,37
70000,1,1,00602,157
454320,2,2,00501,101
61800,2,2,00505,65
32000,1,3,01105,195
297350,2,5,00302,108
140000,1,1,00301,158
40000,1,1,01102,66
31000,1,1,00802,220
95000,3,4,00302,97
397000,3,2,01004,60
30130,1,2,00802,44
84500,2,2,01003,50
4500,2,5,00505,74
221430,1,2,00504,34
120000,3,3,00400,99
12900,0,3,00805,85
359200,3,7,01107,107
107000,2,2,00100,174
208700,3,2,01400,50
19000,2,1,00507,83
52000,3,1,00803,273
130100,2,3,00504,123
174000,2,2,01203,87
153300,2,2,00902,20
113000,4,6,01105,56
304100,3,4,00901,72
18000,1,1,00803,39
84150,2,2,01007,83
29400,1,1,01103,69
93000,2,4,01006,277
24000,0,1,00602,46
50000,2,2,00200,127
39500,2,2,01400,70
94280,2,2,00100,66
28350,0,1,00400,139
153000,2,2,00601,133
74000,1,1,00505,81
20000,0,1,01004,260
100000,3,5,00400,20
162000,2,4,01300,113
29000,0,1,00805,42
40000,2,4,01106,210
90000,2,2,00601,120
173010,2,2,01001,156
55000,2,5,00902,165
18500,0,1,00507,84
65700,2,2,01300,32
210000,2,4,01005,71
48600,2,5,00801,152
33170,3,2,00301,47
56000,1,1,01101,292
1200,0,4,00805,97
140100,5,4,01203,415
131410,1,2,01107,70
20900,2,1,01400,50
52000,1,1,01004,46
20000,1,2,00506,52
155000,3,2,01204,116
33700,2,2,01201,90
113000,5,6,01201,171
127000,3,3,01002,143
203000,5,6,00902,88
104500,2,2,01300,57
278000,5,4,00501,186
95350,2,2,01300,21
25900,1,1,00100,94
70700,1,1,01004,68
132000,2,4,00301,58
280600,1,1,01007,69
71400,1,2,00802,55
475000,4,2,00802,83
63400,2,2,01202,55
11000,1,1,00801,60
290000,4,2,00700,90
32670,1,2,00804,373
122000,2,2,01400,49
84200,2,2,01204,119
76000,2,2,01300,40
308800,3,4,00501,92
95600,2,2,00804,52
98400,2,2,01203,106
225900,1,3,01600,171
30800,1,1,00902,74
118000,2,2,00507,69
5500,0,5,01107,77
80000,1,4,00801,266
120000,1,1,01001,86
169000,3,4,00803,104
78040,1,2,00301,16
153000,1,2,00302,151
484000,3,5,00301,156
171000,1,1,01004,79
14000,1,1,01104,118
100000,2,6,00601,108
588500,2,1,01004,65
17900,0,1,00802,98
17000,2,3,01300,173
25600,0,1,00804,27
100270,1,1,00507,90
156600,2,2,01004,13
186000,2,4,01105,83
105200,1,3,00804,42
13330,1,1,01107,132
179600,2,2,01005,54
130000,2,2,00505,78
161000,0,1,01004,72
24200,2,2,01300,23
38500,1,1,00602,47
60100,2,6,01500,63
120000,4,6,01004,57
12000,1,1,00302,60
28000,1,1,00400,48
77100,0,1,01006,367
121000,3,3,00301,31
101400,2,3,01102,55
21100,1,2,01002,120
70000,1,2,01201,436
20330,1,2,01104,140
150000,1,1,01600,144
38000,1,1,01004,169
76100,1,2,00805,59
67000,1,1,00502,36
231600,4,2,01102,144
162600,2,2,01004,54
220000,1,1,00902,146
182000,4,6,00602,45
143800,5,7,01300,12
105000,2,1,00902,81
80800,1,3,01102,110
97900,2,3,01600,144
347600,3,3,01500,105
18000,1,3,01005,100
45000,2,6,01600,119
541400,2,4,00901,50
211000,3,2,01004,99
274000,2,4,01004,78
44600,2,2,01002,210
119000,3,2,01102,61
125000,3,2,01300,74
19620,1,2,00506,113
35100,0,4,00803,47
53500,2,3,00506,146
15000,2,3,00302,53
62300,1,1,00503,52
188660,3,3,00200,101
40000,1,2,00502,810
64900,1,2,01002,62
90000,3,3,01106,301
381000,2,4,00200,35
14600,1,1,00601,56
56000,1,2,01001,449
40000,0,1,00805,53
150000,2,2,00601,86
129600,3,2,01300,13
161200,2,2,01201,105
201200,3,3,00805,57
52200,0,1,00803,71
30000,2,2,00700,139
412000,2,2,01105,63
50000,0,1,01107,214
68000,1,2,01500,202
65000,2,5,01600,43
186400,5,4,01006,80
2600,0,1,01107,58
21500,1,1,01105,231
222000,3,4,00301,55
24300,1,1,00507,32
57000,2,4,01103,52
63900,4,3,00700,102
45300,1,2,00803,87
25000,1,1,00803,349
76600,2,2,00700,66
103900,1,1,01103,34
561000,1,3,01007,87
180930,3,6,00100,50
43000,1,2,01007,70
129600,2,2,01204,89
890000,3,3,01005,13
147000,2,4,00503,48
120000,2,2,00200,97
4800,0,1,00700,41
67300,1,2,00602,59
199000,3,5,00902,79
253000,4,2,01204,63
41900,1,1,00507,60
287200,2,5,01007,31
115000,3,2,00902,63
18000,2,2,00506,267
18100,1,1,00802,73
274300,3,5,01106,97
171400,2,2,00901,129
168000,2,4,01600,404
54000,0,1,00801,55
200000,2,2,00400,55
88900,2,2,01204,49
106000,3,3,00503,50
151900,2,2,00601,76
51300,2,2,00601,96
51600,2,2,01006,197
24150,3,2,01203,44
58800,5,2,00803,45
202100,3,3,01106,64
53000,2,3,00802,68
231100,2,2,00805,31
145000,2,4,01105,193
56000,1,3,01002,147
655000,2,2,01004,51
124170,2,3,01105,296
145850,1,1,00902,45
142000,6,2,01003,54
58600,0,1,00804,126
598000,4,3,00400,83
79400,1,1,00400,49
106600,2,3,01400,65
42300,4,3,00506,40
83000,4,2,00601,30
49200,3,4,01005,149
278000,3,2,01203,86
119600,0,1,00506,166
151150,2,4,01003,41
137500,2,2,01203,51
57000,2,2,01005,79
27000,2,2,01003,32
114700,1,2,00302,97
77000,2,3,00505,77
120004,3,3,00301,63
19400,1,1,00506,50
155300,3,4,01001,81
60000,1,1,00400,52
865110,3,2,01500,102
78500,2,2,01002,88
25590,2,3,00100,12
185000,2,5,01003,50
81680,1,1,00501,56
228000,4,4,00804,48
113200,1,1,01004,111
34100,1,1,00502,110
16200,1,1,01300,34
64000,1,1,01106,60
140400,2,2,00505,52
120000,3,1,00400,188
64000,2,2,00802,57
175000,2,1,01004,57
61000,2,5,01007,52
152000,2,2,00602,151
192800,2,4,00700,55
69000,2,4,01002,98
78700,0,4,00505,123
144000,4,3,01005,67
140000,3,4,00301,267
305000,2,3,01001,88
47000,1,1,01105,169
64000,3,4,01400,37
60000,1,2,00804,163
423200,2,2,00902,75
85390,3,4,00301,152
91000,2,2,01005,54
107200,4,5,00100,36
206000,2,2,01005,44
202000,3,3,01101,141
100000,3,2,01102,66
165000,2,4,00301,24
195400,1,3,01006,71
48900,1,2,01101,65
38000,1,1,00501,120
68000,1,1,00805,61
117000,0,2,00805,49
26700,1,1,01102,63
64400,0,2,00803,114
111300,2,5,00801,112
94000,2,2,00506,73
114900,1,1,01202,62
34000,1,1,01004,110
204000,2,2,01004,52
85200,2,2,00501,84
274000,2,2,01004,91
148400,2,2,01003,50
43300,1,2,00802,86
158000,2,3,01005,80
88000,3,3,00302,99
130000,1,1,01004,89
162000,5,6,00902,46
262500,2,2,00700,98
112200,1,4,01107,179
114600,3,3,01104,76
198400,4,3,00502,86
19200,0,1,00802,164
95000,1,1,00302,56
209300,3,5,01203,36
249200,4,3,00507,74
75000,1,6,00601,53
61000,2,2,00803,109
177000,4,3,00503,35
82600,6,2,00100,49
25800,0,1,01007,170
278150,2,4,00400,151
108000,4,4,00301,20
86000,2,2,01600,111
112000,3,3,01203,113
206000,3,3,00302,137
156000,1,10,00801,63
18000,0,1,01202,111
23940,1,4,00805,135
177500,3,6,01103,24
46700,0,2,00502,90
125000,1,3,00902,40
92500,2,2,01300,77
62400,0,2,00802,19
156000,2,2,01001,85
178000,4,3,00301,205
164620,2,4,00400,113
189050,2,2,00400,81
158500,2,2,00504,151
78200,1,1,00503,61
142100,2,2,01204,100
91000,2,2,00503,77
40000,1,3,00804,210
47810,3,2,01202,101
155000,2,2,00804,50
149600,2,3,00502,77
183000,2,2,00801,79
158300,2,2,00804,66
53400,1,1,00505,170
3900,1,4,00602,171
65000,2,2,00200,37
326500,4,4,01007,88
58000,1,2,01005,90
18000,1,1,00602,128
140000,1,1,00805,38
2400,1,3,01103,24
296800,3,4,01102,142
112400,2,2,00507,131
24000,1,1,00400,43
55100,1,2,00602,53
238000,2,4,00902,84
461600,2,2,01004,58
168000,2,2,01201,48
120000,3,3,01202,132
50600,1,1,01004,116
14700,0,1,01107,143
265000,2,2,01007,48
69200,1,5,01007,216
44300,0,2,00100,55
90000,1,1,00804,181
19700,1,2,00802,68
160000,3,4,01300,122
102000,2,2,00507,30
53200,2,3,01300,131
160000,1,1,00902,112
19600,1,1,00506,47
50000,1,1,01101,304
105000,1,3,00803,64
14300,0,1,00802,139
119500,4,3,01400,34
75800,1,2,00507,61
9700,0,1,00801,244
110000,1,2,00802,68
250000,3,3,00400,63
41800,2,2,01400,26
70300,1,1,00804,49
88200,3,4,00200,30
302000,2,2,01003,59
33800,1,2,00506,41
146000,2,2,01400,106
130000,1,2,01105,72
162000,2,4,00700,74
4000,1,1,01203,99
37500,1,2,01300,37
160000,3,4,01002,124
51400,1,1,01004,63
113100,2,1,01105,87
140000,3,4,00803,85
165600,2,2,01003,50
238450,3,3,01105,365
165200,2,2,01004,80
87000,1,1,00507,80
192500,3,3,00504,60
188000,1,1,00400,59
9700,0,1,01005,42
63600,2,2,00803,68
240000,2,1,00504,50
195000,2,3,01105,534
55000,1,1,00805,273
160000,2,4,00301,56
101300,3,10,01004,144
45700,1,1,00902,124
66800,2,2,00400,99
350000,2,5,00901,48
62000,1,1,01203,88
337900,2,2,00700,54
3400,0,1,00802,60
70000,0,1,00302,84
98800,5,5,01204,90
125050,3,3,00400,126
200000,2,2,01204,72
170000,1,2,01004,69
59000,1,1,01400,41
148000,2,2,01007,262
98000,2,2,01104,22
58000,1,1,01005,59
44800,2,4,01006,339
70000,1,1,01300,34
206500,4,4,01102,118
56400,2,1,00400,98
148000,2,3,00507,64
12600,1,1,01007,86
75100,1,1,01500,264
170700,3,2,01106,43
126800,2,4,00902,109
68000,2,2,00901,229
231100,3,3,00501,259
164000,1,2,00504,69
100000,2,2,01105,47
90070,2,2,01400,129
98000,3,3,00602,230
22500,0,4,01003,191
27000,1,3,01002,34
84200,2,2,00601,50
61000,4,4,01001,48
100900,4,2,01104,90
168000,2,2,01300,36
165000,1,1,01002,89
188700,3,2,00400,346
83800,2,8,00506,48
361300,2,4,00301,45
423340,2,3,01004,90
184500,1,1,01006,73
32200,1,3,00805,286
649000,2,2,01003,54
78900,2,5,01400,86
257000,3,2,01003,26
43200,1,2,00902,54
134200,2,3,01300,4
85230,1,3,01004,42
49400,2,1,00901,92
70000,2,1,01107,55
186400,3,4,00400,49
125000,2,2,01400,63
140100,2,1,01400,46
240000,2,2,01600,104
391000,6,2,01203,31
226000,2,4,00302,133
235000,3,5,00400,117
75000,3,3,01300,258
35300,1,2,00504,54
135000,2,2,01202,126
268200,2,2,00503,40
9800,0,1,00100,30
38200,2,2,01202,82
84000,2,3,00602,55
16800,1,1,01003,179
154800,3,4,00507,54
130200,1,1,01005,71
202000,3,3,00400,93
48900,2,2,00400,92
55800,1,1,01204,90
80300,2,2,00503,191
65000,5,4,01104,133
406000,1,2,01007,64
106000,2,2,01005,93
58300,1,1,01002,99
13200,1,1,01400,28
47000,2,4,01202,47
259600,2,2,00902,47
54400,0,3,00100,91
43900,3,5,01107,51
279700,2,2,01001,62
62100,2,6,00200,58
204000,2,3,01003,32
135700,1,1,01004,98
92000,2,2,00507,62
9000,0,1,01102,214
49820,3,3,01203,283
80000,1,1,01105,445
70000,1,1,01102,67
115430,2,6,00805,89
91600,1,1,01002,46
67100,0,1,00507,73
156004,6,2,00400,55
66300,2,3,00200,16
192400,3,4,01001,85
57300,3,4,01600,69
110000,1,1,01104,365
40000,2,1,01001,44
82000,3,2,00200,80
70000,3,4,00400,25
36000,1,1,01204,283
108300,1,4,01105,39
182500,3,6,00902,72
568000,2,2,01004,52
2500,1,4,00100,37
126000,2,2,00301,224
146000,3,4,01201,38
170000,1,3,01004,49
159000,2,2,00302,82
30600,2,7,00507,181
135000,3,3,01105,36
151000,4,3,01400,57
170000,2,2,01003,102
61000,2,3,00801,136
149000,3,2,01202,59
73000,2,1,00700,58
200000,2,2,00804,33
259100,1,2,00802,316
133000,2,4,01002,126
107000,3,3,00507,445
10800,1,1,01300,173
355700,2,2,00400,106
122300,2,4,01105,58
38000,2,2,01002,349
143000,1,1,01002,77
96000,2,1,00504,56
196500,2,4,00507,94
247000,2,2,01400,115
18500,0,1,01007,139
225300,5,4,00200,61
93500,4,3,00301,202
9600,1,1,01101,203
133000,1,1,01003,51
108000,2,2,01400,125
82000,1,2,01201,124
64200,2,4,00504,290
92000,2,2,00505,92
11200,0,2,00506,49
134600,2,2,01004,50
77000,3,3,00902,83
87500,2,3,00602,51
33400,1,2,00200,117
34000,2,2,01201,166
153600,3,5,00505,150
187050,2,4,01201,62
24300,1,1,01300,14
243000,2,2,00501,58
251500,2,3,00901,68
142800,2,2,00902,88
110200,1,1,01202,96
120000,2,1,01300,143
578000,2,4,01204,95
50000,1,1,00801,59
245500,2,2,01004,50
84600,1,3,01202,94
38500,1,1,00902,100
177000,5,10,00501,238
165490,1,2,00902,348
327000,1,3,01007,60
159400,1,1,00601,99
67000,1,1,01600,47
132000,2,3,01002,86
26000,1,1,01500,126
124500,1,2,01001,159
5000,1,1,00302,137
67000,2,2,00504,40
31800,1,2,01300,97
93540,3,2,00301,52
80000,1,2,01106,72
197000,2,4,00200,74
222400,2,2,01002,99
44000,1,1,00601,81
28000,0,3,01400,141
156000,0,2,01007,173
63700,1,3,00802,39
289150,1,2,01003,105
67400,1,1,01001,84
210000,2,3,00502,54
303300,2,4,01101,90
106500,2,2,01400,82
29200,3,2,00505,100
59500,2,5,01203,116
77000,2,2,01500,293
190000,2,2,00302,70
70000,3,1,00200,189
65000,2,3,01500,112
139500,1,3,00804,62
22000,1,2,00100,35
242000,1,2,01103,42
244800,3,2,01004,152
46000,1,1,00804,235
55000,1,1,01203,148
228000,3,3,01203,29
75800,0,3,01003,30
45000,2,4,01203,212
121000,2,3,00602,63
623000,2,4,01004,12
166600,2,2,00400,55
25000,1,1,01300,53
333000,2,4,00400,78
50000,2,1,01104,68
46000,2,2,00100,52
78800,2,2,01105,54
47000,1,1,01102,158
57000,3,5,01203,76
301500,2,4,01103,46
62570,3,4,00501,111
96000,2,3,00505,66
56000,2,2,01004,57
200000,3,2,00503,109
60000,3,1,00601,96
98000,1,1,00902,152
91400,2,3,01104,61
145000,3,4,01001,84
32000,3,3,00400,62
91300,3,2,01201,40
41000,1,3,00804,107
14300,1,2,00503,67
15300,1,1,00400,111
81200,3,2,01500,57
33400,3,4,01102,220
131000,5,5,00100,24
360000,2,3,01004,18
14400,1,1,01202,226
254200,2,2,01203,40
172650,2,2,01201,114
122400,2,5,01105,130
14000,0,2,00805,275
334000,4,7,01001,52
25400,1,2,00503,42
8000,1,2,00801,61
57000,2,2,01102,169
295200,5,3,01106,57
36000,2,2,01107,46
97500,4,4,00301,57
219000,2,4,01003,59
36200,2,1,01101,24
50590,0,3,01003,59
58500,1,1,01002,52
213000,3,3,00601,35
136500,2,2,00902,259
37300,2,1,01500,250
169800,0,5,00901,41
96000,1,1,01004,56
233000,2,4,01001,53
138000,2,4,00602,56
53400,1,2,01500,163
90000,1,1,01104,39
51100,1,1,00601,48
21800,1,3,00200,197
394800,2,2,00902,59
71700,1,1,00503,38
58600,3,2,00602,193
46000,1,1,00601,96
98800,5,3,01006,63
23940,2,2,01003,14
86500,2,1,00501,40
90000,2,2,01004,55
158000,3,4,00400,83
180500,3,4,01105,62
165000,1,2,01103,29
710610,2,2,01003,51
66700,2,4,01201,68
112000,1,3,01105,98
225000,2,2,00902,67
178400,2,5,00302,94
197000,2,4,01300,15
85030,3,1,00700,271
101900,2,2,00602,54
13000,0,1,01202,31
100000,1,1,00501,54
591040,2,5,00802,121
195000,2,2,01006,83
56100,2,1,00301,130
307000,4,8,01004,104
180000,1,1,00902,127
18200,0,1,01400,21
199850,2,3,01001,39
39000,1,1,01204,38
14600,1,1,00803,458
339000,3,2,01105,61
25100,1,1,00802,89
246100,3,5,00501,61
59120,1,1,01201,47
14460,1,1,00700,23
14400,1,1,01300,113
90000,1,3,01002,109
45000,1,1,00801,332
53900,1,1,01005,60
71500,2,2,01005,49
19000,2,1,01300,102
36000,1,1,00301,95
261590,0,3,01003,62
95200,1,3,00902,153
127000,2,4,01103,19
224000,2,3,00507,81
114900,1,2,01006,46
414800,2,3,01107,46
328800,3,2,01106,49
38600,1,2,00805,108
325000,3,2,01004,48
127600,2,2,00400,50
10,0,1,01104,130
91000,1,2,01004,97
20000,1,1,01400,79
86400,1,1,01102,97
54000,1,1,00802,127
45100,1,1,00200,37
316000,2,2,01500,155
10200,0,1,00801,112
44000,1,5,00700,120
75000,1,1,01006,93
32850,3,1,01105,75
131100,3,11,01107,169
164400,1,3,01500,30
75000,2,1,01400,130
126000,1,2,00803,76
222000,5,4,01106,343
26000,1,3,01300,222
72000,1,1,01203,46
107000,3,5,01400,15
40040,1,1,01002,72
329000,6,6,01003,345
72000,1,1,00505,69
47100,1,1,00502,68
11900,1,1,01400,50
45000,0,2,00503,98
82500,1,1,01004,58
60400,1,3,01300,134
60000,1,1,00801,43
119020,4,2,00501,64
115000,1,2,00804,45
44000,1,1,00801,56
3000,2,4,00302,63
79600,0,4,01003,35
163800,3,6,01102,71
40000,1,1,01201,397
69200,3,1,00501,57
27800,1,1,00502,71
122000,4,4,01001,52
120000,1,1,01002,52
268000,3,2,00700,89
79000,1,1,00802,28
34300,2,2,00505,48
200050,2,5,01004,46
100000,2,5,00302,131
21700,1,1,00805,50
141000,3,9,00301,58
39000,1,1,01201,55
840000,3,4,01004,149
120000,1,1,00901,112
211700,4,2,01001,90
87400,2,1,00302,56
2600,1,1,01003,53
26200,2,2,00100,60
22400,0,6,00901,156
134000,1,3,00901,236
36000,1,1,00503,142
54000,2,4,00100,21
68570,1,1,00302,76
190000,2,2,01101,141
254000,2,4,01004,56
140000,4,2,00602,556
165000,2,2,00601,96
46100,2,2,01300,29
115080,2,2,01007,233
53000,2,1,01400,34
120000,4,4,00502,161
72000,0,2,00805,346
16900,1,3,00601,32
77800,2,2,00504,53
3990,0,1,00200,302
183000,3,3,00505,59
84200,1,1,01400,54
38400,2,3,01007,52
83600,3,3,01202,110
90000,2,1,01201,57
49400,1,1,00803,54
175000,2,3,01007,73
3200,0,1,01106,49
92000,1,2,01105,42
23500,0,2,01002,85
29650,1,2,01004,137
306000,5,6,00301,84
164000,2,2,01600,96
70000,1,2,01201,87
30400,0,1,00602,55
30700,4,7,00507,94
121100,2,2,00502,78
278800,1,1,01004,21
53500,1,1,01102,57
102000,1,1,00803,70
25000,2,1,00505,176
9600,0,1,01400,97
306000,3,3,01004,12
80000,1,1,00902,72
303800,6,7,01204,70
65000,2,2,00400,62
227810,1,2,01004,94
764000,2,2,01004,39
86000,2,3,01203,71
96700,3,4,01104,83
2600,0,1,01002,42
4,6,1,01103,25
21600,2,6,01106,305
9800,0,1,01300,146
89000,3,2,01001,143
99100,2,1,00302,117
32700,3,2,01201,249
65000,1,2,00804,57
51000,3,4,01300,17
88400,4,2,01500,27
40000,1,1,00901,95
70100,2,2,01001,104
118000,2,5,01500,162
166500,3,6,01102,218
2800,0,1,01202,52
98000,0,1,01007,86
171700,5,6,01400,223
127000,1,1,01106,226
222600,3,2,00501,209
61600,3,2,00200,89
105900,2,3,01005,398
87300,5,10,00400,49
47000,2,3,00301,52
15800,1,1,00502,364
165040,2,3,01202,89
9800,1,1,01103,156
113100,2,2,00602,45
39900,2,2,01300,144
7500,2,2,00505,55
200630,3,2,01102,113
25700,1,2,00901,111
88000,2,3,00803,57
66400,2,2,01400,82
15000,1,7,00801,569
27400,1,1,00804,87
108100,3,2,01105,83
71600,1,1,00504,39
170000,3,5,01201,56
147100,4,5,00400,195
100000,1,1,00302,28
73500,1,1,00504,34
35000,0,1,01107,147
45750,1,5,01001,60
128500,2,2,00804,46
140000,2,3,01105,23
64000,2,2,00802,126
115000,3,4,01500,189
61000,2,3,01103,123
108000,2,1,00302,121
256000,3,5,01600,156
11400,1,2,00601,50
42000,1,4,00801,204
610500,3,5,01004,19
59000,2,2,01300,66
113000,4,1,01300,66
100000,1,1,00504,83
146100,1,1,01004,96
242500,4,5,01500,128
39300,1,2,01203,82
16600,1,1,01101,409
170000,2,2,01003,48
97000,1,2,00805,71
94200,2,2,01105,125
237300,1,2,00801,64
136200,2,5,01203,113
40900,1,1,01105,59
55200,1,1,00805,179
129570,2,4,00400,59
167350,5,6,00601,399
218100,2,4,00505,118
240000,2,4,01004,55
30250,3,4,00901,97
120200,2,2,01003,59
315800,2,4,01007,145
212500,4,4,01106,216
146400,2,2,00400,138
124100,2,5,00400,183
272000,4,10,01107,133
78000,2,1,00902,66
115000,4,2,01104,288
27000,2,3,00503,143
326400,2,3,00805,139
38400,1,1,01400,73
35800,2,3,01101,46
56430,1,1,01004,82
119000,2,3,01103,25
28400,2,3,01104,31
180000,2,3,01105,115
99000,3,2,00301,19
128000,2,2,00801,260
64200,2,2,00100,74
34900,2,2,01400,46
7200,1,6,00804,515
57200,2,2,00505,34
247200,4,4,00503,96
161000,2,2,00400,142
95000,2,4,00100,38
95600,1,2,00804,136
289300,2,2,00501,59
12000,3,1,01300,13
50000,1,2,01102,208
25600,1,1,00100,91
22200,2,2,01300,52
125000,2,2,00802,186
61000,3,2,01600,148
175000,2,3,01006,144
111900,2,2,01107,59
245000,1,5,01005,128
26200,0,1,00801,68
670800,3,3,00504,42
312900,1,1,01203,79
38000,1,4,00506,165
197600,2,2,01002,50
40000,1,1,00302,158
126000,3,2,00803,68
49300,3,3,01101,393
13100,1,1,00801,114
164000,2,4,00302,55
245000,2,3,01204,292
40000,0,1,00302,33
22200,1,1,00803,57
61600,2,2,00503,92
275300,1,4,01007,50
103650,0,3,01101,70
104000,1,1,01103,152
88600,3,3,00506,224
220000,2,4,00400,63
210000,2,4,00601,56
1050,1,2,01004,38
137000,3,2,01600,83
31400,0,1,00802,95
17000,1,2,00601,69
49550,2,5,01400,29
48000,1,2,00505,268
84000,2,2,00505,91
47400,1,1,00805,56
50000,1,1,01600,120
81660,2,2,01400,46
175000,4,3,00700,142
646000,2,2,01500,123
100000,2,2,00902,182
229600,3,2,01105,62
386000,3,4,01106,54
44000,1,1,00804,179
122000,1,4,01103,119
79000,1,1,01201,87
123400,2,4,00200,113
284600,3,2,00400,51
64480,2,2,01003,41
25480,1,2,00400,13
950,2,1,00504,57
162000,1,1,01105,116
80800,4,2,00301,54
121000,2,2,01202,88
122400,3,3,01101,24
23800,1,2,01300,31
87000,1,1,01201,48
17200,2,2,01300,99
173700,3,4,00505,106
55000,1,1,00803,212
97000,1,2,00302,58
62500,3,7,01003,59
6000,1,1,01101,126
90200,2,1,00803,32
119000,2,2,00302,89
325100,6,3,00901,68
364000,2,2,01004,58
16800,1,1,01500,50
31800,0,3,00506,41
42500,1,1,01400,55
147000,1,2,01003,55
145000,2,2,01107,57
33300,2,1,01300,50
197000,2,4,01007,104
43000,1,1,00503,58
230000,2,3,00804,83
158500,2,4,01004,56
114000,3,2,01001,61
88800,1,3,00805,57
10000,1,1,01300,62
56500,2,1,00400,53
109000,2,2,00502,442
2200,1,1,00805,44
88600,1,1,01105,54
100000,2,2,00602,48
18200,1,1,01006,64
108550,2,2,00601,149
62500,4,2,01400,267
28000,0,1,00200,93
58000,2,4,00804,179
159000,2,6,00100,200
69500,1,3,00507,154
401600,4,3,01105,67
198000,2,3,01001,34
25200,0,1,00502,117
178200,3,6,01005,131
170000,1,3,01106,202
103300,2,2,01600,95
620000,4,4,00902,76
49600,1,1,00602,68
149000,2,4,00302,98
310000,3,2,00301,74
1600,0,1,00601,38
122000,2,4,01203,110
25000,1,3,01104,95
13000,1,1,01300,76
225000,2,4,01004,291
45000,2,3,01106,51
210000,2,2,01500,129
52800,3,2,01300,30
217000,2,2,01102,202
276200,1,3,01003,62
65000,1,1,00400,117
225000,3,4,01001,8
54000,2,1,01600,174
177300,3,2,01105,56
52000,2,2,00503,84
256000,4,2,01105,71
295000,2,2,01300,48
99000,2,2,00805,51
73500,1,2,01400,75
176800,2,2,00501,83
52900,6,2,00400,65
160000,2,4,00902,146
17800,2,1,01300,36
70000,2,1,00804,142
160000,2,2,00302,51
121000,3,3,00507,66
372000,2,3,00901,52
145000,1,1,01400,67
127000,4,2,00505,122
141900,2,2,01003,53
98000,2,2,01400,109
346000,2,2,00302,30
120000,1,2,01106,50
144800,2,2,01006,159
60,0,1,01005,42
119000,3,3,00901,215
73000,1,2,00805,70
69900,0,1,00804,97
184800,4,2,01300,85
345000,2,2,01004,58
140400,2,2,00505,126
46200,3,3,01102,56
203000,1,1,01001,82
22500,1,1,00901,109
154020,2,3,01201,75
193400,2,2,01004,88
132400,2,8,01106,119
79800,3,2,00700,97
89000,0,1,00506,327
253200,2,4,01007,88
145000,3,2,00801,129
214100,2,2,00501,86
71720,2,3,01106,55
300000,2,3,00501,283
28940,2,2,01201,155
72400,4,3,01202,44
50000,1,1,01103,57
33000,1,1,01107,72
58800,1,2,00601,252
103000,4,1,01001,49
118600,2,2,01004,103
99800,0,1,01003,103
459000,0,10,01102,86
209400,2,4,00601,59
33600,1,1,00507,29
80000,1,1,00507,37
285200,2,2,01105,51
45910,0,2,01003,45
40000,1,1,01001,30
130000,3,6,01500,85
97650,1,1,00902,50
180000,3,2,01003,123
148000,5,3,00400,161
102000,5,2,00301,39
36700,1,1,00901,94
19400,2,2,00601,81
24050,1,1,00502,103
180000,3,2,00902,125
603000,2,2,01006,60
33600,1,2,00805,53
118000,1,1,01004,77
50000,1,1,01107,197
93000,2,2,01204,267
103400,3,4,01202,85
120000,2,1,01102,213
80700,1,2,00804,84
40900,2,2,00501,32
186540,2,3,00804,62
176700,2,2,00902,55
119000,3,4,00400,80
76000,1,1,01204,107
22300,1,2,00801,171
6800,1,1,00507,67
79000,1,1,00501,86
367000,2,4,00901,112
132000,3,4,00503,98
305100,2,2,01004,85
121000,3,7,01002,222
66000,2,2,00504,139
100000,2,2,00601,54
250000,1,2,01003,147
79730,2,2,00801,72
152000,1,1,01003,119
44000,0,1,01107,107
266200,2,3,00301,117
192000,2,2,00505,84
288100,4,3,00803,57
76400,1,1,01203,48
469500,3,2,01300,135
159100,5,6,00501,40
67080,1,1,01007,68
39300,1,1,01105,98
578260,2,1,00901,62
366400,4,2,00200,65
1700,1,1,00602,45
465600,5,4,01105,67
35000,1,2,01003,14
350000,6,5,00601,155
15000,3,1,00301,51
142700,2,2,00802,32
152000,3,2,00302,78
72800,3,2,01300,75
163000,1,1,01204,127
297700,0,2,01300,60
320000,1,3,01004,43
72000,3,2,00601,82
60000,3,1,00602,103
67000,0,1,01004,120
155300,2,2,01105,114
82750,2,2,01400,61
58600,3,3,01300,10
61400,1,1,01500,104
107200,1,3,00505,46
54400,2,2,01400,34
46100,1,1,00505,65
39400,2,2,00602,59
171000,3,6,01006,153
282000,1,1,00506,256
138000,3,6,00302,54
178000,3,4,01105,180
86800,2,3,00506,62
25900,0,3,01400,236
34400,0,1,00804,147
160000,2,2,01103,34
129200,1,2,00601,86
72500,1,2,00801,183
232000,2,3,01004,48
43200,1,1,00505,47
68000,2,4,00200,156
60500,1,3,00802,53
185000,4,4,00505,83
36800,2,1,01104,58
60500,2,4,00505,93
22600,1,1,00200,25
322900,1,1,01203,95
320000,4,5,00902,87
90450,2,2,00503,78
94600,2,1,01105,313
52000,1,1,00502,130
21700,1,2,00504,323
130000,2,2,00503,191
45000,0,1,00802,69
159700,3,2,01400,91
2500,3,1,01106,60
191000,2,4,01002,245
80300,2,3,01006,54
61200,1,3,01201,467
90400,1,1,01101,26
280000,2,6,01500,515
109300,2,3,01005,72
20000,3,3,01300,421
48600,1,5,00802,103
180300,2,2,01004,57
240000,3,3,00804,36
130000,2,2,01400,96
138000,1,2,00902,122
81400,6,2,00301,69
122000,2,2,01300,109
80000,4,4,01201,95
32000,3,5,01102,333
298300,3,3,00502,99
188400,4,4,01106,204
120000,1,1,01001,37
679000,3,4,01500,109
153000,2,2,01105,69
38100,2,2,00507,61
1588000,3,4,01004,56
45000,2,1,01400,195
120400,2,3,01004,12
41500,2,2,01300,48
218900,2,4,01103,31
161700,2,9,00506,45
29600,1,3,01007,128
76300,2,2,00302,94
343500,1,2,01004,20
74600,1,1,00802,148
30000,1,1,01104,53
163000,3,1,01101,124
54000,1,2,00700,171
34900,4,3,01001,94
58000,2,6,00502,143
40000,1,2,00804,26
71100,2,2,01107,174
253000,2,4,01005,41
105000,2,3,00501,54
127000,2,3,00601,55
15000,1,1,00302,31
31000,1,3,00100,9
153720,2,5,00901,56
54800,2,2,01300,14
79300,2,2,00501,49
73200,2,2,00601,47
153800,1,4,01004,137
99000,2,2,00301,47
48000,1,4,01007,183
25000,1,3,00804,54
30500,2,4,01005,212
112200,2,3,01500,143
56000,1,1,01600,73
202000,2,4,01006,60
46000,1,1,00802,30
70400,1,1,00504,165
40000,1,4,00506,49
139500,3,2,01204,90
73800,1,3,00902,53
190200,2,2,01003,86
59000,2,1,01006,55
58200,2,3,01204,53
110200,5,4,00301,50
60000,4,1,01006,504
32000,1,3,00301,150
24600,3,2,00803,105
115000,4,2,01105,300
87000,0,2,00804,43
66000,3,4,01006,285
94600,3,4,01106,77
187000,3,4,00504,66
66600,4,3,00602,136
130000,4,3,01300,81
216900,3,2,00501,93
213200,3,4,01102,428
248500,5,5,01001,37
122000,2,4,00802,57
109000,1,1,00803,59
90000,1,1,01006,244
894000,3,4,00901,62
105450,2,2,00302,46
30000,1,1,01202,83
106000,4,3,00700,170
50000,2,4,00400,83
132000,2,3,00503,146
75000,2,3,01101,81
52000,1,1,00100,239
41500,2,2,01001,100
170000,4,6,00700,120
285000,3,2,00100,45
191330,2,2,01007,52
31900,1,7,00200,65
106800,3,5,00803,58
58100,1,1,00504,65
13200,0,1,00802,94
95000,2,2,01204,88
81500,1,2,00504,180
73000,4,5,01300,169
78000,2,2,00400,188
15590,0,2,00506,145
72000,1,2,01203,105
88500,3,4,00902,50
102000,3,4,01101,35
248000,2,3,00901,50
95000,4,8,01101,158
132000,2,2,00506,97
36300,2,4,01003,76
106000,1,2,01102,91
152000,3,3,01002,92
157100,2,6,00902,95
280000,2,2,00507,275
55000,4,2,01300,45
119700,3,4,01103,92
174700,2,2,01002,129
92900,3,4,00700,94
58000,3,6,01600,68
300000,1,1,01004,60
300000,4,5,01001,162
55000,0,1,00802,256
360000,3,3,01102,47
114000,0,3,00504,64
37300,2,2,01300,89
190000,2,4,01102,205
16600,1,1,00902,84
235000,2,4,01007,46
203000,2,2,01003,114
158600,6,3,01500,99
26700,1,1,00700,97
143000,1,4,00505,56
79000,1,2,01104,137
193000,1,4,01004,52
88700,1,2,00601,51
154000,2,4,00601,91
81800,1,1,01201,102
100000,1,2,00802,41
119000,3,2,00601,48
34000,1,2,01003,50
29000,1,1,01300,107
71920,2,2,01202,57
98000,2,1,01500,276
174300,2,2,01400,46
154000,2,3,01203,98
61400,2,3,01204,63
225000,2,3,01004,56
95900,2,2,01101,354
180100,2,2,01007,57
142200,2,2,00100,19
100000,2,2,00802,59
71900,1,2,00601,44
196000,2,2,01105,389
234400,2,2,01002,124
72000,1,2,01006,95
165000,2,2,01201,95
32500,1,2,01300,13
174400,4,4,00507,58
41600,2,2,01600,81
94760,2,2,00505,39
91800,3,3,00400,57
88000,1,2,00502,113
105000,3,5,01300,89
235000,3,4,00301,22
143100,3,2,01500,54
178000,2,3,01600,68
831500,3,6,00902,85
152800,2,2,01203,88
25100,1,1,01202,41
310000,2,4,00902,77
178500,2,2,00902,80
170000,3,5,01102,59
152010,3,4,00503,67
237000,2,2,01106,53
120000,2,2,01103,68
43400,1,1,00301,53
165000,1,1,01003,44
53000,1,2,01104,168
4950,2,1,01102,109
44850,3,2,00504,30
102800,4,2,01106,61
108300,4,5,00602,333
199800,2,5,01204,63
56000,3,2,00301,77
268000,2,3,00507,62
405000,2,2,01105,103
215000,2,4,01201,90
71600,2,2,00200,57
200000,2,2,01003,177
64000,1,1,00804,84
16400,1,2,01001,53
46100,1,1,01201,83
195000,2,3,00902,137
233000,2,2,01004,88
43100,1,1,00802,46
104700,2,4,01007,100
93000,1,1,01007,86
93300,2,3,01001,108
26000,0,3,01102,178
183000,2,2,01106,62
150000,1,2,01004,155
58500,2,2,01300,17
77300,1,2,01003,51
25200,0,1,00802,39
146200,1,2,00302,76
37500,2,2,01102,107
95000,1,1,01001,84
250000,2,4,01007,58
49700,1,1,00504,62
19800,1,1,01106,77
151800,4,4,01106,42
3000,1,1,00200,119
90900,0,4,00804,101
109000,3,3,00501,70
10320,0,1,00801,72
150000,3,2,00901,130
85000,2,3,01102,84
17200,1,1,01600,118
132400,4,7,01003,25
16020,2,2,01500,377
80100,1,1,01007,121
90000,1,1,01400,51
50500,4,2,01500,56
65000,1,1,01104,232
85000,1,1,01300,41
9400,1,1,00700,20
102800,2,3,00805,40
107200,2,2,01202,99
125500,4,4,01300,67
25000,1,1,01101,116
122200,5,3,00400,59
133000,3,4,00700,55
155060,2,3,01004,92
55900,3,8,00506,64
41000,1,1,01107,72
183000,3,2,01106,52
10300,1,1,01002,95
99000,3,5,01204,103
182500,2,1,00400,58
505000,3,2,01004,56
509300,4,4,01004,61
107400,3,3,01005,33
133100,1,1,01204,98
180750,5,4,01103,24
94800,3,2,01500,127
38200,1,1,00504,63
237760,2,4,00901,48
26300,3,2,01105,63
52400,1,1,01006,85
785700,6,5,00503,63
85200,1,2,01107,29
40000,0,1,00802,36
133300,1,3,01001,103
153000,1,1,01004,105
75000,1,1,01201,102
32000,1,3,01201,347
31000,1,1,00507,32
341400,2,3,01105,56
50000,2,2,01003,56
5000,1,2,00100,27
168000,2,2,00301,94
173600,4,3,01300,92
250000,2,2,01004,50
117500,3,4,00601,111
239000,4,6,00601,45
166000,2,2,01003,84
155000,2,2,01002,79
70100,1,2,01004,107
156800,1,2,00507,236
82500,1,6,00804,217
153600,4,4,00504,52
135000,5,3,00506,81
115000,2,2,00302,57
83180,2,4,00507,108
120000,1,1,01003,65
185100,3,4,01106,72
190000,2,2,01106,85
140000,3,2,00803,31
175000,3,1,00301,47
240000,4,4,01600,47
174100,3,3,00502,137
49200,1,1,01600,92
59300,2,4,00804,417
317000,2,2,01300,241
122400,2,2,00902,63
60000,4,3,00506,67
46000,2,2,01005,63
56000,1,2,01102,66
106000,1,1,01006,119
31400,1,1,00902,224
39600,1,1,01400,69
62100,3,3,01300,9
55800,2,5,00302,423
98400,2,4,00901,81
171700,2,2,00505,97
65000,1,1,01004,10
90200,2,2,01201,60
52430,6,4,00501,63
60300,1,1,00503,126
145400,0,1,01007,41
96200,1,1,01300,61
159000,2,4,01005,90
245000,3,2,01203,84
95000,2,2,01104,72
50000,0,1,00804,57
60000,3,3,00100,34
135000,3,2,00602,104
105300,2,2,00200,91
57000,1,1,01203,74
220000,2,4,00400,89
58000,1,6,01007,47
37200,1,1,01105,48
45100,2,2,01101,241
139400,2,2,01007,28
728000,2,3,01003,49
40000,2,3,01007,206
72000,3,4,00200,36
22500,4,3,00506,65
9630,0,2,00200,115
100000,2,3,00501,102
10000,0,1,01107,71
120000,2,4,00100,20
228000,2,2,01400,79
237000,3,2,00602,319
36000,3,3,00507,59
1800,1,1,01002,244
103500,5,6,00801,189
96250,1,2,01600,78
142000,2,4,01202,209
153000,3,5,00504,107
218800,5,3,00507,50
257600,2,2,01005,16
19200,1,1,01600,61
40000,4,3,01203,114
35000,1,2,00803,72
107820,3,4,00301,66
139700,2,2,01300,19
13300,0,1,01007,81
121250,1,2,01006,46
120000,4,3,00505,68
115000,2,2,01003,77
33680,3,1,00301,58
588400,3,2,01203,28
1175000,3,4,01201,50
44000,1,1,00503,132
14000,1,1,01400,105
60000,2,1,01500,233
274000,3,7,01201,176
50000,2,2,00400,54
105200,3,2,00400,47
14400,1,2,01107,48
291000,2,3,01004,34
108000,2,2,01300,11
79000,4,3,00301,53
37000,1,1,00301,104
8800,0,1,00801,149
80000,1,2,00400,75
92000,2,1,01103,49
123100,2,2,00902,62
67600,3,4,00602,508
208100,5,4,01006,53
30300,2,2,00805,85
82000,3,2,00602,154
66800,4,2,00507,249
50300,2,3,00501,76
8700,0,5,01600,40
18500,1,1,01202,102
180800,4,9,01600,103
40900,2,2,00803,116
906300,3,2,01004,31
156000,1,2,01003,36
87000,3,2,01004,130
98600,2,3,01400,37
46800,2,4,01400,157
63500,2,1,00501,54
37700,2,4,00503,55
417000,4,4,01203,109
125300,2,4,01102,60
80000,1,5,00400,71
52400,1,2,00506,139
155500,2,2,00801,47
140510,2,2,01500,60
260000,2,1,00503,29
97000,3,2,00506,102
245000,2,4,01007,53
125900,2,2,01203,90
330000,4,2,00804,41
81000,2,2,01003,89
100000,2,1,00400,52
156460,2,2,00802,66
47800,0,2,01500,59
71000,1,1,01300,40
588000,2,4,01004,31
251300,2,4,01004,17
135000,4,2,01006,149
66900,2,2,00506,228
100000,1,1,01201,54
292000,2,4,00400,111
182370,2,5,00502,76
30000,4,3,00400,43
1400,1,1,00200,100
80000,2,5,00802,142
78100,2,3,01102,141
86000,3,3,00503,347
108400,2,2,00503,57
92000,1,1,01300,135
4200,1,1,00803,127
173200,2,2,01105,55
6000,2,3,00200,64
70000,1,1,00200,26
237000,2,2,01500,119
208560,3,3,00301,76
93000,2,2,00506,88
45000,2,1,00801,65
81400,1,2,01003,219
152700,3,4,00505,146
8700,1,3,01400,385
81800,2,3,01600,43
36900,1,1,00505,44
7000,0,3,01101,117
237000,3,3,01006,249
9800,0,1,01003,84
17700,0,2,01101,380
230000,4,3,00601,84
35400,2,7,01107,172
31200,0,1,00803,188
100300,2,4,01003,161
79000,1,1,01007,84
42500,2,2,00400,44
159400,2,2,00901,53
83000,0,1,01107,85
312100,2,3,00901,44
53500,2,2,01107,67
710,0,1,00801,152
312000,3,3,01104,280
90000,1,1,00801,201
611500,2,2,01005,13
200000,2,2,01001,36
36000,1,4,01204,118
190000,4,3,01106,33
49000,2,2,01300,32
166000,4,2,01300,49
89000,1,1,01101,31
80000,1,1,00804,162
86000,3,3,01400,245
250100,2,3,01004,128
99600,2,2,00602,52
101500,2,2,00901,57
170000,2,2,01500,51
82000,4,2,00503,37
112800,2,3,00901,95
74000,1,3,00700,27
128600,1,3,01300,61
81600,1,3,00200,71
188750,3,2,00400,60
68100,5,2,01500,59
140000,3,3,01105,128
66100,3,2,01005,94
53000,1,1,00200,264
65000,1,1,00200,46
141500,1,2,00803,70
88000,2,4,00801,255
37500,1,1,00503,83
57900,2,2,00601,156
141000,2,2,00504,60
210000,3,3,00902,104
83000,1,3,00507,39
68400,2,2,00801,51
15300,1,1,00200,56
25400,1,1,00100,154
222400,2,4,00100,41
93400,1,3,00801,79
15000,1,1,00100,448
86430,2,2,01201,87
7800,0,2,01204,143
142000,2,2,01003,34
163890,2,2,01102,66
67300,0,2,00804,70
15000,1,4,01001,86
27000,1,1,01201,144
78400,2,2,00506,64
2900,2,1,01106,83
130000,2,2,00805,61
120100,3,5,01500,322
16600,2,2,00901,100
70000,1,1,00804,74
63000,1,1,00507,117
48200,1,2,00601,44
45000,1,5,00801,209
66900,3,3,00503,211
10500,1,1,01203,81
212600,3,5,01500,52
45000,2,2,01006,273
150000,1,1,00501,306
145000,2,2,01006,49
268600,3,3,00901,71
747000,3,5,00901,75
300400,2,6,00901,60
250000,2,2,00302,60
28900,1,1,01003,32
73200,2,3,01003,142
118000,3,2,00503,68
50900,2,3,01500,66
291950,3,3,00301,15
704000,3,2,01201,45
32500,2,2,01201,33
120000,2,1,01106,81
135000,2,2,01105,162
265000,2,4,01201,34
101800,1,1,01002,63
132000,2,2,00507,78
82000,1,1,01003,62
216450,4,4,01001,30
100180,3,4,01201,49
80000,1,1,00803,389
26400,0,1,00700,16
19600,0,1,01204,87
66000,1,1,00902,104
243600,2,2,00901,64
116000,2,1,00501,50
157000,3,4,01001,30
110000,2,2,01107,203
99000,2,5,01201,94
11400,1,1,01300,21
94800,1,4,01104,134
20000,3,5,01400,81
244000,3,4,00501,36
185000,1,1,00505,166
195100,4,5,01105,99
72000,2,2,01202,150
228700,3,2,00902,62
103000,2,2,00100,32
713000,2,2,01004,44
70000,1,2,01005,70
12000,1,1,01007,88
84800,1,2,01001,56
75000,1,1,01102,80
57200,0,5,01600,167
118000,4,4,01106,154
126900,2,2,01003,45
40000,2,3,00700,128
127400,3,3,00503,45
223000,2,2,01106,74
142100,4,2,00902,144
173400,2,1,01500,82
273600,3,6,00507,60
120000,4,3,00400,69
330000,2,2,00400,37
27000,1,1,00502,342
250000,2,2,01005,61
42700,1,1,00100,45
164910,3,3,00902,48
280700,1,1,00507,75
60000,1,1,01007,92
108000,2,1,01006,153
90000,2,3,01007,56
9600,0,2,01004,39
60000,2,3,01600,135
93000,2,2,01300,73
54100,2,3,01105,175
27000,0,1,01300,16
148000,1,1,00804,65
103420,4,2,00601,30
132000,2,6,00501,95
76800,3,5,00400,115
40500,1,3,01102,151
85640,1,3,00803,39
65000,1,1,00505,90
2200,1,1,00302,49
218000,2,4,00503,121
2850,2,2,00506,65
45300,2,4,01007,96
9400,0,1,00804,142
112000,1,1,01103,109
80210,2,1,00805,646
242090,4,2,00301,63
173000,2,3,01300,51
193000,2,4,01003,50
225600,3,2,00802,174
34000,1,9,00805,43
1013000,4,2,00504,160
125200,2,2,01107,85
155000,1,1,00902,66
53000,1,1,00400,221
137800,2,4,00700,49
213000,2,3,01201,98
131100,2,4,00503,81
224000,2,2,01007,59
74800,2,2,00601,64
8400,1,1,00805,64
216000,3,5,01003,62
63000,1,1,00801,68
55100,3,2,00602,97
104700,1,1,00801,73
64400,1,3,01104,196
680800,1,2,00802,30
185400,3,2,01201,50
71000,2,2,01300,137
70500,3,3,01300,27
125800,2,2,01300,47
117200,3,4,01001,135
90000,2,3,00601,42
187000,3,4,00804,190
12600,1,1,01500,265
15700,2,2,00100,14
224400,3,4,01003,55
100000,1,1,01102,100
10800,0,1,01203,54
72400,1,1,01203,67
28000,1,1,00200,87
300000,2,5,01003,166
123400,2,4,01600,98
65000,1,1,00302,223
167800,2,5,01003,381
443130,5,9,01500,130
103200,2,2,01006,55
66000,1,2,01103,144
101000,0,4,00802,41
63200,2,3,00506,63
147900,2,4,00400,40
3300,0,1,01101,77
104000,3,2,01201,115
90000,2,4,01202,58
5200,1,1,00803,60
283200,3,6,01106,109
148400,3,3,01201,68
519000,1,2,00901,55
76400,2,3,00503,77
163000,2,4,00601,37
100020,1,1,01201,116
73700,2,3,00302,129
80000,1,2,01101,188
52000,4,4,00506,75
53000,1,1,01102,83
155800,2,4,01107,35
27000,1,1,01002,74
180000,3,2,01203,60
36000,2,2,01106,198
172360,2,2,00400,48
83000,1,1,00502,72
164000,2,4,00901,26
95000,2,2,00301,68
4400,2,2,01106,63
193500,2,3,01004,132
220000,3,3,01202,42
68000,2,6,01003,182
88500,1,4,01201,128
307600,2,3,00504,35
198000,2,4,00400,76
40000,2,2,01107,28
454600,3,2,01400,23
162000,5,3,00301,93
86000,1,1,01107,450
9400,1,2,00805,115
138000,4,5,00505,55
8000,1,1,01102,168
185000,2,2,00902,68
21700,0,1,01005,44
40000,3,1,01002,51
128400,3,4,00200,97
90100,2,2,01204,52
189000,1,1,01001,48
270000,2,3,00901,50
31000,1,1,00100,44
302000,3,2,01300,78
150000,3,4,01203,143
149000,4,2,01400,206
99000,1,1,01002,189
222000,4,3,01500,161
500000,2,4,01001,100
86000,1,1,01107,125
126000,4,4,00200,86
248800,1,2,01004,44
126000,2,1,00200,192
95000,1,2,01600,64
46000,1,1,00802,52
31200,2,4,01300,183
81000,1,1,01106,72
173000,4,7,01204,219
57800,2,2,01104,140
132000,2,2,00902,64
5400,1,1,01004,51
200000,2,1,01105,42
99200,2,2,01005,70
66000,3,4,01104,74
130000,2,2,00400,143
31100,0,1,00302,62
74000,3,2,00400,72
40000,2,1,00400,20
116000,2,2,01204,310
348500,2,4,01203,69
213100,2,2,01004,91
35000,1,1,00802,73
27000,2,3,01102,63
156000,2,2,00602,239
90000,2,5,01500,94
189500,3,3,01001,240
28500,2,4,01007,79
29300,1,2,00901,71
130000,4,3,01500,89
9500,0,1,01300,98
88000,3,3,00502,111
247200,4,5,00301,21
120000,2,4,01201,108
18000,2,2,01400,74
146000,0,3,00801,105
90200,2,1,01105,59
123000,2,5,01201,127
100000,3,4,00902,102
83100,1,1,01203,86
24000,2,3,00501,42
150200,3,2,00901,82
122000,4,2,00503,54
270000,2,4,00901,70
249000,3,2,00505,118
383000,5,6,01003,88
149300,2,2,01204,73
71200,1,3,00400,126
61600,2,2,00501,82
120000,1,4,00805,109
60000,1,3,01204,16
72300,2,2,01400,209
115000,4,2,01103,35
37000,2,2,00902,40
605400,4,3,00200,136
73600,2,2,01300,49
20000,1,1,00802,51
4300,1,2,00801,41
324000,2,2,01004,55
46700,1,1,01107,55
150000,2,2,00504,46
40500,1,1,00803,56
360500,4,5,01004,106
200000,3,2,00502,62
108800,3,4,01400,291
234000,2,4,00504,72
105000,1,1,00505,56
67000,2,5,01001,78
222000,2,4,01003,50
15000,1,1,00902,44
135300,1,3,01106,54
10000,2,4,00200,42
70000,1,2,00400,66
235000,2,1,01004,54
13200,0,1,00200,30
157000,2,4,00504,80
5500,3,3,01300,126
172000,2,4,01204,105
41200,3,4,00802,24
78800,2,2,01204,91
123000,3,3,00504,134
95500,3,4,01006,197
190200,2,2,01400,109
41700,1,1,00506,68
69000,2,2,00200,209
60000,2,5,00805,109
140000,2,2,01204,166
115400,2,2,01007,43
608000,2,2,01103,45
294400,2,2,00902,66
488000,3,3,01004,144
102800,3,2,01106,62
218000,1,1,00504,80
67400,2,2,01006,69
151500,4,5,00902,35
399000,3,6,01003,53
216200,2,2,00901,292
60500,2,2,00400,142
87700,1,2,00601,119
10800,0,1,00801,216
60600,3,2,00400,50
70200,1,1,00302,109
101500,1,1,01006,75
156600,2,3,01003,26
13100,1,1,00100,67
26700,0,1,01103,57
258200,3,4,01102,98
150000,3,2,01400,244
90050,2,2,01004,78
196000,3,4,00504,44
77300,3,4,00302,207
98010,1,1,01003,61
48000,1,1,00602,163
584010,2,2,01004,109
180000,6,3,01106,84
203900,4,4,00200,36
84000,1,1,01600,165
67500,2,6,01002,55
86000,2,2,01300,195
7900,1,1,01204,80
47000,2,2,01202,56
39800,1,5,01300,38
95000,2,4,00504,79
22700,0,1,00504,208
114000,2,2,01005,57
145000,2,5,01104,73
45000,1,1,00200,105
36100,0,1,00804,190
164000,3,4,01201,402
15400,2,1,00400,42
33600,1,1,01203,79
39400,2,3,01103,50
134000,4,5,01300,122
29200,2,1,00505,80
13500,1,1,01007,43
115600,3,2,01007,33
90000,3,4,01001,267
185000,2,4,00902,113
88100,2,1,01101,26
33700,2,2,00700,92
28000,2,6,00805,184
56000,2,4,00507,55
110000,2,3,01003,93
116300,4,4,01005,98
27900,1,4,00506,385
75000,1,2,01003,67
21000,1,1,00400,50
205530,1,2,01103,54
42000,1,2,00504,105
142000,2,5,01500,132
65900,1,1,01004,23
120600,1,2,01003,76
35030,1,1,01203,62
100000,1,1,01004,54
150100,2,3,01500,85
28900,1,1,00505,161
278000,2,4,01600,144
74800,3,4,01006,110
64800,1,3,01105,41
403810,3,4,00802,62
40000,2,2,00803,116
180000,2,2,00804,73
85000,1,1,00802,150
35000,1,1,01202,104
13000,0,1,00601,85
38800,1,1,01003,73
135800,1,2,00507,111
108650,2,2,00804,69
111000,2,6,00301,66
211400,2,4,00301,66
131900,2,5,01002,57
83000,1,2,01006,124
124000,3,5,01002,83
20100,1,1,00804,64
55000,1,1,01004,51
18200,1,1,01300,15
210000,2,2,00805,82
184420,1,4,01203,54
16600,3,3,00505,149
234000,3,3,00400,47
135200,3,3,01002,65
842200,2,3,00501,51
217680,3,4,01400,71
329000,2,4,01106,64
368400,5,5,01105,211
74900,2,2,00504,64
54000,4,3,00601,143
181550,2,2,01003,28
132900,2,3,00301,64
72600,1,2,01202,79
120000,2,3,01500,110
5400,2,2,00200,72
21000,0,1,00400,50
86000,3,2,00602,97
64000,2,4,00100,33
75000,0,1,01107,176
227510,3,3,01201,49
92000,1,1,01002,53
252780,2,4,01005,209
136000,3,4,01105,98
69000,1,1,00504,62
26110,1,1,01103,17
258000,4,3,00601,51
121200,2,5,01001,104
50600,1,4,00504,37
94000,3,6,01004,56
86300,5,3,00400,33
145000,2,2,00601,33
1300,2,2,01004,61
461200,3,2,01204,48
21600,0,3,01103,95
56300,2,1,01102,74
108300,1,2,00803,64
156000,1,1,01103,24
142400,3,6,00602,47
159000,2,3,00505,230
13800,0,1,00804,104
30600,3,1,01500,93
145200,2,2,01201,64
65000,2,1,00902,181
107000,3,4,00506,104
835000,3,3,01004,53
174400,2,2,00400,53
103030,2,2,01400,48
50240,3,5,00100,64
241900,3,2,00601,83
170000,2,2,00602,57
121000,2,2,00804,54
29100,0,5,00200,85
162200,0,2,00507,326
15000,1,2,01103,153
70500,3,2,00200,93
578000,1,2,01003,57
72000,1,3,00902,43
117000,4,2,00506,40
184000,2,2,00902,183
123700,2,2,00302,112
70180,1,6,01001,49
114800,2,2,00901,106
77200,1,1,01201,84
196400,2,2,01500,54
100800,3,2,01006,79
107000,1,2,01002,92
66800,2,2,01600,86
86000,1,1,01104,85
32000,1,1,00100,114
69600,2,4,01005,10
125000,2,2,01500,149
108800,3,3,00100,15
61500,2,2,00902,122
105700,2,2,00505,90
338000,1,3,01004,15
114000,2,2,00400,52
211000,1,2,01105,65
270800,4,1,00501,77
135040,2,2,00804,77
75000,1,1,00504,325
81100,0,1,00700,93
172620,3,2,01600,119
100000,1,1,01007,99
134600,2,2,00301,38
518200,2,2,00901,102
59000,1,1,01007,92
110800,3,3,01204,95
82100,1,2,00503,194
69500,2,5,01204,161
145400,1,1,01006,42
79000,1,2,01105,80
25600,1,1,00100,68
331000,2,4,00501,69
21100,0,1,00805,54
78100,1,1,00805,69
24000,1,1,00504,80
12200,2,3,01102,73
158600,2,2,01203,83
74850,3,3,00504,45
130500,3,2,01102,47
88000,0,2,01600,81
22500,2,2,01107,219
166900,1,2,01204,68
115100,1,5,01106,160
66300,0,3,01101,128
162000,3,6,00803,58
67000,1,1,01004,59
127900,3,3,00902,33
79200,3,3,00506,90
60000,1,1,01004,65
66000,1,2,01002,64
83040,2,2,01400,58
230300,1,6,01106,90
90000,2,3,01106,96
153200,3,3,01300,78
98140,2,2,01003,61
36400,1,1,01101,49
64600,2,2,00805,53
86050,1,2,01003,81
85000,1,1,00802,95
20300,3,5,01300,49
50000,6,1,00802,39
24300,0,1,01300,47
135630,1,1,00400,159
100000,2,2,01106,60
228000,2,2,01005,118
115000,2,2,01106,91
169000,2,3,00902,74
80100,3,2,01600,147
34200,2,2,00502,155
286000,1,1,00501,108
49600,4,7,01005,47
71300,1,1,00602,218
101000,3,2,01003,53
66100,1,2,01002,67
16020,3,3,00601,88
26800,1,2,00100,77
114600,1,1,00501,105
30000,3,1,00100,69
59000,0,2,00200,176
221000,3,2,01202,67
99010,1,1,00801,70
85800,2,4,00601,105
31200,1,4,00506,142
90000,2,2,00901,149
206000,3,3,00505,150
116000,2,3,01103,112
43400,2,2,01201,110
100000,1,5,01204,64
171600,2,3,01104,75
40000,2,3,01201,169
464000,3,4,01004,101
215100,2,2,01105,85
163800,3,2,00700,14
44000,1,3,01300,53
52200,1,1,00601,47
46400,3,2,00301,78
313000,2,2,01001,51
301300,2,2,00507,125
277200,1,3,01101,223
220000,2,2,01102,90
33100,0,4,01203,82
116000,3,3,00100,36
61000,1,1,01102,81
360000,2,4,01203,84
65000,2,2,00302,161
133540,2,3,01104,35
82300,1,3,00801,312
28670,1,1,01006,68
176100,3,5,00501,80
603500,4,2,01300,16
61000,4,2,01202,111
113000,3,6,01202,492
10700,0,1,00100,81
118000,3,3,00700,425
50000,2,3,00400,19
124800,2,2,01001,56
119200,4,2,00200,71
139400,3,4,01007,87
162000,2,3,00804,129
70100,3,2,00200,37
102000,4,2,00901,91
223500,1,1,01003,23
60500,1,2,01300,77
75000,1,1,00503,47
100000,0,4,00801,271
360000,3,3,01201,37
58000,1,3,01102,107
190000,1,2,00805,70
123500,2,2,01202,39
38100,2,1,01006,66
174000,2,4,01300,117
40000,2,2,00301,67
94830,2,2,01005,16
72000,3,5,00400,75
163400,1,2,01002,49
259000,2,2,01500,162
189000,2,3,00805,80
21080,0,2,00802,60
23300,1,1,01104,137
42800,5,3,00200,54
262600,4,5,01204,111
196400,5,2,00301,18
66000,1,1,00400,43
25000,1,1,01400,183
11000,0,1,00200,228
91000,2,2,00200,62
104000,1,1,01104,79
50000,2,3,01202,121
62000,1,1,00700,337
38300,1,3,00506,310
41400,5,4,00400,13
34600,3,6,01002,130
321000,2,3,01001,40
24100,2,1,01300,53
104000,2,3,01104,58
228500,3,3,00801,58
235000,2,2,00302,33
169000,1,4,01004,40
194000,4,3,01600,55
60000,0,1,01005,51
440700,4,4,00504,88
121600,1,1,01004,57
59100,2,2,00506,62
45000,2,3,01300,235
69500,1,2,00602,60
358900,4,5,01201,19
42000,3,2,01600,57
223100,3,3,00502,95
50000,2,2,01300,101
43000,1,1,01104,100
35240,1,1,01004,56
112400,2,3,00506,51
91000,1,1,00902,113
127200,2,7,00802,68
531770,2,4,01004,13
608000,1,2,00802,61
60000,3,2,01300,71
50600,2,1,01004,148
52500,1,2,00503,38
185600,2,2,00902,67
72000,1,1,01107,74
116000,2,4,00601,67
37800,3,4,01005,61
152500,2,2,01300,160
72000,2,3,01103,36
93000,2,4,00200,259
347200,2,6,00501,145
111000,2,2,00504,57
422300,4,6,01002,58
73100,2,7,00902,51
166100,2,2,01300,36
1034600,2,4,01300,154
462800,2,4,01004,66
55000,1,4,00301,64
97600,1,2,00901,64
85000,3,2,01004,55
31500,2,2,00400,65
84000,2,2,01104,93
112000,2,4,00902,52
137000,4,5,01500,138
180400,2,2,01107,91
23000,4,2,00501,51
90000,1,1,01204,295
61200,2,3,01600,82
60000,2,1,00302,103
129000,2,2,00506,34
800,0,1,00200,615
112000,2,2,00100,77
422000,3,2,01004,12
456300,3,6,00501,50
50000,1,2,01003,212
64900,1,2,00200,76
177000,2,2,00302,75
77000,3,2,00902,93
127500,3,2,00503,58
109000,1,1,01101,67
220000,2,4,01500,101
36800,0,3,01400,25
90000,1,5,01107,180
605100,2,4,01204,89
159400,2,2,00801,30
88800,1,2,00501,50
17300,2,2,01400,47
44300,1,3,00700,107
57300,1,1,00504,196
40000,1,1,01006,363
155400,3,3,01203,49
74400,2,2,00902,84
43400,1,2,01107,186
74100,0,3,00805,109
72000,3,1,00400,64
81700,3,2,01105,55
29200,2,1,01300,6
218400,1,2,00802,55
19600,0,1,01007,50
71300,2,2,01400,16
26300,1,4,00200,67
170000,1,1,01003,53
218300,5,6,01001,26
241000,2,2,01004,55
37300,2,5,01003,146
109650,2,3,00504,166
149800,3,3,01105,116
93000,4,7,01400,82
326000,2,2,01300,28
84900,1,1,00501,70
2400,0,4,00803,154
181500,1,3,01102,65
11500,0,1,01106,45
87900,3,2,01300,86
73000,2,5,01107,60
125000,2,2,01300,242
329600,3,3,01106,48
83000,2,5,01107,41
102200,2,1,00700,55
17350,3,3,00301,53
76900,1,1,01204,52
124500,3,2,00503,93
12000,0,1,00802,388
96000,2,2,01102,39
208000,3,3,01004,43
157300,6,3,00502,98
10900,0,1,01300,23
107920,3,3,01006,95
82000,2,2,00503,92
42000,3,2,00506,142
283000,5,4,00901,68
158500,0,1,00901,95
66900,1,1,00302,224
113000,5,3,00602,64
54600,2,4,00302,45
115200,1,3,00802,37
96000,3,3,00803,133
80000,2,1,00506,45
270000,3,4,00902,54
102600,3,5,00400,56
1700,1,1,00601,67
180000,1,3,00805,87
17930,0,1,00200,54
80000,2,4,00100,100
173400,2,2,00507,46
69900,1,1,01106,52
191400,4,5,00501,57
85000,2,2,01600,161
192800,4,2,01600,70
105900,2,4,01103,97
137000,4,2,01500,299
37800,1,1,01300,55
150000,1,2,01102,149
261000,2,2,01002,92
38000,2,4,01002,53
68000,2,1,01002,116
188000,1,2,01005,77
154100,1,1,01202,78
70200,2,1,01400,102
28000,0,1,01300,49
36600,2,2,00503,63
1300,1,1,00506,50
85000,3,2,01202,121
121000,3,2,01204,87
124800,2,2,00502,60
51400,2,4,01300,14
20400,1,1,00100,55
133890,2,4,00507,139
46700,2,1,00503,54
200000,2,2,01004,58
235500,4,3,00302,31
54000,0,2,00901,69
111000,4,6,00301,216
57200,2,4,00504,57
166400,4,4,00400,168
264800,2,4,01001,97
31100,1,2,01102,219
173000,3,3,01005,68
163000,3,3,01003,84
118000,2,2,01103,86
61300,1,2,00602,81
193000,5,5,00501,101
210000,2,2,01002,75
48000,4,4,00507,42
90000,1,1,00802,61
201150,3,2,01204,85
252000,2,3,01003,50
112500,2,2,01107,74
140000,2,4,00804,92
50400,1,3,01002,92
116000,1,1,01007,80
100540,2,3,01103,88
106000,2,2,00700,35
222100,4,3,01106,57
66400,1,1,00803,76
113100,2,2,00700,95
89600,1,1,00802,68
139800,3,3,01400,49
97000,2,2,01202,251
80000,1,1,00502,129
91800,2,2,01300,91
50700,2,2,00700,45
109000,2,2,01204,49
35700,2,1,00700,37
57800,1,1,00400,104
146900,2,4,01104,223
42470,0,1,01004,105
150000,2,4,01102,81
71100,0,3,01101,406
130200,1,3,01004,63
122580,3,4,00503,59
156000,3,2,01600,69
74900,1,2,01300,13
660000,3,5,00503,82
361700,3,3,01001,86
135000,2,2,01102,46
47600,2,2,00302,37
133200,2,2,00506,94
514000,3,3,01004,53
30600,1,3,00100,119
43600,2,2,00200,27
23000,2,2,01300,57
18100,2,3,01400,82
67500,2,2,00400,236
204000,1,4,00801,104
172000,1,3,01104,32
90700,2,2,00302,110
170000,2,4,00504,49
95000,1,2,01107,213
30900,1,1,00507,38
42000,1,2,01101,514
81300,2,2,00506,73
18500,1,1,00802,39
67400,4,5,01002,57
32700,2,1,01300,66
84900,0,2,00801,31
125000,2,4,01203,67
250000,3,2,01105,67
56600,3,3,01105,77
35000,0,2,00804,171
12000,1,1,00503,131
30004,2,2,00200,85
116220,3,4,00200,59
213600,2,2,01001,37
10000,2,2,00302,195
84500,6,6,00601,49
351000,3,2,01001,22
162100,3,4,01001,12
48000,2,3,00902,58
176700,3,2,01004,173
174000,2,2,01003,54
140000,5,5,00400,90
39200,1,1,01004,63
215000,4,2,01003,62
123000,2,5,01001,39
224000,2,2,00504,63
65300,0,4,00801,138
29100,1,2,01002,49
36000,2,3,00100,58
169600,3,2,01106,103
312440,3,4,00505,47
35500,1,1,01400,76
131000,2,2,00501,45
46600,2,1,01400,49
35000,1,2,00804,31
558000,1,2,00301,161
91000,2,2,00400,74
19300,1,1,00501,47
838500,2,2,01001,58
103000,1,1,01007,79
40000,1,1,00700,36
578000,4,1,00200,352
164000,2,4,00301,61
91000,1,1,00504,34
103000,1,1,01600,105
187000,4,5,01203,205
202000,2,2,01106,84
60700,1,2,01004,106
133000,2,2,00802,68
25154,2,5,01005,90
127000,3,2,00601,59
383000,4,4,00901,100
45000,1,1,01203,90
70700,4,1,00601,64
16200,1,1,01204,137
163450,3,4,01106,181
28700,1,1,00503,71
25000,2,1,00400,42
100800,2,3,00301,114
120020,2,1,01005,84
71000,2,3,01101,139
110500,5,3,00504,47
30000,0,1,01104,66
182560,2,4,00601,73
137000,1,1,01202,60
4700,1,1,00805,52
141500,4,3,01300,55
105000,2,2,00400,65
89000,1,1,00805,109
9500,1,1,01400,142
43400,2,4,01400,105
322000,1,1,01004,82
134000,2,2,00805,101
49900,1,1,01101,123
48700,1,1,00507,48
82700,3,2,01203,85
115000,1,4,00504,40
122800,2,2,01001,64
581000,1,3,01004,59
163560,2,2,01201,95
116600,3,3,00506,85
157000,1,2,01106,138
56600,1,1,00801,70
277000,3,4,01201,277
150060,1,1,01002,78
21900,1,2,01600,85
169000,1,2,01007,143
214000,2,2,00602,59
119800,2,2,00505,298
107000,2,6,01003,112
18000,1,1,01202,153
105630,3,4,00400,66
53800,1,1,01004,58
19600,1,1,00802,50
139300,2,2,01107,64
115000,0,1,01105,59
297050,2,2,01204,55
32000,1,3,01001,61
38100,2,2,01500,68
42650,1,2,01105,49
183100,4,4,00100,42
7200,2,2,01007,116
34900,1,3,01003,329
15010,3,2,00801,66
195000,2,2,00301,103
109400,1,3,01105,168
16000,0,2,00302,42
106600,1,1,00801,137
85000,2,4,00601,124
57500,2,2,00505,53
133200,2,5,01500,296
347700,3,5,01204,112
32200,2,2,01300,54
115700,1,2,00100,51
105000,2,5,00801,73
89100,2,3,01001,64
25200,3,5,00700,165
6000,1,1,01005,49
68000,2,2,01104,93
117900,1,2,01001,266
98000,2,2,00700,261
35800,2,2,01500,101
290000,2,2,01005,135
30200,1,1,01004,91
162100,2,3,00301,35
66200,1,1,00502,207
5200,2,3,01106,77
237600,3,2,00901,85
120000,2,5,01202,72
70000,1,1,00805,156
73700,1,1,00503,55
23200,1,6,00803,99
150200,2,4,00902,336
218230,3,2,01105,26
158500,3,2,00502,95
126000,2,2,01101,211
115000,2,4,00200,26
130000,3,2,00505,47
35100,2,6,01007,156
102400,2,2,00400,77
145000,2,2,00802,56
179000,3,2,01001,70
32100,2,1,01500,99
140000,3,2,00505,48
93000,2,2,01002,58
92000,1,1,01004,50
413000,1,1,01005,56
58300,1,3,01003,34
104600,3,3,00506,73
6500,1,2,01106,100
169500,3,2,01105,90
71300,0,1,00507,104
88050,3,9,00503,28
202000,3,5,01105,57
729000,2,4,01001,39
95000,2,2,00902,83
89000,2,2,00504,55
382000,2,4,00901,67
178200,3,2,00301,89
4800,1,1,00200,159
54800,0,1,01300,84
32000,2,2,01201,83
22400,1,2,00505,36
106500,1,1,01300,71
146000,2,2,00504,98
110000,2,2,00503,59
16200,1,2,00804,85
80000,1,1,01004,191
210000,2,5,01001,237
46000,1,1,00504,56
557000,4,4,01004,73
148000,2,3,00602,128
175600,4,11,00805,78
183000,1,1,01201,113
40000,1,1,00100,21
174500,2,2,01106,54
82200,3,1,01400,139
42300,1,1,01204,92
54200,2,2,01201,47
360000,3,4,01007,36
100800,1,1,01106,53
122000,1,3,00302,78
11000,1,1,00802,51
25300,1,1,01003,85
137000,2,2,00804,77
59700,1,1,00302,46
103000,1,3,00602,148
47000,1,1,01202,208
370000,3,2,01106,56
157000,1,1,01104,65
126500,0,2,01203,85
16800,1,1,00301,126
19500,1,1,00400,64
238350,4,6,00506,78
35000,1,2,01203,252
104010,2,2,00602,181
145000,2,3,00503,91
82000,2,2,00803,85
159600,3,2,01203,85
877000,4,5,00902,294
835460,2,3,01004,87
51850,2,2,01105,127
163000,2,2,00501,61
361100,3,3,01202,134
184600,2,2,01001,50
164000,2,2,01300,68
107000,1,2,01204,101
148800,6,6,00501,57
180000,1,1,00804,73
176500,2,2,01300,168
33600,3,4,00506,201
130800,2,2,01105,56
79100,1,3,00804,208
20800,1,1,00200,9
71600,1,1,00100,38
179000,2,2,00200,120
9500,0,1,01004,55
50000,3,2,00503,156
100000,1,1,00700,368
71440,2,2,00301,53
45000,1,1,01201,54
104000,2,2,01006,69
55000,2,5,00503,129
107500,1,1,01204,91
84200,2,2,00700,42
223000,2,4,01001,61
64000,2,2,01006,89
158000,2,3,00902,139
28000,1,1,00803,50
94000,1,3,00700,108
10800,0,1,00802,48
149980,2,5,01103,30
17700,0,1,00100,32
159000,1,4,01004,49
135000,2,3,01202,60
12400,0,1,00507,72
15300,1,1,00501,76
23000,1,2,01103,58
217400,3,5,01006,64
125000,3,2,00302,44
166880,3,2,01101,37
350000,1,4,01007,105
2400,2,2,00802,75
167000,5,5,01400,58
202000,2,2,01500,103
95300,2,2,00400,73
327500,3,2,01102,41
228500,6,4,01106,168
360000,3,3,01500,85
79000,2,6,01204,59
116800,4,9,01103,97
135000,2,2,00301,85
166000,3,2,00601,55
41200,2,3,00200,75
354000,2,2,00507,77
20710,2,2,00400,110
103000,3,7,01005,56
262000,2,4,01004,38
95000,1,5,01202,64
38100,1,1,00503,96
104000,3,3,01204,73
131700,2,2,01006,62
56000,2,1,01300,96
81200,1,1,01300,98
175000,2,2,01201,231
78900,2,2,00503,53
71100,1,2,00200,70
140000,2,3,01600,63
203000,2,4,00507,43
123200,2,2,01005,102
50000,2,1,01400,293
93010,3,4,01001,85
165700,2,4,00302,104
14000,1,1,00505,210
66400,1,1,01202,116
120000,1,1,01101,43
98100,4,3,01201,96
45000,1,1,00804,107
117000,1,1,01007,112
106000,2,2,00902,98
45000,2,1,00802,123
1133600,2,2,01004,55
173500,3,2,00601,54
132000,1,1,00805,88
71300,1,1,00507,48
26500,1,2,01001,41
584000,1,5,01004,13
18700,1,2,01300,23
25000,0,1,00801,108
115000,2,3,00507,43
84000,1,3,00902,408
48050,1,1,00801,202
316000,3,2,00902,37
72700,2,2,00802,54
110000,2,1,01106,117
72000,4,4,00301,31
197000,2,8,01201,112
50000,1,1,01300,213
132500,4,5,00301,97
73200,0,1,01001,67
18400,3,4,01104,76
106600,2,2,01002,58
262000,2,5,01105,208
161800,1,1,01006,206
76900,1,2,01201,126
115000,2,2,01600,270
137300,2,2,00507,190
115200,2,3,00502,346
81400,1,1,00804,198
58000,2,4,00200,139
2500,1,1,00902,63
70000,1,1,01003,68
184000,2,3,00502,38
292000,3,3,01203,278
260000,1,5,01007,100
19300,0,2,00506,235
96800,1,1,01005,61
224140,3,5,00502,138
67050,1,1,01102,79
28000,0,1,01102,62
113300,3,5,01204,249
169400,2,2,01300,76
8000,1,1,01106,125
378000,4,5,00902,94
221500,3,2,01400,104
83000,1,1,01004,104
53700,2,2,00200,71
66400,2,2,00200,77
137900,3,2,01500,161
10000,1,1,00503,58
85000,1,2,01203,32
64950,2,1,01300,41
135000,1,1,01106,119
20000,1,1,01107,185
70200,1,1,00801,55
280000,2,4,01001,41
78900,1,1,01204,164
166000,2,3,01201,101
34000,1,1,00505,208
100000,1,1,01003,172
118000,2,3,01400,84
40000,1,1,00700,51
58050,0,2,01007,93
35000,2,1,00200,108
117000,3,2,01003,33
60000,1,1,00801,93
118200,4,7,01102,94
81300,2,2,00100,21
30000,1,1,00804,69
259000,2,2,00801,73
80300,1,1,00502,107
78000,6,8,01005,200
241090,3,7,01600,74
60400,0,1,00200,47
25000,4,1,00700,46
243000,2,3,00804,64
33200,6,2,01005,84
135900,2,3,01003,54
21000,2,3,00506,38
68000,2,2,00506,137
41740,1,1,01201,361
58500,2,4,01500,139
225800,3,2,00301,104
78000,1,1,01104,152
155000,2,3,00302,49
195000,3,4,00902,180
136200,2,3,00301,65
29000,1,1,00100,50
77900,1,2,01107,76
700,0,1,01105,135
110000,2,2,00601,83
103580,1,1,01400,36
122000,2,3,00503,141
80000,1,1,01203,83
16000,1,1,01101,48
68000,1,1,00507,41
37000,1,5,00505,114
121800,1,4,01004,266
139400,2,2,01400,70
281000,2,4,00504,45
316500,2,2,01004,50
255900,4,3,01006,60
248700,4,4,01203,42
285000,3,5,01500,70
10000,2,2,00901,38
83600,1,2,01007,62
63650,2,3,00302,138
228500,2,2,01600,52
81200,3,3,00602,39
156500,2,4,00301,59
36400,0,1,01005,149
146100,3,2,00301,30
14600,0,1,00200,56
226000,1,5,01005,41
10200,0,1,00805,198
40500,3,2,00200,279
90000,1,1,01600,79
166000,2,2,01005,100
391500,2,2,01400,71
18100,1,1,00902,59
218000,3,2,01300,52
28310,2,2,01600,47
696000,3,4,00504,70
156000,2,1,00801,115
113000,2,1,00505,70
65600,1,1,00302,68
164000,2,2,01004,88
82200,0,1,01004,21
136000,1,2,00502,244
42850,2,2,01105,40
94400,2,2,00200,117
160000,3,3,01001,30
136000,2,3,00601,80
65000,2,5,01005,77
49600,2,2,00902,234
124800,2,6,01107,185
150400,1,4,01004,25
78000,6,4,00200,88
239900,4,8,00505,47
13300,1,2,00506,312
75000,1,1,00902,129
51000,1,2,01202,56
19200,1,1,00901,25
241500,1,2,01006,102
41700,1,1,01103,129
98800,2,2,01300,64
62800,2,2,00602,100
75000,4,2,00400,13
160600,2,3,01004,14
396000,3,5,01105,155
35000,2,4,01003,96
129000,1,2,00602,89
151200,2,3,01105,314
50090,1,1,01006,129
38000,0,1,01102,67
207500,3,2,00601,85
18000,1,2,00803,110
80000,2,2,01204,58
13000,1,2,00506,253
3300,1,1,00602,54
588500,1,3,01004,59
59300,1,1,01006,49
73900,2,2,01203,112
60000,1,1,00602,133
100400,2,2,00501,120
192000,2,3,00602,66
158000,3,2,01107,71
30000,2,2,01006,74
149400,4,5,00400,65
301600,3,3,01005,39
65000,2,2,01004,54
204600,1,2,01004,46
94600,1,1,00504,51
42000,1,1,00507,65
72000,1,4,00302,30
10800,0,1,01400,33
43000,1,3,00805,181
325600,2,2,01204,91
27200,0,2,01107,139
98000,2,2,00602,113
123100,3,2,00100,66
50000,0,4,00804,98
323500,2,1,00504,121
80600,2,2,00901,48
229000,2,5,00902,97
52000,1,3,00805,70
146000,2,2,00801,285
63800,2,3,01003,91
386600,3,5,01102,109
90200,2,1,01400,121
130800,2,3,01004,57
106100,2,4,01002,94
240000,3,6,00400,63
87500,3,2,00400,79
181000,3,2,01105,271
51500,1,1,00802,46
10600,0,1,00805,76
186400,2,4,01600,53
75000,2,5,01300,100
186720,2,2,00601,78
62520,1,1,00802,38
143000,2,4,00902,32
25000,0,1,00400,97
99900,2,1,01500,72
182000,2,1,01004,59
60000,1,1,00400,15
128540,2,6,00602,226
70420,2,2,01002,192
123700,2,4,01600,51
68360,2,2,01107,107
18390,2,3,00803,85
41400,2,8,00506,121
11000,1,1,00803,94
301000,1,1,00501,102
146900,4,4,01006,60
42700,3,2,01107,87
62800,2,4,00502,343
48500,1,2,01104,72
51480,1,4,01001,89
9600,1,1,00200,79
30000,1,1,01203,66
33200,0,1,00804,72
106000,1,4,01102,57
124000,2,2,00902,33
199000,5,3,01106,72
201530,2,3,00503,83
108400,2,2,01500,91
186000,4,2,00503,134
86240,2,1,01106,115
53000,0,2,01004,49
86000,2,2,00400,107
138100,2,9,01103,196
150000,3,6,00901,106
132100,2,9,00507,169
278650,2,2,00501,51
31300,1,2,01007,89
103000,0,2,00804,47
362000,1,1,00503,44
75300,2,3,00805,66
185000,1,3,01003,78
151200,3,6,01300,78
47200,2,2,01105,124
65200,2,2,00400,48
150000,2,2,00501,35
23400,0,1,00801,91
157700,3,2,00501,93
55100,2,2,00302,55
45300,1,5,00803,58
47800,6,5,01400,75
68400,2,5,01102,59
79400,1,2,00802,37
40000,2,2,01400,308
41600,2,2,01300,63
24000,2,5,01102,137
299800,4,5,00901,127
61800,1,2,00805,65
80000,1,1,01500,140
26000,0,1,00804,34
150400,2,2,01001,156
89400,2,2,01105,75
80200,2,2,00200,91
78800,2,2,00100,53
287000,2,4,00902,117
50000,1,1,00504,141
29600,1,1,00100,13
273600,3,2,01500,105
121600,0,2,00805,54
117900,1,1,00901,55
9600,1,1,00804,89
303400,3,5,01203,113
292010,4,9,01001,45
150000,3,1,01104,196
83800,2,4,01400,130
137000,2,2,01400,90
223200,2,4,01102,86
167100,4,3,01400,72
180000,4,2,00400,86
10000,0,3,01107,272
134000,2,2,00503,155
4400,1,1,00505,54
91700,2,2,00302,74
21880,2,3,00801,89
180000,2,2,00504,81
147000,2,3,00602,52
300000,2,2,00503,193
95000,2,2,01007,60
60800,2,3,01003,82
196000,2,4,00901,72
163000,2,4,00302,58
191050,2,2,01007,157
46200,1,1,01006,93
493000,1,2,01004,55
9600,1,2,00805,133
38000,0,1,01004,52
55300,1,1,01003,87
186000,2,6,01006,199
153990,1,2,00302,94
211300,1,1,01004,59
13800,1,1,00100,58
137000,1,1,00700,80
108000,1,2,01201,51
26200,2,2,00400,41
140000,2,5,01003,273
148000,3,3,00802,56
45000,1,2,00505,380
123000,4,4,01003,56
220000,1,1,00503,31
130020,2,1,01600,43
15400,1,1,00301,53
43000,1,1,00802,72
94000,2,3,00100,60
147600,4,3,00400,77
293000,3,2,01006,128
103200,2,2,00700,55
150200,2,4,00501,51
249400,3,3,00400,57
152000,1,2,01101,68
390000,2,2,00301,119
253800,2,5,01500,257
46000,3,2,01500,34
51000,1,1,01106,184
578000,2,6,00503,66
58500,2,4,01201,29
59200,1,1,00302,131
46800,2,2,00801,53
118000,2,2,01007,129
96000,3,9,00400,193
167200,1,1,01300,224
349200,2,2,00901,54
82000,0,2,00802,96
51300,1,1,00302,78
365000,1,3,00802,128
38000,2,5,00100,33
492960,2,2,00902,49
186800,4,2,01400,83
93600,2,2,01003,54
297000,2,2,00501,95
75700,2,2,01201,136
35000,3,10,00100,76
86300,2,2,00501,52
42000,2,1,00100,148
138800,3,3,00301,160
71700,4,3,01600,68
198400,3,2,00400,49
3400,1,1,01003,57
21500,1,1,01600,57
5800,0,5,01103,26
39300,1,2,01202,60
100700,3,3,01300,51
117050,1,1,01600,121
33700,3,1,00601,34
77400,1,1,00601,407
10600,0,2,00504,214
22960,1,1,01300,225
79000,1,1,01004,13
15800,1,1,01202,65
266500,2,2,00504,106
397600,4,4,00505,55
51700,1,1,01600,128
181600,3,2,01202,101
155000,3,2,01003,112
47500,1,1,00302,59
339850,2,3,01105,76
39000,1,1,01201,80
110140,1,1,00501,105
275000,2,2,01500,115
16000,2,2,00504,96
65400,1,1,00902,35
48000,0,1,00801,63
244000,3,3,00302,76
210000,2,3,01203,43
390000,3,2,01001,46
223000,1,3,01005,220
59800,2,2,01204,111
87000,2,2,01105,38
73600,1,1,01004,57
187400,4,4,01201,67
59260,2,3,00100,76
41700,0,1,01104,57
176000,1,4,00902,70
100,1,1,00802,34
72900,0,1,01004,92
74100,2,2,01107,96
20800,1,5,01001,38
175000,2,4,01103,36
22000,2,2,01004,67
239000,2,6,01201,329
256100,2,5,01202,49
175600,0,1,00301,50
47000,1,2,00503,148
162000,1,3,01003,87
6500,1,1,00801,132
321800,2,3,01004,147
157000,3,3,01107,71
104000,1,1,01002,244
133600,1,2,00501,37
128100,3,6,00602,128
113200,2,2,00302,215
2300,2,1,01006,131
26900,0,1,00802,106
60000,2,1,00501,182
44700,2,1,01400,63
160000,1,1,01003,85
80000,2,2,01104,264
810,1,2,00804,39
43800,1,1,01300,41
139800,2,3,01104,106
9600,1,1,00100,30
189400,2,2,01101,24
107000,1,7,01104,463
33000,3,1,00400,17
117100,2,2,01204,171
27000,1,1,00505,71
85000,1,1,01002,205
118000,3,5,00200,97
181200,4,6,01002,104
1400,1,1,00503,70
188000,1,2,01103,43
281000,4,4,00902,50
222300,2,5,01203,104
59900,2,2,00802,167
92500,2,2,01600,111
40000,2,4,01002,131
171600,4,5,00400,51
58600,1,1,01102,95
56400,2,2,00506,57
191000,4,3,01500,73
8000,1,4,01003,170
93800,1,1,01007,108
133300,3,2,01102,44
43600,2,10,01102,66
79300,3,2,01400,43
30600,1,1,01101,43
114800,2,2,01300,53
186600,2,1,00501,76
112000,3,3,01101,95
24900,0,2,00804,32
97000,3,6,00200,53
164100,2,2,01002,43
208000,2,5,01600,137
64000,2,2,00100,28
27600,1,1,01203,62
56240,1,1,00803,80
23500,1,1,01400,101
103000,2,2,00804,90
24100,0,1,00302,137
90000,2,1,00400,58
153000,1,1,01003,100
115000,2,2,01004,56
5900,0,2,01103,29
135990,2,3,00504,117
18000,2,4,01001,254
79200,1,1,01102,132
24100,3,3,01300,43
303000,4,3,00400,75
64000,2,2,01400,219
184800,2,2,01201,62
71500,1,5,00505,99
94600,2,2,00507,73
94000,0,4,00100,58
92000,0,2,01203,46
93400,2,4,01003,54
262900,2,2,01104,78
329000,5,4,01001,58
50000,1,1,00804,47
91000,2,4,00902,88
74000,3,6,01101,54
63400,2,1,00501,95
179300,5,8,01101,101
130000,2,4,00301,46
100000,2,2,00700,28
88500,1,2,01600,137
141700,1,1,01400,54
49900,2,6,00802,194
175000,2,3,01101,180
180000,2,2,01105,146
56000,3,1,00503,511
150700,5,5,00301,51
146900,2,4,01400,286
19800,1,1,00502,98
100000,3,6,01105,325
30000,1,1,00803,134
224000,3,3,00803,79
41000,1,2,00505,314
336300,3,4,01500,57
9500,0,1,00506,189
70000,1,1,00801,307
897300,4,1,00802,38
61600,1,1,00502,74
64000,1,1,00803,134
98000,4,3,00200,62
246000,4,4,00805,77
24200,1,1,01005,59
91800,2,2,00503,61
215000,2,4,01004,55
140000,1,1,01007,121
322100,2,2,01004,51
43000,1,1,00804,313
21700,1,2,00805,126
52000,1,1,00504,180
155990,2,4,01106,34
63000,4,5,01500,82
120000,2,1,00302,27
240000,1,1,01003,168
71000,1,1,01105,99
91200,2,2,00803,205
32200,2,7,01101,103
58900,3,3,00502,70
46500,1,1,00504,87
170000,2,4,01202,136
47930,2,2,01500,56
32000,1,5,00400,196
60000,2,3,01104,89
578000,2,4,01003,53
15600,1,1,00100,5
52600,2,5,00400,157
33920,1,1,00801,66
126600,2,2,01001,34
165500,0,1,00100,58
65000,1,1,00601,71
13500,1,1,01204,179
142010,1,1,01002,47
213800,6,5,01300,25
16900,1,1,01400,206
46000,2,1,00804,118
85000,1,1,00802,103
5500,1,1,00506,95
119000,1,1,00902,67
110000,3,3,01300,50
450700,3,4,00501,91
13900,1,4,01101,100
252000,3,7,00504,58
157000,4,2,01600,48
122600,2,2,00902,64
165000,3,4,00602,63
45000,1,5,01300,35
29000,2,2,00803,238
52100,3,2,01600,93
87000,2,2,01107,164
326100,4,5,01001,238
57200,1,1,01004,110
699000,2,4,01203,147
41000,2,2,00501,152
66700,4,3,01400,85
34800,1,2,00801,33
59500,1,1,01204,85
68160,1,1,01106,44
55000,4,3,01400,56
15000,1,1,00804,51
241000,1,3,01003,12
227000,4,5,00506,72
109000,2,6,00501,110
29000,1,1,00803,67
19700,2,2,00502,54
49000,1,1,01300,55
55000,1,3,00902,135
229200,2,2,00901,97
225200,4,4,01007,101
194200,2,2,01003,39
16100,0,1,01004,65
61000,0,2,00805,95
54000,1,1,00805,121
71400,6,2,00301,74
81300,2,2,00400,122
182100,2,2,00301,68
142830,2,5,01201,124
94500,2,2,00803,129
243940,2,2,01204,93
164600,1,1,01004,59
70000,1,1,01104,42
60890,2,2,01005,61
105000,2,4,01005,88
217800,4,6,01005,367
90000,1,2,01500,120
73000,1,3,00805,69
347550,3,2,01600,135
146400,2,2,00504,30
72100,2,2,01002,85
200000,4,4,00400,58
105000,2,2,00601,58
40000,1,1,01300,25
181400,2,4,01004,67
391000,2,5,01003,30
145000,1,2,01002,77
20400,1,1,00700,63
240000,2,2,00503,52
165000,3,4,01003,157
270000,3,3,00501,191
224900,2,2,01201,55
20600,1,3,00400,111
86000,2,2,01105,30
16500,1,1,00601,54
185000,3,5,00802,67
85000,2,2,00804,80
54820,1,1,01006,113
46000,1,2,01103,95
160000,0,2,00802,68
102500,1,2,01005,53
35600,0,1,01400,24
176000,1,2,00503,88
17600,1,2,01300,90
179000,2,3,01001,64
91800,2,2,01500,68
135000,1,2,01006,57
70600,2,2,01500,178
130000,1,1,01201,45
165820,4,2,01500,103
101000,1,1,00802,35
48800,1,1,00200,165
177000,0,2,01004,65
90000,2,3,01300,25
2200,0,1,00902,118
24080,1,3,01107,189
36000,1,1,00302,29
35500,1,1,01002,114
93000,2,2,00601,40
51600,2,4,01104,94
171700,3,5,01202,62
131000,1,1,00804,39
192000,2,3,01500,41
29100,1,2,00802,64
1800,2,2,00700,100
125000,1,1,01105,170
54000,1,1,01004,67
125000,2,3,01105,268
295000,2,3,00801,97
288900,5,2,01006,97
106600,2,2,00504,55
36900,2,4,01007,388
142000,1,2,00200,102
47800,2,2,00100,20
53950,2,2,00301,55
35900,1,1,01300,17
629010,2,3,01101,24
130000,2,1,01105,66
89500,1,1,00301,53
193000,2,4,00902,87
40400,2,2,01107,53
157900,2,2,01204,50
46000,1,1,00601,99
28000,1,1,00801,148
85000,3,2,01204,54
137000,1,2,00503,52
1263000,2,4,01007,101
5900,1,1,01007,114
84000,2,1,01204,76
22100,1,1,00506,56
58000,1,1,01300,72
270000,3,5,00503,55
104800,2,4,01003,216
723000,3,3,01004,15
169000,3,3,00200,163
64700,1,3,01107,49
129050,1,1,01007,207
203400,3,3,01201,50
545600,2,2,01004,316
110000,1,1,00301,110
73000,1,2,01003,111
112000,2,4,01201,71
45000,3,2,00506,79
173000,3,3,01006,145
27000,2,2,01202,54
92400,0,7,00801,241
280000,4,6,01201,135
9800,1,4,01101,212
62000,1,2,00804,102
60500,2,3,00505,53
5600,0,1,00302,27
56400,2,2,00400,50
418300,3,2,00901,58
457500,1,4,01101,101
60000,2,2,01300,108
89800,3,3,00501,65
87000,1,7,00100,10
90000,2,2,00507,41
50000,2,5,01500,35
42000,1,1,00504,259
33900,1,1,00801,46
45000,3,3,00100,34
103000,1,1,01106,64
96500,1,1,01600,96
245340,5,6,00601,107
52500,2,2,01300,36
61600,2,5,01003,51
141680,2,3,01105,74
86000,4,8,01002,175
45800,1,2,00805,38
68300,3,2,01203,106
11000,1,4,00100,13
126000,3,2,00400,89
30000,2,4,01201,69
99000,2,5,01400,96
225000,4,2,01300,49
128000,2,3,00200,120
208000,4,3,00700,24
3650,1,1,01005,127
74900,1,2,00506,101
27300,0,1,00602,56
25900,0,4,00803,166
180000,2,3,00504,66
216800,3,2,01004,61
98000,2,5,00200,58
65000,1,2,01002,157
157500,2,4,00902,59
180200,2,4,00302,171
40200,1,1,01105,43
156000,1,2,01004,152
123300,2,2,01004,107
150700,3,1,01101,154
70000,1,1,00901,93
19200,0,1,00602,289
1460,0,1,00801,150
59000,1,3,00400,162
36000,2,2,00506,65
192000,2,2,01004,54
13300,0,1,01600,64
186500,2,3,01202,101
121600,2,4,01204,58
33000,1,1,01203,205
50000,2,2,00803,205
23800,3,2,01300,133
42900,1,1,01300,101
60300,2,2,01400,31
93000,1,1,00507,60
727700,4,3,00505,47
78000,2,2,00302,107
217990,2,2,01201,117
108000,2,4,01002,270
107200,1,1,01001,62
872000,3,5,01003,63
390500,3,5,01201,122
91200,2,7,01005,29
80000,1,1,01105,47
20000,2,1,00400,120
129150,1,5,01006,68
30600,1,4,00400,35
277000,3,3,00601,30
39160,1,2,00805,90
130000,2,1,01500,114
136600,1,2,00301,57
85000,4,4,01103,46
95000,1,1,01002,107
142000,3,4,00503,61
9600,0,1,00802,107
293500,2,3,00901,69
59600,1,2,00507,39
13200,0,1,00803,114
300000,1,1,01006,113
50700,1,1,01203,78
79000,1,1,01201,62
51400,2,2,00503,130
242450,3,2,01202,135
5600,1,1,00507,52
172000,3,3,01002,84
107400,2,2,00505,79
121000,2,2,01203,77
40000,1,1,00804,254
176010,3,5,00505,86
210000,3,4,01300,67
200000,2,4,00400,59
42500,3,2,00506,125
151600,1,1,00602,59
158000,2,2,01105,61
39000,1,1,01102,256
29000,1,1,01005,51
79350,4,3,01001,109
75700,2,2,00302,45
119000,3,3,01202,61
299600,2,2,00901,55
40000,2,4,01201,125
85500,2,3,00801,100
44800,1,1,01106,62
202700,2,4,01202,75
237000,2,4,00301,61
222000,2,3,00200,84
185010,2,4,00902,118
230800,3,2,00501,55
410000,2,4,01004,44
18000,1,2,01400,126
58800,2,4,00602,76
99000,0,1,01300,18
149000,2,4,01203,265
72300,2,2,01204,311
10000,1,1,00802,69
92000,1,1,01204,86
291500,2,3,01007,52
51900,1,2,01102,51
22400,2,2,00100,43
140300,1,2,00200,91
48000,1,1,00200,30
11490,4,4,00100,299
763000,2,3,00504,39
203400,2,3,01003,81
188000,1,2,00902,32
131000,1,1,01004,96
70000,2,2,00100,72
361000,2,2,01007,100
40000,1,1,00902,115
4500,1,1,01001,65
95800,2,2,01103,24
199000,2,2,01201,39
28600,0,3,01005,306
13900,1,1,01204,56
254200,3,4,00302,123
167000,2,2,01500,107
104000,2,2,00505,51
40000,2,3,01003,207
144000,1,2,01004,64
225000,2,2,01300,28
186000,2,2,01204,19
72800,3,3,00506,56
200300,4,4,01006,89
202000,2,4,01004,15
59400,3,4,01500,238
50000,1,2,01006,54
155000,3,2,00400,79
13200,1,1,00804,55
74000,1,1,01300,55
513200,3,2,01004,63
18400,1,1,01104,72
417200,3,4,01004,70
76000,2,2,00601,36
90000,1,2,01006,296
50000,1,3,01105,85
20300,0,1,01003,86
68000,2,2,00804,120
96000,1,1,01105,222
123000,2,4,00400,74
36100,2,2,00503,54
66000,2,3,01500,28
102000,2,2,01300,70
210000,3,3,01102,42
92000,2,2,01102,408
58900,2,2,00200,62
126400,1,2,01003,106
205000,1,2,01103,142
84020,1,1,01500,60
172000,1,1,00803,95
168000,4,3,01001,57
9800,4,2,01002,122
117600,4,5,00506,109
197000,2,2,01001,119
76300,2,2,00805,103
112000,2,3,01300,11
28500,2,1,01400,39
23200,0,1,00501,66
45000,2,1,00803,178
179100,2,2,01201,35
138000,3,4,00504,54
19800,0,2,01300,54
43100,1,1,01600,250
56000,2,5,00200,71
107000,1,1,00505,137
26200,2,2,00501,42
141800,3,6,01001,53
119600,2,2,01600,55
83770,1,1,01006,68
312700,3,5,01204,59
13010,1,1,01400,75
30000,1,2,01201,21
728800,4,6,00901,74
17000,1,1,01202,58
20480,2,2,01005,171
53000,1,1,00805,96
239000,3,2,01002,98
89000,2,4,00506,158
55050,3,3,01300,57
183400,4,5,01005,79
24330,1,1,00700,83
60600,1,3,01101,154
65000,0,1,01003,81
32000,1,1,00200,78
178500,3,3,01204,112
143500,3,4,01001,98
52400,1,1,01003,205
95020,2,3,00503,141
90500,3,2,00301,62
19600,1,1,00506,49
271500,1,1,01105,15
106400,2,3,00504,45
149000,2,2,01103,56
13000,0,1,01101,160
27000,1,1,00504,197
122000,1,1,01003,131
200000,1,3,00901,109
67400,4,3,01600,79
195200,2,4,00400,237
127000,2,2,01101,65
18000,1,2,00804,41
213000,2,2,01106,49
10000,3,1,00200,20
70000,1,4,01003,84
193600,2,3,00602,104
70700,2,3,01101,67
129000,1,1,01007,50
300000,2,4,00507,243
297200,3,5,01202,229
89000,2,1,00505,191
45000,1,5,01202,151
127000,3,2,00301,62
49900,0,2,01400,36
57500,2,2,00700,47
110000,1,1,01003,57
109000,1,1,00805,52
310000,3,2,01105,93
42000,2,4,00100,79
100000,1,2,00505,13
182000,1,2,00501,49
80000,2,2,01203,112
83800,2,3,00501,72
65150,1,1,00801,164
200000,2,2,01007,88
241900,2,3,01001,90
14300,2,1,00100,10
187000,3,5,01101,114
32500,1,1,01106,68
49100,0,3,01101,46
85000,1,1,00803,234
55000,1,1,01105,69
100000,2,4,01004,67
53200,2,3,00700,166
124380,2,2,00503,70
215700,5,5,00400,42
678000,3,2,00901,52
134030,3,4,00505,67
535700,2,2,00902,59
48000,2,2,01600,28
50600,1,2,00505,84
155500,4,2,00501,48
86000,1,1,01201,88
47500,1,1,01202,99
69000,1,1,00805,52
11100,1,1,00200,8
53000,2,1,00602,56
27100,1,1,00302,55
41800,1,2,00507,226
135000,1,2,01003,148
27950,0,5,00901,111
100000,1,2,01107,189
59900,2,4,00301,90
63000,4,6,00200,105
147500,2,2,00501,41
9000,1,1,01300,31
110620,2,2,00400,128
90200,2,2,01600,129
1400,1,1,00400,58
67000,2,2,01204,84
112000,2,4,01005,132
148200,3,6,00200,103
3600,3,2,01004,54
64000,1,1,01201,56
300700,3,2,00901,90
300000,3,3,01003,40
235010,2,2,00301,8
68000,2,1,01600,55
900,2,1,01106,63
62500,2,2,01300,201
92170,1,2,01201,89
130300,3,2,01105,75
177350,4,3,01500,111
45600,2,2,00805,76
131000,4,2,01400,100
77000,1,1,00400,56
89800,1,3,01107,72
240000,2,2,01500,123
18000,0,1,01104,60
561000,3,5,01004,66
200000,2,5,01003,198
178000,4,5,00601,141
186700,2,2,00802,52
129710,2,4,01003,23
532000,3,4,00302,101
109580,2,2,01400,40
12900,0,1,00804,292
306500,2,2,01105,39
55000,3,2,01003,51
122000,1,1,01104,92
310000,3,3,01004,49
285000,2,4,00507,141
68900,0,12,01600,120
137500,3,7,01101,156
191000,2,3,00400,81
138000,4,3,01300,59
32400,2,2,01300,130
49500,1,1,00506,61
86000,2,2,01300,64
100010,0,1,00804,57
64300,3,1,00301,44
163000,0,1,01001,42
58000,1,1,00502,260
274000,6,2,01106,41
155000,2,2,01002,49
15000,2,1,00100,70
205000,2,3,01102,56
130000,1,1,01103,29
320000,1,5,01006,88
80200,2,2,01500,39
171000,3,2,00400,51
33400,1,1,00601,87
49000,1,2,00504,66
155000,0,2,01203,101
168000,2,4,00700,49
230200,2,4,00302,145
918000,2,4,01003,190
265000,3,3,00400,190
96500,2,3,00502,121
1156000,3,2,01004,54
122000,2,2,01300,173
103040,2,2,00602,111
55800,1,2,01004,78
23000,3,1,01500,64
47700,1,2,01002,59
134200,2,2,01007,44
191100,2,4,01005,47
76900,3,2,01106,42
190000,2,2,01105,271
56800,2,4,00700,143
82000,1,2,00801,56
47360,1,2,00505,100
35000,1,1,00400,54
68000,2,1,00700,107
72000,2,2,00902,55
646000,3,3,00802,33
58000,2,2,00803,126
109600,1,1,01006,53
44000,1,4,00100,95
56000,1,1,00507,63
85000,0,1,01102,97
618000,3,2,00501,82
56000,1,1,01003,105
140000,1,2,00801,55
56000,2,2,00803,62
110350,3,5,00803,132
143000,2,2,01500,389
181100,2,5,00902,71
28000,0,1,00400,48
27700,1,1,00100,37
259800,2,2,01004,64
93620,3,4,00505,73
103000,1,2,00801,61
111400,4,2,01001,99
233900,2,4,00901,54
60000,0,1,01007,40
32900,0,1,00501,82
1600,1,1,01300,72
193000,3,5,00400,95
90000,1,2,00805,50
180700,2,2,01106,72
155600,6,5,00200,358
75000,1,1,00602,128
107200,0,6,00803,250
184000,1,1,00902,124
190000,2,2,00506,70
68000,1,1,01004,115
17100,1,1,00901,92
107000,2,2,00700,191
25000,1,1,00504,41
14100,0,2,00302,55
124200,2,3,00801,77
92500,1,3,01002,64
86000,2,2,01102,209
154930,2,3,01004,86
328000,5,2,01106,50
68000,3,2,01006,121
110000,2,4,00200,15
167000,3,3,00200,69
133000,2,2,01202,105
106520,2,2,01105,52
79000,2,1,01106,104
168000,2,3,01006,54
79000,1,2,01103,44
26000,0,1,01101,52
58000,1,1,01300,78
9800,0,1,00100,310
21000,2,1,01400,42
128500,2,4,00700,305
15800,1,1,00504,78
29000,2,2,01004,29
46300,1,1,01300,24
135200,3,5,01400,495
8200,0,1,01003,107
99800,3,1,01001,9
250000,2,2,01101,26
131700,2,2,00100,43
6400,1,1,01107,90
162760,1,2,01101,183
146200,1,2,00802,35
28600,2,1,00301,178
202670,2,5,01005,42
102400,2,4,01001,95
340000,2,4,01004,64
173400,4,6,01202,84
148500,3,3,00803,41
144500,2,2,00301,43
130400,3,2,00400,184
60000,1,1,00803,133
189800,4,5,01002,76
105700,2,2,00400,74
76400,4,1,00901,91
118500,3,2,01106,72
31000,3,2,00700,93
63500,3,2,00505,73
43000,2,2,00302,68
91500,2,3,01104,111
658000,2,2,01204,58
140100,2,2,00901,39
40000,1,1,00400,103
3000,2,2,00302,98
35500,2,3,00506,63
47700,2,4,01500,374
86500,2,2,00501,127
19600,0,1,01107,54
40000,0,2,00507,90
175000,2,5,01001,52
21300,1,1,01300,66
86100,1,1,01201,202
12000,1,2,00804,132
89560,3,4,01005,47
68600,3,2,00301,260
157410,1,1,00902,72
187100,5,5,00301,25
278600,2,2,01006,60
51600,0,4,00804,48
15200,0,2,01103,164
158000,4,4,00501,76
42000,1,1,01202,69
172050,2,4,00504,77
1300,0,1,00507,77
64350,2,2,01203,31
648000,3,3,00501,63
138600,1,2,00302,56
190800,5,3,01104,351
104000,2,4,01002,44
44300,0,1,00804,160
125600,2,2,00802,99
24000,1,1,00200,36
32620,1,1,00801,410
232600,1,2,01003,119
321000,2,4,00503,94
12000,1,3,00400,64
271000,2,4,00601,64
202900,1,1,00504,34
233000,2,3,00804,32
103300,2,4,00901,79
5800,1,2,00200,74
271300,2,3,00902,128
174050,2,5,01006,252
600,3,3,00504,11
92000,4,3,00502,54
160000,3,4,01003,55
194000,2,4,00902,111
170000,3,5,01300,196
60000,2,3,00506,69
38000,1,1,01202,270
180000,3,4,00503,107
65000,0,1,00804,116
20480,2,2,00507,35
105000,1,4,01202,61
4000,1,1,00504,66
40700,2,3,01005,45
12000,1,1,01107,57
59200,0,1,01107,77
22900,1,2,01107,51
19400,1,1,00100,12
286000,3,4,00302,101
86900,2,2,01007,56
120000,3,2,00901,105
205000,4,5,00301,21
142200,0,1,01003,122
158060,1,2,01106,108
51000,1,1,01107,86
43800,1,1,00505,48
159800,2,5,01106,82
105000,2,2,00301,38
301260,3,3,00400,57
86000,2,4,01201,73
252000,2,3,00602,64
77000,1,1,00802,42
2200,3,2,01204,88
112000,2,2,01203,59
87000,1,1,00302,64
265000,2,4,01004,60
171300,2,5,01004,96
56400,3,4,01201,53
155000,3,2,01300,41
48500,1,1,00505,59
78300,2,2,00400,83
185000,2,2,01003,44
252030,3,6,01500,99
41000,2,2,00200,75
375000,3,4,01203,103
51600,1,2,00601,29
67400,1,2,01300,75
140000,2,2,01104,169
220000,2,4,01101,30
52000,2,5,00902,90
450000,2,4,00901,48
139000,3,2,00602,141
10400,1,1,01104,67
19600,1,1,00200,34
132000,2,2,00507,159
66600,3,2,01003,98
194000,3,6,00902,96
97800,3,2,01600,52
128600,0,2,00503,70
72000,1,2,00801,311
277000,2,4,01003,49
64700,1,2,00805,69
302400,3,5,01004,104
59000,1,2,00803,106
50000,0,1,00803,114
558000,2,2,01204,91
260000,2,2,00902,65
280200,1,3,01004,9
40800,2,2,00803,43
322000,5,3,01500,165
90000,1,2,00302,40
220400,2,2,01001,28
155000,1,4,01004,309
116030,1,1,00805,72
56000,1,2,00700,226
69000,1,1,00602,55
150000,1,1,01202,63
9400,0,1,00802,108
34500,2,1,01105,156
37900,1,1,01007,271
33100,1,1,01002,102
458000,1,2,01500,122
60800,3,4,01103,168
184900,2,2,00700,15
2000,4,3,00301,128
80000,1,1,01007,63
50000,1,1,00902,103
250000,3,3,01106,308
6100,1,1,01001,96
11400,0,1,00100,34
162000,1,2,00503,50
105600,1,2,01005,75
156000,1,1,01105,54
60900,1,1,00507,47
65700,1,3,01005,107
91000,3,3,01203,66
156000,1,2,00803,46
83700,4,2,01202,57
99100,2,3,00302,67
143800,1,1,00302,155
31400,1,1,01202,67
860,1,1,00100,39
18800,0,1,00805,64
123910,2,2,01204,89
119000,3,1,00507,41
144000,2,2,01106,141
82640,1,3,01201,421
73900,0,2,01101,110
98000,1,3,01104,162
38200,1,2,01400,25
60000,0,1,00805,300
257060,1,2,01007,101
34200,1,1,00901,126
79000,1,1,01102,75
25200,1,2,00802,104
37800,0,1,01202,417
34000,2,1,01101,78
140000,2,2,01001,97
95000,1,4,01104,91
15600,1,3,01005,195
47960,1,2,01104,47
78000,2,4,01201,67
450000,2,3,01004,20
353000,2,2,01001,52
86000,1,2,01007,219
78400,2,2,00804,58
214000,3,3,01600,41
187000,3,3,01001,8
130000,1,1,00602,63
34000,1,2,00200,67
45000,1,1,01300,84
189600,2,5,00400,140
59000,2,5,01005,152
85000,2,2,01105,65
185700,4,7,01102,84
260000,3,4,01203,294
262200,2,2,01005,69
154400,2,2,00100,136
160000,2,2,00602,123
7500,0,1,01103,54
23460,1,2,01600,80
95000,3,6,01400,72
29600,1,1,00400,137
90000,1,2,01003,70
33810,1,1,00902,106
177000,3,3,01105,76
56740,3,2,00400,47
81500,1,3,00502,173
94000,1,1,01101,195
116200,3,3,01600,66
259000,3,3,01500,62
132200,3,5,00902,245
180000,3,2,00400,56
326100,4,6,01103,72
578000,1,1,01004,64
50000,3,1,00506,172
102930,4,4,01001,69
155000,4,2,01001,98
65000,3,1,00501,121
72200,1,1,01001,62
75000,0,2,01103,181
31200,2,2,01400,244
139000,2,2,00200,71
133000,4,5,00100,111
150300,2,2,00400,264
297500,1,2,01004,21
166000,4,4,01007,52
115500,5,3,01007,49
69000,3,2,00200,140
99000,1,1,00503,60
120000,2,2,00902,60
120000,2,2,01103,32
94000,2,2,01400,26
172500,2,3,00504,61
100000,1,1,01003,74
144000,2,3,01003,81
118400,3,2,00502,63
23000,2,1,00200,21
95370,3,3,00301,73
17400,1,1,00200,62
76000,1,1,00507,150
14000,1,1,01102,113
117000,2,6,00803,59
125000,5,4,01102,272
83000,4,4,01300,11
29400,0,1,01003,73
120000,1,2,00802,60
48100,4,2,01202,65
6500,4,4,01103,44
126200,3,3,01203,334
81600,2,2,00503,46
78300,4,4,01005,84
456000,2,2,01204,79
81300,2,2,00601,94
167500,1,2,01004,51
66000,2,5,01005,90
132000,3,6,00602,81
270000,2,2,01003,47
149100,3,5,00506,55
172500,4,2,01204,81
163800,2,2,01105,184
230000,2,2,00301,187
75000,1,1,01003,43
12000,1,1,00200,255
54000,0,1,01105,54
63000,2,2,01106,71
2900,1,2,00902,156
313000,2,5,01500,124
82200,2,2,00506,37
16200,1,1,01300,12
67000,3,4,01005,256
132000,4,6,01003,57
124900,2,6,01107,56
9600,0,1,00801,196
585000,2,5,01004,52
144000,2,3,01006,87
94200,0,3,00805,108
94500,2,2,01004,57
302000,3,2,00200,56
50000,1,1,00803,101
49400,2,2,00601,151
57000,3,3,01202,59
204000,4,4,01105,66
88000,2,2,00200,167
167000,2,4,00804,46
112100,2,2,01600,109
62600,2,1,00802,83
64700,2,2,00100,51
31490,1,2,00602,58
50000,2,1,00502,59
12700,0,1,00804,51
134000,1,1,00100,10
114500,1,2,00506,94
71000,1,1,00200,69
115000,2,3,00506,173
158000,2,3,01001,294
171350,2,2,00802,88
18100,1,1,01500,156
195000,3,4,01500,220
350970,4,4,00901,64
103000,2,5,01201,434
64300,2,2,00400,208
96300,3,5,00506,108
48000,1,1,01107,348
33770,1,1,00200,17
121000,2,4,00302,29
36000,1,1,01201,91
143000,1,1,00301,24
72000,2,5,00507,33
2500,1,3,01105,140
176000,2,2,01201,46
70000,1,1,00507,214
4300,2,1,01003,13
45500,1,1,01600,68
143700,1,3,01006,59
165000,3,2,00501,58
45620,3,2,01400,38
620050,3,3,01004,56
167100,3,4,01106,76
42000,2,1,00400,62
224600,2,2,01300,40
25000,1,1,01002,116
131000,2,2,01004,97
69000,2,2,01102,39
41000,2,2,00700,105
45000,1,2,00501,74
135400,4,3,01201,52
221000,1,1,01600,116
79600,2,3,00802,59
55000,1,1,00506,66
83000,3,5,01400,98
263600,5,7,01101,105
63000,2,2,01203,317
655900,5,2,00503,162
61000,2,2,00601,45
342300,4,5,01203,121
106000,1,4,01201,94
70000,0,1,00804,85
23000,1,1,00506,47
120000,1,1,01004,52
120000,1,1,00802,92
31500,1,1,00501,50
217300,4,2,01003,205
193400,2,3,00801,399
42000,1,4,01400,270
119500,2,3,01105,42
7000,3,3,01005,49
74000,4,3,00801,261
298400,2,2,00504,58
92200,1,3,01005,41
2900,1,1,01003,42
75800,1,2,01203,224
348000,3,2,01006,72
31700,1,1,00505,49
112000,3,4,00901,90
27770,0,1,00506,49
101700,2,2,01005,56
6100,2,3,00302,150
89400,4,4,01204,111
227000,2,2,00601,85
317000,2,4,01203,67
170000,2,5,01106,104
158600,2,1,01002,53
179200,4,4,00301,53
84000,2,2,01300,63
252000,5,9,00902,235
177000,2,3,01003,54
36000,1,1,01102,89
109000,2,2,00400,111
48700,1,1,01106,81
143900,2,4,00804,51
50500,1,3,01201,86
72000,4,2,00700,145
21000,1,1,00801,256
280300,5,8,01103,94
10500,1,1,00200,128
126000,3,3,01107,213
200930,6,4,01105,58
88000,1,4,01201,169
110000,1,2,01105,70
36000,2,2,01500,34
61430,1,2,00507,50
132100,1,1,00400,86
165600,1,3,00302,189
441000,3,3,00901,46
42000,1,1,01300,17
270400,2,3,00902,45
195600,4,5,01007,45
95600,2,3,00301,62
106000,2,2,01002,96
91800,1,1,01003,125
105200,2,2,00400,77
38000,0,10,01005,192
286000,6,4,00902,52
304300,1,1,01003,39
77200,2,4,01500,110
9000,2,1,00802,50
142000,2,4,01300,62
235000,1,2,00802,34
677400,2,2,00504,44
163000,3,3,01106,118
38100,1,1,01300,68
259000,3,3,01500,99
193500,3,2,00301,62
110000,3,5,01106,56
92500,4,3,01105,206
50000,2,3,00602,190
160000,2,2,01005,49
171000,2,2,00302,73
50000,1,1,00200,46
1800,1,3,00200,96
16900,1,1,01400,155
57800,1,1,01300,37
107500,1,2,00502,88
30900,1,1,00400,50
57000,1,1,00804,58
42800,1,2,00505,91
81500,0,4,01400,60
196000,0,1,01003,72
104500,2,5,01400,80
126700,1,2,00804,24
240000,2,4,01001,55
241000,3,3,00506,93
203000,2,4,00902,110
17500,2,2,01400,52
50000,2,3,01500,80
90600,2,1,00400,55
1800,1,1,00507,62
199900,2,2,00902,49
189800,2,2,01400,54
150060,1,1,01002,101
29500,0,1,01300,27
90000,2,2,00803,76
110000,1,5,01107,125
170000,2,2,00504,41
54200,2,5,01400,228
20700,2,3,01400,43
80000,4,8,01400,40
11000,0,2,00803,173
47000,2,2,00802,121
100000,1,2,00901,57
86400,2,3,01103,53
287500,5,3,00601,122
248400,3,5,01500,159
122160,1,4,01105,57
157000,2,4,00503,69
77200,3,4,01104,75
490000,2,4,01003,176
192200,3,2,01204,52
121700,2,2,00602,60
64130,2,2,01104,94
266000,2,2,00602,58
503600,2,2,01400,25
152500,2,2,00802,119
181130,1,2,00902,83
228400,4,5,00505,67
34200,3,4,00801,58
16600,1,1,00506,17
114810,2,2,01201,60
11700,0,2,01400,116
50000,2,2,00400,90
45000,2,2,00400,56
128000,2,2,00802,23
185200,2,3,01104,89
207900,4,2,01203,51
146000,3,3,00901,61
45000,1,3,01107,71
145500,2,3,00601,36
95100,1,1,00804,182
44000,2,1,01202,136
70000,1,1,00601,86
73300,2,3,01203,84
182000,1,3,01204,117
30700,3,2,01300,93
41000,1,1,01004,122
82900,2,2,00802,39
660200,6,5,00302,58
118800,2,2,00902,72
110000,2,3,01500,82
65000,1,3,01203,113
152000,2,1,01106,79
95000,5,2,00100,313
230000,2,3,01003,53
180500,1,1,01105,72
50000,2,2,00902,72
125000,2,3,00803,107
249000,4,2,00501,56
50000,1,1,01007,111
260000,2,4,01204,392
74500,1,2,01003,95
120000,3,1,01003,51
130000,3,4,00301,70
269400,3,3,01204,110
134000,4,3,01203,165
161400,2,2,00400,50
142000,2,2,00601,91
178100,5,5,00503,145
108550,3,2,01001,220
184000,2,2,00902,128
41900,2,1,00503,101
48000,3,2,00901,64
157500,1,2,00506,84
114400,3,2,00200,77
74000,1,1,01300,20
325000,4,3,00301,158
338000,2,5,01005,55
42600,1,1,00302,49
45700,2,2,00100,11
166000,3,4,00901,25
66300,1,1,01004,116
67900,3,5,00200,76
50000,2,3,00902,66
100100,1,1,01004,88
4700,4,2,00801,68
78000,1,2,00801,76
103200,2,2,01400,40
23410,2,1,01400,159
14600,0,1,00802,100
88000,4,2,00301,31
286400,2,3,01007,54
243000,5,2,01106,188
131000,2,2,01005,49
6500,0,2,01103,42
104100,3,4,01400,256
113000,2,2,00803,68
9400,0,1,00805,45
79600,3,5,00200,202
161700,3,4,01600,73
320000,2,4,00504,65
35800,1,1,00501,50
12700,1,1,01204,102
120000,2,3,01105,73
81500,2,2,00804,143
147000,2,2,01001,50
124800,3,3,01203,103
190000,2,2,01500,49
81000,3,2,00502,74
179500,3,5,00902,62
18000,1,1,01107,203
696000,4,7,01203,43
70800,2,4,01201,59
170000,4,5,00901,60
69000,1,1,01107,67
157000,2,1,00901,44
141120,2,2,01004,15
106400,2,2,01001,56
55000,2,3,01003,45
38600,2,2,00505,196
60000,1,4,01201,281
190000,2,3,01500,85
104520,3,6,01300,16
22700,0,1,00301,61
74200,1,3,00802,50
46000,2,1,01002,55
184200,3,3,00803,95
105000,5,4,01106,136
227610,1,2,00501,32
20000,1,1,01500,58
23000,1,1,01104,35
110000,2,2,00505,111
266000,2,2,01102,43
162000,2,4,00902,186
78000,1,2,01004,102
262500,3,2,01300,83
94700,3,2,01106,47
20000,1,3,00805,82
61600,2,5,01300,190
30130,2,2,01003,54
184000,3,3,00803,46
25000,0,1,01104,110
47900,0,3,00902,54
70000,1,1,00302,83
137000,2,2,00805,68
138000,2,3,00507,212
26200,0,1,01104,32
141000,2,3,00601,103
51200,2,2,00601,88
68000,1,1,01004,53
130000,1,1,01007,50
76500,2,3,00601,70
16000,0,1,00507,157
135000,1,1,01201,247
100200,3,3,00504,72
70000,1,3,01300,31
209000,2,2,01004,70
182000,2,6,01104,277
254500,4,4,01102,83
20700,1,1,00805,118
208000,4,3,01001,39
101600,4,4,01103,54
180000,3,1,01105,199
73200,1,2,00200,118
90000,1,1,00506,40
197100,3,3,01203,94
66200,2,2,01300,40
165000,5,3,00302,32
65500,3,3,00505,52
248000,2,5,00902,60
18500,1,1,00804,87
176300,1,1,00804,54
113600,2,2,00902,65
90000,2,4,01107,298
258400,3,4,00503,119
66400,2,6,01201,69
117000,4,4,01600,46
233000,2,2,00400,65
225100,2,3,01001,81
48000,1,2,00506,189
19400,0,1,00803,48
261600,2,2,01001,48
135000,4,3,01001,98
564500,3,4,00601,91
13000,0,1,00802,139
3000,1,2,01300,183
109900,1,1,01105,55
154500,3,4,01203,33
13200,1,2,01006,126
42800,0,4,01104,94
61300,1,1,00801,73
204000,3,4,01106,168
49300,2,2,00506,132
17400,1,1,00803,112
80000,1,3,00804,236
145800,2,2,01102,374
133000,2,3,01005,74
355500,3,4,01004,58
61000,2,2,01201,112
109000,2,2,01105,39
478500,3,2,00501,93
194000,2,4,00902,57
15600,3,4,01204,218
276200,4,4,00301,57
392000,2,4,01004,149
150000,1,1,01004,49
56600,2,2,01204,122
18500,1,1,01400,53
131000,1,5,01106,55
56000,1,1,01300,60
73000,0,3,00506,183
11100,1,2,00802,93
101700,0,1,01102,78
375000,2,4,01005,41
12000,1,1,00302,47
65000,1,2,00502,195
87480,2,5,01101,63
51800,2,4,00301,71
9600,1,1,01400,54
61900,1,1,01400,80
83000,1,2,01101,205
279000,2,5,00901,120
152000,1,2,01007,43
128700,2,2,00501,54
75000,1,3,00902,74
156700,2,4,01006,56
228000,2,2,01204,89
190000,2,2,01201,48
110500,3,2,01105,295
60000,1,1,00601,72
70000,1,1,01105,87
248000,5,6,00301,75
96000,2,2,00805,326
9500,0,1,00804,207
20200,2,5,01101,58
140500,0,3,01104,66
35300,3,2,01500,105
4900,0,1,00804,66
45800,1,1,00400,55
99640,2,2,00301,43
24000,1,3,00901,209
77200,1,1,01103,68
99000,4,3,01003,60
150000,1,1,00804,229
400000,2,2,01300,71
99000,1,3,00200,239
99000,2,2,00804,152
313800,1,1,01004,57
270000,4,2,00700,112
122250,2,2,00602,129
2000,0,2,00803,81
43300,2,5,00506,74
103200,2,2,00200,48
115000,2,3,01500,110
86000,1,2,01202,105
73800,3,2,01105,76
94900,4,4,01300,59
72500,2,5,00400,59
95000,2,2,00601,141
160000,4,3,00200,103
45600,2,3,01202,171
215000,2,2,01201,89
236500,1,2,01102,90
110700,3,2,01001,56
137200,2,4,01001,143
19500,1,1,00503,80
64500,1,1,01202,62
85000,3,2,00100,37
80000,1,3,01202,121
154000,3,3,01005,53
578000,2,2,01400,53
101000,2,5,00902,72
79000,2,2,01101,33
127000,4,2,01500,112
162000,3,5,00700,74
71100,1,1,01002,250
104200,2,2,00901,50
183000,2,4,01300,17
59000,1,1,00902,52
145800,1,1,00503,90
136500,3,4,01500,123
14200,2,2,01106,310
70200,2,2,00602,57
80000,1,1,01003,125
139300,2,2,01006,50
170000,2,4,01105,170
338000,3,2,01106,59
80000,2,2,01300,2
17580,4,3,00700,122
65000,2,1,00100,33
38500,3,5,00805,60
354850,4,6,01600,58
145000,2,5,01201,118
209000,2,2,01105,137
586500,3,6,00601,91
53000,0,2,01107,59
41600,1,1,00302,88
167000,2,3,01002,45
100000,2,2,01104,24
220000,2,4,00501,297
155000,4,5,00901,89
81200,0,1,00100,138
55800,2,2,00200,60
61070,3,3,00302,85
100800,1,1,01300,65
85000,2,4,00902,280
112000,2,2,00902,176
9000,1,1,01201,49
70000,1,1,01104,284
113000,2,2,00301,95
136600,3,3,00901,157
217600,2,2,01204,58
76600,2,1,00100,61
181000,1,2,01004,50
9500,0,1,00902,124
9800,0,1,00805,48
125000,3,4,00504,98
115000,1,1,01005,77
130000,2,4,00506,183
108000,1,1,00505,108
140040,1,2,00805,53
136800,3,2,01203,100
88000,1,3,01106,56
146700,4,4,00301,198
90000,2,2,00504,24
982000,5,6,00507,59
36000,1,1,01204,61
183500,4,5,01400,95
117600,2,4,00301,54
125400,2,4,00803,49
288400,1,1,01004,51
85000,1,1,00302,105
468060,2,5,01001,10
54000,2,2,00503,119
75480,1,1,01102,96
193300,2,2,00400,144
180900,3,5,01103,55
175000,2,2,01005,87
73000,1,2,00601,63
158400,3,7,01105,120
25000,1,1,01007,223
181500,3,4,01001,29
54700,2,2,01006,123
10800,0,1,00200,219
115100,2,4,01001,49
230100,2,4,01001,91
151200,1,2,01003,72
69020,1,1,01005,87
208000,2,5,00302,54
149750,4,4,01202,77
120000,2,2,01005,222
120000,2,2,01500,94
84000,1,1,00805,78
217000,4,2,01106,64
339430,2,4,01004,54
37000,2,4,01300,28
26200,1,3,01104,58
147400,4,5,00505,127
365000,2,2,00507,329
118000,4,6,01102,279
768000,3,2,01004,58
16900,1,1,01002,45
157000,1,5,00301,59
46700,1,2,00501,43
18200,0,2,01400,165
119000,4,3,00400,147
80100,1,1,01107,76
150000,1,1,01003,124
106600,2,2,01105,63
180000,2,3,01003,57
176500,4,4,00200,58
40000,3,2,01202,133
188920,3,2,00504,74
250000,2,4,01500,103
75000,3,5,00302,102
20000,2,2,01005,41
158400,3,2,01003,55
56000,1,1,00602,116
91400,2,4,01005,150
12000,0,1,00803,53
58800,2,2,01102,209
87600,2,2,00200,55
179000,2,1,00302,122
114000,2,5,00100,80
46000,4,7,01300,76
413000,2,3,01005,195
132000,1,1,00602,71
86000,1,2,00505,191
128700,2,2,01002,111
67000,1,2,01202,75
31400,2,1,01102,90
92000,1,3,01600,180
105000,2,2,00804,44
81800,1,3,01102,96
65800,2,2,00506,86
150000,3,2,00302,163
9700,0,1,00400,15
85630,1,2,00302,36
100800,4,4,01500,57
110200,5,3,01203,58
24400,2,2,00100,34
120200,4,5,01106,54
578000,2,3,00501,106
160000,2,2,01300,47
42450,0,4,00801,227
425900,5,2,00901,40
125300,2,2,00902,92
48300,1,1,01005,119
266000,3,3,00301,54
103200,3,2,01106,55
100000,2,1,01006,268
473000,3,4,01003,34
84000,1,1,00700,106
363000,3,2,01500,84
139200,1,4,01103,156
72000,1,2,01103,208
3200,0,1,00902,80
145000,1,4,01005,41
14000,2,3,00902,324
160000,1,1,00601,160
221500,2,2,00504,39
389400,2,4,01004,50
213000,2,2,01106,55
151400,2,3,01202,72
47700,1,2,01003,49
160000,0,3,01007,54
68000,2,4,01201,124
318000,2,3,01004,107
60000,2,3,00501,87
136500,2,4,01204,69
110600,2,2,01005,54
270000,3,2,01600,77
31300,2,2,00302,53
245900,1,3,01001,32
133200,3,4,01102,68
213000,2,4,01003,152
145000,2,3,01202,136
202000,1,1,00901,77
36800,0,1,01004,57
42500,1,1,00506,137
110000,2,4,01300,37
95000,2,2,01001,85
75800,1,3,01003,170
146000,5,4,00501,45
168000,3,4,00502,348
72400,3,3,00902,93
39000,1,1,00805,74
16800,2,1,01500,117
51600,1,1,00801,114
110000,1,1,01104,32
25000,1,4,01203,77
253000,3,3,00805,99
562590,2,2,01102,85
239200,2,4,01203,51
95000,1,2,00501,76
35000,2,2,01500,236
122600,3,3,01005,96
295000,2,2,01003,47
340000,3,2,01203,84
263500,5,4,00301,178
295000,1,1,01006,276
208500,3,3,01007,51
452700,3,4,01005,33
135020,2,1,01004,283
19100,1,3,00507,309
85000,2,2,01202,104
307000,5,5,00805,36
132000,2,3,01106,179
180000,2,2,00802,135
78900,2,2,01203,57
191000,3,2,01101,93
120800,2,4,00506,74
100800,2,2,00902,105
107500,1,1,01102,96
42000,0,1,00804,30
154900,4,4,01002,215
84800,4,4,01105,43
17000,1,3,00507,83
193000,1,1,01004,57
109300,2,2,00100,71
223200,3,3,01204,74
72000,0,1,01007,101
300000,3,2,00901,32
80000,2,2,00301,20
148050,3,3,00602,89
85500,2,2,00503,169
50030,1,1,01204,98
818000,3,3,01005,48
344000,5,3,00302,56
200400,2,2,00805,49
184690,3,2,01204,96
38200,0,2,01300,52
100400,3,2,00503,87
307500,4,4,01005,53
2210,1,1,01007,51
45700,1,1,01106,73
58400,2,3,01003,84
97300,2,2,01106,96
24000,2,2,00301,31
38900,1,1,00100,20
98000,2,2,01005,25
170000,4,2,01105,29
140000,4,2,01106,121
60000,2,1,01203,244
42500,1,1,01104,69
69000,0,1,01007,47
8070,3,2,01300,65
84100,2,6,00503,38
58000,2,3,01400,140
15040,0,1,01004,72
220000,3,3,00400,51
430000,6,4,00503,64
85000,1,1,01004,162
34650,2,3,00601,92
110000,2,2,00602,94
82300,0,2,00802,24
25800,2,2,00602,47
10800,0,1,00804,189
15400,0,1,01103,83
18000,1,1,01204,99
81700,3,3,01105,64
80000,1,1,00902,95
22800,0,1,00805,99
242700,3,2,00100,58
13800,1,2,01204,139
174000,1,2,01102,42
230000,2,4,00400,69
28200,1,1,00507,46
116100,2,2,00100,38
460000,2,2,01004,57
112000,4,4,01105,64
60030,1,1,00700,130
28800,1,1,01001,99
608600,2,2,01004,145
125000,1,1,00700,27
8200,1,1,00602,59
102800,2,2,01204,45
151000,2,4,00601,96
126000,2,2,00504,73
86400,3,5,01107,33
356000,4,4,01105,230
152000,3,2,00301,156
909500,2,4,00501,41
140000,2,2,01101,109
26000,1,1,01002,148
65000,2,2,00805,58
35000,3,5,00902,321
185100,2,2,01002,55
318400,2,2,01106,77
228000,2,4,01201,102
56100,2,2,00301,63
383000,2,3,01201,36
88000,1,2,00301,116
131500,3,3,01204,59
110000,3,3,01500,69
148000,2,2,01001,45
243000,2,5,01201,118
120400,3,2,00200,173
145480,2,3,00601,28
266000,2,2,01003,51
41000,0,1,01007,131
100000,2,2,00902,192
186200,2,2,00302,96
45000,1,3,00502,63
201000,2,2,00902,73
59200,1,3,01007,76
176040,2,2,01106,87
62000,1,1,01400,41
95100,4,3,00902,63
125400,2,1,00302,144
30600,1,2,00502,88
8300,1,1,01204,187
68000,3,3,01006,112
230000,3,6,01500,115
125300,1,2,01004,61
117000,2,3,00200,80
12000,1,3,00400,87
120000,2,3,01202,82
137000,2,2,00802,63
224400,2,2,00804,139
105000,1,2,00502,361
70000,1,2,01003,47
108000,2,4,01103,154
36000,1,1,00200,101
42480,1,2,00302,352
95500,2,2,01204,61
179500,2,4,01002,103
88000,2,4,01600,81
107100,2,1,01101,41
111000,4,4,00901,64
225630,3,5,01600,174
105000,3,3,00507,89
49400,1,1,00503,34
211700,2,2,01300,78
130000,3,3,00400,80
35100,1,8,01104,45
22000,2,2,01300,81
44400,3,3,01006,220
129700,3,2,00200,56
5000,1,2,00801,96
25000,1,1,00200,78
43000,1,1,00503,54
288050,2,2,01202,60
341550,5,4,01004,100
116050,1,1,01600,76
35000,0,2,00805,211
197000,2,2,01204,58
44600,1,1,00602,67
80590,2,2,00301,74
30600,2,4,00100,78
145100,2,2,00902,429
230150,3,6,01203,67
132700,5,4,01105,77
61400,3,2,01105,97
185020,2,2,01300,46
276650,1,2,00302,303
134000,1,1,01102,121
87630,1,2,01102,96
168000,1,1,00902,63
112300,1,2,01104,148
77000,3,2,00400,47
1700,1,1,01102,63
148580,4,4,01006,93
60200,1,2,00200,84
34700,1,1,01300,22
109800,2,2,00801,35
340000,2,4,01004,91
182000,3,2,01106,97
312000,2,2,01006,51
42000,3,2,00504,31
182000,0,2,00805,72
83700,2,4,00804,43
142000,3,4,00400,97
159200,3,3,01201,139
95100,1,1,00400,22
246000,3,4,00502,62
105000,2,2,00501,80
82500,1,1,00507,123
79100,2,2,01600,286
138000,2,2,01300,64
46000,4,2,00601,31
109900,3,2,00400,46
60000,1,4,01002,94
99000,2,3,00601,69
193000,2,4,01007,116
67200,3,5,01107,134
36000,2,3,01201,286
51000,2,1,00200,113
197100,1,2,01103,33
88200,2,2,00302,94
179000,3,3,01202,68
59000,2,4,01003,48
123300,0,1,01003,68
128700,4,5,01105,53
446000,2,3,00503,49
82000,1,1,00805,42
534000,2,2,01004,20
233000,1,2,01103,30
49600,2,2,01400,21
70910,2,2,00602,102
45150,1,1,01001,49
118400,1,2,00400,57
390000,2,2,01003,60
450,1,1,00302,36
303100,2,5,00400,86
132000,3,3,00700,118
54100,2,2,01300,78
167000,2,2,00302,31
462100,2,2,00501,42
52100,1,1,01005,88
20400,3,3,01201,50
49000,2,7,01400,282
49300,2,2,00601,124
133000,2,1,01102,52
3000,0,2,00804,76
220000,4,2,01204,210
260700,3,4,00302,242
142000,1,1,01102,137
168000,3,3,01105,43
126800,1,2,01004,14
165200,4,3,00601,101
271200,3,4,00601,49
67400,1,1,00100,61
71000,2,5,00502,111
150000,1,1,01006,77
49900,1,1,00506,219
38000,0,2,01107,116
63000,2,2,00504,53
140000,3,3,01500,108
157000,3,3,01003,151
2400,1,1,00504,119
86000,2,4,01007,45
57000,1,1,00301,75
142000,2,2,00902,53
76000,1,2,01005,43
12000,1,1,00100,6
51500,2,2,00901,95
322000,1,1,01007,113
100700,2,1,01400,89
52000,1,4,00602,99
7100,2,2,01003,59
118700,2,2,01600,129
9400,1,4,01600,379
2300,3,2,01107,89
238000,2,5,01005,51
53500,2,1,00805,99
182500,1,1,01007,169
1300,0,1,00700,111
25000,1,1,01107,325
67000,1,1,01106,57
76000,2,3,01006,46
336500,3,3,00901,63
171400,3,3,00503,54
155000,1,5,00507,281
56900,1,2,01400,68
225550,3,8,00301,33
76000,2,2,01106,78
79000,3,2,01400,136
74000,2,1,00504,38
495000,2,6,01004,65
96000,2,2,01107,141
105000,1,2,01202,282
19250,2,4,01500,36
60000,2,4,01202,84
96710,2,3,01201,90
11000,1,1,01201,45
104000,2,1,01102,342
78800,1,1,00400,50
80700,5,3,00301,59
39400,1,2,01005,83
15000,0,2,00901,296
134000,2,4,00301,36
100000,1,2,01003,118
60000,1,1,00400,371
173700,2,2,01003,40
39700,1,6,01400,75
102000,3,4,01203,67
109000,2,2,00601,60
7100,3,1,00200,364
161300,2,4,01001,94
68300,2,1,01107,58
224300,2,3,00400,49
24000,2,3,01300,50
223000,2,4,00505,105
107700,3,3,01500,311
44000,1,4,01101,115
78400,2,2,01105,37
72700,2,2,00200,20
110000,3,6,01001,98
70000,1,1,01102,95
17100,1,1,00301,29
80300,1,1,01203,78
103600,3,3,01005,49
32600,0,2,01500,41
160000,1,5,00902,130
38000,1,1,00501,114
70500,1,1,01003,88
90000,4,2,01005,58
220000,3,1,01300,114
74100,3,2,01106,133
468060,4,4,01001,50
52500,3,3,00803,86
205900,2,4,00301,48
71600,2,2,01102,47
201000,2,4,00902,52
145600,3,4,00902,329
169200,1,1,00805,53
60200,2,2,01203,52
100000,1,1,00503,197
232000,2,2,01500,74
4600,0,1,00504,164
13300,1,1,01300,10
1230,0,2,00801,107
45400,2,4,01202,112
75000,2,1,01102,68
288400,2,5,01201,55
81600,0,1,00400,59
74000,1,4,01001,132
24500,1,1,00505,83
70000,1,1,01007,97
183000,2,3,00507,133
76000,1,2,00802,50
40000,1,2,00803,276
80000,2,2,00100,41
45900,2,2,01400,92
121000,2,2,01101,61
101100,1,3,00804,101
38800,1,2,00302,316
174100,2,4,00601,116
400,1,6,01007,121
202020,2,2,01102,168
570800,2,1,01300,10
180100,2,2,00503,31
370900,4,2,01004,15
15600,1,1,00302,264
109000,2,2,00901,55
151000,3,5,01106,183
25600,2,4,01104,73
88100,2,2,01400,30
191000,4,4,00301,50
80850,2,2,01204,133
206400,2,3,01001,60
86100,0,2,01400,70
66900,2,2,00200,89
78000,1,1,01400,114
90000,4,2,01204,75
34000,2,2,00803,45
98000,2,1,01300,36
133000,1,1,01003,138
223000,2,2,01003,251
100000,3,3,00400,78
167910,2,2,01203,74
50900,1,2,01001,119
364000,2,2,00507,102
113200,1,2,01006,104
198000,1,2,01007,94
80020,3,3,01104,39
67000,2,1,01400,73
57000,1,1,01106,68
428000,1,1,00504,27
44600,2,2,01104,44
8800,0,1,00803,214
554000,2,2,00802,39
80000,1,1,01201,81
140300,2,2,00301,57
105000,2,2,00801,84
77200,2,2,00902,36
48000,2,1,01107,169
50400,2,2,01201,152
257000,1,1,00504,32
103000,0,1,01003,53
60000,2,4,00503,78
590000,2,2,01004,97
139900,3,2,00301,25
22800,2,2,01105,163
198000,2,2,01004,12
134100,3,3,00902,164
15500,0,1,01107,57
122300,1,2,01600,67
190500,2,5,00901,48
90400,3,2,01107,19
8000,1,1,00804,55
50100,1,2,00803,80
162470,2,4,01002,51
48000,0,5,01101,31
77000,2,2,00503,59
759000,2,2,01300,16
154500,1,2,01004,45
28000,1,1,00503,102
48010,1,1,01003,57
250000,2,4,01002,74
124500,3,2,01500,49
128700,2,2,01005,62
97500,3,4,01102,257
102500,2,4,00506,126
47000,1,1,01600,56
203250,2,4,00902,49
109000,2,1,01500,159
51000,2,1,00804,114
140000,1,1,00902,40
44810,2,2,01400,73
201000,1,2,00302,45
524000,2,2,01005,37
30000,2,3,01106,113
11700,1,4,00501,68
3000,1,1,01005,80
182000,0,4,01007,102
60000,2,4,01500,133
61000,1,1,01007,224
72000,1,3,00503,110
10800,1,1,00200,57
113800,2,3,01300,35
60500,1,2,00501,130
80000,2,1,01105,95
226400,4,6,00505,82
104200,2,2,00301,56
32000,1,1,00504,37
28700,1,1,00700,97
141610,3,3,00506,91
12000,2,1,00301,31
6500,1,1,00804,85
653000,4,2,01202,75
59500,1,3,00801,181
79400,0,3,01007,58
146000,4,10,01101,87
53000,2,3,01202,71
158000,2,2,01105,181
145000,2,4,01203,98
265000,2,4,00901,57
26080,1,1,01001,130
49200,2,3,00700,29
85190,1,3,00803,98
143100,2,3,01500,86
42900,1,4,00802,339
356000,4,7,01005,73
151700,1,2,00901,121
90000,2,2,00100,69
793200,3,4,01004,19
95000,2,2,01203,112
299000,2,4,01003,98
70000,1,1,01204,52
19000,1,1,00803,164
168000,3,3,01203,85
48000,1,1,01300,72
55000,1,1,00502,109
128070,3,3,00700,97
23200,1,1,01400,238
42600,3,1,00602,76
115800,2,2,01001,74
118000,1,1,00302,76
102300,2,2,00504,68
121000,2,2,00805,51
324600,1,2,01202,59
137004,2,4,01007,32
233200,3,2,00301,74
230000,2,2,01105,144
62600,2,2,00503,55
78800,2,2,01006,111
176000,2,3,00100,106
320500,3,3,00501,41
72000,1,1,01204,86
43600,1,4,01103,121
9500,1,1,00602,35
152000,1,1,01201,137
183000,2,6,00902,41
578000,3,2,00501,57
84000,1,2,00504,124
10900,1,5,00902,73
154140,1,3,01202,183
62600,1,2,00503,49
45000,1,3,01104,180
297000,3,2,01106,59
174500,6,2,01600,50
61000,1,2,00700,159
152300,3,4,00901,96
51700,1,2,01300,10
65000,1,1,00802,58
468500,4,5,00805,67
448500,2,4,00302,60
326000,4,2,01201,94
89000,1,1,01005,176
235000,3,5,01103,19
70000,2,2,01400,267
92000,1,2,00602,57
18500,0,1,00805,65
67200,2,4,01600,154
20850,2,2,01600,111
340000,2,2,00901,27
269000,2,4,01004,11
46600,1,1,01500,150
37500,1,1,01007,104
30600,2,1,01203,78
305000,5,4,00400,137
42000,1,1,00502,310
174000,2,2,00501,83
129000,2,4,00601,71
9730,1,1,00302,119
38000,1,1,01005,316
312000,2,4,01004,58
101000,2,3,00902,200
287000,2,7,00902,303
11700,1,1,00400,43
20100,0,1,00801,81
50400,2,2,00601,56
57700,2,3,00602,42
68600,1,1,01004,51
127000,2,5,00504,70
58200,1,1,01107,99
477000,3,2,01003,170
57000,4,6,01103,42
46000,2,2,00302,45
67900,2,2,00805,207
129000,2,2,00803,46
67900,2,3,01500,154
55000,1,1,01102,430
125000,3,3,01400,64
85900,1,1,00503,115
127000,3,4,01106,352
145000,1,1,01007,43
231000,4,3,01202,350
281500,2,4,00400,80
95200,3,4,01003,132
156000,2,2,00805,100
35000,1,1,01300,17
106700,2,2,00901,66
135000,1,1,01106,206
60000,1,1,00601,44
280000,2,2,01204,85
90000,1,1,00602,90
355650,2,2,00100,60
70000,1,1,01103,252
70000,1,2,01107,78
167000,3,4,01204,58
115000,3,3,01300,124
342240,3,3,01105,53
19800,1,3,01101,163
8800,1,1,00602,61
17680,2,1,00803,86
28200,0,1,00506,122
120000,1,1,00302,49
181000,2,1,01102,88
397800,3,4,01001,116
381500,3,3,00301,49
448000,2,5,01203,69
614000,5,2,00601,39
180000,1,1,00503,55
27400,1,2,00506,77
64700,1,1,00501,78
177000,2,4,00503,127
98000,1,2,01105,17
119000,2,2,00602,101
200000,2,3,00700,68
279400,2,4,00506,110
190700,2,1,01203,29
45700,0,1,01102,87
137000,4,2,01004,76
194000,2,2,01201,192
2400,2,1,01001,34
92490,1,1,00802,38
106280,2,4,01203,112
120000,4,2,01300,58
158800,2,3,01201,102
180000,3,3,01004,51
136300,3,3,00602,74
199000,4,4,01203,68
14500,1,2,01005,80
229400,2,6,01006,63
20500,1,3,01007,368
124200,3,3,01400,68
62400,1,2,01004,61
110000,1,2,00902,339
20600,2,1,01101,87
43500,3,5,01007,89
240000,2,2,01103,42
184400,2,4,01204,51
29300,2,1,00804,94
6700,0,1,00801,87
61150,1,1,00506,33
77000,3,4,00502,147
100000,2,3,00503,81
114920,2,2,00302,17
12100,0,1,00801,260
62000,1,5,00302,132
40300,0,3,01107,35
80400,2,5,01400,400
125600,1,2,00902,67
112000,2,2,00501,38
85000,2,2,01201,87
97900,2,2,00502,233
40000,1,1,01107,377
129600,2,5,00803,115
65000,1,1,00801,103
220630,2,2,00501,54
130000,1,2,00302,67
42400,1,4,01006,122
120000,1,1,00801,361
139700,2,3,00400,57
140000,2,2,01500,77
80500,1,2,01007,44
141200,2,2,01004,16
70200,3,3,00601,127
10000,0,1,00700,16
150700,2,4,00400,60
40450,1,1,00506,45
88000,2,2,01201,95
310050,2,3,00901,52
122030,3,3,00601,43
22000,1,1,00804,53
7200,0,4,00804,72
36400,0,1,01003,57
63000,3,2,00100,74
15100,3,1,00100,48
45000,1,1,00507,80
23000,1,2,01203,94
250900,2,3,01004,59
85300,2,2,01005,15
83000,2,2,00400,41
70000,1,2,01101,154
46000,1,1,01202,90
124800,1,1,01500,168
132200,0,1,00801,94
15600,1,1,00504,18
95020,2,2,00301,58
43900,1,1,00502,52
50600,1,2,00501,78
56000,1,1,00700,84
291500,3,4,00805,79
35000,1,2,01300,111
142900,4,2,00700,87
127000,2,2,00803,14
177000,3,2,00902,67
82120,3,3,00506,63
129000,1,5,01101,121
61400,1,2,01102,120
78800,3,2,01300,67
70000,1,2,00804,51
175000,1,1,01005,71
180000,1,2,01103,53
100210,1,1,01204,22
805000,2,5,01201,55
50000,2,1,01101,59
163400,2,2,00901,63
33000,2,2,01300,407
86400,5,5,01400,82
350000,2,2,01001,54
260800,1,2,01300,28
29000,1,1,01004,57
167000,2,2,00503,55
115000,1,4,00801,109
20000,1,3,01104,114
46400,1,1,00601,69
127300,2,2,00501,79
222970,2,2,00902,84
9500,0,1,01006,81
40100,3,2,00601,111
77000,2,2,00400,268
66100,2,2,01102,175
165800,2,4,01105,84
125000,2,2,01105,49
14400,0,1,00801,310
70000,1,1,00507,52
161500,0,4,01104,118
113000,1,1,01002,117
223000,2,3,00601,56
202700,3,4,01004,56
12400,2,2,01004,56
65000,2,2,01106,58
145000,5,4,00501,65
45610,1,1,00504,32
160000,2,4,01001,54
35000,1,1,00200,92
313300,2,2,01004,66
236400,2,2,01006,55
124600,3,3,00100,50
130000,1,2,00805,59
55000,3,2,00400,46
66000,1,1,00505,44
200800,2,2,01002,68
340,0,5,00801,195
77400,2,3,00507,72
60000,2,3,01003,91
225000,3,2,01300,22
142000,2,3,00302,165
13700,1,1,00700,49
325000,2,4,00301,43
22000,0,2,01003,52
65000,3,5,00301,36
97000,2,3,01004,61
81000,3,2,00200,116
137000,1,4,00801,81
131500,4,3,00601,34
288700,3,2,00901,64
340000,2,4,01204,475
70600,3,4,00501,80
63000,1,2,00802,79
100010,2,2,01103,18
83000,3,3,01400,72
197000,2,6,01106,63
20000,4,4,01104,22
204800,5,5,00507,60
58600,2,2,00802,87
37300,1,2,00805,87
10000,1,1,01002,99
97900,6,3,01106,73
61000,2,1,01107,230
609200,2,4,01500,48
80000,2,2,01102,77
28000,2,2,00902,72
358400,4,6,01002,66
4740,2,2,00503,70
247000,3,2,01204,58
106000,1,1,01201,100
120800,2,3,00601,89
103000,3,4,00400,254
87200,4,1,01203,23
11000,0,1,00200,56
115000,2,3,00902,121
200000,3,1,00501,58
174000,1,2,00503,335
211800,1,1,01204,73
30000,1,3,01003,103
64000,1,3,00803,108
122300,2,4,00503,58
9000,0,1,00100,49
9500,0,1,00804,102
50600,1,1,00302,121
617500,2,4,01203,112
340600,2,2,00100,64
36000,1,1,01400,49
125000,4,2,01202,84
242000,2,2,01005,46
65000,2,1,00301,51
120000,2,2,00100,157
216000,2,2,00200,93
206500,5,3,00601,32
6200,1,3,01105,240
100000,2,3,00902,162
125000,2,2,00505,67
166000,5,5,01001,58
58000,2,2,00400,50
4300,1,1,00400,46
117250,6,4,00400,24
285000,2,2,01204,81
89000,1,2,00802,87
32900,2,4,00301,72
53000,1,4,00902,429
267600,2,4,00802,108
91600,1,2,01600,87
97000,3,4,01001,46
157000,2,4,00400,63
33500,0,1,01004,72
209000,2,2,01106,59
300900,5,5,00602,62
14000,2,5,00503,65
50000,2,2,00200,37
35000,0,1,01104,229
78000,1,3,00901,169
190600,2,4,00902,105
68600,3,5,01203,63
342050,3,3,01204,57
45600,1,1,01300,42
37200,1,2,00801,71
50700,2,2,01600,95
60580,1,1,01202,95
69000,1,1,00804,56
172560,2,2,01003,40
64600,3,3,01300,51
37500,2,2,01400,143
144000,1,1,01107,79
12000,1,2,01101,117
175000,5,2,00601,50
99200,2,2,01002,53
82000,1,2,01105,56
215000,4,4,00902,185
276000,3,5,00700,59
202000,2,3,01003,109
55000,2,2,00507,83
198500,1,1,00501,43
73000,2,2,01300,70
95200,2,2,01203,101
135000,2,2,00801,77
119000,3,5,00301,93
442700,3,2,00200,174
110000,3,4,01500,77
589800,3,3,01004,56
102500,5,5,01003,156
133600,2,4,01204,101
195000,2,3,01001,53
30800,3,1,01201,388
39000,2,5,01203,47
50000,2,1,00601,106
112000,1,1,01003,113
377000,3,4,01106,68
184300,4,4,00902,64
3000,1,5,00804,54
350000,2,4,01004,97
138200,2,3,01106,62
35000,1,1,00805,273
20100,1,1,00804,294
309000,2,4,01003,59
90100,3,2,00504,57
115000,2,2,00502,99
602860,5,5,01500,90
95000,1,1,01004,122
78500,2,2,00503,104
83900,3,3,01103,48
235000,2,4,01500,128
50000,0,1,00502,370
578000,3,3,01004,13
145500,1,4,01003,58
243000,3,4,01107,83
23500,1,2,00802,215
93800,2,2,01106,88
73000,2,3,00302,162
169800,3,4,00501,123
170000,3,4,01002,119
38000,1,2,01107,194
153000,3,3,00901,47
205000,2,5,01005,42
156500,2,2,01106,81
351000,3,4,01004,58
603000,1,2,01300,251
15800,1,1,00100,15
100000,2,2,00200,37
256000,2,4,01005,110
87960,2,3,01107,204
124100,3,2,00901,65
110000,3,3,01005,101
300000,2,4,01001,98
7500,0,1,01005,40
100000,2,3,00507,134
75500,1,1,00503,38
133900,1,3,00507,63
57000,1,5,00902,110
39140,1,1,00805,140
171000,2,2,01202,144
51000,1,1,00901,99
161600,4,4,00301,45
33000,2,1,01500,126
74100,1,3,00804,172
188000,1,3,01004,41
42000,1,1,00200,102
47000,1,3,00700,95
348500,3,5,01007,115
56000,0,2,00506,115
55100,2,2,01300,80
184500,2,7,00501,48
36100,1,1,01201,115
37000,1,1,00503,125
101000,2,4,01500,103
5100,1,1,00601,85
29800,1,1,00601,88
160400,3,6,00200,62
225000,3,2,01600,332
310200,3,4,01105,40
56060,2,2,00601,101
10,1,1,00302,74
41000,1,1,00400,44
102000,1,1,01102,99
7400,1,1,00503,110
325000,2,2,01101,93
53000,0,3,00804,31
36700,1,1,01400,215
23000,1,1,00507,38
76000,1,1,01105,75
166100,3,4,00801,82
69400,1,2,00602,51
156000,1,1,01007,167
36700,3,3,01600,79
109000,1,1,01003,59
75000,2,2,01400,126
96000,1,1,01300,60
142400,1,2,01005,25
110000,3,2,00301,20
32100,0,2,01600,42
88600,3,5,01002,92
82500,2,5,01107,177
81000,2,3,01007,142
166000,1,1,01002,50
47900,1,1,00100,80
146100,2,3,01600,51
180100,1,1,00505,69
88900,3,3,01500,216
48300,3,2,00506,69
136000,1,2,01004,54
111000,3,3,01002,111
296000,2,4,00301,71
7500,0,1,00802,187
22000,1,1,01500,246
127000,2,2,01202,39
106200,1,1,00901,106
64700,2,2,01400,41
113000,1,2,00805,86
115000,5,5,01202,240
162530,2,4,00901,99
65000,3,4,01007,60
73000,4,3,00301,44
65000,0,2,00804,155
9600,1,1,01003,85
30000,2,3,00902,62
70000,2,3,00503,62
65800,3,2,00100,135
113400,3,4,01400,115
29300,1,2,00504,145
59000,2,2,00805,153
204000,2,2,00507,33
59800,3,2,00400,101
35500,1,4,01600,75
105000,1,1,00805,56
131000,2,2,00504,63
129500,1,4,00902,55
147800,1,1,01004,24
129000,1,3,01004,113
137000,3,2,01203,61
324200,3,3,00503,90
41200,1,1,01102,216
199500,3,2,00802,37
163000,2,3,01105,133
59500,0,1,00805,196
108100,2,2,00503,51
54600,1,1,01204,103
13900,1,1,00400,11
25000,0,2,01004,154
562000,2,5,01004,64
121400,1,1,01201,88
69400,4,4,01101,41
80700,1,2,00504,54
75600,3,2,01104,127
232000,2,2,01002,64
23000,1,2,00507,86
72000,1,1,00505,61
32000,3,4,01204,122
246000,3,3,00501,139
79200,4,3,01101,26
210000,2,5,00503,63
263400,5,4,01106,66
440000,3,4,01001,47
86200,1,2,01101,156
58000,1,2,00505,105
243700,2,2,01001,51
36070,1,1,00601,88
52000,1,1,00302,68
14000,1,1,01104,157
48700,2,3,00200,90
19800,1,1,01300,16
35000,1,1,01105,280
1400,0,1,01204,112
98000,2,4,01300,106
195100,2,3,00801,94
10500,1,2,00700,17
14200,0,1,00100,36
65000,1,2,00802,102
86540,2,4,01104,57
275200,2,5,01004,48
70000,1,1,01004,54
45200,1,1,01005,51
43000,1,1,00400,70
150000,5,4,01106,118
111000,2,2,00507,62
351700,0,2,01300,40
72000,3,3,00501,37
89000,1,1,01600,76
16000,0,1,00507,59
271000,4,2,01105,221
64200,1,2,01101,226
125000,1,1,01004,265
125000,1,3,01006,44
145000,2,2,01103,68
180500,2,2,01005,55
125000,2,3,01101,94
73000,2,2,01107,19
62000,1,2,01006,48
93400,1,2,00804,114
134000,2,4,01001,58
243000,2,2,00805,39
83000,2,1,00100,27
98000,3,2,01300,17
39100,1,1,01300,261
275000,3,2,01600,52
374200,0,5,01201,127
125000,2,2,01204,255
112900,1,1,01006,43
25100,2,2,00700,39
113600,2,3,00503,84
80200,2,2,01107,95
39000,1,4,01101,123
18700,0,3,00302,182
21600,0,2,00802,84
68010,1,1,00503,90
193000,3,3,00505,70
55600,2,2,01005,49
276900,4,2,01500,103
69300,3,3,01300,73
61000,2,4,00302,90
113000,1,1,00503,63
41000,1,1,00804,112
270950,6,5,01203,105
160200,2,5,01001,299
269000,1,1,01002,102
3700,2,3,00902,72
40000,1,1,01400,85
108000,2,2,01202,134
77960,3,3,00503,486
91000,2,1,01106,60
12000,1,1,01005,200
87080,3,2,01204,54
346800,1,1,00507,50
181600,2,2,01004,13
82350,1,1,01001,50
26000,1,1,01300,27
83100,5,3,01007,51
154000,2,3,01105,52
95500,1,1,00505,92
13000,1,1,00804,312
67000,1,1,00700,86
40500,2,6,01500,46
35000,1,1,01300,237
180000,1,1,01005,16
264500,2,3,00400,99
15800,1,1,00100,20
183000,2,2,00602,67
283600,6,3,01400,108
25000,1,2,01104,140
60000,1,2,00100,41
60000,1,1,01107,122
120800,2,2,01204,91
80000,1,3,01500,96
83000,3,2,00700,67
10600,1,1,01202,55
11200,1,1,00100,12
88000,0,2,00502,161
30000,1,1,01400,80
14400,2,1,00302,77
119600,2,2,01600,74
157000,2,2,00507,410
39700,3,2,00504,185
105000,2,3,00602,61
141350,1,1,00802,57
45000,2,1,00501,57
3700,3,1,00100,41
282000,2,3,00902,122
73610,2,2,01105,67
32000,1,1,01400,101
72000,2,2,01400,79
102000,2,3,01101,247
201400,4,2,01106,345
44700,0,1,00200,53
31500,6,2,01300,59
37970,2,3,01104,164
446200,2,3,01203,92
37000,2,2,00801,291
450,1,3,01103,215
115200,2,2,00502,110
172400,2,3,00602,48
57100,2,2,00601,104
47400,2,6,01006,43
184700,1,1,01203,58
41900,1,3,01101,196
758000,4,4,01105,43
32000,1,1,00100,50
36900,1,3,00506,365
229500,1,2,00507,163
86300,2,2,01003,310
78000,1,2,01300,127
20320,2,2,00100,39
51400,1,1,00805,67
100000,2,3,00700,144
91100,1,6,00503,53
110000,1,2,00802,191
70000,1,1,00803,113
347200,4,7,01500,309
106800,1,1,00507,67
257820,2,2,00400,49
302000,2,4,01500,142
170000,2,2,00200,128
15000,1,2,01104,197
111800,1,2,01102,63
24500,0,1,00700,81
21500,1,1,00601,97
45000,3,5,01202,147
45300,1,2,01004,54
370000,2,2,01004,58
265000,2,2,00502,104
51800,2,5,00505,43
63500,1,2,00507,27
40000,2,2,01003,61
280000,2,4,01001,54
30000,1,1,00502,264
15000,2,1,00200,25
71700,2,2,00200,48
7500,0,1,01106,145
191600,2,4,00506,107
100000,2,2,01105,46
23440,1,2,00100,169
3140,2,2,01300,47
105800,2,2,00700,15
392000,3,6,01500,75
47200,3,4,01101,172
83300,3,2,00803,103
39100,2,4,00902,87
257000,1,4,00507,76
203000,3,2,01005,70
203200,3,3,00801,146
81600,1,1,01400,24
195000,2,4,01003,50
144500,2,3,01007,88
160000,1,1,01201,77
143000,1,2,01004,57
31000,3,1,00501,101
310000,3,5,01202,89
361000,2,4,00902,72
54000,1,1,00801,116
289800,2,6,01001,82
29700,3,2,00301,69
79400,2,4,01300,71
74100,2,3,01300,77
26470,1,1,00301,9
22000,2,2,00506,239
618900,2,2,01007,52
31000,1,1,00602,250
14000,0,1,01500,105
60000,2,3,00802,192
36000,3,3,00801,23
82000,1,1,00503,27
507500,2,4,00805,104
114500,4,7,00301,58
53600,2,1,00100,75
212000,2,2,01203,85
329200,3,3,01105,73
42400,2,3,01003,56
130000,2,2,01101,21
137400,2,3,01600,89
141400,2,4,00100,14
35500,1,1,00504,165
245000,3,2,00902,77
167000,3,4,01103,58
114500,2,2,01300,44
160000,1,4,00902,105
249000,2,3,01001,78
131200,3,4,00901,150
125000,3,4,01201,65
165600,4,4,00200,61
148460,1,2,01003,27
192000,4,3,01500,94
100000,2,1,01400,90
42000,1,1,00505,93
143000,1,2,01102,66
64010,2,3,00302,91
117100,2,5,01003,80
75500,2,3,01003,68
318000,1,2,00805,46
63500,2,2,00503,59
11000,1,1,01004,345
200500,2,4,01107,120
126500,1,1,00503,82
310200,3,5,01001,53
119400,3,6,00504,169
220000,2,4,01002,131
188000,2,4,01204,61
404000,2,2,01004,53
113600,1,2,00502,66
115070,2,2,01106,99
132900,2,2,01003,51
97940,3,3,00700,50
81000,2,5,01203,70
58200,1,1,01003,86
78000,1,2,01204,304
160000,3,2,01003,62
67600,4,3,01202,132
8400,0,2,01101,217
131800,2,1,01201,45
132400,4,3,00504,36
36000,1,1,01300,198
97800,4,2,00400,159
91400,3,3,00301,163
176000,1,3,01005,61
127000,2,4,01500,117
80000,2,8,01103,187
149500,2,2,01104,60
85000,1,1,01203,46
191500,2,2,01003,13
201900,2,2,00901,74
134000,5,4,00100,24
31700,2,3,00200,77
42600,1,4,00502,100
104600,2,2,01202,92
42200,1,2,01101,175
17900,1,1,01006,67
175000,2,2,00507,42
42200,2,1,00301,53
141300,1,1,01600,65
175600,4,5,01104,75
263000,2,2,01007,46
60000,1,2,00803,176
151500,2,2,01300,35
30000,1,1,01400,63
16230,0,1,00506,268
84000,1,2,00802,45
260000,3,7,01202,180
77000,2,2,00602,54
30000,0,1,00802,101
55800,1,1,00400,52
46400,0,2,00801,96
384000,3,4,01300,65
478800,3,5,01300,22
47000,1,2,00804,26
30900,1,1,01002,86
85500,2,2,01203,60
440000,1,2,01003,57
120000,2,2,00601,54
53710,1,2,01007,115
24500,1,2,00902,78
107800,2,4,01007,51
67000,1,1,00200,94
130000,1,1,01104,72
94700,2,2,00601,28
2870,1,1,01300,65
84200,2,3,00301,65
60500,2,2,01400,126
67500,2,2,00100,203
53600,3,6,01006,56
86400,3,4,01400,172
155000,5,5,01102,147
21700,2,3,01300,19
67100,1,4,01005,186
60000,0,1,01104,82
90000,2,2,00805,32
45200,1,2,01400,32
82000,2,3,01600,203
127000,1,2,01105,129
270900,4,5,00901,77
55000,2,4,01104,252
50000,2,6,01107,180
101400,2,2,00501,126
151300,2,4,01400,38
31200,3,3,00601,131
143700,1,2,00804,68
73800,1,1,00503,46
34800,1,1,00100,113
206500,3,3,01001,50
284800,3,5,00301,55
215400,3,5,01105,80
145100,6,4,01103,60
84100,1,4,01006,85
158800,3,4,01500,119
329000,1,1,01004,115
176400,2,2,00700,80
103400,0,3,01003,48
218300,3,2,01107,113
58000,2,2,01300,58
220000,2,4,00301,66
40600,1,1,00100,28
83300,1,1,01204,94
64500,1,2,01101,66
110000,3,5,01102,53
198000,3,2,01002,40
35000,1,1,00601,264
37440,5,6,00100,52
146600,3,6,01500,167
112000,2,5,00200,96
209000,3,3,01105,61
578000,3,2,01004,50
130000,3,3,01201,157
149000,3,2,01203,320
19700,1,5,01600,32
120000,1,1,01004,211
65500,1,1,01400,56
71800,0,1,01103,272
11500,0,2,00804,85
56100,2,1,00302,110
180400,3,8,01005,110
84800,1,3,00100,25
67000,2,3,00700,91
104500,2,3,00302,73
90030,2,3,01400,8
201000,3,3,00301,59
80000,2,2,00700,78
91000,0,1,00801,355
84200,3,3,01300,119
18500,1,1,00901,100
19060,1,1,00501,119
131500,1,2,00301,32
38850,1,5,01103,168
217000,3,3,01003,162
101300,1,6,00400,87
10050,2,4,01105,66
214100,5,2,00601,55
67300,2,3,00301,59
90000,0,4,01003,52
233500,1,2,01007,86
112000,2,3,00507,117
273000,2,4,01003,86
114000,3,4,00601,90
300000,2,3,01002,80
55400,2,2,00302,28
149000,2,2,01104,173
151000,6,4,00100,70
120000,2,2,00602,70
140000,4,4,00302,48
142600,2,4,01006,101
373400,2,2,00400,50
125200,4,3,00700,109
77110,2,2,00601,34
66800,1,6,00805,174
107000,1,1,01105,166
100000,1,1,00700,93
90000,2,2,01204,100
10000,1,2,01004,55
117000,2,2,01101,92
100000,2,4,01300,199
160000,3,5,01300,54
196800,2,3,01500,313
6400,2,2,00400,270
162000,3,3,00507,107
119000,2,2,00804,45
156800,3,2,01002,54
117800,3,3,00301,53
105000,2,3,00200,70
140000,2,2,00804,70
57200,1,1,01002,70
96600,1,1,01300,82
30000,2,4,01500,55
51000,1,2,01007,119
180000,2,5,00902,59
259460,4,4,01201,55
91980,4,2,01400,16
225880,4,13,00801,152
467000,2,2,01004,30
47000,2,2,01202,62
195600,5,4,00601,63
76000,1,1,01004,171
28000,2,5,01002,55
15000,1,6,01003,105
70000,2,2,00301,185
74400,1,1,01300,63
40000,2,2,01600,63
20000,0,1,01104,120
578100,2,3,00902,107
2000,2,4,01004,109
4800,3,2,01105,69
322000,2,2,01107,95
125000,2,3,00505,101
49700,2,2,00400,48
154600,2,2,01002,49
245000,2,4,00400,104
108300,1,1,01102,65
7300,1,1,01104,53
104100,2,2,01105,111
134600,2,2,01600,85
224000,1,2,01204,120
93000,4,2,01102,60
138000,3,4,01102,47
98010,3,2,00601,52
110800,1,2,01104,56
51200,2,2,01300,6
93000,3,2,00503,63
110000,2,2,00902,93
70000,2,4,01007,124
112000,2,2,00301,185
29800,2,4,01005,76
183000,3,4,01600,112
250000,3,2,01004,52
52000,1,2,00802,69
100,1,1,00503,39
69600,2,1,00200,93
79000,2,2,00400,68
105190,2,4,01105,22
159500,2,4,01105,52
26200,0,1,01003,145
749000,3,4,01004,62
62100,3,2,01201,49
35900,2,2,01600,126
78000,1,1,00506,43
94200,1,6,01103,146
16000,1,1,01202,160
24000,1,1,01400,83
42300,1,2,00802,69
131000,2,2,00902,57
190000,2,2,01004,99
65060,4,2,00100,67
68500,3,3,01400,33
170000,2,3,01400,272
38000,0,1,00503,41
43000,1,1,01106,99
1092000,3,2,00503,56
85000,2,2,01204,104
111200,3,3,00601,34
80000,2,2,00505,107
3000,3,1,01400,23
164200,2,6,01201,135
2200,1,1,00302,91
581000,4,5,01203,40
55000,1,2,01106,51
83000,2,2,00803,82
413000,2,2,01001,82
28090,2,2,00200,35
127700,2,3,01004,83
15000,0,1,00200,265
655000,2,6,01204,58
20600,0,5,00804,236
237180,2,2,01003,86
93000,6,8,01102,118
47100,1,1,00301,90
244600,3,3,01600,55
428000,3,5,00901,82
61500,3,2,00602,55
4200,2,1,00804,389
51000,2,2,00601,35
616000,2,5,01004,105
97200,4,5,00601,137
50870,0,1,00801,212
163800,1,2,00902,77
60250,1,2,01202,74
55000,1,3,01400,160
75600,1,2,00507,66
175000,2,2,00502,108
40000,1,1,00200,57
45400,2,2,01002,106
35500,1,2,01204,119
26600,2,2,01203,103
122000,1,1,00602,53
113000,3,1,00302,21
166760,2,4,00503,63
139400,3,4,00602,78
234200,2,2,01105,226
204100,2,4,00802,190
120000,1,3,01106,152
118500,2,2,01400,118
193000,2,5,00501,61
52000,1,1,01007,41
10300,1,1,00200,26
40800,0,4,01202,30
100250,3,7,00504,147
10200,2,1,01003,108
66200,3,2,00804,30
84540,2,7,00504,123
134000,3,2,00602,49
34800,2,2,00803,138
21200,0,1,00804,49
105000,2,4,00602,172
60000,2,2,01400,446
95600,2,5,00803,43
186000,3,3,00504,69
93000,3,5,01300,140
73800,2,2,00100,80
105000,1,4,01203,60
72800,2,2,01002,71
103000,2,2,01105,81
76000,3,3,01106,59
202000,4,3,00901,82
21000,0,2,01300,44
86560,2,3,01600,90
131500,2,2,01001,64
93000,1,1,01204,89
279000,5,2,00301,213
790,0,1,00804,173
603000,1,1,01203,48
101300,2,1,01203,30
67100,3,2,00601,34
106010,2,3,00700,48
380000,2,2,01106,88
152000,2,3,01600,98
36500,2,7,01103,136
245000,3,3,00507,75
410000,1,6,01004,140
150000,2,1,00200,44
163000,3,2,01300,171
184000,5,4,00400,52
20000,1,1,01400,75
146000,4,5,01203,95
615800,3,5,01001,59
85000,1,1,01002,143
279500,3,3,00400,62
225000,1,3,01004,96
100000,1,1,00901,103
65000,0,1,00801,142
150000,2,3,01007,75
38000,2,3,00100,67
83300,1,2,00400,57
131000,2,2,00602,146
130000,2,4,00901,39
55200,1,2,01004,46
71200,3,2,00501,47
173800,3,4,01500,107
51240,1,1,01106,80
105980,2,2,01001,95
200000,3,4,00901,70
40600,0,1,01004,168
281000,2,7,01004,51
150000,1,1,01203,228
67000,3,3,00400,68
50900,1,1,01204,126
292400,3,7,01102,203
82000,1,3,01003,305
436000,2,3,01006,75
216000,6,4,01107,81
38400,3,2,01400,59
60000,1,2,01203,56
12600,1,1,00803,132
142000,2,2,00601,51
197000,4,3,00507,38
97000,1,2,00901,130
40800,1,1,00901,101
10000,1,1,00505,61
39000,1,6,00100,33
75000,2,5,00507,230
17000,2,1,01300,11
40000,1,1,01204,169
125140,3,5,01300,281
31700,1,1,01300,136
165000,2,4,01500,151
137000,2,2,00504,101
71800,3,2,01005,46
42000,1,1,00803,50
41000,1,1,00601,95
52350,0,1,00801,97
40000,2,2,01202,95
250000,2,4,01201,86
40000,1,3,01102,46
137300,2,2,01600,86
146600,2,2,00507,108
34900,3,2,01300,38
143000,2,2,01500,51
115800,4,4,00602,48
11400,1,1,01400,153
850500,3,3,00302,102
204000,3,2,00602,291
79600,1,2,00200,59
360000,2,3,00902,337
112600,2,2,01203,251
208030,1,4,01101,40
108700,3,3,01003,114
335000,4,3,01203,101
91000,2,2,00901,96
47700,0,1,00506,110
70400,1,1,00504,311
55200,2,2,00400,220
39600,1,1,01106,64
86000,1,2,00805,115
19600,3,3,00802,50
13700,1,3,00804,110
72100,1,2,01204,106
157000,3,2,00901,55
87000,2,3,01202,185
98400,2,3,01203,64
358000,2,3,00505,109
146000,2,4,01202,74
342100,2,2,00801,79
21500,0,1,00803,36
123600,3,6,00503,160
76000,1,1,00805,34
120000,1,1,01005,123
263000,3,4,00805,28
226000,4,3,01500,47
122000,2,2,00200,35
186400,3,5,01103,43
10100,2,2,00302,54
105100,1,1,01006,79
47600,1,1,00602,429
90000,5,1,01202,53
225700,3,5,01001,68
75170,2,2,00901,92
128500,2,2,01101,56
18000,1,1,00200,52
208000,2,3,00801,43
243700,3,2,00507,35
156000,1,1,01204,12
121000,3,3,01203,126
43600,2,2,01107,79
39200,2,3,01106,142
65400,2,2,00700,43
575500,3,2,00301,64
481200,3,3,01005,49
271400,1,2,00302,272
10100,0,1,00506,91
294700,3,2,00601,34
87000,2,3,00700,309
80000,1,1,01005,123
102200,1,1,01102,37
10500,2,2,00601,55
68000,1,1,00804,59
127000,1,1,01107,47
64100,3,2,00700,77
52400,3,2,00100,27
30500,0,1,00804,60
32000,1,2,00805,106
289000,3,3,00901,66
169400,3,3,01001,92
94000,3,4,01500,162
140000,3,3,00901,59
23600,0,1,01300,123
452000,3,5,01004,52
104800,3,6,01001,51
110000,2,2,00804,147
35000,1,2,00902,198
137000,2,2,00804,162
79450,2,3,00301,107
246300,2,2,01203,104
57000,2,2,01006,60
30000,1,1,01500,175
54900,1,1,01102,218
80400,2,1,01500,13
196000,2,2,01003,200
75000,1,1,00302,83
137390,2,2,00507,77
37700,1,1,00100,48
120000,4,3,00301,57
263500,3,4,01201,46
51000,1,2,01002,66
79700,4,4,01002,58
160000,1,1,01105,52
120000,3,4,01003,254
99000,1,3,01201,157
84400,2,2,00400,48
242000,1,2,01007,64
126000,2,4,01600,80
211200,2,3,00601,54
108000,2,4,00503,36
170000,2,4,00505,110
45000,2,2,01300,257
384300,3,4,00901,59
192000,2,5,01600,157
160000,1,3,00802,53
13200,1,1,01300,7
45000,1,1,01103,52
94000,1,1,01204,105
42000,0,1,00804,78
88700,1,3,00803,402
110000,3,2,01203,45
216000,2,4,01007,56
238000,2,2,01202,52
160800,2,2,00501,75
27000,2,2,01003,53
100000,2,1,00504,56
184000,2,2,01007,102
346580,3,4,00901,33
45000,1,1,00200,62
291000,2,5,00902,127
133000,2,2,01201,113
155200,3,3,01105,32
200000,2,2,00504,112
3900,1,1,00601,50
145000,2,2,00804,52
283000,2,3,00301,9
85000,2,4,01005,45
140000,1,1,00902,42
207500,2,2,00902,38
47800,1,1,01102,71
50300,1,2,01104,68
52300,1,3,01400,70
85000,1,2,01105,190
122000,2,2,00805,58
51050,1,3,01102,169
63400,2,3,00602,67
38840,2,5,01103,108
112700,2,3,01004,52
99600,2,2,01107,70
24900,1,3,00803,137
37160,2,2,00506,30
89000,2,2,00503,95
123500,2,2,01102,45
9800,0,2,01003,185
49000,0,4,01600,99
1500,0,1,00802,72
145800,1,4,00901,143
458000,1,2,01102,163
20000,3,3,00504,333
87000,2,4,00100,67
70300,1,2,00501,50
39000,1,2,01004,52
65000,3,5,00503,52
19200,0,1,00501,90
188000,4,2,01204,159
352600,4,4,01300,152
107000,4,7,01300,72
144740,1,2,01004,130
495000,2,5,00901,48
9000,1,2,01400,23
39420,0,1,01104,275
72100,1,3,01003,68
8600,1,2,01204,106
73600,2,2,01204,54
73000,1,4,01005,179
487000,3,5,01201,65
72010,1,1,01001,122
157000,4,4,01106,62
32900,0,1,00505,144
584000,1,4,01007,260
108200,3,2,01600,95
83000,2,2,01300,76
85000,2,2,00700,23
80700,3,3,01006,37
118000,2,2,01400,44
45000,1,1,00902,107
82900,3,2,00100,52
267000,4,3,01105,80
16000,1,1,01300,346
87900,3,2,00700,285
99000,3,3,00700,180
370400,4,4,01106,75
20000,1,3,00902,95
316000,3,4,00301,186
131270,4,4,01400,53
70000,2,1,00803,47
56000,1,2,00700,88
56320,1,2,00505,77
1500,2,2,01107,56
25500,1,2,01104,61
20000,0,2,00804,49
44800,1,4,01103,31
177000,3,2,00400,100
80400,1,1,01006,68
121200,1,1,00902,60
43300,2,1,01400,171
32200,1,2,01202,60
216000,2,2,01107,41
85000,2,2,00803,28
619200,3,4,01203,114
83000,2,2,01202,45
96000,1,1,00302,31
142790,2,2,01007,54
170000,2,4,00902,89
104050,3,2,00801,115
140000,2,2,01003,115
41300,2,2,00100,29
145000,2,3,00200,39
23000,2,4,01103,93
10400,3,4,00804,146
134100,1,1,01004,94
180000,0,5,00400,60
155000,2,4,01201,115
171200,2,2,01500,142
149000,2,3,01105,50
44300,2,2,01300,68
77000,2,2,00506,83
92000,1,2,00502,116
203000,3,4,01204,161
109000,3,3,00507,80
212000,4,4,01600,34
172000,2,3,01003,42
1300,1,1,01007,72
122400,2,2,00507,64
140000,1,1,01104,84
73700,3,3,00602,69
127900,2,4,00503,59
95600,2,3,00503,153
624000,3,3,00504,51
17000,1,1,00501,46
125200,2,2,01203,48
128000,2,2,01400,890
24000,1,4,00805,106
111300,2,2,01600,213
120000,1,1,01107,84
177500,3,4,00504,55
44900,2,2,00100,14
109000,3,2,00301,63
138100,2,2,00901,67
97200,2,2,00501,101
81000,1,1,01102,96
119000,2,2,01201,99
90000,1,1,01003,49
290900,4,4,01105,48
191700,2,2,01003,60
16200,2,1,00200,17
25000,1,1,01203,93
115000,2,4,00602,161
31220,1,1,00803,56
84400,2,3,01500,61
161200,2,4,00902,141
16650,2,1,00200,90
200020,1,2,01003,108
8400,0,1,00505,65
211000,1,2,01101,44
181200,3,4,01004,106
209000,3,3,00507,57
191000,4,3,00301,91
52000,1,1,01004,51
88000,2,2,00100,12
91900,3,2,00503,73
90000,2,2,00902,299
75000,3,5,00501,81
65000,1,1,01202,234
13100,1,1,00100,212
215600,2,2,01007,89
56000,1,1,00506,113
190260,6,4,00301,80
296000,4,5,00901,50
45000,2,1,01106,107
192000,2,3,00507,179
176000,2,4,01204,113
6000,1,1,01007,73
61000,4,4,00700,64
38200,3,3,00601,160
90000,2,5,01002,72
8300,1,3,00700,13
125700,1,1,01007,33
295100,2,3,01004,72
45000,1,4,00504,205
217000,3,3,01006,90
42000,1,1,01203,109
260000,2,3,01003,281
141300,1,2,01203,98
56000,2,1,00601,123
103000,1,2,01105,126
466000,2,2,01004,54
38000,1,1,01104,69
175500,4,2,01600,145
101900,2,3,01400,62
99000,4,4,01600,66
578000,4,3,00601,340
81000,0,1,01007,331
55200,2,2,00100,49
44800,3,3,01105,44
280300,2,3,01003,57
55600,2,2,01300,77
110300,1,1,01005,100
40000,2,5,01600,85
114700,3,4,00503,50
67000,2,1,01500,214
54500,4,4,00400,148
53000,2,2,01006,390
25000,1,3,00503,469
152100,6,1,01202,108
157000,3,2,00100,210
113000,2,2,00507,143
167700,2,2,01004,50
134000,2,4,00507,142
115860,1,2,00504,55
204000,2,2,01101,26
90200,1,2,01103,40
49000,1,1,00507,54
207000,2,2,01001,100
155200,2,5,00200,145
59100,1,3,01500,95
124000,3,6,01500,143
177000,2,2,00804,45
92000,3,2,00601,367
110000,2,4,01400,122
125000,2,3,00506,118
68000,1,4,00507,134
44000,1,1,00804,117
150000,2,4,00803,194
165000,2,4,01203,367
112400,2,2,00302,31
106700,1,2,00400,57
26500,2,2,00507,38
52100,4,4,01204,131
16000,1,1,00601,144
264200,2,2,01003,55
99500,1,2,01001,100
240400,1,1,00504,58
15900,2,2,01005,115
190000,2,4,01600,98
56500,2,2,00802,22
115300,2,2,01003,254
209100,3,4,01001,89
130000,2,4,01003,54
184000,2,2,01002,31
16000,1,1,01004,61
173300,2,2,00601,92
14400,0,1,00802,118
38800,1,2,00804,50
116000,0,3,01204,105
58120,3,3,01107,71
68000,1,2,01105,115
190000,2,2,01006,55
60500,3,2,01003,52
64600,2,2,00400,126
52000,1,1,00507,46
171080,6,4,01204,118
197000,2,2,00502,614
48200,2,1,01500,115
102000,2,1,00801,77
32200,2,2,00100,22
212200,3,6,00302,69
24200,0,1,00804,86
200600,3,3,00902,102
51070,2,2,01006,45
30500,1,1,01201,145
52000,1,1,01105,97
179000,4,3,01600,41
13200,1,1,01105,52
159000,3,2,00501,58
90400,3,2,01106,48
145000,2,3,01103,27
27000,2,1,00302,139
102000,2,2,00200,280
79400,3,2,01300,40
167790,1,2,01001,95
103200,3,1,01004,63
56700,3,2,00400,81
126000,2,2,01001,56
49600,2,2,00802,36
74400,2,5,01005,270
187140,2,9,01105,125
130800,3,3,01007,83
106000,5,2,00400,93
17000,1,2,01006,69
140200,2,2,00400,99
278000,1,1,01203,68
214000,2,4,00100,20
115400,4,4,01003,94
139500,3,2,00100,10
470000,3,2,00901,55
43400,2,5,01007,187
229000,2,4,01004,69
65200,1,2,01300,69
44950,1,2,00302,56
90800,2,3,01300,45
522000,6,6,01204,66
46600,2,2,01106,67
124000,3,2,01107,111
257910,2,2,01002,53
190100,2,6,01003,64
46000,1,2,00100,76
67000,1,1,00902,100
60000,1,1,01106,62
122000,1,2,01102,46
130000,0,3,00501,56
52000,3,5,00507,349
213300,2,2,01005,111
122000,2,4,01103,50
99600,3,4,00505,190
50800,1,2,00400,16
54650,1,3,01003,78
106000,1,2,00700,43
150000,2,2,01500,159
190200,2,3,00901,77
673000,3,2,01202,98
215000,2,5,00503,68
13500,2,2,00805,185
52000,1,1,01007,74
210000,1,2,01003,85
12300,2,2,00803,214
162000,3,4,01001,94
188000,2,5,01204,50
213500,1,6,00902,106
66000,3,1,01106,44
165000,2,3,01005,41
90000,1,1,01002,74
71200,4,3,00501,77
600,1,1,01400,88
21820,3,1,01300,10
76500,2,5,01002,81
89600,2,2,00803,41
27700,1,1,00400,42
40000,2,1,01400,113
121000,3,2,01600,156
52000,1,1,01300,84
115400,3,4,01103,90
100000,2,2,00503,61
242000,2,5,01201,207
48150,2,5,00100,14
67000,2,5,01105,278
40000,2,2,01005,45
146000,2,4,00902,430
229200,1,9,01106,59
150000,4,3,00501,48
198000,3,2,00302,125
50800,2,2,01300,100
75000,1,1,00902,31
184000,2,3,01203,51
42700,1,1,01101,76
53930,3,2,00505,59
84700,2,2,00503,57
122100,2,2,01007,46
158500,2,4,00901,65
5500,3,9,01500,80
74400,2,2,01400,36
75000,2,2,00901,55
25800,1,1,00505,88
235000,2,4,00802,74
62000,3,4,00301,74
152100,1,2,01003,76
32000,1,1,01204,25
214000,1,2,01001,54
97000,1,3,00802,132
43200,3,5,00400,73
41000,2,2,00503,45
65000,1,3,01001,49
148800,2,3,00503,71
42000,3,2,00400,69
55000,2,1,00506,30
80200,2,2,00200,62
39600,0,1,00503,67
37000,1,2,01006,86
22000,1,3,00400,154
45000,1,1,00302,48
2300,1,1,01201,491
12000,0,5,01300,431
39500,1,1,01300,40
297800,4,3,01106,58
154000,3,10,01103,107
127000,2,3,00506,152
88100,3,2,00400,39
80000,1,1,01203,239
75000,1,1,01600,68
161200,2,4,01204,121
3000,0,1,00805,154
213400,3,2,00301,43
43000,3,3,01102,87
56600,3,2,00302,155
66500,1,4,01300,54
110000,1,1,01003,95
110000,2,2,00602,53
41720,1,2,01204,82
85000,3,3,01400,95
124040,2,4,00504,54
79000,1,2,01107,241
120010,2,1,01003,45
144800,5,3,01203,320
66500,2,5,00805,67
9000,0,1,00601,84
38900,1,1,00100,78
30560,1,1,01007,28
123700,4,3,00902,64
155710,2,2,01005,66
156000,2,2,01600,62
104000,1,1,01400,51
11700,0,1,00802,81
24000,1,2,00100,49
196800,3,3,01105,50
60000,0,2,00802,26
112000,2,2,00507,155
23600,1,1,00400,100
80000,3,5,01400,241
145000,2,3,01001,113
76000,2,1,01203,114
55000,1,1,00602,234
52200,2,2,01101,59
314300,3,2,00400,53
26800,0,1,01400,53
30000,1,2,00507,153
51600,2,2,00506,77
1010,0,2,00507,75
137230,2,4,01007,51
98800,3,2,01103,17
446000,6,3,01001,95
100000,1,1,01003,182
230000,4,4,00400,58
245000,2,4,00901,119
75000,2,1,01004,113
308000,2,4,00902,73
271000,2,2,00601,55
181200,4,6,01201,209
140000,1,4,00302,127
196000,2,2,00601,55
100000,1,1,00601,51
24000,1,1,00400,169
147000,1,3,00805,59
136000,2,3,00200,140
148000,2,4,00902,74
552000,3,3,00804,32
57000,2,1,00602,93
83400,2,4,00507,70
32000,1,1,00200,73
32900,0,1,01005,101
140000,3,5,00506,334
43600,0,1,01007,92
85000,1,1,00200,94
142000,3,2,01105,53
95800,2,2,00803,194
27500,2,1,01500,300
48700,1,1,00100,43
120000,1,1,01003,37
11500,1,1,00700,282
70000,2,1,00802,58
214300,2,2,01600,73
699200,3,2,01300,49
122000,6,3,00200,206
496600,2,2,00601,90
55000,0,1,00506,356
46000,1,1,01202,75
114000,1,5,01600,86
203030,1,1,00507,147
99900,2,2,00504,92
76000,3,2,00400,55
102000,1,2,01600,28
164200,1,1,01007,45
65000,3,4,01107,49
78200,2,2,00601,53
85000,3,2,00200,269
102000,4,2,01001,57
31400,1,2,00805,73
12100,2,3,01500,32
203700,4,5,00301,62
76400,2,2,00301,11
147000,1,2,00804,37
100000,1,1,01003,122
97400,1,3,00302,134
62000,2,2,01102,66
85000,3,3,01300,34
78200,1,1,01004,109
148000,2,2,01600,50
135900,3,4,01300,57
140100,6,4,01300,163
176000,2,4,01006,55
54710,1,1,00100,156
115400,1,2,00507,64
180000,2,2,00901,74
165500,3,5,01201,161
103000,3,4,01500,288
120600,2,2,01105,49
57010,2,3,00200,43
60200,2,3,01004,15
198500,2,2,00700,84
3400,4,1,01600,63
80000,3,2,00100,8
69300,2,2,01204,95
212600,3,4,01001,30
4100,1,1,00504,121
145600,2,2,01203,99
160010,4,4,00601,109
40000,1,1,01202,188
117000,1,2,01600,145
135150,3,4,00505,58
76000,1,1,01300,106
132000,2,3,01105,43
89000,1,2,01101,128
106400,3,3,00902,171
65600,4,1,01106,49
45400,2,3,00505,148
52500,1,2,01202,51
253700,3,3,01500,94
300000,3,4,01004,49
94000,2,3,01006,49
40000,1,1,00501,92
107300,2,2,01400,34
211300,2,2,00400,44
17000,1,2,00301,59
314000,5,2,00901,29
60000,1,3,00302,26
38000,1,1,01004,109
175000,3,1,00301,59
44600,0,3,01003,46
262100,2,2,00902,172
132830,2,5,01600,55
140500,2,5,01500,163
119000,3,6,01003,26
300000,3,3,00601,118
143400,2,2,00804,46
47500,0,2,01106,64
155300,2,2,01400,71
14100,0,3,01101,130
120400,3,1,01300,112
78620,3,3,00802,122
136000,2,2,00602,115
75000,2,2,00801,202
21000,1,1,00504,32
82000,1,1,01104,91
83000,1,3,01004,140
203000,3,2,01105,79
79900,2,2,00100,28
92000,2,4,01202,95
71000,2,2,00602,58
646000,2,2,00804,29
94770,2,2,00503,56
16370,1,3,01002,102
293000,3,4,00400,59
15800,0,1,00804,80
27790,2,1,01007,49
95010,2,2,01105,21
250000,2,4,01003,51
272500,2,6,01006,57
19840,1,1,00700,53
30000,2,1,00200,163
113000,1,1,01004,118
122100,4,4,00505,246
220100,2,2,01006,52
94500,3,7,01102,47
110000,2,2,01204,72
337000,1,1,00504,57
95800,2,2,00502,86
16200,1,1,01300,95
297900,2,2,01006,105
60000,1,1,01400,90
153000,1,1,01003,83
76900,2,2,01204,49
1500,0,1,00801,29
47000,1,1,00100,192
52000,1,1,01202,55
242000,3,6,01007,133
276200,2,1,01201,47
120,1,3,01400,73
82000,2,2,00805,66
113000,4,2,01001,63
452000,2,2,00507,74
569000,2,2,01004,12
66010,1,2,00505,70
168000,3,4,01007,79
193300,4,7,00901,58
70000,1,1,00505,52
220000,2,3,00601,36
50000,3,2,01400,56
38300,2,2,01006,84
245300,3,12,00503,61
47900,2,3,01202,51
70000,0,1,01004,170
45400,1,2,01004,55
60000,1,1,00804,135
180000,1,1,01106,60
7000,1,1,01202,103
33000,2,2,00100,71
80800,1,5,01006,285
81000,2,3,00504,63
9000,3,2,00400,54
80500,3,5,00100,15
122000,3,4,00400,79
140400,3,2,01600,68
13000,2,4,01300,87
50200,1,4,00803,243
25000,0,1,00602,171
167000,4,5,01500,74
182000,2,2,01203,80
50000,1,1,00100,198
115000,1,1,01106,40
205800,2,3,00100,73
90500,3,2,01102,52
11200,1,1,00100,41
503000,2,2,01004,19
40000,2,2,01600,108
44900,0,2,01105,48
160000,2,2,01500,42
104400,3,1,01600,53
242000,4,2,00504,29
184800,3,2,01101,95
28500,2,2,01003,50
52200,1,1,00100,39
83160,1,2,01004,14
30000,1,1,01102,248
13400,2,6,01004,36
61600,1,2,01007,83
180600,1,2,01003,45
75000,1,2,01102,139
73300,2,3,01400,63
155000,1,2,01202,79
47100,2,3,00700,262
63300,3,2,00902,30
120500,2,2,01005,81
13200,0,1,01104,53
125900,6,3,00200,212
226200,3,3,00601,56
72000,3,6,01107,214
49000,1,1,00502,91
6600,4,1,01001,102
158000,6,3,00301,97
235000,2,1,01202,66
157470,2,4,00601,29
101000,4,2,00100,60
140000,2,2,00200,68
168400,0,4,01106,215
102000,1,1,01300,78
227000,1,3,00805,36
107300,0,1,01005,61
27000,2,4,01002,88
282500,2,4,01600,67
97600,0,1,01004,57
107000,4,3,01202,115
205000,2,2,01102,62
285510,3,5,01007,89
55000,0,2,00805,78
143000,2,2,00804,191
100000,2,2,00505,69
105000,3,3,00505,147
228680,3,3,01007,80
302000,2,3,00301,21
37900,1,1,01600,81
18000,1,1,00501,36
138000,2,2,01006,65
76200,2,2,00506,46
125950,2,2,00400,110
3600,0,1,00802,33
132000,2,2,01105,135
150300,2,2,01201,91
177600,2,2,00301,31
5300,1,1,01600,74
45200,2,3,01105,68
120000,1,1,01204,120
293800,0,1,00501,30
37000,1,2,00400,54
151200,1,1,01101,70
7800,2,2,01004,41
192950,2,2,01004,57
693000,2,2,01004,50
58100,6,4,01400,107
117600,0,3,00505,291
15000,2,1,00400,56
139300,2,4,00902,88
13000,0,1,00400,49
49600,3,2,00200,144
95080,1,1,00802,58
40600,2,1,00400,153
103000,2,2,01400,110
127900,4,3,00803,51
54000,1,1,00805,50
80000,1,1,00803,47
58000,3,2,00100,66
10500,0,1,00100,35
166000,1,2,00200,20
1000,3,1,00200,97
175000,2,2,01203,46
63900,0,1,01007,50
199700,1,2,01004,58
121600,3,5,01106,56
1550,0,2,00804,202
28600,2,2,00400,124
9850,2,1,00601,38
35000,3,5,01300,45
126240,3,2,00901,78
220000,3,3,00804,42
19800,1,1,00700,35
27400,1,1,01202,54
115000,2,2,01006,208
125100,4,5,01101,175
44700,1,1,01600,118
13600,0,4,00805,101
93000,3,3,01105,152
48000,1,1,00504,213
226540,3,3,00804,132
160000,2,4,01004,273
202000,1,2,01105,48
166100,3,2,01201,52
40800,1,2,00505,75
114000,3,4,00400,74
26000,5,1,00602,284
198600,2,2,00802,46
208800,1,3,00503,60
32000,1,1,00301,74
240900,2,2,01203,121
49000,1,2,01204,370
191000,2,3,01105,227
85000,3,7,01107,89
17300,1,1,01106,242
264000,3,4,01105,79
16100,1,2,00503,32
160500,2,5,00801,50
143400,1,2,01002,88
82740,3,4,00902,102
325000,3,3,01001,54
93600,3,2,01002,75
102600,2,5,00400,45
42000,3,3,01003,175
189500,2,2,01203,30
122000,2,4,01001,8
35000,1,1,00801,53
618000,2,5,01004,13
193000,2,3,01203,130
140000,3,2,00302,101
145900,2,2,01001,80
145000,2,1,00804,53
138860,2,2,01003,75
80000,1,2,01002,54
97020,2,2,00601,76
140000,3,2,00400,54
80000,3,3,00505,72
96000,2,4,01103,79
1700,2,1,01400,63
170000,3,2,00400,341
114400,2,2,01002,40
78000,1,2,00802,66
95000,1,1,01004,106
3000,0,1,00804,269
162100,2,2,00602,107
12300,1,1,00803,185
75000,2,1,00302,111
182500,4,4,00501,44
782000,2,4,01005,54
95100,2,2,00700,16
113000,3,6,01400,143
193000,4,4,00804,27
184120,3,5,01002,76
143000,2,2,00502,120
95700,2,5,00302,67
222200,3,3,01102,43
260000,2,4,00901,83
41700,0,1,01103,82
52000,1,2,00400,105
229900,2,2,00501,48
24700,2,2,00301,18
157200,2,2,01004,78
91200,2,3,00400,67
165200,4,4,00902,190
132200,1,1,01101,91
280000,1,1,00505,97
23500,2,2,01600,82
44000,1,2,00501,85
65600,1,2,01400,108
180300,6,6,01006,106
18500,2,4,01107,88
11500,1,1,01003,47
195100,4,3,00301,21
250000,2,4,01001,61
133000,2,4,00505,55
85400,2,3,00100,37
75000,1,1,01300,126
45050,1,1,01006,88
50300,1,1,01004,66
90000,2,3,01400,247
72000,3,4,01102,120
247010,3,5,01001,60
40000,1,1,00506,80
158000,4,3,01600,152
57000,2,4,00200,26
80000,2,2,01106,227
20030,1,1,00803,76
73860,1,1,00901,47
260000,3,3,00400,53
225000,3,2,01202,60
88200,1,1,00801,95
409800,3,5,01004,99
80000,2,5,01600,104
165600,1,2,00902,61
117200,2,2,01105,61
311600,3,3,01500,216
40100,1,1,01005,61
100000,2,1,01500,88
322000,2,2,01300,113
116300,2,2,01201,155
150800,3,7,01105,58
99000,1,2,01007,50
377600,3,3,01203,106
164200,2,2,01201,55
187000,2,4,00504,57
79000,2,1,00506,118
101100,3,3,00602,57
207200,3,4,00901,51
39500,1,1,01001,51
26300,1,1,01103,153
93000,2,2,00301,57
44000,2,2,01400,128
120000,1,3,00503,75
657700,4,4,01201,55
14300,2,2,00200,92
28700,2,4,00502,123
34000,0,1,01004,108
74200,1,1,01003,58
76400,4,6,01203,230
35500,1,2,01002,281
98300,3,2,00504,44
130000,2,5,00601,91
135600,3,2,01002,120
95000,3,2,00400,40
92700,1,2,01400,37
31700,1,1,00302,59
52000,2,1,00901,80
70000,1,1,01103,68
133000,1,3,00601,152
80000,2,3,01203,129
30000,1,1,00802,39
87600,2,2,01400,48
110000,1,1,01102,77
37500,1,2,00504,46
39000,1,1,00805,87
13200,2,1,01202,231
200500,3,4,01500,54
74000,3,3,01001,407
33340,1,1,00302,76
72200,1,1,01104,67
85000,1,1,01400,391
122500,2,4,01002,78
76000,0,1,01007,97
201000,3,3,01005,12
193000,3,3,00601,49
63200,2,2,00804,71
120800,1,6,01006,54
41000,1,1,01107,77
229400,4,4,00503,34
9500,0,1,00804,128
359000,3,3,01204,108
94440,3,5,00301,54
47000,1,2,00506,65
139000,1,1,01201,107
145200,2,2,01107,76
68000,2,4,00902,336
91400,1,2,00400,80
89000,1,5,00506,93
84000,2,4,00506,35
120000,2,3,01002,145
235000,2,4,01003,54
244500,2,2,00503,61
113000,2,2,00502,28
150000,6,7,00601,40
7600,2,3,01103,129
60300,0,1,00503,373
10000,0,3,01300,56
68000,1,5,01500,234
111400,4,6,01101,175
168200,3,3,01300,65
200000,2,4,00901,71
249800,4,3,00200,87
318800,2,6,01004,10
97000,1,1,01204,87
65200,2,2,00400,49
103000,2,2,00504,42
100100,2,2,00504,64
313500,2,1,01107,60
42700,0,1,00804,94
203000,2,5,00601,96
130200,2,2,00804,50
32100,0,1,01103,157
534800,3,2,01001,33
72600,3,4,00200,48
240260,1,2,01005,39
138000,2,2,01102,95
154700,1,2,00503,65
110400,2,5,00507,74
90000,2,5,00505,98
85000,2,1,00501,102
156090,1,1,01105,130
341400,2,2,00503,31
140000,1,2,00902,56
83000,3,4,00805,31
261400,4,5,01204,87
162800,3,3,01203,77
130300,2,2,01001,65
86340,3,7,00802,71
61000,2,3,00601,94
269460,2,2,00400,56
97900,1,2,01202,96
72000,2,4,01002,43
41450,1,1,01300,93
262000,3,3,01004,169
76700,2,2,01005,59
160000,2,2,00502,144
120000,2,1,01204,125
180000,2,3,01201,73
60700,2,1,01103,52
36330,1,2,00200,61
115000,2,4,00601,172
46000,1,1,00302,83
120000,1,1,01007,108
96000,3,2,01104,132
195500,2,5,01204,98
56000,1,1,00902,80
45000,3,2,01104,86
65000,2,2,01400,121
232300,3,3,01102,56
58200,1,3,01005,191
23790,2,2,01006,61
176000,2,2,01001,36
14000,1,1,00100,94
213400,4,4,00301,52
145000,1,1,00804,81
254000,0,1,01003,282
72600,3,4,01600,57
42000,1,1,00400,86
59300,2,1,01001,39
58000,1,2,01202,83
125500,2,2,00601,84
476700,2,2,01004,33
69500,3,2,01600,110
8400,1,1,01400,110
121000,2,2,00902,64
32000,1,2,00805,50
121000,2,2,00400,81
252000,2,3,01005,112
262600,2,2,00400,102
198800,4,2,00700,49
137000,2,2,00200,55
23900,1,1,01400,64
38000,2,2,01102,228
970,0,1,00506,47
99400,1,2,01400,47
130000,1,1,00501,246
53000,2,2,00601,49
4000,3,1,01500,81
24000,1,2,01202,113
255500,2,3,00901,98
250000,2,4,01005,31
135000,1,2,01103,57
55000,0,2,01107,54
210000,3,3,00400,55
88400,2,1,01105,84
60600,1,1,01005,61
50500,0,2,00501,93
190840,3,7,00506,102
253370,2,2,00507,82
42800,1,3,00802,100
175500,2,3,01203,109
151200,2,3,00100,188
242600,3,10,01600,122
3400,1,1,01107,260
96000,2,2,00505,108
137000,2,4,00601,84
119900,2,2,00200,60
25500,1,4,00801,575
283000,3,2,00601,56
308900,2,2,00802,87
169000,4,2,00501,83
145680,2,2,01004,12
173610,2,3,00901,65
114000,2,5,01005,202
87000,1,1,01001,87
38200,1,1,01106,70
150000,2,5,00507,160
115000,1,1,00805,49
72000,0,1,01101,35
35400,0,1,00804,243
33000,2,4,01201,190
65200,1,2,01006,74
233050,2,2,00601,86
167000,4,3,01105,71
112000,0,1,01101,66
21700,0,1,00506,129
18100,1,1,01102,58
250000,2,2,00400,58
183600,3,4,00100,30
284000,1,4,01004,102
34000,1,1,01003,58
145600,1,1,01003,109
31800,1,1,01103,121
147000,2,3,00902,73
80000,2,2,01202,161
102000,2,2,00901,45
27400,2,2,00100,34
29500,0,3,00801,146
202500,3,2,01001,81
170000,2,3,01003,36
44800,3,2,01600,56
159110,2,6,01106,49
10100,1,2,00200,30
51100,1,1,00302,316
78000,5,2,01300,77
9900,0,1,00100,180
75000,2,3,01400,51
111000,2,2,00601,93
73700,0,1,01101,135
216400,2,3,00902,100
143300,3,3,01003,57
85000,2,3,01104,41
14600,0,1,00504,46
325000,2,2,01004,104
72800,1,4,01500,62
116000,2,2,00501,84
1000,0,1,01201,83
19000,0,2,00805,31
278200,3,2,00200,26
99300,2,3,00302,56
676000,3,2,01006,62
90000,2,5,00400,71
189200,2,4,01005,44
197660,2,2,01005,112
17800,1,2,00501,72
35000,1,2,00804,79
94400,2,3,00507,84
300200,2,3,01201,59
278920,4,5,01003,57
141000,1,4,01004,55
49500,3,6,01600,55
138750,6,9,01103,36
52900,2,2,00200,155
121000,2,3,00804,52
7900,2,2,01400,61
33300,1,1,01204,85
45900,2,2,00400,41
48000,0,3,00506,48
77500,2,2,01105,55
446900,3,5,01204,138
128200,3,2,01203,77
45000,2,2,00601,29
31300,2,5,00302,145
247000,2,5,01002,298
75000,2,2,00301,97
200000,2,6,01007,182
69000,1,10,00700,209
16000,2,1,00700,51
106000,1,2,01003,68
361500,1,4,00901,44
26800,1,1,00805,80
66000,2,2,00400,39
67000,1,1,00301,59
160000,3,4,01203,277
83400,3,2,00700,45
64600,2,2,01106,49
89900,3,5,01300,26
120000,1,2,00802,100
55780,1,3,00805,162
284000,6,4,00700,150
75000,1,2,00805,296
199200,1,1,01004,19
102000,2,2,01102,81
34800,1,2,00802,93
173000,2,4,00902,133
92000,3,2,00200,56
32000,1,1,00801,145
60500,1,3,00700,173
59600,1,1,01105,47
113000,2,3,01101,82
41500,0,1,01203,56
130200,1,2,01500,27
116800,2,3,00301,153
50000,1,1,01102,77
474620,3,5,01006,54
33750,0,5,00805,168
274800,2,3,01204,99
58800,2,5,01003,51
105600,2,4,01003,38
34400,3,5,00601,53
46700,1,1,00902,59
170000,3,5,01107,452
75000,2,2,01203,65
112600,3,4,01202,54
389900,3,2,01500,72
200,0,1,00801,136
77200,2,3,01500,80
119600,1,2,01105,188
673000,2,4,01004,17
64000,2,1,01201,89
118000,2,3,00700,29
50000,1,1,00801,154
93400,1,3,00506,55
41400,2,2,01202,320
30000,2,1,00803,118
30460,1,2,00506,46
219800,1,4,01004,70
90000,1,1,01103,310
60000,1,4,00902,178
200200,2,2,01004,21
10700,2,2,00700,15
77000,1,1,01600,44
202000,2,2,00805,53
14400,2,2,01105,70
66600,2,3,00100,60
66400,4,3,00100,87
109200,2,2,01105,137
75000,2,3,00302,104
20600,1,1,01203,170
75900,1,1,00507,47
30100,1,1,00501,57
553600,4,2,00901,91
300000,3,4,01004,152
194530,2,3,00901,80
108500,5,4,01600,60
99500,1,1,01400,80
180500,4,5,01400,83
111800,1,1,01201,61
50000,1,1,00400,98
76400,2,2,00507,56
460000,2,2,01004,16
17000,0,1,01400,79
262000,2,3,01004,61
82000,1,1,01007,186
25900,1,2,00400,52
180000,4,3,01400,74
197600,2,4,00302,26
195000,3,2,00803,54
68000,2,2,00100,103
157000,4,2,00200,37
320,0,2,00805,128
278000,4,4,01106,101
49000,1,3,00805,180
93800,1,1,00801,66
47100,2,5,00804,100
135000,4,3,00301,58
137000,1,2,01600,119
28000,2,2,01001,31
3000,1,2,01102,44
156400,1,2,00804,29
23150,1,1,00400,60
95500,2,2,00200,103
132200,2,5,00302,116
295000,2,6,01102,65
67000,2,2,01105,315
35000,2,2,00506,71
26900,0,1,01400,73
111600,3,3,00400,60
52500,2,2,00503,89
42120,1,2,01103,117
230000,1,2,01004,47
150400,2,2,01106,110
135000,3,3,00301,47
31000,2,1,00803,69
141900,2,2,01107,59
153800,2,5,01001,47
50000,0,2,01004,42
35280,2,2,00506,46
335000,2,4,00400,76
8700,1,5,01002,270
134000,3,3,00602,81
102000,3,4,01101,99
122050,2,2,01300,42
26500,0,1,00700,262
21100,1,1,00804,59
145000,2,2,01400,113
32000,1,2,01102,67
35000,1,1,00502,267
8500,0,3,00805,97
90000,2,2,00504,36
98000,1,1,00601,106
77300,2,3,00805,60
28300,1,1,01102,52
116300,2,3,01106,64
313450,3,4,01003,188
14000,1,1,00505,102
209000,2,2,01007,55
28600,1,1,00700,181
184150,6,5,00901,95
271000,2,2,01001,98
253000,2,2,00504,43
24600,1,3,00504,93
142000,1,1,01004,59
61600,2,2,01300,63
86000,1,1,00804,173
12100,2,2,01202,128
97400,2,2,01201,125
54000,1,2,00902,55
30500,1,1,00100,59
2000,2,4,00902,117
31900,1,1,01107,64
45000,1,1,00302,73
86000,2,5,00802,270
210000,2,4,00901,249
106400,3,5,00505,173
7900,1,2,00506,59
22900,3,3,01005,263
196620,2,2,01003,61
56000,1,1,01004,49
72500,3,3,01202,57
99000,0,1,00801,134
221000,1,2,01003,107
100900,2,3,00805,60
214000,3,3,01600,59
36700,1,2,01202,109
166000,4,5,01600,253
55100,1,4,01105,220
440300,3,4,01001,53
49000,1,1,01105,175
51230,1,1,01006,46
58000,1,1,01101,60
15400,1,3,01005,49
262900,4,6,01001,59
41500,1,1,01300,14
100000,1,1,00901,41
37600,2,3,00100,37
110000,2,2,00700,127
84800,1,1,00802,65
154000,2,2,00803,97
91200,3,3,00502,92
103000,1,1,01105,60
74100,0,4,00804,30
128000,1,1,01003,57
12000,1,1,01103,83
107000,2,3,01106,22
25500,1,1,01107,49
159000,2,2,01105,148
190000,1,1,01001,60
100000,1,1,00804,47
135300,3,4,00301,110
190000,2,2,01001,61
527800,3,3,01001,99
172000,2,2,01107,416
25000,1,2,01007,69
68000,3,2,00301,33
77000,2,2,01007,93
190000,2,4,00301,57
110000,1,1,01002,94
193000,2,3,01201,96
78500,0,2,01104,129
170030,3,2,00400,34
23000,2,2,01300,16
97000,1,3,01002,61
72000,1,1,00502,130
61500,2,5,00301,73
94000,1,1,00504,192
179300,2,4,01106,41
64000,1,1,01102,106
53000,1,1,01002,41
103000,2,2,01202,63
119000,0,3,00801,35
76200,2,2,00504,58
180000,2,4,00503,29
126000,3,1,01106,193
35810,2,1,01005,70
85000,1,2,01005,31
873500,3,3,01004,66
145400,2,3,01105,56
151000,3,4,00505,54
26400,1,1,00504,92
30500,1,1,00503,36
43720,4,2,00505,104
90000,1,1,00803,55
52000,4,2,00805,50
40500,2,1,00601,51
154330,2,2,01005,99
135000,3,2,00301,73
34300,0,2,01300,51
65000,3,2,01300,42
129000,2,4,01006,54
275000,2,3,00902,97
64900,2,2,00803,61
21500,2,2,00700,46
125000,2,2,01102,40
160700,2,4,01201,64
123500,2,4,00901,48
91600,2,2,01004,87
50000,2,1,00804,146
160000,2,1,00805,36
160000,2,2,01104,46
253000,2,4,01203,121
172800,2,2,01105,124
95000,2,3,00902,76
227300,2,2,01400,104
324000,4,4,00601,38
120000,3,2,01001,301
132000,4,4,01005,134
71800,2,2,00805,52
22600,1,1,00200,25
120000,1,2,01105,56
182300,1,2,00301,65
160000,2,1,01105,290
16100,1,1,01400,141
72000,2,2,00400,136
131000,3,3,01600,157
75700,0,2,00200,102
1000,1,1,01400,125
120500,3,7,01102,56
91800,3,3,00301,51
9100,1,1,01105,82
10200,1,1,00802,58
50600,1,6,01300,60
37500,1,1,00902,101
102300,4,2,00301,188
20500,2,2,00504,417
329000,4,1,01005,54
150000,1,1,01300,66
52900,4,3,00502,120
72100,3,2,00501,59
116800,2,2,00803,25
40000,2,2,00902,95
35400,1,2,00602,53
180000,3,4,00503,38
398000,2,2,01004,53
288400,1,1,01300,78
70000,1,2,00504,166
238000,3,3,01105,168
39000,2,4,00805,53
122400,6,3,00601,57
71300,2,2,00505,59
63800,1,2,00902,60
82000,2,2,00501,477
35000,2,1,00400,176
39000,2,2,01400,41
98000,2,2,01101,86
124000,2,2,00602,51
466700,2,3,00501,86
138500,2,2,00506,98
94400,1,1,01300,123
150000,1,1,01004,56
119200,3,4,00902,50
36000,3,6,00601,138
38000,1,1,01005,52
72850,2,2,01104,115
350100,2,4,01106,53
300000,2,2,00902,53
152000,2,4,00400,61
93000,4,2,01300,38
86010,5,6,00400,63
100000,1,1,00802,78
44600,2,2,01004,50
116000,3,3,00507,158
66100,1,2,01107,87
92000,2,3,01003,54
130000,2,2,01300,20
27650,3,2,00200,221
912000,1,4,00805,40
80000,1,1,00507,71
163200,2,2,01204,88
72000,3,5,01103,165
66600,2,4,01102,52
255000,2,4,01500,65
18400,2,2,01500,138
100000,4,2,00803,109
20900,0,1,00507,70
91000,2,2,01600,39
35700,2,3,00504,35
153100,2,4,01106,93
205000,2,5,01006,362
149500,1,1,01004,110
34060,1,1,00507,56
113000,1,1,00901,54
27400,2,2,01203,98
92750,4,4,01105,69
80,0,2,00301,60
42500,2,3,01204,67
152000,2,2,00504,105
13800,1,2,01102,180
175000,2,1,01104,41
21400,1,3,01400,152
150000,2,5,01004,47
4700,1,1,01006,68
161820,2,7,01204,118
97200,1,1,01203,56
160000,1,5,01001,49
115200,1,2,00902,152
186500,2,3,00501,58
200600,3,2,00501,58
84000,2,2,00804,50
261830,1,7,00502,119
26600,1,1,00601,88
37600,1,1,00400,84
53000,2,2,00803,230
109300,2,3,00501,64
170000,2,1,00400,170
283710,2,2,01001,10
6100,3,1,01400,113
100000,5,5,00505,37
258500,1,2,01004,70
96000,2,3,00100,33
233000,5,5,01105,297
135500,4,2,01300,115
87500,2,2,01107,63
493000,3,3,00301,68
54900,1,1,01005,64
76000,2,6,01500,69
51000,1,4,00200,107
151000,3,3,01107,69
5000,2,2,01500,149
87900,2,5,01202,244
154100,1,2,00902,161
205800,3,5,00601,99
158500,2,4,00400,87
242500,1,2,00902,49
51000,2,3,00400,76
124000,3,4,00506,90
89500,0,4,01101,215
31600,3,3,00805,62
41600,2,2,01004,63
57600,2,2,01005,214
26000,2,1,01107,205
272290,3,4,01107,40
31000,0,2,01003,156
148300,3,7,00100,80
774800,2,5,00901,89
80400,1,2,01104,45
40000,4,2,00700,96
78000,2,3,01203,44
45500,1,1,01204,76
123900,3,2,00301,58
275000,2,1,01106,41
81400,1,4,01104,113
327600,1,2,01103,66
55300,2,2,01201,73
122000,2,2,01104,37
94800,1,2,01003,404
461150,5,4,01004,55
166700,2,3,01201,43
120800,2,2,01006,56
44000,2,3,00506,186
31000,1,2,00507,105
26600,1,1,00301,48
257000,2,4,01001,53
63300,1,2,01005,41
26800,3,2,00400,45
62000,1,1,00804,189
150000,2,2,00902,109
165000,2,2,00502,143
11000,1,1,01500,111
66200,2,4,01002,129
49430,1,2,00803,95
196600,2,2,01400,92
74500,0,4,00502,42
50000,3,1,01106,38
91000,3,5,01300,66
173000,3,4,01106,57
14000,0,2,00804,264
535500,4,4,00601,92
240,1,1,01103,77
143140,2,2,01003,53
73000,1,2,01003,57
145000,1,2,01005,48
41600,3,2,00100,33
137600,3,2,00504,192
420000,3,3,01006,48
130000,3,3,01300,290
219000,2,4,00301,57
31800,1,1,00505,37
55000,3,1,01005,62
120000,2,2,00700,69
210000,3,3,01102,204
130000,1,1,01105,22
96300,2,5,00803,99
30000,0,1,00803,308
139800,1,1,00503,202
54000,1,2,01202,70
220300,2,3,01500,98
236500,3,3,00501,66
691500,4,3,00601,123
125000,2,2,00504,246
56000,3,2,01107,106
45000,0,1,01004,48
14240,2,1,00302,78
7200,0,1,00507,47
198000,2,2,00503,107
69000,2,2,00200,88
136000,1,2,01201,34
76420,2,2,01202,161
177500,1,2,00901,112
25800,0,3,01002,60
79300,2,3,00502,85
83800,3,2,00601,30
145410,2,2,01103,18
95000,2,1,01105,135
589000,4,4,00301,32
119810,3,4,01105,43
147000,4,4,01600,52
130000,3,2,00400,67
24400,1,1,00804,54
40000,2,1,00501,55
63100,1,1,00507,41
160000,2,4,01002,125
194000,2,2,00302,102
127000,2,2,00805,147
171000,2,3,01001,68
188000,3,5,00505,80
23000,0,1,00802,124
273000,1,5,01106,56
110700,2,2,00502,101
137000,2,2,00301,100
101000,1,1,00803,83
102000,3,4,00802,116
140,1,2,00507,301
14500,2,3,01500,95
38000,1,1,00803,63
81000,4,4,01002,113
253500,4,2,01105,133
282000,0,3,01003,249
23600,1,1,00502,135
201900,3,3,01003,46
628000,2,2,01001,45
122100,1,5,00801,111
87000,2,2,00802,62
62800,4,3,01400,90
79500,2,2,01105,60
136800,2,2,00302,130
205000,3,3,01005,54
164600,0,1,00801,39
102000,3,5,00504,73
100000,1,1,00504,273
184200,2,8,01001,159
70000,2,2,01104,35
13300,1,1,00805,119
2600,1,1,01106,119
394000,2,4,01004,52
279000,3,3,00901,94
54500,2,2,00506,53
290000,2,2,00501,43
67800,0,1,00200,55
82000,2,2,00805,87
70200,4,2,01300,17
15400,1,1,00507,97
887400,2,2,00501,127
130000,1,1,00200,91
139800,2,2,01003,51
167000,3,5,01105,137
38000,1,1,01300,95
30000,2,4,00602,391
27200,4,4,01202,61
139800,2,2,00700,51
162900,3,2,00302,51
23100,3,3,00301,80
47200,3,5,01300,48
134700,1,2,01104,218
535800,3,2,01204,85
110900,3,3,01203,144
132000,3,3,00602,72
170400,2,2,00602,56
49000,1,2,00503,138
90000,2,6,01002,81
382000,2,6,01004,264
85000,1,1,00901,83
80000,1,2,01202,95
120500,2,7,00801,207
150800,2,5,00902,79
126500,2,2,01005,65
66000,1,1,01104,147
123070,2,2,00803,64
15800,0,2,00801,160
131700,4,3,00302,107
139800,2,2,00301,71
61800,3,3,01400,47
125000,2,3,01002,75
9400,0,3,01101,123
93200,1,1,00503,61
599900,3,5,01203,295
199000,2,2,00601,117
135990,2,2,01105,57
60010,1,1,00804,69
138100,3,5,01107,78
88100,0,2,00505,217
122200,3,2,00901,89
188300,3,2,01001,39
330000,2,4,01004,15
47000,1,1,00700,51
130000,1,1,01106,120
166000,3,2,00501,120
439700,2,2,00503,41
89000,0,1,00504,58
225000,2,4,01001,51
67000,1,4,00803,83
62800,2,1,00505,161
59900,2,1,01400,142
207000,3,2,01105,57
30000,1,1,00805,67
75800,0,1,01004,113
22000,1,4,00100,7
73700,3,5,01400,31
194000,1,1,01004,73
83000,1,2,00503,143
64000,1,1,01203,47
150000,2,4,01103,66
60000,2,5,01107,391
78400,3,3,01103,82
62900,1,1,00700,15
118200,1,1,01004,20
66300,1,1,01004,61
106310,4,4,01106,51
141000,2,3,00700,32
48400,0,1,01400,83
92200,2,2,01105,51
1000,1,2,01003,65
39740,1,1,01300,14
19000,1,3,01204,110
59000,2,4,01103,35
204000,0,2,01006,93
121500,2,2,01102,53
572200,2,4,00501,68
72600,1,2,00506,104
17700,0,4,00805,67
90000,2,2,00602,55
4600,2,1,00700,16
56500,3,3,01004,51
19400,2,1,01300,67
112700,1,2,01005,87
105000,2,4,00400,28
208500,5,8,00804,62
154000,4,6,00602,206
189000,2,1,00503,49
249000,2,2,01004,61
168000,2,4,01005,43
49200,2,2,01400,93
140000,2,4,01201,105
134900,0,2,00804,234
189000,2,3,01001,53
147200,2,2,00506,104
63000,2,8,01104,112
428000,1,1,01004,52
40200,1,2,01004,56
103800,2,2,01202,52
185000,2,3,00601,80
255000,2,3,01005,38
235000,3,2,00803,59
85000,2,1,01105,139
55000,1,2,00505,111
72000,2,2,01203,91
664000,2,4,01105,233
8600,1,1,01400,50
15900,2,2,00601,51
145000,1,1,01204,89
202000,4,7,00507,37
49800,2,1,01102,231
83000,2,2,00504,91
185000,2,2,01500,107
40000,2,2,00700,93
600000,2,2,01004,20
32400,1,1,01005,61
195000,2,2,01102,105
80000,2,5,00100,37
205000,5,4,01300,72
194000,2,2,00505,40
49100,1,1,01104,40
209420,2,2,00505,38
82100,2,2,01002,82
75000,2,4,00805,98
88200,1,1,00504,45
68900,2,3,01102,419
45000,1,1,00302,35
65500,3,2,00400,45
35500,1,1,00501,85
143500,3,3,00100,92
40000,1,2,00602,48
26200,1,1,01001,87
66400,1,2,01400,422
163500,3,3,01001,81
49500,2,2,01203,88
180300,4,3,00200,37
72000,2,2,00902,154
177500,2,4,00400,142
60800,1,4,00602,189
55000,1,1,01002,128
70200,2,10,00200,112
29700,1,1,00602,95
168000,4,6,00302,101
45000,3,1,00100,40
75000,2,2,00802,58
63000,1,2,00803,31
119350,4,4,00901,79
53500,1,1,00503,89
61600,2,7,01105,208
778000,2,3,01004,20
81500,2,2,00506,63
210000,2,4,00801,98
46000,4,7,00804,311
7800,1,1,01300,20
264000,2,2,00505,113
1100,1,2,00507,96
70500,1,2,00802,120
223380,2,3,00902,83
92400,1,2,00502,104
293200,2,3,01102,65
67000,1,1,01004,155
84600,2,2,00100,85
42600,1,2,00802,16
73800,3,2,00506,46
60000,2,4,01500,175
90400,2,4,00601,96
173000,1,3,00902,343
98500,2,2,01101,61
301100,2,3,01002,54
40000,0,3,01002,124
123000,2,2,00100,11
178000,2,2,00503,54
70600,3,3,00902,168
89000,2,3,00501,364
40500,3,2,01006,101
56200,2,2,00602,109
170000,2,2,00502,83
40000,2,4,00901,233
175000,2,2,01105,56
56000,4,3,00801,115
105900,1,1,00507,86
64000,2,2,01203,45
265300,2,3,00400,49
40700,0,3,01003,103
110000,1,1,01103,36
87400,1,3,01003,107
60000,1,1,01002,58
61040,3,3,01101,60
117400,2,3,01105,267
132000,2,4,00301,73
53000,0,1,00804,20
56400,3,3,00501,48
217300,3,4,01003,58
360000,2,4,00504,58
54000,3,2,01500,83
92100,3,2,00506,41
18000,1,1,01300,15
56400,3,4,00301,30
114000,2,2,01201,87
111600,2,2,01500,52
55000,1,2,01007,57
188400,2,3,01300,17
184000,5,2,01105,117
251000,3,3,01007,33
72000,2,2,00200,72
71000,1,4,01006,100
21430,0,4,01103,49
83000,1,1,00507,89
111600,2,2,00802,34
189610,2,2,00502,95
78000,3,3,00100,35
123900,2,2,01201,53
48300,2,4,01005,171
62500,5,3,01500,139
68000,1,1,00804,84
260000,2,4,00902,99
12800,2,3,01101,55
14700,0,1,00805,90
84000,1,1,00302,227
230000,2,3,00400,55
51000,2,3,00302,75
116000,3,4,00901,72
105510,2,4,00506,76
27200,0,1,01500,110
150000,3,2,01001,86
101100,1,1,01105,69
53600,0,2,01104,48
146000,3,4,00601,32
47000,1,1,00502,51
110090,2,4,00602,77
139600,3,2,00504,39
23000,1,1,01201,99
14900,1,2,00700,110
130900,2,4,00301,56
101800,2,2,01004,65
110400,2,3,00602,111
205200,4,3,00502,144
55500,2,2,01600,53
50000,1,1,00100,34
70000,2,4,01101,53
125000,3,6,00700,180
210000,4,4,01500,67
204500,3,4,00505,108
102780,3,2,01201,97
1400,1,1,00506,58
72400,1,3,00803,169
79200,3,5,01003,88
74300,2,2,00400,54
70000,2,4,00505,61
170000,2,2,01201,98
159000,2,3,00505,53
11000,0,1,00200,83
591000,3,2,01004,52
75000,4,2,00602,52
579400,3,2,01004,58
8700,2,2,01107,77
105000,1,1,00601,95
65900,2,2,01300,6
53400,0,2,01300,131
86000,3,2,00501,30
93000,1,1,00602,117
127000,2,2,00801,173
210000,3,2,00506,67
55200,2,2,00507,51
47810,1,1,00700,333
72000,1,1,01300,50
46000,1,1,01004,108
181000,2,4,00601,103
182000,3,3,00400,84
104500,3,2,00200,107
13000,2,2,01203,103
61600,1,1,00700,106
280100,2,11,01103,48
42000,2,4,00302,128
58800,2,2,00501,52
77120,3,3,01106,70
41400,1,1,01003,53
104300,3,3,00601,31
236100,4,4,01102,144
104330,2,2,00700,195
92000,1,3,00804,145
164500,3,4,00302,125
762000,3,2,01500,150
8700,1,1,01003,56
4100,1,1,01300,71
23300,0,1,01002,215
51000,1,2,01104,85
17600,3,3,01400,226
139050,2,2,00601,55
55000,2,2,00100,53
140000,3,2,00901,153
268500,2,2,00507,42
145000,2,7,01202,76
181600,2,2,00200,94
116000,2,2,01400,100
100000,1,1,00507,83
31850,0,5,01104,364
138500,3,2,00902,37
30700,1,1,00506,356
40600,0,1,00803,197
104000,1,1,00805,146
2200,3,2,00902,200
32000,2,1,00802,60
54000,2,1,00301,173
64000,1,1,01007,87
67700,2,2,01400,47
101620,2,2,00501,54
26000,1,3,00804,249
166000,2,3,01003,112
445000,2,2,01300,67
123000,2,2,00501,56
40000,1,3,01004,92
51500,1,2,00805,62
22400,1,1,01300,20
27400,2,5,01003,382
110700,2,2,01400,71
7700,1,5,00302,335
204000,2,2,00302,96
40000,1,1,01107,281
68500,2,2,00602,59
166000,2,2,00504,33
235000,2,4,00901,49
53600,1,3,00100,29
46000,1,1,00700,75
131200,4,2,01300,86
182300,6,4,00503,88
65200,1,1,01005,77
147200,2,2,01300,78
6000,1,1,00501,176
205000,3,5,01202,68
175000,3,2,00901,63
130000,2,2,01106,62
200000,2,2,01002,48
145000,1,1,00902,128
13100,1,1,01005,119
127000,3,2,00505,69
275250,2,2,00501,64
119900,2,2,00301,179
89900,3,3,01104,62
75600,2,2,01400,59
84000,2,4,01203,133
19700,0,1,00805,81
12000,1,1,01105,128
44000,1,1,01102,245
35000,1,1,00602,55
41600,1,3,00700,16
87000,1,2,00301,13
88100,2,3,00503,84
240700,2,5,01203,67
261000,2,4,01104,331
113000,1,4,00501,16
109600,1,1,01006,53
110000,1,1,01007,98
44500,1,1,00200,26
45010,1,1,01001,153
105100,3,2,00302,89
124300,1,1,01006,86
90000,1,1,01003,357
136400,2,2,01102,123
140000,2,2,00902,90
43000,1,1,01203,211
33800,2,5,01300,57
121300,1,2,01003,130
116000,1,1,00501,64
350100,2,2,00400,59
207400,2,3,01004,9
39300,1,1,00302,91
161000,3,3,01500,83
70000,2,3,01400,357
260500,1,2,00901,91
118400,1,2,01201,140
110000,1,2,01204,129
172200,2,5,00506,110
154650,3,3,01203,147
64000,1,1,00902,63
232000,3,4,00200,55
37440,3,2,01004,58
46360,1,1,01005,59
105500,1,1,01106,45
14400,2,2,01300,65
85300,2,5,01107,173
38900,4,2,01600,86
42000,0,2,01300,129
114500,2,3,00503,87
200200,2,4,00901,78
10100,1,1,01106,39
105000,1,1,01005,75
44200,4,6,01005,64
196000,3,3,01105,22
101800,1,1,00805,50
76000,3,5,00505,66
84000,2,2,01007,33
225000,2,2,01007,59
5900,0,1,00803,128
135400,2,2,01600,53
25000,1,3,01500,121
97100,0,4,01007,49
290000,2,5,00503,78
330000,3,3,00902,58
128000,2,2,01203,75
53000,2,3,01600,114
34900,0,1,00801,58
133000,3,4,00302,81
280090,2,2,00902,63
65300,2,2,01500,105
45000,1,1,01002,76
33900,2,2,01400,49
181700,4,4,01004,13
2700,3,2,00503,339
75000,2,3,00802,65
83200,4,4,01105,53
99800,2,5,01102,86
1500,1,1,01600,142
50000,1,2,01204,68
300000,2,4,01400,63
115130,1,1,00804,235
129500,4,4,00400,88
39400,1,1,01202,72
5000,1,1,00805,77
189700,2,2,01104,371
88600,0,3,00506,56
120200,3,3,00503,27
74000,2,2,01107,232
19000,1,7,01101,140
35000,2,2,01002,94
92100,3,2,01105,43
195000,3,5,00602,95
700,0,1,00801,56
758000,4,4,01004,35
520,1,1,00507,120
17300,0,1,00700,33
94650,2,2,00700,31
59140,1,1,01107,20
16800,1,2,00400,44
24000,3,3,00802,65
272200,1,1,01204,84
228000,2,2,01600,67
118700,2,2,00400,51
95800,1,2,00505,468
50800,1,1,01102,133
69900,1,3,00502,230
341000,2,2,01006,200
70000,2,1,00805,64
62700,4,3,00504,33
93000,3,3,01103,181
40000,1,4,01103,138
107000,1,1,01001,95
12200,1,1,01300,116
147690,2,4,00902,98
225000,2,2,01201,51
39750,1,2,01103,69
1400,2,1,00803,102
80000,1,1,01202,71
192000,1,1,00503,52
39000,1,1,00503,219
20000,1,1,01102,102
75050,1,2,01003,90
62000,1,1,01204,77
46000,0,1,00802,234
26800,2,2,01400,460
166000,2,4,01600,52
151040,1,1,01004,69
169100,4,2,00700,64
125000,1,1,01006,82
16400,1,2,01001,33
170000,2,3,01204,312
51500,2,1,01005,104
33310,1,1,01400,83
335000,2,3,00503,48
80300,2,5,01103,92
90400,4,8,01001,67
9400,1,1,01202,118
102000,1,1,01103,60
162600,2,2,01600,259
193000,1,4,00901,47
47000,0,1,01103,90
3000,1,2,00400,353
48900,1,2,01106,231
95000,2,2,01004,85
207070,2,3,01003,74
73000,3,2,01600,34
38200,1,1,00902,73
70000,1,1,00902,155
80100,1,1,01500,83
79000,3,2,01201,176
51000,1,2,00503,34
35000,2,4,01500,95
22500,0,1,01003,65
134000,2,2,01005,78
26500,1,5,00700,228
40700,0,4,00506,47
30500,2,4,00100,106
36280,1,2,00505,67
211600,1,3,00302,113
70000,1,2,01103,12
128000,2,1,01203,74
123300,2,2,01102,39
148000,2,1,01600,67
184500,3,4,00301,8
122000,3,5,00301,72
328150,2,3,01004,57
70000,1,1,01201,92
42600,2,2,00100,77
292000,2,3,01005,70
33040,0,2,00200,155
115000,3,5,01300,107
76300,1,2,00805,155
169500,4,5,00200,43
168000,3,4,01003,57
278000,1,2,01103,54
22500,1,2,01101,512
195000,1,2,01005,29
232000,2,2,01300,72
40000,2,1,01202,137
120000,2,5,00902,53
279000,4,2,01106,35
42000,4,4,01500,53
40000,1,1,00802,136
8600,0,1,00804,65
100500,3,2,01300,49
34100,0,1,00501,63
113000,2,2,01600,89
199000,2,4,00400,122
84700,3,4,01203,99
112200,3,2,01201,64
61000,2,2,00804,58
76040,1,2,01105,57
150200,2,6,01300,34
15600,1,2,00801,100
80600,2,3,00502,71
16900,2,2,00504,32
110000,2,4,00301,76
30200,0,3,00804,188
160000,4,2,00601,57
89000,0,1,01300,62
66400,2,2,01201,137
205000,3,3,00901,42
314960,1,2,01300,29
99000,3,6,00902,59
578000,2,1,00501,79
360000,2,3,00804,55
48000,4,2,01103,23
29500,1,1,00502,74
26400,2,2,00100,76
41000,1,2,00804,45
90,1,1,01104,143
175000,2,2,00602,80
201000,3,4,00902,52
331000,1,2,00901,43
317000,2,2,01300,31
200000,1,1,01003,141
200000,1,4,00803,78
139750,1,4,01007,58
72010,2,1,01102,192
175000,2,2,01203,81
125000,3,3,01003,40
142000,3,4,00502,34
627000,3,2,01001,87
90000,2,2,01300,25
70000,1,1,00700,54
295500,2,2,01007,52
152000,2,2,01202,426
74400,4,1,01104,44
122500,3,6,01007,308
303120,5,4,00400,58
3000,3,1,00501,153
48000,1,1,00302,173
2000,0,3,00801,313
88000,1,1,00502,224
168500,2,2,01400,68
59000,1,2,01202,56
103530,3,2,00601,73
77120,1,1,00507,58
78440,1,1,01003,104
140000,2,4,00302,56
44000,4,2,01107,140
15600,0,2,01003,112
263400,2,3,01006,58
99000,2,2,01102,53
49600,2,3,00805,91
245500,2,2,01004,52
46100,1,1,00100,13
76200,3,7,01202,192
34000,1,2,00805,99
129000,4,5,00503,80
240000,2,2,00804,83
45000,1,1,01202,119
124450,2,2,01300,81
174130,2,4,00601,116
504000,3,3,00501,43
42000,1,1,00700,70
123310,1,1,00802,161
97400,2,2,01600,117
97800,1,3,00200,98
194900,2,2,01004,57
88600,0,4,00803,332
86000,2,1,01300,34
9800,1,1,00804,248
41800,3,2,00602,54
425000,4,3,01004,194
200000,2,5,00901,66
143000,3,2,01600,86
9300,1,1,01004,57
423000,3,2,01004,59
145000,1,1,01003,55
120600,2,2,01003,43
30000,3,1,01300,62
100000,1,1,01005,65
50000,1,1,00507,108
89900,1,2,00502,83
104500,3,3,01104,213
335000,2,4,00504,58
69000,2,3,00504,63
105400,1,2,00504,75
150000,3,2,01400,44
123000,4,3,00100,24
150250,2,2,01001,62
160200,2,1,01106,64
129400,1,1,00902,55
4360,0,1,01202,107
102910,3,6,00501,102
214600,2,2,01300,81
90000,1,1,00802,37
120600,2,2,01300,40
41600,1,1,00302,81
248000,3,3,01203,69
90000,2,2,00803,80
210000,1,1,01107,67
294000,2,2,01001,99
78100,2,2,01300,64
90000,2,4,01102,221
14600,1,1,00602,55
195000,2,2,00902,38
89100,3,3,01005,158
75800,1,2,00801,64
15500,1,1,00503,112
224300,2,3,00301,54
98000,2,3,00505,81
72000,2,1,01002,65
122000,2,4,00601,179
188450,2,3,01201,60
34600,2,2,01500,212
117000,1,3,01002,105
120000,1,2,00302,72
56000,2,2,00505,58
29500,3,2,00100,32
40820,1,1,00400,62
58000,1,2,00802,115
68100,0,1,00302,47
48000,1,3,00804,91
148100,2,3,00601,84
50000,1,1,00601,58
250900,1,2,00503,70
65000,1,1,01105,453
95000,1,1,00504,130
85000,1,1,01105,102
84000,1,1,01202,135
79700,2,2,00400,53
42000,2,4,01202,33
90500,1,2,01006,55
9580,1,3,00506,119
52600,1,1,00100,232
31000,1,1,00503,129
75000,2,5,01500,365
155000,2,2,00502,154
64000,1,1,00601,52
31000,1,1,01201,85
120000,1,1,01102,47
53400,1,3,00302,62
281000,5,5,00602,381
125200,3,5,01202,62
16300,1,3,01500,64
330500,3,4,00400,181
143000,2,3,00400,72
165350,2,2,00200,39
54000,2,2,01400,53
168900,4,9,01003,61
21600,3,1,00801,83
5600,1,2,00804,123
180600,4,4,00301,63
95000,1,3,00507,71
167000,2,3,01003,51
65600,1,1,01202,61
49500,1,3,00502,84
271000,4,3,00901,37
164700,3,3,01204,91
33600,1,1,00100,44
99000,2,3,01600,145
65000,1,1,01004,60
6690,0,4,00805,132
151000,3,4,01101,26
220140,2,2,00902,115
117100,2,2,00302,58
56000,2,5,01300,9
160000,1,1,01004,8
89000,2,2,00601,122
20120,1,1,01004,56
78000,1,1,01500,56
73800,1,1,01204,108
175000,2,2,01300,242
116000,1,1,00802,148
144000,2,2,01004,106
49700,1,1,01202,106
198800,3,4,01001,76
114000,1,1,01006,58
59000,2,2,00700,129
149900,4,3,01204,101
82600,2,4,01104,115
132000,2,2,01202,248
68100,4,5,01005,56
310000,1,3,00502,249
98000,2,2,00506,85
19000,1,1,00507,60
172200,2,3,01001,150
218000,2,2,00100,43
63000,1,5,01003,50
110000,1,1,00504,34
70000,1,1,01107,240
127000,2,2,00507,66
134700,2,2,01105,56
100500,3,2,00301,78
113000,2,2,00301,19
119000,3,5,01102,56
70000,1,1,00804,58
35000,0,3,01202,215
90000,1,1,01202,279
195110,5,8,01101,62
75000,1,1,01007,84
9700,0,1,01005,86
67000,2,2,00801,53
227100,3,3,01003,52
60300,2,1,01500,67
80000,2,2,01107,135
388000,2,3,01002,192
52800,2,2,01500,41
81700,1,3,00505,294
135000,0,1,00805,60
80400,1,2,01002,130
45400,1,2,00507,271
300000,1,3,01203,55
200000,3,2,01201,148
62100,2,2,00504,37
35300,1,1,01204,108
82000,3,4,01104,103
18000,2,2,00503,74
156300,2,2,00700,28
110000,2,2,01600,42
356400,2,2,01003,54
159400,3,2,01006,62
141000,2,2,01106,65
9000,1,1,01003,171
84500,2,1,00301,56
267000,2,2,00502,107
257000,3,3,00505,93
96000,2,1,00504,149
53600,3,8,01103,50
26600,1,1,01004,57
165000,2,2,00501,55
115200,2,2,01500,132
61700,2,2,00506,45
281700,3,3,01006,62
152200,3,2,00507,59
45000,1,1,01104,284
104400,3,2,01300,44
130500,3,4,01500,355
264600,2,2,00400,79
38000,2,3,00302,168
172400,1,2,01500,147
110000,1,2,00902,68
64800,2,2,00505,54
260200,2,2,01300,85
63000,2,2,01106,106
61000,2,5,01400,47
163750,3,8,01103,215
170800,2,2,01203,84
331080,3,3,01004,56
149000,2,2,00804,106
134000,2,2,01204,58
12000,1,3,00302,55
49000,1,1,01103,152
96600,2,2,01400,83
217000,3,3,00700,60
51000,2,2,00902,171
95800,2,2,01001,55
185000,2,5,01102,59
29000,1,4,01107,87
22000,1,1,01300,68
266400,2,2,01203,368
100000,1,4,01103,104
161800,4,2,00700,133
124800,1,1,01004,104
44000,0,1,00507,107
55800,2,2,00503,49
66400,2,2,00803,423
318000,2,3,00302,63
145600,3,2,00301,58
120000,1,2,01600,107
119100,2,2,01400,51
200000,1,3,01003,84
40000,1,6,01003,175
54900,1,1,00301,63
120000,2,1,01104,68
465000,3,3,00901,70
9000,3,1,00805,44
316600,4,4,01007,82
218300,2,2,00700,83
206500,1,5,01204,154
180000,3,2,00301,57
166600,3,3,01102,134
157000,2,2,01105,62
8800,0,1,00805,141
150500,1,2,01105,104
305200,2,5,01004,31
171600,1,1,00902,126
240000,1,1,00802,64
154000,6,2,01500,122
246000,2,2,00802,47
90200,2,3,01106,55
48000,1,1,01202,77
18700,0,1,00601,53
73350,2,2,01204,77
28240,3,2,01103,10
68000,2,4,01201,42
114200,0,3,00301,59
296400,1,1,01203,31
89200,2,4,01006,129
91000,2,1,01600,73
5000,2,2,01001,12
190090,2,3,00902,102
196400,2,3,00302,76
24700,1,1,00505,79
280600,3,3,00902,124
15900,1,1,01104,140
37900,1,2,00200,54
127900,1,4,01203,119
679200,3,3,01003,100
35600,1,1,01107,66
62000,1,2,01104,75
141000,2,2,01106,54
95700,2,4,00506,93
156100,5,3,01500,269
130000,2,2,01300,45
225000,2,2,01106,53
372000,2,4,00301,21
44000,2,2,01204,125
61300,3,2,01300,19
270000,2,2,01204,83
123600,2,3,00503,63
378000,2,2,00802,58
148450,4,3,00301,66
1300,2,2,00802,32
50600,3,6,01400,58
337000,1,1,00503,38
350000,2,4,00901,97
59000,2,1,00700,222
164700,2,2,01500,182
31500,2,2,01600,52
92000,2,1,01106,273
28430,3,3,01202,51
127400,3,4,01201,98
98000,1,3,00506,69
315500,3,3,00302,59
70000,1,1,00200,23
24000,1,1,01204,98
115000,5,6,01101,64
122000,3,5,00200,104
21200,3,2,00602,68
56000,1,3,00301,56
137600,2,2,00601,50
65200,1,2,00901,67
93000,2,2,01300,54
64500,2,4,01005,65
130000,2,2,00804,45
87600,2,1,01400,122
93500,2,2,00601,55
191300,2,4,01001,102
58600,1,4,01101,140
140600,3,2,01300,47
44400,1,1,00503,66
178600,4,4,00200,102
99200,3,6,01105,117
168000,2,1,01005,375
371000,3,3,01006,48
158800,3,2,01004,88
65530,2,2,01204,513
73800,3,2,00506,33
72400,2,2,00805,81
17000,3,2,01002,39
657320,2,2,00802,102
472000,3,3,01001,11
85110,2,1,00504,94
119000,1,1,01204,385
108600,1,2,00602,127
81700,1,2,01002,88
60890,1,7,00804,73
165700,2,1,00503,49
6000,1,1,01007,113
586000,1,1,01004,55
55800,3,2,01300,100
116000,2,2,01600,90
121000,2,3,01600,62
57000,1,2,00505,119
120000,1,4,01103,28
147600,1,1,01203,43
26000,1,1,00502,99
316600,2,2,00902,36
190000,2,2,00302,36
70000,1,1,01202,224
42200,2,3,00302,140
23200,1,2,00200,55
190810,1,2,01104,68
51000,1,2,00801,59
285000,2,2,00902,62
282420,3,4,01204,123
409700,2,3,00501,76
143000,2,3,01002,80
319500,2,3,01003,58
363000,3,2,00802,57
47700,1,2,01300,70
34100,1,1,00400,44
88190,3,4,01006,59
70500,1,1,01204,74
71800,1,2,01101,267
68000,1,1,00901,104
254000,3,2,01001,38
87000,1,2,01107,83
269300,2,2,01005,37
635000,3,2,00503,90
34800,1,1,00507,48
170800,4,5,00901,61
66600,4,4,01600,72
49600,1,1,00502,116
128000,2,2,01004,88
39100,2,2,00400,62
112300,1,2,00902,22
185000,2,6,00501,107
40000,0,2,01104,41
52000,1,1,00804,96
102000,1,1,01004,105
71000,1,1,01003,53
182000,5,5,00506,50
55320,3,3,00601,129
97500,1,1,00200,84
115200,5,2,01500,187
88000,1,1,00502,81
80000,1,1,01002,104
83800,2,3,01400,92
244500,4,4,00501,223
156000,1,1,01201,75
63300,1,2,01103,94
270000,3,2,00100,46
221500,2,3,00301,61
120000,1,1,01105,107
10100,0,1,00100,27
75800,2,3,01101,30
130000,1,1,01103,54
40900,1,4,00803,64
17300,1,5,01500,75
2000,0,1,00804,22
58600,3,3,01003,146
410000,3,6,01204,66
90500,2,2,00506,155
47100,0,1,00602,39
125000,3,3,01500,95
176590,2,3,00902,128
118600,2,1,00301,152
197500,2,4,01201,238
160000,2,4,00503,38
100000,2,4,01004,282
83000,2,1,00803,39
119000,1,3,01400,165
154400,3,3,01003,173
136660,5,7,00302,78
47000,1,1,00901,93
704000,2,5,00503,63
65450,1,2,00200,53
210200,2,4,00301,169
1800,0,2,00100,136
75300,2,2,01400,49
57800,4,4,01003,155
96500,2,3,00805,90
86900,2,2,01202,252
151300,4,5,00901,100
117100,2,2,01105,36
86780,3,3,00602,53
41100,0,3,00805,89
70000,2,2,01400,63
109700,1,1,00505,53
66500,2,3,00200,98
16600,1,3,00801,438
301420,3,3,01204,88
3100,1,1,01104,112
185700,4,3,00504,67
95000,1,3,01300,54
138200,2,2,01201,111
81400,2,2,00504,103
38600,2,2,00501,51
30300,2,2,00501,293
11000,1,1,01201,48
135000,2,2,00506,113
158000,2,5,00902,383
95100,1,1,00503,38
312000,3,6,01107,79
69500,1,1,00301,32
125130,1,4,00902,65
28400,0,1,01103,70
123000,2,4,01203,122
29100,0,1,00504,165
75000,1,1,01001,94
149000,2,2,01500,58
25000,2,4,01300,95
291500,2,4,00802,113
42000,1,4,01003,51
35000,1,1,01005,380
26850,1,1,01004,301
75000,4,3,01600,260
82200,1,1,00200,75
52300,2,2,00700,81
38900,1,7,00802,322
472000,2,4,01007,86
220000,1,1,00507,133
22200,1,1,00803,225
72400,2,2,00901,55
335000,1,4,01007,51
120000,2,2,00805,195
228000,3,2,01106,58
223000,3,2,01006,116
21000,2,1,01105,84
56100,2,2,01203,86
203600,3,2,00901,64
1800,1,1,00804,76
95000,2,2,00601,294
250000,3,2,01004,55
45200,2,5,01103,22
49430,2,2,01500,58
195000,1,1,01101,50
236200,3,5,01600,144
216500,1,2,01004,60
103200,1,2,00801,48
151000,3,2,01300,86
85800,2,2,01005,36
6000,1,1,00804,93
80800,2,2,01400,50
210000,2,2,01005,48
152700,3,4,00504,112
137400,3,3,01300,129
20700,0,1,01600,52
199000,2,3,01103,142
152600,5,9,00507,62
21100,1,1,00803,44
122000,2,2,01006,59
60000,1,2,01203,107
183500,2,2,01004,62
95000,3,2,01600,163
242800,2,6,00601,129
5000,0,4,00501,491
127000,2,3,00802,76
157110,2,2,00501,57
39970,4,2,01107,88
107000,2,2,00901,215
171000,3,4,00902,217
54400,2,3,00506,76
50000,3,2,00200,95
688000,1,3,01004,164
31000,2,2,00505,118
80000,5,3,01204,98
108400,2,3,01202,153
181000,2,2,01001,45
89900,1,1,00902,75
263000,2,3,00804,52
92800,1,2,00601,80
59000,2,3,00801,57
74000,1,1,01007,87
292000,3,3,01105,83
12000,0,1,01104,40
61500,4,4,01300,92
964000,2,4,01003,119
130600,5,3,01102,40
23000,2,2,00200,64
71500,2,5,00200,38
115500,2,2,01107,49
91600,4,2,00400,76
170500,2,3,00802,77
126500,2,2,01001,91
80000,2,2,01103,166
104500,1,3,01600,254
374500,4,5,01001,169
142000,2,5,01002,110
165820,2,4,01002,64
161000,2,2,00506,55
146000,1,2,00501,152
54000,2,2,00200,69
110000,2,3,00803,70
90000,3,2,01400,24
143000,2,2,00504,139
58200,1,1,00700,114
65000,1,1,00801,22
523500,6,4,01400,79
140000,2,4,00901,75
53000,1,2,01107,245
3500,1,1,00100,40
14000,1,1,01300,17
29410,1,1,00501,49
105400,3,2,00301,65
112600,0,2,00901,53
76900,1,1,00504,32
122000,1,1,00200,106
25000,2,1,00502,71
233000,4,4,00901,38
100000,4,2,01500,250
69500,2,2,00302,48
153750,3,2,01203,31
34000,4,4,00804,35
190000,2,2,00801,84
44000,1,1,00700,123
101300,1,3,00801,111
105000,1,4,01103,25
578550,2,4,00501,87
878000,2,4,01001,327
9800,1,1,00100,65
305390,2,4,01204,72
57000,0,2,01105,160
411100,2,2,01004,49
25000,1,1,00804,220
80700,3,2,00400,89
33700,3,2,00200,103
75000,1,1,01500,168
38400,1,1,01005,36
65000,4,2,00301,7
39900,1,2,01400,56
137000,4,3,01400,72
31100,1,2,00301,26
1156000,2,5,01203,131
71600,1,1,01300,48
244500,2,2,00501,100
19200,3,4,01101,153
205060,3,2,01600,102
165000,2,2,01202,102
102340,5,5,00200,145
111300,1,2,00902,56
27800,1,1,01600,59
26000,1,3,01400,67
60160,0,2,00805,155
41100,0,2,01107,242
44500,2,2,00602,68
31700,1,1,00803,72
8000,2,5,00506,87
2000,1,1,00802,51
241600,2,2,01106,61
94700,3,9,01105,56
178400,1,1,01203,32
86000,1,1,00503,163
20800,0,1,00301,52
103030,2,3,01203,100
92000,1,3,00901,84
76400,3,3,01201,45
55600,2,2,00506,92
161500,2,2,00601,107
19000,1,1,00804,93
287100,1,10,01006,67
61500,1,1,00507,51
64600,2,2,01300,62
35000,1,1,00804,203
103670,2,3,01003,67
59000,1,1,00302,97
1200,1,1,00504,229
54200,1,2,01004,44
95000,2,3,00507,95
39700,1,1,00901,277
106800,2,2,01203,47
13000,2,1,01102,163
298000,4,3,01105,213
100300,1,3,00700,49
180000,2,3,00100,62
300000,3,2,00901,54
39800,1,3,00700,74
126000,2,2,00803,106
135000,1,1,00804,65
59000,1,1,01201,161
122000,2,1,01102,59
46000,1,1,00700,175
117000,2,2,00901,111
190000,2,3,01001,86
34000,1,4,01002,53
238500,3,3,01204,57
207000,1,1,01004,104
72500,3,2,01300,134
44300,2,3,01107,48
665000,3,5,00400,37
188580,1,2,00802,34
7400,3,4,01106,146
50500,2,2,01102,84
6400,1,3,01004,89
75200,1,1,01203,260
105600,3,4,00302,58
320010,2,4,01001,66
275810,2,3,01003,49
262700,2,4,01203,43
167000,4,7,01005,100
7000,1,1,00503,114
100000,1,1,01104,47
250,1,1,01203,109
128300,3,3,00902,114
123000,2,2,01004,53
100000,3,1,00700,24
120700,0,4,00804,35
120000,2,2,01203,272
3300,1,2,01400,68
51700,2,2,01500,47
35000,1,1,01103,177
9000,3,1,01400,49
116000,1,1,01002,81
114400,1,2,01106,48
125000,2,4,01105,60
77100,2,2,00301,69
163000,1,2,01004,62
15300,0,6,00802,52
24820,3,3,00503,59
114000,1,2,01003,110
200000,2,3,01004,65
784000,2,2,01204,114
170600,2,7,00506,213
25310,1,1,00100,19
61800,1,3,01007,336
8400,1,3,01102,104
31400,0,5,01101,78
130000,4,6,00506,110
117000,2,2,01003,92
1584000,3,4,00301,54
25000,0,1,01204,411
265000,2,4,01202,472
30500,3,2,00100,61
150000,2,7,00503,69
105000,2,4,01003,53
186900,2,2,01003,50
351000,5,3,00507,47
185500,3,8,01106,66
80600,2,2,01400,246
30000,2,1,01004,53
74000,3,2,01107,206
339900,2,2,01201,141
342400,2,5,00802,103
45000,2,3,01001,103
65300,2,2,01104,44
63100,1,2,01104,57
22300,4,2,01300,45
44000,2,2,00504,201
47500,1,2,01003,73
35400,2,2,01002,56
184280,2,3,01201,285
235200,4,3,01204,60
69000,1,6,00507,416
206000,1,2,01002,86
212200,2,2,01007,49
44000,1,1,01102,298
370000,2,2,00805,65
104400,1,4,01103,51
57500,1,2,01300,48
281400,1,1,01005,102
38500,2,5,00507,60
101000,2,2,01106,71
87800,2,2,01001,60
100000,3,3,01001,55
90000,1,3,01104,213
140000,3,3,01107,82
123900,2,2,00200,17
96000,3,3,01202,83
78000,3,2,00400,40
34400,1,2,01104,61
578000,2,2,00901,65
150000,3,3,00803,37
256000,1,2,01104,159
75000,1,1,00602,200
739000,4,5,01004,60
116400,5,7,00502,121
98000,0,1,00503,164
150000,4,3,01203,100
26550,2,2,00200,72
95000,2,2,00602,57
29200,2,2,00506,122
1600,1,1,00602,64
85900,1,2,00501,87
140000,3,3,00601,35
9500,1,1,01400,51
143300,3,3,00200,60
125800,2,2,01006,54
44000,3,1,00301,76
774500,4,2,01204,91
16000,1,1,01300,54
138000,3,2,01104,82
52350,0,1,00400,68
106500,2,2,00902,293
199400,2,3,01101,74
49700,3,2,01006,80
60000,1,1,01500,81
202000,1,1,00504,79
100000,3,1,01106,140
60000,0,3,01105,58
85000,2,2,01105,113
167200,4,5,01103,139
14800,0,3,00805,115
51000,1,2,01104,79
69520,2,4,00804,126
189200,3,2,00400,56
263650,3,5,01500,307
42200,1,2,01107,68
77800,1,2,01103,171
52000,0,1,01102,98
346000,2,2,01006,64
130500,2,4,01003,53
31200,1,1,01005,160
104400,1,1,01003,29
72400,5,3,01600,129
644300,2,2,01006,58
9400,0,1,00801,27
324000,6,4,00400,49
54400,1,3,00200,64
144600,3,5,00503,120
49000,3,4,01102,218
158030,2,2,01001,51
101700,1,1,01202,164
220000,2,2,00804,50
177500,2,2,01400,101
363380,3,2,00501,78
32000,1,1,01101,142
83500,2,5,01103,77
102400,1,6,00804,206
138000,4,4,00507,85
133000,3,3,01600,115
370000,2,2,01203,34
51800,5,5,01002,131
46500,2,2,00100,188
82290,2,3,00302,62
43000,0,1,00400,50
198400,1,3,01006,50
20400,1,1,01103,59
83000,5,4,00507,32
32000,2,3,01400,72
87000,1,1,01104,187
38000,1,1,01203,74
8700,0,1,01400,245
36000,0,1,01007,142
152000,2,2,01003,90
95000,0,1,01007,72
80000,1,1,01500,436
54000,1,2,01005,328
12800,0,2,00506,55
19600,1,1,00506,55
95000,1,1,00302,87
74800,2,2,00700,73
48200,1,3,00805,245
592800,4,4,00504,47
85600,2,4,01004,138
50000,3,1,01400,214
111100,2,3,01600,82
196000,2,2,01204,66
21100,1,1,00504,105
41600,1,1,01400,50
61900,1,1,01203,98
124000,2,4,00505,56
80000,1,1,01101,94
104000,3,4,01107,136
73600,4,2,00301,28
43500,0,1,01104,112
221600,2,2,01102,55
37100,1,1,00601,109
174200,2,3,01003,115
276000,2,2,01300,118
275280,2,4,01500,194
60000,1,1,01204,109
64000,1,6,01102,119
338000,2,5,01201,133
81000,3,4,01400,14
383000,3,3,01105,91
31000,1,4,01500,77
242900,3,2,01400,22
155000,2,3,01101,45
22100,1,1,00602,94
161200,3,2,00505,63
19200,0,4,00802,80
27000,1,1,00902,110
155740,3,3,00400,63
81000,1,1,01105,52
10700,1,1,00502,82
32500,2,2,00301,69
20000,1,2,01300,205
100000,1,1,00902,70
20800,2,1,01400,50
149000,3,3,01106,72
32500,1,1,01103,168
231000,2,2,01105,183
261000,0,4,00700,91
576200,3,3,01202,64
9300,1,1,00400,47
175000,1,1,01201,128
48600,1,1,01300,118
163300,2,2,01004,363
74000,3,4,00301,119
199000,3,4,01203,128
110000,2,4,00100,86
52070,3,3,01004,53
108000,2,2,00804,50
254900,2,3,01004,19
87250,3,4,00507,36
149800,3,2,01105,76
158100,1,4,00301,35
295000,5,4,01201,144
150200,1,4,01004,11
80000,2,2,00805,98
52800,2,2,01201,136
100000,4,3,00200,101
223200,1,2,01004,60
107300,2,2,00501,57
121000,2,2,01007,51
35000,2,3,01400,96
104000,2,1,01600,81
51000,2,2,00802,237
106000,3,2,00100,28
96770,2,2,00505,50
175900,4,3,01104,72
7000,0,3,01101,145
56300,1,1,01101,90
90000,1,1,00802,47
165000,5,4,00601,103
195000,4,4,01204,65
75000,2,1,00503,52
30000,1,1,01003,81
6500,0,1,01202,93
90300,2,6,01006,57
50000,1,1,00901,345
182500,4,5,00302,20
115000,4,4,00301,61
56000,1,1,01105,144
245700,3,6,01500,76
80000,1,2,00507,241
41600,1,3,00504,44
123000,2,2,00805,27
15200,0,2,01101,57
284000,2,2,01002,81
174000,2,2,01105,88
165600,2,2,01003,43
45000,1,1,00801,73
100000,1,2,01203,106
271000,3,3,01002,83
218100,3,3,01203,52
142700,3,2,01001,9
91000,1,2,00802,96
140200,4,3,01105,190
185100,1,2,01003,53
316600,3,3,00301,24
123200,0,1,01007,142
24000,1,1,01300,22
8800,0,1,01600,59
23200,3,2,00100,37
61600,0,1,00802,66
196000,2,3,01004,57
206500,3,2,00602,64
234000,2,2,00400,191
119500,2,2,00601,50
69300,2,2,01005,53
151700,2,2,01203,29
419400,1,2,01003,91
224000,3,2,01001,57
56000,1,1,00801,46
48000,2,4,01201,39
61800,2,2,01204,81
97000,1,1,01001,165
71800,2,2,00805,60
160000,4,4,00506,53
60000,2,4,00302,42
55000,2,2,01204,348
63000,1,4,01201,94
35000,1,3,01004,101
49160,1,1,00802,48
77400,2,1,00505,130
65000,1,1,00200,59
38500,1,1,01400,9
593000,2,5,00400,226
134000,2,2,01004,63
193000,2,2,01400,43
164400,1,1,01201,97
50400,2,1,01106,54
35000,0,1,00802,200
84000,2,2,00700,284
323000,2,2,00901,100
56400,1,1,00505,56
121000,4,5,01105,57
96000,3,2,01106,43
32100,0,1,00504,110
65000,1,2,00804,137
78000,1,1,00505,39
208000,1,2,00802,113
30000,1,3,01105,55
150000,2,1,01106,64
3400,0,1,00502,119
84600,4,4,00503,76
28600,2,2,01500,61
52800,0,1,01004,77
129900,2,2,01105,57
40550,1,1,01204,57
168000,2,2,01201,51
239000,3,5,01600,56
59800,2,4,01400,65
120000,4,3,00100,51
48940,2,2,00602,60
47000,1,1,00802,34
93100,2,2,00801,310
919000,3,2,01004,55
189000,1,1,01106,197
170000,2,2,01105,65
60010,0,1,00302,41
135000,2,2,00301,21
33100,3,2,01400,108
16100,1,1,00802,91
101200,1,1,00902,48
34800,1,1,01201,51
41600,1,1,01400,60
90000,1,1,00400,49
65000,2,2,01002,41
48000,1,1,00200,87
208660,3,4,01204,91
199000,2,2,01204,49
59200,2,2,01004,61
162200,4,3,01204,200
127700,2,4,00602,67
76000,2,2,01006,42
120200,2,4,01001,268
97000,1,1,00805,50
73000,1,1,01003,65
172000,2,2,01105,55
165000,2,5,01204,86
208600,5,5,01106,91
176420,2,3,00902,99
261000,2,2,01600,90
104400,2,2,01105,68
1400,1,1,00602,41
42200,1,1,00602,55
128000,2,2,01106,72
51000,1,1,00503,53
88000,4,5,01300,13
100000,1,1,01003,252
69100,2,1,00601,27
67000,2,2,00602,227
49200,1,2,00501,59
135300,5,6,01102,281
30000,0,1,00802,78
127000,3,3,01600,81
255000,2,8,01001,134
17000,1,4,01300,133
34400,2,4,01300,65
107000,2,4,01500,169
372600,2,4,00803,71
71200,2,3,00506,47
80800,2,7,01203,46
62700,2,3,01005,60
66000,3,1,00700,50
172000,1,1,01006,43
20000,1,1,01107,96
53000,2,3,00302,317
49200,2,2,01103,288
116200,2,3,01104,91
338400,2,2,01004,61
270000,2,2,01203,148
204000,3,2,01102,57
283000,5,7,01106,55
178000,2,3,01006,47
1006000,1,4,01004,46
47000,2,1,00502,276
80400,0,4,01104,45
66160,0,2,01004,68
406000,2,6,00503,51
78000,2,2,01300,123
82700,1,3,00802,48
105500,1,1,01203,97
79500,1,2,01102,39
81000,1,2,01103,110
62600,2,2,00602,631
129000,2,2,01002,117
172900,2,3,01004,59
119200,5,4,00100,76
364000,3,4,00301,37
325200,2,2,00506,184
578000,2,4,00802,35
136300,1,2,01103,25
65200,1,2,00400,69
194680,3,4,01104,65
21000,1,2,00804,44
325500,3,6,00801,42
30600,2,2,00801,119
120000,1,2,00502,121
462000,3,2,01003,69
8400,0,1,01006,108
227800,5,3,01105,69
98100,4,2,00400,63
240000,0,5,01201,49
250000,1,1,00803,95
145050,2,2,01004,17
93800,1,2,01400,64
148200,2,2,01500,73
289300,4,4,00602,154
227000,4,3,00506,64
360300,2,2,00503,68
28800,1,2,00301,175
578000,2,2,01001,57
258800,3,7,01106,53
192400,1,1,01003,46
154000,2,2,00602,62
34200,1,1,00805,222
114300,2,2,00301,32
7400,1,1,01400,26
115500,1,7,01106,58
172000,2,4,00507,116
40600,2,1,00400,43
34000,2,1,01300,81
106000,1,2,00602,62
556000,3,4,01004,57
17300,0,1,00100,16
169920,3,4,00302,54
74700,2,3,00502,318
24000,4,1,00100,102
74300,1,1,00805,74
18000,1,1,01202,156
112700,3,4,01102,73
304400,2,2,00501,84
9800,0,1,00805,48
75000,2,2,00602,125
277300,2,3,00601,37
101000,1,1,01106,47
65000,1,1,00504,76
97900,1,2,01300,44
62500,1,2,01400,47
64000,0,2,01002,280
16020,1,1,01204,66
44000,1,1,01600,124
159200,3,3,00801,58
52200,2,2,01002,100
91000,1,1,01203,75
210000,3,3,00602,64
150000,1,1,00902,67
168200,3,3,00901,66
253600,0,5,01005,60
35000,1,1,00200,114
108400,2,2,01004,101
190000,3,4,01107,112
158000,1,2,01105,51
33200,0,3,00502,84
16200,2,2,00901,54
52700,2,4,00505,118
77600,2,2,01300,9
386000,4,4,01001,97
100000,2,2,00504,107
28100,2,2,00302,31
628000,2,2,01004,145
114200,4,4,00601,81
193100,3,3,01204,107
211000,2,4,01004,91
22000,0,1,00505,121
239400,2,2,01201,137
230000,2,3,00400,140
110600,3,3,01106,170
72000,2,2,00100,11
249000,2,2,00501,78
118800,1,2,00601,64
33000,2,2,00501,32
125200,3,5,01600,38
41000,1,5,00601,189
73000,1,1,01500,72
208000,2,5,01003,46
211000,4,3,01400,70
223800,2,2,01004,42
30000,1,1,01106,64
32900,2,6,01006,171
143300,3,4,01001,29
233000,4,5,01102,118
125000,1,2,01201,169
12000,2,4,00503,39
88000,2,2,01300,17
155000,1,5,01103,242
698600,2,4,01004,54
64000,2,2,01002,85
46350,2,3,01204,89
166010,2,5,01202,93
69000,2,2,00804,200
44900,2,5,00302,32
86030,4,1,00501,58
81900,3,2,01105,50
150000,4,3,01001,59
80000,2,1,00805,94
252500,2,3,00804,84
42000,0,1,01105,15
6700,1,1,01104,36
298000,6,7,00700,22
115000,2,2,01203,50
125300,3,4,01004,48
331900,4,3,01001,86
180030,2,3,00504,43
24000,1,1,01004,153
177300,2,2,01103,21
428000,3,3,01300,28
191000,3,3,00302,69
310000,2,4,01003,59
194000,3,4,01002,116
203000,2,3,00302,59
278000,1,1,01201,30
41000,2,6,00502,93
61000,1,1,00802,50
60800,1,2,00506,39
105000,5,3,01203,235
115100,4,3,00602,189
30000,1,1,00302,109
17000,0,1,01105,185
184000,2,2,01107,65
114400,2,3,00506,77
40700,2,2,00200,30
253200,2,4,01005,78
25000,1,1,01102,97
4020,0,1,01104,77
233500,3,3,00505,58
150000,1,1,01204,72
83000,1,1,00502,207
246000,2,2,00302,28
65000,1,1,01002,104
34000,1,2,00503,38
624150,3,4,01001,108
121000,2,2,00502,50
98300,2,2,00400,74
283100,2,2,00805,77
113000,2,4,01001,43
67000,1,1,00802,78
248000,1,4,00902,70
25000,2,1,00100,78
26700,1,1,01104,63
97500,3,3,01102,86
32280,2,4,00501,119
85000,1,1,01002,214
20800,2,1,01106,46
38100,4,2,00601,28
237500,2,2,00505,105
118150,1,3,01002,27
96000,2,2,00505,91
95000,1,2,01202,73
41200,1,1,00200,52
258600,5,2,01201,196
252000,3,4,01001,79
13000,1,4,01400,99
273000,2,4,01400,103
94900,2,2,01600,81
97000,1,5,00503,47
104100,0,5,00804,43
135500,4,2,00200,91
50000,1,1,01005,104
15000,1,2,00301,87
32000,2,1,01203,205
24000,2,1,01600,119
106000,2,2,00505,45
216000,2,3,00400,46
55600,3,2,00100,57
124000,3,3,00200,29
17900,2,2,01204,59
12100,1,2,00700,86
81000,1,1,01002,47
171000,2,3,00804,49
64000,5,1,00400,237
146800,3,6,01300,60
111000,3,3,00901,218
49000,1,1,01005,93
199600,2,3,01105,79
77200,4,2,00302,89
168010,1,1,00902,108
58250,3,3,00802,64
274000,3,3,00400,61
51100,0,4,01204,150
96000,3,3,00902,140
8000,0,2,01103,61
81900,3,3,00601,62
598000,2,1,00100,93
212000,2,3,01201,133
48400,1,1,01107,30
99000,1,1,01202,170
62200,6,2,01400,51
75000,2,6,00805,226
100000,1,1,01600,135
246000,5,5,00507,40
74200,2,3,01500,242
91200,4,3,01500,101
38500,5,4,01203,48
144000,2,1,01106,328
27000,1,1,01002,60
63000,1,1,01004,60
257000,2,6,01001,135
52500,1,2,01300,47
116600,1,1,00902,109
91000,2,2,01201,96
103600,1,1,00504,204
106400,1,2,00901,224
70000,0,3,01103,88
72000,3,3,00501,57
1400,0,1,00902,98
85000,2,3,01101,113
292000,2,2,01001,178
88000,1,3,01101,178
296000,4,4,01105,61
16000,1,1,00901,106
200000,2,2,00805,147
138600,2,3,01003,29
19404,2,1,00601,243
72800,3,1,01500,66
210000,4,3,01105,60
253000,2,4,01201,63
190020,2,3,01001,10
100000,5,3,01002,167
25000,0,2,00805,239
169800,2,2,00901,66
80000,2,2,00302,38
52500,1,2,01400,116
93400,1,1,01007,107
155800,2,2,00805,193
32500,1,1,00302,45
70100,2,2,01102,57
294000,3,3,00902,112
100000,1,2,00601,38
100000,1,1,01004,58
75000,1,1,00507,80
4700,1,1,01003,72
75000,1,1,00501,60
63000,3,2,01106,56
85000,1,1,01106,100
110400,1,2,00302,95
13500,3,1,00700,476
109070,1,1,01102,76
148000,2,3,01003,63
105000,2,4,01005,72
9000,1,1,00302,110
124000,1,2,01300,27
11900,1,1,01003,69
86000,1,1,01104,230
25500,2,2,00200,44
61400,0,3,00503,34
134000,1,2,01300,68
70300,1,1,01105,59
270000,2,3,01004,11
98600,3,4,00504,224
90000,4,2,00501,96
90000,3,2,01002,63
114800,2,2,01201,52
22500,1,1,01500,58
219000,1,1,00901,91
37600,1,1,01201,65
150000,4,4,00901,93
166200,2,4,00700,96
52200,0,2,00804,15
194000,2,2,01500,73
110600,1,3,00902,62
80000,1,1,00804,51
50000,2,3,01202,73
149300,2,4,01204,56
83000,1,2,00803,54
44000,1,2,00504,338
137000,1,1,01006,101
119200,2,3,01201,33
138000,3,4,01001,31
90000,1,2,01500,184
272200,3,3,01203,104
243000,2,3,01105,186
164000,2,2,01103,15
18000,2,1,00506,20
79900,0,5,00801,58
241500,2,2,01103,58
122930,2,2,01201,52
349400,3,4,00601,87
282000,3,4,01007,51
114200,2,4,01001,64
2000,0,1,00802,218
81200,2,3,01101,157
68100,2,2,00301,81
41600,1,1,00902,94
122050,1,2,01400,76
78300,2,2,00902,63
75000,1,2,01201,110
150000,1,2,01105,55
32000,1,2,00502,362
73000,2,4,00507,106
21600,1,1,01005,111
55000,1,2,01003,69
224500,1,5,00301,37
374600,1,1,00503,43
42000,2,5,00902,64
45000,1,1,01007,99
54000,1,1,00100,9
382000,1,2,00302,129
50000,1,1,01105,51
13400,1,1,00302,57
95200,1,1,01003,129
48800,2,3,00200,58
73000,1,1,00602,65
96000,2,2,01500,122
22000,3,1,01600,72
15300,0,1,01004,53
350000,1,3,00804,218
69000,3,3,01202,34
41500,1,1,00804,251
220700,4,5,00901,125
135000,1,5,00400,90
84460,3,2,00601,99
139300,3,4,00302,38
45100,1,2,00805,66
49000,1,1,00602,67
83000,1,1,00504,57
153700,1,3,00902,113
92000,2,4,00507,43
88400,1,1,00504,70
89400,2,1,00507,92
194000,2,2,01003,86
70000,1,1,01600,41
68000,1,2,01107,116
50000,1,1,00804,253
167000,4,6,01005,62
86900,3,2,01203,159
55000,2,1,00804,186
70000,1,1,01102,223
63000,1,1,00902,106
30000,2,4,01106,37
20200,1,1,01400,209
33700,2,1,01202,62
34800,0,1,01204,109
135000,3,4,01600,45
109000,0,5,01003,180
23200,1,1,01300,44
15700,2,2,00100,7
93000,3,2,00601,92
58200,0,2,01204,104
178000,2,4,00502,97
150000,1,3,00501,77
156700,3,6,01005,33
143000,2,2,00801,58
102000,2,2,01201,67
152050,1,3,01007,63
95000,3,3,01107,128
95910,2,2,00503,129
180000,1,1,01005,55
144800,3,4,00400,48
291900,2,2,00902,107
140000,1,1,00503,121
82000,1,1,01300,32
27200,2,3,01300,43
143000,2,2,01201,163
19900,1,1,00200,97
103700,2,1,00507,39
385000,2,5,00503,92
152000,2,3,00504,130
89000,1,3,00902,67
81000,3,4,01202,281
116000,2,3,00507,72
185050,2,2,01300,108
58500,1,1,00504,103
102500,3,2,00602,156
86300,2,1,01105,45
70000,2,1,00505,80
18000,1,4,01400,211
179000,3,4,00901,90
109100,2,2,00504,48
89000,1,3,01006,68
121000,3,2,01600,96
20500,2,2,01002,145
90700,3,2,01104,34
21000,1,1,01005,61
72600,2,3,00802,75
176500,3,4,01107,192
364000,2,5,01201,193
71000,2,2,00503,133
5700,2,6,01003,34
245000,2,2,01103,51
155000,2,4,00503,56
147670,2,2,00504,31
95000,1,1,00503,109
41000,0,4,00801,69
15000,0,1,00200,53
84000,1,1,01600,79
70000,4,2,00301,68
437900,1,3,01007,52
381850,3,3,01007,51
65500,4,2,01500,88
182000,1,2,01003,99
63000,2,3,01201,103
105000,2,2,00804,54
46000,1,1,00804,51
164000,2,4,01600,260
106000,1,4,00301,129
102000,3,4,00601,133
1800,1,3,01103,97
80000,1,1,01104,52
19200,2,2,01002,61
120400,0,2,01102,96
29100,2,2,00200,195
20000,1,1,01103,170
73500,0,1,01004,96
12900,2,2,01204,197
79700,3,2,01500,175
68250,2,2,01500,160
60020,1,1,00100,41
63000,1,3,01600,180
22500,5,2,00700,177
183000,1,1,00902,137
271300,2,2,01001,96
175000,4,5,01106,261
90000,2,1,00804,48
698600,2,4,01004,62
26500,1,1,00802,54
14000,1,1,00501,100
59000,2,2,01007,100
127700,2,2,00200,32
52000,3,2,01300,13
165000,2,4,01003,49
120000,2,4,01003,130
113200,2,2,01300,119
33700,2,2,00601,84
218000,2,2,00503,74
160000,2,2,01001,57
155400,2,2,01500,65
36000,3,2,01202,397
50900,2,1,00302,60
128800,2,2,00501,79
43000,1,1,01103,86
120000,2,1,01107,158
847100,2,2,01004,13
23000,1,1,01004,104
653250,2,4,01007,65
68400,2,2,00301,104
38000,0,2,00502,117
42250,1,1,00601,84
69000,3,3,01003,48
19600,1,2,00200,21
95000,2,4,00504,48
18230,0,1,00601,139
90000,1,1,00302,82
5000,1,1,01300,72
200000,2,2,00400,62
99700,5,5,01500,288
37900,1,4,01202,168
30000,2,1,01103,120
146400,2,1,00501,86
200500,4,2,00200,241
124600,2,2,01001,62
49000,1,4,00200,57
85600,2,2,00100,32
49500,2,2,00902,96
71100,0,1,01003,109
30200,3,5,00100,44
51000,2,2,00901,56
145000,1,1,01004,106
275000,2,2,01004,128
75600,2,2,00501,105
50000,1,2,00505,25
55810,1,1,00804,134
131200,1,1,01003,66
35000,2,3,00200,20
79000,1,3,01003,233
79600,3,2,00400,49
14600,0,1,00902,45
79600,1,1,01204,63
23100,1,1,01004,42
124000,2,2,01107,78
189000,2,2,01400,68
164400,1,4,01006,51
60000,2,4,00601,27
71000,3,3,01300,50
65800,3,6,01103,44
88000,2,2,01400,89
93000,3,3,00902,115
27600,1,3,01300,71
90500,1,2,00902,64
72200,4,7,00602,150
70900,0,1,01002,87
258500,4,4,01003,85
100190,3,2,01001,50
56800,3,2,00504,179
610500,2,2,00400,98
101000,4,3,00100,96
10610,1,1,00801,163
32000,2,4,01400,63
82600,2,2,01500,146
37600,1,2,01102,68
127200,3,6,01600,70
161600,4,4,00601,37
115400,4,4,01007,52
30300,0,3,01003,177
74000,2,4,01103,104
91200,2,3,00602,56
4500,2,1,01600,185
130200,3,4,01004,268
606000,1,4,00504,38
119000,0,5,00100,11
129400,1,2,00902,100
225000,2,2,00801,111
336520,2,3,01004,101
25800,1,4,01201,132
80000,3,3,01103,46
160500,2,2,00805,42
101500,1,2,00504,50
106000,1,1,01101,102
222000,3,6,01204,113
270000,2,2,00501,241
192810,4,6,01500,100
32000,2,2,01107,50
45700,1,2,00700,51
109100,4,4,00400,18
70000,2,2,00400,112
128600,2,2,01600,53
67400,1,1,01202,58
10000,0,1,00200,119
193800,2,2,00100,57
55000,1,1,00805,36
66400,2,2,00506,71
181400,2,2,00602,53
143200,3,2,01600,401
195000,2,2,01204,57
89000,1,1,01500,102
100000,1,2,01201,78
221400,2,4,00902,37
181000,1,1,01400,291
200000,2,3,00301,68
10300,1,2,00302,60
141900,0,4,00301,102
17900,1,1,00200,108
149700,5,7,00700,49
110000,1,2,00801,65
74000,2,2,00200,47
89000,1,1,00505,127
25000,1,2,00805,275
14700,1,1,01600,72
70000,3,4,01005,163
177350,2,4,00301,73
80280,1,2,01204,58
66400,4,2,01300,32
323000,3,3,01004,57
23000,0,1,00200,46
50010,2,2,01004,60
311000,1,1,01004,118
254000,2,6,01202,341
85000,2,3,00803,87
120000,2,2,01002,63
175200,3,3,01201,79
327000,2,2,00505,60
45000,1,1,00601,53
52000,1,1,00400,62
293400,3,2,00505,61
84200,2,2,00601,42
35000,1,1,00506,187
126000,0,1,01001,85
100000,2,3,01107,129
102900,4,3,00100,26
120000,1,1,01203,75
84400,1,2,01101,164
52400,1,4,00902,385
94200,1,4,01005,205
50000,1,1,00802,156
592000,2,4,01004,58
125800,1,2,01003,58
44500,3,5,00506,49
90000,1,2,00200,130
55500,2,2,01600,72
40000,1,1,00802,179
71000,1,1,01005,122
337000,1,2,01101,23
51800,1,1,00200,57
19000,2,1,00502,95
118800,1,2,01104,62
168000,2,2,01005,51
232100,2,2,00601,100
77400,1,3,00601,32
79000,2,3,01300,183
91800,2,5,01002,82
283000,2,2,01005,50
247200,2,3,00505,108
280300,2,4,00802,207
151000,2,2,01003,75
181000,2,3,01203,44
33100,1,1,00302,107
334400,2,2,01004,19
32000,1,2,01107,66
78000,1,1,00200,145
175000,4,4,00801,141
35100,1,1,01105,65
284200,2,2,01300,46
275100,2,2,01005,60
58500,2,2,01500,71
76000,2,2,01201,89
110000,3,3,01106,63
36700,1,3,00802,164
57600,0,1,01203,58
524650,3,4,00400,59
67300,2,2,00400,40
169600,2,2,00602,58
121000,2,2,00803,117
117190,1,3,00804,53
131000,3,2,00506,101
11400,1,2,01001,124
116000,2,2,00100,52
111500,1,1,00503,52
200000,1,4,01007,47
21000,1,1,00100,15
201800,2,2,01004,59
108250,2,2,01001,70
140000,2,2,00602,100
161000,2,4,01201,59
107880,1,2,00802,52
160000,2,2,01002,70
450000,3,6,01106,29
109000,0,2,01202,133
288700,3,3,01204,49
112000,2,2,00302,361
117000,2,4,00505,51
83200,2,1,01300,12
62000,3,3,00200,21
29700,1,1,00902,91
91800,1,3,00400,217
18400,1,2,00100,30
177000,2,2,01002,68
234900,2,2,00504,53
190000,3,4,00505,226
70700,2,2,00503,86
55900,1,1,01004,52
92000,2,3,00100,28
158320,2,2,01105,70
101880,2,5,00501,41
3200,1,1,01105,89
80000,3,3,01006,51
176500,1,2,00507,188
83000,1,2,00602,403
118940,2,4,00902,101
120000,2,4,00501,221
96500,3,3,00503,108
111200,2,2,00503,138
171000,3,2,00400,145
27700,1,1,00503,85
355000,2,6,00503,151
136000,2,4,01102,223
183000,2,4,00100,51
268000,4,3,01500,39
45010,2,3,00504,120
28000,2,2,00505,100
98900,2,2,01300,48
70000,4,3,00200,61
91500,3,4,00503,52
41500,1,1,00504,67
718500,2,4,01004,51
125900,3,3,01201,232
122600,2,2,00601,53
151590,3,2,00400,55
70680,1,1,01003,140
95000,1,2,00200,61
11700,1,2,01002,156
91000,2,2,01203,95
115200,1,1,01204,60
138200,1,2,01004,55
135000,2,3,01001,63
129800,2,2,00302,87
55920,1,1,01004,62
77000,3,2,00503,26
193000,2,2,01005,47
99700,2,1,00602,52
98100,2,2,00301,101
115000,3,4,01003,78
807000,3,4,01007,45
30000,1,2,01101,47
120000,2,2,00804,102
195000,3,4,01004,72
42000,2,2,01104,71
121200,2,2,01105,71
85100,2,2,00200,84
118500,0,3,01003,133
281900,2,1,01004,202
132500,1,5,01101,23
18000,3,2,01105,61
202600,3,2,01001,41
128600,2,2,00503,46
117420,2,2,00504,59
22610,0,1,00801,69
223500,3,3,00200,122
17200,2,2,00501,55
67030,1,1,00804,64
70000,0,3,00400,95
12000,1,1,01001,89
290000,3,3,01004,10
359500,3,3,01203,243
97200,2,2,01300,22
55000,1,1,00804,106
65000,2,1,01300,74
48000,3,4,00803,91
23000,0,1,00506,47
151000,2,3,00501,272
33400,1,1,01204,90
50900,2,1,01107,71
48900,2,3,00802,95
146600,3,3,00601,39
45000,1,1,00100,36
114400,1,1,00801,80
45000,2,1,00302,68
141000,4,5,01202,157
19000,1,1,00506,52
20000,1,3,00302,182
1600,1,2,01201,114
31600,0,3,00302,479
27800,2,2,00602,86
57500,2,2,01300,85
93000,2,3,00502,162
5600,0,1,00602,105
20000,3,2,01103,54
123350,3,6,01300,41
159000,5,3,00601,49
89000,2,2,01600,81
12600,0,1,01600,39
60000,2,2,00700,63
120000,2,4,01101,67
29750,1,2,01500,50
200000,3,2,01300,75
116500,2,1,01007,78
100000,1,2,00302,160
67000,1,2,01500,109
194000,3,2,01003,50
136600,2,2,01101,73
78000,2,1,01107,94
103400,2,2,00506,56
95600,3,3,00502,133
252000,2,2,00902,56
102500,2,1,00805,77
67500,2,2,00506,146
70000,1,1,01007,75
198200,1,2,00400,44
43500,1,1,00801,109
29000,1,1,00507,33
230350,2,4,00507,128
101600,2,2,01202,290
140400,2,4,00601,42
494500,4,3,01300,61
70000,3,2,00504,62
53850,1,2,01004,56
46400,2,1,00601,58
4750,1,1,00100,27
36500,0,1,00503,53
25000,1,1,01300,37
150000,3,6,01500,99
156700,2,3,01105,79
83300,3,3,01004,57
93800,2,2,00301,71
45000,1,1,00400,12
135500,2,4,01004,119
68600,1,1,01400,46
571600,4,5,00901,63
156000,1,1,01107,51
75000,2,4,01001,71
192000,2,3,00503,96
62030,1,1,01007,133
191200,2,2,00200,56
231350,4,3,01203,71
108500,3,2,00400,102
140700,3,6,00400,55
127000,2,2,01500,86
210000,2,4,01201,53
335000,1,2,01004,105
15000,1,3,00805,178
350000,2,2,00301,104
116920,3,4,01107,62
218000,3,3,00400,52
225000,3,4,01003,49
77150,2,3,00301,58
887200,5,5,01001,54
98170,4,4,01202,76
151000,3,5,01500,94
68000,4,3,01300,30
93700,2,4,01107,59
80000,1,1,01300,50
37500,1,2,01300,32
210000,2,5,00902,112
93900,2,4,01103,14
81300,1,2,01400,7
54200,2,2,01104,140
100000,2,4,01002,46
105300,2,2,00302,121
107000,2,2,01103,276
96500,1,2,00902,66
155800,3,3,01104,78
48300,2,1,00805,87
173800,4,5,01105,65
269450,6,8,01105,86
135000,2,1,01202,73
215000,2,3,00902,59
18000,1,1,00501,101
180100,2,1,00501,44
117000,3,2,01202,63
326800,2,3,00400,63
127000,3,4,00803,26
52000,2,5,01101,121
99250,2,3,00803,57
167000,3,2,00901,109
60000,1,1,01102,81
14400,1,1,01600,317
97000,2,3,00902,63
98400,1,2,01105,262
127000,3,4,01106,94
75000,3,2,01500,255
34020,1,3,00901,229
150860,4,1,00601,109
135000,3,5,01001,62
108800,1,3,01003,130
75290,1,1,01003,81
110000,2,2,01500,166
58400,1,1,01003,62
81000,2,3,01001,57
110000,3,3,01106,50
143200,2,2,01500,107
89200,3,2,00902,173
60000,1,1,01300,61
80000,1,4,01201,88
112000,1,1,00507,92
48300,1,1,01103,59
112000,1,1,01400,59
47400,1,4,00801,57
428000,4,4,00503,50
100000,2,5,00502,136
65000,3,1,01300,89
105500,1,1,01005,62
241000,1,5,01102,39
118800,1,1,01102,81
51400,1,2,00507,200
145200,3,4,00200,16
23000,4,6,00801,127
14600,1,1,01004,63
578000,2,2,00801,216
210000,2,2,00902,55
106310,2,3,00302,92
800,1,1,00801,285
320100,3,3,00501,85
106000,2,2,01300,7
278500,3,4,01003,34
125000,1,1,01204,162
18700,2,5,01204,120
50150,1,1,01105,114
314660,2,5,01001,90
103100,1,1,00200,70
145000,4,2,00601,123
10600,1,1,00901,302
125000,2,2,00804,52
102000,3,3,01400,52
9600,0,1,00200,88
15600,1,2,00200,66
50000,1,1,00801,102
101000,1,2,00802,55
102000,2,2,01004,51
12000,0,1,01004,44
163100,4,9,01005,206
95700,2,2,01202,52
213000,0,2,01003,163
60800,2,3,00302,44
49400,2,2,00700,62
308000,3,2,01500,74
62000,2,2,00301,67
88010,3,2,00200,252
40500,3,5,01105,83
259300,3,2,00400,56
102010,1,1,01103,145
300000,2,2,01003,43
162900,3,3,00400,48
828000,3,2,01004,59
170000,1,3,01001,76
196000,2,6,01103,46
38000,1,2,00805,42
496300,5,5,00200,71
63700,1,1,01001,94
42000,1,2,00400,305
62000,2,2,00400,65
6500,1,1,01105,144
84000,2,6,01101,145
194600,2,3,01204,103
118400,3,2,00400,67
250000,4,2,00901,56
360000,2,4,01003,148
85200,2,2,00301,53
305000,2,3,01001,57
85000,4,5,00803,57
118000,2,3,01500,85
28000,1,1,00200,21
223000,2,2,00503,29
121600,1,2,01202,194
166500,6,4,00601,235
153700,4,4,00200,23
180000,4,2,00700,151
85000,1,2,01300,55
62200,1,2,00602,39
114110,2,4,00601,73
222600,1,2,01105,44
138960,4,7,00200,288
15600,1,2,00802,35
36000,1,1,01107,60
239000,2,2,01004,57
239000,1,2,00302,125
81800,2,2,00901,84
90000,2,1,01002,32
54500,1,1,01400,43
156200,2,2,01105,39
302700,6,4,00501,89
85000,2,4,00400,61
300100,2,4,01004,30
40000,2,2,01400,91
15500,1,2,01001,198
50200,2,1,01400,142
85000,2,2,01105,55
56300,1,1,00502,123
10000,0,1,01202,151
758000,2,2,00901,116
192100,2,2,01006,59
140000,2,6,01101,27
100000,2,2,00504,63
317050,3,3,01003,54
649600,3,2,00400,51
90130,1,4,01102,76
64000,2,2,01203,89
168000,2,2,00601,53
52500,3,2,01105,65
183900,2,2,01400,15
35000,2,6,00200,229
181000,4,4,00301,29
119300,3,2,01106,106
182900,1,2,01004,57
65100,1,1,01102,60
216000,2,6,00700,135
205000,2,4,01500,57
117000,2,2,01202,61
44700,1,1,00801,73
142180,2,4,00901,53
247000,2,3,01001,47
402400,2,2,00802,35
42000,2,1,01007,201
49100,1,1,00901,65
10,2,1,00301,52
69000,2,3,00601,237
3900,1,1,01106,57
118910,4,5,00301,102
72000,3,2,00503,80
469000,2,2,01204,54
298800,2,2,00601,35
110500,4,2,00602,137
21700,1,1,01400,244
53500,1,1,00400,93
131100,2,2,01102,73
216300,3,5,00601,95
107000,2,4,01500,103
133000,2,3,00901,66
6600,2,6,00302,159
83800,1,2,01400,207
129600,2,3,01004,106
205700,2,2,01001,57
205000,2,4,01003,50
265000,2,5,00505,110
80100,1,2,00501,61
140000,2,2,00507,72
146600,5,3,01201,86
43200,1,1,01007,148
184300,3,3,00301,59
54000,1,2,00200,219
318000,2,4,01007,32
310000,3,2,01203,42
115000,1,2,00601,72
153000,2,1,01105,124
24650,0,1,00803,320
144000,4,3,01005,43
35000,0,1,00507,36
157000,2,4,01201,355
73000,1,2,00803,197
47300,1,1,01104,91
149000,3,3,00504,78
44200,1,2,00902,83
250000,1,1,00805,57
141000,2,3,00901,105
160600,3,3,01500,45
53600,1,1,01202,54
60550,2,2,00503,65
92900,2,2,00902,117
82700,2,4,01002,54
75000,1,3,01105,62
87000,2,2,00504,59
30700,2,4,01600,111
163000,3,3,01300,49
9600,0,1,00801,68
42000,0,2,00801,66
167600,2,4,01102,138
46000,1,1,00503,233
86700,2,2,01003,79
240160,2,2,00902,142
101100,2,2,00501,95
120000,1,1,01007,32
100000,2,1,00400,66
20000,1,1,00801,31
99370,2,2,01400,62
20800,3,2,00601,50
157400,1,1,01204,97
80000,0,1,01007,91
28000,2,1,00505,99
53000,2,2,00301,47
95800,2,1,01004,59
136000,2,5,01201,63
391000,4,4,00901,141
25000,1,1,01400,49
70160,3,3,01001,40
140000,2,6,00502,94
85800,1,1,00504,39
134270,3,4,01600,79
240400,2,1,01001,66
423000,1,2,00802,30
59000,1,2,00503,70
42600,1,1,01105,51
90000,2,1,00505,72
209100,2,2,00902,38
60000,1,1,01107,672
75000,1,1,00801,63
240200,5,5,00902,136
120000,4,4,00602,219
29900,1,2,01003,74
5300,1,5,00302,126
50000,2,3,00506,104
2870,1,1,01102,97
32500,1,1,00503,150
23000,1,3,01002,242
164100,3,2,01204,119
127800,2,3,00200,93
70000,2,2,00503,44
162500,2,2,01300,60
346000,2,4,00805,67
23600,0,1,01400,49
335500,4,4,01006,52
78500,2,2,00902,95
12000,1,1,01003,53
55500,1,1,01106,54
24000,0,1,01107,185
41200,0,1,01300,12
460700,2,3,01007,51
52500,1,2,01007,50
5000,1,1,00506,309
107500,2,2,01007,134
100000,2,2,01106,139
102200,3,2,00902,110
68000,1,1,01105,161
80000,2,5,01004,205
180500,2,5,00301,22
238100,2,4,01203,99
167000,2,1,01004,59
235900,2,3,01007,82
50000,1,1,00805,220
70900,2,4,00301,58
83000,1,1,01102,168
63300,1,1,01101,32
175500,3,3,00502,222
178000,2,2,01001,59
84100,2,2,01204,118
290000,2,3,01300,49
300800,2,4,01003,48
63700,1,2,00503,89
318700,3,3,00902,59
151000,5,7,00902,211
90000,1,1,01500,119
66000,2,3,00802,342
40000,2,3,01201,171
80600,1,5,00503,80
97200,2,2,01203,30
177510,5,3,01500,115
77000,1,1,00805,289
47000,0,1,01003,105
67000,1,1,01105,72
43000,2,4,01002,187
164010,1,4,01007,56
149000,2,6,00902,325
124200,2,2,00902,28
614100,2,2,01004,65
291000,3,2,00503,63
236600,2,4,01004,86
84000,1,1,00301,6
8400,0,2,01002,69
30600,2,1,00801,76
319600,1,2,01004,68
2430,1,1,01003,100
203000,2,5,01001,59
49840,0,2,00505,316
96100,3,3,01002,62
79900,2,3,00506,36
186900,2,2,01203,57
108400,2,2,00507,82
204700,2,2,01003,50
135000,2,4,00501,70
113010,2,2,00301,90
157000,3,4,00802,66
74000,2,8,01300,11
56000,1,1,01004,71
96970,2,2,00601,92
67500,1,1,01004,94
83000,1,1,00200,73
544000,3,4,01203,100
245000,3,5,01203,45
289000,2,2,01006,61
56000,1,1,00602,63
146600,2,3,01001,128
246000,3,3,01203,140
22200,1,1,00506,122
110000,1,3,01104,44
14400,1,1,00506,54
89000,1,2,01203,277
35000,1,1,00507,225
156200,3,3,00302,74
495300,4,8,01400,346
34800,1,1,00302,44
156000,4,4,01001,158
75000,6,2,00503,76
355000,2,2,01003,169
172400,2,5,01106,74
88000,1,1,01400,72
210600,2,2,00503,102
36400,1,2,00200,179
23790,1,2,00506,57
174000,2,2,00901,61
70000,2,2,00601,36
105400,2,3,01102,52
264900,3,4,00501,79
50600,1,1,01004,55
35200,1,1,00503,125
168000,2,2,01105,69
191000,4,6,01103,55
728000,3,4,00400,141
100030,1,2,00302,28
103000,2,2,01001,57
166830,4,3,00100,6
54000,3,7,01003,267
100000,1,1,00902,61
82000,2,2,00503,93
201020,6,3,00200,18
41600,1,1,01005,66
23000,2,2,01007,57
29100,1,1,00200,92
46000,0,1,01007,92
117000,2,3,01103,23
130100,3,2,01107,76
126500,2,2,01101,25
290000,4,3,00400,49
100000,1,2,01103,21
70000,1,1,00302,157
191000,3,3,01007,101
19000,2,5,01300,53
101600,1,3,00505,76
92000,0,4,01002,103
98000,2,4,01002,45
106200,1,3,01002,88
99800,2,2,01500,89
130000,3,2,00302,58
130940,2,3,01107,56
266600,4,3,01105,77
52400,1,2,00200,85
22200,0,1,01107,51
240000,2,2,01101,46
133000,3,4,01204,54
91800,1,1,01400,22
31000,1,1,00506,266
160000,4,6,00601,53
29000,1,3,01104,144
107200,2,6,01006,214
21800,0,1,01400,75
38800,1,1,01300,10
81000,1,1,01600,191
38000,2,2,00602,53
197000,3,3,01105,85
150000,3,3,01201,20
106800,1,1,00602,76
37800,1,1,00507,46
53000,1,2,00506,37
686000,3,6,01004,44
62000,1,1,01106,53
297100,3,2,00501,97
8400,0,1,00505,168
72600,1,1,01204,91
197800,2,3,00700,107
147400,2,3,01300,108
20900,3,2,00700,47
42000,2,2,00506,106
50500,0,1,01002,37
43200,3,2,00902,70
12000,2,5,00602,93
193000,2,7,01106,85
15400,3,4,00901,110
49900,1,1,00506,79
90000,1,1,00502,128
6100,1,1,01001,66
102200,2,2,01204,50
41600,1,1,01103,55
36040,1,2,00503,39
100000,1,4,01004,65
196600,2,3,01004,115
45700,0,1,00400,63
127000,3,4,00100,81
130900,3,2,01300,35
80000,2,1,01201,158
51600,1,1,00700,13
56600,2,2,01103,39
114800,1,6,00803,138
352800,3,2,01005,45
622100,1,2,01004,50
52100,2,3,01600,54
36620,1,1,01103,59
115400,3,4,01103,43
16700,2,3,01300,222
700,2,1,01203,184
146000,3,4,01102,53
135000,2,4,00901,69
864000,4,3,01204,218
204800,5,4,01202,56
10550,1,1,01104,177
150000,2,2,00504,59
111000,1,1,01103,46
136000,1,1,01600,142
578000,1,3,01204,108
123300,1,1,01300,64
59600,1,1,01204,103
120000,1,4,01007,409
139700,2,3,00504,64
357000,6,10,01105,47
198100,4,4,01600,189
78000,2,3,01600,171
77000,1,2,01005,164
72300,2,2,01102,87
166000,3,7,01105,39
292000,3,3,00301,63
107000,1,5,01102,178
40500,2,1,00505,97
3400,1,1,00503,32
145800,2,4,01003,47
253000,2,4,01001,38
54900,1,2,00506,51
135000,1,1,00301,36
355000,3,5,01106,124
34000,1,1,01300,282
123400,1,1,01600,63
101000,2,3,01201,192
125000,1,1,01006,78
15900,1,1,01001,50
65000,2,1,00302,132
106200,2,3,00200,91
101600,2,2,01400,105
47500,2,3,01500,87
164000,3,3,01201,756
70000,1,2,00302,134
200000,2,4,00902,102
35000,3,2,01001,53
185100,4,3,00505,59
71500,5,4,00301,68
45000,1,1,01104,283
218000,1,1,00400,38
81100,2,3,01300,51
21000,0,1,00803,109
113000,2,2,01101,53
115000,3,5,01600,126
41200,3,4,01500,73
20100,0,1,00805,227
80000,1,1,00804,14
140000,4,5,00502,232
208000,4,3,00400,46
166000,2,5,01001,87
155000,2,2,00503,152
49000,1,1,01005,100
220000,4,4,01002,105
132000,2,1,01300,34
37700,1,1,00507,75
175000,1,1,00802,127
11110,0,3,00301,34
123000,2,5,00901,53
14000,1,1,01105,39
49000,1,1,00601,155
17600,1,2,01101,22
75000,1,2,01203,60
50000,1,2,00804,85
743000,1,2,00301,51
181000,4,2,01105,105
105000,3,2,00601,104
130000,2,2,01105,67
21000,1,1,01103,50
98000,2,2,01203,100
88580,2,5,01600,41
177600,3,3,00503,106
35000,1,3,01201,133
587600,3,2,00901,70
12900,0,1,00805,114
42000,1,1,00100,33
152300,2,2,01007,45
75000,1,1,01400,32
5300,2,2,00302,88
29600,1,1,00504,33
180000,1,3,01006,209
63000,2,6,01106,239
47000,1,1,01004,53
118530,3,6,01202,183
98900,3,6,01201,313
31000,0,1,01102,213
102200,2,4,01003,46
79800,1,2,00301,106
235000,2,4,00503,66
20600,2,2,01204,59
31000,1,1,01004,66
490000,2,4,01004,13
175000,2,4,01001,72
400000,2,2,00301,59
46300,2,2,00902,86
45100,2,2,01201,51
90000,1,1,00301,71
145200,1,1,01203,72
71300,1,2,01204,91
48000,0,1,00802,340
745000,4,5,00507,65
181700,3,3,00301,5
207000,2,2,00503,93
74100,2,2,01300,90
146100,2,2,01002,523
362000,3,4,00503,50
238000,2,3,01204,66
125450,1,1,00301,62
48160,1,1,00503,60
51700,1,2,00802,34
90000,2,2,01006,56
461000,3,2,01203,82
24400,1,2,00400,196
80450,1,5,01104,71
90200,3,3,00301,99
16400,2,1,00801,80
150000,3,6,01003,100
16200,0,1,00505,62
250000,2,2,01001,51
28900,1,2,01007,72
23800,1,3,00801,119
142000,3,5,00601,108
40450,0,2,01103,63
59260,2,2,01104,99
221200,2,3,01007,60
98900,3,2,01104,105
201290,2,5,01103,36
69800,0,3,01103,137
41000,1,1,01300,42
65000,0,1,01204,51
100000,2,4,00301,60
145660,2,7,01007,53
123000,2,2,00504,64
51000,0,3,01107,64
140200,2,2,01005,32
39500,2,2,01003,60
243140,2,2,00902,239
97700,2,2,01300,10
42560,1,1,00601,63
140,1,1,01004,56
122020,2,2,01005,52
180000,2,4,01201,119
130000,1,3,00801,75
324000,4,2,01105,269
60600,2,1,01107,102
165000,2,4,00200,125
71400,3,5,01106,228
138000,2,2,01600,71
93100,2,2,00507,122
79600,2,3,01500,123
135700,1,1,01005,62
86000,2,2,00400,83
18700,1,1,01400,52
56000,1,1,00501,33
109600,4,3,01203,93
24200,2,2,00100,49
30000,1,1,01500,108
99000,4,4,00503,50
147000,1,1,00502,65
78000,2,4,00200,97
35000,2,2,00502,236
111000,1,1,01002,57
25000,1,1,00805,80
95000,1,3,01104,21
133100,2,2,00803,31
129000,2,3,00602,72
79210,1,1,01003,83
40400,2,3,01006,48
136000,2,2,01203,335
28150,1,1,01500,90
98100,5,7,01106,110
28000,1,1,00802,109
133300,1,1,01105,181
355000,2,3,01103,74
38300,2,8,00805,85
152000,2,2,00700,52
53000,2,1,00100,48
35000,2,1,00301,35
126000,3,2,00803,53
126000,2,2,01201,700
54000,1,2,00503,45
117000,2,4,00601,74
133000,2,4,00601,56
21210,2,2,00100,54
108510,3,6,01005,30
17000,1,1,01300,24
151000,1,3,00901,96
92500,3,4,01002,40
117000,2,4,01600,131
41600,1,1,00802,44
230000,2,2,00302,54
260000,2,4,00505,123
163200,3,5,00301,64
137000,2,5,00505,76
6610,1,1,01203,55
136000,3,3,01202,64
112800,1,2,01104,145
113000,2,2,00503,77
61800,1,2,00301,141
48800,1,1,00501,53
44000,2,6,01007,115
6000,3,2,00503,57
101000,3,2,00100,66
38100,1,1,01600,64
124000,2,2,00901,234
670200,2,2,00901,54
255000,4,3,01300,87
8000,0,1,01101,158
36000,1,1,00902,74
178900,4,3,01500,29
290000,2,4,01004,42
80000,2,3,01106,69
235000,3,2,01203,50
31800,1,1,00100,41
185000,2,2,01001,79
1100,1,1,00504,65
84000,2,2,00700,50
451570,2,5,01001,32
178800,3,3,01001,60
4000,0,1,01107,90
100000,4,2,01400,51
335000,2,4,01105,74
212300,6,5,00301,76
61000,2,3,00700,280
18400,1,1,01300,15
126000,4,6,01106,170
11420,0,2,01005,79
88800,2,2,01400,24
63000,2,1,00400,51
1000,0,1,00805,49
25200,1,1,01500,118
205000,3,2,00601,82
209500,4,3,01106,49
42300,1,1,00200,22
41800,1,1,00805,286
110000,1,2,01003,37
300000,1,2,01001,67
68000,2,5,01005,208
213000,2,2,00301,77
161100,2,2,01600,88
276000,3,2,00301,72
86500,1,1,01101,51
361620,6,5,00803,83
44000,2,3,01400,204
282300,2,2,00503,51
7700,0,2,00801,124
461000,4,4,01204,89
108400,2,2,01004,51
42800,3,2,00805,201
123400,3,2,01400,49
70760,1,1,00504,78
125500,1,2,00902,98
227000,4,2,00501,64
120000,3,4,01300,123
116100,2,3,00400,216
104000,2,4,01104,23
117300,3,5,00400,70
16000,1,1,00200,301
250000,2,2,00805,42
61000,1,1,01203,67
26000,1,3,01001,33
48770,1,2,01001,94
152100,1,1,00902,60
110000,3,4,01500,55
37400,3,3,00503,103
385000,2,4,00901,116
155600,2,3,01105,151
99500,2,2,00501,94
170800,1,2,00804,40
130320,2,4,01204,109
50000,1,1,00501,60
4000,0,3,00502,177
306800,2,5,01106,52
24800,0,1,00805,56
85000,2,3,00803,210
23400,1,1,00804,62
107300,1,2,00200,45
122000,2,4,00601,60
50000,1,2,01201,104
60000,1,1,01002,60
200000,1,1,00507,333
308800,3,4,00503,74
87100,3,4,01003,69
38000,1,1,00506,354
46600,2,2,00400,67
108100,3,4,01102,103
220000,2,4,01104,123
61700,1,1,00802,46
91730,1,2,01201,109
108120,1,1,00804,37
105900,2,3,00902,50
178000,3,4,01002,130
227000,2,2,00700,388
255000,2,2,01007,161
18500,2,2,01400,66
22900,1,1,01004,118
98300,2,2,00602,58
184500,1,1,00501,50
74600,1,1,01204,106
45900,2,2,01204,49
13340,3,2,00601,147
53500,2,1,01104,70
619800,3,2,01106,62
160500,3,2,01300,58
190000,2,4,01004,13
37000,1,1,00700,14
60000,2,2,01002,220
109000,2,2,00801,100
250000,3,2,00601,33
120000,0,1,00400,53
213600,3,3,01003,93
48600,3,2,01500,77
274000,2,4,00901,57
48000,2,1,01004,57
68600,2,5,01107,87
140800,3,2,00601,85
108280,1,2,00805,48
64700,1,1,01103,30
176000,3,4,01105,25
710330,2,4,00302,229
29000,3,2,01300,65
74200,2,3,01203,84
102600,2,2,00501,51
371800,3,2,01204,66
334900,2,4,01202,104
35000,1,1,01400,50
70800,2,3,00501,58
13600,1,1,01400,104
51600,2,3,00506,105
58040,0,1,01104,65
45700,2,2,01105,254
19000,0,1,00100,37
172150,1,2,01003,58
246800,1,5,00501,90
14700,1,1,00100,36
13500,1,1,00504,54
62800,2,2,01300,40
141000,1,1,00302,43
110000,2,2,01007,78
114000,4,4,01101,40
14400,0,1,00801,197
3200,1,1,00902,101
54000,5,2,01400,17
82000,3,2,01300,25
70000,0,1,00802,21
5000,0,2,00801,105
110500,2,3,01006,57
75000,2,3,00501,55
130000,1,1,01102,71
157000,2,3,01600,44
329700,2,2,00504,47
33800,1,1,00400,63
95000,1,4,01003,74
24600,1,5,00507,314
40000,2,2,00400,78
11780,1,4,01006,151
60000,2,1,01106,63
82450,1,2,01005,46
203450,2,2,00902,58
83600,2,4,00505,84
89000,1,1,01005,264
243000,3,4,01600,120
129000,2,6,01005,102
19180,1,3,01107,74
220500,1,2,00400,43
109110,2,5,00400,65
43000,1,3,01003,138
28000,2,4,00100,22
55000,1,2,01201,36
573000,2,3,01004,65
103950,3,2,00301,53
614000,1,1,01203,81
158000,1,1,00400,50
78000,1,2,00700,12
87000,2,2,01300,147
41200,1,1,00100,10
33500,1,2,00805,209
68000,1,4,00502,540
89000,1,1,00400,288
62100,1,1,00901,81
91300,2,2,01300,166
35400,2,3,01106,58
271050,2,3,00506,34
260000,2,2,01203,104
172600,2,2,01500,139
74600,2,5,00100,34
180000,2,2,00501,51
384000,3,3,01004,186
146100,2,5,01101,103
97000,2,4,00902,149
93300,2,2,00100,31
8100,1,3,00805,147
241200,6,7,01101,181
179000,6,3,00503,73
144000,2,2,00400,186
153500,2,2,01105,89
100,1,1,01004,105
21700,2,4,01300,62
42200,2,4,01300,104
45000,2,2,01203,52
217270,1,3,01007,38
162500,4,4,01005,46
46600,3,3,00801,163
201000,1,2,00501,62
195200,2,4,00501,110
15000,0,1,01300,83
208900,3,3,01001,172
27900,1,1,00505,98
66700,1,3,00602,257
80000,3,4,00501,94
92000,1,1,00804,112
92000,2,4,01300,152
161000,1,3,01003,58
105800,1,7,00506,32
143000,1,2,01001,49
27000,1,1,00507,51
82700,1,2,01006,129
139300,2,2,00503,64
67000,1,4,01201,75
114900,3,2,01004,73
113500,2,3,00501,63
43750,2,5,00700,98
148600,1,1,01004,98
66300,1,3,00602,103
23200,1,1,00504,119
52800,2,2,00505,59
75000,2,1,00400,63
66500,1,4,01600,136
455900,0,3,00802,38
661100,2,2,01002,91
18220,1,1,00505,76
98000,3,4,00507,80
47230,2,2,01204,105
46200,1,1,01400,50
41400,4,2,00301,50
250650,2,2,01300,63
70000,3,2,01600,53
643000,2,2,01204,118
200800,3,3,01004,95
122200,2,2,01204,91
169000,1,5,00805,73
83300,1,1,01202,57
2350,1,1,00601,265
245000,6,6,01005,71
110000,2,2,01102,113
104100,2,2,00507,83
40000,2,2,00700,233
401000,2,2,01004,58
42700,1,3,00700,268
96250,2,2,01102,74
17000,0,1,01003,220
66200,4,2,01102,71
20000,1,2,00504,645
199000,2,3,01004,22
87000,4,5,00400,65
7400,0,1,00804,63
137800,1,1,01107,126
96580,2,2,00902,70
55000,1,1,00301,53
122300,3,2,00301,40
78000,2,2,00804,47
59800,2,4,00902,66
57200,0,2,00400,58
673500,3,4,00801,63
143400,2,4,01400,47
121000,2,4,00100,106
869000,4,4,01004,53
115000,2,1,01107,347
44700,2,2,01201,84
118020,2,3,00601,123
20000,1,2,00805,61
38000,1,1,01103,97
102900,3,3,01201,403
27000,1,1,01500,92
90000,2,2,00506,67
128000,2,3,01003,43
24000,2,3,01500,90
23300,0,1,01007,332
65010,1,1,01003,44
150000,2,5,01005,59
65100,2,2,00505,59
136400,0,5,00802,45
40800,1,2,00503,84
65000,2,2,00805,72
61000,2,1,01500,104
68000,1,2,00507,28
117000,2,4,01003,191
9600,1,3,01103,88
63000,1,1,00801,37
237580,2,3,01003,77
165000,2,4,00301,74
150000,1,4,01001,42
50000,1,1,00901,635
41700,1,1,00502,219
263000,2,3,01005,204
36400,1,2,00505,55
185000,2,4,01201,252
68100,1,1,01500,123
77200,1,1,01102,77
139600,2,2,00200,53
153200,5,3,01600,54
30100,0,3,01104,38
225000,2,2,00901,63
209000,3,10,00902,119
59630,1,2,01106,49
218250,3,4,01005,38
65000,2,2,00302,92
215000,3,2,00505,82
81000,1,1,00100,68
350000,3,4,00501,64
101100,1,2,00507,93
190000,2,4,01004,51
8300,2,2,01106,120
172000,3,2,01203,49
180000,4,5,01204,119
162000,3,4,00400,119
173100,2,2,00901,129
41200,1,1,00601,62
246000,6,5,01300,37
160000,2,2,00302,63
106900,1,1,01201,108
86000,2,1,01105,99
30000,1,1,00700,355
197430,3,2,01001,89
127300,2,2,00901,57
56400,1,1,01005,119
156300,2,2,01002,85
39800,1,1,00503,191
44200,1,1,00802,25
261000,2,4,01300,63
155000,4,2,00400,51
208300,3,2,00601,53
7300,1,1,01400,91
126400,3,7,00200,135
52700,2,4,01201,58
75000,1,2,00503,43
758000,4,2,00501,66
182120,3,4,01005,48
1500,1,4,01104,146
273600,3,2,00301,39
80800,2,2,01005,90
145000,1,4,01300,130
180300,3,3,01101,94
590600,2,2,00504,50
57600,4,2,00700,12
124000,3,4,00100,38
366200,5,7,01007,64
47000,1,2,00803,394
145000,2,3,00507,139
100000,2,3,00700,45
90700,2,3,01106,16
195000,2,5,01106,166
120000,3,2,00100,13
340600,2,4,01103,54
76400,4,5,01102,221
138000,2,2,01300,53
385700,2,5,00200,118
89000,2,2,00902,90
9800,1,1,00503,52
106000,2,2,00200,48
120500,1,1,01004,15
10000,1,1,00100,52
24900,1,2,01203,66
59400,1,2,01001,164
46000,0,1,00801,266
65000,3,5,00301,68
61000,1,2,01300,55
250000,2,4,00507,69
145000,3,3,00805,42
484200,2,4,00901,269
106000,2,2,01400,50
43800,2,2,00200,59
66000,2,1,01203,61
105000,2,2,01203,125
18900,1,1,00200,229
35400,2,2,00100,125
258150,2,2,00901,66
313000,2,2,01300,43
212900,4,4,00601,34
3600,1,3,00805,70
76700,1,1,01400,52
608000,2,7,01400,55
280500,2,4,00507,99
35500,2,2,00601,47
90200,2,4,01005,132
157000,2,4,00601,106
99000,1,3,00507,70
10300,0,1,00100,51
73400,3,3,01106,36
85000,2,2,00802,77
173800,1,2,00400,41
14800,1,1,01500,120
22600,1,1,00400,63
118900,2,2,00501,83
76200,3,2,01204,60
164600,2,3,00901,137
104000,2,4,01300,21
237650,2,4,00601,117
84000,1,1,00503,37
200000,2,4,01105,68
85000,2,3,00700,28
75200,1,1,00902,86
46000,2,4,01001,56
80100,1,1,01400,201
30450,1,1,00602,59
168000,3,4,00505,54
91400,2,2,01300,47
205000,2,3,00301,61
160000,2,2,00504,37
56500,1,2,00805,137
154000,2,3,00502,127
14400,1,1,00801,249
349000,3,9,01105,144
57800,3,3,01102,65
80050,1,1,01004,58
15500,1,1,00100,62
12000,0,1,00805,152
56500,1,4,00805,372
32000,1,2,00802,177
104900,3,5,01006,122
190000,2,2,01105,224
57500,2,3,00100,13
85280,2,2,00302,55
242000,4,4,00601,89
59600,1,2,01102,42
193500,3,4,01300,38
90000,2,3,01400,47
3400,1,1,01105,55
81000,2,2,00502,140
43800,2,2,00200,69
5000,1,1,01107,194
105700,1,2,01004,61
264500,2,2,00804,48
104000,1,1,01101,69
130000,6,3,00700,74
146300,4,3,01300,57
400000,3,2,01003,54
80000,1,1,01103,56
120000,0,1,00802,188
169000,1,1,01103,61
175000,2,3,00601,356
75000,3,2,01600,66
159800,3,3,00601,56
212000,4,2,01003,27
47100,1,1,00100,84
75000,1,2,00602,85
254500,2,4,01103,55
110700,1,4,01005,202
89400,4,2,01006,71
132900,1,1,01106,58
50000,0,1,01101,72
23700,2,5,00901,345
229000,2,2,01500,114
96700,2,2,01007,203
193000,2,4,00503,37
29650,1,1,01003,54
49400,1,1,01004,127
7700,2,1,01102,67
11500,1,1,01106,55
18590,1,2,01300,18
403200,5,4,00902,114
56000,1,1,01201,60
90500,2,2,01203,49
167900,2,3,01600,136
89300,2,2,01400,105
214300,4,4,00901,232
181000,1,3,00503,62
14400,1,1,01400,99
63000,4,5,01005,137
149900,2,2,01107,54
25000,1,1,00506,442
360000,2,2,00507,78
43000,1,1,01202,55
44900,2,2,00100,17
281700,5,3,00805,62
280000,2,4,00503,105
60350,2,1,00802,64
324900,3,2,01204,29
22000,2,3,00200,60
150000,2,6,01004,60
72600,1,1,01300,61
246200,5,5,01201,154
124600,4,6,01102,123
100000,1,1,00801,149
97000,1,1,00802,397
154300,4,3,00506,51
26000,2,2,00506,73
177720,2,4,00501,71
401200,1,3,00504,152
55000,2,2,00801,278
70400,2,2,00302,142
190000,2,2,01002,52
29900,1,1,00503,51
130000,1,4,01106,115
83400,2,5,00100,60
127000,3,6,00502,92
120000,2,2,01104,141
183600,2,3,01006,97
120000,2,4,01400,75
376600,4,5,01007,185
286000,3,3,00902,113
194600,2,5,00902,142
315000,2,5,00501,67
108000,2,4,01204,60
113000,3,3,01500,94
36600,1,2,01104,63
55500,4,2,01300,37
216800,2,2,00902,83
109000,1,1,01201,195
80000,0,1,01007,87
66200,4,4,01106,235
272500,3,3,00901,92
79000,2,3,00802,146
50000,3,1,01203,55
244600,2,6,01005,40
144200,2,3,01102,157
63330,1,1,00400,53
141000,2,2,01500,168
147000,2,2,01106,47
232000,3,5,01004,112
15000,1,6,01002,121
60000,1,1,00507,98
43600,1,2,00805,229
233400,3,3,00602,115
44000,1,1,00200,94
176000,4,4,01003,63
19200,1,1,00700,99
111080,2,2,00301,42
87400,3,5,01600,350
200000,2,1,01006,91
252100,2,2,01004,57
20800,1,1,01600,80
132700,2,2,01500,66
84800,2,2,00100,76
145000,2,2,01105,94
51500,0,1,00302,74
55000,1,1,00803,320
203200,2,5,01001,88
23000,2,1,00902,100
97000,1,4,00507,232
20000,1,3,01107,122
40000,1,1,00505,103
321000,2,2,00302,131
78400,1,3,00100,84
114000,2,2,00805,31
145100,2,1,01201,173
43800,2,2,00700,89
231000,5,4,00601,129
22400,1,2,01300,97
36200,1,2,01107,30
10010,1,1,00501,117
7700,2,1,01400,122
52000,0,3,01104,50
182000,2,3,00504,83
120000,1,6,01104,117
115000,2,2,01500,122
130100,2,2,00700,16
49200,1,1,01005,30
65000,2,3,01101,112
172900,1,1,01204,84
43000,1,1,00901,32
138000,2,4,00507,603
116000,2,2,00804,30
5000,3,3,01202,88
150000,3,4,00601,82
415600,2,2,01105,71
79900,2,4,01005,106
47000,2,2,00100,62
80000,0,2,01003,67
900,0,3,00801,71
73500,3,3,01400,94
69700,0,3,00700,68
101310,1,1,01204,105
53600,3,2,01300,79
165600,2,2,00601,74
16100,1,3,01104,141
38400,1,1,00504,65
28000,1,1,01101,105
100000,4,3,01107,20
111000,2,6,01103,196
50100,2,1,00302,35
1600,0,1,01201,100
85000,3,4,00200,85
76000,3,3,01102,114
71200,1,1,00501,53
100000,3,2,01005,89
105000,1,1,01102,43
99304,1,2,01105,64
73900,1,1,01107,57
150000,1,2,01202,65
35000,1,3,01002,140
116200,3,2,01106,107
68530,1,2,01005,104
501200,2,3,01001,58
101400,2,2,01006,47
110000,2,2,00901,132
8300,1,1,01006,69
71000,2,3,01101,181
37300,1,1,01006,51
120000,3,3,01300,180
56600,1,1,00100,40
324000,2,2,01204,46
105500,1,1,00802,41
165000,1,3,01003,180
793300,3,3,01003,53
182920,0,4,01001,44
70200,2,2,01003,91
104000,2,3,00301,29
128000,2,2,01003,70
102800,1,3,00801,221
29200,1,4,00601,55
102000,2,4,00504,210
256000,3,3,01201,86
173600,0,1,01104,49
20000,2,3,01104,151
210000,2,2,00503,65
61300,2,2,00805,112
119500,3,3,00507,65
95100,1,2,00507,29
15000,1,1,01300,30
92500,2,3,01400,69
253000,3,3,00200,60
169000,4,3,01203,94
74000,2,10,00802,241
138000,1,3,00503,279
228000,2,4,01202,61
100000,4,2,01300,33
82500,1,2,00502,79
159000,2,2,00504,52
45000,1,2,00700,67
128000,2,2,00804,82
155000,2,4,00301,71
319100,2,5,01004,55
240500,2,4,00901,112
294300,3,3,01203,30
25430,1,1,00801,159
13596,3,2,01106,60
66000,2,2,00503,65
12000,0,1,01003,90
134000,3,6,01104,163
65000,0,1,01005,58
348600,2,1,01203,28
20180,2,6,01002,491
43200,1,1,01101,116
70000,1,1,00602,47
20200,0,2,00805,237
108200,2,2,01202,126
16700,2,2,01203,70
101000,1,2,00602,61
237800,4,6,01102,268
60000,1,1,00804,90
47800,2,5,01203,233
118100,2,2,01004,102
118960,2,2,00902,109
34000,2,1,01300,24
167000,3,2,00506,130
3000,1,2,00505,25
81700,2,4,00803,133
57450,1,5,01101,62
9120,3,1,01104,71
33000,1,1,00200,167
76100,1,2,01500,87
330000,2,4,01105,118
3300,1,3,01500,43
54700,2,2,01400,82
93000,2,6,00200,96
66400,1,1,01106,171
131300,3,3,01203,84
209200,2,2,01005,64
200000,2,2,00400,48
41100,2,1,01600,128
224400,3,4,01202,159
95000,2,2,00503,152
170700,2,1,01107,75
50000,0,2,00805,180
170000,3,3,01202,325
80900,2,1,01005,55
250000,2,2,01004,56
138000,2,2,00501,34
508000,5,2,00503,117
42040,0,4,00802,71
90000,4,2,01300,173
63200,2,2,00803,134
236700,4,4,01003,104
114800,2,3,00302,106
61000,1,1,01005,171
188100,2,4,00302,122
187200,3,2,00601,41
152440,2,4,01003,59
136000,1,1,01006,64
180000,3,4,01600,141
59000,2,1,01105,178
226000,2,2,01500,52
88000,2,3,01600,119
287000,4,2,01106,54
108550,2,2,01300,64
70400,1,1,01004,51
29900,1,1,01003,30
67300,2,4,01001,44
136000,3,4,00400,55
150200,3,3,01106,57
138100,3,3,01500,91
26900,3,4,01202,172
76400,0,2,01500,61
50800,1,1,00505,56
215000,2,2,01106,156
40000,2,2,01203,80
14000,1,2,01101,95
100000,3,6,01201,63
110000,3,3,00902,64
116000,1,2,00902,60
234000,3,4,01102,89
167200,2,2,01005,44
139500,2,2,00801,91
91500,2,2,00700,22
1200,0,1,01107,73
111200,4,4,00502,112
135630,3,4,00801,95
201000,3,3,00601,84
94800,3,7,01102,91
13800,2,2,01600,63
98000,2,4,00506,284
130000,2,3,00503,150
66000,2,3,00301,59
31200,2,2,01101,37
67000,1,1,00804,162
125000,2,3,00700,89
65000,2,1,00100,164
40700,2,2,01300,169
105500,1,4,01003,285
164000,2,4,01007,52
23900,1,1,00502,80
70130,2,2,00901,94
255000,2,2,00901,101
50800,1,1,01002,88
13000,0,1,01007,87
81000,2,2,01204,173
115300,3,4,01003,47
1400,1,1,00801,66
130000,3,3,01600,88
68700,1,1,01007,196
90500,2,3,01103,19
103100,2,4,01106,55
56000,2,2,00504,83
260300,3,3,00301,98
217600,3,6,00302,49
293600,2,6,01001,81
14000,2,5,01104,89
8300,1,4,00805,45
21100,1,1,01600,446
150000,3,3,01201,175
132800,2,2,00700,81
46850,2,6,00400,45
215700,3,3,00503,228
123000,3,6,01101,87
44000,1,2,00502,70
93100,1,3,01004,53
116110,2,2,01201,87
102400,2,2,01600,279
226100,4,4,00601,98
161000,2,6,01001,96
185000,3,4,01201,92
155600,2,6,01103,120
260000,2,2,00901,28
162600,2,3,00506,78
15400,1,1,00100,35
200000,2,3,00804,60
229000,3,2,00507,200
90000,1,5,00804,139
31200,1,1,01203,111
35000,0,1,01004,56
110200,2,4,00602,39
15500,1,2,00700,100
98000,2,4,01600,116
3800,1,1,00805,80
25200,3,2,01105,267
133300,5,7,01107,19
380000,2,3,01005,159
59130,1,4,00802,56
65000,2,2,01107,60
40000,3,4,01600,491
66000,1,1,01107,60
103300,3,4,01103,32
82000,1,1,01004,65
62100,2,2,00502,168
110000,4,2,00501,46
46500,2,1,01400,44
50000,1,1,00302,85
99360,2,2,01003,93
103700,2,2,00200,54
250050,1,3,01006,53
150000,3,3,01001,82
43000,1,3,01003,87
202000,2,4,01500,107
39900,1,2,00506,48
118200,4,2,00400,77
149000,2,3,00902,64
150350,2,4,01101,56
106300,2,2,00804,26
60000,1,1,00506,66
182880,5,2,01203,109
115000,3,3,01105,100
4800,1,5,01104,272
68600,1,1,00805,85
135020,2,3,01104,73
38000,1,1,00805,71
287400,1,3,01007,144
116600,4,2,01005,56
31400,2,2,01005,33
161700,5,6,01203,112
126030,1,2,00302,171
21500,1,1,00100,41
59600,2,2,01400,347
120000,2,2,00302,68
108000,2,2,00400,98
172000,1,2,00700,100
647000,2,4,01004,141
13700,0,1,01400,63
146200,1,1,00400,16
250000,3,4,00301,21
289200,1,2,00804,65
81500,4,3,01300,7
23400,1,1,00200,107
20300,1,1,01007,73
164900,2,4,00503,59
60000,2,4,01103,39
178000,3,4,01003,217
131950,2,2,01203,257
790,1,1,01107,200
317000,2,4,00902,89
66800,4,3,01201,115
72000,1,1,00802,115
67300,1,2,00805,214
106000,1,3,01004,117
150000,3,2,01500,116
203000,4,5,00301,21
36000,1,1,00507,112
80000,1,1,00503,64
23000,3,2,00504,54
92700,2,2,00301,52
106000,2,4,01002,283
36000,1,1,00601,42
678000,2,4,01004,20
30000,0,1,00502,93
178600,2,2,00802,226
198000,3,3,01106,204
27000,1,4,00804,233
170000,2,3,00901,93
19000,1,1,00802,104
73800,2,2,00506,92
45000,1,2,00801,82
18800,0,1,00802,46
9000,0,1,00100,57
172000,2,3,00400,80
239600,3,4,00801,52
175000,1,1,01201,100
13900,0,1,00504,77
83000,2,3,00100,56
63000,1,1,00700,25
114000,1,1,00700,131
97900,4,2,01300,152
35000,1,1,00200,95
103000,3,5,01600,70
114100,3,4,00602,224
125000,2,5,00502,100
150000,3,3,01400,96
57000,1,1,00804,74
138500,1,1,01005,47
267000,1,4,00902,108
90030,1,2,01400,56
278000,2,2,01104,24
39000,2,2,01203,272
190400,4,2,00200,96
56000,1,3,00507,34
108300,2,2,01400,116
353000,3,2,00400,41
24000,2,1,00507,127
92000,1,1,00802,205
145000,2,2,00802,33
145200,2,6,01103,238
50800,2,3,01204,61
60000,1,1,00502,95
56000,2,2,01106,55
35200,2,2,00801,60
245500,2,2,01002,63
34800,1,2,00100,23
108000,0,2,00802,58
192400,1,2,01003,90
252000,3,4,01500,150
59000,1,2,01004,46
192000,2,6,01500,82
167000,2,2,00700,56
8700,0,3,00805,88
146400,2,2,01204,67
83800,5,3,00601,139
57200,2,4,00400,60
45000,2,5,01400,559
137800,2,2,01600,104
34600,2,2,00700,16
272010,2,4,00505,47
50000,2,4,00700,497
56000,1,1,00804,58
54000,1,1,00802,303
50010,1,1,00200,93
91200,2,4,01300,47
142000,3,2,00400,87
97200,3,4,01004,301
192000,2,3,01005,44
269310,2,3,01201,67
67000,2,2,01300,85
161000,1,1,00602,229
29500,0,1,01104,50
95700,1,1,01107,76
76000,2,6,01500,187
280010,2,2,01003,98
658000,2,2,01004,46
164000,1,5,01003,53
254000,4,3,01201,98
90000,2,5,00400,68
83000,2,5,01002,92
89000,2,3,01103,40
106000,3,3,00100,104
56100,2,2,00302,22
147000,1,2,00100,68
55000,3,2,00804,39
164000,2,2,01005,66
24310,1,6,01300,179
46000,1,2,00501,104
296100,4,2,01204,68
115500,3,4,00502,205
125750,2,2,01202,60
112000,2,2,01106,53
158040,3,2,01300,53
70800,2,2,00602,123
33500,1,1,01004,105
55800,2,4,01201,49
276800,1,2,01005,39
24000,1,5,00801,158
73880,2,2,00901,49
87300,1,2,01005,89
228500,4,3,01004,15
90000,1,2,00501,81
245500,2,2,00505,74
115000,1,4,01102,178
165000,2,2,00804,57
59000,1,2,01202,80
980,1,1,01400,36
18000,0,1,00504,58
63600,2,2,00507,37
36900,1,1,00503,84
32000,3,1,00100,163
133000,2,2,00302,99
52000,1,1,00302,73
12000,1,2,00501,177
1300,1,1,00100,84
22200,1,1,00801,82
155040,2,2,00505,63
141000,2,5,01005,47
208000,2,2,01005,47
34110,2,4,00301,141
109800,1,1,01007,71
55000,1,1,01204,124
38600,2,1,00700,46
17800,3,2,01102,297
117000,2,2,00301,59
880,0,1,01104,100
471100,2,5,01004,10
14000,3,1,01600,83
49540,2,7,00507,145
46500,2,1,00301,34
38000,0,4,00507,159
72500,2,2,00506,262
160600,2,6,01201,40
27600,1,1,00503,121
177000,3,4,00601,58
173000,3,4,01006,218
175000,2,2,01103,18
42550,2,2,00100,42
390080,3,3,00301,65
9800,1,1,01300,13
83970,3,5,01007,144
148000,3,2,01007,47
240000,2,5,00901,97
77000,1,2,00602,216
318230,2,4,01007,56
79000,2,2,01202,59
15900,1,2,01001,10
30300,1,1,00501,45
156000,2,2,01006,112
66600,2,2,00301,66
42300,3,3,01103,12
49500,2,3,00200,69
46160,1,1,00503,32
120000,1,1,00902,24
122000,2,2,01202,86
68000,4,2,01500,91
256700,3,5,01003,44
88300,2,3,00601,30
59150,2,1,00803,64
49200,3,5,01005,35
59150,0,1,00802,40
60000,1,1,00504,212
578000,2,3,01001,58
129000,1,2,00506,28
54900,2,4,00507,74
155000,2,3,00804,65
116900,3,3,01300,15
172700,4,5,01102,37
195050,2,2,01003,68
7000,2,2,00801,70
25200,1,1,01400,15
225000,5,3,01001,60
30500,0,1,01300,68
54800,1,1,00601,87
138000,4,4,01105,67
225000,2,4,00901,60
18200,2,1,01001,56
36000,2,1,01400,77
72500,1,2,01006,182
163600,2,2,00601,48
106600,3,4,00501,226
115500,1,1,00801,70
294800,1,4,01004,18
220300,2,5,01007,91
46300,1,1,00700,71
1162000,2,2,01004,95
140000,2,4,01204,68
112000,2,1,01300,18
426000,5,4,01300,82
180000,3,7,01600,219
149000,3,2,00507,106
22800,1,2,01300,51
177000,2,3,00901,134
1400,1,1,01003,200
100,0,1,00801,238
65900,2,2,00803,101
174500,2,4,00902,64
36000,2,2,01204,100
165000,2,5,01002,75
89600,2,3,01400,76
98400,1,1,00901,110
143600,2,6,01105,55
87000,1,2,00507,61
95000,5,2,00501,46
107700,3,3,01106,377
300000,2,2,01201,110
31000,1,1,00501,384
32240,1,1,00507,145
163900,2,2,01107,126
57660,3,2,01106,109
154000,2,2,00502,62
170000,1,4,00505,328
74000,1,1,01101,57
45000,1,2,01107,72
205200,2,3,01002,62
1438000,3,2,01004,12
275000,2,2,00400,82
20000,2,4,00901,144
104000,3,2,00301,28
84230,2,3,00501,114
78000,1,1,01300,9
24000,1,4,01105,47
85000,2,6,01204,67
16800,0,1,01204,371
117700,2,2,00901,62
52400,1,1,01103,67
122000,1,2,01004,53
154000,2,1,01106,54
150000,2,3,00501,63
78000,2,2,00400,33
100000,1,1,00302,110
15600,0,1,00801,163
55000,2,1,00302,101
146000,2,2,00400,59
96300,2,2,01105,63
52300,3,2,00805,66
70000,3,2,01201,39
328300,3,5,00100,12
80000,1,1,00504,91
75200,2,3,00601,131
76300,2,2,01105,55
28400,2,2,01003,56
130000,2,2,00502,96
127200,2,5,01006,161
27800,1,1,00805,73
101600,2,2,01102,56
115000,3,1,01105,224
63000,1,1,00802,44
182700,4,3,01004,50
40000,1,1,01102,43
118000,1,1,00302,76
155400,1,3,01201,37
218000,3,3,01500,99
132780,2,2,01203,102
102000,2,2,00507,35
300000,3,3,01001,81
147400,2,2,00400,54
35000,2,3,01001,104
124000,3,2,00302,140
202500,2,2,00901,64
184100,1,4,00804,87
86100,1,1,01001,85
178400,2,4,00805,104
61800,1,2,00100,10
86000,2,3,01400,123
121600,3,4,00602,55
110000,2,2,01102,226
160000,3,4,01107,133
129900,5,5,00400,128
27600,1,1,00503,125
177200,2,2,00301,70
32000,1,3,01300,35
191200,3,2,00901,155
155000,4,3,01106,58
228000,2,4,01103,46
10000,2,2,01400,77
128400,3,4,00902,84
187200,3,5,01102,67
7000,2,2,00504,55
620300,2,2,01004,52
37000,2,3,01105,97
123530,1,2,01002,413
16400,1,2,00200,99
39000,2,4,00503,202
98900,3,2,00100,39
8400,1,2,01007,164
56500,2,5,00502,259
116100,2,2,00302,78
239000,2,3,00504,50
95000,2,2,01107,106
151400,3,4,00901,69
79500,4,4,01107,173
55000,0,1,01107,72
71800,2,3,00802,40
100900,0,2,00805,62
311000,2,3,01102,64
133000,2,4,01201,183
185200,4,5,00301,26
83400,4,5,01300,30
165000,2,2,00602,104
300000,2,2,01004,9
91600,2,2,00502,97
26300,0,1,01105,45
254000,3,3,01204,69
200000,2,4,01203,104
182000,2,3,01004,55
27500,1,1,00601,35
791000,3,2,01004,51
97000,2,2,01102,40
150000,2,5,01003,132
230000,2,3,00901,64
105000,2,2,00502,26
115000,3,4,00501,115
176000,2,2,01005,55
13490,1,1,00100,69
15300,1,1,00700,50
320000,2,2,01003,47
215000,4,3,00501,109
3000,0,1,00507,30
3120,1,1,00700,112
10760,0,1,01007,135
90000,1,1,00601,54
41000,0,2,00805,64
350000,2,4,01003,186
50000,1,1,00601,31
272000,2,2,00902,115
14600,3,4,00901,70
243000,2,4,01106,53
84500,2,3,01106,65
81000,2,2,01300,67
61000,1,2,00504,391
256000,1,2,01004,98
43200,1,2,00805,78
320000,3,3,01005,56
90000,1,1,01104,181
110000,1,1,01202,158
167000,1,2,00504,58
50000,2,4,01203,171
32400,2,2,00901,102
50000,1,4,01006,139
11000,4,5,00700,84
49000,1,1,01006,72
50000,2,1,01600,310
179000,1,2,01105,49
11700,0,3,00805,89
39300,0,2,01003,84
76400,3,6,01003,115
165300,2,1,01003,246
126000,2,4,01005,103
71500,1,4,00503,84
186000,2,3,01203,244
99000,2,2,00602,113
19300,0,1,00400,64
113000,2,2,00902,39
276000,4,4,01002,56
83800,4,2,01600,33
359000,3,3,00400,59
50000,4,4,00601,92
23400,2,1,00803,198
40000,1,1,01006,57
176000,2,4,00400,70
3200,2,1,00507,59
98000,1,1,01007,89
120000,2,2,00601,85
311000,2,4,01203,113
73400,2,1,01104,112
115400,1,2,00200,86
150000,1,2,01106,43
157000,1,3,00502,108
673000,2,3,01004,20
56000,1,1,01600,85
19500,1,1,00400,13
550,1,1,00302,93
12300,1,1,01500,87
161500,2,2,00400,49
216000,2,2,00301,68
61500,2,2,00805,35
113000,1,1,01007,47
209030,3,3,00902,61
10500,0,1,01007,64
25000,1,1,01104,87
112300,2,2,01001,38
7400,0,1,01002,66
255000,2,2,01106,156
540200,2,3,00601,60
212700,1,5,00804,77
154000,2,2,01204,91
385000,2,2,01003,13
578000,1,1,01003,57
260000,2,4,00902,88
18000,0,2,01007,79
64000,2,4,01101,234
224000,4,3,01106,181
77000,4,2,00804,54
30800,2,2,00301,57
74900,3,4,00505,102
70950,1,1,00803,190
165500,2,4,01001,45
33710,1,1,00805,55
351000,3,3,01006,108
367450,2,2,00804,47
110000,1,2,00804,401
81000,3,3,01600,593
105000,2,2,01600,311
137000,2,4,00400,70
78650,3,2,00901,74
173000,3,4,01203,74
97500,2,3,00803,69
101000,3,2,00400,104
139800,2,2,00602,53
68000,3,8,00100,40
198400,2,3,01003,114
105800,3,3,00601,59
242000,5,6,01106,270
68900,2,3,01007,155
189000,2,2,00601,57
207400,4,3,00501,63
67600,1,2,01005,39
38000,1,1,00100,24
65400,1,1,00506,92
165250,2,5,01004,15
177000,2,2,01105,158
25500,2,3,00602,95
126030,2,2,01101,36
163200,2,4,00902,39
210900,3,4,00804,28
205000,3,2,01102,42
31600,1,1,00301,63
81800,1,1,01105,162
42000,1,2,01400,26
42000,1,1,00602,43
61700,1,1,01006,66
81000,1,1,00804,140
116000,1,2,00804,42
44800,1,3,00803,58
183600,3,4,00700,113
43200,2,2,01103,122
100100,2,2,00502,163
40000,1,1,00504,138
56600,2,2,00801,167
40000,1,2,01102,214
51910,2,4,01600,114
70000,1,4,00301,107
170000,2,9,00902,108
121700,2,3,00502,40
239000,4,3,01500,81
190300,2,2,00301,59
220000,2,2,00805,47
109550,1,1,00100,24
25000,1,3,00803,483
126600,2,2,01007,52
209200,3,2,00902,61
188500,2,2,00602,90
103000,5,7,01101,109
25000,1,1,00302,117
49500,2,5,01103,70
48000,1,1,01103,20
83000,2,1,00302,172
151200,2,2,01300,147
83400,2,2,01006,121
83500,2,2,00802,47
10000,1,3,00200,281
9500,1,1,00302,206
82800,2,2,01006,58
62960,2,1,01500,84
93150,2,2,00901,73
204000,0,4,01004,25
65000,1,1,00802,99
139000,2,2,01204,61
94430,3,2,01105,170
67000,2,3,00503,136
45600,2,2,00901,108
124700,2,3,01201,127
20200,2,2,01104,98
48800,1,3,00505,71
28800,4,4,01300,118
197200,2,4,00601,99
125000,3,5,01202,229
50100,3,2,01400,302
109800,2,2,01004,95
111360,0,1,01600,115
252000,2,4,01003,69
234000,2,4,00400,64
72000,2,2,01201,117
240000,2,3,01007,91
62000,3,4,01003,30
79500,3,3,01400,80
75000,1,3,01106,165
175800,2,6,01005,70
55000,1,2,01102,204
14400,0,1,01106,121
200040,2,3,01105,59
123000,1,1,00602,115
26700,2,2,00504,595
110000,1,1,00805,57
222000,2,3,00700,77
240670,5,3,00700,93
88500,1,2,00301,70
122000,2,2,01002,60
125000,2,4,01003,94
190600,3,3,00302,46
62400,2,2,01400,33
268600,4,4,00803,173
214200,3,3,01204,108
12300,1,1,00801,282
45010,2,1,00805,84
132000,6,4,01202,79
96500,1,1,01102,91
32000,2,3,00100,35
26000,2,5,01002,132
41800,2,2,01001,84
335350,3,3,01006,65
43000,1,3,01101,45
95000,1,1,00502,88
37400,1,1,00503,94
175400,2,2,00804,71
27100,1,1,01203,98
479400,3,3,01004,54
300000,4,4,01001,112
85000,2,2,01300,51
22800,2,5,00505,33
62200,1,1,01005,51
45000,3,2,00803,61
9600,1,2,01400,140
28090,2,5,01106,73
26000,2,2,00804,28
11200,2,1,01104,61
312300,2,3,01003,53
100000,1,4,01107,318
63400,2,2,00200,56
13600,1,1,00700,155
40000,1,2,01300,44
181280,5,9,01105,51
23740,2,2,00601,30
18700,1,2,01101,51
22900,0,1,00400,35
90000,2,2,01204,110
83500,3,5,00602,91
80000,1,1,00802,115
172000,2,2,00200,99
171000,2,2,01004,54
119000,3,8,00505,192
87000,2,2,00400,57
34400,1,1,00506,114
307100,2,1,00302,72
131500,2,1,01001,99
259000,3,2,01006,49
137000,2,2,01107,88
94000,3,3,00504,36
115000,0,4,01007,87
183200,5,2,01500,39
13000,1,1,00100,115
61800,2,5,00802,40
96000,5,3,00100,67
176900,3,2,00504,37
49800,1,1,01400,68
126000,2,2,00400,106
115100,2,2,01400,43
80400,2,2,01004,252
740,1,1,00803,73
209650,4,3,01001,58
19800,2,3,01103,37
159000,2,2,01007,47
107700,5,2,01006,274
133000,2,2,01102,68
215200,2,2,01003,127
195000,2,5,00301,81
192000,2,3,01105,65
151400,2,2,00505,115
139500,2,3,00400,59
35600,2,3,00505,47
40000,1,1,00302,140
321000,4,6,01004,61
42000,1,1,01600,47
108000,1,1,01201,41
55000,1,1,00804,40
237200,2,4,01400,75
140000,2,2,00601,127
9100,2,4,00804,79
150000,2,4,00902,152
78940,1,7,00700,205
23000,1,1,01300,89
135000,1,2,00301,75
36100,3,2,01001,31
413700,5,3,01400,85
80000,4,5,00301,44
21700,1,1,01202,32
148000,1,2,00301,65
16400,0,2,01007,267
99200,1,3,01400,50
95000,1,2,01107,57
32400,1,2,01300,71
50000,1,1,01007,459
143000,1,2,00505,50
220900,3,2,01106,50
52000,2,2,01600,86
30000,0,1,00804,188
699500,1,3,00700,18
87000,1,2,00504,460
192800,2,2,01201,46
35100,1,1,00301,104
97000,2,2,00700,47
1400,0,1,01300,7
83200,4,2,00400,47
30300,1,1,00506,79
135000,2,2,01600,62
119100,5,5,01600,330
96000,2,3,01202,145
48500,1,1,01003,77
275000,1,1,01003,51
57200,3,4,01104,29
214790,1,2,01004,106
46400,1,1,00301,77
191300,1,3,00100,54
76700,1,2,00502,112
92400,2,2,01400,158
88100,1,6,00505,55
35000,2,5,00805,253
225000,2,5,00601,57
17000,2,2,00802,45
159840,1,1,01102,78
118000,2,4,00400,105
132700,1,4,01202,266
113800,2,2,01001,45
70000,1,1,01101,55
3500,1,1,01004,109
175000,4,3,01600,165
94000,4,3,00400,97
70000,1,1,01003,92
51000,2,3,00302,65
23430,2,2,01500,180
91300,2,1,00801,128
62300,1,1,01103,15
81600,2,2,00200,58
130000,2,3,01101,110
16400,2,2,00805,66
71600,1,1,00504,193
58000,2,4,00302,96
185000,2,2,01600,56
113300,2,1,01106,60
126500,1,9,01007,292
756000,3,2,00504,53
189000,1,3,01004,104
678000,3,5,01201,49
340000,2,2,00902,106
377000,4,2,01204,81
281150,2,4,00501,58
96000,2,2,00901,346
100000,2,2,00505,67
63000,1,2,01101,576
195000,2,2,00502,109
15400,1,1,01400,82
1000,2,1,01105,78
133600,5,2,00301,11
63600,4,4,01007,79
39900,1,1,00200,25
280000,2,4,00802,145
122580,2,2,01005,62
180900,3,5,01201,52
198800,4,8,01103,76
9300,0,1,00503,91
100000,1,4,01500,98
65000,2,2,01007,118
215000,3,3,00301,97
70000,0,1,01107,136
230000,2,5,00902,133
11000,1,4,01300,35
53000,1,2,00801,140
819200,2,3,01106,129
96000,1,1,01106,398
139300,1,2,00902,102
80000,2,2,01004,62
126000,3,3,00901,70
142500,1,2,01004,62
82000,1,1,01500,49
127100,2,3,01201,227
72000,2,2,01002,50
88000,1,1,01002,100
95800,2,3,01203,416
119000,2,2,00301,28
70000,1,1,00200,99
95000,1,2,00200,196
123000,2,2,01105,73
130000,2,2,00501,142
35700,5,2,00400,48
124900,2,3,01201,50
10100,1,1,00200,107
86400,3,4,00100,134
272400,3,2,00501,99
142000,3,2,00400,54
108000,2,2,00400,66
63000,1,4,01500,100
108320,4,2,00805,71
130040,2,4,01004,71
53600,1,2,00602,215
84000,2,2,01005,266
36600,0,1,00801,54
53000,1,1,01500,140
6000,0,1,00802,60
30000,2,2,01600,105
52500,2,5,01006,305
238000,4,2,00400,49
240000,1,2,01007,109
184000,4,2,01104,67
658000,2,4,00501,110
79500,0,3,00507,89
52050,0,1,01005,126
29500,1,2,01104,49
80500,2,2,00504,61
92000,1,1,01105,68
67900,1,2,01400,69
99700,3,2,01300,86
94000,1,1,01101,79
87200,2,2,00400,52
132000,2,2,00505,60
97700,2,8,01105,228
40000,1,2,01400,60
51800,1,1,00601,51
76300,1,1,01300,169
13500,1,1,00505,421
104000,1,1,00902,85
10300,1,1,01104,73
158050,2,2,01202,80
60400,1,1,00803,64
28890,0,1,00200,53
280000,5,4,01105,71
47400,1,1,00804,74
40000,2,1,00502,68
192720,2,2,01007,48
40000,6,2,01107,203
54600,1,6,00801,227
120000,2,4,00801,101
56300,2,3,00805,306
58500,1,1,01001,35
91200,1,4,00200,73
204000,5,4,00901,96
175000,2,4,01004,53
284200,2,4,00601,67
37000,1,2,00100,83
10000,1,1,00804,247
12200,2,5,01103,222
55600,1,2,01003,162
123000,2,4,00100,83
134700,4,3,00700,88
84000,5,2,01001,356
32240,1,1,01400,79
170000,2,2,00901,96
307570,2,2,01007,72
71200,2,1,00503,106
16500,0,1,00506,103
90700,2,2,00503,39
119800,6,6,00302,33
35200,2,3,00504,124
260000,1,2,01500,63
19000,1,1,01007,77
318640,3,5,01004,66
101600,3,2,00400,96
142600,1,4,01006,358
299900,5,6,00302,64
179600,1,2,00503,54
135900,2,2,01300,18
103600,4,3,01400,55
33100,2,1,00100,137
170000,2,2,01102,92
174000,1,2,01004,225
9000,0,1,00804,47
91900,3,3,00100,41
148400,2,2,00504,56
4000,0,1,00802,34
260000,3,1,00301,59
30500,2,2,01203,47
99200,1,4,00805,54
86200,2,2,01500,93
263000,2,2,01203,68
46500,4,2,01203,57
160000,4,3,01500,74
138200,1,2,01201,24
199000,2,4,01103,46
74400,1,2,01300,8
64300,2,2,01105,81
25000,1,1,00501,300
285000,3,4,00400,69
92200,2,2,00501,78
115000,1,1,00802,76
121500,1,2,01006,107
2220,1,4,00100,58
49000,1,1,01102,137
50800,3,3,00504,47
142000,4,2,00200,56
184000,4,3,00301,59
579600,2,3,00901,61
100000,2,1,00601,170
252000,5,3,01204,100
109300,2,5,01300,29
109100,1,5,00200,48
255000,3,3,01007,53
315500,1,2,01007,51
119600,2,2,00505,93
184500,2,3,01007,89
60000,3,2,01202,127
75000,1,2,01300,102
12000,2,1,00100,28
333800,2,2,01006,44
88000,2,2,00902,58
102600,2,2,00504,62
243600,4,3,01105,53
297300,2,2,01201,55
104500,3,3,00301,45
96600,2,2,01203,136
240900,1,1,01203,52
22800,1,1,00801,117
155000,2,6,00301,19
292900,3,4,00601,55
38400,3,2,01007,111
251600,3,2,00700,83
205970,3,5,01005,51
60004,3,4,01300,55
23000,0,3,01300,61
274400,3,3,00301,42
21300,0,1,00803,89
107000,1,1,00100,68
134000,2,4,00301,40
265000,2,3,00804,47
60000,1,1,00507,295
34000,1,1,01201,51
183700,2,3,01102,250
266000,2,4,01007,60
95000,3,5,00200,187
328000,3,3,00501,57
65000,1,1,01103,10
127000,6,3,00200,329
366000,3,2,01300,73
48300,1,1,01204,115
44900,0,5,01004,55
126000,3,4,01107,417
100000,3,2,01103,15
15000,1,1,00301,89
94300,1,1,01003,84
274430,2,2,00801,148
41000,0,1,01300,55
150500,2,2,01204,45
260000,3,2,01106,50
43700,2,2,00803,56
250000,4,3,00601,119
140000,2,3,01007,114
47000,4,4,01004,193
44930,3,3,00505,53
50000,1,1,01202,62
17600,3,4,01400,197
116970,3,2,00301,59
46000,1,2,01007,72
485000,2,5,00902,87
60600,0,1,01005,59
137000,3,4,00501,117
140200,4,3,00301,124
90000,2,2,00901,97
179500,1,1,01002,88
592000,2,2,01300,70
1090000,2,3,01004,38
85000,1,2,00805,94
91000,1,1,00804,64
19600,3,1,01106,61
151200,3,5,00503,57
265000,2,6,01005,16
311200,2,3,00803,81
24000,0,1,00504,179
27200,2,1,00700,46
24700,1,4,00801,206
104700,2,5,01105,386
42800,2,2,00502,70
170000,2,2,00501,63
56000,1,1,00802,37
190000,2,4,00505,63
98000,1,1,00802,128
66950,2,1,00302,33
191400,2,3,01103,55
146700,2,2,01005,61
140000,1,1,01004,58
50000,1,2,00502,396
93840,2,3,01007,154
84000,2,2,01600,58
273000,3,4,00301,20
62000,1,1,01102,183
55400,2,2,01600,135
1171000,2,3,01004,155
94500,3,2,00700,44
76200,1,1,00902,58
75500,4,3,01600,206
289600,2,2,01004,111
57000,1,1,00804,200
184400,4,4,00302,29
102000,3,4,01500,573
80000,0,1,01107,126
43100,1,2,00501,60
21000,1,3,01003,193
25600,3,2,00601,31
102050,3,3,01300,34
141400,3,2,01500,145
195200,3,3,00301,65
22200,2,2,00602,84
458000,3,2,01004,93
270400,3,2,01600,55
118100,2,5,00507,200
204300,3,2,01203,49
122500,1,2,01105,59
261070,4,3,01102,77
51000,1,1,00100,98
665000,2,4,01004,22
79100,2,2,00602,156
35100,0,1,00502,82
178800,2,3,00100,93
43500,1,1,01104,119
70000,0,1,00200,163
80000,2,5,01400,26
38000,1,1,00601,150
62000,1,1,01202,77
43300,1,2,01005,58
156030,4,4,01002,66
74000,1,1,01102,194
77000,2,2,00804,47
90400,1,4,00805,327
198000,4,5,01500,76
9400,1,1,00100,82
172430,2,2,01007,47
135000,2,3,00505,98
110000,3,4,00902,58
192000,2,2,00400,57
241400,3,5,01005,60
78000,1,1,01007,57
58000,2,5,01102,141
39700,1,5,00200,203
86000,3,3,01105,39
39000,1,3,00805,97
202600,3,2,01600,52
74300,2,2,00200,56
61300,2,2,00506,63
110000,1,1,00902,69
84000,1,1,01103,31
85000,2,6,00507,398
90090,2,5,01400,22
118000,2,2,01204,88
41800,1,1,01007,43
197100,4,4,01201,91
15500,0,1,00506,96
72000,1,2,01005,56
301000,3,4,01003,66
75000,3,5,01004,52
49050,1,2,01300,108
144500,3,6,01007,49
153000,2,2,01500,160
50000,1,1,00802,144
120000,1,2,01500,95
12000,1,1,00602,70
63100,1,2,00302,86
27200,2,1,00805,57
51800,3,4,01106,50
33800,2,1,01500,80
142600,4,8,01203,83
37400,1,1,01400,56
85100,3,2,01105,45
83000,4,5,01500,142
31200,1,1,01003,180
156400,3,2,00601,45
89700,1,2,00501,43
368000,4,4,01105,58
29120,2,2,00700,92
183400,4,6,01001,29
164000,2,3,01007,33
46300,1,1,00503,54
107500,1,1,00506,62
82000,5,2,01105,50
39300,2,5,01006,51
107700,3,2,01500,63
35000,2,3,01400,88
2100,1,1,00601,154
75000,3,4,00301,60
40,1,1,00804,130
86000,5,2,00301,57
258600,5,2,01500,72
164500,2,3,01203,69
156000,1,1,01004,161
67600,2,2,00301,38
355000,2,1,01107,80
306500,4,3,01500,81
33000,1,1,00503,93
329000,3,4,01004,33
97800,2,2,01300,4
155700,3,4,00801,202
9000,1,2,01201,117
110000,3,4,00901,46
286050,2,3,01003,83
100000,2,3,01300,16
53000,1,1,00400,218
76300,1,2,00601,77
163000,3,3,01202,382
36100,2,3,00805,80
550,1,1,01400,93
86100,3,4,00804,50
41200,1,1,00602,74
230000,3,5,00804,149
69400,2,2,01107,29
235000,4,4,00601,59
111400,1,2,01500,87
337500,3,2,01105,62
67000,2,2,00504,101
157000,1,2,00802,79
96000,6,4,00400,115
17000,1,6,01400,317
100000,2,5,01003,50
106800,4,3,01300,32
74450,1,2,00506,175
120990,3,2,00601,85
206400,2,2,00302,110
130000,2,2,00200,94
75000,1,1,00805,73
112100,3,5,01003,288
153000,3,3,00804,50
727000,2,4,01004,67
80000,3,4,01106,44
45000,1,3,01202,88
60000,3,1,01201,179
153100,2,2,00503,37
84100,3,2,01106,45
79700,2,2,01103,67
72250,2,4,00100,57
57340,6,7,01101,51
181900,2,3,00100,9
268400,2,5,00504,124
220000,2,2,00902,66
68600,2,2,00501,109
23400,1,1,00505,46
20000,0,1,00804,132
12600,0,1,01007,191
120000,2,3,00902,99
91000,2,4,01002,65
132000,2,2,00501,217
210000,3,3,01105,105
136000,4,2,00200,106
183000,4,2,01106,331
67260,1,2,01004,67
66500,2,2,01007,48
141500,3,2,00501,78
354000,2,1,01202,140
45000,3,5,00200,138
141000,2,2,00100,77
47400,0,1,00200,27
284100,3,4,01006,43
147000,3,2,01201,136
55900,1,1,00804,112
99900,2,2,00502,99
255000,2,4,00901,47
400000,2,4,01007,36
55000,2,3,00301,174
115600,1,1,01004,128
182000,1,1,01105,55
217600,5,4,01400,48
47000,1,1,00400,74
599000,3,5,01007,58
128200,2,2,00301,52
125000,1,3,01105,163
3740,2,2,01002,87
147000,2,2,00501,68
200400,3,4,00901,49
46200,0,2,01103,66
199600,2,2,01400,45
144000,3,2,01600,58
94400,2,1,01204,81
17100,0,3,00804,133
43000,1,1,00602,62
112000,2,5,01500,340
49000,3,2,00400,79
43000,2,4,00505,266
24000,1,1,01007,301
43700,1,2,00302,48
120400,2,2,01006,78
150000,2,4,00200,106
305000,1,2,01007,347
74390,1,2,00504,43
61600,2,2,01203,94
125000,4,6,01202,78
3000,1,1,01003,24
57000,2,2,01300,26
74500,2,4,01400,415
36700,0,1,01004,130
50700,0,1,01400,128
147000,4,2,00301,76
113210,2,2,01201,34
290000,3,2,01102,214
26100,2,2,01204,88
77000,3,2,00902,54
95700,2,5,00302,91
175000,3,2,00902,66
60900,1,1,01004,55
85400,1,3,01107,108
263000,2,5,01201,189
50000,1,2,00804,101
90000,1,1,01300,197
66000,4,4,01001,98
148300,2,6,00503,50
117000,1,1,01102,214
64600,1,2,00804,163
136000,2,2,00602,61
79010,1,1,01201,195
13000,5,1,00301,42
160500,3,4,01600,52
1800,1,1,00504,31
330700,5,5,01001,83
91000,5,1,01204,55
85900,2,1,00302,73
10800,0,1,00802,101
72200,2,2,00400,111
26000,1,1,00301,97
28000,1,3,00502,483
27750,1,2,01105,58
17000,1,3,01003,44
144000,2,2,01005,137
163000,3,3,01600,129
70000,2,1,00805,84
93400,1,1,01103,96
21000,3,2,01203,34
90300,1,2,00501,112
67000,1,1,00802,63
87010,1,1,01204,98
86500,1,2,00505,414
22030,3,1,00301,144
63000,1,1,01004,60
68500,1,2,00601,85
239300,4,4,01105,66
98000,2,2,00505,90
195000,3,2,00400,58
77300,1,2,01204,10
146200,1,1,00504,56
30900,1,3,00802,68
347000,2,3,00400,54
27700,1,1,00301,77
140000,2,3,00505,105
160000,3,2,00502,88
160600,2,3,01105,70
543000,2,2,01001,97
110200,1,1,01106,57
97000,1,1,01201,177
253000,2,3,01203,357
35200,1,1,00901,50
39800,2,2,01500,88
44500,1,1,01004,58
37200,1,1,00505,114
151000,2,3,01006,49
85000,2,2,00502,144
28100,6,1,01001,54
53000,1,1,00801,81
3200,1,1,01105,39
69280,2,2,01104,89
439000,2,5,01001,35
44700,1,1,00506,62
22800,1,1,01300,63
78000,1,3,01300,60
177000,2,2,01001,35
159500,1,2,01005,211
370000,2,5,01204,100
146400,1,3,01105,166
96200,2,2,01600,63
41200,1,3,01500,100
226000,2,2,01103,122
38900,2,2,00200,18
65250,1,2,00801,47
608000,5,3,01204,58
77000,2,2,00400,201
111000,2,4,00803,46
56600,1,4,00803,51
52000,1,1,01203,46
69800,1,3,01101,70
46300,1,1,00200,22
49800,1,1,00902,103
161500,2,2,00400,49
40000,1,1,01102,104
428000,2,2,00901,65
78200,2,3,01300,22
578000,3,5,00901,82
415000,2,4,01007,87
95200,3,2,00100,62
145000,2,4,00602,71
85000,2,5,00601,59
174800,2,7,01105,118
4800,1,2,00804,55
308400,2,5,00602,83
120000,2,1,01002,56
155000,2,3,01201,228
40000,1,1,00100,58
200000,1,3,00504,43
587000,4,4,01003,54
139000,2,3,01500,116
360050,2,3,00901,71
94700,2,5,01005,98
30300,1,2,00804,80
140000,3,2,00501,50
60000,1,2,00902,160
97100,2,2,00200,50
88000,2,4,01001,66
5900,1,1,01001,59
30000,4,4,01102,194
40000,1,2,00802,80
38000,1,1,01103,38
110050,1,1,00507,71
122000,2,2,01201,297
194000,2,2,00200,59
20400,2,2,00700,127
24500,0,4,00506,255
13500,0,1,01105,57
234000,2,3,00504,112
179300,6,2,00901,43
164000,2,2,01201,340
120000,1,3,00601,108
198000,4,4,00301,68
337050,3,4,00200,75
122000,2,4,01103,28
22300,1,1,00505,61
28850,1,1,01103,120
208000,3,8,00301,69
202000,4,3,00700,16
141800,3,10,01001,29
181050,3,5,00801,48
61100,4,4,01600,54
108700,1,1,00501,53
190000,3,2,01201,144
85000,1,1,00802,27
145100,0,1,00700,495
95000,2,2,01202,62
36000,1,1,00302,86
88000,2,3,00502,460
136900,2,2,00302,37
219500,2,2,01004,48
25800,2,3,01202,133
180000,1,2,00504,35
44000,5,2,01400,68
75000,1,3,00501,55
209800,1,2,00100,29
97000,2,2,00200,311
325000,3,4,01001,90
1176000,3,4,01004,97
99300,1,1,01105,175
49700,2,2,01400,214
102000,1,1,00805,109
13700,0,1,00400,100
100000,2,3,01300,56
123000,1,1,01500,110
47400,2,1,01104,66
120000,1,1,01600,22
15610,1,1,01203,29
312400,1,1,00503,115
114390,3,4,00400,72
255500,3,4,01005,74
236000,2,2,00804,70
52900,2,2,01104,111
104000,1,1,00507,239
85400,3,2,01004,96
88500,1,2,01006,87
42100,2,2,01400,49
20100,0,1,01500,99
33200,1,1,00302,49
189000,2,2,00805,59
87000,0,1,01003,61
213060,1,2,01003,24
86000,2,2,00802,54
12000,1,4,01201,39
96700,3,2,01300,34
377000,2,3,01005,30
121600,2,4,01400,441
324000,1,3,00503,105
115800,3,3,01006,148
40100,1,1,01300,12
26000,1,1,01007,47
110000,2,5,01500,80
407700,3,2,00901,39
103000,3,2,01201,174
55800,3,2,00100,138
122100,3,2,00700,248
237900,2,2,00503,91
114200,3,5,01004,65
68300,3,4,00602,155
300000,2,5,01005,10
58000,2,1,01600,225
100050,2,2,01001,58
530,0,1,00804,56
169000,2,2,01201,36
116300,2,13,01106,105
52900,1,2,01002,83
197000,2,2,00801,686
188000,3,4,01102,87
740000,2,4,01004,51
143000,2,3,01500,170
134000,5,3,01005,115
161000,1,1,01102,140
43200,2,2,00802,60
52500,2,2,00802,55
70400,3,2,01400,80
115000,2,2,00301,36
203200,2,5,01004,149
14190,2,5,01103,74
34800,0,1,00504,56
52000,1,1,00400,66
123000,2,2,01105,175
308000,3,4,01003,63
94200,5,4,01106,54
178400,3,4,01400,65
97100,4,6,01105,189
170000,2,4,01600,117
86700,1,3,00505,139
29200,1,1,00504,196
34000,1,2,01002,227
40300,1,1,00804,272
60800,1,1,01004,61
48200,4,2,00200,49
13000,0,1,01102,387
69500,0,1,00902,36
27700,1,2,00803,93
67700,3,3,01204,101
24000,2,1,01600,352
107000,1,1,01106,55
74700,2,3,00100,28
62400,1,3,00507,120
42600,1,1,00501,72
99500,3,2,00602,99
270000,1,2,01103,73
200000,2,1,01105,182
170800,1,2,01105,72
25500,2,2,01003,76
3000,2,2,00502,206
51280,2,2,00700,112
76000,1,1,01104,52
82000,2,3,01001,126
16480,1,2,01104,113
86200,1,1,01300,90
54800,2,2,01500,171
19500,1,1,01003,92
127000,2,3,01001,80
728000,4,5,00503,81
132500,2,3,00302,53
180000,2,4,01001,79
38700,2,1,00200,25
20000,1,1,01500,95
252700,3,2,00601,31
99800,3,8,01500,126
118000,1,2,01004,86
8800,1,1,01104,120
298400,3,4,01004,59
49200,2,1,01300,37
180000,4,4,00902,71
44600,4,3,01300,5
154000,3,7,00901,45
119000,2,1,01106,55
299900,3,5,01003,59
120000,1,1,01101,34
83500,3,6,00400,58
46400,1,1,01004,64
1000,1,1,00504,87
159320,2,2,01400,41
178100,2,4,00901,80
56000,3,1,01300,9
174500,2,2,00503,33
96200,3,3,01006,81
55900,0,2,01103,22
424000,3,3,01006,64
44000,1,1,01600,141
44200,1,1,00503,70
110300,2,2,00507,81
10800,1,1,00601,55
255000,3,2,01202,174
226500,3,3,00200,92
115000,2,2,00802,72
168400,3,4,00506,67
112000,3,2,00501,55
79000,0,1,01300,9
87500,1,2,00100,12
235000,2,2,01001,97
63300,0,3,01107,49
137000,2,2,01105,26
135000,2,2,01204,280
215200,1,2,01004,64
10000,3,1,01103,17
337000,2,4,00301,68
60000,0,2,01101,54
270000,2,3,01003,64
230000,2,3,00901,56
70000,1,2,00507,227
960,0,3,00505,218
141400,2,2,01007,31
11700,0,1,00901,214
27100,0,2,01104,50
179000,3,4,00503,121
20200,1,1,00100,17
65000,1,1,00505,100
30000,1,2,01104,69
81000,1,1,00302,92
25800,1,1,01003,86
364000,2,5,00504,72
107500,1,1,00501,53
371000,3,3,00802,226
147010,2,2,00301,8
45000,5,5,01105,63
68000,4,2,01006,156
144000,2,2,01300,125
70000,1,1,00100,9
24000,1,2,00602,94
174000,2,3,00503,162
114000,2,2,00502,85
230000,2,4,01204,102
75000,3,1,01006,257
47820,1,1,00200,72
615000,3,5,00901,50
115000,4,2,00301,54
41800,1,1,01201,252
43000,3,2,00602,61
192000,4,5,01105,58
127000,2,2,00505,87
20900,0,1,00501,73
96500,2,2,01400,34
94900,3,2,01400,63
32700,1,3,00506,63
70000,1,1,00302,177
190000,2,2,01001,160
56000,1,3,00804,119
160000,2,3,00901,95
159000,2,4,00601,36
37000,2,1,01300,20
12000,1,1,01500,185
98500,3,4,00602,54
168000,2,4,00400,73
127900,3,4,01400,64
38870,2,2,01104,69
53000,1,3,01004,112
68000,2,2,00501,60
296000,3,4,00501,116
61200,1,1,00507,31
165000,2,4,01201,201
81850,2,2,00400,73
121200,2,2,00400,240
14500,1,1,00200,73
210100,2,5,00501,69
123580,1,1,00505,57
26900,1,4,01203,68
3200,0,1,01007,141
148500,2,2,01105,53
38500,2,2,00902,193
236000,2,4,01007,111
59000,1,1,00804,213
78000,4,3,01106,106
65000,2,2,00505,59
147600,3,2,01500,66
89000,4,3,00100,16
199710,1,2,00802,39
62000,1,7,01101,75
350000,2,2,00400,60
23150,0,2,01004,61
96000,2,2,00400,89
109200,3,2,00200,36
50000,3,2,00501,71
62000,0,1,00507,234
38600,2,2,01600,175
152500,2,2,01400,60
90000,2,2,00700,470
16510,1,1,01002,99
26400,2,2,01500,177
54400,1,1,00601,35
12500,0,3,01101,138
75900,2,2,00506,60
191200,3,3,01105,65
61600,2,2,01105,279
72600,2,2,01202,91
162000,1,2,00901,136
272000,2,4,01105,91
70000,4,2,00506,167
242200,2,2,01004,71
20000,1,1,00802,26
370700,5,7,01003,108
183000,1,1,00302,77
270000,2,2,00801,36
7800,1,1,01001,64
53900,2,2,01300,14
45000,1,1,00100,39
83400,3,2,00502,54
288000,2,3,01101,154
245000,2,4,00400,60
598000,2,4,00901,84
155000,2,4,01201,176
42200,2,2,01003,116
161000,3,2,00602,52
37700,0,1,01107,263
16800,2,2,01004,122
183000,1,4,01002,125
95100,1,2,01005,53
74500,2,2,01004,109
65000,0,3,01003,310
48000,1,1,01002,436
61000,2,2,00100,16
141000,2,2,01102,186
7100,1,2,01003,175
93200,1,2,01104,133
77600,3,4,00200,69
33000,1,1,00805,40
100000,2,2,00801,130
236000,1,2,01006,142
35500,1,2,00506,320
12600,0,1,01300,19
274100,2,3,00805,81
53600,1,1,00200,92
50000,1,1,00801,69
38400,1,1,01006,116
130800,3,3,00301,30
74000,2,5,01300,307
54100,3,3,00302,113
48300,3,3,00507,166
91000,1,1,00700,20
140000,1,2,01600,103
177000,2,2,01500,130
175010,2,3,01300,86
222000,3,4,01105,132
70800,3,4,00302,70
178000,5,4,00301,49
60300,4,2,00400,60
120000,2,4,01004,50
325800,3,3,01203,54
1010,0,1,01107,180
104500,2,2,01202,60
127000,2,3,00601,96
59800,1,2,00902,108
102800,2,2,01002,163
155000,2,2,00506,70
44600,2,2,01400,91
51700,1,7,01105,280
33700,2,2,00100,46
389670,2,2,01203,48
164200,1,2,01203,51
160000,3,4,00503,73
138820,2,2,00200,49
105000,2,2,01201,137
84000,2,1,01300,41
40000,2,3,00502,231
98600,2,1,01203,28
60000,1,1,01500,32
180000,2,2,01600,56
12000,1,1,00805,142
107700,2,2,00504,32
51300,1,1,00507,128
130200,4,3,00601,47
332000,1,1,01004,12
141000,2,4,01004,156
7900,1,1,01102,79
208000,3,3,00504,62
114000,1,1,01002,51
134000,3,5,00100,68
14800,1,1,00502,163
60000,2,2,00501,55
144000,2,4,01007,52
49000,2,2,00400,67
56000,1,1,00504,30
6500,1,1,00801,194
112100,2,3,01101,90
176000,3,7,01600,88
55000,2,2,00503,68
119200,2,4,00504,162
103900,2,6,00503,93
7600,2,2,00301,52
38400,2,2,01500,30
202800,2,3,01500,46
94900,2,2,00301,51
160000,2,2,00503,110
124320,4,3,00200,169
41940,0,5,00301,51
165000,2,5,01204,57
29340,1,2,00502,43
31100,1,1,00503,104
56700,1,2,01500,95
166000,1,1,01001,89
19700,3,3,00100,82
215000,2,2,00804,73
12000,0,1,01101,113
65000,2,3,00501,195
26200,2,4,00100,21
39500,1,1,01004,107
167000,2,4,01201,62
112000,1,1,00504,42
163300,2,2,01004,85
235000,1,3,00802,169
77000,2,8,01101,125
159400,2,2,01201,98
60000,1,3,01204,133
20400,1,1,00506,179
214600,2,3,01007,46
155000,2,2,00902,140
100000,2,4,00504,72
140800,2,2,01001,43
149200,1,4,01106,67
70000,1,2,01003,181
247000,2,2,00400,47
99000,0,8,00805,112
274000,3,5,00400,60
124000,1,1,01104,127
89200,3,3,00504,47
57800,2,2,01400,37
222000,2,4,00504,112
133110,2,6,01300,33
107000,2,4,01004,64
40300,2,1,00200,19
243000,4,2,01106,104
20000,1,4,01300,73
80700,1,1,01004,51
112000,1,2,00503,54
46000,2,2,00507,63
8300,0,1,00504,38
202200,0,3,00301,115
63300,3,2,00400,40
85000,1,5,01104,64
23500,2,1,01400,88
148000,2,3,00601,34
578000,4,1,01001,66
1400,1,1,00803,95
159000,1,1,00902,63
101200,4,1,01101,33
110200,1,1,01300,19
12000,2,1,00901,182
180000,3,3,00301,88
165000,1,1,01004,62
333080,3,4,01004,85
97100,4,5,01400,351
844550,2,2,01004,53
137000,2,3,01400,53
131000,2,2,00601,83
30010,2,3,01500,54
53400,1,1,00504,51
111000,3,2,01600,123
76000,3,3,00400,125
89700,2,1,01400,128
196000,2,2,00804,67
285100,2,2,01105,59
155080,2,2,00302,109
120000,3,4,01202,178
56200,3,5,01107,107
11300,1,1,00501,72
145000,1,2,01400,392
190000,3,4,00400,70
21700,2,3,01101,69
14400,1,1,00506,57
75000,3,2,01500,336
158000,3,3,00302,138
65000,1,1,01400,51
80000,2,2,00400,58
2800,1,1,01400,180
32600,0,3,01006,110
22920,1,1,01400,47
120000,3,6,01201,147
65000,3,2,01300,111
10400,1,2,00700,106
716000,3,4,01001,46
185000,3,3,01600,210
13350,0,1,00804,28
242000,2,4,01201,204
173500,2,3,01007,57
72000,3,4,01006,311
111600,3,6,00200,225
178600,2,2,00505,89
101100,3,4,01002,77
95600,1,2,01005,308
90200,3,3,00803,42
334000,3,2,01203,53
140400,4,3,00901,69
75000,1,2,00901,198
86000,2,4,01600,324
52000,2,4,01202,44
15000,2,1,00504,55
110000,2,4,00302,78
578150,3,4,01004,57
63800,2,2,01400,74
64600,1,2,01003,53
150700,4,2,00505,55
188000,1,3,00301,57
63000,2,2,00805,51
233000,2,4,01203,100
80000,1,2,01201,100
278100,3,3,00501,80
110000,3,4,00501,129
880,0,1,00801,107
590200,2,4,01300,122
284000,2,3,01007,32
80000,1,1,01005,127
246100,2,6,01002,238
337000,3,2,01005,54
120200,2,4,01107,167
11600,1,1,01005,114
152000,2,4,00902,130
63000,1,1,01500,34
73000,2,2,00802,33
33600,1,2,00200,154
167500,5,3,00601,30
43400,1,1,00803,299
124010,3,6,01005,11
520400,2,4,01003,85
118900,0,7,01101,260
125000,3,3,01005,106
126000,3,3,01102,62
136600,2,2,01103,56
57800,1,2,00100,54
157020,1,1,01003,87
58300,0,1,00805,61
30020,1,1,00505,101
144000,3,3,01300,43
245000,2,5,01300,61
62000,1,1,00505,593
77050,2,1,00507,26
31000,1,1,01400,94
124000,2,7,01202,77
50000,2,1,00506,138
55000,1,2,01202,56
90000,1,1,00504,213
31600,2,1,00301,68
108200,2,2,01004,65
167200,1,1,00902,125
576400,2,4,01004,15
93500,1,2,01007,237
11900,0,1,01003,61
88400,2,2,00902,107
69000,3,2,00801,154
265000,2,2,00601,29
35500,1,1,00400,20
65000,3,2,01106,33
173000,2,2,01600,93
90000,4,4,00505,154
138370,3,4,00601,52
188200,3,2,01300,104
98500,2,2,01400,36
245000,2,4,00301,58
130000,2,3,00504,257
121000,2,4,01001,49
111700,2,3,00505,87
33700,2,2,00301,69
82000,3,2,01300,153
30200,1,2,00507,71
83400,2,2,01204,57
148800,1,1,01005,101
140300,4,5,01001,57
75080,2,5,00506,41
53000,3,5,01300,44
39600,3,2,00506,49
171340,1,5,01104,35
110600,3,3,00503,31
40200,0,5,00507,58
15900,2,1,00801,61
20900,2,3,00602,57
168000,3,7,00301,33
367500,3,5,01203,55
76000,1,2,01201,89
162600,4,3,00601,49
255000,4,5,00504,207
76300,1,2,01400,74
200400,1,1,01003,75
38800,2,5,00902,69
179600,3,2,01203,52
65600,4,5,00302,84
110000,1,1,01006,97
53000,1,1,01101,87
670350,3,6,01004,53
74800,1,1,01103,213
140000,1,1,01201,98
83800,2,2,01300,11
229800,2,2,01001,58
129000,1,2,01105,55
30700,1,1,00100,27
90000,2,1,00301,64
100000,2,4,01003,92
28100,1,2,00804,67
12000,2,1,00100,36
656000,4,2,01004,55
48000,4,8,01300,100
38900,1,1,00502,91
174000,2,2,01004,102
252000,2,2,01005,24
87000,3,2,01300,25
85000,1,3,01103,22
159100,3,4,01001,57
75000,1,1,01300,73
96000,2,2,00200,223
39000,1,1,00802,47
153000,2,4,00902,142
46500,1,4,01001,98
204050,2,2,00505,54
370000,6,2,00302,138
75000,2,1,01001,103
120200,3,7,01102,41
190000,2,2,01001,12
206600,3,5,01300,53
4000,0,2,01101,108
211000,2,2,01600,54
142000,2,5,00902,62
99280,1,2,01103,73
115000,1,4,01106,175
67500,1,5,00502,375
21500,1,3,01102,95
6010,0,2,00805,84
134440,5,2,01201,95
231500,3,5,01004,53
125000,2,2,01204,52
312200,3,4,01105,404
123800,3,3,01500,48
21500,0,1,00501,72
280000,1,1,01203,118
164000,1,2,01005,90
59200,1,1,00501,75
15200,1,2,01004,45
240800,1,5,00801,59
26000,1,7,01007,264
51500,2,2,00400,57
113000,1,1,01102,98
186000,2,2,00400,48
52200,2,2,00505,95
198450,4,1,00501,60
578000,0,1,00805,72
50000,1,1,00803,133
62700,2,2,01204,137
55000,2,5,00302,107
60000,0,3,01003,48
930,1,4,01101,66
9700,1,1,00902,61
14800,0,1,00502,83
100200,1,2,00803,67
160300,2,4,01003,55
115000,1,1,01003,61
191000,2,2,00805,43
260000,2,2,01002,95
63100,3,2,00507,103
102000,2,1,01001,36
149200,2,5,01104,132
110000,2,5,00301,68
1300,1,1,00902,85
2800,1,1,01001,51
54300,1,2,00801,76
257000,3,2,00902,65
15700,2,2,01204,82
285900,3,2,01105,73
23000,1,5,01102,135
50000,1,3,01103,57
632200,2,5,00601,31
115000,2,4,01005,89
45000,1,2,00802,139
136000,1,1,01003,48
49400,1,1,00507,40
145010,4,2,01300,65
65000,2,2,01007,137
88000,3,3,00503,70
61300,0,2,01003,46
12900,2,3,01105,58
3010,1,1,00100,21
89000,2,1,01002,59
13000,0,1,00805,40
12000,1,2,00302,124
129000,3,3,01400,98
155000,2,2,00506,135
99000,2,10,01003,100
34100,4,2,01400,29
56000,1,2,01106,197
104000,2,3,00400,253
25000,1,3,01007,84
73000,1,1,00902,63
679900,4,2,00503,52
182070,2,2,00400,53
88000,1,1,00801,282
40000,1,4,01101,60
3000,0,1,01005,121
41800,0,3,00804,58
140000,3,3,01500,100
56160,2,2,00501,74
77000,1,1,00802,129
30900,1,2,01002,156
16000,0,1,00803,262
19500,1,1,00506,34
23800,2,3,01104,189
99600,1,3,01005,75
260500,3,6,01204,50
15000,1,2,00400,10
230000,2,6,01203,57
21600,1,2,00506,181
228300,4,4,00902,118
33800,1,1,01103,16
82600,0,2,00802,172
63300,1,2,01600,31
43100,1,3,00801,118
36600,0,3,00801,145
160000,1,1,01600,110
28000,1,1,01107,67
55950,4,2,01203,92
442000,5,3,00901,109
93000,2,3,00400,92
23800,1,1,00801,114
195000,2,5,01005,63
146500,3,8,01005,174
868200,4,4,01003,58
8300,2,3,01105,73
74400,2,4,00302,79
228700,4,4,01203,61
83940,3,4,00805,44
162000,3,2,00505,48
65800,3,2,01300,47
129800,2,2,00804,51
174800,2,5,01001,83
108000,2,2,01203,116
134000,1,2,00802,132
16000,0,1,00200,41
149500,3,2,01105,47
123000,3,2,00502,97
166100,5,7,01400,90
15000,1,2,01007,242
277000,2,2,01004,54
189000,3,3,01103,36
167000,3,3,00400,78
165400,2,2,01003,66
45800,3,2,00700,74
171200,3,3,01005,89
280000,2,3,00301,91
82300,4,5,00301,26
49600,1,3,00100,14
69000,2,2,00502,78
195000,2,3,00507,72
128500,2,3,01106,123
117400,3,2,00400,54
103300,5,5,01003,210
21700,1,4,00601,157
64000,2,2,00301,62
96000,2,2,00902,126
123000,1,3,01103,46
14800,2,2,00100,86
17400,1,1,00506,48
391500,3,3,01004,93
191000,1,1,00802,85
38000,2,2,00506,148
52900,2,2,00301,47
84600,1,1,00901,54
65000,1,1,01201,108
66000,3,3,00200,159
350400,2,2,01003,37
113000,1,1,01002,198
5200,4,2,01102,48
89400,1,2,00200,132
170000,2,2,01007,98
125000,2,4,01300,56
23000,1,1,01300,74
200150,2,3,01002,74
139700,2,5,00602,64
244000,2,2,00901,64
67000,1,1,00400,107
165000,2,2,00507,71
22000,1,5,01003,265
190500,2,2,00503,55
60700,1,1,01105,52
47600,1,2,01300,197
200000,2,4,01004,48
135000,2,3,01500,34
133000,4,6,01107,37
29900,4,5,01106,343
166000,3,2,00804,43
700,2,1,01400,20
10600,2,4,01106,37
98100,2,2,01400,38
60000,0,7,01103,145
102300,1,4,01107,369
944000,3,4,00801,62
153800,2,2,00803,77
160400,4,4,01203,71
100000,1,3,01105,143
114000,2,2,00100,39
77000,2,4,00501,274
20000,1,1,00100,39
200000,2,3,00602,484
60000,1,1,00503,44
26100,1,1,00504,182
70800,1,2,01006,73
247000,1,6,01400,55
30,1,1,01102,279
163800,5,2,01001,81
57200,1,2,00802,54
153000,1,2,01204,75
126000,1,3,00504,37
94100,3,2,01300,92
26300,2,2,01001,55
200000,1,5,01003,29
111600,1,1,01003,47
67300,2,6,01103,77
164000,1,5,01103,103
85000,2,2,01106,51
241800,2,5,01500,131
3600,0,1,00805,145
335000,1,4,01101,106
300410,2,3,00902,79
4000,2,2,00901,109
191000,2,2,01204,61
11550,1,1,01104,119
18000,2,2,00700,100
700,0,1,00801,198
100000,1,1,01103,37
280600,2,2,01101,24
230000,3,4,01600,172
159200,3,5,00301,64
222300,4,4,01400,155
186000,3,4,00601,58
182000,2,3,01201,89
65200,1,1,00200,62
82100,2,2,00200,22
210100,2,3,00802,55
135900,1,1,01500,161
113400,3,2,01002,68
60000,2,3,00804,41
69000,2,4,00507,105
148000,2,4,00503,118
41700,1,1,00502,90
226000,3,2,01300,66
65900,0,2,00505,54
66700,2,3,01400,29
75000,0,1,00506,243
11000,2,2,01500,54
25700,1,1,00803,59
67000,1,3,00100,53
70500,1,1,01204,294
100000,2,2,01300,67
16040,1,2,01101,112
27000,3,3,01400,85
234710,1,2,01300,47
360000,2,2,01105,78
192600,3,3,01400,38
49000,4,3,01300,108
86000,4,2,01400,26
752000,2,5,00503,92
8500,1,1,01003,107
105000,2,2,01300,61
169400,2,2,01107,72
160000,2,2,01204,105
189150,1,2,01004,90
130000,0,1,01103,52
153000,4,5,01400,194
10300,0,4,00805,133
39800,2,2,01300,75
240000,2,5,01203,113
20400,2,1,00801,60
41600,1,1,01005,67
182500,2,2,01104,71
126000,2,2,00507,69
63000,1,2,01003,39
37100,2,2,01300,36
267000,4,6,01102,60
152200,1,2,01004,126
200000,2,2,01004,55
23800,1,1,00501,76
148104,2,4,00901,80
118000,2,2,01005,93
21100,1,1,01103,115
90000,2,1,00902,66
25300,3,2,01500,58
320000,1,2,01203,73
74600,2,4,01006,95
45600,1,2,00301,15
9800,1,1,00601,55
55000,3,3,00805,94
320500,5,5,01003,53
54700,1,2,00602,127
75000,2,1,00901,61
49600,2,2,00602,143
300000,3,4,00400,185
71000,4,3,00200,102
93000,1,1,01300,99
27500,1,3,00801,82
327000,3,3,01400,268
110000,2,2,00100,52
22900,1,1,00601,35
582000,3,4,00504,88
265800,2,3,01007,74
1500,1,1,00802,63
165300,3,2,01600,298
150000,3,1,00503,171
183000,2,3,01202,66
12000,1,2,00506,80
168000,1,2,01400,74
625000,3,3,01003,57
331050,2,2,01203,44
270720,6,5,00901,56
15600,4,4,01204,202
29600,0,1,00805,76
190000,2,2,00601,59
134400,2,4,00700,29
78400,2,1,00507,83
30000,1,3,00902,194
71600,2,4,01101,147
223000,2,2,01201,147
120000,2,2,01104,73
69900,2,1,00502,190
82900,0,5,01107,83
77000,1,1,01007,129
175400,2,2,00301,24
133550,2,4,01201,41
194000,2,2,00301,25
268700,3,3,00902,63
130150,2,5,01500,243
168000,3,3,01007,185
186400,4,6,00901,195
39000,0,4,00504,156
62000,0,2,01107,37
612100,2,3,01004,37
55000,1,1,00400,95
16000,1,2,00200,82
54200,2,2,01203,50
116100,4,2,01106,36
66680,2,3,00100,38
76000,2,2,00503,100
19420,2,3,01102,224
67500,2,2,00100,35
48320,1,2,00505,44
155000,2,2,01500,98
121000,2,1,01003,77
50000,1,1,00804,144
50000,1,1,00602,69
18080,2,1,01004,55
63100,0,1,01107,94
22200,0,2,01103,135
327000,6,2,01106,57
55800,3,4,00200,48
17300,1,1,00802,101
151600,2,3,01104,335
13000,0,1,00802,231
44100,1,1,01003,237
99600,1,2,01103,18
28000,2,1,01300,113
300000,2,2,01500,112
8400,1,1,01102,170
78000,1,1,01002,118
27500,2,1,01400,24
4000,1,1,00901,48
46000,2,3,01500,162
10150,2,1,00805,97
109400,2,4,00302,106
188800,5,5,01204,89
86100,2,4,00602,94
125700,2,2,00503,129
82600,2,2,00507,98
220700,1,3,00805,105
104700,4,2,00501,63
213000,2,3,01001,83
139000,3,2,01004,13
65500,1,1,01106,118
144060,3,3,00601,107
110000,1,1,00803,58
59400,2,2,01003,61
56000,1,1,00502,398
97000,2,2,00504,123
58000,2,2,01003,31
133500,2,5,00302,75
93300,5,8,01103,103
271700,4,5,01105,74
165000,2,3,00601,93
152700,1,2,01105,145
85400,2,2,01300,49
151000,3,3,01500,85
58000,1,2,00504,150
166000,2,3,00803,130
200600,2,2,00400,41
452400,2,2,01006,65
8100,3,4,01005,234
100000,1,1,01107,191
51000,1,1,01600,57
20000,1,1,01204,59
175150,1,3,01002,62
42000,2,2,01300,261
71400,5,3,01201,87
32000,1,1,01104,67
181500,4,3,01300,98
70600,4,4,00302,104
528000,3,4,01203,60
95000,5,4,01201,90
86400,2,2,01101,44
87000,1,2,01002,82
97570,1,1,00400,46
99000,2,3,00802,65
35000,1,1,00501,49
458000,1,1,00503,61
583000,1,1,01005,50
347700,4,4,01203,87
103400,2,5,00602,57
55000,2,3,01600,26
329500,0,5,00802,18
67000,1,1,00301,51
114000,2,1,00400,50
397500,2,5,01201,107
603000,2,1,00804,118
75000,1,1,00804,57
30000,1,1,00602,24
50000,2,4,00804,49
250750,5,3,00901,118
54200,2,3,00400,109
148160,3,4,00805,82
147270,2,2,01400,79
72000,1,1,01202,67
315000,1,2,01203,52
60000,1,2,01007,111
16800,1,1,01400,191
55000,1,1,00301,29
122000,2,2,01106,110
54000,2,1,00505,484
133100,1,2,01003,101
88050,3,4,01300,63
240000,2,3,01003,26
63000,2,3,01002,89
64300,1,2,01004,47
292000,2,4,01001,63
110000,2,2,00700,125
95000,3,2,01101,95
110100,1,3,00802,60
163680,2,2,01300,68
170200,2,2,01201,64
40000,1,2,01003,81
248200,2,2,01003,47
71000,1,1,00804,168
102120,2,2,01001,86
109000,1,1,01400,70
101200,2,4,01006,44
38000,1,2,01104,375
38000,2,2,00503,58
34080,0,1,00805,200
339700,3,3,01001,48
112790,2,2,00505,83
79000,1,1,01005,41
138600,3,3,00700,162
157000,3,2,00506,41
32000,0,1,00506,125
129000,1,1,01204,109
141100,2,2,01003,47
155000,1,1,01003,58
32000,1,2,00505,149
150000,1,1,00802,62
43500,4,4,00700,80
229000,3,3,01004,98
278000,1,3,00802,73
23230,1,1,00804,89
300000,3,4,00601,39
83000,3,2,01001,81
82500,3,5,01202,148
72700,2,2,01201,278
10300,0,1,00200,54
45000,1,1,00801,83
101700,2,2,00801,85
5950,3,2,00902,34
109000,3,2,01105,83
43100,3,2,00302,30
108100,2,4,00507,68
60000,1,1,00802,82
103000,2,2,00200,59
147500,4,2,01400,13
195200,2,2,00602,75
117600,2,2,00400,159
98700,0,4,00301,88
32000,1,1,01102,63
89200,2,6,00505,179
49100,0,2,00506,46
160000,4,5,00503,176
109000,2,7,00400,79
25180,2,2,00100,59
60000,2,2,00200,43
218230,3,3,01600,260
44200,1,1,01004,58
210000,1,2,00804,33
63500,2,3,00507,169
97700,6,3,00301,33
764000,2,4,01004,68
39000,0,1,01004,63
43000,1,4,00301,30
150000,1,1,01002,102
128000,1,1,01203,101
240000,2,4,00802,246
206000,2,4,01004,15
157200,2,2,01003,114
29000,2,2,00901,267
17000,1,2,01101,72
145600,2,4,01003,49
264000,1,2,01004,153
108000,1,1,00200,71
165000,2,2,00301,46
73600,2,2,01400,196
38000,1,2,01400,46
184900,4,4,01204,89
80900,2,1,01600,113
355250,3,3,01105,104
110000,1,3,00301,59
16800,4,3,01300,42
69100,2,4,00503,61
78000,2,2,00700,72
266000,2,4,00302,91
56560,3,2,00301,37
195000,2,2,00501,205
59400,1,3,00301,80
33000,1,1,01600,58
123000,2,3,01105,59
55000,1,1,00502,263
18100,1,1,00100,61
9000,1,1,01005,86
113600,2,4,01500,139
154000,2,5,01105,70
257300,1,2,01004,50
167000,3,5,00100,43
57800,2,4,00505,126
33400,2,2,00801,73
70000,2,2,00902,72
60000,1,2,00602,72
52900,2,3,00507,99
120000,1,3,01107,234
39000,1,2,00504,43
35700,1,1,00302,116
119900,1,3,01004,56
220500,2,2,01600,50
145020,3,2,00902,179
115000,1,1,01104,24
120500,2,2,01007,31
61000,2,2,00302,123
50000,1,2,01107,179
57000,2,2,01400,62
22100,1,2,01201,60
49000,1,1,01300,269
20000,1,2,01101,26
64700,3,5,00507,43
44400,1,3,00801,79
61000,2,2,00503,61
24000,1,1,00503,182
60400,1,1,01004,71
48000,1,1,00802,43
330470,2,3,01004,57
46000,1,2,01202,151
145000,2,2,01600,129
204000,2,2,01104,60
233370,2,5,00901,82
94600,2,2,01204,119
68000,2,2,01004,149
214000,3,3,01600,79
245000,2,6,00501,43
273010,3,3,00700,86
145000,1,1,01105,47
99600,1,1,00803,76
103400,2,4,00301,80
214200,3,4,00801,270
15000,2,4,01103,50
175720,2,2,00200,87
46800,2,2,00301,18
153000,2,2,00802,71
70700,3,2,01300,6
354000,2,1,00506,69
45800,2,4,01002,87
173000,4,2,01300,44
9500,0,1,00802,62
91000,1,2,00302,58
199200,3,3,00502,307
80400,2,5,01103,65
85000,3,4,00901,195
189000,2,3,00200,165
54100,1,4,01203,76
16800,3,2,01600,57
15000,1,2,00803,449
130000,1,2,01004,112
69500,3,2,01500,63
150000,1,2,00902,194
19500,0,1,00501,34
127600,1,3,01005,49
35000,1,2,00501,360
107600,2,2,00400,48
160300,2,4,00301,104
310000,2,3,01204,99
48000,3,1,01102,47
216000,2,3,01003,88
55000,2,2,00302,88
16000,1,1,01007,43
42600,2,6,00400,55
19000,1,2,00100,111
80000,2,2,01102,69
43000,2,1,01203,49
64400,1,3,00505,140
44000,1,1,01101,138
30000,1,2,01001,103
42900,1,3,00507,73
95600,3,3,01600,312
652400,3,5,00505,54
6000,1,2,01004,13
21800,1,4,00804,58
150000,2,3,01105,52
82000,1,1,00502,321
46000,0,1,01102,97
100000,2,2,00601,74
45000,1,1,01004,78
9500,1,1,01005,90
10900,0,1,01104,119
79000,1,1,00804,126
3000,1,1,00902,102
66700,1,1,01300,44
60000,1,1,00901,137
29300,2,2,01300,421
106400,2,1,01101,32
74800,2,2,00503,47
100900,2,5,00302,270
264500,4,4,00902,111
86000,1,3,01103,52
163500,4,3,00601,153
96000,2,2,01300,56
570000,3,3,01103,30
353000,3,3,01002,55
287000,4,3,00901,50
205000,3,1,01103,21
145000,3,3,01001,172
267000,2,2,01005,48
68000,2,4,01106,170
75000,2,2,01500,55
350000,2,4,01003,57
308000,3,4,01102,70
50000,2,2,01003,47
29000,1,2,01104,155
260200,3,5,01001,82
116000,2,2,01104,76
229500,2,5,01001,81
122300,2,2,01103,146
179000,2,3,00302,49
164050,2,2,01003,24
20760,1,2,00901,46
123200,5,2,00602,100
155000,1,1,00601,51
67000,2,5,00301,71
44000,2,2,00100,55
6400,1,5,00501,384
228180,2,6,00503,39
556000,2,2,00901,99
7300,1,1,00504,47
85000,3,2,00100,72
129500,5,10,01103,31
140000,3,3,01001,98
40000,1,2,01300,94
106400,2,4,00801,60
67500,2,2,01600,52
130000,2,2,00504,42
183900,3,6,01001,113
202000,1,6,01006,144
101600,2,4,00503,163
166000,2,2,01203,96
685100,2,2,01004,19
93600,1,2,01004,123
100000,4,2,01300,58
171300,3,7,00902,101
187600,2,4,01105,95
41300,2,3,00804,195
74400,1,1,00400,52
10000,1,3,00602,96
119600,2,3,01002,220
192000,3,4,01500,128
66000,1,1,00400,46
70000,1,1,00901,224
16500,2,4,00400,56
10000,2,4,00803,128
256000,3,3,00400,52
90000,2,2,00302,97
44700,1,1,01500,76
102700,2,2,00400,51
200000,6,4,01202,43
40000,1,1,01204,110
8,2,4,00503,186
62000,3,2,00901,184
2700,1,2,00601,267
232000,2,3,00901,77
219000,2,2,01105,69
153410,1,2,01004,89
245900,2,1,00601,31
44800,1,1,00803,41
115500,2,2,01201,88
208000,3,3,00601,91
25000,1,3,01107,140
138800,2,5,01001,73
70000,2,5,01600,200
43100,3,3,00801,72
510400,2,2,00602,72
207000,2,4,00506,250
31200,1,1,00805,97
168000,1,1,01007,53
22100,2,2,00601,139
128000,3,3,00302,126
158000,2,2,01500,52
27300,1,1,01202,281
128000,3,4,01500,456
112300,4,2,01500,85
316400,2,5,00507,78
66400,2,2,01400,82
50000,1,1,01103,82
78000,1,1,01204,139
41200,1,1,01300,55
208010,2,2,00901,76
86100,2,3,00301,31
119300,4,3,00501,36
106010,4,5,00200,59
99700,1,3,00802,33
137000,3,3,01203,91
375000,2,4,01004,20
365800,2,2,01203,51
247350,3,2,01203,100
180000,2,4,01500,66
48000,1,1,01107,398
250000,1,1,01007,50
80000,1,5,01202,162
197000,2,4,00301,248
75700,1,6,00602,40
46000,2,4,01101,154
30300,0,2,00805,312
213400,1,2,00801,75
181000,2,4,00502,82
98300,0,1,00801,88
246000,3,3,00301,60
57600,2,2,00602,232
300000,3,4,01201,62
40000,1,1,00902,66
50010,1,2,00504,189
97700,1,2,01107,69
22400,2,2,01003,79
90000,1,1,01300,58
113000,1,3,01102,286
60000,2,3,01101,333
36000,1,2,01104,95
247000,2,4,01004,56
90800,3,3,01300,99
51600,1,1,01003,72
593000,4,4,01201,49
78000,1,1,01102,83
103800,3,4,00505,100
11090,0,4,00805,109
129000,2,3,00602,298
101400,2,4,01600,87
50000,2,2,00100,52
56500,1,1,01107,98
578000,2,5,01004,44
278900,4,5,00100,67
130230,2,2,01201,176
25000,2,1,01204,136
90004,1,2,00501,294
42600,1,1,01204,87
13700,1,1,00200,75
4600,1,1,00504,47
14000,1,1,00400,107
163600,1,2,01005,61
123000,1,1,00805,58
86600,1,1,01400,55
77800,1,1,01500,56
59600,0,4,01101,78
147700,2,2,01202,86
139900,1,2,00302,57
133000,2,4,00501,128
152800,3,4,00505,97
88500,2,4,01104,82
161000,4,4,00400,48
54000,2,4,01105,60
110000,2,4,01105,17
26000,2,2,01400,50
12000,1,1,01400,74
235000,2,2,00901,42
15000,1,1,00302,148
29600,1,2,00507,94
305000,5,2,00302,147
85000,1,1,01105,58
143000,2,3,01006,102
65000,2,3,01104,176
35000,1,4,01004,54
345000,2,3,01004,42
74270,1,1,01107,65
255000,1,2,01105,61
130000,2,2,01102,241
40000,1,2,00804,167
38740,2,2,01201,98
230000,1,3,01103,29
206800,2,5,01003,52
56000,3,2,01204,51
425000,3,2,00503,57
243200,2,5,00501,110
15000,2,2,01201,215
277000,2,6,01500,90
238000,4,3,01500,151
46600,1,1,01005,167
160000,3,3,01001,35
118700,2,3,00602,50
791500,2,2,01500,61
17000,0,1,01400,43
86000,3,3,01203,164
73000,1,2,00507,41
22000,2,4,00801,74
205000,3,5,01106,68
210700,2,2,00902,79
229200,2,3,00301,61
41000,1,1,00400,49
82400,2,2,00507,62
172000,1,3,01105,52
32400,1,1,01101,62
100000,4,2,00506,56
127500,2,2,00503,61
155000,2,3,00506,46
203000,1,1,00502,78
24000,0,2,00501,81
78300,1,1,01003,79
60000,1,1,01400,110
211000,2,2,01003,60
100000,3,5,01001,239
38800,1,1,00700,103
233000,3,3,01500,76
168100,4,3,00301,21
190880,3,4,01600,98
169000,2,2,00503,115
94550,3,2,01103,82
46000,2,2,01106,53
107020,2,2,01203,48
84400,1,2,00501,48
105100,3,3,00503,221
56010,1,1,01103,121
83400,2,3,00301,194
272400,3,1,01005,44
77800,2,2,00505,107
66900,0,2,00601,49
153400,2,2,01400,161
147200,2,2,00503,88
616900,2,2,01004,55
86000,2,3,01007,46
179000,3,3,01003,51
14000,1,1,00805,87
83000,3,3,01400,53
20000,1,2,00805,51
102200,3,4,00503,48
80000,4,2,00200,39
105000,1,1,01600,154
11800,6,1,00400,108
77000,1,2,00902,187
112200,3,1,00200,102
166700,2,2,01001,98
161500,2,6,00400,63
174000,2,4,00302,395
70000,2,4,00100,34
25800,2,1,01300,65
264000,3,2,01002,114
300000,2,2,01500,107
90000,2,1,01105,46
76700,3,3,00501,57
161000,0,1,00503,60
609400,3,4,01004,64
24800,1,1,00803,58
63300,2,4,00502,186
29000,1,1,00200,68
130400,2,2,00902,79
58000,2,4,00302,228
27000,1,1,01204,97
73300,1,2,01400,238
36000,2,2,01400,64
119430,3,3,01003,99
80000,1,1,00504,51
265800,3,4,00505,59
410000,2,2,01002,111
234000,4,3,01001,88
72300,3,2,01300,68
94000,4,4,00100,108
70000,2,2,01300,13
10170,0,2,00805,37
61000,4,2,00400,229
100000,2,3,00400,90
140000,2,3,01007,32
19100,0,1,01300,48
49500,3,2,01300,17
373000,2,5,01003,211
18200,3,5,01107,240
80900,1,2,01105,53
932000,2,4,01004,20
100000,3,5,01500,128
41500,6,2,00100,79
42200,2,2,00100,99
52700,2,2,00100,83
271300,1,1,01004,62
289000,3,3,01001,119
63100,3,5,01300,48
45504,2,3,00802,72
139000,2,1,01003,84
576000,6,3,01204,256
267000,2,2,00902,59
9400,0,1,00502,232
41000,1,1,01003,61
49000,0,2,01107,179
168000,2,2,00302,94
10500,1,1,01002,56
29500,1,1,00804,28
89500,1,1,01101,49
279720,4,4,01106,43
104250,2,2,01105,53
53000,1,1,01202,88
120000,2,2,00505,400
45000,0,1,00902,330
158800,2,4,00301,209
197600,2,2,00301,60
274200,2,2,01006,64
343400,2,3,01005,62
9600,0,1,00506,62
90000,1,2,01005,32
153000,2,2,01201,101
70100,1,1,01400,65
125600,3,4,01201,104
113600,4,4,00601,36
101000,1,1,00602,70
102000,1,1,01500,90
26500,1,2,00901,52
40000,1,5,00805,58
78200,1,2,01002,102
292000,5,7,01201,114
178000,2,4,00601,110
2700,1,1,01201,133
787600,6,3,01001,100
88000,2,4,01500,229
118200,1,1,00902,91
129400,1,2,01103,72
54000,3,1,00200,97
16230,1,1,00301,17
318000,2,2,00601,29
43400,1,2,00501,105
22000,1,1,00506,98
55000,2,5,00505,107
20000,1,1,01105,89
106000,2,5,00100,25
41010,1,2,00503,82
109000,2,4,01500,177
121300,2,2,01003,42
190000,3,3,01400,166
15200,0,2,00601,43
145000,2,3,01102,101
81300,4,5,00400,60
70000,3,3,01001,112
41200,1,1,01300,7
34600,1,1,01500,109
32800,0,2,01104,133
63000,2,2,01203,107
273000,3,2,01500,115
147400,2,2,01500,89
120000,1,1,00700,7
112800,1,2,00601,80
139500,3,5,00602,107
61100,3,2,00801,15
42000,2,2,01201,662
33400,0,1,00803,50
85000,1,1,00501,47
79000,2,6,00902,120
183400,3,3,00504,48
85310,4,3,01300,50
119200,3,2,01500,58
62000,1,2,00503,445
118000,2,2,01106,53
33800,1,2,01101,152
131400,0,3,01204,57
94000,3,4,01201,75
126000,2,1,00503,75
81080,1,2,01500,74
127000,3,2,01500,68
146000,2,1,01106,79
63000,2,1,01202,70
55000,3,5,00302,162
208000,3,3,01106,101
174000,3,2,01106,162
327000,3,3,00901,64
121000,3,3,00400,85
112800,1,1,01004,52
276100,2,2,01003,63
653500,3,3,01201,67
12000,2,2,01300,69
24000,1,1,00100,28
16700,2,2,01500,83
101400,1,5,01007,39
83500,2,3,01107,76
90000,2,3,01007,45
85100,2,2,00504,78
106600,6,3,01203,29
53400,1,1,00302,51
22000,2,4,00801,73
308000,3,4,01500,69
106500,2,2,01600,98
285000,2,2,00902,192
104300,2,2,01003,78
80500,2,3,00502,134
245750,2,2,01204,101
299500,2,2,01001,48
93000,2,2,00804,63
233000,2,4,01005,72
48300,1,2,01003,72
22000,3,2,01600,76
120000,2,2,01003,94
17050,1,2,01003,173
67700,4,4,00803,63
129000,2,4,00902,122
46000,2,2,01600,66
24300,1,2,00506,50
63900,2,2,00200,79
210000,3,5,00301,24
37020,3,2,01004,87
36500,1,1,01400,60
162000,1,3,00802,74
609000,2,3,01004,56
81500,1,1,01105,32
85940,3,4,00100,70
44000,2,2,01003,54
595000,3,4,00502,280
121700,3,3,00804,47
75000,1,1,01107,65
140000,1,4,00801,132
40000,2,2,01003,59
73400,2,3,00302,57
26200,0,1,01106,56
175000,2,4,00301,58
125000,3,2,00301,223
219000,4,3,00602,84
307000,2,2,01004,57
44700,2,3,00502,272
388000,4,4,01004,88
72000,1,1,00507,86
810,0,4,01006,280
231700,3,4,01104,35
5600,1,1,00803,257
981600,1,1,00804,129
118800,3,3,01202,37
40100,1,2,01204,91
111500,2,2,01003,62
333000,5,4,01204,352
27700,2,7,01101,142
134500,4,2,01500,62
70300,1,1,01103,58
221010,2,2,01102,48
39900,1,1,01204,62
337000,3,2,01203,83
133800,2,4,00805,124
137400,2,2,00902,123
28100,2,2,01300,41
93000,3,2,00602,122
66010,2,2,01300,54
2400,0,1,01103,205
21500,1,2,00301,26
175000,1,1,01004,67
247000,3,3,00901,84
76000,3,2,01204,53
67900,1,2,01107,64
69400,3,3,00902,32
280600,1,1,00200,57
48300,1,1,01102,62
192000,2,3,01003,68
210000,2,3,00901,55
162000,3,2,00501,86
96100,1,1,01203,29
104000,1,1,01204,107
165200,1,2,00506,52
165400,2,2,00400,90
64000,1,1,00501,35
249400,4,3,01004,59
185000,3,4,00804,52
17000,0,2,01102,119
175000,2,5,00501,294
100800,2,5,00100,54
237600,2,2,01105,185
130000,1,2,01203,75
120000,2,3,00501,76
112000,2,2,01106,49
159400,4,13,01003,171
170000,1,3,00804,35
182500,2,2,00901,123
13000,1,1,00302,118
278800,0,1,01004,61
39000,1,5,00804,84
344050,5,4,00200,105
69000,3,2,01103,47
129300,2,2,00503,26
90000,2,1,00505,78
237500,3,3,00400,47
212000,2,3,01001,161
68000,2,2,00804,73
162300,2,4,01102,285
235000,2,2,01105,67
333000,3,3,00602,69
88000,1,1,01201,452
84400,2,2,00601,44
50000,2,2,00100,123
179300,4,5,00507,70
120000,2,4,00301,57
29100,2,2,00601,31
206000,5,3,01001,97
284400,5,7,01201,67
102760,1,3,01105,171
152000,2,3,01201,89
64500,2,2,01103,124
34000,1,1,01400,78
56300,1,2,00803,576
51450,2,2,00100,25
10000,0,1,00802,260
172400,1,1,00804,128
165000,2,2,00501,52
58160,1,1,00301,75
150000,1,2,01105,101
15500,0,1,00802,98
102500,3,6,01003,119
265000,3,4,01201,104
275000,2,4,01203,54
118500,4,3,01001,37
101600,2,2,01202,52
12800,3,4,01003,56
106000,1,1,01204,97
97200,1,2,00602,131
168000,1,2,01103,36
41000,1,1,00805,96
11800,3,4,01107,84
29000,1,1,01002,68
195600,3,3,00602,55
900,0,1,01006,103
94230,2,2,00400,49
210000,4,4,01104,41
79000,3,3,00902,111
249000,2,3,00902,72
466600,1,3,01004,85
59000,0,2,00803,286
65000,1,4,01104,72
190800,3,6,01003,116
53140,2,2,01500,185
60200,2,2,01102,77
21300,2,2,01107,125
287100,1,1,00901,97
36000,2,2,01204,87
27100,2,2,00502,98
125000,3,2,00505,132
18340,1,6,01002,280
5300,0,4,00802,108
2200,1,1,01001,119
131000,3,3,00505,252
8450,2,2,00503,101
42000,1,1,00503,75
140000,2,2,00504,207
41100,1,2,01006,46
76000,2,4,00506,130
216500,3,3,01106,59
70000,1,1,00902,53
337640,2,3,01004,86
48400,2,2,00302,66
230000,2,2,00902,40
93600,4,2,01201,91
18000,2,5,01102,188
60840,2,2,00505,62
43000,1,3,00803,118
185280,3,5,01005,33
61000,2,3,00601,85
57000,1,1,01006,99
67600,2,2,00700,74
630,2,6,01002,225
80000,2,3,00506,49
125000,2,1,01101,49
25000,1,1,00302,123
119000,5,6,01105,45
72300,3,9,01003,137
300000,2,3,01004,59
2300,2,2,00801,183
124000,3,3,01003,44
240000,1,2,00804,110
240000,3,2,01006,202
164200,3,4,01106,59
628000,3,2,01203,107
75000,1,1,00902,54
110460,4,4,01104,45
40000,1,1,00804,114
58300,2,2,01600,43
36800,1,1,01300,102
100000,2,4,00804,49
36600,1,4,00506,125
75000,2,1,01106,60
11900,1,1,00801,137
132000,4,3,00902,61
177000,5,3,01300,118
24000,1,1,00501,102
81100,1,3,00501,58
289000,3,2,01005,51
15000,1,4,01400,43
38300,1,1,01400,51
101000,4,3,01204,246
105000,5,5,01201,114
23000,2,2,01300,205
24020,1,1,00100,39
5000,1,1,00200,66
43000,2,1,01103,20
40300,1,1,00200,109
62200,0,3,00805,98
9000,0,2,01203,51
96500,2,2,01101,151
61000,4,5,01600,94
58900,1,1,01107,94
240800,2,2,01103,67
50000,1,1,00100,407
78050,2,3,01101,32
92000,2,1,00803,186
198810,2,3,00301,9
39600,1,2,01300,76
37500,2,2,01001,50
76600,1,1,00503,30
140000,2,6,01106,75
17900,1,4,00602,175
145810,1,2,01202,46
25900,0,3,00301,9
77200,2,3,00805,52
8000,1,1,01600,115
24000,1,1,00302,41
112300,1,2,01004,103
15410,1,3,00700,71
155000,6,2,00505,116
137900,4,5,01204,88
110000,2,2,00700,260
172000,3,5,00400,152
108300,2,2,00507,92
240000,3,2,01300,52
63000,1,1,00805,53
48900,1,2,00602,122
11000,0,1,00301,175
43600,1,2,00302,49
258500,5,4,01203,251
354000,2,2,00601,75
184000,4,4,01106,94
110000,2,2,00804,93
19200,0,2,01103,158
33000,1,1,01006,107
42000,1,1,01204,70
71000,2,2,00200,55
100000,2,2,00505,115
77000,1,1,00805,54
37200,1,1,01105,35
91000,2,2,01300,249
73000,1,1,01102,81
10000,1,1,01300,38
307500,2,3,01101,28
285000,2,4,01004,18
50600,5,2,00506,50
22000,1,1,00803,56
121000,1,2,01004,45
2500,2,2,00901,57
16200,0,1,01004,72
130000,2,2,01101,66
60900,3,3,01105,179
16000,1,2,01400,41
6900,2,1,00803,104
324000,2,3,00505,72
99500,0,2,00602,95
8000,0,1,01004,55
342000,3,4,01004,68
72000,2,2,00502,85
65000,1,1,00501,57
98000,2,10,00801,178
22600,1,1,00804,181
53600,2,5,00400,44
132000,2,2,00602,101
140100,0,3,01103,82
340000,1,3,01007,56
12700,1,1,00200,133
33200,2,1,01400,85
43300,2,2,00803,48
169000,2,5,01007,46
43500,4,10,01102,85
220000,1,1,01004,59
21100,1,1,00507,51
91220,2,4,00501,104
70000,3,3,00503,32
68400,1,1,00302,42
43000,1,1,01400,395
51000,2,2,01105,65
9600,0,1,00805,120
13800,1,1,00504,78
90000,2,2,00100,49
71100,2,1,01500,64
728000,2,3,00802,55
8600,1,1,00302,121
19700,2,2,01204,90
105700,2,2,01300,45
93000,2,3,00601,30
110300,4,7,00301,59
70000,1,1,00501,60
83480,3,6,01007,264
130000,3,4,01300,37
99300,3,2,01204,99
35200,0,2,00805,41
71200,1,2,01007,73
60240,1,1,00802,39
78800,2,2,00507,49
78000,1,1,00801,61
161500,2,2,00502,38
211000,2,3,01201,56
36000,1,3,00503,62
16520,1,2,01202,54
172000,2,2,00902,99
153000,2,2,01102,90
105000,2,1,01500,92
115800,3,3,00902,38
170000,2,4,01004,85
30000,0,1,00803,63
119000,1,1,01500,81
72000,2,2,01103,42
115000,1,1,00803,44
166000,3,2,00602,73
723000,2,3,01004,19
117000,1,2,01600,405
47770,2,3,01107,326
138550,2,2,01203,31
145000,2,4,00501,61
65000,1,1,01202,175
250000,2,3,01004,51
44400,3,1,00802,253
850000,2,4,01004,37
708000,3,2,01003,86
115260,2,2,00801,30
39600,1,1,00200,208
133000,3,4,00507,111
18900,2,3,01102,61
173600,2,2,01004,49
147900,4,2,01102,97
209300,2,5,00400,115
65600,3,3,00601,49
181800,2,2,01204,68
76500,1,1,01400,53
59810,2,3,00700,91
145400,4,2,01600,123
140500,2,3,01005,32
5000,2,2,00400,53
308000,5,2,01600,85
131210,2,3,01105,44
559000,3,2,01004,93
60000,2,2,01005,155
21000,1,1,00501,56
155000,1,2,01001,91
90000,2,2,00400,55
30900,2,2,00504,31
82630,2,2,00100,112
14500,1,1,01002,203
53300,0,3,00501,76
174000,4,5,01003,83
202000,3,2,00400,53
220000,1,1,01204,121
102900,2,3,01003,223
150000,3,5,00301,58
174000,2,2,01600,123
26200,0,2,01004,96
17400,2,1,00506,61
18100,1,1,01104,70
67000,1,3,01102,105
651000,2,4,00302,54
40700,2,2,00400,51
286000,2,4,01004,56
38400,3,2,01204,89
209800,3,3,00400,51
45000,4,5,01201,43
62000,1,1,01104,170
76000,1,2,00902,36
75000,2,2,00100,54
191000,2,2,01101,37
24380,1,3,01600,76
15900,1,2,01201,61
405000,2,2,00801,99
91900,3,7,00505,115
96000,2,5,00507,63
12000,1,1,00501,101
60000,1,1,01006,139
72700,3,2,01001,86
9400,1,2,00100,49
80000,5,2,00902,93
230900,1,1,01103,41
200000,2,3,00302,82
301000,2,4,01002,129
100000,1,1,01005,60
415000,1,5,00804,117
55000,1,1,00400,54
14000,2,3,00602,62
152010,1,1,01003,84
199000,3,3,01006,74
128000,2,4,00501,225
78000,1,1,00503,404
290,1,2,00601,307
88100,2,5,01203,51
131100,1,1,01500,173
1300,0,1,00801,77
84000,2,2,01103,20
30400,1,1,00805,71
350000,2,2,00802,111
170000,2,3,01300,70
120000,2,2,00803,131
75000,2,2,01006,85
29700,2,2,01106,72
53000,0,6,00801,306
64600,2,2,00100,102
277710,3,3,00503,26
64400,2,4,00200,507
10800,0,1,00507,79
1200,0,1,01103,139
15900,0,1,01006,130
61700,2,2,01001,56
128100,1,2,01202,85
45000,3,2,00100,84
56200,1,5,01005,161
56700,2,2,00100,11
75000,3,4,01104,59
34000,0,4,01102,96
98000,2,3,01600,144
94000,2,2,00902,73
21000,0,1,01102,47
30000,1,1,00503,47
51000,1,1,00302,82
184500,2,2,01001,62
13900,0,2,01101,136
50400,1,2,00602,83
208000,2,2,00301,71
315200,3,4,00902,73
50000,1,1,01103,53
238000,2,2,01105,107
37700,1,1,00504,180
42000,1,2,00507,75
31500,1,1,00501,39
140800,3,2,01500,75
34600,1,2,01104,433
165400,2,5,00601,339
103700,3,2,01105,49
204200,2,6,00700,50
140850,3,5,01003,98
1700,0,1,01107,64
86000,2,2,01300,15
96000,2,3,00400,137
193000,2,4,01600,267
86700,2,2,00200,89
139700,2,2,01102,110
93000,2,3,00901,122
11300,1,1,01102,110
21700,0,1,00501,117
70000,3,2,00503,62
42010,2,1,00100,105
85200,0,5,01002,164
60600,3,2,00100,70
326000,3,2,01201,151
90000,3,3,00901,312
673000,4,2,00100,89
56400,1,2,00506,46
214000,1,1,00802,47
140000,2,4,00502,635
128000,4,2,00301,68
17800,2,3,00400,68
85600,4,4,00501,101
248000,3,4,01600,43
38000,2,2,00802,58
14500,0,2,00803,205
63470,3,6,00200,173
79600,2,2,00100,39
54500,2,2,01203,72
30000,2,1,01201,99
260600,5,4,01201,178
60000,1,2,00805,182
136340,2,3,01001,173
80000,1,2,01003,101
77600,3,2,00700,99
198800,2,4,01103,96
45600,2,3,01201,169
590000,2,4,01004,58
486000,3,3,01201,64
17700,2,2,00302,136
148600,3,2,01300,79
17300,1,1,01300,9
33600,1,3,00100,40
197000,2,2,00902,71
64000,1,1,01105,48
495150,2,4,01004,60
18200,0,2,00100,70
235000,2,2,00302,94
157750,2,3,00200,22
24700,4,4,01103,56
33400,2,2,01400,56
322960,4,6,00601,51
97000,2,2,00804,33
132700,2,2,01001,81
38700,1,1,01500,78
41400,1,3,01101,149
50000,4,1,00801,456
21600,1,1,00601,125
182100,3,3,00902,43
108100,3,1,01500,122
157120,1,3,01003,31
10000,0,1,00802,45
200200,3,5,00301,59
96000,3,7,01003,76
60300,3,1,00601,112
344200,2,2,00501,83
210000,2,4,01004,52
415000,2,2,00804,80
75000,1,2,01600,199
85000,2,3,01006,52
409000,3,4,01400,137
256000,3,4,01004,54
80000,2,2,00501,215
46700,2,3,01103,76
126000,2,3,01600,120
119000,2,2,01400,55
9600,2,1,00503,53
338000,2,4,00507,71
133300,2,3,01102,86
30000,1,1,00200,135
106000,2,4,01201,182
30000,1,1,00505,113
124050,1,4,01107,541
416000,3,4,01105,58
35780,3,2,01107,24
116200,2,2,01106,94
51700,3,5,00602,121
3000,2,4,00301,48
180200,2,2,01003,60
122000,2,2,01004,65
201600,2,4,01203,259
186100,2,2,00503,100
13100,1,1,01201,261
177000,2,4,00302,47
165300,3,2,01400,107
730800,3,5,01204,270
184000,2,2,00504,54
120800,3,3,01106,187
86600,2,7,01003,61
60000,1,1,01005,67
96400,2,4,01003,153
95100,3,7,01102,103
100000,3,3,00505,54
37700,1,3,00100,14
133200,2,2,00601,36
170000,2,3,00505,77
132900,2,3,01103,202
87500,1,2,00901,57
212000,2,4,00501,91
1780,2,2,00400,46
200500,2,5,00400,58
141800,2,2,00601,132
279010,3,2,00502,157
604100,2,7,01004,66
59000,1,1,00601,138
90000,2,2,00700,150
120000,1,1,01004,82
164000,2,5,00400,68
239000,4,3,01001,45
100000,2,2,00805,193
115020,2,4,01203,76
47000,1,2,01004,50
34100,1,1,01105,31
167200,2,2,01003,61
70500,2,2,00804,54
69800,2,2,00802,83
8400,0,1,00503,128
58300,1,2,01006,82
377140,1,2,00302,67
82000,2,1,01007,179
768000,2,4,01004,13
53000,1,1,01102,120
111000,2,2,00302,36
103000,1,1,01004,75
39400,1,1,01104,218
78000,3,3,00301,166
65000,2,1,01102,83
130000,2,2,01107,83
10800,2,1,00503,65
25000,0,1,01103,226
63000,2,4,00400,45
164000,1,2,01101,42
180220,3,3,00504,34
144000,3,4,01002,427
181000,2,2,01002,54
12800,1,1,00301,106
185000,2,2,00301,63
56000,1,2,01300,43
19200,2,3,00700,138
111000,2,2,01105,108
54600,3,4,00506,140
48000,1,5,00302,363
60000,1,1,00805,181
44300,1,1,01006,66
169000,2,2,00803,222
738000,1,1,00802,87
169300,2,4,01001,56
3000,1,1,00200,12
182400,1,2,01103,129
67300,3,2,01500,53
105600,2,3,01202,55
252000,2,2,01107,87
249100,4,4,01203,91
22700,2,2,00505,28
48990,2,3,00506,49
166160,2,2,01003,33
41600,1,1,01004,106
157500,3,5,00504,198
82200,1,1,00700,111
25000,2,6,00805,169
57900,1,1,01300,69
69500,3,5,00301,294
35000,2,3,01103,72
98100,2,2,01003,46
45000,1,1,01103,57
800,0,1,00804,63
25000,1,1,00804,152
60000,1,3,00507,99
146000,2,4,00302,257
90000,2,2,01001,62
22500,0,1,00100,15
81400,4,4,00507,147
367000,2,5,00400,38
112000,2,2,01105,198
64000,2,2,00602,55
81900,6,3,01005,44
40340,1,2,00502,97
87000,1,3,00804,49
40000,1,2,01104,175
63000,1,1,01004,103
413600,3,2,01300,70
15300,2,2,00601,377
88100,4,3,00502,69
105300,2,2,01101,37
157000,2,2,01500,271
160200,0,6,00507,20
167300,3,3,01001,54
393800,4,2,01003,60
100000,1,1,01104,92
30100,1,1,00301,24
8600,0,1,00100,32
62500,2,1,00601,53
17000,0,1,00804,430
30500,0,1,01500,52
35000,0,1,00501,65
59700,1,2,00504,78
44000,1,1,00503,33
161600,3,3,01005,133
150000,3,3,00506,105
209000,2,3,00302,116
120000,1,1,01003,32
224200,2,8,01202,113
77300,2,2,00301,61
638000,4,5,00501,76
81600,2,2,00902,86
134800,2,3,01102,78
140000,2,2,00503,126
967000,3,4,01004,94
67400,1,3,01202,293
59100,1,2,00601,50
39600,2,1,00301,46
33000,1,1,00507,82
60000,3,2,00503,63
73000,1,2,01107,92
33700,1,1,00802,59
180000,2,2,00902,87
142000,2,3,00902,114
37600,2,2,01105,74
241310,5,6,00901,114
50000,1,1,01203,185
173000,6,2,01105,234
39500,1,1,00200,191
12000,1,1,00805,93
88000,0,5,01002,55
59000,1,1,01104,79
97100,1,2,01203,100
165000,3,3,01400,70
156000,2,5,01105,177
743000,6,10,00400,34
13520,1,2,01002,93
110200,4,3,01106,142
160000,1,2,00804,77
208000,4,4,00901,100
190000,2,3,00901,82
164500,3,5,00601,84
2600,2,2,00501,62
168190,3,3,01002,44
2000,1,1,00804,47
33000,1,2,01300,25
296000,2,4,00802,32
440000,2,5,01004,64
12000,1,1,01101,160
61000,2,6,01002,48
35500,1,1,01101,65
17800,1,1,01400,52
163600,2,2,00302,71
84100,2,1,01500,50
56000,1,1,01004,52
355800,2,3,01203,43
140000,1,1,01102,49
128800,2,5,00301,53
50000,2,5,01600,90
11100,2,2,01204,46
24000,1,4,01103,42
16700,1,1,00301,67
24070,1,1,00602,63
91600,3,3,00400,43
674500,4,4,01003,100
213300,4,4,01201,182
111000,2,4,00902,202
55000,1,2,01107,164
12000,1,4,01107,109
48000,3,2,00200,59
625000,4,2,00501,92
145000,3,4,01001,58
20000,1,1,01004,12
183000,2,4,00506,98
231900,3,4,01107,202
29100,1,1,00805,120
70600,2,2,01006,59
870000,2,4,01004,20
212320,2,2,00501,44
145000,0,4,00302,159
60500,5,3,01400,157
558000,2,2,00400,159
47000,1,2,00801,131
78000,0,1,00501,102
18000,0,2,00902,41
88100,2,2,00803,49
42200,1,1,01300,54
77500,1,1,01107,203
125800,4,3,00400,195
30900,0,5,01107,55
250000,2,1,01202,211
101400,2,3,00501,55
417600,2,2,01004,95
26000,1,2,00506,125
21200,1,1,00501,58
100000,2,2,01003,62
11000,0,2,01103,96
169700,3,4,01103,62
268000,4,2,00301,243
67800,2,2,01002,90
94400,1,2,01003,47
50000,1,3,01003,44
311400,5,2,01300,37
95100,3,2,01400,63
192600,2,3,01102,186
64700,2,2,00601,61
57700,3,1,00302,29
86000,2,2,01105,58
90500,2,2,00302,86
26000,2,1,00400,72
145000,2,2,01400,63
9400,0,2,00803,111
100000,2,4,01003,58
245600,1,1,01105,83
50000,3,2,01400,66
205000,2,5,00301,59
205000,2,2,01105,60
40000,1,1,01204,59
110000,1,1,00700,20
134600,2,7,01103,213
64900,2,7,01003,111
265500,1,2,01007,100
70000,1,1,00700,122
19400,1,2,00100,133
58900,3,2,01103,57
147000,3,2,00302,48
9400,0,1,01004,51
182400,4,5,00901,81
164500,2,5,01103,36
42000,2,2,01005,290
85000,1,4,01002,31
95000,3,1,00100,39
112000,2,2,00601,50
180600,2,2,01003,60
140000,3,5,00501,131
64000,1,1,01104,57
789100,2,6,01004,23
75000,2,5,00504,218
128000,3,3,00507,75
98000,1,3,01106,202
29800,1,1,01005,61
20300,2,4,01104,53
38300,1,1,00506,60
138000,2,1,00805,67
75330,3,2,00200,66
173000,5,6,01105,49
14100,2,2,01003,120
538000,2,2,01004,19
43000,2,1,00100,71
150600,3,7,01006,51
121000,2,2,01103,49
142600,4,5,01600,60
18900,2,2,01002,88
275000,3,2,01105,105
189000,2,5,00802,107
80000,2,2,01202,175
81220,1,1,00802,65
157000,3,2,01004,36
28100,1,1,01500,184
103300,2,2,01103,47
69000,1,5,01107,105
207000,2,2,01203,105
140500,2,3,00901,112
95000,0,3,01101,69
132000,2,4,01001,98
79000,2,2,00602,100
8000,2,1,01102,136
36000,2,3,00302,91
361600,1,2,01004,57
80000,0,4,01102,88
45000,1,1,00507,166
130000,2,2,01006,130
54200,4,4,00501,101
26000,2,2,00506,36
119100,2,3,00802,144
58000,4,5,01103,115
15000,0,1,01300,24
183000,2,2,00601,143
37900,1,1,00100,115
185000,3,3,01004,96
125000,2,3,01103,205
116000,2,2,00805,53
227200,4,6,00501,109
150500,6,3,01204,88
205300,2,2,01106,49
240000,3,4,01202,75
60500,2,1,00501,76
64050,4,3,01107,31
61000,2,4,00801,98
195100,2,2,00503,185
26200,1,1,01400,75
10000,1,3,01400,256
101000,1,3,01105,70
115400,1,2,01105,52
100000,1,2,01105,48
420000,2,2,00501,58
84800,3,2,01204,478
135200,2,2,01201,264
50000,1,1,00504,382
239000,1,2,01101,22
618500,2,6,01004,20
137000,2,4,00803,77
165700,3,2,01400,53
179900,2,3,01203,91
175000,3,2,00902,94
68700,3,3,00503,313
168000,4,4,01204,63
106000,1,1,01105,57
278500,2,2,01204,59
46800,2,3,00602,376
645050,3,2,01101,31
32300,1,1,00100,17
259300,4,6,01201,59
691000,2,4,00901,88
39150,1,1,01004,99
119260,5,5,01101,62
140250,1,1,01004,123
286030,4,3,01003,59
9000,1,1,01106,76
360000,5,7,01106,57
16300,2,2,00700,15
171500,2,2,01004,9
50000,1,2,00804,51
217300,3,3,01004,60
243700,1,5,01105,67
637000,2,2,01004,32
16100,1,1,01007,48
247300,4,3,01201,199
15600,1,1,00501,91
135000,2,3,01105,172
225190,3,4,00602,53
236800,2,2,01004,18
70900,3,2,01400,66
74000,1,2,01003,86
22900,1,1,01105,27
63500,2,2,00302,337
935200,3,3,01001,81
68900,3,2,00506,56
92900,2,3,01107,98
4000,0,2,01300,36
57000,2,1,01107,138
70200,1,4,00502,325
81500,1,1,00801,94
2400,0,1,00801,262
48000,1,4,00602,222
28000,2,2,00505,353
32000,0,1,00801,268
63000,2,2,00700,269
19600,0,1,00506,112
167700,2,2,01004,73
122100,4,2,01300,26
3600,1,2,01105,154
128100,0,6,01005,308
79200,6,3,00601,48
170800,2,2,01105,39
88300,3,3,00301,209
28200,0,2,01103,86
74000,2,5,01006,49
118000,2,2,00602,85
90000,1,1,00804,171
45000,2,4,01102,65
1178000,2,2,01005,49
55000,2,2,00506,60
24450,1,1,00505,52
183000,4,4,01105,98
26500,1,1,01103,45
100000,2,1,00602,459
228200,2,4,01103,35
25000,1,1,01104,127
128200,2,2,00301,28
13300,0,3,01101,54
1006000,1,1,01201,80
216000,4,4,00501,39
172300,3,3,01001,52
79100,2,2,00100,30
123500,0,2,01105,148
100000,1,1,00602,72
113000,4,7,01102,36
30000,1,2,00805,175
24000,2,2,01204,93
29300,2,2,01003,40
92800,2,2,01004,15
42000,2,1,00503,64
266150,2,2,00400,50
140800,2,2,01007,47
69000,1,3,00502,220
3900,1,1,00902,278
70000,1,2,01003,43
140200,4,4,01203,93
89000,2,1,00502,103
378400,2,5,00802,93
254000,2,2,01102,49
195000,2,4,01300,270
326000,2,4,01004,18
542000,2,4,01005,171
95900,2,2,00200,85
60200,1,2,00802,76
6000,1,2,00602,120
58400,2,2,00301,171
154000,3,3,01103,59
155000,4,4,00301,125
73000,2,1,01201,72
135000,4,2,01300,65
69400,1,2,00805,80
201000,1,2,00902,100
50000,3,2,00503,178
103690,2,2,00805,78
78000,4,1,00200,113
21900,1,1,01203,27
26000,1,4,01004,138
348300,2,2,01105,17
105000,3,2,00301,43
130000,2,2,01101,78
111000,2,2,00902,121
361200,0,5,01002,110
9500,0,1,00804,61
68500,4,3,00302,106
9800,0,1,00100,61
112000,2,2,01300,34
58400,3,4,00801,71
637000,3,2,01004,100
297700,3,4,00505,352
180000,1,4,01004,212
76900,2,3,00601,36
51700,0,3,00502,71
113200,2,2,00506,69
102500,2,2,01105,60
150700,3,2,01204,22
355100,2,2,00301,38
110170,2,2,00802,172
111000,2,1,00200,94
5500,1,1,01203,65
28100,1,1,00505,194
39800,1,1,00902,75
7200,1,1,01006,91
733800,4,4,00501,87
76700,1,2,00100,53
141300,2,2,01106,55
85000,3,2,01500,115
135000,2,3,00302,28
361000,4,6,00507,63
137000,2,3,00804,53
120000,2,4,01007,155
16000,1,1,01500,282
201000,1,1,01201,133
16900,2,3,01204,79
57800,1,1,01003,52
232600,3,3,00501,115
95000,3,2,00200,30
130000,2,1,01105,220
198200,3,2,01001,103
16600,0,1,00804,102
89000,2,2,01002,123
132000,3,3,00602,78
249000,1,3,01005,96
316660,2,2,01101,24
212000,2,4,01201,156
96030,2,5,01102,74
146800,2,4,01201,107
93400,2,5,01005,120
76400,1,3,01107,139
200000,2,3,01500,128
147400,2,2,01500,78
114400,1,2,00507,103
96300,2,4,00901,215
54870,1,2,01005,45
55900,1,1,00505,138
110000,2,1,00505,160
141000,0,5,01101,37
138700,1,2,00200,115
89740,3,2,01004,52
30000,1,2,01106,135
158000,2,3,01101,46
152800,1,1,01004,89
180000,2,4,01500,66
46900,2,2,01300,79
72000,3,5,00100,9
107000,1,1,01002,73
159000,1,2,01004,57
123700,4,5,01203,184
48000,1,4,00901,60
147400,2,4,00901,146
39600,2,2,00200,66
42000,2,2,00506,53
125000,1,1,00804,133
79600,1,6,01002,94
108800,1,2,00601,39
42400,2,2,00100,39
53400,1,2,00100,44
150000,3,2,01201,49
223000,2,2,01204,160
21900,1,1,00805,42
48000,1,2,00504,34
173000,1,4,01003,104
16900,0,1,00506,174
20000,1,1,00302,134
197000,2,6,00503,38
180900,5,3,01006,52
61800,1,1,00504,131
42300,1,2,01103,134
21900,1,1,00502,73
82000,2,3,00100,141
48400,0,4,00506,57
45000,5,4,01400,25
265200,1,2,00601,101
90500,1,1,01003,335
194500,2,2,00804,65
60500,2,2,01500,73
173100,4,4,01300,107
23300,0,2,01007,105
93000,2,2,00602,98
40500,2,2,00502,80
48700,3,2,00802,87
111000,2,2,01007,91
522500,2,2,00802,41
78000,2,2,01203,82
198900,5,7,01102,51
40900,2,2,00505,85
530750,3,2,01300,58
88600,2,1,00504,33
23300,1,1,01300,28
104800,2,1,01102,84
150000,2,2,00901,68
53000,1,3,00504,207
148700,2,2,00902,58
215000,2,5,01007,110
28000,2,2,01204,79
189000,1,2,01204,312
33600,1,1,00804,107
108000,3,2,00505,97
107000,3,4,00302,158
39300,2,2,01400,59
878000,1,4,01004,64
70000,1,2,01003,168
80200,1,4,00200,97
29300,2,2,00505,65
81000,2,1,01105,13
84000,1,2,00505,312
212000,2,1,00802,104
133600,1,2,01007,89
155320,2,2,00802,73
105600,4,2,01106,44
51400,3,3,01600,62
17300,2,1,01300,32
123300,1,2,01102,99
17700,0,1,01006,68
280000,2,3,01001,85
36000,4,1,01202,67
102300,1,2,01003,35
524000,2,1,00801,30
36600,1,1,01104,72
19500,1,1,00501,105
126000,2,2,01600,99
41000,1,1,01104,101
107890,2,2,01202,100
242020,2,5,01202,63
241000,1,1,00805,53
79200,3,4,00506,46
143200,1,5,01001,81
32600,2,5,01500,105
159000,3,3,00902,61
485000,2,2,01500,69
68900,3,2,01500,114
39000,1,1,00400,74
58500,2,3,00100,41
116100,2,2,00400,52
238500,3,2,01104,155
60000,1,1,01201,94
50200,2,2,00801,61
271100,2,2,00507,286
13500,0,1,01003,56
115200,2,2,01500,54
30000,1,1,00802,78
38400,1,1,00504,51
44700,1,1,00506,101
184400,3,2,01400,101
70000,1,1,00802,95
161420,2,2,00400,79
98000,2,2,00901,113
30400,2,1,01104,96
209200,4,6,00506,94
520,1,1,00802,193
7200,1,1,01600,33
189700,3,3,00902,68
50580,2,10,00502,427
90000,2,2,00901,61
138000,3,5,01004,57
165600,2,3,00200,40
107500,2,2,00901,127
56000,2,1,00200,70
165000,2,3,00502,137
129200,5,5,00502,186
6000,0,1,00504,267
292000,2,2,00805,61
95000,2,3,00901,41
88200,4,1,01600,96
163000,2,5,00400,64
124900,3,4,01004,92
120000,2,4,01003,93
10000,1,1,00601,146
270000,2,2,00504,37
70000,1,1,00505,133
117400,2,3,01600,112
259000,2,3,01004,55
28100,1,2,01300,88
92000,3,3,00503,39
15800,1,1,01003,66
216000,2,2,01107,108
97000,2,2,00502,154
144000,2,2,01106,67
