date_time,Dry Bulb Temperature [°C],Relative Humidity [%],Wind Speed [m/s],Wind Direction [Deg],Global Horizontal Radiation [W/m2],Direct Normal Radiation [W/m2],Diffuse Horizontal Radiation [W/m2]
1976-01-01 01:00:00,3.3,96,6.7,30,0,0,0
1976-01-01 02:00:00,2.2,96,6.7,10,0,0,0
1976-01-01 03:00:00,1.1,96,7.2,360,0,0,0
1976-01-01 04:00:00,1.1,96,6.7,350,0,0,0
1976-01-01 05:00:00,1.7,92,8.2,360,0,0,0
1976-01-01 06:00:00,1.7,96,6.2,360,0,0,0
1976-01-01 07:00:00,2.2,92,7.2,350,0,0,0
1976-01-01 08:00:00,2.2,92,5.7,330,17,42,13
1976-01-01 09:00:00,2.2,89,8.2,340,113,494,32
1976-01-01 10:00:00,2.2,85,8.8,340,233,544,69
1976-01-01 11:00:00,2.8,76,7.2,350,377,807,54
1976-01-01 12:00:00,3.3,67,6.7,10,431,825,55
1976-01-01 13:00:00,4.4,65,6.2,360,460,867,58
1976-01-01 14:00:00,5.0,62,7.2,360,399,816,54
1976-01-01 15:00:00,5.0,62,6.7,320,307,773,46
1976-01-01 16:00:00,4.4,68,7.7,340,169,635,35
1976-01-01 17:00:00,2.8,70,5.2,340,41,252,18
1976-01-01 18:00:00,2.2,70,5.2,340,0,0,0
1976-01-01 19:00:00,1.1,73,3.1,340,0,0,0
1976-01-01 20:00:00,1.1,73,4.1,350,0,0,0
1976-01-01 21:00:00,-0.6,75,2.6,280,0,0,0
1976-01-01 22:00:00,-1.1,78,3.1,280,0,0,0
1976-01-01 23:00:00,-2.2,82,2.6,250,0,0,0
1976-01-02 00:00:00,-2.8,81,3.6,270,0,0,0
1976-01-02 01:00:00,-2.2,85,2.6,300,0,0,0
1976-01-02 02:00:00,-2.2,82,2.6,310,0,0,0
1976-01-02 03:00:00,-2.8,85,2.1,340,0,0,0
1976-01-02 04:00:00,-3.9,85,2.1,290,0,0,0
1976-01-02 05:00:00,-3.9,85,2.1,40,0,0,0
1976-01-02 06:00:00,-2.8,78,3.6,60,0,0,0
1976-01-02 07:00:00,-3.3,72,2.1,60,0,0,0
1976-01-02 08:00:00,-3.9,72,0.0,0,19,71,13
1976-01-02 09:00:00,-2.2,72,2.6,70,109,446,36
1976-01-02 10:00:00,-1.7,63,1.5,60,229,556,62
1976-01-02 11:00:00,-1.7,63,2.6,100,174,23,164
1976-01-02 12:00:00,-1.1,64,2.6,150,151,6,148
1976-01-02 13:00:00,-0.6,61,2.1,120,208,5,206
1976-01-02 14:00:00,0.0,59,2.6,110,204,7,201
1976-01-02 15:00:00,0.0,61,2.1,120,170,6,168
1976-01-02 16:00:00,0.0,61,3.6,130,77,2,77
1976-01-02 17:00:00,0.0,61,3.1,130,24,2,24
1976-01-02 18:00:00,0.0,64,2.6,100,0,0,0
1976-01-02 19:00:00,-0.6,66,3.1,120,0,0,0
1976-01-02 20:00:00,-1.7,72,3.1,130,0,0,0
1976-01-02 21:00:00,-1.1,69,0.0,0,0,0,0
1976-01-02 22:00:00,-0.6,75,0.0,0,0,0,0
1976-01-02 23:00:00,0.0,75,1.5,40,0,0,0
1976-01-03 00:00:00,0.0,79,1.5,130,0,0,0
1976-01-03 01:00:00,1.1,79,0.0,0,0,0,0
1976-01-03 02:00:00,2.2,79,3.1,170,0,0,0
1976-01-03 03:00:00,2.8,79,3.1,160,0,0,0
1976-01-03 04:00:00,2.8,82,3.1,180,0,0,0
1976-01-03 05:00:00,2.8,82,3.6,170,0,0,0
1976-01-03 06:00:00,2.8,82,2.6,160,0,0,0
1976-01-03 07:00:00,2.8,85,2.6,160,0,0,0
1976-01-03 08:00:00,3.3,86,3.1,220,6,0,6
1976-01-03 09:00:00,3.9,89,3.1,190,38,1,38
1976-01-03 10:00:00,3.9,93,4.6,200,80,1,80
1976-01-03 11:00:00,4.4,89,2.6,190,115,1,115
1976-01-03 12:00:00,4.4,93,2.6,150,133,2,132
1976-01-03 13:00:00,5.0,93,3.1,240,126,2,126
1976-01-03 14:00:00,5.6,93,3.6,210,220,0,220
1976-01-03 15:00:00,6.7,93,5.2,240,154,0,154
1976-01-03 16:00:00,6.1,96,6.7,300,52,0,52
1976-01-03 17:00:00,5.6,96,3.1,300,29,0,28
1976-01-03 18:00:00,5.0,96,5.2,290,0,0,0
1976-01-03 19:00:00,5.0,89,7.7,310,0,0,0
1976-01-03 20:00:00,4.4,82,6.2,290,0,0,0
1976-01-03 21:00:00,3.3,76,5.7,280,0,0,0
1976-01-03 22:00:00,3.3,73,6.2,280,0,0,0
1976-01-03 23:00:00,3.3,67,6.2,290,0,0,0
1976-01-04 00:00:00,2.2,59,8.2,290,0,0,0
1976-01-04 01:00:00,1.7,57,6.7,290,0,0,0
1976-01-04 02:00:00,1.1,59,4.1,300,0,0,0
1976-01-04 03:00:00,0.6,52,7.2,300,0,0,0
1976-01-04 04:00:00,-0.6,49,8.2,310,0,0,0
1976-01-04 05:00:00,-1.1,49,7.7,300,0,0,0
1976-01-04 06:00:00,-2.2,51,5.7,310,0,0,0
1976-01-04 07:00:00,-2.2,51,6.7,290,0,0,0
1976-01-04 08:00:00,-2.8,51,7.7,290,14,40,10
1976-01-04 09:00:00,-2.2,49,10.3,280,94,247,53
1976-01-04 10:00:00,-2.2,45,10.3,300,236,456,98
1976-01-04 11:00:00,-1.7,43,10.3,300,357,712,70
1976-01-04 12:00:00,-1.7,43,10.8,300,450,811,78
1976-01-04 13:00:00,-1.1,41,10.8,300,464,823,79
1976-01-04 14:00:00,-1.1,41,9.3,300,411,788,74
1976-01-04 15:00:00,-1.1,41,7.7,310,308,716,63
1976-01-04 16:00:00,-1.1,41,7.2,310,167,550,47
1976-01-04 17:00:00,-2.8,43,7.7,300,39,177,23
1976-01-04 18:00:00,-3.3,44,7.7,300,0,0,0
1976-01-04 19:00:00,-3.9,46,7.7,290,0,0,0
1976-01-04 20:00:00,-4.4,48,6.7,300,0,0,0
1976-01-04 21:00:00,-5.0,50,6.7,290,0,0,0
1976-01-04 22:00:00,-5.6,52,6.7,290,0,0,0
1976-01-04 23:00:00,-5.9,54,6.5,290,0,0,0
1976-01-05 00:00:00,-6.1,55,6.2,280,0,0,0
1976-01-05 01:00:00,-6.1,55,6.7,290,0,0,0
1976-01-05 02:00:00,-6.7,54,7.2,290,0,0,0
1976-01-05 03:00:00,-6.7,54,5.2,300,0,0,0
1976-01-05 04:00:00,-7.2,57,5.2,280,0,0,0
1976-01-05 05:00:00,-7.8,59,5.7,280,0,0,0
1976-01-05 06:00:00,-7.8,59,5.7,300,0,0,0
1976-01-05 07:00:00,-7.8,59,5.7,300,0,0,0
1976-01-05 08:00:00,-7.8,62,4.6,290,18,66,12
1976-01-05 09:00:00,-6.7,60,5.2,300,116,470,38
1976-01-05 10:00:00,-5.0,55,6.2,290,241,554,73
1976-01-05 11:00:00,-3.3,51,5.7,290,317,554,94
1976-01-05 12:00:00,-2.2,47,5.2,310,454,827,74
1976-01-05 13:00:00,-2.2,45,4.6,340,438,773,75
1976-01-05 14:00:00,-1.7,45,6.2,310,361,655,79
1976-01-05 15:00:00,-1.7,43,6.2,310,304,707,60
1976-01-05 16:00:00,-1.7,43,5.2,310,170,559,46
1976-01-05 17:00:00,-3.3,46,3.6,290,40,129,28
1976-01-05 18:00:00,-4.4,53,3.1,270,0,0,0
1976-01-05 19:00:00,-4.4,53,3.6,250,0,0,0
1976-01-05 20:00:00,-4.4,58,3.6,270,0,0,0
1976-01-05 21:00:00,-4.4,58,3.1,280,0,0,0
1976-01-05 22:00:00,-5.0,60,3.1,280,0,0,0
1976-01-05 23:00:00,-5.0,60,2.6,300,0,0,0
1976-01-06 00:00:00,-5.6,62,2.1,270,0,0,0
1976-01-06 01:00:00,-7.2,68,0.0,0,0,0,0
1976-01-06 02:00:00,-8.9,74,2.1,270,0,0,0
1976-01-06 03:00:00,-8.9,77,2.1,280,0,0,0
1976-01-06 04:00:00,-9.4,77,0.0,0,0,0,0
1976-01-06 05:00:00,-9.4,80,2.6,300,0,0,0
1976-01-06 06:00:00,-11.1,84,0.0,0,0,0,0
1976-01-06 07:00:00,-10.6,80,2.1,290,0,0,0
1976-01-06 08:00:00,-10.0,84,2.1,300,24,148,10
1976-01-06 09:00:00,-6.7,84,2.1,80,127,609,26
1976-01-06 10:00:00,-3.3,72,1.5,150,235,565,64
1976-01-06 11:00:00,-0.6,56,2.6,200,399,876,45
1976-01-06 12:00:00,0.6,50,3.6,220,463,896,50
1976-01-06 13:00:00,1.7,44,3.6,210,480,905,53
1976-01-06 14:00:00,2.2,40,3.1,200,434,893,48
1976-01-06 15:00:00,2.8,37,3.6,180,333,840,41
1976-01-06 16:00:00,1.7,38,4.6,150,184,665,36
1976-01-06 17:00:00,0.0,45,3.6,160,49,357,17
1976-01-06 18:00:00,-1.1,54,3.6,160,0,0,0
1976-01-06 19:00:00,-1.7,61,2.6,160,0,0,0
1976-01-06 20:00:00,-2.2,69,2.6,170,0,0,0
1976-01-06 21:00:00,-2.8,72,2.6,190,0,0,0
1976-01-06 22:00:00,-2.8,72,2.6,180,0,0,0
1976-01-06 23:00:00,-2.8,72,3.1,200,0,0,0
1976-01-07 00:00:00,-3.3,72,2.6,190,0,0,0
1976-01-07 01:00:00,-2.8,72,3.1,190,0,0,0
1976-01-07 02:00:00,-2.8,75,3.1,190,0,0,0
1976-01-07 03:00:00,-3.9,78,2.6,180,0,0,0
1976-01-07 04:00:00,-2.8,78,4.6,180,0,0,0
1976-01-07 05:00:00,-2.8,78,3.6,200,0,0,0
1976-01-07 06:00:00,-2.8,78,2.6,210,0,0,0
1976-01-07 07:00:00,-2.8,78,2.6,220,0,0,0
1976-01-07 08:00:00,-1.1,75,1.5,260,6,6,5
1976-01-07 09:00:00,0.0,72,3.6,190,24,2,24
1976-01-07 10:00:00,2.2,67,5.2,200,111,8,109
1976-01-07 11:00:00,1.1,76,3.6,220,130,7,127
1976-01-07 12:00:00,1.1,82,3.1,180,219,2,218
1976-01-07 13:00:00,1.7,82,2.6,210,119,3,118
1976-01-07 14:00:00,1.7,85,2.1,150,103,4,101
1976-01-07 15:00:00,2.2,85,2.1,180,91,6,89
1976-01-07 16:00:00,2.2,89,2.1,150,52,2,52
1976-01-07 17:00:00,2.8,89,0.0,0,18,1,18
1976-01-07 18:00:00,2.2,92,0.0,0,0,0,0
1976-01-07 19:00:00,2.2,92,1.5,70,0,0,0
1976-01-07 20:00:00,2.2,92,3.1,130,0,0,0
1976-01-07 21:00:00,2.2,96,3.1,10,0,0,0
1976-01-07 22:00:00,2.2,96,1.5,20,0,0,0
1976-01-07 23:00:00,2.2,96,2.6,70,0,0,0
1976-01-08 00:00:00,1.7,96,2.1,90,0,0,0
1976-01-08 01:00:00,1.7,96,1.5,100,0,0,0
1976-01-08 02:00:00,1.7,96,1.5,20,0,0,0
1976-01-08 03:00:00,1.7,96,2.6,350,0,0,0
1976-01-08 04:00:00,2.2,92,1.5,320,0,0,0
1976-01-08 05:00:00,2.2,92,3.1,320,0,0,0
1976-01-08 06:00:00,2.2,92,3.1,300,0,0,0
1976-01-08 07:00:00,2.2,96,3.6,300,0,0,0
1976-01-08 08:00:00,2.2,96,5.2,320,9,0,9
1976-01-08 09:00:00,2.2,96,6.7,340,65,1,65
1976-01-08 10:00:00,1.7,96,8.8,350,147,1,147
1976-01-08 11:00:00,1.1,92,7.7,330,187,1,187
1976-01-08 12:00:00,0.0,89,7.7,330,226,122,169
1976-01-08 13:00:00,-0.6,92,10.8,330,292,286,157
1976-01-08 14:00:00,0.6,82,9.3,360,291,346,140
1976-01-08 15:00:00,-0.6,78,9.3,330,205,234,123
1976-01-08 16:00:00,-1.7,75,9.3,340,124,225,73
1976-01-08 17:00:00,-2.2,47,9.3,320,37,107,28
1976-01-08 18:00:00,-3.3,66,6.7,330,0,0,0
1976-01-08 19:00:00,-3.9,60,8.2,310,0,0,0
1976-01-08 20:00:00,-5.0,57,7.7,300,0,0,0
1976-01-08 21:00:00,-5.6,57,6.2,320,0,0,0
1976-01-08 22:00:00,-6.1,57,5.2,320,0,0,0
1976-01-08 23:00:00,-6.7,60,5.2,320,0,0,0
1976-01-09 00:00:00,-6.7,57,6.7,310,0,0,0
1976-01-09 01:00:00,-7.2,59,5.2,320,0,0,0
1976-01-09 02:00:00,-7.8,59,5.2,310,0,0,0
1976-01-09 03:00:00,-8.3,59,5.7,300,0,0,0
1976-01-09 04:00:00,-9.4,61,6.7,300,0,0,0
1976-01-09 05:00:00,-9.4,59,6.7,290,0,0,0
1976-01-09 06:00:00,-10.0,59,5.7,290,0,0,0
1976-01-09 07:00:00,-10.0,59,6.2,300,0,0,0
1976-01-09 08:00:00,-10.0,59,5.2,270,13,13,11
1976-01-09 09:00:00,-8.3,59,7.7,280,72,73,60
1976-01-09 10:00:00,-8.3,56,6.2,290,143,169,92
1976-01-09 11:00:00,-7.2,49,7.7,290,359,630,102
1976-01-09 12:00:00,-5.0,46,6.2,290,426,720,91
1976-01-09 13:00:00,-4.4,40,7.2,270,464,780,93
1976-01-09 14:00:00,-2.8,35,7.2,280,407,749,79
1976-01-09 15:00:00,-2.8,35,7.2,290,298,616,79
1976-01-09 16:00:00,-2.8,32,7.7,290,174,512,56
1976-01-09 17:00:00,-3.9,33,4.6,290,41,160,27
1976-01-09 18:00:00,-5.0,36,6.2,290,0,0,0
1976-01-09 19:00:00,-5.6,40,4.1,290,0,0,0
1976-01-09 20:00:00,-5.6,44,4.1,300,0,0,0
1976-01-09 21:00:00,-6.7,45,2.6,290,0,0,0
1976-01-09 22:00:00,-6.7,47,3.6,290,0,0,0
1976-01-09 23:00:00,-6.7,47,3.6,320,0,0,0
1976-01-10 00:00:00,-7.2,49,3.6,350,0,0,0
1976-01-10 01:00:00,-8.3,51,3.1,290,0,0,0
1976-01-10 02:00:00,-8.3,54,3.1,290,0,0,0
1976-01-10 03:00:00,-8.3,54,3.6,290,0,0,0
1976-01-10 04:00:00,-8.3,51,3.1,310,0,0,0
1976-01-10 05:00:00,-7.8,49,2.6,310,0,0,0
1976-01-10 06:00:00,-8.9,51,2.6,300,0,0,0
1976-01-10 07:00:00,-7.2,47,4.6,310,0,0,0
1976-01-10 08:00:00,-8.3,49,3.1,300,22,111,11
1976-01-10 09:00:00,-6.1,48,4.1,300,125,557,32
1976-01-10 10:00:00,-3.9,40,5.7,290,277,758,45
1976-01-10 11:00:00,-2.8,37,5.2,300,402,848,55
1976-01-10 12:00:00,-0.6,32,5.2,320,478,890,60
1976-01-10 13:00:00,0.0,32,5.7,290,491,896,61
1976-01-10 14:00:00,0.6,28,5.2,310,437,816,77
1976-01-10 15:00:00,0.6,28,4.6,300,334,752,65
1976-01-10 16:00:00,0.6,28,2.6,270,190,608,48
1976-01-10 17:00:00,-1.1,31,2.1,310,45,225,25
1976-01-10 18:00:00,-2.2,37,0.0,0,0,0,0
1976-01-10 19:00:00,-2.2,43,2.6,130,0,0,0
1976-01-10 20:00:00,-1.7,49,2.6,130,0,0,0
1976-01-10 21:00:00,-1.7,49,3.6,100,0,0,0
1976-01-10 22:00:00,-2.2,49,3.1,120,0,0,0
1976-01-10 23:00:00,-2.2,49,3.6,100,0,0,0
1976-01-11 00:00:00,-2.8,51,3.6,110,0,0,0
1976-01-11 01:00:00,-2.8,53,3.6,90,0,0,0
1976-01-11 02:00:00,-2.8,55,4.1,110,0,0,0
1976-01-11 03:00:00,-2.8,58,4.1,110,0,0,0
1976-01-11 04:00:00,-2.8,58,3.1,90,0,0,0
1976-01-11 05:00:00,-2.8,55,4.6,120,0,0,0
1976-01-11 06:00:00,-2.2,56,3.6,90,0,0,0
1976-01-11 07:00:00,-2.2,58,3.6,90,0,0,0
1976-01-11 08:00:00,-2.2,63,3.1,90,12,1,12
1976-01-11 09:00:00,-1.1,64,4.1,90,65,4,64
1976-01-11 10:00:00,-0.6,66,2.6,70,106,6,104
1976-01-11 11:00:00,0.6,67,2.1,60,165,3,164
1976-01-11 12:00:00,1.1,70,1.5,80,173,2,172
1976-01-11 13:00:00,2.2,59,5.7,170,217,9,213
1976-01-11 14:00:00,1.7,64,3.6,180,126,5,124
1976-01-11 15:00:00,1.1,73,3.6,220,154,4,153
1976-01-11 16:00:00,0.6,75,2.6,160,58,2,58
1976-01-11 17:00:00,0.6,79,1.5,170,34,1,34
1976-01-11 18:00:00,0.0,82,1.5,190,0,0,0
1976-01-11 19:00:00,0.0,89,1.5,270,0,0,0
1976-01-11 20:00:00,0.6,85,1.5,200,0,0,0
1976-01-11 21:00:00,0.0,89,1.5,170,0,0,0
1976-01-11 22:00:00,0.0,89,1.5,240,0,0,0
1976-01-11 23:00:00,0.0,89,2.6,290,0,0,0
1976-01-12 00:00:00,-2.8,92,3.1,220,0,0,0
1976-01-12 01:00:00,-1.7,85,1.5,240,0,0,0
1976-01-12 02:00:00,-2.8,92,2.6,270,0,0,0
1976-01-12 03:00:00,-2.8,92,0.0,0,0,0,0
1976-01-12 04:00:00,-1.7,89,3.6,300,0,0,0
1976-01-12 05:00:00,1.1,89,2.6,10,0,0,0
1976-01-12 06:00:00,1.7,82,6.2,310,0,0,0
1976-01-12 07:00:00,1.7,70,6.7,310,0,0,0
1976-01-12 08:00:00,1.1,67,7.7,310,14,9,13
1976-01-12 09:00:00,1.1,64,6.2,310,89,178,58
1976-01-12 10:00:00,1.7,59,8.2,310,238,486,87
1976-01-12 11:00:00,1.7,59,7.7,310,379,776,58
1976-01-12 12:00:00,2.2,57,7.7,300,473,872,61
1976-01-12 13:00:00,2.8,52,8.2,280,474,851,62
1976-01-12 14:00:00,3.3,50,7.7,290,440,854,58
1976-01-12 15:00:00,3.3,50,6.2,290,339,794,50
1976-01-12 16:00:00,3.3,48,5.7,300,199,667,39
1976-01-12 17:00:00,2.2,48,4.1,300,52,336,22
1976-01-12 18:00:00,0.6,52,1.5,330,0,0,0
1976-01-12 19:00:00,-1.1,56,1.5,220,0,0,0
1976-01-12 20:00:00,-2.2,63,1.5,240,0,0,0
1976-01-12 21:00:00,-2.8,69,1.5,290,0,0,0
1976-01-12 22:00:00,-2.8,69,1.5,290,0,0,0
1976-01-12 23:00:00,-2.8,72,1.5,270,0,0,0
1976-01-13 00:00:00,-3.3,75,0.0,0,0,0,0
1976-01-13 01:00:00,-2.2,72,0.0,0,0,0,0
1976-01-13 02:00:00,-3.3,78,1.5,220,0,0,0
1976-01-13 03:00:00,-3.3,78,2.1,130,0,0,0
1976-01-13 04:00:00,-4.4,81,2.1,290,0,0,0
1976-01-13 05:00:00,-3.3,78,1.5,270,0,0,0
1976-01-13 06:00:00,-3.3,78,0.0,0,0,0,0
1976-01-13 07:00:00,-3.3,78,1.5,20,0,0,0
1976-01-13 08:00:00,-4.4,85,0.0,0,20,40,16
1976-01-13 09:00:00,-1.1,85,2.6,110,95,79,82
1976-01-13 10:00:00,2.8,82,5.2,160,198,289,108
1976-01-13 11:00:00,4.4,79,5.7,200,243,121,193
1976-01-13 12:00:00,6.1,71,4.6,220,357,445,146
1976-01-13 13:00:00,8.3,63,4.6,180,254,46,232
1976-01-13 14:00:00,7.8,66,4.6,140,177,101,132
1976-01-13 15:00:00,7.8,66,4.1,150,100,1,100
1976-01-13 16:00:00,7.2,63,3.6,140,66,36,57
1976-01-13 17:00:00,5.6,76,3.6,160,23,6,23
1976-01-13 18:00:00,5.6,83,2.1,180,0,0,0
1976-01-13 19:00:00,5.0,86,2.6,140,0,0,0
1976-01-13 20:00:00,5.6,89,3.1,180,0,0,0
1976-01-13 21:00:00,7.8,83,6.2,180,0,0,0
1976-01-13 22:00:00,10.0,80,7.2,200,0,0,0
1976-01-13 23:00:00,12.2,77,8.8,200,0,0,0
1976-01-14 00:00:00,12.2,80,7.7,280,0,0,0
1976-01-14 01:00:00,10.6,86,7.7,220,0,0,0
1976-01-14 02:00:00,10.6,83,8.2,230,0,0,0
1976-01-14 03:00:00,11.1,83,9.8,280,0,0,0
1976-01-14 04:00:00,6.7,65,10.8,290,0,0,0
1976-01-14 05:00:00,6.1,60,8.8,290,0,0,0
1976-01-14 06:00:00,5.6,58,11.3,300,0,0,0
1976-01-14 07:00:00,5.0,58,10.3,280,0,0,0
1976-01-14 08:00:00,5.0,60,9.3,310,24,125,12
1976-01-14 09:00:00,5.6,55,8.2,310,129,573,31
1976-01-14 10:00:00,6.7,51,9.3,300,283,769,43
1976-01-14 11:00:00,7.2,49,10.3,300,407,851,52
1976-01-14 12:00:00,7.8,44,10.3,300,443,811,55
1976-01-14 13:00:00,7.2,40,10.3,300,444,788,59
1976-01-14 14:00:00,7.8,39,9.3,300,453,877,56
1976-01-14 15:00:00,7.2,37,8.2,290,351,820,48
1976-01-14 16:00:00,7.2,34,7.7,280,208,697,37
1976-01-14 17:00:00,5.6,36,5.2,280,56,382,21
1976-01-14 18:00:00,4.4,38,6.2,270,0,0,0
1976-01-14 19:00:00,2.8,41,3.6,280,0,0,0
1976-01-14 20:00:00,2.8,44,4.6,280,0,0,0
1976-01-14 21:00:00,0.6,48,3.6,280,0,0,0
1976-01-14 22:00:00,1.7,44,5.2,290,0,0,0
1976-01-14 23:00:00,0.0,42,3.6,280,0,0,0
1976-01-15 00:00:00,-1.1,45,2.6,250,0,0,0
1976-01-15 01:00:00,-1.1,45,4.1,250,0,0,0
1976-01-15 02:00:00,-2.8,51,3.6,220,0,0,0
1976-01-15 03:00:00,-2.2,51,3.1,250,0,0,0
1976-01-15 04:00:00,-2.8,53,4.6,250,0,0,0
1976-01-15 05:00:00,-1.7,49,5.2,250,0,0,0
1976-01-15 06:00:00,-1.7,47,6.2,250,0,0,0
1976-01-15 07:00:00,-2.2,47,3.6,240,0,0,0
1976-01-15 08:00:00,-1.1,47,4.1,240,18,48,13
1976-01-15 09:00:00,1.1,44,6.7,250,117,420,44
1976-01-15 10:00:00,2.2,39,7.7,290,268,647,65
1976-01-15 11:00:00,2.8,37,7.7,310,394,751,79
1976-01-15 12:00:00,3.3,36,7.2,310,471,800,88
1976-01-15 13:00:00,3.9,36,6.7,300,487,807,90
1976-01-15 14:00:00,4.4,36,5.2,290,438,762,91
1976-01-15 15:00:00,3.3,36,6.2,290,273,411,120
1976-01-15 16:00:00,3.3,36,3.6,310,87,1,87
1976-01-15 17:00:00,2.8,37,3.1,330,25,13,24
1976-01-15 18:00:00,1.7,40,0.0,0,0,0,0
1976-01-15 19:00:00,-0.6,47,2.6,160,0,0,0
1976-01-15 20:00:00,-0.6,51,2.6,140,0,0,0
1976-01-15 21:00:00,0.0,52,2.1,140,0,0,0
1976-01-15 22:00:00,0.0,54,2.6,140,0,0,0
1976-01-15 23:00:00,0.0,59,3.1,110,0,0,0
1976-01-16 00:00:00,0.0,59,1.5,80,0,0,0
1976-01-16 01:00:00,-0.6,61,2.6,90,0,0,0
1976-01-16 02:00:00,-0.6,61,2.6,70,0,0,0
1976-01-16 03:00:00,-1.1,66,2.6,40,0,0,0
1976-01-16 04:00:00,-0.6,69,2.1,80,0,0,0
1976-01-16 05:00:00,-0.6,75,0.0,0,0,0,0
1976-01-16 06:00:00,0.0,75,0.0,0,0,0,0
1976-01-16 07:00:00,0.6,72,2.6,190,0,0,0
1976-01-16 08:00:00,1.7,67,4.1,170,13,14,12
1976-01-16 09:00:00,2.2,64,2.6,210,53,8,52
1976-01-16 10:00:00,3.3,60,2.1,220,110,6,109
1976-01-16 11:00:00,3.9,57,4.1,200,192,9,189
1976-01-16 12:00:00,4.4,55,1.5,260,191,1,190
1976-01-16 13:00:00,5.6,49,2.6,240,228,6,225
1976-01-16 14:00:00,6.1,45,2.1,220,206,2,205
1976-01-16 15:00:00,6.7,45,1.5,130,297,462,123
1976-01-16 16:00:00,7.2,42,0.0,0,124,231,66
1976-01-16 17:00:00,4.4,49,2.6,110,48,117,37
1976-01-16 18:00:00,3.3,57,0.0,0,3,2,2
1976-01-16 19:00:00,2.2,59,0.0,0,0,0,0
1976-01-16 20:00:00,1.7,64,1.5,360,0,0,0
1976-01-16 21:00:00,1.7,64,1.5,300,0,0,0
1976-01-16 22:00:00,0.6,70,2.1,270,0,0,0
1976-01-16 23:00:00,1.1,70,2.6,270,0,0,0
1976-01-17 00:00:00,2.8,67,2.6,300,0,0,0
1976-01-17 01:00:00,4.4,65,5.7,310,0,0,0
1976-01-17 02:00:00,2.8,67,8.2,340,0,0,0
1976-01-17 03:00:00,1.7,64,8.2,320,0,0,0
1976-01-17 04:00:00,0.6,59,7.2,320,0,0,0
1976-01-17 05:00:00,-0.6,54,6.7,350,0,0,0
1976-01-17 06:00:00,-1.7,51,7.7,330,0,0,0
1976-01-17 07:00:00,-2.2,49,6.7,330,0,0,0
1976-01-17 08:00:00,-2.8,49,6.2,350,15,16,13
1976-01-17 09:00:00,-2.8,51,7.7,350,121,349,60
1976-01-17 10:00:00,-2.8,53,7.7,360,247,518,82
1976-01-17 11:00:00,-2.8,51,8.2,350,401,791,66
1976-01-17 12:00:00,-2.2,43,8.8,10,368,554,100
1976-01-17 13:00:00,-2.8,41,6.7,360,245,95,198
1976-01-17 14:00:00,-3.3,40,9.8,360,313,230,206
1976-01-17 15:00:00,-3.9,40,9.3,350,278,364,140
1976-01-17 16:00:00,-4.4,38,7.7,340,71,7,69
1976-01-17 17:00:00,-4.4,38,7.7,330,49,103,39
1976-01-17 18:00:00,-4.4,38,7.7,340,3,2,2
1976-01-17 19:00:00,-5.0,40,7.7,320,0,0,0
1976-01-17 20:00:00,-5.0,38,8.8,330,0,0,0
1976-01-17 21:00:00,-5.6,38,7.7,330,0,0,0
1976-01-17 22:00:00,-6.7,41,6.7,340,0,0,0
1976-01-17 23:00:00,-7.2,41,9.8,330,0,0,0
1976-01-18 00:00:00,-7.8,39,7.2,320,0,0,0
1976-01-18 01:00:00,-8.9,41,7.2,350,0,0,0
1976-01-18 02:00:00,-9.4,40,6.2,350,0,0,0
1976-01-18 03:00:00,-10.0,40,6.7,330,0,0,0
1976-01-18 04:00:00,-10.6,42,6.2,330,0,0,0
1976-01-18 05:00:00,-11.1,44,6.7,340,0,0,0
1976-01-18 06:00:00,-11.7,48,6.2,330,0,0,0
1976-01-18 07:00:00,-11.7,48,5.7,300,0,0,0
1976-01-18 08:00:00,-11.7,53,4.6,330,26,141,13
1976-01-18 09:00:00,-11.1,53,6.7,310,138,598,31
1976-01-18 10:00:00,-9.4,49,6.7,350,296,787,44
1976-01-18 11:00:00,-8.9,47,6.7,300,425,873,54
1976-01-18 12:00:00,-7.8,43,6.2,320,502,908,59
1976-01-18 13:00:00,-6.7,41,7.7,360,520,917,61
1976-01-18 14:00:00,-6.1,40,7.7,340,476,901,57
1976-01-18 15:00:00,-6.1,40,7.7,340,374,847,50
1976-01-18 16:00:00,-5.6,36,5.2,330,226,725,39
1976-01-18 17:00:00,-6.1,36,5.7,320,67,426,23
1976-01-18 18:00:00,-7.2,37,3.6,320,5,18,2
1976-01-18 19:00:00,-7.8,41,3.1,340,0,0,0
1976-01-18 20:00:00,-8.9,45,3.1,340,0,0,0
1976-01-18 21:00:00,-9.4,49,3.6,320,0,0,0
1976-01-18 22:00:00,-11.1,48,2.1,260,0,0,0
1976-01-18 23:00:00,-9.4,51,2.6,300,0,0,0
1976-01-19 00:00:00,-11.7,61,2.6,290,0,0,0
1976-01-19 01:00:00,-12.8,63,2.6,290,0,0,0
1976-01-19 02:00:00,-12.8,70,2.6,300,0,0,0
1976-01-19 03:00:00,-12.2,70,2.6,330,0,0,0
1976-01-19 04:00:00,-13.9,73,2.1,290,0,0,0
1976-01-19 05:00:00,-14.4,76,2.6,280,0,0,0
1976-01-19 06:00:00,-13.9,76,2.1,300,0,0,0
1976-01-19 07:00:00,-14.4,76,2.1,290,0,0,0
1976-01-19 08:00:00,-14.4,80,2.1,290,30,188,11
1976-01-19 09:00:00,-10.0,74,1.5,290,144,654,26
1976-01-19 10:00:00,-7.2,65,1.5,160,305,830,37
1976-01-19 11:00:00,-6.1,57,2.1,320,434,907,46
1976-01-19 12:00:00,-3.9,44,1.5,230,506,906,62
1976-01-19 13:00:00,-3.3,40,1.5,240,523,913,63
1976-01-19 14:00:00,-1.1,33,2.6,160,479,896,59
1976-01-19 15:00:00,-1.1,33,3.6,210,378,857,47
1976-01-19 16:00:00,-1.1,31,4.1,200,232,745,36
1976-01-19 17:00:00,-3.3,39,3.1,150,71,467,22
1976-01-19 18:00:00,-5.0,48,3.1,150,7,33,2
1976-01-19 19:00:00,-6.1,57,2.6,160,0,0,0
1976-01-19 20:00:00,-5.6,60,1.5,180,0,0,0
1976-01-19 21:00:00,-6.1,62,2.1,180,0,0,0
1976-01-19 22:00:00,-7.2,65,3.1,180,0,0,0
1976-01-19 23:00:00,-6.7,68,2.6,180,0,0,0
1976-01-20 00:00:00,-6.1,68,3.1,190,0,0,0
1976-01-20 01:00:00,-4.4,63,3.6,190,0,0,0
1976-01-20 02:00:00,-3.9,60,3.6,200,0,0,0
1976-01-20 03:00:00,-3.3,55,5.2,180,0,0,0
1976-01-20 04:00:00,-3.9,53,2.6,240,0,0,0
1976-01-20 05:00:00,-5.0,57,1.5,160,0,0,0
1976-01-20 06:00:00,-3.3,55,2.1,160,0,0,0
1976-01-20 07:00:00,-2.8,55,0.0,0,0,0,0
1976-01-20 08:00:00,-2.2,53,2.6,190,16,5,16
1976-01-20 09:00:00,-1.7,51,3.1,220,38,0,38
1976-01-20 10:00:00,-1.7,58,3.6,240,84,5,82
1976-01-20 11:00:00,-1.7,63,3.1,200,93,6,90
1976-01-20 12:00:00,-1.1,66,2.6,240,188,3,186
1976-01-20 13:00:00,-1.7,72,2.1,250,242,1,242
1976-01-20 14:00:00,-1.7,82,3.1,200,213,0,213
1976-01-20 15:00:00,-1.1,78,2.6,240,165,0,165
1976-01-20 16:00:00,-1.1,82,3.1,230,112,2,112
1976-01-20 17:00:00,-1.7,82,3.1,220,40,36,36
1976-01-20 18:00:00,-2.8,81,2.6,200,2,3,1
1976-01-20 19:00:00,-3.3,85,0.0,0,0,0,0
1976-01-20 20:00:00,-3.9,88,2.1,260,0,0,0
1976-01-20 21:00:00,-4.4,85,2.1,190,0,0,0
1976-01-20 22:00:00,-3.3,85,0.0,0,0,0,0
1976-01-20 23:00:00,-3.3,88,0.0,0,0,0,0
1976-01-21 00:00:00,-3.3,92,2.1,250,0,0,0
1976-01-21 01:00:00,-2.8,88,2.6,240,0,0,0
1976-01-21 02:00:00,-2.8,88,1.5,210,0,0,0
1976-01-21 03:00:00,-2.8,88,1.5,220,0,0,0
1976-01-21 04:00:00,-2.8,88,1.5,220,0,0,0
1976-01-21 05:00:00,-2.2,89,0.0,0,0,0,0
1976-01-21 06:00:00,-2.8,92,0.0,0,0,0,0
1976-01-21 07:00:00,-2.2,89,0.0,0,0,0,0
1976-01-21 08:00:00,-2.2,89,1.5,350,20,2,20
1976-01-21 09:00:00,-1.1,89,0.0,0,70,17,67
1976-01-21 10:00:00,-1.1,89,2.1,120,146,4,145
1976-01-21 11:00:00,0.0,89,3.1,190,200,11,195
1976-01-21 12:00:00,0.0,89,2.1,220,228,7,224
1976-01-21 13:00:00,0.0,89,1.5,210,239,9,234
1976-01-21 14:00:00,0.6,89,2.6,240,253,4,251
1976-01-21 15:00:00,0.0,89,4.1,240,194,5,192
1976-01-21 16:00:00,0.6,89,4.6,240,134,3,133
1976-01-21 17:00:00,0.6,89,5.7,250,54,0,54
1976-01-21 18:00:00,0.0,89,6.2,250,4,4,3
1976-01-21 19:00:00,0.0,89,7.7,280,0,0,0
1976-01-21 20:00:00,-0.6,85,7.7,290,0,0,0
1976-01-21 21:00:00,-1.1,75,7.7,280,0,0,0
1976-01-21 22:00:00,-1.1,69,9.3,280,0,0,0
1976-01-21 23:00:00,-2.2,66,9.8,290,0,0,0
1976-01-22 00:00:00,-2.8,63,9.3,280,0,0,0
1976-01-22 01:00:00,-2.2,58,7.7,290,0,0,0
1976-01-22 02:00:00,-2.2,58,6.7,290,0,0,0
1976-01-22 03:00:00,-2.2,58,7.7,280,0,0,0
1976-01-22 04:00:00,-2.8,58,8.2,300,0,0,0
1976-01-22 05:00:00,-3.3,55,5.2,290,0,0,0
1976-01-22 06:00:00,-3.3,55,5.7,290,0,0,0
1976-01-22 07:00:00,-3.3,55,6.7,290,0,0,0
1976-01-22 08:00:00,-3.3,55,6.7,280,24,85,15
1976-01-22 09:00:00,-2.2,56,6.7,270,125,410,49
1976-01-22 10:00:00,-1.1,58,7.7,300,256,480,99
1976-01-22 11:00:00,-0.6,54,9.3,290,265,245,159
1976-01-22 12:00:00,-0.6,51,7.7,280,428,521,168
1976-01-22 13:00:00,-0.6,49,8.8,290,466,554,182
1976-01-22 14:00:00,0.0,45,10.3,290,419,595,134
1976-01-22 15:00:00,-1.1,47,6.7,300,316,496,119
1976-01-22 16:00:00,-2.2,51,9.3,310,225,626,54
1976-01-22 17:00:00,-2.8,47,10.8,310,50,123,36
1976-01-22 18:00:00,-3.9,44,8.2,300,3,8,2
1976-01-22 19:00:00,-4.4,46,8.2,300,0,0,0
1976-01-22 20:00:00,-4.4,46,8.2,300,0,0,0
1976-01-22 21:00:00,-5.0,50,9.3,300,0,0,0
1976-01-22 22:00:00,-6.1,52,8.2,300,0,0,0
1976-01-22 23:00:00,-6.7,52,6.2,310,0,0,0
1976-01-23 00:00:00,-6.7,52,6.7,310,0,0,0
1976-01-23 01:00:00,-7.2,49,9.3,310,0,0,0
1976-01-23 02:00:00,-8.3,49,6.7,310,0,0,0
1976-01-23 03:00:00,-8.9,49,2.6,300,0,0,0
1976-01-23 04:00:00,-9.4,51,5.2,310,0,0,0
1976-01-23 05:00:00,-11.1,53,3.1,290,0,0,0
1976-01-23 06:00:00,-11.1,56,2.6,270,0,0,0
1976-01-23 07:00:00,-10.6,56,2.1,310,0,0,0
1976-01-23 08:00:00,-11.7,61,0.0,0,27,139,14
1976-01-23 09:00:00,-8.3,56,3.6,360,144,588,34
1976-01-23 10:00:00,-6.7,50,3.6,300,264,626,56
1976-01-23 11:00:00,-5.6,48,3.1,270,267,264,151
1976-01-23 12:00:00,-5.0,46,1.5,260,141,12,135
1976-01-23 13:00:00,-4.4,46,3.6,200,201,10,196
1976-01-23 14:00:00,-3.3,44,4.1,170,152,1,151
1976-01-23 15:00:00,-3.9,46,4.1,150,141,7,138
1976-01-23 16:00:00,-3.9,48,4.6,140,207,444,84
1976-01-23 17:00:00,-4.4,50,4.1,140,77,402,29
1976-01-23 18:00:00,-5.6,60,3.6,120,7,27,3
1976-01-23 19:00:00,-6.1,65,3.1,90,0,0,0
1976-01-23 20:00:00,-5.0,65,3.1,80,0,0,0
1976-01-23 21:00:00,-4.4,68,4.1,90,0,0,0
1976-01-23 22:00:00,-5.6,71,4.6,70,0,0,0
1976-01-23 23:00:00,-6.1,71,4.1,50,0,0,0
1976-01-24 00:00:00,-6.1,71,3.1,50,0,0,0
1976-01-24 01:00:00,-7.2,77,2.1,30,0,0,0
1976-01-24 02:00:00,-6.1,74,2.6,10,0,0,0
1976-01-24 03:00:00,-5.0,71,3.1,340,0,0,0
1976-01-24 04:00:00,-4.4,68,1.5,30,0,0,0
1976-01-24 05:00:00,-3.9,69,1.5,10,0,0,0
1976-01-24 06:00:00,-3.9,69,2.1,40,0,0,0
1976-01-24 07:00:00,-3.3,66,1.5,60,0,0,0
1976-01-24 08:00:00,-2.8,66,2.6,60,20,0,20
1976-01-24 09:00:00,-2.2,66,2.6,90,78,133,53
1976-01-24 10:00:00,-1.1,69,2.6,50,290,741,43
1976-01-24 11:00:00,0.6,64,2.1,100,415,824,51
1976-01-24 12:00:00,2.2,59,2.1,110,489,861,54
1976-01-24 13:00:00,3.3,57,2.6,90,521,890,58
1976-01-24 14:00:00,3.3,57,3.6,70,475,865,55
1976-01-24 15:00:00,4.4,55,4.1,80,372,793,52
1976-01-24 16:00:00,4.4,55,4.1,90,226,638,47
1976-01-24 17:00:00,3.3,60,3.1,50,79,332,38
1976-01-24 18:00:00,2.2,62,2.6,100,7,24,4
1976-01-24 19:00:00,1.1,70,2.1,30,0,0,0
1976-01-24 20:00:00,1.1,70,2.1,40,0,0,0
1976-01-24 21:00:00,0.6,72,2.6,360,0,0,0
1976-01-24 22:00:00,1.1,73,1.5,20,0,0,0
1976-01-24 23:00:00,1.1,70,3.1,350,0,0,0
1976-01-25 00:00:00,0.0,79,2.1,360,0,0,0
1976-01-25 01:00:00,-1.1,82,2.6,30,0,0,0
1976-01-25 02:00:00,-1.7,85,0.0,0,0,0,0
1976-01-25 03:00:00,-1.7,82,2.1,70,0,0,0
1976-01-25 04:00:00,-1.1,82,2.1,70,0,0,0
1976-01-25 05:00:00,-2.2,82,3.1,80,0,0,0
1976-01-25 06:00:00,-2.8,85,2.6,100,0,0,0
1976-01-25 07:00:00,-2.2,82,2.1,70,0,0,0
1976-01-25 08:00:00,-1.7,96,3.6,110,25,23,23
1976-01-25 09:00:00,-0.6,85,3.6,70,94,136,68
1976-01-25 10:00:00,0.0,79,5.2,70,202,278,108
1976-01-25 11:00:00,1.1,73,5.2,70,287,254,174
1976-01-25 12:00:00,1.1,73,3.6,110,194,0,194
1976-01-25 13:00:00,1.1,70,4.1,60,151,1,150
1976-01-25 14:00:00,1.7,67,4.1,70,164,6,161
1976-01-25 15:00:00,1.7,67,3.6,60,99,7,96
1976-01-25 16:00:00,2.2,67,4.1,60,81,4,80
1976-01-25 17:00:00,2.8,76,5.2,80,34,2,33
1976-01-25 18:00:00,2.8,79,3.1,90,3,0,3
1976-01-25 19:00:00,2.8,85,4.1,90,0,0,0
1976-01-25 20:00:00,2.8,85,3.6,80,0,0,0
1976-01-25 21:00:00,2.8,89,4.1,40,0,0,0
1976-01-25 22:00:00,2.8,89,4.6,60,0,0,0
1976-01-25 23:00:00,2.8,89,4.1,70,0,0,0
1976-01-26 00:00:00,2.2,92,2.6,40,0,0,0
1976-01-26 01:00:00,2.8,96,3.6,50,0,0,0
1976-01-26 02:00:00,2.8,96,3.6,50,0,0,0
1976-01-26 03:00:00,3.3,96,3.1,60,0,0,0
1976-01-26 04:00:00,3.3,96,3.1,60,0,0,0
1976-01-26 05:00:00,3.9,96,0.0,0,0,0,0
1976-01-26 06:00:00,4.4,93,1.5,330,0,0,0
1976-01-26 07:00:00,4.4,93,0.0,0,0,0,0
1976-01-26 08:00:00,5.6,93,2.1,120,11,1,11
1976-01-26 09:00:00,6.1,96,2.1,280,48,2,48
1976-01-26 10:00:00,7.2,93,0.0,0,94,0,94
1976-01-26 11:00:00,7.8,96,1.5,110,128,0,128
1976-01-26 12:00:00,9.4,100,0.0,0,149,2,148
1976-01-26 13:00:00,10.6,96,3.6,120,160,0,160
1976-01-26 14:00:00,12.8,93,4.1,140,230,1,229
1976-01-26 15:00:00,13.9,96,7.7,150,198,1,197
1976-01-26 16:00:00,14.4,93,6.7,150,86,1,85
1976-01-26 17:00:00,15.0,97,6.2,160,33,0,33
1976-01-26 18:00:00,13.9,96,5.2,180,4,0,4
1976-01-26 19:00:00,13.9,96,6.2,200,0,0,0
1976-01-26 20:00:00,12.8,96,6.2,160,0,0,0
1976-01-26 21:00:00,12.8,96,3.1,160,0,0,0
1976-01-26 22:00:00,12.8,96,4.6,160,0,0,0
1976-01-26 23:00:00,12.8,96,4.1,170,0,0,0
1976-01-27 00:00:00,12.8,100,4.1,140,0,0,0
1976-01-27 01:00:00,12.8,96,5.2,150,0,0,0
1976-01-27 02:00:00,13.9,96,5.2,160,0,0,0
1976-01-27 03:00:00,13.9,96,3.6,150,0,0,0
1976-01-27 04:00:00,13.3,96,4.1,190,0,0,0
1976-01-27 05:00:00,13.3,96,3.1,150,0,0,0
1976-01-27 06:00:00,12.8,100,1.5,120,0,0,0
1976-01-27 07:00:00,11.7,96,2.6,140,0,0,0
1976-01-27 08:00:00,12.2,96,3.1,180,20,0,20
1976-01-27 09:00:00,10.6,100,3.6,300,42,1,42
1976-01-27 10:00:00,9.4,100,2.6,290,78,0,78
1976-01-27 11:00:00,8.9,100,4.6,330,117,1,117
1976-01-27 12:00:00,7.2,96,4.6,360,136,1,135
1976-01-27 13:00:00,6.7,100,3.6,330,148,1,148
1976-01-27 14:00:00,6.7,96,6.2,320,130,1,129
1976-01-27 15:00:00,5.6,100,4.1,360,104,1,104
1976-01-27 16:00:00,5.6,100,5.2,330,66,1,65
1976-01-27 17:00:00,5.0,100,4.6,310,30,0,30
1976-01-27 18:00:00,5.0,96,5.2,320,4,0,4
1976-01-27 19:00:00,4.4,100,3.1,340,0,0,0
1976-01-27 20:00:00,3.9,96,5.7,310,0,0,0
1976-01-27 21:00:00,2.8,100,4.6,300,0,0,0
1976-01-27 22:00:00,2.8,96,6.2,320,0,0,0
1976-01-27 23:00:00,2.2,100,7.7,330,0,0,0
1976-01-28 00:00:00,2.2,96,6.7,320,0,0,0
1976-01-28 01:00:00,1.7,92,8.8,330,0,0,0
1976-01-28 02:00:00,1.7,92,6.7,320,0,0,0
1976-01-28 03:00:00,1.7,89,5.2,310,0,0,0
1976-01-28 04:00:00,1.7,85,5.2,310,0,0,0
1976-01-28 05:00:00,0.6,85,6.2,300,0,0,0
1976-01-28 06:00:00,0.0,89,6.2,290,0,0,0
1976-01-28 07:00:00,-1.1,89,6.2,300,0,0,0
1976-01-28 08:00:00,-1.7,85,7.7,290,24,59,19
1976-01-28 09:00:00,-1.7,82,8.2,300,137,430,52
1976-01-28 10:00:00,-0.6,75,6.2,310,296,640,75
1976-01-28 11:00:00,0.0,69,7.2,300,426,736,91
1976-01-28 12:00:00,0.0,69,7.2,300,512,790,101
1976-01-28 13:00:00,1.1,59,8.2,310,528,793,103
1976-01-28 14:00:00,1.7,54,7.7,290,490,780,98
1976-01-28 15:00:00,1.7,54,7.7,290,349,587,102
1976-01-28 16:00:00,1.7,52,6.2,320,237,576,67
1976-01-28 17:00:00,1.1,52,6.2,270,82,296,41
1976-01-28 18:00:00,0.0,52,2.6,200,7,10,6
1976-01-28 19:00:00,-0.6,51,2.6,220,0,0,0
1976-01-28 20:00:00,-1.7,56,2.6,140,0,0,0
1976-01-28 21:00:00,-0.6,56,2.6,170,0,0,0
1976-01-28 22:00:00,0.0,59,2.6,170,0,0,0
1976-01-28 23:00:00,1.1,57,3.6,180,0,0,0
1976-01-29 00:00:00,1.1,57,3.6,220,0,0,0
1976-01-29 01:00:00,1.7,54,3.6,250,0,0,0
1976-01-29 02:00:00,2.2,55,6.2,220,0,0,0
1976-01-29 03:00:00,2.2,57,4.1,240,0,0,0
1976-01-29 04:00:00,2.2,62,5.2,210,0,0,0
1976-01-29 05:00:00,2.2,62,4.6,200,0,0,0
1976-01-29 06:00:00,1.7,64,2.6,190,0,0,0
1976-01-29 07:00:00,0.6,70,2.1,240,0,0,0
1976-01-29 08:00:00,0.0,75,2.6,230,26,22,24
1976-01-29 09:00:00,2.8,73,3.6,220,157,600,35
1976-01-29 10:00:00,5.0,65,6.2,220,317,770,49
1976-01-29 11:00:00,7.8,54,5.2,220,453,857,60
1976-01-29 12:00:00,9.4,50,6.2,210,533,891,66
1976-01-29 13:00:00,10.0,46,5.2,250,468,598,146
1976-01-29 14:00:00,9.4,48,6.7,280,200,24,188
1976-01-29 15:00:00,9.4,50,7.7,290,267,295,142
1976-01-29 16:00:00,9.4,46,8.2,300,150,146,106
1976-01-29 17:00:00,7.8,50,7.7,290,62,95,49
1976-01-29 18:00:00,6.1,56,5.2,290,12,42,7
1976-01-29 19:00:00,4.4,62,4.6,280,0,0,0
1976-01-29 20:00:00,3.3,65,4.1,270,0,0,0
1976-01-29 21:00:00,3.3,70,5.2,270,0,0,0
1976-01-29 22:00:00,4.4,65,6.7,300,0,0,0
1976-01-29 23:00:00,2.8,57,6.7,310,0,0,0
1976-01-30 00:00:00,2.2,52,4.1,310,0,0,0
1976-01-30 01:00:00,1.7,54,4.1,320,0,0,0
1976-01-30 02:00:00,1.1,57,5.2,320,0,0,0
1976-01-30 03:00:00,1.1,57,4.1,320,0,0,0
1976-01-30 04:00:00,0.6,59,3.1,340,0,0,0
1976-01-30 05:00:00,0.0,61,0.0,0,0,0,0
1976-01-30 06:00:00,0.0,59,0.0,0,0,0,0
1976-01-30 07:00:00,-0.6,61,0.0,0,0,0,0
1976-01-30 08:00:00,-0.6,66,2.1,180,19,1,19
1976-01-30 09:00:00,0.6,64,2.6,180,72,51,61
1976-01-30 10:00:00,0.6,61,3.6,130,132,9,129
1976-01-30 11:00:00,1.7,59,4.1,130,137,1,136
1976-01-30 12:00:00,1.7,59,4.1,120,182,1,181
1976-01-30 13:00:00,2.8,57,2.6,140,244,3,242
1976-01-30 14:00:00,2.2,59,2.1,160,204,10,199
1976-01-30 15:00:00,1.7,64,2.1,110,174,1,174
1976-01-30 16:00:00,0.6,75,0.0,0,129,5,127
1976-01-30 17:00:00,0.6,79,2.1,140,46,3,46
1976-01-30 18:00:00,0.6,82,1.5,60,7,0,7
1976-01-30 19:00:00,0.0,85,2.6,340,0,0,0
1976-01-30 20:00:00,-0.6,85,1.5,130,0,0,0
1976-01-30 21:00:00,-0.6,89,2.1,10,0,0,0
1976-01-30 22:00:00,0.0,89,1.5,270,0,0,0
1976-01-30 23:00:00,-0.6,89,0.0,0,0,0,0
1976-01-31 00:00:00,0.0,85,0.0,0,0,0,0
1976-01-31 01:00:00,0.0,89,1.5,330,0,0,0
1976-01-31 02:00:00,0.6,89,1.5,100,0,0,0
1976-01-31 03:00:00,0.6,85,3.1,40,0,0,0
1976-01-31 04:00:00,0.0,85,1.5,50,0,0,0
1976-01-31 05:00:00,0.0,82,1.5,70,0,0,0
1976-01-31 06:00:00,0.0,82,2.1,90,0,0,0
1976-01-31 07:00:00,0.0,79,0.0,0,0,0,0
1976-01-31 08:00:00,0.0,82,3.6,60,22,0,22
1976-01-31 09:00:00,0.0,79,4.1,80,76,0,76
1976-01-31 10:00:00,0.6,75,4.1,100,148,0,148
1976-01-31 11:00:00,1.1,73,4.1,100,198,1,198
1976-01-31 12:00:00,1.7,73,3.6,140,235,1,234
1976-01-31 13:00:00,1.7,70,3.6,170,246,1,245
1976-01-31 14:00:00,2.2,70,3.6,160,223,1,222
1976-01-31 15:00:00,2.8,70,2.1,160,176,1,175
1976-01-31 16:00:00,2.8,70,2.1,150,118,1,118
1976-01-31 17:00:00,2.8,73,2.1,120,48,0,48
1976-01-31 18:00:00,2.2,76,1.5,100,7,0,7
1976-01-31 19:00:00,1.7,79,2.6,70,0,0,0
1976-01-31 20:00:00,0.6,82,2.1,70,0,0,0
1976-01-31 21:00:00,0.6,82,2.1,70,0,0,0
1976-01-31 22:00:00,2.4,82,2.7,60,0,0,0
1976-01-31 23:00:00,4.2,82,3.3,70,0,0,0
1976-02-01 00:00:00,6.0,85,3.9,40,0,0,0
1988-02-01 01:00:00,7.9,74,4.4,200,0,0,0
1988-02-01 02:00:00,9.7,77,5.0,190,0,0,0
1988-02-01 03:00:00,11.5,77,5.6,180,0,0,0
1988-02-01 04:00:00,13.3,72,6.2,190,0,0,0
1988-02-01 05:00:00,14.4,70,7.7,230,0,0,0
1988-02-01 06:00:00,13.9,75,8.2,230,0,0,0
1988-02-01 07:00:00,13.3,80,6.7,210,0,0,0
1988-02-01 08:00:00,13.3,80,5.2,200,9,2,9
1988-02-01 09:00:00,14.4,78,6.7,230,65,7,63
1988-02-01 10:00:00,14.4,84,6.2,220,99,11,96
1988-02-01 11:00:00,15.6,81,5.2,220,220,9,216
1988-02-01 12:00:00,16.1,78,7.7,220,238,10,233
1988-02-01 13:00:00,17.8,70,6.7,240,331,218,210
1988-02-01 14:00:00,19.4,63,7.2,210,334,363,146
1988-02-01 15:00:00,21.1,57,7.2,210,378,712,68
1988-02-01 16:00:00,21.1,55,6.2,210,194,361,82
1988-02-01 17:00:00,20.0,59,6.2,200,90,207,58
1988-02-01 18:00:00,18.3,63,4.1,200,10,11,9
1988-02-01 19:00:00,17.2,68,5.7,170,0,0,0
1988-02-01 20:00:00,17.2,68,5.2,200,0,0,0
1988-02-01 21:00:00,17.2,70,7.2,200,0,0,0
1988-02-01 22:00:00,17.2,70,6.2,200,0,0,0
1988-02-01 23:00:00,16.7,73,5.7,200,0,0,0
1988-02-02 00:00:00,16.7,73,6.2,210,0,0,0
1988-02-02 01:00:00,17.2,70,7.7,220,0,0,0
1988-02-02 02:00:00,17.2,65,8.2,230,0,0,0
1988-02-02 03:00:00,17.2,70,7.7,230,0,0,0
1988-02-02 04:00:00,17.2,70,7.7,210,0,0,0
1988-02-02 05:00:00,17.2,70,7.7,200,0,0,0
1988-02-02 06:00:00,17.2,73,7.7,210,0,0,0
1988-02-02 07:00:00,16.7,75,7.7,210,0,0,0
1988-02-02 08:00:00,16.7,78,7.2,210,10,0,10
1988-02-02 09:00:00,17.8,75,6.7,220,41,0,40
1988-02-02 10:00:00,17.8,75,7.2,210,135,6,133
1988-02-02 11:00:00,16.1,87,6.2,220,114,11,109
1988-02-02 12:00:00,16.7,87,5.2,200,143,9,138
1988-02-02 13:00:00,16.7,87,4.6,230,124,1,124
1988-02-02 14:00:00,16.7,87,3.6,260,133,1,133
1988-02-02 15:00:00,15.6,93,4.6,320,112,0,111
1988-02-02 16:00:00,14.4,93,3.6,310,72,1,71
1988-02-02 17:00:00,11.7,90,8.2,360,39,1,39
1988-02-02 18:00:00,8.9,86,8.2,360,6,0,6
1988-02-02 19:00:00,8.3,83,6.7,350,0,0,0
1988-02-02 20:00:00,6.7,89,5.7,350,0,0,0
1988-02-02 21:00:00,6.7,86,5.7,340,0,0,0
1988-02-02 22:00:00,5.6,86,7.7,360,0,0,0
1988-02-02 23:00:00,4.4,93,6.7,350,0,0,0
1988-02-03 00:00:00,3.3,86,6.2,30,0,0,0
1988-02-03 01:00:00,2.8,89,6.2,20,0,0,0
1988-02-03 02:00:00,2.2,79,6.2,360,0,0,0
1988-02-03 03:00:00,2.2,85,3.6,10,0,0,0
1988-02-03 04:00:00,2.2,76,5.2,20,0,0,0
1988-02-03 05:00:00,2.2,73,5.2,40,0,0,0
1988-02-03 06:00:00,2.2,76,5.2,360,0,0,0
1988-02-03 07:00:00,1.7,76,4.1,30,0,0,0
1988-02-03 08:00:00,1.7,79,3.6,20,27,0,27
1988-02-03 09:00:00,2.2,73,4.6,30,105,98,84
1988-02-03 10:00:00,2.2,70,5.2,60,168,46,151
1988-02-03 11:00:00,2.8,70,4.1,70,166,9,162
1988-02-03 12:00:00,2.8,70,4.1,70,234,8,230
1988-02-03 13:00:00,2.8,76,4.1,60,266,6,263
1988-02-03 14:00:00,2.8,82,4.6,80,240,5,237
1988-02-03 15:00:00,2.8,82,5.2,110,210,0,210
1988-02-03 16:00:00,2.8,82,6.2,90,120,2,120
1988-02-03 17:00:00,2.2,89,4.1,120,64,1,63
1988-02-03 18:00:00,2.2,93,4.1,110,8,0,8
1988-02-03 19:00:00,2.2,93,3.6,100,0,0,0
1988-02-03 20:00:00,2.2,93,4.6,120,0,0,0
1988-02-03 21:00:00,2.2,93,4.6,110,0,0,0
1988-02-03 22:00:00,2.8,89,5.2,120,0,0,0
1988-02-03 23:00:00,2.8,89,3.6,130,0,0,0
1988-02-04 00:00:00,2.8,93,4.1,150,0,0,0
1988-02-04 01:00:00,2.8,96,3.6,140,0,0,0
1988-02-04 02:00:00,2.8,96,4.1,130,0,0,0
1988-02-04 03:00:00,2.8,96,3.1,150,0,0,0
1988-02-04 04:00:00,3.3,96,4.1,160,0,0,0
1988-02-04 05:00:00,3.3,96,5.2,160,0,0,0
1988-02-04 06:00:00,3.9,96,4.1,190,0,0,0
1988-02-04 07:00:00,4.4,96,5.2,230,0,0,0
1988-02-04 08:00:00,4.4,96,3.6,190,17,0,17
1988-02-04 09:00:00,4.4,96,4.1,200,58,1,58
1988-02-04 10:00:00,5.0,93,4.1,250,98,0,98
1988-02-04 11:00:00,5.6,93,6.2,280,235,1,235
1988-02-04 12:00:00,6.1,89,5.2,290,152,0,152
1988-02-04 13:00:00,6.7,86,5.2,290,294,2,293
1988-02-04 14:00:00,6.7,74,7.7,300,210,86,164
1988-02-04 15:00:00,5.0,68,9.3,310,155,1,154
1988-02-04 16:00:00,4.4,65,9.3,300,108,1,108
1988-02-04 17:00:00,2.8,57,10.3,310,77,11,75
1988-02-04 18:00:00,2.2,57,8.8,310,11,5,11
1988-02-04 19:00:00,1.1,54,9.3,310,0,0,0
1988-02-04 20:00:00,0.6,50,9.8,310,0,0,0
1988-02-04 21:00:00,0.0,47,7.7,310,0,0,0
1988-02-04 22:00:00,-0.6,49,7.7,310,0,0,0
1988-02-04 23:00:00,-1.1,54,6.2,310,0,0,0
1988-02-05 00:00:00,-1.1,54,5.2,310,0,0,0
1988-02-05 01:00:00,-1.7,56,4.6,300,0,0,0
1988-02-05 02:00:00,-2.2,47,6.2,300,0,0,0
1988-02-05 03:00:00,-2.8,51,4.1,300,0,0,0
1988-02-05 04:00:00,-3.3,53,3.1,290,0,0,0
1988-02-05 05:00:00,-4.4,60,2.6,270,0,0,0
1988-02-05 06:00:00,-4.4,60,2.6,270,0,0,0
1988-02-05 07:00:00,-4.4,60,3.1,270,0,0,0
1988-02-05 08:00:00,-5.0,68,3.1,210,34,109,24
1988-02-05 09:00:00,-2.2,53,4.1,220,170,475,64
1988-02-05 10:00:00,-1.1,49,5.7,260,321,624,88
1988-02-05 11:00:00,0.0,45,7.2,290,320,223,212
1988-02-05 12:00:00,-0.6,52,6.2,310,223,111,161
1988-02-05 13:00:00,0.6,44,5.7,290,192,12,186
1988-02-05 14:00:00,0.6,46,4.6,280,259,83,214
1988-02-05 15:00:00,1.1,46,5.2,310,200,32,186
1988-02-05 16:00:00,1.1,44,5.2,290,136,90,106
1988-02-05 17:00:00,1.1,35,6.7,300,88,147,63
1988-02-05 18:00:00,-0.6,32,8.2,290,18,60,12
1988-02-05 19:00:00,-1.1,33,6.7,290,0,0,0
1988-02-05 20:00:00,-1.7,34,6.2,290,0,0,0
1988-02-05 21:00:00,-3.3,37,6.7,310,0,0,0
1988-02-05 22:00:00,-3.9,39,6.7,300,0,0,0
1988-02-05 23:00:00,-4.4,40,7.7,310,0,0,0
1988-02-06 00:00:00,-5.6,42,9.3,290,0,0,0
1988-02-06 01:00:00,-6.7,39,8.8,290,0,0,0
1988-02-06 02:00:00,-7.8,29,8.2,290,0,0,0
1988-02-06 03:00:00,-8.3,37,7.7,300,0,0,0
1988-02-06 04:00:00,-9.4,40,5.7,290,0,0,0
1988-02-06 05:00:00,-10.0,46,4.1,290,0,0,0
1988-02-06 06:00:00,-10.0,44,3.6,300,0,0,0
1988-02-06 07:00:00,-10.6,42,6.2,300,0,0,0
1988-02-06 08:00:00,-10.6,42,4.6,290,41,234,18
1988-02-06 09:00:00,-10.0,38,7.2,270,187,664,36
1988-02-06 10:00:00,-9.4,39,6.7,290,364,835,50
1988-02-06 11:00:00,-8.3,37,6.7,290,499,899,60
1988-02-06 12:00:00,-7.2,34,7.2,280,588,940,66
1988-02-06 13:00:00,-6.7,31,7.2,270,609,946,67
1988-02-06 14:00:00,-6.1,31,7.2,310,568,933,65
1988-02-06 15:00:00,-5.6,29,6.7,300,465,890,57
1988-02-06 16:00:00,-5.0,26,6.7,290,311,796,46
1988-02-06 17:00:00,-5.0,24,7.2,270,135,592,31
1988-02-06 18:00:00,-5.6,25,6.2,290,23,94,13
1988-02-06 19:00:00,-6.1,28,5.2,300,0,0,0
1988-02-06 20:00:00,-6.7,28,8.2,300,0,0,0
1988-02-06 21:00:00,-7.2,31,7.7,290,0,0,0
1988-02-06 22:00:00,-8.3,35,6.2,290,0,0,0
1988-02-06 23:00:00,-8.9,39,6.7,300,0,0,0
1988-02-07 00:00:00,-9.4,49,5.7,290,0,0,0
1988-02-07 01:00:00,-10.0,40,5.7,290,0,0,0
1988-02-07 02:00:00,-10.6,38,3.6,300,0,0,0
1988-02-07 03:00:00,-10.6,44,5.7,320,0,0,0
1988-02-07 04:00:00,-11.1,46,3.6,300,0,0,0
1988-02-07 05:00:00,-11.7,48,3.1,270,0,0,0
1988-02-07 06:00:00,-11.7,50,4.1,300,0,0,0
1988-02-07 07:00:00,-12.2,61,2.1,260,0,0,0
1988-02-07 08:00:00,-11.7,53,3.6,350,34,35,30
1988-02-07 09:00:00,-9.4,40,2.1,210,192,671,37
1988-02-07 10:00:00,-8.3,35,0.0,0,364,822,51
1988-02-07 11:00:00,-6.7,34,3.6,200,501,904,56
1988-02-07 12:00:00,-5.6,35,4.6,230,591,946,61
1988-02-07 13:00:00,-3.9,32,4.6,240,616,959,63
1988-02-07 14:00:00,-3.3,32,4.1,200,573,945,60
1988-02-07 15:00:00,-2.2,30,6.2,200,427,801,58
1988-02-07 16:00:00,-3.3,42,6.7,140,273,564,83
1988-02-07 17:00:00,-3.9,46,5.2,160,95,189,62
1988-02-07 18:00:00,-3.9,44,4.1,150,13,9,12
1988-02-07 19:00:00,-3.9,44,4.1,160,0,0,0
1988-02-07 20:00:00,-5.0,60,5.2,160,0,0,0
1988-02-07 21:00:00,-5.6,65,4.6,180,0,0,0
1988-02-07 22:00:00,-5.0,60,6.2,180,0,0,0
1988-02-07 23:00:00,-3.9,53,6.7,190,0,0,0
1988-02-08 00:00:00,-2.2,43,6.2,190,0,0,0
1988-02-08 01:00:00,-2.2,41,5.7,210,0,0,0
1988-02-08 02:00:00,-1.1,36,5.2,210,0,0,0
1988-02-08 03:00:00,-1.7,41,2.6,240,0,0,0
1988-02-08 04:00:00,-2.2,41,3.6,220,0,0,0
1988-02-08 05:00:00,-3.9,46,2.6,230,0,0,0
1988-02-08 06:00:00,-4.4,50,2.6,260,0,0,0
1988-02-08 07:00:00,-4.4,50,2.6,260,0,0,0
1988-02-08 08:00:00,-5.0,60,3.1,250,41,210,21
1988-02-08 09:00:00,-0.6,41,5.2,270,178,607,36
1988-02-08 10:00:00,2.8,39,3.6,290,339,733,57
1988-02-08 11:00:00,5.0,40,4.1,330,481,810,79
1988-02-08 12:00:00,5.0,40,6.7,320,525,716,121
1988-02-08 13:00:00,5.0,36,5.2,290,511,565,182
1988-02-08 14:00:00,5.0,36,3.6,350,453,560,147
1988-02-08 15:00:00,5.0,36,4.1,290,301,260,180
1988-02-08 16:00:00,4.4,36,5.2,350,187,209,116
1988-02-08 17:00:00,3.3,39,4.1,340,61,47,53
1988-02-08 18:00:00,2.2,42,3.6,360,18,11,16
1988-02-08 19:00:00,1.1,48,4.1,360,0,0,0
1988-02-08 20:00:00,0.6,50,3.1,130,0,0,0
1988-02-08 21:00:00,0.6,54,3.6,60,0,0,0
1988-02-08 22:00:00,0.0,56,3.1,70,0,0,0
1988-02-08 23:00:00,-0.6,56,2.6,50,0,0,0
1988-02-09 00:00:00,-1.1,56,2.1,70,0,0,0
1988-02-09 01:00:00,-1.1,58,3.1,30,0,0,0
1988-02-09 02:00:00,-2.2,61,2.1,50,0,0,0
1988-02-09 03:00:00,-2.2,58,2.1,30,0,0,0
1988-02-09 04:00:00,-2.8,63,2.1,340,0,0,0
1988-02-09 05:00:00,-3.3,69,3.1,10,0,0,0
1988-02-09 06:00:00,-3.9,75,2.1,40,0,0,0
1988-02-09 07:00:00,-3.3,69,2.1,40,0,0,0
1988-02-09 08:00:00,-3.3,72,1.5,40,35,70,28
1988-02-09 09:00:00,-1.1,69,3.1,50,149,278,83
1988-02-09 10:00:00,0.6,64,3.1,90,308,467,126
1988-02-09 11:00:00,1.7,64,2.6,130,323,177,234
1988-02-09 12:00:00,3.3,62,3.6,160,359,117,293
1988-02-09 13:00:00,3.9,62,2.1,200,170,8,166
1988-02-09 14:00:00,3.9,65,1.5,60,272,34,253
1988-02-09 15:00:00,4.4,62,2.6,60,263,82,224
1988-02-09 16:00:00,3.9,65,3.1,70,131,6,129
1988-02-09 17:00:00,3.9,62,3.6,140,74,5,73
1988-02-09 18:00:00,2.8,62,2.6,130,25,56,19
1988-02-09 19:00:00,1.7,73,2.1,60,0,0,0
1988-02-09 20:00:00,1.1,76,2.6,40,0,0,0
1988-02-09 21:00:00,0.6,82,2.1,40,0,0,0
1988-02-09 22:00:00,-0.6,89,0.0,0,0,0,0
1988-02-09 23:00:00,-1.7,85,2.1,280,0,0,0
1988-02-10 00:00:00,-2.2,85,2.6,280,0,0,0
1988-02-10 01:00:00,-2.2,89,2.1,270,0,0,0
1988-02-10 02:00:00,-3.3,92,2.6,270,0,0,0
1988-02-10 03:00:00,-4.4,92,2.1,190,0,0,0
1988-02-10 04:00:00,-2.8,92,2.1,270,0,0,0
1988-02-10 05:00:00,-4.4,85,3.1,260,0,0,0
1988-02-10 06:00:00,-3.9,81,3.1,230,0,0,0
1988-02-10 07:00:00,-3.9,92,2.6,270,0,0,0
1988-02-10 08:00:00,-2.2,85,3.1,280,44,251,19
1988-02-10 09:00:00,1.1,76,2.6,260,178,587,35
1988-02-10 10:00:00,5.6,49,3.6,340,364,770,62
1988-02-10 11:00:00,6.7,42,4.6,330,462,801,58
1988-02-10 12:00:00,7.2,39,3.6,30,510,635,147
1988-02-10 13:00:00,7.8,37,2.6,290,507,639,129
1988-02-10 14:00:00,7.8,37,3.6,330,532,838,65
1988-02-10 15:00:00,8.3,36,4.1,340,480,912,47
1988-02-10 16:00:00,7.2,42,4.6,90,333,844,38
1988-02-10 17:00:00,5.6,49,3.1,80,151,654,26
1988-02-10 18:00:00,3.3,55,3.6,90,30,191,11
1988-02-10 19:00:00,3.3,55,2.6,80,0,0,0
1988-02-10 20:00:00,1.1,64,3.1,90,0,0,0
1988-02-10 21:00:00,0.6,67,3.1,60,0,0,0
1988-02-10 22:00:00,0.6,64,3.1,40,0,0,0
1988-02-10 23:00:00,0.6,59,2.1,40,0,0,0
1988-02-11 00:00:00,0.0,61,3.1,30,0,0,0
1988-02-11 01:00:00,0.0,59,3.1,60,0,0,0
1988-02-11 02:00:00,-1.1,69,3.6,50,0,0,0
1988-02-11 03:00:00,-1.1,82,3.1,30,0,0,0
1988-02-11 04:00:00,-1.1,75,3.6,50,0,0,0
1988-02-11 05:00:00,-2.2,78,2.6,50,0,0,0
1988-02-11 06:00:00,-2.2,72,3.1,40,0,0,0
1988-02-11 07:00:00,-2.2,72,3.1,60,0,0,0
1988-02-11 08:00:00,-0.6,67,4.1,60,40,158,25
1988-02-11 09:00:00,1.1,62,5.7,70,193,549,58
1988-02-11 10:00:00,1.7,62,6.2,60,376,785,65
1988-02-11 11:00:00,2.8,59,6.2,70,467,740,90
1988-02-11 12:00:00,3.9,57,5.2,70,521,629,158
1988-02-11 13:00:00,3.9,57,5.7,80,421,323,229
1988-02-11 14:00:00,5.0,55,7.2,40,386,379,173
1988-02-11 15:00:00,5.6,55,6.7,50,312,313,162
1988-02-11 16:00:00,5.0,62,5.7,70,127,11,123
1988-02-11 17:00:00,3.9,73,5.7,70,30,2,30
1988-02-11 18:00:00,2.8,82,8.8,100,8,1,8
1988-02-11 19:00:00,1.1,92,5.2,70,0,0,0
1988-02-11 20:00:00,1.1,92,6.2,70,0,0,0
1988-02-11 21:00:00,1.1,92,8.2,50,0,0,0
1988-02-11 22:00:00,1.7,89,8.2,70,0,0,0
1988-02-11 23:00:00,1.7,89,6.7,60,0,0,0
1988-02-12 00:00:00,1.7,89,6.7,40,0,0,0
1988-02-12 01:00:00,1.7,89,7.7,50,0,0,0
1988-02-12 02:00:00,2.2,89,5.7,40,0,0,0
1988-02-12 03:00:00,2.2,89,7.2,40,0,0,0
1988-02-12 04:00:00,3.3,86,4.1,30,0,0,0
1988-02-12 05:00:00,3.9,89,3.6,350,0,0,0
1988-02-12 06:00:00,3.9,96,3.1,30,0,0,0
1988-02-12 07:00:00,3.9,93,4.1,40,0,0,0
1988-02-12 08:00:00,3.9,93,3.6,30,12,4,12
1988-02-12 09:00:00,4.4,96,4.1,340,104,3,103
1988-02-12 10:00:00,5.0,89,3.6,350,167,7,165
1988-02-12 11:00:00,4.4,93,4.1,310,124,5,121
1988-02-12 12:00:00,3.3,96,7.2,280,158,1,158
1988-02-12 13:00:00,3.3,96,5.7,290,160,3,158
1988-02-12 14:00:00,3.9,89,7.7,290,158,1,157
1988-02-12 15:00:00,3.3,89,6.7,290,140,1,140
1988-02-12 16:00:00,1.7,85,7.2,290,178,1,178
1988-02-12 17:00:00,0.0,82,5.7,290,76,1,76
1988-02-12 18:00:00,-1.1,85,7.2,300,18,0,18
1988-02-12 19:00:00,-2.2,85,8.8,290,0,0,0
1988-02-12 20:00:00,-2.2,69,5.7,310,0,0,0
1988-02-12 21:00:00,-2.8,58,7.7,280,0,0,0
1988-02-12 22:00:00,-2.8,53,8.2,280,0,0,0
1988-02-12 23:00:00,-3.9,51,7.7,280,0,0,0
1988-02-13 00:00:00,-5.0,53,7.7,280,0,0,0
1988-02-13 01:00:00,-6.1,42,9.8,290,0,0,0
1988-02-13 02:00:00,-6.7,50,8.2,280,0,0,0
1988-02-13 03:00:00,-6.7,50,9.8,280,0,0,0
1988-02-13 04:00:00,-6.7,50,7.7,280,0,0,0
1988-02-13 05:00:00,-6.7,50,7.2,280,0,0,0
1988-02-13 06:00:00,-6.7,52,8.8,280,0,0,0
1988-02-13 07:00:00,-6.7,50,6.7,270,0,0,0
1988-02-13 08:00:00,-6.7,54,9.8,260,42,145,27
1988-02-13 09:00:00,-6.1,50,11.3,260,183,478,61
1988-02-13 10:00:00,-5.6,48,10.8,280,280,355,136
1988-02-13 11:00:00,-4.4,42,13.4,290,452,584,150
1988-02-13 12:00:00,-3.9,40,12.4,270,539,662,151
1988-02-13 13:00:00,-2.8,39,11.3,270,574,723,137
1988-02-13 14:00:00,-3.3,41,11.3,270,395,288,231
1988-02-13 15:00:00,-2.8,37,10.8,280,426,652,108
1988-02-13 16:00:00,-2.8,35,10.8,280,286,470,116
1988-02-13 17:00:00,-2.8,37,9.8,280,98,147,68
1988-02-13 18:00:00,-3.9,39,9.3,290,22,42,18
1988-02-13 19:00:00,-3.9,40,8.8,290,0,0,0
1988-02-13 20:00:00,-4.4,42,7.2,290,0,0,0
1988-02-13 21:00:00,-5.0,46,7.7,290,0,0,0
1988-02-13 22:00:00,-5.0,46,7.7,290,0,0,0
1988-02-13 23:00:00,-5.0,46,6.7,290,0,0,0
1988-02-14 00:00:00,-5.0,46,6.7,290,0,0,0
1988-02-14 01:00:00,-5.6,38,7.2,290,0,0,0
1988-02-14 02:00:00,-6.1,48,7.2,290,0,0,0
1988-02-14 03:00:00,-6.7,52,5.7,280,0,0,0
1988-02-14 04:00:00,-6.7,52,6.7,260,0,0,0
1988-02-14 05:00:00,-7.2,52,5.7,270,0,0,0
1988-02-14 06:00:00,-7.2,52,5.7,270,0,0,0
1988-02-14 07:00:00,-7.8,52,3.1,240,0,0,0
1988-02-14 08:00:00,-6.7,47,2.6,250,56,405,17
1988-02-14 09:00:00,-3.9,32,5.7,290,230,765,32
1988-02-14 10:00:00,-2.2,28,7.2,280,407,889,43
1988-02-14 11:00:00,-0.6,27,4.6,310,551,954,52
1988-02-14 12:00:00,0.6,25,2.6,270,634,977,57
1988-02-14 13:00:00,2.2,24,2.6,240,661,990,59
1988-02-14 14:00:00,3.3,22,5.7,260,615,971,56
1988-02-14 15:00:00,3.9,21,3.6,180,510,929,52
1988-02-14 16:00:00,5.0,19,2.6,190,261,356,130
1988-02-14 17:00:00,2.8,31,4.1,160,125,327,57
1988-02-14 18:00:00,0.6,37,3.1,140,26,12,25
1988-02-14 19:00:00,0.0,42,4.1,160,0,0,0
1988-02-14 20:00:00,-0.6,47,2.6,170,0,0,0
1988-02-14 21:00:00,-1.1,54,2.1,160,0,0,0
1988-02-14 22:00:00,-0.6,54,2.1,180,0,0,0
1988-02-14 23:00:00,-1.1,56,2.6,150,0,0,0
1988-02-15 00:00:00,-1.1,54,2.1,160,0,0,0
1988-02-15 01:00:00,-0.6,52,2.6,180,0,0,0
1988-02-15 02:00:00,-1.1,54,3.1,170,0,0,0
1988-02-15 03:00:00,-1.1,61,3.1,170,0,0,0
1988-02-15 04:00:00,-0.6,61,1.5,140,0,0,0
1988-02-15 05:00:00,-1.1,64,1.5,150,0,0,0
1988-02-15 06:00:00,-0.6,69,2.1,160,0,0,0
1988-02-15 07:00:00,1.7,73,6.7,170,0,0,0
1988-02-15 08:00:00,3.3,76,6.7,190,31,35,27
1988-02-15 09:00:00,5.6,63,7.7,200,137,117,106
1988-02-15 10:00:00,7.2,66,7.2,200,217,63,191
1988-02-15 11:00:00,8.9,71,4.6,210,210,48,185
1988-02-15 12:00:00,10.6,66,5.2,210,239,46,211
1988-02-15 13:00:00,11.7,66,6.7,220,221,7,217
1988-02-15 14:00:00,11.7,69,5.2,190,251,4,249
1988-02-15 15:00:00,11.7,72,3.1,200,250,3,249
1988-02-15 16:00:00,10.0,83,3.1,110,106,2,105
1988-02-15 17:00:00,8.9,89,2.1,70,45,5,44
1988-02-15 18:00:00,8.9,89,3.6,110,11,0,11
1988-02-15 19:00:00,9.4,93,2.1,70,0,0,0
1988-02-15 20:00:00,8.9,96,1.5,50,0,0,0
1988-02-15 21:00:00,8.9,93,2.1,360,0,0,0
1988-02-15 22:00:00,8.3,96,4.1,310,0,0,0
1988-02-15 23:00:00,8.3,96,3.6,340,0,0,0
1988-02-16 00:00:00,8.3,96,3.1,300,0,0,0
1988-02-16 01:00:00,8.3,86,4.6,330,0,0,0
1988-02-16 02:00:00,7.8,86,5.7,330,0,0,0
1988-02-16 03:00:00,7.2,83,7.2,340,0,0,0
1988-02-16 04:00:00,6.1,86,7.2,320,0,0,0
1988-02-16 05:00:00,5.6,83,7.7,310,0,0,0
1988-02-16 06:00:00,4.4,76,10.3,320,0,0,0
1988-02-16 07:00:00,3.9,67,9.3,310,0,0,0
1988-02-16 08:00:00,3.3,67,7.2,300,28,10,27
1988-02-16 09:00:00,3.9,62,7.7,310,149,115,119
1988-02-16 10:00:00,5.0,53,8.2,310,321,428,143
1988-02-16 11:00:00,5.0,51,7.2,320,338,257,201
1988-02-16 12:00:00,5.0,53,7.7,300,319,3,317
1988-02-16 13:00:00,5.6,53,6.7,320,376,299,191
1988-02-16 14:00:00,6.1,51,8.8,290,494,553,171
1988-02-16 15:00:00,6.1,47,8.8,310,474,807,68
1988-02-16 16:00:00,6.7,45,7.7,290,333,755,49
1988-02-16 17:00:00,6.1,43,6.7,290,172,640,34
1988-02-16 18:00:00,4.4,49,5.2,290,37,194,16
1988-02-16 19:00:00,2.8,52,3.6,290,0,0,0
1988-02-16 20:00:00,3.3,53,3.6,300,0,0,0
1988-02-16 21:00:00,0.6,61,2.1,220,0,0,0
1988-02-16 22:00:00,0.0,67,3.1,240,0,0,0
1988-02-16 23:00:00,-0.6,69,2.1,280,0,0,0
1988-02-17 00:00:00,0.6,59,3.6,310,0,0,0
1988-02-17 01:00:00,-2.2,72,0.0,0,0,0,0
1988-02-17 02:00:00,-2.2,78,2.1,290,0,0,0
1988-02-17 03:00:00,-2.2,78,3.1,280,0,0,0
1988-02-17 04:00:00,-2.2,75,2.6,260,0,0,0
1988-02-17 05:00:00,-2.8,75,2.1,270,0,0,0
1988-02-17 06:00:00,-3.9,81,2.6,250,0,0,0
1988-02-17 07:00:00,-3.9,81,2.1,260,0,0,0
1988-02-17 08:00:00,-1.1,72,1.5,270,56,317,24
1988-02-17 09:00:00,2.2,62,1.5,210,228,673,45
1988-02-17 10:00:00,5.6,51,1.5,200,403,809,61
1988-02-17 11:00:00,7.2,44,3.1,160,542,875,73
1988-02-17 12:00:00,8.9,41,3.6,180,630,911,79
1988-02-17 13:00:00,10.0,39,3.1,150,649,898,89
1988-02-17 14:00:00,11.1,37,1.5,90,604,829,115
1988-02-17 15:00:00,10.6,45,3.6,60,379,365,195
1988-02-17 16:00:00,9.4,48,4.1,80,292,464,116
1988-02-17 17:00:00,9.4,50,3.1,110,135,221,86
1988-02-17 18:00:00,6.1,60,2.6,150,32,70,25
1988-02-17 19:00:00,6.7,58,1.5,120,0,0,0
1988-02-17 20:00:00,5.6,63,2.6,120,0,0,0
1988-02-17 21:00:00,5.0,60,0.0,0,0,0,0
1988-02-17 22:00:00,3.9,65,0.0,0,0,0,0
1988-02-17 23:00:00,3.3,67,1.5,350,0,0,0
1988-02-18 00:00:00,1.1,79,2.1,230,0,0,0
1988-02-18 01:00:00,0.6,82,2.1,270,0,0,0
1988-02-18 02:00:00,0.0,85,2.1,290,0,0,0
1988-02-18 03:00:00,-0.6,85,0.0,0,0,0,0
1988-02-18 04:00:00,0.0,85,2.1,290,0,0,0
1988-02-18 05:00:00,0.6,85,0.0,0,0,0,0
1988-02-18 06:00:00,2.2,79,2.1,230,0,0,0
1988-02-18 07:00:00,0.6,85,2.6,230,0,0,0
1988-02-18 08:00:00,1.7,82,2.6,280,33,22,30
1988-02-18 09:00:00,6.1,68,2.6,280,124,71,104
1988-02-18 10:00:00,8.9,52,2.1,60,252,164,182
1988-02-18 11:00:00,10.0,48,6.2,360,361,236,233
1988-02-18 12:00:00,10.0,48,3.6,30,218,8,213
1988-02-18 13:00:00,10.6,47,2.1,330,427,371,194
1988-02-18 14:00:00,11.7,42,2.6,100,513,541,192
1988-02-18 15:00:00,11.7,42,4.1,90,399,521,132
1988-02-18 16:00:00,10.6,47,3.6,110,216,211,135
1988-02-18 17:00:00,8.9,50,4.1,110,170,454,68
1988-02-18 18:00:00,6.7,56,3.6,100,39,194,18
1988-02-18 19:00:00,6.1,56,3.1,90,0,0,0
1988-02-18 20:00:00,5.6,55,2.6,90,0,0,0
1988-02-18 21:00:00,3.9,62,2.1,160,0,0,0
1988-02-18 22:00:00,4.4,60,2.1,40,0,0,0
1988-02-18 23:00:00,3.9,57,2.1,60,0,0,0
1988-02-19 00:00:00,3.9,65,2.6,60,0,0,0
1988-02-19 01:00:00,3.9,60,2.1,50,0,0,0
1988-02-19 02:00:00,3.9,57,3.1,70,0,0,0
1988-02-19 03:00:00,3.3,60,2.1,50,0,0,0
1988-02-19 04:00:00,3.3,65,2.1,40,0,0,0
1988-02-19 05:00:00,3.3,65,3.1,20,0,0,0
1988-02-19 06:00:00,3.3,67,3.6,40,0,0,0
1988-02-19 07:00:00,3.9,65,1.5,50,0,0,0
1988-02-19 08:00:00,3.9,65,3.1,50,23,3,23
1988-02-19 09:00:00,4.4,62,3.6,60,104,14,100
1988-02-19 10:00:00,5.0,62,4.1,70,155,5,153
1988-02-19 11:00:00,6.1,60,6.2,70,250,1,250
1988-02-19 12:00:00,5.6,65,3.6,90,139,3,137
1988-02-19 13:00:00,5.6,76,5.2,70,155,2,154
1988-02-19 14:00:00,5.0,89,3.6,80,154,0,153
1988-02-19 15:00:00,5.0,89,5.7,60,129,0,129
1988-02-19 16:00:00,5.0,93,5.2,60,104,1,103
1988-02-19 17:00:00,5.6,96,4.1,50,57,1,57
1988-02-19 18:00:00,5.6,96,6.2,80,13,0,13
1988-02-19 19:00:00,6.1,96,5.7,70,0,0,0
1988-02-19 20:00:00,6.1,96,4.6,80,0,0,0
1988-02-19 21:00:00,6.7,93,2.1,350,0,0,0
1988-02-19 22:00:00,6.1,96,3.6,280,0,0,0
1988-02-19 23:00:00,6.1,96,4.6,280,0,0,0
1988-02-20 00:00:00,6.1,96,3.6,230,0,0,0
1988-02-20 01:00:00,5.6,93,2.6,210,0,0,0
1988-02-20 02:00:00,5.0,96,3.6,230,0,0,0
1988-02-20 03:00:00,5.6,93,4.6,260,0,0,0
1988-02-20 04:00:00,5.6,93,5.7,270,0,0,0
1988-02-20 05:00:00,5.0,93,4.1,230,0,0,0
1988-02-20 06:00:00,5.6,93,4.6,240,0,0,0
1988-02-20 07:00:00,5.6,96,6.7,230,1,0,1
1988-02-20 08:00:00,6.1,93,4.1,250,39,0,39
1988-02-20 09:00:00,6.7,93,3.1,220,115,1,115
1988-02-20 10:00:00,7.8,89,3.6,250,188,1,188
1988-02-20 11:00:00,10.0,83,4.6,180,239,91,189
1988-02-20 12:00:00,11.7,74,4.1,200,423,380,187
1988-02-20 13:00:00,11.1,74,5.2,220,242,7,237
1988-02-20 14:00:00,11.7,74,3.6,200,217,11,210
1988-02-20 15:00:00,11.7,69,4.6,210,165,2,164
1988-02-20 16:00:00,12.2,67,6.2,210,150,2,149
1988-02-20 17:00:00,10.6,61,3.1,280,42,5,41
1988-02-20 18:00:00,9.4,69,3.6,280,21,23,18
1988-02-20 19:00:00,8.9,69,3.1,260,0,0,0
1988-02-20 20:00:00,9.4,52,8.2,300,0,0,0
1988-02-20 21:00:00,8.3,42,7.7,290,0,0,0
1988-02-20 22:00:00,7.2,44,7.7,300,0,0,0
1988-02-20 23:00:00,6.7,44,6.7,290,0,0,0
1988-02-21 00:00:00,5.6,51,6.2,300,0,0,0
1988-02-21 01:00:00,3.9,49,4.1,290,0,0,0
1988-02-21 02:00:00,3.9,51,7.2,280,0,0,0
1988-02-21 03:00:00,3.3,55,7.7,290,0,0,0
1988-02-21 04:00:00,2.8,50,7.2,270,0,0,0
1988-02-21 05:00:00,1.7,46,7.7,290,0,0,0
1988-02-21 06:00:00,0.6,48,7.2,280,0,0,0
1988-02-21 07:00:00,-0.6,49,7.2,290,3,4,2
1988-02-21 08:00:00,-1.1,45,10.8,300,73,457,22
1988-02-21 09:00:00,-1.7,41,10.3,280,260,767,38
1988-02-21 10:00:00,-2.2,36,7.7,300,397,774,56
1988-02-21 11:00:00,-1.7,31,8.8,300,474,699,86
1988-02-21 12:00:00,-1.7,31,7.2,320,635,912,65
1988-02-21 13:00:00,-1.7,30,6.7,310,690,969,67
1988-02-21 14:00:00,-1.1,29,8.2,290,646,956,65
1988-02-21 15:00:00,-1.1,29,7.7,310,545,928,58
1988-02-21 16:00:00,-1.1,27,7.7,280,390,861,47
1988-02-21 17:00:00,-1.1,26,6.7,310,201,706,34
1988-02-21 18:00:00,-1.7,28,6.7,290,46,275,17
1988-02-21 19:00:00,-2.8,32,4.6,290,0,0,0
1988-02-21 20:00:00,-3.3,34,3.1,260,0,0,0
1988-02-21 21:00:00,-3.9,37,2.6,270,0,0,0
1988-02-21 22:00:00,-4.4,37,2.1,200,0,0,0
1988-02-21 23:00:00,-6.1,48,2.1,210,0,0,0
1988-02-22 00:00:00,-7.2,59,2.1,180,0,0,0
1988-02-22 01:00:00,-8.3,71,2.6,260,0,0,0
1988-02-22 02:00:00,-7.8,59,3.1,210,0,0,0
1988-02-22 03:00:00,-7.2,57,2.6,200,0,0,0
1988-02-22 04:00:00,-7.2,57,2.1,250,0,0,0
1988-02-22 05:00:00,-7.8,65,1.5,230,0,0,0
1988-02-22 06:00:00,-7.8,62,1.5,160,0,0,0
1988-02-22 07:00:00,-7.2,59,1.5,240,3,11,1
1988-02-22 08:00:00,-5.0,63,2.1,190,72,396,27
1988-02-22 09:00:00,-1.7,56,5.7,200,256,714,46
1988-02-22 10:00:00,2.2,42,6.7,190,439,845,62
1988-02-22 11:00:00,5.0,29,8.8,200,582,908,73
1988-02-22 12:00:00,7.2,24,10.3,200,635,891,75
1988-02-22 13:00:00,8.9,23,9.8,200,618,757,128
1988-02-22 14:00:00,10.0,22,7.2,200,444,398,200
1988-02-22 15:00:00,10.6,23,6.7,200,419,489,160
1988-02-22 16:00:00,11.1,23,8.8,200,295,327,163
1988-02-22 17:00:00,10.6,25,9.3,190,184,506,63
1988-02-22 18:00:00,10.0,27,7.2,200,40,139,26
1988-02-22 19:00:00,7.8,34,5.7,170,0,0,0
1988-02-22 20:00:00,7.8,36,5.2,190,0,0,0
1988-02-22 21:00:00,7.8,39,5.7,190,0,0,0
1988-02-22 22:00:00,7.8,42,6.7,190,0,0,0
1988-02-22 23:00:00,8.9,39,8.2,190,0,0,0
1988-02-23 00:00:00,9.4,38,7.7,200,0,0,0
1988-02-23 01:00:00,9.4,39,7.7,210,0,0,0
1988-02-23 02:00:00,10.0,43,11.3,210,0,0,0
1988-02-23 03:00:00,10.0,43,10.8,200,0,0,0
1988-02-23 04:00:00,9.4,44,10.3,210,0,0,0
1988-02-23 05:00:00,8.9,46,12.4,220,0,0,0
1988-02-23 06:00:00,8.9,48,10.3,200,0,0,0
1988-02-23 07:00:00,8.9,48,9.3,210,7,32,2
1988-02-23 08:00:00,9.4,48,11.3,210,78,415,28
1988-02-23 09:00:00,11.1,45,11.8,220,258,678,55
1988-02-23 10:00:00,12.8,42,10.3,230,389,708,70
1988-02-23 11:00:00,15.0,33,9.3,220,561,895,55
1988-02-23 12:00:00,16.1,31,10.3,220,673,967,60
1988-02-23 13:00:00,17.2,27,8.8,220,735,873,166
1988-02-23 14:00:00,11.7,42,10.3,320,193,6,189
1988-02-23 15:00:00,9.4,48,7.7,310,193,0,193
1988-02-23 16:00:00,6.1,83,4.6,310,96,7,93
1988-02-23 17:00:00,5.6,89,2.1,270,64,5,63
1988-02-23 18:00:00,5.6,86,2.1,220,25,3,25
1988-02-23 19:00:00,6.1,80,2.6,190,0,0,0
1988-02-23 20:00:00,5.6,86,2.6,230,0,0,0
1988-02-23 21:00:00,5.0,89,2.1,260,0,0,0
1988-02-23 22:00:00,5.0,89,4.1,240,0,0,0
1988-02-23 23:00:00,5.0,86,2.6,270,0,0,0
1988-02-24 00:00:00,5.0,83,2.1,210,0,0,0
1988-02-24 01:00:00,5.0,73,3.1,250,0,0,0
1988-02-24 02:00:00,4.4,65,3.1,270,0,0,0
1988-02-24 03:00:00,4.4,65,4.6,300,0,0,0
1988-02-24 04:00:00,3.3,65,5.7,300,0,0,0
1988-02-24 05:00:00,2.2,64,4.6,270,0,0,0
1988-02-24 06:00:00,1.7,62,5.2,290,0,0,0
1988-02-24 07:00:00,1.1,54,5.2,300,3,11,1
1988-02-24 08:00:00,1.1,52,7.2,310,78,407,28
1988-02-24 09:00:00,1.1,40,7.7,310,267,722,47
1988-02-24 10:00:00,1.7,40,8.2,310,444,836,63
1988-02-24 11:00:00,2.2,39,7.7,320,588,900,74
1988-02-24 12:00:00,3.3,37,6.2,290,574,713,118
1988-02-24 13:00:00,3.9,36,6.7,280,603,659,170
1988-02-24 14:00:00,3.9,36,8.2,270,618,784,130
1988-02-24 15:00:00,3.9,34,7.2,300,507,821,65
1988-02-24 16:00:00,3.3,34,7.2,310,268,315,138
1988-02-24 17:00:00,3.3,33,7.2,310,164,449,53
1988-02-24 18:00:00,2.2,34,6.7,300,43,210,21
1988-02-24 19:00:00,1.1,38,3.6,290,0,0,0
1988-02-24 20:00:00,0.6,40,3.6,290,0,0,0
1988-02-24 21:00:00,-1.1,47,3.6,270,0,0,0
1988-02-24 22:00:00,-1.7,49,3.6,280,0,0,0
1988-02-24 23:00:00,-1.7,47,2.6,230,0,0,0
1988-02-25 00:00:00,-2.8,53,2.1,220,0,0,0
1988-02-25 01:00:00,-2.8,58,3.1,250,0,0,0
1988-02-25 02:00:00,-3.9,66,4.6,270,0,0,0
1988-02-25 03:00:00,-3.9,72,3.1,250,0,0,0
1988-02-25 04:00:00,-2.8,66,3.6,280,0,0,0
1988-02-25 05:00:00,-3.3,69,3.6,230,0,0,0
1988-02-25 06:00:00,-3.9,69,3.1,240,0,0,0
1988-02-25 07:00:00,-4.4,72,3.1,220,3,11,2
1988-02-25 08:00:00,-2.2,63,4.1,210,79,359,33
1988-02-25 09:00:00,-0.6,56,4.1,250,182,248,105
1988-02-25 10:00:00,-0.6,52,6.2,260,267,173,187
1988-02-25 11:00:00,0.0,45,6.7,280,152,11,146
1988-02-25 12:00:00,1.1,44,6.2,290,553,485,241
1988-02-25 13:00:00,1.7,40,5.7,270,415,317,205
1988-02-25 14:00:00,1.7,37,5.2,310,349,197,225
1988-02-25 15:00:00,1.7,35,5.7,300,264,192,160
1988-02-25 16:00:00,1.7,40,6.2,290,198,55,176
1988-02-25 17:00:00,1.1,42,4.6,290,146,173,103
1988-02-25 18:00:00,0.6,44,4.6,290,42,147,27
1988-02-25 19:00:00,0.0,47,4.1,290,0,0,0
1988-02-25 20:00:00,-1.1,51,2.6,280,0,0,0
1988-02-25 21:00:00,-1.7,56,2.1,220,0,0,0
1988-02-25 22:00:00,-2.2,61,3.1,290,0,0,0
1988-02-25 23:00:00,-2.8,61,3.1,280,0,0,0
1988-02-26 00:00:00,-4.4,69,4.1,270,0,0,0
1988-02-26 01:00:00,-3.3,60,3.6,280,0,0,0
1988-02-26 02:00:00,-3.9,63,3.1,290,0,0,0
1988-02-26 03:00:00,-5.0,68,3.1,270,0,0,0
1988-02-26 04:00:00,-4.4,66,3.6,290,0,0,0
1988-02-26 05:00:00,-3.3,55,4.1,300,0,0,0
1988-02-26 06:00:00,-5.0,63,2.6,270,0,0,0
1988-02-26 07:00:00,-5.6,65,2.6,160,3,8,2
1988-02-26 08:00:00,-3.9,63,3.1,260,76,306,35
1988-02-26 09:00:00,-1.7,51,3.6,300,250,602,62
1988-02-26 10:00:00,-1.1,45,5.2,290,423,614,137
1988-02-26 11:00:00,0.0,40,5.2,240,528,653,149
1988-02-26 12:00:00,1.1,40,5.7,320,634,802,114
1988-02-26 13:00:00,2.2,35,7.2,280,648,828,97
1988-02-26 14:00:00,3.3,33,4.6,240,589,731,127
1988-02-26 15:00:00,3.9,30,5.2,260,505,757,91
1988-02-26 16:00:00,3.9,32,3.6,250,351,616,92
1988-02-26 17:00:00,3.3,33,4.6,200,75,4,74
1988-02-26 18:00:00,2.2,39,4.1,150,23,14,22
1988-02-26 19:00:00,1.1,54,4.1,150,0,0,0
1988-02-26 20:00:00,-0.6,67,3.6,120,0,0,0
1988-02-26 21:00:00,0.0,69,4.1,140,0,0,0
1988-02-26 22:00:00,0.0,72,4.6,130,0,0,0
1988-02-26 23:00:00,0.0,72,2.6,140,0,0,0
1988-02-27 00:00:00,-0.6,79,2.6,50,0,0,0
1988-02-27 01:00:00,-0.6,79,2.6,50,0,0,0
1988-02-27 02:00:00,0.6,82,3.1,60,0,0,0
1988-02-27 03:00:00,0.6,85,3.1,90,0,0,0
1988-02-27 04:00:00,0.6,82,2.6,70,0,0,0
1988-02-27 05:00:00,0.6,82,2.6,70,0,0,0
1988-02-27 06:00:00,0.6,85,2.1,30,0,0,0
1988-02-27 07:00:00,1.1,82,2.1,30,4,1,4
1988-02-27 08:00:00,1.1,79,2.1,60,28,1,28
1988-02-27 09:00:00,2.2,79,3.1,50,109,4,108
1988-02-27 10:00:00,2.8,76,4.1,50,176,10,171
1988-02-27 11:00:00,3.3,67,4.6,60,216,9,211
1988-02-27 12:00:00,3.9,60,4.1,70,263,8,258
1988-02-27 13:00:00,4.4,51,4.6,40,340,6,335
1988-02-27 14:00:00,5.6,45,5.7,40,266,4,263
1988-02-27 15:00:00,5.0,53,4.1,20,249,1,249
1988-02-27 16:00:00,4.4,70,6.2,10,177,1,177
1988-02-27 17:00:00,3.3,76,6.2,340,52,29,44
1988-02-27 18:00:00,3.3,76,4.6,300,22,25,19
1988-02-27 19:00:00,3.3,76,6.2,320,0,0,0
1988-02-27 20:00:00,2.2,79,7.7,340,0,0,0
1988-02-27 21:00:00,2.2,79,6.7,320,0,0,0
1988-02-27 22:00:00,1.1,92,7.2,350,0,0,0
1988-02-27 23:00:00,1.7,76,6.2,360,0,0,0
1988-02-28 00:00:00,1.1,85,8.8,10,0,0,0
1988-02-28 01:00:00,0.6,92,7.7,10,0,0,0
1988-02-28 02:00:00,0.6,89,5.2,20,0,0,0
1988-02-28 03:00:00,0.6,89,5.2,10,0,0,0
1988-02-28 04:00:00,0.6,76,5.2,20,0,0,0
1988-02-28 05:00:00,0.0,82,5.7,20,0,0,0
1988-02-28 06:00:00,0.0,82,4.6,360,0,0,0
1988-02-28 07:00:00,0.0,75,3.6,350,1,1,1
1988-02-28 08:00:00,0.0,82,5.7,340,47,1,47
1988-02-28 09:00:00,1.1,76,5.2,10,135,1,135
1988-02-28 10:00:00,1.7,76,5.2,330,216,11,211
1988-02-28 11:00:00,2.2,73,4.6,350,348,100,289
1988-02-28 12:00:00,2.8,62,4.1,330,341,222,195
1988-02-28 13:00:00,2.8,62,5.7,320,213,1,213
1988-02-28 14:00:00,2.8,59,4.1,320,265,10,259
1988-02-28 15:00:00,3.3,53,2.6,310,251,10,245
1988-02-28 16:00:00,3.3,53,4.1,250,176,2,176
1988-02-28 17:00:00,3.3,50,2.6,160,212,586,57
1988-02-28 18:00:00,2.2,57,1.5,140,53,338,19
1988-02-28 19:00:00,0.6,64,3.1,150,0,0,0
1988-02-28 20:00:00,-0.6,69,3.6,170,0,0,0
1988-02-28 21:00:00,-1.1,72,3.1,160,0,0,0
1988-02-28 22:00:00,-1.2,82,2.9,200,0,0,0
1988-02-28 23:00:00,-1.3,85,2.6,200,0,0,0
1988-02-29 00:00:00,-1.5,85,2.4,210,0,0,0
1985-03-01 01:00:00,-1.6,69,2.2,220,0,0,0
1985-03-01 02:00:00,-1.8,66,2.0,230,0,0,0
1985-03-01 03:00:00,-1.9,69,1.7,250,0,0,0
1985-03-01 04:00:00,-2.2,69,1.5,260,0,0,0
1985-03-01 05:00:00,-2.2,72,0.0,0,0,0,0
1985-03-01 06:00:00,-2.8,75,2.6,210,0,0,0
1985-03-01 07:00:00,-2.2,75,2.1,150,5,15,3
1985-03-01 08:00:00,-1.1,78,1.5,200,89,256,51
1985-03-01 09:00:00,1.7,73,0.0,0,260,538,83
1985-03-01 10:00:00,6.7,51,4.1,190,413,586,131
1985-03-01 11:00:00,10.6,34,4.6,200,546,669,148
1985-03-01 12:00:00,12.2,26,7.7,200,633,663,194
1985-03-01 13:00:00,12.8,24,6.7,200,268,2,266
1985-03-01 14:00:00,13.9,22,7.2,210,275,1,274
1985-03-01 15:00:00,11.1,34,6.7,130,327,66,290
1985-03-01 16:00:00,10.6,35,5.2,130,154,35,139
1985-03-01 17:00:00,9.4,36,5.7,160,75,1,75
1985-03-01 18:00:00,8.3,39,3.6,150,23,3,23
1985-03-01 19:00:00,8.3,41,4.1,160,0,0,0
1985-03-01 20:00:00,7.8,44,3.1,130,0,0,0
1985-03-01 21:00:00,7.8,50,2.6,160,0,0,0
1985-03-01 22:00:00,7.8,50,0.0,0,0,0,0
1985-03-01 23:00:00,7.2,54,0.0,0,0,0,0
1985-03-02 00:00:00,6.7,58,2.6,40,0,0,0
1985-03-02 01:00:00,5.6,60,1.5,160,0,0,0
1985-03-02 02:00:00,5.0,62,0.0,0,0,0,0
1985-03-02 03:00:00,1.7,70,2.1,270,0,0,0
1985-03-02 04:00:00,0.6,73,2.6,260,0,0,0
1985-03-02 05:00:00,1.7,70,2.6,280,0,0,0
1985-03-02 06:00:00,0.0,72,3.6,280,0,0,0
1985-03-02 07:00:00,2.8,65,3.6,260,10,30,6
1985-03-02 08:00:00,6.7,58,3.1,240,102,441,34
1985-03-02 09:00:00,10.0,46,3.1,280,288,703,54
1985-03-02 10:00:00,13.3,42,7.7,310,469,818,71
1985-03-02 11:00:00,13.9,42,7.7,310,295,168,194
1985-03-02 12:00:00,14.4,41,7.2,290,579,608,172
1985-03-02 13:00:00,15.6,36,7.7,300,613,587,211
1985-03-02 14:00:00,16.7,29,7.2,300,676,904,88
1985-03-02 15:00:00,17.2,25,8.8,300,574,873,80
1985-03-02 16:00:00,15.6,25,8.8,300,414,797,66
1985-03-02 17:00:00,14.4,28,7.2,320,223,644,48
1985-03-02 18:00:00,12.2,30,6.2,300,52,268,25
1985-03-02 19:00:00,11.1,31,5.2,320,0,0,0
1985-03-02 20:00:00,10.0,35,3.6,310,0,0,0
1985-03-02 21:00:00,7.8,42,4.1,270,0,0,0
1985-03-02 22:00:00,6.1,47,4.1,290,0,0,0
1985-03-02 23:00:00,7.2,42,2.6,290,0,0,0
1985-03-03 00:00:00,6.7,38,3.6,310,0,0,0
1985-03-03 01:00:00,6.1,35,3.6,310,0,0,0
1985-03-03 02:00:00,5.6,33,5.7,350,0,0,0
1985-03-03 03:00:00,4.4,38,4.1,360,0,0,0
1985-03-03 04:00:00,3.3,41,4.6,350,0,0,0
1985-03-03 05:00:00,2.2,46,5.2,350,0,0,0
1985-03-03 06:00:00,1.1,50,4.6,360,0,0,0
1985-03-03 07:00:00,1.1,50,4.1,360,7,3,7
1985-03-03 08:00:00,2.8,46,5.2,10,88,237,51
1985-03-03 09:00:00,3.9,43,5.7,20,268,532,89
1985-03-03 10:00:00,5.0,41,4.6,40,452,678,119
1985-03-03 11:00:00,5.6,38,2.6,10,572,709,142
1985-03-03 12:00:00,7.2,35,3.1,170,646,696,177
1985-03-03 13:00:00,8.9,33,2.1,210,680,716,186
1985-03-03 14:00:00,8.9,32,3.1,70,623,698,166
1985-03-03 15:00:00,10.0,29,2.6,140,519,670,138
1985-03-03 16:00:00,9.4,32,4.6,70,366,525,136
1985-03-03 17:00:00,8.9,32,3.6,120,198,445,76
1985-03-03 18:00:00,7.2,35,3.6,100,37,64,31
1985-03-03 19:00:00,5.0,40,2.6,130,0,0,0
1985-03-03 20:00:00,5.0,36,1.5,90,0,0,0
1985-03-03 21:00:00,3.3,37,0.0,0,0,0,0
1985-03-03 22:00:00,2.2,44,1.5,100,0,0,0
1985-03-03 23:00:00,1.7,46,0.0,0,0,0,0
1985-03-04 00:00:00,1.1,50,1.5,200,0,0,0
1985-03-04 01:00:00,1.1,62,2.6,200,0,0,0
1985-03-04 02:00:00,1.7,67,2.1,80,0,0,0
1985-03-04 03:00:00,2.2,73,3.1,80,0,0,0
1985-03-04 04:00:00,2.8,70,3.6,80,0,0,0
1985-03-04 05:00:00,2.8,70,4.6,80,0,0,0
1985-03-04 06:00:00,2.8,70,5.2,80,0,0,0
1985-03-04 07:00:00,2.8,73,4.6,60,2,0,2
1985-03-04 08:00:00,2.8,70,4.6,80,69,5,68
1985-03-04 09:00:00,2.8,70,5.2,90,107,9,104
1985-03-04 10:00:00,2.8,70,6.2,90,123,1,122
1985-03-04 11:00:00,2.8,76,4.6,70,161,6,157
1985-03-04 12:00:00,2.8,82,6.2,90,177,4,174
1985-03-04 13:00:00,3.3,82,5.7,90,165,2,163
1985-03-04 14:00:00,3.9,86,6.7,90,183,3,181
1985-03-04 15:00:00,4.4,86,3.6,90,150,1,150
1985-03-04 16:00:00,5.0,86,3.1,70,118,0,118
1985-03-04 17:00:00,5.6,86,2.6,100,130,1,130
1985-03-04 18:00:00,5.6,86,2.6,100,32,0,32
1985-03-04 19:00:00,5.6,89,0.0,0,0,0,0
1985-03-04 20:00:00,5.6,86,0.0,0,0,0,0
1985-03-04 21:00:00,5.6,86,3.1,210,0,0,0
1985-03-04 22:00:00,6.1,83,3.1,240,0,0,0
1985-03-04 23:00:00,6.7,83,2.6,250,0,0,0
1985-03-05 00:00:00,7.2,83,5.2,220,0,0,0
1985-03-05 01:00:00,8.9,80,6.7,230,0,0,0
1985-03-05 02:00:00,8.9,80,5.2,220,0,0,0
1985-03-05 03:00:00,10.0,83,3.6,270,0,0,0
1985-03-05 04:00:00,10.0,83,2.6,190,0,0,0
1985-03-05 05:00:00,10.0,83,3.1,230,0,0,0
1985-03-05 06:00:00,10.0,83,3.1,250,0,0,0
1985-03-05 07:00:00,9.4,86,3.6,240,9,20,7
1985-03-05 08:00:00,11.1,83,3.1,250,114,483,33
1985-03-05 09:00:00,15.0,48,7.7,290,310,742,51
1985-03-05 10:00:00,16.7,37,8.2,260,492,849,67
1985-03-05 11:00:00,17.8,33,8.8,250,628,895,77
1985-03-05 12:00:00,18.3,28,8.8,260,722,934,83
1985-03-05 13:00:00,18.9,23,8.2,290,745,943,85
1985-03-05 14:00:00,18.3,23,7.7,290,700,931,81
1985-03-05 15:00:00,17.8,23,7.7,290,592,896,74
1985-03-05 16:00:00,17.2,21,8.8,300,434,832,61
1985-03-05 17:00:00,13.3,29,8.8,320,241,692,45
1985-03-05 18:00:00,10.0,32,9.3,320,58,333,24
1985-03-05 19:00:00,7.8,36,8.2,320,0,0,0
1985-03-05 20:00:00,6.7,35,9.3,310,0,0,0
1985-03-05 21:00:00,5.0,36,8.8,300,0,0,0
1985-03-05 22:00:00,4.4,38,8.8,310,0,0,0
1985-03-05 23:00:00,3.3,33,8.8,310,0,0,0
1985-03-06 00:00:00,2.8,36,4.1,310,0,0,0
1985-03-06 01:00:00,1.7,39,5.2,310,0,0,0
1985-03-06 02:00:00,1.1,46,7.7,310,0,0,0
1985-03-06 03:00:00,0.6,44,6.2,300,0,0,0
1985-03-06 04:00:00,0.6,40,6.2,300,0,0,0
1985-03-06 05:00:00,0.6,40,7.7,320,0,0,0
1985-03-06 06:00:00,0.0,42,8.2,340,0,0,0
1985-03-06 07:00:00,-0.6,43,7.7,340,11,7,10
1985-03-06 08:00:00,0.0,36,8.2,340,101,274,54
1985-03-06 09:00:00,0.0,38,8.8,340,288,556,92
1985-03-06 10:00:00,0.6,37,8.8,330,475,698,122
1985-03-06 11:00:00,1.7,34,7.7,350,621,772,142
1985-03-06 12:00:00,2.8,31,7.7,10,709,808,154
1985-03-06 13:00:00,3.3,31,6.7,20,726,809,156
1985-03-06 14:00:00,3.9,32,7.2,330,681,794,150
1985-03-06 15:00:00,4.4,29,6.7,330,570,745,136
1985-03-06 16:00:00,5.0,28,5.7,360,405,649,111
1985-03-06 17:00:00,4.4,27,6.7,20,213,471,78
1985-03-06 18:00:00,2.8,28,4.1,340,47,122,35
1985-03-06 19:00:00,1.1,32,3.1,360,0,0,0
1985-03-06 20:00:00,0.0,36,3.6,30,0,0,0
1985-03-06 21:00:00,0.6,33,2.1,20,0,0,0
1985-03-06 22:00:00,0.0,35,2.6,10,0,0,0
1985-03-06 23:00:00,-0.6,38,0.0,0,0,0,0
1985-03-07 00:00:00,-1.1,39,2.1,20,0,0,0
1985-03-07 01:00:00,-1.1,39,2.1,50,0,0,0
1985-03-07 02:00:00,-2.2,47,2.6,50,0,0,0
1985-03-07 03:00:00,-2.2,47,2.1,50,0,0,0
1985-03-07 04:00:00,-2.8,51,1.5,60,0,0,0
1985-03-07 05:00:00,-2.8,49,1.5,20,0,0,0
1985-03-07 06:00:00,-3.3,53,2.6,70,0,0,0
1985-03-07 07:00:00,-5.0,60,0.0,0,15,20,13
1985-03-07 08:00:00,-1.1,56,2.1,70,116,321,59
1985-03-07 09:00:00,1.1,50,4.1,120,299,549,103
1985-03-07 10:00:00,2.8,42,5.2,160,370,287,223
1985-03-07 11:00:00,3.9,41,4.1,170,359,90,302
1985-03-07 12:00:00,5.6,38,4.6,180,573,496,230
1985-03-07 13:00:00,5.6,40,5.7,170,471,232,306
1985-03-07 14:00:00,5.6,43,6.2,150,580,554,207
1985-03-07 15:00:00,6.7,44,6.2,120,337,306,158
1985-03-07 16:00:00,7.2,42,4.6,170,288,175,208
1985-03-07 17:00:00,6.1,45,5.7,130,153,97,125
1985-03-07 18:00:00,5.6,49,4.1,170,43,4,42
1985-03-07 19:00:00,5.0,55,4.6,170,0,0,0
1985-03-07 20:00:00,5.0,60,3.6,160,0,0,0
1985-03-07 21:00:00,5.0,62,4.6,160,0,0,0
1985-03-07 22:00:00,5.0,65,3.6,180,0,0,0
1985-03-07 23:00:00,5.6,63,2.1,180,0,0,0
1985-03-08 00:00:00,6.1,63,3.6,200,0,0,0
1985-03-08 01:00:00,6.1,65,3.1,180,0,0,0
1985-03-08 02:00:00,6.1,68,3.6,150,0,0,0
1985-03-08 03:00:00,6.7,68,2.6,190,0,0,0
1985-03-08 04:00:00,6.7,71,2.1,300,0,0,0
1985-03-08 05:00:00,6.7,74,3.1,230,0,0,0
1985-03-08 06:00:00,7.2,68,3.6,220,0,0,0
1985-03-08 07:00:00,6.7,74,3.1,220,1,0,1
1985-03-08 08:00:00,7.2,71,3.1,220,29,4,28
1985-03-08 09:00:00,7.2,74,4.6,220,57,2,56
1985-03-08 10:00:00,7.8,71,5.2,220,177,2,176
1985-03-08 11:00:00,8.9,61,5.2,230,224,5,222
1985-03-08 12:00:00,9.4,59,5.2,230,281,1,281
1985-03-08 13:00:00,10.0,61,4.1,230,266,1,265
1985-03-08 14:00:00,11.7,55,5.7,230,320,96,255
1985-03-08 15:00:00,13.3,51,5.2,240,274,62,238
1985-03-08 16:00:00,13.9,49,5.2,240,186,119,131
1985-03-08 17:00:00,12.8,51,5.7,230,85,8,83
1985-03-08 18:00:00,12.2,53,5.2,230,27,4,26
1985-03-08 19:00:00,11.7,57,5.2,220,1,0,1
1985-03-08 20:00:00,12.2,57,4.1,240,0,0,0
1985-03-08 21:00:00,11.7,59,3.6,250,0,0,0
1985-03-08 22:00:00,11.7,59,4.1,240,0,0,0
1985-03-08 23:00:00,11.1,53,3.1,280,0,0,0
1985-03-09 00:00:00,10.6,55,4.1,230,0,0,0
1985-03-09 01:00:00,11.7,51,4.6,290,0,0,0
1985-03-09 02:00:00,11.1,51,5.7,280,0,0,0
1985-03-09 03:00:00,10.6,47,6.2,300,0,0,0
1985-03-09 04:00:00,10.0,39,5.7,280,0,0,0
1985-03-09 05:00:00,8.3,44,4.1,280,0,0,0
1985-03-09 06:00:00,6.7,47,3.6,290,0,0,0
1985-03-09 07:00:00,5.6,51,3.1,270,20,16,18
1985-03-09 08:00:00,7.8,46,3.1,300,116,341,52
1985-03-09 09:00:00,10.0,33,6.2,320,304,632,71
1985-03-09 10:00:00,10.6,32,5.7,310,485,792,72
1985-03-09 11:00:00,11.7,30,5.2,300,653,881,93
1985-03-09 12:00:00,12.8,30,7.2,270,737,907,99
1985-03-09 13:00:00,13.3,28,5.2,300,761,922,98
1985-03-09 14:00:00,13.9,28,6.2,280,715,910,94
1985-03-09 15:00:00,14.4,24,4.1,270,605,871,86
1985-03-09 16:00:00,15.0,23,5.2,290,424,699,99
1985-03-09 17:00:00,15.0,21,5.7,290,250,662,52
1985-03-09 18:00:00,13.9,22,4.1,320,64,322,29
1985-03-09 19:00:00,12.8,21,5.7,340,2,3,1
1985-03-09 20:00:00,11.7,26,6.7,320,0,0,0
1985-03-09 21:00:00,10.0,29,2.1,270,0,0,0
1985-03-09 22:00:00,6.7,37,2.6,270,0,0,0
1985-03-09 23:00:00,6.7,38,2.6,220,0,0,0
1985-03-10 00:00:00,6.7,37,3.1,250,0,0,0
1985-03-10 01:00:00,5.0,41,2.6,270,0,0,0
1985-03-10 02:00:00,3.3,46,2.6,240,0,0,0
1985-03-10 03:00:00,3.3,46,3.1,250,0,0,0
1985-03-10 04:00:00,1.7,52,2.6,270,0,0,0
1985-03-10 05:00:00,1.7,54,0.0,0,0,0,0
1985-03-10 06:00:00,1.1,57,2.1,260,0,0,0
1985-03-10 07:00:00,0.0,61,2.6,260,23,92,13
1985-03-10 08:00:00,4.4,57,2.6,270,143,554,36
1985-03-10 09:00:00,9.4,44,3.6,250,340,763,54
1985-03-10 10:00:00,11.1,35,4.6,300,528,869,69
1985-03-10 11:00:00,12.2,31,5.2,310,670,920,80
1985-03-10 12:00:00,13.3,29,6.2,260,755,945,86
1985-03-10 13:00:00,15.0,25,7.7,280,775,950,87
1985-03-10 14:00:00,15.6,23,7.7,310,728,937,84
1985-03-10 15:00:00,15.6,23,5.2,300,619,905,76
1985-03-10 16:00:00,15.6,22,5.2,290,458,842,64
1985-03-10 17:00:00,15.6,21,6.2,280,262,712,47
1985-03-10 18:00:00,13.9,24,3.1,290,70,382,27
1985-03-10 19:00:00,12.2,25,2.1,290,3,6,1
1985-03-10 20:00:00,12.2,23,2.6,280,0,0,0
1985-03-10 21:00:00,8.3,33,2.6,280,0,0,0
1985-03-10 22:00:00,6.1,40,3.1,290,0,0,0
1985-03-10 23:00:00,5.6,41,3.1,280,0,0,0
1985-03-11 00:00:00,5.0,43,2.1,300,0,0,0
1985-03-11 01:00:00,2.8,48,0.0,0,0,0,0
1985-03-11 02:00:00,2.2,52,3.1,280,0,0,0
1985-03-11 03:00:00,1.1,57,2.6,280,0,0,0
1985-03-11 04:00:00,0.6,56,2.6,270,0,0,0
1985-03-11 05:00:00,0.6,59,2.1,280,0,0,0
1985-03-11 06:00:00,0.0,61,2.6,250,0,0,0
1985-03-11 07:00:00,1.7,57,1.5,180,17,10,16
1985-03-11 08:00:00,4.4,53,1.5,220,107,177,72
1985-03-11 09:00:00,8.3,48,0.0,0,251,292,140
1985-03-11 10:00:00,11.1,40,2.6,170,320,269,177
1985-03-11 11:00:00,13.9,33,4.6,170,230,18,218
1985-03-11 12:00:00,16.1,29,5.7,170,356,141,256
1985-03-11 13:00:00,15.0,32,6.2,130,375,45,342
1985-03-11 14:00:00,15.0,33,5.7,160,314,44,283
1985-03-11 15:00:00,13.9,36,8.2,200,263,9,258
1985-03-11 16:00:00,12.8,40,8.2,210,107,8,103
1985-03-11 17:00:00,12.2,45,5.7,180,66,5,64
1985-03-11 18:00:00,11.7,49,5.2,170,25,3,24
1985-03-11 19:00:00,10.0,54,5.7,170,1,0,1
1985-03-11 20:00:00,10.0,59,6.2,170,0,0,0
1985-03-11 21:00:00,10.6,55,5.7,180,0,0,0
1985-03-11 22:00:00,9.4,69,5.7,180,0,0,0
1985-03-11 23:00:00,8.9,74,7.2,200,0,0,0
1985-03-12 00:00:00,8.9,77,4.1,200,0,0,0
1985-03-12 01:00:00,9.4,71,4.1,180,0,0,0
1985-03-12 02:00:00,8.9,77,3.6,130,0,0,0
1985-03-12 03:00:00,8.9,80,3.1,160,0,0,0
1985-03-12 04:00:00,9.4,77,3.1,180,0,0,0
1985-03-12 05:00:00,9.4,71,4.6,200,0,0,0
1985-03-12 06:00:00,10.0,71,3.6,170,0,0,0
1985-03-12 07:00:00,10.6,69,5.2,210,9,0,8
1985-03-12 08:00:00,11.7,69,6.7,210,75,2,74
1985-03-12 09:00:00,12.8,62,6.2,230,165,0,165
1985-03-12 10:00:00,15.6,46,12.4,270,370,250,235
1985-03-12 11:00:00,15.0,31,13.9,290,521,573,148
1985-03-12 12:00:00,14.4,31,13.4,290,701,758,157
1985-03-12 13:00:00,13.9,29,15.4,290,728,813,133
1985-03-12 14:00:00,13.3,29,12.4,290,622,621,191
1985-03-12 15:00:00,12.2,31,14.4,280,301,114,232
1985-03-12 16:00:00,11.1,35,12.9,260,384,452,168
1985-03-12 17:00:00,10.6,38,12.9,280,99,40,87
1985-03-12 18:00:00,10.0,39,10.3,290,39,14,38
1985-03-12 19:00:00,9.4,41,13.4,280,2,3,1
1985-03-12 20:00:00,9.4,41,12.4,290,0,0,0
1985-03-12 21:00:00,8.9,44,10.3,290,0,0,0
1985-03-12 22:00:00,8.9,46,8.2,290,0,0,0
1985-03-12 23:00:00,8.9,46,8.8,300,0,0,0
1985-03-13 00:00:00,8.9,46,7.2,260,0,0,0
1985-03-13 01:00:00,8.9,46,8.8,280,0,0,0
1985-03-13 02:00:00,8.3,48,5.2,290,0,0,0
1985-03-13 03:00:00,7.8,48,7.2,280,0,0,0
1985-03-13 04:00:00,6.7,51,6.7,280,0,0,0
1985-03-13 05:00:00,5.0,55,4.1,240,0,0,0
1985-03-13 06:00:00,4.4,60,4.1,270,0,0,0
1985-03-13 07:00:00,6.1,53,6.2,280,21,46,16
1985-03-13 08:00:00,7.2,49,8.2,290,119,261,65
1985-03-13 09:00:00,8.9,46,7.2,290,331,605,96
1985-03-13 10:00:00,10.0,43,8.8,280,490,646,140
1985-03-13 11:00:00,12.2,38,7.2,300,596,642,175
1985-03-13 12:00:00,13.3,37,7.2,300,703,841,95
1985-03-13 13:00:00,13.9,36,9.3,270,766,924,85
1985-03-13 14:00:00,14.4,35,8.2,270,517,461,195
1985-03-13 15:00:00,15.6,31,6.7,280,579,743,125
1985-03-13 16:00:00,14.4,33,6.2,260,308,334,148
1985-03-13 17:00:00,13.3,33,7.2,280,86,5,84
1985-03-13 18:00:00,13.3,33,4.6,280,21,4,20
1985-03-13 19:00:00,12.8,33,2.6,290,1,0,1
1985-03-13 20:00:00,12.2,35,3.1,270,0,0,0
1985-03-13 21:00:00,12.2,35,2.6,280,0,0,0
1985-03-13 22:00:00,12.2,37,2.1,270,0,0,0
1985-03-13 23:00:00,11.1,40,2.6,280,0,0,0
1985-03-14 00:00:00,11.1,41,4.1,280,0,0,0
1985-03-14 01:00:00,11.7,37,7.2,300,0,0,0
1985-03-14 02:00:00,11.7,37,7.2,290,0,0,0
1985-03-14 03:00:00,10.6,41,4.6,290,0,0,0
1985-03-14 04:00:00,10.0,43,5.2,300,0,0,0
1985-03-14 05:00:00,9.4,46,5.7,310,0,0,0
1985-03-14 06:00:00,8.9,48,6.7,300,0,0,0
1985-03-14 07:00:00,8.3,50,5.7,310,16,0,16
1985-03-14 08:00:00,8.9,50,6.7,310,75,41,66
1985-03-14 09:00:00,10.0,48,5.2,300,116,30,104
1985-03-14 10:00:00,11.1,45,7.2,280,336,195,229
1985-03-14 11:00:00,12.8,40,8.2,290,529,460,225
1985-03-14 12:00:00,12.2,37,8.2,290,700,709,184
1985-03-14 13:00:00,12.8,37,10.3,300,373,154,258
1985-03-14 14:00:00,12.8,36,10.3,290,280,4,278
1985-03-14 15:00:00,12.2,37,9.3,290,210,2,209
1985-03-14 16:00:00,11.7,32,7.7,310,182,8,178
1985-03-14 17:00:00,11.7,32,6.2,280,126,2,125
1985-03-14 18:00:00,10.6,36,4.1,260,29,1,28
1985-03-14 19:00:00,10.0,38,5.2,260,2,0,2
1985-03-14 20:00:00,10.0,38,4.1,260,0,0,0
1985-03-14 21:00:00,10.0,36,4.1,310,0,0,0
1985-03-14 22:00:00,8.9,36,3.1,300,0,0,0
1985-03-14 23:00:00,8.3,37,3.6,290,0,0,0
1985-03-15 00:00:00,5.6,41,3.1,220,0,0,0
1985-03-15 01:00:00,4.4,45,3.1,240,0,0,0
1985-03-15 02:00:00,3.9,49,3.1,260,0,0,0
1985-03-15 03:00:00,6.1,45,4.1,320,0,0,0
1985-03-15 04:00:00,4.4,53,2.6,270,0,0,0
1985-03-15 05:00:00,2.8,57,1.5,260,0,0,0
1985-03-15 06:00:00,3.3,62,3.6,230,0,0,0
1985-03-15 07:00:00,2.8,65,3.6,240,27,115,15
1985-03-15 08:00:00,6.1,45,6.2,290,170,598,39
1985-03-15 09:00:00,7.2,37,8.8,290,374,793,57
1985-03-15 10:00:00,8.3,33,9.8,300,527,820,74
1985-03-15 11:00:00,8.9,30,9.3,300,633,791,106
1985-03-15 12:00:00,9.4,30,8.2,290,752,841,137
1985-03-15 13:00:00,9.4,29,8.2,300,741,888,78
1985-03-15 14:00:00,9.4,27,10.3,300,749,937,86
1985-03-15 15:00:00,10.0,23,10.3,310,645,914,78
1985-03-15 16:00:00,10.0,23,10.3,310,478,846,66
1985-03-15 17:00:00,9.4,23,8.2,300,283,731,49
1985-03-15 18:00:00,7.8,24,9.3,310,85,427,29
1985-03-15 19:00:00,6.7,28,5.7,300,6,17,3
1985-03-15 20:00:00,6.1,29,4.1,310,0,0,0
1985-03-15 21:00:00,5.0,32,5.2,300,0,0,0
1985-03-15 22:00:00,3.3,36,4.1,300,0,0,0
1985-03-15 23:00:00,2.8,39,3.1,280,0,0,0
1985-03-16 00:00:00,0.6,46,3.1,280,0,0,0
1985-03-16 01:00:00,0.6,46,2.6,300,0,0,0
1985-03-16 02:00:00,-0.6,49,3.1,270,0,0,0
1985-03-16 03:00:00,1.7,40,3.6,270,0,0,0
1985-03-16 04:00:00,-0.6,47,3.1,280,0,0,0
1985-03-16 05:00:00,-2.2,51,2.1,210,0,0,0
1985-03-16 06:00:00,-2.8,51,0.0,0,0,0,0
1985-03-16 07:00:00,-1.7,53,3.1,270,31,120,18
1985-03-16 08:00:00,1.7,48,2.6,240,171,567,44
1985-03-16 09:00:00,3.9,38,3.1,260,378,774,64
1985-03-16 10:00:00,5.6,33,2.1,240,566,868,81
1985-03-16 11:00:00,7.2,34,2.6,300,700,853,127
1985-03-16 12:00:00,8.9,29,1.5,300,756,836,140
1985-03-16 13:00:00,10.6,27,4.6,260,684,622,217
1985-03-16 14:00:00,11.7,23,6.2,230,604,428,299
1985-03-16 15:00:00,10.6,31,5.2,110,561,617,176
1985-03-16 16:00:00,10.6,31,5.2,140,406,508,156
1985-03-16 17:00:00,10.0,33,6.2,160,225,333,118
1985-03-16 18:00:00,7.8,40,5.2,150,68,197,42
1985-03-16 19:00:00,6.1,45,4.1,150,5,10,3
1985-03-16 20:00:00,5.6,49,5.2,180,0,0,0
1985-03-16 21:00:00,5.6,60,4.6,180,0,0,0
1985-03-16 22:00:00,5.6,60,2.6,180,0,0,0
1985-03-16 23:00:00,5.6,58,3.1,180,0,0,0
1985-03-17 00:00:00,5.6,55,2.1,180,0,0,0
1985-03-17 01:00:00,5.6,55,1.5,180,0,0,0
1985-03-17 02:00:00,5.6,55,0.0,0,0,0,0
1985-03-17 03:00:00,4.4,60,0.0,0,0,0,0
1985-03-17 04:00:00,4.4,60,2.6,200,0,0,0
1985-03-17 05:00:00,4.4,60,3.1,260,0,0,0
1985-03-17 06:00:00,4.4,62,2.6,250,0,0,0
1985-03-17 07:00:00,3.3,67,2.6,240,19,7,18
1985-03-17 08:00:00,7.2,54,3.1,300,62,4,61
1985-03-17 09:00:00,8.9,44,7.7,320,122,6,120
1985-03-17 10:00:00,10.0,38,7.2,300,421,366,215
1985-03-17 11:00:00,11.1,32,10.3,290,596,657,152
1985-03-17 12:00:00,11.1,32,8.8,310,633,585,199
1985-03-17 13:00:00,11.7,30,7.7,300,741,837,109
1985-03-17 14:00:00,11.7,30,8.8,320,706,837,106
1985-03-17 15:00:00,11.7,38,7.7,320,594,786,101
1985-03-17 16:00:00,10.0,28,7.7,310,416,532,152
1985-03-17 17:00:00,8.9,28,7.7,310,122,122,82
1985-03-17 18:00:00,7.2,34,7.2,310,75,272,37
1985-03-17 19:00:00,6.1,34,6.7,310,6,13,4
1985-03-17 20:00:00,5.0,36,8.8,310,0,0,0
1985-03-17 21:00:00,3.9,41,6.7,310,0,0,0
1985-03-17 22:00:00,2.8,37,7.7,300,0,0,0
1985-03-17 23:00:00,2.2,40,5.2,300,0,0,0
1985-03-18 00:00:00,1.1,44,5.7,330,0,0,0
1985-03-18 01:00:00,0.6,44,7.2,310,0,0,0
1985-03-18 02:00:00,-0.6,45,9.3,310,0,0,0
1985-03-18 03:00:00,-1.1,47,8.2,330,0,0,0
1985-03-18 04:00:00,-1.7,45,7.2,320,0,0,0
1985-03-18 05:00:00,-2.2,47,6.2,300,0,0,0
1985-03-18 06:00:00,-2.8,49,5.2,300,0,0,0
1985-03-18 07:00:00,-2.2,47,6.2,300,23,35,20
1985-03-18 08:00:00,-0.6,45,7.2,320,101,82,81
1985-03-18 09:00:00,0.0,43,7.7,320,300,331,163
1985-03-18 10:00:00,0.6,38,7.7,300,484,581,154
1985-03-18 11:00:00,1.7,34,9.3,300,680,788,142
1985-03-18 12:00:00,2.8,27,8.8,310,775,825,159
1985-03-18 13:00:00,4.4,24,8.2,330,791,829,161
1985-03-18 14:00:00,4.4,24,8.8,340,746,820,155
1985-03-18 15:00:00,5.0,23,7.7,300,632,776,141
1985-03-18 16:00:00,5.0,20,7.7,340,460,687,118
1985-03-18 17:00:00,5.0,18,10.8,360,263,535,85
1985-03-18 18:00:00,4.4,17,7.7,340,75,213,45
1985-03-18 19:00:00,3.3,20,5.7,310,5,2,4
1985-03-18 20:00:00,1.7,23,3.6,320,0,0,0
1985-03-18 21:00:00,1.7,23,4.6,320,0,0,0
1985-03-18 22:00:00,0.6,25,4.1,340,0,0,0
1985-03-18 23:00:00,0.0,26,3.1,340,0,0,0
1985-03-19 00:00:00,-2.2,31,3.1,290,0,0,0
1985-03-19 01:00:00,-2.2,31,2.6,300,0,0,0
1985-03-19 02:00:00,-3.9,37,2.6,300,0,0,0
1985-03-19 03:00:00,-5.6,42,3.1,280,0,0,0
1985-03-19 04:00:00,-3.3,35,3.1,300,0,0,0
1985-03-19 05:00:00,-5.6,42,2.6,300,0,0,0
1985-03-19 06:00:00,-7.8,49,2.6,270,0,0,0
1985-03-19 07:00:00,-5.0,40,0.0,0,32,86,23
1985-03-19 08:00:00,-2.2,33,2.6,240,176,491,58
1985-03-19 09:00:00,0.6,29,3.6,290,381,699,87
1985-03-19 10:00:00,3.3,21,3.6,290,575,811,109
1985-03-19 11:00:00,5.0,18,3.1,260,718,864,125
1985-03-19 12:00:00,7.2,17,3.6,230,798,886,132
1985-03-19 13:00:00,8.9,18,3.6,220,814,890,134
1985-03-19 14:00:00,10.6,15,4.6,240,761,866,133
1985-03-19 15:00:00,10.6,16,6.2,240,648,783,151
1985-03-19 16:00:00,11.1,17,5.2,240,445,585,151
1985-03-19 17:00:00,11.1,17,5.2,220,198,217,126
1985-03-19 18:00:00,7.2,33,3.1,140,56,67,46
1985-03-19 19:00:00,4.4,43,3.1,140,3,3,3
1985-03-19 20:00:00,3.9,51,3.1,140,0,0,0
1985-03-19 21:00:00,3.3,55,3.1,160,0,0,0
1985-03-19 22:00:00,3.3,55,2.6,180,0,0,0
1985-03-19 23:00:00,2.8,48,3.1,240,0,0,0
1985-03-20 00:00:00,5.0,38,4.1,230,0,0,0
1985-03-20 01:00:00,7.8,30,4.6,220,0,0,0
1985-03-20 02:00:00,8.3,29,6.2,230,0,0,0
1985-03-20 03:00:00,8.9,29,6.7,230,0,0,0
1985-03-20 04:00:00,7.8,33,5.2,240,0,0,0
1985-03-20 05:00:00,8.3,31,5.7,230,0,0,0
1985-03-20 06:00:00,7.8,36,5.2,230,0,0,0
1985-03-20 07:00:00,8.3,34,5.2,220,31,50,25
1985-03-20 08:00:00,10.6,31,5.7,240,125,222,70
1985-03-20 09:00:00,13.3,28,5.7,230,318,461,122
1985-03-20 10:00:00,16.1,25,6.7,220,436,460,170
1985-03-20 11:00:00,17.2,25,7.7,230,580,508,229
1985-03-20 12:00:00,18.9,25,7.7,230,641,544,231
1985-03-20 13:00:00,18.3,25,7.2,230,300,6,296
1985-03-20 14:00:00,17.2,35,8.8,310,221,10,213
1985-03-20 15:00:00,13.9,58,6.2,260,161,2,159
1985-03-20 16:00:00,16.7,45,6.7,260,398,526,132
1985-03-20 17:00:00,18.3,34,9.3,270,279,543,95
1985-03-20 18:00:00,17.2,35,4.6,270,63,116,46
1985-03-20 19:00:00,15.6,39,7.7,320,9,20,7
1985-03-20 20:00:00,14.4,38,5.7,300,0,0,0
1985-03-20 21:00:00,13.3,39,5.7,300,0,0,0
1985-03-20 22:00:00,12.8,37,7.2,310,0,0,0
1985-03-20 23:00:00,11.1,28,8.8,320,0,0,0
1985-03-21 00:00:00,9.4,27,5.7,330,0,0,0
1985-03-21 01:00:00,7.8,29,4.6,340,0,0,0
1985-03-21 02:00:00,6.1,31,4.6,340,0,0,0
1985-03-21 03:00:00,4.4,32,4.1,350,0,0,0
1985-03-21 04:00:00,3.9,33,4.1,320,0,0,0
1985-03-21 05:00:00,2.8,37,3.1,350,0,0,0
1985-03-21 06:00:00,1.7,40,4.1,10,0,0,0
1985-03-21 07:00:00,2.2,34,6.2,20,39,148,24
1985-03-21 08:00:00,2.8,31,7.2,10,193,503,67
1985-03-21 09:00:00,3.9,26,6.7,10,401,694,102
1985-03-21 10:00:00,4.4,24,6.2,10,589,786,130
1985-03-21 11:00:00,5.0,22,3.6,30,649,683,175
1985-03-21 12:00:00,6.1,21,2.6,30,672,610,209
1985-03-21 13:00:00,7.2,20,2.6,40,719,609,248
1985-03-21 14:00:00,8.3,19,1.5,340,367,95,297
1985-03-21 15:00:00,8.3,18,4.1,340,410,318,206
1985-03-21 16:00:00,8.3,18,2.1,20,197,5,194
1985-03-21 17:00:00,7.2,23,3.6,140,96,3,95
1985-03-21 18:00:00,5.6,28,2.6,120,38,3,37
1985-03-21 19:00:00,5.0,27,1.5,130,4,0,4
1985-03-21 20:00:00,4.4,27,1.5,20,0,0,0
1985-03-21 21:00:00,3.9,32,2.6,80,0,0,0
1985-03-21 22:00:00,3.9,36,3.1,60,0,0,0
1985-03-21 23:00:00,3.3,39,2.6,220,0,0,0
1985-03-22 00:00:00,2.8,42,2.1,270,0,0,0
1985-03-22 01:00:00,3.3,41,0.0,0,0,0,0
1985-03-22 02:00:00,1.7,48,0.0,0,0,0,0
1985-03-22 03:00:00,1.7,48,2.1,20,0,0,0
1985-03-22 04:00:00,1.7,52,2.1,40,0,0,0
1985-03-22 05:00:00,2.2,48,2.1,60,0,0,0
1985-03-22 06:00:00,2.8,44,4.1,70,0,0,0
1985-03-22 07:00:00,3.3,46,3.1,60,25,5,25
1985-03-22 08:00:00,4.4,39,5.7,60,82,8,79
1985-03-22 09:00:00,5.0,41,7.2,90,175,38,159
1985-03-22 10:00:00,5.6,43,6.2,60,226,2,225
1985-03-22 11:00:00,5.6,47,5.7,60,147,3,145
1985-03-22 12:00:00,5.6,53,5.2,90,181,11,172
1985-03-22 13:00:00,6.1,53,6.2,80,212,7,206
1985-03-22 14:00:00,5.6,65,7.2,60,207,1,206
1985-03-22 15:00:00,5.6,60,6.7,80,156,2,155
1985-03-22 16:00:00,5.6,65,5.2,80,133,2,132
1985-03-22 17:00:00,5.6,60,5.2,80,84,1,84
1985-03-22 18:00:00,5.0,65,6.7,60,33,0,33
1985-03-22 19:00:00,4.4,68,5.2,60,5,0,5
1985-03-22 20:00:00,3.9,73,4.6,40,0,0,0
1985-03-22 21:00:00,3.9,76,5.2,80,0,0,0
1985-03-22 22:00:00,3.9,76,6.2,70,0,0,0
1985-03-22 23:00:00,3.3,79,4.6,60,0,0,0
1985-03-23 00:00:00,3.3,76,5.2,50,0,0,0
1985-03-23 01:00:00,3.3,79,4.6,40,0,0,0
1985-03-23 02:00:00,3.3,82,5.7,50,0,0,0
1985-03-23 03:00:00,3.3,82,4.6,50,0,0,0
1985-03-23 04:00:00,3.9,82,4.6,50,0,0,0
1985-03-23 05:00:00,3.9,82,5.2,40,0,0,0
1985-03-23 06:00:00,4.4,82,4.6,60,0,0,0
1985-03-23 07:00:00,4.4,82,5.7,60,17,0,17
1985-03-23 08:00:00,4.4,82,6.2,60,64,1,64
1985-03-23 09:00:00,5.0,79,5.2,50,130,2,129
1985-03-23 10:00:00,5.0,79,4.1,50,175,1,174
1985-03-23 11:00:00,5.6,79,5.2,40,199,1,199
1985-03-23 12:00:00,5.6,83,5.7,30,234,0,233
1985-03-23 13:00:00,5.6,83,5.2,10,221,2,220
1985-03-23 14:00:00,6.1,80,4.6,340,209,1,209
1985-03-23 15:00:00,5.6,83,5.2,340,182,0,182
1985-03-23 16:00:00,5.6,83,5.2,360,147,2,147
1985-03-23 17:00:00,5.6,79,4.1,320,88,1,88
1985-03-23 18:00:00,5.6,79,4.1,340,36,0,36
1985-03-23 19:00:00,5.6,79,3.6,300,4,0,4
1985-03-23 20:00:00,5.6,79,3.1,300,0,0,0
1985-03-23 21:00:00,5.6,79,4.1,330,0,0,0
1985-03-23 22:00:00,5.6,79,3.1,340,0,0,0
1985-03-23 23:00:00,5.6,79,3.1,340,0,0,0
1985-03-24 00:00:00,5.6,83,2.1,310,0,0,0
1985-03-24 01:00:00,5.6,79,3.1,290,0,0,0
1985-03-24 02:00:00,5.6,79,3.6,300,0,0,0
1985-03-24 03:00:00,6.1,74,4.6,300,0,0,0
1985-03-24 04:00:00,5.6,76,4.1,340,0,0,0
1985-03-24 05:00:00,5.6,71,4.6,320,0,0,0
1985-03-24 06:00:00,5.6,73,2.6,350,0,0,0
1985-03-24 07:00:00,5.6,76,1.5,10,31,0,31
1985-03-24 08:00:00,6.7,71,2.1,280,65,1,65
1985-03-24 09:00:00,6.7,74,2.1,320,210,0,210
1985-03-24 10:00:00,7.8,66,2.6,60,261,0,261
1985-03-24 11:00:00,6.1,60,3.1,90,198,0,198
1985-03-24 12:00:00,6.1,60,4.6,340,236,1,236
1985-03-24 13:00:00,4.4,68,3.6,30,219,0,219
1985-03-24 14:00:00,4.4,76,3.6,30,207,1,206
1985-03-24 15:00:00,4.4,76,4.6,50,182,0,182
1985-03-24 16:00:00,3.9,76,3.6,60,134,1,133
1985-03-24 17:00:00,3.9,76,3.6,360,95,1,95
1985-03-24 18:00:00,3.9,76,2.1,60,32,1,32
1985-03-24 19:00:00,3.3,79,3.1,60,5,0,5
1985-03-24 20:00:00,3.3,79,2.6,50,0,0,0
1985-03-24 21:00:00,3.3,79,2.6,30,0,0,0
1985-03-24 22:00:00,3.3,79,3.1,350,0,0,0
1985-03-24 23:00:00,3.3,79,3.6,330,0,0,0
1985-03-25 00:00:00,3.3,79,2.6,290,0,0,0
1985-03-25 01:00:00,3.3,79,2.6,340,0,0,0
1985-03-25 02:00:00,3.3,79,2.1,350,0,0,0
1985-03-25 03:00:00,3.3,79,2.1,290,0,0,0
1985-03-25 04:00:00,3.3,79,2.6,310,0,0,0
1985-03-25 05:00:00,3.3,82,2.6,310,0,0,0
1985-03-25 06:00:00,3.3,79,4.1,330,0,0,0
1985-03-25 07:00:00,3.3,79,3.6,310,19,0,19
1985-03-25 08:00:00,5.0,76,4.6,360,162,250,94
1985-03-25 09:00:00,6.1,65,6.2,10,255,181,173
1985-03-25 10:00:00,7.2,61,6.2,10,516,492,220
1985-03-25 11:00:00,7.2,46,5.7,20,316,92,251
1985-03-25 12:00:00,8.9,39,7.2,10,541,350,268
1985-03-25 13:00:00,8.9,33,6.7,340,761,651,248
1985-03-25 14:00:00,9.4,29,6.2,340,718,736,167
1985-03-25 15:00:00,9.4,28,7.7,10,635,760,135
1985-03-25 16:00:00,10.0,26,7.7,340,491,719,114
1985-03-25 17:00:00,10.0,29,6.2,310,291,582,85
1985-03-25 18:00:00,9.4,27,6.2,310,95,282,49
1985-03-25 19:00:00,7.8,30,5.2,320,9,7,8
1985-03-25 20:00:00,7.2,33,4.1,320,0,0,0
1985-03-25 21:00:00,6.7,34,4.6,310,0,0,0
1985-03-25 22:00:00,6.1,35,4.1,320,0,0,0
1985-03-25 23:00:00,5.0,38,4.1,320,0,0,0
1985-03-26 00:00:00,4.4,38,4.1,330,0,0,0
1985-03-26 01:00:00,2.2,44,3.6,360,0,0,0
1985-03-26 02:00:00,1.7,44,3.1,340,0,0,0
1985-03-26 03:00:00,-0.6,56,0.0,0,0,0,0
1985-03-26 04:00:00,-2.2,66,3.1,280,0,0,0
1985-03-26 05:00:00,-1.7,61,2.6,280,0,0,0
1985-03-26 06:00:00,-2.8,66,3.1,280,0,0,0
1985-03-26 07:00:00,-1.7,64,3.6,280,45,164,28
1985-03-26 08:00:00,3.3,41,5.2,320,202,522,57
1985-03-26 09:00:00,6.1,28,4.6,340,367,426,172
1985-03-26 10:00:00,7.8,26,4.1,350,609,816,112
1985-03-26 11:00:00,9.4,22,4.6,330,755,886,118
1985-03-26 12:00:00,11.1,20,3.1,270,833,905,124
1985-03-26 13:00:00,12.8,19,4.1,270,847,910,125
1985-03-26 14:00:00,14.4,15,3.1,300,796,897,121
1985-03-26 15:00:00,14.4,15,4.1,300,678,858,111
1985-03-26 16:00:00,15.0,20,5.2,240,511,792,94
1985-03-26 17:00:00,15.0,15,5.2,260,308,664,71
1985-03-26 18:00:00,13.3,19,2.1,210,107,382,43
1985-03-26 19:00:00,11.7,21,2.6,170,12,20,9
1985-03-26 20:00:00,8.3,36,2.6,180,0,0,0
1985-03-26 21:00:00,7.8,39,3.1,180,0,0,0
1985-03-26 22:00:00,7.2,40,2.1,200,0,0,0
1985-03-26 23:00:00,6.7,38,0.0,0,0,0,0
1985-03-27 00:00:00,4.4,47,1.5,240,0,0,0
1985-03-27 01:00:00,1.7,59,2.6,280,0,0,0
1985-03-27 02:00:00,2.8,55,2.6,260,0,0,0
1985-03-27 03:00:00,1.7,59,2.1,280,0,0,0
1985-03-27 04:00:00,0.6,61,3.1,280,0,0,0
1985-03-27 05:00:00,1.7,62,2.1,270,0,0,0
1985-03-27 06:00:00,0.0,67,2.1,230,0,0,0
1985-03-27 07:00:00,1.7,67,2.1,300,37,40,33
1985-03-27 08:00:00,6.7,60,2.6,260,187,323,95
1985-03-27 09:00:00,11.7,43,3.6,260,362,439,159
1985-03-27 10:00:00,15.6,35,4.1,210,524,459,242
1985-03-27 11:00:00,19.4,26,5.2,230,623,524,244
1985-03-27 12:00:00,21.7,22,5.2,240,750,657,232
1985-03-27 13:00:00,22.8,20,5.2,250,759,680,217
1985-03-27 14:00:00,23.3,18,5.2,240,724,560,300
1985-03-27 15:00:00,23.9,16,7.7,220,459,196,329
1985-03-27 16:00:00,23.3,17,7.7,230,409,389,203
1985-03-27 17:00:00,22.2,21,6.2,220,243,327,124
1985-03-27 18:00:00,21.7,24,5.2,190,82,96,65
1985-03-27 19:00:00,16.1,40,3.1,150,7,1,7
1985-03-27 20:00:00,15.6,39,2.6,190,0,0,0
1985-03-27 21:00:00,16.1,38,3.6,230,0,0,0
1985-03-27 22:00:00,19.4,31,6.2,230,0,0,0
1985-03-27 23:00:00,16.7,38,3.6,230,0,0,0
1985-03-28 00:00:00,16.7,37,4.1,270,0,0,0
1985-03-28 01:00:00,15.6,39,2.1,150,0,0,0
1985-03-28 02:00:00,15.6,39,4.6,240,0,0,0
1985-03-28 03:00:00,13.3,45,4.6,260,0,0,0
1985-03-28 04:00:00,12.2,49,5.2,240,0,0,0
1985-03-28 05:00:00,13.3,45,3.6,240,0,0,0
1985-03-28 06:00:00,11.7,51,3.1,260,0,0,0
1985-03-28 07:00:00,12.8,53,3.1,270,45,109,33
1985-03-28 08:00:00,16.7,45,4.6,230,92,34,82
1985-03-28 09:00:00,18.9,40,1.5,230,310,400,123
1985-03-28 10:00:00,22.2,38,7.2,210,339,173,232
1985-03-28 11:00:00,22.8,38,6.2,240,254,2,253
1985-03-28 12:00:00,23.9,37,7.2,230,439,269,226
1985-03-28 13:00:00,26.1,38,7.7,230,836,822,177
1985-03-28 14:00:00,27.8,33,8.2,220,740,764,159
1985-03-28 15:00:00,27.2,34,10.3,220,611,693,148
1985-03-28 16:00:00,27.8,32,9.3,220,296,312,130
1985-03-28 17:00:00,28.3,31,9.3,260,302,668,58
1985-03-28 18:00:00,27.2,33,7.2,240,112,443,35
1985-03-28 19:00:00,25.0,37,5.2,240,14,41,9
1985-03-28 20:00:00,22.8,41,3.1,200,0,0,0
1985-03-28 21:00:00,21.7,44,2.6,230,0,0,0
1985-03-28 22:00:00,20.6,47,2.1,230,0,0,0
1985-03-28 23:00:00,18.9,53,3.1,210,0,0,0
1985-03-29 00:00:00,19.4,53,3.1,220,0,0,0
1985-03-29 01:00:00,17.8,56,3.6,220,0,0,0
1985-03-29 02:00:00,17.8,56,3.6,210,0,0,0
1985-03-29 03:00:00,18.9,55,3.1,190,0,0,0
1985-03-29 04:00:00,17.8,58,4.1,220,0,0,0
1985-03-29 05:00:00,19.4,55,3.1,270,0,0,0
1985-03-29 06:00:00,17.2,61,2.6,40,0,0,0
1985-03-29 07:00:00,15.6,70,3.1,240,16,2,16
1985-03-29 08:00:00,15.6,78,2.1,200,58,7,55
1985-03-29 09:00:00,15.6,78,4.1,220,86,6,83
1985-03-29 10:00:00,18.3,73,2.6,250,222,2,221
1985-03-29 11:00:00,19.4,70,6.7,230,346,7,341
1985-03-29 12:00:00,20.0,68,5.7,240,314,4,310
1985-03-29 13:00:00,22.2,57,5.2,260,363,2,361
1985-03-29 14:00:00,23.9,50,6.7,270,352,102,274
1985-03-29 15:00:00,25.0,48,6.7,270,429,200,294
1985-03-29 16:00:00,24.4,48,6.2,240,248,5,245
1985-03-29 17:00:00,23.3,54,4.1,240,103,5,101
1985-03-29 18:00:00,23.3,54,3.6,250,52,4,51
1985-03-29 19:00:00,21.7,57,3.1,270,12,5,11
1985-03-29 20:00:00,21.1,61,3.1,260,0,0,0
1985-03-29 21:00:00,20.6,61,3.6,280,0,0,0
1985-03-29 22:00:00,20.6,59,3.1,270,0,0,0
1985-03-29 23:00:00,18.3,68,2.1,210,0,0,0
1985-03-30 00:00:00,18.9,65,2.6,210,0,0,0
1985-03-30 01:00:00,18.9,68,3.6,220,0,0,0
1985-03-30 02:00:00,17.8,75,2.6,240,0,0,0
1985-03-30 03:00:00,16.7,81,2.6,220,0,0,0
1985-03-30 04:00:00,16.7,81,3.6,230,0,0,0
1985-03-30 05:00:00,16.7,81,0.0,0,0,0,0
1985-03-30 06:00:00,16.7,75,7.7,20,0,0,0
1985-03-30 07:00:00,12.8,72,5.2,40,15,7,14
1985-03-30 08:00:00,11.7,69,4.1,40,112,23,105
1985-03-30 09:00:00,12.8,60,6.7,20,261,104,211
1985-03-30 10:00:00,12.8,62,7.2,10,258,12,251
1985-03-30 11:00:00,12.2,55,6.7,20,276,23,259
1985-03-30 12:00:00,12.2,57,5.7,50,344,12,335
1985-03-30 13:00:00,12.2,57,4.6,50,333,5,329
1985-03-30 14:00:00,12.2,55,5.2,40,307,2,305
1985-03-30 15:00:00,12.2,55,4.6,60,285,1,285
1985-03-30 16:00:00,11.7,57,5.7,10,233,2,233
1985-03-30 17:00:00,11.1,59,5.7,10,139,0,139
1985-03-30 18:00:00,10.6,59,4.1,20,61,1,61
1985-03-30 19:00:00,10.0,61,3.6,20,11,0,11
1985-03-30 20:00:00,10.0,59,4.6,40,0,0,0
1985-03-30 21:00:00,9.4,64,2.1,50,0,0,0
1985-03-30 22:00:00,7.8,77,4.6,40,0,0,0
1985-03-30 23:00:00,7.8,77,2.6,360,0,0,0
1985-03-31 00:00:00,7.8,80,2.6,50,0,0,0
1985-03-31 01:00:00,7.8,77,2.6,50,0,0,0
1985-03-31 02:00:00,7.8,77,2.6,60,0,0,0
1985-03-31 03:00:00,7.8,77,2.6,50,0,0,0
1985-03-31 04:00:00,8.3,71,3.1,80,0,0,0
1985-03-31 05:00:00,8.3,71,3.6,80,0,0,0
1985-03-31 06:00:00,8.3,71,4.1,100,1,0,1
1985-03-31 07:00:00,8.3,74,4.1,90,33,0,33
1985-03-31 08:00:00,7.8,54,5.7,90,109,0,109
1985-03-31 09:00:00,7.8,56,6.7,80,192,1,191
1985-03-31 10:00:00,7.8,58,4.1,100,289,0,289
1985-03-31 11:00:00,7.8,58,6.7,110,346,1,345
1985-03-31 12:00:00,6.7,77,5.2,90,220,0,220
1985-03-31 13:00:00,6.1,83,4.6,70,229,1,228
1985-03-31 14:00:00,6.7,83,5.7,80,203,1,203
1985-03-31 15:00:00,7.2,83,5.2,90,179,1,179
1985-03-31 16:00:00,7.8,80,3.6,100,133,1,132
1985-03-31 17:00:00,7.8,80,5.2,90,95,1,95
1985-03-31 18:00:00,7.2,83,4.6,80,34,0,34
1985-03-31 19:00:00,7.2,83,4.6,60,7,0,7
1985-03-31 20:00:00,7.2,83,4.6,70,0,0,0
1985-03-31 21:00:00,6.7,83,4.1,40,0,0,0
1985-03-31 22:00:00,6.3,80,4.1,60,0,0,0
1985-03-31 23:00:00,5.9,80,4.1,10,0,0,0
1985-04-01 00:00:00,5.5,83,4.1,10,0,0,0
1980-04-01 01:00:00,5.1,79,4.1,340,0,0,0
1980-04-01 02:00:00,4.7,79,4.1,340,0,0,0
1980-04-01 03:00:00,4.3,79,4.1,350,0,0,0
1980-04-01 04:00:00,3.9,79,4.1,350,0,0,0
1980-04-01 05:00:00,4.1,78,4.1,350,0,0,0
1980-04-01 06:00:00,4.2,77,4.1,360,1,1,0
1980-04-01 07:00:00,4.4,76,4.1,360,63,248,34
1980-04-01 08:00:00,6.1,69,3.6,30,251,593,65
1980-04-01 09:00:00,7.7,61,3.1,60,457,745,90
1980-04-01 10:00:00,9.4,54,2.6,90,638,824,109
1980-04-01 11:00:00,10.3,52,2.9,90,776,871,122
1980-04-01 12:00:00,11.3,49,3.3,80,849,889,128
1980-04-01 13:00:00,12.2,47,3.6,80,863,894,129
1980-04-01 14:00:00,12.6,45,3.9,110,813,885,125
1980-04-01 15:00:00,12.9,42,4.3,140,698,850,115
1980-04-01 16:00:00,13.3,40,4.6,170,530,785,98
1980-04-01 17:00:00,11.6,43,4.1,160,327,664,74
1980-04-01 18:00:00,10.0,47,3.6,160,125,411,47
1980-04-01 19:00:00,8.3,50,3.1,150,16,33,12
1980-04-01 20:00:00,7.0,57,2.8,130,0,0,0
1980-04-01 21:00:00,5.7,63,2.4,110,0,0,0
1980-04-01 22:00:00,4.4,70,2.1,90,0,0,0
1980-04-01 23:00:00,4.8,71,2.3,120,0,0,0
1980-04-02 00:00:00,5.2,72,2.4,140,0,0,0
1980-04-02 01:00:00,5.6,73,2.6,170,0,0,0
1980-04-02 02:00:00,5.2,75,1.7,110,0,0,0
1980-04-02 03:00:00,4.8,77,0.9,60,0,0,0
1980-04-02 04:00:00,4.4,79,0.0,0,0,0,0
1980-04-02 05:00:00,4.0,80,0.7,50,0,0,0
1980-04-02 06:00:00,3.7,81,1.4,90,0,0,0
1980-04-02 07:00:00,3.3,82,2.1,140,44,31,40
1980-04-02 08:00:00,5.9,74,3.6,180,179,237,104
1980-04-02 09:00:00,8.5,65,5.2,210,413,536,146
1980-04-02 10:00:00,11.1,57,6.7,250,613,748,130
1980-04-02 11:00:00,13.3,54,6.2,240,744,794,145
1980-04-02 12:00:00,15.6,51,5.7,230,839,841,153
1980-04-02 13:00:00,17.8,48,5.2,220,848,841,154
1980-04-02 14:00:00,18.3,46,4.7,250,759,740,180
1980-04-02 15:00:00,18.9,44,4.1,290,661,715,168
1980-04-02 16:00:00,19.4,42,3.6,320,324,208,209
1980-04-02 17:00:00,17.9,50,3.1,340,203,119,157
1980-04-02 18:00:00,16.5,57,2.6,10,90,99,71
1980-04-02 19:00:00,15.0,65,2.1,30,7,2,7
1980-04-02 20:00:00,14.3,64,2.4,30,0,0,0
1980-04-02 21:00:00,13.5,63,2.8,30,0,0,0
1980-04-02 22:00:00,12.8,62,3.1,30,0,0,0
1980-04-02 23:00:00,12.1,63,2.9,30,0,0,0
1980-04-03 00:00:00,11.3,65,2.8,20,0,0,0
1980-04-03 01:00:00,10.6,66,2.6,20,0,0,0
1980-04-03 02:00:00,9.8,70,2.6,10,0,0,0
1980-04-03 03:00:00,9.1,73,2.6,360,0,0,0
1980-04-03 04:00:00,8.3,77,2.6,350,0,0,0
1980-04-03 05:00:00,8.3,77,2.8,360,0,0,0
1980-04-03 06:00:00,8.3,77,2.9,10,0,0,0
1980-04-03 07:00:00,8.3,77,3.1,20,56,57,49
1980-04-03 08:00:00,10.0,67,3.4,30,214,319,111
1980-04-03 09:00:00,11.6,57,3.8,50,412,520,151
1980-04-03 10:00:00,13.3,47,4.1,60,613,668,178
1980-04-03 11:00:00,14.4,46,4.3,80,750,725,200
1980-04-03 12:00:00,15.6,46,4.4,90,829,754,211
1980-04-03 13:00:00,16.7,45,4.6,110,837,754,213
1980-04-03 14:00:00,16.9,44,5.1,120,720,608,243
1980-04-03 15:00:00,17.0,44,5.7,120,609,507,258
1980-04-03 16:00:00,17.2,43,6.2,130,453,430,214
1980-04-03 17:00:00,16.1,45,5.9,140,194,88,160
1980-04-03 18:00:00,15.0,47,5.5,150,61,7,60
1980-04-03 19:00:00,13.9,49,5.2,160,9,0,9
1980-04-03 20:00:00,13.2,54,5.2,150,0,0,0
1980-04-03 21:00:00,12.4,59,5.2,150,0,0,0
1980-04-03 22:00:00,11.7,64,5.2,140,0,0,0
1980-04-03 23:00:00,11.5,66,4.7,130,0,0,0
1980-04-04 00:00:00,11.3,67,4.1,110,0,0,0
1980-04-04 01:00:00,11.1,69,3.6,100,0,0,0
1980-04-04 02:00:00,10.5,77,3.8,100,0,0,0
1980-04-04 03:00:00,10.0,85,3.9,90,0,0,0
1980-04-04 04:00:00,9.4,93,4.1,90,0,0,0
1980-04-04 05:00:00,9.8,93,3.4,50,0,0,0
1980-04-04 06:00:00,10.2,93,2.8,360,0,0,0
1980-04-04 07:00:00,10.6,93,2.1,320,23,6,22
1980-04-04 08:00:00,12.3,92,2.4,290,133,7,130
1980-04-04 09:00:00,13.9,91,2.8,260,178,2,177
1980-04-04 10:00:00,15.6,90,3.1,230,252,5,249
1980-04-04 11:00:00,17.3,82,3.4,260,399,138,294
1980-04-04 12:00:00,18.9,74,3.8,280,559,250,353
1980-04-04 13:00:00,20.6,66,4.1,310,726,571,251
1980-04-04 14:00:00,20.6,58,6.2,300,723,666,199
1980-04-04 15:00:00,20.6,50,8.2,300,664,729,157
1980-04-04 16:00:00,20.6,42,10.3,290,392,474,127
1980-04-04 17:00:00,18.4,43,10.5,290,303,597,71
1980-04-04 18:00:00,16.1,43,10.6,300,141,526,37
1980-04-04 19:00:00,13.9,44,10.8,300,23,84,14
1980-04-04 20:00:00,13.2,45,9.4,300,0,0,0
1980-04-04 21:00:00,12.4,46,8.1,300,0,0,0
1980-04-04 22:00:00,11.7,47,6.7,300,0,0,0
1980-04-04 23:00:00,10.8,49,6.9,300,0,0,0
1980-04-05 00:00:00,9.8,50,7.0,300,0,0,0
1980-04-05 01:00:00,8.9,52,7.2,300,0,0,0
1980-04-05 02:00:00,8.5,52,7.0,300,0,0,0
1980-04-05 03:00:00,8.2,52,6.9,300,0,0,0
1980-04-05 04:00:00,7.8,52,6.7,300,0,0,0
1980-04-05 05:00:00,7.6,51,7.2,300,0,0,0
1980-04-05 06:00:00,7.4,50,7.7,290,0,1,0
1980-04-05 07:00:00,7.2,49,8.2,290,55,47,48
1980-04-05 08:00:00,8.5,45,8.9,290,159,97,127
1980-04-05 09:00:00,9.8,41,9.6,300,427,614,113
1980-04-05 10:00:00,11.1,37,10.3,300,640,836,88
1980-04-05 11:00:00,12.4,35,10.0,300,805,924,96
1980-04-05 12:00:00,13.7,33,9.6,300,823,826,140
1980-04-05 13:00:00,15.0,31,9.3,300,605,564,134
1980-04-05 14:00:00,15.4,29,9.6,300,835,931,98
1980-04-05 15:00:00,15.7,27,10.0,310,678,849,85
1980-04-05 16:00:00,16.1,25,10.3,310,545,823,82
1980-04-05 17:00:00,15.4,26,8.6,310,351,734,63
1980-04-05 18:00:00,14.6,28,6.9,310,144,508,41
1980-04-05 19:00:00,13.9,29,5.2,310,22,72,14
1980-04-05 20:00:00,12.4,32,4.3,290,0,0,0
1980-04-05 21:00:00,10.9,36,3.5,280,0,0,0
1980-04-05 22:00:00,9.4,39,2.6,260,0,0,0
1980-04-05 23:00:00,8.1,44,2.6,270,0,0,0
1980-04-06 00:00:00,6.9,50,2.6,270,0,0,0
1980-04-06 01:00:00,5.6,55,2.6,280,0,0,0
1980-04-06 02:00:00,4.8,57,2.8,270,0,0,0
1980-04-06 03:00:00,4.1,60,2.9,270,0,0,0
1980-04-06 04:00:00,3.3,62,3.1,260,0,0,0
1980-04-06 05:00:00,4.1,62,3.1,260,0,0,0
1980-04-06 06:00:00,4.8,63,3.1,270,7,16,5
1980-04-06 07:00:00,5.6,63,3.1,270,89,376,35
1980-04-06 08:00:00,8.9,55,3.8,280,286,663,61
1980-04-06 09:00:00,12.3,46,4.5,280,493,793,84
1980-04-06 10:00:00,15.6,38,5.2,290,670,849,106
1980-04-06 11:00:00,16.5,36,4.8,290,803,868,134
1980-04-06 12:00:00,17.4,34,4.5,290,878,877,149
1980-04-06 13:00:00,18.3,32,4.1,290,889,859,169
1980-04-06 14:00:00,18.9,30,4.5,290,787,766,178
1980-04-06 15:00:00,19.4,29,4.8,280,637,684,158
1980-04-06 16:00:00,20.0,27,5.2,280,393,330,206
1980-04-06 17:00:00,17.8,33,4.5,230,291,393,136
1980-04-06 18:00:00,15.5,38,3.8,190,129,363,55
1980-04-06 19:00:00,13.3,44,3.1,140,23,69,16
1980-04-06 20:00:00,12.4,45,3.1,140,0,0,0
1980-04-06 21:00:00,11.5,47,3.1,140,0,0,0
1980-04-06 22:00:00,10.6,48,3.1,140,0,0,0
1980-04-06 23:00:00,10.2,52,2.1,90,0,0,0
1980-04-07 00:00:00,9.8,55,1.0,50,0,0,0
1980-04-07 01:00:00,9.4,59,0.0,0,0,0,0
1980-04-07 02:00:00,8.3,65,0.7,20,0,0,0
1980-04-07 03:00:00,7.2,70,1.4,40,0,0,0
1980-04-07 04:00:00,6.1,76,2.1,60,0,0,0
1980-04-07 05:00:00,6.7,78,2.1,70,0,0,0
1980-04-07 06:00:00,7.2,81,2.1,90,2,2,2
1980-04-07 07:00:00,7.8,83,2.1,100,79,151,57
1980-04-07 08:00:00,10.6,72,3.1,110,236,381,105
1980-04-07 09:00:00,13.3,61,4.2,120,412,511,146
1980-04-07 10:00:00,16.1,50,5.2,130,572,531,217
1980-04-07 11:00:00,17.0,44,6.6,130,674,527,265
1980-04-07 12:00:00,18.0,38,7.9,140,602,243,399
1980-04-07 13:00:00,18.9,32,9.3,140,627,358,326
1980-04-07 14:00:00,18.2,33,8.8,150,400,53,358
1980-04-07 15:00:00,17.4,34,8.2,150,285,80,229
1980-04-07 16:00:00,16.7,35,7.7,160,197,6,193
1980-04-07 17:00:00,15.8,39,6.3,150,98,21,90
1980-04-07 18:00:00,14.8,43,5.0,150,46,0,46
1980-04-07 19:00:00,13.9,47,3.6,140,10,0,10
1980-04-07 20:00:00,13.2,54,3.8,120,0,0,0
1980-04-07 21:00:00,12.4,62,3.9,110,0,0,0
1980-04-07 22:00:00,11.7,69,4.1,90,0,0,0
1980-04-07 23:00:00,11.5,73,3.4,80,0,0,0
1980-04-08 00:00:00,11.3,76,2.8,70,0,0,0
1980-04-08 01:00:00,11.1,80,2.1,60,0,0,0
1980-04-08 02:00:00,11.1,81,2.3,70,0,0,0
1980-04-08 03:00:00,11.1,82,2.4,80,0,0,0
1980-04-08 04:00:00,11.1,83,2.6,90,0,0,0
1980-04-08 05:00:00,11.3,83,2.2,100,0,0,0
1980-04-08 06:00:00,11.5,83,1.9,100,6,0,6
1980-04-08 07:00:00,11.7,83,1.5,110,45,2,45
1980-04-08 08:00:00,13.9,75,3.6,120,119,2,118
1980-04-08 09:00:00,16.1,67,5.6,130,249,55,221
1980-04-08 10:00:00,18.3,59,7.7,140,383,208,243
1980-04-08 11:00:00,19.1,57,8.4,140,451,190,303
1980-04-08 12:00:00,19.8,55,9.1,140,344,4,341
1980-04-08 13:00:00,20.6,53,9.8,140,261,7,255
1980-04-08 14:00:00,19.8,54,9.6,150,302,13,291
1980-04-08 15:00:00,19.1,55,9.5,150,260,1,259
1980-04-08 16:00:00,18.3,56,9.3,160,117,2,116
1980-04-08 17:00:00,17.9,56,9.3,160,120,3,119
1980-04-08 18:00:00,17.6,56,9.3,170,62,0,62
1980-04-08 19:00:00,17.2,56,9.3,170,14,0,14
1980-04-08 20:00:00,16.8,57,8.6,160,0,0,0
1980-04-08 21:00:00,16.5,59,7.9,150,0,0,0
1980-04-08 22:00:00,16.1,60,7.2,140,0,0,0
1980-04-08 23:00:00,15.0,69,6.3,140,0,0,0
1980-04-09 00:00:00,13.9,77,5.5,140,0,0,0
1980-04-09 01:00:00,12.8,86,4.6,140,0,0,0
1980-04-09 02:00:00,13.5,84,6.0,140,0,0,0
1980-04-09 03:00:00,14.3,83,7.4,150,0,0,0
1980-04-09 04:00:00,15.0,81,8.8,150,0,0,0
1980-04-09 05:00:00,14.8,84,8.1,150,0,0,0
1980-04-09 06:00:00,14.6,87,7.4,140,5,0,5
1980-04-09 07:00:00,14.4,90,6.7,140,36,0,36
1980-04-09 08:00:00,14.8,89,6.0,150,157,1,157
1980-04-09 09:00:00,15.2,88,5.3,170,234,1,234
1980-04-09 10:00:00,15.6,87,4.6,180,339,1,338
1980-04-09 11:00:00,16.5,84,4.4,160,366,1,365
1980-04-09 12:00:00,17.4,81,4.3,150,388,2,386
1980-04-09 13:00:00,18.3,78,4.1,130,396,0,396
1980-04-09 14:00:00,19.1,76,4.6,130,497,210,328
1980-04-09 15:00:00,19.8,75,5.2,140,602,559,205
1980-04-09 16:00:00,20.6,73,5.7,140,420,421,178
1980-04-09 17:00:00,19.7,77,5.5,140,264,215,177
1980-04-09 18:00:00,18.7,80,5.4,130,85,69,70
1980-04-09 19:00:00,17.8,84,5.2,130,15,0,15
1980-04-09 20:00:00,17.1,87,4.5,140,0,0,0
1980-04-09 21:00:00,16.3,90,3.8,160,0,0,0
1980-04-09 22:00:00,15.6,93,3.1,170,0,0,0
1980-04-09 23:00:00,14.3,93,3.1,200,0,0,0
1980-04-10 00:00:00,13.0,93,3.1,240,0,0,0
1980-04-10 01:00:00,11.7,93,3.1,270,0,0,0
1980-04-10 02:00:00,11.3,93,2.9,280,0,0,0
1980-04-10 03:00:00,11.0,93,2.8,290,0,0,0
1980-04-10 04:00:00,10.6,93,2.6,300,0,0,0
1980-04-10 05:00:00,10.4,92,2.6,300,0,0,0
1980-04-10 06:00:00,10.2,90,2.6,310,12,29,8
1980-04-10 07:00:00,10.0,89,2.6,310,105,421,36
1980-04-10 08:00:00,12.8,75,3.3,330,290,617,69
1980-04-10 09:00:00,15.5,61,3.9,340,448,565,146
1980-04-10 10:00:00,18.3,47,4.6,360,579,613,162
1980-04-10 11:00:00,18.7,44,4.3,310,654,475,280
1980-04-10 12:00:00,19.0,40,3.9,250,484,241,280
1980-04-10 13:00:00,19.4,37,3.6,200,378,110,284
1980-04-10 14:00:00,18.7,40,3.4,240,518,203,354
1980-04-10 15:00:00,17.9,42,3.3,270,207,9,200
1980-04-10 16:00:00,17.2,45,3.1,310,234,15,226
1980-04-10 17:00:00,16.8,45,3.3,310,189,7,186
1980-04-10 18:00:00,16.5,46,3.4,310,89,89,70
1980-04-10 19:00:00,16.1,46,3.6,310,10,7,9
1980-04-10 20:00:00,15.4,48,3.4,320,0,0,0
1980-04-10 21:00:00,14.6,49,3.3,320,0,0,0
1980-04-10 22:00:00,13.9,51,3.1,330,0,0,0
1980-04-10 23:00:00,13.3,52,3.1,330,0,0,0
1980-04-11 00:00:00,12.8,52,3.1,320,0,0,0
1980-04-11 01:00:00,12.2,53,3.1,320,0,0,0
1980-04-11 02:00:00,11.7,54,3.3,320,0,0,0
1980-04-11 03:00:00,11.1,56,3.4,320,0,0,0
1980-04-11 04:00:00,10.6,57,3.6,320,0,0,0
1980-04-11 05:00:00,9.7,63,2.9,300,0,0,0
1980-04-11 06:00:00,8.7,68,2.2,270,5,1,5
1980-04-11 07:00:00,7.8,74,1.5,250,74,125,53
1980-04-11 08:00:00,10.6,64,1.9,270,255,406,108
1980-04-11 09:00:00,13.3,53,2.2,280,438,501,169
1980-04-11 10:00:00,16.1,43,2.6,300,627,555,246
1980-04-11 11:00:00,17.4,40,3.8,290,699,602,224
1980-04-11 12:00:00,18.7,36,5.0,290,783,587,286
1980-04-11 13:00:00,20.0,33,6.2,280,827,596,317
1980-04-11 14:00:00,20.6,31,6.2,280,743,608,251
1980-04-11 15:00:00,21.1,28,6.2,290,673,657,203
1980-04-11 16:00:00,21.7,26,6.2,290,516,593,172
1980-04-11 17:00:00,20.6,27,4.6,270,309,435,130
1980-04-11 18:00:00,19.4,28,3.1,240,113,192,71
1980-04-11 19:00:00,18.3,29,1.5,220,17,5,16
1980-04-11 20:00:00,16.3,40,2.0,210,0,0,0
1980-04-11 21:00:00,14.2,51,2.6,200,0,0,0
1980-04-11 22:00:00,12.2,62,3.1,190,0,0,0
1980-04-11 23:00:00,11.7,64,2.6,170,0,0,0
1980-04-12 00:00:00,11.1,67,2.0,160,0,0,0
1980-04-12 01:00:00,10.6,69,1.5,140,0,0,0
1980-04-12 02:00:00,10.4,73,1.9,120,0,0,0
1980-04-12 03:00:00,10.2,76,2.2,110,0,0,0
1980-04-12 04:00:00,10.0,80,2.6,90,0,0,0
1980-04-12 05:00:00,10.4,81,2.8,90,0,0,0
1980-04-12 06:00:00,10.7,82,2.9,100,13,38,9
1980-04-12 07:00:00,11.1,83,3.1,100,111,441,35
1980-04-12 08:00:00,14.3,69,3.8,120,280,504,95
1980-04-12 09:00:00,17.4,56,4.5,150,415,514,136
1980-04-12 10:00:00,20.6,42,5.2,170,586,591,179
1980-04-12 11:00:00,21.3,39,5.5,180,387,136,279
1980-04-12 12:00:00,22.1,37,5.9,190,453,100,368
1980-04-12 13:00:00,22.8,34,6.2,200,341,12,331
1980-04-12 14:00:00,22.8,36,5.7,210,290,3,287
1980-04-12 15:00:00,22.8,39,5.1,230,286,1,285
1980-04-12 16:00:00,22.8,41,4.6,240,219,9,214
1980-04-12 17:00:00,20.9,47,3.6,230,143,4,141
1980-04-12 18:00:00,19.1,54,2.5,210,73,5,72
1980-04-12 19:00:00,17.2,60,1.5,200,16,0,16
1980-04-12 20:00:00,17.4,61,3.1,210,0,0,0
1980-04-12 21:00:00,17.6,62,4.6,230,0,0,0
1980-04-12 22:00:00,17.8,63,6.2,240,0,0,0
1980-04-12 23:00:00,16.5,71,5.3,230,0,0,0
1980-04-13 00:00:00,15.2,79,4.5,220,0,0,0
1980-04-13 01:00:00,13.9,87,3.6,210,0,0,0
1980-04-13 02:00:00,13.9,88,3.6,230,0,0,0
1980-04-13 03:00:00,13.9,89,3.6,250,0,0,0
1980-04-13 04:00:00,13.9,90,3.6,270,0,0,0
1980-04-13 05:00:00,13.0,80,5.1,290,0,0,0
1980-04-13 06:00:00,12.0,69,6.7,310,6,2,6
1980-04-13 07:00:00,11.1,59,8.2,330,70,53,61
1980-04-13 08:00:00,12.4,55,7.5,330,213,204,137
1980-04-13 09:00:00,13.7,50,6.9,340,279,288,122
1980-04-13 10:00:00,15.0,46,6.2,340,667,870,64
1980-04-13 11:00:00,15.9,42,5.2,350,776,871,81
1980-04-13 12:00:00,16.9,38,4.1,10,714,675,137
1980-04-13 13:00:00,17.8,34,3.1,20,819,743,178
1980-04-13 14:00:00,17.6,35,3.4,10,621,499,214
1980-04-13 15:00:00,17.4,36,3.8,360,506,331,267
1980-04-13 16:00:00,17.2,37,4.1,350,199,10,193
1980-04-13 17:00:00,16.7,38,3.6,360,153,3,152
1980-04-13 18:00:00,16.1,40,3.1,20,67,0,67
1980-04-13 19:00:00,15.6,41,2.6,30,15,1,15
1980-04-13 20:00:00,15.0,40,2.6,30,0,0,0
1980-04-13 21:00:00,14.5,38,2.6,40,0,0,0
1980-04-13 22:00:00,13.9,37,2.6,40,0,0,0
1980-04-13 23:00:00,13.3,42,3.3,50,0,0,0
1980-04-14 00:00:00,12.8,48,3.9,50,0,0,0
1980-04-14 01:00:00,12.2,53,4.6,60,0,0,0
1980-04-14 02:00:00,11.8,59,5.0,60,0,0,0
1980-04-14 03:00:00,11.5,66,5.3,60,0,0,0
1980-04-14 04:00:00,11.1,72,5.7,60,0,0,0
1980-04-14 05:00:00,11.1,73,6.0,70,0,0,0
1980-04-14 06:00:00,11.1,73,6.4,70,8,0,8
1980-04-14 07:00:00,11.1,74,6.7,80,46,3,45
1980-04-14 08:00:00,11.1,79,7.0,80,143,2,143
1980-04-14 09:00:00,11.1,85,7.4,80,203,2,202
1980-04-14 10:00:00,11.1,90,7.7,80,194,3,191
1980-04-14 11:00:00,11.1,91,6.9,80,368,1,368
1980-04-14 12:00:00,11.1,92,6.0,80,390,0,389
1980-04-14 13:00:00,11.1,93,5.2,80,237,2,236
1980-04-14 14:00:00,12.2,94,4.7,80,370,1,370
1980-04-14 15:00:00,13.3,95,4.1,90,313,1,312
1980-04-14 16:00:00,14.4,96,3.6,90,271,1,270
1980-04-14 17:00:00,15.9,93,5.8,110,161,1,161
1980-04-14 18:00:00,17.4,90,8.1,140,75,1,74
1980-04-14 19:00:00,18.9,87,10.3,160,23,0,23
1980-04-14 20:00:00,18.5,88,9.6,160,0,0,0
1980-04-14 21:00:00,18.2,89,8.9,160,0,0,0
1980-04-14 22:00:00,17.8,90,8.2,160,0,0,0
1980-04-14 23:00:00,17.2,79,8.4,190,0,0,0
1980-04-15 00:00:00,16.7,69,8.6,220,0,0,0
1980-04-15 01:00:00,16.1,58,8.8,250,0,0,0
1980-04-15 02:00:00,14.8,59,7.6,250,0,0,0
1980-04-15 03:00:00,13.5,61,6.4,260,0,0,0
1980-04-15 04:00:00,12.2,62,5.2,260,0,0,0
1980-04-15 05:00:00,11.7,62,4.3,260,0,0,0
1980-04-15 06:00:00,11.1,61,3.5,250,1,0,1
1980-04-15 07:00:00,10.6,61,2.6,250,57,37,50
1980-04-15 08:00:00,11.3,56,3.1,260,156,66,131
1980-04-15 09:00:00,12.1,50,3.6,280,242,88,194
1980-04-15 10:00:00,12.8,45,4.1,290,496,338,259
1980-04-15 11:00:00,13.0,45,4.8,290,444,145,327
1980-04-15 12:00:00,13.1,44,5.5,300,218,2,217
1980-04-15 13:00:00,13.3,44,6.2,300,305,1,304
1980-04-15 14:00:00,13.1,43,7.4,290,320,1,319
1980-04-15 15:00:00,13.0,41,8.6,290,244,0,244
1980-04-15 16:00:00,12.8,40,9.8,280,126,6,123
1980-04-15 17:00:00,11.7,45,7.7,280,157,4,155
1980-04-15 18:00:00,10.5,49,5.7,290,82,1,82
1980-04-15 19:00:00,9.4,54,3.6,290,17,0,17
1980-04-15 20:00:00,9.0,51,4.5,290,0,0,0
1980-04-15 21:00:00,8.7,47,5.3,280,0,0,0
1980-04-15 22:00:00,8.3,44,6.2,280,0,0,0
1980-04-15 23:00:00,8.3,45,5.7,270,0,0,0
1980-04-16 00:00:00,8.3,47,5.1,250,0,0,0
1980-04-16 01:00:00,8.3,48,4.6,240,0,0,0
1980-04-16 02:00:00,8.3,49,4.8,250,0,0,0
1980-04-16 03:00:00,8.3,49,5.0,250,0,0,0
1980-04-16 04:00:00,8.3,50,5.2,260,0,0,0
1980-04-16 05:00:00,8.3,51,6.0,270,0,0,0
1980-04-16 06:00:00,8.3,51,6.9,270,15,9,14
1980-04-16 07:00:00,8.3,52,7.7,280,108,209,68
1980-04-16 08:00:00,8.9,47,8.6,280,237,280,129
1980-04-16 09:00:00,9.4,43,9.4,290,287,152,202
1980-04-16 10:00:00,10.0,38,10.3,290,529,286,328
1980-04-16 11:00:00,9.6,39,10.0,290,449,86,380
1980-04-16 12:00:00,9.3,40,9.6,300,653,294,399
1980-04-16 13:00:00,8.9,41,9.3,300,423,157,286
1980-04-16 14:00:00,9.3,38,9.5,300,633,402,301
1980-04-16 15:00:00,9.6,36,9.6,310,695,686,194
1980-04-16 16:00:00,10.0,33,9.8,310,517,723,88
1980-04-16 17:00:00,8.9,33,8.9,310,368,727,60
1980-04-16 18:00:00,7.8,32,8.1,310,174,547,46
1980-04-16 19:00:00,6.7,32,7.2,310,32,121,19
1980-04-16 20:00:00,5.9,34,6.7,310,0,0,0
1980-04-16 21:00:00,5.2,36,6.2,310,0,0,0
1980-04-16 22:00:00,4.4,38,5.7,310,0,0,0
1980-04-16 23:00:00,3.7,39,4.8,310,0,0,0
1980-04-17 00:00:00,2.9,41,4.0,300,0,0,0
1980-04-17 01:00:00,2.2,42,3.1,300,0,0,0
1980-04-17 02:00:00,1.3,46,3.1,290,0,0,0
1980-04-17 03:00:00,0.3,50,3.1,280,0,0,0
1980-04-17 04:00:00,-0.6,54,3.1,270,0,0,0
1980-04-17 05:00:00,-0.2,54,3.3,280,0,0,0
1980-04-17 06:00:00,0.2,54,3.4,280,22,70,15
1980-04-17 07:00:00,0.6,54,3.6,290,135,417,53
1980-04-17 08:00:00,2.6,50,3.6,310,345,673,84
1980-04-17 09:00:00,4.7,46,3.6,320,554,782,113
1980-04-17 10:00:00,6.7,42,3.6,340,732,854,127
1980-04-17 11:00:00,8.2,38,2.9,320,861,897,133
1980-04-17 12:00:00,9.6,34,2.2,300,930,930,122
1980-04-17 13:00:00,11.1,30,1.5,280,937,941,115
1980-04-17 14:00:00,12.2,28,2.0,270,816,871,95
1980-04-17 15:00:00,13.3,27,2.6,250,743,883,96
1980-04-17 16:00:00,14.4,25,3.1,240,584,802,105
1980-04-17 17:00:00,13.3,25,2.8,240,363,642,89
1980-04-17 18:00:00,12.2,26,2.4,230,144,401,49
1980-04-17 19:00:00,11.1,26,2.1,230,33,138,18
1980-04-17 20:00:00,9.6,37,1.4,270,0,0,0
1980-04-17 21:00:00,8.2,47,0.7,320,0,0,0
1980-04-17 22:00:00,6.7,58,0.0,0,0,0,0
1980-04-17 23:00:00,5.2,61,0.7,330,0,0,0
1980-04-18 00:00:00,3.7,64,1.4,290,0,0,0
1980-04-18 01:00:00,2.2,67,2.1,260,0,0,0
1980-04-18 02:00:00,2.4,68,2.1,290,0,0,0
1980-04-18 03:00:00,2.6,69,2.1,320,0,0,0
1980-04-18 04:00:00,2.8,70,2.1,350,0,0,0
1980-04-18 05:00:00,3.2,72,2.1,320,0,0,0
1980-04-18 06:00:00,3.5,74,2.1,280,13,9,12
1980-04-18 07:00:00,3.9,76,2.1,250,110,213,68
1980-04-18 08:00:00,7.8,59,3.1,280,291,454,113
1980-04-18 09:00:00,11.7,43,4.2,320,449,526,150
1980-04-18 10:00:00,15.6,26,5.2,350,698,743,169
1980-04-18 11:00:00,16.5,27,5.0,320,825,784,187
1980-04-18 12:00:00,17.4,28,4.8,290,894,807,191
1980-04-18 13:00:00,18.3,29,4.6,260,907,817,192
1980-04-18 14:00:00,18.7,30,5.3,290,808,751,185
1980-04-18 15:00:00,19.0,30,6.0,310,684,702,168
1980-04-18 16:00:00,19.4,31,6.7,340,532,599,174
1980-04-18 17:00:00,17.7,35,5.8,30,297,301,168
1980-04-18 18:00:00,16.1,40,5.0,80,138,257,76
1980-04-18 19:00:00,14.4,44,4.1,130,24,13,22
1980-04-18 20:00:00,13.9,42,3.8,150,0,0,0
1980-04-18 21:00:00,13.3,39,3.4,180,0,0,0
1980-04-18 22:00:00,12.8,37,3.1,200,0,0,0
1980-04-18 23:00:00,11.5,43,2.9,230,0,0,0
1980-04-19 00:00:00,10.2,50,2.8,250,0,0,0
1980-04-19 01:00:00,8.9,56,2.6,280,0,0,0
1980-04-19 02:00:00,8.7,58,2.8,280,0,0,0
1980-04-19 03:00:00,8.5,59,2.9,270,0,0,0
1980-04-19 04:00:00,8.3,61,3.1,270,0,0,0
1980-04-19 05:00:00,8.9,61,2.8,270,0,0,0
1980-04-19 06:00:00,9.4,61,2.4,280,14,15,13
1980-04-19 07:00:00,10.0,61,2.1,280,123,310,60
1980-04-19 08:00:00,12.4,56,2.4,290,322,561,98
1980-04-19 09:00:00,14.8,50,2.8,310,525,690,131
1980-04-19 10:00:00,17.2,45,3.1,320,701,763,155
1980-04-19 11:00:00,18.7,42,2.9,310,795,749,182
1980-04-19 12:00:00,20.2,38,2.8,310,848,786,160
1980-04-19 13:00:00,21.7,35,2.6,300,843,757,178
1980-04-19 14:00:00,22.1,32,3.5,290,794,746,173
1980-04-19 15:00:00,22.4,30,4.3,290,673,692,162
1980-04-19 16:00:00,22.8,27,5.2,280,565,692,149
1980-04-19 17:00:00,20.8,33,4.3,230,359,575,111
1980-04-19 18:00:00,18.7,39,3.5,180,141,301,68
1980-04-19 19:00:00,16.7,45,2.6,130,29,44,24
1980-04-19 20:00:00,15.9,45,2.2,140,0,0,0
1980-04-19 21:00:00,15.2,46,1.9,150,0,0,0
1980-04-19 22:00:00,14.4,46,1.5,160,0,0,0
1980-04-19 23:00:00,12.9,52,1.0,110,0,0,0
1980-04-20 00:00:00,11.5,58,0.5,50,0,0,0
1980-04-20 01:00:00,10.0,64,0.0,0,0,0,0
1980-04-20 02:00:00,9.6,66,0.0,0,0,0,0
1980-04-20 03:00:00,9.3,69,0.0,0,0,0,0
1980-04-20 04:00:00,8.9,71,0.0,0,0,0,0
1980-04-20 05:00:00,9.5,71,0.0,0,0,0,0
1980-04-20 06:00:00,10.0,71,0.0,0,20,61,14
1980-04-20 07:00:00,10.6,71,0.0,0,145,486,44
1980-04-20 08:00:00,13.4,64,1.5,330,347,685,72
1980-04-20 09:00:00,16.1,56,3.1,290,550,764,110
1980-04-20 10:00:00,18.9,49,4.6,260,722,803,146
1980-04-20 11:00:00,20.9,42,4.4,240,845,833,161
1980-04-20 12:00:00,23.0,35,4.3,210,917,863,160
1980-04-20 13:00:00,25.0,28,4.1,190,924,867,160
1980-04-20 14:00:00,25.2,26,4.1,220,868,865,146
1980-04-20 15:00:00,25.4,24,4.1,240,755,840,133
1980-04-20 16:00:00,25.6,22,4.1,270,591,800,108
1980-04-20 17:00:00,22.8,33,3.9,230,359,644,79
1980-04-20 18:00:00,20.0,45,3.8,190,148,321,69
1980-04-20 19:00:00,17.2,56,3.6,150,25,38,21
1980-04-20 20:00:00,17.0,57,2.9,130,0,0,0
1980-04-20 21:00:00,16.9,57,2.2,100,0,0,0
1980-04-20 22:00:00,16.7,58,1.5,80,0,0,0
1980-04-20 23:00:00,16.1,62,1.5,70,0,0,0
1980-04-21 00:00:00,15.6,66,1.5,50,0,0,0
1980-04-21 01:00:00,15.0,70,1.5,40,0,0,0
1980-04-21 02:00:00,15.0,69,2.5,30,0,0,0
1980-04-21 03:00:00,15.0,68,3.6,30,0,0,0
1980-04-21 04:00:00,15.0,67,4.6,20,0,0,0
1980-04-21 05:00:00,14.8,65,4.4,20,0,0,0
1980-04-21 06:00:00,14.6,64,4.3,20,14,1,14
1980-04-21 07:00:00,14.4,62,4.1,20,64,18,60
1980-04-21 08:00:00,15.9,53,5.0,30,237,170,168
1980-04-21 09:00:00,17.4,43,5.8,30,444,464,175
1980-04-21 10:00:00,18.9,34,6.7,40,727,847,115
1980-04-21 11:00:00,19.3,32,6.2,40,849,885,119
1980-04-21 12:00:00,19.6,29,5.7,40,912,903,117
1980-04-21 13:00:00,20.0,27,5.2,40,938,931,114
1980-04-21 14:00:00,20.7,27,4.5,10,885,924,110
1980-04-21 15:00:00,21.5,27,3.8,330,761,886,102
1980-04-21 16:00:00,22.2,27,3.1,300,598,840,88
1980-04-21 17:00:00,21.1,25,2.8,300,395,739,71
1980-04-21 18:00:00,20.0,23,2.4,300,172,492,50
1980-04-21 19:00:00,18.9,21,2.1,300,35,129,22
1980-04-21 20:00:00,16.9,29,2.3,290,0,0,0
1980-04-21 21:00:00,14.8,37,2.4,290,0,0,0
1980-04-21 22:00:00,12.8,45,2.6,280,0,0,0
1980-04-21 23:00:00,12.4,45,2.6,300,0,0,0
1980-04-22 00:00:00,12.1,45,2.6,330,0,0,0
1980-04-22 01:00:00,11.7,45,2.6,350,0,0,0
1980-04-22 02:00:00,9.8,52,2.6,330,0,0,0
1980-04-22 03:00:00,8.0,58,2.6,300,0,0,0
1980-04-22 04:00:00,6.1,65,2.6,280,0,0,0
1980-04-22 05:00:00,8.1,56,3.5,300,0,0,0
1980-04-22 06:00:00,10.2,46,4.3,310,25,68,18
1980-04-22 07:00:00,12.2,37,5.2,330,150,465,49
1980-04-22 08:00:00,14.1,33,5.5,350,338,597,94
1980-04-22 09:00:00,15.9,28,5.9,360,504,656,122
1980-04-22 10:00:00,17.8,24,6.2,20,701,783,134
1980-04-22 11:00:00,18.7,24,6.5,360,684,630,163
1980-04-22 12:00:00,19.7,23,6.9,330,855,811,139
1980-04-22 13:00:00,20.6,23,7.2,310,830,740,174
1980-04-22 14:00:00,21.1,23,6.0,300,870,881,130
1980-04-22 15:00:00,21.7,22,4.8,290,714,814,107
1980-04-22 16:00:00,22.2,22,3.6,280,511,658,111
1980-04-22 17:00:00,21.1,25,3.6,270,370,559,124
1980-04-22 18:00:00,20.0,28,3.6,250,144,125,113
1980-04-22 19:00:00,18.9,31,3.6,240,16,10,15
1980-04-22 20:00:00,17.6,36,3.4,290,0,0,0
1980-04-22 21:00:00,16.3,41,3.3,330,0,0,0
1980-04-22 22:00:00,15.0,46,3.1,20,0,0,0
1980-04-22 23:00:00,14.1,42,4.3,30,0,0,0
1980-04-23 00:00:00,13.1,39,5.5,30,0,0,0
1980-04-23 01:00:00,12.2,35,6.7,40,0,0,0
1980-04-23 02:00:00,10.9,44,5.7,50,0,0,0
1980-04-23 03:00:00,9.6,54,4.6,50,0,0,0
1980-04-23 04:00:00,8.3,63,3.6,60,0,0,0
1980-04-23 05:00:00,8.5,67,2.9,360,0,0,0
1980-04-23 06:00:00,8.7,70,2.2,310,17,31,14
1980-04-23 07:00:00,8.9,74,1.5,250,143,376,59
1980-04-23 08:00:00,10.9,62,2.2,260,344,606,93
1980-04-23 09:00:00,13.0,51,2.9,260,552,735,122
1980-04-23 10:00:00,15.0,39,3.6,270,730,806,143
1980-04-23 11:00:00,16.7,36,3.9,280,851,836,156
1980-04-23 12:00:00,18.3,32,4.3,300,924,859,163
1980-04-23 13:00:00,20.0,29,4.6,310,926,857,163
1980-04-23 14:00:00,20.9,32,3.8,350,867,842,158
1980-04-23 15:00:00,21.9,34,2.9,30,747,804,146
1980-04-23 16:00:00,22.8,37,2.1,70,580,742,126
1980-04-23 17:00:00,20.8,39,2.3,100,379,634,98
1980-04-23 18:00:00,18.7,41,2.4,130,173,427,65
1980-04-23 19:00:00,16.7,43,2.6,160,33,73,26
1980-04-23 20:00:00,15.6,47,2.4,190,0,0,0
1980-04-23 21:00:00,14.4,51,2.3,230,0,0,0
1980-04-23 22:00:00,13.3,55,2.1,260,0,0,0
1980-04-23 23:00:00,12.8,58,2.3,260,0,0,0
1980-04-24 00:00:00,12.2,61,2.4,250,0,0,0
1980-04-24 01:00:00,11.7,64,2.6,250,0,0,0
1980-04-24 02:00:00,12.1,61,3.3,270,0,0,0
1980-04-24 03:00:00,12.4,58,3.9,290,0,0,0
1980-04-24 04:00:00,12.8,55,4.6,310,0,0,0
1980-04-24 05:00:00,13.0,55,4.1,320,0,0,0
1980-04-24 06:00:00,13.1,55,3.6,330,24,30,21
1980-04-24 07:00:00,13.3,55,3.1,340,147,418,53
1980-04-24 08:00:00,15.0,49,3.3,20,344,626,83
1980-04-24 09:00:00,16.6,43,3.4,50,546,754,101
1980-04-24 10:00:00,18.3,37,3.6,90,691,773,125
1980-04-24 11:00:00,19.2,36,3.9,80,792,781,141
1980-04-24 12:00:00,20.2,36,4.3,80,840,762,163
1980-04-24 13:00:00,21.1,35,4.6,70,859,735,203
1980-04-24 14:00:00,21.5,33,5.3,90,703,553,236
1980-04-24 15:00:00,21.8,31,6.0,100,584,423,267
1980-04-24 16:00:00,22.2,29,6.7,120,419,306,232
1980-04-24 17:00:00,19.8,46,6.2,130,229,217,132
1980-04-24 18:00:00,17.4,64,5.7,140,109,49,97
1980-04-24 19:00:00,15.0,81,5.2,150,15,2,15
1980-04-24 20:00:00,15.4,81,4.7,140,0,0,0
1980-04-24 21:00:00,15.7,81,4.1,140,0,0,0
1980-04-24 22:00:00,16.1,81,3.6,130,0,0,0
1980-04-24 23:00:00,15.2,84,3.4,180,0,0,0
1980-04-25 00:00:00,14.2,87,3.3,230,0,0,0
1980-04-25 01:00:00,13.3,90,3.1,280,0,0,0
1980-04-25 02:00:00,12.9,90,2.1,310,0,0,0
1980-04-25 03:00:00,12.6,90,1.0,330,0,0,0
1980-04-25 04:00:00,12.2,90,0.0,0,0,0,0
1980-04-25 05:00:00,12.8,92,0.9,30,0,0,0
1980-04-25 06:00:00,13.3,94,1.7,50,26,28,23
1980-04-25 07:00:00,13.9,96,2.6,80,72,9,70
1980-04-25 08:00:00,15.0,91,2.9,30,139,9,135
1980-04-25 09:00:00,16.1,86,3.3,350,219,2,217
1980-04-25 10:00:00,17.2,81,3.6,300,269,6,265
1980-04-25 11:00:00,18.9,67,4.6,290,560,327,287
1980-04-25 12:00:00,20.5,54,5.7,290,961,903,157
1980-04-25 13:00:00,22.2,40,6.7,280,873,862,102
1980-04-25 14:00:00,20.9,38,6.2,280,832,793,159
1980-04-25 15:00:00,19.6,35,5.7,280,721,680,210
1980-04-25 16:00:00,18.3,33,5.2,280,495,451,217
1980-04-25 17:00:00,17.6,34,5.5,290,244,242,136
1980-04-25 18:00:00,16.8,35,5.9,310,122,131,88
1980-04-25 19:00:00,16.1,36,6.2,320,30,77,22
1980-04-25 20:00:00,15.0,40,5.7,320,0,0,0
1980-04-25 21:00:00,13.9,43,5.1,330,0,0,0
1980-04-25 22:00:00,12.8,47,4.6,330,0,0,0
1980-04-25 23:00:00,12.6,48,4.1,320,0,0,0
1980-04-26 00:00:00,12.4,48,3.6,300,0,0,0
1980-04-26 01:00:00,12.2,49,3.1,290,0,0,0
1980-04-26 02:00:00,11.8,52,2.9,310,0,0,0
1980-04-26 03:00:00,11.5,56,2.8,320,0,0,0
1980-04-26 04:00:00,11.1,59,2.6,340,0,0,0
1980-04-26 05:00:00,11.3,58,2.9,350,0,0,0
1980-04-26 06:00:00,11.5,58,3.3,10,5,0,5
1980-04-26 07:00:00,11.7,57,3.6,20,65,6,63
1980-04-26 08:00:00,12.1,56,3.9,20,152,3,151
1980-04-26 09:00:00,12.4,56,4.3,30,196,0,195
1980-04-26 10:00:00,12.8,55,4.6,30,172,6,168
1980-04-26 11:00:00,11.7,66,3.6,80,317,2,315
1980-04-26 12:00:00,10.5,78,2.5,120,348,5,344
1980-04-26 13:00:00,9.4,89,1.5,170,220,5,215
1980-04-26 14:00:00,9.4,89,1.9,230,392,2,390
1980-04-26 15:00:00,9.4,89,2.2,280,361,1,360
1980-04-26 16:00:00,9.4,89,2.6,340,158,1,157
1980-04-26 17:00:00,9.6,88,3.1,340,176,1,176
1980-04-26 18:00:00,9.8,87,3.6,330,98,1,98
1980-04-26 19:00:00,10.0,86,4.1,330,17,0,17
1980-04-26 20:00:00,10.0,87,3.6,330,0,0,0
1980-04-26 21:00:00,10.0,88,3.1,330,0,0,0
1980-04-26 22:00:00,10.0,89,2.6,330,0,0,0
1980-04-26 23:00:00,10.0,89,1.7,340,0,0,0
1980-04-27 00:00:00,10.0,89,0.9,350,0,0,0
1980-04-27 01:00:00,10.0,89,0.0,0,0,0,0
1980-04-27 02:00:00,9.8,90,1.0,10,0,0,0
1980-04-27 03:00:00,9.6,92,2.1,30,0,0,0
1980-04-27 04:00:00,9.4,93,3.1,40,0,0,0
1980-04-27 05:00:00,9.6,93,3.6,50,0,0,0
1980-04-27 06:00:00,9.8,93,4.1,60,23,0,23
1980-04-27 07:00:00,10.0,93,4.6,70,50,1,50
1980-04-27 08:00:00,10.2,92,4.6,70,173,0,173
1980-04-27 09:00:00,10.4,91,4.6,80,280,1,279
1980-04-27 10:00:00,10.6,90,4.6,80,197,1,196
1980-04-27 11:00:00,11.0,91,4.4,80,383,1,383
1980-04-27 12:00:00,11.3,92,4.3,70,424,0,424
1980-04-27 13:00:00,11.7,93,4.1,70,245,1,244
1980-04-27 14:00:00,12.1,94,4.3,70,405,1,405
1980-04-27 15:00:00,12.4,95,4.4,80,343,0,343
1980-04-27 16:00:00,12.8,96,4.6,80,156,0,156
1980-04-27 17:00:00,13.0,94,4.8,80,180,0,180
1980-04-27 18:00:00,13.1,92,5.0,90,90,1,90
1980-04-27 19:00:00,13.3,90,5.2,90,15,0,15
1980-04-27 20:00:00,13.1,91,5.0,90,0,0,0
1980-04-27 21:00:00,13.0,92,4.8,90,0,0,0
1980-04-27 22:00:00,12.8,93,4.6,90,0,0,0
1980-04-27 23:00:00,12.6,92,4.8,80,0,0,0
1980-04-28 00:00:00,12.4,91,5.0,80,0,0,0
1980-04-28 01:00:00,12.2,90,5.2,70,0,0,0
1980-04-28 02:00:00,11.8,91,4.7,60,0,0,0
1980-04-28 03:00:00,11.5,92,4.1,50,0,0,0
1980-04-28 04:00:00,11.1,93,3.6,40,0,0,0
1980-04-28 05:00:00,11.3,92,3.1,40,0,0,0
1980-04-28 06:00:00,11.5,91,2.6,40,21,0,21
1980-04-28 07:00:00,11.7,90,2.1,40,82,0,82
1980-04-28 08:00:00,12.1,91,2.6,40,176,1,176
1980-04-28 09:00:00,12.4,92,3.1,50,254,1,253
1980-04-28 10:00:00,12.8,93,3.6,50,216,1,215
1980-04-28 11:00:00,13.0,93,3.8,50,383,1,382
1980-04-28 12:00:00,13.1,93,3.9,50,417,1,416
1980-04-28 13:00:00,13.3,93,4.1,50,409,0,409
1980-04-28 14:00:00,13.1,93,3.9,50,375,1,374
1980-04-28 15:00:00,13.0,93,3.8,60,346,1,345
1980-04-28 16:00:00,12.8,93,3.6,60,160,1,159
1980-04-28 17:00:00,12.6,93,3.8,40,177,0,177
1980-04-28 18:00:00,12.4,93,3.9,30,89,0,89
1980-04-28 19:00:00,12.2,93,4.1,10,18,0,18
1980-04-28 20:00:00,12.0,93,4.3,360,0,0,0
1980-04-28 21:00:00,11.9,93,4.4,360,0,0,0
1980-04-28 22:00:00,11.7,93,4.6,350,0,0,0
1980-04-28 23:00:00,11.5,93,3.6,360,0,0,0
1980-04-29 00:00:00,11.3,93,2.5,360,0,0,0
1980-04-29 01:00:00,11.1,93,1.5,10,0,0,0
1980-04-29 02:00:00,10.9,93,1.0,10,0,0,0
1980-04-29 03:00:00,10.8,93,0.5,360,0,0,0
1980-04-29 04:00:00,10.6,93,0.0,0,0,0,0
1980-04-29 05:00:00,10.8,92,0.9,360,0,0,0
1980-04-29 06:00:00,10.9,91,1.7,360,23,0,23
1980-04-29 07:00:00,11.1,90,2.6,360,84,0,84
1980-04-29 08:00:00,11.7,87,2.6,10,163,1,163
1980-04-29 09:00:00,12.2,83,2.6,30,266,1,266
1980-04-29 10:00:00,12.8,80,2.6,40,361,0,361
1980-04-29 11:00:00,14.1,76,2.8,10,396,0,396
1980-04-29 12:00:00,15.4,71,2.9,330,472,68,410
1980-04-29 13:00:00,16.7,67,3.1,300,730,373,393
1980-04-29 14:00:00,16.7,66,3.4,350,500,201,328
1980-04-29 15:00:00,16.7,66,3.8,30,703,685,182
1980-04-29 16:00:00,16.7,65,4.1,80,541,597,168
1980-04-29 17:00:00,15.8,67,4.5,80,366,518,129
1980-04-29 18:00:00,14.8,70,4.8,90,176,336,86
1980-04-29 19:00:00,13.9,72,5.2,90,26,38,22
1980-04-29 20:00:00,13.7,74,5.2,90,0,0,0
1980-04-29 21:00:00,13.5,76,5.2,100,0,0,0
1980-04-29 22:00:00,13.3,78,5.2,100,0,0,0
1980-04-29 23:00:00,12.9,82,5.0,90,0,0,0
1980-04-30 00:00:00,12.6,86,4.8,80,0,0,0
1980-04-30 01:00:00,12.2,90,4.6,70,0,0,0
1980-04-30 02:00:00,12.0,89,5.1,70,0,0,0
1980-04-30 03:00:00,11.9,87,5.7,70,0,0,0
1980-04-30 04:00:00,11.7,86,6.2,70,0,0,0
1980-04-30 05:00:00,11.5,87,5.5,70,0,0,0
1980-04-30 06:00:00,11.3,89,4.8,80,14,0,14
1980-04-30 07:00:00,11.1,90,4.1,80,55,0,54
1980-04-30 08:00:00,11.3,90,4.1,80,139,8,136
1980-04-30 09:00:00,11.5,90,4.1,70,240,1,240
1980-04-30 10:00:00,11.7,90,4.1,70,275,10,268
1980-04-30 11:00:00,11.9,89,4.5,70,335,0,335
1980-04-30 12:00:00,12.0,87,4.8,70,390,6,384
1980-04-30 13:00:00,12.2,86,5.2,70,383,5,379
1980-04-30 14:00:00,12.2,86,5.0,70,364,1,362
1980-04-30 15:00:00,12.2,86,4.8,60,361,1,361
1980-04-30 16:00:00,12.2,86,4.6,60,284,1,283
1980-04-30 17:00:00,12.4,85,4.4,50,183,1,182
1980-04-30 18:00:00,12.6,84,4.3,40,101,0,101
1980-04-30 19:00:00,12.8,83,4.1,30,16,0,16
1980-04-30 20:00:00,12.4,85,3.9,20,0,0,0
1980-04-30 21:00:00,12.1,88,3.8,20,0,0,0
1980-04-30 22:00:00,11.4,90,3.6,10,0,0,0
1980-04-30 23:00:00,10.7,89,3.5,350,0,0,0
1980-05-01 00:00:00,10.0,87,3.3,340,0,0,0
1987-05-01 01:00:00,9.3,41,3.1,360,0,0,0
1987-05-01 02:00:00,8.6,43,2.9,170,0,0,0
1987-05-01 03:00:00,7.9,58,2.8,190,0,0,0
1987-05-01 04:00:00,7.2,56,2.6,270,0,0,0
1987-05-01 05:00:00,6.1,68,2.1,130,0,0,0
1987-05-01 06:00:00,7.8,56,1.5,350,35,67,28
1987-05-01 07:00:00,9.4,54,2.6,260,171,439,62
1987-05-01 08:00:00,11.7,40,3.1,280,258,298,128
1987-05-01 09:00:00,13.9,39,3.6,250,551,738,103
1987-05-01 10:00:00,15.6,32,4.1,290,702,764,129
1987-05-01 11:00:00,16.7,27,4.1,300,777,684,196
1987-05-01 12:00:00,18.3,28,5.7,290,946,879,153
1987-05-01 13:00:00,18.9,31,3.6,270,884,805,154
1987-05-01 14:00:00,20.0,29,5.2,270,817,752,171
1987-05-01 15:00:00,20.6,28,8.8,270,710,705,172
1987-05-01 16:00:00,20.6,30,5.2,240,502,529,170
1987-05-01 17:00:00,21.1,29,4.6,310,395,630,106
1987-05-01 18:00:00,20.0,32,3.1,270,148,214,90
1987-05-01 19:00:00,16.1,48,3.1,130,39,123,27
1987-05-01 20:00:00,15.0,50,4.1,170,0,0,0
1987-05-01 21:00:00,13.3,55,1.5,200,0,0,0
1987-05-01 22:00:00,13.3,60,2.1,220,0,0,0
1987-05-01 23:00:00,13.3,57,1.5,210,0,0,0
1987-05-02 00:00:00,13.9,60,0.0,0,0,0,0
1987-05-02 01:00:00,12.2,72,0.0,0,0,0,0
1987-05-02 02:00:00,11.7,72,0.0,0,0,0,0
1987-05-02 03:00:00,11.7,72,1.5,330,0,0,0
1987-05-02 04:00:00,9.4,83,1.5,160,0,0,0
1987-05-02 05:00:00,10.6,77,1.5,270,0,0,0
1987-05-02 06:00:00,10.0,83,2.6,270,16,3,16
1987-05-02 07:00:00,12.8,75,0.0,0,34,4,33
1987-05-02 08:00:00,14.4,65,2.6,10,134,8,131
1987-05-02 09:00:00,15.6,62,3.1,10,232,5,229
1987-05-02 10:00:00,18.3,50,3.6,20,336,46,302
1987-05-02 11:00:00,18.9,45,4.6,350,390,7,385
1987-05-02 12:00:00,15.6,72,4.1,20,220,5,215
1987-05-02 13:00:00,16.1,65,4.1,40,367,12,357
1987-05-02 14:00:00,17.8,54,3.1,100,502,173,354
1987-05-02 15:00:00,18.3,54,4.1,60,399,156,279
1987-05-02 16:00:00,17.8,56,3.6,70,378,170,271
1987-05-02 17:00:00,18.3,52,4.1,80,324,262,203
1987-05-02 18:00:00,17.8,54,3.1,40,143,65,125
1987-05-02 19:00:00,16.7,58,4.6,80,21,2,20
1987-05-02 20:00:00,15.0,72,3.1,60,0,0,0
1987-05-02 21:00:00,15.0,78,2.1,80,0,0,0
1987-05-02 22:00:00,14.4,81,2.6,10,0,0,0
1987-05-02 23:00:00,13.9,87,2.1,30,0,0,0
1987-05-03 00:00:00,13.3,90,2.6,50,0,0,0
1987-05-03 01:00:00,12.8,93,2.6,40,0,0,0
1987-05-03 02:00:00,13.3,90,2.1,20,0,0,0
1987-05-03 03:00:00,12.8,90,2.1,40,0,0,0
1987-05-03 04:00:00,13.3,90,1.5,110,0,0,0
1987-05-03 05:00:00,12.8,97,3.1,100,0,0,0
1987-05-03 06:00:00,12.8,97,2.1,10,21,7,20
1987-05-03 07:00:00,14.4,93,2.1,30,52,5,51
1987-05-03 08:00:00,15.0,90,3.6,40,250,65,221
1987-05-03 09:00:00,16.7,81,4.1,70,450,427,187
1987-05-03 10:00:00,17.8,75,4.1,50,708,667,205
1987-05-03 11:00:00,18.3,76,4.1,50,801,665,234
1987-05-03 12:00:00,20.0,71,4.1,90,920,819,176
1987-05-03 13:00:00,21.7,59,2.6,160,922,819,177
1987-05-03 14:00:00,23.3,60,3.6,120,814,693,216
1987-05-03 15:00:00,23.3,56,4.1,120,459,175,325
1987-05-03 16:00:00,22.8,57,1.5,200,278,28,261
1987-05-03 17:00:00,22.2,62,4.6,70,151,3,150
1987-05-03 18:00:00,19.4,73,6.7,40,42,8,40
1987-05-03 19:00:00,15.0,72,5.2,40,12,1,12
1987-05-03 20:00:00,11.7,90,5.7,50,0,0,0
1987-05-03 21:00:00,11.1,93,4.6,60,0,0,0
1987-05-03 22:00:00,11.1,90,5.7,40,0,0,0
1987-05-03 23:00:00,10.6,93,5.2,60,0,0,0
1987-05-04 00:00:00,10.0,93,4.6,50,0,0,0
1987-05-04 01:00:00,9.4,96,4.6,50,0,0,0
1987-05-04 02:00:00,9.4,96,4.1,40,0,0,0
1987-05-04 03:00:00,9.4,96,5.2,40,0,0,0
1987-05-04 04:00:00,9.4,96,5.2,40,0,0,0
1987-05-04 05:00:00,9.4,93,6.7,70,0,0,0
1987-05-04 06:00:00,9.4,96,4.1,60,14,0,14
1987-05-04 07:00:00,8.3,93,7.2,50,40,4,39
1987-05-04 08:00:00,8.3,96,3.6,50,106,2,105
1987-05-04 09:00:00,8.9,93,6.7,40,142,2,141
1987-05-04 10:00:00,8.9,93,6.7,50,196,2,194
1987-05-04 11:00:00,8.9,93,4.6,40,259,0,258
1987-05-04 12:00:00,8.9,89,3.1,40,268,1,267
1987-05-04 13:00:00,8.9,93,5.2,30,245,2,243
1987-05-04 14:00:00,10.6,86,5.2,50,241,2,240
1987-05-04 15:00:00,10.6,80,5.7,50,331,1,331
1987-05-04 16:00:00,10.6,77,6.7,40,307,1,306
1987-05-04 17:00:00,10.0,77,5.2,30,179,1,179
1987-05-04 18:00:00,10.0,74,3.6,40,105,0,105
1987-05-04 19:00:00,10.0,71,5.7,30,31,0,31
1987-05-04 20:00:00,9.4,77,5.2,40,0,0,0
1987-05-04 21:00:00,8.9,74,4.1,40,0,0,0
1987-05-04 22:00:00,8.3,74,3.6,40,0,0,0
1987-05-04 23:00:00,7.8,77,3.6,50,0,0,0
1987-05-05 00:00:00,6.7,83,3.1,350,0,0,0
1987-05-05 01:00:00,7.2,80,4.1,340,0,0,0
1987-05-05 02:00:00,6.7,83,3.6,330,0,0,0
1987-05-05 03:00:00,4.4,93,2.6,280,0,0,0
1987-05-05 04:00:00,5.6,89,4.6,310,0,0,0
1987-05-05 05:00:00,5.0,89,4.6,300,0,0,0
1987-05-05 06:00:00,6.7,83,5.2,310,29,16,27
1987-05-05 07:00:00,8.3,74,3.6,330,108,44,97
1987-05-05 08:00:00,11.7,62,4.6,350,354,474,141
1987-05-05 09:00:00,13.3,53,4.6,350,540,498,231
1987-05-05 10:00:00,14.4,48,4.1,20,576,392,278
1987-05-05 11:00:00,13.9,47,4.6,320,724,516,281
1987-05-05 12:00:00,15.0,44,5.7,310,371,18,354
1987-05-05 13:00:00,15.0,44,5.7,310,269,4,266
1987-05-05 14:00:00,15.6,41,5.2,320,278,9,270
1987-05-05 15:00:00,15.6,43,4.1,310,326,10,318
1987-05-05 16:00:00,16.7,43,4.1,340,234,6,230
1987-05-05 17:00:00,17.2,40,2.1,360,289,229,181
1987-05-05 18:00:00,16.7,40,1.5,290,177,352,78
1987-05-05 19:00:00,13.9,51,2.6,200,34,61,27
1987-05-05 20:00:00,11.7,62,2.1,180,0,0,0
1987-05-05 21:00:00,11.7,62,1.5,190,0,0,0
1987-05-05 22:00:00,10.6,80,4.6,40,0,0,0
1987-05-05 23:00:00,10.0,80,3.6,40,0,0,0
1987-05-06 00:00:00,9.4,80,2.6,80,0,0,0
1987-05-06 01:00:00,7.8,86,2.6,230,0,0,0
1987-05-06 02:00:00,6.1,93,2.6,240,0,0,0
1987-05-06 03:00:00,5.6,96,3.6,260,0,0,0
1987-05-06 04:00:00,6.1,93,3.6,270,0,0,0
1987-05-06 05:00:00,5.6,96,3.6,260,0,0,0
1987-05-06 06:00:00,7.2,89,3.1,250,37,101,27
1987-05-06 07:00:00,10.0,77,3.1,260,186,459,64
1987-05-06 08:00:00,13.3,57,4.1,250,388,645,95
1987-05-06 09:00:00,15.6,48,4.1,260,562,697,128
1987-05-06 10:00:00,17.8,38,5.2,280,762,818,140
1987-05-06 11:00:00,19.4,33,5.2,280,884,850,152
1987-05-06 12:00:00,20.6,31,5.2,290,948,845,176
1987-05-06 13:00:00,21.7,29,4.1,290,958,813,213
1987-05-06 14:00:00,22.2,29,6.2,290,837,741,193
1987-05-06 15:00:00,22.8,27,6.2,260,735,694,198
1987-05-06 16:00:00,23.9,24,5.7,270,602,694,158
1987-05-06 17:00:00,23.3,25,6.7,250,392,565,125
1987-05-06 18:00:00,22.8,27,4.1,250,180,285,98
1987-05-06 19:00:00,20.0,33,3.6,230,44,48,39
1987-05-06 20:00:00,16.1,48,3.6,210,0,0,0
1987-05-06 21:00:00,16.7,45,3.1,250,0,0,0
1987-05-06 22:00:00,14.4,56,3.1,240,0,0,0
1987-05-06 23:00:00,14.4,53,3.1,260,0,0,0
1987-05-07 00:00:00,13.3,60,2.6,260,0,0,0
1987-05-07 01:00:00,12.8,62,2.6,280,0,0,0
1987-05-07 02:00:00,11.7,66,2.6,280,0,0,0
1987-05-07 03:00:00,11.7,64,2.6,280,0,0,0
1987-05-07 04:00:00,11.1,66,2.6,270,0,0,0
1987-05-07 05:00:00,10.0,71,3.1,280,0,0,0
1987-05-07 06:00:00,10.0,74,3.1,270,42,107,31
1987-05-07 07:00:00,14.4,56,3.1,270,182,403,74
1987-05-07 08:00:00,17.8,47,4.1,270,361,538,115
1987-05-07 09:00:00,21.1,36,4.6,280,566,661,153
1987-05-07 10:00:00,22.8,33,6.2,270,717,770,129
1987-05-07 11:00:00,23.3,31,5.7,270,892,887,127
1987-05-07 12:00:00,23.9,28,4.6,270,922,864,131
1987-05-07 13:00:00,24.4,28,4.6,300,963,905,132
1987-05-07 14:00:00,25.0,26,3.1,280,903,891,128
1987-05-07 15:00:00,25.6,28,4.6,270,787,862,118
1987-05-07 16:00:00,25.6,28,5.2,290,595,767,103
1987-05-07 17:00:00,25.0,29,3.6,320,328,369,153
1987-05-07 18:00:00,23.3,32,6.7,320,192,363,88
1987-05-07 19:00:00,21.1,38,6.2,340,46,122,33
1987-05-07 20:00:00,20.0,39,4.1,360,0,0,0
1987-05-07 21:00:00,19.4,36,4.1,310,0,0,0
1987-05-07 22:00:00,17.8,38,3.6,360,0,0,0
1987-05-07 23:00:00,16.7,46,4.1,350,0,0,0
1987-05-08 00:00:00,16.7,46,4.1,340,0,0,0
1987-05-08 01:00:00,15.6,52,3.6,350,0,0,0
1987-05-08 02:00:00,15.0,58,5.2,340,0,0,0
1987-05-08 03:00:00,14.4,58,3.6,360,0,0,0
1987-05-08 04:00:00,13.3,69,2.1,350,0,0,0
1987-05-08 05:00:00,11.7,83,4.1,70,0,0,0
1987-05-08 06:00:00,11.7,86,3.6,20,13,8,12
1987-05-08 07:00:00,12.2,83,3.6,350,178,356,82
1987-05-08 08:00:00,15.0,60,3.6,50,364,574,101
1987-05-08 09:00:00,16.7,56,3.1,50,573,734,112
1987-05-08 10:00:00,17.8,38,3.6,20,724,739,158
1987-05-08 11:00:00,18.9,33,6.7,340,799,708,186
1987-05-08 12:00:00,19.4,32,5.2,330,904,774,194
1987-05-08 13:00:00,18.3,30,4.1,330,941,807,198
1987-05-08 14:00:00,18.9,28,6.2,320,658,457,259
1987-05-08 15:00:00,21.1,27,5.2,240,689,582,236
1987-05-08 16:00:00,20.6,23,6.7,290,617,754,133
1987-05-08 17:00:00,20.6,22,6.2,300,400,601,113
1987-05-08 18:00:00,20.0,21,5.2,290,203,454,72
1987-05-08 19:00:00,18.3,23,4.1,280,47,178,30
1987-05-08 20:00:00,16.1,29,3.1,270,0,0,0
1987-05-08 21:00:00,13.3,40,2.6,270,0,0,0
1987-05-08 22:00:00,11.1,51,3.1,270,0,0,0
1987-05-08 23:00:00,10.6,50,3.6,270,0,0,0
1987-05-09 00:00:00,9.4,54,3.6,270,0,0,0
1987-05-09 01:00:00,9.4,52,3.6,270,0,0,0
1987-05-09 02:00:00,8.9,54,3.6,280,0,0,0
1987-05-09 03:00:00,8.9,54,4.1,270,0,0,0
1987-05-09 04:00:00,7.2,63,4.1,270,0,0,0
1987-05-09 05:00:00,7.2,63,4.1,270,0,0,0
1987-05-09 06:00:00,8.3,63,4.1,270,45,216,24
1987-05-09 07:00:00,12.8,53,3.1,270,211,588,49
1987-05-09 08:00:00,16.7,43,3.6,260,420,757,71
1987-05-09 09:00:00,19.4,30,3.6,270,617,840,89
1987-05-09 10:00:00,20.6,28,4.6,260,784,849,132
1987-05-09 11:00:00,22.2,28,7.2,270,898,889,128
1987-05-09 12:00:00,22.8,28,4.6,260,965,922,118
1987-05-09 13:00:00,23.3,27,4.6,220,891,853,106
1987-05-09 14:00:00,24.4,25,4.6,290,899,898,114
1987-05-09 15:00:00,25.0,26,6.2,270,791,879,106
1987-05-09 16:00:00,25.0,25,5.7,270,635,842,93
1987-05-09 17:00:00,25.6,25,5.2,250,435,744,79
1987-05-09 18:00:00,24.4,28,4.6,220,228,599,53
1987-05-09 19:00:00,21.1,36,3.6,190,54,269,27
1987-05-09 20:00:00,18.9,40,3.6,200,2,1,1
1987-05-09 21:00:00,18.3,42,2.6,230,0,0,0
1987-05-09 22:00:00,16.7,46,2.1,160,0,0,0
1987-05-09 23:00:00,15.0,54,3.1,220,0,0,0
1987-05-10 00:00:00,14.4,58,3.6,230,0,0,0
1987-05-10 01:00:00,13.3,64,3.1,270,0,0,0
1987-05-10 02:00:00,12.8,67,3.1,270,0,0,0
1987-05-10 03:00:00,11.7,69,3.1,260,0,0,0
1987-05-10 04:00:00,11.7,69,3.6,280,0,0,0
1987-05-10 05:00:00,11.7,69,3.6,270,0,0,0
1987-05-10 06:00:00,12.2,69,3.1,270,48,240,24
1987-05-10 07:00:00,15.6,60,3.6,250,215,601,48
1987-05-10 08:00:00,20.6,46,5.2,270,421,760,68
1987-05-10 09:00:00,24.4,35,6.2,260,570,772,83
1987-05-10 10:00:00,25.6,32,5.7,280,687,731,123
1987-05-10 11:00:00,27.2,33,5.2,270,790,781,111
1987-05-10 12:00:00,28.3,31,6.7,240,952,909,114
1987-05-10 13:00:00,28.9,30,5.2,270,952,912,110
1987-05-10 14:00:00,30.0,27,7.7,310,903,909,107
1987-05-10 15:00:00,30.0,28,6.7,250,742,842,84
1987-05-10 16:00:00,30.0,26,5.2,290,607,792,95
1987-05-10 17:00:00,30.0,25,6.2,260,437,764,70
1987-05-10 18:00:00,28.9,28,4.6,240,231,612,50
1987-05-10 19:00:00,25.0,39,4.1,210,56,284,26
1987-05-10 20:00:00,22.8,45,4.1,220,2,2,1
1987-05-10 21:00:00,22.2,44,3.1,210,0,0,0
1987-05-10 22:00:00,21.1,47,2.6,240,0,0,0
1987-05-10 23:00:00,19.4,55,3.1,240,0,0,0
1987-05-11 00:00:00,18.9,57,3.6,260,0,0,0
1987-05-11 01:00:00,18.3,56,3.1,260,0,0,0
1987-05-11 02:00:00,17.2,63,3.6,260,0,0,0
1987-05-11 03:00:00,16.7,65,3.6,270,0,0,0
1987-05-11 04:00:00,15.6,70,3.1,270,0,0,0
1987-05-11 05:00:00,15.0,72,1.5,280,0,0,0
1987-05-11 06:00:00,14.4,78,3.1,250,38,79,30
1987-05-11 07:00:00,18.9,63,3.1,270,188,401,76
1987-05-11 08:00:00,23.3,48,1.5,270,388,583,116
1987-05-11 09:00:00,26.1,45,2.6,280,585,689,147
1987-05-11 10:00:00,28.9,32,2.6,250,758,767,166
1987-05-11 11:00:00,30.0,29,3.6,250,878,801,180
1987-05-11 12:00:00,30.6,27,5.7,270,902,782,180
1987-05-11 13:00:00,31.1,25,5.2,220,892,779,171
1987-05-11 14:00:00,31.1,24,7.2,240,837,765,166
1987-05-11 15:00:00,31.1,24,5.7,300,730,631,235
1987-05-11 16:00:00,31.1,24,4.6,280,572,668,138
1987-05-11 17:00:00,30.0,27,4.1,230,390,542,129
1987-05-11 18:00:00,28.3,34,4.1,150,207,429,80
1987-05-11 19:00:00,24.4,52,3.6,150,47,102,36
1987-05-11 20:00:00,22.2,62,3.6,160,1,0,1
1987-05-11 21:00:00,20.6,68,3.1,190,0,0,0
1987-05-11 22:00:00,21.7,57,4.6,210,0,0,0
1987-05-11 23:00:00,21.1,59,4.1,200,0,0,0
1987-05-12 00:00:00,21.7,55,4.6,200,0,0,0
1987-05-12 01:00:00,21.1,55,5.2,210,0,0,0
1987-05-12 02:00:00,20.0,59,3.6,220,0,0,0
1987-05-12 03:00:00,20.0,59,4.6,220,0,0,0
1987-05-12 04:00:00,18.9,63,4.1,230,0,0,0
1987-05-12 05:00:00,19.4,61,3.6,230,0,0,0
1987-05-12 06:00:00,19.4,63,3.6,230,22,18,20
1987-05-12 07:00:00,20.0,63,4.1,230,196,452,68
1987-05-12 08:00:00,22.8,55,4.1,210,384,507,146
1987-05-12 09:00:00,24.4,52,4.6,210,557,675,127
1987-05-12 10:00:00,27.2,46,4.6,260,758,788,148
1987-05-12 11:00:00,28.9,40,5.7,280,841,774,166
1987-05-12 12:00:00,29.4,39,6.2,290,899,718,235
1987-05-12 13:00:00,30.0,37,6.7,240,833,725,161
1987-05-12 14:00:00,31.1,35,6.2,240,825,717,195
1987-05-12 15:00:00,30.6,34,6.2,270,485,196,331
1987-05-12 16:00:00,22.2,66,7.2,350,119,7,114
1987-05-12 17:00:00,22.2,69,3.1,170,205,1,205
1987-05-12 18:00:00,21.1,81,2.6,150,43,5,42
1987-05-12 19:00:00,20.0,87,3.1,90,30,2,30
1987-05-12 20:00:00,20.0,87,4.6,20,1,0,1
1987-05-12 21:00:00,20.0,68,4.6,30,0,0,0
1987-05-12 22:00:00,19.4,61,4.1,50,0,0,0
1987-05-12 23:00:00,18.9,51,4.1,40,0,0,0
1987-05-13 00:00:00,18.3,47,5.2,50,0,0,0
1987-05-13 01:00:00,17.2,45,5.7,40,0,0,0
1987-05-13 02:00:00,16.1,43,6.2,30,0,0,0
1987-05-13 03:00:00,15.0,46,3.1,30,0,0,0
1987-05-13 04:00:00,15.0,48,4.6,30,0,0,0
1987-05-13 05:00:00,15.0,48,4.6,40,0,0,0
1987-05-13 06:00:00,15.0,48,3.6,30,31,23,29
1987-05-13 07:00:00,15.6,50,4.1,50,142,133,104
1987-05-13 08:00:00,16.1,54,6.2,60,393,684,71
1987-05-13 09:00:00,17.8,54,6.7,60,467,482,159
1987-05-13 10:00:00,17.8,48,7.7,90,709,782,103
1987-05-13 11:00:00,18.3,43,7.2,90,909,912,112
1987-05-13 12:00:00,19.4,44,6.7,100,966,910,124
1987-05-13 13:00:00,19.4,40,7.2,70,972,922,116
1987-05-13 14:00:00,19.4,44,7.2,80,906,902,112
1987-05-13 15:00:00,20.0,41,6.2,70,736,827,85
1987-05-13 16:00:00,19.4,45,4.6,80,604,807,78
1987-05-13 17:00:00,18.3,49,5.7,100,432,704,89
1987-05-13 18:00:00,16.7,52,4.6,100,91,41,79
1987-05-13 19:00:00,15.6,50,5.7,110,28,4,28
1987-05-13 20:00:00,14.4,53,4.6,110,0,0,0
1987-05-13 21:00:00,14.4,53,5.2,110,0,0,0
1987-05-13 22:00:00,13.3,45,5.2,110,0,0,0
1987-05-13 23:00:00,12.2,49,3.6,80,0,0,0
1987-05-14 00:00:00,11.1,55,2.1,50,0,0,0
1987-05-14 01:00:00,11.1,55,0.0,0,0,0,0
1987-05-14 02:00:00,10.0,61,2.1,80,0,0,0
1987-05-14 03:00:00,11.1,61,2.1,80,0,0,0
1987-05-14 04:00:00,11.7,64,3.1,80,0,0,0
1987-05-14 05:00:00,11.7,69,3.6,80,0,0,0
1987-05-14 06:00:00,11.7,72,3.1,90,22,0,22
1987-05-14 07:00:00,12.2,75,3.6,70,85,3,85
1987-05-14 08:00:00,12.8,77,4.1,100,171,4,169
1987-05-14 09:00:00,12.8,80,5.2,90,237,1,237
1987-05-14 10:00:00,13.9,78,2.1,160,309,4,306
1987-05-14 11:00:00,15.0,75,2.6,80,365,2,363
1987-05-14 12:00:00,17.2,70,2.6,110,391,0,391
1987-05-14 13:00:00,18.3,68,2.6,210,443,0,443
1987-05-14 14:00:00,19.4,68,4.6,200,428,0,427
1987-05-14 15:00:00,19.4,68,4.1,180,385,0,384
1987-05-14 16:00:00,19.4,70,4.1,180,270,1,270
1987-05-14 17:00:00,18.9,73,4.1,160,200,1,200
1987-05-14 18:00:00,18.9,73,4.1,170,105,0,105
1987-05-14 19:00:00,17.8,78,3.1,170,42,0,42
1987-05-14 20:00:00,17.8,78,3.6,180,2,0,2
1987-05-14 21:00:00,17.8,81,3.6,190,0,0,0
1987-05-14 22:00:00,17.8,81,3.6,190,0,0,0
1987-05-14 23:00:00,17.2,84,3.6,180,0,0,0
1987-05-15 00:00:00,17.2,87,3.6,180,0,0,0
1987-05-15 01:00:00,16.1,93,3.1,190,0,0,0
1987-05-15 02:00:00,15.6,93,3.1,180,0,0,0
1987-05-15 03:00:00,15.6,93,2.1,160,0,0,0
1987-05-15 04:00:00,15.0,97,2.6,170,0,0,0
1987-05-15 05:00:00,16.1,97,0.0,0,1,0,1
1987-05-15 06:00:00,16.1,97,2.1,260,20,0,20
1987-05-15 07:00:00,16.7,97,2.6,160,61,0,61
1987-05-15 08:00:00,17.2,97,3.6,200,113,0,113
1987-05-15 09:00:00,17.8,93,4.1,220,158,0,158
1987-05-15 10:00:00,17.8,97,4.6,230,348,1,347
1987-05-15 11:00:00,19.4,90,4.1,240,395,0,394
1987-05-15 12:00:00,20.0,87,4.1,230,470,1,469
1987-05-15 13:00:00,21.7,81,3.1,280,445,1,444
1987-05-15 14:00:00,23.9,74,3.6,260,534,129,420
1987-05-15 15:00:00,25.6,62,3.1,260,691,597,220
1987-05-15 16:00:00,25.6,62,4.1,250,511,464,206
1987-05-15 17:00:00,23.9,74,4.6,230,319,312,165
1987-05-15 18:00:00,22.8,69,5.2,60,160,237,87
1987-05-15 19:00:00,20.0,81,3.1,90,52,110,39
1987-05-15 20:00:00,20.6,63,5.2,20,0,0,0
1987-05-15 21:00:00,19.4,42,4.1,10,0,0,0
1987-05-15 22:00:00,17.8,43,4.1,20,0,0,0
1987-05-15 23:00:00,16.7,45,3.6,40,0,0,0
1987-05-16 00:00:00,15.6,43,4.1,40,0,0,0
1987-05-16 01:00:00,13.9,49,3.1,30,0,0,0
1987-05-16 02:00:00,13.3,49,5.7,30,0,0,0
1987-05-16 03:00:00,11.7,55,4.1,30,0,0,0
1987-05-16 04:00:00,11.7,55,5.7,20,0,0,0
1987-05-16 05:00:00,10.0,64,3.1,10,2,2,1
1987-05-16 06:00:00,11.7,59,2.6,10,55,278,26
1987-05-16 07:00:00,13.3,55,4.1,30,229,611,50
1987-05-16 08:00:00,15.0,46,4.6,60,438,769,71
1987-05-16 09:00:00,15.6,43,5.2,70,634,846,89
1987-05-16 10:00:00,16.1,43,4.6,80,796,889,101
1987-05-16 11:00:00,17.8,34,2.6,80,921,924,109
1987-05-16 12:00:00,18.9,33,4.6,70,984,935,113
1987-05-16 13:00:00,19.4,32,3.6,170,987,936,113
1987-05-16 14:00:00,20.6,32,3.1,130,927,923,110
1987-05-16 15:00:00,21.1,34,4.1,150,813,898,102
1987-05-16 16:00:00,21.7,31,2.1,180,652,853,90
1987-05-16 17:00:00,21.7,34,3.6,220,456,776,73
1987-05-16 18:00:00,20.6,38,3.1,200,249,633,52
1987-05-16 19:00:00,16.7,50,4.1,160,68,321,30
1987-05-16 20:00:00,13.9,58,2.6,180,3,9,2
1987-05-16 21:00:00,13.9,55,1.5,220,0,0,0
1987-05-16 22:00:00,12.8,64,1.5,220,0,0,0
1987-05-16 23:00:00,10.6,83,3.6,200,0,0,0
1987-05-17 00:00:00,11.1,80,2.1,180,0,0,0
1987-05-17 01:00:00,11.1,83,2.1,210,0,0,0
1987-05-17 02:00:00,10.6,90,2.6,220,0,0,0
1987-05-17 03:00:00,10.0,93,2.6,210,0,0,0
1987-05-17 04:00:00,10.6,93,2.1,230,0,0,0
1987-05-17 05:00:00,10.0,96,1.5,270,1,1,1
1987-05-17 06:00:00,10.6,96,2.1,200,52,196,31
1987-05-17 07:00:00,13.9,87,3.1,240,220,540,61
1987-05-17 08:00:00,17.2,70,3.6,240,424,702,87
1987-05-17 09:00:00,20.0,61,3.1,280,618,788,109
1987-05-17 10:00:00,22.8,53,3.1,270,777,830,127
1987-05-17 11:00:00,25.0,45,2.6,310,893,851,145
1987-05-17 12:00:00,26.7,35,2.1,230,960,870,150
1987-05-17 13:00:00,28.9,29,3.6,230,965,880,143
1987-05-17 14:00:00,28.9,28,3.1,220,913,878,134
1987-05-17 15:00:00,29.4,28,5.2,240,798,848,125
1987-05-17 16:00:00,30.0,26,4.6,240,640,803,110
1987-05-17 17:00:00,30.0,27,4.6,260,446,719,89
1987-05-17 18:00:00,28.9,32,3.1,260,239,563,64
1987-05-17 19:00:00,25.0,47,3.1,180,64,244,34
1987-05-17 20:00:00,22.8,52,3.1,200,3,4,2
1987-05-17 21:00:00,21.7,57,3.1,200,0,0,0
1987-05-17 22:00:00,20.6,61,2.6,210,0,0,0
1987-05-17 23:00:00,20.0,68,3.1,220,0,0,0
1987-05-18 00:00:00,19.4,70,2.6,280,0,0,0
1987-05-18 01:00:00,19.4,73,2.6,240,0,0,0
1987-05-18 02:00:00,18.9,76,2.1,280,0,0,0
1987-05-18 03:00:00,16.1,87,3.1,270,0,0,0
1987-05-18 04:00:00,15.6,90,2.1,270,0,0,0
1987-05-18 05:00:00,15.0,87,2.6,260,1,2,1
1987-05-18 06:00:00,16.7,84,3.1,270,54,207,31
1987-05-18 07:00:00,20.0,71,3.6,260,222,538,62
1987-05-18 08:00:00,24.4,52,3.6,270,424,700,88
1987-05-18 09:00:00,27.8,41,3.6,280,619,787,109
1987-05-18 10:00:00,30.0,36,3.6,260,782,839,124
1987-05-18 11:00:00,31.1,35,4.1,320,894,858,137
1987-05-18 12:00:00,32.2,33,4.6,260,955,854,158
1987-05-18 13:00:00,32.8,29,2.1,220,960,857,158
1987-05-18 14:00:00,33.3,28,4.1,290,832,791,129
1987-05-18 15:00:00,32.8,30,5.2,270,742,750,146
1987-05-18 16:00:00,31.7,32,5.2,270,400,93,338
1987-05-18 17:00:00,25.6,60,6.7,320,133,6,130
1987-05-18 18:00:00,25.6,52,1.5,130,107,7,105
1987-05-18 19:00:00,24.4,58,4.1,270,38,9,37
1987-05-18 20:00:00,23.3,62,2.6,260,0,0,0
1987-05-18 21:00:00,23.3,64,7.7,310,0,0,0
1987-05-18 22:00:00,22.2,71,5.7,270,0,0,0
1987-05-18 23:00:00,20.0,90,3.1,340,0,0,0
1987-05-19 00:00:00,19.4,97,3.1,90,0,0,0
1987-05-19 01:00:00,18.9,97,2.6,70,0,0,0
1987-05-19 02:00:00,19.4,93,3.6,90,0,0,0
1987-05-19 03:00:00,17.2,93,4.6,70,0,0,0
1987-05-19 04:00:00,15.6,90,4.6,70,0,0,0
1987-05-19 05:00:00,15.0,90,5.2,70,0,0,0
1987-05-19 06:00:00,15.0,90,4.1,30,29,3,29
1987-05-19 07:00:00,14.4,90,4.6,70,56,1,56
1987-05-19 08:00:00,13.9,93,5.7,70,148,1,147
1987-05-19 09:00:00,13.3,90,6.2,60,160,8,155
1987-05-19 10:00:00,13.3,93,5.7,50,180,2,178
1987-05-19 11:00:00,13.3,90,6.2,60,382,3,379
1987-05-19 12:00:00,13.3,90,5.7,50,416,3,413
1987-05-19 13:00:00,13.3,90,5.7,70,458,1,456
1987-05-19 14:00:00,13.3,90,6.2,60,443,0,443
1987-05-19 15:00:00,13.3,90,6.2,70,377,1,376
1987-05-19 16:00:00,12.8,93,5.2,70,170,0,170
1987-05-19 17:00:00,12.8,90,6.2,70,121,1,120
1987-05-19 18:00:00,11.7,96,4.6,70,70,0,70
1987-05-19 19:00:00,11.7,93,6.7,80,28,0,28
1987-05-19 20:00:00,11.1,96,5.2,70,2,0,2
1987-05-19 21:00:00,11.1,100,4.6,60,0,0,0
1987-05-19 22:00:00,11.1,96,4.6,70,0,0,0
1987-05-19 23:00:00,10.6,96,3.6,60,0,0,0
1987-05-20 00:00:00,10.0,96,5.2,70,0,0,0
1987-05-20 01:00:00,10.0,96,3.1,40,0,0,0
1987-05-20 02:00:00,9.4,100,4.6,30,0,0,0
1987-05-20 03:00:00,10.0,100,3.6,40,0,0,0
1987-05-20 04:00:00,10.6,100,3.6,50,0,0,0
1987-05-20 05:00:00,11.1,96,4.1,60,1,0,1
1987-05-20 06:00:00,11.7,96,5.2,60,22,0,22
1987-05-20 07:00:00,11.7,96,4.1,60,59,0,59
1987-05-20 08:00:00,11.7,96,4.1,50,114,1,113
1987-05-20 09:00:00,11.7,96,5.2,50,161,1,160
1987-05-20 10:00:00,11.7,96,4.1,40,233,1,232
1987-05-20 11:00:00,11.7,96,5.2,40,258,1,257
1987-05-20 12:00:00,11.7,93,4.1,40,270,1,270
1987-05-20 13:00:00,11.7,93,5.2,50,255,1,254
1987-05-20 14:00:00,11.7,96,4.6,50,244,1,244
1987-05-20 15:00:00,11.7,93,3.6,50,353,1,352
1987-05-20 16:00:00,12.2,93,3.1,50,167,1,166
1987-05-20 17:00:00,12.2,93,4.1,40,118,0,118
1987-05-20 18:00:00,12.2,96,4.6,50,71,0,71
1987-05-20 19:00:00,12.2,96,3.1,40,25,0,25
1987-05-20 20:00:00,12.2,96,3.6,40,2,0,2
1987-05-20 21:00:00,12.2,96,3.6,60,0,0,0
1987-05-20 22:00:00,12.2,96,4.6,60,0,0,0
1987-05-20 23:00:00,12.2,96,3.1,30,0,0,0
1987-05-21 00:00:00,12.2,96,4.1,30,0,0,0
1987-05-21 01:00:00,12.2,100,3.1,40,0,0,0
1987-05-21 02:00:00,12.8,97,3.1,40,0,0,0
1987-05-21 03:00:00,12.8,97,3.6,20,0,0,0
1987-05-21 04:00:00,12.8,97,4.1,20,0,0,0
1987-05-21 05:00:00,12.8,97,3.6,30,1,0,1
1987-05-21 06:00:00,12.8,97,3.6,50,37,0,37
1987-05-21 07:00:00,13.3,97,3.1,40,104,0,103
1987-05-21 08:00:00,13.9,93,3.6,50,213,1,213
1987-05-21 09:00:00,14.4,93,3.1,60,309,1,308
1987-05-21 10:00:00,15.6,90,3.6,50,364,1,363
1987-05-21 11:00:00,17.8,84,3.6,60,403,1,403
1987-05-21 12:00:00,19.4,78,3.6,50,428,1,427
1987-05-21 13:00:00,21.7,73,3.6,50,549,134,423
1987-05-21 14:00:00,22.8,69,3.6,100,649,380,309
1987-05-21 15:00:00,23.3,64,5.2,90,438,109,351
1987-05-21 16:00:00,22.8,64,4.6,110,492,371,245
1987-05-21 17:00:00,22.2,66,2.6,80,252,195,154
1987-05-21 18:00:00,22.8,62,3.1,90,193,309,94
1987-05-21 19:00:00,21.1,71,4.1,70,60,114,45
1987-05-21 20:00:00,19.4,81,3.6,70,3,0,3
1987-05-21 21:00:00,17.8,87,3.1,90,0,0,0
1987-05-21 22:00:00,17.2,90,1.5,70,0,0,0
1987-05-21 23:00:00,16.1,93,2.1,60,0,0,0
1987-05-22 00:00:00,15.6,97,2.1,60,0,0,0
1987-05-22 01:00:00,15.0,97,1.5,20,0,0,0
1987-05-22 02:00:00,15.0,97,2.1,40,0,0,0
1987-05-22 03:00:00,14.4,100,2.1,50,0,0,0
1987-05-22 04:00:00,15.0,97,2.1,30,0,0,0
1987-05-22 05:00:00,14.4,97,0.0,0,2,0,2
1987-05-22 06:00:00,15.6,97,2.1,50,32,19,30
1987-05-22 07:00:00,16.7,93,2.1,50,79,6,77
1987-05-22 08:00:00,18.3,87,1.5,130,139,21,129
1987-05-22 09:00:00,18.9,87,1.5,220,273,2,272
1987-05-22 10:00:00,20.0,81,2.6,180,295,5,290
1987-05-22 11:00:00,21.1,79,3.6,170,341,2,340
1987-05-22 12:00:00,22.2,76,4.1,180,884,702,225
1987-05-22 13:00:00,24.4,69,4.1,190,470,112,365
1987-05-22 14:00:00,25.0,64,4.6,210,520,207,335
1987-05-22 15:00:00,26.1,62,5.2,210,585,343,310
1987-05-22 16:00:00,26.1,60,5.2,190,410,222,261
1987-05-22 17:00:00,25.0,64,4.6,210,340,360,158
1987-05-22 18:00:00,24.4,69,3.1,160,212,301,115
1987-05-22 19:00:00,22.8,79,3.6,160,48,34,44
1987-05-22 20:00:00,21.1,87,3.1,160,4,1,4
1987-05-22 21:00:00,20.6,90,3.1,170,0,0,0
1987-05-22 22:00:00,20.0,93,1.5,200,0,0,0
1987-05-22 23:00:00,18.9,97,2.1,170,0,0,0
1987-05-23 00:00:00,18.9,97,2.6,220,0,0,0
1987-05-23 01:00:00,18.9,97,2.6,210,0,0,0
1987-05-23 02:00:00,18.3,97,2.1,200,0,0,0
1987-05-23 03:00:00,18.3,97,2.1,230,0,0,0
1987-05-23 04:00:00,18.3,97,1.5,260,0,0,0
1987-05-23 05:00:00,18.3,97,2.1,210,0,0,0
1987-05-23 06:00:00,18.3,100,0.0,0,30,16,28
1987-05-23 07:00:00,21.1,93,3.6,200,126,89,99
1987-05-23 08:00:00,22.8,82,3.6,210,323,310,171
1987-05-23 09:00:00,25.0,74,4.1,220,563,556,199
1987-05-23 10:00:00,26.7,67,3.1,210,731,661,208
1987-05-23 11:00:00,27.8,65,2.1,290,778,545,293
1987-05-23 12:00:00,28.3,63,2.6,150,422,114,315
1987-05-23 13:00:00,27.2,69,3.6,80,406,4,402
1987-05-23 14:00:00,26.7,69,5.7,70,215,22,195
1987-05-23 15:00:00,21.7,93,7.2,90,203,8,196
1987-05-23 16:00:00,20.0,93,5.2,190,152,9,146
1987-05-23 17:00:00,20.6,93,4.6,160,107,6,104
1987-05-23 18:00:00,21.1,90,4.1,170,93,2,92
1987-05-23 19:00:00,21.7,90,2.6,240,37,10,36
1987-05-23 20:00:00,20.6,93,1.5,290,2,0,2
1987-05-23 21:00:00,20.0,97,2.1,250,0,0,0
1987-05-23 22:00:00,20.0,97,2.6,240,0,0,0
1987-05-23 23:00:00,18.9,97,0.0,0,0,0,0
1987-05-24 00:00:00,17.8,97,1.5,260,0,0,0
1987-05-24 01:00:00,17.8,100,2.6,170,0,0,0
1987-05-24 02:00:00,17.8,100,2.1,130,0,0,0
1987-05-24 03:00:00,17.8,100,1.5,190,0,0,0
1987-05-24 04:00:00,17.8,100,1.5,240,0,0,0
1987-05-24 05:00:00,17.2,97,2.1,270,1,2,1
1987-05-24 06:00:00,18.9,97,3.6,350,44,47,38
1987-05-24 07:00:00,20.0,97,2.6,260,156,152,109
1987-05-24 08:00:00,22.8,84,3.6,330,234,39,215
1987-05-24 09:00:00,23.9,79,4.1,330,430,185,309
1987-05-24 10:00:00,24.4,74,4.6,350,430,180,287
1987-05-24 11:00:00,25.0,71,3.1,350,469,127,356
1987-05-24 12:00:00,25.0,71,2.6,130,810,552,290
1987-05-24 13:00:00,25.0,76,4.6,90,820,640,216
1987-05-24 14:00:00,25.0,74,4.6,90,831,779,133
1987-05-24 15:00:00,25.6,72,4.6,70,739,760,128
1987-05-24 16:00:00,25.6,69,4.1,80,534,508,193
1987-05-24 17:00:00,25.0,71,4.1,80,418,505,160
1987-05-24 18:00:00,23.9,76,4.1,90,221,329,113
1987-05-24 19:00:00,23.3,79,3.6,120,71,141,51
1987-05-24 20:00:00,21.7,87,6.2,110,3,2,3
1987-05-24 21:00:00,20.0,87,4.1,110,0,0,0
1987-05-24 22:00:00,18.3,87,3.6,110,0,0,0
1987-05-24 23:00:00,17.8,90,4.1,60,0,0,0
1987-05-25 00:00:00,17.2,90,3.6,60,0,0,0
1987-05-25 01:00:00,16.7,87,3.1,70,0,0,0
1987-05-25 02:00:00,16.7,87,3.6,80,0,0,0
1987-05-25 03:00:00,16.1,90,3.6,80,0,0,0
1987-05-25 04:00:00,16.1,87,4.6,70,0,0,0
1987-05-25 05:00:00,15.6,87,5.2,110,0,0,0
1987-05-25 06:00:00,15.6,90,4.1,80,28,0,28
1987-05-25 07:00:00,15.6,87,5.2,70,94,2,93
1987-05-25 08:00:00,15.6,87,3.6,70,186,2,185
1987-05-25 09:00:00,17.2,78,4.6,90,212,2,211
1987-05-25 10:00:00,17.2,78,5.2,60,324,2,322
1987-05-25 11:00:00,16.7,78,5.2,70,409,4,406
1987-05-25 12:00:00,17.2,75,5.2,70,439,4,435
1987-05-25 13:00:00,17.8,73,4.1,70,412,3,409
1987-05-25 14:00:00,17.2,75,3.6,70,392,1,391
1987-05-25 15:00:00,18.3,70,4.1,100,357,1,356
1987-05-25 16:00:00,18.3,73,3.1,70,310,1,309
1987-05-25 17:00:00,17.2,78,4.1,90,205,1,205
1987-05-25 18:00:00,16.7,81,3.1,70,116,1,116
1987-05-25 19:00:00,16.1,84,3.1,90,52,0,52
1987-05-25 20:00:00,16.1,84,3.6,80,3,0,3
1987-05-25 21:00:00,15.0,93,3.1,80,0,0,0
1987-05-25 22:00:00,14.4,93,3.1,100,0,0,0
1987-05-25 23:00:00,14.4,93,3.1,90,0,0,0
1987-05-26 00:00:00,13.9,97,3.1,100,0,0,0
1987-05-26 01:00:00,13.9,93,2.6,90,0,0,0
1987-05-26 02:00:00,13.9,93,3.1,90,0,0,0
1987-05-26 03:00:00,13.9,93,3.1,110,0,0,0
1987-05-26 04:00:00,13.9,93,2.6,110,0,0,0
1987-05-26 05:00:00,13.9,90,2.6,80,2,0,2
1987-05-26 06:00:00,13.9,93,3.1,100,45,0,45
1987-05-26 07:00:00,14.4,90,2.6,100,138,0,138
1987-05-26 08:00:00,15.0,87,3.6,90,214,1,214
1987-05-26 09:00:00,16.1,78,3.6,100,294,0,294
1987-05-26 10:00:00,17.2,73,3.6,130,357,1,357
1987-05-26 11:00:00,17.8,70,3.6,130,401,1,400
1987-05-26 12:00:00,17.8,73,3.1,110,481,2,480
1987-05-26 13:00:00,18.3,73,3.1,140,472,1,471
1987-05-26 14:00:00,18.3,73,3.6,90,428,1,427
1987-05-26 15:00:00,18.3,73,3.6,90,399,2,398
1987-05-26 16:00:00,18.3,73,4.1,70,338,0,338
1987-05-26 17:00:00,18.3,73,3.6,140,221,1,221
1987-05-26 18:00:00,17.8,75,3.6,100,129,0,129
1987-05-26 19:00:00,17.2,81,3.1,100,49,1,49
1987-05-26 20:00:00,17.2,78,3.1,110,6,0,6
1987-05-26 21:00:00,16.7,78,3.1,80,0,0,0
1987-05-26 22:00:00,16.7,78,3.6,90,0,0,0
1987-05-26 23:00:00,16.7,78,2.6,110,0,0,0
1987-05-27 00:00:00,16.1,75,3.6,120,0,0,0
1987-05-27 01:00:00,16.1,75,2.6,110,0,0,0
1987-05-27 02:00:00,15.6,75,3.1,120,0,0,0
1987-05-27 03:00:00,15.6,75,2.6,130,0,0,0
1987-05-27 04:00:00,15.0,78,2.6,130,0,0,0
1987-05-27 05:00:00,15.0,81,2.1,110,3,0,2
1987-05-27 06:00:00,15.0,81,2.1,100,38,0,38
1987-05-27 07:00:00,15.0,84,1.5,50,76,0,76
1987-05-27 08:00:00,16.1,81,3.1,90,222,0,222
1987-05-27 09:00:00,17.2,73,3.1,110,277,1,277
1987-05-27 10:00:00,17.8,73,3.1,80,358,1,357
1987-05-27 11:00:00,17.2,73,4.1,50,440,2,438
1987-05-27 12:00:00,17.2,73,4.1,70,464,0,463
1987-05-27 13:00:00,17.8,68,3.6,80,420,1,419
1987-05-27 14:00:00,18.9,68,3.6,130,396,0,396
1987-05-27 15:00:00,19.4,66,3.1,90,375,1,374
1987-05-27 16:00:00,20.0,71,4.1,110,327,1,327
1987-05-27 17:00:00,18.9,73,4.1,70,213,0,213
1987-05-27 18:00:00,18.3,76,3.6,90,119,1,119
1987-05-27 19:00:00,17.8,78,3.1,80,50,0,50
1987-05-27 20:00:00,17.8,78,3.1,60,7,0,7
1987-05-27 21:00:00,17.8,81,3.1,80,0,0,0
1987-05-27 22:00:00,17.2,87,3.6,70,0,0,0
1987-05-27 23:00:00,16.7,87,2.6,90,0,0,0
1987-05-28 00:00:00,16.7,87,2.6,100,0,0,0
1987-05-28 01:00:00,16.7,87,2.1,70,0,0,0
1987-05-28 02:00:00,16.7,87,1.5,30,0,0,0
1987-05-28 03:00:00,16.7,87,0.0,0,0,0,0
1987-05-28 04:00:00,16.1,90,1.5,60,0,0,0
1987-05-28 05:00:00,16.7,90,1.5,100,2,0,2
1987-05-28 06:00:00,17.2,87,0.0,0,42,0,42
1987-05-28 07:00:00,17.8,87,2.6,190,116,1,116
1987-05-28 08:00:00,19.4,81,3.1,220,225,1,224
1987-05-28 09:00:00,20.6,81,2.6,200,312,1,311
1987-05-28 10:00:00,22.2,76,2.1,250,352,1,352
1987-05-28 11:00:00,24.4,69,2.1,290,410,0,410
1987-05-28 12:00:00,24.4,71,1.5,250,442,1,440
1987-05-28 13:00:00,26.1,67,2.6,230,453,1,452
1987-05-28 14:00:00,26.7,65,2.6,220,819,584,292
1987-05-28 15:00:00,27.2,63,4.6,210,773,749,166
1987-05-28 16:00:00,27.8,63,4.1,210,488,407,212
1987-05-28 17:00:00,27.8,63,3.6,250,440,630,115
1987-05-28 18:00:00,27.2,63,3.6,260,240,516,67
1987-05-28 19:00:00,26.1,67,3.1,250,73,246,36
1987-05-28 20:00:00,23.3,79,3.1,230,7,10,6
1987-05-28 21:00:00,22.2,84,2.6,220,0,0,0
1987-05-28 22:00:00,20.6,90,1.5,210,0,0,0
1987-05-28 23:00:00,20.0,93,3.1,260,0,0,0
1987-05-29 00:00:00,20.0,93,3.6,250,0,0,0
1987-05-29 01:00:00,20.0,97,3.1,270,0,0,0
1987-05-29 02:00:00,18.9,97,3.1,270,0,0,0
1987-05-29 03:00:00,18.9,100,3.1,260,0,0,0
1987-05-29 04:00:00,18.9,97,2.1,230,0,0,0
1987-05-29 05:00:00,18.9,97,1.5,250,1,0,1
1987-05-29 06:00:00,20.0,97,2.6,250,52,114,37
1987-05-29 07:00:00,21.7,90,3.1,250,205,358,92
1987-05-29 08:00:00,25.0,76,2.6,270,388,544,117
1987-05-29 09:00:00,27.8,65,2.6,290,599,668,157
1987-05-29 10:00:00,30.6,53,2.6,280,762,731,179
1987-05-29 11:00:00,31.7,52,3.1,290,872,760,194
1987-05-29 12:00:00,32.8,45,4.1,270,945,771,216
1987-05-29 13:00:00,33.3,42,3.6,270,903,732,210
1987-05-29 14:00:00,33.3,38,3.1,300,840,637,266
1987-05-29 15:00:00,33.3,40,3.6,280,749,669,207
1987-05-29 16:00:00,33.3,37,3.6,270,605,661,155
1987-05-29 17:00:00,32.8,39,3.6,290,439,596,130
1987-05-29 18:00:00,31.7,47,3.1,270,238,435,92
1987-05-29 19:00:00,30.0,50,3.1,260,74,165,49
1987-05-29 20:00:00,28.3,57,2.6,280,7,2,7
1987-05-29 21:00:00,25.6,69,2.6,240,0,0,0
1987-05-29 22:00:00,25.6,69,2.6,240,0,0,0
1987-05-29 23:00:00,23.9,79,2.6,270,0,0,0
1987-05-30 00:00:00,23.3,79,3.1,270,0,0,0
1987-05-30 01:00:00,23.3,82,3.1,280,0,0,0
1987-05-30 02:00:00,22.2,84,3.1,270,0,0,0
1987-05-30 03:00:00,22.2,84,3.1,270,0,0,0
1987-05-30 04:00:00,21.7,87,3.1,270,0,0,0
1987-05-30 05:00:00,21.7,87,3.1,260,5,18,3
1987-05-30 06:00:00,22.2,87,2.1,220,75,349,29
1987-05-30 07:00:00,24.4,79,3.1,250,248,629,49
1987-05-30 08:00:00,26.7,72,2.1,250,445,757,68
1987-05-30 09:00:00,29.4,63,1.5,230,632,827,84
1987-05-30 10:00:00,31.7,54,1.5,130,790,871,95
1987-05-30 11:00:00,32.8,50,2.1,70,902,894,102
1987-05-30 12:00:00,32.8,49,1.5,220,891,858,79
1987-05-30 13:00:00,32.8,47,3.1,190,917,804,154
1987-05-30 14:00:00,30.6,55,3.6,90,765,560,259
1987-05-30 15:00:00,29.4,57,2.6,270,336,3,334
1987-05-30 16:00:00,27.2,67,3.6,200,303,13,294
1987-05-30 17:00:00,28.9,65,1.5,150,403,423,182
1987-05-30 18:00:00,28.9,65,2.6,200,241,454,87
1987-05-30 19:00:00,27.8,74,2.1,210,83,297,37
1987-05-30 20:00:00,26.7,74,2.1,230,11,22,9
1987-05-30 21:00:00,25.6,82,2.1,260,0,0,0
1987-05-30 22:00:00,24.4,85,2.1,260,0,0,0
1987-05-30 23:00:00,23.9,87,0.0,0,0,0,0
1987-05-31 00:00:00,22.8,90,1.5,250,0,0,0
1987-05-31 01:00:00,22.2,94,1.5,250,0,0,0
1987-05-31 02:00:00,21.7,93,2.1,270,0,0,0
1987-05-31 03:00:00,21.7,93,2.1,260,0,0,0
1987-05-31 04:00:00,21.1,93,2.1,260,0,0,0
1987-05-31 05:00:00,20.6,93,1.5,280,2,0,2
1987-05-31 06:00:00,21.1,93,1.5,260,47,42,42
1987-05-31 07:00:00,23.9,85,4.6,220,133,114,96
1987-05-31 08:00:00,26.1,77,4.6,230,313,189,219
1987-05-31 09:00:00,26.7,74,4.1,250,544,427,261
1987-05-31 10:00:00,29.4,61,5.2,280,744,613,255
1987-05-31 11:00:00,30.6,53,4.1,240,717,403,356
1987-05-31 12:00:00,31.1,48,3.1,180,684,311,390
1987-05-31 13:00:00,30.6,53,4.1,270,472,145,334
1987-05-31 14:00:00,29.4,57,6.2,290,240,35,209
1987-05-31 15:00:00,27.2,74,4.6,220,529,157,401
1987-05-31 16:00:00,29.4,65,3.6,240,495,245,328
1987-05-31 17:00:00,30.0,53,5.2,270,371,304,213
1987-05-31 18:00:00,29.4,57,4.1,260,208,265,118
1987-05-31 19:00:00,27.8,61,3.1,270,57,62,48
1987-05-31 20:00:00,25.6,72,2.6,230,5,0,5
1987-05-31 21:00:00,25.0,74,2.1,240,0,0,0
1987-05-31 22:00:00,22.9,79,1.8,210,0,0,0
1987-05-31 23:00:00,20.9,87,1.5,210,0,0,0
1987-06-01 00:00:00,18.8,90,1.2,250,0,0,0
1990-06-01 01:00:00,16.8,80,0.9,230,0,0,0
1990-06-01 02:00:00,14.7,80,0.6,0,0,0,0
1990-06-01 03:00:00,12.7,86,0.3,0,0,0,0
1990-06-01 04:00:00,10.6,86,0.0,0,0,0,0
1990-06-01 05:00:00,11.1,86,0.0,0,4,13,3
1990-06-01 06:00:00,13.3,83,2.6,270,67,210,39
1990-06-01 07:00:00,16.7,78,2.1,210,230,481,77
1990-06-01 08:00:00,20.0,66,3.1,220,448,683,107
1990-06-01 09:00:00,21.1,61,3.6,200,641,739,150
1990-06-01 10:00:00,23.9,56,3.6,190,796,779,174
1990-06-01 11:00:00,24.4,52,4.6,200,915,809,190
1990-06-01 12:00:00,25.6,49,4.6,160,977,821,199
1990-06-01 13:00:00,26.7,47,6.7,180,971,867,146
1990-06-01 14:00:00,27.2,46,5.2,180,851,804,123
1990-06-01 15:00:00,26.1,52,6.2,140,771,772,142
1990-06-01 16:00:00,26.1,51,5.7,140,641,820,80
1990-06-01 17:00:00,25.0,47,6.2,150,434,701,67
1990-06-01 18:00:00,23.9,48,5.2,160,279,657,54
1990-06-01 19:00:00,22.2,51,4.1,170,98,408,34
1990-06-01 20:00:00,20.6,61,3.6,140,12,39,8
1990-06-01 21:00:00,19.4,73,3.1,170,0,0,0
1990-06-01 22:00:00,18.9,78,2.6,180,0,0,0
1990-06-01 23:00:00,18.3,84,2.1,190,0,0,0
1990-06-02 00:00:00,17.8,87,0.0,0,0,0,0
1990-06-02 01:00:00,17.2,90,0.0,0,0,0,0
1990-06-02 02:00:00,17.2,90,0.0,0,0,0,0
1990-06-02 03:00:00,17.8,87,0.0,0,0,0,0
1990-06-02 04:00:00,17.2,90,2.1,260,0,0,0
1990-06-02 05:00:00,18.9,87,3.1,230,1,0,1
1990-06-02 06:00:00,20.0,81,3.1,220,47,17,45
1990-06-02 07:00:00,20.6,81,3.6,210,105,28,96
1990-06-02 08:00:00,22.8,74,5.2,230,212,47,188
1990-06-02 09:00:00,23.3,71,6.7,220,508,392,248
1990-06-02 10:00:00,25.0,67,5.7,210,706,553,264
1990-06-02 11:00:00,27.2,60,6.2,240,819,576,303
1990-06-02 12:00:00,27.8,59,5.7,230,913,677,272
1990-06-02 13:00:00,28.3,55,6.7,220,947,725,258
1990-06-02 14:00:00,27.8,57,7.7,210,889,715,241
1990-06-02 15:00:00,27.8,57,7.7,200,587,296,346
1990-06-02 16:00:00,27.2,58,7.2,200,412,228,256
1990-06-02 17:00:00,27.2,56,7.7,220,368,342,188
1990-06-02 18:00:00,26.1,58,6.7,200,119,17,113
1990-06-02 19:00:00,24.4,52,6.2,200,61,4,60
1990-06-02 20:00:00,22.8,57,4.1,200,4,0,4
1990-06-02 21:00:00,22.8,60,5.2,210,0,0,0
1990-06-02 22:00:00,22.2,62,5.2,200,0,0,0
1990-06-02 23:00:00,21.7,64,5.2,200,0,0,0
1990-06-03 00:00:00,22.2,59,5.2,200,0,0,0
1990-06-03 01:00:00,21.7,61,4.6,200,0,0,0
1990-06-03 02:00:00,21.1,68,4.6,200,0,0,0
1990-06-03 03:00:00,21.1,71,5.2,220,0,0,0
1990-06-03 04:00:00,21.7,71,4.6,220,0,0,0
1990-06-03 05:00:00,21.1,76,4.6,200,0,0,0
1990-06-03 06:00:00,21.1,76,4.1,220,31,19,29
1990-06-03 07:00:00,22.2,73,7.7,210,141,63,121
1990-06-03 08:00:00,22.2,76,7.2,200,312,220,202
1990-06-03 09:00:00,24.4,69,8.2,220,486,311,279
1990-06-03 10:00:00,25.6,69,7.7,200,669,544,233
1990-06-03 11:00:00,26.7,65,7.2,210,628,290,368
1990-06-03 12:00:00,28.3,61,8.8,240,854,591,293
1990-06-03 13:00:00,27.8,61,9.3,210,330,8,323
1990-06-03 14:00:00,28.3,63,8.2,210,754,525,278
1990-06-03 15:00:00,27.8,63,6.7,220,301,1,300
1990-06-03 16:00:00,27.2,65,7.2,210,142,8,136
1990-06-03 17:00:00,27.2,69,6.7,210,194,2,193
1990-06-03 18:00:00,21.7,90,3.6,210,95,1,95
1990-06-03 19:00:00,22.8,84,4.6,210,51,22,47
1990-06-03 20:00:00,21.7,87,4.6,210,7,0,7
1990-06-03 21:00:00,21.7,87,4.1,220,0,0,0
1990-06-03 22:00:00,21.1,90,3.1,230,0,0,0
1990-06-03 23:00:00,20.0,93,3.6,200,0,0,0
1990-06-04 00:00:00,20.6,90,3.6,240,0,0,0
1990-06-04 01:00:00,19.4,93,3.1,260,0,0,0
1990-06-04 02:00:00,19.4,93,3.1,230,0,0,0
1990-06-04 03:00:00,17.8,97,3.1,260,0,0,0
1990-06-04 04:00:00,17.8,93,3.1,260,0,0,0
1990-06-04 05:00:00,17.2,93,4.1,260,3,6,3
1990-06-04 06:00:00,19.4,87,4.1,260,61,111,46
1990-06-04 07:00:00,21.1,76,3.6,290,190,280,100
1990-06-04 08:00:00,21.7,73,4.6,270,310,253,183
1990-06-04 09:00:00,23.3,66,5.2,260,443,203,308
1990-06-04 10:00:00,23.9,62,6.7,300,497,191,345
1990-06-04 11:00:00,20.0,59,7.7,310,672,358,351
1990-06-04 12:00:00,20.6,53,8.8,310,581,173,417
1990-06-04 13:00:00,20.6,51,9.8,290,871,702,202
1990-06-04 14:00:00,20.0,49,8.8,300,815,634,239
1990-06-04 15:00:00,19.4,49,8.8,310,654,467,272
1990-06-04 16:00:00,19.4,49,6.7,310,430,260,251
1990-06-04 17:00:00,18.3,52,6.2,290,269,147,192
1990-06-04 18:00:00,18.3,52,7.2,300,202,202,132
1990-06-04 19:00:00,16.7,56,7.2,300,82,104,65
1990-06-04 20:00:00,16.1,58,4.1,300,10,20,8
1990-06-04 21:00:00,15.0,65,3.6,300,0,0,0
1990-06-04 22:00:00,15.0,58,5.2,310,0,0,0
1990-06-04 23:00:00,13.9,60,5.7,320,0,0,0
1990-06-05 00:00:00,13.3,57,5.7,330,0,0,0
1990-06-05 01:00:00,12.2,59,4.6,320,0,0,0
1990-06-05 02:00:00,11.1,64,4.6,310,0,0,0
1990-06-05 03:00:00,10.0,71,3.6,300,0,0,0
1990-06-05 04:00:00,10.0,71,4.6,320,0,0,0
1990-06-05 05:00:00,9.4,74,3.6,310,5,4,4
1990-06-05 06:00:00,10.6,69,4.6,320,70,227,39
1990-06-05 07:00:00,12.2,62,6.2,340,243,539,71
1990-06-05 08:00:00,14.4,53,5.7,350,447,693,99
1990-06-05 09:00:00,15.6,50,5.7,350,641,780,122
1990-06-05 10:00:00,17.2,46,3.1,40,739,757,133
1990-06-05 11:00:00,18.3,42,2.6,330,866,798,150
1990-06-05 12:00:00,18.9,43,2.6,150,974,864,154
1990-06-05 13:00:00,19.4,40,3.1,80,987,874,154
1990-06-05 14:00:00,20.0,35,2.1,90,931,859,150
1990-06-05 15:00:00,21.1,36,2.1,300,821,832,140
1990-06-05 16:00:00,21.7,37,3.1,270,635,725,135
1990-06-05 17:00:00,20.6,39,4.6,250,335,300,176
1990-06-05 18:00:00,19.4,40,4.1,280,166,135,119
1990-06-05 19:00:00,18.9,45,3.1,280,51,33,46
1990-06-05 20:00:00,15.6,65,2.6,180,6,2,5
1990-06-05 21:00:00,13.9,72,3.1,190,0,0,0
1990-06-05 22:00:00,13.3,75,1.5,220,0,0,0
1990-06-05 23:00:00,12.2,80,2.1,190,0,0,0
1990-06-06 00:00:00,12.8,77,2.6,260,0,0,0
1990-06-06 01:00:00,12.2,83,1.5,240,0,0,0
1990-06-06 02:00:00,12.2,80,1.5,190,0,0,0
1990-06-06 03:00:00,12.8,80,2.6,150,0,0,0
1990-06-06 04:00:00,13.3,80,2.1,180,0,0,0
1990-06-06 05:00:00,12.2,86,2.6,190,5,4,5
1990-06-06 06:00:00,14.4,81,5.2,200,44,39,39
1990-06-06 07:00:00,16.1,75,4.6,200,142,148,94
1990-06-06 08:00:00,18.3,68,6.2,200,385,495,136
1990-06-06 09:00:00,20.6,59,7.7,210,586,616,175
1990-06-06 10:00:00,21.1,61,7.2,210,685,633,178
1990-06-06 11:00:00,23.3,60,7.7,200,854,826,112
1990-06-06 12:00:00,24.4,56,6.7,190,928,863,107
1990-06-06 13:00:00,25.6,54,5.7,190,951,877,114
1990-06-06 14:00:00,27.2,49,7.2,180,925,895,111
1990-06-06 15:00:00,27.8,47,6.2,180,672,557,216
1990-06-06 16:00:00,28.3,48,6.2,180,608,661,152
1990-06-06 17:00:00,27.8,51,7.2,200,427,579,120
1990-06-06 18:00:00,27.2,53,6.7,200,224,342,103
1990-06-06 19:00:00,26.1,58,4.6,200,75,87,61
1990-06-06 20:00:00,24.4,64,3.6,200,13,11,12
1990-06-06 21:00:00,23.9,69,3.1,200,0,0,0
1990-06-06 22:00:00,23.3,71,4.1,200,0,0,0
1990-06-06 23:00:00,22.8,76,5.2,210,0,0,0
1990-06-07 00:00:00,22.2,79,4.1,220,0,0,0
1990-06-07 01:00:00,21.1,84,3.1,200,0,0,0
1990-06-07 02:00:00,21.1,84,3.6,210,0,0,0
1990-06-07 03:00:00,21.7,84,1.5,270,0,0,0
1990-06-07 04:00:00,21.7,84,2.1,310,0,0,0
1990-06-07 05:00:00,21.7,84,3.1,240,4,0,4
1990-06-07 06:00:00,21.7,87,3.1,320,40,14,38
1990-06-07 07:00:00,23.9,74,3.6,280,163,134,120
1990-06-07 08:00:00,25.0,67,4.6,300,348,388,153
1990-06-07 09:00:00,26.1,62,6.7,290,500,444,204
1990-06-07 10:00:00,25.6,62,5.2,290,681,404,357
1990-06-07 11:00:00,25.6,62,6.2,300,390,33,361
1990-06-07 12:00:00,26.1,58,7.7,320,364,11,354
1990-06-07 13:00:00,26.1,60,5.7,280,347,7,341
1990-06-07 14:00:00,27.8,51,7.2,290,584,263,345
1990-06-07 15:00:00,28.3,38,6.7,300,659,507,243
1990-06-07 16:00:00,27.8,38,5.2,280,569,493,228
1990-06-07 17:00:00,27.8,38,4.6,270,416,494,153
1990-06-07 18:00:00,27.2,41,3.1,280,198,140,148
1990-06-07 19:00:00,25.6,49,2.1,260,76,84,62
1990-06-07 20:00:00,23.9,54,2.1,220,9,4,9
1990-06-07 21:00:00,22.2,62,2.6,280,0,0,0
1990-06-07 22:00:00,20.0,73,3.1,270,0,0,0
1990-06-07 23:00:00,19.4,76,3.1,260,0,0,0
1990-06-08 00:00:00,18.9,78,2.6,270,0,0,0
1990-06-08 01:00:00,19.4,78,2.6,270,0,0,0
1990-06-08 02:00:00,18.3,81,1.5,270,0,0,0
1990-06-08 03:00:00,18.3,81,0.0,0,0,0,0
1990-06-08 04:00:00,18.3,84,1.5,250,0,0,0
1990-06-08 05:00:00,18.3,87,1.5,40,1,0,1
1990-06-08 06:00:00,19.4,84,1.5,280,31,0,31
1990-06-08 07:00:00,21.1,76,1.5,20,107,2,106
1990-06-08 08:00:00,21.7,79,2.1,60,285,221,174
1990-06-08 09:00:00,23.9,71,2.1,140,437,274,254
1990-06-08 10:00:00,25.6,62,2.1,100,313,8,307
1990-06-08 11:00:00,26.7,65,2.6,90,402,42,365
1990-06-08 12:00:00,26.1,65,4.1,110,384,10,375
1990-06-08 13:00:00,26.7,60,7.2,170,345,10,335
1990-06-08 14:00:00,27.2,53,7.2,180,743,488,298
1990-06-08 15:00:00,27.8,59,6.2,150,562,297,318
1990-06-08 16:00:00,28.3,59,3.6,170,385,140,288
1990-06-08 17:00:00,28.3,63,5.2,160,413,488,153
1990-06-08 18:00:00,25.6,62,6.2,40,63,40,49
1990-06-08 19:00:00,21.7,87,3.1,120,31,3,30
1990-06-08 20:00:00,22.2,90,5.2,120,4,0,4
1990-06-08 21:00:00,21.7,93,2.1,250,0,0,0
1990-06-08 22:00:00,21.1,90,2.1,270,0,0,0
1990-06-08 23:00:00,21.1,90,0.0,0,0,0,0
1990-06-09 00:00:00,20.6,93,0.0,0,0,0,0
1990-06-09 01:00:00,21.1,93,2.1,240,0,0,0
1990-06-09 02:00:00,22.2,94,2.6,250,0,0,0
1990-06-09 03:00:00,22.8,94,3.1,250,0,0,0
1990-06-09 04:00:00,23.3,90,4.1,230,0,0,0
1990-06-09 05:00:00,22.2,94,3.6,210,1,0,1
1990-06-09 06:00:00,23.3,94,3.1,250,56,24,53
1990-06-09 07:00:00,24.4,91,3.6,230,149,66,128
1990-06-09 08:00:00,25.0,88,3.1,250,185,1,185
1990-06-09 09:00:00,27.8,69,3.6,240,214,48,182
1990-06-09 10:00:00,28.9,53,5.7,260,439,129,336
1990-06-09 11:00:00,29.4,46,5.2,260,490,146,359
1990-06-09 12:00:00,30.6,45,6.2,250,622,226,406
1990-06-09 13:00:00,30.6,46,5.2,230,429,47,384
1990-06-09 14:00:00,31.7,44,5.2,230,617,292,351
1990-06-09 15:00:00,32.8,41,5.2,270,547,191,390
1990-06-09 16:00:00,32.8,41,4.6,260,511,307,297
1990-06-09 17:00:00,30.6,48,3.6,220,162,55,132
1990-06-09 18:00:00,24.4,85,5.7,250,57,6,55
1990-06-09 19:00:00,21.1,90,5.7,250,38,3,37
1990-06-09 20:00:00,21.1,93,4.6,220,5,0,5
1990-06-09 21:00:00,21.1,93,2.6,220,0,0,0
1990-06-09 22:00:00,21.1,93,1.5,210,0,0,0
1990-06-09 23:00:00,21.1,93,2.1,250,0,0,0
1990-06-10 00:00:00,21.7,93,3.1,280,0,0,0
1990-06-10 01:00:00,21.7,93,3.1,280,0,0,0
1990-06-10 02:00:00,21.7,93,2.1,190,0,0,0
1990-06-10 03:00:00,21.1,93,2.6,200,0,0,0
1990-06-10 04:00:00,20.6,93,2.6,270,0,0,0
1990-06-10 05:00:00,20.0,97,2.1,260,5,10,4
1990-06-10 06:00:00,21.1,90,2.6,260,75,286,36
1990-06-10 07:00:00,22.8,82,3.6,260,245,568,61
1990-06-10 08:00:00,24.4,69,5.2,270,445,715,85
1990-06-10 09:00:00,25.6,58,6.2,260,589,735,99
1990-06-10 10:00:00,25.0,50,6.7,280,587,382,280
1990-06-10 11:00:00,25.6,50,4.6,300,757,596,221
1990-06-10 12:00:00,26.7,49,6.7,280,866,629,267
1990-06-10 13:00:00,26.1,47,7.7,290,680,382,315
1990-06-10 14:00:00,26.1,45,6.2,280,848,715,196
1990-06-10 15:00:00,26.1,45,8.2,300,725,556,267
1990-06-10 16:00:00,26.1,45,5.2,290,269,54,231
1990-06-10 17:00:00,25.6,47,5.2,290,225,16,216
1990-06-10 18:00:00,25.6,44,6.2,280,221,201,150
1990-06-10 19:00:00,24.4,45,6.7,310,88,215,51
1990-06-10 20:00:00,22.8,50,3.1,290,9,3,9
1990-06-10 21:00:00,21.7,53,4.1,310,0,0,0
1990-06-10 22:00:00,21.1,51,4.6,320,0,0,0
1990-06-10 23:00:00,20.0,55,4.6,290,0,0,0
1990-06-11 00:00:00,18.3,63,3.1,300,0,0,0
1990-06-11 01:00:00,17.2,68,3.6,290,0,0,0
1990-06-11 02:00:00,16.7,70,3.1,300,0,0,0
1990-06-11 03:00:00,16.1,75,3.6,290,0,0,0
1990-06-11 04:00:00,15.6,78,3.6,290,0,0,0
1990-06-11 05:00:00,15.0,81,4.6,280,5,9,4
1990-06-11 06:00:00,16.1,75,4.6,280,76,283,37
1990-06-11 07:00:00,18.9,68,4.1,280,242,475,89
1990-06-11 08:00:00,20.6,61,5.7,310,426,665,91
1990-06-11 09:00:00,21.1,57,7.7,320,391,155,288
1990-06-11 10:00:00,22.8,50,8.2,340,462,206,297
1990-06-11 11:00:00,22.2,50,8.8,330,794,558,292
1990-06-11 12:00:00,23.3,48,7.7,340,755,499,280
1990-06-11 13:00:00,21.7,51,9.3,320,393,170,230
1990-06-11 14:00:00,23.3,46,9.8,320,563,257,328
1990-06-11 15:00:00,23.3,43,8.2,330,425,158,294
1990-06-11 16:00:00,23.9,43,8.8,300,399,83,341
1990-06-11 17:00:00,22.2,43,10.8,330,219,68,182
1990-06-11 18:00:00,21.1,42,10.3,320,105,47,88
1990-06-11 19:00:00,20.0,47,9.3,350,30,3,29
1990-06-11 20:00:00,19.4,51,8.8,360,6,0,6
1990-06-11 21:00:00,18.3,56,4.6,30,0,0,0
1990-06-11 22:00:00,17.8,56,4.1,20,0,0,0
1990-06-11 23:00:00,17.2,56,8.2,20,0,0,0
1990-06-12 00:00:00,16.7,60,5.7,20,0,0,0
1990-06-12 01:00:00,16.7,58,4.6,360,0,0,0
1990-06-12 02:00:00,16.1,60,4.1,350,0,0,0
1990-06-12 03:00:00,14.4,65,3.1,340,0,0,0
1990-06-12 04:00:00,13.9,67,3.6,350,0,0,0
1990-06-12 05:00:00,12.8,72,2.6,300,4,1,4
1990-06-12 06:00:00,13.9,67,3.1,300,64,135,46
1990-06-12 07:00:00,17.2,58,3.1,330,225,418,90
1990-06-12 08:00:00,20.6,47,3.1,350,424,586,129
1990-06-12 09:00:00,21.7,44,3.6,340,589,626,171
1990-06-12 10:00:00,23.3,41,2.1,340,699,538,268
1990-06-12 11:00:00,24.4,37,6.2,360,841,631,274
1990-06-12 12:00:00,25.0,37,4.6,20,913,751,199
1990-06-12 13:00:00,26.1,30,7.2,10,931,763,201
1990-06-12 14:00:00,26.1,29,3.6,20,884,661,280
1990-06-12 15:00:00,26.1,29,5.7,330,768,668,217
1990-06-12 16:00:00,26.7,28,6.7,340,647,647,197
1990-06-12 17:00:00,26.1,27,4.6,340,426,446,186
1990-06-12 18:00:00,25.0,33,4.6,300,256,332,136
1990-06-12 19:00:00,23.3,37,3.6,300,87,101,70
1990-06-12 20:00:00,21.7,43,3.1,280,12,3,12
1990-06-12 21:00:00,18.9,55,3.1,280,0,0,0
1990-06-12 22:00:00,17.2,63,3.1,280,0,0,0
1990-06-12 23:00:00,15.6,70,3.6,280,0,0,0
1990-06-13 00:00:00,15.0,72,3.6,280,0,0,0
1990-06-13 01:00:00,14.4,75,3.1,280,0,0,0
1990-06-13 02:00:00,13.9,78,2.6,280,0,0,0
1990-06-13 03:00:00,13.3,78,1.0,240,0,0,0
1990-06-13 04:00:00,12.2,83,3.1,280,0,0,0
1990-06-13 05:00:00,11.7,86,3.1,280,5,0,5
1990-06-13 06:00:00,15.0,78,2.1,280,57,26,54
1990-06-13 07:00:00,20.0,63,2.1,350,170,166,116
1990-06-13 08:00:00,22.2,59,1.5,100,351,319,191
1990-06-13 09:00:00,24.4,45,2.6,240,551,457,246
1990-06-13 10:00:00,25.6,38,3.1,270,724,499,324
1990-06-13 11:00:00,26.7,35,2.1,270,715,350,401
1990-06-13 12:00:00,26.1,33,3.6,250,414,37,378
1990-06-13 13:00:00,25.6,38,4.1,310,454,74,383
1990-06-13 14:00:00,25.0,42,2.1,290,477,47,434
1990-06-13 15:00:00,25.6,41,2.1,250,567,316,305
1990-06-13 16:00:00,26.7,37,3.6,180,566,382,299
1990-06-13 17:00:00,26.1,44,3.1,180,452,503,180
1990-06-13 18:00:00,25.6,47,3.6,170,245,372,110
1990-06-13 19:00:00,23.3,50,2.6,180,68,72,55
1990-06-13 20:00:00,21.1,57,3.1,170,8,2,7
1990-06-13 21:00:00,19.4,66,2.6,170,0,0,0
1990-06-13 22:00:00,18.9,70,2.6,190,0,0,0
1990-06-13 23:00:00,17.2,78,2.1,260,0,0,0
1990-06-14 00:00:00,17.8,78,2.1,250,0,0,0
1990-06-14 01:00:00,17.2,78,0.0,0,0,0,0
1990-06-14 02:00:00,17.8,78,0.0,0,0,0,0
1990-06-14 03:00:00,17.2,81,1.5,270,0,0,0
1990-06-14 04:00:00,16.1,87,0.0,0,0,0,0
1990-06-14 05:00:00,15.6,90,1.5,210,4,12,3
1990-06-14 06:00:00,17.2,84,2.6,250,62,79,51
1990-06-14 07:00:00,19.4,78,2.1,180,183,244,104
1990-06-14 08:00:00,21.7,71,2.6,230,156,1,156
1990-06-14 09:00:00,23.3,64,2.6,190,288,26,271
1990-06-14 10:00:00,24.4,62,2.6,270,367,12,358
1990-06-14 11:00:00,26.7,58,2.1,300,313,4,309
1990-06-14 12:00:00,28.3,55,3.1,150,939,772,204
1990-06-14 13:00:00,29.4,51,1.5,270,967,879,125
1990-06-14 14:00:00,29.4,55,2.6,190,892,820,142
1990-06-14 15:00:00,28.3,59,6.2,160,746,667,195
1990-06-14 16:00:00,28.3,55,5.7,170,612,592,198
1990-06-14 17:00:00,26.1,56,5.7,160,481,719,92
1990-06-14 18:00:00,25.0,62,6.2,170,261,493,83
1990-06-14 19:00:00,23.9,60,6.2,160,99,297,46
1990-06-14 20:00:00,22.8,69,4.1,150,17,37,13
1990-06-14 21:00:00,22.2,62,4.1,140,0,0,0
1990-06-14 22:00:00,21.7,68,5.7,110,0,0,0
1990-06-14 23:00:00,20.6,61,3.6,160,0,0,0
1990-06-15 00:00:00,17.8,75,5.2,140,0,0,0
1990-06-15 01:00:00,16.7,87,5.7,90,0,0,0
1990-06-15 02:00:00,15.6,93,3.6,60,0,0,0
1990-06-15 03:00:00,15.0,97,4.6,60,0,0,0
1990-06-15 04:00:00,15.6,97,2.1,60,0,0,0
1990-06-15 05:00:00,15.6,93,4.1,100,1,0,1
1990-06-15 06:00:00,16.1,97,3.6,90,15,0,15
1990-06-15 07:00:00,15.6,93,2.6,90,40,1,39
1990-06-15 08:00:00,16.7,90,2.1,140,135,2,134
1990-06-15 09:00:00,17.8,87,3.1,110,214,4,211
1990-06-15 10:00:00,18.3,87,4.1,80,360,2,358
1990-06-15 11:00:00,19.4,81,0.0,0,421,5,416
1990-06-15 12:00:00,21.7,71,2.6,30,445,1,444
1990-06-15 13:00:00,22.2,64,3.1,70,483,83,403
1990-06-15 14:00:00,23.9,62,1.5,220,675,316,386
1990-06-15 15:00:00,23.9,60,2.6,100,412,118,314
1990-06-15 16:00:00,23.3,64,3.6,100,426,199,287
1990-06-15 17:00:00,24.4,60,3.1,60,409,372,208
1990-06-15 18:00:00,23.9,58,2.6,60,249,371,114
1990-06-15 19:00:00,22.2,62,2.6,80,78,105,60
1990-06-15 20:00:00,20.6,68,2.1,110,9,1,9
1990-06-15 21:00:00,20.0,71,0.0,0,0,0,0
1990-06-15 22:00:00,18.9,78,1.5,280,0,0,0
1990-06-15 23:00:00,18.9,78,0.0,0,0,0,0
1990-06-16 00:00:00,17.2,87,1.5,260,0,0,0
1990-06-16 01:00:00,18.3,81,0.0,0,0,0,0
1990-06-16 02:00:00,16.7,90,0.0,0,0,0,0
1990-06-16 03:00:00,15.6,93,1.5,280,0,0,0
1990-06-16 04:00:00,15.6,93,2.1,270,0,0,0
1990-06-16 05:00:00,16.7,87,0.0,0,5,3,4
1990-06-16 06:00:00,16.7,87,2.1,290,64,120,47
1990-06-16 07:00:00,20.6,76,2.1,50,235,497,75
1990-06-16 08:00:00,22.8,76,1.5,30,427,628,111
1990-06-16 09:00:00,24.4,64,3.1,60,617,711,143
1990-06-16 10:00:00,25.6,58,2.6,140,776,785,147
1990-06-16 11:00:00,26.1,54,2.1,170,870,807,145
1990-06-16 12:00:00,26.7,54,2.6,110,908,791,154
1990-06-16 13:00:00,27.8,53,3.6,70,905,756,181
1990-06-16 14:00:00,28.3,46,2.6,60,875,779,162
1990-06-16 15:00:00,28.3,48,3.1,60,809,796,150
1990-06-16 16:00:00,27.8,51,3.1,110,659,756,129
1990-06-16 17:00:00,27.2,51,4.6,90,457,658,100
1990-06-16 18:00:00,26.1,56,4.1,100,266,507,81
1990-06-16 19:00:00,25.0,62,2.1,150,102,291,50
1990-06-16 20:00:00,23.9,64,1.5,180,12,17,10
1990-06-16 21:00:00,22.8,69,1.5,190,0,0,0
1990-06-16 22:00:00,21.7,76,0.0,0,0,0,0
1990-06-16 23:00:00,20.6,81,1.5,270,0,0,0
1990-06-17 00:00:00,20.0,84,1.5,260,0,0,0
1990-06-17 01:00:00,18.9,87,1.5,240,0,0,0
1990-06-17 02:00:00,19.4,87,0.0,0,0,0,0
1990-06-17 03:00:00,18.3,87,0.0,0,0,0,0
1990-06-17 04:00:00,18.3,87,1.5,260,0,0,0
1990-06-17 05:00:00,17.8,90,0.0,0,3,3,3
1990-06-17 06:00:00,18.9,90,0.0,0,66,178,41
1990-06-17 07:00:00,21.7,87,1.5,110,193,324,89
1990-06-17 08:00:00,25.0,71,0.0,0,404,603,100
1990-06-17 09:00:00,26.1,62,1.5,110,566,653,131
1990-06-17 10:00:00,27.2,60,2.1,30,715,698,155
1990-06-17 11:00:00,27.8,57,1.5,320,815,683,200
1990-06-17 12:00:00,28.9,55,2.6,90,934,749,220
1990-06-17 13:00:00,28.3,57,2.1,100,891,680,239
1990-06-17 14:00:00,29.4,51,3.1,130,865,621,296
1990-06-17 15:00:00,29.4,57,3.6,140,771,674,212
1990-06-17 16:00:00,28.9,53,3.6,130,516,462,192
1990-06-17 17:00:00,28.3,53,4.1,130,460,663,99
1990-06-17 18:00:00,27.2,54,3.6,150,272,535,76
1990-06-17 19:00:00,26.1,56,2.6,150,105,325,46
1990-06-17 20:00:00,23.3,69,2.6,170,11,18,9
1990-06-17 21:00:00,22.8,69,2.1,190,0,0,0
1990-06-17 22:00:00,22.2,73,0.0,0,0,0,0
1990-06-17 23:00:00,21.7,79,2.1,260,0,0,0
1990-06-18 00:00:00,20.6,81,0.0,0,0,0,0
1990-06-18 01:00:00,19.4,87,2.6,180,0,0,0
1990-06-18 02:00:00,18.9,90,1.5,190,0,0,0
1990-06-18 03:00:00,18.3,93,2.1,170,0,0,0
1990-06-18 04:00:00,18.3,93,1.5,230,0,0,0
1990-06-18 05:00:00,17.8,97,1.5,180,2,0,2
1990-06-18 06:00:00,19.4,90,3.1,180,57,60,49
1990-06-18 07:00:00,21.7,81,3.6,190,202,299,105
1990-06-18 08:00:00,23.3,74,5.2,200,382,411,175
1990-06-18 09:00:00,25.6,67,3.6,200,552,424,269
1990-06-18 10:00:00,27.2,60,5.2,190,696,497,298
1990-06-18 11:00:00,28.3,61,5.7,190,788,474,362
1990-06-18 12:00:00,30.0,57,4.6,200,881,587,322
1990-06-18 13:00:00,30.6,57,5.7,190,787,426,378
1990-06-18 14:00:00,31.7,55,4.6,200,777,461,355
1990-06-18 15:00:00,31.7,55,4.6,180,637,359,339
1990-06-18 16:00:00,29.4,65,3.6,190,135,2,133
1990-06-18 17:00:00,22.2,90,4.6,120,176,49,150
1990-06-18 18:00:00,22.8,90,2.6,180,84,3,83
1990-06-18 19:00:00,23.3,87,3.1,180,21,23,17
1990-06-18 20:00:00,23.3,94,3.1,240,10,0,10
1990-06-18 21:00:00,23.3,90,2.6,330,0,0,0
1990-06-18 22:00:00,22.8,90,2.1,220,0,0,0
1990-06-18 23:00:00,22.8,94,5.7,100,0,0,0
1990-06-19 00:00:00,22.2,97,5.2,130,0,0,0
1990-06-19 01:00:00,21.7,90,4.6,180,0,0,0
1990-06-19 02:00:00,20.6,90,2.1,170,0,0,0
1990-06-19 03:00:00,20.6,93,2.1,170,0,0,0
1990-06-19 04:00:00,20.0,93,0.0,0,0,0,0
1990-06-19 05:00:00,20.0,93,1.5,240,2,0,2
1990-06-19 06:00:00,20.6,97,2.1,210,17,0,17
1990-06-19 07:00:00,21.7,93,4.1,250,72,5,70
1990-06-19 08:00:00,22.8,87,3.1,280,226,53,199
1990-06-19 09:00:00,25.0,76,3.1,280,506,350,274
1990-06-19 10:00:00,27.2,60,4.6,320,702,475,322
1990-06-19 11:00:00,28.9,48,2.6,230,810,569,299
1990-06-19 12:00:00,28.3,49,4.1,270,884,583,328
1990-06-19 13:00:00,28.3,48,5.2,290,222,1,221
1990-06-19 14:00:00,23.9,66,4.1,360,324,4,320
1990-06-19 15:00:00,25.6,60,1.5,230,350,10,342
1990-06-19 16:00:00,25.6,64,4.1,320,466,240,297
1990-06-19 17:00:00,26.1,54,7.2,320,402,322,227
1990-06-19 18:00:00,25.6,58,4.1,310,90,15,85
1990-06-19 19:00:00,25.0,62,3.1,300,48,3,47
1990-06-19 20:00:00,23.3,62,3.6,280,8,0,8
1990-06-19 21:00:00,22.2,66,3.6,290,0,0,0
1990-06-19 22:00:00,21.7,64,5.2,300,0,0,0
1990-06-19 23:00:00,20.6,66,6.2,290,0,0,0
1990-06-20 00:00:00,19.4,70,5.7,310,0,0,0
1990-06-20 01:00:00,18.9,73,3.6,300,0,0,0
1990-06-20 02:00:00,17.2,81,3.1,290,0,0,0
1990-06-20 03:00:00,16.7,84,2.6,260,0,0,0
1990-06-20 04:00:00,17.2,78,3.1,310,0,0,0
1990-06-20 05:00:00,16.1,84,2.1,260,1,0,1
1990-06-20 06:00:00,16.7,81,2.6,270,57,59,49
1990-06-20 07:00:00,18.9,73,3.1,300,200,284,109
1990-06-20 08:00:00,21.1,64,4.6,340,393,456,164
1990-06-20 09:00:00,22.2,59,2.6,290,588,569,209
1990-06-20 10:00:00,24.4,52,2.6,320,692,542,259
1990-06-20 11:00:00,25.0,48,4.6,300,798,514,336
1990-06-20 12:00:00,25.6,45,3.1,280,752,345,424
1990-06-20 13:00:00,27.2,41,4.1,310,881,547,356
1990-06-20 14:00:00,27.2,39,3.6,260,844,544,346
1990-06-20 15:00:00,27.8,36,3.1,280,751,559,286
1990-06-20 16:00:00,27.8,37,3.6,230,590,439,282
1990-06-20 17:00:00,26.1,45,2.1,250,208,4,206
1990-06-20 18:00:00,25.6,47,3.1,260,83,0,83
1990-06-20 19:00:00,25.0,48,1.5,320,38,1,38
1990-06-20 20:00:00,23.3,62,3.6,230,9,0,9
1990-06-20 21:00:00,23.3,62,1.5,210,0,0,0
1990-06-20 22:00:00,22.8,66,2.6,200,0,0,0
1990-06-20 23:00:00,22.8,66,2.1,150,0,0,0
1990-06-21 00:00:00,22.2,73,3.1,170,0,0,0
1990-06-21 01:00:00,21.7,76,2.1,150,0,0,0
1990-06-21 02:00:00,22.2,73,2.1,140,0,0,0
1990-06-21 03:00:00,21.7,79,1.5,120,0,0,0
1990-06-21 04:00:00,21.1,84,0.0,0,0,0,0
1990-06-21 05:00:00,21.1,87,2.1,190,2,0,2
1990-06-21 06:00:00,21.1,87,1.5,190,38,1,38
1990-06-21 07:00:00,22.2,84,3.1,270,185,194,123
1990-06-21 08:00:00,25.0,69,5.2,300,361,371,176
1990-06-21 09:00:00,26.1,65,6.7,320,514,474,199
1990-06-21 10:00:00,27.2,58,6.2,300,669,539,238
1990-06-21 11:00:00,28.3,57,5.7,320,848,705,214
1990-06-21 12:00:00,28.3,55,6.2,280,648,302,360
1990-06-21 13:00:00,28.9,53,4.6,300,786,506,300
1990-06-21 14:00:00,30.6,50,4.1,290,891,780,175
1990-06-21 15:00:00,31.1,47,5.7,290,734,625,215
1990-06-21 16:00:00,31.1,43,4.1,300,663,757,130
1990-06-21 17:00:00,31.1,40,7.7,280,479,671,112
1990-06-21 18:00:00,30.6,43,5.2,250,285,546,83
1990-06-21 19:00:00,28.9,48,3.6,250,106,299,51
1990-06-21 20:00:00,26.7,54,3.1,250,15,21,13
1990-06-21 21:00:00,25.0,60,1.5,270,0,0,0
1990-06-21 22:00:00,24.4,62,1.5,270,0,0,0
1990-06-21 23:00:00,23.3,64,2.1,290,0,0,0
1990-06-22 00:00:00,23.9,58,2.1,290,0,0,0
1990-06-22 01:00:00,21.7,66,2.6,240,0,0,0
1990-06-22 02:00:00,20.0,73,2.6,210,0,0,0
1990-06-22 03:00:00,19.4,76,1.5,220,0,0,0
1990-06-22 04:00:00,19.4,76,0.0,0,0,0,0
1990-06-22 05:00:00,18.3,81,2.1,270,3,1,2
1990-06-22 06:00:00,20.0,78,1.5,290,57,89,44
1990-06-22 07:00:00,22.2,71,1.5,260,220,439,80
1990-06-22 08:00:00,25.6,60,2.1,250,405,588,110
1990-06-22 09:00:00,28.3,48,2.1,200,533,545,171
1990-06-22 10:00:00,29.4,40,2.6,200,535,329,272
1990-06-22 11:00:00,30.0,37,3.6,180,786,555,287
1990-06-22 12:00:00,30.6,42,5.2,180,778,500,301
1990-06-22 13:00:00,30.0,42,5.2,180,806,499,328
1990-06-22 14:00:00,31.1,39,4.6,180,777,542,279
1990-06-22 15:00:00,30.6,43,5.2,180,584,260,367
1990-06-22 16:00:00,28.3,48,3.6,160,185,3,183
1990-06-22 17:00:00,28.3,51,3.6,160,172,6,169
1990-06-22 18:00:00,22.8,87,5.2,270,54,0,54
1990-06-22 19:00:00,21.1,97,6.7,150,25,4,24
1990-06-22 20:00:00,20.6,93,3.6,190,10,3,9
1990-06-22 21:00:00,20.6,90,2.6,220,0,0,0
1990-06-22 22:00:00,20.6,90,1.5,250,0,0,0
1990-06-22 23:00:00,20.6,93,0.0,0,0,0,0
1990-06-23 00:00:00,20.6,97,2.6,220,0,0,0
1990-06-23 01:00:00,21.1,93,2.1,190,0,0,0
1990-06-23 02:00:00,21.1,97,2.1,180,0,0,0
1990-06-23 03:00:00,21.7,97,2.6,180,0,0,0
1990-06-23 04:00:00,21.7,97,2.6,180,0,0,0
1990-06-23 05:00:00,21.1,100,1.5,150,1,0,1
1990-06-23 06:00:00,21.7,97,2.1,190,47,3,47
1990-06-23 07:00:00,22.8,84,3.6,240,76,2,75
1990-06-23 08:00:00,23.3,71,4.1,270,167,3,166
1990-06-23 09:00:00,22.8,66,5.7,280,262,5,259
1990-06-23 10:00:00,22.2,71,2.6,260,230,1,229
1990-06-23 11:00:00,25.6,50,3.6,240,574,234,364
1990-06-23 12:00:00,26.1,47,3.1,280,680,321,374
1990-06-23 13:00:00,27.8,46,3.6,270,871,674,224
1990-06-23 14:00:00,28.3,48,5.2,180,866,695,227
1990-06-23 15:00:00,28.3,53,2.6,130,677,563,209
1990-06-23 16:00:00,26.7,60,6.2,200,438,260,254
1990-06-23 17:00:00,28.9,46,2.1,170,454,574,139
1990-06-23 18:00:00,27.2,44,5.7,240,274,526,79
1990-06-23 19:00:00,25.0,54,3.6,200,95,172,63
1990-06-23 20:00:00,23.9,58,2.1,190,13,23,11
1990-06-23 21:00:00,22.8,64,2.6,190,0,0,0
1990-06-23 22:00:00,22.2,66,2.6,260,0,0,0
1990-06-23 23:00:00,22.2,62,3.6,270,0,0,0
1990-06-24 00:00:00,21.1,61,1.5,250,0,0,0
1990-06-24 01:00:00,19.4,68,2.1,260,0,0,0
1990-06-24 02:00:00,18.3,76,1.5,260,0,0,0
1990-06-24 03:00:00,17.8,75,2.1,270,0,0,0
1990-06-24 04:00:00,16.7,81,2.1,250,0,0,0
1990-06-24 05:00:00,16.7,78,2.1,260,6,16,4
1990-06-24 06:00:00,18.3,73,2.6,270,76,325,32
1990-06-24 07:00:00,20.6,66,3.1,260,248,609,54
1990-06-24 08:00:00,22.8,55,6.2,260,447,747,74
1990-06-24 09:00:00,23.3,54,7.2,280,634,819,91
1990-06-24 10:00:00,24.4,47,7.2,290,750,770,135
1990-06-24 11:00:00,23.9,48,7.2,290,522,216,328
1990-06-24 12:00:00,23.9,48,7.2,270,390,3,387
1990-06-24 13:00:00,25.0,45,6.7,260,634,321,326
1990-06-24 14:00:00,25.6,44,6.2,280,556,152,417
1990-06-24 15:00:00,25.0,45,5.2,260,487,198,323
1990-06-24 16:00:00,25.6,45,5.7,240,467,298,257
1990-06-24 17:00:00,24.4,50,3.6,260,301,133,228
1990-06-24 18:00:00,25.6,45,6.2,290,291,504,103
1990-06-24 19:00:00,23.3,52,4.1,280,112,375,42
1990-06-24 20:00:00,21.1,59,3.6,270,9,16,7
1990-06-24 21:00:00,21.1,55,4.1,280,0,0,0
1990-06-24 22:00:00,19.4,59,3.1,290,0,0,0
1990-06-24 23:00:00,17.8,65,2.1,270,0,0,0
1990-06-25 00:00:00,18.3,63,3.6,290,0,0,0
1990-06-25 01:00:00,17.2,70,2.6,270,0,0,0
1990-06-25 02:00:00,16.7,75,2.6,260,0,0,0
1990-06-25 03:00:00,16.7,75,2.6,240,0,0,0
1990-06-25 04:00:00,15.6,78,2.6,230,0,0,0
1990-06-25 05:00:00,15.0,81,2.6,240,4,5,4
1990-06-25 06:00:00,17.2,73,2.1,260,70,239,38
1990-06-25 07:00:00,18.9,65,3.1,280,237,534,68
1990-06-25 08:00:00,21.1,53,5.2,270,434,682,95
1990-06-25 09:00:00,22.8,50,5.2,300,627,770,117
1990-06-25 10:00:00,23.9,46,5.2,290,760,792,127
1990-06-25 11:00:00,24.4,45,6.7,290,797,527,324
1990-06-25 12:00:00,25.0,45,6.2,290,716,382,352
1990-06-25 13:00:00,26.1,45,5.2,290,778,514,285
1990-06-25 14:00:00,26.1,45,4.1,290,802,627,226
1990-06-25 15:00:00,26.1,45,2.1,330,495,162,360
1990-06-25 16:00:00,26.1,45,2.6,340,285,95,218
1990-06-25 17:00:00,25.6,47,2.1,280,149,27,134
1990-06-25 18:00:00,25.6,47,2.1,300,214,131,165
1990-06-25 19:00:00,25.0,48,2.1,280,76,92,59
1990-06-25 20:00:00,21.7,66,2.1,140,13,28,10
1990-06-25 21:00:00,21.1,71,2.1,200,0,0,0
1990-06-25 22:00:00,20.6,73,0.0,0,0,0,0
1990-06-25 23:00:00,19.4,81,2.1,270,0,0,0
1990-06-26 00:00:00,17.8,87,2.1,270,0,0,0
1990-06-26 01:00:00,17.2,87,2.6,260,0,0,0
1990-06-26 02:00:00,16.7,90,1.5,260,0,0,0
1990-06-26 03:00:00,17.2,87,0.0,0,0,0,0
1990-06-26 04:00:00,17.2,87,1.5,280,0,0,0
1990-06-26 05:00:00,16.7,90,2.1,260,2,4,2
1990-06-26 06:00:00,17.8,87,2.1,280,69,242,37
1990-06-26 07:00:00,21.1,73,1.5,270,235,534,66
1990-06-26 08:00:00,23.3,66,3.1,250,428,676,92
1990-06-26 09:00:00,25.6,58,2.1,320,594,736,107
1990-06-26 10:00:00,27.8,49,5.2,180,731,665,201
1990-06-26 11:00:00,27.8,51,3.6,160,552,335,252
1990-06-26 12:00:00,28.3,49,1.5,230,771,507,289
1990-06-26 13:00:00,28.3,51,5.7,190,927,677,278
1990-06-26 14:00:00,30.0,43,4.1,190,700,416,318
1990-06-26 15:00:00,30.0,42,3.6,200,726,586,238
1990-06-26 16:00:00,30.6,42,3.1,210,531,298,320
1990-06-26 17:00:00,27.8,59,6.7,160,416,471,158
1990-06-26 18:00:00,26.7,63,4.6,160,275,419,119
1990-06-26 19:00:00,25.6,69,4.6,180,92,119,69
1990-06-26 20:00:00,23.9,76,2.1,160,10,7,9
1990-06-26 21:00:00,23.3,79,2.1,180,0,0,0
1990-06-26 22:00:00,22.2,82,2.1,180,0,0,0
1990-06-26 23:00:00,21.7,79,1.5,180,0,0,0
1990-06-27 00:00:00,20.6,81,1.5,160,0,0,0
1990-06-27 01:00:00,20.0,81,0.0,0,0,0,0
1990-06-27 02:00:00,19.4,84,1.5,160,0,0,0
1990-06-27 03:00:00,20.0,84,2.1,210,0,0,0
1990-06-27 04:00:00,20.0,84,1.5,220,0,0,0
1990-06-27 05:00:00,19.4,87,0.0,0,4,4,3
1990-06-27 06:00:00,20.6,84,0.0,0,75,335,31
1990-06-27 07:00:00,23.3,79,3.1,220,245,613,52
1990-06-27 08:00:00,25.6,69,3.1,250,342,520,84
1990-06-27 09:00:00,27.2,63,3.6,240,626,815,88
1990-06-27 10:00:00,28.9,55,4.1,250,735,800,98
1990-06-27 11:00:00,30.0,51,2.1,230,903,887,108
1990-06-27 12:00:00,31.7,44,3.1,250,907,854,95
1990-06-27 13:00:00,31.1,43,2.1,200,747,462,304
1990-06-27 14:00:00,32.8,37,4.6,240,820,626,246
1990-06-27 15:00:00,32.8,34,4.1,240,462,153,334
1990-06-27 16:00:00,29.4,53,5.7,170,465,331,231
1990-06-27 17:00:00,29.4,55,3.6,200,288,245,153
1990-06-27 18:00:00,28.9,59,3.1,200,121,12,116
1990-06-27 19:00:00,28.9,53,2.6,190,54,25,50
1990-06-27 20:00:00,27.2,60,1.5,190,9,12,8
1990-06-27 21:00:00,26.1,69,0.0,0,0,0,0
1990-06-27 22:00:00,25.0,71,1.5,270,0,0,0
1990-06-27 23:00:00,24.4,74,3.1,170,0,0,0
1990-06-28 00:00:00,22.8,84,2.1,220,0,0,0
1990-06-28 01:00:00,22.2,84,2.1,230,0,0,0
1990-06-28 02:00:00,22.2,84,2.1,270,0,0,0
1990-06-28 03:00:00,20.6,90,2.1,260,0,0,0
1990-06-28 04:00:00,20.6,87,1.5,230,0,0,0
1990-06-28 05:00:00,20.6,87,1.5,290,1,4,1
1990-06-28 06:00:00,22.8,71,2.1,330,61,199,35
1990-06-28 07:00:00,25.0,60,2.6,360,223,489,69
1990-06-28 08:00:00,27.8,53,2.1,10,429,681,92
1990-06-28 09:00:00,28.9,41,2.1,90,623,772,113
1990-06-28 10:00:00,30.0,43,1.5,200,728,753,128
1990-06-28 11:00:00,31.7,33,2.6,290,899,827,158
1990-06-28 12:00:00,31.7,36,2.6,300,963,857,148
1990-06-28 13:00:00,32.8,33,1.5,290,922,818,137
1990-06-28 14:00:00,33.3,32,1.5,290,815,681,190
1990-06-28 15:00:00,32.8,30,0.0,0,746,699,164
1990-06-28 16:00:00,33.9,29,2.1,240,644,679,164
1990-06-28 17:00:00,31.7,47,1.5,190,453,628,108
1990-06-28 18:00:00,29.4,55,4.6,180,222,294,112
1990-06-28 19:00:00,28.3,61,2.6,170,87,79,72
1990-06-28 20:00:00,26.1,67,3.1,180,13,12,12
1990-06-28 21:00:00,25.6,69,2.6,180,0,0,0
1990-06-28 22:00:00,25.6,67,3.6,210,0,0,0
1990-06-28 23:00:00,25.0,69,3.1,220,0,0,0
1990-06-29 00:00:00,23.9,69,3.6,220,0,0,0
1990-06-29 01:00:00,23.3,69,3.1,220,0,0,0
1990-06-29 02:00:00,23.3,71,2.1,230,0,0,0
1990-06-29 03:00:00,22.8,76,2.6,240,0,0,0
1990-06-29 04:00:00,22.2,82,2.6,240,0,0,0
1990-06-29 05:00:00,21.7,84,2.1,270,3,0,3
1990-06-29 06:00:00,22.2,87,0.0,0,43,48,37
1990-06-29 07:00:00,25.0,76,0.0,0,209,411,81
1990-06-29 08:00:00,27.2,67,3.6,230,397,551,124
1990-06-29 09:00:00,28.9,61,3.6,240,560,605,161
1990-06-29 10:00:00,31.1,50,3.1,240,724,702,166
1990-06-29 11:00:00,32.2,45,6.2,240,845,752,172
1990-06-29 12:00:00,33.3,38,6.2,280,892,730,199
1990-06-29 13:00:00,33.9,37,4.1,250,898,673,252
1990-06-29 14:00:00,34.4,33,7.2,260,868,715,212
1990-06-29 15:00:00,34.4,35,4.6,230,751,640,219
1990-06-29 16:00:00,35.0,34,6.2,250,632,671,158
1990-06-29 17:00:00,33.9,37,6.2,260,436,565,125
1990-06-29 18:00:00,31.7,48,6.2,210,248,366,112
1990-06-29 19:00:00,31.1,50,4.6,200,83,119,61
1990-06-29 20:00:00,29.4,55,3.6,240,15,3,15
1990-06-29 21:00:00,30.0,51,3.6,230,0,0,0
1990-06-29 22:00:00,27.8,53,7.7,290,0,0,0
1990-06-29 23:00:00,26.7,60,3.1,230,0,0,0
1990-06-30 00:00:00,27.2,60,5.7,260,0,0,0
1990-06-30 01:00:00,26.1,65,4.1,260,0,0,0
1990-06-30 02:00:00,25.0,69,2.1,260,0,0,0
1990-06-30 03:00:00,23.9,74,2.6,250,0,0,0
1990-06-30 04:00:00,23.3,79,3.1,270,0,0,0
1990-06-30 05:00:00,23.3,79,2.1,260,2,1,2
1990-06-30 06:00:00,23.9,79,2.1,260,62,184,39
1990-06-30 07:00:00,26.1,72,3.6,270,221,473,74
1990-06-30 08:00:00,27.8,65,5.7,260,415,630,104
1990-06-30 09:00:00,28.9,61,6.7,270,602,717,130
1990-06-30 10:00:00,30.0,55,6.7,290,733,691,183
1990-06-30 11:00:00,31.1,50,7.2,290,731,528,259
1990-06-30 12:00:00,31.7,47,6.7,300,862,612,280
1990-06-30 13:00:00,32.2,44,6.2,290,905,683,250
1990-06-30 14:00:00,33.3,40,5.7,260,861,710,209
1990-06-30 15:00:00,32.8,39,4.1,270,708,556,245
1990-06-30 16:00:00,33.3,37,4.1,270,642,703,145
1990-06-30 17:00:00,32.2,42,4.1,250,450,553,146
1990-06-30 18:00:00,31.1,45,5.2,270,202,222,120
1990-06-30 19:00:00,30.0,51,4.1,260,36,24,31
1990-06-30 20:00:00,28.9,59,3.6,270,5,0,5
1990-06-30 21:00:00,27.2,65,2.6,210,0,0,0
1990-06-30 22:00:00,26.5,67,3.5,270,0,0,0
1990-06-30 23:00:00,25.8,72,4.4,290,0,0,0
1990-07-01 00:00:00,25.1,79,5.3,270,0,0,0
1981-07-01 01:00:00,24.3,76,6.1,50,0,0,0
1981-07-01 02:00:00,23.6,77,7.0,50,0,0,0
1981-07-01 03:00:00,22.9,78,7.9,60,0,0,0
1981-07-01 04:00:00,22.2,79,8.8,60,0,0,0
1981-07-01 05:00:00,22.4,80,8.8,70,2,0,2
1981-07-01 06:00:00,22.6,81,8.8,90,29,6,28
1981-07-01 07:00:00,22.8,82,8.8,100,91,4,89
1981-07-01 08:00:00,23.9,76,8.1,120,175,9,171
1981-07-01 09:00:00,25.0,71,7.4,130,285,87,228
1981-07-01 10:00:00,26.1,65,6.7,150,363,115,272
1981-07-01 11:00:00,25.0,71,5.5,130,392,86,315
1981-07-01 12:00:00,23.9,78,4.3,110,571,162,417
1981-07-01 13:00:00,22.8,84,3.1,90,328,48,282
1981-07-01 14:00:00,23.7,79,4.1,100,329,80,256
1981-07-01 15:00:00,24.7,74,5.2,110,342,1,341
1981-07-01 16:00:00,25.6,69,6.2,120,275,9,269
1981-07-01 17:00:00,24.5,72,5.5,110,176,9,171
1981-07-01 18:00:00,23.3,76,4.8,110,119,3,118
1981-07-01 19:00:00,22.2,79,4.1,100,31,4,31
1981-07-01 20:00:00,22.0,82,4.1,100,10,0,10
1981-07-01 21:00:00,21.9,84,4.1,90,0,0,0
1981-07-01 22:00:00,21.7,87,4.1,90,0,0,0
1981-07-01 23:00:00,21.3,88,3.8,90,0,0,0
1981-07-02 00:00:00,21.0,89,3.4,90,0,0,0
1981-07-02 01:00:00,20.6,90,3.1,90,0,0,0
1981-07-02 02:00:00,21.0,90,3.3,90,0,0,0
1981-07-02 03:00:00,21.3,90,3.4,90,0,0,0
1981-07-02 04:00:00,21.7,90,3.6,90,0,0,0
1981-07-02 05:00:00,21.7,91,2.9,90,2,0,2
1981-07-02 06:00:00,21.7,92,2.2,80,44,1,44
1981-07-02 07:00:00,21.7,93,1.5,80,105,0,105
1981-07-02 08:00:00,22.4,90,2.5,90,216,1,216
1981-07-02 09:00:00,23.2,88,3.6,90,296,0,296
1981-07-02 10:00:00,23.9,85,4.6,100,356,1,355
1981-07-02 11:00:00,24.6,82,4.4,100,582,213,392
1981-07-02 12:00:00,25.4,80,4.3,100,658,255,415
1981-07-02 13:00:00,26.1,77,4.1,100,742,376,382
1981-07-02 14:00:00,26.1,74,5.0,100,503,217,304
1981-07-02 15:00:00,26.1,72,5.8,90,644,377,330
1981-07-02 16:00:00,26.1,69,6.7,90,429,173,307
1981-07-02 17:00:00,24.8,76,5.5,100,225,9,220
1981-07-02 18:00:00,23.5,83,4.3,100,111,36,98
1981-07-02 19:00:00,22.2,90,3.1,110,56,2,56
1981-07-02 20:00:00,22.2,89,2.8,100,9,0,9
1981-07-02 21:00:00,22.2,88,2.4,80,0,0,0
1981-07-02 22:00:00,22.2,87,2.1,70,0,0,0
1981-07-02 23:00:00,22.0,88,2.3,80,0,0,0
1981-07-03 00:00:00,21.9,89,2.4,80,0,0,0
1981-07-03 01:00:00,21.7,90,2.6,90,0,0,0
1981-07-03 02:00:00,21.7,91,2.2,90,0,0,0
1981-07-03 03:00:00,21.7,92,1.9,90,0,0,0
1981-07-03 04:00:00,21.7,93,1.5,90,0,0,0
1981-07-03 05:00:00,21.7,93,1.7,110,0,0,0
1981-07-03 06:00:00,21.7,93,1.9,120,36,2,36
1981-07-03 07:00:00,21.7,93,2.1,140,49,5,48
1981-07-03 08:00:00,22.2,90,2.1,120,168,6,165
1981-07-03 09:00:00,22.8,87,2.1,90,263,5,260
1981-07-03 10:00:00,23.3,84,2.1,70,363,2,361
1981-07-03 11:00:00,24.2,80,2.4,80,384,3,382
1981-07-03 12:00:00,25.2,76,2.8,80,445,1,444
1981-07-03 13:00:00,26.1,72,3.1,90,418,0,418
1981-07-03 14:00:00,26.1,72,3.1,130,436,0,435
1981-07-03 15:00:00,26.1,72,3.1,170,376,2,375
1981-07-03 16:00:00,26.1,72,3.1,210,299,0,299
1981-07-03 17:00:00,25.4,74,2.8,190,232,0,232
1981-07-03 18:00:00,24.6,77,2.4,170,137,0,137
1981-07-03 19:00:00,23.9,79,2.1,150,36,1,36
1981-07-03 20:00:00,23.3,82,2.3,160,14,0,14
1981-07-03 21:00:00,22.8,84,2.4,180,0,0,0
1981-07-03 22:00:00,22.2,87,2.6,190,0,0,0
1981-07-03 23:00:00,21.8,86,2.2,200,0,0,0
1981-07-04 00:00:00,21.5,85,1.9,220,0,0,0
1981-07-04 01:00:00,21.1,84,1.5,230,0,0,0
1981-07-04 02:00:00,20.7,86,1.7,290,0,0,0
1981-07-04 03:00:00,20.4,88,1.9,340,0,0,0
1981-07-04 04:00:00,20.0,90,2.1,40,0,0,0
1981-07-04 05:00:00,20.0,90,2.8,50,3,0,3
1981-07-04 06:00:00,20.0,90,3.4,50,37,0,37
1981-07-04 07:00:00,20.0,90,4.1,60,71,0,71
1981-07-04 08:00:00,20.2,91,3.9,60,212,1,211
1981-07-04 09:00:00,20.4,92,3.8,60,276,0,276
1981-07-04 10:00:00,20.6,93,3.6,60,206,0,206
1981-07-04 11:00:00,21.0,93,3.3,50,395,0,395
1981-07-04 12:00:00,21.3,93,2.9,50,460,1,459
1981-07-04 13:00:00,21.7,93,2.6,40,259,0,259
1981-07-04 14:00:00,22.6,90,3.1,30,404,1,403
1981-07-04 15:00:00,23.5,88,3.6,10,404,1,404
1981-07-04 16:00:00,24.4,85,4.1,360,327,1,327
1981-07-04 17:00:00,24.0,85,4.1,340,216,115,153
1981-07-04 18:00:00,23.7,84,4.1,310,224,229,139
1981-07-04 19:00:00,23.3,84,4.1,290,79,74,65
1981-07-04 20:00:00,22.4,86,3.4,280,13,7,12
1981-07-04 21:00:00,21.5,88,2.8,280,0,0,0
1981-07-04 22:00:00,20.6,90,2.1,270,0,0,0
1981-07-04 23:00:00,20.4,90,2.3,270,0,0,0
1981-07-05 00:00:00,20.2,90,2.4,280,0,0,0
1981-07-05 01:00:00,20.0,90,2.6,280,0,0,0
1981-07-05 02:00:00,19.8,91,2.8,280,0,0,0
1981-07-05 03:00:00,19.6,92,2.9,290,0,0,0
1981-07-05 04:00:00,19.4,93,3.1,290,0,0,0
1981-07-05 05:00:00,20.2,92,2.8,280,1,0,1
1981-07-05 06:00:00,20.9,91,2.4,280,36,13,35
1981-07-05 07:00:00,21.7,90,2.1,270,48,1,47
1981-07-05 08:00:00,22.4,88,2.1,260,124,1,123
1981-07-05 09:00:00,23.2,87,2.1,240,190,3,188
1981-07-05 10:00:00,23.9,85,2.1,230,277,8,270
1981-07-05 11:00:00,24.8,81,2.8,250,345,1,344
1981-07-05 12:00:00,25.8,76,3.4,260,401,1,400
1981-07-05 13:00:00,26.7,72,4.1,280,439,1,438
1981-07-05 14:00:00,26.3,74,3.8,270,382,3,379
1981-07-05 15:00:00,26.0,77,3.4,260,346,1,345
1981-07-05 16:00:00,25.6,79,3.1,250,319,1,319
1981-07-05 17:00:00,25.2,81,2.8,230,224,1,223
1981-07-05 18:00:00,24.8,83,2.4,220,137,1,136
1981-07-05 19:00:00,24.4,85,2.1,200,65,0,65
1981-07-05 20:00:00,23.9,86,2.1,200,14,0,14
1981-07-05 21:00:00,23.3,86,2.1,210,0,0,0
1981-07-05 22:00:00,22.8,87,2.1,210,0,0,0
1981-07-05 23:00:00,22.4,89,1.4,260,0,0,0
1981-07-06 00:00:00,22.1,91,0.7,310,0,0,0
1981-07-06 01:00:00,21.7,93,0.0,0,0,0,0
1981-07-06 02:00:00,21.5,92,0.0,0,0,0,0
1981-07-06 03:00:00,21.3,91,0.0,0,0,0,0
1981-07-06 04:00:00,21.1,90,0.0,0,0,0,0
1981-07-06 05:00:00,21.7,89,1.0,350,2,0,2
1981-07-06 06:00:00,22.2,88,2.1,330,24,21,21
1981-07-06 07:00:00,22.8,87,3.1,320,109,37,98
1981-07-06 08:00:00,24.1,84,2.6,310,309,249,187
1981-07-06 09:00:00,25.4,80,2.0,310,464,315,259
1981-07-06 10:00:00,26.7,77,1.5,300,628,483,246
1981-07-06 11:00:00,27.6,73,1.7,300,611,324,322
1981-07-06 12:00:00,28.5,69,1.9,290,779,580,229
1981-07-06 13:00:00,29.4,65,2.1,290,627,350,292
1981-07-06 14:00:00,29.8,61,2.6,290,733,577,204
1981-07-06 15:00:00,30.2,57,3.1,300,786,727,181
1981-07-06 16:00:00,30.6,53,3.6,300,617,610,186
1981-07-06 17:00:00,29.8,56,2.9,300,409,415,181
1981-07-06 18:00:00,29.1,60,2.2,290,236,331,113
1981-07-06 19:00:00,28.3,63,1.5,290,92,142,65
1981-07-06 20:00:00,27.4,68,1.7,290,13,5,13
1981-07-06 21:00:00,26.5,74,1.9,290,0,0,0
1981-07-06 22:00:00,25.6,79,2.1,290,0,0,0
1981-07-06 23:00:00,24.7,82,2.6,290,0,0,0
1981-07-07 00:00:00,23.7,84,3.1,280,0,0,0
1981-07-07 01:00:00,22.8,87,3.6,280,0,0,0
1981-07-07 02:00:00,22.4,87,3.3,280,0,0,0
1981-07-07 03:00:00,22.1,87,2.9,280,0,0,0
1981-07-07 04:00:00,21.7,87,2.6,280,0,0,0
1981-07-07 05:00:00,22.8,83,3.1,300,0,0,0
1981-07-07 06:00:00,23.9,80,3.6,330,48,44,43
1981-07-07 07:00:00,25.0,76,4.1,350,185,280,101
1981-07-07 08:00:00,26.5,72,3.9,330,375,455,154
1981-07-07 09:00:00,27.9,69,3.8,320,536,527,193
1981-07-07 10:00:00,29.4,65,3.6,300,696,600,222
1981-07-07 11:00:00,30.2,60,4.1,310,827,650,248
1981-07-07 12:00:00,30.9,55,4.7,310,871,636,269
1981-07-07 13:00:00,31.7,50,5.2,320,882,636,273
1981-07-07 14:00:00,31.9,50,5.2,330,835,608,277
1981-07-07 15:00:00,32.0,50,5.2,330,731,569,257
1981-07-07 16:00:00,32.2,50,5.2,340,598,506,241
1981-07-07 17:00:00,31.5,52,4.7,320,428,470,170
1981-07-07 18:00:00,30.7,53,4.1,300,222,269,121
1981-07-07 19:00:00,30.0,55,3.6,280,87,117,66
1981-07-07 20:00:00,28.7,59,3.4,280,14,2,14
1981-07-07 21:00:00,27.4,63,3.3,280,0,0,0
1981-07-07 22:00:00,26.1,67,3.1,280,0,0,0
1981-07-07 23:00:00,25.4,69,2.9,290,0,0,0
1981-07-08 00:00:00,24.6,72,2.8,290,0,0,0
1981-07-08 01:00:00,23.9,74,2.6,300,0,0,0
1981-07-08 02:00:00,24.1,73,3.1,300,0,0,0
1981-07-08 03:00:00,24.2,72,3.6,310,0,0,0
1981-07-08 04:00:00,24.4,71,4.1,310,0,0,0
1981-07-08 05:00:00,25.2,70,3.8,310,2,6,2
1981-07-08 06:00:00,25.9,68,3.4,300,61,258,31
1981-07-08 07:00:00,26.7,67,3.1,300,226,556,59
1981-07-08 08:00:00,28.2,62,3.6,300,419,686,87
1981-07-08 09:00:00,29.6,58,4.1,300,609,752,121
1981-07-08 10:00:00,31.1,53,4.6,300,771,792,147
1981-07-08 11:00:00,31.7,53,4.8,300,888,818,160
1981-07-08 12:00:00,32.2,52,5.0,310,889,777,153
1981-07-08 13:00:00,32.8,52,5.2,310,891,769,156
1981-07-08 14:00:00,33.0,51,5.2,310,843,787,122
1981-07-08 15:00:00,33.1,50,5.2,300,819,837,122
1981-07-08 16:00:00,33.3,49,5.2,300,677,816,100
1981-07-08 17:00:00,32.6,53,4.8,280,492,742,84
1981-07-08 18:00:00,31.8,57,4.5,270,299,632,63
1981-07-08 19:00:00,31.1,61,4.1,250,117,410,41
1981-07-08 20:00:00,29.8,65,3.9,250,18,54,13
1981-07-08 21:00:00,28.5,68,3.8,260,0,0,0
1981-07-08 22:00:00,27.2,72,3.6,260,0,0,0
1981-07-08 23:00:00,27.0,72,3.4,270,0,0,0
1981-07-09 00:00:00,26.9,72,3.3,280,0,0,0
1981-07-09 01:00:00,26.7,72,3.1,290,0,0,0
1981-07-09 02:00:00,26.3,74,3.3,290,0,0,0
1981-07-09 03:00:00,26.0,75,3.4,280,0,0,0
1981-07-09 04:00:00,25.6,77,3.6,280,0,0,0
1981-07-09 05:00:00,26.3,76,3.6,280,1,1,1
1981-07-09 06:00:00,27.1,75,3.6,290,55,183,34
1981-07-09 07:00:00,27.8,74,3.6,290,214,492,67
1981-07-09 08:00:00,29.3,71,4.1,290,408,649,95
1981-07-09 09:00:00,30.7,67,4.7,290,598,738,119
1981-07-09 10:00:00,32.2,64,5.2,290,757,789,136
1981-07-09 11:00:00,32.8,62,5.2,290,842,799,132
1981-07-09 12:00:00,33.3,60,5.2,290,798,563,266
1981-07-09 13:00:00,33.9,58,5.2,290,882,679,233
1981-07-09 14:00:00,34.1,56,5.4,290,839,701,197
1981-07-09 15:00:00,34.2,54,5.5,280,684,608,179
1981-07-09 16:00:00,34.4,52,5.7,280,624,717,117
1981-07-09 17:00:00,33.7,55,4.8,280,475,679,102
1981-07-09 18:00:00,32.9,58,4.0,270,287,562,78
1981-07-09 19:00:00,32.2,61,3.1,270,108,323,48
1981-07-09 20:00:00,30.9,63,3.3,270,16,25,13
1981-07-09 21:00:00,29.6,65,3.4,260,0,0,0
1981-07-09 22:00:00,28.3,67,3.6,260,0,0,0
1981-07-09 23:00:00,27.8,69,3.3,260,0,0,0
1981-07-10 00:00:00,27.2,72,2.9,270,0,0,0
1981-07-10 01:00:00,26.7,74,2.6,270,0,0,0
1981-07-10 02:00:00,26.3,76,2.6,270,0,0,0
1981-07-10 03:00:00,26.0,77,2.6,270,0,0,0
1981-07-10 04:00:00,25.6,79,2.6,270,0,0,0
1981-07-10 05:00:00,26.5,77,3.1,280,2,6,1
1981-07-10 06:00:00,27.4,74,3.6,280,58,253,30
1981-07-10 07:00:00,28.3,72,4.1,290,221,559,55
1981-07-10 08:00:00,29.1,69,4.6,300,372,602,83
1981-07-10 09:00:00,29.8,66,5.2,320,568,718,104
1981-07-10 10:00:00,30.6,63,5.7,330,664,626,172
1981-07-10 11:00:00,31.3,55,5.5,320,849,797,141
1981-07-10 12:00:00,32.1,46,5.4,320,884,774,153
1981-07-10 13:00:00,32.8,38,5.2,310,917,763,188
1981-07-10 14:00:00,32.8,36,5.2,310,866,827,109
1981-07-10 15:00:00,32.8,34,5.2,310,777,783,127
1981-07-10 16:00:00,32.8,32,5.2,310,660,811,88
1981-07-10 17:00:00,31.9,36,4.5,320,478,715,86
1981-07-10 18:00:00,30.9,39,3.8,340,270,503,83
1981-07-10 19:00:00,30.0,43,3.1,350,102,292,49
1981-07-10 20:00:00,28.0,52,2.8,340,16,36,12
1981-07-10 21:00:00,25.9,62,2.4,320,0,0,0
1981-07-10 22:00:00,23.9,71,2.1,310,0,0,0
1981-07-10 23:00:00,23.2,72,2.1,300,0,0,0
1981-07-11 00:00:00,22.4,72,2.1,300,0,0,0
1981-07-11 01:00:00,21.7,73,2.1,290,0,0,0
1981-07-11 02:00:00,21.9,72,2.8,310,0,0,0
1981-07-11 03:00:00,22.0,72,3.4,320,0,0,0
1981-07-11 04:00:00,22.2,71,4.1,340,0,0,0
1981-07-11 05:00:00,23.3,67,3.8,340,2,7,1
1981-07-11 06:00:00,24.5,62,3.4,350,59,290,27
1981-07-11 07:00:00,25.6,58,3.1,350,227,600,49
1981-07-11 08:00:00,26.9,53,3.1,360,424,742,69
1981-07-11 09:00:00,28.1,48,3.1,10,612,814,86
1981-07-11 10:00:00,29.4,43,3.1,20,775,863,98
1981-07-11 11:00:00,30.2,41,3.8,360,893,888,106
1981-07-11 12:00:00,30.9,38,4.5,330,961,897,114
1981-07-11 13:00:00,31.7,36,5.2,310,973,900,115
1981-07-11 14:00:00,31.9,35,4.0,330,930,894,112
1981-07-11 15:00:00,32.0,35,2.7,340,764,804,97
1981-07-11 16:00:00,32.2,34,1.5,360,639,773,94
1981-07-11 17:00:00,31.5,38,1.9,340,466,699,83
1981-07-11 18:00:00,30.7,41,2.2,320,267,443,103
1981-07-11 19:00:00,30.0,45,2.6,300,110,306,54
1981-07-11 20:00:00,27.8,52,1.7,320,17,40,13
1981-07-11 21:00:00,25.5,59,0.9,340,0,0,0
1981-07-11 22:00:00,23.3,66,0.0,0,0,0,0
1981-07-11 23:00:00,22.6,68,0.7,340,0,0,0
1981-07-12 00:00:00,21.8,71,1.4,310,0,0,0
1981-07-12 01:00:00,21.1,73,2.1,290,0,0,0
1981-07-12 02:00:00,20.9,73,2.1,280,0,0,0
1981-07-12 03:00:00,20.8,73,2.1,270,0,0,0
1981-07-12 04:00:00,20.6,73,2.1,260,0,0,0
1981-07-12 05:00:00,21.3,72,1.9,280,0,0,0
1981-07-12 06:00:00,22.1,72,1.7,300,36,15,34
1981-07-12 07:00:00,22.8,71,1.5,320,162,190,106
1981-07-12 08:00:00,25.6,62,2.5,300,362,423,160
1981-07-12 09:00:00,28.3,54,3.6,280,457,418,187
1981-07-12 10:00:00,31.1,45,4.6,260,731,757,138
1981-07-12 11:00:00,32.0,41,4.4,230,835,805,122
1981-07-12 12:00:00,33.0,37,4.3,190,907,847,108
1981-07-12 13:00:00,33.9,33,4.1,160,972,878,136
1981-07-12 14:00:00,33.9,34,4.3,170,917,859,132
1981-07-12 15:00:00,33.9,35,4.4,190,813,827,128
1981-07-12 16:00:00,33.9,36,4.6,200,666,783,114
1981-07-12 17:00:00,32.4,42,4.1,190,491,715,100
1981-07-12 18:00:00,30.9,49,3.6,180,263,455,95
1981-07-12 19:00:00,29.4,55,3.1,170,105,296,51
1981-07-12 20:00:00,28.1,60,2.8,180,15,27,12
1981-07-12 21:00:00,26.9,66,2.4,190,0,0,0
1981-07-12 22:00:00,25.6,71,2.1,200,0,0,0
1981-07-12 23:00:00,25.4,71,2.3,190,0,0,0
1981-07-13 00:00:00,25.2,71,2.4,190,0,0,0
1981-07-13 01:00:00,25.0,71,2.6,180,0,0,0
1981-07-13 02:00:00,24.8,75,2.8,200,0,0,0
1981-07-13 03:00:00,24.6,78,2.9,210,0,0,0
1981-07-13 04:00:00,24.4,82,3.1,230,0,0,0
1981-07-13 05:00:00,24.8,83,3.3,230,0,0,0
1981-07-13 06:00:00,25.2,84,3.4,220,35,26,33
1981-07-13 07:00:00,25.6,85,3.6,220,111,37,101
1981-07-13 08:00:00,27.1,75,3.6,240,295,249,176
1981-07-13 09:00:00,28.5,65,3.6,270,386,323,178
1981-07-13 10:00:00,30.0,55,3.6,290,571,384,270
1981-07-13 11:00:00,31.1,52,5.0,290,789,578,278
1981-07-13 12:00:00,32.2,50,6.3,280,631,312,338
1981-07-13 13:00:00,33.3,47,7.7,280,738,485,277
1981-07-13 14:00:00,32.6,50,7.2,280,829,616,266
1981-07-13 15:00:00,31.8,54,6.7,270,556,217,376
1981-07-13 16:00:00,31.1,57,6.2,270,343,74,291
1981-07-13 17:00:00,30.2,60,5.5,260,327,163,238
1981-07-13 18:00:00,29.2,62,4.8,260,239,317,123
1981-07-13 19:00:00,28.3,65,4.1,250,97,245,52
1981-07-13 20:00:00,27.4,69,3.8,260,16,34,12
1981-07-13 21:00:00,26.5,73,3.4,280,0,0,0
1981-07-13 22:00:00,25.6,77,3.1,290,0,0,0
1981-07-13 23:00:00,25.2,78,2.9,290,0,0,0
1981-07-14 00:00:00,24.8,78,2.8,290,0,0,0
1981-07-14 01:00:00,24.4,79,2.6,290,0,0,0
1981-07-14 02:00:00,24.0,80,2.2,280,0,0,0
1981-07-14 03:00:00,23.7,81,1.9,270,0,0,0
1981-07-14 04:00:00,23.3,82,1.5,260,0,0,0
1981-07-14 05:00:00,24.2,79,2.2,270,1,3,0
1981-07-14 06:00:00,25.2,77,2.9,280,49,181,30
1981-07-14 07:00:00,26.1,74,3.6,290,202,431,76
1981-07-14 08:00:00,27.8,66,4.6,280,383,579,108
1981-07-14 09:00:00,29.4,58,5.7,280,556,742,81
1981-07-14 10:00:00,31.1,50,6.7,270,726,810,93
1981-07-14 11:00:00,31.7,48,6.9,280,845,831,111
1981-07-14 12:00:00,32.2,46,7.0,280,771,585,220
1981-07-14 13:00:00,32.8,44,7.2,290,931,775,193
1981-07-14 14:00:00,32.4,41,7.4,300,812,652,216
1981-07-14 15:00:00,32.1,39,7.5,300,760,711,171
1981-07-14 16:00:00,31.7,36,7.7,310,597,630,155
1981-07-14 17:00:00,30.8,37,6.7,310,470,714,80
1981-07-14 18:00:00,29.8,37,5.6,310,276,597,56
1981-07-14 19:00:00,28.9,38,4.6,310,106,361,41
1981-07-14 20:00:00,27.2,40,4.4,320,16,46,11
1981-07-14 21:00:00,25.6,41,4.3,320,0,0,0
1981-07-14 22:00:00,23.9,43,4.1,330,0,0,0
1981-07-14 23:00:00,21.9,50,3.6,300,0,0,0
1981-07-15 00:00:00,19.8,56,3.1,260,0,0,0
1981-07-15 01:00:00,17.8,63,2.6,230,0,0,0
1981-07-15 02:00:00,17.4,64,2.8,250,0,0,0
1981-07-15 03:00:00,17.1,66,2.9,280,0,0,0
1981-07-15 04:00:00,16.7,67,3.1,300,0,0,0
1981-07-15 05:00:00,18.0,64,3.8,310,1,1,1
1981-07-15 06:00:00,19.3,60,4.5,310,49,189,30
1981-07-15 07:00:00,20.6,57,5.2,320,213,528,60
1981-07-15 08:00:00,22.3,54,5.5,320,408,681,86
1981-07-15 09:00:00,23.9,52,5.9,330,598,762,110
1981-07-15 10:00:00,25.6,49,6.2,330,764,818,126
1981-07-15 11:00:00,26.3,47,5.3,330,838,771,157
1981-07-15 12:00:00,27.1,45,4.5,320,941,817,172
1981-07-15 13:00:00,27.8,43,3.6,320,827,594,262
1981-07-15 14:00:00,28.2,41,4.1,320,855,772,149
1981-07-15 15:00:00,28.5,40,4.7,310,749,696,173
1981-07-15 16:00:00,28.9,38,5.2,310,567,538,189
1981-07-15 17:00:00,28.3,40,4.5,300,439,539,145
1981-07-15 18:00:00,27.8,42,3.8,290,275,513,87
1981-07-15 19:00:00,27.2,44,3.1,280,108,335,48
1981-07-15 20:00:00,25.4,51,3.1,280,15,27,13
1981-07-15 21:00:00,23.5,57,3.1,270,0,0,0
1981-07-15 22:00:00,21.7,64,3.1,270,0,0,0
1981-07-15 23:00:00,20.9,67,2.9,280,0,0,0
1981-07-16 00:00:00,20.2,70,2.8,280,0,0,0
1981-07-16 01:00:00,19.4,73,2.6,290,0,0,0
1981-07-16 02:00:00,19.4,73,2.8,290,0,0,0
1981-07-16 03:00:00,19.4,73,2.9,280,0,0,0
1981-07-16 04:00:00,19.4,73,3.1,280,0,0,0
1981-07-16 05:00:00,20.2,72,2.8,270,1,0,0
1981-07-16 06:00:00,20.9,72,2.4,270,36,42,32
1981-07-16 07:00:00,21.7,71,2.1,260,212,533,59
1981-07-16 08:00:00,23.4,65,2.8,250,354,495,121
1981-07-16 09:00:00,25.0,58,3.4,250,340,270,167
1981-07-16 10:00:00,26.7,52,4.1,240,301,30,278
1981-07-16 11:00:00,26.1,55,3.9,240,282,7,275
1981-07-16 12:00:00,25.6,57,3.8,240,429,8,421
1981-07-16 13:00:00,25.0,60,3.6,240,349,9,341
1981-07-16 14:00:00,24.8,61,2.4,280,367,9,358
1981-07-16 15:00:00,24.6,61,1.2,320,340,6,335
1981-07-16 16:00:00,24.4,62,0.0,0,304,6,300
1981-07-16 17:00:00,24.0,63,0.5,310,212,3,211
1981-07-16 18:00:00,23.7,65,1.0,250,150,0,150
1981-07-16 19:00:00,23.3,66,1.5,200,60,0,60
1981-07-16 20:00:00,23.1,68,1.0,250,13,0,13
1981-07-16 21:00:00,23.0,69,0.5,310,0,0,0
1981-07-16 22:00:00,22.8,71,0.0,0,0,0,0
1981-07-16 23:00:00,22.4,73,0.0,0,0,0,0
1981-07-17 00:00:00,22.1,74,0.0,0,0,0,0
1981-07-17 01:00:00,21.7,76,0.0,0,0,0,0
1981-07-17 02:00:00,20.6,80,0.0,0,0,0,0
1981-07-17 03:00:00,19.4,83,0.0,0,0,0,0
1981-07-17 04:00:00,18.3,87,0.0,0,0,0,0
1981-07-17 05:00:00,19.6,84,0.0,0,1,0,1
1981-07-17 06:00:00,20.9,82,0.0,0,39,101,29
1981-07-17 07:00:00,22.2,79,0.0,0,177,358,74
1981-07-17 08:00:00,23.7,71,0.0,0,361,512,121
1981-07-17 09:00:00,25.2,64,0.0,0,554,650,139
1981-07-17 10:00:00,26.7,56,0.0,0,716,733,145
1981-07-17 11:00:00,27.4,54,0.9,20,731,485,304
1981-07-17 12:00:00,28.2,53,1.7,50,735,475,289
1981-07-17 13:00:00,28.9,51,2.6,70,671,309,378
1981-07-17 14:00:00,28.9,50,2.2,100,784,535,297
1981-07-17 15:00:00,28.9,49,1.9,130,537,292,295
1981-07-17 16:00:00,28.9,48,1.5,160,397,156,288
1981-07-17 17:00:00,28.3,50,1.7,170,329,305,164
1981-07-17 18:00:00,27.8,51,1.9,170,251,399,105
1981-07-17 19:00:00,27.2,53,2.1,180,94,227,54
1981-07-17 20:00:00,25.7,58,2.3,210,14,12,13
1981-07-17 21:00:00,24.3,64,2.4,240,0,0,0
1981-07-17 22:00:00,22.8,69,2.6,270,0,0,0
1981-07-17 23:00:00,22.2,71,2.2,270,0,0,0
1981-07-18 00:00:00,21.7,74,1.9,270,0,0,0
1981-07-18 01:00:00,21.1,76,1.5,270,0,0,0
1981-07-18 02:00:00,20.5,78,1.0,300,0,0,0
1981-07-18 03:00:00,20.0,79,0.5,330,0,0,0
1981-07-18 04:00:00,19.4,81,0.0,0,0,0,0
1981-07-18 05:00:00,20.5,79,0.7,350,1,0,1
1981-07-18 06:00:00,21.7,76,1.4,350,44,141,30
1981-07-18 07:00:00,22.8,74,2.1,340,199,474,64
1981-07-18 08:00:00,25.0,66,1.9,350,395,646,93
1981-07-18 09:00:00,27.2,57,1.7,350,590,744,117
1981-07-18 10:00:00,29.4,49,1.5,360,753,796,134
1981-07-18 11:00:00,30.3,45,2.0,360,873,827,145
1981-07-18 12:00:00,31.3,42,2.6,10,881,798,132
1981-07-18 13:00:00,32.2,38,3.1,10,911,808,144
1981-07-18 14:00:00,32.4,38,3.1,340,875,820,128
1981-07-18 15:00:00,32.6,37,3.1,320,707,570,235
1981-07-18 16:00:00,32.8,37,3.1,290,614,659,152
1981-07-18 17:00:00,31.5,42,2.9,250,458,670,95
1981-07-18 18:00:00,30.2,48,2.8,200,263,488,86
1981-07-18 19:00:00,28.9,53,2.6,160,100,301,48
1981-07-18 20:00:00,27.4,57,2.4,200,13,18,12
1981-07-18 21:00:00,25.9,62,2.3,250,0,0,0
1981-07-18 22:00:00,24.4,66,2.1,290,0,0,0
1981-07-18 23:00:00,23.7,68,2.1,280,0,0,0
1981-07-19 00:00:00,22.9,71,2.1,280,0,0,0
1981-07-19 01:00:00,22.2,73,2.1,270,0,0,0
1981-07-19 02:00:00,21.7,76,2.1,260,0,0,0
1981-07-19 03:00:00,21.1,78,2.1,250,0,0,0
1981-07-19 04:00:00,20.6,81,2.1,240,0,0,0
1981-07-19 05:00:00,22.1,76,2.3,250,0,0,0
1981-07-19 06:00:00,23.5,72,2.4,250,43,170,27
1981-07-19 07:00:00,25.0,67,2.6,260,196,495,56
1981-07-19 08:00:00,27.4,60,3.1,270,385,660,77
1981-07-19 09:00:00,29.8,54,3.6,280,578,762,95
1981-07-19 10:00:00,32.2,47,4.1,290,757,841,106
1981-07-19 11:00:00,32.9,44,4.3,270,831,828,104
1981-07-19 12:00:00,33.7,40,4.4,240,899,834,117
1981-07-19 13:00:00,34.4,37,4.6,220,976,887,135
1981-07-19 14:00:00,34.6,37,4.1,230,821,758,131
1981-07-19 15:00:00,34.8,36,3.6,240,671,616,163
1981-07-19 16:00:00,35.0,36,3.1,250,610,684,132
1981-07-19 17:00:00,33.1,44,3.3,220,408,467,156
1981-07-19 18:00:00,31.3,51,3.4,190,233,334,113
1981-07-19 19:00:00,29.4,59,3.6,160,92,176,61
1981-07-19 20:00:00,28.5,62,3.4,170,13,19,11
1981-07-19 21:00:00,27.6,66,3.3,180,0,0,0
1981-07-19 22:00:00,26.7,69,3.1,190,0,0,0
1981-07-19 23:00:00,26.7,68,3.6,190,0,0,0
1981-07-20 00:00:00,26.7,66,4.1,190,0,0,0
1981-07-20 01:00:00,26.7,65,4.6,190,0,0,0
1981-07-20 02:00:00,26.5,66,4.6,190,0,0,0
1981-07-20 03:00:00,26.3,66,4.6,190,0,0,0
1981-07-20 04:00:00,26.1,67,4.6,190,0,0,0
1981-07-20 05:00:00,26.1,68,4.3,200,0,0,0
1981-07-20 06:00:00,26.1,68,3.9,210,22,0,22
1981-07-20 07:00:00,26.1,69,3.6,220,84,2,84
1981-07-20 08:00:00,26.8,70,4.1,220,160,4,158
1981-07-20 09:00:00,27.6,71,4.7,220,208,6,204
1981-07-20 10:00:00,28.3,72,5.2,220,369,4,366
1981-07-20 11:00:00,30.5,66,5.5,220,659,281,412
1981-07-20 12:00:00,32.8,59,5.9,220,558,130,436
1981-07-20 13:00:00,35.0,53,6.2,220,853,475,403
1981-07-20 14:00:00,34.8,52,6.5,210,773,475,342
1981-07-20 15:00:00,34.6,50,6.9,200,513,252,306
1981-07-20 16:00:00,34.4,49,7.2,190,313,99,243
1981-07-20 17:00:00,30.7,62,5.8,200,317,136,243
1981-07-20 18:00:00,27.0,74,4.5,210,133,21,126
1981-07-20 19:00:00,23.3,87,3.1,220,42,0,42
1981-07-20 20:00:00,23.9,87,2.8,230,6,0,6
1981-07-20 21:00:00,24.4,88,2.4,250,0,0,0
1981-07-20 22:00:00,25.0,88,2.1,260,0,0,0
1981-07-20 23:00:00,25.0,89,2.3,250,0,0,0
1981-07-21 00:00:00,25.0,90,2.4,250,0,0,0
1981-07-21 01:00:00,25.0,91,2.6,240,0,0,0
1981-07-21 02:00:00,24.6,91,2.9,240,0,0,0
1981-07-21 03:00:00,24.3,90,3.3,230,0,0,0
1981-07-21 04:00:00,23.9,90,3.6,230,0,0,0
1981-07-21 05:00:00,24.3,89,3.6,230,0,0,0
1981-07-21 06:00:00,24.6,89,3.6,240,41,136,28
1981-07-21 07:00:00,25.0,88,3.6,240,194,478,62
1981-07-21 08:00:00,26.7,82,3.6,220,364,526,121
1981-07-21 09:00:00,28.3,76,3.6,200,434,410,175
1981-07-21 10:00:00,30.0,70,3.6,180,322,93,250
1981-07-21 11:00:00,30.7,69,4.1,200,308,47,266
1981-07-21 12:00:00,31.5,67,4.7,210,726,410,342
1981-07-21 13:00:00,32.2,66,5.2,230,759,546,242
1981-07-21 14:00:00,31.7,63,4.7,260,775,562,265
1981-07-21 15:00:00,31.1,60,4.1,280,582,417,239
1981-07-21 16:00:00,30.6,57,3.6,310,462,327,234
1981-07-21 17:00:00,30.0,59,2.9,270,376,313,207
1981-07-21 18:00:00,29.5,61,2.2,240,242,359,113
1981-07-21 19:00:00,28.9,63,1.5,200,77,151,51
1981-07-21 20:00:00,28.0,64,2.2,240,10,5,9
1981-07-21 21:00:00,27.0,66,2.9,270,0,0,0
1981-07-21 22:00:00,26.1,67,3.6,310,0,0,0
1981-07-21 23:00:00,25.4,68,3.4,310,0,0,0
1981-07-22 00:00:00,24.6,70,3.3,320,0,0,0
1981-07-22 01:00:00,23.9,71,3.1,320,0,0,0
1981-07-22 02:00:00,23.5,73,3.6,320,0,0,0
1981-07-22 03:00:00,23.2,74,4.1,310,0,0,0
1981-07-22 04:00:00,22.8,76,4.6,310,0,0,0
1981-07-22 05:00:00,23.0,75,4.6,320,0,0,0
1981-07-22 06:00:00,23.1,75,4.6,340,26,5,26
1981-07-22 07:00:00,23.3,74,4.6,350,152,152,110
1981-07-22 08:00:00,24.4,69,4.6,350,315,272,190
1981-07-22 09:00:00,25.6,63,4.6,360,499,406,243
1981-07-22 10:00:00,26.7,58,4.6,360,603,388,304
1981-07-22 11:00:00,26.9,56,5.1,360,799,505,358
1981-07-22 12:00:00,27.0,55,5.7,350,606,172,445
1981-07-22 13:00:00,27.2,53,6.2,350,761,373,408
1981-07-22 14:00:00,27.6,52,5.5,350,608,176,448
1981-07-22 15:00:00,27.9,50,4.8,360,405,114,312
1981-07-22 16:00:00,28.3,49,4.1,360,338,113,260
1981-07-22 17:00:00,27.6,51,3.8,350,381,311,214
1981-07-22 18:00:00,26.8,52,3.4,340,205,209,130
1981-07-22 19:00:00,26.1,54,3.1,330,73,60,63
1981-07-22 20:00:00,25.0,59,2.9,350,9,0,9
1981-07-22 21:00:00,23.9,64,2.8,360,0,0,0
1981-07-22 22:00:00,22.8,69,2.6,20,0,0,0
1981-07-22 23:00:00,22.6,64,3.1,30,0,0,0
1981-07-23 00:00:00,22.4,58,3.6,30,0,0,0
1981-07-23 01:00:00,22.2,53,4.1,40,0,0,0
1981-07-23 02:00:00,21.1,54,3.6,40,0,0,0
1981-07-23 03:00:00,20.0,56,3.1,30,0,0,0
1981-07-23 04:00:00,18.9,57,2.6,30,0,0,0
1981-07-23 05:00:00,19.3,55,3.5,30,0,0,0
1981-07-23 06:00:00,19.6,53,4.3,20,26,50,22
1981-07-23 07:00:00,20.0,51,5.2,20,179,384,75
1981-07-23 08:00:00,21.1,49,4.7,20,376,574,113
1981-07-23 09:00:00,22.2,47,4.1,20,576,687,144
1981-07-23 10:00:00,23.3,45,3.6,20,742,748,167
1981-07-23 11:00:00,24.4,43,4.5,360,869,787,181
1981-07-23 12:00:00,25.6,40,5.3,350,941,805,189
1981-07-23 13:00:00,26.7,38,6.2,330,956,810,191
1981-07-23 14:00:00,26.9,37,5.3,330,906,796,186
1981-07-23 15:00:00,27.0,35,4.5,330,804,763,178
1981-07-23 16:00:00,27.2,34,3.6,330,653,713,158
1981-07-23 17:00:00,26.3,36,3.6,320,466,627,130
1981-07-23 18:00:00,25.3,38,3.6,320,264,485,92
1981-07-23 19:00:00,24.4,40,3.6,310,88,216,52
1981-07-23 20:00:00,22.7,49,2.4,330,11,5,10
1981-07-23 21:00:00,21.1,57,1.2,340,0,0,0
1981-07-23 22:00:00,19.4,66,0.0,0,0,0,0
1981-07-23 23:00:00,18.9,68,1.0,340,0,0,0
1981-07-24 00:00:00,18.3,71,2.1,310,0,0,0
1981-07-24 01:00:00,17.8,73,3.1,290,0,0,0
1981-07-24 02:00:00,17.8,73,2.6,290,0,0,0
1981-07-24 03:00:00,17.8,73,2.0,290,0,0,0
1981-07-24 04:00:00,17.8,73,1.5,290,0,0,0
1981-07-24 05:00:00,18.7,72,1.5,310,0,0,0
1981-07-24 06:00:00,19.7,72,1.5,340,21,7,21
1981-07-24 07:00:00,20.6,71,1.5,360,107,73,87
1981-07-24 08:00:00,22.8,61,2.5,40,256,143,191
1981-07-24 09:00:00,25.0,51,3.6,80,388,202,262
1981-07-24 10:00:00,27.2,41,4.6,120,574,297,346
1981-07-24 11:00:00,26.8,44,4.3,130,549,231,348
1981-07-24 12:00:00,26.5,46,3.9,130,555,201,368
1981-07-24 13:00:00,26.1,49,3.6,140,197,2,195
1981-07-24 14:00:00,25.4,53,2.9,170,272,5,267
1981-07-24 15:00:00,24.6,56,2.2,190,504,129,398
1981-07-24 16:00:00,23.9,60,1.5,220,314,137,219
1981-07-24 17:00:00,23.9,61,1.9,170,264,69,227
1981-07-24 18:00:00,23.9,61,2.2,120,126,25,117
1981-07-24 19:00:00,23.9,62,2.6,70,18,4,18
1981-07-24 20:00:00,23.7,63,2.9,90,6,0,6
1981-07-24 21:00:00,23.5,65,3.3,120,0,0,0
1981-07-24 22:00:00,23.3,66,3.6,140,0,0,0
1981-07-24 23:00:00,23.1,65,3.6,140,0,0,0
1981-07-25 00:00:00,23.0,65,3.6,140,0,0,0
1981-07-25 01:00:00,22.8,64,3.6,140,0,0,0
1981-07-25 02:00:00,22.1,71,3.4,130,0,0,0
1981-07-25 03:00:00,21.3,77,3.3,120,0,0,0
1981-07-25 04:00:00,20.6,84,3.1,110,0,0,0
1981-07-25 05:00:00,20.6,85,3.3,110,0,0,0
1981-07-25 06:00:00,20.6,86,3.4,100,18,1,18
1981-07-25 07:00:00,20.6,87,3.6,100,55,2,55
1981-07-25 08:00:00,20.6,87,3.6,100,174,2,174
1981-07-25 09:00:00,20.6,87,3.6,110,196,4,194
1981-07-25 10:00:00,20.6,87,3.6,110,303,1,302
1981-07-25 11:00:00,20.6,88,3.4,110,330,3,328
1981-07-25 12:00:00,20.6,89,3.3,110,451,1,450
1981-07-25 13:00:00,20.6,90,3.1,110,226,3,223
1981-07-25 14:00:00,21.1,89,2.9,100,393,2,391
1981-07-25 15:00:00,21.7,88,2.8,100,356,1,355
1981-07-25 16:00:00,22.2,87,2.6,90,287,1,286
1981-07-25 17:00:00,22.2,87,2.4,100,221,1,221
1981-07-25 18:00:00,22.2,87,2.3,100,124,1,124
1981-07-25 19:00:00,22.2,87,2.1,110,57,0,57
1981-07-25 20:00:00,22.2,87,2.3,110,10,0,10
1981-07-25 21:00:00,22.2,87,2.4,100,0,0,0
1981-07-25 22:00:00,22.2,87,2.6,100,0,0,0
1981-07-25 23:00:00,22.2,88,2.6,90,0,0,0
1981-07-26 00:00:00,22.2,89,2.6,70,0,0,0
1981-07-26 01:00:00,22.2,90,2.6,60,0,0,0
1981-07-26 02:00:00,22.2,90,2.6,70,0,0,0
1981-07-26 03:00:00,22.2,90,2.6,80,0,0,0
1981-07-26 04:00:00,22.2,90,2.6,90,0,0,0
1981-07-26 05:00:00,22.4,90,1.7,60,0,0,0
1981-07-26 06:00:00,22.6,90,0.9,30,26,0,26
1981-07-26 07:00:00,22.8,90,0.0,0,99,1,99
1981-07-26 08:00:00,23.7,88,1.0,40,184,1,183
1981-07-26 09:00:00,24.7,87,2.1,90,273,0,272
1981-07-26 10:00:00,25.6,85,3.1,130,378,1,378
1981-07-26 11:00:00,26.9,81,3.6,140,492,162,351
1981-07-26 12:00:00,28.1,76,4.1,140,568,119,457
1981-07-26 13:00:00,29.4,72,4.6,150,447,182,276
1981-07-26 14:00:00,30.0,70,5.0,160,638,341,330
1981-07-26 15:00:00,30.5,67,5.3,170,647,524,219
1981-07-26 16:00:00,31.1,65,5.7,180,561,568,169
1981-07-26 17:00:00,29.6,72,4.7,180,319,295,162
1981-07-26 18:00:00,28.2,78,3.6,180,139,74,113
1981-07-26 19:00:00,26.7,85,2.6,180,32,3,31
1981-07-26 20:00:00,26.3,84,3.6,200,4,1,4
1981-07-26 21:00:00,26.0,83,4.7,210,0,0,0
1981-07-26 22:00:00,25.6,82,5.7,230,0,0,0
1981-07-26 23:00:00,25.0,82,5.0,240,0,0,0
1981-07-27 00:00:00,24.5,82,4.3,240,0,0,0
1981-07-27 01:00:00,23.9,82,3.6,250,0,0,0
1981-07-27 02:00:00,23.5,84,3.4,250,0,0,0
1981-07-27 03:00:00,23.2,85,3.3,260,0,0,0
1981-07-27 04:00:00,22.8,87,3.1,260,0,0,0
1981-07-27 05:00:00,23.3,86,3.1,260,0,0,0
1981-07-27 06:00:00,23.9,86,3.1,270,24,38,21
1981-07-27 07:00:00,24.4,85,3.1,270,84,22,79
1981-07-27 08:00:00,25.9,78,3.6,300,240,188,155
1981-07-27 09:00:00,27.4,70,4.1,330,494,510,178
1981-07-27 10:00:00,28.9,63,4.6,360,690,684,167
1981-07-27 11:00:00,29.5,60,4.6,340,451,303,188
1981-07-27 12:00:00,30.0,58,4.6,310,880,681,248
1981-07-27 13:00:00,30.6,55,4.6,290,616,245,386
1981-07-27 14:00:00,30.6,54,4.6,300,788,528,313
1981-07-27 15:00:00,30.6,54,4.6,310,513,322,251
1981-07-27 16:00:00,30.6,53,4.6,320,592,618,167
1981-07-27 17:00:00,30.0,54,3.9,320,422,515,150
1981-07-27 18:00:00,29.5,56,3.3,310,256,492,85
1981-07-27 19:00:00,28.9,57,2.6,310,85,255,44
1981-07-27 20:00:00,27.4,64,2.4,290,8,12,6
1981-07-27 21:00:00,25.9,72,2.3,280,0,0,0
1981-07-27 22:00:00,24.4,79,2.1,260,0,0,0
1981-07-27 23:00:00,23.9,80,1.4,290,0,0,0
1981-07-28 00:00:00,23.3,81,0.7,330,0,0,0
1981-07-28 01:00:00,22.8,82,0.0,0,0,0,0
1981-07-28 02:00:00,23.0,77,1.0,30,0,0,0
1981-07-28 03:00:00,23.1,71,2.1,50,0,0,0
1981-07-28 04:00:00,23.3,66,3.1,80,0,0,0
1981-07-28 05:00:00,23.5,64,3.6,80,0,0,0
1981-07-28 06:00:00,23.7,62,4.1,80,13,1,13
1981-07-28 07:00:00,23.9,60,4.6,80,65,2,65
1981-07-28 08:00:00,24.3,62,4.1,80,102,6,100
1981-07-28 09:00:00,24.6,65,3.6,90,197,1,196
1981-07-28 10:00:00,25.0,67,3.1,90,319,4,317
1981-07-28 11:00:00,24.4,75,2.9,110,343,2,341
1981-07-28 12:00:00,23.9,82,2.8,140,374,2,372
1981-07-28 13:00:00,23.3,90,2.6,160,236,1,235
1981-07-28 14:00:00,24.8,86,2.9,150,382,4,379
1981-07-28 15:00:00,26.3,81,3.3,150,337,1,336
1981-07-28 16:00:00,27.8,77,3.6,140,298,1,297
1981-07-28 17:00:00,25.9,79,3.4,200,206,0,206
1981-07-28 18:00:00,24.1,82,3.3,260,136,1,136
1981-07-28 19:00:00,22.2,84,3.1,320,31,0,31
1981-07-28 20:00:00,22.2,86,3.1,270,8,0,8
1981-07-28 21:00:00,22.2,88,3.1,210,0,0,0
1981-07-28 22:00:00,22.2,90,3.1,160,0,0,0
1981-07-28 23:00:00,22.4,90,3.4,190,0,0,0
1981-07-29 00:00:00,22.6,90,3.8,210,0,0,0
1981-07-29 01:00:00,22.8,90,4.1,240,0,0,0
1981-07-29 02:00:00,22.8,91,3.8,230,0,0,0
1981-07-29 03:00:00,22.8,92,3.4,230,0,0,0
1981-07-29 04:00:00,22.8,93,3.1,220,0,0,0
1981-07-29 05:00:00,23.3,92,3.8,240,0,0,0
1981-07-29 06:00:00,23.9,91,4.5,260,25,12,24
1981-07-29 07:00:00,24.4,90,5.2,280,137,185,89
1981-07-29 08:00:00,25.7,80,5.9,290,301,340,149
1981-07-29 09:00:00,27.0,69,6.5,290,491,540,157
1981-07-29 10:00:00,28.3,59,7.2,300,639,609,177
1981-07-29 11:00:00,28.1,55,7.4,300,829,741,188
1981-07-29 12:00:00,28.0,51,7.5,300,738,599,184
1981-07-29 13:00:00,27.8,47,7.7,300,776,601,213
1981-07-29 14:00:00,27.4,48,8.4,300,857,768,168
1981-07-29 15:00:00,27.1,48,9.1,300,747,712,169
1981-07-29 16:00:00,26.7,49,9.8,300,614,687,144
1981-07-29 17:00:00,25.8,51,8.6,300,410,552,121
1981-07-29 18:00:00,24.8,52,7.4,310,253,494,84
1981-07-29 19:00:00,23.9,54,6.2,310,80,218,46
1981-07-29 20:00:00,22.8,56,6.7,320,7,4,7
1981-07-29 21:00:00,21.7,57,7.2,330,0,0,0
1981-07-29 22:00:00,20.6,59,7.7,340,0,0,0
1981-07-29 23:00:00,19.7,60,7.2,340,0,0,0
1981-07-30 00:00:00,18.7,62,6.7,340,0,0,0
1981-07-30 01:00:00,17.8,63,6.2,340,0,0,0
1981-07-30 02:00:00,17.4,64,5.5,340,0,0,0
1981-07-30 03:00:00,17.1,64,4.8,330,0,0,0
1981-07-30 04:00:00,16.7,65,4.1,330,0,0,0
1981-07-30 05:00:00,17.2,64,3.2,310,0,0,0
1981-07-30 06:00:00,17.8,64,2.4,300,28,5,27
1981-07-30 07:00:00,18.3,63,1.5,280,137,160,95
1981-07-30 08:00:00,20.2,59,2.0,310,320,353,163
1981-07-30 09:00:00,22.0,54,2.6,340,518,482,221
1981-07-30 10:00:00,23.9,50,3.1,10,691,562,264
1981-07-30 11:00:00,24.8,47,3.4,10,821,612,292
1981-07-30 12:00:00,25.8,45,3.8,360,860,606,300
1981-07-30 13:00:00,26.7,42,4.1,360,880,623,297
1981-07-30 14:00:00,27.2,41,3.9,350,839,614,288
1981-07-30 15:00:00,27.8,39,3.8,330,703,486,309
1981-07-30 16:00:00,28.3,38,3.6,320,565,460,251
1981-07-30 17:00:00,27.2,43,3.3,260,386,390,183
1981-07-30 18:00:00,26.1,47,2.9,200,196,235,116
1981-07-30 19:00:00,25.0,52,2.6,140,52,43,46
1981-07-30 20:00:00,23.7,56,2.4,190,7,0,7
1981-07-30 21:00:00,22.4,60,2.3,230,0,0,0
1981-07-30 22:00:00,21.1,64,2.1,280,0,0,0
1981-07-30 23:00:00,20.4,67,2.3,280,0,0,0
1981-07-31 00:00:00,19.6,70,2.4,280,0,0,0
1981-07-31 01:00:00,18.9,73,2.6,280,0,0,0
1981-07-31 02:00:00,18.5,76,2.6,280,0,0,0
1981-07-31 03:00:00,18.2,78,2.6,270,0,0,0
1981-07-31 04:00:00,17.8,81,2.6,270,0,0,0
1981-07-31 05:00:00,19.3,76,2.8,310,0,0,0
1981-07-31 06:00:00,20.7,71,2.9,340,28,46,23
1981-07-31 07:00:00,22.2,66,3.1,20,134,262,67
1981-07-31 08:00:00,23.9,60,3.1,30,337,522,106
1981-07-31 09:00:00,25.5,53,3.1,50,532,692,108
1981-07-31 10:00:00,27.2,47,3.1,60,735,817,117
1981-07-31 11:00:00,27.9,43,3.1,80,862,859,122
1981-07-31 12:00:00,28.7,39,3.1,90,897,765,192
1981-07-31 13:00:00,29.4,35,3.1,110,876,790,138
1981-07-31 14:00:00,29.0,37,2.9,110,889,820,155
1981-07-31 15:00:00,28.7,39,2.8,100,758,796,115
1981-07-31 16:00:00,28.3,41,2.6,100,578,692,107
1981-07-31 17:00:00,27.4,45,2.4,110,446,676,94
1981-07-31 18:00:00,26.5,48,2.3,110,263,583,66
1981-07-31 19:00:00,25.6,52,2.1,120,83,303,39
1981-07-31 20:00:00,24.3,58,1.9,140,7,12,6
1981-07-31 21:00:00,23.0,65,1.7,150,0,0,0
1981-07-31 22:00:00,23.1,71,1.8,170,0,0,0
1981-07-31 23:00:00,23.3,72,2.0,230,0,0,0
1981-08-01 00:00:00,23.4,73,2.1,280,0,0,0
1999-08-01 01:00:00,23.5,63,2.2,360,0,0,0
1999-08-01 02:00:00,23.6,84,2.3,60,0,0,0
1999-08-01 03:00:00,23.8,88,2.5,300,0,0,0
1999-08-01 04:00:00,23.9,90,2.6,240,0,0,0
1999-08-01 05:00:00,24.4,88,2.6,240,0,0,0
1999-08-01 06:00:00,24.4,88,2.6,270,0,0,0
1999-08-01 07:00:00,25.6,85,2.6,260,173,240,113
1999-08-01 08:00:00,27.2,77,2.6,300,209,62,181
1999-08-01 09:00:00,30.0,63,4.1,300,471,361,251
1999-08-01 10:00:00,31.1,59,5.2,330,640,497,265
1999-08-01 11:00:00,32.8,57,4.6,300,582,223,390
1999-08-01 12:00:00,33.3,56,3.1,290,639,253,406
1999-08-01 13:00:00,33.9,51,4.6,280,742,384,385
1999-08-01 14:00:00,34.4,51,4.6,330,730,431,346
1999-08-01 15:00:00,33.3,54,5.2,320,410,89,338
1999-08-01 16:00:00,30.6,68,6.2,340,175,6,171
1999-08-01 17:00:00,28.3,74,3.6,330,70,0,70
1999-08-01 18:00:00,28.3,74,3.6,300,200,200,133
1999-08-01 19:00:00,27.2,85,3.6,300,61,66,51
1999-08-01 20:00:00,26.7,85,2.6,280,0,0,0
1999-08-01 21:00:00,26.7,82,4.1,280,0,0,0
1999-08-01 22:00:00,25.6,85,3.1,280,0,0,0
1999-08-01 23:00:00,25.0,84,2.6,300,0,0,0
1999-08-02 00:00:00,25.0,82,2.6,310,0,0,0
1999-08-02 01:00:00,24.4,74,3.1,320,0,0,0
1999-08-02 02:00:00,25.0,56,3.6,340,0,0,0
1999-08-02 03:00:00,23.3,60,2.1,330,0,0,0
1999-08-02 04:00:00,22.2,64,2.1,340,0,0,0
1999-08-02 05:00:00,22.2,61,2.1,320,0,0,0
1999-08-02 06:00:00,21.7,63,1.5,300,0,0,0
1999-08-02 07:00:00,23.3,60,3.6,340,166,267,99
1999-08-02 08:00:00,25.6,48,3.6,350,335,430,147
1999-08-02 09:00:00,26.7,44,5.7,10,531,642,140
1999-08-02 10:00:00,28.3,43,5.2,360,697,709,163
1999-08-02 11:00:00,28.9,40,5.2,20,824,760,172
1999-08-02 12:00:00,30.0,39,4.1,330,900,794,172
1999-08-02 13:00:00,30.0,37,5.7,20,916,810,164
1999-08-02 14:00:00,30.6,35,4.1,360,865,784,168
1999-08-02 15:00:00,30.6,35,3.1,350,757,751,154
1999-08-02 16:00:00,30.6,35,4.6,330,614,705,138
1999-08-02 17:00:00,30.6,35,3.6,320,433,622,114
1999-08-02 18:00:00,29.4,36,4.1,320,249,479,91
1999-08-02 19:00:00,28.3,38,2.6,330,71,207,43
1999-08-02 20:00:00,26.1,45,2.1,300,0,0,0
1999-08-02 21:00:00,22.8,57,2.1,300,0,0,0
1999-08-02 22:00:00,21.1,68,0.0,0,0,0,0
1999-08-02 23:00:00,21.7,63,1.5,300,0,0,0
1999-08-03 00:00:00,21.7,61,1.5,290,0,0,0
1999-08-03 01:00:00,19.4,70,2.1,310,0,0,0
1999-08-03 02:00:00,21.7,59,3.6,360,0,0,0
1999-08-03 03:00:00,22.2,55,4.6,20,0,0,0
1999-08-03 04:00:00,21.7,57,4.1,10,0,0,0
1999-08-03 05:00:00,21.1,57,3.6,10,0,0,0
1999-08-03 06:00:00,21.1,57,2.6,20,0,0,0
1999-08-03 07:00:00,22.2,55,3.6,20,166,281,97
1999-08-03 08:00:00,25.0,45,5.7,50,335,462,134
1999-08-03 09:00:00,26.1,39,5.7,50,524,623,146
1999-08-03 10:00:00,27.2,38,4.6,30,678,654,187
1999-08-03 11:00:00,28.3,36,4.6,40,805,706,201
1999-08-03 12:00:00,28.9,36,3.6,60,888,758,194
1999-08-03 13:00:00,29.4,36,4.1,60,892,732,213
1999-08-03 14:00:00,30.6,34,2.6,50,853,730,206
1999-08-03 15:00:00,30.0,35,1.5,30,728,656,202
1999-08-03 16:00:00,31.1,34,3.6,20,597,670,146
1999-08-03 17:00:00,30.0,36,2.6,40,400,410,191
1999-08-03 18:00:00,30.0,35,3.6,330,199,194,136
1999-08-03 19:00:00,28.3,38,1.5,360,67,191,41
1999-08-03 20:00:00,24.4,54,0.0,0,0,0,0
1999-08-03 21:00:00,22.2,64,0.0,0,0,0,0
1999-08-03 22:00:00,21.7,66,0.0,0,0,0,0
1999-08-03 23:00:00,20.0,76,1.5,280,0,0,0
1999-08-04 00:00:00,21.1,68,2.1,140,0,0,0
1999-08-04 01:00:00,18.3,84,1.5,240,0,0,0
1999-08-04 02:00:00,18.3,87,0.0,0,0,0,0
1999-08-04 03:00:00,18.3,84,0.0,0,0,0,0
1999-08-04 04:00:00,17.2,90,1.5,260,0,0,0
1999-08-04 05:00:00,17.2,90,0.0,0,0,0,0
1999-08-04 06:00:00,17.2,90,0.0,0,0,0,0
1999-08-04 07:00:00,21.7,73,0.0,0,167,295,95
1999-08-04 08:00:00,24.4,67,1.5,100,342,499,126
1999-08-04 09:00:00,28.3,51,1.5,170,524,636,140
1999-08-04 10:00:00,28.9,44,2.1,240,691,679,183
1999-08-04 11:00:00,30.0,39,1.5,200,681,404,336
1999-08-04 12:00:00,30.6,45,3.1,170,785,511,317
1999-08-04 13:00:00,30.6,45,4.6,130,772,492,317
1999-08-04 14:00:00,30.0,43,4.1,140,830,610,289
1999-08-04 15:00:00,30.6,40,4.6,120,514,215,342
1999-08-04 16:00:00,30.6,40,4.1,120,574,569,193
1999-08-04 17:00:00,29.4,43,4.1,130,416,557,133
1999-08-04 18:00:00,28.9,38,3.6,160,229,404,97
1999-08-04 19:00:00,27.8,41,1.5,150,62,175,39
1999-08-04 20:00:00,26.1,50,1.5,180,0,0,0
1999-08-04 21:00:00,23.9,60,0.0,0,0,0,0
1999-08-04 22:00:00,23.3,62,1.5,210,0,0,0
1999-08-04 23:00:00,23.3,64,0.0,0,0,0,0
1999-08-05 00:00:00,21.1,81,1.5,170,0,0,0
1999-08-05 01:00:00,22.2,73,2.1,210,0,0,0
1999-08-05 02:00:00,21.7,79,2.1,200,0,0,0
1999-08-05 03:00:00,20.6,84,1.5,230,0,0,0
1999-08-05 04:00:00,19.4,90,0.0,0,0,0,0
1999-08-05 05:00:00,18.9,90,0.0,0,0,0,0
1999-08-05 06:00:00,18.9,93,0.0,0,0,0,0
1999-08-05 07:00:00,22.8,76,2.1,320,134,108,108
1999-08-05 08:00:00,25.0,66,2.1,340,322,400,150
1999-08-05 09:00:00,26.7,58,1.5,320,498,520,185
1999-08-05 10:00:00,29.4,50,3.1,300,685,691,169
1999-08-05 11:00:00,30.6,45,2.6,240,781,651,225
1999-08-05 12:00:00,30.0,46,3.6,290,809,511,342
1999-08-05 13:00:00,31.7,41,3.1,300,449,96,360
1999-08-05 14:00:00,30.6,45,4.1,350,271,6,265
1999-08-05 15:00:00,30.6,43,5.2,300,329,24,310
1999-08-05 16:00:00,31.1,38,4.1,280,169,6,165
1999-08-05 17:00:00,31.1,38,5.7,310,254,76,215
1999-08-05 18:00:00,30.6,35,5.2,280,188,142,143
1999-08-05 19:00:00,28.9,40,2.1,290,54,84,43
1999-08-05 20:00:00,25.0,52,2.1,280,0,0,0
1999-08-05 21:00:00,26.1,44,1.5,320,0,0,0
1999-08-05 22:00:00,23.3,55,0.0,0,0,0,0
1999-08-05 23:00:00,22.8,57,1.5,330,0,0,0
1999-08-06 00:00:00,18.9,78,1.5,280,0,0,0
1999-08-06 01:00:00,20.6,68,0.0,0,0,0,0
1999-08-06 02:00:00,18.3,78,0.0,0,0,0,0
1999-08-06 03:00:00,17.8,80,0.0,0,0,0,0
1999-08-06 04:00:00,17.2,87,0.0,0,0,0,0
1999-08-06 05:00:00,17.2,84,0.0,0,0,0,0
1999-08-06 06:00:00,16.7,86,1.5,250,0,0,0
1999-08-06 07:00:00,21.7,63,1.5,280,160,270,96
1999-08-06 08:00:00,24.4,56,1.5,320,336,487,127
1999-08-06 09:00:00,27.2,47,3.6,350,518,624,144
1999-08-06 10:00:00,27.8,46,5.2,280,697,655,210
1999-08-06 11:00:00,29.4,40,4.1,300,632,302,375
1999-08-06 12:00:00,30.0,36,2.1,280,839,601,292
1999-08-06 13:00:00,31.1,31,4.6,250,892,732,217
1999-08-06 14:00:00,31.1,31,3.6,280,859,718,226
1999-08-06 15:00:00,31.7,30,3.1,250,600,334,335
1999-08-06 16:00:00,32.2,27,3.6,300,495,350,262
1999-08-06 17:00:00,32.2,27,5.2,270,362,322,200
1999-08-06 18:00:00,31.7,29,3.6,320,208,295,114
1999-08-06 19:00:00,29.4,39,2.6,250,57,148,39
1999-08-06 20:00:00,25.6,54,2.1,270,0,0,0
1999-08-06 21:00:00,26.1,50,2.1,300,0,0,0
1999-08-06 22:00:00,23.3,64,2.6,240,0,0,0
1999-08-06 23:00:00,23.9,54,1.5,270,0,0,0
1999-08-07 00:00:00,21.1,66,1.5,230,0,0,0
1999-08-07 01:00:00,20.6,63,1.5,270,0,0,0
1999-08-07 02:00:00,20.0,70,1.5,290,0,0,0
1999-08-07 03:00:00,17.8,80,1.5,280,0,0,0
1999-08-07 04:00:00,18.9,78,1.5,230,0,0,0
1999-08-07 05:00:00,17.8,80,0.0,0,0,0,0
1999-08-07 06:00:00,18.9,78,1.5,240,0,0,0
1999-08-07 07:00:00,22.8,64,0.0,0,144,189,99
1999-08-07 08:00:00,25.6,43,4.6,60,294,306,164
1999-08-07 09:00:00,26.1,41,3.6,70,506,544,180
1999-08-07 10:00:00,26.7,39,2.1,70,679,685,169
1999-08-07 11:00:00,27.2,39,1.5,80,756,633,218
1999-08-07 12:00:00,28.9,38,2.1,80,821,577,296
1999-08-07 13:00:00,29.4,40,5.2,80,886,690,251
1999-08-07 14:00:00,29.4,42,6.7,90,765,532,296
1999-08-07 15:00:00,30.0,42,3.6,90,738,697,186
1999-08-07 16:00:00,29.4,46,3.1,120,590,658,154
1999-08-07 17:00:00,29.4,45,4.1,150,383,357,204
1999-08-07 18:00:00,29.4,46,4.6,170,128,40,116
1999-08-07 19:00:00,28.3,48,2.6,170,39,15,37
1999-08-07 20:00:00,27.2,51,3.1,160,0,0,0
1999-08-07 21:00:00,26.7,64,3.1,170,0,0,0
1999-08-07 22:00:00,26.1,69,2.6,160,0,0,0
1999-08-07 23:00:00,25.6,76,2.1,170,0,0,0
1999-08-08 00:00:00,25.0,82,0.0,0,0,0,0
1999-08-08 01:00:00,25.0,84,1.5,200,0,0,0
1999-08-08 02:00:00,24.4,88,0.0,0,0,0,0
1999-08-08 03:00:00,24.4,91,0.0,0,0,0,0
1999-08-08 04:00:00,24.4,91,1.5,220,0,0,0
1999-08-08 05:00:00,24.4,91,2.6,210,0,0,0
1999-08-08 06:00:00,24.4,91,2.6,230,0,0,0
1999-08-08 07:00:00,25.6,82,4.1,220,154,163,116
1999-08-08 08:00:00,26.7,71,3.1,260,98,0,98
1999-08-08 09:00:00,27.2,67,3.1,260,190,0,190
1999-08-08 10:00:00,25.6,82,1.5,280,178,6,173
1999-08-08 11:00:00,28.3,70,1.5,290,496,139,378
1999-08-08 12:00:00,27.8,72,5.2,270,322,12,312
1999-08-08 13:00:00,27.2,72,4.1,260,305,24,283
1999-08-08 14:00:00,28.3,65,5.2,240,147,0,147
1999-08-08 15:00:00,28.3,65,7.2,260,156,0,156
1999-08-08 16:00:00,25.6,82,6.7,260,96,0,96
1999-08-08 17:00:00,26.1,79,5.2,250,86,0,86
1999-08-08 18:00:00,26.1,79,5.2,250,49,0,49
1999-08-08 19:00:00,25.6,82,3.6,260,17,0,17
1999-08-08 20:00:00,25.6,82,4.1,240,0,0,0
1999-08-08 21:00:00,24.4,88,2.6,260,0,0,0
1999-08-08 22:00:00,23.9,90,3.6,250,0,0,0
1999-08-08 23:00:00,23.3,87,3.6,270,0,0,0
1999-08-09 00:00:00,22.8,84,3.1,280,0,0,0
1999-08-09 01:00:00,22.8,79,2.6,310,0,0,0
1999-08-09 02:00:00,22.8,71,4.6,310,0,0,0
1999-08-09 03:00:00,21.7,73,3.6,310,0,0,0
1999-08-09 04:00:00,20.6,78,2.1,330,0,0,0
1999-08-09 05:00:00,19.4,79,2.1,350,0,0,0
1999-08-09 06:00:00,19.4,79,2.6,360,9,80,6
1999-08-09 07:00:00,20.0,70,3.1,20,154,238,99
1999-08-09 08:00:00,21.7,57,3.6,350,274,206,187
1999-08-09 09:00:00,22.2,49,4.6,350,519,569,181
1999-08-09 10:00:00,23.3,45,3.1,300,685,697,170
1999-08-09 11:00:00,23.9,41,4.1,20,793,718,186
1999-08-09 12:00:00,25.0,40,5.2,320,864,710,221
1999-08-09 13:00:00,25.6,37,3.6,350,874,702,231
1999-08-09 14:00:00,26.1,36,2.1,350,853,772,177
1999-08-09 15:00:00,26.7,34,5.2,20,738,739,156
1999-08-09 16:00:00,27.2,32,4.1,340,595,693,140
1999-08-09 17:00:00,26.7,31,4.1,330,414,615,111
1999-08-09 18:00:00,26.1,34,4.1,10,226,464,82
1999-08-09 19:00:00,24.4,36,2.6,10,55,189,33
1999-08-09 20:00:00,22.2,44,2.1,10,0,0,0
1999-08-09 21:00:00,18.9,61,0.0,0,0,0,0
1999-08-09 22:00:00,16.7,72,0.0,0,0,0,0
1999-08-09 23:00:00,15.6,78,0.0,0,0,0,0
1999-08-10 00:00:00,15.0,83,1.5,250,0,0,0
1999-08-10 01:00:00,13.9,87,1.5,270,0,0,0
1999-08-10 02:00:00,14.4,84,2.1,260,0,0,0
1999-08-10 03:00:00,13.9,87,1.5,290,0,0,0
1999-08-10 04:00:00,14.4,84,0.0,0,0,0,0
1999-08-10 05:00:00,14.4,84,0.0,0,0,0,0
1999-08-10 06:00:00,16.1,70,1.5,20,9,89,5
1999-08-10 07:00:00,19.4,51,3.1,60,155,272,93
1999-08-10 08:00:00,21.1,55,4.1,100,324,463,130
1999-08-10 09:00:00,22.2,49,3.6,120,506,594,154
1999-08-10 10:00:00,23.9,46,2.6,120,692,721,160
1999-08-10 11:00:00,25.6,40,1.5,110,787,700,197
1999-08-10 12:00:00,27.2,37,2.6,110,846,655,253
1999-08-10 13:00:00,28.3,41,2.6,100,867,654,270
1999-08-10 14:00:00,26.7,45,5.2,90,747,472,334
1999-08-10 15:00:00,28.3,40,3.6,120,311,66,260
1999-08-10 16:00:00,28.9,36,5.7,220,584,586,200
1999-08-10 17:00:00,28.9,38,4.6,210,366,374,182
1999-08-10 18:00:00,27.2,51,3.6,150,220,430,89
1999-08-10 19:00:00,25.6,60,2.6,140,50,159,33
1999-08-10 20:00:00,25.0,64,2.1,140,0,0,0
1999-08-10 21:00:00,24.4,69,2.1,160,0,0,0
1999-08-10 22:00:00,23.9,74,1.5,140,0,0,0
1999-08-10 23:00:00,21.7,87,0.0,0,0,0,0
1999-08-11 00:00:00,23.3,76,0.0,0,0,0,0
1999-08-11 01:00:00,23.3,74,2.1,190,0,0,0
1999-08-11 02:00:00,22.2,79,0.0,0,0,0,0
1999-08-11 03:00:00,22.8,76,3.1,200,0,0,0
1999-08-11 04:00:00,22.2,79,2.1,200,0,0,0
1999-08-11 05:00:00,21.7,81,0.0,0,0,0,0
1999-08-11 06:00:00,21.1,84,0.0,0,7,60,5
1999-08-11 07:00:00,22.8,79,2.1,200,139,191,96
1999-08-11 08:00:00,24.4,71,2.1,210,296,338,155
1999-08-11 09:00:00,26.7,62,3.1,240,487,490,198
1999-08-11 10:00:00,29.4,51,3.1,250,666,588,234
1999-08-11 11:00:00,31.7,42,4.1,300,452,84,381
1999-08-11 12:00:00,33.3,35,4.6,310,487,90,405
1999-08-11 13:00:00,33.3,35,5.7,320,885,666,278
1999-08-11 14:00:00,33.9,36,5.2,320,835,694,231
1999-08-11 15:00:00,33.3,36,3.6,330,628,411,307
1999-08-11 16:00:00,33.3,36,4.6,320,140,0,140
1999-08-11 17:00:00,32.8,42,3.1,110,97,0,97
1999-08-11 18:00:00,30.6,51,3.1,150,54,0,54
1999-08-11 19:00:00,29.4,57,1.5,140,30,24,27
1999-08-11 20:00:00,27.8,69,2.6,180,0,0,0
1999-08-11 21:00:00,26.7,76,2.1,230,0,0,0
1999-08-11 22:00:00,26.1,82,1.5,180,0,0,0
1999-08-11 23:00:00,25.6,85,1.5,270,0,0,0
1999-08-12 00:00:00,24.4,88,0.0,0,0,0,0
1999-08-12 01:00:00,23.3,94,0.0,0,0,0,0
1999-08-12 02:00:00,21.7,93,1.5,280,0,0,0
1999-08-12 03:00:00,21.7,84,0.0,0,0,0,0
1999-08-12 04:00:00,21.1,81,2.1,320,0,0,0
1999-08-12 05:00:00,20.6,81,2.1,310,0,0,0
1999-08-12 06:00:00,20.0,87,0.0,0,6,60,4
1999-08-12 07:00:00,22.8,71,2.6,330,140,198,95
1999-08-12 08:00:00,26.1,58,2.1,10,296,344,153
1999-08-12 09:00:00,27.8,55,3.1,50,487,520,181
1999-08-12 10:00:00,29.4,50,3.1,50,648,631,185
1999-08-12 11:00:00,31.1,43,0.0,0,775,658,223
1999-08-12 12:00:00,31.7,44,2.1,10,846,667,245
1999-08-12 13:00:00,32.8,42,3.1,20,855,666,250
1999-08-12 14:00:00,33.3,37,4.6,100,800,616,264
1999-08-12 15:00:00,33.3,37,5.2,110,674,578,224
1999-08-12 16:00:00,32.2,38,3.6,100,561,640,146
1999-08-12 17:00:00,32.2,42,2.6,130,386,444,171
1999-08-12 18:00:00,31.1,52,4.1,150,170,152,125
1999-08-12 19:00:00,28.9,65,2.6,140,42,123,29
1999-08-12 20:00:00,27.8,74,3.1,140,0,0,0
1999-08-12 21:00:00,26.7,82,2.1,140,0,0,0
1999-08-12 22:00:00,25.6,87,2.1,150,0,0,0
1999-08-12 23:00:00,25.0,90,0.0,0,0,0,0
1999-08-13 00:00:00,25.0,94,0.0,0,0,0,0
1999-08-13 01:00:00,24.4,97,0.0,0,0,0,0
1999-08-13 02:00:00,25.0,90,0.0,0,0,0,0
1999-08-13 03:00:00,23.9,94,0.0,0,0,0,0
1999-08-13 04:00:00,23.9,96,0.0,0,0,0,0
1999-08-13 05:00:00,24.4,97,1.5,140,0,0,0
1999-08-13 06:00:00,24.0,100,2.1,130,4,10,4
1999-08-13 07:00:00,24.4,94,1.5,160,105,34,98
1999-08-13 08:00:00,26.7,87,2.1,200,191,25,180
1999-08-13 09:00:00,29.0,79,4.6,190,329,80,283
1999-08-13 10:00:00,29.4,77,4.1,170,444,133,347
1999-08-13 11:00:00,30.6,70,4.6,180,527,163,391
1999-08-13 12:00:00,31.7,63,6.2,160,505,102,413
1999-08-13 13:00:00,32.2,59,5.2,200,461,78,390
1999-08-13 14:00:00,33.3,56,6.2,170,664,305,400
1999-08-13 15:00:00,33.3,54,3.6,170,248,18,234
1999-08-13 16:00:00,34.4,48,6.2,180,230,18,218
1999-08-13 17:00:00,32.8,61,5.7,150,375,380,192
1999-08-13 18:00:00,31.7,65,3.1,140,131,56,114
1999-08-13 19:00:00,30.0,72,5.2,150,44,117,32
1999-08-13 20:00:00,29.4,75,3.6,160,0,0,0
1999-08-13 21:00:00,29.4,70,3.1,190,0,0,0
1999-08-13 22:00:00,29.4,70,4.6,200,0,0,0
1999-08-13 23:00:00,28.9,72,5.2,200,0,0,0
1999-08-14 00:00:00,27.2,82,7.7,260,0,0,0
1999-08-14 01:00:00,23.9,94,0.0,0,0,0,0
1999-08-14 02:00:00,23.9,96,1.5,250,0,0,0
1999-08-14 03:00:00,23.3,94,3.6,250,0,0,0
1999-08-14 04:00:00,22.8,96,1.5,210,0,0,0
1999-08-14 05:00:00,22.8,96,3.1,220,0,0,0
1999-08-14 06:00:00,22.8,96,1.5,130,5,67,3
1999-08-14 07:00:00,23.3,94,0.0,0,150,241,98
1999-08-14 08:00:00,24.4,91,1.5,290,311,414,142
1999-08-14 09:00:00,26.1,82,2.6,220,474,459,206
1999-08-14 10:00:00,28.3,72,2.1,200,622,534,233
1999-08-14 11:00:00,31.1,61,2.1,170,781,694,201
1999-08-14 12:00:00,32.2,58,2.6,150,846,643,269
1999-08-14 13:00:00,32.8,57,4.1,120,730,414,355
1999-08-14 14:00:00,33.3,56,4.1,170,776,562,290
1999-08-14 15:00:00,32.2,66,5.7,110,587,346,320
1999-08-14 16:00:00,23.9,90,4.6,310,319,83,266
1999-08-14 17:00:00,23.9,88,2.1,230,64,0,64
1999-08-14 18:00:00,24.4,91,2.1,140,34,0,34
1999-08-14 19:00:00,23.3,97,2.6,260,6,0,6
1999-08-14 20:00:00,23.9,90,0.0,0,0,0,0
1999-08-14 21:00:00,23.3,97,0.0,0,0,0,0
1999-08-14 22:00:00,23.9,94,0.0,0,0,0,0
1999-08-14 23:00:00,23.0,94,2.6,170,0,0,0
1999-08-15 00:00:00,22.8,96,1.5,100,0,0,0
1999-08-15 01:00:00,22.8,96,0.0,0,0,0,0
1999-08-15 02:00:00,22.8,96,0.0,0,0,0,0
1999-08-15 03:00:00,22.2,93,1.5,340,0,0,0
1999-08-15 04:00:00,21.7,96,2.1,290,0,0,0
1999-08-15 05:00:00,21.7,93,1.5,330,0,0,0
1999-08-15 06:00:00,21.7,93,3.1,340,2,0,2
1999-08-15 07:00:00,22.2,91,2.6,340,62,0,62
1999-08-15 08:00:00,23.3,85,2.6,340,269,257,164
1999-08-15 09:00:00,23.9,79,3.6,340,158,0,158
1999-08-15 10:00:00,24.4,76,2.6,330,286,18,273
1999-08-15 11:00:00,25.0,71,3.6,340,471,115,376
1999-08-15 12:00:00,25.0,71,4.6,310,213,12,202
1999-08-15 13:00:00,25.0,71,2.6,310,496,102,404
1999-08-15 14:00:00,25.6,69,4.6,310,347,24,326
1999-08-15 15:00:00,25.0,69,3.6,320,340,24,321
1999-08-15 16:00:00,26.7,64,3.6,350,258,24,242
1999-08-15 17:00:00,26.1,67,3.6,300,283,152,211
1999-08-15 18:00:00,25.6,67,4.1,320,183,298,97
1999-08-15 19:00:00,24.4,71,2.1,340,36,92,28
1999-08-15 20:00:00,24.4,71,0.0,0,0,0,0
1999-08-15 21:00:00,23.3,79,2.1,340,0,0,0
1999-08-15 22:00:00,25.0,69,0.0,0,0,0,0
1999-08-15 23:00:00,23.3,74,0.0,0,0,0,0
1999-08-16 00:00:00,21.7,79,2.1,330,0,0,0
1999-08-16 01:00:00,20.0,90,0.0,0,0,0,0
1999-08-16 02:00:00,18.9,93,2.1,260,0,0,0
1999-08-16 03:00:00,18.9,90,1.5,270,0,0,0
1999-08-16 04:00:00,17.8,96,0.0,0,0,0,0
1999-08-16 05:00:00,17.8,93,1.5,320,0,0,0
1999-08-16 06:00:00,18.3,90,2.6,280,4,55,3
1999-08-16 07:00:00,20.6,84,1.5,330,143,214,98
1999-08-16 08:00:00,23.3,79,2.1,20,298,395,138
1999-08-16 09:00:00,25.0,77,3.1,70,501,545,185
1999-08-16 10:00:00,26.1,72,2.1,110,565,352,310
1999-08-16 11:00:00,27.2,65,1.5,90,577,247,371
1999-08-16 12:00:00,27.2,62,0.0,0,517,114,415
1999-08-16 13:00:00,28.9,57,3.1,120,771,492,329
1999-08-16 14:00:00,28.9,55,1.5,90,735,478,324
1999-08-16 15:00:00,30.0,51,2.6,50,345,107,263
1999-08-16 16:00:00,30.0,51,3.1,110,565,574,200
1999-08-16 17:00:00,29.4,55,3.1,110,288,181,203
1999-08-16 18:00:00,28.3,59,3.1,150,202,399,88
1999-08-16 19:00:00,26.7,64,2.1,140,35,127,24
1999-08-16 20:00:00,25.6,67,0.0,0,0,0,0
1999-08-16 21:00:00,22.8,87,1.5,250,0,0,0
1999-08-16 22:00:00,22.2,87,0.0,0,0,0,0
1999-08-16 23:00:00,22.8,94,2.1,170,0,0,0
1999-08-17 00:00:00,23.3,94,0.0,0,0,0,0
1999-08-17 01:00:00,22.8,96,0.0,0,0,0,0
1999-08-17 02:00:00,22.8,96,0.0,0,0,0,0
1999-08-17 03:00:00,22.2,100,0.0,0,0,0,0
1999-08-17 04:00:00,22.2,100,2.1,200,0,0,0
1999-08-17 05:00:00,22.2,97,1.5,200,0,0,0
1999-08-17 06:00:00,22.2,97,2.1,190,3,34,2
1999-08-17 07:00:00,22.8,96,1.5,190,126,139,97
1999-08-17 08:00:00,24.4,88,2.6,190,270,283,156
1999-08-17 09:00:00,26.7,76,3.1,230,462,447,204
1999-08-17 10:00:00,30.0,61,2.6,250,655,655,181
1999-08-17 11:00:00,32.2,45,2.1,270,775,694,200
1999-08-17 12:00:00,33.3,36,3.6,280,858,746,195
1999-08-17 13:00:00,33.9,30,3.6,250,879,786,174
1999-08-17 14:00:00,34.4,30,5.2,230,823,747,183
1999-08-17 15:00:00,34.4,34,4.6,220,708,703,170
1999-08-17 16:00:00,35.0,29,1.5,230,554,669,130
1999-08-17 17:00:00,34.4,35,3.6,230,379,531,131
1999-08-17 18:00:00,32.8,45,3.6,170,191,393,81
1999-08-17 19:00:00,30.0,63,2.6,170,31,103,23
1999-08-17 20:00:00,28.3,70,2.1,190,0,0,0
1999-08-17 21:00:00,27.8,69,0.0,0,0,0,0
1999-08-17 22:00:00,24.4,88,1.5,280,0,0,0
1999-08-17 23:00:00,24.4,82,1.5,200,0,0,0
1999-08-18 00:00:00,23.9,88,1.5,280,0,0,0
1999-08-18 01:00:00,22.8,87,1.5,260,0,0,0
1999-08-18 02:00:00,22.2,87,0.0,0,0,0,0
1999-08-18 03:00:00,21.1,97,0.0,0,0,0,0
1999-08-18 04:00:00,21.1,93,1.5,280,0,0,0
1999-08-18 05:00:00,21.1,90,1.5,250,0,0,0
1999-08-18 06:00:00,21.1,87,0.0,0,3,50,2
1999-08-18 07:00:00,23.9,71,0.0,0,136,216,91
1999-08-18 08:00:00,27.8,55,4.1,340,306,427,135
1999-08-18 09:00:00,28.9,53,3.1,350,502,643,132
1999-08-18 10:00:00,30.0,50,4.1,360,661,691,163
1999-08-18 11:00:00,30.6,46,2.6,350,763,609,259
1999-08-18 12:00:00,31.1,42,4.1,330,633,259,404
1999-08-18 13:00:00,30.6,45,3.6,300,556,150,422
1999-08-18 14:00:00,31.7,41,4.1,350,717,454,329
1999-08-18 15:00:00,32.2,35,2.1,350,288,54,247
1999-08-18 16:00:00,32.2,34,2.6,360,503,402,250
1999-08-18 17:00:00,31.1,36,6.2,360,357,420,162
1999-08-18 18:00:00,29.4,43,5.7,360,186,291,106
1999-08-18 19:00:00,27.8,47,4.1,350,17,0,17
1999-08-18 20:00:00,26.7,47,5.2,350,0,0,0
1999-08-18 21:00:00,25.6,48,3.6,360,0,0,0
1999-08-18 22:00:00,23.9,55,2.1,320,0,0,0
1999-08-18 23:00:00,22.8,59,2.1,310,0,0,0
1999-08-19 00:00:00,22.2,59,2.6,310,0,0,0
1999-08-19 01:00:00,20.0,73,1.5,300,0,0,0
1999-08-19 02:00:00,20.6,68,2.1,340,0,0,0
1999-08-19 03:00:00,20.0,73,1.5,320,0,0,0
1999-08-19 04:00:00,19.4,76,1.5,330,0,0,0
1999-08-19 05:00:00,20.0,73,1.5,330,0,0,0
1999-08-19 06:00:00,20.0,76,2.1,330,1,2,1
1999-08-19 07:00:00,21.7,68,3.6,10,82,7,81
1999-08-19 08:00:00,22.2,68,2.1,10,128,0,128
1999-08-19 09:00:00,23.9,62,3.6,60,337,129,263
1999-08-19 10:00:00,25.0,58,2.6,70,661,637,204
1999-08-19 11:00:00,26.1,54,2.1,70,788,748,171
1999-08-19 12:00:00,27.2,49,2.6,70,858,758,188
1999-08-19 13:00:00,28.3,46,4.1,60,873,762,193
1999-08-19 14:00:00,28.3,49,4.1,110,793,646,244
1999-08-19 15:00:00,28.9,44,3.1,110,661,607,200
1999-08-19 16:00:00,28.3,40,4.1,110,497,420,234
1999-08-19 17:00:00,28.3,40,3.1,110,277,157,204
1999-08-19 18:00:00,26.7,51,3.1,100,180,319,94
1999-08-19 19:00:00,25.6,58,2.6,110,24,48,20
1999-08-19 20:00:00,25.0,60,2.6,130,0,0,0
1999-08-19 21:00:00,24.4,82,6.2,110,0,0,0
1999-08-19 22:00:00,23.9,88,6.2,120,0,0,0
1999-08-19 23:00:00,23.3,87,5.7,120,0,0,0
1999-08-20 00:00:00,23.3,91,5.7,110,0,0,0
1999-08-20 01:00:00,23.3,91,4.6,100,0,0,0
1999-08-20 02:00:00,22.8,96,3.1,100,0,0,0
1999-08-20 03:00:00,21.1,93,5.2,100,0,0,0
1999-08-20 04:00:00,20.6,100,1.5,210,0,0,0
1999-08-20 05:00:00,21.1,97,2.6,210,0,0,0
1999-08-20 06:00:00,20.6,100,0.0,0,0,0,0
1999-08-20 07:00:00,20.6,96,1.5,120,28,0,28
1999-08-20 08:00:00,20.6,96,1.5,120,79,0,79
1999-08-20 09:00:00,21.7,93,2.1,60,324,104,264
1999-08-20 10:00:00,22.8,87,3.1,120,318,42,288
1999-08-20 11:00:00,24.4,82,2.1,120,701,495,294
1999-08-20 12:00:00,26.1,74,2.6,130,462,90,383
1999-08-20 13:00:00,27.2,65,2.1,140,693,336,395
1999-08-20 14:00:00,27.8,63,2.6,140,622,281,384
1999-08-20 15:00:00,26.7,74,6.2,90,494,214,332
1999-08-20 16:00:00,26.0,79,7.2,90,380,148,288
1999-08-20 17:00:00,24.4,82,8.8,80,255,117,202
1999-08-20 18:00:00,23.3,85,7.2,70,180,340,88
1999-08-20 19:00:00,22.8,84,7.7,60,26,85,19
1999-08-20 20:00:00,22.2,91,4.6,90,0,0,0
1999-08-20 21:00:00,20.6,96,4.6,20,0,0,0
1999-08-20 22:00:00,20.0,94,4.6,40,0,0,0
1999-08-20 23:00:00,19.4,97,4.1,40,0,0,0
1999-08-21 00:00:00,18.9,93,3.6,50,0,0,0
1999-08-21 01:00:00,18.3,97,3.6,30,0,0,0
1999-08-21 02:00:00,18.3,93,4.1,30,0,0,0
1999-08-21 03:00:00,17.8,96,3.6,10,0,0,0
1999-08-21 04:00:00,17.8,96,3.1,10,0,0,0
1999-08-21 05:00:00,17.8,96,2.1,350,0,0,0
1999-08-21 06:00:00,17.8,96,2.6,360,0,0,0
1999-08-21 07:00:00,17.8,96,3.1,20,47,0,47
1999-08-21 08:00:00,18.3,93,3.1,30,100,0,100
1999-08-21 09:00:00,18.3,93,2.1,20,119,0,119
1999-08-21 10:00:00,19.4,87,1.5,350,184,0,184
1999-08-21 11:00:00,19.4,90,2.6,310,161,0,161
1999-08-21 12:00:00,21.1,81,2.6,320,371,24,350
1999-08-21 13:00:00,21.7,79,3.1,320,359,18,343
1999-08-21 14:00:00,21.1,81,3.1,20,258,6,253
1999-08-21 15:00:00,22.8,73,4.1,40,368,42,336
1999-08-21 16:00:00,22.8,71,1.5,90,407,219,272
1999-08-21 17:00:00,22.8,71,3.1,20,340,367,174
1999-08-21 18:00:00,21.7,76,4.6,40,132,111,102
1999-08-21 19:00:00,21.1,76,3.1,20,25,101,18
1999-08-21 20:00:00,21.1,73,2.6,30,0,0,0
1999-08-21 21:00:00,20.6,75,3.1,20,0,0,0
1999-08-21 22:00:00,20.6,75,3.1,10,0,0,0
1999-08-21 23:00:00,19.4,84,2.1,360,0,0,0
1999-08-22 00:00:00,18.3,90,1.5,350,0,0,0
1999-08-22 01:00:00,17.8,93,1.5,310,0,0,0
1999-08-22 02:00:00,17.2,97,1.5,260,0,0,0
1999-08-22 03:00:00,17.2,97,0.0,0,0,0,0
1999-08-22 04:00:00,16.1,100,0.0,0,0,0,0
1999-08-22 05:00:00,16.7,100,0.0,0,0,0,0
1999-08-22 06:00:00,17.8,93,2.1,360,1,45,1
1999-08-22 07:00:00,18.3,90,0.0,0,141,247,92
1999-08-22 08:00:00,18.9,87,0.0,0,308,460,128
1999-08-22 09:00:00,20.6,73,2.6,320,483,552,171
1999-08-22 10:00:00,22.2,68,3.6,280,630,625,185
1999-08-22 11:00:00,22.8,61,0.0,0,720,616,217
1999-08-22 12:00:00,25.0,52,3.1,330,779,565,283
1999-08-22 13:00:00,26.1,48,3.6,300,705,378,371
1999-08-22 14:00:00,26.1,47,4.6,320,669,371,357
1999-08-22 15:00:00,27.2,41,3.6,310,431,125,337
1999-08-22 16:00:00,27.8,40,3.1,350,396,195,276
1999-08-22 17:00:00,27.2,39,2.6,10,366,489,146
1999-08-22 18:00:00,26.1,42,3.6,30,178,400,74
1999-08-22 19:00:00,24.4,50,2.1,50,21,78,16
1999-08-22 20:00:00,21.1,73,2.1,170,0,0,0
1999-08-22 21:00:00,18.9,84,0.0,0,0,0,0
1999-08-22 22:00:00,18.3,87,0.0,0,0,0,0
1999-08-22 23:00:00,17.2,93,1.5,260,0,0,0
1999-08-23 00:00:00,16.7,93,0.0,0,0,0,0
1999-08-23 01:00:00,16.7,93,0.0,0,0,0,0
1999-08-23 02:00:00,16.1,97,0.0,0,0,0,0
1999-08-23 03:00:00,15.0,100,0.0,0,0,0,0
1999-08-23 04:00:00,15.6,96,0.0,0,0,0,0
1999-08-23 05:00:00,15.6,96,0.0,0,0,0,0
1999-08-23 06:00:00,15.0,100,0.0,0,1,34,0
1999-08-23 07:00:00,17.8,93,0.0,0,123,198,84
1999-08-23 08:00:00,21.1,81,0.0,0,294,435,125
1999-08-23 09:00:00,23.9,71,0.0,0,470,527,173
1999-08-23 10:00:00,26.1,67,2.1,360,649,704,150
1999-08-23 11:00:00,26.7,60,0.0,0,751,676,200
1999-08-23 12:00:00,27.8,51,3.1,160,809,577,305
1999-08-23 13:00:00,27.2,53,3.6,140,640,276,396
1999-08-23 14:00:00,27.2,56,4.6,140,540,173,395
1999-08-23 15:00:00,27.8,51,5.2,130,465,173,336
1999-08-23 16:00:00,27.2,51,4.1,140,524,573,173
1999-08-23 17:00:00,26.7,52,3.1,150,339,419,153
1999-08-23 18:00:00,26.1,56,3.1,120,163,250,99
1999-08-23 19:00:00,24.4,64,1.5,140,4,0,4
1999-08-23 20:00:00,23.9,64,2.6,170,0,0,0
1999-08-23 21:00:00,23.3,60,1.5,150,0,0,0
1999-08-23 22:00:00,23.3,69,3.6,160,0,0,0
1999-08-23 23:00:00,23.3,71,1.5,170,0,0,0
1999-08-24 00:00:00,22.8,76,2.1,170,0,0,0
1999-08-24 01:00:00,22.2,79,0.0,0,0,0,0
1999-08-24 02:00:00,21.7,84,1.5,150,0,0,0
1999-08-24 03:00:00,21.7,84,4.1,200,0,0,0
1999-08-24 04:00:00,20.0,100,1.5,150,0,0,0
1999-08-24 05:00:00,20.0,100,3.6,90,0,0,0
1999-08-24 06:00:00,20.0,100,3.1,30,0,15,0
1999-08-24 07:00:00,20.0,100,2.6,90,105,93,87
1999-08-24 08:00:00,20.0,96,3.1,120,108,0,108
1999-08-24 09:00:00,21.1,93,4.1,120,291,67,254
1999-08-24 10:00:00,21.7,93,3.6,140,299,24,282
1999-08-24 11:00:00,22.2,87,2.1,160,273,12,263
1999-08-24 12:00:00,23.3,85,4.6,140,402,30,375
1999-08-24 13:00:00,23.9,84,3.1,120,263,12,252
1999-08-24 14:00:00,26.1,72,6.7,140,593,281,358
1999-08-24 15:00:00,27.2,51,4.6,140,649,613,193
1999-08-24 16:00:00,26.7,56,4.6,170,518,603,151
1999-08-24 17:00:00,26.1,56,4.1,170,349,489,134
1999-08-24 18:00:00,25.0,60,2.6,160,158,305,81
1999-08-24 19:00:00,23.9,64,1.5,150,17,51,14
1999-08-24 20:00:00,22.2,73,1.5,150,0,0,0
1999-08-24 21:00:00,21.7,76,0.0,0,0,0,0
1999-08-24 22:00:00,20.6,84,0.0,0,0,0,0
1999-08-24 23:00:00,20.6,84,2.6,100,0,0,0
1999-08-25 00:00:00,20.0,87,1.5,120,0,0,0
1999-08-25 01:00:00,20.0,90,2.1,100,0,0,0
1999-08-25 02:00:00,20.0,93,1.5,100,0,0,0
1999-08-25 03:00:00,19.4,97,2.6,100,0,0,0
1999-08-25 04:00:00,20.0,93,2.1,80,0,0,0
1999-08-25 05:00:00,20.6,96,2.6,90,0,0,0
1999-08-25 06:00:00,21.1,93,2.1,90,0,0,0
1999-08-25 07:00:00,21.7,93,3.1,100,87,21,83
1999-08-25 08:00:00,23.3,91,4.1,100,194,57,173
1999-08-25 09:00:00,23.9,84,6.2,110,225,12,218
1999-08-25 10:00:00,25.0,84,5.2,90,325,30,303
1999-08-25 11:00:00,24.4,85,5.2,120,130,0,130
1999-08-25 12:00:00,24.4,82,7.2,110,176,0,176
1999-08-25 13:00:00,24.4,82,6.7,120,215,0,215
1999-08-25 14:00:00,22.8,94,4.6,110,141,0,141
1999-08-25 15:00:00,22.8,94,4.1,100,109,0,109
1999-08-25 16:00:00,22.8,94,5.2,100,95,0,95
1999-08-25 17:00:00,22.8,96,5.7,90,58,0,58
1999-08-25 18:00:00,22.8,96,6.2,90,78,0,78
1999-08-25 19:00:00,22.2,100,7.7,70,2,0,2
1999-08-25 20:00:00,22.0,100,7.2,60,0,0,0
1999-08-25 21:00:00,21.7,100,5.7,60,0,0,0
1999-08-25 22:00:00,21.7,96,4.6,50,0,0,0
1999-08-25 23:00:00,21.7,96,2.6,10,0,0,0
1999-08-26 00:00:00,21.7,96,0.0,0,0,0,0
1999-08-26 01:00:00,21.1,100,0.0,0,0,0,0
1999-08-26 02:00:00,21.1,100,0.0,0,0,0,0
1999-08-26 03:00:00,21.7,96,0.0,0,0,0,0
1999-08-26 04:00:00,21.7,100,0.0,0,0,0,0
1999-08-26 05:00:00,21.7,100,1.5,320,0,0,0
1999-08-26 06:00:00,21.7,100,0.0,0,0,0,0
1999-08-26 07:00:00,21.7,100,0.0,0,78,7,77
1999-08-26 08:00:00,22.8,94,0.0,0,173,19,166
1999-08-26 09:00:00,23.3,94,0.0,0,259,31,242
1999-08-26 10:00:00,25.0,84,1.5,110,484,231,322
1999-08-26 11:00:00,25.6,79,1.5,130,528,193,372
1999-08-26 12:00:00,26.7,76,3.1,150,487,102,398
1999-08-26 13:00:00,27.8,74,2.1,110,382,48,341
1999-08-26 14:00:00,27.8,72,2.6,80,633,317,371
1999-08-26 15:00:00,28.3,74,3.6,90,574,357,311
1999-08-26 16:00:00,27.2,74,5.2,110,317,89,264
1999-08-26 17:00:00,26.7,74,5.7,130,142,6,140
1999-08-26 18:00:00,26.7,79,3.1,120,41,0,41
1999-08-26 19:00:00,21.1,100,4.1,270,2,0,2
1999-08-26 20:00:00,21.0,100,4.1,270,0,0,0
1999-08-26 21:00:00,21.1,100,0.0,0,0,0,0
1999-08-26 22:00:00,21.1,100,3.1,330,0,0,0
1999-08-26 23:00:00,21.1,100,3.1,290,0,0,0
1999-08-27 00:00:00,21.1,100,2.1,200,0,0,0
1999-08-27 01:00:00,21.7,96,0.0,0,0,0,0
1999-08-27 02:00:00,21.7,96,1.5,330,0,0,0
1999-08-27 03:00:00,21.1,97,1.5,310,0,0,0
1999-08-27 04:00:00,20.6,100,0.0,0,0,0,0
1999-08-27 05:00:00,20.6,100,0.0,0,0,0,0
1999-08-27 06:00:00,20.0,100,2.1,280,0,0,0
1999-08-27 07:00:00,20.6,100,3.6,280,118,195,82
1999-08-27 08:00:00,22.2,91,2.6,280,253,297,141
1999-08-27 09:00:00,22.8,90,3.6,280,338,135,264
1999-08-27 10:00:00,24.4,79,2.1,260,503,273,312
1999-08-27 11:00:00,26.1,72,2.1,230,732,628,227
1999-08-27 12:00:00,26.7,71,2.1,200,803,607,279
1999-08-27 13:00:00,27.2,61,0.0,0,669,318,393
1999-08-27 14:00:00,28.3,55,3.6,220,481,120,382
1999-08-27 15:00:00,28.3,57,2.6,230,419,113,336
1999-08-27 16:00:00,27.8,58,2.1,240,478,408,235
1999-08-27 17:00:00,26.1,65,2.6,290,210,76,178
1999-08-27 18:00:00,26.1,65,4.1,300,160,302,88
1999-08-27 19:00:00,23.9,74,1.5,210,7,0,7
1999-08-27 20:00:00,23.3,82,0.0,0,0,0,0
1999-08-27 21:00:00,22.2,91,0.0,0,0,0,0
1999-08-27 22:00:00,22.2,91,2.1,250,0,0,0
1999-08-27 23:00:00,22.2,87,2.6,260,0,0,0
1999-08-28 00:00:00,21.1,88,0.0,0,0,0,0
1999-08-28 01:00:00,21.1,84,1.5,240,0,0,0
1999-08-28 02:00:00,21.1,93,1.5,180,0,0,0
1999-08-28 03:00:00,20.0,96,1.5,210,0,0,0
1999-08-28 04:00:00,20.0,100,0.0,0,0,0,0
1999-08-28 05:00:00,20.0,100,1.5,250,0,0,0
1999-08-28 06:00:00,18.9,100,2.1,200,0,0,0
1999-08-28 07:00:00,20.0,96,3.1,270,99,94,82
1999-08-28 08:00:00,21.8,88,3.1,280,268,360,132
1999-08-28 09:00:00,24.4,68,2.6,280,451,503,174
1999-08-28 10:00:00,26.1,61,2.1,310,618,637,174
1999-08-28 11:00:00,27.2,57,3.1,300,745,676,203
1999-08-28 12:00:00,28.3,54,4.6,300,803,655,239
1999-08-28 13:00:00,28.9,50,2.1,280,818,678,231
1999-08-28 14:00:00,29.4,48,3.6,270,780,711,195
1999-08-28 15:00:00,29.4,49,2.6,230,659,661,178
1999-08-28 16:00:00,29.4,48,3.6,270,511,626,140
1999-08-28 17:00:00,29.4,46,4.1,290,341,540,113
1999-08-28 18:00:00,28.3,50,3.1,300,154,367,69
1999-08-28 19:00:00,27.8,54,0.0,0,9,35,8
1999-08-28 20:00:00,25.0,68,1.5,220,0,0,0
1999-08-28 21:00:00,22.8,76,0.0,0,0,0,0
1999-08-28 22:00:00,23.9,76,1.5,230,0,0,0
1999-08-28 23:00:00,23.9,79,2.6,220,0,0,0
1999-08-29 00:00:00,22.8,87,1.5,260,0,0,0
1999-08-29 01:00:00,22.8,86,1.5,240,0,0,0
1999-08-29 02:00:00,22.0,87,1.5,270,0,0,0
1999-08-29 03:00:00,22.2,87,2.6,210,0,0,0
1999-08-29 04:00:00,21.8,88,2.6,230,0,0,0
1999-08-29 05:00:00,21.5,87,2.6,250,0,0,0
1999-08-29 06:00:00,20.0,97,1.5,260,0,0,0
1999-08-29 07:00:00,21.7,95,2.1,240,131,211,93
1999-08-29 08:00:00,24.4,91,3.6,250,304,493,121
1999-08-29 09:00:00,27.2,69,4.6,270,485,632,138
1999-08-29 10:00:00,28.3,65,5.2,270,637,692,157
1999-08-29 11:00:00,30.0,64,2.6,270,732,700,173
1999-08-29 12:00:00,30.0,63,5.7,270,791,661,224
1999-08-29 13:00:00,30.6,60,5.2,280,794,648,235
1999-08-29 14:00:00,30.6,56,4.1,290,727,574,257
1999-08-29 15:00:00,31.1,56,4.1,280,579,417,277
1999-08-29 16:00:00,30.0,59,2.6,310,444,390,215
1999-08-29 17:00:00,30.0,59,3.1,330,309,354,161
1999-08-29 18:00:00,28.3,54,3.6,340,90,38,81
1999-08-29 19:00:00,27.2,52,4.6,360,5,0,5
1999-08-29 20:00:00,25.6,56,3.1,340,0,0,0
1999-08-29 21:00:00,23.3,53,3.6,360,0,0,0
1999-08-29 22:00:00,21.1,63,7.2,20,0,0,0
1999-08-29 23:00:00,20.6,57,8.8,20,0,0,0
1999-08-30 00:00:00,20.0,53,6.7,20,0,0,0
1999-08-30 01:00:00,18.9,59,6.2,30,0,0,0
1999-08-30 02:00:00,17.8,52,5.2,30,0,0,0
1999-08-30 03:00:00,17.2,56,5.7,30,0,0,0
1999-08-30 04:00:00,17.2,54,5.7,30,0,0,0
1999-08-30 05:00:00,15.6,62,6.2,30,0,0,0
1999-08-30 06:00:00,15.6,57,5.2,40,0,0,0
1999-08-30 07:00:00,15.6,60,3.6,20,81,22,77
1999-08-30 08:00:00,16.1,58,7.2,30,167,19,160
1999-08-30 09:00:00,17.2,56,8.2,40,266,31,249
1999-08-30 10:00:00,17.8,56,6.2,30,402,121,318
1999-08-30 11:00:00,18.9,54,5.7,30,615,344,341
1999-08-30 12:00:00,20.0,49,7.2,20,541,162,403
1999-08-30 13:00:00,20.0,45,8.2,40,490,102,402
1999-08-30 14:00:00,20.0,45,7.2,20,311,30,286
1999-08-30 15:00:00,20.0,45,7.7,30,470,202,324
1999-08-30 16:00:00,20.0,47,6.2,40,250,30,232
1999-08-30 17:00:00,20.0,47,6.7,40,146,6,144
1999-08-30 18:00:00,20.0,49,5.2,30,121,180,81
1999-08-30 19:00:00,19.4,51,4.1,50,4,0,4
1999-08-30 20:00:00,18.9,54,3.6,40,0,0,0
1999-08-30 21:00:00,19.4,52,4.1,50,0,0,0
1999-08-30 22:00:00,19.4,52,5.2,50,0,0,0
1999-08-30 23:00:00,18.9,54,4.1,40,0,0,0
1999-08-31 00:00:00,18.3,56,3.6,40,0,0,0
1999-08-31 01:00:00,17.2,63,3.1,10,0,0,0
1999-08-31 02:00:00,17.2,63,4.1,20,0,0,0
1999-08-31 03:00:00,16.7,65,3.6,20,0,0,0
1999-08-31 04:00:00,16.1,67,4.1,20,0,0,0
1999-08-31 05:00:00,16.7,65,5.2,20,0,0,0
1999-08-31 06:00:00,16.7,65,5.7,10,0,0,0
1999-08-31 07:00:00,17.2,63,4.1,30,113,96,97
1999-08-31 08:00:00,18.3,58,6.2,40,131,0,131
1999-08-31 09:00:00,19.4,57,6.2,40,133,0,133
1999-08-31 10:00:00,20.6,57,7.2,40,325,67,279
1999-08-31 11:00:00,21.7,55,5.7,40,546,235,359
1999-08-31 12:00:00,22.8,53,5.7,50,578,210,399
1999-08-31 13:00:00,22.2,51,6.7,40,352,24,332
1999-08-31 14:00:00,22.2,48,6.2,40,316,18,302
1999-08-31 15:00:00,22.8,48,4.6,30,235,12,226
1999-08-31 16:00:00,22.2,48,4.6,40,100,0,100
1999-08-31 17:00:00,22.2,48,4.6,60,104,0,104
1999-08-31 18:00:00,21.7,51,4.1,40,98,76,81
1999-08-31 19:00:00,21.7,47,5.2,40,3,0,3
1999-08-31 20:00:00,21.1,49,4.6,40,0,0,0
1999-08-31 21:00:00,20.0,53,3.1,40,0,0,0
1999-08-31 22:00:00,20.2,59,2.7,40,0,0,0
1999-08-31 23:00:00,20.5,54,2.2,40,0,0,0
1999-09-01 00:00:00,20.7,56,1.8,30,0,0,0
1979-09-01 01:00:00,21.0,90,1.3,20,0,0,0
1979-09-01 02:00:00,21.2,93,0.9,60,0,0,0
1979-09-01 03:00:00,21.5,93,0.4,20,0,0,0
1979-09-01 04:00:00,21.7,93,0.0,0,0,0,0
1979-09-01 05:00:00,20.0,97,0.0,0,0,0,0
1979-09-01 06:00:00,21.1,97,2.6,50,7,0,7
1979-09-01 07:00:00,21.7,97,3.1,100,50,62,39
1979-09-01 08:00:00,22.8,90,5.2,80,227,184,160
1979-09-01 09:00:00,23.9,87,3.6,100,450,432,216
1979-09-01 10:00:00,25.6,82,3.6,70,602,550,223
1979-09-01 11:00:00,26.7,77,4.1,100,634,553,196
1979-09-01 12:00:00,26.7,77,3.6,90,725,607,209
1979-09-01 13:00:00,27.8,72,4.6,110,705,564,221
1979-09-01 14:00:00,28.9,61,4.6,140,508,360,216
1979-09-01 15:00:00,28.3,67,3.6,130,626,602,195
1979-09-01 16:00:00,28.3,67,3.6,140,441,468,170
1979-09-01 17:00:00,27.8,69,4.1,130,315,546,91
1979-09-01 18:00:00,26.7,72,3.6,90,133,355,55
1979-09-01 19:00:00,25.0,76,3.6,110,23,52,17
1979-09-01 20:00:00,24.4,82,4.1,100,0,0,0
1979-09-01 21:00:00,23.9,90,3.1,110,0,0,0
1979-09-01 22:00:00,23.9,90,3.6,110,0,0,0
1979-09-01 23:00:00,23.3,94,3.1,120,0,0,0
1979-09-02 00:00:00,22.8,93,2.6,120,0,0,0
1979-09-02 01:00:00,22.8,93,2.1,80,0,0,0
1979-09-02 02:00:00,22.8,93,1.5,40,0,0,0
1979-09-02 03:00:00,23.3,94,2.1,80,0,0,0
1979-09-02 04:00:00,22.8,97,2.6,90,0,0,0
1979-09-02 05:00:00,22.8,97,0.0,0,0,0,0
1979-09-02 06:00:00,22.8,97,0.0,0,7,2,7
1979-09-02 07:00:00,22.8,97,2.6,200,56,44,48
1979-09-02 08:00:00,25.0,88,4.1,220,104,1,104
1979-09-02 09:00:00,26.1,82,4.1,220,298,252,162
1979-09-02 10:00:00,27.2,77,4.1,220,349,105,277
1979-09-02 11:00:00,29.4,70,5.2,220,470,223,294
1979-09-02 12:00:00,30.0,68,5.2,180,701,469,304
1979-09-02 13:00:00,29.4,67,4.6,200,742,522,296
1979-09-02 14:00:00,30.6,65,6.2,160,532,277,309
1979-09-02 15:00:00,30.6,65,6.7,170,512,401,227
1979-09-02 16:00:00,28.9,80,7.7,170,415,448,157
1979-09-02 17:00:00,28.3,72,6.2,180,283,369,133
1979-09-02 18:00:00,26.7,77,5.2,180,121,280,61
1979-09-02 19:00:00,25.6,82,4.6,170,18,33,15
1979-09-02 20:00:00,25.0,88,3.1,190,0,0,0
1979-09-02 21:00:00,24.4,90,4.1,180,0,0,0
1979-09-02 22:00:00,24.4,90,3.6,220,0,0,0
1979-09-02 23:00:00,24.4,90,4.1,220,0,0,0
1979-09-03 00:00:00,23.9,90,4.1,210,0,0,0
1979-09-03 01:00:00,23.9,87,4.1,210,0,0,0
1979-09-03 02:00:00,23.9,87,3.1,200,0,0,0
1979-09-03 03:00:00,23.3,90,2.6,220,0,0,0
1979-09-03 04:00:00,22.8,93,2.6,210,0,0,0
1979-09-03 05:00:00,22.8,90,5.2,250,0,0,0
1979-09-03 06:00:00,22.8,90,3.6,250,5,0,5
1979-09-03 07:00:00,23.3,87,4.1,250,45,46,37
1979-09-03 08:00:00,25.0,85,4.6,240,171,58,150
1979-09-03 09:00:00,26.7,79,4.6,260,382,256,245
1979-09-03 10:00:00,27.8,77,3.1,290,552,485,221
1979-09-03 11:00:00,28.3,72,2.6,270,585,309,342
1979-09-03 12:00:00,29.4,67,4.1,260,607,314,342
1979-09-03 13:00:00,29.4,70,3.6,210,527,188,367
1979-09-03 14:00:00,28.9,65,3.6,220,496,182,350
1979-09-03 15:00:00,28.3,74,4.1,210,552,421,253
1979-09-03 16:00:00,27.2,79,4.6,180,326,259,178
1979-09-03 17:00:00,26.7,82,3.1,170,217,201,137
1979-09-03 18:00:00,26.7,82,4.1,190,56,31,50
1979-09-03 19:00:00,26.1,85,4.6,210,13,0,13
1979-09-03 20:00:00,25.0,85,4.6,230,0,0,0
1979-09-03 21:00:00,24.4,87,5.2,230,0,0,0
1979-09-03 22:00:00,23.9,90,5.2,260,0,0,0
1979-09-03 23:00:00,23.9,87,4.6,300,0,0,0
1979-09-04 00:00:00,23.3,90,2.1,220,0,0,0
1979-09-04 01:00:00,22.2,93,1.5,70,0,0,0
1979-09-04 02:00:00,22.8,93,0.0,0,0,0,0
1979-09-04 03:00:00,22.8,93,2.1,180,0,0,0
1979-09-04 04:00:00,22.8,93,0.0,0,0,0,0
1979-09-04 05:00:00,22.2,93,2.1,250,0,0,0
1979-09-04 06:00:00,21.7,97,2.6,270,4,3,3
1979-09-04 07:00:00,22.8,93,2.1,240,82,194,50
1979-09-04 08:00:00,25.0,88,1.5,10,276,544,82
1979-09-04 09:00:00,26.7,79,1.5,110,432,479,176
1979-09-04 10:00:00,26.7,79,2.6,140,457,326,235
1979-09-04 11:00:00,27.8,77,3.1,120,568,360,286
1979-09-04 12:00:00,29.4,67,1.5,270,740,585,248
1979-09-04 13:00:00,29.4,72,3.6,70,637,338,351
1979-09-04 14:00:00,28.9,74,5.2,70,658,507,253
1979-09-04 15:00:00,30.0,68,3.6,90,586,497,236
1979-09-04 16:00:00,29.4,70,2.1,120,414,407,184
1979-09-04 17:00:00,28.3,72,3.6,140,204,122,156
1979-09-04 18:00:00,27.2,77,0.5,150,88,70,74
1979-09-04 19:00:00,25.6,85,1.5,170,16,8,15
1979-09-04 20:00:00,24.4,87,1.5,140,0,0,0
1979-09-04 21:00:00,24.4,87,2.6,150,0,0,0
1979-09-04 22:00:00,23.9,90,2.6,180,0,0,0
1979-09-04 23:00:00,23.3,94,1.5,170,0,0,0
1979-09-05 00:00:00,23.3,94,0.0,0,0,0,0
1979-09-05 01:00:00,22.8,97,2.1,100,0,0,0
1979-09-05 02:00:00,23.3,97,2.1,120,0,0,0
1979-09-05 03:00:00,23.3,97,1.5,70,0,0,0
1979-09-05 04:00:00,23.3,97,2.6,70,0,0,0
1979-09-05 05:00:00,23.9,97,2.6,110,0,0,0
1979-09-05 06:00:00,23.9,94,3.1,110,4,0,4
1979-09-05 07:00:00,24.4,94,2.6,80,50,3,49
1979-09-05 08:00:00,23.9,94,3.1,100,132,3,131
1979-09-05 09:00:00,25.6,91,3.1,110,181,4,179
1979-09-05 10:00:00,26.1,91,5.2,110,237,1,237
1979-09-05 11:00:00,26.1,88,5.2,110,388,5,384
1979-09-05 12:00:00,25.6,91,6.2,80,413,1,412
1979-09-05 13:00:00,25.6,91,6.7,80,262,2,260
1979-09-05 14:00:00,25.0,94,7.2,110,219,2,217
1979-09-05 15:00:00,24.4,97,7.7,140,212,0,212
1979-09-05 16:00:00,25.0,94,7.2,100,167,1,166
1979-09-05 17:00:00,25.0,94,5.7,110,107,1,106
1979-09-05 18:00:00,24.4,94,5.7,110,46,1,46
1979-09-05 19:00:00,25.0,91,7.7,90,9,0,9
1979-09-05 20:00:00,24.4,90,8.2,130,0,0,0
1979-09-05 21:00:00,24.4,94,7.7,130,0,0,0
1979-09-05 22:00:00,24.4,94,11.8,140,0,0,0
1979-09-05 23:00:00,24.4,94,10.3,200,0,0,0
1979-09-06 00:00:00,25.0,88,8.2,170,0,0,0
1979-09-06 01:00:00,25.0,88,7.2,170,0,0,0
1979-09-06 02:00:00,24.4,90,7.2,170,0,0,0
1979-09-06 03:00:00,23.9,94,7.7,170,0,0,0
1979-09-06 04:00:00,23.9,94,7.7,190,0,0,0
1979-09-06 05:00:00,23.3,97,6.2,200,0,0,0
1979-09-06 06:00:00,23.3,97,6.2,200,6,0,6
1979-09-06 07:00:00,23.9,90,7.7,210,51,0,51
1979-09-06 08:00:00,24.4,87,7.7,220,143,0,143
1979-09-06 09:00:00,25.6,79,7.7,240,328,235,204
1979-09-06 10:00:00,27.8,69,8.8,270,431,349,195
1979-09-06 11:00:00,28.9,65,7.7,260,467,217,299
1979-09-06 12:00:00,30.0,61,8.2,270,761,678,195
1979-09-06 13:00:00,30.6,57,6.2,290,531,363,227
1979-09-06 14:00:00,31.1,59,7.7,270,643,550,208
1979-09-06 15:00:00,30.6,61,8.2,250,607,576,206
1979-09-06 16:00:00,30.0,61,8.2,270,502,698,113
1979-09-06 17:00:00,29.4,59,7.7,250,307,575,86
1979-09-06 18:00:00,27.2,63,6.2,260,117,332,53
1979-09-06 19:00:00,26.1,65,4.6,260,17,21,15
1979-09-06 20:00:00,24.4,71,4.1,250,0,0,0
1979-09-06 21:00:00,23.9,74,3.1,250,0,0,0
1979-09-06 22:00:00,22.8,76,3.6,260,0,0,0
1979-09-06 23:00:00,21.7,81,3.6,240,0,0,0
1979-09-07 00:00:00,21.7,79,4.1,250,0,0,0
1979-09-07 01:00:00,21.7,79,4.6,260,0,0,0
1979-09-07 02:00:00,20.6,84,3.6,270,0,0,0
1979-09-07 03:00:00,20.6,84,3.1,280,0,0,0
1979-09-07 04:00:00,20.0,84,3.6,220,0,0,0
1979-09-07 05:00:00,19.4,87,3.1,240,0,0,0
1979-09-07 06:00:00,19.4,87,3.1,270,10,29,6
1979-09-07 07:00:00,21.7,81,4.1,280,99,417,33
1979-09-07 08:00:00,23.9,76,3.6,290,272,625,54
1979-09-07 09:00:00,25.0,67,4.1,300,457,660,109
1979-09-07 10:00:00,26.7,60,5.2,330,626,731,136
1979-09-07 11:00:00,26.7,54,3.6,360,750,865,80
1979-09-07 12:00:00,27.8,56,4.1,330,841,893,99
1979-09-07 13:00:00,27.8,55,3.1,310,808,716,210
1979-09-07 14:00:00,28.9,48,3.1,290,734,754,140
1979-09-07 15:00:00,28.3,53,2.6,270,598,671,134
1979-09-07 16:00:00,29.4,49,1.5,250,434,481,168
1979-09-07 17:00:00,26.7,65,2.6,170,265,434,100
1979-09-07 18:00:00,25.0,69,2.6,180,83,118,61
1979-09-07 19:00:00,24.4,69,1.5,230,17,21,14
1979-09-07 20:00:00,22.8,79,0.0,0,0,0,0
1979-09-07 21:00:00,22.2,82,1.5,280,0,0,0
1979-09-07 22:00:00,21.1,87,2.6,280,0,0,0
1979-09-07 23:00:00,21.7,81,3.6,290,0,0,0
1979-09-08 00:00:00,21.7,76,6.2,330,0,0,0
1979-09-08 01:00:00,21.1,68,7.2,330,0,0,0
1979-09-08 02:00:00,20.0,68,5.2,310,0,0,0
1979-09-08 03:00:00,18.3,78,4.6,300,0,0,0
1979-09-08 04:00:00,17.2,81,4.1,300,0,0,0
1979-09-08 05:00:00,17.2,75,3.6,300,0,0,0
1979-09-08 06:00:00,16.7,78,4.1,290,6,9,5
1979-09-08 07:00:00,17.2,75,4.1,310,89,315,41
1979-09-08 08:00:00,18.9,73,7.7,340,279,602,69
1979-09-08 09:00:00,20.6,68,6.7,340,477,732,94
1979-09-08 10:00:00,21.7,66,6.2,360,623,784,99
1979-09-08 11:00:00,21.1,66,6.2,350,749,735,182
1979-09-08 12:00:00,23.3,60,7.2,330,530,307,275
1979-09-08 13:00:00,22.2,62,6.7,320,723,527,284
1979-09-08 14:00:00,22.2,59,5.7,360,630,416,304
1979-09-08 15:00:00,22.8,59,6.2,360,600,565,212
1979-09-08 16:00:00,22.8,59,5.2,10,376,357,180
1979-09-08 17:00:00,21.1,61,7.7,360,188,87,155
1979-09-08 18:00:00,19.4,61,4.6,360,77,55,67
1979-09-08 19:00:00,18.9,65,4.6,360,11,0,11
1979-09-08 20:00:00,18.9,70,4.1,360,0,0,0
1979-09-08 21:00:00,18.3,68,4.6,360,0,0,0
1979-09-08 22:00:00,17.2,73,4.1,10,0,0,0
1979-09-08 23:00:00,16.7,73,4.6,10,0,0,0
1979-09-09 00:00:00,15.6,72,4.6,10,0,0,0
1979-09-09 01:00:00,14.4,72,1.5,360,0,0,0
1979-09-09 02:00:00,14.4,70,4.1,360,0,0,0
1979-09-09 03:00:00,13.3,72,3.1,360,0,0,0
1979-09-09 04:00:00,12.8,75,2.6,10,0,0,0
1979-09-09 05:00:00,12.8,72,3.6,360,0,0,0
1979-09-09 06:00:00,12.8,75,4.1,360,7,11,5
1979-09-09 07:00:00,12.8,77,3.1,10,85,275,44
1979-09-09 08:00:00,15.0,72,3.6,20,279,618,67
1979-09-09 09:00:00,17.2,65,4.6,20,479,748,90
1979-09-09 10:00:00,19.4,66,4.1,20,640,801,108
1979-09-09 11:00:00,20.0,63,3.1,350,771,848,119
1979-09-09 12:00:00,21.1,57,3.1,310,826,871,108
1979-09-09 13:00:00,22.2,50,3.1,310,771,758,143
1979-09-09 14:00:00,22.8,51,2.1,80,699,552,269
1979-09-09 15:00:00,22.8,55,2.6,70,681,713,194
1979-09-09 16:00:00,22.8,50,2.6,60,391,384,183
1979-09-09 17:00:00,22.2,50,3.1,280,298,469,124
1979-09-09 18:00:00,20.0,71,0.0,0,72,154,45
1979-09-09 19:00:00,18.3,75,1.5,110,10,8,10
1979-09-09 20:00:00,16.7,81,1.5,210,0,0,0
1979-09-09 21:00:00,17.2,81,2.6,290,0,0,0
1979-09-09 22:00:00,15.6,90,1.5,270,0,0,0
1979-09-09 23:00:00,16.1,84,1.5,280,0,0,0
1979-09-10 00:00:00,13.9,90,1.5,270,0,0,0
1979-09-10 01:00:00,14.4,87,2.6,290,0,0,0
1979-09-10 02:00:00,13.3,90,1.5,290,0,0,0
1979-09-10 03:00:00,12.2,93,2.6,270,0,0,0
1979-09-10 04:00:00,12.2,90,2.6,270,0,0,0
1979-09-10 05:00:00,12.8,90,2.1,290,0,0,0
1979-09-10 06:00:00,11.7,93,2.1,270,7,21,4
1979-09-10 07:00:00,13.3,90,1.5,270,89,383,33
1979-09-10 08:00:00,17.8,81,2.1,280,283,668,54
1979-09-10 09:00:00,21.1,68,3.6,180,463,775,62
1979-09-10 10:00:00,21.7,66,4.6,210,586,661,148
1979-09-10 11:00:00,22.2,62,3.1,220,589,290,367
1979-09-10 12:00:00,23.9,58,3.6,230,427,156,298
1979-09-10 13:00:00,23.9,56,4.1,240,703,548,251
1979-09-10 14:00:00,24.4,54,4.1,180,809,801,187
1979-09-10 15:00:00,25.6,54,4.6,190,636,698,162
1979-09-10 16:00:00,24.4,58,4.1,190,479,764,68
1979-09-10 17:00:00,24.4,58,4.1,180,307,685,57
1979-09-10 18:00:00,22.2,64,3.1,180,114,449,36
1979-09-10 19:00:00,19.4,76,3.1,180,15,45,10
1979-09-10 20:00:00,18.3,81,2.6,220,0,0,0
1979-09-10 21:00:00,17.8,84,3.1,180,0,0,0
1979-09-10 22:00:00,17.2,87,2.6,240,0,0,0
1979-09-10 23:00:00,16.7,87,2.6,190,0,0,0
1979-09-11 00:00:00,16.7,87,2.6,240,0,0,0
1979-09-11 01:00:00,16.1,90,2.1,270,0,0,0
1979-09-11 02:00:00,15.6,90,2.6,260,0,0,0
1979-09-11 03:00:00,15.0,93,1.5,230,0,0,0
1979-09-11 04:00:00,14.4,93,0.0,0,0,0,0
1979-09-11 05:00:00,14.4,93,3.6,270,0,0,0
1979-09-11 06:00:00,15.0,90,3.6,270,5,10,3
1979-09-11 07:00:00,16.1,90,3.1,260,86,334,38
1979-09-11 08:00:00,19.4,81,2.6,300,274,618,64
1979-09-11 09:00:00,22.8,74,2.6,290,435,684,82
1979-09-11 10:00:00,25.0,64,1.5,10,642,827,96
1979-09-11 11:00:00,26.7,58,3.6,40,707,719,159
1979-09-11 12:00:00,27.2,58,3.6,10,803,771,173
1979-09-11 13:00:00,26.7,60,3.1,50,599,322,334
1979-09-11 14:00:00,27.2,63,4.1,10,565,424,237
1979-09-11 15:00:00,26.1,67,3.6,70,523,480,199
1979-09-11 16:00:00,25.6,64,3.6,350,350,382,146
1979-09-11 17:00:00,25.0,69,3.6,10,142,85,111
1979-09-11 18:00:00,23.9,71,2.6,40,105,285,57
1979-09-11 19:00:00,22.8,71,2.1,90,9,11,8
1979-09-11 20:00:00,21.1,81,2.6,20,0,0,0
1979-09-11 21:00:00,21.7,81,2.1,10,0,0,0
1979-09-11 22:00:00,21.1,84,1.5,360,0,0,0
1979-09-11 23:00:00,19.4,87,2.1,10,0,0,0
1979-09-12 00:00:00,19.4,87,3.1,20,0,0,0
1979-09-12 01:00:00,19.4,81,3.1,40,0,0,0
1979-09-12 02:00:00,18.3,70,3.1,40,0,0,0
1979-09-12 03:00:00,17.8,70,3.6,30,0,0,0
1979-09-12 04:00:00,16.7,73,2.6,30,0,0,0
1979-09-12 05:00:00,16.7,67,3.6,40,0,0,0
1979-09-12 06:00:00,16.1,70,3.6,40,3,1,3
1979-09-12 07:00:00,16.7,70,3.6,30,61,100,47
1979-09-12 08:00:00,18.3,68,3.1,50,234,388,104
1979-09-12 09:00:00,19.4,68,4.6,40,439,562,151
1979-09-12 10:00:00,21.1,71,2.6,50,498,401,235
1979-09-12 11:00:00,22.8,66,4.1,70,703,636,219
1979-09-12 12:00:00,23.9,66,3.1,70,627,457,255
1979-09-12 13:00:00,24.4,64,3.1,110,725,614,223
1979-09-12 14:00:00,25.6,62,3.6,90,682,557,254
1979-09-12 15:00:00,25.6,67,1.5,90,386,206,248
1979-09-12 16:00:00,25.0,67,3.1,90,377,369,182
1979-09-12 17:00:00,24.4,69,2.6,130,250,394,110
1979-09-12 18:00:00,23.3,74,2.1,80,85,199,52
1979-09-12 19:00:00,21.1,81,2.1,80,8,2,7
1979-09-12 20:00:00,19.4,90,2.6,80,0,0,0
1979-09-12 21:00:00,19.4,87,3.1,140,0,0,0
1979-09-12 22:00:00,18.3,87,3.1,120,0,0,0
1979-09-12 23:00:00,17.8,87,1.5,60,0,0,0
1979-09-13 00:00:00,17.8,87,0.0,0,0,0,0
1979-09-13 01:00:00,16.7,93,2.1,50,0,0,0
1979-09-13 02:00:00,17.8,90,2.1,70,0,0,0
1979-09-13 03:00:00,16.7,93,2.1,80,0,0,0
1979-09-13 04:00:00,16.1,93,2.6,80,0,0,0
1979-09-13 05:00:00,16.1,93,2.1,80,0,0,0
1979-09-13 06:00:00,16.1,93,1.5,80,3,2,3
1979-09-13 07:00:00,17.8,90,1.5,50,70,169,47
1979-09-13 08:00:00,21.1,84,4.1,120,229,382,101
1979-09-13 09:00:00,21.7,79,4.1,90,407,489,158
1979-09-13 10:00:00,23.3,66,3.6,70,557,498,232
1979-09-13 11:00:00,24.4,64,5.7,130,631,492,259
1979-09-13 12:00:00,25.0,64,5.7,110,758,631,247
1979-09-13 13:00:00,25.6,60,3.6,140,477,232,288
1979-09-13 14:00:00,25.0,64,5.7,70,451,96,378
1979-09-13 15:00:00,25.0,64,4.6,70,408,172,294
1979-09-13 16:00:00,24.4,69,5.2,110,213,5,210
1979-09-13 17:00:00,23.9,74,6.2,100,91,10,87
1979-09-13 18:00:00,23.3,79,6.2,100,53,4,52
1979-09-13 19:00:00,22.8,82,6.7,100,3,0,3
1979-09-13 20:00:00,22.2,87,6.2,100,0,0,0
1979-09-13 21:00:00,22.8,87,5.2,110,0,0,0
1979-09-13 22:00:00,22.8,90,5.2,120,0,0,0
1979-09-13 23:00:00,22.8,93,4.6,130,0,0,0
1979-09-14 00:00:00,23.3,94,5.7,140,0,0,0
1979-09-14 01:00:00,23.3,94,7.2,140,0,0,0
1979-09-14 02:00:00,23.9,90,6.7,150,0,0,0
1979-09-14 03:00:00,24.4,87,7.2,140,0,0,0
1979-09-14 04:00:00,24.4,87,6.2,140,0,0,0
1979-09-14 05:00:00,25.0,85,6.2,160,0,0,0
1979-09-14 06:00:00,25.0,88,8.8,160,0,0,0
1979-09-14 07:00:00,25.6,85,8.8,170,40,2,39
1979-09-14 08:00:00,25.0,91,7.7,160,105,2,104
1979-09-14 09:00:00,25.0,91,4.6,160,111,1,110
1979-09-14 10:00:00,25.0,94,5.2,160,164,1,164
1979-09-14 11:00:00,28.3,80,7.2,190,360,2,359
1979-09-14 12:00:00,28.3,77,7.2,180,372,1,371
1979-09-14 13:00:00,28.3,77,7.2,200,398,1,397
1979-09-14 14:00:00,30.0,72,8.8,200,635,569,203
1979-09-14 15:00:00,29.4,72,6.7,210,406,189,281
1979-09-14 16:00:00,23.9,90,4.6,220,195,2,194
1979-09-14 17:00:00,25.0,76,6.7,290,206,271,112
1979-09-14 18:00:00,24.4,69,6.2,290,47,20,44
1979-09-14 19:00:00,23.3,71,5.2,300,8,2,8
1979-09-14 20:00:00,21.7,76,4.1,290,0,0,0
1979-09-14 21:00:00,22.2,73,5.2,310,0,0,0
1979-09-14 22:00:00,21.7,71,5.7,310,0,0,0
1979-09-14 23:00:00,21.1,71,5.2,290,0,0,0
1979-09-15 00:00:00,20.0,73,4.6,300,0,0,0
1979-09-15 01:00:00,18.3,75,4.1,290,0,0,0
1979-09-15 02:00:00,17.8,70,4.1,290,0,0,0
1979-09-15 03:00:00,16.1,72,4.6,290,0,0,0
1979-09-15 04:00:00,14.4,81,3.6,270,0,0,0
1979-09-15 05:00:00,13.3,80,4.1,290,0,0,0
1979-09-15 06:00:00,12.2,83,3.1,260,2,11,1
1979-09-15 07:00:00,13.9,75,3.1,280,81,370,31
1979-09-15 08:00:00,16.1,70,4.6,320,256,611,56
1979-09-15 09:00:00,18.3,59,5.7,330,429,723,65
1979-09-15 10:00:00,20.0,57,5.7,320,580,689,134
1979-09-15 11:00:00,21.1,51,6.2,330,757,889,90
1979-09-15 12:00:00,21.7,51,5.7,20,763,799,121
1979-09-15 13:00:00,22.2,50,5.7,310,706,618,209
1979-09-15 14:00:00,21.7,53,5.7,350,662,633,184
1979-09-15 15:00:00,21.7,49,6.2,310,623,803,97
1979-09-15 16:00:00,22.2,51,5.2,350,447,659,108
1979-09-15 17:00:00,20.6,55,4.6,340,283,672,55
1979-09-15 18:00:00,19.4,57,4.1,320,91,397,33
1979-09-15 19:00:00,18.3,61,3.6,310,8,21,5
1979-09-15 20:00:00,16.1,75,2.1,260,0,0,0
1979-09-15 21:00:00,15.0,81,2.1,290,0,0,0
1979-09-15 22:00:00,13.3,90,2.6,290,0,0,0
1979-09-15 23:00:00,12.8,90,2.6,280,0,0,0
1979-09-16 00:00:00,12.8,86,3.1,270,0,0,0
1979-09-16 01:00:00,13.9,80,5.2,320,0,0,0
1979-09-16 02:00:00,13.9,78,3.6,360,0,0,0
1979-09-16 03:00:00,13.3,80,3.1,360,0,0,0
1979-09-16 04:00:00,11.7,86,2.1,270,0,0,0
1979-09-16 05:00:00,11.1,86,2.1,280,0,0,0
1979-09-16 06:00:00,11.1,83,3.1,330,2,2,2
1979-09-16 07:00:00,12.8,80,3.6,320,69,228,39
1979-09-16 08:00:00,16.1,67,4.6,350,251,547,73
1979-09-16 09:00:00,18.3,61,4.1,10,448,693,101
1979-09-16 10:00:00,19.4,57,4.6,30,619,767,125
1979-09-16 11:00:00,20.0,55,3.6,20,741,808,139
1979-09-16 12:00:00,21.1,51,3.1,10,764,745,169
1979-09-16 13:00:00,21.7,51,2.6,10,712,626,211
1979-09-16 14:00:00,22.8,53,2.6,310,683,668,182
1979-09-16 15:00:00,22.8,51,3.1,320,566,585,186
1979-09-16 16:00:00,22.8,51,2.1,300,453,689,103
1979-09-16 17:00:00,22.8,51,2.6,290,260,552,75
1979-09-16 18:00:00,21.1,59,1.5,120,73,234,40
1979-09-16 19:00:00,17.8,73,2.6,190,2,2,2
1979-09-16 20:00:00,17.2,75,0.0,0,0,0,0
1979-09-16 21:00:00,16.1,81,2.6,280,0,0,0
1979-09-16 22:00:00,15.0,87,2.1,280,0,0,0
1979-09-16 23:00:00,13.9,90,2.6,280,0,0,0
1979-09-17 00:00:00,13.3,90,3.1,280,0,0,0
1979-09-17 01:00:00,13.3,90,3.1,270,0,0,0
1979-09-17 02:00:00,12.8,90,3.1,260,0,0,0
1979-09-17 03:00:00,12.2,93,3.1,280,0,0,0
1979-09-17 04:00:00,12.8,90,1.5,320,0,0,0
1979-09-17 05:00:00,11.7,93,3.1,260,0,0,0
1979-09-17 06:00:00,11.1,90,2.6,280,2,2,1
1979-09-17 07:00:00,13.3,87,2.1,280,68,241,37
1979-09-17 08:00:00,17.2,78,0.0,0,248,558,69
1979-09-17 09:00:00,20.6,68,0.0,0,443,701,95
1979-09-17 10:00:00,22.2,59,1.5,220,617,785,114
1979-09-17 11:00:00,23.9,54,3.6,180,717,803,121
1979-09-17 12:00:00,25.0,50,4.1,190,756,765,148
1979-09-17 13:00:00,23.3,54,1.5,10,677,647,162
1979-09-17 14:00:00,25.6,50,3.6,230,743,751,183
1979-09-17 15:00:00,25.6,49,2.6,200,583,719,119
1979-09-17 16:00:00,25.0,48,2.6,170,433,664,99
1979-09-17 17:00:00,23.3,55,3.6,150,256,566,70
1979-09-17 18:00:00,20.0,66,3.1,170,75,262,39
1979-09-17 19:00:00,18.3,73,2.6,180,3,4,3
1979-09-17 20:00:00,17.2,73,3.1,190,0,0,0
1979-09-17 21:00:00,16.7,75,3.1,220,0,0,0
1979-09-17 22:00:00,16.1,81,2.6,250,0,0,0
1979-09-17 23:00:00,15.6,84,2.1,270,0,0,0
1979-09-18 00:00:00,15.6,84,2.1,240,0,0,0
1979-09-18 01:00:00,15.0,84,2.6,240,0,0,0
1979-09-18 02:00:00,13.9,90,2.1,250,0,0,0
1979-09-18 03:00:00,13.3,93,2.6,270,0,0,0
1979-09-18 04:00:00,12.8,93,2.6,280,0,0,0
1979-09-18 05:00:00,12.2,93,2.1,280,0,0,0
1979-09-18 06:00:00,12.2,93,1.5,230,2,2,1
1979-09-18 07:00:00,13.9,96,1.5,230,65,227,37
1979-09-18 08:00:00,17.8,90,3.6,260,244,546,70
1979-09-18 09:00:00,20.6,76,4.1,210,438,692,97
1979-09-18 10:00:00,22.8,66,4.1,210,607,770,117
1979-09-18 11:00:00,24.4,60,4.6,230,732,816,129
1979-09-18 12:00:00,25.6,54,5.2,220,798,836,135
1979-09-18 13:00:00,25.6,54,2.6,300,517,293,284
1979-09-18 14:00:00,26.7,52,5.2,230,602,483,244
1979-09-18 15:00:00,26.7,47,6.2,250,515,544,167
1979-09-18 16:00:00,25.0,52,3.1,250,398,489,155
1979-09-18 17:00:00,25.0,54,3.1,240,240,524,71
1979-09-18 18:00:00,22.2,66,2.6,200,69,239,38
1979-09-18 19:00:00,20.6,73,3.6,200,2,2,2
1979-09-18 20:00:00,19.4,78,3.6,210,0,0,0
1979-09-18 21:00:00,18.9,78,3.6,230,0,0,0
1979-09-18 22:00:00,18.3,81,3.6,220,0,0,0
1979-09-18 23:00:00,17.8,84,3.6,230,0,0,0
1979-09-19 00:00:00,17.8,84,3.1,240,0,0,0
1979-09-19 01:00:00,18.9,81,4.1,230,0,0,0
1979-09-19 02:00:00,18.9,81,3.6,230,0,0,0
1979-09-19 03:00:00,18.9,81,6.2,260,0,0,0
1979-09-19 04:00:00,18.3,90,3.1,290,0,0,0
1979-09-19 05:00:00,17.8,90,4.6,280,0,0,0
1979-09-19 06:00:00,17.8,90,3.6,280,1,0,1
1979-09-19 07:00:00,18.3,87,4.6,290,60,171,39
1979-09-19 08:00:00,20.6,81,5.2,310,232,489,78
1979-09-19 09:00:00,22.2,66,7.7,310,430,654,109
1979-09-19 10:00:00,22.8,57,8.2,320,599,736,133
1979-09-19 11:00:00,22.8,53,8.8,330,683,739,139
1979-09-19 12:00:00,23.3,52,8.2,310,751,768,146
1979-09-19 13:00:00,23.9,46,8.2,310,765,790,142
1979-09-19 14:00:00,23.9,45,8.2,310,723,780,148
1979-09-19 15:00:00,23.3,43,7.7,310,606,744,133
1979-09-19 16:00:00,22.8,43,7.7,320,433,654,110
1979-09-19 17:00:00,22.2,43,5.7,310,238,500,79
1979-09-19 18:00:00,20.0,47,3.6,300,62,181,40
1979-09-19 19:00:00,18.3,52,3.6,310,2,1,2
1979-09-19 20:00:00,17.8,52,4.1,310,0,0,0
1979-09-19 21:00:00,13.9,75,3.1,280,0,0,0
1979-09-19 22:00:00,13.3,72,2.1,330,0,0,0
1979-09-19 23:00:00,12.2,75,1.5,40,0,0,0
1979-09-20 00:00:00,11.1,80,2.1,30,0,0,0
1979-09-20 01:00:00,12.2,64,3.6,30,0,0,0
1979-09-20 02:00:00,11.7,64,3.1,50,0,0,0
1979-09-20 03:00:00,10.6,69,2.6,40,0,0,0
1979-09-20 04:00:00,10.0,69,3.6,50,0,0,0
1979-09-20 05:00:00,10.0,74,3.1,40,0,0,0
1979-09-20 06:00:00,8.9,80,2.1,160,1,0,1
1979-09-20 07:00:00,10.0,80,2.1,80,57,153,39
1979-09-20 08:00:00,13.3,64,3.6,60,230,473,82
1979-09-20 09:00:00,14.4,58,3.6,70,428,631,120
1979-09-20 10:00:00,15.0,58,4.1,100,563,621,172
1979-09-20 11:00:00,15.0,46,2.6,120,690,646,217
1979-09-20 12:00:00,17.8,42,1.5,300,730,630,236
1979-09-20 13:00:00,18.3,47,2.1,240,679,520,272
1979-09-20 14:00:00,20.0,44,4.1,220,658,568,242
1979-09-20 15:00:00,18.3,52,4.6,140,419,277,244
1979-09-20 16:00:00,18.9,52,3.1,170,252,187,160
1979-09-20 17:00:00,17.8,56,4.6,160,154,108,120
1979-09-20 18:00:00,16.1,67,3.1,150,40,18,38
1979-09-20 19:00:00,15.0,72,2.6,160,1,0,1
1979-09-20 20:00:00,15.0,72,2.1,160,0,0,0
1979-09-20 21:00:00,15.0,78,2.6,170,0,0,0
1979-09-20 22:00:00,15.0,81,2.1,190,0,0,0
1979-09-20 23:00:00,15.0,81,2.1,190,0,0,0
1979-09-21 00:00:00,15.0,81,2.1,250,0,0,0
1979-09-21 01:00:00,15.0,87,0.0,0,0,0,0
1979-09-21 02:00:00,15.0,87,0.0,0,0,0,0
1979-09-21 03:00:00,15.6,87,1.5,130,0,0,0
1979-09-21 04:00:00,15.6,90,2.1,160,0,0,0
1979-09-21 05:00:00,16.1,90,2.1,160,0,0,0
1979-09-21 06:00:00,16.7,90,1.5,170,0,0,0
1979-09-21 07:00:00,16.7,93,2.1,130,21,1,21
1979-09-21 08:00:00,17.2,93,2.6,160,68,0,68
1979-09-21 09:00:00,17.8,93,3.6,190,100,4,98
1979-09-21 10:00:00,18.9,93,3.1,160,169,7,164
1979-09-21 11:00:00,20.0,93,4.6,170,194,6,189
1979-09-21 12:00:00,19.4,93,4.6,160,186,0,186
1979-09-21 13:00:00,20.0,93,3.1,160,190,5,186
1979-09-21 14:00:00,20.6,90,6.7,170,186,2,184
1979-09-21 15:00:00,20.0,93,3.1,160,169,0,169
1979-09-21 16:00:00,20.0,93,4.1,160,224,1,223
1979-09-21 17:00:00,20.6,93,3.1,180,73,0,73
1979-09-21 18:00:00,21.1,93,5.2,170,21,0,21
1979-09-21 19:00:00,21.1,97,6.7,150,1,0,1
1979-09-21 20:00:00,21.7,97,7.2,170,0,0,0
1979-09-21 21:00:00,21.7,93,4.6,160,0,0,0
1979-09-21 22:00:00,21.7,93,4.6,160,0,0,0
1979-09-21 23:00:00,21.7,93,7.2,200,0,0,0
1979-09-22 00:00:00,20.6,93,6.7,180,0,0,0
1979-09-22 01:00:00,20.6,93,8.8,150,0,0,0
1979-09-22 02:00:00,21.1,93,2.6,160,0,0,0
1979-09-22 03:00:00,21.1,93,1.5,300,0,0,0
1979-09-22 04:00:00,21.1,97,2.1,10,0,0,0
1979-09-22 05:00:00,21.1,97,2.1,30,0,0,0
1979-09-22 06:00:00,21.1,97,2.6,20,1,0,1
1979-09-22 07:00:00,21.1,97,2.6,350,25,0,25
1979-09-22 08:00:00,21.1,97,4.1,340,124,0,124
1979-09-22 09:00:00,21.7,93,4.1,360,217,1,217
1979-09-22 10:00:00,21.1,93,3.6,340,284,1,283
1979-09-22 11:00:00,20.6,90,5.2,360,344,1,344
1979-09-22 12:00:00,20.6,87,6.2,360,380,0,380
1979-09-22 13:00:00,20.0,87,6.7,360,352,1,351
1979-09-22 14:00:00,19.4,87,5.2,10,314,0,314
1979-09-22 15:00:00,20.0,87,6.2,30,298,1,297
1979-09-22 16:00:00,20.0,87,5.7,20,199,1,198
1979-09-22 17:00:00,18.9,87,5.7,30,64,1,64
1979-09-22 18:00:00,18.3,93,4.1,40,22,0,22
1979-09-22 19:00:00,17.8,93,5.2,30,1,0,1
1979-09-22 20:00:00,17.2,93,6.2,20,0,0,0
1979-09-22 21:00:00,17.2,90,6.2,40,0,0,0
1979-09-22 22:00:00,17.2,90,6.2,20,0,0,0
1979-09-22 23:00:00,17.2,90,4.1,30,0,0,0
1979-09-23 00:00:00,16.7,90,7.2,50,0,0,0
1979-09-23 01:00:00,16.1,90,5.2,50,0,0,0
1979-09-23 02:00:00,15.6,90,5.2,30,0,0,0
1979-09-23 03:00:00,15.6,90,6.2,50,0,0,0
1979-09-23 04:00:00,14.4,90,6.2,30,0,0,0
1979-09-23 05:00:00,14.4,90,4.6,20,0,0,0
1979-09-23 06:00:00,14.4,87,5.7,30,1,0,1
1979-09-23 07:00:00,15.0,84,4.1,40,35,0,35
1979-09-23 08:00:00,15.0,75,6.2,40,124,0,124
1979-09-23 09:00:00,15.6,72,6.2,50,333,319,181
1979-09-23 10:00:00,17.8,65,6.2,20,491,502,179
1979-09-23 11:00:00,18.3,61,6.7,20,694,767,141
1979-09-23 12:00:00,20.0,53,6.7,40,789,873,115
1979-09-23 13:00:00,20.6,53,4.1,30,781,863,115
1979-09-23 14:00:00,20.6,49,6.2,30,717,846,110
1979-09-23 15:00:00,21.1,47,6.7,40,597,809,99
1979-09-23 16:00:00,20.6,53,5.2,70,428,735,81
1979-09-23 17:00:00,19.4,55,4.1,50,231,583,58
1979-09-23 18:00:00,17.2,60,3.6,50,54,235,30
1979-09-23 19:00:00,15.6,67,3.6,40,0,0,0
1979-09-23 20:00:00,15.6,65,3.1,30,0,0,0
1979-09-23 21:00:00,15.0,70,4.1,80,0,0,0
1979-09-23 22:00:00,13.9,72,3.6,60,0,0,0
1979-09-23 23:00:00,13.9,69,3.6,80,0,0,0
1979-09-24 00:00:00,12.8,75,2.6,360,0,0,0
1979-09-24 01:00:00,11.7,86,3.1,10,0,0,0
1979-09-24 02:00:00,11.1,86,2.6,10,0,0,0
1979-09-24 03:00:00,10.6,86,2.6,10,0,0,0
1979-09-24 04:00:00,10.6,86,2.6,20,0,0,0
1979-09-24 05:00:00,11.1,83,2.1,30,0,0,0
1979-09-24 06:00:00,10.6,86,3.1,20,0,0,0
1979-09-24 07:00:00,11.7,83,3.6,20,45,99,34
1979-09-24 08:00:00,13.3,72,4.6,60,204,336,103
1979-09-24 09:00:00,15.6,67,5.2,50,347,370,171
1979-09-24 10:00:00,16.7,67,4.6,80,508,560,163
1979-09-24 11:00:00,17.8,63,5.2,70,631,545,240
1979-09-24 12:00:00,18.3,75,4.6,30,689,555,263
1979-09-24 13:00:00,18.9,59,4.6,70,570,273,360
1979-09-24 14:00:00,18.9,59,4.1,30,320,62,276
1979-09-24 15:00:00,18.9,63,4.1,50,193,2,192
1979-09-24 16:00:00,18.9,63,4.6,50,214,27,201
1979-09-24 17:00:00,18.3,65,3.6,60,117,77,95
1979-09-24 18:00:00,17.8,68,3.1,60,29,10,28
1979-09-24 19:00:00,16.7,67,3.6,70,0,0,0
1979-09-24 20:00:00,16.1,67,3.6,100,0,0,0
1979-09-24 21:00:00,15.6,72,3.6,70,0,0,0
1979-09-24 22:00:00,15.6,75,4.6,80,0,0,0
1979-09-24 23:00:00,15.6,75,3.6,40,0,0,0
1979-09-25 00:00:00,15.6,75,3.1,40,0,0,0
1979-09-25 01:00:00,15.0,78,3.6,30,0,0,0
1979-09-25 02:00:00,15.0,78,3.6,30,0,0,0
1979-09-25 03:00:00,15.0,81,2.6,30,0,0,0
1979-09-25 04:00:00,15.0,81,2.1,30,0,0,0
1979-09-25 05:00:00,14.4,84,3.1,20,0,0,0
1979-09-25 06:00:00,14.4,84,2.6,50,0,0,0
1979-09-25 07:00:00,15.0,84,3.1,20,23,2,22
1979-09-25 08:00:00,15.6,84,4.1,30,75,0,75
1979-09-25 09:00:00,16.1,84,4.1,40,149,2,148
1979-09-25 10:00:00,17.2,81,4.6,40,269,10,263
1979-09-25 11:00:00,17.8,81,4.1,50,318,9,312
1979-09-25 12:00:00,18.3,81,2.1,50,284,7,279
1979-09-25 13:00:00,18.9,81,1.5,340,194,4,191
1979-09-25 14:00:00,20.0,76,3.6,350,358,2,357
1979-09-25 15:00:00,20.0,73,3.1,60,250,1,249
1979-09-25 16:00:00,20.0,76,2.6,90,209,0,208
1979-09-25 17:00:00,19.4,78,2.1,120,113,1,113
1979-09-25 18:00:00,18.3,84,1.5,120,30,0,30
1979-09-25 19:00:00,18.3,81,0.0,0,0,0,0
1979-09-25 20:00:00,17.8,84,0.0,0,0,0,0
1979-09-25 21:00:00,17.2,87,0.0,0,0,0,0
1979-09-25 22:00:00,17.2,87,2.1,280,0,0,0
1979-09-25 23:00:00,16.1,90,3.1,280,0,0,0
1979-09-26 00:00:00,15.6,90,2.6,290,0,0,0
1979-09-26 01:00:00,15.0,93,3.1,280,0,0,0
1979-09-26 02:00:00,13.9,93,2.6,270,0,0,0
1979-09-26 03:00:00,13.3,93,2.6,280,0,0,0
1979-09-26 04:00:00,12.2,96,2.6,210,0,0,0
1979-09-26 05:00:00,13.3,96,3.6,250,0,0,0
1979-09-26 06:00:00,13.3,96,2.6,270,0,0,0
1979-09-26 07:00:00,14.4,93,3.1,290,36,0,36
1979-09-26 08:00:00,16.1,87,3.1,300,107,0,107
1979-09-26 09:00:00,17.8,81,3.6,300,184,66,153
1979-09-26 10:00:00,20.6,76,2.6,240,448,335,244
1979-09-26 11:00:00,22.8,69,2.1,250,452,200,310
1979-09-26 12:00:00,23.9,64,3.1,280,650,448,310
1979-09-26 13:00:00,26.1,60,3.1,280,627,426,304
1979-09-26 14:00:00,26.7,54,3.1,10,526,228,366
1979-09-26 15:00:00,25.0,54,3.6,300,378,223,244
1979-09-26 16:00:00,24.4,58,4.6,320,209,64,179
1979-09-26 17:00:00,23.3,64,3.6,330,69,7,67
1979-09-26 18:00:00,21.7,73,2.6,310,21,1,21
1979-09-26 19:00:00,20.0,81,2.1,290,0,0,0
1979-09-26 20:00:00,18.9,87,2.6,290,0,0,0
1979-09-26 21:00:00,17.8,87,3.1,280,0,0,0
1979-09-26 22:00:00,17.2,90,2.1,300,0,0,0
1979-09-26 23:00:00,17.2,87,2.1,290,0,0,0
1979-09-27 00:00:00,16.1,90,2.6,300,0,0,0
1979-09-27 01:00:00,15.6,90,2.6,270,0,0,0
1979-09-27 02:00:00,15.6,87,2.6,290,0,0,0
1979-09-27 03:00:00,15.0,90,1.5,300,0,0,0
1979-09-27 04:00:00,13.9,90,2.6,260,0,0,0
1979-09-27 05:00:00,14.4,90,2.6,300,0,0,0
1979-09-27 06:00:00,13.9,90,2.1,300,0,0,0
1979-09-27 07:00:00,15.0,90,2.6,10,23,7,23
1979-09-27 08:00:00,17.2,84,2.6,20,93,2,92
1979-09-27 09:00:00,18.9,76,3.1,50,179,18,171
1979-09-27 10:00:00,19.4,70,3.1,80,229,17,219
1979-09-27 11:00:00,20.6,66,4.1,90,296,7,291
1979-09-27 12:00:00,22.2,57,4.1,90,485,196,337
1979-09-27 13:00:00,22.8,51,5.2,100,491,203,338
1979-09-27 14:00:00,22.8,51,4.1,80,591,452,275
1979-09-27 15:00:00,22.8,55,3.6,90,278,123,205
1979-09-27 16:00:00,22.2,55,2.6,80,243,127,186
1979-09-27 17:00:00,21.1,61,2.6,60,78,6,76
1979-09-27 18:00:00,20.0,66,1.5,70,24,5,24
1979-09-27 19:00:00,18.9,73,2.6,70,0,0,0
1979-09-27 20:00:00,17.8,81,3.1,20,0,0,0
1979-09-27 21:00:00,18.3,75,2.1,80,0,0,0
1979-09-27 22:00:00,17.8,84,2.1,30,0,0,0
1979-09-27 23:00:00,17.8,81,2.1,90,0,0,0
1979-09-28 00:00:00,17.2,84,2.1,110,0,0,0
1979-09-28 01:00:00,17.2,84,2.1,80,0,0,0
1979-09-28 02:00:00,17.2,87,2.1,30,0,0,0
1979-09-28 03:00:00,16.7,87,1.5,70,0,0,0
1979-09-28 04:00:00,16.7,87,2.1,50,0,0,0
1979-09-28 05:00:00,16.7,90,2.6,40,0,0,0
1979-09-28 06:00:00,16.7,93,1.5,30,0,0,0
1979-09-28 07:00:00,17.2,97,2.6,50,20,2,20
1979-09-28 08:00:00,18.3,93,2.6,50,82,1,82
1979-09-28 09:00:00,18.9,97,3.6,70,153,0,153
1979-09-28 10:00:00,20.0,87,2.6,100,232,1,232
1979-09-28 11:00:00,20.6,87,2.1,80,305,2,304
1979-09-28 12:00:00,22.2,79,3.1,130,303,3,300
1979-09-28 13:00:00,21.7,84,3.1,100,337,1,337
1979-09-28 14:00:00,21.7,87,4.1,160,185,1,184
1979-09-28 15:00:00,21.7,90,0.0,0,153,1,153
1979-09-28 16:00:00,21.7,90,4.1,140,203,1,202
1979-09-28 17:00:00,21.7,90,2.6,160,100,1,100
1979-09-28 18:00:00,21.7,90,2.6,160,28,0,28
1979-09-28 19:00:00,21.7,90,1.5,200,0,0,0
1979-09-28 20:00:00,21.7,90,0.0,0,0,0,0
1979-09-28 21:00:00,21.7,90,1.5,160,0,0,0
1979-09-28 22:00:00,21.7,90,1.5,230,0,0,0
1979-09-28 23:00:00,21.1,93,2.1,130,0,0,0
1979-09-29 00:00:00,21.1,93,0.0,0,0,0,0
1979-09-29 01:00:00,21.1,93,2.6,260,0,0,0
1979-09-29 02:00:00,21.1,93,2.1,260,0,0,0
1979-09-29 03:00:00,21.1,93,2.1,150,0,0,0
1979-09-29 04:00:00,21.1,93,0.0,0,0,0,0
1979-09-29 05:00:00,20.6,97,1.5,230,0,0,0
1979-09-29 06:00:00,20.0,97,2.6,250,0,0,0
1979-09-29 07:00:00,20.0,93,2.1,240,31,0,31
1979-09-29 08:00:00,20.6,90,1.5,260,100,0,100
1979-09-29 09:00:00,22.2,87,2.6,220,192,57,166
1979-09-29 10:00:00,23.3,87,2.1,260,350,248,201
1979-09-29 11:00:00,25.0,79,1.5,250,347,1,346
1979-09-29 12:00:00,26.1,69,2.6,340,358,92,289
1979-09-29 13:00:00,26.7,65,3.1,360,337,56,295
1979-09-29 14:00:00,25.6,69,2.1,300,289,8,283
1979-09-29 15:00:00,26.1,74,1.5,120,258,17,248
1979-09-29 16:00:00,25.0,82,2.6,100,201,5,199
1979-09-29 17:00:00,23.9,85,2.6,100,73,5,71
1979-09-29 18:00:00,23.3,87,2.1,90,20,1,20
1979-09-29 19:00:00,22.8,87,2.1,70,0,0,0
1979-09-29 20:00:00,22.8,87,1.5,90,0,0,0
1979-09-29 21:00:00,22.8,87,1.5,40,0,0,0
1979-09-29 22:00:00,22.8,87,2.1,50,0,0,0
1979-09-29 23:00:00,22.2,87,1.5,30,0,0,0
1979-09-30 00:00:00,22.2,87,0.0,0,0,0,0
1979-09-30 01:00:00,21.7,93,2.1,360,0,0,0
1979-09-30 02:00:00,21.7,90,2.6,350,0,0,0
1979-09-30 03:00:00,21.1,93,0.0,0,0,0,0
1979-09-30 04:00:00,21.1,93,1.5,360,0,0,0
1979-09-30 05:00:00,21.1,93,2.1,50,0,0,0
1979-09-30 06:00:00,21.1,93,2.6,50,0,0,0
1979-09-30 07:00:00,21.1,93,3.1,50,24,1,24
1979-09-30 08:00:00,21.1,90,4.1,50,101,1,100
1979-09-30 09:00:00,21.7,87,3.6,50,166,2,166
1979-09-30 10:00:00,21.7,87,3.6,60,245,1,245
1979-09-30 11:00:00,21.7,87,3.1,40,188,1,187
1979-09-30 12:00:00,21.7,87,3.1,60,207,1,207
1979-09-30 13:00:00,21.7,87,4.1,70,203,1,202
1979-09-30 14:00:00,21.1,93,3.6,30,188,1,187
1979-09-30 15:00:00,21.1,90,3.1,30,163,1,163
1979-09-30 16:00:00,20.6,93,3.6,50,118,1,117
1979-09-30 17:00:00,20.6,93,3.6,60,56,0,56
1979-09-30 18:00:00,20.0,93,4.6,60,25,0,25
1979-09-30 19:00:00,19.4,93,4.1,60,0,0,0
1979-09-30 20:00:00,18.9,93,4.6,60,0,0,0
1979-09-30 21:00:00,18.3,97,4.1,40,0,0,0
1979-09-30 22:00:00,18.1,97,3.7,50,0,0,0
1979-09-30 23:00:00,17.8,97,3.4,50,0,0,0
1979-10-01 00:00:00,17.6,97,3.0,60,0,0,0
1980-10-01 01:00:00,17.4,78,2.6,30,0,0,0
1980-10-01 02:00:00,17.2,77,2.2,20,0,0,0
1980-10-01 03:00:00,16.9,76,1.9,20,0,0,0
1980-10-01 04:00:00,16.7,75,1.5,10,0,0,0
1980-10-01 05:00:00,16.7,77,1.9,10,0,0,0
1980-10-01 06:00:00,16.7,79,2.2,10,0,0,0
1980-10-01 07:00:00,16.7,81,2.6,10,24,5,24
1980-10-01 08:00:00,18.2,74,2.6,10,153,246,86
1980-10-01 09:00:00,19.6,68,2.6,20,203,127,146
1980-10-01 10:00:00,21.1,61,2.6,20,412,287,243
1980-10-01 11:00:00,22.6,57,2.9,30,613,568,224
1980-10-01 12:00:00,24.1,54,3.3,40,671,625,213
1980-10-01 13:00:00,25.6,50,3.6,50,552,413,251
1980-10-01 14:00:00,25.8,50,3.6,60,533,494,200
1980-10-01 15:00:00,25.9,49,3.6,70,436,431,190
1980-10-01 16:00:00,26.1,49,3.6,80,290,330,150
1980-10-01 17:00:00,24.3,59,2.9,110,124,148,87
1980-10-01 18:00:00,22.4,69,2.2,150,29,36,25
1980-10-01 19:00:00,20.6,79,1.5,180,0,0,0
1980-10-01 20:00:00,19.8,82,1.7,200,0,0,0
1980-10-01 21:00:00,19.1,84,1.9,210,0,0,0
1980-10-01 22:00:00,18.3,87,2.1,230,0,0,0
1980-10-01 23:00:00,17.8,89,1.4,270,0,0,0
1980-10-02 00:00:00,17.2,91,0.7,320,0,0,0
1980-10-02 01:00:00,16.7,93,0.0,0,0,0,0
1980-10-02 02:00:00,16.5,93,0.5,40,0,0,0
1980-10-02 03:00:00,16.3,93,1.0,80,0,0,0
1980-10-02 04:00:00,16.1,93,1.5,120,0,0,0
1980-10-02 05:00:00,16.1,93,1.5,160,0,0,0
1980-10-02 06:00:00,16.1,93,1.5,210,0,0,0
1980-10-02 07:00:00,16.1,93,1.5,250,15,2,14
1980-10-02 08:00:00,18.5,85,2.7,230,96,1,95
1980-10-02 09:00:00,20.9,77,4.0,220,243,251,131
1980-10-02 10:00:00,23.3,69,5.2,200,478,577,141
1980-10-02 11:00:00,24.6,63,5.4,200,514,452,207
1980-10-02 12:00:00,25.9,57,5.5,210,503,254,318
1980-10-02 13:00:00,27.2,51,5.7,210,640,624,187
1980-10-02 14:00:00,26.7,55,5.9,200,560,562,184
1980-10-02 15:00:00,26.1,58,6.0,190,421,509,133
1980-10-02 16:00:00,25.6,62,6.2,180,341,505,129
1980-10-02 17:00:00,22.6,67,5.3,240,123,199,74
1980-10-02 18:00:00,19.7,73,4.5,290,22,38,19
1980-10-02 19:00:00,16.7,78,3.6,350,0,0,0
1980-10-02 20:00:00,16.3,80,3.8,350,0,0,0
1980-10-02 21:00:00,16.0,82,3.9,340,0,0,0
1980-10-02 22:00:00,15.6,84,4.1,340,0,0,0
1980-10-02 23:00:00,15.0,87,3.4,300,0,0,0
1980-10-03 00:00:00,14.5,90,2.8,260,0,0,0
1980-10-03 01:00:00,13.9,93,2.1,220,0,0,0
1980-10-03 02:00:00,13.7,92,2.1,240,0,0,0
1980-10-03 03:00:00,13.5,91,2.1,250,0,0,0
1980-10-03 04:00:00,13.3,90,2.1,270,0,0,0
1980-10-03 05:00:00,13.5,89,2.8,270,0,0,0
1980-10-03 06:00:00,13.7,88,3.4,260,0,0,0
1980-10-03 07:00:00,13.9,87,4.1,260,29,4,28
1980-10-03 08:00:00,13.9,86,4.1,290,77,26,70
1980-10-03 09:00:00,13.9,84,4.1,320,83,16,76
1980-10-03 10:00:00,13.9,83,4.1,350,95,2,94
1980-10-03 11:00:00,13.9,85,3.6,340,227,3,226
1980-10-03 12:00:00,13.9,88,3.1,340,297,7,292
1980-10-03 13:00:00,13.9,90,2.6,330,190,9,184
1980-10-03 14:00:00,13.9,89,2.6,20,284,3,282
1980-10-03 15:00:00,13.9,88,2.6,60,244,3,242
1980-10-03 16:00:00,13.9,87,2.6,110,89,4,88
1980-10-03 17:00:00,13.5,88,3.1,60,95,1,95
1980-10-03 18:00:00,13.2,89,3.6,10,26,0,26
1980-10-03 19:00:00,12.8,90,4.1,320,0,0,0
1980-10-03 20:00:00,12.2,91,3.6,310,0,0,0
1980-10-03 21:00:00,11.7,92,3.1,290,0,0,0
1980-10-03 22:00:00,11.1,93,2.6,280,0,0,0
1980-10-03 23:00:00,11.3,93,2.8,260,0,0,0
1980-10-04 00:00:00,11.5,93,2.9,230,0,0,0
1980-10-04 01:00:00,11.7,93,3.1,210,0,0,0
1980-10-04 02:00:00,11.5,91,3.1,220,0,0,0
1980-10-04 03:00:00,11.3,88,3.1,240,0,0,0
1980-10-04 04:00:00,11.1,86,3.1,250,0,0,0
1980-10-04 05:00:00,10.5,88,3.1,250,0,0,0
1980-10-04 06:00:00,10.0,91,3.1,240,0,0,0
1980-10-04 07:00:00,9.4,93,3.1,240,22,15,20
1980-10-04 08:00:00,11.5,84,3.4,250,90,27,82
1980-10-04 09:00:00,13.5,76,3.8,250,248,166,176
1980-10-04 10:00:00,15.6,67,4.1,260,504,636,138
1980-10-04 11:00:00,16.0,60,4.5,260,500,448,199
1980-10-04 12:00:00,16.3,52,4.8,260,491,305,271
1980-10-04 13:00:00,16.7,45,5.2,260,537,396,254
1980-10-04 14:00:00,16.7,44,4.7,270,424,314,217
1980-10-04 15:00:00,16.7,42,4.1,280,347,212,230
1980-10-04 16:00:00,16.7,41,3.6,290,252,214,165
1980-10-04 17:00:00,15.6,46,3.3,290,98,48,87
1980-10-04 18:00:00,14.4,52,2.9,300,27,4,26
1980-10-04 19:00:00,13.3,57,2.6,300,0,0,0
1980-10-04 20:00:00,12.9,56,2.9,310,0,0,0
1980-10-04 21:00:00,12.6,56,3.3,310,0,0,0
1980-10-04 22:00:00,12.2,55,3.6,320,0,0,0
1980-10-04 23:00:00,11.8,57,3.1,330,0,0,0
1980-10-05 00:00:00,11.5,59,2.6,340,0,0,0
1980-10-05 01:00:00,11.1,61,2.1,350,0,0,0
1980-10-05 02:00:00,10.7,65,1.9,360,0,0,0
1980-10-05 03:00:00,10.4,70,1.7,20,0,0,0
1980-10-05 04:00:00,10.0,74,1.5,30,0,0,0
1980-10-05 05:00:00,10.2,71,1.9,30,0,0,0
1980-10-05 06:00:00,10.4,67,2.2,30,0,0,0
1980-10-05 07:00:00,10.6,64,2.6,30,20,2,20
1980-10-05 08:00:00,11.3,60,2.9,10,82,35,73
1980-10-05 09:00:00,12.1,57,3.3,340,257,165,186
1980-10-05 10:00:00,12.8,53,3.6,320,427,404,196
1980-10-05 11:00:00,14.3,50,3.4,350,550,575,166
1980-10-05 12:00:00,15.7,46,3.3,30,711,740,182
1980-10-05 13:00:00,17.2,43,3.1,60,652,716,144
1980-10-05 14:00:00,16.8,44,2.9,80,554,588,169
1980-10-05 15:00:00,16.5,45,2.8,110,374,284,218
1980-10-05 16:00:00,16.1,46,2.6,130,205,138,150
1980-10-05 17:00:00,15.5,47,2.9,80,98,91,77
1980-10-05 18:00:00,15.0,47,3.3,30,28,6,27
1980-10-05 19:00:00,14.4,48,3.6,340,0,0,0
1980-10-05 20:00:00,14.0,48,3.8,340,0,0,0
1980-10-05 21:00:00,13.7,47,3.9,350,0,0,0
1980-10-05 22:00:00,13.3,47,4.1,350,0,0,0
1980-10-05 23:00:00,12.9,48,3.9,350,0,0,0
1980-10-06 00:00:00,12.6,48,3.8,350,0,0,0
1980-10-06 01:00:00,12.2,49,3.6,350,0,0,0
1980-10-06 02:00:00,11.5,50,3.6,340,0,0,0
1980-10-06 03:00:00,10.7,51,3.6,330,0,0,0
1980-10-06 04:00:00,10.0,52,3.6,320,0,0,0
1980-10-06 05:00:00,9.4,55,3.3,320,0,0,0
1980-10-06 06:00:00,8.9,58,2.9,320,0,0,0
1980-10-06 07:00:00,8.3,61,2.6,320,39,174,21
1980-10-06 08:00:00,10.3,56,2.8,320,194,531,57
1980-10-06 09:00:00,12.4,51,2.9,310,372,711,68
1980-10-06 10:00:00,14.4,46,3.1,310,542,810,83
1980-10-06 11:00:00,15.3,42,2.9,300,675,877,93
1980-10-06 12:00:00,16.3,39,2.8,300,734,895,98
1980-10-06 13:00:00,17.2,35,2.6,290,724,889,97
1980-10-06 14:00:00,17.4,35,2.9,310,661,878,92
1980-10-06 15:00:00,17.6,35,3.3,320,533,832,81
1980-10-06 16:00:00,17.8,35,3.6,340,358,739,64
1980-10-06 17:00:00,16.1,40,3.6,320,164,541,44
1980-10-06 18:00:00,14.5,46,3.6,300,32,118,19
1980-10-06 19:00:00,12.8,51,3.6,280,0,0,0
1980-10-06 20:00:00,11.1,60,3.1,280,0,0,0
1980-10-06 21:00:00,9.5,68,2.6,270,0,0,0
1980-10-06 22:00:00,7.8,77,2.1,270,0,0,0
1980-10-06 23:00:00,7.1,79,2.1,270,0,0,0
1980-10-07 00:00:00,6.3,81,2.1,270,0,0,0
1980-10-07 01:00:00,5.6,83,2.1,270,0,0,0
1980-10-07 02:00:00,6.5,81,2.3,280,0,0,0
1980-10-07 03:00:00,7.4,79,2.4,280,0,0,0
1980-10-07 04:00:00,8.3,77,2.6,290,0,0,0
1980-10-07 05:00:00,8.5,79,1.7,310,0,0,0
1980-10-07 06:00:00,8.7,81,0.9,340,0,0,0
1980-10-07 07:00:00,8.9,83,0.0,0,16,1,15
1980-10-07 08:00:00,11.1,70,0.7,320,118,105,92
1980-10-07 09:00:00,13.4,57,1.4,290,282,419,104
1980-10-07 10:00:00,15.6,44,2.1,250,545,811,88
1980-10-07 11:00:00,16.5,43,2.4,240,668,863,99
1980-10-07 12:00:00,17.4,41,2.8,240,719,872,103
1980-10-07 13:00:00,18.3,40,3.1,230,714,872,103
1980-10-07 14:00:00,18.7,39,3.3,220,641,841,100
1980-10-07 15:00:00,19.0,37,3.4,210,495,706,115
1980-10-07 16:00:00,19.4,36,3.6,200,324,626,78
1980-10-07 17:00:00,17.4,46,2.7,190,132,346,57
1980-10-07 18:00:00,15.3,57,1.9,180,26,35,22
1980-10-07 19:00:00,13.3,67,1.0,170,0,0,0
1980-10-07 20:00:00,12.8,67,1.2,170,0,0,0
1980-10-07 21:00:00,12.2,66,1.3,180,0,0,0
1980-10-07 22:00:00,11.7,66,1.5,180,0,0,0
1980-10-07 23:00:00,10.9,70,1.0,120,0,0,0
1980-10-08 00:00:00,10.2,73,0.5,60,0,0,0
1980-10-08 01:00:00,9.4,77,0.0,0,0,0,0
1980-10-08 02:00:00,8.7,81,0.7,330,0,0,0
1980-10-08 03:00:00,7.9,85,1.4,310,0,0,0
1980-10-08 04:00:00,7.2,89,2.1,280,0,0,0
1980-10-08 05:00:00,7.6,87,2.1,280,0,0,0
1980-10-08 06:00:00,7.9,85,2.1,270,0,0,0
1980-10-08 07:00:00,8.3,83,2.1,270,40,136,26
1980-10-08 08:00:00,12.0,71,2.4,250,194,623,39
1980-10-08 09:00:00,15.7,59,2.8,220,365,763,44
1980-10-08 10:00:00,19.4,47,3.1,200,523,816,66
1980-10-08 11:00:00,20.5,44,3.4,220,663,897,76
1980-10-08 12:00:00,21.7,40,3.8,230,720,913,80
1980-10-08 13:00:00,22.8,37,4.1,250,712,901,85
1980-10-08 14:00:00,22.8,37,4.5,240,646,887,80
1980-10-08 15:00:00,22.8,37,4.8,220,519,850,65
1980-10-08 16:00:00,22.8,37,5.2,210,349,768,52
1980-10-08 17:00:00,20.6,47,4.2,200,158,582,35
1980-10-08 18:00:00,18.3,57,3.1,190,31,146,15
1980-10-08 19:00:00,16.1,67,2.1,180,0,0,0
1980-10-08 20:00:00,15.4,70,1.9,200,0,0,0
1980-10-08 21:00:00,14.6,72,1.7,210,0,0,0
1980-10-08 22:00:00,13.9,75,1.5,230,0,0,0
1980-10-08 23:00:00,13.2,78,1.0,270,0,0,0
1980-10-09 00:00:00,12.4,80,0.5,320,0,0,0
1980-10-09 01:00:00,11.7,83,0.0,0,0,0,0
1980-10-09 02:00:00,11.7,85,1.0,330,0,0,0
1980-10-09 03:00:00,11.7,88,2.1,300,0,0,0
1980-10-09 04:00:00,11.7,90,3.1,270,0,0,0
1980-10-09 05:00:00,12.2,88,2.9,260,0,0,0
1980-10-09 06:00:00,12.8,85,2.8,250,0,0,0
1980-10-09 07:00:00,13.3,83,2.6,240,40,175,22
1980-10-09 08:00:00,16.5,74,2.1,290,188,577,46
1980-10-09 09:00:00,19.6,66,1.5,330,376,745,65
1980-10-09 10:00:00,22.8,57,1.0,20,536,823,80
1980-10-09 11:00:00,24.1,53,1.5,20,619,763,123
1980-10-09 12:00:00,25.4,49,2.1,10,518,473,188
1980-10-09 13:00:00,26.7,45,2.6,10,396,215,248
1980-10-09 14:00:00,25.2,51,2.8,30,415,354,191
1980-10-09 15:00:00,23.7,56,2.9,50,346,298,189
1980-10-09 16:00:00,22.2,62,3.1,70,186,98,149
1980-10-09 17:00:00,20.9,65,3.1,70,104,149,74
1980-10-09 18:00:00,19.6,67,3.1,60,18,26,15
1980-10-09 19:00:00,18.3,70,3.1,60,0,0,0
1980-10-09 20:00:00,17.9,68,3.3,60,0,0,0
1980-10-09 21:00:00,17.6,67,3.4,60,0,0,0
1980-10-09 22:00:00,17.2,65,3.6,60,0,0,0
1980-10-09 23:00:00,16.7,57,4.3,60,0,0,0
1980-10-10 00:00:00,16.1,49,5.0,50,0,0,0
1980-10-10 01:00:00,15.6,41,5.7,50,0,0,0
1980-10-10 02:00:00,14.8,42,5.3,40,0,0,0
1980-10-10 03:00:00,14.1,44,5.0,40,0,0,0
1980-10-10 04:00:00,13.3,45,4.6,30,0,0,0
1980-10-10 05:00:00,12.9,47,4.3,40,0,0,0
1980-10-10 06:00:00,12.6,49,3.9,40,0,0,0
1980-10-10 07:00:00,12.2,51,3.6,50,20,1,20
1980-10-10 08:00:00,12.6,53,3.8,50,69,11,66
1980-10-10 09:00:00,12.9,55,3.9,60,132,8,129
1980-10-10 10:00:00,13.3,57,4.1,60,187,10,181
1980-10-10 11:00:00,12.9,64,3.6,50,333,4,331
1980-10-10 12:00:00,12.6,70,3.1,40,258,4,255
1980-10-10 13:00:00,12.2,77,2.6,30,289,7,284
1980-10-10 14:00:00,12.6,77,2.8,20,271,1,271
1980-10-10 15:00:00,12.9,78,2.9,10,224,3,223
1980-10-10 16:00:00,13.3,78,3.1,360,105,0,105
1980-10-10 17:00:00,13.3,80,2.8,340,80,1,80
1980-10-10 18:00:00,13.3,81,2.4,330,17,0,17
1980-10-10 19:00:00,13.3,83,2.1,310,0,0,0
1980-10-10 20:00:00,13.3,85,1.9,280,0,0,0
1980-10-10 21:00:00,13.3,88,1.7,240,0,0,0
1980-10-10 22:00:00,13.3,90,1.5,210,0,0,0
1980-10-10 23:00:00,12.8,90,1.7,230,0,0,0
1980-10-11 00:00:00,12.2,90,1.9,240,0,0,0
1980-10-11 01:00:00,11.7,90,2.1,260,0,0,0
1980-10-11 02:00:00,11.5,90,1.9,220,0,0,0
1980-10-11 03:00:00,11.3,90,1.7,180,0,0,0
1980-10-11 04:00:00,11.1,90,1.5,140,0,0,0
1980-10-11 05:00:00,11.7,89,1.5,150,0,0,0
1980-10-11 06:00:00,12.2,87,1.5,170,0,0,0
1980-10-11 07:00:00,12.8,86,1.5,180,26,0,26
1980-10-11 08:00:00,13.3,86,1.9,200,107,1,106
1980-10-11 09:00:00,13.9,87,2.2,230,192,1,191
1980-10-11 10:00:00,14.4,87,2.6,250,276,1,275
1980-10-11 11:00:00,16.8,72,4.0,270,351,115,278
1980-10-11 12:00:00,19.3,58,5.3,280,601,528,238
1980-10-11 13:00:00,21.7,43,6.7,300,390,189,261
1980-10-11 14:00:00,21.1,45,5.2,240,362,152,267
1980-10-11 15:00:00,20.6,47,3.6,180,211,93,163
1980-10-11 16:00:00,20.0,49,2.1,120,257,306,143
1980-10-11 17:00:00,18.3,59,2.6,180,100,144,72
1980-10-11 18:00:00,16.7,68,3.1,230,20,52,14
1980-10-11 19:00:00,15.0,78,3.6,290,0,0,0
1980-10-11 20:00:00,15.4,65,4.8,300,0,0,0
1980-10-11 21:00:00,15.7,52,6.0,300,0,0,0
1980-10-11 22:00:00,16.1,39,7.2,310,0,0,0
1980-10-11 23:00:00,14.3,43,6.3,300,0,0,0
1980-10-12 00:00:00,12.4,48,5.5,280,0,0,0
1980-10-12 01:00:00,10.6,52,4.6,270,0,0,0
1980-10-12 02:00:00,9.7,57,4.4,270,0,0,0
1980-10-12 03:00:00,8.7,61,4.3,260,0,0,0
1980-10-12 04:00:00,7.8,66,4.1,260,0,0,0
1980-10-12 05:00:00,8.0,65,4.3,260,0,0,0
1980-10-12 06:00:00,8.1,64,4.4,250,0,0,0
1980-10-12 07:00:00,8.3,63,4.6,250,29,60,23
1980-10-12 08:00:00,10.2,57,5.6,260,161,423,62
1980-10-12 09:00:00,12.0,52,6.7,280,346,626,92
1980-10-12 10:00:00,13.9,46,7.7,290,512,731,115
1980-10-12 11:00:00,14.1,45,7.9,290,587,712,133
1980-10-12 12:00:00,14.2,43,8.0,290,620,626,192
1980-10-12 13:00:00,14.4,42,8.2,290,602,562,221
1980-10-12 14:00:00,14.6,42,7.9,290,528,519,207
1980-10-12 15:00:00,14.8,41,7.5,300,367,265,232
1980-10-12 16:00:00,15.0,41,7.2,300,134,71,109
1980-10-12 17:00:00,13.9,42,6.7,300,96,117,74
1980-10-12 18:00:00,12.8,44,6.2,290,12,5,12
1980-10-12 19:00:00,11.7,45,5.7,290,0,0,0
1980-10-12 20:00:00,11.1,49,5.3,280,0,0,0
1980-10-12 21:00:00,10.6,53,5.0,280,0,0,0
1980-10-12 22:00:00,10.0,57,4.6,270,0,0,0
1980-10-12 23:00:00,9.3,60,4.3,270,0,0,0
1980-10-13 00:00:00,8.5,63,3.9,270,0,0,0
1980-10-13 01:00:00,7.8,66,3.6,270,0,0,0
1980-10-13 02:00:00,7.2,68,3.3,260,0,0,0
1980-10-13 03:00:00,6.7,71,2.9,260,0,0,0
1980-10-13 04:00:00,6.1,73,2.6,250,0,0,0
1980-10-13 05:00:00,5.9,74,2.8,250,0,0,0
1980-10-13 06:00:00,5.8,75,2.9,240,0,0,0
1980-10-13 07:00:00,5.6,76,3.1,240,31,110,20
1980-10-13 08:00:00,8.0,71,4.6,260,154,358,71
1980-10-13 09:00:00,10.4,67,6.2,290,254,402,93
1980-10-13 10:00:00,12.8,62,7.7,310,455,598,133
1980-10-13 11:00:00,13.0,57,7.7,310,542,564,185
1980-10-13 12:00:00,13.1,52,7.7,300,422,254,249
1980-10-13 13:00:00,13.3,47,7.7,300,405,203,269
1980-10-13 14:00:00,13.5,41,7.7,300,559,638,168
1980-10-13 15:00:00,13.7,35,7.7,300,395,437,173
1980-10-13 16:00:00,13.9,29,7.7,300,273,467,104
1980-10-13 17:00:00,12.6,33,7.4,300,123,398,49
1980-10-13 18:00:00,11.3,37,7.0,300,17,24,15
1980-10-13 19:00:00,10.0,41,6.7,300,0,0,0
1980-10-13 20:00:00,8.5,48,5.5,290,0,0,0
1980-10-13 21:00:00,7.1,56,4.3,280,0,0,0
1980-10-13 22:00:00,5.6,63,3.1,270,0,0,0
1980-10-13 23:00:00,4.8,66,3.1,270,0,0,0
1980-10-14 00:00:00,4.1,70,3.1,280,0,0,0
1980-10-14 01:00:00,3.3,73,3.1,280,0,0,0
1980-10-14 02:00:00,3.3,74,3.3,290,0,0,0
1980-10-14 03:00:00,3.3,75,3.4,290,0,0,0
1980-10-14 04:00:00,3.3,76,3.6,300,0,0,0
1980-10-14 05:00:00,2.9,81,3.1,290,0,0,0
1980-10-14 06:00:00,2.6,87,2.6,290,0,0,0
1980-10-14 07:00:00,2.2,92,2.1,280,29,87,21
1980-10-14 08:00:00,4.8,77,3.1,290,164,485,53
1980-10-14 09:00:00,7.4,63,4.2,290,351,689,77
1980-10-14 10:00:00,10.0,48,5.2,300,515,786,96
1980-10-14 11:00:00,11.3,44,4.8,300,629,829,108
1980-10-14 12:00:00,12.6,41,4.5,290,688,854,113
1980-10-14 13:00:00,13.9,37,4.1,290,679,849,113
1980-10-14 14:00:00,14.3,35,4.3,300,610,828,106
1980-10-14 15:00:00,14.6,33,4.4,300,476,759,94
1980-10-14 16:00:00,15.0,31,4.6,310,302,643,73
1980-10-14 17:00:00,13.1,39,3.1,330,116,312,60
1980-10-14 18:00:00,11.3,48,1.5,340,12,19,10
1980-10-14 19:00:00,9.4,56,0.0,0,0,0,0
1980-10-14 20:00:00,9.0,60,0.0,0,0,0,0
1980-10-14 21:00:00,8.7,64,0.0,0,0,0,0
1980-10-14 22:00:00,8.3,68,0.0,0,0,0,0
1980-10-14 23:00:00,8.3,68,0.5,30,0,0,0
1980-10-15 00:00:00,8.3,68,1.0,70,0,0,0
1980-10-15 01:00:00,8.3,68,1.5,100,0,0,0
1980-10-15 02:00:00,8.7,70,1.9,100,0,0,0
1980-10-15 03:00:00,9.0,72,2.2,110,0,0,0
1980-10-15 04:00:00,9.4,74,2.6,110,0,0,0
1980-10-15 05:00:00,9.2,76,1.7,70,0,0,0
1980-10-15 06:00:00,9.1,78,0.9,40,0,0,0
1980-10-15 07:00:00,8.9,80,0.0,0,19,9,18
1980-10-15 08:00:00,10.9,71,0.0,0,132,245,77
1980-10-15 09:00:00,13.0,63,0.0,0,271,305,151
1980-10-15 10:00:00,15.0,54,0.0,0,398,427,172
1980-10-15 11:00:00,16.9,50,0.7,50,558,628,166
1980-10-15 12:00:00,18.7,46,1.4,90,619,629,199
1980-10-15 13:00:00,20.6,42,2.1,140,610,692,152
1980-10-15 14:00:00,20.6,45,2.4,140,491,497,191
1980-10-15 15:00:00,20.6,48,2.8,130,392,476,155
1980-10-15 16:00:00,20.6,51,3.1,130,261,415,115
1980-10-15 17:00:00,18.5,57,2.8,120,76,112,56
1980-10-15 18:00:00,16.5,64,2.4,100,9,3,9
1980-10-15 19:00:00,14.4,70,2.1,90,0,0,0
1980-10-15 20:00:00,13.9,73,1.9,70,0,0,0
1980-10-15 21:00:00,13.3,77,1.7,40,0,0,0
1980-10-15 22:00:00,12.8,80,1.5,20,0,0,0
1980-10-15 23:00:00,11.9,82,1.0,10,0,0,0
1980-10-16 00:00:00,10.9,84,0.5,10,0,0,0
1980-10-16 01:00:00,10.0,86,0.0,0,0,0,0
1980-10-16 02:00:00,9.4,86,0.0,0,0,0,0
1980-10-16 03:00:00,8.9,86,0.0,0,0,0,0
1980-10-16 04:00:00,8.3,86,0.0,0,0,0,0
1980-10-16 05:00:00,7.9,86,0.7,330,0,0,0
1980-10-16 06:00:00,7.6,86,1.4,310,0,0,0
1980-10-16 07:00:00,7.2,86,2.1,280,27,54,21
1980-10-16 08:00:00,10.7,78,1.9,260,143,330,71
1980-10-16 09:00:00,14.3,71,1.7,250,301,524,97
1980-10-16 10:00:00,17.8,63,1.5,230,421,493,161
1980-10-16 11:00:00,20.0,55,1.5,220,558,700,124
1980-10-16 12:00:00,22.2,48,1.5,210,619,745,124
1980-10-16 13:00:00,24.4,40,1.5,200,619,736,136
1980-10-16 14:00:00,24.2,43,2.2,180,572,734,133
1980-10-16 15:00:00,24.1,45,2.9,170,421,603,124
1980-10-16 16:00:00,23.9,48,3.6,150,263,475,98
1980-10-16 17:00:00,21.7,55,2.9,150,97,224,59
1980-10-16 18:00:00,19.4,63,2.2,150,10,9,9
1980-10-16 19:00:00,17.2,70,1.5,150,0,0,0
1980-10-16 20:00:00,16.1,74,1.9,190,0,0,0
1980-10-16 21:00:00,15.0,79,2.2,230,0,0,0
1980-10-16 22:00:00,13.9,83,2.6,270,0,0,0
1980-10-16 23:00:00,13.5,83,2.4,260,0,0,0
1980-10-17 00:00:00,13.2,83,2.3,250,0,0,0
1980-10-17 01:00:00,12.8,83,2.1,240,0,0,0
1980-10-17 02:00:00,12.6,84,1.9,240,0,0,0
1980-10-17 03:00:00,12.4,85,1.7,230,0,0,0
1980-10-17 04:00:00,12.2,86,1.5,230,0,0,0
1980-10-17 05:00:00,11.8,87,1.5,240,0,0,0
1980-10-17 06:00:00,11.5,89,1.5,240,0,0,0
1980-10-17 07:00:00,11.1,90,1.5,250,22,12,21
1980-10-17 08:00:00,14.6,80,2.5,230,126,242,73
1980-10-17 09:00:00,18.2,71,3.6,220,296,452,121
1980-10-17 10:00:00,21.7,61,4.6,200,456,565,161
1980-10-17 11:00:00,23.0,55,5.8,210,541,595,175
1980-10-17 12:00:00,24.3,48,7.0,210,585,599,190
1980-10-17 13:00:00,25.6,42,8.2,220,579,591,194
1980-10-17 14:00:00,25.2,48,6.7,200,517,513,213
1980-10-17 15:00:00,24.8,54,5.1,180,400,482,165
1980-10-17 16:00:00,24.4,60,3.6,160,191,179,130
1980-10-17 17:00:00,22.6,66,3.4,160,60,24,56
1980-10-17 18:00:00,20.7,72,3.3,160,6,0,5
1980-10-17 19:00:00,18.9,78,3.1,160,0,0,0
1980-10-17 20:00:00,18.5,81,3.1,170,0,0,0
1980-10-17 21:00:00,18.2,84,3.1,180,0,0,0
1980-10-17 22:00:00,17.8,87,3.1,190,0,0,0
1980-10-17 23:00:00,18.3,85,4.0,190,0,0,0
1980-10-18 00:00:00,18.9,83,4.8,200,0,0,0
1980-10-18 01:00:00,19.4,81,5.7,200,0,0,0
1980-10-18 02:00:00,20.0,79,6.4,200,0,0,0
1980-10-18 03:00:00,20.5,78,7.0,200,0,0,0
1980-10-18 04:00:00,21.1,76,7.7,200,0,0,0
1980-10-18 05:00:00,20.9,78,7.2,210,0,0,0
1980-10-18 06:00:00,20.8,79,6.7,210,0,0,0
1980-10-18 07:00:00,20.6,81,6.2,220,7,0,7
1980-10-18 08:00:00,21.5,78,6.7,210,47,4,46
1980-10-18 09:00:00,22.4,74,7.2,210,150,9,146
1980-10-18 10:00:00,23.3,71,7.7,200,255,11,249
1980-10-18 11:00:00,23.7,69,8.2,200,389,270,224
1980-10-18 12:00:00,24.0,68,8.8,200,384,126,302
1980-10-18 13:00:00,24.4,66,9.3,200,563,612,167
1980-10-18 14:00:00,22.2,74,7.1,190,309,154,219
1980-10-18 15:00:00,20.0,82,4.8,190,316,241,200
1980-10-18 16:00:00,17.8,90,2.6,180,35,2,34
1980-10-18 17:00:00,17.4,90,2.8,170,32,2,32
1980-10-18 18:00:00,17.1,90,2.9,170,5,0,5
1980-10-18 19:00:00,16.7,90,3.1,160,0,0,0
1980-10-18 20:00:00,16.5,90,2.8,200,0,0,0
1980-10-18 21:00:00,16.3,90,2.4,230,0,0,0
1980-10-18 22:00:00,16.1,90,2.1,270,0,0,0
1980-10-18 23:00:00,15.9,91,1.4,300,0,0,0
1980-10-19 00:00:00,15.8,92,0.7,330,0,0,0
1980-10-19 01:00:00,15.6,93,0.0,0,0,0,0
1980-10-19 02:00:00,15.8,90,0.9,350,0,0,0
1980-10-19 03:00:00,15.9,87,1.7,350,0,0,0
1980-10-19 04:00:00,16.1,84,2.6,340,0,0,0
1980-10-19 05:00:00,15.5,86,1.7,350,0,0,0
1980-10-19 06:00:00,15.0,88,0.9,350,0,0,0
1980-10-19 07:00:00,14.4,90,0.0,0,13,0,13
1980-10-19 08:00:00,15.0,85,1.0,340,71,5,70
1980-10-19 09:00:00,15.5,80,2.1,310,124,6,122
1980-10-19 10:00:00,16.1,75,3.1,290,187,3,185
1980-10-19 11:00:00,17.0,67,2.8,300,392,123,318
1980-10-19 12:00:00,18.0,59,2.4,300,564,578,189
1980-10-19 13:00:00,18.9,51,2.1,310,638,794,127
1980-10-19 14:00:00,19.6,46,2.9,290,568,789,107
1980-10-19 15:00:00,20.4,41,3.8,280,444,746,88
1980-10-19 16:00:00,21.1,36,4.6,260,277,647,63
1980-10-19 17:00:00,18.9,47,3.6,240,98,345,44
1980-10-19 18:00:00,16.6,59,2.5,220,7,11,6
1980-10-19 19:00:00,14.4,70,1.5,200,0,0,0
1980-10-19 20:00:00,13.9,72,1.9,230,0,0,0
1980-10-19 21:00:00,13.3,75,2.2,250,0,0,0
1980-10-19 22:00:00,12.8,77,2.6,280,0,0,0
1980-10-19 23:00:00,13.0,70,3.8,290,0,0,0
1980-10-20 00:00:00,13.1,62,5.0,300,0,0,0
1980-10-20 01:00:00,13.3,55,6.2,310,0,0,0
1980-10-20 02:00:00,12.2,55,6.0,310,0,0,0
1980-10-20 03:00:00,11.1,54,5.9,320,0,0,0
1980-10-20 04:00:00,10.0,54,5.7,320,0,0,0
1980-10-20 05:00:00,8.9,59,4.5,290,0,0,0
1980-10-20 06:00:00,7.8,63,3.3,270,0,0,0
1980-10-20 07:00:00,6.7,68,2.1,240,21,21,19
1980-10-20 08:00:00,8.9,60,3.6,250,127,314,62
1980-10-20 09:00:00,11.1,52,5.2,270,299,541,97
1980-10-20 10:00:00,13.3,44,6.7,280,463,665,124
1980-10-20 11:00:00,14.2,40,6.7,290,521,572,177
1980-10-20 12:00:00,15.2,36,6.7,290,624,752,139
1980-10-20 13:00:00,16.1,32,6.7,300,582,669,155
1980-10-20 14:00:00,15.5,34,6.4,290,342,290,174
1980-10-20 15:00:00,15.0,35,6.0,290,363,426,162
1980-10-20 16:00:00,14.4,37,5.7,280,129,48,114
1980-10-20 17:00:00,13.9,39,5.2,290,43,1,43
1980-10-20 18:00:00,13.3,41,4.6,290,6,0,6
1980-10-20 19:00:00,12.8,43,4.1,300,0,0,0
1980-10-20 20:00:00,12.4,46,3.9,290,0,0,0
1980-10-20 21:00:00,12.1,48,3.8,270,0,0,0
1980-10-20 22:00:00,11.7,51,3.6,260,0,0,0
1980-10-20 23:00:00,10.4,59,3.1,250,0,0,0
1980-10-21 00:00:00,9.1,66,2.6,230,0,0,0
1980-10-21 01:00:00,7.8,74,2.1,220,0,0,0
1980-10-21 02:00:00,7.4,76,2.4,240,0,0,0
1980-10-21 03:00:00,7.1,78,2.8,270,0,0,0
1980-10-21 04:00:00,6.7,80,3.1,290,0,0,0
1980-10-21 05:00:00,7.2,83,3.4,280,0,0,0
1980-10-21 06:00:00,7.8,86,3.8,270,0,0,0
1980-10-21 07:00:00,8.3,89,4.1,260,20,35,16
1980-10-21 08:00:00,11.3,75,4.8,250,139,429,53
1980-10-21 09:00:00,14.2,62,5.5,250,305,651,64
1980-10-21 10:00:00,17.2,48,6.2,240,464,684,119
1980-10-21 11:00:00,18.7,44,6.5,240,591,838,91
1980-10-21 12:00:00,20.2,39,6.9,230,641,852,95
1980-10-21 13:00:00,21.7,35,7.2,230,641,863,95
1980-10-21 14:00:00,21.5,34,6.9,230,512,742,86
1980-10-21 15:00:00,21.3,32,6.5,240,414,648,111
1980-10-21 16:00:00,21.1,31,6.2,240,243,466,93
1980-10-21 17:00:00,19.3,38,5.5,240,81,266,42
1980-10-21 18:00:00,17.4,45,4.8,240,5,12,4
1980-10-21 19:00:00,15.6,52,4.1,240,0,0,0
1980-10-21 20:00:00,14.7,57,3.8,240,0,0,0
1980-10-21 21:00:00,13.7,62,3.4,240,0,0,0
1980-10-21 22:00:00,12.8,67,3.1,240,0,0,0
1980-10-21 23:00:00,12.2,67,2.8,270,0,0,0
1980-10-22 00:00:00,11.7,66,2.4,290,0,0,0
1980-10-22 01:00:00,11.1,66,2.1,320,0,0,0
1980-10-22 02:00:00,10.5,68,1.4,330,0,0,0
1980-10-22 03:00:00,10.0,69,0.7,350,0,0,0
1980-10-22 04:00:00,9.4,71,0.0,0,0,0,0
1980-10-22 05:00:00,9.8,69,0.9,360,0,0,0
1980-10-22 06:00:00,10.2,68,1.7,360,0,0,0
1980-10-22 07:00:00,10.6,66,2.6,360,17,13,16
1980-10-22 08:00:00,12.1,58,2.6,30,111,155,80
1980-10-22 09:00:00,13.5,50,2.6,60,232,344,106
1980-10-22 10:00:00,15.0,42,2.6,90,457,737,89
1980-10-22 11:00:00,15.7,42,2.4,120,581,875,63
1980-10-22 12:00:00,16.5,41,2.3,150,611,865,61
1980-10-22 13:00:00,17.2,41,2.1,180,633,897,70
1980-10-22 14:00:00,17.4,41,2.3,160,572,890,65
1980-10-22 15:00:00,17.6,42,2.4,140,448,846,56
1980-10-22 16:00:00,17.8,42,2.6,120,277,737,43
1980-10-22 17:00:00,15.2,51,2.9,90,97,486,28
1980-10-22 18:00:00,12.6,60,3.3,50,11,45,5
1980-10-22 19:00:00,10.0,69,3.6,20,0,0,0
1980-10-22 20:00:00,10.4,62,4.1,30,0,0,0
1980-10-22 21:00:00,10.7,56,4.7,30,0,0,0
1980-10-22 22:00:00,11.1,49,5.2,40,0,0,0
1980-10-22 23:00:00,9.8,51,4.3,40,0,0,0
1980-10-23 00:00:00,8.5,54,3.5,50,0,0,0
1980-10-23 01:00:00,7.2,56,2.6,50,0,0,0
1980-10-23 02:00:00,6.1,61,1.7,30,0,0,0
1980-10-23 03:00:00,5.0,65,0.9,20,0,0,0
1980-10-23 04:00:00,3.9,70,0.0,0,0,0,0
1980-10-23 05:00:00,3.7,71,1.0,360,0,0,0
1980-10-23 06:00:00,3.5,72,2.1,10,0,0,0
1980-10-23 07:00:00,3.3,73,3.1,10,17,8,16
1980-10-23 08:00:00,5.5,63,3.6,30,111,234,66
1980-10-23 09:00:00,7.8,53,4.1,40,263,420,111
1980-10-23 10:00:00,10.0,43,4.6,60,417,504,167
1980-10-23 11:00:00,10.6,41,4.3,60,517,499,224
1980-10-23 12:00:00,11.1,39,3.9,50,566,551,219
1980-10-23 13:00:00,11.7,37,3.6,50,523,404,271
1980-10-23 14:00:00,11.5,38,3.4,70,391,239,256
1980-10-23 15:00:00,11.3,39,3.3,90,214,56,189
1980-10-23 16:00:00,11.1,40,3.1,110,94,45,80
1980-10-23 17:00:00,10.2,43,2.8,90,27,4,27
1980-10-23 18:00:00,9.2,45,2.4,70,3,0,3
1980-10-23 19:00:00,8.3,48,2.1,50,0,0,0
1980-10-23 20:00:00,7.9,51,2.3,50,0,0,0
1980-10-23 21:00:00,7.6,53,2.4,50,0,0,0
1980-10-23 22:00:00,7.2,56,2.6,50,0,0,0
1980-10-23 23:00:00,6.3,63,2.2,10,0,0,0
1980-10-24 00:00:00,5.3,69,1.9,330,0,0,0
1980-10-24 01:00:00,4.4,76,1.5,290,0,0,0
1980-10-24 02:00:00,3.9,77,1.9,310,0,0,0
1980-10-24 03:00:00,3.3,78,2.2,340,0,0,0
1980-10-24 04:00:00,2.8,79,2.6,360,0,0,0
1980-10-24 05:00:00,3.7,77,2.8,10,0,0,0
1980-10-24 06:00:00,4.7,75,2.9,20,0,0,0
1980-10-24 07:00:00,5.6,73,3.1,30,19,24,17
1980-10-24 08:00:00,7.4,68,4.0,50,84,96,66
1980-10-24 09:00:00,9.3,64,4.8,60,268,500,90
1980-10-24 10:00:00,11.1,59,5.7,80,395,507,146
1980-10-24 11:00:00,11.8,57,5.9,80,523,665,136
1980-10-24 12:00:00,12.6,55,6.0,90,556,670,136
1980-10-24 13:00:00,13.3,53,6.2,90,621,834,105
1980-10-24 14:00:00,13.5,54,5.7,90,435,540,133
1980-10-24 15:00:00,13.7,56,5.1,80,229,54,204
1980-10-24 16:00:00,13.9,57,4.6,80,66,5,65
1980-10-24 17:00:00,13.2,60,4.6,80,38,1,37
1980-10-24 18:00:00,12.4,63,4.6,90,2,0,2
1980-10-24 19:00:00,11.7,66,4.6,90,0,0,0
1980-10-24 20:00:00,11.7,67,5.1,80,0,0,0
1980-10-24 21:00:00,11.7,68,5.7,80,0,0,0
1980-10-24 22:00:00,11.7,69,6.2,70,0,0,0
1980-10-24 23:00:00,11.7,72,5.9,70,0,0,0
1980-10-25 00:00:00,11.7,74,5.5,70,0,0,0
1980-10-25 01:00:00,11.7,77,5.2,70,0,0,0
1980-10-25 02:00:00,11.7,82,6.0,70,0,0,0
1980-10-25 03:00:00,11.7,88,6.9,70,0,0,0
1980-10-25 04:00:00,11.7,93,7.7,70,0,0,0
1980-10-25 05:00:00,12.4,92,7.7,70,0,0,0
1980-10-25 06:00:00,13.2,91,7.7,80,0,0,0
1980-10-25 07:00:00,13.9,90,7.7,80,6,0,6
1980-10-25 08:00:00,14.3,91,7.2,30,48,1,48
1980-10-25 09:00:00,14.6,92,6.7,330,117,4,116
1980-10-25 10:00:00,15.0,93,6.2,280,124,1,123
1980-10-25 11:00:00,14.3,91,6.5,270,254,4,251
1980-10-25 12:00:00,13.5,88,6.9,270,293,1,293
1980-10-25 13:00:00,12.8,86,7.2,260,172,1,171
1980-10-25 14:00:00,12.2,85,7.9,270,244,1,244
1980-10-25 15:00:00,11.7,84,8.6,270,191,0,191
1980-10-25 16:00:00,11.1,83,9.3,280,65,1,64
1980-10-25 17:00:00,10.0,78,10.1,280,48,0,48
1980-10-25 18:00:00,8.9,73,11.0,270,3,0,3
1980-10-25 19:00:00,7.8,68,11.8,270,0,0,0
1980-10-25 20:00:00,7.8,61,12.2,270,0,0,0
1980-10-25 21:00:00,7.8,55,12.5,260,0,0,0
1980-10-25 22:00:00,7.8,48,12.9,260,0,0,0
1980-10-25 23:00:00,7.2,49,12.0,270,0,0,0
1980-10-26 00:00:00,6.7,50,11.2,270,0,0,0
1980-10-26 01:00:00,6.1,51,10.3,280,0,0,0
1980-10-26 02:00:00,5.7,50,9.4,280,0,0,0
1980-10-26 03:00:00,5.4,48,8.6,270,0,0,0
1980-10-26 04:00:00,5.0,47,7.7,270,0,0,0
1980-10-26 05:00:00,5.2,48,7.9,260,0,0,0
1980-10-26 06:00:00,5.4,50,8.0,260,0,0,0
1980-10-26 07:00:00,5.6,51,8.2,250,10,1,10
1980-10-26 08:00:00,6.3,47,8.9,260,81,62,70
1980-10-26 09:00:00,7.1,44,9.6,260,186,167,127
1980-10-26 10:00:00,7.8,40,10.3,270,200,41,180
1980-10-26 11:00:00,8.0,40,10.0,270,425,413,188
1980-10-26 12:00:00,8.1,41,9.6,270,243,29,225
1980-10-26 13:00:00,8.3,41,9.3,270,392,263,232
1980-10-26 14:00:00,8.7,42,9.3,280,341,215,223
1980-10-26 15:00:00,9.0,43,9.3,290,356,471,147
1980-10-26 16:00:00,9.4,44,9.3,300,179,316,84
1980-10-26 17:00:00,8.1,47,7.6,300,54,129,38
1980-10-26 18:00:00,6.9,50,5.8,290,3,0,3
1980-10-26 19:00:00,5.6,53,4.1,290,0,0,0
1980-10-26 20:00:00,4.8,57,4.1,270,0,0,0
1980-10-26 21:00:00,4.1,61,4.1,260,0,0,0
1980-10-26 22:00:00,3.3,65,4.1,240,0,0,0
1980-10-26 23:00:00,3.3,64,3.8,240,0,0,0
1980-10-27 00:00:00,3.3,63,3.4,240,0,0,0
1980-10-27 01:00:00,3.3,62,3.1,240,0,0,0
1980-10-27 02:00:00,2.9,65,3.3,250,0,0,0
1980-10-27 03:00:00,2.6,67,3.4,270,0,0,0
1980-10-27 04:00:00,2.2,70,3.6,280,0,0,0
1980-10-27 05:00:00,1.7,71,3.6,280,0,0,0
1980-10-27 06:00:00,1.1,71,3.6,290,0,0,0
1980-10-27 07:00:00,0.6,72,3.6,290,18,18,17
1980-10-27 08:00:00,2.8,63,4.1,290,110,252,65
1980-10-27 09:00:00,5.0,55,4.7,300,184,167,126
1980-10-27 10:00:00,7.2,46,5.2,300,349,371,172
1980-10-27 11:00:00,7.9,45,4.3,260,447,454,188
1980-10-27 12:00:00,8.7,44,3.5,220,560,608,188
1980-10-27 13:00:00,9.4,43,2.6,180,484,525,166
1980-10-27 14:00:00,9.6,42,2.8,190,447,506,171
1980-10-27 15:00:00,9.8,42,2.9,200,245,152,179
1980-10-27 16:00:00,10.0,41,3.1,210,139,117,105
1980-10-27 17:00:00,9.3,46,2.8,200,33,27,30
1980-10-27 18:00:00,8.5,51,2.4,190,1,1,1
1980-10-27 19:00:00,7.8,56,2.1,180,0,0,0
1980-10-27 20:00:00,7.8,58,2.1,190,0,0,0
1980-10-27 21:00:00,7.8,59,2.1,190,0,0,0
1980-10-27 22:00:00,7.8,61,2.1,200,0,0,0
1980-10-27 23:00:00,8.2,63,2.1,200,0,0,0
1980-10-28 00:00:00,8.5,64,2.1,210,0,0,0
1980-10-28 01:00:00,8.9,66,2.1,210,0,0,0
1980-10-28 02:00:00,8.7,72,2.4,190,0,0,0
1980-10-28 03:00:00,8.5,77,2.8,160,0,0,0
1980-10-28 04:00:00,8.3,83,3.1,140,0,0,0
1980-10-28 05:00:00,8.7,84,3.1,170,0,0,0
1980-10-28 06:00:00,9.0,85,3.1,190,0,0,0
1980-10-28 07:00:00,9.4,86,3.1,220,1,1,1
1980-10-28 08:00:00,10.2,85,3.6,220,46,4,45
1980-10-28 09:00:00,10.9,84,4.1,230,116,9,113
1980-10-28 10:00:00,11.7,83,4.6,230,209,2,208
1980-10-28 11:00:00,12.8,80,4.3,220,216,5,214
1980-10-28 12:00:00,13.9,78,3.9,210,317,2,316
1980-10-28 13:00:00,15.0,75,3.6,200,276,1,275
1980-10-28 14:00:00,15.6,73,2.4,250,223,1,222
1980-10-28 15:00:00,16.1,72,1.2,310,199,1,199
1980-10-28 16:00:00,16.7,70,0.0,0,127,0,127
1980-10-28 17:00:00,15.8,73,0.0,0,41,0,41
1980-10-28 18:00:00,14.8,77,0.0,0,2,0,2
1980-10-28 19:00:00,13.9,80,0.0,0,0,0,0
1980-10-28 20:00:00,13.0,75,2.2,350,0,0,0
1980-10-28 21:00:00,12.0,71,4.5,350,0,0,0
1980-10-28 22:00:00,11.1,66,6.7,340,0,0,0
1980-10-28 23:00:00,10.2,66,5.8,340,0,0,0
1980-10-29 00:00:00,9.2,66,5.0,340,0,0,0
1980-10-29 01:00:00,8.3,66,4.1,340,0,0,0
1980-10-29 02:00:00,7.6,61,4.6,340,0,0,0
1980-10-29 03:00:00,6.8,56,5.2,350,0,0,0
1980-10-29 04:00:00,6.1,51,5.7,350,0,0,0
1980-10-29 05:00:00,5.0,56,4.8,330,0,0,0
1980-10-29 06:00:00,3.9,60,4.0,300,0,0,0
1980-10-29 07:00:00,2.8,65,3.1,280,13,11,12
1980-10-29 08:00:00,4.3,59,4.5,300,53,15,51
1980-10-29 09:00:00,5.7,53,5.8,310,189,167,133
1980-10-29 10:00:00,7.2,47,7.2,330,312,268,186
1980-10-29 11:00:00,7.8,47,5.5,320,295,245,158
1980-10-29 12:00:00,8.3,46,3.8,310,403,301,222
1980-10-29 13:00:00,8.9,46,2.1,300,554,607,193
1980-10-29 14:00:00,9.1,45,2.6,290,343,305,180
1980-10-29 15:00:00,9.2,44,3.1,290,271,202,184
1980-10-29 16:00:00,9.4,43,3.6,280,133,120,99
1980-10-29 17:00:00,8.7,47,3.1,280,42,33,38
1980-10-29 18:00:00,7.9,52,2.6,280,2,1,1
1980-10-29 19:00:00,7.2,56,2.1,280,0,0,0
1980-10-29 20:00:00,6.7,59,2.1,320,0,0,0
1980-10-29 21:00:00,6.1,62,2.1,350,0,0,0
1980-10-29 22:00:00,5.6,65,2.1,30,0,0,0
1980-10-29 23:00:00,4.8,70,2.1,350,0,0,0
1980-10-30 00:00:00,4.1,74,2.1,320,0,0,0
1980-10-30 01:00:00,3.3,79,2.1,280,0,0,0
1980-10-30 02:00:00,3.5,77,2.1,280,0,0,0
1980-10-30 03:00:00,3.7,75,2.1,290,0,0,0
1980-10-30 04:00:00,3.9,73,2.1,290,0,0,0
1980-10-30 05:00:00,3.9,73,2.4,310,0,0,0
1980-10-30 06:00:00,3.9,73,2.8,330,0,0,0
1980-10-30 07:00:00,3.9,73,3.1,350,9,6,8
1980-10-30 08:00:00,5.2,66,3.1,340,89,179,59
1980-10-30 09:00:00,6.5,59,3.1,340,219,292,122
1980-10-30 10:00:00,7.8,52,3.1,330,389,552,132
1980-10-30 11:00:00,9.1,45,2.9,320,480,627,132
1980-10-30 12:00:00,10.4,38,2.8,310,552,737,110
1980-10-30 13:00:00,11.7,31,2.6,300,542,753,97
1980-10-30 14:00:00,12.1,32,2.8,290,481,732,92
1980-10-30 15:00:00,12.4,32,2.9,270,400,780,67
1980-10-30 16:00:00,12.8,33,3.1,260,234,652,50
1980-10-30 17:00:00,10.6,44,3.1,240,64,326,29
1980-10-30 18:00:00,8.3,54,3.1,210,2,6,1
1980-10-30 19:00:00,6.1,65,3.1,190,0,0,0
1980-10-30 20:00:00,4.8,69,2.6,210,0,0,0
1980-10-30 21:00:00,3.5,72,2.0,240,0,0,0
1980-10-30 22:00:00,2.2,76,1.5,260,0,0,0
1980-10-30 23:00:00,1.7,79,1.9,260,0,0,0
1980-10-31 00:00:00,1.1,82,2.2,270,0,0,0
1980-10-31 01:00:00,0.6,85,2.6,270,0,0,0
1980-10-31 02:00:00,0.8,86,2.9,270,0,0,0
1980-10-31 03:00:00,0.9,88,3.3,280,0,0,0
1980-10-31 04:00:00,1.1,89,3.6,280,0,0,0
1980-10-31 05:00:00,0.7,89,3.4,270,0,0,0
1980-10-31 06:00:00,0.4,89,3.3,260,0,0,0
1980-10-31 07:00:00,0.0,89,3.1,250,15,43,10
1980-10-31 08:00:00,4.1,74,3.6,260,110,440,38
1980-10-31 09:00:00,8.1,58,4.1,260,283,686,57
1980-10-31 10:00:00,12.2,43,4.6,270,441,804,71
1980-10-31 11:00:00,13.7,37,5.8,260,555,860,80
1980-10-31 12:00:00,15.2,32,7.0,250,608,880,85
1980-10-31 13:00:00,16.7,26,8.2,240,599,880,84
1980-10-31 14:00:00,17.1,25,7.7,240,523,840,80
1980-10-31 15:00:00,17.4,23,7.2,250,395,765,72
1980-10-31 16:00:00,17.8,22,6.7,250,228,618,56
1980-10-31 17:00:00,15.2,33,5.8,240,61,295,30
1980-10-31 18:00:00,12.6,43,5.0,230,2,4,1
1980-10-31 19:00:00,10.0,54,4.1,220,0,0,0
1980-10-31 20:00:00,9.4,53,3.4,250,0,0,0
1980-10-31 21:00:00,8.9,53,2.8,270,0,0,0
1980-10-31 22:00:00,8.6,52,2.8,300,0,0,0
1980-10-31 23:00:00,8.3,49,2.7,300,0,0,0
1980-11-01 00:00:00,8.0,46,2.7,290,0,0,0
1988-11-01 01:00:00,7.6,65,2.7,120,0,0,0
1988-11-01 02:00:00,7.3,65,2.7,90,0,0,0
1988-11-01 03:00:00,7.0,96,2.6,120,0,0,0
1988-11-01 04:00:00,6.7,96,2.6,80,0,0,0
1988-11-01 05:00:00,6.7,96,2.1,80,0,0,0
1988-11-01 06:00:00,6.7,96,2.1,40,0,0,0
1988-11-01 07:00:00,7.2,96,2.6,60,3,0,3
1988-11-01 08:00:00,7.8,93,3.1,50,27,1,27
1988-11-01 09:00:00,7.2,96,3.6,40,80,5,79
1988-11-01 10:00:00,7.8,96,4.6,40,116,2,116
1988-11-01 11:00:00,8.9,93,4.6,30,149,3,148
1988-11-01 12:00:00,9.4,86,3.6,350,172,1,172
1988-11-01 13:00:00,9.4,90,3.1,350,285,1,284
1988-11-01 14:00:00,9.4,90,4.6,320,243,0,242
1988-11-01 15:00:00,9.4,86,4.6,300,188,0,188
1988-11-01 16:00:00,10.0,80,5.7,310,118,0,118
1988-11-01 17:00:00,9.4,80,3.6,350,50,42,46
1988-11-01 18:00:00,8.9,83,2.6,330,0,0,0
1988-11-01 19:00:00,7.8,89,4.1,300,0,0,0
1988-11-01 20:00:00,6.7,93,3.1,280,0,0,0
1988-11-01 21:00:00,6.1,93,3.6,270,0,0,0
1988-11-01 22:00:00,5.6,93,3.1,280,0,0,0
1988-11-01 23:00:00,5.0,96,3.6,270,0,0,0
1988-11-02 00:00:00,6.1,86,4.6,270,0,0,0
1988-11-02 01:00:00,6.1,86,3.6,270,0,0,0
1988-11-02 02:00:00,5.6,93,3.6,270,0,0,0
1988-11-02 03:00:00,5.6,89,5.2,270,0,0,0
1988-11-02 04:00:00,6.1,83,5.2,280,0,0,0
1988-11-02 05:00:00,6.7,71,5.7,280,0,0,0
1988-11-02 06:00:00,5.6,73,5.7,270,0,0,0
1988-11-02 07:00:00,5.0,76,6.2,270,8,10,7
1988-11-02 08:00:00,6.7,71,6.7,270,81,90,67
1988-11-02 09:00:00,7.8,66,8.8,270,254,587,66
1988-11-02 10:00:00,8.9,56,7.2,280,390,657,93
1988-11-02 11:00:00,9.4,52,9.3,280,292,166,202
1988-11-02 12:00:00,10.6,45,9.3,270,453,540,137
1988-11-02 13:00:00,10.6,47,8.8,280,334,201,218
1988-11-02 14:00:00,10.6,47,11.8,290,365,288,216
1988-11-02 15:00:00,10.6,47,9.3,280,203,98,162
1988-11-02 16:00:00,10.6,47,9.3,290,212,544,66
1988-11-02 17:00:00,9.4,54,8.8,270,33,29,30
1988-11-02 18:00:00,9.4,54,8.8,270,0,0,0
1988-11-02 19:00:00,9.4,54,7.2,280,0,0,0
1988-11-02 20:00:00,8.9,56,7.7,270,0,0,0
1988-11-02 21:00:00,8.9,56,6.7,270,0,0,0
1988-11-02 22:00:00,8.9,54,7.2,270,0,0,0
1988-11-02 23:00:00,8.9,54,5.7,280,0,0,0
1988-11-03 00:00:00,8.9,48,6.7,270,0,0,0
1988-11-03 01:00:00,8.3,41,6.2,280,0,0,0
1988-11-03 02:00:00,7.8,52,6.2,280,0,0,0
1988-11-03 03:00:00,7.2,49,5.7,270,0,0,0
1988-11-03 04:00:00,6.7,51,5.2,260,0,0,0
1988-11-03 05:00:00,6.1,51,4.1,200,0,0,0
1988-11-03 06:00:00,5.0,60,3.6,250,0,0,0
1988-11-03 07:00:00,5.0,55,2.6,270,9,7,9
1988-11-03 08:00:00,6.7,56,2.6,250,88,181,60
1988-11-03 09:00:00,8.9,50,5.7,260,249,545,77
1988-11-03 10:00:00,10.6,40,5.7,260,410,799,53
1988-11-03 11:00:00,12.8,30,4.6,280,548,911,58
1988-11-03 12:00:00,14.4,28,4.6,320,605,937,61
1988-11-03 13:00:00,16.7,28,4.1,250,591,926,61
1988-11-03 14:00:00,17.2,25,2.1,300,519,900,56
1988-11-03 15:00:00,17.8,24,3.1,240,390,832,49
1988-11-03 16:00:00,17.2,27,2.6,220,206,611,44
1988-11-03 17:00:00,15.0,28,2.1,170,60,395,21
1988-11-03 18:00:00,11.1,49,3.1,160,0,0,0
1988-11-03 19:00:00,10.6,52,2.1,150,0,0,0
1988-11-03 20:00:00,10.0,64,2.1,130,0,0,0
1988-11-03 21:00:00,8.9,77,1.5,160,0,0,0
1988-11-03 22:00:00,8.9,80,1.5,280,0,0,0
1988-11-03 23:00:00,8.9,83,0.0,0,0,0,0
1988-11-04 00:00:00,8.3,89,0.0,0,0,0,0
1988-11-04 01:00:00,8.3,86,0.0,0,0,0,0
1988-11-04 02:00:00,8.3,77,0.0,0,0,0,0
1988-11-04 03:00:00,7.8,74,1.5,270,0,0,0
1988-11-04 04:00:00,8.9,74,0.0,0,0,0,0
1988-11-04 05:00:00,8.9,77,0.0,0,0,0,0
1988-11-04 06:00:00,8.3,77,0.0,0,0,0,0
1988-11-04 07:00:00,8.3,77,0.0,0,5,13,3
1988-11-04 08:00:00,9.4,74,2.1,170,90,375,35
1988-11-04 09:00:00,11.7,69,2.6,210,237,590,53
1988-11-04 10:00:00,15.0,58,3.6,220,378,634,97
1988-11-04 11:00:00,17.2,50,3.1,170,450,515,175
1988-11-04 12:00:00,18.3,47,3.6,130,504,657,125
1988-11-04 13:00:00,20.6,41,5.7,150,516,624,161
1988-11-04 14:00:00,20.6,44,4.6,150,348,257,217
1988-11-04 15:00:00,20.6,47,4.1,130,302,430,127
1988-11-04 16:00:00,19.4,53,5.7,140,174,280,100
1988-11-04 17:00:00,17.2,58,4.1,150,42,94,33
1988-11-04 18:00:00,16.1,65,3.6,140,0,0,0
1988-11-04 19:00:00,15.6,81,5.2,140,0,0,0
1988-11-04 20:00:00,16.1,75,4.6,140,0,0,0
1988-11-04 21:00:00,16.1,81,2.6,120,0,0,0
1988-11-04 22:00:00,15.6,84,2.1,100,0,0,0
1988-11-04 23:00:00,15.6,84,3.1,100,0,0,0
1988-11-05 00:00:00,15.6,84,4.1,130,0,0,0
1988-11-05 01:00:00,16.1,87,5.7,160,0,0,0
1988-11-05 02:00:00,16.1,87,3.1,140,0,0,0
1988-11-05 03:00:00,15.0,93,2.6,130,0,0,0
1988-11-05 04:00:00,15.0,93,3.1,70,0,0,0
1988-11-05 05:00:00,14.4,93,3.6,70,0,0,0
1988-11-05 06:00:00,14.4,93,5.2,70,0,0,0
1988-11-05 07:00:00,14.4,93,6.2,70,6,0,6
1988-11-05 08:00:00,15.0,93,7.2,80,36,3,36
1988-11-05 09:00:00,15.6,97,7.7,100,55,3,54
1988-11-05 10:00:00,16.1,93,8.2,100,136,8,132
1988-11-05 11:00:00,16.7,97,7.2,80,131,2,130
1988-11-05 12:00:00,17.8,90,6.7,120,221,1,220
1988-11-05 13:00:00,18.3,93,7.2,130,213,1,212
1988-11-05 14:00:00,18.3,97,8.2,140,116,1,116
1988-11-05 15:00:00,19.4,90,8.8,150,203,139,147
1988-11-05 16:00:00,18.9,90,6.2,170,151,243,88
1988-11-05 17:00:00,17.8,90,5.2,150,30,13,29
1988-11-05 18:00:00,16.7,90,3.1,130,0,0,0
1988-11-05 19:00:00,16.1,93,3.6,130,0,0,0
1988-11-05 20:00:00,14.4,93,3.1,210,0,0,0
1988-11-05 21:00:00,13.9,84,1.5,160,0,0,0
1988-11-05 22:00:00,12.8,97,4.6,220,0,0,0
1988-11-05 23:00:00,12.2,93,3.1,220,0,0,0
1988-11-06 00:00:00,11.7,93,5.7,220,0,0,0
1988-11-06 01:00:00,11.1,93,6.2,220,0,0,0
1988-11-06 02:00:00,10.6,90,5.7,220,0,0,0
1988-11-06 03:00:00,9.4,90,4.1,200,0,0,0
1988-11-06 04:00:00,9.4,86,4.6,200,0,0,0
1988-11-06 05:00:00,8.3,93,4.1,190,0,0,0
1988-11-06 06:00:00,8.9,86,4.1,180,0,0,0
1988-11-06 07:00:00,8.3,86,4.6,200,10,39,5
1988-11-06 08:00:00,9.4,86,6.7,190,94,460,29
1988-11-06 09:00:00,12.2,72,6.7,180,259,706,45
1988-11-06 10:00:00,13.3,62,7.2,180,411,813,57
1988-11-06 11:00:00,15.6,50,6.7,170,520,866,66
1988-11-06 12:00:00,17.2,45,6.7,190,572,886,70
1988-11-06 13:00:00,17.8,38,10.3,210,529,745,112
1988-11-06 14:00:00,17.8,40,8.8,200,405,539,135
1988-11-06 15:00:00,17.2,38,8.8,210,287,372,139
1988-11-06 16:00:00,16.7,40,8.8,200,191,517,59
1988-11-06 17:00:00,15.6,43,5.7,210,38,19,36
1988-11-06 18:00:00,14.4,48,3.6,200,0,0,0
1988-11-06 19:00:00,13.9,47,2.6,180,0,0,0
1988-11-06 20:00:00,13.3,51,2.1,190,0,0,0
1988-11-06 21:00:00,12.8,55,3.6,180,0,0,0
1988-11-06 22:00:00,13.9,47,4.6,200,0,0,0
1988-11-06 23:00:00,12.2,59,4.6,290,0,0,0
1988-11-07 00:00:00,11.1,64,3.1,270,0,0,0
1988-11-07 01:00:00,11.1,59,3.1,270,0,0,0
1988-11-07 02:00:00,10.6,64,3.1,270,0,0,0
1988-11-07 03:00:00,10.0,64,3.1,230,0,0,0
1988-11-07 04:00:00,9.4,64,3.6,300,0,0,0
1988-11-07 05:00:00,8.9,69,3.1,350,0,0,0
1988-11-07 06:00:00,8.3,71,2.1,290,0,0,0
1988-11-07 07:00:00,8.9,74,0.0,0,3,0,3
1988-11-07 08:00:00,9.4,64,2.6,230,54,24,51
1988-11-07 09:00:00,10.0,50,5.7,260,135,105,104
1988-11-07 10:00:00,10.6,47,5.2,230,109,13,103
1988-11-07 11:00:00,12.8,39,5.7,280,481,719,106
1988-11-07 12:00:00,11.1,45,5.2,290,201,0,201
1988-11-07 13:00:00,10.6,47,6.2,280,214,0,213
1988-11-07 14:00:00,11.1,45,7.7,280,202,7,199
1988-11-07 15:00:00,10.6,45,5.7,280,140,9,136
1988-11-07 16:00:00,10.6,48,6.2,270,81,4,80
1988-11-07 17:00:00,10.0,46,4.6,280,23,2,23
1988-11-07 18:00:00,9.4,52,4.1,270,0,0,0
1988-11-07 19:00:00,9.4,52,6.2,300,0,0,0
1988-11-07 20:00:00,9.4,52,5.2,280,0,0,0
1988-11-07 21:00:00,8.9,54,4.1,300,0,0,0
1988-11-07 22:00:00,7.8,56,0.0,0,0,0,0
1988-11-07 23:00:00,6.1,65,0.0,0,0,0,0
1988-11-08 00:00:00,4.4,70,0.0,0,0,0,0
1988-11-08 01:00:00,3.9,73,0.0,0,0,0,0
1988-11-08 02:00:00,4.4,70,1.5,10,0,0,0
1988-11-08 03:00:00,2.2,85,2.1,240,0,0,0
1988-11-08 04:00:00,2.2,85,2.6,260,0,0,0
1988-11-08 05:00:00,2.2,85,3.1,290,0,0,0
1988-11-08 06:00:00,1.7,85,2.6,260,0,0,0
1988-11-08 07:00:00,1.1,89,1.5,170,8,32,4
1988-11-08 08:00:00,3.9,76,3.1,240,86,428,29
1988-11-08 09:00:00,8.9,54,3.6,200,184,190,127
1988-11-08 10:00:00,10.6,48,5.2,170,343,568,100
1988-11-08 11:00:00,13.3,53,5.2,140,375,231,256
1988-11-08 12:00:00,13.9,51,4.1,150,275,7,271
1988-11-08 13:00:00,13.9,55,4.6,150,174,3,172
1988-11-08 14:00:00,13.9,55,4.1,150,261,8,256
1988-11-08 15:00:00,15.0,58,0.0,0,136,0,136
1988-11-08 16:00:00,16.1,44,4.1,220,188,507,62
1988-11-08 17:00:00,14.4,51,3.1,280,49,285,22
1988-11-08 18:00:00,13.3,57,2.1,270,0,0,0
1988-11-08 19:00:00,11.7,66,2.6,290,0,0,0
1988-11-08 20:00:00,10.6,69,3.1,310,0,0,0
1988-11-08 21:00:00,9.4,71,3.1,290,0,0,0
1988-11-08 22:00:00,11.1,61,4.6,290,0,0,0
1988-11-08 23:00:00,10.6,59,6.2,310,0,0,0
1988-11-09 00:00:00,9.4,66,5.2,300,0,0,0
1988-11-09 01:00:00,8.9,59,4.6,290,0,0,0
1988-11-09 02:00:00,8.3,61,3.1,280,0,0,0
1988-11-09 03:00:00,7.8,68,4.1,310,0,0,0
1988-11-09 04:00:00,6.7,68,2.6,260,0,0,0
1988-11-09 05:00:00,6.7,71,5.2,310,0,0,0
1988-11-09 06:00:00,6.1,74,3.6,310,0,0,0
1988-11-09 07:00:00,6.7,68,5.2,310,4,8,3
1988-11-09 08:00:00,8.9,61,3.6,300,76,340,32
1988-11-09 09:00:00,10.6,52,4.6,300,229,601,53
1988-11-09 10:00:00,12.8,44,6.2,330,350,678,64
1988-11-09 11:00:00,12.8,44,4.6,350,497,836,70
1988-11-09 12:00:00,14.4,41,3.1,310,558,873,74
1988-11-09 13:00:00,15.6,39,2.6,360,548,864,76
1988-11-09 14:00:00,15.0,39,3.1,320,477,824,74
1988-11-09 15:00:00,13.9,51,2.6,220,352,750,62
1988-11-09 16:00:00,13.3,53,0.0,0,192,609,43
1988-11-09 17:00:00,10.6,69,3.6,140,48,261,23
1988-11-09 18:00:00,8.9,77,2.6,130,0,0,0
1988-11-09 19:00:00,8.3,77,2.1,120,0,0,0
1988-11-09 20:00:00,7.8,80,0.0,0,0,0,0
1988-11-09 21:00:00,7.2,86,0.0,0,0,0,0
1988-11-09 22:00:00,5.0,93,0.0,0,0,0,0
1988-11-09 23:00:00,7.2,77,1.5,310,0,0,0
1988-11-10 00:00:00,5.6,76,0.0,0,0,0,0
1988-11-10 01:00:00,5.6,83,0.0,0,0,0,0
1988-11-10 02:00:00,5.0,86,0.0,0,0,0,0
1988-11-10 03:00:00,5.6,83,0.0,0,0,0,0
1988-11-10 04:00:00,4.4,86,0.0,0,0,0,0
1988-11-10 05:00:00,4.4,82,0.0,0,0,0,0
1988-11-10 06:00:00,4.4,89,1.5,250,0,0,0
1988-11-10 07:00:00,5.0,93,0.0,0,3,4,2
1988-11-10 08:00:00,6.1,89,3.1,160,73,302,35
1988-11-10 09:00:00,11.1,74,6.2,190,132,50,117
1988-11-10 10:00:00,10.0,80,4.1,180,151,11,147
1988-11-10 11:00:00,10.6,80,7.7,140,218,10,213
1988-11-10 12:00:00,14.4,70,8.2,180,206,8,201
1988-11-10 13:00:00,15.0,72,6.7,190,197,5,195
1988-11-10 14:00:00,15.6,75,6.7,200,198,7,195
1988-11-10 15:00:00,16.7,78,8.8,200,174,1,174
1988-11-10 16:00:00,17.2,75,7.2,200,86,2,85
1988-11-10 17:00:00,17.8,75,6.2,230,25,0,25
1988-11-10 18:00:00,17.2,81,4.1,270,0,0,0
1988-11-10 19:00:00,15.6,90,5.7,260,0,0,0
1988-11-10 20:00:00,15.6,72,6.7,310,0,0,0
1988-11-10 21:00:00,14.4,62,4.1,290,0,0,0
1988-11-10 22:00:00,12.8,64,4.1,270,0,0,0
1988-11-10 23:00:00,13.3,53,5.7,300,0,0,0
1988-11-11 00:00:00,12.2,59,3.6,280,0,0,0
1988-11-11 01:00:00,11.7,55,3.6,240,0,0,0
1988-11-11 02:00:00,10.0,59,4.1,250,0,0,0
1988-11-11 03:00:00,10.6,55,4.1,230,0,0,0
1988-11-11 04:00:00,10.6,52,4.6,260,0,0,0
1988-11-11 05:00:00,10.0,57,4.6,260,0,0,0
1988-11-11 06:00:00,10.0,54,6.2,290,0,0,0
1988-11-11 07:00:00,10.0,50,5.7,280,3,1,3
1988-11-11 08:00:00,9.4,48,4.1,290,35,20,32
1988-11-11 09:00:00,10.0,45,5.2,290,135,35,125
1988-11-11 10:00:00,10.6,41,6.7,290,248,264,139
1988-11-11 11:00:00,11.1,41,6.7,280,384,455,154
1988-11-11 12:00:00,11.7,38,6.7,280,476,578,160
1988-11-11 13:00:00,13.9,32,9.3,280,321,313,152
1988-11-11 14:00:00,11.7,35,8.2,260,231,119,174
1988-11-11 15:00:00,12.2,37,7.7,310,263,383,117
1988-11-11 16:00:00,11.1,43,7.2,300,161,346,79
1988-11-11 17:00:00,10.0,43,8.2,310,40,182,22
1988-11-11 18:00:00,9.4,48,5.2,320,0,0,0
1988-11-11 19:00:00,8.3,50,3.1,310,0,0,0
1988-11-11 20:00:00,7.2,46,4.6,320,0,0,0
1988-11-11 21:00:00,6.1,63,2.6,330,0,0,0
1988-11-11 22:00:00,5.0,55,3.1,290,0,0,0
1988-11-11 23:00:00,3.9,65,3.6,310,0,0,0
1988-11-12 00:00:00,5.0,51,3.6,280,0,0,0
1988-11-12 01:00:00,3.9,60,3.1,290,0,0,0
1988-11-12 02:00:00,2.8,65,2.6,280,0,0,0
1988-11-12 03:00:00,2.2,70,4.6,300,0,0,0
1988-11-12 04:00:00,1.7,76,4.1,350,0,0,0
1988-11-12 05:00:00,1.1,73,3.1,350,0,0,0
1988-11-12 06:00:00,1.1,73,3.6,330,0,0,0
1988-11-12 07:00:00,0.6,76,2.1,350,2,1,2
1988-11-12 08:00:00,2.8,65,2.1,350,59,112,46
1988-11-12 09:00:00,7.2,47,2.6,30,191,424,72
1988-11-12 10:00:00,8.9,48,3.6,90,329,476,133
1988-11-12 11:00:00,8.3,48,3.6,110,463,685,120
1988-11-12 12:00:00,10.0,43,2.6,100,492,651,138
1988-11-12 13:00:00,9.4,43,2.6,100,476,642,133
1988-11-12 14:00:00,11.1,40,3.1,120,399,561,130
1988-11-12 15:00:00,9.4,52,4.1,150,239,210,160
1988-11-12 16:00:00,7.8,58,4.6,150,123,155,86
1988-11-12 17:00:00,6.1,68,3.6,130,36,9,35
1988-11-12 18:00:00,5.6,71,2.6,110,0,0,0
1988-11-12 19:00:00,5.6,76,2.6,90,0,0,0
1988-11-12 20:00:00,5.6,79,2.1,90,0,0,0
1988-11-12 21:00:00,3.9,86,2.6,130,0,0,0
1988-11-12 22:00:00,4.4,86,0.0,0,0,0,0
1988-11-12 23:00:00,5.6,89,1.5,100,0,0,0
1988-11-13 00:00:00,6.7,89,3.1,150,0,0,0
1988-11-13 01:00:00,7.2,89,3.1,130,0,0,0
1988-11-13 02:00:00,7.2,89,2.6,100,0,0,0
1988-11-13 03:00:00,6.7,89,2.6,70,0,0,0
1988-11-13 04:00:00,7.2,86,3.1,80,0,0,0
1988-11-13 05:00:00,7.2,89,0.0,0,0,0,0
1988-11-13 06:00:00,7.8,89,2.1,70,0,0,0
1988-11-13 07:00:00,7.8,93,2.6,90,0,0,0
1988-11-13 08:00:00,8.3,100,2.6,70,23,5,23
1988-11-13 09:00:00,8.3,100,0.0,0,50,7,49
1988-11-13 10:00:00,8.3,100,2.1,140,92,5,90
1988-11-13 11:00:00,8.9,100,3.1,200,109,6,105
1988-11-13 12:00:00,10.0,86,5.7,200,246,5,243
1988-11-13 13:00:00,13.3,87,4.1,220,351,224,233
1988-11-13 14:00:00,16.7,65,5.2,200,456,820,67
1988-11-13 15:00:00,16.7,63,4.6,190,331,740,56
1988-11-13 16:00:00,16.7,63,3.6,210,180,597,41
1988-11-13 17:00:00,15.0,72,2.1,270,27,30,24
1988-11-13 18:00:00,14.4,78,2.1,260,0,0,0
1988-11-13 19:00:00,14.4,78,0.0,0,0,0,0
1988-11-13 20:00:00,12.2,86,2.6,280,0,0,0
1988-11-13 21:00:00,11.7,80,3.6,220,0,0,0
1988-11-13 22:00:00,11.1,66,4.1,270,0,0,0
1988-11-13 23:00:00,9.4,69,2.6,190,0,0,0
1988-11-14 00:00:00,8.9,61,2.6,240,0,0,0
1988-11-14 01:00:00,8.3,66,2.6,260,0,0,0
1988-11-14 02:00:00,7.2,74,2.1,260,0,0,0
1988-11-14 03:00:00,6.1,83,1.5,190,0,0,0
1988-11-14 04:00:00,5.0,89,0.0,0,0,0,0
1988-11-14 05:00:00,4.4,93,2.1,290,0,0,0
1988-11-14 06:00:00,3.3,86,2.1,250,0,0,0
1988-11-14 07:00:00,2.8,89,3.1,260,2,6,1
1988-11-14 08:00:00,2.8,86,1.5,270,63,294,31
1988-11-14 09:00:00,10.0,59,2.6,220,217,603,53
1988-11-14 10:00:00,12.8,45,4.6,200,368,741,70
1988-11-14 11:00:00,14.4,51,4.1,210,475,800,81
1988-11-14 12:00:00,17.2,40,4.6,260,526,824,86
1988-11-14 13:00:00,18.3,33,5.2,260,513,822,79
1988-11-14 14:00:00,17.8,42,6.7,220,448,783,78
1988-11-14 15:00:00,17.8,45,5.7,210,318,683,65
1988-11-14 16:00:00,16.7,43,5.7,220,171,537,48
1988-11-14 17:00:00,13.3,55,3.1,200,39,160,24
1988-11-14 18:00:00,11.7,62,3.1,210,0,0,0
1988-11-14 19:00:00,11.7,62,3.1,210,0,0,0
1988-11-14 20:00:00,11.1,64,0.0,0,0,0,0
1988-11-14 21:00:00,9.4,71,3.1,220,0,0,0
1988-11-14 22:00:00,8.3,77,3.1,270,0,0,0
1988-11-14 23:00:00,6.7,86,2.6,270,0,0,0
1988-11-15 00:00:00,6.1,89,1.5,230,0,0,0
1988-11-15 01:00:00,5.0,93,2.1,270,0,0,0
1988-11-15 02:00:00,4.4,96,1.5,290,0,0,0
1988-11-15 03:00:00,5.6,93,2.1,290,0,0,0
1988-11-15 04:00:00,5.0,96,2.6,270,0,0,0
1988-11-15 05:00:00,4.4,96,1.5,220,0,0,0
1988-11-15 06:00:00,3.9,96,0.0,0,0,0,0
1988-11-15 07:00:00,3.3,96,0.0,0,2,4,1
1988-11-15 08:00:00,6.1,93,1.5,90,59,265,31
1988-11-15 09:00:00,11.7,64,4.6,70,210,579,55
1988-11-15 10:00:00,12.8,57,6.2,90,360,722,72
1988-11-15 11:00:00,13.3,57,4.6,70,468,788,84
1988-11-15 12:00:00,13.9,55,3.6,60,519,812,89
1988-11-15 13:00:00,15.0,52,4.1,60,511,807,88
1988-11-15 14:00:00,15.6,54,3.6,80,442,772,81
1988-11-15 15:00:00,15.6,52,3.6,150,321,692,68
1988-11-15 16:00:00,14.4,58,4.1,110,165,499,53
1988-11-15 17:00:00,12.8,62,3.1,70,34,103,25
1988-11-15 18:00:00,11.7,64,3.1,80,0,0,0
1988-11-15 19:00:00,10.6,72,3.6,90,0,0,0
1988-11-15 20:00:00,10.0,77,3.1,60,0,0,0
1988-11-15 21:00:00,8.9,86,2.6,70,0,0,0
1988-11-15 22:00:00,8.3,93,2.6,60,0,0,0
1988-11-15 23:00:00,7.8,93,3.1,80,0,0,0
1988-11-16 00:00:00,8.3,93,2.6,80,0,0,0
1988-11-16 01:00:00,9.4,86,2.1,20,0,0,0
1988-11-16 02:00:00,9.4,86,2.6,40,0,0,0
1988-11-16 03:00:00,9.4,90,2.6,50,0,0,0
1988-11-16 04:00:00,10.0,90,3.1,50,0,0,0
1988-11-16 05:00:00,10.0,93,2.1,60,0,0,0
1988-11-16 06:00:00,10.6,90,2.6,70,0,0,0
1988-11-16 07:00:00,10.6,90,2.6,50,0,0,0
1988-11-16 08:00:00,11.1,90,2.6,30,14,4,14
1988-11-16 09:00:00,10.6,93,2.1,280,37,0,37
1988-11-16 10:00:00,11.7,93,2.1,90,82,7,79
1988-11-16 11:00:00,12.2,93,2.6,110,168,2,167
1988-11-16 12:00:00,13.3,93,2.1,130,204,2,203
1988-11-16 13:00:00,15.0,90,3.1,170,213,5,211
1988-11-16 14:00:00,16.7,84,3.6,140,207,118,152
1988-11-16 15:00:00,18.3,76,2.6,160,185,180,119
1988-11-16 16:00:00,17.8,81,4.1,130,139,296,73
1988-11-16 17:00:00,16.7,87,3.1,100,34,36,31
1988-11-16 18:00:00,16.1,90,2.1,190,0,0,0
1988-11-16 19:00:00,15.0,93,2.1,160,0,0,0
1988-11-16 20:00:00,15.6,90,2.6,90,0,0,0
1988-11-16 21:00:00,14.4,97,2.1,190,0,0,0
1988-11-16 22:00:00,15.6,90,3.1,170,0,0,0
1988-11-16 23:00:00,15.0,90,3.1,140,0,0,0
1988-11-17 00:00:00,16.1,84,2.6,170,0,0,0
1988-11-17 01:00:00,17.2,78,5.7,190,0,0,0
1988-11-17 02:00:00,17.2,81,3.6,210,0,0,0
1988-11-17 03:00:00,15.6,100,2.6,210,0,0,0
1988-11-17 04:00:00,16.1,97,4.1,200,0,0,0
1988-11-17 05:00:00,16.1,100,1.5,200,0,0,0
1988-11-17 06:00:00,16.1,93,6.2,290,0,0,0
1988-11-17 07:00:00,12.8,90,9.3,300,0,0,0
1988-11-17 08:00:00,11.1,86,6.2,310,26,2,26
1988-11-17 09:00:00,11.1,80,4.1,290,77,2,77
1988-11-17 10:00:00,11.1,61,4.6,280,158,5,156
1988-11-17 11:00:00,10.6,47,7.2,300,300,311,151
1988-11-17 12:00:00,11.1,45,8.8,310,478,687,118
1988-11-17 13:00:00,12.2,40,7.2,300,483,763,89
1988-11-17 14:00:00,12.8,28,8.8,290,436,764,84
1988-11-17 15:00:00,12.8,29,10.3,300,315,680,70
1988-11-17 16:00:00,12.2,30,7.2,290,162,503,51
1988-11-17 17:00:00,11.1,32,5.7,290,35,128,23
1988-11-17 18:00:00,8.3,42,4.6,280,0,0,0
1988-11-17 19:00:00,6.1,49,3.6,270,0,0,0
1988-11-17 20:00:00,7.2,42,5.2,280,0,0,0
1988-11-17 21:00:00,5.6,47,4.1,280,0,0,0
1988-11-17 22:00:00,3.3,53,3.6,190,0,0,0
1988-11-17 23:00:00,3.9,55,5.2,240,0,0,0
1988-11-18 00:00:00,3.3,55,3.6,260,0,0,0
1988-11-18 01:00:00,2.2,62,4.1,250,0,0,0
1988-11-18 02:00:00,2.8,55,1.5,180,0,0,0
1988-11-18 03:00:00,3.3,50,1.5,180,0,0,0
1988-11-18 04:00:00,2.2,55,1.5,200,0,0,0
1988-11-18 05:00:00,1.1,62,2.6,200,0,0,0
1988-11-18 06:00:00,1.1,62,3.1,220,0,0,0
1988-11-18 07:00:00,1.1,62,3.6,210,0,0,0
1988-11-18 08:00:00,2.8,59,2.6,250,42,41,38
1988-11-18 09:00:00,6.7,45,3.1,250,180,402,76
1988-11-18 10:00:00,8.9,41,5.2,290,317,569,97
1988-11-18 11:00:00,10.0,36,5.7,310,398,533,144
1988-11-18 12:00:00,11.1,34,4.1,290,389,363,200
1988-11-18 13:00:00,12.2,30,4.1,300,475,692,119
1988-11-18 14:00:00,12.8,28,5.2,320,389,605,112
1988-11-18 15:00:00,12.2,30,5.2,290,295,576,89
1988-11-18 16:00:00,11.7,32,3.6,260,145,380,62
1988-11-18 17:00:00,9.4,38,3.1,270,30,58,24
1988-11-18 18:00:00,7.8,44,3.1,270,0,0,0
1988-11-18 19:00:00,7.2,46,2.6,280,0,0,0
1988-11-18 20:00:00,6.7,49,2.1,260,0,0,0
1988-11-18 21:00:00,4.4,62,2.6,280,0,0,0
1988-11-18 22:00:00,3.3,67,2.6,280,0,0,0
1988-11-18 23:00:00,2.8,70,2.6,280,0,0,0
1988-11-19 00:00:00,1.1,76,2.1,280,0,0,0
1988-11-19 01:00:00,1.1,79,2.1,280,0,0,0
1988-11-19 02:00:00,1.7,76,2.1,260,0,0,0
1988-11-19 03:00:00,1.7,82,2.6,270,0,0,0
1988-11-19 04:00:00,2.8,76,0.0,0,0,0,0
1988-11-19 05:00:00,2.8,79,2.6,270,0,0,0
1988-11-19 06:00:00,3.3,79,2.1,30,0,0,0
1988-11-19 07:00:00,5.0,70,2.6,50,0,0,0
1988-11-19 08:00:00,6.1,65,4.1,80,19,1,19
1988-11-19 09:00:00,6.1,63,4.6,80,57,5,55
1988-11-19 10:00:00,6.7,58,4.6,80,171,7,168
1988-11-19 11:00:00,7.2,58,4.1,80,214,8,210
1988-11-19 12:00:00,7.8,56,3.6,90,112,5,109
1988-11-19 13:00:00,6.7,60,2.6,30,119,0,119
1988-11-19 14:00:00,5.6,65,4.6,40,96,1,95
1988-11-19 15:00:00,5.0,62,2.1,20,95,2,95
1988-11-19 16:00:00,5.6,93,3.6,90,40,0,40
1988-11-19 17:00:00,6.1,96,2.6,60,13,0,13
1988-11-19 18:00:00,6.1,93,3.6,50,0,0,0
1988-11-19 19:00:00,6.7,93,3.1,60,0,0,0
1988-11-19 20:00:00,6.1,96,4.1,50,0,0,0
1988-11-19 21:00:00,6.7,93,3.1,40,0,0,0
1988-11-19 22:00:00,6.7,93,4.1,80,0,0,0
1988-11-19 23:00:00,7.8,86,4.6,80,0,0,0
1988-11-20 00:00:00,8.3,77,4.6,80,0,0,0
1988-11-20 01:00:00,6.7,96,3.6,70,0,0,0
1988-11-20 02:00:00,6.7,96,3.6,60,0,0,0
1988-11-20 03:00:00,7.2,96,0.0,0,0,0,0
1988-11-20 04:00:00,7.2,96,3.6,10,0,0,0
1988-11-20 05:00:00,7.2,93,1.5,50,0,0,0
1988-11-20 06:00:00,7.2,96,2.6,70,0,0,0
1988-11-20 07:00:00,6.7,100,2.6,140,0,0,0
1988-11-20 08:00:00,6.7,100,2.6,280,19,1,19
1988-11-20 09:00:00,7.2,96,2.1,250,69,1,69
1988-11-20 10:00:00,7.8,96,2.6,200,105,1,104
1988-11-20 11:00:00,8.3,96,2.6,200,130,1,130
1988-11-20 12:00:00,8.9,96,3.6,180,145,0,145
1988-11-20 13:00:00,10.0,96,4.1,180,139,1,138
1988-11-20 14:00:00,12.2,93,4.6,200,127,0,127
1988-11-20 15:00:00,13.3,93,5.7,200,101,1,101
1988-11-20 16:00:00,13.9,97,5.2,230,97,1,97
1988-11-20 17:00:00,13.9,97,5.2,210,23,0,23
1988-11-20 18:00:00,14.4,97,5.7,250,0,0,0
1988-11-20 19:00:00,15.0,93,6.2,230,0,0,0
1988-11-20 20:00:00,15.6,90,7.7,250,0,0,0
1988-11-20 21:00:00,15.0,81,6.7,260,0,0,0
1988-11-20 22:00:00,14.4,53,7.2,270,0,0,0
1988-11-20 23:00:00,15.6,48,11.3,250,0,0,0
1988-11-21 00:00:00,15.6,44,13.4,270,0,0,0
1988-11-21 01:00:00,14.4,49,7.7,300,0,0,0
1988-11-21 02:00:00,12.8,49,10.3,290,0,0,0
1988-11-21 03:00:00,11.7,55,9.3,280,0,0,0
1988-11-21 04:00:00,11.1,57,7.2,280,0,0,0
1988-11-21 05:00:00,10.6,57,6.2,280,0,0,0
1988-11-21 06:00:00,10.0,57,7.2,280,0,0,0
1988-11-21 07:00:00,9.4,59,8.2,300,0,0,0
1988-11-21 08:00:00,10.0,48,7.2,310,31,0,31
1988-11-21 09:00:00,10.6,45,8.8,280,75,40,65
1988-11-21 10:00:00,10.6,43,8.8,290,154,29,143
1988-11-21 11:00:00,9.4,50,7.2,300,208,109,157
1988-11-21 12:00:00,10.6,43,9.8,290,220,105,167
1988-11-21 13:00:00,10.6,41,8.2,290,333,312,176
1988-11-21 14:00:00,10.6,45,7.2,290,207,70,176
1988-11-21 15:00:00,10.0,41,6.7,290,278,382,144
1988-11-21 16:00:00,10.0,43,6.7,280,127,194,86
1988-11-21 17:00:00,8.9,46,6.2,280,35,93,26
1988-11-21 18:00:00,7.8,52,6.7,280,0,0,0
1988-11-21 19:00:00,7.2,54,5.2,290,0,0,0
1988-11-21 20:00:00,6.7,56,4.1,280,0,0,0
1988-11-21 21:00:00,6.7,54,4.6,300,0,0,0
1988-11-21 22:00:00,6.7,51,5.2,310,0,0,0
1988-11-21 23:00:00,3.9,65,2.6,280,0,0,0
1988-11-22 00:00:00,2.8,70,2.1,280,0,0,0
1988-11-22 01:00:00,1.7,76,2.1,280,0,0,0
1988-11-22 02:00:00,1.7,76,2.1,280,0,0,0
1988-11-22 03:00:00,0.6,82,3.6,280,0,0,0
1988-11-22 04:00:00,0.0,82,3.1,300,0,0,0
1988-11-22 05:00:00,-1.7,85,2.1,300,0,0,0
1988-11-22 06:00:00,-1.7,89,2.1,300,0,0,0
1988-11-22 07:00:00,1.7,70,3.6,320,0,0,0
1988-11-22 08:00:00,1.7,73,3.6,350,43,185,26
1988-11-22 09:00:00,5.0,58,4.6,10,185,510,61
1988-11-22 10:00:00,5.6,51,4.6,40,311,574,98
1988-11-22 11:00:00,6.1,49,2.1,40,336,421,141
1988-11-22 12:00:00,7.2,47,4.1,20,449,587,152
1988-11-22 13:00:00,8.3,44,3.6,110,372,255,244
1988-11-22 14:00:00,8.3,44,3.6,70,371,522,138
1988-11-22 15:00:00,8.3,46,3.1,50,278,461,118
1988-11-22 16:00:00,7.2,52,3.6,90,134,317,68
1988-11-22 17:00:00,5.0,62,3.1,110,27,51,22
1988-11-22 18:00:00,4.4,62,2.1,110,0,0,0
1988-11-22 19:00:00,3.9,67,2.1,80,0,0,0
1988-11-22 20:00:00,2.2,73,2.1,270,0,0,0
1988-11-22 21:00:00,1.7,76,1.5,260,0,0,0
1988-11-22 22:00:00,1.1,79,2.6,280,0,0,0
1988-11-22 23:00:00,0.0,85,1.5,260,0,0,0
1988-11-23 00:00:00,-0.6,85,0.0,0,0,0,0
1988-11-23 01:00:00,-1.1,85,0.0,0,0,0,0
1988-11-23 02:00:00,-1.7,89,1.5,290,0,0,0
1988-11-23 03:00:00,-2.2,89,1.5,300,0,0,0
1988-11-23 04:00:00,-2.8,92,2.1,270,0,0,0
1988-11-23 05:00:00,-2.8,92,2.1,270,0,0,0
1988-11-23 06:00:00,-1.7,89,1.5,300,0,0,0
1988-11-23 07:00:00,-2.8,92,1.5,250,0,0,0
1988-11-23 08:00:00,-1.1,89,2.1,290,40,139,27
1988-11-23 09:00:00,4.4,73,0.0,0,163,440,58
1988-11-23 10:00:00,6.7,63,2.1,30,306,624,76
1988-11-23 11:00:00,8.9,52,2.1,350,429,731,93
1988-11-23 12:00:00,10.6,48,2.6,10,479,753,100
1988-11-23 13:00:00,11.7,43,1.5,310,474,753,99
1988-11-23 14:00:00,12.2,43,2.1,290,407,713,91
1988-11-23 15:00:00,12.8,42,1.5,80,269,519,91
1988-11-23 16:00:00,10.6,48,3.6,100,136,366,60
1988-11-23 17:00:00,7.8,54,3.1,140,27,63,21
1988-11-23 18:00:00,6.7,58,0.0,0,0,0,0
1988-11-23 19:00:00,6.1,60,1.5,20,0,0,0
1988-11-23 20:00:00,6.7,56,3.1,350,0,0,0
1988-11-23 21:00:00,5.6,65,4.1,350,0,0,0
1988-11-23 22:00:00,5.0,68,4.6,360,0,0,0
1988-11-23 23:00:00,4.4,65,5.2,360,0,0,0
1988-11-24 00:00:00,3.3,67,3.6,360,0,0,0
1988-11-24 01:00:00,2.8,70,3.6,340,0,0,0
1988-11-24 02:00:00,2.2,73,5.2,360,0,0,0
1988-11-24 03:00:00,1.7,73,5.2,10,0,0,0
1988-11-24 04:00:00,1.1,76,3.6,350,0,0,0
1988-11-24 05:00:00,0.6,76,3.6,320,0,0,0
1988-11-24 06:00:00,1.1,73,4.1,320,0,0,0
1988-11-24 07:00:00,1.1,73,5.2,340,0,0,0
1988-11-24 08:00:00,1.7,73,3.6,350,50,356,18
1988-11-24 09:00:00,2.8,67,4.1,350,196,697,32
1988-11-24 10:00:00,4.4,57,6.7,320,343,821,43
1988-11-24 11:00:00,6.1,49,4.6,350,454,888,50
1988-11-24 12:00:00,6.7,47,4.6,340,510,912,54
1988-11-24 13:00:00,7.8,46,4.6,340,503,909,54
1988-11-24 14:00:00,8.3,46,5.7,270,356,665,63
1988-11-24 15:00:00,9.4,43,4.1,320,297,748,42
1988-11-24 16:00:00,8.9,44,5.2,300,158,626,30
1988-11-24 17:00:00,7.2,49,3.1,290,39,250,15
1988-11-24 18:00:00,5.6,55,2.1,280,0,0,0
1988-11-24 19:00:00,3.9,62,2.6,280,0,0,0
1988-11-24 20:00:00,2.8,70,2.6,280,0,0,0
1988-11-24 21:00:00,2.2,73,3.6,300,0,0,0
1988-11-24 22:00:00,3.3,67,3.1,270,0,0,0
1988-11-24 23:00:00,1.1,76,2.1,100,0,0,0
1988-11-25 00:00:00,1.7,70,0.0,0,0,0,0
1988-11-25 01:00:00,2.2,70,1.5,310,0,0,0
1988-11-25 02:00:00,0.6,79,2.6,300,0,0,0
1988-11-25 03:00:00,2.2,70,3.1,270,0,0,0
1988-11-25 04:00:00,0.6,79,2.6,280,0,0,0
1988-11-25 05:00:00,-1.7,85,2.1,250,0,0,0
1988-11-25 06:00:00,-1.7,85,2.1,250,0,0,0
1988-11-25 07:00:00,-2.2,85,0.0,0,0,0,0
1988-11-25 08:00:00,-0.6,82,3.6,270,37,114,26
1988-11-25 09:00:00,3.9,67,2.6,300,166,421,68
1988-11-25 10:00:00,7.2,54,2.1,360,290,498,110
1988-11-25 11:00:00,8.9,48,3.1,260,327,333,176
1988-11-25 12:00:00,12.2,37,2.6,310,378,387,186
1988-11-25 13:00:00,13.9,33,1.5,360,343,352,169
1988-11-25 14:00:00,13.3,36,3.1,230,328,391,156
1988-11-25 15:00:00,11.7,43,3.6,210,203,185,140
1988-11-25 16:00:00,11.7,43,3.1,220,105,118,81
1988-11-25 17:00:00,8.3,52,3.6,220,20,6,19
1988-11-25 18:00:00,9.4,48,3.1,230,0,0,0
1988-11-25 19:00:00,7.2,58,2.1,190,0,0,0
1988-11-25 20:00:00,6.7,60,2.6,200,0,0,0
1988-11-25 21:00:00,5.0,68,2.6,200,0,0,0
1988-11-25 22:00:00,5.0,68,1.5,220,0,0,0
1988-11-25 23:00:00,3.3,76,2.1,210,0,0,0
1988-11-26 00:00:00,2.8,79,2.1,290,0,0,0
1988-11-26 01:00:00,0.6,85,2.1,280,0,0,0
1988-11-26 02:00:00,1.1,85,2.6,290,0,0,0
1988-11-26 03:00:00,-0.6,85,2.1,290,0,0,0
1988-11-26 04:00:00,-0.6,85,1.5,250,0,0,0
1988-11-26 05:00:00,0.0,89,2.6,280,0,0,0
1988-11-26 06:00:00,-1.1,92,2.6,270,0,0,0
1988-11-26 07:00:00,-0.6,92,0.0,0,0,0,0
1988-11-26 08:00:00,0.0,85,2.6,250,39,131,27
1988-11-26 09:00:00,3.9,76,2.6,300,166,444,65
1988-11-26 10:00:00,7.8,58,1.5,280,307,628,82
1988-11-26 11:00:00,11.1,47,1.5,230,371,550,124
1988-11-26 12:00:00,15.0,46,2.1,140,436,632,124
1988-11-26 13:00:00,16.1,43,3.1,130,420,535,159
1988-11-26 14:00:00,16.1,46,3.6,70,354,500,136
1988-11-26 15:00:00,15.6,50,3.1,90,235,327,125
1988-11-26 16:00:00,13.3,60,3.1,130,72,67,59
1988-11-26 17:00:00,11.7,69,2.1,90,16,4,15
1988-11-26 18:00:00,11.7,69,0.0,0,0,0,0
1988-11-26 19:00:00,11.1,72,2.6,110,0,0,0
1988-11-26 20:00:00,11.1,77,1.5,80,0,0,0
1988-11-26 21:00:00,11.1,80,2.1,40,0,0,0
1988-11-26 22:00:00,11.1,80,1.5,40,0,0,0
1988-11-26 23:00:00,11.7,77,1.5,180,0,0,0
1988-11-27 00:00:00,11.1,83,2.1,60,0,0,0
1988-11-27 01:00:00,11.7,83,0.0,0,0,0,0
1988-11-27 02:00:00,11.7,90,2.1,40,0,0,0
1988-11-27 03:00:00,10.6,93,0.0,0,0,0,0
1988-11-27 04:00:00,10.0,93,0.0,0,0,0,0
1988-11-27 05:00:00,10.6,93,2.1,90,0,0,0
1988-11-27 06:00:00,12.2,93,4.1,140,0,0,0
1988-11-27 07:00:00,13.3,90,3.1,150,0,0,0
1988-11-27 08:00:00,12.8,93,3.1,120,27,6,26
1988-11-27 09:00:00,13.3,93,2.6,110,41,0,41
1988-11-27 10:00:00,15.0,93,3.1,140,146,10,142
1988-11-27 11:00:00,13.9,97,2.6,50,216,4,214
1988-11-27 12:00:00,15.6,93,2.6,60,187,5,184
1988-11-27 13:00:00,18.9,90,4.1,160,196,1,195
1988-11-27 14:00:00,18.3,87,4.6,250,104,2,103
1988-11-27 15:00:00,16.7,93,7.2,180,102,2,101
1988-11-27 16:00:00,16.1,90,5.2,210,48,0,48
1988-11-27 17:00:00,15.6,97,3.1,220,17,0,17
1988-11-27 18:00:00,16.1,97,4.1,160,0,0,0
1988-11-27 19:00:00,16.1,97,3.1,170,0,0,0
1988-11-27 20:00:00,15.6,97,3.1,130,0,0,0
1988-11-27 21:00:00,15.0,97,4.1,140,0,0,0
1988-11-27 22:00:00,15.0,97,3.1,200,0,0,0
1988-11-27 23:00:00,15.0,97,2.6,230,0,0,0
1988-11-28 00:00:00,15.0,97,2.6,200,0,0,0
1988-11-28 01:00:00,15.0,97,3.6,230,0,0,0
1988-11-28 02:00:00,15.0,97,3.1,300,0,0,0
1988-11-28 03:00:00,14.4,93,3.1,280,0,0,0
1988-11-28 04:00:00,13.3,93,3.6,320,0,0,0
1988-11-28 05:00:00,12.8,97,2.6,260,0,0,0
1988-11-28 06:00:00,11.7,93,3.6,280,0,0,0
1988-11-28 07:00:00,11.1,93,4.1,270,0,0,0
1988-11-28 08:00:00,10.6,72,6.2,310,26,0,26
1988-11-28 09:00:00,8.9,80,4.6,310,57,1,57
1988-11-28 10:00:00,8.3,77,6.2,290,104,1,103
1988-11-28 11:00:00,7.8,63,7.2,310,119,1,119
1988-11-28 12:00:00,7.8,61,5.2,310,233,1,232
1988-11-28 13:00:00,7.8,48,7.2,310,251,1,251
1988-11-28 14:00:00,8.3,48,6.7,290,165,1,165
1988-11-28 15:00:00,9.4,36,9.3,280,223,369,99
1988-11-28 16:00:00,9.4,38,7.2,280,124,161,92
1988-11-28 17:00:00,7.8,42,8.8,280,35,122,24
1988-11-28 18:00:00,7.2,42,9.3,270,0,0,0
1988-11-28 19:00:00,5.6,47,7.7,290,0,0,0
1988-11-28 20:00:00,5.0,51,7.7,280,0,0,0
1988-11-28 21:00:00,5.0,49,6.7,280,0,0,0
1988-11-28 22:00:00,5.0,49,7.2,290,0,0,0
1988-11-28 23:00:00,4.4,53,7.7,280,0,0,0
1988-11-29 00:00:00,3.9,55,8.8,280,0,0,0
1988-11-29 01:00:00,3.3,57,6.7,280,0,0,0
1988-11-29 02:00:00,2.8,62,4.6,260,0,0,0
1988-11-29 03:00:00,1.1,70,4.1,230,0,0,0
1988-11-29 04:00:00,1.1,73,4.6,260,0,0,0
1988-11-29 05:00:00,2.2,62,4.1,240,0,0,0
1988-11-29 06:00:00,2.2,62,4.1,240,0,0,0
1988-11-29 07:00:00,2.2,64,5.2,250,0,0,0
1988-11-29 08:00:00,2.8,65,5.2,260,41,223,20
1988-11-29 09:00:00,5.0,58,5.7,260,168,587,39
1988-11-29 10:00:00,5.6,53,6.7,280,306,731,51
1988-11-29 11:00:00,6.7,49,8.2,280,432,860,53
1988-11-29 12:00:00,7.2,46,6.2,300,488,889,57
1988-11-29 13:00:00,7.8,42,5.2,260,485,890,57
1988-11-29 14:00:00,8.3,42,3.1,290,421,859,52
1988-11-29 15:00:00,8.3,39,3.1,300,279,628,70
1988-11-29 16:00:00,8.3,37,3.6,280,145,506,45
1988-11-29 17:00:00,6.7,42,2.6,230,35,210,15
1988-11-29 18:00:00,5.6,47,2.1,230,0,0,0
1988-11-29 19:00:00,3.3,57,2.6,180,0,0,0
1988-11-29 20:00:00,2.8,59,1.5,220,0,0,0
1988-11-29 21:00:00,2.8,59,2.6,230,0,0,0
1988-11-29 22:00:00,1.7,64,2.6,220,0,0,0
1988-11-29 23:00:00,1.7,62,0.0,0,0,0,0
1988-11-30 00:00:00,1.1,67,3.1,230,0,0,0
1988-11-30 01:00:00,0.6,73,0.0,0,0,0,0
1988-11-30 02:00:00,0.0,79,0.0,0,0,0,0
1988-11-30 03:00:00,0.0,79,1.5,200,0,0,0
1988-11-30 04:00:00,-1.1,82,2.6,170,0,0,0
1988-11-30 05:00:00,0.0,82,3.1,230,0,0,0
1988-11-30 06:00:00,0.6,79,2.1,170,0,0,0
1988-11-30 07:00:00,0.0,82,2.6,220,0,0,0
1988-11-30 08:00:00,1.1,79,3.6,210,35,169,20
1988-11-30 09:00:00,4.4,68,5.2,200,89,32,82
1988-11-30 10:00:00,5.6,65,6.2,200,135,130,90
1988-11-30 11:00:00,7.2,54,6.2,200,221,7,218
1988-11-30 12:00:00,7.2,54,5.7,200,172,20,163
1988-11-30 13:00:00,8.3,50,5.7,200,179,11,173
1988-11-30 14:00:00,10.0,45,4.6,190,262,133,205
1988-11-30 15:00:00,11.1,43,5.2,200,273,680,48
1988-11-30 16:00:00,10.6,43,5.2,220,146,542,39
1988-11-30 17:00:00,8.3,52,3.1,200,25,72,18
1988-11-30 18:00:00,7.8,54,0.0,0,0,0,0
1988-11-30 19:00:00,6.7,58,1.5,220,0,0,0
1988-11-30 20:00:00,7.2,58,2.1,220,0,0,0
1988-11-30 21:00:00,7.8,56,2.6,290,0,0,0
1988-11-30 22:00:00,7.4,68,2.7,250,0,0,0
1988-11-30 23:00:00,7.0,61,2.7,280,0,0,0
1988-12-01 00:00:00,6.6,61,2.8,290,0,0,0
1980-12-01 01:00:00,6.2,48,2.9,220,0,0,0
1980-12-01 02:00:00,5.8,52,3.0,220,0,0,0
1980-12-01 03:00:00,5.4,56,3.0,230,0,0,0
1980-12-01 04:00:00,5.0,60,3.1,230,0,0,0
1980-12-01 05:00:00,5.0,62,3.3,230,0,0,0
1980-12-01 06:00:00,5.0,63,3.4,240,0,0,0
1980-12-01 07:00:00,5.0,65,3.6,240,0,0,0
1980-12-01 08:00:00,7.2,60,3.8,240,27,13,26
1980-12-01 09:00:00,9.5,54,3.9,250,113,131,85
1980-12-01 10:00:00,11.7,49,4.1,250,148,149,97
1980-12-01 11:00:00,13.9,43,4.1,240,260,268,144
1980-12-01 12:00:00,16.1,38,4.1,220,395,562,124
1980-12-01 13:00:00,18.3,32,4.1,210,430,724,85
1980-12-01 14:00:00,17.8,35,3.9,210,351,572,108
1980-12-01 15:00:00,17.2,37,3.8,200,196,251,113
1980-12-01 16:00:00,16.7,40,3.6,200,103,95,84
1980-12-01 17:00:00,15.6,42,2.9,200,21,12,20
1980-12-01 18:00:00,14.4,43,2.2,200,0,0,0
1980-12-01 19:00:00,13.3,45,1.5,200,0,0,0
1980-12-01 20:00:00,12.0,50,1.0,250,0,0,0
1980-12-01 21:00:00,10.7,56,0.5,310,0,0,0
1980-12-01 22:00:00,9.4,61,0.0,0,0,0,0
1980-12-01 23:00:00,9.4,59,0.7,320,0,0,0
1980-12-02 00:00:00,9.4,58,1.4,280,0,0,0
1980-12-02 01:00:00,9.4,56,2.1,240,0,0,0
1980-12-02 02:00:00,7.9,62,1.4,280,0,0,0
1980-12-02 03:00:00,6.5,67,0.7,320,0,0,0
1980-12-02 04:00:00,5.0,73,0.0,0,0,0,0
1980-12-02 05:00:00,4.1,76,0.0,0,0,0,0
1980-12-02 06:00:00,3.1,79,0.0,0,0,0,0
1980-12-02 07:00:00,2.2,82,0.0,0,0,0,0
1980-12-02 08:00:00,5.5,70,1.4,60,34,119,23
1980-12-02 09:00:00,8.9,59,2.7,120,142,369,65
1980-12-02 10:00:00,12.2,47,4.1,180,236,296,135
1980-12-02 11:00:00,14.2,40,5.0,190,330,487,119
1980-12-02 12:00:00,16.3,33,5.8,190,442,748,85
1980-12-02 13:00:00,18.3,26,6.7,200,429,763,66
1980-12-02 14:00:00,18.1,27,6.5,200,360,659,81
1980-12-02 15:00:00,18.0,28,6.4,190,259,515,90
1980-12-02 16:00:00,17.8,29,6.2,190,109,221,66
1980-12-02 17:00:00,17.4,31,6.9,190,24,38,20
1980-12-02 18:00:00,17.1,33,7.5,200,0,0,0
1980-12-02 19:00:00,16.7,35,8.2,200,0,0,0
1980-12-02 20:00:00,13.9,39,9.2,230,0,0,0
1980-12-02 21:00:00,11.1,44,10.3,250,0,0,0
1980-12-02 22:00:00,8.3,48,11.3,280,0,0,0
1980-12-02 23:00:00,7.2,48,9.8,280,0,0,0
1980-12-03 00:00:00,6.1,49,8.2,280,0,0,0
1980-12-03 01:00:00,5.0,49,6.7,280,0,0,0
1980-12-03 02:00:00,4.6,48,8.1,280,0,0,0
1980-12-03 03:00:00,4.3,46,9.4,290,0,0,0
1980-12-03 04:00:00,3.9,45,10.8,290,0,0,0
1980-12-03 05:00:00,3.3,46,12.0,290,0,0,0
1980-12-03 06:00:00,2.8,47,13.2,290,0,0,0
1980-12-03 07:00:00,2.2,48,14.4,290,0,0,0
1980-12-03 08:00:00,2.6,45,13.7,290,41,284,15
1980-12-03 09:00:00,2.9,42,13.1,300,170,682,29
1980-12-03 10:00:00,3.3,39,12.4,300,319,829,39
1980-12-03 11:00:00,3.9,34,12.2,300,430,896,46
1980-12-03 12:00:00,4.4,30,12.0,300,487,921,50
1980-12-03 13:00:00,5.0,25,11.8,300,486,922,50
1980-12-03 14:00:00,5.0,26,10.4,300,425,897,46
1980-12-03 15:00:00,5.0,26,9.1,300,308,828,38
1980-12-03 16:00:00,5.0,27,7.7,300,158,673,28
1980-12-03 17:00:00,4.1,28,7.5,300,35,241,13
1980-12-03 18:00:00,3.1,29,7.4,300,0,0,0
1980-12-03 19:00:00,2.2,30,7.2,300,0,0,0
1980-12-03 20:00:00,1.8,32,7.0,300,0,0,0
1980-12-03 21:00:00,1.5,33,6.9,300,0,0,0
1980-12-03 22:00:00,1.1,35,6.7,300,0,0,0
1980-12-03 23:00:00,0.7,35,6.9,300,0,0,0
1980-12-04 00:00:00,0.4,36,7.0,290,0,0,0
1980-12-04 01:00:00,0.0,36,7.2,290,0,0,0
1980-12-04 02:00:00,-0.4,37,6.9,300,0,0,0
1980-12-04 03:00:00,-0.7,37,6.5,300,0,0,0
1980-12-04 04:00:00,-1.1,38,6.2,310,0,0,0
1980-12-04 05:00:00,-1.5,40,5.7,310,0,0,0
1980-12-04 06:00:00,-1.8,41,5.1,300,0,0,0
1980-12-04 07:00:00,-2.2,43,4.6,300,0,0,0
1980-12-04 08:00:00,-1.1,38,5.3,310,35,239,14
1980-12-04 09:00:00,0.0,34,6.0,330,127,285,69
1980-12-04 10:00:00,1.1,29,6.7,340,175,123,133
1980-12-04 11:00:00,2.4,27,6.2,330,258,300,130
1980-12-04 12:00:00,3.7,25,5.7,320,432,748,78
1980-12-04 13:00:00,5.0,23,5.2,310,483,907,55
1980-12-04 14:00:00,5.2,23,4.8,310,411,855,51
1980-12-04 15:00:00,5.4,23,4.5,310,306,819,39
1980-12-04 16:00:00,5.6,23,4.1,310,155,658,29
1980-12-04 17:00:00,4.1,27,3.6,300,36,232,14
1980-12-04 18:00:00,2.6,30,3.1,300,0,0,0
1980-12-04 19:00:00,1.1,34,2.6,290,0,0,0
1980-12-04 20:00:00,0.7,35,2.6,310,0,0,0
1980-12-04 21:00:00,0.4,37,2.6,320,0,0,0
1980-12-04 22:00:00,0.0,38,2.6,340,0,0,0
1980-12-04 23:00:00,-0.9,42,2.2,320,0,0,0
1980-12-05 00:00:00,-1.9,47,1.9,300,0,0,0
1980-12-05 01:00:00,-2.8,51,1.5,280,0,0,0
1980-12-05 02:00:00,-2.6,51,1.9,290,0,0,0
1980-12-05 03:00:00,-2.4,51,2.2,300,0,0,0
1980-12-05 04:00:00,-2.2,51,2.6,310,0,0,0
1980-12-05 05:00:00,-1.7,46,2.8,310,0,0,0
1980-12-05 06:00:00,-1.1,40,2.9,320,0,0,0
1980-12-05 07:00:00,-0.6,35,3.1,320,0,0,0
1980-12-05 08:00:00,0.2,34,3.6,320,16,7,16
1980-12-05 09:00:00,0.9,33,4.1,330,72,46,63
1980-12-05 10:00:00,1.7,32,4.6,330,124,38,112
1980-12-05 11:00:00,3.2,30,4.6,320,243,185,164
1980-12-05 12:00:00,4.6,28,4.6,320,319,364,148
1980-12-05 13:00:00,6.1,26,4.6,310,356,425,157
1980-12-05 14:00:00,6.1,27,4.4,320,329,450,140
1980-12-05 15:00:00,6.1,28,4.3,320,260,568,76
1980-12-05 16:00:00,6.1,29,4.1,330,117,336,53
1980-12-05 17:00:00,5.0,31,3.8,330,29,127,17
1980-12-05 18:00:00,3.9,34,3.4,340,0,0,0
1980-12-05 19:00:00,2.8,36,3.1,340,0,0,0
1980-12-05 20:00:00,2.4,37,3.8,330,0,0,0
1980-12-05 21:00:00,2.1,39,4.5,310,0,0,0
1980-12-05 22:00:00,1.7,40,5.2,300,0,0,0
1980-12-05 23:00:00,1.5,39,4.8,300,0,0,0
1980-12-06 00:00:00,1.3,39,4.5,300,0,0,0
1980-12-06 01:00:00,1.1,38,4.1,300,0,0,0
1980-12-06 02:00:00,0.5,40,3.8,290,0,0,0
1980-12-06 03:00:00,0.0,41,3.4,290,0,0,0
1980-12-06 04:00:00,-0.6,43,3.1,280,0,0,0
1980-12-06 05:00:00,-0.4,41,3.8,280,0,0,0
1980-12-06 06:00:00,-0.2,38,4.5,290,0,0,0
1980-12-06 07:00:00,0.0,36,5.2,290,0,0,0
1980-12-06 08:00:00,2.6,34,5.0,290,25,58,20
1980-12-06 09:00:00,5.2,32,4.8,300,133,389,56
1980-12-06 10:00:00,7.8,30,4.6,300,274,596,77
1980-12-06 11:00:00,9.5,28,4.6,310,384,676,99
1980-12-06 12:00:00,11.1,26,4.6,310,412,645,110
1980-12-06 13:00:00,12.8,24,4.6,320,411,620,121
1980-12-06 14:00:00,12.6,29,4.3,320,276,307,148
1980-12-06 15:00:00,12.4,33,3.9,320,211,278,121
1980-12-06 16:00:00,12.2,38,3.6,320,58,2,58
1980-12-06 17:00:00,11.5,41,2.4,330,14,13,13
1980-12-06 18:00:00,10.7,43,1.2,350,0,0,0
1980-12-06 19:00:00,10.0,46,0.0,0,0,0,0
1980-12-06 20:00:00,9.8,50,0.7,330,0,0,0
1980-12-06 21:00:00,9.6,55,1.4,310,0,0,0
1980-12-06 22:00:00,9.4,59,2.1,280,0,0,0
1980-12-06 23:00:00,9.4,61,1.4,310,0,0,0
1980-12-07 00:00:00,9.4,64,0.7,330,0,0,0
1980-12-07 01:00:00,9.4,66,0.0,0,0,0,0
1980-12-07 02:00:00,9.2,68,0.0,0,0,0,0
1980-12-07 03:00:00,9.1,69,0.0,0,0,0,0
1980-12-07 04:00:00,8.9,71,0.0,0,0,0,0
1980-12-07 05:00:00,8.9,71,0.7,320,0,0,0
1980-12-07 06:00:00,8.9,71,1.4,270,0,0,0
1980-12-07 07:00:00,8.9,71,2.1,230,0,0,0
1980-12-07 08:00:00,9.8,67,2.3,250,13,1,13
1980-12-07 09:00:00,10.8,63,2.4,260,94,19,90
1980-12-07 10:00:00,11.7,59,2.6,280,108,10,105
1980-12-07 11:00:00,12.8,55,2.8,260,210,7,207
1980-12-07 12:00:00,13.9,50,2.9,230,216,53,191
1980-12-07 13:00:00,15.0,46,3.1,210,284,163,208
1980-12-07 14:00:00,15.2,47,3.1,210,176,98,135
1980-12-07 15:00:00,15.4,49,3.1,210,171,69,149
1980-12-07 16:00:00,15.6,50,3.1,210,100,111,79
1980-12-07 17:00:00,14.3,54,2.6,220,21,28,18
1980-12-07 18:00:00,13.0,58,2.0,230,0,0,0
1980-12-07 19:00:00,11.7,62,1.5,240,0,0,0
1980-12-07 20:00:00,11.3,63,2.0,240,0,0,0
1980-12-07 21:00:00,11.0,65,2.6,240,0,0,0
1980-12-07 22:00:00,10.6,66,3.1,240,0,0,0
1980-12-07 23:00:00,10.6,67,2.8,250,0,0,0
1980-12-08 00:00:00,10.6,68,2.4,270,0,0,0
1980-12-08 01:00:00,10.6,69,2.1,280,0,0,0
1980-12-08 02:00:00,10.0,71,2.4,280,0,0,0
1980-12-08 03:00:00,9.5,72,2.8,270,0,0,0
1980-12-08 04:00:00,8.9,74,3.1,270,0,0,0
1980-12-08 05:00:00,8.5,77,2.9,270,0,0,0
1980-12-08 06:00:00,8.2,80,2.8,260,0,0,0
1980-12-08 07:00:00,7.8,83,2.6,260,0,0,0
1980-12-08 08:00:00,10.8,75,2.6,250,26,80,18
1980-12-08 09:00:00,13.7,66,2.6,250,74,87,57
1980-12-08 10:00:00,16.7,58,2.6,240,172,140,126
1980-12-08 11:00:00,18.4,55,3.1,230,339,463,146
1980-12-08 12:00:00,20.0,52,3.6,210,305,335,150
1980-12-08 13:00:00,21.7,49,4.1,200,327,211,229
1980-12-08 14:00:00,21.3,50,4.3,210,345,542,120
1980-12-08 15:00:00,21.0,50,4.4,220,223,254,141
1980-12-08 16:00:00,20.6,51,4.6,230,97,58,86
1980-12-08 17:00:00,19.8,52,4.8,220,15,0,15
1980-12-08 18:00:00,19.1,53,5.0,200,0,0,0
1980-12-08 19:00:00,18.3,54,5.2,190,0,0,0
1980-12-08 20:00:00,18.3,51,5.5,200,0,0,0
1980-12-08 21:00:00,18.3,48,5.9,220,0,0,0
1980-12-08 22:00:00,18.3,45,6.2,230,0,0,0
1980-12-08 23:00:00,17.8,46,5.3,240,0,0,0
1980-12-09 00:00:00,17.2,47,4.5,240,0,0,0
1980-12-09 01:00:00,16.7,48,3.6,250,0,0,0
1980-12-09 02:00:00,17.2,51,4.3,260,0,0,0
1980-12-09 03:00:00,17.8,53,5.0,260,0,0,0
1980-12-09 04:00:00,18.3,56,5.7,270,0,0,0
1980-12-09 05:00:00,17.9,58,5.2,290,0,0,0
1980-12-09 06:00:00,17.6,61,4.6,300,0,0,0
1980-12-09 07:00:00,17.2,63,4.1,320,0,0,0
1980-12-09 08:00:00,16.3,68,3.8,10,12,0,12
1980-12-09 09:00:00,15.3,73,3.4,50,81,6,80
1980-12-09 10:00:00,14.4,78,3.1,100,68,10,65
1980-12-09 11:00:00,13.1,80,3.4,90,204,2,203
1980-12-09 12:00:00,11.9,81,3.8,90,168,0,168
1980-12-09 13:00:00,10.6,83,4.1,80,105,7,102
1980-12-09 14:00:00,10.2,86,3.9,90,164,1,164
1980-12-09 15:00:00,9.8,90,3.8,100,142,1,141
1980-12-09 16:00:00,9.4,93,3.6,110,42,1,42
1980-12-09 17:00:00,10.0,93,2.9,110,18,0,18
1980-12-09 18:00:00,10.5,93,2.2,110,0,0,0
1980-12-09 19:00:00,11.1,93,1.5,110,0,0,0
1980-12-09 20:00:00,11.5,93,2.5,160,0,0,0
1980-12-09 21:00:00,11.8,93,3.6,220,0,0,0
1980-12-09 22:00:00,12.2,93,4.6,270,0,0,0
1980-12-09 23:00:00,12.0,84,5.6,290,0,0,0
1980-12-10 00:00:00,11.9,75,6.7,300,0,0,0
1980-12-10 01:00:00,11.7,66,7.7,320,0,0,0
1980-12-10 02:00:00,10.8,65,7.4,320,0,0,0
1980-12-10 03:00:00,9.8,64,7.0,330,0,0,0
1980-12-10 04:00:00,8.9,63,6.7,330,0,0,0
1980-12-10 05:00:00,8.3,64,7.0,340,0,0,0
1980-12-10 06:00:00,7.8,64,7.4,340,0,0,0
1980-12-10 07:00:00,7.2,65,7.7,350,0,0,0
1980-12-10 08:00:00,7.2,63,6.2,350,24,0,24
1980-12-10 09:00:00,7.2,60,4.6,350,85,33,78
1980-12-10 10:00:00,7.2,58,3.1,350,121,35,110
1980-12-10 11:00:00,7.2,58,3.3,330,197,101,155
1980-12-10 12:00:00,7.2,58,3.4,320,175,13,170
1980-12-10 13:00:00,7.2,58,3.6,300,183,10,178
1980-12-10 14:00:00,7.2,58,4.3,290,145,5,143
1980-12-10 15:00:00,7.2,58,5.0,280,131,8,129
1980-12-10 16:00:00,7.2,58,5.7,270,68,1,68
1980-12-10 17:00:00,6.1,59,4.8,280,30,25,28
1980-12-10 18:00:00,5.0,59,4.0,280,0,0,0
1980-12-10 19:00:00,3.9,60,3.1,290,0,0,0
1980-12-10 20:00:00,3.7,60,4.0,300,0,0,0
1980-12-10 21:00:00,3.5,60,4.8,300,0,0,0
1980-12-10 22:00:00,3.3,60,5.7,310,0,0,0
1980-12-10 23:00:00,2.9,61,4.5,270,0,0,0
1980-12-11 00:00:00,2.6,61,3.3,240,0,0,0
1980-12-11 01:00:00,2.2,62,2.1,200,0,0,0
1980-12-11 02:00:00,1.5,65,2.8,220,0,0,0
1980-12-11 03:00:00,0.7,69,3.4,250,0,0,0
1980-12-11 04:00:00,0.0,72,4.1,270,0,0,0
1980-12-11 05:00:00,0.9,66,3.9,280,0,0,0
1980-12-11 06:00:00,1.9,61,3.8,280,0,0,0
1980-12-11 07:00:00,2.8,55,3.6,290,0,0,0
1980-12-11 08:00:00,2.8,55,4.6,310,26,2,26
1980-12-11 09:00:00,2.8,55,5.7,320,89,116,67
1980-12-11 10:00:00,2.8,55,6.7,340,207,344,98
1980-12-11 11:00:00,2.8,54,6.0,320,222,127,169
1980-12-11 12:00:00,2.8,53,5.3,310,226,63,197
1980-12-11 13:00:00,2.8,52,4.6,290,172,2,171
1980-12-11 14:00:00,2.6,53,4.1,290,133,6,130
1980-12-11 15:00:00,2.4,54,3.6,280,154,10,151
1980-12-11 16:00:00,2.2,55,3.1,280,65,6,64
1980-12-11 17:00:00,2.0,58,2.9,270,16,2,16
1980-12-11 18:00:00,1.9,61,2.8,250,0,0,0
1980-12-11 19:00:00,1.7,64,2.6,240,0,0,0
1980-12-11 20:00:00,1.7,65,2.4,240,0,0,0
1980-12-11 21:00:00,1.7,66,2.3,240,0,0,0
1980-12-11 22:00:00,1.7,67,2.1,240,0,0,0
1980-12-11 23:00:00,1.1,73,1.4,280,0,0,0
1980-12-12 00:00:00,0.6,79,0.7,320,0,0,0
1980-12-12 01:00:00,0.0,85,0.0,0,0,0,0
1980-12-12 02:00:00,-0.2,86,0.7,330,0,0,0
1980-12-12 03:00:00,-0.4,88,1.4,310,0,0,0
1980-12-12 04:00:00,-0.6,89,2.1,280,0,0,0
1980-12-12 05:00:00,-0.6,88,2.3,270,0,0,0
1980-12-12 06:00:00,-0.6,86,2.4,250,0,0,0
1980-12-12 07:00:00,-0.6,85,2.6,240,0,0,0
1980-12-12 08:00:00,0.5,82,3.1,230,11,0,11
1980-12-12 09:00:00,1.7,79,3.6,230,57,3,56
1980-12-12 10:00:00,2.8,76,4.1,220,113,1,113
1980-12-12 11:00:00,4.5,65,5.0,230,181,138,124
1980-12-12 12:00:00,6.1,55,5.8,230,247,72,214
1980-12-12 13:00:00,7.8,44,6.7,240,374,438,173
1980-12-12 14:00:00,7.6,45,6.2,230,347,563,115
1980-12-12 15:00:00,7.4,46,5.7,220,235,428,98
1980-12-12 16:00:00,7.2,47,5.2,210,96,142,69
1980-12-12 17:00:00,7.0,48,4.8,200,15,23,13
1980-12-12 18:00:00,6.9,50,4.5,190,0,0,0
1980-12-12 19:00:00,6.7,51,4.1,180,0,0,0
1980-12-12 20:00:00,6.9,52,5.0,200,0,0,0
1980-12-12 21:00:00,7.0,53,5.8,210,0,0,0
1980-12-12 22:00:00,7.2,54,6.7,230,0,0,0
1980-12-12 23:00:00,6.8,56,6.0,230,0,0,0
1980-12-13 00:00:00,6.5,58,5.3,230,0,0,0
1980-12-13 01:00:00,6.1,60,4.6,230,0,0,0
1980-12-13 02:00:00,5.4,63,4.1,240,0,0,0
1980-12-13 03:00:00,4.6,67,3.6,260,0,0,0
1980-12-13 04:00:00,3.9,70,3.1,270,0,0,0
1980-12-13 05:00:00,4.1,70,2.9,280,0,0,0
1980-12-13 06:00:00,4.2,70,2.8,280,0,0,0
1980-12-13 07:00:00,4.4,70,2.6,290,0,0,0
1980-12-13 08:00:00,5.5,66,3.1,270,9,1,9
1980-12-13 09:00:00,6.7,62,3.6,250,74,54,64
1980-12-13 10:00:00,7.8,58,4.1,230,157,29,148
1980-12-13 11:00:00,9.3,55,3.9,240,166,41,149
1980-12-13 12:00:00,10.7,52,3.8,250,146,7,143
1980-12-13 13:00:00,12.2,49,3.6,260,153,5,150
1980-12-13 14:00:00,12.4,48,3.9,270,211,10,207
1980-12-13 15:00:00,12.6,46,4.3,280,127,2,126
1980-12-13 16:00:00,12.8,45,4.6,290,81,7,79
1980-12-13 17:00:00,11.3,45,6.0,300,26,26,24
1980-12-13 18:00:00,9.8,44,7.4,310,0,0,0
1980-12-13 19:00:00,8.3,44,8.8,320,0,0,0
1980-12-13 20:00:00,6.6,44,8.4,310,0,0,0
1980-12-13 21:00:00,5.0,44,8.1,310,0,0,0
1980-12-13 22:00:00,3.3,44,7.7,300,0,0,0
1980-12-13 23:00:00,2.2,47,6.7,300,0,0,0
1980-12-14 00:00:00,1.1,49,5.6,310,0,0,0
1980-12-14 01:00:00,0.0,52,4.6,310,0,0,0
1980-12-14 02:00:00,-0.6,54,3.8,300,0,0,0
1980-12-14 03:00:00,-1.1,56,2.9,300,0,0,0
1980-12-14 04:00:00,-1.7,58,2.1,290,0,0,0
1980-12-14 05:00:00,-3.0,63,2.3,260,0,0,0
1980-12-14 06:00:00,-4.3,69,2.4,240,0,0,0
1980-12-14 07:00:00,-5.6,74,2.6,210,0,0,0
1980-12-14 08:00:00,-3.0,68,3.8,210,31,188,13
1980-12-14 09:00:00,-0.4,63,5.0,210,143,630,28
1980-12-14 10:00:00,2.2,57,6.2,210,286,789,39
1980-12-14 11:00:00,4.4,49,7.1,230,374,813,43
1980-12-14 12:00:00,6.7,40,7.9,250,451,903,38
1980-12-14 13:00:00,8.9,32,8.8,270,424,748,81
1980-12-14 14:00:00,8.9,30,8.4,290,379,764,64
1980-12-14 15:00:00,8.9,29,8.1,300,276,676,60
1980-12-14 16:00:00,8.9,27,7.7,320,145,546,41
1980-12-14 17:00:00,6.9,30,6.9,320,33,164,18
1980-12-14 18:00:00,4.8,33,6.0,310,0,0,0
1980-12-14 19:00:00,2.8,36,5.2,310,0,0,0
1980-12-14 20:00:00,1.9,41,4.3,320,0,0,0
1980-12-14 21:00:00,0.9,47,3.5,320,0,0,0
1980-12-14 22:00:00,0.0,52,2.6,330,0,0,0
1980-12-14 23:00:00,-0.7,52,1.7,340,0,0,0
1980-12-15 00:00:00,-1.5,51,0.9,350,0,0,0
1980-12-15 01:00:00,-2.2,51,0.0,0,0,0,0
1980-12-15 02:00:00,-2.6,51,1.0,20,0,0,0
1980-12-15 03:00:00,-2.9,51,2.1,50,0,0,0
1980-12-15 04:00:00,-3.3,51,3.1,70,0,0,0
1980-12-15 05:00:00,-3.7,56,2.8,90,0,0,0
1980-12-15 06:00:00,-4.0,61,2.4,110,0,0,0
1980-12-15 07:00:00,-4.4,66,2.1,130,0,0,0
1980-12-15 08:00:00,-3.5,63,3.3,120,15,10,14
1980-12-15 09:00:00,-2.6,59,4.5,120,46,0,46
1980-12-15 10:00:00,-1.7,56,5.7,110,116,88,89
1980-12-15 11:00:00,-1.3,57,5.0,120,156,9,152
1980-12-15 12:00:00,-1.0,58,4.3,130,175,10,170
1980-12-15 13:00:00,-0.6,59,3.6,140,153,3,151
1980-12-15 14:00:00,-0.8,64,3.4,120,144,1,143
1980-12-15 15:00:00,-0.9,70,3.3,100,124,4,123
1980-12-15 16:00:00,-1.1,75,3.1,80,56,3,55
1980-12-15 17:00:00,-1.1,78,3.4,80,20,0,20
1980-12-15 18:00:00,-1.1,82,3.8,90,0,0,0
1980-12-15 19:00:00,-1.1,85,4.1,90,0,0,0
1980-12-15 20:00:00,-1.1,86,3.6,70,0,0,0
1980-12-15 21:00:00,-1.1,88,3.1,60,0,0,0
1980-12-15 22:00:00,-1.1,89,2.6,40,0,0,0
1980-12-15 23:00:00,-0.7,89,2.8,30,0,0,0
1980-12-16 00:00:00,-0.4,89,2.9,20,0,0,0
1980-12-16 01:00:00,0.0,89,3.1,10,0,0,0
1980-12-16 02:00:00,0.4,90,3.1,10,0,0,0
1980-12-16 03:00:00,0.7,91,3.1,360,0,0,0
1980-12-16 04:00:00,1.1,92,3.1,360,0,0,0
1980-12-16 05:00:00,1.3,91,2.1,360,0,0,0
1980-12-16 06:00:00,1.5,90,1.0,360,0,0,0
1980-12-16 07:00:00,1.7,89,0.0,0,0,0,0
1980-12-16 08:00:00,2.4,90,0.7,10,18,1,17
1980-12-16 09:00:00,3.2,92,1.4,30,84,1,84
1980-12-16 10:00:00,3.9,93,2.1,40,89,1,88
1980-12-16 11:00:00,4.3,92,1.4,30,204,2,204
1980-12-16 12:00:00,4.6,90,0.7,10,232,1,232
1980-12-16 13:00:00,5.0,89,0.0,0,217,1,216
1980-12-16 14:00:00,4.8,86,1.2,360,195,0,195
1980-12-16 15:00:00,4.6,82,2.4,360,150,1,150
1980-12-16 16:00:00,4.4,79,3.6,360,84,1,83
1980-12-16 17:00:00,3.9,78,3.8,360,23,0,23
1980-12-16 18:00:00,3.3,77,3.9,350,0,0,0
1980-12-16 19:00:00,2.8,76,4.1,350,0,0,0
1980-12-16 20:00:00,2.6,74,4.1,350,0,0,0
1980-12-16 21:00:00,2.4,72,4.1,350,0,0,0
1980-12-16 22:00:00,2.2,70,4.1,350,0,0,0
1980-12-16 23:00:00,2.0,67,4.5,350,0,0,0
1980-12-17 00:00:00,1.9,65,4.8,340,0,0,0
1980-12-17 01:00:00,1.7,62,5.2,340,0,0,0
1980-12-17 02:00:00,0.8,62,5.7,340,0,0,0
1980-12-17 03:00:00,-0.2,61,6.2,330,0,0,0
1980-12-17 04:00:00,-1.1,61,6.7,330,0,0,0
1980-12-17 05:00:00,-2.0,61,6.2,330,0,0,0
1980-12-17 06:00:00,-3.0,60,5.7,340,0,0,0
1980-12-17 07:00:00,-3.9,60,5.2,340,0,0,0
1980-12-17 08:00:00,-3.3,58,5.7,340,28,165,13
1980-12-17 09:00:00,-2.8,55,6.2,340,137,612,30
1980-12-17 10:00:00,-2.2,53,6.7,340,284,787,41
1980-12-17 11:00:00,-1.5,49,6.5,340,397,861,49
1980-12-17 12:00:00,-0.7,46,6.4,340,460,895,53
1980-12-17 13:00:00,0.0,42,6.2,340,463,897,53
1980-12-17 14:00:00,0.4,41,5.7,340,408,872,49
1980-12-17 15:00:00,0.7,39,5.1,340,298,800,42
1980-12-17 16:00:00,1.1,38,4.6,340,153,638,31
1980-12-17 17:00:00,0.0,42,3.6,290,35,219,15
1980-12-17 18:00:00,-1.1,47,2.5,230,0,0,0
1980-12-17 19:00:00,-2.2,51,1.5,180,0,0,0
1980-12-17 20:00:00,-3.1,55,1.0,120,0,0,0
1980-12-17 21:00:00,-4.1,59,0.5,60,0,0,0
1980-12-17 22:00:00,-5.0,63,0.0,0,0,0,0
1980-12-17 23:00:00,-5.6,67,0.7,330,0,0,0
1980-12-18 00:00:00,-6.1,70,1.4,290,0,0,0
1980-12-18 01:00:00,-6.7,74,2.1,260,0,0,0
1980-12-18 02:00:00,-6.3,72,2.1,260,0,0,0
1980-12-18 03:00:00,-6.0,70,2.1,260,0,0,0
1980-12-18 04:00:00,-5.6,68,2.1,260,0,0,0
1980-12-18 05:00:00,-5.0,70,2.3,240,0,0,0
1980-12-18 06:00:00,-4.5,73,2.4,230,0,0,0
1980-12-18 07:00:00,-3.9,75,2.6,210,0,0,0
1980-12-18 08:00:00,-2.2,71,3.3,220,23,42,19
1980-12-18 09:00:00,-0.6,66,3.9,240,101,133,78
1980-12-18 10:00:00,1.1,62,4.6,250,168,80,143
1980-12-18 11:00:00,2.2,58,4.6,240,248,134,194
1980-12-18 12:00:00,3.3,55,4.6,240,330,465,119
1980-12-18 13:00:00,4.4,51,4.6,230,407,700,87
1980-12-18 14:00:00,5.5,48,3.9,220,387,807,55
1980-12-18 15:00:00,6.7,45,3.3,220,262,674,45
1980-12-18 16:00:00,7.8,42,2.6,210,155,670,26
1980-12-18 17:00:00,6.7,46,2.2,190,37,157,22
1980-12-18 18:00:00,5.5,49,1.9,180,0,0,0
1980-12-18 19:00:00,4.4,53,1.5,160,0,0,0
1980-12-18 20:00:00,3.9,58,1.0,110,0,0,0
1980-12-18 21:00:00,3.3,62,0.5,50,0,0,0
1980-12-18 22:00:00,2.8,67,0.0,0,0,0,0
1980-12-18 23:00:00,3.0,70,0.0,0,0,0,0
1980-12-19 00:00:00,3.1,73,0.0,0,0,0,0
1980-12-19 01:00:00,3.3,76,0.0,0,0,0,0
1980-12-19 02:00:00,3.7,74,0.7,340,0,0,0
1980-12-19 03:00:00,4.0,72,1.4,330,0,0,0
1980-12-19 04:00:00,4.4,70,2.1,310,0,0,0
1980-12-19 05:00:00,4.4,69,2.4,300,0,0,0
1980-12-19 06:00:00,4.4,69,2.8,290,0,0,0
1980-12-19 07:00:00,4.4,68,3.1,280,0,0,0
1980-12-19 08:00:00,5.5,63,5.0,290,10,1,9
1980-12-19 09:00:00,6.7,57,6.9,300,57,14,55
1980-12-19 10:00:00,7.8,52,8.8,310,93,7,91
1980-12-19 11:00:00,6.9,46,9.3,320,192,62,167
1980-12-19 12:00:00,5.9,41,9.8,320,321,365,155
1980-12-19 13:00:00,5.0,35,10.3,330,316,272,192
1980-12-19 14:00:00,4.3,38,9.1,330,239,156,175
1980-12-19 15:00:00,3.5,41,7.9,320,217,341,107
1980-12-19 16:00:00,2.8,44,6.7,320,120,237,74
1980-12-19 17:00:00,1.3,42,6.7,320,24,53,19
1980-12-19 18:00:00,-0.2,41,6.7,320,0,0,0
1980-12-19 19:00:00,-1.7,39,6.7,320,0,0,0
1980-12-19 20:00:00,-2.6,40,7.2,320,0,0,0
1980-12-19 21:00:00,-3.5,41,7.7,330,0,0,0
1980-12-19 22:00:00,-4.4,42,8.2,330,0,0,0
1980-12-19 23:00:00,-5.0,42,7.5,330,0,0,0
1980-12-20 00:00:00,-5.5,43,6.9,340,0,0,0
1980-12-20 01:00:00,-6.1,43,6.2,340,0,0,0
1980-12-20 02:00:00,-6.7,44,5.5,330,0,0,0
1980-12-20 03:00:00,-7.2,46,4.8,330,0,0,0
1980-12-20 04:00:00,-7.8,47,4.1,320,0,0,0
1980-12-20 05:00:00,-8.3,49,4.6,310,0,0,0
1980-12-20 06:00:00,-8.9,52,5.2,300,0,0,0
1980-12-20 07:00:00,-9.4,54,5.7,290,0,0,0
1980-12-20 08:00:00,-8.5,50,5.9,300,20,99,11
1980-12-20 09:00:00,-7.6,47,6.0,300,127,528,36
1980-12-20 10:00:00,-6.7,43,6.2,310,275,734,50
1980-12-20 11:00:00,-6.3,40,6.7,310,389,819,61
1980-12-20 12:00:00,-6.0,36,7.2,310,418,782,64
1980-12-20 13:00:00,-5.6,33,7.7,310,432,725,101
1980-12-20 14:00:00,-5.2,33,6.9,320,385,764,71
1980-12-20 15:00:00,-4.8,32,6.0,320,294,750,52
1980-12-20 16:00:00,-4.4,32,5.2,330,149,566,39
1980-12-20 17:00:00,-5.2,35,4.7,320,32,161,17
1980-12-20 18:00:00,-5.9,38,4.1,310,0,0,0
1980-12-20 19:00:00,-6.7,41,3.6,300,0,0,0
1980-12-20 20:00:00,-7.8,47,3.3,280,0,0,0
1980-12-20 21:00:00,-8.9,53,2.9,260,0,0,0
1980-12-20 22:00:00,-10.0,59,2.6,240,0,0,0
1980-12-20 23:00:00,-10.2,59,2.8,250,0,0,0
1980-12-21 00:00:00,-10.4,58,2.9,270,0,0,0
1980-12-21 01:00:00,-10.6,58,3.1,280,0,0,0
1980-12-21 02:00:00,-10.8,60,3.1,280,0,0,0
1980-12-21 03:00:00,-10.9,62,3.1,290,0,0,0
1980-12-21 04:00:00,-11.1,64,3.1,290,0,0,0
1980-12-21 05:00:00,-11.3,66,3.1,290,0,0,0
1980-12-21 06:00:00,-11.5,68,3.1,290,0,0,0
1980-12-21 07:00:00,-11.7,70,3.1,290,0,0,0
1980-12-21 08:00:00,-10.0,64,3.8,300,26,111,15
1980-12-21 09:00:00,-8.4,58,4.5,320,113,474,32
1980-12-21 10:00:00,-6.7,52,5.2,330,256,626,66
1980-12-21 11:00:00,-5.6,48,5.4,330,370,782,57
1980-12-21 12:00:00,-4.4,44,5.5,340,393,674,88
1980-12-21 13:00:00,-3.3,40,5.7,340,459,879,58
1980-12-21 14:00:00,-3.1,39,5.2,320,400,838,54
1980-12-21 15:00:00,-3.0,38,4.6,300,299,783,46
1980-12-21 16:00:00,-2.8,37,4.1,280,154,617,34
1980-12-21 17:00:00,-4.3,40,3.8,280,35,203,16
1980-12-21 18:00:00,-5.7,44,3.4,270,0,0,0
1980-12-21 19:00:00,-7.2,47,3.1,270,0,0,0
1980-12-21 20:00:00,-7.8,50,2.9,270,0,0,0
1980-12-21 21:00:00,-8.3,53,2.8,270,0,0,0
1980-12-21 22:00:00,-8.9,56,2.6,270,0,0,0
1980-12-21 23:00:00,-9.5,60,2.4,270,0,0,0
1980-12-22 00:00:00,-10.0,63,2.3,280,0,0,0
1980-12-22 01:00:00,-10.6,67,2.1,280,0,0,0
1980-12-22 02:00:00,-11.0,69,1.9,290,0,0,0
1980-12-22 03:00:00,-11.3,71,1.7,290,0,0,0
1980-12-22 04:00:00,-11.7,73,1.5,300,0,0,0
1980-12-22 05:00:00,-12.1,75,1.7,290,0,0,0
1980-12-22 06:00:00,-12.4,78,1.9,290,0,0,0
1980-12-22 07:00:00,-12.8,80,2.1,280,0,0,0
1980-12-22 08:00:00,-10.4,74,2.3,330,23,98,14
1980-12-22 09:00:00,-8.0,68,2.4,10,76,137,53
1980-12-22 10:00:00,-5.6,62,2.6,60,203,362,93
1980-12-22 11:00:00,-4.3,56,3.1,90,250,345,112
1980-12-22 12:00:00,-3.0,51,3.6,130,303,294,170
1980-12-22 13:00:00,-1.7,45,4.1,160,253,145,186
1980-12-22 14:00:00,-1.9,46,3.8,150,262,160,196
1980-12-22 15:00:00,-2.0,46,3.4,140,168,85,140
1980-12-22 16:00:00,-2.2,47,3.1,130,85,39,78
1980-12-22 17:00:00,-2.8,49,2.8,130,10,6,9
1980-12-22 18:00:00,-3.3,51,2.4,120,0,0,0
1980-12-22 19:00:00,-3.9,53,2.1,120,0,0,0
1980-12-22 20:00:00,-4.3,56,1.4,80,0,0,0
1980-12-22 21:00:00,-4.6,60,0.7,40,0,0,0
1980-12-22 22:00:00,-5.0,63,0.0,0,0,0,0
1980-12-22 23:00:00,-4.4,66,0.5,360,0,0,0
1980-12-23 00:00:00,-3.9,69,1.0,360,0,0,0
1980-12-23 01:00:00,-3.3,72,1.5,360,0,0,0
1980-12-23 02:00:00,-2.9,74,1.5,50,0,0,0
1980-12-23 03:00:00,-2.6,76,1.5,90,0,0,0
1980-12-23 04:00:00,-2.2,78,1.5,140,0,0,0
1980-12-23 05:00:00,-1.8,82,1.7,120,0,0,0
1980-12-23 06:00:00,-1.5,85,1.9,90,0,0,0
1980-12-23 07:00:00,-1.1,89,2.1,70,0,0,0
1980-12-23 08:00:00,-0.9,90,1.9,60,10,1,10
1980-12-23 09:00:00,-0.8,91,1.7,60,52,0,52
1980-12-23 10:00:00,-0.6,92,1.5,50,117,8,114
1980-12-23 11:00:00,0.2,88,1.9,10,189,76,159
1980-12-23 12:00:00,0.9,83,2.2,330,269,288,139
1980-12-23 13:00:00,1.7,79,2.6,290,341,432,143
1980-12-23 14:00:00,2.1,79,2.2,300,270,404,103
1980-12-23 15:00:00,2.4,79,1.9,310,279,685,56
1980-12-23 16:00:00,2.8,79,1.5,320,159,670,26
1980-12-23 17:00:00,1.7,82,2.0,300,40,282,14
1980-12-23 18:00:00,0.5,86,2.6,280,0,0,0
1980-12-23 19:00:00,-0.6,89,3.1,260,0,0,0
1980-12-23 20:00:00,-1.0,90,2.9,240,0,0,0
1980-12-23 21:00:00,-1.3,91,2.8,210,0,0,0
1980-12-23 22:00:00,-1.7,92,2.6,190,0,0,0
1980-12-23 23:00:00,-1.9,92,2.4,210,0,0,0
1980-12-24 00:00:00,-2.0,92,2.3,230,0,0,0
1980-12-24 01:00:00,-2.2,92,2.1,250,0,0,0
1980-12-24 02:00:00,-2.4,92,2.1,240,0,0,0
1980-12-24 03:00:00,-2.6,92,2.1,240,0,0,0
1980-12-24 04:00:00,-2.8,92,2.1,230,0,0,0
1980-12-24 05:00:00,-2.6,92,1.9,220,0,0,0
1980-12-24 06:00:00,-2.4,92,1.7,200,0,0,0
1980-12-24 07:00:00,-2.2,92,1.5,190,0,0,0
1980-12-24 08:00:00,-1.5,92,1.7,180,13,0,13
1980-12-24 09:00:00,-0.7,92,1.9,180,59,35,53
1980-12-24 10:00:00,0.0,92,2.1,170,150,20,144
1980-12-24 11:00:00,-0.2,93,1.4,110,141,7,138
1980-12-24 12:00:00,-0.4,95,0.7,60,225,4,223
1980-12-24 13:00:00,-0.6,96,0.0,0,115,9,111
1980-12-24 14:00:00,-0.2,94,1.0,320,188,7,185
1980-12-24 15:00:00,0.2,91,2.1,280,156,5,154
1980-12-24 16:00:00,0.6,89,3.1,240,86,2,86
1980-12-24 17:00:00,0.6,89,3.4,250,23,0,23
1980-12-24 18:00:00,0.6,89,3.8,270,0,0,0
1980-12-24 19:00:00,0.6,89,4.1,280,0,0,0
1980-12-24 20:00:00,0.8,79,6.2,290,0,0,0
1980-12-24 21:00:00,0.9,69,8.2,300,0,0,0
1980-12-24 22:00:00,1.1,59,10.3,310,0,0,0
1980-12-24 23:00:00,-1.1,54,10.6,310,0,0,0
1980-12-25 00:00:00,-3.4,49,11.0,320,0,0,0
1980-12-25 01:00:00,-5.6,44,11.3,320,0,0,0
1980-12-25 02:00:00,-7.1,43,10.6,320,0,0,0
1980-12-25 03:00:00,-8.5,41,10.0,330,0,0,0
1980-12-25 04:00:00,-10.0,40,9.3,330,0,0,0
1980-12-25 05:00:00,-10.7,41,8.9,330,0,0,0
1980-12-25 06:00:00,-11.5,42,8.6,330,0,0,0
1980-12-25 07:00:00,-12.2,43,8.2,330,0,0,0
1980-12-25 08:00:00,-11.7,41,8.2,330,18,57,12
1980-12-25 09:00:00,-11.1,40,8.2,340,115,442,41
1980-12-25 10:00:00,-10.6,38,8.2,340,259,661,59
1980-12-25 11:00:00,-10.0,38,8.9,340,375,758,72
1980-12-25 12:00:00,-9.5,39,9.6,340,445,807,79
1980-12-25 13:00:00,-8.9,39,10.3,340,451,810,80
1980-12-25 14:00:00,-8.5,38,8.9,330,397,778,74
1980-12-25 15:00:00,-8.2,36,7.6,310,290,693,63
1980-12-25 16:00:00,-7.8,35,6.2,300,149,510,46
1980-12-25 17:00:00,-8.9,43,4.8,280,31,125,20
1980-12-25 18:00:00,-10.0,50,3.5,270,0,0,0
1980-12-25 19:00:00,-11.1,58,2.1,250,0,0,0
1980-12-25 20:00:00,-11.5,60,2.3,250,0,0,0
1980-12-25 21:00:00,-11.8,62,2.4,260,0,0,0
1980-12-25 22:00:00,-12.2,64,2.6,260,0,0,0
1980-12-25 23:00:00,-12.6,67,2.6,260,0,0,0
1980-12-26 00:00:00,-12.9,70,2.6,270,0,0,0
1980-12-26 01:00:00,-13.3,73,2.6,270,0,0,0
1980-12-26 02:00:00,-13.3,74,2.2,310,0,0,0
1980-12-26 03:00:00,-13.3,75,1.9,360,0,0,0
1980-12-26 04:00:00,-13.3,76,1.5,40,0,0,0
1980-12-26 05:00:00,-13.7,76,1.9,350,0,0,0
1980-12-26 06:00:00,-14.0,76,2.2,290,0,0,0
1980-12-26 07:00:00,-14.4,76,2.6,240,0,0,0
1980-12-26 08:00:00,-12.6,74,2.8,230,20,48,15
1980-12-26 09:00:00,-10.7,73,2.9,220,59,68,48
1980-12-26 10:00:00,-8.9,71,3.1,210,171,172,119
1980-12-26 11:00:00,-7.6,63,3.8,200,300,443,123
1980-12-26 12:00:00,-6.3,56,4.5,200,401,604,128
1980-12-26 13:00:00,-5.0,48,5.2,190,242,100,196
1980-12-26 14:00:00,-4.4,45,4.5,200,308,399,142
1980-12-26 15:00:00,-3.9,42,3.8,220,224,291,128
1980-12-26 16:00:00,-3.3,39,3.1,230,91,100,71
1980-12-26 17:00:00,-4.2,44,3.1,200,27,22,25
1980-12-26 18:00:00,-5.2,50,3.1,180,0,0,0
1980-12-26 19:00:00,-6.1,55,3.1,150,0,0,0
1980-12-26 20:00:00,-5.9,58,2.1,100,0,0,0
1980-12-26 21:00:00,-5.8,62,1.0,50,0,0,0
1980-12-26 22:00:00,-5.6,65,0.0,0,0,0,0
1980-12-26 23:00:00,-6.5,68,1.0,330,0,0,0
1980-12-27 00:00:00,-7.4,71,2.1,310,0,0,0
1980-12-27 01:00:00,-8.3,74,3.1,280,0,0,0
1980-12-27 02:00:00,-8.5,76,2.6,310,0,0,0
1980-12-27 03:00:00,-8.7,79,2.0,340,0,0,0
1980-12-27 04:00:00,-8.9,81,1.5,10,0,0,0
1980-12-27 05:00:00,-8.0,80,1.9,20,0,0,0
1980-12-27 06:00:00,-7.0,79,2.2,30,0,0,0
1980-12-27 07:00:00,-6.1,78,2.6,40,0,0,0
1980-12-27 08:00:00,-5.5,73,3.3,40,12,2,12
1980-12-27 09:00:00,-5.0,68,3.9,40,86,123,66
1980-12-27 10:00:00,-4.4,63,4.6,40,156,175,103
1980-12-27 11:00:00,-3.5,58,4.3,50,230,262,126
1980-12-27 12:00:00,-2.6,52,3.9,50,276,105,228
1980-12-27 13:00:00,-1.7,47,3.6,60,216,119,162
1980-12-27 14:00:00,-1.3,47,3.8,60,139,62,113
1980-12-27 15:00:00,-1.0,47,3.9,50,145,65,123
1980-12-27 16:00:00,-0.6,47,4.1,50,79,9,78
1980-12-27 17:00:00,-0.8,48,4.1,50,19,3,19
1980-12-27 18:00:00,-0.9,48,4.1,60,0,0,0
1980-12-27 19:00:00,-1.1,49,4.1,60,0,0,0
1980-12-27 20:00:00,-0.9,47,4.1,60,0,0,0
1980-12-27 21:00:00,-0.8,45,4.1,50,0,0,0
1980-12-27 22:00:00,-0.6,43,4.1,50,0,0,0
1980-12-27 23:00:00,-0.4,46,4.5,50,0,0,0
1980-12-28 00:00:00,-0.2,49,4.8,40,0,0,0
1980-12-28 01:00:00,0.0,52,5.2,40,0,0,0
1980-12-28 02:00:00,0.0,56,5.5,40,0,0,0
1980-12-28 03:00:00,0.0,60,5.9,30,0,0,0
1980-12-28 04:00:00,0.0,64,6.2,30,0,0,0
1980-12-28 05:00:00,0.0,69,5.3,30,0,0,0
1980-12-28 06:00:00,0.0,74,4.5,40,0,0,0
1980-12-28 07:00:00,0.0,79,3.6,40,0,0,0
1980-12-28 08:00:00,0.4,81,4.1,40,12,0,12
1980-12-28 09:00:00,0.7,83,4.7,50,55,6,54
1980-12-28 10:00:00,1.1,85,5.2,50,124,5,122
1980-12-28 11:00:00,2.0,83,4.5,40,159,1,159
1980-12-28 12:00:00,3.0,81,3.8,30,201,6,198
1980-12-28 13:00:00,3.9,79,3.1,20,196,5,194
1980-12-28 14:00:00,3.9,81,3.8,20,188,1,188
1980-12-28 15:00:00,3.9,84,4.5,20,167,1,167
1980-12-28 16:00:00,3.9,86,5.2,20,92,0,91
1980-12-28 17:00:00,3.7,87,4.5,30,27,0,27
1980-12-28 18:00:00,3.5,88,3.8,30,0,0,0
1980-12-28 19:00:00,3.3,89,3.1,40,0,0,0
1980-12-28 20:00:00,3.5,89,3.3,30,0,0,0
1980-12-28 21:00:00,3.7,89,3.4,10,0,0,0
1980-12-28 22:00:00,3.9,89,3.6,360,0,0,0
1980-12-28 23:00:00,3.7,91,3.4,360,0,0,0
1980-12-29 00:00:00,3.5,94,3.3,360,0,0,0
1980-12-29 01:00:00,3.3,96,3.1,360,0,0,0
1980-12-29 02:00:00,3.3,95,3.3,10,0,0,0
1980-12-29 03:00:00,3.3,94,3.4,10,0,0,0
1980-12-29 04:00:00,3.3,93,3.6,20,0,0,0
1980-12-29 05:00:00,3.5,93,3.8,10,0,0,0
1980-12-29 06:00:00,3.7,93,3.9,10,0,0,0
1980-12-29 07:00:00,3.9,93,4.1,360,0,0,0
1980-12-29 08:00:00,4.5,91,4.1,360,15,0,15
1980-12-29 09:00:00,5.0,88,4.1,10,70,1,70
1980-12-29 10:00:00,5.6,86,4.1,10,138,1,138
1980-12-29 11:00:00,7.4,76,4.6,10,191,142,135
1980-12-29 12:00:00,9.3,67,5.2,360,248,226,146
1980-12-29 13:00:00,11.1,57,5.7,360,337,368,167
1980-12-29 14:00:00,10.9,57,5.9,360,321,422,144
1980-12-29 15:00:00,10.8,57,6.0,10,158,100,124
1980-12-29 16:00:00,10.6,57,6.2,10,62,9,60
1980-12-29 17:00:00,9.3,63,5.3,360,27,2,26
1980-12-29 18:00:00,8.0,68,4.5,350,0,0,0
1980-12-29 19:00:00,6.7,74,3.6,340,0,0,0
1980-12-29 20:00:00,6.5,73,3.6,340,0,0,0
1980-12-29 21:00:00,6.3,72,3.6,340,0,0,0
1980-12-29 22:00:00,6.1,71,3.6,340,0,0,0
1980-12-29 23:00:00,6.3,69,4.1,340,0,0,0
1980-12-30 00:00:00,6.5,67,4.7,340,0,0,0
1980-12-30 01:00:00,6.7,65,5.2,340,0,0,0
1980-12-30 02:00:00,6.5,68,5.5,340,0,0,0
1980-12-30 03:00:00,6.3,70,5.9,330,0,0,0
1980-12-30 04:00:00,6.1,73,6.2,330,0,0,0
1980-12-30 05:00:00,5.5,74,6.2,330,0,0,0
1980-12-30 06:00:00,5.0,75,6.2,330,0,0,0
1980-12-30 07:00:00,4.4,76,6.2,330,0,0,0
1980-12-30 08:00:00,4.6,72,6.2,340,11,8,10
1980-12-30 09:00:00,4.8,69,6.2,350,107,273,62
1980-12-30 10:00:00,5.0,65,6.2,360,161,123,124
1980-12-30 11:00:00,5.7,59,6.4,360,266,370,118
1980-12-30 12:00:00,6.5,53,6.5,360,416,728,85
1980-12-30 13:00:00,7.2,47,6.7,360,464,886,54
1980-12-30 14:00:00,7.0,46,6.5,350,413,861,51
1980-12-30 15:00:00,6.9,46,6.4,330,310,796,43
1980-12-30 16:00:00,6.7,45,6.2,320,170,657,33
1980-12-30 17:00:00,5.4,49,5.2,330,40,268,17
1980-12-30 18:00:00,4.1,53,4.1,340,0,0,0
1980-12-30 19:00:00,2.8,57,3.1,350,0,0,0
1980-12-30 20:00:00,1.9,58,2.9,360,0,0,0
1980-12-30 21:00:00,0.9,60,2.8,360,0,0,0
1980-12-30 22:00:00,0.0,61,2.6,10,0,0,0
1980-12-30 23:00:00,-0.7,59,3.3,10,0,0,0
1980-12-31 00:00:00,-1.5,58,3.9,20,0,0,0
1980-12-31 01:00:00,-2.2,56,4.6,20,0,0,0
1980-12-31 02:00:00,-3.1,53,4.1,30,0,0,0
1980-12-31 03:00:00,-4.1,51,3.6,40,0,0,0
1980-12-31 04:00:00,-5.0,48,3.1,50,0,0,0
1980-12-31 05:00:00,-5.2,49,2.9,50,0,0,0
1980-12-31 06:00:00,-5.4,51,2.8,50,0,0,0
1980-12-31 07:00:00,-5.6,52,2.6,50,0,0,0
1980-12-31 08:00:00,-5.0,48,2.6,50,14,15,12
1980-12-31 09:00:00,-4.5,44,2.6,40,82,92,66
1980-12-31 10:00:00,-3.9,40,2.6,40,153,146,109
1980-12-31 11:00:00,-3.2,39,2.8,40,223,110,179
1980-12-31 12:00:00,-2.4,37,2.9,50,295,206,201
1980-12-31 13:00:00,-1.7,36,3.1,50,361,365,192
1980-12-31 14:00:00,-1.9,38,3.1,70,228,96,188
1980-12-31 15:00:00,-2.0,39,3.1,90,179,141,131
1980-12-31 16:00:00,-2.2,41,3.1,110,38,1,38
1980-12-31 17:00:00,-2.2,40,2.6,110,11,1,11
1980-12-31 18:00:00,-2.2,40,2.0,100,0,0,0
1980-12-31 19:00:00,-2.2,39,1.5,100,0,0,0
1980-12-31 20:00:00,-2.6,48,1.7,120,0,0,0
1980-12-31 21:00:00,-2.9,57,1.9,130,0,0,0
1980-12-31 22:00:00,-3.3,66,2.1,150,0,0,0
1980-12-31 23:00:00,-3.7,75,1.4,100,0,0,0
1981-01-01 00:00:00,-4.0,83,0.7,50,0,0,0
