date_time,Dry Bulb Temperature [°C],Relative Humidity [%],Wind Speed [m/s],Wind Direction [Deg],Global Horizontal Radiation [W/m2],Direct Normal Radiation [W/m2],Diffuse Horizontal Radiation [W/m2]
2005-01-01 01:00:00,8.0,81,4.1,270,0,0,0
2005-01-01 02:00:00,8.0,81,4.1,250,0,0,0
2005-01-01 03:00:00,7.0,87,4.1,250,0,0,0
2005-01-01 04:00:00,7.0,87,4.1,270,0,0,0
2005-01-01 05:00:00,6.0,87,4.1,260,0,0,0
2005-01-01 06:00:00,6.0,93,5.1,260,0,0,0
2005-01-01 07:00:00,6.0,87,5.1,260,0,0,0
2005-01-01 08:00:00,7.0,87,4.1,270,4,144,1
2005-01-01 09:00:00,9.0,81,3.6,260,151,569,50
2005-01-01 10:00:00,11.0,76,4.1,250,292,722,68
2005-01-01 11:00:00,15.0,63,3.6,280,405,807,77
2005-01-01 12:00:00,18.0,52,7.7,290,468,845,79
2005-01-01 13:00:00,19.0,46,7.7,290,469,844,77
2005-01-01 14:00:00,19.0,43,5.7,300,412,818,67
2005-01-01 15:00:00,19.0,46,5.7,300,308,751,58
2005-01-01 16:00:00,17.0,48,4.6,310,165,598,43
2005-01-01 17:00:00,15.0,55,2.6,310,22,247,10
2005-01-01 18:00:00,12.0,67,1.0,260,0,0,0
2005-01-01 19:00:00,10.0,71,1.5,170,0,0,0
2005-01-01 20:00:00,7.0,81,3.6,360,0,0,0
2005-01-01 21:00:00,8.0,81,5.7,30,0,0,0
2005-01-01 22:00:00,9.0,71,4.1,30,0,0,0
2005-01-01 23:00:00,7.0,66,3.6,60,0,0,0
2005-01-02 00:00:00,5.0,70,4.1,40,0,0,0
2005-01-02 01:00:00,4.0,69,3.6,40,0,0,0
2005-01-02 02:00:00,3.0,68,3.6,40,0,0,0
2005-01-02 03:00:00,4.0,69,3.6,50,0,0,0
2005-01-02 04:00:00,3.0,74,5.1,50,0,0,0
2005-01-02 05:00:00,2.0,80,3.1,40,0,0,0
2005-01-02 06:00:00,2.0,87,3.6,40,0,0,0
2005-01-02 07:00:00,2.0,87,4.1,40,0,0,0
2005-01-02 08:00:00,1.0,86,3.1,20,3,84,2
2005-01-02 09:00:00,3.0,87,4.1,40,124,333,65
2005-01-02 10:00:00,5.0,81,4.6,60,292,596,107
2005-01-02 11:00:00,6.0,81,3.1,90,367,416,197
2005-01-02 12:00:00,6.0,81,3.1,90,92,0,92
2005-01-02 13:00:00,7.0,76,3.1,90,107,0,107
2005-01-02 14:00:00,7.0,81,3.6,100,69,0,69
2005-01-02 15:00:00,8.0,76,4.1,120,49,0,49
2005-01-02 16:00:00,8.0,81,4.1,120,128,177,91
2005-01-02 17:00:00,6.9,85,2.8,120,22,137,15
2005-01-02 18:00:00,6.0,87,1.5,110,0,0,0
2005-01-02 19:00:00,6.0,87,1.5,130,0,0,0
2005-01-02 20:00:00,6.0,93,1.5,160,0,0,0
2005-01-02 21:00:00,6.0,93,1.5,80,0,0,0
2005-01-02 22:00:00,5.0,100,1.0,140,0,0,0
2005-01-02 23:00:00,6.0,93,1.0,180,0,0,0
2005-01-03 00:00:00,4.0,93,0.0,0,0,0,0
2005-01-03 01:00:00,3.0,93,0.0,0,0,0,0
2005-01-03 02:00:00,3.0,93,1.5,170,0,0,0
2005-01-03 03:00:00,5.0,100,1.5,190,0,0,0
2005-01-03 04:00:00,5.0,100,1.5,200,0,0,0
2005-01-03 05:00:00,5.0,100,1.5,240,0,0,0
2005-01-03 06:00:00,6.0,100,2.6,210,0,0,0
2005-01-03 07:00:00,6.0,100,1.5,230,0,0,0
2005-01-03 08:00:00,7.0,100,1.5,190,3,59,2
2005-01-03 09:00:00,8.0,100,2.6,120,133,236,91
2005-01-03 10:00:00,10.0,93,2.6,210,202,182,145
2005-01-03 11:00:00,13.0,77,2.6,210,283,214,196
2005-01-03 12:00:00,14.0,72,3.1,200,400,483,177
2005-01-03 13:00:00,16.0,68,3.1,230,428,593,151
2005-01-03 14:00:00,16.0,68,2.1,200,355,439,169
2005-01-03 15:00:00,14.0,72,3.6,90,189,122,148
2005-01-03 16:00:00,10.0,87,1.5,100,81,33,74
2005-01-03 17:00:00,9.0,93,1.5,130,23,127,16
2005-01-03 18:00:00,10.0,93,1.0,170,0,0,0
2005-01-03 19:00:00,10.0,87,1.5,160,0,0,0
2005-01-03 20:00:00,14.0,82,4.1,190,0,0,0
2005-01-03 21:00:00,15.0,77,5.7,210,0,0,0
2005-01-03 22:00:00,15.0,77,5.7,200,0,0,0
2005-01-03 23:00:00,15.0,77,6.2,240,0,0,0
2005-01-04 00:00:00,15.0,77,6.7,240,0,0,0
2005-01-04 01:00:00,15.0,77,7.7,250,0,0,0
2005-01-04 02:00:00,15.0,82,6.7,260,0,0,0
2005-01-04 03:00:00,15.0,82,6.7,250,0,0,0
2005-01-04 04:00:00,15.0,82,6.7,260,0,0,0
2005-01-04 05:00:00,15.0,82,4.1,270,0,0,0
2005-01-04 06:00:00,14.0,88,4.1,260,0,0,0
2005-01-04 07:00:00,14.0,82,4.1,250,0,0,0
2005-01-04 08:00:00,14.0,82,4.6,260,2,0,2
2005-01-04 09:00:00,15.0,82,4.6,270,71,0,71
2005-01-04 10:00:00,15.0,82,4.6,280,181,119,144
2005-01-04 11:00:00,15.0,82,6.2,20,212,67,185
2005-01-04 12:00:00,15.0,82,4.1,10,456,604,176
2005-01-04 13:00:00,14.0,82,4.1,10,339,245,224
2005-01-04 14:00:00,14.0,77,5.7,340,149,6,146
2005-01-04 15:00:00,11.0,87,5.1,360,238,262,149
2005-01-04 16:00:00,10.0,93,5.1,350,138,322,70
2005-01-04 17:00:00,10.0,87,4.1,10,19,104,13
2005-01-04 18:00:00,9.0,87,3.6,30,0,0,0
2005-01-04 19:00:00,9.0,87,3.1,50,0,0,0
2005-01-04 20:00:00,8.0,93,2.6,90,0,0,0
2005-01-04 21:00:00,8.0,93,2.1,130,0,0,0
2005-01-04 22:00:00,8.0,93,1.0,170,0,0,0
2005-01-04 23:00:00,7.0,100,1.0,200,0,0,0
2005-01-05 00:00:00,7.0,93,1.5,170,0,0,0
2005-01-05 01:00:00,7.0,93,1.5,170,0,0,0
2005-01-05 02:00:00,7.0,93,2.1,100,0,0,0
2005-01-05 03:00:00,6.0,100,1.5,100,0,0,0
2005-01-05 04:00:00,7.0,93,1.0,100,0,0,0
2005-01-05 05:00:00,7.0,100,2.1,80,0,0,0
2005-01-05 06:00:00,7.0,100,2.1,90,0,0,0
2005-01-05 07:00:00,7.0,100,3.6,60,0,0,0
2005-01-05 08:00:00,7.0,93,1.0,50,1,0,1
2005-01-05 09:00:00,7.0,100,2.6,20,27,0,27
2005-01-05 10:00:00,7.0,100,3.6,40,49,0,49
2005-01-05 11:00:00,7.0,100,3.6,30,64,0,64
2005-01-05 12:00:00,7.0,100,3.6,30,74,0,74
2005-01-05 13:00:00,7.0,100,5.1,20,77,0,77
2005-01-05 14:00:00,6.0,100,6.2,30,75,0,75
2005-01-05 15:00:00,5.0,100,5.1,20,49,0,49
2005-01-05 16:00:00,4.0,100,4.6,40,81,56,69
2005-01-05 17:00:00,4.0,100,4.1,40,27,138,19
2005-01-05 18:00:00,4.0,100,4.6,60,0,0,0
2005-01-05 19:00:00,4.0,93,5.7,60,0,0,0
2005-01-05 20:00:00,4.0,93,4.6,60,0,0,0
2005-01-05 21:00:00,4.0,100,4.1,70,0,0,0
2005-01-05 22:00:00,4.0,100,4.6,60,0,0,0
2005-01-05 23:00:00,4.0,100,4.6,60,0,0,0
2005-01-06 00:00:00,4.0,100,3.6,70,0,0,0
2005-01-06 01:00:00,4.0,100,2.1,20,0,0,0
2005-01-06 02:00:00,4.0,100,2.1,20,0,0,0
2005-01-06 03:00:00,4.0,100,3.6,10,0,0,0
2005-01-06 04:00:00,4.0,100,3.6,10,0,0,0
2005-01-06 05:00:00,4.0,100,2.1,20,0,0,0
2005-01-06 06:00:00,5.0,100,3.1,10,0,0,0
2005-01-06 07:00:00,5.0,100,1.5,360,0,0,0
2005-01-06 08:00:00,5.0,100,1.0,350,2,24,2
2005-01-06 09:00:00,7.0,100,1.5,100,89,97,71
2005-01-06 10:00:00,7.0,100,2.1,110,49,0,49
2005-01-06 11:00:00,8.0,100,1.5,140,77,0,77
2005-01-06 12:00:00,9.0,93,1.5,190,80,0,80
2005-01-06 13:00:00,10.0,100,2.1,190,77,0,77
2005-01-06 14:00:00,10.0,93,2.1,220,69,0,69
2005-01-06 15:00:00,11.0,94,3.1,260,54,0,54
2005-01-06 16:00:00,11.0,94,1.5,290,77,11,74
2005-01-06 17:00:00,10.0,100,2.1,120,25,102,19
2005-01-06 18:00:00,9.0,100,4.6,360,0,0,0
2005-01-06 19:00:00,8.0,100,2.1,330,0,0,0
2005-01-06 20:00:00,8.0,100,1.0,320,0,0,0
2005-01-06 21:00:00,8.0,100,2.1,310,0,0,0
2005-01-06 22:00:00,8.0,100,2.1,310,0,0,0
2005-01-06 23:00:00,8.0,100,2.1,300,0,0,0
2005-01-07 00:00:00,6.0,100,2.1,310,0,0,0
2005-01-07 01:00:00,6.0,93,2.1,310,0,0,0
2005-01-07 02:00:00,5.0,100,2.6,320,0,0,0
2005-01-07 03:00:00,5.0,100,3.6,300,0,0,0
2005-01-07 04:00:00,5.0,93,3.6,300,0,0,0
2005-01-07 05:00:00,5.0,87,4.1,290,0,0,0
2005-01-07 06:00:00,4.0,87,4.1,300,0,0,0
2005-01-07 07:00:00,4.0,75,3.1,310,0,0,0
2005-01-07 08:00:00,4.0,75,3.6,350,2,9,2
2005-01-07 09:00:00,5.0,70,4.6,360,80,35,74
2005-01-07 10:00:00,6.0,65,6.2,20,299,540,130
2005-01-07 11:00:00,6.7,63,6.5,360,412,807,78
2005-01-07 12:00:00,7.0,61,6.7,340,474,839,81
2005-01-07 13:00:00,7.0,56,5.1,330,464,761,103
2005-01-07 14:00:00,7.0,52,5.1,340,430,819,75
2005-01-07 15:00:00,6.0,55,4.1,360,320,700,78
2005-01-07 16:00:00,5.0,59,4.1,10,149,329,77
2005-01-07 17:00:00,5.0,59,2.1,20,23,133,15
2005-01-07 18:00:00,4.0,64,3.6,30,0,0,0
2005-01-07 19:00:00,4.0,69,1.5,360,0,0,0
2005-01-07 20:00:00,4.0,69,1.0,360,0,0,0
2005-01-07 21:00:00,4.0,69,1.5,50,0,0,0
2005-01-07 22:00:00,4.0,75,1.5,20,0,0,0
2005-01-07 23:00:00,5.0,75,2.1,90,0,0,0
2005-01-08 00:00:00,4.0,75,1.5,120,0,0,0
2005-01-08 01:00:00,5.0,75,2.1,100,0,0,0
2005-01-08 02:00:00,4.0,81,2.6,100,0,0,0
2005-01-08 03:00:00,5.0,81,2.6,110,0,0,0
2005-01-08 04:00:00,5.0,81,2.6,90,0,0,0
2005-01-08 05:00:00,5.0,87,2.6,110,0,0,0
2005-01-08 06:00:00,5.0,93,4.6,110,0,0,0
2005-01-08 07:00:00,5.0,93,5.7,120,0,0,0
2005-01-08 08:00:00,5.0,100,2.6,150,2,7,2
2005-01-08 09:00:00,6.0,100,6.2,170,80,28,75
2005-01-08 10:00:00,7.0,100,3.1,180,49,0,49
2005-01-08 11:00:00,8.0,93,1.5,150,64,0,64
2005-01-08 12:00:00,8.0,93,5.1,320,74,0,74
2005-01-08 13:00:00,8.0,93,4.1,320,77,0,77
2005-01-08 14:00:00,8.0,100,5.1,260,69,0,69
2005-01-08 15:00:00,8.0,93,6.7,330,82,0,82
2005-01-08 16:00:00,8.0,87,7.2,270,183,447,84
2005-01-08 17:00:00,8.0,87,4.1,260,32,273,14
2005-01-08 18:00:00,8.0,87,5.1,270,0,0,0
2005-01-08 19:00:00,8.0,71,7.7,300,0,0,0
2005-01-08 20:00:00,7.0,66,8.2,310,0,0,0
2005-01-08 21:00:00,6.0,70,6.7,310,0,0,0
2005-01-08 22:00:00,5.0,75,7.2,320,0,0,0
2005-01-08 23:00:00,5.0,70,8.2,320,0,0,0
2005-01-09 00:00:00,4.0,69,6.2,330,0,0,0
2005-01-09 01:00:00,4.0,75,4.1,330,0,0,0
2005-01-09 02:00:00,4.0,75,5.1,340,0,0,0
2005-01-09 03:00:00,2.0,80,2.6,320,0,0,0
2005-01-09 04:00:00,2.4,80,2.9,320,0,0,0
2005-01-09 05:00:00,3.0,81,3.1,310,0,0,0
2005-01-09 06:00:00,2.0,87,2.1,20,0,0,0
2005-01-09 07:00:00,2.0,87,2.1,10,0,0,0
2005-01-09 08:00:00,2.0,87,1.5,20,2,0,2
2005-01-09 09:00:00,4.0,75,3.6,50,71,0,71
2005-01-09 10:00:00,4.0,69,1.5,30,97,0,97
2005-01-09 11:00:00,4.0,75,3.6,70,148,0,148
2005-01-09 12:00:00,4.0,75,2.1,70,117,0,117
2005-01-09 13:00:00,4.0,69,2.1,110,95,0,95
2005-01-09 14:00:00,4.0,75,2.6,120,80,0,80
2005-01-09 15:00:00,4.0,75,2.6,120,76,0,76
2005-01-09 16:00:00,4.0,75,2.1,120,184,403,93
2005-01-09 17:00:00,4.0,81,2.1,120,33,259,15
2005-01-09 18:00:00,3.0,87,2.6,150,0,0,0
2005-01-09 19:00:00,3.0,87,2.6,150,0,0,0
2005-01-09 20:00:00,3.0,87,2.1,170,0,0,0
2005-01-09 21:00:00,3.0,87,1.5,160,0,0,0
2005-01-09 22:00:00,3.0,87,2.1,140,0,0,0
2005-01-09 23:00:00,3.0,93,2.1,150,0,0,0
2005-01-10 00:00:00,3.0,93,2.6,160,0,0,0
2005-01-10 01:00:00,2.0,87,2.6,160,0,0,0
2005-01-10 02:00:00,1.0,93,3.1,170,0,0,0
2005-01-10 03:00:00,1.0,93,3.1,180,0,0,0
2005-01-10 04:00:00,1.0,93,2.6,190,0,0,0
2005-01-10 05:00:00,1.0,93,2.1,190,0,0,0
2005-01-10 06:00:00,1.0,93,4.1,200,0,0,0
2005-01-10 07:00:00,2.0,93,3.6,220,0,0,0
2005-01-10 08:00:00,2.0,100,3.1,220,4,139,1
2005-01-10 09:00:00,4.0,93,5.1,240,150,540,53
2005-01-10 10:00:00,5.0,100,4.6,260,292,690,73
2005-01-10 11:00:00,7.0,87,3.6,290,412,782,85
2005-01-10 12:00:00,8.0,81,3.1,320,475,815,88
2005-01-10 13:00:00,9.0,71,3.6,330,483,815,90
2005-01-10 14:00:00,9.0,66,4.1,290,431,807,74
2005-01-10 15:00:00,10.0,62,5.1,290,327,742,64
2005-01-10 16:00:00,10.0,62,3.1,270,185,605,47
2005-01-10 17:00:00,8.0,71,2.6,280,34,244,16
2005-01-10 18:00:00,8.0,71,2.6,290,0,0,0
2005-01-10 19:00:00,7.0,76,1.0,240,0,0,0
2005-01-10 20:00:00,6.0,75,1.0,280,0,0,0
2005-01-10 21:00:00,5.0,81,2.6,320,0,0,0
2005-01-10 22:00:00,5.0,75,0.0,0,0,0,0
2005-01-10 23:00:00,5.0,75,1.5,360,0,0,0
2005-01-11 00:00:00,4.0,87,1.0,360,0,0,0
2005-01-11 01:00:00,3.0,87,1.5,360,0,0,0
2005-01-11 02:00:00,3.0,87,1.0,360,0,0,0
2005-01-11 03:00:00,2.0,93,0.0,0,0,0,0
2005-01-11 04:00:00,0.0,92,1.5,360,0,0,0
2005-01-11 05:00:00,1.0,93,2.1,360,0,0,0
2005-01-11 06:00:00,3.0,81,0.0,0,0,0,0
2005-01-11 07:00:00,2.0,87,0.0,0,0,0,0
2005-01-11 08:00:00,2.0,93,1.5,210,4,140,1
2005-01-11 09:00:00,3.6,84,2.8,170,150,540,52
2005-01-11 10:00:00,5.0,75,4.1,120,299,715,71
2005-01-11 11:00:00,6.0,70,2.6,150,412,776,86
2005-01-11 12:00:00,6.0,70,2.6,120,475,803,92
2005-01-11 13:00:00,6.0,75,3.6,150,483,809,90
2005-01-11 14:00:00,6.0,75,4.1,140,437,819,73
2005-01-11 15:00:00,6.0,81,3.6,140,327,731,66
2005-01-11 16:00:00,6.0,81,2.1,140,190,611,49
2005-01-11 17:00:00,6.0,81,2.1,130,38,282,16
2005-01-11 18:00:00,6.0,87,2.6,130,0,0,0
2005-01-11 19:00:00,6.0,87,2.6,120,0,0,0
2005-01-11 20:00:00,6.0,93,1.0,110,0,0,0
2005-01-11 21:00:00,6.0,93,1.5,90,0,0,0
2005-01-11 22:00:00,6.0,100,1.5,80,0,0,0
2005-01-11 23:00:00,6.0,100,1.0,60,0,0,0
2005-01-12 00:00:00,6.0,100,1.5,20,0,0,0
2005-01-12 01:00:00,6.0,100,3.6,70,0,0,0
2005-01-12 02:00:00,7.0,93,1.0,100,0,0,0
2005-01-12 03:00:00,6.0,100,2.1,60,0,0,0
2005-01-12 04:00:00,7.0,100,2.1,100,0,0,0
2005-01-12 05:00:00,7.0,93,1.0,90,0,0,0
2005-01-12 06:00:00,7.0,93,0.5,110,0,0,0
2005-01-12 07:00:00,6.0,100,1.0,110,0,0,0
2005-01-12 08:00:00,6.0,93,1.0,110,4,140,2
2005-01-12 09:00:00,6.0,100,1.5,120,150,532,53
2005-01-12 10:00:00,7.0,100,2.6,130,299,708,72
2005-01-12 11:00:00,7.0,100,2.6,130,418,800,80
2005-01-12 12:00:00,7.0,100,1.5,140,481,821,87
2005-01-12 13:00:00,7.0,100,1.5,120,489,827,86
2005-01-12 14:00:00,8.0,100,2.1,130,437,808,76
2005-01-12 15:00:00,8.0,100,2.1,130,333,743,65
2005-01-12 16:00:00,8.0,100,1.5,140,191,601,50
2005-01-12 17:00:00,8.0,100,1.5,140,38,267,18
2005-01-12 18:00:00,7.0,100,2.1,140,0,0,0
2005-01-12 19:00:00,7.0,100,2.1,160,0,0,0
2005-01-12 20:00:00,6.0,100,2.1,90,0,0,0
2005-01-12 21:00:00,6.0,100,2.1,110,0,0,0
2005-01-12 22:00:00,7.0,100,1.0,130,0,0,0
2005-01-12 23:00:00,6.0,100,1.5,130,0,0,0
2005-01-13 00:00:00,6.0,100,1.5,120,0,0,0
2005-01-13 01:00:00,5.0,100,1.0,90,0,0,0
2005-01-13 02:00:00,5.0,100,1.0,60,0,0,0
2005-01-13 03:00:00,4.0,100,1.0,120,0,0,0
2005-01-13 04:00:00,4.0,100,2.6,120,0,0,0
2005-01-13 05:00:00,5.0,100,0.5,130,0,0,0
2005-01-13 06:00:00,5.0,100,1.5,120,0,0,0
2005-01-13 07:00:00,5.0,100,1.0,130,0,0,0
2005-01-13 08:00:00,7.0,100,1.5,200,5,137,2
2005-01-13 09:00:00,12.0,100,3.6,200,149,511,55
2005-01-13 10:00:00,15.0,94,4.6,210,299,702,72
2005-01-13 11:00:00,18.0,88,7.7,220,418,788,84
2005-01-13 12:00:00,20.0,78,8.2,220,481,815,88
2005-01-13 13:00:00,21.0,73,10.3,220,489,809,92
2005-01-13 14:00:00,21.0,73,7.7,240,443,820,74
2005-01-13 15:00:00,21.0,73,6.7,220,333,731,67
2005-01-13 16:00:00,21.0,69,10.8,230,196,619,49
2005-01-13 17:00:00,20.0,73,9.3,220,42,302,18
2005-01-13 18:00:00,18.3,81,7.8,210,0,0,0
2005-01-13 19:00:00,17.0,88,6.2,200,0,0,0
2005-01-13 20:00:00,17.0,82,6.2,200,0,0,0
2005-01-13 21:00:00,18.0,83,9.8,210,0,0,0
2005-01-13 22:00:00,18.0,83,8.2,210,0,0,0
2005-01-13 23:00:00,19.0,83,8.2,210,0,0,0
2005-01-14 00:00:00,20.0,83,13.4,220,0,0,0
2005-01-14 01:00:00,20.0,83,12.9,230,0,0,0
2005-01-14 02:00:00,20.0,83,10.3,220,0,0,0
2005-01-14 03:00:00,20.0,83,12.3,220,0,0,0
2005-01-14 04:00:00,20.0,83,13.4,223,0,0,0
2005-01-14 05:00:00,20.0,83,13.9,220,0,0,0
2005-01-14 06:00:00,20.0,83,12.9,220,0,0,0
2005-01-14 07:00:00,19.0,88,10.8,240,0,0,0
2005-01-14 08:00:00,19.0,88,5.1,320,5,137,2
2005-01-14 09:00:00,11.0,94,9.3,350,149,503,56
2005-01-14 10:00:00,10.0,93,7.2,360,299,696,73
2005-01-14 11:00:00,7.0,100,10.8,340,418,776,88
2005-01-14 12:00:00,5.0,93,13.4,320,487,827,87
2005-01-14 13:00:00,3.0,93,7.7,340,495,827,87
2005-01-14 14:00:00,5.0,87,5.7,320,443,808,77
2005-01-14 15:00:00,5.0,81,6.7,340,339,743,66
2005-01-14 16:00:00,6.0,70,6.7,330,197,603,52
2005-01-14 17:00:00,5.0,75,5.7,340,43,291,19
2005-01-14 18:00:00,5.0,70,6.7,340,0,0,0
2005-01-14 19:00:00,4.0,75,6.2,340,0,0,0
2005-01-14 20:00:00,4.0,69,4.6,320,0,0,0
2005-01-14 21:00:00,4.0,75,4.1,330,0,0,0
2005-01-14 22:00:00,4.0,69,4.6,320,0,0,0
2005-01-14 23:00:00,3.0,63,5.1,320,0,0,0
2005-01-15 00:00:00,2.0,62,5.1,320,0,0,0
2005-01-15 01:00:00,2.0,62,4.6,330,0,0,0
2005-01-15 02:00:00,1.0,67,5.1,320,0,0,0
2005-01-15 03:00:00,0.5,66,5.1,320,0,0,0
2005-01-15 04:00:00,0.0,66,5.1,320,0,0,0
2005-01-15 05:00:00,-1.0,66,4.6,320,0,0,0
2005-01-15 06:00:00,-2.0,65,4.1,340,0,0,0
2005-01-15 07:00:00,-3.0,71,3.1,350,0,0,0
2005-01-15 08:00:00,-3.0,71,3.6,10,5,156,2
2005-01-15 09:00:00,0.0,55,7.2,360,157,565,52
2005-01-15 10:00:00,0.0,55,5.7,10,312,720,77
2005-01-15 11:00:00,0.0,51,6.2,360,425,800,82
2005-01-15 12:00:00,0.0,46,6.2,350,487,815,91
2005-01-15 13:00:00,0.0,43,4.6,10,495,809,94
2005-01-15 14:00:00,1.0,43,4.6,360,449,820,75
2005-01-15 15:00:00,1.0,40,5.1,10,345,755,65
2005-01-15 16:00:00,0.0,43,4.6,10,202,620,51
2005-01-15 17:00:00,-1.0,55,3.1,350,47,321,19
2005-01-15 18:00:00,-2.0,65,2.6,350,0,0,0
2005-01-15 19:00:00,-3.0,65,2.6,350,0,0,0
2005-01-15 20:00:00,-3.0,71,3.6,10,0,0,0
2005-01-15 21:00:00,-2.0,60,3.1,20,0,0,0
2005-01-15 22:00:00,-2.0,55,4.1,20,0,0,0
2005-01-15 23:00:00,-2.0,55,4.6,20,0,0,0
2005-01-16 00:00:00,-2.0,60,3.6,20,0,0,0
2005-01-16 01:00:00,-2.0,60,3.1,30,0,0,0
2005-01-16 02:00:00,-2.0,60,4.6,20,0,0,0
2005-01-16 03:00:00,-2.0,60,5.1,20,0,0,0
2005-01-16 04:00:00,-2.0,65,5.7,30,0,0,0
2005-01-16 05:00:00,-2.0,65,6.2,30,0,0,0
2005-01-16 06:00:00,-1.0,66,6.2,30,0,0,0
2005-01-16 07:00:00,-1.0,66,5.7,30,0,0,0
2005-01-16 08:00:00,-1.0,71,7.7,30,6,155,2
2005-01-16 09:00:00,0.0,66,6.2,40,157,550,53
2005-01-16 10:00:00,0.0,66,6.2,30,312,708,80
2005-01-16 11:00:00,1.0,61,7.2,30,425,788,85
2005-01-16 12:00:00,1.0,67,7.2,40,493,833,86
2005-01-16 13:00:00,2.0,62,7.2,30,501,827,89
2005-01-16 14:00:00,1.0,61,7.2,30,455,832,73
2005-01-16 15:00:00,1.0,61,5.7,30,345,744,67
2005-01-16 16:00:00,1.0,61,5.7,40,208,638,50
2005-01-16 17:00:00,0.0,60,4.1,20,48,305,21
2005-01-16 18:00:00,-1.0,60,4.6,20,0,0,0
2005-01-16 19:00:00,-2.0,60,4.1,20,0,0,0
2005-01-16 20:00:00,-2.0,55,4.1,10,0,0,0
2005-01-16 21:00:00,-2.0,55,4.1,350,0,0,0
2005-01-16 22:00:00,-2.0,50,4.6,330,0,0,0
2005-01-16 23:00:00,-2.0,55,4.1,320,0,0,0
2005-01-17 00:00:00,-1.0,46,4.6,330,0,0,0
2005-01-17 01:00:00,-2.0,78,4.1,320,0,0,0
2005-01-17 02:00:00,-2.0,78,4.1,310,0,0,0
2005-01-17 03:00:00,-2.0,85,5.7,300,0,0,0
2005-01-17 04:00:00,-2.0,85,5.7,320,0,0,0
2005-01-17 05:00:00,-2.0,78,7.7,320,0,0,0
2005-01-17 06:00:00,-2.0,65,9.8,320,0,0,0
2005-01-17 07:00:00,-3.0,65,7.2,320,0,0,0
2005-01-17 08:00:00,-3.0,55,10.8,320,6,154,2
2005-01-17 09:00:00,-3.0,55,9.8,320,156,536,55
2005-01-17 10:00:00,-2.0,42,10.8,320,326,639,115
2005-01-17 11:00:00,-3.0,50,9.3,290,373,458,175
2005-01-17 12:00:00,-2.0,42,8.7,300,493,694,152
2005-01-17 13:00:00,-3.0,42,9.3,320,477,701,125
2005-01-17 14:00:00,-3.0,42,9.3,310,450,778,89
2005-01-17 15:00:00,-4.0,41,8.2,300,340,533,139
2005-01-17 16:00:00,-4.0,38,11.8,310,94,45,83
2005-01-17 17:00:00,-5.0,38,9.3,300,56,208,36
2005-01-17 18:00:00,-6.0,41,5.7,290,0,0,0
2005-01-17 19:00:00,-7.0,37,9.8,300,0,0,0
2005-01-17 20:00:00,-7.0,37,9.3,300,0,0,0
2005-01-17 21:00:00,-7.0,37,11.3,300,0,0,0
2005-01-17 22:00:00,-8.0,40,9.8,300,0,0,0
2005-01-17 23:00:00,-8.0,40,7.2,300,0,0,0
2005-01-18 00:00:00,-8.0,40,8.2,300,0,0,0
2005-01-18 01:00:00,-8.0,40,6.2,300,0,0,0
2005-01-18 02:00:00,-9.0,44,6.2,300,0,0,0
2005-01-18 03:00:00,-9.0,44,7.2,300,0,0,0
2005-01-18 04:00:00,-9.0,44,7.7,300,0,0,0
2005-01-18 05:00:00,-9.0,44,8.7,300,0,0,0
2005-01-18 06:00:00,-9.0,44,8.7,300,0,0,0
2005-01-18 07:00:00,-10.0,48,7.7,300,0,0,0
2005-01-18 08:00:00,-9.0,40,8.7,300,7,171,2
2005-01-18 09:00:00,-8.0,37,9.3,290,164,583,53
2005-01-18 10:00:00,-8.0,33,10.3,320,326,757,74
2005-01-18 11:00:00,-7.0,28,11.3,320,431,800,82
2005-01-18 12:00:00,-7.0,31,8.2,330,500,833,87
2005-01-18 13:00:00,-7.0,28,8.2,330,513,827,96
2005-01-18 14:00:00,-7.0,25,9.3,320,450,767,92
2005-01-18 15:00:00,-7.0,28,7.2,330,363,774,68
2005-01-18 16:00:00,-7.0,28,6.2,310,219,668,49
2005-01-18 17:00:00,-8.0,30,6.2,321,57,363,22
2005-01-18 18:00:00,-9.0,33,6.2,320,0,0,0
2005-01-18 19:00:00,-10.0,44,2.1,330,0,0,0
2005-01-18 20:00:00,-10.0,40,4.6,330,0,0,0
2005-01-18 21:00:00,-10.0,40,3.6,330,0,0,0
2005-01-18 22:00:00,-9.0,36,4.6,340,0,0,0
2005-01-18 23:00:00,-11.0,53,1.5,330,0,0,0
2005-01-19 00:00:00,-10.0,48,1.5,360,0,0,0
2005-01-19 01:00:00,-10.0,48,1.5,360,0,0,0
2005-01-19 02:00:00,-11.0,58,3.1,320,0,0,0
2005-01-19 03:00:00,-10.0,58,0.0,0,0,0,0
2005-01-19 04:00:00,-9.0,44,1.5,360,0,0,0
2005-01-19 05:00:00,-9.0,53,0.0,0,0,0,0
2005-01-19 06:00:00,-9.0,64,1.5,80,0,0,0
2005-01-19 07:00:00,-9.0,58,3.6,150,0,0,0
2005-01-19 08:00:00,-9.0,58,3.6,160,8,106,5
2005-01-19 09:00:00,-7.0,54,5.1,170,172,356,104
2005-01-19 10:00:00,-6.0,45,5.7,220,111,0,111
2005-01-19 11:00:00,-5.0,41,7.2,210,116,0,116
2005-01-19 12:00:00,-5.0,45,7.2,210,148,0,148
2005-01-19 13:00:00,-4.0,65,7.7,210,84,0,84
2005-01-19 14:00:00,-4.0,84,6.2,230,104,0,104
2005-01-19 15:00:00,-4.0,84,6.2,230,88,0,88
2005-01-19 16:00:00,-5.0,92,6.2,230,150,176,104
2005-01-19 17:00:00,-5.0,92,6.2,230,27,0,27
2005-01-19 18:00:00,-5.0,84,5.1,250,0,0,0
2005-01-19 19:00:00,-5.0,84,5.7,250,0,0,0
2005-01-19 20:00:00,-5.0,84,5.1,250,0,0,0
2005-01-19 21:00:00,-5.0,84,5.1,270,0,0,0
2005-01-19 22:00:00,-5.0,84,5.7,270,0,0,0
2005-01-19 23:00:00,-4.0,77,5.1,270,0,0,0
2005-01-20 00:00:00,-4.0,77,5.7,270,0,0,0
2005-01-20 01:00:00,-3.0,71,5.1,270,0,0,0
2005-01-20 02:00:00,-3.0,77,4.6,290,0,0,0
2005-01-20 03:00:00,-3.0,77,4.1,290,0,0,0
2005-01-20 04:00:00,-3.0,77,4.1,280,0,0,0
2005-01-20 05:00:00,-3.0,84,3.6,290,0,0,0
2005-01-20 06:00:00,-3.0,84,3.1,300,0,0,0
2005-01-20 07:00:00,-5.0,92,3.1,270,0,0,0
2005-01-20 08:00:00,-4.0,92,1.0,340,5,44,4
2005-01-20 09:00:00,-2.0,78,3.1,310,112,143,84
2005-01-20 10:00:00,0.0,66,4.1,330,249,281,154
2005-01-20 11:00:00,1.0,56,6.2,310,193,24,182
2005-01-20 12:00:00,1.0,56,5.1,290,296,103,245
2005-01-20 13:00:00,1.0,56,5.1,320,412,324,246
2005-01-20 14:00:00,1.0,51,6.2,320,219,101,172
2005-01-20 15:00:00,1.0,43,6.2,310,363,528,159
2005-01-20 16:00:00,0.0,43,6.2,320,155,187,106
2005-01-20 17:00:00,-1.0,46,6.2,320,62,223,39
2005-01-20 18:00:00,-1.0,50,4.1,330,0,0,0
2005-01-20 19:00:00,-1.0,50,3.6,330,0,0,0
2005-01-20 20:00:00,-1.0,50,4.6,330,0,0,0
2005-01-20 21:00:00,-1.0,50,4.6,340,0,0,0
2005-01-20 22:00:00,-2.0,55,4.1,350,0,0,0
2005-01-20 23:00:00,-2.0,50,3.6,10,0,0,0
2005-01-21 00:00:00,-3.0,55,3.1,10,0,0,0
2005-01-21 01:00:00,-3.0,55,5.1,20,0,0,0
2005-01-21 02:00:00,-4.0,50,4.6,30,0,0,0
2005-01-21 03:00:00,-5.0,49,5.7,360,0,0,0
2005-01-21 04:00:00,-5.0,38,6.2,360,0,0,0
2005-01-21 05:00:00,-6.0,41,7.2,360,0,0,0
2005-01-21 06:00:00,-6.0,45,6.7,360,0,0,0
2005-01-21 07:00:00,-7.0,49,6.2,350,0,0,0
2005-01-21 08:00:00,-8.0,53,6.2,350,9,190,3
2005-01-21 09:00:00,-8.0,44,7.2,350,171,607,51
2005-01-21 10:00:00,-7.0,45,8.7,360,332,756,75
2005-01-21 11:00:00,-6.0,41,8.7,330,450,836,78
2005-01-21 12:00:00,-5.0,41,6.7,350,518,839,95
2005-01-21 13:00:00,-5.0,38,7.2,340,508,773,109
2005-01-21 14:00:00,-5.0,31,7.7,350,468,815,79
2005-01-21 15:00:00,-5.0,34,6.2,10,369,775,66
2005-01-21 16:00:00,-5.0,31,7.2,340,231,681,50
2005-01-21 17:00:00,-7.0,37,5.7,340,67,400,24
2005-01-21 18:00:00,-8.0,44,5.7,340,0,0,0
2005-01-21 19:00:00,-9.0,48,4.6,320,0,0,0
2005-01-21 20:00:00,-10.0,48,3.6,320,0,0,0
2005-01-21 21:00:00,-10.0,53,4.1,330,0,0,0
2005-01-21 22:00:00,-11.0,58,3.1,320,0,0,0
2005-01-21 23:00:00,-12.0,63,3.6,10,0,0,0
2005-01-22 00:00:00,-12.0,57,4.1,350,0,0,0
2005-01-22 01:00:00,-13.0,69,3.1,10,0,0,0
2005-01-22 02:00:00,-12.0,63,2.6,20,0,0,0
2005-01-22 03:00:00,-13.0,69,2.1,50,0,0,0
2005-01-22 04:00:00,-12.0,63,2.6,50,0,0,0
2005-01-22 05:00:00,-11.0,63,1.5,70,0,0,0
2005-01-22 06:00:00,-10.4,67,2.1,70,0,0,0
2005-01-22 07:00:00,-10.0,70,2.6,60,0,0,0
2005-01-22 08:00:00,-9.0,77,3.6,70,4,0,4
2005-01-22 09:00:00,-8.0,77,2.6,90,77,0,77
2005-01-22 10:00:00,-7.0,84,4.6,80,83,0,83
2005-01-22 11:00:00,-6.0,92,4.6,80,77,0,77
2005-01-22 12:00:00,-5.0,92,2.6,50,80,0,80
2005-01-22 13:00:00,-5.0,92,2.6,50,84,0,84
2005-01-22 14:00:00,-4.0,92,4.6,320,75,0,75
2005-01-22 15:00:00,-5.0,100,4.6,350,61,0,61
2005-01-22 16:00:00,-5.0,100,4.6,350,40,0,40
2005-01-22 17:00:00,-5.0,100,5.1,350,14,0,14
2005-01-22 18:00:00,-4.0,92,4.6,300,0,0,0
2005-01-22 19:00:00,-4.0,92,3.6,320,0,0,0
2005-01-22 20:00:00,-4.0,92,5.1,320,0,0,0
2005-01-22 21:00:00,-5.0,100,5.7,310,0,0,0
2005-01-22 22:00:00,-5.0,92,5.7,300,0,0,0
2005-01-22 23:00:00,-4.0,84,7.2,300,0,0,0
2005-01-23 00:00:00,-4.0,84,4.1,320,0,0,0
2005-01-23 01:00:00,-5.0,84,9.3,290,0,0,0
2005-01-23 02:00:00,-7.0,84,9.8,290,0,0,0
2005-01-23 03:00:00,-7.0,77,10.3,300,0,0,0
2005-01-23 04:00:00,-6.0,77,9.3,300,0,0,0
2005-01-23 05:00:00,-7.0,84,8.7,290,0,0,0
2005-01-23 06:00:00,-7.0,84,10.3,310,0,0,0
2005-01-23 07:00:00,-8.0,77,11.8,310,0,0,0
2005-01-23 08:00:00,-10.0,76,12.3,310,6,25,5
2005-01-23 09:00:00,-9.0,70,10.3,310,102,75,87
2005-01-23 10:00:00,-8.0,70,10.3,320,83,0,83
2005-01-23 11:00:00,-8.0,70,10.8,320,315,238,208
2005-01-23 12:00:00,-7.0,70,12.3,310,401,338,228
2005-01-23 13:00:00,-7.0,64,12.9,310,281,72,243
2005-01-23 14:00:00,-7.0,70,10.3,320,185,30,171
2005-01-23 15:00:00,-7.0,64,12.3,310,381,605,140
2005-01-23 16:00:00,-7.0,59,10.8,320,237,683,51
2005-01-23 17:00:00,-8.0,58,11.3,320,73,411,25
2005-01-23 18:00:00,-9.0,58,12.3,320,0,0,0
2005-01-23 19:00:00,-9.0,53,10.3,320,0,0,0
2005-01-23 20:00:00,-10.0,58,12.9,320,0,0,0
2005-01-23 21:00:00,-10.0,48,9.3,320,0,0,0
2005-01-23 22:00:00,-11.0,48,8.2,320,0,0,0
2005-01-23 23:00:00,-11.0,43,8.2,320,0,0,0
2005-01-24 00:00:00,-11.0,43,8.2,320,0,0,0
2005-01-24 01:00:00,-12.0,43,6.7,320,0,0,0
2005-01-24 02:00:00,-12.0,43,7.7,320,0,0,0
2005-01-24 03:00:00,-14.0,52,5.1,320,0,0,0
2005-01-24 04:00:00,-14.0,52,3.6,310,0,0,0
2005-01-24 05:00:00,-12.0,48,4.1,300,0,0,0
2005-01-24 06:00:00,-13.0,52,3.6,290,0,0,0
2005-01-24 07:00:00,-13.0,52,2.6,280,0,0,0
2005-01-24 08:00:00,-13.0,57,3.1,280,4,0,4
2005-01-24 09:00:00,-11.0,48,3.1,270,59,0,59
2005-01-24 10:00:00,-10.0,44,4.1,270,338,506,162
2005-01-24 11:00:00,-8.0,40,4.6,270,379,384,205
2005-01-24 12:00:00,-7.0,41,5.7,270,302,97,253
2005-01-24 13:00:00,-6.0,41,6.2,260,353,168,264
2005-01-24 14:00:00,-5.0,38,7.2,260,422,440,207
2005-01-24 15:00:00,-4.0,38,5.1,250,144,6,141
2005-01-24 16:00:00,-4.0,38,4.6,230,40,0,40
2005-01-24 17:00:00,-4.0,41,3.6,290,77,249,48
2005-01-24 18:00:00,-6.0,84,4.6,280,0,0,0
2005-01-24 19:00:00,-6.0,92,4.1,280,0,0,0
2005-01-24 20:00:00,-6.0,92,4.1,260,0,0,0
2005-01-24 21:00:00,-5.0,84,3.1,280,0,0,0
2005-01-24 22:00:00,-5.0,84,3.1,300,0,0,0
2005-01-24 23:00:00,-5.0,84,4.1,320,0,0,0
2005-01-25 00:00:00,-5.0,84,4.6,320,0,0,0
2005-01-25 01:00:00,-4.0,65,5.1,320,0,0,0
2005-01-25 02:00:00,-4.0,59,4.1,310,0,0,0
2005-01-25 03:00:00,-5.0,65,4.1,320,0,0,0
2005-01-25 04:00:00,-5.0,59,3.1,310,0,0,0
2005-01-25 05:00:00,-6.0,64,2.6,290,0,0,0
2005-01-25 06:00:00,-5.0,65,5.1,300,0,0,0
2005-01-25 07:00:00,-4.0,65,4.1,330,0,0,0
2005-01-25 08:00:00,-4.0,71,4.1,290,8,66,6
2005-01-25 09:00:00,-3.0,71,4.1,280,126,189,87
2005-01-25 10:00:00,-1.0,60,4.1,290,110,0,110
2005-01-25 11:00:00,0.0,60,5.7,310,193,12,187
2005-01-25 12:00:00,1.0,56,4.6,280,173,0,173
2005-01-25 13:00:00,1.0,56,5.7,290,484,390,278
2005-01-25 14:00:00,1.0,56,4.1,270,127,0,127
2005-01-25 15:00:00,1.0,56,4.6,270,88,0,88
2005-01-25 16:00:00,1.0,56,3.1,260,167,177,118
2005-01-25 17:00:00,0.0,66,2.1,220,78,265,46
2005-01-25 18:00:00,0.0,66,2.6,220,0,0,0
2005-01-25 19:00:00,0.0,66,1.0,200,0,0,0
2005-01-25 20:00:00,-1.0,71,1.5,160,0,0,0
2005-01-25 21:00:00,-1.0,71,1.5,160,0,0,0
2005-01-25 22:00:00,-1.0,71,2.1,150,0,0,0
2005-01-25 23:00:00,-1.0,71,3.1,140,0,0,0
2005-01-26 00:00:00,0.0,66,5.7,160,0,0,0
2005-01-26 01:00:00,0.0,72,3.6,190,0,0,0
2005-01-26 02:00:00,0.0,78,2.6,190,0,0,0
2005-01-26 03:00:00,0.0,78,4.1,200,0,0,0
2005-01-26 04:00:00,1.0,79,5.1,230,0,0,0
2005-01-26 05:00:00,1.0,79,2.1,240,0,0,0
2005-01-26 06:00:00,1.0,79,3.6,220,0,0,0
2005-01-26 07:00:00,1.0,79,4.1,230,0,0,0
2005-01-26 08:00:00,2.0,80,5.1,250,0,0,0
2005-01-26 09:00:00,2.0,73,2.6,270,33,0,33
2005-01-26 10:00:00,3.0,68,4.1,260,62,0,62
2005-01-26 11:00:00,3.0,68,2.6,270,77,0,77
2005-01-26 12:00:00,3.4,67,2.1,270,117,0,117
2005-01-26 13:00:00,3.7,63,2.1,350,90,0,90
2005-01-26 14:00:00,4.1,62,4.1,350,457,470,224
2005-01-26 15:00:00,3.9,63,2.6,350,166,24,156
2005-01-26 16:00:00,3.8,61,2.6,350,107,17,102
2005-01-26 17:00:00,2.6,70,2.1,340,83,262,50
2005-01-26 18:00:00,2.0,73,3.6,320,0,0,0
2005-01-26 19:00:00,3.0,68,5.7,340,0,0,0
2005-01-26 20:00:00,2.0,73,4.6,360,0,0,0
2005-01-26 21:00:00,2.0,73,5.7,20,0,0,0
2005-01-26 22:00:00,0.0,72,8.7,350,0,0,0
2005-01-26 23:00:00,-1.0,66,9.3,360,0,0,0
2005-01-27 00:00:00,-2.0,71,7.7,360,0,0,0
2005-01-27 01:00:00,-3.0,65,10.8,350,0,0,0
2005-01-27 02:00:00,-4.0,65,11.3,340,0,0,0
2005-01-27 03:00:00,-5.0,65,9.8,330,0,0,0
2005-01-27 04:00:00,-6.0,64,8.2,340,0,0,0
2005-01-27 05:00:00,-8.0,64,9.3,340,0,0,0
2005-01-27 06:00:00,-9.0,64,8.2,330,0,0,0
2005-01-27 07:00:00,-10.0,64,7.7,330,0,0,0
2005-01-27 08:00:00,-10.0,58,7.7,330,0,0,0
2005-01-27 09:00:00,-10.0,53,9.3,330,192,525,80
2005-01-27 10:00:00,-9.0,53,9.3,350,309,511,127
2005-01-27 11:00:00,-8.0,49,9.3,350,449,640,152
2005-01-27 12:00:00,-8.0,49,9.3,330,456,495,197
2005-01-27 13:00:00,-7.0,41,9.3,330,496,593,177
2005-01-27 14:00:00,-6.0,37,9.3,340,423,482,182
2005-01-27 15:00:00,-6.0,37,9.3,340,377,653,106
2005-01-27 16:00:00,-6.0,34,8.2,340,260,709,56
2005-01-27 17:00:00,-7.0,37,7.2,330,84,446,26
2005-01-27 18:00:00,-8.0,40,7.2,320,0,0,0
2005-01-27 19:00:00,-9.0,48,6.2,320,0,0,0
2005-01-27 20:00:00,-9.0,48,5.1,320,0,0,0
2005-01-27 21:00:00,-9.0,44,6.2,330,0,0,0
2005-01-27 22:00:00,-10.0,44,5.7,340,0,0,0
2005-01-27 23:00:00,-10.0,44,7.2,360,0,0,0
2005-01-28 00:00:00,-11.0,48,6.7,360,0,0,0
2005-01-28 01:00:00,-12.0,52,7.2,360,0,0,0
2005-01-28 02:00:00,-12.0,52,5.1,360,0,0,0
2005-01-28 03:00:00,-13.0,57,4.1,340,0,0,0
2005-01-28 04:00:00,-14.0,52,3.6,320,0,0,0
2005-01-28 05:00:00,-14.0,52,4.1,340,0,0,0
2005-01-28 06:00:00,-15.0,57,4.1,340,0,0,0
2005-01-28 07:00:00,-15.0,62,4.1,330,0,0,0
2005-01-28 08:00:00,-14.0,63,4.1,320,0,0,0
2005-01-28 09:00:00,-12.0,57,4.1,340,191,423,99
2005-01-28 10:00:00,-10.0,58,4.6,340,274,368,142
2005-01-28 11:00:00,-9.0,58,4.1,330,346,293,210
2005-01-28 12:00:00,-8.0,53,5.1,350,364,157,281
2005-01-28 13:00:00,-6.0,45,5.1,350,442,360,248
2005-01-28 14:00:00,-5.0,41,4.6,340,313,137,244
2005-01-28 15:00:00,-5.0,45,5.1,350,333,400,165
2005-01-28 16:00:00,-4.0,41,5.1,340,255,543,97
2005-01-28 17:00:00,-5.0,45,4.1,340,89,433,31
2005-01-28 18:00:00,-6.0,45,2.1,340,0,0,0
2005-01-28 19:00:00,-7.0,45,2.1,320,0,0,0
2005-01-28 20:00:00,-9.0,53,1.5,340,0,0,0
2005-01-28 21:00:00,-8.0,58,3.1,340,0,0,0
2005-01-28 22:00:00,-9.0,53,2.6,350,0,0,0
2005-01-28 23:00:00,-10.0,58,1.5,350,0,0,0
2005-01-29 00:00:00,-10.0,58,2.6,350,0,0,0
2005-01-29 01:00:00,-10.0,64,2.1,350,0,0,0
2005-01-29 02:00:00,-11.0,70,1.0,360,0,0,0
2005-01-29 03:00:00,-10.0,70,0.0,0,0,0,0
2005-01-29 04:00:00,-10.0,70,1.0,360,0,0,0
2005-01-29 05:00:00,-11.0,76,1.0,360,0,0,0
2005-01-29 06:00:00,-11.0,70,1.5,360,0,0,0
2005-01-29 07:00:00,-12.0,76,0.0,0,0,0,0
2005-01-29 08:00:00,-11.0,70,0.0,0,0,0,0
2005-01-29 09:00:00,-8.0,64,0.0,0,148,295,84
2005-01-29 10:00:00,-6.0,59,0.0,0,274,386,134
2005-01-29 11:00:00,-4.0,45,0.0,0,301,146,232
2005-01-29 12:00:00,-2.0,35,3.1,200,401,284,250
2005-01-29 13:00:00,-1.0,32,3.6,200,365,174,270
2005-01-29 14:00:00,0.0,32,3.1,200,492,601,187
2005-01-29 15:00:00,0.0,43,2.6,230,327,365,173
2005-01-29 16:00:00,0.0,43,3.1,220,261,555,97
2005-01-29 17:00:00,-2.0,65,2.1,160,90,456,28
2005-01-29 18:00:00,-3.0,77,1.5,170,0,0,0
2005-01-29 19:00:00,-3.0,77,1.0,170,0,0,0
2005-01-29 20:00:00,-3.0,77,1.5,180,0,0,0
2005-01-29 21:00:00,-2.0,78,2.6,140,0,0,0
2005-01-29 22:00:00,-2.0,78,2.6,90,0,0,0
2005-01-29 23:00:00,-2.0,85,1.5,50,0,0,0
2005-01-30 00:00:00,-2.0,92,0.0,0,0,0,0
2005-01-30 01:00:00,-2.0,92,0.0,0,0,0,0
2005-01-30 02:00:00,-2.0,100,0.0,0,0,0,0
2005-01-30 03:00:00,-2.0,100,1.0,20,0,0,0
2005-01-30 04:00:00,-1.0,92,1.0,30,0,0,0
2005-01-30 05:00:00,-2.0,100,1.0,50,0,0,0
2005-01-30 06:00:00,-2.0,100,2.1,60,0,0,0
2005-01-30 07:00:00,-1.0,92,2.6,50,0,0,0
2005-01-30 08:00:00,-1.0,100,2.1,40,0,0,0
2005-01-30 09:00:00,-1.0,100,2.1,20,66,0,66
2005-01-30 10:00:00,-1.0,100,4.1,10,62,0,62
2005-01-30 11:00:00,-1.0,100,5.7,360,115,0,115
2005-01-30 12:00:00,-1.0,100,5.1,360,92,0,92
2005-01-30 13:00:00,-1.0,92,6.7,360,96,0,96
2005-01-30 14:00:00,-1.0,85,5.7,10,127,0,127
2005-01-30 15:00:00,-1.0,92,6.2,360,67,0,67
2005-01-30 16:00:00,-1.0,85,4.6,360,46,0,46
2005-01-30 17:00:00,-1.0,85,3.1,350,67,144,47
2005-01-30 18:00:00,0.0,72,4.6,360,0,0,0
2005-01-30 19:00:00,-2.0,78,3.6,360,0,0,0
2005-01-30 20:00:00,-2.0,71,4.6,350,0,0,0
2005-01-30 21:00:00,-2.0,65,5.1,350,0,0,0
2005-01-30 22:00:00,-2.0,60,7.2,360,0,0,0
2005-01-30 23:00:00,-3.0,60,5.1,360,0,0,0
2005-01-31 00:00:00,-5.0,65,5.7,360,0,0,0
2005-01-31 01:00:00,-5.0,65,5.7,350,0,0,0
2005-01-31 02:00:00,-5.0,65,5.7,360,0,0,0
2005-01-31 03:00:00,-5.0,71,5.7,360,0,0,0
2005-01-31 04:00:00,-4.0,65,6.2,360,0,0,0
2005-01-31 05:00:00,-5.0,71,5.1,360,0,0,0
2005-01-31 06:00:00,-6.0,70,5.1,350,0,0,0
2005-01-31 07:00:00,-6.0,70,5.1,360,0,0,0
2005-01-31 08:00:00,-6.0,70,4.6,350,0,0,0
2005-01-31 09:00:00,-4.0,71,5.1,360,196,394,108
2005-01-31 10:00:00,-2.0,60,7.2,10,191,68,166
2005-01-31 11:00:00,-1.0,66,6.2,10,166,0,166
2005-01-31 12:00:00,0.0,60,4.6,350,364,169,272
2005-01-31 13:00:00,1.0,56,4.1,350,377,132,304
2005-01-31 14:00:00,2.0,57,4.1,340,313,119,252
2005-01-31 15:00:00,2.0,57,3.1,350,195,41,177
2005-01-31 16:00:00,2.0,57,3.1,350,252,419,125
2005-01-31 17:00:00,1.0,61,2.6,60,100,393,43
2005-01-31 18:00:00,-1.0,71,2.1,60,0,0,0
2005-01-31 19:00:00,-1.6,74,2.9,60,0,0,0
2005-01-31 20:00:00,-2.0,78,3.6,60,0,0,0
2005-01-31 21:00:00,-3.0,77,4.1,70,0,0,0
2005-01-31 22:00:00,-3.5,77,4.0,70,0,0,0
2005-01-31 23:00:00,-4.1,77,4.0,80,0,0,0
2005-02-01 00:00:00,-4.7,92,3.9,240,0,0,0
1996-02-01 01:00:00,-5.4,55,3.8,340,0,0,0
1996-02-01 02:00:00,-6.0,53,3.7,330,0,0,0
1996-02-01 03:00:00,-6.6,55,3.7,340,0,0,0
1996-02-01 04:00:00,-7.3,53,3.6,330,0,0,0
1996-02-01 05:00:00,-7.8,55,3.6,330,0,0,0
1996-02-01 06:00:00,-8.4,78,2.5,330,0,0,0
1996-02-01 07:00:00,-8.4,78,2.5,320,0,0,0
1996-02-01 08:00:00,-7.8,71,3.0,310,29,234,12
1996-02-01 09:00:00,-6.2,91,3.6,340,151,409,60
1996-02-01 10:00:00,-5.6,59,2.0,30,277,545,76
1996-02-01 11:00:00,-4.5,56,3.0,130,382,483,152
1996-02-01 12:00:00,-3.9,53,1.5,90,464,402,247
1996-02-01 13:00:00,-3.9,56,3.6,100,217,0,217
1996-02-01 14:00:00,-3.4,54,3.6,120,202,0,202
1996-02-01 15:00:00,-2.8,51,2.0,120,165,0,165
1996-02-01 16:00:00,-2.8,51,2.5,360,89,0,89
1996-02-01 17:00:00,-3.4,59,3.6,150,38,0,38
1996-02-01 18:00:00,-2.8,62,2.0,150,1,0,1
1996-02-01 19:00:00,-2.8,62,1.5,180,0,0,0
1996-02-01 20:00:00,-2.8,65,1.5,200,0,0,0
1996-02-01 21:00:00,-2.8,68,3.0,180,0,0,0
1996-02-01 22:00:00,-3.4,83,1.5,300,0,0,0
1996-02-01 23:00:00,-3.4,87,1.5,360,0,0,0
1996-02-02 00:00:00,-3.4,87,3.6,10,0,0,0
1996-02-02 01:00:00,-3.4,83,2.5,10,0,0,0
1996-02-02 02:00:00,-2.8,83,3.0,10,0,0,0
1996-02-02 03:00:00,-3.4,91,4.1,360,0,0,0
1996-02-02 04:00:00,-3.4,87,3.0,330,0,0,0
1996-02-02 05:00:00,-3.9,91,3.6,330,0,0,0
1996-02-02 06:00:00,-3.9,91,2.5,340,0,0,0
1996-02-02 07:00:00,-4.5,91,4.6,350,0,0,0
1996-02-02 08:00:00,-3.9,86,3.0,320,11,0,11
1996-02-02 09:00:00,-4.5,91,5.1,360,39,0,39
1996-02-02 10:00:00,-3.9,82,3.0,310,77,0,77
1996-02-02 11:00:00,-3.9,82,4.6,340,109,0,109
1996-02-02 12:00:00,-3.4,79,5.6,330,153,0,153
1996-02-02 13:00:00,-3.4,79,5.1,350,197,0,197
1996-02-02 14:00:00,-2.3,62,4.6,340,144,0,144
1996-02-02 15:00:00,-2.3,62,4.6,340,114,0,114
1996-02-02 16:00:00,-2.3,59,4.6,340,71,0,71
1996-02-02 17:00:00,-3.4,65,6.1,350,31,0,31
1996-02-02 18:00:00,-5.0,82,4.6,350,1,0,1
1996-02-02 19:00:00,-5.6,78,6.6,360,0,0,0
1996-02-02 20:00:00,-5.0,71,5.1,340,0,0,0
1996-02-02 21:00:00,-5.6,95,7.2,10,0,0,0
1996-02-02 22:00:00,-5.6,95,7.2,360,0,0,0
1996-02-02 23:00:00,-6.2,96,6.6,10,0,0,0
1996-02-03 00:00:00,-6.7,91,7.2,360,0,0,0
1996-02-03 01:00:00,-6.7,95,7.7,360,0,0,0
1996-02-03 02:00:00,-7.3,100,9.7,10,0,0,0
1996-02-03 03:00:00,-8.4,100,10.8,360,0,0,0
1996-02-03 04:00:00,-8.9,100,11.8,360,0,0,0
1996-02-03 05:00:00,-9.5,96,11.3,360,0,0,0
1996-02-03 06:00:00,-9.5,91,10.2,360,0,0,0
1996-02-03 07:00:00,-9.5,91,10.2,360,0,0,0
1996-02-03 08:00:00,-9.5,91,10.2,350,15,1,15
1996-02-03 09:00:00,-8.9,82,9.2,350,59,29,52
1996-02-03 10:00:00,-8.9,78,9.7,350,222,51,202
1996-02-03 11:00:00,-8.4,75,8.7,360,275,23,264
1996-02-03 12:00:00,-7.8,74,8.7,360,250,62,216
1996-02-03 13:00:00,-7.3,68,8.2,350,158,63,122
1996-02-03 14:00:00,-6.7,64,7.7,350,312,7,308
1996-02-03 15:00:00,-7.3,75,7.2,360,292,51,269
1996-02-03 16:00:00,-7.3,75,5.6,360,170,45,156
1996-02-03 17:00:00,-7.8,82,5.1,10,50,19,47
1996-02-03 18:00:00,-7.3,75,5.6,360,2,0,2
1996-02-03 19:00:00,-7.3,71,5.1,360,0,0,0
1996-02-03 20:00:00,-7.8,67,6.6,340,0,0,0
1996-02-03 21:00:00,-7.8,71,7.2,360,0,0,0
1996-02-03 22:00:00,-7.8,61,6.1,360,0,0,0
1996-02-03 23:00:00,-7.8,61,7.2,360,0,0,0
1996-02-04 00:00:00,-8.4,61,7.7,360,0,0,0
1996-02-04 01:00:00,-8.9,60,7.7,360,0,0,0
1996-02-04 02:00:00,-10.6,95,8.7,360,0,0,0
1996-02-04 03:00:00,-10.6,91,8.7,360,0,0,0
1996-02-04 04:00:00,-11.2,91,6.1,360,0,0,0
1996-02-04 05:00:00,-11.7,95,6.6,360,0,0,0
1996-02-04 06:00:00,-11.2,67,7.7,10,0,0,0
1996-02-04 07:00:00,-11.2,57,7.2,360,0,0,0
1996-02-04 08:00:00,-11.7,63,8.2,10,13,0,13
1996-02-04 09:00:00,-11.2,74,8.2,360,54,0,54
1996-02-04 10:00:00,-11.2,67,8.7,350,121,81,90
1996-02-04 11:00:00,-11.2,63,8.7,360,450,661,128
1996-02-04 12:00:00,-10.0,60,7.7,360,537,774,110
1996-02-04 13:00:00,-10.0,57,8.2,330,481,672,101
1996-02-04 14:00:00,-9.5,49,8.2,340,515,789,99
1996-02-04 15:00:00,-8.9,52,8.2,310,398,669,102
1996-02-04 16:00:00,-9.5,49,6.6,320,272,621,76
1996-02-04 17:00:00,-10.6,52,6.2,320,111,414,46
1996-02-04 18:00:00,-11.7,57,5.1,320,4,40,3
1996-02-04 19:00:00,-12.3,60,6.1,320,0,0,0
1996-02-04 20:00:00,-12.3,57,5.1,320,0,0,0
1996-02-04 21:00:00,-13.4,63,4.6,300,0,0,0
1996-02-04 22:00:00,-12.8,59,5.1,290,0,0,0
1996-02-04 23:00:00,-13.9,66,6.1,310,0,0,0
1996-02-05 00:00:00,-12.8,57,5.1,290,0,0,0
1996-02-05 01:00:00,-13.4,60,4.6,290,0,0,0
1996-02-05 02:00:00,-13.9,63,5.6,290,0,0,0
1996-02-05 03:00:00,-15.0,69,5.6,310,0,0,0
1996-02-05 04:00:00,-15.6,69,6.1,320,0,0,0
1996-02-05 05:00:00,-16.2,70,4.1,330,0,0,0
1996-02-05 06:00:00,-15.0,73,4.6,290,0,0,0
1996-02-05 07:00:00,-16.2,73,3.6,280,0,0,0
1996-02-05 08:00:00,-15.0,73,4.6,280,38,153,26
1996-02-05 09:00:00,-13.4,67,4.6,290,185,559,52
1996-02-05 10:00:00,-11.7,57,6.6,280,299,501,107
1996-02-05 11:00:00,-10.6,49,6.7,280,517,944,52
1996-02-05 12:00:00,-10.0,46,6.1,280,596,971,57
1996-02-05 13:00:00,-8.9,42,6.1,280,613,975,58
1996-02-05 14:00:00,-8.9,49,6.6,240,565,958,55
1996-02-05 15:00:00,-8.4,45,6.1,230,458,915,48
1996-02-05 16:00:00,-8.4,43,6.1,240,260,560,81
1996-02-05 17:00:00,-8.9,49,6.6,220,129,584,35
1996-02-05 18:00:00,-10.6,60,5.1,200,7,61,5
1996-02-05 19:00:00,-11.7,66,4.6,200,0,0,0
1996-02-05 20:00:00,-11.2,71,5.1,200,0,0,0
1996-02-05 21:00:00,-11.7,74,5.6,200,0,0,0
1996-02-05 22:00:00,-11.7,74,4.6,220,0,0,0
1996-02-05 23:00:00,-11.7,74,3.6,240,0,0,0
1996-02-06 00:00:00,-11.2,74,4.6,240,0,0,0
1996-02-06 01:00:00,-11.2,74,4.1,260,0,0,0
1996-02-06 02:00:00,-10.6,78,3.0,270,0,0,0
1996-02-06 03:00:00,-11.2,74,3.0,290,0,0,0
1996-02-06 04:00:00,-11.7,78,3.0,260,0,0,0
1996-02-06 05:00:00,-12.8,86,1.0,240,0,0,0
1996-02-06 06:00:00,-12.8,82,2.0,230,0,0,0
1996-02-06 07:00:00,-12.8,86,1.5,280,0,0,0
1996-02-06 08:00:00,-11.2,78,1.5,240,37,111,29
1996-02-06 09:00:00,-8.9,64,1.5,210,190,583,49
1996-02-06 10:00:00,-5.0,50,4.6,280,358,749,68
1996-02-06 11:00:00,-4.5,50,4.1,270,492,827,82
1996-02-06 12:00:00,-2.8,42,7.2,290,516,728,109
1996-02-06 13:00:00,-2.3,40,5.6,310,511,573,182
1996-02-06 14:00:00,-2.3,40,5.6,270,509,748,108
1996-02-06 15:00:00,-1.7,40,5.6,290,419,678,113
1996-02-06 16:00:00,-2.3,44,5.1,280,282,686,60
1996-02-06 17:00:00,-2.8,42,3.0,260,111,442,39
1996-02-06 18:00:00,-3.9,48,1.5,240,5,27,4
1996-02-06 19:00:00,-7.3,61,2.0,190,0,0,0
1996-02-06 20:00:00,-7.8,67,1.0,130,0,0,0
1996-02-06 21:00:00,-7.8,64,1.5,160,0,0,0
1996-02-06 22:00:00,-10.0,78,2.5,180,0,0,0
1996-02-06 23:00:00,-10.0,78,2.5,170,0,0,0
1996-02-07 00:00:00,-10.6,82,2.5,170,0,0,0
1996-02-07 01:00:00,-11.2,87,3.0,170,0,0,0
1996-02-07 02:00:00,-10.0,81,2.0,180,0,0,0
1996-02-07 03:00:00,-10.0,86,2.5,180,0,0,0
1996-02-07 04:00:00,-10.0,86,3.0,170,0,0,0
1996-02-07 05:00:00,-10.0,90,2.5,170,0,0,0
1996-02-07 06:00:00,-11.2,96,2.5,170,0,0,0
1996-02-07 07:00:00,-10.6,95,2.5,180,0,0,0
1996-02-07 08:00:00,-9.5,91,3.0,170,30,45,27
1996-02-07 09:00:00,-7.8,86,3.6,180,166,359,78
1996-02-07 10:00:00,-4.5,79,4.1,170,328,588,98
1996-02-07 11:00:00,-1.2,57,6.1,180,420,574,133
1996-02-07 12:00:00,0.5,55,6.1,180,483,522,189
1996-02-07 13:00:00,1.1,50,8.2,180,383,474,108
1996-02-07 14:00:00,2.2,36,5.1,190,498,502,227
1996-02-07 15:00:00,2.2,46,7.7,190,434,599,161
1996-02-07 16:00:00,1.1,52,5.1,190,259,275,169
1996-02-07 17:00:00,0.5,52,5.1,160,103,282,56
1996-02-07 18:00:00,-0.6,62,4.1,180,6,36,5
1996-02-07 19:00:00,-0.6,62,5.6,190,0,0,0
1996-02-07 20:00:00,-1.2,69,3.6,170,0,0,0
1996-02-07 21:00:00,0.0,69,6.6,190,0,0,0
1996-02-07 22:00:00,0.5,70,6.1,190,0,0,0
1996-02-07 23:00:00,0.5,76,5.1,190,0,0,0
1996-02-08 00:00:00,1.6,74,5.1,210,0,0,0
1996-02-08 01:00:00,1.1,88,6.6,210,0,0,0
1996-02-08 02:00:00,1.1,92,7.2,210,0,0,0
1996-02-08 03:00:00,1.1,92,7.7,200,0,0,0
1996-02-08 04:00:00,1.6,92,7.7,210,0,0,0
1996-02-08 05:00:00,1.6,92,7.2,210,0,0,0
1996-02-08 06:00:00,1.6,92,6.1,220,0,0,0
1996-02-08 07:00:00,1.6,92,4.6,210,0,0,0
1996-02-08 08:00:00,1.7,92,4.1,210,42,12,41
1996-02-08 09:00:00,2.7,89,3.6,200,97,53,84
1996-02-08 10:00:00,2.7,89,4.6,180,210,271,102
1996-02-08 11:00:00,3.3,85,4.6,210,138,0,138
1996-02-08 12:00:00,4.4,79,5.1,210,160,0,160
1996-02-08 13:00:00,5.0,76,5.1,210,165,0,165
1996-02-08 14:00:00,4.4,82,5.1,210,152,0,152
1996-02-08 15:00:00,5.5,76,6.6,220,275,185,190
1996-02-08 16:00:00,4.4,82,3.0,180,211,147,162
1996-02-08 17:00:00,5.0,79,5.6,200,82,28,77
1996-02-08 18:00:00,4.4,82,7.2,200,8,2,7
1996-02-08 19:00:00,3.8,86,7.2,210,0,0,0
1996-02-08 20:00:00,3.8,89,7.2,220,0,0,0
1996-02-08 21:00:00,4.4,89,9.2,220,0,0,0
1996-02-08 22:00:00,4.4,93,8.2,230,0,0,0
1996-02-08 23:00:00,3.8,97,7.2,200,0,0,0
1996-02-09 00:00:00,4.4,93,7.7,230,0,0,0
1996-02-09 01:00:00,4.4,93,6.6,240,0,0,0
1996-02-09 02:00:00,4.4,89,7.2,240,0,0,0
1996-02-09 03:00:00,4.4,93,6.6,240,0,0,0
1996-02-09 04:00:00,3.8,93,6.1,240,0,0,0
1996-02-09 05:00:00,3.8,93,4.6,250,0,0,0
1996-02-09 06:00:00,3.8,93,4.6,230,0,0,0
1996-02-09 07:00:00,3.8,93,5.1,240,0,0,0
1996-02-09 08:00:00,4.4,89,4.6,270,34,79,27
1996-02-09 09:00:00,5.5,86,5.1,270,149,229,91
1996-02-09 10:00:00,7.7,71,6.1,300,359,586,124
1996-02-09 11:00:00,8.3,60,6.6,310,485,740,108
1996-02-09 12:00:00,8.8,58,9.2,290,498,653,124
1996-02-09 13:00:00,8.8,56,10.2,310,569,833,80
1996-02-09 14:00:00,8.3,56,11.3,300,590,869,112
1996-02-09 15:00:00,8.3,53,10.8,310,415,483,191
1996-02-09 16:00:00,7.7,53,8.2,300,262,437,115
1996-02-09 17:00:00,6.7,54,5.7,300,115,160,87
1996-02-09 18:00:00,5.5,59,4.1,290,7,61,5
1996-02-09 19:00:00,4.4,63,3.6,280,0,0,0
1996-02-09 20:00:00,3.8,69,4.1,260,0,0,0
1996-02-09 21:00:00,5.0,64,4.6,280,0,0,0
1996-02-09 22:00:00,3.8,69,4.1,270,0,0,0
1996-02-09 23:00:00,5.0,61,5.1,280,0,0,0
1996-02-10 00:00:00,3.8,69,5.1,250,0,0,0
1996-02-10 01:00:00,3.8,69,4.1,260,0,0,0
1996-02-10 02:00:00,3.3,69,4.6,280,0,0,0
1996-02-10 03:00:00,2.2,74,4.6,270,0,0,0
1996-02-10 04:00:00,1.1,76,3.6,250,0,0,0
1996-02-10 05:00:00,0.5,80,2.5,300,0,0,0
1996-02-10 06:00:00,1.6,77,3.0,320,0,0,0
1996-02-10 07:00:00,1.1,70,3.0,320,0,0,0
1996-02-10 08:00:00,0.5,80,2.5,220,45,175,30
1996-02-10 09:00:00,3.3,69,2.5,250,156,287,82
1996-02-10 10:00:00,5.5,54,1.0,140,112,28,100
1996-02-10 11:00:00,6.6,54,2.5,260,150,0,150
1996-02-10 12:00:00,7.7,55,3.6,250,262,188,154
1996-02-10 13:00:00,8.3,51,2.5,220,222,0,222
1996-02-10 14:00:00,8.8,54,2.5,220,206,0,206
1996-02-10 15:00:00,8.8,56,5.1,210,168,0,168
1996-02-10 16:00:00,8.3,53,6.6,220,113,0,113
1996-02-10 17:00:00,6.6,63,4.1,190,50,0,50
1996-02-10 18:00:00,6.1,65,2.5,150,5,0,5
1996-02-10 19:00:00,6.1,65,4.1,160,0,0,0
1996-02-10 20:00:00,3.8,79,3.0,110,0,0,0
1996-02-10 21:00:00,3.3,82,2.5,150,0,0,0
1996-02-10 22:00:00,6.1,65,4.1,170,0,0,0
1996-02-10 23:00:00,7.2,62,5.6,190,0,0,0
1996-02-11 00:00:00,9.4,52,8.2,210,0,0,0
1996-02-11 01:00:00,8.8,54,7.7,210,0,0,0
1996-02-11 02:00:00,10.0,50,8.2,210,0,0,0
1996-02-11 03:00:00,10.5,48,8.7,220,0,0,0
1996-02-11 04:00:00,9.4,54,8.2,210,0,0,0
1996-02-11 05:00:00,9.4,54,8.2,210,0,0,0
1996-02-11 06:00:00,10.0,56,7.7,210,0,0,0
1996-02-11 07:00:00,9.4,63,7.2,220,0,0,0
1996-02-11 08:00:00,10.0,63,6.1,220,36,26,34
1996-02-11 09:00:00,10.5,61,5.1,260,124,101,97
1996-02-11 10:00:00,10.5,63,4.1,270,148,19,140
1996-02-11 11:00:00,10.5,63,3.6,290,192,82,149
1996-02-11 12:00:00,10.5,56,8.2,310,204,100,145
1996-02-11 13:00:00,10.5,44,9.2,300,550,562,215
1996-02-11 14:00:00,11.1,37,8.7,320,480,510,195
1996-02-11 15:00:00,10.0,36,8.2,290,399,468,178
1996-02-11 16:00:00,10.0,33,11.3,290,233,342,115
1996-02-11 17:00:00,9.4,36,7.2,280,77,142,51
1996-02-11 18:00:00,7.7,38,7.2,280,9,46,7
1996-02-11 19:00:00,6.6,43,11.8,290,0,0,0
1996-02-11 20:00:00,5.5,46,6.1,280,0,0,0
1996-02-11 21:00:00,5.0,44,7.2,270,0,0,0
1996-02-11 22:00:00,4.4,46,7.7,270,0,0,0
1996-02-11 23:00:00,3.8,52,6.6,280,0,0,0
1996-02-12 00:00:00,3.3,52,8.2,270,0,0,0
1996-02-12 01:00:00,2.7,49,12.8,280,0,0,0
1996-02-12 02:00:00,1.1,45,10.2,310,0,0,0
1996-02-12 03:00:00,0.5,45,10.2,300,0,0,0
1996-02-12 04:00:00,-0.6,45,9.7,310,0,0,0
1996-02-12 05:00:00,-0.6,49,9.2,310,0,0,0
1996-02-12 06:00:00,-1.7,54,7.2,310,0,0,0
1996-02-12 07:00:00,-2.3,54,8.7,310,0,0,0
1996-02-12 08:00:00,-1.7,51,9.2,320,48,175,32
1996-02-12 09:00:00,-1.2,38,10.2,330,65,34,56
1996-02-12 10:00:00,0.0,43,8.7,310,224,108,179
1996-02-12 11:00:00,0.0,37,10.2,330,315,84,270
1996-02-12 12:00:00,0.5,43,10.2,310,284,76,239
1996-02-12 13:00:00,0.0,33,9.7,310,371,131,292
1996-02-12 14:00:00,0.5,33,9.2,300,218,141,138
1996-02-12 15:00:00,-1.2,30,9.2,310,283,179,197
1996-02-12 16:00:00,-2.3,38,8.2,320,187,80,158
1996-02-12 17:00:00,-2.8,38,10.8,330,115,27,110
1996-02-12 18:00:00,-3.9,39,7.7,320,11,89,7
1996-02-12 19:00:00,-4.5,50,6.6,330,0,0,0
1996-02-12 20:00:00,-5.0,50,6.6,330,0,0,0
1996-02-12 21:00:00,-4.5,41,6.6,330,0,0,0
1996-02-12 22:00:00,-5.0,46,11.8,330,0,0,0
1996-02-12 23:00:00,-6.2,41,8.7,330,0,0,0
1996-02-13 00:00:00,-6.7,48,7.2,330,0,0,0
1996-02-13 01:00:00,-6.7,45,5.1,320,0,0,0
1996-02-13 02:00:00,-6.7,53,9.7,300,0,0,0
1996-02-13 03:00:00,-7.3,50,9.2,300,0,0,0
1996-02-13 04:00:00,-7.3,43,6.1,300,0,0,0
1996-02-13 05:00:00,-7.8,40,6.1,280,0,0,0
1996-02-13 06:00:00,-7.8,42,5.6,280,0,0,0
1996-02-13 07:00:00,-7.8,50,7.2,280,0,1,0
1996-02-13 08:00:00,-6.7,53,8.2,280,37,135,24
1996-02-13 09:00:00,-5.6,43,11.8,280,187,413,75
1996-02-13 10:00:00,-5.0,48,11.3,300,323,243,222
1996-02-13 11:00:00,-3.9,43,9.7,300,518,764,116
1996-02-13 12:00:00,-2.8,38,8.7,310,575,742,137
1996-02-13 13:00:00,-1.7,24,10.2,290,623,894,82
1996-02-13 14:00:00,-0.6,24,8.7,300,499,630,141
1996-02-13 15:00:00,-0.6,30,6.1,280,458,716,113
1996-02-13 16:00:00,-1.2,30,7.7,270,311,519,127
1996-02-13 17:00:00,-1.2,33,6.6,280,129,415,50
1996-02-13 18:00:00,-3.4,36,3.0,250,10,63,7
1996-02-13 19:00:00,-3.4,49,3.0,200,0,0,0
1996-02-13 20:00:00,-6.2,48,3.0,160,0,0,0
1996-02-13 21:00:00,-6.2,72,4.1,160,0,0,0
1996-02-13 22:00:00,-6.2,56,3.6,160,0,0,0
1996-02-13 23:00:00,-5.0,61,4.1,170,0,0,0
1996-02-14 00:00:00,-3.4,62,5.6,170,0,0,0
1996-02-14 01:00:00,-1.7,44,5.1,180,0,0,0
1996-02-14 02:00:00,-0.6,54,6.1,170,0,0,0
1996-02-14 03:00:00,0.5,55,7.7,170,0,0,0
1996-02-14 04:00:00,0.5,92,10.2,200,0,0,0
1996-02-14 05:00:00,0.0,87,6.1,200,0,0,0
1996-02-14 06:00:00,0.0,91,7.2,190,0,0,0
1996-02-14 07:00:00,0.5,92,6.6,210,0,0,0
1996-02-14 08:00:00,1.6,77,7.2,200,22,0,22
1996-02-14 09:00:00,2.7,68,7.2,210,94,36,84
1996-02-14 10:00:00,4.4,63,10.2,220,272,193,190
1996-02-14 11:00:00,6.1,56,8.7,240,339,314,172
1996-02-14 12:00:00,8.3,46,7.7,260,543,708,121
1996-02-14 13:00:00,8.8,39,9.2,280,336,203,212
1996-02-14 14:00:00,8.8,41,7.2,280,222,0,222
1996-02-14 15:00:00,9.4,41,3.6,270,185,0,185
1996-02-14 16:00:00,8.8,41,2.5,270,278,230,196
1996-02-14 17:00:00,6.6,50,3.0,350,92,111,70
1996-02-14 18:00:00,6.1,49,3.0,310,13,22,12
1996-02-14 19:00:00,4.4,50,3.6,310,0,0,0
1996-02-14 20:00:00,3.8,50,4.1,290,0,0,0
1996-02-14 21:00:00,2.7,57,3.6,310,0,0,0
1996-02-14 22:00:00,2.2,59,3.6,350,0,0,0
1996-02-14 23:00:00,1.6,56,1.0,230,0,0,0
1996-02-15 00:00:00,0.0,66,1.5,170,0,0,0
1996-02-15 01:00:00,-1.2,73,2.0,180,0,0,0
1996-02-15 02:00:00,0.0,69,1.5,190,0,0,0
1996-02-15 03:00:00,0.5,70,2.0,240,0,0,0
1996-02-15 04:00:00,0.5,66,2.0,10,0,0,0
1996-02-15 05:00:00,1.6,67,2.0,330,0,0,0
1996-02-15 06:00:00,0.5,80,1.5,220,0,0,0
1996-02-15 07:00:00,-0.6,95,1.0,160,0,0,0
1996-02-15 08:00:00,0.5,87,1.5,320,21,0,21
1996-02-15 09:00:00,0.0,95,2.5,340,66,0,66
1996-02-15 10:00:00,0.0,95,3.6,350,97,0,97
1996-02-15 11:00:00,1.1,88,3.0,340,130,0,130
1996-02-15 12:00:00,1.6,85,4.6,350,178,0,178
1996-02-15 13:00:00,2.7,78,5.6,350,537,219,402
1996-02-15 14:00:00,2.7,72,4.6,340,299,137,220
1996-02-15 15:00:00,3.3,69,3.6,330,259,125,198
1996-02-15 16:00:00,2.7,72,3.0,20,183,160,125
1996-02-15 17:00:00,3.3,65,2.5,320,119,234,72
1996-02-15 18:00:00,0.0,79,2.5,30,13,72,9
1996-02-15 19:00:00,-1.2,87,1.0,160,0,0,0
1996-02-15 20:00:00,-1.2,87,0.5,240,0,0,0
1996-02-15 21:00:00,-2.8,91,1.5,20,0,0,0
1996-02-15 22:00:00,-1.7,91,1.5,250,0,0,0
1996-02-15 23:00:00,-2.3,91,2.0,40,0,0,0
1996-02-16 00:00:00,-3.4,91,3.6,30,0,0,0
1996-02-16 01:00:00,-2.3,87,2.0,70,0,0,0
1996-02-16 02:00:00,-1.7,87,6.1,60,0,0,0
1996-02-16 03:00:00,-1.2,91,2.5,70,0,0,0
1996-02-16 04:00:00,-0.6,91,4.1,20,0,0,0
1996-02-16 05:00:00,-1.2,91,5.1,30,0,0,0
1996-02-16 06:00:00,-1.2,83,5.6,20,0,0,0
1996-02-16 07:00:00,-1.2,76,5.6,10,0,0,0
1996-02-16 08:00:00,-2.8,95,8.2,360,15,0,15
1996-02-16 09:00:00,-2.3,91,8.7,20,57,0,57
1996-02-16 10:00:00,-2.8,100,9.2,10,83,0,83
1996-02-16 11:00:00,-2.8,95,9.2,20,110,0,110
1996-02-16 12:00:00,-3.4,96,10.2,10,125,0,125
1996-02-16 13:00:00,-3.4,91,12.8,10,154,0,154
1996-02-16 14:00:00,-3.9,91,10.8,10,143,0,143
1996-02-16 15:00:00,-3.9,91,10.8,360,118,0,118
1996-02-16 16:00:00,-4.5,100,11.8,350,67,0,67
1996-02-16 17:00:00,-4.5,91,11.8,350,37,0,37
1996-02-16 18:00:00,-4.5,91,12.3,350,6,0,6
1996-02-16 19:00:00,-4.5,100,9.7,340,0,0,0
1996-02-16 20:00:00,-5.0,95,9.7,340,0,0,0
1996-02-16 21:00:00,-5.0,92,10.2,340,0,0,0
1996-02-16 22:00:00,-5.0,90,9.7,330,0,0,0
1996-02-16 23:00:00,-4.5,83,10.8,330,0,0,0
1996-02-17 00:00:00,-4.5,71,10.2,330,0,0,0
1996-02-17 01:00:00,-5.6,71,10.2,320,0,0,0
1996-02-17 02:00:00,-6.2,87,11.3,320,0,0,0
1996-02-17 03:00:00,-6.2,83,10.8,320,0,0,0
1996-02-17 04:00:00,-6.7,78,9.7,320,0,0,0
1996-02-17 05:00:00,-6.7,64,9.7,320,0,0,0
1996-02-17 06:00:00,-7.3,64,10.8,310,0,0,0
1996-02-17 07:00:00,-8.4,68,8.2,310,0,1,0
1996-02-17 08:00:00,-7.8,64,9.2,310,45,124,31
1996-02-17 09:00:00,-7.3,64,8.7,300,212,445,84
1996-02-17 10:00:00,-6.7,64,11.3,310,346,385,178
1996-02-17 11:00:00,-5.6,48,7.7,310,526,723,132
1996-02-17 12:00:00,-3.9,41,9.2,310,591,719,152
1996-02-17 13:00:00,-2.8,44,7.7,280,571,620,184
1996-02-17 14:00:00,-1.2,42,9.2,290,593,663,204
1996-02-17 15:00:00,-1.2,40,8.2,280,164,45,142
1996-02-17 16:00:00,-1.2,40,7.2,270,333,564,124
1996-02-17 17:00:00,-2.3,46,6.6,270,52,28,46
1996-02-17 18:00:00,-3.9,53,4.1,250,14,3,14
1996-02-17 19:00:00,-5.0,58,4.6,240,0,0,0
1996-02-17 20:00:00,-5.0,56,4.1,240,0,0,0
1996-02-17 21:00:00,-5.0,61,4.1,220,0,0,0
1996-02-17 22:00:00,-5.0,61,5.1,220,0,0,0
1996-02-17 23:00:00,-6.2,64,3.6,210,0,0,0
1996-02-18 00:00:00,-6.2,56,3.0,200,0,0,0
1996-02-18 01:00:00,-5.6,61,4.6,210,0,0,0
1996-02-18 02:00:00,-5.0,65,4.1,250,0,0,0
1996-02-18 03:00:00,-4.5,65,4.1,240,0,0,0
1996-02-18 04:00:00,-5.6,71,3.6,220,0,0,0
1996-02-18 05:00:00,-5.6,71,4.6,240,0,0,0
1996-02-18 06:00:00,-5.6,75,4.6,240,0,0,0
1996-02-18 07:00:00,-4.5,71,4.1,250,0,2,0
1996-02-18 08:00:00,-4.5,71,4.6,270,66,281,34
1996-02-18 09:00:00,-1.7,59,7.2,280,229,556,67
1996-02-18 10:00:00,-0.6,57,7.7,300,398,745,70
1996-02-18 11:00:00,0.0,52,8.2,300,550,840,88
1996-02-18 12:00:00,0.5,41,10.2,280,610,845,90
1996-02-18 13:00:00,0.5,39,8.7,300,615,824,97
1996-02-18 14:00:00,0.5,41,7.7,290,563,806,87
1996-02-18 15:00:00,0.5,33,8.2,290,466,756,85
1996-02-18 16:00:00,0.5,32,5.6,280,345,755,62
1996-02-18 17:00:00,0.0,37,6.6,280,160,557,42
1996-02-18 18:00:00,-1.7,40,3.0,290,17,64,13
1996-02-18 19:00:00,-2.8,46,1.5,290,0,0,0
1996-02-18 20:00:00,-6.2,62,2.0,140,0,0,0
1996-02-18 21:00:00,-6.2,56,1.5,20,0,0,0
1996-02-18 22:00:00,-5.0,68,3.0,180,0,0,0
1996-02-18 23:00:00,-5.6,71,3.0,180,0,0,0
1996-02-19 00:00:00,-6.7,67,3.6,170,0,0,0
1996-02-19 01:00:00,-6.7,71,3.0,190,0,0,0
1996-02-19 02:00:00,-6.2,64,2.0,190,0,0,0
1996-02-19 03:00:00,-7.8,71,2.0,170,0,0,0
1996-02-19 04:00:00,-9.5,86,2.5,20,0,0,0
1996-02-19 05:00:00,-8.9,74,1.5,80,0,0,0
1996-02-19 06:00:00,-6.7,78,2.0,150,0,0,0
1996-02-19 07:00:00,-2.3,76,4.1,150,0,0,0
1996-02-19 08:00:00,0.0,66,4.1,150,46,14,44
1996-02-19 09:00:00,1.6,64,6.1,150,164,193,107
1996-02-19 10:00:00,3.3,63,5.6,140,141,0,141
1996-02-19 11:00:00,4.4,66,5.1,150,191,0,191
1996-02-19 12:00:00,5.0,63,6.1,140,220,0,220
1996-02-19 13:00:00,6.1,59,6.6,150,226,0,226
1996-02-19 14:00:00,5.0,55,6.6,140,167,0,167
1996-02-19 15:00:00,4.4,63,5.1,140,136,0,136
1996-02-19 16:00:00,3.3,75,4.1,120,90,0,90
1996-02-19 17:00:00,2.7,78,3.6,130,44,0,44
1996-02-19 18:00:00,2.2,85,3.6,130,10,0,10
1996-02-19 19:00:00,3.8,83,4.1,140,0,0,0
1996-02-19 20:00:00,3.3,85,4.6,120,0,0,0
1996-02-19 21:00:00,3.3,89,5.6,140,0,0,0
1996-02-19 22:00:00,3.3,92,5.6,130,0,0,0
1996-02-19 23:00:00,3.8,93,6.1,130,0,0,0
1996-02-20 00:00:00,5.5,89,7.2,140,0,0,0
1996-02-20 01:00:00,5.5,89,7.2,140,0,0,0
1996-02-20 02:00:00,5.0,92,5.6,130,0,0,0
1996-02-20 03:00:00,5.0,92,4.6,140,0,0,0
1996-02-20 04:00:00,4.4,96,5.1,130,0,0,0
1996-02-20 05:00:00,4.4,96,5.1,130,0,0,0
1996-02-20 06:00:00,4.4,96,5.1,130,0,0,0
1996-02-20 07:00:00,5.0,92,6.1,130,1,7,1
1996-02-20 08:00:00,6.1,93,4.1,130,66,99,54
1996-02-20 09:00:00,7.2,93,5.1,120,167,320,71
1996-02-20 10:00:00,7.7,93,3.6,130,278,323,133
1996-02-20 11:00:00,8.8,86,5.1,120,429,372,221
1996-02-20 12:00:00,10.0,79,4.6,110,547,494,239
1996-02-20 13:00:00,10.0,83,5.1,120,553,612,163
1996-02-20 14:00:00,15.0,72,5.1,130,586,728,149
1996-02-20 15:00:00,12.7,75,5.6,130,410,466,170
1996-02-20 16:00:00,11.6,80,5.6,140,274,348,140
1996-02-20 17:00:00,10.0,86,5.1,140,112,80,94
1996-02-20 18:00:00,8.8,93,5.1,130,19,16,18
1996-02-20 19:00:00,8.8,97,5.1,140,0,0,0
1996-02-20 20:00:00,8.3,96,3.6,120,0,0,0
1996-02-20 21:00:00,11.6,93,3.6,140,0,0,0
1996-02-20 22:00:00,8.8,97,3.6,120,0,0,0
1996-02-20 23:00:00,10.0,96,3.6,160,0,0,0
1996-02-21 00:00:00,10.5,97,4.1,160,0,0,0
1996-02-21 01:00:00,11.1,96,4.6,180,0,0,0
1996-02-21 02:00:00,10.6,96,4.1,170,0,0,0
1996-02-21 03:00:00,10.0,100,2.5,150,0,0,0
1996-02-21 04:00:00,6.1,96,1.5,90,0,0,0
1996-02-21 05:00:00,6.1,96,1.5,90,0,0,0
1996-02-21 06:00:00,6.1,96,1.5,90,0,0,0
1996-02-21 07:00:00,6.6,97,1.5,90,0,0,0
1996-02-21 08:00:00,5.0,100,1.0,40,21,0,21
1996-02-21 09:00:00,6.1,100,0.5,50,61,0,61
1996-02-21 10:00:00,6.6,100,1.0,140,96,0,96
1996-02-21 11:00:00,8.8,100,2.5,100,122,0,122
1996-02-21 12:00:00,9.4,100,2.5,90,138,0,138
1996-02-21 13:00:00,10.5,97,1.5,10,141,0,141
1996-02-21 14:00:00,10.5,97,1.5,50,132,0,132
1996-02-21 15:00:00,12.2,96,3.0,360,407,515,140
1996-02-21 16:00:00,12.8,89,3.1,360,220,220,135
1996-02-21 17:00:00,12.2,89,3.0,30,142,140,110
1996-02-21 18:00:00,11.1,93,2.0,50,22,40,19
1996-02-21 19:00:00,10.0,96,0.5,300,0,0,0
1996-02-21 20:00:00,9.4,100,1.5,50,0,0,0
1996-02-21 21:00:00,9.4,100,0.5,250,0,0,0
1996-02-21 22:00:00,9.4,100,1.0,90,0,0,0
1996-02-21 23:00:00,9.4,96,0.5,20,0,0,0
1996-02-22 00:00:00,9.4,96,2.0,110,0,0,0
1996-02-22 01:00:00,7.7,100,1.5,130,0,0,0
1996-02-22 02:00:00,8.3,100,1.0,270,0,0,0
1996-02-22 03:00:00,9.4,100,1.0,310,0,0,0
1996-02-22 04:00:00,9.4,96,1.5,240,0,0,0
1996-02-22 05:00:00,9.4,100,2.0,330,0,0,0
1996-02-22 06:00:00,8.8,100,1.5,210,0,0,0
1996-02-22 07:00:00,9.4,100,2.0,280,0,0,0
1996-02-22 08:00:00,10.0,96,1.5,330,18,0,18
1996-02-22 09:00:00,10.0,96,2.0,360,54,0,54
1996-02-22 10:00:00,10.0,96,2.0,350,89,0,89
1996-02-22 11:00:00,10.0,96,1.0,80,117,0,117
1996-02-22 12:00:00,10.5,93,1.5,110,132,0,132
1996-02-22 13:00:00,10.5,93,1.0,240,136,0,136
1996-02-22 14:00:00,11.1,89,1.5,340,151,0,151
1996-02-22 15:00:00,9.4,93,2.5,100,126,0,126
1996-02-22 16:00:00,8.8,93,2.5,80,73,0,73
1996-02-22 17:00:00,8.8,97,1.5,140,36,0,36
1996-02-22 18:00:00,7.7,100,1.5,110,7,0,7
1996-02-22 19:00:00,8.3,96,1.0,70,0,0,0
1996-02-22 20:00:00,7.7,100,1.5,80,0,0,0
1996-02-22 21:00:00,7.7,97,1.0,110,0,0,0
1996-02-22 22:00:00,7.7,100,2.0,90,0,0,0
1996-02-22 23:00:00,7.2,96,2.0,120,0,0,0
1996-02-23 00:00:00,7.2,96,2.5,130,0,0,0
1996-02-23 01:00:00,7.2,100,1.5,130,0,0,0
1996-02-23 02:00:00,7.2,100,2.5,10,0,0,0
1996-02-23 03:00:00,6.6,100,1.5,60,0,0,0
1996-02-23 04:00:00,6.6,100,2.0,30,0,0,0
1996-02-23 05:00:00,7.2,100,2.5,90,0,0,0
1996-02-23 06:00:00,7.7,97,1.5,350,0,0,0
1996-02-23 07:00:00,7.7,100,1.0,350,0,0,0
1996-02-23 08:00:00,7.7,100,0.5,40,22,0,22
1996-02-23 09:00:00,9.4,100,2.0,50,62,0,62
1996-02-23 10:00:00,9.4,100,1.0,100,97,0,97
1996-02-23 11:00:00,10.0,100,2.0,80,123,0,123
1996-02-23 12:00:00,10.0,100,2.0,100,139,0,139
1996-02-23 13:00:00,10.0,96,2.5,80,142,0,142
1996-02-23 14:00:00,9.4,96,2.5,120,133,0,133
1996-02-23 15:00:00,10.0,96,2.0,130,134,0,134
1996-02-23 16:00:00,10.0,92,3.0,130,97,0,97
1996-02-23 17:00:00,8.3,96,3.6,140,99,56,86
1996-02-23 18:00:00,7.7,97,4.1,130,7,0,7
1996-02-23 19:00:00,7.2,96,4.6,160,0,0,0
1996-02-23 20:00:00,7.2,96,4.1,130,0,0,0
1996-02-23 21:00:00,6.1,96,5.1,150,0,0,0
1996-02-23 22:00:00,6.1,96,4.6,140,0,0,0
1996-02-23 23:00:00,6.6,97,3.6,160,0,0,0
1996-02-24 00:00:00,7.2,96,3.0,160,0,0,0
1996-02-24 01:00:00,6.1,100,4.6,130,0,0,0
1996-02-24 02:00:00,6.1,96,4.1,150,0,0,0
1996-02-24 03:00:00,5.5,100,2.0,130,0,0,0
1996-02-24 04:00:00,7.7,100,2.0,30,0,0,0
1996-02-24 05:00:00,10.5,97,0.5,350,0,0,0
1996-02-24 06:00:00,10.5,100,4.1,230,0,0,0
1996-02-24 07:00:00,12.2,97,7.7,250,0,0,0
1996-02-24 08:00:00,11.6,93,7.2,250,20,0,20
1996-02-24 09:00:00,11.6,83,8.2,270,249,542,76
1996-02-24 10:00:00,13.3,51,11.3,290,431,701,102
1996-02-24 11:00:00,13.3,25,12.8,290,528,687,130
1996-02-24 12:00:00,13.3,24,12.8,290,667,857,115
1996-02-24 13:00:00,13.8,25,11.8,280,661,753,166
1996-02-24 14:00:00,14.4,22,13.3,280,583,767,108
1996-02-24 15:00:00,15.0,18,14.4,280,470,657,121
1996-02-24 16:00:00,15.0,19,13.8,270,361,707,78
1996-02-24 17:00:00,13.8,22,10.2,270,163,446,58
1996-02-24 18:00:00,12.7,21,7.7,270,22,109,15
1996-02-24 19:00:00,12.2,24,8.2,270,0,0,0
1996-02-24 20:00:00,11.1,27,6.1,270,0,0,0
1996-02-24 21:00:00,11.1,25,7.7,270,0,0,0
1996-02-24 22:00:00,11.1,24,8.2,270,0,0,0
1996-02-24 23:00:00,10.5,25,7.2,270,0,0,0
1996-02-25 00:00:00,10.0,33,7.7,290,0,0,0
1996-02-25 01:00:00,10.0,33,6.1,280,0,0,0
1996-02-25 02:00:00,8.8,34,6.1,270,0,0,0
1996-02-25 03:00:00,9.4,34,6.6,280,0,0,0
1996-02-25 04:00:00,8.8,35,6.1,270,0,0,0
1996-02-25 05:00:00,7.7,40,5.6,260,0,0,0
1996-02-25 06:00:00,7.7,44,6.6,260,0,0,0
1996-02-25 07:00:00,7.7,42,6.6,260,1,6,1
1996-02-25 08:00:00,9.4,45,8.2,250,83,265,44
1996-02-25 09:00:00,12.2,32,7.2,260,219,328,113
1996-02-25 10:00:00,14.4,30,8.7,270,393,558,129
1996-02-25 11:00:00,16.1,29,9.2,270,544,637,172
1996-02-25 12:00:00,18.3,20,11.3,300,543,593,158
1996-02-25 13:00:00,18.3,18,11.8,300,630,656,196
1996-02-25 14:00:00,18.8,19,9.7,290,584,661,172
1996-02-25 15:00:00,19.4,20,9.2,280,496,641,153
1996-02-25 16:00:00,18.8,20,8.7,280,266,175,195
1996-02-25 17:00:00,18.3,19,9.2,280,156,343,74
1996-02-25 18:00:00,16.6,22,4.6,280,22,54,19
1996-02-25 19:00:00,15.5,22,6.1,270,0,0,0
1996-02-25 20:00:00,15.0,22,5.6,260,0,0,0
1996-02-25 21:00:00,13.8,25,4.1,250,0,0,0
1996-02-25 22:00:00,15.0,22,5.1,280,0,0,0
1996-02-25 23:00:00,12.7,29,3.6,270,0,0,0
1996-02-26 00:00:00,13.3,32,4.1,270,0,0,0
1996-02-26 01:00:00,14.4,31,5.1,260,0,0,0
1996-02-26 02:00:00,13.8,32,5.1,260,0,0,0
1996-02-26 03:00:00,12.2,37,4.1,270,0,0,0
1996-02-26 04:00:00,10.5,42,2.0,310,0,0,0
1996-02-26 05:00:00,9.4,45,3.0,310,0,0,0
1996-02-26 06:00:00,8.8,47,2.0,340,0,0,0
1996-02-26 07:00:00,7.7,48,2.0,290,2,29,1
1996-02-26 08:00:00,12.2,41,3.0,310,97,304,51
1996-02-26 09:00:00,14.4,32,4.6,300,200,173,142
1996-02-26 10:00:00,15.5,31,6.1,300,266,244,149
1996-02-26 11:00:00,15.5,29,5.6,290,378,297,203
1996-02-26 12:00:00,15.5,30,6.1,270,460,343,235
1996-02-26 13:00:00,15.5,29,6.1,260,547,352,312
1996-02-26 14:00:00,10.5,48,6.1,270,457,307,263
1996-02-26 15:00:00,14.4,37,6.1,280,403,338,220
1996-02-26 16:00:00,13.8,43,3.6,270,144,0,144
1996-02-26 17:00:00,12.7,53,4.1,290,75,0,75
1996-02-26 18:00:00,11.6,57,3.0,270,14,0,14
1996-02-26 19:00:00,11.6,57,4.1,270,0,0,0
1996-02-26 20:00:00,10.5,66,3.0,270,0,0,0
1996-02-26 21:00:00,10.5,66,2.5,320,0,0,0
1996-02-26 22:00:00,10.5,63,2.0,280,0,0,0
1996-02-26 23:00:00,10.5,63,2.5,320,0,0,0
1996-02-27 00:00:00,10.5,66,2.5,350,0,0,0
1996-02-27 01:00:00,10.0,56,2.0,360,0,0,0
1996-02-27 02:00:00,10.0,41,2.0,100,0,0,0
1996-02-27 03:00:00,9.4,45,2.0,320,0,0,0
1996-02-27 04:00:00,8.3,48,2.0,350,0,0,0
1996-02-27 05:00:00,6.6,45,2.0,100,0,0,0
1996-02-27 06:00:00,6.6,52,2.0,340,0,0,0
1996-02-27 07:00:00,6.6,41,1.0,300,2,5,2
1996-02-27 08:00:00,8.3,40,2.5,20,75,143,52
1996-02-27 09:00:00,10.5,32,2.5,30,264,522,89
1996-02-27 10:00:00,11.6,29,1.5,130,418,649,103
1996-02-27 11:00:00,12.2,27,0.5,360,582,775,122
1996-02-27 12:00:00,13.8,22,4.1,120,419,296,224
1996-02-27 13:00:00,10.5,29,4.1,120,573,420,291
1996-02-27 14:00:00,9.4,32,3.6,120,501,408,242
1996-02-27 15:00:00,7.7,44,4.1,120,163,0,163
1996-02-27 16:00:00,7.7,46,5.1,130,118,0,118
1996-02-27 17:00:00,7.2,60,5.1,150,62,0,62
1996-02-27 18:00:00,6.1,70,5.6,130,28,40,25
1996-02-27 19:00:00,6.1,76,2.0,120,0,0,0
1996-02-27 20:00:00,6.1,79,1.5,110,0,0,0
1996-02-27 21:00:00,6.1,76,2.0,110,0,0,0
1996-02-27 22:00:00,7.2,70,4.1,160,0,0,0
1996-02-27 23:00:00,8.8,63,5.1,170,0,0,0
1996-02-28 00:00:00,10.0,60,1.0,200,0,0,0
1996-02-28 01:00:00,8.3,73,2.0,120,0,0,0
1996-02-28 02:00:00,7.2,82,1.0,80,0,0,0
1996-02-28 03:00:00,6.6,90,1.5,20,0,0,0
1996-02-28 04:00:00,6.6,93,1.0,50,0,0,0
1996-02-28 05:00:00,10.0,86,0.5,250,0,0,0
1996-02-28 06:00:00,13.3,83,6.6,230,0,0,0
1996-02-28 07:00:00,12.7,86,2.5,250,3,9,3
1996-02-28 08:00:00,12.7,86,4.1,230,81,72,69
1996-02-28 09:00:00,13.8,84,5.1,250,190,188,126
1996-02-28 10:00:00,16.6,72,7.2,280,391,412,190
1996-02-28 11:00:00,17.2,67,5.6,280,334,289,161
1996-02-28 12:00:00,17.7,63,5.1,280,591,463,284
1996-02-28 13:00:00,18.3,45,8.7,280,591,506,249
1996-02-28 14:00:00,17.7,41,8.7,270,579,558,224
1996-02-28 15:00:00,17.2,31,9.2,280,456,511,176
1996-02-28 16:00:00,17.2,32,7.7,270,263,320,130
1996-02-28 17:00:00,16.1,28,6.1,260,165,361,74
1996-02-28 18:00:00,15.0,28,6.1,260,30,31,27
1996-02-28 19:00:00,13.3,25,11.3,310,0,0,0
1996-02-28 20:00:00,8.8,35,9.7,300,0,0,0
1996-02-28 21:00:00,6.6,31,14.4,300,0,0,0
1996-02-28 22:00:00,4.9,41,12.6,310,0,0,0
1996-02-28 23:00:00,3.1,40,10.7,310,0,0,0
1996-02-29 00:00:00,1.4,39,8.9,300,0,0,0
1996-03-01 01:00:00,-0.3,58,7.0,310,0,0,0
1996-03-01 02:00:00,-2.0,56,5.2,310,0,0,0
1996-03-01 03:00:00,-3.8,58,3.3,220,0,0,0
1996-03-01 04:00:00,-5.6,65,1.5,260,0,0,0
1996-03-01 05:00:00,-6.2,68,1.5,280,0,0,0
1996-03-01 06:00:00,-6.2,83,2.0,190,0,0,0
1996-03-01 07:00:00,-5.6,72,2.1,240,5,67,3
1996-03-01 08:00:00,-4.5,71,1.5,250,118,499,33
1996-03-01 09:00:00,-2.3,49,2.0,150,288,581,85
1996-03-01 10:00:00,-1.2,42,2.0,240,462,650,137
1996-03-01 11:00:00,0.0,38,2.5,240,361,196,242
1996-03-01 12:00:00,1.6,38,4.6,270,426,249,258
1996-03-01 13:00:00,2.2,34,4.6,270,498,37,472
1996-03-01 14:00:00,2.7,35,6.6,260,333,145,239
1996-03-01 15:00:00,2.7,35,4.6,210,213,0,213
1996-03-01 16:00:00,2.7,37,1.0,170,216,123,163
1996-03-01 17:00:00,2.2,40,4.6,210,115,21,109
1996-03-01 18:00:00,0.5,60,3.0,120,46,20,44
1996-03-01 19:00:00,0.0,59,2.0,150,0,0,0
1996-03-01 20:00:00,0.0,62,3.6,160,0,0,0
1996-03-01 21:00:00,0.5,63,5.1,150,0,0,0
1996-03-01 22:00:00,-0.6,66,2.5,150,0,0,0
1996-03-01 23:00:00,-0.6,66,1.5,150,0,0,0
1996-03-02 00:00:00,0.0,66,2.0,150,0,0,0
1996-03-02 01:00:00,-0.6,87,4.1,190,0,0,0
1996-03-02 02:00:00,-1.2,96,2.0,40,0,0,0
1996-03-02 03:00:00,-1.2,96,2.0,50,0,0,0
1996-03-02 04:00:00,-0.6,91,2.6,20,0,0,0
1996-03-02 05:00:00,-0.6,95,5.1,40,0,0,0
1996-03-02 06:00:00,-0.6,91,5.1,40,0,0,0
1996-03-02 07:00:00,-0.6,95,5.1,40,2,0,2
1996-03-02 08:00:00,-0.6,91,5.1,60,32,0,32
1996-03-02 09:00:00,-0.6,91,4.6,20,65,0,65
1996-03-02 10:00:00,0.0,87,4.1,20,101,0,101
1996-03-02 11:00:00,0.5,87,4.6,20,128,0,128
1996-03-02 12:00:00,1.1,80,4.6,340,172,0,172
1996-03-02 13:00:00,1.6,77,3.0,10,610,576,212
1996-03-02 14:00:00,3.3,69,1.0,50,442,167,333
1996-03-02 15:00:00,3.3,69,1.0,150,555,807,102
1996-03-02 16:00:00,3.3,63,2.0,240,397,695,99
1996-03-02 17:00:00,2.2,77,3.0,160,64,0,64
1996-03-02 18:00:00,1.6,85,2.5,150,15,0,15
1996-03-02 19:00:00,1.1,88,3.0,150,0,0,0
1996-03-02 20:00:00,0.5,87,2.5,180,0,0,0
1996-03-02 21:00:00,0.5,87,2.5,170,0,0,0
1996-03-02 22:00:00,0.0,91,5.6,190,0,0,0
1996-03-02 23:00:00,0.0,87,4.6,180,0,0,0
1996-03-03 00:00:00,0.0,91,4.6,170,0,0,0
1996-03-03 01:00:00,1.1,92,6.6,190,0,0,0
1996-03-03 02:00:00,1.6,92,7.7,190,0,0,0
1996-03-03 03:00:00,2.2,92,7.2,210,0,0,0
1996-03-03 04:00:00,2.7,82,6.1,260,0,0,0
1996-03-03 05:00:00,1.1,84,3.0,220,0,0,0
1996-03-03 06:00:00,0.0,83,3.0,230,0,0,0
1996-03-03 07:00:00,0.5,80,3.0,230,4,2,4
1996-03-03 08:00:00,1.1,73,7.2,290,75,90,59
1996-03-03 09:00:00,0.5,87,6.6,280,244,365,113
1996-03-03 10:00:00,1.1,55,11.3,280,515,826,94
1996-03-03 11:00:00,1.6,44,10.2,280,630,785,143
1996-03-03 12:00:00,1.6,31,15.9,280,696,866,104
1996-03-03 13:00:00,1.6,34,15.4,280,692,786,145
1996-03-03 14:00:00,0.5,29,13.3,280,635,790,117
1996-03-03 15:00:00,-1.7,31,15.4,300,584,881,86
1996-03-03 16:00:00,-2.8,28,12.3,300,430,869,54
1996-03-03 17:00:00,-3.4,28,9.7,310,231,724,38
1996-03-03 18:00:00,-3.9,29,7.7,290,47,347,18
1996-03-03 19:00:00,-4.5,32,7.7,280,0,0,0
1996-03-03 20:00:00,-4.5,30,9.2,280,0,0,0
1996-03-03 21:00:00,-4.5,30,7.2,280,0,0,0
1996-03-03 22:00:00,-4.5,30,6.1,290,0,0,0
1996-03-03 23:00:00,-5.0,32,5.1,290,0,0,0
1996-03-04 00:00:00,-5.0,32,5.6,290,0,0,0
1996-03-04 01:00:00,-5.6,35,4.1,270,0,0,0
1996-03-04 02:00:00,-7.8,42,3.0,240,0,0,0
1996-03-04 03:00:00,-6.2,41,4.1,290,0,0,0
1996-03-04 04:00:00,-6.2,39,3.6,300,0,0,0
1996-03-04 05:00:00,-8.4,52,3.0,250,0,0,0
1996-03-04 06:00:00,-7.8,52,2.0,280,0,0,0
1996-03-04 07:00:00,-7.3,50,3.0,270,9,108,5
1996-03-04 08:00:00,-4.5,39,5.1,280,140,576,33
1996-03-04 09:00:00,-2.3,31,7.2,270,339,793,51
1996-03-04 10:00:00,-1.7,31,6.1,280,522,888,65
1996-03-04 11:00:00,-0.6,27,5.6,310,629,852,96
1996-03-04 12:00:00,0.5,26,7.7,290,697,847,114
1996-03-04 13:00:00,1.6,25,8.2,260,753,958,82
1996-03-04 14:00:00,2.7,26,6.1,250,701,943,79
1996-03-04 15:00:00,2.7,25,6.1,270,588,907,71
1996-03-04 16:00:00,3.3,22,6.1,280,382,681,84
1996-03-04 17:00:00,2.7,25,6.6,240,214,517,74
1996-03-04 18:00:00,0.5,29,4.1,220,32,147,19
1996-03-04 19:00:00,-1.2,42,4.1,200,0,0,0
1996-03-04 20:00:00,-2.3,46,3.6,190,0,0,0
1996-03-04 21:00:00,-2.3,54,3.6,180,0,0,0
1996-03-04 22:00:00,-2.8,59,3.6,170,0,0,0
1996-03-04 23:00:00,-2.3,59,4.1,180,0,0,0
1996-03-05 00:00:00,-1.7,65,5.1,180,0,0,0
1996-03-05 01:00:00,-0.6,72,5.6,180,0,0,0
1996-03-05 02:00:00,0.5,70,5.1,170,0,0,0
1996-03-05 03:00:00,1.1,70,5.1,170,0,0,0
1996-03-05 04:00:00,2.2,64,6.1,170,0,0,0
1996-03-05 05:00:00,2.7,68,6.1,190,0,0,0
1996-03-05 06:00:00,2.8,65,7.7,190,0,0,0
1996-03-05 07:00:00,3.8,63,7.2,200,5,9,5
1996-03-05 08:00:00,6.1,62,9.7,200,57,50,47
1996-03-05 09:00:00,7.7,65,11.8,210,141,44,124
1996-03-05 10:00:00,10.5,58,13.3,220,258,108,202
1996-03-05 11:00:00,13.3,49,11.8,220,440,436,165
1996-03-05 12:00:00,15.0,45,13.8,220,483,405,202
1996-03-05 13:00:00,16.6,44,14.4,220,728,919,80
1996-03-05 14:00:00,18.3,40,14.4,240,638,634,217
1996-03-05 15:00:00,17.7,41,15.9,240,521,578,189
1996-03-05 16:00:00,17.2,43,12.9,230,319,406,140
1996-03-05 17:00:00,16.1,48,10.3,220,143,30,134
1996-03-05 18:00:00,15.0,49,5.1,210,23,20,22
1996-03-05 19:00:00,15.0,49,5.7,210,0,0,0
1996-03-05 20:00:00,13.9,57,3.6,240,0,0,0
1996-03-05 21:00:00,12.8,64,5.7,170,0,0,0
1996-03-05 22:00:00,11.1,77,3.1,190,0,0,0
1996-03-05 23:00:00,10.5,80,3.6,180,0,0,0
1996-03-06 00:00:00,12.2,83,6.1,190,0,0,0
1996-03-06 01:00:00,13.3,83,8.7,210,0,0,0
1996-03-06 02:00:00,13.3,87,7.7,210,0,0,0
1996-03-06 03:00:00,13.3,87,6.6,210,0,0,0
1996-03-06 04:00:00,13.8,84,8.2,220,0,0,0
1996-03-06 05:00:00,13.3,87,5.1,200,0,0,0
1996-03-06 06:00:00,13.3,89,6.1,210,0,0,0
1996-03-06 07:00:00,13.3,89,5.6,210,5,0,5
1996-03-06 08:00:00,13.3,93,5.6,210,43,0,43
1996-03-06 09:00:00,13.3,93,6.6,200,100,0,100
1996-03-06 10:00:00,13.3,93,7.7,210,151,0,151
1996-03-06 11:00:00,13.8,90,7.7,220,189,0,189
1996-03-06 12:00:00,13.3,96,7.2,210,211,0,211
1996-03-06 13:00:00,14.4,93,7.7,230,215,0,215
1996-03-06 14:00:00,13.8,97,6.6,230,201,0,201
1996-03-06 15:00:00,14.4,93,6.6,210,170,0,170
1996-03-06 16:00:00,13.8,97,6.6,210,104,0,104
1996-03-06 17:00:00,14.4,93,4.1,230,57,0,57
1996-03-06 18:00:00,13.8,93,3.0,340,12,0,12
1996-03-06 19:00:00,6.1,93,7.7,30,0,0,0
1996-03-06 20:00:00,5.0,92,5.6,40,0,0,0
1996-03-06 21:00:00,4.4,93,4.6,40,0,0,0
1996-03-06 22:00:00,3.8,97,3.6,30,0,0,0
1996-03-06 23:00:00,3.3,96,4.1,50,0,0,0
1996-03-07 00:00:00,2.7,97,4.1,80,0,0,0
1996-03-07 01:00:00,2.8,96,4.1,60,0,0,0
1996-03-07 02:00:00,2.7,97,5.1,80,0,0,0
1996-03-07 03:00:00,2.2,96,4.1,100,0,0,0
1996-03-07 04:00:00,2.2,96,4.1,80,0,0,0
1996-03-07 05:00:00,2.2,96,4.6,100,0,0,0
1996-03-07 06:00:00,2.2,96,4.6,110,0,0,0
1996-03-07 07:00:00,2.2,96,6.6,80,4,0,4
1996-03-07 08:00:00,2.2,96,6.1,80,30,0,30
1996-03-07 09:00:00,2.2,96,5.1,90,62,0,62
1996-03-07 10:00:00,2.7,97,6.1,80,98,0,98
1996-03-07 11:00:00,2.7,97,6.6,80,126,0,126
1996-03-07 12:00:00,3.3,96,6.6,40,141,0,141
1996-03-07 13:00:00,2.7,97,6.1,20,144,0,144
1996-03-07 14:00:00,2.7,92,8.2,10,134,0,134
1996-03-07 15:00:00,2.2,92,7.7,10,133,0,133
1996-03-07 16:00:00,1.1,96,7.7,20,93,0,93
1996-03-07 17:00:00,1.1,96,1.0,10,48,0,48
1996-03-07 18:00:00,1.1,92,7.7,360,19,0,19
1996-03-07 19:00:00,1.6,92,8.2,340,0,0,0
1996-03-07 20:00:00,-0.6,91,9.7,350,0,0,0
1996-03-07 21:00:00,-0.6,87,8.2,10,0,0,0
1996-03-07 22:00:00,-0.6,83,7.7,350,0,0,0
1996-03-07 23:00:00,-1.2,83,8.7,360,0,0,0
1996-03-08 00:00:00,-1.2,83,7.2,10,0,0,0
1996-03-08 01:00:00,-2.3,87,7.2,330,0,0,0
1996-03-08 02:00:00,-2.8,87,6.1,320,0,0,0
1996-03-08 03:00:00,-3.9,86,7.7,300,0,0,0
1996-03-08 04:00:00,-5.0,86,8.7,310,0,0,0
1996-03-08 05:00:00,-6.2,87,7.2,330,0,0,0
1996-03-08 06:00:00,-6.7,78,7.7,310,0,0,0
1996-03-08 07:00:00,-6.7,75,9.7,300,6,0,6
1996-03-08 08:00:00,-6.7,78,10.2,290,40,0,40
1996-03-08 09:00:00,-6.7,75,8.7,300,219,240,127
1996-03-08 10:00:00,-6.2,68,11.3,290,453,351,265
1996-03-08 11:00:00,-6.2,68,10.8,310,374,118,298
1996-03-08 12:00:00,-5.6,65,13.8,300,461,200,319
1996-03-08 13:00:00,-5.0,56,13.3,310,600,255,417
1996-03-08 14:00:00,-4.5,53,12.3,290,289,150,187
1996-03-08 15:00:00,-4.5,56,13.3,300,334,198,217
1996-03-08 16:00:00,-4.5,46,14.4,300,242,126,185
1996-03-08 17:00:00,-4.5,46,12.3,290,151,117,118
1996-03-08 18:00:00,-5.0,48,8.7,300,33,7,32
1996-03-08 19:00:00,-6.2,53,8.2,290,0,0,0
1996-03-08 20:00:00,-6.7,50,9.7,290,0,0,0
1996-03-08 21:00:00,-6.7,50,9.7,300,0,0,0
1996-03-08 22:00:00,-7.3,47,10.2,300,0,0,0
1996-03-08 23:00:00,-7.8,50,10.2,290,0,0,0
1996-03-09 00:00:00,-7.8,52,7.2,290,0,0,0
1996-03-09 01:00:00,-8.4,55,10.2,280,0,0,0
1996-03-09 02:00:00,-8.9,49,7.2,290,0,0,0
1996-03-09 03:00:00,-9.5,52,7.2,290,0,0,0
1996-03-09 04:00:00,-9.5,49,7.2,290,0,0,0
1996-03-09 05:00:00,-10.0,51,5.6,280,0,0,0
1996-03-09 06:00:00,-10.0,57,6.1,290,0,0,0
1996-03-09 07:00:00,-9.5,58,5.1,290,14,85,9
1996-03-09 08:00:00,-8.4,55,5.1,300,167,559,49
1996-03-09 09:00:00,-6.7,53,6.6,280,369,742,79
1996-03-09 10:00:00,-6.2,50,7.2,290,373,428,141
1996-03-09 11:00:00,-6.2,48,8.2,310,525,112,452
1996-03-09 12:00:00,-5.0,48,7.2,290,343,133,248
1996-03-09 13:00:00,-4.5,41,7.7,290,260,65,213
1996-03-09 14:00:00,-4.5,39,8.7,290,416,209,273
1996-03-09 15:00:00,-4.5,39,7.2,290,340,43,314
1996-03-09 16:00:00,-3.9,53,10.2,300,195,61,167
1996-03-09 17:00:00,-5.0,58,9.2,330,139,0,139
1996-03-09 18:00:00,-5.6,53,6.1,320,42,16,41
1996-03-09 19:00:00,-5.6,50,5.1,310,0,1,0
1996-03-09 20:00:00,-6.2,56,5.1,340,0,0,0
1996-03-09 21:00:00,-7.3,58,3.0,320,0,0,0
1996-03-09 22:00:00,-7.8,50,4.1,320,0,0,0
1996-03-09 23:00:00,-7.3,47,3.0,290,0,0,0
1996-03-10 00:00:00,-7.3,61,4.1,290,0,0,0
1996-03-10 01:00:00,-7.8,61,2.5,290,0,0,0
1996-03-10 02:00:00,-8.4,49,3.0,290,0,0,0
1996-03-10 03:00:00,-9.5,64,3.0,310,0,0,0
1996-03-10 04:00:00,-9.5,54,3.0,300,0,0,0
1996-03-10 05:00:00,-10.0,64,3.6,310,0,0,0
1996-03-10 06:00:00,-8.9,58,3.0,320,0,0,0
1996-03-10 07:00:00,-8.9,74,3.6,330,17,129,10
1996-03-10 08:00:00,-6.7,58,5.1,340,166,577,42
1996-03-10 09:00:00,-5.0,58,5.1,350,371,782,62
1996-03-10 10:00:00,-3.9,46,4.6,340,557,876,79
1996-03-10 11:00:00,-2.8,48,3.6,350,696,924,91
1996-03-10 12:00:00,-1.2,52,4.1,340,775,946,97
1996-03-10 13:00:00,-1.2,47,4.6,340,789,949,98
1996-03-10 14:00:00,0.0,49,3.0,100,735,934,94
1996-03-10 15:00:00,0.5,47,2.5,350,619,898,85
1996-03-10 16:00:00,0.5,50,3.0,350,450,826,70
1996-03-10 17:00:00,0.0,35,3.0,350,235,550,74
1996-03-10 18:00:00,-1.2,42,1.5,20,63,126,50
1996-03-10 19:00:00,-3.4,62,2.0,150,0,4,0
1996-03-10 20:00:00,-4.5,79,2.0,170,0,0,0
1996-03-10 21:00:00,-5.0,74,2.5,170,0,0,0
1996-03-10 22:00:00,-5.0,82,2.0,160,0,0,0
1996-03-10 23:00:00,-5.0,79,1.5,190,0,0,0
1996-03-11 00:00:00,-3.9,59,1.5,290,0,0,0
1996-03-11 01:00:00,-5.6,86,1.5,230,0,0,0
1996-03-11 02:00:00,-5.6,83,1.0,260,0,0,0
1996-03-11 03:00:00,-6.7,83,2.5,350,0,0,0
1996-03-11 04:00:00,-6.7,83,2.0,340,0,0,0
1996-03-11 05:00:00,-6.7,91,2.0,360,0,0,0
1996-03-11 06:00:00,-8.4,87,2.0,10,0,0,0
1996-03-11 07:00:00,-5.0,83,2.6,10,17,95,11
1996-03-11 08:00:00,-2.3,80,3.6,360,163,435,66
1996-03-11 09:00:00,0.0,54,5.6,20,368,635,114
1996-03-11 10:00:00,0.5,45,4.6,40,547,797,108
1996-03-11 11:00:00,1.6,48,4.6,70,657,803,127
1996-03-11 12:00:00,2.2,46,3.6,40,773,914,113
1996-03-11 13:00:00,3.8,41,3.6,40,476,397,185
1996-03-11 14:00:00,5.0,40,5.1,50,704,815,140
1996-03-11 15:00:00,5.5,36,4.1,50,469,411,222
1996-03-11 16:00:00,5.0,42,4.1,80,252,256,133
1996-03-11 17:00:00,1.6,64,3.0,130,195,85,169
1996-03-11 18:00:00,0.5,70,4.6,130,49,28,46
1996-03-11 19:00:00,-0.6,76,2.5,120,0,1,0
1996-03-11 20:00:00,-2.3,83,2.0,130,0,0,0
1996-03-11 21:00:00,-1.2,83,3.0,80,0,0,0
1996-03-11 22:00:00,-0.6,72,3.6,60,0,0,0
1996-03-11 23:00:00,-1.7,79,3.0,20,0,0,0
1996-03-12 00:00:00,-3.4,83,3.6,360,0,0,0
1996-03-12 01:00:00,-3.9,86,3.0,360,0,0,0
1996-03-12 02:00:00,-3.4,87,3.0,350,0,0,0
1996-03-12 03:00:00,-4.5,86,3.6,350,0,0,0
1996-03-12 04:00:00,-4.5,83,3.0,350,0,0,0
1996-03-12 05:00:00,-4.5,86,2.5,10,0,0,0
1996-03-12 06:00:00,-2.8,72,4.1,360,0,0,0
1996-03-12 07:00:00,-2.8,75,4.1,360,16,47,13
1996-03-12 08:00:00,0.5,60,6.1,360,141,340,64
1996-03-12 09:00:00,2.2,53,6.6,360,360,563,132
1996-03-12 10:00:00,5.0,42,7.2,10,455,537,157
1996-03-12 11:00:00,6.6,31,7.2,360,646,738,155
1996-03-12 12:00:00,7.7,28,7.2,360,614,560,207
1996-03-12 13:00:00,10.0,28,6.1,10,739,759,179
1996-03-12 14:00:00,10.0,26,6.1,340,679,743,163
1996-03-12 15:00:00,10.5,24,7.2,350,582,744,134
1996-03-12 16:00:00,10.5,25,6.1,360,400,557,139
1996-03-12 17:00:00,10.5,25,5.1,350,229,486,83
1996-03-12 18:00:00,7.2,38,2.5,30,50,115,37
1996-03-12 19:00:00,6.1,43,1.5,70,0,1,0
1996-03-12 20:00:00,1.1,63,3.6,180,0,0,0
1996-03-12 21:00:00,1.6,59,2.0,210,0,0,0
1996-03-12 22:00:00,0.5,63,3.0,260,0,0,0
1996-03-12 23:00:00,1.6,89,1.5,230,0,0,0
1996-03-13 00:00:00,0.5,60,2.0,250,0,0,0
1996-03-13 01:00:00,0.0,57,1.5,290,0,0,0
1996-03-13 02:00:00,0.5,52,3.0,320,0,0,0
1996-03-13 03:00:00,0.0,52,2.0,340,0,0,0
1996-03-13 04:00:00,-0.6,54,2.0,360,0,0,0
1996-03-13 05:00:00,-1.1,54,1.5,350,0,0,0
1996-03-13 06:00:00,-0.6,49,3.6,320,0,0,0
1996-03-13 07:00:00,-0.6,57,3.6,310,28,80,23
1996-03-13 08:00:00,4.4,43,2.5,340,183,492,68
1996-03-13 09:00:00,6.6,32,5.1,350,312,497,107
1996-03-13 10:00:00,8.3,32,4.1,340,510,724,104
1996-03-13 11:00:00,10.5,26,4.1,360,703,923,85
1996-03-13 12:00:00,12.2,23,3.6,10,780,942,91
1996-03-13 13:00:00,12.7,21,3.6,350,792,945,92
1996-03-13 14:00:00,14.4,21,3.0,320,739,930,88
1996-03-13 15:00:00,14.4,17,2.0,270,606,754,148
1996-03-13 16:00:00,13.8,24,3.0,100,442,687,117
1996-03-13 17:00:00,12.2,24,2.5,100,237,543,72
1996-03-13 18:00:00,10.0,34,2.0,90,39,19,37
1996-03-13 19:00:00,7.7,40,1.5,180,0,0,0
1996-03-13 20:00:00,6.1,43,2.0,180,0,0,0
1996-03-13 21:00:00,6.6,47,2.0,220,0,0,0
1996-03-13 22:00:00,6.1,51,2.0,210,0,0,0
1996-03-13 23:00:00,3.8,63,1.5,180,0,0,0
1996-03-14 00:00:00,4.4,60,2.0,200,0,0,0
1996-03-14 01:00:00,3.3,69,2.0,220,0,0,0
1996-03-14 02:00:00,2.2,74,1.5,180,0,0,0
1996-03-14 03:00:00,2.2,62,2.0,190,0,0,0
1996-03-14 04:00:00,3.3,47,2.0,220,0,0,0
1996-03-14 05:00:00,2.7,51,2.5,210,0,0,0
1996-03-14 06:00:00,3.3,49,2.5,210,0,0,0
1996-03-14 07:00:00,2.7,54,1.5,230,24,166,12
1996-03-14 08:00:00,4.4,60,2.0,140,150,138,118
1996-03-14 09:00:00,6.6,54,3.6,180,315,483,114
1996-03-14 10:00:00,10.6,38,5.1,200,410,455,152
1996-03-14 11:00:00,12.7,34,4.6,190,558,499,221
1996-03-14 12:00:00,11.1,46,4.1,90,539,438,216
1996-03-14 13:00:00,11.1,50,4.1,90,746,850,111
1996-03-14 14:00:00,13.8,47,3.6,80,682,838,93
1996-03-14 15:00:00,13.3,51,3.6,80,582,829,76
1996-03-14 16:00:00,15.5,46,2.0,40,432,713,93
1996-03-14 17:00:00,12.2,61,2.0,80,248,627,56
1996-03-14 18:00:00,9.4,74,2.0,100,67,327,29
1996-03-14 19:00:00,6.6,76,2.0,50,0,2,0
1996-03-14 20:00:00,5.0,89,2.0,110,0,0,0
1996-03-14 21:00:00,6.6,76,0.5,160,0,0,0
1996-03-14 22:00:00,7.2,73,1.0,170,0,0,0
1996-03-14 23:00:00,7.2,60,2.0,140,0,0,0
1996-03-15 00:00:00,8.8,51,2.5,210,0,0,0
1996-03-15 01:00:00,8.3,63,3.0,220,0,0,0
1996-03-15 02:00:00,8.8,66,3.6,200,0,0,0
1996-03-15 03:00:00,7.7,71,3.0,180,0,0,0
1996-03-15 04:00:00,8.8,68,2.0,220,0,0,0
1996-03-15 05:00:00,7.7,76,1.5,50,0,0,0
1996-03-15 06:00:00,8.8,71,1.0,60,0,0,0
1996-03-15 07:00:00,8.3,76,1.5,230,10,0,10
1996-03-15 08:00:00,8.8,90,2.0,10,63,0,63
1996-03-15 09:00:00,10.5,86,4.1,320,122,0,122
1996-03-15 10:00:00,11.1,93,1.0,360,172,0,172
1996-03-15 11:00:00,13.9,89,3.6,190,261,46,229
1996-03-15 12:00:00,16.1,78,4.6,200,286,0,286
1996-03-15 13:00:00,19.4,59,5.1,220,290,0,290
1996-03-15 14:00:00,18.8,57,6.6,220,272,0,272
1996-03-15 15:00:00,17.7,58,3.6,250,187,0,187
1996-03-15 16:00:00,16.1,75,8.2,250,141,0,141
1996-03-15 17:00:00,17.7,63,3.6,280,153,44,139
1996-03-15 18:00:00,15.5,70,3.0,250,42,37,38
1996-03-15 19:00:00,14.4,72,2.0,240,0,0,0
1996-03-15 20:00:00,14.4,72,3.6,260,0,0,0
1996-03-15 21:00:00,13.8,75,6.1,320,0,0,0
1996-03-15 22:00:00,12.7,75,5.6,320,0,0,0
1996-03-15 23:00:00,11.1,68,5.1,320,0,0,0
1996-03-16 00:00:00,10.0,63,5.1,310,0,0,0
1996-03-16 01:00:00,7.2,76,6.6,360,0,0,0
1996-03-16 02:00:00,6.1,67,5.1,330,0,0,0
1996-03-16 03:00:00,4.4,70,3.6,320,0,0,0
1996-03-16 04:00:00,5.5,64,3.6,290,0,0,0
1996-03-16 05:00:00,5.0,55,5.6,300,0,0,0
1996-03-16 06:00:00,3.8,57,5.1,330,0,0,0
1996-03-16 07:00:00,4.4,58,4.1,310,30,114,22
1996-03-16 08:00:00,5.5,51,6.6,320,192,584,47
1996-03-16 09:00:00,6.6,47,7.2,320,395,764,69
1996-03-16 10:00:00,8.3,44,7.2,300,576,851,86
1996-03-16 11:00:00,8.3,44,6.6,350,674,793,131
1996-03-16 12:00:00,9.4,37,5.6,340,711,745,156
1996-03-16 13:00:00,10.0,39,5.1,320,734,820,114
1996-03-16 14:00:00,10.5,35,6.1,330,651,696,156
1996-03-16 15:00:00,11.1,35,5.1,340,629,869,91
1996-03-16 16:00:00,11.1,32,2.5,290,462,800,76
1996-03-16 17:00:00,10.5,32,4.1,300,247,577,66
1996-03-16 18:00:00,8.3,35,3.6,330,75,245,44
1996-03-16 19:00:00,5.0,51,3.6,10,0,7,0
1996-03-16 20:00:00,5.0,44,4.6,350,0,0,0
1996-03-16 21:00:00,5.0,48,3.6,30,0,0,0
1996-03-16 22:00:00,4.4,46,2.0,240,0,0,0
1996-03-16 23:00:00,3.3,57,3.0,30,0,0,0
1996-03-17 00:00:00,3.3,57,3.0,30,0,0,0
1996-03-17 01:00:00,5.0,51,4.6,50,0,0,0
1996-03-17 02:00:00,3.3,43,3.6,50,0,0,0
1996-03-17 03:00:00,3.3,43,3.6,50,0,0,0
1996-03-17 04:00:00,3.3,45,3.6,60,0,0,0
1996-03-17 05:00:00,2.7,47,4.1,90,0,0,0
1996-03-17 06:00:00,2.7,44,2.0,70,0,0,0
1996-03-17 07:00:00,2.7,44,2.5,50,13,0,13
1996-03-17 08:00:00,2.7,43,4.1,60,58,0,58
1996-03-17 09:00:00,3.3,57,4.6,80,117,0,117
1996-03-17 10:00:00,4.4,55,5.1,70,168,0,168
1996-03-17 11:00:00,4.4,58,3.6,100,206,0,206
1996-03-17 12:00:00,5.5,56,3.6,100,226,0,226
1996-03-17 13:00:00,5.0,55,3.0,110,230,0,230
1996-03-17 14:00:00,6.6,52,4.1,60,215,0,215
1996-03-17 15:00:00,6.6,50,2.5,70,183,0,183
1996-03-17 16:00:00,6.1,56,3.0,100,136,0,136
1996-03-17 17:00:00,6.1,54,1.5,70,78,0,78
1996-03-17 18:00:00,6.1,56,1.5,100,24,0,24
1996-03-17 19:00:00,5.5,59,1.5,150,0,0,0
1996-03-17 20:00:00,5.0,70,2.0,190,0,0,0
1996-03-17 21:00:00,5.5,68,1.0,220,0,0,0
1996-03-17 22:00:00,5.5,61,1.0,260,0,0,0
1996-03-17 23:00:00,5.0,73,2.5,160,0,0,0
1996-03-18 00:00:00,5.0,70,1.5,180,0,0,0
1996-03-18 01:00:00,3.8,73,1.5,160,0,0,0
1996-03-18 02:00:00,3.3,79,0.5,300,0,0,0
1996-03-18 03:00:00,3.3,79,0.5,250,0,0,0
1996-03-18 04:00:00,2.7,85,2.5,180,0,0,0
1996-03-18 05:00:00,3.3,85,1.5,190,0,0,0
1996-03-18 06:00:00,3.3,85,1.0,130,0,0,0
1996-03-18 07:00:00,4.4,79,1.0,260,26,13,25
1996-03-18 08:00:00,6.1,73,3.6,220,154,180,107
1996-03-18 09:00:00,9.4,59,2.6,310,337,426,150
1996-03-18 10:00:00,10.5,56,1.5,310,530,606,175
1996-03-18 11:00:00,11.6,54,1.5,80,633,617,204
1996-03-18 12:00:00,12.2,52,2.0,130,600,380,313
1996-03-18 13:00:00,11.1,56,4.1,120,698,569,263
1996-03-18 14:00:00,13.3,53,3.0,130,621,428,312
1996-03-18 15:00:00,12.8,52,4.6,120,540,455,254
1996-03-18 16:00:00,12.2,57,4.1,80,364,320,207
1996-03-18 17:00:00,10.5,61,3.0,120,184,224,112
1996-03-18 18:00:00,8.3,71,1.0,120,56,40,51
1996-03-18 19:00:00,7.2,76,2.0,160,0,0,0
1996-03-18 20:00:00,7.2,73,1.5,180,0,0,0
1996-03-18 21:00:00,6.1,79,2.5,170,0,0,0
1996-03-18 22:00:00,5.5,79,1.5,20,0,0,0
1996-03-18 23:00:00,5.0,82,1.0,220,0,0,0
1996-03-19 00:00:00,5.0,92,2.5,100,0,0,0
1996-03-19 01:00:00,3.3,92,1.5,110,0,0,0
1996-03-19 02:00:00,3.3,92,1.0,70,0,0,0
1996-03-19 03:00:00,4.4,93,2.0,40,0,0,0
1996-03-19 04:00:00,5.0,92,2.0,40,0,0,0
1996-03-19 05:00:00,5.0,89,3.0,40,0,0,0
1996-03-19 06:00:00,5.0,89,3.6,40,0,0,0
1996-03-19 07:00:00,5.0,89,4.6,30,23,2,23
1996-03-19 08:00:00,6.1,85,5.1,40,133,124,100
1996-03-19 09:00:00,6.6,76,6.1,50,214,1,213
1996-03-19 10:00:00,7.7,74,7.2,60,179,57,145
1996-03-19 11:00:00,8.8,80,7.2,70,307,69,258
1996-03-19 12:00:00,8.8,83,7.2,70,615,130,516
1996-03-19 13:00:00,8.3,93,8.7,70,425,95,352
1996-03-19 14:00:00,8.8,86,11.8,80,431,282,226
1996-03-19 15:00:00,8.3,89,11.8,80,269,74,222
1996-03-19 16:00:00,7.2,96,12.8,80,260,50,235
1996-03-19 17:00:00,8.3,96,16.4,80,153,81,126
1996-03-19 18:00:00,8.8,97,16.4,90,44,4,44
1996-03-19 19:00:00,10.0,96,11.3,130,0,0,0
1996-03-19 20:00:00,9.4,100,3.0,130,0,0,0
1996-03-19 21:00:00,10.0,89,5.1,190,0,0,0
1996-03-19 22:00:00,8.8,77,8.7,210,0,0,0
1996-03-19 23:00:00,7.7,74,8.2,200,0,0,0
1996-03-20 00:00:00,7.2,70,8.2,200,0,0,0
1996-03-20 01:00:00,6.1,62,10.2,200,0,0,0
1996-03-20 02:00:00,6.1,59,11.3,210,0,0,0
1996-03-20 03:00:00,6.1,54,10.8,200,0,0,0
1996-03-20 04:00:00,5.5,54,9.7,200,0,0,0
1996-03-20 05:00:00,5.5,51,7.7,200,0,0,0
1996-03-20 06:00:00,5.5,54,10.2,210,0,0,0
1996-03-20 07:00:00,5.5,51,8.2,200,36,9,35
1996-03-20 08:00:00,5.5,56,9.7,210,115,33,106
1996-03-20 09:00:00,7.2,54,12.3,220,179,84,142
1996-03-20 10:00:00,6.1,51,10.8,210,170,0,170
1996-03-20 11:00:00,6.1,54,11.3,220,207,0,207
1996-03-20 12:00:00,5.5,59,10.2,220,228,0,228
1996-03-20 13:00:00,6.1,62,6.6,220,231,0,231
1996-03-20 14:00:00,5.5,64,6.6,210,215,0,215
1996-03-20 15:00:00,6.6,54,7.2,210,183,0,183
1996-03-20 16:00:00,7.7,48,6.6,240,135,0,135
1996-03-20 17:00:00,6.6,52,7.2,210,78,0,78
1996-03-20 18:00:00,6.1,56,5.1,210,27,0,27
1996-03-20 19:00:00,5.0,42,4.1,190,0,0,0
1996-03-20 20:00:00,3.8,63,4.1,170,0,0,0
1996-03-20 21:00:00,4.4,66,3.0,170,0,0,0
1996-03-20 22:00:00,3.8,69,5.1,170,0,0,0
1996-03-20 23:00:00,5.0,61,5.1,220,0,0,0
1996-03-21 00:00:00,2.2,74,3.6,180,0,0,0
1996-03-21 01:00:00,2.2,71,5.1,200,0,0,0
1996-03-21 02:00:00,2.2,68,5.1,200,0,0,0
1996-03-21 03:00:00,1.1,70,3.6,200,0,0,0
1996-03-21 04:00:00,1.6,71,5.1,210,0,0,0
1996-03-21 05:00:00,2.2,68,3.6,240,0,0,0
1996-03-21 06:00:00,1.6,74,4.6,240,0,0,0
1996-03-21 07:00:00,2.2,74,3.6,230,26,8,25
1996-03-21 08:00:00,2.7,78,4.1,250,91,44,78
1996-03-21 09:00:00,4.4,73,5.6,260,234,68,203
1996-03-21 10:00:00,4.4,73,5.6,250,175,0,175
1996-03-21 11:00:00,5.0,67,6.1,270,212,0,212
1996-03-21 12:00:00,5.5,64,6.1,260,232,0,232
1996-03-21 13:00:00,6.6,65,6.6,270,444,93,372
1996-03-21 14:00:00,6.6,65,7.7,280,523,145,417
1996-03-21 15:00:00,6.6,63,5.6,270,188,0,188
1996-03-21 16:00:00,7.2,60,7.7,270,141,0,141
1996-03-21 17:00:00,6.6,57,5.6,300,83,0,83
1996-03-21 18:00:00,6.6,57,4.6,290,27,0,27
1996-03-21 19:00:00,6.1,56,6.1,290,0,0,0
1996-03-21 20:00:00,6.1,54,5.6,290,0,0,0
1996-03-21 21:00:00,5.5,54,4.6,300,0,0,0
1996-03-21 22:00:00,5.0,53,4.6,300,0,0,0
1996-03-21 23:00:00,3.3,49,7.7,280,0,0,0
1996-03-22 00:00:00,3.3,49,6.1,290,0,0,0
1996-03-22 01:00:00,2.7,51,6.1,280,0,0,0
1996-03-22 02:00:00,2.2,51,6.6,280,0,0,0
1996-03-22 03:00:00,1.6,51,5.6,290,0,0,0
1996-03-22 04:00:00,1.1,52,5.6,290,0,0,0
1996-03-22 05:00:00,0.5,47,7.2,290,0,0,0
1996-03-22 06:00:00,0.0,49,5.1,290,0,0,0
1996-03-22 07:00:00,0.0,52,5.1,280,36,111,25
1996-03-22 08:00:00,1.1,45,8.7,290,132,158,87
1996-03-22 09:00:00,1.6,42,9.7,300,316,116,262
1996-03-22 10:00:00,3.3,39,8.7,310,552,643,163
1996-03-22 11:00:00,3.3,39,9.2,280,413,86,351
1996-03-22 12:00:00,5.5,36,9.2,270,478,268,270
1996-03-22 13:00:00,5.0,36,7.7,300,477,150,360
1996-03-22 14:00:00,5.0,36,8.7,300,216,0,216
1996-03-22 15:00:00,5.0,36,8.7,300,183,0,183
1996-03-22 16:00:00,5.5,36,8.7,270,227,53,199
1996-03-22 17:00:00,5.0,38,7.2,270,104,16,99
1996-03-22 18:00:00,3.8,43,7.2,280,51,16,49
1996-03-22 19:00:00,2.7,57,5.1,270,1,5,0
1996-03-22 20:00:00,3.3,49,7.7,280,0,0,0
1996-03-22 21:00:00,2.7,54,5.1,290,0,0,0
1996-03-22 22:00:00,1.6,56,5.1,280,0,0,0
1996-03-22 23:00:00,1.1,55,5.1,270,0,0,0
1996-03-23 00:00:00,0.5,57,5.6,270,0,0,0
1996-03-23 01:00:00,0.5,52,6.1,270,0,0,0
1996-03-23 02:00:00,0.0,54,5.1,280,0,0,0
1996-03-23 03:00:00,0.0,52,4.6,270,0,0,0
1996-03-23 04:00:00,-1.2,60,4.1,260,0,0,0
1996-03-23 05:00:00,-0.6,60,3.6,240,0,0,0
1996-03-23 06:00:00,-1.2,63,5.1,240,0,0,0
1996-03-23 07:00:00,0.5,60,5.6,260,35,25,33
1996-03-23 08:00:00,2.7,51,8.2,260,178,277,99
1996-03-23 09:00:00,4.4,46,7.7,270,367,463,153
1996-03-23 10:00:00,5.5,40,11.3,270,519,412,267
1996-03-23 11:00:00,5.5,38,10.2,280,457,102,383
1996-03-23 12:00:00,6.1,37,8.2,280,741,528,330
1996-03-23 13:00:00,7.2,36,9.7,280,633,416,307
1996-03-23 14:00:00,7.7,33,9.2,290,700,535,305
1996-03-23 15:00:00,8.3,32,9.2,300,338,50,305
1996-03-23 16:00:00,8.8,31,8.7,300,356,368,169
1996-03-23 17:00:00,8.8,26,8.2,300,229,326,119
1996-03-23 18:00:00,8.3,28,5.7,290,67,90,53
1996-03-23 19:00:00,6.6,32,6.1,270,1,0,1
1996-03-23 20:00:00,6.1,32,7.7,280,0,0,0
1996-03-23 21:00:00,6.1,32,8.2,280,0,0,0
1996-03-23 22:00:00,5.0,34,5.1,280,0,0,0
1996-03-23 23:00:00,4.4,38,4.6,270,0,0,0
1996-03-24 00:00:00,3.8,39,4.6,270,0,0,0
1996-03-24 01:00:00,2.2,44,4.1,270,0,0,0
1996-03-24 02:00:00,1.6,48,4.1,270,0,0,0
1996-03-24 03:00:00,1.6,44,3.0,290,0,0,0
1996-03-24 04:00:00,2.2,38,3.6,290,0,0,0
1996-03-24 05:00:00,1.7,36,4.6,280,0,0,0
1996-03-24 06:00:00,0.5,37,3.6,280,0,0,0
1996-03-24 07:00:00,2.7,30,6.1,300,39,65,32
1996-03-24 08:00:00,3.8,26,8.7,310,159,202,101
1996-03-24 09:00:00,5.5,22,8.7,340,358,401,170
1996-03-24 10:00:00,7.2,13,5.6,310,559,507,247
1996-03-24 11:00:00,8.3,11,5.1,320,679,646,212
1996-03-24 12:00:00,10.5,27,3.0,290,751,630,258
1996-03-24 13:00:00,10.5,24,3.6,280,757,687,215
1996-03-24 14:00:00,12.7,27,5.1,260,695,641,218
1996-03-24 15:00:00,12.7,20,4.1,280,594,593,209
1996-03-24 16:00:00,13.8,20,4.1,260,398,398,194
1996-03-24 17:00:00,12.7,21,4.1,260,247,418,104
1996-03-24 18:00:00,11.1,25,2.0,230,66,122,48
1996-03-24 19:00:00,3.8,79,1.0,40,1,1,1
1996-03-24 20:00:00,3.8,79,1.5,150,0,0,0
1996-03-24 21:00:00,3.3,71,2.5,170,0,0,0
1996-03-24 22:00:00,3.8,60,3.0,160,0,0,0
1996-03-24 23:00:00,3.3,57,2.5,150,0,0,0
1996-03-25 00:00:00,3.8,45,3.6,170,0,0,0
1996-03-25 01:00:00,3.8,45,5.1,170,0,0,0
1996-03-25 02:00:00,3.3,52,4.6,170,0,0,0
1996-03-25 03:00:00,3.3,57,5.1,170,0,0,0
1996-03-25 04:00:00,2.7,65,4.1,160,0,0,0
1996-03-25 05:00:00,3.3,71,5.6,180,0,0,0
1996-03-25 06:00:00,3.8,73,5.1,180,0,2,0
1996-03-25 07:00:00,6.1,68,5.1,180,56,280,28
1996-03-25 08:00:00,10.0,58,7.2,200,226,528,70
1996-03-25 09:00:00,12.7,57,7.2,200,299,177,216
1996-03-25 10:00:00,16.1,51,10.2,210,450,339,239
1996-03-25 11:00:00,17.7,50,11.3,200,360,116,276
1996-03-25 12:00:00,19.4,47,12.3,220,624,289,396
1996-03-25 13:00:00,20.5,42,10.2,210,789,843,121
1996-03-25 14:00:00,21.1,45,12.3,220,413,170,286
1996-03-25 15:00:00,20.5,44,11.3,200,380,145,285
1996-03-25 16:00:00,21.1,42,10.8,210,326,384,127
1996-03-25 17:00:00,19.4,47,10.2,200,158,12,154
1996-03-25 18:00:00,18.8,50,7.7,180,40,0,40
1996-03-25 19:00:00,16.1,60,5.1,180,1,0,1
1996-03-25 20:00:00,16.1,60,5.6,180,0,0,0
1996-03-25 21:00:00,15.0,64,6.1,180,0,0,0
1996-03-25 22:00:00,15.5,67,8.2,190,0,0,0
1996-03-25 23:00:00,16.1,67,8.2,190,0,0,0
1996-03-26 00:00:00,15.5,72,7.7,190,0,0,0
1996-03-26 01:00:00,16.1,72,11.3,200,0,0,0
1996-03-26 02:00:00,15.5,75,8.7,200,0,0,0
1996-03-26 03:00:00,15.5,75,6.6,210,0,0,0
1996-03-26 04:00:00,15.5,75,7.7,230,0,0,0
1996-03-26 05:00:00,13.8,72,6.1,310,0,0,0
1996-03-26 06:00:00,12.2,50,4.6,310,0,0,0
1996-03-26 07:00:00,12.2,34,5.1,310,20,0,20
1996-03-26 08:00:00,12.7,25,7.2,310,96,0,96
1996-03-26 09:00:00,12.7,25,6.6,310,170,0,170
1996-03-26 10:00:00,12.7,25,7.7,320,255,95,195
1996-03-26 11:00:00,13.3,27,6.1,320,468,141,365
1996-03-26 12:00:00,13.3,29,5.1,310,556,222,380
1996-03-26 13:00:00,13.8,29,6.6,330,688,686,141
1996-03-26 14:00:00,13.8,29,5.1,320,606,543,198
1996-03-26 15:00:00,15.0,30,4.1,260,611,777,101
1996-03-26 16:00:00,15.0,30,7.2,310,405,568,110
1996-03-26 17:00:00,13.8,29,6.1,320,289,607,78
1996-03-26 18:00:00,11.6,31,6.1,310,90,227,55
1996-03-26 19:00:00,9.4,34,5.1,320,2,40,1
1996-03-26 20:00:00,8.3,35,4.1,320,0,0,0
1996-03-26 21:00:00,6.6,39,3.6,320,0,0,0
1996-03-26 22:00:00,7.2,36,2.5,300,0,0,0
1996-03-26 23:00:00,6.1,38,3.0,300,0,0,0
1996-03-27 00:00:00,5.6,30,5.7,320,0,0,0
1996-03-27 01:00:00,5.0,28,5.1,320,0,0,0
1996-03-27 02:00:00,3.8,29,5.1,330,0,0,0
1996-03-27 03:00:00,2.7,30,5.1,330,0,0,0
1996-03-27 04:00:00,1.6,34,6.1,340,0,0,0
1996-03-27 05:00:00,1.1,35,5.1,340,0,0,0
1996-03-27 06:00:00,0.0,38,5.1,340,0,2,0
1996-03-27 07:00:00,1.1,43,5.1,360,56,235,30
1996-03-27 08:00:00,1.6,38,8.7,340,243,611,56
1996-03-27 09:00:00,2.7,35,8.2,350,434,727,83
1996-03-27 10:00:00,3.3,35,7.2,10,609,816,95
1996-03-27 11:00:00,4.4,36,7.2,360,719,822,113
1996-03-27 12:00:00,5.0,31,6.6,360,789,845,117
1996-03-27 13:00:00,6.1,30,4.1,10,739,663,208
1996-03-27 14:00:00,6.1,30,4.6,360,580,481,217
1996-03-27 15:00:00,6.1,28,3.6,40,616,614,211
1996-03-27 16:00:00,6.1,28,4.1,10,406,444,174
1996-03-27 17:00:00,6.1,21,4.1,10,206,306,99
1996-03-27 18:00:00,4.4,20,4.1,30,75,111,57
1996-03-27 19:00:00,3.3,19,3.0,30,3,6,3
1996-03-27 20:00:00,3.3,12,1.0,290,0,0,0
1996-03-27 21:00:00,3.3,45,1.5,300,0,0,0
1996-03-27 22:00:00,1.6,38,2.0,20,0,0,0
1996-03-27 23:00:00,-1.2,83,3.0,160,0,0,0
1996-03-28 00:00:00,-0.6,54,2.0,180,0,0,0
1996-03-28 01:00:00,0.0,69,2.5,120,0,0,0
1996-03-28 02:00:00,0.5,96,3.0,170,0,0,0
1996-03-28 03:00:00,0.5,60,1.5,200,0,0,0
1996-03-28 04:00:00,0.0,69,1.0,30,0,0,0
1996-03-28 05:00:00,0.5,80,1.0,10,0,0,0
1996-03-28 06:00:00,2.7,72,4.1,70,0,0,0
1996-03-28 07:00:00,2.7,68,5.1,80,26,0,26
1996-03-28 08:00:00,2.7,72,5.1,80,68,0,68
1996-03-28 09:00:00,2.2,81,4.6,80,128,0,128
1996-03-28 10:00:00,2.7,85,5.1,80,179,0,179
1996-03-28 11:00:00,3.3,82,6.1,80,216,0,216
1996-03-28 12:00:00,3.8,76,7.2,90,236,0,236
1996-03-28 13:00:00,3.3,75,7.7,80,239,0,239
1996-03-28 14:00:00,3.3,82,7.2,80,222,0,222
1996-03-28 15:00:00,2.7,89,7.7,70,189,0,189
1996-03-28 16:00:00,2.2,89,8.7,70,140,0,140
1996-03-28 17:00:00,1.6,92,9.7,60,69,0,69
1996-03-28 18:00:00,2.2,92,7.7,60,28,0,28
1996-03-28 19:00:00,0.5,100,9.7,60,1,0,1
1996-03-28 20:00:00,1.6,96,7.7,70,0,0,0
1996-03-28 21:00:00,2.2,92,9.2,70,0,0,0
1996-03-28 22:00:00,2.7,92,7.7,60,0,0,0
1996-03-28 23:00:00,2.7,97,4.6,60,0,0,0
1996-03-29 00:00:00,3.3,96,5.6,50,0,0,0
1996-03-29 01:00:00,3.8,97,4.6,20,0,0,0
1996-03-29 02:00:00,3.8,97,5.1,10,0,0,0
1996-03-29 03:00:00,3.8,97,5.6,10,0,0,0
1996-03-29 04:00:00,3.8,100,5.6,20,0,0,0
1996-03-29 05:00:00,3.8,97,5.6,10,0,0,0
1996-03-29 06:00:00,3.3,96,4.6,350,0,0,0
1996-03-29 07:00:00,2.7,97,6.1,360,16,0,16
1996-03-29 08:00:00,2.7,100,6.1,10,53,0,53
1996-03-29 09:00:00,3.3,96,7.7,20,114,0,114
1996-03-29 10:00:00,3.3,96,9.7,40,186,0,186
1996-03-29 11:00:00,3.3,96,8.2,40,222,0,222
1996-03-29 12:00:00,3.8,97,6.6,30,202,0,202
1996-03-29 13:00:00,4.4,93,7.7,20,204,0,204
1996-03-29 14:00:00,4.4,93,8.2,40,191,0,191
1996-03-29 15:00:00,3.3,92,7.7,20,164,0,164
1996-03-29 16:00:00,3.3,92,5.6,30,124,0,124
1996-03-29 17:00:00,3.3,89,7.2,20,90,0,90
1996-03-29 18:00:00,3.3,85,5.6,40,33,0,33
1996-03-29 19:00:00,3.3,85,4.1,30,1,0,1
1996-03-29 20:00:00,2.7,85,2.5,20,0,0,0
1996-03-29 21:00:00,2.2,89,1.5,30,0,0,0
1996-03-29 22:00:00,3.3,82,2.5,310,0,0,0
1996-03-29 23:00:00,3.3,85,3.6,310,0,0,0
1996-03-30 00:00:00,2.2,85,3.6,310,0,0,0
1996-03-30 01:00:00,2.2,89,2.5,280,0,0,0
1996-03-30 02:00:00,1.1,92,3.0,270,0,0,0
1996-03-30 03:00:00,1.1,92,3.0,280,0,0,0
1996-03-30 04:00:00,1.6,89,3.0,280,0,0,0
1996-03-30 05:00:00,1.6,89,3.6,310,0,0,0
1996-03-30 06:00:00,1.1,88,1.5,270,0,14,0
1996-03-30 07:00:00,2.2,89,2.5,280,67,282,31
1996-03-30 08:00:00,5.0,92,3.6,330,261,608,66
1996-03-30 09:00:00,7.7,80,4.6,360,470,764,90
1996-03-30 10:00:00,9.4,68,4.6,20,510,513,179
1996-03-30 11:00:00,8.8,68,0.5,20,620,271,416
1996-03-30 12:00:00,11.1,61,2.0,50,771,805,121
1996-03-30 13:00:00,11.6,57,3.0,320,814,858,117
1996-03-30 14:00:00,11.6,54,3.6,10,776,830,140
1996-03-30 15:00:00,12.7,51,2.5,340,328,146,229
1996-03-30 16:00:00,11.1,63,3.0,110,322,187,222
1996-03-30 17:00:00,9.4,61,3.6,130,272,431,116
1996-03-30 18:00:00,6.6,73,3.6,130,58,104,40
1996-03-30 19:00:00,5.0,82,3.0,160,3,3,3
1996-03-30 20:00:00,3.8,83,3.6,150,0,0,0
1996-03-30 21:00:00,3.3,82,3.0,160,0,0,0
1996-03-30 22:00:00,2.7,82,3.0,170,0,0,0
1996-03-30 23:00:00,2.2,85,2.5,150,0,0,0
1996-03-31 00:00:00,2.2,85,3.0,180,0,0,0
1996-03-31 01:00:00,2.7,82,4.6,200,0,0,0
1996-03-31 02:00:00,2.7,78,3.6,200,0,0,0
1996-03-31 03:00:00,2.2,81,3.0,200,0,0,0
1996-03-31 04:00:00,2.2,85,4.6,210,0,0,0
1996-03-31 05:00:00,1.6,89,3.0,190,0,0,0
1996-03-31 06:00:00,2.2,89,3.0,200,0,14,0
1996-03-31 07:00:00,4.4,86,3.0,200,28,0,28
1996-03-31 08:00:00,7.2,79,2.0,210,168,34,156
1996-03-31 09:00:00,10.0,71,0.5,350,177,0,177
1996-03-31 10:00:00,11.6,64,1.5,170,240,0,240
1996-03-31 11:00:00,12.7,64,4.1,130,284,0,284
1996-03-31 12:00:00,13.3,62,4.6,110,308,0,308
1996-03-31 13:00:00,13.3,55,5.7,120,310,0,310
1996-03-31 14:00:00,12.7,55,5.6,120,290,0,290
1996-03-31 15:00:00,13.3,49,5.6,130,250,0,250
1996-03-31 16:00:00,11.1,50,6.1,130,191,0,191
1996-03-31 17:00:00,10.5,52,5.1,140,195,72,169
1996-03-31 18:00:00,9.4,58,3.6,130,60,60,49
1996-03-31 19:00:00,9.4,52,4.6,160,3,1,3
1996-03-31 20:00:00,8.3,58,2.0,140,0,0,0
1996-03-31 21:00:00,7.7,74,3.0,150,0,0,0
1996-03-31 22:00:00,6.9,76,3.1,160,0,0,0
1996-03-31 23:00:00,6.1,82,3.2,160,0,0,0
1996-04-01 00:00:00,5.3,86,3.3,150,0,0,0
1995-04-01 01:00:00,4.6,54,3.3,310,0,0,0
1995-04-01 02:00:00,3.8,54,3.4,340,0,0,0
1995-04-01 03:00:00,3.0,59,3.5,330,0,0,0
1995-04-01 04:00:00,2.2,59,3.6,340,0,0,0
1995-04-01 05:00:00,0.5,63,2.0,330,0,0,0
1995-04-01 06:00:00,0.0,66,2.0,330,0,1,0
1995-04-01 07:00:00,2.7,62,2.5,350,68,200,42
1995-04-01 08:00:00,5.0,55,2.5,340,253,523,82
1995-04-01 09:00:00,6.6,52,3.0,360,444,635,123
1995-04-01 10:00:00,6.1,51,2.5,10,609,656,183
1995-04-01 11:00:00,8.3,42,2.5,20,717,652,224
1995-04-01 12:00:00,8.8,39,2.0,320,808,737,209
1995-04-01 13:00:00,10.0,34,2.0,320,754,602,261
1995-04-01 14:00:00,10.0,34,3.0,320,740,738,172
1995-04-01 15:00:00,10.5,33,3.0,300,579,500,242
1995-04-01 16:00:00,10.5,32,3.6,300,468,578,158
1995-04-01 17:00:00,10.0,30,2.5,320,165,145,112
1995-04-01 18:00:00,8.8,32,2.5,280,82,85,67
1995-04-01 19:00:00,7.2,36,1.5,290,3,0,3
1995-04-01 20:00:00,6.6,39,1.0,250,0,0,0
1995-04-01 21:00:00,3.8,52,0.0,0,0,0,0
1995-04-01 22:00:00,2.2,68,1.0,190,0,0,0
1995-04-01 23:00:00,3.3,65,0.5,200,0,0,0
1995-04-02 00:00:00,3.8,63,0.5,210,0,0,0
1995-04-02 01:00:00,3.8,60,0.0,0,0,0,0
1995-04-02 02:00:00,3.6,63,0.0,0,0,0,0
1995-04-02 03:00:00,3.3,65,0.0,0,0,0,0
1995-04-02 04:00:00,3.3,63,0.0,0,0,0,0
1995-04-02 05:00:00,2.2,68,0.0,0,0,0,0
1995-04-02 06:00:00,1.6,67,0.0,0,0,2,0
1995-04-02 07:00:00,2.2,74,0.0,0,40,15,37
1995-04-02 08:00:00,5.5,61,0.5,90,75,0,75
1995-04-02 09:00:00,7.7,46,2.5,100,134,0,134
1995-04-02 10:00:00,8.3,44,1.5,150,569,577,191
1995-04-02 11:00:00,8.8,56,3.0,210,221,0,221
1995-04-02 12:00:00,9.4,47,1.5,310,442,63,390
1995-04-02 13:00:00,9.4,56,3.0,350,242,0,242
1995-04-02 14:00:00,7.7,65,3.0,290,226,0,226
1995-04-02 15:00:00,5.5,82,1.5,330,193,0,193
1995-04-02 16:00:00,7.2,73,3.0,330,144,0,144
1995-04-02 17:00:00,7.2,62,3.0,310,286,515,97
1995-04-02 18:00:00,7.2,62,1.5,300,105,312,50
1995-04-02 19:00:00,5.5,64,2.0,290,4,15,3
1995-04-02 20:00:00,4.4,73,2.0,280,0,0,0
1995-04-02 21:00:00,3.8,76,1.0,290,0,0,0
1995-04-02 22:00:00,3.3,79,1.5,290,0,0,0
1995-04-02 23:00:00,2.2,81,1.5,300,0,0,0
1995-04-03 00:00:00,1.6,81,0.5,290,0,0,0
1995-04-03 01:00:00,0.5,84,0.5,280,0,0,0
1995-04-03 02:00:00,2.2,81,0.5,300,0,0,0
1995-04-03 03:00:00,1.1,84,0.0,0,0,0,0
1995-04-03 04:00:00,0.0,83,0.0,0,0,0,0
1995-04-03 05:00:00,0.5,84,0.5,270,0,0,0
1995-04-03 06:00:00,-1.2,91,0.0,0,0,3,0
1995-04-03 07:00:00,1.1,84,0.0,0,77,232,44
1995-04-03 08:00:00,5.0,76,0.0,0,265,543,82
1995-04-03 09:00:00,7.7,55,1.0,180,472,697,114
1995-04-03 10:00:00,9.4,41,2.0,190,652,780,138
1995-04-03 11:00:00,11.1,38,2.5,210,783,825,153
1995-04-03 12:00:00,12.2,37,4.1,200,819,762,194
1995-04-03 13:00:00,12.7,53,3.0,180,794,706,211
1995-04-03 14:00:00,11.6,52,6.1,120,755,721,194
1995-04-03 15:00:00,12.2,52,5.6,130,584,579,190
1995-04-03 16:00:00,13.8,37,6.1,210,163,95,112
1995-04-03 17:00:00,13.8,39,6.1,210,106,0,106
1995-04-03 18:00:00,13.3,41,6.6,190,48,0,48
1995-04-03 19:00:00,10.5,56,5.1,170,5,0,5
1995-04-03 20:00:00,8.8,54,5.1,170,0,0,0
1995-04-03 21:00:00,8.3,53,6.6,190,0,0,0
1995-04-03 22:00:00,8.3,56,6.6,200,0,0,0
1995-04-03 23:00:00,8.8,61,7.2,200,0,0,0
1995-04-04 00:00:00,10.0,63,7.7,200,0,0,0
1995-04-04 01:00:00,11.1,59,6.1,200,0,0,0
1995-04-04 02:00:00,12.2,54,8.2,200,0,0,0
1995-04-04 03:00:00,11.6,59,8.2,200,0,0,0
1995-04-04 04:00:00,11.1,61,7.7,200,0,0,0
1995-04-04 05:00:00,11.6,59,7.2,200,0,0,0
1995-04-04 06:00:00,11.6,61,7.7,210,1,0,1
1995-04-04 07:00:00,12.2,61,5.1,220,39,0,39
1995-04-04 08:00:00,12.7,59,5.1,230,77,0,77
1995-04-04 09:00:00,13.8,57,5.1,240,442,539,162
1995-04-04 10:00:00,15.0,55,8.7,240,611,495,282
1995-04-04 11:00:00,16.6,48,6.6,240,750,552,326
1995-04-04 12:00:00,20.0,39,11.3,260,303,0,303
1995-04-04 13:00:00,19.4,36,8.2,270,305,0,305
1995-04-04 14:00:00,20.0,36,11.3,240,284,0,284
1995-04-04 15:00:00,19.4,32,6.1,290,242,0,242
1995-04-04 16:00:00,17.7,38,7.7,300,145,0,145
1995-04-04 17:00:00,16.6,39,7.2,320,221,251,127
1995-04-04 18:00:00,15.5,36,8.2,300,104,179,71
1995-04-04 19:00:00,10.0,43,9.2,340,4,10,4
1995-04-04 20:00:00,7.2,40,10.2,330,0,0,0
1995-04-04 21:00:00,5.0,38,7.7,340,0,0,0
1995-04-04 22:00:00,2.7,37,10.2,340,0,0,0
1995-04-04 23:00:00,1.6,36,8.2,330,0,0,0
1995-04-05 00:00:00,0.5,35,8.2,330,0,0,0
1995-04-05 01:00:00,-0.6,36,5.1,340,0,0,0
1995-04-05 02:00:00,-1.7,38,5.1,330,0,0,0
1995-04-05 03:00:00,-2.8,42,5.1,340,0,0,0
1995-04-05 04:00:00,-3.4,44,4.1,340,0,0,0
1995-04-05 05:00:00,-3.4,42,4.1,330,0,0,0
1995-04-05 06:00:00,-4.5,39,4.1,350,1,0,1
1995-04-05 07:00:00,-1.7,36,2.0,340,63,71,52
1995-04-05 08:00:00,-0.6,35,4.1,340,197,267,104
1995-04-05 09:00:00,0.5,27,5.6,330,293,284,144
1995-04-05 10:00:00,1.6,36,4.1,320,550,532,195
1995-04-05 11:00:00,2.7,35,5.1,320,721,595,262
1995-04-05 12:00:00,4.4,32,6.1,330,805,695,229
1995-04-05 13:00:00,5.0,28,5.1,280,794,637,264
1995-04-05 14:00:00,5.5,29,5.1,290,762,665,241
1995-04-05 15:00:00,6.1,25,5.1,300,641,561,255
1995-04-05 16:00:00,6.6,22,6.1,300,495,601,165
1995-04-05 17:00:00,6.1,24,4.1,290,290,315,171
1995-04-05 18:00:00,5.0,24,3.6,300,103,15,101
1995-04-05 19:00:00,3.3,29,1.0,300,5,1,4
1995-04-05 20:00:00,2.7,30,1.0,280,0,0,0
1995-04-05 21:00:00,2.7,33,1.0,270,0,0,0
1995-04-05 22:00:00,2.7,33,1.0,310,0,0,0
1995-04-05 23:00:00,2.2,36,0.5,310,0,0,0
1995-04-06 00:00:00,2.2,34,1.0,260,0,0,0
1995-04-06 01:00:00,0.0,47,1.0,240,0,0,0
1995-04-06 02:00:00,0.0,47,0.0,0,0,0,0
1995-04-06 03:00:00,0.5,45,0.0,0,0,0,0
1995-04-06 04:00:00,-1.7,65,0.0,0,0,0,0
1995-04-06 05:00:00,0.0,54,2.0,70,0,0,0
1995-04-06 06:00:00,0.0,54,2.5,90,1,0,1
1995-04-06 07:00:00,1.6,53,2.0,100,37,0,37
1995-04-06 08:00:00,3.3,52,3.0,70,105,0,105
1995-04-06 09:00:00,3.8,50,3.0,80,179,0,179
1995-04-06 10:00:00,5.0,48,3.6,100,390,179,269
1995-04-06 11:00:00,7.2,43,4.1,140,496,127,397
1995-04-06 12:00:00,7.2,38,5.1,140,394,45,356
1995-04-06 13:00:00,8.8,49,6.1,120,484,125,379
1995-04-06 14:00:00,8.8,51,7.2,120,481,166,350
1995-04-06 15:00:00,10.0,54,6.6,120,449,323,226
1995-04-06 16:00:00,14.4,39,5.1,120,336,185,234
1995-04-06 17:00:00,15.0,31,5.1,200,178,73,150
1995-04-06 18:00:00,13.3,36,7.2,210,43,3,42
1995-04-06 19:00:00,11.1,50,4.6,190,6,22,5
1995-04-06 20:00:00,9.4,58,3.6,170,0,0,0
1995-04-06 21:00:00,8.8,68,3.6,190,0,0,0
1995-04-06 22:00:00,7.7,76,2.5,190,0,0,0
1995-04-06 23:00:00,7.2,82,2.5,180,0,0,0
1995-04-07 00:00:00,7.2,82,2.5,180,0,0,0
1995-04-07 01:00:00,8.3,80,1.5,290,0,0,0
1995-04-07 02:00:00,7.2,82,1.5,180,0,0,0
1995-04-07 03:00:00,7.2,86,2.0,190,0,0,0
1995-04-07 04:00:00,7.7,86,2.5,210,0,0,0
1995-04-07 05:00:00,7.2,86,2.5,250,0,0,0
1995-04-07 06:00:00,7.2,89,1.5,250,2,0,2
1995-04-07 07:00:00,10.0,79,2.5,270,78,126,58
1995-04-07 08:00:00,12.7,64,4.1,280,256,391,116
1995-04-07 09:00:00,16.1,42,4.6,320,449,392,240
1995-04-07 10:00:00,17.2,32,6.1,310,584,528,227
1995-04-07 11:00:00,18.3,26,6.1,320,597,441,253
1995-04-07 12:00:00,18.3,29,6.1,340,784,616,269
1995-04-07 13:00:00,18.3,29,6.1,340,716,549,255
1995-04-07 14:00:00,18.8,29,5.1,320,744,603,268
1995-04-07 15:00:00,17.7,31,5.1,340,552,278,359
1995-04-07 16:00:00,17.7,37,3.6,350,461,532,167
1995-04-07 17:00:00,15.5,39,4.1,10,290,399,137
1995-04-07 18:00:00,13.8,42,3.6,360,99,168,67
1995-04-07 19:00:00,10.5,52,2.5,360,6,2,6
1995-04-07 20:00:00,8.8,56,2.0,360,0,0,0
1995-04-07 21:00:00,8.3,56,1.5,360,0,0,0
1995-04-07 22:00:00,6.6,63,1.0,30,0,0,0
1995-04-07 23:00:00,7.7,65,0.0,0,0,0,0
1995-04-08 00:00:00,5.5,70,0.5,20,0,0,0
1995-04-08 01:00:00,5.5,82,0.0,0,0,0,0
1995-04-08 02:00:00,5.0,67,0.0,0,0,0,0
1995-04-08 03:00:00,5.0,67,0.0,0,0,0,0
1995-04-08 04:00:00,4.4,66,2.0,40,0,0,0
1995-04-08 05:00:00,3.8,83,1.0,100,0,0,0
1995-04-08 06:00:00,4.4,89,1.0,110,2,4,2
1995-04-08 07:00:00,7.7,83,2.5,120,80,185,49
1995-04-08 08:00:00,10.0,74,5.1,120,270,451,107
1995-04-08 09:00:00,10.5,71,5.1,140,463,591,146
1995-04-08 10:00:00,12.2,71,5.1,140,295,95,230
1995-04-08 11:00:00,12.7,69,5.1,130,321,85,254
1995-04-08 12:00:00,13.8,69,6.1,130,488,172,344
1995-04-08 13:00:00,13.8,67,5.1,120,402,70,342
1995-04-08 14:00:00,14.4,69,5.1,120,396,150,276
1995-04-08 15:00:00,14.4,72,5.1,120,307,163,193
1995-04-08 16:00:00,13.3,77,4.1,110,188,55,158
1995-04-08 17:00:00,11.6,83,5.6,110,158,37,143
1995-04-08 18:00:00,13.3,77,4.1,80,97,31,90
1995-04-08 19:00:00,13.3,77,2.0,50,6,0,6
1995-04-08 20:00:00,13.3,74,3.0,60,0,0,0
1995-04-08 21:00:00,12.7,80,3.6,20,0,0,0
1995-04-08 22:00:00,10.0,89,2.5,30,0,0,0
1995-04-08 23:00:00,10.0,89,2.0,50,0,0,0
1995-04-09 00:00:00,8.8,93,1.5,150,0,0,0
1995-04-09 01:00:00,7.7,97,1.0,160,0,0,0
1995-04-09 02:00:00,7.7,97,1.0,150,0,0,0
1995-04-09 03:00:00,7.7,97,0.0,0,0,0,0
1995-04-09 04:00:00,7.7,100,0.0,0,0,0,0
1995-04-09 05:00:00,6.6,97,1.0,10,0,0,0
1995-04-09 06:00:00,6.6,97,0.0,0,3,0,3
1995-04-09 07:00:00,8.8,97,0.0,0,75,83,61
1995-04-09 08:00:00,11.6,90,0.0,0,212,46,195
1995-04-09 09:00:00,15.0,77,1.5,210,190,60,157
1995-04-09 10:00:00,19.4,59,5.1,260,236,0,236
1995-04-09 11:00:00,21.1,53,4.1,210,386,58,340
1995-04-09 12:00:00,18.8,65,4.1,90,808,671,242
1995-04-09 13:00:00,21.6,59,3.0,90,308,0,308
1995-04-09 14:00:00,25.5,40,6.6,230,555,116,462
1995-04-09 15:00:00,26.1,40,7.2,220,400,126,311
1995-04-09 16:00:00,25.5,44,5.1,210,195,54,165
1995-04-09 17:00:00,25.0,40,5.6,210,156,0,156
1995-04-09 18:00:00,24.4,43,5.1,200,65,9,63
1995-04-09 19:00:00,23.3,44,5.1,200,6,0,6
1995-04-09 20:00:00,21.6,51,5.1,200,0,0,0
1995-04-09 21:00:00,12.7,93,7.7,350,0,0,0
1995-04-09 22:00:00,10.5,93,5.1,30,0,0,0
1995-04-09 23:00:00,10.5,93,2.0,30,0,0,0
1995-04-10 00:00:00,9.4,93,5.1,20,0,0,0
1995-04-10 01:00:00,7.7,90,5.1,10,0,0,0
1995-04-10 02:00:00,6.6,90,5.1,10,0,0,0
1995-04-10 03:00:00,6.1,89,6.1,10,0,0,0
1995-04-10 04:00:00,6.1,82,5.1,20,0,0,0
1995-04-10 05:00:00,6.1,82,5.1,20,0,0,0
1995-04-10 06:00:00,6.1,82,5.1,30,2,0,2
1995-04-10 07:00:00,6.1,76,4.1,10,39,0,39
1995-04-10 08:00:00,5.5,70,5.1,20,99,0,99
1995-04-10 09:00:00,6.6,68,4.6,50,158,0,158
1995-04-10 10:00:00,7.7,48,6.6,60,608,495,266
1995-04-10 11:00:00,8.3,40,4.6,40,605,381,303
1995-04-10 12:00:00,9.4,39,4.1,40,721,496,301
1995-04-10 13:00:00,10.0,37,2.0,140,715,541,255
1995-04-10 14:00:00,10.5,52,4.6,120,633,517,219
1995-04-10 15:00:00,8.8,54,6.6,140,531,549,145
1995-04-10 16:00:00,7.2,60,3.0,150,205,0,205
1995-04-10 17:00:00,7.2,57,2.0,210,106,0,106
1995-04-10 18:00:00,6.6,60,5.1,120,58,88,40
1995-04-10 19:00:00,6.1,65,4.1,90,12,16,12
1995-04-10 20:00:00,6.6,60,4.1,80,0,0,0
1995-04-10 21:00:00,5.0,82,2.0,110,0,0,0
1995-04-10 22:00:00,5.5,76,2.5,110,0,0,0
1995-04-10 23:00:00,5.5,76,1.5,110,0,0,0
1995-04-11 00:00:00,6.1,73,2.5,70,0,0,0
1995-04-11 01:00:00,6.1,73,2.5,80,0,0,0
1995-04-11 02:00:00,6.6,73,2.0,70,0,0,0
1995-04-11 03:00:00,6.6,79,2.5,80,0,0,0
1995-04-11 04:00:00,6.1,82,1.0,80,0,0,0
1995-04-11 05:00:00,5.5,82,0.0,0,0,0,0
1995-04-11 06:00:00,5.0,86,1.0,20,5,12,4
1995-04-11 07:00:00,7.2,76,2.0,80,95,188,60
1995-04-11 08:00:00,7.7,76,3.6,80,86,0,86
1995-04-11 09:00:00,8.8,71,3.6,90,145,0,145
1995-04-11 10:00:00,10.0,71,3.6,110,195,0,195
1995-04-11 11:00:00,11.1,66,6.2,110,289,0,289
1995-04-11 12:00:00,11.6,64,6.1,110,250,0,250
1995-04-11 13:00:00,12.2,59,6.6,110,251,0,251
1995-04-11 14:00:00,12.2,56,5.6,120,234,0,234
1995-04-11 15:00:00,12.2,59,4.6,90,200,0,200
1995-04-11 16:00:00,11.6,64,5.1,120,151,0,151
1995-04-11 17:00:00,10.5,71,4.1,100,93,0,93
1995-04-11 18:00:00,10.5,71,4.1,100,41,0,41
1995-04-11 19:00:00,10.0,71,3.0,100,6,0,6
1995-04-11 20:00:00,10.0,77,3.6,90,0,0,0
1995-04-11 21:00:00,9.4,77,4.1,90,0,0,0
1995-04-11 22:00:00,9.4,80,3.6,90,0,0,0
1995-04-11 23:00:00,8.8,83,2.0,90,0,0,0
1995-04-12 00:00:00,7.2,93,0.5,90,0,0,0
1995-04-12 01:00:00,8.8,90,4.1,110,0,0,0
1995-04-12 02:00:00,10.0,86,2.5,120,0,0,0
1995-04-12 03:00:00,10.0,89,3.1,120,0,0,0
1995-04-12 04:00:00,10.0,89,3.0,120,0,0,0
1995-04-12 05:00:00,10.0,89,3.0,120,0,0,0
1995-04-12 06:00:00,10.5,89,0.0,0,3,0,3
1995-04-12 07:00:00,11.1,89,0.5,90,33,0,33
1995-04-12 08:00:00,11.6,90,0.5,120,82,0,82
1995-04-12 09:00:00,11.6,90,0.5,90,131,0,131
1995-04-12 10:00:00,12.7,90,0.5,150,172,0,172
1995-04-12 11:00:00,14.4,83,0.5,120,239,0,239
1995-04-12 12:00:00,18.3,75,0.5,170,257,0,257
1995-04-12 13:00:00,16.6,81,2.0,90,258,0,258
1995-04-12 14:00:00,21.6,71,7.2,200,241,0,241
1995-04-12 15:00:00,22.2,66,8.2,200,261,0,261
1995-04-12 16:00:00,23.3,57,8.2,190,398,203,282
1995-04-12 17:00:00,22.2,66,8.7,180,147,53,126
1995-04-12 18:00:00,20.5,68,7.2,180,130,349,58
1995-04-12 19:00:00,20.0,67,7.2,180,7,3,7
1995-04-12 20:00:00,19.4,73,7.2,190,0,0,0
1995-04-12 21:00:00,17.7,87,11.3,180,0,0,0
1995-04-12 22:00:00,14.4,90,9.2,330,0,0,0
1995-04-12 23:00:00,12.2,93,4.1,320,0,0,0
1995-04-13 00:00:00,11.6,97,2.0,320,0,0,0
1995-04-13 01:00:00,11.1,96,0.5,150,0,0,0
1995-04-13 02:00:00,11.1,96,1.0,170,0,0,0
1995-04-13 03:00:00,10.0,100,0.0,0,0,0,0
1995-04-13 04:00:00,9.4,100,1.0,170,0,0,0
1995-04-13 05:00:00,7.7,100,1.0,180,0,0,0
1995-04-13 06:00:00,7.7,100,1.0,180,6,18,6
1995-04-13 07:00:00,10.5,100,1.5,200,105,274,53
1995-04-13 08:00:00,12.7,90,4.1,210,301,566,84
1995-04-13 09:00:00,15.0,83,1.0,210,452,476,186
1995-04-13 10:00:00,16.6,75,4.1,280,625,561,233
1995-04-13 11:00:00,17.7,70,4.1,300,662,453,298
1995-04-13 12:00:00,17.2,72,2.5,300,872,733,244
1995-04-13 13:00:00,17.2,63,2.0,320,731,566,244
1995-04-13 14:00:00,17.2,65,3.6,330,588,316,333
1995-04-13 15:00:00,16.6,62,4.6,330,632,483,288
1995-04-13 16:00:00,14.4,67,5.6,340,459,434,211
1995-04-13 17:00:00,13.9,53,8.2,320,307,291,190
1995-04-13 18:00:00,13.3,49,6.6,310,77,89,58
1995-04-13 19:00:00,12.7,49,6.6,310,10,2,9
1995-04-13 20:00:00,11.1,52,6.1,340,0,0,0
1995-04-13 21:00:00,10.5,52,5.6,320,0,0,0
1995-04-13 22:00:00,10.0,54,3.6,300,0,0,0
1995-04-13 23:00:00,9.4,54,5.1,290,0,0,0
1995-04-14 00:00:00,8.3,60,5.1,290,0,0,0
1995-04-14 01:00:00,7.7,60,6.1,290,0,0,0
1995-04-14 02:00:00,6.6,68,4.6,290,0,0,0
1995-04-14 03:00:00,6.1,70,3.0,290,0,0,0
1995-04-14 04:00:00,5.5,73,2.0,290,0,0,0
1995-04-14 05:00:00,6.1,73,2.5,270,0,0,0
1995-04-14 06:00:00,6.1,70,3.0,290,7,14,6
1995-04-14 07:00:00,7.7,65,5.1,300,65,46,56
1995-04-14 08:00:00,8.3,60,5.1,300,138,50,119
1995-04-14 09:00:00,9.4,58,6.1,300,175,48,148
1995-04-14 10:00:00,11.1,56,5.1,330,361,97,292
1995-04-14 11:00:00,11.1,52,5.1,320,558,275,336
1995-04-14 12:00:00,10.5,54,6.1,330,735,230,537
1995-04-14 13:00:00,10.5,52,6.1,330,367,162,227
1995-04-14 14:00:00,12.7,49,6.1,300,545,182,397
1995-04-14 15:00:00,11.6,46,6.1,300,403,75,349
1995-04-14 16:00:00,11.6,45,7.2,310,232,102,173
1995-04-14 17:00:00,11.1,44,7.2,320,156,98,117
1995-04-14 18:00:00,10.5,48,5.1,310,63,38,55
1995-04-14 19:00:00,10.0,47,6.1,330,8,9,7
1995-04-14 20:00:00,9.4,45,5.1,310,0,0,0
1995-04-14 21:00:00,8.8,49,4.6,310,0,0,0
1995-04-14 22:00:00,8.3,51,4.1,330,0,0,0
1995-04-14 23:00:00,7.2,54,5.1,290,0,0,0
1995-04-15 00:00:00,6.6,54,4.6,290,0,0,0
1995-04-15 01:00:00,6.1,54,4.6,300,0,0,0
1995-04-15 02:00:00,5.0,61,3.6,290,0,0,0
1995-04-15 03:00:00,4.4,63,4.6,290,0,0,0
1995-04-15 04:00:00,3.8,66,4.1,290,0,0,0
1995-04-15 05:00:00,3.3,69,3.6,280,0,0,0
1995-04-15 06:00:00,3.3,69,3.6,290,8,27,7
1995-04-15 07:00:00,5.5,59,4.6,290,92,205,50
1995-04-15 08:00:00,7.2,52,6.1,300,334,633,85
1995-04-15 09:00:00,8.3,42,6.1,330,519,647,152
1995-04-15 10:00:00,9.4,49,4.1,300,655,684,170
1995-04-15 11:00:00,10.5,40,6.6,300,758,722,173
1995-04-15 12:00:00,11.1,37,6.1,280,771,681,184
1995-04-15 13:00:00,12.2,34,6.1,280,758,626,217
1995-04-15 14:00:00,13.3,27,6.1,300,853,866,147
1995-04-15 15:00:00,14.4,26,5.1,310,730,831,135
1995-04-15 16:00:00,14.4,24,5.1,300,557,765,115
1995-04-15 17:00:00,15.0,21,5.1,300,310,389,151
1995-04-15 18:00:00,14.4,21,5.1,320,143,407,55
1995-04-15 19:00:00,11.6,25,2.0,310,12,44,10
1995-04-15 20:00:00,10.0,30,1.0,280,0,0,0
1995-04-15 21:00:00,8.8,35,1.0,280,0,0,0
1995-04-15 22:00:00,7.7,38,1.0,270,0,0,0
1995-04-15 23:00:00,8.3,37,1.0,300,0,0,0
1995-04-16 00:00:00,7.7,38,1.0,290,0,0,0
1995-04-16 01:00:00,6.6,39,1.0,320,0,0,0
1995-04-16 02:00:00,6.1,41,0.0,0,0,0,0
1995-04-16 03:00:00,5.5,46,0.0,0,0,0,0
1995-04-16 04:00:00,3.3,52,1.0,280,0,0,0
1995-04-16 05:00:00,2.2,51,0.0,0,0,0,0
1995-04-16 06:00:00,3.3,57,1.0,230,11,13,10
1995-04-16 07:00:00,6.6,43,0.0,0,103,179,66
1995-04-16 08:00:00,10.5,33,2.0,310,289,386,136
1995-04-16 09:00:00,11.6,24,3.0,300,509,636,147
1995-04-16 10:00:00,13.8,31,3.0,300,598,440,285
1995-04-16 11:00:00,15.0,27,3.0,300,739,608,245
1995-04-16 12:00:00,15.5,24,2.5,290,856,709,242
1995-04-16 13:00:00,17.2,20,3.0,280,863,798,171
1995-04-16 14:00:00,17.7,13,5.1,290,796,812,133
1995-04-16 15:00:00,18.8,12,5.1,300,675,679,186
1995-04-16 16:00:00,18.8,12,5.1,280,544,759,104
1995-04-16 17:00:00,18.8,12,4.1,310,267,468,75
1995-04-16 18:00:00,17.2,17,1.5,290,143,396,57
1995-04-16 19:00:00,15.5,19,0.5,260,12,16,12
1995-04-16 20:00:00,13.8,24,1.0,280,0,0,0
1995-04-16 21:00:00,11.1,35,0.0,0,0,0,0
1995-04-16 22:00:00,11.6,34,0.0,0,0,0,0
1995-04-16 23:00:00,8.8,45,0.0,0,0,0,0
1995-04-17 00:00:00,8.8,43,1.0,350,0,0,0
1995-04-17 01:00:00,8.3,53,2.0,30,0,0,0
1995-04-17 02:00:00,9.4,41,3.6,60,0,0,0
1995-04-17 03:00:00,8.3,53,2.5,60,0,0,0
1995-04-17 04:00:00,7.2,60,1.0,70,0,0,0
1995-04-17 05:00:00,5.5,73,2.0,70,0,0,0
1995-04-17 06:00:00,6.6,70,2.0,80,12,9,11
1995-04-17 07:00:00,8.3,63,2.5,70,113,26,107
1995-04-17 08:00:00,10.0,56,3.6,90,189,116,142
1995-04-17 09:00:00,11.1,54,3.6,90,257,115,190
1995-04-17 10:00:00,11.6,52,2.5,100,598,490,248
1995-04-17 11:00:00,11.6,52,2.5,150,301,0,301
1995-04-17 12:00:00,12.2,43,1.5,170,323,0,323
1995-04-17 13:00:00,13.3,41,3.0,110,324,0,324
1995-04-17 14:00:00,12.2,48,3.6,110,303,0,303
1995-04-17 15:00:00,11.1,52,3.6,140,209,0,209
1995-04-17 16:00:00,10.5,56,2.5,120,483,197,368
1995-04-17 17:00:00,10.5,56,4.6,150,165,57,142
1995-04-17 18:00:00,10.0,56,2.5,130,122,210,75
1995-04-17 19:00:00,9.4,56,3.0,180,11,10,10
1995-04-17 20:00:00,10.0,52,2.0,210,0,0,0
1995-04-17 21:00:00,9.4,58,1.5,170,0,0,0
1995-04-17 22:00:00,9.4,63,1.0,180,0,0,0
1995-04-17 23:00:00,9.4,66,1.0,170,0,0,0
1995-04-18 00:00:00,8.3,71,0.5,180,0,0,0
1995-04-18 01:00:00,8.8,77,0.0,0,0,0,0
1995-04-18 02:00:00,7.7,80,0.0,0,0,0,0
1995-04-18 03:00:00,7.2,79,0.0,0,0,0,0
1995-04-18 04:00:00,6.1,85,1.0,180,0,0,0
1995-04-18 05:00:00,6.6,90,1.0,190,0,0,0
1995-04-18 06:00:00,7.2,82,0.0,0,10,4,10
1995-04-18 07:00:00,10.0,74,1.0,210,116,267,59
1995-04-18 08:00:00,12.7,62,0.0,0,313,459,127
1995-04-18 09:00:00,15.0,62,1.0,90,521,645,148
1995-04-18 10:00:00,16.1,49,1.0,160,597,398,311
1995-04-18 11:00:00,15.5,51,3.0,120,769,624,257
1995-04-18 12:00:00,15.5,48,3.0,120,319,0,319
1995-04-18 13:00:00,15.5,50,4.1,120,320,0,320
1995-04-18 14:00:00,15.0,47,3.6,120,298,0,298
1995-04-18 15:00:00,15.0,47,4.6,150,255,0,255
1995-04-18 16:00:00,13.3,64,4.6,140,155,0,155
1995-04-18 17:00:00,13.3,67,4.6,130,121,0,121
1995-04-18 18:00:00,12.2,77,2.5,120,57,0,57
1995-04-18 19:00:00,12.2,74,2.5,130,11,0,11
1995-04-18 20:00:00,12.7,66,3.0,150,0,0,0
1995-04-18 21:00:00,11.6,71,2.0,180,0,0,0
1995-04-18 22:00:00,11.1,80,1.0,120,0,0,0
1995-04-18 23:00:00,11.6,80,1.0,130,0,0,0
1995-04-19 00:00:00,11.6,86,2.5,120,0,0,0
1995-04-19 01:00:00,12.7,80,4.1,150,0,0,0
1995-04-19 02:00:00,12.7,84,4.1,150,0,0,0
1995-04-19 03:00:00,13.3,83,2.5,150,0,0,0
1995-04-19 04:00:00,16.1,80,4.6,180,0,0,0
1995-04-19 05:00:00,17.2,84,5.6,190,0,0,0
1995-04-19 06:00:00,17.7,84,6.1,190,8,0,8
1995-04-19 07:00:00,18.3,84,6.1,200,49,0,49
1995-04-19 08:00:00,20.0,78,7.2,210,93,0,93
1995-04-19 09:00:00,21.6,73,10.2,230,172,65,134
1995-04-19 10:00:00,23.3,69,9.2,220,380,126,289
1995-04-19 11:00:00,23.8,67,7.2,210,812,695,240
1995-04-19 12:00:00,25.5,60,6.1,220,822,656,248
1995-04-19 13:00:00,27.2,54,5.1,220,851,650,282
1995-04-19 14:00:00,27.7,53,6.1,230,780,704,199
1995-04-19 15:00:00,27.7,53,4.6,210,660,559,253
1995-04-19 16:00:00,28.3,49,5.1,220,494,566,161
1995-04-19 17:00:00,28.3,51,4.1,210,335,536,112
1995-04-19 18:00:00,26.1,56,2.5,210,125,215,76
1995-04-19 19:00:00,23.3,64,1.0,200,14,21,13
1995-04-19 20:00:00,20.0,75,1.0,180,0,0,0
1995-04-19 21:00:00,22.2,66,0.0,0,0,0,0
1995-04-19 22:00:00,22.2,73,1.5,330,0,0,0
1995-04-19 23:00:00,22.2,84,1.0,330,0,0,0
1995-04-20 00:00:00,20.5,84,3.0,350,0,0,0
1995-04-20 01:00:00,19.4,76,2.5,360,0,0,0
1995-04-20 02:00:00,18.3,75,4.1,360,0,0,0
1995-04-20 03:00:00,17.7,78,4.6,350,0,0,0
1995-04-20 04:00:00,16.1,83,1.5,350,0,0,0
1995-04-20 05:00:00,15.0,83,2.5,330,0,0,0
1995-04-20 06:00:00,15.0,72,2.5,340,11,15,10
1995-04-20 07:00:00,14.4,72,2.0,350,155,412,63
1995-04-20 08:00:00,16.1,53,3.6,10,323,569,87
1995-04-20 09:00:00,17.2,52,1.5,30,513,654,130
1995-04-20 10:00:00,17.7,48,1.5,350,695,724,170
1995-04-20 11:00:00,18.3,46,1.5,40,771,693,198
1995-04-20 12:00:00,18.3,48,2.0,120,921,870,158
1995-04-20 13:00:00,19.4,43,2.0,50,609,345,306
1995-04-20 14:00:00,18.3,46,2.5,70,588,449,216
1995-04-20 15:00:00,19.4,45,1.5,70,525,425,215
1995-04-20 16:00:00,20.5,44,1.5,100,501,610,141
1995-04-20 17:00:00,19.4,47,1.0,120,325,464,130
1995-04-20 18:00:00,17.2,56,1.5,130,118,101,95
1995-04-20 19:00:00,16.6,65,1.5,150,9,0,9
1995-04-20 20:00:00,16.1,69,2.0,150,0,0,0
1995-04-20 21:00:00,15.5,60,2.5,170,0,0,0
1995-04-20 22:00:00,14.4,67,1.0,130,0,0,0
1995-04-20 23:00:00,13.8,72,1.5,110,0,0,0
1995-04-21 00:00:00,12.7,80,1.5,120,0,0,0
1995-04-21 01:00:00,12.7,84,2.0,140,0,0,0
1995-04-21 02:00:00,12.2,86,1.0,120,0,0,0
1995-04-21 03:00:00,12.2,89,1.5,130,0,0,0
1995-04-21 04:00:00,12.2,89,1.5,100,0,0,0
1995-04-21 05:00:00,12.2,89,1.0,110,0,0,0
1995-04-21 06:00:00,12.7,86,3.6,120,9,0,9
1995-04-21 07:00:00,13.3,83,3.6,120,44,0,44
1995-04-21 08:00:00,12.7,86,4.6,110,103,0,103
1995-04-21 09:00:00,13.3,83,2.5,120,161,0,161
1995-04-21 10:00:00,13.8,80,5.1,120,209,0,209
1995-04-21 11:00:00,13.3,87,5.6,130,243,0,243
1995-04-21 12:00:00,13.3,87,6.1,130,260,0,260
1995-04-21 13:00:00,15.5,83,5.1,140,218,0,218
1995-04-21 14:00:00,17.2,80,3.6,140,243,0,243
1995-04-21 15:00:00,18.3,81,1.0,140,210,0,210
1995-04-21 16:00:00,19.4,84,1.0,60,162,0,162
1995-04-21 17:00:00,22.2,76,1.0,150,316,486,111
1995-04-21 18:00:00,19.4,81,1.0,80,137,337,58
1995-04-21 19:00:00,15.0,90,1.5,60,17,13,16
1995-04-21 20:00:00,13.8,93,0.5,40,0,0,0
1995-04-21 21:00:00,13.3,96,0.5,90,0,0,0
1995-04-21 22:00:00,13.3,96,0.5,30,0,0,0
1995-04-21 23:00:00,13.3,96,0.0,0,0,0,0
1995-04-22 00:00:00,12.7,97,1.5,110,0,0,0
1995-04-22 01:00:00,12.7,100,0.0,0,0,0,0
1995-04-22 02:00:00,10.5,100,1.5,360,0,0,0
1995-04-22 03:00:00,10.0,100,1.0,350,0,0,0
1995-04-22 04:00:00,10.5,100,0.0,0,0,0,0
1995-04-22 05:00:00,10.0,100,0.0,0,0,0,0
1995-04-22 06:00:00,8.8,100,0.5,70,18,79,13
1995-04-22 07:00:00,11.6,100,0.0,0,159,459,53
1995-04-22 08:00:00,16.1,83,0.5,200,365,565,127
1995-04-22 09:00:00,22.7,53,1.5,220,497,662,105
1995-04-22 10:00:00,24.4,39,4.1,230,590,519,210
1995-04-22 11:00:00,25.5,38,6.1,250,825,794,165
1995-04-22 12:00:00,26.1,35,6.1,290,690,163,545
1995-04-22 13:00:00,27.2,31,7.2,250,433,152,299
1995-04-22 14:00:00,21.1,55,6.1,280,422,143,303
1995-04-22 15:00:00,22.7,51,6.1,310,462,23,445
1995-04-22 16:00:00,22.7,53,4.1,330,164,0,164
1995-04-22 17:00:00,21.6,53,3.6,340,132,0,132
1995-04-22 18:00:00,20.5,45,5.1,320,61,49,49
1995-04-22 19:00:00,17.7,46,6.6,310,13,4,13
1995-04-22 20:00:00,15.0,51,8.2,330,0,0,0
1995-04-22 21:00:00,13.3,51,8.2,330,0,0,0
1995-04-22 22:00:00,12.7,49,6.6,290,0,0,0
1995-04-22 23:00:00,11.1,56,5.1,340,0,0,0
1995-04-23 00:00:00,10.5,56,8.2,340,0,0,0
1995-04-23 01:00:00,10.0,52,6.1,340,0,0,0
1995-04-23 02:00:00,8.8,51,7.2,340,0,0,0
1995-04-23 03:00:00,8.3,51,5.1,340,0,0,0
1995-04-23 04:00:00,7.2,54,3.6,330,0,0,0
1995-04-23 05:00:00,6.6,57,4.1,330,0,0,0
1995-04-23 06:00:00,7.2,57,3.0,310,15,3,15
1995-04-23 07:00:00,8.8,54,5.6,320,84,15,81
1995-04-23 08:00:00,12.8,43,5.1,310,216,159,148
1995-04-23 09:00:00,10.5,50,5.1,330,344,154,252
1995-04-23 10:00:00,11.6,43,5.1,330,259,0,259
1995-04-23 11:00:00,12.7,45,5.1,330,304,0,304
1995-04-23 12:00:00,13.8,40,5.1,330,327,0,327
1995-04-23 13:00:00,14.4,35,4.1,330,327,0,327
1995-04-23 14:00:00,15.0,31,3.0,290,304,0,304
1995-04-23 15:00:00,14.4,34,3.6,290,260,0,260
1995-04-23 16:00:00,13.8,34,2.5,250,359,73,315
1995-04-23 17:00:00,13.8,37,1.5,260,169,67,140
1995-04-23 18:00:00,12.7,40,2.0,220,103,43,92
1995-04-23 19:00:00,11.1,48,1.0,200,16,0,16
1995-04-23 20:00:00,10.5,54,1.0,200,0,0,0
1995-04-23 21:00:00,11.1,52,0.0,0,0,0,0
1995-04-23 22:00:00,10.0,60,1.0,160,0,0,0
1995-04-23 23:00:00,10.0,71,0.5,200,0,0,0
1995-04-24 00:00:00,9.4,77,1.0,130,0,0,0
1995-04-24 01:00:00,8.8,86,4.1,260,0,0,0
1995-04-24 02:00:00,7.2,82,0.5,330,0,0,0
1995-04-24 03:00:00,6.1,93,0.0,0,0,0,0
1995-04-24 04:00:00,6.6,90,4.1,80,0,0,0
1995-04-24 05:00:00,6.6,90,5.1,60,0,0,0
1995-04-24 06:00:00,6.6,90,6.1,70,12,0,12
1995-04-24 07:00:00,7.2,86,5.1,60,54,0,54
1995-04-24 08:00:00,7.2,86,5.1,70,99,0,99
1995-04-24 09:00:00,7.7,86,5.1,70,157,0,157
1995-04-24 10:00:00,7.8,82,4.1,70,206,0,206
1995-04-24 11:00:00,8.3,86,4.6,60,241,0,241
1995-04-24 12:00:00,8.8,80,4.1,70,259,0,259
1995-04-24 13:00:00,8.8,80,2.5,60,259,0,259
1995-04-24 14:00:00,8.3,89,2.5,60,241,0,241
1995-04-24 15:00:00,8.3,89,3.0,50,207,0,207
1995-04-24 16:00:00,8.8,86,2.5,50,158,0,158
1995-04-24 17:00:00,9.4,80,1.0,40,99,0,99
1995-04-24 18:00:00,9.4,77,1.0,10,54,0,54
1995-04-24 19:00:00,9.4,80,1.0,330,12,0,12
1995-04-24 20:00:00,9.4,80,1.0,330,0,0,0
1995-04-24 21:00:00,9.4,80,1.0,330,0,0,0
1995-04-24 22:00:00,9.4,80,2.5,320,0,0,0
1995-04-24 23:00:00,10.0,74,2.0,300,0,0,0
1995-04-25 00:00:00,9.4,80,3.0,290,0,0,0
1995-04-25 01:00:00,9.4,80,2.5,290,0,0,0
1995-04-25 02:00:00,8.8,83,3.0,270,0,0,0
1995-04-25 03:00:00,8.8,80,3.0,270,0,0,0
1995-04-25 04:00:00,8.3,83,2.5,260,0,0,0
1995-04-25 05:00:00,8.3,76,2.5,290,0,0,0
1995-04-25 06:00:00,7.7,74,3.0,320,25,148,14
1995-04-25 07:00:00,8.8,61,3.6,340,183,494,63
1995-04-25 08:00:00,10.5,54,4.6,350,364,553,125
1995-04-25 09:00:00,12.7,51,4.1,340,474,574,128
1995-04-25 10:00:00,14.4,42,2.5,350,691,625,227
1995-04-25 11:00:00,15.0,44,1.5,10,838,802,164
1995-04-25 12:00:00,15.5,36,1.0,330,887,829,149
1995-04-25 13:00:00,17.2,36,1.5,270,916,798,205
1995-04-25 14:00:00,17.7,29,2.0,310,773,754,139
1995-04-25 15:00:00,18.8,33,5.1,270,635,660,145
1995-04-25 16:00:00,17.7,31,3.0,280,211,81,161
1995-04-25 17:00:00,18.3,28,3.6,280,208,64,180
1995-04-25 18:00:00,16.6,35,2.5,240,81,32,73
1995-04-25 19:00:00,15.0,40,2.5,210,25,122,16
1995-04-25 20:00:00,14.4,45,5.1,280,0,0,0
1995-04-25 21:00:00,13.8,53,1.5,310,0,0,0
1995-04-25 22:00:00,11.6,61,2.0,230,0,0,0
1995-04-25 23:00:00,10.0,74,2.0,230,0,0,0
1995-04-26 00:00:00,10.0,74,2.5,240,0,0,0
1995-04-26 01:00:00,10.0,71,3.0,280,0,0,0
1995-04-26 02:00:00,10.5,69,3.6,300,0,0,0
1995-04-26 03:00:00,8.3,76,4.1,330,0,0,0
1995-04-26 04:00:00,8.3,68,3.6,330,0,0,0
1995-04-26 05:00:00,7.7,65,2.5,330,0,0,0
1995-04-26 06:00:00,7.7,68,2.0,330,25,102,18
1995-04-26 07:00:00,10.5,61,2.5,320,160,438,52
1995-04-26 08:00:00,12.2,52,2.5,320,383,695,80
1995-04-26 09:00:00,13.8,47,5.1,320,523,673,115
1995-04-26 10:00:00,15.0,44,5.1,320,690,735,143
1995-04-26 11:00:00,15.5,41,6.1,300,836,848,121
1995-04-26 12:00:00,16.6,41,6.1,300,887,838,138
1995-04-26 13:00:00,17.7,35,5.1,300,892,857,126
1995-04-26 14:00:00,17.7,33,5.1,330,791,653,241
1995-04-26 15:00:00,18.1,29,3.8,300,703,757,140
1995-04-26 16:00:00,18.3,26,2.5,270,566,767,102
1995-04-26 17:00:00,16.6,46,4.1,130,360,653,75
1995-04-26 18:00:00,14.4,59,2.5,120,167,394,70
1995-04-26 19:00:00,11.6,74,0.0,0,24,102,16
1995-04-26 20:00:00,12.7,59,0.0,0,0,0,0
1995-04-26 21:00:00,11.1,54,0.0,0,0,0,0
1995-04-26 22:00:00,9.4,63,0.0,0,0,0,0
1995-04-26 23:00:00,11.1,54,1.0,210,0,0,0
1995-04-27 00:00:00,10.5,56,2.0,210,0,0,0
1995-04-27 01:00:00,8.3,71,1.0,180,0,0,0
1995-04-27 02:00:00,7.2,79,1.5,180,0,0,0
1995-04-27 03:00:00,7.7,76,2.0,180,0,0,0
1995-04-27 04:00:00,7.7,76,2.0,180,0,0,0
1995-04-27 05:00:00,7.2,76,2.0,190,0,0,0
1995-04-27 06:00:00,8.3,76,2.0,180,30,185,16
1995-04-27 07:00:00,11.6,77,5.1,200,190,583,44
1995-04-27 08:00:00,15.5,62,4.6,220,395,757,62
1995-04-27 09:00:00,18.3,48,6.1,210,569,686,151
1995-04-27 10:00:00,20.5,47,6.1,210,724,786,136
1995-04-27 11:00:00,22.2,46,5.1,240,823,767,174
1995-04-27 12:00:00,23.3,40,5.1,200,839,694,217
1995-04-27 13:00:00,25.0,36,6.6,240,845,598,309
1995-04-27 14:00:00,23.3,34,7.7,210,868,880,125
1995-04-27 15:00:00,22.7,33,7.2,230,716,708,188
1995-04-27 16:00:00,22.7,37,8.2,200,476,619,100
1995-04-27 17:00:00,22.2,35,7.7,210,352,580,98
1995-04-27 18:00:00,21.1,38,5.6,200,174,456,60
1995-04-27 19:00:00,18.3,43,5.6,180,15,8,14
1995-04-27 20:00:00,16.6,48,5.1,180,0,0,0
1995-04-27 21:00:00,15.5,58,4.1,190,0,0,0
1995-04-27 22:00:00,16.1,57,6.6,190,0,0,0
1995-04-27 23:00:00,16.1,64,5.1,190,0,0,0
1995-04-28 00:00:00,16.6,67,5.1,200,0,0,0
1995-04-28 01:00:00,16.6,70,5.1,200,0,0,0
1995-04-28 02:00:00,17.2,67,5.6,230,0,0,0
1995-04-28 03:00:00,16.6,72,4.1,250,0,0,0
1995-04-28 04:00:00,14.4,90,2.0,280,0,0,0
1995-04-28 05:00:00,13.3,93,2.0,240,0,0,0
1995-04-28 06:00:00,14.4,90,2.0,260,20,1,19
1995-04-28 07:00:00,15.0,64,6.6,340,149,291,75
1995-04-28 08:00:00,15.0,51,7.2,320,258,278,134
1995-04-28 09:00:00,16.6,44,7.7,320,559,583,201
1995-04-28 10:00:00,16.6,46,5.6,310,704,607,248
1995-04-28 11:00:00,18.8,40,5.1,310,860,774,203
1995-04-28 12:00:00,19.4,37,4.1,270,801,535,321
1995-04-28 13:00:00,20.0,33,5.1,300,846,693,223
1995-04-28 14:00:00,19.4,34,6.6,320,495,365,185
1995-04-28 15:00:00,19.4,34,6.1,300,699,601,248
1995-04-28 16:00:00,19.4,32,4.6,330,495,518,179
1995-04-28 17:00:00,18.8,33,5.1,340,343,461,139
1995-04-28 18:00:00,17.7,35,5.1,340,147,247,85
1995-04-28 19:00:00,14.4,42,2.5,330,21,14,20
1995-04-28 20:00:00,13.3,45,2.5,320,0,0,0
1995-04-28 21:00:00,11.1,54,2.5,330,0,0,0
1995-04-28 22:00:00,11.1,54,2.5,330,0,0,0
1995-04-28 23:00:00,9.4,58,2.0,300,0,0,0
1995-04-29 00:00:00,9.4,58,1.5,340,0,0,0
1995-04-29 01:00:00,9.4,58,2.0,330,0,0,0
1995-04-29 02:00:00,8.8,63,0.5,240,0,0,0
1995-04-29 03:00:00,7.2,70,0.0,0,0,0,0
1995-04-29 04:00:00,7.7,71,0.0,0,0,0,0
1995-04-29 05:00:00,7.2,70,0.5,260,0,0,0
1995-04-29 06:00:00,7.7,71,0.0,0,33,149,21
1995-04-29 07:00:00,10.5,66,0.0,0,198,513,65
1995-04-29 08:00:00,14.4,49,3.0,280,382,661,87
1995-04-29 09:00:00,17.2,38,4.6,280,628,816,126
1995-04-29 10:00:00,18.3,35,3.0,280,716,727,168
1995-04-29 11:00:00,18.3,30,4.1,270,865,846,145
1995-04-29 12:00:00,18.3,30,3.6,250,875,845,113
1995-04-29 13:00:00,19.4,28,4.1,270,914,821,174
1995-04-29 14:00:00,20.0,27,4.1,270,810,832,103
1995-04-29 15:00:00,20.5,31,4.1,250,743,847,107
1995-04-29 16:00:00,20.5,28,3.6,270,574,704,143
1995-04-29 17:00:00,20.5,25,2.5,310,376,625,98
1995-04-29 18:00:00,19.4,30,2.0,340,160,366,67
1995-04-29 19:00:00,14.4,55,0.0,0,23,96,16
1995-04-29 20:00:00,12.2,77,0.5,140,0,0,0
1995-04-29 21:00:00,11.6,74,1.0,180,0,0,0
1995-04-29 22:00:00,11.6,74,0.5,170,0,0,0
1995-04-29 23:00:00,12.7,59,0.0,0,0,0,0
1995-04-30 00:00:00,12.2,61,0.0,0,0,0,0
1995-04-30 01:00:00,11.6,69,0.5,230,0,0,0
1995-04-30 02:00:00,10.0,79,0.5,220,0,0,0
1995-04-30 03:00:00,10.5,77,0.0,0,0,0,0
1995-04-30 04:00:00,10.5,80,0.0,0,0,0,0
1995-04-30 05:00:00,11.1,80,0.0,0,0,0,0
1995-04-30 06:00:00,10.5,83,0.0,0,20,4,20
1995-04-30 07:00:00,12.8,77,1.0,60,68,0,68
1995-04-30 08:00:00,13.3,77,4.1,60,143,0,143
1995-04-30 09:00:00,13.3,75,5.1,60,214,0,214
1995-04-30 10:00:00,11.1,89,3.1,90,218,0,218
1995-04-30 11:00:00,11.6,90,5.6,90,250,0,250
1995-04-30 12:00:00,11.6,90,7.2,90,267,0,267
1995-04-30 13:00:00,11.1,93,7.2,90,223,0,223
1995-04-30 14:00:00,11.1,93,8.2,90,209,0,209
1995-04-30 15:00:00,11.6,93,5.1,70,182,0,182
1995-04-30 16:00:00,10.5,97,5.1,40,142,0,142
1995-04-30 17:00:00,10.0,96,6.1,20,94,0,94
1995-04-30 18:00:00,9.4,96,6.1,40,44,0,44
1995-04-30 19:00:00,9.4,93,6.6,40,14,0,14
1995-04-30 20:00:00,9.4,93,7.2,20,0,0,0
1995-04-30 21:00:00,9.4,89,5.1,20,0,0,0
1995-04-30 22:00:00,9.9,89,5.3,10,0,0,0
1995-04-30 23:00:00,10.4,89,5.4,360,0,0,0
1995-05-01 00:00:00,10.9,97,5.6,360,0,0,0
1997-05-01 01:00:00,11.5,71,5.7,180,0,0,0
1997-05-01 02:00:00,12.0,76,5.9,180,0,0,0
1997-05-01 03:00:00,12.5,82,6.0,180,0,0,0
1997-05-01 04:00:00,13.0,82,6.2,180,0,0,0
1997-05-01 05:00:00,13.0,88,6.2,180,0,0,0
1997-05-01 06:00:00,14.0,88,6.2,190,23,18,21
1997-05-01 07:00:00,16.0,82,7.7,190,82,31,74
1997-05-01 08:00:00,19.0,78,10.8,210,159,61,132
1997-05-01 09:00:00,20.0,73,10.3,220,250,107,183
1997-05-01 10:00:00,21.0,73,11.8,210,219,0,219
1997-05-01 11:00:00,22.0,69,10.3,210,314,0,314
1997-05-01 12:00:00,24.0,61,9.3,210,489,12,478
1997-05-01 13:00:00,24.0,61,9.8,200,268,0,268
1997-05-01 14:00:00,24.0,65,9.3,200,250,0,250
1997-05-01 15:00:00,23.0,65,8.7,210,217,0,217
1997-05-01 16:00:00,24.0,61,8.2,200,170,0,170
1997-05-01 17:00:00,24.0,57,9.3,200,113,0,113
1997-05-01 18:00:00,22.0,33,9.8,300,54,0,54
1997-05-01 19:00:00,17.0,63,6.2,270,20,0,20
1997-05-01 20:00:00,17.0,52,10.3,300,0,0,0
1997-05-01 21:00:00,15.0,51,6.2,310,0,0,0
1997-05-01 22:00:00,14.0,55,7.7,310,0,0,0
1997-05-01 23:00:00,14.0,55,6.2,310,0,0,0
1997-05-02 00:00:00,13.0,51,10.3,300,0,0,0
1997-05-02 01:00:00,12.0,58,5.7,310,0,0,0
1997-05-02 02:00:00,11.0,50,11.3,300,0,0,0
1997-05-02 03:00:00,11.0,50,7.7,300,0,0,0
1997-05-02 04:00:00,9.0,57,7.2,320,0,0,0
1997-05-02 05:00:00,9.0,57,5.1,320,0,0,0
1997-05-02 06:00:00,10.0,50,4.1,310,34,7,33
1997-05-02 07:00:00,11.0,47,7.2,300,155,234,91
1997-05-02 08:00:00,12.0,40,8.2,300,369,425,175
1997-05-02 09:00:00,14.0,38,6.7,310,569,593,197
1997-05-02 10:00:00,15.0,39,6.2,280,740,668,231
1997-05-02 11:00:00,16.2,36,6.2,280,697,512,256
1997-05-02 12:00:00,17.0,34,6.2,270,888,634,312
1997-05-02 13:00:00,18.0,37,6.7,280,921,726,262
1997-05-02 14:00:00,18.0,34,5.7,250,796,548,327
1997-05-02 15:00:00,19.0,37,5.7,250,710,585,266
1997-05-02 16:00:00,19.0,37,5.7,230,503,453,221
1997-05-02 17:00:00,19.0,37,4.6,270,315,289,184
1997-05-02 18:00:00,18.0,42,2.1,200,154,24,147
1997-05-02 19:00:00,13.0,72,3.1,190,26,1,26
1997-05-02 20:00:00,12.3,75,2.9,190,0,0,0
1997-05-02 21:00:00,12.0,76,2.6,180,0,0,0
1997-05-02 22:00:00,13.0,67,5.1,170,0,0,0
1997-05-02 23:00:00,12.0,67,4.6,170,0,0,0
1997-05-03 00:00:00,11.0,67,4.1,170,0,0,0
1997-05-03 01:00:00,10.0,66,3.6,170,0,0,0
1997-05-03 02:00:00,11.0,66,4.6,170,0,0,0
1997-05-03 03:00:00,12.0,76,5.7,170,0,0,0
1997-05-03 04:00:00,13.0,77,5.1,180,0,0,0
1997-05-03 05:00:00,14.0,77,4.1,180,0,0,0
1997-05-03 06:00:00,13.0,94,3.1,160,19,0,19
1997-05-03 07:00:00,14.0,94,3.6,160,57,0,57
1997-05-03 08:00:00,15.0,100,5.1,170,116,0,116
1997-05-03 09:00:00,16.1,99,7.2,180,173,0,173
1997-05-03 10:00:00,17.0,100,9.3,180,184,0,184
1997-05-03 11:00:00,18.0,100,11.8,180,211,0,211
1997-05-03 12:00:00,20.0,88,10.8,190,225,0,225
1997-05-03 13:00:00,22.0,78,10.3,190,366,78,295
1997-05-03 14:00:00,24.0,69,12.9,190,519,80,450
1997-05-03 15:00:00,23.0,57,12.3,210,273,0,273
1997-05-03 16:00:00,22.0,64,10.3,200,273,83,221
1997-05-03 17:00:00,22.0,69,10.8,210,201,143,135
1997-05-03 18:00:00,22.0,64,9.3,200,116,25,109
1997-05-03 19:00:00,20.0,68,6.7,220,25,30,22
1997-05-03 20:00:00,20.0,68,6.2,220,0,0,0
1997-05-03 21:00:00,20.0,64,7.7,290,0,0,0
1997-05-03 22:00:00,16.0,77,2.6,270,0,0,0
1997-05-03 23:00:00,15.0,77,4.6,270,0,0,0
1997-05-04 00:00:00,15.0,72,4.6,280,0,0,0
1997-05-04 01:00:00,15.0,63,5.1,300,0,0,0
1997-05-04 02:00:00,14.0,63,5.7,290,0,0,0
1997-05-04 03:00:00,12.0,62,7.7,310,0,0,0
1997-05-04 04:00:00,12.0,62,5.7,290,0,0,0
1997-05-04 05:00:00,11.0,62,9.3,290,0,0,0
1997-05-04 06:00:00,11.0,58,6.7,290,29,17,27
1997-05-04 07:00:00,11.0,54,8.2,300,177,363,76
1997-05-04 08:00:00,13.0,51,8.7,300,281,218,179
1997-05-04 09:00:00,14.0,47,8.7,290,593,656,179
1997-05-04 10:00:00,15.0,41,9.3,300,580,392,278
1997-05-04 11:00:00,16.0,39,7.7,290,805,640,252
1997-05-04 12:00:00,17.0,42,7.2,310,816,612,256
1997-05-04 13:00:00,18.0,37,7.7,280,563,109,464
1997-05-04 14:00:00,17.0,34,6.7,280,445,105,355
1997-05-04 15:00:00,17.0,32,8.2,280,281,122,188
1997-05-04 16:00:00,18.0,30,7.2,290,260,146,169
1997-05-04 17:00:00,16.0,31,6.2,280,217,41,198
1997-05-04 18:00:00,16.0,36,3.6,270,151,22,145
1997-05-04 19:00:00,15.0,41,3.6,250,25,7,24
1997-05-04 20:00:00,13.0,51,3.6,250,0,0,0
1997-05-04 21:00:00,13.0,54,3.1,250,0,0,0
1997-05-04 22:00:00,11.0,62,3.6,240,0,0,0
1997-05-04 23:00:00,11.0,62,3.6,260,0,0,0
1997-05-05 00:00:00,11.0,62,3.6,260,0,0,0
1997-05-05 01:00:00,10.0,57,3.6,270,0,0,0
1997-05-05 02:00:00,8.0,61,3.1,270,0,0,0
1997-05-05 03:00:00,8.0,52,3.1,280,0,0,0
1997-05-05 04:00:00,7.0,56,1.5,280,0,0,0
1997-05-05 05:00:00,7.0,56,2.1,230,0,0,0
1997-05-05 06:00:00,6.0,55,1.5,240,40,158,25
1997-05-05 07:00:00,10.0,57,3.6,240,138,258,65
1997-05-05 08:00:00,14.0,47,4.6,250,375,542,122
1997-05-05 09:00:00,16.0,39,4.1,240,629,823,107
1997-05-05 10:00:00,17.0,34,6.2,250,796,874,122
1997-05-05 11:00:00,18.0,32,6.2,240,846,775,174
1997-05-05 12:00:00,19.0,37,8.2,220,920,811,178
1997-05-05 13:00:00,19.0,32,9.3,230,897,769,194
1997-05-05 14:00:00,20.0,35,7.2,250,341,93,260
1997-05-05 15:00:00,20.0,30,7.2,250,691,628,211
1997-05-05 16:00:00,20.0,30,5.1,230,510,488,204
1997-05-05 17:00:00,19.0,30,7.2,220,223,59,195
1997-05-05 18:00:00,17.0,39,7.2,190,93,43,81
1997-05-05 19:00:00,16.0,42,6.2,190,29,7,28
1997-05-05 20:00:00,15.0,44,5.7,180,0,0,0
1997-05-05 21:00:00,14.0,51,7.2,180,0,0,0
1997-05-05 22:00:00,13.0,51,7.7,180,0,0,0
1997-05-05 23:00:00,13.0,54,6.2,180,0,0,0
1997-05-06 00:00:00,13.0,58,7.2,180,0,0,0
1997-05-06 01:00:00,14.0,63,7.2,200,0,0,0
1997-05-06 02:00:00,13.0,72,7.7,180,0,0,0
1997-05-06 03:00:00,14.0,67,6.7,190,0,0,0
1997-05-06 04:00:00,15.0,63,6.7,200,0,0,0
1997-05-06 05:00:00,13.0,77,6.7,220,0,0,0
1997-05-06 06:00:00,12.0,88,4.6,210,24,0,24
1997-05-06 07:00:00,13.0,82,5.7,190,114,79,92
1997-05-06 08:00:00,15.0,77,7.7,210,225,107,175
1997-05-06 09:00:00,17.6,63,8.8,220,478,205,347
1997-05-06 10:00:00,20.0,53,9.8,220,668,482,296
1997-05-06 11:00:00,21.0,49,9.3,240,647,144,522
1997-05-06 12:00:00,22.0,50,8.7,230,463,120,353
1997-05-06 13:00:00,17.0,59,11.3,320,269,0,269
1997-05-06 14:00:00,15.0,77,3.6,250,486,249,270
1997-05-06 15:00:00,19.0,34,12.3,290,578,342,316
1997-05-06 16:00:00,19.0,34,9.8,320,519,367,288
1997-05-06 17:00:00,19.0,32,9.8,290,317,339,161
1997-05-06 18:00:00,18.0,30,6.7,290,146,156,103
1997-05-06 19:00:00,16.0,31,6.2,300,29,7,28
1997-05-06 20:00:00,14.0,38,4.6,290,0,0,0
1997-05-06 21:00:00,12.0,44,3.1,320,0,0,0
1997-05-06 22:00:00,12.0,40,2.6,310,0,0,0
1997-05-06 23:00:00,13.0,38,3.1,310,0,0,0
1997-05-07 00:00:00,12.0,40,4.1,320,0,0,0
1997-05-07 01:00:00,10.0,50,4.1,310,0,0,0
1997-05-07 02:00:00,11.0,47,4.6,280,0,0,0
1997-05-07 03:00:00,10.0,36,7.7,300,0,0,0
1997-05-07 04:00:00,8.0,37,4.6,290,0,0,0
1997-05-07 05:00:00,8.0,37,3.6,280,0,0,0
1997-05-07 06:00:00,9.0,38,6.7,290,40,104,31
1997-05-07 07:00:00,10.0,36,8.7,310,207,470,72
1997-05-07 08:00:00,11.0,33,7.7,290,416,656,106
1997-05-07 09:00:00,12.0,31,8.7,330,617,757,134
1997-05-07 10:00:00,13.0,32,8.2,310,738,746,160
1997-05-07 11:00:00,14.0,32,8.2,310,843,744,195
1997-05-07 12:00:00,14.0,32,8.7,320,815,638,228
1997-05-07 13:00:00,15.0,30,5.7,320,867,746,183
1997-05-07 14:00:00,16.0,31,7.2,280,869,775,197
1997-05-07 15:00:00,17.0,29,6.2,290,649,571,210
1997-05-07 16:00:00,17.0,29,8.2,310,552,609,168
1997-05-07 17:00:00,16.0,31,5.7,320,387,476,166
1997-05-07 18:00:00,15.0,33,6.2,350,186,369,83
1997-05-07 19:00:00,12.0,44,4.1,360,36,80,29
1997-05-07 20:00:00,10.0,50,1.5,360,0,0,0
1997-05-07 21:00:00,9.0,57,1.5,30,0,0,0
1997-05-07 22:00:00,10.0,42,1.5,10,0,0,0
1997-05-07 23:00:00,9.0,49,1.0,350,0,0,0
1997-05-08 00:00:00,8.0,52,0.5,320,0,0,0
1997-05-08 01:00:00,6.0,70,0.5,280,0,0,0
1997-05-08 02:00:00,6.0,81,1.5,250,0,0,0
1997-05-08 03:00:00,4.0,87,0.5,240,0,0,0
1997-05-08 04:00:00,5.0,81,2.1,230,0,0,0
1997-05-08 05:00:00,4.0,75,2.1,230,0,3,0
1997-05-08 06:00:00,5.0,75,2.1,220,38,110,27
1997-05-08 07:00:00,9.0,66,2.6,230,231,465,96
1997-05-08 08:00:00,12.0,40,3.1,250,400,587,120
1997-05-08 09:00:00,14.0,35,4.6,280,439,312,239
1997-05-08 10:00:00,15.0,33,3.6,280,306,38,277
1997-05-08 11:00:00,15.0,33,4.6,250,826,503,387
1997-05-08 12:00:00,17.0,36,5.1,240,488,137,362
1997-05-08 13:00:00,17.0,32,4.6,230,771,515,297
1997-05-08 14:00:00,17.0,27,2.1,180,468,148,339
1997-05-08 15:00:00,16.0,48,4.6,130,227,0,227
1997-05-08 16:00:00,14.0,63,3.6,120,228,0,228
1997-05-08 17:00:00,14.0,67,2.6,130,158,0,158
1997-05-08 18:00:00,16.0,42,1.0,170,82,0,82
1997-05-08 19:00:00,15.0,48,3.1,210,21,0,21
1997-05-08 20:00:00,12.0,71,4.1,200,0,0,0
1997-05-08 21:00:00,11.0,87,4.6,170,0,0,0
1997-05-08 22:00:00,9.0,87,2.1,160,0,0,0
1997-05-08 23:00:00,9.0,93,2.1,160,0,0,0
1997-05-09 00:00:00,9.0,93,4.1,150,0,0,0
1997-05-09 01:00:00,10.0,87,4.1,150,0,0,0
1997-05-09 02:00:00,10.0,100,1.5,100,0,0,0
1997-05-09 03:00:00,11.0,94,1.0,40,0,0,0
1997-05-09 04:00:00,10.0,100,1.5,350,0,0,0
1997-05-09 05:00:00,8.0,100,2.1,290,0,0,0
1997-05-09 06:00:00,10.0,100,1.5,260,39,30,36
1997-05-09 07:00:00,12.0,88,2.6,280,181,290,96
1997-05-09 08:00:00,14.0,77,1.0,340,353,365,178
1997-05-09 09:00:00,15.0,77,2.6,350,450,296,259
1997-05-09 10:00:00,17.0,77,0.5,350,424,1,423
1997-05-09 11:00:00,18.0,73,2.1,360,823,544,348
1997-05-09 12:00:00,19.0,68,1.5,360,796,489,345
1997-05-09 13:00:00,17.0,82,6.2,10,764,332,458
1997-05-09 14:00:00,17.0,77,4.6,10,556,58,506
1997-05-09 15:00:00,14.0,88,5.7,300,327,12,317
1997-05-09 16:00:00,14.0,88,4.6,250,313,66,271
1997-05-09 17:00:00,13.0,94,5.7,170,370,377,193
1997-05-09 18:00:00,13.0,94,5.1,220,155,86,131
1997-05-09 19:00:00,13.0,94,5.1,230,32,8,31
1997-05-09 20:00:00,13.0,94,3.6,240,0,0,0
1997-05-09 21:00:00,13.0,94,2.1,350,0,0,0
1997-05-09 22:00:00,13.0,94,4.6,290,0,0,0
1997-05-09 23:00:00,12.0,76,5.7,300,0,0,0
1997-05-10 00:00:00,12.0,67,5.7,290,0,0,0
1997-05-10 01:00:00,11.0,71,5.7,280,0,0,0
1997-05-10 02:00:00,10.0,76,5.1,280,0,0,0
1997-05-10 03:00:00,10.0,71,6.2,280,0,0,0
1997-05-10 04:00:00,10.0,66,5.7,290,0,0,0
1997-05-10 05:00:00,9.0,76,4.6,270,0,0,0
1997-05-10 06:00:00,10.0,71,5.7,280,38,16,37
1997-05-10 07:00:00,11.0,66,6.2,280,160,192,103
1997-05-10 08:00:00,12.0,62,7.7,300,316,300,172
1997-05-10 09:00:00,14.0,55,6.7,300,274,78,223
1997-05-10 10:00:00,15.0,55,6.7,290,490,87,422
1997-05-10 11:00:00,14.0,55,7.2,300,257,0,257
1997-05-10 12:00:00,16.0,51,7.7,280,394,142,262
1997-05-10 13:00:00,16.0,51,6.2,280,688,330,384
1997-05-10 14:00:00,15.0,51,8.2,270,255,0,255
1997-05-10 15:00:00,15.0,51,8.7,280,220,0,220
1997-05-10 16:00:00,14.0,51,9.3,300,171,0,171
1997-05-10 17:00:00,13.0,54,6.2,300,121,0,121
1997-05-10 18:00:00,12.0,58,5.7,290,76,0,76
1997-05-10 19:00:00,12.0,58,4.6,290,25,0,25
1997-05-10 20:00:00,11.0,62,5.7,290,0,0,0
1997-05-10 21:00:00,11.0,58,5.7,290,0,0,0
1997-05-10 22:00:00,11.0,58,5.7,280,0,0,0
1997-05-10 23:00:00,10.0,62,5.1,280,0,0,0
1997-05-11 00:00:00,10.0,62,5.7,290,0,0,0
1997-05-11 01:00:00,9.0,66,4.1,280,0,0,0
1997-05-11 02:00:00,8.0,71,4.6,280,0,0,0
1997-05-11 03:00:00,7.0,76,4.1,260,0,0,0
1997-05-11 04:00:00,7.0,76,4.1,270,0,0,0
1997-05-11 05:00:00,6.0,81,3.1,250,0,0,0
1997-05-11 06:00:00,8.0,71,4.1,270,46,94,36
1997-05-11 07:00:00,10.0,62,6.2,270,206,403,86
1997-05-11 08:00:00,12.0,54,6.7,280,412,590,128
1997-05-11 09:00:00,14.0,44,6.2,290,612,696,161
1997-05-11 10:00:00,16.0,42,7.7,270,779,759,185
1997-05-11 11:00:00,17.0,36,5.1,300,837,717,208
1997-05-11 12:00:00,17.0,36,6.2,300,895,745,205
1997-05-11 13:00:00,18.0,34,8.2,300,896,690,259
1997-05-11 14:00:00,19.0,32,7.2,280,821,691,217
1997-05-11 15:00:00,20.0,28,8.2,280,665,533,252
1997-05-11 16:00:00,20.0,28,6.7,300,571,572,206
1997-05-11 17:00:00,20.0,28,7.7,260,400,581,125
1997-05-11 18:00:00,19.0,28,3.6,270,195,388,83
1997-05-11 19:00:00,16.0,39,3.1,230,41,78,33
1997-05-11 20:00:00,14.0,51,2.6,210,0,0,0
1997-05-11 21:00:00,14.0,55,6.7,200,0,0,0
1997-05-11 22:00:00,12.0,67,4.1,210,0,0,0
1997-05-11 23:00:00,12.0,71,5.1,210,0,0,0
1997-05-12 00:00:00,12.0,71,4.6,220,0,0,0
1997-05-12 01:00:00,11.0,82,4.1,210,0,0,0
1997-05-12 02:00:00,12.0,76,5.1,200,0,0,0
1997-05-12 03:00:00,13.0,67,6.2,210,0,0,0
1997-05-12 04:00:00,13.0,67,5.1,210,0,0,0
1997-05-12 05:00:00,13.0,67,4.6,210,0,0,0
1997-05-12 06:00:00,14.0,63,5.7,200,41,34,37
1997-05-12 07:00:00,15.0,63,7.2,200,203,375,90
1997-05-12 08:00:00,17.0,55,8.2,220,407,561,136
1997-05-12 09:00:00,19.0,49,8.7,210,606,669,172
1997-05-12 10:00:00,21.0,46,7.7,230,605,296,373
1997-05-12 11:00:00,23.0,38,8.2,230,786,606,253
1997-05-12 12:00:00,23.0,33,9.3,210,855,498,393
1997-05-12 13:00:00,25.0,28,11.8,220,798,467,365
1997-05-12 14:00:00,25.0,32,10.8,220,669,470,258
1997-05-12 15:00:00,24.0,36,10.8,210,527,260,324
1997-05-12 16:00:00,24.0,36,9.3,210,493,210,358
1997-05-12 17:00:00,23.0,38,11.3,210,296,216,193
1997-05-12 18:00:00,22.0,46,9.8,200,162,108,131
1997-05-12 19:00:00,21.0,49,7.7,190,35,5,34
1997-05-12 20:00:00,20.0,53,7.2,210,0,0,0
1997-05-12 21:00:00,19.0,56,4.6,210,0,0,0
1997-05-12 22:00:00,17.0,68,4.6,200,0,0,0
1997-05-12 23:00:00,17.0,68,4.6,200,0,0,0
1997-05-13 00:00:00,17.0,68,1.0,220,0,0,0
1997-05-13 01:00:00,15.0,72,1.0,230,0,0,0
1997-05-13 02:00:00,15.0,67,1.0,240,0,0,0
1997-05-13 03:00:00,15.0,67,0.5,250,0,0,0
1997-05-13 04:00:00,13.0,82,0.5,270,0,0,0
1997-05-13 05:00:00,13.0,82,2.6,280,0,0,0
1997-05-13 06:00:00,14.0,72,1.0,310,30,0,30
1997-05-13 07:00:00,15.0,67,3.1,340,73,0,73
1997-05-13 08:00:00,16.0,63,4.1,360,146,0,146
1997-05-13 09:00:00,15.0,63,3.6,360,174,0,174
1997-05-13 10:00:00,16.0,59,4.6,350,222,0,222
1997-05-13 11:00:00,16.0,63,3.1,10,256,0,256
1997-05-13 12:00:00,16.0,63,4.1,340,272,0,272
1997-05-13 13:00:00,16.0,59,4.6,350,272,0,272
1997-05-13 14:00:00,15.0,67,3.1,330,254,0,254
1997-05-13 15:00:00,16.0,59,4.6,340,220,0,220
1997-05-13 16:00:00,16.0,59,4.6,320,171,0,171
1997-05-13 17:00:00,15.0,59,7.2,320,114,0,114
1997-05-13 18:00:00,14.0,59,4.6,320,71,0,71
1997-05-13 19:00:00,13.0,67,3.6,310,27,0,27
1997-05-13 20:00:00,12.0,67,2.6,310,0,0,0
1997-05-13 21:00:00,11.0,76,3.1,290,0,0,0
1997-05-13 22:00:00,10.0,82,4.1,280,0,0,0
1997-05-13 23:00:00,9.0,81,3.1,270,0,0,0
1997-05-14 00:00:00,8.0,87,2.1,260,0,0,0
1997-05-14 01:00:00,8.0,87,3.1,240,0,0,0
1997-05-14 02:00:00,7.0,87,2.6,240,0,0,0
1997-05-14 03:00:00,5.0,100,3.6,200,0,0,0
1997-05-14 04:00:00,5.0,100,2.6,200,0,0,0
1997-05-14 05:00:00,5.0,100,2.1,190,0,2,0
1997-05-14 06:00:00,8.0,100,3.1,220,60,242,33
1997-05-14 07:00:00,11.0,87,5.1,240,237,570,63
1997-05-14 08:00:00,14.0,67,4.1,290,320,270,188
1997-05-14 09:00:00,16.0,59,5.1,270,613,751,122
1997-05-14 10:00:00,18.0,52,4.1,250,703,439,356
1997-05-14 11:00:00,19.0,43,5.7,220,412,57,362
1997-05-14 12:00:00,19.0,40,6.7,220,396,121,283
1997-05-14 13:00:00,20.0,32,8.2,210,571,130,450
1997-05-14 14:00:00,20.0,32,7.7,240,534,183,372
1997-05-14 15:00:00,20.0,35,8.2,220,390,71,334
1997-05-14 16:00:00,19.0,40,7.2,220,180,0,180
1997-05-14 17:00:00,19.0,43,6.2,230,155,0,155
1997-05-14 18:00:00,18.0,49,4.1,200,64,0,64
1997-05-14 19:00:00,17.0,52,3.6,180,22,0,22
1997-05-14 20:00:00,16.0,63,5.7,170,0,0,0
1997-05-14 21:00:00,15.0,67,4.6,180,0,0,0
1997-05-14 22:00:00,15.0,72,3.1,180,0,0,0
1997-05-14 23:00:00,14.0,77,3.6,180,0,0,0
1997-05-15 00:00:00,14.0,82,7.2,180,0,0,0
1997-05-15 01:00:00,16.0,72,8.2,210,0,0,0
1997-05-15 02:00:00,15.0,82,9.8,200,0,0,0
1997-05-15 03:00:00,14.0,88,6.7,200,0,0,0
1997-05-15 04:00:00,13.0,94,4.6,190,0,0,0
1997-05-15 05:00:00,14.0,88,6.7,210,0,0,0
1997-05-15 06:00:00,15.0,82,5.7,200,38,20,36
1997-05-15 07:00:00,17.0,77,7.7,210,150,41,137
1997-05-15 08:00:00,18.0,73,6.7,230,191,70,157
1997-05-15 09:00:00,18.0,77,7.2,220,343,57,306
1997-05-15 10:00:00,21.0,60,6.2,250,422,46,386
1997-05-15 11:00:00,23.0,53,6.2,270,324,79,254
1997-05-15 12:00:00,22.0,50,6.2,270,759,224,550
1997-05-15 13:00:00,24.0,44,6.7,280,537,133,412
1997-05-15 14:00:00,24.0,38,6.7,250,468,145,341
1997-05-15 15:00:00,25.0,34,6.7,250,518,368,230
1997-05-15 16:00:00,23.0,38,5.1,240,315,87,258
1997-05-15 17:00:00,24.0,31,6.2,270,199,39,180
1997-05-15 18:00:00,23.0,31,5.1,270,125,51,110
1997-05-15 19:00:00,21.0,33,1.5,270,27,20,25
1997-05-15 20:00:00,19.0,37,6.2,330,0,0,0
1997-05-15 21:00:00,18.0,32,6.2,330,0,0,0
1997-05-15 22:00:00,16.0,36,7.2,320,0,0,0
1997-05-15 23:00:00,13.0,58,2.6,10,0,0,0
1997-05-16 00:00:00,13.0,62,2.6,320,0,0,0
1997-05-16 01:00:00,12.0,54,3.1,300,0,0,0
1997-05-16 02:00:00,12.0,47,6.7,270,0,0,0
1997-05-16 03:00:00,11.0,50,8.2,270,0,0,0
1997-05-16 04:00:00,7.0,81,6.2,300,0,0,0
1997-05-16 05:00:00,7.0,81,3.1,260,0,0,0
1997-05-16 06:00:00,9.0,66,6.7,270,58,41,53
1997-05-16 07:00:00,11.0,58,8.2,270,180,251,102
1997-05-16 08:00:00,12.0,54,8.2,290,382,470,150
1997-05-16 09:00:00,14.0,47,9.3,290,578,509,244
1997-05-16 10:00:00,14.0,44,11.3,280,423,129,320
1997-05-16 11:00:00,15.0,44,10.8,280,753,478,329
1997-05-16 12:00:00,16.0,42,8.2,290,685,456,260
1997-05-16 13:00:00,15.0,41,9.3,280,871,542,366
1997-05-16 14:00:00,16.0,42,7.7,270,526,262,296
1997-05-16 15:00:00,17.0,42,7.2,260,528,302,290
1997-05-16 16:00:00,17.0,36,7.2,270,566,581,189
1997-05-16 17:00:00,17.0,34,8.2,260,328,391,139
1997-05-16 18:00:00,16.0,34,3.6,260,189,352,84
1997-05-16 19:00:00,14.0,44,3.6,240,42,54,36
1997-05-16 20:00:00,12.0,50,3.1,240,0,0,0
1997-05-16 21:00:00,12.0,50,3.6,230,0,0,0
1997-05-16 22:00:00,13.0,44,3.1,260,0,0,0
1997-05-16 23:00:00,9.0,61,3.1,210,0,0,0
1997-05-17 00:00:00,8.0,76,3.1,210,0,0,0
1997-05-17 01:00:00,8.0,76,3.6,220,0,0,0
1997-05-17 02:00:00,8.0,71,2.1,210,0,0,0
1997-05-17 03:00:00,9.0,71,2.1,230,0,0,0
1997-05-17 04:00:00,9.0,71,2.6,240,0,0,0
1997-05-17 05:00:00,9.0,71,2.1,190,0,0,0
1997-05-17 06:00:00,11.0,66,3.6,200,52,25,49
1997-05-17 07:00:00,12.0,62,3.6,200,182,247,105
1997-05-17 08:00:00,15.0,51,7.2,220,149,62,119
1997-05-17 09:00:00,17.0,42,7.2,230,306,73,257
1997-05-17 10:00:00,18.0,42,8.2,230,523,80,459
1997-05-17 11:00:00,19.0,40,8.2,220,443,98,356
1997-05-17 12:00:00,20.0,37,7.7,230,982,736,294
1997-05-17 13:00:00,22.0,33,12.3,230,562,207,368
1997-05-17 14:00:00,21.0,38,9.8,230,321,62,265
1997-05-17 15:00:00,20.0,43,9.8,230,446,132,342
1997-05-17 16:00:00,20.0,43,7.7,240,258,80,206
1997-05-17 17:00:00,20.0,43,8.7,250,290,205,190
1997-05-17 18:00:00,20.0,46,6.7,260,181,327,82
1997-05-17 19:00:00,18.0,52,4.1,240,52,84,43
1997-05-17 20:00:00,17.0,59,4.1,220,0,0,0
1997-05-17 21:00:00,15.0,67,4.1,220,0,0,0
1997-05-17 22:00:00,14.0,67,3.6,230,0,0,0
1997-05-17 23:00:00,14.0,67,2.6,250,0,0,0
1997-05-18 00:00:00,14.0,67,3.1,330,0,0,0
1997-05-18 01:00:00,12.0,76,2.6,350,0,0,0
1997-05-18 02:00:00,11.0,71,2.6,350,0,0,0
1997-05-18 03:00:00,10.0,71,1.5,10,0,0,0
1997-05-18 04:00:00,10.0,82,1.5,20,0,0,0
1997-05-18 05:00:00,10.0,76,1.5,20,0,1,0
1997-05-18 06:00:00,12.0,71,2.6,70,61,114,47
1997-05-18 07:00:00,13.0,67,3.1,90,96,59,78
1997-05-18 08:00:00,13.0,58,4.1,90,169,175,82
1997-05-18 09:00:00,14.0,55,4.6,100,221,63,179
1997-05-18 10:00:00,14.0,55,4.1,120,412,130,308
1997-05-18 11:00:00,16.0,59,5.1,110,364,63,307
1997-05-18 12:00:00,16.0,48,5.1,130,726,414,338
1997-05-18 13:00:00,14.0,59,5.1,130,467,84,388
1997-05-18 14:00:00,16.0,59,6.2,140,740,413,375
1997-05-18 15:00:00,16.0,63,6.7,120,710,657,192
1997-05-18 16:00:00,16.0,63,6.7,120,547,629,137
1997-05-18 17:00:00,15.0,72,5.1,120,413,580,130
1997-05-18 18:00:00,14.0,77,5.7,120,80,66,60
1997-05-18 19:00:00,13.0,88,5.7,120,49,92,39
1997-05-18 20:00:00,13.0,88,3.6,120,0,0,0
1997-05-18 21:00:00,13.0,94,3.1,110,0,0,0
1997-05-18 22:00:00,13.0,100,2.1,120,0,0,0
1997-05-18 23:00:00,15.0,88,1.5,160,0,0,0
1997-05-19 00:00:00,20.0,68,5.7,200,0,0,0
1997-05-19 01:00:00,19.0,73,3.6,250,0,0,0
1997-05-19 02:00:00,16.0,88,2.1,330,0,0,0
1997-05-19 03:00:00,15.0,94,1.0,350,0,0,0
1997-05-19 04:00:00,15.0,94,1.5,360,0,0,0
1997-05-19 05:00:00,14.0,100,1.5,20,0,0,0
1997-05-19 06:00:00,15.0,100,0.5,310,31,11,29
1997-05-19 07:00:00,21.0,64,5.7,230,173,86,146
1997-05-19 08:00:00,24.0,57,6.7,240,363,72,327
1997-05-19 09:00:00,27.0,48,7.7,230,306,83,251
1997-05-19 10:00:00,30.0,40,6.7,240,691,606,209
1997-05-19 11:00:00,29.0,40,6.7,250,296,133,177
1997-05-19 12:00:00,29.0,43,5.1,260,473,203,283
1997-05-19 13:00:00,30.0,43,6.2,260,670,174,507
1997-05-19 14:00:00,31.0,38,7.2,270,615,105,522
1997-05-19 15:00:00,30.0,43,7.2,240,371,132,267
1997-05-19 16:00:00,31.0,40,8.2,220,386,149,289
1997-05-19 17:00:00,31.0,40,7.7,230,291,270,159
1997-05-19 18:00:00,29.0,45,7.7,210,219,500,66
1997-05-19 19:00:00,27.0,51,6.2,200,63,197,40
1997-05-19 20:00:00,26.0,51,6.7,200,0,4,0
1997-05-19 21:00:00,26.0,51,6.7,210,0,0,0
1997-05-19 22:00:00,25.0,57,7.2,210,0,0,0
1997-05-19 23:00:00,25.0,57,7.2,210,0,0,0
1997-05-20 00:00:00,26.0,51,5.7,270,0,0,0
1997-05-20 01:00:00,23.0,65,2.1,280,0,0,0
1997-05-20 02:00:00,21.0,69,2.6,290,0,0,0
1997-05-20 03:00:00,21.0,69,1.0,290,0,0,0
1997-05-20 04:00:00,20.0,78,1.5,300,0,0,0
1997-05-20 05:00:00,20.0,73,2.6,300,0,0,0
1997-05-20 06:00:00,20.0,78,2.6,300,42,0,42
1997-05-20 07:00:00,21.0,73,3.1,270,172,46,157
1997-05-20 08:00:00,21.0,78,4.1,290,304,191,208
1997-05-20 09:00:00,20.0,78,6.2,340,178,0,178
1997-05-20 10:00:00,16.0,94,5.7,350,225,0,225
1997-05-20 11:00:00,17.0,94,4.6,330,778,508,326
1997-05-20 12:00:00,17.0,94,4.6,320,595,157,448
1997-05-20 13:00:00,21.0,73,6.2,290,673,229,458
1997-05-20 14:00:00,22.1,54,5.7,290,777,545,293
1997-05-20 15:00:00,23.0,41,6.7,300,764,685,222
1997-05-20 16:00:00,24.0,36,7.2,280,581,556,216
1997-05-20 17:00:00,23.5,32,4.6,280,373,404,175
1997-05-20 18:00:00,22.4,29,4.1,280,195,263,114
1997-05-20 19:00:00,21.0,26,2.6,340,48,44,42
1997-05-20 20:00:00,16.0,42,2.6,330,0,0,0
1997-05-20 21:00:00,19.0,34,3.6,330,0,0,0
1997-05-20 22:00:00,18.0,34,2.6,330,0,0,0
1997-05-20 23:00:00,17.0,34,2.6,330,0,0,0
1997-05-21 00:00:00,15.5,38,3.1,350,0,0,0
1997-05-21 01:00:00,14.0,41,3.6,10,0,0,0
1997-05-21 02:00:00,13.6,42,3.1,360,0,0,0
1997-05-21 03:00:00,13.3,43,2.6,340,0,0,0
1997-05-21 04:00:00,13.0,44,2.1,330,0,0,0
1997-05-21 05:00:00,11.0,50,1.0,290,0,4,0
1997-05-21 06:00:00,12.1,48,0.8,290,69,203,43
1997-05-21 07:00:00,14.0,44,0.5,290,229,484,74
1997-05-21 08:00:00,15.0,36,3.1,290,415,551,139
1997-05-21 09:00:00,17.0,34,4.1,330,648,655,213
1997-05-21 10:00:00,16.0,42,3.6,290,628,408,302
1997-05-21 11:00:00,18.0,34,6.7,290,799,565,295
1997-05-21 12:00:00,19.0,32,7.2,330,699,417,307
1997-05-21 13:00:00,19.0,32,9.3,290,930,745,232
1997-05-21 14:00:00,19.1,30,7.2,320,670,453,268
1997-05-21 15:00:00,19.1,29,6.7,310,683,572,229
1997-05-21 16:00:00,18.7,27,7.2,290,605,682,156
1997-05-21 17:00:00,18.0,27,6.7,330,351,380,163
1997-05-21 18:00:00,18.0,27,6.7,310,209,347,101
1997-05-21 19:00:00,16.0,26,4.1,310,59,126,43
1997-05-21 20:00:00,15.0,30,3.1,300,0,2,0
1997-05-21 21:00:00,15.0,30,2.1,300,0,0,0
1997-05-21 22:00:00,14.0,38,2.6,300,0,0,0
1997-05-21 23:00:00,13.0,38,2.6,320,0,0,0
1997-05-22 00:00:00,12.0,40,2.6,320,0,0,0
1997-05-22 01:00:00,12.0,40,2.1,320,0,0,0
1997-05-22 02:00:00,11.0,43,2.6,290,0,0,0
1997-05-22 03:00:00,10.0,50,3.1,290,0,0,0
1997-05-22 04:00:00,10.0,50,3.1,300,0,0,0
1997-05-22 05:00:00,9.0,53,3.1,290,0,9,0
1997-05-22 06:00:00,10.0,50,3.6,300,76,314,34
1997-05-22 07:00:00,12.0,47,5.1,300,259,617,61
1997-05-22 08:00:00,13.0,44,6.2,310,468,761,85
1997-05-22 09:00:00,15.0,39,6.2,320,632,764,123
1997-05-22 10:00:00,15.0,39,7.7,290,558,495,162
1997-05-22 11:00:00,16.0,36,6.2,310,625,409,260
1997-05-22 12:00:00,18.0,32,7.7,310,890,688,243
1997-05-22 13:00:00,18.0,27,9.3,330,488,223,277
1997-05-22 14:00:00,19.0,26,7.7,330,425,114,323
1997-05-22 15:00:00,19.2,24,7.2,320,597,388,289
1997-05-22 16:00:00,19.0,24,6.7,300,525,521,182
1997-05-22 17:00:00,19.2,25,7.0,300,401,507,149
1997-05-22 18:00:00,19.0,28,7.2,300,225,402,99
1997-05-22 19:00:00,19.0,28,5.1,300,77,171,55
1997-05-22 20:00:00,19.0,28,3.1,280,0,3,0
1997-05-22 21:00:00,17.6,31,3.1,290,0,0,0
1997-05-22 22:00:00,16.4,33,3.1,290,0,0,0
1997-05-22 23:00:00,15.2,36,3.1,300,0,0,0
1997-05-23 00:00:00,14.1,39,3.1,300,0,0,0
1997-05-23 01:00:00,13.0,41,3.1,310,0,0,0
1997-05-23 02:00:00,12.0,44,3.1,310,0,0,0
1997-05-23 03:00:00,10.0,50,7.7,310,0,0,0
1997-05-23 04:00:00,10.0,50,4.1,300,0,0,0
1997-05-23 05:00:00,10.0,51,4.6,300,0,0,0
1997-05-23 06:00:00,11.0,50,5.1,290,53,71,43
1997-05-23 07:00:00,13.0,47,6.2,320,81,40,68
1997-05-23 08:00:00,14.2,45,5.2,320,425,458,194
1997-05-23 09:00:00,15.2,43,4.1,330,568,538,209
1997-05-23 10:00:00,16.0,42,3.1,330,747,733,161
1997-05-23 11:00:00,17.7,38,3.4,330,855,781,157
1997-05-23 12:00:00,18.9,36,3.8,320,665,448,243
1997-05-23 13:00:00,20.0,35,4.1,320,898,641,296
1997-05-23 14:00:00,20.0,35,4.6,280,895,673,296
1997-05-23 15:00:00,21.0,30,5.7,270,706,584,242
1997-05-23 16:00:00,21.0,30,3.6,280,555,310,349
1997-05-23 17:00:00,21.0,30,4.1,300,384,370,200
1997-05-23 18:00:00,21.0,30,3.1,320,166,245,89
1997-05-23 19:00:00,21.0,30,1.0,290,37,12,36
1997-05-23 20:00:00,19.0,37,2.6,260,0,0,0
1997-05-23 21:00:00,17.0,42,3.1,230,0,0,0
1997-05-23 22:00:00,16.0,48,2.6,230,0,0,0
1997-05-23 23:00:00,15.0,51,2.6,210,0,0,0
1997-05-24 00:00:00,15.0,55,2.6,220,0,0,0
1997-05-24 01:00:00,14.0,59,2.6,210,0,0,0
1997-05-24 02:00:00,13.0,67,3.6,200,0,0,0
1997-05-24 03:00:00,14.0,67,2.1,210,0,0,0
1997-05-24 04:00:00,13.0,72,1.0,120,0,0,0
1997-05-24 05:00:00,13.0,82,1.0,30,1,0,1
1997-05-24 06:00:00,13.0,82,1.0,90,69,176,45
1997-05-24 07:00:00,14.0,77,1.0,150,258,457,110
1997-05-24 08:00:00,14.0,77,1.0,210,431,610,123
1997-05-24 09:00:00,14.0,77,3.1,180,441,422,159
1997-05-24 10:00:00,22.0,41,2.6,150,588,346,311
1997-05-24 11:00:00,22.0,46,5.7,120,767,639,196
1997-05-24 12:00:00,23.0,50,4.6,120,894,711,223
1997-05-24 13:00:00,22.0,46,4.6,120,881,598,318
1997-05-24 14:00:00,22.0,46,5.1,120,751,456,345
1997-05-24 15:00:00,25.0,39,3.6,120,730,591,259
1997-05-24 16:00:00,26.0,34,4.1,170,294,27,276
1997-05-24 17:00:00,25.0,36,6.2,210,334,298,185
1997-05-24 18:00:00,26.0,32,5.1,210,103,59,84
1997-05-24 19:00:00,24.0,36,6.2,180,58,42,53
1997-05-24 20:00:00,21.0,46,4.1,170,0,0,0
1997-05-24 21:00:00,20.0,53,4.1,180,0,0,0
1997-05-24 22:00:00,19.0,56,2.6,160,0,0,0
1997-05-24 23:00:00,18.0,73,3.1,170,0,0,0
1997-05-25 00:00:00,19.0,78,3.6,170,0,0,0
1997-05-25 01:00:00,19.0,78,3.1,180,0,0,0
1997-05-25 02:00:00,19.0,83,5.7,190,0,0,0
1997-05-25 03:00:00,19.0,83,6.7,200,0,0,0
1997-05-25 04:00:00,20.0,78,5.7,210,0,0,0
1997-05-25 05:00:00,20.0,78,6.7,210,1,0,1
1997-05-25 06:00:00,20.0,78,6.7,210,63,30,59
1997-05-25 07:00:00,20.0,68,7.2,210,232,157,181
1997-05-25 08:00:00,22.0,73,5.1,240,351,275,211
1997-05-25 09:00:00,23.0,69,7.7,220,505,390,244
1997-05-25 10:00:00,24.0,65,7.7,230,552,359,264
1997-05-25 11:00:00,25.0,65,6.7,240,652,177,493
1997-05-25 12:00:00,27.0,54,9.8,230,819,414,428
1997-05-25 13:00:00,26.0,58,9.8,230,471,102,374
1997-05-25 14:00:00,23.0,78,8.7,230,600,243,382
1997-05-25 15:00:00,24.0,78,8.2,220,587,279,364
1997-05-25 16:00:00,23.0,83,8.2,220,431,220,285
1997-05-25 17:00:00,24.0,78,8.2,210,321,138,252
1997-05-25 18:00:00,23.0,83,4.6,220,186,105,153
1997-05-25 19:00:00,21.0,94,6.2,210,43,23,40
1997-05-25 20:00:00,22.0,88,4.6,210,0,0,0
1997-05-25 21:00:00,20.0,88,5.7,250,0,0,0
1997-05-25 22:00:00,19.0,88,4.1,360,0,0,0
1997-05-25 23:00:00,18.0,88,5.1,20,0,0,0
1997-05-26 00:00:00,16.0,94,4.1,350,0,0,0
1997-05-26 01:00:00,16.0,94,6.2,20,0,0,0
1997-05-26 02:00:00,15.0,94,5.1,10,0,0,0
1997-05-26 03:00:00,14.0,88,4.6,10,0,0,0
1997-05-26 04:00:00,15.0,100,4.1,360,0,0,0
1997-05-26 05:00:00,15.0,100,3.6,360,0,0,0
1997-05-26 06:00:00,14.0,94,4.1,10,34,0,34
1997-05-26 07:00:00,14.1,97,4.6,10,68,0,68
1997-05-26 08:00:00,14.0,100,5.1,360,125,0,125
1997-05-26 09:00:00,16.0,94,6.2,10,181,0,181
1997-05-26 10:00:00,17.0,94,5.7,10,227,0,227
1997-05-26 11:00:00,17.7,90,4.9,20,259,0,259
1997-05-26 12:00:00,18.0,88,4.1,30,344,0,344
1997-05-26 13:00:00,20.0,88,4.6,30,510,102,413
1997-05-26 14:00:00,21.0,83,4.1,20,657,314,376
1997-05-26 15:00:00,21.0,83,4.1,10,379,118,285
1997-05-26 16:00:00,22.0,88,4.1,120,194,78,142
1997-05-26 17:00:00,21.0,83,2.6,140,381,326,217
1997-05-26 18:00:00,19.0,88,4.6,150,203,287,111
1997-05-26 19:00:00,18.0,59,3.6,170,54,54,47
1997-05-26 20:00:00,15.0,82,2.1,180,1,0,1
1997-05-26 21:00:00,15.0,82,1.5,180,0,0,0
1997-05-26 22:00:00,14.0,88,0.5,180,0,0,0
1997-05-26 23:00:00,14.0,72,1.0,150,0,0,0
1997-05-27 00:00:00,13.0,77,2.1,120,0,0,0
1997-05-27 01:00:00,13.0,77,2.1,90,0,0,0
1997-05-27 02:00:00,11.0,87,2.1,60,0,0,0
1997-05-27 03:00:00,11.0,82,5.1,30,0,0,0
1997-05-27 04:00:00,11.0,82,5.1,40,0,0,0
1997-05-27 05:00:00,10.0,76,5.7,60,2,0,2
1997-05-27 06:00:00,12.0,71,6.2,60,43,13,41
1997-05-27 07:00:00,14.0,59,5.1,60,110,93,80
1997-05-27 08:00:00,15.0,55,6.7,70,431,382,236
1997-05-27 09:00:00,16.0,55,6.7,50,573,533,215
1997-05-27 10:00:00,17.0,52,2.6,70,706,559,257
1997-05-27 11:00:00,18.0,52,4.6,40,405,92,322
1997-05-27 12:00:00,19.0,46,3.6,60,369,117,258
1997-05-27 13:00:00,17.0,55,5.7,120,443,81,366
1997-05-27 14:00:00,16.0,59,5.7,100,370,109,271
1997-05-27 15:00:00,16.0,63,6.7,120,612,359,324
1997-05-27 16:00:00,16.0,59,5.7,120,627,647,196
1997-05-27 17:00:00,15.0,59,4.6,120,396,441,173
1997-05-27 18:00:00,14.0,59,4.1,130,227,400,98
1997-05-27 19:00:00,14.0,63,3.6,120,65,156,44
1997-05-27 20:00:00,13.0,62,2.6,120,1,1,1
1997-05-27 21:00:00,13.0,72,3.1,110,0,0,0
1997-05-27 22:00:00,13.0,72,2.6,100,0,0,0
1997-05-27 23:00:00,12.0,76,2.1,110,0,0,0
1997-05-28 00:00:00,11.0,82,2.1,90,0,0,0
1997-05-28 01:00:00,9.0,87,1.0,70,0,0,0
1997-05-28 02:00:00,9.0,87,1.0,40,0,0,0
1997-05-28 03:00:00,9.0,87,2.6,10,0,0,0
1997-05-28 04:00:00,8.0,87,2.1,10,0,0,0
1997-05-28 05:00:00,7.0,87,3.6,360,1,4,1
1997-05-28 06:00:00,11.0,76,2.6,20,55,67,45
1997-05-28 07:00:00,13.0,82,4.1,10,223,301,124
1997-05-28 08:00:00,16.0,63,4.1,10,416,489,166
1997-05-28 09:00:00,17.0,52,2.6,360,543,302,340
1997-05-28 10:00:00,19.0,40,2.6,10,737,612,244
1997-05-28 11:00:00,18.0,39,1.5,10,772,518,307
1997-05-28 12:00:00,19.0,40,2.6,50,812,562,281
1997-05-28 13:00:00,20.0,40,1.5,80,871,595,309
1997-05-28 14:00:00,21.0,38,3.1,100,872,684,259
1997-05-28 15:00:00,21.0,38,3.1,110,396,69,340
1997-05-28 16:00:00,20.0,43,4.1,130,573,550,205
1997-05-28 17:00:00,20.0,43,5.1,130,289,186,195
1997-05-28 18:00:00,19.0,40,3.6,150,205,248,124
1997-05-28 19:00:00,17.0,45,3.6,140,49,60,40
1997-05-28 20:00:00,15.0,63,3.6,150,1,3,1
1997-05-28 21:00:00,14.0,67,3.1,150,0,0,0
1997-05-28 22:00:00,13.0,72,3.1,170,0,0,0
1997-05-28 23:00:00,12.0,71,2.1,150,0,0,0
1997-05-29 00:00:00,12.0,76,2.1,170,0,0,0
1997-05-29 01:00:00,11.0,82,1.5,150,0,0,0
1997-05-29 02:00:00,10.0,87,1.0,190,0,0,0
1997-05-29 03:00:00,10.0,87,1.0,180,0,0,0
1997-05-29 04:00:00,9.0,93,1.0,180,0,0,0
1997-05-29 05:00:00,9.0,93,1.5,170,1,1,1
1997-05-29 06:00:00,11.0,82,1.5,180,59,159,36
1997-05-29 07:00:00,13.0,62,2.6,160,94,0,94
1997-05-29 08:00:00,16.0,55,2.6,140,168,0,168
1997-05-29 09:00:00,16.0,55,3.1,120,236,0,236
1997-05-29 10:00:00,16.0,55,4.6,100,425,65,372
1997-05-29 11:00:00,18.0,52,5.1,100,564,86,486
1997-05-29 12:00:00,18.0,52,5.1,140,349,0,349
1997-05-29 13:00:00,17.0,55,4.6,120,349,0,349
1997-05-29 14:00:00,16.0,63,7.2,140,598,165,450
1997-05-29 15:00:00,17.0,68,5.7,130,499,253,295
1997-05-29 16:00:00,16.0,72,6.7,140,380,126,295
1997-05-29 17:00:00,16.0,72,6.7,140,159,71,123
1997-05-29 18:00:00,16.0,72,4.1,130,110,8,108
1997-05-29 19:00:00,15.0,82,4.1,130,41,17,39
1997-05-29 20:00:00,15.0,88,3.1,130,1,0,1
1997-05-29 21:00:00,15.0,94,2.1,130,0,0,0
1997-05-29 22:00:00,14.0,94,1.5,190,0,0,0
1997-05-29 23:00:00,14.0,94,1.5,170,0,0,0
1997-05-30 00:00:00,15.0,94,2.6,150,0,0,0
1997-05-30 01:00:00,15.0,94,3.1,130,0,0,0
1997-05-30 02:00:00,15.0,94,2.1,140,0,0,0
1997-05-30 03:00:00,15.0,94,2.1,150,0,0,0
1997-05-30 04:00:00,15.0,94,2.1,150,0,0,0
1997-05-30 05:00:00,15.0,94,3.1,130,1,0,1
1997-05-30 06:00:00,15.0,94,1.5,120,27,0,27
1997-05-30 07:00:00,16.0,77,3.1,100,80,0,80
1997-05-30 08:00:00,16.0,88,1.5,120,116,0,116
1997-05-30 09:00:00,17.0,82,2.1,130,161,0,161
1997-05-30 10:00:00,18.0,94,2.6,120,198,0,198
1997-05-30 11:00:00,19.0,83,3.6,100,288,94,203
1997-05-30 12:00:00,21.0,83,4.1,120,742,101,645
1997-05-30 13:00:00,20.0,88,5.1,110,306,115,197
1997-05-30 14:00:00,20.0,83,5.7,110,352,71,289
1997-05-30 15:00:00,20.0,83,5.1,120,264,9,256
1997-05-30 16:00:00,20.0,78,5.1,120,393,210,252
1997-05-30 17:00:00,19.0,83,4.1,130,258,58,228
1997-05-30 18:00:00,18.7,82,4.1,140,174,38,161
1997-05-30 19:00:00,18.0,83,4.1,140,38,5,37
1997-05-30 20:00:00,17.0,94,3.1,140,0,0,0
1997-05-30 21:00:00,17.0,94,4.1,140,0,0,0
1997-05-30 22:00:00,17.0,94,3.1,140,0,0,0
1997-05-30 23:00:00,17.0,94,2.1,110,0,0,0
1997-05-31 00:00:00,17.0,100,3.6,130,0,0,0
1997-05-31 01:00:00,17.0,94,1.0,130,0,0,0
1997-05-31 02:00:00,17.0,97,1.6,110,0,0,0
1997-05-31 03:00:00,17.0,100,2.1,80,0,0,0
1997-05-31 04:00:00,17.0,100,1.5,80,0,0,0
1997-05-31 05:00:00,17.0,100,2.6,10,0,0,0
1997-05-31 06:00:00,17.0,100,3.6,20,26,0,26
1997-05-31 07:00:00,16.0,94,3.6,20,51,0,51
1997-05-31 08:00:00,17.0,94,3.1,10,88,0,88
1997-05-31 09:00:00,19.0,88,3.6,10,152,0,152
1997-05-31 10:00:00,21.0,83,4.1,30,191,0,191
1997-05-31 11:00:00,22.0,83,3.6,10,442,133,322
1997-05-31 12:00:00,22.0,83,4.1,60,581,170,419
1997-05-31 13:00:00,24.0,78,3.1,90,368,80,292
1997-05-31 14:00:00,23.0,73,3.1,110,358,123,247
1997-05-31 15:00:00,22.7,75,2.9,120,422,279,197
1997-05-31 16:00:00,22.0,78,2.6,140,341,44,311
1997-05-31 17:00:00,23.0,73,2.6,150,161,58,131
1997-05-31 18:00:00,20.0,73,2.1,160,73,0,73
1997-05-31 19:00:00,20.0,88,3.1,160,49,19,46
1997-05-31 20:00:00,20.0,88,2.6,160,2,0,2
1997-05-31 21:00:00,18.0,94,2.1,150,0,0,0
1997-05-31 22:00:00,18.8,94,2.2,160,0,0,0
1997-05-31 23:00:00,19.5,100,2.4,170,0,0,0
1997-06-01 00:00:00,20.3,94,2.5,180,0,0,0
1991-06-01 01:00:00,21.0,88,2.7,300,0,0,0
1991-06-01 02:00:00,21.8,76,2.8,300,0,0,0
1991-06-01 03:00:00,22.5,71,3.0,330,0,0,0
1991-06-01 04:00:00,23.3,74,3.1,330,0,0,0
1991-06-01 05:00:00,25.0,69,0.5,300,1,2,1
1991-06-01 06:00:00,25.6,71,3.1,330,67,163,43
1991-06-01 07:00:00,26.7,67,3.1,340,241,416,103
1991-06-01 08:00:00,27.8,60,4.1,340,464,625,144
1991-06-01 09:00:00,27.2,61,3.6,10,599,604,191
1991-06-01 10:00:00,30.6,50,2.6,350,675,513,261
1991-06-01 11:00:00,31.1,50,4.1,330,850,627,285
1991-06-01 12:00:00,31.1,47,4.1,20,920,683,273
1991-06-01 13:00:00,31.7,48,3.1,350,862,713,186
1991-06-01 14:00:00,30.0,53,4.6,20,692,247,470
1991-06-01 15:00:00,30.0,53,6.2,20,550,224,369
1991-06-01 16:00:00,28.3,57,3.1,360,183,0,183
1991-06-01 17:00:00,28.9,57,2.1,350,128,0,128
1991-06-01 18:00:00,25.6,76,2.6,230,87,0,87
1991-06-01 19:00:00,25.0,79,1.5,230,41,0,41
1991-06-01 20:00:00,24.4,82,1.0,270,1,0,1
1991-06-01 21:00:00,23.3,87,1.0,260,0,0,0
1991-06-01 22:00:00,22.8,90,0.0,0,0,0,0
1991-06-01 23:00:00,22.2,93,0.5,260,0,0,0
1991-06-02 00:00:00,21.1,78,2.6,20,0,0,0
1991-06-02 01:00:00,20.0,78,2.6,10,0,0,0
1991-06-02 02:00:00,19.4,84,2.6,10,0,0,0
1991-06-02 03:00:00,20.0,81,2.1,20,0,0,0
1991-06-02 04:00:00,18.9,87,1.5,20,0,0,0
1991-06-02 05:00:00,19.4,84,1.5,30,2,1,2
1991-06-02 06:00:00,21.1,78,2.6,20,58,73,48
1991-06-02 07:00:00,22.2,73,1.5,50,89,0,89
1991-06-02 08:00:00,24.4,64,2.6,60,162,0,162
1991-06-02 09:00:00,23.9,66,2.6,60,231,0,231
1991-06-02 10:00:00,24.4,69,2.6,70,287,0,287
1991-06-02 11:00:00,25.0,71,2.1,80,261,0,261
1991-06-02 12:00:00,27.2,65,3.1,130,890,706,220
1991-06-02 13:00:00,26.7,67,3.1,110,276,0,276
1991-06-02 14:00:00,27.8,65,3.6,90,569,216,374
1991-06-02 15:00:00,25.0,77,3.1,80,705,362,413
1991-06-02 16:00:00,27.2,61,2.1,110,608,653,168
1991-06-02 17:00:00,27.2,58,2.6,150,383,135,314
1991-06-02 18:00:00,26.7,58,2.6,150,220,408,85
1991-06-02 19:00:00,23.9,84,2.1,150,60,73,49
1991-06-02 20:00:00,22.8,87,1.5,170,2,0,2
1991-06-02 21:00:00,22.8,90,2.6,170,0,0,0
1991-06-02 22:00:00,22.2,87,1.5,190,0,0,0
1991-06-02 23:00:00,21.1,93,0.5,180,0,0,0
1991-06-03 00:00:00,20.6,96,0.0,0,0,0,0
1991-06-03 01:00:00,20.6,96,0.0,0,0,0,0
1991-06-03 02:00:00,19.4,100,0.0,0,0,0,0
1991-06-03 03:00:00,20.6,93,0.0,0,0,0,0
1991-06-03 04:00:00,21.1,97,0.0,0,0,0,0
1991-06-03 05:00:00,21.7,96,1.0,70,1,0,1
1991-06-03 06:00:00,21.7,96,1.5,60,22,0,22
1991-06-03 07:00:00,22.2,93,2.6,100,65,0,65
1991-06-03 08:00:00,22.2,93,2.1,90,114,0,114
1991-06-03 09:00:00,22.2,93,1.5,130,190,0,190
1991-06-03 10:00:00,21.7,93,1.5,140,196,0,196
1991-06-03 11:00:00,21.1,100,1.5,110,221,0,221
1991-06-03 12:00:00,21.1,100,1.5,120,234,0,234
1991-06-03 13:00:00,21.1,100,1.5,170,279,0,279
1991-06-03 14:00:00,21.7,96,2.1,120,264,0,264
1991-06-03 15:00:00,22.2,93,2.1,150,233,0,233
1991-06-03 16:00:00,23.3,85,3.6,170,190,0,190
1991-06-03 17:00:00,22.2,87,3.1,170,219,71,182
1991-06-03 18:00:00,21.1,97,2.6,190,78,0,78
1991-06-03 19:00:00,20.6,100,3.6,210,27,0,27
1991-06-03 20:00:00,20.0,100,1.5,180,1,0,1
1991-06-03 21:00:00,20.0,96,3.1,180,0,0,0
1991-06-03 22:00:00,19.4,97,1.5,180,0,0,0
1991-06-03 23:00:00,18.9,100,1.0,180,0,0,0
1991-06-04 00:00:00,18.9,100,0.0,0,0,0,0
1991-06-04 01:00:00,18.3,100,0.0,0,0,0,0
1991-06-04 02:00:00,18.9,100,1.0,220,0,0,0
1991-06-04 03:00:00,19.4,100,1.5,240,0,0,0
1991-06-04 04:00:00,18.9,100,1.0,220,0,0,0
1991-06-04 05:00:00,20.0,100,4.1,350,2,2,1
1991-06-04 06:00:00,19.4,93,4.1,360,46,13,44
1991-06-04 07:00:00,18.9,90,6.7,10,94,30,84
1991-06-04 08:00:00,19.4,84,6.7,10,368,356,185
1991-06-04 09:00:00,20.6,78,6.7,10,443,404,169
1991-06-04 10:00:00,20.0,76,6.7,10,411,72,353
1991-06-04 11:00:00,18.3,76,7.2,350,414,71,350
1991-06-04 12:00:00,19.4,68,8.2,360,726,448,299
1991-06-04 13:00:00,20.6,61,5.7,360,825,588,267
1991-06-04 14:00:00,22.2,55,6.2,20,662,437,268
1991-06-04 15:00:00,22.8,48,6.2,10,764,586,290
1991-06-04 16:00:00,21.7,47,6.7,10,450,321,233
1991-06-04 17:00:00,21.7,49,7.2,360,404,524,134
1991-06-04 18:00:00,21.7,42,7.2,360,250,553,64
1991-06-04 19:00:00,19.4,61,6.2,30,84,306,38
1991-06-04 20:00:00,17.2,65,3.6,20,2,18,2
1991-06-04 21:00:00,16.7,70,1.5,20,0,0,0
1991-06-04 22:00:00,17.8,60,3.6,30,0,0,0
1991-06-04 23:00:00,16.1,64,4.1,10,0,0,0
1991-06-05 00:00:00,15.6,72,3.6,10,0,0,0
1991-06-05 01:00:00,15.0,72,3.6,20,0,0,0
1991-06-05 02:00:00,14.4,78,5.1,30,0,0,0
1991-06-05 03:00:00,13.9,77,4.1,30,0,0,0
1991-06-05 04:00:00,12.8,83,2.6,20,0,0,0
1991-06-05 05:00:00,13.9,80,2.6,20,3,24,2
1991-06-05 06:00:00,15.0,72,4.6,30,70,48,62
1991-06-05 07:00:00,15.6,72,5.1,30,250,543,68
1991-06-05 08:00:00,16.7,65,6.2,30,412,598,104
1991-06-05 09:00:00,17.8,58,5.7,30,561,620,141
1991-06-05 10:00:00,18.9,52,4.1,50,775,724,189
1991-06-05 11:00:00,18.9,47,2.6,50,802,424,420
1991-06-05 12:00:00,19.4,49,3.1,70,635,327,323
1991-06-05 13:00:00,18.9,50,2.1,50,985,721,299
1991-06-05 14:00:00,21.1,47,2.6,110,584,305,309
1991-06-05 15:00:00,18.9,52,3.6,150,600,293,363
1991-06-05 16:00:00,18.3,63,4.1,130,467,289,271
1991-06-05 17:00:00,17.8,65,3.6,140,381,358,196
1991-06-05 18:00:00,18.3,68,2.6,180,135,86,105
1991-06-05 19:00:00,16.7,72,2.1,150,51,58,42
1991-06-05 20:00:00,16.7,72,1.0,160,2,3,2
1991-06-05 21:00:00,15.0,81,0.5,160,0,0,0
1991-06-05 22:00:00,14.4,87,1.0,230,0,0,0
1991-06-05 23:00:00,14.4,90,0.0,0,0,0,0
1991-06-06 00:00:00,12.8,93,0.0,0,0,0,0
1991-06-06 01:00:00,12.2,97,0.0,0,0,0,0
1991-06-06 02:00:00,12.2,93,0.0,0,0,0,0
1991-06-06 03:00:00,13.3,84,0.0,0,0,0,0
1991-06-06 04:00:00,11.1,97,0.0,0,0,0,0
1991-06-06 05:00:00,11.1,97,0.0,0,2,6,2
1991-06-06 06:00:00,13.9,89,0.0,0,73,197,43
1991-06-06 07:00:00,16.7,75,0.5,330,240,477,80
1991-06-06 08:00:00,17.2,72,0.5,20,449,663,107
1991-06-06 09:00:00,18.3,70,1.5,10,605,691,137
1991-06-06 10:00:00,20.0,63,4.1,80,794,798,149
1991-06-06 11:00:00,20.0,57,2.1,110,776,400,415
1991-06-06 12:00:00,19.4,57,2.1,100,750,495,279
1991-06-06 13:00:00,20.0,53,3.1,90,643,359,301
1991-06-06 14:00:00,20.6,47,3.1,70,597,311,316
1991-06-06 15:00:00,20.0,65,5.1,150,743,613,245
1991-06-06 16:00:00,19.4,66,4.6,150,508,431,215
1991-06-06 17:00:00,18.9,65,4.6,150,410,496,153
1991-06-06 18:00:00,18.3,65,3.1,150,237,463,79
1991-06-06 19:00:00,16.7,70,2.6,160,79,220,46
1991-06-06 20:00:00,15.0,75,2.1,190,2,7,2
1991-06-06 21:00:00,13.3,84,1.0,160,0,0,0
1991-06-06 22:00:00,13.3,84,0.5,170,0,0,0
1991-06-06 23:00:00,12.8,86,0.0,0,0,0,0
1991-06-07 00:00:00,12.8,86,0.5,190,0,0,0
1991-06-07 01:00:00,12.2,86,0.0,0,0,0,0
1991-06-07 02:00:00,12.8,86,0.0,0,0,0,0
1991-06-07 03:00:00,12.8,86,0.0,0,0,0,0
1991-06-07 04:00:00,11.7,89,0.0,0,0,0,0
1991-06-07 05:00:00,11.1,93,0.0,0,2,6,2
1991-06-07 06:00:00,13.9,87,0.0,0,54,82,41
1991-06-07 07:00:00,17.2,67,0.5,240,247,429,103
1991-06-07 08:00:00,19.4,73,1.5,330,399,405,190
1991-06-07 09:00:00,21.1,59,2.1,30,584,586,186
1991-06-07 10:00:00,22.2,51,1.5,50,760,691,201
1991-06-07 11:00:00,22.2,41,1.0,150,865,724,212
1991-06-07 12:00:00,23.3,35,2.6,100,819,637,212
1991-06-07 13:00:00,23.9,31,2.1,140,934,716,252
1991-06-07 14:00:00,23.9,32,2.6,120,913,737,246
1991-06-07 15:00:00,23.9,29,2.1,120,622,549,177
1991-06-07 16:00:00,24.4,27,1.0,140,509,532,147
1991-06-07 17:00:00,23.9,31,2.1,270,446,597,136
1991-06-07 18:00:00,23.3,37,1.0,250,202,264,112
1991-06-07 19:00:00,22.2,41,2.1,270,74,192,44
1991-06-07 20:00:00,17.8,60,0.0,0,2,5,2
1991-06-07 21:00:00,18.3,61,3.1,210,0,0,0
1991-06-07 22:00:00,17.2,63,1.5,220,0,0,0
1991-06-07 23:00:00,16.1,70,2.1,240,0,0,0
1991-06-08 00:00:00,15.6,75,2.1,250,0,0,0
1991-06-08 01:00:00,15.0,77,1.5,250,0,0,0
1991-06-08 02:00:00,15.0,81,2.1,260,0,0,0
1991-06-08 03:00:00,15.6,78,2.6,260,0,0,0
1991-06-08 04:00:00,16.7,72,2.6,270,0,0,0
1991-06-08 05:00:00,15.0,83,2.1,270,2,7,2
1991-06-08 06:00:00,17.2,72,3.6,280,79,168,54
1991-06-08 07:00:00,19.4,63,4.1,280,223,355,103
1991-06-08 08:00:00,21.7,57,3.6,290,448,627,125
1991-06-08 09:00:00,25.0,45,4.6,290,566,587,168
1991-06-08 10:00:00,26.1,38,3.6,310,759,749,153
1991-06-08 11:00:00,27.2,30,4.1,300,748,573,230
1991-06-08 12:00:00,27.8,29,3.1,290,930,623,336
1991-06-08 13:00:00,28.3,28,4.1,310,941,787,191
1991-06-08 14:00:00,26.7,30,4.1,330,895,744,221
1991-06-08 15:00:00,28.9,27,5.1,310,789,737,190
1991-06-08 16:00:00,28.9,27,2.6,340,621,671,164
1991-06-08 17:00:00,28.3,27,3.6,340,447,624,122
1991-06-08 18:00:00,27.2,29,4.6,310,220,308,115
1991-06-08 19:00:00,26.1,31,2.6,290,86,261,45
1991-06-08 20:00:00,22.2,44,2.1,250,3,9,2
1991-06-08 21:00:00,21.1,51,2.6,270,0,0,0
1991-06-08 22:00:00,20.0,57,2.1,260,0,0,0
1991-06-08 23:00:00,18.9,65,2.6,250,0,0,0
1991-06-09 00:00:00,18.3,70,2.1,260,0,0,0
1991-06-09 01:00:00,18.3,78,2.6,260,0,0,0
1991-06-09 02:00:00,17.8,75,1.5,270,0,0,0
1991-06-09 03:00:00,17.2,78,1.0,270,0,0,0
1991-06-09 04:00:00,17.2,78,0.5,300,0,0,0
1991-06-09 05:00:00,16.7,80,0.0,0,3,18,2
1991-06-09 06:00:00,18.3,76,0.0,0,98,271,56
1991-06-09 07:00:00,21.1,68,1.5,340,232,497,65
1991-06-09 08:00:00,24.4,58,2.6,10,449,561,159
1991-06-09 09:00:00,26.1,48,3.6,10,642,769,121
1991-06-09 10:00:00,27.2,45,2.6,50,668,559,215
1991-06-09 11:00:00,28.3,44,3.1,100,952,905,135
1991-06-09 12:00:00,28.3,43,2.1,100,876,729,182
1991-06-09 13:00:00,28.9,43,1.0,90,919,821,137
1991-06-09 14:00:00,29.4,45,4.1,120,936,851,165
1991-06-09 15:00:00,27.8,49,4.1,140,736,656,202
1991-06-09 16:00:00,27.2,53,3.1,140,609,651,165
1991-06-09 17:00:00,27.2,51,3.1,140,430,576,129
1991-06-09 18:00:00,25.0,66,1.5,130,276,574,79
1991-06-09 19:00:00,22.2,84,1.0,150,55,30,50
1991-06-09 20:00:00,22.8,68,2.1,180,3,32,2
1991-06-09 21:00:00,21.1,73,2.1,200,0,0,0
1991-06-09 22:00:00,21.7,68,3.1,220,0,0,0
1991-06-09 23:00:00,20.6,73,2.1,220,0,0,0
1991-06-10 00:00:00,20.6,73,3.1,230,0,0,0
1991-06-10 01:00:00,19.4,81,2.6,240,0,0,0
1991-06-10 02:00:00,20.0,81,2.6,250,0,0,0
1991-06-10 03:00:00,19.4,84,4.1,250,0,0,0
1991-06-10 04:00:00,18.9,84,2.1,250,0,0,0
1991-06-10 05:00:00,18.9,84,2.1,250,2,0,2
1991-06-10 06:00:00,20.0,81,2.1,260,62,44,56
1991-06-10 07:00:00,23.3,66,3.1,280,150,89,120
1991-06-10 08:00:00,20.6,65,0.5,230,338,158,256
1991-06-10 09:00:00,27.8,47,2.6,270,547,384,287
1991-06-10 10:00:00,30.0,42,0.5,10,466,130,360
1991-06-10 11:00:00,32.2,35,1.5,310,809,382,464
1991-06-10 12:00:00,31.7,38,2.6,80,751,300,465
1991-06-10 13:00:00,32.8,29,3.1,290,741,259,494
1991-06-10 14:00:00,33.3,27,2.6,240,622,169,469
1991-06-10 15:00:00,32.8,28,3.6,270,636,280,407
1991-06-10 16:00:00,32.2,29,4.1,240,453,225,299
1991-06-10 17:00:00,31.1,30,4.6,240,346,311,183
1991-06-10 18:00:00,30.0,37,5.1,260,204,211,131
1991-06-10 19:00:00,27.8,44,4.1,230,71,7,70
1991-06-10 20:00:00,26.1,47,4.1,220,3,0,3
1991-06-10 21:00:00,24.4,56,3.6,230,0,0,0
1991-06-10 22:00:00,23.9,60,4.1,220,0,0,0
1991-06-10 23:00:00,22.2,68,4.1,220,0,0,0
1991-06-11 00:00:00,22.2,73,4.1,230,0,0,0
1991-06-11 01:00:00,21.7,79,3.1,230,0,0,0
1991-06-11 02:00:00,21.1,81,2.6,230,0,0,0
1991-06-11 03:00:00,20.6,84,2.6,230,0,0,0
1991-06-11 04:00:00,20.0,87,2.6,250,0,0,0
1991-06-11 05:00:00,20.0,84,2.6,230,2,1,2
1991-06-11 06:00:00,21.1,78,4.1,240,40,0,40
1991-06-11 07:00:00,23.3,71,3.6,240,92,0,92
1991-06-11 08:00:00,25.6,60,3.1,240,164,0,164
1991-06-11 09:00:00,28.3,49,4.6,280,233,0,233
1991-06-11 10:00:00,29.4,45,5.1,260,288,0,288
1991-06-11 11:00:00,29.4,43,4.6,250,327,0,327
1991-06-11 12:00:00,30.0,40,5.1,260,347,0,347
1991-06-11 13:00:00,32.2,35,3.6,260,427,259,179
1991-06-11 14:00:00,32.8,32,3.1,260,657,337,351
1991-06-11 15:00:00,32.2,34,4.6,270,290,0,290
1991-06-11 16:00:00,31.7,35,4.6,260,421,253,248
1991-06-11 17:00:00,30.6,39,5.1,250,350,300,193
1991-06-11 18:00:00,29.4,43,5.7,220,86,41,72
1991-06-11 19:00:00,27.8,46,4.1,220,84,239,45
1991-06-11 20:00:00,26.1,58,4.6,210,3,6,3
1991-06-11 21:00:00,25.0,64,4.1,210,0,0,0
1991-06-11 22:00:00,25.0,66,3.1,210,0,0,0
1991-06-11 23:00:00,25.6,62,6.2,290,0,0,0
1991-06-12 00:00:00,24.4,64,2.1,260,0,0,0
1991-06-12 01:00:00,22.8,73,0.0,0,0,0,0
1991-06-12 02:00:00,22.8,76,1.5,330,0,0,0
1991-06-12 03:00:00,22.2,79,1.0,360,0,0,0
1991-06-12 04:00:00,21.7,81,1.5,20,0,0,0
1991-06-12 05:00:00,21.1,84,0.0,0,2,0,2
1991-06-12 06:00:00,21.7,81,0.0,0,62,14,59
1991-06-12 07:00:00,22.8,76,0.0,0,179,100,145
1991-06-12 08:00:00,24.4,67,1.0,190,315,197,213
1991-06-12 09:00:00,26.1,58,1.5,220,488,325,267
1991-06-12 10:00:00,28.3,55,3.1,260,467,166,333
1991-06-12 11:00:00,29.4,46,3.6,260,740,461,324
1991-06-12 12:00:00,28.9,48,4.1,290,804,441,384
1991-06-12 13:00:00,29.4,48,6.7,310,843,498,368
1991-06-12 14:00:00,30.0,46,3.6,260,776,476,344
1991-06-12 15:00:00,30.0,46,5.7,260,762,552,311
1991-06-12 16:00:00,30.6,43,7.2,280,607,627,176
1991-06-12 17:00:00,29.4,45,6.2,280,414,495,154
1991-06-12 18:00:00,28.9,46,5.1,260,238,395,100
1991-06-12 19:00:00,27.2,51,3.1,260,81,171,53
1991-06-12 20:00:00,25.0,62,2.1,250,3,2,3
1991-06-12 21:00:00,24.4,62,2.1,260,0,0,0
1991-06-12 22:00:00,22.8,66,3.1,20,0,0,0
1991-06-12 23:00:00,21.1,73,1.5,30,0,0,0
1991-06-13 00:00:00,20.6,78,0.0,0,0,0,0
1991-06-13 01:00:00,19.4,84,0.0,0,0,0,0
1991-06-13 02:00:00,18.9,75,4.1,360,0,0,0
1991-06-13 03:00:00,16.7,84,1.5,30,0,0,0
1991-06-13 04:00:00,16.1,72,3.1,350,0,0,0
1991-06-13 05:00:00,15.0,69,3.6,350,2,15,2
1991-06-13 06:00:00,16.1,64,4.6,350,82,192,53
1991-06-13 07:00:00,17.2,54,6.2,350,270,605,66
1991-06-13 08:00:00,18.3,48,5.1,340,473,742,90
1991-06-13 09:00:00,18.9,47,4.1,350,664,818,110
1991-06-13 10:00:00,21.1,39,4.6,320,739,702,170
1991-06-13 11:00:00,22.2,37,7.7,340,544,120,435
1991-06-13 12:00:00,22.8,35,4.6,330,819,557,288
1991-06-13 13:00:00,24.4,33,5.7,320,965,824,178
1991-06-13 14:00:00,25.0,31,3.6,320,717,577,193
1991-06-13 15:00:00,25.6,31,5.1,310,783,774,151
1991-06-13 16:00:00,25.6,29,4.1,300,646,705,162
1991-06-13 17:00:00,25.6,29,5.1,320,447,657,101
1991-06-13 18:00:00,24.4,26,4.6,320,216,322,104
1991-06-13 19:00:00,22.8,31,4.6,330,92,306,42
1991-06-13 20:00:00,21.1,35,2.1,340,4,24,3
1991-06-13 21:00:00,19.4,40,1.0,350,0,0,0
1991-06-13 22:00:00,18.9,42,0.0,0,0,0,0
1991-06-13 23:00:00,15.6,55,0.0,0,0,0,0
1991-06-14 00:00:00,15.6,64,1.5,240,0,0,0
1991-06-14 01:00:00,15.0,62,1.0,360,0,0,0
1991-06-14 02:00:00,13.9,72,2.1,20,0,0,0
1991-06-14 03:00:00,13.9,67,2.1,20,0,0,0
1991-06-14 04:00:00,13.9,64,2.1,20,0,0,0
1991-06-14 05:00:00,13.3,72,0.0,0,2,0,2
1991-06-14 06:00:00,15.6,64,1.5,30,70,136,49
1991-06-14 07:00:00,18.3,50,2.6,30,216,277,122
1991-06-14 08:00:00,19.4,47,2.1,80,400,435,175
1991-06-14 09:00:00,20.6,44,2.1,80,580,567,196
1991-06-14 10:00:00,21.1,42,1.0,70,695,528,267
1991-06-14 11:00:00,22.8,41,1.0,120,863,558,358
1991-06-14 12:00:00,23.9,38,3.1,100,896,709,220
1991-06-14 13:00:00,24.4,37,2.6,80,884,639,273
1991-06-14 14:00:00,26.1,32,1.0,210,824,622,258
1991-06-14 15:00:00,27.2,35,3.1,120,722,610,223
1991-06-14 16:00:00,27.2,35,2.1,340,609,571,216
1991-06-14 17:00:00,23.9,48,3.1,100,282,118,219
1991-06-14 18:00:00,23.3,55,2.6,140,181,101,145
1991-06-14 19:00:00,21.1,71,2.6,130,54,16,51
1991-06-14 20:00:00,18.9,84,2.1,150,3,2,3
1991-06-14 21:00:00,18.9,73,3.6,190,0,0,0
1991-06-14 22:00:00,17.8,78,2.6,200,0,0,0
1991-06-14 23:00:00,17.2,84,2.6,200,0,0,0
1991-06-15 00:00:00,17.8,84,2.6,220,0,0,0
1991-06-15 01:00:00,17.2,87,1.5,210,0,0,0
1991-06-15 02:00:00,17.2,90,1.5,210,0,0,0
1991-06-15 03:00:00,16.7,90,1.5,210,0,0,0
1991-06-15 04:00:00,16.7,86,1.0,230,0,0,0
1991-06-15 05:00:00,15.6,93,1.0,180,2,0,2
1991-06-15 06:00:00,18.9,84,2.1,220,62,0,62
1991-06-15 07:00:00,22.2,82,4.1,220,106,45,90
1991-06-15 08:00:00,25.0,77,3.6,260,396,407,186
1991-06-15 09:00:00,27.8,67,2.1,270,602,605,192
1991-06-15 10:00:00,30.0,61,2.1,230,744,546,302
1991-06-15 11:00:00,31.1,54,4.1,240,737,549,240
1991-06-15 12:00:00,32.8,49,5.1,250,502,17,485
1991-06-15 13:00:00,33.3,44,5.1,260,505,189,323
1991-06-15 14:00:00,34.4,34,5.1,240,421,102,328
1991-06-15 15:00:00,35.0,33,6.2,280,719,533,283
1991-06-15 16:00:00,33.9,33,5.1,260,611,570,219
1991-06-15 17:00:00,33.3,33,4.6,250,436,520,161
1991-06-15 18:00:00,32.2,41,3.6,250,172,133,125
1991-06-15 19:00:00,30.0,53,2.6,220,87,111,69
1991-06-15 20:00:00,28.3,65,3.1,200,4,1,3
1991-06-15 21:00:00,25.6,76,2.1,190,0,0,0
1991-06-15 22:00:00,25.6,74,3.1,210,0,0,0
1991-06-15 23:00:00,25.6,74,2.6,220,0,0,0
1991-06-16 00:00:00,25.6,76,4.6,210,0,0,0
1991-06-16 01:00:00,25.6,76,4.1,220,0,0,0
1991-06-16 02:00:00,25.6,76,3.6,230,0,0,0
1991-06-16 03:00:00,25.6,76,3.1,230,0,0,0
1991-06-16 04:00:00,24.4,82,2.6,230,0,0,0
1991-06-16 05:00:00,23.9,84,2.1,240,2,0,2
1991-06-16 06:00:00,24.4,85,3.1,240,62,9,60
1991-06-16 07:00:00,27.2,74,3.1,230,198,206,129
1991-06-16 08:00:00,29.4,65,3.1,260,377,360,192
1991-06-16 09:00:00,31.7,56,4.1,260,557,445,255
1991-06-16 10:00:00,32.8,52,3.1,300,705,498,302
1991-06-16 11:00:00,33.9,49,2.6,310,807,537,322
1991-06-16 12:00:00,35.0,48,3.6,240,860,567,320
1991-06-16 13:00:00,35.6,43,3.6,260,881,577,330
1991-06-16 14:00:00,35.6,43,4.6,230,813,439,413
1991-06-16 15:00:00,36.1,38,6.2,230,658,301,411
1991-06-16 16:00:00,36.1,37,5.7,250,588,441,283
1991-06-16 17:00:00,34.4,45,5.7,230,384,345,201
1991-06-16 18:00:00,33.3,49,5.7,220,211,225,132
1991-06-16 19:00:00,31.1,55,2.1,250,69,17,66
1991-06-16 20:00:00,26.1,74,1.5,20,6,0,6
1991-06-16 21:00:00,28.3,67,0.5,290,0,0,0
1991-06-16 22:00:00,27.2,72,0.5,260,0,0,0
1991-06-16 23:00:00,24.4,88,0.5,120,0,0,0
1991-06-17 00:00:00,24.4,88,0.0,0,0,0,0
1991-06-17 01:00:00,23.9,94,1.0,190,0,0,0
1991-06-17 02:00:00,25.0,79,3.1,240,0,0,0
1991-06-17 03:00:00,24.4,85,1.0,270,0,0,0
1991-06-17 04:00:00,25.0,82,2.6,290,0,0,0
1991-06-17 05:00:00,24.4,85,1.0,270,2,0,2
1991-06-17 06:00:00,24.4,85,2.1,270,87,19,84
1991-06-17 07:00:00,25.6,79,2.1,280,148,96,116
1991-06-17 08:00:00,26.7,76,2.1,280,316,123,252
1991-06-17 09:00:00,29.4,65,1.5,330,476,352,238
1991-06-17 10:00:00,28.9,65,1.5,10,227,0,227
1991-06-17 11:00:00,28.3,74,2.6,80,260,0,260
1991-06-17 12:00:00,30.6,63,1.5,10,916,640,306
1991-06-17 13:00:00,31.7,56,1.5,350,894,683,241
1991-06-17 14:00:00,31.1,57,4.1,20,761,391,405
1991-06-17 15:00:00,32.2,49,2.6,40,685,292,446
1991-06-17 16:00:00,27.8,72,2.1,170,311,89,249
1991-06-17 17:00:00,24.4,64,3.6,200,130,0,130
1991-06-17 18:00:00,22.8,94,3.1,240,81,0,81
1991-06-17 19:00:00,22.2,97,2.1,200,61,12,59
1991-06-17 20:00:00,22.8,96,0.0,0,5,0,5
1991-06-17 21:00:00,23.3,85,4.1,60,0,0,0
1991-06-17 22:00:00,23.3,91,2.6,90,0,0,0
1991-06-17 23:00:00,23.3,91,1.0,70,0,0,0
1991-06-18 00:00:00,22.8,96,5.1,80,0,0,0
1991-06-18 01:00:00,22.2,97,5.7,80,0,0,0
1991-06-18 02:00:00,20.6,100,6.2,70,0,0,0
1991-06-18 03:00:00,20.0,100,5.7,70,0,0,0
1991-06-18 04:00:00,19.4,100,6.7,70,0,0,0
1991-06-18 05:00:00,19.4,100,4.1,40,1,0,1
1991-06-18 06:00:00,18.9,96,4.6,60,34,0,34
1991-06-18 07:00:00,18.9,96,5.1,70,71,0,71
1991-06-18 08:00:00,18.9,93,4.6,70,105,0,105
1991-06-18 09:00:00,18.3,97,5.1,70,152,0,152
1991-06-18 10:00:00,18.9,96,6.2,60,191,0,191
1991-06-18 11:00:00,18.3,97,5.1,60,219,0,219
1991-06-18 12:00:00,17.8,96,5.1,60,234,0,234
1991-06-18 13:00:00,18.3,93,6.2,80,235,0,235
1991-06-18 14:00:00,18.3,93,5.1,70,221,0,221
1991-06-18 15:00:00,18.3,93,5.7,80,163,0,163
1991-06-18 16:00:00,17.2,100,3.6,70,131,0,131
1991-06-18 17:00:00,17.2,100,4.1,70,92,0,92
1991-06-18 18:00:00,17.2,100,4.1,60,62,0,62
1991-06-18 19:00:00,17.2,100,3.6,60,31,0,31
1991-06-18 20:00:00,17.2,100,3.6,50,2,0,2
1991-06-18 21:00:00,17.2,100,3.6,50,0,0,0
1991-06-18 22:00:00,17.8,96,4.6,80,0,0,0
1991-06-18 23:00:00,17.2,100,3.6,70,0,0,0
1991-06-19 00:00:00,17.2,100,2.6,60,0,0,0
1991-06-19 01:00:00,17.8,100,3.6,60,0,0,0
1991-06-19 02:00:00,17.8,100,2.1,40,0,0,0
1991-06-19 03:00:00,17.8,100,2.1,30,0,0,0
1991-06-19 04:00:00,17.8,100,1.5,40,0,0,0
1991-06-19 05:00:00,17.8,100,2.6,360,1,0,1
1991-06-19 06:00:00,17.8,100,2.1,10,22,0,22
1991-06-19 07:00:00,17.8,100,1.0,20,50,0,50
1991-06-19 08:00:00,18.3,97,3.1,10,91,0,91
1991-06-19 09:00:00,18.3,97,3.1,360,129,0,129
1991-06-19 10:00:00,18.3,97,2.1,360,160,0,160
1991-06-19 11:00:00,19.4,93,2.1,10,182,0,182
1991-06-19 12:00:00,19.4,93,2.6,360,194,0,194
1991-06-19 13:00:00,20.0,90,2.6,340,233,0,233
1991-06-19 14:00:00,21.1,87,2.6,350,220,0,220
1991-06-19 15:00:00,20.6,87,2.6,360,195,0,195
1991-06-19 16:00:00,21.1,84,2.1,30,159,0,159
1991-06-19 17:00:00,21.1,84,3.1,360,114,0,114
1991-06-19 18:00:00,21.1,84,1.0,20,65,0,65
1991-06-19 19:00:00,20.6,87,1.0,20,29,0,29
1991-06-19 20:00:00,21.1,84,0.5,340,2,0,2
1991-06-19 21:00:00,21.1,84,0.0,0,0,0,0
1991-06-19 22:00:00,20.6,90,0.0,0,0,0,0
1991-06-19 23:00:00,19.4,97,0.0,0,0,0,0
1991-06-20 00:00:00,18.9,100,0.5,260,0,0,0
1991-06-20 01:00:00,19.4,97,1.0,250,0,0,0
1991-06-20 02:00:00,20.0,93,0.0,0,0,0,0
1991-06-20 03:00:00,19.4,97,0.0,0,0,0,0
1991-06-20 04:00:00,19.4,97,1.0,230,0,0,0
1991-06-20 05:00:00,20.0,93,0.0,0,1,0,1
1991-06-20 06:00:00,20.6,90,0.0,0,71,46,64
1991-06-20 07:00:00,21.7,87,1.0,290,178,181,117
1991-06-20 08:00:00,23.9,71,2.1,300,336,300,181
1991-06-20 09:00:00,25.0,69,2.1,300,426,143,329
1991-06-20 10:00:00,26.7,67,2.1,360,762,759,148
1991-06-20 11:00:00,27.8,63,1.5,290,831,682,214
1991-06-20 12:00:00,28.3,59,1.0,70,652,331,336
1991-06-20 13:00:00,29.4,65,2.6,90,672,260,423
1991-06-20 14:00:00,27.2,72,3.1,120,727,447,320
1991-06-20 15:00:00,29.4,55,1.0,110,523,110,433
1991-06-20 16:00:00,29.4,57,2.6,180,286,90,223
1991-06-20 17:00:00,30.0,55,2.1,240,339,157,255
1991-06-20 18:00:00,28.3,63,1.5,220,264,208,190
1991-06-20 19:00:00,27.2,67,2.6,240,36,2,36
1991-06-20 20:00:00,25.0,79,2.6,250,6,10,5
1991-06-20 21:00:00,24.4,82,3.1,250,0,0,0
1991-06-20 22:00:00,23.3,85,1.5,240,0,0,0
1991-06-20 23:00:00,22.8,84,2.1,260,0,0,0
1991-06-21 00:00:00,22.8,84,2.6,250,0,0,0
1991-06-21 01:00:00,22.2,87,2.1,240,0,0,0
1991-06-21 02:00:00,21.7,93,2.1,250,0,0,0
1991-06-21 03:00:00,21.1,97,1.0,250,0,0,0
1991-06-21 04:00:00,21.7,93,0.0,0,0,0,0
1991-06-21 05:00:00,21.1,97,0.0,0,2,1,2
1991-06-21 06:00:00,22.8,94,0.0,0,71,101,56
1991-06-21 07:00:00,25.0,82,1.0,330,211,323,102
1991-06-21 08:00:00,27.2,72,0.5,310,425,510,163
1991-06-21 09:00:00,28.3,57,3.1,80,621,683,160
1991-06-21 10:00:00,28.9,55,2.6,60,780,689,223
1991-06-21 11:00:00,28.9,51,2.1,30,839,690,215
1991-06-21 12:00:00,30.0,46,1.0,50,928,742,220
1991-06-21 13:00:00,30.6,46,2.6,100,887,725,194
1991-06-21 14:00:00,31.1,47,2.6,150,807,591,269
1991-06-21 15:00:00,31.1,47,3.1,120,739,677,183
1991-06-21 16:00:00,30.6,48,2.6,110,574,530,207
1991-06-21 17:00:00,29.4,51,2.6,90,401,479,145
1991-06-21 18:00:00,28.9,53,2.1,130,169,218,91
1991-06-21 19:00:00,26.7,67,1.0,150,74,51,65
1991-06-21 20:00:00,25.0,69,2.1,200,5,0,5
1991-06-21 21:00:00,24.4,69,2.1,210,0,0,0
1991-06-21 22:00:00,24.4,69,2.1,210,0,0,0
1991-06-21 23:00:00,22.8,79,2.1,200,0,0,0
1991-06-22 00:00:00,22.8,81,1.5,220,0,0,0
1991-06-22 01:00:00,22.8,87,1.0,220,0,0,0
1991-06-22 02:00:00,22.2,93,1.0,220,0,0,0
1991-06-22 03:00:00,21.1,97,0.0,0,0,0,0
1991-06-22 04:00:00,22.2,93,0.0,0,0,0,0
1991-06-22 05:00:00,21.1,100,0.0,0,2,0,2
1991-06-22 06:00:00,21.7,100,0.5,80,53,7,52
1991-06-22 07:00:00,23.9,88,0.0,0,123,18,117
1991-06-22 08:00:00,24.4,85,1.0,70,177,0,177
1991-06-22 09:00:00,24.4,88,2.1,120,232,0,232
1991-06-22 10:00:00,24.4,88,2.1,140,291,0,291
1991-06-22 11:00:00,24.4,88,2.1,150,334,0,334
1991-06-22 12:00:00,25.0,79,3.1,180,285,0,285
1991-06-22 13:00:00,24.4,82,3.6,160,286,0,286
1991-06-22 14:00:00,26.1,48,4.6,150,507,104,412
1991-06-22 15:00:00,25.0,58,2.6,140,238,0,238
1991-06-22 16:00:00,25.0,54,3.1,120,303,48,270
1991-06-22 17:00:00,23.3,66,0.5,110,184,0,184
1991-06-22 18:00:00,22.8,79,0.0,0,99,0,99
1991-06-22 19:00:00,22.8,76,0.0,0,48,0,48
1991-06-22 20:00:00,22.2,93,2.6,80,3,0,3
1991-06-22 21:00:00,21.7,90,4.1,110,0,0,0
1991-06-22 22:00:00,21.1,87,3.6,90,0,0,0
1991-06-22 23:00:00,19.4,90,3.6,80,0,0,0
1991-06-23 00:00:00,19.4,93,2.6,60,0,0,0
1991-06-23 01:00:00,19.4,90,4.6,60,0,0,0
1991-06-23 02:00:00,18.9,93,4.6,50,0,0,0
1991-06-23 03:00:00,18.9,93,4.1,50,0,0,0
1991-06-23 04:00:00,18.9,93,5.1,40,0,0,0
1991-06-23 05:00:00,18.3,90,6.2,50,1,0,1
1991-06-23 06:00:00,18.9,84,6.2,50,30,0,30
1991-06-23 07:00:00,18.3,84,6.2,40,73,0,73
1991-06-23 08:00:00,17.8,84,6.7,40,131,0,131
1991-06-23 09:00:00,16.7,93,6.7,50,186,0,186
1991-06-23 10:00:00,16.7,96,6.2,40,230,0,230
1991-06-23 11:00:00,16.7,96,4.6,50,261,0,261
1991-06-23 12:00:00,17.2,93,4.6,50,278,0,278
1991-06-23 13:00:00,17.2,93,5.7,40,279,0,279
1991-06-23 14:00:00,17.2,90,4.6,50,264,0,264
1991-06-23 15:00:00,17.2,90,7.2,30,235,0,235
1991-06-23 16:00:00,17.2,87,5.7,20,192,0,192
1991-06-23 17:00:00,17.8,84,3.1,50,139,0,139
1991-06-23 18:00:00,17.8,80,3.6,50,81,0,81
1991-06-23 19:00:00,17.8,75,3.1,50,73,70,61
1991-06-23 20:00:00,17.8,75,2.6,50,5,2,5
1991-06-23 21:00:00,16.1,81,1.5,60,0,0,0
1991-06-23 22:00:00,16.1,83,1.5,60,0,0,0
1991-06-23 23:00:00,14.4,90,1.0,350,0,0,0
1991-06-24 00:00:00,13.9,93,1.0,340,0,0,0
1991-06-24 01:00:00,12.2,100,1.0,20,0,0,0
1991-06-24 02:00:00,13.3,93,2.6,340,0,0,0
1991-06-24 03:00:00,13.9,89,2.1,330,0,0,0
1991-06-24 04:00:00,13.3,93,1.0,340,0,0,0
1991-06-24 05:00:00,13.3,97,2.6,350,2,4,2
1991-06-24 06:00:00,16.1,93,2.6,350,73,193,45
1991-06-24 07:00:00,18.3,87,3.6,340,236,437,91
1991-06-24 08:00:00,21.1,76,3.1,340,428,616,113
1991-06-24 09:00:00,21.7,68,3.6,10,589,639,158
1991-06-24 10:00:00,23.9,55,3.6,20,733,638,219
1991-06-24 11:00:00,24.4,48,1.0,40,856,752,177
1991-06-24 12:00:00,25.6,45,1.5,60,909,769,175
1991-06-24 13:00:00,24.4,42,0.5,60,881,701,211
1991-06-24 14:00:00,26.1,38,1.0,360,863,755,175
1991-06-24 15:00:00,24.4,45,2.6,60,780,746,167
1991-06-24 16:00:00,26.1,34,1.0,330,579,439,275
1991-06-24 17:00:00,26.7,34,1.5,320,347,326,173
1991-06-24 18:00:00,22.8,64,4.6,140,254,264,159
1991-06-24 19:00:00,21.1,71,3.6,140,105,81,90
1991-06-24 20:00:00,18.9,81,2.6,150,5,10,5
1991-06-24 21:00:00,17.8,80,2.1,170,0,0,0
1991-06-24 22:00:00,17.2,84,2.6,180,0,0,0
1991-06-24 23:00:00,17.2,84,1.5,200,0,0,0
1991-06-25 00:00:00,16.1,90,3.1,210,0,0,0
1991-06-25 01:00:00,15.6,90,2.1,200,0,0,0
1991-06-25 02:00:00,16.1,87,2.6,230,0,0,0
1991-06-25 03:00:00,15.0,90,1.5,220,0,0,0
1991-06-25 04:00:00,13.9,93,1.0,180,0,0,0
1991-06-25 05:00:00,14.4,93,0.0,0,2,13,2
1991-06-25 06:00:00,16.1,90,1.0,220,88,184,61
1991-06-25 07:00:00,19.4,81,1.5,260,239,507,71
1991-06-25 08:00:00,21.7,68,3.1,280,386,493,135
1991-06-25 09:00:00,23.3,53,3.1,260,522,617,107
1991-06-25 10:00:00,24.4,48,2.1,300,758,717,180
1991-06-25 11:00:00,25.0,45,1.0,190,861,791,148
1991-06-25 12:00:00,24.4,50,1.5,100,915,752,199
1991-06-25 13:00:00,26.7,44,3.1,110,895,771,157
1991-06-25 14:00:00,26.7,49,3.1,130,935,874,138
1991-06-25 15:00:00,25.6,52,2.6,130,689,556,232
1991-06-25 16:00:00,25.6,52,5.1,150,644,624,211
1991-06-25 17:00:00,25.6,48,4.6,140,464,714,82
1991-06-25 18:00:00,25.0,45,3.6,170,264,437,108
1991-06-25 19:00:00,22.2,53,2.6,170,91,294,40
1991-06-25 20:00:00,18.9,65,2.1,160,5,19,4
1991-06-25 21:00:00,18.3,70,2.1,190,0,0,0
1991-06-25 22:00:00,17.2,72,2.1,190,0,0,0
1991-06-25 23:00:00,16.1,78,3.1,210,0,0,0
1991-06-26 00:00:00,16.1,78,1.0,210,0,0,0
1991-06-26 01:00:00,15.6,80,0.5,210,0,0,0
1991-06-26 02:00:00,14.4,87,1.0,230,0,0,0
1991-06-26 03:00:00,15.6,80,1.0,230,0,0,0
1991-06-26 04:00:00,13.3,93,1.5,200,0,0,0
1991-06-26 05:00:00,12.8,96,1.0,180,1,0,1
1991-06-26 06:00:00,15.6,90,0.0,0,54,4,54
1991-06-26 07:00:00,18.9,81,1.0,200,190,175,132
1991-06-26 08:00:00,21.7,73,2.1,200,380,397,178
1991-06-26 09:00:00,23.3,57,2.1,190,582,484,257
1991-06-26 10:00:00,23.3,52,0.0,0,751,627,246
1991-06-26 11:00:00,23.3,48,1.5,180,447,90,365
1991-06-26 12:00:00,24.4,60,0.0,0,437,84,357
1991-06-26 13:00:00,25.0,54,3.6,120,868,314,568
1991-06-26 14:00:00,25.0,50,4.1,140,827,583,295
1991-06-26 15:00:00,26.7,47,4.6,140,502,312,246
1991-06-26 16:00:00,25.0,54,5.1,140,640,578,239
1991-06-26 17:00:00,23.9,60,4.1,150,273,26,259
1991-06-26 18:00:00,24.4,52,3.1,150,193,109,154
1991-06-26 19:00:00,21.7,63,3.1,170,59,0,59
1991-06-26 20:00:00,20.6,70,2.1,180,4,0,4
1991-06-26 21:00:00,18.9,78,1.0,170,0,0,0
1991-06-26 22:00:00,17.8,84,2.1,190,0,0,0
1991-06-26 23:00:00,17.8,87,2.6,200,0,0,0
1991-06-27 00:00:00,18.3,84,1.5,220,0,0,0
1991-06-27 01:00:00,17.2,90,1.0,200,0,0,0
1991-06-27 02:00:00,16.7,93,0.5,200,0,0,0
1991-06-27 03:00:00,16.7,93,0.0,0,0,0,0
1991-06-27 04:00:00,16.1,97,0.0,0,0,0,0
1991-06-27 05:00:00,16.7,93,0.0,0,1,0,1
1991-06-27 06:00:00,17.8,96,3.1,210,47,23,44
1991-06-27 07:00:00,21.7,87,2.6,250,89,39,76
1991-06-27 08:00:00,23.9,74,2.6,320,283,120,221
1991-06-27 09:00:00,25.0,64,3.1,280,195,93,132
1991-06-27 10:00:00,25.6,56,3.1,290,441,224,261
1991-06-27 11:00:00,26.7,52,2.6,140,874,796,157
1991-06-27 12:00:00,27.8,58,3.1,170,908,615,321
1991-06-27 13:00:00,26.1,65,3.1,110,600,107,497
1991-06-27 14:00:00,27.2,67,4.1,140,885,701,246
1991-06-27 15:00:00,26.1,58,4.1,130,774,749,157
1991-06-27 16:00:00,26.1,58,4.6,150,629,639,185
1991-06-27 17:00:00,26.7,60,2.6,150,427,568,123
1991-06-27 18:00:00,25.6,67,3.1,150,257,423,106
1991-06-27 19:00:00,24.4,69,2.6,150,94,270,47
1991-06-27 20:00:00,22.8,79,2.1,170,5,7,4
1991-06-27 21:00:00,22.2,79,3.1,220,0,0,0
1991-06-27 22:00:00,21.1,73,2.6,220,0,0,0
1991-06-27 23:00:00,19.4,81,2.6,210,0,0,0
1991-06-28 00:00:00,20.0,84,3.6,220,0,0,0
1991-06-28 01:00:00,20.0,84,3.1,220,0,0,0
1991-06-28 02:00:00,19.4,90,3.6,230,0,0,0
1991-06-28 03:00:00,18.9,93,2.6,240,0,0,0
1991-06-28 04:00:00,18.9,93,3.1,230,0,0,0
1991-06-28 05:00:00,18.9,93,2.6,250,2,1,2
1991-06-28 06:00:00,20.6,90,2.6,260,34,13,32
1991-06-28 07:00:00,22.2,82,4.1,250,242,448,96
1991-06-28 08:00:00,24.4,74,4.6,260,310,375,120
1991-06-28 09:00:00,27.2,65,4.1,260,574,681,118
1991-06-28 10:00:00,28.3,61,3.6,260,351,126,249
1991-06-28 11:00:00,29.4,55,4.6,260,463,176,304
1991-06-28 12:00:00,30.0,53,5.1,270,479,98,385
1991-06-28 13:00:00,31.1,52,2.1,240,480,131,354
1991-06-28 14:00:00,32.2,45,4.1,260,586,101,494
1991-06-28 15:00:00,32.2,45,4.6,260,367,80,300
1991-06-28 16:00:00,32.2,45,4.1,260,396,204,254
1991-06-28 17:00:00,31.7,45,5.1,240,285,152,203
1991-06-28 18:00:00,30.6,50,5.1,240,266,525,78
1991-06-28 19:00:00,28.9,57,4.1,230,69,0,68
1991-06-28 20:00:00,27.2,67,4.6,220,4,2,4
1991-06-28 21:00:00,26.1,77,3.6,220,0,0,0
1991-06-28 22:00:00,25.6,76,4.1,230,0,0,0
1991-06-28 23:00:00,25.0,82,3.6,230,0,0,0
1991-06-29 00:00:00,24.4,85,3.1,230,0,0,0
1991-06-29 01:00:00,23.9,88,3.6,230,0,0,0
1991-06-29 02:00:00,23.9,88,3.6,240,0,0,0
1991-06-29 03:00:00,23.9,84,3.6,250,0,0,0
1991-06-29 04:00:00,23.3,87,3.1,250,0,0,0
1991-06-29 05:00:00,23.3,87,2.6,260,1,8,1
1991-06-29 06:00:00,24.4,85,2.6,270,72,64,63
1991-06-29 07:00:00,26.7,74,3.1,280,238,456,89
1991-06-29 08:00:00,29.4,65,4.1,280,407,508,149
1991-06-29 09:00:00,31.1,61,4.6,310,622,736,129
1991-06-29 10:00:00,32.2,50,5.1,300,702,660,172
1991-06-29 11:00:00,32.8,45,4.1,320,804,679,192
1991-06-29 12:00:00,34.4,45,3.6,320,759,599,189
1991-06-29 13:00:00,34.4,45,5.7,310,921,683,268
1991-06-29 14:00:00,34.4,46,4.6,270,784,611,227
1991-06-29 15:00:00,34.4,46,4.1,300,713,470,326
1991-06-29 16:00:00,33.9,46,4.6,270,475,433,174
1991-06-29 17:00:00,33.9,47,3.6,270,448,646,101
1991-06-29 18:00:00,32.2,54,2.6,260,283,463,117
1991-06-29 19:00:00,31.1,59,2.1,260,95,128,73
1991-06-29 20:00:00,30.0,63,2.6,250,6,4,5
1991-06-29 21:00:00,28.3,72,2.6,250,0,0,0
1991-06-29 22:00:00,27.8,72,3.1,250,0,0,0
1991-06-29 23:00:00,26.7,76,2.1,240,0,0,0
1991-06-30 00:00:00,26.7,79,2.1,240,0,0,0
1991-06-30 01:00:00,25.6,85,1.5,250,0,0,0
1991-06-30 02:00:00,26.1,82,2.1,260,0,0,0
1991-06-30 03:00:00,26.1,82,2.6,280,0,0,0
1991-06-30 04:00:00,26.1,79,2.6,280,0,0,0
1991-06-30 05:00:00,25.6,79,3.1,280,1,0,1
1991-06-30 06:00:00,26.1,79,3.1,260,46,6,45
1991-06-30 07:00:00,28.3,67,3.6,280,174,25,166
1991-06-30 08:00:00,30.0,63,4.1,290,365,406,160
1991-06-30 09:00:00,31.1,59,4.1,300,546,549,179
1991-06-30 10:00:00,33.3,54,4.1,300,729,674,188
1991-06-30 11:00:00,33.3,49,5.1,320,797,590,266
1991-06-30 12:00:00,34.4,45,7.2,290,939,773,203
1991-06-30 13:00:00,35.0,43,6.7,290,865,677,218
1991-06-30 14:00:00,35.0,42,5.1,280,841,708,195
1991-06-30 15:00:00,33.9,44,5.1,280,446,331,173
1991-06-30 16:00:00,33.3,47,6.7,270,365,65,320
1991-06-30 17:00:00,32.2,52,3.6,260,168,0,168
1991-06-30 18:00:00,26.7,71,3.6,30,96,0,96
1991-06-30 19:00:00,27.2,69,1.5,340,53,24,49
1991-06-30 20:00:00,26.1,74,1.5,350,4,0,4
1991-06-30 21:00:00,26.1,74,1.0,230,0,0,0
1991-06-30 22:00:00,25.3,79,1.4,250,0,0,0
1991-06-30 23:00:00,24.5,97,1.7,70,0,0,0
1991-07-01 00:00:00,23.7,93,2.1,70,0,0,0
1991-07-01 01:00:00,23.0,90,2.5,60,0,0,0
1991-07-01 02:00:00,22.2,90,2.9,50,0,0,0
1991-07-01 03:00:00,21.4,87,3.2,50,0,0,0
1991-07-01 04:00:00,20.6,81,3.6,50,0,0,0
1991-07-01 05:00:00,20.6,78,3.6,70,2,1,2
1991-07-01 06:00:00,20.0,81,3.1,80,49,60,40
1991-07-01 07:00:00,20.6,81,2.6,70,143,57,125
1991-07-01 08:00:00,21.7,73,3.6,70,259,100,208
1991-07-01 09:00:00,22.2,71,3.1,80,409,194,279
1991-07-01 10:00:00,22.8,64,2.6,110,577,330,312
1991-07-01 11:00:00,23.9,62,2.1,130,579,287,320
1991-07-01 12:00:00,25.0,62,3.1,150,606,315,306
1991-07-01 13:00:00,25.6,56,1.5,110,727,453,293
1991-07-01 14:00:00,26.1,56,1.0,10,707,493,257
1991-07-01 15:00:00,25.6,56,2.6,130,708,506,291
1991-07-01 16:00:00,26.7,56,2.1,120,526,413,238
1991-07-01 17:00:00,25.0,66,3.1,100,340,258,201
1991-07-01 18:00:00,24.4,71,2.6,140,271,567,68
1991-07-01 19:00:00,23.9,76,2.1,150,101,358,39
1991-07-01 20:00:00,21.7,84,0.0,0,6,28,5
1991-07-01 21:00:00,21.1,84,2.6,190,0,0,0
1991-07-01 22:00:00,20.0,87,2.1,190,0,0,0
1991-07-01 23:00:00,19.4,87,3.1,200,0,0,0
1991-07-02 00:00:00,20.0,87,3.1,200,0,0,0
1991-07-02 01:00:00,20.6,84,3.6,200,0,0,0
1991-07-02 02:00:00,20.6,87,2.1,220,0,0,0
1991-07-02 03:00:00,20.6,90,2.6,190,0,0,0
1991-07-02 04:00:00,20.0,100,1.0,160,0,0,0
1991-07-02 05:00:00,20.0,96,2.1,150,0,0,0
1991-07-02 06:00:00,20.0,96,1.5,150,37,0,37
1991-07-02 07:00:00,20.0,93,1.5,110,80,0,80
1991-07-02 08:00:00,21.7,87,1.0,150,121,0,121
1991-07-02 09:00:00,22.8,79,2.6,160,176,0,176
1991-07-02 10:00:00,24.4,76,4.6,150,223,0,223
1991-07-02 11:00:00,24.4,79,2.6,170,257,0,257
1991-07-02 12:00:00,25.0,84,2.1,130,275,0,275
1991-07-02 13:00:00,25.0,88,2.6,140,277,0,277
1991-07-02 14:00:00,26.1,82,3.1,140,262,0,262
1991-07-02 15:00:00,25.6,85,3.1,120,231,0,231
1991-07-02 16:00:00,26.1,85,3.6,140,380,155,272
1991-07-02 17:00:00,24.4,91,2.1,140,165,0,165
1991-07-02 18:00:00,23.9,96,2.6,130,110,0,110
1991-07-02 19:00:00,23.3,100,1.5,120,57,0,57
1991-07-02 20:00:00,23.3,100,1.0,120,4,0,4
1991-07-02 21:00:00,23.3,100,2.1,140,0,0,0
1991-07-02 22:00:00,22.8,100,2.6,150,0,0,0
1991-07-02 23:00:00,22.8,100,2.1,180,0,0,0
1991-07-03 00:00:00,23.3,100,1.5,140,0,0,0
1991-07-03 01:00:00,23.3,97,2.6,180,0,0,0
1991-07-03 02:00:00,22.8,100,1.0,200,0,0,0
1991-07-03 03:00:00,22.8,96,0.0,0,0,0,0
1991-07-03 04:00:00,22.2,100,0.0,0,0,0,0
1991-07-03 05:00:00,22.8,100,0.0,0,0,0,0
1991-07-03 06:00:00,23.3,100,1.0,350,31,0,31
1991-07-03 07:00:00,23.3,100,0.5,20,61,0,61
1991-07-03 08:00:00,23.9,96,0.0,0,94,0,94
1991-07-03 09:00:00,24.4,97,3.6,90,125,0,125
1991-07-03 10:00:00,23.9,94,3.6,80,158,0,158
1991-07-03 11:00:00,25.6,85,4.6,80,218,0,218
1991-07-03 12:00:00,25.0,88,2.6,90,234,0,234
1991-07-03 13:00:00,25.0,88,2.1,60,235,0,235
1991-07-03 14:00:00,25.6,85,2.6,60,223,0,223
1991-07-03 15:00:00,25.6,87,3.6,40,196,0,196
1991-07-03 16:00:00,25.0,88,4.1,40,158,0,158
1991-07-03 17:00:00,25.0,88,3.6,50,120,0,120
1991-07-03 18:00:00,23.9,90,3.6,50,81,0,81
1991-07-03 19:00:00,21.7,100,4.1,90,40,0,40
1991-07-03 20:00:00,21.7,93,4.6,90,3,0,3
1991-07-03 21:00:00,21.1,93,3.1,80,0,0,0
1991-07-03 22:00:00,20.6,93,3.1,60,0,0,0
1991-07-03 23:00:00,20.6,93,2.6,50,0,0,0
1991-07-04 00:00:00,20.6,93,3.1,20,0,0,0
1991-07-04 01:00:00,20.0,96,2.6,60,0,0,0
1991-07-04 02:00:00,20.0,96,1.5,70,0,0,0
1991-07-04 03:00:00,20.0,96,1.5,80,0,0,0
1991-07-04 04:00:00,20.6,93,2.6,60,0,0,0
1991-07-04 05:00:00,20.6,93,2.1,40,0,0,0
1991-07-04 06:00:00,20.6,90,4.1,70,22,0,22
1991-07-04 07:00:00,20.6,90,2.1,90,71,0,71
1991-07-04 08:00:00,21.7,84,4.1,90,129,0,129
1991-07-04 09:00:00,22.2,84,3.6,70,183,0,183
1991-07-04 10:00:00,22.8,81,3.1,110,227,0,227
1991-07-04 11:00:00,22.8,81,5.1,110,258,0,258
1991-07-04 12:00:00,22.8,79,5.1,120,275,0,275
1991-07-04 13:00:00,23.3,79,4.1,130,277,0,277
1991-07-04 14:00:00,22.2,82,3.6,130,263,0,263
1991-07-04 15:00:00,22.8,79,4.1,150,234,0,234
1991-07-04 16:00:00,22.2,84,3.1,130,193,0,193
1991-07-04 17:00:00,22.8,79,3.1,140,140,0,140
1991-07-04 18:00:00,22.2,82,3.1,120,83,0,83
1991-07-04 19:00:00,21.7,84,4.1,130,31,0,31
1991-07-04 20:00:00,21.7,84,2.6,120,3,0,3
1991-07-04 21:00:00,21.1,87,3.6,110,0,0,0
1991-07-04 22:00:00,21.1,90,3.6,110,0,0,0
1991-07-04 23:00:00,21.1,90,3.1,130,0,0,0
1991-07-05 00:00:00,21.1,93,3.1,140,0,0,0
1991-07-05 01:00:00,21.1,93,3.1,130,0,0,0
1991-07-05 02:00:00,21.1,97,2.1,110,0,0,0
1991-07-05 03:00:00,21.1,100,1.0,120,0,0,0
1991-07-05 04:00:00,21.1,100,2.1,110,0,0,0
1991-07-05 05:00:00,21.1,100,1.5,110,0,0,0
1991-07-05 06:00:00,21.1,100,1.5,100,49,0,49
1991-07-05 07:00:00,21.7,100,1.5,80,117,0,117
1991-07-05 08:00:00,21.7,100,0.5,90,209,26,196
1991-07-05 09:00:00,21.7,100,1.0,50,369,24,353
1991-07-05 10:00:00,22.2,100,3.6,90,448,62,398
1991-07-05 11:00:00,23.3,97,2.1,50,381,80,309
1991-07-05 12:00:00,23.9,90,2.1,20,418,80,342
1991-07-05 13:00:00,23.9,90,2.6,10,746,174,579
1991-07-05 14:00:00,25.0,88,1.0,20,625,107,527
1991-07-05 15:00:00,23.3,94,2.1,60,537,135,425
1991-07-05 16:00:00,24.4,88,2.6,20,371,70,322
1991-07-05 17:00:00,24.4,88,2.1,30,230,16,221
1991-07-05 18:00:00,23.9,90,2.6,60,156,40,141
1991-07-05 19:00:00,23.3,94,1.5,60,82,8,80
1991-07-05 20:00:00,22.8,96,2.1,100,5,0,5
1991-07-05 21:00:00,22.2,100,0.0,0,0,0,0
1991-07-05 22:00:00,22.2,100,1.0,150,0,0,0
1991-07-05 23:00:00,22.2,100,2.6,80,0,0,0
1991-07-06 00:00:00,21.7,100,1.0,80,0,0,0
1991-07-06 01:00:00,21.7,96,1.0,180,0,0,0
1991-07-06 02:00:00,21.7,100,1.0,180,0,0,0
1991-07-06 03:00:00,21.1,100,1.0,210,0,0,0
1991-07-06 04:00:00,21.1,100,1.5,180,0,0,0
1991-07-06 05:00:00,21.1,100,0.5,150,0,0,0
1991-07-06 06:00:00,21.1,100,0.0,0,20,0,20
1991-07-06 07:00:00,22.2,97,2.1,190,60,0,60
1991-07-06 08:00:00,22.8,94,1.5,220,109,0,109
1991-07-06 09:00:00,23.9,88,1.5,240,154,0,154
1991-07-06 10:00:00,26.1,77,1.5,200,403,98,324
1991-07-06 11:00:00,28.3,65,2.1,310,755,602,216
1991-07-06 12:00:00,27.8,74,3.6,110,951,853,142
1991-07-06 13:00:00,28.3,74,4.1,150,936,811,163
1991-07-06 14:00:00,28.3,72,5.1,120,890,809,153
1991-07-06 15:00:00,28.3,74,5.1,140,753,652,216
1991-07-06 16:00:00,28.9,74,4.1,140,625,704,135
1991-07-06 17:00:00,28.3,77,4.1,130,474,608,148
1991-07-06 18:00:00,27.2,85,3.6,140,274,503,94
1991-07-06 19:00:00,27.8,82,4.1,200,92,137,68
1991-07-06 20:00:00,26.1,90,3.6,210,5,25,4
1991-07-06 21:00:00,25.6,87,3.6,210,0,0,0
1991-07-06 22:00:00,24.4,91,3.1,210,0,0,0
1991-07-06 23:00:00,24.4,82,3.6,220,0,0,0
1991-07-07 00:00:00,23.9,90,4.1,220,0,0,0
1991-07-07 01:00:00,23.3,97,4.1,230,0,0,0
1991-07-07 02:00:00,23.3,100,3.1,230,0,0,0
1991-07-07 03:00:00,23.3,97,3.6,230,0,0,0
1991-07-07 04:00:00,23.3,97,3.6,230,0,0,0
1991-07-07 05:00:00,23.3,97,2.6,210,0,0,0
1991-07-07 06:00:00,23.9,94,3.1,220,45,0,45
1991-07-07 07:00:00,25.6,87,4.1,240,105,0,105
1991-07-07 08:00:00,27.8,77,3.6,240,161,0,161
1991-07-07 09:00:00,30.0,65,3.1,250,221,0,221
1991-07-07 10:00:00,32.2,58,3.6,220,712,517,300
1991-07-07 11:00:00,33.3,56,4.6,250,857,617,305
1991-07-07 12:00:00,32.2,56,5.1,240,552,110,448
1991-07-07 13:00:00,24.4,85,4.1,20,279,0,279
1991-07-07 14:00:00,23.3,91,2.1,120,264,0,264
1991-07-07 15:00:00,21.1,87,3.1,180,233,0,233
1991-07-07 16:00:00,22.2,97,4.6,210,188,0,188
1991-07-07 17:00:00,23.3,91,6.2,210,211,44,187
1991-07-07 18:00:00,23.9,88,4.1,210,121,6,118
1991-07-07 19:00:00,22.8,94,3.1,220,60,3,59
1991-07-07 20:00:00,22.8,96,4.6,200,3,0,3
1991-07-07 21:00:00,22.8,96,4.6,200,0,0,0
1991-07-07 22:00:00,22.8,94,2.6,220,0,0,0
1991-07-07 23:00:00,22.8,94,2.1,260,0,0,0
1991-07-08 00:00:00,22.2,93,0.0,0,0,0,0
1991-07-08 01:00:00,21.1,100,0.0,0,0,0,0
1991-07-08 02:00:00,21.1,100,0.5,230,0,0,0
1991-07-08 03:00:00,23.3,94,2.6,270,0,0,0
1991-07-08 04:00:00,23.9,88,3.6,310,0,0,0
1991-07-08 05:00:00,22.2,93,1.0,150,0,0,0
1991-07-08 06:00:00,22.8,90,3.1,260,43,5,42
1991-07-08 07:00:00,24.4,82,4.1,260,118,35,107
1991-07-08 08:00:00,25.0,79,3.1,250,327,47,303
1991-07-08 09:00:00,23.9,84,5.7,350,173,0,173
1991-07-08 10:00:00,26.7,76,3.6,250,353,78,291
1991-07-08 11:00:00,30.6,61,6.2,260,649,133,530
1991-07-08 12:00:00,31.7,59,6.2,260,878,627,284
1991-07-08 13:00:00,32.8,54,5.7,250,923,645,309
1991-07-08 14:00:00,33.3,51,5.1,280,458,76,389
1991-07-08 15:00:00,33.3,52,7.2,290,499,215,323
1991-07-08 16:00:00,26.1,79,4.1,230,401,51,365
1991-07-08 17:00:00,25.0,79,3.6,220,163,0,163
1991-07-08 18:00:00,24.4,79,4.1,220,98,0,98
1991-07-08 19:00:00,23.9,82,5.1,220,61,8,60
1991-07-08 20:00:00,22.8,90,3.1,230,4,1,4
1991-07-08 21:00:00,23.3,87,2.6,280,0,0,0
1991-07-08 22:00:00,22.2,93,2.6,230,0,0,0
1991-07-08 23:00:00,22.2,93,1.5,250,0,0,0
1991-07-09 00:00:00,21.7,96,1.5,240,0,0,0
1991-07-09 01:00:00,21.7,96,2.1,260,0,0,0
1991-07-09 02:00:00,22.8,94,0.5,270,0,0,0
1991-07-09 03:00:00,22.8,90,1.5,330,0,0,0
1991-07-09 04:00:00,22.2,84,3.1,340,0,0,0
1991-07-09 05:00:00,21.1,73,2.1,350,0,1,0
1991-07-09 06:00:00,22.2,79,2.1,350,40,12,38
1991-07-09 07:00:00,22.2,79,2.6,350,208,72,186
1991-07-09 08:00:00,25.0,66,3.6,360,215,82,174
1991-07-09 09:00:00,25.6,58,4.6,20,538,183,417
1991-07-09 10:00:00,26.7,54,2.1,20,536,202,375
1991-07-09 11:00:00,27.2,53,2.1,20,580,403,220
1991-07-09 12:00:00,28.3,51,0.5,350,677,277,415
1991-07-09 13:00:00,29.4,43,4.1,300,475,70,408
1991-07-09 14:00:00,30.0,42,3.1,300,871,705,230
1991-07-09 15:00:00,30.0,42,2.6,320,790,667,242
1991-07-09 16:00:00,29.4,46,2.1,280,470,137,375
1991-07-09 17:00:00,28.3,48,2.6,320,259,185,160
1991-07-09 18:00:00,27.2,54,2.1,250,156,92,123
1991-07-09 19:00:00,26.1,60,1.5,260,54,30,49
1991-07-09 20:00:00,24.4,67,2.6,250,7,0,7
1991-07-09 21:00:00,23.9,74,1.5,250,0,0,0
1991-07-09 22:00:00,22.2,82,1.0,220,0,0,0
1991-07-09 23:00:00,22.2,76,2.6,240,0,0,0
1991-07-10 00:00:00,21.1,78,0.0,0,0,0,0
1991-07-10 01:00:00,22.2,73,0.5,290,0,0,0
1991-07-10 02:00:00,22.8,64,1.5,330,0,0,0
1991-07-10 03:00:00,22.8,61,2.1,320,0,0,0
1991-07-10 04:00:00,21.1,66,2.1,330,0,0,0
1991-07-10 05:00:00,21.1,63,1.5,350,1,0,1
1991-07-10 06:00:00,21.1,61,2.1,340,55,56,48
1991-07-10 07:00:00,21.7,66,1.0,350,136,86,109
1991-07-10 08:00:00,23.3,64,1.0,320,398,445,178
1991-07-10 09:00:00,23.9,64,2.1,250,396,124,314
1991-07-10 10:00:00,24.4,62,2.6,250,227,0,227
1991-07-10 11:00:00,23.9,60,3.1,270,259,0,259
1991-07-10 12:00:00,25.0,58,3.1,240,276,0,276
1991-07-10 13:00:00,26.7,49,4.1,240,277,0,277
1991-07-10 14:00:00,26.1,50,3.6,260,264,0,264
1991-07-10 15:00:00,26.1,48,3.6,260,236,0,236
1991-07-10 16:00:00,25.6,56,2.6,250,195,0,195
1991-07-10 17:00:00,25.0,64,2.1,250,143,0,143
1991-07-10 18:00:00,23.3,74,2.1,230,85,0,85
1991-07-10 19:00:00,22.8,73,2.6,240,40,0,40
1991-07-10 20:00:00,22.2,76,2.1,210,4,5,4
1991-07-10 21:00:00,21.7,81,2.1,260,0,0,0
1991-07-10 22:00:00,21.1,87,2.1,230,0,0,0
1991-07-10 23:00:00,20.6,90,1.5,240,0,0,0
1991-07-11 00:00:00,20.6,93,2.1,250,0,0,0
1991-07-11 01:00:00,20.0,96,1.5,240,0,0,0
1991-07-11 02:00:00,20.0,100,1.0,290,0,0,0
1991-07-11 03:00:00,20.0,100,1.0,250,0,0,0
1991-07-11 04:00:00,20.0,96,0.0,0,0,0,0
1991-07-11 05:00:00,20.6,93,1.5,310,0,0,0
1991-07-11 06:00:00,21.1,93,1.5,340,47,36,42
1991-07-11 07:00:00,22.8,84,3.1,350,193,267,110
1991-07-11 08:00:00,23.9,74,3.6,20,313,354,139
1991-07-11 09:00:00,25.6,58,4.6,30,550,490,228
1991-07-11 10:00:00,26.7,52,4.6,40,729,626,232
1991-07-11 11:00:00,27.2,51,4.1,60,799,606,259
1991-07-11 12:00:00,27.8,53,2.6,180,894,628,300
1991-07-11 13:00:00,28.3,43,1.5,170,903,652,283
1991-07-11 14:00:00,28.9,43,0.0,0,835,562,325
1991-07-11 15:00:00,28.3,44,1.5,120,756,627,241
1991-07-11 16:00:00,28.3,48,3.6,130,525,462,205
1991-07-11 17:00:00,26.7,56,3.6,130,429,473,177
1991-07-11 18:00:00,26.7,52,3.6,150,241,262,148
1991-07-11 19:00:00,24.4,64,2.6,140,75,107,57
1991-07-11 20:00:00,22.8,73,2.6,180,4,0,4
1991-07-11 21:00:00,22.2,73,1.5,180,0,0,0
1991-07-11 22:00:00,21.1,81,1.0,190,0,0,0
1991-07-11 23:00:00,21.1,87,1.0,200,0,0,0
1991-07-12 00:00:00,20.6,90,1.5,230,0,0,0
1991-07-12 01:00:00,20.6,90,1.5,230,0,0,0
1991-07-12 02:00:00,21.1,87,2.1,230,0,0,0
1991-07-12 03:00:00,20.0,87,1.0,230,0,0,0
1991-07-12 04:00:00,18.9,100,0.5,30,0,0,0
1991-07-12 05:00:00,20.0,96,0.0,0,0,2,0
1991-07-12 06:00:00,21.1,97,1.5,120,63,191,40
1991-07-12 07:00:00,23.9,90,2.1,130,179,256,100
1991-07-12 08:00:00,25.0,79,3.1,130,383,546,116
1991-07-12 09:00:00,25.6,79,2.1,140,590,569,217
1991-07-12 10:00:00,26.7,74,2.6,130,539,511,134
1991-07-12 11:00:00,26.7,74,4.1,120,448,104,354
1991-07-12 12:00:00,27.8,69,3.1,120,403,84,323
1991-07-12 13:00:00,28.3,65,3.1,140,458,138,326
1991-07-12 14:00:00,28.3,65,4.1,120,585,189,413
1991-07-12 15:00:00,27.8,72,4.6,140,759,730,161
1991-07-12 16:00:00,26.1,82,4.1,140,217,132,125
1991-07-12 17:00:00,26.7,71,3.1,170,137,0,137
1991-07-12 18:00:00,25.6,69,3.1,160,79,0,79
1991-07-12 19:00:00,24.4,71,2.6,180,32,0,32
1991-07-12 20:00:00,23.9,71,3.1,170,2,0,2
1991-07-12 21:00:00,23.9,71,3.6,190,0,0,0
1991-07-12 22:00:00,23.9,76,3.1,180,0,0,0
1991-07-12 23:00:00,23.9,82,3.1,190,0,0,0
1991-07-13 00:00:00,23.9,84,2.6,190,0,0,0
1991-07-13 01:00:00,23.9,84,3.1,180,0,0,0
1991-07-13 02:00:00,23.9,84,4.1,180,0,0,0
1991-07-13 03:00:00,23.9,88,4.6,180,0,0,0
1991-07-13 04:00:00,23.9,90,5.1,190,0,0,0
1991-07-13 05:00:00,23.9,90,6.2,190,0,0,0
1991-07-13 06:00:00,24.4,91,5.1,190,29,0,29
1991-07-13 07:00:00,25.0,90,7.7,200,61,0,61
1991-07-13 08:00:00,25.6,87,4.6,200,116,0,116
1991-07-13 09:00:00,25.6,87,6.2,210,172,0,172
1991-07-13 10:00:00,25.6,87,4.6,240,218,0,218
1991-07-13 11:00:00,26.7,82,2.6,250,252,0,252
1991-07-13 12:00:00,28.9,74,5.1,240,270,0,270
1991-07-13 13:00:00,28.9,72,4.6,260,272,0,272
1991-07-13 14:00:00,30.0,67,4.1,270,381,163,233
1991-07-13 15:00:00,30.6,65,3.1,250,565,194,406
1991-07-13 16:00:00,30.6,63,3.1,260,397,68,350
1991-07-13 17:00:00,31.1,63,4.6,250,178,115,117
1991-07-13 18:00:00,30.0,65,3.6,240,214,311,104
1991-07-13 19:00:00,28.3,72,3.1,210,74,108,57
1991-07-13 20:00:00,26.1,85,2.6,200,3,2,3
1991-07-13 21:00:00,26.7,76,2.6,210,0,0,0
1991-07-13 22:00:00,26.1,79,3.6,230,0,0,0
1991-07-13 23:00:00,25.6,82,2.6,350,0,0,0
1991-07-14 00:00:00,24.4,85,1.5,320,0,0,0
1991-07-14 01:00:00,22.8,96,0.0,0,0,0,0
1991-07-14 02:00:00,22.2,97,1.0,20,0,0,0
1991-07-14 03:00:00,22.2,93,1.5,330,0,0,0
1991-07-14 04:00:00,21.1,100,0.0,0,0,0,0
1991-07-14 05:00:00,21.7,93,1.5,350,0,3,0
1991-07-14 06:00:00,22.8,90,1.5,340,29,0,29
1991-07-14 07:00:00,23.9,84,4.6,350,214,500,61
1991-07-14 08:00:00,25.0,79,3.6,350,414,661,93
1991-07-14 09:00:00,26.1,72,3.1,330,418,90,359
1991-07-14 10:00:00,26.7,67,2.1,320,677,515,271
1991-07-14 11:00:00,26.7,60,2.6,340,527,199,349
1991-07-14 12:00:00,28.3,61,2.1,350,699,61,641
1991-07-14 13:00:00,28.9,59,2.6,350,290,66,228
1991-07-14 14:00:00,26.7,62,4.1,350,438,147,304
1991-07-14 15:00:00,28.9,57,3.6,340,576,148,455
1991-07-14 16:00:00,27.2,56,3.1,350,460,65,414
1991-07-14 17:00:00,28.3,51,3.6,340,447,605,126
1991-07-14 18:00:00,27.8,51,3.1,10,134,12,130
1991-07-14 19:00:00,26.1,56,1.0,340,78,206,44
1991-07-14 20:00:00,24.4,62,0.0,0,4,29,3
1991-07-14 21:00:00,23.9,66,1.0,270,0,0,0
1991-07-14 22:00:00,23.3,64,1.0,240,0,0,0
1991-07-14 23:00:00,21.7,76,0.0,0,0,0,0
1991-07-15 00:00:00,20.6,78,0.0,0,0,0,0
1991-07-15 01:00:00,22.2,71,0.0,0,0,0,0
1991-07-15 02:00:00,20.0,84,1.5,350,0,0,0
1991-07-15 03:00:00,18.9,90,2.1,20,0,0,0
1991-07-15 04:00:00,18.9,87,2.1,20,0,0,0
1991-07-15 05:00:00,18.3,87,1.5,360,0,0,0
1991-07-15 06:00:00,20.0,81,2.1,360,50,87,40
1991-07-15 07:00:00,22.2,71,4.1,360,196,369,84
1991-07-15 08:00:00,23.9,60,3.1,10,366,492,127
1991-07-15 09:00:00,25.0,54,3.6,10,556,617,155
1991-07-15 10:00:00,26.7,44,3.1,10,719,679,184
1991-07-15 11:00:00,27.8,41,3.1,10,828,717,192
1991-07-15 12:00:00,28.3,43,1.5,40,903,727,218
1991-07-15 13:00:00,29.4,39,4.1,340,904,741,201
1991-07-15 14:00:00,28.3,40,4.1,50,860,708,219
1991-07-15 15:00:00,28.9,38,3.6,360,751,696,182
1991-07-15 16:00:00,29.4,40,2.6,40,623,593,214
1991-07-15 17:00:00,30.0,36,2.1,350,431,550,140
1991-07-15 18:00:00,28.3,38,3.6,20,233,384,99
1991-07-15 19:00:00,25.6,47,2.1,30,79,164,52
1991-07-15 20:00:00,23.9,51,0.5,40,3,1,3
1991-07-15 21:00:00,22.8,59,0.5,220,0,0,0
1991-07-15 22:00:00,22.2,66,1.5,230,0,0,0
1991-07-15 23:00:00,18.9,84,0.5,180,0,0,0
1991-07-16 00:00:00,18.9,87,0.5,180,0,0,0
1991-07-16 01:00:00,17.8,93,0.0,0,0,0,0
1991-07-16 02:00:00,18.3,90,0.0,0,0,0,0
1991-07-16 03:00:00,17.8,93,0.0,0,0,0,0
1991-07-16 04:00:00,17.8,93,0.0,0,0,0,0
1991-07-16 05:00:00,18.3,90,0.0,0,0,0,0
1991-07-16 06:00:00,20.0,84,0.0,0,45,54,39
1991-07-16 07:00:00,22.8,73,0.0,0,170,251,95
1991-07-16 08:00:00,26.7,49,1.0,260,376,447,160
1991-07-16 09:00:00,27.8,49,0.5,240,464,415,195
1991-07-16 10:00:00,28.3,53,1.5,210,758,715,195
1991-07-16 11:00:00,28.9,55,1.5,210,878,752,212
1991-07-16 12:00:00,29.4,50,2.1,150,928,749,223
1991-07-16 13:00:00,30.0,50,3.1,140,892,562,359
1991-07-16 14:00:00,30.6,46,4.1,150,855,683,237
1991-07-16 15:00:00,30.0,43,3.6,140,755,651,223
1991-07-16 16:00:00,29.4,55,4.1,150,601,625,171
1991-07-16 17:00:00,29.4,50,3.1,160,425,455,184
1991-07-16 18:00:00,28.3,53,2.1,160,236,318,125
1991-07-16 19:00:00,26.1,58,3.1,190,72,124,52
1991-07-16 20:00:00,23.3,71,2.6,200,3,1,3
1991-07-16 21:00:00,22.8,76,3.6,200,0,0,0
1991-07-16 22:00:00,22.8,76,4.1,210,0,0,0
1991-07-16 23:00:00,21.7,76,3.1,210,0,0,0
1991-07-17 00:00:00,21.1,78,3.6,230,0,0,0
1991-07-17 01:00:00,20.6,78,3.1,220,0,0,0
1991-07-17 02:00:00,20.0,84,2.6,240,0,0,0
1991-07-17 03:00:00,20.0,84,2.1,230,0,0,0
1991-07-17 04:00:00,19.4,90,3.1,230,0,0,0
1991-07-17 05:00:00,19.4,93,2.1,210,0,2,0
1991-07-17 06:00:00,20.0,90,2.1,210,37,54,31
1991-07-17 07:00:00,22.2,91,2.6,230,161,225,94
1991-07-17 08:00:00,25.6,85,3.6,250,376,523,124
1991-07-17 09:00:00,27.8,79,3.6,250,586,706,128
1991-07-17 10:00:00,30.0,67,4.6,260,736,687,196
1991-07-17 11:00:00,31.7,54,3.6,270,792,663,205
1991-07-17 12:00:00,31.7,54,3.6,250,808,665,183
1991-07-17 13:00:00,32.8,50,4.1,210,872,725,185
1991-07-17 14:00:00,32.8,45,4.1,230,869,758,183
1991-07-17 15:00:00,32.8,49,4.1,270,773,757,155
1991-07-17 16:00:00,32.2,49,5.1,270,624,702,141
1991-07-17 17:00:00,31.7,50,5.1,240,461,639,124
1991-07-17 18:00:00,30.6,55,4.1,250,230,365,103
1991-07-17 19:00:00,28.3,70,4.1,230,86,261,44
1991-07-17 20:00:00,26.7,82,4.1,220,3,9,2
1991-07-17 21:00:00,25.6,90,4.6,220,0,0,0
1991-07-17 22:00:00,25.0,94,5.7,220,0,0,0
1991-07-17 23:00:00,24.4,97,5.1,220,0,0,0
1991-07-18 00:00:00,23.9,100,4.6,220,0,0,0
1991-07-18 01:00:00,23.3,100,3.6,220,0,0,0
1991-07-18 02:00:00,22.8,100,4.1,230,0,0,0
1991-07-18 03:00:00,22.8,100,4.1,230,0,0,0
1991-07-18 04:00:00,22.2,100,3.6,230,0,0,0
1991-07-18 05:00:00,22.2,100,2.6,240,0,0,0
1991-07-18 06:00:00,22.8,100,2.6,240,40,8,39
1991-07-18 07:00:00,24.4,100,3.1,250,67,28,59
1991-07-18 08:00:00,26.1,100,4.1,250,223,83,183
1991-07-18 09:00:00,28.9,85,2.1,260,306,96,244
1991-07-18 10:00:00,31.1,78,1.0,240,710,698,163
1991-07-18 11:00:00,32.2,73,2.6,230,842,735,192
1991-07-18 12:00:00,33.9,60,3.1,240,869,650,259
1991-07-18 13:00:00,35.0,58,2.6,230,936,797,182
1991-07-18 14:00:00,35.0,53,4.6,260,847,752,168
1991-07-18 15:00:00,35.0,51,4.6,230,564,222,382
1991-07-18 16:00:00,34.4,53,5.1,220,313,112,235
1991-07-18 17:00:00,33.9,58,5.7,240,204,113,144
1991-07-18 18:00:00,32.2,68,3.6,230,97,0,97
1991-07-18 19:00:00,30.0,80,3.6,200,40,14,38
1991-07-18 20:00:00,28.3,91,4.1,210,2,0,2
1991-07-18 21:00:00,27.2,100,3.6,210,0,0,0
1991-07-18 22:00:00,27.2,79,3.6,210,0,0,0
1991-07-18 23:00:00,27.2,79,3.6,220,0,0,0
1991-07-19 00:00:00,27.2,77,3.6,220,0,0,0
1991-07-19 01:00:00,26.1,82,2.6,220,0,0,0
1991-07-19 02:00:00,25.6,85,4.1,220,0,0,0
1991-07-19 03:00:00,25.6,85,3.6,220,0,0,0
1991-07-19 04:00:00,25.6,87,4.6,210,0,0,0
1991-07-19 05:00:00,24.4,91,3.6,210,0,0,0
1991-07-19 06:00:00,28.3,72,3.6,220,42,17,40
1991-07-19 07:00:00,27.2,79,4.6,230,180,113,146
1991-07-19 08:00:00,28.9,70,3.6,230,290,230,179
1991-07-19 09:00:00,28.9,70,3.6,230,503,436,222
1991-07-19 10:00:00,30.0,67,4.1,220,554,369,265
1991-07-19 11:00:00,31.1,61,3.6,210,842,701,223
1991-07-19 12:00:00,32.8,56,2.1,240,892,645,287
1991-07-19 13:00:00,33.3,52,3.1,230,456,193,273
1991-07-19 14:00:00,33.3,51,2.6,230,695,309,416
1991-07-19 15:00:00,33.3,52,3.6,240,288,91,213
1991-07-19 16:00:00,32.2,56,4.6,210,412,225,258
1991-07-19 17:00:00,31.7,54,3.6,230,410,195,308
1991-07-19 18:00:00,30.6,63,3.1,220,160,132,114
1991-07-19 19:00:00,30.0,65,3.1,220,66,25,62
1991-07-19 20:00:00,27.8,74,2.1,210,2,0,2
1991-07-19 21:00:00,26.7,82,3.1,210,0,0,0
1991-07-19 22:00:00,27.2,79,4.1,230,0,0,0
1991-07-19 23:00:00,26.7,82,3.1,250,0,0,0
1991-07-20 00:00:00,25.6,85,3.1,240,0,0,0
1991-07-20 01:00:00,25.6,85,3.1,250,0,0,0
1991-07-20 02:00:00,25.0,90,2.6,240,0,0,0
1991-07-20 03:00:00,24.4,94,2.6,220,0,0,0
1991-07-20 04:00:00,24.4,94,3.6,230,0,0,0
1991-07-20 05:00:00,23.9,94,3.1,230,0,0,0
1991-07-20 06:00:00,24.4,94,3.6,240,36,0,36
1991-07-20 07:00:00,25.6,87,3.6,250,124,4,122
1991-07-20 08:00:00,27.8,79,3.6,260,186,10,181
1991-07-20 09:00:00,29.4,75,2.6,260,268,40,242
1991-07-20 10:00:00,31.1,61,1.0,320,652,420,324
1991-07-20 11:00:00,32.8,56,1.5,320,790,445,398
1991-07-20 12:00:00,33.9,54,1.5,60,575,43,534
1991-07-20 13:00:00,33.3,54,0.0,0,589,7,582
1991-07-20 14:00:00,32.2,59,1.5,110,496,112,394
1991-07-20 15:00:00,29.4,61,3.1,120,466,98,386
1991-07-20 16:00:00,34.4,49,1.5,210,555,375,298
1991-07-20 17:00:00,34.4,51,2.6,230,198,0,198
1991-07-20 18:00:00,33.3,52,2.6,250,127,0,127
1991-07-20 19:00:00,31.7,61,2.6,250,55,0,55
1991-07-20 20:00:00,30.0,61,1.5,240,2,0,2
1991-07-20 21:00:00,28.3,67,2.1,250,0,0,0
1991-07-20 22:00:00,27.2,74,2.1,230,0,0,0
1991-07-20 23:00:00,27.2,77,1.5,230,0,0,0
1991-07-21 00:00:00,26.7,82,2.1,250,0,0,0
1991-07-21 01:00:00,25.6,90,1.5,250,0,0,0
1991-07-21 02:00:00,25.6,90,1.5,250,0,0,0
1991-07-21 03:00:00,25.6,93,2.1,250,0,0,0
1991-07-21 04:00:00,26.1,85,1.0,280,0,0,0
1991-07-21 05:00:00,25.6,87,0.5,260,0,2,0
1991-07-21 06:00:00,26.7,82,1.5,250,40,9,39
1991-07-21 07:00:00,27.2,77,2.6,270,143,34,133
1991-07-21 08:00:00,28.9,70,2.1,260,162,73,127
1991-07-21 09:00:00,30.6,63,3.1,260,343,86,288
1991-07-21 10:00:00,33.3,54,2.1,260,472,86,404
1991-07-21 11:00:00,34.4,49,2.6,280,623,245,407
1991-07-21 12:00:00,37.2,38,3.1,280,602,206,408
1991-07-21 13:00:00,37.2,35,4.1,300,393,118,281
1991-07-21 14:00:00,37.8,37,3.6,260,622,237,407
1991-07-21 15:00:00,37.2,38,5.1,260,652,242,455
1991-07-21 16:00:00,37.2,37,3.1,320,353,80,298
1991-07-21 17:00:00,35.6,42,4.6,250,206,18,196
1991-07-21 18:00:00,33.9,49,3.1,240,251,409,111
1991-07-21 19:00:00,32.2,54,2.1,230,38,13,36
1991-07-21 20:00:00,27.2,72,8.2,270,1,0,1
1991-07-21 21:00:00,26.1,74,2.6,240,0,0,0
1991-07-21 22:00:00,25.0,82,6.2,250,0,0,0
1991-07-21 23:00:00,24.4,88,3.1,250,0,0,0
1991-07-22 00:00:00,23.9,90,1.0,280,0,0,0
1991-07-22 01:00:00,23.9,90,0.0,0,0,0,0
1991-07-22 02:00:00,23.9,90,1.0,360,0,0,0
1991-07-22 03:00:00,24.4,88,0.0,0,0,0,0
1991-07-22 04:00:00,23.9,96,1.5,350,0,0,0
1991-07-22 05:00:00,22.8,94,0.0,0,0,0,0
1991-07-22 06:00:00,24.4,88,0.0,0,41,23,39
1991-07-22 07:00:00,26.7,85,0.5,350,167,229,100
1991-07-22 08:00:00,28.3,74,0.5,50,355,460,137
1991-07-22 09:00:00,30.6,65,1.5,40,544,509,218
1991-07-22 10:00:00,30.6,57,2.1,70,704,635,209
1991-07-22 11:00:00,31.7,57,3.1,100,825,688,221
1991-07-22 12:00:00,32.8,54,1.5,120,880,713,213
1991-07-22 13:00:00,33.3,54,3.6,130,903,635,305
1991-07-22 14:00:00,29.4,68,3.6,130,559,139,433
1991-07-22 15:00:00,28.9,72,3.1,150,454,41,421
1991-07-22 16:00:00,28.9,72,2.1,140,221,107,148
1991-07-22 17:00:00,28.3,77,3.6,150,202,61,170
1991-07-22 18:00:00,28.3,74,3.1,180,156,19,149
1991-07-22 19:00:00,28.3,77,0.5,170,47,3,46
1991-07-22 20:00:00,26.1,85,2.1,180,3,0,3
1991-07-22 21:00:00,26.1,85,2.6,180,0,0,0
1991-07-22 22:00:00,25.0,88,3.1,190,0,0,0
1991-07-22 23:00:00,25.0,90,2.1,210,0,0,0
1991-07-23 00:00:00,25.0,94,2.6,210,0,0,0
1991-07-23 01:00:00,25.0,94,4.1,210,0,0,0
1991-07-23 02:00:00,25.0,94,2.6,230,0,0,0
1991-07-23 03:00:00,25.0,94,3.1,230,0,0,0
1991-07-23 04:00:00,25.0,90,3.6,240,0,0,0
1991-07-23 05:00:00,25.0,88,3.1,240,0,0,0
1991-07-23 06:00:00,25.0,88,3.1,240,36,3,35
1991-07-23 07:00:00,26.7,79,3.1,240,74,0,74
1991-07-23 08:00:00,28.9,70,4.1,250,336,484,108
1991-07-23 09:00:00,31.1,61,4.6,260,579,670,151
1991-07-23 10:00:00,33.9,54,5.1,280,748,795,130
1991-07-23 11:00:00,35.0,49,5.1,250,865,824,141
1991-07-23 12:00:00,35.6,48,4.1,290,930,839,147
1991-07-23 13:00:00,36.1,46,4.6,220,914,742,216
1991-07-23 14:00:00,37.8,42,4.1,220,850,664,254
1991-07-23 15:00:00,37.8,42,6.2,230,761,712,185
1991-07-23 16:00:00,36.7,36,6.2,220,622,676,162
1991-07-23 17:00:00,35.6,43,6.7,230,414,485,162
1991-07-23 18:00:00,34.4,49,4.6,230,221,394,88
1991-07-23 19:00:00,32.2,54,5.7,20,30,0,30
1991-07-23 20:00:00,25.6,79,3.1,50,1,0,1
1991-07-23 21:00:00,26.7,74,0.5,350,0,0,0
1991-07-23 22:00:00,25.0,82,4.6,10,0,0,0
1991-07-23 23:00:00,24.4,85,0.5,40,0,0,0
1991-07-24 00:00:00,25.0,84,0.5,240,0,0,0
1991-07-24 01:00:00,24.4,88,0.5,280,0,0,0
1991-07-24 02:00:00,23.9,90,2.1,350,0,0,0
1991-07-24 03:00:00,25.0,82,2.6,320,0,0,0
1991-07-24 04:00:00,24.4,82,4.6,340,0,0,0
1991-07-24 05:00:00,24.4,79,4.6,340,0,0,0
1991-07-24 06:00:00,24.4,79,3.6,340,37,4,36
1991-07-24 07:00:00,25.0,77,4.6,350,177,81,154
1991-07-24 08:00:00,26.7,69,4.1,360,268,184,182
1991-07-24 09:00:00,26.7,60,3.1,350,434,128,352
1991-07-24 10:00:00,28.3,57,3.6,20,637,292,410
1991-07-24 11:00:00,29.4,48,3.1,350,788,435,406
1991-07-24 12:00:00,31.7,39,3.6,330,852,603,289
1991-07-24 13:00:00,31.7,35,2.6,280,851,588,299
1991-07-24 14:00:00,32.2,34,2.6,290,808,587,281
1991-07-24 15:00:00,32.2,34,1.5,290,717,556,268
1991-07-24 16:00:00,30.6,43,1.0,170,552,477,228
1991-07-24 17:00:00,30.0,48,2.1,120,390,398,184
1991-07-24 18:00:00,28.9,51,2.1,120,199,237,120
1991-07-24 19:00:00,27.2,54,3.1,150,63,48,56
1991-07-24 20:00:00,25.0,71,2.1,160,1,0,1
1991-07-24 21:00:00,24.4,76,2.1,180,0,0,0
1991-07-24 22:00:00,23.9,79,2.6,170,0,0,0
1991-07-24 23:00:00,23.9,84,3.1,170,0,0,0
1991-07-25 00:00:00,23.9,88,2.6,180,0,0,0
1991-07-25 01:00:00,23.9,88,2.6,180,0,0,0
1991-07-25 02:00:00,23.9,90,2.1,170,0,0,0
1991-07-25 03:00:00,23.3,97,2.1,170,0,0,0
1991-07-25 04:00:00,23.3,97,2.1,180,0,0,0
1991-07-25 05:00:00,23.9,96,1.5,250,0,0,0
1991-07-25 06:00:00,23.3,85,0.5,300,29,1,29
1991-07-25 07:00:00,22.8,94,2.6,170,81,27,73
1991-07-25 08:00:00,26.7,74,2.6,170,249,85,209
1991-07-25 09:00:00,23.3,91,5.1,300,379,251,220
1991-07-25 10:00:00,21.7,96,1.5,150,251,66,199
1991-07-25 11:00:00,24.4,88,3.1,110,315,76,248
1991-07-25 12:00:00,25.6,79,2.1,120,267,0,267
1991-07-25 13:00:00,23.3,97,3.1,180,269,0,269
1991-07-25 14:00:00,22.2,97,3.6,120,255,0,255
1991-07-25 15:00:00,26.1,88,3.1,100,312,44,276
1991-07-25 16:00:00,27.8,74,3.1,150,368,165,256
1991-07-25 17:00:00,25.0,90,2.6,140,127,0,127
1991-07-25 18:00:00,24.4,94,0.0,0,87,0,87
1991-07-25 19:00:00,23.9,94,0.0,0,41,0,41
1991-07-25 20:00:00,23.3,97,1.5,190,1,0,1
1991-07-25 21:00:00,23.9,96,0.5,300,0,0,0
1991-07-25 22:00:00,22.8,100,0.0,0,0,0,0
1991-07-25 23:00:00,22.2,100,0.0,0,0,0,0
1991-07-26 00:00:00,22.2,100,0.0,0,0,0,0
1991-07-26 01:00:00,22.8,100,0.0,0,0,0,0
1991-07-26 02:00:00,22.8,100,0.0,0,0,0,0
1991-07-26 03:00:00,22.2,100,0.0,0,0,0,0
1991-07-26 04:00:00,22.2,100,0.0,0,0,0,0
1991-07-26 05:00:00,21.7,100,0.0,0,0,0,0
1991-07-26 06:00:00,22.8,100,0.0,0,28,3,28
1991-07-26 07:00:00,24.4,97,0.5,150,121,152,78
1991-07-26 08:00:00,26.7,87,1.5,160,150,37,133
1991-07-26 09:00:00,27.8,79,1.0,170,364,76,316
1991-07-26 10:00:00,27.8,82,2.1,120,489,84,424
1991-07-26 11:00:00,27.8,82,1.5,130,562,118,458
1991-07-26 12:00:00,27.2,74,5.1,120,261,106,163
1991-07-26 13:00:00,23.9,94,4.1,130,782,386,420
1991-07-26 14:00:00,25.0,94,0.0,0,255,0,255
1991-07-26 15:00:00,24.4,97,1.0,200,263,76,201
1991-07-26 16:00:00,27.8,77,0.0,0,305,78,252
1991-07-26 17:00:00,26.7,87,0.0,0,126,0,126
1991-07-26 18:00:00,23.3,97,1.0,320,57,0,57
1991-07-26 19:00:00,23.9,94,2.1,320,28,0,28
1991-07-26 20:00:00,23.9,94,2.1,310,0,0,0
1991-07-26 21:00:00,22.8,96,2.6,330,0,0,0
1991-07-26 22:00:00,22.2,97,3.6,350,0,0,0
1991-07-26 23:00:00,22.2,97,2.1,350,0,0,0
1991-07-27 00:00:00,21.7,96,2.1,360,0,0,0
1991-07-27 01:00:00,21.7,93,3.1,360,0,0,0
1991-07-27 02:00:00,21.7,93,2.6,360,0,0,0
1991-07-27 03:00:00,21.7,96,2.6,360,0,0,0
1991-07-27 04:00:00,21.7,96,2.6,10,0,0,0
1991-07-27 05:00:00,21.7,96,3.1,10,0,0,0
1991-07-27 06:00:00,21.1,93,4.1,20,37,4,36
1991-07-27 07:00:00,20.6,96,5.1,30,124,53,109
1991-07-27 08:00:00,20.0,96,3.1,20,206,118,151
1991-07-27 09:00:00,18.9,100,5.1,20,331,198,206
1991-07-27 10:00:00,19.4,93,5.1,50,529,169,398
1991-07-27 11:00:00,18.9,93,3.1,80,676,342,377
1991-07-27 12:00:00,18.9,96,3.1,70,654,252,420
1991-07-27 13:00:00,19.4,97,1.0,30,679,218,476
1991-07-27 14:00:00,20.6,90,3.1,100,440,193,268
1991-07-27 15:00:00,20.6,84,3.1,80,435,255,230
1991-07-27 16:00:00,21.1,84,1.5,70,317,81,263
1991-07-27 17:00:00,21.7,79,1.0,20,282,238,160
1991-07-27 18:00:00,21.7,84,0.0,0,123,42,109
1991-07-27 19:00:00,21.1,84,1.0,140,67,42,61
1991-07-27 20:00:00,20.6,87,0.0,0,1,0,1
1991-07-27 21:00:00,20.6,93,0.0,0,0,0,0
1991-07-27 22:00:00,20.6,90,1.0,350,0,0,0
1991-07-27 23:00:00,19.4,93,2.1,350,0,0,0
1991-07-28 00:00:00,19.4,93,2.1,340,0,0,0
1991-07-28 01:00:00,18.3,97,2.6,330,0,0,0
1991-07-28 02:00:00,18.3,90,1.5,340,0,0,0
1991-07-28 03:00:00,17.2,93,2.1,350,0,0,0
1991-07-28 04:00:00,16.7,93,1.5,360,0,0,0
1991-07-28 05:00:00,16.1,97,2.1,360,0,0,0
1991-07-28 06:00:00,17.8,96,1.5,350,33,59,28
1991-07-28 07:00:00,20.0,90,2.6,350,164,316,77
1991-07-28 08:00:00,23.3,74,4.1,10,352,501,120
1991-07-28 09:00:00,24.4,67,4.1,50,524,581,158
1991-07-28 10:00:00,25.6,58,4.6,50,714,669,199
1991-07-28 11:00:00,26.7,51,3.1,70,789,680,196
1991-07-28 12:00:00,27.2,51,3.1,110,848,610,282
1991-07-28 13:00:00,27.2,47,3.1,130,835,585,289
1991-07-28 14:00:00,27.2,47,2.6,120,380,96,294
1991-07-28 15:00:00,27.8,49,1.5,140,401,6,396
1991-07-28 16:00:00,27.2,47,2.6,160,583,599,181
1991-07-28 17:00:00,26.7,54,3.6,140,383,471,143
1991-07-28 18:00:00,23.9,71,2.6,150,121,34,109
1991-07-28 19:00:00,23.3,74,1.5,150,41,0,41
1991-07-28 20:00:00,21.7,79,1.0,150,1,0,1
1991-07-28 21:00:00,21.1,81,0.5,140,0,0,0
1991-07-28 22:00:00,21.7,81,1.0,140,0,0,0
1991-07-28 23:00:00,21.7,84,0.5,140,0,0,0
1991-07-29 00:00:00,21.1,84,1.5,120,0,0,0
1991-07-29 01:00:00,21.7,81,1.0,130,0,0,0
1991-07-29 02:00:00,21.7,79,1.5,120,0,0,0
1991-07-29 03:00:00,22.2,71,2.1,100,0,0,0
1991-07-29 04:00:00,22.8,68,2.1,60,0,0,0
1991-07-29 05:00:00,22.8,73,3.1,80,0,0,0
1991-07-29 06:00:00,22.8,76,3.1,70,32,10,32
1991-07-29 07:00:00,22.8,76,2.1,50,167,138,129
1991-07-29 08:00:00,23.3,74,3.6,60,245,128,187
1991-07-29 09:00:00,23.9,74,4.6,80,261,123,184
1991-07-29 10:00:00,23.9,74,5.7,50,556,283,338
1991-07-29 11:00:00,23.9,71,4.6,60,726,388,389
1991-07-29 12:00:00,23.3,62,6.2,80,791,434,390
1991-07-29 13:00:00,23.3,60,7.2,90,742,458,315
1991-07-29 14:00:00,22.2,68,8.2,90,781,459,372
1991-07-29 15:00:00,23.3,71,5.1,100,673,480,288
1991-07-29 16:00:00,22.8,68,5.7,80,504,347,271
1991-07-29 17:00:00,22.2,73,3.6,90,294,208,188
1991-07-29 18:00:00,21.7,70,3.1,90,173,206,106
1991-07-29 19:00:00,21.1,73,2.6,60,60,43,54
1991-07-29 20:00:00,20.0,70,2.6,80,1,0,1
1991-07-29 21:00:00,20.0,76,1.0,80,0,0,0
1991-07-29 22:00:00,20.0,78,1.0,80,0,0,0
1991-07-29 23:00:00,20.0,73,1.0,40,0,0,0
1991-07-30 00:00:00,20.0,73,0.0,0,0,0,0
1991-07-30 01:00:00,17.8,87,0.0,0,0,0,0
1991-07-30 02:00:00,17.2,90,0.0,0,0,0,0
1991-07-30 03:00:00,18.9,87,0.0,0,0,0,0
1991-07-30 04:00:00,18.9,87,0.0,0,0,0,0
1991-07-30 05:00:00,18.9,87,0.0,0,0,0,0
1991-07-30 06:00:00,18.9,87,0.5,350,21,0,21
1991-07-30 07:00:00,20.0,84,0.5,10,68,0,68
1991-07-30 08:00:00,21.7,70,1.5,20,109,0,109
1991-07-30 09:00:00,22.8,61,1.0,20,163,0,163
1991-07-30 10:00:00,22.8,64,0.5,60,212,0,212
1991-07-30 11:00:00,23.3,64,2.1,80,247,0,247
1991-07-30 12:00:00,24.4,62,2.6,110,267,0,267
1991-07-30 13:00:00,23.9,69,2.6,150,269,0,269
1991-07-30 14:00:00,24.4,67,1.5,140,254,0,254
1991-07-30 15:00:00,24.4,67,3.1,150,223,0,223
1991-07-30 16:00:00,23.3,76,1.5,140,177,0,177
1991-07-30 17:00:00,23.9,76,2.1,150,243,126,179
1991-07-30 18:00:00,22.8,81,1.0,160,79,0,79
1991-07-30 19:00:00,22.8,81,1.0,140,35,0,35
1991-07-30 20:00:00,21.7,90,1.0,160,0,0,0
1991-07-30 21:00:00,22.2,87,0.5,140,0,0,0
1991-07-30 22:00:00,21.7,90,0.5,150,0,0,0
1991-07-30 23:00:00,21.1,93,1.0,160,0,0,0
1991-07-31 00:00:00,21.1,93,0.0,0,0,0,0
1991-07-31 01:00:00,21.7,93,0.0,0,0,0,0
1991-07-31 02:00:00,21.1,93,0.0,0,0,0,0
1991-07-31 03:00:00,21.1,97,0.0,0,0,0,0
1991-07-31 04:00:00,21.1,97,0.0,0,0,0,0
1991-07-31 05:00:00,21.1,97,0.0,0,0,0,0
1991-07-31 06:00:00,21.7,93,0.0,0,19,0,19
1991-07-31 07:00:00,22.2,93,0.0,0,52,0,52
1991-07-31 08:00:00,23.3,87,0.0,0,109,0,109
1991-07-31 09:00:00,23.9,84,0.5,270,165,0,165
1991-07-31 10:00:00,24.4,85,0.5,250,158,14,147
1991-07-31 11:00:00,26.1,74,0.0,0,620,73,556
1991-07-31 12:00:00,26.1,77,2.1,130,502,323,203
1991-07-31 13:00:00,26.1,77,1.0,110,471,98,379
1991-07-31 14:00:00,26.7,76,2.1,160,383,88,304
1991-07-31 15:00:00,26.7,74,3.1,150,439,188,289
1991-07-31 16:00:00,27.8,69,2.1,120,580,649,148
1991-07-31 17:00:00,26.7,74,3.1,120,430,565,145
1991-07-31 18:00:00,25.6,85,1.0,140,208,367,91
1991-07-31 19:00:00,23.9,94,0.5,150,57,137,40
1991-07-31 20:00:00,23.3,94,0.5,160,0,1,0
1991-07-31 21:00:00,22.2,97,0.5,170,0,0,0
1991-07-31 22:00:00,22.1,97,0.4,170,0,0,0
1991-07-31 23:00:00,22.0,100,0.4,0,0,0,0
1991-08-01 00:00:00,21.9,100,0.3,170,0,0,0
1994-08-01 01:00:00,21.9,100,0.2,0,0,0,0
1994-08-01 02:00:00,21.8,100,0.1,0,0,0,0
1994-08-01 03:00:00,21.7,100,0.1,0,0,0,0
1994-08-01 04:00:00,21.6,100,0.0,0,0,0,0
1994-08-01 05:00:00,21.6,100,1.0,180,0,0,0
1994-08-01 06:00:00,22.2,100,0.0,0,28,0,28
1994-08-01 07:00:00,23.3,96,1.0,200,121,83,98
1994-08-01 08:00:00,24.4,96,0.5,190,235,180,154
1994-08-01 09:00:00,26.1,85,1.0,230,479,262,315
1994-08-01 10:00:00,27.2,85,1.5,230,597,381,306
1994-08-01 11:00:00,28.8,70,3.0,210,419,222,227
1994-08-01 12:00:00,28.8,72,3.0,190,303,66,242
1994-08-01 13:00:00,31.1,65,2.5,210,658,307,373
1994-08-01 14:00:00,27.7,77,4.1,130,668,311,393
1994-08-01 15:00:00,23.3,94,2.0,50,368,52,326
1994-08-01 16:00:00,23.3,96,0.5,120,226,54,190
1994-08-01 17:00:00,25.5,88,0.5,80,172,43,150
1994-08-01 18:00:00,26.6,85,0.5,110,105,14,100
1994-08-01 19:00:00,23.8,85,1.5,180,43,1,43
1994-08-01 20:00:00,22.7,91,2.0,190,0,0,0
1994-08-01 21:00:00,22.7,91,1.5,200,0,0,0
1994-08-01 22:00:00,23.3,87,1.5,240,0,0,0
1994-08-01 23:00:00,22.7,91,0.0,0,0,0,0
1994-08-02 00:00:00,22.2,96,0.0,0,0,0,0
1994-08-02 01:00:00,22.7,94,1.0,210,0,0,0
1994-08-02 02:00:00,22.2,96,0.0,0,0,0,0
1994-08-02 03:00:00,21.6,100,0.0,0,0,0,0
1994-08-02 04:00:00,21.6,100,0.0,0,0,0,0
1994-08-02 05:00:00,21.6,100,0.0,0,0,0,0
1994-08-02 06:00:00,22.2,96,0.0,0,26,12,25
1994-08-02 07:00:00,22.7,100,1.0,200,128,174,82
1994-08-02 08:00:00,24.4,94,0.5,180,215,225,113
1994-08-02 09:00:00,26.6,79,0.0,0,510,441,236
1994-08-02 10:00:00,27.7,72,1.0,150,615,437,282
1994-08-02 11:00:00,28.8,72,1.0,60,685,478,272
1994-08-02 12:00:00,28.8,70,3.0,110,806,507,339
1994-08-02 13:00:00,27.2,90,1.5,120,912,691,273
1994-08-02 14:00:00,27.2,76,4.1,120,646,413,282
1994-08-02 15:00:00,23.3,87,5.1,180,680,449,324
1994-08-02 16:00:00,22.2,93,3.0,240,497,422,218
1994-08-02 17:00:00,22.2,93,0.5,230,194,78,155
1994-08-02 18:00:00,22.2,96,1.0,230,207,309,110
1994-08-02 19:00:00,22.7,91,0.0,0,59,59,51
1994-08-02 20:00:00,22.7,94,0.0,0,0,0,0
1994-08-02 21:00:00,22.2,96,0.0,0,0,0,0
1994-08-02 22:00:00,22.2,96,0.0,0,0,0,0
1994-08-02 23:00:00,22.7,97,0.0,0,0,0,0
1994-08-03 00:00:00,22.7,97,0.0,0,0,0,0
1994-08-03 01:00:00,22.2,100,0.0,0,0,0,0
1994-08-03 02:00:00,22.7,100,0.0,0,0,0,0
1994-08-03 03:00:00,22.2,100,0.0,0,0,0,0
1994-08-03 04:00:00,22.2,100,0.0,0,0,0,0
1994-08-03 05:00:00,22.7,100,0.0,0,0,0,0
1994-08-03 06:00:00,22.7,100,0.0,0,25,3,25
1994-08-03 07:00:00,23.8,94,0.0,0,138,148,100
1994-08-03 08:00:00,24.4,90,1.0,340,252,219,154
1994-08-03 09:00:00,25.0,84,1.0,270,405,200,282
1994-08-03 10:00:00,26.6,79,2.0,290,422,246,235
1994-08-03 11:00:00,27.2,74,1.0,240,737,324,459
1994-08-03 12:00:00,28.3,65,2.0,270,754,407,381
1994-08-03 13:00:00,29.4,67,4.1,280,694,345,375
1994-08-03 14:00:00,29.4,63,2.0,250,738,351,428
1994-08-03 15:00:00,28.8,65,2.5,200,591,141,480
1994-08-03 16:00:00,29.4,59,2.5,270,527,452,229
1994-08-03 17:00:00,28.3,65,2.0,270,334,203,234
1994-08-03 18:00:00,27.7,67,2.0,270,110,45,95
1994-08-03 19:00:00,26.6,67,1.0,270,44,11,43
1994-08-03 20:00:00,25.0,79,1.0,240,0,0,0
1994-08-03 21:00:00,23.8,85,1.0,220,0,0,0
1994-08-03 22:00:00,23.3,84,1.0,220,0,0,0
1994-08-03 23:00:00,23.3,84,1.0,220,0,0,0
1994-08-04 00:00:00,22.7,87,1.0,230,0,0,0
1994-08-04 01:00:00,23.3,87,0.5,230,0,0,0
1994-08-04 02:00:00,22.7,91,1.0,220,0,0,0
1994-08-04 03:00:00,22.7,94,1.0,190,0,0,0
1994-08-04 04:00:00,21.6,100,1.0,190,0,0,0
1994-08-04 05:00:00,21.1,100,0.0,0,0,0,0
1994-08-04 06:00:00,22.2,100,0.5,230,25,0,25
1994-08-04 07:00:00,23.8,97,1.0,210,103,39,93
1994-08-04 08:00:00,25.5,90,1.0,210,188,89,148
1994-08-04 09:00:00,27.2,79,1.0,230,505,466,218
1994-08-04 10:00:00,28.9,74,1.0,240,693,549,277
1994-08-04 11:00:00,29.4,65,1.5,210,803,598,289
1994-08-04 12:00:00,30.5,61,2.0,230,867,576,339
1994-08-04 13:00:00,31.1,57,2.5,210,863,573,334
1994-08-04 14:00:00,31.1,57,2.5,210,856,643,290
1994-08-04 15:00:00,31.6,55,4.1,220,637,456,278
1994-08-04 16:00:00,31.1,52,5.1,220,482,244,321
1994-08-04 17:00:00,30.0,59,5.1,210,360,366,180
1994-08-04 18:00:00,28.8,70,4.1,210,156,166,105
1994-08-04 19:00:00,27.2,76,3.0,190,45,27,42
1994-08-04 20:00:00,27.2,65,4.6,220,0,0,0
1994-08-04 21:00:00,25.5,85,2.0,190,0,0,0
1994-08-04 22:00:00,25.5,88,5.1,210,0,0,0
1994-08-04 23:00:00,25.5,85,4.1,200,0,0,0
1994-08-05 00:00:00,25.0,84,5.1,210,0,0,0
1994-08-05 01:00:00,24.4,88,3.0,200,0,0,0
1994-08-05 02:00:00,23.8,91,3.6,210,0,0,0
1994-08-05 03:00:00,23.8,91,4.1,200,0,0,0
1994-08-05 04:00:00,23.8,91,4.6,200,0,0,0
1994-08-05 05:00:00,23.3,94,3.6,210,0,0,0
1994-08-05 06:00:00,23.8,94,4.6,220,22,0,22
1994-08-05 07:00:00,25.0,90,5.1,240,96,12,93
1994-08-05 08:00:00,26.1,85,5.1,240,176,30,162
1994-08-05 09:00:00,27.7,74,4.1,240,235,20,222
1994-08-05 10:00:00,25.5,85,4.1,230,363,47,328
1994-08-05 11:00:00,26.6,79,3.0,200,382,100,296
1994-08-05 12:00:00,25.0,87,3.6,300,475,170,319
1994-08-05 13:00:00,23.8,88,5.1,330,432,34,400
1994-08-05 14:00:00,22.7,97,5.1,310,182,0,182
1994-08-05 15:00:00,21.6,97,5.1,340,191,0,191
1994-08-05 16:00:00,19.4,96,5.1,10,187,0,187
1994-08-05 17:00:00,20.0,90,4.1,10,142,0,142
1994-08-05 18:00:00,20.5,84,2.5,10,88,0,88
1994-08-05 19:00:00,20.0,93,3.0,350,31,0,31
1994-08-05 20:00:00,19.4,84,5.1,350,0,0,0
1994-08-05 21:00:00,17.7,81,6.1,350,0,0,0
1994-08-05 22:00:00,16.6,81,4.1,350,0,0,0
1994-08-05 23:00:00,16.6,78,3.6,360,0,0,0
1994-08-06 00:00:00,16.1,72,5.6,360,0,0,0
1994-08-06 01:00:00,15.5,75,6.1,10,0,0,0
1994-08-06 02:00:00,15.5,75,5.1,10,0,0,0
1994-08-06 03:00:00,14.4,81,3.0,10,0,0,0
1994-08-06 04:00:00,13.3,87,2.0,10,0,0,0
1994-08-06 05:00:00,12.7,86,2.0,360,0,0,0
1994-08-06 06:00:00,13.3,89,1.5,360,22,14,21
1994-08-06 07:00:00,14.4,77,3.6,350,108,48,96
1994-08-06 08:00:00,15.5,72,3.0,360,312,333,165
1994-08-06 09:00:00,17.2,67,4.1,360,489,381,256
1994-08-06 10:00:00,18.8,61,2.5,350,609,405,304
1994-08-06 11:00:00,19.4,63,1.0,360,736,467,336
1994-08-06 12:00:00,20.0,61,4.6,360,859,605,307
1994-08-06 13:00:00,21.1,57,3.0,350,910,655,307
1994-08-06 14:00:00,22.2,53,2.0,350,785,564,291
1994-08-06 15:00:00,22.2,51,3.6,350,690,600,219
1994-08-06 16:00:00,22.7,53,3.0,350,545,399,285
1994-08-06 17:00:00,22.7,49,2.5,350,375,392,184
1994-08-06 18:00:00,20.5,71,4.1,360,183,206,120
1994-08-06 19:00:00,18.3,81,1.5,150,44,56,38
1994-08-06 20:00:00,16.6,84,1.5,150,0,0,0
1994-08-06 21:00:00,16.6,81,1.0,140,0,0,0
1994-08-06 22:00:00,16.6,81,0.5,190,0,0,0
1994-08-06 23:00:00,16.1,83,1.0,220,0,0,0
1994-08-07 00:00:00,15.0,93,0.5,220,0,0,0
1994-08-07 01:00:00,15.0,90,0.0,0,0,0,0
1994-08-07 02:00:00,15.0,90,0.0,0,0,0,0
1994-08-07 03:00:00,13.8,93,0.0,0,0,0,0
1994-08-07 04:00:00,13.8,93,0.0,0,0,0,0
1994-08-07 05:00:00,12.7,100,0.0,0,0,0,0
1994-08-07 06:00:00,13.8,97,0.5,350,23,53,19
1994-08-07 07:00:00,16.6,87,0.5,350,145,260,80
1994-08-07 08:00:00,19.4,84,1.5,360,345,517,117
1994-08-07 09:00:00,21.1,57,1.5,70,522,601,155
1994-08-07 10:00:00,21.1,53,2.0,50,702,710,168
1994-08-07 11:00:00,22.7,51,2.5,80,730,655,170
1994-08-07 12:00:00,22.7,48,1.5,130,905,826,153
1994-08-07 13:00:00,22.8,50,2.1,90,831,661,225
1994-08-07 14:00:00,23.3,51,2.0,110,834,746,183
1994-08-07 15:00:00,23.8,54,2.0,130,699,599,231
1994-08-07 16:00:00,23.3,55,1.5,120,564,635,152
1994-08-07 17:00:00,22.7,55,2.0,140,393,507,148
1994-08-07 18:00:00,21.6,64,2.5,140,184,287,98
1994-08-07 19:00:00,19.4,73,1.5,160,40,72,32
1994-08-07 20:00:00,17.7,78,1.5,160,0,0,0
1994-08-07 21:00:00,17.2,80,1.5,160,0,0,0
1994-08-07 22:00:00,16.1,86,0.0,0,0,0,0
1994-08-07 23:00:00,16.6,87,0.0,0,0,0,0
1994-08-08 00:00:00,16.6,90,0.0,0,0,0,0
1994-08-08 01:00:00,16.1,90,0.0,0,0,0,0
1994-08-08 02:00:00,16.1,90,0.0,0,0,0,0
1994-08-08 03:00:00,14.4,93,0.0,0,0,0,0
1994-08-08 04:00:00,13.8,97,0.0,0,0,0,0
1994-08-08 05:00:00,13.8,97,0.0,0,0,0,0
1994-08-08 06:00:00,14.4,93,0.0,0,22,2,22
1994-08-08 07:00:00,17.2,87,1.0,360,119,114,91
1994-08-08 08:00:00,20.5,76,0.5,360,251,200,164
1994-08-08 09:00:00,21.1,61,1.5,100,472,305,286
1994-08-08 10:00:00,22.2,57,2.5,60,653,417,340
1994-08-08 11:00:00,22.2,61,1.5,150,708,336,421
1994-08-08 12:00:00,22.7,66,4.1,90,771,355,448
1994-08-08 13:00:00,22.7,66,2.0,40,771,363,439
1994-08-08 14:00:00,22.7,59,2.5,150,717,294,460
1994-08-08 15:00:00,23.8,45,2.0,140,598,345,329
1994-08-08 16:00:00,23.8,43,2.5,110,516,407,253
1994-08-08 17:00:00,23.3,50,1.0,140,273,209,172
1994-08-08 18:00:00,22.2,61,1.5,160,153,157,106
1994-08-08 19:00:00,18.3,81,1.0,150,38,13,37
1994-08-08 20:00:00,17.2,87,1.0,160,0,0,0
1994-08-08 21:00:00,16.6,93,0.5,170,0,0,0
1994-08-08 22:00:00,16.6,93,0.5,180,0,0,0
1994-08-08 23:00:00,16.1,96,0.5,160,0,0,0
1994-08-09 00:00:00,15.5,97,0.5,170,0,0,0
1994-08-09 01:00:00,16.1,96,0.5,180,0,0,0
1994-08-09 02:00:00,14.4,100,0.0,0,0,0,0
1994-08-09 03:00:00,14.4,100,0.0,0,0,0,0
1994-08-09 04:00:00,15.0,100,0.0,0,0,0,0
1994-08-09 05:00:00,15.6,96,0.0,0,0,0,0
1994-08-09 06:00:00,15.0,96,0.0,0,26,121,17
1994-08-09 07:00:00,18.3,84,0.0,0,137,263,72
1994-08-09 08:00:00,21.6,78,0.0,0,354,591,96
1994-08-09 09:00:00,23.8,67,1.0,20,548,637,161
1994-08-09 10:00:00,25.0,64,0.5,330,708,741,154
1994-08-09 11:00:00,25.0,71,0.5,70,728,612,207
1994-08-09 12:00:00,25.5,72,2.0,140,878,707,237
1994-08-09 13:00:00,26.1,64,3.0,130,808,671,195
1994-08-09 14:00:00,25.5,60,3.6,140,816,748,166
1994-08-09 15:00:00,25.5,60,3.6,130,701,668,182
1994-08-09 16:00:00,25.5,62,3.0,120,579,746,99
1994-08-09 17:00:00,24.4,66,2.0,130,369,430,163
1994-08-09 18:00:00,23.8,71,3.0,140,219,548,58
1994-08-09 19:00:00,21.1,78,1.0,150,50,213,28
1994-08-09 20:00:00,20.0,75,1.5,160,0,1,0
1994-08-09 21:00:00,18.8,84,1.5,180,0,0,0
1994-08-09 22:00:00,18.8,84,1.5,180,0,0,0
1994-08-09 23:00:00,18.3,87,2.0,180,0,0,0
1994-08-10 00:00:00,17.7,87,1.0,190,0,0,0
1994-08-10 01:00:00,18.8,81,2.0,210,0,0,0
1994-08-10 02:00:00,18.3,84,1.5,200,0,0,0
1994-08-10 03:00:00,18.3,84,2.5,200,0,0,0
1994-08-10 04:00:00,18.3,84,2.5,210,0,0,0
1994-08-10 05:00:00,18.3,90,1.0,210,0,0,0
1994-08-10 06:00:00,20.5,78,1.5,210,23,5,23
1994-08-10 07:00:00,22.2,73,1.5,330,140,262,76
1994-08-10 08:00:00,24.4,66,1.0,280,311,325,170
1994-08-10 09:00:00,26.1,60,2.0,290,537,629,156
1994-08-10 10:00:00,25.5,69,1.5,340,681,501,308
1994-08-10 11:00:00,24.4,74,2.5,340,240,0,240
1994-08-10 12:00:00,24.4,74,2.5,20,260,0,260
1994-08-10 13:00:00,25.5,72,2.0,30,262,0,262
1994-08-10 14:00:00,25.0,71,3.0,360,246,0,246
1994-08-10 15:00:00,25.0,71,3.6,360,215,0,215
1994-08-10 16:00:00,25.5,72,1.5,40,258,139,169
1994-08-10 17:00:00,24.4,71,1.0,90,253,161,176
1994-08-10 18:00:00,23.8,71,1.5,80,78,0,78
1994-08-10 19:00:00,22.2,81,1.0,110,38,58,32
1994-08-10 20:00:00,21.6,82,0.5,110,0,0,0
1994-08-10 21:00:00,20.5,87,0.0,0,0,0,0
1994-08-10 22:00:00,20.5,78,0.0,0,0,0,0
1994-08-10 23:00:00,21.1,70,0.0,0,0,0,0
1994-08-11 00:00:00,19.4,84,1.0,360,0,0,0
1994-08-11 01:00:00,18.3,84,2.0,360,0,0,0
1994-08-11 02:00:00,18.3,84,0.5,360,0,0,0
1994-08-11 03:00:00,17.7,84,0.5,60,0,0,0
1994-08-11 04:00:00,18.3,81,0.5,30,0,0,0
1994-08-11 05:00:00,16.6,90,1.0,100,0,0,0
1994-08-11 06:00:00,18.8,81,0.5,70,19,25,17
1994-08-11 07:00:00,20.0,75,1.0,70,90,22,85
1994-08-11 08:00:00,21.6,66,2.0,100,291,45,272
1994-08-11 09:00:00,22.7,66,3.0,130,156,0,156
1994-08-11 10:00:00,22.7,68,2.0,130,205,0,205
1994-08-11 11:00:00,23.8,54,2.0,140,300,0,300
1994-08-11 12:00:00,24.4,62,2.0,140,324,0,324
1994-08-11 13:00:00,25.5,56,2.0,120,326,0,326
1994-08-11 14:00:00,25.0,60,3.6,120,307,0,307
1994-08-11 15:00:00,23.8,67,3.6,130,268,0,268
1994-08-11 16:00:00,24.4,69,3.0,130,211,0,211
1994-08-11 17:00:00,23.3,79,3.6,130,170,29,156
1994-08-11 18:00:00,22.7,82,3.6,120,76,15,72
1994-08-11 19:00:00,21.6,87,2.0,110,22,0,22
1994-08-11 20:00:00,21.6,87,2.0,110,0,0,0
1994-08-11 21:00:00,22.2,87,3.6,360,0,0,0
1994-08-11 22:00:00,22.7,85,0.5,20,0,0,0
1994-08-11 23:00:00,20.5,100,1.5,90,0,0,0
1994-08-12 00:00:00,21.1,96,0.5,250,0,0,0
1994-08-12 01:00:00,20.5,97,0.5,360,0,0,0
1994-08-12 02:00:00,20.5,97,0.5,70,0,0,0
1994-08-12 03:00:00,20.5,97,0.5,110,0,0,0
1994-08-12 04:00:00,20.0,100,0.5,30,0,0,0
1994-08-12 05:00:00,20.0,96,1.0,130,0,0,0
1994-08-12 06:00:00,21.1,93,0.5,90,28,6,27
1994-08-12 07:00:00,22.2,100,1.0,150,120,153,83
1994-08-12 08:00:00,23.3,96,0.5,140,291,337,146
1994-08-12 09:00:00,23.8,94,0.5,270,401,347,192
1994-08-12 10:00:00,25.0,87,0.5,240,660,574,233
1994-08-12 11:00:00,26.1,87,1.0,110,611,494,194
1994-08-12 12:00:00,26.6,85,1.5,90,823,646,241
1994-08-12 13:00:00,26.6,79,2.0,110,775,547,278
1994-08-12 14:00:00,26.6,82,2.0,100,803,787,125
1994-08-12 15:00:00,26.6,82,1.5,120,704,770,112
1994-08-12 16:00:00,27.2,82,1.0,130,563,727,101
1994-08-12 17:00:00,26.6,85,1.0,120,392,588,116
1994-08-12 18:00:00,27.2,69,2.0,240,189,452,61
1994-08-12 19:00:00,25.5,74,2.0,240,40,161,26
1994-08-12 20:00:00,24.4,88,1.0,170,0,0,0
1994-08-12 21:00:00,23.3,96,1.0,170,0,0,0
1994-08-12 22:00:00,22.7,97,1.0,180,0,0,0
1994-08-12 23:00:00,23.3,96,1.5,200,0,0,0
1994-08-13 00:00:00,23.8,94,2.0,220,0,0,0
1994-08-13 01:00:00,24.4,90,3.6,220,0,0,0
1994-08-13 02:00:00,24.4,94,3.0,230,0,0,0
1994-08-13 03:00:00,24.4,94,2.0,230,0,0,0
1994-08-13 04:00:00,24.4,90,3.0,240,0,0,0
1994-08-13 05:00:00,23.8,94,2.0,230,0,0,0
1994-08-13 06:00:00,24.4,90,3.0,230,15,0,15
1994-08-13 07:00:00,25.5,85,3.0,230,105,73,88
1994-08-13 08:00:00,27.2,77,5.7,230,229,28,216
1994-08-13 09:00:00,27.2,79,6.1,230,468,375,244
1994-08-13 10:00:00,28.9,70,6.2,260,658,517,276
1994-08-13 11:00:00,30.6,65,8.2,240,707,415,357
1994-08-13 12:00:00,31.6,63,6.6,230,818,538,335
1994-08-13 13:00:00,31.6,62,7.2,230,493,115,389
1994-08-13 14:00:00,32.7,56,8.2,230,434,75,369
1994-08-13 15:00:00,32.2,56,8.2,250,307,52,267
1994-08-13 16:00:00,31.1,57,8.2,240,352,108,283
1994-08-13 17:00:00,30.0,61,5.1,220,166,0,166
1994-08-13 18:00:00,28.8,68,3.6,230,99,0,99
1994-08-13 19:00:00,27.7,72,2.5,230,28,0,28
1994-08-13 20:00:00,27.2,72,3.0,220,0,0,0
1994-08-13 21:00:00,26.6,79,3.6,220,0,0,0
1994-08-13 22:00:00,26.6,77,5.1,230,0,0,0
1994-08-13 23:00:00,26.1,79,4.6,220,0,0,0
1994-08-14 00:00:00,26.1,79,4.1,230,0,0,0
1994-08-14 01:00:00,25.5,85,6.1,230,0,0,0
1994-08-14 02:00:00,25.5,82,6.1,230,0,0,0
1994-08-14 03:00:00,25.5,79,6.1,230,0,0,0
1994-08-14 04:00:00,25.0,79,6.1,230,0,0,0
1994-08-14 05:00:00,25.0,79,6.1,230,0,0,0
1994-08-14 06:00:00,25.5,74,6.1,240,15,4,15
1994-08-14 07:00:00,26.1,74,6.6,240,126,153,90
1994-08-14 08:00:00,27.2,72,10.2,250,175,34,160
1994-08-14 09:00:00,28.8,65,10.2,240,392,219,261
1994-08-14 10:00:00,29.4,61,8.7,250,443,93,374
1994-08-14 11:00:00,30.5,57,9.2,240,250,43,214
1994-08-14 12:00:00,31.1,59,8.7,230,569,120,461
1994-08-14 13:00:00,31.6,58,9.2,220,591,176,432
1994-08-14 14:00:00,32.2,57,9.7,220,603,96,521
1994-08-14 15:00:00,31.6,59,7.2,240,293,47,257
1994-08-14 16:00:00,31.1,61,8.7,220,498,411,240
1994-08-14 17:00:00,29.4,65,9.2,210,156,51,132
1994-08-14 18:00:00,27.7,67,5.1,360,67,0,67
1994-08-14 19:00:00,23.8,82,5.1,320,21,0,21
1994-08-14 20:00:00,21.1,93,2.0,290,0,0,0
1994-08-14 21:00:00,21.1,93,1.5,280,0,0,0
1994-08-14 22:00:00,21.1,96,3.0,270,0,0,0
1994-08-14 23:00:00,21.1,100,1.0,260,0,0,0
1994-08-15 00:00:00,21.1,90,1.5,330,0,0,0
1994-08-15 01:00:00,20.0,81,2.0,340,0,0,0
1994-08-15 02:00:00,19.4,81,2.0,330,0,0,0
1994-08-15 03:00:00,18.8,79,3.6,330,0,0,0
1994-08-15 04:00:00,18.3,78,4.1,330,0,0,0
1994-08-15 05:00:00,17.7,75,2.0,330,0,0,0
1994-08-15 06:00:00,16.6,81,1.0,340,12,0,12
1994-08-15 07:00:00,18.3,73,1.5,330,61,0,61
1994-08-15 08:00:00,19.4,63,2.6,350,135,0,135
1994-08-15 09:00:00,21.1,59,3.0,350,206,0,206
1994-08-15 10:00:00,21.1,57,2.0,350,454,135,355
1994-08-15 11:00:00,22.2,55,1.5,360,267,120,166
1994-08-15 12:00:00,23.3,51,1.0,290,404,107,308
1994-08-15 13:00:00,24.4,50,3.0,300,433,91,351
1994-08-15 14:00:00,25.0,45,2.0,310,460,189,299
1994-08-15 15:00:00,23.8,52,2.0,250,539,120,448
1994-08-15 16:00:00,23.8,48,4.1,320,219,0,219
1994-08-15 17:00:00,23.3,51,1.5,350,150,0,150
1994-08-15 18:00:00,22.2,57,1.0,290,76,0,76
1994-08-15 19:00:00,21.6,59,1.5,280,19,0,19
1994-08-15 20:00:00,21.1,70,0.5,250,0,0,0
1994-08-15 21:00:00,19.4,78,0.5,190,0,0,0
1994-08-15 22:00:00,18.8,81,0.5,240,0,0,0
1994-08-15 23:00:00,17.2,93,1.0,220,0,0,0
1994-08-16 00:00:00,17.7,81,1.0,230,0,0,0
1994-08-16 01:00:00,16.6,87,0.5,100,0,0,0
1994-08-16 02:00:00,17.7,73,0.5,240,0,0,0
1994-08-16 03:00:00,16.1,86,0.5,130,0,0,0
1994-08-16 04:00:00,16.6,90,0.5,240,0,0,0
1994-08-16 05:00:00,16.6,90,0.5,240,0,0,0
1994-08-16 06:00:00,15.0,96,0.5,20,16,26,14
1994-08-16 07:00:00,18.3,90,0.5,20,82,114,56
1994-08-16 08:00:00,20.0,84,0.5,230,315,419,139
1994-08-16 09:00:00,22.2,81,1.5,130,512,502,215
1994-08-16 10:00:00,22.7,73,3.0,120,591,523,207
1994-08-16 11:00:00,25.0,66,3.0,130,786,617,270
1994-08-16 12:00:00,24.4,64,4.1,110,787,628,227
1994-08-16 13:00:00,23.8,69,4.1,130,739,518,274
1994-08-16 14:00:00,23.3,71,2.5,130,789,650,235
1994-08-16 15:00:00,23.3,71,2.0,180,656,604,198
1994-08-16 16:00:00,22.7,68,2.0,210,420,376,186
1994-08-16 17:00:00,20.0,84,2.0,240,330,412,143
1994-08-16 18:00:00,19.4,93,2.0,230,192,362,95
1994-08-16 19:00:00,19.4,93,0.5,250,31,54,26
1994-08-16 20:00:00,19.4,93,0.0,0,0,0,0
1994-08-16 21:00:00,18.8,100,0.0,0,0,0,0
1994-08-16 22:00:00,19.4,96,0.0,0,0,0,0
1994-08-16 23:00:00,19.4,96,0.0,0,0,0,0
1994-08-17 00:00:00,19.4,93,0.0,0,0,0,0
1994-08-17 01:00:00,19.4,93,0.0,0,0,0,0
1994-08-17 02:00:00,19.4,93,0.5,120,0,0,0
1994-08-17 03:00:00,20.0,93,0.0,0,0,0,0
1994-08-17 04:00:00,20.5,93,0.0,0,0,0,0
1994-08-17 05:00:00,21.1,93,0.5,110,0,0,0
1994-08-17 06:00:00,21.1,96,1.0,120,9,0,9
1994-08-17 07:00:00,22.2,93,2.5,130,58,0,58
1994-08-17 08:00:00,22.2,93,3.0,140,130,0,130
1994-08-17 09:00:00,24.4,88,2.5,140,293,112,227
1994-08-17 10:00:00,24.4,88,4.1,150,208,0,208
1994-08-17 11:00:00,23.3,96,4.1,130,242,0,242
1994-08-17 12:00:00,23.3,96,1.5,170,182,0,182
1994-08-17 13:00:00,23.3,100,4.1,190,219,0,219
1994-08-17 14:00:00,23.8,94,2.0,150,525,160,389
1994-08-17 15:00:00,25.5,85,4.1,140,216,0,216
1994-08-17 16:00:00,24.4,88,4.1,130,171,0,171
1994-08-17 17:00:00,23.3,90,4.1,130,144,0,144
1994-08-17 18:00:00,23.3,90,3.0,130,70,0,70
1994-08-17 19:00:00,22.2,96,4.1,130,15,0,15
1994-08-17 20:00:00,22.7,97,3.0,140,0,0,0
1994-08-17 21:00:00,22.7,97,3.6,150,0,0,0
1994-08-17 22:00:00,23.3,100,1.5,160,0,0,0
1994-08-17 23:00:00,23.3,100,1.5,140,0,0,0
1994-08-18 00:00:00,23.8,100,3.0,170,0,0,0
1994-08-18 01:00:00,23.8,100,2.5,180,0,0,0
1994-08-18 02:00:00,23.8,100,3.0,180,0,0,0
1994-08-18 03:00:00,23.8,100,4.1,190,0,0,0
1994-08-18 04:00:00,23.8,100,3.0,190,0,0,0
1994-08-18 05:00:00,23.3,100,2.5,170,0,0,0
1994-08-18 06:00:00,23.3,100,4.6,200,11,4,11
1994-08-18 07:00:00,23.8,94,5.1,210,148,402,58
1994-08-18 08:00:00,23.8,94,6.1,220,221,45,202
1994-08-18 09:00:00,23.8,94,6.6,250,146,87,94
1994-08-18 10:00:00,25.0,93,3.6,240,408,112,326
1994-08-18 11:00:00,27.7,65,5.6,230,762,679,197
1994-08-18 12:00:00,27.7,63,4.1,270,615,225,415
1994-08-18 13:00:00,27.7,61,6.6,240,867,738,209
1994-08-18 14:00:00,25.6,67,6.2,250,780,617,258
1994-08-18 15:00:00,25.0,66,4.1,270,457,319,217
1994-08-18 16:00:00,23.3,76,5.1,270,167,0,167
1994-08-18 17:00:00,22.7,82,4.1,270,110,0,110
1994-08-18 18:00:00,22.7,79,4.1,270,52,0,52
1994-08-18 19:00:00,22.2,81,5.1,270,15,0,15
1994-08-18 20:00:00,22.2,81,5.1,280,0,0,0
1994-08-18 21:00:00,22.2,84,4.1,280,0,0,0
1994-08-18 22:00:00,22.2,81,3.6,280,0,0,0
1994-08-18 23:00:00,21.6,84,2.0,290,0,0,0
1994-08-19 00:00:00,21.1,87,2.0,240,0,0,0
1994-08-19 01:00:00,21.1,84,3.0,270,0,0,0
1994-08-19 02:00:00,21.1,87,2.5,260,0,0,0
1994-08-19 03:00:00,20.5,90,2.0,250,0,0,0
1994-08-19 04:00:00,20.0,93,2.0,250,0,0,0
1994-08-19 05:00:00,20.0,93,1.5,280,0,0,0
1994-08-19 06:00:00,20.0,93,1.5,270,11,6,11
1994-08-19 07:00:00,21.1,90,1.5,290,135,48,124
1994-08-19 08:00:00,22.7,82,2.5,300,244,211,157
1994-08-19 09:00:00,24.4,74,1.5,300,333,182,226
1994-08-19 10:00:00,24.4,69,1.0,310,499,386,219
1994-08-19 11:00:00,25.5,64,1.0,300,747,504,328
1994-08-19 12:00:00,26.1,67,1.0,270,487,169,337
1994-08-19 13:00:00,26.7,67,1.0,360,612,294,349
1994-08-19 14:00:00,27.7,61,1.5,240,574,291,328
1994-08-19 15:00:00,27.7,58,1.0,250,643,479,285
1994-08-19 16:00:00,27.7,63,1.5,270,415,283,242
1994-08-19 17:00:00,26.6,65,1.0,240,257,70,226
1994-08-19 18:00:00,25.0,84,1.5,140,66,0,66
1994-08-19 19:00:00,23.8,88,1.0,150,17,0,17
1994-08-19 20:00:00,22.7,91,1.0,160,0,0,0
1994-08-19 21:00:00,22.2,90,1.0,190,0,0,0
1994-08-19 22:00:00,21.6,93,1.0,200,0,0,0
1994-08-19 23:00:00,21.6,93,1.5,210,0,0,0
1994-08-20 00:00:00,21.1,96,1.0,210,0,0,0
1994-08-20 01:00:00,21.1,93,1.0,220,0,0,0
1994-08-20 02:00:00,20.0,100,1.0,210,0,0,0
1994-08-20 03:00:00,20.0,100,0.5,210,0,0,0
1994-08-20 04:00:00,19.4,100,1.0,200,0,0,0
1994-08-20 05:00:00,19.4,100,1.0,200,0,0,0
1994-08-20 06:00:00,20.0,100,1.0,190,13,0,13
1994-08-20 07:00:00,20.5,100,1.0,220,40,0,40
1994-08-20 08:00:00,21.6,100,1.0,220,72,0,72
1994-08-20 09:00:00,23.8,91,0.5,180,461,410,222
1994-08-20 10:00:00,26.1,76,1.5,180,516,340,269
1994-08-20 11:00:00,27.2,76,2.0,210,768,569,297
1994-08-20 12:00:00,27.7,77,3.6,130,802,579,291
1994-08-20 13:00:00,26.6,79,5.1,130,775,546,290
1994-08-20 14:00:00,27.2,76,4.1,140,749,530,304
1994-08-20 15:00:00,27.2,76,4.1,140,635,481,276
1994-08-20 16:00:00,27.2,74,3.6,130,473,416,220
1994-08-20 17:00:00,26.6,82,1.0,140,317,334,169
1994-08-20 18:00:00,26.1,82,2.5,150,123,148,86
1994-08-20 19:00:00,24.4,88,2.0,160,20,5,20
1994-08-20 20:00:00,23.3,90,1.0,170,0,0,0
1994-08-20 21:00:00,22.7,94,1.0,180,0,0,0
1994-08-20 22:00:00,22.2,93,1.5,180,0,0,0
1994-08-20 23:00:00,21.6,97,2.0,180,0,0,0
1994-08-21 00:00:00,22.2,93,2.0,180,0,0,0
1994-08-21 01:00:00,22.2,96,1.5,180,0,0,0
1994-08-21 02:00:00,22.2,96,2.0,190,0,0,0
1994-08-21 03:00:00,22.7,97,1.5,190,0,0,0
1994-08-21 04:00:00,22.2,96,3.0,200,0,0,0
1994-08-21 05:00:00,22.2,93,3.0,200,0,0,0
1994-08-21 06:00:00,22.2,96,3.6,200,12,38,10
1994-08-21 07:00:00,23.3,90,4.1,210,126,270,68
1994-08-21 08:00:00,24.4,84,5.1,210,297,126,246
1994-08-21 09:00:00,26.1,79,6.6,210,223,91,170
1994-08-21 10:00:00,27.2,72,6.6,210,542,233,373
1994-08-21 11:00:00,27.7,74,6.1,210,610,399,281
1994-08-21 12:00:00,27.7,74,5.6,210,590,342,289
1994-08-21 13:00:00,28.3,72,6.1,200,376,200,199
1994-08-21 14:00:00,28.3,74,6.6,200,615,435,251
1994-08-21 15:00:00,28.8,72,5.1,190,438,179,305
1994-08-21 16:00:00,28.8,70,5.1,200,390,287,216
1994-08-21 17:00:00,27.7,72,5.6,200,306,300,175
1994-08-21 18:00:00,26.6,79,5.1,190,148,80,128
1994-08-21 19:00:00,23.3,90,5.1,320,10,0,10
1994-08-21 20:00:00,22.2,93,1.0,20,0,0,0
1994-08-21 21:00:00,21.6,100,1.5,140,0,0,0
1994-08-21 22:00:00,21.1,100,0.5,10,0,0,0
1994-08-21 23:00:00,21.1,100,0.0,0,0,0,0
1994-08-22 00:00:00,21.6,97,0.5,250,0,0,0
1994-08-22 01:00:00,21.6,97,2.0,230,0,0,0
1994-08-22 02:00:00,21.1,96,1.5,270,0,0,0
1994-08-22 03:00:00,21.1,96,3.0,270,0,0,0
1994-08-22 04:00:00,21.1,96,4.1,280,0,0,0
1994-08-22 05:00:00,21.1,90,4.6,280,0,0,0
1994-08-22 06:00:00,21.1,90,3.6,290,9,0,9
1994-08-22 07:00:00,21.1,87,5.1,310,66,9,64
1994-08-22 08:00:00,21.6,82,4.1,310,173,87,137
1994-08-22 09:00:00,23.3,79,5.6,340,202,99,144
1994-08-22 10:00:00,23.8,71,6.1,330,419,108,341
1994-08-22 11:00:00,22.2,76,5.6,360,589,220,408
1994-08-22 12:00:00,23.3,71,4.6,350,407,80,336
1994-08-22 13:00:00,20.5,90,5.6,280,527,92,445
1994-08-22 14:00:00,20.0,96,5.1,360,197,0,197
1994-08-22 15:00:00,20.0,96,5.1,350,203,0,203
1994-08-22 16:00:00,22.2,81,5.1,320,227,4,224
1994-08-22 17:00:00,21.6,73,5.1,330,217,141,156
1994-08-22 18:00:00,20.0,70,4.1,350,102,49,90
1994-08-22 19:00:00,19.4,76,4.1,330,18,2,18
1994-08-22 20:00:00,18.8,79,4.1,330,0,0,0
1994-08-22 21:00:00,18.8,79,3.0,330,0,0,0
1994-08-22 22:00:00,19.4,78,4.1,340,0,0,0
1994-08-22 23:00:00,18.3,84,2.0,340,0,0,0
1994-08-23 00:00:00,17.2,87,1.5,340,0,0,0
1994-08-23 01:00:00,16.6,87,2.0,350,0,0,0
1994-08-23 02:00:00,15.5,90,1.5,330,0,0,0
1994-08-23 03:00:00,15.0,90,2.0,350,0,0,0
1994-08-23 04:00:00,15.0,86,2.0,360,0,0,0
1994-08-23 05:00:00,13.8,90,2.0,360,0,0,0
1994-08-23 06:00:00,13.3,93,1.0,350,10,15,9
1994-08-23 07:00:00,15.5,87,2.0,350,128,282,69
1994-08-23 08:00:00,17.2,80,2.0,350,315,498,115
1994-08-23 09:00:00,18.8,70,4.1,10,511,460,246
1994-08-23 10:00:00,19.4,68,4.1,350,651,603,219
1994-08-23 11:00:00,20.5,61,2.5,340,728,625,216
1994-08-23 12:00:00,21.1,59,2.5,350,805,677,212
1994-08-23 13:00:00,22.2,55,1.5,360,843,640,281
1994-08-23 14:00:00,22.7,59,1.0,330,753,690,179
1994-08-23 15:00:00,22.7,57,1.0,10,624,575,201
1994-08-23 16:00:00,23.3,50,1.0,340,537,606,175
1994-08-23 17:00:00,22.7,49,1.0,10,286,380,123
1994-08-23 18:00:00,21.6,53,1.0,330,155,280,88
1994-08-23 19:00:00,19.4,65,0.0,0,18,40,15
1994-08-23 20:00:00,16.1,86,1.0,150,0,0,0
1994-08-23 21:00:00,15.0,90,1.0,150,0,0,0
1994-08-23 22:00:00,13.8,90,1.0,160,0,0,0
1994-08-23 23:00:00,15.0,86,1.0,210,0,0,0
1994-08-24 00:00:00,14.4,90,0.0,0,0,0,0
1994-08-24 01:00:00,13.8,93,0.0,0,0,0,0
1994-08-24 02:00:00,13.8,93,0.0,0,0,0,0
1994-08-24 03:00:00,13.8,90,1.0,240,0,0,0
1994-08-24 04:00:00,13.8,90,0.0,0,0,0,0
1994-08-24 05:00:00,14.4,90,0.0,0,0,0,0
1994-08-24 06:00:00,13.8,90,0.0,0,9,11,8
1994-08-24 07:00:00,15.5,87,0.0,0,125,320,59
1994-08-24 08:00:00,17.7,81,0.0,0,320,559,96
1994-08-24 09:00:00,20.5,73,0.0,0,520,684,128
1994-08-24 10:00:00,22.7,62,0.0,0,691,675,209
1994-08-24 11:00:00,22.7,66,1.0,110,779,724,187
1994-08-24 12:00:00,23.3,62,2.5,90,776,633,224
1994-08-24 13:00:00,23.3,62,2.5,90,873,761,207
1994-08-24 14:00:00,23.8,50,1.0,90,781,678,219
1994-08-24 15:00:00,23.8,60,1.5,110,334,94,265
1994-08-24 16:00:00,23.3,60,3.0,120,174,68,134
1994-08-24 17:00:00,21.6,66,3.6,120,225,73,194
1994-08-24 18:00:00,20.0,65,2.0,150,59,0,59
1994-08-24 19:00:00,18.3,70,2.5,150,13,0,13
1994-08-24 20:00:00,16.6,81,2.5,150,0,0,0
1994-08-24 21:00:00,15.5,83,0.0,0,0,0,0
1994-08-24 22:00:00,14.4,90,0.5,170,0,0,0
1994-08-24 23:00:00,15.0,86,0.0,0,0,0,0
1994-08-25 00:00:00,14.4,90,0.0,0,0,0,0
1994-08-25 01:00:00,13.9,93,1.5,180,0,0,0
1994-08-25 02:00:00,13.8,90,0.5,220,0,0,0
1994-08-25 03:00:00,12.7,93,0.5,210,0,0,0
1994-08-25 04:00:00,13.3,89,0.5,190,0,0,0
1994-08-25 05:00:00,13.8,90,1.0,220,0,0,0
1994-08-25 06:00:00,13.8,90,2.0,210,8,0,8
1994-08-25 07:00:00,15.5,90,0.5,190,88,64,74
1994-08-25 08:00:00,19.4,81,1.0,250,242,253,141
1994-08-25 09:00:00,21.6,68,2.5,240,343,259,196
1994-08-25 10:00:00,22.7,57,1.5,180,641,552,247
1994-08-25 11:00:00,23.8,62,2.5,200,767,603,275
1994-08-25 12:00:00,24.4,60,3.0,210,789,558,304
1994-08-25 13:00:00,25.0,66,3.0,180,765,490,337
1994-08-25 14:00:00,24.4,69,4.1,120,752,521,323
1994-08-25 15:00:00,23.3,69,2.5,120,565,421,258
1994-08-25 16:00:00,22.7,76,2.0,130,268,94,212
1994-08-25 17:00:00,23.8,67,1.5,90,288,47,268
1994-08-25 18:00:00,23.3,71,3.6,220,110,115,83
1994-08-25 19:00:00,22.2,73,1.5,230,13,1,13
1994-08-25 20:00:00,20.5,78,2.0,220,0,0,0
1994-08-25 21:00:00,18.8,87,1.0,180,0,0,0
1994-08-25 22:00:00,17.7,93,0.5,150,0,0,0
1994-08-25 23:00:00,18.3,90,1.5,200,0,0,0
1994-08-26 00:00:00,18.3,90,1.5,200,0,0,0
1994-08-26 01:00:00,18.8,87,1.5,210,0,0,0
1994-08-26 02:00:00,18.3,96,3.0,230,0,0,0
1994-08-26 03:00:00,17.7,100,2.0,180,0,0,0
1994-08-26 04:00:00,18.3,96,0.0,0,0,0,0
1994-08-26 05:00:00,18.3,100,0.0,0,0,0,0
1994-08-26 06:00:00,18.8,100,0.0,0,8,9,7
1994-08-26 07:00:00,19.4,100,0.0,0,111,248,61
1994-08-26 08:00:00,21.6,91,1.0,250,272,408,111
1994-08-26 09:00:00,23.3,84,1.5,240,428,484,153
1994-08-26 10:00:00,23.8,100,1.5,280,504,136,407
1994-08-26 11:00:00,24.4,100,1.0,310,652,293,414
1994-08-26 12:00:00,26.6,72,2.0,300,857,717,236
1994-08-26 13:00:00,27.2,65,2.0,220,737,604,211
1994-08-26 14:00:00,28.3,59,2.5,240,676,510,258
1994-08-26 15:00:00,28.8,55,2.0,250,661,650,189
1994-08-26 16:00:00,28.8,70,1.5,240,526,525,219
1994-08-26 17:00:00,25.5,79,1.0,120,306,462,114
1994-08-26 18:00:00,23.3,84,0.5,100,119,206,73
1994-08-26 19:00:00,21.6,91,0.0,0,13,18,12
1994-08-26 20:00:00,21.6,87,0.5,280,0,0,0
1994-08-26 21:00:00,21.6,87,0.0,0,0,0,0
1994-08-26 22:00:00,21.6,91,0.0,0,0,0,0
1994-08-26 23:00:00,20.5,97,0.0,0,0,0,0
1994-08-27 00:00:00,20.0,96,0.0,0,0,0,0
1994-08-27 01:00:00,18.8,100,0.0,0,0,0,0
1994-08-27 02:00:00,19.4,100,0.0,0,0,0,0
1994-08-27 03:00:00,19.4,96,0.0,0,0,0,0
1994-08-27 04:00:00,18.8,100,0.0,0,0,0,0
1994-08-27 05:00:00,19.4,100,0.0,0,0,0,0
1994-08-27 06:00:00,18.8,100,0.0,0,8,3,8
1994-08-27 07:00:00,20.0,100,1.0,210,92,50,82
1994-08-27 08:00:00,22.7,91,1.0,240,316,536,106
1994-08-27 09:00:00,25.0,84,0.5,220,441,566,122
1994-08-27 10:00:00,27.2,74,1.5,300,653,755,118
1994-08-27 11:00:00,28.9,67,2.1,240,702,576,236
1994-08-27 12:00:00,28.8,65,2.0,320,728,509,289
1994-08-27 13:00:00,29.4,63,2.5,310,490,38,456
1994-08-27 14:00:00,28.8,63,2.0,330,407,95,329
1994-08-27 15:00:00,30.0,59,0.5,330,308,122,220
1994-08-27 16:00:00,30.0,59,0.5,290,413,261,261
1994-08-27 17:00:00,28.8,63,0.5,310,230,104,186
1994-08-27 18:00:00,27.7,69,0.0,0,97,34,90
1994-08-27 19:00:00,26.6,77,0.0,0,14,71,10
1994-08-27 20:00:00,24.4,88,0.0,0,0,0,0
1994-08-27 21:00:00,23.8,88,1.0,250,0,0,0
1994-08-27 22:00:00,23.3,90,1.0,250,0,0,0
1994-08-27 23:00:00,22.7,94,1.0,240,0,0,0
1994-08-28 00:00:00,22.2,93,0.0,0,0,0,0
1994-08-28 01:00:00,22.2,90,1.0,260,0,0,0
1994-08-28 02:00:00,21.6,93,0.0,0,0,0,0
1994-08-28 03:00:00,20.5,97,0.0,0,0,0,0
1994-08-28 04:00:00,20.5,97,1.0,230,0,0,0
1994-08-28 05:00:00,21.1,93,1.5,250,0,0,0
1994-08-28 06:00:00,21.1,93,1.5,260,9,0,9
1994-08-28 07:00:00,22.2,90,1.5,210,103,181,67
1994-08-28 08:00:00,23.8,85,2.0,220,285,421,121
1994-08-28 09:00:00,26.1,76,1.5,270,483,563,166
1994-08-28 10:00:00,28.3,67,3.0,300,655,646,200
1994-08-28 11:00:00,28.3,65,1.5,300,779,692,221
1994-08-28 12:00:00,29.4,61,5.1,250,845,714,231
1994-08-28 13:00:00,30.0,55,5.1,240,556,278,315
1994-08-28 14:00:00,30.5,54,5.1,240,571,282,342
1994-08-28 15:00:00,30.0,53,4.1,220,557,376,287
1994-08-28 16:00:00,28.8,57,5.1,210,433,231,299
1994-08-28 17:00:00,27.7,58,3.0,220,259,194,180
1994-08-28 18:00:00,25.5,74,2.0,190,94,30,88
1994-08-28 19:00:00,25.0,79,2.5,210,11,0,11
1994-08-28 20:00:00,25.0,76,3.6,220,0,0,0
1994-08-28 21:00:00,23.8,82,3.6,220,0,0,0
1994-08-28 22:00:00,23.8,85,3.0,210,0,0,0
1994-08-28 23:00:00,23.3,87,4.1,210,0,0,0
1994-08-29 00:00:00,23.3,90,4.1,210,0,0,0
1994-08-29 01:00:00,23.3,90,4.1,220,0,0,0
1994-08-29 02:00:00,23.8,88,3.0,240,0,0,0
1994-08-29 03:00:00,23.8,88,2.5,220,0,0,0
1994-08-29 04:00:00,23.8,88,2.0,220,0,0,0
1994-08-29 05:00:00,23.3,90,1.5,220,0,0,0
1994-08-29 06:00:00,22.7,94,1.0,220,7,4,7
1994-08-29 07:00:00,23.3,90,2.0,210,82,24,77
1994-08-29 08:00:00,25.5,79,2.5,240,79,31,67
1994-08-29 09:00:00,27.2,72,2.5,210,405,95,351
1994-08-29 10:00:00,28.3,61,3.0,230,258,167,140
1994-08-29 11:00:00,28.3,65,4.1,270,293,0,293
1994-08-29 12:00:00,27.7,63,2.5,300,315,0,315
1994-08-29 13:00:00,20.0,75,7.7,350,252,0,252
1994-08-29 14:00:00,16.1,93,5.1,340,236,0,236
1994-08-29 15:00:00,16.1,96,2.5,360,205,0,205
1994-08-29 16:00:00,16.6,93,0.5,350,350,66,312
1994-08-29 17:00:00,19.4,81,0.5,350,308,494,110
1994-08-29 18:00:00,18.8,81,0.5,270,131,410,44
1994-08-29 19:00:00,17.7,87,0.5,250,11,59,8
1994-08-29 20:00:00,17.2,90,0.5,250,0,0,0
1994-08-29 21:00:00,16.1,93,0.0,0,0,0,0
1994-08-29 22:00:00,17.2,90,0.5,260,0,0,0
1994-08-29 23:00:00,16.1,93,1.0,250,0,0,0
1994-08-30 00:00:00,15.5,97,0.0,0,0,0,0
1994-08-30 01:00:00,15.0,96,0.0,0,0,0,0
1994-08-30 02:00:00,15.0,96,0.0,0,0,0,0
1994-08-30 03:00:00,14.4,96,0.0,0,0,0,0
1994-08-30 04:00:00,15.5,90,0.0,0,0,0,0
1994-08-30 05:00:00,14.4,96,0.0,0,0,0,0
1994-08-30 06:00:00,14.4,96,0.0,0,7,29,5
1994-08-30 07:00:00,17.2,90,1.0,290,119,366,48
1994-08-30 08:00:00,19.4,73,1.0,320,312,609,78
1994-08-30 09:00:00,20.5,68,1.0,320,510,728,104
1994-08-30 10:00:00,22.2,71,0.5,350,588,523,222
1994-08-30 11:00:00,23.8,48,1.0,330,756,758,148
1994-08-30 12:00:00,24.4,46,1.0,300,689,557,213
1994-08-30 13:00:00,23.8,50,1.5,290,814,726,191
1994-08-30 14:00:00,24.4,42,3.6,330,770,683,219
1994-08-30 15:00:00,25.0,37,3.6,310,650,723,137
1994-08-30 16:00:00,24.4,40,2.5,300,515,665,136
1994-08-30 17:00:00,24.4,45,2.0,320,306,489,111
1994-08-30 18:00:00,22.2,49,1.0,340,104,239,54
1994-08-30 19:00:00,19.4,63,0.0,0,9,30,8
1994-08-30 20:00:00,17.7,70,0.0,0,0,0,0
1994-08-30 21:00:00,17.2,72,0.0,0,0,0,0
1994-08-30 22:00:00,16.1,83,0.5,180,0,0,0
1994-08-30 23:00:00,15.5,87,1.0,180,0,0,0
1994-08-31 00:00:00,16.1,83,1.0,190,0,0,0
1994-08-31 01:00:00,16.1,83,1.0,190,0,0,0
1994-08-31 02:00:00,15.0,86,0.0,0,0,0,0
1994-08-31 03:00:00,15.5,87,0.0,0,0,0,0
1994-08-31 04:00:00,15.0,93,0.0,0,0,0,0
1994-08-31 05:00:00,15.0,93,1.0,190,0,0,0
1994-08-31 06:00:00,15.5,93,1.0,170,6,38,5
1994-08-31 07:00:00,17.7,90,1.0,180,113,289,59
1994-08-31 08:00:00,21.6,78,2.5,200,319,603,89
1994-08-31 09:00:00,22.7,76,3.6,180,181,165,89
1994-08-31 10:00:00,24.4,69,4.1,190,635,747,114
1994-08-31 11:00:00,26.1,58,5.1,180,686,631,182
1994-08-31 12:00:00,27.2,52,6.1,190,840,786,171
1994-08-31 13:00:00,27.7,55,6.1,200,807,713,199
1994-08-31 14:00:00,28.3,49,6.6,220,818,857,130
1994-08-31 15:00:00,28.3,53,6.1,200,622,659,157
1994-08-31 16:00:00,27.7,55,4.6,210,469,658,97
1994-08-31 17:00:00,26.6,60,4.6,200,269,492,75
1994-08-31 18:00:00,24.4,71,2.5,200,132,411,49
1994-08-31 19:00:00,23.3,76,3.0,190,11,38,9
1994-08-31 20:00:00,23.3,74,2.5,190,0,0,0
1994-08-31 21:00:00,22.2,79,2.5,190,0,0,0
1994-08-31 22:00:00,22.2,84,2.3,180,0,0,0
1994-08-31 23:00:00,22.2,87,2.1,190,0,0,0
1994-09-01 00:00:00,22.2,91,1.9,200,0,0,0
1994-09-01 01:00:00,22.2,97,1.6,0,0,0,0
1994-09-01 02:00:00,22.2,93,1.4,210,0,0,0
1994-09-01 03:00:00,22.2,94,1.2,250,0,0,0
1994-09-01 04:00:00,22.2,96,1.0,290,0,0,0
1994-09-01 05:00:00,22.7,91,1.0,300,0,0,0
1994-09-01 06:00:00,22.2,90,1.0,300,5,1,5
1994-09-01 07:00:00,22.7,85,1.0,320,66,51,57
1994-09-01 08:00:00,23.3,76,2.5,330,188,110,146
1994-09-01 09:00:00,24.4,64,5.1,320,466,568,152
1994-09-01 10:00:00,25.0,62,4.1,320,632,634,191
1994-09-01 11:00:00,26.1,54,3.6,300,699,619,206
1994-09-01 12:00:00,26.1,48,3.6,320,767,637,226
1994-09-01 13:00:00,25.5,48,4.1,340,730,613,209
1994-09-01 14:00:00,26.6,45,5.1,330,737,598,259
1994-09-01 15:00:00,26.6,44,5.1,320,643,673,171
1994-09-01 16:00:00,26.1,43,5.6,290,490,619,143
1994-09-01 17:00:00,24.4,46,5.1,330,282,450,107
1994-09-01 18:00:00,23.3,50,3.0,330,60,27,54
1994-09-01 19:00:00,22.2,55,3.0,330,6,0,6
1994-09-01 20:00:00,20.0,67,2.0,330,0,0,0
1994-09-01 21:00:00,19.4,70,1.5,320,0,0,0
1994-09-01 22:00:00,18.8,70,1.5,330,0,0,0
1994-09-01 23:00:00,17.7,75,0.0,0,0,0,0
1994-09-02 00:00:00,16.6,84,1.0,10,0,0,0
1994-09-02 01:00:00,17.7,73,2.0,20,0,0,0
1994-09-02 02:00:00,17.7,70,2.0,20,0,0,0
1994-09-02 03:00:00,17.2,70,1.5,30,0,0,0
1994-09-02 04:00:00,16.6,70,2.5,30,0,0,0
1994-09-02 05:00:00,16.1,69,2.0,30,0,0,0
1994-09-02 06:00:00,16.6,67,2.5,30,4,2,4
1994-09-02 07:00:00,16.6,67,1.5,20,55,31,49
1994-09-02 08:00:00,17.2,65,2.5,10,179,99,142
1994-09-02 09:00:00,19.4,59,2.5,20,441,522,154
1994-09-02 10:00:00,20.5,51,2.5,50,583,634,145
1994-09-02 11:00:00,20.5,51,2.5,60,740,685,197
1994-09-02 12:00:00,21.6,49,1.5,60,802,756,162
1994-09-02 13:00:00,22.2,42,1.5,60,538,438,167
1994-09-02 14:00:00,21.6,42,1.5,350,775,734,190
1994-09-02 15:00:00,22.7,44,2.5,360,588,634,146
1994-09-02 16:00:00,21.1,45,2.5,350,489,609,150
1994-09-02 17:00:00,21.7,47,2.1,350,297,411,139
1994-09-02 18:00:00,19.4,61,1.0,350,98,266,47
1994-09-02 19:00:00,18.3,60,1.0,360,7,9,7
1994-09-02 20:00:00,18.3,68,0.0,0,0,0,0
1994-09-02 21:00:00,16.6,78,0.0,0,0,0,0
1994-09-02 22:00:00,15.5,87,0.0,0,0,0,0
1994-09-02 23:00:00,16.1,83,0.0,0,0,0,0
1994-09-03 00:00:00,16.1,83,0.0,0,0,0,0
1994-09-03 01:00:00,15.0,86,0.0,0,0,0,0
1994-09-03 02:00:00,12.7,93,1.0,350,0,0,0
1994-09-03 03:00:00,12.2,96,0.5,340,0,0,0
1994-09-03 04:00:00,12.2,93,1.0,10,0,0,0
1994-09-03 05:00:00,12.7,93,1.5,10,0,0,0
1994-09-03 06:00:00,13.3,87,1.5,20,4,2,4
1994-09-03 07:00:00,16.1,80,1.5,10,51,4,50
1994-09-03 08:00:00,16.1,83,1.5,10,240,35,227
1994-09-03 09:00:00,17.7,75,2.5,10,167,63,132
1994-09-03 10:00:00,18.8,68,2.0,60,307,106,233
1994-09-03 11:00:00,20.0,54,2.0,60,288,88,218
1994-09-03 12:00:00,20.5,53,3.0,80,395,133,283
1994-09-03 13:00:00,21.1,51,2.0,40,346,77,280
1994-09-03 14:00:00,21.1,51,1.5,70,408,68,354
1994-09-03 15:00:00,21.1,51,2.5,120,455,107,381
1994-09-03 16:00:00,21.1,49,3.0,80,232,108,173
1994-09-03 17:00:00,20.0,54,3.6,80,128,63,105
1994-09-03 18:00:00,18.3,58,2.5,60,113,207,74
1994-09-03 19:00:00,18.3,56,3.6,60,5,6,5
1994-09-03 20:00:00,18.3,60,3.0,60,0,0,0
1994-09-03 21:00:00,17.2,72,4.1,60,0,0,0
1994-09-03 22:00:00,17.2,72,2.5,60,0,0,0
1994-09-03 23:00:00,17.2,70,2.5,40,0,0,0
1994-09-04 00:00:00,16.6,72,2.0,50,0,0,0
1994-09-04 01:00:00,13.3,89,1.0,350,0,0,0
1994-09-04 02:00:00,13.8,87,1.5,10,0,0,0
1994-09-04 03:00:00,13.8,84,1.5,10,0,0,0
1994-09-04 04:00:00,14.4,81,2.0,10,0,0,0
1994-09-04 05:00:00,12.7,90,1.5,10,0,0,0
1994-09-04 06:00:00,14.4,81,2.0,10,4,0,4
1994-09-04 07:00:00,16.1,90,3.6,20,81,63,70
1994-09-04 08:00:00,19.4,65,4.6,20,234,254,140
1994-09-04 09:00:00,20.0,63,4.6,30,435,418,208
1994-09-04 10:00:00,22.2,53,5.1,40,576,478,249
1994-09-04 11:00:00,23.3,50,4.1,40,726,560,286
1994-09-04 12:00:00,23.3,48,3.0,40,607,268,382
1994-09-04 13:00:00,25.0,45,3.6,70,765,298,514
1994-09-04 14:00:00,22.7,49,2.5,60,714,541,287
1994-09-04 15:00:00,23.3,46,3.0,30,473,250,300
1994-09-04 16:00:00,21.6,51,2.5,40,433,346,243
1994-09-04 17:00:00,21.1,51,2.5,40,242,260,145
1994-09-04 18:00:00,20.6,51,1.0,30,82,67,69
1994-09-04 19:00:00,18.8,61,0.0,0,4,0,4
1994-09-04 20:00:00,17.7,81,1.0,60,0,0,0
1994-09-04 21:00:00,17.2,56,1.0,50,0,0,0
1994-09-04 22:00:00,17.2,52,0.0,0,0,0,0
1994-09-04 23:00:00,17.7,52,1.0,320,0,0,0
1994-09-05 00:00:00,16.1,57,0.5,340,0,0,0
1994-09-05 01:00:00,15.5,64,0.5,340,0,0,0
1994-09-05 02:00:00,13.8,75,0.0,0,0,0,0
1994-09-05 03:00:00,13.3,77,1.0,350,0,0,0
1994-09-05 04:00:00,12.7,80,1.0,350,0,0,0
1994-09-05 05:00:00,12.7,80,1.0,320,0,0,0
1994-09-05 06:00:00,13.3,77,1.0,340,4,25,3
1994-09-05 07:00:00,14.4,72,0.5,350,110,288,60
1994-09-05 08:00:00,16.6,70,2.0,350,307,500,124
1994-09-05 09:00:00,18.8,54,3.6,360,516,807,79
1994-09-05 10:00:00,20.5,44,3.0,350,550,547,176
1994-09-05 11:00:00,21.6,41,3.6,350,683,683,147
1994-09-05 12:00:00,22.7,40,1.5,350,816,768,174
1994-09-05 13:00:00,22.7,43,3.0,330,825,818,140
1994-09-05 14:00:00,23.3,37,3.0,330,638,644,133
1994-09-05 15:00:00,22.7,38,4.6,310,552,646,110
1994-09-05 16:00:00,23.3,40,4.1,330,457,626,117
1994-09-05 17:00:00,23.3,46,4.1,310,265,421,109
1994-09-05 18:00:00,21.6,41,2.0,290,101,279,52
1994-09-05 19:00:00,19.4,68,1.0,270,5,33,3
1994-09-05 20:00:00,18.8,58,1.0,270,0,0,0
1994-09-05 21:00:00,18.3,56,0.5,260,0,0,0
1994-09-05 22:00:00,15.5,72,1.0,210,0,0,0
1994-09-05 23:00:00,16.1,78,0.0,0,0,0,0
1994-09-06 00:00:00,15.5,78,1.0,230,0,0,0
1994-09-06 01:00:00,15.0,83,0.5,230,0,0,0
1994-09-06 02:00:00,13.8,84,0.5,210,0,0,0
1994-09-06 03:00:00,13.8,84,0.5,10,0,0,0
1994-09-06 04:00:00,14.4,83,0.5,250,0,0,0
1994-09-06 05:00:00,14.4,77,0.0,0,0,0,0
1994-09-06 06:00:00,14.4,93,0.5,300,3,8,3
1994-09-06 07:00:00,15.5,72,0.0,0,99,287,50
1994-09-06 08:00:00,17.7,70,0.0,0,289,558,85
1994-09-06 09:00:00,20.0,54,0.0,0,475,656,121
1994-09-06 10:00:00,21.1,44,1.0,40,557,614,139
1994-09-06 11:00:00,22.7,48,1.0,20,743,747,159
1994-09-06 12:00:00,23.3,44,1.0,270,794,682,227
1994-09-06 13:00:00,22.2,49,1.0,100,766,627,244
1994-09-06 14:00:00,22.7,51,2.0,120,720,675,193
1994-09-06 15:00:00,23.8,40,2.5,300,563,548,190
1994-09-06 16:00:00,23.3,41,1.0,240,454,442,216
1994-09-06 17:00:00,20.5,65,2.0,90,268,492,89
1994-09-06 18:00:00,18.8,76,1.5,120,94,258,50
1994-09-06 19:00:00,17.2,90,1.0,140,3,7,3
1994-09-06 20:00:00,17.2,87,0.0,0,0,0,0
1994-09-06 21:00:00,16.6,87,1.5,200,0,0,0
1994-09-06 22:00:00,15.5,90,1.0,190,0,0,0
1994-09-06 23:00:00,16.1,90,1.0,210,0,0,0
1994-09-07 00:00:00,16.1,86,1.0,240,0,0,0
1994-09-07 01:00:00,16.1,90,1.0,260,0,0,0
1994-09-07 02:00:00,16.1,90,1.0,230,0,0,0
1994-09-07 03:00:00,16.1,90,1.0,230,0,0,0
1994-09-07 04:00:00,15.0,96,1.0,210,0,0,0
1994-09-07 05:00:00,15.0,96,1.0,240,0,0,0
1994-09-07 06:00:00,15.0,93,1.0,230,3,8,2
1994-09-07 07:00:00,16.6,90,1.5,230,99,306,47
1994-09-07 08:00:00,19.4,76,2.5,270,288,575,80
1994-09-07 09:00:00,21.6,66,2.5,270,487,707,108
1994-09-07 10:00:00,23.8,60,3.0,280,666,721,178
1994-09-07 11:00:00,24.4,56,3.6,340,724,719,165
1994-09-07 12:00:00,25.5,50,5.1,310,703,582,220
1994-09-07 13:00:00,26.1,50,4.1,270,770,668,216
1994-09-07 14:00:00,26.1,48,4.6,270,630,495,245
1994-09-07 15:00:00,25.5,45,5.6,290,609,667,158
1994-09-07 16:00:00,25.0,43,5.6,300,446,541,158
1994-09-07 17:00:00,25.0,43,3.0,290,284,492,107
1994-09-07 18:00:00,23.3,50,1.0,300,96,301,46
1994-09-07 19:00:00,21.1,57,1.5,300,3,11,2
1994-09-07 20:00:00,19.4,59,1.0,240,0,0,0
1994-09-07 21:00:00,18.3,93,1.0,250,0,0,0
1994-09-07 22:00:00,17.7,65,2.0,320,0,0,0
1994-09-07 23:00:00,17.7,63,1.5,310,0,0,0
1994-09-08 00:00:00,17.2,67,1.5,300,0,0,0
1994-09-08 01:00:00,17.2,65,2.0,320,0,0,0
1994-09-08 02:00:00,17.2,67,1.5,290,0,0,0
1994-09-08 03:00:00,16.6,67,1.5,300,0,0,0
1994-09-08 04:00:00,14.4,77,2.0,310,0,0,0
1994-09-08 05:00:00,15.0,72,1.5,300,0,0,0
1994-09-08 06:00:00,13.8,78,0.0,0,3,17,2
1994-09-08 07:00:00,15.0,80,1.0,220,100,340,43
1994-09-08 08:00:00,18.8,58,1.0,290,263,487,89
1994-09-08 09:00:00,21.1,49,2.0,280,325,298,166
1994-09-08 10:00:00,23.3,60,1.5,280,512,382,254
1994-09-08 11:00:00,23.8,45,1.5,270,528,192,379
1994-09-08 12:00:00,25.0,42,2.0,270,602,273,376
1994-09-08 13:00:00,25.0,45,2.5,240,530,108,441
1994-09-08 14:00:00,25.5,42,2.0,270,658,405,345
1994-09-08 15:00:00,26.1,39,2.5,240,454,184,331
1994-09-08 16:00:00,25.5,40,3.0,250,321,311,156
1994-09-08 17:00:00,24.4,48,2.0,240,253,63,230
1994-09-08 18:00:00,22.2,55,2.0,220,51,31,46
1994-09-08 19:00:00,20.0,63,1.5,210,2,0,2
1994-09-08 20:00:00,18.8,65,1.0,210,0,0,0
1994-09-08 21:00:00,18.3,68,1.0,200,0,0,0
1994-09-08 22:00:00,17.7,70,2.0,210,0,0,0
1994-09-08 23:00:00,16.6,75,1.0,220,0,0,0
1994-09-09 00:00:00,16.1,78,1.5,200,0,0,0
1994-09-09 01:00:00,15.5,81,1.0,210,0,0,0
1994-09-09 02:00:00,15.0,86,2.5,210,0,0,0
1994-09-09 03:00:00,15.0,93,1.0,200,0,0,0
1994-09-09 04:00:00,15.0,93,0.5,190,0,0,0
1994-09-09 05:00:00,15.5,97,1.0,210,0,0,0
1994-09-09 06:00:00,15.5,93,1.0,200,2,0,2
1994-09-09 07:00:00,16.6,93,0.5,220,83,172,55
1994-09-09 08:00:00,19.4,84,2.0,230,263,446,104
1994-09-09 09:00:00,22.7,68,2.5,260,463,599,146
1994-09-09 10:00:00,25.0,60,3.0,260,636,685,176
1994-09-09 11:00:00,25.5,58,2.0,270,742,657,235
1994-09-09 12:00:00,27.2,51,4.6,250,730,576,257
1994-09-09 13:00:00,27.2,47,3.0,300,762,631,244
1994-09-09 14:00:00,26.6,47,4.1,270,667,511,275
1994-09-09 15:00:00,27.7,41,3.0,270,597,589,203
1994-09-09 16:00:00,27.2,42,2.5,240,407,461,165
1994-09-09 17:00:00,26.1,45,4.1,250,245,362,118
1994-09-09 18:00:00,23.3,57,2.0,240,67,100,52
1994-09-09 19:00:00,21.6,66,2.0,240,1,0,1
1994-09-09 20:00:00,20.5,68,1.0,230,0,0,0
1994-09-09 21:00:00,19.4,73,0.5,230,0,0,0
1994-09-09 22:00:00,19.4,76,1.0,230,0,0,0
1994-09-09 23:00:00,18.8,81,1.0,240,0,0,0
1994-09-10 00:00:00,19.4,81,1.0,270,0,0,0
1994-09-10 01:00:00,18.3,84,1.5,280,0,0,0
1994-09-10 02:00:00,19.4,78,2.0,310,0,0,0
1994-09-10 03:00:00,18.8,81,2.0,300,0,0,0
1994-09-10 04:00:00,18.3,78,1.5,310,0,0,0
1994-09-10 05:00:00,17.2,80,2.5,320,0,0,0
1994-09-10 06:00:00,16.6,81,2.0,320,2,14,2
1994-09-10 07:00:00,18.3,73,2.0,320,95,326,43
1994-09-10 08:00:00,20.0,63,4.1,320,286,603,73
1994-09-10 09:00:00,21.1,59,4.6,340,485,733,98
1994-09-10 10:00:00,22.2,46,3.6,330,617,748,118
1994-09-10 11:00:00,22.7,46,4.1,330,734,778,137
1994-09-10 12:00:00,23.8,40,4.1,330,784,793,135
1994-09-10 13:00:00,25.0,39,6.1,330,789,789,144
1994-09-10 14:00:00,25.0,39,5.1,310,632,593,179
1994-09-10 15:00:00,25.0,40,4.6,330,636,775,123
1994-09-10 16:00:00,24.4,39,4.6,350,450,674,100
1994-09-10 17:00:00,23.3,41,4.1,330,277,597,71
1994-09-10 18:00:00,20.5,53,1.0,350,83,249,45
1994-09-10 19:00:00,17.2,63,1.0,350,1,10,1
1994-09-10 20:00:00,15.5,72,2.0,350,0,0,0
1994-09-10 21:00:00,15.0,74,1.0,10,0,0,0
1994-09-10 22:00:00,14.4,75,1.0,20,0,0,0
1994-09-10 23:00:00,16.1,62,1.0,20,0,0,0
1994-09-11 00:00:00,16.1,60,2.5,30,0,0,0
1994-09-11 01:00:00,14.4,67,1.0,10,0,0,0
1994-09-11 02:00:00,13.3,72,1.5,20,0,0,0
1994-09-11 03:00:00,12.7,72,0.0,0,0,0,0
1994-09-11 04:00:00,12.2,77,0.0,0,0,0,0
1994-09-11 05:00:00,10.5,86,0.0,0,0,0,0
1994-09-11 06:00:00,10.5,83,0.0,0,2,6,1
1994-09-11 07:00:00,13.3,72,2.0,320,90,238,52
1994-09-11 08:00:00,15.5,64,4.1,340,287,614,71
1994-09-11 09:00:00,17.2,54,5.1,340,487,746,97
1994-09-11 10:00:00,18.8,48,4.1,340,657,815,115
1994-09-11 11:00:00,19.4,45,4.1,330,660,611,193
1994-09-11 12:00:00,20.5,45,5.1,320,819,766,194
1994-09-11 13:00:00,21.6,41,6.1,320,785,776,154
1994-09-11 14:00:00,21.6,48,5.1,310,638,539,228
1994-09-11 15:00:00,22.2,42,5.1,320,639,694,183
1994-09-11 16:00:00,21.7,42,4.1,330,463,568,171
1994-09-11 17:00:00,20.5,45,4.1,320,207,304,103
1994-09-11 18:00:00,18.8,50,2.0,330,47,62,38
1994-09-11 19:00:00,16.1,62,1.5,320,1,6,1
1994-09-11 20:00:00,15.5,64,2.5,320,0,0,0
1994-09-11 21:00:00,14.4,67,2.0,340,0,0,0
1994-09-11 22:00:00,12.2,77,1.0,350,0,0,0
1994-09-11 23:00:00,12.8,77,1.5,330,0,0,0
1994-09-12 00:00:00,11.6,80,1.0,330,0,0,0
1994-09-12 01:00:00,12.2,77,0.0,0,0,0,0
1994-09-12 02:00:00,11.1,80,0.0,0,0,0,0
1994-09-12 03:00:00,11.1,80,0.0,0,0,0,0
1994-09-12 04:00:00,10.5,80,1.5,290,0,0,0
1994-09-12 05:00:00,11.6,77,2.0,310,0,0,0
1994-09-12 06:00:00,10.5,80,1.0,340,1,1,1
1994-09-12 07:00:00,12.7,77,2.0,330,74,169,47
1994-09-12 08:00:00,15.5,70,2.0,330,218,348,97
1994-09-12 09:00:00,17.7,61,2.5,330,367,135,296
1994-09-12 10:00:00,19.4,54,4.1,350,475,429,191
1994-09-12 11:00:00,21.1,51,2.5,320,635,530,231
1994-09-12 12:00:00,22.2,44,3.0,320,724,624,218
1994-09-12 13:00:00,22.7,43,2.5,290,764,631,253
1994-09-12 14:00:00,23.3,38,2.0,300,708,671,201
1994-09-12 15:00:00,23.8,38,3.0,290,458,465,154
1994-09-12 16:00:00,23.3,43,3.6,280,424,525,156
1994-09-12 17:00:00,22.7,46,3.0,290,258,447,109
1994-09-12 18:00:00,21.6,49,2.0,280,63,132,45
1994-09-12 19:00:00,18.8,63,1.0,250,0,0,0
1994-09-12 20:00:00,17.2,67,1.5,260,0,0,0
1994-09-12 21:00:00,16.6,70,1.0,240,0,0,0
1994-09-12 22:00:00,16.1,75,1.0,240,0,0,0
1994-09-12 23:00:00,15.5,81,1.0,250,0,0,0
1994-09-13 00:00:00,15.5,83,1.0,250,0,0,0
1994-09-13 01:00:00,15.0,86,1.0,250,0,0,0
1994-09-13 02:00:00,15.5,87,1.5,260,0,0,0
1994-09-13 03:00:00,16.1,80,1.0,250,0,0,0
1994-09-13 04:00:00,15.0,86,1.0,250,0,0,0
1994-09-13 05:00:00,15.0,86,1.0,250,0,0,0
1994-09-13 06:00:00,15.0,90,1.0,260,1,2,1
1994-09-13 07:00:00,17.2,78,1.0,260,81,224,47
1994-09-13 08:00:00,20.0,63,2.0,270,185,252,98
1994-09-13 09:00:00,22.2,55,1.5,280,439,584,137
1994-09-13 10:00:00,24.4,50,1.5,270,549,505,216
1994-09-13 11:00:00,26.6,42,2.5,290,612,548,196
1994-09-13 12:00:00,27.2,45,2.0,300,728,590,251
1994-09-13 13:00:00,27.7,44,1.0,310,389,168,253
1994-09-13 14:00:00,28.8,43,1.0,270,653,588,211
1994-09-13 15:00:00,28.8,44,2.0,260,607,668,174
1994-09-13 16:00:00,27.7,44,2.5,250,337,271,200
1994-09-13 17:00:00,26.6,47,3.0,260,249,481,90
1994-09-13 18:00:00,24.4,56,1.0,240,62,96,49
1994-09-13 19:00:00,22.2,64,1.0,230,0,2,0
1994-09-13 20:00:00,21.1,68,1.5,240,0,0,0
1994-09-13 21:00:00,20.5,68,2.0,240,0,0,0
1994-09-13 22:00:00,19.4,70,1.0,220,0,0,0
1994-09-13 23:00:00,18.8,73,1.5,230,0,0,0
1994-09-14 00:00:00,18.8,76,2.0,230,0,0,0
1994-09-14 01:00:00,18.3,81,1.0,250,0,0,0
1994-09-14 02:00:00,18.3,81,1.5,230,0,0,0
1994-09-14 03:00:00,17.7,78,1.0,230,0,0,0
1994-09-14 04:00:00,18.3,78,1.5,250,0,0,0
1994-09-14 05:00:00,17.7,81,1.5,240,0,0,0
1994-09-14 06:00:00,18.8,81,2.5,260,1,1,1
1994-09-14 07:00:00,20.5,73,2.5,250,57,67,47
1994-09-14 08:00:00,22.2,68,3.0,260,250,458,93
1994-09-14 09:00:00,25.0,60,5.1,270,415,473,172
1994-09-14 10:00:00,27.2,54,4.6,270,616,667,179
1994-09-14 11:00:00,28.8,50,5.1,270,714,695,190
1994-09-14 12:00:00,30.5,45,4.1,300,752,703,187
1994-09-14 13:00:00,30.5,45,5.6,280,722,619,226
1994-09-14 14:00:00,31.1,43,5.1,300,702,646,219
1994-09-14 15:00:00,31.1,43,4.6,310,245,69,200
1994-09-14 16:00:00,31.1,47,3.6,310,410,534,143
1994-09-14 17:00:00,29.4,49,3.6,320,132,17,126
1994-09-14 18:00:00,28.3,53,3.6,320,70,23,67
1994-09-14 19:00:00,27.2,56,1.5,330,0,0,0
1994-09-14 20:00:00,27.2,58,1.0,300,0,0,0
1994-09-14 21:00:00,24.4,69,0.5,350,0,0,0
1994-09-14 22:00:00,24.4,71,0.0,0,0,0,0
1994-09-14 23:00:00,22.7,79,0.5,10,0,0,0
1994-09-15 00:00:00,21.6,82,0.0,0,0,0,0
1994-09-15 01:00:00,22.7,76,0.0,0,0,0,0
1994-09-15 02:00:00,21.1,87,0.5,10,0,0,0
1994-09-15 03:00:00,21.1,87,0.5,10,0,0,0
1994-09-15 04:00:00,21.1,87,0.0,0,0,0,0
1994-09-15 05:00:00,20.0,90,0.5,10,0,0,0
1994-09-15 06:00:00,20.5,84,1.0,10,1,0,1
1994-09-15 07:00:00,21.1,84,0.5,10,29,0,29
1994-09-15 08:00:00,21.6,82,2.0,20,174,83,145
1994-09-15 09:00:00,23.3,71,1.5,20,181,43,159
1994-09-15 10:00:00,23.3,69,1.0,90,480,344,255
1994-09-15 11:00:00,24.4,64,0.5,80,358,56,315
1994-09-15 12:00:00,23.8,69,1.0,120,530,107,444
1994-09-15 13:00:00,25.0,64,0.5,210,169,1,167
1994-09-15 14:00:00,25.5,64,2.5,120,256,2,254
1994-09-15 15:00:00,22.7,79,4.6,120,186,0,186
1994-09-15 16:00:00,21.6,84,4.6,120,137,0,137
1994-09-15 17:00:00,21.1,87,4.6,140,79,0,79
1994-09-15 18:00:00,20.0,87,2.5,140,50,23,47
1994-09-15 19:00:00,20.0,87,2.5,130,0,0,0
1994-09-15 20:00:00,19.4,90,2.0,120,0,0,0
1994-09-15 21:00:00,19.4,93,2.0,120,0,0,0
1994-09-15 22:00:00,19.4,93,2.0,120,0,0,0
1994-09-15 23:00:00,20.0,90,2.0,140,0,0,0
1994-09-16 00:00:00,19.4,93,1.0,170,0,0,0
1994-09-16 01:00:00,19.4,93,0.5,150,0,0,0
1994-09-16 02:00:00,19.4,96,0.0,0,0,0,0
1994-09-16 03:00:00,19.4,93,0.0,0,0,0,0
1994-09-16 04:00:00,19.4,96,0.0,0,0,0,0
1994-09-16 05:00:00,19.4,96,0.0,0,0,0,0
1994-09-16 06:00:00,19.4,96,0.0,0,0,0,0
1994-09-16 07:00:00,20.0,96,0.0,0,25,0,25
1994-09-16 08:00:00,21.6,91,1.5,140,102,36,90
1994-09-16 09:00:00,23.3,82,0.5,140,174,25,161
1994-09-16 10:00:00,22.7,87,1.0,90,176,0,176
1994-09-16 11:00:00,23.8,85,0.5,100,346,100,271
1994-09-16 12:00:00,25.5,77,1.5,90,389,78,327
1994-09-16 13:00:00,25.5,77,2.5,80,447,68,392
1994-09-16 14:00:00,25.5,77,2.0,100,409,110,328
1994-09-16 15:00:00,25.5,77,3.0,110,468,415,205
1994-09-16 16:00:00,25.0,79,1.5,120,378,467,149
1994-09-16 17:00:00,23.8,85,1.0,120,172,262,90
1994-09-16 18:00:00,22.7,91,0.5,140,52,91,41
1994-09-16 19:00:00,22.7,91,0.5,140,0,0,0
1994-09-16 20:00:00,22.7,87,2.0,150,0,0,0
1994-09-16 21:00:00,22.2,90,1.0,180,0,0,0
1994-09-16 22:00:00,21.1,93,2.0,180,0,0,0
1994-09-16 23:00:00,20.5,93,1.0,180,0,0,0
1994-09-17 00:00:00,20.5,90,1.0,190,0,0,0
1994-09-17 01:00:00,20.5,90,1.5,200,0,0,0
1994-09-17 02:00:00,20.5,93,3.0,210,0,0,0
1994-09-17 03:00:00,20.5,93,2.0,200,0,0,0
1994-09-17 04:00:00,20.0,96,1.5,200,0,0,0
1994-09-17 05:00:00,19.4,100,1.0,200,0,0,0
1994-09-17 06:00:00,20.0,96,1.5,210,0,0,0
1994-09-17 07:00:00,21.6,87,3.6,200,66,146,45
1994-09-17 08:00:00,22.7,82,3.0,220,167,0,167
1994-09-17 09:00:00,25.0,74,5.1,220,261,151,184
1994-09-17 10:00:00,26.1,69,5.1,220,434,287,249
1994-09-17 11:00:00,27.2,62,5.1,220,478,221,314
1994-09-17 12:00:00,28.8,55,5.1,240,480,159,354
1994-09-17 13:00:00,29.4,55,4.1,230,412,166,281
1994-09-17 14:00:00,28.8,57,5.1,230,401,28,380
1994-09-17 15:00:00,30.0,55,3.6,240,570,615,182
1994-09-17 16:00:00,28.3,61,4.6,230,329,53,303
1994-09-17 17:00:00,27.2,65,3.6,230,123,32,113
1994-09-17 18:00:00,25.5,77,0.5,180,38,15,36
1994-09-17 19:00:00,24.4,84,0.0,0,0,0,0
1994-09-17 20:00:00,23.3,96,5.6,200,0,0,0
1994-09-17 21:00:00,21.1,96,1.0,260,0,0,0
1994-09-17 22:00:00,21.1,96,0.0,0,0,0,0
1994-09-17 23:00:00,21.1,100,0.5,190,0,0,0
1994-09-18 00:00:00,21.6,97,1.0,210,0,0,0
1994-09-18 01:00:00,21.6,100,1.0,250,0,0,0
1994-09-18 02:00:00,22.2,96,3.6,280,0,0,0
1994-09-18 03:00:00,18.3,96,7.2,350,0,0,0
1994-09-18 04:00:00,18.8,93,3.0,310,0,0,0
1994-09-18 05:00:00,18.3,93,2.5,300,0,0,0
1994-09-18 06:00:00,18.8,90,4.1,290,0,0,0
1994-09-18 07:00:00,19.4,84,3.6,310,53,21,50
1994-09-18 08:00:00,20.5,81,4.1,340,201,236,123
1994-09-18 09:00:00,21.1,75,5.6,350,259,125,196
1994-09-18 10:00:00,20.0,67,6.6,350,345,137,257
1994-09-18 11:00:00,22.2,61,6.1,350,656,504,283
1994-09-18 12:00:00,22.7,57,3.0,350,675,395,363
1994-09-18 13:00:00,21.6,61,3.6,10,579,311,334
1994-09-18 14:00:00,22.7,57,4.1,360,460,235,288
1994-09-18 15:00:00,23.3,48,3.0,330,500,396,252
1994-09-18 16:00:00,22.2,47,4.1,350,382,434,174
1994-09-18 17:00:00,21.6,49,2.5,360,156,166,106
1994-09-18 18:00:00,18.3,63,1.5,330,42,24,40
1994-09-18 19:00:00,17.2,67,0.5,330,0,0,0
1994-09-18 20:00:00,16.1,69,0.0,0,0,0,0
1994-09-18 21:00:00,14.4,81,0.5,330,0,0,0
1994-09-18 22:00:00,14.4,81,0.0,0,0,0,0
1994-09-18 23:00:00,15.5,72,0.0,0,0,0,0
1994-09-19 00:00:00,14.4,77,0.0,0,0,0,0
1994-09-19 01:00:00,13.8,84,0.0,0,0,0,0
1994-09-19 02:00:00,12.7,86,0.0,0,0,0,0
1994-09-19 03:00:00,12.7,86,0.0,0,0,0,0
1994-09-19 04:00:00,12.2,86,0.0,0,0,0,0
1994-09-19 05:00:00,11.6,90,0.5,310,0,0,0
1994-09-19 06:00:00,12.2,83,0.0,0,0,0,0
1994-09-19 07:00:00,13.8,87,0.0,0,65,142,46
1994-09-19 08:00:00,18.3,70,2.0,330,237,439,94
1994-09-19 09:00:00,18.8,63,2.5,350,433,601,133
1994-09-19 10:00:00,20.5,61,1.5,340,602,690,161
1994-09-19 11:00:00,21.6,49,2.0,10,605,546,203
1994-09-19 12:00:00,22.2,41,2.0,350,584,388,280
1994-09-19 13:00:00,22.8,44,0.5,10,740,687,205
1994-09-19 14:00:00,23.8,38,2.0,330,694,617,247
1994-09-19 15:00:00,23.8,34,3.0,320,539,586,176
1994-09-19 16:00:00,23.8,36,2.0,270,325,315,175
1994-09-19 17:00:00,23.3,38,2.0,300,177,310,84
1994-09-19 18:00:00,21.6,42,2.5,300,41,62,35
1994-09-19 19:00:00,19.4,52,0.5,240,0,0,0
1994-09-19 20:00:00,18.8,54,0.0,0,0,0,0
1994-09-19 21:00:00,16.1,67,1.0,320,0,0,0
1994-09-19 22:00:00,14.4,81,1.0,190,0,0,0
1994-09-19 23:00:00,15.0,77,1.0,210,0,0,0
1994-09-20 00:00:00,13.8,84,0.0,0,0,0,0
1994-09-20 01:00:00,13.3,83,1.0,350,0,0,0
1994-09-20 02:00:00,13.3,80,0.0,0,0,0,0
1994-09-20 03:00:00,12.2,86,0.5,350,0,0,0
1994-09-20 04:00:00,12.2,86,0.0,0,0,0,0
1994-09-20 05:00:00,11.1,89,1.5,10,0,0,0
1994-09-20 06:00:00,10.0,92,1.0,350,0,13,0
1994-09-20 07:00:00,13.3,87,1.0,360,78,348,32
1994-09-20 08:00:00,17.7,73,1.0,20,266,646,57
1994-09-20 09:00:00,19.4,52,1.0,20,462,776,78
1994-09-20 10:00:00,19.4,54,0.5,90,628,842,93
1994-09-20 11:00:00,19.4,54,2.0,120,745,877,103
1994-09-20 12:00:00,21.1,47,3.0,80,803,891,108
1994-09-20 13:00:00,22.2,44,3.6,140,798,890,107
1994-09-20 14:00:00,21.6,41,3.0,140,689,763,140
1994-09-20 15:00:00,22.2,41,1.0,150,484,409,233
1994-09-20 16:00:00,21.6,42,1.5,110,399,598,118
1994-09-20 17:00:00,20.5,53,1.0,120,183,348,81
1994-09-20 18:00:00,17.2,67,0.0,0,37,56,32
1994-09-20 19:00:00,15.5,78,0.0,0,0,0,0
1994-09-20 20:00:00,16.1,78,0.0,0,0,0,0
1994-09-20 21:00:00,15.0,83,1.0,210,0,0,0
1994-09-20 22:00:00,14.4,83,0.0,0,0,0,0
1994-09-20 23:00:00,13.3,87,0.5,180,0,0,0
1994-09-21 00:00:00,13.3,89,0.5,180,0,0,0
1994-09-21 01:00:00,13.3,89,3.6,200,0,0,0
1994-09-21 02:00:00,13.3,89,0.0,0,0,0,0
1994-09-21 03:00:00,13.8,87,0.0,0,0,0,0
1994-09-21 04:00:00,12.2,96,0.0,0,0,0,0
1994-09-21 05:00:00,12.2,96,0.0,0,0,0,0
1994-09-21 06:00:00,11.6,93,0.0,0,0,0,0
1994-09-21 07:00:00,12.7,93,0.0,0,34,11,32
1994-09-21 08:00:00,15.0,90,0.0,0,88,60,68
1994-09-21 09:00:00,18.8,63,0.0,0,168,5,165
1994-09-21 10:00:00,20.5,53,0.0,0,277,68,234
1994-09-21 11:00:00,22.2,53,0.0,0,495,118,409
1994-09-21 12:00:00,22.2,44,1.5,110,592,420,265
1994-09-21 13:00:00,22.2,44,2.0,90,284,0,284
1994-09-21 14:00:00,22.2,47,2.0,90,260,0,260
1994-09-21 15:00:00,22.7,51,3.0,140,321,65,281
1994-09-21 16:00:00,21.1,66,1.0,130,227,62,198
1994-09-21 17:00:00,19.4,65,0.5,140,81,0,81
1994-09-21 18:00:00,17.7,84,0.5,140,31,13,29
1994-09-21 19:00:00,17.2,87,0.5,130,0,0,0
1994-09-21 20:00:00,17.2,87,1.0,130,0,0,0
1994-09-21 21:00:00,17.2,87,0.5,110,0,0,0
1994-09-21 22:00:00,16.6,90,0.5,110,0,0,0
1994-09-21 23:00:00,16.6,90,0.5,110,0,0,0
1994-09-22 00:00:00,18.3,87,2.0,90,0,0,0
1994-09-22 01:00:00,17.7,93,2.5,80,0,0,0
1994-09-22 02:00:00,17.7,93,1.5,70,0,0,0
1994-09-22 03:00:00,18.3,90,2.0,60,0,0,0
1994-09-22 04:00:00,18.3,90,2.1,40,0,0,0
1994-09-22 05:00:00,18.3,90,2.1,60,0,0,0
1994-09-22 06:00:00,18.3,90,4.6,50,0,0,0
1994-09-22 07:00:00,18.3,90,3.1,90,26,0,26
1994-09-22 08:00:00,17.7,93,7.2,70,72,0,72
1994-09-22 09:00:00,17.8,90,8.7,80,129,0,129
1994-09-22 10:00:00,18.3,90,7.2,60,177,0,177
1994-09-22 11:00:00,18.3,90,8.2,60,210,0,210
1994-09-22 12:00:00,18.8,90,8.2,70,227,0,227
1994-09-22 13:00:00,18.8,90,11.3,60,225,0,225
1994-09-22 14:00:00,18.3,96,8.7,50,172,0,172
1994-09-22 15:00:00,18.3,96,11.3,60,169,0,169
1994-09-22 16:00:00,18.3,93,16.4,50,119,0,119
1994-09-22 17:00:00,17.7,90,16.4,60,62,0,62
1994-09-22 18:00:00,17.7,97,17.4,60,20,0,20
1994-09-22 19:00:00,18.3,96,12.3,60,0,0,0
1994-09-22 20:00:00,18.8,97,15.4,70,0,0,0
1994-09-22 21:00:00,19.4,90,8.2,110,0,0,0
1994-09-22 22:00:00,18.8,90,9.2,110,0,0,0
1994-09-22 23:00:00,18.8,90,8.7,120,0,0,0
1994-09-23 00:00:00,18.8,90,7.7,130,0,0,0
1994-09-23 01:00:00,17.7,97,4.6,130,0,0,0
1994-09-23 02:00:00,17.2,96,4.6,140,0,0,0
1994-09-23 03:00:00,17.2,96,4.6,150,0,0,0
1994-09-23 04:00:00,17.2,96,4.1,150,0,0,0
1994-09-23 05:00:00,16.6,100,3.0,170,0,0,0
1994-09-23 06:00:00,16.6,97,2.5,190,0,0,0
1994-09-23 07:00:00,16.6,100,2.0,250,23,0,23
1994-09-23 08:00:00,17.7,97,3.0,280,48,0,48
1994-09-23 09:00:00,18.3,93,3.0,300,105,0,105
1994-09-23 10:00:00,18.3,90,3.0,280,146,0,146
1994-09-23 11:00:00,18.8,87,3.6,280,174,0,174
1994-09-23 12:00:00,18.8,87,5.1,280,187,0,187
1994-09-23 13:00:00,18.8,84,3.6,270,186,0,186
1994-09-23 14:00:00,18.8,84,4.1,280,202,0,202
1994-09-23 15:00:00,20.0,78,4.1,280,165,0,165
1994-09-23 16:00:00,19.4,81,4.1,260,115,0,115
1994-09-23 17:00:00,19.4,81,3.6,270,58,0,58
1994-09-23 18:00:00,18.8,84,1.5,270,19,0,19
1994-09-23 19:00:00,18.3,87,1.5,240,0,0,0
1994-09-23 20:00:00,18.3,87,2.1,260,0,0,0
1994-09-23 21:00:00,18.3,90,2.0,260,0,0,0
1994-09-23 22:00:00,18.3,87,1.0,270,0,0,0
1994-09-23 23:00:00,17.7,87,2.0,270,0,0,0
1994-09-24 00:00:00,17.7,90,1.5,270,0,0,0
1994-09-24 01:00:00,17.7,87,2.0,270,0,0,0
1994-09-24 02:00:00,17.8,87,1.5,270,0,0,0
1994-09-24 03:00:00,16.7,90,1.5,270,0,0,0
1994-09-24 04:00:00,17.2,87,0.5,270,0,0,0
1994-09-24 05:00:00,16.1,93,0.5,260,0,0,0
1994-09-24 06:00:00,15.5,97,0.0,0,0,1,0
1994-09-24 07:00:00,16.1,96,1.0,230,60,177,39
1994-09-24 08:00:00,18.8,84,1.0,280,226,477,78
1994-09-24 09:00:00,21.1,68,1.0,290,379,563,108
1994-09-24 10:00:00,22.2,64,1.5,290,516,503,204
1994-09-24 11:00:00,23.3,62,2.0,220,574,346,326
1994-09-24 12:00:00,23.3,60,1.0,190,664,493,287
1994-09-24 13:00:00,22.2,71,2.5,100,665,583,223
1994-09-24 14:00:00,22.7,71,2.5,100,582,518,219
1994-09-24 15:00:00,21.1,75,3.6,100,340,298,162
1994-09-24 16:00:00,21.1,75,2.5,110,345,409,162
1994-09-24 17:00:00,20.0,81,2.5,120,171,265,99
1994-09-24 18:00:00,18.3,87,0.0,0,30,27,27
1994-09-24 19:00:00,17.7,90,2.0,120,0,0,0
1994-09-24 20:00:00,17.2,90,1.0,140,0,0,0
1994-09-24 21:00:00,17.2,90,1.5,160,0,0,0
1994-09-24 22:00:00,16.6,97,0.5,170,0,0,0
1994-09-24 23:00:00,16.1,100,1.0,170,0,0,0
1994-09-25 00:00:00,16.1,100,0.5,190,0,0,0
1994-09-25 01:00:00,16.1,96,0.0,0,0,0,0
1994-09-25 02:00:00,16.1,100,0.0,0,0,0,0
1994-09-25 03:00:00,16.1,96,0.5,170,0,0,0
1994-09-25 04:00:00,16.1,96,0.0,0,0,0,0
1994-09-25 05:00:00,16.1,96,0.0,0,0,0,0
1994-09-25 06:00:00,16.6,97,0.5,180,0,0,0
1994-09-25 07:00:00,17.2,100,0.0,0,43,13,41
1994-09-25 08:00:00,19.4,93,0.0,0,64,0,64
1994-09-25 09:00:00,20.5,90,0.0,0,299,237,185
1994-09-25 10:00:00,22.2,84,0.0,0,167,0,167
1994-09-25 11:00:00,21.6,87,1.0,110,201,0,201
1994-09-25 12:00:00,23.3,84,1.0,110,562,190,418
1994-09-25 13:00:00,24.4,82,3.0,110,687,545,277
1994-09-25 14:00:00,23.3,79,3.0,110,433,221,279
1994-09-25 15:00:00,23.8,76,3.0,120,383,252,234
1994-09-25 16:00:00,22.7,76,3.6,120,223,72,191
1994-09-25 17:00:00,21.6,84,3.0,130,120,70,101
1994-09-25 18:00:00,21.1,87,4.1,140,24,2,24
1994-09-25 19:00:00,21.1,90,3.0,150,0,0,0
1994-09-25 20:00:00,20.5,90,3.0,150,0,0,0
1994-09-25 21:00:00,20.0,93,2.5,140,0,0,0
1994-09-25 22:00:00,19.4,93,1.5,160,0,0,0
1994-09-25 23:00:00,18.3,96,0.0,0,0,0,0
1994-09-26 00:00:00,18.8,97,0.5,130,0,0,0
1994-09-26 01:00:00,19.4,90,2.0,140,0,0,0
1994-09-26 02:00:00,20.0,90,2.0,140,0,0,0
1994-09-26 03:00:00,20.0,96,1.5,130,0,0,0
1994-09-26 04:00:00,20.0,96,2.0,130,0,0,0
1994-09-26 05:00:00,20.0,96,2.0,130,0,0,0
1994-09-26 06:00:00,20.0,96,3.0,140,0,0,0
1994-09-26 07:00:00,20.5,93,3.0,140,23,0,23
1994-09-26 08:00:00,20.5,97,2.0,140,71,0,71
1994-09-26 09:00:00,21.1,93,3.1,140,128,0,128
1994-09-26 10:00:00,20.6,96,3.6,130,175,0,175
1994-09-26 11:00:00,21.1,93,3.0,130,207,0,207
1994-09-26 12:00:00,20.5,97,3.6,130,223,0,223
1994-09-26 13:00:00,21.1,96,3.6,130,221,0,221
1994-09-26 14:00:00,21.6,93,3.0,130,168,0,168
1994-09-26 15:00:00,22.2,87,5.1,130,227,67,188
1994-09-26 16:00:00,21.1,84,3.6,120,145,60,119
1994-09-26 17:00:00,21.6,91,4.1,120,58,0,58
1994-09-26 18:00:00,21.1,90,2.5,100,12,0,12
1994-09-26 19:00:00,21.1,90,0.5,90,0,0,0
1994-09-26 20:00:00,20.5,93,0.0,0,0,0,0
1994-09-26 21:00:00,21.1,93,3.0,130,0,0,0
1994-09-26 22:00:00,21.1,96,4.1,140,0,0,0
1994-09-26 23:00:00,21.6,93,2.0,160,0,0,0
1994-09-27 00:00:00,21.1,96,2.0,140,0,0,0
1994-09-27 01:00:00,21.1,96,2.5,150,0,0,0
1994-09-27 02:00:00,21.1,96,2.5,150,0,0,0
1994-09-27 03:00:00,21.1,100,2.0,180,0,0,0
1994-09-27 04:00:00,20.5,100,1.5,180,0,0,0
1994-09-27 05:00:00,20.0,100,1.5,160,0,0,0
1994-09-27 06:00:00,20.5,97,2.0,170,0,3,0
1994-09-27 07:00:00,21.1,96,2.0,180,37,72,29
1994-09-27 08:00:00,21.7,93,3.1,180,53,0,53
1994-09-27 09:00:00,22.2,90,4.1,180,234,102,186
1994-09-27 10:00:00,24.4,76,2.5,190,445,481,152
1994-09-27 11:00:00,22.2,90,2.0,210,505,428,203
1994-09-27 12:00:00,22.2,82,0.5,260,710,677,201
1994-09-27 13:00:00,25.5,77,5.1,220,695,784,111
1994-09-27 14:00:00,26.6,58,7.2,210,635,717,143
1994-09-27 15:00:00,26.1,50,5.1,210,551,828,71
1994-09-27 16:00:00,25.0,60,5.6,210,349,573,101
1994-09-27 17:00:00,23.8,54,5.1,220,174,479,52
1994-09-27 18:00:00,21.6,61,4.1,210,32,155,20
1994-09-27 19:00:00,20.0,70,1.0,220,0,0,0
1994-09-27 20:00:00,19.4,76,2.5,200,0,0,0
1994-09-27 21:00:00,18.3,78,1.0,240,0,0,0
1994-09-27 22:00:00,18.3,81,2.0,250,0,0,0
1994-09-27 23:00:00,16.1,90,0.0,0,0,0,0
1994-09-28 00:00:00,16.6,90,0.0,0,0,0,0
1994-09-28 01:00:00,16.1,90,0.0,0,0,0,0
1994-09-28 02:00:00,14.4,96,1.0,170,0,0,0
1994-09-28 03:00:00,15.5,97,0.0,0,0,0,0
1994-09-28 04:00:00,14.4,96,0.0,0,0,0,0
1994-09-28 05:00:00,13.3,100,0.0,0,0,0,0
1994-09-28 06:00:00,13.3,100,0.0,0,0,0,0
1994-09-28 07:00:00,14.4,96,0.0,0,44,40,40
1994-09-28 08:00:00,18.3,81,0.0,0,194,301,104
1994-09-28 09:00:00,21.1,59,1.0,300,365,415,170
1994-09-28 10:00:00,21.6,53,1.0,300,290,60,253
1994-09-28 11:00:00,22.7,46,0.5,320,550,307,335
1994-09-28 12:00:00,23.8,50,1.0,210,398,198,249
1994-09-28 13:00:00,21.6,59,2.0,130,350,94,280
1994-09-28 14:00:00,21.1,63,1.0,110,195,13,186
1994-09-28 15:00:00,21.1,59,0.5,100,389,54,358
1994-09-28 16:00:00,20.5,68,0.0,0,125,0,125
1994-09-28 17:00:00,20.0,67,0.0,0,58,0,58
1994-09-28 18:00:00,18.8,81,0.0,0,15,0,15
1994-09-28 19:00:00,18.8,73,0.0,0,0,0,0
1994-09-28 20:00:00,17.7,78,0.5,270,0,0,0
1994-09-28 21:00:00,16.6,81,0.5,260,0,0,0
1994-09-28 22:00:00,17.2,78,1.0,340,0,0,0
1994-09-28 23:00:00,16.6,78,0.0,0,0,0,0
1994-09-29 00:00:00,16.1,80,1.5,300,0,0,0
1994-09-29 01:00:00,15.0,83,0.5,300,0,0,0
1994-09-29 02:00:00,14.4,77,1.0,260,0,0,0
1994-09-29 03:00:00,13.3,83,1.0,240,0,0,0
1994-09-29 04:00:00,12.7,80,1.0,240,0,0,0
1994-09-29 05:00:00,13.8,72,2.0,280,0,0,0
1994-09-29 06:00:00,13.3,74,2.0,270,0,0,0
1994-09-29 07:00:00,13.8,72,2.0,260,53,85,45
1994-09-29 08:00:00,15.5,64,4.6,280,192,347,90
1994-09-29 09:00:00,17.7,54,5.6,280,390,576,122
1994-09-29 10:00:00,18.3,46,6.1,280,579,717,147
1994-09-29 11:00:00,19.4,45,5.1,290,692,777,151
1994-09-29 12:00:00,18.8,45,7.2,280,602,555,190
1994-09-29 13:00:00,18.8,45,8.2,300,711,742,166
1994-09-29 14:00:00,20.0,42,8.2,290,485,423,199
1994-09-29 15:00:00,19.4,43,6.1,290,493,639,129
1994-09-29 16:00:00,19.4,42,5.6,290,345,473,146
1994-09-29 17:00:00,18.8,43,5.6,290,161,379,69
1994-09-29 18:00:00,17.7,45,3.0,300,21,50,17
1994-09-29 19:00:00,16.6,52,2.5,320,0,0,0
1994-09-29 20:00:00,14.4,72,2.0,320,0,0,0
1994-09-29 21:00:00,15.5,51,3.6,300,0,0,0
1994-09-29 22:00:00,14.4,51,3.0,290,0,0,0
1994-09-29 23:00:00,13.3,57,2.5,290,0,0,0
1994-09-30 00:00:00,12.7,62,2.0,270,0,0,0
1994-09-30 01:00:00,11.1,68,1.0,270,0,0,0
1994-09-30 02:00:00,10.5,71,2.5,260,0,0,0
1994-09-30 03:00:00,10.0,74,1.5,260,0,0,0
1994-09-30 04:00:00,9.4,80,2.0,260,0,0,0
1994-09-30 05:00:00,10.0,77,2.0,260,0,0,0
1994-09-30 06:00:00,10.5,77,1.0,280,0,0,0
1994-09-30 07:00:00,11.6,74,3.0,290,39,46,34
1994-09-30 08:00:00,14.4,64,3.6,290,157,165,109
1994-09-30 09:00:00,16.1,56,7.2,310,362,407,174
1994-09-30 10:00:00,17.2,48,7.2,320,539,596,182
1994-09-30 11:00:00,17.7,45,6.6,310,604,586,198
1994-09-30 12:00:00,19.4,45,5.1,300,675,596,235
1994-09-30 13:00:00,20.0,40,5.1,320,654,597,218
1994-09-30 14:00:00,20.5,39,6.6,320,614,627,193
1994-09-30 15:00:00,20.5,40,5.6,290,517,596,180
1994-09-30 16:00:00,20.5,37,5.6,290,298,389,136
1994-09-30 17:00:00,19.4,37,5.1,310,131,176,89
1994-09-30 18:00:00,17.2,46,1.5,290,18,21,17
1994-09-30 19:00:00,17.8,47,3.6,10,0,0,0
1994-09-30 20:00:00,13.8,64,0.0,0,0,0,0
1994-09-30 21:00:00,12.7,72,0.0,0,0,0,0
1994-09-30 22:00:00,12.3,80,0.3,190,0,0,0
1994-09-30 23:00:00,11.9,74,0.6,220,0,0,0
1994-10-01 00:00:00,11.5,71,0.9,240,0,0,0
2001-10-01 01:00:00,11.2,87,1.2,320,0,0,0
2001-10-01 02:00:00,10.8,87,1.5,330,0,0,0
2001-10-01 03:00:00,10.4,93,1.8,360,0,0,0
2001-10-01 04:00:00,10.0,93,2.1,350,0,0,0
2001-10-01 05:00:00,9.0,93,4.6,340,0,0,0
2001-10-01 06:00:00,9.0,87,6.7,340,0,0,0
2001-10-01 07:00:00,9.0,87,5.7,330,0,0,0
2001-10-01 08:00:00,9.0,93,2.6,340,117,0,117
2001-10-01 09:00:00,10.0,87,1.5,310,169,0,169
2001-10-01 10:00:00,11.0,87,2.6,340,276,18,265
2001-10-01 11:00:00,11.0,82,3.6,350,323,24,306
2001-10-01 12:00:00,12.0,82,4.6,320,346,24,328
2001-10-01 13:00:00,14.0,72,3.6,330,261,6,257
2001-10-01 14:00:00,14.0,77,3.1,330,243,6,239
2001-10-01 15:00:00,13.0,72,3.1,350,174,0,174
2001-10-01 16:00:00,14.0,67,2.6,310,159,6,156
2001-10-01 17:00:00,14.0,72,2.1,270,82,6,81
2001-10-01 18:00:00,12.0,88,2.1,150,11,49,9
2001-10-01 19:00:00,12.0,82,2.6,190,0,0,0
2001-10-01 20:00:00,12.0,76,3.1,210,0,0,0
2001-10-01 21:00:00,11.0,82,3.6,210,0,0,0
2001-10-01 22:00:00,10.0,82,3.6,240,0,0,0
2001-10-01 23:00:00,10.0,82,3.1,240,0,0,0
2001-10-02 00:00:00,9.0,93,2.6,230,0,0,0
2001-10-02 01:00:00,9.0,93,1.0,300,0,0,0
2001-10-02 02:00:00,10.0,93,2.1,310,0,0,0
2001-10-02 03:00:00,10.0,93,1.5,290,0,0,0
2001-10-02 04:00:00,11.0,87,2.6,290,0,0,0
2001-10-02 05:00:00,11.0,87,2.1,320,0,0,0
2001-10-02 06:00:00,11.0,87,2.1,320,0,0,0
2001-10-02 07:00:00,11.0,94,1.0,300,0,0,0
2001-10-02 08:00:00,14.0,82,3.1,300,242,496,101
2001-10-02 09:00:00,18.0,68,3.6,310,407,613,129
2001-10-02 10:00:00,20.0,60,5.1,310,578,755,132
2001-10-02 11:00:00,22.0,53,5.1,310,677,767,152
2001-10-02 12:00:00,22.0,50,4.1,270,740,842,126
2001-10-02 13:00:00,23.0,47,5.7,280,729,844,121
2001-10-02 14:00:00,25.0,41,4.1,310,665,822,122
2001-10-02 15:00:00,24.0,44,6.2,310,532,804,87
2001-10-02 16:00:00,24.0,47,5.1,300,359,662,91
2001-10-02 17:00:00,22.6,53,3.6,270,173,488,62
2001-10-02 18:00:00,21.0,60,2.1,230,10,81,7
2001-10-02 19:00:00,18.0,73,2.6,240,0,0,0
2001-10-02 20:00:00,17.0,77,3.1,220,0,0,0
2001-10-02 21:00:00,17.0,77,3.1,230,0,0,0
2001-10-02 22:00:00,16.0,82,2.6,230,0,0,0
2001-10-02 23:00:00,16.0,82,3.1,240,0,0,0
2001-10-03 00:00:00,16.0,82,2.6,220,0,0,0
2001-10-03 01:00:00,16.0,82,2.6,220,0,0,0
2001-10-03 02:00:00,16.0,82,3.4,230,0,0,0
2001-10-03 03:00:00,16.0,82,4.1,240,0,0,0
2001-10-03 04:00:00,14.0,88,1.5,210,0,0,0
2001-10-03 05:00:00,14.0,94,2.1,230,0,0,0
2001-10-03 06:00:00,13.0,100,1.5,230,0,0,0
2001-10-03 07:00:00,15.0,94,1.0,220,0,0,0
2001-10-03 08:00:00,18.0,83,3.1,220,235,425,116
2001-10-03 09:00:00,21.0,69,3.1,230,401,563,147
2001-10-03 10:00:00,24.0,54,3.1,270,559,706,144
2001-10-03 11:00:00,25.0,50,3.1,270,652,701,176
2001-10-03 12:00:00,27.0,45,4.1,240,661,589,234
2001-10-03 13:00:00,27.0,39,4.6,220,646,569,239
2001-10-03 14:00:00,26.0,42,3.1,260,590,566,219
2001-10-03 15:00:00,27.0,39,5.1,250,470,555,165
2001-10-03 16:00:00,26.0,42,6.2,230,353,656,91
2001-10-03 17:00:00,24.0,47,3.6,230,167,476,62
2001-10-03 18:00:00,22.0,53,2.1,210,9,91,6
2001-10-03 19:00:00,19.0,68,1.5,190,0,0,0
2001-10-03 20:00:00,18.0,77,2.1,180,0,0,0
2001-10-03 21:00:00,18.0,77,2.1,190,0,0,0
2001-10-03 22:00:00,17.0,82,3.1,200,0,0,0
2001-10-03 23:00:00,18.0,77,3.1,210,0,0,0
2001-10-04 00:00:00,17.0,82,3.1,220,0,0,0
2001-10-04 01:00:00,17.0,88,3.6,230,0,0,0
2001-10-04 02:00:00,17.0,88,3.6,230,0,0,0
2001-10-04 03:00:00,16.0,94,3.1,220,0,0,0
2001-10-04 04:00:00,16.0,94,3.1,240,0,0,0
2001-10-04 05:00:00,15.0,94,3.1,220,0,0,0
2001-10-04 06:00:00,15.0,94,3.1,220,0,0,0
2001-10-04 07:00:00,16.0,88,2.6,220,0,0,0
2001-10-04 08:00:00,19.0,78,3.1,220,236,484,102
2001-10-04 09:00:00,21.0,69,3.6,240,408,644,120
2001-10-04 10:00:00,24.0,57,3.1,250,565,749,129
2001-10-04 11:00:00,26.0,48,4.1,280,671,773,148
2001-10-04 12:00:00,27.0,39,4.1,280,715,775,157
2001-10-04 13:00:00,28.0,32,4.1,260,723,838,127
2001-10-04 14:00:00,27.0,32,4.1,260,647,816,116
2001-10-04 15:00:00,27.0,32,3.6,250,508,756,98
2001-10-04 16:00:00,26.0,34,5.1,250,353,684,83
2001-10-04 17:00:00,24.0,41,3.6,230,161,474,59
2001-10-04 18:00:00,22.0,46,1.0,220,6,65,5
2001-10-04 19:00:00,19.0,64,2.1,200,0,0,0
2001-10-04 20:00:00,18.0,68,3.1,200,0,0,0
2001-10-04 21:00:00,18.0,68,2.1,200,0,0,0
2001-10-04 22:00:00,16.0,77,2.1,190,0,0,0
2001-10-04 23:00:00,15.0,88,2.6,160,0,0,0
2001-10-05 00:00:00,15.0,88,2.1,160,0,0,0
2001-10-05 01:00:00,14.0,94,2.6,160,0,0,0
2001-10-05 02:00:00,15.0,88,2.1,200,0,0,0
2001-10-05 03:00:00,15.0,88,2.6,210,0,0,0
2001-10-05 04:00:00,16.0,82,3.6,210,0,0,0
2001-10-05 05:00:00,15.0,88,2.6,210,0,0,0
2001-10-05 06:00:00,14.0,94,3.1,220,0,0,0
2001-10-05 07:00:00,16.0,88,3.6,220,0,0,0
2001-10-05 08:00:00,18.0,83,4.1,220,221,420,106
2001-10-05 09:00:00,21.0,69,5.1,220,402,632,122
2001-10-05 10:00:00,23.0,61,5.1,220,572,779,121
2001-10-05 11:00:00,25.0,47,5.1,220,678,816,129
2001-10-05 12:00:00,26.0,48,5.1,220,728,848,121
2001-10-05 13:00:00,27.0,39,6.2,220,711,808,140
2001-10-05 14:00:00,27.0,34,6.7,240,618,697,168
2001-10-05 15:00:00,27.0,34,8.2,210,491,703,113
2001-10-05 16:00:00,26.0,37,6.7,230,341,638,93
2001-10-05 17:00:00,23.0,53,4.1,190,147,413,60
2001-10-05 18:00:00,21.0,64,4.1,180,4,44,3
2001-10-05 19:00:00,19.0,73,3.6,170,0,0,0
2001-10-05 20:00:00,19.0,73,3.6,180,0,0,0
2001-10-05 21:00:00,19.0,78,4.6,190,0,0,0
2001-10-05 22:00:00,19.0,78,5.1,180,0,0,0
2001-10-05 23:00:00,19.0,78,4.6,190,0,0,0
2001-10-06 00:00:00,20.0,73,6.7,190,0,0,0
2001-10-06 01:00:00,20.0,73,6.7,190,0,0,0
2001-10-06 02:00:00,21.0,69,8.2,200,0,0,0
2001-10-06 03:00:00,20.0,78,9.8,200,0,0,0
2001-10-06 04:00:00,20.0,78,9.3,200,0,0,0
2001-10-06 05:00:00,20.0,78,7.2,200,0,0,0
2001-10-06 06:00:00,21.0,73,7.2,210,0,0,0
2001-10-06 07:00:00,20.0,83,6.7,210,0,0,0
2001-10-06 08:00:00,19.0,94,5.7,230,63,0,63
2001-10-06 09:00:00,19.0,94,8.7,280,95,0,95
2001-10-06 10:00:00,14.0,94,9.3,290,96,0,96
2001-10-06 11:00:00,14.0,88,6.7,290,112,0,112
2001-10-06 12:00:00,13.0,77,4.1,290,176,0,176
2001-10-06 13:00:00,14.0,72,4.1,280,118,0,118
2001-10-06 14:00:00,16.0,48,7.2,320,474,280,294
2001-10-06 15:00:00,16.0,48,5.1,330,374,224,254
2001-10-06 16:00:00,15.0,48,6.2,320,162,17,156
2001-10-06 17:00:00,14.0,51,3.1,330,75,5,74
2001-10-06 18:00:00,13.0,54,2.1,310,3,14,2
2001-10-06 19:00:00,13.0,54,2.1,280,0,0,0
2001-10-06 20:00:00,11.0,71,1.5,250,0,0,0
2001-10-06 21:00:00,10.5,71,2.6,270,0,0,0
2001-10-06 22:00:00,10.0,71,3.6,290,0,0,0
2001-10-06 23:00:00,10.0,62,4.1,290,0,0,0
2001-10-07 00:00:00,9.0,66,3.1,290,0,0,0
2001-10-07 01:00:00,8.0,71,3.1,310,0,0,0
2001-10-07 02:00:00,8.0,66,3.6,300,0,0,0
2001-10-07 03:00:00,7.0,70,3.1,270,0,0,0
2001-10-07 04:00:00,7.0,66,4.1,270,0,0,0
2001-10-07 05:00:00,7.0,61,4.1,270,0,0,0
2001-10-07 06:00:00,6.0,60,4.6,280,0,0,0
2001-10-07 07:00:00,7.0,56,3.6,270,0,0,0
2001-10-07 08:00:00,10.0,46,6.7,290,215,415,105
2001-10-07 09:00:00,11.0,39,7.2,290,389,570,140
2001-10-07 10:00:00,12.0,37,7.2,290,540,688,147
2001-10-07 11:00:00,13.0,35,9.3,290,640,725,159
2001-10-07 12:00:00,14.0,32,8.7,280,691,721,181
2001-10-07 13:00:00,13.0,35,8.2,320,610,491,268
2001-10-07 14:00:00,14.0,32,8.2,310,600,673,172
2001-10-07 15:00:00,14.0,30,7.2,290,463,620,136
2001-10-07 16:00:00,13.0,32,8.7,320,340,660,90
2001-10-07 17:00:00,12.0,24,5.7,310,140,421,56
2001-10-07 18:00:00,11.0,39,4.1,300,1,0,1
2001-10-07 19:00:00,8.0,48,2.6,270,0,0,0
2001-10-07 20:00:00,7.0,52,4.6,290,0,0,0
2001-10-07 21:00:00,6.0,51,3.6,310,0,0,0
2001-10-07 22:00:00,6.0,55,3.6,310,0,0,0
2001-10-07 23:00:00,6.0,51,3.6,320,0,0,0
2001-10-08 00:00:00,4.0,59,4.6,310,0,0,0
2001-10-08 01:00:00,4.0,59,3.6,310,0,0,0
2001-10-08 02:00:00,4.0,59,2.1,310,0,0,0
2001-10-08 03:00:00,3.0,68,2.6,240,0,0,0
2001-10-08 04:00:00,2.5,74,3.1,270,0,0,0
2001-10-08 05:00:00,2.0,80,3.6,300,0,0,0
2001-10-08 06:00:00,3.0,68,3.1,280,0,0,0
2001-10-08 07:00:00,4.2,64,3.6,310,0,0,0
2001-10-08 08:00:00,7.0,56,4.1,330,224,528,85
2001-10-08 09:00:00,8.0,44,7.2,340,389,602,130
2001-10-08 10:00:00,9.0,35,7.2,340,560,774,121
2001-10-08 11:00:00,11.0,31,6.7,350,672,846,114
2001-10-08 12:00:00,11.0,31,5.7,330,703,806,138
2001-10-08 13:00:00,12.0,31,6.2,320,681,766,151
2001-10-08 14:00:00,12.0,29,4.6,350,617,774,129
2001-10-08 15:00:00,12.0,26,5.1,320,479,714,106
2001-10-08 16:00:00,12.0,31,3.1,340,329,653,85
2001-10-08 17:00:00,11.0,33,4.1,330,139,435,54
2001-10-08 18:00:00,9.0,38,3.6,330,0,0,0
2001-10-08 19:00:00,8.0,44,1.5,350,0,0,0
2001-10-08 20:00:00,4.0,64,2.1,10,0,0,0
2001-10-08 21:00:00,6.0,51,0.5,300,0,0,0
2001-10-08 22:00:00,4.0,64,1.5,230,0,0,0
2001-10-08 23:00:00,4.0,69,2.1,230,0,0,0
2001-10-09 00:00:00,3.0,74,2.1,230,0,0,0
2001-10-09 01:00:00,3.0,74,2.1,230,0,0,0
2001-10-09 02:00:00,3.0,74,1.5,240,0,0,0
2001-10-09 03:00:00,2.0,80,0.5,280,0,0,0
2001-10-09 04:00:00,2.0,80,1.5,310,0,0,0
2001-10-09 05:00:00,2.0,80,2.1,300,0,0,0
2001-10-09 06:00:00,1.0,86,2.1,310,0,0,0
2001-10-09 07:00:00,2.0,80,1.5,320,0,0,0
2001-10-09 08:00:00,7.0,76,1.5,300,209,456,91
2001-10-09 09:00:00,11.0,54,1.5,270,403,714,98
2001-10-09 10:00:00,13.0,35,2.1,240,547,756,122
2001-10-09 11:00:00,13.0,35,2.1,210,647,786,132
2001-10-09 12:00:00,15.0,33,2.6,170,691,776,150
2001-10-09 13:00:00,16.0,39,2.6,120,687,808,131
2001-10-09 14:00:00,15.0,41,4.6,90,617,792,122
2001-10-09 15:00:00,16.0,45,4.1,120,478,737,97
2001-10-09 16:00:00,15.0,51,5.7,120,323,647,85
2001-10-09 17:00:00,13.0,58,3.1,130,129,380,57
2001-10-09 18:00:00,12.0,62,0.5,150,0,0,0
2001-10-09 19:00:00,9.0,66,2.1,160,0,0,0
2001-10-09 20:00:00,9.0,61,2.6,200,0,0,0
2001-10-09 21:00:00,8.0,66,2.1,180,0,0,0
2001-10-09 22:00:00,7.0,70,2.1,170,0,0,0
2001-10-09 23:00:00,7.0,76,1.5,170,0,0,0
2001-10-10 00:00:00,7.0,76,1.5,180,0,0,0
2001-10-10 01:00:00,6.0,81,1.5,180,0,0,0
2001-10-10 02:00:00,6.0,81,2.1,180,0,0,0
2001-10-10 03:00:00,6.0,87,1.5,180,0,0,0
2001-10-10 04:00:00,6.0,87,2.1,170,0,0,0
2001-10-10 05:00:00,6.0,87,1.5,190,0,0,0
2001-10-10 06:00:00,7.0,87,2.1,180,0,0,0
2001-10-10 07:00:00,8.0,87,2.1,200,0,0,0
2001-10-10 08:00:00,12.0,82,3.1,220,218,523,84
2001-10-10 09:00:00,18.0,68,4.1,220,390,652,114
2001-10-10 10:00:00,18.0,73,4.1,230,528,683,147
2001-10-10 11:00:00,20.0,53,7.2,250,622,707,162
2001-10-10 12:00:00,21.0,49,5.7,250,679,727,175
2001-10-10 13:00:00,22.0,57,5.1,250,687,808,135
2001-10-10 14:00:00,22.0,60,4.6,230,611,786,123
2001-10-10 15:00:00,22.0,60,6.2,230,489,755,103
2001-10-10 16:00:00,21.0,69,5.7,220,301,520,113
2001-10-10 17:00:00,20.0,73,4.6,220,119,330,58
2001-10-10 18:00:00,19.0,64,2.6,190,0,0,0
2001-10-10 19:00:00,17.0,82,2.6,170,0,0,0
2001-10-10 20:00:00,16.0,82,2.1,150,0,0,0
2001-10-10 21:00:00,15.0,88,3.1,180,0,0,0
2001-10-10 22:00:00,15.0,88,3.6,180,0,0,0
2001-10-10 23:00:00,15.0,88,3.6,180,0,0,0
2001-10-11 00:00:00,15.0,88,3.6,190,0,0,0
2001-10-11 01:00:00,15.0,88,3.6,200,0,0,0
2001-10-11 02:00:00,15.0,88,3.6,200,0,0,0
2001-10-11 03:00:00,14.0,94,3.1,200,0,0,0
2001-10-11 04:00:00,14.0,94,2.6,200,0,0,0
2001-10-11 05:00:00,14.0,94,3.1,190,0,0,0
2001-10-11 06:00:00,14.0,88,3.1,210,0,0,0
2001-10-11 07:00:00,15.0,88,4.1,210,0,0,0
2001-10-11 08:00:00,18.0,73,4.6,220,203,392,104
2001-10-11 09:00:00,20.0,64,5.7,230,377,572,137
2001-10-11 10:00:00,21.0,64,6.7,230,535,731,129
2001-10-11 11:00:00,23.0,57,7.7,240,628,749,144
2001-10-11 12:00:00,25.0,50,6.7,210,667,721,171
2001-10-11 13:00:00,25.2,50,6.7,210,645,688,179
2001-10-11 14:00:00,25.0,50,5.1,200,576,661,169
2001-10-11 15:00:00,25.0,50,6.2,210,450,613,139
2001-10-11 16:00:00,24.0,54,5.1,220,306,577,99
2001-10-11 17:00:00,23.0,53,4.1,200,105,212,67
2001-10-11 18:00:00,22.0,60,3.1,190,0,0,0
2001-10-11 19:00:00,20.0,60,2.6,170,0,0,0
2001-10-11 20:00:00,20.0,60,2.6,170,0,0,0
2001-10-11 21:00:00,17.0,82,2.6,190,0,0,0
2001-10-11 22:00:00,16.0,88,2.6,190,0,0,0
2001-10-11 23:00:00,16.0,82,2.6,190,0,0,0
2001-10-12 00:00:00,16.0,88,2.6,200,0,0,0
2001-10-12 01:00:00,15.0,94,2.6,200,0,0,0
2001-10-12 02:00:00,15.0,94,2.1,200,0,0,0
2001-10-12 03:00:00,15.0,77,2.6,220,0,0,0
2001-10-12 04:00:00,15.0,88,2.1,160,0,0,0
2001-10-12 05:00:00,14.0,100,1.0,140,0,0,0
2001-10-12 06:00:00,14.0,94,1.5,120,0,0,0
2001-10-12 07:00:00,14.0,94,1.0,100,0,0,0
2001-10-12 08:00:00,15.0,100,2.1,180,171,239,112
2001-10-12 09:00:00,18.0,88,1.5,210,357,510,145
2001-10-12 10:00:00,21.0,78,2.1,220,490,549,188
2001-10-12 11:00:00,25.0,57,2.1,160,585,586,209
2001-10-12 12:00:00,23.0,61,3.6,100,552,361,305
2001-10-12 13:00:00,22.0,60,4.6,130,533,323,315
2001-10-12 14:00:00,22.0,57,4.1,130,611,732,164
2001-10-12 15:00:00,21.0,56,4.6,110,477,695,128
2001-10-12 16:00:00,22.0,57,4.1,130,253,311,144
2001-10-12 17:00:00,20.0,53,3.6,130,121,327,64
2001-10-12 18:00:00,19.0,60,3.1,140,0,0,0
2001-10-12 19:00:00,18.0,56,3.1,160,0,0,0
2001-10-12 20:00:00,18.0,56,3.1,160,0,0,0
2001-10-12 21:00:00,17.0,55,2.6,170,0,0,0
2001-10-12 22:00:00,17.0,59,2.1,190,0,0,0
2001-10-12 23:00:00,17.0,55,2.6,210,0,0,0
2001-10-13 00:00:00,18.0,83,1.5,150,0,0,0
2001-10-13 01:00:00,17.0,94,2.6,220,0,0,0
2001-10-13 02:00:00,17.0,82,2.6,210,0,0,0
2001-10-13 03:00:00,17.0,82,2.1,200,0,0,0
2001-10-13 04:00:00,15.0,94,2.1,140,0,0,0
2001-10-13 05:00:00,15.0,94,1.5,130,0,0,0
2001-10-13 06:00:00,15.0,94,1.5,150,0,0,0
2001-10-13 07:00:00,16.0,94,2.1,170,0,0,0
2001-10-13 08:00:00,20.0,73,4.1,200,205,487,86
2001-10-13 09:00:00,21.0,73,3.1,230,385,684,103
2001-10-13 10:00:00,24.0,54,3.1,210,535,768,116
2001-10-13 11:00:00,25.0,57,3.1,210,635,810,119
2001-10-13 12:00:00,25.0,50,4.1,120,673,757,159
2001-10-13 13:00:00,24.0,57,5.1,130,609,586,218
2001-10-13 14:00:00,24.0,69,6.2,130,570,690,152
2001-10-13 15:00:00,23.0,69,6.7,130,432,601,134
2001-10-13 16:00:00,22.0,64,6.7,130,294,581,92
2001-10-13 17:00:00,21.0,69,5.1,140,120,426,47
2001-10-13 18:00:00,20.0,68,3.6,140,0,0,0
2001-10-13 19:00:00,19.0,73,3.1,140,0,0,0
2001-10-13 20:00:00,18.0,73,2.1,140,0,0,0
2001-10-13 21:00:00,17.0,82,2.1,150,0,0,0
2001-10-13 22:00:00,17.0,82,1.5,140,0,0,0
2001-10-13 23:00:00,16.0,88,2.6,130,0,0,0
2001-10-14 00:00:00,16.0,88,1.0,140,0,0,0
2001-10-14 01:00:00,16.0,88,2.1,140,0,0,0
2001-10-14 02:00:00,15.0,88,1.5,150,0,0,0
2001-10-14 03:00:00,15.0,94,2.1,150,0,0,0
2001-10-14 04:00:00,16.0,94,1.5,150,0,0,0
2001-10-14 05:00:00,15.0,94,1.0,110,0,0,0
2001-10-14 06:00:00,15.0,94,1.5,130,0,0,0
2001-10-14 07:00:00,17.0,88,3.6,140,0,0,0
2001-10-14 08:00:00,18.0,83,3.6,140,132,53,119
2001-10-14 09:00:00,20.0,83,5.1,150,248,100,207
2001-10-14 10:00:00,21.0,83,4.6,130,355,159,269
2001-10-14 11:00:00,22.0,73,5.7,120,224,6,220
2001-10-14 12:00:00,21.0,83,8.7,120,242,6,238
2001-10-14 13:00:00,21.0,83,7.2,120,237,18,225
2001-10-14 14:00:00,21.0,83,7.2,130,535,512,228
2001-10-14 15:00:00,20.0,88,8.7,130,421,536,157
2001-10-14 16:00:00,20.0,88,7.7,130,273,443,121
2001-10-14 17:00:00,20.0,88,7.7,130,73,84,60
2001-10-14 18:00:00,19.0,94,6.7,130,0,0,0
2001-10-14 19:00:00,19.0,88,5.1,140,0,0,0
2001-10-14 20:00:00,20.0,83,5.1,150,0,0,0
2001-10-14 21:00:00,21.0,83,5.7,170,0,0,0
2001-10-14 22:00:00,22.0,83,7.7,180,0,0,0
2001-10-14 23:00:00,21.0,94,6.2,190,0,0,0
2001-10-15 00:00:00,19.0,88,5.1,300,0,0,0
2001-10-15 01:00:00,17.0,88,7.7,290,0,0,0
2001-10-15 02:00:00,16.0,88,4.6,320,0,0,0
2001-10-15 03:00:00,15.0,82,2.1,270,0,0,0
2001-10-15 04:00:00,15.0,88,5.1,280,0,0,0
2001-10-15 05:00:00,15.0,82,3.6,280,0,0,0
2001-10-15 06:00:00,14.0,77,3.1,270,0,0,0
2001-10-15 07:00:00,16.0,77,3.6,260,0,0,0
2001-10-15 08:00:00,16.0,77,4.1,260,199,483,85
2001-10-15 09:00:00,19.0,56,5.1,280,365,610,118
2001-10-15 10:00:00,20.0,53,7.7,280,510,677,146
2001-10-15 11:00:00,20.0,53,7.7,280,623,774,137
2001-10-15 12:00:00,20.0,53,7.7,290,679,818,132
2001-10-15 13:00:00,20.0,60,7.2,280,639,724,162
2001-10-15 14:00:00,20.0,60,7.2,280,581,767,124
2001-10-15 15:00:00,20.0,49,6.2,280,437,671,111
2001-10-15 16:00:00,20.0,43,6.2,290,282,586,84
2001-10-15 17:00:00,19.0,49,4.6,270,109,401,45
2001-10-15 18:00:00,17.0,59,1.5,250,0,0,0
2001-10-15 19:00:00,16.0,63,1.5,230,0,0,0
2001-10-15 20:00:00,15.0,72,1.5,210,0,0,0
2001-10-15 21:00:00,14.0,72,1.0,220,0,0,0
2001-10-15 22:00:00,13.0,77,1.5,220,0,0,0
2001-10-15 23:00:00,13.0,77,1.5,230,0,0,0
2001-10-16 00:00:00,12.0,76,0.5,260,0,0,0
2001-10-16 01:00:00,11.0,82,0.5,290,0,0,0
2001-10-16 02:00:00,10.0,87,1.0,120,0,0,0
2001-10-16 03:00:00,10.0,87,1.5,200,0,0,0
2001-10-16 04:00:00,11.0,87,2.1,100,0,0,0
2001-10-16 05:00:00,11.0,82,2.1,230,0,0,0
2001-10-16 06:00:00,10.0,82,1.5,260,0,0,0
2001-10-16 07:00:00,12.0,76,0.5,220,0,0,0
2001-10-16 08:00:00,12.0,76,2.1,190,184,390,93
2001-10-16 09:00:00,19.0,56,4.1,150,359,567,132
2001-10-16 10:00:00,20.0,53,6.7,150,491,622,159
2001-10-16 11:00:00,21.0,53,6.7,150,579,635,183
2001-10-16 12:00:00,23.0,50,6.2,160,624,661,185
2001-10-16 13:00:00,21.0,53,6.2,140,609,634,195
2001-10-16 14:00:00,22.0,73,6.2,130,558,690,150
2001-10-16 15:00:00,22.0,50,5.1,130,425,612,131
2001-10-16 16:00:00,22.0,50,5.1,190,276,585,82
2001-10-16 17:00:00,21.0,64,4.6,180,96,300,49
2001-10-16 18:00:00,17.0,94,2.6,120,0,0,0
2001-10-16 19:00:00,15.0,63,13.4,300,0,0,0
2001-10-16 20:00:00,13.0,82,9.3,290,0,0,0
2001-10-16 21:00:00,11.0,87,6.2,300,0,0,0
2001-10-16 22:00:00,11.0,87,4.6,300,0,0,0
2001-10-16 23:00:00,10.0,87,3.6,280,0,0,0
2001-10-17 00:00:00,10.0,87,4.1,250,0,0,0
2001-10-17 01:00:00,10.0,87,5.1,270,0,0,0
2001-10-17 02:00:00,10.0,82,4.1,260,0,0,0
2001-10-17 03:00:00,10.0,76,5.7,240,0,0,0
2001-10-17 04:00:00,9.0,76,5.1,240,0,0,0
2001-10-17 05:00:00,10.0,71,6.2,250,0,0,0
2001-10-17 06:00:00,10.0,71,6.2,220,0,0,0
2001-10-17 07:00:00,11.0,66,5.1,230,13,159,6
2001-10-17 08:00:00,12.0,58,7.7,250,193,452,89
2001-10-17 09:00:00,13.0,58,9.3,260,339,530,129
2001-10-17 10:00:00,13.0,58,7.7,270,511,720,129
2001-10-17 11:00:00,10.0,62,9.3,270,610,768,135
2001-10-17 12:00:00,10.0,62,9.8,300,636,697,176
2001-10-17 13:00:00,14.0,63,11.3,290,633,736,156
2001-10-17 14:00:00,14.0,63,10.3,290,535,595,186
2001-10-17 15:00:00,14.0,51,10.8,290,293,153,220
2001-10-17 16:00:00,14.0,41,9.3,280,97,0,97
2001-10-17 17:00:00,13.0,72,7.2,280,39,0,39
2001-10-17 18:00:00,12.0,47,4.6,290,0,0,0
2001-10-17 19:00:00,11.0,54,4.6,290,0,0,0
2001-10-17 20:00:00,10.0,57,3.1,280,0,0,0
2001-10-17 21:00:00,9.0,66,3.6,290,0,0,0
2001-10-17 22:00:00,9.0,53,3.1,270,0,0,0
2001-10-17 23:00:00,9.0,53,4.1,280,0,0,0
2001-10-18 00:00:00,9.0,71,4.1,270,0,0,0
2001-10-18 01:00:00,8.0,52,3.1,260,0,0,0
2001-10-18 02:00:00,7.0,66,3.6,240,0,0,0
2001-10-18 03:00:00,6.0,65,3.6,250,0,0,0
2001-10-18 04:00:00,6.0,65,3.1,240,0,0,0
2001-10-18 05:00:00,5.0,64,4.6,260,0,0,0
2001-10-18 06:00:00,5.0,70,3.6,240,0,0,0
2001-10-18 07:00:00,7.0,52,4.1,260,11,131,6
2001-10-18 08:00:00,9.0,61,5.7,270,178,385,90
2001-10-18 09:00:00,11.0,58,5.7,290,360,642,108
2001-10-18 10:00:00,12.0,67,6.2,290,491,684,132
2001-10-18 11:00:00,12.0,67,8.2,330,592,726,146
2001-10-18 12:00:00,13.0,62,6.7,310,648,770,144
2001-10-18 13:00:00,13.0,41,5.1,300,627,730,157
2001-10-18 14:00:00,13.0,58,5.7,280,534,672,144
2001-10-18 15:00:00,14.0,72,5.1,320,414,588,136
2001-10-18 16:00:00,13.0,44,4.1,300,260,527,90
2001-10-18 17:00:00,13.0,54,3.1,290,81,256,44
2001-10-18 18:00:00,13.0,44,2.6,240,0,0,0
2001-10-18 19:00:00,10.0,62,1.5,190,0,0,0
2001-10-18 20:00:00,10.0,62,1.5,190,0,0,0
2001-10-18 21:00:00,9.0,66,1.5,190,0,0,0
2001-10-18 22:00:00,8.0,66,1.0,190,0,0,0
2001-10-18 23:00:00,8.0,66,2.6,190,0,0,0
2001-10-19 00:00:00,8.0,66,1.5,190,0,0,0
2001-10-19 01:00:00,7.0,81,2.6,170,0,0,0
2001-10-19 02:00:00,7.0,87,2.6,190,0,0,0
2001-10-19 03:00:00,7.0,87,2.6,180,0,0,0
2001-10-19 04:00:00,6.0,87,2.6,180,0,0,0
2001-10-19 05:00:00,7.0,76,2.1,180,0,0,0
2001-10-19 06:00:00,7.0,76,2.1,200,0,0,0
2001-10-19 07:00:00,8.0,81,2.1,200,10,130,5
2001-10-19 08:00:00,9.0,61,3.1,200,179,400,90
2001-10-19 09:00:00,10.0,62,4.1,210,360,662,103
2001-10-19 10:00:00,14.0,47,5.1,220,505,733,123
2001-10-19 11:00:00,15.0,55,5.1,200,592,726,149
2001-10-19 12:00:00,16.0,51,4.1,180,612,685,166
2001-10-19 13:00:00,18.0,45,4.1,210,603,670,175
2001-10-19 14:00:00,19.0,43,5.7,200,551,725,134
2001-10-19 15:00:00,19.0,43,3.6,210,413,653,109
2001-10-19 16:00:00,18.0,49,4.1,220,269,618,73
2001-10-19 17:00:00,18.0,49,4.6,220,88,315,44
2001-10-19 18:00:00,15.0,59,2.6,190,0,0,0
2001-10-19 19:00:00,13.0,58,2.1,230,0,0,0
2001-10-19 20:00:00,13.0,58,2.6,170,0,0,0
2001-10-19 21:00:00,13.0,72,2.6,180,0,0,0
2001-10-19 22:00:00,12.0,82,2.1,150,0,0,0
2001-10-19 23:00:00,12.0,88,1.0,130,0,0,0
2001-10-20 00:00:00,12.0,88,2.1,190,0,0,0
2001-10-20 01:00:00,12.0,94,3.1,200,0,0,0
2001-10-20 02:00:00,12.0,94,3.6,200,0,0,0
2001-10-20 03:00:00,13.0,100,4.1,210,0,0,0
2001-10-20 04:00:00,12.0,100,4.1,220,0,0,0
2001-10-20 05:00:00,12.0,100,4.1,220,0,0,0
2001-10-20 06:00:00,12.0,100,4.1,210,0,0,0
2001-10-20 07:00:00,13.0,94,3.1,220,8,104,5
2001-10-20 08:00:00,15.0,88,5.1,240,171,333,99
2001-10-20 09:00:00,18.0,73,4.6,250,333,537,127
2001-10-20 10:00:00,19.1,70,4.4,260,473,611,157
2001-10-20 11:00:00,20.0,68,4.1,270,586,720,150
2001-10-20 12:00:00,21.1,63,3.9,270,618,715,156
2001-10-20 13:00:00,22.0,60,3.6,260,603,688,167
2001-10-20 14:00:00,23.0,41,2.6,250,540,719,129
2001-10-20 15:00:00,22.0,46,4.6,240,418,682,104
2001-10-20 16:00:00,22.0,46,4.6,230,253,543,83
2001-10-20 17:00:00,21.0,46,3.6,250,87,343,40
2001-10-20 18:00:00,18.0,56,2.1,210,0,0,0
2001-10-20 19:00:00,17.0,63,1.5,170,0,0,0
2001-10-20 20:00:00,16.0,63,2.1,200,0,0,0
2001-10-20 21:00:00,15.0,67,2.1,190,0,0,0
2001-10-20 22:00:00,14.0,77,2.1,200,0,0,0
2001-10-20 23:00:00,14.0,77,1.5,200,0,0,0
2001-10-21 00:00:00,14.0,72,1.5,190,0,0,0
2001-10-21 01:00:00,13.0,88,1.5,200,0,0,0
2001-10-21 02:00:00,13.0,77,3.1,210,0,0,0
2001-10-21 03:00:00,13.0,72,1.5,200,0,0,0
2001-10-21 04:00:00,12.0,76,1.5,190,0,0,0
2001-10-21 05:00:00,12.0,76,1.0,230,0,0,0
2001-10-21 06:00:00,12.0,82,2.6,220,0,0,0
2001-10-21 07:00:00,14.0,77,2.1,210,7,105,4
2001-10-21 08:00:00,16.0,88,3.6,220,164,355,88
2001-10-21 09:00:00,19.0,78,4.1,220,334,606,103
2001-10-21 10:00:00,22.0,69,4.6,230,479,672,135
2001-10-21 11:00:00,24.2,62,4.9,220,548,611,181
2001-10-21 12:00:00,26.0,58,5.1,200,612,697,165
2001-10-21 13:00:00,25.0,44,5.7,190,591,676,166
2001-10-21 14:00:00,25.0,44,6.7,210,557,731,143
2001-10-21 15:00:00,24.0,57,6.7,200,390,593,119
2001-10-21 16:00:00,24.0,57,6.7,190,247,525,86
2001-10-21 17:00:00,23.0,61,4.1,210,71,231,40
2001-10-21 18:00:00,21.0,64,3.1,190,0,0,0
2001-10-21 19:00:00,20.0,73,4.6,180,0,0,0
2001-10-21 20:00:00,19.0,78,4.1,190,0,0,0
2001-10-21 21:00:00,18.0,77,4.1,190,0,0,0
2001-10-21 22:00:00,18.0,83,3.1,190,0,0,0
2001-10-21 23:00:00,17.0,82,3.6,190,0,0,0
2001-10-22 00:00:00,17.0,77,3.6,200,0,0,0
2001-10-22 01:00:00,17.0,82,3.6,210,0,0,0
2001-10-22 02:00:00,17.0,82,3.6,220,0,0,0
2001-10-22 03:00:00,17.0,82,4.1,230,0,0,0
2001-10-22 04:00:00,17.0,82,3.1,240,0,0,0
2001-10-22 05:00:00,16.0,88,2.6,220,0,0,0
2001-10-22 06:00:00,15.0,94,2.1,230,0,0,0
2001-10-22 07:00:00,15.0,94,1.5,220,6,93,3
2001-10-22 08:00:00,20.0,83,2.6,230,157,329,87
2001-10-22 09:00:00,19.0,73,3.6,260,320,550,113
2001-10-22 10:00:00,21.0,69,3.6,260,454,580,159
2001-10-22 11:00:00,23.0,61,2.1,260,586,756,135
2001-10-22 12:00:00,25.0,54,3.1,170,624,776,131
2001-10-22 13:00:00,25.0,54,3.6,80,620,795,124
2001-10-22 14:00:00,24.0,54,4.6,120,539,761,112
2001-10-22 15:00:00,23.0,57,4.1,100,412,699,96
2001-10-22 16:00:00,23.0,53,2.6,120,237,462,97
2001-10-22 17:00:00,21.0,64,2.1,110,66,219,38
2001-10-22 18:00:00,20.0,68,1.5,110,0,0,0
2001-10-22 19:00:00,18.0,83,1.5,110,0,0,0
2001-10-22 20:00:00,18.0,83,0.5,110,0,0,0
2001-10-22 21:00:00,17.0,82,0.5,110,0,0,0
2001-10-22 22:00:00,17.0,82,1.0,110,0,0,0
2001-10-22 23:00:00,17.0,82,2.1,100,0,0,0
2001-10-23 00:00:00,16.0,82,0.5,100,0,0,0
2001-10-23 01:00:00,15.0,82,1.5,100,0,0,0
2001-10-23 02:00:00,15.0,82,2.1,100,0,0,0
2001-10-23 03:00:00,15.0,100,2.6,100,0,0,0
2001-10-23 04:00:00,16.0,100,3.6,90,0,0,0
2001-10-23 05:00:00,16.0,100,3.6,90,0,0,0
2001-10-23 06:00:00,16.0,100,4.6,100,0,0,0
2001-10-23 07:00:00,16.0,100,3.1,120,2,0,2
2001-10-23 08:00:00,16.0,100,4.6,120,79,0,79
2001-10-23 09:00:00,16.0,100,4.1,130,84,0,84
2001-10-23 10:00:00,16.0,100,4.6,130,130,0,130
2001-10-23 11:00:00,19.0,94,3.1,140,243,18,232
2001-10-23 12:00:00,20.0,94,4.6,100,406,162,304
2001-10-23 13:00:00,20.0,94,5.1,110,266,36,244
2001-10-23 14:00:00,22.0,83,4.6,130,361,166,269
2001-10-23 15:00:00,24.0,74,5.7,130,263,129,206
2001-10-23 16:00:00,21.0,78,4.6,130,221,376,109
2001-10-23 17:00:00,20.0,83,3.6,140,65,193,41
2001-10-23 18:00:00,19.0,83,3.6,150,0,0,0
2001-10-23 19:00:00,19.0,88,3.6,160,0,0,0
2001-10-23 20:00:00,19.0,94,4.1,180,0,0,0
2001-10-23 21:00:00,18.0,94,4.1,190,0,0,0
2001-10-23 22:00:00,18.0,94,4.1,180,0,0,0
2001-10-23 23:00:00,18.0,94,3.6,200,0,0,0
2001-10-24 00:00:00,19.0,88,5.1,200,0,0,0
2001-10-24 01:00:00,18.0,94,4.1,200,0,0,0
2001-10-24 02:00:00,18.0,94,4.6,200,0,0,0
2001-10-24 03:00:00,18.0,94,4.6,200,0,0,0
2001-10-24 04:00:00,17.0,94,3.6,190,0,0,0
2001-10-24 05:00:00,17.0,94,3.6,190,0,0,0
2001-10-24 06:00:00,17.0,94,3.1,210,0,0,0
2001-10-24 07:00:00,17.0,94,3.1,200,4,72,2
2001-10-24 08:00:00,19.0,88,3.6,230,150,283,93
2001-10-24 09:00:00,21.0,78,5.7,230,308,520,116
2001-10-24 10:00:00,23.0,65,5.1,220,448,587,155
2001-10-24 11:00:00,24.0,57,5.7,220,555,653,171
2001-10-24 12:00:00,26.0,51,6.2,210,588,661,173
2001-10-24 13:00:00,27.0,48,6.2,210,567,640,174
2001-10-24 14:00:00,27.0,45,5.1,220,521,719,125
2001-10-24 15:00:00,27.0,45,4.6,220,389,651,101
2001-10-24 16:00:00,26.0,45,5.1,210,230,495,85
2001-10-24 17:00:00,23.0,57,4.1,200,67,279,34
2001-10-24 18:00:00,20.0,73,3.1,180,0,0,0
2001-10-24 19:00:00,19.0,78,2.6,170,0,0,0
2001-10-24 20:00:00,19.0,83,2.6,180,0,0,0
2001-10-24 21:00:00,19.0,83,2.6,180,0,0,0
2001-10-24 22:00:00,18.0,88,2.6,180,0,0,0
2001-10-24 23:00:00,18.0,83,3.1,180,0,0,0
2001-10-25 00:00:00,18.0,83,3.1,180,0,0,0
2001-10-25 01:00:00,19.0,83,4.6,190,0,0,0
2001-10-25 02:00:00,20.0,78,5.7,200,0,0,0
2001-10-25 03:00:00,20.0,78,6.2,200,0,0,0
2001-10-25 04:00:00,21.0,73,5.7,210,0,0,0
2001-10-25 05:00:00,21.0,73,7.7,210,0,0,0
2001-10-25 06:00:00,21.0,78,7.7,210,0,0,0
2001-10-25 07:00:00,21.0,78,8.7,210,3,81,2
2001-10-25 08:00:00,22.0,73,7.7,220,152,339,84
2001-10-25 09:00:00,23.0,69,8.2,230,322,577,112
2001-10-25 10:00:00,25.0,57,6.7,240,416,452,192
2001-10-25 11:00:00,25.0,47,8.7,250,499,472,224
2001-10-25 12:00:00,23.0,38,9.3,300,600,679,177
2001-10-25 13:00:00,23.0,17,7.7,280,579,706,148
2001-10-25 14:00:00,23.0,16,8.7,280,515,707,129
2001-10-25 15:00:00,22.0,15,6.7,280,378,587,121
2001-10-25 16:00:00,21.0,18,6.7,270,230,523,78
2001-10-25 17:00:00,19.0,22,4.6,280,55,170,36
2001-10-25 18:00:00,17.0,25,2.1,250,0,0,0
2001-10-25 19:00:00,15.0,28,3.1,280,0,0,0
2001-10-25 20:00:00,14.0,30,2.1,240,0,0,0
2001-10-25 21:00:00,13.0,32,2.6,250,0,0,0
2001-10-25 22:00:00,11.0,36,3.1,240,0,0,0
2001-10-25 23:00:00,12.0,31,2.1,260,0,0,0
2001-10-26 00:00:00,10.0,33,2.6,240,0,0,0
2001-10-26 01:00:00,9.0,45,3.1,250,0,0,0
2001-10-26 02:00:00,8.0,44,3.1,230,0,0,0
2001-10-26 03:00:00,9.0,38,3.6,250,0,0,0
2001-10-26 04:00:00,7.0,52,3.1,210,0,0,0
2001-10-26 05:00:00,7.0,52,3.1,230,0,0,0
2001-10-26 06:00:00,7.0,52,4.1,230,0,0,0
2001-10-26 07:00:00,7.0,52,4.1,230,3,81,1
2001-10-26 08:00:00,11.0,39,5.1,270,153,362,82
2001-10-26 09:00:00,12.0,34,5.1,280,323,634,95
2001-10-26 10:00:00,13.0,29,7.7,280,448,636,136
2001-10-26 11:00:00,13.0,29,9.8,270,549,696,147
2001-10-26 12:00:00,14.0,27,8.7,270,594,728,145
2001-10-26 13:00:00,14.0,27,8.7,290,573,706,146
2001-10-26 14:00:00,13.0,27,7.7,270,504,594,182
2001-10-26 15:00:00,13.0,27,9.3,290,290,205,201
2001-10-26 16:00:00,12.0,29,7.7,290,189,312,100
2001-10-26 17:00:00,10.3,32,7.9,290,58,227,33
2001-10-26 18:00:00,8.4,34,8.0,290,0,0,0
2001-10-26 19:00:00,7.0,37,8.2,290,0,0,0
2001-10-26 20:00:00,7.0,37,7.7,280,0,0,0
2001-10-26 21:00:00,6.0,43,7.2,270,0,0,0
2001-10-26 22:00:00,5.0,46,5.7,270,0,0,0
2001-10-26 23:00:00,5.0,50,7.2,270,0,0,0
2001-10-27 00:00:00,5.0,50,5.7,260,0,0,0
2001-10-27 01:00:00,5.0,50,7.2,280,0,0,0
2001-10-27 02:00:00,5.0,50,6.2,270,0,0,0
2001-10-27 03:00:00,4.0,54,5.7,270,0,0,0
2001-10-27 04:00:00,4.0,54,5.1,270,0,0,0
2001-10-27 05:00:00,4.0,59,4.1,260,0,0,0
2001-10-27 06:00:00,3.2,64,4.1,250,0,0,0
2001-10-27 07:00:00,3.0,68,4.1,240,2,67,1
2001-10-27 08:00:00,6.0,55,6.7,290,145,321,84
2001-10-27 09:00:00,8.0,48,8.2,300,309,578,104
2001-10-27 10:00:00,9.0,41,8.2,300,429,557,158
2001-10-27 11:00:00,10.0,39,7.2,310,518,611,167
2001-10-27 12:00:00,11.0,36,5.7,320,533,481,239
2001-10-27 13:00:00,11.0,33,9.3,310,437,281,268
2001-10-27 14:00:00,9.0,38,8.2,320,177,12,171
2001-10-27 15:00:00,10.0,36,7.7,300,322,317,187
2001-10-27 16:00:00,9.0,41,6.7,310,193,357,93
2001-10-27 17:00:00,8.0,44,5.7,330,60,220,37
2001-10-27 18:00:00,8.0,44,4.6,310,0,0,0
2001-10-27 19:00:00,6.0,51,4.1,310,0,0,0
2001-10-27 20:00:00,5.4,53,4.1,310,0,0,0
2001-10-27 21:00:00,5.0,55,4.1,310,0,0,0
2001-10-27 22:00:00,4.0,64,4.6,320,0,0,0
2001-10-27 23:00:00,4.0,64,4.6,310,0,0,0
2001-10-28 00:00:00,4.0,59,5.1,320,0,0,0
2001-10-28 01:00:00,6.0,47,6.7,330,0,0,0
2001-10-28 02:00:00,5.0,50,5.7,330,0,0,0
2001-10-28 03:00:00,4.0,54,5.1,320,0,0,0
2001-10-28 04:00:00,3.0,58,4.6,320,0,0,0
2001-10-28 05:00:00,3.0,58,5.7,320,0,0,0
2001-10-28 06:00:00,2.0,62,4.6,320,0,0,0
2001-10-28 07:00:00,3.0,58,4.6,320,1,63,1
2001-10-28 08:00:00,5.0,55,5.7,330,147,323,86
2001-10-28 09:00:00,7.0,48,6.2,330,310,440,155
2001-10-28 10:00:00,7.0,44,9.8,360,104,0,104
2001-10-28 11:00:00,8.0,41,7.7,340,293,61,259
2001-10-28 12:00:00,9.0,35,8.7,350,576,607,206
2001-10-28 13:00:00,9.0,38,6.2,310,543,616,176
2001-10-28 14:00:00,10.0,36,7.7,330,480,588,167
2001-10-28 15:00:00,10.0,36,5.1,330,366,627,100
2001-10-28 16:00:00,9.0,38,5.1,340,213,475,81
2001-10-28 17:00:00,8.0,41,4.6,330,52,189,33
2001-10-28 18:00:00,5.0,50,4.1,310,0,0,0
2001-10-28 19:00:00,4.0,54,3.6,310,0,0,0
2001-10-28 20:00:00,3.0,53,2.1,330,0,0,0
2001-10-28 21:00:00,4.0,49,0.5,320,0,0,0
2001-10-28 22:00:00,3.0,58,1.5,310,0,0,0
2001-10-28 23:00:00,1.0,67,1.5,350,0,0,0
2001-10-29 00:00:00,1.0,67,1.5,340,0,0,0
2001-10-29 01:00:00,2.0,67,1.5,290,0,0,0
2001-10-29 02:00:00,0.0,78,3.1,300,0,0,0
2001-10-29 03:00:00,-1.0,85,3.6,320,0,0,0
2001-10-29 04:00:00,0.0,78,2.6,320,0,0,0
2001-10-29 05:00:00,0.0,78,2.1,320,0,0,0
2001-10-29 06:00:00,-1.0,78,2.1,300,0,0,0
2001-10-29 07:00:00,-1.0,78,3.1,300,1,43,0
2001-10-29 08:00:00,3.0,68,3.1,300,121,240,76
2001-10-29 09:00:00,7.0,52,3.1,340,289,509,112
2001-10-29 10:00:00,9.0,41,2.6,310,417,532,162
2001-10-29 11:00:00,10.0,39,3.1,300,550,732,136
2001-10-29 12:00:00,12.0,34,3.1,290,588,758,131
2001-10-29 13:00:00,12.0,34,2.6,290,578,729,147
2001-10-29 14:00:00,13.0,32,3.1,280,469,558,174
2001-10-29 15:00:00,13.0,32,3.6,270,360,615,102
2001-10-29 16:00:00,13.0,32,4.1,270,222,571,67
2001-10-29 17:00:00,11.0,36,3.6,270,51,235,28
2001-10-29 18:00:00,9.0,41,2.1,240,0,0,0
2001-10-29 19:00:00,8.0,48,2.6,210,0,0,0
2001-10-29 20:00:00,6.0,55,3.1,220,0,0,0
2001-10-29 21:00:00,7.0,52,3.6,240,0,0,0
2001-10-29 22:00:00,7.0,61,2.6,240,0,0,0
2001-10-29 23:00:00,8.0,57,2.1,320,0,0,0
2001-10-30 00:00:00,7.0,61,1.0,270,0,0,0
2001-10-30 01:00:00,5.0,70,2.1,210,0,0,0
2001-10-30 02:00:00,4.0,75,2.6,240,0,0,0
2001-10-30 03:00:00,7.0,61,3.1,280,0,0,0
2001-10-30 04:00:00,7.0,56,3.6,290,0,0,0
2001-10-30 05:00:00,5.0,64,1.5,300,0,0,0
2001-10-30 06:00:00,6.0,60,2.6,310,0,0,0
2001-10-30 07:00:00,6.0,60,2.1,330,0,13,0
2001-10-30 08:00:00,10.0,46,3.1,330,94,78,80
2001-10-30 09:00:00,13.0,41,5.1,350,283,447,129
2001-10-30 10:00:00,15.0,44,7.2,10,417,520,171
2001-10-30 11:00:00,15.0,36,7.2,360,500,539,198
2001-10-30 12:00:00,15.0,30,5.7,340,558,643,172
2001-10-30 13:00:00,16.0,39,5.7,350,537,628,169
2001-10-30 14:00:00,16.0,42,5.1,350,474,594,163
2001-10-30 15:00:00,15.0,41,5.1,360,343,474,146
2001-10-30 16:00:00,14.0,38,3.1,340,157,158,115
2001-10-30 17:00:00,12.0,50,3.1,360,41,130,29
2001-10-30 18:00:00,10.0,54,1.0,350,0,0,0
2001-10-30 19:00:00,9.0,57,1.5,10,0,0,0
2001-10-30 20:00:00,8.0,61,1.0,40,0,0,0
2001-10-30 21:00:00,9.0,53,1.0,310,0,0,0
2001-10-30 22:00:00,7.0,61,2.6,340,0,0,0
2001-10-30 23:00:00,5.0,75,3.1,360,0,0,0
2001-10-31 00:00:00,5.0,75,2.1,350,0,0,0
2001-10-31 01:00:00,6.0,60,4.1,40,0,0,0
2001-10-31 02:00:00,5.0,64,2.6,40,0,0,0
2001-10-31 03:00:00,6.0,70,1.0,20,0,0,0
2001-10-31 04:00:00,5.0,75,1.5,360,0,0,0
2001-10-31 05:00:00,6.0,70,2.1,350,0,0,0
2001-10-31 06:00:00,4.0,81,0.5,330,0,0,0
2001-10-31 07:00:00,4.0,81,2.1,310,0,0,0
2001-10-31 08:00:00,8.0,76,1.0,350,104,135,80
2001-10-31 09:00:00,11.0,71,3.1,100,199,120,158
2001-10-31 10:00:00,13.0,62,2.1,100,404,453,192
2001-10-31 11:00:00,16.0,51,3.1,120,462,363,260
2001-10-31 12:00:00,16.0,51,4.6,120,255,30,237
2001-10-31 13:00:00,16.0,51,4.1,130,307,42,282
2001-10-31 14:00:00,16.0,55,6.7,110,268,47,244
2001-10-31 15:00:00,15.0,59,7.2,110,326,416,156
2001-10-31 16:00:00,14.0,63,5.7,120,201,507,67
2001-10-31 17:00:00,12.0,67,4.6,140,40,133,28
2001-10-31 18:00:00,11.0,71,3.6,160,0,0,0
2001-10-31 19:00:00,9.9,77,2.9,170,0,0,0
2001-10-31 20:00:00,9.0,81,2.1,180,0,0,0
2001-10-31 21:00:00,9.0,81,3.1,190,0,0,0
2001-10-31 22:00:00,8.7,87,2.9,190,0,0,0
2001-10-31 23:00:00,8.4,81,2.6,200,0,0,0
2001-11-01 00:00:00,8.1,93,2.4,130,0,0,0
1996-11-01 01:00:00,7.9,57,2.2,300,0,0,0
1996-11-01 02:00:00,7.6,71,2.0,10,0,0,0
1996-11-01 03:00:00,7.3,71,1.7,60,0,0,0
1996-11-01 04:00:00,7.0,81,1.5,100,0,0,0
1996-11-01 05:00:00,8.0,76,1.0,150,0,0,0
1996-11-01 06:00:00,8.0,76,1.0,140,0,0,0
1996-11-01 07:00:00,8.0,71,1.0,70,4,0,4
1996-11-01 08:00:00,9.0,57,1.0,20,43,0,43
1996-11-01 09:00:00,10.0,66,2.6,20,82,0,82
1996-11-01 10:00:00,11.0,66,1.0,10,126,0,126
1996-11-01 11:00:00,10.0,66,3.1,10,157,0,157
1996-11-01 12:00:00,8.0,66,6.2,350,170,0,170
1996-11-01 13:00:00,7.0,81,5.7,350,166,0,166
1996-11-01 14:00:00,6.0,87,5.7,360,144,0,144
1996-11-01 15:00:00,6.0,93,4.1,360,106,0,106
1996-11-01 16:00:00,7.0,81,3.1,350,58,0,58
1996-11-01 17:00:00,6.0,87,3.1,320,25,0,25
1996-11-01 18:00:00,6.0,87,1.0,230,0,0,0
1996-11-01 19:00:00,6.0,87,2.1,200,0,0,0
1996-11-01 20:00:00,6.0,87,2.6,200,0,0,0
1996-11-01 21:00:00,6.0,87,2.6,210,0,0,0
1996-11-01 22:00:00,6.0,87,3.1,220,0,0,0
1996-11-01 23:00:00,6.0,87,2.1,230,0,0,0
1996-11-02 00:00:00,6.0,87,2.1,240,0,0,0
1996-11-02 01:00:00,6.0,87,2.6,310,0,0,0
1996-11-02 02:00:00,7.0,81,2.6,320,0,0,0
1996-11-02 03:00:00,7.0,70,3.1,320,0,0,0
1996-11-02 04:00:00,7.0,61,4.1,290,0,0,0
1996-11-02 05:00:00,6.0,70,2.6,260,0,0,0
1996-11-02 06:00:00,6.0,70,2.1,320,0,0,0
1996-11-02 07:00:00,6.0,65,2.6,340,3,0,3
1996-11-02 08:00:00,6.0,70,1.5,30,40,0,40
1996-11-02 09:00:00,7.0,61,3.1,340,73,0,73
1996-11-02 10:00:00,7.0,61,3.6,340,116,0,116
1996-11-02 11:00:00,7.0,61,2.6,320,146,0,146
1996-11-02 12:00:00,8.0,44,5.1,310,160,0,160
1996-11-02 13:00:00,8.0,44,5.1,300,156,0,156
1996-11-02 14:00:00,7.0,44,5.1,330,133,0,133
1996-11-02 15:00:00,7.0,48,3.6,310,268,136,214
1996-11-02 16:00:00,8.0,37,6.2,320,131,147,93
1996-11-02 17:00:00,7.0,37,7.2,310,33,20,31
1996-11-02 18:00:00,5.0,46,5.1,320,0,0,0
1996-11-02 19:00:00,4.0,49,4.1,330,0,0,0
1996-11-02 20:00:00,4.0,49,4.6,310,0,0,0
1996-11-02 21:00:00,4.0,49,4.6,310,0,0,0
1996-11-02 22:00:00,3.0,53,4.1,290,0,0,0
1996-11-02 23:00:00,2.8,55,4.1,290,0,0,0
1996-11-03 00:00:00,2.4,57,4.1,290,0,0,0
1996-11-03 01:00:00,2.3,60,4.1,280,0,0,0
1996-11-03 02:00:00,2.0,62,4.1,280,0,0,0
1996-11-03 03:00:00,1.5,64,4.4,290,0,0,0
1996-11-03 04:00:00,1.0,67,4.6,300,0,0,0
1996-11-03 05:00:00,1.0,67,4.1,290,0,0,0
1996-11-03 06:00:00,1.0,67,3.1,280,0,0,0
1996-11-03 07:00:00,1.0,67,3.6,280,4,4,4
1996-11-03 08:00:00,3.0,63,4.1,270,96,182,66
1996-11-03 09:00:00,5.0,59,5.1,280,240,422,103
1996-11-03 10:00:00,7.0,48,7.2,280,367,465,155
1996-11-03 11:00:00,8.0,41,7.7,290,495,635,152
1996-11-03 12:00:00,8.0,37,6.7,300,540,630,175
1996-11-03 13:00:00,9.0,38,7.7,270,399,380,183
1996-11-03 14:00:00,9.0,38,6.7,290,430,416,220
1996-11-03 15:00:00,8.0,41,5.7,290,177,77,146
1996-11-03 16:00:00,8.0,41,5.7,310,118,24,112
1996-11-03 17:00:00,6.0,47,3.6,300,28,13,27
1996-11-03 18:00:00,5.0,50,1.0,230,0,0,0
1996-11-03 19:00:00,2.0,67,1.5,230,0,0,0
1996-11-03 20:00:00,3.0,81,2.1,220,0,0,0
1996-11-03 21:00:00,2.0,67,2.1,230,0,0,0
1996-11-03 22:00:00,1.0,79,1.5,200,0,0,0
1996-11-03 23:00:00,1.0,72,2.1,250,0,0,0
1996-11-04 00:00:00,2.0,67,2.1,270,0,0,0
1996-11-04 01:00:00,1.0,72,3.1,260,0,0,0
1996-11-04 02:00:00,2.0,67,2.1,280,0,0,0
1996-11-04 03:00:00,0.0,78,2.6,250,0,0,0
1996-11-04 04:00:00,0.0,78,2.6,240,0,0,0
1996-11-04 05:00:00,2.0,67,2.1,290,0,0,0
1996-11-04 06:00:00,0.0,78,2.1,230,0,0,0
1996-11-04 07:00:00,0.0,78,0.5,230,5,48,3
1996-11-04 08:00:00,2.0,73,2.6,220,109,437,38
1996-11-04 09:00:00,7.0,61,3.6,240,238,426,101
1996-11-04 10:00:00,9.0,49,4.1,250,388,624,107
1996-11-04 11:00:00,10.0,39,3.1,210,503,708,124
1996-11-04 12:00:00,11.0,36,3.6,250,580,855,89
1996-11-04 13:00:00,12.0,34,3.6,220,565,849,88
1996-11-04 14:00:00,12.0,34,3.1,230,453,667,120
1996-11-04 15:00:00,13.0,35,5.1,200,321,498,126
1996-11-04 16:00:00,12.0,37,4.6,240,187,448,77
1996-11-04 17:00:00,10.0,46,2.6,210,33,71,27
1996-11-04 18:00:00,6.0,60,3.1,170,0,0,0
1996-11-04 19:00:00,5.0,70,4.1,190,0,0,0
1996-11-04 20:00:00,5.0,70,5.7,200,0,0,0
1996-11-04 21:00:00,5.0,70,3.1,180,0,0,0
1996-11-04 22:00:00,5.0,75,4.1,170,0,0,0
1996-11-04 23:00:00,7.0,70,4.6,200,0,0,0
1996-11-05 00:00:00,7.0,76,3.6,190,0,0,0
1996-11-05 01:00:00,7.0,76,3.1,190,0,0,0
1996-11-05 02:00:00,6.0,81,2.6,210,0,0,0
1996-11-05 03:00:00,5.0,87,2.6,170,0,0,0
1996-11-05 04:00:00,4.0,93,2.6,180,0,0,0
1996-11-05 05:00:00,4.0,93,2.6,180,0,0,0
1996-11-05 06:00:00,4.0,93,2.6,170,0,0,0
1996-11-05 07:00:00,5.0,93,2.1,160,3,2,3
1996-11-05 08:00:00,7.0,87,2.1,160,52,32,47
1996-11-05 09:00:00,10.0,82,3.6,180,116,38,104
1996-11-05 10:00:00,14.0,72,7.2,190,155,51,132
1996-11-05 11:00:00,15.0,63,8.7,200,135,38,114
1996-11-05 12:00:00,17.0,52,7.7,230,447,308,272
1996-11-05 13:00:00,17.0,42,5.7,250,454,410,225
1996-11-05 14:00:00,18.0,39,5.1,250,138,52,112
1996-11-05 15:00:00,17.0,45,4.1,220,245,31,233
1996-11-05 16:00:00,16.0,51,4.6,240,98,21,93
1996-11-05 17:00:00,14.0,59,1.0,230,23,3,23
1996-11-05 18:00:00,14.0,59,1.0,230,0,0,0
1996-11-05 19:00:00,12.0,67,0.5,220,0,0,0
1996-11-05 20:00:00,11.0,76,0.5,220,0,0,0
1996-11-05 21:00:00,12.0,76,0.5,210,0,0,0
1996-11-05 22:00:00,11.0,87,1.0,200,0,0,0
1996-11-05 23:00:00,10.0,93,0.5,200,0,0,0
1996-11-06 00:00:00,10.0,93,0.5,190,0,0,0
1996-11-06 01:00:00,10.0,93,0.5,190,0,0,0
1996-11-06 02:00:00,10.0,93,0.5,180,0,0,0
1996-11-06 03:00:00,10.0,100,1.0,180,0,0,0
1996-11-06 04:00:00,9.0,100,1.0,170,0,0,0
1996-11-06 05:00:00,9.0,100,0.5,160,0,0,0
1996-11-06 06:00:00,9.0,100,2.1,160,0,0,0
1996-11-06 07:00:00,10.0,100,1.5,150,2,2,2
1996-11-06 08:00:00,12.0,94,0.5,150,90,216,57
1996-11-06 09:00:00,14.0,94,1.5,140,146,52,130
1996-11-06 10:00:00,15.0,88,2.6,150,378,592,117
1996-11-06 11:00:00,16.0,88,2.1,130,290,155,208
1996-11-06 12:00:00,16.0,88,2.6,80,290,61,255
1996-11-06 13:00:00,16.0,88,2.1,90,328,88,279
1996-11-06 14:00:00,15.0,94,3.1,70,253,56,225
1996-11-06 15:00:00,16.0,88,3.6,110,140,5,138
1996-11-06 16:00:00,16.0,88,3.1,110,70,36,61
1996-11-06 17:00:00,14.0,100,3.6,100,30,4,30
1996-11-06 18:00:00,15.0,94,3.6,120,0,0,0
1996-11-06 19:00:00,15.0,94,3.1,110,0,0,0
1996-11-06 20:00:00,14.0,100,2.6,150,0,0,0
1996-11-06 21:00:00,14.0,100,2.6,160,0,0,0
1996-11-06 22:00:00,13.0,100,2.1,160,0,0,0
1996-11-06 23:00:00,14.0,100,2.1,150,0,0,0
1996-11-07 00:00:00,13.0,100,1.0,190,0,0,0
1996-11-07 01:00:00,11.0,100,2.1,110,0,0,0
1996-11-07 02:00:00,11.0,100,1.0,110,0,0,0
1996-11-07 03:00:00,12.0,100,1.0,140,0,0,0
1996-11-07 04:00:00,13.0,100,1.5,170,0,0,0
1996-11-07 05:00:00,12.0,100,2.1,140,0,0,0
1996-11-07 06:00:00,12.0,100,2.1,160,0,0,0
1996-11-07 07:00:00,14.0,94,1.5,190,3,3,3
1996-11-07 08:00:00,15.0,100,3.6,160,52,40,46
1996-11-07 09:00:00,19.0,88,5.7,180,191,205,127
1996-11-07 10:00:00,21.0,78,7.7,180,274,213,181
1996-11-07 11:00:00,23.0,65,8.2,180,419,302,260
1996-11-07 12:00:00,23.0,65,7.2,180,344,144,263
1996-11-07 13:00:00,25.0,54,9.3,180,260,96,207
1996-11-07 14:00:00,24.0,57,9.3,170,291,174,206
1996-11-07 15:00:00,22.0,73,5.7,150,242,212,161
1996-11-07 16:00:00,20.0,83,5.7,160,54,0,54
1996-11-07 17:00:00,17.0,100,4.1,140,11,0,11
1996-11-07 18:00:00,17.0,100,4.1,150,0,0,0
1996-11-07 19:00:00,19.0,94,4.6,170,0,0,0
1996-11-07 20:00:00,19.0,94,6.7,170,0,0,0
1996-11-07 21:00:00,19.0,94,8.7,170,0,0,0
1996-11-07 22:00:00,19.0,94,7.7,160,0,0,0
1996-11-07 23:00:00,20.0,88,7.2,180,0,0,0
1996-11-08 00:00:00,20.0,88,8.2,170,0,0,0
1996-11-08 01:00:00,19.0,94,8.2,170,0,0,0
1996-11-08 02:00:00,20.0,88,7.2,170,0,0,0
1996-11-08 03:00:00,20.0,88,6.7,170,0,0,0
1996-11-08 04:00:00,19.0,100,6.2,170,0,0,0
1996-11-08 05:00:00,20.0,94,8.2,180,0,0,0
1996-11-08 06:00:00,20.4,92,8.5,180,0,0,0
1996-11-08 07:00:00,21.0,88,8.7,170,1,0,1
1996-11-08 08:00:00,21.0,88,8.7,170,33,0,33
1996-11-08 09:00:00,21.0,88,9.3,170,69,0,69
1996-11-08 10:00:00,22.0,83,8.2,170,111,85,74
1996-11-08 11:00:00,23.0,78,12.3,180,247,95,198
1996-11-08 12:00:00,24.0,74,11.3,180,257,12,250
1996-11-08 13:00:00,23.0,78,9.8,170,164,0,164
1996-11-08 14:00:00,23.0,78,9.8,170,143,0,143
1996-11-08 15:00:00,23.0,78,11.8,160,106,0,106
1996-11-08 16:00:00,22.0,78,10.3,160,59,0,59
1996-11-08 17:00:00,22.0,78,10.3,170,12,0,12
1996-11-08 18:00:00,22.0,78,11.3,170,0,0,0
1996-11-08 19:00:00,22.0,78,10.8,160,0,0,0
1996-11-08 20:00:00,18.0,100,5.7,200,0,0,0
1996-11-08 21:00:00,17.0,100,4.6,220,0,0,0
1996-11-08 22:00:00,16.0,94,6.2,220,0,0,0
1996-11-08 23:00:00,16.0,94,3.1,200,0,0,0
1996-11-09 00:00:00,15.0,100,5.7,170,0,0,0
1996-11-09 01:00:00,14.0,94,8.7,180,0,0,0
1996-11-09 02:00:00,14.0,94,6.2,180,0,0,0
1996-11-09 03:00:00,12.0,94,6.7,250,0,0,0
1996-11-09 04:00:00,10.0,93,6.7,250,0,0,0
1996-11-09 05:00:00,10.0,87,6.2,250,0,0,0
1996-11-09 06:00:00,8.9,85,5.1,250,0,0,0
1996-11-09 07:00:00,8.0,81,8.2,260,2,1,2
1996-11-09 08:00:00,8.0,81,5.7,250,37,32,33
1996-11-09 09:00:00,9.0,66,9.3,250,189,232,119
1996-11-09 10:00:00,11.0,58,6.2,260,224,186,144
1996-11-09 11:00:00,12.0,58,6.2,260,293,208,185
1996-11-09 12:00:00,12.0,50,5.1,270,348,81,303
1996-11-09 13:00:00,12.0,50,4.1,250,407,456,160
1996-11-09 14:00:00,12.0,47,3.6,270,266,192,173
1996-11-09 15:00:00,12.0,50,3.6,260,299,359,165
1996-11-09 16:00:00,12.0,47,3.6,240,156,163,119
1996-11-09 17:00:00,10.0,54,1.5,190,19,46,15
1996-11-09 18:00:00,8.0,66,2.1,150,0,0,0
1996-11-09 19:00:00,7.0,70,2.1,160,0,0,0
1996-11-09 20:00:00,6.0,81,2.6,180,0,0,0
1996-11-09 21:00:00,7.0,81,2.6,190,0,0,0
1996-11-09 22:00:00,7.0,81,6.7,270,0,0,0
1996-11-09 23:00:00,6.0,87,4.6,250,0,0,0
1996-11-10 00:00:00,5.0,87,2.6,240,0,0,0
1996-11-10 01:00:00,5.0,87,4.1,270,0,0,0
1996-11-10 02:00:00,4.0,93,2.6,290,0,0,0
1996-11-10 03:00:00,3.0,93,3.6,280,0,0,0
1996-11-10 04:00:00,3.0,93,2.1,230,0,0,0
1996-11-10 05:00:00,2.0,100,3.1,230,0,0,0
1996-11-10 06:00:00,2.0,100,3.1,240,0,0,0
1996-11-10 07:00:00,1.0,100,2.6,210,1,3,1
1996-11-10 08:00:00,2.7,96,3.4,230,48,79,37
1996-11-10 09:00:00,5.0,87,4.1,240,71,0,71
1996-11-10 10:00:00,7.0,70,5.1,270,187,113,139
1996-11-10 11:00:00,8.0,66,4.1,290,350,65,316
1996-11-10 12:00:00,8.0,52,5.1,270,171,97,118
1996-11-10 13:00:00,9.0,53,4.1,300,228,117,165
1996-11-10 14:00:00,8.0,44,5.1,300,244,75,208
1996-11-10 15:00:00,8.0,48,4.6,280,102,56,81
1996-11-10 16:00:00,8.0,44,3.1,270,56,27,50
1996-11-10 17:00:00,6.2,54,3.6,270,17,3,17
1996-11-10 18:00:00,5.0,64,4.1,270,0,0,0
1996-11-10 19:00:00,3.0,87,4.6,300,0,0,0
1996-11-10 20:00:00,3.0,87,0.5,310,0,0,0
1996-11-10 21:00:00,2.0,87,1.5,200,0,0,0
1996-11-10 22:00:00,1.0,93,2.6,230,0,0,0
1996-11-10 23:00:00,1.0,93,2.6,230,0,0,0
1996-11-11 00:00:00,1.0,86,2.6,240,0,0,0
1996-11-11 01:00:00,1.0,86,2.6,250,0,0,0
1996-11-11 02:00:00,0.0,78,2.6,270,0,0,0
1996-11-11 03:00:00,0.0,78,2.6,260,0,0,0
1996-11-11 04:00:00,0.0,78,3.6,260,0,0,0
1996-11-11 05:00:00,-1.0,85,3.1,260,0,0,0
1996-11-11 06:00:00,-1.0,85,2.6,240,0,0,0
1996-11-11 07:00:00,-1.0,78,2.6,240,2,47,1
1996-11-11 08:00:00,0.0,85,2.6,240,98,316,55
1996-11-11 09:00:00,3.0,68,6.7,260,246,667,50
1996-11-11 10:00:00,5.0,59,5.1,270,260,223,166
1996-11-11 11:00:00,6.0,51,6.2,300,236,163,153
1996-11-11 12:00:00,5.0,50,7.2,290,422,180,323
1996-11-11 13:00:00,5.0,46,6.2,290,378,308,214
1996-11-11 14:00:00,6.0,43,7.2,300,298,146,229
1996-11-11 15:00:00,5.0,46,6.2,320,218,236,131
1996-11-11 16:00:00,5.0,42,6.2,300,95,83,77
1996-11-11 17:00:00,4.0,45,5.1,290,22,43,19
1996-11-11 18:00:00,3.0,53,3.6,280,0,0,0
1996-11-11 19:00:00,2.0,57,4.1,290,0,0,0
1996-11-11 20:00:00,2.0,57,4.6,290,0,0,0
1996-11-11 21:00:00,2.0,57,4.1,290,0,0,0
1996-11-11 22:00:00,1.0,61,3.6,260,0,0,0
1996-11-11 23:00:00,0.0,66,3.6,270,0,0,0
1996-11-12 00:00:00,0.0,66,4.6,280,0,0,0
1996-11-12 01:00:00,0.0,66,5.1,280,0,0,0
1996-11-12 02:00:00,-1.0,71,4.1,270,0,0,0
1996-11-12 03:00:00,-1.0,71,3.6,280,0,0,0
1996-11-12 04:00:00,-1.0,71,3.1,250,0,0,0
1996-11-12 05:00:00,-2.0,78,3.6,280,0,0,0
1996-11-12 06:00:00,-2.0,78,2.6,250,0,0,0
1996-11-12 07:00:00,-2.0,71,3.1,260,1,27,1
1996-11-12 08:00:00,1.0,67,3.6,260,77,305,37
1996-11-12 09:00:00,2.0,62,5.7,280,196,527,43
1996-11-12 10:00:00,4.0,49,7.7,290,391,825,47
1996-11-12 11:00:00,5.0,42,6.2,290,433,517,173
1996-11-12 12:00:00,5.0,46,5.7,290,456,662,98
1996-11-12 13:00:00,6.0,43,8.2,280,483,721,102
1996-11-12 14:00:00,5.0,42,6.2,290,246,69,213
1996-11-12 15:00:00,5.0,42,6.2,310,205,48,187
1996-11-12 16:00:00,4.0,45,4.1,280,67,22,62
1996-11-12 17:00:00,4.0,45,5.1,280,16,14,15
1996-11-12 18:00:00,4.0,45,4.6,270,0,0,0
1996-11-12 19:00:00,3.0,53,4.1,280,0,0,0
1996-11-12 20:00:00,2.0,52,5.1,280,0,0,0
1996-11-12 21:00:00,1.0,56,3.6,280,0,0,0
1996-11-12 22:00:00,0.0,55,3.6,280,0,0,0
1996-11-12 23:00:00,0.0,55,3.1,280,0,0,0
1996-11-13 00:00:00,-1.0,60,4.1,290,0,0,0
1996-11-13 01:00:00,-1.0,66,4.6,290,0,0,0
1996-11-13 02:00:00,-1.0,60,3.1,280,0,0,0
1996-11-13 03:00:00,-2.0,65,3.1,260,0,0,0
1996-11-13 04:00:00,-2.0,71,3.1,280,0,0,0
1996-11-13 05:00:00,-2.0,71,2.6,290,0,0,0
1996-11-13 06:00:00,-2.0,71,2.6,280,0,0,0
1996-11-13 07:00:00,-2.0,71,2.6,280,1,7,1
1996-11-13 08:00:00,1.0,56,3.6,300,73,48,67
1996-11-13 09:00:00,2.0,52,4.6,290,110,53,94
1996-11-13 10:00:00,3.0,41,5.1,300,270,272,157
1996-11-13 11:00:00,3.0,41,4.1,320,402,411,197
1996-11-13 12:00:00,4.0,45,4.6,270,302,152,220
1996-11-13 13:00:00,5.0,39,4.1,280,348,161,263
1996-11-13 14:00:00,4.0,38,3.1,280,287,178,205
1996-11-13 15:00:00,4.0,42,5.7,270,208,141,158
1996-11-13 16:00:00,3.0,45,3.6,260,82,88,63
1996-11-13 17:00:00,3.0,49,3.6,250,22,9,22
1996-11-13 18:00:00,3.0,49,2.6,240,0,0,0
1996-11-13 19:00:00,2.0,57,3.1,230,0,0,0
1996-11-13 20:00:00,2.0,52,3.6,230,0,0,0
1996-11-13 21:00:00,2.0,57,3.6,250,0,0,0
1996-11-13 22:00:00,2.0,57,3.1,240,0,0,0
1996-11-13 23:00:00,2.0,57,2.1,210,0,0,0
1996-11-14 00:00:00,2.0,57,1.0,210,0,0,0
1996-11-14 01:00:00,2.0,62,0.5,310,0,0,0
1996-11-14 02:00:00,2.0,67,1.0,20,0,0,0
1996-11-14 03:00:00,1.0,67,1.0,230,0,0,0
1996-11-14 04:00:00,1.0,72,0.5,10,0,0,0
1996-11-14 05:00:00,2.0,62,2.6,270,0,0,0
1996-11-14 06:00:00,2.0,62,3.1,300,0,0,0
1996-11-14 07:00:00,2.0,62,3.1,330,0,0,0
1996-11-14 08:00:00,2.0,62,3.6,320,26,0,26
1996-11-14 09:00:00,2.0,67,3.6,350,74,0,74
1996-11-14 10:00:00,2.0,67,3.6,350,117,0,117
1996-11-14 11:00:00,2.0,73,3.1,330,146,0,146
1996-11-14 12:00:00,2.0,73,4.1,310,160,0,160
1996-11-14 13:00:00,3.0,74,3.1,320,156,0,156
1996-11-14 14:00:00,3.0,68,3.1,340,135,0,135
1996-11-14 15:00:00,3.0,68,4.6,340,99,0,99
1996-11-14 16:00:00,3.0,68,4.1,330,131,80,114
1996-11-14 17:00:00,2.0,73,3.6,320,9,0,9
1996-11-14 18:00:00,2.0,67,3.6,320,0,0,0
1996-11-14 19:00:00,2.0,67,3.6,310,0,0,0
1996-11-14 20:00:00,0.0,72,3.6,330,0,0,0
1996-11-14 21:00:00,-2.0,85,3.1,350,0,0,0
1996-11-14 22:00:00,-1.0,78,3.6,360,0,0,0
1996-11-14 23:00:00,-2.0,85,3.6,350,0,0,0
1996-11-15 00:00:00,-2.0,85,2.6,340,0,0,0
1996-11-15 01:00:00,-2.0,85,3.6,330,0,0,0
1996-11-15 02:00:00,-3.0,84,3.1,350,0,0,0
1996-11-15 03:00:00,-2.0,78,4.6,360,0,0,0
1996-11-15 04:00:00,-3.0,84,3.1,330,0,0,0
1996-11-15 05:00:00,-4.0,92,3.1,340,0,0,0
1996-11-15 06:00:00,-4.0,92,3.1,340,0,0,0
1996-11-15 07:00:00,-5.0,92,3.1,340,0,0,0
1996-11-15 08:00:00,-2.0,85,3.6,360,62,92,51
1996-11-15 09:00:00,0.0,72,5.7,10,197,291,116
1996-11-15 10:00:00,1.0,67,6.7,10,341,505,136
1996-11-15 11:00:00,2.0,52,4.6,50,451,605,154
1996-11-15 12:00:00,3.0,49,5.1,50,401,460,157
1996-11-15 13:00:00,3.0,45,3.1,30,384,456,147
1996-11-15 14:00:00,3.0,45,5.7,10,400,509,167
1996-11-15 15:00:00,4.0,42,6.2,360,280,419,132
1996-11-15 16:00:00,3.0,45,3.6,20,124,265,69
1996-11-15 17:00:00,1.0,56,2.6,350,16,12,15
1996-11-15 18:00:00,1.0,51,2.6,340,0,0,0
1996-11-15 19:00:00,-1.0,60,2.6,350,0,0,0
1996-11-15 20:00:00,-1.0,60,2.6,20,0,0,0
1996-11-15 21:00:00,-2.0,65,2.6,30,0,0,0
1996-11-15 22:00:00,-1.0,60,2.6,40,0,0,0
1996-11-15 23:00:00,1.0,47,3.6,50,0,0,0
1996-11-16 00:00:00,-1.0,60,4.1,40,0,0,0
1996-11-16 01:00:00,-2.0,65,3.6,10,0,0,0
1996-11-16 02:00:00,-4.0,84,3.1,350,0,0,0
1996-11-16 03:00:00,-4.0,77,2.6,350,0,0,0
1996-11-16 04:00:00,-4.0,84,3.6,10,0,0,0
1996-11-16 05:00:00,-5.0,84,2.6,360,0,0,0
1996-11-16 06:00:00,-5.0,84,2.6,330,0,0,0
1996-11-16 07:00:00,-5.0,84,2.6,320,0,15,0
1996-11-16 08:00:00,-2.0,85,3.6,10,63,171,43
1996-11-16 09:00:00,1.0,72,3.1,350,210,415,95
1996-11-16 10:00:00,3.0,58,3.6,50,366,756,63
1996-11-16 11:00:00,4.0,54,2.1,350,437,740,77
1996-11-16 12:00:00,6.0,47,3.1,280,464,667,114
1996-11-16 13:00:00,6.0,47,1.5,290,482,743,99
1996-11-16 14:00:00,6.0,47,1.0,300,413,753,71
1996-11-16 15:00:00,6.0,51,2.1,310,247,448,90
1996-11-16 16:00:00,6.0,43,2.6,320,149,442,57
1996-11-16 17:00:00,2.0,57,2.1,20,20,111,13
1996-11-16 18:00:00,2.0,57,2.1,30,0,0,0
1996-11-16 19:00:00,2.0,57,1.5,340,0,0,0
1996-11-16 20:00:00,0.0,72,1.5,290,0,0,0
1996-11-16 21:00:00,-1.0,71,2.6,320,0,0,0
1996-11-16 22:00:00,0.0,66,1.5,270,0,0,0
1996-11-16 23:00:00,-1.0,71,1.0,290,0,0,0
1996-11-17 00:00:00,-2.0,71,1.5,300,0,0,0
1996-11-17 01:00:00,-1.0,60,2.1,320,0,0,0
1996-11-17 02:00:00,-1.0,60,2.1,300,0,0,0
1996-11-17 03:00:00,-2.0,71,3.1,320,0,0,0
1996-11-17 04:00:00,-2.0,78,3.1,300,0,0,0
1996-11-17 05:00:00,-2.0,71,2.1,320,0,0,0
1996-11-17 06:00:00,-2.0,78,2.1,340,0,0,0
1996-11-17 07:00:00,-2.0,78,1.0,20,0,8,0
1996-11-17 08:00:00,0.0,72,2.6,350,54,205,31
1996-11-17 09:00:00,4.0,59,3.1,320,209,470,82
1996-11-17 10:00:00,7.0,48,3.6,350,271,341,135
1996-11-17 11:00:00,9.0,41,2.6,170,470,768,98
1996-11-17 12:00:00,10.0,30,2.6,60,442,625,116
1996-11-17 13:00:00,12.0,29,2.6,20,311,248,184
1996-11-17 14:00:00,12.0,29,2.1,330,119,68,88
1996-11-17 15:00:00,12.0,29,2.6,300,84,72,59
1996-11-17 16:00:00,8.0,57,2.1,260,66,28,60
1996-11-17 17:00:00,7.0,56,1.5,80,13,7,12
1996-11-17 18:00:00,6.0,60,0.0,0,0,0,0
1996-11-17 19:00:00,4.0,75,1.5,180,0,0,0
1996-11-17 20:00:00,4.0,69,1.5,220,0,0,0
1996-11-17 21:00:00,4.0,54,1.0,300,0,0,0
1996-11-17 22:00:00,2.0,73,2.1,280,0,0,0
1996-11-17 23:00:00,1.0,72,1.5,260,0,0,0
1996-11-18 00:00:00,2.0,62,1.0,330,0,0,0
1996-11-18 01:00:00,2.0,62,0.5,290,0,0,0
1996-11-18 02:00:00,1.0,72,1.5,290,0,0,0
1996-11-18 03:00:00,2.0,62,1.0,280,0,0,0
1996-11-18 04:00:00,1.0,72,1.5,280,0,0,0
1996-11-18 05:00:00,2.0,67,2.1,270,0,0,0
1996-11-18 06:00:00,2.0,80,1.0,270,0,0,0
1996-11-18 07:00:00,2.0,73,2.1,260,0,0,0
1996-11-18 08:00:00,3.7,77,1.5,210,27,0,27
1996-11-18 09:00:00,6.0,75,3.1,290,82,0,82
1996-11-18 10:00:00,7.0,66,0.5,110,135,0,135
1996-11-18 11:00:00,9.0,53,1.0,280,172,0,172
1996-11-18 12:00:00,10.0,54,2.1,220,189,0,189
1996-11-18 13:00:00,12.0,47,4.1,240,184,0,184
1996-11-18 14:00:00,12.0,50,3.1,220,158,0,158
1996-11-18 15:00:00,12.0,47,3.6,260,185,110,147
1996-11-18 16:00:00,12.0,47,2.6,270,57,0,57
1996-11-18 17:00:00,10.0,57,2.1,310,9,0,9
1996-11-18 18:00:00,9.0,71,3.1,250,0,0,0
1996-11-18 19:00:00,9.0,71,2.1,260,0,0,0
1996-11-18 20:00:00,8.0,76,2.1,230,0,0,0
1996-11-18 21:00:00,8.0,81,2.6,250,0,0,0
1996-11-18 22:00:00,8.0,81,2.1,260,0,0,0
1996-11-18 23:00:00,7.0,93,2.1,250,0,0,0
1996-11-19 00:00:00,7.0,93,3.1,260,0,0,0
1996-11-19 01:00:00,7.0,93,2.6,260,0,0,0
1996-11-19 02:00:00,7.0,100,2.6,280,0,0,0
1996-11-19 03:00:00,7.0,100,3.1,270,0,0,0
1996-11-19 04:00:00,7.0,100,2.6,260,0,0,0
1996-11-19 05:00:00,8.0,93,2.1,290,0,0,0
1996-11-19 06:00:00,7.0,100,2.1,310,0,0,0
1996-11-19 07:00:00,8.0,93,4.1,290,0,0,0
1996-11-19 08:00:00,8.0,93,2.6,280,28,0,28
1996-11-19 09:00:00,9.0,87,3.6,300,129,49,116
1996-11-19 10:00:00,10.0,82,5.7,310,171,102,131
1996-11-19 11:00:00,11.0,76,4.1,300,252,82,212
1996-11-19 12:00:00,12.0,58,5.7,300,252,50,226
1996-11-19 13:00:00,13.0,54,4.6,290,388,347,212
1996-11-19 14:00:00,13.0,44,6.2,310,398,556,150
1996-11-19 15:00:00,13.0,41,7.2,310,238,329,125
1996-11-19 16:00:00,11.0,43,5.7,320,99,130,73
1996-11-19 17:00:00,8.0,52,2.6,320,14,18,13
1996-11-19 18:00:00,5.0,75,2.6,350,0,0,0
1996-11-19 19:00:00,6.0,65,1.5,350,0,0,0
1996-11-19 20:00:00,4.0,81,1.0,360,0,0,0
1996-11-19 21:00:00,5.0,75,1.5,340,0,0,0
1996-11-19 22:00:00,4.0,81,2.6,230,0,0,0
1996-11-19 23:00:00,4.0,81,1.0,240,0,0,0
1996-11-20 00:00:00,3.0,81,2.1,260,0,0,0
1996-11-20 01:00:00,3.0,81,2.6,310,0,0,0
1996-11-20 02:00:00,3.9,72,2.9,310,0,0,0
1996-11-20 03:00:00,5.0,64,3.1,310,0,0,0
1996-11-20 04:00:00,4.0,75,3.1,310,0,0,0
1996-11-20 05:00:00,4.0,75,2.1,330,0,0,0
1996-11-20 06:00:00,4.0,75,2.1,310,0,0,0
1996-11-20 07:00:00,4.0,75,2.6,240,0,0,0
1996-11-20 08:00:00,5.0,70,2.6,250,52,23,50
1996-11-20 09:00:00,6.0,70,4.1,270,145,48,133
1996-11-20 10:00:00,7.0,61,5.1,320,103,0,103
1996-11-20 11:00:00,7.0,70,7.7,310,259,135,195
1996-11-20 12:00:00,7.0,48,7.7,280,121,92,74
1996-11-20 13:00:00,7.0,48,6.7,270,291,166,208
1996-11-20 14:00:00,7.0,44,7.7,320,146,65,117
1996-11-20 15:00:00,7.0,44,6.7,330,158,15,153
1996-11-20 16:00:00,6.0,43,4.6,310,77,35,70
1996-11-20 17:00:00,3.0,53,3.6,320,14,40,12
1996-11-20 18:00:00,2.0,57,3.6,320,0,0,0
1996-11-20 19:00:00,2.0,57,4.1,310,0,0,0
1996-11-20 20:00:00,1.0,61,3.1,320,0,0,0
1996-11-20 21:00:00,2.0,57,2.6,260,0,0,0
1996-11-20 22:00:00,2.0,57,4.1,290,0,0,0
1996-11-20 23:00:00,1.0,61,3.6,270,0,0,0
1996-11-21 00:00:00,1.0,67,3.1,280,0,0,0
1996-11-21 01:00:00,-1.0,71,3.6,320,0,0,0
1996-11-21 02:00:00,-1.0,78,2.6,240,0,0,0
1996-11-21 03:00:00,-2.0,78,2.1,260,0,0,0
1996-11-21 04:00:00,-2.0,78,3.6,280,0,0,0
1996-11-21 05:00:00,-2.0,78,3.1,280,0,0,0
1996-11-21 06:00:00,-2.0,78,3.1,270,0,0,0
1996-11-21 07:00:00,-2.0,78,2.1,230,0,0,0
1996-11-21 08:00:00,-1.0,78,3.1,250,33,10,32
1996-11-21 09:00:00,2.0,67,3.6,260,127,34,118
1996-11-21 10:00:00,3.0,63,3.6,290,179,67,154
1996-11-21 11:00:00,5.0,50,5.7,280,271,82,233
1996-11-21 12:00:00,5.0,55,4.1,260,384,112,327
1996-11-21 13:00:00,6.0,47,4.1,260,196,71,161
1996-11-21 14:00:00,6.0,51,5.7,260,152,0,152
1996-11-21 15:00:00,5.0,50,4.6,280,147,29,137
1996-11-21 16:00:00,4.0,54,4.6,300,47,39,39
1996-11-21 17:00:00,3.0,58,3.1,330,11,9,10
1996-11-21 18:00:00,2.0,67,1.0,20,0,0,0
1996-11-21 19:00:00,3.0,63,2.6,300,0,0,0
1996-11-21 20:00:00,3.0,68,2.1,240,0,0,0
1996-11-21 21:00:00,3.0,63,2.1,250,0,0,0
1996-11-21 22:00:00,2.0,67,3.6,310,0,0,0
1996-11-21 23:00:00,0.0,78,2.6,350,0,0,0
1996-11-22 00:00:00,-2.0,85,3.6,350,0,0,0
1996-11-22 01:00:00,-1.0,78,3.1,340,0,0,0
1996-11-22 02:00:00,-1.0,78,3.1,320,0,0,0
1996-11-22 03:00:00,-1.0,78,3.6,320,0,0,0
1996-11-22 04:00:00,-1.0,78,3.6,330,0,0,0
1996-11-22 05:00:00,1.0,72,5.7,320,0,0,0
1996-11-22 06:00:00,2.0,67,5.1,320,0,0,0
1996-11-22 07:00:00,2.0,67,5.1,320,0,0,0
1996-11-22 08:00:00,3.0,68,6.2,320,20,0,20
1996-11-22 09:00:00,4.0,64,6.7,320,67,0,67
1996-11-22 10:00:00,4.0,64,6.7,340,109,0,109
1996-11-22 11:00:00,5.0,59,6.7,340,139,0,139
1996-11-22 12:00:00,5.0,59,8.2,330,152,0,152
1996-11-22 13:00:00,5.0,59,8.2,340,149,0,149
1996-11-22 14:00:00,6.0,55,7.7,330,260,59,235
1996-11-22 15:00:00,6.3,54,7.2,330,197,139,150
1996-11-22 16:00:00,6.0,55,6.7,330,106,144,79
1996-11-22 17:00:00,6.0,55,6.7,330,10,12,9
1996-11-22 18:00:00,5.0,59,7.2,330,0,0,0
1996-11-22 19:00:00,4.0,64,6.2,330,0,0,0
1996-11-22 20:00:00,3.0,68,4.6,310,0,0,0
1996-11-22 21:00:00,3.5,66,5.4,320,0,0,0
1996-11-22 22:00:00,4.0,64,6.2,320,0,0,0
1996-11-22 23:00:00,2.0,67,4.6,310,0,0,0
1996-11-23 00:00:00,1.0,79,4.1,310,0,0,0
1996-11-23 01:00:00,2.0,67,5.1,320,0,0,0
1996-11-23 02:00:00,1.0,72,3.6,300,0,0,0
1996-11-23 03:00:00,0.0,72,3.6,310,0,0,0
1996-11-23 04:00:00,1.0,72,4.1,300,0,0,0
1996-11-23 05:00:00,1.0,72,5.1,300,0,0,0
1996-11-23 06:00:00,0.0,72,4.1,310,0,0,0
1996-11-23 07:00:00,-1.0,78,3.6,310,0,2,0
1996-11-23 08:00:00,1.0,72,3.6,310,43,176,27
1996-11-23 09:00:00,3.0,63,4.1,330,102,181,57
1996-11-23 10:00:00,5.0,55,3.1,320,250,372,109
1996-11-23 11:00:00,5.0,55,2.1,270,180,106,131
1996-11-23 12:00:00,6.0,55,2.6,250,290,66,257
1996-11-23 13:00:00,7.0,52,4.1,260,192,60,162
1996-11-23 14:00:00,8.0,48,3.6,250,197,27,186
1996-11-23 15:00:00,7.0,52,4.1,230,94,0,93
1996-11-23 16:00:00,6.0,55,6.2,240,105,222,63
1996-11-23 17:00:00,4.0,64,4.1,240,14,73,10
1996-11-23 18:00:00,3.0,68,2.1,180,0,0,0
1996-11-23 19:00:00,3.0,68,2.1,180,0,0,0
1996-11-23 20:00:00,3.0,68,3.6,210,0,0,0
1996-11-23 21:00:00,3.0,74,4.1,210,0,0,0
1996-11-23 22:00:00,3.0,74,4.6,210,0,0,0
1996-11-23 23:00:00,2.0,80,3.6,210,0,0,0
1996-11-24 00:00:00,3.0,68,4.1,250,0,0,0
1996-11-24 01:00:00,3.0,81,4.1,230,0,0,0
1996-11-24 02:00:00,2.0,80,4.1,250,0,0,0
1996-11-24 03:00:00,2.0,80,2.6,260,0,0,0
1996-11-24 04:00:00,1.5,83,2.4,270,0,0,0
1996-11-24 05:00:00,1.0,86,2.1,280,0,0,0
1996-11-24 06:00:00,1.0,79,3.6,320,0,0,0
1996-11-24 07:00:00,2.0,73,2.6,330,0,5,0
1996-11-24 08:00:00,2.0,80,2.1,340,58,113,48
1996-11-24 09:00:00,6.0,65,4.6,360,191,403,92
1996-11-24 10:00:00,8.0,52,5.7,30,103,0,103
1996-11-24 11:00:00,7.0,56,3.1,40,133,0,133
1996-11-24 12:00:00,8.0,52,2.6,70,147,0,147
1996-11-24 13:00:00,8.4,51,1.9,60,144,0,144
1996-11-24 14:00:00,8.3,51,1.2,90,124,0,124
1996-11-24 15:00:00,8.0,52,0.5,110,89,0,89
1996-11-24 16:00:00,8.0,57,1.0,130,44,0,44
1996-11-24 17:00:00,6.0,65,2.1,160,7,0,7
1996-11-24 18:00:00,5.5,71,2.1,160,0,0,0
1996-11-24 19:00:00,5.4,74,2.1,140,0,0,0
1996-11-24 20:00:00,5.3,76,2.1,140,0,0,0
1996-11-24 21:00:00,5.4,78,2.1,140,0,0,0
1996-11-24 22:00:00,5.6,79,2.1,140,0,0,0
1996-11-24 23:00:00,5.9,80,2.1,150,0,0,0
1996-11-25 00:00:00,6.0,81,2.1,150,0,0,0
1996-11-25 01:00:00,6.0,81,3.6,170,0,0,0
1996-11-25 02:00:00,5.1,83,3.2,200,0,0,0
1996-11-25 03:00:00,6.8,82,2.3,210,0,0,0
1996-11-25 04:00:00,6.2,89,3.1,210,0,0,0
1996-11-25 05:00:00,5.8,91,3.8,220,0,0,0
1996-11-25 06:00:00,5.7,89,5.5,240,0,0,0
1996-11-25 07:00:00,6.4,85,10.5,270,0,6,0
1996-11-25 08:00:00,5.0,93,2.6,180,50,226,30
1996-11-25 09:00:00,8.0,87,5.1,180,101,45,90
1996-11-25 10:00:00,10.0,76,4.1,180,227,142,174
1996-11-25 11:00:00,12.0,71,4.1,190,107,57,81
1996-11-25 12:00:00,13.1,68,3.9,220,322,308,170
1996-11-25 13:00:00,14.0,67,3.6,240,390,414,188
1996-11-25 14:00:00,14.0,67,2.1,230,230,73,198
1996-11-25 15:00:00,14.0,72,1.5,210,174,150,125
1996-11-25 16:00:00,11.0,82,1.5,180,95,18,91
1996-11-25 17:00:00,10.0,87,1.5,190,16,6,16
1996-11-25 18:00:00,9.0,93,1.5,180,0,0,0
1996-11-25 19:00:00,10.0,87,1.0,180,0,0,0
1996-11-25 20:00:00,10.0,87,1.0,190,0,0,0
1996-11-25 21:00:00,10.0,93,0.5,160,0,0,0
1996-11-25 22:00:00,10.0,93,2.6,150,0,0,0
1996-11-25 23:00:00,10.0,100,2.1,130,0,0,0
1996-11-26 00:00:00,10.0,100,1.0,120,0,0,0
1996-11-26 01:00:00,10.0,100,3.1,110,0,0,0
1996-11-26 02:00:00,10.0,100,2.1,160,0,0,0
1996-11-26 03:00:00,14.0,94,1.5,160,0,0,0
1996-11-26 04:00:00,14.0,100,3.1,160,0,0,0
1996-11-26 05:00:00,14.5,97,4.6,170,0,0,0
1996-11-26 06:00:00,15.0,94,6.2,180,0,0,0
1996-11-26 07:00:00,16.0,88,17.0,240,0,0,0
1996-11-26 08:00:00,14.0,94,1.5,50,28,0,28
1996-11-26 09:00:00,13.0,100,3.1,180,99,92,77
1996-11-26 10:00:00,14.0,100,4.1,190,59,0,59
1996-11-26 11:00:00,14.0,100,4.1,200,79,0,79
1996-11-26 12:00:00,15.0,100,5.1,220,89,0,89
1996-11-26 13:00:00,16.0,94,6.2,260,227,194,133
1996-11-26 14:00:00,16.0,77,7.2,280,280,241,176
1996-11-26 15:00:00,13.0,82,7.7,300,71,0,71
1996-11-26 16:00:00,11.0,76,10.3,300,46,0,46
1996-11-26 17:00:00,8.0,71,9.3,330,8,0,8
1996-11-26 18:00:00,7.0,66,8.2,330,0,0,0
1996-11-26 19:00:00,6.0,65,10.3,320,0,0,0
1996-11-26 20:00:00,5.0,59,10.8,310,0,0,0
1996-11-26 21:00:00,4.0,49,11.8,320,0,0,0
1996-11-26 22:00:00,3.0,58,7.7,320,0,0,0
1996-11-26 23:00:00,3.0,58,7.2,340,0,0,0
1996-11-27 00:00:00,3.0,53,9.8,320,0,0,0
1996-11-27 01:00:00,3.0,53,7.7,310,0,0,0
1996-11-27 02:00:00,1.0,56,9.3,310,0,0,0
1996-11-27 03:00:00,1.0,51,6.2,310,0,0,0
1996-11-27 04:00:00,0.0,55,6.7,310,0,0,0
1996-11-27 05:00:00,0.0,60,6.2,310,0,0,0
1996-11-27 06:00:00,0.0,55,6.2,320,0,0,0
1996-11-27 07:00:00,0.0,51,7.2,310,0,0,0
1996-11-27 08:00:00,0.0,51,7.7,310,34,94,26
1996-11-27 09:00:00,1.0,43,9.8,320,162,330,83
1996-11-27 10:00:00,2.0,40,10.3,320,311,464,142
1996-11-27 11:00:00,3.0,37,8.7,310,348,507,120
1996-11-27 12:00:00,3.0,37,9.8,330,247,134,181
1996-11-27 13:00:00,3.0,37,9.8,310,405,427,200
1996-11-27 14:00:00,3.0,37,9.3,330,320,423,140
1996-11-27 15:00:00,2.0,40,8.2,310,194,218,124
1996-11-27 16:00:00,1.0,43,7.7,320,110,228,68
1996-11-27 17:00:00,-0.3,47,6.4,320,11,27,10
1996-11-27 18:00:00,-1.0,50,5.1,320,0,0,0
1996-11-27 19:00:00,-2.0,55,4.6,330,0,0,0
1996-11-27 20:00:00,-2.0,55,5.1,330,0,0,0
1996-11-27 21:00:00,-2.0,55,5.1,330,0,0,0
1996-11-27 22:00:00,-3.0,60,5.1,340,0,0,0
1996-11-27 23:00:00,-3.0,60,4.1,320,0,0,0
1996-11-28 00:00:00,-4.0,65,3.6,330,0,0,0
1996-11-28 01:00:00,-5.0,71,3.6,310,0,0,0
1996-11-28 02:00:00,-5.0,71,3.1,330,0,0,0
1996-11-28 03:00:00,-6.0,77,3.1,320,0,0,0
1996-11-28 04:00:00,-6.0,77,3.1,330,0,0,0
1996-11-28 05:00:00,-7.0,84,3.1,350,0,0,0
1996-11-28 06:00:00,-7.0,84,3.6,310,0,0,0
1996-11-28 07:00:00,-6.0,77,3.6,330,0,0,0
1996-11-28 08:00:00,-5.0,77,2.6,330,50,38,47
1996-11-28 09:00:00,-4.0,71,3.6,300,147,241,91
1996-11-28 10:00:00,-3.0,65,3.1,280,124,0,124
1996-11-28 11:00:00,-3.0,71,1.5,320,161,0,161
1996-11-28 12:00:00,-2.0,60,4.1,250,179,0,179
1996-11-28 13:00:00,-1.0,55,4.6,250,175,0,175
1996-11-28 14:00:00,-2.0,60,4.1,280,151,0,151
1996-11-28 15:00:00,-2.0,60,4.6,290,86,0,86
1996-11-28 16:00:00,-1.0,60,4.6,290,42,0,42
1996-11-28 17:00:00,-3.0,84,3.1,260,6,0,6
1996-11-28 18:00:00,-3.0,92,3.6,290,0,0,0
1996-11-28 19:00:00,-3.0,92,3.1,310,0,0,0
1996-11-28 20:00:00,-4.0,92,2.6,260,0,0,0
1996-11-28 21:00:00,-4.0,92,2.6,260,0,0,0
1996-11-28 22:00:00,-5.0,92,3.6,240,0,0,0
1996-11-28 23:00:00,-5.0,92,3.1,250,0,0,0
1996-11-29 00:00:00,-4.0,92,3.6,280,0,0,0
1996-11-29 01:00:00,-4.0,92,2.1,280,0,0,0
1996-11-29 02:00:00,-4.0,92,3.6,280,0,0,0
1996-11-29 03:00:00,-4.0,92,3.1,270,0,0,0
1996-11-29 04:00:00,-3.0,84,4.1,290,0,0,0
1996-11-29 05:00:00,-4.0,92,3.6,310,0,0,0
1996-11-29 06:00:00,-3.0,92,2.6,330,0,0,0
1996-11-29 07:00:00,-4.0,92,2.6,330,0,0,0
1996-11-29 08:00:00,-1.0,78,3.6,280,42,117,33
1996-11-29 09:00:00,1.0,72,3.1,310,103,33,96
1996-11-29 10:00:00,3.0,68,5.1,340,161,95,127
1996-11-29 11:00:00,4.0,59,4.1,350,256,198,168
1996-11-29 12:00:00,4.0,64,2.1,310,307,244,188
1996-11-29 13:00:00,4.0,59,2.1,20,336,323,181
1996-11-29 14:00:00,4.0,59,2.1,360,261,68,232
1996-11-29 15:00:00,4.0,59,0.0,0,270,592,80
1996-11-29 16:00:00,3.0,58,1.5,290,62,90,46
1996-11-29 17:00:00,2.0,62,2.1,240,9,13,8
1996-11-29 18:00:00,2.0,62,1.5,280,0,0,0
1996-11-29 19:00:00,-1.0,78,2.1,170,0,0,0
1996-11-29 20:00:00,-1.0,78,1.0,140,0,0,0
1996-11-29 21:00:00,-2.0,85,1.5,160,0,0,0
1996-11-29 22:00:00,-3.0,92,1.5,150,0,0,0
1996-11-29 23:00:00,-2.0,85,1.0,120,0,0,0
1996-11-30 00:00:00,-3.0,84,2.6,200,0,0,0
1996-11-30 01:00:00,-3.0,92,1.0,170,0,0,0
1996-11-30 02:00:00,-2.0,85,2.1,210,0,0,0
1996-11-30 03:00:00,-3.0,92,1.5,190,0,0,0
1996-11-30 04:00:00,-1.0,78,1.5,170,0,0,0
1996-11-30 05:00:00,-1.0,85,2.6,150,0,0,0
1996-11-30 06:00:00,-1.0,85,2.6,190,0,0,0
1996-11-30 07:00:00,-1.0,85,3.1,150,0,0,0
1996-11-30 08:00:00,1.0,79,1.5,160,35,39,32
1996-11-30 09:00:00,3.0,74,4.1,160,146,159,110
1996-11-30 10:00:00,4.0,75,4.6,170,152,159,96
1996-11-30 11:00:00,6.0,70,7.2,180,372,511,146
1996-11-30 12:00:00,7.0,66,5.7,190,396,432,187
1996-11-30 13:00:00,8.0,61,3.6,180,424,525,175
1996-11-30 14:00:00,8.0,61,3.6,140,280,271,166
1996-11-30 15:00:00,7.0,76,4.1,150,204,181,146
1996-11-30 16:00:00,7.0,76,4.6,140,91,111,71
1996-11-30 17:00:00,7.0,76,2.6,140,11,10,11
1996-11-30 18:00:00,7.0,76,3.1,150,0,0,0
1996-11-30 19:00:00,7.0,76,2.6,140,0,0,0
1996-11-30 20:00:00,7.0,87,2.6,150,0,0,0
1996-11-30 21:00:00,7.0,87,2.1,140,0,0,0
1996-11-30 22:00:00,7.3,93,2.7,150,0,0,0
1996-11-30 23:00:00,7.6,93,3.3,190,0,0,0
1996-12-01 00:00:00,7.9,100,3.9,170,0,0,0
2004-12-01 01:00:00,8.1,87,4.4,220,0,0,0
2004-12-01 02:00:00,8.4,93,5.0,210,0,0,0
2004-12-01 03:00:00,8.7,93,5.6,200,0,0,0
2004-12-01 04:00:00,9.0,93,6.2,210,0,0,0
2004-12-01 05:00:00,10.0,87,4.6,210,0,0,0
2004-12-01 06:00:00,10.0,87,6.7,200,0,0,0
2004-12-01 07:00:00,11.0,82,8.2,220,0,0,0
2004-12-01 08:00:00,13.0,88,10.3,220,0,0,0
2004-12-01 09:00:00,15.0,88,13.4,230,47,0,47
2004-12-01 10:00:00,15.0,94,11.8,230,74,0,74
2004-12-01 11:00:00,11.0,82,10.8,320,70,0,70
2004-12-01 12:00:00,12.0,71,6.2,290,116,0,116
2004-12-01 13:00:00,13.0,44,11.8,280,460,597,177
2004-12-01 14:00:00,13.0,44,8.7,280,385,674,103
2004-12-01 15:00:00,12.0,44,12.9,270,266,574,83
2004-12-01 16:00:00,11.0,47,9.3,280,131,461,47
2004-12-01 17:00:00,10.0,50,11.3,300,5,86,4
2004-12-01 18:00:00,9.0,53,7.2,290,0,0,0
2004-12-01 19:00:00,8.0,57,5.1,270,0,0,0
2004-12-01 20:00:00,7.0,56,5.1,270,0,0,0
2004-12-01 21:00:00,6.0,60,4.1,270,0,0,0
2004-12-01 22:00:00,6.0,60,4.1,290,0,0,0
2004-12-01 23:00:00,5.0,59,3.6,270,0,0,0
2004-12-02 00:00:00,5.0,59,3.6,270,0,0,0
2004-12-02 01:00:00,4.0,64,3.1,280,0,0,0
2004-12-02 02:00:00,4.0,64,2.6,260,0,0,0
2004-12-02 03:00:00,2.0,67,2.6,240,0,0,0
2004-12-02 04:00:00,2.0,73,1.5,230,0,0,0
2004-12-02 05:00:00,1.0,72,3.1,240,0,0,0
2004-12-02 06:00:00,1.0,67,3.6,230,0,0,0
2004-12-02 07:00:00,1.0,72,2.1,230,0,0,0
2004-12-02 08:00:00,3.0,63,2.1,230,0,0,0
2004-12-02 09:00:00,6.0,55,4.1,260,174,495,64
2004-12-02 10:00:00,8.0,41,6.2,300,324,670,90
2004-12-02 11:00:00,10.0,36,4.6,300,425,755,95
2004-12-02 12:00:00,10.0,36,4.6,290,445,657,131
2004-12-02 13:00:00,10.0,39,3.1,300,424,580,151
2004-12-02 14:00:00,10.0,39,1.0,270,368,597,119
2004-12-02 15:00:00,10.0,39,1.0,230,260,527,93
2004-12-02 16:00:00,9.0,45,3.1,190,139,434,61
2004-12-02 17:00:00,9.0,38,1.5,160,4,16,4
2004-12-02 18:00:00,5.0,70,2.6,130,0,0,0
2004-12-02 19:00:00,4.0,75,1.5,80,0,0,0
2004-12-02 20:00:00,4.0,75,2.1,50,0,0,0
2004-12-02 21:00:00,4.0,69,2.6,30,0,0,0
2004-12-02 22:00:00,4.0,69,0.0,0,0,0,0
2004-12-02 23:00:00,3.0,81,2.1,140,0,0,0
2004-12-03 00:00:00,3.0,81,2.1,170,0,0,0
2004-12-03 01:00:00,2.0,87,1.5,170,0,0,0
2004-12-03 02:00:00,3.0,87,1.5,190,0,0,0
2004-12-03 03:00:00,2.0,93,3.1,230,0,0,0
2004-12-03 04:00:00,3.0,93,3.1,280,0,0,0
2004-12-03 05:00:00,2.0,93,3.6,280,0,0,0
2004-12-03 06:00:00,2.0,93,3.6,280,0,0,0
2004-12-03 07:00:00,1.0,86,3.1,260,0,0,0
2004-12-03 08:00:00,2.0,87,2.6,230,0,0,0
2004-12-03 09:00:00,5.0,70,4.1,270,183,576,56
2004-12-03 10:00:00,8.0,57,4.6,290,331,720,81
2004-12-03 11:00:00,9.0,53,8.7,280,406,669,115
2004-12-03 12:00:00,9.0,41,8.2,280,439,506,198
2004-12-03 13:00:00,9.0,41,8.7,300,88,0,88
2004-12-03 14:00:00,9.0,41,8.7,300,363,355,215
2004-12-03 15:00:00,9.0,41,7.2,300,276,637,75
2004-12-03 16:00:00,8.0,41,4.6,290,126,412,52
2004-12-03 17:00:00,7.0,44,4.6,270,5,85,3
2004-12-03 18:00:00,6.0,43,4.1,290,0,0,0
2004-12-03 19:00:00,5.0,46,4.1,280,0,0,0
2004-12-03 20:00:00,5.0,46,3.1,290,0,0,0
2004-12-03 21:00:00,3.0,53,5.7,320,0,0,0
2004-12-03 22:00:00,2.0,62,3.1,320,0,0,0
2004-12-03 23:00:00,2.0,62,2.1,310,0,0,0
2004-12-04 00:00:00,2.0,57,2.1,230,0,0,0
2004-12-04 01:00:00,-2.0,78,2.1,170,0,0,0
2004-12-04 02:00:00,-1.0,78,0.0,0,0,0,0
2004-12-04 03:00:00,-2.0,78,0.0,0,0,0,0
2004-12-04 04:00:00,-1.0,78,1.5,220,0,0,0
2004-12-04 05:00:00,-2.0,85,1.0,250,0,0,0
2004-12-04 06:00:00,-2.0,85,1.0,230,0,0,0
2004-12-04 07:00:00,-3.0,84,0.0,0,0,0,0
2004-12-04 08:00:00,-2.0,78,1.0,260,0,0,0
2004-12-04 09:00:00,1.0,72,1.0,230,176,511,65
2004-12-04 10:00:00,5.0,59,2.1,170,332,733,79
2004-12-04 11:00:00,6.0,47,2.6,170,419,755,93
2004-12-04 12:00:00,7.0,44,3.1,230,458,735,109
2004-12-04 13:00:00,8.0,44,2.6,210,448,741,101
2004-12-04 14:00:00,8.0,44,4.1,220,385,704,94
2004-12-04 15:00:00,8.3,45,4.6,230,271,631,72
2004-12-04 16:00:00,8.0,48,5.1,240,130,472,46
2004-12-04 17:00:00,5.0,59,3.6,220,6,113,4
2004-12-04 18:00:00,5.0,59,2.6,250,0,0,0
2004-12-04 19:00:00,4.0,64,4.6,220,0,0,0
2004-12-04 20:00:00,3.0,68,2.6,221,0,0,0
2004-12-04 21:00:00,3.0,68,4.1,210,0,0,0
2004-12-04 22:00:00,4.0,81,5.7,240,0,0,0
2004-12-04 23:00:00,5.0,81,6.2,240,0,0,0
2004-12-05 00:00:00,5.0,81,3.6,250,0,0,0
2004-12-05 01:00:00,4.0,87,3.6,260,0,0,0
2004-12-05 02:00:00,4.0,81,4.6,270,0,0,0
2004-12-05 03:00:00,4.0,75,4.1,260,0,0,0
2004-12-05 04:00:00,5.0,70,3.6,270,0,0,0
2004-12-05 05:00:00,4.0,75,4.1,250,0,0,0
2004-12-05 06:00:00,4.0,69,4.1,260,0,0,0
2004-12-05 07:00:00,3.0,81,3.1,240,0,0,0
2004-12-05 08:00:00,4.0,75,3.1,270,0,0,0
2004-12-05 09:00:00,8.0,61,3.6,270,185,578,61
2004-12-05 10:00:00,10.0,54,5.7,320,319,677,87
2004-12-05 11:00:00,12.0,47,6.2,290,407,694,108
2004-12-05 12:00:00,13.0,47,5.7,280,433,627,137
2004-12-05 13:00:00,13.0,44,5.1,280,448,741,103
2004-12-05 14:00:00,13.0,47,6.2,280,374,645,108
2004-12-05 15:00:00,13.0,44,4.6,270,271,643,69
2004-12-05 16:00:00,12.0,47,4.1,280,135,520,42
2004-12-05 17:00:00,10.0,54,1.5,250,6,145,3
2004-12-05 18:00:00,7.0,66,1.0,180,0,0,0
2004-12-05 19:00:00,7.0,76,0.0,0,0,0,0
2004-12-05 20:00:00,5.0,75,0.0,0,0,0,0
2004-12-05 21:00:00,4.0,87,0.0,0,0,0,0
2004-12-05 22:00:00,4.0,81,1.0,340,0,0,0
2004-12-05 23:00:00,2.0,87,0.0,0,0,0,0
2004-12-06 00:00:00,2.0,87,1.5,50,0,0,0
2004-12-06 01:00:00,4.0,81,0.0,0,0,0,0
2004-12-06 02:00:00,4.0,93,2.6,40,0,0,0
2004-12-06 03:00:00,3.0,87,3.6,80,0,0,0
2004-12-06 04:00:00,6.0,87,3.6,80,0,0,0
2004-12-06 05:00:00,5.0,93,1.5,90,0,0,0
2004-12-06 06:00:00,6.0,93,3.1,90,0,0,0
2004-12-06 07:00:00,7.0,93,3.1,90,0,0,0
2004-12-06 08:00:00,9.0,87,5.1,100,0,0,0
2004-12-06 09:00:00,9.0,87,5.7,100,81,0,81
2004-12-06 10:00:00,10.0,82,4.6,120,75,0,75
2004-12-06 11:00:00,11.0,82,4.1,130,133,0,133
2004-12-06 12:00:00,11.0,82,4.6,130,140,0,140
2004-12-06 13:00:00,11.0,82,4.6,130,77,0,77
2004-12-06 14:00:00,11.0,82,3.6,120,102,0,102
2004-12-06 15:00:00,11.0,82,3.6,150,170,110,136
2004-12-06 16:00:00,10.0,93,3.1,160,103,211,66
2004-12-06 17:00:00,10.0,93,3.1,160,3,0,3
2004-12-06 18:00:00,10.0,93,2.1,170,0,0,0
2004-12-06 19:00:00,10.0,93,1.0,190,0,0,0
2004-12-06 20:00:00,10.0,93,1.5,170,0,0,0
2004-12-06 21:00:00,10.0,82,2.1,180,0,0,0
2004-12-06 22:00:00,10.0,82,1.0,220,0,0,0
2004-12-06 23:00:00,9.0,87,1.0,120,0,0,0
2004-12-07 00:00:00,9.0,87,1.0,160,0,0,0
2004-12-07 01:00:00,10.0,82,2.1,90,0,0,0
2004-12-07 02:00:00,9.0,93,1.5,80,0,0,0
2004-12-07 03:00:00,9.0,100,2.1,60,0,0,0
2004-12-07 04:00:00,9.0,100,1.0,50,0,0,0
2004-12-07 05:00:00,9.0,100,1.5,80,0,0,0
2004-12-07 06:00:00,9.0,93,2.1,80,0,0,0
2004-12-07 07:00:00,9.0,93,2.1,100,0,0,0
2004-12-07 08:00:00,9.0,93,2.6,140,0,0,0
2004-12-07 09:00:00,9.0,100,2.6,140,32,0,32
2004-12-07 10:00:00,9.0,100,2.6,140,54,0,54
2004-12-07 11:00:00,9.0,100,2.6,140,70,0,70
2004-12-07 12:00:00,10.0,100,2.6,150,73,0,73
2004-12-07 13:00:00,11.0,100,2.6,150,77,0,77
2004-12-07 14:00:00,12.0,100,1.5,170,91,0,91
2004-12-07 15:00:00,14.0,100,5.7,210,69,0,69
2004-12-07 16:00:00,15.0,94,5.7,210,36,0,36
2004-12-07 17:00:00,16.0,88,5.7,210,3,0,3
2004-12-07 18:00:00,16.0,100,4.1,210,0,0,0
2004-12-07 19:00:00,16.0,100,4.1,210,0,0,0
2004-12-07 20:00:00,17.0,94,7.7,230,0,0,0
2004-12-07 21:00:00,18.0,83,8.2,240,0,0,0
2004-12-07 22:00:00,18.0,83,11.8,250,0,0,0
2004-12-07 23:00:00,18.0,83,9.8,250,0,0,0
2004-12-08 00:00:00,18.0,83,8.2,250,0,0,0
2004-12-08 01:00:00,15.0,88,5.1,310,0,0,0
2004-12-08 02:00:00,15.0,88,4.1,290,0,0,0
2004-12-08 03:00:00,15.0,82,5.7,310,0,0,0
2004-12-08 04:00:00,14.0,72,4.1,310,0,0,0
2004-12-08 05:00:00,14.0,59,5.7,300,0,0,0
2004-12-08 06:00:00,13.0,67,4.6,300,0,0,0
2004-12-08 07:00:00,12.0,67,4.6,300,0,0,0
2004-12-08 08:00:00,12.0,67,3.6,270,0,0,0
2004-12-08 09:00:00,13.0,62,4.6,300,179,602,55
2004-12-08 10:00:00,15.0,55,6.2,290,320,716,80
2004-12-08 11:00:00,15.0,51,8.7,280,420,792,85
2004-12-08 12:00:00,16.0,48,5.7,280,464,789,96
2004-12-08 13:00:00,16.0,48,5.7,290,437,705,111
2004-12-08 14:00:00,16.0,45,7.2,300,369,633,110
2004-12-08 15:00:00,16.0,45,6.7,290,266,510,107
2004-12-08 16:00:00,15.0,48,5.1,270,85,125,63
2004-12-08 17:00:00,13.0,54,2.1,290,5,72,4
2004-12-08 18:00:00,10.0,62,2.1,330,0,0,0
2004-12-08 19:00:00,10.0,62,3.6,320,0,0,0
2004-12-08 20:00:00,8.0,66,4.1,320,0,0,0
2004-12-08 21:00:00,7.9,66,2.8,340,0,0,0
2004-12-08 22:00:00,8.0,66,1.5,350,0,0,0
2004-12-08 23:00:00,7.3,70,1.9,350,0,0,0
2004-12-09 00:00:00,6.5,72,2.2,360,0,0,0
2004-12-09 01:00:00,6.0,75,2.6,360,0,0,0
2004-12-09 02:00:00,5.5,78,2.1,20,0,0,0
2004-12-09 03:00:00,5.0,81,1.5,30,0,0,0
2004-12-09 04:00:00,3.0,87,2.1,50,0,0,0
2004-12-09 05:00:00,5.0,81,3.6,70,0,0,0
2004-12-09 06:00:00,5.0,81,4.1,80,0,0,0
2004-12-09 07:00:00,7.0,70,4.1,80,0,0,0
2004-12-09 08:00:00,7.0,76,3.1,90,0,0,0
2004-12-09 09:00:00,8.0,76,3.6,80,147,389,68
2004-12-09 10:00:00,10.0,76,3.6,80,252,305,151
2004-12-09 11:00:00,11.0,76,4.6,100,153,0,153
2004-12-09 12:00:00,11.0,76,4.6,100,465,561,204
2004-12-09 13:00:00,11.0,76,4.1,110,183,36,166
2004-12-09 14:00:00,10.0,87,3.6,130,68,0,68
2004-12-09 15:00:00,10.0,87,3.6,100,64,0,64
2004-12-09 16:00:00,9.0,93,4.6,80,36,0,36
2004-12-09 17:00:00,9.0,93,4.6,80,3,0,3
2004-12-09 18:00:00,10.0,93,5.7,110,0,0,0
2004-12-09 19:00:00,10.0,100,6.7,120,0,0,0
2004-12-09 20:00:00,10.0,100,5.1,100,0,0,0
2004-12-09 21:00:00,10.0,100,5.1,90,0,0,0
2004-12-09 22:00:00,10.0,100,4.6,100,0,0,0
2004-12-09 23:00:00,10.0,100,4.6,90,0,0,0
2004-12-10 00:00:00,10.0,100,4.6,90,0,0,0
2004-12-10 01:00:00,10.0,100,4.6,100,0,0,0
2004-12-10 02:00:00,11.0,100,4.6,100,0,0,0
2004-12-10 03:00:00,11.0,94,4.1,70,0,0,0
2004-12-10 04:00:00,11.0,94,4.6,80,0,0,0
2004-12-10 05:00:00,10.5,97,6.7,90,0,0,0
2004-12-10 06:00:00,10.0,100,8.7,100,0,0,0
2004-12-10 07:00:00,10.0,100,5.1,60,0,0,0
2004-12-10 08:00:00,10.0,100,2.6,10,0,0,0
2004-12-10 09:00:00,11.0,100,2.6,90,41,0,41
2004-12-10 10:00:00,11.0,100,4.1,70,55,0,55
2004-12-10 11:00:00,12.0,100,3.1,70,70,0,70
2004-12-10 12:00:00,12.0,100,1.5,110,73,0,73
2004-12-10 13:00:00,13.0,97,2.1,140,71,0,71
2004-12-10 14:00:00,14.0,96,1.5,150,79,0,79
2004-12-10 15:00:00,14.0,100,2.6,160,128,35,117
2004-12-10 16:00:00,15.0,100,2.1,190,85,114,65
2004-12-10 17:00:00,15.0,94,2.1,180,2,0,2
2004-12-10 18:00:00,14.0,100,2.6,190,0,0,0
2004-12-10 19:00:00,14.0,100,2.6,230,0,0,0
2004-12-10 20:00:00,12.0,100,2.1,210,0,0,0
2004-12-10 21:00:00,14.0,100,2.1,230,0,0,0
2004-12-10 22:00:00,14.0,100,4.6,260,0,0,0
2004-12-10 23:00:00,12.0,100,5.1,270,0,0,0
2004-12-11 00:00:00,12.0,100,6.2,250,0,0,0
2004-12-11 01:00:00,12.0,94,5.1,270,0,0,0
2004-12-11 02:00:00,11.0,94,4.6,280,0,0,0
2004-12-11 03:00:00,11.0,94,4.1,260,0,0,0
2004-12-11 04:00:00,11.0,94,4.1,260,0,0,0
2004-12-11 05:00:00,10.0,93,3.6,280,0,0,0
2004-12-11 06:00:00,10.0,93,1.5,270,0,0,0
2004-12-11 07:00:00,10.0,93,1.0,220,0,0,0
2004-12-11 08:00:00,10.0,93,1.0,200,0,0,0
2004-12-11 09:00:00,10.0,93,3.1,220,91,34,84
2004-12-11 10:00:00,10.0,93,2.6,270,48,0,48
2004-12-11 11:00:00,10.0,93,3.6,290,127,0,127
2004-12-11 12:00:00,10.0,93,4.1,230,86,0,86
2004-12-11 13:00:00,10.0,93,4.6,240,71,0,71
2004-12-11 14:00:00,10.0,93,3.1,260,62,0,62
2004-12-11 15:00:00,9.0,93,3.6,240,48,0,48
2004-12-11 16:00:00,10.0,87,3.6,240,85,119,64
2004-12-11 17:00:00,8.0,93,3.1,230,5,67,4
2004-12-11 18:00:00,8.0,93,2.6,230,0,0,0
2004-12-11 19:00:00,7.0,100,3.1,240,0,0,0
2004-12-11 20:00:00,8.0,76,4.6,280,0,0,0
2004-12-11 21:00:00,7.0,66,7.7,270,0,0,0
2004-12-11 22:00:00,6.0,65,4.1,270,0,0,0
2004-12-11 23:00:00,5.0,70,4.1,270,0,0,0
2004-12-12 00:00:00,5.0,70,4.6,270,0,0,0
2004-12-12 01:00:00,5.0,64,5.1,270,0,0,0
2004-12-12 02:00:00,4.0,69,4.6,260,0,0,0
2004-12-12 03:00:00,4.0,69,4.6,260,0,0,0
2004-12-12 04:00:00,3.0,74,4.6,260,0,0,0
2004-12-12 05:00:00,4.0,64,4.6,260,0,0,0
2004-12-12 06:00:00,5.0,64,6.2,280,0,0,0
2004-12-12 07:00:00,5.0,64,6.7,260,0,0,0
2004-12-12 08:00:00,5.0,64,5.7,260,0,0,0
2004-12-12 09:00:00,5.0,64,4.1,260,75,0,75
2004-12-12 10:00:00,6.0,65,4.1,280,144,12,140
2004-12-12 11:00:00,7.0,56,6.2,270,179,12,174
2004-12-12 12:00:00,7.0,56,6.2,280,190,12,184
2004-12-12 13:00:00,7.0,56,5.7,280,106,0,106
2004-12-12 14:00:00,8.0,57,5.1,260,323,343,184
2004-12-12 15:00:00,8.0,52,6.7,260,218,313,121
2004-12-12 16:00:00,7.0,61,4.6,260,77,65,65
2004-12-12 17:00:00,7.0,66,2.6,230,5,64,4
2004-12-12 18:00:00,5.0,75,1.5,200,0,0,0
2004-12-12 19:00:00,6.0,70,3.6,170,0,0,0
2004-12-12 20:00:00,6.0,75,4.1,180,0,0,0
2004-12-12 21:00:00,7.0,70,5.1,180,0,0,0
2004-12-12 22:00:00,6.0,75,4.6,180,0,0,0
2004-12-12 23:00:00,7.0,76,4.6,190,0,0,0
2004-12-13 00:00:00,8.0,71,4.1,200,0,0,0
2004-12-13 01:00:00,8.0,66,5.1,220,0,0,0
2004-12-13 02:00:00,8.0,66,5.1,210,0,0,0
2004-12-13 03:00:00,8.0,66,4.6,200,0,0,0
2004-12-13 04:00:00,8.0,66,4.1,200,0,0,0
2004-12-13 05:00:00,7.0,76,5.1,200,0,0,0
2004-12-13 06:00:00,7.0,76,5.1,200,0,0,0
2004-12-13 07:00:00,7.0,81,4.1,210,0,0,0
2004-12-13 08:00:00,7.0,81,5.1,290,0,0,0
2004-12-13 09:00:00,7.0,66,5.1,280,75,0,75
2004-12-13 10:00:00,8.0,61,5.1,280,116,0,116
2004-12-13 11:00:00,7.0,44,8.7,280,191,37,176
2004-12-13 12:00:00,9.0,35,9.8,260,465,573,202
2004-12-13 13:00:00,9.0,35,10.3,290,337,263,217
2004-12-13 14:00:00,9.0,35,6.2,290,386,627,131
2004-12-13 15:00:00,8.0,37,8.2,260,266,429,133
2004-12-13 16:00:00,7.0,40,7.7,250,23,0,23
2004-12-13 17:00:00,6.0,43,6.2,250,5,42,5
2004-12-13 18:00:00,5.0,46,3.6,270,0,0,0
2004-12-13 19:00:00,4.0,49,4.6,250,0,0,0
2004-12-13 20:00:00,4.0,49,2.6,260,0,0,0
2004-12-13 21:00:00,3.0,53,4.6,270,0,0,0
2004-12-13 22:00:00,3.0,49,6.7,320,0,0,0
2004-12-13 23:00:00,2.0,52,4.1,260,0,0,0
2004-12-14 00:00:00,2.0,52,7.2,270,0,0,0
2004-12-14 01:00:00,2.0,52,5.7,260,0,0,0
2004-12-14 02:00:00,1.0,61,5.1,260,0,0,0
2004-12-14 03:00:00,1.0,61,5.1,260,0,0,0
2004-12-14 04:00:00,1.0,61,3.6,250,0,0,0
2004-12-14 05:00:00,0.0,66,4.1,250,0,0,0
2004-12-14 06:00:00,0.0,66,4.1,260,0,0,0
2004-12-14 07:00:00,0.0,66,5.1,270,0,0,0
2004-12-14 08:00:00,1.0,61,5.1,280,10,155,5
2004-12-14 09:00:00,2.0,57,4.1,290,151,440,65
2004-12-14 10:00:00,3.0,53,7.2,310,302,680,82
2004-12-14 11:00:00,4.0,49,7.7,290,396,726,96
2004-12-14 12:00:00,5.0,46,6.7,310,447,748,104
2004-12-14 13:00:00,5.0,46,6.7,310,461,819,87
2004-12-14 14:00:00,5.0,46,6.7,310,397,799,73
2004-12-14 15:00:00,4.0,49,7.7,310,282,539,115
2004-12-14 16:00:00,3.0,45,7.2,310,63,43,55
2004-12-14 17:00:00,1.0,51,6.2,320,6,62,4
2004-12-14 18:00:00,1.0,51,4.6,330,0,0,0
2004-12-14 19:00:00,0.0,60,6.2,330,0,0,0
2004-12-14 20:00:00,-1.0,60,4.6,320,0,0,0
2004-12-14 21:00:00,-1.0,55,4.6,330,0,0,0
2004-12-14 22:00:00,-1.0,55,5.7,340,0,0,0
2004-12-14 23:00:00,-1.0,50,4.6,330,0,0,0
2004-12-15 00:00:00,-2.0,55,5.7,330,0,0,0
2004-12-15 01:00:00,-2.0,46,5.7,340,0,0,0
2004-12-15 02:00:00,-3.0,55,5.7,330,0,0,0
2004-12-15 03:00:00,-3.0,55,4.6,350,0,0,0
2004-12-15 04:00:00,-3.0,55,6.7,330,0,0,0
2004-12-15 05:00:00,-3.0,55,5.7,340,0,0,0
2004-12-15 06:00:00,-4.0,50,7.7,330,0,0,0
2004-12-15 07:00:00,-5.0,45,6.2,320,0,0,0
2004-12-15 08:00:00,-5.0,49,6.2,320,10,187,4
2004-12-15 09:00:00,-3.0,42,5.7,330,160,543,55
2004-12-15 10:00:00,-2.0,42,5.1,320,302,674,85
2004-12-15 11:00:00,0.0,43,6.7,320,402,756,91
2004-12-15 12:00:00,1.0,43,7.2,340,435,699,114
2004-12-15 13:00:00,2.0,40,9.8,310,443,771,92
2004-12-15 14:00:00,2.0,44,9.3,330,386,745,84
2004-12-15 15:00:00,2.0,44,6.7,330,272,655,68
2004-12-15 16:00:00,2.0,44,6.7,330,136,522,42
2004-12-15 17:00:00,0.0,55,4.1,320,6,78,4
2004-12-15 18:00:00,-1.0,60,2.6,330,0,0,0
2004-12-15 19:00:00,0.0,55,1.0,350,0,0,0
2004-12-15 20:00:00,-2.0,71,0.0,0,0,0,0
2004-12-15 21:00:00,-2.0,65,2.6,360,0,0,0
2004-12-15 22:00:00,-3.0,71,1.0,360,0,0,0
2004-12-15 23:00:00,-3.0,71,1.0,360,0,0,0
2004-12-16 00:00:00,-4.0,71,0.0,0,0,0,0
2004-12-16 01:00:00,-3.0,65,1.0,320,0,0,0
2004-12-16 02:00:00,-3.0,71,2.1,280,0,0,0
2004-12-16 03:00:00,-4.0,71,2.1,270,0,0,0
2004-12-16 04:00:00,-4.0,71,1.5,220,0,0,0
2004-12-16 05:00:00,-5.0,77,2.1,250,0,0,0
2004-12-16 06:00:00,-5.0,77,1.5,240,0,0,0
2004-12-16 07:00:00,-5.0,77,1.5,230,0,0,0
2004-12-16 08:00:00,-4.0,77,1.5,220,10,185,3
2004-12-16 09:00:00,-2.0,78,2.6,200,161,550,56
2004-12-16 10:00:00,1.0,61,2.6,200,309,731,75
2004-12-16 11:00:00,1.0,61,2.6,200,403,769,87
2004-12-16 12:00:00,5.0,42,5.7,250,459,820,84
2004-12-16 13:00:00,6.0,39,6.2,250,449,735,114
2004-12-16 14:00:00,6.6,38,5.4,250,358,556,132
2004-12-16 15:00:00,7.0,37,4.6,240,277,690,62
2004-12-16 16:00:00,7.0,34,5.1,240,136,516,43
2004-12-16 17:00:00,3.0,49,3.1,230,7,145,4
2004-12-16 18:00:00,3.0,53,4.6,240,0,0,0
2004-12-16 19:00:00,1.0,61,4.1,230,0,0,0
2004-12-16 20:00:00,1.0,61,4.1,200,0,0,0
2004-12-16 21:00:00,2.0,67,4.1,240,0,0,0
2004-12-16 22:00:00,2.0,67,5.7,230,0,0,0
2004-12-16 23:00:00,3.0,63,6.7,240,0,0,0
2004-12-17 00:00:00,4.0,59,6.2,240,0,0,0
2004-12-17 01:00:00,4.0,59,6.2,240,0,0,0
2004-12-17 02:00:00,3.0,63,5.1,230,0,0,0
2004-12-17 03:00:00,3.0,63,5.1,230,0,0,0
2004-12-17 04:00:00,1.0,67,4.1,230,0,0,0
2004-12-17 05:00:00,1.0,67,3.6,250,0,0,0
2004-12-17 06:00:00,0.0,72,3.6,260,0,0,0
2004-12-17 07:00:00,0.0,72,3.6,270,0,0,0
2004-12-17 08:00:00,1.0,67,2.6,290,9,183,3
2004-12-17 09:00:00,3.0,58,2.6,280,161,558,56
2004-12-17 10:00:00,7.0,44,3.1,260,303,700,80
2004-12-17 11:00:00,8.0,41,6.7,300,396,744,91
2004-12-17 12:00:00,9.0,38,4.6,300,441,742,102
2004-12-17 13:00:00,9.0,38,6.7,300,444,759,98
2004-12-17 14:00:00,9.0,38,6.7,280,375,680,99
2004-12-17 15:00:00,9.0,38,4.6,290,277,684,64
2004-12-17 16:00:00,8.0,37,5.7,310,132,473,46
2004-12-17 17:00:00,3.0,53,2.6,320,6,70,5
2004-12-17 18:00:00,5.0,46,2.1,300,0,0,0
2004-12-17 19:00:00,2.0,52,2.6,360,0,0,0
2004-12-17 20:00:00,1.0,61,1.5,20,0,0,0
2004-12-17 21:00:00,1.0,61,1.5,360,0,0,0
2004-12-17 22:00:00,1.0,61,1.5,360,0,0,0
2004-12-17 23:00:00,1.0,61,1.5,10,0,0,0
2004-12-18 00:00:00,-2.0,78,1.5,30,0,0,0
2004-12-18 01:00:00,-1.0,71,0.0,0,0,0,0
2004-12-18 02:00:00,-3.0,77,2.1,10,0,0,0
2004-12-18 03:00:00,-4.0,77,2.1,20,0,0,0
2004-12-18 04:00:00,-4.0,77,2.1,20,0,0,0
2004-12-18 05:00:00,-3.0,84,2.6,20,0,0,0
2004-12-18 06:00:00,-4.0,84,2.1,10,0,0,0
2004-12-18 07:00:00,-4.0,84,2.6,360,0,0,0
2004-12-18 08:00:00,-3.0,84,2.6,360,8,136,3
2004-12-18 09:00:00,0.0,92,1.5,10,145,423,66
2004-12-18 10:00:00,4.0,81,2.6,70,296,675,82
2004-12-18 11:00:00,6.0,70,3.1,90,403,653,136
2004-12-18 12:00:00,7.0,66,3.1,100,343,302,206
2004-12-18 13:00:00,8.0,61,3.1,90,396,526,157
2004-12-18 14:00:00,9.0,61,2.6,100,370,621,117
2004-12-18 15:00:00,9.0,53,3.1,90,272,655,67
2004-12-18 16:00:00,7.0,66,2.1,70,136,512,44
2004-12-18 17:00:00,5.0,70,1.0,60,8,134,4
2004-12-18 18:00:00,3.0,81,1.5,80,0,0,0
2004-12-18 19:00:00,2.0,80,1.5,10,0,0,0
2004-12-18 20:00:00,1.0,93,2.1,20,0,0,0
2004-12-18 21:00:00,0.0,85,2.1,360,0,0,0
2004-12-18 22:00:00,0.0,92,1.5,360,0,0,0
2004-12-18 23:00:00,0.0,92,1.0,290,0,0,0
2004-12-19 00:00:00,0.0,100,0.0,0,0,0,0
2004-12-19 01:00:00,-1.0,92,1.0,310,0,0,0
2004-12-19 02:00:00,-1.0,92,1.0,260,0,0,0
2004-12-19 03:00:00,-1.0,92,1.0,230,0,0,0
2004-12-19 04:00:00,-3.0,100,0.0,0,0,0,0
2004-12-19 05:00:00,-2.0,100,1.0,80,0,0,0
2004-12-19 06:00:00,-2.0,100,1.5,160,0,0,0
2004-12-19 07:00:00,-1.0,100,2.6,180,0,0,0
2004-12-19 08:00:00,-1.0,100,1.5,180,8,111,5
2004-12-19 09:00:00,-1.0,100,2.1,150,163,355,97
2004-12-19 10:00:00,1.0,100,1.5,220,228,263,144
2004-12-19 11:00:00,4.0,100,3.6,230,198,49,179
2004-12-19 12:00:00,5.0,100,3.6,230,319,241,209
2004-12-19 13:00:00,6.0,100,2.6,270,213,42,194
2004-12-19 14:00:00,7.0,76,2.6,250,256,172,186
2004-12-19 15:00:00,6.0,87,2.6,290,101,0,101
2004-12-19 16:00:00,5.0,87,3.6,330,41,0,41
2004-12-19 17:00:00,3.0,100,4.1,360,5,3,5
2004-12-19 18:00:00,3.0,93,4.1,340,0,0,0
2004-12-19 19:00:00,2.0,100,2.6,30,0,0,0
2004-12-19 20:00:00,2.0,100,0.0,0,0,0,0
2004-12-19 21:00:00,-0.1,93,5.4,340,0,0,0
2004-12-19 22:00:00,-2.0,85,10.8,320,0,0,0
2004-12-19 23:00:00,-4.0,84,10.8,320,0,0,0
2004-12-20 00:00:00,-5.0,71,13.4,320,0,0,0
2004-12-20 01:00:00,-6.0,70,10.8,320,0,0,0
2004-12-20 02:00:00,-7.0,64,11.8,320,0,0,0
2004-12-20 03:00:00,-8.0,58,11.8,320,0,0,0
2004-12-20 04:00:00,-9.0,53,11.3,330,0,0,0
2004-12-20 05:00:00,-10.0,48,12.9,320,0,0,0
2004-12-20 06:00:00,-11.0,53,10.8,320,0,0,0
2004-12-20 07:00:00,-11.0,53,11.8,320,0,0,0
2004-12-20 08:00:00,-12.0,52,13.4,320,6,80,3
2004-12-20 09:00:00,-12.0,52,10.8,310,120,260,72
2004-12-20 10:00:00,-11.0,48,13.9,310,179,113,144
2004-12-20 11:00:00,-11.0,48,12.3,310,403,598,160
2004-12-20 12:00:00,-10.0,44,12.9,310,460,833,81
2004-12-20 13:00:00,-8.0,37,13.4,310,456,700,138
2004-12-20 14:00:00,-8.0,33,10.8,310,273,219,184
2004-12-20 15:00:00,-7.0,34,9.3,310,283,586,99
2004-12-20 16:00:00,-7.0,31,10.3,310,141,540,43
2004-12-20 17:00:00,-8.0,37,7.7,300,10,165,5
2004-12-20 18:00:00,-8.0,37,6.2,310,0,0,0
2004-12-20 19:00:00,-8.0,37,5.1,310,0,0,0
2004-12-20 20:00:00,-8.0,37,3.6,300,0,0,0
2004-12-20 21:00:00,-9.0,44,1.5,290,0,0,0
2004-12-20 22:00:00,-9.0,48,1.5,270,0,0,0
2004-12-20 23:00:00,-9.0,48,1.5,240,0,0,0
2004-12-21 00:00:00,-8.0,58,1.5,240,0,0,0
2004-12-21 01:00:00,-8.0,58,2.1,240,0,0,0
2004-12-21 02:00:00,-7.0,54,1.5,200,0,0,0
2004-12-21 03:00:00,-7.0,59,2.6,180,0,0,0
2004-12-21 04:00:00,-8.0,70,3.6,140,0,0,0
2004-12-21 05:00:00,-9.0,70,3.6,130,0,0,0
2004-12-21 06:00:00,-8.0,64,3.6,160,0,0,0
2004-12-21 07:00:00,-8.0,64,4.1,160,0,0,0
2004-12-21 08:00:00,-6.0,59,5.1,180,7,164,2
2004-12-21 09:00:00,-3.0,60,4.1,190,155,548,55
2004-12-21 10:00:00,2.0,48,8.7,250,304,726,76
2004-12-21 11:00:00,2.7,46,8.2,250,404,794,81
2004-12-21 12:00:00,3.0,45,7.7,240,460,833,81
2004-12-21 13:00:00,4.0,42,5.7,260,456,831,78
2004-12-21 14:00:00,4.0,42,5.7,240,398,793,75
2004-12-21 15:00:00,5.0,42,6.2,240,283,708,60
2004-12-21 16:00:00,4.0,45,5.1,240,142,535,43
2004-12-21 17:00:00,2.0,52,3.6,250,9,114,5
2004-12-21 18:00:00,2.0,52,2.1,220,0,0,0
2004-12-21 19:00:00,1.0,56,1.5,200,0,0,0
2004-12-21 20:00:00,0.0,60,1.0,180,0,0,0
2004-12-21 21:00:00,-2.0,71,1.0,170,0,0,0
2004-12-21 22:00:00,0.0,72,1.5,220,0,0,0
2004-12-21 23:00:00,0.0,66,2.1,220,0,0,0
2004-12-22 00:00:00,1.0,61,2.1,220,0,0,0
2004-12-22 01:00:00,1.0,67,2.1,230,0,0,0
2004-12-22 02:00:00,1.0,61,1.0,240,0,0,0
2004-12-22 03:00:00,0.0,78,2.1,240,0,0,0
2004-12-22 04:00:00,0.0,72,2.6,190,0,0,0
2004-12-22 05:00:00,-1.0,78,1.5,190,0,0,0
2004-12-22 06:00:00,0.0,72,2.1,200,0,0,0
2004-12-22 07:00:00,-1.0,78,2.1,200,0,0,0
2004-12-22 08:00:00,0.0,78,0.0,0,6,165,2
2004-12-22 09:00:00,3.0,68,2.1,180,156,563,53
2004-12-22 10:00:00,7.0,56,3.1,210,304,733,75
2004-12-22 11:00:00,9.0,49,3.6,220,404,794,81
2004-12-22 12:00:00,12.0,44,3.6,220,460,833,82
2004-12-22 13:00:00,14.0,38,6.2,230,456,825,80
2004-12-22 14:00:00,14.6,34,6.2,230,399,793,75
2004-12-22 15:00:00,15.0,30,6.2,230,289,731,58
2004-12-22 16:00:00,14.0,32,6.2,220,147,568,41
2004-12-22 17:00:00,10.0,42,3.1,190,10,172,5
2004-12-22 18:00:00,8.0,48,2.6,190,0,0,0
2004-12-22 19:00:00,7.0,56,3.6,200,0,0,0
2004-12-22 20:00:00,7.0,52,3.6,190,0,0,0
2004-12-22 21:00:00,7.0,61,3.1,190,0,0,0
2004-12-22 22:00:00,7.0,70,3.1,200,0,0,0
2004-12-22 23:00:00,8.0,76,3.6,190,0,0,0
2004-12-23 00:00:00,9.0,76,3.6,180,0,0,0
2004-12-23 01:00:00,9.0,76,3.1,170,0,0,0
2004-12-23 02:00:00,10.0,76,3.6,160,0,0,0
2004-12-23 03:00:00,9.0,87,4.1,170,0,0,0
2004-12-23 04:00:00,9.0,93,3.1,170,0,0,0
2004-12-23 05:00:00,10.0,93,2.6,160,0,0,0
2004-12-23 06:00:00,10.0,93,3.6,180,0,0,0
2004-12-23 07:00:00,14.0,82,6.2,200,0,0,0
2004-12-23 08:00:00,15.0,82,6.2,200,1,0,1
2004-12-23 09:00:00,14.0,94,8.2,190,26,0,26
2004-12-23 10:00:00,13.0,100,5.1,170,111,0,111
2004-12-23 11:00:00,15.0,100,6.2,160,64,0,64
2004-12-23 12:00:00,17.0,82,9.8,200,252,91,211
2004-12-23 13:00:00,17.0,88,9.8,160,83,0,83
2004-12-23 14:00:00,16.0,94,11.3,210,63,0,63
2004-12-23 15:00:00,17.0,82,11.8,210,123,46,108
2004-12-23 16:00:00,17.0,88,11.3,220,147,350,82
2004-12-23 17:00:00,11.0,100,6.2,280,3,0,3
2004-12-23 18:00:00,11.0,94,2.6,280,0,0,0
2004-12-23 19:00:00,11.0,94,6.2,280,0,0,0
2004-12-23 20:00:00,9.0,76,9.3,310,0,0,0
2004-12-23 21:00:00,6.0,75,10.3,300,0,0,0
2004-12-23 22:00:00,4.0,64,12.9,330,0,0,0
2004-12-23 23:00:00,3.0,63,7.7,320,0,0,0
2004-12-24 00:00:00,3.0,63,9.3,330,0,0,0
2004-12-24 01:00:00,2.0,67,5.1,320,0,0,0
2004-12-24 02:00:00,2.0,62,8.2,310,0,0,0
2004-12-24 03:00:00,1.0,56,7.2,310,0,0,0
2004-12-24 04:00:00,0.0,60,7.2,310,0,0,0
2004-12-24 05:00:00,0.0,60,6.7,310,0,0,0
2004-12-24 06:00:00,0.0,60,5.7,320,0,0,0
2004-12-24 07:00:00,-1.0,60,7.7,320,0,0,0
2004-12-24 08:00:00,-1.0,60,6.7,320,6,146,2
2004-12-24 09:00:00,0.0,55,6.2,320,157,516,64
2004-12-24 10:00:00,0.0,55,5.1,330,298,702,79
2004-12-24 11:00:00,1.0,47,6.7,320,404,800,80
2004-12-24 12:00:00,1.0,51,6.7,310,461,833,82
2004-12-24 13:00:00,1.0,47,6.7,320,456,754,112
2004-12-24 14:00:00,1.0,47,6.7,320,342,432,165
2004-12-24 15:00:00,0.0,51,5.1,330,263,412,131
2004-12-24 16:00:00,0.0,51,4.6,320,69,49,60
2004-12-24 17:00:00,-1.0,55,3.6,320,11,86,8
2004-12-24 18:00:00,-1.0,50,5.1,310,0,0,0
2004-12-24 19:00:00,-2.0,55,4.1,320,0,0,0
2004-12-24 20:00:00,-1.0,55,4.1,320,0,0,0
2004-12-24 21:00:00,-2.0,60,3.1,320,0,0,0
2004-12-24 22:00:00,-4.0,65,3.1,320,0,0,0
2004-12-24 23:00:00,-4.0,65,4.1,320,0,0,0
2004-12-25 00:00:00,-4.0,59,4.1,320,0,0,0
2004-12-25 01:00:00,-4.0,59,5.1,330,0,0,0
2004-12-25 02:00:00,-4.0,54,6.2,330,0,0,0
2004-12-25 03:00:00,-4.0,59,4.6,330,0,0,0
2004-12-25 04:00:00,-5.0,59,5.1,340,0,0,0
2004-12-25 05:00:00,-5.0,65,4.6,330,0,0,0
2004-12-25 06:00:00,-6.0,70,3.6,340,0,0,0
2004-12-25 07:00:00,-6.0,70,4.1,330,0,0,0
2004-12-25 08:00:00,-6.0,70,4.6,350,5,145,2
2004-12-25 09:00:00,-4.0,54,6.7,360,157,524,63
2004-12-25 10:00:00,-3.0,42,6.2,350,298,702,80
2004-12-25 11:00:00,-2.0,38,6.2,330,404,800,80
2004-12-25 12:00:00,-1.0,39,5.7,330,461,833,82
2004-12-25 13:00:00,-1.0,42,3.6,360,457,826,79
2004-12-25 14:00:00,-1.0,42,5.7,350,405,788,81
2004-12-25 15:00:00,-1.0,42,4.6,360,279,657,69
2004-12-25 16:00:00,-1.0,42,5.1,340,148,548,44
2004-12-25 17:00:00,-4.0,45,3.1,360,13,186,7
2004-12-25 18:00:00,-4.0,50,2.1,350,0,0,0
2004-12-25 19:00:00,-5.1,57,1.8,360,0,0,0
2004-12-25 20:00:00,-6.0,64,1.5,360,0,0,0
2004-12-25 21:00:00,-5.0,59,2.6,10,0,0,0
2004-12-25 22:00:00,-6.0,70,2.6,340,0,0,0
2004-12-25 23:00:00,-6.0,70,2.6,340,0,0,0
2004-12-26 00:00:00,-7.0,77,3.1,350,0,0,0
2004-12-26 01:00:00,-7.0,77,2.6,350,0,0,0
2004-12-26 02:00:00,-7.0,84,3.6,350,0,0,0
2004-12-26 03:00:00,-6.0,77,4.1,340,0,0,0
2004-12-26 04:00:00,-5.0,84,3.6,350,0,0,0
2004-12-26 05:00:00,-4.0,84,4.6,360,0,0,0
2004-12-26 06:00:00,-4.0,77,4.6,350,0,0,0
2004-12-26 07:00:00,-4.0,84,6.2,360,0,0,0
2004-12-26 08:00:00,-3.0,77,4.6,350,2,0,2
2004-12-26 09:00:00,-3.0,71,6.2,10,70,0,70
2004-12-26 10:00:00,-3.0,77,6.2,360,83,0,83
2004-12-26 11:00:00,-2.0,71,6.2,350,71,0,71
2004-12-26 12:00:00,-1.4,68,7.0,350,92,0,92
2004-12-26 13:00:00,-1.0,66,7.7,350,83,0,83
2004-12-26 14:00:00,-1.0,66,7.7,350,74,0,74
2004-12-26 15:00:00,0.0,66,7.2,340,86,0,86
2004-12-26 16:00:00,0.0,66,7.2,340,51,0,51
2004-12-26 17:00:00,0.0,66,7.2,330,10,41,9
2004-12-26 18:00:00,0.0,66,6.7,330,0,0,0
2004-12-26 19:00:00,0.0,60,6.7,330,0,0,0
2004-12-26 20:00:00,0.0,60,7.2,330,0,0,0
2004-12-26 21:00:00,-1.0,78,6.2,320,0,0,0
2004-12-26 22:00:00,0.0,55,6.2,320,0,0,0
2004-12-26 23:00:00,-1.0,60,7.7,320,0,0,0
2004-12-27 00:00:00,-1.0,60,9.8,310,0,0,0
2004-12-27 01:00:00,-1.0,50,8.7,310,0,0,0
2004-12-27 02:00:00,-1.0,50,9.8,310,0,0,0
2004-12-27 03:00:00,-2.0,60,8.2,310,0,0,0
2004-12-27 04:00:00,-2.0,55,11.3,310,0,0,0
2004-12-27 05:00:00,-2.0,55,9.8,320,0,0,0
2004-12-27 06:00:00,-3.0,55,11.8,310,0,0,0
2004-12-27 07:00:00,-4.0,45,11.3,330,0,0,0
2004-12-27 08:00:00,-5.0,49,10.3,320,5,143,2
2004-12-27 09:00:00,-5.0,41,11.8,330,149,532,55
2004-12-27 10:00:00,-4.0,38,11.8,330,298,708,78
2004-12-27 11:00:00,-3.0,35,11.3,300,405,800,80
2004-12-27 12:00:00,-2.0,32,8.2,300,461,833,81
2004-12-27 13:00:00,-2.0,32,10.8,300,463,838,79
2004-12-27 14:00:00,-2.0,32,11.3,320,405,800,75
2004-12-27 15:00:00,-2.0,29,9.3,320,295,733,59
2004-12-27 16:00:00,-2.0,29,8.2,310,153,572,43
2004-12-27 17:00:00,-4.0,31,6.2,320,14,191,7
2004-12-27 18:00:00,-4.0,31,5.1,320,0,0,0
2004-12-27 19:00:00,-4.0,31,5.1,320,0,0,0
2004-12-27 20:00:00,-6.0,41,3.6,320,0,0,0
2004-12-27 21:00:00,-6.0,41,4.6,320,0,0,0
2004-12-27 22:00:00,-6.0,70,5.1,320,0,0,0
2004-12-27 23:00:00,-7.0,41,3.6,330,0,0,0
2004-12-28 00:00:00,-6.0,37,4.1,330,0,0,0
2004-12-28 01:00:00,-7.0,41,4.6,320,0,0,0
2004-12-28 02:00:00,-7.0,41,3.6,310,0,0,0
2004-12-28 03:00:00,-8.0,40,2.6,310,0,0,0
2004-12-28 04:00:00,-8.0,49,1.5,290,0,0,0
2004-12-28 05:00:00,-8.5,53,0.8,330,0,0,0
2004-12-28 06:00:00,-9.0,58,0.0,0,0,0,0
2004-12-28 07:00:00,-9.0,58,2.1,250,0,0,0
2004-12-28 08:00:00,-8.0,58,1.5,260,4,141,2
2004-12-28 09:00:00,-6.0,41,2.1,290,150,533,55
2004-12-28 10:00:00,-4.0,38,0.0,0,299,709,79
2004-12-28 11:00:00,-2.0,32,2.6,210,385,715,96
2004-12-28 12:00:00,-1.0,27,1.5,180,455,791,94
2004-12-28 13:00:00,0.0,25,2.1,190,463,838,78
2004-12-28 14:00:00,1.0,23,3.1,200,405,794,76
2004-12-28 15:00:00,1.0,28,4.6,260,290,692,66
2004-12-28 16:00:00,0.0,32,3.6,240,154,561,44
2004-12-28 17:00:00,-1.0,39,3.6,220,15,182,8
2004-12-28 18:00:00,-1.0,46,5.1,250,0,0,0
2004-12-28 19:00:00,-1.0,46,4.6,230,0,0,0
2004-12-28 20:00:00,-1.0,46,6.2,230,0,0,0
2004-12-28 21:00:00,-1.0,55,5.7,220,0,0,0
2004-12-28 22:00:00,-1.0,55,4.6,220,0,0,0
2004-12-28 23:00:00,0.0,55,5.1,230,0,0,0
2004-12-29 00:00:00,0.0,55,5.1,240,0,0,0
2004-12-29 01:00:00,0.0,55,5.1,230,0,0,0
2004-12-29 02:00:00,1.0,51,5.7,240,0,0,0
2004-12-29 03:00:00,0.0,55,5.1,240,0,0,0
2004-12-29 04:00:00,1.0,51,6.7,250,0,0,0
2004-12-29 05:00:00,1.0,53,6.2,250,0,0,0
2004-12-29 06:00:00,1.0,55,5.6,240,0,0,0
2004-12-29 07:00:00,1.0,56,5.1,240,0,0,0
2004-12-29 08:00:00,2.0,52,4.6,270,1,0,1
2004-12-29 09:00:00,2.0,52,4.6,270,44,0,44
2004-12-29 10:00:00,3.0,53,4.6,270,76,0,76
2004-12-29 11:00:00,4.0,49,4.6,280,103,0,103
2004-12-29 12:00:00,5.0,46,4.1,280,191,12,185
2004-12-29 13:00:00,7.0,44,4.6,300,196,24,185
2004-12-29 14:00:00,10.0,42,4.1,300,405,604,154
2004-12-29 15:00:00,11.0,43,3.1,300,296,716,63
2004-12-29 16:00:00,9.0,45,4.6,230,154,551,45
2004-12-29 17:00:00,7.0,44,5.1,240,16,165,9
2004-12-29 18:00:00,6.0,47,3.6,250,0,0,0
2004-12-29 19:00:00,6.0,51,3.6,230,0,0,0
2004-12-29 20:00:00,6.0,51,3.1,260,0,0,0
2004-12-29 21:00:00,7.0,44,2.6,270,0,0,0
2004-12-29 22:00:00,6.0,51,2.1,270,0,0,0
2004-12-29 23:00:00,6.0,51,3.1,40,0,0,0
2004-12-30 00:00:00,4.0,64,2.6,350,0,0,0
2004-12-30 01:00:00,4.0,64,1.5,330,0,0,0
2004-12-30 02:00:00,4.0,59,1.0,70,0,0,0
2004-12-30 03:00:00,1.0,72,0.0,0,0,0,0
2004-12-30 04:00:00,0.0,72,1.5,330,0,0,0
2004-12-30 05:00:00,0.0,72,0.0,0,0,0,0
2004-12-30 06:00:00,-1.0,92,1.0,220,0,0,0
2004-12-30 07:00:00,-2.0,85,0.0,0,0,0,0
2004-12-30 08:00:00,-1.0,78,0.0,0,4,104,2
2004-12-30 09:00:00,2.0,80,1.0,60,150,402,79
2004-12-30 10:00:00,4.0,81,0.0,0,257,470,111
2004-12-30 11:00:00,7.0,66,3.6,100,405,739,105
2004-12-30 12:00:00,8.0,61,4.1,100,461,827,83
2004-12-30 13:00:00,9.0,57,4.1,110,463,802,93
2004-12-30 14:00:00,9.0,57,3.6,150,377,599,127
2004-12-30 15:00:00,8.0,61,2.6,180,307,687,82
2004-12-30 16:00:00,7.0,61,2.6,180,155,546,46
2004-12-30 17:00:00,5.0,70,2.6,180,14,101,10
2004-12-30 18:00:00,5.0,75,2.6,170,0,0,0
2004-12-30 19:00:00,5.0,87,2.6,170,0,0,0
2004-12-30 20:00:00,5.0,87,2.1,150,0,0,0
2004-12-30 21:00:00,4.0,87,1.0,160,0,0,0
2004-12-30 22:00:00,4.0,87,1.0,160,0,0,0
2004-12-30 23:00:00,4.0,91,0.5,80,0,0,0
2004-12-31 00:00:00,4.0,93,0.0,0,0,0,0
2004-12-31 01:00:00,4.0,93,0.0,0,0,0,0
2004-12-31 02:00:00,3.0,93,2.1,170,0,0,0
2004-12-31 03:00:00,3.0,93,2.6,180,0,0,0
2004-12-31 04:00:00,3.0,90,1.8,180,0,0,0
2004-12-31 05:00:00,3.0,87,1.0,170,0,0,0
2004-12-31 06:00:00,2.0,100,1.0,30,0,0,0
2004-12-31 07:00:00,3.0,93,0.0,0,0,0,0
2004-12-31 08:00:00,4.0,93,2.1,190,2,0,2
2004-12-31 09:00:00,6.0,93,3.6,210,62,0,62
2004-12-31 10:00:00,9.0,81,5.1,220,181,113,146
2004-12-31 11:00:00,10.0,71,6.2,220,212,55,190
2004-12-31 12:00:00,13.0,54,6.2,230,277,115,224
2004-12-31 13:00:00,13.0,54,6.2,230,339,275,211
2004-12-31 14:00:00,13.0,58,6.2,230,337,385,176
2004-12-31 15:00:00,15.0,51,6.2,230,307,605,108
2004-12-31 16:00:00,14.0,55,6.7,230,160,569,45
2004-12-31 17:00:00,12.0,62,6.2,220,19,213,9
2004-12-31 18:00:00,11.0,66,5.1,220,0,0,0
2004-12-31 19:00:00,10.0,71,2.6,240,0,0,0
2004-12-31 20:00:00,9.0,76,4.6,250,0,0,0
2004-12-31 21:00:00,9.0,81,4.6,240,0,0,0
2004-12-31 22:00:00,10.0,76,6.2,240,0,0,0
2004-12-31 23:00:00,9.0,81,4.6,240,0,0,0
2005-01-01 00:00:00,9.0,76,4.1,250,0,0,0
