date_time,Dry Bulb Temperature [°C],Relative Humidity [%],Wind Speed [m/s],Wind Direction [Deg],Global Horizontal Radiation [W/m2],Direct Normal Radiation [W/m2],Diffuse Horizontal Radiation [W/m2]
2005-01-01 01:00:00,3.0,93,0.0,0,0,0,0
2005-01-01 02:00:00,4.0,93,0.0,0,0,0,0
2005-01-01 03:00:00,4.0,100,1.5,200,0,0,0
2005-01-01 04:00:00,2.0,100,0.0,0,0,0,0
2005-01-01 05:00:00,3.0,93,1.5,270,0,0,0
2005-01-01 06:00:00,3.0,93,0.0,0,0,0,0
2005-01-01 07:00:00,4.0,100,0.0,0,0,0,0
2005-01-01 08:00:00,5.0,87,1.5,260,0,0,0
2005-01-01 09:00:00,11.0,87,1.5,300,29,0,29
2005-01-01 10:00:00,18.0,64,2.6,250,149,82,124
2005-01-01 11:00:00,18.0,64,5.1,260,298,337,164
2005-01-01 12:00:00,18.0,59,7.2,290,384,465,171
2005-01-01 13:00:00,18.0,56,6.2,280,466,719,129
2005-01-01 14:00:00,18.0,59,3.1,280,368,558,128
2005-01-01 15:00:00,18.0,56,5.7,290,267,403,127
2005-01-01 16:00:00,17.0,55,4.1,310,180,499,68
2005-01-01 17:00:00,14.0,67,2.6,280,37,284,17
2005-01-01 18:00:00,13.0,67,1.5,300,0,0,0
2005-01-01 19:00:00,11.0,71,0.0,0,0,0,0
2005-01-01 20:00:00,8.0,87,1.5,310,0,0,0
2005-01-01 21:00:00,9.0,81,0.0,0,0,0,0
2005-01-01 22:00:00,6.0,93,1.5,340,0,0,0
2005-01-01 23:00:00,5.0,93,0.0,0,0,0,0
2005-01-02 00:00:00,8.0,87,2.6,40,0,0,0
2005-01-02 01:00:00,6.0,87,0.0,0,0,0,0
2005-01-02 02:00:00,5.0,87,0.0,0,0,0,0
2005-01-02 03:00:00,6.0,75,2.1,50,0,0,0
2005-01-02 04:00:00,5.0,75,2.6,50,0,0,0
2005-01-02 05:00:00,4.0,81,1.5,60,0,0,0
2005-01-02 06:00:00,4.0,75,2.1,60,0,0,0
2005-01-02 07:00:00,4.0,69,1.5,50,0,0,0
2005-01-02 08:00:00,4.0,69,1.5,50,0,0,0
2005-01-02 09:00:00,4.0,69,2.1,70,96,101,80
2005-01-02 10:00:00,4.0,69,3.1,80,42,0,42
2005-01-02 11:00:00,5.0,70,2.1,130,130,0,130
2005-01-02 12:00:00,6.0,75,1.5,130,99,0,99
2005-01-02 13:00:00,6.0,75,3.1,120,185,18,177
2005-01-02 14:00:00,6.0,75,0.0,0,81,0,81
2005-01-02 15:00:00,7.0,76,2.6,140,158,35,146
2005-01-02 16:00:00,7.0,76,3.1,140,98,45,87
2005-01-02 17:00:00,7.0,76,3.1,140,20,9,20
2005-01-02 18:00:00,7.0,81,2.6,160,0,0,0
2005-01-02 19:00:00,6.0,87,2.1,170,0,0,0
2005-01-02 20:00:00,6.0,81,1.5,170,0,0,0
2005-01-02 21:00:00,6.0,87,0.0,0,0,0,0
2005-01-02 22:00:00,6.0,87,1.5,170,0,0,0
2005-01-02 23:00:00,6.0,87,2.1,170,0,0,0
2005-01-03 00:00:00,6.0,87,2.1,180,0,0,0
2005-01-03 01:00:00,6.0,87,0.0,0,0,0,0
2005-01-03 02:00:00,6.0,87,0.0,0,0,0,0
2005-01-03 03:00:00,6.0,87,0.0,0,0,0,0
2005-01-03 04:00:00,6.0,87,0.0,0,0,0,0
2005-01-03 05:00:00,6.0,93,0.0,0,0,0,0
2005-01-03 06:00:00,6.0,87,0.0,0,0,0,0
2005-01-03 07:00:00,5.0,93,0.0,0,0,0,0
2005-01-03 08:00:00,4.0,93,0.0,0,0,0,0
2005-01-03 09:00:00,6.0,93,0.0,0,87,115,69
2005-01-03 10:00:00,10.0,82,1.5,180,248,461,112
2005-01-03 11:00:00,13.0,72,0.0,0,370,729,79
2005-01-03 12:00:00,16.0,63,0.0,0,433,641,139
2005-01-03 13:00:00,17.0,63,0.0,0,335,240,222
2005-01-03 14:00:00,17.0,68,0.0,0,109,0,109
2005-01-03 15:00:00,17.0,72,0.0,0,82,0,82
2005-01-03 16:00:00,17.0,72,0.0,0,108,79,90
2005-01-03 17:00:00,16.0,77,0.0,0,21,5,20
2005-01-03 18:00:00,16.0,77,0.0,0,0,0,0
2005-01-03 19:00:00,14.0,82,2.6,170,0,0,0
2005-01-03 20:00:00,14.0,88,2.1,180,0,0,0
2005-01-03 21:00:00,15.0,82,2.6,190,0,0,0
2005-01-03 22:00:00,16.0,77,3.1,200,0,0,0
2005-01-03 23:00:00,15.0,82,3.1,190,0,0,0
2005-01-04 00:00:00,15.0,82,2.6,200,0,0,0
2005-01-04 01:00:00,14.0,88,2.6,200,0,0,0
2005-01-04 02:00:00,15.0,82,2.1,220,0,0,0
2005-01-04 03:00:00,15.0,82,2.1,220,0,0,0
2005-01-04 04:00:00,14.0,82,2.1,220,0,0,0
2005-01-04 05:00:00,13.0,88,1.5,220,0,0,0
2005-01-04 06:00:00,13.0,88,0.0,0,0,0,0
2005-01-04 07:00:00,12.0,94,2.1,210,0,0,0
2005-01-04 08:00:00,12.0,94,0.0,0,0,0,0
2005-01-04 09:00:00,14.0,82,2.1,200,67,7,66
2005-01-04 10:00:00,17.0,77,2.1,200,127,32,118
2005-01-04 11:00:00,19.0,68,1.5,290,318,288,203
2005-01-04 12:00:00,16.0,77,3.6,350,149,0,149
2005-01-04 13:00:00,13.0,77,2.1,20,269,102,221
2005-01-04 14:00:00,13.0,77,2.1,20,259,131,202
2005-01-04 15:00:00,12.0,82,5.1,350,274,404,130
2005-01-04 16:00:00,11.0,82,3.1,50,137,225,85
2005-01-04 17:00:00,10.0,82,3.1,360,27,41,24
2005-01-04 18:00:00,9.0,93,2.1,40,0,0,0
2005-01-04 19:00:00,9.0,93,2.1,340,0,0,0
2005-01-04 20:00:00,9.0,87,1.5,350,0,0,0
2005-01-04 21:00:00,9.0,87,1.5,350,0,0,0
2005-01-04 22:00:00,9.0,87,0.0,0,0,0,0
2005-01-04 23:00:00,8.0,93,0.0,0,0,0,0
2005-01-05 00:00:00,8.0,100,0.0,0,0,0,0
2005-01-05 01:00:00,8.0,100,0.0,0,0,0,0
2005-01-05 02:00:00,8.0,100,0.0,0,0,0,0
2005-01-05 03:00:00,8.0,100,1.5,70,0,0,0
2005-01-05 04:00:00,8.0,100,0.0,0,0,0,0
2005-01-05 05:00:00,7.0,100,1.5,30,0,0,0
2005-01-05 06:00:00,7.0,100,0.0,0,0,0,0
2005-01-05 07:00:00,7.0,100,0.0,0,0,0,0
2005-01-05 08:00:00,7.0,100,1.5,10,0,0,0
2005-01-05 09:00:00,7.0,100,1.5,70,19,0,19
2005-01-05 10:00:00,7.0,100,2.6,50,78,0,78
2005-01-05 11:00:00,7.0,100,2.6,70,65,0,65
2005-01-05 12:00:00,7.0,100,3.1,70,74,0,74
2005-01-05 13:00:00,7.0,100,1.5,80,78,0,78
2005-01-05 14:00:00,7.0,100,2.1,80,75,0,75
2005-01-05 15:00:00,5.0,100,3.1,360,110,0,110
2005-01-05 16:00:00,5.0,100,2.6,30,34,0,34
2005-01-05 17:00:00,4.0,100,4.1,60,15,0,15
2005-01-05 18:00:00,4.0,100,4.1,80,0,0,0
2005-01-05 19:00:00,4.0,100,3.6,80,0,0,0
2005-01-05 20:00:00,3.0,100,2.6,90,0,0,0
2005-01-05 21:00:00,3.0,100,2.1,80,0,0,0
2005-01-05 22:00:00,3.0,100,2.1,80,0,0,0
2005-01-05 23:00:00,3.0,100,2.6,90,0,0,0
2005-01-06 00:00:00,3.0,100,0.0,0,0,0,0
2005-01-06 01:00:00,3.0,100,3.1,110,0,0,0
2005-01-06 02:00:00,4.0,100,1.5,90,0,0,0
2005-01-06 03:00:00,4.0,100,2.1,80,0,0,0
2005-01-06 04:00:00,3.0,100,2.1,80,0,0,0
2005-01-06 05:00:00,3.0,100,2.1,60,0,0,0
2005-01-06 06:00:00,3.0,100,2.1,90,0,0,0
2005-01-06 07:00:00,3.0,100,2.1,70,0,0,0
2005-01-06 08:00:00,3.0,100,0.0,0,0,0,0
2005-01-06 09:00:00,3.0,100,1.5,90,48,0,48
2005-01-06 10:00:00,3.0,100,2.1,100,57,0,57
2005-01-06 11:00:00,4.0,93,1.5,110,104,0,104
2005-01-06 12:00:00,4.0,100,1.5,130,130,0,130
2005-01-06 13:00:00,4.0,100,0.0,0,78,0,78
2005-01-06 14:00:00,5.0,100,0.0,0,75,0,75
2005-01-06 15:00:00,5.0,100,2.1,120,55,0,55
2005-01-06 16:00:00,6.0,100,1.5,310,39,0,39
2005-01-06 17:00:00,5.0,100,1.5,80,19,0,19
2005-01-06 18:00:00,5.0,100,0.0,0,0,0,0
2005-01-06 19:00:00,5.0,100,1.5,350,0,0,0
2005-01-06 20:00:00,4.0,100,2.1,340,0,0,0
2005-01-06 21:00:00,4.0,100,0.0,0,0,0,0
2005-01-06 22:00:00,4.0,100,0.0,0,0,0,0
2005-01-06 23:00:00,3.0,100,0.0,0,0,0,0
2005-01-07 00:00:00,2.0,100,0.0,0,0,0,0
2005-01-07 01:00:00,3.0,100,3.6,320,0,0,0
2005-01-07 02:00:00,5.0,81,7.2,310,0,0,0
2005-01-07 03:00:00,4.4,77,8.0,320,0,0,0
2005-01-07 04:00:00,4.0,75,8.7,320,0,0,0
2005-01-07 05:00:00,4.0,64,4.1,330,0,0,0
2005-01-07 06:00:00,4.0,64,5.1,290,0,0,0
2005-01-07 07:00:00,3.0,68,2.1,290,0,0,0
2005-01-07 08:00:00,3.0,68,0.0,0,0,0,0
2005-01-07 09:00:00,4.0,69,0.0,0,106,129,85
2005-01-07 10:00:00,4.0,69,0.0,0,57,0,57
2005-01-07 11:00:00,5.0,64,3.1,340,272,239,176
2005-01-07 12:00:00,6.0,60,2.6,330,353,357,187
2005-01-07 13:00:00,7.0,56,0.0,0,329,210,229
2005-01-07 14:00:00,6.0,55,1.5,40,248,113,198
2005-01-07 15:00:00,5.0,64,1.5,60,71,0,71
2005-01-07 16:00:00,5.0,64,1.5,80,64,0,64
2005-01-07 17:00:00,4.0,75,0.0,0,35,61,30
2005-01-07 18:00:00,3.0,87,0.0,0,0,0,0
2005-01-07 19:00:00,3.0,93,0.0,0,0,0,0
2005-01-07 20:00:00,3.0,93,0.0,0,0,0,0
2005-01-07 21:00:00,3.0,93,0.0,0,0,0,0
2005-01-07 22:00:00,3.0,93,0.0,0,0,0,0
2005-01-07 23:00:00,3.0,100,0.0,0,0,0,0
2005-01-08 00:00:00,3.0,100,0.0,0,0,0,0
2005-01-08 01:00:00,3.0,100,0.0,0,0,0,0
2005-01-08 02:00:00,3.0,100,0.0,0,0,0,0
2005-01-08 03:00:00,3.0,100,0.0,0,0,0,0
2005-01-08 04:00:00,4.0,93,2.1,140,0,0,0
2005-01-08 05:00:00,3.0,100,0.0,0,0,0,0
2005-01-08 06:00:00,3.0,100,2.6,140,0,0,0
2005-01-08 07:00:00,3.0,100,3.1,150,0,0,0
2005-01-08 08:00:00,4.0,100,3.1,150,0,0,0
2005-01-08 09:00:00,4.0,100,3.1,160,19,0,19
2005-01-08 10:00:00,4.0,100,3.1,170,50,0,50
2005-01-08 11:00:00,4.0,100,0.0,0,169,18,161
2005-01-08 12:00:00,6.0,100,3.1,180,155,0,155
2005-01-08 13:00:00,7.0,100,2.1,230,108,0,108
2005-01-08 14:00:00,9.0,93,1.5,260,190,77,156
2005-01-08 15:00:00,11.0,62,14.4,290,346,603,126
2005-01-08 16:00:00,9.0,66,8.2,290,203,655,44
2005-01-08 17:00:00,7.0,70,9.3,310,52,338,21
2005-01-08 18:00:00,6.0,70,7.2,290,0,0,0
2005-01-08 19:00:00,6.0,65,4.1,320,0,0,0
2005-01-08 20:00:00,5.0,75,7.2,320,0,0,0
2005-01-08 21:00:00,5.0,70,0.0,0,0,0,0
2005-01-08 22:00:00,4.0,69,7.7,320,0,0,0
2005-01-08 23:00:00,4.0,75,4.1,330,0,0,0
2005-01-09 00:00:00,3.0,81,0.0,0,0,0,0
2005-01-09 01:00:00,4.0,75,0.0,0,0,0,0
2005-01-09 02:00:00,3.0,81,0.0,0,0,0,0
2005-01-09 03:00:00,3.0,81,0.0,0,0,0,0
2005-01-09 04:00:00,3.0,81,0.0,0,0,0,0
2005-01-09 05:00:00,1.0,86,0.0,0,0,0,0
2005-01-09 06:00:00,1.0,86,1.5,60,0,0,0
2005-01-09 07:00:00,1.0,93,1.5,50,0,0,0
2005-01-09 08:00:00,-1.0,100,0.0,0,0,0,0
2005-01-09 09:00:00,1.0,93,0.0,0,134,273,91
2005-01-09 10:00:00,3.0,81,0.0,0,99,0,99
2005-01-09 11:00:00,3.0,87,0.0,0,104,0,104
2005-01-09 12:00:00,4.0,69,2.1,170,93,0,93
2005-01-09 13:00:00,4.0,75,3.1,190,126,0,126
2005-01-09 14:00:00,4.0,69,3.1,180,127,0,127
2005-01-09 15:00:00,4.0,75,2.1,150,110,0,110
2005-01-09 16:00:00,4.0,81,1.5,190,219,526,89
2005-01-09 17:00:00,4.0,81,1.5,170,56,369,22
2005-01-09 18:00:00,4.0,81,0.0,0,0,0,0
2005-01-09 19:00:00,4.0,75,1.5,140,0,0,0
2005-01-09 20:00:00,3.0,74,3.1,160,0,0,0
2005-01-09 21:00:00,1.0,86,2.1,170,0,0,0
2005-01-09 22:00:00,1.0,100,2.6,160,0,0,0
2005-01-09 23:00:00,0.0,92,0.0,0,0,0,0
2005-01-10 00:00:00,-1.0,100,0.0,0,0,0,0
2005-01-10 01:00:00,-1.0,100,1.5,160,0,0,0
2005-01-10 02:00:00,-1.0,100,1.5,160,0,0,0
2005-01-10 03:00:00,-1.0,100,0.0,0,0,0,0
2005-01-10 04:00:00,-1.0,100,2.1,140,0,0,0
2005-01-10 05:00:00,0.0,100,3.1,170,0,0,0
2005-01-10 06:00:00,1.0,100,0.0,0,0,0,0
2005-01-10 07:00:00,0.0,100,0.0,0,0,0,0
2005-01-10 08:00:00,0.0,92,0.0,0,0,0,0
2005-01-10 09:00:00,1.0,100,1.5,340,143,588,50
2005-01-10 10:00:00,1.0,100,0.0,0,297,789,59
2005-01-10 11:00:00,4.0,93,0.0,0,422,876,65
2005-01-10 12:00:00,9.0,71,0.0,0,496,913,66
2005-01-10 13:00:00,12.0,67,3.1,320,515,917,70
2005-01-10 14:00:00,13.0,62,3.1,310,468,898,63
2005-01-10 15:00:00,12.0,58,5.1,310,369,844,56
2005-01-10 16:00:00,11.0,62,3.1,310,224,724,44
2005-01-10 17:00:00,9.0,66,5.1,300,57,358,23
2005-01-10 18:00:00,9.0,57,3.6,330,0,0,0
2005-01-10 19:00:00,8.0,71,0.0,0,0,0,0
2005-01-10 20:00:00,7.0,66,0.0,0,0,0,0
2005-01-10 21:00:00,7.0,70,0.0,0,0,0,0
2005-01-10 22:00:00,5.0,75,0.0,0,0,0,0
2005-01-10 23:00:00,5.0,81,0.0,0,0,0,0
2005-01-11 00:00:00,5.0,70,0.0,0,0,0,0
2005-01-11 01:00:00,6.0,70,0.0,0,0,0,0
2005-01-11 02:00:00,3.0,87,0.0,0,0,0,0
2005-01-11 03:00:00,3.0,87,0.0,0,0,0,0
2005-01-11 04:00:00,3.0,87,0.0,0,0,0,0
2005-01-11 05:00:00,3.0,87,0.0,0,0,0,0
2005-01-11 06:00:00,3.0,93,0.0,0,0,0,0
2005-01-11 07:00:00,3.0,93,2.1,90,0,0,0
2005-01-11 08:00:00,4.0,87,1.5,120,0,0,0
2005-01-11 09:00:00,6.0,75,4.6,130,143,580,50
2005-01-11 10:00:00,7.0,66,3.6,130,297,782,60
2005-01-11 11:00:00,7.0,66,3.1,140,428,882,67
2005-01-11 12:00:00,7.0,70,3.1,150,502,913,71
2005-01-11 13:00:00,7.0,76,3.6,140,515,918,68
2005-01-11 14:00:00,7.0,76,3.1,140,474,898,67
2005-01-11 15:00:00,8.0,76,4.6,150,374,850,57
2005-01-11 16:00:00,8.0,76,3.6,150,225,725,42
2005-01-11 17:00:00,8.0,76,3.1,150,61,389,23
2005-01-11 18:00:00,7.0,81,1.5,120,0,0,0
2005-01-11 19:00:00,7.0,93,2.1,120,0,0,0
2005-01-11 20:00:00,7.0,87,0.0,0,0,0,0
2005-01-11 21:00:00,6.0,93,1.5,360,0,0,0
2005-01-11 22:00:00,5.0,93,0.0,0,0,0,0
2005-01-11 23:00:00,4.0,93,0.0,0,0,0,0
2005-01-12 00:00:00,3.0,100,0.0,0,0,0,0
2005-01-12 01:00:00,3.0,100,0.0,0,0,0,0
2005-01-12 02:00:00,3.0,100,0.0,0,0,0,0
2005-01-12 03:00:00,4.0,100,0.0,0,0,0,0
2005-01-12 04:00:00,4.0,100,0.0,0,0,0,0
2005-01-12 05:00:00,4.0,100,0.0,0,0,0,0
2005-01-12 06:00:00,4.0,100,0.0,0,0,0,0
2005-01-12 07:00:00,4.0,100,0.0,0,0,0,0
2005-01-12 08:00:00,4.0,100,0.0,0,0,0,0
2005-01-12 09:00:00,4.0,100,0.0,0,143,565,52
2005-01-12 10:00:00,5.0,100,0.0,0,297,782,59
2005-01-12 11:00:00,6.0,100,0.0,0,428,876,68
2005-01-12 12:00:00,6.0,100,0.0,0,502,913,69
2005-01-12 13:00:00,6.0,100,0.0,0,521,918,71
2005-01-12 14:00:00,7.0,100,0.0,0,474,904,62
2005-01-12 15:00:00,8.0,93,0.0,0,375,845,57
2005-01-12 16:00:00,8.0,93,0.0,0,230,731,44
2005-01-12 17:00:00,8.0,93,0.0,0,62,372,24
2005-01-12 18:00:00,7.0,100,0.0,0,0,0,0
2005-01-12 19:00:00,6.0,100,0.0,0,0,0,0
2005-01-12 20:00:00,5.0,100,0.0,0,0,0,0
2005-01-12 21:00:00,6.0,100,0.0,0,0,0,0
2005-01-12 22:00:00,6.0,100,0.0,0,0,0,0
2005-01-12 23:00:00,7.0,100,0.0,0,0,0,0
2005-01-13 00:00:00,7.0,100,0.0,0,0,0,0
2005-01-13 01:00:00,7.0,100,0.0,0,0,0,0
2005-01-13 02:00:00,7.0,100,0.0,0,0,0,0
2005-01-13 03:00:00,7.0,100,0.0,0,0,0,0
2005-01-13 04:00:00,7.0,100,0.0,0,0,0,0
2005-01-13 05:00:00,7.0,100,0.0,0,0,0,0
2005-01-13 06:00:00,7.0,100,0.0,0,0,0,0
2005-01-13 07:00:00,7.0,100,0.0,0,0,0,0
2005-01-13 08:00:00,9.0,100,3.1,170,0,0,0
2005-01-13 09:00:00,11.0,100,2.1,180,142,550,53
2005-01-13 10:00:00,12.0,100,1.5,160,304,795,61
2005-01-13 11:00:00,13.0,100,1.5,180,428,876,66
2005-01-13 12:00:00,14.0,100,2.6,170,502,913,66
2005-01-13 13:00:00,17.0,94,6.7,190,521,924,66
2005-01-13 14:00:00,19.0,83,8.2,190,480,904,65
2005-01-13 15:00:00,19.0,83,7.2,180,381,851,58
2005-01-13 16:00:00,20.0,78,10.8,190,231,726,43
2005-01-13 17:00:00,19.0,83,7.7,180,67,399,25
2005-01-13 18:00:00,18.0,88,4.1,170,0,0,0
2005-01-13 19:00:00,17.0,94,1.5,160,0,0,0
2005-01-13 20:00:00,18.0,83,3.6,150,0,0,0
2005-01-13 21:00:00,16.0,94,5.7,170,0,0,0
2005-01-13 22:00:00,16.0,100,3.6,160,0,0,0
2005-01-13 23:00:00,17.0,100,6.2,170,0,0,0
2005-01-14 00:00:00,17.0,100,6.2,180,0,0,0
2005-01-14 01:00:00,18.0,100,6.7,170,0,0,0
2005-01-14 02:00:00,18.0,100,5.1,200,0,0,0
2005-01-14 03:00:00,13.0,100,3.1,300,0,0,0
2005-01-14 04:00:00,13.0,100,0.0,0,0,0,0
2005-01-14 05:00:00,13.0,100,0.0,0,0,0,0
2005-01-14 06:00:00,9.0,100,6.7,320,0,0,0
2005-01-14 07:00:00,8.0,100,3.1,320,0,0,0
2005-01-14 08:00:00,6.0,87,8.2,320,0,90,0
2005-01-14 09:00:00,5.0,87,8.7,330,142,542,53
2005-01-14 10:00:00,5.0,75,8.7,310,304,794,59
2005-01-14 11:00:00,5.0,75,10.3,310,434,882,68
2005-01-14 12:00:00,6.0,60,7.7,330,508,913,70
2005-01-14 13:00:00,5.0,64,7.7,330,527,924,69
2005-01-14 14:00:00,5.0,59,9.8,320,480,904,62
2005-01-14 15:00:00,5.0,59,7.7,330,381,857,53
2005-01-14 16:00:00,4.0,64,6.7,320,236,739,44
2005-01-14 17:00:00,4.0,59,5.7,320,68,392,25
2005-01-14 18:00:00,3.0,53,4.6,330,0,0,0
2005-01-14 19:00:00,2.0,52,7.2,330,0,0,0
2005-01-14 20:00:00,2.0,57,4.6,340,0,0,0
2005-01-14 21:00:00,2.0,57,4.1,330,0,0,0
2005-01-14 22:00:00,1.0,61,2.1,40,0,0,0
2005-01-14 23:00:00,1.0,56,5.1,330,0,0,0
2005-01-15 00:00:00,0.0,60,6.2,310,0,0,0
2005-01-15 01:00:00,-2.0,60,3.1,330,0,0,0
2005-01-15 02:00:00,-2.0,60,0.0,0,0,0,0
2005-01-15 03:00:00,-2.0,60,1.5,340,0,0,0
2005-01-15 04:00:00,-3.0,65,2.6,340,0,0,0
2005-01-15 05:00:00,-3.0,60,0.0,0,0,0,0
2005-01-15 06:00:00,-3.0,60,1.5,330,0,0,0
2005-01-15 07:00:00,-4.0,65,1.5,290,0,0,0
2005-01-15 08:00:00,-3.0,55,4.6,320,0,102,0
2005-01-15 09:00:00,-2.0,46,5.1,340,151,605,51
2005-01-15 10:00:00,-2.0,46,2.1,10,303,788,60
2005-01-15 11:00:00,-1.0,42,2.6,360,434,882,66
2005-01-15 12:00:00,-1.0,42,3.1,330,508,919,65
2005-01-15 13:00:00,1.0,36,2.1,10,527,924,67
2005-01-15 14:00:00,1.0,40,0.0,0,486,904,65
2005-01-15 15:00:00,1.0,43,0.0,0,387,851,58
2005-01-15 16:00:00,1.0,40,0.0,0,242,745,45
2005-01-15 17:00:00,0.0,46,0.0,0,72,424,25
2005-01-15 18:00:00,-1.0,50,0.0,0,0,0,0
2005-01-15 19:00:00,-1.0,50,0.0,0,0,0,0
2005-01-15 20:00:00,-2.0,65,0.0,0,0,0,0
2005-01-15 21:00:00,-3.0,60,0.0,0,0,0,0
2005-01-15 22:00:00,-2.0,60,0.0,0,0,0,0
2005-01-15 23:00:00,-3.0,65,0.0,0,0,0,0
2005-01-16 00:00:00,-3.0,71,0.0,0,0,0,0
2005-01-16 01:00:00,-3.0,71,0.0,0,0,0,0
2005-01-16 02:00:00,-3.0,65,1.5,360,0,0,0
2005-01-16 03:00:00,-3.0,77,1.5,360,0,0,0
2005-01-16 04:00:00,-4.0,77,1.5,360,0,0,0
2005-01-16 05:00:00,-4.0,77,0.0,0,0,0,0
2005-01-16 06:00:00,-4.0,84,0.0,0,0,0,0
2005-01-16 07:00:00,-4.0,77,0.0,0,0,0,0
2005-01-16 08:00:00,-4.0,71,0.0,0,0,102,0
2005-01-16 09:00:00,-3.0,65,1.5,360,150,589,52
2005-01-16 10:00:00,-2.0,65,2.1,50,310,800,61
2005-01-16 11:00:00,-1.0,60,1.5,20,441,888,68
2005-01-16 12:00:00,1.0,47,2.1,50,514,919,69
2005-01-16 13:00:00,1.0,47,2.6,80,533,924,70
2005-01-16 14:00:00,1.0,47,1.5,350,487,904,63
2005-01-16 15:00:00,1.0,51,2.1,50,393,858,59
2005-01-16 16:00:00,1.0,51,2.6,360,243,740,44
2005-01-16 17:00:00,0.0,60,1.5,350,77,461,24
2005-01-16 18:00:00,-1.0,66,3.1,330,0,0,0
2005-01-16 19:00:00,-1.0,66,1.5,10,0,0,0
2005-01-16 20:00:00,-1.0,60,2.6,330,0,0,0
2005-01-16 21:00:00,-1.0,60,3.6,320,0,0,0
2005-01-16 22:00:00,-3.0,92,3.1,310,0,0,0
2005-01-16 23:00:00,-3.0,100,2.1,330,0,0,0
2005-01-17 00:00:00,-3.0,92,2.1,310,0,0,0
2005-01-17 01:00:00,-3.0,71,8.2,300,0,0,0
2005-01-17 02:00:00,-4.0,71,6.7,300,0,0,0
2005-01-17 03:00:00,-4.0,59,7.2,310,0,0,0
2005-01-17 04:00:00,-6.0,64,10.3,310,0,0,0
2005-01-17 05:00:00,-6.0,54,6.7,310,0,0,0
2005-01-17 06:00:00,-7.0,54,6.7,320,0,0,0
2005-01-17 07:00:00,-7.0,59,8.7,300,0,0,0
2005-01-17 08:00:00,-7.0,59,7.7,300,1,92,0
2005-01-17 09:00:00,-6.0,54,8.7,290,149,517,62
2005-01-17 10:00:00,-6.0,54,8.2,300,282,498,126
2005-01-17 11:00:00,-6.0,49,7.2,290,253,147,191
2005-01-17 12:00:00,-6.0,41,7.2,320,465,653,147
2005-01-17 13:00:00,-6.2,42,7.2,310,504,774,113
2005-01-17 14:00:00,-7.0,45,7.2,300,440,684,117
2005-01-17 15:00:00,-6.0,41,7.2,300,310,458,130
2005-01-17 16:00:00,-6.2,41,7.0,300,193,382,89
2005-01-17 17:00:00,-6.7,41,6.7,300,78,274,46
2005-01-17 18:00:00,-7.7,43,6.5,300,0,0,0
2005-01-17 19:00:00,-8.0,44,6.2,300,0,0,0
2005-01-17 20:00:00,-9.0,48,5.1,310,0,0,0
2005-01-17 21:00:00,-9.0,48,7.2,310,0,0,0
2005-01-17 22:00:00,-9.6,51,6.7,310,0,0,0
2005-01-17 23:00:00,-10.0,53,6.2,300,0,0,0
2005-01-18 00:00:00,-10.0,48,4.6,300,0,0,0
2005-01-18 01:00:00,-10.5,50,5.4,310,0,0,0
2005-01-18 02:00:00,-11.0,53,6.2,310,0,0,0
2005-01-18 03:00:00,-9.7,43,7.1,30,0,0,0
2005-01-18 04:00:00,-10.3,44,9.5,30,0,0,0
2005-01-18 05:00:00,-10.0,38,7.9,20,0,0,0
2005-01-18 06:00:00,-10.1,37,8.0,20,0,0,0
2005-01-18 07:00:00,-9.8,38,8.6,360,0,0,0
2005-01-18 08:00:00,-8.9,36,8.5,360,1,102,0
2005-01-18 09:00:00,-8.1,35,9.1,340,149,552,55
2005-01-18 10:00:00,-7.7,42,8.8,340,296,737,63
2005-01-18 11:00:00,-7.4,39,8.1,330,421,814,76
2005-01-18 12:00:00,-7.0,37,7.2,340,477,786,92
2005-01-18 13:00:00,-6.2,37,7.5,330,510,834,86
2005-01-18 14:00:00,-6.0,37,7.7,320,475,827,82
2005-01-18 15:00:00,-5.8,36,6.3,330,366,746,70
2005-01-18 16:00:00,-6.3,36,5.0,330,239,690,49
2005-01-18 17:00:00,-7.0,37,3.6,340,79,432,27
2005-01-18 18:00:00,-8.0,40,0.0,0,0,0,0
2005-01-18 19:00:00,-8.0,44,0.0,0,0,0,0
2005-01-18 20:00:00,-9.0,58,1.5,350,0,0,0
2005-01-18 21:00:00,-11.0,70,0.0,0,0,0,0
2005-01-18 22:00:00,-12.0,83,0.0,0,0,0,0
2005-01-18 23:00:00,-12.0,83,0.0,0,0,0,0
2005-01-19 00:00:00,-12.0,83,0.0,0,0,0,0
2005-01-19 01:00:00,-12.0,91,0.0,0,0,0,0
2005-01-19 02:00:00,-11.0,76,0.0,0,0,0,0
2005-01-19 03:00:00,-9.0,64,1.5,170,0,0,0
2005-01-19 04:00:00,-9.0,64,3.6,180,0,0,0
2005-01-19 05:00:00,-9.0,58,4.1,170,0,0,0
2005-01-19 06:00:00,-9.0,58,4.6,170,0,0,0
2005-01-19 07:00:00,-9.0,58,4.1,160,0,0,0
2005-01-19 08:00:00,-8.0,53,5.1,170,0,0,0
2005-01-19 09:00:00,-8.0,58,5.7,170,28,0,28
2005-01-19 10:00:00,-8.0,84,5.7,170,70,0,70
2005-01-19 11:00:00,-8.0,84,5.7,170,78,0,78
2005-01-19 12:00:00,-8.0,92,4.1,170,81,0,81
2005-01-19 13:00:00,-7.0,84,5.7,190,84,0,84
2005-01-19 14:00:00,-6.0,84,5.7,190,87,0,87
2005-01-19 15:00:00,-5.7,82,4.9,190,83,0,83
2005-01-19 16:00:00,-6.0,84,4.1,180,143,114,111
2005-01-19 17:00:00,-5.0,77,3.6,180,72,192,48
2005-01-19 18:00:00,-5.0,71,3.1,180,0,0,0
2005-01-19 19:00:00,-4.0,65,3.1,200,0,0,0
2005-01-19 20:00:00,-4.0,77,3.1,190,0,0,0
2005-01-19 21:00:00,-4.0,77,2.6,200,0,0,0
2005-01-19 22:00:00,-4.0,71,2.1,190,0,0,0
2005-01-19 23:00:00,-4.0,77,1.5,200,0,0,0
2005-01-20 00:00:00,-4.0,77,2.1,190,0,0,0
2005-01-20 01:00:00,-4.0,84,0.0,0,0,0,0
2005-01-20 02:00:00,-4.0,77,0.0,0,0,0,0
2005-01-20 03:00:00,-4.0,77,0.0,0,0,0,0
2005-01-20 04:00:00,-4.0,77,0.0,0,0,0,0
2005-01-20 05:00:00,-3.0,84,1.5,40,0,0,0
2005-01-20 06:00:00,-1.0,71,5.1,300,0,0,0
2005-01-20 07:00:00,-1.0,60,4.1,300,0,0,0
2005-01-20 08:00:00,-1.0,66,5.1,300,0,0,0
2005-01-20 09:00:00,-1.0,66,5.1,300,28,0,28
2005-01-20 10:00:00,-1.0,66,1.5,290,169,94,138
2005-01-20 11:00:00,1.0,61,4.1,270,201,49,180
2005-01-20 12:00:00,1.0,56,3.6,280,452,466,222
2005-01-20 13:00:00,2.0,52,5.7,310,276,84,233
2005-01-20 14:00:00,2.0,52,4.1,300,447,566,174
2005-01-20 15:00:00,2.0,48,4.6,330,261,212,176
2005-01-20 16:00:00,1.0,51,2.1,340,128,57,111
2005-01-20 17:00:00,0.0,51,2.1,360,46,30,42
2005-01-20 18:00:00,-1.0,55,2.1,360,0,0,0
2005-01-20 19:00:00,-1.0,55,2.1,350,0,0,0
2005-01-20 20:00:00,-1.0,50,1.5,360,0,0,0
2005-01-20 21:00:00,-2.0,50,2.1,350,0,0,0
2005-01-20 22:00:00,-2.0,46,1.5,20,0,0,0
2005-01-20 23:00:00,-2.0,50,0.0,0,0,0,0
2005-01-21 00:00:00,-3.0,55,0.0,0,0,0,0
2005-01-21 01:00:00,-3.0,60,0.0,0,0,0,0
2005-01-21 02:00:00,-3.0,55,2.1,340,0,0,0
2005-01-21 03:00:00,-3.0,55,0.0,0,0,0,0
2005-01-21 04:00:00,-4.0,54,4.6,350,0,0,0
2005-01-21 05:00:00,-5.0,54,3.6,20,0,0,0
2005-01-21 06:00:00,-6.0,54,2.1,20,0,0,0
2005-01-21 07:00:00,-7.0,59,2.6,30,0,0,0
2005-01-21 08:00:00,-8.0,53,3.6,40,2,117,1
2005-01-21 09:00:00,-7.0,54,2.6,20,156,576,54
2005-01-21 10:00:00,-6.0,49,4.1,50,309,767,62
2005-01-21 11:00:00,-5.0,49,3.1,360,427,832,67
2005-01-21 12:00:00,-4.0,34,5.1,320,502,858,73
2005-01-21 13:00:00,-3.2,31,4.9,320,522,864,75
2005-01-21 14:00:00,-3.0,29,4.6,320,482,845,71
2005-01-21 15:00:00,-3.0,32,2.1,10,383,782,65
2005-01-21 16:00:00,-3.8,33,2.1,360,251,704,50
2005-01-21 17:00:00,-5.0,34,2.1,350,89,469,28
2005-01-21 18:00:00,-6.0,37,2.1,360,0,0,0
2005-01-21 19:00:00,-7.0,45,2.6,50,0,0,0
2005-01-21 20:00:00,-8.0,49,1.5,40,0,0,0
2005-01-21 21:00:00,-9.0,53,1.5,40,0,0,0
2005-01-21 22:00:00,-11.0,63,0.0,0,0,0,0
2005-01-21 23:00:00,-10.0,48,0.0,0,0,0,0
2005-01-22 00:00:00,-11.0,58,0.0,0,0,0,0
2005-01-22 01:00:00,-11.0,63,0.0,0,0,0,0
2005-01-22 02:00:00,-11.0,76,1.5,80,0,0,0
2005-01-22 03:00:00,-10.0,58,0.0,0,0,0,0
2005-01-22 04:00:00,-10.0,64,1.5,100,0,0,0
2005-01-22 05:00:00,-9.0,64,2.6,110,0,0,0
2005-01-22 06:00:00,-9.1,71,2.6,130,0,0,0
2005-01-22 07:00:00,-9.0,77,2.6,150,0,0,0
2005-01-22 08:00:00,-8.0,58,5.1,140,1,0,1
2005-01-22 09:00:00,-9.0,84,4.6,140,45,0,45
2005-01-22 10:00:00,-8.5,79,4.6,150,49,0,49
2005-01-22 11:00:00,-8.0,77,4.6,150,71,0,71
2005-01-22 12:00:00,-7.0,77,2.6,190,81,0,81
2005-01-22 13:00:00,-8.0,100,3.1,150,84,0,84
2005-01-22 14:00:00,-7.0,92,3.1,150,81,0,81
2005-01-22 15:00:00,-7.0,100,2.6,140,67,0,67
2005-01-22 16:00:00,-6.3,95,1.3,70,77,0,77
2005-01-22 17:00:00,-6.0,92,0.0,0,51,51,44
2005-01-22 18:00:00,-6.0,100,0.0,0,0,0,0
2005-01-22 19:00:00,-6.0,92,2.1,10,0,0,0
2005-01-22 20:00:00,-7.0,92,2.6,350,0,0,0
2005-01-22 21:00:00,-8.0,92,2.1,350,0,0,0
2005-01-22 22:00:00,-9.0,100,1.5,10,0,0,0
2005-01-22 23:00:00,-9.0,100,4.1,320,0,0,0
2005-01-23 00:00:00,-8.0,92,5.1,310,0,0,0
2005-01-23 01:00:00,-7.0,84,9.8,290,0,0,0
2005-01-23 02:00:00,-7.0,64,8.7,300,0,0,0
2005-01-23 03:00:00,-9.0,64,10.8,300,0,0,0
2005-01-23 04:00:00,-9.0,64,7.7,300,0,0,0
2005-01-23 05:00:00,-11.0,84,10.8,310,0,0,0
2005-01-23 06:00:00,-11.0,70,15.4,320,0,0,0
2005-01-23 07:00:00,-11.0,63,14.4,310,0,0,0
2005-01-23 08:00:00,-11.0,63,11.3,310,2,52,1
2005-01-23 09:00:00,-11.0,58,10.8,320,127,238,84
2005-01-23 10:00:00,-11.0,63,10.8,320,161,63,141
2005-01-23 11:00:00,-10.0,58,10.3,310,433,630,157
2005-01-23 12:00:00,-9.0,58,10.3,320,514,877,71
2005-01-23 13:00:00,-7.0,54,11.3,330,522,660,176
2005-01-23 14:00:00,-7.0,54,9.3,330,273,101,223
2005-01-23 15:00:00,-7.0,54,7.2,330,401,630,140
2005-01-23 16:00:00,-7.3,51,8.5,320,262,734,47
2005-01-23 17:00:00,-8.0,49,9.8,310,95,484,28
2005-01-23 18:00:00,-8.0,49,8.2,310,0,0,0
2005-01-23 19:00:00,-8.0,49,7.7,310,0,0,0
2005-01-23 20:00:00,-8.6,48,6.8,310,0,0,0
2005-01-23 21:00:00,-9.3,49,5.9,320,0,0,0
2005-01-23 22:00:00,-9.8,49,5.0,320,0,0,0
2005-01-23 23:00:00,-10.0,48,4.1,320,0,0,0
2005-01-24 00:00:00,-9.4,46,4.3,310,0,0,0
2005-01-24 01:00:00,-8.7,47,6.0,280,0,0,0
2005-01-24 02:00:00,-8.6,41,6.2,280,0,0,0
2005-01-24 03:00:00,-9.4,41,6.1,270,0,0,0
2005-01-24 04:00:00,-8.8,42,4.0,260,0,0,0
2005-01-24 05:00:00,-9.6,48,5.7,260,0,0,0
2005-01-24 06:00:00,-9.5,44,5.9,240,0,0,0
2005-01-24 07:00:00,-9.4,42,4.3,90,0,0,0
2005-01-24 08:00:00,-9.4,44,3.1,230,2,8,1
2005-01-24 09:00:00,-9.1,43,3.2,190,90,35,84
2005-01-24 10:00:00,-8.9,43,3.3,160,196,157,144
2005-01-24 11:00:00,-7.3,38,1.7,190,440,581,183
2005-01-24 12:00:00,-6.1,39,1.4,170,235,42,214
2005-01-24 13:00:00,-5.0,41,2.1,190,330,156,248
2005-01-24 14:00:00,-4.0,41,1.5,170,93,0,93
2005-01-24 15:00:00,-6.0,77,3.1,160,128,0,128
2005-01-24 16:00:00,-5.7,79,2.3,120,41,0,41
2005-01-24 17:00:00,-5.7,82,1.6,80,100,295,58
2005-01-24 18:00:00,-6.2,87,0.8,40,0,0,0
2005-01-24 19:00:00,-6.0,92,0.0,0,0,0,0
2005-01-24 20:00:00,-6.0,84,1.5,180,0,0,0
2005-01-24 21:00:00,-6.0,84,2.1,240,0,0,0
2005-01-24 22:00:00,-3.0,50,4.1,310,0,0,0
2005-01-24 23:00:00,-3.0,60,4.6,310,0,0,0
2005-01-25 00:00:00,-3.0,60,4.6,310,0,0,0
2005-01-25 01:00:00,-3.0,65,4.1,300,0,0,0
2005-01-25 02:00:00,-3.0,65,6.2,300,0,0,0
2005-01-25 03:00:00,-3.0,65,4.6,310,0,0,0
2005-01-25 04:00:00,-2.0,65,4.1,300,0,0,0
2005-01-25 05:00:00,-2.0,65,5.1,300,0,0,0
2005-01-25 06:00:00,-2.0,65,1.5,280,0,0,0
2005-01-25 07:00:00,-2.0,65,0.0,0,0,0,0
2005-01-25 08:00:00,-2.4,71,1.3,300,3,84,2
2005-01-25 09:00:00,-2.0,71,2.6,230,170,354,104
2005-01-25 10:00:00,-2.0,65,3.6,180,203,176,144
2005-01-25 11:00:00,0.0,55,1.5,270,343,348,188
2005-01-25 12:00:00,1.0,56,1.5,250,520,737,143
2005-01-25 13:00:00,1.0,67,2.6,290,540,798,116
2005-01-25 14:00:00,2.0,62,0.0,0,453,572,167
2005-01-25 15:00:00,3.0,58,2.1,240,401,730,93
2005-01-25 16:00:00,2.7,55,1.8,200,268,723,51
2005-01-25 17:00:00,2.0,52,1.5,150,105,530,28
2005-01-25 18:00:00,1.0,56,2.1,160,0,0,0
2005-01-25 19:00:00,1.0,56,2.1,160,0,0,0
2005-01-25 20:00:00,1.0,56,1.5,170,0,0,0
2005-01-25 21:00:00,1.0,56,1.5,130,0,0,0
2005-01-25 22:00:00,0.0,66,1.5,140,0,0,0
2005-01-25 23:00:00,-1.0,66,0.0,0,0,0,0
2005-01-26 00:00:00,-1.0,66,1.5,150,0,0,0
2005-01-26 01:00:00,-1.0,71,1.5,150,0,0,0
2005-01-26 02:00:00,-1.0,73,1.5,160,0,0,0
2005-01-26 03:00:00,0.0,66,1.5,160,0,0,0
2005-01-26 04:00:00,-2.0,71,0.0,0,0,0,0
2005-01-26 05:00:00,-2.0,71,0.0,0,0,0,0
2005-01-26 06:00:00,-2.0,78,0.0,0,0,0,0
2005-01-26 07:00:00,-2.0,71,0.0,0,0,0,0
2005-01-26 08:00:00,-2.0,71,0.0,0,3,31,2
2005-01-26 09:00:00,-1.0,78,0.0,0,107,125,83
2005-01-26 10:00:00,1.0,67,0.0,0,105,0,105
2005-01-26 11:00:00,2.0,67,0.0,0,252,110,203
2005-01-26 12:00:00,6.0,55,0.0,0,527,683,174
2005-01-26 13:00:00,7.0,52,0.0,0,552,864,90
2005-01-26 14:00:00,7.0,56,0.0,0,483,536,212
2005-01-26 15:00:00,8.0,57,1.5,360,95,0,95
2005-01-26 16:00:00,9.0,57,4.1,340,274,494,124
2005-01-26 17:00:00,8.0,61,2.1,340,106,517,29
2005-01-26 18:00:00,7.0,56,2.6,330,0,0,0
2005-01-26 19:00:00,5.0,70,1.5,360,0,0,0
2005-01-26 20:00:00,4.0,75,6.2,340,0,0,0
2005-01-26 21:00:00,2.0,80,3.6,360,0,0,0
2005-01-26 22:00:00,1.0,72,3.1,360,0,0,0
2005-01-26 23:00:00,-1.0,66,2.6,360,0,0,0
2005-01-27 00:00:00,-1.0,60,2.6,10,0,0,0
2005-01-27 01:00:00,-2.0,60,3.6,360,0,0,0
2005-01-27 02:00:00,-3.0,60,6.7,340,0,0,0
2005-01-27 03:00:00,-6.0,59,5.1,340,0,0,0
2005-01-27 04:00:00,-7.1,59,5.1,340,0,0,0
2005-01-27 05:00:00,-8.0,58,5.1,340,0,0,0
2005-01-27 06:00:00,-9.0,64,3.1,340,0,0,0
2005-01-27 07:00:00,-9.0,64,4.6,330,0,0,0
2005-01-27 08:00:00,-9.5,60,5.0,310,5,151,2
2005-01-27 09:00:00,-9.0,59,4.6,300,168,587,56
2005-01-27 10:00:00,-7.5,49,5.2,100,321,758,63
2005-01-27 11:00:00,-7.0,51,4.3,280,452,849,69
2005-01-27 12:00:00,-5.0,40,4.4,260,533,888,71
2005-01-27 13:00:00,-4.0,37,4.1,250,552,888,73
2005-01-27 14:00:00,-4.0,34,3.6,240,518,882,69
2005-01-27 15:00:00,-3.5,33,4.2,70,419,831,62
2005-01-27 16:00:00,-3.5,33,5.0,30,275,719,53
2005-01-27 17:00:00,-4.6,35,3.5,10,111,534,29
2005-01-27 18:00:00,-6.0,34,3.6,350,0,0,0
2005-01-27 19:00:00,-6.0,34,3.1,360,0,0,0
2005-01-27 20:00:00,-7.0,37,2.1,10,0,0,0
2005-01-27 21:00:00,-7.0,37,1.5,350,0,0,0
2005-01-27 22:00:00,-7.0,34,1.5,350,0,0,0
2005-01-27 23:00:00,-8.0,40,1.5,20,0,0,0
2005-01-28 00:00:00,-9.0,44,2.1,360,0,0,0
2005-01-28 01:00:00,-9.0,40,1.5,20,0,0,0
2005-01-28 02:00:00,-10.0,44,0.0,0,0,0,0
2005-01-28 03:00:00,-10.0,44,2.1,360,0,0,0
2005-01-28 04:00:00,-11.0,53,1.5,360,0,0,0
2005-01-28 05:00:00,-11.0,53,0.0,0,0,0,0
2005-01-28 06:00:00,-12.0,57,1.5,350,0,0,0
2005-01-28 07:00:00,-12.0,57,1.5,30,0,0,0
2005-01-28 08:00:00,-12.0,52,2.6,10,5,171,2
2005-01-28 09:00:00,-11.0,48,2.1,20,176,641,52
2005-01-28 10:00:00,-9.0,40,3.6,360,327,764,66
2005-01-28 11:00:00,-8.0,44,2.1,30,452,837,71
2005-01-28 12:00:00,-7.0,37,2.6,10,539,894,71
2005-01-28 13:00:00,-5.0,34,2.1,10,558,894,73
2005-01-28 14:00:00,-4.0,29,1.5,10,518,870,72
2005-01-28 15:00:00,-3.0,26,1.5,50,425,837,61
2005-01-28 16:00:00,-3.0,28,0.8,30,280,725,54
2005-01-28 17:00:00,-3.3,29,0.0,0,117,557,29
2005-01-28 18:00:00,-4.0,31,0.0,0,0,0,0
2005-01-28 19:00:00,-7.0,45,0.0,0,0,0,0
2005-01-28 20:00:00,-7.0,45,0.0,0,0,0,0
2005-01-28 21:00:00,-8.0,58,0.0,0,0,0,0
2005-01-28 22:00:00,-8.0,58,0.0,0,0,0,0
2005-01-28 23:00:00,-8.0,58,0.0,0,0,0,0
2005-01-29 00:00:00,-9.0,70,0.0,0,0,0,0
2005-01-29 01:00:00,-11.0,84,0.0,0,0,0,0
2005-01-29 02:00:00,-10.0,76,0.0,0,0,0,0
2005-01-29 03:00:00,-11.0,84,0.0,0,0,0,0
2005-01-29 04:00:00,-11.0,84,0.0,0,0,0,0
2005-01-29 05:00:00,-11.4,84,0.0,0,0,0,0
2005-01-29 06:00:00,-12.0,83,0.0,0,0,0,0
2005-01-29 07:00:00,-12.0,83,0.0,0,0,0,0
2005-01-29 08:00:00,-11.0,84,0.0,0,6,172,2
2005-01-29 09:00:00,-8.2,60,1.3,90,174,618,53
2005-01-29 10:00:00,-5.1,43,2.6,180,334,789,61
2005-01-29 11:00:00,-2.0,32,3.6,160,458,849,69
2005-01-29 12:00:00,-1.0,27,4.6,180,539,882,74
2005-01-29 13:00:00,0.0,25,4.1,150,564,900,72
2005-01-29 14:00:00,2.0,21,4.1,160,524,685,170
2005-01-29 15:00:00,2.0,21,3.6,180,252,124,197
2005-01-29 16:00:00,2.0,21,3.6,180,224,305,127
2005-01-29 17:00:00,2.0,26,3.1,170,42,0,42
2005-01-29 18:00:00,-1.0,60,3.1,220,0,0,0
2005-01-29 19:00:00,-2.0,85,3.6,180,0,0,0
2005-01-29 20:00:00,-2.0,92,2.6,170,0,0,0
2005-01-29 21:00:00,-2.0,92,3.1,190,0,0,0
2005-01-29 22:00:00,-2.0,92,3.1,190,0,0,0
2005-01-29 23:00:00,-2.0,92,2.6,170,0,0,0
2005-01-30 00:00:00,-2.0,92,0.0,0,0,0,0
2005-01-30 01:00:00,-2.0,92,0.0,0,0,0,0
2005-01-30 02:00:00,-2.0,92,0.0,0,0,0,0
2005-01-30 03:00:00,-2.0,100,0.0,0,0,0,0
2005-01-30 04:00:00,-2.0,100,0.0,0,0,0,0
2005-01-30 05:00:00,-1.0,92,0.0,0,0,0,0
2005-01-30 06:00:00,-2.0,100,0.0,0,0,0,0
2005-01-30 07:00:00,-2.0,100,2.1,350,0,0,0
2005-01-30 08:00:00,-2.0,100,1.5,360,4,49,3
2005-01-30 09:00:00,-1.7,97,2.1,360,113,171,79
2005-01-30 10:00:00,-1.0,92,2.6,360,69,0,69
2005-01-30 11:00:00,0.2,87,1.5,360,77,0,77
2005-01-30 12:00:00,0.4,81,2.1,360,545,604,224
2005-01-30 13:00:00,1.0,79,2.1,360,570,708,180
2005-01-30 14:00:00,1.0,79,2.1,340,151,0,151
2005-01-30 15:00:00,2.0,73,3.6,320,431,637,149
2005-01-30 16:00:00,2.0,67,4.6,330,292,755,50
2005-01-30 17:00:00,1.0,67,2.1,330,123,567,29
2005-01-30 18:00:00,1.0,61,3.1,330,0,0,0
2005-01-30 19:00:00,2.0,52,3.1,340,0,0,0
2005-01-30 20:00:00,1.0,56,2.1,340,0,0,0
2005-01-30 21:00:00,1.0,56,3.6,330,0,0,0
2005-01-30 22:00:00,1.0,51,1.5,350,0,0,0
2005-01-30 23:00:00,-2.0,65,0.0,0,0,0,0
2005-01-31 00:00:00,-1.0,50,0.0,0,0,0,0
2005-01-31 01:00:00,-1.0,50,2.1,350,0,0,0
2005-01-31 02:00:00,-2.0,55,2.1,350,0,0,0
2005-01-31 03:00:00,-2.0,55,1.5,360,0,0,0
2005-01-31 04:00:00,-2.0,60,2.6,10,0,0,0
2005-01-31 05:00:00,-3.0,60,2.1,360,0,0,0
2005-01-31 06:00:00,-4.0,65,1.5,360,0,0,0
2005-01-31 07:00:00,-6.0,77,1.5,350,0,0,0
2005-01-31 08:00:00,-4.0,65,1.5,360,6,53,4
2005-01-31 09:00:00,-2.0,60,2.1,350,129,178,93
2005-01-31 10:00:00,0.0,55,2.6,350,340,657,108
2005-01-31 11:00:00,1.0,51,2.6,10,464,843,72
2005-01-31 12:00:00,2.0,52,1.5,10,551,894,73
2005-01-31 13:00:00,2.0,52,2.1,50,576,906,73
2005-01-31 14:00:00,3.0,49,2.1,360,536,888,70
2005-01-31 15:00:00,3.0,49,2.6,320,437,838,63
2005-01-31 16:00:00,3.0,49,1.5,360,292,744,51
2005-01-31 17:00:00,2.0,52,1.5,340,124,548,31
2005-01-31 18:00:00,0.7,56,1.5,350,0,0,0
2005-01-31 19:00:00,0.0,60,1.5,350,0,0,0
2005-01-31 20:00:00,-2.0,78,0.0,0,0,0,0
2005-01-31 21:00:00,-3.0,77,0.0,0,0,0,0
2005-01-31 22:00:00,-3.7,77,0.2,0,0,0,0
2005-01-31 23:00:00,-4.4,92,0.4,0,0,0,0
2005-02-01 00:00:00,-5.2,84,0.6,0,0,0,0
1996-02-01 01:00:00,-6.0,38,0.9,360,0,0,0
1996-02-01 02:00:00,-6.8,40,1.1,350,0,0,0
1996-02-01 03:00:00,-7.5,40,1.3,360,0,0,0
1996-02-01 04:00:00,-8.4,40,1.5,20,0,0,0
1996-02-01 05:00:00,-8.9,44,0.0,0,0,0,0
1996-02-01 06:00:00,-8.9,44,0.0,0,0,0,0
1996-02-01 07:00:00,-9.5,49,0.0,0,0,0,0
1996-02-01 08:00:00,-8.9,52,0.0,0,9,4,8
1996-02-01 09:00:00,-5.6,35,1.5,150,53,0,53
1996-02-01 10:00:00,-3.9,34,2.0,170,148,56,128
1996-02-01 11:00:00,-3.9,34,2.0,220,141,0,141
1996-02-01 12:00:00,-3.9,32,2.0,200,165,0,165
1996-02-01 13:00:00,-2.8,32,4.1,180,172,0,172
1996-02-01 14:00:00,-2.8,32,3.0,220,162,0,162
1996-02-01 15:00:00,-3.4,36,1.5,190,135,0,135
1996-02-01 16:00:00,-3.4,36,2.0,200,93,0,93
1996-02-01 17:00:00,-3.4,36,3.0,180,43,0,43
1996-02-01 18:00:00,-4.5,44,2.0,180,3,0,3
1996-02-01 19:00:00,-5.0,50,3.0,180,0,0,0
1996-02-01 20:00:00,-4.5,46,0.0,0,0,0,0
1996-02-01 21:00:00,-3.9,39,2.0,210,0,0,0
1996-02-01 22:00:00,-3.9,41,2.0,190,0,0,0
1996-02-01 23:00:00,-3.9,39,0.0,0,0,0,0
1996-02-02 00:00:00,-3.9,41,0.0,0,0,0,0
1996-02-02 01:00:00,-5.6,59,0.0,0,0,0,0
1996-02-02 02:00:00,-5.6,59,0.0,0,0,0,0
1996-02-02 03:00:00,-5.6,55,0.0,0,0,0,0
1996-02-02 04:00:00,-5.0,58,0.0,0,0,0,0
1996-02-02 05:00:00,-5.0,56,0.0,0,0,0,0
1996-02-02 06:00:00,-5.0,58,0.0,0,0,0,0
1996-02-02 07:00:00,-3.9,53,0.0,0,0,0,0
1996-02-02 08:00:00,-3.4,46,1.5,350,8,0,8
1996-02-02 09:00:00,-2.8,48,3.0,340,49,0,49
1996-02-02 10:00:00,-2.8,44,4.1,350,98,0,98
1996-02-02 11:00:00,-2.8,40,5.1,350,137,0,137
1996-02-02 12:00:00,-2.8,38,4.1,340,162,0,162
1996-02-02 13:00:00,-2.8,40,2.5,350,169,0,169
1996-02-02 14:00:00,-2.8,38,3.6,20,158,0,158
1996-02-02 15:00:00,-3.9,39,3.0,360,131,0,131
1996-02-02 16:00:00,-3.9,39,3.6,10,89,0,89
1996-02-02 17:00:00,-5.6,50,5.1,360,39,0,39
1996-02-02 18:00:00,-6.7,55,3.0,360,3,0,3
1996-02-02 19:00:00,-6.7,55,3.6,340,0,0,0
1996-02-02 20:00:00,-6.7,50,4.1,350,0,0,0
1996-02-02 21:00:00,-7.3,56,3.6,360,0,0,0
1996-02-02 22:00:00,-7.8,58,4.1,360,0,0,0
1996-02-02 23:00:00,-8.4,58,5.1,350,0,0,0
1996-02-03 00:00:00,-9.5,64,5.1,340,0,0,0
1996-02-03 01:00:00,-8.9,58,5.6,350,0,0,0
1996-02-03 02:00:00,-8.9,58,5.1,350,0,0,0
1996-02-03 03:00:00,-8.9,58,6.1,340,0,0,0
1996-02-03 04:00:00,-9.5,58,3.6,350,0,0,0
1996-02-03 05:00:00,-9.5,52,3.0,10,0,0,0
1996-02-03 06:00:00,-10.0,54,2.0,20,0,0,0
1996-02-03 07:00:00,-10.0,49,5.1,350,0,0,0
1996-02-03 08:00:00,-10.0,49,4.6,350,8,0,8
1996-02-03 09:00:00,-10.0,46,5.6,350,75,44,66
1996-02-03 10:00:00,-8.4,40,5.1,340,174,43,158
1996-02-03 11:00:00,-7.8,38,4.6,340,138,0,138
1996-02-03 12:00:00,-7.8,36,6.6,340,163,0,163
1996-02-03 13:00:00,-7.8,33,5.6,340,170,0,170
1996-02-03 14:00:00,-7.3,35,6.1,330,76,0,75
1996-02-03 15:00:00,-7.8,34,5.1,350,218,46,197
1996-02-03 16:00:00,-8.4,34,5.1,330,90,0,90
1996-02-03 17:00:00,-8.4,34,3.6,340,40,0,40
1996-02-03 18:00:00,-8.4,34,2.5,350,4,0,4
1996-02-03 19:00:00,-8.9,34,4.1,350,0,0,0
1996-02-03 20:00:00,-9.5,38,4.1,330,0,0,0
1996-02-03 21:00:00,-9.5,36,5.6,330,0,0,0
1996-02-03 22:00:00,-10.0,35,5.1,330,0,0,0
1996-02-03 23:00:00,-10.6,37,6.6,330,0,0,0
1996-02-04 00:00:00,-10.6,36,5.1,320,0,0,0
1996-02-04 01:00:00,-11.2,35,4.6,330,0,0,0
1996-02-04 02:00:00,-11.7,37,4.1,330,0,0,0
1996-02-04 03:00:00,-12.3,37,3.6,330,0,0,0
1996-02-04 04:00:00,-12.3,37,4.1,330,0,0,0
1996-02-04 05:00:00,-11.7,37,4.1,330,0,0,0
1996-02-04 06:00:00,-12.3,39,3.6,330,0,0,0
1996-02-04 07:00:00,-12.8,37,3.6,340,0,0,0
1996-02-04 08:00:00,-12.8,39,4.6,320,30,329,9
1996-02-04 09:00:00,-12.3,37,5.1,320,164,560,46
1996-02-04 10:00:00,-11.7,35,6.1,320,361,902,34
1996-02-04 11:00:00,-10.6,34,5.1,330,503,967,42
1996-02-04 12:00:00,-10.0,34,6.1,350,591,997,47
1996-02-04 13:00:00,-10.0,30,6.1,330,618,1005,49
1996-02-04 14:00:00,-10.0,32,5.6,310,580,995,46
1996-02-04 15:00:00,-9.5,30,4.1,320,481,962,41
1996-02-04 16:00:00,-9.5,29,4.6,350,331,889,32
1996-02-04 17:00:00,-10.0,29,3.6,340,151,720,21
1996-02-04 18:00:00,-12.3,31,3.0,340,15,232,4
1996-02-04 19:00:00,-12.3,33,4.1,330,0,0,0
1996-02-04 20:00:00,-13.4,35,5.1,320,0,0,0
1996-02-04 21:00:00,-13.9,36,4.6,340,0,0,0
1996-02-04 22:00:00,-13.4,37,4.1,340,0,0,0
1996-02-04 23:00:00,-14.5,38,3.0,330,0,0,0
1996-02-05 00:00:00,-16.2,40,2.5,310,0,0,0
1996-02-05 01:00:00,-15.6,43,1.5,290,0,0,0
1996-02-05 02:00:00,-15.0,40,0.0,0,0,0,0
1996-02-05 03:00:00,-15.6,43,0.0,0,0,0,0
1996-02-05 04:00:00,-16.7,45,0.0,0,0,0,0
1996-02-05 05:00:00,-15.0,43,3.0,310,0,0,0
1996-02-05 06:00:00,-14.5,38,3.0,310,0,0,0
1996-02-05 07:00:00,-15.6,36,1.5,260,0,0,0
1996-02-05 08:00:00,-15.6,40,2.0,280,27,235,11
1996-02-05 09:00:00,-13.4,39,0.0,0,179,666,35
1996-02-05 10:00:00,-11.2,34,0.0,0,345,808,49
1996-02-05 11:00:00,-8.4,29,2.5,200,503,923,59
1996-02-05 12:00:00,-7.3,28,2.0,250,549,843,85
1996-02-05 13:00:00,-7.3,27,3.6,170,530,788,80
1996-02-05 14:00:00,-6.7,28,4.1,230,447,530,160
1996-02-05 15:00:00,-6.7,28,3.0,210,415,672,105
1996-02-05 16:00:00,-6.7,31,3.6,190,303,645,83
1996-02-05 17:00:00,-6.2,28,3.6,210,122,357,56
1996-02-05 18:00:00,-8.2,32,2.6,200,13,70,10
1996-02-05 19:00:00,-9.5,36,1.5,190,0,0,0
1996-02-05 20:00:00,-10.0,38,0.0,0,0,0,0
1996-02-05 21:00:00,-11.7,39,1.5,300,0,0,0
1996-02-05 22:00:00,-11.7,39,1.5,260,0,0,0
1996-02-05 23:00:00,-11.2,39,0.0,0,0,0,0
1996-02-06 00:00:00,-15.6,43,0.0,0,0,0,0
1996-02-06 01:00:00,-16.2,38,0.0,0,0,0,0
1996-02-06 02:00:00,-10.6,40,2.5,320,0,0,0
1996-02-06 03:00:00,-12.3,41,3.0,300,0,0,0
1996-02-06 04:00:00,-14.5,43,2.5,280,0,0,0
1996-02-06 05:00:00,-13.4,43,1.5,100,0,0,0
1996-02-06 06:00:00,-10.0,38,0.0,0,0,0,0
1996-02-06 07:00:00,-14.5,48,0.0,0,0,0,0
1996-02-06 08:00:00,-7.3,40,3.6,280,33,180,21
1996-02-06 09:00:00,-5.0,35,5.6,300,200,550,80
1996-02-06 10:00:00,-3.4,32,2.0,290,133,142,80
1996-02-06 11:00:00,-2.8,32,4.1,290,392,344,225
1996-02-06 12:00:00,-1.7,31,2.5,300,387,489,116
1996-02-06 13:00:00,-0.6,30,4.6,290,366,352,163
1996-02-06 14:00:00,0.0,30,3.0,270,406,409,183
1996-02-06 15:00:00,0.5,29,3.0,270,391,561,129
1996-02-06 16:00:00,1.1,28,2.5,280,252,269,160
1996-02-06 17:00:00,0.0,28,0.0,0,120,294,65
1996-02-06 18:00:00,-2.8,32,2.0,180,13,111,8
1996-02-06 19:00:00,-3.4,34,2.0,190,0,0,0
1996-02-06 20:00:00,-5.0,37,0.0,0,0,0,0
1996-02-06 21:00:00,-6.7,37,0.0,0,0,0,0
1996-02-06 22:00:00,-7.3,39,0.0,0,0,0,0
1996-02-06 23:00:00,-7.8,40,0.0,0,0,0,0
1996-02-07 00:00:00,-6.7,38,1.5,160,0,0,0
1996-02-07 01:00:00,-7.8,42,0.0,0,0,0,0
1996-02-07 02:00:00,-8.4,45,0.0,0,0,0,0
1996-02-07 03:00:00,-8.4,47,0.0,0,0,0,0
1996-02-07 04:00:00,-7.8,50,1.5,170,0,0,0
1996-02-07 05:00:00,-10.0,51,0.0,0,0,0,0
1996-02-07 06:00:00,-7.8,50,2.5,160,0,0,0
1996-02-07 07:00:00,-7.3,56,2.5,160,0,0,0
1996-02-07 08:00:00,-6.2,53,2.5,190,11,0,11
1996-02-07 09:00:00,-5.0,50,3.0,190,63,0,63
1996-02-07 10:00:00,-4.5,50,4.1,190,114,0,114
1996-02-07 11:00:00,-1.7,44,4.1,190,153,0,153
1996-02-07 12:00:00,0.5,41,5.6,200,277,57,245
1996-02-07 13:00:00,1.1,39,5.1,180,575,826,96
1996-02-07 14:00:00,2.7,37,5.6,190,525,829,69
1996-02-07 15:00:00,3.3,39,4.1,190,460,778,93
1996-02-07 16:00:00,2.7,40,2.5,200,189,169,130
1996-02-07 17:00:00,2.7,40,2.0,190,54,0,54
1996-02-07 18:00:00,2.7,43,3.6,190,6,0,6
1996-02-07 19:00:00,2.7,44,3.0,190,0,0,0
1996-02-07 20:00:00,2.2,46,2.5,190,0,0,0
1996-02-07 21:00:00,2.2,46,3.6,190,0,0,0
1996-02-07 22:00:00,1.6,53,2.0,190,0,0,0
1996-02-07 23:00:00,1.1,58,2.0,180,0,0,0
1996-02-08 00:00:00,1.6,59,2.5,200,0,0,0
1996-02-08 01:00:00,1.6,59,2.5,200,0,0,0
1996-02-08 02:00:00,1.6,59,2.5,200,0,0,0
1996-02-08 03:00:00,1.6,59,1.5,190,0,0,0
1996-02-08 04:00:00,1.6,61,0.0,0,0,0,0
1996-02-08 05:00:00,1.6,61,0.0,0,0,0,0
1996-02-08 06:00:00,1.6,61,2.0,200,0,0,0
1996-02-08 07:00:00,1.6,61,0.0,0,0,0,0
1996-02-08 08:00:00,1.6,61,0.0,0,17,5,16
1996-02-08 09:00:00,2.2,62,0.0,0,129,34,121
1996-02-08 10:00:00,2.7,59,0.0,0,338,680,81
1996-02-08 11:00:00,4.4,58,0.0,0,181,46,158
1996-02-08 12:00:00,5.0,58,0.0,0,169,0,169
1996-02-08 13:00:00,5.5,59,1.5,180,289,48,260
1996-02-08 14:00:00,6.6,57,3.0,190,366,57,334
1996-02-08 15:00:00,6.6,54,3.6,200,391,550,129
1996-02-08 16:00:00,6.1,54,2.5,170,184,45,168
1996-02-08 17:00:00,6.1,54,2.5,190,68,74,54
1996-02-08 18:00:00,5.5,59,3.6,200,6,0,6
1996-02-08 19:00:00,5.0,58,1.5,230,0,0,0
1996-02-08 20:00:00,5.0,61,2.0,250,0,0,0
1996-02-08 21:00:00,5.0,61,3.0,200,0,0,0
1996-02-08 22:00:00,3.8,63,1.5,220,0,0,0
1996-02-08 23:00:00,3.3,65,0.0,0,0,0,0
1996-02-09 00:00:00,2.7,65,1.5,200,0,0,0
1996-02-09 01:00:00,2.7,59,2.0,190,0,0,0
1996-02-09 02:00:00,5.0,67,3.6,220,0,0,0
1996-02-09 03:00:00,3.3,57,0.0,0,0,0,0
1996-02-09 04:00:00,3.8,60,0.0,0,0,0,0
1996-02-09 05:00:00,7.7,51,2.5,290,0,0,0
1996-02-09 06:00:00,7.2,48,3.6,310,0,0,0
1996-02-09 07:00:00,7.2,48,1.5,310,0,0,0
1996-02-09 08:00:00,6.6,47,2.5,300,14,0,14
1996-02-09 09:00:00,7.2,45,3.6,320,69,0,69
1996-02-09 10:00:00,7.7,46,4.1,310,119,0,119
1996-02-09 11:00:00,6.6,47,5.1,330,158,0,158
1996-02-09 12:00:00,6.6,45,3.6,300,182,0,182
1996-02-09 13:00:00,7.2,43,7.2,300,189,0,189
1996-02-09 14:00:00,8.3,44,4.6,310,310,69,272
1996-02-09 15:00:00,7.7,42,5.6,300,152,0,152
1996-02-09 16:00:00,7.7,42,7.2,310,111,0,111
1996-02-09 17:00:00,6.1,47,7.2,300,92,42,84
1996-02-09 18:00:00,5.5,46,4.1,300,10,18,9
1996-02-09 19:00:00,5.5,46,1.5,300,0,0,0
1996-02-09 20:00:00,5.0,46,0.0,0,0,0,0
1996-02-09 21:00:00,5.0,48,3.0,290,0,0,0
1996-02-09 22:00:00,5.5,44,2.5,280,0,0,0
1996-02-09 23:00:00,6.1,43,3.6,290,0,0,0
1996-02-10 00:00:00,6.1,43,3.6,310,0,0,0
1996-02-10 01:00:00,5.5,44,3.0,310,0,0,0
1996-02-10 02:00:00,4.4,43,2.5,290,0,0,0
1996-02-10 03:00:00,3.8,48,2.0,280,0,0,0
1996-02-10 04:00:00,4.4,43,3.6,290,0,0,0
1996-02-10 05:00:00,3.3,47,2.0,280,0,0,0
1996-02-10 06:00:00,1.6,51,2.0,210,0,0,0
1996-02-10 07:00:00,2.2,48,1.5,220,0,0,0
1996-02-10 08:00:00,2.7,49,1.5,220,16,0,16
1996-02-10 09:00:00,3.3,49,0.0,0,191,543,64
1996-02-10 10:00:00,7.7,42,2.0,190,357,692,90
1996-02-10 11:00:00,7.7,42,4.1,170,408,660,77
1996-02-10 12:00:00,5.5,44,3.0,190,231,0,231
1996-02-10 13:00:00,5.5,44,2.5,190,239,0,239
1996-02-10 14:00:00,6.1,45,3.0,190,334,487,60
1996-02-10 15:00:00,6.1,47,3.0,180,448,674,122
1996-02-10 16:00:00,6.1,45,3.0,190,285,548,87
1996-02-10 17:00:00,6.1,49,2.5,190,156,544,45
1996-02-10 18:00:00,5.5,49,2.0,170,21,157,12
1996-02-10 19:00:00,5.0,51,2.0,170,0,0,0
1996-02-10 20:00:00,5.0,51,0.0,0,0,0,0
1996-02-10 21:00:00,4.4,50,0.0,0,0,0,0
1996-02-10 22:00:00,3.8,50,1.5,210,0,0,0
1996-02-10 23:00:00,1.6,56,0.0,0,0,0,0
1996-02-11 00:00:00,3.3,54,0.0,0,0,0,0
1996-02-11 01:00:00,2.7,54,0.0,0,0,0,0
1996-02-11 02:00:00,6.6,50,1.5,240,0,0,0
1996-02-11 03:00:00,8.3,48,3.0,200,0,0,0
1996-02-11 04:00:00,8.3,48,2.5,200,0,0,0
1996-02-11 05:00:00,7.2,48,0.0,0,0,0,0
1996-02-11 06:00:00,8.8,49,0.0,0,0,0,0
1996-02-11 07:00:00,10.0,45,5.1,320,0,0,0
1996-02-11 08:00:00,9.4,47,4.6,320,28,51,24
1996-02-11 09:00:00,10.5,46,4.1,300,175,536,48
1996-02-11 10:00:00,9.4,41,9.2,320,127,58,104
1996-02-11 11:00:00,10.5,36,8.7,330,488,844,61
1996-02-11 12:00:00,10.5,36,7.7,300,460,538,150
1996-02-11 13:00:00,10.0,33,10.8,300,556,701,137
1996-02-11 14:00:00,8.8,32,8.2,280,213,67,175
1996-02-11 15:00:00,8.3,33,7.2,270,153,0,153
1996-02-11 16:00:00,7.2,34,8.2,290,112,0,112
1996-02-11 17:00:00,6.1,35,9.2,290,104,35,97
1996-02-11 18:00:00,5.0,40,3.6,290,8,0,8
1996-02-11 19:00:00,5.0,38,5.6,280,0,0,0
1996-02-11 20:00:00,4.4,38,5.6,280,0,0,0
1996-02-11 21:00:00,2.7,44,5.1,310,0,0,0
1996-02-11 22:00:00,2.7,43,7.7,290,0,0,0
1996-02-11 23:00:00,2.2,40,7.2,300,0,0,0
1996-02-12 00:00:00,1.1,39,8.2,310,0,0,0
1996-02-12 01:00:00,1.1,37,7.7,310,0,0,0
1996-02-12 02:00:00,-0.6,36,8.2,320,0,0,0
1996-02-12 03:00:00,-1.2,40,4.1,320,0,0,0
1996-02-12 04:00:00,-1.2,40,7.7,330,0,0,0
1996-02-12 05:00:00,-1.7,38,8.7,330,0,0,0
1996-02-12 06:00:00,-2.3,38,7.7,310,0,0,0
1996-02-12 07:00:00,-2.3,40,12.3,320,0,0,0
1996-02-12 08:00:00,-2.3,38,9.7,320,37,243,18
1996-02-12 09:00:00,-1.7,36,10.2,320,200,681,35
1996-02-12 10:00:00,-1.2,33,9.7,320,387,853,50
1996-02-12 11:00:00,-0.6,30,8.7,310,467,703,108
1996-02-12 12:00:00,-1.2,30,7.2,330,597,875,89
1996-02-12 13:00:00,-0.6,30,7.7,310,494,430,234
1996-02-12 14:00:00,-1.2,31,7.2,320,523,523,224
1996-02-12 15:00:00,-1.2,31,7.7,310,493,823,88
1996-02-12 16:00:00,-1.2,31,8.7,300,235,103,196
1996-02-12 17:00:00,-1.7,31,9.2,310,157,491,53
1996-02-12 18:00:00,-2.3,33,7.2,310,22,153,12
1996-02-12 19:00:00,-2.8,34,10.2,320,0,0,0
1996-02-12 20:00:00,-3.9,39,8.2,310,0,0,0
1996-02-12 21:00:00,-3.9,34,7.2,310,0,0,0
1996-02-12 22:00:00,-5.0,33,9.7,320,0,0,0
1996-02-12 23:00:00,-6.2,33,5.1,320,0,0,0
1996-02-13 00:00:00,-7.3,39,6.6,310,0,0,0
1996-02-13 01:00:00,-7.8,40,3.0,300,0,0,0
1996-02-13 02:00:00,-7.8,38,1.5,320,0,0,0
1996-02-13 03:00:00,-8.9,42,2.5,300,0,0,0
1996-02-13 04:00:00,-8.4,43,2.5,310,0,0,0
1996-02-13 05:00:00,-7.8,45,2.5,300,0,0,0
1996-02-13 06:00:00,-6.2,43,4.1,300,0,0,0
1996-02-13 07:00:00,-6.2,43,5.6,300,0,0,0
1996-02-13 08:00:00,-5.6,39,6.1,310,18,48,14
1996-02-13 09:00:00,-4.5,34,8.7,320,178,437,70
1996-02-13 10:00:00,-2.8,29,6.6,310,346,584,112
1996-02-13 11:00:00,-2.3,31,6.1,310,431,586,129
1996-02-13 12:00:00,-1.7,31,8.7,340,504,600,153
1996-02-13 13:00:00,-0.6,28,2.5,290,657,972,67
1996-02-13 14:00:00,0.5,26,5.6,300,618,959,65
1996-02-13 15:00:00,1.6,25,3.6,290,517,923,58
1996-02-13 16:00:00,2.2,24,4.6,290,301,454,131
1996-02-13 17:00:00,1.1,24,2.0,270,173,597,44
1996-02-13 18:00:00,-1.7,29,0.0,0,25,169,14
1996-02-13 19:00:00,-2.3,29,0.0,0,0,0,0
1996-02-13 20:00:00,-1.7,29,0.0,0,0,0,0
1996-02-13 21:00:00,-1.7,31,2.0,190,0,0,0
1996-02-13 22:00:00,-0.6,30,2.5,170,0,0,0
1996-02-13 23:00:00,-0.6,30,2.0,190,0,0,0
1996-02-14 00:00:00,-0.6,31,0.0,0,0,0,0
1996-02-14 01:00:00,0.0,33,2.0,170,0,0,0
1996-02-14 02:00:00,0.0,31,2.5,180,0,0,0
1996-02-14 03:00:00,0.0,33,1.5,190,0,0,0
1996-02-14 04:00:00,0.0,35,2.0,190,0,0,0
1996-02-14 05:00:00,0.0,37,2.5,190,0,0,0
1996-02-14 06:00:00,0.0,38,1.5,180,0,0,0
1996-02-14 07:00:00,-0.6,42,0.0,0,0,0,0
1996-02-14 08:00:00,2.2,36,1.5,210,42,314,16
1996-02-14 09:00:00,2.7,39,2.5,230,212,584,66
1996-02-14 10:00:00,5.0,36,3.0,230,374,808,48
1996-02-14 11:00:00,7.7,34,3.0,290,403,556,114
1996-02-14 12:00:00,10.0,31,5.1,290,576,724,149
1996-02-14 13:00:00,10.0,31,5.6,300,634,809,139
1996-02-14 14:00:00,10.0,33,5.6,310,418,509,122
1996-02-14 15:00:00,9.4,34,6.1,320,465,623,152
1996-02-14 16:00:00,7.7,34,5.6,320,296,492,110
1996-02-14 17:00:00,7.2,38,6.1,320,147,368,66
1996-02-14 18:00:00,5.5,36,5.1,320,18,97,12
1996-02-14 19:00:00,4.4,38,4.6,350,0,0,0
1996-02-14 20:00:00,2.7,47,2.5,360,0,0,0
1996-02-14 21:00:00,1.6,46,0.0,0,0,0,0
1996-02-14 22:00:00,-0.6,47,0.0,0,0,0,0
1996-02-14 23:00:00,-1.2,47,0.0,0,0,0,0
1996-02-15 00:00:00,-0.6,47,2.0,190,0,0,0
1996-02-15 01:00:00,0.0,49,1.5,200,0,0,0
1996-02-15 02:00:00,0.5,45,0.0,0,0,0,0
1996-02-15 03:00:00,0.0,49,0.0,0,0,0,0
1996-02-15 04:00:00,0.0,49,0.0,0,0,0,0
1996-02-15 05:00:00,0.0,52,0.0,0,0,0,0
1996-02-15 06:00:00,-0.6,60,0.0,0,0,0,0
1996-02-15 07:00:00,-0.6,57,0.0,0,0,0,0
1996-02-15 08:00:00,0.0,57,0.0,0,10,0,10
1996-02-15 09:00:00,1.1,61,0.0,0,46,0,46
1996-02-15 10:00:00,1.6,59,0.0,0,98,0,98
1996-02-15 11:00:00,2.2,56,0.0,0,132,0,132
1996-02-15 12:00:00,0.5,55,2.5,10,182,0,182
1996-02-15 13:00:00,1.6,56,0.0,0,189,0,189
1996-02-15 14:00:00,3.8,48,1.2,350,337,124,264
1996-02-15 15:00:00,3.8,69,2.4,330,152,75,114
1996-02-15 16:00:00,3.8,57,3.6,320,263,362,124
1996-02-15 17:00:00,3.8,55,2.0,320,130,273,69
1996-02-15 18:00:00,1.6,71,1.5,20,19,62,15
1996-02-15 19:00:00,0.0,72,0.0,0,0,0,0
1996-02-15 20:00:00,-0.6,79,1.5,360,0,0,0
1996-02-15 21:00:00,-0.6,72,0.0,0,0,0,0
1996-02-15 22:00:00,-0.6,72,0.0,0,0,0,0
1996-02-15 23:00:00,0.0,57,2.0,10,0,0,0
1996-02-16 00:00:00,0.0,62,0.0,0,0,0,0
1996-02-16 01:00:00,-0.6,66,1.5,350,0,0,0
1996-02-16 02:00:00,-0.6,66,1.5,350,0,0,0
1996-02-16 03:00:00,-0.6,62,0.0,0,0,0,0
1996-02-16 04:00:00,-1.2,80,2.0,30,0,0,0
1996-02-16 05:00:00,-1.7,91,2.0,20,0,0,0
1996-02-16 06:00:00,-1.7,91,3.0,20,0,0,0
1996-02-16 07:00:00,-2.3,96,3.6,10,0,0,0
1996-02-16 08:00:00,-2.3,96,4.6,10,15,0,15
1996-02-16 09:00:00,-2.8,91,5.1,10,55,0,55
1996-02-16 10:00:00,-3.4,96,5.1,20,91,0,91
1996-02-16 11:00:00,-3.4,91,7.7,10,118,0,118
1996-02-16 12:00:00,-3.4,91,4.6,20,135,0,135
1996-02-16 13:00:00,-2.8,91,5.6,10,199,0,199
1996-02-16 14:00:00,-2.8,91,5.6,360,159,0,159
1996-02-16 15:00:00,-2.3,83,2.0,10,163,0,163
1996-02-16 16:00:00,-1.7,62,5.6,350,121,0,121
1996-02-16 17:00:00,-1.2,54,4.1,360,68,0,68
1996-02-16 18:00:00,-1.2,57,3.0,360,13,0,13
1996-02-16 19:00:00,-1.2,49,5.1,350,0,0,0
1996-02-16 20:00:00,-2.3,51,7.7,330,0,0,0
1996-02-16 21:00:00,-2.8,54,6.6,330,0,0,0
1996-02-16 22:00:00,-3.9,48,8.7,330,0,0,0
1996-02-16 23:00:00,-5.6,50,8.7,320,0,0,0
1996-02-17 00:00:00,-6.7,45,7.7,330,0,0,0
1996-02-17 01:00:00,-7.3,50,9.2,330,0,0,0
1996-02-17 02:00:00,-7.8,52,9.2,330,0,0,0
1996-02-17 03:00:00,-8.4,58,4.1,330,0,0,0
1996-02-17 04:00:00,-8.9,60,6.1,330,0,0,0
1996-02-17 05:00:00,-9.5,64,3.0,330,0,0,0
1996-02-17 06:00:00,-8.9,58,9.7,310,0,0,0
1996-02-17 07:00:00,-8.9,60,5.6,320,0,0,0
1996-02-17 08:00:00,-7.8,58,3.6,330,41,118,31
1996-02-17 09:00:00,-5.6,50,4.6,310,148,341,58
1996-02-17 10:00:00,-5.0,50,3.6,300,308,284,189
1996-02-17 11:00:00,-3.9,51,5.1,300,382,250,249
1996-02-17 12:00:00,-2.8,46,3.0,310,502,461,223
1996-02-17 13:00:00,-2.3,42,4.1,280,553,638,154
1996-02-17 14:00:00,-1.7,40,2.5,270,558,727,125
1996-02-17 15:00:00,-1.2,37,2.5,220,475,639,146
1996-02-17 16:00:00,-1.7,38,2.5,220,347,612,107
1996-02-17 17:00:00,-2.3,44,2.5,200,172,531,48
1996-02-17 18:00:00,-3.4,44,2.5,220,12,0,12
1996-02-17 19:00:00,-4.5,50,2.0,200,0,0,0
1996-02-17 20:00:00,-5.0,53,1.5,190,0,0,0
1996-02-17 21:00:00,-3.9,51,1.5,250,0,0,0
1996-02-17 22:00:00,-3.9,48,2.0,260,0,0,0
1996-02-17 23:00:00,-3.4,51,1.5,260,0,0,0
1996-02-18 00:00:00,-3.9,53,1.5,260,0,0,0
1996-02-18 01:00:00,-4.5,53,2.0,240,0,0,0
1996-02-18 02:00:00,-5.0,58,2.0,280,0,0,0
1996-02-18 03:00:00,-3.4,59,3.6,280,0,0,0
1996-02-18 04:00:00,-2.8,59,4.6,290,0,0,0
1996-02-18 05:00:00,-2.8,59,4.6,300,0,0,0
1996-02-18 06:00:00,-3.4,62,3.0,280,0,0,0
1996-02-18 07:00:00,-2.8,59,1.5,280,0,0,0
1996-02-18 08:00:00,-1.2,52,4.6,320,17,0,17
1996-02-18 09:00:00,-0.6,51,2.0,340,70,0,70
1996-02-18 10:00:00,-0.6,45,3.0,320,122,0,122
1996-02-18 11:00:00,0.0,47,5.1,330,325,9,320
1996-02-18 12:00:00,0.0,37,5.6,300,356,201,234
1996-02-18 13:00:00,0.5,39,5.1,310,576,443,296
1996-02-18 14:00:00,1.6,36,5.1,300,470,528,153
1996-02-18 15:00:00,2.2,31,5.6,320,533,891,70
1996-02-18 16:00:00,2.2,33,2.5,310,380,802,63
1996-02-18 17:00:00,2.2,31,3.6,310,176,515,54
1996-02-18 18:00:00,-0.6,42,1.5,330,20,86,14
1996-02-18 19:00:00,-1.7,44,0.0,0,0,0,0
1996-02-18 20:00:00,-3.9,53,0.0,0,0,0,0
1996-02-18 21:00:00,-4.5,62,0.0,0,0,0,0
1996-02-18 22:00:00,-5.0,68,0.0,0,0,0,0
1996-02-18 23:00:00,-4.5,56,0.0,0,0,0,0
1996-02-19 00:00:00,-5.6,65,0.0,0,0,0,0
1996-02-19 01:00:00,-5.6,68,0.0,0,0,0,0
1996-02-19 02:00:00,-6.7,71,0.0,0,0,0,0
1996-02-19 03:00:00,-5.6,71,0.0,0,0,0,0
1996-02-19 04:00:00,-6.7,67,0.0,0,0,0,0
1996-02-19 05:00:00,-8.4,91,0.0,0,0,0,0
1996-02-19 06:00:00,-6.2,79,1.5,110,0,0,0
1996-02-19 07:00:00,-6.2,75,0.0,0,0,0,0
1996-02-19 08:00:00,-3.9,79,0.0,0,61,358,28
1996-02-19 09:00:00,-1.7,68,1.5,120,135,23,129
1996-02-19 10:00:00,-0.6,60,3.0,170,328,546,96
1996-02-19 11:00:00,2.2,59,4.1,180,513,727,119
1996-02-19 12:00:00,2.7,62,4.6,170,333,90,277
1996-02-19 13:00:00,4.4,58,3.6,170,417,110,347
1996-02-19 14:00:00,5.0,55,2.0,170,356,61,319
1996-02-19 15:00:00,6.1,54,0.0,0,507,736,121
1996-02-19 16:00:00,6.1,56,0.0,0,325,564,99
1996-02-19 17:00:00,5.5,59,0.0,0,120,48,109
1996-02-19 18:00:00,5.0,58,1.5,120,26,179,13
1996-02-19 19:00:00,4.4,73,2.0,110,0,0,0
1996-02-19 20:00:00,3.8,76,1.5,120,0,0,0
1996-02-19 21:00:00,4.4,76,0.0,0,0,0,0
1996-02-19 22:00:00,3.8,79,0.0,0,0,0,0
1996-02-19 23:00:00,3.3,82,1.5,100,0,0,0
1996-02-20 00:00:00,3.3,85,3.0,100,0,0,0
1996-02-20 01:00:00,3.3,85,2.5,100,0,0,0
1996-02-20 02:00:00,3.3,92,1.5,80,0,0,0
1996-02-20 03:00:00,3.3,92,0.0,0,0,0,0
1996-02-20 04:00:00,2.7,97,0.0,0,0,0,0
1996-02-20 05:00:00,2.7,100,1.5,70,0,0,0
1996-02-20 06:00:00,2.7,100,2.0,340,0,0,0
1996-02-20 07:00:00,2.7,100,1.5,20,0,0,0
1996-02-20 08:00:00,3.3,100,0.0,0,19,0,19
1996-02-20 09:00:00,3.3,100,0.0,0,59,0,59
1996-02-20 10:00:00,4.4,100,0.0,0,95,0,95
1996-02-20 11:00:00,5.5,100,1.5,50,123,0,123
1996-02-20 12:00:00,6.6,100,1.5,80,139,0,139
1996-02-20 13:00:00,7.2,100,0.0,0,144,0,144
1996-02-20 14:00:00,7.7,100,0.0,0,137,0,137
1996-02-20 15:00:00,6.6,100,1.5,10,118,0,118
1996-02-20 16:00:00,6.6,100,0.0,0,89,0,89
1996-02-20 17:00:00,7.2,100,0.0,0,52,0,52
1996-02-20 18:00:00,6.6,100,0.0,0,12,0,12
1996-02-20 19:00:00,7.2,100,2.0,260,0,0,0
1996-02-20 20:00:00,7.2,100,0.0,0,0,0,0
1996-02-20 21:00:00,7.2,100,0.0,0,0,0,0
1996-02-20 22:00:00,7.7,100,0.0,0,0,0,0
1996-02-20 23:00:00,7.2,100,0.0,0,0,0,0
1996-02-21 00:00:00,7.2,100,0.0,0,0,0,0
1996-02-21 01:00:00,7.2,100,0.0,0,0,0,0
1996-02-21 02:00:00,7.2,100,0.0,0,0,0,0
1996-02-21 03:00:00,6.6,100,0.0,0,0,0,0
1996-02-21 04:00:00,6.6,100,0.0,0,0,0,0
1996-02-21 05:00:00,4.4,100,0.0,0,0,0,0
1996-02-21 06:00:00,3.3,100,0.0,0,0,0,0
1996-02-21 07:00:00,3.8,100,0.0,0,0,0,0
1996-02-21 08:00:00,5.0,99,0.0,0,17,0,17
1996-02-21 09:00:00,7.2,100,0.0,0,57,0,57
1996-02-21 10:00:00,7.2,100,0.0,0,93,0,93
1996-02-21 11:00:00,10.5,100,0.0,0,245,44,221
1996-02-21 12:00:00,11.1,100,0.0,0,609,725,157
1996-02-21 13:00:00,14.4,83,0.0,0,553,473,248
1996-02-21 14:00:00,15.0,77,2.0,310,621,777,144
1996-02-21 15:00:00,14.4,77,0.0,0,445,604,123
1996-02-21 16:00:00,14.0,80,0.0,0,280,407,114
1996-02-21 17:00:00,12.7,86,0.0,0,187,488,66
1996-02-21 18:00:00,10.5,93,0.0,0,33,75,27
1996-02-21 19:00:00,10.5,97,1.5,10,0,0,0
1996-02-21 20:00:00,10.0,100,0.0,0,0,0,0
1996-02-21 21:00:00,9.4,100,0.0,0,0,0,0
1996-02-21 22:00:00,8.3,100,1.5,360,0,0,0
1996-02-21 23:00:00,7.2,100,0.0,0,0,0,0
1996-02-22 00:00:00,8.3,100,0.0,0,0,0,0
1996-02-22 01:00:00,8.3,100,2.0,10,0,0,0
1996-02-22 02:00:00,8.3,100,0.0,0,0,0,0
1996-02-22 03:00:00,7.7,100,0.0,0,0,0,0
1996-02-22 04:00:00,8.3,100,1.5,60,0,0,0
1996-02-22 05:00:00,8.3,100,0.0,0,0,0,0
1996-02-22 06:00:00,8.3,100,0.0,0,0,0,0
1996-02-22 07:00:00,8.3,100,0.0,0,0,0,0
1996-02-22 08:00:00,8.3,100,0.0,0,16,0,16
1996-02-22 09:00:00,8.3,100,0.0,0,55,0,55
1996-02-22 10:00:00,8.8,100,1.5,10,92,0,92
1996-02-22 11:00:00,9.4,100,1.5,10,120,0,120
1996-02-22 12:00:00,10.0,100,0.0,0,137,0,137
1996-02-22 13:00:00,10.0,100,0.0,0,142,0,142
1996-02-22 14:00:00,10.0,100,0.0,0,134,0,134
1996-02-22 15:00:00,10.5,100,0.0,0,115,0,115
1996-02-22 16:00:00,10.5,93,0.0,0,85,0,85
1996-02-22 17:00:00,10.0,100,0.0,0,47,0,47
1996-02-22 18:00:00,10.0,100,0.0,0,10,0,10
1996-02-22 19:00:00,10.0,100,0.0,0,0,0,0
1996-02-22 20:00:00,9.4,100,1.5,10,0,0,0
1996-02-22 21:00:00,9.4,100,1.5,10,0,0,0
1996-02-22 22:00:00,9.4,100,1.5,360,0,0,0
1996-02-22 23:00:00,9.4,100,1.5,20,0,0,0
1996-02-23 00:00:00,9.4,100,2.0,10,0,0,0
1996-02-23 01:00:00,8.8,100,1.5,20,0,0,0
1996-02-23 02:00:00,8.8,100,0.0,0,0,0,0
1996-02-23 03:00:00,8.3,100,2.5,10,0,0,0
1996-02-23 04:00:00,8.3,100,1.5,20,0,0,0
1996-02-23 05:00:00,8.3,100,2.5,360,0,0,0
1996-02-23 06:00:00,8.3,100,2.0,10,0,0,0
1996-02-23 07:00:00,8.3,100,1.5,10,0,0,0
1996-02-23 08:00:00,8.3,100,0.0,0,17,0,17
1996-02-23 09:00:00,8.8,100,0.0,0,57,0,57
1996-02-23 10:00:00,8.8,100,0.0,0,93,0,93
1996-02-23 11:00:00,9.4,100,0.0,0,121,0,121
1996-02-23 12:00:00,10.0,100,0.0,0,138,0,138
1996-02-23 13:00:00,10.0,100,0.0,0,143,0,143
1996-02-23 14:00:00,11.1,100,0.0,0,136,0,136
1996-02-23 15:00:00,11.1,100,2.0,150,117,0,117
1996-02-23 16:00:00,11.1,100,2.5,160,87,0,87
1996-02-23 17:00:00,11.1,100,1.5,190,59,0,59
1996-02-23 18:00:00,11.1,100,2.5,160,13,0,13
1996-02-23 19:00:00,11.1,100,3.0,150,0,0,0
1996-02-23 20:00:00,11.1,100,4.6,150,0,0,0
1996-02-23 21:00:00,11.1,100,3.6,150,0,0,0
1996-02-23 22:00:00,11.1,100,4.1,180,0,0,0
1996-02-23 23:00:00,10.5,100,4.1,180,0,0,0
1996-02-24 00:00:00,10.5,100,3.0,190,0,0,0
1996-02-24 01:00:00,11.1,100,3.0,200,0,0,0
1996-02-24 02:00:00,11.1,100,4.6,180,0,0,0
1996-02-24 03:00:00,11.6,100,4.6,190,0,0,0
1996-02-24 04:00:00,11.6,100,1.5,240,0,0,0
1996-02-24 05:00:00,12.2,100,2.5,240,0,0,0
1996-02-24 06:00:00,11.6,100,2.5,260,0,0,0
1996-02-24 07:00:00,12.7,51,8.7,290,0,0,0
1996-02-24 08:00:00,11.6,43,6.1,290,18,0,18
1996-02-24 09:00:00,11.1,40,13.3,300,58,0,58
1996-02-24 10:00:00,11.1,38,13.3,300,94,0,94
1996-02-24 11:00:00,12.2,31,10.8,300,219,0,219
1996-02-24 12:00:00,13.3,27,13.3,290,139,0,139
1996-02-24 13:00:00,13.8,27,11.3,300,258,0,258
1996-02-24 14:00:00,14.4,24,13.3,310,245,0,245
1996-02-24 15:00:00,15.0,24,8.7,300,210,0,210
1996-02-24 16:00:00,15.0,24,8.7,290,87,0,87
1996-02-24 17:00:00,14.4,22,9.2,300,50,0,50
1996-02-24 18:00:00,12.7,25,7.7,290,11,0,11
1996-02-24 19:00:00,12.2,26,8.7,290,0,0,0
1996-02-24 20:00:00,11.1,26,5.1,290,0,0,0
1996-02-24 21:00:00,11.1,27,5.6,290,0,0,0
1996-02-24 22:00:00,10.5,30,7.2,300,0,0,0
1996-02-24 23:00:00,11.1,33,9.7,300,0,0,0
1996-02-25 00:00:00,11.1,35,9.2,310,0,0,0
1996-02-25 01:00:00,10.5,35,7.2,300,0,0,0
1996-02-25 02:00:00,11.1,37,8.2,300,0,0,0
1996-02-25 03:00:00,10.5,38,5.6,300,0,0,0
1996-02-25 04:00:00,10.0,37,1.5,260,0,0,0
1996-02-25 05:00:00,11.1,38,6.6,290,0,0,0
1996-02-25 06:00:00,12.2,32,9.2,300,0,0,0
1996-02-25 07:00:00,12.7,31,9.7,300,0,0,0
1996-02-25 08:00:00,13.3,32,9.2,300,23,0,23
1996-02-25 09:00:00,14.4,31,9.2,300,96,0,96
1996-02-25 10:00:00,16.1,29,8.7,310,162,0,162
1996-02-25 11:00:00,17.7,27,8.7,300,213,0,213
1996-02-25 12:00:00,18.3,24,9.7,300,386,173,275
1996-02-25 13:00:00,20.0,22,12.3,310,293,155,189
1996-02-25 14:00:00,20.5,20,9.2,310,291,260,126
1996-02-25 15:00:00,21.1,18,9.2,300,466,364,265
1996-02-25 16:00:00,20.0,19,7.7,290,378,636,107
1996-02-25 17:00:00,19.4,20,8.2,300,181,399,75
1996-02-25 18:00:00,17.7,23,6.1,290,38,169,23
1996-02-25 19:00:00,17.2,23,5.6,290,0,0,0
1996-02-25 20:00:00,16.6,28,5.1,280,0,0,0
1996-02-25 21:00:00,15.0,31,3.6,280,0,0,0
1996-02-25 22:00:00,13.3,33,3.0,280,0,0,0
1996-02-25 23:00:00,12.7,34,3.0,280,0,0,0
1996-02-26 00:00:00,11.6,35,2.0,280,0,0,0
1996-02-26 01:00:00,11.6,35,1.5,280,0,0,0
1996-02-26 02:00:00,9.4,43,1.5,260,0,0,0
1996-02-26 03:00:00,7.2,48,0.0,0,0,0,0
1996-02-26 04:00:00,7.2,48,2.5,280,0,0,0
1996-02-26 05:00:00,7.7,46,2.0,290,0,0,0
1996-02-26 06:00:00,4.4,63,0.0,0,0,0,0
1996-02-26 07:00:00,4.4,63,0.0,0,0,4,0
1996-02-26 08:00:00,9.4,56,0.0,0,70,176,48
1996-02-26 09:00:00,11.1,54,1.5,330,73,0,73
1996-02-26 10:00:00,10.5,54,0.0,0,126,0,126
1996-02-26 11:00:00,10.0,63,0.0,0,167,0,167
1996-02-26 12:00:00,10.0,71,0.0,0,192,0,192
1996-02-26 13:00:00,10.5,71,0.0,0,199,0,199
1996-02-26 14:00:00,11.1,74,0.0,0,188,0,188
1996-02-26 15:00:00,11.1,74,0.0,0,159,0,159
1996-02-26 16:00:00,10.0,89,0.0,0,115,0,115
1996-02-26 17:00:00,9.4,93,0.0,0,61,0,61
1996-02-26 18:00:00,9.4,100,0.0,0,18,0,18
1996-02-26 19:00:00,8.8,100,0.0,0,0,0,0
1996-02-26 20:00:00,8.3,100,0.0,0,0,0,0
1996-02-26 21:00:00,8.3,96,0.0,0,0,0,0
1996-02-26 22:00:00,8.3,100,1.5,310,0,0,0
1996-02-26 23:00:00,8.8,97,0.0,0,0,0,0
1996-02-27 00:00:00,8.3,100,0.0,0,0,0,0
1996-02-27 01:00:00,7.7,100,0.0,0,0,0,0
1996-02-27 02:00:00,8.3,100,1.5,60,0,0,0
1996-02-27 03:00:00,8.3,96,0.0,0,0,0,0
1996-02-27 04:00:00,8.3,100,0.0,0,0,0,0
1996-02-27 05:00:00,8.3,100,0.0,0,0,0,0
1996-02-27 06:00:00,8.3,100,0.0,0,0,0,0
1996-02-27 07:00:00,8.3,100,0.0,0,0,0,0
1996-02-27 08:00:00,9.4,89,0.0,0,28,0,28
1996-02-27 09:00:00,10.0,89,1.5,90,71,0,71
1996-02-27 10:00:00,10.0,92,2.5,170,124,0,124
1996-02-27 11:00:00,10.0,89,4.1,170,278,68,238
1996-02-27 12:00:00,13.8,80,4.1,190,617,659,186
1996-02-27 13:00:00,15.0,74,3.6,190,477,253,306
1996-02-27 14:00:00,16.6,65,5.1,200,603,693,158
1996-02-27 15:00:00,17.7,61,5.6,180,492,597,158
1996-02-27 16:00:00,18.3,56,5.1,190,351,512,128
1996-02-27 17:00:00,17.7,61,3.0,180,198,470,70
1996-02-27 18:00:00,15.5,64,2.5,160,41,135,28
1996-02-27 19:00:00,15.5,70,2.0,190,0,0,0
1996-02-27 20:00:00,15.0,80,1.5,210,0,0,0
1996-02-27 21:00:00,13.8,93,3.0,180,0,0,0
1996-02-27 22:00:00,13.8,93,2.0,210,0,0,0
1996-02-27 23:00:00,13.3,96,1.5,210,0,0,0
1996-02-28 00:00:00,13.3,96,1.5,200,0,0,0
1996-02-28 01:00:00,14.4,93,1.5,190,0,0,0
1996-02-28 02:00:00,13.8,97,1.5,200,0,0,0
1996-02-28 03:00:00,13.3,96,1.5,210,0,0,0
1996-02-28 04:00:00,14.4,87,3.0,240,0,0,0
1996-02-28 05:00:00,14.4,87,2.5,230,0,0,0
1996-02-28 06:00:00,12.7,97,0.0,0,0,0,0
1996-02-28 07:00:00,12.7,93,0.0,0,0,0,0
1996-02-28 08:00:00,13.3,96,2.0,250,30,0,30
1996-02-28 09:00:00,16.1,72,6.1,300,253,559,76
1996-02-28 10:00:00,15.5,64,6.6,300,411,676,93
1996-02-28 11:00:00,17.2,43,4.1,290,419,527,109
1996-02-28 12:00:00,17.2,31,7.7,280,533,569,158
1996-02-28 13:00:00,16.1,30,6.6,290,510,503,168
1996-02-28 14:00:00,17.2,26,6.6,280,443,277,263
1996-02-28 15:00:00,17.2,22,10.8,270,349,464,87
1996-02-28 16:00:00,17.7,22,6.6,290,311,299,180
1996-02-28 17:00:00,14.4,23,11.3,300,133,203,76
1996-02-28 18:00:00,10.0,37,9.2,310,51,166,35
1996-02-28 19:00:00,6.6,41,9.2,320,0,0,0
1996-02-28 20:00:00,5.5,42,10.2,320,0,0,0
1996-02-28 21:00:00,3.8,43,14.9,310,0,0,0
1996-02-28 22:00:00,2.4,40,12.8,320,0,0,0
1996-02-28 23:00:00,0.9,43,10.6,330,0,0,0
1996-02-29 00:00:00,-0.4,47,8.5,320,0,0,0
1996-03-01 01:00:00,-1.8,53,6.4,310,0,0,0
1996-03-01 02:00:00,-3.2,56,4.3,300,0,0,0
1996-03-01 03:00:00,-4.7,61,2.1,0,0,0,0
1996-03-01 04:00:00,-6.2,68,0.0,0,0,0,0
1996-03-01 05:00:00,-7.8,64,0.0,0,0,0,0
1996-03-01 06:00:00,-8.4,91,0.0,0,0,0,0
1996-03-01 07:00:00,-7.8,86,0.0,0,2,40,1
1996-03-01 08:00:00,-6.7,78,0.0,0,102,411,42
1996-03-01 09:00:00,-2.3,51,3.6,220,266,602,70
1996-03-01 10:00:00,0.0,38,3.0,210,375,444,161
1996-03-01 11:00:00,1.1,37,4.6,190,567,746,122
1996-03-01 12:00:00,2.7,33,2.5,160,682,815,137
1996-03-01 13:00:00,3.3,32,4.6,190,593,632,158
1996-03-01 14:00:00,4.4,31,3.0,190,256,0,256
1996-03-01 15:00:00,4.4,29,2.0,210,221,0,221
1996-03-01 16:00:00,4.4,32,4.1,190,168,0,168
1996-03-01 17:00:00,4.4,31,3.0,180,100,0,100
1996-03-01 18:00:00,3.3,39,2.0,160,22,0,22
1996-03-01 19:00:00,2.2,40,2.5,160,0,0,0
1996-03-01 20:00:00,1.1,50,2.0,160,0,0,0
1996-03-01 21:00:00,1.1,58,1.5,150,0,0,0
1996-03-01 22:00:00,1.1,58,1.5,140,0,0,0
1996-03-01 23:00:00,1.1,61,0.0,0,0,0,0
1996-03-02 00:00:00,1.1,63,3.6,160,0,0,0
1996-03-02 01:00:00,0.0,91,3.0,160,0,0,0
1996-03-02 02:00:00,0.0,95,2.5,180,0,0,0
1996-03-02 03:00:00,0.0,91,0.0,0,0,0,0
1996-03-02 04:00:00,-0.6,100,0.0,0,0,0,0
1996-03-02 05:00:00,-0.6,100,0.0,0,0,0,0
1996-03-02 06:00:00,0.0,100,0.0,0,0,0,0
1996-03-02 07:00:00,0.0,95,0.0,0,0,0,0
1996-03-02 08:00:00,0.0,100,0.0,0,28,0,28
1996-03-02 09:00:00,1.1,96,1.5,180,83,0,83
1996-03-02 10:00:00,1.6,85,3.0,200,126,0,126
1996-03-02 11:00:00,1.6,89,2.5,180,159,0,159
1996-03-02 12:00:00,2.2,81,3.0,170,178,0,178
1996-03-02 13:00:00,2.7,78,3.0,160,184,0,184
1996-03-02 14:00:00,3.3,79,3.0,170,209,0,209
1996-03-02 15:00:00,4.4,73,4.1,180,181,0,181
1996-03-02 16:00:00,4.4,73,1.5,180,280,61,252
1996-03-02 17:00:00,3.8,79,0.0,0,85,0,85
1996-03-02 18:00:00,2.7,85,2.0,150,26,0,26
1996-03-02 19:00:00,2.7,82,1.5,140,0,0,0
1996-03-02 20:00:00,1.6,85,2.0,160,0,0,0
1996-03-02 21:00:00,1.1,88,1.5,180,0,0,0
1996-03-02 22:00:00,-0.6,95,0.0,0,0,0,0
1996-03-02 23:00:00,-1.2,100,1.5,220,0,0,0
1996-03-03 00:00:00,-0.6,95,1.5,200,0,0,0
1996-03-03 01:00:00,0.0,87,7.2,310,0,0,0
1996-03-03 02:00:00,0.5,66,3.6,300,0,0,0
1996-03-03 03:00:00,0.0,59,0.0,0,0,0,0
1996-03-03 04:00:00,-0.6,63,0.8,330,0,0,0
1996-03-03 05:00:00,-0.6,69,1.5,300,0,0,0
1996-03-03 06:00:00,-0.6,66,7.7,310,0,0,0
1996-03-03 07:00:00,-1.2,60,7.7,300,2,6,2
1996-03-03 08:00:00,-0.6,36,9.2,300,102,392,42
1996-03-03 09:00:00,0.0,33,8.2,290,213,76,188
1996-03-03 10:00:00,0.0,33,11.8,290,448,629,139
1996-03-03 11:00:00,0.0,30,10.2,290,479,550,145
1996-03-03 12:00:00,-0.6,28,13.3,320,673,846,100
1996-03-03 13:00:00,-1.7,29,14.9,310,691,815,123
1996-03-03 14:00:00,-2.8,26,11.3,300,595,728,112
1996-03-03 15:00:00,-2.8,24,10.2,300,487,675,94
1996-03-03 16:00:00,-2.8,22,9.2,310,412,702,93
1996-03-03 17:00:00,-3.4,24,7.2,300,231,585,61
1996-03-03 18:00:00,-4.5,25,6.6,310,61,326,26
1996-03-03 19:00:00,-5.6,28,5.1,300,0,6,0
1996-03-03 20:00:00,-5.6,27,5.6,300,0,0,0
1996-03-03 21:00:00,-5.6,30,6.6,300,0,0,0
1996-03-03 22:00:00,-6.2,32,6.6,310,0,0,0
1996-03-03 23:00:00,-7.3,39,2.0,290,0,0,0
1996-03-04 00:00:00,-6.7,35,4.1,300,0,0,0
1996-03-04 01:00:00,-7.8,38,1.5,300,0,0,0
1996-03-04 02:00:00,-8.4,38,0.0,0,0,0,0
1996-03-04 03:00:00,-10.0,54,0.0,0,0,0,0
1996-03-04 04:00:00,-9.5,47,0.0,0,0,0,0
1996-03-04 05:00:00,-11.2,67,1.5,230,0,0,0
1996-03-04 06:00:00,-12.3,82,2.0,270,0,0,0
1996-03-04 07:00:00,-11.2,63,2.0,250,4,58,2
1996-03-04 08:00:00,-6.7,43,2.5,240,116,556,28
1996-03-04 09:00:00,-2.8,32,3.0,250,314,793,44
1996-03-04 10:00:00,0.5,25,4.6,280,512,919,56
1996-03-04 11:00:00,1.1,22,5.6,260,657,964,67
1996-03-04 12:00:00,2.2,21,5.1,240,739,977,72
1996-03-04 13:00:00,3.8,19,4.1,250,773,996,74
1996-03-04 14:00:00,5.5,18,5.1,300,730,984,71
1996-03-04 15:00:00,6.6,18,1.5,260,623,953,64
1996-03-04 16:00:00,7.2,17,3.6,260,462,892,53
1996-03-04 17:00:00,6.1,18,3.6,190,266,768,39
1996-03-04 18:00:00,3.8,24,2.5,170,71,457,22
1996-03-04 19:00:00,2.2,27,1.5,150,0,21,0
1996-03-04 20:00:00,1.1,31,0.0,0,0,0,0
1996-03-04 21:00:00,-0.6,33,0.0,0,0,0,0
1996-03-04 22:00:00,-0.6,36,0.0,0,0,0,0
1996-03-04 23:00:00,-0.6,38,2.0,200,0,0,0
1996-03-05 00:00:00,0.0,40,2.5,180,0,0,0
1996-03-05 01:00:00,0.5,41,3.6,180,0,0,0
1996-03-05 02:00:00,1.6,44,3.6,190,0,0,0
1996-03-05 03:00:00,2.7,44,3.6,190,0,0,0
1996-03-05 04:00:00,3.3,47,3.6,190,0,0,0
1996-03-05 05:00:00,3.8,48,4.1,190,0,0,0
1996-03-05 06:00:00,4.4,53,6.1,200,0,0,0
1996-03-05 07:00:00,5.0,55,4.1,200,4,42,2
1996-03-05 08:00:00,6.1,59,4.6,200,116,481,37
1996-03-05 09:00:00,7.2,62,6.1,210,174,193,107
1996-03-05 10:00:00,9.4,58,4.6,200,493,666,160
1996-03-05 11:00:00,10.0,58,4.6,200,643,927,71
1996-03-05 12:00:00,12.7,49,6.6,220,729,949,76
1996-03-05 13:00:00,13.3,51,6.1,220,752,953,78
1996-03-05 14:00:00,15.0,47,6.6,220,657,736,161
1996-03-05 15:00:00,15.5,50,4.1,230,544,696,133
1996-03-05 16:00:00,15.0,57,3.6,200,311,63,281
1996-03-05 17:00:00,13.8,64,4.1,210,81,0,81
1996-03-05 18:00:00,14.4,59,4.1,200,24,0,24
1996-03-05 19:00:00,15.0,60,2.5,250,0,0,0
1996-03-05 20:00:00,14.4,62,2.5,220,0,0,0
1996-03-05 21:00:00,13.3,69,1.5,210,0,0,0
1996-03-05 22:00:00,13.3,67,2.0,190,0,0,0
1996-03-05 23:00:00,13.3,67,2.0,200,0,0,0
1996-03-06 00:00:00,14.4,62,1.5,220,0,0,0
1996-03-06 01:00:00,14.4,62,2.5,210,0,0,0
1996-03-06 02:00:00,14.4,67,3.0,180,0,0,0
1996-03-06 03:00:00,14.4,69,4.6,200,0,0,0
1996-03-06 04:00:00,12.7,86,3.6,200,0,0,0
1996-03-06 05:00:00,12.2,89,0.0,0,0,0,0
1996-03-06 06:00:00,11.1,96,2.0,170,0,0,0
1996-03-06 07:00:00,11.1,96,0.0,0,2,0,2
1996-03-06 08:00:00,11.1,100,0.0,0,39,0,39
1996-03-06 09:00:00,11.6,97,0.0,0,97,0,97
1996-03-06 10:00:00,12.2,96,0.0,0,149,0,149
1996-03-06 11:00:00,13.8,97,2.5,180,616,814,109
1996-03-06 12:00:00,14.4,96,2.0,190,213,0,213
1996-03-06 13:00:00,14.4,96,3.0,200,219,0,219
1996-03-06 14:00:00,14.4,96,0.0,0,208,0,208
1996-03-06 15:00:00,14.4,96,0.0,0,180,0,180
1996-03-06 16:00:00,14.4,96,0.0,0,136,0,136
1996-03-06 17:00:00,13.8,97,0.0,0,81,0,81
1996-03-06 18:00:00,12.2,96,1.5,40,20,0,20
1996-03-06 19:00:00,10.0,92,4.1,10,0,0,0
1996-03-06 20:00:00,8.3,89,2.5,30,0,0,0
1996-03-06 21:00:00,7.2,93,3.0,30,0,0,0
1996-03-06 22:00:00,6.1,93,2.0,360,0,0,0
1996-03-06 23:00:00,6.1,93,4.1,50,0,0,0
1996-03-07 00:00:00,5.5,97,2.0,360,0,0,0
1996-03-07 01:00:00,5.0,100,0.0,0,0,0,0
1996-03-07 02:00:00,4.4,100,2.0,20,0,0,0
1996-03-07 03:00:00,4.4,100,0.0,0,0,0,0
1996-03-07 04:00:00,4.4,100,1.5,20,0,0,0
1996-03-07 05:00:00,4.4,100,1.5,360,0,0,0
1996-03-07 06:00:00,4.4,96,0.0,0,0,0,0
1996-03-07 07:00:00,4.4,100,3.6,80,2,0,2
1996-03-07 08:00:00,4.4,100,2.5,70,26,0,26
1996-03-07 09:00:00,3.8,100,2.0,90,57,0,57
1996-03-07 10:00:00,3.8,100,3.6,80,94,0,94
1996-03-07 11:00:00,3.8,93,3.0,60,177,0,177
1996-03-07 12:00:00,3.8,97,3.0,40,169,0,169
1996-03-07 13:00:00,3.8,100,2.0,50,175,0,175
1996-03-07 14:00:00,2.7,97,5.1,10,165,0,165
1996-03-07 15:00:00,2.7,92,4.1,20,139,0,139
1996-03-07 16:00:00,1.6,92,7.2,340,101,0,101
1996-03-07 17:00:00,0.0,87,4.1,350,66,0,66
1996-03-07 18:00:00,-0.6,83,7.7,340,28,0,28
1996-03-07 19:00:00,-1.7,72,6.1,350,0,0,0
1996-03-07 20:00:00,-1.7,72,6.6,350,0,0,0
1996-03-07 21:00:00,-1.7,72,6.6,350,0,0,0
1996-03-07 22:00:00,-2.8,62,9.2,340,0,0,0
1996-03-07 23:00:00,-3.4,65,10.2,340,0,0,0
1996-03-08 00:00:00,-5.0,90,5.1,320,0,0,0
1996-03-08 01:00:00,-5.6,83,8.2,340,0,0,0
1996-03-08 02:00:00,-5.6,78,6.6,330,0,0,0
1996-03-08 03:00:00,-6.2,83,6.6,320,0,0,0
1996-03-08 04:00:00,-6.2,87,6.6,310,0,0,0
1996-03-08 05:00:00,-7.3,82,7.2,310,0,0,0
1996-03-08 06:00:00,-7.3,75,6.1,310,0,0,0
1996-03-08 07:00:00,-7.8,71,10.2,320,3,0,3
1996-03-08 08:00:00,-7.8,64,12.3,320,35,0,35
1996-03-08 09:00:00,-7.3,61,8.2,310,89,0,89
1996-03-08 10:00:00,-6.7,55,8.2,310,381,446,150
1996-03-08 11:00:00,-6.7,50,12.3,310,601,594,225
1996-03-08 12:00:00,-5.6,45,11.3,300,643,636,196
1996-03-08 13:00:00,-5.0,48,9.7,320,709,740,175
1996-03-08 14:00:00,-5.0,41,10.2,310,669,661,214
1996-03-08 15:00:00,-5.0,46,10.2,310,230,53,198
1996-03-08 16:00:00,-5.0,41,6.6,310,127,0,127
1996-03-08 17:00:00,-5.6,45,7.2,310,180,33,170
1996-03-08 18:00:00,-6.7,37,6.6,300,40,20,37
1996-03-08 19:00:00,-6.7,45,9.7,300,0,0,0
1996-03-08 20:00:00,-7.3,50,8.7,310,0,0,0
1996-03-08 21:00:00,-7.8,64,8.2,310,0,0,0
1996-03-08 22:00:00,-7.8,47,6.6,300,0,0,0
1996-03-08 23:00:00,-8.4,49,7.7,320,0,0,0
1996-03-09 00:00:00,-8.9,47,7.2,310,0,0,0
1996-03-09 01:00:00,-8.9,49,4.1,310,0,0,0
1996-03-09 02:00:00,-9.5,54,3.0,310,0,0,0
1996-03-09 03:00:00,-9.5,54,1.5,270,0,0,0
1996-03-09 04:00:00,-8.9,55,5.1,300,0,0,0
1996-03-09 05:00:00,-9.5,58,2.5,290,0,0,0
1996-03-09 06:00:00,-10.0,54,4.6,280,0,0,0
1996-03-09 07:00:00,-8.9,49,6.6,300,6,41,5
1996-03-09 08:00:00,-8.4,47,4.6,300,136,431,56
1996-03-09 09:00:00,-7.3,47,5.6,300,309,581,96
1996-03-09 10:00:00,-6.2,46,5.6,290,496,759,100
1996-03-09 11:00:00,-5.5,44,5.6,300,366,185,247
1996-03-09 12:00:00,-5.0,43,5.6,310,214,0,214
1996-03-09 13:00:00,-4.5,39,5.6,300,220,0,220
1996-03-09 14:00:00,-3.9,43,7.2,320,535,202,395
1996-03-09 15:00:00,-2.3,38,6.6,310,352,149,261
1996-03-09 16:00:00,-3.4,40,5.6,320,404,624,105
1996-03-09 17:00:00,-3.4,42,6.6,320,214,468,67
1996-03-09 18:00:00,-4.5,44,5.6,320,70,289,33
1996-03-09 19:00:00,-5.6,48,3.0,350,0,11,0
1996-03-09 20:00:00,-6.2,48,2.0,350,0,0,0
1996-03-09 21:00:00,-6.7,53,0.0,0,0,0,0
1996-03-09 22:00:00,-7.8,52,2.0,340,0,0,0
1996-03-09 23:00:00,-7.3,53,2.0,350,0,0,0
1996-03-10 00:00:00,-7.8,52,2.0,360,0,0,0
1996-03-10 01:00:00,-9.5,64,0.0,0,0,0,0
1996-03-10 02:00:00,-8.9,64,0.0,0,0,0,0
1996-03-10 03:00:00,-11.2,74,0.0,0,0,0,0
1996-03-10 04:00:00,-11.2,87,0.0,0,0,0,0
1996-03-10 05:00:00,-11.7,82,0.0,0,0,0,0
1996-03-10 06:00:00,-12.8,77,0.0,0,0,0,0
1996-03-10 07:00:00,-11.7,82,0.0,0,10,95,5
1996-03-10 08:00:00,-7.3,64,1.5,350,87,110,66
1996-03-10 09:00:00,-3.9,59,3.6,350,319,536,120
1996-03-10 10:00:00,-1.7,38,0.0,0,154,0,154
1996-03-10 11:00:00,-0.6,36,1.5,80,194,0,194
1996-03-10 12:00:00,0.0,35,1.5,70,218,0,218
1996-03-10 13:00:00,1.1,34,1.5,300,224,0,224
1996-03-10 14:00:00,1.6,33,1.5,330,212,0,212
1996-03-10 15:00:00,2.2,30,1.5,190,183,0,183
1996-03-10 16:00:00,2.7,31,2.5,150,139,0,139
1996-03-10 17:00:00,1.6,29,1.5,80,83,0,83
1996-03-10 18:00:00,0.0,31,0.0,0,86,440,29
1996-03-10 19:00:00,-1.2,42,0.0,0,0,23,0
1996-03-10 20:00:00,-1.7,44,0.0,0,0,0,0
1996-03-10 21:00:00,-3.9,62,1.5,100,0,0,0
1996-03-10 22:00:00,-3.9,68,0.0,0,0,0,0
1996-03-10 23:00:00,-5.6,59,0.0,0,0,0,0
1996-03-11 00:00:00,-6.2,79,0.0,0,0,0,0
1996-03-11 01:00:00,-6.7,78,0.0,0,0,0,0
1996-03-11 02:00:00,-7.8,91,0.0,0,0,0,0
1996-03-11 03:00:00,-8.9,82,0.0,0,0,0,0
1996-03-11 04:00:00,-9.5,96,0.0,0,0,0,0
1996-03-11 05:00:00,-8.9,100,0.0,0,0,0,0
1996-03-11 06:00:00,-9.5,91,0.0,0,0,0,0
1996-03-11 07:00:00,-8.9,86,0.0,0,13,154,5
1996-03-11 08:00:00,-5.6,75,1.5,10,153,631,30
1996-03-11 09:00:00,-1.7,59,1.5,30,363,827,51
1996-03-11 10:00:00,1.1,41,1.5,350,557,931,62
1996-03-11 11:00:00,2.7,40,2.5,70,670,912,79
1996-03-11 12:00:00,4.3,37,2.3,70,785,984,79
1996-03-11 13:00:00,5.2,36,2.0,70,804,974,88
1996-03-11 14:00:00,6.1,33,1.8,60,760,975,77
1996-03-11 15:00:00,7.2,31,1.5,60,661,957,72
1996-03-11 16:00:00,7.7,34,2.0,50,493,888,61
1996-03-11 17:00:00,7.2,34,1.5,10,278,726,45
1996-03-11 18:00:00,5.0,38,2.0,10,94,513,25
1996-03-11 19:00:00,3.8,41,2.0,10,1,53,0
1996-03-11 20:00:00,2.7,43,3.0,10,0,0,0
1996-03-11 21:00:00,1.6,48,1.5,10,0,0,0
1996-03-11 22:00:00,-0.6,54,0.0,0,0,0,0
1996-03-11 23:00:00,0.0,52,1.5,20,0,0,0
1996-03-12 00:00:00,-2.8,68,1.5,340,0,0,0
1996-03-12 01:00:00,-3.4,69,2.0,340,0,0,0
1996-03-12 02:00:00,-2.8,59,1.5,340,0,0,0
1996-03-12 03:00:00,-3.4,69,0.0,0,0,0,0
1996-03-12 04:00:00,-3.4,72,2.0,340,0,0,0
1996-03-12 05:00:00,-5.6,75,2.0,350,0,0,0
1996-03-12 06:00:00,-5.6,78,1.5,360,0,0,0
1996-03-12 07:00:00,-2.8,72,3.0,340,10,53,7
1996-03-12 08:00:00,0.0,59,2.0,340,141,462,49
1996-03-12 09:00:00,3.8,43,4.1,330,346,706,76
1996-03-12 10:00:00,5.5,40,3.6,340,538,820,98
1996-03-12 11:00:00,8.8,25,4.1,40,687,878,113
1996-03-12 12:00:00,10.0,21,3.6,30,775,905,122
1996-03-12 13:00:00,10.5,27,2.5,330,798,911,124
1996-03-12 14:00:00,12.7,22,2.3,350,752,897,120
1996-03-12 15:00:00,12.7,21,2.0,10,642,860,109
1996-03-12 16:00:00,12.7,21,3.0,340,477,787,92
1996-03-12 17:00:00,12.7,20,3.6,350,276,642,67
1996-03-12 18:00:00,10.5,25,2.0,340,82,322,38
1996-03-12 19:00:00,7.2,27,1.5,330,0,8,0
1996-03-12 20:00:00,7.7,27,1.5,20,0,0,0
1996-03-12 21:00:00,6.1,32,0.0,0,0,0,0
1996-03-12 22:00:00,0.0,66,0.0,0,0,0,0
1996-03-12 23:00:00,-1.2,57,0.0,0,0,0,0
1996-03-13 00:00:00,-1.7,65,0.0,0,0,0,0
1996-03-13 01:00:00,-2.8,72,2.0,270,0,0,0
1996-03-13 02:00:00,-1.7,59,0.0,0,0,0,0
1996-03-13 03:00:00,-2.8,68,0.0,0,0,0,0
1996-03-13 04:00:00,-3.9,75,0.0,0,0,0,0
1996-03-13 05:00:00,-4.5,71,1.5,280,0,0,0
1996-03-13 06:00:00,-3.9,71,0.0,0,0,0,0
1996-03-13 07:00:00,-2.8,75,0.0,0,16,84,12
1996-03-13 08:00:00,0.5,70,0.0,0,154,491,53
1996-03-13 09:00:00,7.2,41,0.0,0,250,345,116
1996-03-13 10:00:00,10.5,30,0.0,0,559,915,62
1996-03-13 11:00:00,12.2,23,0.0,0,669,908,72
1996-03-13 12:00:00,13.8,23,2.0,310,723,892,74
1996-03-13 13:00:00,15.0,20,0.0,0,766,928,76
1996-03-13 14:00:00,15.5,19,2.0,20,763,972,73
1996-03-13 15:00:00,16.6,16,0.0,0,610,866,70
1996-03-13 16:00:00,16.6,16,0.0,0,487,747,117
1996-03-13 17:00:00,15.5,16,0.0,0,246,533,71
1996-03-13 18:00:00,14.4,20,1.5,90,87,413,29
1996-03-13 19:00:00,10.5,25,0.0,0,1,37,0
1996-03-13 20:00:00,7.7,38,0.0,0,0,0,0
1996-03-13 21:00:00,3.8,43,0.0,0,0,0,0
1996-03-13 22:00:00,3.8,57,0.0,0,0,0,0
1996-03-13 23:00:00,5.0,46,0.0,0,0,0,0
1996-03-14 00:00:00,3.8,57,0.0,0,0,0,0
1996-03-14 01:00:00,3.3,59,0.0,0,0,0,0
1996-03-14 02:00:00,3.3,59,1.5,160,0,0,0
1996-03-14 03:00:00,1.6,74,0.0,0,0,0,0
1996-03-14 04:00:00,1.1,67,0.0,0,0,0,0
1996-03-14 05:00:00,1.6,74,0.0,0,0,0,0
1996-03-14 06:00:00,2.7,68,0.0,0,0,0,0
1996-03-14 07:00:00,3.3,63,0.0,0,8,16,7
1996-03-14 08:00:00,3.8,66,0.0,0,153,67,138
1996-03-14 09:00:00,10.0,37,0.0,0,341,661,81
1996-03-14 10:00:00,15.5,31,0.0,0,305,102,249
1996-03-14 11:00:00,16.6,28,0.0,0,609,607,206
1996-03-14 12:00:00,20.5,27,4.6,310,760,835,149
1996-03-14 13:00:00,20.0,29,1.5,280,292,0,292
1996-03-14 14:00:00,21.1,29,3.6,240,724,804,150
1996-03-14 15:00:00,21.6,27,2.5,250,194,0,194
1996-03-14 16:00:00,21.1,29,2.5,250,253,69,219
1996-03-14 17:00:00,20.0,32,0.0,0,95,0,95
1996-03-14 18:00:00,18.3,35,1.5,170,80,341,31
1996-03-14 19:00:00,14.4,49,0.0,0,1,4,1
1996-03-14 20:00:00,15.0,47,1.5,200,0,0,0
1996-03-14 21:00:00,14.4,51,2.0,210,0,0,0
1996-03-14 22:00:00,13.8,53,1.5,210,0,0,0
1996-03-14 23:00:00,12.2,61,2.0,230,0,0,0
1996-03-15 00:00:00,9.4,71,1.5,210,0,0,0
1996-03-15 01:00:00,7.7,83,0.0,0,0,0,0
1996-03-15 02:00:00,10.5,71,2.0,240,0,0,0
1996-03-15 03:00:00,10.0,79,0.0,0,0,0,0
1996-03-15 04:00:00,10.5,80,2.0,250,0,0,0
1996-03-15 05:00:00,12.2,89,3.0,260,0,0,0
1996-03-15 06:00:00,11.1,100,1.5,210,0,0,0
1996-03-15 07:00:00,11.1,100,6.1,330,7,0,7
1996-03-15 08:00:00,12.2,96,4.1,320,46,0,46
1996-03-15 09:00:00,13.8,90,1.5,220,272,425,103
1996-03-15 10:00:00,14.4,87,3.0,210,498,689,117
1996-03-15 11:00:00,17.7,70,3.0,240,197,0,197
1996-03-15 12:00:00,17.7,67,2.5,240,482,147,373
1996-03-15 13:00:00,15.0,86,1.5,220,226,0,226
1996-03-15 14:00:00,14.4,93,0.0,0,214,0,214
1996-03-15 15:00:00,14.4,93,1.5,240,592,692,155
1996-03-15 16:00:00,15.7,82,2.0,260,431,609,126
1996-03-15 17:00:00,16.6,75,2.5,280,279,608,75
1996-03-15 18:00:00,15.5,81,2.0,290,74,104,59
1996-03-15 19:00:00,13.8,87,4.6,320,0,0,0
1996-03-15 20:00:00,12.7,72,2.5,20,0,0,0
1996-03-15 21:00:00,11.6,66,3.0,360,0,0,0
1996-03-15 22:00:00,9.4,77,2.5,320,0,0,0
1996-03-15 23:00:00,10.0,71,3.0,320,0,0,0
1996-03-16 00:00:00,7.7,60,4.6,350,0,0,0
1996-03-16 01:00:00,7.2,57,3.6,360,0,0,0
1996-03-16 02:00:00,4.4,70,2.5,320,0,0,0
1996-03-16 03:00:00,3.8,66,2.5,310,0,0,0
1996-03-16 04:00:00,3.8,63,2.0,310,0,0,0
1996-03-16 05:00:00,2.7,68,0.0,0,0,0,0
1996-03-16 06:00:00,2.2,71,2.5,330,0,0,0
1996-03-16 07:00:00,3.3,63,3.6,330,11,24,10
1996-03-16 08:00:00,5.0,58,6.1,330,139,321,68
1996-03-16 09:00:00,6.6,52,3.6,320,311,508,106
1996-03-16 10:00:00,7.7,51,5.6,320,461,558,149
1996-03-16 11:00:00,8.8,47,5.6,300,402,223,252
1996-03-16 12:00:00,10.5,38,5.1,340,500,258,308
1996-03-16 13:00:00,11.1,37,2.0,320,363,277,153
1996-03-16 14:00:00,12.2,36,1.5,340,343,162,226
1996-03-16 15:00:00,12.7,31,1.5,330,529,526,194
1996-03-16 16:00:00,13.3,27,3.6,320,391,563,107
1996-03-16 17:00:00,12.2,31,2.0,60,244,439,95
1996-03-16 18:00:00,10.0,34,3.6,60,80,114,63
1996-03-16 19:00:00,8.8,43,0.0,0,2,4,2
1996-03-16 20:00:00,7.2,50,0.0,0,0,0,0
1996-03-16 21:00:00,7.2,52,2.5,90,0,0,0
1996-03-16 22:00:00,6.6,45,2.0,80,0,0,0
1996-03-16 23:00:00,6.1,54,0.0,0,0,0,0
1996-03-17 00:00:00,5.0,76,2.0,180,0,0,0
1996-03-17 01:00:00,4.4,82,0.0,0,0,0,0
1996-03-17 02:00:00,3.8,86,1.5,230,0,0,0
1996-03-17 03:00:00,3.8,89,1.5,240,0,0,0
1996-03-17 04:00:00,2.7,89,2.0,100,0,0,0
1996-03-17 05:00:00,1.6,92,0.0,0,0,0,0
1996-03-17 06:00:00,1.6,96,0.0,0,0,0,0
1996-03-17 07:00:00,2.2,96,0.0,0,6,0,6
1996-03-17 08:00:00,2.2,92,1.5,80,39,0,39
1996-03-17 09:00:00,2.2,92,1.5,60,97,0,97
1996-03-17 10:00:00,2.7,92,0.0,0,141,0,141
1996-03-17 11:00:00,2.2,96,2.0,70,173,0,173
1996-03-17 12:00:00,3.3,96,2.5,60,192,0,192
1996-03-17 13:00:00,4.4,82,1.5,50,197,0,197
1996-03-17 14:00:00,5.0,89,1.5,80,223,0,223
1996-03-17 15:00:00,5.5,76,1.5,50,194,0,194
1996-03-17 16:00:00,5.5,79,0.0,0,150,0,150
1996-03-17 17:00:00,5.0,82,1.5,360,94,0,94
1996-03-17 18:00:00,5.0,76,0.0,0,35,0,35
1996-03-17 19:00:00,5.0,79,0.0,0,1,0,1
1996-03-17 20:00:00,4.4,82,0.0,0,0,0,0
1996-03-17 21:00:00,4.4,86,0.0,0,0,0,0
1996-03-17 22:00:00,4.4,89,0.0,0,0,0,0
1996-03-17 23:00:00,5.0,85,0.0,0,0,0,0
1996-03-18 00:00:00,5.0,89,0.0,0,0,0,0
1996-03-18 01:00:00,4.4,82,0.0,0,0,0,0
1996-03-18 02:00:00,4.4,86,0.0,0,0,0,0
1996-03-18 03:00:00,4.4,86,0.0,0,0,0,0
1996-03-18 04:00:00,4.4,86,0.0,0,0,0,0
1996-03-18 05:00:00,4.4,86,0.0,0,0,0,0
1996-03-18 06:00:00,4.4,89,0.0,0,0,0,0
1996-03-18 07:00:00,5.0,82,0.0,0,10,0,10
1996-03-18 08:00:00,5.0,79,0.0,0,46,0,46
1996-03-18 09:00:00,7.7,76,1.5,300,102,0,102
1996-03-18 10:00:00,9.4,74,0.0,0,156,0,156
1996-03-18 11:00:00,11.6,66,2.0,60,439,83,382
1996-03-18 12:00:00,13.8,62,0.0,0,767,688,251
1996-03-18 13:00:00,13.3,59,2.0,180,226,0,226
1996-03-18 14:00:00,13.8,57,0.0,0,213,0,213
1996-03-18 15:00:00,15.0,51,2.0,160,252,102,186
1996-03-18 16:00:00,13.8,55,1.5,150,136,0,136
1996-03-18 17:00:00,12.7,59,1.5,170,171,97,137
1996-03-18 18:00:00,12.2,59,1.5,170,92,170,65
1996-03-18 19:00:00,10.5,69,0.0,0,2,6,1
1996-03-18 20:00:00,9.4,74,0.0,0,0,0,0
1996-03-18 21:00:00,7.2,86,0.0,0,0,0,0
1996-03-18 22:00:00,6.6,93,0.0,0,0,0,0
1996-03-18 23:00:00,6.1,89,0.0,0,0,0,0
1996-03-19 00:00:00,4.4,93,0.0,0,0,0,0
1996-03-19 01:00:00,4.4,96,0.0,0,0,0,0
1996-03-19 02:00:00,2.2,96,1.5,350,0,0,0
1996-03-19 03:00:00,4.4,93,1.5,10,0,0,0
1996-03-19 04:00:00,5.0,89,2.0,20,0,0,0
1996-03-19 05:00:00,4.4,89,0.0,0,0,0,0
1996-03-19 06:00:00,4.4,89,0.0,0,0,0,0
1996-03-19 07:00:00,5.0,92,1.5,50,9,0,9
1996-03-19 08:00:00,6.1,93,2.0,70,63,0,63
1996-03-19 09:00:00,7.2,86,4.6,80,123,0,123
1996-03-19 10:00:00,7.2,82,5.1,100,174,0,174
1996-03-19 11:00:00,7.7,90,5.1,90,178,0,178
1996-03-19 12:00:00,8.8,86,7.2,80,197,0,197
1996-03-19 13:00:00,8.8,90,6.1,80,240,0,240
1996-03-19 14:00:00,8.8,97,8.2,80,191,0,191
1996-03-19 15:00:00,9.4,100,5.6,100,167,0,167
1996-03-19 16:00:00,9.4,100,3.6,100,130,0,130
1996-03-19 17:00:00,10.0,96,4.1,120,100,0,100
1996-03-19 18:00:00,10.0,100,0.0,0,39,0,39
1996-03-19 19:00:00,10.0,96,5.6,190,1,0,1
1996-03-19 20:00:00,8.8,86,4.6,200,0,0,0
1996-03-19 21:00:00,8.3,80,6.6,190,0,0,0
1996-03-19 22:00:00,6.1,79,5.6,200,0,0,0
1996-03-19 23:00:00,5.5,82,5.6,230,0,0,0
1996-03-20 00:00:00,5.0,79,5.1,220,0,0,0
1996-03-20 01:00:00,5.0,76,4.1,210,0,0,0
1996-03-20 02:00:00,4.4,76,4.6,200,0,0,0
1996-03-20 03:00:00,5.0,67,3.6,200,0,0,0
1996-03-20 04:00:00,4.4,70,5.6,230,0,0,0
1996-03-20 05:00:00,4.4,70,4.6,220,0,0,0
1996-03-20 06:00:00,3.3,79,5.1,210,0,0,0
1996-03-20 07:00:00,2.2,92,3.6,210,13,0,13
1996-03-20 08:00:00,2.2,92,4.6,210,42,0,42
1996-03-20 09:00:00,1.6,100,4.1,210,85,0,85
1996-03-20 10:00:00,2.7,97,4.1,200,130,0,130
1996-03-20 11:00:00,3.8,89,4.1,210,165,0,165
1996-03-20 12:00:00,5.5,76,3.6,210,221,0,221
1996-03-20 13:00:00,5.5,70,4.1,210,227,0,227
1996-03-20 14:00:00,6.1,65,4.1,230,213,0,213
1996-03-20 15:00:00,6.6,63,3.0,230,299,40,273
1996-03-20 16:00:00,6.6,54,4.6,250,135,0,135
1996-03-20 17:00:00,6.6,54,3.6,240,79,0,79
1996-03-20 18:00:00,6.1,54,3.0,260,38,0,38
1996-03-20 19:00:00,5.5,56,0.0,0,1,0,1
1996-03-20 20:00:00,5.0,61,2.5,260,0,0,0
1996-03-20 21:00:00,5.0,58,2.5,240,0,0,0
1996-03-20 22:00:00,4.4,66,2.5,270,0,0,0
1996-03-20 23:00:00,2.7,85,0.0,0,0,0,0
1996-03-21 00:00:00,2.7,85,2.5,250,0,0,0
1996-03-21 01:00:00,1.6,96,0.0,0,0,0,0
1996-03-21 02:00:00,1.6,92,3.6,230,0,0,0
1996-03-21 03:00:00,1.1,92,3.6,250,0,0,0
1996-03-21 04:00:00,1.1,92,2.0,260,0,0,0
1996-03-21 05:00:00,1.1,88,4.6,280,0,0,0
1996-03-21 06:00:00,1.1,88,3.6,290,0,0,0
1996-03-21 07:00:00,1.6,81,5.6,290,11,0,11
1996-03-21 08:00:00,3.3,69,6.1,290,66,0,66
1996-03-21 09:00:00,5.0,58,8.7,300,126,0,126
1996-03-21 10:00:00,5.5,56,8.7,300,177,0,177
1996-03-21 11:00:00,5.5,56,8.7,300,195,56,156
1996-03-21 12:00:00,7.7,51,6.1,300,363,142,254
1996-03-21 13:00:00,8.3,51,7.2,310,347,78,286
1996-03-21 14:00:00,7.7,51,10.8,330,458,61,412
1996-03-21 15:00:00,7.7,46,8.7,310,220,47,189
1996-03-21 16:00:00,7.7,46,6.6,300,375,75,335
1996-03-21 17:00:00,4.4,50,4.6,290,102,0,102
1996-03-21 18:00:00,3.8,48,7.2,300,41,0,41
1996-03-21 19:00:00,3.3,52,7.2,300,2,0,2
1996-03-21 20:00:00,2.2,51,6.1,290,0,0,0
1996-03-21 21:00:00,1.6,59,4.1,310,0,0,0
1996-03-21 22:00:00,1.1,63,4.6,300,0,0,0
1996-03-21 23:00:00,0.0,69,2.5,290,0,0,0
1996-03-22 00:00:00,-0.6,62,4.1,310,0,0,0
1996-03-22 01:00:00,-0.6,60,4.1,310,0,0,0
1996-03-22 02:00:00,-1.7,65,3.0,300,0,0,0
1996-03-22 03:00:00,-1.2,65,3.0,300,0,0,0
1996-03-22 04:00:00,-1.2,60,2.5,280,0,0,0
1996-03-22 05:00:00,-1.2,65,4.1,310,0,0,0
1996-03-22 06:00:00,-1.2,65,3.0,300,0,0,0
1996-03-22 07:00:00,0.5,66,4.1,310,22,15,21
1996-03-22 08:00:00,1.6,59,6.1,300,201,568,57
1996-03-22 09:00:00,2.2,51,8.7,300,370,605,107
1996-03-22 10:00:00,3.3,47,6.1,300,173,0,173
1996-03-22 11:00:00,4.4,43,4.6,290,212,0,212
1996-03-22 12:00:00,3.8,55,5.6,290,234,0,234
1996-03-22 13:00:00,6.1,41,6.1,280,240,0,240
1996-03-22 14:00:00,5.0,42,7.2,300,227,0,227
1996-03-22 15:00:00,4.4,38,6.6,280,197,0,197
1996-03-22 16:00:00,3.8,41,5.6,270,152,0,152
1996-03-22 17:00:00,3.3,45,5.1,290,96,0,96
1996-03-22 18:00:00,2.7,43,4.1,290,37,0,37
1996-03-22 19:00:00,1.6,51,5.1,290,5,3,5
1996-03-22 20:00:00,1.6,46,7.7,300,0,0,0
1996-03-22 21:00:00,1.1,50,5.1,290,0,0,0
1996-03-22 22:00:00,0.5,55,8.2,300,0,0,0
1996-03-22 23:00:00,0.5,52,6.6,290,0,0,0
1996-03-23 00:00:00,0.0,54,1.5,290,0,0,0
1996-03-23 01:00:00,0.0,57,4.6,300,0,0,0
1996-03-23 02:00:00,0.0,52,3.6,270,0,0,0
1996-03-23 03:00:00,0.5,55,2.5,260,0,0,0
1996-03-23 04:00:00,0.0,57,3.0,270,0,0,0
1996-03-23 05:00:00,0.5,55,5.1,310,0,0,0
1996-03-23 06:00:00,0.5,57,5.6,300,0,0,0
1996-03-23 07:00:00,1.6,53,5.6,300,37,200,21
1996-03-23 08:00:00,2.2,48,6.6,300,222,636,58
1996-03-23 09:00:00,2.2,44,8.2,300,368,653,80
1996-03-23 10:00:00,2.2,38,8.2,300,573,731,140
1996-03-23 11:00:00,5.0,38,7.2,290,546,570,143
1996-03-23 12:00:00,7.7,33,4.6,290,699,726,138
1996-03-23 13:00:00,8.3,30,8.2,310,842,847,174
1996-03-23 14:00:00,10.0,28,9.2,310,712,724,169
1996-03-23 15:00:00,10.0,27,6.6,310,657,739,167
1996-03-23 16:00:00,10.0,23,5.1,300,451,645,108
1996-03-23 17:00:00,8.8,23,8.7,300,287,568,80
1996-03-23 18:00:00,8.3,21,7.7,290,114,387,47
1996-03-23 19:00:00,6.6,27,5.6,300,5,53,3
1996-03-23 20:00:00,6.1,26,5.1,300,0,0,0
1996-03-23 21:00:00,5.5,29,3.6,310,0,0,0
1996-03-23 22:00:00,5.0,30,2.0,320,0,0,0
1996-03-23 23:00:00,5.5,32,3.6,320,0,0,0
1996-03-24 00:00:00,4.4,31,0.0,0,0,0,0
1996-03-24 01:00:00,3.3,32,3.6,280,0,0,0
1996-03-24 02:00:00,2.7,37,0.0,0,0,0,0
1996-03-24 03:00:00,-1.2,57,3.0,280,0,0,0
1996-03-24 04:00:00,0.0,52,4.1,310,0,0,0
1996-03-24 05:00:00,0.5,47,0.0,0,0,0,0
1996-03-24 06:00:00,-0.6,47,0.0,0,0,0,0
1996-03-24 07:00:00,0.0,49,0.0,0,35,128,25
1996-03-24 08:00:00,4.4,34,1.5,360,213,548,69
1996-03-24 09:00:00,8.3,26,3.6,350,275,393,100
1996-03-24 10:00:00,8.3,21,3.6,360,541,668,142
1996-03-24 11:00:00,9.4,21,2.0,350,702,803,131
1996-03-24 12:00:00,11.1,19,2.0,300,255,43,221
1996-03-24 13:00:00,12.2,18,2.0,250,353,88,283
1996-03-24 14:00:00,13.3,17,2.0,190,295,106,214
1996-03-24 15:00:00,15.0,14,2.5,250,499,114,422
1996-03-24 16:00:00,15.0,15,3.6,200,397,399,184
1996-03-24 17:00:00,15.5,17,3.6,180,195,158,137
1996-03-24 18:00:00,12.7,21,2.0,160,59,70,47
1996-03-24 19:00:00,11.6,23,2.5,150,3,4,3
1996-03-24 20:00:00,9.4,25,2.5,140,0,0,0
1996-03-24 21:00:00,9.4,28,2.0,160,0,0,0
1996-03-24 22:00:00,8.3,30,2.0,160,0,0,0
1996-03-24 23:00:00,6.1,37,0.0,0,0,0,0
1996-03-25 00:00:00,5.5,38,0.0,0,0,0,0
1996-03-25 01:00:00,3.8,41,1.5,120,0,0,0
1996-03-25 02:00:00,2.2,56,0.0,0,0,0,0
1996-03-25 03:00:00,3.3,54,1.5,150,0,0,0
1996-03-25 04:00:00,3.8,55,2.0,140,0,0,0
1996-03-25 05:00:00,3.8,55,2.5,170,0,0,0
1996-03-25 06:00:00,3.8,52,2.0,190,0,0,0
1996-03-25 07:00:00,5.0,53,2.5,190,23,46,19
1996-03-25 08:00:00,8.3,48,4.1,190,188,299,108
1996-03-25 09:00:00,12.7,47,5.1,200,333,297,200
1996-03-25 10:00:00,16.6,50,9.2,210,503,476,217
1996-03-25 11:00:00,18.3,45,10.8,210,626,463,295
1996-03-25 12:00:00,18.8,47,8.7,220,701,514,300
1996-03-25 13:00:00,20.5,44,8.7,210,605,495,210
1996-03-25 14:00:00,20.5,44,10.2,200,714,637,231
1996-03-25 15:00:00,19.4,49,7.7,210,569,563,192
1996-03-25 16:00:00,19.4,50,8.2,210,288,90,240
1996-03-25 17:00:00,18.8,54,7.2,220,185,49,166
1996-03-25 18:00:00,18.3,56,8.2,210,57,17,54
1996-03-25 19:00:00,17.7,61,5.1,200,7,31,6
1996-03-25 20:00:00,17.2,63,4.6,220,0,0,0
1996-03-25 21:00:00,16.6,70,6.1,220,0,0,0
1996-03-25 22:00:00,16.1,72,5.1,210,0,0,0
1996-03-25 23:00:00,15.5,75,3.6,210,0,0,0
1996-03-26 00:00:00,14.4,81,2.5,300,0,0,0
1996-03-26 01:00:00,13.8,69,6.1,300,0,0,0
1996-03-26 02:00:00,11.1,54,7.2,310,0,0,0
1996-03-26 03:00:00,11.1,52,6.1,320,0,0,0
1996-03-26 04:00:00,10.0,45,6.6,320,0,0,0
1996-03-26 05:00:00,9.4,43,5.1,330,0,0,0
1996-03-26 06:00:00,7.7,44,4.6,340,0,0,0
1996-03-26 07:00:00,7.2,43,4.1,330,39,194,22
1996-03-26 08:00:00,7.2,41,7.7,340,212,580,53
1996-03-26 09:00:00,8.3,38,6.1,340,419,748,78
1996-03-26 10:00:00,8.8,41,7.2,330,285,137,202
1996-03-26 11:00:00,10.5,40,6.1,310,226,15,215
1996-03-26 12:00:00,12.2,37,6.1,330,702,520,293
1996-03-26 13:00:00,11.6,31,5.1,330,761,801,120
1996-03-26 14:00:00,12.2,34,4.6,310,767,857,114
1996-03-26 15:00:00,12.7,30,5.1,320,659,824,104
1996-03-26 16:00:00,12.2,28,4.6,320,502,760,91
1996-03-26 17:00:00,12.7,26,3.6,320,307,610,79
1996-03-26 18:00:00,11.1,30,2.5,340,113,378,44
1996-03-26 19:00:00,8.8,29,5.1,310,6,36,4
1996-03-26 20:00:00,8.3,26,4.6,300,0,0,0
1996-03-26 21:00:00,7.2,27,4.1,310,0,0,0
1996-03-26 22:00:00,6.1,24,4.6,310,0,0,0
1996-03-26 23:00:00,5.5,27,2.0,350,0,0,0
1996-03-27 00:00:00,5.0,26,8.2,330,0,0,0
1996-03-27 01:00:00,3.8,28,5.6,340,0,0,0
1996-03-27 02:00:00,2.7,30,2.5,350,0,0,0
1996-03-27 03:00:00,2.2,30,3.6,10,0,0,0
1996-03-27 04:00:00,1.1,29,5.6,330,0,0,0
1996-03-27 05:00:00,0.5,35,4.1,10,0,0,0
1996-03-27 06:00:00,-0.6,38,1.5,50,0,0,0
1996-03-27 07:00:00,1.1,39,4.6,20,26,41,23
1996-03-27 08:00:00,1.1,41,4.1,360,139,228,75
1996-03-27 09:00:00,2.7,33,5.6,10,328,281,198
1996-03-27 10:00:00,3.8,29,3.6,40,468,375,238
1996-03-27 11:00:00,5.0,31,2.5,350,151,0,151
1996-03-27 12:00:00,6.6,28,3.0,10,167,0,167
1996-03-27 13:00:00,7.2,27,2.0,100,170,0,170
1996-03-27 14:00:00,7.7,22,2.0,320,161,0,161
1996-03-27 15:00:00,8.3,24,1.5,340,139,0,139
1996-03-27 16:00:00,8.3,23,0.0,0,107,0,107
1996-03-27 17:00:00,7.7,25,0.0,0,121,0,121
1996-03-27 18:00:00,7.2,26,0.0,0,120,123,97
1996-03-27 19:00:00,5.5,27,0.0,0,5,15,4
1996-03-27 20:00:00,4.4,31,2.0,60,0,0,0
1996-03-27 21:00:00,2.7,37,1.5,100,0,0,0
1996-03-27 22:00:00,2.7,43,0.0,0,0,0,0
1996-03-27 23:00:00,2.7,43,0.0,0,0,0,0
1996-03-28 00:00:00,0.0,59,0.0,0,0,0,0
1996-03-28 01:00:00,1.1,55,0.0,0,0,0,0
1996-03-28 02:00:00,1.6,59,0.0,0,0,0,0
1996-03-28 03:00:00,2.2,56,0.0,0,0,0,0
1996-03-28 04:00:00,2.2,56,0.0,0,0,0,0
1996-03-28 05:00:00,1.6,77,1.5,50,0,0,0
1996-03-28 06:00:00,1.1,88,0.0,0,0,0,0
1996-03-28 07:00:00,1.6,92,0.0,0,17,0,17
1996-03-28 08:00:00,2.2,92,2.0,100,70,0,70
1996-03-28 09:00:00,1.1,88,3.0,140,130,0,130
1996-03-28 10:00:00,0.5,87,3.6,120,182,0,182
1996-03-28 11:00:00,0.5,96,1.5,90,184,0,184
1996-03-28 12:00:00,0.5,96,3.0,80,242,0,242
1996-03-28 13:00:00,1.1,92,2.5,50,246,0,246
1996-03-28 14:00:00,1.1,96,2.5,60,195,0,195
1996-03-28 15:00:00,1.1,100,3.6,60,170,0,170
1996-03-28 16:00:00,1.9,92,3.9,50,132,0,132
1996-03-28 17:00:00,2.4,90,4.1,40,85,0,85
1996-03-28 18:00:00,2.1,91,4.4,20,35,0,35
1996-03-28 19:00:00,1.1,96,4.6,10,2,0,2
1996-03-28 20:00:00,1.1,96,4.1,10,0,0,0
1996-03-28 21:00:00,1.1,96,3.6,10,0,0,0
1996-03-28 22:00:00,1.1,92,4.1,10,0,0,0
1996-03-28 23:00:00,1.1,92,4.1,10,0,0,0
1996-03-29 00:00:00,1.1,92,3.6,360,0,0,0
1996-03-29 01:00:00,1.1,92,3.6,360,0,0,0
1996-03-29 02:00:00,1.1,96,1.5,10,0,0,0
1996-03-29 03:00:00,1.1,100,2.5,340,0,0,0
1996-03-29 04:00:00,1.1,100,2.5,10,0,0,0
1996-03-29 05:00:00,1.6,92,4.1,350,0,0,0
1996-03-29 06:00:00,1.1,96,3.0,340,0,0,0
1996-03-29 07:00:00,1.1,96,2.5,350,16,0,16
1996-03-29 08:00:00,2.2,96,4.1,10,56,0,56
1996-03-29 09:00:00,2.7,92,3.0,10,106,0,106
1996-03-29 10:00:00,3.3,92,3.0,10,150,0,150
1996-03-29 11:00:00,3.8,89,3.0,10,182,0,182
1996-03-29 12:00:00,3.8,93,2.5,10,201,0,201
1996-03-29 13:00:00,4.4,93,3.0,20,204,0,204
1996-03-29 14:00:00,4.4,93,2.5,10,193,0,193
1996-03-29 15:00:00,5.0,89,2.5,20,168,0,168
1996-03-29 16:00:00,4.4,93,2.0,20,129,0,129
1996-03-29 17:00:00,5.0,89,1.5,350,97,0,97
1996-03-29 18:00:00,5.0,89,1.5,360,39,0,39
1996-03-29 19:00:00,5.0,85,0.0,0,4,0,4
1996-03-29 20:00:00,4.4,93,0.0,0,0,0,0
1996-03-29 21:00:00,5.0,89,0.0,0,0,0,0
1996-03-29 22:00:00,5.0,85,0.0,0,0,0,0
1996-03-29 23:00:00,4.4,93,0.0,0,0,0,0
1996-03-30 00:00:00,3.8,97,0.0,0,0,0,0
1996-03-30 01:00:00,3.3,96,1.5,250,0,0,0
1996-03-30 02:00:00,1.6,100,0.0,0,0,0,0
1996-03-30 03:00:00,0.5,100,0.0,0,0,0,0
1996-03-30 04:00:00,-0.6,100,0.0,0,0,0,0
1996-03-30 05:00:00,-1.2,100,0.0,0,0,0,0
1996-03-30 06:00:00,-0.6,100,0.0,0,0,0,0
1996-03-30 07:00:00,0.5,100,0.0,0,34,76,27
1996-03-30 08:00:00,4.4,100,0.0,0,155,112,122
1996-03-30 09:00:00,10.5,71,0.0,0,164,62,135
1996-03-30 10:00:00,10.0,68,0.0,0,182,0,182
1996-03-30 11:00:00,11.1,68,0.0,0,220,0,220
1996-03-30 12:00:00,11.6,66,0.0,0,242,0,242
1996-03-30 13:00:00,12.7,66,1.5,80,246,0,246
1996-03-30 14:00:00,12.2,61,0.0,0,233,0,233
1996-03-30 15:00:00,12.2,64,0.0,0,202,0,202
1996-03-30 16:00:00,13.3,59,1.5,180,157,0,157
1996-03-30 17:00:00,13.3,57,0.0,0,310,598,79
1996-03-30 18:00:00,12.2,64,0.0,0,126,351,57
1996-03-30 19:00:00,10.5,71,0.0,0,8,41,6
1996-03-30 20:00:00,6.6,93,0.0,0,0,0,0
1996-03-30 21:00:00,7.2,89,0.0,0,0,0,0
1996-03-30 22:00:00,6.1,93,0.0,0,0,0,0
1996-03-30 23:00:00,5.0,96,0.0,0,0,0,0
1996-03-31 00:00:00,4.4,96,0.0,0,0,0,0
1996-03-31 01:00:00,2.7,97,0.0,0,0,0,0
1996-03-31 02:00:00,3.8,97,0.0,0,0,0,0
1996-03-31 03:00:00,3.3,96,0.0,0,0,0,0
1996-03-31 04:00:00,2.7,100,0.0,0,0,0,0
1996-03-31 05:00:00,2.2,100,0.0,0,0,0,0
1996-03-31 06:00:00,2.2,100,0.0,0,0,3,0
1996-03-31 07:00:00,1.6,100,0.0,0,61,294,30
1996-03-31 08:00:00,6.6,93,1.5,190,214,410,91
1996-03-31 09:00:00,9.4,80,2.0,190,465,745,107
1996-03-31 10:00:00,12.2,69,3.0,180,591,735,127
1996-03-31 11:00:00,15.0,55,4.6,180,724,741,174
1996-03-31 12:00:00,16.1,56,4.1,190,744,716,166
1996-03-31 13:00:00,17.2,48,4.1,180,779,717,191
1996-03-31 14:00:00,18.3,46,3.6,170,792,848,131
1996-03-31 15:00:00,17.2,48,2.0,190,246,72,197
1996-03-31 16:00:00,17.2,48,3.0,200,163,0,163
1996-03-31 17:00:00,16.6,48,4.1,200,136,48,117
1996-03-31 18:00:00,14.4,57,3.0,150,46,0,46
1996-03-31 19:00:00,14.4,57,3.6,170,4,0,4
1996-03-31 20:00:00,12.2,59,3.0,160,0,0,0
1996-03-31 21:00:00,11.6,64,3.0,160,0,0,0
1996-03-31 22:00:00,10.4,69,4.1,160,0,0,0
1996-03-31 23:00:00,9.1,77,5.2,160,0,0,0
1996-04-01 00:00:00,7.9,80,6.3,150,0,0,0
1997-04-01 01:00:00,6.7,52,7.5,320,0,0,0
1997-04-01 02:00:00,5.5,49,8.6,320,0,0,0
1997-04-01 03:00:00,4.2,47,9.7,330,0,0,0
1997-04-01 04:00:00,3.0,45,10.8,330,0,0,0
1997-04-01 05:00:00,1.7,46,9.5,170,0,0,0
1997-04-01 06:00:00,0.4,48,9.7,200,0,4,0
1997-04-01 07:00:00,1.1,46,9.9,230,20,0,20
1997-04-01 08:00:00,6.9,34,10.2,260,74,0,74
1997-04-01 09:00:00,8.6,26,10.4,290,134,0,134
1997-04-01 10:00:00,10.3,20,10.6,320,186,0,186
1997-04-01 11:00:00,10.0,21,10.8,350,794,929,101
1997-04-01 12:00:00,11.6,21,10.6,350,875,948,107
1997-04-01 13:00:00,12.8,20,10.5,350,891,952,108
1997-04-01 14:00:00,14.0,19,10.3,350,842,942,105
1997-04-01 15:00:00,15.0,18,9.8,360,729,914,96
1997-04-01 16:00:00,15.3,18,8.5,360,563,859,83
1997-04-01 17:00:00,15.0,18,7.2,360,360,756,63
1997-04-01 18:00:00,14.0,19,7.7,350,148,531,41
1997-04-01 19:00:00,12.1,23,6.2,350,11,86,7
1997-04-01 20:00:00,10.3,26,4.6,340,0,0,0
1997-04-01 21:00:00,9.0,29,3.1,340,0,0,0
1997-04-01 22:00:00,9.0,29,4.6,340,0,0,0
1997-04-01 23:00:00,8.2,30,4.2,340,0,0,0
1997-04-02 00:00:00,7.7,31,3.9,340,0,0,0
1997-04-02 01:00:00,7.0,31,3.5,340,0,0,0
1997-04-02 02:00:00,7.0,31,3.1,340,0,0,0
1997-04-02 03:00:00,6.6,33,3.3,340,0,0,0
1997-04-02 04:00:00,6.2,34,3.4,340,0,0,0
1997-04-02 05:00:00,6.1,36,3.6,340,0,0,0
1997-04-02 06:00:00,6.2,37,3.8,330,0,3,0
1997-04-02 07:00:00,7.8,35,3.9,330,64,287,31
1997-04-02 08:00:00,10.0,33,4.1,330,258,640,61
1997-04-02 09:00:00,18.1,20,6.4,170,472,794,85
1997-04-02 10:00:00,20.3,19,7.1,190,660,871,104
1997-04-02 11:00:00,20.4,19,9.9,180,800,912,116
1997-04-02 12:00:00,20.5,21,6.0,110,880,931,123
1997-04-02 13:00:00,21.6,18,7.1,40,894,933,124
1997-04-02 14:00:00,20.8,19,5.8,30,842,920,120
1997-04-02 15:00:00,20.9,19,6.0,10,728,888,110
1997-04-02 16:00:00,20.0,20,5.7,330,561,829,94
1997-04-02 17:00:00,18.7,21,4.9,340,356,717,73
1997-04-02 18:00:00,17.0,23,4.1,350,146,483,47
1997-04-02 19:00:00,15.2,26,3.8,340,11,66,8
1997-04-02 20:00:00,13.5,28,3.5,330,0,0,0
1997-04-02 21:00:00,12.3,31,3.2,310,0,0,0
1997-04-02 22:00:00,11.1,34,2.9,300,0,0,0
1997-04-02 23:00:00,10.0,36,2.6,290,0,0,0
1997-04-03 00:00:00,9.1,39,2.6,300,0,0,0
1997-04-03 01:00:00,8.2,42,2.6,300,0,0,0
1997-04-03 02:00:00,7.8,43,2.6,310,0,0,0
1997-04-03 03:00:00,7.0,48,2.6,310,0,0,0
1997-04-03 04:00:00,5.4,54,2.1,290,0,0,0
1997-04-03 05:00:00,4.0,64,1.5,270,0,0,0
1997-04-03 06:00:00,5.3,59,1.9,280,0,25,0
1997-04-03 07:00:00,8.0,52,2.2,280,76,449,23
1997-04-03 08:00:00,11.3,44,2.6,290,274,745,41
1997-04-03 09:00:00,14.2,37,2.9,290,484,866,57
1997-04-03 10:00:00,16.8,32,3.3,300,666,926,70
1997-04-03 11:00:00,19.0,28,3.6,300,801,959,78
1997-04-03 12:00:00,20.0,28,3.1,290,879,974,82
1997-04-03 13:00:00,21.6,27,2.8,270,893,976,83
1997-04-03 14:00:00,22.7,25,2.9,240,843,966,80
1997-04-03 15:00:00,23.3,24,2.0,240,732,941,74
1997-04-03 16:00:00,24.1,23,4.2,240,569,895,63
1997-04-03 17:00:00,22.7,24,3.9,200,370,807,49
1997-04-03 18:00:00,20.9,25,2.0,220,160,617,32
1997-04-03 19:00:00,18.5,29,2.6,250,15,156,7
1997-04-03 20:00:00,17.2,31,0.3,360,0,0,0
1997-04-03 21:00:00,16.2,33,1.9,250,0,0,0
1997-04-03 22:00:00,15.0,36,2.1,270,0,0,0
1997-04-03 23:00:00,14.1,38,2.2,270,0,0,0
1997-04-04 00:00:00,13.4,40,2.2,270,0,0,0
1997-04-04 01:00:00,12.7,41,2.3,270,0,0,0
1997-04-04 02:00:00,12.5,41,2.4,280,0,0,0
1997-04-04 03:00:00,11.9,44,2.5,280,0,0,0
1997-04-04 04:00:00,11.3,45,2.5,280,0,0,0
1997-04-04 05:00:00,11.0,47,2.6,280,0,0,0
1997-04-04 06:00:00,9.0,66,1.5,120,0,14,0
1997-04-04 07:00:00,11.8,60,2.1,90,74,354,31
1997-04-04 08:00:00,15.1,54,2.7,60,255,628,55
1997-04-04 09:00:00,18.1,48,3.4,30,473,795,77
1997-04-04 10:00:00,20.7,45,4.0,360,653,865,93
1997-04-04 11:00:00,23.0,41,4.6,330,781,895,103
1997-04-04 12:00:00,24.0,41,5.1,350,866,912,117
1997-04-04 13:00:00,25.0,41,5.6,350,642,577,161
1997-04-04 14:00:00,26.0,39,6.2,340,393,54,349
1997-04-04 15:00:00,25.9,40,5.8,340,476,235,310
1997-04-04 16:00:00,25.8,42,5.5,330,541,751,114
1997-04-04 17:00:00,25.0,44,5.1,330,344,699,64
1997-04-04 18:00:00,23.4,46,4.4,330,154,534,41
1997-04-04 19:00:00,21.3,52,3.6,340,15,110,9
1997-04-04 20:00:00,19.4,58,2.9,340,0,0,0
1997-04-04 21:00:00,17.9,64,2.2,350,0,0,0
1997-04-04 22:00:00,16.5,69,1.5,350,0,0,0
1997-04-04 23:00:00,15.1,73,0.7,360,0,0,0
1997-04-05 00:00:00,14.0,77,0.0,0,0,0,0
1997-04-05 01:00:00,12.7,84,1.3,310,0,0,0
1997-04-05 02:00:00,12.0,88,2.6,260,0,0,0
1997-04-05 03:00:00,11.6,82,3.0,280,0,0,0
1997-04-05 04:00:00,10.9,76,2.9,270,0,0,0
1997-04-05 05:00:00,10.3,70,2.7,250,0,0,0
1997-04-05 06:00:00,9.1,74,2.0,160,0,18,0
1997-04-05 07:00:00,11.0,63,2.1,130,79,368,32
1997-04-05 08:00:00,13.5,51,2.2,100,265,641,58
1997-04-05 09:00:00,16.0,42,3.1,100,466,770,80
1997-04-05 10:00:00,17.1,42,3.6,110,652,850,98
1997-04-05 11:00:00,17.8,40,4.1,120,785,886,110
1997-04-05 12:00:00,18.6,41,4.6,120,857,898,116
1997-04-05 13:00:00,19.0,43,5.1,130,875,906,117
1997-04-05 14:00:00,19.3,43,5.4,140,824,893,113
1997-04-05 15:00:00,19.0,46,5.7,140,687,827,103
1997-04-05 16:00:00,19.1,43,5.4,140,555,817,88
1997-04-05 17:00:00,18.5,42,5.1,150,359,721,67
1997-04-05 18:00:00,17.5,42,4.9,150,157,529,43
1997-04-05 19:00:00,16.0,45,4.6,150,16,114,9
1997-04-05 20:00:00,13.0,62,2.6,150,0,0,0
1997-04-05 21:00:00,12.4,68,2.4,150,0,0,0
1997-04-05 22:00:00,12.0,71,2.1,140,0,0,0
1997-04-05 23:00:00,10.0,82,1.5,130,0,0,0
1997-04-06 00:00:00,10.0,82,0.0,0,0,0,0
1997-04-06 01:00:00,9.8,86,0.7,50,0,0,0
1997-04-06 02:00:00,10.1,88,1.4,90,0,0,0
1997-04-06 03:00:00,10.0,93,2.1,140,0,0,0
1997-04-06 04:00:00,9.2,97,1.7,110,0,0,0
1997-04-06 05:00:00,8.5,100,1.3,80,0,0,0
1997-04-06 06:00:00,8.2,100,0.8,60,0,17,0
1997-04-06 07:00:00,9.3,100,0.4,30,71,217,42
1997-04-06 08:00:00,11.0,94,0.0,0,248,389,120
1997-04-06 09:00:00,13.1,87,1.0,40,294,130,227
1997-04-06 10:00:00,14.9,86,2.0,70,371,210,233
1997-04-06 11:00:00,16.3,82,3.1,110,486,347,220
1997-04-06 12:00:00,17.9,81,4.1,140,764,460,383
1997-04-06 13:00:00,19.0,83,5.1,180,583,343,295
1997-04-06 14:00:00,20.0,83,4.1,180,244,0,244
1997-04-06 15:00:00,20.5,80,4.3,190,302,180,174
1997-04-06 16:00:00,20.9,79,4.4,190,375,319,191
1997-04-06 17:00:00,20.7,79,4.6,200,202,125,151
1997-04-06 18:00:00,20.1,80,4.8,200,148,417,57
1997-04-06 19:00:00,18.9,88,4.9,210,17,133,9
1997-04-06 20:00:00,18.0,94,5.1,210,0,0,0
1997-04-06 21:00:00,18.0,94,4.6,210,0,0,0
1997-04-06 22:00:00,17.2,97,4.2,210,0,0,0
1997-04-06 23:00:00,16.3,100,3.8,220,0,0,0
1997-04-07 00:00:00,15.7,100,3.4,220,0,0,0
1997-04-07 01:00:00,15.1,100,3.0,230,0,0,0
1997-04-07 02:00:00,15.0,100,2.6,230,0,0,0
1997-04-07 03:00:00,14.6,90,2.9,250,0,0,0
1997-04-07 04:00:00,14.2,78,3.3,260,0,0,0
1997-04-07 05:00:00,14.1,69,3.6,280,0,0,0
1997-04-07 06:00:00,14.2,59,3.9,290,0,10,0
1997-04-07 07:00:00,15.8,47,4.3,310,82,331,36
1997-04-07 08:00:00,18.0,37,4.6,320,276,639,64
1997-04-07 09:00:00,18.3,35,6.5,330,486,779,88
1997-04-07 10:00:00,18.5,33,5.7,300,669,852,106
1997-04-07 11:00:00,18.8,28,8.6,350,805,892,118
1997-04-07 12:00:00,19.0,27,6.8,330,884,912,124
1997-04-07 13:00:00,18.3,27,6.3,310,898,916,125
1997-04-07 14:00:00,18.5,25,6.0,300,847,905,121
1997-04-07 15:00:00,18.8,23,5.6,290,735,876,112
1997-04-07 16:00:00,20.0,20,6.2,320,571,821,96
1997-04-07 17:00:00,19.0,20,8.7,300,369,717,74
1997-04-07 18:00:00,17.6,20,8.5,300,159,500,49
1997-04-07 19:00:00,15.7,23,8.3,300,16,86,11
1997-04-07 20:00:00,14.0,25,8.1,300,0,0,0
1997-04-07 21:00:00,12.7,28,7.9,300,0,0,0
1997-04-07 22:00:00,11.5,30,7.7,300,0,0,0
1997-04-07 23:00:00,10.3,31,7.5,300,0,0,0
1997-04-08 00:00:00,9.3,32,7.3,300,0,0,0
1997-04-08 01:00:00,8.3,33,7.1,300,0,0,0
1997-04-08 02:00:00,7.8,33,6.9,300,0,0,0
1997-04-08 03:00:00,7.0,35,6.7,300,0,0,0
1997-04-08 04:00:00,6.1,35,6.5,300,0,0,0
1997-04-08 05:00:00,5.5,36,6.3,300,0,0,0
1997-04-08 06:00:00,5.2,37,6.1,300,2,68,0
1997-04-08 07:00:00,6.3,34,5.9,300,103,566,23
1997-04-08 08:00:00,8.0,32,5.7,300,314,817,38
1997-04-08 09:00:00,9.8,30,5.1,290,338,319,173
1997-04-08 10:00:00,11.6,28,5.1,270,644,851,78
1997-04-08 11:00:00,13.3,27,5.5,300,583,317,337
1997-04-08 12:00:00,16.1,26,7.0,310,221,103,135
1997-04-08 13:00:00,14.9,27,6.9,290,830,754,191
1997-04-08 14:00:00,8.7,37,8.9,300,561,507,152
1997-04-08 15:00:00,2.4,56,9.4,290,698,820,112
1997-04-08 16:00:00,2.2,55,7.2,300,611,921,76
1997-04-08 17:00:00,3.0,51,9.8,300,353,519,138
1997-04-08 18:00:00,2.8,50,8.2,300,120,140,88
1997-04-08 19:00:00,2.6,54,8.1,300,14,49,11
1997-04-08 20:00:00,3.3,46,5.0,300,0,0,0
1997-04-08 21:00:00,4.1,51,5.4,280,0,0,0
1997-04-08 22:00:00,2.9,45,4.3,270,0,0,0
1997-04-08 23:00:00,2.7,49,5.3,320,0,0,0
1997-04-09 00:00:00,2.4,53,5.7,300,0,0,0
1997-04-09 01:00:00,2.2,53,7.8,310,0,0,0
1997-04-09 02:00:00,3.0,53,8.2,320,0,0,0
1997-04-09 03:00:00,3.2,55,5.4,320,0,0,0
1997-04-09 04:00:00,1.5,56,6.1,320,0,0,0
1997-04-09 05:00:00,0.7,58,10.9,320,0,0,0
1997-04-09 06:00:00,-1.1,60,10.1,320,0,0,0
1997-04-09 07:00:00,0.2,62,7.7,330,22,0,22
1997-04-09 08:00:00,2.4,61,10.5,320,232,266,141
1997-04-09 09:00:00,4.6,47,11.2,330,258,202,153
1997-04-09 10:00:00,4.8,41,14.0,320,616,605,211
1997-04-09 11:00:00,6.1,37,13.6,330,491,217,322
1997-04-09 12:00:00,6.3,32,11.3,320,796,653,248
1997-04-09 13:00:00,5.5,31,13.0,330,915,895,154
1997-04-09 14:00:00,4.8,28,10.6,330,862,882,149
1997-04-09 15:00:00,5.0,33,9.8,320,746,849,137
1997-04-09 16:00:00,5.1,33,8.9,320,577,787,118
1997-04-09 17:00:00,4.6,33,7.9,320,370,671,91
1997-04-09 18:00:00,3.7,34,7.0,320,158,439,58
1997-04-09 19:00:00,2.3,39,6.0,320,16,57,12
1997-04-09 20:00:00,1.0,43,5.1,320,0,0,0
1997-04-09 21:00:00,0.3,45,4.8,320,0,0,0
1997-04-09 22:00:00,-0.4,46,4.4,330,0,0,0
1997-04-09 23:00:00,-1.0,46,4.1,330,0,0,0
1997-04-10 00:00:00,-1.1,47,3.9,330,0,0,0
1997-04-10 01:00:00,-1.3,44,5.2,320,0,0,0
1997-04-10 02:00:00,-1.4,45,6.1,300,0,0,0
1997-04-10 03:00:00,-1.6,47,7.8,280,0,0,0
1997-04-10 04:00:00,-2.7,52,7.1,280,0,0,0
1997-04-10 05:00:00,-2.9,54,6.4,280,0,0,0
1997-04-10 06:00:00,-3.0,55,2.6,330,1,2,1
1997-04-10 07:00:00,-1.8,51,4.6,340,82,212,49
1997-04-10 08:00:00,0.0,46,6.7,340,276,524,94
1997-04-10 09:00:00,1.7,41,6.4,340,492,687,131
1997-04-10 10:00:00,3.0,39,6.0,340,682,776,159
1997-04-10 11:00:00,4.0,35,5.7,340,822,824,177
1997-04-10 12:00:00,5.7,31,5.2,340,902,847,187
1997-04-10 13:00:00,7.0,28,4.6,350,914,850,188
1997-04-10 14:00:00,8.3,25,4.1,350,859,834,182
1997-04-10 15:00:00,9.0,23,3.6,350,741,796,167
1997-04-10 16:00:00,9.8,21,3.6,350,568,724,143
1997-04-10 17:00:00,10.0,19,3.6,340,359,596,110
1997-04-10 18:00:00,8.5,22,2.7,350,149,354,68
1997-04-10 19:00:00,6.4,29,1.8,350,15,29,14
1997-04-10 20:00:00,4.5,36,0.9,360,0,0,0
1997-04-10 21:00:00,3.0,45,0.0,0,0,0,0
1997-04-10 22:00:00,2.7,42,0.0,0,0,0,0
1997-04-10 23:00:00,2.4,51,0.0,0,0,0,0
1997-04-11 00:00:00,2.1,57,0.0,0,0,0,0
1997-04-11 01:00:00,1.9,62,0.0,0,0,0,0
1997-04-11 02:00:00,1.6,64,0.0,0,0,0,0
1997-04-11 03:00:00,2.3,61,0.0,0,0,0,0
1997-04-11 04:00:00,3.0,58,0.0,0,0,0,0
1997-04-11 05:00:00,3.7,55,0.0,0,0,0,0
1997-04-11 06:00:00,4.4,52,0.0,0,1,0,1
1997-04-11 07:00:00,5.1,50,0.0,0,29,0,29
1997-04-11 08:00:00,5.9,47,0.0,0,85,0,85
1997-04-11 09:00:00,6.6,49,0.0,0,144,0,144
1997-04-11 10:00:00,8.5,44,0.8,110,195,0,195
1997-04-11 11:00:00,10.0,39,2.1,110,232,0,232
1997-04-11 12:00:00,12.0,29,1.5,270,517,143,396
1997-04-11 13:00:00,13.0,30,1.5,210,672,509,236
1997-04-11 14:00:00,14.0,30,1.5,140,870,914,125
1997-04-11 15:00:00,15.3,28,1.5,150,755,883,116
1997-04-11 16:00:00,16.5,27,1.5,170,587,826,100
1997-04-11 17:00:00,17.0,27,1.5,180,382,722,78
1997-04-11 18:00:00,15.4,29,1.6,160,170,511,51
1997-04-11 19:00:00,13.3,35,1.6,140,20,99,13
1997-04-11 20:00:00,11.4,40,1.7,120,0,0,0
1997-04-11 21:00:00,9.9,47,1.8,100,0,0,0
1997-04-11 22:00:00,8.5,53,1.8,90,0,0,0
1997-04-11 23:00:00,7.0,59,1.9,70,0,0,0
1997-04-12 00:00:00,5.9,65,2.0,50,0,0,0
1997-04-12 01:00:00,4.7,71,2.0,30,0,0,0
1997-04-12 02:00:00,4.0,75,2.1,10,0,0,0
1997-04-12 03:00:00,3.3,83,3.3,330,0,0,0
1997-04-12 04:00:00,5.3,76,3.4,290,0,0,0
1997-04-12 05:00:00,7.4,73,0.0,0,0,0,0
1997-04-12 06:00:00,6.7,88,2.5,200,2,9,2
1997-04-12 07:00:00,7.6,89,2.1,180,49,115,30
1997-04-12 08:00:00,7.4,93,4.8,120,155,93,122
1997-04-12 09:00:00,7.4,97,6.9,90,293,48,267
1997-04-12 10:00:00,7.5,99,5.0,60,284,186,157
1997-04-12 11:00:00,8.0,100,0.0,0,238,0,238
1997-04-12 12:00:00,9.1,93,1.3,70,282,26,260
1997-04-12 13:00:00,9.7,87,1.6,100,271,21,252
1997-04-12 14:00:00,10.0,83,0.8,130,594,51,552
1997-04-12 15:00:00,11.5,78,1.6,150,152,0,152
1997-04-12 16:00:00,11.0,85,3.4,160,601,775,142
1997-04-12 17:00:00,11.4,80,0.1,230,313,452,121
1997-04-12 18:00:00,11.9,81,0.0,0,134,336,55
1997-04-12 19:00:00,11.4,82,0.1,270,26,129,17
1997-04-12 20:00:00,10.8,80,0.9,280,0,0,0
1997-04-12 21:00:00,10.8,78,0.0,0,0,0,0
1997-04-12 22:00:00,10.8,74,0.0,0,0,0,0
1997-04-12 23:00:00,10.4,81,0.0,0,0,0,0
1997-04-13 00:00:00,10.3,87,0.0,0,0,0,0
1997-04-13 01:00:00,10.2,94,0.0,0,0,0,0
1997-04-13 02:00:00,10.7,88,0.0,0,0,0,0
1997-04-13 03:00:00,10.1,90,0.0,0,0,0,0
1997-04-13 04:00:00,9.6,97,0.0,0,0,0,0
1997-04-13 05:00:00,9.1,100,0.4,220,0,0,0
1997-04-13 06:00:00,9.5,100,2.2,250,2,0,2
1997-04-13 07:00:00,13.0,100,1.5,290,38,0,38
1997-04-13 08:00:00,15.0,72,6.7,320,279,515,94
1997-04-13 09:00:00,15.6,66,6.5,330,404,408,185
1997-04-13 10:00:00,16.0,63,6.2,330,550,558,168
1997-04-13 11:00:00,15.8,62,8.8,10,509,354,228
1997-04-13 12:00:00,15.5,58,8.4,50,766,582,269
1997-04-13 13:00:00,15.3,53,6.9,140,869,735,234
1997-04-13 14:00:00,14.0,46,8.5,230,847,765,219
1997-04-13 15:00:00,13.8,45,9.6,230,621,565,208
1997-04-13 16:00:00,12.5,45,8.1,250,523,520,214
1997-04-13 17:00:00,11.3,43,10.2,330,344,526,119
1997-04-13 18:00:00,9.0,49,10.8,320,155,364,68
1997-04-13 19:00:00,8.4,54,9.3,320,17,28,15
1997-04-13 20:00:00,8.0,57,7.7,310,0,0,0
1997-04-13 21:00:00,7.0,61,7.3,310,0,0,0
1997-04-13 22:00:00,6.2,63,6.8,320,0,0,0
1997-04-13 23:00:00,5.3,65,6.4,320,0,0,0
1997-04-14 00:00:00,4.8,65,6.0,320,0,0,0
1997-04-14 01:00:00,4.1,66,5.5,330,0,0,0
1997-04-14 02:00:00,4.0,64,5.1,330,0,0,0
1997-04-14 03:00:00,3.8,65,4.5,330,0,0,0
1997-04-14 04:00:00,3.6,64,3.9,320,0,0,0
1997-04-14 05:00:00,3.7,64,3.2,320,0,0,0
1997-04-14 06:00:00,4.0,64,2.6,310,3,12,3
1997-04-14 07:00:00,5.2,58,4.4,330,103,321,48
1997-04-14 08:00:00,7.0,52,6.2,340,304,607,83
1997-04-14 09:00:00,8.7,46,7.7,70,517,747,113
1997-04-14 10:00:00,10.3,42,7.6,50,702,823,135
1997-04-14 11:00:00,10.8,39,7.0,40,838,865,149
1997-04-14 12:00:00,12.4,37,6.0,60,914,885,156
1997-04-14 13:00:00,12.9,32,3.3,230,926,888,157
1997-04-14 14:00:00,13.5,32,5.8,340,872,874,152
1997-04-14 15:00:00,14.0,27,5.7,330,756,841,140
1997-04-14 16:00:00,13.8,28,4.6,330,588,780,121
1997-04-14 17:00:00,13.0,29,3.6,330,382,668,94
1997-04-14 18:00:00,11.8,31,2.6,330,170,449,61
1997-04-14 19:00:00,10.0,36,1.5,330,21,70,16
1997-04-14 20:00:00,8.2,41,1.6,320,0,0,0
1997-04-14 21:00:00,6.7,49,1.7,320,0,0,0
1997-04-14 22:00:00,5.4,55,1.9,310,0,0,0
1997-04-14 23:00:00,4.1,62,2.0,310,0,0,0
1997-04-15 00:00:00,3.0,68,2.1,300,0,0,0
1997-04-15 01:00:00,2.5,70,1.7,310,0,0,0
1997-04-15 02:00:00,2.6,69,1.3,320,0,0,0
1997-04-15 03:00:00,2.3,72,0.8,340,0,0,0
1997-04-15 04:00:00,2.1,71,0.4,350,0,0,0
1997-04-15 05:00:00,2.0,73,0.0,0,0,0,0
1997-04-15 06:00:00,3.3,63,1.3,10,6,86,3
1997-04-15 07:00:00,6.0,51,2.6,10,128,553,31
1997-04-15 08:00:00,9.0,45,2.1,70,339,785,49
1997-04-15 09:00:00,10.0,46,1.5,30,550,888,65
1997-04-15 10:00:00,11.7,39,2.1,10,731,943,78
1997-04-15 11:00:00,13.0,32,2.6,340,864,972,86
1997-04-15 12:00:00,14.6,31,3.3,320,939,986,91
1997-04-15 13:00:00,15.6,28,3.5,240,950,988,91
1997-04-15 14:00:00,16.1,30,3.8,220,897,979,88
1997-04-15 15:00:00,17.1,31,3.0,190,783,955,81
1997-04-15 16:00:00,17.0,29,5.8,160,617,911,70
1997-04-15 17:00:00,16.9,30,1.8,120,414,829,55
1997-04-15 18:00:00,15.1,33,0.1,90,198,659,37
1997-04-15 19:00:00,12.2,39,0.0,0,29,231,13
1997-04-15 20:00:00,11.0,43,0.0,0,0,0,0
1997-04-15 21:00:00,9.4,49,0.4,330,0,0,0
1997-04-15 22:00:00,7.8,55,0.8,300,0,0,0
1997-04-15 23:00:00,6.3,59,1.1,270,0,0,0
1997-04-16 00:00:00,5.0,64,1.5,240,0,0,0
1997-04-16 01:00:00,4.5,66,1.5,240,0,0,0
1997-04-16 02:00:00,4.6,65,1.5,230,0,0,0
1997-04-16 03:00:00,4.3,68,1.5,230,0,0,0
1997-04-16 04:00:00,4.1,67,1.5,220,0,0,0
1997-04-16 05:00:00,4.0,69,1.5,220,0,0,0
1997-04-16 06:00:00,5.6,70,2.8,190,6,53,4
1997-04-16 07:00:00,8.2,61,3.7,190,124,476,39
1997-04-16 08:00:00,9.7,46,3.5,180,332,725,62
1997-04-16 09:00:00,12.8,43,4.2,220,543,839,82
1997-04-16 10:00:00,14.8,40,2.5,250,723,899,97
1997-04-16 11:00:00,17.5,37,3.8,230,855,931,108
1997-04-16 12:00:00,19.0,34,3.1,200,929,946,113
1997-04-16 13:00:00,20.0,32,3.6,210,939,947,114
1997-04-16 14:00:00,21.0,28,4.1,220,885,935,110
1997-04-16 15:00:00,21.5,28,3.6,220,771,907,101
1997-04-16 16:00:00,21.9,27,3.1,210,605,857,88
1997-04-16 17:00:00,21.6,28,2.6,210,402,764,69
1997-04-16 18:00:00,21.0,28,2.1,200,189,578,47
1997-04-16 19:00:00,18.0,30,1.5,170,27,164,15
1997-04-16 20:00:00,15.7,36,1.7,160,0,0,0
1997-04-16 21:00:00,13.8,45,1.9,140,0,0,0
1997-04-16 22:00:00,12.0,54,2.1,130,0,0,0
1997-04-16 23:00:00,9.6,68,1.8,130,0,0,0
1997-04-17 00:00:00,6.7,86,1.5,120,0,0,0
1997-04-17 01:00:00,3.8,100,3.3,330,0,0,0
1997-04-17 02:00:00,9.3,65,0.9,110,0,0,0
1997-04-17 03:00:00,8.9,67,2.1,350,0,0,0
1997-04-17 04:00:00,8.5,68,1.8,320,0,0,0
1997-04-17 05:00:00,8.1,72,0.0,0,0,0,0
1997-04-17 06:00:00,8.0,73,0.0,0,6,38,4
1997-04-17 07:00:00,9.3,69,0.0,0,48,79,33
1997-04-17 08:00:00,11.8,68,0.0,0,255,260,157
1997-04-17 09:00:00,11.4,65,1.9,20,222,79,178
1997-04-17 10:00:00,12.0,67,2.1,330,207,0,207
1997-04-17 11:00:00,11.4,67,4.9,330,183,96,105
1997-04-17 12:00:00,11.0,71,7.7,330,357,0,356
1997-04-17 13:00:00,11.1,69,7.5,330,429,60,376
1997-04-17 14:00:00,11.3,65,7.3,330,629,69,572
1997-04-17 15:00:00,10.8,64,7.1,340,205,31,181
1997-04-17 16:00:00,10.2,64,6.9,340,197,26,180
1997-04-17 17:00:00,9.0,66,6.7,340,119,0,119
1997-04-17 18:00:00,8.3,62,6.6,340,167,197,118
1997-04-17 19:00:00,7.0,65,6.5,330,20,20,19
1997-04-17 20:00:00,5.9,64,6.5,330,0,0,0
1997-04-17 21:00:00,5.2,64,6.4,330,0,0,0
1997-04-17 22:00:00,4.6,62,6.3,320,0,0,0
1997-04-17 23:00:00,4.0,59,6.2,320,0,0,0
1997-04-18 00:00:00,3.2,56,3.3,280,0,0,0
1997-04-18 01:00:00,3.4,59,5.1,310,0,0,0
1997-04-18 02:00:00,3.5,59,5.5,340,0,0,0
1997-04-18 03:00:00,3.3,60,5.7,360,0,0,0
1997-04-18 04:00:00,3.0,62,6.1,20,0,0,0
1997-04-18 05:00:00,3.6,59,6.8,40,0,0,0
1997-04-18 06:00:00,4.4,54,7.5,60,6,12,5
1997-04-18 07:00:00,6.6,49,6.7,60,111,298,55
1997-04-18 08:00:00,7.8,44,11.0,70,310,566,94
1997-04-18 09:00:00,9.0,37,10.1,80,521,706,127
1997-04-18 10:00:00,11.2,34,9.3,90,703,783,152
1997-04-18 11:00:00,10.4,32,10.5,110,837,827,167
1997-04-18 12:00:00,10.8,31,9.9,120,913,848,176
1997-04-18 13:00:00,10.8,30,9.3,120,924,851,177
1997-04-18 14:00:00,12.3,26,9.5,130,870,837,171
1997-04-18 15:00:00,13.2,23,9.6,130,754,803,158
1997-04-18 16:00:00,13.2,22,10.1,150,586,739,136
1997-04-18 17:00:00,12.6,23,10.6,160,382,625,106
1997-04-18 18:00:00,10.8,27,9.2,200,172,410,68
1997-04-18 19:00:00,9.4,29,8.7,200,24,60,19
1997-04-18 20:00:00,8.2,31,8.3,210,0,0,0
1997-04-18 21:00:00,7.4,32,7.7,210,0,0,0
1997-04-18 22:00:00,6.6,36,5.8,310,0,0,0
1997-04-18 23:00:00,5.8,34,6.0,320,0,0,0
1997-04-19 00:00:00,6.0,33,6.2,330,0,0,0
1997-04-19 01:00:00,3.8,41,7.6,180,0,0,0
1997-04-19 02:00:00,3.6,37,6.3,140,0,0,0
1997-04-19 03:00:00,2.3,36,4.1,230,0,0,0
1997-04-19 04:00:00,1.1,35,5.5,80,0,0,0
1997-04-19 05:00:00,2.9,35,4.3,70,0,0,0
1997-04-19 06:00:00,3.0,37,2.9,80,8,53,6
1997-04-19 07:00:00,4.4,36,1.4,90,133,463,44
1997-04-19 08:00:00,7.4,28,4.3,20,344,710,69
1997-04-19 09:00:00,10.0,21,7.2,320,552,813,95
1997-04-19 10:00:00,9.8,22,6.6,320,712,835,121
1997-04-19 11:00:00,11.5,22,5.9,320,871,924,120
1997-04-19 12:00:00,12.3,20,5.4,320,946,940,125
1997-04-19 13:00:00,13.1,21,4.8,320,955,942,126
1997-04-19 14:00:00,14.8,19,3.2,310,901,930,122
1997-04-19 15:00:00,16.6,17,3.6,310,785,901,113
1997-04-19 16:00:00,17.4,17,1.5,310,617,849,98
1997-04-19 17:00:00,17.2,16,2.0,290,412,753,77
1997-04-19 18:00:00,15.9,16,1.0,320,196,562,52
1997-04-19 19:00:00,12.7,21,0.1,340,30,154,18
1997-04-19 20:00:00,10.5,27,0.0,0,0,0,0
1997-04-19 21:00:00,7.2,31,0.0,0,0,0,0
1997-04-19 22:00:00,8.0,30,0.0,0,0,0,0
1997-04-19 23:00:00,5.8,36,0.4,90,0,0,0
1997-04-20 00:00:00,5.5,37,0.0,0,0,0,0
1997-04-20 01:00:00,5.3,39,0.0,0,0,0,0
1997-04-20 02:00:00,4.1,40,0.0,0,0,0,0
1997-04-20 03:00:00,1.8,40,0.0,0,0,0,0
1997-04-20 04:00:00,1.6,42,0.0,0,0,0,0
1997-04-20 05:00:00,1.4,47,0.0,0,0,0,0
1997-04-20 06:00:00,1.2,49,0.0,0,10,86,6
1997-04-20 07:00:00,4.9,46,0.0,0,142,526,38
1997-04-20 08:00:00,7.7,39,0.0,0,347,670,86
1997-04-20 09:00:00,9.5,35,1.7,310,417,490,139
1997-04-20 10:00:00,12.2,30,4.2,320,722,824,136
1997-04-20 11:00:00,14.0,30,4.6,330,874,944,103
1997-04-20 12:00:00,15.0,22,3.6,340,947,959,108
1997-04-20 13:00:00,16.0,21,3.5,340,956,960,108
1997-04-20 14:00:00,17.1,20,3.4,330,902,949,105
1997-04-20 15:00:00,17.6,19,3.4,330,787,923,97
1997-04-20 16:00:00,17.9,19,3.3,330,621,875,84
1997-04-20 17:00:00,17.7,19,3.2,320,419,789,66
1997-04-20 18:00:00,17.0,19,3.1,320,204,615,45
1997-04-20 19:00:00,14.7,23,2.9,310,33,209,17
1997-04-20 20:00:00,12.6,28,2.7,300,0,0,0
1997-04-20 21:00:00,10.9,33,2.6,290,0,0,0
1997-04-20 22:00:00,9.4,38,2.4,280,0,0,0
1997-04-20 23:00:00,7.8,44,2.2,260,0,0,0
1997-04-21 00:00:00,6.5,49,2.0,250,0,0,0
1997-04-21 01:00:00,5.1,56,1.9,240,0,0,0
1997-04-21 02:00:00,4.2,60,1.7,230,0,0,0
1997-04-21 03:00:00,3.0,68,1.5,220,0,0,0
1997-04-21 04:00:00,2.1,73,0.9,170,0,0,0
1997-04-21 05:00:00,2.3,72,0.2,110,0,0,0
1997-04-21 06:00:00,2.4,77,0.0,0,4,5,4
1997-04-21 07:00:00,4.5,67,0.0,0,156,633,28
1997-04-21 08:00:00,7.6,63,0.0,0,324,531,114
1997-04-21 09:00:00,9.8,50,0.0,0,484,508,195
1997-04-21 10:00:00,11.9,51,0.6,30,506,447,187
1997-04-21 11:00:00,12.0,54,0.0,0,413,163,279
1997-04-21 12:00:00,10.9,65,0.7,20,477,138,355
1997-04-21 13:00:00,9.4,79,1.4,30,308,43,270
1997-04-21 14:00:00,8.0,93,2.1,50,258,0,258
1997-04-21 15:00:00,8.3,92,2.1,40,229,0,229
1997-04-21 16:00:00,8.5,91,2.1,30,186,0,186
1997-04-21 17:00:00,8.0,93,2.1,20,131,0,131
1997-04-21 18:00:00,8.0,100,0.0,0,70,0,70
1997-04-21 19:00:00,7.3,100,0.0,0,14,0,14
1997-04-21 20:00:00,6.8,100,0.0,0,0,0,0
1997-04-21 21:00:00,6.7,100,0.0,0,0,0,0
1997-04-21 22:00:00,6.7,100,0.0,0,0,0,0
1997-04-21 23:00:00,6.7,100,0.0,0,0,0,0
1997-04-22 00:00:00,7.0,100,0.0,0,0,0,0
1997-04-22 01:00:00,6.7,99,0.0,0,0,0,0
1997-04-22 02:00:00,7.0,93,0.0,0,0,0,0
1997-04-22 03:00:00,6.4,96,0.0,0,0,0,0
1997-04-22 04:00:00,5.9,95,0.0,0,0,0,0
1997-04-22 05:00:00,5.6,97,0.0,0,0,0,0
1997-04-22 06:00:00,5.6,95,0.0,0,11,70,8
1997-04-22 07:00:00,7.0,87,0.0,0,145,505,41
1997-04-22 08:00:00,8.7,83,0.5,360,302,495,105
1997-04-22 09:00:00,10.0,77,1.0,350,355,229,223
1997-04-22 10:00:00,11.0,76,1.5,350,211,0,211
1997-04-22 11:00:00,11.9,72,0.8,360,286,55,240
1997-04-22 12:00:00,13.0,72,0.0,0,406,70,343
1997-04-22 13:00:00,14.0,59,1.5,120,441,77,371
1997-04-22 14:00:00,15.4,54,1.7,140,632,456,246
1997-04-22 15:00:00,16.2,52,1.8,160,640,593,194
1997-04-22 16:00:00,16.9,51,2.0,170,590,630,200
1997-04-22 17:00:00,17.0,52,2.1,190,413,759,70
1997-04-22 18:00:00,15.3,54,1.1,280,204,589,48
1997-04-22 19:00:00,13.0,62,0.0,0,35,202,19
1997-04-22 20:00:00,11.8,68,0.0,0,0,0,0
1997-04-22 21:00:00,10.9,75,0.0,0,0,0,0
1997-04-22 22:00:00,10.2,80,0.0,0,0,0,0
1997-04-22 23:00:00,9.5,84,0.0,0,0,0,0
1997-04-23 00:00:00,9.0,87,0.0,0,0,0,0
1997-04-23 01:00:00,9.0,87,0.0,0,0,0,0
1997-04-23 02:00:00,8.0,93,1.5,150,0,0,0
1997-04-23 03:00:00,8.0,100,0.0,0,0,0,0
1997-04-23 04:00:00,9.0,93,1.6,20,0,0,0
1997-04-23 05:00:00,9.0,92,2.1,30,0,0,0
1997-04-23 06:00:00,9.0,79,2.2,40,11,27,9
1997-04-23 07:00:00,9.0,79,1.3,60,84,21,79
1997-04-23 08:00:00,12.0,73,1.8,70,272,220,184
1997-04-23 09:00:00,10.0,78,5.5,120,140,73,98
1997-04-23 10:00:00,10.0,77,5.0,130,306,94,238
1997-04-23 11:00:00,11.0,71,5.1,130,416,109,326
1997-04-23 12:00:00,11.0,77,8.6,360,325,68,265
1997-04-23 13:00:00,11.9,63,4.8,120,254,4,251
1997-04-23 14:00:00,11.9,68,8.3,360,424,107,333
1997-04-23 15:00:00,10.8,79,7.2,50,478,251,288
1997-04-23 16:00:00,11.8,69,4.4,110,260,0,259
1997-04-23 17:00:00,12.8,70,8.4,40,177,8,173
1997-04-23 18:00:00,11.7,70,4.2,100,94,18,89
1997-04-23 19:00:00,10.7,81,6.1,30,21,32,19
1997-04-23 20:00:00,10.5,82,3.9,90,0,0,0
1997-04-23 21:00:00,10.6,83,3.8,90,0,0,0
1997-04-23 22:00:00,9.6,89,3.6,80,0,0,0
1997-04-23 23:00:00,6.5,100,3.5,80,0,0,0
1997-04-24 00:00:00,6.5,100,3.4,80,0,0,0
1997-04-24 01:00:00,4.5,100,3.2,70,0,0,0
1997-04-24 02:00:00,6.4,100,4.6,70,0,0,0
1997-04-24 03:00:00,6.4,100,2.9,60,0,0,0
1997-04-24 04:00:00,5.3,100,2.8,60,0,0,0
1997-04-24 05:00:00,4.3,100,2.7,50,0,0,0
1997-04-24 06:00:00,6.3,100,2.5,50,12,3,11
1997-04-24 07:00:00,9.2,89,5.5,30,91,35,84
1997-04-24 08:00:00,11.9,74,6.4,30,200,45,181
1997-04-24 09:00:00,14.2,61,6.7,20,134,79,88
1997-04-24 10:00:00,15.1,58,6.6,360,243,74,189
1997-04-24 11:00:00,16.1,58,5.5,10,353,92,276
1997-04-24 12:00:00,16.0,59,5.3,330,403,121,295
1997-04-24 13:00:00,17.0,55,3.1,330,430,82,356
1997-04-24 14:00:00,16.8,56,3.1,310,583,375,265
1997-04-24 15:00:00,15.9,59,3.1,280,718,760,142
1997-04-24 16:00:00,15.0,63,3.1,260,614,828,98
1997-04-24 17:00:00,16.0,59,4.1,270,416,739,78
1997-04-24 18:00:00,15.2,60,3.8,280,194,521,53
1997-04-24 19:00:00,13.8,66,3.5,290,34,152,22
1997-04-24 20:00:00,12.6,70,3.2,300,0,0,0
1997-04-24 21:00:00,11.8,75,3.0,320,0,0,0
1997-04-24 22:00:00,11.1,78,2.7,330,0,0,0
1997-04-24 23:00:00,10.4,81,2.4,340,0,0,0
1997-04-25 00:00:00,10.0,82,2.1,350,0,0,0
1997-04-25 01:00:00,11.0,76,3.6,310,0,0,0
1997-04-25 02:00:00,11.0,71,5.1,320,0,0,0
1997-04-25 03:00:00,10.0,76,3.1,320,0,0,0
1997-04-25 04:00:00,9.3,78,2.9,330,0,0,0
1997-04-25 05:00:00,8.9,80,2.6,330,0,0,0
1997-04-25 06:00:00,8.7,81,2.4,340,7,0,7
1997-04-25 07:00:00,10.0,76,2.1,340,49,0,49
1997-04-25 08:00:00,12.0,67,1.5,340,110,0,110
1997-04-25 09:00:00,13.0,62,1.5,330,168,0,168
1997-04-25 10:00:00,14.0,55,2.6,320,536,481,186
1997-04-25 11:00:00,15.4,47,2.4,320,594,404,257
1997-04-25 12:00:00,17.0,42,2.1,310,454,188,287
1997-04-25 13:00:00,16.2,48,1.9,280,504,422,126
1997-04-25 14:00:00,15.4,54,1.7,240,825,744,191
1997-04-25 15:00:00,14.0,63,1.5,210,790,917,93
1997-04-25 16:00:00,14.8,62,3.6,290,620,715,173
1997-04-25 17:00:00,15.0,63,5.7,360,184,59,157
1997-04-25 18:00:00,14.2,63,5.4,360,159,74,138
1997-04-25 19:00:00,12.9,69,5.2,350,35,41,31
1997-04-25 20:00:00,11.8,72,4.9,350,0,0,0
1997-04-25 21:00:00,11.1,76,4.7,340,0,0,0
1997-04-25 22:00:00,10.5,78,4.4,340,0,0,0
1997-04-25 23:00:00,9.9,79,4.1,340,0,0,0
1997-04-26 00:00:00,9.5,79,3.9,330,0,0,0
1997-04-26 01:00:00,9.1,79,3.6,330,0,0,0
1997-04-26 02:00:00,9.3,76,3.4,320,0,0,0
1997-04-26 03:00:00,9.0,76,3.1,320,0,0,0
1997-04-26 04:00:00,7.9,75,2.9,320,0,0,0
1997-04-26 05:00:00,7.0,76,2.6,320,0,0,0
1997-04-26 06:00:00,7.8,72,3.0,320,20,180,9
1997-04-26 07:00:00,10.1,64,3.3,300,172,619,34
1997-04-26 08:00:00,13.0,54,3.4,290,382,801,52
1997-04-26 09:00:00,15.2,46,3.9,280,588,888,67
1997-04-26 10:00:00,16.1,43,4.6,300,761,935,79
1997-04-26 11:00:00,17.0,39,4.6,320,888,961,87
1997-04-26 12:00:00,18.0,37,4.6,340,958,974,91
1997-04-26 13:00:00,18.5,37,3.9,350,967,975,91
1997-04-26 14:00:00,19.0,37,3.1,350,913,965,88
1997-04-26 15:00:00,19.5,34,2.9,330,801,943,82
1997-04-26 16:00:00,20.0,32,2.6,310,638,902,71
1997-04-26 17:00:00,21.1,32,1.5,360,440,829,56
1997-04-26 18:00:00,20.2,30,2.6,30,227,684,39
1997-04-26 19:00:00,17.3,44,2.1,10,47,324,18
1997-04-26 20:00:00,15.4,52,0.0,0,0,0,0
1997-04-26 21:00:00,13.6,57,0.0,0,0,0,0
1997-04-26 22:00:00,9.7,78,1.5,310,0,0,0
1997-04-26 23:00:00,9.8,76,1.5,320,0,0,0
1997-04-27 00:00:00,7.9,84,1.5,320,0,0,0
1997-04-27 01:00:00,7.0,81,0.0,0,0,0,0
1997-04-27 02:00:00,6.7,82,0.0,0,0,0,0
1997-04-27 03:00:00,6.0,87,0.0,0,0,0,0
1997-04-27 04:00:00,4.0,93,0.0,0,0,0,0
1997-04-27 05:00:00,5.0,93,0.3,330,0,0,0
1997-04-27 06:00:00,6.2,91,0.6,300,21,161,11
1997-04-27 07:00:00,8.9,81,0.9,260,171,590,38
1997-04-27 08:00:00,12.2,72,1.2,230,381,776,58
1997-04-27 09:00:00,15.0,63,1.5,200,584,864,75
1997-04-27 10:00:00,15.2,67,1.2,230,689,777,120
1997-04-27 11:00:00,15.0,69,0.9,260,559,444,187
1997-04-27 12:00:00,14.9,75,0.6,300,622,259,390
1997-04-27 13:00:00,14.4,83,0.3,330,497,274,250
1997-04-27 14:00:00,14.0,88,0.0,0,258,0,258
1997-04-27 15:00:00,12.0,100,1.5,160,228,0,228
1997-04-27 16:00:00,11.8,99,2.1,160,185,0,185
1997-04-27 17:00:00,11.0,100,2.6,160,129,0,129
1997-04-27 18:00:00,10.3,95,3.1,150,69,0,69
1997-04-27 19:00:00,9.0,100,3.6,140,13,0,13
1997-04-27 20:00:00,9.4,100,3.7,150,0,0,0
1997-04-27 21:00:00,7.8,100,4.4,170,0,0,0
1997-04-27 22:00:00,8.2,100,4.0,180,0,0,0
1997-04-27 23:00:00,7.6,100,2.6,100,0,0,0
1997-04-28 00:00:00,6.9,100,4.8,260,0,0,0
1997-04-28 01:00:00,6.3,100,4.9,280,0,0,0
1997-04-28 02:00:00,6.7,100,4.4,290,0,0,0
1997-04-28 03:00:00,5.1,100,4.5,290,0,0,0
1997-04-28 04:00:00,4.5,100,5.3,330,0,0,0
1997-04-28 05:00:00,5.9,100,5.4,340,0,0,0
1997-04-28 06:00:00,6.3,100,5.5,340,15,12,14
1997-04-28 07:00:00,9.7,100,3.5,190,86,23,81
1997-04-28 08:00:00,12.1,100,5.1,340,229,0,229
1997-04-28 09:00:00,13.4,100,5.2,340,289,0,289
1997-04-28 10:00:00,15.8,92,3.9,230,333,44,301
1997-04-28 11:00:00,16.2,87,5.5,340,491,86,418
1997-04-28 12:00:00,17.6,82,5.6,350,508,83,433
1997-04-28 13:00:00,18.0,77,5.7,350,696,135,573
1997-04-28 14:00:00,16.8,71,6.5,340,349,56,300
1997-04-28 15:00:00,15.0,67,7.2,320,224,0,224
1997-04-28 16:00:00,15.6,63,6.5,330,544,369,311
1997-04-28 17:00:00,15.5,61,5.8,330,266,327,112
1997-04-28 18:00:00,15.0,59,5.1,340,214,567,55
1997-04-28 19:00:00,12.9,64,4.1,340,43,206,25
1997-04-28 20:00:00,11.0,66,3.1,330,0,0,0
1997-04-28 21:00:00,10.4,67,4.9,340,0,0,0
1997-04-28 22:00:00,10.0,66,6.7,340,0,0,0
1997-04-28 23:00:00,9.0,71,2.6,350,0,0,0
1997-04-29 00:00:00,9.0,71,1.5,330,0,0,0
1997-04-29 01:00:00,7.7,77,1.5,330,0,0,0
1997-04-29 02:00:00,7.0,81,1.5,330,0,0,0
1997-04-29 03:00:00,7.0,82,2.8,340,0,0,0
1997-04-29 04:00:00,7.0,81,4.1,340,0,0,0
1997-04-29 05:00:00,7.0,79,3.8,340,0,0,0
1997-04-29 06:00:00,7.2,77,3.5,350,23,170,12
1997-04-29 07:00:00,8.9,68,3.2,350,178,592,40
1997-04-29 08:00:00,11.2,59,2.9,360,389,777,60
1997-04-29 09:00:00,13.0,51,2.6,360,594,867,77
1997-04-29 10:00:00,14.6,49,2.6,360,767,917,90
1997-04-29 11:00:00,15.8,46,2.6,360,894,944,99
1997-04-29 12:00:00,17.1,45,2.6,350,963,957,103
1997-04-29 13:00:00,18.0,45,2.6,350,971,959,104
1997-04-29 14:00:00,19.0,43,4.1,320,917,949,100
1997-04-29 15:00:00,18.1,42,4.2,300,761,862,98
1997-04-29 16:00:00,18.2,42,3.8,290,642,883,81
1997-04-29 17:00:00,17.7,43,3.4,280,444,806,65
1997-04-29 18:00:00,16.8,44,2.9,270,231,656,45
1997-04-29 19:00:00,14.8,51,2.4,260,50,302,22
1997-04-29 20:00:00,13.0,55,1.8,240,0,0,0
1997-04-29 21:00:00,12.0,60,2.6,230,0,0,0
1997-04-29 22:00:00,11.2,64,3.5,230,0,0,0
1997-04-29 23:00:00,10.0,71,1.5,220,0,0,0
1997-04-30 00:00:00,8.9,76,1.2,250,0,0,0
1997-04-30 01:00:00,7.7,81,0.9,280,0,0,0
1997-04-30 02:00:00,7.1,83,0.6,300,0,0,0
1997-04-30 03:00:00,6.0,89,0.3,330,0,0,0
1997-04-30 04:00:00,5.0,93,0.0,0,0,0,0
1997-04-30 05:00:00,6.0,89,0.5,300,0,0,0
1997-04-30 06:00:00,7.3,82,1.0,250,23,139,14
1997-04-30 07:00:00,10.0,71,1.5,190,177,551,46
1997-04-30 08:00:00,13.0,67,0.0,0,386,743,69
1997-04-30 09:00:00,17.0,55,0.0,0,591,838,89
1997-04-30 10:00:00,20.0,49,1.5,120,763,890,104
1997-04-30 11:00:00,21.7,45,2.9,150,888,918,113
1997-04-30 12:00:00,23.6,42,4.3,180,957,931,118
1997-04-30 13:00:00,25.0,41,5.7,210,964,931,119
1997-04-30 14:00:00,25.8,39,5.1,220,908,920,115
1997-04-30 15:00:00,26.0,39,4.6,220,795,893,107
1997-04-30 16:00:00,25.9,39,4.4,210,633,846,93
1997-04-30 17:00:00,25.2,40,4.3,210,435,764,75
1997-04-30 18:00:00,24.1,41,4.1,200,225,605,52
1997-04-30 19:00:00,22.5,45,3.9,190,49,250,25
1997-04-30 20:00:00,21.0,49,3.8,190,0,0,0
1997-04-30 21:00:00,20.0,53,3.6,180,0,0,0
1997-04-30 22:00:00,17.4,57,3.4,190,0,0,0
1997-04-30 23:00:00,14.7,60,3.1,190,0,0,0
1997-05-01 00:00:00,12.1,63,2.9,200,0,0,0
1996-05-01 01:00:00,9.5,79,2.7,210,0,0,0
1996-05-01 02:00:00,6.9,89,2.5,0,0,0,0
1996-05-01 03:00:00,4.2,85,2.2,0,0,0,0
1996-05-01 04:00:00,1.6,96,2.0,230,0,0,0
1996-05-01 05:00:00,3.3,79,0.0,0,0,0,0
1996-05-01 06:00:00,3.3,82,0.0,0,20,25,18
1996-05-01 07:00:00,7.2,70,2.0,250,146,265,82
1996-05-01 08:00:00,11.6,54,2.5,180,291,341,145
1996-05-01 09:00:00,14.4,47,2.0,170,533,489,239
1996-05-01 10:00:00,16.1,42,4.1,190,693,623,229
1996-05-01 11:00:00,17.2,36,5.1,160,779,587,281
1996-05-01 12:00:00,18.3,29,5.6,200,753,533,271
1996-05-01 13:00:00,18.8,29,6.1,180,885,683,263
1996-05-01 14:00:00,19.4,29,5.6,210,829,641,274
1996-05-01 15:00:00,19.4,32,4.6,200,720,609,248
1996-05-01 16:00:00,17.2,36,5.6,250,291,51,258
1996-05-01 17:00:00,17.7,37,2.0,200,406,476,180
1996-05-01 18:00:00,17.2,43,0.0,0,157,40,145
1996-05-01 19:00:00,16.1,44,2.0,170,49,2,48
1996-05-01 20:00:00,14.4,49,3.0,180,0,0,0
1996-05-01 21:00:00,13.8,55,2.5,190,0,0,0
1996-05-01 22:00:00,10.5,93,0.0,0,0,0,0
1996-05-01 23:00:00,10.5,93,2.5,50,0,0,0
1996-05-02 00:00:00,10.0,96,2.0,350,0,0,0
1996-05-02 01:00:00,10.0,92,0.0,0,0,0,0
1996-05-02 02:00:00,9.4,96,1.5,190,0,0,0
1996-05-02 03:00:00,8.3,96,2.0,230,0,0,0
1996-05-02 04:00:00,7.2,100,0.0,0,0,0,0
1996-05-02 05:00:00,7.2,100,0.0,0,0,0,0
1996-05-02 06:00:00,7.2,100,0.0,0,27,167,16
1996-05-02 07:00:00,11.1,86,1.5,220,182,477,66
1996-05-02 08:00:00,13.3,83,0.0,0,308,536,76
1996-05-02 09:00:00,17.2,63,2.5,250,538,684,124
1996-05-02 10:00:00,20.0,43,3.0,270,720,807,117
1996-05-02 11:00:00,20.0,45,4.1,320,329,72,268
1996-05-02 12:00:00,21.6,35,4.6,280,609,124,496
1996-05-02 13:00:00,21.6,35,5.1,310,747,648,156
1996-05-02 14:00:00,22.7,33,3.0,340,817,685,222
1996-05-02 15:00:00,23.3,30,2.0,330,765,861,97
1996-05-02 16:00:00,22.2,31,2.5,360,587,769,93
1996-05-02 17:00:00,22.7,30,2.0,360,443,747,87
1996-05-02 18:00:00,21.6,34,0.0,0,196,446,66
1996-05-02 19:00:00,18.3,41,0.0,0,57,353,22
1996-05-02 20:00:00,14.4,69,0.0,0,0,7,0
1996-05-02 21:00:00,13.8,69,0.0,0,0,0,0
1996-05-02 22:00:00,12.7,80,0.0,0,0,0,0
1996-05-02 23:00:00,12.7,77,0.0,0,0,0,0
1996-05-03 00:00:00,12.7,75,0.0,0,0,0,0
1996-05-03 01:00:00,11.6,83,0.0,0,0,0,0
1996-05-03 02:00:00,12.7,80,0.0,0,0,0,0
1996-05-03 03:00:00,12.2,89,2.0,350,0,0,0
1996-05-03 04:00:00,12.7,86,0.0,0,0,0,0
1996-05-03 05:00:00,12.2,93,0.0,0,0,0,0
1996-05-03 06:00:00,12.7,90,0.0,0,29,178,16
1996-05-03 07:00:00,13.3,89,0.0,0,170,182,125
1996-05-03 08:00:00,13.8,87,0.0,0,125,0,125
1996-05-03 09:00:00,14.4,81,0.0,0,578,839,68
1996-05-03 10:00:00,15.5,83,0.0,0,620,552,207
1996-05-03 11:00:00,16.6,78,2.0,200,824,782,158
1996-05-03 12:00:00,17.7,81,1.5,190,649,433,256
1996-05-03 13:00:00,18.3,75,0.0,0,493,74,424
1996-05-03 14:00:00,20.5,71,2.0,180,773,717,149
1996-05-03 15:00:00,22.2,68,0.0,0,508,463,147
1996-05-03 16:00:00,22.7,66,1.5,90,561,621,161
1996-05-03 17:00:00,23.3,64,2.0,60,390,570,117
1996-05-03 18:00:00,21.6,73,2.0,40,158,75,135
1996-05-03 19:00:00,19.4,81,0.0,0,57,221,34
1996-05-03 20:00:00,17.7,87,0.0,0,0,2,0
1996-05-03 21:00:00,17.2,93,0.0,0,0,0,0
1996-05-03 22:00:00,15.5,97,0.0,0,0,0,0
1996-05-03 23:00:00,15.0,100,0.0,0,0,0,0
1996-05-04 00:00:00,13.3,100,0.0,0,0,0,0
1996-05-04 01:00:00,12.7,100,0.0,0,0,0,0
1996-05-04 02:00:00,13.3,100,0.0,0,0,0,0
1996-05-04 03:00:00,12.7,97,0.0,0,0,0,0
1996-05-04 04:00:00,12.7,97,0.0,0,0,0,0
1996-05-04 05:00:00,12.7,97,0.0,0,0,0,0
1996-05-04 06:00:00,13.8,100,2.0,230,9,0,9
1996-05-04 07:00:00,15.0,100,1.5,340,37,0,37
1996-05-04 08:00:00,15.5,100,2.0,340,78,0,78
1996-05-04 09:00:00,16.1,100,1.5,170,170,0,170
1996-05-04 10:00:00,16.6,100,1.5,280,408,18,394
1996-05-04 11:00:00,17.7,97,3.0,190,357,84,285
1996-05-04 12:00:00,18.8,97,3.6,210,617,29,590
1996-05-04 13:00:00,21.6,78,3.6,210,827,568,307
1996-05-04 14:00:00,25.5,54,4.6,280,789,610,257
1996-05-04 15:00:00,25.5,56,6.1,300,542,377,248
1996-05-04 16:00:00,26.1,54,4.1,310,499,437,216
1996-05-04 17:00:00,25.5,58,1.5,290,308,334,147
1996-05-04 18:00:00,25.0,62,0.0,0,165,123,128
1996-05-04 19:00:00,22.2,66,0.0,0,34,41,30
1996-05-04 20:00:00,21.1,75,0.0,0,0,0,0
1996-05-04 21:00:00,18.3,93,4.6,320,0,0,0
1996-05-04 22:00:00,17.2,93,3.0,10,0,0,0
1996-05-04 23:00:00,17.2,93,2.0,10,0,0,0
1996-05-05 00:00:00,16.6,90,2.0,320,0,0,0
1996-05-05 01:00:00,15.5,97,0.0,0,0,0,0
1996-05-05 02:00:00,15.5,97,3.0,300,0,0,0
1996-05-05 03:00:00,15.5,93,2.0,350,0,0,0
1996-05-05 04:00:00,15.5,97,1.5,10,0,0,0
1996-05-05 05:00:00,15.0,93,2.5,10,0,0,0
1996-05-05 06:00:00,14.4,90,3.0,10,33,190,18
1996-05-05 07:00:00,15.5,83,1.5,70,190,523,57
1996-05-05 08:00:00,17.7,73,3.0,70,353,501,131
1996-05-05 09:00:00,19.4,65,2.0,10,304,66,264
1996-05-05 10:00:00,20.0,61,1.5,110,418,68,366
1996-05-05 11:00:00,20.5,59,2.0,80,239,47,199
1996-05-05 12:00:00,20.5,57,0.0,0,579,72,513
1996-05-05 13:00:00,20.5,59,1.5,170,279,0,279
1996-05-05 14:00:00,21.1,57,1.5,270,265,0,265
1996-05-05 15:00:00,20.5,57,2.5,170,235,0,235
1996-05-05 16:00:00,18.3,78,2.5,140,192,0,192
1996-05-05 17:00:00,17.7,90,0.0,0,137,0,137
1996-05-05 18:00:00,16.1,90,2.5,130,77,0,77
1996-05-05 19:00:00,16.1,93,2.5,10,21,0,21
1996-05-05 20:00:00,14.4,100,1.5,120,0,0,0
1996-05-05 21:00:00,15.0,96,2.5,190,0,0,0
1996-05-05 22:00:00,15.0,100,4.1,170,0,0,0
1996-05-05 23:00:00,15.0,100,1.5,220,0,0,0
1996-05-06 00:00:00,15.0,96,2.0,170,0,0,0
1996-05-06 01:00:00,14.4,96,1.5,130,0,0,0
1996-05-06 02:00:00,14.4,96,0.0,0,0,0,0
1996-05-06 03:00:00,14.4,96,0.0,0,0,0,0
1996-05-06 04:00:00,13.8,100,0.0,0,0,0,0
1996-05-06 05:00:00,13.8,100,1.5,90,0,0,0
1996-05-06 06:00:00,13.8,100,0.0,0,10,0,10
1996-05-06 07:00:00,13.8,100,0.0,0,39,0,39
1996-05-06 08:00:00,16.6,93,2.5,350,273,120,219
1996-05-06 09:00:00,18.8,79,3.0,310,173,0,173
1996-05-06 10:00:00,20.5,68,5.1,320,388,61,341
1996-05-06 11:00:00,21.1,66,4.6,320,496,178,343
1996-05-06 12:00:00,21.1,59,6.6,320,465,68,402
1996-05-06 13:00:00,21.1,61,5.6,20,417,61,360
1996-05-06 14:00:00,20.0,65,5.6,360,247,52,201
1996-05-06 15:00:00,20.0,61,6.6,360,401,125,303
1996-05-06 16:00:00,18.3,60,3.6,10,496,359,262
1996-05-06 17:00:00,18.3,56,3.6,20,405,355,232
1996-05-06 18:00:00,16.6,65,4.1,20,219,429,90
1996-05-06 19:00:00,13.8,69,4.6,70,47,160,29
1996-05-06 20:00:00,12.7,69,3.0,50,0,0,0
1996-05-06 21:00:00,11.6,69,4.6,40,0,0,0
1996-05-06 22:00:00,10.5,71,1.5,40,0,0,0
1996-05-06 23:00:00,10.5,71,3.0,50,0,0,0
1996-05-07 00:00:00,9.4,74,2.5,60,0,0,0
1996-05-07 01:00:00,8.8,77,2.0,50,0,0,0
1996-05-07 02:00:00,8.8,83,0.0,0,0,0,0
1996-05-07 03:00:00,8.8,80,2.0,70,0,0,0
1996-05-07 04:00:00,8.3,83,2.0,90,0,0,0
1996-05-07 05:00:00,8.3,83,1.5,80,0,0,0
1996-05-07 06:00:00,8.8,77,2.5,100,14,0,14
1996-05-07 07:00:00,9.4,77,3.6,100,57,0,57
1996-05-07 08:00:00,10.0,74,2.0,110,117,0,117
1996-05-07 09:00:00,10.5,71,4.1,130,175,0,175
1996-05-07 10:00:00,11.1,68,3.6,150,222,0,222
1996-05-07 11:00:00,11.1,68,3.0,160,256,0,256
1996-05-07 12:00:00,11.1,71,3.6,160,274,0,274
1996-05-07 13:00:00,11.1,74,3.6,150,276,0,276
1996-05-07 14:00:00,9.4,93,3.0,140,262,0,262
1996-05-07 15:00:00,9.4,96,2.0,130,194,0,194
1996-05-07 16:00:00,8.8,93,3.0,150,187,0,187
1996-05-07 17:00:00,9.4,96,2.0,140,110,0,110
1996-05-07 18:00:00,8.8,100,2.0,150,49,0,49
1996-05-07 19:00:00,8.8,100,2.0,150,15,0,15
1996-05-07 20:00:00,9.4,96,2.0,150,0,0,0
1996-05-07 21:00:00,9.4,100,1.5,150,0,0,0
1996-05-07 22:00:00,9.4,100,2.0,150,0,0,0
1996-05-07 23:00:00,9.4,100,2.5,140,0,0,0
1996-05-08 00:00:00,10.0,100,2.0,150,0,0,0
1996-05-08 01:00:00,10.0,100,0.0,0,0,0,0
1996-05-08 02:00:00,10.0,100,0.0,0,0,0,0
1996-05-08 03:00:00,10.0,100,0.0,0,0,0,0
1996-05-08 04:00:00,10.0,100,0.0,0,0,0,0
1996-05-08 05:00:00,10.5,100,0.0,0,0,0,0
1996-05-08 06:00:00,10.5,100,0.0,0,11,0,11
1996-05-08 07:00:00,10.5,100,0.0,0,37,0,37
1996-05-08 08:00:00,11.6,90,0.0,0,94,0,94
1996-05-08 09:00:00,12.7,90,1.5,70,143,0,143
1996-05-08 10:00:00,13.8,87,1.5,100,183,0,183
1996-05-08 11:00:00,14.4,87,0.0,0,212,0,212
1996-05-08 12:00:00,14.4,87,0.0,0,228,0,228
1996-05-08 13:00:00,15.5,81,1.5,160,274,0,274
1996-05-08 14:00:00,16.1,80,2.0,100,259,0,259
1996-05-08 15:00:00,15.0,86,2.0,80,228,0,228
1996-05-08 16:00:00,14.4,93,2.0,100,183,0,183
1996-05-08 17:00:00,13.8,97,0.0,0,106,0,106
1996-05-08 18:00:00,13.8,100,2.0,130,56,0,56
1996-05-08 19:00:00,13.8,100,3.0,140,18,0,18
1996-05-08 20:00:00,13.8,100,1.5,160,0,0,0
1996-05-08 21:00:00,13.8,100,3.0,160,0,0,0
1996-05-08 22:00:00,13.8,100,2.5,150,0,0,0
1996-05-08 23:00:00,13.8,100,3.0,150,0,0,0
1996-05-09 00:00:00,13.3,100,3.6,150,0,0,0
1996-05-09 01:00:00,13.3,100,2.0,150,0,0,0
1996-05-09 02:00:00,13.3,100,2.0,120,0,0,0
1996-05-09 03:00:00,13.3,100,2.5,130,0,0,0
1996-05-09 04:00:00,13.3,100,0.0,0,0,0,0
1996-05-09 05:00:00,13.3,100,1.5,110,0,0,0
1996-05-09 06:00:00,13.3,100,2.5,80,9,0,9
1996-05-09 07:00:00,12.7,100,2.0,80,45,0,45
1996-05-09 08:00:00,12.7,100,3.0,50,87,0,87
1996-05-09 09:00:00,13.3,96,3.0,80,127,0,127
1996-05-09 10:00:00,13.8,97,3.0,80,190,0,190
1996-05-09 11:00:00,15.0,90,0.0,0,218,0,218
1996-05-09 12:00:00,15.0,90,2.0,90,233,0,233
1996-05-09 13:00:00,15.5,87,3.6,80,234,0,234
1996-05-09 14:00:00,15.5,87,4.1,130,222,0,222
1996-05-09 15:00:00,15.5,87,2.5,160,197,0,197
1996-05-09 16:00:00,15.5,87,2.5,120,161,0,161
1996-05-09 17:00:00,15.0,90,2.5,110,115,0,115
1996-05-09 18:00:00,14.4,93,2.0,90,78,0,78
1996-05-09 19:00:00,14.4,93,1.5,100,19,0,19
1996-05-09 20:00:00,14.4,93,2.0,120,0,0,0
1996-05-09 21:00:00,14.4,90,1.5,120,0,0,0
1996-05-09 22:00:00,13.8,97,2.0,160,0,0,0
1996-05-09 23:00:00,13.8,93,2.0,160,0,0,0
1996-05-10 00:00:00,13.8,97,2.5,150,0,0,0
1996-05-10 01:00:00,13.3,100,2.5,160,0,0,0
1996-05-10 02:00:00,13.3,100,1.5,150,0,0,0
1996-05-10 03:00:00,13.3,100,2.0,160,0,0,0
1996-05-10 04:00:00,13.3,100,1.5,160,0,0,0
1996-05-10 05:00:00,13.3,100,2.0,160,0,0,0
1996-05-10 06:00:00,13.8,100,0.0,0,11,0,11
1996-05-10 07:00:00,13.8,100,1.5,170,42,0,42
1996-05-10 08:00:00,14.4,100,2.5,170,84,0,84
1996-05-10 09:00:00,15.0,93,2.5,170,124,0,124
1996-05-10 10:00:00,16.1,93,2.0,180,157,0,157
1996-05-10 11:00:00,16.1,93,3.6,180,180,0,180
1996-05-10 12:00:00,17.7,90,3.6,170,231,0,231
1996-05-10 13:00:00,20.5,81,3.0,170,232,0,232
1996-05-10 14:00:00,21.1,75,3.0,170,411,178,253
1996-05-10 15:00:00,23.3,71,2.5,180,563,443,212
1996-05-10 16:00:00,24.4,71,5.1,180,605,680,156
1996-05-10 17:00:00,23.3,76,2.0,180,414,591,121
1996-05-10 18:00:00,23.8,76,2.5,150,222,459,79
1996-05-10 19:00:00,22.7,79,2.0,150,48,157,29
1996-05-10 20:00:00,21.1,87,0.0,0,0,5,0
1996-05-10 21:00:00,20.5,93,2.0,150,0,0,0
1996-05-10 22:00:00,17.7,100,0.0,0,0,0,0
1996-05-10 23:00:00,16.1,100,0.0,0,0,0,0
1996-05-11 00:00:00,16.1,100,0.0,0,0,0,0
1996-05-11 01:00:00,15.0,100,0.0,0,0,0,0
1996-05-11 02:00:00,15.0,100,0.0,0,0,0,0
1996-05-11 03:00:00,14.4,100,0.0,0,0,0,0
1996-05-11 04:00:00,13.3,100,0.0,0,0,0,0
1996-05-11 05:00:00,14.4,100,0.0,0,0,0,0
1996-05-11 06:00:00,16.6,100,0.0,0,20,11,19
1996-05-11 07:00:00,16.6,100,0.0,0,119,37,108
1996-05-11 08:00:00,21.6,76,0.0,0,111,80,74
1996-05-11 09:00:00,27.2,56,3.0,170,467,469,172
1996-05-11 10:00:00,27.7,55,4.6,200,616,563,184
1996-05-11 11:00:00,28.8,51,5.6,190,842,611,312
1996-05-11 12:00:00,30.0,48,6.1,200,921,761,219
1996-05-11 13:00:00,30.5,46,7.7,220,504,158,357
1996-05-11 14:00:00,18.3,90,6.6,300,267,0,267
1996-05-11 15:00:00,17.7,97,1.5,210,237,0,237
1996-05-11 16:00:00,18.3,96,0.0,0,194,0,194
1996-05-11 17:00:00,18.3,96,9.2,350,140,0,140
1996-05-11 18:00:00,17.2,96,0.0,0,80,0,80
1996-05-11 19:00:00,17.2,96,2.0,300,50,20,47
1996-05-11 20:00:00,15.5,81,9.7,300,0,0,0
1996-05-11 21:00:00,12.7,77,10.8,300,0,0,0
1996-05-11 22:00:00,11.6,71,9.2,320,0,0,0
1996-05-11 23:00:00,10.0,68,6.1,310,0,0,0
1996-05-12 00:00:00,10.0,71,3.0,300,0,0,0
1996-05-12 01:00:00,9.4,71,4.1,300,0,0,0
1996-05-12 02:00:00,8.8,71,3.6,300,0,0,0
1996-05-12 03:00:00,8.8,74,0.0,0,0,0,0
1996-05-12 04:00:00,8.8,74,4.1,300,0,0,0
1996-05-12 05:00:00,8.8,71,3.6,330,0,0,0
1996-05-12 06:00:00,8.8,58,1.5,300,21,0,21
1996-05-12 07:00:00,8.3,58,5.6,300,191,492,56
1996-05-12 08:00:00,10.0,52,6.1,310,393,625,105
1996-05-12 09:00:00,11.1,44,7.7,310,562,642,158
1996-05-12 10:00:00,12.2,41,6.1,300,694,769,102
1996-05-12 11:00:00,13.8,40,12.8,320,792,661,217
1996-05-12 12:00:00,13.8,39,9.2,310,498,80,423
1996-05-12 13:00:00,13.8,39,7.7,320,445,0,444
1996-05-12 14:00:00,13.8,37,7.2,310,572,77,504
1996-05-12 15:00:00,13.8,39,8.7,300,239,0,239
1996-05-12 16:00:00,13.3,38,9.2,320,620,788,97
1996-05-12 17:00:00,13.3,40,7.7,320,465,733,99
1996-05-12 18:00:00,11.6,41,4.6,300,82,0,82
1996-05-12 19:00:00,10.5,48,5.1,310,28,38,23
1996-05-12 20:00:00,9.4,52,4.1,330,0,26,0
1996-05-12 21:00:00,8.3,58,3.0,310,0,0,0
1996-05-12 22:00:00,7.7,60,4.1,300,0,0,0
1996-05-12 23:00:00,6.6,63,1.5,310,0,0,0
1996-05-13 00:00:00,6.1,65,0.0,0,0,0,0
1996-05-13 01:00:00,5.5,64,0.0,0,0,0,0
1996-05-13 02:00:00,3.3,79,1.5,300,0,0,0
1996-05-13 03:00:00,3.8,66,2.5,280,0,0,0
1996-05-13 04:00:00,3.8,69,3.0,310,0,0,0
1996-05-13 05:00:00,3.3,69,2.0,310,0,0,0
1996-05-13 06:00:00,5.0,61,1.5,290,46,38,42
1996-05-13 07:00:00,6.1,54,3.6,320,129,60,113
1996-05-13 08:00:00,8.8,43,5.1,330,251,112,199
1996-05-13 09:00:00,9.4,31,5.1,330,249,92,191
1996-05-13 10:00:00,10.5,30,3.0,340,400,73,343
1996-05-13 11:00:00,11.6,29,4.6,320,359,90,281
1996-05-13 12:00:00,12.2,34,4.6,340,575,41,537
1996-05-13 13:00:00,13.8,32,2.0,280,915,797,173
1996-05-13 14:00:00,13.8,29,6.1,350,959,838,216
1996-05-13 15:00:00,13.8,28,3.0,320,760,725,182
1996-05-13 16:00:00,14.4,30,5.1,310,595,615,185
1996-05-13 17:00:00,13.8,27,3.0,360,421,636,102
1996-05-13 18:00:00,12.7,31,3.0,350,185,284,94
1996-05-13 19:00:00,9.4,43,0.0,0,26,0,26
1996-05-13 20:00:00,8.3,48,0.0,0,0,0,0
1996-05-13 21:00:00,5.5,68,0.0,0,0,0,0
1996-05-13 22:00:00,5.5,64,0.0,0,0,0,0
1996-05-13 23:00:00,5.0,70,0.0,0,0,0,0
1996-05-14 00:00:00,3.3,85,0.0,0,0,0,0
1996-05-14 01:00:00,3.3,82,0.0,0,0,0,0
1996-05-14 02:00:00,1.6,89,0.0,0,0,0,0
1996-05-14 03:00:00,1.6,85,0.0,0,0,0,0
1996-05-14 04:00:00,0.5,96,0.0,0,0,0,0
1996-05-14 05:00:00,0.5,87,0.0,0,0,0,0
1996-05-14 06:00:00,2.2,85,0.0,0,25,40,21
1996-05-14 07:00:00,7.7,74,0.0,0,152,169,105
1996-05-14 08:00:00,11.6,41,2.0,350,265,265,142
1996-05-14 09:00:00,12.2,37,2.5,30,489,519,161
1996-05-14 10:00:00,13.3,30,0.0,0,647,643,151
1996-05-14 11:00:00,13.8,28,2.0,350,533,149,403
1996-05-14 12:00:00,14.4,26,1.5,10,715,316,421
1996-05-14 13:00:00,16.1,32,2.5,330,763,461,332
1996-05-14 14:00:00,16.1,28,0.0,0,878,851,122
1996-05-14 15:00:00,17.2,27,2.0,150,785,863,97
1996-05-14 16:00:00,17.2,23,0.0,0,667,859,94
1996-05-14 17:00:00,17.2,23,1.5,240,476,808,68
1996-05-14 18:00:00,16.1,26,0.0,0,269,680,50
1996-05-14 19:00:00,13.8,34,0.0,0,83,418,28
1996-05-14 20:00:00,11.1,48,0.0,0,1,30,0
1996-05-14 21:00:00,10.0,56,0.0,0,0,0,0
1996-05-14 22:00:00,7.7,74,0.0,0,0,0,0
1996-05-14 23:00:00,8.3,65,0.0,0,0,0,0
1996-05-15 00:00:00,8.8,71,0.0,0,0,0,0
1996-05-15 01:00:00,8.3,83,0.0,0,0,0,0
1996-05-15 02:00:00,8.8,66,0.0,0,0,0,0
1996-05-15 03:00:00,7.2,79,0.0,0,0,0,0
1996-05-15 04:00:00,8.3,68,2.0,180,0,0,0
1996-05-15 05:00:00,8.3,71,0.0,0,0,0,0
1996-05-15 06:00:00,10.0,65,3.0,190,36,75,29
1996-05-15 07:00:00,11.6,59,4.6,200,194,371,90
1996-05-15 08:00:00,12.2,56,4.1,220,324,128,264
1996-05-15 09:00:00,13.8,53,4.1,190,160,49,129
1996-05-15 10:00:00,15.0,49,3.6,180,765,710,215
1996-05-15 11:00:00,16.1,44,3.6,170,350,77,282
1996-05-15 12:00:00,16.6,48,4.6,210,860,641,265
1996-05-15 13:00:00,14.4,51,2.5,230,238,76,167
1996-05-15 14:00:00,12.2,80,0.0,0,260,0,260
1996-05-15 15:00:00,12.2,69,3.0,170,229,0,229
1996-05-15 16:00:00,11.1,80,2.0,200,183,0,183
1996-05-15 17:00:00,9.4,83,2.5,210,127,0,127
1996-05-15 18:00:00,8.8,93,2.0,200,68,0,68
1996-05-15 19:00:00,8.3,89,1.5,190,32,0,32
1996-05-15 20:00:00,8.3,96,2.0,190,0,0,0
1996-05-15 21:00:00,8.3,96,1.5,170,0,0,0
1996-05-15 22:00:00,8.3,100,1.5,160,0,0,0
1996-05-15 23:00:00,8.3,100,0.0,0,0,0,0
1996-05-16 00:00:00,8.3,100,0.0,0,0,0,0
1996-05-16 01:00:00,8.3,100,0.0,0,0,0,0
1996-05-16 02:00:00,8.8,100,0.0,0,0,0,0
1996-05-16 03:00:00,8.8,100,0.0,0,0,0,0
1996-05-16 04:00:00,8.8,100,0.0,0,0,0,0
1996-05-16 05:00:00,9.4,100,0.0,0,0,0,0
1996-05-16 06:00:00,10.0,100,0.0,0,15,0,15
1996-05-16 07:00:00,10.0,100,0.0,0,40,0,40
1996-05-16 08:00:00,10.5,100,0.0,0,81,0,81
1996-05-16 09:00:00,11.6,100,1.5,270,122,0,122
1996-05-16 10:00:00,12.2,96,0.0,0,186,0,186
1996-05-16 11:00:00,12.7,93,0.0,0,214,0,214
1996-05-16 12:00:00,13.8,90,1.5,190,230,0,230
1996-05-16 13:00:00,15.0,83,0.0,0,276,0,276
1996-05-16 14:00:00,15.5,81,0.0,0,261,0,261
1996-05-16 15:00:00,15.5,81,0.0,0,231,0,231
1996-05-16 16:00:00,16.1,80,0.0,0,186,0,186
1996-05-16 17:00:00,15.5,83,0.0,0,130,0,130
1996-05-16 18:00:00,15.0,90,0.0,0,70,0,70
1996-05-16 19:00:00,15.0,90,0.0,0,68,136,50
1996-05-16 20:00:00,14.4,93,0.0,0,1,1,0
1996-05-16 21:00:00,14.4,100,2.0,10,0,0,0
1996-05-16 22:00:00,13.8,100,0.0,0,0,0,0
1996-05-16 23:00:00,13.8,97,1.5,360,0,0,0
1996-05-17 00:00:00,13.8,100,0.0,0,0,0,0
1996-05-17 01:00:00,13.8,100,0.0,0,0,0,0
1996-05-17 02:00:00,13.8,100,0.0,0,0,0,0
1996-05-17 03:00:00,13.8,97,1.5,20,0,0,0
1996-05-17 04:00:00,13.8,97,0.0,0,0,0,0
1996-05-17 05:00:00,13.8,97,1.5,10,0,0,0
1996-05-17 06:00:00,13.8,93,0.0,0,25,0,25
1996-05-17 07:00:00,13.8,93,0.0,0,72,0,72
1996-05-17 08:00:00,13.3,100,0.0,0,79,0,79
1996-05-17 09:00:00,13.8,100,1.5,50,119,0,119
1996-05-17 10:00:00,13.8,100,0.0,0,154,0,154
1996-05-17 11:00:00,14.4,100,2.0,230,179,0,179
1996-05-17 12:00:00,15.0,96,0.0,0,192,0,192
1996-05-17 13:00:00,16.6,93,0.0,0,232,0,232
1996-05-17 14:00:00,17.7,87,2.0,180,219,0,219
1996-05-17 15:00:00,18.8,84,1.5,180,192,0,192
1996-05-17 16:00:00,19.4,87,0.0,0,182,0,182
1996-05-17 17:00:00,19.4,87,2.0,160,125,0,125
1996-05-17 18:00:00,19.4,87,2.0,150,208,69,185
1996-05-17 19:00:00,18.8,90,0.0,0,37,0,37
1996-05-17 20:00:00,18.3,96,0.0,0,0,0,0
1996-05-17 21:00:00,17.7,97,0.0,0,0,0,0
1996-05-17 22:00:00,17.2,100,1.5,120,0,0,0
1996-05-17 23:00:00,17.7,97,1.5,150,0,0,0
1996-05-18 00:00:00,17.7,97,0.0,0,0,0,0
1996-05-18 01:00:00,17.7,97,1.5,170,0,0,0
1996-05-18 02:00:00,17.2,100,1.5,180,0,0,0
1996-05-18 03:00:00,17.2,100,0.0,0,0,0,0
1996-05-18 04:00:00,17.2,100,0.0,0,0,0,0
1996-05-18 05:00:00,17.2,100,1.5,160,0,0,0
1996-05-18 06:00:00,17.7,100,1.5,170,18,0,18
1996-05-18 07:00:00,18.3,100,1.5,190,49,0,49
1996-05-18 08:00:00,18.8,100,0.0,0,78,0,78
1996-05-18 09:00:00,20.0,93,1.5,180,119,0,119
1996-05-18 10:00:00,23.3,82,1.5,170,688,552,258
1996-05-18 11:00:00,26.1,74,2.5,180,828,591,309
1996-05-18 12:00:00,29.4,65,3.6,200,789,452,367
1996-05-18 13:00:00,31.1,55,4.1,180,826,551,309
1996-05-18 14:00:00,32.2,54,4.6,200,686,257,456
1996-05-18 15:00:00,33.3,49,4.6,190,623,369,325
1996-05-18 16:00:00,33.3,47,4.6,190,461,188,334
1996-05-18 17:00:00,32.7,49,4.6,190,307,209,200
1996-05-18 18:00:00,31.1,52,4.1,200,117,47,101
1996-05-18 19:00:00,28.8,61,2.0,210,75,11,73
1996-05-18 20:00:00,26.6,67,1.5,230,1,0,1
1996-05-18 21:00:00,25.0,74,1.5,230,0,0,0
1996-05-18 22:00:00,23.3,79,1.5,220,0,0,0
1996-05-18 23:00:00,22.2,81,0.0,0,0,0,0
1996-05-19 00:00:00,21.1,87,0.0,0,0,0,0
1996-05-19 01:00:00,20.5,90,0.0,0,0,0,0
1996-05-19 02:00:00,20.0,93,1.5,210,0,0,0
1996-05-19 03:00:00,20.0,87,0.0,0,0,0,0
1996-05-19 04:00:00,21.1,78,0.0,0,0,0,0
1996-05-19 05:00:00,20.5,78,0.0,0,0,0,0
1996-05-19 06:00:00,22.2,76,0.0,0,46,148,31
1996-05-19 07:00:00,26.1,62,0.0,0,206,473,69
1996-05-19 08:00:00,29.4,53,5.1,290,407,646,100
1996-05-19 09:00:00,30.0,50,7.7,300,602,741,126
1996-05-19 10:00:00,30.5,50,5.6,290,766,797,145
1996-05-19 11:00:00,31.1,52,3.0,290,561,283,313
1996-05-19 12:00:00,32.7,44,4.1,250,609,189,432
1996-05-19 13:00:00,33.3,42,2.5,270,959,846,164
1996-05-19 14:00:00,35.0,40,3.0,230,661,146,530
1996-05-19 15:00:00,35.0,42,3.6,240,462,241,268
1996-05-19 16:00:00,35.5,39,4.1,210,644,759,131
1996-05-19 17:00:00,34.4,41,4.1,200,308,275,166
1996-05-19 18:00:00,32.7,47,3.0,210,251,526,76
1996-05-19 19:00:00,30.5,52,1.5,220,76,239,42
1996-05-19 20:00:00,28.3,56,1.5,240,1,5,1
1996-05-19 21:00:00,26.6,62,2.5,250,0,0,0
1996-05-19 22:00:00,26.1,67,3.0,250,0,0,0
1996-05-19 23:00:00,25.5,72,3.6,250,0,0,0
1996-05-20 00:00:00,23.3,82,2.0,260,0,0,0
1996-05-20 01:00:00,21.6,91,1.5,270,0,0,0
1996-05-20 02:00:00,21.1,90,1.5,240,0,0,0
1996-05-20 03:00:00,21.1,84,1.5,250,0,0,0
1996-05-20 04:00:00,20.0,81,0.0,0,0,0,0
1996-05-20 05:00:00,19.4,81,1.5,220,0,0,0
1996-05-20 06:00:00,19.4,87,0.0,0,41,51,36
1996-05-20 07:00:00,23.8,76,0.0,0,185,315,93
1996-05-20 08:00:00,29.4,51,6.1,300,383,504,143
1996-05-20 09:00:00,30.0,51,5.1,300,580,617,184
1996-05-20 10:00:00,31.1,52,5.6,300,748,685,214
1996-05-20 11:00:00,32.2,44,3.6,300,871,724,233
1996-05-20 12:00:00,33.3,41,3.6,290,937,743,242
1996-05-20 13:00:00,34.4,40,4.1,270,944,745,243
1996-05-20 14:00:00,35.5,38,5.1,200,890,729,236
1996-05-20 15:00:00,35.0,39,3.0,230,780,694,219
1996-05-20 16:00:00,36.1,38,3.6,210,621,633,192
1996-05-20 17:00:00,35.0,42,3.0,200,428,532,153
1996-05-20 18:00:00,33.8,46,1.5,190,227,365,105
1996-05-20 19:00:00,31.1,55,0.0,0,67,108,51
1996-05-20 20:00:00,29.4,59,0.0,0,1,0,1
1996-05-20 21:00:00,27.2,69,2.0,200,0,0,0
1996-05-20 22:00:00,26.1,74,0.0,0,0,0,0
1996-05-20 23:00:00,25.0,76,2.0,210,0,0,0
1996-05-21 00:00:00,25.5,74,1.5,240,0,0,0
1996-05-21 01:00:00,25.0,74,1.5,240,0,0,0
1996-05-21 02:00:00,24.4,76,2.0,250,0,0,0
1996-05-21 03:00:00,22.7,85,2.0,260,0,0,0
1996-05-21 04:00:00,23.8,76,0.0,0,0,0,0
1996-05-21 05:00:00,22.2,84,0.0,0,0,0,0
1996-05-21 06:00:00,21.6,91,0.0,0,37,9,36
1996-05-21 07:00:00,25.0,76,0.0,0,147,50,132
1996-05-21 08:00:00,28.8,59,1.5,270,333,299,191
1996-05-21 09:00:00,30.5,52,2.5,270,459,300,265
1996-05-21 10:00:00,31.1,47,4.1,260,590,370,301
1996-05-21 11:00:00,31.6,47,5.6,260,751,499,311
1996-05-21 12:00:00,32.2,44,4.1,250,800,499,333
1996-05-21 13:00:00,33.3,40,4.6,240,816,319,515
1996-05-21 14:00:00,33.8,37,2.5,250,562,194,387
1996-05-21 15:00:00,31.6,44,7.2,330,232,0,232
1996-05-21 16:00:00,28.3,59,6.1,350,540,380,282
1996-05-21 17:00:00,23.3,79,5.6,340,128,0,128
1996-05-21 18:00:00,21.1,93,7.2,330,85,0,85
1996-05-21 19:00:00,21.1,93,0.0,0,55,6,54
1996-05-21 20:00:00,21.1,96,0.0,0,1,0,1
1996-05-21 21:00:00,20.5,97,1.5,300,0,0,0
1996-05-21 22:00:00,20.5,93,4.1,300,0,0,0
1996-05-21 23:00:00,20.0,90,0.0,0,0,0,0
1996-05-22 00:00:00,18.8,97,1.5,300,0,0,0
1996-05-22 01:00:00,18.8,93,0.0,0,0,0,0
1996-05-22 02:00:00,17.2,96,0.0,0,0,0,0
1996-05-22 03:00:00,17.7,87,3.6,310,0,0,0
1996-05-22 04:00:00,17.2,87,3.0,320,0,0,0
1996-05-22 05:00:00,15.5,93,0.0,0,0,4,0
1996-05-22 06:00:00,17.2,87,0.0,0,57,249,31
1996-05-22 07:00:00,18.8,79,0.0,0,161,349,58
1996-05-22 08:00:00,22.7,59,3.6,340,432,691,101
1996-05-22 09:00:00,23.3,57,2.5,340,426,502,102
1996-05-22 10:00:00,24.4,46,2.5,350,705,749,119
1996-05-22 11:00:00,25.0,48,2.0,330,807,581,294
1996-05-22 12:00:00,26.1,45,3.6,310,906,813,145
1996-05-22 13:00:00,25.5,45,2.5,290,857,673,223
1996-05-22 14:00:00,27.2,41,2.5,300,870,779,170
1996-05-22 15:00:00,26.1,39,2.0,330,270,12,260
1996-05-22 16:00:00,27.2,38,3.0,350,602,678,141
1996-05-22 17:00:00,27.2,33,4.1,340,454,683,99
1996-05-22 18:00:00,26.1,36,1.5,340,258,513,84
1996-05-22 19:00:00,23.3,46,0.0,0,87,274,46
1996-05-22 20:00:00,20.5,57,0.0,0,2,26,1
1996-05-22 21:00:00,17.2,72,0.0,0,0,0,0
1996-05-22 22:00:00,16.1,78,0.0,0,0,0,0
1996-05-22 23:00:00,16.1,75,0.0,0,0,0,0
1996-05-23 00:00:00,15.0,80,0.0,0,0,0,0
1996-05-23 01:00:00,13.8,84,0.0,0,0,0,0
1996-05-23 02:00:00,12.7,84,0.0,0,0,0,0
1996-05-23 03:00:00,13.3,80,0.0,0,0,0,0
1996-05-23 04:00:00,12.2,86,0.0,0,0,0,0
1996-05-23 05:00:00,11.1,93,2.5,270,0,0,0
1996-05-23 06:00:00,13.8,87,0.0,0,42,56,36
1996-05-23 07:00:00,17.7,67,0.0,0,132,96,103
1996-05-23 08:00:00,20.5,63,0.0,0,182,52,157
1996-05-23 09:00:00,23.8,52,0.0,0,530,384,282
1996-05-23 10:00:00,25.5,47,0.0,0,516,173,381
1996-05-23 11:00:00,27.2,41,2.0,320,742,294,482
1996-05-23 12:00:00,27.7,38,3.0,310,732,393,362
1996-05-23 13:00:00,28.8,33,3.0,230,540,151,398
1996-05-23 14:00:00,29.4,30,2.5,180,378,109,279
1996-05-23 15:00:00,29.4,33,3.6,230,575,118,479
1996-05-23 16:00:00,29.4,32,4.1,200,473,313,259
1996-05-23 17:00:00,28.8,32,3.0,180,334,198,230
1996-05-23 18:00:00,26.6,41,2.0,190,183,12,178
1996-05-23 19:00:00,26.1,43,1.5,200,51,15,49
1996-05-23 20:00:00,24.4,48,2.0,180,2,0,2
1996-05-23 21:00:00,22.7,55,2.0,180,0,0,0
1996-05-23 22:00:00,21.6,61,1.5,200,0,0,0
1996-05-23 23:00:00,21.6,64,0.0,0,0,0,0
1996-05-24 00:00:00,21.1,68,0.0,0,0,0,0
1996-05-24 01:00:00,21.1,68,2.0,280,0,0,0
1996-05-24 02:00:00,22.2,61,2.0,300,0,0,0
1996-05-24 03:00:00,22.2,59,3.6,320,0,0,0
1996-05-24 04:00:00,18.8,73,1.5,360,0,0,0
1996-05-24 05:00:00,18.8,73,3.6,340,0,0,0
1996-05-24 06:00:00,18.8,73,2.0,350,29,0,29
1996-05-24 07:00:00,19.4,73,1.5,340,211,361,103
1996-05-24 08:00:00,21.6,61,2.0,360,191,75,155
1996-05-24 09:00:00,23.8,56,2.5,20,420,330,206
1996-05-24 10:00:00,25.0,54,2.5,30,721,716,159
1996-05-24 11:00:00,25.5,50,1.5,40,740,474,320
1996-05-24 12:00:00,23.8,60,1.5,350,452,144,317
1996-05-24 13:00:00,25.0,56,3.6,360,297,60,240
1996-05-24 14:00:00,23.3,55,1.5,330,462,78,392
1996-05-24 15:00:00,23.8,56,1.5,360,733,655,200
1996-05-24 16:00:00,23.3,55,2.0,310,193,0,193
1996-05-24 17:00:00,22.2,59,2.5,290,139,0,139
1996-05-24 18:00:00,19.4,84,0.0,0,79,0,79
1996-05-24 19:00:00,18.8,87,1.5,240,46,2,46
1996-05-24 20:00:00,17.7,87,1.5,290,1,0,1
1996-05-24 21:00:00,16.6,93,0.0,0,0,0,0
1996-05-24 22:00:00,16.6,93,0.0,0,0,0,0
1996-05-24 23:00:00,16.6,93,0.0,0,0,0,0
1996-05-25 00:00:00,17.7,84,1.5,10,0,0,0
1996-05-25 01:00:00,17.7,84,2.0,10,0,0,0
1996-05-25 02:00:00,17.2,65,2.0,40,0,0,0
1996-05-25 03:00:00,15.5,50,1.5,40,0,0,0
1996-05-25 04:00:00,15.0,47,3.0,40,0,0,0
1996-05-25 05:00:00,15.0,45,2.5,10,0,0,0
1996-05-25 06:00:00,13.8,42,2.0,20,21,0,21
1996-05-25 07:00:00,13.3,45,1.5,30,70,0,70
1996-05-25 08:00:00,13.8,45,2.0,20,129,0,129
1996-05-25 09:00:00,15.0,49,2.5,50,185,0,185
1996-05-25 10:00:00,14.4,47,3.0,10,231,0,231
1996-05-25 11:00:00,14.4,47,1.5,20,263,0,263
1996-05-25 12:00:00,14.4,51,1.5,10,281,0,281
1996-05-25 13:00:00,15.0,45,0.0,0,283,0,283
1996-05-25 14:00:00,15.5,48,0.0,0,269,0,269
1996-05-25 15:00:00,17.7,43,1.5,160,744,680,190
1996-05-25 16:00:00,18.3,40,1.5,250,462,430,167
1996-05-25 17:00:00,18.3,41,0.0,0,464,627,134
1996-05-25 18:00:00,17.2,44,1.5,220,214,282,117
1996-05-25 19:00:00,15.5,58,0.0,0,82,255,42
1996-05-25 20:00:00,13.3,67,0.0,0,3,27,2
1996-05-25 21:00:00,11.6,77,2.5,240,0,0,0
1996-05-25 22:00:00,11.6,71,2.0,240,0,0,0
1996-05-25 23:00:00,10.0,83,0.0,0,0,0,0
1996-05-26 00:00:00,9.4,89,0.0,0,0,0,0
1996-05-26 01:00:00,10.5,89,0.0,0,0,0,0
1996-05-26 02:00:00,10.5,97,0.0,0,0,0,0
1996-05-26 03:00:00,11.6,83,0.0,0,0,0,0
1996-05-26 04:00:00,11.1,89,0.0,0,0,0,0
1996-05-26 05:00:00,11.1,93,0.0,0,0,4,0
1996-05-26 06:00:00,12.7,77,2.0,10,23,0,23
1996-05-26 07:00:00,13.3,74,0.0,0,68,0,68
1996-05-26 08:00:00,14.4,69,1.5,80,127,0,127
1996-05-26 09:00:00,15.0,64,1.5,110,183,0,183
1996-05-26 10:00:00,15.0,60,2.5,130,229,0,229
1996-05-26 11:00:00,14.4,67,1.5,90,262,0,262
1996-05-26 12:00:00,13.3,87,1.5,100,280,0,280
1996-05-26 13:00:00,13.3,89,1.5,100,282,0,282
1996-05-26 14:00:00,12.2,89,2.0,150,268,0,268
1996-05-26 15:00:00,11.6,90,1.5,110,238,0,238
1996-05-26 16:00:00,11.6,100,0.0,0,137,0,137
1996-05-26 17:00:00,11.6,100,0.0,0,142,0,142
1996-05-26 18:00:00,11.6,100,1.5,130,82,0,82
1996-05-26 19:00:00,11.6,97,2.0,150,29,0,29
1996-05-26 20:00:00,11.6,97,1.5,120,2,0,2
1996-05-26 21:00:00,11.6,97,0.0,0,0,0,0
1996-05-26 22:00:00,11.6,97,0.0,0,0,0,0
1996-05-26 23:00:00,11.6,97,0.0,0,0,0,0
1996-05-27 00:00:00,11.1,100,0.0,0,0,0,0
1996-05-27 01:00:00,11.1,100,0.0,0,0,0,0
1996-05-27 02:00:00,11.1,100,0.0,0,0,0,0
1996-05-27 03:00:00,11.1,100,0.0,0,0,0,0
1996-05-27 04:00:00,11.1,100,1.5,60,0,0,0
1996-05-27 05:00:00,11.1,100,2.0,60,0,0,0
1996-05-27 06:00:00,11.1,100,2.5,80,21,0,21
1996-05-27 07:00:00,11.1,100,2.0,70,47,0,47
1996-05-27 08:00:00,11.6,100,2.0,70,81,0,81
1996-05-27 09:00:00,11.6,100,2.0,60,121,0,121
1996-05-27 10:00:00,12.2,100,2.5,60,155,0,155
1996-05-27 11:00:00,12.2,100,1.5,80,215,0,215
1996-05-27 12:00:00,12.2,100,1.5,90,193,0,193
1996-05-27 13:00:00,11.6,97,3.6,90,194,0,194
1996-05-27 14:00:00,11.6,100,3.0,80,184,0,184
1996-05-27 15:00:00,11.6,100,2.0,90,194,0,194
1996-05-27 16:00:00,11.6,97,2.0,90,157,0,157
1996-05-27 17:00:00,11.6,100,2.0,60,110,0,110
1996-05-27 18:00:00,11.6,100,1.5,110,53,0,53
1996-05-27 19:00:00,11.6,100,2.0,130,40,0,40
1996-05-27 20:00:00,11.6,100,0.0,0,1,0,1
1996-05-27 21:00:00,11.6,100,2.0,110,0,0,0
1996-05-27 22:00:00,11.6,100,0.0,0,0,0,0
1996-05-27 23:00:00,11.6,100,1.5,100,0,0,0
1996-05-28 00:00:00,11.6,100,1.5,100,0,0,0
1996-05-28 01:00:00,11.1,100,3.0,110,0,0,0
1996-05-28 02:00:00,11.1,96,2.0,70,0,0,0
1996-05-28 03:00:00,10.5,100,2.0,100,0,0,0
1996-05-28 04:00:00,10.5,100,0.0,0,0,0,0
1996-05-28 05:00:00,10.5,100,2.0,70,0,0,0
1996-05-28 06:00:00,11.1,100,0.0,0,26,0,26
1996-05-28 07:00:00,11.6,97,1.5,60,57,0,57
1996-05-28 08:00:00,12.2,100,1.5,90,90,0,90
1996-05-28 09:00:00,12.7,100,1.5,90,123,0,123
1996-05-28 10:00:00,13.3,96,0.0,0,158,0,158
1996-05-28 11:00:00,13.8,97,2.0,130,262,0,262
1996-05-28 12:00:00,13.8,97,3.0,120,236,0,236
1996-05-28 13:00:00,13.8,93,0.0,0,237,0,237
1996-05-28 14:00:00,14.4,96,2.0,90,225,0,225
1996-05-28 15:00:00,14.4,93,2.5,120,198,0,198
1996-05-28 16:00:00,13.8,97,3.0,130,159,0,159
1996-05-28 17:00:00,14.4,93,2.0,110,117,0,117
1996-05-28 18:00:00,13.8,93,3.0,130,79,0,79
1996-05-28 19:00:00,13.3,96,1.5,120,38,0,38
1996-05-28 20:00:00,12.7,100,1.5,120,1,0,1
1996-05-28 21:00:00,12.7,100,2.0,120,0,0,0
1996-05-28 22:00:00,12.7,100,3.0,130,0,0,0
1996-05-28 23:00:00,12.7,100,1.5,140,0,0,0
1996-05-29 00:00:00,12.7,100,2.0,160,0,0,0
1996-05-29 01:00:00,12.2,100,2.5,150,0,0,0
1996-05-29 02:00:00,12.2,100,1.5,140,0,0,0
1996-05-29 03:00:00,12.2,100,1.5,100,0,0,0
1996-05-29 04:00:00,12.2,100,1.5,130,0,0,0
1996-05-29 05:00:00,12.2,100,1.5,150,0,0,0
1996-05-29 06:00:00,12.2,100,2.5,120,21,0,21
1996-05-29 07:00:00,12.7,100,0.0,0,50,0,50
1996-05-29 08:00:00,12.7,100,1.5,160,81,0,81
1996-05-29 09:00:00,12.7,100,1.5,110,122,0,122
1996-05-29 10:00:00,12.7,100,3.0,110,156,0,156
1996-05-29 11:00:00,13.3,100,2.0,60,180,0,180
1996-05-29 12:00:00,13.8,100,2.5,60,194,0,194
1996-05-29 13:00:00,13.8,100,3.6,70,234,0,234
1996-05-29 14:00:00,13.3,100,2.5,70,221,0,221
1996-05-29 15:00:00,13.3,96,1.5,40,195,0,195
1996-05-29 16:00:00,13.3,96,1.5,20,157,0,157
1996-05-29 17:00:00,13.3,93,2.0,10,132,0,132
1996-05-29 18:00:00,13.3,93,1.5,10,81,0,81
1996-05-29 19:00:00,13.3,93,1.5,20,43,0,43
1996-05-29 20:00:00,11.1,96,0.0,0,3,0,3
1996-05-29 21:00:00,11.1,93,0.0,0,0,0,0
1996-05-29 22:00:00,9.4,100,0.0,0,0,0,0
1996-05-29 23:00:00,9.4,100,1.5,280,0,0,0
1996-05-30 00:00:00,9.4,100,1.5,350,0,0,0
1996-05-30 01:00:00,10.0,60,2.0,10,0,0,0
1996-05-30 02:00:00,8.8,66,1.5,340,0,0,0
1996-05-30 03:00:00,6.6,90,1.5,330,0,0,0
1996-05-30 04:00:00,6.6,79,2.0,330,0,0,0
1996-05-30 05:00:00,6.6,76,2.0,320,0,0,0
1996-05-30 06:00:00,9.4,74,0.0,0,26,0,26
1996-05-30 07:00:00,12.2,61,3.0,350,65,0,65
1996-05-30 08:00:00,13.8,55,4.1,340,124,0,124
1996-05-30 09:00:00,15.5,50,5.1,330,180,0,180
1996-05-30 10:00:00,16.6,52,7.2,340,227,0,227
1996-05-30 11:00:00,17.2,46,4.6,360,260,0,260
1996-05-30 12:00:00,18.3,37,6.6,350,402,68,337
1996-05-30 13:00:00,19.4,37,4.1,360,280,0,280
1996-05-30 14:00:00,20.0,37,4.6,340,266,0,266
1996-05-30 15:00:00,20.0,40,4.1,10,353,106,265
1996-05-30 16:00:00,20.5,33,4.1,340,363,86,303
1996-05-30 17:00:00,21.1,33,3.6,360,198,47,173
1996-05-30 18:00:00,20.0,37,2.5,360,173,207,99
1996-05-30 19:00:00,18.8,37,0.0,0,92,117,72
1996-05-30 20:00:00,13.8,69,0.0,0,4,18,3
1996-05-30 21:00:00,11.1,83,0.0,0,0,0,0
1996-05-30 22:00:00,10.5,80,0.0,0,0,0,0
1996-05-30 23:00:00,8.3,93,0.0,0,0,0,0
1996-05-31 00:00:00,7.7,97,0.0,0,0,0,0
1996-05-31 01:00:00,7.2,89,0.0,0,0,0,0
1996-05-31 02:00:00,6.6,90,0.0,0,0,0,0
1996-05-31 03:00:00,6.1,93,0.0,0,0,0,0
1996-05-31 04:00:00,5.0,92,0.0,0,0,0,0
1996-05-31 05:00:00,5.0,92,0.0,0,0,0,0
1996-05-31 06:00:00,7.7,90,0.0,0,38,9,37
1996-05-31 07:00:00,12.7,69,0.0,0,43,0,43
1996-05-31 08:00:00,16.1,56,0.0,0,355,435,143
1996-05-31 09:00:00,18.3,41,1.5,360,147,0,147
1996-05-31 10:00:00,19.4,40,2.5,340,319,57,274
1996-05-31 11:00:00,20.5,36,1.5,330,822,591,296
1996-05-31 12:00:00,21.1,33,0.0,0,981,829,198
1996-05-31 13:00:00,22.2,33,0.0,0,988,830,198
1996-05-31 14:00:00,23.3,28,0.0,0,936,818,193
1996-05-31 15:00:00,23.3,30,1.5,270,827,788,180
1996-05-31 16:00:00,23.8,27,2.0,200,669,735,160
1996-05-31 17:00:00,23.3,27,1.5,230,476,646,131
1996-05-31 18:00:00,22.7,29,1.5,210,270,494,94
1996-05-31 19:00:00,20.5,37,0.0,0,91,226,53
1996-05-31 20:00:00,17.2,58,0.0,0,4,6,4
1996-05-31 21:00:00,14.4,69,0.0,0,0,0,0
1996-05-31 22:00:00,14.0,80,0.0,0,0,0,0
1996-05-31 23:00:00,13.6,83,0.0,0,0,0,0
1996-06-01 00:00:00,13.2,86,0.0,0,0,0,0
1995-06-01 01:00:00,12.8,93,0.0,0,0,0,0
1995-06-01 02:00:00,12.4,97,0.0,0,0,0,0
1995-06-01 03:00:00,12.0,100,0.0,0,0,0,0
1995-06-01 04:00:00,11.6,100,0.0,0,0,0,0
1995-06-01 05:00:00,11.1,100,0.0,0,0,2,0
1995-06-01 06:00:00,12.2,100,0.0,0,65,169,44
1995-06-01 07:00:00,16.1,86,0.0,0,188,331,86
1995-06-01 08:00:00,20.0,73,1.5,180,395,555,123
1995-06-01 09:00:00,21.6,68,3.0,180,382,276,202
1995-06-01 10:00:00,22.7,62,3.0,170,370,121,274
1995-06-01 11:00:00,25.0,54,3.6,200,880,773,192
1995-06-01 12:00:00,25.0,56,3.6,200,947,862,133
1995-06-01 13:00:00,26.6,51,4.1,210,930,802,167
1995-06-01 14:00:00,26.6,51,4.1,200,642,201,458
1995-06-01 15:00:00,26.1,54,3.0,210,604,118,507
1995-06-01 16:00:00,25.5,56,3.6,190,196,0,196
1995-06-01 17:00:00,25.0,58,2.5,190,142,0,142
1995-06-01 18:00:00,23.8,64,1.5,170,156,44,141
1995-06-01 19:00:00,23.3,66,0.0,0,44,20,40
1995-06-01 20:00:00,22.2,66,0.0,0,3,0,3
1995-06-01 21:00:00,21.6,68,2.0,160,0,0,0
1995-06-01 22:00:00,21.6,71,1.5,190,0,0,0
1995-06-01 23:00:00,21.1,73,0.0,0,0,0,0
1995-06-02 00:00:00,20.5,76,1.5,150,0,0,0
1995-06-02 01:00:00,18.8,87,2.0,150,0,0,0
1995-06-02 02:00:00,18.8,84,1.5,150,0,0,0
1995-06-02 03:00:00,18.3,87,2.0,140,0,0,0
1995-06-02 04:00:00,18.3,90,0.0,0,0,0,0
1995-06-02 05:00:00,17.7,93,0.0,0,0,4,0
1995-06-02 06:00:00,19.4,87,1.5,150,63,218,36
1995-06-02 07:00:00,20.5,87,2.0,180,227,516,69
1995-06-02 08:00:00,21.6,82,2.5,180,422,665,96
1995-06-02 09:00:00,25.0,71,3.6,190,593,713,127
1995-06-02 10:00:00,25.5,72,3.6,180,769,798,138
1995-06-02 11:00:00,27.2,67,5.6,200,636,365,311
1995-06-02 12:00:00,27.7,65,5.1,200,885,656,265
1995-06-02 13:00:00,28.8,63,6.6,210,956,830,166
1995-06-02 14:00:00,27.7,65,7.7,180,874,652,281
1995-06-02 15:00:00,27.2,69,5.6,180,806,798,150
1995-06-02 16:00:00,26.1,74,5.1,180,657,764,126
1995-06-02 17:00:00,25.5,77,5.1,190,472,677,109
1995-06-02 18:00:00,24.4,79,3.0,200,221,280,120
1995-06-02 19:00:00,23.8,85,4.1,190,99,197,65
1995-06-02 20:00:00,23.3,82,4.1,200,5,25,4
1995-06-02 21:00:00,22.2,84,3.6,220,0,0,0
1995-06-02 22:00:00,21.6,84,3.6,210,0,0,0
1995-06-02 23:00:00,20.5,93,1.5,210,0,0,0
1995-06-03 00:00:00,20.5,90,3.6,200,0,0,0
1995-06-03 01:00:00,20.0,93,1.5,230,0,0,0
1995-06-03 02:00:00,19.4,100,2.0,150,0,0,0
1995-06-03 03:00:00,19.4,96,2.5,180,0,0,0
1995-06-03 04:00:00,19.4,96,4.1,180,0,0,0
1995-06-03 05:00:00,18.8,100,2.0,200,0,0,0
1995-06-03 06:00:00,18.9,99,2.5,190,44,24,41
1995-06-03 07:00:00,20.0,96,3.0,180,133,80,108
1995-06-03 08:00:00,21.1,90,2.0,230,150,5,148
1995-06-03 09:00:00,21.6,91,1.5,200,548,482,232
1995-06-03 10:00:00,24.4,76,0.0,0,706,459,343
1995-06-03 11:00:00,27.2,62,2.5,200,344,84,268
1995-06-03 12:00:00,26.6,60,0.0,0,272,37,236
1995-06-03 13:00:00,28.3,59,3.6,180,685,143,549
1995-06-03 14:00:00,18.3,93,0.0,0,265,0,265
1995-06-03 15:00:00,19.4,96,0.0,0,754,568,286
1995-06-03 16:00:00,18.8,97,2.5,230,190,0,190
1995-06-03 17:00:00,18.8,100,2.5,180,280,103,225
1995-06-03 18:00:00,20.0,93,2.5,210,239,288,135
1995-06-03 19:00:00,18.8,93,1.5,220,78,116,58
1995-06-03 20:00:00,18.3,96,2.0,180,4,0,4
1995-06-03 21:00:00,18.3,96,0.0,0,0,0,0
1995-06-03 22:00:00,18.3,96,1.5,290,0,0,0
1995-06-03 23:00:00,18.3,93,0.0,0,0,0,0
1995-06-04 00:00:00,17.2,96,0.0,0,0,0,0
1995-06-04 01:00:00,17.7,93,0.0,0,0,0,0
1995-06-04 02:00:00,18.8,84,0.0,0,0,0,0
1995-06-04 03:00:00,18.3,84,3.0,290,0,0,0
1995-06-04 04:00:00,18.3,78,0.0,0,0,0,0
1995-06-04 05:00:00,16.6,87,1.5,360,0,0,0
1995-06-04 06:00:00,17.7,81,0.0,0,50,6,49
1995-06-04 07:00:00,20.0,73,3.6,350,108,24,100
1995-06-04 08:00:00,21.1,70,7.2,320,291,108,238
1995-06-04 09:00:00,22.2,68,4.1,340,291,95,228
1995-06-04 10:00:00,22.2,68,4.1,330,225,0,225
1995-06-04 11:00:00,23.3,64,4.6,340,261,0,261
1995-06-04 12:00:00,25.5,56,5.1,330,916,584,363
1995-06-04 13:00:00,26.6,54,5.6,340,845,563,307
1995-06-04 14:00:00,27.2,52,5.1,340,781,532,296
1995-06-04 15:00:00,27.2,51,4.6,350,412,20,395
1995-06-04 16:00:00,26.6,51,2.0,30,589,514,230
1995-06-04 17:00:00,26.6,53,3.6,50,417,417,192
1995-06-04 18:00:00,25.5,56,2.5,60,243,321,127
1995-06-04 19:00:00,23.8,62,1.5,70,78,73,65
1995-06-04 20:00:00,22.2,66,0.0,0,6,0,6
1995-06-04 21:00:00,18.8,84,0.0,0,0,0,0
1995-06-04 22:00:00,17.7,90,0.0,0,0,0,0
1995-06-04 23:00:00,16.1,93,0.0,0,0,0,0
1995-06-05 00:00:00,15.5,97,0.0,0,0,0,0
1995-06-05 01:00:00,14.4,100,0.0,0,0,0,0
1995-06-05 02:00:00,14.4,96,0.0,0,0,0,0
1995-06-05 03:00:00,13.3,96,0.0,0,0,0,0
1995-06-05 04:00:00,13.8,97,0.0,0,0,0,0
1995-06-05 05:00:00,13.8,97,0.0,0,0,0,0
1995-06-05 06:00:00,14.4,100,0.0,0,55,105,42
1995-06-05 07:00:00,17.7,81,0.0,0,209,383,90
1995-06-05 08:00:00,20.5,71,2.0,60,407,558,133
1995-06-05 09:00:00,22.7,62,0.0,0,602,661,168
1995-06-05 10:00:00,25.0,56,0.0,0,733,680,194
1995-06-05 11:00:00,26.6,53,1.5,210,831,544,345
1995-06-05 12:00:00,26.6,51,1.5,230,835,554,310
1995-06-05 13:00:00,27.7,49,3.6,200,975,765,245
1995-06-05 14:00:00,26.6,51,2.5,210,873,634,294
1995-06-05 15:00:00,26.6,51,4.1,180,828,734,222
1995-06-05 16:00:00,25.5,58,3.6,170,583,571,184
1995-06-05 17:00:00,25.0,58,3.0,180,465,593,145
1995-06-05 18:00:00,23.8,67,2.0,180,265,443,103
1995-06-05 19:00:00,23.3,66,2.0,180,92,193,58
1995-06-05 20:00:00,21.1,73,0.0,0,5,3,5
1995-06-05 21:00:00,19.4,84,0.0,0,0,0,0
1995-06-05 22:00:00,17.7,90,0.0,0,0,0,0
1995-06-05 23:00:00,17.2,93,0.0,0,0,0,0
1995-06-06 00:00:00,16.1,96,0.0,0,0,0,0
1995-06-06 01:00:00,15.5,93,0.0,0,0,0,0
1995-06-06 02:00:00,15.0,100,0.0,0,0,0,0
1995-06-06 03:00:00,14.4,96,0.0,0,0,0,0
1995-06-06 04:00:00,14.4,100,1.5,340,0,0,0
1995-06-06 05:00:00,16.1,100,0.0,0,0,0,0
1995-06-06 06:00:00,16.6,97,0.0,0,64,36,59
1995-06-06 07:00:00,17.2,93,1.5,350,154,120,117
1995-06-06 08:00:00,18.8,90,3.0,10,108,0,108
1995-06-06 09:00:00,22.2,73,1.5,30,535,461,233
1995-06-06 10:00:00,23.3,64,2.0,70,661,430,320
1995-06-06 11:00:00,22.7,66,2.0,50,263,0,263
1995-06-06 12:00:00,21.6,78,2.0,40,281,0,281
1995-06-06 13:00:00,22.2,81,2.5,40,283,0,283
1995-06-06 14:00:00,23.3,76,2.0,70,270,0,270
1995-06-06 15:00:00,22.2,79,3.6,90,241,0,241
1995-06-06 16:00:00,23.3,76,2.0,10,199,0,199
1995-06-06 17:00:00,22.2,81,2.5,50,146,0,146
1995-06-06 18:00:00,22.2,81,2.0,10,87,0,87
1995-06-06 19:00:00,21.6,82,2.0,10,34,0,34
1995-06-06 20:00:00,21.1,84,2.0,360,4,0,4
1995-06-06 21:00:00,20.5,87,1.5,360,0,0,0
1995-06-06 22:00:00,20.0,90,0.0,0,0,0,0
1995-06-06 23:00:00,19.4,90,0.0,0,0,0,0
1995-06-07 00:00:00,19.4,90,2.0,330,0,0,0
1995-06-07 01:00:00,19.4,87,3.0,320,0,0,0
1995-06-07 02:00:00,19.4,87,2.5,320,0,0,0
1995-06-07 03:00:00,19.4,87,4.1,310,0,0,0
1995-06-07 04:00:00,19.4,84,3.0,310,0,0,0
1995-06-07 05:00:00,18.8,90,0.0,0,0,0,0
1995-06-07 06:00:00,20.0,84,0.0,0,51,44,45
1995-06-07 07:00:00,21.6,76,0.0,0,179,261,98
1995-06-07 08:00:00,23.3,71,1.5,300,334,384,146
1995-06-07 09:00:00,25.5,66,4.6,300,563,555,199
1995-06-07 10:00:00,27.7,63,4.1,300,754,673,220
1995-06-07 11:00:00,28.3,56,3.6,320,838,653,255
1995-06-07 12:00:00,30.0,51,4.1,310,530,320,226
1995-06-07 13:00:00,30.0,53,4.1,310,936,658,307
1995-06-07 14:00:00,31.1,48,3.0,260,815,617,251
1995-06-07 15:00:00,30.9,50,4.6,270,670,508,249
1995-06-07 16:00:00,31.1,52,2.5,250,587,547,204
1995-06-07 17:00:00,28.8,63,2.5,310,443,498,172
1995-06-07 18:00:00,28.3,63,2.0,210,214,261,118
1995-06-07 19:00:00,27.7,67,1.5,290,57,5,56
1995-06-07 20:00:00,24.4,74,2.5,290,7,1,7
1995-06-07 21:00:00,25.0,62,2.5,290,0,0,0
1995-06-07 22:00:00,24.4,64,2.0,280,0,0,0
1995-06-07 23:00:00,23.3,69,0.0,0,0,0,0
1995-06-08 00:00:00,21.6,76,1.5,230,0,0,0
1995-06-08 01:00:00,22.7,72,0.0,0,0,0,0
1995-06-08 02:00:00,23.8,69,0.0,0,0,0,0
1995-06-08 03:00:00,22.2,81,1.5,270,0,0,0
1995-06-08 04:00:00,21.6,84,0.0,0,0,0,0
1995-06-08 05:00:00,20.5,90,2.0,200,0,4,0
1995-06-08 06:00:00,22.2,84,3.0,230,65,217,37
1995-06-08 07:00:00,25.5,74,3.6,280,228,507,71
1995-06-08 08:00:00,27.2,65,3.6,320,422,654,101
1995-06-08 09:00:00,28.3,61,5.1,330,580,531,231
1995-06-08 10:00:00,29.4,59,4.1,10,757,773,143
1995-06-08 11:00:00,29.8,57,6.6,330,878,799,164
1995-06-08 12:00:00,30.0,55,5.6,310,894,772,161
1995-06-08 13:00:00,30.5,54,5.6,320,956,830,163
1995-06-08 14:00:00,31.1,48,4.1,310,911,823,158
1995-06-08 15:00:00,30.0,50,5.6,340,811,790,156
1995-06-08 16:00:00,30.0,55,2.0,20,631,672,159
1995-06-08 17:00:00,30.0,53,3.6,350,472,655,115
1995-06-08 18:00:00,28.8,59,3.0,330,263,471,90
1995-06-08 19:00:00,27.7,61,2.0,340,87,70,74
1995-06-08 20:00:00,25.5,69,1.5,320,6,12,6
1995-06-08 21:00:00,24.4,69,2.0,340,0,0,0
1995-06-08 22:00:00,24.4,66,1.5,40,0,0,0
1995-06-08 23:00:00,23.3,71,1.5,20,0,0,0
1995-06-09 00:00:00,22.2,76,2.5,30,0,0,0
1995-06-09 01:00:00,21.1,78,2.0,40,0,0,0
1995-06-09 02:00:00,20.0,78,3.6,10,0,0,0
1995-06-09 03:00:00,18.8,79,3.6,10,0,0,0
1995-06-09 04:00:00,18.3,78,3.6,20,0,0,0
1995-06-09 05:00:00,17.2,80,1.5,10,0,0,0
1995-06-09 06:00:00,17.2,80,1.5,40,56,26,53
1995-06-09 07:00:00,17.7,78,2.5,50,224,435,89
1995-06-09 08:00:00,19.4,76,2.5,60,126,0,126
1995-06-09 09:00:00,20.0,73,1.5,10,182,0,182
1995-06-09 10:00:00,21.1,70,3.0,60,478,272,262
1995-06-09 11:00:00,22.7,66,1.5,100,889,678,283
1995-06-09 12:00:00,23.8,64,0.0,0,954,701,290
1995-06-09 13:00:00,26.1,58,0.0,0,927,738,221
1995-06-09 14:00:00,26.1,58,0.0,0,269,0,269
1995-06-09 15:00:00,25.5,62,0.0,0,240,0,240
1995-06-09 16:00:00,25.0,66,2.0,90,198,0,198
1995-06-09 17:00:00,24.4,69,2.0,100,144,0,144
1995-06-09 18:00:00,23.8,71,1.5,110,201,274,100
1995-06-09 19:00:00,23.3,71,0.0,0,35,0,35
1995-06-09 20:00:00,23.3,76,0.0,0,4,0,4
1995-06-09 21:00:00,22.7,79,2.5,150,0,0,0
1995-06-09 22:00:00,22.2,79,0.0,0,0,0,0
1995-06-09 23:00:00,22.2,81,0.0,0,0,0,0
1995-06-10 00:00:00,22.2,81,0.0,0,0,0,0
1995-06-10 01:00:00,22.2,81,2.0,150,0,0,0
1995-06-10 02:00:00,21.6,84,1.5,160,0,0,0
1995-06-10 03:00:00,21.6,84,3.0,180,0,0,0
1995-06-10 04:00:00,21.1,87,3.0,160,0,0,0
1995-06-10 05:00:00,20.5,87,4.1,170,0,0,0
1995-06-10 06:00:00,20.5,81,3.0,160,29,0,29
1995-06-10 07:00:00,20.5,81,3.6,180,84,0,84
1995-06-10 08:00:00,21.1,78,4.6,170,131,0,131
1995-06-10 09:00:00,21.1,78,2.5,200,178,0,178
1995-06-10 10:00:00,21.6,78,2.5,170,228,0,228
1995-06-10 11:00:00,22.7,76,3.0,180,264,0,264
1995-06-10 12:00:00,23.3,76,3.0,170,283,0,283
1995-06-10 13:00:00,25.0,68,3.0,150,286,0,286
1995-06-10 14:00:00,24.4,74,4.1,160,272,0,272
1995-06-10 15:00:00,24.4,74,3.0,190,241,0,241
1995-06-10 16:00:00,22.7,85,4.6,180,196,0,196
1995-06-10 17:00:00,21.6,93,2.5,200,121,0,121
1995-06-10 18:00:00,21.1,90,2.0,200,140,14,135
1995-06-10 19:00:00,20.0,93,0.0,0,65,3,64
1995-06-10 20:00:00,20.0,93,2.0,150,6,0,6
1995-06-10 21:00:00,20.5,97,3.6,150,0,0,0
1995-06-10 22:00:00,21.1,96,2.0,190,0,0,0
1995-06-10 23:00:00,21.1,96,0.0,0,0,0,0
1995-06-11 00:00:00,20.0,100,0.0,0,0,0,0
1995-06-11 01:00:00,20.0,100,0.0,0,0,0,0
1995-06-11 02:00:00,19.4,100,0.0,0,0,0,0
1995-06-11 03:00:00,19.4,100,1.5,190,0,0,0
1995-06-11 04:00:00,19.4,96,0.0,0,0,0,0
1995-06-11 05:00:00,18.8,100,0.0,0,0,0,0
1995-06-11 06:00:00,19.4,96,0.0,0,24,0,24
1995-06-11 07:00:00,20.5,93,0.0,0,109,24,102
1995-06-11 08:00:00,22.2,90,0.0,0,253,39,234
1995-06-11 09:00:00,24.4,79,1.5,160,439,278,257
1995-06-11 10:00:00,26.6,74,0.0,0,563,131,458
1995-06-11 11:00:00,28.8,65,1.5,200,775,475,351
1995-06-11 12:00:00,30.0,63,1.5,180,874,595,309
1995-06-11 13:00:00,31.1,55,3.0,180,911,572,363
1995-06-11 14:00:00,31.1,55,3.0,170,844,567,325
1995-06-11 15:00:00,31.6,54,3.6,230,650,301,400
1995-06-11 16:00:00,31.6,52,3.6,160,390,226,231
1995-06-11 17:00:00,26.1,74,10.2,290,139,0,139
1995-06-11 18:00:00,20.5,90,4.6,310,67,0,67
1995-06-11 19:00:00,20.5,93,1.5,170,78,60,66
1995-06-11 20:00:00,20.0,96,0.0,0,6,0,6
1995-06-11 21:00:00,19.4,96,0.0,0,0,0,0
1995-06-11 22:00:00,19.4,100,0.0,0,0,0,0
1995-06-11 23:00:00,19.4,100,0.0,0,0,0,0
1995-06-12 00:00:00,19.4,100,0.0,0,0,0,0
1995-06-12 01:00:00,19.4,96,1.5,180,0,0,0
1995-06-12 02:00:00,19.4,96,2.5,210,0,0,0
1995-06-12 03:00:00,18.8,97,0.0,0,0,0,0
1995-06-12 04:00:00,18.8,97,0.0,0,0,0,0
1995-06-12 05:00:00,18.8,97,1.5,190,0,0,0
1995-06-12 06:00:00,18.8,97,0.0,0,21,0,21
1995-06-12 07:00:00,17.7,90,6.6,320,59,0,59
1995-06-12 08:00:00,16.6,90,4.6,340,129,0,129
1995-06-12 09:00:00,16.1,93,4.1,340,184,0,184
1995-06-12 10:00:00,16.1,90,5.6,340,230,0,230
1995-06-12 11:00:00,16.6,90,4.1,320,263,0,263
1995-06-12 12:00:00,16.6,93,6.1,340,281,0,281
1995-06-12 13:00:00,17.2,90,4.6,340,284,0,284
1995-06-12 14:00:00,17.2,87,5.1,350,271,0,271
1995-06-12 15:00:00,17.7,84,3.0,40,243,0,243
1995-06-12 16:00:00,16.1,90,2.5,10,201,0,201
1995-06-12 17:00:00,16.6,81,1.5,40,148,0,148
1995-06-12 18:00:00,17.2,78,2.0,10,197,136,146
1995-06-12 19:00:00,16.6,78,0.0,0,110,273,59
1995-06-12 20:00:00,16.1,83,0.0,0,8,30,6
1995-06-12 21:00:00,15.0,90,0.0,0,0,0,0
1995-06-12 22:00:00,14.4,96,0.0,0,0,0,0
1995-06-12 23:00:00,13.3,96,1.5,310,0,0,0
1995-06-13 00:00:00,13.8,93,0.0,0,0,0,0
1995-06-13 01:00:00,13.3,89,1.5,350,0,0,0
1995-06-13 02:00:00,12.7,84,2.0,360,0,0,0
1995-06-13 03:00:00,12.7,86,2.5,350,0,0,0
1995-06-13 04:00:00,12.2,80,2.5,350,0,0,0
1995-06-13 05:00:00,12.7,80,2.0,360,0,0,0
1995-06-13 06:00:00,15.0,66,3.6,10,46,11,45
1995-06-13 07:00:00,15.5,67,3.0,360,132,87,105
1995-06-13 08:00:00,17.2,58,4.1,40,333,292,189
1995-06-13 09:00:00,18.8,52,4.6,20,563,354,330
1995-06-13 10:00:00,18.8,54,4.1,50,436,134,329
1995-06-13 11:00:00,18.8,57,3.6,360,324,78,254
1995-06-13 12:00:00,19.4,49,6.1,340,824,507,342
1995-06-13 13:00:00,18.8,50,4.1,330,932,648,312
1995-06-13 14:00:00,18.8,52,3.6,330,860,615,296
1995-06-13 15:00:00,20.5,53,3.0,360,742,584,255
1995-06-13 16:00:00,21.1,49,3.0,350,599,427,297
1995-06-13 17:00:00,20.0,54,2.0,10,434,357,237
1995-06-13 18:00:00,20.0,57,0.0,0,240,282,135
1995-06-13 19:00:00,18.3,70,0.0,0,89,111,68
1995-06-13 20:00:00,16.6,78,1.5,270,7,0,7
1995-06-13 21:00:00,16.1,75,0.0,0,0,0,0
1995-06-13 22:00:00,15.0,83,0.0,0,0,0,0
1995-06-13 23:00:00,15.0,83,1.5,260,0,0,0
1995-06-14 00:00:00,14.4,83,1.5,260,0,0,0
1995-06-14 01:00:00,14.4,81,0.0,0,0,0,0
1995-06-14 02:00:00,16.1,72,1.0,350,0,0,0
1995-06-14 03:00:00,16.1,69,2.0,330,0,0,0
1995-06-14 04:00:00,15.0,69,1.5,340,0,0,0
1995-06-14 05:00:00,15.5,67,3.6,310,0,0,0
1995-06-14 06:00:00,16.6,62,1.5,350,51,59,44
1995-06-14 07:00:00,18.3,58,3.0,340,183,277,96
1995-06-14 08:00:00,20.0,54,4.1,320,386,449,165
1995-06-14 09:00:00,21.6,51,4.6,330,508,482,191
1995-06-14 10:00:00,23.3,50,5.1,340,586,367,294
1995-06-14 11:00:00,23.8,46,4.1,10,840,644,265
1995-06-14 12:00:00,25.0,46,3.6,340,875,634,273
1995-06-14 13:00:00,26.1,43,4.1,330,898,638,287
1995-06-14 14:00:00,26.1,43,5.1,330,879,665,268
1995-06-14 15:00:00,26.6,42,4.1,350,784,585,297
1995-06-14 16:00:00,26.6,42,4.6,350,588,503,232
1995-06-14 17:00:00,26.6,42,2.5,340,456,505,178
1995-06-14 18:00:00,21.6,68,2.0,20,250,313,133
1995-06-14 19:00:00,21.1,70,0.0,0,81,95,63
1995-06-14 20:00:00,19.4,78,2.0,20,7,0,7
1995-06-14 21:00:00,19.4,78,2.0,270,0,0,0
1995-06-14 22:00:00,18.3,78,1.5,260,0,0,0
1995-06-14 23:00:00,18.3,75,1.5,350,0,0,0
1995-06-15 00:00:00,17.7,81,2.5,360,0,0,0
1995-06-15 01:00:00,17.2,78,2.0,360,0,0,0
1995-06-15 02:00:00,17.2,70,1.5,360,0,0,0
1995-06-15 03:00:00,14.4,81,2.0,330,0,0,0
1995-06-15 04:00:00,14.4,75,2.5,320,0,0,0
1995-06-15 05:00:00,13.3,77,1.5,330,0,1,0
1995-06-15 06:00:00,15.5,70,2.0,330,60,154,40
1995-06-15 07:00:00,18.1,62,2.0,340,220,447,81
1995-06-15 08:00:00,20.5,53,2.0,340,420,615,117
1995-06-15 09:00:00,22.2,42,0.0,0,614,712,147
1995-06-15 10:00:00,23.3,37,1.5,50,773,752,176
1995-06-15 11:00:00,24.4,37,3.0,90,852,741,189
1995-06-15 12:00:00,24.4,39,0.0,0,955,793,202
1995-06-15 13:00:00,25.0,33,0.0,0,885,621,289
1995-06-15 14:00:00,25.5,35,0.0,0,797,599,246
1995-06-15 15:00:00,26.1,35,1.5,30,825,765,187
1995-06-15 16:00:00,26.1,36,0.0,0,675,710,171
1995-06-15 17:00:00,26.1,36,0.0,0,481,611,143
1995-06-15 18:00:00,23.8,48,1.5,120,275,450,106
1995-06-15 19:00:00,23.3,44,0.0,0,106,162,74
1995-06-15 20:00:00,19.4,65,0.0,0,9,5,8
1995-06-15 21:00:00,17.2,75,0.0,0,0,0,0
1995-06-15 22:00:00,17.2,70,2.0,160,0,0,0
1995-06-15 23:00:00,16.1,78,0.0,0,0,0,0
1995-06-16 00:00:00,14.4,83,0.0,0,0,0,0
1995-06-16 01:00:00,13.8,87,0.0,0,0,0,0
1995-06-16 02:00:00,14.4,83,0.0,0,0,0,0
1995-06-16 03:00:00,13.3,87,0.0,0,0,0,0
1995-06-16 04:00:00,13.3,89,0.0,0,0,0,0
1995-06-16 05:00:00,12.7,90,0.0,0,0,0,0
1995-06-16 06:00:00,15.0,80,0.0,0,56,111,42
1995-06-16 07:00:00,17.2,75,0.0,0,206,359,94
1995-06-16 08:00:00,21.6,57,1.5,180,379,510,129
1995-06-16 09:00:00,22.7,51,2.5,210,566,601,171
1995-06-16 10:00:00,25.0,42,4.6,190,742,684,200
1995-06-16 11:00:00,25.0,43,3.6,200,749,612,203
1995-06-16 12:00:00,26.1,43,4.6,170,910,736,210
1995-06-16 13:00:00,26.6,44,4.6,170,926,744,212
1995-06-16 14:00:00,27.2,42,3.0,160,869,729,199
1995-06-16 15:00:00,27.2,42,3.6,180,812,740,195
1995-06-16 16:00:00,27.2,42,4.1,160,642,658,175
1995-06-16 17:00:00,26.1,45,3.0,160,384,386,171
1995-06-16 18:00:00,25.0,46,3.0,160,280,326,157
1995-06-16 19:00:00,23.3,50,2.5,170,107,249,59
1995-06-16 20:00:00,21.6,57,2.5,170,8,2,8
1995-06-16 21:00:00,20.0,58,1.5,180,0,0,0
1995-06-16 22:00:00,18.8,61,2.0,180,0,0,0
1995-06-16 23:00:00,17.2,67,0.0,0,0,0,0
1995-06-17 00:00:00,17.2,67,0.0,0,0,0,0
1995-06-17 01:00:00,16.1,69,0.0,0,0,0,0
1995-06-17 02:00:00,13.8,80,0.0,0,0,0,0
1995-06-17 03:00:00,12.7,86,0.0,0,0,0,0
1995-06-17 04:00:00,12.2,89,0.0,0,0,0,0
1995-06-17 05:00:00,11.6,90,0.0,0,0,0,0
1995-06-17 06:00:00,12.7,90,0.0,0,34,0,34
1995-06-17 07:00:00,15.5,81,0.0,0,46,0,46
1995-06-17 08:00:00,19.4,63,1.5,190,205,127,143
1995-06-17 09:00:00,22.7,51,0.0,0,226,0,226
1995-06-17 10:00:00,24.4,45,2.5,240,351,135,243
1995-06-17 11:00:00,25.5,42,2.0,240,326,0,326
1995-06-17 12:00:00,26.6,41,3.0,190,349,0,349
1995-06-17 13:00:00,27.2,39,2.5,180,353,0,353
1995-06-17 14:00:00,27.7,41,2.0,200,337,0,337
1995-06-17 15:00:00,27.7,41,2.0,210,169,0,169
1995-06-17 16:00:00,27.7,40,0.0,0,249,0,249
1995-06-17 17:00:00,27.2,42,2.0,200,183,0,183
1995-06-17 18:00:00,26.1,47,2.5,170,110,0,110
1995-06-17 19:00:00,25.0,52,1.5,210,45,0,45
1995-06-17 20:00:00,22.2,59,1.5,200,7,0,7
1995-06-17 21:00:00,20.5,61,0.0,0,0,0,0
1995-06-17 22:00:00,17.7,73,0.0,0,0,0,0
1995-06-17 23:00:00,16.1,80,0.0,0,0,0,0
1995-06-18 00:00:00,15.0,80,2.0,240,0,0,0
1995-06-18 01:00:00,16.1,75,1.5,240,0,0,0
1995-06-18 02:00:00,13.8,87,0.0,0,0,0,0
1995-06-18 03:00:00,13.3,87,0.0,0,0,0,0
1995-06-18 04:00:00,13.3,89,0.0,0,0,0,0
1995-06-18 05:00:00,11.6,93,0.0,0,0,0,0
1995-06-18 06:00:00,13.3,89,0.0,0,36,0,36
1995-06-18 07:00:00,16.6,84,0.0,0,80,0,80
1995-06-18 08:00:00,20.5,68,0.0,0,152,0,152
1995-06-18 09:00:00,23.8,60,0.0,0,222,0,222
1995-06-18 10:00:00,26.1,50,0.0,0,281,0,281
1995-06-18 11:00:00,27.7,44,2.5,110,324,0,324
1995-06-18 12:00:00,28.3,38,0.0,0,347,0,347
1995-06-18 13:00:00,28.8,40,2.0,130,491,155,342
1995-06-18 14:00:00,29.4,38,2.5,110,937,831,173
1995-06-18 15:00:00,29.4,38,2.0,290,590,363,287
1995-06-18 16:00:00,29.4,37,0.0,0,684,759,145
1995-06-18 17:00:00,29.4,38,2.0,220,499,681,121
1995-06-18 18:00:00,27.7,46,1.5,250,294,374,152
1995-06-18 19:00:00,26.1,54,0.0,0,98,27,93
1995-06-18 20:00:00,22.2,68,0.0,0,7,0,7
1995-06-18 21:00:00,20.5,73,1.5,260,0,0,0
1995-06-18 22:00:00,19.4,76,2.0,230,0,0,0
1995-06-18 23:00:00,17.2,84,1.5,250,0,0,0
1995-06-19 00:00:00,18.3,78,0.0,0,0,0,0
1995-06-19 01:00:00,16.1,83,0.0,0,0,0,0
1995-06-19 02:00:00,15.5,87,0.0,0,0,0,0
1995-06-19 03:00:00,14.4,91,0.0,0,0,0,0
1995-06-19 04:00:00,13.3,96,0.0,0,0,0,0
1995-06-19 05:00:00,13.8,90,0.0,0,0,0,0
1995-06-19 06:00:00,15.0,90,0.0,0,40,0,40
1995-06-19 07:00:00,18.3,78,0.0,0,85,0,85
1995-06-19 08:00:00,22.2,71,0.0,0,147,0,147
1995-06-19 09:00:00,26.1,54,0.0,0,218,11,210
1995-06-19 10:00:00,28.3,49,0.0,0,351,58,305
1995-06-19 11:00:00,28.8,44,2.0,230,886,751,216
1995-06-19 12:00:00,29.4,43,2.0,260,959,695,298
1995-06-19 13:00:00,30.0,46,2.5,230,816,524,313
1995-06-19 14:00:00,31.6,42,3.0,240,813,508,345
1995-06-19 15:00:00,30.0,44,3.6,240,816,729,206
1995-06-19 16:00:00,30.5,45,3.0,250,496,325,265
1995-06-19 17:00:00,28.8,50,1.5,230,334,70,295
1995-06-19 18:00:00,28.3,51,1.5,210,279,447,110
1995-06-19 19:00:00,26.1,58,0.0,0,59,0,59
1995-06-19 20:00:00,24.4,64,1.5,230,8,2,8
1995-06-19 21:00:00,23.3,66,2.0,230,0,0,0
1995-06-19 22:00:00,20.5,76,0.0,0,0,0,0
1995-06-19 23:00:00,20.5,78,2.0,240,0,0,0
1995-06-20 00:00:00,20.0,75,1.5,230,0,0,0
1995-06-20 01:00:00,19.4,78,1.5,220,0,0,0
1995-06-20 02:00:00,18.8,79,0.0,0,0,0,0
1995-06-20 03:00:00,18.3,78,0.0,0,0,0,0
1995-06-20 04:00:00,17.7,81,0.0,0,0,0,0
1995-06-20 05:00:00,18.3,78,1.5,200,0,0,0
1995-06-20 06:00:00,18.8,81,0.0,0,40,0,40
1995-06-20 07:00:00,19.4,76,0.0,0,85,0,85
1995-06-20 08:00:00,22.2,66,0.0,0,147,0,147
1995-06-20 09:00:00,24.4,62,0.0,0,218,0,218
1995-06-20 10:00:00,27.7,53,0.0,0,278,0,278
1995-06-20 11:00:00,29.4,51,1.5,200,322,0,322
1995-06-20 12:00:00,30.0,51,2.0,240,347,0,347
1995-06-20 13:00:00,31.6,45,3.0,170,351,0,351
1995-06-20 14:00:00,32.2,45,2.5,230,334,0,334
1995-06-20 15:00:00,32.2,45,2.0,180,298,0,298
1995-06-20 16:00:00,32.7,42,3.0,180,243,0,243
1995-06-20 17:00:00,31.6,45,2.0,230,175,0,175
1995-06-20 18:00:00,31.1,47,1.5,230,103,0,103
1995-06-20 19:00:00,29.4,49,0.0,0,59,0,59
1995-06-20 20:00:00,27.7,58,0.0,0,8,0,8
1995-06-20 21:00:00,26.1,62,0.0,0,0,0,0
1995-06-20 22:00:00,23.8,76,0.0,0,0,0,0
1995-06-20 23:00:00,23.8,76,0.0,0,0,0,0
1995-06-21 00:00:00,22.7,82,1.5,210,0,0,0
1995-06-21 01:00:00,22.2,84,1.5,210,0,0,0
1995-06-21 02:00:00,21.6,87,0.0,0,0,0,0
1995-06-21 03:00:00,21.1,87,0.0,0,0,0,0
1995-06-21 04:00:00,20.5,90,0.0,0,0,0,0
1995-06-21 05:00:00,20.0,93,0.0,0,0,0,0
1995-06-21 06:00:00,21.1,87,0.0,0,48,26,44
1995-06-21 07:00:00,22.2,84,0.0,0,167,191,108
1995-06-21 08:00:00,25.0,74,0.0,0,348,349,177
1995-06-21 09:00:00,25.5,72,0.0,0,552,457,253
1995-06-21 10:00:00,28.8,61,0.0,0,745,590,278
1995-06-21 11:00:00,31.6,50,2.5,120,788,528,316
1995-06-21 12:00:00,31.6,47,1.5,140,765,430,356
1995-06-21 13:00:00,32.7,42,4.6,190,798,405,409
1995-06-21 14:00:00,32.7,42,3.6,200,726,402,356
1995-06-21 15:00:00,32.2,44,4.6,190,709,479,307
1995-06-21 16:00:00,31.6,47,4.6,190,574,412,280
1995-06-21 17:00:00,30.5,52,3.6,180,342,281,186
1995-06-21 18:00:00,29.4,53,4.1,190,236,238,145
1995-06-21 19:00:00,27.2,60,1.5,190,79,47,69
1995-06-21 20:00:00,25.5,66,1.5,170,8,0,8
1995-06-21 21:00:00,24.4,69,2.0,200,0,0,0
1995-06-21 22:00:00,22.2,79,0.0,0,0,0,0
1995-06-21 23:00:00,22.2,81,0.0,0,0,0,0
1995-06-22 00:00:00,21.1,87,0.0,0,0,0,0
1995-06-22 01:00:00,21.1,90,1.5,70,0,0,0
1995-06-22 02:00:00,21.1,87,2.5,80,0,0,0
1995-06-22 03:00:00,21.1,87,2.5,80,0,0,0
1995-06-22 04:00:00,21.1,87,3.0,80,0,0,0
1995-06-22 05:00:00,20.5,90,2.5,70,0,0,0
1995-06-22 06:00:00,20.5,87,2.5,80,23,0,23
1995-06-22 07:00:00,20.0,87,2.5,70,55,0,55
1995-06-22 08:00:00,20.5,87,2.5,50,85,0,85
1995-06-22 09:00:00,21.6,82,3.0,70,147,0,147
1995-06-22 10:00:00,22.7,76,3.0,70,188,0,188
1995-06-22 11:00:00,24.4,74,1.5,50,260,0,260
1995-06-22 12:00:00,26.6,67,1.5,70,847,381,485
1995-06-22 13:00:00,26.6,65,4.6,100,783,102,685
1995-06-22 14:00:00,27.2,62,3.6,90,657,149,520
1995-06-22 15:00:00,26.6,65,4.1,110,466,112,372
1995-06-22 16:00:00,26.6,65,3.6,100,480,215,326
1995-06-22 17:00:00,26.6,62,4.6,110,338,270,187
1995-06-22 18:00:00,25.0,68,4.1,100,252,283,144
1995-06-22 19:00:00,23.3,74,1.5,90,81,46,72
1995-06-22 20:00:00,22.7,76,1.5,60,9,0,9
1995-06-22 21:00:00,22.2,79,1.5,30,0,0,0
1995-06-22 22:00:00,22.2,76,3.0,50,0,0,0
1995-06-22 23:00:00,21.6,78,1.5,40,0,0,0
1995-06-23 00:00:00,21.1,81,1.5,30,0,0,0
1995-06-23 01:00:00,20.5,84,1.5,30,0,0,0
1995-06-23 02:00:00,20.5,84,2.5,40,0,0,0
1995-06-23 03:00:00,19.4,87,2.0,10,0,0,0
1995-06-23 04:00:00,18.8,90,2.5,20,0,0,0
1995-06-23 05:00:00,18.8,93,3.0,20,0,0,0
1995-06-23 06:00:00,18.8,90,2.0,20,22,0,22
1995-06-23 07:00:00,18.8,90,3.0,60,48,0,48
1995-06-23 08:00:00,18.8,90,3.6,50,98,0,98
1995-06-23 09:00:00,19.4,87,3.6,70,145,0,145
1995-06-23 10:00:00,19.4,93,4.1,70,186,0,186
1995-06-23 11:00:00,19.4,96,2.0,50,215,0,215
1995-06-23 12:00:00,21.6,84,3.6,50,232,0,232
1995-06-23 13:00:00,21.1,87,3.6,50,235,0,235
1995-06-23 14:00:00,21.1,84,4.1,60,224,0,224
1995-06-23 15:00:00,20.5,87,4.1,50,200,0,200
1995-06-23 16:00:00,20.0,93,2.5,70,163,0,163
1995-06-23 17:00:00,20.0,90,1.5,50,98,0,98
1995-06-23 18:00:00,20.0,90,1.5,40,69,0,69
1995-06-23 19:00:00,19.4,93,2.0,80,40,0,40
1995-06-23 20:00:00,18.8,93,2.0,60,7,0,7
1995-06-23 21:00:00,18.8,93,0.0,0,0,0,0
1995-06-23 22:00:00,18.8,93,1.5,60,0,0,0
1995-06-23 23:00:00,18.4,94,1.0,40,0,0,0
1995-06-24 00:00:00,18.5,93,0.5,20,0,0,0
1995-06-24 01:00:00,18.3,93,0.0,0,0,0,0
1995-06-24 02:00:00,18.3,93,1.5,360,0,0,0
1995-06-24 03:00:00,18.3,93,2.0,360,0,0,0
1995-06-24 04:00:00,18.3,93,3.0,10,0,0,0
1995-06-24 05:00:00,17.7,97,2.0,10,0,0,0
1995-06-24 06:00:00,17.7,97,1.5,20,60,1,60
1995-06-24 07:00:00,18.8,93,0.0,0,118,20,112
1995-06-24 08:00:00,19.4,90,1.5,360,194,52,169
1995-06-24 09:00:00,19.4,90,0.0,0,271,56,234
1995-06-24 10:00:00,20.5,87,1.5,10,358,15,346
1995-06-24 11:00:00,22.2,81,1.5,330,446,112,346
1995-06-24 12:00:00,24.4,74,0.0,0,675,290,400
1995-06-24 13:00:00,25.0,71,1.5,100,706,50,658
1995-06-24 14:00:00,25.5,72,1.5,10,696,303,417
1995-06-24 15:00:00,26.1,67,0.0,0,668,355,370
1995-06-24 16:00:00,26.1,67,2.5,60,601,487,253
1995-06-24 17:00:00,26.1,64,0.0,0,438,409,209
1995-06-24 18:00:00,25.0,71,0.0,0,237,233,148
1995-06-24 19:00:00,24.4,74,0.0,0,71,4,71
1995-06-24 20:00:00,23.3,82,0.0,0,9,0,9
1995-06-24 21:00:00,21.6,91,0.0,0,0,0,0
1995-06-24 22:00:00,21.6,91,0.0,0,0,0,0
1995-06-24 23:00:00,20.5,90,0.0,0,0,0,0
1995-06-25 00:00:00,20.5,93,0.0,0,0,0,0
1995-06-25 01:00:00,20.0,93,0.0,0,0,0,0
1995-06-25 02:00:00,20.5,93,0.0,0,0,0,0
1995-06-25 03:00:00,20.5,93,0.0,0,0,0,0
1995-06-25 04:00:00,20.5,93,1.5,110,0,0,0
1995-06-25 05:00:00,21.1,93,0.0,0,0,0,0
1995-06-25 06:00:00,21.1,96,0.0,0,17,0,17
1995-06-25 07:00:00,21.6,93,0.0,0,56,0,56
1995-06-25 08:00:00,22.2,93,0.0,0,307,236,192
1995-06-25 09:00:00,23.3,87,2.5,190,463,395,205
1995-06-25 10:00:00,26.1,71,1.5,150,591,455,232
1995-06-25 11:00:00,28.3,65,2.0,150,849,743,187
1995-06-25 12:00:00,28.3,65,0.0,0,467,132,342
1995-06-25 13:00:00,29.4,61,2.5,190,786,500,306
1995-06-25 14:00:00,27.7,67,3.6,140,869,745,182
1995-06-25 15:00:00,28.8,63,3.6,150,779,726,170
1995-06-25 16:00:00,27.2,65,6.1,150,536,448,215
1995-06-25 17:00:00,26.6,67,4.1,180,471,644,112
1995-06-25 18:00:00,24.4,79,3.6,100,296,431,131
1995-06-25 19:00:00,23.3,82,1.5,120,96,245,47
1995-06-25 20:00:00,23.3,84,1.5,150,10,28,8
1995-06-25 21:00:00,23.3,84,0.0,0,0,0,0
1995-06-25 22:00:00,22.7,87,0.0,0,0,0,0
1995-06-25 23:00:00,22.2,90,0.0,0,0,0,0
1995-06-26 00:00:00,21.1,84,0.0,0,0,0,0
1995-06-26 01:00:00,20.5,90,0.0,0,0,0,0
1995-06-26 02:00:00,19.4,93,0.0,0,0,0,0
1995-06-26 03:00:00,19.4,93,0.0,0,0,0,0
1995-06-26 04:00:00,19.4,90,0.0,0,0,0,0
1995-06-26 05:00:00,20.0,90,0.0,0,0,0,0
1995-06-26 06:00:00,20.5,90,0.0,0,48,17,46
1995-06-26 07:00:00,20.5,90,0.0,0,150,149,105
1995-06-26 08:00:00,22.7,87,0.0,0,374,390,185
1995-06-26 09:00:00,25.0,79,0.0,0,549,426,272
1995-06-26 10:00:00,26.1,74,1.5,170,695,464,328
1995-06-26 11:00:00,26.6,74,0.0,0,858,690,243
1995-06-26 12:00:00,27.2,72,0.0,0,884,609,306
1995-06-26 13:00:00,27.2,72,0.0,0,927,700,256
1995-06-26 14:00:00,26.6,77,4.6,150,858,581,322
1995-06-26 15:00:00,22.2,87,6.6,160,712,475,314
1995-06-26 16:00:00,20.5,87,0.0,0,596,446,277
1995-06-26 17:00:00,21.6,87,0.0,0,448,395,227
1995-06-26 18:00:00,21.1,89,2.0,80,242,252,146
1995-06-26 19:00:00,21.6,91,0.0,0,94,46,85
1995-06-26 20:00:00,21.1,90,0.0,0,10,0,10
1995-06-26 21:00:00,21.1,90,0.0,0,0,0,0
1995-06-26 22:00:00,21.6,93,1.5,80,0,0,0
1995-06-26 23:00:00,21.6,93,1.5,90,0,0,0
1995-06-27 00:00:00,22.2,90,3.0,120,0,0,0
1995-06-27 01:00:00,21.6,93,2.0,120,0,0,0
1995-06-27 02:00:00,21.6,87,2.5,120,0,0,0
1995-06-27 03:00:00,21.1,90,2.5,90,0,0,0
1995-06-27 04:00:00,21.1,90,1.5,100,0,0,0
1995-06-27 05:00:00,21.1,93,2.0,100,0,0,0
1995-06-27 06:00:00,21.1,93,2.5,110,24,0,24
1995-06-27 07:00:00,21.1,90,2.5,110,51,0,51
1995-06-27 08:00:00,21.1,93,4.6,100,118,0,118
1995-06-27 09:00:00,21.1,93,4.1,110,174,0,174
1995-06-27 10:00:00,21.6,87,4.6,110,222,0,222
1995-06-27 11:00:00,22.2,84,3.0,120,215,0,215
1995-06-27 12:00:00,22.2,84,4.1,110,232,0,232
1995-06-27 13:00:00,22.2,87,4.6,120,280,0,280
1995-06-27 14:00:00,22.2,81,4.1,100,268,0,268
1995-06-27 15:00:00,21.6,87,2.5,80,239,0,239
1995-06-27 16:00:00,21.6,84,3.6,100,197,0,197
1995-06-27 17:00:00,21.1,81,5.1,100,143,0,143
1995-06-27 18:00:00,21.1,81,4.6,90,85,0,85
1995-06-27 19:00:00,18.8,90,5.1,100,36,0,36
1995-06-27 20:00:00,18.8,87,3.0,100,6,0,6
1995-06-27 21:00:00,18.8,87,4.1,100,0,0,0
1995-06-27 22:00:00,18.3,90,4.6,100,0,0,0
1995-06-27 23:00:00,17.7,94,4.1,100,0,0,0
1995-06-28 00:00:00,17.6,95,3.5,110,0,0,0
1995-06-28 01:00:00,17.2,99,3.0,110,0,0,0
1995-06-28 02:00:00,17.2,100,2.5,80,0,0,0
1995-06-28 03:00:00,17.2,100,2.0,80,0,0,0
1995-06-28 04:00:00,16.6,100,2.5,80,0,0,0
1995-06-28 05:00:00,16.6,100,3.0,90,0,0,0
1995-06-28 06:00:00,16.6,100,3.0,100,21,0,21
1995-06-28 07:00:00,16.6,100,3.0,100,48,0,48
1995-06-28 08:00:00,17.2,100,3.0,100,80,0,80
1995-06-28 09:00:00,17.2,100,3.0,90,120,0,120
1995-06-28 10:00:00,17.2,100,3.6,100,154,0,154
1995-06-28 11:00:00,17.7,100,4.1,100,179,0,179
1995-06-28 12:00:00,17.7,100,2.0,90,194,0,194
1995-06-28 13:00:00,18.3,96,2.0,90,196,0,196
1995-06-28 14:00:00,17.7,100,3.0,100,187,0,187
1995-06-28 15:00:00,17.7,100,4.1,100,167,0,167
1995-06-28 16:00:00,18.3,96,2.5,70,164,0,164
1995-06-28 17:00:00,18.3,96,2.0,70,118,0,118
1995-06-28 18:00:00,18.8,93,0.0,0,85,0,85
1995-06-28 19:00:00,18.8,93,0.0,0,49,0,49
1995-06-28 20:00:00,18.3,96,0.0,0,7,0,7
1995-06-28 21:00:00,18.8,93,0.0,0,0,0,0
1995-06-28 22:00:00,18.3,96,0.0,0,0,0,0
1995-06-28 23:00:00,18.3,96,0.0,0,0,0,0
1995-06-29 00:00:00,18.3,96,1.5,90,0,0,0
1995-06-29 01:00:00,18.3,100,0.0,0,0,0,0
1995-06-29 02:00:00,18.3,100,0.0,0,0,0,0
1995-06-29 03:00:00,18.3,96,2.5,120,0,0,0
1995-06-29 04:00:00,17.7,100,1.5,80,0,0,0
1995-06-29 05:00:00,17.7,100,1.5,70,0,1,0
1995-06-29 06:00:00,17.7,97,1.5,90,44,29,40
1995-06-29 07:00:00,17.7,97,2.0,100,153,170,102
1995-06-29 08:00:00,18.3,93,1.5,90,259,235,146
1995-06-29 09:00:00,18.8,93,1.5,110,333,178,217
1995-06-29 10:00:00,20.0,87,1.5,80,694,539,270
1995-06-29 11:00:00,21.6,82,1.5,160,692,495,251
1995-06-29 12:00:00,22.2,81,2.0,130,608,280,343
1995-06-29 13:00:00,22.2,84,1.5,90,785,383,417
1995-06-29 14:00:00,23.3,82,2.0,100,809,593,263
1995-06-29 15:00:00,23.8,79,2.0,120,823,833,125
1995-06-29 16:00:00,23.8,79,2.0,120,685,792,118
1995-06-29 17:00:00,23.3,84,1.5,110,474,549,167
1995-06-29 18:00:00,23.3,82,1.5,100,313,624,73
1995-06-29 19:00:00,22.7,87,2.0,110,115,137,87
1995-06-29 20:00:00,21.6,91,0.0,0,11,22,10
1995-06-29 21:00:00,21.1,93,1.5,140,0,0,0
1995-06-29 22:00:00,21.1,93,0.0,0,0,0,0
1995-06-29 23:00:00,20.5,97,0.0,0,0,0,0
1995-06-30 00:00:00,20.0,100,0.0,0,0,0,0
1995-06-30 01:00:00,20.0,100,0.0,0,0,0,0
1995-06-30 02:00:00,20.0,96,1.5,160,0,0,0
1995-06-30 03:00:00,19.4,100,0.0,0,0,0,0
1995-06-30 04:00:00,20.0,96,0.0,0,0,0,0
1995-06-30 05:00:00,20.0,100,0.0,0,0,0,0
1995-06-30 06:00:00,20.5,97,1.5,190,20,0,20
1995-06-30 07:00:00,21.6,93,2.0,210,101,0,101
1995-06-30 08:00:00,22.2,87,2.5,190,240,65,209
1995-06-30 09:00:00,25.0,76,1.5,180,382,167,274
1995-06-30 10:00:00,26.6,69,2.0,170,406,32,380
1995-06-30 11:00:00,27.2,67,3.0,200,680,316,399
1995-06-30 12:00:00,28.3,61,3.6,200,889,704,222
1995-06-30 13:00:00,28.3,61,5.1,190,539,126,417
1995-06-30 14:00:00,29.4,57,4.6,180,847,661,238
1995-06-30 15:00:00,28.3,63,3.0,190,677,323,406
1995-06-30 16:00:00,26.6,72,3.0,160,665,675,182
1995-06-30 17:00:00,26.1,74,3.6,160,248,39,226
1995-06-30 18:00:00,25.5,79,4.1,160,285,435,118
1995-06-30 19:00:00,22.2,90,3.0,230,64,11,62
1995-06-30 20:00:00,21.1,96,1.5,250,9,6,9
1995-06-30 21:00:00,20.5,100,2.5,190,0,0,0
1995-06-30 22:00:00,20.5,93,2.1,0,0,0,0
1995-06-30 23:00:00,20.5,96,1.8,140,0,0,0
1995-07-01 00:00:00,20.5,96,1.4,0,0,0,0
1995-07-01 01:00:00,20.5,96,1.1,0,0,0,0
1995-07-01 02:00:00,20.5,97,0.7,0,0,0,0
1995-07-01 03:00:00,20.5,100,0.4,0,0,0,0
1995-07-01 04:00:00,20.5,100,0.0,0,0,0,0
1995-07-01 05:00:00,20.5,100,0.0,0,0,0,0
1995-07-01 06:00:00,21.1,100,0.0,0,20,0,20
1995-07-01 07:00:00,21.6,97,0.0,0,145,141,103
1995-07-01 08:00:00,24.4,84,0.0,0,341,422,139
1995-07-01 09:00:00,26.6,77,0.0,0,557,570,189
1995-07-01 10:00:00,27.7,72,2.5,250,441,196,287
1995-07-01 11:00:00,28.3,65,1.5,240,792,579,277
1995-07-01 12:00:00,28.8,63,2.0,10,516,185,340
1995-07-01 13:00:00,25.0,81,1.5,260,277,0,277
1995-07-01 14:00:00,25.0,81,2.0,210,435,130,315
1995-07-01 15:00:00,22.2,87,3.6,350,577,348,285
1995-07-01 16:00:00,22.2,90,2.0,360,626,532,245
1995-07-01 17:00:00,21.6,93,0.0,0,442,425,203
1995-07-01 18:00:00,22.2,90,0.0,0,274,378,128
1995-07-01 19:00:00,22.2,93,0.0,0,98,177,62
1995-07-01 20:00:00,21.6,97,0.0,0,9,6,9
1995-07-01 21:00:00,21.1,96,0.0,0,0,0,0
1995-07-01 22:00:00,21.1,96,1.5,270,0,0,0
1995-07-01 23:00:00,21.1,93,1.5,280,0,0,0
1995-07-02 00:00:00,21.1,84,2.0,310,0,0,0
1995-07-02 01:00:00,20.0,87,2.0,330,0,0,0
1995-07-02 02:00:00,20.0,84,4.6,320,0,0,0
1995-07-02 03:00:00,19.4,84,5.1,310,0,0,0
1995-07-02 04:00:00,19.4,81,3.6,310,0,0,0
1995-07-02 05:00:00,19.4,76,3.6,330,0,0,0
1995-07-02 06:00:00,18.8,79,3.6,320,40,44,35
1995-07-02 07:00:00,19.4,78,3.0,310,132,133,93
1995-07-02 08:00:00,20.0,75,2.5,340,367,445,154
1995-07-02 09:00:00,20.5,73,3.0,350,608,668,177
1995-07-02 10:00:00,23.8,62,4.6,340,698,624,208
1995-07-02 11:00:00,25.0,56,4.1,330,798,612,255
1995-07-02 12:00:00,25.5,52,3.0,310,926,765,201
1995-07-02 13:00:00,25.5,50,5.1,330,873,639,261
1995-07-02 14:00:00,26.6,45,4.1,320,747,558,233
1995-07-02 15:00:00,26.6,49,3.6,340,762,675,196
1995-07-02 16:00:00,26.6,49,2.5,340,638,644,178
1995-07-02 17:00:00,25.5,54,2.0,330,479,557,167
1995-07-02 18:00:00,24.4,62,1.5,310,270,402,116
1995-07-02 19:00:00,21.6,71,0.0,0,80,116,57
1995-07-02 20:00:00,21.1,70,0.0,0,10,17,9
1995-07-02 21:00:00,20.0,73,0.0,0,0,0,0
1995-07-02 22:00:00,19.4,78,0.0,0,0,0,0
1995-07-02 23:00:00,18.8,79,1.5,330,0,0,0
1995-07-03 00:00:00,19.4,70,1.5,20,0,0,0
1995-07-03 01:00:00,18.3,78,1.5,360,0,0,0
1995-07-03 02:00:00,17.2,78,2.0,350,0,0,0
1995-07-03 03:00:00,16.1,80,2.0,340,0,0,0
1995-07-03 04:00:00,15.0,83,2.0,340,0,0,0
1995-07-03 05:00:00,15.5,81,1.5,350,0,0,0
1995-07-03 06:00:00,16.1,80,1.5,340,47,93,36
1995-07-03 07:00:00,18.3,68,1.5,10,168,299,80
1995-07-03 08:00:00,19.4,65,2.5,50,365,496,128
1995-07-03 09:00:00,21.1,59,0.0,0,579,624,177
1995-07-03 10:00:00,22.7,55,0.0,0,601,483,223
1995-07-03 11:00:00,23.3,53,1.5,350,863,733,213
1995-07-03 12:00:00,24.4,52,0.0,0,928,753,215
1995-07-03 13:00:00,25.5,52,2.0,220,926,727,230
1995-07-03 14:00:00,26.1,52,2.5,200,869,693,231
1995-07-03 15:00:00,25.5,52,2.0,190,775,671,213
1995-07-03 16:00:00,25.5,56,3.0,230,614,577,201
1995-07-03 17:00:00,25.5,58,2.5,200,317,148,234
1995-07-03 18:00:00,25.0,60,1.5,220,267,344,135
1995-07-03 19:00:00,23.8,64,1.5,190,86,144,58
1995-07-03 20:00:00,21.6,73,2.0,170,9,5,9
1995-07-03 21:00:00,20.5,81,0.0,0,0,0,0
1995-07-03 22:00:00,19.4,84,0.0,0,0,0,0
1995-07-03 23:00:00,19.4,84,0.0,0,0,0,0
1995-07-04 00:00:00,20.0,84,0.0,0,0,0,0
1995-07-04 01:00:00,18.8,93,0.0,0,0,0,0
1995-07-04 02:00:00,17.7,97,0.0,0,0,0,0
1995-07-04 03:00:00,17.7,93,0.0,0,0,0,0
1995-07-04 04:00:00,17.7,97,0.0,0,0,0,0
1995-07-04 05:00:00,18.3,96,0.0,0,0,0,0
1995-07-04 06:00:00,20.5,87,0.0,0,39,2,39
1995-07-04 07:00:00,21.1,87,0.0,0,61,0,61
1995-07-04 08:00:00,22.2,87,1.5,190,99,0,99
1995-07-04 09:00:00,23.3,84,2.0,190,145,0,145
1995-07-04 10:00:00,25.5,79,2.5,160,354,76,294
1995-07-04 11:00:00,27.7,69,5.1,190,535,184,371
1995-07-04 12:00:00,28.8,65,3.0,200,569,85,488
1995-07-04 13:00:00,30.0,61,2.0,200,909,740,200
1995-07-04 14:00:00,26.1,79,0.0,0,879,754,184
1995-07-04 15:00:00,26.6,79,0.0,0,766,750,138
1995-07-04 16:00:00,25.0,76,4.1,140,198,0,198
1995-07-04 17:00:00,25.0,79,3.0,120,489,585,161
1995-07-04 18:00:00,24.4,84,2.0,150,272,464,94
1995-07-04 19:00:00,23.8,82,3.0,150,124,167,91
1995-07-04 20:00:00,22.2,87,2.5,160,10,24,8
1995-07-04 21:00:00,22.2,90,0.0,0,0,0,0
1995-07-04 22:00:00,21.6,91,0.0,0,0,0,0
1995-07-04 23:00:00,21.1,93,0.0,0,0,0,0
1995-07-05 00:00:00,21.1,96,0.0,0,0,0,0
1995-07-05 01:00:00,21.6,93,1.5,180,0,0,0
1995-07-05 02:00:00,21.6,93,1.5,170,0,0,0
1995-07-05 03:00:00,21.1,96,0.0,0,0,0,0
1995-07-05 04:00:00,21.1,93,0.0,0,0,0,0
1995-07-05 05:00:00,20.5,97,0.0,0,0,0,0
1995-07-05 06:00:00,21.6,93,1.5,170,20,0,20
1995-07-05 07:00:00,22.2,90,1.5,170,50,0,50
1995-07-05 08:00:00,22.2,90,2.0,190,98,0,98
1995-07-05 09:00:00,23.3,84,2.0,190,145,0,145
1995-07-05 10:00:00,24.4,79,3.6,190,220,0,220
1995-07-05 11:00:00,26.6,72,4.1,210,640,334,344
1995-07-05 12:00:00,27.7,67,3.0,240,742,401,364
1995-07-05 13:00:00,28.8,63,3.6,170,721,422,317
1995-07-05 14:00:00,28.8,61,4.6,190,856,651,257
1995-07-05 15:00:00,29.4,63,3.6,230,678,504,255
1995-07-05 16:00:00,30.0,61,4.1,210,545,553,150
1995-07-05 17:00:00,27.7,72,2.0,230,429,521,137
1995-07-05 18:00:00,28.8,68,2.5,190,275,452,102
1995-07-05 19:00:00,26.6,77,3.0,170,104,279,49
1995-07-05 20:00:00,26.1,76,2.5,180,9,17,8
1995-07-05 21:00:00,25.0,79,4.1,170,0,0,0
1995-07-05 22:00:00,24.4,82,3.0,160,0,0,0
1995-07-05 23:00:00,23.8,82,2.5,160,0,0,0
1995-07-06 00:00:00,23.8,79,3.0,180,0,0,0
1995-07-06 01:00:00,23.3,79,2.0,180,0,0,0
1995-07-06 02:00:00,22.7,82,1.5,170,0,0,0
1995-07-06 03:00:00,22.2,84,2.0,170,0,0,0
1995-07-06 04:00:00,21.6,87,1.5,190,0,0,0
1995-07-06 05:00:00,21.1,90,1.5,190,0,0,0
1995-07-06 06:00:00,22.2,90,2.5,170,40,1,40
1995-07-06 07:00:00,22.7,91,2.5,190,100,10,97
1995-07-06 08:00:00,25.0,84,3.0,180,171,40,152
1995-07-06 09:00:00,27.7,74,4.6,220,229,3,227
1995-07-06 10:00:00,28.3,74,3.6,210,526,248,332
1995-07-06 11:00:00,30.5,65,5.6,200,660,275,417
1995-07-06 12:00:00,31.1,63,4.6,200,791,495,323
1995-07-06 13:00:00,32.2,59,4.6,180,898,508,411
1995-07-06 14:00:00,31.6,62,5.6,180,815,577,284
1995-07-06 15:00:00,20.5,90,0.0,0,507,69,449
1995-07-06 16:00:00,20.5,93,3.0,120,579,361,321
1995-07-06 17:00:00,21.1,93,3.0,150,416,411,187
1995-07-06 18:00:00,21.1,90,0.0,0,213,206,134
1995-07-06 19:00:00,21.1,90,1.5,160,72,25,67
1995-07-06 20:00:00,20.5,93,3.0,180,9,0,9
1995-07-06 21:00:00,20.5,93,3.6,190,0,0,0
1995-07-06 22:00:00,20.5,93,3.6,200,0,0,0
1995-07-06 23:00:00,20.5,93,2.5,190,0,0,0
1995-07-07 00:00:00,20.5,93,2.0,200,0,0,0
1995-07-07 01:00:00,20.0,93,1.5,190,0,0,0
1995-07-07 02:00:00,20.0,93,2.0,170,0,0,0
1995-07-07 03:00:00,20.0,90,0.0,0,0,0,0
1995-07-07 04:00:00,20.0,93,0.0,0,0,0,0
1995-07-07 05:00:00,20.0,93,0.0,0,0,0,0
1995-07-07 06:00:00,20.5,93,0.0,0,14,0,14
1995-07-07 07:00:00,20.5,93,1.5,150,46,0,46
1995-07-07 08:00:00,21.6,87,2.0,180,103,0,103
1995-07-07 09:00:00,25.0,74,0.0,0,584,683,147
1995-07-07 10:00:00,25.0,76,0.0,0,693,693,153
1995-07-07 11:00:00,28.3,63,2.0,160,832,757,163
1995-07-07 12:00:00,28.3,65,0.0,0,670,123,553
1995-07-07 13:00:00,28.8,59,0.0,0,948,792,191
1995-07-07 14:00:00,29.4,57,2.0,130,881,761,182
1995-07-07 15:00:00,22.2,81,10.2,320,203,0,203
1995-07-07 16:00:00,19.4,90,2.5,210,170,0,170
1995-07-07 17:00:00,20.0,90,2.0,130,499,655,132
1995-07-07 18:00:00,22.2,84,4.1,190,321,607,89
1995-07-07 19:00:00,22.2,84,0.0,0,89,170,56
1995-07-07 20:00:00,21.1,90,1.5,240,8,8,7
1995-07-07 21:00:00,20.5,90,0.0,0,0,0,0
1995-07-07 22:00:00,20.5,93,2.0,240,0,0,0
1995-07-07 23:00:00,21.1,90,0.0,0,0,0,0
1995-07-08 00:00:00,18.8,97,0.0,0,0,0,0
1995-07-08 01:00:00,18.8,93,0.0,0,0,0,0
1995-07-08 02:00:00,17.7,97,0.0,0,0,0,0
1995-07-08 03:00:00,18.3,87,0.0,0,0,0,0
1995-07-08 04:00:00,16.1,93,0.0,0,0,0,0
1995-07-08 05:00:00,16.1,96,1.5,290,0,0,0
1995-07-08 06:00:00,17.7,93,0.0,0,40,80,32
1995-07-08 07:00:00,21.6,73,0.0,0,163,182,111
1995-07-08 08:00:00,22.7,71,2.5,300,405,598,123
1995-07-08 09:00:00,24.4,64,4.1,320,504,519,173
1995-07-08 10:00:00,25.5,58,4.6,300,683,574,236
1995-07-08 11:00:00,25.5,58,5.6,330,817,658,236
1995-07-08 12:00:00,25.0,60,4.6,320,906,746,203
1995-07-08 13:00:00,26.1,54,4.6,300,946,799,183
1995-07-08 14:00:00,25.5,52,7.2,300,899,735,224
1995-07-08 15:00:00,25.0,54,4.6,330,788,726,180
1995-07-08 16:00:00,25.5,48,5.6,330,651,664,177
1995-07-08 17:00:00,23.3,53,4.6,360,490,552,182
1995-07-08 18:00:00,23.3,53,3.0,360,293,504,101
1995-07-08 19:00:00,21.6,57,0.0,0,118,251,69
1995-07-08 20:00:00,19.4,65,0.0,0,9,20,8
1995-07-08 21:00:00,16.6,78,1.5,340,0,0,0
1995-07-08 22:00:00,16.1,83,0.0,0,0,0,0
1995-07-08 23:00:00,15.0,90,0.0,0,0,0,0
1995-07-09 00:00:00,15.0,86,0.0,0,0,0,0
1995-07-09 01:00:00,14.4,90,0.0,0,0,0,0
1995-07-09 02:00:00,15.0,80,2.0,340,0,0,0
1995-07-09 03:00:00,13.8,87,0.0,0,0,0,0
1995-07-09 04:00:00,13.3,89,0.0,0,0,0,0
1995-07-09 05:00:00,12.7,93,0.0,0,0,0,0
1995-07-09 06:00:00,14.4,87,0.0,0,46,101,35
1995-07-09 07:00:00,16.6,75,2.5,350,209,455,79
1995-07-09 08:00:00,18.8,63,3.6,340,204,137,139
1995-07-09 09:00:00,20.0,63,2.0,360,570,732,104
1995-07-09 10:00:00,20.5,59,3.6,320,748,777,144
1995-07-09 11:00:00,21.6,59,2.5,270,773,685,168
1995-07-09 12:00:00,23.3,53,2.5,300,766,596,204
1995-07-09 13:00:00,23.8,52,2.5,310,773,484,311
1995-07-09 14:00:00,25.0,46,3.0,340,854,473,420
1995-07-09 15:00:00,26.1,43,2.5,300,796,799,128
1995-07-09 16:00:00,26.6,41,2.5,320,665,770,115
1995-07-09 17:00:00,26.6,42,1.5,360,485,692,99
1995-07-09 18:00:00,25.0,46,2.0,50,193,183,123
1995-07-09 19:00:00,23.3,55,0.0,0,45,0,45
1995-07-09 20:00:00,20.5,63,0.0,0,8,7,8
1995-07-09 21:00:00,17.7,81,0.0,0,0,0,0
1995-07-09 22:00:00,17.7,81,0.0,0,0,0,0
1995-07-09 23:00:00,17.7,84,0.0,0,0,0,0
1995-07-10 00:00:00,17.7,87,0.0,0,0,0,0
1995-07-10 01:00:00,17.2,93,0.0,0,0,0,0
1995-07-10 02:00:00,17.2,93,0.0,0,0,0,0
1995-07-10 03:00:00,17.2,93,0.0,0,0,0,0
1995-07-10 04:00:00,17.2,96,1.5,240,0,0,0
1995-07-10 05:00:00,17.7,93,0.0,0,0,0,0
1995-07-10 06:00:00,18.3,90,0.0,0,32,9,31
1995-07-10 07:00:00,19.4,84,1.5,10,180,327,86
1995-07-10 08:00:00,21.1,81,0.0,0,370,533,120
1995-07-10 09:00:00,23.8,71,0.0,0,554,640,147
1995-07-10 10:00:00,24.7,68,1.3,280,705,604,236
1995-07-10 11:00:00,25.5,64,2.5,200,747,261,516
1995-07-10 12:00:00,27.2,56,3.0,190,900,759,185
1995-07-10 13:00:00,28.3,53,3.0,180,901,739,195
1995-07-10 14:00:00,28.8,51,2.5,170,882,713,228
1995-07-10 15:00:00,28.3,53,2.5,230,776,714,179
1995-07-10 16:00:00,28.4,54,2.5,220,596,612,160
1995-07-10 17:00:00,28.3,56,2.5,210,465,596,133
1995-07-10 18:00:00,27.2,58,3.6,180,277,451,105
1995-07-10 19:00:00,25.0,68,3.0,160,103,230,59
1995-07-10 20:00:00,23.8,76,2.0,170,9,13,8
1995-07-10 21:00:00,23.3,79,3.0,160,0,0,0
1995-07-10 22:00:00,20.0,87,1.5,80,0,0,0
1995-07-10 23:00:00,17.7,93,0.0,0,0,0,0
1995-07-11 00:00:00,17.7,93,2.5,210,0,0,0
1995-07-11 01:00:00,17.7,93,4.6,340,0,0,0
1995-07-11 02:00:00,17.7,97,1.5,200,0,0,0
1995-07-11 03:00:00,16.6,97,2.0,230,0,0,0
1995-07-11 04:00:00,16.6,97,1.5,290,0,0,0
1995-07-11 05:00:00,16.6,97,0.0,0,0,1,0
1995-07-11 06:00:00,18.3,93,0.0,0,46,194,27
1995-07-11 07:00:00,20.5,87,3.0,310,208,540,55
1995-07-11 08:00:00,22.7,79,2.0,310,405,698,79
1995-07-11 09:00:00,24.4,66,3.6,320,597,783,99
1995-07-11 10:00:00,25.5,66,3.6,310,715,757,128
1995-07-11 11:00:00,26.6,58,3.0,330,811,637,250
1995-07-11 12:00:00,27.5,54,3.0,330,848,611,273
1995-07-11 13:00:00,28.3,49,3.0,320,859,559,325
1995-07-11 14:00:00,28.8,48,0.0,0,817,664,208
1995-07-11 15:00:00,28.8,48,2.5,310,763,613,251
1995-07-11 16:00:00,29.4,48,2.0,300,648,721,135
1995-07-11 17:00:00,29.4,48,1.5,350,486,600,152
1995-07-11 18:00:00,28.3,51,0.0,0,222,260,123
1995-07-11 19:00:00,26.6,62,0.0,0,103,155,73
1995-07-11 20:00:00,23.3,76,0.0,0,8,9,7
1995-07-11 21:00:00,21.6,87,0.0,0,0,0,0
1995-07-11 22:00:00,21.1,87,2.0,240,0,0,0
1995-07-11 23:00:00,21.6,78,2.0,240,0,0,0
1995-07-12 00:00:00,22.2,76,2.0,230,0,0,0
1995-07-12 01:00:00,21.1,81,1.5,210,0,0,0
1995-07-12 02:00:00,20.0,87,0.0,0,0,0,0
1995-07-12 03:00:00,18.8,90,0.0,0,0,0,0
1995-07-12 04:00:00,19.4,87,0.0,0,0,0,0
1995-07-12 05:00:00,18.3,93,0.0,0,0,0,0
1995-07-12 06:00:00,18.8,90,0.0,0,36,34,33
1995-07-12 07:00:00,23.8,71,0.0,0,161,262,87
1995-07-12 08:00:00,25.0,68,0.0,0,323,344,162
1995-07-12 09:00:00,26.6,62,0.0,0,534,481,229
1995-07-12 10:00:00,28.3,59,1.5,360,716,541,297
1995-07-12 11:00:00,28.8,59,1.5,120,785,595,262
1995-07-12 12:00:00,28.8,57,1.5,300,697,333,384
1995-07-12 13:00:00,30.0,53,0.0,0,871,610,290
1995-07-12 14:00:00,30.5,54,0.0,0,753,543,255
1995-07-12 15:00:00,30.5,54,0.0,0,703,551,243
1995-07-12 16:00:00,31.6,50,2.5,160,630,523,258
1995-07-12 17:00:00,30.5,54,2.0,220,461,467,201
1995-07-12 18:00:00,30.0,53,1.5,200,238,286,129
1995-07-12 19:00:00,27.7,63,0.0,0,89,89,72
1995-07-12 20:00:00,25.5,74,0.0,0,7,0,7
1995-07-12 21:00:00,25.0,79,0.0,0,0,0,0
1995-07-12 22:00:00,23.8,82,0.0,0,0,0,0
1995-07-12 23:00:00,23.3,84,1.5,210,0,0,0
1995-07-13 00:00:00,23.3,84,1.5,180,0,0,0
1995-07-13 01:00:00,22.2,87,0.0,0,0,0,0
1995-07-13 02:00:00,21.1,90,0.0,0,0,0,0
1995-07-13 03:00:00,20.5,93,2.0,340,0,0,0
1995-07-13 04:00:00,20.5,93,0.0,0,0,0,0
1995-07-13 05:00:00,20.5,93,0.0,0,0,0,0
1995-07-13 06:00:00,21.1,90,0.0,0,56,47,52
1995-07-13 07:00:00,24.4,79,0.0,0,148,233,82
1995-07-13 08:00:00,25.0,79,0.0,0,324,400,139
1995-07-13 09:00:00,27.2,72,0.0,0,532,551,184
1995-07-13 10:00:00,30.0,59,0.0,0,687,698,147
1995-07-13 11:00:00,31.1,57,2.0,230,821,752,161
1995-07-13 12:00:00,31.6,58,2.0,170,881,795,134
1995-07-13 13:00:00,32.7,52,3.0,210,949,868,122
1995-07-13 14:00:00,32.2,54,3.0,200,900,843,128
1995-07-13 15:00:00,33.3,50,2.5,250,678,631,151
1995-07-13 16:00:00,33.3,50,2.5,230,660,781,105
1995-07-13 17:00:00,32.2,57,4.1,200,398,393,179
1995-07-13 18:00:00,31.1,61,2.5,200,265,457,92
1995-07-13 19:00:00,29.4,65,2.5,180,103,176,69
1995-07-13 20:00:00,27.2,69,1.5,200,9,11,9
1995-07-13 21:00:00,26.1,74,0.0,0,0,0,0
1995-07-13 22:00:00,25.5,77,1.5,190,0,0,0
1995-07-13 23:00:00,24.4,82,0.0,0,0,0,0
1995-07-14 00:00:00,24.4,79,0.0,0,0,0,0
1995-07-14 01:00:00,23.8,82,1.5,190,0,0,0
1995-07-14 02:00:00,23.3,84,1.5,170,0,0,0
1995-07-14 03:00:00,22.7,85,2.5,170,0,0,0
1995-07-14 04:00:00,22.2,87,1.5,180,0,0,0
1995-07-14 05:00:00,21.1,90,0.0,0,0,0,0
1995-07-14 06:00:00,21.6,91,1.5,280,29,0,29
1995-07-14 07:00:00,25.0,79,2.5,260,78,0,78
1995-07-14 08:00:00,26.6,74,1.5,300,134,0,134
1995-07-14 09:00:00,29.4,65,2.0,330,205,0,205
1995-07-14 10:00:00,30.0,61,1.5,310,267,0,267
1995-07-14 11:00:00,30.5,61,2.0,300,312,0,312
1995-07-14 12:00:00,32.7,54,2.5,300,338,0,338
1995-07-14 13:00:00,33.3,54,2.5,310,344,0,344
1995-07-14 14:00:00,33.8,51,1.5,270,328,0,328
1995-07-14 15:00:00,34.4,49,1.5,300,293,0,293
1995-07-14 16:00:00,35.0,49,2.0,250,240,0,240
1995-07-14 17:00:00,34.4,53,1.5,250,173,0,173
1995-07-14 18:00:00,33.3,58,1.5,230,101,0,101
1995-07-14 19:00:00,31.6,63,0.0,0,57,0,57
1995-07-14 20:00:00,28.8,74,0.0,0,6,0,6
1995-07-14 21:00:00,28.3,74,1.5,230,0,0,0
1995-07-14 22:00:00,27.7,74,2.0,240,0,0,0
1995-07-14 23:00:00,26.6,79,1.5,270,0,0,0
1995-07-15 00:00:00,27.2,76,2.5,280,0,0,0
1995-07-15 01:00:00,27.2,74,1.5,280,0,0,0
1995-07-15 02:00:00,26.1,76,1.5,260,0,0,0
1995-07-15 03:00:00,25.5,79,0.0,0,0,0,0
1995-07-15 04:00:00,25.5,77,0.0,0,0,0,0
1995-07-15 05:00:00,25.5,77,0.0,0,0,0,0
1995-07-15 06:00:00,26.6,74,0.0,0,41,34,38
1995-07-15 07:00:00,28.8,70,1.5,320,201,465,73
1995-07-15 08:00:00,30.3,66,1.3,330,342,450,135
1995-07-15 09:00:00,32.6,60,0.4,210,488,411,230
1995-07-15 10:00:00,33.3,58,0.9,330,311,84,246
1995-07-15 11:00:00,33.9,58,1.5,280,798,638,239
1995-07-15 12:00:00,34.8,55,1.8,280,950,868,136
1995-07-15 13:00:00,35.5,55,1.8,260,894,798,135
1995-07-15 14:00:00,35.9,54,1.4,270,651,513,181
1995-07-15 15:00:00,35.7,55,1.4,260,768,697,187
1995-07-15 16:00:00,36.1,55,2.0,250,651,699,155
1995-07-15 17:00:00,35.2,57,2.0,230,475,650,115
1995-07-15 18:00:00,33.9,62,2.0,220,290,471,112
1995-07-15 19:00:00,32.2,70,2.0,200,89,213,48
1995-07-15 20:00:00,30.5,75,0.0,0,8,50,6
1995-07-15 21:00:00,29.4,80,0.0,0,0,0,0
1995-07-15 22:00:00,28.3,82,0.0,0,0,0,0
1995-07-15 23:00:00,28.3,82,1.5,200,0,0,0
1995-07-16 00:00:00,26.1,67,8.7,10,0,0,0
1995-07-16 01:00:00,23.8,71,2.5,350,0,0,0
1995-07-16 02:00:00,23.8,71,4.1,20,0,0,0
1995-07-16 03:00:00,23.3,74,2.5,10,0,0,0
1995-07-16 04:00:00,22.7,76,1.5,80,0,0,0
1995-07-16 05:00:00,21.6,82,0.0,0,0,0,0
1995-07-16 06:00:00,21.6,84,0.0,0,30,9,29
1995-07-16 07:00:00,23.3,76,2.0,270,105,73,85
1995-07-16 08:00:00,25.0,71,2.5,250,343,418,152
1995-07-16 09:00:00,27.2,62,0.0,0,512,307,319
1995-07-16 10:00:00,28.3,63,1.5,250,545,249,353
1995-07-16 11:00:00,29.4,59,2.0,170,734,544,258
1995-07-16 12:00:00,29.4,59,2.0,170,905,613,330
1995-07-16 13:00:00,30.5,57,2.0,140,851,561,317
1995-07-16 14:00:00,31.1,57,2.0,200,852,663,245
1995-07-16 15:00:00,30.5,59,2.0,160,746,459,364
1995-07-16 16:00:00,31.1,57,2.5,190,573,492,224
1995-07-16 17:00:00,31.1,59,2.5,230,435,440,191
1995-07-16 18:00:00,29.4,67,2.0,180,249,291,140
1995-07-16 19:00:00,28.8,68,2.5,180,97,82,81
1995-07-16 20:00:00,27.2,76,0.0,0,6,1,6
1995-07-16 21:00:00,26.5,79,0.0,0,0,0,0
1995-07-16 22:00:00,26.1,79,0.0,0,0,0,0
1995-07-16 23:00:00,25.0,81,0.0,0,0,0,0
1995-07-17 00:00:00,25.0,81,0.0,0,0,0,0
1995-07-17 01:00:00,24.4,84,0.0,0,0,0,0
1995-07-17 02:00:00,23.3,87,0.0,0,0,0,0
1995-07-17 03:00:00,22.7,85,0.0,0,0,0,0
1995-07-17 04:00:00,22.2,87,0.0,0,0,0,0
1995-07-17 05:00:00,22.2,87,2.0,150,0,0,0
1995-07-17 06:00:00,22.7,85,2.0,180,36,72,29
1995-07-17 07:00:00,24.4,79,1.5,170,169,332,79
1995-07-17 08:00:00,26.6,72,1.5,230,368,541,121
1995-07-17 09:00:00,27.7,67,2.0,270,559,645,156
1995-07-17 10:00:00,30.0,63,1.5,290,722,703,181
1995-07-17 11:00:00,29.4,63,1.5,320,840,737,196
1995-07-17 12:00:00,31.1,61,2.0,260,921,768,202
1995-07-17 13:00:00,33.3,54,1.5,140,899,736,201
1995-07-17 14:00:00,32.2,56,3.6,200,896,757,205
1995-07-17 15:00:00,33.3,52,3.0,200,796,736,184
1995-07-17 16:00:00,33.8,52,4.1,190,623,617,186
1995-07-17 17:00:00,30.0,65,1.5,230,466,530,174
1995-07-17 18:00:00,21.1,87,3.0,340,217,206,140
1995-07-17 19:00:00,21.6,87,0.0,0,90,126,66
1995-07-17 20:00:00,21.6,87,2.5,320,8,3,7
1995-07-17 21:00:00,21.1,90,2.0,270,0,0,0
1995-07-17 22:00:00,21.1,90,2.0,270,0,0,0
1995-07-17 23:00:00,21.1,90,0.0,0,0,0,0
1995-07-18 00:00:00,21.6,87,0.0,0,0,0,0
1995-07-18 01:00:00,21.1,90,0.0,0,0,0,0
1995-07-18 02:00:00,20.5,90,0.0,0,0,0,0
1995-07-18 03:00:00,20.5,90,0.0,0,0,0,0
1995-07-18 04:00:00,20.0,90,0.0,0,0,0,0
1995-07-18 05:00:00,20.0,90,0.0,0,0,0,0
1995-07-18 06:00:00,21.1,87,0.0,0,42,244,21
1995-07-18 07:00:00,22.7,85,0.0,0,200,575,45
1995-07-18 08:00:00,25.5,77,2.5,300,395,726,65
1995-07-18 09:00:00,27.2,69,5.1,330,585,806,82
1995-07-18 10:00:00,28.3,65,5.1,300,712,809,91
1995-07-18 11:00:00,29.4,57,3.0,300,810,815,98
1995-07-18 12:00:00,30.0,57,3.0,320,879,815,118
1995-07-18 13:00:00,31.6,55,2.5,280,891,670,256
1995-07-18 14:00:00,31.1,57,4.6,320,862,838,97
1995-07-18 15:00:00,31.6,54,4.1,320,826,799,163
1995-07-18 16:00:00,31.1,53,5.1,320,577,641,124
1995-07-18 17:00:00,31.1,47,4.1,310,509,739,102
1995-07-18 18:00:00,29.4,49,3.6,320,259,476,82
1995-07-18 19:00:00,25.5,62,0.0,0,124,338,62
1995-07-18 20:00:00,25.0,62,0.0,0,8,54,5
1995-07-18 21:00:00,23.3,69,0.0,0,0,0,0
1995-07-18 22:00:00,21.1,75,1.5,270,0,0,0
1995-07-18 23:00:00,21.1,75,0.0,0,0,0,0
1995-07-19 00:00:00,20.5,73,1.5,290,0,0,0
1995-07-19 01:00:00,20.0,73,0.0,0,0,0,0
1995-07-19 02:00:00,20.0,73,0.0,0,0,0,0
1995-07-19 03:00:00,19.4,76,1.5,270,0,0,0
1995-07-19 04:00:00,19.4,73,3.0,310,0,0,0
1995-07-19 05:00:00,19.9,72,2.3,290,0,0,0
1995-07-19 06:00:00,21.1,68,1.5,260,29,5,28
1995-07-19 07:00:00,23.8,62,1.5,310,143,101,116
1995-07-19 08:00:00,25.5,60,2.0,320,294,287,163
1995-07-19 09:00:00,26.6,56,2.0,310,421,240,272
1995-07-19 10:00:00,27.2,54,3.6,320,615,367,334
1995-07-19 11:00:00,27.7,51,2.5,320,616,308,347
1995-07-19 12:00:00,28.3,51,3.6,300,858,626,273
1995-07-19 13:00:00,29.4,46,3.0,290,902,640,296
1995-07-19 14:00:00,28.8,46,3.0,290,760,347,444
1995-07-19 15:00:00,28.8,46,2.0,330,765,590,276
1995-07-19 16:00:00,29.4,46,2.5,280,634,590,217
1995-07-19 17:00:00,28.8,48,0.0,0,440,478,178
1995-07-19 18:00:00,27.2,51,2.0,320,241,285,135
1995-07-19 19:00:00,26.1,54,0.0,0,84,98,66
1995-07-19 20:00:00,22.7,71,0.0,0,6,0,6
1995-07-19 21:00:00,20.5,81,0.0,0,0,0,0
1995-07-19 22:00:00,20.5,76,0.0,0,0,0,0
1995-07-19 23:00:00,20.0,78,0.0,0,0,0,0
1995-07-20 00:00:00,20.0,78,0.0,0,0,0,0
1995-07-20 01:00:00,18.8,81,0.0,0,0,0,0
1995-07-20 02:00:00,18.8,81,0.0,0,0,0,0
1995-07-20 03:00:00,19.4,78,0.0,0,0,0,0
1995-07-20 04:00:00,18.8,81,0.0,0,0,0,0
1995-07-20 05:00:00,18.3,84,0.0,0,0,0,0
1995-07-20 06:00:00,18.8,84,0.0,0,40,4,39
1995-07-20 07:00:00,21.6,76,0.0,0,117,31,109
1995-07-20 08:00:00,23.3,66,0.0,0,216,87,176
1995-07-20 09:00:00,27.2,56,0.0,0,356,209,226
1995-07-20 10:00:00,28.3,53,1.5,230,538,414,221
1995-07-20 11:00:00,28.8,53,2.5,300,848,685,251
1995-07-20 12:00:00,30.0,46,2.5,220,992,802,245
1995-07-20 13:00:00,30.0,48,1.5,320,848,665,219
1995-07-20 14:00:00,31.1,45,1.5,270,882,765,186
1995-07-20 15:00:00,31.1,47,0.0,0,802,683,236
1995-07-20 16:00:00,31.1,48,3.0,220,591,584,180
1995-07-20 17:00:00,30.0,53,1.5,180,436,555,132
1995-07-20 18:00:00,29.4,57,2.0,200,249,423,93
1995-07-20 19:00:00,27.7,63,1.5,160,100,248,55
1995-07-20 20:00:00,25.0,74,0.0,0,6,15,5
1995-07-20 21:00:00,25.0,74,0.0,0,0,0,0
1995-07-20 22:00:00,25.0,71,0.0,0,0,0,0
1995-07-20 23:00:00,24.4,76,0.0,0,0,0,0
1995-07-21 00:00:00,23.3,79,0.0,0,0,0,0
1995-07-21 01:00:00,23.8,76,0.0,0,0,0,0
1995-07-21 02:00:00,23.3,79,0.0,0,0,0,0
1995-07-21 03:00:00,22.7,82,0.0,0,0,0,0
1995-07-21 04:00:00,22.2,81,0.0,0,0,0,0
1995-07-21 05:00:00,21.6,84,0.0,0,0,0,0
1995-07-21 06:00:00,22.7,82,0.0,0,36,8,36
1995-07-21 07:00:00,24.4,76,0.0,0,120,127,86
1995-07-21 08:00:00,27.7,72,3.6,320,304,265,185
1995-07-21 09:00:00,27.2,69,2.5,360,445,351,227
1995-07-21 10:00:00,29.4,61,2.5,30,634,493,258
1995-07-21 11:00:00,29.4,59,3.0,10,802,567,309
1995-07-21 12:00:00,30.5,55,2.5,10,868,624,286
1995-07-21 13:00:00,30.0,53,1.5,80,486,220,278
1995-07-21 14:00:00,31.6,52,2.5,80,820,534,334
1995-07-21 15:00:00,30.0,55,1.5,80,353,118,255
1995-07-21 16:00:00,27.7,61,0.0,0,271,91,207
1995-07-21 17:00:00,25.0,79,2.5,270,445,463,192
1995-07-21 18:00:00,24.4,79,1.5,260,237,290,130
1995-07-21 19:00:00,23.3,84,0.0,0,86,147,59
1995-07-21 20:00:00,23.8,82,0.0,0,5,0,5
1995-07-21 21:00:00,23.3,84,0.0,0,0,0,0
1995-07-21 22:00:00,22.7,87,0.0,0,0,0,0
1995-07-21 23:00:00,22.7,85,0.0,0,0,0,0
1995-07-22 00:00:00,22.2,87,0.0,0,0,0,0
1995-07-22 01:00:00,22.2,84,0.0,0,0,0,0
1995-07-22 02:00:00,22.2,87,0.0,0,0,0,0
1995-07-22 03:00:00,22.2,84,0.0,0,0,0,0
1995-07-22 04:00:00,22.2,79,1.5,10,0,0,0
1995-07-22 05:00:00,21.6,82,0.0,0,0,0,0
1995-07-22 06:00:00,22.2,79,2.0,10,29,1,29
1995-07-22 07:00:00,23.3,76,0.0,0,66,0,66
1995-07-22 08:00:00,23.8,74,1.5,360,211,109,162
1995-07-22 09:00:00,26.6,69,0.0,0,477,383,240
1995-07-22 10:00:00,26.6,69,0.0,0,624,410,312
1995-07-22 11:00:00,27.2,67,0.0,0,632,228,434
1995-07-22 12:00:00,28.3,65,1.5,320,620,163,468
1995-07-22 13:00:00,29.4,61,0.0,0,739,315,441
1995-07-22 14:00:00,30.5,57,0.0,0,741,425,355
1995-07-22 15:00:00,31.1,57,1.5,290,731,529,294
1995-07-22 16:00:00,31.1,55,0.0,0,537,375,274
1995-07-22 17:00:00,30.5,59,0.0,0,374,276,224
1995-07-22 18:00:00,29.4,61,0.0,0,225,285,121
1995-07-22 19:00:00,27.2,69,0.0,0,74,73,61
1995-07-22 20:00:00,26.1,74,0.0,0,4,0,4
1995-07-22 21:00:00,24.4,82,0.0,0,0,0,0
1995-07-22 22:00:00,23.3,84,0.0,0,0,0,0
1995-07-22 23:00:00,23.3,82,0.0,0,0,0,0
1995-07-23 00:00:00,22.7,85,0.0,0,0,0,0
1995-07-23 01:00:00,22.2,87,0.0,0,0,0,0
1995-07-23 02:00:00,22.2,87,0.0,0,0,0,0
1995-07-23 03:00:00,21.6,91,0.0,0,0,0,0
1995-07-23 04:00:00,21.6,87,0.0,0,0,0,0
1995-07-23 05:00:00,21.6,87,0.0,0,0,0,0
1995-07-23 06:00:00,22.2,87,0.0,0,11,0,11
1995-07-23 07:00:00,22.7,87,0.0,0,37,0,37
1995-07-23 08:00:00,23.3,84,0.0,0,78,0,78
1995-07-23 09:00:00,24.4,82,0.0,0,412,360,190
1995-07-23 10:00:00,25.0,79,0.0,0,726,745,159
1995-07-23 11:00:00,28.3,65,0.0,0,809,753,156
1995-07-23 12:00:00,30.5,57,2.5,280,884,739,197
1995-07-23 13:00:00,31.6,54,2.5,280,911,781,176
1995-07-23 14:00:00,32.2,50,4.1,280,819,712,174
1995-07-23 15:00:00,33.3,49,3.6,280,753,755,131
1995-07-23 16:00:00,32.7,51,2.0,290,595,665,129
1995-07-23 17:00:00,32.2,49,2.5,280,486,655,131
1995-07-23 18:00:00,31.1,53,2.0,250,265,490,87
1995-07-23 19:00:00,28.8,61,0.0,0,81,196,47
1995-07-23 20:00:00,27.2,67,0.0,0,5,10,4
1995-07-23 21:00:00,25.0,74,0.0,0,0,0,0
1995-07-23 22:00:00,24.4,74,0.0,0,0,0,0
1995-07-23 23:00:00,23.3,76,1.5,250,0,0,0
1995-07-24 00:00:00,23.3,74,0.0,0,0,0,0
1995-07-24 01:00:00,23.3,76,0.0,0,0,0,0
1995-07-24 02:00:00,22.2,79,1.5,310,0,0,0
1995-07-24 03:00:00,21.1,81,0.0,0,0,0,0
1995-07-24 04:00:00,21.1,78,0.0,0,0,0,0
1995-07-24 05:00:00,20.0,81,0.0,0,0,0,0
1995-07-24 06:00:00,21.6,76,0.0,0,24,44,21
1995-07-24 07:00:00,25.0,68,0.0,0,145,164,103
1995-07-24 08:00:00,27.7,63,0.0,0,290,313,151
1995-07-24 09:00:00,27.2,67,1.5,230,499,470,210
1995-07-24 10:00:00,30.5,57,3.0,200,713,735,155
1995-07-24 11:00:00,32.2,54,3.6,240,858,770,192
1995-07-24 12:00:00,33.8,46,3.0,190,888,781,164
1995-07-24 13:00:00,32.2,50,2.0,220,906,723,225
1995-07-24 14:00:00,27.7,67,2.5,270,899,801,173
1995-07-24 15:00:00,26.1,74,3.0,250,406,38,374
1995-07-24 16:00:00,25.0,76,2.0,290,175,84,115
1995-07-24 17:00:00,25.0,76,3.0,250,307,107,249
1995-07-24 18:00:00,25.5,72,2.0,240,99,41,84
1995-07-24 19:00:00,25.0,71,0.0,0,49,19,46
1995-07-24 20:00:00,23.3,79,0.0,0,4,1,4
1995-07-24 21:00:00,22.7,82,0.0,0,0,0,0
1995-07-24 22:00:00,22.2,81,0.0,0,0,0,0
1995-07-24 23:00:00,22.2,81,1.5,230,0,0,0
1995-07-25 00:00:00,21.6,84,0.0,0,0,0,0
1995-07-25 01:00:00,21.6,84,0.0,0,0,0,0
1995-07-25 02:00:00,21.1,84,0.0,0,0,0,0
1995-07-25 03:00:00,21.6,82,0.0,0,0,0,0
1995-07-25 04:00:00,21.6,82,0.0,0,0,0,0
1995-07-25 05:00:00,21.1,84,0.0,0,0,0,0
1995-07-25 06:00:00,21.6,82,0.0,0,26,56,22
1995-07-25 07:00:00,23.8,76,0.0,0,153,262,86
1995-07-25 08:00:00,27.2,67,0.0,0,346,509,121
1995-07-25 09:00:00,28.8,61,1.5,340,519,612,143
1995-07-25 10:00:00,30.0,55,0.0,0,742,712,203
1995-07-25 11:00:00,31.1,53,0.0,0,781,640,228
1995-07-25 12:00:00,32.2,50,1.5,260,827,611,261
1995-07-25 13:00:00,32.7,47,2.0,260,903,743,205
1995-07-25 14:00:00,33.3,46,0.0,0,879,766,187
1995-07-25 15:00:00,33.3,46,3.0,210,312,102,228
1995-07-25 16:00:00,32.7,51,2.0,210,611,589,200
1995-07-25 17:00:00,31.1,53,3.0,220,336,367,137
1995-07-25 18:00:00,29.4,59,2.5,200,193,238,107
1995-07-25 19:00:00,29.4,61,2.0,200,80,119,60
1995-07-25 20:00:00,27.2,67,2.5,240,4,2,4
1995-07-25 21:00:00,26.1,62,1.5,220,0,0,0
1995-07-25 22:00:00,25.0,68,1.5,180,0,0,0
1995-07-25 23:00:00,23.3,74,0.0,0,0,0,0
1995-07-26 00:00:00,22.7,73,0.0,0,0,0,0
1995-07-26 01:00:00,22.2,79,1.5,220,0,0,0
1995-07-26 02:00:00,22.2,79,0.0,0,0,0,0
1995-07-26 03:00:00,21.6,82,0.0,0,0,0,0
1995-07-26 04:00:00,21.6,82,0.0,0,0,0,0
1995-07-26 05:00:00,21.1,81,0.0,0,0,0,0
1995-07-26 06:00:00,21.6,78,0.0,0,23,13,22
1995-07-26 07:00:00,24.4,71,0.0,0,132,166,89
1995-07-26 08:00:00,26.1,67,0.0,0,286,323,143
1995-07-26 09:00:00,28.3,59,2.5,260,476,445,203
1995-07-26 10:00:00,28.8,59,1.5,290,355,195,207
1995-07-26 11:00:00,28.3,59,3.6,300,714,531,256
1995-07-26 12:00:00,29.4,57,3.0,280,612,182,443
1995-07-26 13:00:00,30.5,54,4.1,250,897,583,350
1995-07-26 14:00:00,31.1,52,6.1,280,833,599,292
1995-07-26 15:00:00,31.6,52,4.1,300,703,514,281
1995-07-26 16:00:00,31.1,53,2.5,290,595,521,233
1995-07-26 17:00:00,30.5,55,2.0,280,422,447,181
1995-07-26 18:00:00,30.0,55,0.0,0,244,316,131
1995-07-26 19:00:00,29.4,57,0.0,0,81,88,66
1995-07-26 20:00:00,25.5,72,0.0,0,3,0,3
1995-07-26 21:00:00,25.0,74,0.0,0,0,0,0
1995-07-26 22:00:00,24.4,74,0.0,0,0,0,0
1995-07-26 23:00:00,23.3,79,0.0,0,0,0,0
1995-07-27 00:00:00,22.7,79,0.0,0,0,0,0
1995-07-27 01:00:00,22.7,79,0.0,0,0,0,0
1995-07-27 02:00:00,22.2,81,0.0,0,0,0,0
1995-07-27 03:00:00,21.6,82,0.0,0,0,0,0
1995-07-27 04:00:00,20.5,78,0.0,0,0,0,0
1995-07-27 05:00:00,20.5,81,0.0,0,0,0,0
1995-07-27 06:00:00,21.6,82,0.0,0,22,18,21
1995-07-27 07:00:00,23.8,76,0.0,0,118,104,92
1995-07-27 08:00:00,27.2,65,0.0,0,280,132,222
1995-07-27 09:00:00,29.4,59,0.0,0,318,89,264
1995-07-27 10:00:00,31.6,52,2.0,200,341,17,328
1995-07-27 11:00:00,32.2,52,2.0,180,306,0,306
1995-07-27 12:00:00,32.7,51,2.0,250,333,0,333
1995-07-27 13:00:00,33.3,50,2.0,210,435,60,378
1995-07-27 14:00:00,33.8,49,3.6,190,324,0,324
1995-07-27 15:00:00,32.2,52,2.5,230,230,0,230
1995-07-27 16:00:00,28.3,67,2.0,250,429,3,426
1995-07-27 17:00:00,25.5,77,2.5,260,235,50,208
1995-07-27 18:00:00,25.0,71,1.5,280,159,48,142
1995-07-27 19:00:00,23.3,76,2.5,300,75,114,56
1995-07-27 20:00:00,22.2,76,2.0,220,3,1,3
1995-07-27 21:00:00,22.7,73,2.0,190,0,0,0
1995-07-27 22:00:00,22.7,76,2.0,170,0,0,0
1995-07-27 23:00:00,21.6,82,2.5,260,0,0,0
1995-07-28 00:00:00,22.2,79,0.0,0,0,0,0
1995-07-28 01:00:00,22.2,79,0.0,0,0,0,0
1995-07-28 02:00:00,22.2,79,1.5,200,0,0,0
1995-07-28 03:00:00,22.2,79,0.0,0,0,0,0
1995-07-28 04:00:00,22.2,79,0.0,0,0,0,0
1995-07-28 05:00:00,22.2,79,1.5,170,0,0,0
1995-07-28 06:00:00,23.3,74,1.5,190,25,87,19
1995-07-28 07:00:00,24.4,74,2.5,190,134,314,55
1995-07-28 08:00:00,26.1,69,3.0,190,350,594,91
1995-07-28 09:00:00,27.2,67,3.0,190,542,665,137
1995-07-28 10:00:00,29.4,63,4.1,180,668,642,185
1995-07-28 11:00:00,29.4,61,3.6,190,840,771,177
1995-07-28 12:00:00,31.1,57,6.1,220,847,791,118
1995-07-28 13:00:00,31.6,55,6.1,220,861,708,199
1995-07-28 14:00:00,30.5,57,5.1,200,836,775,137
1995-07-28 15:00:00,31.1,55,6.1,230,770,753,155
1995-07-28 16:00:00,31.1,53,6.1,200,631,723,131
1995-07-28 17:00:00,30.0,57,4.6,200,459,584,147
1995-07-28 18:00:00,28.3,59,5.1,200,216,386,79
1995-07-28 19:00:00,27.7,58,4.1,210,93,222,56
1995-07-28 20:00:00,26.6,65,3.0,210,3,24,3
1995-07-28 21:00:00,26.1,67,2.5,200,0,0,0
1995-07-28 22:00:00,26.1,67,2.5,190,0,0,0
1995-07-28 23:00:00,25.5,72,2.5,190,0,0,0
1995-07-29 00:00:00,25.0,71,3.6,190,0,0,0
1995-07-29 01:00:00,24.4,74,1.5,250,0,0,0
1995-07-29 02:00:00,23.8,74,0.0,0,0,0,0
1995-07-29 03:00:00,23.8,74,0.0,0,0,0,0
1995-07-29 04:00:00,22.7,79,0.0,0,0,0,0
1995-07-29 05:00:00,22.2,81,0.0,0,0,0,0
1995-07-29 06:00:00,22.7,79,0.0,0,20,10,19
1995-07-29 07:00:00,25.0,71,2.0,210,139,202,89
1995-07-29 08:00:00,27.2,67,2.0,230,295,362,138
1995-07-29 09:00:00,30.5,57,3.0,270,519,476,230
1995-07-29 10:00:00,31.1,55,3.6,240,656,512,271
1995-07-29 11:00:00,31.6,55,3.0,300,761,609,239
1995-07-29 12:00:00,31.1,57,3.6,310,749,526,264
1995-07-29 13:00:00,26.1,74,1.5,90,270,0,270
1995-07-29 14:00:00,29.4,63,0.0,0,781,542,294
1995-07-29 15:00:00,31.6,58,0.0,0,743,610,246
1995-07-29 16:00:00,32.2,57,3.0,280,599,566,208
1995-07-29 17:00:00,32.2,52,2.0,240,434,497,169
1995-07-29 18:00:00,30.5,59,0.0,0,203,285,102
1995-07-29 19:00:00,29.4,65,1.5,220,75,102,58
1995-07-29 20:00:00,26.6,72,2.0,230,2,0,2
1995-07-29 21:00:00,25.0,74,2.0,250,0,0,0
1995-07-29 22:00:00,25.0,74,1.5,260,0,0,0
1995-07-29 23:00:00,25.0,68,1.5,260,0,0,0
1995-07-30 00:00:00,23.8,71,0.0,0,0,0,0
1995-07-30 01:00:00,23.8,69,0.0,0,0,0,0
1995-07-30 02:00:00,23.3,71,2.0,320,0,0,0
1995-07-30 03:00:00,23.3,71,0.0,0,0,0,0
1995-07-30 04:00:00,22.7,71,0.0,0,0,0,0
1995-07-30 05:00:00,21.6,73,0.0,0,0,0,0
1995-07-30 06:00:00,23.3,69,0.0,0,21,44,18
1995-07-30 07:00:00,25.5,64,2.5,340,140,292,69
1995-07-30 08:00:00,27.2,60,3.0,330,315,415,136
1995-07-30 09:00:00,28.8,55,3.6,350,381,310,194
1995-07-30 10:00:00,30.0,50,2.0,20,662,647,177
1995-07-30 11:00:00,30.5,46,2.5,360,738,611,215
1995-07-30 12:00:00,32.2,45,2.0,290,680,520,202
1995-07-30 13:00:00,32.2,45,4.1,310,851,678,218
1995-07-30 14:00:00,32.2,45,3.6,280,838,672,235
1995-07-30 15:00:00,32.7,42,2.0,360,661,569,198
1995-07-30 16:00:00,32.7,42,3.0,350,613,641,171
1995-07-30 17:00:00,32.2,42,3.6,350,438,535,155
1995-07-30 18:00:00,31.1,45,2.5,10,248,463,86
1995-07-30 19:00:00,28.8,53,0.0,0,78,189,48
1995-07-30 20:00:00,25.0,64,0.0,0,2,4,2
1995-07-30 21:00:00,23.3,71,0.0,0,0,0,0
1995-07-30 22:00:00,23.3,69,0.0,0,0,0,0
1995-07-30 23:00:00,22.2,73,0.0,0,0,0,0
1995-07-31 00:00:00,21.1,75,0.0,0,0,0,0
1995-07-31 01:00:00,20.0,78,0.0,0,0,0,0
1995-07-31 02:00:00,20.0,75,0.0,0,0,0,0
1995-07-31 03:00:00,20.0,75,0.0,0,0,0,0
1995-07-31 04:00:00,19.4,76,0.0,0,0,0,0
1995-07-31 05:00:00,18.3,78,0.0,0,0,0,0
1995-07-31 06:00:00,19.4,76,0.0,0,20,2,20
1995-07-31 07:00:00,22.2,71,0.0,0,145,147,109
1995-07-31 08:00:00,25.0,64,1.5,340,227,157,159
1995-07-31 09:00:00,27.7,57,0.0,0,483,417,232
1995-07-31 10:00:00,30.0,48,1.5,220,593,354,328
1995-07-31 11:00:00,32.2,41,1.5,200,714,503,284
1995-07-31 12:00:00,32.2,44,2.0,270,446,76,376
1995-07-31 13:00:00,32.2,44,1.5,230,773,375,423
1995-07-31 14:00:00,31.6,42,0.0,0,411,137,288
1995-07-31 15:00:00,32.2,44,0.0,0,664,557,212
1995-07-31 16:00:00,33.8,38,0.0,0,528,413,244
1995-07-31 17:00:00,32.7,40,1.5,110,390,385,187
1995-07-31 18:00:00,31.6,47,1.5,200,192,212,119
1995-07-31 19:00:00,28.8,53,1.5,200,66,55,57
1995-07-31 20:00:00,26.6,56,1.5,190,2,0,2
1995-07-31 21:00:00,25.0,60,1.5,220,0,0,0
1995-07-31 22:00:00,24.2,62,1.3,180,0,0,0
1995-07-31 23:00:00,23.4,71,1.1,0,0,0,0
1995-08-01 00:00:00,22.6,71,0.9,0,0,0,0
1995-08-01 01:00:00,21.8,76,0.6,0,0,0,0
1995-08-01 02:00:00,21.0,76,0.4,0,0,0,0
1995-08-01 03:00:00,20.2,73,0.2,140,0,0,0
1995-08-01 04:00:00,19.4,78,0.0,0,0,0,0
1995-08-01 05:00:00,19.4,76,0.0,0,0,0,0
1995-08-01 06:00:00,20.0,75,0.0,0,21,20,19
1995-08-01 07:00:00,21.6,76,0.0,0,115,186,70
1995-08-01 08:00:00,25.0,66,0.0,0,325,476,121
1995-08-01 09:00:00,27.2,62,0.0,0,306,276,140
1995-08-01 10:00:00,30.0,57,1.5,240,714,766,142
1995-08-01 11:00:00,30.5,55,2.0,220,830,780,164
1995-08-01 12:00:00,31.6,52,3.0,190,913,809,172
1995-08-01 13:00:00,33.3,47,2.0,200,809,584,266
1995-08-01 14:00:00,34.4,46,2.0,230,733,512,275
1995-08-01 15:00:00,34.4,43,3.0,240,449,226,265
1995-08-01 16:00:00,33.3,46,3.6,230,644,741,137
1995-08-01 17:00:00,32.2,50,3.0,230,437,621,111
1995-08-01 18:00:00,31.1,55,2.0,220,253,503,79
1995-08-01 19:00:00,30.0,57,2.0,200,84,258,45
1995-08-01 20:00:00,26.6,65,0.0,0,2,8,2
1995-08-01 21:00:00,26.6,67,1.5,190,0,0,0
1995-08-01 22:00:00,25.5,72,0.0,0,0,0,0
1995-08-01 23:00:00,25.0,71,0.0,0,0,0,0
1995-08-02 00:00:00,23.8,76,0.0,0,0,0,0
1995-08-02 01:00:00,23.3,76,0.0,0,0,0,0
1995-08-02 02:00:00,22.7,79,0.0,0,0,0,0
1995-08-02 03:00:00,22.7,79,0.0,0,0,0,0
1995-08-02 04:00:00,22.2,79,0.0,0,0,0,0
1995-08-02 05:00:00,21.1,78,0.0,0,0,0,0
1995-08-02 06:00:00,21.6,82,0.0,0,14,0,14
1995-08-02 07:00:00,23.3,76,0.0,0,59,0,59
1995-08-02 08:00:00,26.1,71,0.0,0,79,13,73
1995-08-02 09:00:00,28.8,63,0.0,0,223,12,216
1995-08-02 10:00:00,31.1,57,1.5,280,228,0,227
1995-08-02 11:00:00,32.7,51,2.5,230,602,32,574
1995-08-02 12:00:00,33.8,49,2.0,210,318,36,285
1995-08-02 13:00:00,34.4,46,4.1,200,217,22,197
1995-08-02 14:00:00,35.0,42,4.1,230,254,0,253
1995-08-02 15:00:00,35.0,42,5.1,200,367,46,329
1995-08-02 16:00:00,34.4,44,3.0,240,262,52,226
1995-08-02 17:00:00,32.2,52,2.0,220,289,86,244
1995-08-02 18:00:00,31.6,54,0.0,0,138,145,88
1995-08-02 19:00:00,30.0,57,0.0,0,38,8,37
1995-08-02 20:00:00,26.6,67,0.0,0,1,1,1
1995-08-02 21:00:00,25.5,72,0.0,0,0,0,0
1995-08-02 22:00:00,25.0,74,0.0,0,0,0,0
1995-08-02 23:00:00,25.5,72,0.0,0,0,0,0
1995-08-03 00:00:00,24.4,74,0.0,0,0,0,0
1995-08-03 01:00:00,24.4,76,0.0,0,0,0,0
1995-08-03 02:00:00,23.3,79,0.0,0,0,0,0
1995-08-03 03:00:00,23.8,79,0.0,0,0,0,0
1995-08-03 04:00:00,22.7,79,0.0,0,0,0,0
1995-08-03 05:00:00,22.2,81,0.0,0,0,0,0
1995-08-03 06:00:00,22.2,79,0.0,0,13,0,13
1995-08-03 07:00:00,23.8,79,0.0,0,82,50,70
1995-08-03 08:00:00,27.2,67,0.0,0,334,339,190
1995-08-03 09:00:00,30.0,61,0.0,0,393,408,149
1995-08-03 10:00:00,32.2,52,2.5,210,654,627,189
1995-08-03 11:00:00,33.3,47,4.1,220,668,537,211
1995-08-03 12:00:00,33.8,46,4.6,230,878,775,170
1995-08-03 13:00:00,34.4,43,5.6,210,902,758,199
1995-08-03 14:00:00,34.4,41,4.6,240,757,681,150
1995-08-03 15:00:00,33.8,44,4.1,220,745,720,164
1995-08-03 16:00:00,34.4,43,4.1,190,654,825,94
1995-08-03 17:00:00,32.7,49,2.5,220,471,758,77
1995-08-03 18:00:00,31.1,50,3.6,210,209,270,117
1995-08-03 19:00:00,30.0,53,3.6,180,78,260,39
1995-08-03 20:00:00,28.3,56,1.5,190,1,4,1
1995-08-03 21:00:00,26.6,62,0.0,0,0,0,0
1995-08-03 22:00:00,23.8,71,0.0,0,0,0,0
1995-08-03 23:00:00,23.8,71,1.5,210,0,0,0
1995-08-04 00:00:00,22.7,76,0.0,0,0,0,0
1995-08-04 01:00:00,23.3,74,0.0,0,0,0,0
1995-08-04 02:00:00,22.2,79,1.5,210,0,0,0
1995-08-04 03:00:00,21.6,78,0.0,0,0,0,0
1995-08-04 04:00:00,21.1,81,0.0,0,0,0,0
1995-08-04 05:00:00,20.5,81,0.0,0,0,0,0
1995-08-04 06:00:00,21.1,78,0.0,0,16,48,13
1995-08-04 07:00:00,23.8,71,0.0,0,151,416,55
1995-08-04 08:00:00,27.2,62,1.5,220,347,589,99
1995-08-04 09:00:00,29.4,59,2.5,210,506,628,132
1995-08-04 10:00:00,31.6,55,2.5,260,672,690,161
1995-08-04 11:00:00,33.8,46,2.0,260,855,860,124
1995-08-04 12:00:00,34.4,46,0.0,0,871,701,232
1995-08-04 13:00:00,35.0,44,4.1,210,867,799,128
1995-08-04 14:00:00,35.0,43,3.0,290,709,527,240
1995-08-04 15:00:00,35.5,42,4.6,210,768,768,150
1995-08-04 16:00:00,35.0,43,3.6,220,612,622,190
1995-08-04 17:00:00,34.4,47,4.6,210,463,650,127
1995-08-04 18:00:00,32.7,52,4.1,220,177,148,127
1995-08-04 19:00:00,30.0,59,2.0,230,57,42,51
1995-08-04 20:00:00,23.3,76,0.0,0,0,0,0
1995-08-04 21:00:00,23.3,79,2.0,360,0,0,0
1995-08-04 22:00:00,23.8,79,0.0,0,0,0,0
1995-08-04 23:00:00,22.7,85,0.0,0,0,0,0
1995-08-05 00:00:00,22.2,81,2.0,250,0,0,0
1995-08-05 01:00:00,21.6,82,0.0,0,0,0,0
1995-08-05 02:00:00,21.6,82,0.0,0,0,0,0
1995-08-05 03:00:00,21.6,82,0.0,0,0,0,0
1995-08-05 04:00:00,21.1,84,0.0,0,0,0,0
1995-08-05 05:00:00,21.1,81,0.0,0,0,0,0
1995-08-05 06:00:00,22.2,79,0.0,0,18,50,15
1995-08-05 07:00:00,23.8,76,0.0,0,117,280,52
1995-08-05 08:00:00,26.1,71,1.5,260,322,512,107
1995-08-05 09:00:00,28.3,67,0.0,0,364,306,183
1995-08-05 10:00:00,30.0,61,0.0,0,693,774,121
1995-08-05 11:00:00,32.2,52,1.5,240,835,838,125
1995-08-05 12:00:00,33.8,51,2.5,240,875,730,210
1995-08-05 13:00:00,33.3,50,0.0,0,815,658,207
1995-08-05 14:00:00,26.1,69,9.2,320,259,0,259
1995-08-05 15:00:00,22.2,81,0.0,0,456,195,300
1995-08-05 16:00:00,26.1,74,0.0,0,586,594,184
1995-08-05 17:00:00,25.5,74,0.0,0,329,419,112
1995-08-05 18:00:00,25.5,74,0.0,0,177,288,81
1995-08-05 19:00:00,23.8,82,3.0,250,27,0,27
1995-08-05 20:00:00,23.3,82,1.5,260,0,0,0
1995-08-05 21:00:00,22.7,82,0.0,0,0,0,0
1995-08-05 22:00:00,22.2,84,0.0,0,0,0,0
1995-08-05 23:00:00,22.2,84,1.5,290,0,0,0
1995-08-06 00:00:00,22.2,84,0.0,0,0,0,0
1995-08-06 01:00:00,22.2,84,0.0,0,0,0,0
1995-08-06 02:00:00,22.2,84,0.0,0,0,0,0
1995-08-06 03:00:00,22.2,84,0.0,0,0,0,0
1995-08-06 04:00:00,21.6,84,0.0,0,0,0,0
1995-08-06 05:00:00,21.6,84,2.0,100,0,0,0
1995-08-06 06:00:00,21.1,84,3.0,30,15,3,15
1995-08-06 07:00:00,20.5,84,2.5,10,95,93,73
1995-08-06 08:00:00,21.1,81,1.5,360,256,252,151
1995-08-06 09:00:00,21.6,78,0.0,0,407,278,243
1995-08-06 10:00:00,21.6,82,0.0,0,538,371,265
1995-08-06 11:00:00,22.2,81,1.5,20,608,329,329
1995-08-06 12:00:00,22.2,81,2.0,20,748,497,297
1995-08-06 13:00:00,25.0,71,1.5,20,831,493,377
1995-08-06 14:00:00,27.2,65,3.0,60,811,615,267
1995-08-06 15:00:00,27.7,65,2.5,60,678,546,241
1995-08-06 16:00:00,23.8,79,2.5,30,525,443,226
1995-08-06 17:00:00,22.7,82,2.0,360,413,232,293
1995-08-06 18:00:00,22.7,82,2.0,30,157,109,121
1995-08-06 19:00:00,22.2,81,1.5,50,52,31,47
1995-08-06 20:00:00,21.6,82,1.5,50,1,0,0
1995-08-06 21:00:00,21.1,78,1.5,70,0,0,0
1995-08-06 22:00:00,20.5,78,2.0,60,0,0,0
1995-08-06 23:00:00,20.5,73,1.5,30,0,0,0
1995-08-07 00:00:00,20.5,73,1.5,30,0,0,0
1995-08-07 01:00:00,20.0,75,1.5,40,0,0,0
1995-08-07 02:00:00,20.0,75,1.5,60,0,0,0
1995-08-07 03:00:00,19.4,78,2.0,60,0,0,0
1995-08-07 04:00:00,19.4,78,0.0,0,0,0,0
1995-08-07 05:00:00,19.4,76,0.0,0,0,0,0
1995-08-07 06:00:00,19.4,76,2.5,40,13,0,13
1995-08-07 07:00:00,20.5,71,3.0,50,82,0,82
1995-08-07 08:00:00,21.1,73,4.1,60,219,19,211
1995-08-07 09:00:00,21.6,68,3.0,90,322,38,300
1995-08-07 10:00:00,22.2,64,4.1,60,322,24,304
1995-08-07 11:00:00,22.7,64,3.6,80,408,55,361
1995-08-07 12:00:00,22.2,64,2.5,60,530,121,420
1995-08-07 13:00:00,23.3,64,0.0,0,587,91,503
1995-08-07 14:00:00,21.6,68,2.5,100,358,66,300
1995-08-07 15:00:00,22.2,68,1.5,120,446,44,410
1995-08-07 16:00:00,22.7,68,1.5,80,349,119,269
1995-08-07 17:00:00,21.6,71,0.0,0,211,20,200
1995-08-07 18:00:00,21.6,68,0.0,0,123,11,119
1995-08-07 19:00:00,21.1,68,0.0,0,51,0,51
1995-08-07 20:00:00,18.8,79,0.0,0,0,0,0
1995-08-07 21:00:00,18.8,81,0.0,0,0,0,0
1995-08-07 22:00:00,18.8,81,0.0,0,0,0,0
1995-08-07 23:00:00,19.4,78,0.0,0,0,0,0
1995-08-08 00:00:00,18.8,81,0.0,0,0,0,0
1995-08-08 01:00:00,18.3,84,0.0,0,0,0,0
1995-08-08 02:00:00,17.2,84,0.0,0,0,0,0
1995-08-08 03:00:00,16.1,86,0.0,0,0,0,0
1995-08-08 04:00:00,15.5,87,0.0,0,0,0,0
1995-08-08 05:00:00,15.5,87,0.0,0,0,0,0
1995-08-08 06:00:00,16.1,86,0.0,0,11,5,11
1995-08-08 07:00:00,17.2,87,1.5,60,139,409,47
1995-08-08 08:00:00,18.3,84,0.0,0,322,575,85
1995-08-08 09:00:00,21.1,66,3.0,110,505,663,116
1995-08-08 10:00:00,21.6,61,0.0,0,661,696,151
1995-08-08 11:00:00,23.3,60,1.5,50,800,796,130
1995-08-08 12:00:00,23.8,56,1.5,150,878,758,193
1995-08-08 13:00:00,25.5,50,2.5,50,855,760,158
1995-08-08 14:00:00,25.0,52,1.5,70,797,692,188
1995-08-08 15:00:00,24.4,56,3.6,70,735,664,207
1995-08-08 16:00:00,23.3,53,2.5,90,256,133,167
1995-08-08 17:00:00,23.3,57,2.5,90,394,503,139
1995-08-08 18:00:00,22.2,64,2.0,100,163,111,127
1995-08-08 19:00:00,20.5,71,0.0,0,58,8,57
1995-08-08 20:00:00,21.1,66,1.5,100,0,1,0
1995-08-08 21:00:00,20.0,70,0.0,0,0,0,0
1995-08-08 22:00:00,19.4,73,0.0,0,0,0,0
1995-08-08 23:00:00,19.4,73,0.0,0,0,0,0
1995-08-09 00:00:00,19.4,73,1.5,80,0,0,0
1995-08-09 01:00:00,18.8,79,0.0,0,0,0,0
1995-08-09 02:00:00,18.3,81,2.0,90,0,0,0
1995-08-09 03:00:00,17.7,81,0.0,0,0,0,0
1995-08-09 04:00:00,17.7,81,0.0,0,0,0,0
1995-08-09 05:00:00,18.3,78,1.5,50,0,0,0
1995-08-09 06:00:00,18.3,78,0.0,0,12,0,12
1995-08-09 07:00:00,18.8,81,1.5,80,82,7,80
1995-08-09 08:00:00,20.5,76,1.5,120,102,0,102
1995-08-09 09:00:00,22.7,71,1.5,100,174,0,174
1995-08-09 10:00:00,24.4,64,1.5,160,330,87,266
1995-08-09 11:00:00,23.8,67,2.0,70,251,0,251
1995-08-09 12:00:00,24.4,62,2.0,180,365,53,316
1995-08-09 13:00:00,25.5,58,0.0,0,450,93,365
1995-08-09 14:00:00,25.5,56,1.5,200,406,17,390
1995-08-09 15:00:00,25.0,62,1.5,250,234,0,234
1995-08-09 16:00:00,25.0,64,0.0,0,196,0,196
1995-08-09 17:00:00,23.3,71,0.0,0,151,0,151
1995-08-09 18:00:00,23.3,69,0.0,0,94,0,94
1995-08-09 19:00:00,22.7,71,0.0,0,45,1,45
1995-08-09 20:00:00,21.6,76,0.0,0,0,0,0
1995-08-09 21:00:00,21.0,78,0.5,310,0,0,0
1995-08-09 22:00:00,21.2,78,1.0,250,0,0,0
1995-08-09 23:00:00,21.1,78,1.5,200,0,0,0
1995-08-10 00:00:00,20.0,84,0.0,0,0,0,0
1995-08-10 01:00:00,20.0,81,1.5,180,0,0,0
1995-08-10 02:00:00,20.0,81,0.0,0,0,0,0
1995-08-10 03:00:00,20.0,84,0.0,0,0,0,0
1995-08-10 04:00:00,20.0,81,0.0,0,0,0,0
1995-08-10 05:00:00,19.4,84,0.0,0,0,0,0
1995-08-10 06:00:00,21.1,78,2.0,150,8,0,8
1995-08-10 07:00:00,22.7,76,2.5,160,68,13,65
1995-08-10 08:00:00,25.0,66,2.0,180,91,0,91
1995-08-10 09:00:00,26.6,62,3.6,210,149,0,149
1995-08-10 10:00:00,27.2,60,2.5,150,405,27,385
1995-08-10 11:00:00,26.6,62,3.0,190,238,0,238
1995-08-10 12:00:00,27.2,62,0.0,0,260,0,260
1995-08-10 13:00:00,28.8,55,3.0,150,368,58,315
1995-08-10 14:00:00,28.8,55,3.0,200,251,0,251
1995-08-10 15:00:00,30.0,51,3.0,160,719,614,233
1995-08-10 16:00:00,30.0,50,2.5,150,550,564,176
1995-08-10 17:00:00,29.4,51,3.0,180,400,410,195
1995-08-10 18:00:00,26.6,58,3.6,180,177,204,112
1995-08-10 19:00:00,24.4,69,1.5,190,51,71,42
1995-08-10 20:00:00,23.8,71,2.0,180,0,0,0
1995-08-10 21:00:00,22.7,76,0.0,0,0,0,0
1995-08-10 22:00:00,22.2,76,0.0,0,0,0,0
1995-08-10 23:00:00,21.1,81,0.0,0,0,0,0
1995-08-11 00:00:00,20.0,84,0.0,0,0,0,0
1995-08-11 01:00:00,20.5,81,0.0,0,0,0,0
1995-08-11 02:00:00,20.0,81,0.0,0,0,0,0
1995-08-11 03:00:00,19.4,84,0.0,0,0,0,0
1995-08-11 04:00:00,19.4,81,0.0,0,0,0,0
1995-08-11 05:00:00,18.8,84,0.0,0,0,0,0
1995-08-11 06:00:00,20.0,81,0.0,0,5,0,5
1995-08-11 07:00:00,20.0,84,0.0,0,42,0,42
1995-08-11 08:00:00,22.2,81,0.0,0,78,0,78
1995-08-11 09:00:00,22.7,82,0.0,0,437,362,226
1995-08-11 10:00:00,27.2,65,1.5,170,646,512,273
1995-08-11 11:00:00,28.3,59,0.0,0,739,482,336
1995-08-11 12:00:00,28.3,59,2.0,210,827,588,298
1995-08-11 13:00:00,30.5,55,2.0,90,357,79,285
1995-08-11 14:00:00,30.0,55,0.0,0,782,534,315
1995-08-11 15:00:00,30.0,55,1.5,310,717,387,412
1995-08-11 16:00:00,28.8,61,3.0,300,533,436,245
1995-08-11 17:00:00,26.1,64,0.0,0,339,252,213
1995-08-11 18:00:00,25.5,72,1.5,300,159,148,113
1995-08-11 19:00:00,23.8,76,0.0,0,44,8,43
1995-08-11 20:00:00,23.3,76,2.5,350,0,0,0
1995-08-11 21:00:00,21.6,78,0.0,0,0,0,0
1995-08-11 22:00:00,21.1,78,1.5,330,0,0,0
1995-08-11 23:00:00,21.6,76,2.0,350,0,0,0
1995-08-12 00:00:00,21.6,76,0.0,0,0,0,0
1995-08-12 01:00:00,21.1,75,0.0,0,0,0,0
1995-08-12 02:00:00,19.4,81,0.0,0,0,0,0
1995-08-12 03:00:00,19.4,81,0.0,0,0,0,0
1995-08-12 04:00:00,19.4,84,0.0,0,0,0,0
1995-08-12 05:00:00,19.4,81,0.0,0,0,0,0
1995-08-12 06:00:00,19.4,81,0.0,0,9,0,9
1995-08-12 07:00:00,22.2,76,0.0,0,50,0,50
1995-08-12 08:00:00,25.2,67,2.1,340,120,0,120
1995-08-12 09:00:00,28.3,61,4.1,310,193,0,193
1995-08-12 10:00:00,29.4,59,3.6,310,204,0,204
1995-08-12 11:00:00,29.4,61,4.1,310,602,192,441
1995-08-12 12:00:00,30.5,59,4.6,300,797,529,322
1995-08-12 13:00:00,29.4,61,4.6,270,701,166,550
1995-08-12 14:00:00,31.1,59,1.5,280,812,762,148
1995-08-12 15:00:00,31.1,57,2.0,270,732,766,131
1995-08-12 16:00:00,32.2,57,3.0,270,615,756,118
1995-08-12 17:00:00,30.5,63,0.0,0,410,368,228
1995-08-12 18:00:00,28.8,63,1.5,260,205,431,72
1995-08-12 19:00:00,28.3,63,1.5,250,59,150,41
1995-08-12 20:00:00,27.2,67,1.5,260,0,1,0
1995-08-12 21:00:00,27.2,65,1.5,290,0,0,0
1995-08-12 22:00:00,25.5,72,2.5,300,0,0,0
1995-08-12 23:00:00,26.1,69,2.0,280,0,0,0
1995-08-13 00:00:00,25.5,69,2.5,300,0,0,0
1995-08-13 01:00:00,25.5,72,0.0,0,0,0,0
1995-08-13 02:00:00,25.0,74,1.5,290,0,0,0
1995-08-13 03:00:00,24.4,74,0.0,0,0,0,0
1995-08-13 04:00:00,24.4,76,0.0,0,0,0,0
1995-08-13 05:00:00,24.4,76,0.0,0,0,0,0
1995-08-13 06:00:00,24.4,76,0.0,0,11,28,9
1995-08-13 07:00:00,26.1,71,1.5,320,86,19,82
1995-08-13 08:00:00,27.7,65,2.5,330,80,1,79
1995-08-13 09:00:00,28.3,63,3.6,10,468,511,173
1995-08-13 10:00:00,30.0,61,3.0,340,655,673,168
1995-08-13 11:00:00,30.5,59,3.0,340,815,728,209
1995-08-13 12:00:00,30.5,61,3.0,350,616,5,611
1995-08-13 13:00:00,31.6,55,3.6,340,872,726,213
1995-08-13 14:00:00,32.2,54,1.5,10,785,672,200
1995-08-13 15:00:00,32.2,54,1.5,340,729,660,212
1995-08-13 16:00:00,32.2,54,0.0,0,573,655,145
1995-08-13 17:00:00,31.1,59,1.5,300,379,438,164
1995-08-13 18:00:00,30.5,61,1.5,340,222,411,97
1995-08-13 19:00:00,28.8,70,0.0,0,44,97,33
1995-08-13 20:00:00,26.1,76,0.0,0,0,0,0
1995-08-13 21:00:00,26.1,76,0.0,0,0,0,0
1995-08-13 22:00:00,25.0,81,0.0,0,0,0,0
1995-08-13 23:00:00,25.0,81,0.0,0,0,0,0
1995-08-14 00:00:00,24.4,82,0.0,0,0,0,0
1995-08-14 01:00:00,23.8,82,0.0,0,0,0,0
1995-08-14 02:00:00,23.8,79,0.0,0,0,0,0
1995-08-14 03:00:00,23.3,82,0.0,0,0,0,0
1995-08-14 04:00:00,23.3,82,0.0,0,0,0,0
1995-08-14 05:00:00,23.3,79,0.0,0,0,0,0
1995-08-14 06:00:00,23.3,84,0.0,0,4,0,4
1995-08-14 07:00:00,23.8,82,0.0,0,35,0,35
1995-08-14 08:00:00,25.0,84,0.0,0,125,40,109
1995-08-14 09:00:00,28.3,72,1.5,280,433,218,307
1995-08-14 10:00:00,30.5,63,2.5,320,450,294,237
1995-08-14 11:00:00,31.6,62,2.5,320,665,403,330
1995-08-14 12:00:00,32.7,56,2.0,350,892,691,276
1995-08-14 13:00:00,33.8,54,1.5,20,822,608,271
1995-08-14 14:00:00,34.4,51,0.0,0,843,656,274
1995-08-14 15:00:00,34.4,51,0.0,0,643,462,283
1995-08-14 16:00:00,34.4,51,1.5,260,549,546,194
1995-08-14 17:00:00,33.3,58,0.0,0,376,455,154
1995-08-14 18:00:00,32.7,60,1.5,200,191,276,107
1995-08-14 19:00:00,30.5,68,0.0,0,42,47,37
1995-08-14 20:00:00,28.5,73,0.0,0,0,0,0
1995-08-14 21:00:00,26.6,79,0.0,0,0,0,0
1995-08-14 22:00:00,26.6,79,0.0,0,0,0,0
1995-08-14 23:00:00,26.6,77,0.0,0,0,0,0
1995-08-15 00:00:00,26.1,76,2.0,190,0,0,0
1995-08-15 01:00:00,24.4,79,2.0,100,0,0,0
1995-08-15 02:00:00,24.4,74,0.0,0,0,0,0
1995-08-15 03:00:00,24.4,74,0.0,0,0,0,0
1995-08-15 04:00:00,24.4,71,0.0,0,0,0,0
1995-08-15 05:00:00,23.3,74,0.0,0,0,0,0
1995-08-15 06:00:00,23.8,74,0.0,0,9,6,8
1995-08-15 07:00:00,25.5,69,0.0,0,106,202,64
1995-08-15 08:00:00,26.1,69,1.5,110,73,0,73
1995-08-15 09:00:00,28.3,65,0.0,0,296,141,215
1995-08-15 10:00:00,29.8,62,0.0,0,449,148,342
1995-08-15 11:00:00,30.8,60,0.0,0,668,466,282
1995-08-15 12:00:00,31.6,59,0.0,0,827,652,246
1995-08-15 13:00:00,32.1,58,1.0,50,798,598,258
1995-08-15 14:00:00,32.7,56,2.0,90,834,728,204
1995-08-15 15:00:00,32.2,57,0.0,0,688,588,231
1995-08-15 16:00:00,31.6,59,3.0,110,458,261,288
1995-08-15 17:00:00,30.5,63,2.0,120,227,196,132
1995-08-15 18:00:00,29.4,65,2.0,130,132,140,90
1995-08-15 19:00:00,27.2,67,0.0,0,45,31,42
1995-08-15 20:00:00,26.1,69,0.0,0,0,0,0
1995-08-15 21:00:00,24.4,76,0.0,0,0,0,0
1995-08-15 22:00:00,25.5,74,0.0,0,0,0,0
1995-08-15 23:00:00,24.4,76,0.0,0,0,0,0
1995-08-16 00:00:00,23.3,79,0.0,0,0,0,0
1995-08-16 01:00:00,23.3,79,0.0,0,0,0,0
1995-08-16 02:00:00,23.3,79,0.0,0,0,0,0
1995-08-16 03:00:00,22.7,79,1.5,340,0,0,0
1995-08-16 04:00:00,22.2,81,0.0,0,0,0,0
1995-08-16 05:00:00,21.6,82,0.0,0,0,0,0
1995-08-16 06:00:00,22.2,81,2.0,360,9,23,7
1995-08-16 07:00:00,23.8,76,2.5,360,123,332,55
1995-08-16 08:00:00,26.6,69,2.5,60,317,557,97
1995-08-16 09:00:00,27.2,67,2.5,50,481,634,120
1995-08-16 10:00:00,29.4,61,2.0,50,633,652,166
1995-08-16 11:00:00,30.0,63,2.5,10,780,785,132
1995-08-16 12:00:00,31.1,59,3.0,360,805,627,249
1995-08-16 13:00:00,31.6,59,4.1,10,754,515,290
1995-08-16 14:00:00,32.2,57,3.0,50,760,673,180
1995-08-16 15:00:00,32.2,57,3.0,30,698,716,143
1995-08-16 16:00:00,32.2,57,3.6,60,541,427,266
1995-08-16 17:00:00,31.6,59,2.0,60,209,120,151
1995-08-16 18:00:00,30.5,61,2.5,70,80,0,80
1995-08-16 19:00:00,28.8,65,2.0,60,29,15,27
1995-08-16 20:00:00,28.3,65,2.0,360,0,0,0
1995-08-16 21:00:00,27.7,67,1.5,40,0,0,0
1995-08-16 22:00:00,25.5,74,1.5,350,0,0,0
1995-08-16 23:00:00,25.0,76,2.0,330,0,0,0
1995-08-17 00:00:00,25.5,74,1.5,10,0,0,0
1995-08-17 01:00:00,25.5,74,0.0,0,0,0,0
1995-08-17 02:00:00,24.4,79,1.5,10,0,0,0
1995-08-17 03:00:00,24.4,79,1.5,360,0,0,0
1995-08-17 04:00:00,23.8,76,0.0,0,0,0,0
1995-08-17 05:00:00,23.3,79,1.5,350,0,0,0
1995-08-17 06:00:00,23.8,76,2.0,10,10,59,7
1995-08-17 07:00:00,26.1,71,4.1,10,102,284,45
1995-08-17 08:00:00,26.1,71,4.6,10,318,580,91
1995-08-17 09:00:00,28.3,65,2.0,10,478,559,161
1995-08-17 10:00:00,29.4,63,4.1,360,630,677,147
1995-08-17 11:00:00,31.1,59,4.6,360,779,776,139
1995-08-17 12:00:00,32.2,54,5.1,10,833,720,195
1995-08-17 13:00:00,32.7,56,5.1,340,627,151,491
1995-08-17 14:00:00,32.2,54,2.5,30,331,69,271
1995-08-17 15:00:00,32.7,51,3.6,10,654,604,187
1995-08-17 16:00:00,33.3,50,2.5,40,608,808,90
1995-08-17 17:00:00,32.7,52,2.0,350,422,731,73
1995-08-17 18:00:00,30.5,55,1.5,330,221,584,51
1995-08-17 19:00:00,28.3,65,0.0,0,50,252,25
1995-08-17 20:00:00,26.6,72,0.0,0,0,1,0
1995-08-17 21:00:00,26.6,67,1.5,50,0,0,0
1995-08-17 22:00:00,25.0,74,0.0,0,0,0,0
1995-08-17 23:00:00,24.5,74,0.0,0,0,0,0
1995-08-18 00:00:00,24.4,74,0.0,0,0,0,0
1995-08-18 01:00:00,24.4,74,2.0,350,0,0,0
1995-08-18 02:00:00,25.0,71,2.0,20,0,0,0
1995-08-18 03:00:00,24.4,74,1.5,360,0,0,0
1995-08-18 04:00:00,23.8,71,2.0,360,0,0,0
1995-08-18 05:00:00,23.3,69,1.5,360,0,0,0
1995-08-18 06:00:00,23.8,64,2.0,10,7,4,7
1995-08-18 07:00:00,25.0,66,2.0,310,108,235,62
1995-08-18 08:00:00,27.2,56,2.0,10,290,469,107
1995-08-18 09:00:00,29.4,49,3.0,360,443,461,182
1995-08-18 10:00:00,30.5,48,2.5,350,623,567,219
1995-08-18 11:00:00,31.1,45,3.0,360,805,689,240
1995-08-18 12:00:00,32.2,42,1.5,340,806,619,259
1995-08-18 13:00:00,32.7,38,3.6,50,857,722,210
1995-08-18 14:00:00,33.3,40,2.5,50,787,666,216
1995-08-18 15:00:00,33.3,40,2.0,40,734,716,183
1995-08-18 16:00:00,32.7,41,2.5,90,579,656,160
1995-08-18 17:00:00,31.6,45,2.0,100,388,552,126
1995-08-18 18:00:00,30.0,50,1.5,90,189,366,83
1995-08-18 19:00:00,27.0,60,0.8,50,37,65,31
1995-08-18 20:00:00,24.4,69,0.0,0,0,0,0
1995-08-18 21:00:00,23.3,74,0.0,0,0,0,0
1995-08-18 22:00:00,23.4,73,0.8,40,0,0,0
1995-08-18 23:00:00,23.2,73,1.7,70,0,0,0
1995-08-19 00:00:00,23.3,71,2.5,110,0,0,0
1995-08-19 01:00:00,23.3,64,2.5,130,0,0,0
1995-08-19 02:00:00,21.6,68,0.0,0,0,0,0
1995-08-19 03:00:00,20.0,75,0.0,0,0,0,0
1995-08-19 04:00:00,20.0,73,0.0,0,0,0,0
1995-08-19 05:00:00,19.4,78,0.0,0,0,0,0
1995-08-19 06:00:00,21.6,71,0.0,0,5,0,5
1995-08-19 07:00:00,22.7,66,2.0,110,39,0,39
1995-08-19 08:00:00,22.7,59,1.5,100,88,0,88
1995-08-19 09:00:00,23.6,59,1.5,60,147,0,147
1995-08-19 10:00:00,24.4,58,1.5,10,197,0,197
1995-08-19 11:00:00,26.1,52,0.0,0,778,628,264
1995-08-19 12:00:00,26.6,53,2.5,170,848,693,238
1995-08-19 13:00:00,27.2,51,0.0,0,900,825,163
1995-08-19 14:00:00,27.8,50,0.5,20,815,759,167
1995-08-19 15:00:00,27.7,51,1.0,50,748,785,147
1995-08-19 16:00:00,27.4,54,1.5,70,584,718,128
1995-08-19 17:00:00,26.6,58,2.0,90,255,209,157
1995-08-19 18:00:00,25.5,60,1.5,100,131,43,119
1995-08-19 19:00:00,24.4,62,0.0,0,39,116,28
1995-08-19 20:00:00,22.7,66,0.0,0,0,0,0
1995-08-19 21:00:00,20.5,76,0.0,0,0,0,0
1995-08-19 22:00:00,19.4,81,0.0,0,0,0,0
1995-08-19 23:00:00,18.3,81,0.0,0,0,0,0
1995-08-20 00:00:00,18.8,76,0.0,0,0,0,0
1995-08-20 01:00:00,16.6,81,0.0,0,0,0,0
1995-08-20 02:00:00,15.5,83,0.0,0,0,0,0
1995-08-20 03:00:00,15.0,86,0.0,0,0,0,0
1995-08-20 04:00:00,14.0,87,0.0,0,0,0,0
1995-08-20 05:00:00,13.3,87,0.0,0,0,0,0
1995-08-20 06:00:00,13.8,84,0.0,0,7,34,6
1995-08-20 07:00:00,16.6,81,0.0,0,121,183,86
1995-08-20 08:00:00,19.9,69,0.8,40,241,399,88
1995-08-20 09:00:00,23.3,60,1.5,70,509,510,223
1995-08-20 10:00:00,23.8,56,0.0,0,170,0,170
1995-08-20 11:00:00,26.1,50,1.5,160,200,0,200
1995-08-20 12:00:00,27.2,46,1.8,80,324,0,324
1995-08-20 13:00:00,27.7,42,2.0,360,329,0,329
1995-08-20 14:00:00,28.8,40,0.0,0,313,0,313
1995-08-20 15:00:00,30.0,37,0.0,0,639,534,231
1995-08-20 16:00:00,28.3,42,0.0,0,383,202,255
1995-08-20 17:00:00,26.1,48,0.0,0,192,136,128
1995-08-20 18:00:00,26.6,51,0.0,0,145,181,94
1995-08-20 19:00:00,23.3,61,0.0,0,34,8,33
1995-08-20 20:00:00,20.4,71,0.0,0,0,0,0
1995-08-20 21:00:00,17.7,81,0.0,0,0,0,0
1995-08-20 22:00:00,17.7,81,0.0,0,0,0,0
1995-08-20 23:00:00,17.7,78,0.0,0,0,0,0
1995-08-21 00:00:00,16.6,81,0.0,0,0,0,0
1995-08-21 01:00:00,16.1,82,0.0,0,0,0,0
1995-08-21 02:00:00,15.5,81,0.0,0,0,0,0
1995-08-21 03:00:00,15.0,82,0.0,0,0,0,0
1995-08-21 04:00:00,14.4,83,0.0,0,0,0,0
1995-08-21 05:00:00,15.0,83,0.0,0,0,0,0
1995-08-21 06:00:00,15.0,83,0.0,0,5,0,5
1995-08-21 07:00:00,17.2,84,0.0,0,67,16,64
1995-08-21 08:00:00,21.1,70,0.0,0,207,183,137
1995-08-21 09:00:00,26.1,60,1.5,240,469,516,180
1995-08-21 10:00:00,28.2,57,1.0,280,606,523,236
1995-08-21 11:00:00,29.7,56,0.5,320,705,524,278
1995-08-21 12:00:00,31.1,55,0.0,0,681,414,318
1995-08-21 13:00:00,31.6,54,2.0,210,323,0,323
1995-08-21 14:00:00,32.3,51,2.0,230,730,421,373
1995-08-21 15:00:00,32.4,51,2.0,250,266,0,266
1995-08-21 16:00:00,32.2,52,2.0,270,207,0,207
1995-08-21 17:00:00,32.2,52,1.5,250,271,269,146
1995-08-21 18:00:00,30.5,57,0.0,0,150,172,102
1995-08-21 19:00:00,28.3,65,1.5,230,29,18,28
1995-08-21 20:00:00,26.6,69,1.5,260,0,0,0
1995-08-21 21:00:00,25.0,74,2.5,220,0,0,0
1995-08-21 22:00:00,25.0,74,2.0,230,0,0,0
1995-08-21 23:00:00,25.0,68,1.5,270,0,0,0
1995-08-22 00:00:00,24.4,66,1.5,290,0,0,0
1995-08-22 01:00:00,23.9,68,1.5,300,0,0,0
1995-08-22 02:00:00,23.3,69,1.5,310,0,0,0
1995-08-22 03:00:00,22.7,68,0.0,0,0,0,0
1995-08-22 04:00:00,19.8,75,0.0,0,0,0,0
1995-08-22 05:00:00,17.2,80,0.0,0,0,0,0
1995-08-22 06:00:00,19.4,73,0.0,0,5,0,5
1995-08-22 07:00:00,22.2,64,2.1,350,81,82,65
1995-08-22 08:00:00,25.5,54,4.1,340,224,237,134
1995-08-22 09:00:00,26.1,52,4.6,360,405,286,246
1995-08-22 10:00:00,26.6,49,5.6,340,611,538,233
1995-08-22 11:00:00,27.7,46,6.1,350,622,318,364
1995-08-22 12:00:00,28.3,44,5.6,340,471,47,429
1995-08-22 13:00:00,28.8,42,4.9,330,401,102,310
1995-08-22 14:00:00,29.4,40,4.1,320,814,655,261
1995-08-22 15:00:00,30.0,36,4.6,350,643,406,336
1995-08-22 16:00:00,29.4,38,6.1,340,544,543,205
1995-08-22 17:00:00,29.4,37,3.6,350,350,422,156
1995-08-22 18:00:00,27.7,42,2.0,350,157,226,95
1995-08-22 19:00:00,23.8,56,0.0,0,27,13,26
1995-08-22 20:00:00,21.1,63,1.5,330,0,0,0
1995-08-22 21:00:00,21.1,63,0.0,0,0,0,0
1995-08-22 22:00:00,20.5,63,2.5,330,0,0,0
1995-08-22 23:00:00,18.3,70,0.0,0,0,0,0
1995-08-23 00:00:00,20.0,63,1.5,20,0,0,0
1995-08-23 01:00:00,19.4,65,2.5,10,0,0,0
1995-08-23 02:00:00,18.3,65,1.5,20,0,0,0
1995-08-23 03:00:00,16.6,70,2.0,360,0,0,0
1995-08-23 04:00:00,15.6,73,1.3,360,0,0,0
1995-08-23 05:00:00,14.8,75,0.7,360,0,0,0
1995-08-23 06:00:00,14.4,77,0.0,0,5,20,4
1995-08-23 07:00:00,16.6,72,0.0,0,63,95,46
1995-08-23 08:00:00,20.0,58,2.0,10,234,276,129
1995-08-23 09:00:00,22.7,49,2.5,80,441,492,169
1995-08-23 10:00:00,23.8,46,0.0,0,622,616,191
1995-08-23 11:00:00,25.0,45,1.5,360,679,350,396
1995-08-23 12:00:00,25.5,45,0.0,0,318,0,318
1995-08-23 13:00:00,26.1,45,0.0,0,337,77,269
1995-08-23 14:00:00,27.2,45,0.0,0,244,0,244
1995-08-23 15:00:00,27.7,42,2.0,300,215,0,215
1995-08-23 16:00:00,27.2,47,1.5,280,213,0,213
1995-08-23 17:00:00,27.2,49,0.0,0,142,0,142
1995-08-23 18:00:00,26.1,52,0.0,0,127,26,120
1995-08-23 19:00:00,22.7,64,0.0,0,26,68,20
1995-08-23 20:00:00,19.4,78,0.0,0,0,0,0
1995-08-23 21:00:00,18.3,81,0.0,0,0,0,0
1995-08-23 22:00:00,17.2,84,0.0,0,0,0,0
1995-08-23 23:00:00,17.2,84,0.0,0,0,0,0
1995-08-24 00:00:00,16.6,84,0.0,0,0,0,0
1995-08-24 01:00:00,16.1,83,0.0,0,0,0,0
1995-08-24 02:00:00,15.5,87,0.0,0,0,0,0
1995-08-24 03:00:00,16.1,80,0.0,0,0,0,0
1995-08-24 04:00:00,16.1,86,1.5,220,0,0,0
1995-08-24 05:00:00,15.0,86,0.0,0,0,0,0
1995-08-24 06:00:00,15.5,87,0.0,0,4,0,4
1995-08-24 07:00:00,18.4,78,1.0,340,87,124,65
1995-08-24 08:00:00,21.7,67,2.0,330,262,362,126
1995-08-24 09:00:00,25.0,60,3.0,310,462,514,179
1995-08-24 10:00:00,27.2,54,2.0,280,641,605,218
1995-08-24 11:00:00,28.8,50,3.0,300,774,657,244
1995-08-24 12:00:00,30.5,46,3.6,260,850,683,257
1995-08-24 13:00:00,31.6,44,2.8,280,863,687,259
1995-08-24 14:00:00,32.7,41,2.0,290,812,670,251
1995-08-24 15:00:00,33.3,40,3.6,300,702,629,230
1995-08-24 16:00:00,33.3,41,2.5,260,540,556,197
1995-08-24 17:00:00,31.6,47,0.0,0,323,371,156
1995-08-24 18:00:00,30.0,55,0.0,0,153,212,97
1995-08-24 19:00:00,27.2,65,0.0,0,26,12,25
1995-08-24 20:00:00,25.0,74,0.0,0,0,0,0
1995-08-24 21:00:00,25.0,64,2.0,350,0,0,0
1995-08-24 22:00:00,25.5,60,0.0,0,0,0,0
1995-08-24 23:00:00,23.9,66,0.0,0,0,0,0
1995-08-25 00:00:00,22.7,71,0.0,0,0,0,0
1995-08-25 01:00:00,23.8,62,3.6,10,0,0,0
1995-08-25 02:00:00,23.8,56,3.0,20,0,0,0
1995-08-25 03:00:00,21.6,55,4.1,30,0,0,0
1995-08-25 04:00:00,20.0,50,2.0,20,0,0,0
1995-08-25 05:00:00,20.0,50,2.0,10,0,0,0
1995-08-25 06:00:00,19.4,52,0.0,0,4,0,3
1995-08-25 07:00:00,19.4,54,2.0,10,73,97,55
1995-08-25 08:00:00,21.1,53,2.0,10,277,468,103
1995-08-25 09:00:00,22.2,47,2.5,40,478,612,142
1995-08-25 10:00:00,23.8,43,1.5,360,654,694,171
1995-08-25 11:00:00,25.0,42,0.0,0,785,740,189
1995-08-25 12:00:00,26.6,38,2.0,20,860,763,199
1995-08-25 13:00:00,26.6,38,2.0,340,873,766,201
1995-08-25 14:00:00,28.3,34,2.5,20,823,752,194
1995-08-25 15:00:00,28.8,28,2.0,350,714,717,180
1995-08-25 16:00:00,28.3,29,1.5,320,538,597,173
1995-08-25 17:00:00,28.3,33,2.5,90,354,524,120
1995-08-25 18:00:00,26.1,38,1.5,100,157,315,76
1995-08-25 19:00:00,23.8,43,0.0,0,24,34,21
1995-08-25 20:00:00,19.4,61,0.0,0,0,0,0
1995-08-25 21:00:00,16.6,75,0.0,0,0,0,0
1995-08-25 22:00:00,16.6,72,0.0,0,0,0,0
1995-08-25 23:00:00,15.0,77,0.0,0,0,0,0
1995-08-26 00:00:00,14.4,77,0.0,0,0,0,0
1995-08-26 01:00:00,13.8,80,0.0,0,0,0,0
1995-08-26 02:00:00,13.3,80,0.0,0,0,0,0
1995-08-26 03:00:00,13.8,80,0.0,0,0,0,0
1995-08-26 04:00:00,13.8,80,0.0,0,0,0,0
1995-08-26 05:00:00,15.0,77,0.0,0,0,0,0
1995-08-26 06:00:00,15.0,77,0.0,0,3,4,3
1995-08-26 07:00:00,17.2,78,0.0,0,87,153,60
1995-08-26 08:00:00,21.6,68,1.5,190,273,463,102
1995-08-26 09:00:00,22.7,62,2.5,190,480,585,160
1995-08-26 10:00:00,25.0,46,4.6,190,482,353,237
1995-08-26 11:00:00,27.2,39,4.1,220,739,713,168
1995-08-26 12:00:00,28.3,38,2.5,220,811,723,187
1995-08-26 13:00:00,30.0,36,3.6,200,820,684,222
1995-08-26 14:00:00,30.0,37,4.6,210,817,637,287
1995-08-26 15:00:00,30.0,36,4.1,210,709,689,198
1995-08-26 16:00:00,27.2,45,0.0,0,204,0,204
1995-08-26 17:00:00,27.2,49,0.0,0,330,213,236
1995-08-26 18:00:00,25.5,55,0.0,0,157,325,74
1995-08-26 19:00:00,23.3,64,0.0,0,22,44,19
1995-08-26 20:00:00,22.1,65,0.0,0,0,0,0
1995-08-26 21:00:00,21.1,66,0.0,0,0,0,0
1995-08-26 22:00:00,20.0,70,0.0,0,0,0,0
1995-08-26 23:00:00,19.4,73,0.0,0,0,0,0
1995-08-27 00:00:00,19.4,73,0.0,0,0,0,0
1995-08-27 01:00:00,18.3,78,0.0,0,0,0,0
1995-08-27 02:00:00,17.7,81,0.0,0,0,0,0
1995-08-27 03:00:00,17.2,80,0.0,0,0,0,0
1995-08-27 04:00:00,16.6,87,0.0,0,0,0,0
1995-08-27 05:00:00,16.6,84,0.0,0,0,0,0
1995-08-27 06:00:00,18.3,78,0.0,0,2,0,2
1995-08-27 07:00:00,20.5,76,0.0,0,33,0,33
1995-08-27 08:00:00,22.7,71,0.0,0,90,0,90
1995-08-27 09:00:00,23.8,67,0.0,0,148,0,148
1995-08-27 10:00:00,26.3,63,1.0,280,189,32,167
1995-08-27 11:00:00,28.3,61,2.0,190,381,90,309
1995-08-27 12:00:00,28.8,59,2.5,190,821,780,150
1995-08-27 13:00:00,28.8,61,2.0,240,680,558,194
1995-08-27 14:00:00,29.1,59,1.8,240,762,713,171
1995-08-27 15:00:00,28.8,61,1.5,240,700,654,217
1995-08-27 16:00:00,28.3,63,0.0,0,510,631,128
1995-08-27 17:00:00,27.2,67,0.0,0,347,487,134
1995-08-27 18:00:00,27.2,67,0.0,0,127,287,55
1995-08-27 19:00:00,25.5,72,0.0,0,19,41,16
1995-08-27 20:00:00,24.4,79,0.0,0,0,0,0
1995-08-27 21:00:00,23.3,82,0.0,0,0,0,0
1995-08-27 22:00:00,22.7,82,0.0,0,0,0,0
1995-08-27 23:00:00,22.2,81,0.0,0,0,0,0
1995-08-28 00:00:00,22.2,81,1.5,40,0,0,0
1995-08-28 01:00:00,22.2,81,0.0,0,0,0,0
1995-08-28 02:00:00,21.6,84,1.5,30,0,0,0
1995-08-28 03:00:00,21.6,82,2.5,20,0,0,0
1995-08-28 04:00:00,21.6,78,2.0,20,0,0,0
1995-08-28 05:00:00,21.6,82,0.0,0,0,0,0
1995-08-28 06:00:00,21.6,82,2.0,20,2,0,2
1995-08-28 07:00:00,22.2,76,0.0,0,100,0,100
1995-08-28 08:00:00,23.3,73,1.5,40,83,43,67
1995-08-28 09:00:00,24.4,71,3.0,80,282,83,238
1995-08-28 10:00:00,25.5,66,4.1,100,533,130,443
1995-08-28 11:00:00,26.1,64,2.5,50,409,125,310
1995-08-28 12:00:00,26.6,62,3.0,70,499,124,392
1995-08-28 13:00:00,26.6,62,3.6,60,255,0,255
1995-08-28 14:00:00,26.1,64,3.6,60,241,0,241
1995-08-28 15:00:00,25.5,64,3.0,70,208,78,150
1995-08-28 16:00:00,25.5,64,2.0,90,166,0,166
1995-08-28 17:00:00,24.4,69,2.0,90,368,584,115
1995-08-28 18:00:00,23.8,69,2.5,110,142,159,103
1995-08-28 19:00:00,22.7,71,1.5,90,21,68,16
1995-08-28 20:00:00,21.0,75,0.8,50,0,0,0
1995-08-28 21:00:00,19.4,78,0.0,0,0,0,0
1995-08-28 22:00:00,20.0,78,0.0,0,0,0,0
1995-08-28 23:00:00,20.0,78,0.0,0,0,0,0
1995-08-29 00:00:00,18.8,84,0.0,0,0,0,0
1995-08-29 01:00:00,18.3,84,0.0,0,0,0,0
1995-08-29 02:00:00,17.2,84,0.0,0,0,0,0
1995-08-29 03:00:00,17.2,87,0.0,0,0,0,0
1995-08-29 04:00:00,17.2,87,0.0,0,0,0,0
1995-08-29 05:00:00,16.6,84,0.0,0,0,0,0
1995-08-29 06:00:00,17.2,80,0.0,0,3,3,2
1995-08-29 07:00:00,18.3,84,0.0,0,83,175,54
1995-08-29 08:00:00,21.1,66,0.0,0,270,485,95
1995-08-29 09:00:00,23.8,56,0.0,0,470,629,131
1995-08-29 10:00:00,26.1,52,0.0,0,643,706,158
1995-08-29 11:00:00,27.2,52,1.5,330,705,528,285
1995-08-29 12:00:00,27.7,53,0.0,0,753,473,349
1995-08-29 13:00:00,30.0,51,2.0,250,811,702,203
1995-08-29 14:00:00,30.0,50,1.5,330,753,564,289
1995-08-29 15:00:00,30.5,50,2.0,300,675,646,203
1995-08-29 16:00:00,30.5,48,0.0,0,534,642,150
1995-08-29 17:00:00,30.5,48,0.0,0,344,539,113
1995-08-29 18:00:00,28.8,55,0.0,0,149,332,69
1995-08-29 19:00:00,26.1,64,2.0,250,18,33,16
1995-08-29 20:00:00,24.4,71,1.5,230,0,0,0
1995-08-29 21:00:00,23.3,74,0.0,0,0,0,0
1995-08-29 22:00:00,23.3,76,2.0,260,0,0,0
1995-08-29 23:00:00,22.2,79,0.0,0,0,0,0
1995-08-30 00:00:00,21.1,81,0.0,0,0,0,0
1995-08-30 01:00:00,21.1,81,0.0,0,0,0,0
1995-08-30 02:00:00,21.1,75,2.5,360,0,0,0
1995-08-30 03:00:00,22.2,68,3.0,20,0,0,0
1995-08-30 04:00:00,21.6,71,3.0,10,0,0,0
1995-08-30 05:00:00,21.6,68,3.6,10,0,0,0
1995-08-30 06:00:00,21.1,68,2.0,10,2,5,2
1995-08-30 07:00:00,23.3,62,2.0,10,78,191,46
1995-08-30 08:00:00,23.8,60,2.0,20,269,484,96
1995-08-30 09:00:00,25.5,54,2.5,20,467,670,108
1995-08-30 10:00:00,28.8,48,3.0,70,578,458,265
1995-08-30 11:00:00,29.5,44,2.3,40,717,674,184
1995-08-30 12:00:00,30.0,41,1.5,10,814,708,211
1995-08-30 13:00:00,30.5,42,2.0,330,825,741,187
1995-08-30 14:00:00,31.1,40,0.0,0,719,632,202
1995-08-30 15:00:00,31.6,39,2.0,280,576,430,263
1995-08-30 16:00:00,31.6,38,2.0,260,509,535,192
1995-08-30 17:00:00,29.9,42,1.5,290,305,460,109
1995-08-30 18:00:00,27.7,49,1.0,310,89,120,61
1995-08-30 19:00:00,25.0,59,0.5,340,18,24,17
1995-08-30 20:00:00,22.7,68,0.0,0,0,0,0
1995-08-30 21:00:00,20.0,78,0.0,0,0,0,0
1995-08-30 22:00:00,19.4,78,0.0,0,0,0,0
1995-08-30 23:00:00,18.3,81,0.0,0,0,0,0
1995-08-31 00:00:00,19.4,78,1.5,230,0,0,0
1995-08-31 01:00:00,20.0,78,1.5,190,0,0,0
1995-08-31 02:00:00,20.0,81,1.5,200,0,0,0
1995-08-31 03:00:00,19.4,81,1.5,200,0,0,0
1995-08-31 04:00:00,20.0,81,2.0,190,0,0,0
1995-08-31 05:00:00,20.0,81,0.0,0,0,0,0
1995-08-31 06:00:00,20.0,81,2.0,200,2,1,2
1995-08-31 07:00:00,20.5,78,1.5,210,53,40,46
1995-08-31 08:00:00,21.6,78,2.0,180,125,99,90
1995-08-31 09:00:00,22.2,76,1.5,190,384,422,159
1995-08-31 10:00:00,24.4,69,2.0,190,586,540,218
1995-08-31 11:00:00,28.3,61,2.5,230,714,668,187
1995-08-31 12:00:00,30.5,54,2.0,230,697,502,270
1995-08-31 13:00:00,33.3,42,3.6,260,791,633,247
1995-08-31 14:00:00,33.8,43,3.0,220,691,523,264
1995-08-31 15:00:00,33.3,44,3.6,210,637,645,171
1995-08-31 16:00:00,32.7,46,2.9,220,514,623,148
1995-08-31 17:00:00,31.6,48,2.2,230,321,504,109
1995-08-31 18:00:00,30.0,53,1.5,240,139,354,57
1995-08-31 19:00:00,28.3,59,0.0,0,17,53,13
1995-08-31 20:00:00,27.7,61,2.0,240,0,0,0
1995-08-31 21:00:00,26.6,65,2.0,250,0,0,0
1995-08-31 22:00:00,26.1,65,1.9,210,0,0,0
1995-08-31 23:00:00,25.7,66,1.9,230,0,0,0
1995-09-01 00:00:00,25.2,66,1.8,0,0,0,0
1995-09-01 01:00:00,24.7,71,1.7,220,0,0,0
1995-09-01 02:00:00,24.2,74,1.6,0,0,0,0
1995-09-01 03:00:00,23.8,74,1.6,0,0,0,0
1995-09-01 04:00:00,23.3,69,1.5,290,0,0,0
1995-09-01 05:00:00,22.7,71,0.0,0,0,0,0
1995-09-01 06:00:00,22.2,71,0.0,0,3,45,2
1995-09-01 07:00:00,24.4,64,1.5,350,107,320,56
1995-09-01 08:00:00,27.2,60,4.6,340,291,575,88
1995-09-01 09:00:00,28.3,51,4.1,340,482,695,114
1995-09-01 10:00:00,30.0,44,2.5,320,688,858,106
1995-09-01 11:00:00,31.1,45,3.6,300,721,655,207
1995-09-01 12:00:00,31.6,44,3.6,320,802,709,202
1995-09-01 13:00:00,30.5,42,3.0,340,836,838,120
1995-09-01 14:00:00,30.0,43,4.1,350,759,792,117
1995-09-01 15:00:00,28.3,48,5.1,340,671,776,113
1995-09-01 16:00:00,26.6,49,6.1,340,395,522,90
1995-09-01 17:00:00,25.5,45,4.1,360,344,646,76
1995-09-01 18:00:00,23.8,45,4.1,340,145,428,49
1995-09-01 19:00:00,23.3,48,4.1,330,20,142,11
1995-09-01 20:00:00,22.7,51,3.0,320,0,0,0
1995-09-01 21:00:00,22.2,53,3.6,330,0,0,0
1995-09-01 22:00:00,21.6,55,3.0,320,0,0,0
1995-09-01 23:00:00,21.1,57,2.0,310,0,0,0
1995-09-02 00:00:00,20.5,59,3.6,320,0,0,0
1995-09-02 01:00:00,20.5,55,4.1,330,0,0,0
1995-09-02 02:00:00,19.5,57,3.2,330,0,0,0
1995-09-02 03:00:00,18.7,58,2.4,330,0,0,0
1995-09-02 04:00:00,17.7,61,1.5,330,0,0,0
1995-09-02 05:00:00,16.6,62,0.0,0,0,0,0
1995-09-02 06:00:00,16.1,64,2.0,340,1,1,1
1995-09-02 07:00:00,17.7,61,4.6,330,88,125,69
1995-09-02 08:00:00,19.4,59,3.6,320,205,330,89
1995-09-02 09:00:00,21.6,51,4.1,350,385,375,187
1995-09-02 10:00:00,23.2,47,3.9,350,606,505,266
1995-09-02 11:00:00,24.4,43,3.6,350,743,746,160
1995-09-02 12:00:00,25.5,38,4.6,340,799,722,190
1995-09-02 13:00:00,27.2,33,5.6,350,823,734,198
1995-09-02 14:00:00,26.1,33,4.6,310,752,710,179
1995-09-02 15:00:00,26.6,33,4.6,330,637,654,169
1995-09-02 16:00:00,26.6,31,2.5,20,520,613,165
1995-09-02 17:00:00,26.6,31,3.0,360,343,463,153
1995-09-02 18:00:00,23.3,38,1.5,360,82,66,68
1995-09-02 19:00:00,19.4,52,0.0,0,10,1,10
1995-09-02 20:00:00,18.3,54,0.0,0,0,0,0
1995-09-02 21:00:00,17.2,58,0.0,0,0,0,0
1995-09-02 22:00:00,16.1,64,0.0,0,0,0,0
1995-09-02 23:00:00,13.8,69,0.0,0,0,0,0
1995-09-03 00:00:00,13.8,72,0.0,0,0,0,0
1995-09-03 01:00:00,13.3,72,0.0,0,0,0,0
1995-09-03 02:00:00,12.2,74,0.0,0,0,0,0
1995-09-03 03:00:00,11.6,74,0.0,0,0,0,0
1995-09-03 04:00:00,12.2,74,1.5,340,0,0,0
1995-09-03 05:00:00,12.7,72,0.0,0,0,0,0
1995-09-03 06:00:00,11.1,77,1.5,340,1,0,1
1995-09-03 07:00:00,15.5,70,0.0,0,70,34,65
1995-09-03 08:00:00,19.4,56,2.5,330,256,406,115
1995-09-03 09:00:00,22.2,49,2.0,340,376,367,184
1995-09-03 10:00:00,23.8,45,2.0,340,307,91,246
1995-09-03 11:00:00,25.5,44,2.0,360,512,120,418
1995-09-03 12:00:00,26.6,34,1.5,260,544,112,450
1995-09-03 13:00:00,27.7,32,4.1,320,324,78,257
1995-09-03 14:00:00,27.7,32,0.0,0,468,97,390
1995-09-03 15:00:00,27.7,32,1.5,350,355,135,259
1995-09-03 16:00:00,28.3,32,2.0,270,269,42,245
1995-09-03 17:00:00,27.7,33,2.0,250,199,154,136
1995-09-03 18:00:00,25.5,40,0.0,0,101,163,66
1995-09-03 19:00:00,20.0,57,0.0,0,11,9,10
1995-09-03 20:00:00,18.3,65,0.0,0,0,0,0
1995-09-03 21:00:00,17.2,70,0.0,0,0,0,0
1995-09-03 22:00:00,17.2,67,0.0,0,0,0,0
1995-09-03 23:00:00,17.2,65,0.0,0,0,0,0
1995-09-04 00:00:00,15.0,74,1.5,140,0,0,0
1995-09-04 01:00:00,14.4,75,0.0,0,0,0,0
1995-09-04 02:00:00,13.8,75,0.0,0,0,0,0
1995-09-04 03:00:00,12.7,77,0.0,0,0,0,0
1995-09-04 04:00:00,12.7,77,0.0,0,0,0,0
1995-09-04 05:00:00,13.3,74,0.0,0,0,0,0
1995-09-04 06:00:00,14.4,75,0.0,0,1,0,1
1995-09-04 07:00:00,16.1,75,0.0,0,54,8,53
1995-09-04 08:00:00,18.3,68,0.0,0,230,379,99
1995-09-04 09:00:00,24.4,50,0.0,0,373,253,241
1995-09-04 10:00:00,25.0,48,0.0,0,609,644,178
1995-09-04 11:00:00,27.7,46,0.0,0,738,614,261
1995-09-04 12:00:00,29.4,37,0.0,0,871,747,246
1995-09-04 13:00:00,30.0,36,1.5,230,820,603,310
1995-09-04 14:00:00,31.1,34,2.0,210,744,640,232
1995-09-04 15:00:00,31.1,34,1.5,250,576,497,225
1995-09-04 16:00:00,30.5,35,3.0,260,399,387,178
1995-09-04 17:00:00,29.4,38,1.5,260,278,387,123
1995-09-04 18:00:00,25.0,52,0.0,0,108,60,95
1995-09-04 19:00:00,25.0,52,1.5,180,10,0,10
1995-09-04 20:00:00,23.3,57,0.0,0,0,0,0
1995-09-04 21:00:00,22.7,55,0.0,0,0,0,0
1995-09-04 22:00:00,20.5,63,0.0,0,0,0,0
1995-09-04 23:00:00,19.4,68,1.5,220,0,0,0
1995-09-05 00:00:00,20.0,65,2.0,180,0,0,0
1995-09-05 01:00:00,18.8,68,0.0,0,0,0,0
1995-09-05 02:00:00,17.2,72,0.0,0,0,0,0
1995-09-05 03:00:00,16.1,78,0.0,0,0,0,0
1995-09-05 04:00:00,15.0,80,0.0,0,0,0,0
1995-09-05 05:00:00,14.4,81,0.0,0,0,0,0
1995-09-05 06:00:00,14.4,77,0.0,0,2,19,1
1995-09-05 07:00:00,16.1,80,0.0,0,68,214,36
1995-09-05 08:00:00,19.4,70,0.0,0,263,604,56
1995-09-05 09:00:00,25.0,54,2.5,330,456,698,94
1995-09-05 10:00:00,26.1,50,1.5,320,601,736,111
1995-09-05 11:00:00,28.3,48,2.0,280,699,745,122
1995-09-05 12:00:00,29.4,46,0.0,0,769,791,110
1995-09-05 13:00:00,30.0,43,1.5,170,783,789,120
1995-09-05 14:00:00,31.1,42,2.5,230,756,816,107
1995-09-05 15:00:00,31.1,39,2.5,270,672,633,228
1995-09-05 16:00:00,30.5,39,2.5,270,492,695,98
1995-09-05 17:00:00,30.0,39,2.0,280,305,552,86
1995-09-05 18:00:00,28.3,46,0.0,0,136,378,58
1995-09-05 19:00:00,23.3,60,0.0,0,9,27,7
1995-09-05 20:00:00,21.1,68,0.0,0,0,0,0
1995-09-05 21:00:00,19.4,73,0.0,0,0,0,0
1995-09-05 22:00:00,19.4,70,0.0,0,0,0,0
1995-09-05 23:00:00,16.6,81,0.0,0,0,0,0
1995-09-06 00:00:00,17.2,75,0.0,0,0,0,0
1995-09-06 01:00:00,16.6,78,0.0,0,0,0,0
1995-09-06 02:00:00,16.6,75,0.0,0,0,0,0
1995-09-06 03:00:00,15.0,77,0.0,0,0,0,0
1995-09-06 04:00:00,14.4,81,0.0,0,0,0,0
1995-09-06 05:00:00,13.8,80,0.0,0,0,0,0
1995-09-06 06:00:00,13.3,80,0.0,0,1,0,0
1995-09-06 07:00:00,15.5,81,0.0,0,72,99,57
1995-09-06 08:00:00,20.0,65,1.5,10,179,186,116
1995-09-06 09:00:00,25.0,52,2.0,360,390,477,144
1995-09-06 10:00:00,27.7,41,2.5,350,402,344,173
1995-09-06 11:00:00,29.4,37,2.0,320,700,474,335
1995-09-06 12:00:00,31.1,35,2.0,280,701,591,211
1995-09-06 13:00:00,32.2,27,2.0,310,762,593,266
1995-09-06 14:00:00,32.2,26,1.5,330,646,545,214
1995-09-06 15:00:00,32.7,27,2.0,310,552,444,242
1995-09-06 16:00:00,32.2,28,2.5,330,433,424,195
1995-09-06 17:00:00,31.1,30,1.5,310,310,490,118
1995-09-06 18:00:00,25.0,46,0.0,0,116,249,66
1995-09-06 19:00:00,23.8,52,0.0,0,7,7,7
1995-09-06 20:00:00,24.4,48,2.0,170,0,0,0
1995-09-06 21:00:00,22.7,57,1.5,200,0,0,0
1995-09-06 22:00:00,21.6,61,1.5,220,0,0,0
1995-09-06 23:00:00,18.8,70,1.5,230,0,0,0
1995-09-07 00:00:00,19.4,70,0.0,0,0,0,0
1995-09-07 01:00:00,17.7,75,0.0,0,0,0,0
1995-09-07 02:00:00,16.6,75,0.0,0,0,0,0
1995-09-07 03:00:00,16.6,78,0.0,0,0,0,0
1995-09-07 04:00:00,15.5,78,0.0,0,0,0,0
1995-09-07 05:00:00,16.1,78,0.0,0,0,0,0
1995-09-07 06:00:00,16.4,78,0.0,0,1,19,0
1995-09-07 07:00:00,18.2,75,0.0,0,91,139,71
1995-09-07 08:00:00,20.5,68,0.0,0,156,278,63
1995-09-07 09:00:00,23.8,60,1.5,180,413,498,157
1995-09-07 10:00:00,26.6,53,2.5,200,649,680,200
1995-09-07 11:00:00,28.8,46,4.1,210,785,748,211
1995-09-07 12:00:00,30.5,38,4.6,190,618,398,289
1995-09-07 13:00:00,31.1,36,3.6,190,668,552,208
1995-09-07 14:00:00,31.6,32,2.0,150,403,140,292
1995-09-07 15:00:00,31.6,33,3.6,190,605,482,270
1995-09-07 16:00:00,31.1,32,2.0,220,221,135,146
1995-09-07 17:00:00,30.0,35,1.5,240,131,0,131
1995-09-07 18:00:00,28.3,41,3.0,170,83,46,74
1995-09-07 19:00:00,25.5,48,2.0,190,6,9,5
1995-09-07 20:00:00,23.3,55,1.5,190,0,0,0
1995-09-07 21:00:00,22.2,57,0.0,0,0,0,0
1995-09-07 22:00:00,20.5,65,0.0,0,0,0,0
1995-09-07 23:00:00,20.0,67,0.0,0,0,0,0
1995-09-08 00:00:00,17.7,75,0.0,0,0,0,0
1995-09-08 01:00:00,16.6,75,0.0,0,0,0,0
1995-09-08 02:00:00,16.1,78,0.0,0,0,0,0
1995-09-08 03:00:00,15.0,80,0.0,0,0,0,0
1995-09-08 04:00:00,16.1,78,0.0,0,0,0,0
1995-09-08 05:00:00,15.0,80,0.0,0,0,0,0
1995-09-08 06:00:00,15.0,80,0.0,0,1,2,1
1995-09-08 07:00:00,16.6,78,0.0,0,28,13,26
1995-09-08 08:00:00,21.6,68,2.0,310,142,215,71
1995-09-08 09:00:00,26.6,49,0.0,0,221,48,196
1995-09-08 10:00:00,26.6,51,0.0,0,141,81,87
1995-09-08 11:00:00,28.3,46,0.0,0,428,96,354
1995-09-08 12:00:00,30.5,42,1.5,110,436,177,290
1995-09-08 13:00:00,31.1,39,0.0,0,315,0,315
1995-09-08 14:00:00,31.6,37,3.0,90,365,66,314
1995-09-08 15:00:00,31.1,38,2.0,110,221,17,208
1995-09-08 16:00:00,28.3,46,2.5,120,160,0,160
1995-09-08 17:00:00,27.7,47,2.5,130,103,0,103
1995-09-08 18:00:00,27.2,45,2.0,150,51,44,42
1995-09-08 19:00:00,25.5,50,0.0,0,3,0,3
1995-09-08 20:00:00,23.8,56,0.0,0,0,0,0
1995-09-08 21:00:00,21.6,66,0.0,0,0,0,0
1995-09-08 22:00:00,21.6,66,0.0,0,0,0,0
1995-09-08 23:00:00,21.6,68,0.0,0,0,0,0
1995-09-09 00:00:00,21.6,68,0.0,0,0,0,0
1995-09-09 01:00:00,21.1,73,0.0,0,0,0,0
1995-09-09 02:00:00,21.1,73,0.0,0,0,0,0
1995-09-09 03:00:00,21.1,73,0.0,0,0,0,0
1995-09-09 04:00:00,20.5,76,0.0,0,0,0,0
1995-09-09 05:00:00,20.5,76,0.0,0,0,0,0
1995-09-09 06:00:00,20.5,76,0.0,0,0,0,0
1995-09-09 07:00:00,21.1,78,0.0,0,30,0,30
1995-09-09 08:00:00,23.3,71,0.0,0,90,0,90
1995-09-09 09:00:00,25.0,64,2.0,210,148,0,148
1995-09-09 10:00:00,27.7,55,2.0,280,593,736,111
1995-09-09 11:00:00,28.8,51,0.0,0,672,732,114
1995-09-09 12:00:00,29.4,49,0.0,0,771,839,84
1995-09-09 13:00:00,30.5,46,0.0,0,840,887,107
1995-09-09 14:00:00,31.1,47,0.0,0,726,783,116
1995-09-09 15:00:00,31.1,47,2.0,250,646,768,119
1995-09-09 16:00:00,29.4,51,2.0,360,389,517,105
1995-09-09 17:00:00,27.2,56,2.0,100,331,719,60
1995-09-09 18:00:00,25.0,62,1.5,40,44,0,44
1995-09-09 19:00:00,23.3,66,4.1,170,2,0,2
1995-09-09 20:00:00,21.1,78,0.0,0,0,0,0
1995-09-09 21:00:00,22.2,73,1.5,340,0,0,0
1995-09-09 22:00:00,22.2,68,1.5,340,0,0,0
1995-09-09 23:00:00,20.5,71,2.0,320,0,0,0
1995-09-10 00:00:00,20.0,70,2.5,310,0,0,0
1995-09-10 01:00:00,19.4,68,0.0,0,0,0,0
1995-09-10 02:00:00,19.4,68,2.0,360,0,0,0
1995-09-10 03:00:00,18.8,68,3.6,20,0,0,0
1995-09-10 04:00:00,18.3,63,4.6,10,0,0,0
1995-09-10 05:00:00,17.2,56,4.1,20,0,0,0
1995-09-10 06:00:00,16.6,56,2.0,20,0,0,0
1995-09-10 07:00:00,17.2,56,2.5,10,67,71,57
1995-09-10 08:00:00,18.8,54,2.5,40,201,213,131
1995-09-10 09:00:00,20.5,47,4.1,10,444,645,118
1995-09-10 10:00:00,22.2,46,4.6,350,619,729,144
1995-09-10 11:00:00,22.2,42,3.6,340,748,776,160
1995-09-10 12:00:00,23.3,38,3.6,10,769,623,261
1995-09-10 13:00:00,23.8,38,6.6,350,781,688,215
1995-09-10 14:00:00,24.4,37,5.1,340,728,679,201
1995-09-10 15:00:00,24.4,37,4.6,320,615,636,182
1995-09-10 16:00:00,25.0,36,3.0,330,491,673,125
1995-09-10 17:00:00,24.4,34,3.6,320,293,539,93
1995-09-10 18:00:00,22.7,37,1.5,350,103,275,54
1995-09-10 19:00:00,18.8,50,0.0,0,4,9,4
1995-09-10 20:00:00,17.7,56,1.5,10,0,0,0
1995-09-10 21:00:00,16.1,57,1.5,10,0,0,0
1995-09-10 22:00:00,16.1,53,2.0,20,0,0,0
1995-09-10 23:00:00,15.5,51,1.5,20,0,0,0
1995-09-11 00:00:00,13.8,57,1.5,30,0,0,0
1995-09-11 01:00:00,13.3,57,1.5,10,0,0,0
1995-09-11 02:00:00,12.2,59,0.0,0,0,0,0
1995-09-11 03:00:00,10.5,63,0.0,0,0,0,0
1995-09-11 04:00:00,11.1,59,2.0,10,0,0,0
1995-09-11 05:00:00,10.5,58,1.5,10,0,0,0
1995-09-11 06:00:00,10.0,58,2.0,360,1,41,0
1995-09-11 07:00:00,11.1,59,2.0,20,86,480,23
1995-09-11 08:00:00,12.7,57,2.0,10,266,592,73
1995-09-11 09:00:00,16.1,49,3.0,60,400,532,133
1995-09-11 10:00:00,18.3,43,0.0,0,580,619,178
1995-09-11 11:00:00,20.5,36,2.0,90,785,941,75
1995-09-11 12:00:00,22.2,31,1.5,130,854,954,79
1995-09-11 13:00:00,23.3,29,1.5,40,861,955,79
1995-09-11 14:00:00,25.0,29,2.0,140,805,944,76
1995-09-11 15:00:00,25.0,29,0.0,0,690,917,69
1995-09-11 16:00:00,25.0,31,1.5,80,525,868,58
1995-09-11 17:00:00,23.8,36,2.5,90,320,755,44
1995-09-11 18:00:00,22.2,38,1.5,150,122,481,38
1995-09-11 19:00:00,20.5,42,1.5,180,4,44,3
1995-09-11 20:00:00,17.2,56,0.0,0,0,0,0
1995-09-11 21:00:00,15.0,62,0.0,0,0,0,0
1995-09-11 22:00:00,14.0,66,0.0,0,0,0,0
1995-09-11 23:00:00,13.3,69,0.0,0,0,0,0
1995-09-12 00:00:00,11.6,77,0.0,0,0,0,0
1995-09-12 01:00:00,12.7,75,0.0,0,0,0,0
1995-09-12 02:00:00,12.2,77,0.0,0,0,0,0
1995-09-12 03:00:00,11.1,80,0.0,0,0,0,0
1995-09-12 04:00:00,11.6,77,0.0,0,0,0,0
1995-09-12 05:00:00,10.5,80,0.0,0,0,0,0
1995-09-12 06:00:00,12.7,77,0.0,0,0,0,0
1995-09-12 07:00:00,13.8,78,0.0,0,74,281,39
1995-09-12 08:00:00,18.3,68,2.5,190,85,0,85
1995-09-12 09:00:00,20.0,61,4.1,190,187,69,153
1995-09-12 10:00:00,21.6,59,4.6,200,192,0,192
1995-09-12 11:00:00,22.2,57,3.6,190,227,0,227
1995-09-12 12:00:00,23.3,53,4.1,200,246,0,246
1995-09-12 13:00:00,23.8,52,4.1,180,248,0,248
1995-09-12 14:00:00,25.0,50,4.1,200,721,775,127
1995-09-12 15:00:00,25.0,52,3.6,190,683,853,110
1995-09-12 16:00:00,24.4,54,2.5,230,444,632,107
1995-09-12 17:00:00,23.8,58,1.5,210,289,575,81
1995-09-12 18:00:00,23.3,60,1.5,200,111,274,64
1995-09-12 19:00:00,22.2,61,1.5,170,5,39,3
1995-09-12 20:00:00,21.1,66,0.0,0,0,0,0
1995-09-12 21:00:00,21.1,63,1.5,170,0,0,0
1995-09-12 22:00:00,20.5,68,1.5,190,0,0,0
1995-09-12 23:00:00,21.1,66,2.5,190,0,0,0
1995-09-13 00:00:00,20.5,68,1.5,210,0,0,0
1995-09-13 01:00:00,20.0,70,2.0,200,0,0,0
1995-09-13 02:00:00,20.0,70,1.5,190,0,0,0
1995-09-13 03:00:00,20.0,70,2.0,190,0,0,0
1995-09-13 04:00:00,19.4,73,2.0,190,0,0,0
1995-09-13 05:00:00,18.8,76,0.0,0,0,0,0
1995-09-13 06:00:00,18.3,78,0.0,0,0,9,0
1995-09-13 07:00:00,20.5,71,1.5,200,71,251,40
1995-09-13 08:00:00,22.7,64,1.5,190,129,227,57
1995-09-13 09:00:00,26.6,56,1.5,180,433,681,95
1995-09-13 10:00:00,29.4,49,4.1,200,475,591,96
1995-09-13 11:00:00,29.4,49,5.1,220,662,648,178
1995-09-13 12:00:00,30.0,50,3.0,210,766,749,163
1995-09-13 13:00:00,30.0,50,2.5,250,771,788,133
1995-09-13 14:00:00,31.1,48,3.0,240,747,789,144
1995-09-13 15:00:00,31.1,48,3.0,230,155,4,152
1995-09-13 16:00:00,26.6,62,6.1,260,150,0,150
1995-09-13 17:00:00,24.4,74,3.6,310,93,0,93
1995-09-13 18:00:00,23.8,74,0.0,0,34,0,34
1995-09-13 19:00:00,23.3,76,1.5,180,2,6,2
1995-09-13 20:00:00,22.7,79,0.0,0,0,0,0
1995-09-13 21:00:00,22.7,79,0.0,0,0,0,0
1995-09-13 22:00:00,22.7,79,0.0,0,0,0,0
1995-09-13 23:00:00,22.2,79,0.0,0,0,0,0
1995-09-14 00:00:00,22.7,73,3.0,240,0,0,0
1995-09-14 01:00:00,22.2,76,0.0,0,0,0,0
1995-09-14 02:00:00,21.6,78,0.0,0,0,0,0
1995-09-14 03:00:00,21.1,78,0.0,0,0,0,0
1995-09-14 04:00:00,20.5,81,0.0,0,0,0,0
1995-09-14 05:00:00,20.5,78,1.5,190,0,0,0
1995-09-14 06:00:00,20.0,81,0.0,0,0,21,0
1995-09-14 07:00:00,20.5,81,0.0,0,63,223,36
1995-09-14 08:00:00,23.3,74,2.0,260,219,477,68
1995-09-14 09:00:00,26.6,60,2.5,260,436,715,84
1995-09-14 10:00:00,28.8,50,3.0,280,525,620,129
1995-09-14 11:00:00,30.0,46,2.5,320,675,726,135
1995-09-14 12:00:00,31.1,43,3.6,310,506,362,215
1995-09-14 13:00:00,32.2,39,3.6,320,787,779,159
1995-09-14 14:00:00,32.7,37,4.1,310,728,791,128
1995-09-14 15:00:00,31.1,36,4.1,290,592,711,120
1995-09-14 16:00:00,30.0,39,2.0,290,156,0,156
1995-09-14 17:00:00,28.8,43,2.5,330,100,0,100
1995-09-14 18:00:00,26.6,47,2.5,310,68,100,52
1995-09-14 19:00:00,26.1,48,3.6,310,1,0,1
1995-09-14 20:00:00,25.0,50,3.0,350,0,0,0
1995-09-14 21:00:00,23.3,53,2.5,360,0,0,0
1995-09-14 22:00:00,23.3,51,4.1,350,0,0,0
1995-09-14 23:00:00,21.6,49,2.0,360,0,0,0
1995-09-15 00:00:00,20.5,51,0.0,0,0,0,0
1995-09-15 01:00:00,20.0,50,3.0,360,0,0,0
1995-09-15 02:00:00,17.7,56,2.0,310,0,0,0
1995-09-15 03:00:00,16.1,62,0.0,0,0,0,0
1995-09-15 04:00:00,15.5,62,0.0,0,0,0,0
1995-09-15 05:00:00,12.7,72,1.5,310,0,0,0
1995-09-15 06:00:00,13.3,67,0.0,0,0,3,0
1995-09-15 07:00:00,15.0,66,0.0,0,68,184,46
1995-09-15 08:00:00,18.8,57,0.0,0,159,201,96
1995-09-15 09:00:00,22.2,53,1.5,100,435,550,166
1995-09-15 10:00:00,23.8,46,1.5,10,527,528,192
1995-09-15 11:00:00,25.0,43,1.5,110,568,532,174
1995-09-15 12:00:00,26.1,39,1.5,280,709,713,141
1995-09-15 13:00:00,27.2,38,0.0,0,690,570,232
1995-09-15 14:00:00,28.3,35,2.0,180,610,606,153
1995-09-15 15:00:00,26.6,39,2.0,130,607,728,128
1995-09-15 16:00:00,26.6,38,0.0,0,452,766,54
1995-09-15 17:00:00,25.0,43,1.5,80,288,663,58
1995-09-15 18:00:00,23.8,48,0.0,0,71,202,40
1995-09-15 19:00:00,21.6,51,1.5,120,3,55,1
1995-09-15 20:00:00,20.0,57,0.0,0,0,0,0
1995-09-15 21:00:00,18.3,65,0.0,0,0,0,0
1995-09-15 22:00:00,17.7,67,0.0,0,0,0,0
1995-09-15 23:00:00,16.1,75,0.0,0,0,0,0
1995-09-16 00:00:00,16.1,72,0.0,0,0,0,0
1995-09-16 01:00:00,16.1,72,0.0,0,0,0,0
1995-09-16 02:00:00,15.0,77,0.0,0,0,0,0
1995-09-16 03:00:00,13.8,78,0.0,0,0,0,0
1995-09-16 04:00:00,12.7,80,0.0,0,0,0,0
1995-09-16 05:00:00,12.7,80,0.0,0,0,0,0
1995-09-16 06:00:00,14.4,81,0.0,0,0,3,0
1995-09-16 07:00:00,15.5,78,0.0,0,32,12,31
1995-09-16 08:00:00,17.2,78,0.0,0,233,505,76
1995-09-16 09:00:00,17.7,78,1.5,100,401,612,103
1995-09-16 10:00:00,20.0,63,4.1,140,577,700,134
1995-09-16 11:00:00,20.5,61,4.1,150,699,657,215
1995-09-16 12:00:00,21.1,61,3.0,140,502,159,376
1995-09-16 13:00:00,20.0,65,2.5,140,652,591,180
1995-09-16 14:00:00,19.4,68,2.5,120,733,733,183
1995-09-16 15:00:00,20.0,65,2.5,120,565,608,168
1995-09-16 16:00:00,20.5,63,2.0,150,139,0,139
1995-09-16 17:00:00,19.4,65,2.0,170,72,31,61
1995-09-16 18:00:00,17.7,75,1.5,170,29,0,29
1995-09-16 19:00:00,17.2,80,0.0,0,0,0,0
1995-09-16 20:00:00,17.2,80,1.5,110,0,0,0
1995-09-16 21:00:00,16.6,81,1.5,120,0,0,0
1995-09-16 22:00:00,16.1,83,3.0,120,0,0,0
1995-09-16 23:00:00,16.1,80,0.0,0,0,0,0
1995-09-17 00:00:00,16.1,83,0.0,0,0,0,0
1995-09-17 01:00:00,16.1,83,0.0,0,0,0,0
1995-09-17 02:00:00,16.1,80,1.5,40,0,0,0
1995-09-17 03:00:00,16.1,80,2.0,360,0,0,0
1995-09-17 04:00:00,15.5,83,3.0,360,0,0,0
1995-09-17 05:00:00,15.5,83,3.0,20,0,0,0
1995-09-17 06:00:00,15.5,81,3.0,10,0,0,0
1995-09-17 07:00:00,16.1,83,3.0,350,17,0,17
1995-09-17 08:00:00,17.2,84,2.5,360,57,0,57
1995-09-17 09:00:00,17.2,84,2.0,360,106,0,106
1995-09-17 10:00:00,17.7,81,2.5,330,148,0,148
1995-09-17 11:00:00,18.3,84,2.5,340,179,0,179
1995-09-17 12:00:00,18.8,79,2.5,310,195,0,195
1995-09-17 13:00:00,20.0,75,3.6,330,234,0,234
1995-09-17 14:00:00,20.5,73,5.1,320,217,0,217
1995-09-17 15:00:00,21.1,70,4.1,310,184,0,184
1995-09-17 16:00:00,21.6,68,3.0,320,135,0,135
1995-09-17 17:00:00,21.6,68,3.6,320,77,0,77
1995-09-17 18:00:00,20.0,75,2.0,310,29,0,29
1995-09-17 19:00:00,17.7,81,2.0,290,0,0,0
1995-09-17 20:00:00,17.2,80,0.0,0,0,0,0
1995-09-17 21:00:00,17.2,80,1.5,230,0,0,0
1995-09-17 22:00:00,16.1,80,2.0,280,0,0,0
1995-09-17 23:00:00,16.6,78,1.5,300,0,0,0
1995-09-18 00:00:00,17.7,75,1.5,340,0,0,0
1995-09-18 01:00:00,17.2,78,3.0,320,0,0,0
1995-09-18 02:00:00,17.2,78,0.0,0,0,0,0
1995-09-18 03:00:00,17.7,75,0.0,0,0,0,0
1995-09-18 04:00:00,18.3,73,2.0,10,0,0,0
1995-09-18 05:00:00,17.7,70,4.6,10,0,0,0
1995-09-18 06:00:00,17.2,67,4.1,10,0,0,0
1995-09-18 07:00:00,17.2,67,3.0,20,23,0,23
1995-09-18 08:00:00,18.3,60,4.1,40,82,0,82
1995-09-18 09:00:00,18.8,57,2.5,40,140,0,140
1995-09-18 10:00:00,18.8,57,1.5,10,188,0,188
1995-09-18 11:00:00,18.8,58,2.5,10,223,0,223
1995-09-18 12:00:00,20.5,57,1.5,60,247,123,150
1995-09-18 13:00:00,20.5,57,4.6,350,242,0,242
1995-09-18 14:00:00,19.4,59,4.6,320,226,0,226
1995-09-18 15:00:00,19.4,56,4.1,320,194,0,194
1995-09-18 16:00:00,18.8,58,3.0,300,103,69,68
1995-09-18 17:00:00,18.8,61,2.0,280,111,51,94
1995-09-18 18:00:00,17.2,65,2.0,320,79,294,38
1995-09-18 19:00:00,15.5,70,0.0,0,1,31,0
1995-09-18 20:00:00,15.5,72,2.5,350,0,0,0
1995-09-18 21:00:00,16.1,60,2.0,10,0,0,0
1995-09-18 22:00:00,15.0,64,0.0,0,0,0,0
1995-09-18 23:00:00,15.0,64,1.5,330,0,0,0
1995-09-19 00:00:00,15.0,64,2.0,340,0,0,0
1995-09-19 01:00:00,15.0,57,1.5,20,0,0,0
1995-09-19 02:00:00,14.4,57,2.5,10,0,0,0
1995-09-19 03:00:00,13.3,64,2.5,350,0,0,0
1995-09-19 04:00:00,12.7,64,1.5,360,0,0,0
1995-09-19 05:00:00,12.7,64,2.0,20,0,0,0
1995-09-19 06:00:00,12.7,64,2.5,10,0,0,0
1995-09-19 07:00:00,13.8,62,2.0,20,22,0,22
1995-09-19 08:00:00,16.1,56,3.6,10,87,42,74
1995-09-19 09:00:00,17.2,56,2.5,40,357,473,131
1995-09-19 10:00:00,19.4,52,2.0,70,394,392,150
1995-09-19 11:00:00,21.1,53,1.5,40,741,782,173
1995-09-19 12:00:00,22.7,49,2.0,30,697,633,202
1995-09-19 13:00:00,24.4,48,2.0,170,679,749,90
1995-09-19 14:00:00,25.0,50,3.6,110,280,112,196
1995-09-19 15:00:00,22.7,55,3.0,120,591,731,124
1995-09-19 16:00:00,22.2,55,3.0,120,146,0,146
1995-09-19 17:00:00,21.1,61,2.0,120,88,0,88
1995-09-19 18:00:00,20.0,65,0.0,0,29,0,29
1995-09-19 19:00:00,20.0,65,1.5,130,0,0,0
1995-09-19 20:00:00,19.4,65,0.0,0,0,0,0
1995-09-19 21:00:00,19.4,65,0.0,0,0,0,0
1995-09-19 22:00:00,18.8,70,0.0,0,0,0,0
1995-09-19 23:00:00,18.3,73,0.0,0,0,0,0
1995-09-20 00:00:00,18.3,73,0.0,0,0,0,0
1995-09-20 01:00:00,17.7,75,0.0,0,0,0,0
1995-09-20 02:00:00,18.3,75,0.0,0,0,0,0
1995-09-20 03:00:00,18.3,75,0.0,0,0,0,0
1995-09-20 04:00:00,17.7,75,1.5,170,0,0,0
1995-09-20 05:00:00,18.3,73,0.0,0,0,0,0
1995-09-20 06:00:00,17.7,75,0.0,0,0,0,0
1995-09-20 07:00:00,18.3,75,1.5,170,31,8,30
1995-09-20 08:00:00,19.4,70,2.5,170,97,14,92
1995-09-20 09:00:00,20.5,65,3.6,180,333,407,140
1995-09-20 10:00:00,21.1,66,2.5,170,260,159,161
1995-09-20 11:00:00,22.2,64,4.1,190,479,373,210
1995-09-20 12:00:00,22.7,62,3.0,170,599,405,283
1995-09-20 13:00:00,23.3,60,4.1,180,181,76,121
1995-09-20 14:00:00,23.3,62,3.0,200,717,806,127
1995-09-20 15:00:00,23.3,62,3.0,190,571,665,149
1995-09-20 16:00:00,23.8,60,3.0,180,385,498,139
1995-09-20 17:00:00,23.3,62,2.0,190,229,285,138
1995-09-20 18:00:00,21.1,68,1.5,170,56,45,50
1995-09-20 19:00:00,20.5,71,0.0,0,0,0,0
1995-09-20 20:00:00,20.5,68,0.0,0,0,0,0
1995-09-20 21:00:00,20.0,73,0.0,0,0,0,0
1995-09-20 22:00:00,20.0,73,0.0,0,0,0,0
1995-09-20 23:00:00,20.0,73,0.0,0,0,0,0
1995-09-21 00:00:00,20.0,73,2.0,170,0,0,0
1995-09-21 01:00:00,20.0,73,0.0,0,0,0,0
1995-09-21 02:00:00,20.0,73,0.0,0,0,0,0
1995-09-21 03:00:00,19.4,76,0.0,0,0,0,0
1995-09-21 04:00:00,19.4,73,0.0,0,0,0,0
1995-09-21 05:00:00,18.3,78,0.0,0,0,0,0
1995-09-21 06:00:00,18.8,76,0.0,0,0,0,0
1995-09-21 07:00:00,19.4,76,1.5,200,24,0,24
1995-09-21 08:00:00,21.6,71,0.0,0,177,14,173
1995-09-21 09:00:00,22.7,68,0.0,0,364,575,93
1995-09-21 10:00:00,26.1,58,1.5,210,598,792,110
1995-09-21 11:00:00,28.8,50,2.5,170,668,759,122
1995-09-21 12:00:00,27.7,53,2.5,170,746,792,133
1995-09-21 13:00:00,28.8,51,2.0,230,719,764,125
1995-09-21 14:00:00,27.7,55,3.0,220,385,100,312
1995-09-21 15:00:00,27.2,56,3.6,200,601,757,125
1995-09-21 16:00:00,26.6,56,4.1,200,291,85,250
1995-09-21 17:00:00,25.0,62,4.1,170,131,47,116
1995-09-21 18:00:00,23.3,66,2.5,180,29,16,27
1995-09-21 19:00:00,22.7,71,2.5,180,0,0,0
1995-09-21 20:00:00,22.7,71,2.0,190,0,0,0
1995-09-21 21:00:00,22.7,71,2.0,200,0,0,0
1995-09-21 22:00:00,22.2,73,1.5,180,0,0,0
1995-09-21 23:00:00,21.1,75,0.0,0,0,0,0
1995-09-22 00:00:00,21.1,78,0.0,0,0,0,0
1995-09-22 01:00:00,20.5,78,1.5,190,0,0,0
1995-09-22 02:00:00,20.5,78,2.0,170,0,0,0
1995-09-22 03:00:00,20.5,81,2.0,200,0,0,0
1995-09-22 04:00:00,21.1,75,2.0,180,0,0,0
1995-09-22 05:00:00,21.1,75,2.5,180,0,0,0
1995-09-22 06:00:00,21.1,78,4.1,190,0,0,0
1995-09-22 07:00:00,21.1,78,3.6,180,14,0,14
1995-09-22 08:00:00,22.2,73,2.5,190,48,0,48
1995-09-22 09:00:00,21.6,78,2.5,180,89,0,89
1995-09-22 10:00:00,22.2,76,2.5,180,124,0,124
1995-09-22 11:00:00,22.2,76,2.5,220,177,0,177
1995-09-22 12:00:00,24.4,69,3.0,180,460,185,317
1995-09-22 13:00:00,24.4,71,8.2,300,231,0,231
1995-09-22 14:00:00,18.8,79,1.5,290,214,0,214
1995-09-22 15:00:00,18.8,68,9.2,320,181,0,181
1995-09-22 16:00:00,17.2,75,3.0,320,133,0,133
1995-09-22 17:00:00,16.6,70,5.1,330,75,0,75
1995-09-22 18:00:00,15.0,72,6.6,320,28,0,28
1995-09-22 19:00:00,13.8,72,5.1,330,0,0,0
1995-09-22 20:00:00,13.3,72,5.1,340,0,0,0
1995-09-22 21:00:00,12.2,64,6.1,330,0,0,0
1995-09-22 22:00:00,12.2,64,4.6,340,0,0,0
1995-09-22 23:00:00,12.2,64,4.1,340,0,0,0
1995-09-23 00:00:00,12.2,64,3.0,350,0,0,0
1995-09-23 01:00:00,12.2,64,2.0,350,0,0,0
1995-09-23 02:00:00,12.2,61,4.6,340,0,0,0
1995-09-23 03:00:00,11.6,61,2.5,350,0,0,0
1995-09-23 04:00:00,11.6,54,5.1,340,0,0,0
1995-09-23 05:00:00,11.1,52,5.1,340,0,0,0
1995-09-23 06:00:00,10.5,56,3.0,340,0,0,0
1995-09-23 07:00:00,10.5,58,3.0,330,62,31,59
1995-09-23 08:00:00,10.5,54,3.6,350,123,83,99
1995-09-23 09:00:00,11.1,54,4.6,340,373,185,287
1995-09-23 10:00:00,11.6,52,4.1,330,485,335,281
1995-09-23 11:00:00,12.2,48,4.6,360,574,302,359
1995-09-23 12:00:00,12.2,50,4.6,340,631,402,323
1995-09-23 13:00:00,13.3,51,3.6,10,463,243,275
1995-09-23 14:00:00,13.8,47,3.6,20,477,228,313
1995-09-23 15:00:00,13.3,49,3.0,360,433,400,186
1995-09-23 16:00:00,13.8,45,2.0,360,284,51,259
1995-09-23 17:00:00,13.3,47,1.5,360,174,183,118
1995-09-23 18:00:00,12.2,52,1.5,30,73,44,68
1995-09-23 19:00:00,10.5,61,0.0,0,0,8,0
1995-09-23 20:00:00,8.8,77,0.0,0,0,0,0
1995-09-23 21:00:00,8.3,80,0.0,0,0,0,0
1995-09-23 22:00:00,8.3,76,0.0,0,0,0,0
1995-09-23 23:00:00,7.7,76,0.0,0,0,0,0
1995-09-24 00:00:00,7.2,79,0.0,0,0,0,0
1995-09-24 01:00:00,6.1,79,0.0,0,0,0,0
1995-09-24 02:00:00,5.0,79,0.0,0,0,0,0
1995-09-24 03:00:00,5.5,76,0.0,0,0,0,0
1995-09-24 04:00:00,7.2,70,0.0,0,0,0,0
1995-09-24 05:00:00,7.7,71,2.0,20,0,0,0
1995-09-24 06:00:00,8.3,68,1.5,30,0,0,0
1995-09-24 07:00:00,8.8,71,2.0,10,21,0,21
1995-09-24 08:00:00,9.4,71,1.5,340,80,0,80
1995-09-24 09:00:00,10.0,74,0.0,0,137,0,137
1995-09-24 10:00:00,11.1,74,0.0,0,185,0,185
1995-09-24 11:00:00,12.2,71,0.0,0,218,0,218
1995-09-24 12:00:00,11.6,74,0.0,0,236,0,236
1995-09-24 13:00:00,12.2,74,0.0,0,237,0,237
1995-09-24 14:00:00,12.2,77,0.0,0,220,0,220
1995-09-24 15:00:00,12.2,80,0.0,0,188,0,188
1995-09-24 16:00:00,12.2,77,1.5,340,141,0,141
1995-09-24 17:00:00,12.2,77,0.0,0,84,0,84
1995-09-24 18:00:00,12.2,77,0.0,0,25,0,25
1995-09-24 19:00:00,11.6,80,0.0,0,0,0,0
1995-09-24 20:00:00,12.2,80,0.0,0,0,0,0
1995-09-24 21:00:00,12.2,80,0.0,0,0,0,0
1995-09-24 22:00:00,12.2,80,0.0,0,0,0,0
1995-09-24 23:00:00,12.2,83,1.5,320,0,0,0
1995-09-25 00:00:00,12.2,83,0.0,0,0,0,0
1995-09-25 01:00:00,12.2,83,0.0,0,0,0,0
1995-09-25 02:00:00,12.2,83,0.0,0,0,0,0
1995-09-25 03:00:00,12.7,80,1.5,350,0,0,0
1995-09-25 04:00:00,12.2,83,2.5,340,0,0,0
1995-09-25 05:00:00,12.7,84,0.0,0,0,0,0
1995-09-25 06:00:00,12.7,84,0.0,0,0,0,0
1995-09-25 07:00:00,12.7,84,1.5,350,13,0,13
1995-09-25 08:00:00,12.2,83,2.5,340,54,0,54
1995-09-25 09:00:00,13.3,80,1.5,350,135,0,135
1995-09-25 10:00:00,13.3,83,1.5,340,128,0,128
1995-09-25 11:00:00,15.0,83,2.0,80,151,0,151
1995-09-25 12:00:00,15.0,83,0.0,0,163,0,163
1995-09-25 13:00:00,15.5,81,0.0,0,164,0,164
1995-09-25 14:00:00,15.5,83,0.0,0,152,0,152
1995-09-25 15:00:00,16.1,80,0.0,0,155,0,155
1995-09-25 16:00:00,15.5,83,0.0,0,116,0,116
1995-09-25 17:00:00,15.5,81,0.0,0,81,0,81
1995-09-25 18:00:00,15.5,81,0.0,0,18,0,18
1995-09-25 19:00:00,15.5,81,0.0,0,0,0,0
1995-09-25 20:00:00,15.5,81,0.0,0,0,0,0
1995-09-25 21:00:00,15.0,83,2.5,310,0,0,0
1995-09-25 22:00:00,14.9,84,1.3,340,0,0,0
1995-09-25 23:00:00,15.0,83,0.0,0,0,0,0
1995-09-26 00:00:00,15.0,83,0.0,0,0,0,0
1995-09-26 01:00:00,15.0,83,0.0,0,0,0,0
1995-09-26 02:00:00,15.0,80,0.0,0,0,0,0
1995-09-26 03:00:00,15.0,80,0.0,0,0,0,0
1995-09-26 04:00:00,14.4,83,0.0,0,0,0,0
1995-09-26 05:00:00,14.4,83,0.0,0,0,0,0
1995-09-26 06:00:00,14.4,81,0.0,0,0,0,0
1995-09-26 07:00:00,14.4,83,0.0,0,19,0,19
1995-09-26 08:00:00,15.0,80,0.0,0,61,0,61
1995-09-26 09:00:00,15.0,83,0.0,0,98,0,98
1995-09-26 10:00:00,15.5,81,0.8,340,140,0,140
1995-09-26 11:00:00,15.5,81,1.5,310,170,0,170
1995-09-26 12:00:00,16.6,75,0.0,0,221,0,221
1995-09-26 13:00:00,17.2,72,1.5,330,544,364,269
1995-09-26 14:00:00,17.7,73,1.5,330,204,0,204
1995-09-26 15:00:00,18.0,71,0.8,350,169,0,169
1995-09-26 16:00:00,17.7,70,0.0,0,120,0,120
1995-09-26 17:00:00,16.6,78,0.0,0,154,26,146
1995-09-26 18:00:00,16.1,80,0.0,0,36,8,35
1995-09-26 19:00:00,13.8,80,0.0,0,0,0,0
1995-09-26 20:00:00,12.2,83,0.0,0,0,0,0
1995-09-26 21:00:00,11.6,80,0.0,0,0,0,0
1995-09-26 22:00:00,10.5,80,2.0,270,0,0,0
1995-09-26 23:00:00,11.1,83,0.0,0,0,0,0
1995-09-27 00:00:00,10.5,80,0.0,0,0,0,0
1995-09-27 01:00:00,10.5,83,1.5,280,0,0,0
1995-09-27 02:00:00,10.0,83,0.0,0,0,0,0
1995-09-27 03:00:00,9.4,80,0.0,0,0,0,0
1995-09-27 04:00:00,8.8,80,0.0,0,0,0,0
1995-09-27 05:00:00,9.4,83,0.0,0,0,0,0
1995-09-27 06:00:00,8.8,83,0.0,0,0,0,0
1995-09-27 07:00:00,9.4,89,0.0,0,49,102,40
1995-09-27 08:00:00,13.3,83,0.0,0,197,485,63
1995-09-27 09:00:00,18.3,68,0.0,0,351,497,127
1995-09-27 10:00:00,21.1,57,1.5,300,547,744,105
1995-09-27 11:00:00,22.7,48,1.5,320,661,790,111
1995-09-27 12:00:00,23.8,46,4.1,330,730,821,115
1995-09-27 13:00:00,25.0,45,2.5,300,760,860,115
1995-09-27 14:00:00,25.0,40,2.0,270,705,856,108
1995-09-27 15:00:00,25.5,42,4.1,260,565,788,94
1995-09-27 16:00:00,25.0,43,2.5,240,425,787,66
1995-09-27 17:00:00,23.3,50,2.0,220,215,574,53
1995-09-27 18:00:00,20.5,57,1.5,220,50,80,42
1995-09-27 19:00:00,17.7,65,2.5,250,0,0,0
1995-09-27 20:00:00,17.7,65,2.5,250,0,0,0
1995-09-27 21:00:00,16.6,67,2.0,250,0,0,0
1995-09-27 22:00:00,15.0,74,0.0,0,0,0,0
1995-09-27 23:00:00,14.4,75,1.5,250,0,0,0
1995-09-28 00:00:00,13.8,80,1.5,230,0,0,0
1995-09-28 01:00:00,13.3,77,0.0,0,0,0,0
1995-09-28 02:00:00,11.1,83,0.0,0,0,0,0
1995-09-28 03:00:00,11.1,80,0.0,0,0,0,0
1995-09-28 04:00:00,10.0,83,0.0,0,0,0,0
1995-09-28 05:00:00,10.0,83,0.0,0,0,0,0
1995-09-28 06:00:00,10.0,83,0.0,0,0,0,0
1995-09-28 07:00:00,11.6,83,0.0,0,41,207,22
1995-09-28 08:00:00,16.1,69,0.0,0,166,103,138
1995-09-28 09:00:00,20.0,61,1.5,40,192,45,172
1995-09-28 10:00:00,22.2,51,2.0,350,472,423,221
1995-09-28 11:00:00,23.8,46,2.0,10,674,531,306
1995-09-28 12:00:00,26.1,42,2.0,70,716,820,106
1995-09-28 13:00:00,26.1,42,1.5,80,701,751,141
1995-09-28 14:00:00,26.1,40,2.0,110,657,732,149
1995-09-28 15:00:00,26.6,39,0.0,0,572,640,192
1995-09-28 16:00:00,25.5,39,2.0,40,288,300,152
1995-09-28 17:00:00,23.4,43,1.3,30,159,187,108
1995-09-28 18:00:00,20.5,53,0.7,10,33,40,30
1995-09-28 19:00:00,17.2,65,0.0,0,0,0,0
1995-09-28 20:00:00,17.7,65,0.0,0,0,0,0
1995-09-28 21:00:00,16.1,72,0.0,0,0,0,0
1995-09-28 22:00:00,16.6,72,0.0,0,0,0,0
1995-09-28 23:00:00,16.1,69,1.5,10,0,0,0
1995-09-29 00:00:00,13.8,78,0.0,0,0,0,0
1995-09-29 01:00:00,12.7,77,1.5,340,0,0,0
1995-09-29 02:00:00,13.8,75,0.0,0,0,0,0
1995-09-29 03:00:00,13.3,74,0.0,0,0,0,0
1995-09-29 04:00:00,12.2,80,0.0,0,0,0,0
1995-09-29 05:00:00,12.2,80,2.0,10,0,0,0
1995-09-29 06:00:00,11.6,80,3.0,10,0,0,0
1995-09-29 07:00:00,11.6,83,2.0,10,36,142,24
1995-09-29 08:00:00,16.6,67,1.5,50,203,390,98
1995-09-29 09:00:00,19.4,52,4.1,60,307,424,119
1995-09-29 10:00:00,20.0,50,3.0,60,425,468,150
1995-09-29 11:00:00,21.6,48,3.6,130,485,242,319
1995-09-29 12:00:00,22.2,46,2.5,100,461,109,380
1995-09-29 13:00:00,23.3,44,2.0,70,431,160,313
1995-09-29 14:00:00,21.6,48,2.0,90,494,411,211
1995-09-29 15:00:00,22.2,44,2.0,80,552,728,123
1995-09-29 16:00:00,21.6,46,3.0,90,340,490,121
1995-09-29 17:00:00,18.3,54,2.0,100,101,186,50
1995-09-29 18:00:00,17.2,56,2.0,90,29,44,25
1995-09-29 19:00:00,16.1,62,0.0,0,0,0,0
1995-09-29 20:00:00,14.4,67,0.0,0,0,0,0
1995-09-29 21:00:00,13.3,74,0.0,0,0,0,0
1995-09-29 22:00:00,12.7,77,0.0,0,0,0,0
1995-09-29 23:00:00,11.6,80,0.0,0,0,0,0
1995-09-30 00:00:00,11.1,80,0.0,0,0,0,0
1995-09-30 01:00:00,10.0,79,0.0,0,0,0,0
1995-09-30 02:00:00,11.6,80,0.0,0,0,0,0
1995-09-30 03:00:00,10.0,83,2.0,350,0,0,0
1995-09-30 04:00:00,10.0,83,2.5,340,0,0,0
1995-09-30 05:00:00,10.0,79,1.5,350,0,0,0
1995-09-30 06:00:00,9.4,83,1.5,360,0,0,0
1995-09-30 07:00:00,10.5,80,2.0,10,42,127,31
1995-09-30 08:00:00,12.7,75,2.0,20,219,683,38
1995-09-30 09:00:00,15.0,69,1.5,340,160,0,160
1995-09-30 10:00:00,17.2,67,1.5,340,560,729,135
1995-09-30 11:00:00,20.0,54,0.0,0,437,327,213
1995-09-30 12:00:00,21.6,51,0.0,0,720,852,93
1995-09-30 13:00:00,21.6,51,2.0,150,722,764,159
1995-09-30 14:00:00,21.6,53,2.5,90,642,838,68
1995-09-30 15:00:00,21.6,55,2.0,110,581,717,163
1995-09-30 16:00:00,20.5,57,0.0,0,297,378,131
1995-09-30 17:00:00,20.5,57,1.5,140,157,161,114
1995-09-30 18:00:00,18.3,65,1.5,120,27,40,23
1995-09-30 19:00:00,15.5,67,0.0,0,0,0,0
1995-09-30 20:00:00,13.3,83,0.0,0,0,0,0
1995-09-30 21:00:00,13.3,77,0.0,0,0,0,0
1995-09-30 22:00:00,12.8,83,0.2,0,0,0,0
1995-09-30 23:00:00,12.3,86,0.5,0,0,0,0
1995-10-01 00:00:00,11.8,83,0.7,0,0,0,0
2001-10-01 01:00:00,11.3,71,1.0,330,0,0,0
2001-10-01 02:00:00,10.8,71,1.2,340,0,0,0
2001-10-01 03:00:00,10.3,75,1.5,340,0,0,0
2001-10-01 04:00:00,9.8,78,1.7,330,0,0,0
2001-10-01 05:00:00,9.0,81,1.3,340,0,0,0
2001-10-01 06:00:00,8.3,82,0.8,340,0,0,0
2001-10-01 07:00:00,8.5,80,2.7,350,0,0,0
2001-10-01 08:00:00,10.6,71,4.5,350,57,0,57
2001-10-01 09:00:00,12.7,64,6.4,360,144,0,144
2001-10-01 10:00:00,14.6,57,8.2,10,329,85,280
2001-10-01 11:00:00,16.0,53,9.0,360,393,85,335
2001-10-01 12:00:00,17.0,48,6.7,340,432,96,362
2001-10-01 13:00:00,18.7,47,5.7,310,672,575,252
2001-10-01 14:00:00,19.8,46,4.6,280,622,572,233
2001-10-01 15:00:00,21.1,45,3.6,250,315,101,257
2001-10-01 16:00:00,21.5,46,2.5,220,380,513,157
2001-10-01 17:00:00,21.0,49,1.5,190,213,613,54
2001-10-01 18:00:00,18.9,58,1.6,200,26,165,15
2001-10-01 19:00:00,17.5,64,1.7,220,0,0,0
2001-10-01 20:00:00,16.7,67,1.8,230,0,0,0
2001-10-01 21:00:00,15.7,71,1.8,240,0,0,0
2001-10-01 22:00:00,15.0,74,1.9,250,0,0,0
2001-10-01 23:00:00,14.5,75,2.0,270,0,0,0
2001-10-02 00:00:00,14.0,77,2.1,280,0,0,0
2001-10-02 01:00:00,13.4,80,1.3,300,0,0,0
2001-10-02 02:00:00,12.6,84,0.6,300,0,0,0
2001-10-02 03:00:00,12.3,86,0.0,0,0,0,0
2001-10-02 04:00:00,11.9,88,0.0,0,0,0,0
2001-10-02 05:00:00,11.2,92,0.0,0,0,0,0
2001-10-02 06:00:00,11.0,94,0.0,0,0,0,0
2001-10-02 07:00:00,11.0,94,0.0,0,0,0,0
2001-10-02 08:00:00,14.2,83,0.0,0,73,0,73
2001-10-02 09:00:00,17.2,71,2.5,340,398,491,186
2001-10-02 10:00:00,20.0,63,4.7,310,542,610,192
2001-10-02 11:00:00,22.3,56,2.4,330,487,236,327
2001-10-02 12:00:00,24.3,50,5.6,330,541,265,349
2001-10-02 13:00:00,26.0,48,2.6,330,750,791,175
2001-10-02 14:00:00,25.8,49,2.4,310,674,823,120
2001-10-02 15:00:00,25.9,51,2.2,290,563,770,123
2001-10-02 16:00:00,25.0,56,1.9,270,363,531,136
2001-10-02 17:00:00,23.2,64,1.7,250,188,473,69
2001-10-02 18:00:00,21.0,78,1.5,230,25,165,15
2001-10-02 19:00:00,19.7,83,1.5,240,0,0,0
2001-10-02 20:00:00,19.0,83,1.5,250,0,0,0
2001-10-02 21:00:00,18.0,88,1.5,200,0,0,0
2001-10-02 22:00:00,19.1,88,2.2,200,0,0,0
2001-10-02 23:00:00,17.1,93,1.7,230,0,0,0
2001-10-03 00:00:00,17.2,92,0.3,330,0,0,0
2001-10-03 01:00:00,16.2,97,0.4,340,0,0,0
2001-10-03 02:00:00,16.3,97,0.5,350,0,0,0
2001-10-03 03:00:00,16.3,90,0.6,10,0,0,0
2001-10-03 04:00:00,15.4,96,0.7,20,0,0,0
2001-10-03 05:00:00,14.4,95,0.8,30,0,0,0
2001-10-03 06:00:00,15.2,92,0.9,50,0,0,0
2001-10-03 07:00:00,16.5,88,1.1,60,0,0,0
2001-10-03 08:00:00,19.6,77,2.7,280,212,478,90
2001-10-03 09:00:00,24.6,64,2.8,340,405,702,104
2001-10-03 10:00:00,25.7,64,4.5,40,562,799,106
2001-10-03 11:00:00,27.7,53,5.6,70,674,816,126
2001-10-03 12:00:00,28.8,50,6.2,100,742,866,116
2001-10-03 13:00:00,28.8,50,1.7,140,732,839,127
2001-10-03 14:00:00,29.9,46,3.3,40,673,841,112
2001-10-03 15:00:00,27.9,52,3.4,90,562,834,90
2001-10-03 16:00:00,27.0,58,2.0,180,379,658,100
2001-10-03 17:00:00,27.0,54,2.1,190,201,566,61
2001-10-03 18:00:00,24.8,63,2.1,190,21,141,13
2001-10-03 19:00:00,23.4,69,2.0,190,0,0,0
2001-10-03 20:00:00,22.5,72,2.0,190,0,0,0
2001-10-03 21:00:00,21.5,75,2.0,190,0,0,0
2001-10-03 22:00:00,20.8,77,1.9,190,0,0,0
2001-10-03 23:00:00,20.2,78,1.9,190,0,0,0
2001-10-04 00:00:00,19.7,79,1.8,190,0,0,0
2001-10-04 01:00:00,19.1,81,1.8,190,0,0,0
2001-10-04 02:00:00,18.4,82,1.8,190,0,0,0
2001-10-04 03:00:00,18.1,84,1.7,190,0,0,0
2001-10-04 04:00:00,17.7,84,1.7,190,0,0,0
2001-10-04 05:00:00,17.1,85,1.7,190,0,0,0
2001-10-04 06:00:00,16.9,86,1.6,190,0,0,0
2001-10-04 07:00:00,17.0,87,1.6,190,0,0,0
2001-10-04 08:00:00,19.1,81,1.5,190,213,493,89
2001-10-04 09:00:00,21.0,73,1.5,190,399,690,106
2001-10-04 10:00:00,23.9,59,2.2,210,549,756,121
2001-10-04 11:00:00,25.0,53,2.7,230,655,762,147
2001-10-04 12:00:00,27.0,49,3.3,210,718,788,152
2001-10-04 13:00:00,28.0,39,3.3,210,731,839,130
2001-10-04 14:00:00,27.8,39,3.5,200,679,852,114
2001-10-04 15:00:00,27.9,40,3.5,200,545,787,103
2001-10-04 16:00:00,27.0,42,2.1,200,383,675,101
2001-10-04 17:00:00,25.3,46,3.3,20,163,338,81
2001-10-04 18:00:00,23.1,54,1.5,170,16,73,12
2001-10-04 19:00:00,21.7,60,1.1,150,0,0,0
2001-10-04 20:00:00,20.8,63,0.8,130,0,0,0
2001-10-04 21:00:00,19.8,66,7.2,120,0,0,0
2001-10-04 22:00:00,19.0,69,3.8,110,0,0,0
2001-10-04 23:00:00,18.3,71,3.0,120,0,0,0
2001-10-05 00:00:00,17.8,73,2.2,70,0,0,0
2001-10-05 01:00:00,17.2,75,0.7,90,0,0,0
2001-10-05 02:00:00,16.5,78,1.5,30,0,0,0
2001-10-05 03:00:00,16.1,80,1.2,10,0,0,0
2001-10-05 04:00:00,15.7,82,1.4,340,0,0,0
2001-10-05 05:00:00,15.1,84,0.1,360,0,0,0
2001-10-05 06:00:00,14.9,86,0.0,0,0,0,0
2001-10-05 07:00:00,15.0,87,0.0,0,0,0,0
2001-10-05 08:00:00,17.0,82,1.1,270,222,581,79
2001-10-05 09:00:00,21.1,64,3.9,250,393,666,112
2001-10-05 10:00:00,25.0,50,2.1,240,549,775,114
2001-10-05 11:00:00,25.9,47,2.1,250,661,804,129
2001-10-05 12:00:00,26.8,44,2.6,250,736,878,110
2001-10-05 13:00:00,27.7,39,2.0,280,731,881,105
2001-10-05 14:00:00,27.6,36,0.5,160,667,852,106
2001-10-05 15:00:00,25.5,38,0.4,150,539,793,98
2001-10-05 16:00:00,24.4,37,0.4,150,377,710,84
2001-10-05 17:00:00,20.3,41,1.9,240,180,519,57
2001-10-05 18:00:00,18.2,43,0.3,130,14,104,10
2001-10-05 19:00:00,15.1,48,0.3,130,0,0,0
2001-10-05 20:00:00,14.0,51,1.7,280,0,0,0
2001-10-05 21:00:00,12.9,51,2.0,290,0,0,0
2001-10-05 22:00:00,11.8,50,2.3,290,0,0,0
2001-10-05 23:00:00,11.7,57,1.6,290,0,0,0
2001-10-06 00:00:00,10.6,61,2.7,260,0,0,0
2001-10-06 01:00:00,9.5,60,2.2,260,0,0,0
2001-10-06 02:00:00,7.5,68,0.0,0,0,0,0
2001-10-06 03:00:00,6.4,67,0.0,0,0,0,0
2001-10-06 04:00:00,6.3,71,2.6,240,0,0,0
2001-10-06 05:00:00,5.2,71,0.0,0,0,0,0
2001-10-06 06:00:00,5.1,70,2.0,240,0,0,0
2001-10-06 07:00:00,6.0,65,0.0,0,0,0,0
2001-10-06 08:00:00,9.9,53,0.0,0,58,0,58
2001-10-06 09:00:00,12.8,46,0.0,0,62,0,62
2001-10-06 10:00:00,13.7,43,0.0,0,504,500,225
2001-10-06 11:00:00,15.6,35,0.0,0,605,641,184
2001-10-06 12:00:00,16.5,35,2.3,330,633,511,270
2001-10-06 13:00:00,17.4,33,4.2,320,416,108,340
2001-10-06 14:00:00,17.3,35,5.8,310,504,304,306
2001-10-06 15:00:00,18.2,32,5.3,310,415,349,223
2001-10-06 16:00:00,17.1,37,4.6,300,308,343,168
2001-10-06 17:00:00,16.0,39,4.6,300,106,55,93
2001-10-06 18:00:00,13.9,45,4.5,300,7,0,7
2001-10-06 19:00:00,12.6,50,4.4,300,0,0,0
2001-10-06 20:00:00,11.7,52,4.3,300,0,0,0
2001-10-06 21:00:00,10.8,54,4.2,300,0,0,0
2001-10-06 22:00:00,10.1,55,4.1,290,0,0,0
2001-10-06 23:00:00,9.6,56,4.0,290,0,0,0
2001-10-07 00:00:00,9.1,57,3.9,290,0,0,0
2001-10-07 01:00:00,8.6,58,3.9,290,0,0,0
2001-10-07 02:00:00,7.9,59,3.8,290,0,0,0
2001-10-07 03:00:00,7.7,59,3.7,290,0,0,0
2001-10-07 04:00:00,7.4,59,3.6,290,0,0,0
2001-10-07 05:00:00,6.9,59,3.5,290,0,0,0
2001-10-07 06:00:00,6.7,60,3.4,280,0,0,0
2001-10-07 07:00:00,6.9,60,3.3,280,0,0,0
2001-10-07 08:00:00,9.0,56,3.2,280,200,402,103
2001-10-07 09:00:00,11.0,50,3.1,280,366,604,116
2001-10-07 10:00:00,12.0,46,3.8,290,537,744,124
2001-10-07 11:00:00,12.6,43,4.5,290,637,689,186
2001-10-07 12:00:00,12.8,39,5.3,300,596,427,295
2001-10-07 13:00:00,12.7,38,6.0,300,565,371,304
2001-10-07 14:00:00,12.0,37,6.7,310,539,423,265
2001-10-07 15:00:00,11.0,42,5.6,330,482,585,163
2001-10-07 16:00:00,11.3,41,7.2,300,365,662,99
2001-10-07 17:00:00,10.9,40,7.2,310,169,494,57
2001-10-07 18:00:00,10.8,40,5.1,300,12,124,7
2001-10-07 19:00:00,10.4,39,4.6,290,0,0,0
2001-10-07 20:00:00,10.5,38,6.7,300,0,0,0
2001-10-07 21:00:00,10.5,37,5.6,310,0,0,0
2001-10-07 22:00:00,10.7,37,6.1,310,0,0,0
2001-10-07 23:00:00,11.6,37,4.6,310,0,0,0
2001-10-08 00:00:00,11.6,36,5.1,300,0,0,0
2001-10-08 01:00:00,11.6,36,3.1,310,0,0,0
2001-10-08 02:00:00,11.5,35,2.5,280,0,0,0
2001-10-08 03:00:00,10.4,32,2.5,240,0,0,0
2001-10-08 04:00:00,9.1,32,1.0,360,0,0,0
2001-10-08 05:00:00,7.0,30,1.0,360,0,0,0
2001-10-08 06:00:00,5.7,29,1.0,360,0,0,0
2001-10-08 07:00:00,5.6,29,1.0,360,0,0,0
2001-10-08 08:00:00,8.4,30,2.5,310,184,417,85
2001-10-08 09:00:00,11.2,31,5.1,290,387,660,116
2001-10-08 10:00:00,12.6,29,6.1,320,550,812,103
2001-10-08 11:00:00,13.5,28,6.7,340,662,853,108
2001-10-08 12:00:00,14.1,27,5.6,350,718,854,120
2001-10-08 13:00:00,14.3,27,6.7,330,707,862,106
2001-10-08 14:00:00,14.0,27,4.6,350,649,846,105
2001-10-08 15:00:00,14.2,25,6.7,360,515,774,97
2001-10-08 16:00:00,14.4,26,7.7,350,359,697,83
2001-10-08 17:00:00,13.6,30,5.7,330,168,515,54
2001-10-08 18:00:00,10.8,34,6.7,330,8,56,6
2001-10-08 19:00:00,10.9,36,7.7,330,0,0,0
2001-10-08 20:00:00,10.1,34,7.7,330,0,0,0
2001-10-08 21:00:00,9.2,36,5.7,330,0,0,0
2001-10-08 22:00:00,8.4,38,6.2,330,0,0,0
2001-10-08 23:00:00,8.7,37,6.2,330,0,0,0
2001-10-09 00:00:00,8.2,40,5.7,330,0,0,0
2001-10-09 01:00:00,7.8,41,5.7,330,0,0,0
2001-10-09 02:00:00,7.1,44,4.6,330,0,0,0
2001-10-09 03:00:00,6.9,47,6.2,330,0,0,0
2001-10-09 04:00:00,6.8,48,4.6,330,0,0,0
2001-10-09 05:00:00,6.6,48,4.6,320,0,0,0
2001-10-09 06:00:00,6.8,49,3.1,300,0,0,0
2001-10-09 07:00:00,7.2,51,4.6,310,12,153,5
2001-10-09 08:00:00,9.0,46,3.6,310,185,438,83
2001-10-09 09:00:00,10.4,45,4.6,320,367,642,106
2001-10-09 10:00:00,11.9,42,4.1,320,538,775,114
2001-10-09 11:00:00,13.3,44,3.1,350,649,823,119
2001-10-09 12:00:00,14.7,47,3.6,350,699,830,123
2001-10-09 13:00:00,16.1,43,2.1,340,707,856,114
2001-10-09 14:00:00,14.9,47,1.5,40,637,822,112
2001-10-09 15:00:00,13.9,53,0.0,0,515,798,88
2001-10-09 16:00:00,12.4,63,0.0,0,359,720,77
2001-10-09 17:00:00,10.8,70,0.0,0,167,546,48
2001-10-09 18:00:00,9.2,73,1.5,20,8,111,5
2001-10-09 19:00:00,8.6,76,2.1,40,0,0,0
2001-10-09 20:00:00,8.0,80,0.0,0,0,0,0
2001-10-09 21:00:00,6.4,83,0.0,0,0,0,0
2001-10-09 22:00:00,5.9,86,0.0,0,0,0,0
2001-10-09 23:00:00,5.3,90,0.0,0,0,0,0
2001-10-10 00:00:00,5.1,84,1.5,360,0,0,0
2001-10-10 01:00:00,4.9,79,0.0,0,0,0,0
2001-10-10 02:00:00,4.7,81,0.0,0,0,0,0
2001-10-10 03:00:00,4.1,84,2.1,330,0,0,0
2001-10-10 04:00:00,3.4,87,1.5,320,0,0,0
2001-10-10 05:00:00,2.5,90,1.5,300,0,0,0
2001-10-10 06:00:00,2.0,93,0.0,0,0,0,0
2001-10-10 07:00:00,3.5,98,1.5,270,10,118,5
2001-10-10 08:00:00,7.0,93,0.0,0,170,352,89
2001-10-10 09:00:00,8.7,84,0.8,270,354,568,125
2001-10-10 10:00:00,11.4,71,1.5,240,518,720,127
2001-10-10 11:00:00,14.1,64,2.1,190,618,744,141
2001-10-10 12:00:00,15.9,62,3.1,290,663,686,190
2001-10-10 13:00:00,17.6,56,0.0,0,671,767,144
2001-10-10 14:00:00,20.3,48,2.1,290,619,769,133
2001-10-10 15:00:00,23.0,41,2.6,210,498,727,112
2001-10-10 16:00:00,22.2,45,0.0,0,326,562,109
2001-10-10 17:00:00,20.5,51,2.2,260,134,294,72
2001-10-10 18:00:00,18.3,62,2.7,280,6,64,4
2001-10-10 19:00:00,16.9,71,2.2,280,0,0,0
2001-10-10 20:00:00,16.0,77,1.7,310,0,0,0
2001-10-10 21:00:00,14.1,83,1.7,290,0,0,0
2001-10-10 22:00:00,12.5,89,0.2,270,0,0,0
2001-10-10 23:00:00,11.0,94,1.8,270,0,0,0
2001-10-11 00:00:00,11.1,94,0.3,280,0,0,0
2001-10-11 01:00:00,11.2,94,2.4,270,0,0,0
2001-10-11 02:00:00,11.3,94,0.4,300,0,0,0
2001-10-11 03:00:00,11.3,94,3.5,280,0,0,0
2001-10-11 04:00:00,11.4,94,1.9,280,0,0,0
2001-10-11 05:00:00,11.5,94,0.5,320,0,0,0
2001-10-11 06:00:00,12.6,94,2.0,360,0,0,0
2001-10-11 07:00:00,12.7,94,3.1,300,10,159,4
2001-10-11 08:00:00,12.8,94,2.1,320,188,495,76
2001-10-11 09:00:00,12.8,94,3.2,320,382,724,93
2001-10-11 10:00:00,12.9,88,3.2,20,538,824,94
2001-10-11 11:00:00,12.0,94,0.7,10,656,883,94
2001-10-11 12:00:00,12.1,94,4.8,350,699,866,105
2001-10-11 13:00:00,12.2,94,2.9,20,689,832,121
2001-10-11 14:00:00,12.3,94,2.9,60,602,703,160
2001-10-11 15:00:00,12.3,94,2.3,40,492,732,107
2001-10-11 16:00:00,12.4,94,3.5,80,326,504,134
2001-10-11 17:00:00,12.5,94,2.4,70,84,43,75
2001-10-11 18:00:00,12.6,94,0.9,70,2,0,2
2001-10-11 19:00:00,12.7,94,1.0,80,0,0,0
2001-10-11 20:00:00,12.8,94,1.0,90,0,0,0
2001-10-11 21:00:00,12.8,94,1.0,100,0,0,0
2001-10-11 22:00:00,12.9,94,1.1,100,0,0,0
2001-10-11 23:00:00,13.0,94,3.2,70,0,0,0
2001-10-12 00:00:00,13.5,92,2.6,110,0,0,0
2001-10-12 01:00:00,14.0,91,2.7,120,0,0,0
2001-10-12 02:00:00,14.5,90,2.7,140,0,0,0
2001-10-12 03:00:00,15.0,88,1.2,140,0,0,0
2001-10-12 04:00:00,15.5,87,3.4,120,0,0,0
2001-10-12 05:00:00,15.8,85,2.8,150,0,0,0
2001-10-12 06:00:00,16.5,84,1.3,170,0,0,0
2001-10-12 07:00:00,17.0,82,2.9,150,7,57,5
2001-10-12 08:00:00,18.5,82,2.2,180,146,184,105
2001-10-12 09:00:00,19.0,80,1.4,190,348,568,123
2001-10-12 10:00:00,19.5,79,3.0,220,487,592,170
2001-10-12 11:00:00,21.0,73,1.5,210,587,641,182
2001-10-12 12:00:00,22.8,64,3.5,210,547,367,297
2001-10-12 13:00:00,24.4,59,2.9,190,534,311,323
2001-10-12 14:00:00,25.5,59,4.4,170,174,6,170
2001-10-12 15:00:00,25.7,51,3.4,170,140,0,140
2001-10-12 16:00:00,24.9,57,3.3,160,100,0,100
2001-10-12 17:00:00,25.1,56,4.3,130,79,38,72
2001-10-12 18:00:00,20.3,75,3.2,130,2,0,2
2001-10-12 19:00:00,16.4,100,3.2,120,0,0,0
2001-10-12 20:00:00,15.6,100,3.1,90,0,0,0
2001-10-12 21:00:00,14.8,100,4.1,70,0,0,0
2001-10-12 22:00:00,15.0,100,4.5,60,0,0,0
2001-10-12 23:00:00,16.1,97,3.5,50,0,0,0
2001-10-13 00:00:00,16.3,89,4.4,30,0,0,0
2001-10-13 01:00:00,14.5,94,3.9,350,0,0,0
2001-10-13 02:00:00,12.7,100,4.8,340,0,0,0
2001-10-13 03:00:00,13.9,97,3.7,330,0,0,0
2001-10-13 04:00:00,14.0,100,5.2,320,0,0,0
2001-10-13 05:00:00,15.2,95,4.1,310,0,0,0
2001-10-13 06:00:00,15.4,93,4.1,300,0,0,0
2001-10-13 07:00:00,16.6,86,4.0,270,8,140,3
2001-10-13 08:00:00,17.8,91,4.5,270,182,478,77
2001-10-13 09:00:00,18.9,79,4.4,260,355,644,104
2001-10-13 10:00:00,20.1,78,3.9,240,506,721,124
2001-10-13 11:00:00,23.3,64,4.3,230,612,768,130
2001-10-13 12:00:00,23.5,59,5.3,220,663,764,146
2001-10-13 13:00:00,24.6,59,2.2,220,647,725,159
2001-10-13 14:00:00,26.8,52,2.2,210,596,649,194
2001-10-13 15:00:00,27.0,51,4.1,170,340,189,243
2001-10-13 16:00:00,27.6,49,4.5,180,178,58,156
2001-10-13 17:00:00,26.2,60,4.5,170,131,302,72
2001-10-13 18:00:00,20.8,88,3.9,180,2,36,1
2001-10-13 19:00:00,18.4,98,4.4,170,0,0,0
2001-10-13 20:00:00,17.0,100,4.3,170,0,0,0
2001-10-13 21:00:00,17.6,100,3.8,170,0,0,0
2001-10-13 22:00:00,16.3,100,3.2,170,0,0,0
2001-10-13 23:00:00,17.9,100,4.1,170,0,0,0
2001-10-14 00:00:00,16.5,100,3.6,180,0,0,0
2001-10-14 01:00:00,16.1,100,3.0,150,0,0,0
2001-10-14 02:00:00,16.0,100,3.5,160,0,0,0
2001-10-14 03:00:00,13.7,100,3.4,160,0,0,0
2001-10-14 04:00:00,12.5,100,3.3,170,0,0,0
2001-10-14 05:00:00,9.2,100,3.8,160,0,0,0
2001-10-14 06:00:00,9.3,100,3.2,150,0,0,0
2001-10-14 07:00:00,9.7,100,3.2,150,3,0,3
2001-10-14 08:00:00,13.5,100,4.1,150,78,0,78
2001-10-14 09:00:00,15.2,100,4.4,160,161,6,158
2001-10-14 10:00:00,20.0,83,4.6,160,136,0,136
2001-10-14 11:00:00,22.5,78,5.3,160,131,0,131
2001-10-14 12:00:00,22.9,78,6.6,170,152,0,152
2001-10-14 13:00:00,24.3,74,4.7,200,142,0,142
2001-10-14 14:00:00,24.2,76,5.6,210,98,0,98
2001-10-14 15:00:00,22.8,85,6.3,220,78,0,78
2001-10-14 16:00:00,22.5,89,4.5,230,52,0,52
2001-10-14 17:00:00,17.4,85,3.7,230,22,0,22
2001-10-14 18:00:00,17.1,93,4.5,240,0,0,0
2001-10-14 19:00:00,17.4,96,6.8,250,0,0,0
2001-10-14 20:00:00,17.8,97,7.1,270,0,0,0
2001-10-14 21:00:00,17.6,98,6.7,290,0,0,0
2001-10-14 22:00:00,17.4,91,6.5,300,0,0,0
2001-10-14 23:00:00,16.0,82,5.7,310,0,0,0
2001-10-15 00:00:00,15.1,81,5.6,310,0,0,0
2001-10-15 01:00:00,15.9,68,5.6,300,0,0,0
2001-10-15 02:00:00,15.5,70,7.0,240,0,0,0
2001-10-15 03:00:00,14.6,63,5.5,290,0,0,0
2001-10-15 04:00:00,14.7,63,5.4,290,0,0,0
2001-10-15 05:00:00,14.4,59,5.3,280,0,0,0
2001-10-15 06:00:00,14.0,56,5.3,280,0,0,0
2001-10-15 07:00:00,13.7,57,5.2,270,5,126,2
2001-10-15 08:00:00,15.5,50,5.1,270,176,474,75
2001-10-15 09:00:00,17.4,49,7.2,30,350,651,100
2001-10-15 10:00:00,18.7,46,7.6,60,500,721,124
2001-10-15 11:00:00,19.5,43,7.6,70,588,690,161
2001-10-15 12:00:00,20.2,39,7.5,80,657,770,143
2001-10-15 13:00:00,20.9,42,8.4,60,653,784,133
2001-10-15 14:00:00,21.6,37,7.9,70,612,828,109
2001-10-15 15:00:00,21.3,35,7.3,50,484,796,83
2001-10-15 16:00:00,20.9,37,8.3,70,323,705,69
2001-10-15 17:00:00,20.0,35,6.7,20,137,481,48
2001-10-15 18:00:00,17.8,42,6.6,20,0,0,0
2001-10-15 19:00:00,16.3,49,6.6,10,0,0,0
2001-10-15 20:00:00,15.3,53,4.4,220,0,0,0
2001-10-15 21:00:00,14.3,58,4.3,210,0,0,0
2001-10-15 22:00:00,13.5,62,4.3,210,0,0,0
2001-10-15 23:00:00,12.8,66,4.2,200,0,0,0
2001-10-16 00:00:00,12.2,70,4.2,200,0,0,0
2001-10-16 01:00:00,11.6,74,5.6,180,0,0,0
2001-10-16 02:00:00,10.8,79,5.5,130,0,0,0
2001-10-16 03:00:00,10.5,84,4.0,190,0,0,0
2001-10-16 04:00:00,10.0,89,3.9,180,0,0,0
2001-10-16 05:00:00,9.4,93,3.8,180,0,0,0
2001-10-16 06:00:00,9.1,98,3.8,170,0,0,0
2001-10-16 07:00:00,9.2,100,3.7,170,4,52,3
2001-10-16 08:00:00,11.2,99,3.7,160,142,207,99
2001-10-16 09:00:00,13.0,94,3.6,160,287,351,154
2001-10-16 10:00:00,12.7,93,5.7,190,416,403,207
2001-10-16 11:00:00,14.1,87,7.7,210,563,635,172
2001-10-16 12:00:00,13.8,89,6.7,210,614,626,200
2001-10-16 13:00:00,12.9,92,8.7,240,605,551,243
2001-10-16 14:00:00,12.7,85,9.2,270,162,0,162
2001-10-16 15:00:00,11.8,82,6.1,280,83,0,83
2001-10-16 16:00:00,11.0,87,7.7,290,52,0,52
2001-10-16 17:00:00,10.8,86,7.3,270,30,0,30
2001-10-16 18:00:00,10.0,92,6.8,270,0,0,0
2001-10-16 19:00:00,10.0,93,6.4,250,0,0,0
2001-10-16 20:00:00,8.7,100,6.3,250,0,0,0
2001-10-16 21:00:00,8.5,100,6.2,240,0,0,0
2001-10-16 22:00:00,7.2,100,6.1,240,0,0,0
2001-10-16 23:00:00,6.9,100,6.1,230,0,0,0
2001-10-17 00:00:00,6.6,100,6.0,230,0,0,0
2001-10-17 01:00:00,6.4,100,5.9,220,0,0,0
2001-10-17 02:00:00,6.1,100,5.8,220,0,0,0
2001-10-17 03:00:00,5.8,97,5.9,120,0,0,0
2001-10-17 04:00:00,4.5,100,5.7,210,0,0,0
2001-10-17 05:00:00,4.1,98,6.1,180,0,0,0
2001-10-17 06:00:00,4.0,95,6.8,50,0,0,0
2001-10-17 07:00:00,3.7,92,5.5,190,4,110,2
2001-10-17 08:00:00,7.0,76,5.5,90,170,464,75
2001-10-17 09:00:00,10.1,61,5.9,70,344,652,99
2001-10-17 10:00:00,12.9,51,6.3,60,462,624,142
2001-10-17 11:00:00,15.3,42,6.8,40,600,738,150
2001-10-17 12:00:00,17.4,35,7.2,30,614,638,195
2001-10-17 13:00:00,17.4,34,7.0,10,552,389,297
2001-10-17 14:00:00,16.8,33,6.8,360,277,54,245
2001-10-17 15:00:00,16.4,32,6.6,330,411,413,207
2001-10-17 16:00:00,15.2,33,6.4,320,301,582,96
2001-10-17 17:00:00,13.0,35,6.2,300,122,435,45
2001-10-17 18:00:00,11.1,41,5.4,310,0,0,0
2001-10-17 19:00:00,9.9,46,4.6,310,0,0,0
2001-10-17 20:00:00,9.3,48,3.7,320,0,0,0
2001-10-17 21:00:00,8.5,50,2.9,320,0,0,0
2001-10-17 22:00:00,8.0,52,2.1,330,0,0,0
2001-10-17 23:00:00,8.0,48,3.1,320,0,0,0
2001-10-18 00:00:00,6.0,55,2.8,300,0,0,0
2001-10-18 01:00:00,4.6,62,2.4,290,0,0,0
2001-10-18 02:00:00,3.0,68,2.1,270,0,0,0
2001-10-18 03:00:00,3.4,71,2.2,270,0,0,0
2001-10-18 04:00:00,1.9,71,2.2,270,0,0,0
2001-10-18 05:00:00,2.3,74,2.3,260,0,0,0
2001-10-18 06:00:00,2.8,76,2.4,260,0,0,0
2001-10-18 07:00:00,3.2,79,2.5,260,3,112,1
2001-10-18 08:00:00,5.8,81,2.5,260,171,500,70
2001-10-18 09:00:00,8.2,84,2.6,260,337,646,97
2001-10-18 10:00:00,9.6,86,4.2,100,488,728,118
2001-10-18 11:00:00,11.1,77,6.3,70,594,787,118
2001-10-18 12:00:00,11.4,73,7.4,80,663,848,109
2001-10-18 13:00:00,12.0,66,5.4,70,653,844,105
2001-10-18 14:00:00,12.4,56,6.6,110,571,762,119
2001-10-18 15:00:00,11.9,62,7.1,90,461,754,92
2001-10-18 16:00:00,10.5,68,6.1,70,300,645,77
2001-10-18 17:00:00,8.9,82,5.2,60,121,459,42
2001-10-18 18:00:00,6.5,100,4.7,40,0,0,0
2001-10-18 19:00:00,6.0,86,4.8,50,0,0,0
2001-10-18 20:00:00,5.5,84,3.4,230,0,0,0
2001-10-18 21:00:00,5.0,87,3.5,230,0,0,0
2001-10-18 22:00:00,3.9,91,3.5,230,0,0,0
2001-10-18 23:00:00,3.0,93,3.6,230,0,0,0
2001-10-19 00:00:00,3.7,88,3.7,230,0,0,0
2001-10-19 01:00:00,4.4,84,3.7,220,0,0,0
2001-10-19 02:00:00,5.1,85,3.8,220,0,0,0
2001-10-19 03:00:00,5.9,74,3.9,220,0,0,0
2001-10-19 04:00:00,6.6,76,5.5,200,0,0,0
2001-10-19 05:00:00,7.6,70,4.0,220,0,0,0
2001-10-19 06:00:00,9.0,64,4.1,210,0,0,0
2001-10-19 07:00:00,10.7,61,4.2,210,2,69,1
2001-10-19 08:00:00,11.4,58,4.2,210,155,328,90
2001-10-19 09:00:00,13.1,51,4.3,210,324,533,128
2001-10-19 10:00:00,14.9,45,4.4,210,449,599,147
2001-10-19 11:00:00,15.6,46,4.5,200,588,726,152
2001-10-19 12:00:00,17.3,41,6.5,30,620,686,176
2001-10-19 13:00:00,19.0,43,4.6,200,611,700,160
2001-10-19 14:00:00,19.4,38,4.4,210,531,607,174
2001-10-19 15:00:00,20.0,35,4.1,210,427,572,150
2001-10-19 16:00:00,18.9,35,3.6,200,279,535,96
2001-10-19 17:00:00,17.7,37,1.5,210,103,310,51
2001-10-19 18:00:00,14.6,45,1.5,170,0,0,0
2001-10-19 19:00:00,11.5,60,0.0,0,0,0,0
2001-10-19 20:00:00,8.3,74,0.0,0,0,0,0
2001-10-19 21:00:00,7.2,79,2.6,200,0,0,0
2001-10-19 22:00:00,6.1,85,0.0,0,0,0,0
2001-10-19 23:00:00,5.9,80,0.0,0,0,0,0
2001-10-20 00:00:00,4.8,75,2.1,350,0,0,0
2001-10-20 01:00:00,6.7,76,1.5,300,0,0,0
2001-10-20 02:00:00,5.6,76,2.1,290,0,0,0
2001-10-20 03:00:00,5.4,83,3.1,320,0,0,0
2001-10-20 04:00:00,5.3,83,2.1,330,0,0,0
2001-10-20 05:00:00,4.2,83,2.6,330,0,0,0
2001-10-20 06:00:00,2.0,90,2.6,350,0,0,0
2001-10-20 07:00:00,1.9,91,2.6,360,1,64,1
2001-10-20 08:00:00,6.8,75,2.6,20,147,329,83
2001-10-20 09:00:00,9.6,66,2.6,30,317,572,110
2001-10-20 10:00:00,11.5,62,2.1,10,450,618,140
2001-10-20 11:00:00,13.4,59,3.1,20,582,757,131
2001-10-20 12:00:00,15.2,56,4.1,350,651,842,109
2001-10-20 13:00:00,17.1,46,1.5,360,640,838,105
2001-10-20 14:00:00,18.0,50,1.5,350,565,762,121
2001-10-20 15:00:00,17.8,47,0.0,0,444,713,102
2001-10-20 16:00:00,17.7,47,1.5,330,283,592,84
2001-10-20 17:00:00,15.9,50,1.5,350,106,371,46
2001-10-20 18:00:00,13.4,58,0.0,0,0,0,0
2001-10-20 19:00:00,10.3,71,0.0,0,0,0,0
2001-10-20 20:00:00,10.2,82,2.6,350,0,0,0
2001-10-20 21:00:00,9.1,77,0.0,0,0,0,0
2001-10-20 22:00:00,7.9,83,0.0,0,0,0,0
2001-10-20 23:00:00,7.8,90,0.0,0,0,0,0
2001-10-21 00:00:00,7.7,84,0.0,0,0,0,0
2001-10-21 01:00:00,6.5,97,0.0,0,0,0,0
2001-10-21 02:00:00,6.4,98,0.0,0,0,0,0
2001-10-21 03:00:00,6.3,100,0.0,0,0,0,0
2001-10-21 04:00:00,7.1,99,0.0,0,0,0,0
2001-10-21 05:00:00,7.0,100,0.0,0,0,0,0
2001-10-21 06:00:00,7.1,93,1.5,350,0,0,0
2001-10-21 07:00:00,6.2,100,0.0,0,1,81,0
2001-10-21 08:00:00,6.2,100,1.5,330,158,443,73
2001-10-21 09:00:00,6.3,100,1.5,360,325,629,99
2001-10-21 10:00:00,6.4,100,1.5,360,483,747,112
2001-10-21 11:00:00,7.5,100,2.6,50,582,793,113
2001-10-21 12:00:00,8.6,94,0.0,0,620,722,159
2001-10-21 13:00:00,8.6,100,1.5,50,617,748,142
2001-10-21 14:00:00,8.7,99,1.5,50,571,803,106
2001-10-21 15:00:00,8.8,100,2.1,50,438,695,108
2001-10-21 16:00:00,8.9,100,2.1,70,283,580,90
2001-10-21 17:00:00,9.0,100,0.0,0,97,281,53
2001-10-21 18:00:00,9.0,100,0.0,0,0,0,0
2001-10-21 19:00:00,9.1,100,0.0,0,0,0,0
2001-10-21 20:00:00,9.2,100,1.5,60,0,0,0
2001-10-21 21:00:00,9.3,100,0.0,0,0,0,0
2001-10-21 22:00:00,9.4,99,0.0,0,0,0,0
2001-10-21 23:00:00,9.4,99,1.5,60,0,0,0
2001-10-22 00:00:00,9.5,98,2.1,50,0,0,0
2001-10-22 01:00:00,9.6,97,2.1,60,0,0,0
2001-10-22 02:00:00,9.7,97,0.0,0,0,0,0
2001-10-22 03:00:00,9.8,95,1.5,30,0,0,0
2001-10-22 04:00:00,9.8,95,1.5,350,0,0,0
2001-10-22 05:00:00,8.9,94,2.1,10,0,0,0
2001-10-22 06:00:00,9.0,93,1.5,340,0,0,0
2001-10-22 07:00:00,8.0,100,2.6,340,1,58,0
2001-10-22 08:00:00,12.6,89,2.6,330,150,346,85
2001-10-22 09:00:00,17.0,77,2.6,340,312,522,126
2001-10-22 10:00:00,21.2,62,2.1,360,444,624,136
2001-10-22 11:00:00,25.0,50,2.6,340,570,745,132
2001-10-22 12:00:00,26.0,48,2.1,350,627,782,130
2001-10-22 13:00:00,27.6,46,2.6,330,611,754,136
2001-10-22 14:00:00,28.6,44,2.1,330,542,714,132
2001-10-22 15:00:00,28.9,42,1.5,330,437,718,100
2001-10-22 16:00:00,28.1,43,1.5,310,256,453,108
2001-10-22 17:00:00,25.4,49,4.1,300,104,404,42
2001-10-22 18:00:00,21.7,59,1.5,260,0,0,0
2001-10-22 19:00:00,18.0,73,2.6,280,0,0,0
2001-10-22 20:00:00,16.5,80,2.6,280,0,0,0
2001-10-22 21:00:00,15.0,88,3.6,280,0,0,0
2001-10-22 22:00:00,15.6,87,1.5,250,0,0,0
2001-10-22 23:00:00,15.1,93,6.7,290,0,0,0
2001-10-23 00:00:00,14.7,99,3.1,220,0,0,0
2001-10-23 01:00:00,14.3,100,0.3,350,0,0,0
2001-10-23 02:00:00,14.8,98,3.2,240,0,0,0
2001-10-23 03:00:00,14.4,100,4.9,270,0,0,0
2001-10-23 04:00:00,14.9,97,9.3,260,0,0,0
2001-10-23 05:00:00,14.5,97,7.1,260,0,0,0
2001-10-23 06:00:00,15.1,96,1.7,320,0,0,0
2001-10-23 07:00:00,16.6,85,6.5,230,0,12,0
2001-10-23 08:00:00,18.2,79,6.3,220,95,78,80
2001-10-23 09:00:00,21.8,70,8.7,240,291,441,136
2001-10-23 10:00:00,23.3,66,7.4,210,405,447,187
2001-10-23 11:00:00,24.9,58,9.2,220,482,375,263
2001-10-23 12:00:00,24.4,65,7.4,230,426,199,301
2001-10-23 13:00:00,25.0,57,5.1,190,611,688,181
2001-10-23 14:00:00,26.3,53,8.4,210,524,648,155
2001-10-23 15:00:00,25.5,50,6.2,270,387,494,157
2001-10-23 16:00:00,24.8,56,2.8,10,261,505,98
2001-10-23 17:00:00,25.0,56,4.1,270,102,427,39
2001-10-23 18:00:00,23.3,58,2.3,80,0,0,0
2001-10-23 19:00:00,22.5,70,2.0,110,0,0,0
2001-10-23 20:00:00,21.8,74,1.8,150,0,0,0
2001-10-23 21:00:00,21.0,78,1.5,180,0,0,0
2001-10-23 22:00:00,19.4,78,1.7,160,0,0,0
2001-10-23 23:00:00,20.5,74,3.4,180,0,0,0
2001-10-24 00:00:00,18.8,78,2.5,160,0,0,0
2001-10-24 01:00:00,17.7,82,5.8,200,0,0,0
2001-10-24 02:00:00,16.7,81,3.4,190,0,0,0
2001-10-24 03:00:00,15.6,79,4.1,210,0,0,0
2001-10-24 04:00:00,14.5,77,4.8,210,0,0,0
2001-10-24 05:00:00,13.4,81,2.5,220,0,0,0
2001-10-24 06:00:00,12.8,74,0.5,280,0,0,0
2001-10-24 07:00:00,13.9,75,3.3,240,0,0,0
2001-10-24 08:00:00,17.8,68,3.0,200,153,471,69
2001-10-24 09:00:00,22.3,59,6.2,240,327,699,84
2001-10-24 10:00:00,25.7,54,9.5,260,451,692,116
2001-10-24 11:00:00,30.7,44,8.6,280,558,745,127
2001-10-24 12:00:00,31.2,42,7.3,280,627,824,111
2001-10-24 13:00:00,32.4,39,6.9,270,610,790,121
2001-10-24 14:00:00,32.4,38,9.7,280,553,803,100
2001-10-24 15:00:00,32.4,37,9.7,280,431,729,95
2001-10-24 16:00:00,31.2,39,9.5,280,260,550,86
2001-10-24 17:00:00,30.1,42,9.2,280,90,328,42
2001-10-24 18:00:00,28.5,42,7.8,280,0,0,0
2001-10-24 19:00:00,27.5,44,8.6,280,0,0,0
2001-10-24 20:00:00,26.9,44,5.7,290,0,0,0
2001-10-24 21:00:00,26.9,43,6.4,310,0,0,0
2001-10-24 22:00:00,25.2,31,3.4,360,0,0,0
2001-10-24 23:00:00,23.6,31,7.7,300,0,0,0
2001-10-25 00:00:00,22.5,31,7.4,310,0,0,0
2001-10-25 01:00:00,22.5,30,7.1,300,0,0,0
2001-10-25 02:00:00,21.3,30,5.7,270,0,0,0
2001-10-25 03:00:00,19.7,30,5.8,260,0,0,0
2001-10-25 04:00:00,18.1,30,4.5,20,0,0,0
2001-10-25 05:00:00,17.0,30,6.2,320,0,0,0
2001-10-25 06:00:00,16.4,29,5.7,360,0,0,0
2001-10-25 07:00:00,17.0,28,5.1,40,0,0,0
2001-10-25 08:00:00,18.1,26,7.8,340,116,201,81
2001-10-25 09:00:00,19.2,23,8.0,320,221,164,165
2001-10-25 10:00:00,20.9,22,9.2,330,451,607,160
2001-10-25 11:00:00,21.4,21,9.4,280,558,757,123
2001-10-25 12:00:00,21.5,20,9.6,280,627,836,108
2001-10-25 13:00:00,22.1,19,9.8,320,610,814,110
2001-10-25 14:00:00,22.1,20,9.7,300,541,773,109
2001-10-25 15:00:00,22.1,19,9.6,280,430,753,87
2001-10-25 16:00:00,21.0,19,8.2,300,259,566,82
2001-10-25 17:00:00,19.1,21,7.3,300,92,397,37
2001-10-25 18:00:00,16.7,25,6.5,290,0,0,0
2001-10-25 19:00:00,15.1,29,5.6,290,0,0,0
2001-10-25 20:00:00,14.0,31,4.7,280,0,0,0
2001-10-25 21:00:00,12.8,33,3.8,280,0,0,0
2001-10-25 22:00:00,11.8,35,3.0,270,0,0,0
2001-10-25 23:00:00,11.0,36,2.1,270,0,0,0
2001-10-26 00:00:00,11.8,33,2.5,270,0,0,0
2001-10-26 01:00:00,10.7,35,2.8,270,0,0,0
2001-10-26 02:00:00,9.4,37,4.7,230,0,0,0
2001-10-26 03:00:00,8.5,40,3.5,270,0,0,0
2001-10-26 04:00:00,7.5,43,3.9,270,0,0,0
2001-10-26 05:00:00,6.4,45,4.3,270,0,0,0
2001-10-26 06:00:00,5.6,47,4.6,270,0,0,0
2001-10-26 07:00:00,6.4,48,7.0,260,0,0,0
2001-10-26 08:00:00,9.2,44,5.3,270,137,318,83
2001-10-26 09:00:00,12.0,37,5.7,270,300,581,103
2001-10-26 10:00:00,13.1,34,6.0,270,399,472,175
2001-10-26 11:00:00,13.7,32,6.4,280,527,660,151
2001-10-26 12:00:00,14.0,30,6.7,280,590,710,153
2001-10-26 13:00:00,13.3,32,7.4,290,575,688,155
2001-10-26 14:00:00,12.1,33,8.0,300,506,618,163
2001-10-26 15:00:00,11.0,36,8.7,310,397,635,110
2001-10-26 16:00:00,10.3,39,8.5,270,269,497,116
2001-10-26 17:00:00,8.8,42,8.4,290,34,0,34
2001-10-26 18:00:00,6.7,51,6.7,120,0,0,0
2001-10-26 19:00:00,5.5,58,6.5,120,0,0,0
2001-10-26 20:00:00,3.1,68,6.3,120,0,0,0
2001-10-26 21:00:00,0.7,81,6.2,120,0,0,0
2001-10-26 22:00:00,-0.2,83,6.0,120,0,0,0
2001-10-26 23:00:00,-1.0,84,5.8,120,0,0,0
2001-10-27 00:00:00,-0.7,83,5.7,120,0,0,0
2001-10-27 01:00:00,-0.2,80,5.5,120,0,0,0
2001-10-27 02:00:00,-0.1,81,5.3,120,0,0,0
2001-10-27 03:00:00,0.6,78,5.1,120,0,0,0
2001-10-27 04:00:00,0.3,80,6.5,270,0,0,0
2001-10-27 05:00:00,-0.1,82,4.8,120,0,0,0
2001-10-27 06:00:00,-0.1,84,6.6,280,0,0,0
2001-10-27 07:00:00,0.1,86,8.1,290,0,0,0
2001-10-27 08:00:00,2.3,81,7.3,300,149,269,104
2001-10-27 09:00:00,4.4,74,9.2,290,215,183,153
2001-10-27 10:00:00,6.3,66,10.0,300,400,417,203
2001-10-27 11:00:00,7.9,59,9.4,290,232,18,222
2001-10-27 12:00:00,9.0,53,7.2,290,286,24,271
2001-10-27 13:00:00,8.0,53,9.7,260,243,12,236
2001-10-27 14:00:00,8.1,54,9.1,290,155,0,155
2001-10-27 15:00:00,8.1,55,7.0,310,380,458,175
2001-10-27 16:00:00,7.1,54,6.4,320,233,457,94
2001-10-27 17:00:00,7.2,55,3.7,330,86,377,37
2001-10-27 18:00:00,7.2,47,3.7,330,0,0,0
2001-10-27 19:00:00,6.3,47,3.6,340,0,0,0
2001-10-27 20:00:00,5.3,43,3.5,340,0,0,0
2001-10-27 21:00:00,4.3,47,3.4,340,0,0,0
2001-10-27 22:00:00,4.4,40,4.9,330,0,0,0
2001-10-27 23:00:00,3.4,43,3.3,340,0,0,0
2001-10-28 00:00:00,2.4,52,3.2,340,0,0,0
2001-10-28 01:00:00,0.5,55,3.1,340,0,0,0
2001-10-28 02:00:00,0.5,56,3.1,340,0,0,0
2001-10-28 03:00:00,-1.4,56,4.5,300,0,0,0
2001-10-28 04:00:00,-1.4,57,2.9,340,0,0,0
2001-10-28 05:00:00,-1.4,57,2.8,340,0,0,0
2001-10-28 06:00:00,-1.3,58,4.3,330,0,0,0
2001-10-28 07:00:00,-1.3,59,4.2,330,0,0,0
2001-10-28 08:00:00,1.7,62,2.6,340,141,439,69
2001-10-28 09:00:00,5.8,56,2.5,350,301,633,92
2001-10-28 10:00:00,9.8,40,2.5,350,413,589,138
2001-10-28 11:00:00,9.9,31,2.4,350,527,679,146
2001-10-28 12:00:00,10.9,29,2.3,350,596,770,129
2001-10-28 13:00:00,10.9,30,3.0,350,580,748,131
2001-10-28 14:00:00,11.0,33,3.7,350,517,731,119
2001-10-28 15:00:00,11.0,33,5.7,330,396,670,100
2001-10-28 16:00:00,11.0,36,3.1,350,247,559,80
2001-10-28 17:00:00,9.2,42,0.6,350,77,305,39
2001-10-28 18:00:00,8.3,49,0.3,350,0,0,0
2001-10-28 19:00:00,6.5,56,0.0,0,0,0,0
2001-10-28 20:00:00,4.6,65,0.0,0,0,0,0
2001-10-28 21:00:00,4.8,66,0.0,0,0,0,0
2001-10-28 22:00:00,2.9,71,0.4,230,0,0,0
2001-10-28 23:00:00,4.1,72,0.6,230,0,0,0
2001-10-29 00:00:00,5.3,67,0.0,0,0,0,0
2001-10-29 01:00:00,5.4,68,0.0,0,0,0,0
2001-10-29 02:00:00,4.6,73,0.0,0,0,0,0
2001-10-29 03:00:00,6.7,64,0.0,0,0,0,0
2001-10-29 04:00:00,6.9,64,0.0,0,0,0,0
2001-10-29 05:00:00,7.1,64,1.0,250,0,0,0
2001-10-29 06:00:00,6.2,69,0.7,250,0,0,0
2001-10-29 07:00:00,7.4,65,1.9,250,0,0,0
2001-10-29 08:00:00,8.5,61,2.1,250,133,390,70
2001-10-29 09:00:00,10.7,50,0.7,260,302,652,88
2001-10-29 10:00:00,11.8,43,0.9,280,433,699,110
2001-10-29 11:00:00,12.0,44,1.5,270,546,788,108
2001-10-29 12:00:00,13.7,38,3.6,270,602,818,110
2001-10-29 13:00:00,15.1,35,3.2,270,574,742,132
2001-10-29 14:00:00,15.8,32,5.9,280,517,749,112
2001-10-29 15:00:00,16.8,31,5.6,310,396,693,93
2001-10-29 16:00:00,16.8,30,6.7,300,247,587,74
2001-10-29 17:00:00,16.0,31,2.7,310,80,387,32
2001-10-29 18:00:00,12.0,43,1.2,300,0,0,0
2001-10-29 19:00:00,8.7,57,1.9,320,0,0,0
2001-10-29 20:00:00,6.0,70,0.0,0,0,0,0
2001-10-29 21:00:00,6.5,69,0.0,0,0,0,0
2001-10-29 22:00:00,6.6,74,0.0,0,0,0,0
2001-10-29 23:00:00,6.6,75,0.3,270,0,0,0
2001-10-30 00:00:00,6.6,76,0.4,290,0,0,0
2001-10-30 01:00:00,6.6,77,2.0,290,0,0,0
2001-10-30 02:00:00,6.7,77,1.1,330,0,0,0
2001-10-30 03:00:00,6.7,78,1.2,330,0,0,0
2001-10-30 04:00:00,6.7,73,1.9,330,0,0,0
2001-10-30 05:00:00,6.8,74,2.5,310,0,0,0
2001-10-30 06:00:00,7.8,70,0.0,0,0,0,0
2001-10-30 07:00:00,7.3,74,0.0,0,0,0,0
2001-10-30 08:00:00,8.8,72,2.3,340,135,422,69
2001-10-30 09:00:00,10.9,63,1.4,10,296,634,91
2001-10-30 10:00:00,11.9,60,3.6,70,420,657,119
2001-10-30 11:00:00,13.9,53,4.3,80,527,709,136
2001-10-30 12:00:00,15.9,47,3.9,40,554,668,155
2001-10-30 13:00:00,17.0,44,4.5,360,551,658,161
2001-10-30 14:00:00,18.0,39,4.1,350,488,612,160
2001-10-30 15:00:00,18.0,40,4.7,300,379,552,140
2001-10-30 16:00:00,17.0,42,3.2,270,146,97,117
2001-10-30 17:00:00,15.4,44,2.8,270,61,158,42
2001-10-30 18:00:00,13.2,51,3.4,200,0,0,0
2001-10-30 19:00:00,11.8,56,1.5,170,0,0,0
2001-10-30 20:00:00,11.0,56,1.0,120,0,0,0
2001-10-30 21:00:00,10.0,57,1.5,70,0,0,0
2001-10-30 22:00:00,7.8,62,1.5,50,0,0,0
2001-10-30 23:00:00,7.7,67,2.5,40,0,0,0
2001-10-31 00:00:00,6.5,67,3.4,30,0,0,0
2001-10-31 01:00:00,5.3,73,2.4,10,0,0,0
2001-10-31 02:00:00,5.1,73,2.4,360,0,0,0
2001-10-31 03:00:00,5.0,74,1.4,340,0,0,0
2001-10-31 04:00:00,3.8,74,1.3,350,0,0,0
2001-10-31 05:00:00,2.6,73,0.6,20,0,0,0
2001-10-31 06:00:00,2.5,80,0.0,0,0,0,0
2001-10-31 07:00:00,2.3,81,0.2,20,0,0,0
2001-10-31 08:00:00,6.1,77,0.5,350,32,0,32
2001-10-31 09:00:00,9.9,59,0.7,320,159,57,141
2001-10-31 10:00:00,12.8,52,2.2,350,427,546,179
2001-10-31 11:00:00,15.6,50,3.2,30,427,327,248
2001-10-31 12:00:00,18.4,44,3.7,80,572,674,172
2001-10-31 13:00:00,18.3,45,2.0,100,557,706,142
2001-10-31 14:00:00,19.1,42,3.5,120,494,683,131
2001-10-31 15:00:00,18.9,43,2.9,170,384,663,100
2001-10-31 16:00:00,18.7,46,2.4,190,215,466,82
2001-10-31 17:00:00,17.6,49,4.4,220,56,191,34
2001-10-31 18:00:00,12.4,69,3.8,230,0,0,0
2001-10-31 19:00:00,11.2,69,1.1,330,0,0,0
2001-10-31 20:00:00,9.1,85,1.6,10,0,0,0
2001-10-31 21:00:00,7.9,85,1.7,10,0,0,0
2001-10-31 22:00:00,8.3,86,1.5,30,0,0,0
2001-10-31 23:00:00,8.8,93,1.2,50,0,0,0
2001-11-01 00:00:00,9.2,94,1.0,80,0,0,0
1996-11-01 01:00:00,9.7,42,0.7,340,0,0,0
1996-11-01 02:00:00,10.1,39,0.5,340,0,0,0
1996-11-01 03:00:00,10.6,35,0.2,350,0,0,0
1996-11-01 04:00:00,11.0,31,0.0,0,0,0,0
1996-11-01 05:00:00,10.5,32,1.0,350,0,0,0
1996-11-01 06:00:00,9.8,34,2.1,350,0,0,0
1996-11-01 07:00:00,9.0,35,3.1,340,1,0,1
1996-11-01 08:00:00,9.1,40,2.6,340,36,0,36
1996-11-01 09:00:00,9.4,45,2.1,350,88,0,88
1996-11-01 10:00:00,9.8,48,1.6,350,133,0,133
1996-11-01 11:00:00,9.6,53,1.0,350,164,0,164
1996-11-01 12:00:00,8.6,58,0.5,360,180,0,180
1996-11-01 13:00:00,8.0,66,0.0,0,178,0,178
1996-11-01 14:00:00,8.7,58,2.2,40,159,0,159
1996-11-01 15:00:00,10.4,55,0.7,100,125,0,125
1996-11-01 16:00:00,9.1,55,0.4,160,77,0,77
1996-11-01 17:00:00,8.9,55,4.2,210,25,0,25
1996-11-01 18:00:00,8.6,56,2.7,260,0,0,0
1996-11-01 19:00:00,7.3,55,0.4,350,0,0,0
1996-11-01 20:00:00,6.5,64,3.6,360,0,0,0
1996-11-01 21:00:00,5.7,71,1.1,90,0,0,0
1996-11-01 22:00:00,5.4,72,4.4,110,0,0,0
1996-11-01 23:00:00,5.1,73,7.6,140,0,0,0
1996-11-02 00:00:00,5.9,63,6.7,170,0,0,0
1996-11-02 01:00:00,5.6,63,6.9,190,0,0,0
1996-11-02 02:00:00,6.3,59,6.5,240,0,0,0
1996-11-02 03:00:00,6.0,60,3.6,340,0,0,0
1996-11-02 04:00:00,4.5,60,4.0,280,0,0,0
1996-11-02 05:00:00,3.1,61,4.5,220,0,0,0
1996-11-02 06:00:00,1.5,61,4.9,170,0,0,0
1996-11-02 07:00:00,-0.3,69,5.4,110,1,6,1
1996-11-02 08:00:00,2.7,56,5.8,60,70,206,41
1996-11-02 09:00:00,5.9,44,6.3,360,242,531,78
1996-11-02 10:00:00,7.0,37,6.7,320,408,715,91
1996-11-02 11:00:00,8.0,34,6.7,320,523,778,105
1996-11-02 12:00:00,8.2,32,7.0,320,580,805,112
1996-11-02 13:00:00,8.9,31,7.4,330,573,802,111
1996-11-02 14:00:00,9.0,29,7.7,330,504,771,103
1996-11-02 15:00:00,8.3,30,6.6,330,379,698,87
1996-11-02 16:00:00,7.1,33,5.4,340,216,547,65
1996-11-02 17:00:00,5.6,35,4.3,340,57,217,33
1996-11-02 18:00:00,4.0,38,3.1,340,0,2,0
1996-11-02 19:00:00,4.0,38,6.7,330,0,0,0
1996-11-02 20:00:00,3.3,41,5.7,320,0,0,0
1996-11-02 21:00:00,2.6,44,4.6,310,0,0,0
1996-11-02 22:00:00,2.2,46,3.6,300,0,0,0
1996-11-02 23:00:00,1.6,50,2.5,290,0,0,0
1996-11-03 00:00:00,1.0,51,1.5,280,0,0,0
1996-11-03 01:00:00,-1.3,67,1.9,280,0,0,0
1996-11-03 02:00:00,-1.7,64,2.3,290,0,0,0
1996-11-03 03:00:00,-2.0,65,2.7,290,0,0,0
1996-11-03 04:00:00,-3.3,79,3.1,300,0,0,0
1996-11-03 05:00:00,-3.7,82,3.5,300,0,0,0
1996-11-03 06:00:00,-4.0,84,3.9,310,0,0,0
1996-11-03 07:00:00,-2.3,67,4.3,310,3,81,1
1996-11-03 08:00:00,0.3,64,4.7,320,103,555,25
1996-11-03 09:00:00,4.0,54,5.1,320,280,791,38
1996-11-03 10:00:00,6.0,47,5.1,320,440,889,50
1996-11-03 11:00:00,8.3,36,4.9,320,555,935,58
1996-11-03 12:00:00,9.6,32,4.6,320,611,952,61
1996-11-03 13:00:00,9.9,33,4.4,330,604,950,61
1996-11-03 14:00:00,10.2,32,4.1,330,534,926,56
1996-11-03 15:00:00,11.5,26,3.9,330,409,872,48
1996-11-03 16:00:00,10.8,27,3.6,330,242,755,36
1996-11-03 17:00:00,8.1,31,3.4,330,68,463,20
1996-11-03 18:00:00,7.4,35,3.1,340,0,25,0
1996-11-03 19:00:00,5.7,38,2.9,340,0,0,0
1996-11-03 20:00:00,3.0,49,2.6,340,0,0,0
1996-11-03 21:00:00,2.1,53,2.5,320,0,0,0
1996-11-03 22:00:00,1.5,58,2.5,310,0,0,0
1996-11-03 23:00:00,0.7,64,2.4,290,0,0,0
1996-11-04 00:00:00,0.0,67,2.3,270,0,0,0
1996-11-04 01:00:00,-0.3,73,2.2,250,0,0,0
1996-11-04 02:00:00,-0.9,78,2.2,240,0,0,0
1996-11-04 03:00:00,-2.0,85,2.1,220,0,0,0
1996-11-04 04:00:00,-2.6,88,1.1,290,0,0,0
1996-11-04 05:00:00,-3.0,92,0.0,0,0,0,0
1996-11-04 06:00:00,-3.0,85,0.0,0,0,0,0
1996-11-04 07:00:00,-3.0,77,0.0,0,2,67,1
1996-11-04 08:00:00,0.8,63,7.5,290,97,525,26
1996-11-04 09:00:00,3.5,57,8.2,290,272,769,40
1996-11-04 10:00:00,7.3,41,5.9,260,430,870,52
1996-11-04 11:00:00,8.0,39,4.1,260,544,917,60
1996-11-04 12:00:00,9.8,38,7.5,240,600,936,64
1996-11-04 13:00:00,11.3,35,5.7,250,593,933,64
1996-11-04 14:00:00,12.3,33,3.9,200,524,909,59
1996-11-04 15:00:00,13.0,32,3.1,210,399,852,50
1996-11-04 16:00:00,12.0,34,3.1,190,234,732,37
1996-11-04 17:00:00,10.7,37,2.9,190,64,431,21
1996-11-04 18:00:00,9.4,41,2.7,200,0,17,0
1996-11-04 19:00:00,7.9,46,2.5,200,0,0,0
1996-11-04 20:00:00,7.2,49,2.3,200,0,0,0
1996-11-04 21:00:00,6.5,52,2.1,200,0,0,0
1996-11-04 22:00:00,6.1,55,1.9,210,0,0,0
1996-11-04 23:00:00,5.5,58,1.7,210,0,0,0
1996-11-05 00:00:00,5.0,59,1.5,210,0,0,0
1996-11-05 01:00:00,5.6,60,1.5,200,0,0,0
1996-11-05 02:00:00,6.0,60,1.5,180,0,0,0
1996-11-05 03:00:00,5.0,64,2.1,190,0,0,0
1996-11-05 04:00:00,3.6,71,1.4,250,0,0,0
1996-11-05 05:00:00,2.4,79,0.7,300,0,0,0
1996-11-05 06:00:00,1.0,86,0.0,0,0,0,0
1996-11-05 07:00:00,2.0,80,0.3,30,2,44,1
1996-11-05 08:00:00,5.0,72,0.5,60,90,468,28
1996-11-05 09:00:00,8.2,62,0.8,90,260,725,44
1996-11-05 10:00:00,11.5,53,1.0,110,416,833,57
1996-11-05 11:00:00,14.1,46,1.3,140,528,882,66
1996-11-05 12:00:00,16.0,42,1.5,170,583,902,70
1996-11-05 13:00:00,17.3,31,4.3,160,575,898,70
1996-11-05 14:00:00,18.6,31,3.9,150,507,871,65
1996-11-05 15:00:00,19.0,32,2.0,210,384,810,55
1996-11-05 16:00:00,17.3,36,2.2,230,215,660,40
1996-11-05 17:00:00,15.7,42,2.3,160,58,321,27
1996-11-05 18:00:00,13.0,51,1.0,340,0,9,0
1996-11-05 19:00:00,12.3,53,1.2,360,0,0,0
1996-11-05 20:00:00,9.7,68,2.8,240,0,0,0
1996-11-05 21:00:00,11.0,62,1.5,20,0,0,0
1996-11-05 22:00:00,10.5,62,1.5,20,0,0,0
1996-11-05 23:00:00,9.8,63,1.5,20,0,0,0
1996-11-06 00:00:00,9.2,62,1.5,20,0,0,0
1996-11-06 01:00:00,9.0,61,1.5,20,0,0,0
1996-11-06 02:00:00,8.2,68,1.4,20,0,0,0
1996-11-06 03:00:00,7.1,74,1.4,10,0,0,0
1996-11-06 04:00:00,6.3,83,1.3,10,0,0,0
1996-11-06 05:00:00,5.7,93,1.3,10,0,0,0
1996-11-06 06:00:00,4.9,100,1.2,360,0,0,0
1996-11-06 07:00:00,4.1,100,1.1,360,1,12,1
1996-11-06 08:00:00,5.2,100,1.1,360,50,35,45
1996-11-06 09:00:00,8.9,96,4.6,340,130,149,86
1996-11-06 10:00:00,10.6,90,4.6,300,230,110,183
1996-11-06 11:00:00,12.3,82,4.5,340,302,54,274
1996-11-06 12:00:00,13.1,78,4.4,320,149,83,102
1996-11-06 13:00:00,14.8,73,2.8,200,376,64,340
1996-11-06 14:00:00,15.9,71,0.7,340,243,50,217
1996-11-06 15:00:00,16.2,71,0.7,330,160,24,151
1996-11-06 16:00:00,16.0,77,2.1,140,66,0,66
1996-11-06 17:00:00,15.2,81,1.7,110,18,6,17
1996-11-06 18:00:00,14.3,85,1.3,80,0,0,0
1996-11-06 19:00:00,13.4,91,0.8,60,0,0,0
1996-11-06 20:00:00,13.2,92,0.4,30,0,0,0
1996-11-06 21:00:00,13.0,94,0.0,0,0,0,0
1996-11-06 22:00:00,13.1,97,0.0,0,0,0,0
1996-11-06 23:00:00,13.0,100,0.0,0,0,0,0
1996-11-07 00:00:00,13.1,99,0.5,310,0,0,0
1996-11-07 01:00:00,13.7,100,1.0,260,0,0,0
1996-11-07 02:00:00,14.0,100,1.5,210,0,0,0
1996-11-07 03:00:00,13.6,99,1.5,190,0,0,0
1996-11-07 04:00:00,13.7,100,1.5,180,0,0,0
1996-11-07 05:00:00,14.0,100,1.5,160,0,0,0
1996-11-07 06:00:00,13.5,100,2.2,160,0,0,0
1996-11-07 07:00:00,12.9,100,2.8,170,0,0,0
1996-11-07 08:00:00,14.4,100,3.5,170,20,0,20
1996-11-07 09:00:00,16.0,100,4.1,170,56,0,56
1996-11-07 10:00:00,17.3,93,4.6,190,104,0,104
1996-11-07 11:00:00,18.0,88,5.1,210,130,0,130
1996-11-07 12:00:00,18.6,84,4.5,210,301,116,235
1996-11-07 13:00:00,19.6,81,3.9,210,406,291,244
1996-11-07 14:00:00,20.1,78,3.3,210,343,355,166
1996-11-07 15:00:00,19.8,78,2.7,200,288,531,77
1996-11-07 16:00:00,19.0,84,2.1,200,205,568,58
1996-11-07 17:00:00,18.0,88,1.5,200,53,375,20
1996-11-07 18:00:00,17.0,88,1.5,210,0,5,0
1996-11-07 19:00:00,16.3,94,1.9,210,0,0,0
1996-11-07 20:00:00,16.3,96,2.3,200,0,0,0
1996-11-07 21:00:00,16.4,97,2.7,200,0,0,0
1996-11-07 22:00:00,16.7,97,3.1,190,0,0,0
1996-11-07 23:00:00,16.8,99,3.5,190,0,0,0
1996-11-08 00:00:00,17.0,97,3.9,190,0,0,0
1996-11-08 01:00:00,17.6,98,4.2,180,0,0,0
1996-11-08 02:00:00,18.0,96,4.6,180,0,0,0
1996-11-08 03:00:00,17.8,96,5.0,170,0,0,0
1996-11-08 04:00:00,18.2,95,5.4,170,0,0,0
1996-11-08 05:00:00,18.7,95,5.8,160,0,0,0
1996-11-08 06:00:00,19.0,94,6.2,160,0,0,0
1996-11-08 07:00:00,19.0,90,6.7,170,0,0,0
1996-11-08 08:00:00,21.0,83,7.2,170,27,0,27
1996-11-08 09:00:00,20.0,94,5.1,160,64,0,64
1996-11-08 10:00:00,21.0,92,4.9,170,108,0,108
1996-11-08 11:00:00,21.4,92,4.8,180,140,0,140
1996-11-08 12:00:00,21.0,94,4.6,190,156,0,156
1996-11-08 13:00:00,19.7,92,3.8,150,154,0,154
1996-11-08 14:00:00,17.8,89,3.1,110,135,0,135
1996-11-08 15:00:00,15.2,91,2.3,70,100,0,100
1996-11-08 16:00:00,12.0,100,1.5,30,55,0,55
1996-11-08 17:00:00,11.0,100,1.8,20,20,0,20
1996-11-08 18:00:00,9.9,100,2.1,10,0,0,0
1996-11-08 19:00:00,8.6,100,2.4,360,0,0,0
1996-11-08 20:00:00,8.2,100,2.7,350,0,0,0
1996-11-08 21:00:00,7.8,100,3.1,340,0,0,0
1996-11-08 22:00:00,7.6,97,3.4,330,0,0,0
1996-11-08 23:00:00,7.2,95,3.7,320,0,0,0
1996-11-09 00:00:00,7.0,89,4.0,310,0,0,0
1996-11-09 01:00:00,7.1,86,4.3,300,0,0,0
1996-11-09 02:00:00,7.0,81,4.6,290,0,0,0
1996-11-09 03:00:00,7.0,76,6.2,290,0,0,0
1996-11-09 04:00:00,6.7,75,5.7,290,0,0,0
1996-11-09 05:00:00,6.5,75,5.2,290,0,0,0
1996-11-09 06:00:00,6.1,74,4.6,290,0,0,0
1996-11-09 07:00:00,5.7,72,4.1,280,0,15,0
1996-11-09 08:00:00,7.2,69,3.6,280,76,250,47
1996-11-09 09:00:00,9.0,61,3.1,280,196,531,46
1996-11-09 10:00:00,10.0,54,4.1,290,258,277,143
1996-11-09 11:00:00,11.0,50,6.2,280,380,442,156
1996-11-09 12:00:00,11.0,49,5.5,200,433,507,153
1996-11-09 13:00:00,11.9,50,6.4,200,406,403,185
1996-11-09 14:00:00,11.7,48,6.7,140,353,146,281
1996-11-09 15:00:00,11.6,54,4.5,130,159,156,97
1996-11-09 16:00:00,10.5,55,4.4,110,100,127,68
1996-11-09 17:00:00,9.4,60,4.2,70,35,72,29
1996-11-09 18:00:00,8.2,67,2.0,40,0,0,0
1996-11-09 19:00:00,5.1,84,1.3,10,0,0,0
1996-11-09 20:00:00,3.0,100,0.0,0,0,0,0
1996-11-09 21:00:00,2.4,100,0.0,0,0,0,0
1996-11-09 22:00:00,2.0,100,0.0,0,0,0,0
1996-11-09 23:00:00,1.5,100,0.0,0,0,0,0
1996-11-10 00:00:00,1.0,100,0.0,0,0,0,0
1996-11-10 01:00:00,1.0,100,0.0,0,0,0,0
1996-11-10 02:00:00,0.7,100,0.0,0,0,0,0
1996-11-10 03:00:00,-0.2,100,0.0,0,0,0,0
1996-11-10 04:00:00,-0.5,100,0.0,0,0,0,0
1996-11-10 05:00:00,-0.6,100,0.0,0,0,0,0
1996-11-10 06:00:00,-1.0,100,0.0,0,0,0,0
1996-11-10 07:00:00,-1.2,94,0.6,360,0,33,0
1996-11-10 08:00:00,0.7,83,1.2,350,58,277,26
1996-11-10 09:00:00,2.7,72,1.8,350,174,297,91
1996-11-10 10:00:00,4.8,62,2.4,340,241,264,133
1996-11-10 11:00:00,6.3,53,3.0,340,304,110,249
1996-11-10 12:00:00,7.0,48,3.6,330,167,0,167
1996-11-10 13:00:00,6.0,55,3.1,320,165,0,165
1996-11-10 14:00:00,4.1,59,4.2,290,61,1,60
1996-11-10 15:00:00,5.3,50,3.7,290,142,120,96
1996-11-10 16:00:00,4.4,59,1.8,290,58,22,52
1996-11-10 17:00:00,4.5,50,0.7,300,12,44,9
1996-11-10 18:00:00,3.6,53,1.9,300,0,0,0
1996-11-10 19:00:00,2.8,57,0.8,290,0,0,0
1996-11-10 20:00:00,1.9,62,0.0,0,0,0,0
1996-11-10 21:00:00,1.0,67,1.5,290,0,0,0
1996-11-10 22:00:00,0.0,72,0.0,0,0,0,0
1996-11-10 23:00:00,-1.0,78,1.5,280,0,0,0
1996-11-11 00:00:00,-1.3,75,1.5,280,0,0,0
1996-11-11 01:00:00,-1.1,73,1.5,280,0,0,0
1996-11-11 02:00:00,-1.3,71,1.5,280,0,0,0
1996-11-11 03:00:00,-1.9,68,1.5,270,0,0,0
1996-11-11 04:00:00,-2.0,66,1.5,270,0,0,0
1996-11-11 05:00:00,-2.0,65,1.5,270,0,0,0
1996-11-11 06:00:00,-2.5,69,2.1,260,0,0,0
1996-11-11 07:00:00,-3.0,71,2.6,250,0,15,0
1996-11-11 08:00:00,-1.2,64,3.4,260,68,363,28
1996-11-11 09:00:00,0.8,56,4.2,270,232,670,48
1996-11-11 10:00:00,2.9,49,5.1,280,388,800,63
1996-11-11 11:00:00,4.3,43,5.9,290,502,860,73
1996-11-11 12:00:00,5.0,39,6.7,300,559,884,78
1996-11-11 13:00:00,5.0,44,6.8,280,543,865,77
1996-11-11 14:00:00,5.0,51,6.9,260,458,803,70
1996-11-11 15:00:00,5.0,55,6.9,240,361,783,60
1996-11-11 16:00:00,6.0,56,4.7,210,199,632,45
1996-11-11 17:00:00,6.1,63,5.2,180,42,266,21
1996-11-11 18:00:00,6.6,66,2.0,150,0,0,0
1996-11-11 19:00:00,-5.2,54,3.0,140,0,0,0
1996-11-11 20:00:00,-6.9,75,2.5,120,0,0,0
1996-11-11 21:00:00,-6.3,78,2.0,90,0,0,0
1996-11-11 22:00:00,-6.3,77,1.5,70,0,0,0
1996-11-11 23:00:00,-4.7,77,1.0,50,0,0,0
1996-11-12 00:00:00,-3.0,66,0.5,20,0,0,0
1996-11-12 01:00:00,-2.0,60,0.0,0,0,0,0
1996-11-12 02:00:00,-1.9,60,0.8,350,0,0,0
1996-11-12 03:00:00,-2.3,61,1.6,340,0,0,0
1996-11-12 04:00:00,-2.3,63,2.5,330,0,0,0
1996-11-12 05:00:00,-2.0,64,3.3,320,0,0,0
1996-11-12 06:00:00,-2.0,65,4.1,310,0,0,0
1996-11-12 07:00:00,-2.0,59,4.1,310,0,33,0
1996-11-12 08:00:00,0.0,51,4.1,310,72,458,22
1996-11-12 09:00:00,1.2,49,5.5,310,239,746,38
1996-11-12 10:00:00,2.4,47,6.8,300,396,861,50
1996-11-12 11:00:00,3.0,45,8.2,300,510,915,58
1996-11-12 12:00:00,3.0,41,7.2,310,566,936,62
1996-11-12 13:00:00,4.2,44,7.0,320,529,879,59
1996-11-12 14:00:00,4.4,46,5.2,320,455,769,86
1996-11-12 15:00:00,4.7,47,6.0,310,330,631,90
1996-11-12 16:00:00,4.9,50,4.2,320,187,524,61
1996-11-12 17:00:00,5.1,52,5.0,300,41,184,26
1996-11-12 18:00:00,4.3,54,4.7,300,0,0,0
1996-11-12 19:00:00,4.6,56,5.5,300,0,0,0
1996-11-12 20:00:00,5.8,59,3.7,300,0,0,0
1996-11-12 21:00:00,7.0,62,4.5,280,0,0,0
1996-11-12 22:00:00,8.2,65,4.2,270,0,0,0
1996-11-12 23:00:00,7.4,67,3.0,270,0,0,0
1996-11-13 00:00:00,8.7,69,0.1,310,0,0,0
1996-11-13 01:00:00,8.9,62,2.5,290,0,0,0
1996-11-13 02:00:00,9.1,75,3.7,300,0,0,0
1996-11-13 03:00:00,9.3,78,2.5,290,0,0,0
1996-11-13 04:00:00,8.6,52,2.2,280,0,0,0
1996-11-13 05:00:00,6.8,37,2.5,280,0,0,0
1996-11-13 06:00:00,4.0,37,2.2,270,0,0,0
1996-11-13 07:00:00,3.2,42,3.0,270,0,11,0
1996-11-13 08:00:00,2.4,39,3.2,290,73,377,33
1996-11-13 09:00:00,2.7,41,4.1,280,186,245,120
1996-11-13 10:00:00,3.9,37,2.7,290,243,192,166
1996-11-13 11:00:00,4.1,39,6.1,280,304,151,230
1996-11-13 12:00:00,4.3,37,7.4,270,264,106,206
1996-11-13 13:00:00,4.6,32,4.1,290,236,116,174
1996-11-13 14:00:00,2.8,39,1.7,290,284,208,185
1996-11-13 15:00:00,3.0,41,2.6,270,108,0,108
1996-11-13 16:00:00,2.6,43,1.3,320,62,0,62
1996-11-13 17:00:00,2.0,44,0.0,0,14,0,14
1996-11-13 18:00:00,-0.2,52,1.4,140,0,0,0
1996-11-13 19:00:00,-1.3,63,1.3,170,0,0,0
1996-11-13 20:00:00,-1.5,60,1.9,110,0,0,0
1996-11-13 21:00:00,-1.6,73,1.2,140,0,0,0
1996-11-13 22:00:00,-3.8,81,2.7,120,0,0,0
1996-11-13 23:00:00,-3.9,83,1.6,70,0,0,0
1996-11-14 00:00:00,-6.1,86,0.9,60,0,0,0
1996-11-14 01:00:00,-5.3,100,0.9,20,0,0,0
1996-11-14 02:00:00,-6.4,100,0.0,0,0,0,0
1996-11-14 03:00:00,-6.6,100,0.0,0,0,0,0
1996-11-14 04:00:00,-6.7,100,0.6,10,0,0,0
1996-11-14 05:00:00,-6.9,98,0.6,350,0,0,0
1996-11-14 06:00:00,-8.1,100,0.0,0,0,0,0
1996-11-14 07:00:00,-8.2,100,0.0,0,0,0,0
1996-11-14 08:00:00,-6.4,90,1.9,50,20,0,20
1996-11-14 09:00:00,-3.5,84,7.4,50,67,0,67
1996-11-14 10:00:00,-1.9,83,4.9,40,111,0,111
1996-11-14 11:00:00,-0.8,82,1.7,20,119,0,119
1996-11-14 12:00:00,0.0,85,2.1,10,132,0,132
1996-11-14 13:00:00,1.2,80,1.6,10,253,65,218
1996-11-14 14:00:00,1.8,74,1.1,10,245,142,177
1996-11-14 15:00:00,1.7,73,0.5,360,259,351,128
1996-11-14 16:00:00,1.0,79,0.0,0,105,111,78
1996-11-14 17:00:00,0.1,81,1.0,340,38,161,25
1996-11-14 18:00:00,-0.9,85,2.1,330,0,0,0
1996-11-14 19:00:00,-2.0,92,3.1,310,0,0,0
1996-11-14 20:00:00,-3.0,92,2.6,320,0,0,0
1996-11-14 21:00:00,-3.4,87,2.2,330,0,0,0
1996-11-14 22:00:00,-3.6,81,1.9,330,0,0,0
1996-11-14 23:00:00,-4.0,77,1.5,340,0,0,0
1996-11-15 00:00:00,-4.0,77,2.1,350,0,0,0
1996-11-15 01:00:00,-4.2,80,1.6,350,0,0,0
1996-11-15 02:00:00,-4.6,81,1.1,360,0,0,0
1996-11-15 03:00:00,-5.5,81,0.5,360,0,0,0
1996-11-15 04:00:00,-6.0,84,0.0,0,0,0,0
1996-11-15 05:00:00,-5.9,85,0.8,10,0,0,0
1996-11-15 06:00:00,-6.0,84,1.5,10,0,0,0
1996-11-15 07:00:00,-5.0,71,0.0,0,0,2,0
1996-11-15 08:00:00,-3.1,70,1.1,10,52,221,30
1996-11-15 09:00:00,-1.0,66,2.1,20,204,561,59
1996-11-15 10:00:00,0.8,58,2.1,40,359,715,79
1996-11-15 11:00:00,2.0,52,2.1,60,473,788,93
1996-11-15 12:00:00,2.8,46,1.1,30,531,817,99
1996-11-15 13:00:00,4.0,42,0.0,0,525,814,99
1996-11-15 14:00:00,3.2,41,0.6,360,457,778,91
1996-11-15 15:00:00,2.9,42,0.0,0,334,695,76
1996-11-15 16:00:00,1.4,41,0.0,0,176,519,55
1996-11-15 17:00:00,0.0,44,0.0,0,32,147,21
1996-11-15 18:00:00,-0.8,47,0.0,0,0,0,0
1996-11-15 19:00:00,-1.7,45,0.0,0,0,0,0
1996-11-15 20:00:00,-2.5,48,0.0,0,0,0,0
1996-11-15 21:00:00,-3.4,53,0.0,0,0,0,0
1996-11-15 22:00:00,-4.2,58,0.0,0,0,0,0
1996-11-15 23:00:00,-5.6,66,0.0,0,0,0,0
1996-11-16 00:00:00,-5.9,69,0.0,0,0,0,0
1996-11-16 01:00:00,-6.7,78,0.0,0,0,0,0
1996-11-16 02:00:00,-7.0,82,0.0,0,0,0,0
1996-11-16 03:00:00,-6.2,78,0.0,0,0,0,0
1996-11-16 04:00:00,-6.5,80,0.0,0,0,0,0
1996-11-16 05:00:00,-7.4,88,0.0,0,0,0,0
1996-11-16 06:00:00,-8.8,96,0.0,0,0,0,0
1996-11-16 07:00:00,-8.0,100,0.0,0,0,2,0
1996-11-16 08:00:00,-6.0,100,0.0,0,50,232,28
1996-11-16 09:00:00,-2.8,80,0.5,50,202,572,56
1996-11-16 10:00:00,0.4,64,1.0,90,355,722,75
1996-11-16 11:00:00,3.0,53,1.5,140,467,792,88
1996-11-16 12:00:00,3.3,56,1.4,130,523,818,94
1996-11-16 13:00:00,3.1,53,4.4,70,504,726,126
1996-11-16 14:00:00,2.8,56,4.3,50,349,493,119
1996-11-16 15:00:00,1.9,58,4.2,70,288,551,86
1996-11-16 16:00:00,0.6,66,1.0,90,174,484,63
1996-11-16 17:00:00,-0.2,65,0.9,80,31,130,22
1996-11-16 18:00:00,-3.3,83,0.8,70,0,0,0
1996-11-16 19:00:00,-2.9,75,0.6,60,0,0,0
1996-11-16 20:00:00,-3.8,92,2.0,330,0,0,0
1996-11-16 21:00:00,-4.6,91,2.5,330,0,0,0
1996-11-16 22:00:00,-4.9,97,0.3,30,0,0,0
1996-11-16 23:00:00,-5.2,100,0.2,20,0,0,0
1996-11-17 00:00:00,-3.7,87,1.6,270,0,0,0
1996-11-17 01:00:00,-4.0,84,0.0,0,0,0,0
1996-11-17 02:00:00,-4.1,87,0.0,0,0,0,0
1996-11-17 03:00:00,-4.2,86,2.2,330,0,0,0
1996-11-17 04:00:00,-4.8,86,2.5,320,0,0,0
1996-11-17 05:00:00,-3.7,84,3.2,320,0,0,0
1996-11-17 06:00:00,-4.4,79,3.0,320,0,0,0
1996-11-17 07:00:00,-5.0,86,1.7,350,0,4,0
1996-11-17 08:00:00,-4.0,77,0.0,0,52,315,23
1996-11-17 09:00:00,-0.9,67,0.0,0,204,637,44
1996-11-17 10:00:00,2.3,59,0.0,0,353,771,58
1996-11-17 11:00:00,5.0,52,0.0,0,464,833,68
1996-11-17 12:00:00,6.8,48,0.0,0,519,858,73
1996-11-17 13:00:00,9.0,45,0.0,0,514,856,72
1996-11-17 14:00:00,11.0,39,1.5,210,450,827,67
1996-11-17 15:00:00,9.0,45,1.5,120,332,757,56
1996-11-17 16:00:00,8.2,50,1.4,110,179,604,41
1996-11-17 17:00:00,7.2,53,1.3,110,34,234,17
1996-11-17 18:00:00,6.1,57,1.2,100,0,0,0
1996-11-17 19:00:00,4.9,63,1.1,90,0,0,0
1996-11-17 20:00:00,4.4,67,1.0,80,0,0,0
1996-11-17 21:00:00,4.0,70,0.9,80,0,0,0
1996-11-17 22:00:00,3.8,73,0.8,70,0,0,0
1996-11-17 23:00:00,3.5,75,0.8,60,0,0,0
1996-11-18 00:00:00,3.2,76,0.7,50,0,0,0
1996-11-18 01:00:00,3.3,79,0.6,50,0,0,0
1996-11-18 02:00:00,3.2,79,0.5,40,0,0,0
1996-11-18 03:00:00,2.5,81,0.4,30,0,0,0
1996-11-18 04:00:00,2.4,83,0.3,20,0,0,0
1996-11-18 05:00:00,2.4,85,0.2,20,0,0,0
1996-11-18 06:00:00,2.3,86,0.1,10,0,0,0
1996-11-18 07:00:00,2.0,87,0.0,0,0,10,0
1996-11-18 08:00:00,3.7,84,0.0,0,58,422,21
1996-11-18 09:00:00,5.6,78,0.0,0,156,312,78
1996-11-18 10:00:00,7.6,71,0.0,0,302,121,256
1996-11-18 11:00:00,9.0,66,0.0,0,147,0,147
1996-11-18 12:00:00,11.0,66,1.5,350,163,0,163
1996-11-18 13:00:00,10.6,73,1.7,20,161,0,161
1996-11-18 14:00:00,9.7,80,1.9,40,144,0,144
1996-11-18 15:00:00,8.0,93,2.1,70,111,0,111
1996-11-18 16:00:00,8.1,96,2.0,100,66,0,66
1996-11-18 17:00:00,7.9,97,1.9,130,15,0,15
1996-11-18 18:00:00,7.6,99,1.8,160,0,0,0
1996-11-18 19:00:00,7.2,100,1.7,190,0,0,0
1996-11-18 20:00:00,7.6,100,1.6,220,0,0,0
1996-11-18 21:00:00,8.0,100,1.5,250,0,0,0
1996-11-18 22:00:00,8.1,100,1.0,290,0,0,0
1996-11-18 23:00:00,8.0,100,0.5,320,0,0,0
1996-11-19 00:00:00,8.0,100,0.0,0,0,0,0
1996-11-19 01:00:00,8.0,100,0.0,0,0,0,0
1996-11-19 02:00:00,7.8,100,0.0,0,0,0,0
1996-11-19 03:00:00,7.0,100,0.0,0,0,0,0
1996-11-19 04:00:00,6.3,98,0.6,360,0,0,0
1996-11-19 05:00:00,5.8,95,1.2,360,0,0,0
1996-11-19 06:00:00,5.1,91,1.8,360,0,0,0
1996-11-19 07:00:00,4.3,87,2.4,350,0,0,0
1996-11-19 08:00:00,5.6,80,3.0,350,47,278,24
1996-11-19 09:00:00,7.0,70,3.6,350,195,628,42
1996-11-19 10:00:00,7.9,63,3.7,350,343,765,56
1996-11-19 11:00:00,8.8,61,4.9,350,453,829,66
1996-11-19 12:00:00,10.3,57,4.0,360,509,855,70
1996-11-19 13:00:00,10.6,55,6.1,160,505,854,70
1996-11-19 14:00:00,10.9,51,0.0,0,441,825,64
1996-11-19 15:00:00,11.3,49,1.3,360,325,755,54
1996-11-19 16:00:00,9.9,51,0.0,0,173,600,40
1996-11-19 17:00:00,8.0,52,2.6,350,32,226,16
1996-11-19 18:00:00,7.5,52,2.8,340,0,0,0
1996-11-19 19:00:00,6.9,53,2.9,330,0,0,0
1996-11-19 20:00:00,7.0,52,3.1,320,0,0,0
1996-11-19 21:00:00,6.4,53,3.4,330,0,0,0
1996-11-19 22:00:00,6.0,55,3.6,340,0,0,0
1996-11-19 23:00:00,5.0,63,1.8,350,0,0,0
1996-11-20 00:00:00,4.0,69,0.0,0,0,0,0
1996-11-20 01:00:00,5.0,64,4.1,300,0,0,0
1996-11-20 02:00:00,4.3,70,2.9,300,0,0,0
1996-11-20 03:00:00,4.2,75,3.8,310,0,0,0
1996-11-20 04:00:00,3.0,74,3.1,320,0,0,0
1996-11-20 05:00:00,1.2,78,2.0,320,0,0,0
1996-11-20 06:00:00,-1.1,83,0.2,290,0,0,0
1996-11-20 07:00:00,-0.7,83,0.0,0,0,0,0
1996-11-20 08:00:00,0.8,83,1.5,340,43,280,20
1996-11-20 09:00:00,3.5,80,6.9,350,188,613,40
1996-11-20 10:00:00,5.6,71,6.3,340,200,82,169
1996-11-20 11:00:00,6.0,70,4.6,350,129,97,83
1996-11-20 12:00:00,6.1,63,4.3,350,364,224,249
1996-11-20 13:00:00,6.6,57,3.9,350,451,627,133
1996-11-20 14:00:00,6.6,51,3.6,360,273,273,149
1996-11-20 15:00:00,5.8,48,3.3,360,239,443,82
1996-11-20 16:00:00,4.5,49,2.9,360,167,505,55
1996-11-20 17:00:00,3.0,49,2.6,360,32,231,15
1996-11-20 18:00:00,3.0,45,1.5,360,0,0,0
1996-11-20 19:00:00,2.1,52,2.3,350,0,0,0
1996-11-20 20:00:00,2.0,57,3.1,340,0,0,0
1996-11-20 21:00:00,1.6,58,2.5,340,0,0,0
1996-11-20 22:00:00,1.4,59,1.9,350,0,0,0
1996-11-20 23:00:00,1.1,61,1.2,350,0,0,0
1996-11-21 00:00:00,0.8,60,0.6,360,0,0,0
1996-11-21 01:00:00,1.0,61,0.0,0,0,0,0
1996-11-21 02:00:00,0.6,63,0.0,0,0,0,0
1996-11-21 03:00:00,-0.9,67,0.0,0,0,0,0
1996-11-21 04:00:00,-1.2,66,0.0,0,0,0,0
1996-11-21 05:00:00,-1.1,72,0.0,0,0,0,0
1996-11-21 06:00:00,0.8,65,0.0,0,0,0,0
1996-11-21 07:00:00,-1.3,70,0.0,0,0,0,0
1996-11-21 08:00:00,1.1,70,0.0,0,38,182,24
1996-11-21 09:00:00,1.2,70,0.0,0,185,442,80
1996-11-21 10:00:00,8.1,43,0.8,250,310,500,126
1996-11-21 11:00:00,5.0,44,1.7,260,310,177,228
1996-11-21 12:00:00,4.0,49,2.6,290,142,0,142
1996-11-21 13:00:00,5.4,41,5.3,290,176,0,176
1996-11-21 14:00:00,3.4,44,7.3,300,153,0,153
1996-11-21 15:00:00,2.6,42,4.9,310,111,0,111
1996-11-21 16:00:00,2.9,46,4.9,310,58,0,58
1996-11-21 17:00:00,3.7,46,5.5,310,17,11,16
1996-11-21 18:00:00,1.7,51,2.9,300,0,0,0
1996-11-21 19:00:00,2.0,55,3.5,320,0,0,0
1996-11-21 20:00:00,1.7,57,3.5,340,0,0,0
1996-11-21 21:00:00,2.0,57,2.1,350,0,0,0
1996-11-21 22:00:00,2.1,59,2.5,350,0,0,0
1996-11-21 23:00:00,2.1,62,2.9,350,0,0,0
1996-11-22 00:00:00,2.1,62,3.2,350,0,0,0
1996-11-22 01:00:00,2.6,64,3.6,350,0,0,0
1996-11-22 02:00:00,2.8,64,4.0,340,0,0,0
1996-11-22 03:00:00,2.5,65,4.4,340,0,0,0
1996-11-22 04:00:00,2.7,66,4.7,340,0,0,0
1996-11-22 05:00:00,3.0,68,5.1,340,0,0,0
1996-11-22 06:00:00,1.3,80,5.2,320,0,0,0
1996-11-22 07:00:00,0.5,76,5.4,310,0,0,0
1996-11-22 08:00:00,1.8,69,5.5,290,16,0,16
1996-11-22 09:00:00,2.5,69,5.6,280,64,0,64
1996-11-22 10:00:00,3.3,68,5.7,260,108,0,108
1996-11-22 11:00:00,3.5,67,5.9,240,139,0,139
1996-11-22 12:00:00,4.8,69,7.5,20,216,45,193
1996-11-22 13:00:00,5.0,59,8.2,330,153,0,153
1996-11-22 14:00:00,5.9,58,8.0,330,136,0,136
1996-11-22 15:00:00,6.0,60,7.7,330,103,0,103
1996-11-22 16:00:00,5.0,59,7.2,330,58,0,58
1996-11-22 17:00:00,5.0,55,6.7,330,11,0,11
1996-11-22 18:00:00,3.9,57,5.9,330,0,0,0
1996-11-22 19:00:00,2.8,61,5.1,330,0,0,0
1996-11-22 20:00:00,2.4,62,4.4,330,0,0,0
1996-11-22 21:00:00,2.0,62,3.6,330,0,0,0
1996-11-22 22:00:00,1.7,64,3.5,330,0,0,0
1996-11-22 23:00:00,1.3,67,3.4,330,0,0,0
1996-11-23 00:00:00,0.9,68,3.4,330,0,0,0
1996-11-23 01:00:00,0.9,70,3.3,330,0,0,0
1996-11-23 02:00:00,0.7,71,3.2,330,0,0,0
1996-11-23 03:00:00,0.0,72,3.1,330,0,0,0
1996-11-23 04:00:00,-0.6,75,2.9,340,0,0,0
1996-11-23 05:00:00,-1.0,78,2.6,340,0,0,0
1996-11-23 06:00:00,-1.0,78,2.6,320,0,0,0
1996-11-23 07:00:00,-3.0,100,1.5,330,0,0,0
1996-11-23 08:00:00,-0.8,83,1.9,310,41,295,18
1996-11-23 09:00:00,1.6,67,2.3,290,190,653,39
1996-11-23 10:00:00,4.1,54,2.8,260,340,796,52
1996-11-23 11:00:00,5.9,44,3.2,240,452,860,62
1996-11-23 12:00:00,7.0,37,3.6,220,509,885,66
1996-11-23 13:00:00,7.8,40,3.6,230,505,882,66
1996-11-23 14:00:00,8.0,44,3.6,240,441,852,61
1996-11-23 15:00:00,8.2,41,0.8,190,170,23,162
1996-11-23 16:00:00,8.4,45,1.1,120,53,0,53
1996-11-23 17:00:00,7.6,48,0.3,110,10,0,10
1996-11-23 18:00:00,7.8,58,1.0,140,0,0,0
1996-11-23 19:00:00,8.0,62,0.3,80,0,0,0
1996-11-23 20:00:00,8.2,72,3.1,110,0,0,0
1996-11-23 21:00:00,6.4,100,0.7,90,0,0,0
1996-11-23 22:00:00,6.7,100,0.4,80,0,0,0
1996-11-23 23:00:00,6.9,100,1.2,80,0,0,0
1996-11-24 00:00:00,7.1,100,0.4,80,0,0,0
1996-11-24 01:00:00,8.3,96,1.7,80,0,0,0
1996-11-24 02:00:00,8.5,96,0.0,0,0,0,0
1996-11-24 03:00:00,7.7,100,0.0,0,0,0,0
1996-11-24 04:00:00,6.9,100,0.0,0,0,0,0
1996-11-24 05:00:00,6.1,100,0.0,0,0,0,0
1996-11-24 06:00:00,6.3,100,0.0,0,0,0,0
1996-11-24 07:00:00,7.5,100,0.0,0,0,0,0
1996-11-24 08:00:00,9.7,97,0.0,0,15,0,15
1996-11-24 09:00:00,10.9,98,0.0,0,63,0,63
1996-11-24 10:00:00,13.1,92,0.0,0,107,0,107
1996-11-24 11:00:00,14.3,87,0.0,0,138,0,138
1996-11-24 12:00:00,15.6,81,0.0,0,154,0,154
1996-11-24 13:00:00,15.8,81,0.0,0,153,0,153
1996-11-24 14:00:00,17.0,76,0.0,0,136,0,136
1996-11-24 15:00:00,16.2,67,1.6,130,103,0,103
1996-11-24 16:00:00,13.4,71,2.3,120,59,0,59
1996-11-24 17:00:00,12.6,66,0.0,0,11,0,11
1996-11-24 18:00:00,9.8,62,2.3,120,0,0,0
1996-11-24 19:00:00,8.0,52,1.5,120,0,0,0
1996-11-24 20:00:00,7.4,56,1.5,120,0,0,0
1996-11-24 21:00:00,6.7,60,1.5,130,0,0,0
1996-11-24 22:00:00,6.4,64,1.5,130,0,0,0
1996-11-24 23:00:00,5.8,68,1.5,140,0,0,0
1996-11-25 00:00:00,5.3,70,1.5,140,0,0,0
1996-11-25 01:00:00,5.3,73,1.5,150,0,0,0
1996-11-25 02:00:00,5.0,75,1.5,150,0,0,0
1996-11-25 03:00:00,4.2,75,0.8,80,0,0,0
1996-11-25 04:00:00,4.0,75,0.0,0,0,0,0
1996-11-25 05:00:00,2.9,79,0.0,0,0,0,0
1996-11-25 06:00:00,1.7,82,0.0,0,0,0,0
1996-11-25 07:00:00,0.3,86,0.0,0,0,0,0
1996-11-25 08:00:00,1.0,86,0.0,0,33,182,19
1996-11-25 09:00:00,5.8,70,2.9,60,163,496,53
1996-11-25 10:00:00,9.6,62,2.6,70,292,607,76
1996-11-25 11:00:00,12.4,54,2.1,90,368,603,98
1996-11-25 12:00:00,13.2,51,1.5,100,452,561,175
1996-11-25 13:00:00,16.0,42,1.1,130,391,595,99
1996-11-25 14:00:00,16.8,42,0.3,200,318,329,172
1996-11-25 15:00:00,15.6,48,0.6,270,233,284,135
1996-11-25 16:00:00,13.4,54,0.0,0,95,114,71
1996-11-25 17:00:00,11.2,58,0.0,0,18,52,14
1996-11-25 18:00:00,8.0,76,0.0,0,0,0,0
1996-11-25 19:00:00,9.0,81,0.0,0,0,0,0
1996-11-25 20:00:00,8.5,88,0.8,50,0,0,0
1996-11-25 21:00:00,8.0,93,1.5,90,0,0,0
1996-11-25 22:00:00,7.7,96,1.1,70,0,0,0
1996-11-25 23:00:00,7.3,99,0.8,50,0,0,0
1996-11-26 00:00:00,6.9,99,0.4,20,0,0,0
1996-11-26 01:00:00,7.0,100,0.0,0,0,0,0
1996-11-26 02:00:00,7.5,99,1.0,350,0,0,0
1996-11-26 03:00:00,7.5,99,2.1,350,0,0,0
1996-11-26 04:00:00,8.0,100,3.1,340,0,0,0
1996-11-26 05:00:00,7.6,100,3.1,320,0,0,0
1996-11-26 06:00:00,8.2,98,4.6,260,0,0,0
1996-11-26 07:00:00,8.8,100,3.1,270,0,0,0
1996-11-26 08:00:00,9.4,97,5.6,40,15,0,15
1996-11-26 09:00:00,10.9,93,6.1,30,46,0,46
1996-11-26 10:00:00,12.5,84,8.7,10,86,0,86
1996-11-26 11:00:00,12.1,85,9.7,350,118,0,118
1996-11-26 12:00:00,13.0,88,8.7,330,135,0,135
1996-11-26 13:00:00,11.0,76,6.2,320,122,36,104
1996-11-26 14:00:00,9.9,69,7.2,320,373,229,273
1996-11-26 15:00:00,8.0,66,8.2,320,183,74,158
1996-11-26 16:00:00,6.9,65,7.5,330,88,23,83
1996-11-26 17:00:00,5.5,61,6.9,330,12,3,12
1996-11-26 18:00:00,4.0,59,6.2,340,0,0,0
1996-11-26 19:00:00,3.1,59,6.2,340,0,0,0
1996-11-26 20:00:00,3.1,56,6.2,330,0,0,0
1996-11-26 21:00:00,3.0,53,6.2,330,0,0,0
1996-11-26 22:00:00,2.6,53,6.2,330,0,0,0
1996-11-26 23:00:00,2.0,53,6.2,330,0,0,0
1996-11-27 00:00:00,1.4,51,6.2,330,0,0,0
1996-11-27 01:00:00,1.3,51,6.2,330,0,0,0
1996-11-27 02:00:00,0.9,50,6.2,320,0,0,0
1996-11-27 03:00:00,0.0,49,6.2,320,0,0,0
1996-11-27 04:00:00,-0.3,48,6.2,320,0,0,0
1996-11-27 05:00:00,-0.6,48,6.2,320,0,0,0
1996-11-27 06:00:00,-1.0,46,6.2,320,0,0,0
1996-11-27 07:00:00,-0.9,53,7.3,320,0,0,0
1996-11-27 08:00:00,0.3,47,8.4,340,37,356,12
1996-11-27 09:00:00,1.4,47,9.6,340,186,724,29
1996-11-27 10:00:00,0.5,49,9.0,320,339,860,39
1996-11-27 11:00:00,1.7,46,8.5,320,453,920,47
1996-11-27 12:00:00,2.1,46,8.1,330,511,944,51
1996-11-27 13:00:00,2.9,46,7.6,330,509,943,51
1996-11-27 14:00:00,3.0,45,7.2,330,446,917,47
1996-11-27 15:00:00,2.7,41,5.4,330,329,853,39
1996-11-27 16:00:00,2.0,40,3.6,320,175,709,28
1996-11-27 17:00:00,0.8,46,3.8,330,31,315,10
1996-11-27 18:00:00,-0.6,54,3.9,330,0,0,0
1996-11-27 19:00:00,-2.0,65,4.1,340,0,0,0
1996-11-27 20:00:00,-4.0,77,3.0,320,0,0,0
1996-11-27 21:00:00,-4.0,69,1.8,310,0,0,0
1996-11-27 22:00:00,-5.0,81,1.9,260,0,0,0
1996-11-27 23:00:00,-5.0,73,1.8,220,0,0,0
1996-11-28 00:00:00,-5.0,73,1.9,170,0,0,0
1996-11-28 01:00:00,-6.0,78,1.9,120,0,0,0
1996-11-28 02:00:00,-5.0,77,2.0,80,0,0,0
1996-11-28 03:00:00,-6.0,83,2.0,20,0,0,0
1996-11-28 04:00:00,-6.0,75,1.8,360,0,0,0
1996-11-28 05:00:00,-7.0,89,1.6,340,0,0,0
1996-11-28 06:00:00,-7.0,87,1.3,320,0,0,0
1996-11-28 07:00:00,-7.0,79,1.1,320,0,0,0
1996-11-28 08:00:00,-5.0,71,0.9,310,34,303,13
1996-11-28 09:00:00,-3.0,65,0.0,0,179,684,32
1996-11-28 10:00:00,-2.1,56,0.0,0,330,829,44
1996-11-28 11:00:00,-0.1,48,1.2,360,443,893,52
1996-11-28 12:00:00,-0.2,53,1.2,360,502,918,56
1996-11-28 13:00:00,0.8,42,0.8,360,500,917,56
1996-11-28 14:00:00,-0.3,46,0.4,350,437,889,52
1996-11-28 15:00:00,-0.3,46,2.1,10,321,821,43
1996-11-28 16:00:00,-1.4,51,1.1,20,169,668,31
1996-11-28 17:00:00,-2.4,56,1.6,20,29,271,11
1996-11-28 18:00:00,-2.5,52,0.0,0,0,0,0
1996-11-28 19:00:00,-4.5,63,0.3,40,0,0,0
1996-11-28 20:00:00,-4.6,70,0.0,0,0,0,0
1996-11-28 21:00:00,-5.6,76,0.0,0,0,0,0
1996-11-28 22:00:00,-4.7,71,0.5,40,0,0,0
1996-11-28 23:00:00,-4.7,72,0.0,0,0,0,0
1996-11-29 00:00:00,-5.8,80,0.0,0,0,0,0
1996-11-29 01:00:00,-4.8,81,0.0,0,0,0,0
1996-11-29 02:00:00,-6.9,89,0.0,0,0,0,0
1996-11-29 03:00:00,-6.9,90,0.0,0,0,0,0
1996-11-29 04:00:00,-7.0,92,0.0,0,0,0,0
1996-11-29 05:00:00,-6.6,92,0.0,0,0,0,0
1996-11-29 06:00:00,-6.5,93,0.0,0,0,0,0
1996-11-29 07:00:00,-6.4,92,0.0,0,0,0,0
1996-11-29 08:00:00,-4.3,87,0.0,0,35,372,10
1996-11-29 09:00:00,-2.0,78,0.0,0,180,736,25
1996-11-29 10:00:00,0.8,63,0.8,340,330,865,34
1996-11-29 11:00:00,3.0,53,1.5,320,442,921,41
1996-11-29 12:00:00,3.9,51,1.0,330,500,944,45
1996-11-29 13:00:00,5.2,49,0.5,350,498,942,44
1996-11-29 14:00:00,6.0,47,0.0,0,437,917,41
1996-11-29 15:00:00,5.2,47,0.0,0,323,857,34
1996-11-29 16:00:00,3.9,51,0.0,0,172,721,24
1996-11-29 17:00:00,2.4,54,0.0,0,30,339,9
1996-11-29 18:00:00,0.7,59,0.0,0,0,0,0
1996-11-29 19:00:00,-1.0,66,0.0,0,0,0,0
1996-11-29 20:00:00,-1.1,69,0.3,40,0,0,0
1996-11-29 21:00:00,-1.2,72,0.6,70,0,0,0
1996-11-29 22:00:00,-1.0,74,0.9,110,0,0,0
1996-11-29 23:00:00,-1.0,77,1.2,140,0,0,0
1996-11-30 00:00:00,-1.0,78,1.5,180,0,0,0
1996-11-30 01:00:00,-1.0,78,2.1,160,0,0,0
1996-11-30 02:00:00,-0.6,77,2.0,160,0,0,0
1996-11-30 03:00:00,-0.8,76,1.8,170,0,0,0
1996-11-30 04:00:00,-0.5,78,1.7,170,0,0,0
1996-11-30 05:00:00,0.0,78,1.5,170,0,0,0
1996-11-30 06:00:00,0.0,78,2.1,170,0,0,0
1996-11-30 07:00:00,-0.7,80,2.6,180,0,0,0
1996-11-30 08:00:00,0.5,78,3.1,180,15,0,15
1996-11-30 09:00:00,2.0,73,3.6,190,53,28,47
1996-11-30 10:00:00,4.9,72,3.3,170,138,28,128
1996-11-30 11:00:00,5.7,75,3.1,160,240,149,176
1996-11-30 12:00:00,8.6,63,3.7,200,138,73,103
1996-11-30 13:00:00,9.4,65,4.3,240,119,15,112
1996-11-30 14:00:00,3.3,100,4.9,280,68,21,59
1996-11-30 15:00:00,5.1,91,4.1,230,93,4,92
1996-11-30 16:00:00,3.0,100,3.1,160,42,0,42
1996-11-30 17:00:00,3.1,96,3.4,170,11,0,11
1996-11-30 18:00:00,3.0,93,3.6,170,0,0,0
1996-11-30 19:00:00,2.5,99,3.6,170,0,0,0
1996-11-30 20:00:00,2.7,100,3.6,180,0,0,0
1996-11-30 21:00:00,3.0,100,3.6,180,0,0,0
1996-11-30 22:00:00,3.6,100,4.0,170,0,0,0
1996-11-30 23:00:00,4.1,100,4.5,0,0,0,0
1996-12-01 00:00:00,4.7,100,4.9,0,0,0,0
2004-12-01 01:00:00,5.3,93,5.4,170,0,0,0
2004-12-01 02:00:00,5.9,100,5.8,180,0,0,0
2004-12-01 03:00:00,6.4,100,6.3,170,0,0,0
2004-12-01 04:00:00,7.0,100,6.7,170,0,0,0
2004-12-01 05:00:00,7.0,100,5.1,180,0,0,0
2004-12-01 06:00:00,7.0,100,4.1,180,0,0,0
2004-12-01 07:00:00,8.0,100,3.6,190,0,0,0
2004-12-01 08:00:00,9.0,100,5.7,190,0,0,0
2004-12-01 09:00:00,9.0,100,5.7,280,58,0,58
2004-12-01 10:00:00,12.0,54,12.9,290,205,168,148
2004-12-01 11:00:00,12.0,50,13.4,280,427,646,149
2004-12-01 12:00:00,11.0,50,9.3,280,502,868,86
2004-12-01 13:00:00,10.0,54,14.9,290,480,784,105
2004-12-01 14:00:00,10.0,54,14.4,290,382,533,153
2004-12-01 15:00:00,9.3,54,12.4,290,151,58,131
2004-12-01 16:00:00,8.0,57,10.3,290,84,50,74
2004-12-01 17:00:00,7.0,52,7.7,290,18,104,13
2004-12-01 18:00:00,6.0,55,7.2,290,0,0,0
2004-12-01 19:00:00,6.0,55,4.1,300,0,0,0
2004-12-01 20:00:00,4.0,59,5.1,300,0,0,0
2004-12-01 21:00:00,5.0,50,3.1,280,0,0,0
2004-12-01 22:00:00,4.4,47,2.6,250,0,0,0
2004-12-01 23:00:00,4.0,45,2.1,210,0,0,0
2004-12-02 00:00:00,4.0,49,4.6,290,0,0,0
2004-12-02 01:00:00,5.0,50,5.1,290,0,0,0
2004-12-02 02:00:00,4.0,49,1.5,270,0,0,0
2004-12-02 03:00:00,2.0,57,2.6,170,0,0,0
2004-12-02 04:00:00,3.0,53,2.6,250,0,0,0
2004-12-02 05:00:00,3.0,53,3.1,280,0,0,0
2004-12-02 06:00:00,3.0,53,1.5,250,0,0,0
2004-12-02 07:00:00,2.0,62,2.6,290,0,0,0
2004-12-02 08:00:00,2.0,67,0.0,0,0,0,0
2004-12-02 09:00:00,5.0,55,3.1,310,174,565,59
2004-12-02 10:00:00,7.0,48,3.6,300,315,623,106
2004-12-02 11:00:00,8.0,48,0.0,0,332,372,173
2004-12-02 12:00:00,8.0,44,0.0,0,313,175,229
2004-12-02 13:00:00,9.0,45,0.0,0,350,287,213
2004-12-02 14:00:00,9.0,45,1.5,100,348,456,153
2004-12-02 15:00:00,9.0,45,0.0,0,301,559,114
2004-12-02 16:00:00,8.0,44,0.0,0,98,121,74
2004-12-02 17:00:00,6.0,55,0.0,0,14,92,10
2004-12-02 18:00:00,4.0,59,0.0,0,0,0,0
2004-12-02 19:00:00,2.0,73,0.0,0,0,0,0
2004-12-02 20:00:00,1.0,79,0.0,0,0,0,0
2004-12-02 21:00:00,1.0,79,0.0,0,0,0,0
2004-12-02 22:00:00,2.0,67,1.5,360,0,0,0
2004-12-02 23:00:00,-1.0,92,0.0,0,0,0,0
2004-12-03 00:00:00,-1.0,78,1.5,310,0,0,0
2004-12-03 01:00:00,0.0,78,2.1,310,0,0,0
2004-12-03 02:00:00,0.0,72,0.0,0,0,0,0
2004-12-03 03:00:00,0.0,72,1.5,280,0,0,0
2004-12-03 04:00:00,-1.0,78,2.1,180,0,0,0
2004-12-03 05:00:00,-1.0,78,2.1,230,0,0,0
2004-12-03 06:00:00,1.0,67,2.6,190,0,0,0
2004-12-03 07:00:00,1.0,72,2.1,240,0,0,0
2004-12-03 08:00:00,3.4,61,3.1,260,0,0,0
2004-12-03 09:00:00,7.0,52,4.1,270,175,601,55
2004-12-03 10:00:00,7.0,52,7.2,290,315,643,102
2004-12-03 11:00:00,7.0,56,8.7,300,326,335,183
2004-12-03 12:00:00,9.0,49,10.8,290,270,121,212
2004-12-03 13:00:00,9.0,45,10.3,300,504,700,171
2004-12-03 14:00:00,9.0,45,8.2,290,428,829,74
2004-12-03 15:00:00,8.0,44,8.2,310,290,704,56
2004-12-03 16:00:00,7.0,44,7.7,310,154,579,38
2004-12-03 17:00:00,5.0,50,3.6,310,17,215,8
2004-12-03 18:00:00,4.0,54,3.6,350,0,0,0
2004-12-03 19:00:00,3.0,49,5.1,300,0,0,0
2004-12-03 20:00:00,3.0,49,3.1,340,0,0,0
2004-12-03 21:00:00,1.0,56,3.6,320,0,0,0
2004-12-03 22:00:00,1.0,61,2.1,320,0,0,0
2004-12-03 23:00:00,-1.0,66,0.0,0,0,0,0
2004-12-04 00:00:00,-2.0,78,0.0,0,0,0,0
2004-12-04 01:00:00,-3.0,77,0.0,0,0,0,0
2004-12-04 02:00:00,-3.0,77,0.0,0,0,0,0
2004-12-04 03:00:00,-3.0,77,0.0,0,0,0,0
2004-12-04 04:00:00,-4.0,84,0.0,0,0,0,0
2004-12-04 05:00:00,-4.0,84,1.5,200,0,0,0
2004-12-04 06:00:00,-6.0,100,0.0,0,0,0,0
2004-12-04 07:00:00,-5.0,92,0.0,0,0,0,0
2004-12-04 08:00:00,-3.0,84,0.0,0,12,224,3
2004-12-04 09:00:00,1.0,67,0.0,0,176,636,50
2004-12-04 10:00:00,4.0,59,2.6,210,329,830,56
2004-12-04 11:00:00,6.1,51,3.4,190,441,897,61
2004-12-04 12:00:00,8.0,44,4.1,160,503,923,67
2004-12-04 13:00:00,8.0,48,3.6,200,480,891,59
2004-12-04 14:00:00,9.1,48,4.1,190,422,865,55
2004-12-04 15:00:00,9.0,49,4.6,180,307,762,54
2004-12-04 16:00:00,7.7,50,3.6,180,164,645,34
2004-12-04 17:00:00,6.1,52,2.5,190,14,80,10
2004-12-04 18:00:00,5.0,55,1.5,190,0,0,0
2004-12-04 19:00:00,4.0,64,0.0,0,0,0,0
2004-12-04 20:00:00,2.0,73,0.0,0,0,0,0
2004-12-04 21:00:00,2.0,73,2.1,220,0,0,0
2004-12-04 22:00:00,2.0,67,1.5,230,0,0,0
2004-12-04 23:00:00,2.0,73,2.1,230,0,0,0
2004-12-05 00:00:00,3.0,68,1.5,250,0,0,0
2004-12-05 01:00:00,3.0,68,2.1,240,0,0,0
2004-12-05 02:00:00,2.0,67,1.5,250,0,0,0
2004-12-05 03:00:00,1.2,68,0.8,310,0,0,0
2004-12-05 04:00:00,1.0,72,0.0,0,0,0,0
2004-12-05 05:00:00,-1.0,85,0.0,0,0,0,0
2004-12-05 06:00:00,1.0,72,0.0,0,0,0,0
2004-12-05 07:00:00,3.0,74,1.5,200,0,0,0
2004-12-05 08:00:00,6.0,60,0.0,0,11,206,4
2004-12-05 09:00:00,9.0,61,5.1,290,177,604,59
2004-12-05 10:00:00,12.0,50,2.6,280,316,806,53
2004-12-05 11:00:00,12.0,50,3.1,310,429,872,61
2004-12-05 12:00:00,13.0,47,5.1,290,491,911,62
2004-12-05 13:00:00,14.0,47,4.6,300,492,915,61
2004-12-05 14:00:00,14.0,47,4.1,300,422,871,53
2004-12-05 15:00:00,14.0,44,0.0,0,307,768,52
2004-12-05 16:00:00,13.0,47,0.0,0,163,628,38
2004-12-05 17:00:00,11.0,54,0.0,0,17,206,9
2004-12-05 18:00:00,7.0,66,0.0,0,0,0,0
2004-12-05 19:00:00,5.0,75,0.0,0,0,0,0
2004-12-05 20:00:00,4.0,81,0.0,0,0,0,0
2004-12-05 21:00:00,3.0,87,0.0,0,0,0,0
2004-12-05 22:00:00,5.0,75,0.0,0,0,0,0
2004-12-05 23:00:00,5.0,75,1.5,350,0,0,0
2004-12-06 00:00:00,5.0,75,0.0,0,0,0,0
2004-12-06 01:00:00,4.0,81,0.0,0,0,0,0
2004-12-06 02:00:00,4.0,81,0.0,0,0,0,0
2004-12-06 03:00:00,4.0,81,0.0,0,0,0,0
2004-12-06 04:00:00,4.0,81,0.0,0,0,0,0
2004-12-06 05:00:00,4.0,81,0.0,0,0,0,0
2004-12-06 06:00:00,4.0,81,0.0,0,0,0,0
2004-12-06 07:00:00,4.0,87,0.0,0,0,0,0
2004-12-06 08:00:00,4.0,93,1.5,60,2,0,2
2004-12-06 09:00:00,5.0,87,2.1,90,34,0,34
2004-12-06 10:00:00,7.0,81,0.0,0,206,200,142
2004-12-06 11:00:00,7.0,93,1.5,130,134,0,134
2004-12-06 12:00:00,7.0,87,2.1,140,153,0,153
2004-12-06 13:00:00,8.0,87,4.1,160,130,0,130
2004-12-06 14:00:00,8.0,87,3.1,170,114,0,114
2004-12-06 15:00:00,9.0,87,2.1,170,113,0,113
2004-12-06 16:00:00,9.0,87,0.0,0,56,0,56
2004-12-06 17:00:00,9.0,87,0.0,0,12,46,10
2004-12-06 18:00:00,9.0,87,0.0,0,0,0,0
2004-12-06 19:00:00,8.0,87,0.0,0,0,0,0
2004-12-06 20:00:00,7.0,93,0.0,0,0,0,0
2004-12-06 21:00:00,7.0,93,0.0,0,0,0,0
2004-12-06 22:00:00,7.0,93,0.0,0,0,0,0
2004-12-06 23:00:00,7.0,93,0.0,0,0,0,0
2004-12-07 00:00:00,7.0,93,0.0,0,0,0,0
2004-12-07 01:00:00,7.0,93,0.0,0,0,0,0
2004-12-07 02:00:00,6.0,100,0.0,0,0,0,0
2004-12-07 03:00:00,6.0,100,0.0,0,0,0,0
2004-12-07 04:00:00,6.0,100,0.0,0,0,0,0
2004-12-07 05:00:00,6.0,100,0.0,0,0,0,0
2004-12-07 06:00:00,6.0,100,0.0,0,0,0,0
2004-12-07 07:00:00,6.0,100,0.0,0,0,0,0
2004-12-07 08:00:00,7.0,100,0.0,0,1,0,1
2004-12-07 09:00:00,8.0,100,1.5,90,26,0,26
2004-12-07 10:00:00,8.0,100,2.1,320,48,0,48
2004-12-07 11:00:00,8.0,100,0.0,0,70,0,70
2004-12-07 12:00:00,9.0,100,0.0,0,80,0,80
2004-12-07 13:00:00,8.0,100,2.6,90,77,0,77
2004-12-07 14:00:00,11.0,100,1.5,160,68,0,68
2004-12-07 15:00:00,12.0,100,3.1,180,48,0,48
2004-12-07 16:00:00,13.0,100,3.1,180,37,0,37
2004-12-07 17:00:00,14.0,100,3.1,190,4,0,4
2004-12-07 18:00:00,14.0,100,5.7,180,0,0,0
2004-12-07 19:00:00,15.0,100,5.1,190,0,0,0
2004-12-07 20:00:00,16.0,88,4.1,190,0,0,0
2004-12-07 21:00:00,16.0,88,3.6,230,0,0,0
2004-12-07 22:00:00,16.0,94,4.1,230,0,0,0
2004-12-07 23:00:00,15.0,100,2.1,250,0,0,0
2004-12-08 00:00:00,14.0,100,3.6,310,0,0,0
2004-12-08 01:00:00,14.0,72,4.6,280,0,0,0
2004-12-08 02:00:00,14.0,67,3.6,280,0,0,0
2004-12-08 03:00:00,13.0,67,5.1,270,0,0,0
2004-12-08 04:00:00,13.0,58,5.7,280,0,0,0
2004-12-08 05:00:00,12.0,62,9.3,290,0,0,0
2004-12-08 06:00:00,12.0,58,2.1,250,0,0,0
2004-12-08 07:00:00,11.0,62,3.1,260,0,0,0
2004-12-08 08:00:00,11.0,62,4.1,290,7,99,4
2004-12-08 09:00:00,13.0,54,7.2,290,146,321,86
2004-12-08 10:00:00,13.0,54,6.2,290,318,751,77
2004-12-08 11:00:00,14.0,47,8.7,300,436,897,64
2004-12-08 12:00:00,15.0,48,7.2,290,467,839,77
2004-12-08 13:00:00,16.0,45,8.2,300,469,874,61
2004-12-08 14:00:00,16.0,45,6.2,280,428,847,72
2004-12-08 15:00:00,16.0,45,4.6,300,301,768,49
2004-12-08 16:00:00,13.0,51,3.1,340,164,639,37
2004-12-08 17:00:00,12.0,54,2.1,340,17,214,9
2004-12-08 18:00:00,9.0,66,1.5,360,0,0,0
2004-12-08 19:00:00,9.0,61,0.0,0,0,0,0
2004-12-08 20:00:00,8.0,71,3.1,340,0,0,0
2004-12-08 21:00:00,7.0,70,0.0,0,0,0,0
2004-12-08 22:00:00,5.0,81,0.0,0,0,0,0
2004-12-08 23:00:00,3.0,87,0.0,0,0,0,0
2004-12-09 00:00:00,3.0,93,0.0,0,0,0,0
2004-12-09 01:00:00,2.0,93,0.0,0,0,0,0
2004-12-09 02:00:00,1.0,93,0.0,0,0,0,0
2004-12-09 03:00:00,1.0,100,0.0,0,0,0,0
2004-12-09 04:00:00,1.0,86,0.0,0,0,0,0
2004-12-09 05:00:00,1.0,100,0.0,0,0,0,0
2004-12-09 06:00:00,0.0,85,1.5,300,0,0,0
2004-12-09 07:00:00,2.0,93,0.0,0,0,0,0
2004-12-09 08:00:00,3.0,93,0.0,0,4,31,3
2004-12-09 09:00:00,4.0,87,2.1,320,95,103,76
2004-12-09 10:00:00,6.0,81,0.0,0,138,19,132
2004-12-09 11:00:00,6.0,81,0.0,0,173,12,168
2004-12-09 12:00:00,6.0,81,0.0,0,178,6,175
2004-12-09 13:00:00,6.0,81,0.0,0,160,0,160
2004-12-09 14:00:00,6.0,93,0.0,0,131,0,131
2004-12-09 15:00:00,5.0,93,1.5,50,91,0,91
2004-12-09 16:00:00,6.0,93,0.0,0,28,0,28
2004-12-09 17:00:00,6.0,100,0.0,0,12,42,10
2004-12-09 18:00:00,6.0,93,0.0,0,0,0,0
2004-12-09 19:00:00,6.0,100,0.0,0,0,0,0
2004-12-09 20:00:00,6.0,100,1.5,300,0,0,0
2004-12-09 21:00:00,6.0,100,1.5,340,0,0,0
2004-12-09 22:00:00,6.0,100,0.0,0,0,0,0
2004-12-09 23:00:00,6.0,100,0.0,0,0,0,0
2004-12-10 00:00:00,6.0,100,1.5,320,0,0,0
2004-12-10 01:00:00,7.0,100,1.5,340,0,0,0
2004-12-10 02:00:00,7.0,100,0.0,0,0,0,0
2004-12-10 03:00:00,7.0,100,2.6,330,0,0,0
2004-12-10 04:00:00,7.1,100,2.4,340,0,0,0
2004-12-10 05:00:00,6.7,100,2.3,360,0,0,0
2004-12-10 06:00:00,7.0,100,2.1,10,0,0,0
2004-12-10 07:00:00,7.0,100,0.0,0,0,0,0
2004-12-10 08:00:00,7.0,93,0.0,0,2,0,2
2004-12-10 09:00:00,7.0,100,1.5,350,61,0,61
2004-12-10 10:00:00,7.0,100,1.5,330,104,0,104
2004-12-10 11:00:00,8.0,100,1.5,30,90,0,90
2004-12-10 12:00:00,8.0,100,1.5,10,98,0,98
2004-12-10 13:00:00,9.0,100,2.6,40,95,0,95
2004-12-10 14:00:00,9.0,100,2.1,60,80,0,80
2004-12-10 15:00:00,9.0,100,0.0,0,48,0,48
2004-12-10 16:00:00,9.0,100,0.0,0,33,0,33
2004-12-10 17:00:00,9.0,100,1.5,330,8,0,8
2004-12-10 18:00:00,8.0,100,3.1,300,0,0,0
2004-12-10 19:00:00,8.0,100,0.0,0,0,0,0
2004-12-10 20:00:00,8.0,93,0.0,0,0,0,0
2004-12-10 21:00:00,7.0,100,0.0,0,0,0,0
2004-12-10 22:00:00,6.0,100,0.0,0,0,0,0
2004-12-10 23:00:00,6.0,100,1.5,250,0,0,0
2004-12-11 00:00:00,7.0,100,0.0,0,0,0,0
2004-12-11 01:00:00,8.0,100,2.1,220,0,0,0
2004-12-11 02:00:00,7.0,100,0.0,0,0,0,0
2004-12-11 03:00:00,7.0,100,0.0,0,0,0,0
2004-12-11 04:00:00,7.0,100,1.5,190,0,0,0
2004-12-11 05:00:00,7.0,100,0.0,0,0,0,0
2004-12-11 06:00:00,7.0,100,0.0,0,0,0,0
2004-12-11 07:00:00,7.0,100,0.0,0,0,0,0
2004-12-11 08:00:00,6.0,100,0.0,0,3,17,3
2004-12-11 09:00:00,7.0,100,2.1,220,87,62,76
2004-12-11 10:00:00,7.0,100,0.0,0,49,0,49
2004-12-11 11:00:00,8.0,100,2.1,230,90,0,90
2004-12-11 12:00:00,11.0,76,5.7,290,123,0,123
2004-12-11 13:00:00,11.0,66,4.6,300,321,251,204
2004-12-11 14:00:00,11.0,66,5.1,290,405,711,108
2004-12-11 15:00:00,9.0,66,6.2,290,312,727,74
2004-12-11 16:00:00,8.0,71,4.6,290,150,529,45
2004-12-11 17:00:00,7.0,61,7.2,290,18,196,9
2004-12-11 18:00:00,5.0,70,7.2,290,0,0,0
2004-12-11 19:00:00,5.0,64,4.6,300,0,0,0
2004-12-11 20:00:00,4.0,69,5.7,300,0,0,0
2004-12-11 21:00:00,3.0,68,5.1,280,0,0,0
2004-12-11 22:00:00,4.0,64,7.2,290,0,0,0
2004-12-11 23:00:00,4.0,64,3.1,280,0,0,0
2004-12-12 00:00:00,4.0,64,7.2,290,0,0,0
2004-12-12 01:00:00,4.0,64,5.1,290,0,0,0
2004-12-12 02:00:00,3.0,68,6.2,290,0,0,0
2004-12-12 03:00:00,4.0,64,5.1,280,0,0,0
2004-12-12 04:00:00,4.0,64,5.1,280,0,0,0
2004-12-12 05:00:00,4.0,69,7.7,290,0,0,0
2004-12-12 06:00:00,4.0,69,2.6,280,0,0,0
2004-12-12 07:00:00,4.0,69,3.1,270,0,0,0
2004-12-12 08:00:00,4.0,69,0.0,0,2,0,2
2004-12-12 09:00:00,4.0,69,4.1,280,62,0,62
2004-12-12 10:00:00,6.0,65,3.1,260,125,13,121
2004-12-12 11:00:00,7.0,61,3.6,270,392,556,165
2004-12-12 12:00:00,8.0,57,4.6,260,295,187,209
2004-12-12 13:00:00,9.0,49,2.1,280,380,443,175
2004-12-12 14:00:00,8.0,57,4.1,280,314,356,166
2004-12-12 15:00:00,7.0,56,3.1,290,151,41,137
2004-12-12 16:00:00,6.0,65,0.0,0,75,11,73
2004-12-12 17:00:00,6.0,60,0.0,0,10,0,10
2004-12-12 18:00:00,6.0,70,2.1,160,0,0,0
2004-12-12 19:00:00,6.0,65,2.1,150,0,0,0
2004-12-12 20:00:00,6.0,70,3.6,200,0,0,0
2004-12-12 21:00:00,6.0,65,2.6,230,0,0,0
2004-12-12 22:00:00,6.0,60,0.0,0,0,0,0
2004-12-12 23:00:00,5.0,64,0.0,0,0,0,0
2004-12-13 00:00:00,5.0,70,2.1,210,0,0,0
2004-12-13 01:00:00,4.0,69,2.6,200,0,0,0
2004-12-13 02:00:00,5.0,70,3.1,200,0,0,0
2004-12-13 03:00:00,4.0,75,1.5,240,0,0,0
2004-12-13 04:00:00,5.0,70,2.1,190,0,0,0
2004-12-13 05:00:00,6.0,70,3.6,270,0,0,0
2004-12-13 06:00:00,6.0,70,1.5,280,0,0,0
2004-12-13 07:00:00,5.0,70,3.1,280,0,0,0
2004-12-13 08:00:00,5.0,59,9.3,280,4,87,2
2004-12-13 09:00:00,5.0,50,8.7,280,133,340,73
2004-12-13 10:00:00,6.0,47,7.2,280,257,565,82
2004-12-13 11:00:00,7.0,48,7.7,280,405,642,145
2004-12-13 12:00:00,5.0,50,6.2,270,185,48,162
2004-12-13 13:00:00,6.0,47,7.7,300,463,604,184
2004-12-13 14:00:00,6.0,47,6.7,300,257,166,188
2004-12-13 15:00:00,4.0,54,3.1,280,285,564,101
2004-12-13 16:00:00,4.0,42,5.1,270,155,568,42
2004-12-13 17:00:00,3.0,49,3.1,260,16,190,8
2004-12-13 18:00:00,3.0,49,7.7,300,0,0,0
2004-12-13 19:00:00,2.0,57,5.1,290,0,0,0
2004-12-13 20:00:00,1.0,56,6.7,280,0,0,0
2004-12-13 21:00:00,1.0,51,8.7,290,0,0,0
2004-12-13 22:00:00,1.0,51,6.7,300,0,0,0
2004-12-13 23:00:00,0.0,60,6.2,280,0,0,0
2004-12-14 00:00:00,1.0,56,5.1,290,0,0,0
2004-12-14 01:00:00,1.0,56,5.7,280,0,0,0
2004-12-14 02:00:00,0.0,60,7.7,290,0,0,0
2004-12-14 03:00:00,0.0,60,3.6,290,0,0,0
2004-12-14 04:00:00,0.0,60,7.2,290,0,0,0
2004-12-14 05:00:00,-1.0,66,7.7,290,0,0,0
2004-12-14 06:00:00,-1.0,66,4.1,300,0,0,0
2004-12-14 07:00:00,-1.0,66,6.2,300,0,0,0
2004-12-14 08:00:00,-0.6,61,6.7,310,4,139,1
2004-12-14 09:00:00,1.0,56,7.2,310,151,563,53
2004-12-14 10:00:00,2.0,52,8.2,310,306,816,55
2004-12-14 11:00:00,2.0,52,7.2,320,418,660,151
2004-12-14 12:00:00,2.0,48,7.7,310,154,0,154
2004-12-14 13:00:00,2.0,52,8.2,290,143,0,143
2004-12-14 14:00:00,2.0,52,8.7,310,269,213,180
2004-12-14 15:00:00,1.0,47,6.7,300,178,134,134
2004-12-14 16:00:00,1.0,43,7.2,310,164,403,84
2004-12-14 17:00:00,-1.0,50,4.6,310,16,97,12
2004-12-14 18:00:00,-1.0,50,2.6,310,0,0,0
2004-12-14 19:00:00,-1.0,55,6.2,310,0,0,0
2004-12-14 20:00:00,-1.0,55,7.2,310,0,0,0
2004-12-14 21:00:00,-2.0,55,5.7,300,0,0,0
2004-12-14 22:00:00,-2.0,55,7.2,310,0,0,0
2004-12-14 23:00:00,-3.0,60,5.1,310,0,0,0
2004-12-15 00:00:00,-3.0,55,6.7,310,0,0,0
2004-12-15 01:00:00,-3.0,50,8.2,320,0,0,0
2004-12-15 02:00:00,-4.0,50,6.7,330,0,0,0
2004-12-15 03:00:00,-4.0,50,6.2,320,0,0,0
2004-12-15 04:00:00,-4.3,53,4.6,320,0,0,0
2004-12-15 05:00:00,-4.9,56,3.1,330,0,0,0
2004-12-15 06:00:00,-5.0,59,1.5,330,0,0,0
2004-12-15 07:00:00,-6.0,64,2.6,310,0,0,0
2004-12-15 08:00:00,-5.1,62,3.4,300,3,133,1
2004-12-15 09:00:00,-3.0,60,4.1,290,152,558,56
2004-12-15 10:00:00,-1.0,55,5.1,310,300,779,61
2004-12-15 11:00:00,1.0,43,6.2,310,386,752,83
2004-12-15 12:00:00,1.0,47,7.7,290,468,857,77
2004-12-15 13:00:00,2.0,48,6.2,310,475,910,57
2004-12-15 14:00:00,2.0,44,4.6,300,412,824,69
2004-12-15 15:00:00,2.0,44,5.7,310,291,681,68
2004-12-15 16:00:00,1.0,47,4.6,300,164,607,43
2004-12-15 17:00:00,-1.0,50,3.6,300,18,231,8
2004-12-15 18:00:00,-2.0,50,2.1,270,0,0,0
2004-12-15 19:00:00,-2.0,60,2.6,280,0,0,0
2004-12-15 20:00:00,-3.0,65,2.1,280,0,0,0
2004-12-15 21:00:00,-4.0,54,0.0,0,0,0,0
2004-12-15 22:00:00,-4.0,65,0.0,0,0,0,0
2004-12-15 23:00:00,-5.0,65,1.5,260,0,0,0
2004-12-16 00:00:00,-6.0,77,1.5,320,0,0,0
2004-12-16 01:00:00,-7.0,84,0.0,0,0,0,0
2004-12-16 02:00:00,-8.0,77,0.0,0,0,0,0
2004-12-16 03:00:00,-9.0,92,0.0,0,0,0,0
2004-12-16 04:00:00,-8.0,77,0.0,0,0,0,0
2004-12-16 05:00:00,-8.0,84,1.5,220,0,0,0
2004-12-16 06:00:00,-8.0,77,0.0,0,0,0,0
2004-12-16 07:00:00,-9.0,92,0.0,0,0,0,0
2004-12-16 08:00:00,-7.0,84,0.0,0,3,127,1
2004-12-16 09:00:00,-4.0,71,0.0,0,153,552,59
2004-12-16 10:00:00,-1.0,60,1.5,210,293,792,52
2004-12-16 11:00:00,3.0,45,2.6,170,412,789,95
2004-12-16 12:00:00,4.0,45,2.6,170,400,556,148
2004-12-16 13:00:00,6.0,39,2.1,210,470,748,126
2004-12-16 14:00:00,7.0,37,3.1,170,406,836,58
2004-12-16 15:00:00,7.0,34,2.6,150,302,774,48
2004-12-16 16:00:00,6.0,36,3.1,180,165,635,37
2004-12-16 17:00:00,4.0,45,2.1,170,19,220,9
2004-12-16 18:00:00,3.0,45,2.6,170,0,0,0
2004-12-16 19:00:00,3.0,45,0.0,0,0,0,0
2004-12-16 20:00:00,3.0,41,2.1,160,0,0,0
2004-12-16 21:00:00,2.0,48,0.0,0,0,0,0
2004-12-16 22:00:00,2.0,48,1.5,200,0,0,0
2004-12-16 23:00:00,2.0,48,1.5,170,0,0,0
2004-12-17 00:00:00,3.0,45,1.5,220,0,0,0
2004-12-17 01:00:00,2.0,48,0.0,0,0,0,0
2004-12-17 02:00:00,2.0,57,0.0,0,0,0,0
2004-12-17 03:00:00,0.0,60,2.1,230,0,0,0
2004-12-17 04:00:00,0.0,55,2.1,280,0,0,0
2004-12-17 05:00:00,-1.0,55,0.0,0,0,0,0
2004-12-17 06:00:00,2.0,48,0.0,0,0,0,0
2004-12-17 07:00:00,1.0,47,0.0,0,0,0,0
2004-12-17 08:00:00,4.0,45,1.5,230,2,110,1
2004-12-17 09:00:00,5.0,42,2.6,260,145,497,61
2004-12-17 10:00:00,7.0,44,4.6,280,287,780,50
2004-12-17 11:00:00,7.0,48,7.7,300,406,838,70
2004-12-17 12:00:00,8.0,44,6.7,300,444,815,74
2004-12-17 13:00:00,9.0,41,5.1,290,452,838,67
2004-12-17 14:00:00,9.0,41,4.6,310,406,848,53
2004-12-17 15:00:00,8.0,41,3.6,320,302,786,44
2004-12-17 16:00:00,7.0,44,4.1,300,165,636,37
2004-12-17 17:00:00,5.0,50,1.5,350,19,229,8
2004-12-17 18:00:00,3.0,53,0.0,0,0,0,0
2004-12-17 19:00:00,2.0,57,0.0,0,0,0,0
2004-12-17 20:00:00,2.0,62,1.5,40,0,0,0
2004-12-17 21:00:00,-1.0,60,0.0,0,0,0,0
2004-12-17 22:00:00,-2.0,78,0.0,0,0,0,0
2004-12-17 23:00:00,-3.0,71,0.0,0,0,0,0
2004-12-18 00:00:00,-3.0,77,0.0,0,0,0,0
2004-12-18 01:00:00,-4.0,84,0.0,0,0,0,0
2004-12-18 02:00:00,-4.0,84,0.0,0,0,0,0
2004-12-18 03:00:00,-4.0,84,0.0,0,0,0,0
2004-12-18 04:00:00,-5.0,92,1.5,360,0,0,0
2004-12-18 05:00:00,-6.0,100,0.0,0,0,0,0
2004-12-18 06:00:00,-7.0,100,0.0,0,0,0,0
2004-12-18 07:00:00,-7.0,92,0.0,0,0,0,0
2004-12-18 08:00:00,-7.0,100,0.0,0,2,117,1
2004-12-18 09:00:00,-3.0,92,0.0,0,146,548,54
2004-12-18 10:00:00,0.0,66,0.0,0,301,811,56
2004-12-18 11:00:00,2.0,62,0.0,0,393,703,112
2004-12-18 12:00:00,4.0,59,0.0,0,345,338,192
2004-12-18 13:00:00,6.0,55,1.5,100,303,192,215
2004-12-18 14:00:00,7.0,56,1.5,150,338,456,147
2004-12-18 15:00:00,8.0,57,2.6,150,297,611,96
2004-12-18 16:00:00,7.0,61,1.5,130,170,653,38
2004-12-18 17:00:00,5.0,70,0.0,0,21,235,10
2004-12-18 18:00:00,1.0,72,1.5,320,0,0,0
2004-12-18 19:00:00,0.0,85,0.0,0,0,0,0
2004-12-18 20:00:00,-1.0,92,0.0,0,0,0,0
2004-12-18 21:00:00,-2.0,92,0.0,0,0,0,0
2004-12-18 22:00:00,-3.0,92,0.0,0,0,0,0
2004-12-18 23:00:00,-3.0,92,0.0,0,0,0,0
2004-12-19 00:00:00,-4.0,100,0.0,0,0,0,0
2004-12-19 01:00:00,-4.0,100,0.0,0,0,0,0
2004-12-19 02:00:00,-5.0,100,0.0,0,0,0,0
2004-12-19 03:00:00,-5.0,92,0.0,0,0,0,0
2004-12-19 04:00:00,-6.0,92,0.0,0,0,0,0
2004-12-19 05:00:00,-4.0,92,0.0,0,0,0,0
2004-12-19 06:00:00,-4.0,100,0.0,0,0,0,0
2004-12-19 07:00:00,-3.0,92,0.0,0,0,0,0
2004-12-19 08:00:00,-2.0,92,0.0,0,1,0,1
2004-12-19 09:00:00,-2.0,100,0.0,0,55,0,55
2004-12-19 10:00:00,-1.0,100,0.0,0,98,0,98
2004-12-19 11:00:00,1.0,86,2.6,330,71,0,71
2004-12-19 12:00:00,2.0,93,0.0,0,179,18,171
2004-12-19 13:00:00,5.0,75,0.0,0,363,365,195
2004-12-19 14:00:00,6.0,65,0.0,0,263,190,184
2004-12-19 15:00:00,6.0,70,0.0,0,92,0,92
2004-12-19 16:00:00,2.0,87,3.6,290,57,0,57
2004-12-19 17:00:00,-1.0,78,10.3,320,15,68,12
2004-12-19 18:00:00,-2.0,65,10.8,330,0,0,0
2004-12-19 19:00:00,-3.0,60,10.8,330,0,0,0
2004-12-19 20:00:00,-4.0,54,9.3,330,0,0,0
2004-12-19 21:00:00,-6.0,54,10.3,330,0,0,0
2004-12-19 22:00:00,-8.0,58,11.8,320,0,0,0
2004-12-19 23:00:00,-9.0,48,10.3,330,0,0,0
2004-12-20 00:00:00,-9.7,50,9.3,330,0,0,0
2004-12-20 01:00:00,-10.4,52,8.8,290,0,0,0
2004-12-20 02:00:00,-11.1,52,7.8,270,0,0,0
2004-12-20 03:00:00,-11.3,50,6.7,250,0,0,0
2004-12-20 04:00:00,-12.6,54,6.0,220,0,0,0
2004-12-20 05:00:00,-11.9,54,5.4,210,0,0,0
2004-12-20 06:00:00,-12.0,56,4.7,190,0,0,0
2004-12-20 07:00:00,-11.7,59,3.7,160,0,0,0
2004-12-20 08:00:00,-11.4,57,2.2,60,1,93,1
2004-12-20 09:00:00,-10.6,54,1.4,30,138,466,62
2004-12-20 10:00:00,-8.3,49,1.7,120,267,642,74
2004-12-20 11:00:00,-6.5,41,2.3,250,407,838,73
2004-12-20 12:00:00,-4.7,40,0.2,50,475,870,82
2004-12-20 13:00:00,-2.4,35,0.2,40,452,826,73
2004-12-20 14:00:00,-1.2,31,0.0,0,401,800,67
2004-12-20 15:00:00,-0.9,34,0.0,0,313,786,54
2004-12-20 16:00:00,-3.6,40,0.0,0,170,659,36
2004-12-20 17:00:00,-5.8,37,0.5,20,22,230,11
2004-12-20 18:00:00,-8.0,40,0.0,0,0,0,0
2004-12-20 19:00:00,-8.0,44,0.0,0,0,0,0
2004-12-20 20:00:00,-8.0,44,1.5,270,0,0,0
2004-12-20 21:00:00,-7.0,41,0.0,0,0,0,0
2004-12-20 22:00:00,-7.0,45,1.5,300,0,0,0
2004-12-20 23:00:00,-7.0,45,2.6,150,0,0,0
2004-12-21 00:00:00,-7.0,45,2.1,190,0,0,0
2004-12-21 01:00:00,-8.0,49,2.6,160,0,0,0
2004-12-21 02:00:00,-8.0,49,2.1,160,0,0,0
2004-12-21 03:00:00,-8.0,49,1.5,170,0,0,0
2004-12-21 04:00:00,-9.0,58,1.5,160,0,0,0
2004-12-21 05:00:00,-9.3,58,1.8,170,0,0,0
2004-12-21 06:00:00,-9.0,58,2.1,170,0,0,0
2004-12-21 07:00:00,-9.0,70,1.5,170,0,0,0
2004-12-21 08:00:00,-9.0,64,0.0,0,1,81,0
2004-12-21 09:00:00,-7.0,54,0.0,0,129,417,62
2004-12-21 10:00:00,-3.0,46,2.1,220,288,718,74
2004-12-21 11:00:00,-1.0,39,2.1,200,368,704,89
2004-12-21 12:00:00,2.0,34,2.1,170,419,725,92
2004-12-21 13:00:00,4.0,35,3.6,180,411,623,125
2004-12-21 14:00:00,6.0,33,2.1,220,412,723,110
2004-12-21 15:00:00,7.0,37,2.6,190,238,350,122
2004-12-21 16:00:00,6.0,39,2.1,180,119,216,74
2004-12-21 17:00:00,5.0,39,0.0,0,20,118,14
2004-12-21 18:00:00,2.0,52,0.0,0,0,0,0
2004-12-21 19:00:00,0.0,55,0.0,0,0,0,0
2004-12-21 20:00:00,-1.0,60,0.0,0,0,0,0
2004-12-21 21:00:00,-2.0,71,0.0,0,0,0,0
2004-12-21 22:00:00,-1.0,55,0.0,0,0,0,0
2004-12-21 23:00:00,-1.0,55,1.5,350,0,0,0
2004-12-22 00:00:00,-2.0,65,0.0,0,0,0,0
2004-12-22 01:00:00,-3.0,65,0.0,0,0,0,0
2004-12-22 02:00:00,-3.0,71,0.0,0,0,0,0
2004-12-22 03:00:00,-2.0,65,0.0,0,0,0,0
2004-12-22 04:00:00,-2.0,60,1.5,290,0,0,0
2004-12-22 05:00:00,-3.0,65,0.0,0,0,0,0
2004-12-22 06:00:00,-3.0,71,0.0,0,0,0,0
2004-12-22 07:00:00,-3.0,71,0.0,0,0,0,0
2004-12-22 08:00:00,-2.0,65,0.0,0,1,94,0
2004-12-22 09:00:00,1.0,61,0.0,0,139,503,58
2004-12-22 10:00:00,5.0,59,3.1,170,288,781,56
2004-12-22 11:00:00,7.0,52,2.1,170,394,857,54
2004-12-22 12:00:00,10.4,48,5.1,200,450,834,74
2004-12-22 13:00:00,13.0,44,4.6,170,470,898,58
2004-12-22 14:00:00,15.0,39,5.1,190,418,836,69
2004-12-22 15:00:00,14.8,36,5.4,190,303,752,53
2004-12-22 16:00:00,14.0,35,5.7,180,171,643,38
2004-12-22 17:00:00,12.0,40,5.1,180,23,258,10
2004-12-22 18:00:00,11.0,50,4.6,170,0,0,0
2004-12-22 19:00:00,11.0,50,3.1,160,0,0,0
2004-12-22 20:00:00,11.0,54,3.1,160,0,0,0
2004-12-22 21:00:00,11.0,58,3.6,150,0,0,0
2004-12-22 22:00:00,10.0,62,1.5,130,0,0,0
2004-12-22 23:00:00,10.0,71,3.6,140,0,0,0
2004-12-23 00:00:00,10.0,76,2.6,140,0,0,0
2004-12-23 01:00:00,9.0,87,2.6,140,0,0,0
2004-12-23 02:00:00,10.0,87,3.6,140,0,0,0
2004-12-23 03:00:00,9.0,87,4.1,140,0,0,0
2004-12-23 04:00:00,11.0,82,4.6,140,0,0,0
2004-12-23 05:00:00,11.0,87,5.1,160,0,0,0
2004-12-23 06:00:00,11.0,87,4.1,160,0,0,0
2004-12-23 07:00:00,11.0,100,5.7,160,0,0,0
2004-12-23 08:00:00,12.0,94,5.1,150,0,0,0
2004-12-23 09:00:00,12.0,100,5.7,150,37,0,37
2004-12-23 10:00:00,13.0,100,5.7,150,176,164,127
2004-12-23 11:00:00,13.0,100,8.2,140,168,31,156
2004-12-23 12:00:00,14.0,100,8.7,160,105,0,105
2004-12-23 13:00:00,14.0,100,3.1,200,179,12,173
2004-12-23 14:00:00,11.0,100,4.1,280,103,0,103
2004-12-23 15:00:00,11.0,87,3.1,270,49,0,49
2004-12-23 16:00:00,8.0,81,8.2,290,86,56,74
2004-12-23 17:00:00,6.0,70,11.8,300,5,0,5
2004-12-23 18:00:00,4.0,69,9.3,290,0,0,0
2004-12-23 19:00:00,3.0,68,10.8,300,0,0,0
2004-12-23 20:00:00,2.0,67,8.7,310,0,0,0
2004-12-23 21:00:00,1.0,72,7.7,310,0,0,0
2004-12-23 22:00:00,1.0,61,9.3,310,0,0,0
2004-12-23 23:00:00,-1.0,66,5.1,320,0,0,0
2004-12-24 00:00:00,-1.0,66,7.7,330,0,0,0
2004-12-24 01:00:00,-1.0,60,7.2,320,0,0,0
2004-12-24 02:00:00,-2.0,60,5.7,330,0,0,0
2004-12-24 03:00:00,-2.0,60,4.6,320,0,0,0
2004-12-24 04:00:00,-3.0,65,5.1,320,0,0,0
2004-12-24 05:00:00,-3.0,65,5.1,320,0,0,0
2004-12-24 06:00:00,-3.0,60,4.1,320,0,0,0
2004-12-24 07:00:00,-3.0,50,6.2,330,0,0,0
2004-12-24 08:00:00,-4.0,54,6.2,320,0,40,0
2004-12-24 09:00:00,-4.0,59,6.2,320,103,228,67
2004-12-24 10:00:00,-2.0,55,4.6,330,225,435,97
2004-12-24 11:00:00,-2.0,55,5.7,330,349,471,163
2004-12-24 12:00:00,-2.0,50,4.6,310,259,121,205
2004-12-24 13:00:00,-2.0,55,4.1,320,375,437,174
2004-12-24 14:00:00,-2.0,50,3.1,340,338,421,162
2004-12-24 15:00:00,-1.0,46,3.1,340,173,93,142
2004-12-24 16:00:00,-1.0,46,2.6,330,95,61,83
2004-12-24 17:00:00,-2.0,46,0.0,0,14,17,14
2004-12-24 18:00:00,-3.0,50,0.0,0,0,0,0
2004-12-24 19:00:00,-4.0,65,0.0,0,0,0,0
2004-12-24 20:00:00,-6.0,77,0.0,0,0,0,0
2004-12-24 21:00:00,-6.0,77,0.0,0,0,0,0
2004-12-24 22:00:00,-7.0,77,0.0,0,0,0,0
2004-12-24 23:00:00,-6.0,70,0.0,0,0,0,0
2004-12-25 00:00:00,-7.0,70,0.0,0,0,0,0
2004-12-25 01:00:00,-6.0,77,0.0,0,0,0,0
2004-12-25 02:00:00,-7.0,70,0.0,0,0,0,0
2004-12-25 03:00:00,-8.0,70,0.0,0,0,0,0
2004-12-25 04:00:00,-9.0,100,0.0,0,0,0,0
2004-12-25 05:00:00,-9.0,84,0.0,0,0,0,0
2004-12-25 06:00:00,-8.0,77,0.0,0,0,0,0
2004-12-25 07:00:00,-8.0,77,1.5,340,0,0,0
2004-12-25 08:00:00,-8.0,77,0.0,0,0,85,0
2004-12-25 09:00:00,-5.0,65,1.5,360,132,492,54
2004-12-25 10:00:00,-4.0,59,3.1,340,282,763,57
2004-12-25 11:00:00,-3.0,50,5.1,330,394,777,87
2004-12-25 12:00:00,-2.0,46,4.1,340,414,665,113
2004-12-25 13:00:00,-2.0,46,2.1,50,459,779,100
2004-12-25 14:00:00,-2.0,42,2.1,330,396,777,69
2004-12-25 15:00:00,-1.0,39,0.0,0,309,758,55
2004-12-25 16:00:00,-2.0,38,0.0,0,172,640,37
2004-12-25 17:00:00,-3.0,46,0.0,0,27,272,12
2004-12-25 18:00:00,-4.0,50,0.0,0,0,0,0
2004-12-25 19:00:00,-4.0,54,0.0,0,0,0,0
2004-12-25 20:00:00,-5.0,49,2.1,360,0,0,0
2004-12-25 21:00:00,-6.0,64,0.0,0,0,0,0
2004-12-25 22:00:00,-6.6,61,0.0,0,0,0,0
2004-12-25 23:00:00,-7.0,59,0.0,0,0,0,0
2004-12-26 00:00:00,-7.0,59,2.6,360,0,0,0
2004-12-26 01:00:00,-7.0,59,2.1,350,0,0,0
2004-12-26 02:00:00,-8.0,64,0.0,0,0,0,0
2004-12-26 03:00:00,-8.0,64,2.1,360,0,0,0
2004-12-26 04:00:00,-8.0,64,2.6,360,0,0,0
2004-12-26 05:00:00,-8.0,64,3.1,360,0,0,0
2004-12-26 06:00:00,-8.0,70,2.1,360,0,0,0
2004-12-26 07:00:00,-8.0,70,2.1,350,0,0,0
2004-12-26 08:00:00,-7.0,64,2.6,350,0,22,0
2004-12-26 09:00:00,-7.0,70,2.6,360,94,128,74
2004-12-26 10:00:00,-5.0,59,5.7,320,148,69,128
2004-12-26 11:00:00,-4.0,54,3.1,350,226,92,190
2004-12-26 12:00:00,-2.0,50,3.6,360,266,97,222
2004-12-26 13:00:00,-2.0,55,2.6,350,340,300,202
2004-12-26 14:00:00,-2.0,55,6.2,330,379,593,128
2004-12-26 15:00:00,-2.0,46,5.1,320,250,344,134
2004-12-26 16:00:00,-2.0,46,5.1,330,72,6,71
2004-12-26 17:00:00,-2.0,46,3.6,330,10,0,10
2004-12-26 18:00:00,-2.0,50,3.6,330,0,0,0
2004-12-26 19:00:00,-2.0,46,4.1,330,0,0,0
2004-12-26 20:00:00,-2.0,55,2.6,330,0,0,0
2004-12-26 21:00:00,-2.0,55,4.6,330,0,0,0
2004-12-26 22:00:00,-3.0,60,5.7,310,0,0,0
2004-12-26 23:00:00,-3.0,60,5.1,310,0,0,0
2004-12-27 00:00:00,-3.0,65,0.0,0,0,0,0
2004-12-27 01:00:00,-2.0,65,5.7,320,0,0,0
2004-12-27 02:00:00,-3.0,65,4.1,310,0,0,0
2004-12-27 03:00:00,-3.0,65,3.6,320,0,0,0
2004-12-27 04:00:00,-3.0,60,5.7,330,0,0,0
2004-12-27 05:00:00,-4.0,50,9.3,330,0,0,0
2004-12-27 06:00:00,-5.0,49,10.3,330,0,0,0
2004-12-27 07:00:00,-6.0,54,9.3,330,0,0,0
2004-12-27 08:00:00,-6.0,50,9.2,330,0,0,0
2004-12-27 09:00:00,-4.8,46,9.1,320,142,529,59
2004-12-27 10:00:00,-3.6,42,9.0,320,282,770,56
2004-12-27 11:00:00,-2.7,37,8.9,320,395,833,66
2004-12-27 12:00:00,-1.9,34,8.8,310,426,719,101
2004-12-27 13:00:00,-2.0,32,8.7,310,429,677,117
2004-12-27 14:00:00,-0.9,30,8.2,320,413,765,90
2004-12-27 15:00:00,-1.0,29,7.7,330,331,829,51
2004-12-27 16:00:00,-2.0,30,5.8,330,183,663,40
2004-12-27 17:00:00,-3.2,32,4.0,340,28,260,12
2004-12-27 18:00:00,-4.0,34,2.1,340,0,0,0
2004-12-27 19:00:00,-5.0,41,2.6,330,0,0,0
2004-12-27 20:00:00,-6.0,49,2.1,330,0,0,0
2004-12-27 21:00:00,-6.0,54,2.1,330,0,0,0
2004-12-27 22:00:00,-6.0,54,0.0,0,0,0,0
2004-12-27 23:00:00,-8.0,70,2.1,300,0,0,0
2004-12-28 00:00:00,-8.0,64,1.5,310,0,0,0
2004-12-28 01:00:00,-8.0,64,2.6,320,0,0,0
2004-12-28 02:00:00,-8.0,64,2.1,300,0,0,0
2004-12-28 03:00:00,-9.0,77,3.1,290,0,0,0
2004-12-28 04:00:00,-8.0,70,0.0,0,0,0,0
2004-12-28 05:00:00,-9.0,70,0.0,0,0,0,0
2004-12-28 06:00:00,-9.0,77,0.0,0,0,0,0
2004-12-28 07:00:00,-11.0,84,0.0,0,0,0,0
2004-12-28 08:00:00,-10.0,76,0.0,0,0,0,0
2004-12-28 09:00:00,-6.0,70,1.5,190,114,336,61
2004-12-28 10:00:00,-4.1,59,2.7,190,191,202,131
2004-12-28 11:00:00,-2.5,50,3.9,180,330,478,141
2004-12-28 12:00:00,-1.0,42,5.1,180,420,731,89
2004-12-28 13:00:00,1.0,40,4.6,170,429,719,97
2004-12-28 14:00:00,1.0,40,5.7,180,408,754,88
2004-12-28 15:00:00,1.0,40,5.1,180,299,683,67
2004-12-28 16:00:00,1.0,40,3.6,190,159,508,49
2004-12-28 17:00:00,-0.2,42,3.4,180,24,129,15
2004-12-28 18:00:00,-1.0,46,3.1,170,0,0,0
2004-12-28 19:00:00,-1.0,50,3.1,170,0,0,0
2004-12-28 20:00:00,-1.0,46,3.6,180,0,0,0
2004-12-28 21:00:00,-1.0,55,2.6,180,0,0,0
2004-12-28 22:00:00,-1.0,55,2.1,190,0,0,0
2004-12-28 23:00:00,0.0,51,2.6,190,0,0,0
2004-12-29 00:00:00,0.0,51,0.0,0,0,0,0
2004-12-29 01:00:00,0.0,51,0.0,0,0,0,0
2004-12-29 02:00:00,0.0,51,0.0,0,0,0,0
2004-12-29 03:00:00,-1.0,60,1.5,190,0,0,0
2004-12-29 04:00:00,-1.0,60,0.0,0,0,0,0
2004-12-29 05:00:00,-1.3,62,0.5,60,0,0,0
2004-12-29 06:00:00,-0.9,63,1.0,120,0,0,0
2004-12-29 07:00:00,-1.0,66,1.5,180,0,0,0
2004-12-29 08:00:00,0.0,60,0.0,0,0,0,0
2004-12-29 09:00:00,1.0,56,0.0,0,105,129,85
2004-12-29 10:00:00,2.0,62,0.0,0,113,6,111
2004-12-29 11:00:00,6.0,47,2.1,200,214,98,175
2004-12-29 12:00:00,9.0,41,1.5,190,476,689,163
2004-12-29 13:00:00,10.0,42,1.5,200,376,407,187
2004-12-29 14:00:00,12.0,40,2.1,200,322,344,175
2004-12-29 15:00:00,12.0,47,2.1,240,147,93,115
2004-12-29 16:00:00,12.0,47,2.6,270,169,424,76
2004-12-29 17:00:00,10.0,54,0.0,0,29,247,13
2004-12-29 18:00:00,9.0,57,0.0,0,0,0,0
2004-12-29 19:00:00,7.0,66,0.0,0,0,0,0
2004-12-29 20:00:00,7.0,66,0.0,0,0,0,0
2004-12-29 21:00:00,6.0,70,0.0,0,0,0,0
2004-12-29 22:00:00,6.0,70,0.0,0,0,0,0
2004-12-29 23:00:00,5.0,75,0.0,0,0,0,0
2004-12-30 00:00:00,4.0,81,0.0,0,0,0,0
2004-12-30 01:00:00,4.0,81,0.0,0,0,0,0
2004-12-30 02:00:00,1.0,86,0.0,0,0,0,0
2004-12-30 03:00:00,0.0,92,0.0,0,0,0,0
2004-12-30 04:00:00,-1.0,92,0.0,0,0,0,0
2004-12-30 05:00:00,-2.0,92,0.0,0,0,0,0
2004-12-30 06:00:00,-2.0,100,0.0,0,0,0,0
2004-12-30 07:00:00,-1.0,92,0.0,0,0,0,0
2004-12-30 08:00:00,1.0,93,0.0,0,0,0,0
2004-12-30 09:00:00,2.0,87,0.0,0,96,93,81
2004-12-30 10:00:00,3.0,87,0.0,0,78,0,78
2004-12-30 11:00:00,4.0,81,0.0,0,123,0,123
2004-12-30 12:00:00,6.0,70,0.0,0,111,0,111
2004-12-30 13:00:00,6.0,70,0.0,0,161,6,158
2004-12-30 14:00:00,7.0,70,2.6,100,224,83,189
2004-12-30 15:00:00,7.0,70,1.5,100,120,0,120
2004-12-30 16:00:00,7.0,70,0.0,0,87,17,83
2004-12-30 17:00:00,7.0,70,0.0,0,16,0,16
2004-12-30 18:00:00,7.0,70,0.0,0,0,0,0
2004-12-30 19:00:00,7.0,66,0.0,0,0,0,0
2004-12-30 20:00:00,6.0,70,0.0,0,0,0,0
2004-12-30 21:00:00,5.0,81,0.0,0,0,0,0
2004-12-30 22:00:00,6.0,75,2.1,150,0,0,0
2004-12-30 23:00:00,6.0,75,2.6,150,0,0,0
2004-12-31 00:00:00,6.0,75,3.1,140,0,0,0
2004-12-31 01:00:00,5.0,81,2.1,140,0,0,0
2004-12-31 02:00:00,5.0,87,2.6,150,0,0,0
2004-12-31 03:00:00,4.0,93,2.6,160,0,0,0
2004-12-31 04:00:00,4.0,87,0.0,0,0,0,0
2004-12-31 05:00:00,4.0,93,0.0,0,0,0,0
2004-12-31 06:00:00,4.0,93,1.5,150,0,0,0
2004-12-31 07:00:00,3.0,93,0.0,0,0,0,0
2004-12-31 08:00:00,3.0,100,1.5,170,0,0,0
2004-12-31 09:00:00,4.0,93,2.1,180,57,0,57
2004-12-31 10:00:00,7.0,93,3.6,180,248,417,125
2004-12-31 11:00:00,8.0,87,5.7,180,376,735,84
2004-12-31 12:00:00,12.0,67,3.6,200,482,870,86
2004-12-31 13:00:00,13.2,62,4.9,190,495,923,65
2004-12-31 14:00:00,15.0,59,6.2,180,443,896,58
2004-12-31 15:00:00,15.0,59,4.6,210,343,812,63
2004-12-31 16:00:00,14.0,63,3.1,190,179,632,39
2004-12-31 17:00:00,13.0,62,3.1,190,33,269,15
2004-12-31 18:00:00,12.0,62,2.1,170,0,0,0
2004-12-31 19:00:00,11.0,62,2.1,180,0,0,0
2004-12-31 20:00:00,10.0,76,2.6,180,0,0,0
2004-12-31 21:00:00,9.0,81,2.1,190,0,0,0
2004-12-31 22:00:00,8.0,81,1.5,190,0,0,0
2004-12-31 23:00:00,6.0,93,0.0,0,0,0,0
2005-01-01 00:00:00,5.0,93,0.0,0,0,0,0
