date_time,Dry Bulb Temperature [°C],Relative Humidity [%],Wind Speed [m/s],Wind Direction [Deg],Global Horizontal Radiation [W/m2],Direct Normal Radiation [W/m2],Diffuse Horizontal Radiation [W/m2]
2005-01-01 01:00:00,10.0,71,2.6,260,0,0,0
2005-01-01 02:00:00,9.0,71,3.6,250,0,0,0
2005-01-01 03:00:00,6.0,81,1.5,250,0,0,0
2005-01-01 04:00:00,6.0,87,1.5,240,0,0,0
2005-01-01 05:00:00,6.0,87,3.1,260,0,0,0
2005-01-01 06:00:00,4.0,87,1.5,210,0,0,0
2005-01-01 07:00:00,5.0,93,1.0,240,0,0,0
2005-01-01 08:00:00,4.0,93,1.5,220,1,98,0
2005-01-01 09:00:00,10.0,76,2.6,240,139,509,54
2005-01-01 10:00:00,14.0,63,3.1,280,281,699,69
2005-01-01 11:00:00,15.0,59,3.1,290,375,716,85
2005-01-01 12:00:00,18.0,52,4.6,290,451,785,88
2005-01-01 13:00:00,19.0,49,3.6,280,447,755,92
2005-01-01 14:00:00,20.0,49,3.6,300,402,736,84
2005-01-01 15:00:00,19.0,49,5.7,320,316,724,65
2005-01-01 16:00:00,18.0,52,4.6,340,174,576,47
2005-01-01 17:00:00,16.0,55,3.1,350,32,261,15
2005-01-01 18:00:00,14.0,63,1.5,340,0,0,0
2005-01-01 19:00:00,9.0,76,0.0,0,0,0,0
2005-01-01 20:00:00,7.0,81,1.0,360,0,0,0
2005-01-01 21:00:00,6.0,81,1.5,60,0,0,0
2005-01-01 22:00:00,5.0,81,0.0,0,0,0,0
2005-01-01 23:00:00,8.0,81,4.6,70,0,0,0
2005-01-02 00:00:00,9.0,71,6.2,80,0,0,0
2005-01-02 01:00:00,8.0,71,3.6,100,0,0,0
2005-01-02 02:00:00,7.0,70,4.1,100,0,0,0
2005-01-02 03:00:00,7.0,66,4.1,110,0,0,0
2005-01-02 04:00:00,6.0,65,3.1,90,0,0,0
2005-01-02 05:00:00,5.0,64,3.1,80,0,0,0
2005-01-02 06:00:00,5.0,64,3.1,80,0,0,0
2005-01-02 07:00:00,4.0,69,3.6,90,0,0,0
2005-01-02 08:00:00,4.0,69,3.1,30,0,0,0
2005-01-02 09:00:00,4.0,69,3.6,80,46,0,46
2005-01-02 10:00:00,4.0,75,3.6,70,63,0,63
2005-01-02 11:00:00,5.0,75,3.1,100,71,0,71
2005-01-02 12:00:00,6.0,75,2.1,120,74,0,74
2005-01-02 13:00:00,6.0,75,2.1,140,89,0,89
2005-01-02 14:00:00,7.0,70,1.5,120,86,0,86
2005-01-02 15:00:00,7.0,76,1.5,120,153,41,138
2005-01-02 16:00:00,7.0,76,2.1,120,44,0,44
2005-01-02 17:00:00,7.0,76,1.0,100,25,48,21
2005-01-02 18:00:00,6.0,81,1.5,140,0,0,0
2005-01-02 19:00:00,6.0,81,1.5,100,0,0,0
2005-01-02 20:00:00,5.0,87,0.0,0,0,0,0
2005-01-02 21:00:00,5.0,87,0.0,0,0,0,0
2005-01-02 22:00:00,4.0,87,0.0,0,0,0,0
2005-01-02 23:00:00,2.0,93,1.5,190,0,0,0
2005-01-03 00:00:00,5.0,93,2.1,210,0,0,0
2005-01-03 01:00:00,6.0,93,2.1,210,0,0,0
2005-01-03 02:00:00,7.0,87,2.1,240,0,0,0
2005-01-03 03:00:00,7.0,87,3.1,230,0,0,0
2005-01-03 04:00:00,8.0,81,3.1,240,0,0,0
2005-01-03 05:00:00,8.0,81,3.1,240,0,0,0
2005-01-03 06:00:00,6.0,87,2.6,220,0,0,0
2005-01-03 07:00:00,6.0,87,2.1,230,0,0,0
2005-01-03 08:00:00,6.0,87,1.5,190,1,65,0
2005-01-03 09:00:00,8.0,87,3.1,220,120,339,64
2005-01-03 10:00:00,11.0,76,3.1,230,274,636,81
2005-01-03 11:00:00,12.0,71,3.1,230,394,667,123
2005-01-03 12:00:00,16.0,63,2.1,230,309,205,213
2005-01-03 13:00:00,18.0,59,3.6,200,424,539,168
2005-01-03 14:00:00,19.0,56,3.6,220,385,540,150
2005-01-03 15:00:00,18.0,59,3.6,200,180,88,149
2005-01-03 16:00:00,18.0,59,3.1,230,53,0,53
2005-01-03 17:00:00,17.0,63,2.1,180,23,44,19
2005-01-03 18:00:00,16.0,68,2.6,200,0,0,0
2005-01-03 19:00:00,16.0,72,3.6,220,0,0,0
2005-01-03 20:00:00,17.0,68,6.7,220,0,0,0
2005-01-03 21:00:00,17.0,68,7.2,230,0,0,0
2005-01-03 22:00:00,17.0,68,6.2,230,0,0,0
2005-01-03 23:00:00,16.0,77,6.2,240,0,0,0
2005-01-04 00:00:00,16.0,77,6.2,220,0,0,0
2005-01-04 01:00:00,16.0,77,6.2,240,0,0,0
2005-01-04 02:00:00,16.0,77,6.2,240,0,0,0
2005-01-04 03:00:00,16.0,77,4.6,240,0,0,0
2005-01-04 04:00:00,16.0,75,5.4,250,0,0,0
2005-01-04 05:00:00,16.0,72,6.2,250,0,0,0
2005-01-04 06:00:00,15.0,77,4.6,250,0,0,0
2005-01-04 07:00:00,15.0,77,5.1,250,0,0,0
2005-01-04 08:00:00,14.0,82,3.1,250,0,0,0
2005-01-04 09:00:00,15.0,77,2.6,250,46,0,46
2005-01-04 10:00:00,16.0,72,3.6,250,204,220,137
2005-01-04 11:00:00,18.0,68,4.6,250,226,110,181
2005-01-04 12:00:00,19.0,64,4.6,250,377,405,188
2005-01-04 13:00:00,19.0,64,3.6,50,382,425,179
2005-01-04 14:00:00,19.0,64,4.6,30,288,190,204
2005-01-04 15:00:00,18.0,68,3.1,80,246,286,144
2005-01-04 16:00:00,15.0,72,4.1,70,102,67,87
2005-01-04 17:00:00,13.0,77,3.6,60,32,130,22
2005-01-04 18:00:00,12.0,76,3.6,70,0,0,0
2005-01-04 19:00:00,11.0,82,4.1,90,0,0,0
2005-01-04 20:00:00,11.0,76,2.1,80,0,0,0
2005-01-04 21:00:00,9.0,87,2.1,80,0,0,0
2005-01-04 22:00:00,10.0,82,2.1,60,0,0,0
2005-01-04 23:00:00,9.0,87,2.1,80,0,0,0
2005-01-05 00:00:00,9.0,87,2.1,90,0,0,0
2005-01-05 01:00:00,9.0,87,2.1,110,0,0,0
2005-01-05 02:00:00,8.0,93,2.1,100,0,0,0
2005-01-05 03:00:00,8.0,93,3.1,100,0,0,0
2005-01-05 04:00:00,8.0,93,3.1,130,0,0,0
2005-01-05 05:00:00,8.0,93,3.1,100,0,0,0
2005-01-05 06:00:00,8.0,93,1.5,60,0,0,0
2005-01-05 07:00:00,8.0,93,2.6,100,0,0,0
2005-01-05 08:00:00,8.0,93,2.6,90,0,0,0
2005-01-05 09:00:00,8.0,93,3.6,90,28,0,28
2005-01-05 10:00:00,7.0,100,3.1,100,56,0,56
2005-01-05 11:00:00,8.0,93,3.6,80,65,0,65
2005-01-05 12:00:00,8.0,93,3.1,90,74,0,74
2005-01-05 13:00:00,8.0,93,2.6,80,78,0,78
2005-01-05 14:00:00,7.0,100,3.6,60,69,0,69
2005-01-05 15:00:00,7.0,100,3.1,70,55,0,55
2005-01-05 16:00:00,6.0,93,5.1,70,34,0,34
2005-01-05 17:00:00,5.0,93,5.1,70,26,90,20
2005-01-05 18:00:00,4.0,93,3.6,80,0,0,0
2005-01-05 19:00:00,4.0,93,4.1,80,0,0,0
2005-01-05 20:00:00,4.0,93,3.6,80,0,0,0
2005-01-05 21:00:00,3.0,100,3.1,100,0,0,0
2005-01-05 22:00:00,3.0,100,3.1,100,0,0,0
2005-01-05 23:00:00,2.7,100,4.0,250,0,0,0
2005-01-06 00:00:00,2.9,100,1.5,70,0,0,0
2005-01-06 01:00:00,2.6,100,2.6,230,0,0,0
2005-01-06 02:00:00,2.3,100,1.9,210,0,0,0
2005-01-06 03:00:00,3.0,100,3.2,200,0,0,0
2005-01-06 04:00:00,2.7,98,3.3,200,0,0,0
2005-01-06 05:00:00,2.9,96,3.8,170,0,0,0
2005-01-06 06:00:00,2.6,97,0.8,130,0,0,0
2005-01-06 07:00:00,2.8,99,1.1,140,0,0,0
2005-01-06 08:00:00,3.0,100,1.5,110,0,0,0
2005-01-06 09:00:00,3.0,100,1.5,80,28,0,28
2005-01-06 10:00:00,4.0,93,2.1,80,56,0,56
2005-01-06 11:00:00,4.0,100,1.5,60,84,0,84
2005-01-06 12:00:00,5.0,93,1.0,150,93,0,93
2005-01-06 13:00:00,5.0,100,2.6,200,78,0,78
2005-01-06 14:00:00,6.0,100,2.1,230,81,0,81
2005-01-06 15:00:00,7.0,93,0.0,0,55,0,55
2005-01-06 16:00:00,7.0,100,1.5,150,73,0,73
2005-01-06 17:00:00,8.0,93,3.1,330,27,59,22
2005-01-06 18:00:00,7.0,100,3.1,330,0,0,0
2005-01-06 19:00:00,7.0,93,1.0,350,0,0,0
2005-01-06 20:00:00,7.0,93,1.0,360,0,0,0
2005-01-06 21:00:00,7.0,93,1.0,20,0,0,0
2005-01-06 22:00:00,7.0,93,1.5,30,0,0,0
2005-01-06 23:00:00,7.0,93,4.1,340,0,0,0
2005-01-07 00:00:00,7.0,93,0.0,0,0,0,0
2005-01-07 01:00:00,6.0,100,3.1,330,0,0,0
2005-01-07 02:00:00,6.0,93,2.6,330,0,0,0
2005-01-07 03:00:00,7.0,76,5.1,340,0,0,0
2005-01-07 04:00:00,6.0,65,6.2,350,0,0,0
2005-01-07 05:00:00,6.0,60,8.2,340,0,0,0
2005-01-07 06:00:00,5.0,59,4.6,340,0,0,0
2005-01-07 07:00:00,5.0,59,5.1,350,0,0,0
2005-01-07 08:00:00,5.0,59,6.7,330,0,0,0
2005-01-07 09:00:00,5.0,64,5.1,340,65,0,65
2005-01-07 10:00:00,6.0,65,6.7,10,274,478,127
2005-01-07 11:00:00,6.0,60,6.2,10,310,337,172
2005-01-07 12:00:00,7.0,52,3.6,320,402,477,177
2005-01-07 13:00:00,8.0,48,3.6,340,478,761,111
2005-01-07 14:00:00,7.0,52,2.1,40,432,624,155
2005-01-07 15:00:00,7.0,52,2.6,360,186,88,154
2005-01-07 16:00:00,8.0,48,0.0,0,59,0,59
2005-01-07 17:00:00,7.0,56,1.0,140,43,161,30
2005-01-07 18:00:00,5.0,64,3.6,130,0,0,0
2005-01-07 19:00:00,5.0,64,2.6,150,0,0,0
2005-01-07 20:00:00,5.0,64,1.5,120,0,0,0
2005-01-07 21:00:00,5.0,64,1.5,100,0,0,0
2005-01-07 22:00:00,4.0,69,2.1,110,0,0,0
2005-01-07 23:00:00,4.0,75,2.1,120,0,0,0
2005-01-08 00:00:00,4.0,75,1.5,120,0,0,0
2005-01-08 01:00:00,4.0,75,1.5,120,0,0,0
2005-01-08 02:00:00,4.0,87,3.1,120,0,0,0
2005-01-08 03:00:00,4.0,93,2.6,140,0,0,0
2005-01-08 04:00:00,4.0,87,3.1,130,0,0,0
2005-01-08 05:00:00,3.0,93,2.6,130,0,0,0
2005-01-08 06:00:00,3.0,93,3.6,170,0,0,0
2005-01-08 07:00:00,4.0,93,3.1,160,0,0,0
2005-01-08 08:00:00,5.0,93,4.6,150,0,0,0
2005-01-08 09:00:00,5.0,93,0.0,0,28,0,28
2005-01-08 10:00:00,5.0,100,1.5,200,49,0,49
2005-01-08 11:00:00,6.0,93,2.1,300,65,0,65
2005-01-08 12:00:00,6.0,100,3.1,290,74,0,74
2005-01-08 13:00:00,7.0,93,4.1,260,90,0,90
2005-01-08 14:00:00,8.0,93,4.6,300,110,0,110
2005-01-08 15:00:00,8.0,93,3.1,300,99,0,99
2005-01-08 16:00:00,10.0,76,9.3,310,197,456,88
2005-01-08 17:00:00,10.0,57,9.8,340,47,324,19
2005-01-08 18:00:00,8.0,61,5.7,350,0,0,0
2005-01-08 19:00:00,7.0,66,5.7,350,0,0,0
2005-01-08 20:00:00,7.0,61,6.7,330,0,0,0
2005-01-08 21:00:00,6.0,65,4.6,350,0,0,0
2005-01-08 22:00:00,5.0,70,4.6,360,0,0,0
2005-01-08 23:00:00,4.0,69,2.6,340,0,0,0
2005-01-09 00:00:00,3.0,74,3.1,340,0,0,0
2005-01-09 01:00:00,2.0,80,2.1,360,0,0,0
2005-01-09 02:00:00,1.0,79,1.5,360,0,0,0
2005-01-09 03:00:00,1.0,79,2.6,350,0,0,0
2005-01-09 04:00:00,0.0,85,3.1,350,0,0,0
2005-01-09 05:00:00,1.0,79,3.1,350,0,0,0
2005-01-09 06:00:00,0.0,72,3.1,350,0,0,0
2005-01-09 07:00:00,-2.0,100,1.5,30,0,0,0
2005-01-09 08:00:00,0.0,78,2.6,50,1,63,1
2005-01-09 09:00:00,2.0,80,2.6,50,148,325,93
2005-01-09 10:00:00,3.0,74,1.0,90,225,334,122
2005-01-09 11:00:00,3.0,68,1.5,40,291,245,190
2005-01-09 12:00:00,4.0,69,1.5,40,130,0,130
2005-01-09 13:00:00,4.0,69,1.0,120,167,0,167
2005-01-09 14:00:00,4.0,69,1.5,140,173,6,170
2005-01-09 15:00:00,4.0,75,2.6,130,99,0,99
2005-01-09 16:00:00,4.0,75,2.6,170,207,423,105
2005-01-09 17:00:00,3.0,74,3.1,140,48,289,22
2005-01-09 18:00:00,3.0,74,2.6,150,0,0,0
2005-01-09 19:00:00,3.0,74,1.5,150,0,0,0
2005-01-09 20:00:00,1.0,79,1.5,170,0,0,0
2005-01-09 21:00:00,2.0,80,1.5,200,0,0,0
2005-01-09 22:00:00,1.0,86,2.1,180,0,0,0
2005-01-09 23:00:00,0.0,92,2.6,180,0,0,0
2005-01-10 00:00:00,0.0,92,3.1,180,0,0,0
2005-01-10 01:00:00,0.0,92,3.1,190,0,0,0
2005-01-10 02:00:00,1.0,93,3.6,190,0,0,0
2005-01-10 03:00:00,1.0,93,3.6,200,0,0,0
2005-01-10 04:00:00,1.0,93,3.6,200,0,0,0
2005-01-10 05:00:00,2.0,93,4.6,190,0,0,0
2005-01-10 06:00:00,2.0,100,4.6,210,0,0,0
2005-01-10 07:00:00,1.0,100,1.5,230,0,0,0
2005-01-10 08:00:00,1.0,100,1.0,310,1,106,0
2005-01-10 09:00:00,4.0,100,1.5,190,147,543,56
2005-01-10 10:00:00,6.0,81,2.6,300,295,736,66
2005-01-10 11:00:00,7.0,76,1.5,290,420,844,70
2005-01-10 12:00:00,9.0,66,2.6,340,489,876,71
2005-01-10 13:00:00,9.0,66,1.5,340,502,881,71
2005-01-10 14:00:00,11.0,58,4.1,320,456,862,66
2005-01-10 15:00:00,11.0,58,3.6,360,357,808,58
2005-01-10 16:00:00,11.0,58,3.1,10,208,661,46
2005-01-10 17:00:00,9.0,66,1.0,50,52,343,21
2005-01-10 18:00:00,8.0,71,0.0,0,0,0,0
2005-01-10 19:00:00,9.0,66,2.1,340,0,0,0
2005-01-10 20:00:00,8.0,66,1.5,350,0,0,0
2005-01-10 21:00:00,5.0,81,1.5,30,0,0,0
2005-01-10 22:00:00,5.0,87,1.5,40,0,0,0
2005-01-10 23:00:00,5.0,87,1.0,30,0,0,0
2005-01-11 00:00:00,4.0,87,1.5,90,0,0,0
2005-01-11 01:00:00,3.0,81,3.1,80,0,0,0
2005-01-11 02:00:00,5.0,81,2.6,100,0,0,0
2005-01-11 03:00:00,5.0,81,2.1,100,0,0,0
2005-01-11 04:00:00,5.0,75,0.0,0,0,0,0
2005-01-11 05:00:00,4.0,81,1.5,220,0,0,0
2005-01-11 06:00:00,3.0,87,1.5,150,0,0,0
2005-01-11 07:00:00,3.0,81,2.1,90,0,0,0
2005-01-11 08:00:00,4.0,81,3.6,140,1,106,0
2005-01-11 09:00:00,5.0,81,3.6,130,147,535,56
2005-01-11 10:00:00,6.0,70,5.7,140,295,736,65
2005-01-11 11:00:00,8.0,61,3.6,140,420,844,68
2005-01-11 12:00:00,8.0,61,3.6,150,495,882,73
2005-01-11 13:00:00,9.0,61,4.1,150,508,887,72
2005-01-11 14:00:00,8.0,66,4.6,160,462,868,67
2005-01-11 15:00:00,8.0,71,3.6,170,357,803,58
2005-01-11 16:00:00,8.0,66,3.1,140,214,661,49
2005-01-11 17:00:00,8.0,71,4.1,170,53,331,22
2005-01-11 18:00:00,8.0,71,5.1,160,0,0,0
2005-01-11 19:00:00,8.0,76,3.6,150,0,0,0
2005-01-11 20:00:00,7.0,81,2.6,140,0,0,0
2005-01-11 21:00:00,6.0,93,2.6,150,0,0,0
2005-01-11 22:00:00,6.0,93,2.6,120,0,0,0
2005-01-11 23:00:00,6.0,100,2.1,100,0,0,0
2005-01-12 00:00:00,5.0,100,1.5,90,0,0,0
2005-01-12 01:00:00,5.0,100,1.0,140,0,0,0
2005-01-12 02:00:00,5.0,100,2.1,50,0,0,0
2005-01-12 03:00:00,4.0,100,3.6,70,0,0,0
2005-01-12 04:00:00,5.0,93,3.1,80,0,0,0
2005-01-12 05:00:00,5.0,93,3.1,60,0,0,0
2005-01-12 06:00:00,4.0,100,3.1,80,0,0,0
2005-01-12 07:00:00,6.0,93,1.5,80,0,0,0
2005-01-12 08:00:00,6.0,93,1.5,70,1,106,1
2005-01-12 09:00:00,6.0,100,2.1,110,147,528,56
2005-01-12 10:00:00,7.0,93,1.5,140,302,755,65
2005-01-12 11:00:00,7.0,100,1.0,160,420,838,69
2005-01-12 12:00:00,8.0,93,2.1,80,495,882,71
2005-01-12 13:00:00,9.0,93,1.0,40,508,887,70
2005-01-12 14:00:00,10.0,93,2.1,70,462,862,67
2005-01-12 15:00:00,10.0,100,1.5,70,363,809,60
2005-01-12 16:00:00,11.0,87,2.1,90,214,662,48
2005-01-12 17:00:00,10.0,87,3.1,90,57,358,22
2005-01-12 18:00:00,8.0,93,2.1,70,0,0,0
2005-01-12 19:00:00,8.0,93,2.6,70,0,0,0
2005-01-12 20:00:00,8.0,93,3.1,60,0,0,0
2005-01-12 21:00:00,8.0,93,2.1,80,0,0,0
2005-01-12 22:00:00,7.0,100,1.5,120,0,0,0
2005-01-12 23:00:00,7.0,100,1.0,60,0,0,0
2005-01-13 00:00:00,7.0,93,1.0,80,0,0,0
2005-01-13 01:00:00,6.0,100,1.0,90,0,0,0
2005-01-13 02:00:00,6.0,93,1.0,70,0,0,0
2005-01-13 03:00:00,6.0,100,1.0,70,0,0,0
2005-01-13 04:00:00,6.0,100,0.5,150,0,0,0
2005-01-13 05:00:00,7.0,100,1.0,160,0,0,0
2005-01-13 06:00:00,7.0,100,1.5,180,0,0,0
2005-01-13 07:00:00,11.0,100,2.6,200,0,0,0
2005-01-13 08:00:00,13.0,100,5.1,210,2,106,1
2005-01-13 09:00:00,14.0,100,3.6,220,146,520,57
2005-01-13 10:00:00,16.0,94,7.2,220,302,748,66
2005-01-13 11:00:00,18.0,83,5.7,200,427,850,69
2005-01-13 12:00:00,19.0,83,8.2,220,495,876,72
2005-01-13 13:00:00,19.0,83,5.1,210,514,893,71
2005-01-13 14:00:00,21.0,69,10.3,220,468,868,68
2005-01-13 15:00:00,21.0,69,7.7,220,363,803,60
2005-01-13 16:00:00,21.0,64,9.8,210,220,680,47
2005-01-13 17:00:00,20.0,64,7.2,200,58,346,23
2005-01-13 18:00:00,19.0,68,5.7,180,0,0,0
2005-01-13 19:00:00,19.0,68,6.2,180,0,0,0
2005-01-13 20:00:00,18.0,73,7.2,180,0,0,0
2005-01-13 21:00:00,17.0,82,9.8,200,0,0,0
2005-01-13 22:00:00,15.0,100,4.6,200,0,0,0
2005-01-13 23:00:00,17.0,94,5.1,230,0,0,0
2005-01-14 00:00:00,17.0,94,5.7,220,0,0,0
2005-01-14 01:00:00,18.0,88,6.2,220,0,0,0
2005-01-14 02:00:00,19.0,83,10.8,190,0,0,0
2005-01-14 03:00:00,20.0,78,11.3,200,0,0,0
2005-01-14 04:00:00,19.0,83,7.7,210,0,0,0
2005-01-14 05:00:00,14.0,94,6.7,350,0,0,0
2005-01-14 06:00:00,14.0,88,3.6,340,0,0,0
2005-01-14 07:00:00,12.0,88,11.8,350,0,0,0
2005-01-14 08:00:00,9.0,87,9.3,340,2,107,1
2005-01-14 09:00:00,8.0,87,8.7,350,146,512,57
2005-01-14 10:00:00,6.0,87,9.3,360,301,742,67
2005-01-14 11:00:00,6.0,87,5.1,350,427,844,70
2005-01-14 12:00:00,7.0,70,8.2,360,501,882,73
2005-01-14 13:00:00,7.0,66,6.7,360,514,887,72
2005-01-14 14:00:00,6.0,60,8.7,350,468,862,68
2005-01-14 15:00:00,6.0,60,7.2,360,369,810,60
2005-01-14 16:00:00,6.0,55,7.2,360,225,692,47
2005-01-14 17:00:00,6.0,55,7.7,350,62,373,24
2005-01-14 18:00:00,5.0,59,6.2,360,0,0,0
2005-01-14 19:00:00,4.0,54,6.7,350,0,0,0
2005-01-14 20:00:00,4.0,49,6.2,360,0,0,0
2005-01-14 21:00:00,3.0,53,6.2,350,0,0,0
2005-01-14 22:00:00,3.0,53,5.7,350,0,0,0
2005-01-14 23:00:00,2.0,52,6.2,360,0,0,0
2005-01-15 00:00:00,2.0,48,4.1,360,0,0,0
2005-01-15 01:00:00,1.0,51,4.6,350,0,0,0
2005-01-15 02:00:00,0.0,55,4.1,10,0,0,0
2005-01-15 03:00:00,-2.0,60,3.1,360,0,0,0
2005-01-15 04:00:00,-1.0,55,3.1,360,0,0,0
2005-01-15 05:00:00,-3.0,65,3.1,30,0,0,0
2005-01-15 06:00:00,-3.0,65,1.5,30,0,0,0
2005-01-15 07:00:00,-3.0,55,3.6,340,0,0,0
2005-01-15 08:00:00,-2.0,55,3.6,360,2,121,1
2005-01-15 09:00:00,-1.0,46,4.6,10,155,568,55
2005-01-15 10:00:00,-1.0,39,4.6,30,308,760,66
2005-01-15 11:00:00,0.0,39,3.1,40,426,838,70
2005-01-15 12:00:00,1.0,33,2.6,40,501,876,74
2005-01-15 13:00:00,1.0,33,3.1,50,521,893,72
2005-01-15 14:00:00,2.0,34,2.1,350,474,868,69
2005-01-15 15:00:00,2.0,34,2.1,30,375,822,59
2005-01-15 16:00:00,1.0,40,3.1,50,226,670,51
2005-01-15 17:00:00,0.0,43,3.1,70,63,360,25
2005-01-15 18:00:00,-1.0,50,2.1,80,0,0,0
2005-01-15 19:00:00,-2.0,60,1.5,80,0,0,0
2005-01-15 20:00:00,-2.0,60,2.6,70,0,0,0
2005-01-15 21:00:00,-2.0,60,3.1,60,0,0,0
2005-01-15 22:00:00,-1.0,55,2.6,40,0,0,0
2005-01-15 23:00:00,-2.0,65,2.1,30,0,0,0
2005-01-16 00:00:00,-2.0,65,2.1,30,0,0,0
2005-01-16 01:00:00,-2.0,65,3.1,30,0,0,0
2005-01-16 02:00:00,-2.0,65,2.6,30,0,0,0
2005-01-16 03:00:00,-3.0,71,2.6,10,0,0,0
2005-01-16 04:00:00,-4.0,77,2.1,20,0,0,0
2005-01-16 05:00:00,-3.0,77,3.1,10,0,0,0
2005-01-16 06:00:00,-3.0,71,3.6,30,0,0,0
2005-01-16 07:00:00,-3.0,71,3.1,20,0,0,0
2005-01-16 08:00:00,-3.0,77,3.6,360,2,122,1
2005-01-16 09:00:00,-2.0,65,4.6,30,154,560,55
2005-01-16 10:00:00,-1.0,66,3.6,30,308,754,67
2005-01-16 11:00:00,-1.0,66,3.6,40,433,850,70
2005-01-16 12:00:00,1.0,56,4.1,20,507,888,72
2005-01-16 13:00:00,2.0,52,4.6,30,521,887,73
2005-01-16 14:00:00,2.0,57,3.6,40,480,874,69
2005-01-16 15:00:00,2.0,57,3.6,20,375,810,61
2005-01-16 16:00:00,2.0,52,4.1,30,231,693,48
2005-01-16 17:00:00,1.0,61,3.6,60,68,387,25
2005-01-16 18:00:00,0.0,66,2.6,50,0,0,0
2005-01-16 19:00:00,0.0,66,2.1,40,0,0,0
2005-01-16 20:00:00,0.0,66,1.5,20,0,0,0
2005-01-16 21:00:00,0.0,66,2.6,10,0,0,0
2005-01-16 22:00:00,-1.0,78,3.1,20,0,0,0
2005-01-16 23:00:00,-1.0,78,2.6,10,0,0,0
2005-01-17 00:00:00,-1.0,71,3.6,350,0,0,0
2005-01-17 01:00:00,-1.0,71,4.6,330,0,0,0
2005-01-17 02:00:00,-2.0,85,4.6,300,0,0,0
2005-01-17 03:00:00,-2.0,65,8.2,300,0,0,0
2005-01-17 04:00:00,-3.0,55,11.8,310,0,0,0
2005-01-17 05:00:00,-4.0,54,11.8,310,0,0,0
2005-01-17 06:00:00,-5.0,54,13.4,310,0,0,0
2005-01-17 07:00:00,-6.0,54,9.3,310,0,0,0
2005-01-17 08:00:00,-6.0,49,7.7,310,2,70,2
2005-01-17 09:00:00,-5.0,45,11.3,320,153,314,97
2005-01-17 10:00:00,-5.0,41,11.3,300,224,245,145
2005-01-17 11:00:00,-4.0,38,9.3,300,413,654,132
2005-01-17 12:00:00,-4.0,38,8.7,310,476,774,95
2005-01-17 13:00:00,-4.0,34,7.2,310,491,780,95
2005-01-17 14:00:00,-4.0,31,9.8,280,463,696,134
2005-01-17 15:00:00,-5.0,31,10.3,300,304,393,150
2005-01-17 16:00:00,-6.0,34,9.8,290,222,512,85
2005-01-17 17:00:00,-7.0,34,6.7,300,72,370,31
2005-01-17 18:00:00,-7.0,34,6.7,290,0,0,0
2005-01-17 19:00:00,-7.0,31,8.7,310,0,0,0
2005-01-17 20:00:00,-8.0,37,6.7,310,0,0,0
2005-01-17 21:00:00,-8.0,37,9.8,320,0,0,0
2005-01-17 22:00:00,-8.0,33,8.7,310,0,0,0
2005-01-17 23:00:00,-9.0,36,10.8,310,0,0,0
2005-01-18 00:00:00,-9.0,36,8.7,310,0,0,0
2005-01-18 01:00:00,-9.0,36,9.3,290,0,0,0
2005-01-18 02:00:00,-9.0,36,8.7,310,0,0,0
2005-01-18 03:00:00,-9.0,40,6.7,310,0,0,0
2005-01-18 04:00:00,-10.0,44,7.2,310,0,0,0
2005-01-18 05:00:00,-10.0,44,7.7,330,0,0,0
2005-01-18 06:00:00,-10.0,44,6.2,310,0,0,0
2005-01-18 07:00:00,-10.0,48,7.7,310,0,0,0
2005-01-18 08:00:00,-10.0,44,5.1,310,3,121,1
2005-01-18 09:00:00,-9.0,40,8.2,310,162,530,66
2005-01-18 10:00:00,-8.0,37,7.7,310,301,709,70
2005-01-18 11:00:00,-7.0,34,7.2,310,426,819,72
2005-01-18 12:00:00,-7.0,34,8.7,320,489,792,96
2005-01-18 13:00:00,-6.0,31,5.1,300,515,858,77
2005-01-18 14:00:00,-6.0,25,8.2,340,469,827,75
2005-01-18 15:00:00,-5.0,23,6.7,340,370,770,67
2005-01-18 16:00:00,-6.0,25,5.1,300,233,672,50
2005-01-18 17:00:00,-6.0,25,4.6,320,73,397,27
2005-01-18 18:00:00,-7.0,28,4.1,320,0,0,0
2005-01-18 19:00:00,-7.0,31,3.1,360,0,0,0
2005-01-18 20:00:00,-9.0,44,3.6,20,0,0,0
2005-01-18 21:00:00,-9.0,44,3.1,30,0,0,0
2005-01-18 22:00:00,-10.0,53,1.5,100,0,0,0
2005-01-18 23:00:00,-10.0,58,0.0,0,0,0,0
2005-01-19 00:00:00,-11.0,70,1.5,310,0,0,0
2005-01-19 01:00:00,-10.0,64,1.5,260,0,0,0
2005-01-19 02:00:00,-10.0,70,1.0,150,0,0,0
2005-01-19 03:00:00,-9.0,58,1.5,170,0,0,0
2005-01-19 04:00:00,-9.0,58,2.6,180,0,0,0
2005-01-19 05:00:00,-9.0,58,4.1,180,0,0,0
2005-01-19 06:00:00,-9.0,58,3.1,180,0,0,0
2005-01-19 07:00:00,-9.0,64,3.1,180,0,0,0
2005-01-19 08:00:00,-8.0,64,4.1,170,2,13,2
2005-01-19 09:00:00,-7.0,54,6.2,180,90,56,79
2005-01-19 10:00:00,-6.0,37,7.7,190,84,0,84
2005-01-19 11:00:00,-6.0,54,8.7,200,136,0,136
2005-01-19 12:00:00,-7.0,84,6.2,180,99,0,99
2005-01-19 13:00:00,-7.0,84,5.1,180,84,0,84
2005-01-19 14:00:00,-7.0,84,6.2,190,87,0,87
2005-01-19 15:00:00,-6.0,77,6.2,190,66,0,66
2005-01-19 16:00:00,-6.0,77,5.1,230,91,0,91
2005-01-19 17:00:00,-6.0,77,4.1,230,56,120,41
2005-01-19 18:00:00,-6.0,77,3.6,230,0,0,0
2005-01-19 19:00:00,-5.0,77,3.1,230,0,0,0
2005-01-19 20:00:00,-5.0,77,3.6,220,0,0,0
2005-01-19 21:00:00,-5.0,77,4.1,220,0,0,0
2005-01-19 22:00:00,-4.0,71,3.1,230,0,0,0
2005-01-19 23:00:00,-4.0,71,4.1,230,0,0,0
2005-01-20 00:00:00,-4.0,71,2.6,240,0,0,0
2005-01-20 01:00:00,-3.0,71,4.1,230,0,0,0
2005-01-20 02:00:00,-3.0,71,2.1,240,0,0,0
2005-01-20 03:00:00,-3.0,71,2.1,260,0,0,0
2005-01-20 04:00:00,-3.0,71,1.6,260,0,0,0
2005-01-20 05:00:00,-3.0,71,1.0,250,0,0,0
2005-01-20 06:00:00,-3.0,71,0.0,0,0,0,0
2005-01-20 07:00:00,-2.0,71,3.1,290,0,0,0
2005-01-20 08:00:00,-1.0,66,3.1,310,2,35,2
2005-01-20 09:00:00,0.0,51,7.2,320,107,146,80
2005-01-20 10:00:00,1.0,47,6.7,320,119,0,119
2005-01-20 11:00:00,1.0,47,5.7,300,323,281,200
2005-01-20 12:00:00,1.0,47,5.7,310,507,725,143
2005-01-20 13:00:00,-2.0,65,4.6,310,521,666,176
2005-01-20 14:00:00,2.0,48,7.2,300,238,149,166
2005-01-20 15:00:00,2.0,48,3.1,320,382,547,163
2005-01-20 16:00:00,1.0,56,3.1,320,178,228,114
2005-01-20 17:00:00,1.0,56,3.1,10,79,251,48
2005-01-20 18:00:00,0.0,60,3.6,360,0,0,0
2005-01-20 19:00:00,-1.0,60,2.6,10,0,0,0
2005-01-20 20:00:00,-1.0,60,2.6,10,0,0,0
2005-01-20 21:00:00,-2.0,55,2.6,10,0,0,0
2005-01-20 22:00:00,-2.0,60,1.0,30,0,0,0
2005-01-20 23:00:00,-2.0,55,2.1,360,0,0,0
2005-01-21 00:00:00,-2.0,50,2.6,360,0,0,0
2005-01-21 01:00:00,-3.0,55,3.1,360,0,0,0
2005-01-21 02:00:00,-3.0,55,3.1,10,0,0,0
2005-01-21 03:00:00,-4.0,54,2.6,350,0,0,0
2005-01-21 04:00:00,-3.0,55,4.1,60,0,0,0
2005-01-21 05:00:00,-4.0,50,4.6,50,0,0,0
2005-01-21 06:00:00,-5.0,49,4.6,40,0,0,0
2005-01-21 07:00:00,-6.0,49,5.1,30,0,0,0
2005-01-21 08:00:00,-6.0,41,4.6,30,3,76,2
2005-01-21 09:00:00,-6.0,37,7.2,360,142,305,85
2005-01-21 10:00:00,-5.0,34,6.7,10,314,690,85
2005-01-21 11:00:00,-5.0,34,5.7,340,432,813,74
2005-01-21 12:00:00,-4.0,31,3.6,310,501,828,83
2005-01-21 13:00:00,-4.0,31,3.6,10,515,822,87
2005-01-21 14:00:00,-4.0,34,6.2,340,487,821,87
2005-01-21 15:00:00,-4.0,31,6.7,360,383,776,68
2005-01-21 16:00:00,-5.0,28,6.2,350,244,685,51
2005-01-21 17:00:00,-6.0,34,5.1,10,84,444,28
2005-01-21 18:00:00,-8.0,40,4.1,10,0,0,0
2005-01-21 19:00:00,-8.0,40,3.1,30,0,0,0
2005-01-21 20:00:00,-8.4,44,4.1,10,0,0,0
2005-01-21 21:00:00,-9.0,48,2.6,50,0,0,0
2005-01-21 22:00:00,-10.0,48,2.1,30,0,0,0
2005-01-21 23:00:00,-10.0,48,3.1,40,0,0,0
2005-01-22 00:00:00,-10.0,48,1.5,60,0,0,0
2005-01-22 01:00:00,-11.0,61,0.8,30,0,0,0
2005-01-22 02:00:00,-12.0,76,0.0,0,0,0,0
2005-01-22 03:00:00,-11.0,70,0.0,0,0,0,0
2005-01-22 04:00:00,-10.0,64,0.0,0,0,0,0
2005-01-22 05:00:00,-9.0,53,1.0,90,0,0,0
2005-01-22 06:00:00,-9.0,58,3.1,100,0,0,0
2005-01-22 07:00:00,-9.0,64,3.1,100,0,0,0
2005-01-22 08:00:00,-8.0,64,3.1,130,2,0,2
2005-01-22 09:00:00,-8.0,58,3.6,140,71,0,71
2005-01-22 10:00:00,-7.0,64,3.6,130,49,0,49
2005-01-22 11:00:00,-7.0,70,3.1,140,71,0,71
2005-01-22 12:00:00,-6.0,70,3.6,140,80,0,80
2005-01-22 13:00:00,-6.0,84,2.1,10,84,0,84
2005-01-22 14:00:00,-6.0,84,1.5,80,81,0,81
2005-01-22 15:00:00,-6.0,84,2.6,80,78,0,78
2005-01-22 16:00:00,-6.0,84,3.6,100,51,0,51
2005-01-22 17:00:00,-6.0,84,3.6,70,31,0,31
2005-01-22 18:00:00,-6.0,84,2.6,30,0,0,0
2005-01-22 19:00:00,-6.0,84,3.6,10,0,0,0
2005-01-22 20:00:00,-6.4,87,3.4,20,0,0,0
2005-01-22 21:00:00,-7.0,92,3.1,20,0,0,0
2005-01-22 22:00:00,-6.0,84,3.1,350,0,0,0
2005-01-22 23:00:00,-6.0,84,2.6,330,0,0,0
2005-01-23 00:00:00,-6.0,84,4.1,330,0,0,0
2005-01-23 01:00:00,-6.0,84,4.1,330,0,0,0
2005-01-23 02:00:00,-6.0,64,6.2,330,0,0,0
2005-01-23 03:00:00,-6.0,59,10.8,320,0,0,0
2005-01-23 04:00:00,-6.0,49,10.3,330,0,0,0
2005-01-23 05:00:00,-9.0,64,9.3,330,0,0,0
2005-01-23 06:00:00,-10.0,64,11.8,340,0,0,0
2005-01-23 07:00:00,-10.0,58,11.3,310,0,0,0
2005-01-23 08:00:00,-11.0,58,9.3,310,2,4,2
2005-01-23 09:00:00,-11.0,63,12.9,320,79,14,76
2005-01-23 10:00:00,-10.0,58,11.3,310,209,188,145
2005-01-23 11:00:00,-9.0,53,9.8,300,193,31,180
2005-01-23 12:00:00,-8.0,53,10.3,310,105,0,105
2005-01-23 13:00:00,-8.0,53,11.3,310,246,42,223
2005-01-23 14:00:00,-7.0,49,12.9,310,313,155,237
2005-01-23 15:00:00,-6.0,45,11.3,310,272,200,190
2005-01-23 16:00:00,-7.0,45,10.8,320,225,423,102
2005-01-23 17:00:00,-7.0,41,10.3,320,90,352,43
2005-01-23 18:00:00,-8.0,49,8.2,300,0,0,0
2005-01-23 19:00:00,-8.0,44,9.3,300,0,0,0
2005-01-23 20:00:00,-8.0,44,9.8,320,0,0,0
2005-01-23 21:00:00,-8.0,40,8.2,320,0,0,0
2005-01-23 22:00:00,-8.0,40,6.7,310,0,0,0
2005-01-23 23:00:00,-9.0,44,8.2,320,0,0,0
2005-01-24 00:00:00,-9.0,44,7.2,330,0,0,0
2005-01-24 01:00:00,-10.0,44,6.2,340,0,0,0
2005-01-24 02:00:00,-10.0,44,6.7,340,0,0,0
2005-01-24 03:00:00,-11.0,43,6.2,340,0,0,0
2005-01-24 04:00:00,-11.0,43,6.2,340,0,0,0
2005-01-24 05:00:00,-11.0,43,6.2,330,0,0,0
2005-01-24 06:00:00,-11.0,43,3.1,310,0,0,0
2005-01-24 07:00:00,-13.0,52,1.5,230,0,0,0
2005-01-24 08:00:00,-12.0,52,2.1,310,4,77,3
2005-01-24 09:00:00,-9.0,44,3.6,280,131,282,77
2005-01-24 10:00:00,-7.0,37,3.6,280,243,313,137
2005-01-24 11:00:00,-6.0,37,3.1,240,219,43,200
2005-01-24 12:00:00,-5.0,34,3.1,240,303,91,256
2005-01-24 13:00:00,-5.0,38,3.6,270,270,48,244
2005-01-24 14:00:00,-4.0,38,3.1,230,139,0,139
2005-01-24 15:00:00,-3.0,32,4.6,240,106,0,106
2005-01-24 16:00:00,-4.0,45,6.7,240,72,0,72
2005-01-24 17:00:00,-5.0,31,2.6,320,16,0,16
2005-01-24 18:00:00,-5.0,77,1.5,220,0,0,0
2005-01-24 19:00:00,-5.0,77,0.0,0,0,0,0
2005-01-24 20:00:00,-5.0,84,1.5,240,0,0,0
2005-01-24 21:00:00,-4.0,71,1.5,330,0,0,0
2005-01-24 22:00:00,-4.0,71,2.6,290,0,0,0
2005-01-24 23:00:00,-3.0,55,4.6,340,0,0,0
2005-01-25 00:00:00,-3.0,55,4.1,340,0,0,0
2005-01-25 01:00:00,-4.0,54,1.5,340,0,0,0
2005-01-25 02:00:00,-4.0,59,2.6,330,0,0,0
2005-01-25 03:00:00,-3.0,55,2.6,300,0,0,0
2005-01-25 04:00:00,-4.0,59,2.6,290,0,0,0
2005-01-25 05:00:00,-3.0,60,2.6,340,0,0,0
2005-01-25 06:00:00,-3.0,65,1.0,280,0,0,0
2005-01-25 07:00:00,-4.0,71,2.1,200,0,0,0
2005-01-25 08:00:00,-3.0,65,2.6,230,3,2,3
2005-01-25 09:00:00,-2.0,60,2.1,230,78,7,77
2005-01-25 10:00:00,-1.0,55,2.6,230,111,0,111
2005-01-25 11:00:00,-1.0,55,2.6,230,129,0,129
2005-01-25 12:00:00,0.0,55,2.1,270,297,97,247
2005-01-25 13:00:00,1.0,51,3.6,250,288,60,256
2005-01-25 14:00:00,1.0,51,2.1,240,203,12,197
2005-01-25 15:00:00,2.0,48,2.6,210,150,6,148
2005-01-25 16:00:00,2.0,52,3.1,230,159,132,120
2005-01-25 17:00:00,2.0,52,2.1,220,95,278,56
2005-01-25 18:00:00,1.0,56,2.6,180,0,0,0
2005-01-25 19:00:00,0.0,66,2.6,200,0,0,0
2005-01-25 20:00:00,0.0,60,2.1,200,0,0,0
2005-01-25 21:00:00,1.0,56,2.6,190,0,0,0
2005-01-25 22:00:00,0.0,66,3.1,180,0,0,0
2005-01-25 23:00:00,1.0,61,2.6,170,0,0,0
2005-01-26 00:00:00,-1.0,71,3.1,190,0,0,0
2005-01-26 01:00:00,-2.0,85,2.6,190,0,0,0
2005-01-26 02:00:00,-1.0,78,2.1,200,0,0,0
2005-01-26 03:00:00,0.0,78,4.6,230,0,0,0
2005-01-26 04:00:00,1.0,67,4.1,230,0,0,0
2005-01-26 05:00:00,0.0,72,2.1,210,0,0,0
2005-01-26 06:00:00,0.0,72,2.6,210,0,0,0
2005-01-26 07:00:00,1.0,67,3.1,210,0,0,0
2005-01-26 08:00:00,1.0,67,3.1,210,1,0,1
2005-01-26 09:00:00,2.0,62,2.6,220,26,0,26
2005-01-26 10:00:00,2.0,80,1.5,220,62,0,62
2005-01-26 11:00:00,3.0,81,2.1,260,122,0,122
2005-01-26 12:00:00,3.0,81,2.1,260,99,0,99
2005-01-26 13:00:00,5.0,70,2.1,280,348,168,257
2005-01-26 14:00:00,7.0,66,1.5,290,319,149,244
2005-01-26 15:00:00,7.0,66,1.0,360,111,0,111
2005-01-26 16:00:00,8.0,61,2.6,10,180,201,120
2005-01-26 17:00:00,6.0,65,2.6,10,100,321,54
2005-01-26 18:00:00,4.0,69,3.6,80,0,0,0
2005-01-26 19:00:00,4.0,69,3.6,50,0,0,0
2005-01-26 20:00:00,3.0,74,2.6,30,0,0,0
2005-01-26 21:00:00,4.0,69,4.6,10,0,0,0
2005-01-26 22:00:00,2.0,57,6.7,340,0,0,0
2005-01-26 23:00:00,1.0,61,7.2,360,0,0,0
2005-01-27 00:00:00,-1.0,60,10.3,360,0,0,0
2005-01-27 01:00:00,-2.0,55,9.3,350,0,0,0
2005-01-27 02:00:00,-3.0,50,7.7,350,0,0,0
2005-01-27 03:00:00,-4.0,50,9.3,340,0,0,0
2005-01-27 04:00:00,-6.0,49,9.3,350,0,0,0
2005-01-27 05:00:00,-8.0,53,8.7,360,0,0,0
2005-01-27 06:00:00,-8.0,53,8.7,350,0,0,0
2005-01-27 07:00:00,-9.0,53,8.7,350,0,0,0
2005-01-27 08:00:00,-9.0,48,7.7,350,8,188,3
2005-01-27 09:00:00,-8.0,44,6.2,10,181,622,56
2005-01-27 10:00:00,-7.0,45,7.7,340,332,744,73
2005-01-27 11:00:00,-7.0,41,7.2,350,457,830,76
2005-01-27 12:00:00,-6.0,37,7.7,10,532,858,81
2005-01-27 13:00:00,-5.0,38,6.2,20,551,870,79
2005-01-27 14:00:00,-5.0,38,5.7,30,511,852,77
2005-01-27 15:00:00,-5.0,34,5.1,330,412,801,69
2005-01-27 16:00:00,-5.0,34,6.7,330,268,695,56
2005-01-27 17:00:00,-6.0,34,5.7,10,105,515,29
2005-01-27 18:00:00,-7.0,41,6.2,360,0,0,0
2005-01-27 19:00:00,-7.0,41,5.1,350,0,0,0
2005-01-27 20:00:00,-7.0,41,5.1,340,0,0,0
2005-01-27 21:00:00,-9.0,53,5.7,10,0,0,0
2005-01-27 22:00:00,-9.0,48,4.1,10,0,0,0
2005-01-27 23:00:00,-10.0,48,4.6,360,0,0,0
2005-01-28 00:00:00,-9.0,40,4.6,360,0,0,0
2005-01-28 01:00:00,-10.0,48,4.1,360,0,0,0
2005-01-28 02:00:00,-10.0,44,5.1,360,0,0,0
2005-01-28 03:00:00,-11.0,48,4.6,360,0,0,0
2005-01-28 04:00:00,-11.0,48,4.6,350,0,0,0
2005-01-28 05:00:00,-12.0,57,3.1,350,0,0,0
2005-01-28 06:00:00,-12.0,57,3.1,350,0,0,0
2005-01-28 07:00:00,-12.0,52,3.1,350,0,0,0
2005-01-28 08:00:00,-12.0,57,5.1,340,9,187,3
2005-01-28 09:00:00,-11.0,53,5.7,360,180,600,58
2005-01-28 10:00:00,-10.0,48,3.6,20,332,744,71
2005-01-28 11:00:00,-8.0,40,2.1,50,457,818,79
2005-01-28 12:00:00,-7.0,37,2.1,50,538,864,81
2005-01-28 13:00:00,-6.0,34,2.6,30,558,876,79
2005-01-28 14:00:00,-4.0,29,1.0,30,517,858,77
2005-01-28 15:00:00,-4.0,29,0.5,30,418,813,67
2005-01-28 16:00:00,-3.0,29,2.6,30,274,713,54
2005-01-28 17:00:00,-4.0,31,1.0,30,106,506,30
2005-01-28 18:00:00,-6.0,45,1.5,100,0,0,0
2005-01-28 19:00:00,-7.0,49,0.0,0,0,0,0
2005-01-28 20:00:00,-7.0,49,0.0,0,0,0,0
2005-01-28 21:00:00,-7.0,54,0.0,0,0,0,0
2005-01-28 22:00:00,-9.0,64,0.0,0,0,0,0
2005-01-28 23:00:00,-9.0,77,0.0,0,0,0,0
2005-01-29 00:00:00,-10.0,76,0.0,0,0,0,0
2005-01-29 01:00:00,-8.0,64,1.0,270,0,0,0
2005-01-29 02:00:00,-10.0,76,0.0,0,0,0,0
2005-01-29 03:00:00,-10.0,76,0.0,0,0,0,0
2005-01-29 04:00:00,-11.0,84,0.0,0,0,0,0
2005-01-29 05:00:00,-10.0,76,0.0,0,0,0,0
2005-01-29 06:00:00,-11.0,84,1.0,90,0,0,0
2005-01-29 07:00:00,-11.0,84,0.5,180,0,0,0
2005-01-29 08:00:00,-9.0,77,1.5,150,10,189,3
2005-01-29 09:00:00,-5.0,59,2.1,210,179,584,58
2005-01-29 10:00:00,-4.0,50,3.1,230,338,756,70
2005-01-29 11:00:00,-3.0,38,3.1,210,463,806,88
2005-01-29 12:00:00,-1.0,39,4.1,230,513,713,133
2005-01-29 13:00:00,0.0,43,3.6,170,564,846,98
2005-01-29 14:00:00,1.0,40,3.6,220,523,864,76
2005-01-29 15:00:00,2.0,40,4.1,190,424,690,123
2005-01-29 16:00:00,0.0,43,5.7,210,176,150,129
2005-01-29 17:00:00,0.0,46,3.1,200,70,68,60
2005-01-29 18:00:00,0.0,51,3.1,180,0,0,0
2005-01-29 19:00:00,-2.0,85,3.6,250,0,0,0
2005-01-29 20:00:00,-2.0,85,2.6,270,0,0,0
2005-01-29 21:00:00,-2.0,85,3.1,270,0,0,0
2005-01-29 22:00:00,-2.0,85,2.6,270,0,0,0
2005-01-29 23:00:00,-2.0,92,1.5,250,0,0,0
2005-01-30 00:00:00,-2.0,92,1.5,260,0,0,0
2005-01-30 01:00:00,-2.0,92,2.1,240,0,0,0
2005-01-30 02:00:00,-2.0,92,1.5,250,0,0,0
2005-01-30 03:00:00,-2.0,92,1.0,80,0,0,0
2005-01-30 04:00:00,-1.0,92,1.0,150,0,0,0
2005-01-30 05:00:00,-1.0,92,0.5,210,0,0,0
2005-01-30 06:00:00,-1.0,92,1.5,130,0,0,0
2005-01-30 07:00:00,-1.0,92,2.6,40,0,0,0
2005-01-30 08:00:00,-1.0,92,2.6,50,5,2,5
2005-01-30 09:00:00,-1.0,92,3.1,60,85,7,83
2005-01-30 10:00:00,-1.0,92,3.1,40,103,0,103
2005-01-30 11:00:00,-1.0,92,3.1,30,77,0,77
2005-01-30 12:00:00,-1.0,92,3.1,30,507,501,238
2005-01-30 13:00:00,-1.0,92,4.1,30,204,12,197
2005-01-30 14:00:00,-1.0,85,5.1,40,99,0,99
2005-01-30 15:00:00,-1.0,92,4.6,30,424,560,178
2005-01-30 16:00:00,0.0,78,4.1,360,280,708,56
2005-01-30 17:00:00,0.0,78,2.6,10,113,511,31
2005-01-30 18:00:00,-1.0,78,3.1,360,0,0,0
2005-01-30 19:00:00,-1.0,71,3.6,20,0,0,0
2005-01-30 20:00:00,-2.0,71,3.1,360,0,0,0
2005-01-30 21:00:00,-4.0,71,3.6,20,0,0,0
2005-01-30 22:00:00,-5.0,77,4.6,30,0,0,0
2005-01-30 23:00:00,-4.0,71,5.1,30,0,0,0
2005-01-31 00:00:00,-5.0,71,4.6,30,0,0,0
2005-01-31 01:00:00,-5.0,71,4.6,20,0,0,0
2005-01-31 02:00:00,-5.0,71,5.1,30,0,0,0
2005-01-31 03:00:00,-5.0,71,4.6,30,0,0,0
2005-01-31 04:00:00,-6.0,70,4.1,30,0,0,0
2005-01-31 05:00:00,-6.0,70,3.6,40,0,0,0
2005-01-31 06:00:00,-7.0,70,3.1,40,0,0,0
2005-01-31 07:00:00,-8.0,77,3.6,30,0,0,0
2005-01-31 08:00:00,-6.0,70,4.1,20,8,56,6
2005-01-31 09:00:00,-3.0,60,5.1,40,126,162,92
2005-01-31 10:00:00,-2.0,60,5.1,30,310,480,136
2005-01-31 11:00:00,0.0,55,4.1,40,431,653,122
2005-01-31 12:00:00,1.0,56,3.1,70,519,743,117
2005-01-31 13:00:00,1.0,61,2.1,70,516,624,167
2005-01-31 14:00:00,2.0,57,2.6,90,529,781,119
2005-01-31 15:00:00,2.0,52,3.6,100,430,808,71
2005-01-31 16:00:00,2.0,48,3.6,120,286,720,55
2005-01-31 17:00:00,1.0,51,2.6,140,118,534,31
2005-01-31 18:00:00,-1.0,55,2.6,160,0,0,0
2005-01-31 19:00:00,-3.1,63,2.1,190,0,0,0
2005-01-31 20:00:00,-5.0,71,1.5,210,0,0,0
2005-01-31 21:00:00,-6.0,84,0.5,230,0,0,0
2005-01-31 22:00:00,-6.1,71,1.0,340,0,0,0
2005-01-31 23:00:00,-6.3,77,1.5,360,0,0,0
2005-02-01 00:00:00,-6.5,84,2.0,60,0,0,0
1996-02-01 01:00:00,-6.6,43,2.6,330,0,0,0
1996-02-01 02:00:00,-6.8,45,3.1,350,0,0,0
1996-02-01 03:00:00,-7.0,50,3.6,350,0,0,0
1996-02-01 04:00:00,-7.3,53,4.1,20,0,0,0
1996-02-01 05:00:00,-7.3,53,3.6,20,0,0,0
1996-02-01 06:00:00,-7.3,56,2.0,50,0,0,0
1996-02-01 07:00:00,-7.8,67,1.0,130,0,0,0
1996-02-01 08:00:00,-7.3,64,3.0,20,22,129,14
1996-02-01 09:00:00,-5.0,43,3.0,50,135,349,61
1996-02-01 10:00:00,-2.8,38,3.0,70,299,561,96
1996-02-01 11:00:00,-2.3,36,3.0,140,432,658,121
1996-02-01 12:00:00,-1.7,34,3.0,100,506,696,130
1996-02-01 13:00:00,-1.7,36,4.1,130,528,714,130
1996-02-01 14:00:00,-1.2,35,4.1,160,488,567,190
1996-02-01 15:00:00,-1.2,37,2.0,190,406,663,111
1996-02-01 16:00:00,-1.2,38,2.5,90,264,461,116
1996-02-01 17:00:00,-1.7,38,4.6,120,106,269,62
1996-02-01 18:00:00,-2.3,42,4.6,120,6,16,5
1996-02-01 19:00:00,-1.7,38,5.1,150,0,0,0
1996-02-01 20:00:00,-1.7,42,3.0,190,0,0,0
1996-02-01 21:00:00,-1.7,40,5.1,150,0,0,0
1996-02-01 22:00:00,-1.7,40,5.1,170,0,0,0
1996-02-01 23:00:00,-1.7,42,2.0,180,0,0,0
1996-02-02 00:00:00,-2.3,44,3.0,150,0,0,0
1996-02-02 01:00:00,-1.7,44,2.5,210,0,0,0
1996-02-02 02:00:00,-3.4,72,2.5,320,0,0,0
1996-02-02 03:00:00,-3.4,79,3.0,280,0,0,0
1996-02-02 04:00:00,-3.4,83,3.0,280,0,0,0
1996-02-02 05:00:00,-2.8,79,2.0,230,0,0,0
1996-02-02 06:00:00,-3.4,83,3.6,320,0,0,0
1996-02-02 07:00:00,-2.8,83,2.5,310,0,0,0
1996-02-02 08:00:00,-2.3,80,3.6,350,9,0,9
1996-02-02 09:00:00,-2.3,72,4.6,350,51,0,51
1996-02-02 10:00:00,-1.7,68,3.0,360,99,0,99
1996-02-02 11:00:00,-1.7,76,3.6,360,138,0,138
1996-02-02 12:00:00,-1.2,69,3.0,10,162,0,162
1996-02-02 13:00:00,-0.6,60,5.1,360,168,0,168
1996-02-02 14:00:00,-0.6,57,5.6,10,157,0,157
1996-02-02 15:00:00,-1.2,52,4.6,340,128,0,128
1996-02-02 16:00:00,-1.7,62,6.6,360,86,0,86
1996-02-02 17:00:00,-2.3,72,3.0,360,37,0,37
1996-02-02 18:00:00,-3.9,79,6.1,10,3,0,3
1996-02-02 19:00:00,-4.5,83,4.6,350,0,0,0
1996-02-02 20:00:00,-5.0,79,6.6,30,0,0,0
1996-02-02 21:00:00,-5.0,79,4.6,360,0,0,0
1996-02-02 22:00:00,-6.2,83,6.6,350,0,0,0
1996-02-02 23:00:00,-6.2,83,7.7,10,0,0,0
1996-02-03 00:00:00,-6.2,83,6.1,340,0,0,0
1996-02-03 01:00:00,-6.2,83,6.1,350,0,0,0
1996-02-03 02:00:00,-6.2,83,7.2,350,0,0,0
1996-02-03 03:00:00,-6.7,83,8.2,360,0,0,0
1996-02-03 04:00:00,-6.7,86,7.7,360,0,0,0
1996-02-03 05:00:00,-6.7,78,8.2,360,0,0,0
1996-02-03 06:00:00,-7.3,79,6.1,360,0,0,0
1996-02-03 07:00:00,-7.3,71,6.6,360,0,0,0
1996-02-03 08:00:00,-8.4,68,8.7,360,19,12,18
1996-02-03 09:00:00,-8.4,64,6.6,350,137,47,127
1996-02-03 10:00:00,-7.3,58,7.7,340,218,114,176
1996-02-03 11:00:00,-6.2,56,8.7,350,247,186,158
1996-02-03 12:00:00,-5.6,53,9.2,350,273,81,229
1996-02-03 13:00:00,-5.6,48,7.2,340,175,0,175
1996-02-03 14:00:00,-5.6,45,8.7,340,164,0,164
1996-02-03 15:00:00,-5.6,43,8.2,340,136,0,136
1996-02-03 16:00:00,-5.6,43,7.7,350,94,0,94
1996-02-03 17:00:00,-6.2,46,7.7,350,43,0,43
1996-02-03 18:00:00,-6.2,46,6.1,360,3,0,3
1996-02-03 19:00:00,-6.7,45,7.7,360,0,0,0
1996-02-03 20:00:00,-6.7,48,7.2,350,0,0,0
1996-02-03 21:00:00,-6.7,48,9.7,360,0,0,0
1996-02-03 22:00:00,-6.7,45,7.2,350,0,0,0
1996-02-03 23:00:00,-7.3,47,7.7,350,0,0,0
1996-02-04 00:00:00,-7.3,53,8.2,350,0,0,0
1996-02-04 01:00:00,-7.8,50,6.1,350,0,0,0
1996-02-04 02:00:00,-7.8,50,6.6,350,0,0,0
1996-02-04 03:00:00,-8.4,52,6.1,350,0,0,0
1996-02-04 04:00:00,-8.4,47,7.2,340,0,0,0
1996-02-04 05:00:00,-9.5,49,6.6,340,0,0,0
1996-02-04 06:00:00,-9.5,47,6.6,340,0,0,0
1996-02-04 07:00:00,-10.0,49,7.2,350,0,0,0
1996-02-04 08:00:00,-10.6,52,7.2,340,10,0,10
1996-02-04 09:00:00,-9.5,47,6.1,340,79,48,68
1996-02-04 10:00:00,-8.9,47,7.7,340,377,837,66
1996-02-04 11:00:00,-7.8,42,7.2,350,431,502,188
1996-02-04 12:00:00,-7.3,39,7.2,330,547,784,114
1996-02-04 13:00:00,-6.7,37,6.1,340,561,780,116
1996-02-04 14:00:00,-6.7,38,8.2,350,537,841,85
1996-02-04 15:00:00,-7.3,40,8.7,330,413,703,92
1996-02-04 16:00:00,-7.8,42,8.7,310,241,567,52
1996-02-04 17:00:00,-8.9,40,6.7,310,102,243,60
1996-02-04 18:00:00,-10.0,40,5.6,330,11,144,4
1996-02-04 19:00:00,-10.6,40,6.6,320,0,0,0
1996-02-04 20:00:00,-10.6,42,7.7,320,0,0,0
1996-02-04 21:00:00,-11.2,46,7.2,320,0,0,0
1996-02-04 22:00:00,-11.2,46,7.7,320,0,0,0
1996-02-04 23:00:00,-11.7,49,8.2,320,0,0,0
1996-02-05 00:00:00,-11.7,49,6.1,310,0,0,0
1996-02-05 01:00:00,-12.3,51,5.6,310,0,0,0
1996-02-05 02:00:00,-12.8,54,7.2,320,0,0,0
1996-02-05 03:00:00,-13.4,57,6.1,320,0,0,0
1996-02-05 04:00:00,-13.9,59,4.6,320,0,0,0
1996-02-05 05:00:00,-14.5,60,2.5,280,0,0,0
1996-02-05 06:00:00,-16.7,81,1.0,250,0,0,0
1996-02-05 07:00:00,-18.9,85,2.0,200,0,0,0
1996-02-05 08:00:00,-17.3,86,1.5,240,26,115,18
1996-02-05 09:00:00,-11.2,49,6.6,290,175,539,53
1996-02-05 10:00:00,-9.5,42,4.6,280,290,521,95
1996-02-05 11:00:00,-8.3,40,3.6,270,461,674,132
1996-02-05 12:00:00,-7.3,35,6.1,210,558,754,138
1996-02-05 13:00:00,-5.6,32,6.6,250,571,721,157
1996-02-05 14:00:00,-5.0,32,6.1,230,509,698,130
1996-02-05 15:00:00,-5.0,32,7.2,190,439,729,103
1996-02-05 16:00:00,-5.0,32,7.7,220,296,475,136
1996-02-05 17:00:00,-5.0,32,6.1,210,105,168,74
1996-02-05 18:00:00,-6.7,38,4.1,190,8,10,7
1996-02-05 19:00:00,-8.4,45,5.1,180,0,0,0
1996-02-05 20:00:00,-10.0,49,6.1,180,0,0,0
1996-02-05 21:00:00,-9.5,52,5.6,190,0,0,0
1996-02-05 22:00:00,-10.0,51,5.1,200,0,0,0
1996-02-05 23:00:00,-10.6,57,3.6,210,0,0,0
1996-02-06 00:00:00,-11.7,70,3.0,220,0,0,0
1996-02-06 01:00:00,-11.7,66,3.6,190,0,0,0
1996-02-06 02:00:00,-15.0,85,2.5,180,0,0,0
1996-02-06 03:00:00,-16.2,86,1.5,270,0,0,0
1996-02-06 04:00:00,-16.2,86,1.5,200,0,0,0
1996-02-06 05:00:00,-13.4,74,1.5,310,0,0,0
1996-02-06 06:00:00,-11.2,74,2.5,340,0,0,0
1996-02-06 07:00:00,-13.4,74,3.0,280,0,0,0
1996-02-06 08:00:00,-9.5,61,2.5,310,26,108,18
1996-02-06 09:00:00,-8.4,55,3.0,240,167,485,56
1996-02-06 10:00:00,-2.8,40,4.1,280,336,658,86
1996-02-06 11:00:00,-1.2,37,3.6,260,475,739,111
1996-02-06 12:00:00,0.0,31,6.1,270,528,734,117
1996-02-06 13:00:00,0.5,30,5.1,250,583,790,126
1996-02-06 14:00:00,1.6,29,4.6,240,537,773,115
1996-02-06 15:00:00,2.2,28,4.6,220,442,748,94
1996-02-06 16:00:00,1.7,28,3.6,260,291,636,74
1996-02-06 17:00:00,0.0,33,3.0,240,121,368,53
1996-02-06 18:00:00,-3.4,40,3.0,210,9,37,7
1996-02-06 19:00:00,-5.0,53,3.0,180,0,0,0
1996-02-06 20:00:00,-6.7,58,4.1,180,0,0,0
1996-02-06 21:00:00,-7.8,64,4.1,170,0,0,0
1996-02-06 22:00:00,-7.8,61,3.6,180,0,0,0
1996-02-06 23:00:00,-7.8,52,4.1,170,0,0,0
1996-02-07 00:00:00,-7.3,61,5.6,170,0,0,0
1996-02-07 01:00:00,-6.7,67,6.1,160,0,0,0
1996-02-07 02:00:00,-7.3,71,3.6,180,0,0,0
1996-02-07 03:00:00,-6.2,72,5.1,160,0,0,0
1996-02-07 04:00:00,-6.7,78,3.0,200,0,0,0
1996-02-07 05:00:00,-7.8,78,5.1,170,0,0,0
1996-02-07 06:00:00,-7.3,82,4.6,180,0,0,0
1996-02-07 07:00:00,-7.8,82,4.6,180,0,0,0
1996-02-07 08:00:00,-6.7,83,4.6,160,15,15,14
1996-02-07 09:00:00,-3.9,75,5.6,180,74,0,74
1996-02-07 10:00:00,-0.6,60,7.7,180,137,0,137
1996-02-07 11:00:00,0.0,57,7.7,170,200,108,147
1996-02-07 12:00:00,1.6,53,8.7,170,172,0,172
1996-02-07 13:00:00,2.7,51,8.2,180,178,0,178
1996-02-07 14:00:00,3.3,49,8.2,170,167,0,167
1996-02-07 15:00:00,5.0,44,7.2,180,246,82,208
1996-02-07 16:00:00,5.0,44,8.2,190,168,53,150
1996-02-07 17:00:00,3.8,48,7.7,170,83,16,80
1996-02-07 18:00:00,3.3,52,5.1,170,6,4,6
1996-02-07 19:00:00,3.3,52,7.2,170,0,0,0
1996-02-07 20:00:00,3.3,54,7.7,180,0,0,0
1996-02-07 21:00:00,3.8,60,7.7,190,0,0,0
1996-02-07 22:00:00,3.8,63,8.2,200,0,0,0
1996-02-07 23:00:00,2.7,72,6.6,190,0,0,0
1996-02-08 00:00:00,2.7,75,7.2,190,0,0,0
1996-02-08 01:00:00,2.7,78,8.2,190,0,0,0
1996-02-08 02:00:00,2.8,82,7.7,190,0,0,0
1996-02-08 03:00:00,2.7,82,8.2,200,0,0,0
1996-02-08 04:00:00,3.3,82,7.7,200,0,0,0
1996-02-08 05:00:00,3.3,85,6.1,200,0,0,0
1996-02-08 06:00:00,3.8,83,6.1,200,0,0,0
1996-02-08 07:00:00,3.8,83,5.1,210,0,0,0
1996-02-08 08:00:00,3.9,82,5.1,180,18,6,18
1996-02-08 09:00:00,4.4,83,6.2,190,64,0,64
1996-02-08 10:00:00,6.1,76,6.1,210,125,0,125
1996-02-08 11:00:00,5.5,79,6.6,200,140,0,140
1996-02-08 12:00:00,6.1,79,5.6,200,164,0,164
1996-02-08 13:00:00,6.6,76,6.1,200,171,0,171
1996-02-08 14:00:00,6.6,76,5.1,180,159,0,159
1996-02-08 15:00:00,6.6,79,5.6,190,130,0,130
1996-02-08 16:00:00,7.2,73,7.2,200,87,0,87
1996-02-08 17:00:00,6.1,79,7.2,190,39,0,39
1996-02-08 18:00:00,6.1,82,8.2,190,6,0,6
1996-02-08 19:00:00,6.1,82,7.2,190,0,0,0
1996-02-08 20:00:00,6.1,82,8.7,210,0,0,0
1996-02-08 21:00:00,6.1,85,6.6,220,0,0,0
1996-02-08 22:00:00,6.1,82,7.2,210,0,0,0
1996-02-08 23:00:00,6.1,82,7.7,220,0,0,0
1996-02-09 00:00:00,6.1,85,7.2,230,0,0,0
1996-02-09 01:00:00,6.1,85,5.6,230,0,0,0
1996-02-09 02:00:00,6.1,85,5.1,220,0,0,0
1996-02-09 03:00:00,6.1,85,5.1,210,0,0,0
1996-02-09 04:00:00,5.0,85,4.6,200,0,0,0
1996-02-09 05:00:00,5.5,86,3.6,220,0,0,0
1996-02-09 06:00:00,5.5,86,2.5,230,0,0,0
1996-02-09 07:00:00,5.5,82,3.0,250,0,0,0
1996-02-09 08:00:00,6.1,76,3.0,270,19,51,15
1996-02-09 09:00:00,8.8,61,4.6,310,123,74,105
1996-02-09 10:00:00,9.4,56,7.7,300,102,0,102
1996-02-09 11:00:00,8.8,56,8.7,320,194,73,157
1996-02-09 12:00:00,8.8,54,9.2,320,358,149,272
1996-02-09 13:00:00,10.0,45,11.8,300,355,89,301
1996-02-09 14:00:00,9.4,45,10.2,300,297,55,266
1996-02-09 15:00:00,9.4,43,12.9,290,100,22,89
1996-02-09 16:00:00,9.4,45,9.7,300,152,104,115
1996-02-09 17:00:00,8.8,47,8.7,300,82,39,74
1996-02-09 18:00:00,7.7,53,6.6,300,7,13,7
1996-02-09 19:00:00,7.7,53,7.2,300,0,0,0
1996-02-09 20:00:00,6.6,57,5.1,280,0,0,0
1996-02-09 21:00:00,5.5,61,4.1,270,0,0,0
1996-02-09 22:00:00,5.5,61,2.0,220,0,0,0
1996-02-09 23:00:00,5.0,63,3.6,230,0,0,0
1996-02-10 00:00:00,6.6,57,5.1,270,0,0,0
1996-02-10 01:00:00,7.2,52,5.1,270,0,0,0
1996-02-10 02:00:00,7.2,52,3.6,270,0,0,0
1996-02-10 03:00:00,6.6,52,5.1,260,0,0,0
1996-02-10 04:00:00,6.1,51,3.0,270,0,0,0
1996-02-10 05:00:00,5.0,55,3.6,280,0,0,0
1996-02-10 06:00:00,4.4,58,3.6,260,0,0,0
1996-02-10 07:00:00,4.4,58,3.0,250,0,0,0
1996-02-10 08:00:00,5.5,56,3.0,230,23,34,21
1996-02-10 09:00:00,7.2,54,2.0,220,71,67,54
1996-02-10 10:00:00,8.3,51,3.6,200,321,363,178
1996-02-10 11:00:00,9.4,47,4.6,210,309,138,238
1996-02-10 12:00:00,8.8,47,5.6,200,209,0,209
1996-02-10 13:00:00,9.4,49,5.6,180,217,0,217
1996-02-10 14:00:00,9.4,47,5.6,190,203,0,203
1996-02-10 15:00:00,9.4,49,5.1,180,133,0,133
1996-02-10 16:00:00,9.4,49,5.6,170,187,195,117
1996-02-10 17:00:00,8.8,51,5.6,170,107,58,95
1996-02-10 18:00:00,8.8,51,5.1,170,19,3,19
1996-02-10 19:00:00,9.4,52,5.1,170,0,0,0
1996-02-10 20:00:00,10.5,48,6.1,180,0,0,0
1996-02-10 21:00:00,11.1,46,7.2,190,0,0,0
1996-02-10 22:00:00,10.5,46,6.6,190,0,0,0
1996-02-10 23:00:00,11.1,46,7.7,200,0,0,0
1996-02-11 00:00:00,12.2,43,7.7,210,0,0,0
1996-02-11 01:00:00,12.7,43,8.2,200,0,0,0
1996-02-11 02:00:00,12.7,43,7.7,200,0,0,0
1996-02-11 03:00:00,13.3,43,6.6,210,0,0,0
1996-02-11 04:00:00,12.7,47,7.2,200,0,0,0
1996-02-11 05:00:00,12.7,51,8.2,210,0,0,0
1996-02-11 06:00:00,12.7,53,6.6,210,0,0,0
1996-02-11 07:00:00,12.7,55,8.2,210,0,0,0
1996-02-11 08:00:00,12.2,56,4.1,250,20,0,20
1996-02-11 09:00:00,12.2,59,2.0,250,71,0,71
1996-02-11 10:00:00,12.2,54,3.6,300,106,0,106
1996-02-11 11:00:00,12.2,48,6.1,310,351,308,193
1996-02-11 12:00:00,12.2,41,8.2,300,347,177,244
1996-02-11 13:00:00,13.3,33,9.2,310,591,822,97
1996-02-11 14:00:00,12.2,34,10.2,300,546,787,98
1996-02-11 15:00:00,11.6,29,10.2,290,438,728,83
1996-02-11 16:00:00,12.2,28,12.3,280,306,621,81
1996-02-11 17:00:00,10.5,30,10.8,280,135,432,47
1996-02-11 18:00:00,8.8,37,8.2,300,12,19,11
1996-02-11 19:00:00,7.7,38,11.8,290,0,0,0
1996-02-11 20:00:00,7.2,38,9.2,270,0,0,0
1996-02-11 21:00:00,6.1,41,9.2,300,0,0,0
1996-02-11 22:00:00,5.5,42,9.7,290,0,0,0
1996-02-11 23:00:00,5.0,48,7.2,280,0,0,0
1996-02-12 00:00:00,4.4,41,9.2,280,0,0,0
1996-02-12 01:00:00,3.8,45,9.2,290,0,0,0
1996-02-12 02:00:00,2.2,46,8.2,300,0,0,0
1996-02-12 03:00:00,1.6,40,8.2,300,0,0,0
1996-02-12 04:00:00,0.0,43,10.8,310,0,0,0
1996-02-12 05:00:00,0.0,40,8.2,310,0,0,0
1996-02-12 06:00:00,0.0,43,9.7,310,0,0,0
1996-02-12 07:00:00,-0.6,38,10.2,320,0,0,0
1996-02-12 08:00:00,-0.6,38,8.7,320,22,6,22
1996-02-12 09:00:00,0.0,37,12.8,320,77,41,66
1996-02-12 10:00:00,-0.6,36,12.8,310,229,70,200
1996-02-12 11:00:00,1.1,31,9.2,330,253,206,146
1996-02-12 12:00:00,1.1,35,10.2,320,252,66,213
1996-02-12 13:00:00,1.6,33,10.2,310,400,63,361
1996-02-12 14:00:00,0.5,33,10.8,320,375,115,309
1996-02-12 15:00:00,2.2,31,8.2,330,408,305,258
1996-02-12 16:00:00,1.1,29,9.2,290,271,437,111
1996-02-12 17:00:00,0.5,30,6.6,310,50,15,47
1996-02-12 18:00:00,-0.6,33,7.2,310,11,4,10
1996-02-12 19:00:00,-0.6,35,6.6,330,0,0,0
1996-02-12 20:00:00,-0.6,36,8.2,310,0,0,0
1996-02-12 21:00:00,-1.2,37,11.3,300,0,0,0
1996-02-12 22:00:00,-2.3,46,8.2,330,0,0,0
1996-02-12 23:00:00,-2.8,44,9.2,330,0,0,0
1996-02-13 00:00:00,-3.9,43,10.8,320,0,0,0
1996-02-13 01:00:00,-5.0,35,9.7,320,0,0,0
1996-02-13 02:00:00,-5.6,39,5.6,320,0,0,0
1996-02-13 03:00:00,-5.6,39,8.2,300,0,0,0
1996-02-13 04:00:00,-6.2,43,4.6,310,0,0,0
1996-02-13 05:00:00,-5.0,41,7.7,310,0,0,0
1996-02-13 06:00:00,-5.6,45,5.6,290,0,0,0
1996-02-13 07:00:00,-5.0,46,4.1,290,0,0,0
1996-02-13 08:00:00,-4.5,50,5.6,300,43,252,21
1996-02-13 09:00:00,-3.4,38,10.2,300,201,585,51
1996-02-13 10:00:00,-2.8,32,13.3,310,391,696,107
1996-02-13 11:00:00,-1.2,30,8.2,310,320,433,94
1996-02-13 12:00:00,0.0,27,9.2,320,429,566,94
1996-02-13 13:00:00,1.1,25,8.2,290,567,805,76
1996-02-13 14:00:00,1.6,24,6.6,290,504,694,103
1996-02-13 15:00:00,2.2,23,6.1,280,480,797,84
1996-02-13 16:00:00,2.7,23,5.6,230,349,705,88
1996-02-13 17:00:00,1.6,25,4.6,210,157,534,44
1996-02-13 18:00:00,-0.6,28,4.6,150,17,11,17
1996-02-13 19:00:00,-1.7,36,5.1,150,0,0,0
1996-02-13 20:00:00,-1.7,36,5.6,160,0,0,0
1996-02-13 21:00:00,-1.7,38,5.1,170,0,0,0
1996-02-13 22:00:00,-1.2,40,4.6,180,0,0,0
1996-02-13 23:00:00,0.5,37,6.1,160,0,0,0
1996-02-14 00:00:00,1.6,36,6.1,160,0,0,0
1996-02-14 01:00:00,1.6,36,6.1,160,0,0,0
1996-02-14 02:00:00,2.2,36,6.1,180,0,0,0
1996-02-14 03:00:00,2.2,53,9.7,220,0,0,0
1996-02-14 04:00:00,3.8,48,9.2,170,0,0,0
1996-02-14 05:00:00,4.4,41,9.2,190,0,0,0
1996-02-14 06:00:00,4.4,43,7.2,190,0,0,0
1996-02-14 07:00:00,3.8,45,7.7,190,0,0,0
1996-02-14 08:00:00,4.4,46,6.6,210,41,185,24
1996-02-14 09:00:00,7.2,40,8.2,210,179,483,54
1996-02-14 10:00:00,8.8,34,10.2,230,333,540,110
1996-02-14 11:00:00,10.5,32,7.2,250,468,605,149
1996-02-14 12:00:00,12.2,31,5.1,240,559,717,131
1996-02-14 13:00:00,12.7,26,7.2,290,453,306,265
1996-02-14 14:00:00,12.7,27,5.1,280,210,0,210
1996-02-14 15:00:00,12.2,28,5.1,250,311,2,309
1996-02-14 16:00:00,10.5,32,6.1,330,148,47,130
1996-02-14 17:00:00,10.0,33,6.1,330,82,29,75
1996-02-14 18:00:00,8.3,35,5.1,320,12,8,12
1996-02-14 19:00:00,6.1,41,5.6,330,0,0,0
1996-02-14 20:00:00,5.5,42,5.6,360,0,0,0
1996-02-14 21:00:00,5.0,48,4.1,10,0,0,0
1996-02-14 22:00:00,3.3,47,4.1,20,0,0,0
1996-02-14 23:00:00,2.7,49,3.0,60,0,0,0
1996-02-15 00:00:00,2.2,53,1.0,160,0,0,0
1996-02-15 01:00:00,2.7,51,1.5,220,0,0,0
1996-02-15 02:00:00,3.3,54,1.5,30,0,0,0
1996-02-15 03:00:00,4.4,50,3.0,110,0,0,0
1996-02-15 04:00:00,3.8,52,4.1,140,0,0,0
1996-02-15 05:00:00,3.3,59,4.6,140,0,0,0
1996-02-15 06:00:00,3.3,59,5.1,150,0,0,0
1996-02-15 07:00:00,3.3,63,2.0,60,0,0,0
1996-02-15 08:00:00,2.7,68,3.6,60,18,0,18
1996-02-15 09:00:00,2.7,72,4.6,10,72,0,72
1996-02-15 10:00:00,2.7,78,3.6,30,103,0,103
1996-02-15 11:00:00,3.8,76,3.0,40,162,0,162
1996-02-15 12:00:00,4.4,73,2.0,350,155,0,155
1996-02-15 13:00:00,5.5,64,2.5,10,161,0,161
1996-02-15 14:00:00,4.4,73,4.1,350,151,0,151
1996-02-15 15:00:00,5.0,70,3.6,10,404,273,266
1996-02-15 16:00:00,6.1,56,4.1,20,328,653,80
1996-02-15 17:00:00,5.5,59,3.6,70,127,360,49
1996-02-15 18:00:00,3.3,65,3.0,80,27,132,19
1996-02-15 19:00:00,1.6,77,3.0,90,0,0,0
1996-02-15 20:00:00,0.5,76,1.0,80,0,0,0
1996-02-15 21:00:00,0.0,79,0.5,330,0,0,0
1996-02-15 22:00:00,1.1,80,1.0,190,0,0,0
1996-02-15 23:00:00,1.6,77,2.5,100,0,0,0
1996-02-16 00:00:00,1.1,76,3.0,30,0,0,0
1996-02-16 01:00:00,0.5,80,2.5,350,0,0,0
1996-02-16 02:00:00,1.1,80,3.6,350,0,0,0
1996-02-16 03:00:00,1.6,77,3.0,350,0,0,0
1996-02-16 04:00:00,1.1,73,5.1,10,0,0,0
1996-02-16 05:00:00,0.5,80,5.1,10,0,0,0
1996-02-16 06:00:00,0.5,80,4.1,10,0,0,0
1996-02-16 07:00:00,0.0,83,7.7,10,0,0,0
1996-02-16 08:00:00,-0.6,83,8.2,20,16,0,16
1996-02-16 09:00:00,-0.6,83,7.7,20,39,0,39
1996-02-16 10:00:00,-1.2,87,8.7,10,73,0,73
1996-02-16 11:00:00,-0.6,79,9.2,10,101,0,101
1996-02-16 12:00:00,-0.6,76,9.2,10,119,0,119
1996-02-16 13:00:00,-1.2,80,10.8,10,123,0,123
1996-02-16 14:00:00,-1.7,79,10.8,360,115,0,115
1996-02-16 15:00:00,-1.7,83,10.8,360,94,0,94
1996-02-16 16:00:00,-2.3,83,7.7,360,64,0,64
1996-02-16 17:00:00,-1.7,79,6.6,350,32,0,32
1996-02-16 18:00:00,-2.8,83,8.2,360,8,0,8
1996-02-16 19:00:00,-2.3,76,8.7,340,0,0,0
1996-02-16 20:00:00,-2.3,72,6.6,340,0,0,0
1996-02-16 21:00:00,-1.7,65,6.1,340,0,0,0
1996-02-16 22:00:00,-1.7,51,8.2,340,0,0,0
1996-02-16 23:00:00,-1.7,54,7.2,340,0,0,0
1996-02-17 00:00:00,-2.3,51,8.7,310,0,0,0
1996-02-17 01:00:00,-3.9,51,11.3,320,0,0,0
1996-02-17 02:00:00,-5.0,53,11.8,310,0,0,0
1996-02-17 03:00:00,-6.2,48,7.7,320,0,0,0
1996-02-17 04:00:00,-7.3,56,11.3,310,0,0,0
1996-02-17 05:00:00,-8.4,64,10.8,310,0,0,0
1996-02-17 06:00:00,-7.8,61,8.7,320,0,0,0
1996-02-17 07:00:00,-7.8,58,9.7,310,0,0,0
1996-02-17 08:00:00,-6.7,55,8.7,310,38,94,29
1996-02-17 09:00:00,-5.6,50,9.2,310,208,453,84
1996-02-17 10:00:00,-3.9,46,9.2,310,327,527,103
1996-02-17 11:00:00,-2.3,42,8.2,300,210,86,163
1996-02-17 12:00:00,-2.3,40,7.7,300,282,113,213
1996-02-17 13:00:00,0.0,38,6.1,300,294,74,248
1996-02-17 14:00:00,0.0,37,6.6,280,361,115,292
1996-02-17 15:00:00,0.5,33,4.6,270,179,0,179
1996-02-17 16:00:00,0.0,35,5.1,270,207,0,207
1996-02-17 17:00:00,-1.2,37,5.1,230,96,29,89
1996-02-17 18:00:00,-1.7,40,5.1,210,14,5,14
1996-02-17 19:00:00,-1.2,38,5.6,220,0,0,0
1996-02-17 20:00:00,-1.2,38,5.6,210,0,0,0
1996-02-17 21:00:00,-1.2,40,5.1,220,0,0,0
1996-02-17 22:00:00,-1.2,45,5.6,240,0,0,0
1996-02-17 23:00:00,-0.6,45,4.6,240,0,0,0
1996-02-18 00:00:00,-1.2,49,3.6,240,0,0,0
1996-02-18 01:00:00,-1.7,51,3.6,240,0,0,0
1996-02-18 02:00:00,-2.3,54,4.1,250,0,0,0
1996-02-18 03:00:00,-2.3,54,3.6,250,0,0,0
1996-02-18 04:00:00,-3.9,59,4.1,230,0,0,0
1996-02-18 05:00:00,-4.5,62,2.5,210,0,0,0
1996-02-18 06:00:00,-2.8,56,4.6,280,0,0,0
1996-02-18 07:00:00,-2.8,56,4.6,270,0,0,0
1996-02-18 08:00:00,-1.7,54,3.6,250,48,130,35
1996-02-18 09:00:00,0.5,47,6.6,290,169,303,84
1996-02-18 10:00:00,1.1,41,7.7,300,151,86,113
1996-02-18 11:00:00,1.6,42,7.7,300,538,594,214
1996-02-18 12:00:00,2.2,33,7.7,310,499,569,149
1996-02-18 13:00:00,2.2,34,7.7,300,640,743,169
1996-02-18 14:00:00,2.7,31,8.2,300,568,736,126
1996-02-18 15:00:00,3.3,32,4.1,300,423,583,121
1996-02-18 16:00:00,3.8,31,5.6,290,344,587,113
1996-02-18 17:00:00,3.3,32,3.6,250,154,351,73
1996-02-18 18:00:00,0.5,39,1.5,310,23,100,16
1996-02-18 19:00:00,-3.4,56,1.0,120,0,0,0
1996-02-18 20:00:00,-3.9,59,0.5,120,0,0,0
1996-02-18 21:00:00,-3.9,62,1.0,190,0,0,0
1996-02-18 22:00:00,-3.9,62,1.5,180,0,0,0
1996-02-18 23:00:00,-2.8,56,2.0,160,0,0,0
1996-02-19 00:00:00,-2.8,56,2.0,150,0,0,0
1996-02-19 01:00:00,-1.2,49,4.6,150,0,0,0
1996-02-19 02:00:00,-1.2,49,4.1,110,0,0,0
1996-02-19 03:00:00,-2.3,59,3.6,110,0,0,0
1996-02-19 04:00:00,-3.4,65,2.5,130,0,0,0
1996-02-19 05:00:00,-5.0,74,2.5,140,0,0,0
1996-02-19 06:00:00,-2.8,68,4.1,180,0,0,0
1996-02-19 07:00:00,-2.8,72,4.1,140,0,0,0
1996-02-19 08:00:00,-2.3,72,2.0,180,29,17,27
1996-02-19 09:00:00,1.1,63,4.6,160,147,47,134
1996-02-19 10:00:00,3.8,55,5.1,150,118,0,118
1996-02-19 11:00:00,5.5,51,6.1,150,158,0,158
1996-02-19 12:00:00,7.2,43,6.1,170,183,0,183
1996-02-19 13:00:00,8.8,43,6.6,170,422,120,345
1996-02-19 14:00:00,9.4,41,7.2,140,333,176,226
1996-02-19 15:00:00,8.8,43,6.1,140,269,73,230
1996-02-19 16:00:00,8.3,48,6.1,130,245,239,150
1996-02-19 17:00:00,7.7,53,5.1,120,67,66,52
1996-02-19 18:00:00,7.2,57,5.6,130,20,7,20
1996-02-19 19:00:00,6.1,62,4.1,120,0,0,0
1996-02-19 20:00:00,6.1,65,4.6,100,0,0,0
1996-02-19 21:00:00,6.1,67,4.1,100,0,0,0
1996-02-19 22:00:00,5.0,73,3.0,80,0,0,0
1996-02-19 23:00:00,3.3,75,2.0,360,0,0,0
1996-02-20 00:00:00,1.6,87,19.5,320,0,0,0
1996-02-20 01:00:00,2.7,82,3.0,30,0,0,0
1996-02-20 02:00:00,3.8,83,1.5,30,0,0,0
1996-02-20 03:00:00,5.0,79,4.1,90,0,0,0
1996-02-20 04:00:00,5.5,82,4.6,110,0,0,0
1996-02-20 05:00:00,6.1,82,3.6,110,0,0,0
1996-02-20 06:00:00,6.6,82,2.5,50,0,0,0
1996-02-20 07:00:00,6.6,86,1.0,260,0,0,0
1996-02-20 08:00:00,7.2,86,2.0,110,14,0,14
1996-02-20 09:00:00,7.7,90,2.0,70,51,0,51
1996-02-20 10:00:00,7.7,90,2.5,10,87,0,87
1996-02-20 11:00:00,9.4,86,4.1,80,115,0,115
1996-02-20 12:00:00,9.4,86,3.0,70,132,0,132
1996-02-20 13:00:00,10.5,86,2.5,110,137,0,137
1996-02-20 14:00:00,11.6,83,2.5,90,129,0,129
1996-02-20 15:00:00,11.1,89,3.6,80,130,0,130
1996-02-20 16:00:00,12.7,86,4.6,130,93,0,93
1996-02-20 17:00:00,13.8,87,6.6,150,48,0,48
1996-02-20 18:00:00,13.3,87,6.6,150,9,0,9
1996-02-20 19:00:00,13.3,87,4.6,160,0,0,0
1996-02-20 20:00:00,13.3,89,5.6,160,0,0,0
1996-02-20 21:00:00,13.3,87,4.6,150,0,0,0
1996-02-20 22:00:00,13.3,87,4.1,160,0,0,0
1996-02-20 23:00:00,12.7,90,4.1,160,0,0,0
1996-02-21 00:00:00,13.3,87,4.6,160,0,0,0
1996-02-21 01:00:00,13.3,89,5.1,160,0,0,0
1996-02-21 02:00:00,13.3,87,4.1,170,0,0,0
1996-02-21 03:00:00,12.7,90,2.5,190,0,0,0
1996-02-21 04:00:00,12.7,90,2.5,220,0,0,0
1996-02-21 05:00:00,12.2,89,0.5,360,0,0,0
1996-02-21 06:00:00,11.6,90,2.0,30,0,0,0
1996-02-21 07:00:00,11.6,90,2.0,50,0,0,0
1996-02-21 08:00:00,11.6,86,2.0,10,18,0,18
1996-02-21 09:00:00,12.2,86,2.0,40,58,0,58
1996-02-21 10:00:00,12.7,86,2.0,350,94,0,94
1996-02-21 11:00:00,15.0,74,3.6,360,321,79,276
1996-02-21 12:00:00,16.1,72,2.5,80,285,59,248
1996-02-21 13:00:00,16.6,65,3.6,30,244,140,153
1996-02-21 14:00:00,17.2,63,3.0,50,367,239,220
1996-02-21 15:00:00,16.6,65,1.5,320,263,178,169
1996-02-21 16:00:00,15.6,69,3.1,50,121,0,121
1996-02-21 17:00:00,15.0,72,1.0,100,84,0,84
1996-02-21 18:00:00,13.8,78,3.0,80,16,0,16
1996-02-21 19:00:00,13.3,80,1.0,160,0,0,0
1996-02-21 20:00:00,13.3,80,2.0,50,0,0,0
1996-02-21 21:00:00,12.2,83,1.5,70,0,0,0
1996-02-21 22:00:00,12.2,83,3.0,120,0,0,0
1996-02-21 23:00:00,12.2,83,2.5,170,0,0,0
1996-02-22 00:00:00,12.2,83,2.0,200,0,0,0
1996-02-22 01:00:00,11.6,86,3.0,170,0,0,0
1996-02-22 02:00:00,12.2,83,1.0,320,0,0,0
1996-02-22 03:00:00,11.6,86,2.5,170,0,0,0
1996-02-22 04:00:00,12.2,86,0.5,220,0,0,0
1996-02-22 05:00:00,11.6,90,1.0,90,0,0,0
1996-02-22 06:00:00,11.6,86,0.5,200,0,0,0
1996-02-22 07:00:00,11.6,86,1.5,130,0,0,0
1996-02-22 08:00:00,11.6,86,2.0,200,18,0,18
1996-02-22 09:00:00,12.2,83,1.0,20,58,0,58
1996-02-22 10:00:00,12.8,83,1.5,120,94,0,94
1996-02-22 11:00:00,13.3,80,1.0,50,121,0,121
1996-02-22 12:00:00,13.3,80,2.0,30,138,0,138
1996-02-22 13:00:00,13.8,80,1.5,90,142,0,142
1996-02-22 14:00:00,13.3,83,3.0,120,134,0,134
1996-02-22 15:00:00,13.3,83,2.5,120,115,0,115
1996-02-22 16:00:00,12.7,84,2.0,90,84,0,84
1996-02-22 17:00:00,12.2,86,2.0,100,46,0,46
1996-02-22 18:00:00,11.6,90,2.0,90,9,0,9
1996-02-22 19:00:00,11.6,90,4.1,80,0,0,0
1996-02-22 20:00:00,11.6,86,2.0,80,0,0,0
1996-02-22 21:00:00,11.6,86,2.0,60,0,0,0
1996-02-22 22:00:00,11.6,86,1.0,50,0,0,0
1996-02-22 23:00:00,11.1,89,1.0,50,0,0,0
1996-02-23 00:00:00,11.6,86,1.0,40,0,0,0
1996-02-23 01:00:00,11.1,89,2.0,20,0,0,0
1996-02-23 02:00:00,11.1,89,4.1,360,0,0,0
1996-02-23 03:00:00,11.1,89,4.1,30,0,0,0
1996-02-23 04:00:00,11.1,86,3.0,60,0,0,0
1996-02-23 05:00:00,10.5,89,3.0,60,0,0,0
1996-02-23 06:00:00,10.5,89,3.6,50,0,0,0
1996-02-23 07:00:00,10.5,89,2.0,70,0,0,0
1996-02-23 08:00:00,10.5,89,2.0,70,19,0,19
1996-02-23 09:00:00,11.1,89,2.5,70,58,0,58
1996-02-23 10:00:00,11.6,86,1.0,100,95,0,95
1996-02-23 11:00:00,12.2,83,2.0,40,122,0,122
1996-02-23 12:00:00,12.7,84,2.5,80,139,0,139
1996-02-23 13:00:00,13.3,80,2.0,150,143,0,143
1996-02-23 14:00:00,13.8,80,3.0,170,135,0,135
1996-02-23 15:00:00,13.8,80,3.6,130,115,0,115
1996-02-23 16:00:00,13.3,80,4.6,140,85,0,85
1996-02-23 17:00:00,13.3,83,2.5,170,47,0,47
1996-02-23 18:00:00,12.7,84,4.6,180,9,0,9
1996-02-23 19:00:00,12.7,86,4.6,160,0,0,0
1996-02-23 20:00:00,12.2,86,5.1,160,0,0,0
1996-02-23 21:00:00,12.2,86,6.6,150,0,0,0
1996-02-23 22:00:00,11.6,86,5.6,160,0,0,0
1996-02-23 23:00:00,11.6,86,5.6,140,0,0,0
1996-02-24 00:00:00,11.6,86,6.6,160,0,0,0
1996-02-24 01:00:00,11.6,86,6.1,170,0,0,0
1996-02-24 02:00:00,11.6,86,5.1,180,0,0,0
1996-02-24 03:00:00,11.1,89,5.1,180,0,0,0
1996-02-24 04:00:00,11.1,89,5.1,180,0,0,0
1996-02-24 05:00:00,11.6,90,4.1,220,0,0,0
1996-02-24 06:00:00,11.6,90,4.6,250,0,0,0
1996-02-24 07:00:00,12.2,86,4.1,250,0,0,0
1996-02-24 08:00:00,13.3,55,10.8,300,46,66,37
1996-02-24 09:00:00,14.4,39,11.3,290,248,527,87
1996-02-24 10:00:00,13.3,26,11.8,300,418,771,63
1996-02-24 11:00:00,13.3,24,12.8,290,508,614,155
1996-02-24 12:00:00,15.0,20,11.8,290,617,804,99
1996-02-24 13:00:00,16.1,18,12.8,300,678,875,98
1996-02-24 14:00:00,16.1,17,15.4,290,597,819,82
1996-02-24 15:00:00,16.6,16,13.3,300,448,641,98
1996-02-24 16:00:00,16.6,17,10.8,300,360,682,76
1996-02-24 17:00:00,16.6,17,10.2,280,166,322,84
1996-02-24 18:00:00,15.0,18,8.7,290,36,223,18
1996-02-24 19:00:00,13.8,20,9.2,280,0,0,0
1996-02-24 20:00:00,13.3,20,6.6,280,0,0,0
1996-02-24 21:00:00,12.7,20,6.1,260,0,0,0
1996-02-24 22:00:00,11.6,24,5.6,270,0,0,0
1996-02-24 23:00:00,11.6,25,5.6,270,0,0,0
1996-02-25 00:00:00,11.6,27,6.6,280,0,0,0
1996-02-25 01:00:00,11.1,27,7.7,260,0,0,0
1996-02-25 02:00:00,11.1,23,5.1,260,0,0,0
1996-02-25 03:00:00,11.1,29,4.1,260,0,0,0
1996-02-25 04:00:00,8.8,34,3.6,220,0,0,0
1996-02-25 05:00:00,8.8,35,2.5,220,0,0,0
1996-02-25 06:00:00,9.4,34,6.1,230,0,0,0
1996-02-25 07:00:00,9.4,34,6.6,230,0,1,0
1996-02-25 08:00:00,10.5,33,6.1,220,67,178,43
1996-02-25 09:00:00,13.3,29,6.1,230,230,482,80
1996-02-25 10:00:00,16.1,25,6.1,260,405,607,123
1996-02-25 11:00:00,19.4,20,7.7,280,501,632,135
1996-02-25 12:00:00,21.1,18,7.7,280,582,647,162
1996-02-25 13:00:00,21.6,17,8.2,290,634,707,162
1996-02-25 14:00:00,22.2,14,12.3,300,623,756,144
1996-02-25 15:00:00,22.2,15,10.2,290,448,499,174
1996-02-25 16:00:00,22.2,14,10.8,290,351,583,105
1996-02-25 17:00:00,21.1,14,8.7,300,114,138,78
1996-02-25 18:00:00,18.8,18,5.6,290,31,24,29
1996-02-25 19:00:00,19.4,18,6.6,290,0,0,0
1996-02-25 20:00:00,17.7,21,4.1,270,0,0,0
1996-02-25 21:00:00,18.3,22,3.6,260,0,0,0
1996-02-25 22:00:00,18.3,22,4.1,270,0,0,0
1996-02-25 23:00:00,16.6,24,3.0,250,0,0,0
1996-02-26 00:00:00,15.0,27,3.6,250,0,0,0
1996-02-26 01:00:00,13.3,32,3.0,230,0,0,0
1996-02-26 02:00:00,13.3,30,3.6,240,0,0,0
1996-02-26 03:00:00,12.7,36,3.0,250,0,0,0
1996-02-26 04:00:00,12.2,31,2.5,280,0,0,0
1996-02-26 05:00:00,8.3,48,1.0,260,0,0,0
1996-02-26 06:00:00,7.7,48,2.5,250,0,0,0
1996-02-26 07:00:00,9.4,41,3.0,170,1,2,1
1996-02-26 08:00:00,8.8,61,2.5,220,42,83,31
1996-02-26 09:00:00,13.3,33,3.0,290,104,0,104
1996-02-26 10:00:00,15.0,34,1.5,280,169,0,169
1996-02-26 11:00:00,13.8,45,3.0,360,175,0,175
1996-02-26 12:00:00,14.4,45,3.0,340,199,0,199
1996-02-26 13:00:00,13.3,53,2.0,10,205,0,205
1996-02-26 14:00:00,15.0,45,2.5,20,194,0,194
1996-02-26 15:00:00,13.8,53,3.6,350,165,0,165
1996-02-26 16:00:00,12.7,64,2.5,260,120,0,120
1996-02-26 17:00:00,12.7,69,2.5,240,66,0,66
1996-02-26 18:00:00,11.6,77,2.5,240,14,0,14
1996-02-26 19:00:00,11.1,83,1.0,320,0,0,0
1996-02-26 20:00:00,10.5,86,1.0,190,0,0,0
1996-02-26 21:00:00,10.5,86,1.5,300,0,0,0
1996-02-26 22:00:00,10.5,86,1.5,330,0,0,0
1996-02-26 23:00:00,10.5,83,1.5,360,0,0,0
1996-02-27 00:00:00,9.4,83,2.0,220,0,0,0
1996-02-27 01:00:00,7.7,86,1.0,320,0,0,0
1996-02-27 02:00:00,8.3,89,1.5,260,0,0,0
1996-02-27 03:00:00,9.4,86,1.0,160,0,0,0
1996-02-27 04:00:00,9.4,86,1.0,10,0,0,0
1996-02-27 05:00:00,9.4,86,0.5,50,0,0,0
1996-02-27 06:00:00,9.4,83,3.0,60,0,0,0
1996-02-27 07:00:00,9.4,80,2.0,240,0,0,0
1996-02-27 08:00:00,11.1,77,1.5,200,52,23,49
1996-02-27 09:00:00,12.2,74,2.0,160,71,0,71
1996-02-27 10:00:00,13.8,43,2.0,170,123,0,123
1996-02-27 11:00:00,14.4,35,2.5,170,164,0,164
1996-02-27 12:00:00,16.1,39,7.2,160,437,232,284
1996-02-27 13:00:00,17.7,40,7.2,160,195,0,195
1996-02-27 14:00:00,17.7,45,4.6,170,183,0,183
1996-02-27 15:00:00,18.8,48,7.7,200,451,259,306
1996-02-27 16:00:00,19.4,49,6.1,180,228,89,190
1996-02-27 17:00:00,18.3,52,5.6,170,104,49,91
1996-02-27 18:00:00,16.6,58,4.6,150,27,6,26
1996-02-27 19:00:00,15.5,60,4.1,160,0,0,0
1996-02-27 20:00:00,15.0,62,3.0,210,0,0,0
1996-02-27 21:00:00,15.5,62,4.6,180,0,0,0
1996-02-27 22:00:00,16.1,75,7.2,220,0,0,0
1996-02-27 23:00:00,16.6,67,6.6,220,0,0,0
1996-02-28 00:00:00,16.1,69,4.6,220,0,0,0
1996-02-28 01:00:00,15.5,75,5.6,210,0,0,0
1996-02-28 02:00:00,15.0,80,4.1,210,0,0,0
1996-02-28 03:00:00,15.0,77,3.6,190,0,0,0
1996-02-28 04:00:00,15.5,75,4.6,220,0,0,0
1996-02-28 05:00:00,15.0,77,4.6,220,0,0,0
1996-02-28 06:00:00,15.5,72,6.1,220,0,0,0
1996-02-28 07:00:00,15.5,75,3.6,270,0,0,0
1996-02-28 08:00:00,15.5,75,3.6,300,34,0,34
1996-02-28 09:00:00,16.6,72,3.0,250,91,0,91
1996-02-28 10:00:00,18.3,65,5.6,300,236,80,198
1996-02-28 11:00:00,17.7,58,6.6,290,381,198,263
1996-02-28 12:00:00,18.3,48,7.2,290,206,0,206
1996-02-28 13:00:00,18.8,34,8.2,290,307,55,269
1996-02-28 14:00:00,18.3,21,8.7,290,403,43,375
1996-02-28 15:00:00,19.4,22,4.6,260,315,345,121
1996-02-28 16:00:00,19.4,22,9.2,280,264,87,227
1996-02-28 17:00:00,18.3,16,8.7,270,143,34,134
1996-02-28 18:00:00,15.5,20,10.2,310,41,40,37
1996-02-28 19:00:00,12.2,31,8.2,310,0,0,0
1996-02-28 20:00:00,8.8,32,11.8,310,0,0,0
1996-02-28 21:00:00,6.1,33,13.3,310,0,0,0
1996-02-28 22:00:00,5.1,38,11.8,300,0,0,0
1996-02-28 23:00:00,4.1,35,10.2,320,0,0,0
1996-02-29 00:00:00,3.1,43,8.7,310,0,0,0
2005-03-01 01:00:00,2.0,92,7.2,290,0,0,0
2005-03-01 02:00:00,1.0,92,5.7,290,0,0,0
2005-03-01 03:00:00,0.0,92,4.1,240,0,0,0
2005-03-01 04:00:00,-1.0,92,2.6,280,0,0,0
2005-03-01 05:00:00,-1.0,92,2.6,260,0,0,0
2005-03-01 06:00:00,-1.0,92,2.1,210,0,0,0
2005-03-01 07:00:00,-1.0,92,2.6,230,0,0,0
2005-03-01 08:00:00,-1.0,92,3.1,230,99,91,85
2005-03-01 09:00:00,0.0,92,3.6,250,102,0,102
2005-03-01 10:00:00,1.0,86,4.1,270,258,68,225
2005-03-01 11:00:00,2.0,73,5.1,250,436,261,279
2005-03-01 12:00:00,3.0,63,5.7,280,295,24,279
2005-03-01 13:00:00,3.0,49,7.7,270,294,24,277
2005-03-01 14:00:00,3.0,45,5.1,280,158,0,158
2005-03-01 15:00:00,4.0,38,7.2,270,363,172,265
2005-03-01 16:00:00,3.0,45,8.7,270,276,152,209
2005-03-01 17:00:00,3.0,45,8.7,270,233,411,119
2005-03-01 18:00:00,3.0,41,8.2,280,12,0,12
2005-03-01 19:00:00,2.0,44,8.2,290,0,0,0
2005-03-01 20:00:00,2.0,40,4.6,270,0,0,0
2005-03-01 21:00:00,1.0,43,4.6,270,0,0,0
2005-03-01 22:00:00,1.0,43,6.2,260,0,0,0
2005-03-01 23:00:00,1.0,47,9.3,280,0,0,0
2005-03-02 00:00:00,1.0,47,9.3,280,0,0,0
2005-03-02 01:00:00,0.0,51,9.8,280,0,0,0
2005-03-02 02:00:00,0.0,46,11.8,280,0,0,0
2005-03-02 03:00:00,0.0,43,10.3,290,0,0,0
2005-03-02 04:00:00,-1.0,50,11.3,280,0,0,0
2005-03-02 05:00:00,-1.0,46,11.3,300,0,0,0
2005-03-02 06:00:00,-1.0,50,10.8,290,0,0,0
2005-03-02 07:00:00,-1.0,46,6.7,290,0,0,0
2005-03-02 08:00:00,-1.0,46,9.3,280,129,368,71
2005-03-02 09:00:00,-1.0,46,10.3,290,313,514,138
2005-03-02 10:00:00,0.0,46,11.3,290,298,129,234
2005-03-02 11:00:00,0.0,39,10.3,300,316,85,264
2005-03-02 12:00:00,1.0,36,11.8,300,583,410,305
2005-03-02 13:00:00,1.0,40,10.3,290,713,726,208
2005-03-02 14:00:00,2.0,37,10.3,280,638,651,207
2005-03-02 15:00:00,1.0,36,10.3,280,573,694,174
2005-03-02 16:00:00,1.0,33,11.3,300,330,287,202
2005-03-02 17:00:00,0.0,36,11.8,290,234,485,98
2005-03-02 18:00:00,0.0,32,12.3,290,48,257,24
2005-03-02 19:00:00,-1.0,35,9.8,300,0,0,0
2005-03-02 20:00:00,-2.0,42,11.3,280,0,0,0
2005-03-02 21:00:00,-2.0,42,11.3,290,0,0,0
2005-03-02 22:00:00,-2.0,42,7.2,290,0,0,0
2005-03-02 23:00:00,-3.0,42,8.7,300,0,0,0
2005-03-03 00:00:00,-3.0,42,9.8,300,0,0,0
2005-03-03 01:00:00,-3.0,42,9.3,290,0,0,0
2005-03-03 02:00:00,-3.0,46,8.7,290,0,0,0
2005-03-03 03:00:00,-4.0,50,6.7,300,0,0,0
2005-03-03 04:00:00,-4.0,50,7.7,290,0,0,0
2005-03-03 05:00:00,-4.0,50,6.2,300,0,0,0
2005-03-03 06:00:00,-4.0,54,9.3,310,0,0,0
2005-03-03 07:00:00,-4.0,54,6.7,310,0,0,0
2005-03-03 08:00:00,-3.0,50,7.2,310,137,394,73
2005-03-03 09:00:00,-3.0,46,10.3,290,319,653,93
2005-03-03 10:00:00,-1.0,39,7.2,290,495,780,106
2005-03-03 11:00:00,-1.0,39,11.3,310,619,807,123
2005-03-03 12:00:00,0.0,36,8.7,290,712,856,126
2005-03-03 13:00:00,1.0,33,8.2,290,731,864,125
2005-03-03 14:00:00,1.1,33,8.0,300,684,842,124
2005-03-03 15:00:00,1.0,33,7.7,300,579,813,108
2005-03-03 16:00:00,2.0,28,8.7,300,428,749,91
2005-03-03 17:00:00,1.0,30,7.7,300,240,604,67
2005-03-03 18:00:00,1.0,30,6.2,310,52,278,26
2005-03-03 19:00:00,0.0,30,4.6,290,0,0,0
2005-03-03 20:00:00,-1.0,35,4.6,310,0,0,0
2005-03-03 21:00:00,-1.0,35,4.6,310,0,0,0
2005-03-03 22:00:00,-2.0,42,3.1,310,0,0,0
2005-03-03 23:00:00,-2.0,42,1.5,290,0,0,0
2005-03-04 00:00:00,-3.0,46,1.5,280,0,0,0
2005-03-04 01:00:00,-3.0,46,2.1,280,0,0,0
2005-03-04 02:00:00,-4.0,50,1.5,260,0,0,0
2005-03-04 03:00:00,-6.0,64,0.5,190,0,0,0
2005-03-04 04:00:00,-7.0,70,1.5,250,0,0,0
2005-03-04 05:00:00,-8.0,84,1.0,260,0,0,0
2005-03-04 06:00:00,-4.0,59,2.6,330,0,0,0
2005-03-04 07:00:00,-5.0,59,3.1,350,0,0,0
2005-03-04 08:00:00,-2.0,42,4.6,340,134,354,75
2005-03-04 09:00:00,-1.0,39,2.1,340,325,658,94
2005-03-04 10:00:00,0.0,39,3.1,330,501,779,108
2005-03-04 11:00:00,2.0,34,3.1,270,632,825,120
2005-03-04 12:00:00,3.0,34,3.6,270,718,862,124
2005-03-04 13:00:00,4.0,35,4.6,280,743,882,120
2005-03-04 14:00:00,5.0,33,3.1,190,696,860,120
2005-03-04 15:00:00,6.0,30,4.1,240,579,801,111
2005-03-04 16:00:00,6.0,30,4.6,240,434,755,91
2005-03-04 17:00:00,6.0,30,4.6,240,245,616,67
2005-03-04 18:00:00,5.0,33,3.6,210,57,304,26
2005-03-04 19:00:00,5.0,36,2.6,210,0,0,0
2005-03-04 20:00:00,5.0,39,5.1,230,0,0,0
2005-03-04 21:00:00,3.0,81,1.5,230,0,0,0
2005-03-04 22:00:00,3.0,81,1.5,220,0,0,0
2005-03-04 23:00:00,2.0,87,1.5,250,0,0,0
2005-03-05 00:00:00,1.0,93,2.1,300,0,0,0
2005-03-05 01:00:00,2.0,87,1.0,300,0,0,0
2005-03-05 02:00:00,2.0,87,1.5,50,0,0,0
2005-03-05 03:00:00,2.0,87,1.5,20,0,0,0
2005-03-05 04:00:00,1.0,86,1.5,80,0,0,0
2005-03-05 05:00:00,1.0,86,3.1,50,0,0,0
2005-03-05 06:00:00,1.0,86,2.6,70,0,0,0
2005-03-05 07:00:00,0.0,72,3.1,80,0,0,0
2005-03-05 08:00:00,1.0,61,2.6,80,142,394,73
2005-03-05 09:00:00,2.0,57,3.6,80,324,632,99
2005-03-05 10:00:00,3.0,49,3.6,110,474,650,143
2005-03-05 11:00:00,4.0,45,4.1,90,600,685,171
2005-03-05 12:00:00,4.0,42,4.1,110,712,765,181
2005-03-05 13:00:00,4.0,42,5.1,90,671,576,262
2005-03-05 14:00:00,4.0,38,3.1,80,497,269,316
2005-03-05 15:00:00,5.0,36,1.0,90,540,564,208
2005-03-05 16:00:00,6.0,36,1.0,30,434,726,101
2005-03-05 17:00:00,6.0,39,3.6,10,246,600,70
2005-03-05 18:00:00,4.0,45,5.1,20,58,297,27
2005-03-05 19:00:00,2.0,48,2.1,60,0,0,0
2005-03-05 20:00:00,2.0,48,1.5,200,0,0,0
2005-03-05 21:00:00,-1.0,66,1.5,230,0,0,0
2005-03-05 22:00:00,-2.0,71,1.0,310,0,0,0
2005-03-05 23:00:00,-2.0,71,1.0,250,0,0,0
2005-03-06 00:00:00,0.0,60,2.6,300,0,0,0
2005-03-06 01:00:00,-1.0,71,3.1,330,0,0,0
2005-03-06 02:00:00,2.0,48,4.1,330,0,0,0
2005-03-06 03:00:00,1.0,47,4.1,340,0,0,0
2005-03-06 04:00:00,0.0,51,2.1,330,0,0,0
2005-03-06 05:00:00,-2.0,60,2.6,270,0,0,0
2005-03-06 06:00:00,-2.0,65,3.1,260,0,0,0
2005-03-06 07:00:00,-1.0,60,2.1,260,0,0,0
2005-03-06 08:00:00,2.0,52,3.6,260,149,420,74
2005-03-06 09:00:00,4.0,45,3.6,260,337,669,96
2005-03-06 10:00:00,6.0,47,5.7,260,507,754,118
2005-03-06 11:00:00,7.0,44,6.7,260,593,576,230
2005-03-06 12:00:00,8.0,48,8.2,250,577,368,320
2005-03-06 13:00:00,10.0,42,9.8,250,749,756,208
2005-03-06 14:00:00,11.0,39,11.3,250,702,854,122
2005-03-06 15:00:00,11.0,39,9.8,230,597,825,108
2005-03-06 16:00:00,12.0,37,9.3,260,440,750,93
2005-03-06 17:00:00,12.0,40,7.7,260,251,617,68
2005-03-06 18:00:00,12.0,37,5.1,260,62,318,28
2005-03-06 19:00:00,10.0,42,4.1,250,0,0,0
2005-03-06 20:00:00,9.0,41,2.6,280,0,0,0
2005-03-06 21:00:00,10.0,39,2.1,240,0,0,0
2005-03-06 22:00:00,8.0,44,2.1,240,0,0,0
2005-03-06 23:00:00,3.0,68,2.6,180,0,0,0
2005-03-07 00:00:00,4.0,64,2.1,200,0,0,0
2005-03-07 01:00:00,7.0,52,4.1,230,0,0,0
2005-03-07 02:00:00,6.0,55,3.6,230,0,0,0
2005-03-07 03:00:00,6.0,55,3.6,240,0,0,0
2005-03-07 04:00:00,6.0,60,2.6,230,0,0,0
2005-03-07 05:00:00,6.0,60,3.6,210,0,0,0
2005-03-07 06:00:00,7.0,56,4.1,220,0,0,0
2005-03-07 07:00:00,6.0,60,3.6,210,0,0,0
2005-03-07 08:00:00,9.0,53,4.1,210,156,409,81
2005-03-07 09:00:00,12.0,44,5.7,220,329,612,105
2005-03-07 10:00:00,16.0,34,5.7,200,486,656,145
2005-03-07 11:00:00,16.0,34,7.2,220,574,564,215
2005-03-07 12:00:00,18.0,30,7.7,240,736,747,210
2005-03-07 13:00:00,19.0,24,9.8,210,713,696,212
2005-03-07 14:00:00,20.0,20,8.7,230,708,824,144
2005-03-07 15:00:00,20.0,17,7.7,230,597,706,175
2005-03-07 16:00:00,20.0,20,10.8,220,304,199,212
2005-03-07 17:00:00,20.0,20,9.8,240,257,522,100
2005-03-07 18:00:00,19.0,26,7.7,240,63,306,29
2005-03-07 19:00:00,17.0,36,6.2,220,0,0,0
2005-03-07 20:00:00,16.0,31,5.1,220,0,0,0
2005-03-07 21:00:00,15.0,33,6.2,220,0,0,0
2005-03-07 22:00:00,15.0,33,6.2,210,0,0,0
2005-03-07 23:00:00,14.0,35,6.7,200,0,0,0
2005-03-08 00:00:00,15.0,36,8.2,190,0,0,0
2005-03-08 01:00:00,15.0,39,7.2,200,0,0,0
2005-03-08 02:00:00,14.0,44,7.2,200,0,0,0
2005-03-08 03:00:00,15.0,48,7.7,220,0,0,0
2005-03-08 04:00:00,15.0,48,6.2,220,0,0,0
2005-03-08 05:00:00,13.0,67,9.8,220,0,0,0
2005-03-08 06:00:00,11.0,87,3.1,260,0,0,0
2005-03-08 07:00:00,10.0,93,4.6,320,0,0,0
2005-03-08 08:00:00,8.0,93,7.7,350,115,185,80
2005-03-08 09:00:00,4.0,87,9.3,350,57,0,57
2005-03-08 10:00:00,1.0,93,7.7,330,85,0,85
2005-03-08 11:00:00,-2.0,92,12.3,320,107,0,107
2005-03-08 12:00:00,-3.0,92,11.8,350,116,0,116
2005-03-08 13:00:00,-2.0,65,7.7,340,126,0,126
2005-03-08 14:00:00,-2.0,60,9.8,340,164,0,164
2005-03-08 15:00:00,-1.0,50,13.4,360,387,172,283
2005-03-08 16:00:00,-1.0,50,11.3,360,430,581,157
2005-03-08 17:00:00,-1.0,46,9.8,360,258,619,70
2005-03-08 18:00:00,-1.0,39,11.3,310,68,328,30
2005-03-08 19:00:00,-2.0,38,12.9,300,0,0,0
2005-03-08 20:00:00,-3.0,42,10.3,290,0,0,0
2005-03-08 21:00:00,-3.0,38,10.8,300,0,0,0
2005-03-08 22:00:00,-4.0,41,12.3,290,0,0,0
2005-03-08 23:00:00,-4.0,41,14.9,300,0,0,0
2005-03-09 00:00:00,-5.0,41,12.3,310,0,0,0
2005-03-09 01:00:00,-5.0,38,11.8,310,0,0,0
2005-03-09 02:00:00,-5.0,38,7.2,310,0,0,0
2005-03-09 03:00:00,-6.0,41,7.2,320,0,0,0
2005-03-09 04:00:00,-8.0,53,4.6,310,0,0,0
2005-03-09 05:00:00,-8.0,53,4.1,300,0,0,0
2005-03-09 06:00:00,-9.0,64,3.1,260,0,0,0
2005-03-09 07:00:00,-8.0,70,2.6,250,0,51,0
2005-03-09 08:00:00,-6.0,59,3.1,280,141,319,80
2005-03-09 09:00:00,-3.0,42,8.7,290,292,359,157
2005-03-09 10:00:00,-2.0,42,7.7,270,525,661,174
2005-03-09 11:00:00,-2.0,38,8.7,300,661,836,121
2005-03-09 12:00:00,-1.0,39,6.2,300,748,873,124
2005-03-09 13:00:00,0.0,32,7.7,280,767,882,123
2005-03-09 14:00:00,1.0,30,7.7,290,720,747,203
2005-03-09 15:00:00,1.0,30,7.7,320,410,214,280
2005-03-09 16:00:00,2.0,28,8.2,310,452,639,149
2005-03-09 17:00:00,1.0,30,5.7,290,263,631,69
2005-03-09 18:00:00,0.0,30,3.6,310,69,320,31
2005-03-09 19:00:00,0.0,30,4.6,310,0,0,0
2005-03-09 20:00:00,-1.0,32,5.1,320,0,0,0
2005-03-09 21:00:00,-2.0,35,4.1,320,0,0,0
2005-03-09 22:00:00,-4.0,45,3.1,350,0,0,0
2005-03-09 23:00:00,-5.0,49,1.5,350,0,0,0
2005-03-10 00:00:00,-6.0,64,2.1,180,0,0,0
2005-03-10 01:00:00,-5.0,49,1.5,190,0,0,0
2005-03-10 02:00:00,-6.0,59,2.1,190,0,0,0
2005-03-10 03:00:00,-6.0,59,2.6,180,0,0,0
2005-03-10 04:00:00,-5.0,49,1.5,200,0,0,0
2005-03-10 05:00:00,-6.0,59,0.0,0,0,0,0
2005-03-10 06:00:00,-6.0,64,2.1,270,0,0,0
2005-03-10 07:00:00,-6.0,64,1.0,350,1,58,1
2005-03-10 08:00:00,-3.0,60,2.6,340,149,323,84
2005-03-10 09:00:00,-1.0,55,3.1,330,277,289,166
2005-03-10 10:00:00,0.0,55,4.6,280,531,612,203
2005-03-10 11:00:00,1.0,47,3.6,300,441,200,311
2005-03-10 12:00:00,1.0,43,3.6,300,754,584,334
2005-03-10 13:00:00,3.0,41,4.6,290,389,144,284
2005-03-10 14:00:00,3.0,41,3.6,270,726,711,230
2005-03-10 15:00:00,4.0,35,3.6,260,615,837,104
2005-03-10 16:00:00,5.0,33,3.1,220,458,757,96
2005-03-10 17:00:00,5.0,33,2.1,190,269,643,69
2005-03-10 18:00:00,2.0,44,4.1,150,73,342,32
2005-03-10 19:00:00,-1.0,71,2.6,100,0,0,0
2005-03-10 20:00:00,-2.0,78,2.1,110,0,0,0
2005-03-10 21:00:00,-1.0,66,3.1,130,0,0,0
2005-03-10 22:00:00,-1.0,66,2.6,120,0,0,0
2005-03-10 23:00:00,0.0,60,3.1,90,0,0,0
2005-03-11 00:00:00,-1.0,71,1.5,60,0,0,0
2005-03-11 01:00:00,-1.0,71,3.1,70,0,0,0
2005-03-11 02:00:00,-1.0,71,1.5,70,0,0,0
2005-03-11 03:00:00,-1.0,78,1.5,80,0,0,0
2005-03-11 04:00:00,-1.0,78,1.0,20,0,0,0
2005-03-11 05:00:00,-3.0,92,1.5,90,0,0,0
2005-03-11 06:00:00,-2.0,92,0.0,0,0,0,0
2005-03-11 07:00:00,-2.0,85,1.0,210,2,93,1
2005-03-11 08:00:00,2.0,62,3.6,210,174,468,78
2005-03-11 09:00:00,5.0,46,4.6,270,361,678,98
2005-03-11 10:00:00,8.0,41,7.2,250,537,783,113
2005-03-11 11:00:00,10.0,42,8.2,260,654,636,237
2005-03-11 12:00:00,10.0,42,6.7,250,221,12,212
2005-03-11 13:00:00,11.0,39,6.7,250,228,6,223
2005-03-11 14:00:00,11.0,39,3.1,280,176,0,176
2005-03-11 15:00:00,10.0,57,5.7,300,131,0,131
2005-03-11 16:00:00,10.0,54,2.6,240,464,522,212
2005-03-11 17:00:00,9.0,57,4.1,180,269,598,81
2005-03-11 18:00:00,6.0,70,3.1,200,67,246,36
2005-03-11 19:00:00,6.0,81,4.1,40,0,0,0
2005-03-11 20:00:00,4.0,93,1.5,70,0,0,0
2005-03-11 21:00:00,5.0,87,1.5,360,0,0,0
2005-03-11 22:00:00,6.0,75,7.7,340,0,0,0
2005-03-11 23:00:00,5.0,70,7.7,300,0,0,0
2005-03-12 00:00:00,4.0,59,9.3,290,0,0,0
2005-03-12 01:00:00,3.0,58,7.7,330,0,0,0
2005-03-12 02:00:00,2.0,52,6.7,320,0,0,0
2005-03-12 03:00:00,1.0,56,5.7,320,0,0,0
2005-03-12 04:00:00,0.0,60,5.1,310,0,0,0
2005-03-12 05:00:00,0.0,55,2.6,310,0,0,0
2005-03-12 06:00:00,-1.0,55,1.5,280,0,0,0
2005-03-12 07:00:00,-1.0,60,2.1,200,3,98,1
2005-03-12 08:00:00,1.0,56,1.5,220,172,444,78
2005-03-12 09:00:00,3.0,49,4.1,230,367,683,99
2005-03-12 10:00:00,4.0,45,6.7,220,543,789,112
2005-03-12 11:00:00,6.0,39,7.2,240,679,842,123
2005-03-12 12:00:00,7.0,44,7.7,230,766,879,125
2005-03-12 13:00:00,7.0,52,8.2,210,785,888,125
2005-03-12 14:00:00,8.0,48,7.7,240,738,878,118
2005-03-12 15:00:00,8.0,48,4.6,260,626,843,105
2005-03-12 16:00:00,10.0,39,6.7,270,469,757,102
2005-03-12 17:00:00,10.0,36,7.2,300,260,524,93
2005-03-12 18:00:00,8.0,37,6.7,280,79,336,36
2005-03-12 19:00:00,7.0,40,5.7,290,0,0,0
2005-03-12 20:00:00,7.0,44,5.1,320,0,0,0
2005-03-12 21:00:00,6.0,47,5.1,310,0,0,0
2005-03-12 22:00:00,5.0,42,6.7,310,0,0,0
2005-03-12 23:00:00,4.0,45,5.7,330,0,0,0
2005-03-13 00:00:00,3.0,49,3.6,20,0,0,0
2005-03-13 01:00:00,2.0,52,6.2,360,0,0,0
2005-03-13 02:00:00,3.0,49,4.1,350,0,0,0
2005-03-13 03:00:00,3.0,49,3.6,360,0,0,0
2005-03-13 04:00:00,3.0,49,4.1,360,0,0,0
2005-03-13 05:00:00,3.0,45,2.6,20,0,0,0
2005-03-13 06:00:00,2.0,52,1.0,10,0,0,0
2005-03-13 07:00:00,2.0,57,2.6,10,4,63,3
2005-03-13 08:00:00,3.0,49,2.6,20,178,262,122
2005-03-13 09:00:00,3.0,53,1.5,40,183,44,165
2005-03-13 10:00:00,4.0,45,1.5,330,111,0,111
2005-03-13 11:00:00,5.0,42,3.6,320,371,91,310
2005-03-13 12:00:00,5.0,42,2.6,10,208,18,195
2005-03-13 13:00:00,6.0,39,3.1,10,778,612,321
2005-03-13 14:00:00,5.0,46,2.6,40,263,36,238
2005-03-13 15:00:00,7.0,44,2.1,300,524,410,269
2005-03-13 16:00:00,7.0,44,2.6,10,470,699,128
2005-03-13 17:00:00,7.0,48,4.1,340,275,627,74
2005-03-13 18:00:00,7.0,44,3.1,290,80,338,35
2005-03-13 19:00:00,5.0,50,1.5,10,0,0,0
2005-03-13 20:00:00,4.0,59,2.1,140,0,0,0
2005-03-13 21:00:00,4.0,59,1.5,200,0,0,0
2005-03-13 22:00:00,4.0,59,0.0,0,0,0,0
2005-03-13 23:00:00,4.0,59,3.1,10,0,0,0
2005-03-14 00:00:00,4.0,59,3.1,20,0,0,0
2005-03-14 01:00:00,4.0,54,1.5,40,0,0,0
2005-03-14 02:00:00,3.0,53,3.6,360,0,0,0
2005-03-14 03:00:00,3.0,53,3.6,30,0,0,0
2005-03-14 04:00:00,3.0,49,5.1,350,0,0,0
2005-03-14 05:00:00,2.0,52,3.1,340,0,0,0
2005-03-14 06:00:00,2.0,48,5.7,340,0,0,0
2005-03-14 07:00:00,1.0,47,6.2,330,6,125,2
2005-03-14 08:00:00,1.0,47,4.6,340,185,474,81
2005-03-14 09:00:00,2.0,44,4.6,340,379,695,99
2005-03-14 10:00:00,3.0,41,4.1,290,555,795,112
2005-03-14 11:00:00,4.0,38,5.7,320,691,848,123
2005-03-14 12:00:00,5.0,33,6.7,10,777,885,125
2005-03-14 13:00:00,6.0,30,5.7,340,796,894,124
2005-03-14 14:00:00,6.0,28,6.7,310,749,884,118
2005-03-14 15:00:00,6.0,28,5.7,310,632,837,108
2005-03-14 16:00:00,6.0,25,7.2,310,475,769,96
2005-03-14 17:00:00,6.0,23,6.2,320,281,639,73
2005-03-14 18:00:00,5.0,25,6.7,330,84,360,36
2005-03-14 19:00:00,4.0,27,4.1,320,0,0,0
2005-03-14 20:00:00,3.0,31,4.1,340,0,0,0
2005-03-14 21:00:00,2.0,37,4.6,350,0,0,0
2005-03-14 22:00:00,2.0,34,4.1,330,0,0,0
2005-03-14 23:00:00,1.0,40,5.1,340,0,0,0
2005-03-15 00:00:00,1.0,36,2.6,320,0,0,0
2005-03-15 01:00:00,0.0,43,5.1,330,0,0,0
2005-03-15 02:00:00,-1.0,46,2.6,310,0,0,0
2005-03-15 03:00:00,-1.0,46,2.6,290,0,0,0
2005-03-15 04:00:00,-1.0,46,2.6,300,0,0,0
2005-03-15 05:00:00,-1.0,46,3.6,300,0,0,0
2005-03-15 06:00:00,-1.0,46,2.6,290,0,0,0
2005-03-15 07:00:00,-1.0,50,3.6,320,7,140,3
2005-03-15 08:00:00,1.0,40,7.2,310,192,492,81
2005-03-15 09:00:00,2.0,37,6.7,310,385,700,99
2005-03-15 10:00:00,3.0,34,7.7,330,561,800,111
2005-03-15 11:00:00,5.0,30,7.7,310,697,854,120
2005-03-15 12:00:00,6.0,28,8.2,310,783,885,126
2005-03-15 13:00:00,7.0,28,7.7,310,802,894,126
2005-03-15 14:00:00,8.0,26,9.8,310,749,872,123
2005-03-15 15:00:00,8.0,26,7.2,290,638,843,107
2005-03-15 16:00:00,8.0,26,7.2,320,481,781,93
2005-03-15 17:00:00,8.0,26,4.6,310,287,651,72
2005-03-15 18:00:00,8.0,26,5.7,310,85,352,37
2005-03-15 19:00:00,6.0,30,4.1,330,0,0,0
2005-03-15 20:00:00,6.0,30,4.6,330,0,0,0
2005-03-15 21:00:00,4.0,38,5.1,330,0,0,0
2005-03-15 22:00:00,2.0,44,1.0,350,0,0,0
2005-03-15 23:00:00,2.0,44,0.0,0,0,0,0
2005-03-16 00:00:00,2.0,40,2.6,340,0,0,0
2005-03-16 01:00:00,-2.0,65,1.0,200,0,0,0
2005-03-16 02:00:00,2.0,48,0.0,0,0,0,0
2005-03-16 03:00:00,1.0,51,1.0,190,0,0,0
2005-03-16 04:00:00,-1.0,66,0.0,0,0,0,0
2005-03-16 05:00:00,-1.0,71,0.0,0,0,0,0
2005-03-16 06:00:00,0.0,66,1.0,360,0,0,0
2005-03-16 07:00:00,0.0,66,2.6,350,5,15,5
2005-03-16 08:00:00,4.0,42,3.6,330,112,48,101
2005-03-16 09:00:00,5.0,39,5.1,340,342,393,179
2005-03-16 10:00:00,6.0,36,3.6,350,378,171,281
2005-03-16 11:00:00,7.0,37,2.6,320,603,502,261
2005-03-16 12:00:00,7.0,37,3.6,350,569,271,367
2005-03-16 13:00:00,8.0,37,5.1,270,467,108,385
2005-03-16 14:00:00,8.0,37,4.1,250,451,119,365
2005-03-16 15:00:00,8.0,34,3.6,290,291,30,272
2005-03-16 16:00:00,8.0,32,3.6,300,131,0,131
2005-03-16 17:00:00,8.0,32,4.1,290,111,0,111
2005-03-16 18:00:00,7.0,34,4.1,360,45,10,44
2005-03-16 19:00:00,6.0,39,3.1,10,0,0,0
2005-03-16 20:00:00,5.0,42,2.1,10,0,0,0
2005-03-16 21:00:00,5.0,42,0.5,30,0,0,0
2005-03-16 22:00:00,5.0,50,0.0,0,0,0,0
2005-03-16 23:00:00,3.0,63,0.0,0,0,0,0
2005-03-17 00:00:00,4.0,54,2.1,50,0,0,0
2005-03-17 01:00:00,4.0,49,4.1,30,0,0,0
2005-03-17 02:00:00,4.0,49,3.1,50,0,0,0
2005-03-17 03:00:00,4.0,49,3.1,60,0,0,0
2005-03-17 04:00:00,3.0,58,2.1,40,0,0,0
2005-03-17 05:00:00,3.0,58,2.6,40,0,0,0
2005-03-17 06:00:00,3.0,58,2.6,20,0,0,0
2005-03-17 07:00:00,3.0,53,2.6,40,5,2,5
2005-03-17 08:00:00,4.0,54,2.1,60,94,7,92
2005-03-17 09:00:00,4.0,49,3.6,80,125,0,125
2005-03-17 10:00:00,4.0,42,2.1,90,130,0,130
2005-03-17 11:00:00,4.0,45,2.6,50,157,0,157
2005-03-17 12:00:00,4.0,45,1.0,80,190,0,190
2005-03-17 13:00:00,5.0,36,0.5,120,156,0,156
2005-03-17 14:00:00,6.0,36,2.1,150,193,12,185
2005-03-17 15:00:00,6.0,36,2.1,190,507,333,295
2005-03-17 16:00:00,7.0,34,2.6,230,263,76,224
2005-03-17 17:00:00,7.0,34,2.6,240,273,400,138
2005-03-17 18:00:00,6.0,36,2.1,240,76,193,48
2005-03-17 19:00:00,5.0,46,2.6,260,0,0,0
2005-03-17 20:00:00,4.0,54,2.6,240,0,0,0
2005-03-17 21:00:00,3.0,53,3.1,260,0,0,0
2005-03-17 22:00:00,1.0,67,3.1,260,0,0,0
2005-03-17 23:00:00,1.0,67,3.1,240,0,0,0
2005-03-18 00:00:00,1.0,72,3.1,280,0,0,0
2005-03-18 01:00:00,-2.0,85,2.6,270,0,0,0
2005-03-18 02:00:00,0.0,78,2.6,290,0,0,0
2005-03-18 03:00:00,0.0,78,2.1,290,0,0,0
2005-03-18 04:00:00,-1.0,78,2.1,290,0,0,0
2005-03-18 05:00:00,-1.0,85,3.1,300,0,0,0
2005-03-18 06:00:00,0.0,78,2.6,290,0,0,0
2005-03-18 07:00:00,0.0,85,2.1,181,13,174,5
2005-03-18 08:00:00,3.0,74,1.5,280,202,499,82
2005-03-18 09:00:00,6.0,60,2.1,340,403,723,97
2005-03-18 10:00:00,9.0,45,1.5,350,578,812,110
2005-03-18 11:00:00,10.0,42,4.1,10,721,859,128
2005-03-18 12:00:00,12.0,37,3.6,360,801,891,127
2005-03-18 13:00:00,13.0,35,3.6,340,820,906,123
2005-03-18 14:00:00,14.0,35,5.7,340,767,884,121
2005-03-18 15:00:00,14.0,32,8.2,310,656,844,115
2005-03-18 16:00:00,14.0,32,6.7,300,493,782,96
2005-03-18 17:00:00,13.0,35,4.1,340,303,670,76
2005-03-18 18:00:00,10.0,46,1.5,40,96,387,38
2005-03-18 19:00:00,8.0,52,2.6,150,0,0,0
2005-03-18 20:00:00,7.0,52,1.5,170,0,0,0
2005-03-18 21:00:00,8.0,48,1.5,180,0,0,0
2005-03-18 22:00:00,5.0,59,1.0,170,0,0,0
2005-03-18 23:00:00,5.0,59,1.0,220,0,0,0
2005-03-19 00:00:00,4.0,64,1.0,180,0,0,0
2005-03-19 01:00:00,4.0,64,0.0,0,0,0,0
2005-03-19 02:00:00,2.0,70,1.0,80,0,0,0
2005-03-19 03:00:00,0.0,78,1.5,50,0,0,0
2005-03-19 04:00:00,2.0,73,2.6,60,0,0,0
2005-03-19 05:00:00,3.0,74,2.6,70,0,0,0
2005-03-19 06:00:00,3.0,74,2.6,70,0,0,0
2005-03-19 07:00:00,2.0,87,2.6,80,0,0,0
2005-03-19 08:00:00,4.0,75,4.1,70,209,517,82
2005-03-19 09:00:00,7.0,61,4.1,70,416,729,103
2005-03-19 10:00:00,8.0,57,2.6,130,578,793,116
2005-03-19 11:00:00,10.0,50,2.6,100,696,762,166
2005-03-19 12:00:00,12.0,47,2.6,110,807,855,157
2005-03-19 13:00:00,13.0,44,2.1,50,820,894,128
2005-03-19 14:00:00,14.0,44,4.6,30,773,890,119
2005-03-19 15:00:00,14.0,44,5.1,90,662,850,113
2005-03-19 16:00:00,14.0,44,4.6,110,493,770,99
2005-03-19 17:00:00,13.0,41,5.7,100,304,653,80
2005-03-19 18:00:00,11.0,50,4.6,120,100,414,38
2005-03-19 19:00:00,11.0,50,4.1,150,0,0,0
2005-03-19 20:00:00,10.0,54,4.6,150,0,0,0
2005-03-19 21:00:00,10.0,54,4.1,180,0,0,0
2005-03-19 22:00:00,9.0,61,3.1,170,0,0,0
2005-03-19 23:00:00,9.0,61,3.6,180,0,0,0
2005-03-20 00:00:00,8.0,81,4.6,190,0,0,0
2005-03-20 01:00:00,8.0,81,4.1,190,0,0,0
2005-03-20 02:00:00,7.0,93,3.1,190,0,0,0
2005-03-20 03:00:00,7.0,93,3.6,160,0,0,0
2005-03-20 04:00:00,7.0,93,3.6,170,0,0,0
2005-03-20 05:00:00,6.0,100,2.6,160,0,0,0
2005-03-20 06:00:00,6.0,100,2.6,190,0,0,0
2005-03-20 07:00:00,6.0,100,2.6,140,0,0,0
2005-03-20 08:00:00,7.0,93,3.1,170,99,7,98
2005-03-20 09:00:00,7.0,100,2.6,160,97,0,97
2005-03-20 10:00:00,8.0,100,2.6,190,97,0,97
2005-03-20 11:00:00,9.0,87,3.1,220,119,0,119
2005-03-20 12:00:00,9.0,93,1.5,160,159,0,159
2005-03-20 13:00:00,10.0,87,3.1,170,233,0,233
2005-03-20 14:00:00,11.0,76,2.1,220,211,6,206
2005-03-20 15:00:00,12.0,82,2.6,150,160,0,160
2005-03-20 16:00:00,13.0,67,3.6,170,499,535,224
2005-03-20 17:00:00,9.0,87,1.5,260,86,0,86
2005-03-20 18:00:00,9.0,93,2.1,340,16,0,16
2005-03-20 19:00:00,9.0,87,4.6,300,0,0,0
2005-03-20 20:00:00,8.0,71,4.1,320,0,0,0
2005-03-20 21:00:00,7.0,66,6.7,330,0,0,0
2005-03-20 22:00:00,7.0,66,5.7,300,0,0,0
2005-03-20 23:00:00,6.0,70,4.1,300,0,0,0
2005-03-21 00:00:00,6.0,70,3.1,290,0,0,0
2005-03-21 01:00:00,5.0,75,3.1,250,0,0,0
2005-03-21 02:00:00,6.0,70,6.2,300,0,0,0
2005-03-21 03:00:00,6.0,70,4.1,290,0,0,0
2005-03-21 04:00:00,5.0,70,5.1,300,0,0,0
2005-03-21 05:00:00,5.0,70,3.6,290,0,0,0
2005-03-21 06:00:00,5.0,64,4.1,300,0,0,0
2005-03-21 07:00:00,6.0,65,4.1,300,0,0,0
2005-03-21 08:00:00,7.0,56,5.7,280,222,526,86
2005-03-21 09:00:00,8.0,48,5.7,320,400,491,184
2005-03-21 10:00:00,7.0,52,7.7,310,227,37,205
2005-03-21 11:00:00,9.0,41,5.7,290,689,611,258
2005-03-21 12:00:00,9.0,41,5.7,340,697,512,303
2005-03-21 13:00:00,10.0,42,6.2,350,568,252,371
2005-03-21 14:00:00,10.0,39,6.7,320,691,514,309
2005-03-21 15:00:00,9.0,45,7.2,320,291,77,241
2005-03-21 16:00:00,10.0,42,7.7,340,505,624,182
2005-03-21 17:00:00,10.0,39,5.7,340,269,396,131
2005-03-21 18:00:00,8.0,44,7.2,350,106,335,53
2005-03-21 19:00:00,7.0,48,6.7,330,0,0,0
2005-03-21 20:00:00,6.0,51,3.6,310,0,0,0
2005-03-21 21:00:00,6.0,51,4.1,320,0,0,0
2005-03-21 22:00:00,5.0,55,4.1,310,0,0,0
2005-03-21 23:00:00,4.0,59,3.6,320,0,0,0
2005-03-22 00:00:00,4.0,59,3.6,310,0,0,0
2005-03-22 01:00:00,2.0,67,2.1,280,0,0,0
2005-03-22 02:00:00,2.0,67,3.6,320,0,0,0
2005-03-22 03:00:00,1.0,72,3.1,340,0,0,0
2005-03-22 04:00:00,0.0,78,1.5,280,0,0,0
2005-03-22 05:00:00,-1.0,78,2.1,360,0,0,0
2005-03-22 06:00:00,-1.0,78,1.5,240,0,0,0
2005-03-22 07:00:00,-1.0,85,1.0,290,0,0,0
2005-03-22 08:00:00,4.0,69,1.5,290,220,518,84
2005-03-22 09:00:00,6.0,60,2.1,360,413,652,123
2005-03-22 10:00:00,8.0,48,2.6,170,602,799,126
2005-03-22 11:00:00,9.5,44,3.1,190,745,871,127
2005-03-22 12:00:00,10.8,42,3.6,210,819,891,129
2005-03-22 13:00:00,12.0,40,4.1,230,838,906,125
2005-03-22 14:00:00,13.0,38,1.0,320,785,848,151
2005-03-22 15:00:00,13.0,38,1.0,150,639,737,156
2005-03-22 16:00:00,14.0,35,2.6,180,494,735,110
2005-03-22 17:00:00,14.0,35,5.1,220,311,637,86
2005-03-22 18:00:00,11.0,47,3.6,150,107,414,40
2005-03-22 19:00:00,9.0,57,4.6,180,0,0,0
2005-03-22 20:00:00,8.0,57,4.1,180,0,0,0
2005-03-22 21:00:00,8.0,57,3.6,190,0,0,0
2005-03-22 22:00:00,8.0,61,4.1,190,0,0,0
2005-03-22 23:00:00,8.0,66,3.6,170,0,0,0
2005-03-23 00:00:00,7.0,70,2.6,200,0,0,0
2005-03-23 01:00:00,6.0,87,3.1,140,0,0,0
2005-03-23 02:00:00,5.0,93,2.6,90,0,0,0
2005-03-23 03:00:00,5.0,93,2.6,90,0,0,0
2005-03-23 04:00:00,5.0,93,4.1,100,0,0,0
2005-03-23 05:00:00,5.0,93,5.7,100,0,0,0
2005-03-23 06:00:00,5.0,100,6.2,100,0,0,0
2005-03-23 07:00:00,5.0,100,6.2,100,0,0,0
2005-03-23 08:00:00,6.0,100,3.1,360,40,0,40
2005-03-23 09:00:00,7.0,93,6.2,60,69,0,69
2005-03-23 10:00:00,7.0,93,6.2,70,97,0,97
2005-03-23 11:00:00,7.0,93,6.7,70,119,0,119
2005-03-23 12:00:00,8.0,93,9.8,90,128,0,128
2005-03-23 13:00:00,7.0,93,7.7,90,132,0,132
2005-03-23 14:00:00,7.0,93,7.2,70,152,0,152
2005-03-23 15:00:00,7.0,93,6.2,50,108,0,108
2005-03-23 16:00:00,7.0,93,4.6,60,82,0,82
2005-03-23 17:00:00,7.0,93,6.7,50,76,0,76
2005-03-23 18:00:00,6.0,93,5.7,40,40,0,40
2005-03-23 19:00:00,5.0,93,4.6,20,0,0,0
2005-03-23 20:00:00,5.0,93,6.2,30,0,0,0
2005-03-23 21:00:00,5.0,93,5.1,30,0,0,0
2005-03-23 22:00:00,4.0,100,3.1,10,0,0,0
2005-03-23 23:00:00,4.0,93,3.6,20,0,0,0
2005-03-24 00:00:00,4.0,93,4.1,10,0,0,0
2005-03-24 01:00:00,4.0,93,4.1,10,0,0,0
2005-03-24 02:00:00,3.0,100,6.2,20,0,0,0
2005-03-24 03:00:00,3.0,93,3.6,30,0,0,0
2005-03-24 04:00:00,3.0,93,3.1,20,0,0,0
2005-03-24 05:00:00,3.0,93,4.1,20,0,0,0
2005-03-24 06:00:00,3.0,87,3.1,20,0,0,0
2005-03-24 07:00:00,3.0,87,3.6,350,0,0,0
2005-03-24 08:00:00,3.0,87,3.6,360,120,33,111
2005-03-24 09:00:00,4.0,81,4.6,350,130,0,130
2005-03-24 10:00:00,5.0,75,4.6,350,194,0,194
2005-03-24 11:00:00,6.0,75,5.1,360,319,42,289
2005-03-24 12:00:00,7.0,70,6.2,320,763,524,353
2005-03-24 13:00:00,8.0,66,6.2,320,377,54,334
2005-03-24 14:00:00,8.0,61,6.2,340,205,6,201
2005-03-24 15:00:00,8.0,61,4.1,360,131,0,131
2005-03-24 16:00:00,8.0,61,4.1,340,148,0,148
2005-03-24 17:00:00,8.0,61,3.1,10,107,0,107
2005-03-24 18:00:00,7.0,66,2.1,350,48,0,48
2005-03-24 19:00:00,7.0,70,3.1,300,0,0,0
2005-03-24 20:00:00,6.0,75,1.5,20,0,0,0
2005-03-24 21:00:00,6.0,75,3.6,90,0,0,0
2005-03-24 22:00:00,4.0,87,1.5,240,0,0,0
2005-03-24 23:00:00,5.0,81,2.6,210,0,0,0
2005-03-25 00:00:00,5.0,81,1.0,210,0,0,0
2005-03-25 01:00:00,5.0,81,1.5,220,0,0,0
2005-03-25 02:00:00,5.0,81,2.6,240,0,0,0
2005-03-25 03:00:00,5.0,81,2.6,230,0,0,0
2005-03-25 04:00:00,5.0,87,2.6,270,0,0,0
2005-03-25 05:00:00,5.0,87,0.0,0,0,0,0
2005-03-25 06:00:00,5.0,87,1.5,220,0,0,0
2005-03-25 07:00:00,6.0,81,2.6,240,0,0,0
2005-03-25 08:00:00,6.0,81,2.1,250,239,368,137
2005-03-25 09:00:00,7.0,76,2.1,260,82,0,82
2005-03-25 10:00:00,8.0,66,3.1,270,142,0,142
2005-03-25 11:00:00,8.0,66,2.1,270,175,0,175
2005-03-25 12:00:00,7.0,76,2.1,260,165,0,165
2005-03-25 13:00:00,7.0,76,1.0,310,185,0,185
2005-03-25 14:00:00,7.0,76,2.6,360,135,0,135
2005-03-25 15:00:00,7.0,81,2.6,360,114,0,114
2005-03-25 16:00:00,7.0,81,1.5,270,83,0,83
2005-03-25 17:00:00,7.0,87,1.5,300,128,11,124
2005-03-25 18:00:00,7.0,81,1.0,320,73,84,59
2005-03-25 19:00:00,6.0,87,1.0,360,0,0,0
2005-03-25 20:00:00,6.0,87,1.0,310,0,0,0
2005-03-25 21:00:00,6.0,93,1.0,110,0,0,0
2005-03-25 22:00:00,6.0,93,1.0,80,0,0,0
2005-03-25 23:00:00,6.0,93,0.0,0,0,0,0
2005-03-26 00:00:00,6.0,93,1.0,20,0,0,0
2005-03-26 01:00:00,6.0,93,0.0,0,0,0,0
2005-03-26 02:00:00,6.0,93,1.5,60,0,0,0
2005-03-26 03:00:00,6.0,87,1.5,50,0,0,0
2005-03-26 04:00:00,6.0,87,2.6,30,0,0,0
2005-03-26 05:00:00,5.0,93,2.6,30,0,0,0
2005-03-26 06:00:00,5.0,87,2.6,30,0,0,0
2005-03-26 07:00:00,5.0,87,1.5,80,0,0,0
2005-03-26 08:00:00,6.0,81,3.6,70,95,0,95
2005-03-26 09:00:00,5.0,75,3.1,80,143,0,143
2005-03-26 10:00:00,6.0,75,4.6,100,116,0,116
2005-03-26 11:00:00,7.0,70,4.6,90,175,0,175
2005-03-26 12:00:00,8.0,66,2.6,100,293,12,283
2005-03-26 13:00:00,8.0,61,3.6,110,251,0,251
2005-03-26 14:00:00,8.0,66,3.1,100,164,0,164
2005-03-26 15:00:00,9.0,61,3.1,110,200,0,200
2005-03-26 16:00:00,9.0,61,3.1,120,187,6,184
2005-03-26 17:00:00,8.0,66,2.6,120,123,6,121
2005-03-26 18:00:00,8.0,66,3.1,130,70,47,61
2005-03-26 19:00:00,8.0,71,1.5,80,0,0,0
2005-03-26 20:00:00,8.0,66,2.1,90,0,0,0
2005-03-26 21:00:00,7.0,70,1.5,70,0,0,0
2005-03-26 22:00:00,7.0,70,1.5,130,0,0,0
2005-03-26 23:00:00,7.0,76,3.6,170,0,0,0
2005-03-27 00:00:00,7.0,76,3.1,130,0,0,0
2005-03-27 01:00:00,7.0,76,3.6,190,0,0,0
2005-03-27 02:00:00,6.0,81,2.6,140,0,0,0
2005-03-27 03:00:00,6.0,81,2.6,110,0,0,0
2005-03-27 04:00:00,6.0,75,1.5,110,0,0,0
2005-03-27 05:00:00,6.0,75,2.6,90,0,0,0
2005-03-27 06:00:00,5.0,81,2.1,120,0,0,0
2005-03-27 07:00:00,5.0,81,2.6,110,0,0,0
2005-03-27 08:00:00,6.0,81,4.6,110,110,0,110
2005-03-27 09:00:00,6.0,81,2.6,130,109,0,109
2005-03-27 10:00:00,6.0,81,3.6,80,213,6,209
2005-03-27 11:00:00,7.0,76,1.5,80,194,0,194
2005-03-27 12:00:00,7.0,81,2.6,70,134,0,134
2005-03-27 13:00:00,8.0,76,2.6,110,156,0,156
2005-03-27 14:00:00,8.0,76,3.1,100,129,0,129
2005-03-27 15:00:00,8.0,81,4.1,90,114,0,114
2005-03-27 16:00:00,8.0,81,2.6,80,88,0,88
2005-03-27 17:00:00,8.0,87,5.1,70,77,0,77
2005-03-27 18:00:00,7.0,93,3.1,90,29,0,29
2005-03-27 19:00:00,7.0,93,4.1,80,0,0,0
2005-03-27 20:00:00,7.0,93,2.6,80,0,0,0
2005-03-27 21:00:00,7.0,87,5.1,80,0,0,0
2005-03-27 22:00:00,6.0,93,3.6,80,0,0,0
2005-03-27 23:00:00,6.0,93,4.1,80,0,0,0
2005-03-28 00:00:00,6.0,93,3.6,80,0,0,0
2005-03-28 01:00:00,6.0,93,4.6,70,0,0,0
2005-03-28 02:00:00,6.0,93,3.1,80,0,0,0
2005-03-28 03:00:00,6.0,93,4.1,80,0,0,0
2005-03-28 04:00:00,6.0,93,3.6,70,0,0,0
2005-03-28 05:00:00,6.0,93,3.1,60,0,0,0
2005-03-28 06:00:00,6.0,100,2.6,50,0,0,0
2005-03-28 07:00:00,6.0,100,3.1,90,0,0,0
2005-03-28 08:00:00,7.0,93,3.1,70,62,0,62
2005-03-28 09:00:00,7.0,100,3.6,70,75,0,75
2005-03-28 10:00:00,7.0,100,4.1,70,103,0,103
2005-03-28 11:00:00,9.0,87,4.1,70,125,0,125
2005-03-28 12:00:00,10.0,100,6.2,80,134,0,134
2005-03-28 13:00:00,10.0,100,6.2,80,138,0,138
2005-03-28 14:00:00,11.0,94,2.1,360,129,0,129
2005-03-28 15:00:00,13.0,100,4.6,70,114,0,114
2005-03-28 16:00:00,14.0,94,2.6,110,83,0,83
2005-03-28 17:00:00,13.0,100,5.7,340,185,69,159
2005-03-28 18:00:00,14.0,94,3.6,40,120,269,72
2005-03-28 19:00:00,11.0,94,2.6,280,0,0,0
2005-03-28 20:00:00,11.0,94,2.6,300,0,0,0
2005-03-28 21:00:00,10.0,93,2.6,260,0,0,0
2005-03-28 22:00:00,9.0,93,4.6,300,0,0,0
2005-03-28 23:00:00,9.0,93,6.7,340,0,0,0
2005-03-29 00:00:00,8.0,93,6.7,340,0,0,0
2005-03-29 01:00:00,8.0,93,3.1,340,0,0,0
2005-03-29 02:00:00,9.0,87,5.1,330,0,0,0
2005-03-29 03:00:00,9.0,93,5.7,320,0,0,0
2005-03-29 04:00:00,9.0,93,5.7,320,0,0,0
2005-03-29 05:00:00,10.0,87,7.2,320,0,0,0
2005-03-29 06:00:00,10.0,87,5.1,330,0,0,0
2005-03-29 07:00:00,10.0,82,8.7,320,37,0,37
2005-03-29 08:00:00,10.0,82,7.2,330,186,182,132
2005-03-29 09:00:00,10.0,82,10.3,330,143,0,143
2005-03-29 10:00:00,11.0,76,7.7,350,161,0,161
2005-03-29 11:00:00,12.0,71,8.2,340,206,6,201
2005-03-29 12:00:00,13.0,72,8.2,340,262,6,257
2005-03-29 13:00:00,13.0,72,6.2,340,239,0,239
2005-03-29 14:00:00,15.0,67,4.1,350,228,0,228
2005-03-29 15:00:00,16.0,63,6.7,310,143,0,143
2005-03-29 16:00:00,17.0,59,8.7,320,325,141,248
2005-03-29 17:00:00,17.0,55,8.2,350,273,323,151
2005-03-29 18:00:00,17.0,52,7.2,330,129,376,60
2005-03-29 19:00:00,15.0,55,3.1,340,0,0,0
2005-03-29 20:00:00,13.0,58,2.1,330,0,0,0
2005-03-29 21:00:00,12.0,62,3.6,10,0,0,0
2005-03-29 22:00:00,11.0,66,3.6,10,0,0,0
2005-03-29 23:00:00,9.0,76,2.6,30,0,0,0
2005-03-30 00:00:00,7.0,81,2.6,40,0,0,0
2005-03-30 01:00:00,8.0,76,4.1,40,0,0,0
2005-03-30 02:00:00,7.0,76,2.1,30,0,0,0
2005-03-30 03:00:00,5.0,81,1.5,350,0,0,0
2005-03-30 04:00:00,4.0,87,0.0,0,0,0,0
2005-03-30 05:00:00,5.0,81,2.6,20,0,0,0
2005-03-30 06:00:00,5.0,81,2.6,350,0,0,0
2005-03-30 07:00:00,7.0,81,2.6,350,34,0,34
2005-03-30 08:00:00,9.0,71,2.6,350,262,480,117
2005-03-30 09:00:00,11.0,62,3.1,330,420,426,214
2005-03-30 10:00:00,11.0,58,2.1,310,367,110,297
2005-03-30 11:00:00,13.0,51,2.1,280,543,242,363
2005-03-30 12:00:00,14.0,51,2.6,230,714,499,310
2005-03-30 13:00:00,16.0,45,2.6,230,879,798,226
2005-03-30 14:00:00,17.0,42,2.6,200,738,609,265
2005-03-30 15:00:00,17.0,45,3.1,160,657,684,189
2005-03-30 16:00:00,17.0,45,4.1,140,529,754,115
2005-03-30 17:00:00,16.0,48,5.7,150,335,646,90
2005-03-30 18:00:00,14.0,55,3.6,130,130,462,44
2005-03-30 19:00:00,12.0,58,2.6,130,0,0,0
2005-03-30 20:00:00,10.0,66,3.1,130,0,0,0
2005-03-30 21:00:00,10.0,66,3.1,150,0,0,0
2005-03-30 22:00:00,9.0,71,4.1,140,0,0,0
2005-03-30 23:00:00,8.0,81,3.6,150,0,0,0
2005-03-31 00:00:00,7.0,81,3.6,140,0,0,0
2005-03-31 01:00:00,7.0,81,2.1,160,0,0,0
2005-03-31 02:00:00,6.0,87,2.6,130,0,0,0
2005-03-31 03:00:00,5.0,87,2.1,110,0,0,0
2005-03-31 04:00:00,5.0,93,1.5,110,0,0,0
2005-03-31 05:00:00,5.0,93,2.6,90,0,0,0
2005-03-31 06:00:00,6.0,93,2.1,90,0,0,0
2005-03-31 07:00:00,6.0,87,2.1,80,48,0,48
2005-03-31 08:00:00,7.0,87,2.6,100,107,0,107
2005-03-31 09:00:00,8.0,81,4.1,110,264,68,231
2005-03-31 10:00:00,9.0,76,3.6,110,225,6,221
2005-03-31 11:00:00,9.0,81,2.1,110,181,0,181
2005-03-31 12:00:00,10.0,76,3.6,80,152,0,152
2005-03-31 13:00:00,11.0,71,6.7,140,179,0,179
2005-03-31 14:00:00,12.0,71,6.2,110,264,12,254
2005-03-31 15:00:00,12.0,71,7.2,130,223,6,219
2005-03-31 16:00:00,12.0,76,5.1,140,155,0,155
2005-03-31 17:00:00,11.0,82,6.7,130,72,0,72
2005-03-31 18:00:00,11.0,76,5.1,140,46,0,46
2005-03-31 19:00:00,11.0,76,3.6,170,0,0,0
2005-03-31 20:00:00,10.0,82,2.6,150,0,0,0
2005-03-31 21:00:00,10.0,87,2.6,140,0,0,0
2005-03-31 22:00:00,9.1,87,3.6,150,0,0,0
2005-03-31 23:00:00,8.3,87,4.7,150,0,0,0
2005-04-01 00:00:00,7.4,93,5.7,160,0,0,0
1997-04-01 01:00:00,6.6,58,6.7,330,0,0,0
1997-04-01 02:00:00,5.7,58,7.7,320,0,0,0
1997-04-01 03:00:00,4.9,54,8.8,320,0,0,0
1997-04-01 04:00:00,4.0,49,9.8,320,0,0,0
1997-04-01 05:00:00,3.0,53,9.8,320,0,0,0
1997-04-01 06:00:00,3.0,53,10.8,320,0,1,0
1997-04-01 07:00:00,3.0,49,9.8,330,66,182,44
1997-04-01 08:00:00,5.0,46,9.3,340,254,608,63
1997-04-01 09:00:00,7.0,40,11.8,340,421,556,147
1997-04-01 10:00:00,9.0,29,13.9,340,588,721,125
1997-04-01 11:00:00,11.0,24,10.8,340,761,890,91
1997-04-01 12:00:00,12.0,20,12.3,10,759,730,165
1997-04-01 13:00:00,13.0,17,12.3,350,822,800,163
1997-04-01 14:00:00,14.0,18,14.4,340,838,938,105
1997-04-01 15:00:00,15.0,17,12.3,330,723,908,96
1997-04-01 16:00:00,15.0,18,9.8,360,554,852,82
1997-04-01 17:00:00,15.0,17,10.8,340,349,744,63
1997-04-01 18:00:00,13.0,21,9.8,340,138,509,40
1997-04-01 19:00:00,11.0,26,5.1,340,9,71,5
1997-04-01 20:00:00,8.0,32,3.6,360,0,0,0
1997-04-01 21:00:00,7.0,37,4.1,360,0,0,0
1997-04-01 22:00:00,7.0,37,4.6,10,0,0,0
1997-04-01 23:00:00,6.0,39,3.6,10,0,0,0
1997-04-02 00:00:00,4.0,45,3.6,340,0,0,0
1997-04-02 01:00:00,4.0,45,2.6,330,0,0,0
1997-04-02 02:00:00,6.0,39,4.1,310,0,0,0
1997-04-02 03:00:00,7.0,34,5.1,320,0,0,0
1997-04-02 04:00:00,6.0,36,5.1,310,0,0,0
1997-04-02 05:00:00,6.0,36,5.1,310,0,0,0
1997-04-02 06:00:00,5.0,42,4.6,300,0,5,0
1997-04-02 07:00:00,7.0,37,5.1,300,70,301,34
1997-04-02 08:00:00,9.0,35,6.2,310,266,638,63
1997-04-02 09:00:00,11.0,31,7.2,320,479,787,87
1997-04-02 10:00:00,13.0,27,6.7,310,664,863,106
1997-04-02 11:00:00,14.0,27,6.2,320,801,903,118
1997-04-02 12:00:00,15.0,28,5.7,320,878,921,125
1997-04-02 13:00:00,16.0,28,6.2,310,889,923,125
1997-04-02 14:00:00,17.0,23,6.2,310,835,909,121
1997-04-02 15:00:00,17.7,24,5.6,300,718,876,111
1997-04-02 16:00:00,18.0,25,5.1,290,549,815,95
1997-04-02 17:00:00,18.0,21,5.1,310,344,700,72
1997-04-02 18:00:00,16.0,26,4.1,310,78,175,44
1997-04-02 19:00:00,15.0,26,4.1,310,8,38,6
1997-04-02 20:00:00,15.0,26,6.2,310,0,0,0
1997-04-02 21:00:00,15.0,26,5.7,300,0,0,0
1997-04-02 22:00:00,14.0,27,4.6,290,0,0,0
1997-04-02 23:00:00,13.0,29,3.6,290,0,0,0
1997-04-03 00:00:00,12.0,34,3.6,290,0,0,0
1997-04-03 01:00:00,10.0,39,3.1,290,0,0,0
1997-04-03 02:00:00,9.0,41,2.1,320,0,0,0
1997-04-03 03:00:00,9.0,41,1.5,340,0,0,0
1997-04-03 04:00:00,4.0,64,1.5,140,0,0,0
1997-04-03 05:00:00,4.0,69,1.0,250,0,0,0
1997-04-03 06:00:00,7.0,48,1.0,290,0,0,0
1997-04-03 07:00:00,5.0,70,1.5,160,39,38,34
1997-04-03 08:00:00,13.0,38,4.1,300,165,253,83
1997-04-03 09:00:00,16.0,24,4.1,320,437,515,179
1997-04-03 10:00:00,17.0,25,3.1,280,612,743,128
1997-04-03 11:00:00,19.0,26,1.5,270,612,580,171
1997-04-03 12:00:00,20.0,28,3.1,350,777,766,147
1997-04-03 13:00:00,21.0,26,2.6,310,888,838,191
1997-04-03 14:00:00,20.0,26,4.6,260,423,96,347
1997-04-03 15:00:00,23.0,22,5.7,220,521,442,214
1997-04-03 16:00:00,23.0,23,4.6,230,466,461,207
1997-04-03 17:00:00,22.0,21,3.1,250,218,114,173
1997-04-03 18:00:00,20.0,26,3.1,220,83,218,40
1997-04-03 19:00:00,16.0,34,2.1,200,6,3,6
1997-04-03 20:00:00,14.0,38,3.1,170,0,0,0
1997-04-03 21:00:00,13.0,47,3.1,190,0,0,0
1997-04-03 22:00:00,14.0,44,2.6,230,0,0,0
1997-04-03 23:00:00,9.0,66,2.6,200,0,0,0
1997-04-04 00:00:00,12.0,62,2.6,210,0,0,0
1997-04-04 01:00:00,14.0,47,3.1,310,0,0,0
1997-04-04 02:00:00,13.0,62,3.1,270,0,0,0
1997-04-04 03:00:00,10.0,93,2.6,170,0,0,0
1997-04-04 04:00:00,8.0,87,2.1,210,0,0,0
1997-04-04 05:00:00,8.0,81,2.1,210,0,0,0
1997-04-04 06:00:00,8.0,66,2.6,220,0,2,0
1997-04-04 07:00:00,11.0,66,2.1,240,77,315,35
1997-04-04 08:00:00,16.0,48,3.1,280,237,421,100
1997-04-04 09:00:00,20.0,35,4.6,300,449,672,108
1997-04-04 10:00:00,21.0,38,6.2,280,600,669,161
1997-04-04 11:00:00,22.0,35,7.7,280,802,809,183
1997-04-04 12:00:00,23.0,38,6.7,290,778,713,189
1997-04-04 13:00:00,24.0,36,7.7,290,584,406,245
1997-04-04 14:00:00,25.0,34,10.3,310,535,370,241
1997-04-04 15:00:00,25.0,36,6.7,310,621,600,202
1997-04-04 16:00:00,25.0,36,6.2,310,328,198,217
1997-04-04 17:00:00,25.0,39,4.6,330,332,596,98
1997-04-04 18:00:00,24.0,38,3.6,310,148,294,89
1997-04-04 19:00:00,20.0,53,1.5,330,10,29,9
1997-04-04 20:00:00,17.0,59,1.5,10,0,0,0
1997-04-04 21:00:00,15.0,72,1.0,190,0,0,0
1997-04-04 22:00:00,15.0,67,1.5,140,0,0,0
1997-04-04 23:00:00,14.0,72,1.0,200,0,0,0
1997-04-05 00:00:00,13.0,77,0.5,190,0,0,0
1997-04-05 01:00:00,12.0,82,0.5,210,0,0,0
1997-04-05 02:00:00,14.0,72,0.5,250,0,0,0
1997-04-05 03:00:00,12.0,88,1.0,290,0,0,0
1997-04-05 04:00:00,13.0,77,3.6,70,0,0,0
1997-04-05 05:00:00,12.9,67,3.1,70,0,0,0
1997-04-05 06:00:00,13.0,58,2.6,70,0,0,0
1997-04-05 07:00:00,14.0,44,3.6,70,44,18,41
1997-04-05 08:00:00,15.0,41,4.6,80,111,46,96
1997-04-05 09:00:00,16.0,39,5.1,90,178,92,130
1997-04-05 10:00:00,15.0,48,5.1,90,239,0,239
1997-04-05 11:00:00,16.0,42,3.6,90,285,0,285
1997-04-05 12:00:00,16.0,42,3.1,100,311,0,311
1997-04-05 13:00:00,17.0,42,5.1,110,470,99,386
1997-04-05 14:00:00,17.0,42,3.1,100,477,124,378
1997-04-05 15:00:00,19.0,43,5.1,130,677,675,203
1997-04-05 16:00:00,18.0,42,4.1,110,290,154,202
1997-04-05 17:00:00,17.0,42,4.6,110,127,0,127
1997-04-05 18:00:00,15.0,44,5.7,140,53,0,53
1997-04-05 19:00:00,14.0,55,4.1,130,6,0,6
1997-04-05 20:00:00,13.0,58,5.1,130,0,0,0
1997-04-05 21:00:00,11.0,71,2.6,110,0,0,0
1997-04-05 22:00:00,11.0,76,2.6,120,0,0,0
1997-04-05 23:00:00,11.0,82,2.6,120,0,0,0
1997-04-06 00:00:00,11.0,82,2.1,100,0,0,0
1997-04-06 01:00:00,10.0,87,1.5,40,0,0,0
1997-04-06 02:00:00,10.1,90,1.8,40,0,0,0
1997-04-06 03:00:00,10.0,93,2.1,30,0,0,0
1997-04-06 04:00:00,10.0,87,1.5,40,0,0,0
1997-04-06 05:00:00,10.0,93,0.5,350,0,0,0
1997-04-06 06:00:00,11.0,87,1.0,90,0,0,0
1997-04-06 07:00:00,12.0,88,0.5,170,29,0,29
1997-04-06 08:00:00,14.0,88,1.5,210,88,0,88
1997-04-06 09:00:00,15.0,88,3.6,190,147,0,147
1997-04-06 10:00:00,16.0,94,4.1,190,197,0,197
1997-04-06 11:00:00,18.0,88,6.2,200,291,0,291
1997-04-06 12:00:00,19.0,83,5.7,200,253,0,253
1997-04-06 13:00:00,18.0,94,4.6,200,256,0,256
1997-04-06 14:00:00,18.0,94,5.7,180,241,0,241
1997-04-06 15:00:00,18.0,94,5.7,200,176,0,176
1997-04-06 16:00:00,18.0,94,6.2,180,138,0,138
1997-04-06 17:00:00,20.0,94,7.2,200,91,0,91
1997-04-06 18:00:00,19.0,88,6.2,200,40,0,40
1997-04-06 19:00:00,18.0,88,5.7,210,8,9,8
1997-04-06 20:00:00,18.0,88,4.6,190,0,0,0
1997-04-06 21:00:00,18.0,88,6.7,210,0,0,0
1997-04-06 22:00:00,18.0,88,5.7,210,0,0,0
1997-04-06 23:00:00,18.0,88,5.7,220,0,0,0
1997-04-07 00:00:00,18.0,88,5.1,220,0,0,0
1997-04-07 01:00:00,17.0,94,6.2,220,0,0,0
1997-04-07 02:00:00,17.0,94,6.2,210,0,0,0
1997-04-07 03:00:00,17.0,94,5.1,220,0,0,0
1997-04-07 04:00:00,18.0,88,6.7,220,0,0,0
1997-04-07 05:00:00,17.0,94,4.1,210,0,0,0
1997-04-07 06:00:00,16.0,94,5.1,290,1,0,1
1997-04-07 07:00:00,17.0,82,4.6,300,62,97,48
1997-04-07 08:00:00,18.0,39,6.2,320,215,315,107
1997-04-07 09:00:00,19.0,32,7.2,310,467,524,195
1997-04-07 10:00:00,20.0,30,6.2,320,585,574,201
1997-04-07 11:00:00,20.0,30,6.7,310,752,681,224
1997-04-07 12:00:00,20.0,30,5.1,290,817,785,160
1997-04-07 13:00:00,22.0,29,3.1,280,828,716,222
1997-04-07 14:00:00,23.0,23,6.7,270,689,625,188
1997-04-07 15:00:00,22.0,20,7.7,300,681,641,227
1997-04-07 16:00:00,21.0,19,6.7,320,523,645,154
1997-04-07 17:00:00,20.0,19,6.2,290,350,604,107
1997-04-07 18:00:00,18.0,23,6.2,320,144,432,53
1997-04-07 19:00:00,16.0,22,7.2,310,12,50,9
1997-04-07 20:00:00,16.0,20,8.2,330,0,0,0
1997-04-07 21:00:00,15.0,20,5.7,320,0,0,0
1997-04-07 22:00:00,14.0,19,8.2,320,0,0,0
1997-04-07 23:00:00,12.0,26,7.2,320,0,0,0
1997-04-08 00:00:00,10.0,28,6.2,320,0,0,0
1997-04-08 01:00:00,9.0,29,4.6,290,0,0,0
1997-04-08 02:00:00,8.0,32,5.1,300,0,0,0
1997-04-08 03:00:00,8.0,32,5.1,310,0,0,0
1997-04-08 04:00:00,7.0,34,7.2,310,0,0,0
1997-04-08 05:00:00,6.0,39,5.7,310,0,0,0
1997-04-08 06:00:00,6.0,39,7.7,300,2,30,1
1997-04-08 07:00:00,7.0,37,8.2,300,100,429,35
1997-04-08 08:00:00,8.0,32,7.7,290,305,698,63
1997-04-08 09:00:00,9.7,29,7.6,290,519,829,84
1997-04-08 10:00:00,11.1,28,7.5,290,701,898,97
1997-04-08 11:00:00,12.3,28,7.4,280,834,935,104
1997-04-08 12:00:00,13.2,27,7.3,280,899,945,104
1997-04-08 13:00:00,14.0,27,7.2,280,927,970,104
1997-04-08 14:00:00,15.0,26,4.6,260,862,923,120
1997-04-08 15:00:00,16.0,24,7.2,280,746,904,102
1997-04-08 16:00:00,17.0,25,4.1,250,579,845,93
1997-04-08 17:00:00,16.0,24,5.7,290,326,639,67
1997-04-08 18:00:00,15.0,26,4.6,290,160,536,46
1997-04-08 19:00:00,13.0,32,2.1,290,15,111,9
1997-04-08 20:00:00,8.0,52,1.0,270,0,0,0
1997-04-08 21:00:00,8.0,57,1.0,220,0,0,0
1997-04-08 22:00:00,6.0,70,2.1,200,0,0,0
1997-04-08 23:00:00,12.0,34,3.6,320,0,0,0
1997-04-09 00:00:00,9.0,49,10.3,350,0,0,0
1997-04-09 01:00:00,6.0,60,6.2,320,0,0,0
1997-04-09 02:00:00,5.0,64,7.7,340,0,0,0
1997-04-09 03:00:00,4.0,45,12.9,320,0,0,0
1997-04-09 04:00:00,3.0,49,9.8,330,0,0,0
1997-04-09 05:00:00,2.0,57,8.7,340,0,0,0
1997-04-09 06:00:00,0.0,46,7.2,310,1,1,1
1997-04-09 07:00:00,0.0,43,8.2,330,86,187,57
1997-04-09 08:00:00,1.0,43,9.3,330,265,461,103
1997-04-09 09:00:00,2.0,44,8.2,320,483,588,172
1997-04-09 10:00:00,3.0,37,8.7,330,595,598,191
1997-04-09 11:00:00,4.0,38,9.3,320,585,455,228
1997-04-09 12:00:00,4.0,38,8.2,330,856,792,187
1997-04-09 13:00:00,5.6,34,8.2,330,856,759,210
1997-04-09 14:00:00,7.0,31,10.3,310,707,632,196
1997-04-09 15:00:00,6.0,28,7.7,300,556,488,207
1997-04-09 16:00:00,6.0,28,9.8,310,556,663,173
1997-04-09 17:00:00,5.0,33,9.8,310,274,349,131
1997-04-09 18:00:00,4.0,35,10.3,290,125,287,63
1997-04-09 19:00:00,3.0,37,9.8,310,12,22,11
1997-04-09 20:00:00,2.0,40,9.8,320,0,0,0
1997-04-09 21:00:00,1.0,43,8.2,310,0,0,0
1997-04-09 22:00:00,1.0,40,7.7,300,0,0,0
1997-04-09 23:00:00,0.0,43,5.7,310,0,0,0
1997-04-10 00:00:00,0.0,43,7.7,320,0,0,0
1997-04-10 01:00:00,-1.0,46,6.2,310,0,0,0
1997-04-10 02:00:00,-1.0,46,5.7,320,0,0,0
1997-04-10 03:00:00,-2.0,50,5.1,330,0,0,0
1997-04-10 04:00:00,-2.0,50,5.7,320,0,0,0
1997-04-10 05:00:00,-2.0,50,4.1,300,0,0,0
1997-04-10 06:00:00,-2.0,50,6.2,320,2,25,2
1997-04-10 07:00:00,-1.0,46,4.6,320,95,353,38
1997-04-10 08:00:00,1.0,43,7.2,320,227,355,100
1997-04-10 09:00:00,2.0,44,6.2,320,505,743,108
1997-04-10 10:00:00,3.0,37,6.2,290,616,658,167
1997-04-10 11:00:00,5.0,36,4.1,310,740,775,129
1997-04-10 12:00:00,6.0,30,5.1,320,809,721,198
1997-04-10 13:00:00,8.0,26,4.6,310,860,826,154
1997-04-10 14:00:00,9.0,29,4.1,310,868,936,109
1997-04-10 15:00:00,9.0,27,3.6,290,751,907,100
1997-04-10 16:00:00,10.0,25,5.1,270,581,852,86
1997-04-10 17:00:00,10.0,23,5.7,300,361,654,92
1997-04-10 18:00:00,9.0,25,4.1,290,132,259,75
1997-04-10 19:00:00,6.0,33,2.6,320,14,77,10
1997-04-10 20:00:00,3.0,45,1.0,10,0,0,0
1997-04-10 21:00:00,1.8,51,1.0,100,0,0,0
1997-04-10 22:00:00,1.0,56,1.0,190,0,0,0
1997-04-10 23:00:00,1.0,56,0.5,150,0,0,0
1997-04-11 00:00:00,0.0,72,1.5,160,0,0,0
1997-04-11 01:00:00,0.0,72,1.0,220,0,0,0
1997-04-11 02:00:00,2.0,67,1.0,340,0,0,0
1997-04-11 03:00:00,2.0,80,1.0,330,0,0,0
1997-04-11 04:00:00,4.0,54,2.1,30,0,0,0
1997-04-11 05:00:00,4.0,64,0.5,40,0,0,0
1997-04-11 06:00:00,2.0,80,0.5,50,2,0,2
1997-04-11 07:00:00,5.0,70,1.0,60,40,0,40
1997-04-11 08:00:00,6.0,43,2.1,70,79,0,79
1997-04-11 09:00:00,7.0,37,2.6,60,138,0,138
1997-04-11 10:00:00,7.0,40,3.1,70,190,0,190
1997-04-11 11:00:00,8.0,37,2.6,70,228,0,228
1997-04-11 12:00:00,11.0,33,2.6,80,734,472,332
1997-04-11 13:00:00,14.0,27,1.0,80,792,468,390
1997-04-11 14:00:00,15.0,30,1.0,310,817,693,254
1997-04-11 15:00:00,17.0,27,3.1,210,670,583,250
1997-04-11 16:00:00,16.0,28,4.1,220,526,613,169
1997-04-11 17:00:00,15.0,33,2.6,50,265,325,130
1997-04-11 18:00:00,13.0,44,2.6,80,126,253,69
1997-04-11 19:00:00,11.0,54,2.6,90,12,3,12
1997-04-11 20:00:00,9.0,71,3.6,110,0,0,0
1997-04-11 21:00:00,8.0,71,3.1,110,0,0,0
1997-04-11 22:00:00,7.0,76,2.6,70,0,0,0
1997-04-11 23:00:00,6.0,81,2.6,80,0,0,0
1997-04-12 00:00:00,6.0,81,2.1,90,0,0,0
1997-04-12 01:00:00,6.0,87,0.5,80,0,0,0
1997-04-12 02:00:00,6.0,87,2.6,70,0,0,0
1997-04-12 03:00:00,4.0,93,0.5,90,0,0,0
1997-04-12 04:00:00,3.0,93,0.5,120,0,0,0
1997-04-12 05:00:00,4.0,93,2.1,140,0,0,0
1997-04-12 06:00:00,6.0,93,2.6,160,4,1,4
1997-04-12 07:00:00,10.0,93,3.6,180,91,139,67
1997-04-12 08:00:00,13.0,88,4.1,180,214,158,156
1997-04-12 09:00:00,14.0,82,4.6,190,409,272,261
1997-04-12 10:00:00,14.0,88,4.1,190,479,207,336
1997-04-12 11:00:00,14.0,94,4.6,200,600,434,255
1997-04-12 12:00:00,14.0,94,4.1,190,732,508,297
1997-04-12 13:00:00,14.0,100,3.1,180,875,649,315
1997-04-12 14:00:00,15.0,94,4.1,160,743,570,278
1997-04-12 15:00:00,15.0,94,3.6,140,529,245,352
1997-04-12 16:00:00,14.0,100,4.1,150,460,349,255
1997-04-12 17:00:00,14.0,100,4.1,160,259,182,183
1997-04-12 18:00:00,14.0,100,4.1,180,100,77,82
1997-04-12 19:00:00,15.0,94,6.2,190,15,6,15
1997-04-12 20:00:00,15.0,94,5.1,190,0,0,0
1997-04-12 21:00:00,15.0,94,5.1,210,0,0,0
1997-04-12 22:00:00,15.0,94,4.6,220,0,0,0
1997-04-12 23:00:00,15.0,94,5.1,210,0,0,0
1997-04-13 00:00:00,15.0,100,3.6,210,0,0,0
1997-04-13 01:00:00,15.0,100,3.1,200,0,0,0
1997-04-13 02:00:00,15.0,100,3.1,230,0,0,0
1997-04-13 03:00:00,15.0,100,5.1,220,0,0,0
1997-04-13 04:00:00,14.0,100,3.1,220,0,0,0
1997-04-13 05:00:00,16.0,94,2.1,290,0,0,0
1997-04-13 06:00:00,15.0,100,2.6,240,4,1,4
1997-04-13 07:00:00,16.0,94,2.1,270,95,145,70
1997-04-13 08:00:00,17.0,82,3.6,250,274,402,125
1997-04-13 09:00:00,18.0,64,5.7,300,473,547,174
1997-04-13 10:00:00,18.0,59,6.7,330,636,660,179
1997-04-13 11:00:00,17.0,59,5.1,320,766,645,251
1997-04-13 12:00:00,16.0,55,6.2,330,848,701,247
1997-04-13 13:00:00,17.0,48,7.2,340,817,641,262
1997-04-13 14:00:00,17.0,42,8.2,310,814,763,189
1997-04-13 15:00:00,17.0,39,8.2,300,704,716,184
1997-04-13 16:00:00,15.0,41,8.7,320,508,596,157
1997-04-13 17:00:00,13.0,41,8.2,320,334,489,129
1997-04-13 18:00:00,12.0,40,7.2,330,138,278,74
1997-04-13 19:00:00,10.0,42,5.7,310,16,21,15
1997-04-13 20:00:00,9.0,45,8.2,300,0,0,0
1997-04-13 21:00:00,8.0,52,8.2,300,0,0,0
1997-04-13 22:00:00,7.0,56,8.7,290,0,0,0
1997-04-13 23:00:00,6.0,60,5.1,300,0,0,0
1997-04-14 00:00:00,6.0,60,7.7,300,0,0,0
1997-04-14 01:00:00,6.0,55,7.7,330,0,0,0
1997-04-14 02:00:00,5.0,55,6.2,320,0,0,0
1997-04-14 03:00:00,5.0,55,8.2,310,0,0,0
1997-04-14 04:00:00,4.0,64,6.7,290,0,0,0
1997-04-14 05:00:00,4.0,64,7.2,310,0,0,0
1997-04-14 06:00:00,4.0,64,6.7,320,5,22,4
1997-04-14 07:00:00,5.0,59,5.1,310,117,402,45
1997-04-14 08:00:00,7.0,48,7.2,320,324,669,74
1997-04-14 09:00:00,8.0,44,6.7,320,498,726,99
1997-04-14 10:00:00,10.0,39,4.6,340,661,767,127
1997-04-14 11:00:00,11.0,33,5.7,320,660,596,182
1997-04-14 12:00:00,12.0,31,3.6,290,784,681,197
1997-04-14 13:00:00,13.0,27,3.6,310,854,828,136
1997-04-14 14:00:00,13.0,29,4.1,320,817,817,145
1997-04-14 15:00:00,13.0,27,4.6,300,708,729,177
1997-04-14 16:00:00,13.0,29,3.1,270,511,535,194
1997-04-14 17:00:00,13.0,32,3.1,290,340,570,99
1997-04-14 18:00:00,12.0,34,4.6,310,108,136,76
1997-04-14 19:00:00,10.0,36,2.1,300,18,54,14
1997-04-14 20:00:00,7.0,48,0.5,250,0,0,0
1997-04-14 21:00:00,5.0,64,2.1,190,0,0,0
1997-04-14 22:00:00,5.0,59,0.5,120,0,0,0
1997-04-14 23:00:00,4.0,64,1.0,180,0,0,0
1997-04-15 00:00:00,3.0,74,0.5,200,0,0,0
1997-04-15 01:00:00,4.0,69,1.0,310,0,0,0
1997-04-15 02:00:00,3.0,74,1.5,200,0,0,0
1997-04-15 03:00:00,2.0,80,1.0,260,0,0,0
1997-04-15 04:00:00,1.0,86,1.0,150,0,0,0
1997-04-15 05:00:00,2.0,73,1.5,10,0,0,0
1997-04-15 06:00:00,3.0,63,3.6,10,5,14,4
1997-04-15 07:00:00,6.0,55,3.6,30,116,355,50
1997-04-15 08:00:00,8.0,48,4.1,60,320,625,84
1997-04-15 09:00:00,10.0,36,5.1,60,532,758,112
1997-04-15 10:00:00,11.0,33,2.1,80,714,829,133
1997-04-15 11:00:00,13.0,35,1.5,120,791,702,225
1997-04-15 12:00:00,13.0,29,1.5,160,840,786,161
1997-04-15 13:00:00,14.0,30,3.1,200,896,823,180
1997-04-15 14:00:00,15.0,30,0.5,240,625,476,232
1997-04-15 15:00:00,16.0,31,3.1,260,693,551,290
1997-04-15 16:00:00,16.0,28,4.1,280,550,723,120
1997-04-15 17:00:00,16.0,28,2.6,220,375,666,91
1997-04-15 18:00:00,14.0,32,2.1,160,163,443,59
1997-04-15 19:00:00,11.0,43,2.6,100,19,66,14
1997-04-15 20:00:00,9.0,49,1.5,120,0,0,0
1997-04-15 21:00:00,7.0,61,2.1,150,0,0,0
1997-04-15 22:00:00,6.0,65,3.1,170,0,0,0
1997-04-15 23:00:00,6.0,65,3.1,180,0,0,0
1997-04-16 00:00:00,6.0,60,2.6,170,0,0,0
1997-04-16 01:00:00,6.0,65,2.6,190,0,0,0
1997-04-16 02:00:00,5.1,73,2.9,220,0,0,0
1997-04-16 03:00:00,4.0,81,3.1,240,0,0,0
1997-04-16 04:00:00,4.0,81,3.1,230,0,0,0
1997-04-16 05:00:00,2.0,87,2.6,180,0,0,0
1997-04-16 06:00:00,3.0,81,2.1,170,5,0,5
1997-04-16 07:00:00,7.0,76,3.1,170,88,119,66
1997-04-16 08:00:00,11.0,58,5.7,220,237,259,137
1997-04-16 09:00:00,14.0,51,5.1,230,475,522,183
1997-04-16 10:00:00,16.0,45,3.1,220,599,544,216
1997-04-16 11:00:00,18.0,39,4.6,200,778,618,278
1997-04-16 12:00:00,19.0,34,6.2,230,808,545,335
1997-04-16 13:00:00,20.0,32,5.1,180,835,653,264
1997-04-16 14:00:00,20.0,35,6.2,170,791,607,288
1997-04-16 15:00:00,22.0,25,4.1,210,683,576,260
1997-04-16 16:00:00,21.0,26,6.2,220,521,428,265
1997-04-16 17:00:00,21.0,26,6.2,220,326,394,157
1997-04-16 18:00:00,20.0,30,4.6,220,112,137,80
1997-04-16 19:00:00,15.0,39,3.1,160,17,9,16
1997-04-16 20:00:00,14.0,55,3.1,150,0,0,0
1997-04-16 21:00:00,13.0,58,2.6,150,0,0,0
1997-04-16 22:00:00,12.0,62,3.1,160,0,0,0
1997-04-16 23:00:00,10.0,71,2.6,160,0,0,0
1997-04-17 00:00:00,10.0,71,2.6,170,0,0,0
1997-04-17 01:00:00,9.0,76,3.6,170,0,0,0
1997-04-17 02:00:00,10.0,76,3.6,210,0,0,0
1997-04-17 03:00:00,12.0,62,3.1,250,0,0,0
1997-04-17 04:00:00,12.0,62,4.6,330,0,0,0
1997-04-17 05:00:00,11.0,71,2.6,300,0,0,0
1997-04-17 06:00:00,10.0,71,0.5,310,5,0,5
1997-04-17 07:00:00,12.0,67,2.6,310,48,0,48
1997-04-17 08:00:00,13.0,62,2.6,310,122,0,122
1997-04-17 09:00:00,12.0,67,4.1,320,156,0,156
1997-04-17 10:00:00,11.0,82,2.6,290,205,0,205
1997-04-17 11:00:00,11.0,82,1.0,250,240,0,240
1997-04-17 12:00:00,11.0,82,2.6,210,259,0,259
1997-04-17 13:00:00,11.0,87,3.6,210,261,0,261
1997-04-17 14:00:00,9.0,87,7.7,330,246,0,246
1997-04-17 15:00:00,8.0,87,4.1,340,215,0,215
1997-04-17 16:00:00,9.0,81,3.6,360,169,0,169
1997-04-17 17:00:00,9.0,87,2.6,330,112,0,112
1997-04-17 18:00:00,8.0,87,3.1,310,52,0,52
1997-04-17 19:00:00,8.0,87,3.1,310,10,0,10
1997-04-17 20:00:00,8.0,81,5.7,290,0,0,0
1997-04-17 21:00:00,8.0,66,7.2,320,0,0,0
1997-04-17 22:00:00,6.0,65,8.7,310,0,0,0
1997-04-17 23:00:00,5.0,64,8.7,320,0,0,0
1997-04-18 00:00:00,4.0,59,6.2,310,0,0,0
1997-04-18 01:00:00,4.0,59,5.7,310,0,0,0
1997-04-18 02:00:00,4.0,59,6.7,300,0,0,0
1997-04-18 03:00:00,4.0,69,7.7,310,0,0,0
1997-04-18 04:00:00,3.0,74,8.7,310,0,0,0
1997-04-18 05:00:00,3.0,81,7.2,310,0,0,0
1997-04-18 06:00:00,4.0,69,7.2,320,10,12,9
1997-04-18 07:00:00,4.0,69,8.7,310,109,182,73
1997-04-18 08:00:00,5.0,59,10.3,310,224,159,162
1997-04-18 09:00:00,7.0,52,10.3,300,333,192,224
1997-04-18 10:00:00,6.0,55,9.3,320,210,0,210
1997-04-18 11:00:00,7.0,52,9.8,320,667,579,194
1997-04-18 12:00:00,6.0,55,9.3,320,747,403,395
1997-04-18 13:00:00,7.0,52,9.3,320,265,0,265
1997-04-18 14:00:00,7.0,48,13.4,310,557,179,408
1997-04-18 15:00:00,10.0,42,14.9,340,381,337,132
1997-04-18 16:00:00,11.0,47,13.4,310,377,222,243
1997-04-18 17:00:00,14.0,55,9.3,310,297,242,192
1997-04-18 18:00:00,13.0,58,11.3,310,157,408,58
1997-04-18 19:00:00,10.0,50,11.8,300,31,97,24
1997-04-18 20:00:00,9.0,41,8.7,310,0,0,0
1997-04-18 21:00:00,8.0,32,7.2,310,0,0,0
1997-04-18 22:00:00,8.0,32,7.2,310,0,0,0
1997-04-18 23:00:00,7.0,34,7.7,320,0,0,0
1997-04-19 00:00:00,6.0,36,10.3,300,0,0,0
1997-04-19 01:00:00,6.0,36,9.8,300,0,0,0
1997-04-19 02:00:00,5.0,36,7.2,310,0,0,0
1997-04-19 03:00:00,5.0,33,8.2,310,0,0,0
1997-04-19 04:00:00,5.0,30,8.7,300,0,0,0
1997-04-19 05:00:00,4.7,35,7.7,310,0,0,0
1997-04-19 06:00:00,4.4,34,7.2,310,8,4,7
1997-04-19 07:00:00,6.6,35,8.3,310,105,201,65
1997-04-19 08:00:00,8.9,32,9.4,300,309,432,139
1997-04-19 09:00:00,11.1,28,8.9,300,451,412,216
1997-04-19 10:00:00,10.8,28,9.5,310,614,551,220
1997-04-19 11:00:00,12.0,29,8.7,310,800,612,298
1997-04-19 12:00:00,14.0,27,8.7,330,891,716,264
1997-04-19 13:00:00,15.0,26,7.7,320,815,588,297
1997-04-19 14:00:00,16.0,26,8.2,340,819,715,221
1997-04-19 15:00:00,16.0,28,6.7,300,626,368,353
1997-04-19 16:00:00,16.0,26,6.2,300,489,425,232
1997-04-19 17:00:00,16.0,28,5.1,330,252,283,129
1997-04-19 18:00:00,16.0,34,4.6,30,90,55,77
1997-04-19 19:00:00,14.0,35,4.1,20,29,1,28
1997-04-19 20:00:00,12.0,44,2.6,30,0,0,0
1997-04-19 21:00:00,12.0,44,2.6,30,0,0,0
1997-04-19 22:00:00,11.0,50,1.5,20,0,0,0
1997-04-19 23:00:00,10.0,54,2.6,30,0,0,0
1997-04-20 00:00:00,10.0,54,3.1,40,0,0,0
1997-04-20 01:00:00,8.0,66,2.6,40,0,0,0
1997-04-20 02:00:00,6.0,75,2.1,30,0,0,0
1997-04-20 03:00:00,3.0,87,2.1,330,0,0,0
1997-04-20 04:00:00,6.0,75,2.1,320,0,0,0
1997-04-20 05:00:00,5.0,81,2.1,330,0,0,0
1997-04-20 06:00:00,3.0,81,1.5,320,8,1,8
1997-04-20 07:00:00,7.0,70,2.6,320,110,241,60
1997-04-20 08:00:00,10.0,57,3.6,300,325,465,140
1997-04-20 09:00:00,12.0,44,3.1,310,452,428,206
1997-04-20 10:00:00,12.0,37,5.7,290,635,556,236
1997-04-20 11:00:00,13.0,35,4.1,290,820,719,229
1997-04-20 12:00:00,14.0,32,4.6,260,845,666,260
1997-04-20 13:00:00,15.0,26,4.6,290,799,633,239
1997-04-20 14:00:00,16.0,24,6.2,300,867,814,184
1997-04-20 15:00:00,17.0,21,4.6,340,748,777,170
1997-04-20 16:00:00,17.0,19,6.2,280,577,709,146
1997-04-20 17:00:00,17.0,17,5.1,300,371,589,113
1997-04-20 18:00:00,16.0,17,4.1,320,163,368,72
1997-04-20 19:00:00,14.0,19,2.6,300,20,27,18
1997-04-20 20:00:00,10.0,39,1.0,330,0,0,0
1997-04-20 21:00:00,9.0,38,0.0,0,0,0,0
1997-04-20 22:00:00,8.0,41,1.0,360,0,0,0
1997-04-20 23:00:00,8.0,48,3.6,350,0,0,0
1997-04-21 00:00:00,8.0,48,2.6,340,0,0,0
1997-04-21 01:00:00,5.0,59,0.5,350,0,0,0
1997-04-21 02:00:00,3.0,74,0.0,0,0,0,0
1997-04-21 03:00:00,4.0,75,1.5,200,0,0,0
1997-04-21 04:00:00,2.0,80,0.5,200,0,0,0
1997-04-21 05:00:00,2.0,73,0.5,190,0,0,0
1997-04-21 06:00:00,3.0,68,0.5,120,10,16,9
1997-04-21 07:00:00,8.0,66,1.0,120,110,220,64
1997-04-21 08:00:00,11.0,54,1.5,40,117,0,117
1997-04-21 09:00:00,13.0,47,1.0,120,191,0,191
1997-04-21 10:00:00,14.0,47,0.5,70,254,0,254
1997-04-21 11:00:00,14.0,47,2.6,10,239,0,239
1997-04-21 12:00:00,13.0,51,2.6,120,323,0,323
1997-04-21 13:00:00,11.0,66,4.1,170,325,0,325
1997-04-21 14:00:00,10.0,82,2.1,80,244,0,244
1997-04-21 15:00:00,8.0,87,4.6,50,212,0,212
1997-04-21 16:00:00,8.0,93,3.1,360,164,0,164
1997-04-21 17:00:00,8.0,93,4.1,20,106,0,106
1997-04-21 18:00:00,8.0,93,3.1,20,49,0,49
1997-04-21 19:00:00,7.0,100,3.6,30,14,0,14
1997-04-21 20:00:00,8.0,93,3.1,40,0,0,0
1997-04-21 21:00:00,8.0,87,3.1,40,0,0,0
1997-04-21 22:00:00,8.0,93,2.1,60,0,0,0
1997-04-21 23:00:00,8.0,93,3.1,40,0,0,0
1997-04-22 00:00:00,8.0,93,1.5,80,0,0,0
1997-04-22 01:00:00,8.0,93,2.1,30,0,0,0
1997-04-22 02:00:00,7.0,93,3.1,10,0,0,0
1997-04-22 03:00:00,6.0,93,2.6,20,0,0,0
1997-04-22 04:00:00,7.0,93,2.1,10,0,0,0
1997-04-22 05:00:00,7.0,93,3.1,40,0,0,0
1997-04-22 06:00:00,7.0,93,2.1,30,11,7,10
1997-04-22 07:00:00,7.0,93,3.1,30,106,159,71
1997-04-22 08:00:00,8.0,87,2.6,40,231,158,166
1997-04-22 09:00:00,9.0,76,2.6,30,415,216,289
1997-04-22 10:00:00,12.0,71,1.5,50,600,528,217
1997-04-22 11:00:00,12.0,67,1.5,210,748,556,288
1997-04-22 12:00:00,13.0,67,1.5,130,774,591,252
1997-04-22 13:00:00,12.0,62,1.5,50,845,713,211
1997-04-22 14:00:00,14.0,59,1.0,130,548,228,355
1997-04-22 15:00:00,14.0,59,2.6,200,705,664,207
1997-04-22 16:00:00,15.0,55,2.6,200,540,693,116
1997-04-22 17:00:00,13.0,58,1.0,160,364,543,123
1997-04-22 18:00:00,13.0,58,2.1,160,128,194,79
1997-04-22 19:00:00,11.0,66,2.1,180,24,58,19
1997-04-22 20:00:00,8.0,81,2.6,190,0,0,0
1997-04-22 21:00:00,7.3,85,2.4,200,0,0,0
1997-04-22 22:00:00,7.0,87,2.1,210,0,0,0
1997-04-22 23:00:00,8.0,87,2.1,190,0,0,0
1997-04-23 00:00:00,8.0,87,2.1,190,0,0,0
1997-04-23 01:00:00,8.0,87,1.0,190,0,0,0
1997-04-23 02:00:00,8.0,87,1.5,180,0,0,0
1997-04-23 03:00:00,8.0,93,2.1,150,0,0,0
1997-04-23 04:00:00,8.0,87,2.1,50,0,0,0
1997-04-23 05:00:00,8.0,87,2.1,40,0,0,0
1997-04-23 06:00:00,8.0,93,1.0,300,8,0,8
1997-04-23 07:00:00,9.0,93,2.1,50,47,0,47
1997-04-23 08:00:00,10.0,87,1.0,340,94,0,94
1997-04-23 09:00:00,10.0,87,2.1,10,154,0,154
1997-04-23 10:00:00,11.0,71,3.6,40,204,0,204
1997-04-23 11:00:00,10.1,76,3.4,70,240,0,240
1997-04-23 12:00:00,9.0,81,3.1,100,259,0,259
1997-04-23 13:00:00,9.0,81,5.1,60,261,0,261
1997-04-23 14:00:00,9.0,81,5.7,50,245,0,245
1997-04-23 15:00:00,8.0,87,4.6,50,212,0,212
1997-04-23 16:00:00,8.0,81,5.7,70,164,0,164
1997-04-23 17:00:00,7.0,87,4.6,100,106,0,106
1997-04-23 18:00:00,7.0,81,4.1,70,53,0,53
1997-04-23 19:00:00,6.0,93,6.2,60,16,0,16
1997-04-23 20:00:00,6.0,93,4.1,50,0,0,0
1997-04-23 21:00:00,6.0,93,2.6,40,0,0,0
1997-04-23 22:00:00,6.0,93,2.1,40,0,0,0
1997-04-23 23:00:00,6.0,93,4.1,40,0,0,0
1997-04-24 00:00:00,6.0,100,4.6,20,0,0,0
1997-04-24 01:00:00,6.0,100,4.6,10,0,0,0
1997-04-24 02:00:00,7.0,93,3.6,10,0,0,0
1997-04-24 03:00:00,7.0,93,4.1,360,0,0,0
1997-04-24 04:00:00,7.0,93,4.6,350,0,0,0
1997-04-24 05:00:00,7.0,93,4.6,350,0,0,0
1997-04-24 06:00:00,7.0,93,3.6,340,8,0,8
1997-04-24 07:00:00,8.0,87,3.1,330,47,0,47
1997-04-24 08:00:00,10.0,82,4.1,330,107,0,107
1997-04-24 09:00:00,12.0,67,4.6,10,165,0,165
1997-04-24 10:00:00,12.0,67,4.1,330,516,119,428
1997-04-24 11:00:00,13.0,58,4.1,320,425,99,343
1997-04-24 12:00:00,15.0,51,2.1,320,603,168,453
1997-04-24 13:00:00,16.1,49,3.1,270,461,103,368
1997-04-24 14:00:00,17.0,48,4.1,220,310,123,206
1997-04-24 15:00:00,18.0,49,5.7,230,296,93,226
1997-04-24 16:00:00,11.0,82,5.1,310,175,0,175
1997-04-24 17:00:00,14.0,72,3.6,250,239,52,215
1997-04-24 18:00:00,15.0,59,3.1,240,174,328,89
1997-04-24 19:00:00,13.0,67,2.6,250,21,35,18
1997-04-24 20:00:00,13.0,67,3.6,240,0,0,0
1997-04-24 21:00:00,12.0,71,1.5,270,0,0,0
1997-04-24 22:00:00,12.0,71,2.6,240,0,0,0
1997-04-24 23:00:00,11.0,76,2.6,260,0,0,0
1997-04-25 00:00:00,12.0,67,3.1,250,0,0,0
1997-04-25 01:00:00,12.0,71,2.6,290,0,0,0
1997-04-25 02:00:00,11.0,71,3.1,300,0,0,0
1997-04-25 03:00:00,10.0,76,3.6,290,0,0,0
1997-04-25 04:00:00,10.0,76,2.1,300,0,0,0
1997-04-25 05:00:00,10.0,76,2.1,290,0,0,0
1997-04-25 06:00:00,11.0,71,2.6,300,14,0,14
1997-04-25 07:00:00,11.0,71,3.1,320,75,24,70
1997-04-25 08:00:00,13.2,56,3.6,330,216,59,191
1997-04-25 09:00:00,15.0,44,4.1,340,507,497,213
1997-04-25 10:00:00,15.0,48,2.1,340,656,541,258
1997-04-25 11:00:00,17.0,34,4.1,360,756,504,333
1997-04-25 12:00:00,17.0,32,3.1,310,787,528,315
1997-04-25 13:00:00,17.0,32,3.1,310,894,647,314
1997-04-25 14:00:00,15.6,44,4.6,320,740,455,353
1997-04-25 15:00:00,14.0,63,6.2,320,449,147,337
1997-04-25 16:00:00,17.0,45,3.6,310,493,422,231
1997-04-25 17:00:00,17.0,42,3.6,340,343,430,149
1997-04-25 18:00:00,15.0,44,3.6,310,140,152,100
1997-04-25 19:00:00,14.0,47,4.1,290,27,10,26
1997-04-25 20:00:00,13.0,58,2.1,290,0,0,0
1997-04-25 21:00:00,12.0,62,2.1,250,0,0,0
1997-04-25 22:00:00,9.0,81,2.1,260,0,0,0
1997-04-25 23:00:00,9.0,81,2.1,260,0,0,0
1997-04-26 00:00:00,10.0,76,3.1,280,0,0,0
1997-04-26 01:00:00,11.0,66,3.6,290,0,0,0
1997-04-26 02:00:00,11.0,62,5.1,300,0,0,0
1997-04-26 03:00:00,11.0,62,4.1,310,0,0,0
1997-04-26 04:00:00,11.0,66,3.6,310,0,0,0
1997-04-26 05:00:00,10.0,66,3.6,310,0,0,0
1997-04-26 06:00:00,8.0,71,0.0,0,18,18,17
1997-04-26 07:00:00,12.0,58,4.1,320,156,423,58
1997-04-26 08:00:00,14.0,47,4.6,340,363,646,91
1997-04-26 09:00:00,15.0,44,5.1,340,570,760,118
1997-04-26 10:00:00,16.0,39,3.6,320,693,668,201
1997-04-26 11:00:00,18.0,37,4.6,310,816,700,229
1997-04-26 12:00:00,19.0,32,3.6,290,875,712,238
1997-04-26 13:00:00,19.0,32,3.6,280,875,745,205
1997-04-26 14:00:00,20.0,30,3.6,310,793,671,220
1997-04-26 15:00:00,20.0,28,4.1,320,717,672,207
1997-04-26 16:00:00,20.0,30,6.2,300,514,467,224
1997-04-26 17:00:00,19.0,32,4.1,310,374,465,162
1997-04-26 18:00:00,19.0,30,4.1,320,190,120,158
1997-04-26 19:00:00,16.0,36,2.1,300,30,10,29
1997-04-26 20:00:00,12.0,50,1.5,170,0,0,0
1997-04-26 21:00:00,9.0,71,1.5,190,0,0,0
1997-04-26 22:00:00,8.0,76,1.0,160,0,0,0
1997-04-26 23:00:00,8.0,71,2.1,190,0,0,0
1997-04-27 00:00:00,8.0,71,2.1,190,0,0,0
1997-04-27 01:00:00,8.0,76,2.6,190,0,0,0
1997-04-27 02:00:00,9.0,76,1.5,190,0,0,0
1997-04-27 03:00:00,8.0,81,2.1,190,0,0,0
1997-04-27 04:00:00,7.0,84,2.1,200,0,0,0
1997-04-27 05:00:00,6.0,87,2.1,210,0,0,0
1997-04-27 06:00:00,8.0,81,2.1,190,21,20,19
1997-04-27 07:00:00,11.0,82,2.6,190,126,162,88
1997-04-27 08:00:00,14.0,67,3.6,190,264,290,141
1997-04-27 09:00:00,17.0,55,3.6,200,449,477,164
1997-04-27 10:00:00,19.0,43,4.1,160,540,453,205
1997-04-27 11:00:00,19.0,43,6.2,170,536,207,361
1997-04-27 12:00:00,17.0,52,7.2,200,446,113,345
1997-04-27 13:00:00,16.0,59,5.1,180,507,167,356
1997-04-27 14:00:00,14.0,67,3.1,170,320,110,226
1997-04-27 15:00:00,14.0,77,2.6,140,226,99,150
1997-04-27 16:00:00,12.0,82,2.1,90,308,48,278
1997-04-27 17:00:00,10.0,93,3.1,110,96,55,71
1997-04-27 18:00:00,9.0,93,2.1,130,152,48,139
1997-04-27 19:00:00,9.0,93,3.1,110,21,6,21
1997-04-27 20:00:00,9.0,93,2.6,100,0,0,0
1997-04-27 21:00:00,9.0,93,3.6,100,0,0,0
1997-04-27 22:00:00,9.0,100,5.1,80,0,0,0
1997-04-27 23:00:00,9.4,100,4.6,90,0,0,0
1997-04-28 00:00:00,10.0,100,4.1,90,0,0,0
1997-04-28 01:00:00,12.0,100,1.5,80,0,0,0
1997-04-28 02:00:00,12.0,100,2.1,110,0,0,0
1997-04-28 03:00:00,14.0,94,2.1,330,0,0,0
1997-04-28 04:00:00,13.0,100,1.5,220,0,0,0
1997-04-28 05:00:00,13.0,100,2.1,230,0,0,0
1997-04-28 06:00:00,13.0,94,2.6,230,8,0,8
1997-04-28 07:00:00,12.0,100,3.6,260,40,0,40
1997-04-28 08:00:00,13.0,94,2.6,220,69,0,69
1997-04-28 09:00:00,14.0,88,4.1,250,157,0,157
1997-04-28 10:00:00,13.0,88,4.1,250,208,0,208
1997-04-28 11:00:00,17.0,77,3.1,270,244,0,244
1997-04-28 12:00:00,19.0,73,3.6,290,400,112,299
1997-04-28 13:00:00,19.0,68,4.1,290,264,0,264
1997-04-28 14:00:00,18.0,83,4.1,240,248,0,248
1997-04-28 15:00:00,16.0,88,3.6,290,215,0,215
1997-04-28 16:00:00,16.0,72,3.1,300,167,0,167
1997-04-28 17:00:00,16.0,63,5.7,320,109,0,109
1997-04-28 18:00:00,15.0,63,4.6,330,63,0,63
1997-04-28 19:00:00,14.3,61,4.6,330,20,0,20
1997-04-28 20:00:00,14.0,59,4.6,330,0,0,0
1997-04-28 21:00:00,13.0,62,3.1,320,0,0,0
1997-04-28 22:00:00,11.0,71,3.1,350,0,0,0
1997-04-28 23:00:00,12.0,62,3.6,350,0,0,0
1997-04-29 00:00:00,10.0,66,4.6,340,0,0,0
1997-04-29 01:00:00,10.0,66,4.6,350,0,0,0
1997-04-29 02:00:00,9.0,71,4.1,360,0,0,0
1997-04-29 03:00:00,8.0,76,3.1,360,0,0,0
1997-04-29 04:00:00,9.0,71,4.6,340,0,0,0
1997-04-29 05:00:00,8.0,76,3.1,330,0,0,0
1997-04-29 06:00:00,9.0,66,4.1,330,19,44,16
1997-04-29 07:00:00,9.0,66,4.6,330,161,280,94
1997-04-29 08:00:00,12.0,58,5.1,350,269,292,143
1997-04-29 09:00:00,12.0,54,5.7,20,356,228,218
1997-04-29 10:00:00,14.0,51,5.7,40,627,573,199
1997-04-29 11:00:00,15.6,48,4.1,360,777,537,322
1997-04-29 12:00:00,17.0,45,2.6,310,867,686,248
1997-04-29 13:00:00,18.0,39,2.1,300,865,746,189
1997-04-29 14:00:00,19.0,40,2.1,310,856,871,107
1997-04-29 15:00:00,20.0,35,1.5,280,789,902,99
1997-04-29 16:00:00,20.0,30,2.6,20,625,856,86
1997-04-29 17:00:00,20.0,37,2.1,320,426,774,69
1997-04-29 18:00:00,19.0,43,2.6,220,215,613,48
1997-04-29 19:00:00,15.0,51,3.1,230,49,71,43
1997-04-29 20:00:00,13.0,58,2.6,150,0,0,0
1997-04-29 21:00:00,11.0,66,3.1,170,0,0,0
1997-04-29 22:00:00,10.0,66,3.1,170,0,0,0
1997-04-29 23:00:00,10.0,71,2.6,220,0,0,0
1997-04-30 00:00:00,9.0,76,2.1,180,0,0,0
1997-04-30 01:00:00,9.0,76,2.6,180,0,0,0
1997-04-30 02:00:00,8.6,81,2.6,180,0,0,0
1997-04-30 03:00:00,8.0,87,2.6,170,0,0,0
1997-04-30 04:00:00,7.0,87,3.1,170,0,0,0
1997-04-30 05:00:00,7.0,93,3.1,170,0,0,0
1997-04-30 06:00:00,8.6,87,3.4,180,26,35,24
1997-04-30 07:00:00,11.6,76,3.8,180,116,145,80
1997-04-30 08:00:00,15.0,63,4.1,190,380,587,125
1997-04-30 09:00:00,18.0,52,3.1,200,526,677,115
1997-04-30 10:00:00,20.0,46,6.2,210,693,741,139
1997-04-30 11:00:00,22.0,41,5.1,190,879,865,144
1997-04-30 12:00:00,23.0,36,5.1,180,876,747,200
1997-04-30 13:00:00,23.0,41,2.1,170,840,711,194
1997-04-30 14:00:00,24.0,38,3.6,160,823,690,228
1997-04-30 15:00:00,24.0,38,5.7,160,717,708,174
1997-04-30 16:00:00,24.0,41,6.2,170,483,466,189
1997-04-30 17:00:00,22.0,46,6.2,180,370,382,192
1997-04-30 18:00:00,20.0,49,4.6,150,169,261,97
1997-04-30 19:00:00,18.0,56,5.7,160,32,33,29
1997-04-30 20:00:00,16.0,59,5.1,160,0,0,0
1997-04-30 21:00:00,15.0,63,4.6,160,0,0,0
1997-04-30 22:00:00,14.0,72,4.1,170,0,0,0
1997-04-30 23:00:00,13.0,67,3.6,160,0,0,0
1997-05-01 00:00:00,12.0,67,3.1,170,0,0,0
2002-05-01 01:00:00,11.0,67,2.5,300,0,0,0
2002-05-01 02:00:00,10.0,62,2.0,290,0,0,0
2002-05-01 03:00:00,9.0,81,1.5,180,0,0,0
2002-05-01 04:00:00,8.0,87,1.0,200,0,0,0
2002-05-01 05:00:00,8.0,93,1.0,210,0,0,0
2002-05-01 06:00:00,9.0,93,1.5,210,0,0,0
2002-05-01 07:00:00,14.0,67,3.1,320,125,47,114
2002-05-01 08:00:00,15.0,55,3.1,340,272,119,220
2002-05-01 09:00:00,17.0,45,2.6,310,334,86,282
2002-05-01 10:00:00,18.0,39,1.5,280,690,569,262
2002-05-01 11:00:00,18.0,34,1.0,260,779,585,280
2002-05-01 12:00:00,19.0,32,2.6,240,917,751,235
2002-05-01 13:00:00,21.0,30,3.1,190,931,827,177
2002-05-01 14:00:00,21.0,30,0.5,150,862,777,191
2002-05-01 15:00:00,22.0,33,1.5,120,753,762,166
2002-05-01 16:00:00,21.0,38,4.6,100,575,651,163
2002-05-01 17:00:00,20.0,40,3.6,100,410,636,114
2002-05-01 18:00:00,18.0,45,3.6,110,196,375,91
2002-05-01 19:00:00,17.0,45,2.6,100,31,89,24
2002-05-01 20:00:00,15.0,55,2.1,130,0,0,0
2002-05-01 21:00:00,15.0,55,3.1,120,0,0,0
2002-05-01 22:00:00,16.0,59,3.6,130,0,0,0
2002-05-01 23:00:00,15.0,72,3.6,120,0,0,0
2002-05-02 00:00:00,15.0,67,4.1,150,0,0,0
2002-05-02 01:00:00,15.0,72,3.6,150,0,0,0
2002-05-02 02:00:00,14.0,94,3.6,110,0,0,0
2002-05-02 03:00:00,15.0,94,4.6,130,0,0,0
2002-05-02 04:00:00,15.0,94,4.6,150,0,0,0
2002-05-02 05:00:00,15.0,100,5.1,170,0,0,0
2002-05-02 06:00:00,16.0,100,5.7,170,0,0,0
2002-05-02 07:00:00,17.0,100,7.7,190,33,0,33
2002-05-02 08:00:00,17.0,100,1.5,190,63,0,63
2002-05-02 09:00:00,18.0,100,4.1,190,118,0,118
2002-05-02 10:00:00,21.0,94,5.7,210,392,85,328
2002-05-02 11:00:00,24.0,83,5.7,220,655,283,413
2002-05-02 12:00:00,27.0,70,7.7,230,892,649,302
2002-05-02 13:00:00,28.0,66,5.1,220,770,420,387
2002-05-02 14:00:00,28.0,66,4.6,230,258,12,248
2002-05-02 15:00:00,27.0,70,6.2,220,161,0,161
2002-05-02 16:00:00,26.0,74,8.2,220,190,6,186
2002-05-02 17:00:00,24.0,74,7.2,230,197,18,189
2002-05-02 18:00:00,23.0,78,6.2,240,77,0,77
2002-05-02 19:00:00,22.0,78,5.7,210,12,0,12
2002-05-02 20:00:00,21.0,78,7.2,220,0,0,0
2002-05-02 21:00:00,20.0,83,6.2,230,0,0,0
2002-05-02 22:00:00,20.0,83,6.2,240,0,0,0
2002-05-02 23:00:00,20.0,83,4.1,240,0,0,0
2002-05-03 00:00:00,20.0,83,3.1,280,0,0,0
2002-05-03 01:00:00,20.0,83,5.7,310,0,0,0
2002-05-03 02:00:00,16.0,59,6.2,320,0,0,0
2002-05-03 03:00:00,15.0,51,6.2,300,0,0,0
2002-05-03 04:00:00,15.0,44,9.3,300,0,0,0
2002-05-03 05:00:00,13.0,47,5.7,320,0,0,0
2002-05-03 06:00:00,12.0,50,7.2,320,0,0,0
2002-05-03 07:00:00,13.0,35,7.2,320,182,260,115
2002-05-03 08:00:00,14.0,27,7.2,310,362,461,157
2002-05-03 09:00:00,14.0,27,7.7,310,543,562,197
2002-05-03 10:00:00,15.0,26,5.1,300,620,370,340
2002-05-03 11:00:00,16.0,24,7.7,300,847,724,226
2002-05-03 12:00:00,17.0,23,8.2,310,917,781,204
2002-05-03 13:00:00,18.0,23,6.2,310,931,791,207
2002-05-03 14:00:00,19.0,20,9.3,300,851,688,254
2002-05-03 15:00:00,20.0,22,7.7,300,690,572,247
2002-05-03 16:00:00,18.0,23,8.7,320,542,473,240
2002-05-03 17:00:00,17.0,25,6.7,340,203,41,184
2002-05-03 18:00:00,16.0,24,4.6,340,91,0,91
2002-05-03 19:00:00,14.0,32,3.6,340,18,0,18
2002-05-03 20:00:00,13.0,32,3.6,330,0,0,0
2002-05-03 21:00:00,11.0,39,3.1,350,0,0,0
2002-05-03 22:00:00,9.0,49,2.6,350,0,0,0
2002-05-03 23:00:00,8.0,52,2.1,350,0,0,0
2002-05-04 00:00:00,7.0,56,2.6,360,0,0,0
2002-05-04 01:00:00,5.0,64,1.5,330,0,0,0
2002-05-04 02:00:00,5.0,64,3.1,350,0,0,0
2002-05-04 03:00:00,5.0,64,3.1,10,0,0,0
2002-05-04 04:00:00,6.0,60,3.1,40,0,0,0
2002-05-04 05:00:00,6.0,60,3.6,40,0,0,0
2002-05-04 06:00:00,7.0,66,3.6,50,0,0,0
2002-05-04 07:00:00,9.0,57,3.6,60,189,320,106
2002-05-04 08:00:00,11.0,58,4.1,90,375,511,147
2002-05-04 09:00:00,13.0,54,2.1,100,562,641,166
2002-05-04 10:00:00,15.0,41,3.1,110,664,521,269
2002-05-04 11:00:00,15.0,39,2.6,110,853,742,215
2002-05-04 12:00:00,16.0,34,3.6,120,929,763,231
2002-05-04 13:00:00,17.0,36,3.1,120,788,492,337
2002-05-04 14:00:00,15.0,36,2.1,130,593,215,405
2002-05-04 15:00:00,16.0,39,3.1,130,173,6,168
2002-05-04 16:00:00,14.0,44,1.5,140,123,0,123
2002-05-04 17:00:00,13.0,67,1.5,200,64,0,64
2002-05-04 18:00:00,11.0,82,2.1,280,58,0,58
2002-05-04 19:00:00,10.0,93,2.1,340,24,18,22
2002-05-04 20:00:00,10.0,87,1.5,10,0,0,0
2002-05-04 21:00:00,9.0,100,2.1,140,0,0,0
2002-05-04 22:00:00,9.0,93,2.1,140,0,0,0
2002-05-04 23:00:00,9.0,93,1.0,240,0,0,0
2002-05-05 00:00:00,9.0,93,1.5,160,0,0,0
2002-05-05 01:00:00,8.0,100,1.0,170,0,0,0
2002-05-05 02:00:00,9.0,93,1.0,330,0,0,0
2002-05-05 03:00:00,8.0,100,1.5,150,0,0,0
2002-05-05 04:00:00,8.0,100,1.0,130,0,0,0
2002-05-05 05:00:00,9.0,100,1.5,330,0,0,0
2002-05-05 06:00:00,10.0,93,2.6,360,0,0,0
2002-05-05 07:00:00,11.0,87,2.6,10,106,33,97
2002-05-05 08:00:00,12.0,76,3.1,350,388,417,201
2002-05-05 09:00:00,14.0,63,1.5,340,581,684,157
2002-05-05 10:00:00,15.0,63,0.5,330,733,733,175
2002-05-05 11:00:00,16.0,63,1.5,320,834,717,216
2002-05-05 12:00:00,17.0,55,1.5,300,892,691,259
2002-05-05 13:00:00,19.0,40,2.1,290,919,767,214
2002-05-05 14:00:00,20.0,37,3.1,270,857,735,215
2002-05-05 15:00:00,21.0,38,2.6,260,753,756,165
2002-05-05 16:00:00,21.0,35,3.1,240,610,728,142
2002-05-05 17:00:00,21.0,38,2.6,260,412,596,128
2002-05-05 18:00:00,20.0,40,3.1,290,212,467,77
2002-05-05 19:00:00,16.0,68,2.6,230,43,148,29
2002-05-05 20:00:00,15.0,77,3.1,160,0,0,0
2002-05-05 21:00:00,13.0,82,2.6,80,0,0,0
2002-05-05 22:00:00,12.0,88,2.6,180,0,0,0
2002-05-05 23:00:00,12.0,88,2.6,180,0,0,0
2002-05-06 00:00:00,11.0,94,2.6,210,0,0,0
2002-05-06 01:00:00,11.0,94,2.6,190,0,0,0
2002-05-06 02:00:00,9.0,100,2.6,170,0,0,0
2002-05-06 03:00:00,10.0,100,2.6,190,0,0,0
2002-05-06 04:00:00,10.0,100,2.6,180,0,0,0
2002-05-06 05:00:00,9.0,100,2.6,200,0,0,0
2002-05-06 06:00:00,11.0,100,3.1,190,0,0,0
2002-05-06 07:00:00,14.0,88,3.6,210,195,305,114
2002-05-06 08:00:00,16.0,82,4.6,210,374,479,157
2002-05-06 09:00:00,19.0,68,4.6,200,587,665,173
2002-05-06 10:00:00,21.0,53,5.1,210,663,509,275
2002-05-06 11:00:00,21.0,49,5.7,220,704,386,371
2002-05-06 12:00:00,22.0,46,4.1,190,771,481,329
2002-05-06 13:00:00,23.0,41,6.2,190,764,456,344
2002-05-06 14:00:00,22.0,53,5.7,180,722,401,372
2002-05-06 15:00:00,22.0,53,4.1,180,454,125,357
2002-05-06 16:00:00,22.0,53,5.1,160,257,18,246
2002-05-06 17:00:00,21.0,56,3.6,170,241,64,210
2002-05-06 18:00:00,20.0,60,3.6,180,73,0,73
2002-05-06 19:00:00,18.0,73,3.6,150,25,0,25
2002-05-06 20:00:00,18.0,73,4.6,160,0,0,0
2002-05-06 21:00:00,17.0,77,4.6,170,0,0,0
2002-05-06 22:00:00,16.0,82,3.6,170,0,0,0
2002-05-06 23:00:00,17.0,77,3.1,180,0,0,0
2002-05-07 00:00:00,16.0,82,2.1,140,0,0,0
2002-05-07 01:00:00,16.0,88,3.1,140,0,0,0
2002-05-07 02:00:00,14.0,94,2.1,180,0,0,0
2002-05-07 03:00:00,15.0,88,2.6,190,0,0,0
2002-05-07 04:00:00,15.0,88,3.6,210,0,0,0
2002-05-07 05:00:00,15.0,88,3.1,220,0,0,0
2002-05-07 06:00:00,17.0,77,3.1,220,0,0,0
2002-05-07 07:00:00,18.0,73,4.1,220,194,317,109
2002-05-07 08:00:00,20.0,68,4.1,230,380,473,165
2002-05-07 09:00:00,22.0,64,5.7,220,554,513,234
2002-05-07 10:00:00,21.0,69,4.1,230,284,24,266
2002-05-07 11:00:00,23.0,65,3.6,220,290,12,280
2002-05-07 12:00:00,23.0,69,2.6,260,255,6,249
2002-05-07 13:00:00,23.0,69,3.1,230,227,0,227
2002-05-07 14:00:00,24.0,65,3.6,280,299,12,289
2002-05-07 15:00:00,24.0,65,5.7,230,437,107,353
2002-05-07 16:00:00,22.0,73,3.6,230,190,6,187
2002-05-07 17:00:00,22.0,73,3.1,250,155,0,155
2002-05-07 18:00:00,22.0,73,3.1,280,112,11,108
2002-05-07 19:00:00,21.0,78,2.1,350,32,33,29
2002-05-07 20:00:00,20.0,83,1.5,340,0,0,0
2002-05-07 21:00:00,19.0,88,1.0,330,0,0,0
2002-05-07 22:00:00,18.0,94,1.0,310,0,0,0
2002-05-07 23:00:00,18.0,94,1.0,300,0,0,0
2002-05-08 00:00:00,18.0,94,2.1,280,0,0,0
2002-05-08 01:00:00,18.0,94,2.6,310,0,0,0
2002-05-08 02:00:00,17.0,94,2.6,320,0,0,0
2002-05-08 03:00:00,16.0,100,2.1,330,0,0,0
2002-05-08 04:00:00,16.0,100,1.0,330,0,0,0
2002-05-08 05:00:00,15.0,100,1.5,320,0,0,0
2002-05-08 06:00:00,16.0,100,2.1,360,0,0,0
2002-05-08 07:00:00,19.0,88,3.6,10,201,317,116
2002-05-08 08:00:00,20.0,78,4.1,20,387,522,148
2002-05-08 09:00:00,21.0,73,3.6,20,580,671,159
2002-05-08 10:00:00,22.0,60,3.6,60,720,666,209
2002-05-08 11:00:00,24.0,38,4.1,70,840,705,228
2002-05-08 12:00:00,25.0,36,4.1,70,916,757,219
2002-05-08 13:00:00,25.0,50,3.1,120,925,707,271
2002-05-08 14:00:00,25.0,57,3.1,110,599,197,426
2002-05-08 15:00:00,23.0,65,4.6,120,483,143,371
2002-05-08 16:00:00,22.0,60,4.6,110,207,6,203
2002-05-08 17:00:00,21.0,64,3.1,110,161,6,158
2002-05-08 18:00:00,20.0,68,3.6,100,34,0,34
2002-05-08 19:00:00,19.0,68,4.6,110,19,0,19
2002-05-08 20:00:00,18.0,68,4.1,100,0,0,0
2002-05-08 21:00:00,18.0,59,3.1,120,0,0,0
2002-05-08 22:00:00,17.0,68,3.6,120,0,0,0
2002-05-08 23:00:00,15.0,82,3.6,100,0,0,0
2002-05-09 00:00:00,15.0,88,3.1,110,0,0,0
2002-05-09 01:00:00,15.0,88,2.6,140,0,0,0
2002-05-09 02:00:00,15.0,88,2.6,130,0,0,0
2002-05-09 03:00:00,14.0,94,2.6,150,0,0,0
2002-05-09 04:00:00,14.0,94,2.1,130,0,0,0
2002-05-09 05:00:00,14.0,100,3.1,140,0,0,0
2002-05-09 06:00:00,14.0,100,2.6,110,0,0,0
2002-05-09 07:00:00,14.0,100,3.1,110,72,0,72
2002-05-09 08:00:00,14.0,100,2.1,90,90,0,90
2002-05-09 09:00:00,14.0,100,3.6,70,156,0,156
2002-05-09 10:00:00,14.0,100,2.1,100,145,0,145
2002-05-09 11:00:00,15.0,100,3.6,120,179,0,179
2002-05-09 12:00:00,16.0,100,3.6,120,152,0,152
2002-05-09 13:00:00,16.0,100,1.0,120,221,0,221
2002-05-09 14:00:00,17.0,100,3.6,150,158,0,158
2002-05-09 15:00:00,18.0,100,2.6,110,207,0,207
2002-05-09 16:00:00,18.0,94,2.6,70,129,0,129
2002-05-09 17:00:00,17.0,100,2.1,70,273,111,220
2002-05-09 18:00:00,17.0,100,2.6,120,39,0,39
2002-05-09 19:00:00,18.0,100,2.1,140,10,0,10
2002-05-09 20:00:00,17.0,100,2.1,150,0,0,0
2002-05-09 21:00:00,18.0,100,3.1,200,0,0,0
2002-05-09 22:00:00,18.0,100,3.1,220,0,0,0
2002-05-09 23:00:00,18.0,100,3.1,240,0,0,0
2002-05-10 00:00:00,17.0,100,2.1,260,0,0,0
2002-05-10 01:00:00,15.0,100,2.1,260,0,0,0
2002-05-10 02:00:00,16.0,100,2.1,260,0,0,0
2002-05-10 03:00:00,17.0,100,2.6,300,0,0,0
2002-05-10 04:00:00,17.0,100,2.6,300,0,0,0
2002-05-10 05:00:00,18.0,88,4.1,320,0,0,0
2002-05-10 06:00:00,18.0,88,3.1,320,0,0,0
2002-05-10 07:00:00,20.0,73,5.1,320,199,322,111
2002-05-10 08:00:00,21.0,64,5.1,350,400,534,152
2002-05-10 09:00:00,21.0,64,4.6,340,599,714,148
2002-05-10 10:00:00,22.0,50,5.7,300,738,714,187
2002-05-10 11:00:00,23.0,50,5.1,350,858,760,196
2002-05-10 12:00:00,23.0,41,4.1,260,934,781,212
2002-05-10 13:00:00,25.0,39,3.6,290,913,725,240
2002-05-10 14:00:00,25.0,39,5.7,290,869,682,268
2002-05-10 15:00:00,24.0,41,5.7,300,466,131,363
2002-05-10 16:00:00,25.0,39,4.6,280,454,237,299
2002-05-10 17:00:00,24.0,29,4.6,320,258,70,223
2002-05-10 18:00:00,23.0,27,4.6,310,132,23,125
2002-05-10 19:00:00,21.0,25,3.1,290,37,29,33
2002-05-10 20:00:00,20.0,28,3.6,300,0,0,0
2002-05-10 21:00:00,18.0,30,3.1,320,0,0,0
2002-05-10 22:00:00,17.0,34,3.1,330,0,0,0
2002-05-10 23:00:00,17.0,32,4.1,330,0,0,0
2002-05-11 00:00:00,16.0,34,4.1,340,0,0,0
2002-05-11 01:00:00,14.0,41,3.1,350,0,0,0
2002-05-11 02:00:00,12.0,47,3.1,360,0,0,0
2002-05-11 03:00:00,11.0,54,2.6,350,0,0,0
2002-05-11 04:00:00,9.9,58,2.9,10,0,0,0
2002-05-11 05:00:00,9.0,61,3.1,20,0,0,0
2002-05-11 06:00:00,10.0,66,2.1,10,0,0,0
2002-05-11 07:00:00,14.0,41,3.1,40,183,210,124
2002-05-11 08:00:00,16.0,34,3.6,20,344,323,194
2002-05-11 09:00:00,17.0,29,5.1,70,599,671,173
2002-05-11 10:00:00,18.0,25,2.1,10,745,714,192
2002-05-11 11:00:00,19.0,30,1.5,310,877,802,177
2002-05-11 12:00:00,19.0,30,2.1,270,953,847,167
2002-05-11 13:00:00,20.0,32,2.1,220,949,833,174
2002-05-11 14:00:00,21.0,35,4.1,180,886,801,179
2002-05-11 15:00:00,21.0,33,1.5,170,771,763,170
2002-05-11 16:00:00,22.0,29,3.1,170,611,699,153
2002-05-11 17:00:00,21.0,33,4.6,160,430,632,121
2002-05-11 18:00:00,19.0,40,4.1,100,225,458,86
2002-05-11 19:00:00,16.0,51,2.6,110,54,173,35
2002-05-11 20:00:00,16.0,59,2.6,140,0,0,0
2002-05-11 21:00:00,17.0,55,3.1,160,0,0,0
2002-05-11 22:00:00,16.0,63,3.6,160,0,0,0
2002-05-11 23:00:00,15.0,67,3.6,160,0,0,0
2002-05-12 00:00:00,14.0,63,2.6,180,0,0,0
2002-05-12 01:00:00,15.0,63,2.6,180,0,0,0
2002-05-12 02:00:00,13.0,72,2.6,160,0,0,0
2002-05-12 03:00:00,14.0,67,2.6,160,0,0,0
2002-05-12 04:00:00,14.0,67,1.5,160,0,0,0
2002-05-12 05:00:00,12.0,76,2.6,160,0,0,0
2002-05-12 06:00:00,14.0,72,2.6,160,0,0,0
2002-05-12 07:00:00,17.0,63,4.6,190,166,105,137
2002-05-12 08:00:00,19.0,60,5.1,210,344,292,207
2002-05-12 09:00:00,21.0,56,5.7,210,592,555,239
2002-05-12 10:00:00,23.0,53,6.2,210,442,91,371
2002-05-12 11:00:00,24.7,53,6.0,210,784,512,336
2002-05-12 12:00:00,26.0,54,5.7,210,928,727,253
2002-05-12 13:00:00,27.6,51,6.2,210,907,695,260
2002-05-12 14:00:00,28.9,50,6.7,200,851,682,248
2002-05-12 15:00:00,30.0,49,7.2,200,731,620,241
2002-05-12 16:00:00,28.0,55,7.2,210,572,515,234
2002-05-12 17:00:00,27.0,62,4.1,210,97,0,97
2002-05-12 18:00:00,27.0,66,5.1,210,113,11,109
2002-05-12 19:00:00,24.0,83,3.6,220,17,0,17
2002-05-12 20:00:00,23.0,94,2.1,10,0,0,0
2002-05-12 21:00:00,22.0,88,1.5,50,0,0,0
2002-05-12 22:00:00,21.0,94,1.0,90,0,0,0
2002-05-12 23:00:00,20.0,100,1.0,120,0,0,0
2002-05-13 00:00:00,19.0,100,1.5,160,0,0,0
2002-05-13 01:00:00,20.0,94,3.1,220,0,0,0
2002-05-13 02:00:00,23.0,78,5.1,220,0,0,0
2002-05-13 03:00:00,22.0,83,3.6,220,0,0,0
2002-05-13 04:00:00,21.4,84,3.9,220,0,0,0
2002-05-13 05:00:00,21.0,83,4.1,210,0,0,0
2002-05-13 06:00:00,22.0,83,4.6,210,0,0,0
2002-05-13 07:00:00,23.0,78,5.1,210,118,26,111
2002-05-13 08:00:00,24.0,74,5.7,210,110,0,110
2002-05-13 09:00:00,26.0,70,7.7,210,475,274,300
2002-05-13 10:00:00,27.0,70,7.7,210,372,61,325
2002-05-13 11:00:00,28.0,62,7.7,230,710,350,404
2002-05-13 12:00:00,28.0,62,7.7,210,352,36,318
2002-05-13 13:00:00,28.0,66,9.3,210,621,222,414
2002-05-13 14:00:00,28.0,62,7.7,210,388,24,366
2002-05-13 15:00:00,27.0,62,9.8,200,236,6,231
2002-05-13 16:00:00,26.0,65,9.8,210,230,6,226
2002-05-13 17:00:00,24.0,69,7.2,230,167,6,164
2002-05-13 18:00:00,24.0,65,5.7,220,133,45,119
2002-05-13 19:00:00,21.7,66,6.7,240,10,0,10
2002-05-13 20:00:00,19.5,66,7.7,260,0,0,0
2002-05-13 21:00:00,18.1,64,8.8,270,0,0,0
2002-05-13 22:00:00,16.9,60,9.8,290,0,0,0
2002-05-13 23:00:00,16.0,55,10.8,310,0,0,0
2002-05-14 00:00:00,15.0,55,6.7,290,0,0,0
2002-05-14 01:00:00,13.0,58,7.7,290,0,0,0
2002-05-14 02:00:00,13.0,58,7.2,290,0,0,0
2002-05-14 03:00:00,12.0,62,5.1,290,0,0,0
2002-05-14 04:00:00,11.0,62,7.2,290,0,0,0
2002-05-14 05:00:00,11.0,54,6.7,300,0,0,0
2002-05-14 06:00:00,11.0,54,6.7,280,0,0,0
2002-05-14 07:00:00,12.0,58,4.6,280,220,353,119
2002-05-14 08:00:00,13.4,49,6.0,280,398,521,152
2002-05-14 09:00:00,14.7,43,7.3,290,540,482,231
2002-05-14 10:00:00,16.0,36,8.7,290,662,448,313
2002-05-14 11:00:00,16.0,34,9.3,270,543,139,421
2002-05-14 12:00:00,17.0,32,9.3,280,485,108,385
2002-05-14 13:00:00,17.0,34,7.7,300,191,6,185
2002-05-14 14:00:00,16.0,34,7.7,290,206,12,195
2002-05-14 15:00:00,17.0,32,10.3,280,754,554,314
2002-05-14 16:00:00,12.0,67,10.3,290,494,290,302
2002-05-14 17:00:00,13.2,56,8.3,270,70,0,70
2002-05-14 18:00:00,14.0,47,6.2,250,236,306,141
2002-05-14 19:00:00,14.0,47,6.7,270,53,137,36
2002-05-14 20:00:00,13.0,47,6.7,270,0,0,0
2002-05-14 21:00:00,13.0,47,6.7,270,0,0,0
2002-05-14 22:00:00,12.0,54,5.7,270,0,0,0
2002-05-14 23:00:00,11.0,58,5.7,270,0,0,0
2002-05-15 00:00:00,11.0,54,3.6,270,0,0,0
2002-05-15 01:00:00,12.0,50,7.2,290,0,0,0
2002-05-15 02:00:00,11.0,58,4.6,300,0,0,0
2002-05-15 03:00:00,10.0,62,2.6,270,0,0,0
2002-05-15 04:00:00,9.0,71,2.6,240,0,0,0
2002-05-15 05:00:00,8.0,76,3.1,240,0,0,0
2002-05-15 06:00:00,10.0,66,4.1,260,0,0,0
2002-05-15 07:00:00,12.0,58,4.6,260,219,379,110
2002-05-15 08:00:00,14.0,55,5.1,290,411,558,147
2002-05-15 09:00:00,16.0,48,5.7,280,591,659,168
2002-05-15 10:00:00,17.0,42,6.2,270,757,751,171
2002-05-15 11:00:00,17.0,39,6.7,290,858,747,201
2002-05-15 12:00:00,19.0,34,4.6,320,928,763,216
2002-05-15 13:00:00,20.0,30,7.2,310,931,761,219
2002-05-15 14:00:00,20.0,26,4.1,270,881,765,200
2002-05-15 15:00:00,21.0,25,6.7,290,778,781,156
2002-05-15 16:00:00,22.0,25,6.2,280,617,693,158
2002-05-15 17:00:00,22.0,20,5.1,270,441,656,115
2002-05-15 18:00:00,21.0,21,4.6,290,237,488,84
2002-05-15 19:00:00,19.0,28,2.1,260,64,211,38
2002-05-15 20:00:00,14.0,47,2.1,230,0,0,0
2002-05-15 21:00:00,10.0,71,1.5,200,0,0,0
2002-05-15 22:00:00,11.0,66,2.1,200,0,0,0
2002-05-15 23:00:00,11.0,66,1.5,200,0,0,0
2002-05-16 00:00:00,11.0,66,1.5,200,0,0,0
2002-05-16 01:00:00,9.0,81,2.1,200,0,0,0
2002-05-16 02:00:00,10.0,76,1.5,200,0,0,0
2002-05-16 03:00:00,9.0,81,2.1,220,0,0,0
2002-05-16 04:00:00,10.0,82,1.5,220,0,0,0
2002-05-16 05:00:00,9.0,81,2.6,200,0,0,0
2002-05-16 06:00:00,12.0,82,3.6,210,67,82,59
2002-05-16 07:00:00,15.0,67,4.6,230,219,333,122
2002-05-16 08:00:00,17.0,63,5.1,220,397,471,173
2002-05-16 09:00:00,20.0,53,3.6,230,572,604,183
2002-05-16 10:00:00,21.0,46,4.1,220,731,587,272
2002-05-16 11:00:00,23.0,41,4.6,240,617,229,415
2002-05-16 12:00:00,25.0,32,3.1,220,655,240,431
2002-05-16 13:00:00,26.0,26,5.1,230,937,713,269
2002-05-16 14:00:00,27.0,24,5.7,230,887,777,195
2002-05-16 15:00:00,28.0,26,5.7,230,778,775,160
2002-05-16 16:00:00,28.0,25,6.2,240,629,729,145
2002-05-16 17:00:00,27.0,26,6.7,220,442,615,135
2002-05-16 18:00:00,26.0,28,5.7,220,227,397,102
2002-05-16 19:00:00,24.0,38,5.1,210,64,232,35
2002-05-16 20:00:00,22.0,43,5.1,200,0,0,0
2002-05-16 21:00:00,21.0,49,4.1,210,0,0,0
2002-05-16 22:00:00,20.0,53,4.6,210,0,0,0
2002-05-16 23:00:00,19.0,56,4.1,210,0,0,0
2002-05-17 00:00:00,20.0,56,4.6,220,0,0,0
2002-05-17 01:00:00,20.0,56,4.1,220,0,0,0
2002-05-17 02:00:00,19.0,64,3.6,210,0,0,0
2002-05-17 03:00:00,19.0,64,4.6,210,0,0,0
2002-05-17 04:00:00,18.0,68,3.1,200,0,0,0
2002-05-17 05:00:00,18.0,68,4.6,220,0,0,0
2002-05-17 06:00:00,19.0,68,4.1,220,49,0,49
2002-05-17 07:00:00,21.0,60,6.2,220,218,326,123
2002-05-17 08:00:00,22.0,60,7.2,210,397,471,172
2002-05-17 09:00:00,23.0,57,6.7,230,507,341,286
2002-05-17 10:00:00,25.0,50,5.7,220,712,581,257
2002-05-17 11:00:00,26.0,48,4.1,250,796,542,317
2002-05-17 12:00:00,25.0,44,5.1,270,570,138,441
2002-05-17 13:00:00,26.0,48,2.6,290,573,138,444
2002-05-17 14:00:00,26.0,51,3.1,240,658,251,434
2002-05-17 15:00:00,27.0,51,3.1,270,323,36,294
2002-05-17 16:00:00,25.0,54,2.1,290,140,0,140
2002-05-17 17:00:00,23.0,69,3.6,320,178,6,175
2002-05-17 18:00:00,20.0,94,3.1,10,104,0,104
2002-05-17 19:00:00,18.0,100,3.1,50,11,0,11
2002-05-17 20:00:00,18.0,100,2.6,60,0,0,0
2002-05-17 21:00:00,18.0,100,2.1,60,0,0,0
2002-05-17 22:00:00,18.0,100,2.1,70,0,0,0
2002-05-17 23:00:00,18.0,94,1.5,70,0,0,0
2002-05-18 00:00:00,18.0,94,3.1,80,0,0,0
2002-05-18 01:00:00,17.0,100,2.1,70,0,0,0
2002-05-18 02:00:00,17.0,100,3.1,60,0,0,0
2002-05-18 03:00:00,16.0,100,3.1,60,0,0,0
2002-05-18 04:00:00,16.0,100,2.1,60,0,0,0
2002-05-18 05:00:00,15.0,100,2.6,20,0,0,0
2002-05-18 06:00:00,12.0,100,7.7,340,48,0,48
2002-05-18 07:00:00,10.0,100,4.6,350,93,0,93
2002-05-18 08:00:00,10.0,100,7.7,330,164,0,164
2002-05-18 09:00:00,10.0,100,6.7,330,123,0,123
2002-05-18 10:00:00,11.0,82,7.7,340,151,0,151
2002-05-18 11:00:00,12.0,76,7.2,330,222,0,222
2002-05-18 12:00:00,12.0,76,5.7,330,212,0,212
2002-05-18 13:00:00,12.0,71,7.2,330,293,6,287
2002-05-18 14:00:00,11.0,71,7.7,330,276,6,271
2002-05-18 15:00:00,12.0,67,5.7,330,352,24,332
2002-05-18 16:00:00,13.0,62,5.1,330,298,30,278
2002-05-18 17:00:00,13.0,62,4.1,340,140,0,140
2002-05-18 18:00:00,12.0,62,3.6,340,79,0,79
2002-05-18 19:00:00,11.0,71,2.6,340,66,139,48
2002-05-18 20:00:00,11.0,71,2.1,340,0,0,0
2002-05-18 21:00:00,11.0,66,4.6,330,0,0,0
2002-05-18 22:00:00,10.0,71,5.7,320,0,0,0
2002-05-18 23:00:00,9.0,76,5.1,310,0,0,0
2002-05-19 00:00:00,8.0,81,4.1,320,0,0,0
2002-05-19 01:00:00,7.0,87,2.6,330,0,0,0
2002-05-19 02:00:00,6.0,87,2.1,320,0,0,0
2002-05-19 03:00:00,7.0,81,3.1,320,0,0,0
2002-05-19 04:00:00,6.0,87,3.6,330,0,0,0
2002-05-19 05:00:00,6.0,81,2.6,310,0,0,0
2002-05-19 06:00:00,7.0,76,4.1,310,62,35,58
2002-05-19 07:00:00,8.0,66,4.1,320,225,377,113
2002-05-19 08:00:00,9.0,53,4.6,330,417,557,148
2002-05-19 09:00:00,10.0,50,5.7,340,604,689,157
2002-05-19 10:00:00,11.0,43,5.1,310,750,708,193
2002-05-19 11:00:00,12.0,44,4.1,320,870,771,187
2002-05-19 12:00:00,13.0,38,1.5,310,928,745,229
2002-05-19 13:00:00,14.0,32,3.1,310,949,755,239
2002-05-19 14:00:00,15.0,30,2.6,300,828,568,320
2002-05-19 15:00:00,15.0,33,5.7,290,732,548,292
2002-05-19 16:00:00,16.0,31,4.6,280,478,267,299
2002-05-19 17:00:00,15.0,30,5.1,320,432,574,142
2002-05-19 18:00:00,14.0,35,4.1,310,248,489,91
2002-05-19 19:00:00,12.0,37,4.6,300,70,225,40
2002-05-19 20:00:00,10.0,46,2.6,320,0,0,0
2002-05-19 21:00:00,9.0,53,2.6,320,0,0,0
2002-05-19 22:00:00,8.0,61,2.6,330,0,0,0
2002-05-19 23:00:00,9.0,53,4.1,340,0,0,0
2002-05-20 00:00:00,8.0,61,4.6,320,0,0,0
2002-05-20 01:00:00,8.0,61,4.1,310,0,0,0
2002-05-20 02:00:00,7.0,70,3.6,310,0,0,0
2002-05-20 03:00:00,6.0,75,2.6,320,0,0,0
2002-05-20 04:00:00,6.0,75,3.1,340,0,0,0
2002-05-20 05:00:00,5.0,75,3.6,340,0,0,0
2002-05-20 06:00:00,7.0,70,4.1,340,75,104,64
2002-05-20 07:00:00,8.0,66,3.6,360,239,441,108
2002-05-20 08:00:00,12.0,40,2.1,350,430,619,131
2002-05-20 09:00:00,12.0,47,2.1,330,610,713,146
2002-05-20 10:00:00,13.0,38,3.6,300,769,769,163
2002-05-20 11:00:00,14.0,30,4.6,310,876,790,177
2002-05-20 12:00:00,15.0,28,3.6,260,940,781,207
2002-05-20 13:00:00,15.0,30,5.7,340,943,779,209
2002-05-20 14:00:00,15.0,26,3.1,320,869,622,312
2002-05-20 15:00:00,15.0,26,5.1,330,438,149,318
2002-05-20 16:00:00,14.0,30,3.6,330,624,486,298
2002-05-20 17:00:00,15.0,28,3.6,350,189,12,183
2002-05-20 18:00:00,14.0,27,4.6,320,149,68,127
2002-05-20 19:00:00,12.0,34,3.1,320,71,191,45
2002-05-20 20:00:00,9.0,45,3.1,340,0,0,0
2002-05-20 21:00:00,8.0,52,3.1,350,0,0,0
2002-05-20 22:00:00,8.0,52,2.6,340,0,0,0
2002-05-20 23:00:00,7.0,61,2.6,340,0,0,0
2002-05-21 00:00:00,6.0,65,4.1,350,0,0,0
2002-05-21 01:00:00,5.0,70,3.1,350,0,0,0
2002-05-21 02:00:00,4.0,75,3.6,340,0,0,0
2002-05-21 03:00:00,4.0,75,2.1,350,0,0,0
2002-05-21 04:00:00,3.0,81,2.6,350,0,0,0
2002-05-21 05:00:00,4.0,81,3.1,10,0,0,0
2002-05-21 06:00:00,5.0,81,3.1,360,59,17,57
2002-05-21 07:00:00,8.0,61,3.6,360,154,52,139
2002-05-21 08:00:00,8.0,61,4.1,340,273,93,228
2002-05-21 09:00:00,11.0,47,5.1,340,590,591,205
2002-05-21 10:00:00,13.0,38,5.1,360,731,629,234
2002-05-21 11:00:00,12.0,34,5.1,330,870,693,255
2002-05-21 12:00:00,13.0,32,6.7,300,661,282,396
2002-05-21 13:00:00,14.0,35,4.6,290,914,612,337
2002-05-21 14:00:00,15.0,28,4.6,290,523,138,399
2002-05-21 15:00:00,15.0,30,5.1,280,623,310,373
2002-05-21 16:00:00,14.0,30,5.7,330,343,53,307
2002-05-21 17:00:00,14.0,30,6.2,320,265,53,238
2002-05-21 18:00:00,13.0,32,3.6,330,139,46,125
2002-05-21 19:00:00,12.0,34,4.1,310,75,171,52
2002-05-21 20:00:00,10.0,42,2.6,300,0,0,0
2002-05-21 21:00:00,9.0,49,2.1,300,0,0,0
2002-05-21 22:00:00,7.0,61,0.5,300,0,0,0
2002-05-21 23:00:00,7.0,61,0.5,300,0,0,0
2002-05-22 00:00:00,6.0,65,2.1,300,0,0,0
2002-05-22 01:00:00,4.0,75,1.0,280,0,0,0
2002-05-22 02:00:00,5.0,64,1.0,250,0,0,0
2002-05-22 03:00:00,4.0,75,1.0,230,0,0,0
2002-05-22 04:00:00,4.0,69,0.5,260,0,0,0
2002-05-22 05:00:00,4.0,75,0.5,300,0,0,0
2002-05-22 06:00:00,6.0,75,2.6,330,58,17,56
2002-05-22 07:00:00,10.0,54,4.1,360,231,356,123
2002-05-22 08:00:00,12.0,47,3.1,20,416,545,151
2002-05-22 09:00:00,14.0,41,2.6,40,610,683,164
2002-05-22 10:00:00,15.0,36,1.5,60,756,696,206
2002-05-22 11:00:00,17.0,34,3.1,80,888,802,176
2002-05-22 12:00:00,16.0,34,2.1,70,940,775,211
2002-05-22 13:00:00,17.0,29,1.5,60,955,809,191
2002-05-22 14:00:00,18.0,34,2.1,70,899,795,184
2002-05-22 15:00:00,18.0,30,2.6,70,778,751,173
2002-05-22 16:00:00,19.0,24,3.1,90,635,717,152
2002-05-22 17:00:00,19.0,26,2.6,110,454,657,119
2002-05-22 18:00:00,18.0,39,3.6,130,254,518,84
2002-05-22 19:00:00,15.0,48,3.1,140,76,238,42
2002-05-22 20:00:00,11.0,58,2.6,130,0,0,0
2002-05-22 21:00:00,9.0,71,2.1,180,0,0,0
2002-05-22 22:00:00,8.0,76,2.1,170,0,0,0
2002-05-22 23:00:00,8.0,71,2.6,170,0,0,0
2002-05-23 00:00:00,9.0,71,2.1,190,0,0,0
2002-05-23 01:00:00,8.0,76,2.6,200,0,0,0
2002-05-23 02:00:00,7.0,81,2.6,180,0,0,0
2002-05-23 03:00:00,7.0,81,3.1,220,0,0,0
2002-05-23 04:00:00,6.0,87,3.1,220,0,0,0
2002-05-23 05:00:00,7.0,87,1.5,190,0,0,0
2002-05-23 06:00:00,8.0,87,2.6,230,71,76,62
2002-05-23 07:00:00,12.0,71,4.1,230,230,350,124
2002-05-23 08:00:00,15.0,59,3.6,240,409,514,158
2002-05-23 09:00:00,17.0,45,2.6,250,603,658,172
2002-05-23 10:00:00,19.0,37,3.6,260,762,720,192
2002-05-23 11:00:00,20.0,32,2.6,250,876,759,201
2002-05-23 12:00:00,22.0,33,2.1,240,964,841,172
2002-05-23 13:00:00,22.0,27,1.5,220,967,839,174
2002-05-23 14:00:00,23.0,27,2.1,210,917,843,158
2002-05-23 15:00:00,23.0,29,3.6,200,796,781,165
2002-05-23 16:00:00,23.0,22,3.6,180,624,670,172
2002-05-23 17:00:00,23.0,29,3.1,200,449,627,127
2002-05-23 18:00:00,22.0,29,4.1,220,255,513,85
2002-05-23 19:00:00,20.0,37,2.6,210,76,254,40
2002-05-23 20:00:00,15.0,59,3.1,180,0,0,0
2002-05-23 21:00:00,14.0,63,3.6,180,0,0,0
2002-05-23 22:00:00,13.0,72,3.1,160,0,0,0
2002-05-23 23:00:00,12.0,82,2.6,180,0,0,0
2002-05-24 00:00:00,12.0,82,3.1,170,0,0,0
2002-05-24 01:00:00,13.0,77,3.1,190,0,0,0
2002-05-24 02:00:00,10.0,82,2.6,180,0,0,0
2002-05-24 03:00:00,11.0,82,2.6,230,0,0,0
2002-05-24 04:00:00,11.0,82,2.6,220,0,0,0
2002-05-24 05:00:00,12.0,76,2.1,200,0,0,0
2002-05-24 06:00:00,13.0,77,3.1,210,69,67,61
2002-05-24 07:00:00,16.0,63,2.6,220,230,343,125
2002-05-24 08:00:00,19.0,60,3.1,210,409,507,161
2002-05-24 09:00:00,23.0,47,2.6,260,609,676,166
2002-05-24 10:00:00,24.0,36,3.1,300,762,714,196
2002-05-24 11:00:00,25.0,41,4.1,270,882,796,174
2002-05-24 12:00:00,26.0,37,4.6,220,934,751,226
2002-05-24 13:00:00,28.0,32,5.1,240,956,803,195
2002-05-24 14:00:00,28.0,30,5.1,240,887,736,225
2002-05-24 15:00:00,29.0,33,5.1,220,767,703,198
2002-05-24 16:00:00,29.0,31,5.1,220,630,634,201
2002-05-24 17:00:00,29.0,33,5.1,220,336,205,230
2002-05-24 18:00:00,27.0,37,5.1,210,240,365,119
2002-05-24 19:00:00,23.0,53,3.1,220,58,71,47
2002-05-24 20:00:00,21.6,62,2.6,230,0,0,0
2002-05-24 21:00:00,21.0,69,2.1,240,0,0,0
2002-05-24 22:00:00,25.0,50,6.2,340,0,0,0
2002-05-24 23:00:00,22.0,69,3.6,320,0,0,0
2002-05-25 00:00:00,21.0,73,3.1,320,0,0,0
2002-05-25 01:00:00,20.0,78,4.6,330,0,0,0
2002-05-25 02:00:00,20.0,83,2.6,330,0,0,0
2002-05-25 03:00:00,18.0,88,2.1,10,0,0,0
2002-05-25 04:00:00,19.0,83,3.6,340,0,0,0
2002-05-25 05:00:00,17.0,94,2.6,10,0,0,0
2002-05-25 06:00:00,18.0,83,3.1,20,68,58,61
2002-05-25 07:00:00,19.0,78,3.6,50,222,304,129
2002-05-25 08:00:00,20.0,60,4.6,50,388,427,179
2002-05-25 09:00:00,21.0,64,3.6,80,583,609,183
2002-05-25 10:00:00,22.0,60,3.1,80,737,581,276
2002-05-25 11:00:00,22.0,64,2.1,100,691,319,406
2002-05-25 12:00:00,23.0,61,4.1,120,679,270,424
2002-05-25 13:00:00,23.0,61,3.6,90,406,36,372
2002-05-25 14:00:00,23.0,65,2.6,120,382,36,350
2002-05-25 15:00:00,24.0,61,3.6,140,606,274,384
2002-05-25 16:00:00,25.0,57,4.6,150,563,480,237
2002-05-25 17:00:00,24.0,61,3.6,140,417,469,175
2002-05-25 18:00:00,23.0,65,4.6,130,225,325,117
2002-05-25 19:00:00,21.0,69,3.6,140,70,153,47
2002-05-25 20:00:00,19.0,68,4.6,140,0,0,0
2002-05-25 21:00:00,18.0,77,3.6,130,0,0,0
2002-05-25 22:00:00,17.0,82,4.1,140,0,0,0
2002-05-25 23:00:00,16.0,86,2.8,140,0,0,0
2002-05-26 00:00:00,15.0,88,1.5,140,0,0,0
2002-05-26 01:00:00,16.0,88,0.5,120,0,0,0
2002-05-26 02:00:00,16.0,88,1.5,90,0,0,0
2002-05-26 03:00:00,16.0,88,1.5,70,0,0,0
2002-05-26 04:00:00,16.0,94,1.5,80,0,0,0
2002-05-26 05:00:00,15.0,100,1.0,90,0,0,0
2002-05-26 06:00:00,15.0,100,2.1,80,40,0,40
2002-05-26 07:00:00,16.0,100,1.0,120,84,0,84
2002-05-26 08:00:00,17.0,100,2.1,160,156,0,156
2002-05-26 09:00:00,19.0,88,1.5,190,227,6,223
2002-05-26 10:00:00,20.0,83,2.1,220,403,79,340
2002-05-26 11:00:00,22.0,73,0.5,200,790,494,349
2002-05-26 12:00:00,25.0,69,1.5,170,910,631,314
2002-05-26 13:00:00,27.0,62,2.1,150,812,486,352
2002-05-26 14:00:00,27.0,66,1.5,120,846,574,328
2002-05-26 15:00:00,28.0,62,2.6,100,704,507,293
2002-05-26 16:00:00,27.0,70,3.6,70,388,107,316
2002-05-26 17:00:00,24.0,78,3.1,80,276,82,234
2002-05-26 18:00:00,23.0,83,3.6,70,211,206,141
2002-05-26 19:00:00,22.0,83,4.1,30,58,61,49
2002-05-26 20:00:00,21.0,83,2.6,50,0,0,0
2002-05-26 21:00:00,20.0,88,2.6,20,0,0,0
2002-05-26 22:00:00,21.0,78,4.6,310,0,0,0
2002-05-26 23:00:00,19.0,83,4.6,360,0,0,0
2002-05-27 00:00:00,19.0,83,1.5,50,0,0,0
2002-05-27 01:00:00,19.0,83,4.6,290,0,0,0
2002-05-27 02:00:00,18.0,83,1.0,220,0,0,0
2002-05-27 03:00:00,16.0,94,2.1,140,0,0,0
2002-05-27 04:00:00,16.0,100,1.5,120,0,0,0
2002-05-27 05:00:00,16.0,94,1.0,130,0,0,0
2002-05-27 06:00:00,17.0,94,2.6,130,66,25,63
2002-05-27 07:00:00,20.0,83,1.5,140,168,90,140
2002-05-27 08:00:00,22.0,78,3.6,210,374,322,216
2002-05-27 09:00:00,24.0,74,2.6,260,576,554,211
2002-05-27 10:00:00,25.0,65,0.5,300,680,484,295
2002-05-27 11:00:00,25.0,65,2.1,300,678,289,420
2002-05-27 12:00:00,26.0,65,2.1,340,564,144,428
2002-05-27 13:00:00,26.0,70,3.1,30,818,498,346
2002-05-27 14:00:00,26.0,70,3.1,70,776,526,300
2002-05-27 15:00:00,26.0,70,3.6,110,687,507,275
2002-05-27 16:00:00,27.0,66,3.6,110,574,534,211
2002-05-27 17:00:00,26.0,65,4.1,100,401,352,218
2002-05-27 18:00:00,25.0,61,3.6,120,166,91,135
2002-05-27 19:00:00,23.0,65,3.1,150,31,0,31
2002-05-27 20:00:00,23.0,61,4.1,220,0,0,0
2002-05-27 21:00:00,19.0,100,2.1,30,0,0,0
2002-05-27 22:00:00,19.0,100,2.6,110,0,0,0
2002-05-27 23:00:00,18.0,100,0.5,130,0,0,0
2002-05-28 00:00:00,18.0,94,2.6,150,0,0,0
2002-05-28 01:00:00,17.0,100,2.1,190,0,0,0
2002-05-28 02:00:00,18.0,94,2.6,150,0,0,0
2002-05-28 03:00:00,16.0,100,1.5,200,0,0,0
2002-05-28 04:00:00,16.0,100,2.1,140,0,0,0
2002-05-28 05:00:00,16.0,100,2.6,140,0,0,0
2002-05-28 06:00:00,17.0,100,1.5,180,65,41,60
2002-05-28 07:00:00,19.0,94,3.1,180,152,58,134
2002-05-28 08:00:00,21.0,83,3.1,170,313,124,252
2002-05-28 09:00:00,22.0,83,2.1,180,440,189,316
2002-05-28 10:00:00,24.0,69,3.1,180,648,363,359
2002-05-28 11:00:00,26.0,65,2.1,180,870,675,266
2002-05-28 12:00:00,28.0,55,5.1,180,843,535,337
2002-05-28 13:00:00,28.0,45,2.6,130,705,276,443
2002-05-28 14:00:00,29.0,43,4.1,170,647,203,463
2002-05-28 15:00:00,28.0,48,5.1,170,612,304,364
2002-05-28 16:00:00,28.0,48,5.7,160,580,468,260
2002-05-28 17:00:00,26.0,58,5.1,150,239,47,214
2002-05-28 18:00:00,25.0,57,4.1,150,141,34,129
2002-05-28 19:00:00,22.0,64,2.1,130,87,191,58
2002-05-28 20:00:00,20.0,78,2.6,130,0,0,0
2002-05-28 21:00:00,19.0,83,2.6,120,0,0,0
2002-05-28 22:00:00,18.0,88,3.1,160,0,0,0
2002-05-28 23:00:00,18.0,94,2.6,180,0,0,0
2002-05-29 00:00:00,18.0,94,2.1,160,0,0,0
2002-05-29 01:00:00,17.0,100,1.5,80,0,0,0
2002-05-29 02:00:00,16.0,100,2.1,110,0,0,0
2002-05-29 03:00:00,17.0,100,1.5,120,0,0,0
2002-05-29 04:00:00,18.0,100,1.5,120,0,0,0
2002-05-29 05:00:00,18.0,100,1.0,110,0,0,0
2002-05-29 06:00:00,18.0,100,1.5,110,39,0,39
2002-05-29 07:00:00,19.0,100,2.1,150,106,0,106
2002-05-29 08:00:00,20.0,100,2.6,160,326,179,238
2002-05-29 09:00:00,22.5,83,2.1,150,479,280,294
2002-05-29 10:00:00,25.0,69,1.5,150,636,357,351
2002-05-29 11:00:00,26.0,65,1.5,140,611,211,422
2002-05-29 12:00:00,27.0,58,2.1,130,831,469,387
2002-05-29 13:00:00,26.0,61,3.1,130,406,60,349
2002-05-29 14:00:00,26.0,61,3.6,120,700,299,429
2002-05-29 15:00:00,26.0,61,4.1,130,716,542,273
2002-05-29 16:00:00,28.0,48,4.1,130,563,486,230
2002-05-29 17:00:00,27.0,48,4.1,160,434,528,158
2002-05-29 18:00:00,26.0,58,4.1,130,272,532,90
2002-05-29 19:00:00,23.0,69,3.1,150,83,253,44
2002-05-29 20:00:00,22.0,73,3.1,140,0,0,0
2002-05-29 21:00:00,20.0,83,3.6,150,0,0,0
2002-05-29 22:00:00,17.0,94,2.1,190,0,0,0
2002-05-29 23:00:00,17.0,94,2.1,190,0,0,0
2002-05-30 00:00:00,17.0,100,2.6,160,0,0,0
2002-05-30 01:00:00,16.0,100,2.1,190,0,0,0
2002-05-30 02:00:00,15.0,100,1.0,210,0,0,0
2002-05-30 03:00:00,12.0,100,2.1,150,0,0,0
2002-05-30 04:00:00,13.0,100,2.1,160,0,0,0
2002-05-30 05:00:00,16.0,94,0.5,150,0,0,0
2002-05-30 06:00:00,16.0,100,0.5,150,64,32,60
2002-05-30 07:00:00,19.0,94,1.5,180,235,303,141
2002-05-30 08:00:00,20.0,100,2.6,190,312,167,230
2002-05-30 09:00:00,21.0,83,3.1,190,563,475,249
2002-05-30 10:00:00,24.0,69,1.0,190,541,230,358
2002-05-30 11:00:00,25.0,65,3.1,180,863,657,275
2002-05-30 12:00:00,25.0,61,1.5,170,922,697,261
2002-05-30 13:00:00,28.0,51,3.6,170,902,606,325
2002-05-30 14:00:00,29.0,48,3.1,170,811,550,312
2002-05-30 15:00:00,27.0,54,3.1,170,750,566,288
2002-05-30 16:00:00,27.0,62,3.1,160,496,267,313
2002-05-30 17:00:00,28.0,58,4.6,160,413,411,197
2002-05-30 18:00:00,27.0,62,4.1,160,267,492,98
2002-05-30 19:00:00,25.0,65,3.1,150,88,254,48
2002-05-30 20:00:00,22.0,73,2.6,160,0,0,0
2002-05-30 21:00:00,21.0,78,2.1,160,0,0,0
2002-05-30 22:00:00,20.0,88,3.1,180,0,0,0
2002-05-30 23:00:00,19.0,94,2.6,160,0,0,0
2002-05-31 00:00:00,19.0,94,2.6,160,0,0,0
2002-05-31 01:00:00,18.0,100,2.1,160,0,0,0
2002-05-31 02:00:00,18.0,100,2.1,170,0,0,0
2002-05-31 03:00:00,17.0,100,2.6,180,0,0,0
2002-05-31 04:00:00,18.0,100,3.1,210,0,0,0
2002-05-31 05:00:00,18.0,100,3.1,200,0,0,0
2002-05-31 06:00:00,19.0,100,4.6,190,76,89,65
2002-05-31 07:00:00,22.0,88,4.1,220,243,374,126
2002-05-31 08:00:00,24.0,78,5.1,230,428,538,161
2002-05-31 09:00:00,26.0,74,6.2,230,589,615,182
2002-05-31 10:00:00,28.0,62,7.2,240,755,678,215
2002-05-31 11:00:00,29.0,58,6.2,220,876,747,206
2002-05-31 12:00:00,29.0,55,6.7,220,952,793,200
2002-05-31 13:00:00,31.0,49,5.7,210,962,809,190
2002-05-31 14:00:00,32.0,43,6.7,230,905,766,210
2002-05-31 15:00:00,32.2,43,7.7,210,768,632,251
2002-05-31 16:00:00,32.0,43,7.2,230,592,498,249
2002-05-31 17:00:00,30.0,52,4.6,230,114,0,114
2002-05-31 18:00:00,30.0,52,5.1,220,101,0,101
2002-05-31 19:00:00,29.0,55,5.7,220,64,73,53
2002-05-31 20:00:00,27.0,62,4.1,220,0,0,0
2002-05-31 21:00:00,27.0,62,4.6,240,0,0,0
2002-05-31 22:00:00,25.7,65,4.7,240,0,0,0
2002-05-31 23:00:00,24.3,70,4.7,310,0,0,0
2002-06-01 00:00:00,23.0,65,4.8,290,0,0,0
1994-06-01 01:00:00,21.7,81,4.9,200,0,0,0
1994-06-01 02:00:00,20.4,84,5.0,200,0,0,0
1994-06-01 03:00:00,19.0,84,5.0,210,0,0,0
1994-06-01 04:00:00,17.7,87,5.1,200,0,0,0
1994-06-01 05:00:00,17.7,87,4.6,210,0,14,0
1994-06-01 06:00:00,18.3,87,4.1,220,72,294,34
1994-06-01 07:00:00,20.5,76,4.6,230,245,591,59
1994-06-01 08:00:00,23.3,66,6.1,240,438,705,88
1994-06-01 09:00:00,26.1,54,3.6,280,535,601,137
1994-06-01 10:00:00,27.2,51,4.1,250,682,599,204
1994-06-01 11:00:00,28.8,44,5.1,270,786,592,256
1994-06-01 12:00:00,28.8,46,5.1,240,944,779,205
1994-06-01 13:00:00,28.8,46,3.6,250,827,530,322
1994-06-01 14:00:00,30.0,46,4.1,270,701,540,210
1994-06-01 15:00:00,30.0,44,5.1,250,730,562,270
1994-06-01 16:00:00,31.6,35,6.1,290,474,421,184
1994-06-01 17:00:00,31.1,26,6.7,270,480,745,87
1994-06-01 18:00:00,30.0,30,5.6,300,279,611,67
1994-06-01 19:00:00,28.3,27,5.6,310,99,374,38
1994-06-01 20:00:00,26.1,29,4.1,310,4,33,3
1994-06-01 21:00:00,23.8,34,2.5,330,0,0,0
1994-06-01 22:00:00,20.5,44,2.0,340,0,0,0
1994-06-01 23:00:00,17.2,58,1.5,220,0,0,0
1994-06-02 00:00:00,14.4,69,2.0,360,0,0,0
1994-06-02 01:00:00,14.4,67,2.0,10,0,0,0
1994-06-02 02:00:00,19.4,50,4.6,330,0,0,0
1994-06-02 03:00:00,17.7,58,3.6,320,0,0,0
1994-06-02 04:00:00,17.2,39,4.6,320,0,0,0
1994-06-02 05:00:00,16.1,41,3.6,320,0,0,0
1994-06-02 06:00:00,15.0,27,4.6,340,44,0,44
1994-06-02 07:00:00,14.4,34,5.1,350,102,0,102
1994-06-02 08:00:00,15.0,32,5.1,350,182,30,167
1994-06-02 09:00:00,17.2,31,5.6,340,273,27,255
1994-06-02 10:00:00,18.8,27,6.1,350,373,89,302
1994-06-02 11:00:00,20.0,26,6.1,330,604,162,459
1994-06-02 12:00:00,21.1,25,6.6,310,719,296,438
1994-06-02 13:00:00,20.5,25,6.6,340,693,245,459
1994-06-02 14:00:00,22.2,25,4.6,300,794,477,361
1994-06-02 15:00:00,23.3,24,7.2,310,476,46,438
1994-06-02 16:00:00,22.2,25,6.6,330,604,409,323
1994-06-02 17:00:00,22.2,27,6.1,310,275,63,241
1994-06-02 18:00:00,21.1,30,4.6,320,196,130,151
1994-06-02 19:00:00,19.4,36,4.1,320,58,4,57
1994-06-02 20:00:00,18.3,37,3.6,340,3,0,3
1994-06-02 21:00:00,15.0,49,3.0,350,0,0,0
1994-06-02 22:00:00,14.4,53,3.0,340,0,0,0
1994-06-02 23:00:00,15.5,50,3.0,300,0,0,0
1994-06-03 00:00:00,16.1,48,4.1,320,0,0,0
1994-06-03 01:00:00,13.8,57,4.6,10,0,0,0
1994-06-03 02:00:00,12.7,64,2.5,50,0,0,0
1994-06-03 03:00:00,8.8,77,2.5,350,0,0,0
1994-06-03 04:00:00,7.7,86,0.5,250,0,0,0
1994-06-03 05:00:00,6.6,86,1.0,50,0,2,0
1994-06-03 06:00:00,10.0,86,1.0,200,62,168,40
1994-06-03 07:00:00,15.0,55,2.0,330,229,428,94
1994-06-03 08:00:00,16.6,48,2.5,340,296,398,98
1994-06-03 09:00:00,17.7,45,2.0,320,599,670,155
1994-06-03 10:00:00,18.8,42,1.5,250,738,696,182
1994-06-03 11:00:00,20.5,39,2.0,240,776,636,206
1994-06-03 12:00:00,22.7,34,4.1,300,863,647,250
1994-06-03 13:00:00,23.3,32,4.1,290,926,746,215
1994-06-03 14:00:00,23.3,32,1.5,310,895,716,243
1994-06-03 15:00:00,24.4,31,2.5,280,753,740,147
1994-06-03 16:00:00,25.0,31,4.1,310,206,119,123
1994-06-03 17:00:00,23.8,33,3.0,330,342,255,207
1994-06-03 18:00:00,22.7,37,3.0,230,96,62,75
1994-06-03 19:00:00,20.5,45,2.5,240,53,43,46
1994-06-03 20:00:00,17.2,60,1.5,220,6,0,6
1994-06-03 21:00:00,16.6,62,1.0,130,0,0,0
1994-06-03 22:00:00,13.8,72,2.0,180,0,0,0
1994-06-03 23:00:00,12.7,80,2.0,160,0,0,0
1994-06-04 00:00:00,12.7,77,3.0,160,0,0,0
1994-06-04 01:00:00,10.0,89,1.5,180,0,0,0
1994-06-04 02:00:00,10.5,89,2.0,210,0,0,0
1994-06-04 03:00:00,11.6,93,2.0,210,0,0,0
1994-06-04 04:00:00,12.2,89,1.0,170,0,0,0
1994-06-04 05:00:00,10.5,97,2.0,270,0,0,0
1994-06-04 06:00:00,11.6,90,1.5,180,52,42,46
1994-06-04 07:00:00,18.3,70,2.5,260,203,164,151
1994-06-04 08:00:00,21.1,57,2.0,40,332,336,164
1994-06-04 09:00:00,22.7,53,2.0,90,524,412,251
1994-06-04 10:00:00,25.0,43,2.0,90,595,317,341
1994-06-04 11:00:00,25.5,38,3.6,210,635,159,492
1994-06-04 12:00:00,27.2,33,5.1,190,608,85,527
1994-06-04 13:00:00,28.3,33,4.6,230,910,497,435
1994-06-04 14:00:00,28.3,34,2.6,190,697,242,477
1994-06-04 15:00:00,28.3,33,4.6,230,617,269,395
1994-06-04 16:00:00,27.8,32,4.1,220,586,424,293
1994-06-04 17:00:00,27.7,33,4.6,240,422,370,225
1994-06-04 18:00:00,27.2,34,4.6,220,213,273,116
1994-06-04 19:00:00,23.3,46,4.1,160,68,61,58
1994-06-04 20:00:00,20.5,53,2.5,140,3,0,3
1994-06-04 21:00:00,17.2,67,3.6,170,0,0,0
1994-06-04 22:00:00,17.7,63,3.6,170,0,0,0
1994-06-04 23:00:00,17.7,65,4.6,170,0,0,0
1994-06-05 00:00:00,17.7,70,4.1,180,0,0,0
1994-06-05 01:00:00,16.6,75,3.6,170,0,0,0
1994-06-05 02:00:00,16.6,75,3.6,160,0,0,0
1994-06-05 03:00:00,16.6,75,3.0,170,0,0,0
1994-06-05 04:00:00,16.6,78,3.0,160,0,0,0
1994-06-05 05:00:00,16.1,80,3.0,160,0,0,0
1994-06-05 06:00:00,17.2,72,3.0,170,30,0,30
1994-06-05 07:00:00,18.3,65,3.6,170,66,0,66
1994-06-05 08:00:00,20.0,61,6.1,180,234,4,232
1994-06-05 09:00:00,20.5,61,4.6,160,180,0,180
1994-06-05 10:00:00,23.8,54,5.6,160,455,222,277
1994-06-05 11:00:00,26.1,48,5.6,180,690,397,334
1994-06-05 12:00:00,26.1,52,6.6,200,345,0,345
1994-06-05 13:00:00,26.1,48,6.6,160,536,103,437
1994-06-05 14:00:00,27.2,47,7.2,160,598,182,432
1994-06-05 15:00:00,26.1,48,7.2,160,466,163,331
1994-06-05 16:00:00,25.5,45,7.7,170,190,0,190
1994-06-05 17:00:00,24.4,52,5.6,160,136,0,136
1994-06-05 18:00:00,23.8,58,5.6,140,122,27,112
1994-06-05 19:00:00,22.7,62,4.6,140,63,68,52
1994-06-05 20:00:00,21.1,68,5.1,140,3,0,3
1994-06-05 21:00:00,20.0,67,4.6,140,0,0,0
1994-06-05 22:00:00,20.0,70,4.1,140,0,0,0
1994-06-05 23:00:00,19.4,76,4.1,150,0,0,0
1994-06-06 00:00:00,20.0,78,5.6,160,0,0,0
1994-06-06 01:00:00,20.5,78,4.1,180,0,0,0
1994-06-06 02:00:00,20.5,78,4.1,190,0,0,0
1994-06-06 03:00:00,20.0,81,5.1,190,0,0,0
1994-06-06 04:00:00,20.0,81,5.6,190,0,0,0
1994-06-06 05:00:00,20.0,78,5.1,180,0,0,0
1994-06-06 06:00:00,20.5,78,6.1,190,59,103,46
1994-06-06 07:00:00,22.2,73,6.6,190,207,275,120
1994-06-06 08:00:00,23.8,71,6.6,200,285,96,236
1994-06-06 09:00:00,25.0,66,5.6,210,309,73,261
1994-06-06 10:00:00,26.1,62,7.2,190,522,236,333
1994-06-06 11:00:00,26.1,64,6.6,200,495,157,354
1994-06-06 12:00:00,28.8,57,7.2,180,880,599,310
1994-06-06 13:00:00,31.1,50,7.2,190,687,297,402
1994-06-06 14:00:00,31.6,48,9.2,200,703,358,376
1994-06-06 15:00:00,28.9,61,5.6,200,580,231,389
1994-06-06 16:00:00,30.5,54,6.6,200,519,245,349
1994-06-06 17:00:00,28.8,59,6.1,220,134,0,134
1994-06-06 18:00:00,27.2,62,7.2,200,95,0,95
1994-06-06 19:00:00,26.1,67,5.6,190,49,0,49
1994-06-06 20:00:00,25.0,71,4.6,180,5,3,5
1994-06-06 21:00:00,23.8,76,9.2,200,0,0,0
1994-06-06 22:00:00,23.3,82,8.7,200,0,0,0
1994-06-06 23:00:00,23.3,82,7.7,200,0,0,0
1994-06-07 00:00:00,23.3,82,6.6,210,0,0,0
1994-06-07 01:00:00,23.3,79,6.1,220,0,0,0
1994-06-07 02:00:00,22.7,82,6.1,200,0,0,0
1994-06-07 03:00:00,22.7,82,5.6,210,0,0,0
1994-06-07 04:00:00,22.7,85,6.1,210,0,0,0
1994-06-07 05:00:00,22.2,87,5.1,220,0,0,0
1994-06-07 06:00:00,22.7,85,5.6,220,64,29,60
1994-06-07 07:00:00,23.3,82,5.6,220,151,82,125
1994-06-07 08:00:00,26.1,71,6.1,210,152,84,110
1994-06-07 09:00:00,27.7,63,5.6,240,431,234,275
1994-06-07 10:00:00,30.0,57,4.6,230,731,640,219
1994-06-07 11:00:00,31.1,53,5.1,240,838,725,187
1994-06-07 12:00:00,32.7,49,5.1,200,878,705,207
1994-06-07 13:00:00,32.7,47,3.0,230,920,726,227
1994-06-07 14:00:00,34.4,41,5.1,260,792,521,317
1994-06-07 15:00:00,32.2,44,5.1,200,814,791,162
1994-06-07 16:00:00,32.7,41,4.1,230,611,616,183
1994-06-07 17:00:00,32.7,46,5.1,220,313,109,254
1994-06-07 18:00:00,30.5,50,6.6,220,98,0,98
1994-06-07 19:00:00,27.2,60,8.2,230,35,0,35
1994-06-07 20:00:00,23.3,74,3.6,210,3,0,3
1994-06-07 21:00:00,25.0,62,2.0,330,0,0,0
1994-06-07 22:00:00,24.4,60,3.0,40,0,0,0
1994-06-07 23:00:00,21.6,84,1.0,350,0,0,0
1994-06-08 00:00:00,21.6,84,2.0,100,0,0,0
1994-06-08 01:00:00,21.1,81,2.0,320,0,0,0
1994-06-08 02:00:00,21.6,84,2.0,50,0,0,0
1994-06-08 03:00:00,21.1,87,1.5,90,0,0,0
1994-06-08 04:00:00,20.5,87,1.5,170,0,0,0
1994-06-08 05:00:00,20.5,87,1.5,330,1,0,1
1994-06-08 06:00:00,21.6,76,1.5,330,50,6,49
1994-06-08 07:00:00,21.6,68,2.5,360,162,109,128
1994-06-08 08:00:00,21.6,73,1.0,210,179,51,153
1994-06-08 09:00:00,23.8,54,2.5,360,497,267,319
1994-06-08 10:00:00,26.1,48,2.5,40,640,362,350
1994-06-08 11:00:00,27.7,49,4.1,70,654,197,478
1994-06-08 12:00:00,27.2,49,4.1,50,748,428,341
1994-06-08 13:00:00,26.1,48,3.6,30,678,330,362
1994-06-08 14:00:00,28.3,48,4.6,80,747,397,384
1994-06-08 15:00:00,26.6,51,5.1,40,718,502,304
1994-06-08 16:00:00,26.6,44,4.6,80,542,277,349
1994-06-08 17:00:00,21.1,70,3.6,60,343,195,238
1994-06-08 18:00:00,21.6,71,3.0,50,216,220,137
1994-06-08 19:00:00,20.0,65,5.6,360,74,23,70
1994-06-08 20:00:00,18.8,65,4.1,20,5,0,5
1994-06-08 21:00:00,17.7,63,5.1,10,0,0,0
1994-06-08 22:00:00,16.6,60,3.6,10,0,0,0
1994-06-08 23:00:00,15.5,64,4.1,350,0,0,0
1994-06-09 00:00:00,13.8,69,2.5,350,0,0,0
1994-06-09 01:00:00,12.2,74,3.0,350,0,0,0
1994-06-09 02:00:00,12.2,74,3.6,350,0,0,0
1994-06-09 03:00:00,12.2,71,4.1,360,0,0,0
1994-06-09 04:00:00,12.2,71,3.0,10,0,0,0
1994-06-09 05:00:00,11.6,71,3.6,20,0,0,0
1994-06-09 06:00:00,12.7,66,4.1,360,62,162,41
1994-06-09 07:00:00,15.0,53,5.1,10,230,450,87
1994-06-09 08:00:00,16.1,48,3.6,340,393,536,125
1994-06-09 09:00:00,17.7,45,1.0,300,381,179,262
1994-06-09 10:00:00,19.4,36,1.5,90,523,109,435
1994-06-09 11:00:00,21.6,32,3.0,350,502,119,394
1994-06-09 12:00:00,22.2,28,1.5,290,407,88,323
1994-06-09 13:00:00,23.3,24,2.0,300,348,0,348
1994-06-09 14:00:00,24.4,24,2.5,10,665,187,493
1994-06-09 15:00:00,25.5,21,2.0,10,517,81,450
1994-06-09 16:00:00,25.5,24,3.6,350,644,601,225
1994-06-09 17:00:00,25.0,24,3.0,110,447,575,137
1994-06-09 18:00:00,24.4,27,3.0,130,193,248,104
1994-06-09 19:00:00,21.1,42,3.0,160,85,141,61
1994-06-09 20:00:00,15.5,62,2.0,220,5,9,4
1994-06-09 21:00:00,16.1,67,1.0,180,0,0,0
1994-06-09 22:00:00,12.7,80,2.0,140,0,0,0
1994-06-09 23:00:00,14.4,77,3.0,170,0,0,0
1994-06-10 00:00:00,12.7,80,1.0,210,0,0,0
1994-06-10 01:00:00,11.6,86,1.5,260,0,0,0
1994-06-10 02:00:00,13.3,83,1.0,170,0,0,0
1994-06-10 03:00:00,11.1,93,1.5,160,0,0,0
1994-06-10 04:00:00,11.1,89,0.5,30,0,0,0
1994-06-10 05:00:00,10.5,93,1.0,320,0,0,0
1994-06-10 06:00:00,12.2,93,1.5,170,69,186,44
1994-06-10 07:00:00,18.8,73,1.0,340,114,46,99
1994-06-10 08:00:00,22.2,42,2.0,70,157,0,157
1994-06-10 09:00:00,23.8,38,2.0,50,227,0,227
1994-06-10 10:00:00,25.0,31,1.5,80,284,0,284
1994-06-10 11:00:00,26.1,30,3.0,180,325,0,325
1994-06-10 12:00:00,27.2,30,2.5,120,347,0,347
1994-06-10 13:00:00,27.7,25,2.5,40,454,167,294
1994-06-10 14:00:00,27.2,25,5.1,120,683,435,285
1994-06-10 15:00:00,27.7,24,2.5,160,380,148,258
1994-06-10 16:00:00,26.1,27,4.6,140,423,180,297
1994-06-10 17:00:00,27.2,28,4.1,130,403,149,323
1994-06-10 18:00:00,25.0,33,4.6,180,241,210,165
1994-06-10 19:00:00,22.7,41,3.6,170,57,33,51
1994-06-10 20:00:00,20.0,50,3.0,130,8,1,8
1994-06-10 21:00:00,18.8,48,5.1,160,0,0,0
1994-06-10 22:00:00,17.7,61,3.6,170,0,0,0
1994-06-10 23:00:00,16.1,69,4.1,160,0,0,0
1994-06-11 00:00:00,15.5,75,3.0,170,0,0,0
1994-06-11 01:00:00,16.1,75,3.0,170,0,0,0
1994-06-11 02:00:00,16.6,75,3.0,160,0,0,0
1994-06-11 03:00:00,15.5,81,3.0,170,0,0,0
1994-06-11 04:00:00,16.6,78,3.0,160,0,0,0
1994-06-11 05:00:00,16.1,83,3.1,160,0,0,0
1994-06-11 06:00:00,17.2,81,2.6,150,30,0,30
1994-06-11 07:00:00,17.8,75,2.1,150,66,0,66
1994-06-11 08:00:00,19.4,61,2.5,90,124,0,124
1994-06-11 09:00:00,18.8,79,2.5,80,180,0,180
1994-06-11 10:00:00,20.0,73,4.1,120,226,0,226
1994-06-11 11:00:00,19.4,81,5.1,110,259,0,259
1994-06-11 12:00:00,18.8,84,3.6,150,231,0,231
1994-06-11 13:00:00,20.0,81,3.6,140,233,0,233
1994-06-11 14:00:00,20.0,87,4.1,150,221,0,221
1994-06-11 15:00:00,20.5,84,4.1,200,197,0,197
1994-06-11 16:00:00,21.6,78,3.0,200,192,0,192
1994-06-11 17:00:00,21.6,78,5.1,180,358,95,307
1994-06-11 18:00:00,22.2,76,5.1,170,269,425,115
1994-06-11 19:00:00,20.6,81,3.1,150,50,19,47
1994-06-11 20:00:00,20.0,81,4.6,140,5,3,5
1994-06-11 21:00:00,19.4,84,3.6,160,0,0,0
1994-06-11 22:00:00,19.4,84,4.6,150,0,0,0
1994-06-11 23:00:00,19.4,87,5.1,170,0,0,0
1994-06-12 00:00:00,20.0,87,3.6,180,0,0,0
1994-06-12 01:00:00,20.0,87,4.1,180,0,0,0
1994-06-12 02:00:00,20.0,87,5.1,170,0,0,0
1994-06-12 03:00:00,20.0,87,4.6,180,0,0,0
1994-06-12 04:00:00,20.0,87,4.6,170,0,0,0
1994-06-12 05:00:00,20.0,87,4.1,170,0,0,0
1994-06-12 06:00:00,20.0,87,4.6,180,35,0,35
1994-06-12 07:00:00,21.1,84,4.1,180,73,0,73
1994-06-12 08:00:00,22.2,79,5.1,190,120,0,120
1994-06-12 09:00:00,25.0,66,5.6,190,440,170,327
1994-06-12 10:00:00,25.0,66,5.6,210,609,200,449
1994-06-12 11:00:00,24.4,66,4.6,220,258,0,258
1994-06-12 12:00:00,27.2,52,6.6,200,565,144,428
1994-06-12 13:00:00,27.2,56,7.2,180,279,0,279
1994-06-12 14:00:00,30.0,50,6.1,200,686,257,450
1994-06-12 15:00:00,27.7,57,4.6,190,467,76,404
1994-06-12 16:00:00,26.6,62,4.1,210,236,0,236
1994-06-12 17:00:00,28.3,55,6.1,180,218,127,149
1994-06-12 18:00:00,27.2,62,5.6,160,206,166,145
1994-06-12 19:00:00,25.5,72,5.6,150,60,14,58
1994-06-12 20:00:00,23.8,76,3.0,160,5,0,5
1994-06-12 21:00:00,21.6,84,3.6,160,0,0,0
1994-06-12 22:00:00,20.0,90,3.6,170,0,0,0
1994-06-12 23:00:00,20.0,93,3.0,150,0,0,0
1994-06-13 00:00:00,19.4,93,2.5,180,0,0,0
1994-06-13 01:00:00,20.0,90,3.0,170,0,0,0
1994-06-13 02:00:00,20.0,90,3.0,170,0,0,0
1994-06-13 03:00:00,20.0,93,3.0,180,0,0,0
1994-06-13 04:00:00,20.5,93,3.6,190,0,0,0
1994-06-13 05:00:00,19.4,96,2.0,170,0,0,0
1994-06-13 06:00:00,21.1,93,3.0,170,45,6,44
1994-06-13 07:00:00,22.7,87,4.1,220,113,23,105
1994-06-13 08:00:00,24.4,79,3.6,220,359,351,183
1994-06-13 09:00:00,27.2,67,3.6,230,596,606,194
1994-06-13 10:00:00,29.4,59,4.6,220,662,492,269
1994-06-13 11:00:00,31.1,52,6.6,210,875,687,259
1994-06-13 12:00:00,32.2,44,6.1,190,927,679,280
1994-06-13 13:00:00,32.7,42,5.1,210,739,87,655
1994-06-13 14:00:00,33.8,41,6.1,190,857,487,410
1994-06-13 15:00:00,33.8,40,7.7,170,758,589,271
1994-06-13 16:00:00,33.3,43,6.2,200,339,67,291
1994-06-13 17:00:00,32.7,44,7.2,180,431,487,166
1994-06-13 18:00:00,30.0,53,6.2,160,244,351,116
1994-06-13 19:00:00,27.7,61,6.6,150,72,68,60
1994-06-13 20:00:00,25.5,66,5.1,160,5,1,5
1994-06-13 21:00:00,23.8,74,4.1,150,0,0,0
1994-06-13 22:00:00,23.3,74,5.1,160,0,0,0
1994-06-13 23:00:00,23.3,76,5.1,170,0,0,0
1994-06-14 00:00:00,22.8,81,5.1,180,0,0,0
1994-06-14 01:00:00,22.7,82,5.1,180,0,0,0
1994-06-14 02:00:00,22.7,85,4.1,180,0,0,0
1994-06-14 03:00:00,22.2,87,5.6,180,0,0,0
1994-06-14 04:00:00,22.2,87,4.6,200,0,0,0
1994-06-14 05:00:00,22.2,87,4.1,190,1,15,1
1994-06-14 06:00:00,22.7,76,5.1,210,77,336,32
1994-06-14 07:00:00,24.4,64,5.1,230,249,610,54
1994-06-14 08:00:00,26.6,67,5.1,210,416,678,78
1994-06-14 09:00:00,27.7,61,2.5,260,598,738,108
1994-06-14 10:00:00,30.5,54,2.5,240,728,778,106
1994-06-14 11:00:00,32.7,42,6.6,330,657,533,178
1994-06-14 12:00:00,34.4,39,2.0,320,947,870,119
1994-06-14 13:00:00,36.1,34,2.0,120,856,728,159
1994-06-14 14:00:00,34.4,39,5.6,210,865,818,116
1994-06-14 15:00:00,35.5,27,5.1,180,771,789,117
1994-06-14 16:00:00,35.5,30,4.1,210,640,751,113
1994-06-14 17:00:00,35.0,39,5.1,200,461,690,86
1994-06-14 18:00:00,33.8,43,5.1,200,280,589,65
1994-06-14 19:00:00,31.1,50,4.1,190,82,105,63
1994-06-14 20:00:00,27.7,53,3.6,170,8,11,7
1994-06-14 21:00:00,26.6,74,4.1,170,0,0,0
1994-06-14 22:00:00,26.1,71,4.1,170,0,0,0
1994-06-14 23:00:00,26.1,76,3.6,180,0,0,0
1994-06-15 00:00:00,24.4,82,3.6,160,0,0,0
1994-06-15 01:00:00,23.8,82,3.6,190,0,0,0
1994-06-15 02:00:00,23.3,87,2.5,170,0,0,0
1994-06-15 03:00:00,23.3,87,2.5,180,0,0,0
1994-06-15 04:00:00,22.2,90,2.5,180,0,0,0
1994-06-15 05:00:00,22.7,91,2.0,190,1,2,1
1994-06-15 06:00:00,23.8,88,2.0,180,67,208,39
1994-06-15 07:00:00,26.6,72,3.0,220,220,469,70
1994-06-15 08:00:00,28.8,51,2.0,230,412,614,105
1994-06-15 09:00:00,31.1,52,1.0,10,548,558,178
1994-06-15 10:00:00,33.8,51,2.5,90,738,748,139
1994-06-15 11:00:00,35.0,42,1.5,110,769,698,142
1994-06-15 12:00:00,27.2,58,5.6,150,927,676,283
1994-06-15 13:00:00,34.4,41,3.0,140,868,751,148
1994-06-15 14:00:00,36.1,36,2.0,200,858,764,157
1994-06-15 15:00:00,35.0,44,4.6,150,730,652,189
1994-06-15 16:00:00,33.8,46,6.1,170,624,706,127
1994-06-15 17:00:00,32.2,50,2.5,150,349,313,178
1994-06-15 18:00:00,26.6,62,2.0,320,257,435,98
1994-06-15 19:00:00,26.6,72,1.0,70,103,74,89
1994-06-15 20:00:00,26.1,69,2.0,190,7,7,7
1994-06-15 21:00:00,25.5,72,0.5,180,0,0,0
1994-06-15 22:00:00,25.5,74,1.5,190,0,0,0
1994-06-15 23:00:00,24.4,79,1.5,140,0,0,0
1994-06-16 00:00:00,23.3,84,1.5,150,0,0,0
1994-06-16 01:00:00,24.4,79,0.5,30,0,0,0
1994-06-16 02:00:00,23.3,84,1.5,160,0,0,0
1994-06-16 03:00:00,23.3,82,1.0,230,0,0,0
1994-06-16 04:00:00,21.1,90,2.0,200,0,0,0
1994-06-16 05:00:00,22.7,85,1.5,150,0,0,0
1994-06-16 06:00:00,23.3,87,1.0,100,45,17,43
1994-06-16 07:00:00,25.0,79,3.6,160,132,53,115
1994-06-16 08:00:00,27.7,69,4.1,210,413,458,185
1994-06-16 09:00:00,29.4,61,2.0,290,328,104,258
1994-06-16 10:00:00,32.2,54,2.5,60,560,223,382
1994-06-16 11:00:00,33.3,49,3.0,70,792,627,229
1994-06-16 12:00:00,33.8,41,3.0,70,902,690,245
1994-06-16 13:00:00,35.0,42,5.1,140,958,759,230
1994-06-16 14:00:00,28.3,53,4.6,230,264,0,264
1994-06-16 15:00:00,28.3,49,6.1,290,235,0,235
1994-06-16 16:00:00,25.0,71,8.2,340,520,123,433
1994-06-16 17:00:00,26.1,58,2.5,350,326,155,242
1994-06-16 18:00:00,25.0,64,4.6,270,252,371,116
1994-06-16 19:00:00,23.3,76,3.0,350,69,34,63
1994-06-16 20:00:00,22.7,79,4.6,350,6,5,6
1994-06-16 21:00:00,22.7,73,3.6,360,0,0,0
1994-06-16 22:00:00,22.7,85,2.0,320,0,0,0
1994-06-16 23:00:00,21.6,91,2.0,30,0,0,0
1994-06-17 00:00:00,22.2,87,2.0,240,0,0,0
1994-06-17 01:00:00,21.6,91,2.0,60,0,0,0
1994-06-17 02:00:00,22.2,79,2.5,90,0,0,0
1994-06-17 03:00:00,22.2,87,1.5,110,0,0,0
1994-06-17 04:00:00,22.7,73,2.5,170,0,0,0
1994-06-17 05:00:00,22.7,85,3.6,30,0,0,0
1994-06-17 06:00:00,22.7,85,3.6,50,30,0,30
1994-06-17 07:00:00,23.3,82,2.5,60,181,83,155
1994-06-17 08:00:00,23.8,67,2.5,80,87,0,87
1994-06-17 09:00:00,23.8,79,2.5,80,126,0,126
1994-06-17 10:00:00,26.7,67,3.6,20,482,167,348
1994-06-17 11:00:00,27.7,65,3.6,70,447,100,356
1994-06-17 12:00:00,28.3,51,4.1,100,661,380,299
1994-06-17 13:00:00,29.4,49,4.1,140,394,66,330
1994-06-17 14:00:00,30.5,42,4.1,90,868,653,269
1994-06-17 15:00:00,30.5,42,5.6,90,784,679,220
1994-06-17 16:00:00,30.0,39,4.6,100,640,671,168
1994-06-17 17:00:00,28.8,48,4.6,110,481,598,154
1994-06-17 18:00:00,28.3,49,3.6,110,248,396,102
1994-06-17 19:00:00,26.6,65,3.0,120,105,242,60
1994-06-17 20:00:00,24.4,76,3.0,110,6,12,6
1994-06-17 21:00:00,23.3,69,3.0,120,0,0,0
1994-06-17 22:00:00,20.5,71,2.0,120,0,0,0
1994-06-17 23:00:00,19.4,93,2.0,140,0,0,0
1994-06-18 00:00:00,18.8,97,2.0,150,0,0,0
1994-06-18 01:00:00,18.3,84,1.0,200,0,0,0
1994-06-18 02:00:00,18.3,93,1.0,60,0,0,0
1994-06-18 03:00:00,19.4,96,2.0,140,0,0,0
1994-06-18 04:00:00,20.5,84,2.5,150,0,0,0
1994-06-18 05:00:00,22.2,90,1.5,110,0,0,0
1994-06-18 06:00:00,21.6,93,1.0,20,17,0,17
1994-06-18 07:00:00,22.2,81,2.5,220,91,0,91
1994-06-18 08:00:00,25.0,76,2.5,110,233,39,213
1994-06-18 09:00:00,25.5,72,2.5,110,361,78,309
1994-06-18 10:00:00,27.7,58,3.0,110,674,452,313
1994-06-18 11:00:00,30.0,51,2.5,180,817,664,221
1994-06-18 12:00:00,30.5,52,2.5,200,927,769,195
1994-06-18 13:00:00,31.1,42,4.1,240,900,756,175
1994-06-18 14:00:00,30.5,50,4.1,150,864,757,169
1994-06-18 15:00:00,33.3,46,5.6,200,768,667,214
1994-06-18 16:00:00,31.1,50,4.6,250,659,735,141
1994-06-18 17:00:00,32.2,45,3.0,270,471,632,125
1994-06-18 18:00:00,31.1,43,4.1,200,300,633,66
1994-06-18 19:00:00,29.4,53,3.6,230,93,288,40
1994-06-18 20:00:00,26.6,65,3.6,200,8,39,6
1994-06-18 21:00:00,24.4,66,3.6,160,0,0,0
1994-06-18 22:00:00,23.8,71,3.0,170,0,0,0
1994-06-18 23:00:00,22.7,79,3.0,170,0,0,0
1994-06-19 00:00:00,22.2,87,3.6,170,0,0,0
1994-06-19 01:00:00,22.7,79,3.6,190,0,0,0
1994-06-19 02:00:00,21.6,91,3.0,170,0,0,0
1994-06-19 03:00:00,22.2,79,3.0,170,0,0,0
1994-06-19 04:00:00,21.1,96,2.5,190,0,0,0
1994-06-19 05:00:00,21.6,91,3.6,180,0,0,0
1994-06-19 06:00:00,22.2,90,3.0,210,51,43,46
1994-06-19 07:00:00,23.8,85,4.1,220,208,253,128
1994-06-19 08:00:00,26.6,69,3.6,230,381,415,174
1994-06-19 09:00:00,28.3,61,2.5,250,551,496,223
1994-06-19 10:00:00,31.6,42,3.0,250,701,553,259
1994-06-19 11:00:00,32.2,44,0.5,230,811,629,247
1994-06-19 12:00:00,33.8,44,4.1,20,909,629,310
1994-06-19 13:00:00,33.8,37,2.0,160,915,676,266
1994-06-19 14:00:00,33.8,41,1.5,180,602,156,458
1994-06-19 15:00:00,34.4,41,1.5,140,568,300,318
1994-06-19 16:00:00,27.2,56,5.6,70,364,108,287
1994-06-19 17:00:00,27.2,60,6.1,210,291,136,216
1994-06-19 18:00:00,27.7,57,3.6,190,205,45,188
1994-06-19 19:00:00,26.6,58,1.5,160,67,18,63
1994-06-19 20:00:00,26.6,58,2.5,90,6,0,6
1994-06-19 21:00:00,23.8,82,0.5,170,0,0,0
1994-06-19 22:00:00,23.8,82,2.0,50,0,0,0
1994-06-19 23:00:00,25.0,66,3.0,10,0,0,0
1994-06-20 00:00:00,23.3,79,2.0,30,0,0,0
1994-06-20 01:00:00,23.3,82,3.6,10,0,0,0
1994-06-20 02:00:00,23.8,74,2.5,10,0,0,0
1994-06-20 03:00:00,23.8,67,2.5,10,0,0,0
1994-06-20 04:00:00,23.3,64,3.6,20,0,0,0
1994-06-20 05:00:00,23.3,62,4.1,20,0,0,0
1994-06-20 06:00:00,23.8,62,5.1,30,59,89,47
1994-06-20 07:00:00,25.0,64,5.1,50,201,247,123
1994-06-20 08:00:00,26.1,69,5.1,70,380,489,137
1994-06-20 09:00:00,27.2,65,5.6,70,307,112,233
1994-06-20 10:00:00,27.2,65,4.6,100,475,82,410
1994-06-20 11:00:00,29.4,55,4.1,110,467,147,335
1994-06-20 12:00:00,30.0,53,6.1,100,897,646,282
1994-06-20 13:00:00,30.0,53,4.1,110,907,577,353
1994-06-20 14:00:00,30.5,52,4.1,50,862,657,259
1994-06-20 15:00:00,31.1,43,4.1,70,687,540,238
1994-06-20 16:00:00,31.1,42,5.1,80,640,651,181
1994-06-20 17:00:00,30.5,48,6.1,70,392,354,198
1994-06-20 18:00:00,28.8,50,6.1,110,249,333,125
1994-06-20 19:00:00,26.6,56,3.6,120,77,102,58
1994-06-20 20:00:00,24.4,64,3.6,110,7,3,6
1994-06-20 21:00:00,23.3,69,4.1,120,0,0,0
1994-06-20 22:00:00,22.2,71,3.0,130,0,0,0
1994-06-20 23:00:00,21.1,75,2.5,130,0,0,0
1994-06-21 00:00:00,18.8,87,2.0,180,0,0,0
1994-06-21 01:00:00,20.0,84,3.0,120,0,0,0
1994-06-21 02:00:00,20.5,84,3.0,100,0,0,0
1994-06-21 03:00:00,20.5,84,2.5,170,0,0,0
1994-06-21 04:00:00,20.5,87,1.5,180,0,0,0
1994-06-21 05:00:00,21.1,87,3.6,150,0,0,0
1994-06-21 06:00:00,21.1,87,4.1,160,45,5,44
1994-06-21 07:00:00,22.7,85,4.1,170,73,0,73
1994-06-21 08:00:00,23.8,79,3.6,180,119,0,119
1994-06-21 09:00:00,24.4,79,4.6,180,175,0,175
1994-06-21 10:00:00,26.1,71,5.6,200,223,0,223
1994-06-21 11:00:00,27.2,69,4.6,210,257,0,257
1994-06-21 12:00:00,30.0,61,3.0,220,826,328,514
1994-06-21 13:00:00,31.6,55,6.6,220,590,310,292
1994-06-21 14:00:00,32.2,50,3.0,290,511,245,286
1994-06-21 15:00:00,32.2,50,1.0,200,784,591,292
1994-06-21 16:00:00,33.3,41,3.6,270,385,84,325
1994-06-21 17:00:00,30.0,61,3.6,230,364,155,278
1994-06-21 18:00:00,26.6,67,3.6,170,124,41,108
1994-06-21 19:00:00,21.6,87,11.3,200,47,0,47
1994-06-21 20:00:00,21.6,84,5.6,240,6,0,6
1994-06-21 21:00:00,21.6,84,7.2,270,0,0,0
1994-06-21 22:00:00,21.6,84,5.6,260,0,0,0
1994-06-21 23:00:00,22.2,73,4.1,260,0,0,0
1994-06-22 00:00:00,22.7,82,4.1,260,0,0,0
1994-06-22 01:00:00,22.7,79,3.6,270,0,0,0
1994-06-22 02:00:00,23.8,69,4.1,270,0,0,0
1994-06-22 03:00:00,23.3,71,4.1,300,0,0,0
1994-06-22 04:00:00,22.7,73,3.0,270,0,0,0
1994-06-22 05:00:00,22.2,76,2.0,220,0,0,0
1994-06-22 06:00:00,23.3,74,1.5,260,39,16,36
1994-06-22 07:00:00,25.0,66,5.6,340,69,2,68
1994-06-22 08:00:00,26.6,56,5.1,340,406,555,131
1994-06-22 09:00:00,28.3,41,5.6,340,605,640,182
1994-06-22 10:00:00,28.8,41,5.6,340,745,712,177
1994-06-22 11:00:00,30.0,37,4.1,310,461,164,313
1994-06-22 12:00:00,30.5,38,4.6,300,901,759,178
1994-06-22 13:00:00,31.6,35,2.5,270,891,670,248
1994-06-22 14:00:00,32.7,30,2.5,290,839,653,238
1994-06-22 15:00:00,32.2,27,5.1,260,777,681,210
1994-06-22 16:00:00,31.6,26,3.6,320,650,672,175
1994-06-22 17:00:00,32.7,27,5.1,280,440,554,136
1994-06-22 18:00:00,31.6,33,2.0,340,257,433,96
1994-06-22 19:00:00,27.7,47,3.6,120,85,157,55
1994-06-22 20:00:00,25.0,52,3.0,110,7,17,7
1994-06-22 21:00:00,22.2,64,2.5,200,0,0,0
1994-06-22 22:00:00,22.7,62,1.0,150,0,0,0
1994-06-22 23:00:00,21.1,68,1.0,160,0,0,0
1994-06-23 00:00:00,22.2,64,0.5,80,0,0,0
1994-06-23 01:00:00,21.6,68,0.5,90,0,0,0
1994-06-23 02:00:00,22.7,66,0.5,310,0,0,0
1994-06-23 03:00:00,22.2,68,1.0,110,0,0,0
1994-06-23 04:00:00,21.1,70,2.0,90,0,0,0
1994-06-23 05:00:00,20.5,76,0.5,210,0,0,0
1994-06-23 06:00:00,21.1,81,1.5,150,44,14,42
1994-06-23 07:00:00,24.4,69,3.0,170,207,333,102
1994-06-23 08:00:00,26.1,64,3.0,150,407,493,163
1994-06-23 09:00:00,27.7,58,2.0,140,347,78,295
1994-06-23 10:00:00,28.3,59,2.5,150,705,356,421
1994-06-23 11:00:00,29.4,55,3.0,100,321,0,321
1994-06-23 12:00:00,30.0,55,3.6,90,344,0,344
1994-06-23 13:00:00,31.1,48,4.6,110,604,321,295
1994-06-23 14:00:00,29.4,59,2.5,90,330,0,330
1994-06-23 15:00:00,30.0,57,4.1,90,293,0,293
1994-06-23 16:00:00,31.1,52,3.6,120,397,61,354
1994-06-23 17:00:00,29.4,61,4.1,90,171,0,171
1994-06-23 18:00:00,23.9,84,5.1,160,79,0,79
1994-06-23 19:00:00,22.7,87,4.6,160,45,0,45
1994-06-23 20:00:00,22.2,90,4.6,150,6,0,6
1994-06-23 21:00:00,22.2,84,4.1,160,0,0,0
1994-06-23 22:00:00,21.6,87,3.0,180,0,0,0
1994-06-23 23:00:00,21.6,91,4.1,200,0,0,0
1994-06-24 00:00:00,21.6,91,3.6,200,0,0,0
1994-06-24 01:00:00,22.2,87,3.6,190,0,0,0
1994-06-24 02:00:00,22.2,87,3.0,220,0,0,0
1994-06-24 03:00:00,21.6,87,2.5,200,0,0,0
1994-06-24 04:00:00,21.6,87,4.1,150,0,0,0
1994-06-24 05:00:00,21.1,93,3.0,160,0,0,0
1994-06-24 06:00:00,22.2,87,3.6,200,58,95,46
1994-06-24 07:00:00,22.7,91,3.0,200,160,151,113
1994-06-24 08:00:00,23.8,85,2.5,220,314,182,224
1994-06-24 09:00:00,25.0,79,2.5,200,570,534,219
1994-06-24 10:00:00,27.2,72,2.6,190,768,621,273
1994-06-24 11:00:00,29.4,63,5.1,190,891,811,164
1994-06-24 12:00:00,31.1,57,3.6,210,821,556,291
1994-06-24 13:00:00,32.2,50,5.1,180,839,563,299
1994-06-24 14:00:00,33.3,49,7.7,180,817,669,202
1994-06-24 15:00:00,32.7,51,7.2,150,759,618,243
1994-06-24 16:00:00,28.8,59,8.2,320,592,517,226
1994-06-24 17:00:00,25.5,79,5.6,40,443,392,227
1994-06-24 18:00:00,26.6,77,1.0,120,258,377,117
1994-06-24 19:00:00,26.7,79,5.1,180,105,201,67
1994-06-24 20:00:00,26.1,74,5.6,200,9,9,9
1994-06-24 21:00:00,26.1,74,5.6,190,0,0,0
1994-06-24 22:00:00,26.1,74,6.1,200,0,0,0
1994-06-24 23:00:00,26.6,69,6.1,190,0,0,0
1994-06-25 00:00:00,25.5,74,4.6,210,0,0,0
1994-06-25 01:00:00,25.0,74,5.6,210,0,0,0
1994-06-25 02:00:00,25.5,69,8.7,210,0,0,0
1994-06-25 03:00:00,25.0,68,7.2,210,0,0,0
1994-06-25 04:00:00,23.8,74,5.6,210,0,0,0
1994-06-25 05:00:00,23.3,76,6.6,220,0,4,0
1994-06-25 06:00:00,23.3,76,5.6,220,64,208,37
1994-06-25 07:00:00,25.5,62,7.7,220,208,385,88
1994-06-25 08:00:00,27.2,62,7.2,230,376,376,190
1994-06-25 09:00:00,27.2,62,7.7,230,470,241,311
1994-06-25 10:00:00,27.7,58,7.7,220,700,553,260
1994-06-25 11:00:00,29.4,49,7.7,230,839,578,321
1994-06-25 12:00:00,31.1,42,8.2,240,804,427,398
1994-06-25 13:00:00,31.6,37,10.2,220,886,703,211
1994-06-25 14:00:00,30.0,37,9.7,230,820,713,164
1994-06-25 15:00:00,31.1,34,8.2,250,772,763,135
1994-06-25 16:00:00,31.1,28,9.2,240,651,739,127
1994-06-25 17:00:00,30.0,29,8.2,250,427,419,196
1994-06-25 18:00:00,28.3,35,6.6,260,274,411,120
1994-06-25 19:00:00,26.1,36,9.2,290,112,343,47
1994-06-25 20:00:00,25.0,40,5.6,280,9,28,7
1994-06-25 21:00:00,22.7,48,3.6,260,0,0,0
1994-06-25 22:00:00,22.7,48,3.6,270,0,0,0
1994-06-25 23:00:00,18.3,63,2.5,190,0,0,0
1994-06-26 00:00:00,17.2,72,2.0,200,0,0,0
1994-06-26 01:00:00,16.6,78,2.0,180,0,0,0
1994-06-26 02:00:00,16.6,78,2.5,190,0,0,0
1994-06-26 03:00:00,16.6,78,1.0,210,0,0,0
1994-06-26 04:00:00,17.2,75,2.5,190,0,0,0
1994-06-26 05:00:00,16.6,81,2.0,190,0,0,0
1994-06-26 06:00:00,18.3,81,2.5,200,49,26,46
1994-06-26 07:00:00,22.7,59,5.6,210,164,170,111
1994-06-26 08:00:00,24.4,52,6.1,230,358,347,187
1994-06-26 09:00:00,27.2,42,6.6,210,529,380,279
1994-06-26 10:00:00,28.8,37,5.6,220,730,574,274
1994-06-26 11:00:00,31.1,31,6.1,180,852,617,299
1994-06-26 12:00:00,31.1,29,6.1,210,899,626,303
1994-06-26 13:00:00,32.2,30,7.2,210,872,503,389
1994-06-26 14:00:00,32.7,31,7.2,200,814,532,325
1994-06-26 15:00:00,32.7,31,7.2,200,725,504,305
1994-06-26 16:00:00,32.2,35,8.7,180,585,477,247
1994-06-26 17:00:00,31.6,38,6.6,180,305,71,265
1994-06-26 18:00:00,23.3,76,4.6,180,239,240,150
1994-06-26 19:00:00,22.7,76,5.1,150,79,54,69
1994-06-26 20:00:00,21.6,84,4.1,150,7,0,7
1994-06-26 21:00:00,21.6,82,3.6,160,0,0,0
1994-06-26 22:00:00,21.6,82,4.6,170,0,0,0
1994-06-26 23:00:00,21.6,82,5.1,160,0,0,0
1994-06-27 00:00:00,21.6,82,5.1,170,0,0,0
1994-06-27 01:00:00,21.6,82,4.6,170,0,0,0
1994-06-27 02:00:00,21.6,78,3.6,170,0,0,0
1994-06-27 03:00:00,21.1,84,4.1,160,0,0,0
1994-06-27 04:00:00,20.5,87,4.6,170,0,0,0
1994-06-27 05:00:00,22.2,84,5.1,170,0,0,0
1994-06-27 06:00:00,22.2,84,5.1,170,41,6,40
1994-06-27 07:00:00,24.4,74,5.6,170,93,0,93
1994-06-27 08:00:00,25.0,66,7.7,160,117,0,117
1994-06-27 09:00:00,25.0,68,9.2,170,315,56,278
1994-06-27 10:00:00,26.6,62,7.2,170,324,155,200
1994-06-27 11:00:00,24.4,69,9.7,210,524,92,441
1994-06-27 12:00:00,26.1,64,8.2,220,386,95,296
1994-06-27 13:00:00,28.3,49,9.7,210,427,130,302
1994-06-27 14:00:00,28.8,51,8.7,190,424,73,356
1994-06-27 15:00:00,28.3,49,9.2,200,497,177,348
1994-06-27 16:00:00,28.3,49,7.7,200,269,87,207
1994-06-27 17:00:00,25.0,60,8.7,190,172,0,172
1994-06-27 18:00:00,23.8,64,8.2,220,171,28,161
1994-06-27 19:00:00,23.3,69,7.2,230,45,0,45
1994-06-27 20:00:00,22.7,73,5.1,210,5,0,5
1994-06-27 21:00:00,21.1,84,5.1,190,0,0,0
1994-06-27 22:00:00,21.1,84,4.1,210,0,0,0
1994-06-27 23:00:00,20.5,84,4.1,190,0,0,0
1994-06-28 00:00:00,19.4,90,3.0,180,0,0,0
1994-06-28 01:00:00,19.4,90,3.6,180,0,0,0
1994-06-28 02:00:00,20.0,87,4.6,200,0,0,0
1994-06-28 03:00:00,20.0,87,4.6,220,0,0,0
1994-06-28 04:00:00,19.4,87,3.6,220,0,0,0
1994-06-28 05:00:00,18.8,90,4.1,240,0,0,0
1994-06-28 06:00:00,20.6,81,5.7,220,50,63,42
1994-06-28 07:00:00,21.7,79,4.6,210,177,181,121
1994-06-28 08:00:00,23.9,66,4.1,230,221,160,142
1994-06-28 09:00:00,26.1,54,3.6,270,566,530,218
1994-06-28 10:00:00,27.2,45,5.1,240,724,671,191
1994-06-28 11:00:00,28.8,34,6.6,250,833,614,283
1994-06-28 12:00:00,28.8,39,4.6,250,887,692,230
1994-06-28 13:00:00,28.3,41,6.6,230,898,648,276
1994-06-28 14:00:00,30.0,39,5.1,210,838,617,271
1994-06-28 15:00:00,29.4,42,7.2,190,698,505,276
1994-06-28 16:00:00,30.5,39,7.2,190,632,517,266
1994-06-28 17:00:00,29.4,42,5.1,210,472,531,179
1994-06-28 18:00:00,29.4,43,5.6,180,192,117,148
1994-06-28 19:00:00,26.6,53,3.6,170,67,41,59
1994-06-28 20:00:00,23.3,66,3.6,150,7,0,7
1994-06-28 21:00:00,24.4,69,3.0,140,0,0,0
1994-06-28 22:00:00,22.7,76,3.6,160,0,0,0
1994-06-28 23:00:00,22.7,76,4.1,180,0,0,0
1994-06-29 00:00:00,24.4,71,4.6,180,0,0,0
1994-06-29 01:00:00,23.8,76,4.1,180,0,0,0
1994-06-29 02:00:00,22.7,82,3.0,160,0,0,0
1994-06-29 03:00:00,22.7,82,4.1,180,0,0,0
1994-06-29 04:00:00,23.3,79,4.6,170,0,0,0
1994-06-29 05:00:00,23.3,79,4.6,180,0,0,0
1994-06-29 06:00:00,24.4,74,5.6,180,41,3,40
1994-06-29 07:00:00,25.0,71,6.6,200,70,0,70
1994-06-29 08:00:00,26.1,62,7.7,190,156,53,129
1994-06-29 09:00:00,27.2,60,6.6,210,334,72,287
1994-06-29 10:00:00,27.2,60,6.1,190,221,0,221
1994-06-29 11:00:00,27.2,62,5.1,210,576,236,364
1994-06-29 12:00:00,29.4,57,2.5,180,831,534,324
1994-06-29 13:00:00,31.6,50,6.1,190,900,604,320
1994-06-29 14:00:00,32.2,49,7.2,190,878,615,313
1994-06-29 15:00:00,33.3,40,7.7,190,766,626,243
1994-06-29 16:00:00,30.0,50,5.6,190,324,70,274
1994-06-29 17:00:00,24.4,64,7.2,170,181,21,169
1994-06-29 18:00:00,23.3,79,8.7,270,82,0,82
1994-06-29 19:00:00,20.5,87,3.0,130,60,6,59
1994-06-29 20:00:00,20.0,90,3.0,140,7,0,7
1994-06-29 21:00:00,21.1,73,10.8,260,0,0,0
1994-06-29 22:00:00,19.4,87,2.5,270,0,0,0
1994-06-29 23:00:00,18.3,90,3.6,170,0,0,0
1994-06-30 00:00:00,18.8,90,3.0,170,0,0,0
1994-06-30 01:00:00,20.0,87,3.0,210,0,0,0
1994-06-30 02:00:00,20.0,87,4.1,200,0,0,0
1994-06-30 03:00:00,20.0,87,5.6,170,0,0,0
1994-06-30 04:00:00,18.8,90,4.6,160,0,0,0
1994-06-30 05:00:00,20.0,84,4.6,180,0,0,0
1994-06-30 06:00:00,19.4,90,6.6,190,26,0,26
1994-06-30 07:00:00,20.0,87,4.6,190,122,72,100
1994-06-30 08:00:00,21.1,84,5.1,200,147,73,111
1994-06-30 09:00:00,22.7,73,5.6,200,403,134,316
1994-06-30 10:00:00,24.4,69,4.6,230,711,698,158
1994-06-30 11:00:00,26.6,60,4.1,220,770,625,212
1994-06-30 12:00:00,27.7,79,4.1,190,894,754,178
1994-06-30 13:00:00,28.8,70,5.1,180,921,706,244
1994-06-30 14:00:00,27.2,76,3.6,220,494,150,356
1994-06-30 15:00:00,23.8,94,1.0,270,406,96,326
1994-06-30 16:00:00,22.2,100,3.6,130,196,0,196
1994-06-30 17:00:00,21.1,100,4.6,180,180,0,180
1994-06-30 18:00:00,21.1,100,4.1,210,107,0,107
1994-06-30 19:00:00,21.1,100,7.2,210,45,0,45
1994-06-30 20:00:00,20.5,100,4.1,230,5,0,5
1994-06-30 21:00:00,20.5,100,4.1,220,0,0,0
1994-06-30 22:00:00,20.7,100,4.2,250,0,0,0
1994-06-30 23:00:00,20.8,100,4.2,250,0,0,0
1994-07-01 00:00:00,21.0,100,4.3,230,0,0,0
1991-07-01 01:00:00,21.2,65,4.4,330,0,0,0
1991-07-01 02:00:00,21.4,69,4.5,350,0,0,0
1991-07-01 03:00:00,21.5,91,4.5,30,0,0,0
1991-07-01 04:00:00,21.7,90,4.6,50,0,0,0
1991-07-01 05:00:00,21.1,87,3.6,70,0,0,0
1991-07-01 06:00:00,21.1,84,3.1,50,41,19,39
1991-07-01 07:00:00,21.7,81,2.6,60,100,68,79
1991-07-01 08:00:00,22.8,68,4.1,40,201,34,184
1991-07-01 09:00:00,23.9,57,2.6,50,236,76,186
1991-07-01 10:00:00,25.0,52,3.1,80,613,332,350
1991-07-01 11:00:00,25.6,52,1.5,60,704,357,385
1991-07-01 12:00:00,26.1,54,1.5,50,302,90,216
1991-07-01 13:00:00,26.1,54,1.5,60,455,97,361
1991-07-01 14:00:00,26.7,54,0.5,80,631,213,434
1991-07-01 15:00:00,26.7,54,0.5,80,629,127,523
1991-07-01 16:00:00,27.2,58,1.5,160,475,275,280
1991-07-01 17:00:00,27.2,58,0.0,0,269,47,243
1991-07-01 18:00:00,26.1,65,1.0,130,126,51,106
1991-07-01 19:00:00,25.6,69,1.5,120,60,7,58
1991-07-01 20:00:00,24.4,76,2.1,120,7,0,7
1991-07-01 21:00:00,23.9,79,2.6,180,0,0,0
1991-07-01 22:00:00,23.3,79,2.1,170,0,0,0
1991-07-01 23:00:00,23.9,79,2.1,160,0,0,0
1991-07-02 00:00:00,23.3,85,2.6,160,0,0,0
1991-07-02 01:00:00,22.8,87,2.1,180,0,0,0
1991-07-02 02:00:00,22.2,91,1.0,150,0,0,0
1991-07-02 03:00:00,22.2,93,1.5,160,0,0,0
1991-07-02 04:00:00,22.2,93,0.5,170,0,0,0
1991-07-02 05:00:00,22.2,93,2.1,130,0,0,0
1991-07-02 06:00:00,22.2,97,0.0,0,24,0,24
1991-07-02 07:00:00,22.8,94,2.1,160,66,0,66
1991-07-02 08:00:00,23.9,88,2.6,170,124,0,124
1991-07-02 09:00:00,25.0,84,1.5,160,178,0,178
1991-07-02 10:00:00,26.7,76,0.5,260,224,0,224
1991-07-02 11:00:00,28.9,67,0.5,170,370,94,287
1991-07-02 12:00:00,30.0,65,3.1,170,762,413,370
1991-07-02 13:00:00,31.7,59,2.1,170,782,408,391
1991-07-02 14:00:00,32.2,56,1.0,130,640,146,506
1991-07-02 15:00:00,31.7,59,4.1,160,636,356,339
1991-07-02 16:00:00,30.0,67,2.6,170,197,0,197
1991-07-02 17:00:00,29.4,68,3.1,190,145,0,145
1991-07-02 18:00:00,29.4,97,0.0,0,87,0,87
1991-07-02 19:00:00,24.4,69,2.1,100,35,0,35
1991-07-02 20:00:00,23.3,94,1.5,240,6,0,6
1991-07-02 21:00:00,22.8,96,0.0,0,0,0,0
1991-07-02 22:00:00,22.8,96,0.0,0,0,0,0
1991-07-02 23:00:00,22.8,100,0.0,0,0,0,0
1991-07-03 00:00:00,22.2,97,1.0,210,0,0,0
1991-07-03 01:00:00,22.2,97,1.5,240,0,0,0
1991-07-03 02:00:00,22.2,97,1.0,270,0,0,0
1991-07-03 03:00:00,21.7,96,1.0,250,0,0,0
1991-07-03 04:00:00,21.1,100,1.5,250,0,0,0
1991-07-03 05:00:00,21.7,96,1.0,270,0,0,0
1991-07-03 06:00:00,22.8,94,1.0,310,27,0,27
1991-07-03 07:00:00,22.8,96,1.0,340,71,0,71
1991-07-03 08:00:00,23.3,97,1.0,330,113,0,113
1991-07-03 09:00:00,25.0,90,2.1,40,148,0,148
1991-07-03 10:00:00,26.1,82,1.0,20,431,70,376
1991-07-03 11:00:00,27.2,77,0.5,40,679,95,594
1991-07-03 12:00:00,30.6,65,1.0,60,585,117,475
1991-07-03 13:00:00,28.9,70,1.0,50,683,122,565
1991-07-03 14:00:00,28.9,70,1.0,160,437,56,386
1991-07-03 15:00:00,28.9,70,3.1,80,327,66,271
1991-07-03 16:00:00,27.2,82,3.1,80,196,0,196
1991-07-03 17:00:00,26.7,79,2.6,110,191,0,191
1991-07-03 18:00:00,25.6,85,2.6,40,104,0,104
1991-07-03 19:00:00,25.0,96,0.5,70,52,0,52
1991-07-03 20:00:00,23.3,97,2.6,90,5,0,5
1991-07-03 21:00:00,22.8,96,2.6,60,0,0,0
1991-07-03 22:00:00,22.2,97,1.0,70,0,0,0
1991-07-03 23:00:00,22.2,97,1.0,60,0,0,0
1991-07-04 00:00:00,22.2,97,1.5,60,0,0,0
1991-07-04 01:00:00,21.7,100,2.1,110,0,0,0
1991-07-04 02:00:00,21.7,96,3.1,120,0,0,0
1991-07-04 03:00:00,21.1,97,2.1,110,0,0,0
1991-07-04 04:00:00,21.1,97,2.1,70,0,0,0
1991-07-04 05:00:00,21.1,97,2.6,40,0,0,0
1991-07-04 06:00:00,20.6,96,2.1,80,22,0,22
1991-07-04 07:00:00,21.1,93,2.6,100,57,0,57
1991-07-04 08:00:00,21.7,90,2.6,90,105,0,105
1991-07-04 09:00:00,21.7,90,3.6,80,151,0,151
1991-07-04 10:00:00,21.7,90,3.1,100,188,0,188
1991-07-04 11:00:00,22.2,87,3.1,100,215,0,215
1991-07-04 12:00:00,22.2,87,2.6,130,231,0,231
1991-07-04 13:00:00,22.2,91,2.6,120,233,0,233
1991-07-04 14:00:00,22.8,84,4.6,110,223,0,223
1991-07-04 15:00:00,22.8,84,3.6,110,200,0,200
1991-07-04 16:00:00,23.9,82,4.1,110,199,0,199
1991-07-04 17:00:00,22.8,84,3.1,90,148,0,148
1991-07-04 18:00:00,22.2,87,3.1,90,90,0,90
1991-07-04 19:00:00,22.2,87,1.5,100,36,0,36
1991-07-04 20:00:00,21.7,90,1.0,80,5,0,5
1991-07-04 21:00:00,21.1,93,3.6,100,0,0,0
1991-07-04 22:00:00,20.6,100,3.1,120,0,0,0
1991-07-04 23:00:00,20.6,100,4.1,120,0,0,0
1991-07-05 00:00:00,20.6,100,1.5,110,0,0,0
1991-07-05 01:00:00,20.6,100,1.0,90,0,0,0
1991-07-05 02:00:00,20.6,100,0.0,0,0,0,0
1991-07-05 03:00:00,20.6,100,1.0,80,0,0,0
1991-07-05 04:00:00,20.6,100,2.1,90,0,0,0
1991-07-05 05:00:00,20.6,100,0.5,80,0,0,0
1991-07-05 06:00:00,20.6,100,1.5,20,38,5,38
1991-07-05 07:00:00,20.6,100,1.0,70,162,174,109
1991-07-05 08:00:00,21.1,100,2.1,60,218,125,157
1991-07-05 09:00:00,21.1,100,1.5,70,461,208,325
1991-07-05 10:00:00,21.7,100,1.0,30,366,132,261
1991-07-05 11:00:00,22.8,94,1.5,40,752,465,339
1991-07-05 12:00:00,23.3,94,1.5,110,642,275,382
1991-07-05 13:00:00,23.9,90,0.0,0,666,153,519
1991-07-05 14:00:00,23.9,90,0.0,0,595,150,457
1991-07-05 15:00:00,25.6,82,0.5,360,710,375,397
1991-07-05 16:00:00,25.6,82,0.0,0,549,487,204
1991-07-05 17:00:00,25.6,82,0.0,0,409,89,359
1991-07-05 18:00:00,26.1,79,0.0,0,230,132,180
1991-07-05 19:00:00,25.0,88,0.0,0,69,50,59
1991-07-05 20:00:00,23.3,94,0.0,0,7,6,7
1991-07-05 21:00:00,22.2,100,0.0,0,0,0,0
1991-07-05 22:00:00,22.2,100,0.0,0,0,0,0
1991-07-05 23:00:00,21.7,100,0.0,0,0,0,0
1991-07-06 00:00:00,21.1,97,4.1,260,0,0,0
1991-07-06 01:00:00,20.6,100,0.0,0,0,0,0
1991-07-06 02:00:00,21.7,93,1.5,300,0,0,0
1991-07-06 03:00:00,20.6,100,0.0,0,0,0,0
1991-07-06 04:00:00,20.6,100,0.0,0,0,0,0
1991-07-06 05:00:00,18.9,100,0.0,0,0,0,0
1991-07-06 06:00:00,18.9,100,0.0,0,42,13,41
1991-07-06 07:00:00,21.7,96,0.0,0,168,139,127
1991-07-06 08:00:00,24.4,82,0.0,0,344,337,181
1991-07-06 09:00:00,26.1,79,0.5,290,535,422,261
1991-07-06 10:00:00,28.3,67,1.0,280,653,481,274
1991-07-06 11:00:00,30.0,57,1.5,300,574,118,469
1991-07-06 12:00:00,31.1,50,1.0,320,346,75,274
1991-07-06 13:00:00,31.1,47,1.0,350,572,86,489
1991-07-06 14:00:00,32.8,39,2.1,260,851,586,313
1991-07-06 15:00:00,32.8,39,2.1,270,733,438,367
1991-07-06 16:00:00,32.8,41,3.6,210,561,448,243
1991-07-06 17:00:00,32.2,42,4.6,200,346,245,211
1991-07-06 18:00:00,31.1,47,3.6,230,228,260,131
1991-07-06 19:00:00,28.9,53,4.1,210,81,72,67
1991-07-06 20:00:00,25.0,71,1.5,180,6,0,6
1991-07-06 21:00:00,25.0,71,3.6,200,0,0,0
1991-07-06 22:00:00,23.3,82,2.1,200,0,0,0
1991-07-06 23:00:00,22.2,87,2.1,200,0,0,0
1991-07-07 00:00:00,23.3,85,2.1,220,0,0,0
1991-07-07 01:00:00,22.8,87,2.6,220,0,0,0
1991-07-07 02:00:00,22.2,91,2.6,210,0,0,0
1991-07-07 03:00:00,22.2,91,1.5,230,0,0,0
1991-07-07 04:00:00,22.8,84,1.0,240,0,0,0
1991-07-07 05:00:00,21.1,90,1.5,210,0,4,0
1991-07-07 06:00:00,22.8,87,1.5,220,48,154,30
1991-07-07 07:00:00,25.0,79,1.5,230,154,250,80
1991-07-07 08:00:00,27.8,69,1.0,240,323,419,122
1991-07-07 09:00:00,30.0,61,2.1,220,575,678,136
1991-07-07 10:00:00,31.7,54,3.1,250,456,206,294
1991-07-07 11:00:00,30.6,68,1.5,260,570,338,270
1991-07-07 12:00:00,33.3,56,4.1,240,658,326,349
1991-07-07 13:00:00,34.4,46,3.6,250,746,493,274
1991-07-07 14:00:00,33.3,47,1.0,300,569,190,394
1991-07-07 15:00:00,31.1,59,2.6,160,517,279,284
1991-07-07 16:00:00,30.6,63,3.1,140,466,128,375
1991-07-07 17:00:00,30.0,63,4.1,130,457,543,158
1991-07-07 18:00:00,28.3,67,4.1,130,232,343,104
1991-07-07 19:00:00,26.7,76,5.1,170,51,6,50
1991-07-07 20:00:00,24.4,88,5.1,320,6,2,6
1991-07-07 21:00:00,24.4,97,2.6,220,0,0,0
1991-07-07 22:00:00,23.9,96,1.0,190,0,0,0
1991-07-07 23:00:00,24.4,85,0.0,0,0,0,0
1991-07-08 00:00:00,23.3,91,0.0,0,0,0,0
1991-07-08 01:00:00,23.3,91,1.0,280,0,0,0
1991-07-08 02:00:00,22.8,94,0.0,0,0,0,0
1991-07-08 03:00:00,23.9,84,2.1,310,0,0,0
1991-07-08 04:00:00,21.7,96,1.5,160,0,0,0
1991-07-08 05:00:00,21.7,93,1.0,250,0,0,0
1991-07-08 06:00:00,23.3,79,2.1,280,50,120,36
1991-07-08 07:00:00,23.9,79,1.0,260,186,313,93
1991-07-08 08:00:00,25.0,77,1.5,240,394,507,151
1991-07-08 09:00:00,28.3,63,1.5,260,561,591,179
1991-07-08 10:00:00,29.4,59,2.1,230,415,114,325
1991-07-08 11:00:00,32.2,54,3.6,260,559,349,248
1991-07-08 12:00:00,33.3,51,3.6,240,904,707,234
1991-07-08 13:00:00,32.2,50,4.1,250,521,92,433
1991-07-08 14:00:00,33.3,51,3.6,270,445,66,384
1991-07-08 15:00:00,22.8,94,1.0,310,365,101,280
1991-07-08 16:00:00,22.8,90,5.1,210,271,116,189
1991-07-08 17:00:00,26.1,79,4.1,220,322,56,291
1991-07-08 18:00:00,28.3,70,0.5,280,126,37,112
1991-07-08 19:00:00,26.1,88,1.0,170,50,19,47
1991-07-08 20:00:00,25.6,87,0.0,0,8,0,8
1991-07-08 21:00:00,23.9,96,1.5,250,0,0,0
1991-07-08 22:00:00,22.2,100,1.0,250,0,0,0
1991-07-08 23:00:00,23.3,94,0.0,0,0,0,0
1991-07-09 00:00:00,23.9,74,2.1,300,0,0,0
1991-07-09 01:00:00,23.9,74,3.1,310,0,0,0
1991-07-09 02:00:00,23.3,76,1.5,300,0,0,0
1991-07-09 03:00:00,23.3,76,2.1,310,0,0,0
1991-07-09 04:00:00,23.3,76,2.1,310,0,0,0
1991-07-09 05:00:00,22.8,79,1.0,320,0,0,0
1991-07-09 06:00:00,22.8,81,0.0,0,42,11,41
1991-07-09 07:00:00,25.0,66,2.1,10,108,91,80
1991-07-09 08:00:00,25.6,62,1.5,40,152,112,98
1991-07-09 09:00:00,26.1,56,2.1,330,509,434,229
1991-07-09 10:00:00,27.2,49,3.1,360,570,250,373
1991-07-09 11:00:00,27.8,46,1.0,330,698,349,388
1991-07-09 12:00:00,28.9,44,2.1,280,944,780,207
1991-07-09 13:00:00,29.4,39,4.1,300,590,259,342
1991-07-09 14:00:00,29.4,40,3.1,310,521,279,265
1991-07-09 15:00:00,28.9,44,3.1,320,276,135,163
1991-07-09 16:00:00,28.9,43,2.6,320,374,134,280
1991-07-09 17:00:00,28.3,41,3.1,320,291,170,197
1991-07-09 18:00:00,28.3,43,2.1,350,158,71,131
1991-07-09 19:00:00,26.1,48,1.0,360,59,37,52
1991-07-09 20:00:00,21.7,73,0.0,0,6,0,6
1991-07-09 21:00:00,21.1,76,0.0,0,0,0,0
1991-07-09 22:00:00,21.1,78,0.0,0,0,0,0
1991-07-09 23:00:00,21.7,76,0.0,0,0,0,0
1991-07-10 00:00:00,21.1,78,0.0,0,0,0,0
1991-07-10 01:00:00,22.8,66,1.0,340,0,0,0
1991-07-10 02:00:00,22.8,64,0.0,0,0,0,0
1991-07-10 03:00:00,22.2,71,0.0,0,0,0,0
1991-07-10 04:00:00,22.8,61,0.0,0,0,0,0
1991-07-10 05:00:00,21.1,81,1.0,200,0,0,0
1991-07-10 06:00:00,21.1,87,0.0,0,30,0,30
1991-07-10 07:00:00,22.8,81,0.0,0,75,0,75
1991-07-10 08:00:00,23.9,62,0.5,360,146,0,146
1991-07-10 09:00:00,22.8,73,1.0,100,216,0,216
1991-07-10 10:00:00,23.9,64,0.5,90,274,0,274
1991-07-10 11:00:00,25.0,56,0.0,0,316,0,316
1991-07-10 12:00:00,23.9,64,1.0,60,340,0,340
1991-07-10 13:00:00,23.9,64,1.0,80,344,0,344
1991-07-10 14:00:00,24.4,67,0.5,90,328,0,328
1991-07-10 15:00:00,23.3,76,0.0,0,294,0,294
1991-07-10 16:00:00,22.2,87,1.0,140,193,0,193
1991-07-10 17:00:00,22.8,90,0.0,0,176,0,176
1991-07-10 18:00:00,21.7,96,0.0,0,83,0,83
1991-07-10 19:00:00,21.1,100,1.0,170,36,0,36
1991-07-10 20:00:00,21.1,97,1.5,180,4,0,4
1991-07-10 21:00:00,20.6,100,1.0,210,0,0,0
1991-07-10 22:00:00,20.6,100,0.0,0,0,0,0
1991-07-10 23:00:00,19.4,100,0.0,0,0,0,0
1991-07-11 00:00:00,18.9,100,0.0,0,0,0,0
1991-07-11 01:00:00,18.3,100,0.0,0,0,0,0
1991-07-11 02:00:00,17.2,100,0.0,0,0,0,0
1991-07-11 03:00:00,17.8,100,0.0,0,0,0,0
1991-07-11 04:00:00,18.9,100,1.5,330,0,0,0
1991-07-11 05:00:00,17.2,100,0.0,0,0,0,0
1991-07-11 06:00:00,18.9,100,0.0,0,39,32,36
1991-07-11 07:00:00,21.7,93,2.6,340,187,225,122
1991-07-11 08:00:00,23.9,74,4.1,350,329,393,142
1991-07-11 09:00:00,28.3,43,2.6,320,538,557,180
1991-07-11 10:00:00,26.7,52,1.0,10,594,458,236
1991-07-11 11:00:00,28.3,43,2.6,320,800,597,272
1991-07-11 12:00:00,28.9,43,1.0,110,906,630,312
1991-07-11 13:00:00,30.0,36,1.5,290,805,537,292
1991-07-11 14:00:00,31.1,36,1.5,290,823,563,307
1991-07-11 15:00:00,31.1,31,1.5,290,747,585,260
1991-07-11 16:00:00,31.7,30,0.5,350,631,478,293
1991-07-11 17:00:00,29.4,43,1.0,120,443,516,160
1991-07-11 18:00:00,28.3,46,1.0,140,219,284,114
1991-07-11 19:00:00,25.6,54,1.0,120,90,159,61
1991-07-11 20:00:00,22.8,66,0.5,170,6,0,6
1991-07-11 21:00:00,22.2,71,0.0,0,0,0,0
1991-07-11 22:00:00,22.2,66,1.0,180,0,0,0
1991-07-11 23:00:00,21.7,68,1.0,170,0,0,0
1991-07-12 00:00:00,20.0,84,0.5,180,0,0,0
1991-07-12 01:00:00,18.9,93,1.5,230,0,0,0
1991-07-12 02:00:00,19.4,97,1.0,170,0,0,0
1991-07-12 03:00:00,18.3,100,0.0,0,0,0,0
1991-07-12 04:00:00,18.9,100,0.0,0,0,0,0
1991-07-12 05:00:00,16.7,100,0.0,0,0,0,0
1991-07-12 06:00:00,19.4,97,0.0,0,35,0,35
1991-07-12 07:00:00,22.8,76,1.0,10,111,36,100
1991-07-12 08:00:00,26.1,74,0.0,0,177,29,164
1991-07-12 09:00:00,25.6,58,1.0,20,386,152,289
1991-07-12 10:00:00,26.1,62,0.5,90,277,0,277
1991-07-12 11:00:00,28.3,57,0.5,120,525,134,406
1991-07-12 12:00:00,29.4,51,0.5,180,601,120,487
1991-07-12 13:00:00,29.4,50,3.1,170,353,0,353
1991-07-12 14:00:00,27.8,49,4.1,190,269,0,269
1991-07-12 15:00:00,27.2,56,4.1,230,239,0,239
1991-07-12 16:00:00,26.1,60,2.1,160,194,0,194
1991-07-12 17:00:00,26.1,62,2.6,160,150,0,150
1991-07-12 18:00:00,25.6,69,3.1,150,102,0,102
1991-07-12 19:00:00,23.9,76,3.1,170,51,0,51
1991-07-12 20:00:00,23.9,69,2.1,160,4,0,4
1991-07-12 21:00:00,23.3,64,3.1,160,0,0,0
1991-07-12 22:00:00,23.3,69,2.1,170,0,0,0
1991-07-12 23:00:00,22.8,79,3.1,180,0,0,0
1991-07-13 00:00:00,22.8,87,2.1,180,0,0,0
1991-07-13 01:00:00,23.3,91,3.6,200,0,0,0
1991-07-13 02:00:00,22.8,94,3.6,180,0,0,0
1991-07-13 03:00:00,22.8,96,4.1,190,0,0,0
1991-07-13 04:00:00,22.8,96,5.1,200,0,0,0
1991-07-13 05:00:00,22.8,96,3.1,210,0,0,0
1991-07-13 06:00:00,22.8,100,4.1,220,22,0,22
1991-07-13 07:00:00,23.3,97,3.6,210,49,0,49
1991-07-13 08:00:00,23.9,94,4.1,220,97,0,97
1991-07-13 09:00:00,25.0,88,5.1,230,144,0,144
1991-07-13 10:00:00,26.1,85,5.1,240,183,0,183
1991-07-13 11:00:00,27.2,79,3.1,230,252,0,252
1991-07-13 12:00:00,30.0,65,3.1,300,271,0,271
1991-07-13 13:00:00,30.0,65,3.1,250,275,0,275
1991-07-13 14:00:00,30.6,61,4.1,300,482,138,355
1991-07-13 15:00:00,32.8,50,3.1,240,250,16,237
1991-07-13 16:00:00,32.2,52,3.6,230,169,86,108
1991-07-13 17:00:00,30.0,59,5.1,260,128,67,91
1991-07-13 18:00:00,31.7,45,4.1,230,217,93,182
1991-07-13 19:00:00,31.1,39,2.6,280,69,132,45
1991-07-13 20:00:00,27.8,49,1.5,240,5,1,5
1991-07-13 21:00:00,25.0,64,1.0,210,0,0,0
1991-07-13 22:00:00,24.4,64,1.5,230,0,0,0
1991-07-13 23:00:00,25.6,60,1.5,240,0,0,0
1991-07-14 00:00:00,24.4,67,1.0,250,0,0,0
1991-07-14 01:00:00,25.6,60,0.5,290,0,0,0
1991-07-14 02:00:00,23.3,71,1.0,330,0,0,0
1991-07-14 03:00:00,23.9,69,1.0,330,0,0,0
1991-07-14 04:00:00,23.3,71,1.0,300,0,0,0
1991-07-14 05:00:00,23.3,71,2.6,320,0,0,0
1991-07-14 06:00:00,23.3,71,2.6,340,31,10,30
1991-07-14 07:00:00,25.0,66,2.6,350,78,27,70
1991-07-14 08:00:00,25.0,66,3.1,350,153,108,102
1991-07-14 09:00:00,26.1,65,2.1,320,390,56,354
1991-07-14 10:00:00,26.7,58,2.1,320,424,85,357
1991-07-14 11:00:00,27.8,55,1.5,280,494,111,396
1991-07-14 12:00:00,26.7,58,2.1,290,423,22,402
1991-07-14 13:00:00,27.2,56,2.6,280,273,0,273
1991-07-14 14:00:00,29.4,51,3.6,340,522,228,314
1991-07-14 15:00:00,28.3,49,2.1,340,420,122,318
1991-07-14 16:00:00,28.9,46,2.1,330,313,98,244
1991-07-14 17:00:00,28.3,51,1.0,40,429,465,175
1991-07-14 18:00:00,27.2,58,1.0,110,231,367,96
1991-07-14 19:00:00,25.6,67,1.0,130,70,91,53
1991-07-14 20:00:00,23.3,79,1.0,120,5,5,5
1991-07-14 21:00:00,21.7,87,0.0,0,0,0,0
1991-07-14 22:00:00,20.6,90,0.0,0,0,0,0
1991-07-14 23:00:00,20.6,87,0.0,0,0,0,0
1991-07-15 00:00:00,22.2,76,2.1,310,0,0,0
1991-07-15 01:00:00,20.6,78,2.1,330,0,0,0
1991-07-15 02:00:00,18.9,78,2.1,340,0,0,0
1991-07-15 03:00:00,18.9,75,2.1,340,0,0,0
1991-07-15 04:00:00,18.9,75,2.1,340,0,0,0
1991-07-15 05:00:00,17.8,80,1.0,340,0,0,0
1991-07-15 06:00:00,19.4,76,1.0,350,41,113,29
1991-07-15 07:00:00,22.2,64,2.6,10,187,280,107
1991-07-15 08:00:00,23.9,55,1.0,20,362,492,132
1991-07-15 09:00:00,25.6,48,2.1,10,536,625,138
1991-07-15 10:00:00,26.7,41,2.6,360,690,658,178
1991-07-15 11:00:00,27.8,38,2.1,90,843,736,194
1991-07-15 12:00:00,29.4,35,3.6,130,885,685,241
1991-07-15 13:00:00,29.4,34,2.1,40,979,835,185
1991-07-15 14:00:00,30.0,31,2.6,10,854,685,229
1991-07-15 15:00:00,31.1,31,1.0,30,772,739,160
1991-07-15 16:00:00,30.6,32,1.0,40,610,606,184
1991-07-15 17:00:00,28.9,38,2.6,100,447,623,107
1991-07-15 18:00:00,27.8,38,2.6,110,257,401,109
1991-07-15 19:00:00,26.1,41,2.1,100,89,230,48
1991-07-15 20:00:00,23.3,53,1.0,120,5,15,5
1991-07-15 21:00:00,18.9,78,0.0,0,0,0,0
1991-07-15 22:00:00,17.8,78,0.0,0,0,0,0
1991-07-15 23:00:00,17.8,78,0.0,0,0,0,0
1991-07-16 00:00:00,18.3,76,0.0,0,0,0,0
1991-07-16 01:00:00,18.3,78,0.0,0,0,0,0
1991-07-16 02:00:00,15.6,90,0.0,0,0,0,0
1991-07-16 03:00:00,17.8,90,0.0,0,0,0,0
1991-07-16 04:00:00,16.7,93,0.0,0,0,0,0
1991-07-16 05:00:00,16.7,100,0.0,0,0,0,0
1991-07-16 06:00:00,17.2,97,0.0,0,37,71,30
1991-07-16 07:00:00,21.7,84,0.0,0,174,273,97
1991-07-16 08:00:00,24.4,69,0.0,0,390,600,110
1991-07-16 09:00:00,27.2,61,0.0,0,557,566,198
1991-07-16 10:00:00,29.4,45,1.0,130,706,662,192
1991-07-16 11:00:00,29.4,32,1.0,110,794,607,259
1991-07-16 12:00:00,30.0,40,1.0,110,882,739,188
1991-07-16 13:00:00,30.6,34,0.5,50,927,724,238
1991-07-16 14:00:00,31.1,36,2.1,150,882,730,215
1991-07-16 15:00:00,31.1,36,2.1,100,663,470,274
1991-07-16 16:00:00,31.1,40,2.1,130,648,646,194
1991-07-16 17:00:00,30.0,43,2.1,150,400,496,130
1991-07-16 18:00:00,28.3,44,3.1,150,271,418,118
1991-07-16 19:00:00,26.7,51,3.1,160,72,118,50
1991-07-16 20:00:00,23.9,60,2.6,160,5,7,5
1991-07-16 21:00:00,22.2,68,1.5,180,0,0,0
1991-07-16 22:00:00,21.7,73,2.1,180,0,0,0
1991-07-16 23:00:00,21.7,76,2.1,180,0,0,0
1991-07-17 00:00:00,20.6,84,1.5,180,0,0,0
1991-07-17 01:00:00,18.9,90,0.5,170,0,0,0
1991-07-17 02:00:00,18.9,90,2.1,230,0,0,0
1991-07-17 03:00:00,19.4,87,2.6,210,0,0,0
1991-07-17 04:00:00,18.3,93,1.0,180,0,0,0
1991-07-17 05:00:00,18.3,97,7.2,200,0,1,0
1991-07-17 06:00:00,20.6,93,2.6,220,43,135,30
1991-07-17 07:00:00,22.8,81,5.1,220,192,442,68
1991-07-17 08:00:00,25.0,71,3.6,240,372,590,98
1991-07-17 09:00:00,27.2,62,3.6,230,506,583,137
1991-07-17 10:00:00,29.4,50,3.1,250,752,733,183
1991-07-17 11:00:00,31.7,41,4.1,240,896,874,128
1991-07-17 12:00:00,32.2,31,3.6,230,855,671,226
1991-07-17 13:00:00,32.2,33,2.6,250,924,780,184
1991-07-17 14:00:00,32.8,30,2.1,200,757,547,258
1991-07-17 15:00:00,33.9,31,2.6,240,798,773,158
1991-07-17 16:00:00,33.3,31,2.1,190,653,687,171
1991-07-17 17:00:00,32.2,33,4.1,210,468,616,133
1991-07-17 18:00:00,31.7,34,3.1,230,261,413,111
1991-07-17 19:00:00,29.4,43,5.1,200,104,279,55
1991-07-17 20:00:00,26.1,52,4.1,190,5,25,4
1991-07-17 21:00:00,25.6,60,4.1,210,0,0,0
1991-07-17 22:00:00,22.8,71,2.1,180,0,0,0
1991-07-17 23:00:00,22.8,76,1.0,190,0,0,0
1991-07-18 00:00:00,22.2,82,2.6,210,0,0,0
1991-07-18 01:00:00,22.8,81,4.1,230,0,0,0
1991-07-18 02:00:00,23.3,82,3.1,220,0,0,0
1991-07-18 03:00:00,22.8,84,3.6,210,0,0,0
1991-07-18 04:00:00,22.2,87,2.6,220,0,0,0
1991-07-18 05:00:00,21.1,93,2.1,240,0,0,0
1991-07-18 06:00:00,21.1,93,1.5,250,27,1,27
1991-07-18 07:00:00,24.4,82,2.6,240,97,0,97
1991-07-18 08:00:00,26.7,71,1.0,240,375,549,120
1991-07-18 09:00:00,28.3,65,2.1,210,476,342,260
1991-07-18 10:00:00,30.6,53,1.0,330,721,719,164
1991-07-18 11:00:00,32.2,45,1.5,220,790,617,248
1991-07-18 12:00:00,33.3,43,2.1,210,892,731,207
1991-07-18 13:00:00,35.0,40,3.1,230,644,155,496
1991-07-18 14:00:00,32.8,44,4.1,220,558,98,469
1991-07-18 15:00:00,33.9,39,3.1,260,395,87,323
1991-07-18 16:00:00,35.0,36,5.1,230,332,2,330
1991-07-18 17:00:00,33.9,41,5.1,220,437,561,133
1991-07-18 18:00:00,32.8,44,6.2,200,91,40,76
1991-07-18 19:00:00,30.6,53,5.1,200,46,0,46
1991-07-18 20:00:00,28.9,59,6.2,220,4,0,4
1991-07-18 21:00:00,27.8,63,6.2,220,0,0,0
1991-07-18 22:00:00,27.2,67,4.1,210,0,0,0
1991-07-18 23:00:00,26.7,67,4.6,220,0,0,0
1991-07-19 00:00:00,25.6,74,4.1,200,0,0,0
1991-07-19 01:00:00,25.6,74,3.6,220,0,0,0
1991-07-19 02:00:00,24.4,82,2.6,200,0,0,0
1991-07-19 03:00:00,24.4,82,4.1,190,0,0,0
1991-07-19 04:00:00,24.4,82,6.2,200,0,0,0
1991-07-19 05:00:00,23.3,87,5.1,220,0,0,0
1991-07-19 06:00:00,23.9,88,5.1,220,29,1,28
1991-07-19 07:00:00,25.0,82,6.2,210,82,0,82
1991-07-19 08:00:00,26.7,76,4.1,230,181,34,165
1991-07-19 09:00:00,27.2,74,3.6,220,276,58,239
1991-07-19 10:00:00,28.3,70,2.1,240,533,180,394
1991-07-19 11:00:00,29.4,68,3.6,220,656,298,394
1991-07-19 12:00:00,32.8,56,2.6,260,378,101,283
1991-07-19 13:00:00,32.8,52,2.6,240,435,50,387
1991-07-19 14:00:00,33.3,51,1.0,300,412,9,403
1991-07-19 15:00:00,34.4,46,1.5,110,406,112,313
1991-07-19 16:00:00,33.9,49,3.1,220,394,72,343
1991-07-19 17:00:00,32.2,56,0.5,120,381,107,322
1991-07-19 18:00:00,32.8,49,2.6,240,112,0,112
1991-07-19 19:00:00,31.7,52,3.1,220,44,0,44
1991-07-19 20:00:00,29.4,68,4.1,210,3,0,3
1991-07-19 21:00:00,28.3,67,4.6,220,0,0,0
1991-07-19 22:00:00,26.1,72,3.1,210,0,0,0
1991-07-19 23:00:00,25.6,74,3.6,220,0,0,0
1991-07-20 00:00:00,26.1,82,5.1,230,0,0,0
1991-07-20 01:00:00,25.0,88,3.1,230,0,0,0
1991-07-20 02:00:00,24.4,91,3.1,240,0,0,0
1991-07-20 03:00:00,22.8,96,1.5,230,0,0,0
1991-07-20 04:00:00,22.8,96,2.6,200,0,0,0
1991-07-20 05:00:00,22.8,96,2.1,210,0,0,0
1991-07-20 06:00:00,23.9,94,3.1,230,33,3,33
1991-07-20 07:00:00,25.0,90,3.1,230,152,26,145
1991-07-20 08:00:00,26.7,85,2.6,250,330,357,166
1991-07-20 09:00:00,28.9,72,1.0,300,478,323,275
1991-07-20 10:00:00,31.1,61,1.0,310,711,624,230
1991-07-20 11:00:00,32.8,54,2.1,70,837,668,252
1991-07-20 12:00:00,33.3,54,2.6,70,881,658,265
1991-07-20 13:00:00,34.4,49,2.1,60,664,102,567
1991-07-20 14:00:00,35.6,45,1.0,90,624,129,507
1991-07-20 15:00:00,35.6,45,2.1,100,463,70,405
1991-07-20 16:00:00,35.0,43,3.1,110,187,0,187
1991-07-20 17:00:00,33.9,49,3.1,100,133,0,133
1991-07-20 18:00:00,31.1,52,3.6,300,87,0,87
1991-07-20 19:00:00,29.4,65,0.0,0,45,0,45
1991-07-20 20:00:00,29.4,65,1.0,230,3,0,3
1991-07-20 21:00:00,29.4,65,1.0,190,0,0,0
1991-07-20 22:00:00,27.2,74,0.0,0,0,0,0
1991-07-20 23:00:00,25.0,84,0.0,0,0,0,0
1991-07-21 00:00:00,24.4,88,0.0,0,0,0,0
1991-07-21 01:00:00,23.9,90,0.0,0,0,0,0
1991-07-21 02:00:00,23.3,91,0.0,0,0,0,0
1991-07-21 03:00:00,25.0,82,0.0,0,0,0,0
1991-07-21 04:00:00,23.3,91,0.0,0,0,0,0
1991-07-21 05:00:00,22.8,94,1.0,200,0,0,0
1991-07-21 06:00:00,25.0,88,2.1,240,28,3,27
1991-07-21 07:00:00,26.7,76,3.1,270,117,46,104
1991-07-21 08:00:00,28.9,67,2.6,290,105,0,105
1991-07-21 09:00:00,30.0,63,2.1,280,162,0,162
1991-07-21 10:00:00,32.8,54,2.1,280,211,0,211
1991-07-21 11:00:00,34.4,46,2.6,310,656,354,347
1991-07-21 12:00:00,35.0,44,3.6,310,784,439,373
1991-07-21 13:00:00,36.7,36,3.1,300,569,238,344
1991-07-21 14:00:00,37.8,36,3.1,310,528,189,356
1991-07-21 15:00:00,37.2,37,1.5,260,682,391,360
1991-07-21 16:00:00,36.1,39,1.5,270,447,111,370
1991-07-21 17:00:00,36.7,35,2.1,280,203,105,146
1991-07-21 18:00:00,35.0,40,3.6,240,97,0,97
1991-07-21 19:00:00,33.3,49,6.2,240,52,0,52
1991-07-21 20:00:00,32.2,54,4.6,230,3,0,3
1991-07-21 21:00:00,31.7,57,3.6,240,0,0,0
1991-07-21 22:00:00,31.1,59,5.1,310,0,0,0
1991-07-21 23:00:00,27.2,72,3.1,270,0,0,0
1991-07-22 00:00:00,26.7,74,2.1,70,0,0,0
1991-07-22 01:00:00,26.1,79,1.0,120,0,0,0
1991-07-22 02:00:00,25.0,84,0.0,0,0,0,0
1991-07-22 03:00:00,25.0,82,2.1,250,0,0,0
1991-07-22 04:00:00,25.0,82,0.0,0,0,0,0
1991-07-22 05:00:00,23.3,91,0.0,0,0,0,0
1991-07-22 06:00:00,25.0,84,0.0,0,32,76,26
1991-07-22 07:00:00,27.8,74,0.0,0,152,270,79
1991-07-22 08:00:00,30.0,65,0.5,330,233,131,174
1991-07-22 09:00:00,31.7,57,0.5,350,522,507,204
1991-07-22 10:00:00,33.9,44,0.5,250,693,643,198
1991-07-22 11:00:00,35.6,40,1.0,240,461,138,340
1991-07-22 12:00:00,35.6,40,1.0,260,599,169,442
1991-07-22 13:00:00,35.6,38,2.1,270,340,0,340
1991-07-22 14:00:00,28.3,72,3.1,310,259,0,259
1991-07-22 15:00:00,30.6,61,3.1,250,289,0,289
1991-07-22 16:00:00,33.3,46,3.1,220,236,0,236
1991-07-22 17:00:00,33.3,49,3.6,220,169,0,169
1991-07-22 18:00:00,32.2,54,1.0,190,96,0,96
1991-07-22 19:00:00,30.6,61,2.6,220,35,0,35
1991-07-22 20:00:00,27.2,72,3.6,260,2,0,2
1991-07-22 21:00:00,25.0,88,3.1,260,0,0,0
1991-07-22 22:00:00,24.4,91,1.0,270,0,0,0
1991-07-22 23:00:00,23.9,90,1.0,260,0,0,0
1991-07-23 00:00:00,23.3,91,2.1,220,0,0,0
1991-07-23 01:00:00,23.9,88,1.5,260,0,0,0
1991-07-23 02:00:00,24.4,85,3.1,250,0,0,0
1991-07-23 03:00:00,24.4,82,3.1,250,0,0,0
1991-07-23 04:00:00,24.4,82,2.6,260,0,0,0
1991-07-23 05:00:00,23.9,88,2.1,230,0,0,0
1991-07-23 06:00:00,23.9,90,1.0,230,31,98,22
1991-07-23 07:00:00,26.1,82,3.1,230,189,445,70
1991-07-23 08:00:00,28.9,70,2.6,240,375,625,91
1991-07-23 09:00:00,31.7,57,3.6,280,576,759,102
1991-07-23 10:00:00,33.3,52,4.1,260,740,811,118
1991-07-23 11:00:00,35.6,45,3.6,280,861,841,128
1991-07-23 12:00:00,36.7,42,4.1,310,835,662,218
1991-07-23 13:00:00,37.2,41,2.1,250,608,128,487
1991-07-23 14:00:00,37.8,38,2.1,240,467,94,382
1991-07-23 15:00:00,37.8,36,7.2,240,462,95,384
1991-07-23 16:00:00,37.2,35,5.7,220,634,700,148
1991-07-23 17:00:00,36.7,36,3.6,220,425,566,122
1991-07-23 18:00:00,35.0,44,6.7,220,215,360,87
1991-07-23 19:00:00,33.3,52,7.7,300,78,13,76
1991-07-23 20:00:00,23.3,94,2.6,250,2,0,2
1991-07-23 21:00:00,24.4,91,0.5,340,0,0,0
1991-07-23 22:00:00,25.6,82,1.0,330,0,0,0
1991-07-23 23:00:00,26.1,79,2.1,340,0,0,0
1991-07-24 00:00:00,25.6,79,1.5,310,0,0,0
1991-07-24 01:00:00,25.0,79,3.1,330,0,0,0
1991-07-24 02:00:00,25.0,79,2.1,350,0,0,0
1991-07-24 03:00:00,23.9,79,1.5,350,0,0,0
1991-07-24 04:00:00,23.9,79,1.5,340,0,0,0
1991-07-24 05:00:00,23.3,82,1.5,340,0,0,0
1991-07-24 06:00:00,23.3,82,2.6,350,27,1,26
1991-07-24 07:00:00,25.0,74,2.6,360,128,113,98
1991-07-24 08:00:00,26.7,62,2.1,10,290,214,193
1991-07-24 09:00:00,27.8,51,2.1,30,356,165,253
1991-07-24 10:00:00,28.9,48,1.0,10,653,402,345
1991-07-24 11:00:00,28.9,46,1.0,320,771,486,347
1991-07-24 12:00:00,30.0,43,1.0,260,852,535,354
1991-07-24 13:00:00,31.1,42,1.5,220,866,518,377
1991-07-24 14:00:00,32.2,41,1.0,240,704,400,342
1991-07-24 15:00:00,33.3,40,1.5,180,546,222,365
1991-07-24 16:00:00,32.8,41,3.1,240,562,438,259
1991-07-24 17:00:00,30.0,53,2.1,90,325,120,261
1991-07-24 18:00:00,28.3,63,2.6,130,189,86,159
1991-07-24 19:00:00,27.8,58,1.0,90,64,5,63
1991-07-24 20:00:00,26.7,64,0.0,0,3,0,3
1991-07-24 21:00:00,25.6,69,0.0,0,0,0,0
1991-07-24 22:00:00,24.4,74,0.0,0,0,0,0
1991-07-24 23:00:00,24.4,79,2.1,350,0,0,0
1991-07-25 00:00:00,23.9,84,1.0,350,0,0,0
1991-07-25 01:00:00,24.4,88,1.5,230,0,0,0
1991-07-25 02:00:00,23.9,90,0.0,0,0,0,0
1991-07-25 03:00:00,25.6,82,3.1,300,0,0,0
1991-07-25 04:00:00,25.0,71,0.0,0,0,0,0
1991-07-25 05:00:00,25.0,69,0.5,360,0,0,0
1991-07-25 06:00:00,24.4,74,0.5,310,18,0,18
1991-07-25 07:00:00,21.7,96,4.6,250,52,0,52
1991-07-25 08:00:00,21.1,97,1.0,130,262,47,240
1991-07-25 09:00:00,22.2,97,1.0,90,286,66,244
1991-07-25 10:00:00,23.9,84,0.0,0,373,53,332
1991-07-25 11:00:00,22.8,96,1.0,60,246,0,246
1991-07-25 12:00:00,22.2,97,1.0,100,364,94,276
1991-07-25 13:00:00,24.4,85,1.0,180,535,214,332
1991-07-25 14:00:00,27.2,77,2.6,150,607,141,479
1991-07-25 15:00:00,26.7,74,2.6,110,523,84,454
1991-07-25 16:00:00,27.2,74,1.0,90,439,67,392
1991-07-25 17:00:00,26.7,76,1.0,90,165,0,165
1991-07-25 18:00:00,26.1,79,2.6,120,93,0,93
1991-07-25 19:00:00,25.0,84,2.6,110,45,0,45
1991-07-25 20:00:00,23.9,90,2.1,120,2,0,2
1991-07-25 21:00:00,23.3,94,0.5,160,0,0,0
1991-07-25 22:00:00,23.9,90,0.0,0,0,0,0
1991-07-25 23:00:00,22.8,96,0.0,0,0,0,0
1991-07-26 00:00:00,22.2,100,0.0,0,0,0,0
1991-07-26 01:00:00,22.8,100,0.0,0,0,0,0
1991-07-26 02:00:00,22.8,100,0.0,0,0,0,0
1991-07-26 03:00:00,22.8,100,0.0,0,0,0,0
1991-07-26 04:00:00,22.2,100,0.0,0,0,0,0
1991-07-26 05:00:00,23.3,100,0.0,0,0,0,0
1991-07-26 06:00:00,23.3,100,0.0,0,21,11,20
1991-07-26 07:00:00,24.4,97,0.0,0,53,0,53
1991-07-26 08:00:00,25.6,93,0.0,0,206,72,174
1991-07-26 09:00:00,26.1,88,1.5,130,167,0,167
1991-07-26 10:00:00,27.8,82,0.0,0,544,63,496
1991-07-26 11:00:00,28.9,74,1.0,140,651,116,550
1991-07-26 12:00:00,31.1,59,2.6,230,610,196,428
1991-07-26 13:00:00,31.7,61,3.1,200,180,26,155
1991-07-26 14:00:00,32.2,58,1.5,220,482,105,387
1991-07-26 15:00:00,32.8,54,3.6,240,389,113,296
1991-07-26 16:00:00,26.1,77,7.2,350,317,76,264
1991-07-26 17:00:00,23.9,90,3.1,40,264,88,217
1991-07-26 18:00:00,23.3,94,2.6,40,79,0,79
1991-07-26 19:00:00,22.8,96,3.1,350,30,0,30
1991-07-26 20:00:00,22.2,97,2.1,360,1,0,1
1991-07-26 21:00:00,21.7,100,1.0,20,0,0,0
1991-07-26 22:00:00,21.7,100,1.5,20,0,0,0
1991-07-26 23:00:00,21.7,96,2.1,360,0,0,0
1991-07-27 00:00:00,21.1,97,1.5,350,0,0,0
1991-07-27 01:00:00,21.1,97,1.5,20,0,0,0
1991-07-27 02:00:00,21.1,97,1.0,10,0,0,0
1991-07-27 03:00:00,21.1,93,2.1,350,0,0,0
1991-07-27 04:00:00,20.6,96,2.1,10,0,0,0
1991-07-27 05:00:00,20.0,96,3.1,10,0,0,0
1991-07-27 06:00:00,19.4,100,4.1,10,30,3,30
1991-07-27 07:00:00,19.4,97,4.1,30,117,73,98
1991-07-27 08:00:00,19.4,97,2.6,30,308,241,200
1991-07-27 09:00:00,19.4,97,2.6,10,426,301,240
1991-07-27 10:00:00,19.4,100,3.6,30,637,416,321
1991-07-27 11:00:00,18.9,93,4.1,60,742,438,363
1991-07-27 12:00:00,18.9,90,1.5,40,815,500,351
1991-07-27 13:00:00,19.4,87,2.6,50,785,428,383
1991-07-27 14:00:00,20.6,84,1.5,60,788,407,421
1991-07-27 15:00:00,21.7,76,2.6,50,734,495,330
1991-07-27 16:00:00,23.3,66,2.6,50,569,437,269
1991-07-27 17:00:00,22.8,66,2.6,70,428,488,170
1991-07-27 18:00:00,21.1,76,2.1,120,171,129,126
1991-07-27 19:00:00,20.0,84,0.5,130,65,30,61
1991-07-27 20:00:00,18.3,93,0.0,0,2,0,2
1991-07-27 21:00:00,17.8,96,0.0,0,0,0,0
1991-07-27 22:00:00,17.2,100,0.0,0,0,0,0
1991-07-27 23:00:00,16.7,100,0.0,0,0,0,0
1991-07-28 00:00:00,17.2,100,0.0,0,0,0,0
1991-07-28 01:00:00,17.2,97,0.5,350,0,0,0
1991-07-28 02:00:00,17.2,93,0.0,0,0,0,0
1991-07-28 03:00:00,17.2,93,0.0,0,0,0,0
1991-07-28 04:00:00,16.1,97,0.0,0,0,0,0
1991-07-28 05:00:00,17.8,90,0.0,0,0,0,0
1991-07-28 06:00:00,17.8,90,0.0,0,27,80,21
1991-07-28 07:00:00,20.0,81,1.5,20,134,134,99
1991-07-28 08:00:00,21.7,73,2.6,40,366,585,106
1991-07-28 09:00:00,23.9,66,2.1,50,526,585,166
1991-07-28 10:00:00,25.6,56,3.1,70,632,593,181
1991-07-28 11:00:00,26.7,51,3.6,90,563,178,409
1991-07-28 12:00:00,26.7,51,3.1,80,576,314,285
1991-07-28 13:00:00,26.7,47,3.1,70,384,88,301
1991-07-28 14:00:00,27.8,47,2.6,120,406,109,308
1991-07-28 15:00:00,27.8,44,3.6,80,459,177,315
1991-07-28 16:00:00,27.2,47,2.6,80,408,106,335
1991-07-28 17:00:00,27.2,47,2.1,100,292,137,220
1991-07-28 18:00:00,25.6,50,1.0,100,153,144,103
1991-07-28 19:00:00,23.9,60,0.5,110,41,20,38
1991-07-28 20:00:00,22.2,71,1.0,120,2,1,2
1991-07-28 21:00:00,21.7,70,1.0,120,0,0,0
1991-07-28 22:00:00,21.1,78,0.0,0,0,0,0
1991-07-28 23:00:00,21.1,76,0.0,0,0,0,0
1991-07-29 00:00:00,19.4,87,0.0,0,0,0,0
1991-07-29 01:00:00,20.6,84,1.0,100,0,0,0
1991-07-29 02:00:00,20.6,87,0.0,0,0,0,0
1991-07-29 03:00:00,20.6,93,0.5,40,0,0,0
1991-07-29 04:00:00,20.6,93,0.5,70,0,0,0
1991-07-29 05:00:00,20.6,93,0.0,0,0,0,0
1991-07-29 06:00:00,20.6,96,3.1,340,21,2,21
1991-07-29 07:00:00,20.6,96,3.1,360,120,46,108
1991-07-29 08:00:00,20.6,93,3.6,30,273,97,230
1991-07-29 09:00:00,21.1,97,2.6,30,272,72,227
1991-07-29 10:00:00,18.9,84,2.1,40,438,96,365
1991-07-29 11:00:00,18.9,90,2.1,40,232,74,168
1991-07-29 12:00:00,20.6,81,3.6,40,373,86,293
1991-07-29 13:00:00,21.1,78,2.6,360,680,316,384
1991-07-29 14:00:00,20.0,87,3.1,10,506,59,453
1991-07-29 15:00:00,20.6,84,2.1,30,435,86,365
1991-07-29 16:00:00,20.6,84,1.5,40,408,187,279
1991-07-29 17:00:00,21.1,81,1.0,110,313,120,250
1991-07-29 18:00:00,21.7,79,0.5,50,109,28,99
1991-07-29 19:00:00,21.1,81,0.0,0,51,20,48
1991-07-29 20:00:00,20.6,84,0.0,0,1,0,1
1991-07-29 21:00:00,20.6,87,0.0,0,0,0,0
1991-07-29 22:00:00,20.0,90,0.5,40,0,0,0
1991-07-29 23:00:00,20.0,87,0.5,50,0,0,0
1991-07-30 00:00:00,20.0,84,0.0,0,0,0,0
1991-07-30 01:00:00,19.4,87,0.0,0,0,0,0
1991-07-30 02:00:00,18.9,93,0.0,0,0,0,0
1991-07-30 03:00:00,18.9,93,0.0,0,0,0,0
1991-07-30 04:00:00,18.9,90,0.0,0,0,0,0
1991-07-30 05:00:00,19.4,87,0.0,0,0,0,0
1991-07-30 06:00:00,19.4,90,0.0,0,18,11,17
1991-07-30 07:00:00,21.1,73,0.0,0,69,0,69
1991-07-30 08:00:00,21.1,73,1.0,70,234,134,175
1991-07-30 09:00:00,21.7,70,0.5,10,168,0,168
1991-07-30 10:00:00,21.7,73,0.5,50,215,0,215
1991-07-30 11:00:00,22.8,73,1.0,150,312,0,312
1991-07-30 12:00:00,23.3,71,1.0,120,336,0,336
1991-07-30 13:00:00,23.9,71,1.0,160,272,0,272
1991-07-30 14:00:00,23.9,74,1.0,170,260,0,260
1991-07-30 15:00:00,24.4,71,1.0,140,463,192,307
1991-07-30 16:00:00,23.3,79,1.5,90,191,0,191
1991-07-30 17:00:00,22.8,79,2.1,120,139,0,139
1991-07-30 18:00:00,22.8,79,2.1,120,80,0,80
1991-07-30 19:00:00,22.2,84,1.0,120,27,0,27
1991-07-30 20:00:00,22.2,87,0.5,160,1,0,1
1991-07-30 21:00:00,21.7,87,0.0,0,0,0,0
1991-07-30 22:00:00,21.1,90,0.0,0,0,0,0
1991-07-30 23:00:00,21.7,87,0.0,0,0,0,0
1991-07-31 00:00:00,21.1,93,0.0,0,0,0,0
1991-07-31 01:00:00,20.0,96,0.0,0,0,0,0
1991-07-31 02:00:00,19.4,100,0.0,0,0,0,0
1991-07-31 03:00:00,19.4,100,0.0,0,0,0,0
1991-07-31 04:00:00,19.4,100,1.0,150,0,0,0
1991-07-31 05:00:00,18.9,100,0.0,0,0,0,0
1991-07-31 06:00:00,20.0,100,0.0,0,19,0,19
1991-07-31 07:00:00,21.7,96,0.0,0,57,0,57
1991-07-31 08:00:00,22.8,90,0.0,0,99,0,99
1991-07-31 09:00:00,23.9,82,0.0,0,157,0,157
1991-07-31 10:00:00,26.1,72,0.5,310,663,616,198
1991-07-31 11:00:00,26.7,69,0.5,270,565,292,313
1991-07-31 12:00:00,26.7,64,4.1,320,438,83,361
1991-07-31 13:00:00,28.3,59,0.5,280,420,99,328
1991-07-31 14:00:00,28.3,57,0.5,240,771,515,310
1991-07-31 15:00:00,29.4,48,0.5,200,745,629,236
1991-07-31 16:00:00,29.4,48,1.5,240,607,550,233
1991-07-31 17:00:00,28.9,49,1.0,240,428,501,167
1991-07-31 18:00:00,28.3,49,2.1,220,225,238,145
1991-07-31 19:00:00,25.6,56,1.5,260,65,112,49
1991-07-31 20:00:00,21.7,76,0.0,0,1,0,1
1991-07-31 21:00:00,20.0,84,0.0,0,0,0,0
1991-07-31 22:00:00,20.2,90,0.4,0,0,0,0
1991-07-31 23:00:00,20.3,93,0.7,0,0,0,0
1991-08-01 00:00:00,20.5,87,1.1,0,0,0,0
1994-08-01 01:00:00,20.6,84,1.4,220,0,0,0
1994-08-01 02:00:00,20.8,90,1.8,210,0,0,0
1994-08-01 03:00:00,20.9,96,2.1,150,0,0,0
1994-08-01 04:00:00,21.1,93,2.5,180,0,0,0
1994-08-01 05:00:00,20.0,96,2.5,180,0,0,0
1994-08-01 06:00:00,20.5,93,2.5,150,24,103,17
1994-08-01 07:00:00,22.7,87,2.0,190,166,391,69
1994-08-01 08:00:00,24.4,79,3.0,220,164,15,157
1994-08-01 09:00:00,25.5,72,2.5,140,337,102,275
1994-08-01 10:00:00,26.6,69,2.5,220,399,28,378
1994-08-01 11:00:00,27.2,69,2.5,240,544,73,481
1994-08-01 12:00:00,27.7,61,2.5,200,335,0,335
1994-08-01 13:00:00,28.3,63,3.6,210,339,0,339
1994-08-01 14:00:00,28.8,63,3.0,190,259,0,259
1994-08-01 15:00:00,28.3,67,4.1,180,289,0,289
1994-08-01 16:00:00,28.8,63,4.6,180,449,98,382
1994-08-01 17:00:00,28.3,63,4.1,220,196,71,159
1994-08-01 18:00:00,26.6,72,2.5,180,179,107,143
1994-08-01 19:00:00,25.5,79,4.1,160,58,56,50
1994-08-01 20:00:00,23.8,88,3.6,180,1,0,1
1994-08-01 21:00:00,23.8,88,3.0,180,0,0,0
1994-08-01 22:00:00,23.3,90,2.5,160,0,0,0
1994-08-01 23:00:00,22.7,91,2.0,210,0,0,0
1994-08-02 00:00:00,22.7,94,2.0,180,0,0,0
1994-08-02 01:00:00,22.8,94,3.1,170,0,0,0
1994-08-02 02:00:00,23.3,90,3.6,210,0,0,0
1994-08-02 03:00:00,23.3,94,3.0,200,0,0,0
1994-08-02 04:00:00,22.7,97,1.5,140,0,0,0
1994-08-02 05:00:00,22.7,97,1.5,180,0,0,0
1994-08-02 06:00:00,22.7,97,1.0,120,22,5,22
1994-08-02 07:00:00,23.3,94,1.5,130,126,154,88
1994-08-02 08:00:00,26.1,82,2.1,150,265,242,160
1994-08-02 09:00:00,27.2,74,3.1,150,505,483,212
1994-08-02 10:00:00,27.2,74,3.0,100,607,439,278
1994-08-02 11:00:00,28.8,63,3.6,130,764,575,272
1994-08-02 12:00:00,29.4,61,2.5,50,828,418,443
1994-08-02 13:00:00,21.6,87,11.8,350,723,467,289
1994-08-02 14:00:00,23.3,87,2.1,70,740,520,276
1994-08-02 15:00:00,26.1,71,4.1,140,754,620,256
1994-08-02 16:00:00,26.1,69,3.6,160,601,529,244
1994-08-02 17:00:00,25.0,71,4.6,120,372,343,196
1994-08-02 18:00:00,23.3,84,2.5,120,199,234,121
1994-08-02 19:00:00,22.7,91,2.5,180,64,54,56
1994-08-02 20:00:00,22.7,94,3.6,180,1,0,1
1994-08-02 21:00:00,22.7,91,1.0,110,0,0,0
1994-08-02 22:00:00,22.7,91,1.5,40,0,0,0
1994-08-02 23:00:00,22.7,91,0.5,250,0,0,0
1994-08-03 00:00:00,22.7,87,1.5,300,0,0,0
1994-08-03 01:00:00,21.6,97,2.5,210,0,0,0
1994-08-03 02:00:00,21.6,97,2.5,200,0,0,0
1994-08-03 03:00:00,22.2,93,3.0,270,0,0,0
1994-08-03 04:00:00,22.7,91,1.5,290,0,0,0
1994-08-03 05:00:00,22.7,87,1.5,300,0,0,0
1994-08-03 06:00:00,21.6,93,1.5,240,16,0,16
1994-08-03 07:00:00,23.3,87,2.0,310,62,0,62
1994-08-03 08:00:00,23.8,85,2.5,340,233,74,201
1994-08-03 09:00:00,25.5,72,2.0,320,304,167,202
1994-08-03 10:00:00,27.2,62,3.6,290,258,0,258
1994-08-03 11:00:00,28.3,59,2.1,310,303,0,303
1994-08-03 12:00:00,28.8,55,2.5,340,329,0,329
1994-08-03 13:00:00,28.8,55,2.5,240,333,0,333
1994-08-03 14:00:00,30.0,55,3.6,280,317,0,317
1994-08-03 15:00:00,29.4,57,2.5,290,281,0,281
1994-08-03 16:00:00,29.4,61,4.6,230,226,0,226
1994-08-03 17:00:00,28.3,65,4.6,200,157,0,157
1994-08-03 18:00:00,27.7,65,3.6,190,85,0,85
1994-08-03 19:00:00,26.1,76,3.6,200,49,23,46
1994-08-03 20:00:00,23.8,88,3.0,180,0,0,0
1994-08-03 21:00:00,24.4,84,3.0,190,0,0,0
1994-08-03 22:00:00,23.3,87,3.0,160,0,0,0
1994-08-03 23:00:00,22.7,91,3.0,180,0,0,0
1994-08-04 00:00:00,22.7,91,2.0,220,0,0,0
1994-08-04 01:00:00,23.3,90,2.5,240,0,0,0
1994-08-04 02:00:00,22.2,93,3.0,150,0,0,0
1994-08-04 03:00:00,21.1,96,2.5,180,0,0,0
1994-08-04 04:00:00,21.1,96,3.0,180,0,0,0
1994-08-04 05:00:00,21.6,93,2.0,210,0,0,0
1994-08-04 06:00:00,21.6,93,2.5,240,19,3,18
1994-08-04 07:00:00,23.3,87,3.0,220,147,324,69
1994-08-04 08:00:00,25.0,79,2.0,260,340,536,110
1994-08-04 09:00:00,27.7,65,2.0,230,538,654,144
1994-08-04 10:00:00,29.4,59,2.0,180,709,722,169
1994-08-04 11:00:00,30.0,53,0.5,240,803,724,185
1994-08-04 12:00:00,30.5,50,2.5,170,857,716,202
1994-08-04 13:00:00,31.1,48,2.0,210,830,666,214
1994-08-04 14:00:00,31.6,50,6.1,180,835,711,205
1994-08-04 15:00:00,31.6,54,5.1,200,720,679,177
1994-08-04 16:00:00,31.1,55,6.6,190,571,595,171
1994-08-04 17:00:00,31.1,55,7.7,190,418,497,165
1994-08-04 18:00:00,30.0,59,6.6,190,193,313,91
1994-08-04 19:00:00,28.3,65,6.6,190,65,103,51
1994-08-04 20:00:00,27.7,65,6.1,190,0,0,0
1994-08-04 21:00:00,27.2,69,5.1,200,0,0,0
1994-08-04 22:00:00,26.6,69,6.1,200,0,0,0
1994-08-04 23:00:00,26.1,71,4.6,200,0,0,0
1994-08-05 00:00:00,25.0,79,5.6,200,0,0,0
1994-08-05 01:00:00,24.4,82,5.6,200,0,0,0
1994-08-05 02:00:00,23.8,85,5.6,200,0,0,0
1994-08-05 03:00:00,23.8,85,4.6,200,0,0,0
1994-08-05 04:00:00,23.3,87,2.0,210,0,0,0
1994-08-05 05:00:00,23.3,87,3.6,200,0,0,0
1994-08-05 06:00:00,23.3,87,4.1,200,10,0,10
1994-08-05 07:00:00,23.8,88,1.0,200,104,14,100
1994-08-05 08:00:00,25.0,81,3.0,200,218,58,193
1994-08-05 09:00:00,25.0,81,2.5,190,208,0,208
1994-08-05 10:00:00,25.0,84,4.6,180,267,0,267
1994-08-05 11:00:00,26.6,77,4.6,190,309,0,309
1994-08-05 12:00:00,22.7,85,9.2,300,267,0,267
1994-08-05 13:00:00,22.7,87,5.1,320,226,0,226
1994-08-05 14:00:00,22.2,87,6.1,330,258,0,258
1994-08-05 15:00:00,23.8,76,7.2,350,480,95,404
1994-08-05 16:00:00,23.3,76,4.6,360,188,0,188
1994-08-05 17:00:00,23.8,71,5.1,10,135,0,135
1994-08-05 18:00:00,22.7,73,4.6,10,156,47,141
1994-08-05 19:00:00,20.5,76,5.6,10,32,24,29
1994-08-05 20:00:00,19.4,76,5.1,10,0,0,0
1994-08-05 21:00:00,18.8,76,7.7,360,0,0,0
1994-08-05 22:00:00,18.3,70,7.2,10,0,0,0
1994-08-05 23:00:00,16.6,67,6.6,360,0,0,0
1994-08-06 00:00:00,16.1,69,5.1,360,0,0,0
1994-08-06 01:00:00,15.0,72,5.6,350,0,0,0
1994-08-06 02:00:00,14.4,75,5.1,350,0,0,0
1994-08-06 03:00:00,12.7,84,3.6,340,0,0,0
1994-08-06 04:00:00,12.7,80,4.1,350,0,0,0
1994-08-06 05:00:00,12.2,80,4.1,340,0,0,0
1994-08-06 06:00:00,12.7,77,4.1,350,14,4,13
1994-08-06 07:00:00,13.3,72,5.1,360,57,17,53
1994-08-06 08:00:00,15.0,64,4.1,360,226,26,215
1994-08-06 09:00:00,16.6,58,5.6,10,544,726,110
1994-08-06 10:00:00,18.3,56,4.1,30,649,691,136
1994-08-06 11:00:00,19.4,50,2.0,30,737,682,157
1994-08-06 12:00:00,21.1,47,4.6,30,841,768,142
1994-08-06 13:00:00,22.2,46,4.6,100,837,672,217
1994-08-06 14:00:00,22.8,42,2.6,40,797,645,228
1994-08-06 15:00:00,22.7,44,3.6,300,753,754,153
1994-08-06 16:00:00,23.3,41,2.6,50,557,638,131
1994-08-06 17:00:00,22.7,44,3.6,110,437,575,147
1994-08-06 18:00:00,21.6,48,3.0,90,192,283,102
1994-08-06 19:00:00,18.8,61,2.5,110,63,136,46
1994-08-06 20:00:00,15.5,81,1.0,190,0,3,0
1994-08-06 21:00:00,14.4,83,1.5,190,0,0,0
1994-08-06 22:00:00,13.3,87,1.5,210,0,0,0
1994-08-06 23:00:00,13.3,87,1.0,140,0,0,0
1994-08-07 00:00:00,13.3,83,1.0,150,0,0,0
1994-08-07 01:00:00,12.2,89,1.5,220,0,0,0
1994-08-07 02:00:00,12.2,89,1.0,170,0,0,0
1994-08-07 03:00:00,12.7,90,1.0,140,0,0,0
1994-08-07 04:00:00,12.2,86,2.0,360,0,0,0
1994-08-07 05:00:00,11.1,89,1.5,340,0,0,0
1994-08-07 06:00:00,12.7,86,2.0,350,17,42,14
1994-08-07 07:00:00,16.6,78,1.0,30,126,178,85
1994-08-07 08:00:00,19.4,70,1.5,30,324,527,100
1994-08-07 09:00:00,21.1,59,1.5,40,409,314,221
1994-08-07 10:00:00,21.6,55,3.6,150,669,703,148
1994-08-07 11:00:00,22.2,55,3.6,110,706,557,233
1994-08-07 12:00:00,23.3,50,3.0,80,910,803,179
1994-08-07 13:00:00,23.8,50,3.6,160,900,813,151
1994-08-07 14:00:00,23.8,48,2.5,190,905,823,180
1994-08-07 15:00:00,23.8,45,2.5,150,681,623,187
1994-08-07 16:00:00,23.8,46,3.6,100,614,690,156
1994-08-07 17:00:00,23.8,48,3.0,120,422,528,158
1994-08-07 18:00:00,22.7,51,3.6,120,80,35,68
1994-08-07 19:00:00,21.1,59,2.0,120,58,30,54
1994-08-07 20:00:00,17.2,84,2.0,110,0,0,0
1994-08-07 21:00:00,16.6,87,1.0,150,0,0,0
1994-08-07 22:00:00,16.1,86,1.0,210,0,0,0
1994-08-07 23:00:00,15.5,87,1.5,210,0,0,0
1994-08-08 00:00:00,15.0,90,1.5,180,0,0,0
1994-08-08 01:00:00,15.0,90,1.5,180,0,0,0
1994-08-08 02:00:00,15.5,90,1.0,200,0,0,0
1994-08-08 03:00:00,13.8,97,1.0,200,0,0,0
1994-08-08 04:00:00,13.8,93,1.0,170,0,0,0
1994-08-08 05:00:00,14.4,93,0.5,130,0,0,0
1994-08-08 06:00:00,14.4,87,0.5,160,19,67,15
1994-08-08 07:00:00,18.3,84,1.0,260,154,422,57
1994-08-08 08:00:00,21.1,75,4.1,280,350,614,92
1994-08-08 09:00:00,22.7,62,2.5,260,549,731,115
1994-08-08 10:00:00,22.7,55,3.0,170,720,782,141
1994-08-08 11:00:00,24.4,54,4.1,120,821,796,148
1994-08-08 12:00:00,25.0,52,3.6,100,913,826,163
1994-08-08 13:00:00,25.5,48,2.0,100,930,842,156
1994-08-08 14:00:00,25.0,46,1.0,90,884,824,160
1994-08-08 15:00:00,25.5,48,4.6,120,777,803,141
1994-08-08 16:00:00,25.5,50,3.6,120,627,751,130
1994-08-08 17:00:00,25.0,50,4.6,100,436,675,100
1994-08-08 18:00:00,23.3,51,4.1,130,235,514,73
1994-08-08 19:00:00,21.1,57,3.6,140,62,215,36
1994-08-08 20:00:00,18.3,73,2.1,180,0,2,0
1994-08-08 21:00:00,17.2,78,2.5,190,0,0,0
1994-08-08 22:00:00,16.6,78,2.5,160,0,0,0
1994-08-08 23:00:00,16.1,83,2.5,150,0,0,0
1994-08-09 00:00:00,17.2,78,2.5,160,0,0,0
1994-08-09 01:00:00,16.1,80,2.5,160,0,0,0
1994-08-09 02:00:00,16.1,80,3.0,180,0,0,0
1994-08-09 03:00:00,15.5,87,2.5,180,0,0,0
1994-08-09 04:00:00,15.5,87,2.5,210,0,0,0
1994-08-09 05:00:00,15.5,90,3.6,160,0,0,0
1994-08-09 06:00:00,16.1,86,2.5,190,16,37,13
1994-08-09 07:00:00,18.3,87,3.6,190,126,251,69
1994-08-09 08:00:00,21.1,73,5.1,220,333,496,126
1994-08-09 09:00:00,23.3,62,4.6,190,418,446,154
1994-08-09 10:00:00,23.8,58,4.1,180,680,714,153
1994-08-09 11:00:00,25.0,58,4.6,160,841,814,153
1994-08-09 12:00:00,26.6,58,3.6,190,913,832,160
1994-08-09 13:00:00,27.7,53,5.6,170,880,731,210
1994-08-09 14:00:00,28.3,55,4.1,170,723,624,175
1994-08-09 15:00:00,28.3,55,1.0,260,704,634,205
1994-08-09 16:00:00,28.3,55,2.5,210,586,664,148
1994-08-09 17:00:00,27.7,53,4.6,190,390,516,134
1994-08-09 18:00:00,26.6,60,5.6,150,226,493,73
1994-08-09 19:00:00,24.4,69,3.6,170,57,178,36
1994-08-09 20:00:00,22.2,79,3.6,160,0,1,0
1994-08-09 21:00:00,21.1,84,3.0,160,0,0,0
1994-08-09 22:00:00,21.1,78,3.6,170,0,0,0
1994-08-09 23:00:00,20.0,81,3.0,170,0,0,0
1994-08-10 00:00:00,20.0,84,3.6,180,0,0,0
1994-08-10 01:00:00,20.0,87,3.6,190,0,0,0
1994-08-10 02:00:00,19.4,90,3.6,200,0,0,0
1994-08-10 03:00:00,20.0,84,3.6,200,0,0,0
1994-08-10 04:00:00,20.0,78,4.1,200,0,0,0
1994-08-10 05:00:00,19.4,78,2.5,220,0,0,0
1994-08-10 06:00:00,18.8,84,3.0,210,14,8,13
1994-08-10 07:00:00,20.5,81,2.5,250,85,34,78
1994-08-10 08:00:00,23.3,76,5.1,10,157,67,129
1994-08-10 09:00:00,23.8,74,6.1,20,189,0,189
1994-08-10 10:00:00,25.5,69,4.6,20,558,401,262
1994-08-10 11:00:00,25.5,66,4.1,60,298,0,298
1994-08-10 12:00:00,26.1,67,3.0,360,684,175,526
1994-08-10 13:00:00,26.1,64,2.5,40,641,363,308
1994-08-10 14:00:00,27.2,58,3.6,360,504,134,386
1994-08-10 15:00:00,27.7,55,2.5,10,469,167,337
1994-08-10 16:00:00,27.7,57,3.0,360,476,262,305
1994-08-10 17:00:00,27.7,57,3.0,350,242,185,151
1994-08-10 18:00:00,27.2,56,3.6,290,99,31,89
1994-08-10 19:00:00,24.4,74,2.5,130,41,13,39
1994-08-10 20:00:00,22.7,85,1.0,80,0,0,0
1994-08-10 21:00:00,22.2,87,1.0,190,0,0,0
1994-08-10 22:00:00,22.2,87,0.0,0,0,0,0
1994-08-10 23:00:00,20.0,93,1.5,210,0,0,0
1994-08-11 00:00:00,20.0,93,1.0,50,0,0,0
1994-08-11 01:00:00,20.5,90,2.0,100,0,0,0
1994-08-11 02:00:00,21.1,81,2.5,110,0,0,0
1994-08-11 03:00:00,20.0,87,1.5,90,0,0,0
1994-08-11 04:00:00,20.5,78,2.5,80,0,0,0
1994-08-11 05:00:00,20.5,81,3.0,50,0,0,0
1994-08-11 06:00:00,20.0,87,2.5,70,11,1,11
1994-08-11 07:00:00,21.1,84,3.0,90,97,27,91
1994-08-11 08:00:00,22.7,73,4.1,90,126,0,126
1994-08-11 09:00:00,24.4,71,4.1,100,240,83,191
1994-08-11 10:00:00,25.5,72,3.6,100,259,0,259
1994-08-11 11:00:00,27.2,67,3.0,80,320,112,225
1994-08-11 12:00:00,27.2,69,2.0,110,548,48,504
1994-08-11 13:00:00,28.8,68,3.0,90,581,218,382
1994-08-11 14:00:00,28.3,67,3.6,130,315,0,315
1994-08-11 15:00:00,27.7,74,3.6,70,279,0,279
1994-08-11 16:00:00,28.3,70,4.1,90,225,0,225
1994-08-11 17:00:00,28.3,70,3.6,110,157,0,157
1994-08-11 18:00:00,26.6,77,2.5,100,82,0,82
1994-08-11 19:00:00,26.1,79,2.0,110,23,0,23
1994-08-11 20:00:00,22.7,91,6.6,330,0,0,0
1994-08-11 21:00:00,21.6,97,2.5,360,0,0,0
1994-08-11 22:00:00,21.6,93,6.1,50,0,0,0
1994-08-11 23:00:00,21.1,96,5.1,140,0,0,0
1994-08-12 00:00:00,20.5,100,2.5,140,0,0,0
1994-08-12 01:00:00,21.1,93,2.5,150,0,0,0
1994-08-12 02:00:00,21.1,93,1.0,60,0,0,0
1994-08-12 03:00:00,20.5,93,1.5,360,0,0,0
1994-08-12 04:00:00,20.0,93,2.5,350,0,0,0
1994-08-12 05:00:00,20.0,96,1.0,340,0,0,0
1994-08-12 06:00:00,21.1,93,2.0,360,11,1,11
1994-08-12 07:00:00,21.6,97,2.0,120,54,0,54
1994-08-12 08:00:00,23.8,85,1.5,30,100,39,84
1994-08-12 09:00:00,25.5,79,2.0,160,447,265,292
1994-08-12 10:00:00,26.6,74,2.5,200,490,262,298
1994-08-12 11:00:00,28.3,67,3.6,220,588,298,338
1994-08-12 12:00:00,29.4,63,1.0,340,580,229,374
1994-08-12 13:00:00,29.4,65,1.5,190,480,79,408
1994-08-12 14:00:00,30.5,70,3.0,40,554,115,454
1994-08-12 15:00:00,28.8,74,4.6,110,693,661,176
1994-08-12 16:00:00,26.6,62,6.6,180,392,221,248
1994-08-12 17:00:00,26.1,71,4.6,190,380,553,111
1994-08-12 18:00:00,26.6,67,4.1,210,199,321,102
1994-08-12 19:00:00,25.0,81,3.6,180,33,7,32
1994-08-12 20:00:00,23.8,88,3.0,160,0,0,0
1994-08-12 21:00:00,22.7,91,2.5,160,0,0,0
1994-08-12 22:00:00,22.2,93,3.6,170,0,0,0
1994-08-12 23:00:00,22.2,93,2.0,160,0,0,0
1994-08-13 00:00:00,23.3,90,4.6,190,0,0,0
1994-08-13 01:00:00,23.8,88,4.6,210,0,0,0
1994-08-13 02:00:00,24.4,84,6.1,220,0,0,0
1994-08-13 03:00:00,23.8,88,5.1,220,0,0,0
1994-08-13 04:00:00,23.8,88,4.6,220,0,0,0
1994-08-13 05:00:00,23.3,91,4.1,210,0,0,0
1994-08-13 06:00:00,23.8,88,5.1,220,11,1,11
1994-08-13 07:00:00,24.4,88,4.6,210,106,109,82
1994-08-13 08:00:00,26.1,79,6.6,200,245,272,133
1994-08-13 09:00:00,27.7,72,6.6,210,468,420,222
1994-08-13 10:00:00,28.8,70,7.2,210,638,604,197
1994-08-13 11:00:00,30.5,61,8.7,230,296,0,296
1994-08-13 12:00:00,31.6,55,8.2,220,322,0,322
1994-08-13 13:00:00,32.7,54,8.7,200,539,153,400
1994-08-13 14:00:00,32.2,56,8.7,210,622,253,403
1994-08-13 15:00:00,31.6,58,8.2,210,564,180,424
1994-08-13 16:00:00,30.0,61,6.1,200,213,0,213
1994-08-13 17:00:00,28.8,63,6.1,210,143,0,143
1994-08-13 18:00:00,28.8,63,4.1,210,87,0,87
1994-08-13 19:00:00,28.3,65,5.6,190,44,0,44
1994-08-13 20:00:00,27.2,69,6.6,190,0,0,0
1994-08-13 21:00:00,27.7,67,6.1,200,0,0,0
1994-08-13 22:00:00,26.6,72,5.6,200,0,0,0
1994-08-13 23:00:00,26.1,74,6.1,200,0,0,0
1994-08-14 00:00:00,25.5,77,5.1,210,0,0,0
1994-08-14 01:00:00,25.5,77,6.6,190,0,0,0
1994-08-14 02:00:00,25.5,72,6.6,210,0,0,0
1994-08-14 03:00:00,25.5,69,6.1,210,0,0,0
1994-08-14 04:00:00,24.4,74,7.7,200,0,0,0
1994-08-14 05:00:00,24.4,76,7.2,200,0,0,0
1994-08-14 06:00:00,24.4,74,7.7,210,12,2,12
1994-08-14 07:00:00,25.5,69,9.2,200,120,247,67
1994-08-14 08:00:00,26.6,69,7.7,220,277,362,129
1994-08-14 09:00:00,27.7,63,8.7,210,485,431,234
1994-08-14 10:00:00,29.4,61,7.7,220,673,688,173
1994-08-14 11:00:00,30.0,59,8.2,220,801,740,183
1994-08-14 12:00:00,31.6,50,9.7,240,781,556,283
1994-08-14 13:00:00,32.2,50,10.8,220,712,454,300
1994-08-14 14:00:00,32.7,49,7.7,220,722,470,316
1994-08-14 15:00:00,32.2,56,9.7,200,662,342,396
1994-08-14 16:00:00,31.6,58,9.7,200,550,444,263
1994-08-14 17:00:00,31.1,55,9.7,200,372,356,201
1994-08-14 18:00:00,28.3,67,7.7,220,158,123,122
1994-08-14 19:00:00,22.2,93,4.6,240,39,11,38
1994-08-14 20:00:00,21.6,93,5.6,210,0,0,0
1994-08-14 21:00:00,22.2,90,3.0,260,0,0,0
1994-08-14 22:00:00,22.7,91,3.0,290,0,0,0
1994-08-14 23:00:00,23.3,87,4.1,300,0,0,0
1994-08-15 00:00:00,21.6,82,4.6,340,0,0,0
1994-08-15 01:00:00,20.5,76,3.6,350,0,0,0
1994-08-15 02:00:00,20.0,73,3.6,360,0,0,0
1994-08-15 03:00:00,19.4,76,4.6,360,0,0,0
1994-08-15 04:00:00,18.3,75,3.6,360,0,0,0
1994-08-15 05:00:00,16.6,78,3.0,360,0,0,0
1994-08-15 06:00:00,16.6,78,4.1,10,9,0,9
1994-08-15 07:00:00,18.3,73,1.5,20,93,35,86
1994-08-15 08:00:00,20.0,65,3.0,360,120,37,105
1994-08-15 09:00:00,21.1,57,3.6,340,141,61,105
1994-08-15 10:00:00,22.2,51,4.1,10,425,213,270
1994-08-15 11:00:00,23.8,46,4.6,320,526,155,396
1994-08-15 12:00:00,25.5,45,3.6,320,297,171,144
1994-08-15 13:00:00,25.5,45,4.6,300,486,207,299
1994-08-15 14:00:00,25.0,43,4.1,280,556,137,438
1994-08-15 15:00:00,25.0,45,4.6,300,462,91,392
1994-08-15 16:00:00,25.0,48,4.6,320,294,147,200
1994-08-15 17:00:00,24.4,52,2.5,340,239,50,215
1994-08-15 18:00:00,22.7,59,2.5,160,137,38,126
1994-08-15 19:00:00,21.1,73,1.5,150,29,39,26
1994-08-15 20:00:00,18.8,84,1.5,180,0,0,0
1994-08-15 21:00:00,19.4,78,1.5,170,0,0,0
1994-08-15 22:00:00,19.4,81,2.5,200,0,0,0
1994-08-15 23:00:00,18.3,84,1.5,180,0,0,0
1994-08-16 00:00:00,17.7,90,1.5,280,0,0,0
1994-08-16 01:00:00,16.6,93,1.5,190,0,0,0
1994-08-16 02:00:00,17.7,87,2.0,200,0,0,0
1994-08-16 03:00:00,18.3,90,0.5,20,0,0,0
1994-08-16 04:00:00,18.3,87,1.0,140,0,0,0
1994-08-16 05:00:00,16.6,90,2.0,150,0,0,0
1994-08-16 06:00:00,17.7,84,2.0,160,6,0,6
1994-08-16 07:00:00,18.3,81,2.5,100,50,0,50
1994-08-16 08:00:00,20.5,78,3.0,120,121,0,121
1994-08-16 09:00:00,22.2,73,2.0,130,339,85,290
1994-08-16 10:00:00,23.3,62,5.1,170,203,0,203
1994-08-16 11:00:00,23.8,69,5.6,150,239,0,239
1994-08-16 12:00:00,22.2,76,5.6,190,259,0,259
1994-08-16 13:00:00,19.4,90,5.1,190,262,0,262
1994-08-16 14:00:00,19.4,87,4.1,170,248,0,248
1994-08-16 15:00:00,18.8,93,3.6,160,219,0,219
1994-08-16 16:00:00,18.8,90,2.5,150,175,0,175
1994-08-16 17:00:00,18.3,96,2.0,120,119,0,119
1994-08-16 18:00:00,18.8,97,2.0,90,60,0,60
1994-08-16 19:00:00,18.8,97,1.5,70,13,0,13
1994-08-16 20:00:00,19.4,93,1.0,50,0,0,0
1994-08-16 21:00:00,18.8,97,1.5,80,0,0,0
1994-08-16 22:00:00,19.4,93,1.5,20,0,0,0
1994-08-16 23:00:00,19.4,93,2.5,40,0,0,0
1994-08-17 00:00:00,19.4,96,2.0,40,0,0,0
1994-08-17 01:00:00,19.4,96,2.0,70,0,0,0
1994-08-17 02:00:00,20.0,96,2.5,50,0,0,0
1994-08-17 03:00:00,20.0,96,3.0,60,0,0,0
1994-08-17 04:00:00,20.5,93,3.0,60,0,0,0
1994-08-17 05:00:00,20.5,93,4.1,70,0,0,0
1994-08-17 06:00:00,20.5,97,4.1,80,4,0,4
1994-08-17 07:00:00,20.5,97,4.1,90,33,0,33
1994-08-17 08:00:00,21.1,100,3.0,100,62,0,62
1994-08-17 09:00:00,21.6,97,2.0,80,102,0,102
1994-08-17 10:00:00,22.2,93,4.1,110,197,0,197
1994-08-17 11:00:00,22.2,93,5.1,130,234,0,234
1994-08-17 12:00:00,24.4,88,5.6,120,672,414,304
1994-08-17 13:00:00,26.1,85,7.2,130,466,158,323
1994-08-17 14:00:00,27.7,74,8.7,130,531,269,300
1994-08-17 15:00:00,26.1,76,8.2,140,473,166,345
1994-08-17 16:00:00,25.0,81,6.6,140,463,229,317
1994-08-17 17:00:00,25.0,81,6.1,130,271,163,194
1994-08-17 18:00:00,24.4,88,7.2,140,95,57,79
1994-08-17 19:00:00,23.8,91,5.6,130,21,0,21
1994-08-17 20:00:00,24.4,88,6.6,140,0,0,0
1994-08-17 21:00:00,24.4,88,5.6,150,0,0,0
1994-08-17 22:00:00,23.8,88,7.2,160,0,0,0
1994-08-17 23:00:00,24.4,88,6.6,170,0,0,0
1994-08-18 00:00:00,23.8,88,8.7,190,0,0,0
1994-08-18 01:00:00,22.7,91,5.6,190,0,0,0
1994-08-18 02:00:00,22.7,91,6.6,200,0,0,0
1994-08-18 03:00:00,22.2,93,6.1,200,0,0,0
1994-08-18 04:00:00,22.2,90,5.6,190,0,0,0
1994-08-18 05:00:00,22.2,87,6.1,210,0,0,0
1994-08-18 06:00:00,21.6,91,5.1,220,8,4,8
1994-08-18 07:00:00,22.2,90,4.1,220,73,51,62
1994-08-18 08:00:00,22.7,87,6.6,230,205,123,156
1994-08-18 09:00:00,23.3,79,5.7,250,413,347,214
1994-08-18 10:00:00,23.8,67,6.6,280,457,349,206
1994-08-18 11:00:00,23.8,69,5.6,280,601,165,464
1994-08-18 12:00:00,24.4,64,5.1,280,612,273,369
1994-08-18 13:00:00,23.8,69,4.6,280,816,400,457
1994-08-18 14:00:00,23.8,69,6.1,310,707,362,397
1994-08-18 15:00:00,23.8,69,3.6,280,624,286,405
1994-08-18 16:00:00,23.8,71,3.0,290,307,127,226
1994-08-18 17:00:00,25.0,66,4.1,290,314,183,228
1994-08-18 18:00:00,24.4,69,3.6,310,139,149,98
1994-08-18 19:00:00,22.2,81,1.5,260,36,60,31
1994-08-18 20:00:00,22.7,76,2.5,280,0,0,0
1994-08-18 21:00:00,19.4,93,1.5,160,0,0,0
1994-08-18 22:00:00,18.8,97,1.0,190,0,0,0
1994-08-18 23:00:00,18.8,97,2.0,200,0,0,0
1994-08-19 00:00:00,19.4,93,1.5,200,0,0,0
1994-08-19 01:00:00,18.8,97,0.5,190,0,0,0
1994-08-19 02:00:00,18.8,93,1.5,170,0,0,0
1994-08-19 03:00:00,17.2,96,1.0,200,0,0,0
1994-08-19 04:00:00,17.7,97,1.0,220,0,0,0
1994-08-19 05:00:00,18.3,96,0.5,280,0,0,0
1994-08-19 06:00:00,19.4,93,1.0,290,8,0,8
1994-08-19 07:00:00,20.0,96,1.0,290,70,0,70
1994-08-19 08:00:00,21.6,91,1.5,240,184,103,143
1994-08-19 09:00:00,23.3,79,1.5,220,290,164,196
1994-08-19 10:00:00,26.1,62,1.0,220,366,166,247
1994-08-19 11:00:00,25.5,60,1.0,280,556,234,363
1994-08-19 12:00:00,26.1,62,2.0,70,724,384,384
1994-08-19 13:00:00,27.2,58,2.5,230,464,168,313
1994-08-19 14:00:00,27.7,58,3.6,240,310,0,310
1994-08-19 15:00:00,27.2,62,5.1,150,269,0,269
1994-08-19 16:00:00,27.2,58,3.6,200,210,0,210
1994-08-19 17:00:00,26.1,64,3.0,180,158,0,158
1994-08-19 18:00:00,25.0,76,4.6,140,94,0,94
1994-08-19 19:00:00,23.3,84,3.6,140,26,1,26
1994-08-19 20:00:00,22.2,90,3.0,160,0,0,0
1994-08-19 21:00:00,21.1,93,3.0,170,0,0,0
1994-08-19 22:00:00,21.1,93,2.5,170,0,0,0
1994-08-19 23:00:00,20.5,97,3.6,160,0,0,0
1994-08-20 00:00:00,20.5,97,2.5,160,0,0,0
1994-08-20 01:00:00,20.5,100,3.0,170,0,0,0
1994-08-20 02:00:00,21.1,100,3.6,180,0,0,0
1994-08-20 03:00:00,21.1,100,4.1,190,0,0,0
1994-08-20 04:00:00,20.0,96,3.0,170,0,0,0
1994-08-20 05:00:00,19.4,100,2.0,180,0,0,0
1994-08-20 06:00:00,19.4,96,3.0,160,9,37,7
1994-08-20 07:00:00,21.1,93,3.0,180,126,383,49
1994-08-20 08:00:00,22.7,85,4.1,170,320,617,78
1994-08-20 09:00:00,24.4,76,3.0,180,467,551,154
1994-08-20 10:00:00,26.1,67,3.6,200,567,538,183
1994-08-20 11:00:00,27.7,61,5.1,180,751,672,199
1994-08-20 12:00:00,28.8,57,7.2,170,891,802,183
1994-08-20 13:00:00,29.4,55,6.1,170,689,546,202
1994-08-20 14:00:00,30.0,53,6.1,180,787,700,193
1994-08-20 15:00:00,29.4,53,4.6,160,707,740,146
1994-08-20 16:00:00,29.4,55,4.6,180,575,607,196
1994-08-20 17:00:00,28.3,63,6.1,160,359,535,114
1994-08-20 18:00:00,26.6,72,6.1,150,169,216,111
1994-08-20 19:00:00,24.4,82,4.1,160,24,13,23
1994-08-20 20:00:00,23.3,84,3.0,170,0,0,0
1994-08-20 21:00:00,23.8,82,3.6,170,0,0,0
1994-08-20 22:00:00,22.7,87,3.6,160,0,0,0
1994-08-20 23:00:00,22.7,91,4.1,170,0,0,0
1994-08-21 00:00:00,22.7,91,4.6,170,0,0,0
1994-08-21 01:00:00,22.7,91,4.6,170,0,0,0
1994-08-21 02:00:00,22.7,91,4.1,180,0,0,0
1994-08-21 03:00:00,22.7,91,5.1,180,0,0,0
1994-08-21 04:00:00,22.2,90,5.1,190,0,0,0
1994-08-21 05:00:00,21.6,91,4.1,180,0,0,0
1994-08-21 06:00:00,21.6,91,6.1,190,4,0,4
1994-08-21 07:00:00,22.2,90,6.6,190,31,0,31
1994-08-21 08:00:00,22.7,87,7.7,190,78,0,78
1994-08-21 09:00:00,23.3,84,6.6,210,127,0,127
1994-08-21 10:00:00,24.4,82,8.7,190,200,0,200
1994-08-21 11:00:00,26.6,72,8.2,200,236,0,236
1994-08-21 12:00:00,27.2,69,6.6,180,609,423,237
1994-08-21 13:00:00,28.3,67,7.2,200,483,267,246
1994-08-21 14:00:00,28.8,65,7.7,190,479,191,317
1994-08-21 15:00:00,28.3,70,7.2,190,420,157,302
1994-08-21 16:00:00,27.7,69,6.1,200,212,0,212
1994-08-21 17:00:00,23.3,84,6.1,320,114,0,114
1994-08-21 18:00:00,22.2,90,3.0,290,55,0,55
1994-08-21 19:00:00,22.7,87,3.6,300,15,0,15
1994-08-21 20:00:00,22.2,87,4.1,320,0,0,0
1994-08-21 21:00:00,22.7,85,4.1,300,0,0,0
1994-08-21 22:00:00,22.7,85,3.6,280,0,0,0
1994-08-21 23:00:00,22.7,85,3.0,290,0,0,0
1994-08-22 00:00:00,22.2,81,3.6,280,0,0,0
1994-08-22 01:00:00,21.6,84,4.1,280,0,0,0
1994-08-22 02:00:00,21.1,81,5.6,300,0,0,0
1994-08-22 03:00:00,21.1,81,5.6,290,0,0,0
1994-08-22 04:00:00,20.5,81,5.1,300,0,0,0
1994-08-22 05:00:00,20.0,84,5.6,300,0,0,0
1994-08-22 06:00:00,21.1,81,5.1,310,6,2,6
1994-08-22 07:00:00,21.1,81,5.1,310,94,136,67
1994-08-22 08:00:00,22.7,79,6.1,310,243,289,131
1994-08-22 09:00:00,22.2,76,5.1,320,394,47,367
1994-08-22 10:00:00,22.7,73,6.1,330,193,0,193
1994-08-22 11:00:00,20.5,87,6.6,350,230,0,230
1994-08-22 12:00:00,21.1,90,3.0,340,641,103,550
1994-08-22 13:00:00,23.8,76,5.6,350,481,115,379
1994-08-22 14:00:00,23.8,69,7.7,340,399,115,302
1994-08-22 15:00:00,23.3,66,8.2,350,194,28,172
1994-08-22 16:00:00,23.3,64,9.2,350,247,68,205
1994-08-22 17:00:00,22.7,62,7.2,350,170,110,120
1994-08-22 18:00:00,22.7,64,5.6,350,78,17,74
1994-08-22 19:00:00,21.1,68,3.0,360,21,2,21
1994-08-22 20:00:00,19.4,76,2.5,340,0,0,0
1994-08-22 21:00:00,18.8,81,1.5,290,0,0,0
1994-08-22 22:00:00,18.3,84,3.6,350,0,0,0
1994-08-22 23:00:00,19.4,78,4.1,360,0,0,0
1994-08-23 00:00:00,18.3,70,4.1,360,0,0,0
1994-08-23 01:00:00,17.8,63,5.7,10,0,0,0
1994-08-23 02:00:00,15.5,70,4.1,350,0,0,0
1994-08-23 03:00:00,15.6,72,3.6,350,0,0,0
1994-08-23 04:00:00,14.4,75,3.0,340,0,0,0
1994-08-23 05:00:00,13.3,80,2.5,10,0,0,0
1994-08-23 06:00:00,13.3,80,2.5,360,6,15,6
1994-08-23 07:00:00,16.1,72,3.6,10,108,276,55
1994-08-23 08:00:00,17.7,63,6.1,360,310,579,87
1994-08-23 09:00:00,19.4,59,4.1,10,513,707,116
1994-08-23 10:00:00,21.1,55,4.1,330,659,737,138
1994-08-23 11:00:00,21.6,51,3.6,330,768,734,170
1994-08-23 12:00:00,23.3,48,3.0,320,812,747,158
1994-08-23 13:00:00,23.3,43,3.6,10,833,726,192
1994-08-23 14:00:00,25.0,40,3.6,330,826,800,155
1994-08-23 15:00:00,25.0,35,2.0,360,701,725,159
1994-08-23 16:00:00,25.0,43,5.1,340,475,525,153
1994-08-23 17:00:00,24.4,43,5.1,360,364,589,101
1994-08-23 18:00:00,23.3,51,3.6,300,158,346,69
1994-08-23 19:00:00,20.0,67,3.0,110,26,78,20
1994-08-23 20:00:00,16.6,84,1.0,190,0,0,0
1994-08-23 21:00:00,15.5,87,0.5,140,0,0,0
1994-08-23 22:00:00,15.0,93,1.5,190,0,0,0
1994-08-23 23:00:00,14.4,93,1.5,160,0,0,0
1994-08-24 00:00:00,13.3,93,1.5,190,0,0,0
1994-08-24 01:00:00,14.4,90,1.0,120,0,0,0
1994-08-24 02:00:00,12.7,90,1.0,260,0,0,0
1994-08-24 03:00:00,12.2,93,1.0,230,0,0,0
1994-08-24 04:00:00,11.6,97,1.0,200,0,0,0
1994-08-24 05:00:00,11.6,97,1.0,210,0,0,0
1994-08-24 06:00:00,12.2,93,1.0,190,7,32,5
1994-08-24 07:00:00,15.5,90,0.5,100,111,352,44
1994-08-24 08:00:00,20.0,70,2.5,270,287,539,81
1994-08-24 09:00:00,21.6,64,2.0,260,481,660,112
1994-08-24 10:00:00,22.7,49,2.0,130,643,744,119
1994-08-24 11:00:00,23.3,48,3.0,150,761,690,201
1994-08-24 12:00:00,24.4,46,2.0,110,812,555,328
1994-08-24 13:00:00,24.4,50,3.0,170,643,462,236
1994-08-24 14:00:00,25.5,48,3.0,120,629,501,210
1994-08-24 15:00:00,24.4,52,4.1,170,520,389,230
1994-08-24 16:00:00,25.0,50,4.6,130,522,529,199
1994-08-24 17:00:00,23.8,56,4.1,140,377,680,77
1994-08-24 18:00:00,22.2,64,4.6,120,174,457,59
1994-08-24 19:00:00,19.4,76,4.1,150,25,102,17
1994-08-24 20:00:00,17.2,84,3.0,170,0,0,0
1994-08-24 21:00:00,16.6,90,3.0,170,0,0,0
1994-08-24 22:00:00,16.6,84,3.6,160,0,0,0
1994-08-24 23:00:00,16.6,81,3.6,150,0,0,0
1994-08-25 00:00:00,15.5,87,3.6,160,0,0,0
1994-08-25 01:00:00,15.5,87,2.5,190,0,0,0
1994-08-25 02:00:00,15.5,87,2.5,190,0,0,0
1994-08-25 03:00:00,15.5,81,3.6,230,0,0,0
1994-08-25 04:00:00,15.0,86,2.5,170,0,0,0
1994-08-25 05:00:00,13.8,90,3.6,160,0,0,0
1994-08-25 06:00:00,15.0,86,3.6,180,6,19,5
1994-08-25 07:00:00,16.6,84,5.1,190,113,347,48
1994-08-25 08:00:00,18.8,73,5.1,220,307,598,80
1994-08-25 09:00:00,21.1,59,4.6,200,472,648,111
1994-08-25 10:00:00,22.7,57,6.1,200,644,684,163
1994-08-25 11:00:00,23.8,58,3.6,210,655,563,199
1994-08-25 12:00:00,25.0,56,4.6,160,880,845,146
1994-08-25 13:00:00,25.5,58,3.6,140,890,847,147
1994-08-25 14:00:00,26.6,56,4.1,180,792,736,179
1994-08-25 15:00:00,26.6,58,4.6,150,658,617,200
1994-08-25 16:00:00,26.1,62,4.1,170,534,673,127
1994-08-25 17:00:00,25.5,64,4.6,170,307,418,124
1994-08-25 18:00:00,25.0,66,5.1,170,134,96,110
1994-08-25 19:00:00,22.7,76,3.6,160,16,3,16
1994-08-25 20:00:00,21.1,84,3.0,160,0,0,0
1994-08-25 21:00:00,21.1,84,3.0,160,0,0,0
1994-08-25 22:00:00,21.1,87,3.6,190,0,0,0
1994-08-25 23:00:00,21.6,82,4.1,190,0,0,0
1994-08-26 00:00:00,21.1,84,4.1,200,0,0,0
1994-08-26 01:00:00,20.0,84,7.7,30,0,0,0
1994-08-26 02:00:00,18.3,96,3.6,190,0,0,0
1994-08-26 03:00:00,17.7,100,2.5,140,0,0,0
1994-08-26 04:00:00,18.3,96,0.5,230,0,0,0
1994-08-26 05:00:00,17.7,97,2.0,210,0,0,0
1994-08-26 06:00:00,18.3,93,2.5,230,6,17,5
1994-08-26 07:00:00,20.0,90,3.0,260,116,402,42
1994-08-26 08:00:00,21.6,84,3.6,250,311,643,68
1994-08-26 09:00:00,24.4,76,2.0,300,487,698,101
1994-08-26 10:00:00,25.5,72,3.0,340,576,627,137
1994-08-26 11:00:00,27.2,67,2.0,20,759,774,135
1994-08-26 12:00:00,27.7,63,0.5,360,834,735,198
1994-08-26 13:00:00,30.0,55,3.0,300,832,775,154
1994-08-26 14:00:00,30.5,55,2.0,30,794,743,177
1994-08-26 15:00:00,30.0,55,2.5,310,664,686,158
1994-08-26 16:00:00,30.0,53,2.5,130,523,634,142
1994-08-26 17:00:00,27.2,69,3.0,130,353,623,83
1994-08-26 18:00:00,25.0,81,2.5,140,70,70,53
1994-08-26 19:00:00,23.8,88,2.0,180,16,7,16
1994-08-26 20:00:00,23.8,76,2.5,250,0,0,0
1994-08-26 21:00:00,22.7,85,2.0,250,0,0,0
1994-08-26 22:00:00,22.7,85,3.0,220,0,0,0
1994-08-26 23:00:00,21.6,87,3.0,220,0,0,0
1994-08-27 00:00:00,22.2,84,2.5,260,0,0,0
1994-08-27 01:00:00,22.2,84,2.5,260,0,0,0
1994-08-27 02:00:00,22.7,79,3.0,270,0,0,0
1994-08-27 03:00:00,22.7,79,2.5,310,0,0,0
1994-08-27 04:00:00,22.2,81,2.5,300,0,0,0
1994-08-27 05:00:00,19.4,93,2.0,270,0,0,0
1994-08-27 06:00:00,18.8,97,2.0,250,5,1,4
1994-08-27 07:00:00,21.6,87,3.0,270,47,0,47
1994-08-27 08:00:00,24.4,76,3.0,280,105,0,105
1994-08-27 09:00:00,25.5,72,3.0,290,178,0,178
1994-08-27 10:00:00,27.2,65,5.6,300,240,0,240
1994-08-27 11:00:00,27.8,63,5.1,310,286,0,286
1994-08-27 12:00:00,29.4,51,6.1,300,310,0,310
1994-08-27 13:00:00,30.0,50,3.6,300,656,379,325
1994-08-27 14:00:00,31.1,48,5.1,320,465,320,200
1994-08-27 15:00:00,31.1,40,5.6,320,378,117,291
1994-08-27 16:00:00,30.0,40,5.6,290,392,139,309
1994-08-27 17:00:00,29.4,46,3.6,280,222,106,176
1994-08-27 18:00:00,27.7,55,3.0,280,123,128,93
1994-08-27 19:00:00,23.3,79,1.5,190,14,0,14
1994-08-27 20:00:00,22.7,79,3.6,240,0,0,0
1994-08-27 21:00:00,22.2,84,2.0,270,0,0,0
1994-08-27 22:00:00,21.6,87,3.0,230,0,0,0
1994-08-27 23:00:00,22.7,87,3.0,210,0,0,0
1994-08-28 00:00:00,22.2,87,3.0,250,0,0,0
1994-08-28 01:00:00,21.6,87,3.0,230,0,0,0
1994-08-28 02:00:00,20.5,90,3.0,220,0,0,0
1994-08-28 03:00:00,20.0,93,3.0,230,0,0,0
1994-08-28 04:00:00,20.5,87,3.6,230,0,0,0
1994-08-28 05:00:00,19.4,93,2.5,260,0,0,0
1994-08-28 06:00:00,18.3,96,3.0,180,4,7,4
1994-08-28 07:00:00,20.5,93,3.0,220,84,170,53
1994-08-28 08:00:00,23.8,76,3.0,190,268,445,102
1994-08-28 09:00:00,25.5,66,4.1,260,420,522,133
1994-08-28 10:00:00,27.7,63,1.5,200,239,0,239
1994-08-28 11:00:00,27.8,55,3.1,200,284,0,284
1994-08-28 12:00:00,29.4,49,4.6,220,596,113,498
1994-08-28 13:00:00,30.0,48,3.6,230,312,0,312
1994-08-28 14:00:00,30.5,46,5.1,200,388,93,311
1994-08-28 15:00:00,30.0,51,5.1,230,319,89,254
1994-08-28 16:00:00,28.8,59,6.6,180,256,60,220
1994-08-28 17:00:00,28.3,61,6.1,190,124,0,124
1994-08-28 18:00:00,26.6,69,5.1,190,57,0,57
1994-08-28 19:00:00,25.5,72,4.6,190,13,0,13
1994-08-28 20:00:00,25.0,76,5.1,190,0,0,0
1994-08-28 21:00:00,23.8,82,4.1,190,0,0,0
1994-08-28 22:00:00,24.4,79,6.1,190,0,0,0
1994-08-28 23:00:00,24.4,82,5.1,200,0,0,0
1994-08-29 00:00:00,24.4,82,5.1,210,0,0,0
1994-08-29 01:00:00,24.4,82,4.1,230,0,0,0
1994-08-29 02:00:00,23.8,85,3.6,210,0,0,0
1994-08-29 03:00:00,23.3,87,4.6,210,0,0,0
1994-08-29 04:00:00,22.7,85,3.6,200,0,0,0
1994-08-29 05:00:00,22.7,87,4.1,210,0,0,0
1994-08-29 06:00:00,22.2,87,4.1,190,4,3,4
1994-08-29 07:00:00,23.3,84,4.1,210,76,133,53
1994-08-29 08:00:00,24.4,76,4.6,230,176,217,95
1994-08-29 09:00:00,25.5,72,4.6,210,211,105,154
1994-08-29 10:00:00,25.5,77,3.6,220,359,237,195
1994-08-29 11:00:00,25.5,74,4.6,220,577,331,312
1994-08-29 12:00:00,24.4,79,4.1,280,590,248,376
1994-08-29 13:00:00,20.5,90,5.6,360,507,263,279
1994-08-29 14:00:00,20.0,90,6.1,350,641,450,272
1994-08-29 15:00:00,22.7,76,3.0,170,635,596,202
1994-08-29 16:00:00,24.4,66,3.6,20,488,520,181
1994-08-29 17:00:00,24.4,64,3.0,30,331,429,151
1994-08-29 18:00:00,23.3,71,1.5,10,127,252,69
1994-08-29 19:00:00,20.5,76,4.1,360,15,40,13
1994-08-29 20:00:00,18.8,79,2.5,10,0,0,0
1994-08-29 21:00:00,18.8,70,3.6,10,0,0,0
1994-08-29 22:00:00,18.3,73,2.5,10,0,0,0
1994-08-29 23:00:00,16.1,80,1.5,210,0,0,0
1994-08-30 00:00:00,15.0,90,1.0,30,0,0,0
1994-08-30 01:00:00,13.8,97,1.0,200,0,0,0
1994-08-30 02:00:00,13.8,97,1.0,190,0,0,0
1994-08-30 03:00:00,13.3,96,1.0,180,0,0,0
1994-08-30 04:00:00,13.3,96,1.0,310,0,0,0
1994-08-30 05:00:00,12.2,93,1.0,160,0,0,0
1994-08-30 06:00:00,12.7,97,1.5,180,3,1,3
1994-08-30 07:00:00,17.7,84,2.0,280,87,147,62
1994-08-30 08:00:00,20.5,65,4.1,340,266,395,121
1994-08-30 09:00:00,22.2,57,4.1,360,450,523,165
1994-08-30 10:00:00,23.3,51,4.6,40,640,650,191
1994-08-30 11:00:00,23.8,48,3.0,30,753,666,223
1994-08-30 12:00:00,25.5,47,3.0,330,792,643,242
1994-08-30 13:00:00,24.4,46,2.5,330,846,708,236
1994-08-30 14:00:00,25.5,47,2.5,340,787,676,235
1994-08-30 15:00:00,26.6,41,3.0,210,672,643,207
1994-08-30 16:00:00,26.1,38,1.0,300,500,544,181
1994-08-30 17:00:00,26.1,39,2.5,340,315,442,131
1994-08-30 18:00:00,23.3,53,2.5,90,128,216,79
1994-08-30 19:00:00,20.0,75,3.0,120,13,8,13
1994-08-30 20:00:00,18.3,81,2.5,130,0,0,0
1994-08-30 21:00:00,17.7,81,2.5,130,0,0,0
1994-08-30 22:00:00,17.2,80,1.5,150,0,0,0
1994-08-30 23:00:00,16.1,86,3.0,170,0,0,0
1994-08-31 00:00:00,16.6,84,3.0,160,0,0,0
1994-08-31 01:00:00,16.1,86,3.6,160,0,0,0
1994-08-31 02:00:00,16.6,90,3.0,170,0,0,0
1994-08-31 03:00:00,16.6,87,4.1,170,0,0,0
1994-08-31 04:00:00,17.2,84,4.1,180,0,0,0
1994-08-31 05:00:00,16.6,87,3.6,190,0,0,0
1994-08-31 06:00:00,17.2,87,4.1,200,3,1,3
1994-08-31 07:00:00,18.8,84,6.6,200,52,12,50
1994-08-31 08:00:00,20.0,78,5.6,190,130,50,111
1994-08-31 09:00:00,22.7,68,7.2,190,426,494,159
1994-08-31 10:00:00,25.0,64,8.2,210,619,621,192
1994-08-31 11:00:00,26.1,58,7.2,190,684,606,203
1994-08-31 12:00:00,26.6,58,7.2,210,321,81,251
1994-08-31 13:00:00,26.6,60,7.2,180,521,113,423
1994-08-31 14:00:00,26.6,62,7.2,190,439,105,354
1994-08-31 15:00:00,28.3,59,7.7,210,335,46,302
1994-08-31 16:00:00,28.3,63,6.6,200,226,6,223
1994-08-31 17:00:00,27.2,69,4.1,200,261,24,251
1994-08-31 18:00:00,26.6,72,3.6,190,89,12,87
1994-08-31 19:00:00,24.4,82,4.6,170,10,1,10
1994-08-31 20:00:00,23.8,85,2.5,170,0,0,0
1994-08-31 21:00:00,23.8,85,3.6,190,0,0,0
1994-08-31 22:00:00,23.4,84,3.2,210,0,0,0
1994-08-31 23:00:00,23.0,88,2.7,210,0,0,0
1994-09-01 00:00:00,22.6,88,2.3,260,0,0,0
1997-09-01 01:00:00,22.2,88,1.8,160,0,0,0
1997-09-01 02:00:00,21.8,88,1.4,190,0,0,0
1997-09-01 03:00:00,21.4,83,0.9,190,0,0,0
1997-09-01 04:00:00,21.0,86,0.5,180,0,0,0
1997-09-01 05:00:00,21.0,88,1.5,160,0,0,0
1997-09-01 06:00:00,20.0,94,1.5,150,2,0,2
1997-09-01 07:00:00,22.0,88,1.5,150,43,0,43
1997-09-01 08:00:00,23.0,83,2.1,170,178,47,161
1997-09-01 09:00:00,24.0,74,1.5,60,262,118,198
1997-09-01 10:00:00,26.0,65,1.5,130,250,0,250
1997-09-01 11:00:00,28.0,58,1.5,50,433,152,312
1997-09-01 12:00:00,28.0,62,1.5,40,566,223,376
1997-09-01 13:00:00,29.0,55,2.1,80,816,676,239
1997-09-01 14:00:00,30.0,55,2.6,110,530,300,287
1997-09-01 15:00:00,29.0,58,3.1,150,458,408,167
1997-09-01 16:00:00,30.0,59,3.6,180,367,250,222
1997-09-01 17:00:00,29.0,66,3.6,130,250,311,123
1997-09-01 18:00:00,27.0,79,3.6,140,128,315,60
1997-09-01 19:00:00,25.0,83,2.1,190,14,106,8
1997-09-01 20:00:00,23.4,87,2.6,180,0,0,0
1997-09-01 21:00:00,22.0,88,3.1,170,0,0,0
1997-09-01 22:00:00,22.0,88,2.6,180,0,0,0
1997-09-01 23:00:00,21.0,94,2.1,180,0,0,0
1997-09-02 00:00:00,21.0,94,2.1,180,0,0,0
1997-09-02 01:00:00,21.0,94,2.6,170,0,0,0
1997-09-02 02:00:00,21.0,100,1.0,190,0,0,0
1997-09-02 03:00:00,20.0,100,1.5,180,0,0,0
1997-09-02 04:00:00,19.0,100,2.1,180,0,0,0
1997-09-02 05:00:00,20.0,100,2.1,170,0,0,0
1997-09-02 06:00:00,20.0,100,2.1,160,3,14,3
1997-09-02 07:00:00,22.0,100,1.5,230,90,233,51
1997-09-02 08:00:00,24.0,89,2.1,240,250,444,91
1997-09-02 09:00:00,25.0,78,4.1,200,497,781,80
1997-09-02 10:00:00,28.0,62,2.6,210,668,842,95
1997-09-02 11:00:00,30.0,59,4.1,210,746,647,237
1997-09-02 12:00:00,30.0,52,3.1,210,785,777,129
1997-09-02 13:00:00,32.0,46,3.1,200,878,777,217
1997-09-02 14:00:00,32.0,46,4.1,200,701,587,228
1997-09-02 15:00:00,32.0,49,4.1,210,570,457,246
1997-09-02 16:00:00,28.0,66,2.6,190,201,0,201
1997-09-02 17:00:00,24.0,89,5.1,310,129,0,129
1997-09-02 18:00:00,25.0,83,2.6,20,97,47,87
1997-09-02 19:00:00,24.0,89,2.6,90,7,0,7
1997-09-02 20:00:00,24.0,94,0.5,140,0,0,0
1997-09-02 21:00:00,23.0,94,0.5,180,0,0,0
1997-09-02 22:00:00,23.0,94,1.0,230,0,0,0
1997-09-02 23:00:00,22.0,94,1.0,200,0,0,0
1997-09-03 00:00:00,22.0,94,1.5,240,0,0,0
1997-09-03 01:00:00,22.0,88,2.1,250,0,0,0
1997-09-03 02:00:00,22.0,88,1.5,240,0,0,0
1997-09-03 03:00:00,22.0,88,2.6,250,0,0,0
1997-09-03 04:00:00,21.0,94,1.5,270,0,0,0
1997-09-03 05:00:00,21.0,94,0.5,210,0,0,0
1997-09-03 06:00:00,22.0,88,3.1,290,2,0,2
1997-09-03 07:00:00,23.0,78,5.7,330,57,0,57
1997-09-03 08:00:00,23.0,73,5.7,340,97,0,97
1997-09-03 09:00:00,22.0,73,6.2,10,143,0,143
1997-09-03 10:00:00,19.0,83,6.7,340,188,0,188
1997-09-03 11:00:00,19.0,83,6.2,360,190,0,190
1997-09-03 12:00:00,22.0,64,6.2,350,621,95,540
1997-09-03 13:00:00,24.0,57,8.2,350,691,429,328
1997-09-03 14:00:00,24.0,41,8.7,340,685,473,306
1997-09-03 15:00:00,24.0,36,8.2,350,544,387,271
1997-09-03 16:00:00,23.0,36,7.7,10,396,345,200
1997-09-03 17:00:00,23.0,36,7.7,10,268,264,164
1997-09-03 18:00:00,21.0,40,6.7,340,100,62,87
1997-09-03 19:00:00,19.0,46,6.7,350,8,0,7
1997-09-03 20:00:00,18.0,45,5.7,350,0,0,0
1997-09-03 21:00:00,15.0,59,3.6,360,0,0,0
1997-09-03 22:00:00,15.0,63,2.1,350,0,0,0
1997-09-03 23:00:00,15.0,59,5.7,360,0,0,0
1997-09-04 00:00:00,14.0,63,4.1,360,0,0,0
1997-09-04 01:00:00,14.0,59,5.7,340,0,0,0
1997-09-04 02:00:00,12.0,62,4.1,340,0,0,0
1997-09-04 03:00:00,12.0,62,4.6,350,0,0,0
1997-09-04 04:00:00,11.0,62,4.6,340,0,0,0
1997-09-04 05:00:00,11.0,62,5.1,340,0,0,0
1997-09-04 06:00:00,11.0,58,6.7,340,2,1,2
1997-09-04 07:00:00,12.0,54,6.7,350,82,160,57
1997-09-04 08:00:00,14.0,48,6.9,350,261,431,108
1997-09-04 09:00:00,15.6,43,7.0,350,455,574,151
1997-09-04 10:00:00,17.0,39,7.2,350,635,673,181
1997-09-04 11:00:00,18.0,32,7.2,350,766,713,209
1997-09-04 12:00:00,20.0,28,7.2,350,841,750,212
1997-09-04 13:00:00,21.0,28,7.7,340,621,450,241
1997-09-04 14:00:00,21.0,26,7.2,350,791,736,205
1997-09-04 15:00:00,21.0,26,9.3,350,671,681,193
1997-09-04 16:00:00,21.0,26,7.7,350,502,614,157
1997-09-04 17:00:00,20.0,28,5.7,330,301,465,119
1997-09-04 18:00:00,20.0,35,4.6,350,113,233,66
1997-09-04 19:00:00,16.0,45,3.6,340,8,6,7
1997-09-04 20:00:00,16.0,45,3.1,350,0,0,0
1997-09-04 21:00:00,12.0,58,2.1,340,0,0,0
1997-09-04 22:00:00,10.0,71,3.1,340,0,0,0
1997-09-04 23:00:00,11.0,71,0.0,0,0,0,0
1997-09-05 00:00:00,9.0,81,0.5,360,0,0,0
1997-09-05 01:00:00,10.0,76,0.0,0,0,0,0
1997-09-05 02:00:00,9.0,81,1.0,340,0,0,0
1997-09-05 03:00:00,8.0,87,1.5,330,0,0,0
1997-09-05 04:00:00,8.0,81,0.5,250,0,0,0
1997-09-05 05:00:00,11.0,76,1.0,280,0,0,0
1997-09-05 06:00:00,11.0,71,1.5,310,1,4,1
1997-09-05 07:00:00,14.0,59,3.6,310,72,173,45
1997-09-05 08:00:00,17.0,48,4.6,310,258,399,118
1997-09-05 09:00:00,19.0,40,5.7,320,472,656,126
1997-09-05 10:00:00,20.0,40,5.1,320,548,442,250
1997-09-05 11:00:00,21.0,35,4.6,280,700,702,153
1997-09-05 12:00:00,22.0,31,3.1,320,804,682,234
1997-09-05 13:00:00,23.0,27,3.6,340,773,690,193
1997-09-05 14:00:00,24.0,17,5.1,310,750,673,216
1997-09-05 15:00:00,25.0,28,3.1,310,637,688,158
1997-09-05 16:00:00,25.0,26,4.6,300,497,672,122
1997-09-05 17:00:00,25.0,28,3.1,270,240,324,115
1997-09-05 18:00:00,22.0,35,2.6,240,104,180,69
1997-09-05 19:00:00,18.0,49,1.5,220,6,16,6
1997-09-05 20:00:00,16.0,59,2.6,190,0,0,0
1997-09-05 21:00:00,17.0,52,2.6,190,0,0,0
1997-09-05 22:00:00,15.0,67,3.1,220,0,0,0
1997-09-05 23:00:00,14.0,72,2.1,220,0,0,0
1997-09-06 00:00:00,15.0,72,1.5,210,0,0,0
1997-09-06 01:00:00,14.0,77,2.6,230,0,0,0
1997-09-06 02:00:00,13.0,82,2.6,190,0,0,0
1997-09-06 03:00:00,12.0,82,2.6,200,0,0,0
1997-09-06 04:00:00,12.0,82,1.5,220,0,0,0
1997-09-06 05:00:00,12.0,88,2.6,190,0,0,0
1997-09-06 06:00:00,12.0,82,1.5,170,1,4,1
1997-09-06 07:00:00,16.0,72,2.6,250,46,19,43
1997-09-06 08:00:00,18.0,64,3.6,240,167,104,131
1997-09-06 09:00:00,20.0,56,3.6,250,330,161,245
1997-09-06 10:00:00,20.0,56,3.1,250,236,0,236
1997-09-06 11:00:00,21.0,56,0.5,250,281,0,281
1997-09-06 12:00:00,22.0,60,1.5,250,663,323,394
1997-09-06 13:00:00,23.0,50,1.5,290,481,169,340
1997-09-06 14:00:00,25.0,41,2.6,300,582,239,393
1997-09-06 15:00:00,24.0,41,2.1,290,555,193,421
1997-09-06 16:00:00,25.0,44,1.0,290,436,455,184
1997-09-06 17:00:00,24.0,54,0.5,290,251,380,106
1997-09-06 18:00:00,22.0,64,0.5,270,56,45,47
1997-09-06 19:00:00,20.0,68,0.5,240,5,11,5
1997-09-06 20:00:00,19.0,73,0.5,140,0,0,0
1997-09-06 21:00:00,19.0,73,0.5,190,0,0,0
1997-09-06 22:00:00,18.0,77,1.0,230,0,0,0
1997-09-06 23:00:00,19.0,78,1.5,220,0,0,0
1997-09-07 00:00:00,18.0,77,1.5,290,0,0,0
1997-09-07 01:00:00,17.0,77,1.0,280,0,0,0
1997-09-07 02:00:00,14.0,94,0.5,270,0,0,0
1997-09-07 03:00:00,14.0,94,2.6,190,0,0,0
1997-09-07 04:00:00,15.0,94,1.5,210,0,0,0
1997-09-07 05:00:00,15.0,94,1.0,220,0,0,0
1997-09-07 06:00:00,14.0,94,1.0,230,1,0,1
1997-09-07 07:00:00,17.0,94,1.5,230,66,59,57
1997-09-07 08:00:00,21.0,64,2.6,240,149,131,104
1997-09-07 09:00:00,24.0,44,3.6,240,349,364,159
1997-09-07 10:00:00,26.0,42,2.6,250,615,587,224
1997-09-07 11:00:00,28.0,40,3.1,270,708,608,238
1997-09-07 12:00:00,28.0,37,3.6,280,755,510,332
1997-09-07 13:00:00,29.0,37,0.5,200,770,639,238
1997-09-07 14:00:00,30.0,33,3.1,260,659,533,241
1997-09-07 15:00:00,30.0,38,3.6,240,638,620,211
1997-09-07 16:00:00,30.0,38,3.1,240,440,456,190
1997-09-07 17:00:00,29.0,37,3.1,250,199,234,111
1997-09-07 18:00:00,25.0,54,1.5,230,73,68,61
1997-09-07 19:00:00,24.0,54,1.0,200,4,0,4
1997-09-07 20:00:00,24.0,61,3.6,20,0,0,0
1997-09-07 21:00:00,22.0,73,1.5,100,0,0,0
1997-09-07 22:00:00,21.0,78,0.5,150,0,0,0
1997-09-07 23:00:00,22.0,78,4.1,340,0,0,0
1997-09-08 00:00:00,21.0,83,2.1,80,0,0,0
1997-09-08 01:00:00,21.0,83,1.5,20,0,0,0
1997-09-08 02:00:00,21.0,83,2.6,20,0,0,0
1997-09-08 03:00:00,21.0,83,2.6,20,0,0,0
1997-09-08 04:00:00,20.0,88,3.6,10,0,0,0
1997-09-08 05:00:00,20.0,83,3.6,360,0,0,0
1997-09-08 06:00:00,20.0,83,4.6,20,1,1,1
1997-09-08 07:00:00,20.0,83,4.6,30,72,42,66
1997-09-08 08:00:00,21.0,78,4.6,50,275,462,117
1997-09-08 09:00:00,22.0,69,5.1,20,359,341,183
1997-09-08 10:00:00,23.0,69,4.6,30,406,351,173
1997-09-08 11:00:00,24.0,65,1.5,30,471,310,232
1997-09-08 12:00:00,24.0,65,3.1,40,436,135,324
1997-09-08 13:00:00,25.0,65,5.1,40,614,70,555
1997-09-08 14:00:00,24.0,65,3.6,60,365,65,314
1997-09-08 15:00:00,24.0,61,3.1,60,634,444,330
1997-09-08 16:00:00,24.0,65,4.6,70,402,366,203
1997-09-08 17:00:00,24.0,65,4.6,70,207,134,157
1997-09-08 18:00:00,23.0,69,2.6,40,59,18,56
1997-09-08 19:00:00,22.0,78,2.6,60,3,0,3
1997-09-08 20:00:00,22.0,78,3.1,40,0,0,0
1997-09-08 21:00:00,22.0,78,3.6,50,0,0,0
1997-09-08 22:00:00,21.0,83,2.1,90,0,0,0
1997-09-08 23:00:00,20.0,88,3.1,80,0,0,0
1997-09-09 00:00:00,19.8,91,2.6,90,0,0,0
1997-09-09 01:00:00,20.0,94,2.1,90,0,0,0
1997-09-09 02:00:00,20.0,94,3.1,70,0,0,0
1997-09-09 03:00:00,20.0,94,2.9,80,0,0,0
1997-09-09 04:00:00,20.0,94,2.6,80,0,0,0
1997-09-09 05:00:00,20.0,94,3.1,50,0,0,0
1997-09-09 06:00:00,19.0,94,3.6,70,0,0,0
1997-09-09 07:00:00,20.0,94,3.1,60,64,14,62
1997-09-09 08:00:00,20.0,94,3.6,60,169,15,164
1997-09-09 09:00:00,21.0,83,4.6,60,202,106,148
1997-09-09 10:00:00,21.0,83,5.1,70,310,15,300
1997-09-09 11:00:00,21.0,78,4.1,90,604,372,319
1997-09-09 12:00:00,21.0,78,3.6,70,513,80,447
1997-09-09 13:00:00,22.0,73,4.1,60,553,95,474
1997-09-09 14:00:00,23.0,73,3.6,70,450,191,301
1997-09-09 15:00:00,22.0,78,3.6,70,544,136,451
1997-09-09 16:00:00,22.0,73,4.1,70,267,55,238
1997-09-09 17:00:00,21.0,78,3.6,80,158,120,114
1997-09-09 18:00:00,21.0,83,4.1,80,56,21,52
1997-09-09 19:00:00,21.0,78,3.6,80,3,1,3
1997-09-09 20:00:00,20.0,83,3.6,90,0,0,0
1997-09-09 21:00:00,19.9,83,4.1,90,0,0,0
1997-09-09 22:00:00,20.0,83,3.1,90,0,0,0
1997-09-09 23:00:00,20.0,88,3.6,90,0,0,0
1997-09-10 00:00:00,20.0,88,3.6,80,0,0,0
1997-09-10 01:00:00,20.0,94,3.1,80,0,0,0
1997-09-10 02:00:00,20.0,94,2.6,80,0,0,0
1997-09-10 03:00:00,20.0,94,3.1,80,0,0,0
1997-09-10 04:00:00,20.0,94,3.6,80,0,0,0
1997-09-10 05:00:00,20.0,94,3.6,90,0,0,0
1997-09-10 06:00:00,20.0,94,3.6,100,0,0,0
1997-09-10 07:00:00,21.0,94,3.6,100,23,0,23
1997-09-10 08:00:00,21.0,94,3.6,120,50,0,50
1997-09-10 09:00:00,22.0,88,4.1,120,108,0,108
1997-09-10 10:00:00,23.0,89,3.6,130,151,0,151
1997-09-10 11:00:00,24.0,83,3.6,130,181,0,181
1997-09-10 12:00:00,25.0,78,3.1,130,197,0,197
1997-09-10 13:00:00,25.0,78,2.6,120,689,352,399
1997-09-10 14:00:00,26.0,74,4.6,110,220,0,220
1997-09-10 15:00:00,23.0,89,2.1,70,186,0,186
1997-09-10 16:00:00,23.0,94,3.1,70,137,0,137
1997-09-10 17:00:00,24.0,89,4.1,120,80,0,80
1997-09-10 18:00:00,23.0,89,3.1,120,38,0,38
1997-09-10 19:00:00,23.0,83,4.1,120,2,0,2
1997-09-10 20:00:00,22.0,83,3.1,130,0,0,0
1997-09-10 21:00:00,22.0,83,4.1,120,0,0,0
1997-09-10 22:00:00,22.0,88,3.6,130,0,0,0
1997-09-10 23:00:00,22.0,94,3.6,140,0,0,0
1997-09-11 00:00:00,19.0,94,4.1,230,0,0,0
1997-09-11 01:00:00,19.0,94,2.1,160,0,0,0
1997-09-11 02:00:00,18.0,100,2.1,160,0,0,0
1997-09-11 03:00:00,19.0,94,1.5,140,0,0,0
1997-09-11 04:00:00,19.0,94,2.1,180,0,0,0
1997-09-11 05:00:00,19.0,100,3.1,160,0,0,0
1997-09-11 06:00:00,20.0,94,1.5,210,0,0,0
1997-09-11 07:00:00,20.0,94,1.5,140,69,55,62
1997-09-11 08:00:00,20.0,94,3.1,180,184,75,159
1997-09-11 09:00:00,21.0,94,3.1,210,360,287,213
1997-09-11 10:00:00,22.0,83,3.6,220,531,152,431
1997-09-11 11:00:00,22.0,83,4.1,210,491,246,304
1997-09-11 12:00:00,23.0,83,4.6,210,583,244,385
1997-09-11 13:00:00,23.0,78,5.1,220,550,172,408
1997-09-11 14:00:00,24.0,74,5.1,210,697,632,211
1997-09-11 15:00:00,26.0,65,4.6,200,455,320,240
1997-09-11 16:00:00,25.0,69,4.1,210,377,390,171
1997-09-11 17:00:00,24.0,74,4.1,190,240,348,116
1997-09-11 18:00:00,23.0,73,2.6,230,58,100,41
1997-09-11 19:00:00,20.0,78,3.6,320,2,19,2
1997-09-11 20:00:00,19.0,83,1.0,350,0,0,0
1997-09-11 21:00:00,18.0,88,1.5,70,0,0,0
1997-09-11 22:00:00,17.0,94,0.5,320,0,0,0
1997-09-11 23:00:00,16.0,100,0.5,240,0,0,0
1997-09-12 00:00:00,17.0,88,1.5,300,0,0,0
1997-09-12 01:00:00,17.0,88,0.5,300,0,0,0
1997-09-12 02:00:00,18.0,88,0.0,0,0,0,0
1997-09-12 03:00:00,17.0,94,1.5,360,0,0,0
1997-09-12 04:00:00,15.0,100,3.1,350,0,0,0
1997-09-12 05:00:00,15.0,100,3.1,350,0,0,0
1997-09-12 06:00:00,15.0,94,1.5,330,0,3,0
1997-09-12 07:00:00,17.0,94,1.0,350,57,156,36
1997-09-12 08:00:00,20.0,83,3.1,360,221,364,100
1997-09-12 09:00:00,22.0,64,3.1,360,309,331,141
1997-09-12 10:00:00,23.0,57,2.6,350,487,309,285
1997-09-12 11:00:00,24.0,54,3.6,360,495,146,385
1997-09-12 12:00:00,26.0,51,1.5,360,587,232,398
1997-09-12 13:00:00,25.0,54,3.6,10,554,142,438
1997-09-12 14:00:00,26.0,51,2.1,20,544,449,200
1997-09-12 15:00:00,26.0,54,1.5,20,491,416,214
1997-09-12 16:00:00,25.0,54,3.1,30,287,141,213
1997-09-12 17:00:00,25.0,57,2.6,50,146,94,113
1997-09-12 18:00:00,23.0,73,1.5,40,48,44,41
1997-09-12 19:00:00,22.0,78,0.5,20,2,1,2
1997-09-12 20:00:00,21.0,78,2.1,10,0,0,0
1997-09-12 21:00:00,20.0,88,1.5,10,0,0,0
1997-09-12 22:00:00,18.0,94,1.0,360,0,0,0
1997-09-12 23:00:00,18.0,94,1.5,360,0,0,0
1997-09-13 00:00:00,17.8,91,2.1,350,0,0,0
1997-09-13 01:00:00,18.0,88,2.6,350,0,0,0
1997-09-13 02:00:00,16.0,88,4.1,350,0,0,0
1997-09-13 03:00:00,15.0,94,1.5,10,0,0,0
1997-09-13 04:00:00,15.0,88,2.6,350,0,0,0
1997-09-13 05:00:00,15.0,82,2.1,350,0,0,0
1997-09-13 06:00:00,13.0,94,0.5,350,0,2,0
1997-09-13 07:00:00,17.0,88,2.6,340,70,234,38
1997-09-13 08:00:00,20.0,68,4.6,320,247,425,108
1997-09-13 09:00:00,21.0,56,5.1,320,454,712,96
1997-09-13 10:00:00,22.0,50,5.1,330,626,787,115
1997-09-13 11:00:00,23.0,50,5.7,330,686,701,159
1997-09-13 12:00:00,24.0,47,4.6,330,602,469,223
1997-09-13 13:00:00,25.0,44,4.6,330,681,505,272
1997-09-13 14:00:00,26.0,45,5.7,300,707,684,188
1997-09-13 15:00:00,26.0,45,5.7,320,459,383,205
1997-09-13 16:00:00,25.0,47,6.2,340,436,383,237
1997-09-13 17:00:00,24.0,50,4.6,330,177,126,134
1997-09-13 18:00:00,23.0,53,3.6,360,50,14,47
1997-09-13 19:00:00,21.0,64,3.1,350,1,2,1
1997-09-13 20:00:00,19.0,73,3.1,340,0,0,0
1997-09-13 21:00:00,18.0,77,2.6,350,0,0,0
1997-09-13 22:00:00,19.0,68,3.6,320,0,0,0
1997-09-13 23:00:00,19.0,73,3.1,330,0,0,0
1997-09-14 00:00:00,17.0,77,1.5,310,0,0,0
1997-09-14 01:00:00,16.0,88,0.5,90,0,0,0
1997-09-14 02:00:00,15.4,91,0.3,50,0,0,0
1997-09-14 03:00:00,15.0,94,0.0,0,0,0,0
1997-09-14 04:00:00,13.0,100,0.0,0,0,0,0
1997-09-14 05:00:00,14.0,88,2.1,350,0,0,0
1997-09-14 06:00:00,16.0,88,1.0,310,0,2,0
1997-09-14 07:00:00,17.0,88,2.1,260,49,69,40
1997-09-14 08:00:00,20.0,73,4.1,300,178,260,94
1997-09-14 09:00:00,21.0,69,3.6,330,387,400,187
1997-09-14 10:00:00,23.0,57,3.1,330,483,465,182
1997-09-14 11:00:00,24.0,50,2.1,330,566,471,213
1997-09-14 12:00:00,24.6,50,4.1,330,725,603,240
1997-09-14 13:00:00,25.0,50,2.6,340,645,380,338
1997-09-14 14:00:00,24.0,47,3.6,340,589,272,384
1997-09-14 15:00:00,24.0,47,3.6,350,550,375,303
1997-09-14 16:00:00,25.0,47,2.1,340,435,354,253
1997-09-14 17:00:00,24.0,50,3.6,330,208,137,161
1997-09-14 18:00:00,23.0,61,1.5,310,77,88,64
1997-09-14 19:00:00,20.0,78,0.5,280,1,2,1
1997-09-14 20:00:00,18.0,88,0.5,260,0,0,0
1997-09-14 21:00:00,19.0,83,0.5,230,0,0,0
1997-09-14 22:00:00,18.0,88,0.0,0,0,0,0
1997-09-14 23:00:00,18.0,88,0.5,290,0,0,0
1997-09-15 00:00:00,18.0,88,0.5,220,0,0,0
1997-09-15 01:00:00,17.0,94,1.0,260,0,0,0
1997-09-15 02:00:00,18.0,94,0.5,240,0,0,0
1997-09-15 03:00:00,18.0,94,0.5,310,0,0,0
1997-09-15 04:00:00,19.0,88,2.6,10,0,0,0
1997-09-15 05:00:00,18.0,88,2.1,350,0,0,0
1997-09-15 06:00:00,18.0,88,0.5,260,0,0,0
1997-09-15 07:00:00,18.0,94,0.5,310,37,20,34
1997-09-15 08:00:00,21.0,64,2.1,350,112,48,96
1997-09-15 09:00:00,23.0,53,4.1,360,269,132,204
1997-09-15 10:00:00,24.7,47,2.8,350,351,72,305
1997-09-15 11:00:00,26.0,42,1.5,340,397,100,322
1997-09-15 12:00:00,25.0,41,4.1,330,376,121,279
1997-09-15 13:00:00,25.0,41,3.1,350,511,246,313
1997-09-15 14:00:00,26.0,39,3.6,360,401,99,326
1997-09-15 15:00:00,27.0,34,5.7,310,482,524,140
1997-09-15 16:00:00,26.0,39,3.6,310,361,181,268
1997-09-15 17:00:00,25.0,41,5.7,300,265,549,80
1997-09-15 18:00:00,23.0,50,3.6,320,66,83,54
1997-09-15 19:00:00,19.0,68,0.5,280,0,7,0
1997-09-15 20:00:00,18.0,77,0.5,240,0,0,0
1997-09-15 21:00:00,17.0,82,0.5,210,0,0,0
1997-09-15 22:00:00,17.0,82,0.5,200,0,0,0
1997-09-15 23:00:00,16.0,88,0.5,220,0,0,0
1997-09-16 00:00:00,16.0,88,0.5,230,0,0,0
1997-09-16 01:00:00,16.0,88,0.5,300,0,0,0
1997-09-16 02:00:00,16.0,94,0.0,0,0,0,0
1997-09-16 03:00:00,16.0,94,0.8,320,0,0,0
1997-09-16 04:00:00,16.0,94,1.5,280,0,0,0
1997-09-16 05:00:00,14.0,94,2.1,300,0,0,0
1997-09-16 06:00:00,15.3,89,2.6,310,0,0,0
1997-09-16 07:00:00,18.0,83,3.1,320,58,102,45
1997-09-16 08:00:00,21.0,73,4.1,330,213,246,134
1997-09-16 09:00:00,23.0,61,2.6,340,318,181,228
1997-09-16 10:00:00,25.0,54,3.1,330,490,439,209
1997-09-16 11:00:00,26.0,45,0.5,330,691,549,284
1997-09-16 12:00:00,27.0,42,2.1,310,520,248,323
1997-09-16 13:00:00,28.0,40,3.1,320,789,633,283
1997-09-16 14:00:00,28.0,40,2.6,330,566,404,264
1997-09-16 15:00:00,28.0,42,2.1,310,488,476,180
1997-09-16 16:00:00,28.0,42,1.5,240,297,290,151
1997-09-16 17:00:00,26.0,51,2.6,170,205,206,137
1997-09-16 18:00:00,25.0,54,1.5,180,68,57,60
1997-09-16 19:00:00,21.0,69,1.0,180,0,0,0
1997-09-16 20:00:00,20.0,78,0.5,210,0,0,0
1997-09-16 21:00:00,19.0,83,1.0,240,0,0,0
1997-09-16 22:00:00,18.0,83,0.5,300,0,0,0
1997-09-16 23:00:00,18.0,88,0.0,0,0,0,0
1997-09-17 00:00:00,17.0,88,0.5,290,0,0,0
1997-09-17 01:00:00,16.0,94,0.5,220,0,0,0
1997-09-17 02:00:00,16.6,94,0.7,240,0,0,0
1997-09-17 03:00:00,17.3,94,0.8,260,0,0,0
1997-09-17 04:00:00,18.0,94,1.0,280,0,0,0
1997-09-17 05:00:00,17.0,94,0.5,260,0,0,0
1997-09-17 06:00:00,15.0,94,0.5,230,0,0,0
1997-09-17 07:00:00,17.0,100,0.5,230,67,25,64
1997-09-17 08:00:00,21.0,78,1.5,230,144,134,102
1997-09-17 09:00:00,24.0,57,2.6,230,246,217,139
1997-09-17 10:00:00,26.0,48,3.1,230,490,434,214
1997-09-17 11:00:00,27.0,42,4.6,230,303,51,265
1997-09-17 12:00:00,28.0,37,4.6,190,456,123,358
1997-09-17 13:00:00,29.0,37,3.6,180,434,91,362
1997-09-17 14:00:00,28.0,42,4.6,190,287,153,173
1997-09-17 15:00:00,28.0,45,4.1,200,373,283,191
1997-09-17 16:00:00,28.0,48,3.6,190,278,26,265
1997-09-17 17:00:00,27.0,51,3.6,210,75,0,75
1997-09-17 18:00:00,23.0,69,3.1,170,46,15,44
1997-09-17 19:00:00,22.0,73,2.6,150,0,0,0
1997-09-17 20:00:00,21.0,83,3.1,160,0,0,0
1997-09-17 21:00:00,20.0,83,2.6,170,0,0,0
1997-09-17 22:00:00,20.0,88,2.6,170,0,0,0
1997-09-17 23:00:00,21.0,83,2.1,190,0,0,0
1997-09-18 00:00:00,21.0,83,1.0,250,0,0,0
1997-09-18 01:00:00,21.0,88,1.5,290,0,0,0
1997-09-18 02:00:00,21.0,88,2.6,250,0,0,0
1997-09-18 03:00:00,21.0,94,3.1,250,0,0,0
1997-09-18 04:00:00,21.0,94,2.1,250,0,0,0
1997-09-18 05:00:00,21.0,100,1.5,200,0,0,0
1997-09-18 06:00:00,22.0,94,4.1,330,0,0,0
1997-09-18 07:00:00,22.0,100,3.1,310,27,0,27
1997-09-18 08:00:00,22.0,88,5.1,330,174,48,159
1997-09-18 09:00:00,23.0,78,5.1,360,124,0,124
1997-09-18 10:00:00,24.0,74,4.1,30,458,339,244
1997-09-18 11:00:00,25.0,65,4.1,20,262,0,262
1997-09-18 12:00:00,25.0,65,3.1,10,285,0,285
1997-09-18 13:00:00,26.0,58,4.6,350,286,0,286
1997-09-18 14:00:00,27.0,51,4.6,350,263,0,263
1997-09-18 15:00:00,27.0,51,4.1,30,533,347,312
1997-09-18 16:00:00,27.0,45,4.6,20,373,492,130
1997-09-18 17:00:00,26.0,37,4.1,40,151,153,102
1997-09-18 18:00:00,24.0,41,2.6,20,61,139,43
1997-09-18 19:00:00,18.0,68,2.6,360,0,1,0
1997-09-18 20:00:00,17.0,72,0.5,70,0,0,0
1997-09-18 21:00:00,14.0,88,0.5,130,0,0,0
1997-09-18 22:00:00,15.0,88,0.0,0,0,0,0
1997-09-18 23:00:00,14.0,94,0.0,0,0,0,0
1997-09-19 00:00:00,13.0,94,0.0,0,0,0,0
1997-09-19 01:00:00,13.0,88,0.5,330,0,0,0
1997-09-19 02:00:00,14.0,88,0.5,300,0,0,0
1997-09-19 03:00:00,12.0,88,0.0,0,0,0,0
1997-09-19 04:00:00,12.0,94,0.0,0,0,0,0
1997-09-19 05:00:00,12.0,100,0.0,0,0,0,0
1997-09-19 06:00:00,12.0,94,0.5,360,0,3,0
1997-09-19 07:00:00,14.0,100,0.0,0,56,190,34
1997-09-19 08:00:00,20.0,73,1.5,40,234,483,84
1997-09-19 09:00:00,23.0,57,1.0,90,419,692,84
1997-09-19 10:00:00,25.0,39,2.6,130,617,832,94
1997-09-19 11:00:00,26.0,42,2.6,170,739,868,104
1997-09-19 12:00:00,27.0,39,3.1,220,803,884,110
1997-09-19 13:00:00,27.0,39,2.6,230,803,884,110
1997-09-19 14:00:00,29.0,40,3.6,210,741,867,105
1997-09-19 15:00:00,29.0,40,3.1,230,620,830,94
1997-09-19 16:00:00,28.0,42,3.6,190,451,761,78
1997-09-19 17:00:00,27.0,51,4.1,200,215,429,80
1997-09-19 18:00:00,24.0,65,2.6,190,30,10,29
1997-09-19 19:00:00,21.0,78,2.6,180,0,0,0
1997-09-19 20:00:00,20.0,88,2.6,180,0,0,0
1997-09-19 21:00:00,20.0,88,2.6,170,0,0,0
1997-09-19 22:00:00,20.0,88,2.6,190,0,0,0
1997-09-19 23:00:00,21.0,83,3.1,200,0,0,0
1997-09-20 00:00:00,20.0,94,3.1,200,0,0,0
1997-09-20 01:00:00,21.0,88,3.6,210,0,0,0
1997-09-20 02:00:00,22.0,83,4.1,210,0,0,0
1997-09-20 03:00:00,21.0,88,2.6,230,0,0,0
1997-09-20 04:00:00,19.0,94,2.1,210,0,0,0
1997-09-20 05:00:00,19.0,94,2.1,190,0,0,0
1997-09-20 06:00:00,20.0,94,3.6,220,0,0,0
1997-09-20 07:00:00,20.0,94,3.1,210,47,46,42
1997-09-20 08:00:00,22.0,88,4.1,210,149,140,106
1997-09-20 09:00:00,22.0,88,3.6,230,241,76,204
1997-09-20 10:00:00,26.0,65,5.1,220,510,206,380
1997-09-20 11:00:00,28.0,58,4.6,240,443,179,313
1997-09-20 12:00:00,27.0,62,4.6,230,528,280,310
1997-09-20 13:00:00,30.0,52,4.6,260,455,42,421
1997-09-20 14:00:00,28.0,58,4.6,260,524,250,341
1997-09-20 15:00:00,30.0,55,5.7,240,429,163,326
1997-09-20 16:00:00,29.0,58,4.6,240,119,0,119
1997-09-20 17:00:00,28.0,62,4.1,230,64,0,64
1997-09-20 18:00:00,27.0,66,2.6,270,29,0,29
1997-09-20 19:00:00,24.0,89,3.6,300,0,0,0
1997-09-20 20:00:00,20.0,64,9.8,360,0,0,0
1997-09-20 21:00:00,20.0,56,9.8,340,0,0,0
1997-09-20 22:00:00,19.0,56,8.7,360,0,0,0
1997-09-20 23:00:00,18.0,56,7.7,10,0,0,0
1997-09-21 00:00:00,17.0,59,5.1,360,0,0,0
1997-09-21 01:00:00,16.0,59,6.2,360,0,0,0
1997-09-21 02:00:00,14.0,67,4.6,10,0,0,0
1997-09-21 03:00:00,14.0,67,3.6,30,0,0,0
1997-09-21 04:00:00,12.0,76,2.6,340,0,0,0
1997-09-21 05:00:00,11.0,82,3.1,330,0,0,0
1997-09-21 06:00:00,12.0,71,4.6,350,0,0,0
1997-09-21 07:00:00,13.0,67,4.1,360,43,40,38
1997-09-21 08:00:00,15.0,55,5.7,10,185,344,80
1997-09-21 09:00:00,16.0,48,4.6,20,375,437,166
1997-09-21 10:00:00,17.0,48,5.1,340,247,16,236
1997-09-21 11:00:00,17.0,52,5.7,330,242,85,180
1997-09-21 12:00:00,18.0,42,5.7,320,612,543,190
1997-09-21 13:00:00,19.0,46,4.1,300,732,624,247
1997-09-21 14:00:00,19.0,40,4.6,330,724,736,190
1997-09-21 15:00:00,19.0,37,5.1,360,566,678,143
1997-09-21 16:00:00,19.0,37,4.6,320,410,546,148
1997-09-21 17:00:00,18.0,42,5.1,350,194,315,99
1997-09-21 18:00:00,16.0,48,5.1,360,45,114,32
1997-09-21 19:00:00,14.0,59,3.6,360,0,0,0
1997-09-21 20:00:00,12.0,67,3.6,360,0,0,0
1997-09-21 21:00:00,9.0,81,3.6,360,0,0,0
1997-09-21 22:00:00,12.0,67,3.6,30,0,0,0
1997-09-21 23:00:00,10.0,71,1.5,40,0,0,0
1997-09-22 00:00:00,8.0,87,0.0,0,0,0,0
1997-09-22 01:00:00,6.0,87,0.5,360,0,0,0
1997-09-22 02:00:00,7.0,87,1.0,320,0,0,0
1997-09-22 03:00:00,7.0,81,2.6,360,0,0,0
1997-09-22 04:00:00,6.0,87,0.0,0,0,0,0
1997-09-22 05:00:00,6.0,93,0.0,0,0,0,0
1997-09-22 06:00:00,6.0,93,0.5,30,0,0,0
1997-09-22 07:00:00,9.0,93,1.0,50,42,74,34
1997-09-22 08:00:00,14.0,67,3.6,80,188,376,76
1997-09-22 09:00:00,16.0,63,2.1,110,387,485,156
1997-09-22 10:00:00,17.0,55,2.6,130,529,483,230
1997-09-22 11:00:00,18.0,49,1.5,150,516,349,265
1997-09-22 12:00:00,19.0,46,2.6,170,617,457,264
1997-09-22 13:00:00,20.0,37,4.1,190,647,574,204
1997-09-22 14:00:00,21.0,40,3.6,160,680,495,324
1997-09-22 15:00:00,21.0,38,3.6,220,368,73,323
1997-09-22 16:00:00,22.0,35,4.6,190,148,0,148
1997-09-22 17:00:00,19.0,49,5.1,210,152,26,144
1997-09-22 18:00:00,17.0,55,3.1,180,33,6,32
1997-09-22 19:00:00,15.0,67,2.6,170,0,0,0
1997-09-22 20:00:00,16.0,72,2.1,200,0,0,0
1997-09-22 21:00:00,16.0,72,2.6,180,0,0,0
1997-09-22 22:00:00,15.0,77,3.1,160,0,0,0
1997-09-22 23:00:00,15.0,77,2.6,170,0,0,0
1997-09-23 00:00:00,14.0,88,3.1,170,0,0,0
1997-09-23 01:00:00,15.0,82,2.6,180,0,0,0
1997-09-23 02:00:00,14.0,82,3.1,190,0,0,0
1997-09-23 03:00:00,14.0,82,2.6,210,0,0,0
1997-09-23 04:00:00,14.0,88,3.1,210,0,0,0
1997-09-23 05:00:00,14.0,82,3.1,210,0,0,0
1997-09-23 06:00:00,13.0,88,3.6,220,0,0,0
1997-09-23 07:00:00,14.0,82,3.1,240,40,73,33
1997-09-23 08:00:00,17.0,72,3.1,240,119,92,92
1997-09-23 09:00:00,19.0,64,4.1,240,221,53,195
1997-09-23 10:00:00,21.0,53,3.6,290,326,166,224
1997-09-23 11:00:00,22.0,53,4.1,330,353,89,289
1997-09-23 12:00:00,25.0,41,6.2,320,221,0,221
1997-09-23 13:00:00,23.0,47,5.7,310,220,0,220
1997-09-23 14:00:00,22.0,46,5.7,320,202,0,202
1997-09-23 15:00:00,22.0,43,6.2,320,166,0,166
1997-09-23 16:00:00,21.0,46,7.7,360,116,0,116
1997-09-23 17:00:00,20.0,49,6.2,330,60,0,60
1997-09-23 18:00:00,19.0,52,5.1,340,24,0,24
1997-09-23 19:00:00,19.0,49,6.2,320,0,0,0
1997-09-23 20:00:00,18.0,56,5.7,320,0,0,0
1997-09-23 21:00:00,17.0,59,6.2,330,0,0,0
1997-09-23 22:00:00,16.0,63,5.7,330,0,0,0
1997-09-23 23:00:00,16.0,63,4.6,340,0,0,0
1997-09-24 00:00:00,15.0,67,4.1,330,0,0,0
1997-09-24 01:00:00,15.0,67,6.2,340,0,0,0
1997-09-24 02:00:00,14.0,67,2.6,330,0,0,0
1997-09-24 03:00:00,14.0,67,3.1,330,0,0,0
1997-09-24 04:00:00,14.0,67,3.6,340,0,0,0
1997-09-24 05:00:00,14.0,72,4.1,350,0,0,0
1997-09-24 06:00:00,14.0,72,5.1,10,0,0,0
1997-09-24 07:00:00,15.0,67,3.6,20,34,47,29
1997-09-24 08:00:00,16.0,63,4.1,30,74,37,63
1997-09-24 09:00:00,13.0,67,4.6,20,206,34,190
1997-09-24 10:00:00,14.0,63,5.1,20,232,85,179
1997-09-24 11:00:00,14.0,63,4.6,40,417,71,366
1997-09-24 12:00:00,16.0,55,3.6,70,383,111,298
1997-09-24 13:00:00,15.0,51,3.1,60,541,120,449
1997-09-24 14:00:00,16.0,48,3.1,60,410,109,332
1997-09-24 15:00:00,15.0,51,2.6,80,294,133,213
1997-09-24 16:00:00,15.0,51,1.5,120,186,131,125
1997-09-24 17:00:00,14.0,59,2.1,110,124,90,98
1997-09-24 18:00:00,13.0,67,2.6,120,41,39,37
1997-09-24 19:00:00,12.0,71,2.1,110,0,0,0
1997-09-24 20:00:00,10.0,87,2.1,110,0,0,0
1997-09-24 21:00:00,10.0,87,1.0,120,0,0,0
1997-09-24 22:00:00,8.0,93,0.0,0,0,0,0
1997-09-24 23:00:00,9.0,87,0.5,80,0,0,0
1997-09-25 00:00:00,8.0,87,1.5,160,0,0,0
1997-09-25 01:00:00,7.0,87,1.0,210,0,0,0
1997-09-25 02:00:00,6.0,93,1.5,190,0,0,0
1997-09-25 03:00:00,7.0,93,0.5,250,0,0,0
1997-09-25 04:00:00,10.0,82,0.5,300,0,0,0
1997-09-25 05:00:00,11.0,82,0.0,0,0,0,0
1997-09-25 06:00:00,12.0,82,1.0,280,0,0,0
1997-09-25 07:00:00,12.0,82,2.1,190,24,0,24
1997-09-25 08:00:00,13.0,77,2.1,190,60,0,60
1997-09-25 09:00:00,14.0,72,2.6,240,113,0,113
1997-09-25 10:00:00,16.0,63,3.6,190,347,293,168
1997-09-25 11:00:00,17.0,63,3.6,200,199,0,199
1997-09-25 12:00:00,17.0,63,2.1,200,217,0,217
1997-09-25 13:00:00,17.0,68,2.6,190,550,182,411
1997-09-25 14:00:00,18.0,68,3.6,200,485,257,304
1997-09-25 15:00:00,20.0,60,4.6,190,379,154,286
1997-09-25 16:00:00,20.0,64,3.6,180,247,215,148
1997-09-25 17:00:00,18.0,73,3.6,190,189,317,99
1997-09-25 18:00:00,16.0,82,3.1,200,36,50,31
1997-09-25 19:00:00,14.0,94,2.6,170,0,0,0
1997-09-25 20:00:00,14.0,94,2.6,170,0,0,0
1997-09-25 21:00:00,13.0,100,2.1,190,0,0,0
1997-09-25 22:00:00,14.0,94,3.6,230,0,0,0
1997-09-25 23:00:00,14.0,94,2.6,240,0,0,0
1997-09-26 00:00:00,14.0,94,3.1,220,0,0,0
1997-09-26 01:00:00,13.0,100,3.1,230,0,0,0
1997-09-26 02:00:00,13.0,94,2.6,240,0,0,0
1997-09-26 03:00:00,13.0,100,2.6,250,0,0,0
1997-09-26 04:00:00,13.0,97,2.4,270,0,0,0
1997-09-26 05:00:00,13.0,94,2.1,290,0,0,0
1997-09-26 06:00:00,11.0,94,1.5,290,0,0,0
1997-09-26 07:00:00,14.0,88,1.5,290,42,130,30
1997-09-26 08:00:00,17.0,72,6.2,320,233,651,46
1997-09-26 09:00:00,19.0,56,5.7,340,430,791,65
1997-09-26 10:00:00,21.0,49,5.1,350,545,680,134
1997-09-26 11:00:00,22.0,46,5.7,350,605,572,201
1997-09-26 12:00:00,22.0,41,6.2,350,722,824,100
1997-09-26 13:00:00,23.0,38,4.6,10,661,542,252
1997-09-26 14:00:00,23.0,38,5.7,320,658,572,258
1997-09-26 15:00:00,24.0,36,6.7,350,513,600,155
1997-09-26 16:00:00,23.0,38,3.1,350,439,707,119
1997-09-26 17:00:00,22.0,43,4.6,340,170,106,141
1997-09-26 18:00:00,19.0,52,3.6,10,38,148,25
1997-09-26 19:00:00,14.0,77,0.5,310,0,0,0
1997-09-26 20:00:00,13.0,82,1.0,240,0,0,0
1997-09-26 21:00:00,12.0,82,0.5,210,0,0,0
1997-09-26 22:00:00,11.0,94,0.0,0,0,0,0
1997-09-26 23:00:00,10.0,93,0.5,230,0,0,0
1997-09-27 00:00:00,10.0,87,0.5,290,0,0,0
1997-09-27 01:00:00,10.0,87,1.5,340,0,0,0
1997-09-27 02:00:00,9.0,93,0.5,350,0,0,0
1997-09-27 03:00:00,11.0,87,3.6,360,0,0,0
1997-09-27 04:00:00,13.0,82,3.6,40,0,0,0
1997-09-27 05:00:00,12.0,88,4.6,60,0,0,0
1997-09-27 06:00:00,12.0,82,3.6,50,0,0,0
1997-09-27 07:00:00,13.0,77,3.1,60,34,94,26
1997-09-27 08:00:00,14.0,72,2.1,60,178,302,92
1997-09-27 09:00:00,16.0,63,5.7,50,297,327,146
1997-09-27 10:00:00,17.0,59,1.5,90,425,291,250
1997-09-27 11:00:00,19.0,56,3.1,90,474,452,158
1997-09-27 12:00:00,21.0,53,3.6,90,555,379,270
1997-09-27 13:00:00,22.0,53,2.6,90,734,749,172
1997-09-27 14:00:00,23.0,50,2.1,90,572,542,195
1997-09-27 15:00:00,23.0,44,3.1,90,531,679,129
1997-09-27 16:00:00,23.0,47,4.1,90,379,553,130
1997-09-27 17:00:00,21.0,53,2.6,100,195,391,89
1997-09-27 18:00:00,19.0,64,2.1,60,25,32,22
1997-09-27 19:00:00,18.0,68,2.1,60,0,0,0
1997-09-27 20:00:00,17.0,72,2.1,60,0,0,0
1997-09-27 21:00:00,16.0,82,2.6,70,0,0,0
1997-09-27 22:00:00,15.0,88,2.6,90,0,0,0
1997-09-27 23:00:00,14.0,94,2.1,60,0,0,0
1997-09-28 00:00:00,14.3,91,2.4,70,0,0,0
1997-09-28 01:00:00,15.0,88,2.6,70,0,0,0
1997-09-28 02:00:00,15.0,88,2.6,60,0,0,0
1997-09-28 03:00:00,15.0,94,3.1,50,0,0,0
1997-09-28 04:00:00,15.0,94,3.1,50,0,0,0
1997-09-28 05:00:00,15.0,94,3.6,50,0,0,0
1997-09-28 06:00:00,15.0,94,3.6,50,0,0,0
1997-09-28 07:00:00,16.0,94,4.1,50,22,0,22
1997-09-28 08:00:00,16.0,94,4.1,50,39,0,39
1997-09-28 09:00:00,18.0,83,5.1,50,111,0,111
1997-09-28 10:00:00,17.0,88,5.7,40,160,0,160
1997-09-28 11:00:00,17.0,88,5.7,50,164,0,164
1997-09-28 12:00:00,17.0,94,5.7,60,178,0,178
1997-09-28 13:00:00,17.0,94,5.7,50,149,0,149
1997-09-28 14:00:00,18.0,94,5.1,60,135,0,135
1997-09-28 15:00:00,18.0,94,5.1,60,110,0,110
1997-09-28 16:00:00,18.7,93,5.1,70,75,0,75
1997-09-28 17:00:00,19.0,94,5.1,70,38,0,38
1997-09-28 18:00:00,19.1,93,4.9,60,13,0,13
1997-09-28 19:00:00,19.0,94,4.6,50,0,0,0
1997-09-28 20:00:00,19.0,94,4.1,80,0,0,0
1997-09-28 21:00:00,20.0,94,4.1,90,0,0,0
1997-09-28 22:00:00,19.0,100,2.6,90,0,0,0
1997-09-28 23:00:00,20.0,100,2.1,180,0,0,0
1997-09-29 00:00:00,20.0,94,4.6,250,0,0,0
1997-09-29 01:00:00,17.0,100,5.7,260,0,0,0
1997-09-29 02:00:00,16.0,94,4.6,260,0,0,0
1997-09-29 03:00:00,16.0,94,5.7,250,0,0,0
1997-09-29 04:00:00,16.0,100,3.1,240,0,0,0
1997-09-29 05:00:00,16.0,94,4.1,230,0,0,0
1997-09-29 06:00:00,16.0,94,3.6,240,0,0,0
1997-09-29 07:00:00,17.0,94,5.7,260,22,10,22
1997-09-29 08:00:00,17.0,68,6.7,290,157,213,97
1997-09-29 09:00:00,19.0,52,10.8,290,346,365,181
1997-09-29 10:00:00,20.0,46,11.3,300,546,616,181
1997-09-29 11:00:00,22.0,38,9.8,290,661,772,126
1997-09-29 12:00:00,23.0,38,7.7,290,678,697,160
1997-09-29 13:00:00,25.0,36,5.7,270,713,783,133
1997-09-29 14:00:00,25.0,34,6.2,260,611,687,140
1997-09-29 15:00:00,25.0,34,5.1,260,519,718,100
1997-09-29 16:00:00,24.0,38,5.7,250,296,381,129
1997-09-29 17:00:00,23.0,41,5.1,250,173,361,78
1997-09-29 18:00:00,20.0,53,2.6,240,31,148,19
1997-09-29 19:00:00,19.0,56,3.1,250,0,0,0
1997-09-29 20:00:00,18.0,59,3.1,250,0,0,0
1997-09-29 21:00:00,18.0,59,3.1,240,0,0,0
1997-09-29 22:00:00,17.0,63,2.6,240,0,0,0
1997-09-29 23:00:00,16.0,68,2.1,230,0,0,0
1997-09-30 00:00:00,17.0,59,3.6,250,0,0,0
1997-09-30 01:00:00,18.0,56,4.6,250,0,0,0
1997-09-30 02:00:00,17.0,59,6.7,220,0,0,0
1997-09-30 03:00:00,17.0,59,7.2,220,0,0,0
1997-09-30 04:00:00,18.0,56,6.7,220,0,0,0
1997-09-30 05:00:00,17.0,59,6.2,230,0,0,0
1997-09-30 06:00:00,18.0,56,6.7,230,0,0,0
1997-09-30 07:00:00,18.0,56,7.7,230,25,3,25
1997-09-30 08:00:00,20.0,53,7.7,230,109,44,97
1997-09-30 09:00:00,22.0,46,7.7,240,341,408,158
1997-09-30 10:00:00,23.0,44,7.7,250,219,84,169
1997-09-30 11:00:00,25.0,39,5.7,270,361,79,306
1997-09-30 12:00:00,24.0,38,5.1,280,659,509,283
1997-09-30 13:00:00,22.0,46,4.1,300,590,524,204
1997-09-30 14:00:00,23.0,41,5.1,310,480,140,384
1997-09-30 15:00:00,23.0,38,6.7,280,337,301,164
1997-09-30 16:00:00,22.2,39,6.7,290,214,69,184
1997-09-30 17:00:00,21.0,40,6.7,290,62,0,62
1997-09-30 18:00:00,20.0,43,6.2,290,23,39,20
1997-09-30 19:00:00,19.0,46,6.2,280,0,0,0
1997-09-30 20:00:00,19.0,43,5.7,290,0,0,0
1997-09-30 21:00:00,19.0,46,4.1,290,0,0,0
1997-09-30 22:00:00,17.7,55,3.9,290,0,0,0
1997-09-30 23:00:00,16.4,55,3.7,280,0,0,0
1997-10-01 00:00:00,15.1,59,3.5,310,0,0,0
2001-10-01 01:00:00,13.9,93,3.2,310,0,0,0
2001-10-01 02:00:00,12.6,93,3.0,350,0,0,0
2001-10-01 03:00:00,11.3,87,2.8,320,0,0,0
2001-10-01 04:00:00,10.0,87,2.6,280,0,0,0
2001-10-01 05:00:00,10.0,87,2.6,320,0,0,0
2001-10-01 06:00:00,10.0,87,1.5,330,0,0,0
2001-10-01 07:00:00,10.0,87,2.1,340,0,0,0
2001-10-01 08:00:00,11.0,82,2.1,360,48,0,48
2001-10-01 09:00:00,12.0,71,3.6,320,68,0,68
2001-10-01 10:00:00,14.0,63,3.6,330,386,171,286
2001-10-01 11:00:00,15.0,55,4.6,330,461,151,357
2001-10-01 12:00:00,16.0,51,4.6,310,492,162,373
2001-10-01 13:00:00,17.0,48,4.1,340,440,102,365
2001-10-01 14:00:00,18.0,42,3.1,340,400,107,328
2001-10-01 15:00:00,18.0,45,3.1,330,214,12,207
2001-10-01 16:00:00,18.0,52,2.6,280,165,12,160
2001-10-01 17:00:00,18.0,52,1.5,230,47,0,47
2001-10-01 18:00:00,13.0,82,1.5,130,19,44,17
2001-10-01 19:00:00,12.0,94,1.0,180,0,0,0
2001-10-01 20:00:00,11.0,94,1.5,190,0,0,0
2001-10-01 21:00:00,11.0,94,1.5,180,0,0,0
2001-10-01 22:00:00,10.0,93,2.1,210,0,0,0
2001-10-01 23:00:00,10.0,93,1.0,230,0,0,0
2001-10-02 00:00:00,10.0,93,1.6,260,0,0,0
2001-10-02 01:00:00,11.0,87,2.1,280,0,0,0
2001-10-02 02:00:00,14.0,77,4.6,300,0,0,0
2001-10-02 03:00:00,14.0,77,3.6,300,0,0,0
2001-10-02 04:00:00,13.0,77,3.1,300,0,0,0
2001-10-02 05:00:00,12.0,82,2.1,290,0,0,0
2001-10-02 06:00:00,12.0,82,0.5,220,0,0,0
2001-10-02 07:00:00,13.0,82,0.5,150,0,0,0
2001-10-02 08:00:00,17.0,68,3.1,270,232,507,96
2001-10-02 09:00:00,20.0,56,3.6,300,390,595,127
2001-10-02 10:00:00,22.0,50,4.6,290,548,676,153
2001-10-02 11:00:00,22.0,50,5.1,290,685,798,142
2001-10-02 12:00:00,24.0,47,2.6,290,741,842,126
2001-10-02 13:00:00,25.0,44,3.6,300,731,821,134
2001-10-02 14:00:00,25.0,47,4.1,310,673,817,124
2001-10-02 15:00:00,25.0,44,3.6,300,551,769,113
2001-10-02 16:00:00,25.0,44,4.1,310,373,646,99
2001-10-02 17:00:00,21.9,59,2.8,240,191,526,62
2001-10-02 18:00:00,18.0,83,1.5,170,18,108,12
2001-10-02 19:00:00,16.0,88,1.5,190,0,0,0
2001-10-02 20:00:00,17.0,94,2.1,200,0,0,0
2001-10-02 21:00:00,17.0,88,2.1,200,0,0,0
2001-10-02 22:00:00,16.0,88,2.1,210,0,0,0
2001-10-02 23:00:00,17.0,88,2.1,230,0,0,0
2001-10-03 00:00:00,15.0,94,2.6,210,0,0,0
2001-10-03 01:00:00,17.0,82,1.5,190,0,0,0
2001-10-03 02:00:00,17.0,82,1.5,160,0,0,0
2001-10-03 03:00:00,15.0,88,2.1,210,0,0,0
2001-10-03 04:00:00,15.0,88,1.5,200,0,0,0
2001-10-03 05:00:00,14.0,94,1.0,190,0,0,0
2001-10-03 06:00:00,13.0,100,1.5,180,0,0,0
2001-10-03 07:00:00,15.0,94,1.5,200,0,0,0
2001-10-03 08:00:00,18.0,83,1.5,230,193,297,114
2001-10-03 09:00:00,22.0,60,2.6,250,411,645,128
2001-10-03 10:00:00,24.0,54,3.6,240,574,792,115
2001-10-03 11:00:00,26.0,45,3.6,260,685,828,124
2001-10-03 12:00:00,28.0,42,4.1,210,735,836,128
2001-10-03 13:00:00,28.2,39,4.1,220,731,838,124
2001-10-03 14:00:00,28.0,37,4.1,230,667,817,122
2001-10-03 15:00:00,28.0,37,5.1,230,550,793,104
2001-10-03 16:00:00,27.0,39,5.7,210,361,605,109
2001-10-03 17:00:00,25.0,50,3.6,230,185,503,64
2001-10-03 18:00:00,20.0,73,2.1,170,16,116,11
2001-10-03 19:00:00,19.0,78,3.1,170,0,0,0
2001-10-03 20:00:00,18.0,77,3.1,190,0,0,0
2001-10-03 21:00:00,19.0,73,3.6,210,0,0,0
2001-10-03 22:00:00,19.0,73,3.6,210,0,0,0
2001-10-03 23:00:00,20.0,68,3.6,220,0,0,0
2001-10-04 00:00:00,19.0,73,3.1,220,0,0,0
2001-10-04 01:00:00,18.0,77,3.6,220,0,0,0
2001-10-04 02:00:00,16.0,82,2.6,230,0,0,0
2001-10-04 03:00:00,15.0,88,2.1,190,0,0,0
2001-10-04 04:00:00,14.0,94,1.0,200,0,0,0
2001-10-04 05:00:00,15.0,94,2.6,200,0,0,0
2001-10-04 06:00:00,14.0,94,2.1,210,0,0,0
2001-10-04 07:00:00,14.0,94,2.1,190,0,0,0
2001-10-04 08:00:00,18.0,83,2.6,230,226,489,98
2001-10-04 09:00:00,22.0,64,1.5,250,404,652,121
2001-10-04 10:00:00,25.0,50,3.1,260,542,676,153
2001-10-04 11:00:00,27.0,34,4.1,250,679,810,134
2001-10-04 12:00:00,27.0,34,2.6,240,723,800,145
2001-10-04 13:00:00,28.0,32,2.6,220,725,832,127
2001-10-04 14:00:00,28.0,30,5.1,200,655,769,146
2001-10-04 15:00:00,28.0,28,6.2,220,505,645,145
2001-10-04 16:00:00,27.0,34,4.6,230,355,576,118
2001-10-04 17:00:00,24.0,47,3.6,200,175,502,57
2001-10-04 18:00:00,19.0,68,3.1,170,13,87,10
2001-10-04 19:00:00,18.0,77,3.1,180,0,0,0
2001-10-04 20:00:00,18.0,73,2.1,180,0,0,0
2001-10-04 21:00:00,17.0,77,2.6,180,0,0,0
2001-10-04 22:00:00,15.0,82,2.6,190,0,0,0
2001-10-04 23:00:00,14.0,88,2.6,210,0,0,0
2001-10-05 00:00:00,15.0,82,3.1,220,0,0,0
2001-10-05 01:00:00,14.0,88,2.6,180,0,0,0
2001-10-05 02:00:00,14.0,82,1.5,270,0,0,0
2001-10-05 03:00:00,11.0,94,1.5,210,0,0,0
2001-10-05 04:00:00,12.0,94,2.1,230,0,0,0
2001-10-05 05:00:00,11.0,94,2.6,230,0,0,0
2001-10-05 06:00:00,12.0,94,1.5,200,0,0,0
2001-10-05 07:00:00,13.0,94,2.6,180,0,0,0
2001-10-05 08:00:00,17.0,77,3.6,230,195,371,99
2001-10-05 09:00:00,20.0,68,4.6,210,384,584,133
2001-10-05 10:00:00,23.0,53,4.1,210,561,768,123
2001-10-05 11:00:00,25.0,44,4.1,180,673,816,127
2001-10-05 12:00:00,27.0,39,5.1,200,699,722,181
2001-10-05 13:00:00,27.0,37,7.2,240,725,832,131
2001-10-05 14:00:00,27.0,34,5.7,220,655,781,141
2001-10-05 15:00:00,27.0,34,5.1,220,493,639,140
2001-10-05 16:00:00,27.0,37,5.1,210,349,570,118
2001-10-05 17:00:00,24.0,47,4.1,180,165,445,62
2001-10-05 18:00:00,20.0,64,3.1,160,12,98,9
2001-10-05 19:00:00,20.0,68,3.6,170,0,0,0
2001-10-05 20:00:00,19.0,73,3.6,180,0,0,0
2001-10-05 21:00:00,20.0,68,4.6,180,0,0,0
2001-10-05 22:00:00,21.0,69,5.1,190,0,0,0
2001-10-05 23:00:00,21.0,64,6.2,200,0,0,0
2001-10-06 00:00:00,21.0,64,6.2,190,0,0,0
2001-10-06 01:00:00,20.0,73,6.2,190,0,0,0
2001-10-06 02:00:00,20.0,73,6.7,190,0,0,0
2001-10-06 03:00:00,21.0,69,6.7,200,0,0,0
2001-10-06 04:00:00,21.0,69,7.2,210,0,0,0
2001-10-06 05:00:00,21.0,73,7.7,210,0,0,0
2001-10-06 06:00:00,21.0,73,6.7,220,0,0,0
2001-10-06 07:00:00,19.0,88,6.2,220,0,0,0
2001-10-06 08:00:00,15.0,88,5.7,300,49,0,49
2001-10-06 09:00:00,13.0,88,6.7,320,89,0,89
2001-10-06 10:00:00,12.0,82,5.1,310,136,0,136
2001-10-06 11:00:00,13.0,67,6.2,310,168,0,168
2001-10-06 12:00:00,15.0,51,7.7,320,632,469,297
2001-10-06 13:00:00,16.0,45,7.2,320,671,599,246
2001-10-06 14:00:00,15.0,48,7.7,330,388,113,314
2001-10-06 15:00:00,15.0,41,8.2,340,314,106,255
2001-10-06 16:00:00,15.0,41,6.2,330,185,23,176
2001-10-06 17:00:00,15.0,39,6.2,320,100,49,89
2001-10-06 18:00:00,13.0,47,3.1,300,7,10,6
2001-10-06 19:00:00,13.0,47,3.6,300,0,0,0
2001-10-06 20:00:00,12.0,50,4.1,290,0,0,0
2001-10-06 21:00:00,11.0,54,3.6,290,0,0,0
2001-10-06 22:00:00,10.0,54,3.1,290,0,0,0
2001-10-06 23:00:00,10.0,54,3.6,290,0,0,0
2001-10-07 00:00:00,9.0,61,2.6,270,0,0,0
2001-10-07 01:00:00,9.0,61,3.6,300,0,0,0
2001-10-07 02:00:00,8.0,61,4.6,310,0,0,0
2001-10-07 03:00:00,8.0,57,3.6,310,0,0,0
2001-10-07 04:00:00,7.0,56,2.1,260,0,0,0
2001-10-07 05:00:00,6.0,65,2.1,260,0,0,0
2001-10-07 06:00:00,4.0,75,3.1,250,0,0,0
2001-10-07 07:00:00,6.0,70,3.1,250,0,0,0
2001-10-07 08:00:00,9.0,53,4.6,280,213,453,99
2001-10-07 09:00:00,10.0,42,7.2,290,392,684,102
2001-10-07 10:00:00,12.0,37,7.2,310,549,762,120
2001-10-07 11:00:00,13.0,35,6.7,300,648,774,137
2001-10-07 12:00:00,13.0,32,9.3,290,674,680,193
2001-10-07 13:00:00,14.0,30,8.2,300,677,707,179
2001-10-07 14:00:00,14.0,30,9.3,320,637,757,147
2001-10-07 15:00:00,14.0,30,7.2,290,515,745,111
2001-10-07 16:00:00,13.0,32,7.2,290,348,650,90
2001-10-07 17:00:00,11.9,34,5.9,310,162,492,54
2001-10-07 18:00:00,10.0,39,4.6,320,7,55,6
2001-10-07 19:00:00,8.0,48,2.1,350,0,0,0
2001-10-07 20:00:00,6.0,60,4.1,360,0,0,0
2001-10-07 21:00:00,6.0,60,2.6,330,0,0,0
2001-10-07 22:00:00,2.0,80,1.0,270,0,0,0
2001-10-07 23:00:00,2.0,87,1.0,210,0,0,0
2001-10-08 00:00:00,2.0,80,1.0,150,0,0,0
2001-10-08 01:00:00,3.0,81,1.0,180,0,0,0
2001-10-08 02:00:00,3.0,81,0.5,210,0,0,0
2001-10-08 03:00:00,2.0,80,1.0,230,0,0,0
2001-10-08 04:00:00,2.5,77,2.3,260,0,0,0
2001-10-08 05:00:00,3.0,74,3.6,290,0,0,0
2001-10-08 06:00:00,3.0,74,3.1,290,0,0,0
2001-10-08 07:00:00,4.1,62,3.9,310,0,0,0
2001-10-08 08:00:00,7.0,48,4.6,330,189,380,95
2001-10-08 09:00:00,9.0,41,5.1,340,379,597,128
2001-10-08 10:00:00,11.0,33,6.2,360,549,762,123
2001-10-08 11:00:00,11.0,28,5.7,340,648,798,125
2001-10-08 12:00:00,12.0,26,3.1,350,687,740,166
2001-10-08 13:00:00,12.0,26,3.6,350,700,796,144
2001-10-08 14:00:00,12.0,26,4.1,320,648,816,124
2001-10-08 15:00:00,14.0,23,4.6,10,514,762,105
2001-10-08 16:00:00,13.0,23,5.1,350,353,696,80
2001-10-08 17:00:00,12.0,26,2.6,40,157,485,53
2001-10-08 18:00:00,9.0,41,1.5,80,5,31,4
2001-10-08 19:00:00,4.0,69,1.0,100,0,0,0
2001-10-08 20:00:00,3.0,74,1.5,120,0,0,0
2001-10-08 21:00:00,1.0,72,1.0,130,0,0,0
2001-10-08 22:00:00,1.0,79,0.5,150,0,0,0
2001-10-08 23:00:00,0.0,85,1.0,170,0,0,0
2001-10-09 00:00:00,0.0,85,1.0,190,0,0,0
2001-10-09 01:00:00,-1.0,92,1.0,200,0,0,0
2001-10-09 02:00:00,0.0,92,1.0,220,0,0,0
2001-10-09 03:00:00,0.0,92,1.0,240,0,0,0
2001-10-09 04:00:00,0.0,85,1.0,230,0,0,0
2001-10-09 05:00:00,-1.0,92,0.5,210,0,0,0
2001-10-09 06:00:00,-1.0,92,1.0,200,0,0,0
2001-10-09 07:00:00,1.0,93,1.0,140,0,0,0
2001-10-09 08:00:00,5.0,87,1.0,300,190,395,94
2001-10-09 09:00:00,11.0,50,1.5,270,386,685,101
2001-10-09 10:00:00,13.0,35,2.6,240,530,714,134
2001-10-09 11:00:00,14.0,32,3.1,210,630,744,145
2001-10-09 12:00:00,15.0,28,4.1,180,686,758,157
2001-10-09 13:00:00,17.0,27,3.6,190,682,766,150
2001-10-09 14:00:00,16.0,26,4.6,160,631,786,129
2001-10-09 15:00:00,17.0,27,5.7,180,503,732,113
2001-10-09 16:00:00,16.0,31,5.1,190,341,661,86
2001-10-09 17:00:00,14.0,38,3.6,150,151,467,53
2001-10-09 18:00:00,11.0,50,3.1,160,3,6,3
2001-10-09 19:00:00,7.0,76,2.6,180,0,0,0
2001-10-09 20:00:00,7.0,70,2.1,180,0,0,0
2001-10-09 21:00:00,8.0,76,3.1,180,0,0,0
2001-10-09 22:00:00,7.0,87,3.1,180,0,0,0
2001-10-09 23:00:00,7.0,87,3.1,180,0,0,0
2001-10-10 00:00:00,7.0,81,2.6,170,0,0,0
2001-10-10 01:00:00,5.0,93,2.6,160,0,0,0
2001-10-10 02:00:00,5.0,93,2.6,180,0,0,0
2001-10-10 03:00:00,6.0,93,2.1,190,0,0,0
2001-10-10 04:00:00,4.0,100,2.6,170,0,0,0
2001-10-10 05:00:00,4.0,100,2.6,180,0,0,0
2001-10-10 06:00:00,5.0,100,3.1,190,0,0,0
2001-10-10 07:00:00,8.0,100,2.6,200,0,0,0
2001-10-10 08:00:00,12.0,82,4.6,210,141,107,116
2001-10-10 09:00:00,15.0,72,5.1,200,338,399,174
2001-10-10 10:00:00,17.0,63,7.2,230,530,683,154
2001-10-10 11:00:00,20.0,53,6.7,220,636,780,131
2001-10-10 12:00:00,21.0,46,4.6,240,668,704,179
2001-10-10 13:00:00,22.0,46,5.1,210,665,718,169
2001-10-10 14:00:00,23.0,44,6.2,230,619,762,137
2001-10-10 15:00:00,22.0,43,5.1,210,491,714,115
2001-10-10 16:00:00,22.0,46,5.1,200,325,585,102
2001-10-10 17:00:00,20.0,56,3.1,180,145,406,63
2001-10-10 18:00:00,17.0,68,3.1,170,3,14,2
2001-10-10 19:00:00,14.0,88,2.1,150,0,0,0
2001-10-10 20:00:00,14.0,88,2.1,190,0,0,0
2001-10-10 21:00:00,12.0,94,2.6,160,0,0,0
2001-10-10 22:00:00,12.0,94,3.1,160,0,0,0
2001-10-10 23:00:00,13.0,88,3.1,180,0,0,0
2001-10-11 00:00:00,13.0,94,3.1,170,0,0,0
2001-10-11 01:00:00,14.0,88,3.6,180,0,0,0
2001-10-11 02:00:00,12.0,94,2.6,190,0,0,0
2001-10-11 03:00:00,12.0,94,3.1,200,0,0,0
2001-10-11 04:00:00,11.0,94,2.6,170,0,0,0
2001-10-11 05:00:00,11.0,94,2.6,170,0,0,0
2001-10-11 06:00:00,11.0,100,2.6,200,0,0,0
2001-10-11 07:00:00,13.0,94,3.1,190,0,0,0
2001-10-11 08:00:00,17.0,77,4.1,220,192,437,89
2001-10-11 09:00:00,20.0,68,4.6,220,373,648,109
2001-10-11 10:00:00,22.0,60,5.7,230,530,751,120
2001-10-11 11:00:00,23.0,57,5.7,240,630,774,132
2001-10-11 12:00:00,24.0,54,6.2,230,693,806,136
2001-10-11 13:00:00,25.0,47,5.1,220,688,730,188
2001-10-11 14:00:00,26.0,45,4.1,220,474,286,295
2001-10-11 15:00:00,25.0,47,5.1,210,385,277,240
2001-10-11 16:00:00,25.0,44,4.1,190,141,12,137
2001-10-11 17:00:00,23.0,50,3.6,190,105,162,73
2001-10-11 18:00:00,19.0,68,3.1,150,2,26,2
2001-10-11 19:00:00,18.0,77,4.6,140,0,0,0
2001-10-11 20:00:00,17.0,82,4.6,160,0,0,0
2001-10-11 21:00:00,16.0,82,3.6,180,0,0,0
2001-10-11 22:00:00,15.0,82,3.1,170,0,0,0
2001-10-11 23:00:00,14.0,82,2.6,170,0,0,0
2001-10-12 00:00:00,13.0,88,2.6,180,0,0,0
2001-10-12 01:00:00,12.0,94,2.1,170,0,0,0
2001-10-12 02:00:00,12.0,94,1.5,170,0,0,0
2001-10-12 03:00:00,12.0,94,2.1,200,0,0,0
2001-10-12 04:00:00,13.0,94,2.6,210,0,0,0
2001-10-12 05:00:00,12.0,94,2.1,170,0,0,0
2001-10-12 06:00:00,11.0,94,2.1,200,0,0,0
2001-10-12 07:00:00,13.0,100,2.1,160,8,26,7
2001-10-12 08:00:00,16.0,88,4.1,210,126,74,109
2001-10-12 09:00:00,19.0,73,5.1,220,381,586,144
2001-10-12 10:00:00,21.0,69,5.7,220,524,738,123
2001-10-12 11:00:00,24.0,57,4.6,210,624,768,133
2001-10-12 12:00:00,25.0,54,5.7,240,656,692,182
2001-10-12 13:00:00,25.0,50,5.1,200,652,587,254
2001-10-12 14:00:00,26.0,48,4.6,210,324,89,268
2001-10-12 15:00:00,25.0,47,3.6,210,262,35,244
2001-10-12 16:00:00,23.0,57,3.1,180,204,104,165
2001-10-12 17:00:00,21.0,69,2.6,150,143,344,76
2001-10-12 18:00:00,20.0,73,3.1,150,0,0,0
2001-10-12 19:00:00,19.0,78,3.6,170,0,0,0
2001-10-12 20:00:00,19.0,78,3.1,160,0,0,0
2001-10-12 21:00:00,19.0,78,2.6,160,0,0,0
2001-10-12 22:00:00,18.0,88,3.6,170,0,0,0
2001-10-12 23:00:00,18.0,88,3.1,160,0,0,0
2001-10-13 00:00:00,16.0,82,3.1,180,0,0,0
2001-10-13 01:00:00,15.0,88,2.1,180,0,0,0
2001-10-13 02:00:00,14.0,94,2.6,180,0,0,0
2001-10-13 03:00:00,14.0,94,2.6,160,0,0,0
2001-10-13 04:00:00,14.0,94,2.6,170,0,0,0
2001-10-13 05:00:00,14.0,94,2.6,160,0,0,0
2001-10-13 06:00:00,13.0,100,2.1,170,0,0,0
2001-10-13 07:00:00,14.0,94,1.5,190,12,159,5
2001-10-13 08:00:00,18.0,77,1.5,210,195,473,86
2001-10-13 09:00:00,20.0,73,3.1,210,353,561,129
2001-10-13 10:00:00,24.0,57,4.6,210,505,659,150
2001-10-13 11:00:00,25.0,50,4.1,220,618,762,134
2001-10-13 12:00:00,26.0,51,4.1,190,668,758,152
2001-10-13 13:00:00,28.0,48,4.6,170,664,712,183
2001-10-13 14:00:00,27.0,48,5.1,180,537,500,228
2001-10-13 15:00:00,26.0,51,5.7,170,445,525,177
2001-10-13 16:00:00,24.0,57,5.1,130,234,185,167
2001-10-13 17:00:00,22.0,64,5.7,130,125,321,64
2001-10-13 18:00:00,20.0,68,4.1,130,0,0,0
2001-10-13 19:00:00,19.0,73,3.6,130,0,0,0
2001-10-13 20:00:00,18.0,77,4.6,150,0,0,0
2001-10-13 21:00:00,18.0,77,4.1,130,0,0,0
2001-10-13 22:00:00,16.0,82,3.1,160,0,0,0
2001-10-13 23:00:00,16.0,82,3.1,150,0,0,0
2001-10-14 00:00:00,15.0,88,3.1,170,0,0,0
2001-10-14 01:00:00,15.0,88,3.1,130,0,0,0
2001-10-14 02:00:00,14.0,94,1.5,150,0,0,0
2001-10-14 03:00:00,14.0,94,2.6,170,0,0,0
2001-10-14 04:00:00,14.0,100,2.1,130,0,0,0
2001-10-14 05:00:00,15.0,100,3.1,160,0,0,0
2001-10-14 06:00:00,15.0,100,3.6,140,0,0,0
2001-10-14 07:00:00,16.0,100,4.6,140,7,26,6
2001-10-14 08:00:00,17.0,94,4.1,140,136,81,118
2001-10-14 09:00:00,19.0,88,4.6,140,264,206,182
2001-10-14 10:00:00,22.0,78,6.2,160,149,0,149
2001-10-14 11:00:00,22.0,78,6.7,160,144,0,144
2001-10-14 12:00:00,25.0,65,8.2,150,158,0,158
2001-10-14 13:00:00,26.0,58,7.2,150,154,0,154
2001-10-14 14:00:00,25.0,65,6.7,130,410,196,290
2001-10-14 15:00:00,25.0,65,5.1,130,323,124,260
2001-10-14 16:00:00,23.0,73,7.2,140,218,115,177
2001-10-14 17:00:00,22.0,78,5.7,140,89,75,76
2001-10-14 18:00:00,21.0,83,6.7,140,0,0,0
2001-10-14 19:00:00,21.0,83,6.2,150,0,0,0
2001-10-14 20:00:00,20.0,88,2.1,220,0,0,0
2001-10-14 21:00:00,19.0,100,3.6,280,0,0,0
2001-10-14 22:00:00,17.0,94,6.2,310,0,0,0
2001-10-14 23:00:00,16.0,88,4.6,300,0,0,0
2001-10-15 00:00:00,16.0,72,8.2,310,0,0,0
2001-10-15 01:00:00,15.0,72,5.7,300,0,0,0
2001-10-15 02:00:00,14.0,72,3.6,300,0,0,0
2001-10-15 03:00:00,13.0,77,2.6,290,0,0,0
2001-10-15 04:00:00,9.0,100,1.0,280,0,0,0
2001-10-15 05:00:00,9.0,93,1.5,260,0,0,0
2001-10-15 06:00:00,10.0,93,2.6,250,0,0,0
2001-10-15 07:00:00,12.0,82,3.1,260,9,128,4
2001-10-15 08:00:00,14.0,72,4.1,280,180,415,88
2001-10-15 09:00:00,17.0,55,5.1,280,355,618,112
2001-10-15 10:00:00,17.6,45,6.1,300,506,708,130
2001-10-15 11:00:00,18.0,37,7.2,310,612,768,131
2001-10-15 12:00:00,19.0,37,6.2,290,656,746,155
2001-10-15 13:00:00,20.0,32,5.7,290,646,736,156
2001-10-15 14:00:00,20.0,30,2.6,290,594,750,139
2001-10-15 15:00:00,21.0,30,4.6,250,461,702,109
2001-10-15 16:00:00,20.0,30,1.5,230,311,646,82
2001-10-15 17:00:00,18.0,42,2.6,210,122,398,51
2001-10-15 18:00:00,12.0,67,1.0,150,0,0,0
2001-10-15 19:00:00,10.0,76,1.5,160,0,0,0
2001-10-15 20:00:00,10.0,87,0.5,180,0,0,0
2001-10-15 21:00:00,9.0,93,1.0,190,0,0,0
2001-10-15 22:00:00,9.0,93,0.5,200,0,0,0
2001-10-15 23:00:00,9.0,87,1.0,210,0,0,0
2001-10-16 00:00:00,10.0,82,1.0,90,0,0,0
2001-10-16 01:00:00,9.0,93,1.0,180,0,0,0
2001-10-16 02:00:00,10.0,93,1.5,160,0,0,0
2001-10-16 03:00:00,10.0,93,2.6,170,0,0,0
2001-10-16 04:00:00,11.0,94,3.1,160,0,0,0
2001-10-16 05:00:00,10.9,94,2.3,150,0,0,0
2001-10-16 06:00:00,11.0,94,1.5,150,0,0,0
2001-10-16 07:00:00,13.0,94,3.6,140,7,93,4
2001-10-16 08:00:00,15.0,82,4.6,140,164,314,96
2001-10-16 09:00:00,17.0,72,5.1,140,334,469,152
2001-10-16 10:00:00,19.0,60,6.7,150,370,202,264
2001-10-16 11:00:00,20.0,53,6.7,150,549,532,219
2001-10-16 12:00:00,21.0,49,6.7,140,589,529,236
2001-10-16 13:00:00,20.0,53,6.7,160,587,473,274
2001-10-16 14:00:00,22.0,53,5.1,150,219,24,205
2001-10-16 15:00:00,22.0,43,5.7,170,455,554,180
2001-10-16 16:00:00,20.0,56,5.1,160,285,478,117
2001-10-16 17:00:00,13.0,77,8.7,320,75,69,63
2001-10-16 18:00:00,11.0,82,4.6,320,0,0,0
2001-10-16 19:00:00,10.0,87,3.6,310,0,0,0
2001-10-16 20:00:00,9.0,100,2.1,350,0,0,0
2001-10-16 21:00:00,10.0,93,1.5,330,0,0,0
2001-10-16 22:00:00,10.0,82,3.6,300,0,0,0
2001-10-16 23:00:00,8.0,93,2.6,280,0,0,0
2001-10-17 00:00:00,8.0,93,2.1,250,0,0,0
2001-10-17 01:00:00,7.0,87,3.1,230,0,0,0
2001-10-17 02:00:00,5.0,93,3.1,190,0,0,0
2001-10-17 03:00:00,5.0,93,2.6,240,0,0,0
2001-10-17 04:00:00,7.0,81,4.1,250,0,0,0
2001-10-17 05:00:00,5.0,87,2.6,200,0,0,0
2001-10-17 06:00:00,7.0,76,3.6,260,0,0,0
2001-10-17 07:00:00,7.0,76,4.1,260,6,115,3
2001-10-17 08:00:00,9.0,71,4.6,270,174,411,86
2001-10-17 09:00:00,11.0,58,4.6,280,335,550,123
2001-10-17 10:00:00,13.0,47,8.2,270,480,648,142
2001-10-17 11:00:00,14.0,35,10.3,280,593,726,146
2001-10-17 12:00:00,14.6,31,8.5,290,644,740,154
2001-10-17 13:00:00,15.0,28,6.7,300,634,676,191
2001-10-17 14:00:00,15.0,28,10.3,300,473,345,267
2001-10-17 15:00:00,15.0,28,9.8,270,438,595,146
2001-10-17 16:00:00,14.0,30,7.7,270,294,593,89
2001-10-17 17:00:00,12.0,31,5.7,280,103,326,48
2001-10-17 18:00:00,11.0,36,4.6,290,0,0,0
2001-10-17 19:00:00,10.0,39,2.6,270,0,0,0
2001-10-17 20:00:00,10.0,39,3.6,280,0,0,0
2001-10-17 21:00:00,9.0,41,4.1,310,0,0,0
2001-10-17 22:00:00,6.0,55,1.0,270,0,0,0
2001-10-17 23:00:00,7.0,52,3.1,320,0,0,0
2001-10-18 00:00:00,7.0,48,5.7,320,0,0,0
2001-10-18 01:00:00,7.0,48,3.6,300,0,0,0
2001-10-18 02:00:00,7.0,48,1.5,280,0,0,0
2001-10-18 03:00:00,7.0,48,1.5,260,0,0,0
2001-10-18 04:00:00,5.0,70,3.1,240,0,0,0
2001-10-18 05:00:00,5.0,70,3.1,250,0,0,0
2001-10-18 06:00:00,6.0,60,3.1,250,0,0,0
2001-10-18 07:00:00,9.0,53,3.1,260,5,117,3
2001-10-18 08:00:00,8.0,52,3.1,280,176,440,83
2001-10-18 09:00:00,10.0,39,6.7,300,342,607,111
2001-10-18 10:00:00,12.0,40,4.6,300,474,648,139
2001-10-18 11:00:00,12.0,37,5.1,320,581,690,159
2001-10-18 12:00:00,13.0,35,2.6,310,656,776,146
2001-10-18 13:00:00,14.0,32,2.1,300,652,814,122
2001-10-18 14:00:00,15.0,30,3.1,300,576,756,129
2001-10-18 15:00:00,15.0,33,3.1,290,454,736,96
2001-10-18 16:00:00,15.0,30,2.6,280,294,615,84
2001-10-18 17:00:00,13.0,38,1.0,230,102,340,46
2001-10-18 18:00:00,8.0,71,2.1,180,0,0,0
2001-10-18 19:00:00,5.0,81,2.1,180,0,0,0
2001-10-18 20:00:00,6.0,75,1.5,160,0,0,0
2001-10-18 21:00:00,6.0,81,1.5,170,0,0,0
2001-10-18 22:00:00,4.0,87,1.5,170,0,0,0
2001-10-18 23:00:00,4.0,87,2.1,190,0,0,0
2001-10-19 00:00:00,5.0,81,1.5,170,0,0,0
2001-10-19 01:00:00,3.0,87,2.1,190,0,0,0
2001-10-19 02:00:00,5.0,87,2.6,180,0,0,0
2001-10-19 03:00:00,4.0,87,2.6,200,0,0,0
2001-10-19 04:00:00,3.0,93,3.1,180,0,0,0
2001-10-19 05:00:00,4.0,93,2.6,200,0,0,0
2001-10-19 06:00:00,3.0,93,3.1,190,0,0,0
2001-10-19 07:00:00,4.0,87,3.6,190,4,68,2
2001-10-19 08:00:00,9.0,76,4.6,200,150,269,95
2001-10-19 09:00:00,12.0,62,4.6,210,336,614,104
2001-10-19 10:00:00,14.0,51,5.1,220,474,660,135
2001-10-19 11:00:00,16.0,39,5.1,220,575,696,152
2001-10-19 12:00:00,18.0,37,3.6,200,626,698,170
2001-10-19 13:00:00,18.0,34,4.1,210,628,742,149
2001-10-19 14:00:00,18.0,32,5.1,210,553,666,161
2001-10-19 15:00:00,19.0,32,4.6,210,404,495,166
2001-10-19 16:00:00,18.0,37,3.6,210,293,534,113
2001-10-19 17:00:00,15.0,48,2.6,160,97,292,50
2001-10-19 18:00:00,11.0,66,2.1,110,0,0,0
2001-10-19 19:00:00,9.0,76,2.1,140,0,0,0
2001-10-19 20:00:00,9.0,81,3.1,150,0,0,0
2001-10-19 21:00:00,10.0,87,1.5,190,0,0,0
2001-10-19 22:00:00,10.0,87,1.5,210,0,0,0
2001-10-19 23:00:00,10.0,93,2.6,150,0,0,0
2001-10-20 00:00:00,7.0,100,2.1,150,0,0,0
2001-10-20 01:00:00,9.0,93,2.6,220,0,0,0
2001-10-20 02:00:00,11.0,82,3.6,220,0,0,0
2001-10-20 03:00:00,9.0,87,1.5,240,0,0,0
2001-10-20 04:00:00,8.0,93,2.1,220,0,0,0
2001-10-20 05:00:00,7.0,93,2.1,190,0,0,0
2001-10-20 06:00:00,7.0,93,2.1,200,0,0,0
2001-10-20 07:00:00,8.0,93,2.1,210,3,84,2
2001-10-20 08:00:00,11.0,82,2.6,230,161,353,89
2001-10-20 09:00:00,14.0,63,2.6,220,336,608,110
2001-10-20 10:00:00,18.0,52,3.1,240,462,599,156
2001-10-20 11:00:00,20.0,37,3.1,240,575,696,155
2001-10-20 12:00:00,22.0,35,3.1,310,632,746,148
2001-10-20 13:00:00,22.0,35,4.1,270,628,760,141
2001-10-20 14:00:00,23.0,33,4.1,230,559,726,136
2001-10-20 15:00:00,23.0,36,2.1,230,437,689,109
2001-10-20 16:00:00,22.0,35,3.6,220,267,511,97
2001-10-20 17:00:00,20.0,43,2.1,200,88,264,47
2001-10-20 18:00:00,15.0,72,0.5,190,0,0,0
2001-10-20 19:00:00,11.0,87,1.5,170,0,0,0
2001-10-20 20:00:00,13.0,77,2.6,160,0,0,0
2001-10-20 21:00:00,13.0,72,3.1,170,0,0,0
2001-10-20 22:00:00,12.0,71,3.1,170,0,0,0
2001-10-20 23:00:00,13.0,62,2.6,170,0,0,0
2001-10-21 00:00:00,11.0,71,3.1,170,0,0,0
2001-10-21 01:00:00,11.0,76,2.1,180,0,0,0
2001-10-21 02:00:00,12.0,71,2.1,180,0,0,0
2001-10-21 03:00:00,11.0,87,2.6,170,0,0,0
2001-10-21 04:00:00,11.0,94,2.1,190,0,0,0
2001-10-21 05:00:00,11.0,94,2.1,180,0,0,0
2001-10-21 06:00:00,8.0,100,2.6,200,0,0,0
2001-10-21 07:00:00,10.0,100,1.5,200,3,87,1
2001-10-21 08:00:00,14.0,82,2.1,190,162,389,84
2001-10-21 09:00:00,17.0,68,3.6,200,323,571,112
2001-10-21 10:00:00,21.0,53,4.6,200,475,697,123
2001-10-21 11:00:00,24.0,41,4.1,190,575,726,140
2001-10-21 12:00:00,25.0,36,6.7,220,608,656,186
2001-10-21 13:00:00,26.0,34,5.1,190,622,760,138
2001-10-21 14:00:00,26.0,39,6.2,170,553,702,147
2001-10-21 15:00:00,25.0,47,5.1,170,415,624,120
2001-10-21 16:00:00,25.0,54,3.6,190,266,556,84
2001-10-21 17:00:00,22.0,60,5.1,180,87,278,45
2001-10-21 18:00:00,19.0,73,3.6,170,0,0,0
2001-10-21 19:00:00,18.0,88,3.1,160,0,0,0
2001-10-21 20:00:00,17.0,88,2.6,160,0,0,0
2001-10-21 21:00:00,16.0,94,3.1,180,0,0,0
2001-10-21 22:00:00,15.0,94,3.1,180,0,0,0
2001-10-21 23:00:00,16.0,94,3.1,190,0,0,0
2001-10-22 00:00:00,15.0,94,3.1,220,0,0,0
2001-10-22 01:00:00,15.0,94,3.1,230,0,0,0
2001-10-22 02:00:00,11.0,100,2.6,180,0,0,0
2001-10-22 03:00:00,12.0,100,2.6,180,0,0,0
2001-10-22 04:00:00,13.0,100,2.6,200,0,0,0
2001-10-22 05:00:00,12.0,100,2.1,220,0,0,0
2001-10-22 06:00:00,13.0,100,2.6,210,0,0,0
2001-10-22 07:00:00,13.0,100,2.6,230,2,72,1
2001-10-22 08:00:00,16.0,88,2.1,230,154,342,87
2001-10-22 09:00:00,18.0,73,2.1,230,331,621,104
2001-10-22 10:00:00,21.0,60,2.6,250,456,630,140
2001-10-22 11:00:00,24.0,44,2.6,310,556,660,164
2001-10-22 12:00:00,26.0,39,4.1,320,595,638,188
2001-10-22 13:00:00,26.0,39,3.1,300,610,712,160
2001-10-22 14:00:00,26.1,39,3.1,260,535,666,153
2001-10-22 15:00:00,26.0,39,3.1,230,414,630,120
2001-10-22 16:00:00,25.0,44,2.1,190,260,516,94
2001-10-22 17:00:00,23.0,50,1.5,160,90,302,46
2001-10-22 18:00:00,17.0,77,1.0,120,0,0,0
2001-10-22 19:00:00,17.0,72,2.1,150,0,0,0
2001-10-22 20:00:00,17.0,68,2.1,170,0,0,0
2001-10-22 21:00:00,17.0,68,1.5,150,0,0,0
2001-10-22 22:00:00,15.0,72,1.5,150,0,0,0
2001-10-22 23:00:00,15.0,72,2.1,160,0,0,0
2001-10-23 00:00:00,16.0,68,2.1,160,0,0,0
2001-10-23 01:00:00,16.0,63,2.6,140,0,0,0
2001-10-23 02:00:00,16.0,68,1.5,120,0,0,0
2001-10-23 03:00:00,12.0,88,2.1,90,0,0,0
2001-10-23 04:00:00,12.0,94,2.6,70,0,0,0
2001-10-23 05:00:00,10.0,93,0.5,100,0,0,0
2001-10-23 06:00:00,10.0,100,2.1,60,0,0,0
2001-10-23 07:00:00,9.0,100,2.1,80,1,10,1
2001-10-23 08:00:00,15.0,100,2.1,120,92,49,82
2001-10-23 09:00:00,18.0,83,2.6,160,275,352,148
2001-10-23 10:00:00,22.0,69,3.6,200,391,385,199
2001-10-23 11:00:00,25.0,61,4.6,190,532,527,221
2001-10-23 12:00:00,26.0,54,6.7,210,492,331,282
2001-10-23 13:00:00,26.0,54,6.2,190,491,359,266
2001-10-23 14:00:00,26.6,50,6.0,190,477,404,248
2001-10-23 15:00:00,27.0,48,5.7,180,116,0,116
2001-10-23 16:00:00,26.0,54,4.6,180,198,195,137
2001-10-23 17:00:00,24.0,61,3.1,170,85,290,44
2001-10-23 18:00:00,21.0,73,3.6,150,0,0,0
2001-10-23 19:00:00,21.0,78,3.6,160,0,0,0
2001-10-23 20:00:00,20.0,78,4.1,170,0,0,0
2001-10-23 21:00:00,19.0,88,4.1,170,0,0,0
2001-10-23 22:00:00,20.0,78,4.1,180,0,0,0
2001-10-23 23:00:00,19.0,83,4.1,200,0,0,0
2001-10-24 00:00:00,20.0,78,4.1,200,0,0,0
2001-10-24 01:00:00,20.0,73,4.6,210,0,0,0
2001-10-24 02:00:00,19.0,78,4.1,200,0,0,0
2001-10-24 03:00:00,18.0,83,3.6,210,0,0,0
2001-10-24 04:00:00,18.0,83,4.6,190,0,0,0
2001-10-24 05:00:00,18.0,83,3.6,210,0,0,0
2001-10-24 06:00:00,17.0,88,4.1,200,0,0,0
2001-10-24 07:00:00,17.0,82,2.6,270,1,59,1
2001-10-24 08:00:00,19.0,78,3.6,240,148,324,87
2001-10-24 09:00:00,21.0,73,4.1,210,290,478,119
2001-10-24 10:00:00,22.0,69,4.1,230,443,618,139
2001-10-24 11:00:00,26.0,51,5.1,220,550,678,154
2001-10-24 12:00:00,28.0,45,4.6,230,595,674,171
2001-10-24 13:00:00,29.0,40,4.1,220,598,718,151
2001-10-24 14:00:00,29.0,37,5.1,210,540,707,142
2001-10-24 15:00:00,29.0,37,5.1,230,397,588,128
2001-10-24 16:00:00,28.0,40,5.1,190,249,520,86
2001-10-24 17:00:00,25.0,47,3.6,170,76,248,42
2001-10-24 18:00:00,23.0,57,3.1,160,0,0,0
2001-10-24 19:00:00,21.0,64,3.6,180,0,0,0
2001-10-24 20:00:00,22.0,60,3.6,170,0,0,0
2001-10-24 21:00:00,20.0,68,3.1,180,0,0,0
2001-10-24 22:00:00,20.0,68,3.6,170,0,0,0
2001-10-24 23:00:00,21.0,69,4.1,170,0,0,0
2001-10-25 00:00:00,23.0,65,4.6,200,0,0,0
2001-10-25 01:00:00,22.0,69,4.6,190,0,0,0
2001-10-25 02:00:00,21.0,73,4.1,180,0,0,0
2001-10-25 03:00:00,22.0,73,4.6,200,0,0,0
2001-10-25 04:00:00,22.0,73,5.7,210,0,0,0
2001-10-25 05:00:00,22.0,78,6.2,210,0,0,0
2001-10-25 06:00:00,22.0,73,7.7,210,0,0,0
2001-10-25 07:00:00,22.0,78,5.1,230,0,29,0
2001-10-25 08:00:00,23.0,69,7.2,240,122,170,90
2001-10-25 09:00:00,25.0,57,7.7,240,283,421,134
2001-10-25 10:00:00,23.0,47,8.7,300,444,618,142
2001-10-25 11:00:00,23.7,33,7.2,310,544,672,154
2001-10-25 12:00:00,24.0,24,5.7,310,595,692,163
2001-10-25 13:00:00,25.0,8,6.7,260,592,712,152
2001-10-25 14:00:00,24.0,10,6.7,260,523,672,148
2001-10-25 15:00:00,24.0,10,6.7,260,407,652,112
2001-10-25 16:00:00,23.0,10,6.2,270,243,508,87
2001-10-25 17:00:00,21.0,10,6.7,290,79,282,41
2001-10-25 18:00:00,18.0,16,6.2,280,0,0,0
2001-10-25 19:00:00,17.0,17,3.6,280,0,0,0
2001-10-25 20:00:00,16.0,22,4.1,280,0,0,0
2001-10-25 21:00:00,16.0,19,4.6,290,0,0,0
2001-10-25 22:00:00,15.0,18,3.1,250,0,0,0
2001-10-25 23:00:00,10.0,39,4.1,190,0,0,0
2001-10-26 00:00:00,10.0,39,3.6,230,0,0,0
2001-10-26 01:00:00,11.0,36,3.1,250,0,0,0
2001-10-26 02:00:00,11.0,33,2.1,260,0,0,0
2001-10-26 03:00:00,9.0,38,2.6,230,0,0,0
2001-10-26 04:00:00,9.0,38,2.6,250,0,0,0
2001-10-26 05:00:00,7.0,48,2.6,220,0,0,0
2001-10-26 06:00:00,9.0,35,3.6,240,0,0,0
2001-10-26 07:00:00,11.0,28,7.2,270,0,42,0
2001-10-26 08:00:00,12.0,31,5.1,270,132,270,83
2001-10-26 09:00:00,13.0,27,5.1,260,298,554,104
2001-10-26 10:00:00,13.0,23,7.7,280,424,557,155
2001-10-26 11:00:00,15.0,22,7.7,280,544,599,199
2001-10-26 12:00:00,15.0,22,5.7,270,474,319,276
2001-10-26 13:00:00,15.0,20,8.7,300,473,323,275
2001-10-26 14:00:00,15.0,20,8.7,290,494,582,171
2001-10-26 15:00:00,13.0,25,9.8,310,380,511,150
2001-10-26 16:00:00,11.0,28,7.2,300,237,491,89
2001-10-26 17:00:00,10.0,30,7.7,290,78,335,34
2001-10-26 18:00:00,8.6,34,7.7,290,0,0,0
2001-10-26 19:00:00,8.0,34,7.7,290,0,0,0
2001-10-26 20:00:00,6.0,43,4.6,290,0,0,0
2001-10-26 21:00:00,7.0,40,7.2,280,0,0,0
2001-10-26 22:00:00,6.0,43,6.7,270,0,0,0
2001-10-26 23:00:00,8.0,34,7.2,270,0,0,0
2001-10-27 00:00:00,7.0,37,5.7,270,0,0,0
2001-10-27 01:00:00,7.0,40,4.1,270,0,0,0
2001-10-27 02:00:00,6.0,39,5.1,260,0,0,0
2001-10-27 03:00:00,6.0,39,5.7,270,0,0,0
2001-10-27 04:00:00,5.0,46,4.6,270,0,0,0
2001-10-27 05:00:00,7.0,40,4.1,260,0,0,0
2001-10-27 06:00:00,7.0,40,4.6,280,0,0,0
2001-10-27 07:00:00,6.0,51,4.6,280,0,0,0
2001-10-27 08:00:00,6.0,51,4.1,280,134,236,92
2001-10-27 09:00:00,8.0,44,7.7,310,284,498,112
2001-10-27 10:00:00,9.0,41,5.1,310,431,612,137
2001-10-27 11:00:00,10.0,42,8.7,310,520,581,187
2001-10-27 12:00:00,11.0,39,7.2,320,547,511,232
2001-10-27 13:00:00,9.0,41,6.7,320,337,96,279
2001-10-27 14:00:00,9.0,45,7.2,290,178,6,175
2001-10-27 15:00:00,8.8,48,7.0,300,374,435,181
2001-10-27 16:00:00,8.0,52,6.7,300,232,490,85
2001-10-27 17:00:00,8.0,57,6.7,290,76,338,34
2001-10-27 18:00:00,8.0,52,6.7,300,0,0,0
2001-10-27 19:00:00,7.0,61,5.1,300,0,0,0
2001-10-27 20:00:00,6.9,57,5.9,310,0,0,0
2001-10-27 21:00:00,7.0,52,6.7,320,0,0,0
2001-10-27 22:00:00,7.0,48,6.7,330,0,0,0
2001-10-27 23:00:00,6.0,51,5.1,330,0,0,0
2001-10-28 00:00:00,6.0,51,4.6,330,0,0,0
2001-10-28 01:00:00,6.0,51,5.7,330,0,0,0
2001-10-28 02:00:00,4.0,59,4.1,330,0,0,0
2001-10-28 03:00:00,4.0,59,4.6,330,0,0,0
2001-10-28 04:00:00,4.0,59,5.7,340,0,0,0
2001-10-28 05:00:00,3.0,58,5.1,340,0,0,0
2001-10-28 06:00:00,3.0,58,5.1,340,0,0,0
2001-10-28 07:00:00,3.0,53,4.1,360,0,0,0
2001-10-28 08:00:00,5.0,46,6.7,350,107,165,78
2001-10-28 09:00:00,7.0,40,8.2,350,299,479,136
2001-10-28 10:00:00,8.0,34,8.7,30,425,564,157
2001-10-28 11:00:00,9.0,32,7.2,350,526,618,175
2001-10-28 12:00:00,10.0,30,4.1,330,559,620,180
2001-10-28 13:00:00,11.0,28,5.1,10,580,706,154
2001-10-28 14:00:00,11.0,28,5.1,330,517,695,138
2001-10-28 15:00:00,11.0,28,4.1,320,395,652,109
2001-10-28 16:00:00,10.0,33,5.1,300,231,518,78
2001-10-28 17:00:00,9.0,35,4.6,330,61,192,38
2001-10-28 18:00:00,5.0,50,2.6,340,0,0,0
2001-10-28 19:00:00,7.0,44,1.0,310,0,0,0
2001-10-28 20:00:00,7.0,44,0.5,140,0,0,0
2001-10-28 21:00:00,2.0,73,0.5,180,0,0,0
2001-10-28 22:00:00,0.0,78,1.0,220,0,0,0
2001-10-28 23:00:00,-2.0,85,2.1,260,0,0,0
2001-10-29 00:00:00,0.0,78,0.5,250,0,0,0
2001-10-29 01:00:00,0.0,78,0.5,240,0,0,0
2001-10-29 02:00:00,0.0,85,0.5,240,0,0,0
2001-10-29 03:00:00,-1.0,85,0.5,230,0,0,0
2001-10-29 04:00:00,-1.0,92,0.5,220,0,0,0
2001-10-29 05:00:00,-2.0,92,1.5,210,0,0,0
2001-10-29 06:00:00,-3.0,100,1.5,290,0,0,0
2001-10-29 07:00:00,-2.0,92,0.5,280,0,0,0
2001-10-29 08:00:00,5.0,70,1.5,280,137,318,83
2001-10-29 09:00:00,8.0,48,2.1,270,300,612,93
2001-10-29 10:00:00,10.0,46,0.5,270,432,643,129
2001-10-29 11:00:00,12.0,37,2.1,260,526,666,151
2001-10-29 12:00:00,12.0,34,1.5,250,565,650,171
2001-10-29 13:00:00,14.0,30,1.0,240,574,712,147
2001-10-29 14:00:00,15.0,28,2.6,240,516,701,138
2001-10-29 15:00:00,15.0,28,3.6,240,384,622,113
2001-10-29 16:00:00,15.0,28,2.6,230,235,552,75
2001-10-29 17:00:00,12.0,37,2.6,220,67,294,33
2001-10-29 18:00:00,9.0,49,1.0,220,0,0,0
2001-10-29 19:00:00,5.0,70,1.5,210,0,0,0
2001-10-29 20:00:00,4.0,75,2.1,210,0,0,0
2001-10-29 21:00:00,4.0,75,2.6,210,0,0,0
2001-10-29 22:00:00,5.0,70,3.1,240,0,0,0
2001-10-29 23:00:00,6.0,65,3.1,270,0,0,0
2001-10-30 00:00:00,7.0,61,3.6,260,0,0,0
2001-10-30 01:00:00,7.0,61,4.1,280,0,0,0
2001-10-30 02:00:00,7.0,56,2.1,290,0,0,0
2001-10-30 03:00:00,6.0,60,0.5,220,0,0,0
2001-10-30 04:00:00,5.0,64,1.0,320,0,0,0
2001-10-30 05:00:00,5.0,64,1.5,320,0,0,0
2001-10-30 06:00:00,6.0,75,0.5,330,0,0,0
2001-10-30 07:00:00,7.0,76,1.5,330,0,0,0
2001-10-30 08:00:00,13.0,35,3.1,340,60,0,60
2001-10-30 09:00:00,15.0,30,4.1,360,279,417,140
2001-10-30 10:00:00,16.0,31,5.1,360,426,625,134
2001-10-30 11:00:00,17.0,32,2.6,300,526,678,147
2001-10-30 12:00:00,18.0,30,3.1,240,583,722,149
2001-10-30 13:00:00,18.0,30,1.0,180,574,730,140
2001-10-30 14:00:00,18.0,32,3.1,170,510,707,132
2001-10-30 15:00:00,18.0,34,2.6,150,378,610,116
2001-10-30 16:00:00,17.0,42,3.1,140,215,409,98
2001-10-30 17:00:00,14.0,51,2.1,120,42,63,34
2001-10-30 18:00:00,13.0,54,1.5,80,0,0,0
2001-10-30 19:00:00,12.0,62,2.1,70,0,0,0
2001-10-30 20:00:00,11.0,62,1.5,70,0,0,0
2001-10-30 21:00:00,7.0,81,1.0,40,0,0,0
2001-10-30 22:00:00,7.0,81,2.6,20,0,0,0
2001-10-30 23:00:00,5.0,81,1.5,30,0,0,0
2001-10-31 00:00:00,5.0,81,1.5,60,0,0,0
2001-10-31 01:00:00,4.0,87,1.0,60,0,0,0
2001-10-31 02:00:00,4.5,84,1.0,60,0,0,0
2001-10-31 03:00:00,5.0,81,1.0,60,0,0,0
2001-10-31 04:00:00,5.0,75,1.5,60,0,0,0
2001-10-31 05:00:00,6.0,81,1.0,30,0,0,0
2001-10-31 06:00:00,7.0,76,1.5,40,0,0,0
2001-10-31 07:00:00,8.0,66,1.0,60,0,0,0
2001-10-31 08:00:00,8.0,71,1.0,70,50,0,50
2001-10-31 09:00:00,10.0,76,1.5,90,122,0,122
2001-10-31 10:00:00,12.0,76,2.1,100,262,98,217
2001-10-31 11:00:00,14.0,67,1.0,150,508,551,202
2001-10-31 12:00:00,16.0,55,4.1,190,553,632,176
2001-10-31 13:00:00,18.0,45,5.7,180,544,646,163
2001-10-31 14:00:00,18.0,45,5.1,180,482,606,160
2001-10-31 15:00:00,18.0,45,4.1,170,356,516,136
2001-10-31 16:00:00,17.0,48,4.1,160,219,505,77
2001-10-31 17:00:00,14.0,59,3.1,170,58,231,33
2001-10-31 18:00:00,12.0,67,2.6,150,0,0,0
2001-10-31 19:00:00,11.0,76,2.6,150,0,0,0
2001-10-31 20:00:00,10.0,82,2.6,160,0,0,0
2001-10-31 21:00:00,10.0,87,3.6,180,0,0,0
2001-10-31 22:00:00,9.0,82,3.7,170,0,0,0
2001-10-31 23:00:00,8.0,87,3.9,180,0,0,0
2001-11-01 00:00:00,7.0,93,4.0,180,0,0,0
2000-11-01 01:00:00,6.0,74,4.2,350,0,0,0
2000-11-01 02:00:00,5.0,74,4.3,350,0,0,0
2000-11-01 03:00:00,4.0,69,4.5,360,0,0,0
2000-11-01 04:00:00,3.0,74,4.6,360,0,0,0
2000-11-01 05:00:00,3.0,74,4.6,330,0,0,0
2000-11-01 06:00:00,3.0,74,4.6,330,0,0,0
2000-11-01 07:00:00,3.0,74,3.6,310,0,0,0
2000-11-01 08:00:00,7.0,61,4.6,330,113,295,66
2000-11-01 09:00:00,9.0,49,8.7,340,281,570,96
2000-11-01 10:00:00,11.0,47,6.7,350,407,601,132
2000-11-01 11:00:00,12.0,47,4.1,330,508,654,149
2000-11-01 12:00:00,14.0,41,7.2,350,577,752,132
2000-11-01 13:00:00,15.0,41,7.7,330,568,766,120
2000-11-01 14:00:00,15.0,39,5.7,330,481,659,135
2000-11-01 15:00:00,16.0,36,4.6,320,372,645,101
2000-11-01 16:00:00,15.0,39,4.6,320,218,538,69
2000-11-01 17:00:00,13.0,47,6.2,310,57,306,25
2000-11-01 18:00:00,11.0,50,4.1,300,0,0,0
2000-11-01 19:00:00,10.0,54,3.6,320,0,0,0
2000-11-01 20:00:00,10.0,54,2.6,360,0,0,0
2000-11-01 21:00:00,8.0,61,2.6,350,0,0,0
2000-11-01 22:00:00,7.0,66,3.6,340,0,0,0
2000-11-01 23:00:00,8.0,61,3.6,360,0,0,0
2000-11-02 00:00:00,7.0,66,3.6,350,0,0,0
2000-11-02 01:00:00,4.0,69,1.5,310,0,0,0
2000-11-02 02:00:00,4.0,69,1.0,180,0,0,0
2000-11-02 03:00:00,2.0,93,0.0,0,0,0,0
2000-11-02 04:00:00,2.0,93,1.0,190,0,0,0
2000-11-02 05:00:00,2.0,93,1.5,340,0,0,0
2000-11-02 06:00:00,2.0,93,2.6,330,0,0,0
2000-11-02 07:00:00,4.0,81,3.6,340,0,0,0
2000-11-02 08:00:00,8.0,66,5.1,340,115,327,64
2000-11-02 09:00:00,11.0,47,6.7,360,281,590,92
2000-11-02 10:00:00,13.0,41,6.7,340,401,589,134
2000-11-02 11:00:00,15.0,36,4.6,360,514,697,135
2000-11-02 12:00:00,16.0,28,4.6,20,547,668,155
2000-11-02 13:00:00,17.0,27,3.6,310,538,670,150
2000-11-02 14:00:00,18.0,25,3.6,330,475,659,132
2000-11-02 15:00:00,18.0,21,4.6,310,366,633,102
2000-11-02 16:00:00,18.0,23,4.6,320,218,560,65
2000-11-02 17:00:00,15.0,30,3.6,300,56,322,23
2000-11-02 18:00:00,13.0,38,4.1,310,0,0,0
2000-11-02 19:00:00,8.0,61,2.1,120,0,0,0
2000-11-02 20:00:00,8.0,57,3.6,290,0,0,0
2000-11-02 21:00:00,10.0,50,2.1,50,0,0,0
2000-11-02 22:00:00,8.0,57,2.6,330,0,0,0
2000-11-02 23:00:00,7.0,61,1.0,330,0,0,0
2000-11-03 00:00:00,6.0,60,1.5,20,0,0,0
2000-11-03 01:00:00,5.0,70,0.3,30,0,0,0
2000-11-03 02:00:00,6.0,70,0.0,0,0,0,0
2000-11-03 03:00:00,4.0,75,0.0,0,0,0,0
2000-11-03 04:00:00,4.0,81,0.0,0,0,0,0
2000-11-03 05:00:00,4.0,81,0.0,0,0,0,0
2000-11-03 06:00:00,4.0,81,1.4,230,0,0,0
2000-11-03 07:00:00,3.0,87,1.0,260,0,0,0
2000-11-03 08:00:00,8.0,87,0.0,0,64,7,63
2000-11-03 09:00:00,11.0,71,0.8,30,260,368,144
2000-11-03 10:00:00,16.0,28,1.5,60,394,577,135
2000-11-03 11:00:00,18.0,25,2.6,300,502,667,142
2000-11-03 12:00:00,20.0,22,1.0,20,565,740,134
2000-11-03 13:00:00,21.0,19,5.1,280,538,688,142
2000-11-03 14:00:00,21.0,21,4.5,270,475,629,150
2000-11-03 15:00:00,21.0,23,3.9,260,295,269,184
2000-11-03 16:00:00,19.0,30,3.2,250,104,57,88
2000-11-03 17:00:00,16.0,39,2.6,240,51,160,36
2000-11-03 18:00:00,14.0,51,1.5,150,0,0,0
2000-11-03 19:00:00,12.0,58,3.1,140,0,0,0
2000-11-03 20:00:00,11.0,66,1.0,210,0,0,0
2000-11-03 21:00:00,11.0,71,2.1,190,0,0,0
2000-11-03 22:00:00,9.0,81,1.5,220,0,0,0
2000-11-03 23:00:00,9.0,71,1.0,210,0,0,0
2000-11-04 00:00:00,9.0,81,2.1,160,0,0,0
2000-11-04 01:00:00,10.0,71,2.1,170,0,0,0
2000-11-04 02:00:00,11.0,66,2.1,260,0,0,0
2000-11-04 03:00:00,12.0,67,2.1,340,0,0,0
2000-11-04 04:00:00,12.0,71,2.6,320,0,0,0
2000-11-04 05:00:00,11.0,76,1.5,290,0,0,0
2000-11-04 06:00:00,12.0,76,5.1,320,0,0,0
2000-11-04 07:00:00,11.0,76,3.6,330,0,0,0
2000-11-04 08:00:00,13.0,77,2.6,330,65,8,64
2000-11-04 09:00:00,16.0,55,5.7,330,80,0,80
2000-11-04 10:00:00,17.0,59,4.1,310,283,178,204
2000-11-04 11:00:00,18.0,45,5.7,310,339,139,264
2000-11-04 12:00:00,18.0,45,5.1,300,493,439,238
2000-11-04 13:00:00,19.0,40,5.7,300,479,437,229
2000-11-04 14:00:00,19.0,30,7.7,300,326,148,250
2000-11-04 15:00:00,18.0,34,7.2,290,175,35,160
2000-11-04 16:00:00,16.0,42,6.2,320,49,0,49
2000-11-04 17:00:00,15.0,41,5.7,310,19,0,19
2000-11-04 18:00:00,14.0,44,5.1,320,0,0,0
2000-11-04 19:00:00,14.0,43,4.6,300,0,0,0
2000-11-04 20:00:00,14.0,41,4.6,290,0,0,0
2000-11-04 21:00:00,14.0,38,5.1,300,0,0,0
2000-11-04 22:00:00,14.0,38,6.2,310,0,0,0
2000-11-04 23:00:00,13.0,41,7.2,330,0,0,0
2000-11-05 00:00:00,12.0,47,7.2,330,0,0,0
2000-11-05 01:00:00,11.0,54,5.1,330,0,0,0
2000-11-05 02:00:00,11.0,54,5.1,320,0,0,0
2000-11-05 03:00:00,9.0,61,4.6,310,0,0,0
2000-11-05 04:00:00,8.0,66,5.1,330,0,0,0
2000-11-05 05:00:00,8.0,61,4.6,310,0,0,0
2000-11-05 06:00:00,8.0,57,5.1,310,0,0,0
2000-11-05 07:00:00,6.0,65,4.6,320,0,0,0
2000-11-05 08:00:00,9.0,53,5.1,320,66,23,63
2000-11-05 09:00:00,10.0,46,7.2,330,254,369,141
2000-11-05 10:00:00,12.0,40,8.7,300,369,504,147
2000-11-05 11:00:00,12.0,40,8.2,330,471,594,155
2000-11-05 12:00:00,13.0,35,10.8,330,529,524,228
2000-11-05 13:00:00,13.0,35,8.2,340,260,102,202
2000-11-05 14:00:00,14.0,30,10.3,340,441,469,202
2000-11-05 15:00:00,13.0,29,9.8,320,338,550,115
2000-11-05 16:00:00,12.0,31,8.2,350,201,417,92
2000-11-05 17:00:00,11.0,36,5.7,350,34,92,26
2000-11-05 18:00:00,8.0,44,3.6,350,0,0,0
2000-11-05 19:00:00,8.0,48,3.6,340,0,0,0
2000-11-05 20:00:00,6.0,55,2.6,340,0,0,0
2000-11-05 21:00:00,6.0,51,3.1,340,0,0,0
2000-11-05 22:00:00,5.0,55,3.4,350,0,0,0
2000-11-05 23:00:00,3.0,68,3.6,360,0,0,0
2000-11-06 00:00:00,3.0,68,3.9,10,0,0,0
2000-11-06 01:00:00,3.0,68,4.1,20,0,0,0
2000-11-06 02:00:00,3.0,68,4.1,360,0,0,0
2000-11-06 03:00:00,2.0,73,4.1,330,0,0,0
2000-11-06 04:00:00,1.0,67,3.6,330,0,0,0
2000-11-06 05:00:00,0.0,85,3.6,310,0,0,0
2000-11-06 06:00:00,-1.0,92,4.1,330,0,0,0
2000-11-06 07:00:00,0.0,78,4.6,350,0,0,0
2000-11-06 08:00:00,4.0,75,5.7,360,101,261,64
2000-11-06 09:00:00,7.0,56,5.1,350,248,446,112
2000-11-06 10:00:00,8.0,48,5.7,340,376,516,150
2000-11-06 11:00:00,10.0,42,4.1,340,477,624,148
2000-11-06 12:00:00,11.0,39,5.1,290,529,668,148
2000-11-06 13:00:00,12.0,37,5.1,270,532,712,131
2000-11-06 14:00:00,13.0,32,5.7,300,463,677,122
2000-11-06 15:00:00,13.0,32,4.1,280,348,620,100
2000-11-06 16:00:00,13.0,32,2.1,330,196,501,67
2000-11-06 17:00:00,10.0,39,2.6,320,39,206,21
2000-11-06 18:00:00,7.0,52,2.3,290,0,0,0
2000-11-06 19:00:00,2.0,73,2.1,260,0,0,0
2000-11-06 20:00:00,2.0,80,1.8,230,0,0,0
2000-11-06 21:00:00,1.0,79,1.5,200,0,0,0
2000-11-06 22:00:00,-1.0,100,2.6,200,0,0,0
2000-11-06 23:00:00,0.0,85,0.0,0,0,0,0
2000-11-07 00:00:00,0.0,92,0.3,10,0,0,0
2000-11-07 01:00:00,-1.0,92,0.7,30,0,0,0
2000-11-07 02:00:00,0.0,92,1.0,40,0,0,0
2000-11-07 03:00:00,0.0,92,1.2,70,0,0,0
2000-11-07 04:00:00,1.0,93,1.3,110,0,0,0
2000-11-07 05:00:00,1.0,93,1.5,140,0,0,0
2000-11-07 06:00:00,2.0,93,1.0,200,0,0,0
2000-11-07 07:00:00,4.0,93,1.7,150,0,0,0
2000-11-07 08:00:00,5.0,100,2.4,90,46,0,46
2000-11-07 09:00:00,8.0,61,3.1,40,161,89,134
2000-11-07 10:00:00,10.0,66,4.1,80,211,61,185
2000-11-07 11:00:00,12.0,62,2.6,100,446,418,227
2000-11-07 12:00:00,13.0,51,2.6,110,517,626,163
2000-11-07 13:00:00,14.0,47,1.5,100,508,634,154
2000-11-07 14:00:00,16.0,42,2.1,30,452,647,128
2000-11-07 15:00:00,16.0,42,2.4,30,348,638,95
2000-11-07 16:00:00,16.0,45,2.6,30,200,546,61
2000-11-07 17:00:00,13.4,53,2.6,100,41,263,19
2000-11-07 18:00:00,11.0,62,2.6,160,0,0,0
2000-11-07 19:00:00,9.0,49,2.6,130,0,0,0
2000-11-07 20:00:00,7.4,36,2.6,90,0,0,0
2000-11-07 21:00:00,6.0,87,2.3,60,0,0,0
2000-11-07 22:00:00,6.6,89,2.0,30,0,0,0
2000-11-07 23:00:00,7.2,91,1.6,10,0,0,0
2000-11-08 00:00:00,8.0,93,1.3,340,0,0,0
2000-11-08 01:00:00,9.0,87,1.0,310,0,0,0
2000-11-08 02:00:00,9.0,93,1.5,150,0,0,0
2000-11-08 03:00:00,9.0,87,1.5,310,0,0,0
2000-11-08 04:00:00,10.0,87,1.0,10,0,0,0
2000-11-08 05:00:00,8.0,93,1.5,350,0,0,0
2000-11-08 06:00:00,5.0,100,1.5,180,0,0,0
2000-11-08 07:00:00,5.0,100,0.5,240,0,0,0
2000-11-08 08:00:00,5.0,100,1.0,320,47,0,47
2000-11-08 09:00:00,5.0,100,1.5,30,66,0,66
2000-11-08 10:00:00,14.0,63,2.6,320,152,0,152
2000-11-08 11:00:00,16.0,51,1.5,240,207,12,201
2000-11-08 12:00:00,17.0,48,1.5,260,341,126,270
2000-11-08 13:00:00,17.0,48,2.1,40,508,449,260
2000-11-08 14:00:00,18.0,45,2.2,60,223,42,202
2000-11-08 15:00:00,18.0,49,2.4,80,201,64,176
2000-11-08 16:00:00,18.0,52,2.5,90,117,51,104
2000-11-08 17:00:00,16.0,59,2.6,110,23,13,22
2000-11-08 18:00:00,15.0,67,2.6,110,0,0,0
2000-11-08 19:00:00,13.0,72,1.5,170,0,0,0
2000-11-08 20:00:00,13.0,72,1.5,170,0,0,0
2000-11-08 21:00:00,13.0,72,1.7,160,0,0,0
2000-11-08 22:00:00,13.0,72,1.8,150,0,0,0
2000-11-08 23:00:00,11.0,82,2.0,140,0,0,0
2000-11-09 00:00:00,12.0,76,2.1,130,0,0,0
2000-11-09 01:00:00,12.5,77,2.1,120,0,0,0
2000-11-09 02:00:00,13.0,77,2.1,100,0,0,0
2000-11-09 03:00:00,13.0,77,2.1,80,0,0,0
2000-11-09 04:00:00,13.0,82,1.8,110,0,0,0
2000-11-09 05:00:00,13.0,82,1.5,140,0,0,0
2000-11-09 06:00:00,12.0,88,2.1,150,0,0,0
2000-11-09 07:00:00,12.0,88,2.1,110,0,0,0
2000-11-09 08:00:00,13.0,82,2.1,120,12,0,12
2000-11-09 09:00:00,14.0,88,2.6,140,88,0,88
2000-11-09 10:00:00,15.0,88,4.6,170,119,0,119
2000-11-09 11:00:00,16.0,94,3.1,170,145,0,145
2000-11-09 12:00:00,16.0,94,2.6,180,91,0,91
2000-11-09 13:00:00,17.0,94,3.6,140,89,0,89
2000-11-09 14:00:00,18.0,94,4.1,140,314,178,227
2000-11-09 15:00:00,17.0,100,4.1,120,98,0,98
2000-11-09 16:00:00,16.0,100,3.1,140,92,17,88
2000-11-09 17:00:00,15.0,100,3.6,140,11,0,11
2000-11-09 18:00:00,15.0,100,3.1,130,0,0,0
2000-11-09 19:00:00,15.0,100,3.6,130,0,0,0
2000-11-09 20:00:00,15.0,100,3.6,140,0,0,0
2000-11-09 21:00:00,16.0,100,3.1,150,0,0,0
2000-11-09 22:00:00,16.0,100,4.1,130,0,0,0
2000-11-09 23:00:00,17.0,100,4.1,150,0,0,0
2000-11-10 00:00:00,18.0,100,5.7,170,0,0,0
2000-11-10 01:00:00,19.0,100,6.2,180,0,0,0
2000-11-10 02:00:00,19.0,100,6.2,180,0,0,0
2000-11-10 03:00:00,19.0,100,5.1,170,0,0,0
2000-11-10 04:00:00,11.0,100,5.1,310,0,0,0
2000-11-10 05:00:00,10.0,100,3.6,330,0,0,0
2000-11-10 06:00:00,11.0,100,3.6,300,0,0,0
2000-11-10 07:00:00,10.0,100,3.1,290,0,0,0
2000-11-10 08:00:00,12.0,88,4.1,280,98,311,59
2000-11-10 09:00:00,14.0,72,4.6,260,244,551,85
2000-11-10 10:00:00,15.0,59,8.2,290,364,425,185
2000-11-10 11:00:00,15.0,55,8.2,300,126,0,126
2000-11-10 12:00:00,16.0,48,9.8,270,499,494,226
2000-11-10 13:00:00,15.0,51,12.9,320,508,670,142
2000-11-10 14:00:00,14.0,55,9.8,290,428,581,144
2000-11-10 15:00:00,14.0,55,12.3,290,309,427,145
2000-11-10 16:00:00,13.0,58,9.8,300,131,129,99
2000-11-10 17:00:00,12.0,62,9.8,290,19,9,19
2000-11-10 18:00:00,11.0,66,10.8,290,0,0,0
2000-11-10 19:00:00,10.0,71,9.3,290,0,0,0
2000-11-10 20:00:00,10.0,71,7.7,290,0,0,0
2000-11-10 21:00:00,10.0,71,8.7,290,0,0,0
2000-11-10 22:00:00,10.0,71,9.3,290,0,0,0
2000-11-10 23:00:00,9.0,76,8.7,300,0,0,0
2000-11-11 00:00:00,9.0,76,9.3,290,0,0,0
2000-11-11 01:00:00,9.0,76,7.7,290,0,0,0
2000-11-11 02:00:00,9.0,76,6.7,300,0,0,0
2000-11-11 03:00:00,10.0,71,8.2,310,0,0,0
2000-11-11 04:00:00,10.0,71,7.7,310,0,0,0
2000-11-11 05:00:00,10.0,76,9.3,310,0,0,0
2000-11-11 06:00:00,10.0,76,7.7,320,0,0,0
2000-11-11 07:00:00,10.0,71,7.2,310,0,0,0
2000-11-11 08:00:00,10.0,71,8.2,320,101,355,57
2000-11-11 09:00:00,11.0,71,7.7,310,259,641,77
2000-11-11 10:00:00,12.0,67,10.8,320,411,782,85
2000-11-11 11:00:00,12.0,67,9.3,330,510,825,92
2000-11-11 12:00:00,13.0,62,8.7,310,560,849,93
2000-11-11 13:00:00,14.0,59,8.7,340,549,843,92
2000-11-11 14:00:00,14.0,59,9.3,330,485,830,82
2000-11-11 15:00:00,14.0,59,11.3,320,358,742,74
2000-11-11 16:00:00,13.0,62,9.3,320,198,599,54
2000-11-11 17:00:00,11.0,71,7.2,330,35,262,16
2000-11-11 18:00:00,11.0,71,9.3,340,0,0,0
2000-11-11 19:00:00,10.0,76,6.2,350,0,0,0
2000-11-11 20:00:00,10.0,76,8.7,350,0,0,0
2000-11-11 21:00:00,10.0,76,7.2,340,0,0,0
2000-11-11 22:00:00,9.0,76,9.8,340,0,0,0
2000-11-11 23:00:00,8.0,81,7.7,350,0,0,0
2000-11-12 00:00:00,8.0,81,6.2,330,0,0,0
2000-11-12 01:00:00,7.0,81,5.1,10,0,0,0
2000-11-12 02:00:00,6.0,87,5.7,360,0,0,0
2000-11-12 03:00:00,5.0,93,5.7,340,0,0,0
2000-11-12 04:00:00,4.0,93,4.6,350,0,0,0
2000-11-12 05:00:00,4.0,93,4.1,330,0,0,0
2000-11-12 06:00:00,4.0,93,4.6,340,0,0,0
2000-11-12 07:00:00,4.0,93,4.1,350,0,0,0
2000-11-12 08:00:00,6.0,87,5.1,340,78,163,58
2000-11-12 09:00:00,8.0,76,4.6,340,230,501,90
2000-11-12 10:00:00,9.0,76,4.1,340,358,567,124
2000-11-12 11:00:00,10.0,71,3.4,340,466,668,131
2000-11-12 12:00:00,11.0,66,2.6,330,505,668,141
2000-11-12 13:00:00,12.0,62,3.0,330,490,640,146
2000-11-12 14:00:00,13.0,62,3.4,320,440,664,120
2000-11-12 15:00:00,12.0,67,3.7,320,320,566,105
2000-11-12 16:00:00,11.0,71,4.1,310,168,425,67
2000-11-12 17:00:00,9.0,81,4.1,320,26,138,17
2000-11-12 18:00:00,7.0,87,3.1,340,0,0,0
2000-11-12 19:00:00,6.0,93,3.1,360,0,0,0
2000-11-12 20:00:00,5.0,100,2.6,360,0,0,0
2000-11-12 21:00:00,5.0,100,2.6,350,0,0,0
2000-11-12 22:00:00,3.0,100,2.1,340,0,0,0
2000-11-12 23:00:00,3.0,100,2.1,350,0,0,0
2000-11-13 00:00:00,3.0,100,2.6,10,0,0,0
2000-11-13 01:00:00,3.0,100,2.1,30,0,0,0
2000-11-13 02:00:00,3.0,100,2.1,10,0,0,0
2000-11-13 03:00:00,1.0,100,2.1,10,0,0,0
2000-11-13 04:00:00,2.0,100,1.1,40,0,0,0
2000-11-13 05:00:00,2.0,100,1.2,10,0,0,0
2000-11-13 06:00:00,1.0,100,1.5,50,0,0,0
2000-11-13 07:00:00,0.0,100,1.7,80,0,0,0
2000-11-13 08:00:00,3.0,100,2.6,90,93,322,56
2000-11-13 09:00:00,7.0,100,2.6,130,239,392,130
2000-11-13 10:00:00,10.0,87,3.1,180,252,160,187
2000-11-13 11:00:00,11.6,78,3.9,180,158,0,158
2000-11-13 12:00:00,13.0,72,4.6,180,475,464,224
2000-11-13 13:00:00,13.0,72,4.6,200,414,323,241
2000-11-13 14:00:00,13.0,72,4.6,160,285,136,220
2000-11-13 15:00:00,13.0,72,3.6,190,114,0,114
2000-11-13 16:00:00,11.0,82,2.6,140,77,0,77
2000-11-13 17:00:00,10.0,87,2.6,140,13,0,13
2000-11-13 18:00:00,10.0,87,2.6,140,0,0,0
2000-11-13 19:00:00,10.0,93,4.1,130,0,0,0
2000-11-13 20:00:00,9.0,100,2.1,160,0,0,0
2000-11-13 21:00:00,9.0,93,2.6,150,0,0,0
2000-11-13 22:00:00,9.0,100,3.6,160,0,0,0
2000-11-13 23:00:00,9.0,100,3.1,160,0,0,0
2000-11-14 00:00:00,9.0,100,2.6,160,0,0,0
2000-11-14 01:00:00,9.0,100,3.1,150,0,0,0
2000-11-14 02:00:00,9.0,100,2.6,150,0,0,0
2000-11-14 03:00:00,9.0,100,2.6,150,0,0,0
2000-11-14 04:00:00,9.0,100,1.5,190,0,0,0
2000-11-14 05:00:00,9.0,100,2.1,160,0,0,0
2000-11-14 06:00:00,9.0,100,2.1,210,0,0,0
2000-11-14 07:00:00,9.0,100,2.9,250,0,0,0
2000-11-14 08:00:00,9.0,100,3.6,280,14,0,14
2000-11-14 09:00:00,9.0,100,4.1,340,37,0,37
2000-11-14 10:00:00,8.0,100,3.6,290,60,0,60
2000-11-14 11:00:00,9.0,100,3.1,350,76,0,76
2000-11-14 12:00:00,9.0,93,3.6,330,85,0,85
2000-11-14 13:00:00,10.0,82,3.6,310,100,0,100
2000-11-14 14:00:00,11.0,71,9.3,300,399,427,197
2000-11-14 15:00:00,12.0,50,7.2,320,319,572,106
2000-11-14 16:00:00,10.0,46,10.8,290,163,413,67
2000-11-14 17:00:00,7.0,52,9.3,310,25,144,16
2000-11-14 18:00:00,7.0,48,13.4,330,0,0,0
2000-11-14 19:00:00,6.0,51,10.8,320,0,0,0
2000-11-14 20:00:00,4.0,64,4.6,280,0,0,0
2000-11-14 21:00:00,4.0,64,7.7,310,0,0,0
2000-11-14 22:00:00,4.0,69,6.2,320,0,0,0
2000-11-14 23:00:00,3.0,74,7.7,290,0,0,0
2000-11-15 00:00:00,2.0,73,3.1,270,0,0,0
2000-11-15 01:00:00,2.0,80,2.1,200,0,0,0
2000-11-15 02:00:00,2.0,73,3.1,290,0,0,0
2000-11-15 03:00:00,2.0,73,7.2,290,0,0,0
2000-11-15 04:00:00,3.0,68,6.7,300,0,0,0
2000-11-15 05:00:00,3.0,74,7.2,290,0,0,0
2000-11-15 06:00:00,3.0,74,5.7,280,0,0,0
2000-11-15 07:00:00,1.0,79,3.1,250,0,0,0
2000-11-15 08:00:00,3.0,74,2.6,250,85,212,62
2000-11-15 09:00:00,6.0,60,10.3,290,188,310,104
2000-11-15 10:00:00,6.0,60,11.8,290,326,450,146
2000-11-15 11:00:00,7.0,52,9.8,270,391,413,188
2000-11-15 12:00:00,7.0,52,10.8,310,432,409,214
2000-11-15 13:00:00,6.0,60,9.3,290,366,203,259
2000-11-15 14:00:00,5.0,59,9.8,300,394,445,184
2000-11-15 15:00:00,6.0,51,11.8,300,303,525,109
2000-11-15 16:00:00,6.0,51,9.3,310,167,462,61
2000-11-15 17:00:00,5.0,55,8.2,310,27,209,14
2000-11-15 18:00:00,4.0,59,5.7,330,0,0,0
2000-11-15 19:00:00,3.0,63,5.7,310,0,0,0
2000-11-15 20:00:00,3.0,68,4.6,310,0,0,0
2000-11-15 21:00:00,3.0,68,6.7,330,0,0,0
2000-11-15 22:00:00,2.0,73,4.6,330,0,0,0
2000-11-15 23:00:00,1.0,79,3.6,330,0,0,0
2000-11-16 00:00:00,0.0,78,1.5,10,0,0,0
2000-11-16 01:00:00,-1.0,85,1.8,10,0,0,0
2000-11-16 02:00:00,-2.0,92,2.1,360,0,0,0
2000-11-16 03:00:00,-3.0,100,1.9,50,0,0,0
2000-11-16 04:00:00,-3.0,100,1.7,90,0,0,0
2000-11-16 05:00:00,-3.0,100,1.5,140,0,0,0
2000-11-16 06:00:00,-4.0,100,2.1,160,0,0,0
2000-11-16 07:00:00,-3.0,100,2.6,180,0,0,0
2000-11-16 08:00:00,-2.0,100,1.5,150,44,0,44
2000-11-16 09:00:00,4.0,81,3.6,180,211,452,91
2000-11-16 10:00:00,5.0,81,4.6,190,326,426,157
2000-11-16 11:00:00,6.0,75,5.1,180,328,188,236
2000-11-16 12:00:00,8.0,66,5.7,190,311,102,256
2000-11-16 13:00:00,11.0,50,6.7,190,408,329,235
2000-11-16 14:00:00,10.0,54,5.7,210,416,492,186
2000-11-16 15:00:00,10.0,57,5.7,210,173,58,151
2000-11-16 16:00:00,9.0,61,5.1,200,33,0,33
2000-11-16 17:00:00,9.0,61,4.6,210,24,87,19
2000-11-16 18:00:00,8.0,71,3.1,190,0,0,0
2000-11-16 19:00:00,8.0,71,3.6,190,0,0,0
2000-11-16 20:00:00,9.0,66,4.6,210,0,0,0
2000-11-16 21:00:00,9.0,66,4.6,210,0,0,0
2000-11-16 22:00:00,7.0,93,5.1,210,0,0,0
2000-11-16 23:00:00,7.0,93,3.6,200,0,0,0
2000-11-17 00:00:00,7.0,93,6.2,210,0,0,0
2000-11-17 01:00:00,7.0,93,5.7,220,0,0,0
2000-11-17 02:00:00,7.0,93,3.6,230,0,0,0
2000-11-17 03:00:00,7.0,93,2.6,290,0,0,0
2000-11-17 04:00:00,7.0,93,1.5,240,0,0,0
2000-11-17 05:00:00,6.0,100,1.5,40,0,0,0
2000-11-17 06:00:00,4.0,100,2.1,200,0,0,0
2000-11-17 07:00:00,2.0,100,2.6,190,0,0,0
2000-11-17 08:00:00,2.0,100,2.6,230,76,227,53
2000-11-17 09:00:00,5.0,100,2.6,220,227,544,84
2000-11-17 10:00:00,10.0,87,4.6,220,340,562,119
2000-11-17 11:00:00,12.0,58,4.6,270,429,589,144
2000-11-17 12:00:00,13.0,51,4.1,270,481,632,148
2000-11-17 13:00:00,12.0,44,7.2,290,490,700,126
2000-11-17 14:00:00,12.0,44,7.7,330,405,575,138
2000-11-17 15:00:00,11.0,43,9.3,300,291,496,111
2000-11-17 16:00:00,8.0,41,7.7,320,166,345,89
2000-11-17 17:00:00,6.0,47,10.8,320,12,0,12
2000-11-17 18:00:00,5.0,59,10.8,320,0,0,0
2000-11-17 19:00:00,4.0,59,9.8,310,0,0,0
2000-11-17 20:00:00,4.0,59,7.7,310,0,0,0
2000-11-17 21:00:00,3.0,68,6.2,290,0,0,0
2000-11-17 22:00:00,3.0,68,8.2,300,0,0,0
2000-11-17 23:00:00,2.0,73,5.7,310,0,0,0
2000-11-18 00:00:00,2.0,73,5.7,300,0,0,0
2000-11-18 01:00:00,1.0,79,5.7,290,0,0,0
2000-11-18 02:00:00,0.0,85,3.6,260,0,0,0
2000-11-18 03:00:00,0.0,85,4.6,290,0,0,0
2000-11-18 04:00:00,0.0,78,5.1,280,0,0,0
2000-11-18 05:00:00,0.0,78,6.2,290,0,0,0
2000-11-18 06:00:00,0.0,78,5.7,290,0,0,0
2000-11-18 07:00:00,0.0,78,7.2,290,0,0,0
2000-11-18 08:00:00,1.0,72,6.2,310,48,0,48
2000-11-18 09:00:00,3.0,58,6.7,310,205,454,88
2000-11-18 10:00:00,4.0,54,8.2,310,354,624,111
2000-11-18 11:00:00,5.0,46,7.7,330,417,535,160
2000-11-18 12:00:00,6.0,47,6.9,310,488,674,135
2000-11-18 13:00:00,6.0,47,6.1,290,473,652,136
2000-11-18 14:00:00,6.0,43,5.2,260,416,557,159
2000-11-18 15:00:00,6.0,43,4.4,240,243,245,154
2000-11-18 16:00:00,5.0,50,3.6,220,100,67,85
2000-11-18 17:00:00,4.0,54,3.1,220,11,0,11
2000-11-18 18:00:00,3.0,63,2.6,180,0,0,0
2000-11-18 19:00:00,2.0,73,3.1,180,0,0,0
2000-11-18 20:00:00,3.0,68,3.6,220,0,0,0
2000-11-18 21:00:00,3.0,68,2.6,230,0,0,0
2000-11-18 22:00:00,3.0,68,2.6,220,0,0,0
2000-11-18 23:00:00,2.0,73,4.6,260,0,0,0
2000-11-19 00:00:00,3.0,68,3.6,290,0,0,0
2000-11-19 01:00:00,2.0,73,4.1,350,0,0,0
2000-11-19 02:00:00,1.0,79,5.1,310,0,0,0
2000-11-19 03:00:00,1.0,67,5.1,310,0,0,0
2000-11-19 04:00:00,1.0,72,4.6,340,0,0,0
2000-11-19 05:00:00,1.0,72,3.1,310,0,0,0
2000-11-19 06:00:00,0.0,78,2.6,210,0,0,0
2000-11-19 07:00:00,0.0,78,1.5,160,0,0,0
2000-11-19 08:00:00,1.0,72,3.6,310,0,0,0
2000-11-19 09:00:00,2.0,62,4.1,290,69,0,69
2000-11-19 10:00:00,2.0,57,4.6,320,160,12,156
2000-11-19 11:00:00,3.0,53,4.1,330,120,0,120
2000-11-19 12:00:00,3.0,53,3.7,310,128,0,128
2000-11-19 13:00:00,3.0,53,3.3,290,95,0,95
2000-11-19 14:00:00,3.0,53,2.9,270,74,0,74
2000-11-19 15:00:00,3.0,53,2.5,250,54,0,54
2000-11-19 16:00:00,3.0,53,2.1,230,43,0,43
2000-11-19 17:00:00,2.0,62,2.6,190,11,0,11
2000-11-19 18:00:00,1.0,67,2.1,150,0,0,0
2000-11-19 19:00:00,-1.0,78,1.0,100,0,0,0
2000-11-19 20:00:00,-2.0,85,1.5,150,0,0,0
2000-11-19 21:00:00,-3.0,92,1.5,140,0,0,0
2000-11-19 22:00:00,-4.0,100,2.3,180,0,0,0
2000-11-19 23:00:00,-4.0,100,3.1,210,0,0,0
2000-11-20 00:00:00,-3.0,100,2.6,200,0,0,0
2000-11-20 01:00:00,-2.0,100,4.1,210,0,0,0
2000-11-20 02:00:00,-2.0,100,4.1,240,0,0,0
2000-11-20 03:00:00,-3.0,100,3.6,230,0,0,0
2000-11-20 04:00:00,-3.0,100,3.6,230,0,0,0
2000-11-20 05:00:00,-2.0,100,4.1,220,0,0,0
2000-11-20 06:00:00,-3.0,100,3.1,200,0,0,0
2000-11-20 07:00:00,-2.0,100,5.7,210,0,0,0
2000-11-20 08:00:00,-1.0,100,5.1,220,0,0,0
2000-11-20 09:00:00,1.0,100,8.2,210,153,169,111
2000-11-20 10:00:00,4.0,87,7.7,200,335,482,150
2000-11-20 11:00:00,6.0,70,6.7,200,424,480,197
2000-11-20 12:00:00,6.0,65,6.7,190,256,60,225
2000-11-20 13:00:00,8.0,57,7.7,200,419,287,273
2000-11-20 14:00:00,10.0,50,6.2,220,85,0,85
2000-11-20 15:00:00,10.0,46,9.8,240,65,0,65
2000-11-20 16:00:00,3.0,93,10.3,290,33,0,33
2000-11-20 17:00:00,4.0,69,5.1,300,4,0,4
2000-11-20 18:00:00,3.0,74,6.7,310,0,0,0
2000-11-20 19:00:00,3.0,68,8.7,290,0,0,0
2000-11-20 20:00:00,2.0,67,6.2,290,0,0,0
2000-11-20 21:00:00,2.0,67,6.7,280,0,0,0
2000-11-20 22:00:00,1.0,61,6.2,280,0,0,0
2000-11-20 23:00:00,0.0,60,5.1,290,0,0,0
2000-11-21 00:00:00,-1.0,66,5.7,300,0,0,0
2000-11-21 01:00:00,-1.0,66,4.1,290,0,0,0
2000-11-21 02:00:00,-2.0,65,5.1,280,0,0,0
2000-11-21 03:00:00,-2.0,65,5.7,280,0,0,0
2000-11-21 04:00:00,-2.0,65,5.1,280,0,0,0
2000-11-21 05:00:00,-2.0,65,3.1,280,0,0,0
2000-11-21 06:00:00,-3.0,71,3.6,260,0,0,0
2000-11-21 07:00:00,-3.0,71,5.1,270,0,0,0
2000-11-21 08:00:00,-1.0,60,6.7,280,0,0,0
2000-11-21 09:00:00,0.0,51,6.7,280,123,46,112
2000-11-21 10:00:00,1.0,47,10.8,290,181,37,167
2000-11-21 11:00:00,1.0,43,9.8,300,152,0,152
2000-11-21 12:00:00,2.0,44,8.2,290,457,379,263
2000-11-21 13:00:00,2.0,40,9.3,290,248,54,221
2000-11-21 14:00:00,2.0,40,10.3,310,273,113,222
2000-11-21 15:00:00,2.0,37,10.3,300,188,82,160
2000-11-21 16:00:00,1.0,40,10.3,310,118,127,90
2000-11-21 17:00:00,0.0,43,7.2,300,15,44,13
2000-11-21 18:00:00,-1.0,46,10.3,300,0,0,0
2000-11-21 19:00:00,-2.0,50,12.3,300,0,0,0
2000-11-21 20:00:00,-2.0,50,8.7,300,0,0,0
2000-11-21 21:00:00,-3.0,55,9.3,290,0,0,0
2000-11-21 22:00:00,-3.0,55,9.8,290,0,0,0
2000-11-21 23:00:00,-4.0,65,7.7,280,0,0,0
2000-11-22 00:00:00,-4.0,59,5.1,280,0,0,0
2000-11-22 01:00:00,-4.0,59,6.7,300,0,0,0
2000-11-22 02:00:00,-4.0,59,8.7,280,0,0,0
2000-11-22 03:00:00,-4.0,59,4.6,280,0,0,0
2000-11-22 04:00:00,-4.0,54,6.2,280,0,0,0
2000-11-22 05:00:00,-4.4,59,7.0,280,0,0,0
2000-11-22 06:00:00,-5.0,65,7.7,280,0,0,0
2000-11-22 07:00:00,-5.0,59,7.7,280,0,0,0
2000-11-22 08:00:00,-4.0,50,7.2,280,0,0,0
2000-11-22 09:00:00,-3.0,46,9.3,280,209,516,82
2000-11-22 10:00:00,-2.0,42,5.1,270,329,588,108
2000-11-22 11:00:00,-1.0,35,7.7,300,430,675,116
2000-11-22 12:00:00,0.0,32,7.7,270,482,711,120
2000-11-22 13:00:00,2.0,26,8.7,270,467,676,126
2000-11-22 14:00:00,2.0,23,6.2,280,404,646,114
2000-11-22 15:00:00,3.0,24,7.7,240,291,547,99
2000-11-22 16:00:00,2.0,28,5.1,230,150,415,62
2000-11-22 17:00:00,0.0,32,4.1,230,15,67,11
2000-11-22 18:00:00,-2.0,38,3.6,230,0,0,0
2000-11-22 19:00:00,-2.0,46,4.1,260,0,0,0
2000-11-22 20:00:00,-1.0,42,7.2,300,0,0,0
2000-11-22 21:00:00,0.0,43,7.7,290,0,0,0
2000-11-22 22:00:00,-1.0,46,5.7,280,0,0,0
2000-11-22 23:00:00,-2.0,55,3.6,260,0,0,0
2000-11-23 00:00:00,-1.0,50,4.6,280,0,0,0
2000-11-23 01:00:00,-2.0,60,6.2,300,0,0,0
2000-11-23 02:00:00,-2.0,55,6.2,310,0,0,0
2000-11-23 03:00:00,-3.0,60,6.7,310,0,0,0
2000-11-23 04:00:00,-5.0,77,4.1,320,0,0,0
2000-11-23 05:00:00,-5.0,71,5.1,300,0,0,0
2000-11-23 06:00:00,-5.0,71,5.1,280,0,0,0
2000-11-23 07:00:00,-4.0,59,5.1,310,0,0,0
2000-11-23 08:00:00,-3.0,55,5.7,310,0,0,0
2000-11-23 09:00:00,-2.0,46,6.7,320,186,406,88
2000-11-23 10:00:00,-1.0,42,7.7,310,323,576,108
2000-11-23 11:00:00,0.0,36,7.2,330,431,681,116
2000-11-23 12:00:00,1.0,33,6.2,330,464,644,137
2000-11-23 13:00:00,2.0,31,6.7,350,449,616,140
2000-11-23 14:00:00,2.0,28,6.7,300,393,515,162
2000-11-23 15:00:00,2.0,26,6.2,310,215,169,156
2000-11-23 16:00:00,1.0,30,5.7,290,117,138,88
2000-11-23 17:00:00,-1.0,35,5.1,290,14,78,11
2000-11-23 18:00:00,-4.0,54,3.6,350,0,0,0
2000-11-23 19:00:00,-5.0,59,2.6,70,0,0,0
2000-11-23 20:00:00,-5.0,65,1.5,150,0,0,0
2000-11-23 21:00:00,-5.0,65,1.5,60,0,0,0
2000-11-23 22:00:00,-7.0,84,1.3,40,0,0,0
2000-11-23 23:00:00,-6.0,77,1.0,10,0,0,0
2000-11-24 00:00:00,-8.0,92,1.5,230,0,0,0
2000-11-24 01:00:00,-7.0,84,1.7,190,0,0,0
2000-11-24 02:00:00,-7.0,84,1.8,160,0,0,0
2000-11-24 03:00:00,-7.0,92,2.0,120,0,0,0
2000-11-24 04:00:00,-4.0,71,2.1,80,0,0,0
2000-11-24 05:00:00,-5.0,71,2.6,60,0,0,0
2000-11-24 06:00:00,-5.0,77,3.1,50,0,0,0
2000-11-24 07:00:00,-7.0,84,3.4,70,0,0,0
2000-11-24 08:00:00,-7.0,100,3.8,100,0,0,0
2000-11-24 09:00:00,-1.0,71,4.1,120,187,420,87
2000-11-24 10:00:00,1.0,56,5.1,100,310,483,132
2000-11-24 11:00:00,2.0,44,3.6,160,412,614,130
2000-11-24 12:00:00,2.0,48,3.6,210,470,681,127
2000-11-24 13:00:00,4.0,42,2.6,40,473,717,115
2000-11-24 14:00:00,4.0,42,2.6,170,393,604,124
2000-11-24 15:00:00,5.0,39,3.6,190,296,576,96
2000-11-24 16:00:00,4.0,45,2.6,170,140,376,62
2000-11-24 17:00:00,1.0,51,3.6,80,16,116,11
2000-11-24 18:00:00,0.0,55,2.1,100,0,0,0
2000-11-24 19:00:00,-3.0,71,1.5,80,0,0,0
2000-11-24 20:00:00,-3.0,77,2.6,70,0,0,0
2000-11-24 21:00:00,-4.0,84,2.3,100,0,0,0
2000-11-24 22:00:00,-6.0,92,2.1,130,0,0,0
2000-11-24 23:00:00,-4.0,84,1.8,160,0,0,0
2000-11-25 00:00:00,-3.0,92,1.5,190,0,0,0
2000-11-25 01:00:00,-2.0,92,2.0,150,0,0,0
2000-11-25 02:00:00,-2.0,92,2.6,110,0,0,0
2000-11-25 03:00:00,-2.0,92,3.1,70,0,0,0
2000-11-25 04:00:00,-3.0,100,2.6,120,0,0,0
2000-11-25 05:00:00,-2.0,100,1.5,10,0,0,0
2000-11-25 06:00:00,-1.0,100,3.6,80,0,0,0
2000-11-25 07:00:00,0.0,92,2.1,80,0,0,0
2000-11-25 08:00:00,-1.0,100,2.6,30,0,0,0
2000-11-25 09:00:00,0.9,91,2.8,50,55,0,55
2000-11-25 10:00:00,2.1,85,2.9,70,74,0,74
2000-11-25 11:00:00,3.0,81,3.1,90,76,0,76
2000-11-25 12:00:00,5.0,75,5.7,100,85,0,85
2000-11-25 13:00:00,3.0,93,4.1,80,77,0,77
2000-11-25 14:00:00,4.0,93,4.6,60,68,0,68
2000-11-25 15:00:00,3.0,100,4.6,70,54,0,54
2000-11-25 16:00:00,3.0,100,4.1,60,37,0,37
2000-11-25 17:00:00,3.0,100,6.7,70,8,0,8
2000-11-25 18:00:00,4.0,100,7.2,80,0,0,0
2000-11-25 19:00:00,4.0,100,7.2,70,0,0,0
2000-11-25 20:00:00,5.0,100,6.7,70,0,0,0
2000-11-25 21:00:00,6.0,100,6.2,70,0,0,0
2000-11-25 22:00:00,6.0,100,5.7,60,0,0,0
2000-11-25 23:00:00,7.0,100,5.1,70,0,0,0
2000-11-26 00:00:00,8.0,100,6.2,80,0,0,0
2000-11-26 01:00:00,10.0,100,5.7,90,0,0,0
2000-11-26 02:00:00,10.0,100,6.7,90,0,0,0
2000-11-26 03:00:00,10.0,100,4.6,100,0,0,0
2000-11-26 04:00:00,10.0,100,5.1,90,0,0,0
2000-11-26 05:00:00,10.0,100,5.7,90,0,0,0
2000-11-26 06:00:00,10.0,100,4.6,100,0,0,0
2000-11-26 07:00:00,10.0,100,3.1,120,0,0,0
2000-11-26 08:00:00,11.0,100,3.9,200,0,0,0
2000-11-26 09:00:00,11.0,100,4.6,270,102,33,95
2000-11-26 10:00:00,12.0,100,5.1,250,101,0,101
2000-11-26 11:00:00,7.0,100,7.2,300,95,0,95
2000-11-26 12:00:00,7.0,100,5.7,290,110,0,110
2000-11-26 13:00:00,9.0,93,5.1,270,219,36,201
2000-11-26 14:00:00,12.0,71,6.7,310,381,450,183
2000-11-26 15:00:00,12.0,71,5.1,290,285,559,94
2000-11-26 16:00:00,12.0,71,5.7,320,145,425,58
2000-11-26 17:00:00,10.0,82,3.1,320,13,91,10
2000-11-26 18:00:00,10.0,93,2.1,260,0,0,0
2000-11-26 19:00:00,9.0,100,2.1,250,0,0,0
2000-11-26 20:00:00,7.0,100,2.1,230,0,0,0
2000-11-26 21:00:00,4.0,100,2.6,180,0,0,0
2000-11-26 22:00:00,6.0,100,2.1,150,0,0,0
2000-11-26 23:00:00,7.0,100,1.5,180,0,0,0
2000-11-27 00:00:00,7.0,100,1.5,160,0,0,0
2000-11-27 01:00:00,7.0,100,2.1,170,0,0,0
2000-11-27 02:00:00,7.0,100,3.1,180,0,0,0
2000-11-27 03:00:00,7.0,100,3.1,220,0,0,0
2000-11-27 04:00:00,7.0,100,3.6,250,0,0,0
2000-11-27 05:00:00,7.0,100,3.6,300,0,0,0
2000-11-27 06:00:00,7.0,100,5.1,280,0,0,0
2000-11-27 07:00:00,7.0,87,4.1,280,0,0,0
2000-11-27 08:00:00,6.0,100,3.1,240,0,0,0
2000-11-27 09:00:00,9.0,81,4.6,250,174,383,87
2000-11-27 10:00:00,11.0,66,5.1,240,304,540,110
2000-11-27 11:00:00,12.0,54,5.1,250,413,627,131
2000-11-27 12:00:00,13.0,51,5.7,260,434,506,183
2000-11-27 13:00:00,12.0,54,6.7,270,325,173,240
2000-11-27 14:00:00,13.0,51,4.6,270,233,77,200
2000-11-27 15:00:00,12.0,58,3.1,290,247,326,136
2000-11-27 16:00:00,12.0,58,5.7,310,135,358,62
2000-11-27 17:00:00,10.0,66,5.7,300,15,144,9
2000-11-27 18:00:00,8.0,71,4.1,330,0,0,0
2000-11-27 19:00:00,8.0,71,4.6,330,0,0,0
2000-11-27 20:00:00,6.0,75,2.1,280,0,0,0
2000-11-27 21:00:00,5.0,87,1.5,50,0,0,0
2000-11-27 22:00:00,2.0,93,1.5,200,0,0,0
2000-11-27 23:00:00,0.0,100,2.6,190,0,0,0
2000-11-28 00:00:00,-1.0,100,1.5,180,0,0,0
2000-11-28 01:00:00,0.0,100,2.4,230,0,0,0
2000-11-28 02:00:00,1.0,100,3.2,270,0,0,0
2000-11-28 03:00:00,3.0,93,4.1,320,0,0,0
2000-11-28 04:00:00,2.0,100,1.5,190,0,0,0
2000-11-28 05:00:00,2.0,100,1.5,190,0,0,0
2000-11-28 06:00:00,0.0,100,2.1,200,0,0,0
2000-11-28 07:00:00,1.0,100,2.1,180,0,0,0
2000-11-28 08:00:00,1.0,100,2.6,190,0,0,0
2000-11-28 09:00:00,5.0,87,2.1,190,167,357,87
2000-11-28 10:00:00,9.0,66,3.1,200,304,559,106
2000-11-28 11:00:00,10.0,62,3.1,200,413,676,111
2000-11-28 12:00:00,11.0,58,5.1,190,464,711,115
2000-11-28 13:00:00,13.0,51,6.2,190,467,729,111
2000-11-28 14:00:00,12.0,47,4.1,210,387,586,132
2000-11-28 15:00:00,11.0,54,4.6,240,252,332,140
2000-11-28 16:00:00,10.0,57,3.1,230,61,0,61
2000-11-28 17:00:00,9.0,57,3.6,230,13,49,11
2000-11-28 18:00:00,8.0,57,2.1,270,0,0,0
2000-11-28 19:00:00,8.0,61,4.1,310,0,0,0
2000-11-28 20:00:00,7.0,61,5.7,320,0,0,0
2000-11-28 21:00:00,5.0,59,5.7,330,0,0,0
2000-11-28 22:00:00,4.0,69,6.2,330,0,0,0
2000-11-28 23:00:00,3.0,68,5.1,330,0,0,0
2000-11-29 00:00:00,2.0,73,4.6,330,0,0,0
2000-11-29 01:00:00,2.0,73,4.1,340,0,0,0
2000-11-29 02:00:00,1.0,79,2.6,360,0,0,0
2000-11-29 03:00:00,0.0,85,2.6,20,0,0,0
2000-11-29 04:00:00,-1.0,100,2.6,50,0,0,0
2000-11-29 05:00:00,-3.0,100,2.6,90,0,0,0
2000-11-29 06:00:00,-2.0,100,2.6,120,0,0,0
2000-11-29 07:00:00,-3.0,100,2.6,160,0,0,0
2000-11-29 08:00:00,-2.0,100,2.6,190,0,0,0
2000-11-29 09:00:00,3.0,81,5.1,220,136,166,99
2000-11-29 10:00:00,6.0,65,5.1,200,318,528,132
2000-11-29 11:00:00,7.0,61,3.1,170,400,627,122
2000-11-29 12:00:00,10.0,46,6.2,190,452,669,125
2000-11-29 13:00:00,9.0,49,6.7,190,455,604,162
2000-11-29 14:00:00,9.0,53,4.1,190,325,225,227
2000-11-29 15:00:00,8.0,57,6.2,180,48,0,48
2000-11-29 16:00:00,7.0,61,4.6,150,74,22,70
2000-11-29 17:00:00,7.0,66,3.6,170,7,0,7
2000-11-29 18:00:00,6.0,75,3.1,220,0,0,0
2000-11-29 19:00:00,5.0,93,3.1,120,0,0,0
2000-11-29 20:00:00,5.0,93,4.6,320,0,0,0
2000-11-29 21:00:00,4.0,100,4.6,100,0,0,0
2000-11-29 22:00:00,4.0,100,3.4,160,0,0,0
2000-11-29 23:00:00,2.0,100,2.1,220,0,0,0
2000-11-30 00:00:00,1.0,100,2.6,220,0,0,0
2000-11-30 01:00:00,1.0,100,3.1,220,0,0,0
2000-11-30 02:00:00,1.0,100,3.1,270,0,0,0
2000-11-30 03:00:00,4.0,81,8.2,290,0,0,0
2000-11-30 04:00:00,4.0,81,7.7,290,0,0,0
2000-11-30 05:00:00,4.0,75,7.2,270,0,0,0
2000-11-30 06:00:00,3.0,81,7.2,280,0,0,0
2000-11-30 07:00:00,3.0,74,8.2,270,0,0,0
2000-11-30 08:00:00,4.0,69,9.3,280,0,0,0
2000-11-30 09:00:00,4.0,69,11.3,290,169,352,92
2000-11-30 10:00:00,5.0,70,10.8,290,298,553,105
2000-11-30 11:00:00,6.1,59,11.1,300,382,457,180
2000-11-30 12:00:00,7.0,52,11.3,300,226,42,206
2000-11-30 13:00:00,7.0,48,12.3,320,89,0,89
2000-11-30 14:00:00,6.8,50,11.6,320,182,18,175
2000-11-30 15:00:00,6.0,55,10.8,310,145,41,131
2000-11-30 16:00:00,6.0,55,8.2,310,135,242,86
2000-11-30 17:00:00,5.0,59,7.2,310,13,104,9
2000-11-30 18:00:00,5.0,64,7.7,290,0,0,0
2000-11-30 19:00:00,3.8,70,6.4,300,0,0,0
2000-11-30 20:00:00,3.0,74,5.1,310,0,0,0
2000-11-30 21:00:00,2.0,80,5.7,300,0,0,0
2000-11-30 22:00:00,3.9,80,5.7,280,0,0,0
2000-11-30 23:00:00,5.7,86,5.7,290,0,0,0
2000-12-01 00:00:00,7.6,79,5.7,290,0,0,0
1998-12-01 01:00:00,9.4,68,5.7,230,0,0,0
1998-12-01 02:00:00,11.3,68,5.7,230,0,0,0
1998-12-01 03:00:00,13.1,67,5.7,230,0,0,0
1998-12-01 04:00:00,15.0,72,5.7,230,0,0,0
1998-12-01 05:00:00,15.0,67,6.2,240,0,0,0
1998-12-01 06:00:00,15.0,67,6.2,240,0,0,0
1998-12-01 07:00:00,15.0,63,3.6,260,0,0,0
1998-12-01 08:00:00,17.0,55,7.7,270,0,0,0
1998-12-01 09:00:00,19.0,40,8.2,300,193,558,72
1998-12-01 10:00:00,19.0,43,9.3,300,319,665,88
1998-12-01 11:00:00,19.0,32,9.3,330,413,676,116
1998-12-01 12:00:00,18.0,30,9.3,310,465,735,108
1998-12-01 13:00:00,19.0,28,7.2,310,479,807,89
1998-12-01 14:00:00,19.0,26,7.2,320,416,776,81
1998-12-01 15:00:00,18.0,27,7.2,320,300,686,71
1998-12-01 16:00:00,17.0,25,7.7,310,158,544,49
1998-12-01 17:00:00,14.0,27,4.6,290,14,167,8
1998-12-01 18:00:00,12.0,31,4.1,320,0,0,0
1998-12-01 19:00:00,11.0,33,1.5,290,0,0,0
1998-12-01 20:00:00,9.0,38,2.6,260,0,0,0
1998-12-01 21:00:00,5.0,55,1.0,230,0,0,0
1998-12-01 22:00:00,6.0,55,1.0,200,0,0,0
1998-12-01 23:00:00,3.0,63,2.1,170,0,0,0
1998-12-02 00:00:00,2.0,67,2.1,190,0,0,0
1998-12-02 01:00:00,2.0,67,2.1,170,0,0,0
1998-12-02 02:00:00,0.0,72,1.0,240,0,0,0
1998-12-02 03:00:00,-1.0,78,1.5,230,0,0,0
1998-12-02 04:00:00,-1.0,78,0.5,220,0,0,0
1998-12-02 05:00:00,0.0,85,3.1,210,0,0,0
1998-12-02 06:00:00,1.6,73,2.6,210,0,0,0
1998-12-02 07:00:00,3.0,63,2.1,200,0,0,0
1998-12-02 08:00:00,2.0,73,3.6,200,0,0,0
1998-12-02 09:00:00,8.0,48,3.6,240,194,573,71
1998-12-02 10:00:00,12.0,34,6.2,210,313,622,98
1998-12-02 11:00:00,15.0,28,5.1,220,433,767,97
1998-12-02 12:00:00,16.0,26,7.2,210,483,838,78
1998-12-02 13:00:00,18.0,23,6.2,240,467,783,91
1998-12-02 14:00:00,18.0,25,5.7,230,416,788,77
1998-12-02 15:00:00,18.0,25,5.7,210,300,692,70
1998-12-02 16:00:00,17.0,29,4.6,200,144,418,61
1998-12-02 17:00:00,13.0,41,3.1,200,14,159,8
1998-12-02 18:00:00,10.0,46,2.1,190,0,0,0
1998-12-02 19:00:00,10.0,36,1.5,220,0,0,0
1998-12-02 20:00:00,6.0,60,2.6,190,0,0,0
1998-12-02 21:00:00,8.0,52,2.6,230,0,0,0
1998-12-02 22:00:00,6.0,65,3.1,220,0,0,0
1998-12-02 23:00:00,7.0,61,3.1,190,0,0,0
1998-12-03 00:00:00,7.0,61,3.6,230,0,0,0
1998-12-03 01:00:00,6.0,65,3.6,210,0,0,0
1998-12-03 02:00:00,8.0,57,1.5,190,0,0,0
1998-12-03 03:00:00,7.0,56,2.1,210,0,0,0
1998-12-03 04:00:00,6.0,55,1.0,220,0,0,0
1998-12-03 05:00:00,7.0,56,1.5,240,0,0,0
1998-12-03 06:00:00,6.0,60,1.5,190,0,0,0
1998-12-03 07:00:00,4.0,75,2.1,200,0,0,0
1998-12-03 08:00:00,6.0,75,2.6,180,0,0,0
1998-12-03 09:00:00,9.0,66,2.1,190,130,154,98
1998-12-03 10:00:00,11.0,54,3.1,200,334,641,114
1998-12-03 11:00:00,13.0,47,3.1,210,439,816,85
1998-12-03 12:00:00,16.0,39,3.1,210,489,844,84
1998-12-03 13:00:00,18.1,34,3.6,220,467,783,92
1998-12-03 14:00:00,20.0,30,4.1,220,410,770,81
1998-12-03 15:00:00,19.8,34,3.6,210,295,657,77
1998-12-03 16:00:00,19.0,40,3.1,190,148,478,54
1998-12-03 17:00:00,16.0,48,3.6,200,12,122,8
1998-12-03 18:00:00,14.0,55,3.6,190,0,0,0
1998-12-03 19:00:00,17.0,48,4.6,230,0,0,0
1998-12-03 20:00:00,16.0,55,4.1,230,0,0,0
1998-12-03 21:00:00,16.0,59,5.1,230,0,0,0
1998-12-03 22:00:00,16.0,59,5.1,230,0,0,0
1998-12-03 23:00:00,16.0,59,4.1,240,0,0,0
1998-12-04 00:00:00,14.0,67,4.1,230,0,0,0
1998-12-04 01:00:00,14.0,67,3.6,240,0,0,0
1998-12-04 02:00:00,13.0,72,4.1,230,0,0,0
1998-12-04 03:00:00,15.0,67,3.1,240,0,0,0
1998-12-04 04:00:00,14.0,67,4.6,250,0,0,0
1998-12-04 05:00:00,15.0,67,4.1,240,0,0,0
1998-12-04 06:00:00,15.0,67,2.6,240,0,0,0
1998-12-04 07:00:00,15.0,67,3.1,260,0,0,0
1998-12-04 08:00:00,15.0,67,4.1,240,0,0,0
1998-12-04 09:00:00,16.0,68,2.6,260,114,87,96
1998-12-04 10:00:00,18.0,59,3.1,260,307,442,157
1998-12-04 11:00:00,22.0,50,3.6,240,70,0,70
1998-12-04 12:00:00,21.0,56,3.1,250,80,0,80
1998-12-04 13:00:00,21.0,56,2.6,250,83,0,83
1998-12-04 14:00:00,23.0,50,5.1,280,410,545,178
1998-12-04 15:00:00,23.0,50,4.6,260,290,634,80
1998-12-04 16:00:00,22.0,53,3.1,270,148,483,53
1998-12-04 17:00:00,21.0,56,2.6,260,9,18,8
1998-12-04 18:00:00,20.0,60,2.6,300,0,0,0
1998-12-04 19:00:00,20.0,60,2.6,280,0,0,0
1998-12-04 20:00:00,19.0,64,1.5,310,0,0,0
1998-12-04 21:00:00,18.0,68,2.6,280,0,0,0
1998-12-04 22:00:00,15.0,82,0.5,270,0,0,0
1998-12-04 23:00:00,13.0,82,1.5,260,0,0,0
1998-12-05 00:00:00,13.0,88,2.1,260,0,0,0
1998-12-05 01:00:00,14.0,88,1.0,250,0,0,0
1998-12-05 02:00:00,14.0,88,1.0,240,0,0,0
1998-12-05 03:00:00,14.0,88,1.5,230,0,0,0
1998-12-05 04:00:00,15.0,82,1.5,220,0,0,0
1998-12-05 05:00:00,16.0,77,0.5,220,0,0,0
1998-12-05 06:00:00,15.0,82,2.1,210,0,0,0
1998-12-05 07:00:00,15.0,82,2.1,200,0,0,0
1998-12-05 08:00:00,15.0,82,2.1,200,0,0,0
1998-12-05 09:00:00,17.0,72,2.1,180,33,0,33
1998-12-05 10:00:00,18.0,64,1.0,160,89,0,89
1998-12-05 11:00:00,21.0,53,3.1,130,70,0,70
1998-12-05 12:00:00,22.0,46,3.6,210,435,446,222
1998-12-05 13:00:00,23.0,44,2.1,210,462,777,92
1998-12-05 14:00:00,24.0,38,3.1,200,416,752,96
1998-12-05 15:00:00,23.0,36,4.1,230,279,541,101
1998-12-05 16:00:00,21.0,43,2.1,220,148,472,56
1998-12-05 17:00:00,18.0,56,3.1,180,10,48,9
1998-12-05 18:00:00,18.0,52,3.1,120,0,0,0
1998-12-05 19:00:00,17.0,59,1.5,160,0,0,0
1998-12-05 20:00:00,16.0,63,2.1,200,0,0,0
1998-12-05 21:00:00,15.0,67,3.1,210,0,0,0
1998-12-05 22:00:00,16.0,68,5.1,240,0,0,0
1998-12-05 23:00:00,17.0,63,4.6,250,0,0,0
1998-12-06 00:00:00,15.0,72,4.1,240,0,0,0
1998-12-06 01:00:00,15.0,72,3.6,250,0,0,0
1998-12-06 02:00:00,14.0,77,3.6,240,0,0,0
1998-12-06 03:00:00,14.0,77,2.1,240,0,0,0
1998-12-06 04:00:00,14.0,82,2.1,250,0,0,0
1998-12-06 05:00:00,14.0,82,2.6,250,0,0,0
1998-12-06 06:00:00,12.0,88,2.6,250,0,0,0
1998-12-06 07:00:00,10.0,93,1.5,240,0,0,0
1998-12-06 08:00:00,11.0,94,2.1,190,0,0,0
1998-12-06 09:00:00,16.0,77,3.1,240,190,592,70
1998-12-06 10:00:00,18.0,68,4.1,250,314,717,75
1998-12-06 11:00:00,22.0,57,5.1,250,402,677,113
1998-12-06 12:00:00,24.0,50,5.7,220,459,766,96
1998-12-06 13:00:00,25.0,44,5.1,210,450,736,102
1998-12-06 14:00:00,26.0,39,5.1,220,393,699,97
1998-12-06 15:00:00,26.0,39,5.1,240,284,610,84
1998-12-06 16:00:00,24.0,44,4.1,230,153,505,54
1998-12-06 17:00:00,20.0,56,3.1,200,12,118,8
1998-12-06 18:00:00,20.0,53,3.6,180,0,0,0
1998-12-06 19:00:00,20.0,46,3.6,180,0,0,0
1998-12-06 20:00:00,18.0,52,3.6,190,0,0,0
1998-12-06 21:00:00,17.0,63,3.1,210,0,0,0
1998-12-06 22:00:00,19.0,68,5.1,220,0,0,0
1998-12-06 23:00:00,20.0,56,4.1,220,0,0,0
1998-12-07 00:00:00,20.0,56,4.6,230,0,0,0
1998-12-07 01:00:00,20.0,56,3.6,220,0,0,0
1998-12-07 02:00:00,20.0,56,4.6,220,0,0,0
1998-12-07 03:00:00,20.0,56,4.6,220,0,0,0
1998-12-07 04:00:00,20.0,60,5.1,210,0,0,0
1998-12-07 05:00:00,19.0,60,6.2,220,0,0,0
1998-12-07 06:00:00,18.0,64,5.1,220,0,0,0
1998-12-07 07:00:00,18.0,73,5.7,210,0,0,0
1998-12-07 08:00:00,19.0,68,5.1,220,0,0,0
1998-12-07 09:00:00,20.0,68,5.1,210,183,519,79
1998-12-07 10:00:00,21.0,56,7.2,230,288,524,113
1998-12-07 11:00:00,22.0,53,4.6,240,421,652,144
1998-12-07 12:00:00,24.0,47,6.7,230,417,464,197
1998-12-07 13:00:00,24.0,47,4.6,250,112,0,112
1998-12-07 14:00:00,25.0,44,3.1,260,290,237,190
1998-12-07 15:00:00,26.0,45,3.1,280,156,41,142
1998-12-07 16:00:00,26.0,45,3.1,280,74,11,72
1998-12-07 17:00:00,22.0,60,9.3,330,3,0,3
1998-12-07 18:00:00,17.0,88,4.6,310,0,0,0
1998-12-07 19:00:00,17.0,94,4.1,290,0,0,0
1998-12-07 20:00:00,16.0,94,1.0,260,0,0,0
1998-12-07 21:00:00,16.0,94,2.1,220,0,0,0
1998-12-07 22:00:00,16.0,94,2.6,170,0,0,0
1998-12-07 23:00:00,16.0,88,3.6,150,0,0,0
1998-12-08 00:00:00,16.0,88,3.6,360,0,0,0
1998-12-08 01:00:00,15.0,94,2.1,10,0,0,0
1998-12-08 02:00:00,15.0,88,4.1,60,0,0,0
1998-12-08 03:00:00,13.0,88,2.6,40,0,0,0
1998-12-08 04:00:00,12.0,94,3.6,90,0,0,0
1998-12-08 05:00:00,11.0,94,5.1,110,0,0,0
1998-12-08 06:00:00,11.0,100,4.1,80,0,0,0
1998-12-08 07:00:00,11.0,94,4.6,80,0,0,0
1998-12-08 08:00:00,11.0,94,3.6,80,0,0,0
1998-12-08 09:00:00,12.0,88,4.6,130,33,0,33
1998-12-08 10:00:00,12.0,88,4.1,80,48,0,48
1998-12-08 11:00:00,12.0,82,2.6,50,64,0,64
1998-12-08 12:00:00,11.0,94,2.6,60,74,0,74
1998-12-08 13:00:00,10.0,93,5.1,70,77,0,77
1998-12-08 14:00:00,10.0,100,4.6,80,68,0,68
1998-12-08 15:00:00,10.3,94,3.6,90,80,0,80
1998-12-08 16:00:00,10.0,93,2.6,110,42,0,42
1998-12-08 17:00:00,10.0,100,2.6,120,12,59,10
1998-12-08 18:00:00,10.0,100,2.1,180,0,0,0
1998-12-08 19:00:00,10.0,100,1.0,240,0,0,0
1998-12-08 20:00:00,10.4,97,2.6,310,0,0,0
1998-12-08 21:00:00,11.0,94,4.1,10,0,0,0
1998-12-08 22:00:00,11.0,94,3.1,20,0,0,0
1998-12-08 23:00:00,11.0,94,3.1,50,0,0,0
1998-12-09 00:00:00,10.0,100,5.1,20,0,0,0
1998-12-09 01:00:00,9.0,93,4.1,30,0,0,0
1998-12-09 02:00:00,9.0,93,4.4,20,0,0,0
1998-12-09 03:00:00,8.0,93,4.6,360,0,0,0
1998-12-09 04:00:00,8.0,87,7.2,10,0,0,0
1998-12-09 05:00:00,8.0,87,5.7,360,0,0,0
1998-12-09 06:00:00,6.0,93,5.7,10,0,0,0
1998-12-09 07:00:00,6.0,93,4.1,360,0,0,0
1998-12-09 08:00:00,6.0,93,5.7,360,10,130,5
1998-12-09 09:00:00,7.0,87,6.2,350,151,373,78
1998-12-09 10:00:00,8.1,70,6.5,350,227,300,128
1998-12-09 11:00:00,9.0,57,6.7,340,300,250,195
1998-12-09 12:00:00,9.0,57,5.1,350,454,657,145
1998-12-09 13:00:00,10.0,62,6.2,310,450,754,97
1998-12-09 14:00:00,10.0,62,6.2,330,393,711,94
1998-12-09 15:00:00,9.0,61,6.2,330,295,692,69
1998-12-09 16:00:00,9.0,41,5.1,330,144,461,54
1998-12-09 17:00:00,6.0,51,3.1,330,7,0,7
1998-12-09 18:00:00,5.0,59,2.1,340,0,0,0
1998-12-09 19:00:00,3.0,74,1.5,350,0,0,0
1998-12-09 20:00:00,3.0,74,1.0,360,0,0,0
1998-12-09 21:00:00,1.0,79,2.6,10,0,0,0
1998-12-09 22:00:00,2.0,73,1.5,350,0,0,0
1998-12-09 23:00:00,1.0,86,1.0,330,0,0,0
1998-12-10 00:00:00,1.0,86,1.5,300,0,0,0
1998-12-10 01:00:00,1.0,79,1.5,280,0,0,0
1998-12-10 02:00:00,0.0,85,1.5,260,0,0,0
1998-12-10 03:00:00,-1.0,85,1.5,240,0,0,0
1998-12-10 04:00:00,-1.0,92,0.5,230,0,0,0
1998-12-10 05:00:00,-1.0,92,0.5,210,0,0,0
1998-12-10 06:00:00,-1.0,92,2.6,200,0,0,0
1998-12-10 07:00:00,0.0,85,1.5,190,0,0,0
1998-12-10 08:00:00,1.0,86,1.5,230,6,21,5
1998-12-10 09:00:00,3.0,87,1.5,260,101,61,89
1998-12-10 10:00:00,5.0,70,2.1,240,268,450,122
1998-12-10 11:00:00,8.0,52,2.6,210,352,445,165
1998-12-10 12:00:00,8.0,44,2.1,190,399,452,187
1998-12-10 13:00:00,11.0,39,3.6,260,267,102,219
1998-12-10 14:00:00,10.0,39,1.5,260,405,604,151
1998-12-10 15:00:00,10.0,39,2.1,250,284,622,81
1998-12-10 16:00:00,9.0,45,3.1,250,144,456,55
1998-12-10 17:00:00,7.0,56,2.6,230,7,0,7
1998-12-10 18:00:00,7.0,56,2.1,230,0,0,0
1998-12-10 19:00:00,5.0,64,2.1,240,0,0,0
1998-12-10 20:00:00,6.0,70,1.0,240,0,0,0
1998-12-10 21:00:00,6.0,70,2.6,240,0,0,0
1998-12-10 22:00:00,7.0,61,2.6,260,0,0,0
1998-12-10 23:00:00,6.0,70,3.1,260,0,0,0
1998-12-11 00:00:00,6.0,70,2.6,250,0,0,0
1998-12-11 01:00:00,8.0,48,5.1,290,0,0,0
1998-12-11 02:00:00,8.0,44,6.2,300,0,0,0
1998-12-11 03:00:00,8.0,44,4.6,300,0,0,0
1998-12-11 04:00:00,8.0,44,6.2,300,0,0,0
1998-12-11 05:00:00,6.0,51,5.7,340,0,0,0
1998-12-11 06:00:00,5.0,55,3.6,320,0,0,0
1998-12-11 07:00:00,5.0,55,4.6,330,0,0,0
1998-12-11 08:00:00,6.0,55,4.6,310,6,33,5
1998-12-11 09:00:00,7.0,52,6.2,300,110,102,91
1998-12-11 10:00:00,8.0,48,7.7,320,310,606,114
1998-12-11 11:00:00,9.0,45,7.7,310,416,775,93
1998-12-11 12:00:00,9.6,41,7.7,310,454,772,94
1998-12-11 13:00:00,10.0,39,7.7,310,456,796,85
1998-12-11 14:00:00,10.0,36,6.7,300,399,752,84
1998-12-11 15:00:00,9.0,38,5.7,330,290,663,74
1998-12-11 16:00:00,9.0,35,5.1,310,153,505,55
1998-12-11 17:00:00,6.0,43,3.1,290,12,118,8
1998-12-11 18:00:00,2.0,67,2.1,320,0,0,0
1998-12-11 19:00:00,0.0,72,1.0,350,0,0,0
1998-12-11 20:00:00,-1.0,78,1.0,10,0,0,0
1998-12-11 21:00:00,1.0,67,2.6,40,0,0,0
1998-12-11 22:00:00,1.0,72,1.5,30,0,0,0
1998-12-11 23:00:00,-1.0,85,1.5,20,0,0,0
1998-12-12 00:00:00,1.0,72,1.5,10,0,0,0
1998-12-12 01:00:00,-2.0,92,1.0,360,0,0,0
1998-12-12 02:00:00,-1.0,78,1.0,350,0,0,0
1998-12-12 03:00:00,-2.0,85,2.6,20,0,0,0
1998-12-12 04:00:00,-1.0,85,1.0,60,0,0,0
1998-12-12 05:00:00,-0.7,85,1.3,90,0,0,0
1998-12-12 06:00:00,0.0,85,1.5,130,0,0,0
1998-12-12 07:00:00,-1.0,92,1.5,160,0,0,0
1998-12-12 08:00:00,0.0,85,2.6,160,8,58,6
1998-12-12 09:00:00,3.0,74,2.1,200,145,184,110
1998-12-12 10:00:00,4.0,69,4.6,190,96,0,96
1998-12-12 11:00:00,6.0,60,4.6,210,173,6,170
1998-12-12 12:00:00,7.0,56,4.6,210,221,30,207
1998-12-12 13:00:00,8.0,48,5.7,230,154,0,154
1998-12-12 14:00:00,8.0,44,6.2,230,188,24,178
1998-12-12 15:00:00,8.0,48,4.6,210,86,0,86
1998-12-12 16:00:00,8.0,52,3.6,200,116,148,87
1998-12-12 17:00:00,7.0,56,3.1,180,12,119,8
1998-12-12 18:00:00,7.0,52,3.1,220,0,0,0
1998-12-12 19:00:00,7.0,52,2.1,210,0,0,0
1998-12-12 20:00:00,7.0,56,2.6,190,0,0,0
1998-12-12 21:00:00,6.0,60,4.1,200,0,0,0
1998-12-12 22:00:00,5.0,75,4.6,210,0,0,0
1998-12-12 23:00:00,5.0,81,4.6,210,0,0,0
1998-12-13 00:00:00,4.0,93,4.6,210,0,0,0
1998-12-13 01:00:00,4.0,93,1.5,240,0,0,0
1998-12-13 02:00:00,3.0,100,1.0,170,0,0,0
1998-12-13 03:00:00,4.0,93,2.6,180,0,0,0
1998-12-13 04:00:00,4.0,93,2.1,240,0,0,0
1998-12-13 05:00:00,4.0,93,1.0,160,0,0,0
1998-12-13 06:00:00,4.0,100,2.1,50,0,0,0
1998-12-13 07:00:00,4.0,100,2.1,50,0,0,0
1998-12-13 08:00:00,4.0,100,2.6,10,2,0,2
1998-12-13 09:00:00,4.0,100,5.1,10,34,0,34
1998-12-13 10:00:00,5.0,93,4.6,40,48,0,48
1998-12-13 11:00:00,5.0,100,3.6,30,83,0,83
1998-12-13 12:00:00,6.0,93,4.1,10,74,0,74
1998-12-13 13:00:00,6.0,93,4.6,30,83,0,83
1998-12-13 14:00:00,6.0,93,5.1,10,63,0,63
1998-12-13 15:00:00,6.0,93,3.1,30,118,6,116
1998-12-13 16:00:00,6.0,87,3.6,350,28,0,28
1998-12-13 17:00:00,6.0,87,4.6,350,7,0,7
1998-12-13 18:00:00,6.0,87,3.1,350,0,0,0
1998-12-13 19:00:00,6.0,87,3.1,360,0,0,0
1998-12-13 20:00:00,5.9,76,3.9,350,0,0,0
1998-12-13 21:00:00,6.0,65,4.6,340,0,0,0
1998-12-13 22:00:00,6.0,60,4.6,350,0,0,0
1998-12-13 23:00:00,6.0,60,6.2,350,0,0,0
1998-12-14 00:00:00,6.0,60,5.1,360,0,0,0
1998-12-14 01:00:00,4.0,64,5.1,350,0,0,0
1998-12-14 02:00:00,3.5,66,5.4,350,0,0,0
1998-12-14 03:00:00,3.0,68,5.7,350,0,0,0
1998-12-14 04:00:00,2.0,73,4.6,350,0,0,0
1998-12-14 05:00:00,2.0,73,5.1,340,0,0,0
1998-12-14 06:00:00,2.0,73,5.1,340,0,0,0
1998-12-14 07:00:00,2.0,73,5.1,350,0,0,0
1998-12-14 08:00:00,3.0,68,6.2,360,7,137,3
1998-12-14 09:00:00,4.0,64,9.3,360,155,459,70
1998-12-14 10:00:00,5.0,46,9.3,10,304,739,69
1998-12-14 11:00:00,6.0,39,7.7,360,404,757,92
1998-12-14 12:00:00,6.0,36,6.2,10,454,796,86
1998-12-14 13:00:00,7.0,34,5.7,10,457,808,82
1998-12-14 14:00:00,8.0,32,5.7,360,399,758,83
1998-12-14 15:00:00,7.0,31,7.2,20,301,610,102
1998-12-14 16:00:00,6.0,36,6.2,360,121,209,80
1998-12-14 17:00:00,3.0,45,4.6,350,11,60,9
1998-12-14 18:00:00,1.0,51,4.6,10,0,0,0
1998-12-14 19:00:00,-1.0,60,3.1,20,0,0,0
1998-12-14 20:00:00,-1.0,66,3.1,10,0,0,0
1998-12-14 21:00:00,-3.0,77,3.1,360,0,0,0
1998-12-14 22:00:00,-3.0,77,1.0,20,0,0,0
1998-12-14 23:00:00,-2.0,71,2.6,30,0,0,0
1998-12-15 00:00:00,-3.0,84,1.5,210,0,0,0
1998-12-15 01:00:00,-4.0,92,1.5,230,0,0,0
1998-12-15 02:00:00,-4.0,84,1.0,300,0,0,0
1998-12-15 03:00:00,-5.0,92,0.5,200,0,0,0
1998-12-15 04:00:00,-5.0,100,1.0,220,0,0,0
1998-12-15 05:00:00,-4.0,92,1.5,180,0,0,0
1998-12-15 06:00:00,-5.0,92,1.5,210,0,0,0
1998-12-15 07:00:00,-5.0,100,1.5,220,0,0,0
1998-12-15 08:00:00,-4.0,92,2.1,260,6,145,3
1998-12-15 09:00:00,2.0,67,2.6,260,156,502,64
1998-12-15 10:00:00,5.0,50,4.6,240,291,664,81
1998-12-15 11:00:00,7.0,40,4.1,240,398,733,97
1998-12-15 12:00:00,7.0,37,4.6,230,448,778,89
1998-12-15 13:00:00,9.0,35,3.1,260,445,754,96
1998-12-15 14:00:00,9.0,35,3.6,250,405,794,74
1998-12-15 15:00:00,10.0,33,4.1,220,296,698,68
1998-12-15 16:00:00,9.0,35,3.1,230,144,457,55
1998-12-15 17:00:00,5.0,50,2.1,230,15,162,8
1998-12-15 18:00:00,1.0,72,3.1,200,0,0,0
1998-12-15 19:00:00,1.0,72,3.1,220,0,0,0
1998-12-15 20:00:00,1.4,70,3.6,210,0,0,0
1998-12-15 21:00:00,2.0,67,4.1,190,0,0,0
1998-12-15 22:00:00,4.0,54,2.1,280,0,0,0
1998-12-15 23:00:00,3.0,63,2.6,340,0,0,0
1998-12-16 00:00:00,2.0,73,2.6,190,0,0,0
1998-12-16 01:00:00,1.0,79,2.6,180,0,0,0
1998-12-16 02:00:00,2.0,73,2.1,360,0,0,0
1998-12-16 03:00:00,1.0,86,2.6,170,0,0,0
1998-12-16 04:00:00,1.0,86,1.5,330,0,0,0
1998-12-16 05:00:00,2.0,80,3.1,320,0,0,0
1998-12-16 06:00:00,3.0,74,2.6,360,0,0,0
1998-12-16 07:00:00,3.0,68,2.1,360,0,0,0
1998-12-16 08:00:00,3.0,74,4.6,350,2,0,2
1998-12-16 09:00:00,5.0,59,2.6,10,52,0,52
1998-12-16 10:00:00,6.0,55,4.1,360,104,0,104
1998-12-16 11:00:00,8.0,41,2.6,40,180,24,170
1998-12-16 12:00:00,9.0,38,2.1,10,430,543,180
1998-12-16 13:00:00,11.0,36,5.1,340,433,700,109
1998-12-16 14:00:00,13.0,35,6.2,300,377,628,115
1998-12-16 15:00:00,13.0,35,9.3,330,290,663,74
1998-12-16 16:00:00,11.0,36,4.1,340,144,457,55
1998-12-16 17:00:00,5.0,55,2.6,340,13,117,8
1998-12-16 18:00:00,3.0,68,1.5,290,0,0,0
1998-12-16 19:00:00,3.0,68,2.1,240,0,0,0
1998-12-16 20:00:00,2.0,80,2.1,190,0,0,0
1998-12-16 21:00:00,2.0,73,3.6,190,0,0,0
1998-12-16 22:00:00,4.0,64,3.1,180,0,0,0
1998-12-16 23:00:00,4.0,64,4.1,180,0,0,0
1998-12-17 00:00:00,6.0,55,3.6,180,0,0,0
1998-12-17 01:00:00,5.0,64,3.6,210,0,0,0
1998-12-17 02:00:00,5.0,64,2.6,210,0,0,0
1998-12-17 03:00:00,4.0,69,3.1,190,0,0,0
1998-12-17 04:00:00,5.0,55,3.6,240,0,0,0
1998-12-17 05:00:00,5.0,55,2.1,270,0,0,0
1998-12-17 06:00:00,6.0,55,3.6,310,0,0,0
1998-12-17 07:00:00,7.0,70,3.6,300,0,0,0
1998-12-17 08:00:00,7.0,66,8.2,320,1,0,1
1998-12-17 09:00:00,7.0,61,4.6,310,26,0,26
1998-12-17 10:00:00,7.0,56,5.1,300,76,0,76
1998-12-17 11:00:00,7.0,52,6.7,300,379,495,177
1998-12-17 12:00:00,8.0,48,8.7,290,430,694,111
1998-12-17 13:00:00,9.0,45,7.2,290,433,557,176
1998-12-17 14:00:00,8.0,44,8.2,320,171,18,164
1998-12-17 15:00:00,8.0,44,6.7,300,167,58,148
1998-12-17 16:00:00,7.0,48,9.3,310,84,39,76
1998-12-17 17:00:00,6.0,47,5.7,300,15,88,12
1998-12-17 18:00:00,6.0,47,7.2,300,0,0,0
1998-12-17 19:00:00,4.0,49,8.2,300,0,0,0
1998-12-17 20:00:00,3.6,53,7.9,300,0,0,0
1998-12-17 21:00:00,3.3,56,7.5,290,0,0,0
1998-12-17 22:00:00,3.0,58,7.2,290,0,0,0
1998-12-17 23:00:00,2.0,57,5.1,280,0,0,0
1998-12-18 00:00:00,2.0,62,5.7,280,0,0,0
1998-12-18 01:00:00,2.0,62,7.7,290,0,0,0
1998-12-18 02:00:00,2.0,62,9.8,280,0,0,0
1998-12-18 03:00:00,2.0,57,7.2,280,0,0,0
1998-12-18 04:00:00,1.0,61,7.2,270,0,0,0
1998-12-18 05:00:00,2.0,57,7.7,280,0,0,0
1998-12-18 06:00:00,1.0,56,6.7,280,0,0,0
1998-12-18 07:00:00,1.0,56,8.7,290,0,0,0
1998-12-18 08:00:00,1.0,56,7.7,290,4,128,2
1998-12-18 09:00:00,3.0,49,7.2,300,150,484,64
1998-12-18 10:00:00,4.0,42,8.7,300,285,646,84
1998-12-18 11:00:00,5.0,39,7.7,310,392,721,98
1998-12-18 12:00:00,6.0,33,8.2,290,449,742,108
1998-12-18 13:00:00,6.0,33,6.2,300,398,509,163
1998-12-18 14:00:00,7.0,28,3.1,290,360,510,147
1998-12-18 15:00:00,7.0,26,5.1,320,264,465,112
1998-12-18 16:00:00,6.0,28,2.6,300,136,331,70
1998-12-18 17:00:00,2.0,44,2.6,220,14,100,9
1998-12-18 18:00:00,0.0,55,3.1,160,0,0,0
1998-12-18 19:00:00,-1.0,60,3.1,160,0,0,0
1998-12-18 20:00:00,-2.0,71,2.6,170,0,0,0
1998-12-18 21:00:00,0.0,60,4.1,180,0,0,0
1998-12-18 22:00:00,1.0,56,3.6,180,0,0,0
1998-12-18 23:00:00,2.0,52,4.6,170,0,0,0
1998-12-19 00:00:00,2.0,57,4.6,170,0,0,0
1998-12-19 01:00:00,2.0,62,4.6,200,0,0,0
1998-12-19 02:00:00,1.0,67,3.6,180,0,0,0
1998-12-19 03:00:00,2.0,62,4.1,190,0,0,0
1998-12-19 04:00:00,4.0,54,1.5,210,0,0,0
1998-12-19 05:00:00,4.0,49,6.7,210,0,0,0
1998-12-19 06:00:00,4.0,49,6.2,220,0,0,0
1998-12-19 07:00:00,3.0,58,5.7,200,0,0,0
1998-12-19 08:00:00,3.0,58,4.1,200,2,2,2
1998-12-19 09:00:00,5.0,50,5.7,220,71,7,70
1998-12-19 10:00:00,7.0,44,7.2,230,299,540,132
1998-12-19 11:00:00,9.0,38,5.7,220,386,697,103
1998-12-19 12:00:00,10.0,36,8.2,230,437,628,149
1998-12-19 13:00:00,11.0,36,6.2,210,279,138,216
1998-12-19 14:00:00,11.0,39,6.7,210,360,450,172
1998-12-19 15:00:00,11.0,39,6.7,210,194,157,142
1998-12-19 16:00:00,11.0,43,3.6,210,66,6,64
1998-12-19 17:00:00,10.0,46,3.1,190,6,0,6
1998-12-19 18:00:00,10.0,50,3.6,180,0,0,0
1998-12-19 19:00:00,10.0,54,3.6,190,0,0,0
1998-12-19 20:00:00,10.0,57,3.1,210,0,0,0
1998-12-19 21:00:00,9.0,66,3.6,210,0,0,0
1998-12-19 22:00:00,8.0,76,2.1,220,0,0,0
1998-12-19 23:00:00,9.0,66,3.1,220,0,0,0
1998-12-20 00:00:00,9.0,66,2.1,240,0,0,0
1998-12-20 01:00:00,9.0,71,2.6,210,0,0,0
1998-12-20 02:00:00,9.0,71,1.5,270,0,0,0
1998-12-20 03:00:00,9.0,66,1.5,10,0,0,0
1998-12-20 04:00:00,9.0,71,0.5,300,0,0,0
1998-12-20 05:00:00,7.0,81,1.5,60,0,0,0
1998-12-20 06:00:00,5.0,87,1.0,360,0,0,0
1998-12-20 07:00:00,6.0,87,2.1,360,0,0,0
1998-12-20 08:00:00,7.0,76,4.1,30,4,71,2
1998-12-20 09:00:00,10.0,57,3.1,30,151,285,101
1998-12-20 10:00:00,11.0,54,5.1,60,202,195,142
1998-12-20 11:00:00,11.0,58,3.1,60,244,104,202
1998-12-20 12:00:00,12.0,54,3.1,70,289,145,223
1998-12-20 13:00:00,13.0,51,3.1,50,410,521,169
1998-12-20 14:00:00,12.7,50,3.4,40,383,658,108
1998-12-20 15:00:00,12.0,50,3.6,30,275,530,101
1998-12-20 16:00:00,12.0,54,3.1,60,155,491,57
1998-12-20 17:00:00,11.0,58,2.1,110,10,8,10
1998-12-20 18:00:00,10.0,62,1.5,70,0,0,0
1998-12-20 19:00:00,10.0,62,2.1,60,0,0,0
1998-12-20 20:00:00,10.0,62,2.1,90,0,0,0
1998-12-20 21:00:00,9.0,66,3.1,100,0,0,0
1998-12-20 22:00:00,9.0,68,2.6,110,0,0,0
1998-12-20 23:00:00,9.0,71,2.1,120,0,0,0
1998-12-21 00:00:00,8.4,79,1.8,120,0,0,0
1998-12-21 01:00:00,8.0,87,1.5,110,0,0,0
1998-12-21 02:00:00,8.0,81,2.6,110,0,0,0
1998-12-21 03:00:00,7.0,87,1.0,80,0,0,0
1998-12-21 04:00:00,6.0,93,1.0,40,0,0,0
1998-12-21 05:00:00,6.0,93,1.5,10,0,0,0
1998-12-21 06:00:00,7.0,93,2.1,150,0,0,0
1998-12-21 07:00:00,7.0,93,1.5,120,0,0,0
1998-12-21 08:00:00,7.0,93,1.0,130,2,2,2
1998-12-21 09:00:00,7.0,100,3.1,130,71,7,70
1998-12-21 10:00:00,8.0,93,4.1,160,104,0,104
1998-12-21 11:00:00,9.0,93,3.6,190,122,0,122
1998-12-21 12:00:00,9.0,93,4.1,210,92,0,92
1998-12-21 13:00:00,10.0,87,4.6,200,154,0,154
1998-12-21 14:00:00,12.0,76,3.1,170,212,59,187
1998-12-21 15:00:00,13.0,72,4.6,190,151,29,141
1998-12-21 16:00:00,11.0,82,5.7,160,75,11,73
1998-12-21 17:00:00,10.0,87,4.1,160,12,39,11
1998-12-21 18:00:00,11.0,87,4.1,170,0,0,0
1998-12-21 19:00:00,11.0,87,4.1,170,0,0,0
1998-12-21 20:00:00,12.0,88,5.7,190,0,0,0
1998-12-21 21:00:00,13.0,82,5.7,200,0,0,0
1998-12-21 22:00:00,13.0,88,6.7,200,0,0,0
1998-12-21 23:00:00,14.0,88,8.2,210,0,0,0
1998-12-22 00:00:00,14.0,82,8.2,200,0,0,0
1998-12-22 01:00:00,15.0,82,9.3,200,0,0,0
1998-12-22 02:00:00,15.0,88,8.2,200,0,0,0
1998-12-22 03:00:00,16.0,82,10.8,210,0,0,0
1998-12-22 04:00:00,18.0,77,10.8,210,0,0,0
1998-12-22 05:00:00,18.0,77,9.8,220,0,0,0
1998-12-22 06:00:00,19.0,73,10.8,230,0,0,0
1998-12-22 07:00:00,18.0,77,7.2,250,0,0,0
1998-12-22 08:00:00,14.0,94,8.2,310,1,0,1
1998-12-22 09:00:00,12.0,76,10.8,320,54,0,54
1998-12-22 10:00:00,10.0,62,8.2,310,112,0,112
1998-12-22 11:00:00,9.0,57,12.3,310,103,0,103
1998-12-22 12:00:00,8.0,52,11.8,310,179,6,176
1998-12-22 13:00:00,7.0,48,12.3,310,166,6,164
1998-12-22 14:00:00,6.0,43,12.3,320,154,6,152
1998-12-22 15:00:00,5.0,42,11.3,320,167,58,148
1998-12-22 16:00:00,4.0,38,10.3,320,85,33,78
1998-12-22 17:00:00,3.0,31,9.3,310,19,103,14
1998-12-22 18:00:00,1.0,40,10.3,320,0,0,0
1998-12-22 19:00:00,0.0,36,10.3,310,0,0,0
1998-12-22 20:00:00,-2.0,38,9.3,340,0,0,0
1998-12-22 21:00:00,-3.0,38,9.3,330,0,0,0
1998-12-22 22:00:00,-3.0,42,7.2,330,0,0,0
1998-12-22 23:00:00,-4.0,41,7.7,330,0,0,0
1998-12-23 00:00:00,-5.0,45,7.7,350,0,0,0
1998-12-23 01:00:00,-6.0,45,7.7,340,0,0,0
1998-12-23 02:00:00,-6.0,45,6.2,350,0,0,0
1998-12-23 03:00:00,-7.0,49,5.1,350,0,0,0
1998-12-23 04:00:00,-7.0,54,4.6,360,0,0,0
1998-12-23 05:00:00,-7.0,54,3.6,360,0,0,0
1998-12-23 06:00:00,-7.0,54,4.1,350,0,0,0
1998-12-23 07:00:00,-8.0,64,3.1,360,0,0,0
1998-12-23 08:00:00,-7.0,59,3.1,350,2,6,1
1998-12-23 09:00:00,-6.0,54,4.1,10,90,28,85
1998-12-23 10:00:00,-5.0,45,3.1,360,181,126,143
1998-12-23 11:00:00,-5.0,54,3.1,350,148,6,146
1998-12-23 12:00:00,-4.0,50,3.1,330,302,175,222
1998-12-23 13:00:00,-3.0,50,1.5,320,303,168,226
1998-12-23 14:00:00,-3.0,50,2.1,310,183,30,171
1998-12-23 15:00:00,-3.0,50,2.1,20,59,0,59
1998-12-23 16:00:00,-4.0,54,2.6,90,47,0,47
1998-12-23 17:00:00,-4.0,71,2.6,90,11,0,11
1998-12-23 18:00:00,-4.0,71,2.6,80,0,0,0
1998-12-23 19:00:00,-5.0,84,2.1,70,0,0,0
1998-12-23 20:00:00,-5.0,92,4.1,60,0,0,0
1998-12-23 21:00:00,-5.0,92,4.1,50,0,0,0
1998-12-23 22:00:00,-5.0,91,4.1,40,0,0,0
1998-12-23 23:00:00,-5.0,92,4.1,30,0,0,0
1998-12-24 00:00:00,-5.0,92,4.1,20,0,0,0
1998-12-24 01:00:00,-5.0,100,4.6,360,0,0,0
1998-12-24 02:00:00,-5.0,100,5.1,340,0,0,0
1998-12-24 03:00:00,-5.0,100,5.7,350,0,0,0
1998-12-24 04:00:00,-5.0,92,4.1,10,0,0,0
1998-12-24 05:00:00,-5.0,92,3.6,360,0,0,0
1998-12-24 06:00:00,-5.0,92,5.1,340,0,0,0
1998-12-24 07:00:00,-5.0,92,4.6,360,0,0,0
1998-12-24 08:00:00,-5.0,92,4.1,350,1,0,1
1998-12-24 09:00:00,-4.0,84,5.1,350,45,0,45
1998-12-24 10:00:00,-4.0,77,4.1,350,84,0,84
1998-12-24 11:00:00,-4.0,77,3.6,340,116,0,116
1998-12-24 12:00:00,-3.0,71,4.1,320,74,0,74
1998-12-24 13:00:00,-3.0,77,5.1,320,131,0,131
1998-12-24 14:00:00,-2.0,71,4.1,310,183,18,176
1998-12-24 15:00:00,-2.0,71,3.6,320,157,35,145
1998-12-24 16:00:00,-2.0,71,3.6,330,109,138,80
1998-12-24 17:00:00,-3.0,77,3.6,310,15,76,12
1998-12-24 18:00:00,-3.0,71,2.6,320,0,0,0
1998-12-24 19:00:00,-3.0,71,2.6,320,0,0,0
1998-12-24 20:00:00,-3.0,71,1.5,240,0,0,0
1998-12-24 21:00:00,-3.0,77,2.6,260,0,0,0
1998-12-24 22:00:00,-3.0,77,2.1,230,0,0,0
1998-12-24 23:00:00,-4.0,84,1.5,200,0,0,0
1998-12-25 00:00:00,-3.0,71,2.6,340,0,0,0
1998-12-25 01:00:00,-3.0,65,4.6,340,0,0,0
1998-12-25 02:00:00,-3.0,65,4.1,330,0,0,0
1998-12-25 03:00:00,-3.0,60,5.1,340,0,0,0
1998-12-25 04:00:00,-3.0,55,5.1,340,0,0,0
1998-12-25 05:00:00,-4.0,59,4.1,340,0,0,0
1998-12-25 06:00:00,-5.0,65,4.1,340,0,0,0
1998-12-25 07:00:00,-6.0,70,2.6,330,0,0,0
1998-12-25 08:00:00,-7.0,77,3.1,320,2,101,1
1998-12-25 09:00:00,-6.0,64,3.6,310,145,463,67
1998-12-25 10:00:00,-3.0,60,4.6,330,259,572,84
1998-12-25 11:00:00,-2.0,55,4.6,350,367,605,123
1998-12-25 12:00:00,-1.0,50,3.1,350,425,682,113
1998-12-25 13:00:00,-1.0,46,3.1,360,428,677,115
1998-12-25 14:00:00,0.0,43,0.0,0,401,747,86
1998-12-25 15:00:00,1.0,40,3.1,320,292,623,84
1998-12-25 16:00:00,1.0,30,2.6,280,156,477,58
1998-12-25 17:00:00,-2.0,50,2.1,210,20,166,12
1998-12-25 18:00:00,-2.0,50,2.1,210,0,0,0
1998-12-25 19:00:00,-4.0,59,1.5,150,0,0,0
1998-12-25 20:00:00,-6.0,77,2.1,180,0,0,0
1998-12-25 21:00:00,-7.0,84,2.6,160,0,0,0
1998-12-25 22:00:00,-8.0,92,1.5,160,0,0,0
1998-12-25 23:00:00,-7.0,84,1.5,160,0,0,0
1998-12-26 00:00:00,-8.0,84,1.0,170,0,0,0
1998-12-26 01:00:00,-8.0,92,1.5,170,0,0,0
1998-12-26 02:00:00,-9.0,100,2.6,170,0,0,0
1998-12-26 03:00:00,-8.0,92,1.5,150,0,0,0
1998-12-26 04:00:00,-9.0,100,1.5,120,0,0,0
1998-12-26 05:00:00,-8.0,100,0.5,100,0,0,0
1998-12-26 06:00:00,-8.0,100,1.5,70,0,0,0
1998-12-26 07:00:00,-8.0,100,1.0,50,0,0,0
1998-12-26 08:00:00,-7.0,92,1.0,20,1,0,1
1998-12-26 09:00:00,-5.0,92,1.0,160,64,0,64
1998-12-26 10:00:00,-3.0,92,1.0,180,119,6,117
1998-12-26 11:00:00,-2.0,78,0.5,200,168,6,165
1998-12-26 12:00:00,-1.0,78,1.5,230,228,42,209
1998-12-26 13:00:00,-1.0,78,3.1,250,149,0,149
1998-12-26 14:00:00,0.0,66,3.6,270,212,42,194
1998-12-26 15:00:00,1.0,56,2.6,250,179,70,155
1998-12-26 16:00:00,-1.0,71,3.1,240,86,33,79
1998-12-26 17:00:00,-2.0,78,3.1,240,14,12,13
1998-12-26 18:00:00,-3.0,84,3.1,220,0,0,0
1998-12-26 19:00:00,-3.0,84,4.1,260,0,0,0
1998-12-26 20:00:00,-3.0,84,4.1,260,0,0,0
1998-12-26 21:00:00,-2.0,85,4.1,260,0,0,0
1998-12-26 22:00:00,-3.0,84,3.6,280,0,0,0
1998-12-26 23:00:00,-2.0,78,3.1,280,0,0,0
1998-12-27 00:00:00,-1.0,71,3.6,290,0,0,0
1998-12-27 01:00:00,-5.0,84,1.0,260,0,0,0
1998-12-27 02:00:00,-6.0,92,1.0,240,0,0,0
1998-12-27 03:00:00,-6.5,96,1.8,210,0,0,0
1998-12-27 04:00:00,-7.0,100,2.6,180,0,0,0
1998-12-27 05:00:00,-7.0,92,1.5,260,0,0,0
1998-12-27 06:00:00,-7.0,100,1.5,330,0,0,0
1998-12-27 07:00:00,-8.0,100,2.6,190,0,0,0
1998-12-27 08:00:00,-7.0,92,1.5,150,2,77,1
1998-12-27 09:00:00,1.0,61,3.6,110,146,365,85
1998-12-27 10:00:00,3.0,58,4.6,150,245,497,94
1998-12-27 11:00:00,4.0,49,5.7,150,342,471,152
1998-12-27 12:00:00,5.0,46,4.1,160,432,604,155
1998-12-27 13:00:00,6.0,47,4.1,170,357,335,201
1998-12-27 14:00:00,5.0,50,4.6,200,264,136,206
1998-12-27 15:00:00,5.0,59,5.1,180,146,17,140
1998-12-27 16:00:00,4.0,59,4.6,190,76,11,74
1998-12-27 17:00:00,3.0,63,4.6,180,14,17,13
1998-12-27 18:00:00,2.0,67,1.5,210,0,0,0
1998-12-27 19:00:00,1.0,72,2.1,210,0,0,0
1998-12-27 20:00:00,0.0,78,2.1,160,0,0,0
1998-12-27 21:00:00,-1.0,85,3.1,180,0,0,0
1998-12-27 22:00:00,-1.0,85,3.1,170,0,0,0
1998-12-27 23:00:00,0.0,85,2.1,230,0,0,0
1998-12-28 00:00:00,0.0,85,2.6,160,0,0,0
1998-12-28 01:00:00,0.0,85,2.1,170,0,0,0
1998-12-28 02:00:00,0.0,85,2.1,160,0,0,0
1998-12-28 03:00:00,1.0,86,2.1,160,0,0,0
1998-12-28 04:00:00,1.0,86,3.1,150,0,0,0
1998-12-28 05:00:00,1.0,86,1.5,140,0,0,0
1998-12-28 06:00:00,1.0,86,2.1,130,0,0,0
1998-12-28 07:00:00,1.0,93,2.6,110,0,0,0
1998-12-28 08:00:00,1.0,86,1.5,100,1,27,1
1998-12-28 09:00:00,2.0,87,2.1,110,119,134,97
1998-12-28 10:00:00,4.0,75,3.1,360,70,0,70
1998-12-28 11:00:00,4.0,75,3.1,30,148,0,148
1998-12-28 12:00:00,5.0,70,2.6,140,154,0,154
1998-12-28 13:00:00,6.0,60,2.1,80,101,0,101
1998-12-28 14:00:00,6.0,60,5.1,10,92,0,92
1998-12-28 15:00:00,6.0,60,3.1,40,70,0,70
1998-12-28 16:00:00,5.0,64,3.6,20,57,0,57
1998-12-28 17:00:00,5.0,64,4.1,20,12,0,12
1998-12-28 18:00:00,4.0,69,3.1,360,0,0,0
1998-12-28 19:00:00,4.0,69,2.6,330,0,0,0
1998-12-28 20:00:00,4.0,69,2.1,340,0,0,0
1998-12-28 21:00:00,3.0,87,3.1,20,0,0,0
1998-12-28 22:00:00,3.0,87,2.1,340,0,0,0
1998-12-28 23:00:00,3.0,81,3.1,350,0,0,0
1998-12-29 00:00:00,3.0,81,3.1,350,0,0,0
1998-12-29 01:00:00,2.0,87,3.6,360,0,0,0
1998-12-29 02:00:00,2.0,87,2.6,40,0,0,0
1998-12-29 03:00:00,2.0,87,1.5,40,0,0,0
1998-12-29 04:00:00,2.0,87,1.5,30,0,0,0
1998-12-29 05:00:00,2.0,87,3.1,30,0,0,0
1998-12-29 06:00:00,2.0,87,2.1,60,0,0,0
1998-12-29 07:00:00,2.0,87,2.6,20,0,0,0
1998-12-29 08:00:00,2.0,87,2.6,10,0,0,0
1998-12-29 09:00:00,3.0,87,3.1,20,37,0,37
1998-12-29 10:00:00,3.0,87,2.6,10,49,0,49
1998-12-29 11:00:00,3.2,89,2.6,360,97,0,97
1998-12-29 12:00:00,3.0,93,2.6,360,123,0,123
1998-12-29 13:00:00,3.0,93,2.1,350,77,0,77
1998-12-29 14:00:00,3.0,100,2.6,340,75,0,75
1998-12-29 15:00:00,4.0,93,3.1,310,65,0,65
1998-12-29 16:00:00,4.0,93,3.1,310,43,0,43
1998-12-29 17:00:00,4.0,93,2.6,300,22,67,18
1998-12-29 18:00:00,3.0,100,3.1,280,0,0,0
1998-12-29 19:00:00,3.0,100,2.6,300,0,0,0
1998-12-29 20:00:00,3.0,100,3.1,250,0,0,0
1998-12-29 21:00:00,3.0,93,2.6,240,0,0,0
1998-12-29 22:00:00,2.0,100,3.6,260,0,0,0
1998-12-29 23:00:00,2.0,100,3.6,260,0,0,0
1998-12-30 00:00:00,2.0,100,3.6,230,0,0,0
1998-12-30 01:00:00,2.0,93,4.1,250,0,0,0
1998-12-30 02:00:00,2.0,93,4.1,240,0,0,0
1998-12-30 03:00:00,2.0,93,3.6,240,0,0,0
1998-12-30 04:00:00,2.0,100,5.1,240,0,0,0
1998-12-30 05:00:00,2.0,100,4.1,250,0,0,0
1998-12-30 06:00:00,2.0,100,5.7,270,0,0,0
1998-12-30 07:00:00,2.0,93,10.3,320,0,0,0
1998-12-30 08:00:00,1.0,61,10.3,320,0,0,0
1998-12-30 09:00:00,-1.0,60,11.3,330,46,0,46
1998-12-30 10:00:00,-4.0,41,14.4,330,70,0,70
1998-12-30 11:00:00,-2.0,38,13.4,310,123,0,123
1998-12-30 12:00:00,-1.0,35,12.9,330,450,610,170
1998-12-30 13:00:00,-1.0,32,13.9,310,471,827,84
1998-12-30 14:00:00,-1.0,32,13.9,310,419,795,79
1998-12-30 15:00:00,-1.0,32,11.3,310,320,753,63
1998-12-30 16:00:00,-2.0,35,8.2,320,173,552,54
1998-12-30 17:00:00,-3.0,38,8.2,310,28,229,14
1998-12-30 18:00:00,-4.0,41,10.3,300,0,0,0
1998-12-30 19:00:00,-4.0,41,9.8,300,0,0,0
1998-12-30 20:00:00,-5.0,45,6.7,300,0,0,0
1998-12-30 21:00:00,-5.0,45,6.2,290,0,0,0
1998-12-30 22:00:00,-6.0,49,4.6,290,0,0,0
1998-12-30 23:00:00,-6.0,54,7.2,290,0,0,0
1998-12-31 00:00:00,-6.1,52,0.5,290,0,0,0
1998-12-31 01:00:00,-6.0,49,5.7,290,0,0,0
1998-12-31 02:00:00,-6.0,54,3.6,300,0,0,0
1998-12-31 03:00:00,-6.0,54,5.1,290,0,0,0
1998-12-31 04:00:00,-6.0,54,5.7,290,0,0,0
1998-12-31 05:00:00,-6.0,54,4.1,330,0,0,0
1998-12-31 06:00:00,-6.0,54,3.6,300,0,0,0
1998-12-31 07:00:00,-6.0,59,3.6,230,0,0,0
1998-12-31 08:00:00,-7.0,77,3.6,200,1,18,1
1998-12-31 09:00:00,-6.3,80,3.9,210,101,92,86
1998-12-31 10:00:00,-6.0,84,4.1,220,182,132,142
1998-12-31 11:00:00,-5.3,80,4.4,210,129,0,129
1998-12-31 12:00:00,-5.0,77,4.6,190,136,0,136
1998-12-31 13:00:00,-5.0,77,3.6,210,119,0,119
1998-12-31 14:00:00,-4.0,71,2.6,220,166,6,164
1998-12-31 15:00:00,-3.0,71,5.1,250,65,0,65
1998-12-31 16:00:00,-3.0,71,3.1,270,82,50,71
1998-12-31 17:00:00,-4.0,77,3.1,290,31,142,22
1998-12-31 18:00:00,-5.0,84,1.0,230,0,0,0
1998-12-31 19:00:00,-7.0,92,1.5,210,0,0,0
1998-12-31 20:00:00,-8.0,100,1.5,190,0,0,0
1998-12-31 21:00:00,-9.0,100,1.5,170,0,0,0
1998-12-31 22:00:00,-10.0,100,3.1,190,0,0,0
1998-12-31 23:00:00,-10.0,100,1.0,180,0,0,0
1999-01-01 00:00:00,-9.0,100,2.1,160,0,0,0
