date_time,Dry Bulb Temperature [°C],Relative Humidity [%],Wind Speed [m/s],Wind Direction [Deg],Global Horizontal Radiation [W/m2],Direct Normal Radiation [W/m2],Diffuse Horizontal Radiation [W/m2]
2001-01-01 01:00:00,-1.0,39,3.6,260,0,0,0
2001-01-01 02:00:00,-3.0,50,4.1,270,0,0,0
2001-01-01 03:00:00,-4.0,50,3.6,240,0,0,0
2001-01-01 04:00:00,-4.0,59,3.1,240,0,0,0
2001-01-01 05:00:00,-4.0,65,3.6,250,0,0,0
2001-01-01 06:00:00,-4.0,65,3.6,270,0,0,0
2001-01-01 07:00:00,-3.0,60,4.1,290,0,0,0
2001-01-01 08:00:00,-8.0,98,2.6,260,5,102,3
2001-01-01 09:00:00,-1.0,60,3.1,260,148,365,81
2001-01-01 10:00:00,-1.0,60,4.1,280,256,432,118
2001-01-01 11:00:00,1.0,47,5.1,300,405,714,105
2001-01-01 12:00:00,2.0,44,6.7,320,480,773,115
2001-01-01 13:00:00,2.0,40,3.6,320,452,629,152
2001-01-01 14:00:00,2.0,44,4.1,310,309,273,191
2001-01-01 15:00:00,2.0,40,3.6,330,233,274,139
2001-01-01 16:00:00,2.0,44,4.1,290,105,111,81
2001-01-01 17:00:00,1.0,43,3.6,350,26,141,18
2001-01-01 18:00:00,0.0,46,3.1,270,0,0,0
2001-01-01 19:00:00,-1.0,55,2.1,300,0,0,0
2001-01-01 20:00:00,-2.0,60,2.6,310,0,0,0
2001-01-01 21:00:00,-1.0,55,3.1,320,0,0,0
2001-01-01 22:00:00,0.0,51,2.6,300,0,0,0
2001-01-01 23:00:00,-1.0,55,3.1,290,0,0,0
2001-01-02 00:00:00,-1.0,55,4.1,340,0,0,0
2001-01-02 01:00:00,-1.0,55,3.1,300,0,0,0
2001-01-02 02:00:00,-1.0,55,3.4,320,0,0,0
2001-01-02 03:00:00,-1.0,55,3.6,330,0,0,0
2001-01-02 04:00:00,-1.0,60,3.1,320,0,0,0
2001-01-02 05:00:00,-1.0,55,3.1,340,0,0,0
2001-01-02 06:00:00,-1.0,55,3.1,310,0,0,0
2001-01-02 07:00:00,-2.0,55,3.6,310,0,0,0
2001-01-02 08:00:00,-1.0,55,4.6,280,5,138,2
2001-01-02 09:00:00,-6.0,77,5.1,310,148,496,57
2001-01-02 10:00:00,1.0,86,6.2,310,291,670,76
2001-01-02 11:00:00,1.0,36,6.7,310,418,751,102
2001-01-02 12:00:00,0.0,36,6.7,290,418,489,187
2001-01-02 13:00:00,-1.0,42,7.7,310,113,0,113
2001-01-02 14:00:00,-1.0,39,9.3,320,424,581,171
2001-01-02 15:00:00,0.0,43,6.7,320,190,111,151
2001-01-02 16:00:00,-1.0,39,7.7,330,177,440,82
2001-01-02 17:00:00,-1.0,42,7.2,330,27,243,13
2001-01-02 18:00:00,-2.0,46,5.1,330,0,0,0
2001-01-02 19:00:00,-3.0,50,5.1,320,0,0,0
2001-01-02 20:00:00,-3.0,50,5.1,340,0,0,0
2001-01-02 21:00:00,-4.0,50,3.1,320,0,0,0
2001-01-02 22:00:00,-4.0,50,4.1,330,0,0,0
2001-01-02 23:00:00,-6.0,49,2.1,330,0,0,0
2001-01-03 00:00:00,-6.0,59,2.1,330,0,0,0
2001-01-03 01:00:00,-9.0,64,0.0,0,0,0,0
2001-01-03 02:00:00,-11.0,70,0.0,0,0,0,0
2001-01-03 03:00:00,-10.0,76,0.0,0,0,0,0
2001-01-03 04:00:00,-10.0,70,0.0,0,0,0,0
2001-01-03 05:00:00,-9.0,77,1.5,300,0,0,0
2001-01-03 06:00:00,-10.0,76,2.1,310,0,0,0
2001-01-03 07:00:00,-7.0,64,2.6,280,0,0,0
2001-01-03 08:00:00,-6.0,64,3.1,290,6,155,2
2001-01-03 09:00:00,-4.0,59,3.6,290,157,558,54
2001-01-03 10:00:00,-2.0,50,5.1,290,312,739,74
2001-01-03 11:00:00,-1.0,39,5.1,320,411,769,88
2001-01-03 12:00:00,0.0,43,5.1,340,449,730,103
2001-01-03 13:00:00,1.0,40,3.1,260,464,766,96
2001-01-03 14:00:00,1.0,40,4.1,290,418,789,74
2001-01-03 15:00:00,1.0,40,6.2,300,325,753,64
2001-01-03 16:00:00,1.0,36,2.6,320,182,624,46
2001-01-03 17:00:00,-1.0,42,2.1,310,30,279,13
2001-01-03 18:00:00,-4.0,50,3.6,240,0,0,0
2001-01-03 19:00:00,-4.0,54,2.1,260,0,0,0
2001-01-03 20:00:00,-6.0,64,2.1,210,0,0,0
2001-01-03 21:00:00,-8.0,70,0.0,0,0,0,0
2001-01-03 22:00:00,-9.0,77,0.0,0,0,0,0
2001-01-03 23:00:00,-10.0,70,2.1,190,0,0,0
2001-01-04 00:00:00,-11.0,70,1.5,150,0,0,0
2001-01-04 01:00:00,-11.0,63,2.1,170,0,0,0
2001-01-04 02:00:00,-11.0,63,2.1,150,0,0,0
2001-01-04 03:00:00,-9.0,77,0.0,0,0,0,0
2001-01-04 04:00:00,-6.0,84,0.0,0,0,0,0
2001-01-04 05:00:00,-8.0,77,2.1,250,0,0,0
2001-01-04 06:00:00,-6.0,77,0.0,0,0,0,0
2001-01-04 07:00:00,-9.0,77,0.0,0,0,0,0
2001-01-04 08:00:00,-8.0,77,0.0,0,5,141,2
2001-01-04 09:00:00,-4.0,84,0.0,0,157,510,63
2001-01-04 10:00:00,-1.0,71,2.6,250,284,601,91
2001-01-04 11:00:00,2.0,48,4.1,340,398,708,100
2001-01-04 12:00:00,3.6,41,4.6,320,474,749,118
2001-01-04 13:00:00,5.0,36,5.7,320,458,725,109
2001-01-04 14:00:00,5.0,36,6.2,330,407,736,84
2001-01-04 15:00:00,4.0,38,6.7,290,299,496,125
2001-01-04 16:00:00,3.0,41,7.2,310,125,195,82
2001-01-04 17:00:00,2.0,44,6.2,330,31,158,21
2001-01-04 18:00:00,-1.0,55,3.6,320,0,0,0
2001-01-04 19:00:00,0.0,51,2.6,310,0,0,0
2001-01-04 20:00:00,-3.0,60,2.6,250,0,0,0
2001-01-04 21:00:00,-4.0,65,1.5,190,0,0,0
2001-01-04 22:00:00,-6.0,77,1.5,180,0,0,0
2001-01-04 23:00:00,-6.0,70,2.1,200,0,0,0
2001-01-05 00:00:00,-6.0,70,0.0,0,0,0,0
2001-01-05 01:00:00,-9.0,70,0.0,0,0,0,0
2001-01-05 02:00:00,-9.0,84,0.0,0,0,0,0
2001-01-05 03:00:00,-8.0,84,0.0,0,0,0,0
2001-01-05 04:00:00,-10.0,84,0.0,0,0,0,0
2001-01-05 05:00:00,-10.0,84,0.0,0,0,0,0
2001-01-05 06:00:00,-9.0,84,2.1,180,0,0,0
2001-01-05 07:00:00,-8.0,84,2.1,180,0,0,0
2001-01-05 08:00:00,-3.0,71,2.6,180,2,0,2
2001-01-05 09:00:00,-2.0,71,3.6,170,61,0,61
2001-01-05 10:00:00,0.0,72,4.6,220,76,0,76
2001-01-05 11:00:00,2.0,67,4.6,220,77,0,77
2001-01-05 12:00:00,0.0,92,5.1,210,80,0,80
2001-01-05 13:00:00,1.0,79,4.1,150,107,0,107
2001-01-05 14:00:00,4.0,59,5.1,180,132,0,132
2001-01-05 15:00:00,5.0,55,5.1,200,163,41,149
2001-01-05 16:00:00,2.0,87,4.6,190,63,0,63
2001-01-05 17:00:00,2.0,87,3.1,230,5,0,5
2001-01-05 18:00:00,2.0,87,2.1,270,0,0,0
2001-01-05 19:00:00,2.0,87,0.0,0,0,0,0
2001-01-05 20:00:00,1.0,93,1.5,210,0,0,0
2001-01-05 21:00:00,2.0,87,2.1,260,0,0,0
2001-01-05 22:00:00,1.0,86,2.1,220,0,0,0
2001-01-05 23:00:00,-1.0,85,1.5,230,0,0,0
2001-01-06 00:00:00,-3.0,84,0.0,0,0,0,0
2001-01-06 01:00:00,-3.0,92,0.0,0,0,0,0
2001-01-06 02:00:00,0.0,85,2.6,290,0,0,0
2001-01-06 03:00:00,-1.0,78,2.6,260,0,0,0
2001-01-06 04:00:00,-1.0,78,2.6,270,0,0,0
2001-01-06 05:00:00,-2.0,92,4.1,320,0,0,0
2001-01-06 06:00:00,2.0,73,4.1,280,0,0,0
2001-01-06 07:00:00,1.0,72,4.1,280,0,0,0
2001-01-06 08:00:00,1.0,79,3.6,280,5,153,2
2001-01-06 09:00:00,3.0,68,3.1,280,157,551,55
2001-01-06 10:00:00,4.0,69,6.7,300,312,733,75
2001-01-06 11:00:00,5.0,55,8.2,300,405,696,110
2001-01-06 12:00:00,6.0,39,7.7,290,486,586,206
2001-01-06 13:00:00,5.0,39,8.2,300,125,0,125
2001-01-06 14:00:00,4.0,45,7.7,310,109,0,109
2001-01-06 15:00:00,5.0,39,6.7,300,326,555,130
2001-01-06 16:00:00,5.0,42,6.7,330,189,626,47
2001-01-06 17:00:00,4.0,42,4.1,300,35,288,16
2001-01-06 18:00:00,2.0,52,2.6,310,0,0,0
2001-01-06 19:00:00,1.0,56,2.1,290,0,0,0
2001-01-06 20:00:00,0.3,59,2.4,290,0,0,0
2001-01-06 21:00:00,0.0,60,2.6,290,0,0,0
2001-01-06 22:00:00,-2.0,71,2.6,210,0,0,0
2001-01-06 23:00:00,-3.0,71,2.6,200,0,0,0
2001-01-07 00:00:00,-5.0,77,2.1,120,0,0,0
2001-01-07 01:00:00,-5.0,77,0.0,0,0,0,0
2001-01-07 02:00:00,-5.0,77,0.0,0,0,0,0
2001-01-07 03:00:00,-2.0,71,2.1,180,0,0,0
2001-01-07 04:00:00,-2.0,71,3.6,180,0,0,0
2001-01-07 05:00:00,-4.0,77,2.1,160,0,0,0
2001-01-07 06:00:00,-5.0,77,2.6,100,0,0,0
2001-01-07 07:00:00,-3.0,65,2.6,80,0,0,0
2001-01-07 08:00:00,-5.0,84,1.3,40,4,27,3
2001-01-07 09:00:00,0.0,92,0.0,0,105,96,87
2001-01-07 10:00:00,6.0,60,4.1,220,215,163,162
2001-01-07 11:00:00,9.0,45,5.1,240,334,342,189
2001-01-07 12:00:00,10.0,36,3.1,220,326,187,236
2001-01-07 13:00:00,12.0,31,2.6,270,447,581,163
2001-01-07 14:00:00,12.0,31,2.6,280,408,659,114
2001-01-07 15:00:00,12.0,29,3.1,270,332,742,67
2001-01-07 16:00:00,11.0,31,3.6,230,184,594,48
2001-01-07 17:00:00,6.0,47,3.1,210,36,260,18
2001-01-07 18:00:00,4.0,54,0.0,0,0,0,0
2001-01-07 19:00:00,2.0,62,2.1,100,0,0,0
2001-01-07 20:00:00,4.0,54,0.0,0,0,0,0
2001-01-07 21:00:00,4.0,59,2.1,100,0,0,0
2001-01-07 22:00:00,3.0,63,2.1,110,0,0,0
2001-01-07 23:00:00,2.0,73,2.1,120,0,0,0
2001-01-08 00:00:00,2.4,77,2.6,120,0,0,0
2001-01-08 01:00:00,3.0,81,0.0,0,0,0,0
2001-01-08 02:00:00,3.0,74,3.6,100,0,0,0
2001-01-08 03:00:00,3.0,74,0.0,0,0,0,0
2001-01-08 04:00:00,3.0,81,0.0,0,0,0,0
2001-01-08 05:00:00,1.0,72,2.6,90,0,0,0
2001-01-08 06:00:00,4.0,75,1.7,60,0,0,0
2001-01-08 07:00:00,5.0,64,0.9,30,0,0,0
2001-01-08 08:00:00,4.0,81,0.0,0,2,0,2
2001-01-08 09:00:00,4.0,87,2.1,200,61,0,61
2001-01-08 10:00:00,4.0,93,0.0,0,90,0,90
2001-01-08 11:00:00,5.0,87,0.0,0,109,0,109
2001-01-08 12:00:00,6.0,87,0.0,0,136,0,136
2001-01-08 13:00:00,7.0,87,0.0,0,161,0,161
2001-01-08 14:00:00,7.0,87,0.9,340,155,0,155
2001-01-08 15:00:00,7.0,87,1.7,330,147,12,143
2001-01-08 16:00:00,6.0,87,2.6,310,83,6,81
2001-01-08 17:00:00,5.0,93,3.1,340,26,67,21
2001-01-08 18:00:00,5.0,93,4.6,320,0,0,0
2001-01-08 19:00:00,3.0,93,5.7,310,0,0,0
2001-01-08 20:00:00,3.0,93,6.2,320,0,0,0
2001-01-08 21:00:00,8.0,66,7.2,340,0,0,0
2001-01-08 22:00:00,3.0,87,4.6,320,0,0,0
2001-01-08 23:00:00,2.0,93,4.6,310,0,0,0
2001-01-09 00:00:00,2.0,87,6.2,320,0,0,0
2001-01-09 01:00:00,3.0,81,4.1,310,0,0,0
2001-01-09 02:00:00,3.0,81,5.1,310,0,0,0
2001-01-09 03:00:00,2.0,80,5.1,310,0,0,0
2001-01-09 04:00:00,2.0,73,5.1,300,0,0,0
2001-01-09 05:00:00,2.0,73,3.1,300,0,0,0
2001-01-09 06:00:00,2.0,73,3.6,290,0,0,0
2001-01-09 07:00:00,2.0,80,4.6,323,0,0,0
2001-01-09 08:00:00,2.0,67,5.1,320,4,54,3
2001-01-09 09:00:00,2.0,67,6.2,330,113,193,77
2001-01-09 10:00:00,2.0,52,7.2,330,187,119,148
2001-01-09 11:00:00,1.8,43,7.5,330,424,611,163
2001-01-09 12:00:00,1.0,36,7.7,330,487,821,89
2001-01-09 13:00:00,1.0,36,10.3,330,483,755,111
2001-01-09 14:00:00,2.0,37,7.7,290,448,843,68
2001-01-09 15:00:00,1.0,36,10.3,290,344,778,61
2001-01-09 16:00:00,0.7,36,8.5,300,195,623,49
2001-01-09 17:00:00,0.0,39,6.7,310,41,306,17
2001-01-09 18:00:00,-1.0,42,8.7,280,0,0,0
2001-01-09 19:00:00,-1.0,42,4.6,290,0,0,0
2001-01-09 20:00:00,-1.0,42,5.1,280,0,0,0
2001-01-09 21:00:00,-1.0,39,5.7,300,0,0,0
2001-01-09 22:00:00,-2.0,46,5.7,270,0,0,0
2001-01-09 23:00:00,-2.0,46,4.6,270,0,0,0
2001-01-10 00:00:00,-2.0,42,5.7,270,0,0,0
2001-01-10 01:00:00,-2.0,42,5.1,260,0,0,0
2001-01-10 02:00:00,-1.0,42,5.1,270,0,0,0
2001-01-10 03:00:00,-1.0,42,4.6,270,0,0,0
2001-01-10 04:00:00,-1.6,44,4.4,270,0,0,0
2001-01-10 05:00:00,-2.0,46,4.1,270,0,0,0
2001-01-10 06:00:00,-1.0,50,3.1,280,0,0,0
2001-01-10 07:00:00,-1.0,46,2.6,310,0,0,0
2001-01-10 08:00:00,-1.0,50,3.6,320,6,165,2
2001-01-10 09:00:00,2.0,40,5.1,330,165,584,55
2001-01-10 10:00:00,3.0,34,6.2,320,319,745,75
2001-01-10 11:00:00,4.0,35,7.7,320,424,800,81
2001-01-10 12:00:00,5.0,33,6.2,310,487,815,90
2001-01-10 13:00:00,5.0,33,7.2,300,483,785,95
2001-01-10 14:00:00,5.0,33,6.7,320,431,772,81
2001-01-10 15:00:00,6.0,28,5.7,340,344,755,68
2001-01-10 16:00:00,5.7,28,4.1,310,201,641,48
2001-01-10 17:00:00,5.0,30,2.6,270,45,336,18
2001-01-10 18:00:00,0.0,51,2.1,180,0,0,0
2001-01-10 19:00:00,-2.0,60,2.6,210,0,0,0
2001-01-10 20:00:00,-1.0,55,1.5,180,0,0,0
2001-01-10 21:00:00,-2.0,60,2.1,190,0,0,0
2001-01-10 22:00:00,-1.0,55,4.1,200,0,0,0
2001-01-10 23:00:00,-2.0,55,3.1,200,0,0,0
2001-01-11 00:00:00,-1.0,55,2.6,240,0,0,0
2001-01-11 01:00:00,-3.0,65,0.0,0,0,0,0
2001-01-11 02:00:00,-4.0,65,0.0,0,0,0,0
2001-01-11 03:00:00,-5.0,77,0.0,0,0,0,0
2001-01-11 04:00:00,-5.0,77,0.0,0,0,0,0
2001-01-11 05:00:00,-4.0,71,2.1,210,0,0,0
2001-01-11 06:00:00,-1.0,60,2.1,260,0,0,0
2001-01-11 07:00:00,-5.0,77,0.0,0,0,0,0
2001-01-11 08:00:00,-5.0,84,2.1,200,6,165,2
2001-01-11 09:00:00,4.0,59,3.6,280,165,577,56
2001-01-11 10:00:00,6.0,39,3.6,240,319,739,76
2001-01-11 11:00:00,9.0,32,2.6,260,411,727,98
2001-01-11 12:00:00,12.0,22,3.1,240,481,779,100
2001-01-11 13:00:00,15.0,14,4.1,280,495,797,99
2001-01-11 14:00:00,15.0,15,6.7,290,455,843,70
2001-01-11 15:00:00,15.0,17,6.2,260,350,784,61
2001-01-11 16:00:00,15.0,17,4.6,270,206,664,46
2001-01-11 17:00:00,11.0,24,2.6,240,46,325,19
2001-01-11 18:00:00,7.0,31,3.1,210,0,0,0
2001-01-11 19:00:00,4.0,42,1.5,200,0,0,0
2001-01-11 20:00:00,2.0,48,0.0,0,0,0,0
2001-01-11 21:00:00,1.0,56,0.0,0,0,0,0
2001-01-11 22:00:00,0.0,60,0.0,0,0,0,0
2001-01-11 23:00:00,0.0,51,0.0,0,0,0,0
2001-01-12 00:00:00,-1.0,66,0.0,0,0,0,0
2001-01-12 01:00:00,2.0,52,2.1,320,0,0,0
2001-01-12 02:00:00,5.0,50,4.1,10,0,0,0
2001-01-12 03:00:00,5.0,50,3.6,40,0,0,0
2001-01-12 04:00:00,3.0,58,0.0,0,0,0,0
2001-01-12 05:00:00,4.0,54,3.1,40,0,0,0
2001-01-12 06:00:00,4.0,54,4.6,30,0,0,0
2001-01-12 07:00:00,2.0,67,3.6,50,0,0,0
2001-01-12 08:00:00,1.0,67,3.1,30,5,83,3
2001-01-12 09:00:00,4.0,64,5.1,50,130,288,75
2001-01-12 10:00:00,6.0,55,5.1,50,242,319,137
2001-01-12 11:00:00,7.0,48,5.1,50,398,501,182
2001-01-12 12:00:00,7.0,56,6.2,80,154,0,154
2001-01-12 13:00:00,7.0,56,5.1,30,417,377,229
2001-01-12 14:00:00,8.0,52,5.1,40,409,499,180
2001-01-12 15:00:00,7.0,61,5.1,40,126,6,124
2001-01-12 16:00:00,5.7,63,4.4,50,207,473,91
2001-01-12 17:00:00,4.0,69,3.6,50,47,314,20
2001-01-12 18:00:00,2.0,80,2.6,50,0,0,0
2001-01-12 19:00:00,1.0,79,3.6,40,0,0,0
2001-01-12 20:00:00,1.0,79,3.6,30,0,0,0
2001-01-12 21:00:00,0.5,82,2.1,60,0,0,0
2001-01-12 22:00:00,0.0,85,2.6,20,0,0,0
2001-01-12 23:00:00,-1.0,85,4.6,40,0,0,0
2001-01-13 00:00:00,-1.0,92,5.1,40,0,0,0
2001-01-13 01:00:00,-2.0,92,2.1,60,0,0,0
2001-01-13 02:00:00,-2.5,93,0.0,0,0,0,0
2001-01-13 03:00:00,-3.0,96,0.0,0,0,0,0
2001-01-13 04:00:00,-3.0,92,0.0,0,0,0,0
2001-01-13 05:00:00,-3.4,93,0.0,0,0,0,0
2001-01-13 06:00:00,-4.0,92,0.0,0,0,0,0
2001-01-13 07:00:00,-4.0,92,0.0,0,0,0,0
2001-01-13 08:00:00,-3.0,92,0.0,0,7,166,2
2001-01-13 09:00:00,1.0,93,0.0,0,164,569,55
2001-01-13 10:00:00,6.0,70,2.1,30,325,757,74
2001-01-13 11:00:00,7.0,61,2.6,50,437,830,76
2001-01-13 12:00:00,8.0,52,3.1,60,505,863,80
2001-01-13 13:00:00,9.0,45,3.6,60,513,863,79
2001-01-13 14:00:00,10.0,42,3.4,70,443,796,76
2001-01-13 15:00:00,10.0,42,3.1,70,345,726,73
2001-01-13 16:00:00,9.0,49,2.6,100,212,666,48
2001-01-13 17:00:00,6.0,60,3.1,90,51,340,21
2001-01-13 18:00:00,2.0,67,2.6,90,0,0,0
2001-01-13 19:00:00,0.0,78,2.6,100,0,0,0
2001-01-13 20:00:00,-1.0,78,0.0,0,0,0,0
2001-01-13 21:00:00,-1.0,85,0.0,0,0,0,0
2001-01-13 22:00:00,-2.0,85,0.0,0,0,0,0
2001-01-13 23:00:00,-3.0,84,0.0,0,0,0,0
2001-01-14 00:00:00,-3.0,84,0.0,0,0,0,0
2001-01-14 01:00:00,-4.0,92,0.0,0,0,0,0
2001-01-14 02:00:00,-4.0,84,0.0,0,0,0,0
2001-01-14 03:00:00,-4.0,84,0.0,0,0,0,0
2001-01-14 04:00:00,-5.0,77,0.0,0,0,0,0
2001-01-14 05:00:00,-5.0,77,0.0,0,0,0,0
2001-01-14 06:00:00,-5.0,77,0.0,0,0,0,0
2001-01-14 07:00:00,-5.0,84,0.0,0,0,0,0
2001-01-14 08:00:00,-5.0,92,0.0,0,6,101,3
2001-01-14 09:00:00,0.0,46,0.0,0,138,342,72
2001-01-14 10:00:00,4.5,57,1.3,70,311,500,144
2001-01-14 11:00:00,9.0,66,2.6,140,257,116,206
2001-01-14 12:00:00,12.0,47,0.0,0,358,193,262
2001-01-14 13:00:00,14.0,41,2.1,120,394,360,212
2001-01-14 14:00:00,13.0,44,3.1,70,334,267,210
2001-01-14 15:00:00,13.0,41,3.1,110,197,82,166
2001-01-14 16:00:00,9.0,66,3.1,150,64,0,64
2001-01-14 17:00:00,8.6,75,2.9,140,29,28,26
2001-01-14 18:00:00,8.0,87,2.6,130,0,0,0
2001-01-14 19:00:00,8.0,87,3.1,330,0,0,0
2001-01-14 20:00:00,7.0,93,2.6,360,0,0,0
2001-01-14 21:00:00,7.0,93,5.1,90,0,0,0
2001-01-14 22:00:00,7.0,93,0.0,0,0,0,0
2001-01-14 23:00:00,8.0,93,4.1,70,0,0,0
2001-01-15 00:00:00,8.0,93,3.6,130,0,0,0
2001-01-15 01:00:00,8.0,93,2.6,140,0,0,0
2001-01-15 02:00:00,7.0,93,2.6,40,0,0,0
2001-01-15 03:00:00,7.0,93,0.0,0,0,0,0
2001-01-15 04:00:00,7.0,93,1.5,260,0,0,0
2001-01-15 05:00:00,7.0,93,3.1,280,0,0,0
2001-01-15 06:00:00,6.0,100,3.1,320,0,0,0
2001-01-15 07:00:00,6.0,93,2.6,310,0,0,0
2001-01-15 08:00:00,6.0,93,2.6,280,3,0,3
2001-01-15 09:00:00,6.0,93,2.1,300,60,0,60
2001-01-15 10:00:00,6.0,93,2.6,270,111,0,111
2001-01-15 11:00:00,7.0,93,2.4,280,109,0,109
2001-01-15 12:00:00,9.0,87,2.1,290,142,0,142
2001-01-15 13:00:00,10.0,82,0.0,0,185,6,182
2001-01-15 14:00:00,10.0,82,1.5,250,98,0,98
2001-01-15 15:00:00,10.0,82,1.5,270,148,12,144
2001-01-15 16:00:00,10.0,82,2.1,270,89,11,86
2001-01-15 17:00:00,9.0,81,2.6,260,46,109,36
2001-01-15 18:00:00,8.0,93,3.1,260,0,0,0
2001-01-15 19:00:00,7.0,87,3.6,260,0,0,0
2001-01-15 20:00:00,3.0,100,0.0,0,0,0,0
2001-01-15 21:00:00,5.0,93,1.3,70,0,0,0
2001-01-15 22:00:00,7.0,87,2.6,130,0,0,0
2001-01-15 23:00:00,7.0,87,3.6,140,0,0,0
2001-01-16 00:00:00,6.0,93,2.1,190,0,0,0
2001-01-16 01:00:00,6.0,93,3.1,300,0,0,0
2001-01-16 02:00:00,6.0,93,2.6,320,0,0,0
2001-01-16 03:00:00,6.0,93,2.1,330,0,0,0
2001-01-16 04:00:00,6.0,93,4.1,310,0,0,0
2001-01-16 05:00:00,6.0,93,4.6,320,0,0,0
2001-01-16 06:00:00,5.0,93,3.6,320,0,0,0
2001-01-16 07:00:00,3.0,100,1.5,250,0,0,0
2001-01-16 08:00:00,3.0,100,2.6,226,7,119,3
2001-01-16 09:00:00,4.7,87,3.1,260,146,389,70
2001-01-16 10:00:00,6.0,75,4.1,270,228,213,156
2001-01-16 11:00:00,7.0,70,4.1,290,251,92,210
2001-01-16 12:00:00,9.0,57,5.1,300,370,272,234
2001-01-16 13:00:00,10.0,46,7.2,300,424,396,222
2001-01-16 14:00:00,11.0,43,5.1,300,444,654,136
2001-01-16 15:00:00,11.0,39,7.7,300,357,745,71
2001-01-16 16:00:00,9.0,45,8.7,300,214,617,55
2001-01-16 17:00:00,8.1,48,6.4,300,57,344,23
2001-01-16 18:00:00,7.0,52,4.1,300,0,0,0
2001-01-16 19:00:00,5.4,55,3.4,260,0,0,0
2001-01-16 20:00:00,4.0,59,2.6,210,0,0,0
2001-01-16 21:00:00,4.0,64,2.6,320,0,0,0
2001-01-16 22:00:00,3.0,63,2.6,260,0,0,0
2001-01-16 23:00:00,1.0,72,0.0,0,0,0,0
2001-01-17 00:00:00,1.0,72,0.0,0,0,0,0
2001-01-17 01:00:00,4.0,59,3.1,200,0,0,0
2001-01-17 02:00:00,0.0,72,3.1,220,0,0,0
2001-01-17 03:00:00,-1.0,78,2.1,220,0,0,0
2001-01-17 04:00:00,-2.0,78,2.1,220,0,0,0
2001-01-17 05:00:00,-3.0,84,2.1,230,0,0,0
2001-01-17 06:00:00,-2.0,85,2.1,240,0,0,0
2001-01-17 07:00:00,-4.0,84,3.1,230,0,0,0
2001-01-17 08:00:00,-2.0,85,2.1,210,8,180,3
2001-01-17 09:00:00,2.0,80,2.1,250,171,580,57
2001-01-17 10:00:00,6.0,55,3.1,300,332,750,77
2001-01-17 11:00:00,7.0,48,5.1,310,437,775,93
2001-01-17 12:00:00,8.0,44,5.1,300,493,719,131
2001-01-17 13:00:00,6.0,51,5.1,290,454,455,220
2001-01-17 14:00:00,8.0,44,5.7,290,173,12,167
2001-01-17 15:00:00,7.0,48,5.1,320,154,12,149
2001-01-17 16:00:00,7.0,52,4.1,310,60,0,60
2001-01-17 17:00:00,6.0,55,2.1,290,54,154,39
2001-01-17 18:00:00,5.0,59,0.0,0,0,0,0
2001-01-17 19:00:00,1.0,79,0.0,0,0,0,0
2001-01-17 20:00:00,0.0,78,0.0,0,0,0,0
2001-01-17 21:00:00,0.0,78,0.0,0,0,0,0
2001-01-17 22:00:00,-1.0,78,0.0,0,0,0,0
2001-01-17 23:00:00,-1.0,78,0.0,0,0,0,0
2001-01-18 00:00:00,-1.0,78,0.0,0,0,0,0
2001-01-18 01:00:00,-1.0,78,0.0,0,0,0,0
2001-01-18 02:00:00,-1.0,85,0.0,0,0,0,0
2001-01-18 03:00:00,0.0,85,0.0,0,0,0,0
2001-01-18 04:00:00,0.0,85,0.0,0,0,0,0
2001-01-18 05:00:00,1.0,79,0.0,0,0,0,0
2001-01-18 06:00:00,1.0,86,0.0,0,0,0,0
2001-01-18 07:00:00,1.0,86,0.0,0,0,0,0
2001-01-18 08:00:00,2.0,80,2.1,80,2,0,2
2001-01-18 09:00:00,4.0,75,2.1,40,34,0,34
2001-01-18 10:00:00,5.0,70,2.1,100,90,0,90
2001-01-18 11:00:00,6.0,65,2.6,100,135,0,135
2001-01-18 12:00:00,7.0,61,2.6,90,142,0,142
2001-01-18 13:00:00,7.0,66,2.6,120,101,0,101
2001-01-18 14:00:00,6.0,81,2.1,140,75,0,75
2001-01-18 15:00:00,6.0,87,1.5,90,61,0,61
2001-01-18 16:00:00,5.0,93,2.6,50,75,0,75
2001-01-18 17:00:00,5.0,93,3.1,90,14,0,14
2001-01-18 18:00:00,5.0,93,2.6,80,0,0,0
2001-01-18 19:00:00,5.0,87,2.6,30,0,0,0
2001-01-18 20:00:00,5.0,87,2.6,50,0,0,0
2001-01-18 21:00:00,5.0,87,2.6,10,0,0,0
2001-01-18 22:00:00,5.0,87,2.1,30,0,0,0
2001-01-18 23:00:00,5.0,91,1.1,20,0,0,0
2001-01-19 00:00:00,5.0,93,0.0,0,0,0,0
2001-01-19 01:00:00,5.0,93,1.5,30,0,0,0
2001-01-19 02:00:00,5.0,93,2.1,70,0,0,0
2001-01-19 03:00:00,5.0,93,2.6,100,0,0,0
2001-01-19 04:00:00,5.0,93,2.1,300,0,0,0
2001-01-19 05:00:00,5.1,94,1.5,330,0,0,0
2001-01-19 06:00:00,5.0,93,2.1,20,0,0,0
2001-01-19 07:00:00,6.0,93,0.0,0,0,0,0
2001-01-19 08:00:00,6.0,93,2.1,260,3,0,3
2001-01-19 09:00:00,6.2,97,2.6,60,60,0,60
2001-01-19 10:00:00,6.0,100,3.6,100,48,0,48
2001-01-19 11:00:00,7.0,93,3.6,320,71,0,71
2001-01-19 12:00:00,7.0,93,2.1,150,80,0,80
2001-01-19 13:00:00,8.0,93,0.0,0,96,0,96
2001-01-19 14:00:00,9.0,93,2.6,230,150,0,150
2001-01-19 15:00:00,9.0,93,2.6,200,61,0,61
2001-01-19 16:00:00,9.0,93,2.6,230,40,0,40
2001-01-19 17:00:00,9.0,93,2.1,260,21,0,21
2001-01-19 18:00:00,8.0,93,4.1,310,0,0,0
2001-01-19 19:00:00,8.0,87,3.1,320,0,0,0
2001-01-19 20:00:00,7.0,93,3.6,310,0,0,0
2001-01-19 21:00:00,7.0,93,2.6,20,0,0,0
2001-01-19 22:00:00,7.0,93,2.1,40,0,0,0
2001-01-19 23:00:00,7.0,93,2.6,20,0,0,0
2001-01-20 00:00:00,7.0,87,3.6,30,0,0,0
2001-01-20 01:00:00,6.0,93,4.6,10,0,0,0
2001-01-20 02:00:00,6.0,93,4.6,50,0,0,0
2001-01-20 03:00:00,5.7,94,4.6,50,0,0,0
2001-01-20 04:00:00,5.3,93,4.6,50,0,0,0
2001-01-20 05:00:00,5.0,93,4.6,50,0,0,0
2001-01-20 06:00:00,5.0,93,4.6,30,0,0,0
2001-01-20 07:00:00,5.0,87,6.7,60,0,0,0
2001-01-20 08:00:00,5.0,87,8.7,70,4,0,4
2001-01-20 09:00:00,5.0,87,5.7,50,76,0,76
2001-01-20 10:00:00,5.0,87,5.7,50,55,0,55
2001-01-20 11:00:00,5.0,87,5.1,30,71,0,71
2001-01-20 12:00:00,5.0,87,6.2,40,86,0,86
2001-01-20 13:00:00,5.0,87,7.2,40,84,0,84
2001-01-20 14:00:00,5.0,87,8.2,50,75,0,75
2001-01-20 15:00:00,5.0,87,7.7,30,66,0,66
2001-01-20 16:00:00,5.0,87,7.7,40,50,0,50
2001-01-20 17:00:00,5.0,87,6.7,40,11,0,11
2001-01-20 18:00:00,4.0,93,6.2,30,0,0,0
2001-01-20 19:00:00,4.0,93,7.2,40,0,0,0
2001-01-20 20:00:00,3.8,91,6.2,40,0,0,0
2001-01-20 21:00:00,4.0,87,7.2,50,0,0,0
2001-01-20 22:00:00,4.0,87,3.6,10,0,0,0
2001-01-20 23:00:00,3.0,93,5.1,280,0,0,0
2001-01-21 00:00:00,2.0,93,5.1,300,0,0,0
2001-01-21 01:00:00,2.0,87,5.7,320,0,0,0
2001-01-21 02:00:00,2.0,87,9.3,300,0,0,0
2001-01-21 03:00:00,2.0,87,8.7,310,0,0,0
2001-01-21 04:00:00,1.0,79,8.2,330,0,0,0
2001-01-21 05:00:00,1.0,72,7.2,320,0,0,0
2001-01-21 06:00:00,0.0,85,10.8,310,0,0,0
2001-01-21 07:00:00,-1.0,78,9.9,320,0,0,0
2001-01-21 08:00:00,-1.2,71,9.1,320,10,180,4
2001-01-21 09:00:00,0.0,60,8.2,330,169,536,59
2001-01-21 10:00:00,0.0,60,8.7,330,331,705,85
2001-01-21 11:00:00,1.0,51,6.2,320,449,799,86
2001-01-21 12:00:00,1.0,43,6.7,310,530,791,123
2001-01-21 13:00:00,2.0,44,6.7,300,514,707,141
2001-01-21 14:00:00,2.0,44,6.7,300,468,779,88
2001-01-21 15:00:00,2.0,44,6.2,290,386,775,75
2001-01-21 16:00:00,2.0,40,6.7,290,237,672,53
2001-01-21 17:00:00,-1.0,50,4.1,280,72,391,27
2001-01-21 18:00:00,0.0,46,5.1,280,0,0,0
2001-01-21 19:00:00,-1.0,50,3.6,280,0,0,0
2001-01-21 20:00:00,-1.0,50,4.1,280,0,0,0
2001-01-21 21:00:00,-1.0,50,2.6,280,0,0,0
2001-01-21 22:00:00,-2.0,55,3.1,320,0,0,0
2001-01-21 23:00:00,-2.5,55,2.9,320,0,0,0
2001-01-22 00:00:00,-3.0,55,2.6,320,0,0,0
2001-01-22 01:00:00,-2.0,46,5.7,330,0,0,0
2001-01-22 02:00:00,-2.0,46,4.1,340,0,0,0
2001-01-22 03:00:00,-3.0,50,2.1,300,0,0,0
2001-01-22 04:00:00,-4.0,54,2.1,310,0,0,0
2001-01-22 05:00:00,-4.0,59,2.1,270,0,0,0
2001-01-22 06:00:00,-5.0,71,1.5,300,0,0,0
2001-01-22 07:00:00,-6.0,77,2.6,340,0,0,0
2001-01-22 08:00:00,-3.0,65,3.1,10,12,198,4
2001-01-22 09:00:00,-1.0,55,4.6,330,185,575,66
2001-01-22 10:00:00,0.0,46,3.6,320,337,736,79
2001-01-22 11:00:00,1.0,47,5.1,320,443,750,99
2001-01-22 12:00:00,2.0,44,4.6,310,506,755,114
2001-01-22 13:00:00,3.0,45,4.1,290,544,857,89
2001-01-22 14:00:00,4.0,38,2.6,350,491,851,73
2001-01-22 15:00:00,4.0,38,3.6,310,365,523,152
2001-01-22 16:00:00,4.0,42,3.1,310,142,103,113
2001-01-22 17:00:00,2.0,44,2.6,200,77,234,49
2001-01-22 18:00:00,1.0,51,2.1,340,0,0,0
2001-01-22 19:00:00,-1.0,60,2.1,330,0,0,0
2001-01-22 20:00:00,-3.0,71,2.6,120,0,0,0
2001-01-22 21:00:00,-3.0,77,0.0,0,0,0,0
2001-01-22 22:00:00,-2.0,71,0.0,0,0,0,0
2001-01-22 23:00:00,-4.0,77,0.0,0,0,0,0
2001-01-23 00:00:00,-5.0,77,0.0,0,0,0,0
2001-01-23 01:00:00,-4.0,77,1.5,310,0,0,0
2001-01-23 02:00:00,-5.0,77,1.5,90,0,0,0
2001-01-23 03:00:00,-5.0,77,1.5,340,0,0,0
2001-01-23 04:00:00,-6.0,77,0.0,0,0,0,0
2001-01-23 05:00:00,-6.0,84,0.0,0,0,0,0
2001-01-23 06:00:00,-6.0,84,2.6,355,0,0,0
2001-01-23 07:00:00,-5.0,84,2.6,350,0,0,0
2001-01-23 08:00:00,-4.0,71,3.6,340,11,168,5
2001-01-23 09:00:00,-1.0,66,2.6,340,168,480,67
2001-01-23 10:00:00,1.0,56,5.1,350,289,499,112
2001-01-23 11:00:00,2.0,52,5.7,350,436,671,127
2001-01-23 12:00:00,4.0,49,5.1,350,493,688,134
2001-01-23 13:00:00,5.0,46,5.1,10,508,689,140
2001-01-23 14:00:00,5.0,46,5.7,10,474,773,91
2001-01-23 15:00:00,6.0,43,5.1,10,387,740,84
2001-01-23 16:00:00,6.0,43,4.1,10,243,673,53
2001-01-23 17:00:00,4.0,49,3.6,360,78,405,29
2001-01-23 18:00:00,2.0,52,3.6,10,0,0,0
2001-01-23 19:00:00,0.0,60,2.6,360,0,0,0
2001-01-23 20:00:00,0.0,60,2.6,350,0,0,0
2001-01-23 21:00:00,-1.0,71,3.6,350,0,0,0
2001-01-23 22:00:00,-1.0,71,3.1,320,0,0,0
2001-01-23 23:00:00,-1.0,69,3.6,320,0,0,0
2001-01-24 00:00:00,-1.0,66,3.1,310,0,0,0
2001-01-24 01:00:00,-1.0,60,2.6,320,0,0,0
2001-01-24 02:00:00,-1.0,66,4.6,320,0,0,0
2001-01-24 03:00:00,-1.0,66,3.6,320,0,0,0
2001-01-24 04:00:00,-1.0,66,3.1,330,0,0,0
2001-01-24 05:00:00,0.0,66,2.6,310,0,0,0
2001-01-24 06:00:00,0.0,66,3.6,310,0,0,0
2001-01-24 07:00:00,0.0,66,3.6,320,0,0,0
2001-01-24 08:00:00,1.0,67,2.6,320,0,0,0
2001-01-24 09:00:00,2.0,62,2.6,320,150,337,79
2001-01-24 10:00:00,6.0,51,4.1,340,295,530,106
2001-01-24 11:00:00,7.0,48,3.1,320,462,750,114
2001-01-24 12:00:00,8.0,44,2.6,340,506,718,128
2001-01-24 13:00:00,9.0,41,3.4,330,550,851,92
2001-01-24 14:00:00,10.0,39,4.3,320,463,666,130
2001-01-24 15:00:00,9.0,41,5.1,310,338,429,160
2001-01-24 16:00:00,9.0,41,3.9,270,239,594,69
2001-01-24 17:00:00,7.0,52,2.6,230,75,352,31
2001-01-24 18:00:00,4.0,64,0.0,0,0,0,0
2001-01-24 19:00:00,1.0,72,1.5,180,0,0,0
2001-01-24 20:00:00,-1.0,85,1.5,120,0,0,0
2001-01-24 21:00:00,-1.0,85,0.0,0,0,0,0
2001-01-24 22:00:00,-0.7,80,0.0,0,0,0,0
2001-01-24 23:00:00,-0.3,76,0.0,0,0,0,0
2001-01-25 00:00:00,0.0,72,0.0,0,0,0,0
2001-01-25 01:00:00,0.0,78,3.1,270,0,0,0
2001-01-25 02:00:00,1.0,72,3.6,330,0,0,0
2001-01-25 03:00:00,1.0,72,2.6,320,0,0,0
2001-01-25 04:00:00,3.0,63,5.7,350,0,0,0
2001-01-25 05:00:00,3.1,61,5.7,350,0,0,0
2001-01-25 06:00:00,3.0,58,5.7,350,0,0,0
2001-01-25 07:00:00,3.0,58,4.6,360,0,0,0
2001-01-25 08:00:00,2.0,52,5.1,340,0,0,0
2001-01-25 09:00:00,2.0,52,5.1,350,191,599,63
2001-01-25 10:00:00,4.0,49,7.7,360,343,729,81
2001-01-25 11:00:00,5.0,46,6.7,360,462,799,89
2001-01-25 12:00:00,6.0,43,7.7,10,518,767,112
2001-01-25 13:00:00,6.0,39,7.2,10,538,641,191
2001-01-25 14:00:00,5.0,39,6.7,360,226,95,178
2001-01-25 15:00:00,5.0,39,9.3,340,349,329,212
2001-01-25 16:00:00,4.0,42,8.7,340,107,34,97
2001-01-25 17:00:00,4.0,38,7.7,350,80,223,51
2001-01-25 18:00:00,3.0,41,5.1,350,0,0,0
2001-01-25 19:00:00,2.0,44,6.2,330,0,0,0
2001-01-25 20:00:00,1.0,47,5.1,330,0,0,0
2001-01-25 21:00:00,1.0,43,5.1,350,0,0,0
2001-01-25 22:00:00,0.0,46,5.1,340,0,0,0
2001-01-25 23:00:00,-1.0,50,2.6,330,0,0,0
2001-01-26 00:00:00,-1.0,50,5.1,330,0,0,0
2001-01-26 01:00:00,-1.0,42,4.6,340,0,0,0
2001-01-26 02:00:00,-2.0,50,5.1,320,0,0,0
2001-01-26 03:00:00,-2.0,50,5.7,310,0,0,0
2001-01-26 04:00:00,-3.0,55,4.6,340,0,0,0
2001-01-26 05:00:00,-3.0,50,5.1,330,0,0,0
2001-01-26 06:00:00,-3.0,46,5.1,350,0,0,0
2001-01-26 07:00:00,-4.0,54,4.6,330,0,0,0
2001-01-26 08:00:00,-3.0,55,3.6,320,0,0,0
2001-01-26 09:00:00,-1.0,50,5.1,340,190,638,52
2001-01-26 10:00:00,1.0,40,5.1,340,350,741,81
2001-01-26 11:00:00,2.0,34,4.1,320,461,787,92
2001-01-26 12:00:00,3.0,34,3.6,300,524,724,138
2001-01-26 13:00:00,4.0,29,2.6,310,502,611,169
2001-01-26 14:00:00,5.0,27,4.1,270,463,589,165
2001-01-26 15:00:00,4.0,29,2.6,260,310,306,182
2001-01-26 16:00:00,6.0,28,2.1,260,138,74,116
2001-01-26 17:00:00,4.0,38,4.1,250,89,265,53
2001-01-26 18:00:00,1.0,51,4.1,240,0,0,0
2001-01-26 19:00:00,-1.0,60,2.6,170,0,0,0
2001-01-26 20:00:00,0.0,55,4.1,190,0,0,0
2001-01-26 21:00:00,0.0,51,4.6,190,0,0,0
2001-01-26 22:00:00,1.0,51,4.6,200,0,0,0
2001-01-26 23:00:00,1.0,61,4.6,210,0,0,0
2001-01-27 00:00:00,2.0,57,3.6,190,0,0,0
2001-01-27 01:00:00,3.0,49,4.1,170,0,0,0
2001-01-27 02:00:00,9.0,29,5.1,200,0,0,0
2001-01-27 03:00:00,5.0,36,5.1,200,0,0,0
2001-01-27 04:00:00,4.0,42,4.1,240,0,0,0
2001-01-27 05:00:00,3.0,45,4.1,240,0,0,0
2001-01-27 06:00:00,3.0,49,2.6,240,0,0,0
2001-01-27 07:00:00,4.0,45,2.6,230,0,0,0
2001-01-27 08:00:00,4.0,49,2.6,220,0,0,0
2001-01-27 09:00:00,5.0,50,3.6,250,115,101,93
2001-01-27 10:00:00,6.0,47,4.6,260,96,0,96
2001-01-27 11:00:00,7.0,40,3.6,280,141,0,141
2001-01-27 12:00:00,7.0,52,4.1,280,86,0,86
2001-01-27 13:00:00,7.0,61,5.1,290,90,0,90
2001-01-27 14:00:00,8.0,57,6.7,270,133,0,133
2001-01-27 15:00:00,10.0,30,10.8,320,350,406,177
2001-01-27 16:00:00,8.0,32,9.3,310,266,601,87
2001-01-27 17:00:00,7.0,31,9.8,300,94,475,29
2001-01-27 18:00:00,5.0,36,6.2,300,0,0,0
2001-01-27 19:00:00,5.0,36,7.7,300,0,0,0
2001-01-27 20:00:00,4.0,38,9.3,300,0,0,0
2001-01-27 21:00:00,4.0,42,7.2,300,0,0,0
2001-01-27 22:00:00,-3.0,71,6.7,290,0,0,0
2001-01-27 23:00:00,-0.5,56,5.9,300,0,0,0
2001-01-28 00:00:00,2.0,44,5.1,300,0,0,0
2001-01-28 01:00:00,1.0,47,0.0,0,0,0,0
2001-01-28 02:00:00,0.0,51,3.6,270,0,0,0
2001-01-28 03:00:00,-1.0,55,1.0,270,0,0,0
2001-01-28 04:00:00,-2.0,60,2.1,240,0,0,0
2001-01-28 05:00:00,-1.8,62,2.6,250,0,0,0
2001-01-28 06:00:00,-1.9,63,3.1,250,0,0,0
2001-01-28 07:00:00,-2.0,65,3.6,260,0,0,0
2001-01-28 08:00:00,-1.0,66,3.6,270,0,0,0
2001-01-28 09:00:00,2.0,52,5.1,280,189,602,55
2001-01-28 10:00:00,3.0,41,6.7,290,356,747,80
2001-01-28 11:00:00,4.0,35,7.2,290,487,835,89
2001-01-28 12:00:00,6.0,28,8.2,310,555,791,128
2001-01-28 13:00:00,7.0,28,6.7,310,520,606,186
2001-01-28 14:00:00,7.0,26,7.2,300,411,375,218
2001-01-28 15:00:00,8.0,20,5.1,300,400,606,140
2001-01-28 16:00:00,7.0,22,3.6,310,236,470,94
2001-01-28 17:00:00,6.0,25,4.1,320,95,355,45
2001-01-28 18:00:00,3.0,37,2.6,190,0,0,0
2001-01-28 19:00:00,3.0,45,2.6,250,0,0,0
2001-01-28 20:00:00,1.0,56,0.0,0,0,0,0
2001-01-28 21:00:00,1.0,56,0.0,0,0,0,0
2001-01-28 22:00:00,0.0,66,0.0,0,0,0,0
2001-01-28 23:00:00,-1.0,66,0.0,0,0,0,0
2001-01-29 00:00:00,-2.0,65,0.0,0,0,0,0
2001-01-29 01:00:00,-2.0,71,0.0,0,0,0,0
2001-01-29 02:00:00,-2.5,71,0.0,0,0,0,0
2001-01-29 03:00:00,-3.0,71,0.0,0,0,0,0
2001-01-29 04:00:00,0.0,55,0.0,0,0,0,0
2001-01-29 05:00:00,-1.0,55,0.0,0,0,0,0
2001-01-29 06:00:00,-1.5,59,1.3,30,0,0,0
2001-01-29 07:00:00,-2.0,65,2.6,50,0,0,0
2001-01-29 08:00:00,-1.0,71,2.1,180,0,0,0
2001-01-29 09:00:00,1.0,61,0.0,0,147,254,90
2001-01-29 10:00:00,3.0,49,2.6,90,342,541,140
2001-01-29 11:00:00,6.0,36,2.6,60,442,500,202
2001-01-29 12:00:00,6.0,33,2.6,90,290,72,250
2001-01-29 13:00:00,7.0,31,4.6,160,442,306,272
2001-01-29 14:00:00,8.0,29,2.1,200,319,143,245
2001-01-29 15:00:00,9.3,28,2.4,180,417,595,159
2001-01-29 16:00:00,10.0,28,2.6,150,272,717,53
2001-01-29 17:00:00,7.0,40,4.1,160,100,485,30
2001-01-29 18:00:00,4.0,49,3.6,160,0,0,0
2001-01-29 19:00:00,2.0,62,3.1,120,0,0,0
2001-01-29 20:00:00,1.0,72,2.6,130,0,0,0
2001-01-29 21:00:00,3.0,68,2.6,100,0,0,0
2001-01-29 22:00:00,2.0,80,2.1,110,0,0,0
2001-01-29 23:00:00,2.0,80,2.6,110,0,0,0
2001-01-30 00:00:00,3.0,81,2.6,120,0,0,0
2001-01-30 01:00:00,5.0,81,2.6,140,0,0,0
2001-01-30 02:00:00,7.0,76,2.6,170,0,0,0
2001-01-30 03:00:00,8.0,71,2.6,170,0,0,0
2001-01-30 04:00:00,9.0,71,3.6,140,0,0,0
2001-01-30 05:00:00,11.0,71,4.1,130,0,0,0
2001-01-30 06:00:00,14.0,67,6.2,170,0,0,0
2001-01-30 07:00:00,13.0,82,5.1,180,0,0,0
2001-01-30 08:00:00,13.0,88,6.2,217,0,0,0
2001-01-30 09:00:00,14.0,82,8.2,180,57,0,57
2001-01-30 10:00:00,15.0,88,6.7,190,102,0,102
2001-01-30 11:00:00,16.0,88,9.3,190,77,0,77
2001-01-30 12:00:00,17.0,82,10.3,200,111,0,111
2001-01-30 13:00:00,18.0,77,8.7,220,90,0,90
2001-01-30 14:00:00,19.0,73,10.3,220,516,584,211
2001-01-30 15:00:00,20.0,64,9.3,220,423,777,83
2001-01-30 16:00:00,20.0,60,5.1,250,278,723,54
2001-01-30 17:00:00,19.0,60,4.6,250,105,508,29
2001-01-30 18:00:00,15.0,77,1.5,290,0,0,0
2001-01-30 19:00:00,11.0,87,1.5,100,0,0,0
2001-01-30 20:00:00,8.0,93,0.0,0,0,0,0
2001-01-30 21:00:00,13.0,82,5.7,240,0,0,0
2001-01-30 22:00:00,14.0,55,5.1,230,0,0,0
2001-01-30 23:00:00,14.0,51,6.4,240,0,0,0
2001-01-31 00:00:00,14.0,47,7.7,240,0,0,0
2001-01-31 01:00:00,13.0,51,7.7,230,0,0,0
2001-01-31 02:00:00,12.0,54,7.7,230,0,0,0
2001-01-31 03:00:00,12.0,54,5.1,230,0,0,0
2001-01-31 04:00:00,11.0,58,5.1,230,0,0,0
2001-01-31 05:00:00,10.0,62,5.1,230,0,0,0
2001-01-31 06:00:00,11.0,58,5.1,230,0,0,0
2001-01-31 07:00:00,11.0,58,5.1,230,0,0,0
2001-01-31 08:00:00,11.8,56,5.1,240,0,0,0
2001-01-31 09:00:00,14.0,51,5.1,240,203,499,87
2001-01-31 10:00:00,16.0,48,7.7,240,327,479,146
2001-01-31 11:00:00,16.0,48,6.7,290,480,652,162
2001-01-31 12:00:00,18.0,42,6.7,240,468,410,242
2001-01-31 13:00:00,17.0,45,5.1,290,550,702,154
2001-01-31 14:00:00,16.0,48,6.7,280,499,756,100
2001-01-31 15:00:00,16.0,42,5.7,320,412,660,121
2001-01-31 16:00:00,15.0,39,5.1,300,232,368,117
2001-01-31 17:00:00,14.0,41,5.1,320,106,385,47
2001-01-31 18:00:00,11.0,47,3.1,330,0,0,0
2001-01-31 19:00:00,9.0,53,2.6,330,0,0,0
2001-01-31 20:00:00,9.0,53,4.1,350,0,0,0
2001-01-31 21:00:00,7.0,56,2.6,330,0,0,0
2001-01-31 22:00:00,6.6,69,2.2,0,0,0,0
2001-01-31 23:00:00,6.1,74,1.9,0,0,0,0
2001-02-01 00:00:00,5.7,81,1.5,0,0,0,0
2001-02-01 01:00:00,5.3,81,1.1,100,0,0,0
2001-02-01 02:00:00,4.9,81,0.7,0,0,0,0
2001-02-01 03:00:00,4.4,81,0.4,0,0,0,0
2001-02-01 04:00:00,4.0,75,0.0,0,0,0,0
2001-02-01 05:00:00,4.0,81,0.0,0,0,0,0
2001-02-01 06:00:00,2.0,87,0.0,0,0,0,0
2001-02-01 07:00:00,1.0,93,1.5,240,0,0,0
2001-02-01 08:00:00,1.0,93,0.0,0,0,0,0
2001-02-01 09:00:00,6.0,70,0.0,0,210,597,69
2001-02-01 10:00:00,10.0,50,2.1,280,368,627,128
2001-02-01 11:00:00,11.0,43,4.6,310,377,323,219
2001-02-01 12:00:00,11.0,39,7.7,350,437,332,253
2001-02-01 13:00:00,11.0,39,5.1,320,233,54,203
2001-02-01 14:00:00,12.0,34,4.1,290,505,584,195
2001-02-01 15:00:00,11.0,33,4.4,290,412,707,97
2001-02-01 16:00:00,11.0,36,4.8,280,253,489,98
2001-02-01 17:00:00,10.0,39,5.1,280,103,387,42
2001-02-01 18:00:00,9.0,41,2.1,280,0,0,0
2001-02-01 19:00:00,8.0,52,0.0,0,0,0,0
2001-02-01 20:00:00,7.0,56,0.0,0,0,0,0
2001-02-01 21:00:00,6.0,65,0.0,0,0,0,0
2001-02-01 22:00:00,5.0,70,0.0,0,0,0,0
2001-02-01 23:00:00,5.0,70,0.0,0,0,0,0
2001-02-02 00:00:00,4.0,75,0.0,0,0,0,0
2001-02-02 01:00:00,3.0,81,0.0,0,0,0,0
2001-02-02 02:00:00,2.6,89,6.7,100,0,0,0
2001-02-02 03:00:00,2.0,80,0.0,0,0,0,0
2001-02-02 04:00:00,2.0,87,0.0,0,0,0,0
2001-02-02 05:00:00,1.0,86,0.0,0,0,0,0
2001-02-02 06:00:00,2.0,80,0.0,0,0,0,0
2001-02-02 07:00:00,2.0,87,0.0,0,0,0,0
2001-02-02 08:00:00,3.0,81,2.1,110,0,0,0
2001-02-02 09:00:00,4.0,81,2.6,120,40,0,40
2001-02-02 10:00:00,6.6,69,3.1,160,122,0,122
2001-02-02 11:00:00,8.5,62,3.6,200,236,37,218
2001-02-02 12:00:00,10.0,57,4.1,240,172,18,162
2001-02-02 13:00:00,10.0,50,5.1,240,550,504,262
2001-02-02 14:00:00,11.0,47,4.1,250,186,18,176
2001-02-02 15:00:00,11.0,47,4.1,260,323,253,209
2001-02-02 16:00:00,11.0,47,5.1,280,223,276,134
2001-02-02 17:00:00,10.0,46,5.1,250,112,304,63
2001-02-02 18:00:00,7.0,56,2.6,220,0,0,0
2001-02-02 19:00:00,6.0,75,10.8,320,0,0,0
2001-02-02 20:00:00,4.0,69,8.0,320,0,0,0
2001-02-02 21:00:00,5.0,50,5.1,320,0,0,0
2001-02-02 22:00:00,3.0,53,5.1,320,0,0,0
2001-02-02 23:00:00,2.0,37,6.7,320,0,0,0
2001-02-03 00:00:00,1.0,33,6.7,310,0,0,0
2001-02-03 01:00:00,0.0,37,7.2,330,0,0,0
2001-02-03 02:00:00,-1.0,42,8.2,340,0,0,0
2001-02-03 03:00:00,-2.0,46,7.7,320,0,0,0
2001-02-03 04:00:00,-2.0,46,4.6,330,0,0,0
2001-02-03 05:00:00,-3.0,46,3.1,300,0,0,0
2001-02-03 06:00:00,-3.0,46,3.6,280,0,0,0
2001-02-03 07:00:00,-2.0,42,2.1,270,0,0,0
2001-02-03 08:00:00,-1.0,42,5.1,280,0,0,0
2001-02-03 09:00:00,-1.0,39,6.2,320,208,555,74
2001-02-03 10:00:00,0.0,36,5.7,300,374,739,86
2001-02-03 11:00:00,1.0,36,5.7,290,498,810,94
2001-02-03 12:00:00,2.0,34,4.1,260,573,851,94
2001-02-03 13:00:00,2.0,34,5.1,270,568,768,125
2001-02-03 14:00:00,0.0,39,5.1,320,534,786,110
2001-02-03 15:00:00,3.0,31,5.1,320,424,719,98
2001-02-03 16:00:00,3.0,29,4.1,290,291,685,68
2001-02-03 17:00:00,2.0,28,4.6,330,117,490,37
2001-02-03 18:00:00,-1.0,39,0.0,0,0,0,0
2001-02-03 19:00:00,-1.0,39,2.1,330,0,0,0
2001-02-03 20:00:00,-3.0,55,0.0,0,0,0,0
2001-02-03 21:00:00,-5.0,65,0.0,0,0,0,0
2001-02-03 22:00:00,-5.0,65,0.0,0,0,0,0
2001-02-03 23:00:00,-5.0,59,0.0,0,0,0,0
2001-02-04 00:00:00,-6.0,64,0.0,0,0,0,0
2001-02-04 01:00:00,-7.0,70,0.0,0,0,0,0
2001-02-04 02:00:00,-7.0,70,0.0,0,0,0,0
2001-02-04 03:00:00,-7.0,70,0.0,0,0,0,0
2001-02-04 04:00:00,-7.0,70,0.0,0,0,0,0
2001-02-04 05:00:00,-7.0,77,0.0,0,0,0,0
2001-02-04 06:00:00,-5.0,71,0.0,0,0,0,0
2001-02-04 07:00:00,-5.0,77,0.0,0,0,0,0
2001-02-04 08:00:00,-4.0,71,0.0,0,0,0,0
2001-02-04 09:00:00,-2.0,71,0.0,0,207,534,76
2001-02-04 10:00:00,2.8,54,2.6,280,373,726,88
2001-02-04 11:00:00,7.0,44,5.1,200,498,798,97
2001-02-04 12:00:00,9.0,32,3.6,120,567,815,104
2001-02-04 13:00:00,10.0,30,4.6,140,568,756,129
2001-02-04 14:00:00,9.0,32,6.2,160,511,614,177
2001-02-04 15:00:00,8.0,32,4.1,140,274,142,209
2001-02-04 16:00:00,7.0,44,5.1,120,140,17,135
2001-02-04 17:00:00,6.0,51,3.6,120,55,5,54
2001-02-04 18:00:00,6.0,55,4.1,90,0,0,0
2001-02-04 19:00:00,6.0,51,3.1,60,0,0,0
2001-02-04 20:00:00,5.0,64,2.6,60,0,0,0
2001-02-04 21:00:00,6.0,60,3.1,80,0,0,0
2001-02-04 22:00:00,6.0,65,3.1,100,0,0,0
2001-02-04 23:00:00,6.0,70,2.6,60,0,0,0
2001-02-05 00:00:00,6.0,75,3.1,60,0,0,0
2001-02-05 01:00:00,7.0,76,3.6,80,0,0,0
2001-02-05 02:00:00,7.0,81,3.1,90,0,0,0
2001-02-05 03:00:00,7.0,87,2.6,60,0,0,0
2001-02-05 04:00:00,8.0,87,2.6,60,0,0,0
2001-02-05 05:00:00,8.0,93,2.6,30,0,0,0
2001-02-05 06:00:00,8.0,93,3.6,60,0,0,0
2001-02-05 07:00:00,9.0,87,3.6,330,0,0,0
2001-02-05 08:00:00,7.0,93,5.1,340,0,0,0
2001-02-05 09:00:00,4.0,93,5.1,340,40,0,40
2001-02-05 10:00:00,5.0,87,7.7,320,61,0,61
2001-02-05 11:00:00,5.0,93,7.7,330,83,0,83
2001-02-05 12:00:00,5.0,100,7.7,330,92,0,92
2001-02-05 13:00:00,6.0,47,6.7,340,102,0,102
2001-02-05 14:00:00,5.1,65,7.2,310,105,0,105
2001-02-05 15:00:00,4.0,87,7.7,280,89,0,89
2001-02-05 16:00:00,5.0,81,6.2,227,47,0,47
2001-02-05 17:00:00,5.0,81,6.2,280,123,303,71
2001-02-05 18:00:00,4.9,81,5.6,270,0,0,0
2001-02-05 19:00:00,5.0,81,5.1,260,0,0,0
2001-02-05 20:00:00,5.0,81,5.1,280,0,0,0
2001-02-05 21:00:00,5.0,81,4.1,250,0,0,0
2001-02-05 22:00:00,3.0,87,2.6,250,0,0,0
2001-02-05 23:00:00,2.0,93,4.1,250,0,0,0
2001-02-06 00:00:00,3.0,87,4.1,250,0,0,0
2001-02-06 01:00:00,4.0,75,4.1,260,0,0,0
2001-02-06 02:00:00,4.0,69,4.1,270,0,0,0
2001-02-06 03:00:00,2.9,71,3.1,270,0,0,0
2001-02-06 04:00:00,2.0,73,3.1,230,0,0,0
2001-02-06 05:00:00,3.0,74,3.6,240,0,0,0
2001-02-06 06:00:00,1.0,86,3.1,230,0,0,0
2001-02-06 07:00:00,2.0,80,2.6,260,0,0,0
2001-02-06 08:00:00,2.0,80,2.6,250,0,0,0
2001-02-06 09:00:00,5.0,70,3.1,270,221,591,72
2001-02-06 10:00:00,5.0,75,2.6,270,386,750,85
2001-02-06 11:00:00,9.0,45,3.1,260,510,809,96
2001-02-06 12:00:00,10.0,46,5.1,270,591,863,94
2001-02-06 13:00:00,11.0,39,7.7,240,592,822,108
2001-02-06 14:00:00,11.0,39,6.7,250,540,679,165
2001-02-06 15:00:00,11.0,39,4.1,240,341,266,217
2001-02-06 16:00:00,11.0,43,3.1,240,292,525,115
2001-02-06 17:00:00,10.0,46,3.1,200,120,431,44
2001-02-06 18:00:00,8.0,52,2.6,210,0,0,0
2001-02-06 19:00:00,7.0,61,4.6,210,0,0,0
2001-02-06 20:00:00,6.0,65,3.1,180,0,0,0
2001-02-06 21:00:00,5.0,64,2.6,220,0,0,0
2001-02-06 22:00:00,5.0,70,2.6,190,0,0,0
2001-02-06 23:00:00,5.0,70,3.6,250,0,0,0
2001-02-07 00:00:00,6.0,65,2.6,260,0,0,0
2001-02-07 01:00:00,4.0,75,0.0,0,0,0,0
2001-02-07 02:00:00,1.0,86,0.0,0,0,0,0
2001-02-07 03:00:00,4.0,75,0.0,0,0,0,0
2001-02-07 04:00:00,3.0,74,0.0,0,0,0,0
2001-02-07 05:00:00,1.0,79,0.0,0,0,0,0
2001-02-07 06:00:00,2.0,73,0.0,0,0,0,0
2001-02-07 07:00:00,-1.0,85,0.0,0,0,0,0
2001-02-07 08:00:00,0.0,78,0.0,0,0,0,0
2001-02-07 09:00:00,5.0,64,1.8,360,228,616,70
2001-02-07 10:00:00,9.0,45,3.6,350,392,762,84
2001-02-07 11:00:00,10.0,39,1.5,10,510,797,99
2001-02-07 12:00:00,11.0,36,4.1,234,572,772,124
2001-02-07 13:00:00,12.0,37,3.6,280,610,834,115
2001-02-07 14:00:00,12.0,34,4.1,260,546,769,118
2001-02-07 15:00:00,13.0,32,4.1,260,459,779,92
2001-02-07 16:00:00,12.0,37,5.1,250,308,705,68
2001-02-07 17:00:00,10.0,46,4.1,250,133,497,44
2001-02-07 18:00:00,8.0,52,2.6,260,0,0,0
2001-02-07 19:00:00,5.0,64,2.1,240,0,0,0
2001-02-07 20:00:00,3.0,74,0.0,0,0,0,0
2001-02-07 21:00:00,3.0,74,1.5,300,0,0,0
2001-02-07 22:00:00,1.0,79,0.0,0,0,0,0
2001-02-07 23:00:00,-1.0,85,0.0,0,0,0,0
2001-02-08 00:00:00,-2.0,85,0.0,0,0,0,0
2001-02-08 01:00:00,-2.0,85,0.0,0,0,0,0
2001-02-08 02:00:00,-1.9,85,0.0,0,0,0,0
2001-02-08 03:00:00,-2.0,85,0.0,0,0,0,0
2001-02-08 04:00:00,-3.0,84,4.6,120,0,0,0
2001-02-08 05:00:00,-2.0,80,0.0,0,0,0,0
2001-02-08 06:00:00,-1.0,78,0.0,0,0,0,0
2001-02-08 07:00:00,-1.0,78,2.1,110,0,0,0
2001-02-08 08:00:00,0.0,85,2.6,120,0,0,0
2001-02-08 09:00:00,4.0,81,2.6,110,234,602,78
2001-02-08 10:00:00,8.0,61,3.6,120,385,712,94
2001-02-08 11:00:00,11.0,47,3.6,150,504,754,111
2001-02-08 12:00:00,12.0,47,5.1,150,572,760,128
2001-02-08 13:00:00,13.0,44,5.1,170,616,834,117
2001-02-08 14:00:00,14.0,41,5.1,160,564,805,112
2001-02-08 15:00:00,14.0,44,5.1,160,442,708,106
2001-02-08 16:00:00,13.0,51,4.6,150,298,624,83
2001-02-08 17:00:00,11.0,58,4.1,150,134,482,46
2001-02-08 18:00:00,9.0,66,3.1,160,0,0,0
2001-02-08 19:00:00,6.0,81,2.6,110,0,0,0
2001-02-08 20:00:00,7.0,81,2.1,120,0,0,0
2001-02-08 21:00:00,6.0,87,3.1,180,0,0,0
2001-02-08 22:00:00,7.0,81,2.6,180,0,0,0
2001-02-08 23:00:00,6.0,93,2.1,190,0,0,0
2001-02-09 00:00:00,7.0,87,2.6,200,0,0,0
2001-02-09 01:00:00,9.0,87,4.1,210,0,0,0
2001-02-09 02:00:00,11.0,82,3.1,220,0,0,0
2001-02-09 03:00:00,12.0,76,3.6,210,0,0,0
2001-02-09 04:00:00,12.0,76,4.6,220,0,0,0
2001-02-09 05:00:00,12.0,76,5.1,210,0,0,0
2001-02-09 06:00:00,11.0,82,3.6,210,0,0,0
2001-02-09 07:00:00,11.0,82,4.6,200,0,0,0
2001-02-09 08:00:00,12.0,82,6.2,210,0,0,0
2001-02-09 09:00:00,15.0,72,6.2,220,233,614,71
2001-02-09 10:00:00,17.0,63,7.2,230,398,749,89
2001-02-09 11:00:00,19.0,56,6.2,210,491,547,204
2001-02-09 12:00:00,19.0,56,6.2,200,302,84,252
2001-02-09 13:00:00,19.0,52,6.2,200,497,390,261
2001-02-09 14:00:00,19.0,56,6.2,200,424,292,259
2001-02-09 15:00:00,20.0,53,6.2,210,443,608,151
2001-02-09 16:00:00,19.0,56,6.7,230,299,503,123
2001-02-09 17:00:00,19.0,56,5.1,210,87,102,68
2001-02-09 18:00:00,17.0,63,8.2,210,0,0,0
2001-02-09 19:00:00,16.0,68,7.7,200,0,0,0
2001-02-09 20:00:00,15.0,72,5.7,200,0,0,0
2001-02-09 21:00:00,15.0,72,4.6,190,0,0,0
2001-02-09 22:00:00,15.0,72,5.1,210,0,0,0
2001-02-09 23:00:00,16.0,72,9.3,210,0,0,0
2001-02-10 00:00:00,16.0,72,10.8,220,0,0,0
2001-02-10 01:00:00,16.0,72,7.7,220,0,0,0
2001-02-10 02:00:00,16.1,73,9.0,220,0,0,0
2001-02-10 03:00:00,16.0,72,10.3,220,0,0,0
2001-02-10 04:00:00,16.0,72,9.0,220,0,0,0
2001-02-10 05:00:00,16.0,72,7.7,220,0,0,0
2001-02-10 06:00:00,16.0,77,8.7,230,0,0,0
2001-02-10 07:00:00,16.0,77,7.2,230,0,0,0
2001-02-10 08:00:00,16.0,77,6.2,240,0,0,0
2001-02-10 09:00:00,14.0,59,6.2,290,54,0,54
2001-02-10 10:00:00,12.0,44,9.3,330,384,464,190
2001-02-10 11:00:00,12.0,40,10.3,300,528,791,111
2001-02-10 12:00:00,12.0,40,9.3,330,603,844,102
2001-02-10 13:00:00,12.0,37,10.3,310,628,876,96
2001-02-10 14:00:00,12.0,31,7.7,300,582,858,92
2001-02-10 15:00:00,11.0,28,7.2,310,476,797,91
2001-02-10 16:00:00,11.0,24,7.2,320,326,735,65
2001-02-10 17:00:00,10.0,23,8.2,310,149,550,44
2001-02-10 18:00:00,8.0,26,5.7,300,2,27,2
2001-02-10 19:00:00,7.0,31,4.1,330,0,0,0
2001-02-10 20:00:00,5.0,39,4.6,340,0,0,0
2001-02-10 21:00:00,5.0,36,5.7,330,0,0,0
2001-02-10 22:00:00,3.9,38,6.7,330,0,0,0
2001-02-10 23:00:00,3.0,41,7.7,330,0,0,0
2001-02-11 00:00:00,2.0,34,8.7,340,0,0,0
2001-02-11 01:00:00,1.0,33,4.1,320,0,0,0
2001-02-11 02:00:00,0.0,32,4.6,350,0,0,0
2001-02-11 03:00:00,-1.0,32,6.2,350,0,0,0
2001-02-11 04:00:00,-1.0,35,3.1,360,0,0,0
2001-02-11 05:00:00,-3.0,42,4.1,340,0,0,0
2001-02-11 06:00:00,-3.0,35,3.6,350,0,0,0
2001-02-11 07:00:00,-3.0,35,3.6,350,0,0,0
2001-02-11 08:00:00,-2.0,46,3.6,350,0,0,0
2001-02-11 09:00:00,-1.0,39,6.7,350,247,657,68
2001-02-11 10:00:00,0.0,32,5.7,350,410,779,82
2001-02-11 11:00:00,1.0,28,6.7,340,535,821,97
2001-02-11 12:00:00,2.0,26,4.1,320,603,832,105
2001-02-11 13:00:00,3.0,24,6.7,300,616,822,113
2001-02-11 14:00:00,3.0,26,6.7,310,570,805,108
2001-02-11 15:00:00,3.0,26,5.1,300,465,727,111
2001-02-11 16:00:00,3.0,24,5.1,320,326,712,71
2001-02-11 17:00:00,2.0,26,5.1,330,150,535,46
2001-02-11 18:00:00,1.0,28,3.6,330,2,0,2
2001-02-11 19:00:00,-1.0,32,2.1,310,0,0,0
2001-02-11 20:00:00,-1.0,35,2.1,340,0,0,0
2001-02-11 21:00:00,-3.0,55,0.0,0,0,0,0
2001-02-11 22:00:00,-4.0,59,0.0,0,0,0,0
2001-02-11 23:00:00,-5.0,65,0.0,0,0,0,0
2001-02-12 00:00:00,-7.0,84,0.0,0,0,0,0
2001-02-12 01:00:00,-4.0,65,0.0,0,0,0,0
2001-02-12 02:00:00,-3.4,60,0.0,0,0,0,0
2001-02-12 03:00:00,-3.0,55,0.0,0,0,0,0
2001-02-12 04:00:00,-3.0,46,0.0,0,0,0,0
2001-02-12 05:00:00,-3.0,60,2.6,60,0,0,0
2001-02-12 06:00:00,-3.0,50,3.1,60,0,0,0
2001-02-12 07:00:00,-2.0,46,3.1,50,0,0,0
2001-02-12 08:00:00,-2.0,42,2.6,40,0,0,0
2001-02-12 09:00:00,-2.0,50,4.1,40,92,0,92
2001-02-12 10:00:00,0.0,46,3.1,70,155,0,155
2001-02-12 11:00:00,2.0,48,4.1,70,121,0,121
2001-02-12 12:00:00,3.0,41,5.1,90,443,253,290
2001-02-12 13:00:00,4.0,45,3.6,100,174,0,174
2001-02-12 14:00:00,3.0,53,4.1,130,169,0,169
2001-02-12 15:00:00,3.0,58,3.1,120,118,0,118
2001-02-12 16:00:00,3.0,63,3.1,90,105,0,105
2001-02-12 17:00:00,3.0,63,2.6,110,49,0,49
2001-02-12 18:00:00,2.0,73,2.1,90,2,0,2
2001-02-12 19:00:00,2.0,80,2.1,60,0,0,0
2001-02-12 20:00:00,2.0,80,2.6,60,0,0,0
2001-02-12 21:00:00,2.0,87,2.6,50,0,0,0
2001-02-12 22:00:00,2.0,93,0.0,0,0,0,0
2001-02-12 23:00:00,2.0,93,3.6,340,0,0,0
2001-02-13 00:00:00,2.0,93,2.9,340,0,0,0
2001-02-13 01:00:00,2.0,93,2.1,340,0,0,0
2001-02-13 02:00:00,2.0,93,2.6,340,0,0,0
2001-02-13 03:00:00,1.0,100,3.1,320,0,0,0
2001-02-13 04:00:00,2.0,93,0.0,0,0,0,0
2001-02-13 05:00:00,2.0,93,3.1,340,0,0,0
2001-02-13 06:00:00,2.0,100,2.1,360,0,0,0
2001-02-13 07:00:00,2.0,100,2.1,350,0,0,0
2001-02-13 08:00:00,3.0,93,0.0,0,50,0,50
2001-02-13 09:00:00,4.0,93,2.6,360,53,0,53
2001-02-13 10:00:00,4.0,93,2.6,340,208,37,192
2001-02-13 11:00:00,5.0,93,3.1,330,229,24,216
2001-02-13 12:00:00,8.0,76,3.3,340,455,277,287
2001-02-13 13:00:00,9.0,71,3.4,350,467,306,277
2001-02-13 14:00:00,10.0,66,3.6,360,477,411,237
2001-02-13 15:00:00,11.2,61,3.6,10,410,467,178
2001-02-13 16:00:00,12.0,58,3.6,20,243,226,160
2001-02-13 17:00:00,11.0,58,2.6,310,161,402,80
2001-02-13 18:00:00,8.0,76,2.6,250,4,6,3
2001-02-13 19:00:00,6.0,87,3.6,170,0,0,0
2001-02-13 20:00:00,4.0,93,0.0,0,0,0,0
2001-02-13 21:00:00,4.0,93,1.5,190,0,0,0
2001-02-13 22:00:00,4.0,93,2.1,180,0,0,0
2001-02-13 23:00:00,4.0,93,2.6,270,0,0,0
2001-02-14 00:00:00,3.0,100,0.0,0,0,0,0
2001-02-14 01:00:00,3.0,93,0.0,0,0,0,0
2001-02-14 02:00:00,3.0,93,0.0,0,0,0,0
2001-02-14 03:00:00,3.0,93,0.0,0,0,0,0
2001-02-14 04:00:00,3.0,100,0.0,0,0,0,0
2001-02-14 05:00:00,4.0,93,0.0,0,0,0,0
2001-02-14 06:00:00,4.0,93,0.0,0,0,0,0
2001-02-14 07:00:00,4.0,93,0.0,0,0,0,0
2001-02-14 08:00:00,5.0,93,2.1,220,79,124,66
2001-02-14 09:00:00,7.0,87,3.1,160,61,0,61
2001-02-14 10:00:00,8.0,81,3.6,180,147,0,147
2001-02-14 11:00:00,9.0,81,4.1,210,121,0,121
2001-02-14 12:00:00,11.0,76,5.1,210,203,6,199
2001-02-14 13:00:00,11.0,82,5.1,180,209,6,206
2001-02-14 14:00:00,10.0,93,5.1,200,99,0,99
2001-02-14 15:00:00,10.0,93,4.1,220,79,0,79
2001-02-14 16:00:00,11.0,87,5.1,220,53,0,53
2001-02-14 17:00:00,11.0,87,6.2,230,58,0,58
2001-02-14 18:00:00,10.0,93,6.2,230,6,44,5
2001-02-14 19:00:00,9.0,100,5.1,220,0,0,0
2001-02-14 20:00:00,9.0,100,5.1,220,0,0,0
2001-02-14 21:00:00,9.0,100,5.1,230,0,0,0
2001-02-14 22:00:00,11.0,94,5.1,230,0,0,0
2001-02-14 23:00:00,11.0,100,6.2,240,0,0,0
2001-02-15 00:00:00,12.0,100,8.7,250,0,0,0
2001-02-15 01:00:00,13.0,94,6.2,250,0,0,0
2001-02-15 02:00:00,13.1,94,6.2,250,0,0,0
2001-02-15 03:00:00,13.0,94,6.2,240,0,0,0
2001-02-15 04:00:00,13.0,94,7.2,260,0,0,0
2001-02-15 05:00:00,14.0,88,4.1,260,0,0,0
2001-02-15 06:00:00,14.0,88,6.2,260,0,0,0
2001-02-15 07:00:00,13.0,94,4.1,250,0,0,0
2001-02-15 08:00:00,13.0,100,5.1,260,30,0,30
2001-02-15 09:00:00,14.0,94,5.1,310,114,6,112
2001-02-15 10:00:00,14.0,94,2.1,290,141,0,141
2001-02-15 11:00:00,14.0,94,2.6,360,108,0,108
2001-02-15 12:00:00,11.0,94,7.7,50,135,0,135
2001-02-15 13:00:00,9.0,87,3.6,360,108,0,108
2001-02-15 14:00:00,9.0,87,3.1,60,122,0,122
2001-02-15 15:00:00,9.0,87,5.1,100,135,0,135
2001-02-15 16:00:00,7.0,87,4.1,70,69,0,69
2001-02-15 17:00:00,7.0,87,3.1,60,59,0,59
2001-02-15 18:00:00,6.0,87,5.1,90,5,0,5
2001-02-15 19:00:00,5.8,86,4.1,80,0,0,0
2001-02-15 20:00:00,6.0,81,3.1,60,0,0,0
2001-02-15 21:00:00,6.0,75,3.6,80,0,0,0
2001-02-15 22:00:00,6.0,75,2.6,40,0,0,0
2001-02-15 23:00:00,6.0,75,2.6,80,0,0,0
2001-02-16 00:00:00,6.0,81,3.6,30,0,0,0
2001-02-16 01:00:00,6.0,81,3.1,60,0,0,0
2001-02-16 02:00:00,6.0,87,3.1,60,0,0,0
2001-02-16 03:00:00,6.0,87,2.1,80,0,0,0
2001-02-16 04:00:00,6.0,87,2.6,90,0,0,0
2001-02-16 05:00:00,6.0,87,3.1,90,0,0,0
2001-02-16 06:00:00,6.0,87,3.1,60,0,0,0
2001-02-16 07:00:00,6.0,81,3.1,90,0,0,0
2001-02-16 08:00:00,6.0,87,2.6,80,29,0,29
2001-02-16 09:00:00,7.0,81,5.1,100,45,0,45
2001-02-16 10:00:00,8.0,76,5.1,120,74,0,74
2001-02-16 11:00:00,8.0,87,4.1,70,89,0,89
2001-02-16 12:00:00,8.0,93,5.1,110,123,0,123
2001-02-16 13:00:00,9.0,93,3.6,100,108,0,108
2001-02-16 14:00:00,10.0,93,3.6,10,99,0,99
2001-02-16 15:00:00,9.0,100,3.6,20,84,0,84
2001-02-16 16:00:00,9.0,93,2.6,360,58,0,58
2001-02-16 17:00:00,7.0,100,5.1,340,36,0,36
2001-02-16 18:00:00,6.0,100,3.1,30,8,33,7
2001-02-16 19:00:00,6.0,100,3.6,330,0,0,0
2001-02-16 20:00:00,6.0,100,3.1,30,0,0,0
2001-02-16 21:00:00,6.0,100,2.6,360,0,0,0
2001-02-16 22:00:00,6.0,100,2.1,330,0,0,0
2001-02-16 23:00:00,6.0,100,2.1,270,0,0,0
2001-02-17 00:00:00,6.0,100,3.1,330,0,0,0
2001-02-17 01:00:00,6.0,93,4.1,320,0,0,0
2001-02-17 02:00:00,6.0,93,3.1,290,0,0,0
2001-02-17 03:00:00,6.0,93,3.1,20,0,0,0
2001-02-17 04:00:00,6.0,93,3.6,340,0,0,0
2001-02-17 05:00:00,5.0,93,5.1,350,0,0,0
2001-02-17 06:00:00,5.0,93,3.1,340,0,0,0
2001-02-17 07:00:00,5.0,93,3.6,210,0,0,0
2001-02-17 08:00:00,6.0,81,6.2,310,98,278,65
2001-02-17 09:00:00,5.0,75,7.7,320,240,457,105
2001-02-17 10:00:00,6.0,60,7.7,320,401,567,146
2001-02-17 11:00:00,6.0,55,10.3,330,419,279,262
2001-02-17 12:00:00,6.0,39,12.9,320,504,356,281
2001-02-17 13:00:00,5.6,35,10.3,320,664,756,181
2001-02-17 14:00:00,5.0,33,10.3,300,617,865,97
2001-02-17 15:00:00,5.0,30,10.3,320,512,816,92
2001-02-17 16:00:00,4.0,29,7.7,300,350,709,78
2001-02-17 17:00:00,4.0,27,8.2,320,173,565,50
2001-02-17 18:00:00,2.0,31,7.7,330,11,157,6
2001-02-17 19:00:00,1.0,33,8.2,320,0,0,0
2001-02-17 20:00:00,0.0,36,6.7,310,0,0,0
2001-02-17 21:00:00,-1.0,39,9.3,310,0,0,0
2001-02-17 22:00:00,-1.0,35,7.2,320,0,0,0
2001-02-17 23:00:00,-2.0,42,6.7,310,0,0,0
2001-02-18 00:00:00,-2.0,42,6.7,320,0,0,0
2001-02-18 01:00:00,-3.0,50,6.2,320,0,0,0
2001-02-18 02:00:00,-3.0,38,4.1,320,0,0,0
2001-02-18 03:00:00,-4.0,38,4.6,250,0,0,0
2001-02-18 04:00:00,-5.0,41,3.1,340,0,0,0
2001-02-18 05:00:00,-6.0,45,4.1,340,0,0,0
2001-02-18 06:00:00,-6.0,54,3.1,360,0,0,0
2001-02-18 07:00:00,-6.0,49,4.6,350,0,0,0
2001-02-18 08:00:00,-5.0,45,4.1,360,94,307,57
2001-02-18 09:00:00,-3.0,32,6.2,340,277,687,70
2001-02-18 10:00:00,-2.0,29,5.7,350,447,801,84
2001-02-18 11:00:00,-1.0,27,3.6,310,571,832,100
2001-02-18 12:00:00,-1.0,27,4.1,290,645,856,105
2001-02-18 13:00:00,0.0,30,4.6,290,652,828,119
2001-02-18 14:00:00,1.0,36,5.7,270,606,817,110
2001-02-18 15:00:00,1.0,33,6.2,300,501,757,108
2001-02-18 16:00:00,0.0,30,5.1,310,351,698,80
2001-02-18 17:00:00,0.0,30,3.6,290,179,577,51
2001-02-18 18:00:00,-1.0,35,2.6,290,11,91,7
2001-02-18 19:00:00,-2.0,46,2.6,210,0,0,0
2001-02-18 20:00:00,-4.0,59,0.0,0,0,0,0
2001-02-18 21:00:00,-5.0,65,0.0,0,0,0,0
2001-02-18 22:00:00,-5.0,65,2.1,200,0,0,0
2001-02-18 23:00:00,-6.0,77,0.0,0,0,0,0
2001-02-19 00:00:00,-5.0,77,2.6,260,0,0,0
2001-02-19 01:00:00,-4.0,77,2.6,270,0,0,0
2001-02-19 02:00:00,-8.0,77,0.0,0,0,0,0
2001-02-19 03:00:00,-8.0,77,1.5,140,0,0,0
2001-02-19 04:00:00,-9.0,77,0.0,0,0,0,0
2001-02-19 05:00:00,-8.0,77,0.0,0,0,0,0
2001-02-19 06:00:00,-10.0,76,2.1,120,0,0,0
2001-02-19 07:00:00,-10.0,91,1.5,130,0,0,0
2001-02-19 08:00:00,-6.0,84,2.1,100,78,163,57
2001-02-19 09:00:00,0.0,72,2.6,200,231,417,103
2001-02-19 10:00:00,3.0,58,5.1,200,406,573,144
2001-02-19 11:00:00,5.0,39,7.7,200,570,753,141
2001-02-19 12:00:00,7.0,34,6.7,190,651,862,103
2001-02-19 13:00:00,8.0,26,6.2,230,664,852,111
2001-02-19 14:00:00,7.0,31,7.7,220,629,746,174
2001-02-19 15:00:00,7.0,34,7.7,200,360,225,243
2001-02-19 16:00:00,7.0,31,7.7,200,325,471,140
2001-02-19 17:00:00,7.0,34,4.6,200,184,496,72
2001-02-19 18:00:00,5.0,42,2.6,210,13,126,8
2001-02-19 19:00:00,4.0,45,4.1,210,0,0,0
2001-02-19 20:00:00,4.0,54,3.6,190,0,0,0
2001-02-19 21:00:00,3.0,58,4.1,200,0,0,0
2001-02-19 22:00:00,3.0,63,4.1,210,0,0,0
2001-02-19 23:00:00,3.0,63,3.6,210,0,0,0
2001-02-20 00:00:00,3.0,58,4.1,230,0,0,0
2001-02-20 01:00:00,6.0,39,5.1,220,0,0,0
2001-02-20 02:00:00,5.0,42,3.6,230,0,0,0
2001-02-20 03:00:00,0.0,66,5.1,230,0,0,0
2001-02-20 04:00:00,4.0,54,3.1,220,0,0,0
2001-02-20 05:00:00,3.0,58,4.1,210,0,0,0
2001-02-20 06:00:00,3.0,68,3.6,220,0,0,0
2001-02-20 07:00:00,3.0,68,2.1,210,0,0,0
2001-02-20 08:00:00,5.0,64,4.6,230,50,0,50
2001-02-20 09:00:00,8.0,52,4.6,230,282,672,73
2001-02-20 10:00:00,11.0,43,4.1,250,439,720,106
2001-02-20 11:00:00,13.0,41,5.1,260,583,813,115
2001-02-20 12:00:00,15.0,36,5.1,270,651,844,110
2001-02-20 13:00:00,17.0,32,5.1,220,682,852,125
2001-02-20 14:00:00,17.0,29,5.1,210,606,763,136
2001-02-20 15:00:00,17.0,32,6.2,210,513,769,107
2001-02-20 16:00:00,17.0,34,5.1,220,373,768,69
2001-02-20 17:00:00,17.0,34,5.1,210,185,552,58
2001-02-20 18:00:00,13.0,44,3.6,200,14,110,9
2001-02-20 19:00:00,12.0,54,2.6,170,0,0,0
2001-02-20 20:00:00,11.0,58,4.1,210,0,0,0
2001-02-20 21:00:00,11.0,66,4.6,180,0,0,0
2001-02-20 22:00:00,12.0,62,4.6,190,0,0,0
2001-02-20 23:00:00,12.0,62,4.6,220,0,0,0
2001-02-21 00:00:00,11.0,71,5.1,210,0,0,0
2001-02-21 01:00:00,13.0,67,5.1,240,0,0,0
2001-02-21 02:00:00,12.0,71,5.1,240,0,0,0
2001-02-21 03:00:00,10.0,76,3.1,250,0,0,0
2001-02-21 04:00:00,8.0,87,0.0,0,0,0,0
2001-02-21 05:00:00,5.0,93,2.1,260,0,0,0
2001-02-21 06:00:00,5.0,93,0.0,0,0,0,0
2001-02-21 07:00:00,4.0,93,0.0,0,0,0,0
2001-02-21 08:00:00,5.0,100,0.0,0,61,0,61
2001-02-21 09:00:00,10.0,76,0.0,0,148,26,140
2001-02-21 10:00:00,13.0,54,5.1,300,279,123,222
2001-02-21 11:00:00,15.0,44,5.1,320,576,637,207
2001-02-21 12:00:00,15.0,44,5.1,320,583,555,225
2001-02-21 13:00:00,15.0,41,6.2,300,503,270,325
2001-02-21 14:00:00,13.0,38,7.7,350,291,36,269
2001-02-21 15:00:00,11.0,28,6.7,330,293,83,249
2001-02-21 16:00:00,10.0,21,10.8,340,315,396,156
2001-02-21 17:00:00,9.0,21,10.3,330,158,321,83
2001-02-21 18:00:00,6.0,23,8.2,340,19,143,12
2001-02-21 19:00:00,4.0,29,4.6,340,0,0,0
2001-02-21 20:00:00,3.0,22,5.1,330,0,0,0
2001-02-21 21:00:00,2.0,28,5.1,360,0,0,0
2001-02-21 22:00:00,0.0,30,8.7,360,0,0,0
2001-02-21 23:00:00,-1.0,29,5.7,350,0,0,0
2001-02-22 00:00:00,-2.0,32,3.6,10,0,0,0
2001-02-22 01:00:00,-3.0,35,3.6,10,0,0,0
2001-02-22 02:00:00,-3.0,29,4.1,10,0,0,0
2001-02-22 03:00:00,-4.1,32,3.8,10,0,0,0
2001-02-22 04:00:00,-5.0,36,3.4,20,0,0,0
2001-02-22 05:00:00,-6.0,41,3.1,20,0,0,0
2001-02-22 06:00:00,-5.0,49,4.6,30,0,0,0
2001-02-22 07:00:00,-5.0,54,3.6,350,0,0,0
2001-02-22 08:00:00,-4.0,50,2.6,30,71,55,64
2001-02-22 09:00:00,-3.0,55,5.1,60,111,0,111
2001-02-22 10:00:00,-1.0,55,5.1,90,73,0,73
2001-02-22 11:00:00,-1.0,60,6.2,80,190,0,190
2001-02-22 12:00:00,-1.0,60,6.7,60,110,0,110
2001-02-22 13:00:00,-3.0,92,7.7,60,114,0,114
2001-02-22 14:00:00,-3.0,100,7.7,40,105,0,105
2001-02-22 15:00:00,-2.3,98,5.1,80,124,0,124
2001-02-22 16:00:00,-2.0,100,5.1,40,75,0,75
2001-02-22 17:00:00,-1.0,100,5.1,50,47,0,47
2001-02-22 18:00:00,0.0,100,4.6,40,12,12,11
2001-02-22 19:00:00,0.0,100,5.1,40,0,0,0
2001-02-22 20:00:00,1.0,93,6.2,40,0,0,0
2001-02-22 21:00:00,1.0,93,4.1,350,0,0,0
2001-02-22 22:00:00,-1.0,92,7.7,350,0,0,0
2001-02-22 23:00:00,-2.0,92,5.7,340,0,0,0
2001-02-23 00:00:00,-3.0,100,4.6,350,0,0,0
2001-02-23 01:00:00,-3.0,91,4.4,290,0,0,0
2001-02-23 02:00:00,-3.0,84,4.1,230,0,0,0
2001-02-23 03:00:00,-4.0,84,6.7,320,0,0,0
2001-02-23 04:00:00,-4.0,84,4.1,320,0,0,0
2001-02-23 05:00:00,-4.0,84,3.6,330,0,0,0
2001-02-23 06:00:00,-5.0,92,4.1,320,0,0,0
2001-02-23 07:00:00,-5.0,84,2.1,300,0,0,0
2001-02-23 08:00:00,-4.0,84,2.6,290,93,140,72
2001-02-23 09:00:00,-3.0,84,2.6,310,169,83,142
2001-02-23 10:00:00,-0.7,73,2.6,310,418,467,195
2001-02-23 11:00:00,1.0,67,2.6,300,601,777,143
2001-02-23 12:00:00,5.0,55,4.1,320,681,717,211
2001-02-23 13:00:00,5.0,46,4.1,320,341,132,253
2001-02-23 14:00:00,6.0,43,4.1,270,653,710,206
2001-02-23 15:00:00,6.0,47,4.1,300,547,853,86
2001-02-23 16:00:00,6.0,51,5.1,270,385,653,118
2001-02-23 17:00:00,5.0,59,5.1,270,159,255,98
2001-02-23 18:00:00,3.0,68,4.6,250,23,121,16
2001-02-23 19:00:00,1.0,79,0.0,0,0,0,0
2001-02-23 20:00:00,-1.0,85,0.0,0,0,0,0
2001-02-23 21:00:00,-1.0,85,0.0,0,0,0,0
2001-02-23 22:00:00,-2.0,92,0.0,0,0,0,0
2001-02-23 23:00:00,-2.0,100,2.1,250,0,0,0
2001-02-24 00:00:00,-3.0,92,2.6,220,0,0,0
2001-02-24 01:00:00,-4.0,92,0.0,0,0,0,0
2001-02-24 02:00:00,-4.0,92,0.0,0,0,0,0
2001-02-24 03:00:00,-3.0,84,0.0,0,0,0,0
2001-02-24 04:00:00,-2.0,71,0.0,0,0,0,0
2001-02-24 05:00:00,-2.0,60,0.0,0,0,0,0
2001-02-24 06:00:00,-3.0,60,2.1,10,0,0,0
2001-02-24 07:00:00,-3.0,60,2.1,30,0,0,0
2001-02-24 08:00:00,-1.0,55,2.1,20,124,322,76
2001-02-24 09:00:00,1.0,47,3.6,360,249,369,127
2001-02-24 10:00:00,2.0,44,3.1,80,477,621,178
2001-02-24 11:00:00,2.0,44,3.6,30,367,133,287
2001-02-24 12:00:00,4.0,42,2.1,70,515,295,320
2001-02-24 13:00:00,4.0,38,2.9,70,700,762,187
2001-02-24 14:00:00,6.0,36,3.6,70,659,889,95
2001-02-24 15:00:00,5.0,42,5.1,60,553,853,88
2001-02-24 16:00:00,5.0,42,4.1,100,391,711,97
2001-02-24 17:00:00,3.0,49,5.7,120,179,406,79
2001-02-24 18:00:00,1.0,56,6.2,110,26,179,16
2001-02-24 19:00:00,0.0,72,2.1,120,0,0,0
2001-02-24 20:00:00,0.0,72,3.1,120,0,0,0
2001-02-24 21:00:00,0.0,78,2.6,110,0,0,0
2001-02-24 22:00:00,0.0,85,3.1,80,0,0,0
2001-02-24 23:00:00,1.0,86,2.6,110,0,0,0
2001-02-25 00:00:00,2.0,87,3.1,80,0,0,0
2001-02-25 01:00:00,3.0,81,2.1,100,0,0,0
2001-02-25 02:00:00,4.0,87,2.6,130,0,0,0
2001-02-25 03:00:00,5.0,87,2.6,130,0,0,0
2001-02-25 04:00:00,5.5,87,3.1,130,0,0,0
2001-02-25 05:00:00,6.0,87,5.1,160,0,0,0
2001-02-25 06:00:00,8.0,81,4.1,180,0,0,0
2001-02-25 07:00:00,9.0,81,3.6,170,0,0,0
2001-02-25 08:00:00,11.0,71,5.1,180,110,303,63
2001-02-25 09:00:00,13.0,67,6.2,180,306,508,136
2001-02-25 10:00:00,15.0,63,8.2,190,225,104,174
2001-02-25 11:00:00,14.2,70,7.2,190,101,0,101
2001-02-25 12:00:00,13.0,82,6.2,180,110,0,110
2001-02-25 13:00:00,12.0,94,6.2,180,114,0,114
2001-02-25 14:00:00,12.6,94,6.5,190,105,0,105
2001-02-25 15:00:00,13.0,94,6.7,190,260,65,224
2001-02-25 16:00:00,13.0,94,7.2,200,70,0,70
2001-02-25 17:00:00,15.0,88,6.7,190,94,28,88
2001-02-25 18:00:00,16.0,88,7.7,200,18,53,15
2001-02-25 19:00:00,16.0,94,7.7,200,0,0,0
2001-02-25 20:00:00,17.0,88,6.7,210,0,0,0
2001-02-25 21:00:00,17.0,94,8.7,220,0,0,0
2001-02-25 22:00:00,17.0,94,8.7,220,0,0,0
2001-02-25 23:00:00,17.0,94,6.2,230,0,0,0
2001-02-26 00:00:00,17.0,88,6.2,220,0,0,0
2001-02-26 01:00:00,16.0,94,5.1,230,0,0,0
2001-02-26 02:00:00,15.0,88,7.2,250,0,0,0
2001-02-26 03:00:00,13.0,88,5.1,260,0,0,0
2001-02-26 04:00:00,12.0,88,3.6,270,0,0,0
2001-02-26 05:00:00,12.0,88,3.6,280,0,0,0
2001-02-26 06:00:00,11.0,94,5.1,280,0,0,0
2001-02-26 07:00:00,10.0,82,5.1,300,0,0,0
2001-02-26 08:00:00,11.0,66,4.6,320,129,451,58
2001-02-26 09:00:00,12.0,50,7.7,340,313,704,73
2001-02-26 10:00:00,12.0,50,9.3,360,495,817,94
2001-02-26 11:00:00,11.0,47,8.7,330,625,873,98
2001-02-26 12:00:00,11.0,43,9.3,340,699,892,102
2001-02-26 13:00:00,11.0,39,7.7,320,718,899,104
2001-02-26 14:00:00,11.0,43,6.7,320,671,895,95
2001-02-26 15:00:00,11.0,43,7.7,330,559,841,93
2001-02-26 16:00:00,11.0,39,5.7,300,397,770,73
2001-02-26 17:00:00,11.0,43,6.2,330,209,608,55
2001-02-26 18:00:00,10.0,42,4.1,310,28,222,14
2001-02-26 19:00:00,8.0,48,4.1,320,0,0,0
2001-02-26 20:00:00,7.0,52,4.1,310,0,0,0
2001-02-26 21:00:00,6.0,55,3.1,340,0,0,0
2001-02-26 22:00:00,6.0,55,3.1,340,0,0,0
2001-02-26 23:00:00,6.0,51,5.1,320,0,0,0
2001-02-27 00:00:00,5.0,55,5.1,320,0,0,0
2001-02-27 01:00:00,4.0,59,4.6,330,0,0,0
2001-02-27 02:00:00,3.0,58,3.1,330,0,0,0
2001-02-27 03:00:00,2.0,62,4.1,320,0,0,0
2001-02-27 04:00:00,2.0,62,3.1,320,0,0,0
2001-02-27 05:00:00,1.0,66,2.9,330,0,0,0
2001-02-27 06:00:00,0.0,72,2.6,340,0,0,0
2001-02-27 07:00:00,1.0,67,2.1,310,0,0,0
2001-02-27 08:00:00,2.0,73,2.1,230,137,483,58
2001-02-27 09:00:00,5.0,55,3.6,330,319,710,74
2001-02-27 10:00:00,7.0,48,4.1,320,501,822,93
2001-02-27 11:00:00,9.0,41,4.6,300,625,861,100
2001-02-27 12:00:00,11.0,33,5.4,290,705,898,100
2001-02-27 13:00:00,12.0,29,6.2,270,724,905,101
2001-02-27 14:00:00,14.0,23,5.1,310,671,883,99
2001-02-27 15:00:00,14.0,23,5.4,290,565,853,89
2001-02-27 16:00:00,14.0,25,5.7,260,403,776,73
2001-02-27 17:00:00,12.0,31,4.1,260,214,625,54
2001-02-27 18:00:00,9.0,38,3.1,240,32,259,14
2001-02-27 19:00:00,8.0,44,5.7,220,0,0,0
2001-02-27 20:00:00,7.0,66,3.1,200,0,0,0
2001-02-27 21:00:00,6.0,75,3.1,220,0,0,0
2001-02-27 22:00:00,7.0,61,4.1,210,0,0,0
2001-02-27 23:00:00,6.0,60,2.6,210,0,0,0
2001-02-28 00:00:00,7.0,52,2.1,200,0,0,0
2001-02-28 01:00:00,7.0,56,2.6,10,0,0,0
2001-02-28 02:00:00,7.0,56,4.1,20,0,0,0
2001-02-28 03:00:00,6.0,55,4.1,20,0,0,0
2001-02-28 04:00:00,5.0,59,5.1,40,0,0,0
2001-02-28 05:00:00,3.0,81,5.1,20,0,0,0
2001-02-28 06:00:00,2.0,93,4.1,10,0,0,0
2001-02-28 07:00:00,1.4,91,4.1,10,0,0,0
2001-02-28 08:00:00,2.0,87,4.1,10,144,273,99
2001-02-28 09:00:00,1.0,93,5.1,360,202,127,158
2001-02-28 10:00:00,3.0,68,5.1,350,507,638,187
2001-02-28 11:00:00,4.0,54,5.1,20,631,861,102
2001-02-28 12:00:00,5.0,46,4.1,20,711,898,101
2001-02-28 13:00:00,6.0,39,6.2,320,724,893,105
2001-02-28 14:00:00,7.0,37,6.2,310,677,883,101
2001-02-28 15:00:00,6.0,30,4.1,330,571,853,91
2001-02-28 16:00:00,6.0,28,3.6,320,408,788,70
2001-02-28 17:00:00,6.0,25,4.1,320,219,637,54
2001-02-28 18:00:00,4.0,32,2.6,330,35,284,15
2001-02-28 19:00:00,0.0,55,0.0,0,0,0,0
2001-02-28 20:00:00,0.0,72,3.6,140,0,0,0
2001-02-28 21:00:00,-1.0,78,0.0,0,0,0,0
2001-02-28 22:00:00,-1.6,78,0.2,210,0,0,0
2001-02-28 23:00:00,-2.2,78,0.4,0,0,0,0
2001-03-01 00:00:00,-2.9,84,0.6,0,0,0,0
2002-03-01 01:00:00,-3.5,82,0.9,0,0,0,0
2002-03-01 02:00:00,-4.2,78,1.1,0,0,0,0
2002-03-01 03:00:00,-4.8,74,1.3,310,0,0,0
2002-03-01 04:00:00,-5.6,75,1.5,310,0,0,0
2002-03-01 05:00:00,-5.0,65,2.6,310,0,0,0
2002-03-01 06:00:00,-5.0,61,0.0,0,0,0,0
2002-03-01 07:00:00,-6.7,75,0.0,0,0,0,0
2002-03-01 08:00:00,-1.7,57,0.0,0,142,395,74
2002-03-01 09:00:00,1.7,40,2.6,320,324,639,99
2002-03-01 10:00:00,4.4,33,2.6,310,487,724,122
2002-03-01 11:00:00,5.6,30,3.1,300,624,806,126
2002-03-01 12:00:00,6.7,28,2.1,280,711,855,127
2002-03-01 13:00:00,8.3,26,3.6,270,724,858,127
2002-03-01 14:00:00,8.3,26,5.2,280,665,818,129
2002-03-01 15:00:00,8.3,26,4.1,270,560,788,114
2002-03-01 16:00:00,8.3,28,1.5,300,398,683,103
2002-03-01 17:00:00,7.8,29,3.6,260,215,571,65
2002-03-01 18:00:00,6.1,32,1.5,230,36,240,19
2002-03-01 19:00:00,0.0,57,2.1,160,0,0,0
2002-03-01 20:00:00,-0.6,57,3.1,180,0,0,0
2002-03-01 21:00:00,-0.6,69,1.5,180,0,0,0
2002-03-01 22:00:00,-3.3,75,2.1,180,0,0,0
2002-03-01 23:00:00,-3.3,75,0.0,0,0,0,0
2002-03-02 00:00:00,-3.9,83,0.0,0,0,0,0
2002-03-02 01:00:00,-2.2,75,2.1,110,0,0,0
2002-03-02 02:00:00,-6.1,86,1.5,100,0,0,0
2002-03-02 03:00:00,-6.1,86,0.0,0,0,0,0
2002-03-02 04:00:00,-6.1,86,0.0,0,0,0,0
2002-03-02 05:00:00,-5.0,86,0.0,0,0,0,0
2002-03-02 06:00:00,-4.4,90,0.0,0,0,0,0
2002-03-02 07:00:00,-2.8,91,1.5,90,0,0,0
2002-03-02 08:00:00,1.1,92,0.0,0,90,36,83
2002-03-02 09:00:00,6.1,70,5.2,110,208,107,170
2002-03-02 10:00:00,9.4,56,5.7,120,197,12,191
2002-03-02 11:00:00,10.6,52,6.7,120,441,242,290
2002-03-02 12:00:00,10.6,58,7.2,140,221,12,212
2002-03-02 13:00:00,10.6,68,7.2,130,227,6,223
2002-03-02 14:00:00,11.1,74,8.2,110,204,0,204
2002-03-02 15:00:00,11.1,74,7.2,110,226,18,216
2002-03-02 16:00:00,10.6,79,6.7,120,113,0,113
2002-03-02 17:00:00,9.4,93,7.2,120,43,0,43
2002-03-02 18:00:00,9.4,97,6.7,110,29,56,25
2002-03-02 19:00:00,9.4,100,8.8,120,0,0,0
2002-03-02 20:00:00,10.0,100,9.3,120,0,0,0
2002-03-02 21:00:00,11.0,100,9.3,120,0,0,0
2002-03-02 22:00:00,11.7,100,8.2,130,0,0,0
2002-03-02 23:00:00,12.8,100,9.8,140,0,0,0
2002-03-03 00:00:00,13.3,100,8.8,150,0,0,0
2002-03-03 01:00:00,15.0,100,11.8,170,0,0,0
2002-03-03 02:00:00,15.6,96,7.7,180,0,0,0
2002-03-03 03:00:00,15.6,96,6.2,190,0,0,0
2002-03-03 04:00:00,15.0,100,4.1,180,0,0,0
2002-03-03 05:00:00,16.7,96,5.7,200,0,0,0
2002-03-03 06:00:00,16.7,100,4.1,200,0,0,0
2002-03-03 07:00:00,17.0,100,3.1,220,0,0,0
2002-03-03 08:00:00,17.2,97,4.6,200,29,0,29
2002-03-03 09:00:00,17.0,94,4.6,240,251,240,163
2002-03-03 10:00:00,17.8,90,4.1,250,361,227,244
2002-03-03 11:00:00,17.2,87,4.6,220,120,0,120
2002-03-03 12:00:00,15.6,96,4.1,250,116,0,116
2002-03-03 13:00:00,15.6,100,3.1,210,120,0,120
2002-03-03 14:00:00,16.1,97,4.1,210,193,6,189
2002-03-03 15:00:00,16.0,100,4.1,230,96,0,96
2002-03-03 16:00:00,15.6,96,4.6,230,205,35,189
2002-03-03 17:00:00,15.6,96,3.1,220,111,28,103
2002-03-03 18:00:00,15.0,100,4.1,220,33,101,25
2002-03-03 19:00:00,15.0,96,3.1,230,0,0,0
2002-03-03 20:00:00,14.4,100,4.1,270,0,0,0
2002-03-03 21:00:00,9.0,71,4.6,350,0,0,0
2002-03-03 22:00:00,8.3,56,5.7,320,0,0,0
2002-03-03 23:00:00,7.8,48,6.2,310,0,0,0
2002-03-04 00:00:00,6.7,59,7.2,310,0,0,0
2002-03-04 01:00:00,4.4,53,7.7,320,0,0,0
2002-03-04 02:00:00,2.8,49,7.7,320,0,0,0
2002-03-04 03:00:00,1.7,53,5.7,330,0,0,0
2002-03-04 04:00:00,1.1,41,7.7,330,0,0,0
2002-03-04 05:00:00,0.6,47,5.2,320,0,0,0
2002-03-04 06:00:00,0.0,49,6.7,320,0,0,0
2002-03-04 07:00:00,-0.6,45,5.2,310,0,0,0
2002-03-04 08:00:00,0.0,45,7.7,320,48,0,48
2002-03-04 09:00:00,0.6,43,7.2,300,293,340,167
2002-03-04 10:00:00,0.6,43,6.7,300,427,435,200
2002-03-04 11:00:00,1.1,41,6.2,330,485,291,301
2002-03-04 12:00:00,2.8,35,7.2,320,661,608,237
2002-03-04 13:00:00,2.8,32,8.8,310,676,642,220
2002-03-04 14:00:00,2.2,31,8.8,300,683,722,200
2002-03-04 15:00:00,1.7,31,10.3,300,436,273,278
2002-03-04 16:00:00,1.1,32,6.7,330,227,76,193
2002-03-04 17:00:00,1.1,29,7.7,310,203,337,110
2002-03-04 18:00:00,-0.6,31,4.6,330,42,178,27
2002-03-04 19:00:00,-1.7,34,5.7,320,0,0,0
2002-03-04 20:00:00,-2.8,36,3.6,310,0,0,0
2002-03-04 21:00:00,-2.8,36,6.2,300,0,0,0
2002-03-04 22:00:00,-3.9,37,5.2,310,0,0,0
2002-03-04 23:00:00,-5.0,39,3.6,320,0,0,0
2002-03-05 00:00:00,-5.0,37,4.1,330,0,0,0
2002-03-05 01:00:00,-5.6,37,5.7,330,0,0,0
2002-03-05 02:00:00,-6.1,39,5.2,320,0,0,0
2002-03-05 03:00:00,-6.1,43,6.2,310,0,0,0
2002-03-05 04:00:00,-6.7,45,4.6,310,0,0,0
2002-03-05 05:00:00,-7.2,47,3.1,320,0,0,0
2002-03-05 06:00:00,-8.9,58,1.5,290,0,0,0
2002-03-05 07:00:00,-10.0,82,0.0,0,0,66,0
2002-03-05 08:00:00,-5.0,43,0.0,0,161,440,77
2002-03-05 09:00:00,-3.3,38,1.5,310,349,680,95
2002-03-05 10:00:00,-2.2,34,2.6,260,511,741,122
2002-03-05 11:00:00,0.0,32,5.2,260,648,818,127
2002-03-05 12:00:00,1.7,31,3.6,230,735,831,151
2002-03-05 13:00:00,2.8,29,6.2,260,730,821,143
2002-03-05 14:00:00,3.3,30,6.7,250,689,836,126
2002-03-05 15:00:00,4.4,28,8.2,280,578,794,115
2002-03-05 16:00:00,3.9,31,5.7,260,421,725,96
2002-03-05 17:00:00,3.3,35,4.1,210,232,591,68
2002-03-05 18:00:00,1.7,41,3.1,200,46,269,23
2002-03-05 19:00:00,-0.6,52,1.5,150,0,0,0
2002-03-05 20:00:00,-2.8,62,0.0,0,0,0,0
2002-03-05 21:00:00,0.0,60,3.6,170,0,0,0
2002-03-05 22:00:00,0.0,62,2.6,170,0,0,0
2002-03-05 23:00:00,0.6,66,3.6,180,0,0,0
2002-03-06 00:00:00,1.1,64,3.1,200,0,0,0
2002-03-06 01:00:00,1.7,67,3.1,200,0,0,0
2002-03-06 02:00:00,1.1,73,2.1,200,0,0,0
2002-03-06 03:00:00,1.7,70,2.1,210,0,0,0
2002-03-06 04:00:00,2.2,65,2.6,210,0,0,0
2002-03-06 05:00:00,-1.7,83,0.0,0,0,0,0
2002-03-06 06:00:00,1.1,70,2.1,190,0,0,0
2002-03-06 07:00:00,1.1,80,2.1,180,1,69,0
2002-03-06 08:00:00,3.9,76,3.1,210,159,409,78
2002-03-06 09:00:00,7.8,50,4.1,230,355,691,93
2002-03-06 10:00:00,9.4,43,6.2,240,498,661,147
2002-03-06 11:00:00,11.7,35,5.7,230,654,794,144
2002-03-06 12:00:00,13.3,37,5.7,210,741,867,127
2002-03-06 13:00:00,13.3,35,7.2,230,753,875,124
2002-03-06 14:00:00,13.3,37,6.7,210,701,854,122
2002-03-06 15:00:00,13.3,35,6.2,210,584,800,114
2002-03-06 16:00:00,13.3,35,7.2,190,427,737,94
2002-03-06 17:00:00,13.3,35,6.2,200,233,575,71
2002-03-06 18:00:00,11.7,41,5.2,200,47,263,23
2002-03-06 19:00:00,9.4,59,4.6,170,0,0,0
2002-03-06 20:00:00,7.8,68,3.1,170,0,0,0
2002-03-06 21:00:00,8.3,60,3.6,200,0,0,0
2002-03-06 22:00:00,8.3,56,3.6,220,0,0,0
2002-03-06 23:00:00,9.4,49,3.6,210,0,0,0
2002-03-07 00:00:00,8.9,51,3.1,210,0,0,0
2002-03-07 01:00:00,8.3,56,3.6,210,0,0,0
2002-03-07 02:00:00,8.3,60,3.1,230,0,0,0
2002-03-07 03:00:00,8.9,56,3.6,230,0,0,0
2002-03-07 04:00:00,8.3,63,3.6,220,0,0,0
2002-03-07 05:00:00,7.8,71,3.6,220,0,0,0
2002-03-07 06:00:00,5.6,85,3.1,210,0,0,0
2002-03-07 07:00:00,5.6,89,2.1,210,1,51,1
2002-03-07 08:00:00,7.8,79,2.6,230,147,273,92
2002-03-07 09:00:00,10.0,63,4.1,240,311,421,150
2002-03-07 10:00:00,12.2,54,4.6,250,438,428,209
2002-03-07 11:00:00,13.3,49,3.1,220,591,557,230
2002-03-07 12:00:00,14.4,47,3.1,250,557,301,342
2002-03-07 13:00:00,16.1,41,1.5,240,670,552,270
2002-03-07 14:00:00,18.3,31,2.1,230,671,692,199
2002-03-07 15:00:00,18.9,28,3.1,220,589,735,155
2002-03-07 16:00:00,17.8,31,2.6,210,379,433,181
2002-03-07 17:00:00,16.7,34,2.6,200,239,491,99
2002-03-07 18:00:00,15.0,41,1.5,170,42,165,27
2002-03-07 19:00:00,7.2,76,2.1,140,0,0,0
2002-03-07 20:00:00,3.9,89,0.0,0,0,0,0
2002-03-07 21:00:00,6.7,79,0.0,0,0,0,0
2002-03-07 22:00:00,4.4,86,0.0,0,0,0,0
2002-03-07 23:00:00,2.8,100,0.0,0,0,0,0
2002-03-08 00:00:00,2.8,96,0.0,0,0,0,0
2002-03-08 01:00:00,0.6,100,1.5,90,0,0,0
2002-03-08 02:00:00,1.1,100,0.0,0,0,0,0
2002-03-08 03:00:00,1.1,100,0.0,0,0,0,0
2002-03-08 04:00:00,-1.1,100,0.0,0,0,0,0
2002-03-08 05:00:00,-0.6,100,0.0,0,0,0,0
2002-03-08 06:00:00,-1.7,100,0.0,0,0,0,0
2002-03-08 07:00:00,0.0,100,0.0,0,2,94,1
2002-03-08 08:00:00,6.1,100,0.0,0,173,453,79
2002-03-08 09:00:00,13.3,69,0.0,0,353,633,106
2002-03-08 10:00:00,17.8,50,1.5,180,523,716,136
2002-03-08 11:00:00,19.4,40,3.6,150,660,781,150
2002-03-08 12:00:00,19.4,47,5.7,150,710,747,174
2002-03-08 13:00:00,19.4,42,5.7,140,723,738,186
2002-03-08 14:00:00,20.0,36,6.2,150,712,824,147
2002-03-08 15:00:00,20.0,42,6.2,140,595,807,115
2002-03-08 16:00:00,18.9,56,5.7,140,433,732,97
2002-03-08 17:00:00,17.2,75,5.2,140,244,610,68
2002-03-08 18:00:00,15.0,87,3.6,150,52,277,25
2002-03-08 19:00:00,11.1,100,3.6,120,0,0,0
2002-03-08 20:00:00,9.4,100,2.6,120,0,0,0
2002-03-08 21:00:00,8.9,96,3.1,110,0,0,0
2002-03-08 22:00:00,8.9,100,2.1,120,0,0,0
2002-03-08 23:00:00,8.9,100,2.1,130,0,0,0
2002-03-09 00:00:00,8.9,100,1.5,130,0,0,0
2002-03-09 01:00:00,10.0,100,1.5,130,0,0,0
2002-03-09 02:00:00,10.0,100,2.1,120,0,0,0
2002-03-09 03:00:00,8.9,100,1.5,110,0,0,0
2002-03-09 04:00:00,10.0,100,1.5,120,0,0,0
2002-03-09 05:00:00,8.9,100,2.1,120,0,0,0
2002-03-09 06:00:00,8.9,100,2.1,130,0,0,0
2002-03-09 07:00:00,11.1,100,2.1,130,3,101,2
2002-03-09 08:00:00,13.3,100,2.6,150,180,443,86
2002-03-09 09:00:00,15.6,93,4.1,150,359,533,149
2002-03-09 10:00:00,19.4,73,7.2,170,392,220,272
2002-03-09 11:00:00,21.1,63,7.2,170,672,672,230
2002-03-09 12:00:00,21.1,63,4.6,180,563,295,350
2002-03-09 13:00:00,21.7,66,8.2,190,490,156,376
2002-03-09 14:00:00,22.2,61,8.2,170,461,161,350
2002-03-09 15:00:00,21.7,61,9.3,170,493,391,259
2002-03-09 16:00:00,20.6,68,8.2,170,417,603,138
2002-03-09 17:00:00,20.0,68,8.8,170,225,486,83
2002-03-09 18:00:00,17.8,80,6.7,160,53,247,28
2002-03-09 19:00:00,17.2,84,7.2,180,0,0,0
2002-03-09 20:00:00,17.8,84,6.2,170,0,0,0
2002-03-09 21:00:00,17.8,84,7.7,170,0,0,0
2002-03-09 22:00:00,17.8,80,7.7,180,0,0,0
2002-03-09 23:00:00,17.8,84,6.2,190,0,0,0
2002-03-10 00:00:00,18.3,81,7.7,190,0,0,0
2002-03-10 01:00:00,17.8,84,9.3,210,0,0,0
2002-03-10 02:00:00,17.0,94,6.7,210,0,0,0
2002-03-10 03:00:00,17.2,93,7.7,220,0,0,0
2002-03-10 04:00:00,16.7,93,6.2,210,0,0,0
2002-03-10 05:00:00,11.7,83,7.2,330,0,0,0
2002-03-10 06:00:00,8.9,66,6.2,320,0,0,0
2002-03-10 07:00:00,7.2,57,7.2,330,5,110,2
2002-03-10 08:00:00,7.2,50,7.7,320,177,441,82
2002-03-10 09:00:00,7.8,36,8.2,310,379,682,107
2002-03-10 10:00:00,8.9,32,9.3,280,541,758,124
2002-03-10 11:00:00,9.4,28,8.8,300,678,829,128
2002-03-10 12:00:00,10.6,24,8.2,310,758,867,129
2002-03-10 13:00:00,10.6,20,9.3,310,753,797,165
2002-03-10 14:00:00,11.1,19,10.3,310,724,830,147
2002-03-10 15:00:00,11.1,18,10.3,300,607,825,110
2002-03-10 16:00:00,10.0,16,10.3,300,444,750,94
2002-03-10 17:00:00,8.9,17,9.3,320,250,605,71
2002-03-10 18:00:00,7.2,19,7.7,320,57,291,27
2002-03-10 19:00:00,5.6,22,7.7,320,0,0,0
2002-03-10 20:00:00,5.0,24,5.7,320,0,0,0
2002-03-10 21:00:00,3.3,30,3.1,330,0,0,0
2002-03-10 22:00:00,3.3,28,4.1,340,0,0,0
2002-03-10 23:00:00,2.2,31,3.1,340,0,0,0
2002-03-11 00:00:00,-0.6,37,2.6,340,0,0,0
2002-03-11 01:00:00,-1.7,42,3.1,330,0,0,0
2002-03-11 02:00:00,-0.6,38,0.0,0,0,0,0
2002-03-11 03:00:00,-0.6,37,2.6,350,0,0,0
2002-03-11 04:00:00,-1.1,40,2.6,360,0,0,0
2002-03-11 05:00:00,-1.7,42,2.6,30,0,0,0
2002-03-11 06:00:00,-2.8,46,0.0,0,0,0,0
2002-03-11 07:00:00,-4.4,61,0.0,0,6,125,3
2002-03-11 08:00:00,-0.6,42,1.5,360,184,459,82
2002-03-11 09:00:00,1.1,36,3.1,360,385,688,107
2002-03-11 10:00:00,2.2,33,2.6,340,534,709,140
2002-03-11 11:00:00,3.9,31,3.6,330,684,805,146
2002-03-11 12:00:00,5.0,28,3.6,300,764,867,130
2002-03-11 13:00:00,6.1,28,2.6,330,771,857,135
2002-03-11 14:00:00,6.7,26,0.0,0,724,860,123
2002-03-11 15:00:00,7.8,25,4.1,300,607,783,132
2002-03-11 16:00:00,7.2,24,2.6,270,439,697,111
2002-03-11 17:00:00,7.2,22,0.0,0,246,561,78
2002-03-11 18:00:00,4.4,51,3.1,150,55,246,29
2002-03-11 19:00:00,-0.6,69,2.6,140,0,0,0
2002-03-11 20:00:00,2.2,59,3.6,160,0,0,0
2002-03-11 21:00:00,1.7,61,2.6,160,0,0,0
2002-03-11 22:00:00,1.1,61,2.6,170,0,0,0
2002-03-11 23:00:00,-1.7,72,1.5,160,0,0,0
2002-03-12 00:00:00,-2.2,79,0.0,0,0,0,0
2002-03-12 01:00:00,-2.8,83,0.0,0,0,0,0
2002-03-12 02:00:00,0.6,83,0.0,0,0,0,0
2002-03-12 03:00:00,2.8,78,0.0,0,0,0,0
2002-03-12 04:00:00,4.4,73,0.0,0,0,0,0
2002-03-12 05:00:00,4.4,79,0.0,0,0,0,0
2002-03-12 06:00:00,6.1,82,0.0,0,0,0,0
2002-03-12 07:00:00,6.1,86,0.0,0,2,0,2
2002-03-12 08:00:00,6.7,100,2.1,90,52,0,52
2002-03-12 09:00:00,8.9,100,1.5,160,91,0,91
2002-03-12 10:00:00,11.1,97,2.6,180,202,6,198
2002-03-12 11:00:00,12.8,93,2.1,220,245,6,241
2002-03-12 12:00:00,13.9,80,5.7,240,208,0,208
2002-03-12 13:00:00,13.3,77,3.6,260,281,12,272
2002-03-12 14:00:00,13.3,77,2.6,260,193,6,189
2002-03-12 15:00:00,13.9,74,2.6,220,221,6,218
2002-03-12 16:00:00,13.3,64,0.0,0,163,6,160
2002-03-12 17:00:00,13.3,64,0.0,0,94,0,94
2002-03-12 18:00:00,11.7,80,0.0,0,16,0,16
2002-03-12 19:00:00,10.0,100,0.0,0,0,0,0
2002-03-12 20:00:00,9.4,100,0.0,0,0,0,0
2002-03-12 21:00:00,10.0,100,0.0,0,0,0,0
2002-03-12 22:00:00,10.0,100,1.5,110,0,0,0
2002-03-12 23:00:00,10.0,100,2.1,90,0,0,0
2002-03-13 00:00:00,10.0,100,1.5,90,0,0,0
2002-03-13 01:00:00,10.0,100,2.6,70,0,0,0
2002-03-13 02:00:00,10.0,100,1.5,60,0,0,0
2002-03-13 03:00:00,10.0,100,2.1,70,0,0,0
2002-03-13 04:00:00,10.6,100,3.1,80,0,0,0
2002-03-13 05:00:00,10.6,100,4.1,80,0,0,0
2002-03-13 06:00:00,11.0,100,3.6,80,0,0,0
2002-03-13 07:00:00,10.6,100,3.1,80,2,0,2
2002-03-13 08:00:00,11.1,100,3.6,70,34,0,34
2002-03-13 09:00:00,11.7,100,3.6,90,70,0,70
2002-03-13 10:00:00,12.2,100,2.1,100,98,0,98
2002-03-13 11:00:00,11.7,100,2.1,10,113,0,113
2002-03-13 12:00:00,11.7,100,3.6,20,122,0,122
2002-03-13 13:00:00,11.1,100,3.1,60,126,0,126
2002-03-13 14:00:00,10.6,100,2.6,50,117,0,117
2002-03-13 15:00:00,10.6,100,3.1,10,97,0,97
2002-03-13 16:00:00,10.6,100,2.1,30,92,0,92
2002-03-13 17:00:00,10.6,100,2.6,360,54,0,54
2002-03-13 18:00:00,10.6,100,3.1,360,40,58,34
2002-03-13 19:00:00,10.0,100,3.6,350,0,0,0
2002-03-13 20:00:00,10.0,100,4.1,360,0,0,0
2002-03-13 21:00:00,9.4,100,4.1,360,0,0,0
2002-03-13 22:00:00,8.9,100,4.6,340,0,0,0
2002-03-13 23:00:00,8.9,100,5.2,330,0,0,0
2002-03-14 00:00:00,8.9,100,3.6,320,0,0,0
2002-03-14 01:00:00,8.3,100,5.2,330,0,0,0
2002-03-14 02:00:00,8.3,100,3.1,340,0,0,0
2002-03-14 03:00:00,8.3,100,3.6,310,0,0,0
2002-03-14 04:00:00,8.3,100,4.6,320,0,0,0
2002-03-14 05:00:00,8.3,100,4.1,310,0,0,0
2002-03-14 06:00:00,8.3,100,3.6,320,0,0,0
2002-03-14 07:00:00,8.3,100,4.6,310,8,54,6
2002-03-14 08:00:00,8.3,100,5.7,330,144,162,106
2002-03-14 09:00:00,9.4,97,3.6,340,195,37,179
2002-03-14 10:00:00,11.1,89,2.1,330,435,275,278
2002-03-14 11:00:00,13.3,77,2.1,310,702,726,206
2002-03-14 12:00:00,15.0,67,2.6,290,788,891,124
2002-03-14 13:00:00,17.2,54,0.0,0,801,893,126
2002-03-14 14:00:00,18.3,54,1.5,140,742,872,121
2002-03-14 15:00:00,18.9,45,0.0,0,613,789,125
2002-03-14 16:00:00,18.9,56,5.2,130,462,762,95
2002-03-14 17:00:00,15.6,69,4.1,130,263,608,74
2002-03-14 18:00:00,12.8,80,3.1,130,68,314,31
2002-03-14 19:00:00,8.9,89,1.5,130,0,0,0
2002-03-14 20:00:00,7.2,97,2.1,130,0,0,0
2002-03-14 21:00:00,7.8,100,4.1,150,0,0,0
2002-03-14 22:00:00,5.0,100,1.5,130,0,0,0
2002-03-14 23:00:00,5.0,100,1.5,130,0,0,0
2002-03-15 00:00:00,7.0,100,4.1,140,0,0,0
2002-03-15 01:00:00,8.3,100,4.6,160,0,0,0
2002-03-15 02:00:00,8.9,100,4.1,180,0,0,0
2002-03-15 03:00:00,8.9,100,4.1,160,0,0,0
2002-03-15 04:00:00,8.9,100,3.6,160,0,0,0
2002-03-15 05:00:00,8.9,100,3.6,160,0,0,0
2002-03-15 06:00:00,6.7,100,2.1,130,0,0,0
2002-03-15 07:00:00,9.0,100,0.0,0,0,0,0
2002-03-15 08:00:00,11.0,100,2.6,200,92,0,92
2002-03-15 09:00:00,12.2,97,3.6,230,173,12,168
2002-03-15 10:00:00,13.3,97,5.2,210,169,0,169
2002-03-15 11:00:00,15.6,86,5.7,210,294,24,278
2002-03-15 12:00:00,17.2,81,5.7,200,428,96,355
2002-03-15 13:00:00,20.6,70,6.7,180,801,725,250
2002-03-15 14:00:00,21.1,68,7.2,200,748,872,123
2002-03-15 15:00:00,21.7,63,6.7,200,625,706,185
2002-03-15 16:00:00,22.2,61,7.2,200,365,282,228
2002-03-15 17:00:00,21.7,59,6.2,190,268,517,106
2002-03-15 18:00:00,19.4,76,3.6,150,69,302,33
2002-03-15 19:00:00,17.8,80,2.6,180,0,0,0
2002-03-15 20:00:00,16.7,84,2.6,170,0,0,0
2002-03-15 21:00:00,14.4,93,2.6,160,0,0,0
2002-03-15 22:00:00,12.8,93,2.1,160,0,0,0
2002-03-15 23:00:00,17.2,78,3.6,210,0,0,0
2002-03-16 00:00:00,17.8,75,4.1,210,0,0,0
2002-03-16 01:00:00,17.2,78,3.6,200,0,0,0
2002-03-16 02:00:00,17.2,78,4.6,210,0,0,0
2002-03-16 03:00:00,16.7,84,5.2,210,0,0,0
2002-03-16 04:00:00,16.1,87,4.1,210,0,0,0
2002-03-16 05:00:00,15.6,90,3.1,220,0,0,0
2002-03-16 06:00:00,15.6,90,2.6,210,0,0,0
2002-03-16 07:00:00,15.0,93,2.6,210,0,0,0
2002-03-16 08:00:00,17.2,84,3.6,230,208,375,115
2002-03-16 09:00:00,20.0,73,5.2,270,360,436,172
2002-03-16 10:00:00,21.1,63,6.7,240,564,683,167
2002-03-16 11:00:00,22.8,59,4.1,250,664,569,270
2002-03-16 12:00:00,23.9,55,5.2,270,452,114,366
2002-03-16 13:00:00,23.9,54,3.6,280,747,528,344
2002-03-16 14:00:00,21.7,61,4.6,260,117,0,117
2002-03-16 15:00:00,21.7,63,4.1,270,102,0,102
2002-03-16 16:00:00,21.1,68,2.1,300,114,0,114
2002-03-16 17:00:00,21.1,68,1.5,350,144,57,126
2002-03-16 18:00:00,17.8,78,5.2,40,73,196,49
2002-03-16 19:00:00,15.6,75,3.6,40,0,0,0
2002-03-16 20:00:00,13.9,72,5.7,10,0,0,0
2002-03-16 21:00:00,13.3,77,3.1,20,0,0,0
2002-03-16 22:00:00,12.0,62,3.1,40,0,0,0
2002-03-16 23:00:00,10.6,63,4.1,30,0,0,0
2002-03-17 00:00:00,9.4,68,2.6,40,0,0,0
2002-03-17 01:00:00,8.3,68,3.6,360,0,0,0
2002-03-17 02:00:00,8.3,65,2.6,40,0,0,0
2002-03-17 03:00:00,7.2,70,3.1,70,0,0,0
2002-03-17 04:00:00,6.7,70,3.6,60,0,0,0
2002-03-17 05:00:00,6.1,73,4.6,70,0,0,0
2002-03-17 06:00:00,6.1,76,4.1,60,0,0,0
2002-03-17 07:00:00,6.1,76,4.6,70,0,0,0
2002-03-17 08:00:00,6.1,82,4.1,70,50,0,50
2002-03-17 09:00:00,7.2,82,3.6,60,97,0,97
2002-03-17 10:00:00,8.3,76,6.7,70,162,0,162
2002-03-17 11:00:00,8.0,71,8.7,100,163,0,163
2002-03-17 12:00:00,7.8,73,7.2,80,177,0,177
2002-03-17 13:00:00,7.2,80,7.7,80,131,0,131
2002-03-17 14:00:00,6.1,89,4.1,70,123,0,123
2002-03-17 15:00:00,6.0,93,5.7,80,114,0,114
2002-03-17 16:00:00,5.6,96,5.7,80,98,0,98
2002-03-17 17:00:00,5.6,96,5.2,70,50,0,50
2002-03-17 18:00:00,5.6,96,3.1,60,14,0,14
2002-03-17 19:00:00,5.6,100,3.1,50,0,0,0
2002-03-17 20:00:00,6.1,97,3.6,60,0,0,0
2002-03-17 21:00:00,6.1,100,5.7,80,0,0,0
2002-03-17 22:00:00,6.7,96,5.2,80,0,0,0
2002-03-17 23:00:00,6.7,100,5.7,90,0,0,0
2002-03-18 00:00:00,7.2,97,5.2,100,0,0,0
2002-03-18 01:00:00,7.2,100,5.7,80,0,0,0
2002-03-18 02:00:00,7.2,100,3.6,60,0,0,0
2002-03-18 03:00:00,7.2,100,5.7,70,0,0,0
2002-03-18 04:00:00,7.2,100,4.6,70,0,0,0
2002-03-18 05:00:00,7.2,100,3.1,40,0,0,0
2002-03-18 06:00:00,7.2,100,4.6,70,0,0,0
2002-03-18 07:00:00,7.8,96,4.6,60,0,0,0
2002-03-18 08:00:00,7.8,100,3.6,60,49,0,49
2002-03-18 09:00:00,8.0,100,5.7,70,69,0,69
2002-03-18 10:00:00,9.0,93,5.1,50,97,0,97
2002-03-18 11:00:00,8.9,96,3.1,30,119,0,119
2002-03-18 12:00:00,8.3,100,5.2,30,171,0,171
2002-03-18 13:00:00,8.3,97,5.2,60,275,12,266
2002-03-18 14:00:00,8.3,97,4.1,30,146,0,146
2002-03-18 15:00:00,8.3,97,3.1,30,154,0,154
2002-03-18 16:00:00,8.3,97,2.6,30,202,18,193
2002-03-18 17:00:00,7.8,96,2.1,20,100,0,100
2002-03-18 18:00:00,7.2,100,3.6,20,29,0,29
2002-03-18 19:00:00,7.2,97,3.1,360,0,0,0
2002-03-18 20:00:00,7.2,97,2.1,360,0,0,0
2002-03-18 21:00:00,7.2,97,2.6,10,0,0,0
2002-03-18 22:00:00,7.2,97,2.6,360,0,0,0
2002-03-18 23:00:00,6.7,100,3.1,350,0,0,0
2002-03-19 00:00:00,6.7,100,3.1,340,0,0,0
2002-03-19 01:00:00,6.7,100,2.1,350,0,0,0
2002-03-19 02:00:00,6.7,96,3.6,340,0,0,0
2002-03-19 03:00:00,7.0,93,2.1,330,0,0,0
2002-03-19 04:00:00,7.0,93,2.6,350,0,0,0
2002-03-19 05:00:00,6.7,93,4.6,360,0,0,0
2002-03-19 06:00:00,6.1,86,4.1,360,0,0,0
2002-03-19 07:00:00,6.7,85,2.6,360,0,0,0
2002-03-19 08:00:00,7.0,81,2.6,360,41,0,41
2002-03-19 09:00:00,7.2,76,3.1,20,124,0,124
2002-03-19 10:00:00,6.7,79,2.6,30,123,0,123
2002-03-19 11:00:00,7.8,73,3.6,30,144,0,144
2002-03-19 12:00:00,8.3,74,3.1,50,287,12,278
2002-03-19 13:00:00,9.4,68,3.1,80,412,54,370
2002-03-19 14:00:00,9.4,68,2.6,100,345,24,327
2002-03-19 15:00:00,9.4,68,3.1,80,364,101,300
2002-03-19 16:00:00,8.9,71,3.6,90,207,18,199
2002-03-19 17:00:00,8.3,74,3.1,110,105,0,105
2002-03-19 18:00:00,6.7,76,4.1,90,51,60,43
2002-03-19 19:00:00,6.1,79,2.6,90,0,0,0
2002-03-19 20:00:00,6.1,82,4.1,90,0,0,0
2002-03-19 21:00:00,6.1,82,3.1,100,0,0,0
2002-03-19 22:00:00,5.6,89,3.6,110,0,0,0
2002-03-19 23:00:00,5.6,92,1.5,120,0,0,0
2002-03-20 00:00:00,5.6,96,0.0,0,0,0,0
2002-03-20 01:00:00,5.6,96,3.6,80,0,0,0
2002-03-20 02:00:00,5.6,96,3.6,80,0,0,0
2002-03-20 03:00:00,6.1,97,0.0,0,0,0,0
2002-03-20 04:00:00,6.1,97,3.6,90,0,0,0
2002-03-20 05:00:00,6.7,100,5.2,80,0,0,0
2002-03-20 06:00:00,7.8,96,4.1,100,0,0,0
2002-03-20 07:00:00,8.0,100,5.7,100,0,0,0
2002-03-20 08:00:00,8.0,100,4.6,110,105,7,103
2002-03-20 09:00:00,8.9,100,6.7,130,69,0,69
2002-03-20 10:00:00,9.4,100,6.7,130,97,0,97
2002-03-20 11:00:00,10.6,100,7.2,140,119,0,119
2002-03-20 12:00:00,12.0,100,6.2,150,128,0,128
2002-03-20 13:00:00,13.3,97,5.7,170,131,0,131
2002-03-20 14:00:00,13.9,100,6.2,200,123,0,123
2002-03-20 15:00:00,13.9,100,5.7,230,102,0,102
2002-03-20 16:00:00,13.3,100,5.2,250,87,0,87
2002-03-20 17:00:00,11.7,100,5.2,250,50,0,50
2002-03-20 18:00:00,11.1,100,5.7,260,51,45,45
2002-03-20 19:00:00,10.0,100,6.7,280,0,0,0
2002-03-20 20:00:00,10.0,96,6.7,290,0,0,0
2002-03-20 21:00:00,9.4,97,6.7,310,0,0,0
2002-03-20 22:00:00,9.4,93,4.6,320,0,0,0
2002-03-20 23:00:00,9.4,90,5.2,330,0,0,0
2002-03-21 00:00:00,8.9,89,3.6,320,0,0,0
2002-03-21 01:00:00,8.3,90,3.6,340,0,0,0
2002-03-21 02:00:00,8.3,83,2.6,340,0,0,0
2002-03-21 03:00:00,7.8,82,2.6,320,0,0,0
2002-03-21 04:00:00,6.7,89,1.5,330,0,0,0
2002-03-21 05:00:00,5.6,92,2.1,330,0,0,0
2002-03-21 06:00:00,6.1,82,2.1,350,0,0,0
2002-03-21 07:00:00,6.1,79,0.0,0,0,0,0
2002-03-21 08:00:00,6.7,73,1.5,10,72,0,72
2002-03-21 09:00:00,7.2,70,0.0,0,137,0,137
2002-03-21 10:00:00,7.8,68,1.5,360,420,207,294
2002-03-21 11:00:00,8.3,65,0.0,0,369,79,312
2002-03-21 12:00:00,10.6,58,1.5,260,708,524,301
2002-03-21 13:00:00,11.1,57,3.1,250,663,438,319
2002-03-21 14:00:00,11.7,54,3.1,230,690,549,283
2002-03-21 15:00:00,11.7,54,4.6,250,654,760,164
2002-03-21 16:00:00,11.7,50,5.2,230,486,740,111
2002-03-21 17:00:00,11.7,56,4.1,260,286,628,76
2002-03-21 18:00:00,10.0,66,3.1,240,93,377,40
2002-03-21 19:00:00,7.8,76,1.5,190,0,0,0
2002-03-21 20:00:00,6.7,79,1.5,200,0,0,0
2002-03-21 21:00:00,6.1,86,1.5,190,0,0,0
2002-03-21 22:00:00,5.6,92,0.0,0,0,0,0
2002-03-21 23:00:00,5.0,76,9.8,320,0,0,0
2002-03-22 00:00:00,3.9,60,10.8,320,0,0,0
2002-03-22 01:00:00,1.7,64,9.8,320,0,0,0
2002-03-22 02:00:00,0.6,49,9.3,330,0,0,0
2002-03-22 03:00:00,-0.6,35,11.3,320,0,0,0
2002-03-22 04:00:00,-1.7,36,11.8,310,0,0,0
2002-03-22 05:00:00,-3.3,38,8.8,330,0,0,0
2002-03-22 06:00:00,-3.9,32,8.2,330,0,0,0
2002-03-22 07:00:00,-3.3,30,9.3,320,0,0,0
2002-03-22 08:00:00,-2.2,31,8.2,320,238,551,84
2002-03-22 09:00:00,-1.7,31,10.3,320,444,725,110
2002-03-22 10:00:00,-0.6,31,10.8,310,613,774,140
2002-03-22 11:00:00,0.6,35,11.8,310,749,828,153
2002-03-22 12:00:00,0.0,37,7.7,290,799,794,178
2002-03-22 13:00:00,1.7,32,10.8,310,842,869,156
2002-03-22 14:00:00,1.7,32,9.8,310,783,818,174
2002-03-22 15:00:00,2.2,31,8.8,300,598,558,235
2002-03-22 16:00:00,2.2,28,7.7,300,492,705,132
2002-03-22 17:00:00,1.7,28,6.7,300,292,640,76
2002-03-22 18:00:00,1.1,29,7.2,300,94,364,42
2002-03-22 19:00:00,-0.6,37,4.6,310,0,0,0
2002-03-22 20:00:00,-2.8,49,3.1,320,0,0,0
2002-03-22 21:00:00,-3.3,48,2.1,310,0,0,0
2002-03-22 22:00:00,-2.2,46,4.1,320,0,0,0
2002-03-22 23:00:00,-2.8,51,4.1,310,0,0,0
2002-03-23 00:00:00,-3.3,51,2.6,290,0,0,0
2002-03-23 01:00:00,-3.9,56,0.0,0,0,0,0
2002-03-23 02:00:00,-5.6,65,0.0,0,0,0,0
2002-03-23 03:00:00,-7.2,82,0.0,0,0,0,0
2002-03-23 04:00:00,-7.8,87,0.0,0,0,0,0
2002-03-23 05:00:00,-7.8,82,0.0,0,0,0,0
2002-03-23 06:00:00,-8.9,86,0.0,0,0,0,0
2002-03-23 07:00:00,-6.7,87,0.0,0,0,0,0
2002-03-23 08:00:00,-0.6,57,2.6,190,245,563,84
2002-03-23 09:00:00,2.8,42,5.7,250,450,737,107
2002-03-23 10:00:00,5.0,30,6.7,250,619,780,139
2002-03-23 11:00:00,5.6,31,7.2,230,755,864,129
2002-03-23 12:00:00,6.7,29,6.7,210,835,903,126
2002-03-23 13:00:00,7.2,31,6.2,250,842,899,128
2002-03-23 14:00:00,7.8,29,9.8,250,777,866,130
2002-03-23 15:00:00,8.3,30,6.7,230,660,837,114
2002-03-23 16:00:00,9.4,28,6.2,230,498,776,99
2002-03-23 17:00:00,8.9,28,6.2,240,298,652,75
2002-03-23 18:00:00,8.3,40,4.1,200,98,386,42
2002-03-23 19:00:00,6.1,51,2.1,210,0,0,0
2002-03-23 20:00:00,5.0,58,2.1,190,0,0,0
2002-03-23 21:00:00,4.4,63,2.1,180,0,0,0
2002-03-23 22:00:00,4.4,67,2.6,180,0,0,0
2002-03-23 23:00:00,5.6,67,4.1,200,0,0,0
2002-03-24 00:00:00,5.6,67,2.6,220,0,0,0
2002-03-24 01:00:00,2.8,75,1.5,330,0,0,0
2002-03-24 02:00:00,-0.6,88,0.0,0,0,0,0
2002-03-24 03:00:00,-3.3,91,0.0,0,0,0,0
2002-03-24 04:00:00,-2.8,91,0.0,0,0,0,0
2002-03-24 05:00:00,-3.3,91,0.0,0,0,0,0
2002-03-24 06:00:00,-5.0,91,0.0,0,0,0,0
2002-03-24 07:00:00,-2.2,95,0.0,0,0,0,0
2002-03-24 08:00:00,5.0,73,2.1,200,227,411,108
2002-03-24 09:00:00,8.9,49,2.6,220,340,266,215
2002-03-24 10:00:00,11.1,25,0.0,0,425,219,289
2002-03-24 11:00:00,12.8,23,3.1,120,761,749,214
2002-03-24 12:00:00,14.4,22,3.1,140,835,890,132
2002-03-24 13:00:00,15.6,24,4.1,150,848,905,126
2002-03-24 14:00:00,14.4,26,5.2,140,789,884,124
2002-03-24 15:00:00,14.4,35,5.7,130,666,843,113
2002-03-24 16:00:00,14.4,42,5.7,160,498,770,100
2002-03-24 17:00:00,12.2,54,5.2,140,298,641,77
2002-03-24 18:00:00,10.0,66,2.6,140,99,377,43
2002-03-24 19:00:00,7.8,71,2.1,130,0,0,0
2002-03-24 20:00:00,6.7,79,2.1,110,0,0,0
2002-03-24 21:00:00,6.7,82,2.1,120,0,0,0
2002-03-24 22:00:00,6.1,89,1.5,100,0,0,0
2002-03-24 23:00:00,2.8,96,0.0,0,0,0,0
2002-03-25 00:00:00,3.3,92,2.1,170,0,0,0
2002-03-25 01:00:00,10.0,63,3.1,210,0,0,0
2002-03-25 02:00:00,11.1,61,2.6,210,0,0,0
2002-03-25 03:00:00,11.7,61,2.6,210,0,0,0
2002-03-25 04:00:00,11.1,66,2.1,240,0,0,0
2002-03-25 05:00:00,7.2,82,0.0,0,0,0,0
2002-03-25 06:00:00,5.0,89,0.0,0,0,0,0
2002-03-25 07:00:00,5.0,93,0.0,0,0,0,0
2002-03-25 08:00:00,9.4,83,4.1,40,257,534,99
2002-03-25 09:00:00,10.6,68,5.2,40,428,588,149
2002-03-25 10:00:00,11.1,61,7.7,80,573,578,211
2002-03-25 11:00:00,11.7,59,4.6,50,767,798,181
2002-03-25 12:00:00,11.7,56,6.7,70,841,896,129
2002-03-25 13:00:00,10.6,63,7.7,70,836,869,139
2002-03-25 14:00:00,10.0,66,6.7,80,795,854,150
2002-03-25 15:00:00,8.9,71,5.2,70,655,766,149
2002-03-25 16:00:00,8.3,74,7.2,80,504,617,182
2002-03-25 17:00:00,7.8,79,6.2,80,147,40,133
2002-03-25 18:00:00,7.8,79,5.7,70,62,61,52
2002-03-25 19:00:00,7.2,82,5.7,70,0,0,0
2002-03-25 20:00:00,7.2,86,5.7,80,0,0,0
2002-03-25 21:00:00,7.2,86,4.1,70,0,0,0
2002-03-25 22:00:00,7.8,86,5.7,70,0,0,0
2002-03-25 23:00:00,7.8,89,3.1,50,0,0,0
2002-03-26 00:00:00,7.8,89,3.6,60,0,0,0
2002-03-26 01:00:00,7.8,89,4.6,60,0,0,0
2002-03-26 02:00:00,7.8,89,4.6,60,0,0,0
2002-03-26 03:00:00,7.8,93,4.1,70,0,0,0
2002-03-26 04:00:00,7.8,93,5.7,70,0,0,0
2002-03-26 05:00:00,7.8,96,5.2,70,0,0,0
2002-03-26 06:00:00,8.3,97,5.2,70,0,0,0
2002-03-26 07:00:00,8.3,100,4.1,70,18,0,18
2002-03-26 08:00:00,8.9,100,3.1,60,46,0,46
2002-03-26 09:00:00,9.4,100,6.2,70,75,0,75
2002-03-26 10:00:00,10.6,100,4.1,80,129,0,129
2002-03-26 11:00:00,11.7,100,3.6,80,243,6,239
2002-03-26 12:00:00,13.9,89,5.2,100,268,12,258
2002-03-26 13:00:00,16.7,84,2.6,130,424,48,385
2002-03-26 14:00:00,19.4,76,5.2,140,544,269,340
2002-03-26 15:00:00,19.4,79,5.7,180,234,18,222
2002-03-26 16:00:00,17.2,97,5.7,150,285,82,242
2002-03-26 17:00:00,17.2,93,4.6,160,177,57,157
2002-03-26 18:00:00,17.2,93,5.7,160,51,5,50
2002-03-26 19:00:00,17.2,90,7.7,170,0,0,0
2002-03-26 20:00:00,17.2,87,9.3,170,0,0,0
2002-03-26 21:00:00,17.2,87,6.7,180,0,0,0
2002-03-26 22:00:00,18.3,84,7.2,180,0,0,0
2002-03-26 23:00:00,18.3,90,3.1,210,0,0,0
2002-03-27 00:00:00,12.8,96,3.6,320,0,0,0
2002-03-27 01:00:00,12.8,96,0.0,0,0,0,0
2002-03-27 02:00:00,12.8,96,0.0,0,0,0,0
2002-03-27 03:00:00,12.2,100,0.0,0,0,0,0
2002-03-27 04:00:00,12.2,100,0.0,0,0,0,0
2002-03-27 05:00:00,11.1,89,3.1,340,0,0,0
2002-03-27 06:00:00,10.0,93,5.7,320,0,0,0
2002-03-27 07:00:00,8.9,83,4.1,320,34,0,34
2002-03-27 08:00:00,8.0,76,7.2,330,277,590,97
2002-03-27 09:00:00,8.9,71,8.8,320,447,636,138
2002-03-27 10:00:00,8.9,68,6.7,320,591,572,228
2002-03-27 11:00:00,9.4,68,5.7,330,548,266,351
2002-03-27 12:00:00,10.6,63,7.7,330,810,662,279
2002-03-27 13:00:00,10.0,63,5.7,310,430,90,357
2002-03-27 14:00:00,10.6,61,6.7,320,532,239,350
2002-03-27 15:00:00,11.7,56,7.2,310,655,683,200
2002-03-27 16:00:00,11.1,54,5.7,340,477,600,161
2002-03-27 17:00:00,8.9,61,7.2,310,310,551,115
2002-03-27 18:00:00,8.3,58,7.2,320,75,129,54
2002-03-27 19:00:00,7.8,63,3.6,320,0,0,0
2002-03-27 20:00:00,7.2,63,5.2,330,0,0,0
2002-03-27 21:00:00,6.1,65,1.5,360,0,0,0
2002-03-27 22:00:00,6.1,59,5.2,330,0,0,0
2002-03-27 23:00:00,4.4,67,3.6,330,0,0,0
2002-03-28 00:00:00,3.9,69,3.6,310,0,0,0
2002-03-28 01:00:00,5.0,61,4.1,320,0,0,0
2002-03-28 02:00:00,5.0,64,4.1,330,0,0,0
2002-03-28 03:00:00,4.4,67,4.1,330,0,0,0
2002-03-28 04:00:00,3.3,66,3.6,330,0,0,0
2002-03-28 05:00:00,3.3,66,3.1,320,0,0,0
2002-03-28 06:00:00,3.3,66,2.6,330,0,0,0
2002-03-28 07:00:00,3.9,63,3.1,330,48,0,48
2002-03-28 08:00:00,5.0,55,4.6,10,276,582,95
2002-03-28 09:00:00,6.1,51,4.6,360,480,753,110
2002-03-28 10:00:00,7.2,50,2.6,340,655,840,118
2002-03-28 11:00:00,8.9,45,3.1,330,779,864,133
2002-03-28 12:00:00,9.4,45,1.5,310,859,908,126
2002-03-28 13:00:00,10.6,44,3.6,290,866,905,129
2002-03-28 14:00:00,10.6,38,2.1,240,807,890,125
2002-03-28 15:00:00,11.7,35,1.5,190,684,850,115
2002-03-28 16:00:00,11.1,50,4.1,140,516,788,97
2002-03-28 17:00:00,10.0,56,4.6,160,315,677,74
2002-03-28 18:00:00,7.8,68,3.6,130,111,409,44
2002-03-28 19:00:00,5.6,79,2.6,150,0,0,0
2002-03-28 20:00:00,3.3,89,0.0,0,0,0,0
2002-03-28 21:00:00,1.7,92,2.6,120,0,0,0
2002-03-28 22:00:00,2.8,89,2.1,170,0,0,0
2002-03-28 23:00:00,3.3,92,1.5,220,0,0,0
2002-03-29 00:00:00,1.7,96,0.0,0,0,0,0
2002-03-29 01:00:00,1.7,96,0.0,0,0,0,0
2002-03-29 02:00:00,1.7,96,0.0,0,0,0,0
2002-03-29 03:00:00,2.2,96,0.0,0,0,0,0
2002-03-29 04:00:00,4.4,89,0.0,0,0,0,0
2002-03-29 05:00:00,4.4,93,0.0,0,0,0,0
2002-03-29 06:00:00,5.0,89,0.0,0,0,0,0
2002-03-29 07:00:00,5.6,89,1.5,130,30,0,30
2002-03-29 08:00:00,7.2,82,3.1,160,259,477,108
2002-03-29 09:00:00,10.6,63,4.1,230,459,617,153
2002-03-29 10:00:00,12.8,57,3.6,190,642,766,148
2002-03-29 11:00:00,13.9,51,4.6,210,785,834,158
2002-03-29 12:00:00,16.1,48,6.2,190,865,908,128
2002-03-29 13:00:00,17.2,48,4.6,210,872,911,127
2002-03-29 14:00:00,17.2,44,7.2,180,801,872,129
2002-03-29 15:00:00,17.2,41,6.7,190,684,844,116
2002-03-29 16:00:00,16.7,42,7.2,150,516,777,101
2002-03-29 17:00:00,14.4,46,7.7,150,316,660,78
2002-03-29 18:00:00,12.2,50,4.6,150,116,431,44
2002-03-29 19:00:00,10.6,58,5.2,150,0,0,0
2002-03-29 20:00:00,10.0,63,4.6,150,0,0,0
2002-03-29 21:00:00,10.6,68,5.2,150,0,0,0
2002-03-29 22:00:00,11.7,63,4.6,160,0,0,0
2002-03-29 23:00:00,12.8,69,5.7,170,0,0,0
2002-03-30 00:00:00,13.9,77,5.7,170,0,0,0
2002-03-30 01:00:00,15.6,83,5.2,180,0,0,0
2002-03-30 02:00:00,16.7,84,5.7,190,0,0,0
2002-03-30 03:00:00,16.7,86,9.3,190,0,0,0
2002-03-30 04:00:00,16.7,86,6.7,200,0,0,0
2002-03-30 05:00:00,16.7,90,6.2,200,0,0,0
2002-03-30 06:00:00,16.1,93,5.2,200,0,0,0
2002-03-30 07:00:00,17.2,87,5.2,200,29,0,29
2002-03-30 08:00:00,17.2,87,6.7,210,91,0,91
2002-03-30 09:00:00,17.8,84,6.2,220,101,0,101
2002-03-30 10:00:00,18.9,81,5.7,230,199,6,195
2002-03-30 11:00:00,20.6,70,5.7,250,311,12,302
2002-03-30 12:00:00,21.1,66,7.2,250,359,24,340
2002-03-30 13:00:00,21.1,66,6.2,240,651,306,400
2002-03-30 14:00:00,21.7,63,5.2,280,304,30,281
2002-03-30 15:00:00,22.2,59,4.1,270,228,12,220
2002-03-30 16:00:00,22.2,57,3.6,250,494,465,245
2002-03-30 17:00:00,22.2,59,0.0,0,235,201,162
2002-03-30 18:00:00,20.6,68,0.0,0,68,52,60
2002-03-30 19:00:00,18.3,76,1.5,60,0,0,0
2002-03-30 20:00:00,17.2,75,0.0,0,0,0,0
2002-03-30 21:00:00,15.6,78,3.1,110,0,0,0
2002-03-30 22:00:00,13.9,93,2.6,90,0,0,0
2002-03-30 23:00:00,13.3,93,2.1,70,0,0,0
2002-03-31 00:00:00,13.3,93,3.6,90,0,0,0
2002-03-31 01:00:00,13.3,97,2.6,350,0,0,0
2002-03-31 02:00:00,11.0,100,4.1,10,0,0,0
2002-03-31 03:00:00,11.1,100,5.2,30,0,0,0
2002-03-31 04:00:00,10.0,96,3.1,40,0,0,0
2002-03-31 05:00:00,10.0,93,2.1,40,0,0,0
2002-03-31 06:00:00,10.0,96,1.5,50,0,0,0
2002-03-31 07:00:00,10.0,89,1.5,60,14,0,14
2002-03-31 08:00:00,10.6,86,1.5,60,53,0,53
2002-03-31 09:00:00,11.1,80,3.6,70,94,0,94
2002-03-31 10:00:00,11.7,77,2.6,60,122,0,122
2002-03-31 11:00:00,12.2,74,3.1,80,143,0,143
2002-03-31 12:00:00,12.8,69,2.1,70,158,0,158
2002-03-31 13:00:00,12.8,66,4.1,80,167,0,167
2002-03-31 14:00:00,12.8,62,1.5,60,158,0,158
2002-03-31 15:00:00,12.8,66,0.0,0,143,0,143
2002-03-31 16:00:00,13.3,64,2.6,80,170,6,167
2002-03-31 17:00:00,12.8,64,4.6,90,51,0,51
2002-03-31 18:00:00,10.6,86,1.5,90,32,0,32
2002-03-31 19:00:00,10.0,93,4.6,110,0,0,0
2002-03-31 20:00:00,9.0,93,2.1,340,0,0,0
2002-03-31 21:00:00,8.9,96,1.5,30,0,0,0
2002-03-31 22:00:00,8.7,96,2.0,80,0,0,0
2002-03-31 23:00:00,8.4,97,2.5,330,0,0,0
2002-04-01 00:00:00,8.2,100,3.0,330,0,0,0
1994-04-01 01:00:00,7.9,96,3.6,340,0,0,0
1994-04-01 02:00:00,7.7,96,4.1,320,0,0,0
1994-04-01 03:00:00,7.4,96,4.6,320,0,0,0
1994-04-01 04:00:00,7.2,93,5.1,330,0,0,0
1994-04-01 05:00:00,6.6,97,4.6,340,0,0,0
1994-04-01 06:00:00,7.2,93,4.6,330,0,0,0
1994-04-01 07:00:00,7.2,93,5.1,340,65,27,62
1994-04-01 08:00:00,8.3,80,5.1,340,227,396,96
1994-04-01 09:00:00,10.0,63,7.7,340,490,697,135
1994-04-01 10:00:00,11.1,54,6.1,10,664,857,101
1994-04-01 11:00:00,12.2,48,6.1,350,796,896,112
1994-04-01 12:00:00,12.2,43,6.1,300,868,914,118
1994-04-01 13:00:00,13.3,47,6.6,360,875,916,118
1994-04-01 14:00:00,13.3,41,5.1,340,816,902,114
1994-04-01 15:00:00,13.8,39,6.6,320,697,870,104
1994-04-01 16:00:00,14.4,37,5.1,310,525,807,88
1994-04-01 17:00:00,13.8,35,5.1,310,320,688,66
1994-04-01 18:00:00,13.3,35,5.1,310,115,428,40
1994-04-01 19:00:00,10.0,54,0.0,0,4,35,3
1994-04-01 20:00:00,7.2,73,2.5,230,0,0,0
1994-04-01 21:00:00,6.1,79,0.0,0,0,0,0
1994-04-01 22:00:00,5.0,82,0.0,0,0,0,0
1994-04-01 23:00:00,6.1,67,0.0,0,0,0,0
1994-04-02 00:00:00,5.0,76,0.0,0,0,0,0
1994-04-02 01:00:00,5.5,76,0.0,0,0,0,0
1994-04-02 02:00:00,5.0,79,1.5,200,0,0,0
1994-04-02 03:00:00,5.0,82,1.5,170,0,0,0
1994-04-02 04:00:00,2.7,92,0.0,0,0,0,0
1994-04-02 05:00:00,2.7,92,0.0,0,0,0,0
1994-04-02 06:00:00,2.2,92,0.0,0,0,8,0
1994-04-02 07:00:00,5.5,97,0.0,0,82,322,37
1994-04-02 08:00:00,10.0,96,0.0,0,280,636,67
1994-04-02 09:00:00,15.0,86,0.0,0,491,778,92
1994-04-02 10:00:00,17.2,75,0.0,0,673,851,110
1994-04-02 11:00:00,18.3,75,4.1,240,805,890,122
1994-04-02 12:00:00,20.0,67,5.1,220,877,908,128
1994-04-02 13:00:00,20.0,67,5.1,240,883,909,129
1994-04-02 14:00:00,20.5,35,5.1,240,824,895,124
1994-04-02 15:00:00,20.0,37,5.1,240,702,860,113
1994-04-02 16:00:00,18.8,42,5.1,200,529,795,96
1994-04-02 17:00:00,17.2,48,5.1,200,321,671,72
1994-04-02 18:00:00,15.5,53,5.1,190,116,406,44
1994-04-02 19:00:00,14.4,62,5.1,180,5,30,3
1994-04-02 20:00:00,13.3,57,5.6,180,0,0,0
1994-04-02 21:00:00,12.2,54,5.1,180,0,0,0
1994-04-02 22:00:00,11.6,59,6.1,200,0,0,0
1994-04-02 23:00:00,11.1,63,5.1,200,0,0,0
1994-04-03 00:00:00,10.5,66,4.6,190,0,0,0
1994-04-03 01:00:00,10.5,69,4.1,180,0,0,0
1994-04-03 02:00:00,10.5,70,4.4,180,0,0,0
1994-04-03 03:00:00,10.5,71,4.6,180,0,0,0
1994-04-03 04:00:00,11.1,74,4.1,200,0,0,0
1994-04-03 05:00:00,12.2,77,4.1,190,0,0,0
1994-04-03 06:00:00,11.6,80,5.1,220,1,21,0
1994-04-03 07:00:00,12.7,80,5.1,220,77,261,40
1994-04-03 08:00:00,16.1,49,5.1,220,148,113,109
1994-04-03 09:00:00,17.2,46,5.1,220,294,97,243
1994-04-03 10:00:00,17.7,45,6.1,220,487,485,164
1994-04-03 11:00:00,19.8,39,6.9,220,752,692,219
1994-04-03 12:00:00,21.6,35,7.7,220,821,822,140
1994-04-03 13:00:00,22.2,34,7.7,220,592,185,438
1994-04-03 14:00:00,22.2,33,7.7,230,641,584,182
1994-04-03 15:00:00,22.7,32,7.7,220,340,36,315
1994-04-03 16:00:00,21.1,41,5.1,200,199,0,199
1994-04-03 17:00:00,18.3,46,5.1,200,126,0,126
1994-04-03 18:00:00,17.7,46,5.1,200,50,0,50
1994-04-03 19:00:00,16.6,52,5.1,200,3,0,3
1994-04-03 20:00:00,16.6,54,5.1,210,0,0,0
1994-04-03 21:00:00,16.6,54,5.6,210,0,0,0
1994-04-03 22:00:00,16.6,52,5.6,210,0,0,0
1994-04-03 23:00:00,13.8,75,8.2,360,0,0,0
1994-04-04 00:00:00,13.3,77,5.1,10,0,0,0
1994-04-04 01:00:00,12.2,80,4.1,20,0,0,0
1994-04-04 02:00:00,11.6,80,3.6,360,0,0,0
1994-04-04 03:00:00,11.1,86,3.6,340,0,0,0
1994-04-04 04:00:00,10.5,86,3.6,350,0,0,0
1994-04-04 05:00:00,10.0,86,5.1,360,0,0,0
1994-04-04 06:00:00,9.4,83,5.1,320,0,0,0
1994-04-04 07:00:00,8.8,80,6.1,340,30,0,30
1994-04-04 08:00:00,9.4,74,7.2,340,88,0,88
1994-04-04 09:00:00,9.4,71,5.6,10,148,0,148
1994-04-04 10:00:00,10.5,66,2.5,340,198,0,198
1994-04-04 11:00:00,11.6,61,3.0,340,402,173,268
1994-04-04 12:00:00,12.7,57,3.6,330,784,792,124
1994-04-04 13:00:00,13.8,49,2.5,320,771,684,199
1994-04-04 14:00:00,14.4,45,2.5,360,392,102,311
1994-04-04 15:00:00,15.0,40,4.1,330,579,652,128
1994-04-04 16:00:00,16.1,37,3.6,320,455,524,166
1994-04-04 17:00:00,15.5,35,3.0,330,324,650,79
1994-04-04 18:00:00,13.8,37,2.5,360,75,193,39
1994-04-04 19:00:00,8.8,74,2.5,180,7,64,4
1994-04-04 20:00:00,7.2,79,3.0,150,0,0,0
1994-04-04 21:00:00,6.1,85,0.0,0,0,0,0
1994-04-04 22:00:00,4.4,93,0.0,0,0,0,0
1994-04-04 23:00:00,3.8,93,0.0,0,0,0,0
1994-04-05 00:00:00,3.8,93,0.0,0,0,0,0
1994-04-05 01:00:00,3.3,96,0.0,0,0,0,0
1994-04-05 02:00:00,1.6,96,0.0,0,0,0,0
1994-04-05 03:00:00,1.1,96,0.0,0,0,0,0
1994-04-05 04:00:00,0.5,96,0.0,0,0,0,0
1994-04-05 05:00:00,0.0,95,2.5,120,0,0,0
1994-04-05 06:00:00,0.0,100,0.0,0,0,0,0
1994-04-05 07:00:00,1.6,100,0.0,0,39,0,39
1994-04-05 08:00:00,7.7,83,3.0,230,102,0,102
1994-04-05 09:00:00,12.2,50,4.6,210,177,0,177
1994-04-05 10:00:00,14.4,47,4.6,220,241,0,241
1994-04-05 11:00:00,16.6,42,4.1,240,286,0,286
1994-04-05 12:00:00,18.8,37,5.1,220,310,0,310
1994-04-05 13:00:00,19.4,37,5.1,230,312,0,312
1994-04-05 14:00:00,20.5,37,6.1,240,839,871,149
1994-04-05 15:00:00,21.1,38,5.1,230,682,678,211
1994-04-05 16:00:00,19.4,45,7.7,170,499,699,111
1994-04-05 17:00:00,17.7,43,6.1,180,299,531,97
1994-04-05 18:00:00,15.0,53,5.1,160,121,266,71
1994-04-05 19:00:00,12.7,62,4.1,170,3,0,3
1994-04-05 20:00:00,12.2,61,5.1,170,0,0,0
1994-04-05 21:00:00,12.2,54,5.1,180,0,0,0
1994-04-05 22:00:00,11.6,52,4.1,170,0,0,0
1994-04-05 23:00:00,13.3,77,4.1,160,0,0,0
1994-04-06 00:00:00,12.2,54,4.6,180,0,0,0
1994-04-06 01:00:00,13.3,64,5.1,200,0,0,0
1994-04-06 02:00:00,13.3,69,4.4,200,0,0,0
1994-04-06 03:00:00,13.3,74,3.6,190,0,0,0
1994-04-06 04:00:00,13.3,77,4.1,160,0,0,0
1994-04-06 05:00:00,13.8,75,4.1,180,0,0,0
1994-04-06 06:00:00,14.4,72,5.1,230,1,0,1
1994-04-06 07:00:00,14.4,81,6.1,220,41,0,41
1994-04-06 08:00:00,14.4,87,5.6,230,80,0,80
1994-04-06 09:00:00,15.0,90,5.1,220,113,0,113
1994-04-06 10:00:00,15.0,90,5.1,220,157,0,157
1994-04-06 11:00:00,15.5,93,5.1,220,225,0,225
1994-04-06 12:00:00,16.1,93,4.1,210,245,0,245
1994-04-06 13:00:00,16.6,90,4.1,180,172,0,172
1994-04-06 14:00:00,18.8,79,3.0,150,229,0,229
1994-04-06 15:00:00,18.3,84,0.0,0,194,0,194
1994-04-06 16:00:00,17.2,90,0.0,0,144,0,144
1994-04-06 17:00:00,16.6,97,0.0,0,86,0,86
1994-04-06 18:00:00,16.6,97,0.0,0,66,20,62
1994-04-06 19:00:00,16.6,93,0.0,0,6,0,6
1994-04-06 20:00:00,15.5,93,0.0,0,0,0,0
1994-04-06 21:00:00,14.4,96,0.0,0,0,0,0
1994-04-06 22:00:00,15.5,90,4.1,190,0,0,0
1994-04-06 23:00:00,15.5,90,5.1,180,0,0,0
1994-04-07 00:00:00,16.1,86,4.6,190,0,0,0
1994-04-07 01:00:00,16.6,87,5.1,180,0,0,0
1994-04-07 02:00:00,18.3,81,5.6,220,0,0,0
1994-04-07 03:00:00,19.4,70,7.2,250,0,0,0
1994-04-07 04:00:00,18.3,78,6.1,280,0,0,0
1994-04-07 05:00:00,11.6,93,5.1,360,0,0,0
1994-04-07 06:00:00,11.1,89,2.0,320,1,0,1
1994-04-07 07:00:00,11.6,93,3.6,270,59,29,55
1994-04-07 08:00:00,13.3,80,3.6,280,155,137,105
1994-04-07 09:00:00,13.3,74,6.1,300,273,80,230
1994-04-07 10:00:00,13.3,67,6.1,290,523,429,230
1994-04-07 11:00:00,12.2,50,5.6,290,561,232,378
1994-04-07 12:00:00,11.6,52,7.7,320,724,368,414
1994-04-07 13:00:00,10.5,52,9.2,320,857,691,272
1994-04-07 14:00:00,10.5,50,7.7,320,783,830,120
1994-04-07 15:00:00,11.6,46,7.7,300,629,673,158
1994-04-07 16:00:00,11.6,45,7.7,330,456,547,150
1994-04-07 17:00:00,11.7,45,7.7,320,275,445,103
1994-04-07 18:00:00,11.1,48,7.7,300,127,415,47
1994-04-07 19:00:00,10.0,47,5.1,300,7,39,5
1994-04-07 20:00:00,8.8,51,4.1,290,0,0,0
1994-04-07 21:00:00,8.3,53,3.6,290,0,0,0
1994-04-07 22:00:00,7.7,53,5.1,330,0,0,0
1994-04-07 23:00:00,7.2,54,3.6,320,0,0,0
1994-04-08 00:00:00,6.1,54,4.1,320,0,0,0
1994-04-08 01:00:00,5.5,54,3.6,330,0,0,0
1994-04-08 02:00:00,5.0,55,4.1,330,0,0,0
1994-04-08 03:00:00,3.8,60,3.6,350,0,0,0
1994-04-08 04:00:00,3.3,59,3.6,10,0,0,0
1994-04-08 05:00:00,2.7,57,3.0,10,0,0,0
1994-04-08 06:00:00,2.2,59,3.0,10,3,27,2
1994-04-08 07:00:00,3.8,57,4.1,360,110,408,41
1994-04-08 08:00:00,6.1,62,5.1,10,317,685,68
1994-04-08 09:00:00,7.2,57,5.1,20,531,812,92
1994-04-08 10:00:00,8.3,56,3.0,360,712,878,109
1994-04-08 11:00:00,10.0,50,3.0,100,843,913,121
1994-04-08 12:00:00,10.9,36,2.5,140,913,929,126
1994-04-08 13:00:00,11.6,25,2.0,180,917,930,126
1994-04-08 14:00:00,13.3,40,1.0,20,855,915,122
1994-04-08 15:00:00,13.3,40,3.0,350,731,882,111
1994-04-08 16:00:00,13.8,49,2.5,360,484,519,192
1994-04-08 17:00:00,12.2,52,4.1,140,318,585,90
1994-04-08 18:00:00,10.0,50,4.1,160,135,459,45
1994-04-08 19:00:00,7.2,57,3.6,160,8,52,6
1994-04-08 20:00:00,5.5,61,3.0,170,0,0,0
1994-04-08 21:00:00,4.4,60,2.5,180,0,0,0
1994-04-08 22:00:00,2.7,51,1.5,190,0,0,0
1994-04-08 23:00:00,2.2,71,1.5,180,0,0,0
1994-04-09 00:00:00,1.6,77,2.0,190,0,0,0
1994-04-09 01:00:00,0.5,84,2.0,160,0,0,0
1994-04-09 02:00:00,0.0,87,2.0,130,0,0,0
1994-04-09 03:00:00,-0.6,87,2.0,100,0,0,0
1994-04-09 04:00:00,-1.2,87,1.5,110,0,0,0
1994-04-09 05:00:00,-1.2,87,2.0,130,0,0,0
1994-04-09 06:00:00,-1.7,87,0.0,0,5,55,3
1994-04-09 07:00:00,3.3,57,2.0,140,119,488,35
1994-04-09 08:00:00,8.3,73,4.1,160,321,603,99
1994-04-09 09:00:00,11.6,50,5.1,160,435,647,83
1994-04-09 10:00:00,14.4,39,5.1,210,651,770,119
1994-04-09 11:00:00,16.6,34,5.1,210,649,627,151
1994-04-09 12:00:00,17.2,38,5.1,210,808,639,265
1994-04-09 13:00:00,17.2,46,7.7,220,681,545,215
1994-04-09 14:00:00,18.3,46,6.6,220,796,866,100
1994-04-09 15:00:00,18.3,50,5.1,220,660,582,248
1994-04-09 16:00:00,18.3,52,6.1,220,500,560,183
1994-04-09 17:00:00,17.7,54,7.7,200,320,529,112
1994-04-09 18:00:00,16.1,57,6.1,200,107,194,69
1994-04-09 19:00:00,15.0,62,5.1,190,12,23,10
1994-04-09 20:00:00,13.8,67,5.1,190,0,0,0
1994-04-09 21:00:00,13.8,69,5.1,200,0,0,0
1994-04-09 22:00:00,15.5,67,6.6,200,0,0,0
1994-04-09 23:00:00,16.1,64,7.7,200,0,0,0
1994-04-10 00:00:00,16.1,64,7.7,210,0,0,0
1994-04-10 01:00:00,16.6,62,8.2,210,0,0,0
1994-04-10 02:00:00,17.2,63,9.7,210,0,0,0
1994-04-10 03:00:00,16.6,65,8.2,210,0,0,0
1994-04-10 04:00:00,16.6,67,8.2,230,0,0,0
1994-04-10 05:00:00,16.6,67,7.2,220,0,0,0
1994-04-10 06:00:00,16.1,69,5.1,230,2,0,2
1994-04-10 07:00:00,16.1,72,6.1,200,79,17,76
1994-04-10 08:00:00,17.7,65,5.1,220,146,43,130
1994-04-10 09:00:00,19.4,59,7.7,220,204,46,179
1994-04-10 10:00:00,20.0,57,9.2,230,366,144,266
1994-04-10 11:00:00,20.0,61,10.2,220,234,0,234
1994-04-10 12:00:00,20.0,63,9.2,220,253,0,253
1994-04-10 13:00:00,22.7,51,10.2,230,544,145,420
1994-04-10 14:00:00,23.3,50,10.2,230,404,81,339
1994-04-10 15:00:00,22.7,51,7.7,220,203,0,203
1994-04-10 16:00:00,22.2,53,6.1,220,155,0,155
1994-04-10 17:00:00,21.1,63,6.1,220,96,0,96
1994-04-10 18:00:00,21.1,61,6.1,220,38,0,38
1994-04-10 19:00:00,20.5,63,5.1,220,5,0,5
1994-04-10 20:00:00,20.5,63,5.1,220,0,0,0
1994-04-10 21:00:00,19.4,73,6.6,340,0,0,0
1994-04-10 22:00:00,18.3,81,6.1,330,0,0,0
1994-04-10 23:00:00,17.2,84,4.1,10,0,0,0
1994-04-11 00:00:00,15.5,78,4.6,360,0,0,0
1994-04-11 01:00:00,14.4,81,4.1,10,0,0,0
1994-04-11 02:00:00,13.8,80,3.6,10,0,0,0
1994-04-11 03:00:00,13.3,77,3.6,20,0,0,0
1994-04-11 04:00:00,12.7,77,4.1,20,0,0,0
1994-04-11 05:00:00,11.1,83,3.0,10,0,0,0
1994-04-11 06:00:00,10.5,83,2.5,10,3,0,3
1994-04-11 07:00:00,11.1,74,4.1,30,35,0,35
1994-04-11 08:00:00,11.6,64,4.6,30,92,0,92
1994-04-11 09:00:00,11.6,64,3.6,30,152,0,152
1994-04-11 10:00:00,12.2,48,5.1,50,486,204,343
1994-04-11 11:00:00,13.3,43,4.6,70,583,321,326
1994-04-11 12:00:00,15.0,39,3.6,60,742,523,294
1994-04-11 13:00:00,16.6,36,1.5,90,580,139,461
1994-04-11 14:00:00,17.2,34,3.0,120,607,360,315
1994-04-11 15:00:00,15.5,67,4.1,140,206,0,206
1994-04-11 16:00:00,14.4,67,5.1,150,158,0,158
1994-04-11 17:00:00,12.2,71,3.0,150,99,0,99
1994-04-11 18:00:00,11.6,69,2.5,170,40,0,40
1994-04-11 19:00:00,10.5,77,2.5,200,5,0,5
1994-04-11 20:00:00,10.5,77,2.5,200,0,0,0
1994-04-11 21:00:00,10.0,86,2.0,180,0,0,0
1994-04-11 22:00:00,10.0,83,2.0,170,0,0,0
1994-04-11 23:00:00,9.4,71,0.0,0,0,0,0
1994-04-12 00:00:00,10.0,54,0.0,0,0,0,0
1994-04-12 01:00:00,10.0,56,0.0,0,0,0,0
1994-04-12 02:00:00,10.0,60,0.0,0,0,0,0
1994-04-12 03:00:00,10.0,54,0.0,0,0,0,0
1994-04-12 04:00:00,9.4,58,2.0,170,0,0,0
1994-04-12 05:00:00,10.0,60,2.5,140,0,0,0
1994-04-12 06:00:00,9.4,71,2.0,170,3,0,3
1994-04-12 07:00:00,10.5,66,1.5,110,39,0,39
1994-04-12 08:00:00,10.0,74,1.5,40,89,0,89
1994-04-12 09:00:00,10.0,77,2.5,60,149,0,149
1994-04-12 10:00:00,11.1,71,4.1,110,199,0,199
1994-04-12 11:00:00,11.1,83,4.1,110,197,0,197
1994-04-12 12:00:00,11.1,86,4.6,110,212,0,212
1994-04-12 13:00:00,11.6,90,5.1,120,213,0,213
1994-04-12 14:00:00,12.7,86,4.1,100,166,0,166
1994-04-12 15:00:00,13.8,84,5.1,120,490,333,251
1994-04-12 16:00:00,14.4,81,4.1,130,129,0,129
1994-04-12 17:00:00,13.3,87,5.1,140,66,0,66
1994-04-12 18:00:00,13.3,89,2.5,180,29,0,29
1994-04-12 19:00:00,12.5,93,2.8,150,4,0,4
1994-04-12 20:00:00,12.2,93,3.0,120,0,0,0
1994-04-12 21:00:00,11.6,97,3.0,110,0,0,0
1994-04-12 22:00:00,11.6,97,2.5,130,0,0,0
1994-04-12 23:00:00,12.7,97,2.5,160,0,0,0
1994-04-13 00:00:00,13.8,93,3.0,170,0,0,0
1994-04-13 01:00:00,16.1,86,4.1,200,0,0,0
1994-04-13 02:00:00,17.2,80,4.6,210,0,0,0
1994-04-13 03:00:00,18.3,73,6.6,210,0,0,0
1994-04-13 04:00:00,18.3,73,7.2,190,0,0,0
1994-04-13 05:00:00,17.7,78,6.1,200,0,0,0
1994-04-13 06:00:00,17.7,81,5.1,190,4,0,4
1994-04-13 07:00:00,17.2,84,4.6,180,51,0,51
1994-04-13 08:00:00,18.8,79,5.1,210,96,0,96
1994-04-13 09:00:00,20.0,78,5.6,220,146,0,146
1994-04-13 10:00:00,19.2,85,5.4,200,197,0,197
1994-04-13 11:00:00,18.3,93,5.1,180,196,0,196
1994-04-13 12:00:00,18.3,93,6.1,190,213,0,213
1994-04-13 13:00:00,18.3,93,5.1,210,213,0,213
1994-04-13 14:00:00,18.8,93,6.1,230,198,0,198
1994-04-13 15:00:00,18.3,93,8.7,230,168,0,168
1994-04-13 16:00:00,20.0,90,4.6,220,126,0,126
1994-04-13 17:00:00,21.6,82,7.7,220,181,82,148
1994-04-13 18:00:00,21.6,82,5.1,220,80,27,74
1994-04-13 19:00:00,20.0,87,7.7,220,9,0,9
1994-04-13 20:00:00,20.5,87,9.2,220,0,0,0
1994-04-13 21:00:00,20.7,87,9.2,220,0,0,0
1994-04-13 22:00:00,21.1,84,9.2,220,0,0,0
1994-04-13 23:00:00,17.7,81,10.2,350,0,0,0
1994-04-14 00:00:00,14.4,93,3.0,80,0,0,0
1994-04-14 01:00:00,14.4,93,3.6,110,0,0,0
1994-04-14 02:00:00,13.8,93,2.5,70,0,0,0
1994-04-14 03:00:00,12.7,97,0.0,0,0,0,0
1994-04-14 04:00:00,11.1,100,0.0,0,0,0,0
1994-04-14 05:00:00,10.5,100,0.0,0,0,0,0
1994-04-14 06:00:00,10.5,97,0.0,0,6,0,6
1994-04-14 07:00:00,12.2,93,0.0,0,49,0,49
1994-04-14 08:00:00,16.6,81,2.5,180,115,0,115
1994-04-14 09:00:00,20.0,63,0.0,0,531,734,116
1994-04-14 10:00:00,21.1,42,0.0,0,707,803,137
1994-04-14 11:00:00,21.6,41,3.6,230,833,841,150
1994-04-14 12:00:00,23.3,38,5.6,220,901,858,156
1994-04-14 13:00:00,23.8,60,5.1,220,904,860,157
1994-04-14 14:00:00,23.8,64,5.1,220,842,844,151
1994-04-14 15:00:00,23.8,64,7.7,220,721,809,138
1994-04-14 16:00:00,23.8,64,7.7,220,549,744,118
1994-04-14 17:00:00,23.8,62,7.7,240,344,625,90
1994-04-14 18:00:00,23.3,60,5.1,200,139,388,56
1994-04-14 19:00:00,19.4,68,3.6,170,12,38,9
1994-04-14 20:00:00,17.2,78,5.1,200,0,0,0
1994-04-14 21:00:00,16.6,87,4.1,200,0,0,0
1994-04-14 22:00:00,16.1,80,3.6,200,0,0,0
1994-04-14 23:00:00,15.0,66,3.0,210,0,0,0
1994-04-15 00:00:00,14.4,69,3.6,210,0,0,0
1994-04-15 01:00:00,14.4,72,4.1,220,0,0,0
1994-04-15 02:00:00,15.0,72,3.6,220,0,0,0
1994-04-15 03:00:00,15.5,72,3.6,230,0,0,0
1994-04-15 04:00:00,13.8,78,3.6,210,0,0,0
1994-04-15 05:00:00,13.3,83,0.0,0,0,0,0
1994-04-15 06:00:00,12.2,86,0.0,0,9,52,7
1994-04-15 07:00:00,16.1,78,4.1,220,136,445,47
1994-04-15 08:00:00,20.0,57,5.1,230,343,681,74
1994-04-15 09:00:00,23.3,44,5.1,220,550,794,98
1994-04-15 10:00:00,25.0,40,5.6,200,724,854,115
1994-04-15 11:00:00,27.2,33,4.1,240,848,886,126
1994-04-15 12:00:00,27.2,31,7.2,230,914,900,131
1994-04-15 13:00:00,27.7,26,7.7,220,814,730,177
1994-04-15 14:00:00,27.7,26,5.1,220,809,834,123
1994-04-15 15:00:00,27.7,30,5.1,210,649,679,158
1994-04-15 16:00:00,25.5,36,5.1,200,247,11,241
1994-04-15 17:00:00,22.2,41,5.1,190,129,0,129
1994-04-15 18:00:00,20.5,40,5.1,180,55,0,55
1994-04-15 19:00:00,20.0,36,5.1,180,9,0,9
1994-04-15 20:00:00,19.4,39,5.1,180,0,0,0
1994-04-15 21:00:00,18.8,54,5.1,190,0,0,0
1994-04-15 22:00:00,19.4,61,5.1,210,0,0,0
1994-04-15 23:00:00,21.1,61,5.1,200,0,0,0
1994-04-16 00:00:00,20.0,73,5.4,210,0,0,0
1994-04-16 01:00:00,20.5,73,5.6,220,0,0,0
1994-04-16 02:00:00,21.6,76,7.7,220,0,0,0
1994-04-16 03:00:00,21.1,84,7.7,220,0,0,0
1994-04-16 04:00:00,21.6,82,7.7,210,0,0,0
1994-04-16 05:00:00,21.1,84,6.1,220,0,0,0
1994-04-16 06:00:00,21.6,82,5.1,230,5,0,5
1994-04-16 07:00:00,21.1,87,5.1,190,34,0,34
1994-04-16 08:00:00,21.6,84,6.1,210,83,0,83
1994-04-16 09:00:00,20.0,78,7.7,280,158,0,158
1994-04-16 10:00:00,15.0,86,6.1,340,207,0,207
1994-04-16 11:00:00,13.3,77,6.1,340,242,0,242
1994-04-16 12:00:00,13.8,72,6.1,330,260,0,260
1994-04-16 13:00:00,15.5,67,3.6,320,260,0,260
1994-04-16 14:00:00,17.3,59,3.9,320,845,710,259
1994-04-16 15:00:00,18.8,54,4.1,310,638,691,137
1994-04-16 16:00:00,18.8,54,2.0,310,534,687,133
1994-04-16 17:00:00,20.0,53,4.1,300,332,543,108
1994-04-16 18:00:00,19.4,47,4.1,290,155,249,100
1994-04-16 19:00:00,17.7,48,4.1,300,14,59,10
1994-04-16 20:00:00,15.5,38,2.0,340,0,0,0
1994-04-16 21:00:00,12.2,66,0.0,0,0,0,0
1994-04-16 22:00:00,13.8,47,3.6,290,0,0,0
1994-04-16 23:00:00,12.2,48,3.0,260,0,0,0
1994-04-17 00:00:00,12.2,45,3.0,270,0,0,0
1994-04-17 01:00:00,9.4,58,3.6,250,0,0,0
1994-04-17 02:00:00,11.1,50,5.1,260,0,0,0
1994-04-17 03:00:00,12.2,47,5.6,280,0,0,0
1994-04-17 04:00:00,11.1,52,4.1,260,0,0,0
1994-04-17 05:00:00,9.4,58,3.6,260,0,0,0
1994-04-17 06:00:00,5.5,82,0.0,0,13,101,8
1994-04-17 07:00:00,10.0,71,0.0,0,151,534,40
1994-04-17 08:00:00,14.4,49,2.5,260,362,745,61
1994-04-17 09:00:00,17.2,43,5.1,220,568,845,80
1994-04-17 10:00:00,18.8,30,6.1,270,686,779,125
1994-04-17 11:00:00,19.4,32,7.7,240,769,763,142
1994-04-17 12:00:00,20.0,53,7.7,240,827,753,168
1994-04-17 13:00:00,21.1,61,9.2,240,659,348,354
1994-04-17 14:00:00,20.5,57,10.2,260,665,539,219
1994-04-17 15:00:00,21.1,59,7.7,260,441,192,301
1994-04-17 16:00:00,21.6,57,6.1,260,436,247,291
1994-04-17 17:00:00,20.5,57,5.1,270,362,599,114
1994-04-17 18:00:00,20.0,54,4.1,320,144,377,61
1994-04-17 19:00:00,16.6,67,0.0,0,19,61,15
1994-04-17 20:00:00,13.3,87,0.0,0,0,0,0
1994-04-17 21:00:00,11.6,86,0.0,0,0,0,0
1994-04-17 22:00:00,10.0,100,0.0,0,0,0,0
1994-04-17 23:00:00,8.8,86,0.0,0,0,0,0
1994-04-18 00:00:00,7.2,86,0.0,0,0,0,0
1994-04-18 01:00:00,6.6,79,0.0,0,0,0,0
1994-04-18 02:00:00,5.5,86,0.0,0,0,0,0
1994-04-18 03:00:00,4.4,86,0.0,0,0,0,0
1994-04-18 04:00:00,11.1,46,3.0,350,0,0,0
1994-04-18 05:00:00,9.4,54,3.0,350,0,0,0
1994-04-18 06:00:00,9.4,52,2.5,290,11,19,10
1994-04-18 07:00:00,11.1,56,2.0,220,131,316,63
1994-04-18 08:00:00,15.0,31,6.1,340,334,563,105
1994-04-18 09:00:00,16.6,21,5.1,320,543,694,140
1994-04-18 10:00:00,17.7,17,5.1,320,720,767,165
1994-04-18 11:00:00,18.3,17,5.6,320,847,807,181
1994-04-18 12:00:00,18.3,18,6.1,320,913,825,188
1994-04-18 13:00:00,19.4,20,5.6,320,914,825,188
1994-04-18 14:00:00,20.0,19,4.1,300,410,31,384
1994-04-18 15:00:00,20.5,21,4.1,340,361,142,256
1994-04-18 16:00:00,20.5,24,5.1,200,528,583,184
1994-04-18 17:00:00,20.5,22,4.1,260,335,499,127
1994-04-18 18:00:00,18.3,33,5.1,230,110,208,63
1994-04-18 19:00:00,16.1,36,4.1,180,13,17,12
1994-04-18 20:00:00,14.4,47,4.1,200,0,0,0
1994-04-18 21:00:00,13.8,43,5.1,190,0,0,0
1994-04-18 22:00:00,13.3,47,4.1,190,0,0,0
1994-04-18 23:00:00,12.7,72,4.6,190,0,0,0
1994-04-19 00:00:00,13.8,72,5.6,200,0,0,0
1994-04-19 01:00:00,14.4,81,4.6,170,0,0,0
1994-04-19 02:00:00,15.0,80,4.1,210,0,0,0
1994-04-19 03:00:00,16.1,83,5.1,200,0,0,0
1994-04-19 04:00:00,16.6,75,7.2,210,0,0,0
1994-04-19 05:00:00,16.1,78,6.1,220,0,0,0
1994-04-19 06:00:00,16.6,87,6.1,220,10,0,10
1994-04-19 07:00:00,17.7,90,6.1,230,73,16,69
1994-04-19 08:00:00,20.0,90,6.1,220,297,389,137
1994-04-19 09:00:00,21.6,46,6.1,240,475,494,185
1994-04-19 10:00:00,24.4,42,6.1,240,688,575,269
1994-04-19 11:00:00,25.5,35,7.7,230,626,155,498
1994-04-19 12:00:00,26.1,39,6.1,240,738,484,311
1994-04-19 13:00:00,27.2,26,5.6,220,517,81,445
1994-04-19 14:00:00,27.7,25,5.6,240,272,75,210
1994-04-19 15:00:00,28.8,27,6.1,240,670,591,237
1994-04-19 16:00:00,28.8,29,5.6,250,423,425,172
1994-04-19 17:00:00,28.3,23,7.7,240,330,368,175
1994-04-19 18:00:00,26.1,28,5.6,240,129,229,77
1994-04-19 19:00:00,25.0,29,5.6,240,14,3,14
1994-04-19 20:00:00,23.8,28,5.1,240,0,0,0
1994-04-19 21:00:00,23.8,28,5.1,240,0,0,0
1994-04-19 22:00:00,22.7,43,7.2,240,0,0,0
1994-04-19 23:00:00,21.6,51,4.1,260,0,0,0
1994-04-20 00:00:00,21.1,53,3.6,230,0,0,0
1994-04-20 01:00:00,20.5,53,5.1,240,0,0,0
1994-04-20 02:00:00,20.0,54,3.0,250,0,0,0
1994-04-20 03:00:00,19.4,59,4.1,260,0,0,0
1994-04-20 04:00:00,17.7,65,2.5,340,0,0,0
1994-04-20 05:00:00,17.2,60,3.0,10,0,0,0
1994-04-20 06:00:00,16.6,52,4.1,20,12,2,12
1994-04-20 07:00:00,17.7,45,4.1,40,109,41,99
1994-04-20 08:00:00,18.8,40,2.5,360,356,555,126
1994-04-20 09:00:00,19.4,32,7.2,350,560,766,109
1994-04-20 10:00:00,20.0,28,5.1,320,732,828,127
1994-04-20 11:00:00,21.6,26,5.1,350,855,862,139
1994-04-20 12:00:00,21.6,27,5.1,320,920,877,144
1994-04-20 13:00:00,21.6,26,5.1,300,922,878,144
1994-04-20 14:00:00,21.6,23,5.1,280,860,864,139
1994-04-20 15:00:00,21.6,24,5.1,280,740,832,128
1994-04-20 16:00:00,22.2,25,5.1,320,365,177,260
1994-04-20 17:00:00,22.2,24,3.0,300,131,49,110
1994-04-20 18:00:00,21.1,29,3.0,360,98,169,59
1994-04-20 19:00:00,15.5,50,4.1,150,17,71,13
1994-04-20 20:00:00,13.8,55,2.5,140,0,0,0
1994-04-20 21:00:00,11.6,64,1.5,140,0,0,0
1994-04-20 22:00:00,10.5,71,0.0,0,0,0,0
1994-04-20 23:00:00,10.0,77,0.0,0,0,0,0
1994-04-21 00:00:00,8.8,80,0.0,0,0,0,0
1994-04-21 01:00:00,8.3,83,0.0,0,0,0,0
1994-04-21 02:00:00,8.6,86,0.0,0,0,0,0
1994-04-21 03:00:00,8.8,90,0.0,0,0,0,0
1994-04-21 04:00:00,9.4,83,0.0,0,0,0,0
1994-04-21 05:00:00,9.4,71,2.5,10,0,0,0
1994-04-21 06:00:00,10.0,63,4.1,80,11,1,11
1994-04-21 07:00:00,10.5,66,2.5,60,157,247,101
1994-04-21 08:00:00,12.7,57,2.5,120,163,56,140
1994-04-21 09:00:00,13.8,53,0.0,0,164,0,164
1994-04-21 10:00:00,15.0,51,0.0,0,212,0,212
1994-04-21 11:00:00,16.1,46,2.0,350,246,0,246
1994-04-21 12:00:00,17.7,38,2.0,310,264,0,264
1994-04-21 13:00:00,18.3,33,6.1,300,499,97,413
1994-04-21 14:00:00,18.8,45,5.1,300,829,788,169
1994-04-21 15:00:00,19.2,47,5.1,310,708,756,150
1994-04-21 16:00:00,19.4,47,5.1,320,539,695,123
1994-04-21 17:00:00,18.8,45,5.1,330,142,27,131
1994-04-21 18:00:00,17.7,46,5.1,330,149,349,67
1994-04-21 19:00:00,15.0,55,2.5,330,13,6,12
1994-04-21 20:00:00,11.6,86,0.0,0,0,0,0
1994-04-21 21:00:00,10.5,93,0.0,0,0,0,0
1994-04-21 22:00:00,10.0,92,0.0,0,0,0,0
1994-04-21 23:00:00,9.4,66,0.0,0,0,0,0
1994-04-22 00:00:00,11.6,52,2.0,240,0,0,0
1994-04-22 01:00:00,10.0,74,0.0,0,0,0,0
1994-04-22 02:00:00,11.1,59,5.6,330,0,0,0
1994-04-22 03:00:00,11.6,45,4.1,330,0,0,0
1994-04-22 04:00:00,10.5,48,6.6,360,0,0,0
1994-04-22 05:00:00,10.0,47,3.6,30,0,0,0
1994-04-22 06:00:00,7.7,65,4.1,40,14,3,13
1994-04-22 07:00:00,7.2,70,4.1,30,45,0,45
1994-04-22 08:00:00,7.2,73,0.0,0,103,0,103
1994-04-22 09:00:00,7.2,82,2.5,190,162,0,162
1994-04-22 10:00:00,7.7,76,2.5,360,211,0,211
1994-04-22 11:00:00,9.4,66,2.5,360,245,0,245
1994-04-22 12:00:00,11.1,56,2.5,30,553,85,477
1994-04-22 13:00:00,13.3,27,0.0,0,434,95,349
1994-04-22 14:00:00,15.0,26,5.1,40,822,736,204
1994-04-22 15:00:00,17.7,21,3.6,50,684,613,230
1994-04-22 16:00:00,16.1,21,4.1,340,572,722,139
1994-04-22 17:00:00,16.6,21,3.0,360,348,615,86
1994-04-22 18:00:00,12.7,40,3.0,170,165,378,76
1994-04-22 19:00:00,10.0,50,1.5,170,19,69,14
1994-04-22 20:00:00,7.7,65,0.0,0,0,0,0
1994-04-22 21:00:00,5.5,76,0.0,0,0,0,0
1994-04-22 22:00:00,4.4,82,0.0,0,0,0,0
1994-04-22 23:00:00,3.3,85,0.0,0,0,0,0
1994-04-23 00:00:00,2.7,89,0.0,0,0,0,0
1994-04-23 01:00:00,2.2,92,0.0,0,0,0,0
1994-04-23 02:00:00,2.7,92,0.0,0,0,0,0
1994-04-23 03:00:00,2.7,89,2.0,30,0,0,0
1994-04-23 04:00:00,2.2,89,0.0,0,0,0,0
1994-04-23 05:00:00,3.8,76,2.5,40,0,0,0
1994-04-23 06:00:00,2.2,85,0.0,0,19,82,13
1994-04-23 07:00:00,7.7,65,0.0,0,166,474,54
1994-04-23 08:00:00,11.1,52,3.6,60,378,690,84
1994-04-23 09:00:00,12.7,31,5.1,60,587,798,108
1994-04-23 10:00:00,13.3,30,2.0,60,761,858,126
1994-04-23 11:00:00,14.4,30,2.5,140,886,891,137
1994-04-23 12:00:00,15.0,31,0.0,0,951,905,142
1994-04-23 13:00:00,16.6,48,0.0,0,951,906,142
1994-04-23 14:00:00,17.2,52,2.0,240,887,891,137
1994-04-23 15:00:00,15.5,60,4.1,180,764,859,126
1994-04-23 16:00:00,15.5,62,4.1,190,590,799,108
1994-04-23 17:00:00,14.4,67,3.0,170,382,692,84
1994-04-23 18:00:00,13.3,72,2.5,140,143,352,59
1994-04-23 19:00:00,10.5,71,4.1,180,26,9,25
1994-04-23 20:00:00,8.8,77,5.1,180,0,0,0
1994-04-23 21:00:00,7.7,83,2.5,180,0,0,0
1994-04-23 22:00:00,7.2,93,4.1,210,0,0,0
1994-04-23 23:00:00,7.2,82,3.0,210,0,0,0
1994-04-24 00:00:00,6.6,73,3.6,220,0,0,0
1994-04-24 01:00:00,6.1,79,3.0,210,0,0,0
1994-04-24 02:00:00,6.1,79,3.6,210,0,0,0
1994-04-24 03:00:00,7.2,79,3.6,220,0,0,0
1994-04-24 04:00:00,6.6,82,3.6,220,0,0,0
1994-04-24 05:00:00,5.5,89,3.6,220,0,0,0
1994-04-24 06:00:00,7.2,82,3.0,220,16,11,16
1994-04-24 07:00:00,11.6,66,3.6,230,107,121,78
1994-04-24 08:00:00,15.0,51,3.6,260,210,40,192
1994-04-24 09:00:00,16.6,46,6.6,260,394,228,257
1994-04-24 10:00:00,18.3,45,6.6,260,597,204,445
1994-04-24 11:00:00,20.0,42,6.1,260,581,169,437
1994-04-24 12:00:00,22.7,34,6.6,230,637,149,504
1994-04-24 13:00:00,23.3,34,5.1,230,398,87,319
1994-04-24 14:00:00,24.4,26,5.1,250,618,361,313
1994-04-24 15:00:00,25.0,26,7.7,260,700,648,217
1994-04-24 16:00:00,25.0,26,7.7,240,527,532,206
1994-04-24 17:00:00,25.0,29,5.1,230,353,526,125
1994-04-24 18:00:00,23.3,32,4.1,230,148,297,77
1994-04-24 19:00:00,20.0,43,3.0,210,18,21,17
1994-04-24 20:00:00,17.2,52,3.0,210,0,0,0
1994-04-24 21:00:00,16.6,52,4.1,210,0,0,0
1994-04-24 22:00:00,15.5,62,3.6,230,0,0,0
1994-04-24 23:00:00,15.0,66,3.6,220,0,0,0
1994-04-25 00:00:00,17.7,56,4.1,250,0,0,0
1994-04-25 01:00:00,18.3,54,4.6,250,0,0,0
1994-04-25 02:00:00,16.9,61,4.1,250,0,0,0
1994-04-25 03:00:00,15.5,70,3.6,240,0,0,0
1994-04-25 04:00:00,13.8,78,0.0,0,0,0,0
1994-04-25 05:00:00,12.8,82,1.0,300,0,0,0
1994-04-25 06:00:00,12.2,86,2.0,230,26,168,14
1994-04-25 07:00:00,16.6,72,2.5,260,185,583,44
1994-04-25 08:00:00,20.0,58,2.5,270,397,766,65
1994-04-25 09:00:00,23.8,46,3.6,270,602,856,83
1994-04-25 10:00:00,26.6,42,5.1,300,772,905,96
1994-04-25 11:00:00,27.7,41,4.1,290,893,931,105
1994-04-25 12:00:00,28.3,53,2.5,340,956,943,109
1994-04-25 13:00:00,28.8,59,2.0,240,955,943,109
1994-04-25 14:00:00,30.0,57,6.6,250,892,930,105
1994-04-25 15:00:00,29.4,59,5.1,230,771,903,96
1994-04-25 16:00:00,29.1,57,5.1,240,601,854,83
1994-04-25 17:00:00,28.3,59,5.1,250,398,764,65
1994-04-25 18:00:00,26.1,60,4.1,250,186,583,44
1994-04-25 19:00:00,22.7,76,4.1,240,26,171,14
1994-04-25 20:00:00,21.6,76,2.5,230,0,0,0
1994-04-25 21:00:00,19.4,76,3.6,230,0,0,0
1994-04-25 22:00:00,18.3,87,4.1,220,0,0,0
1994-04-25 23:00:00,18.3,87,4.6,210,0,0,0
1994-04-26 00:00:00,16.6,60,0.0,0,0,0,0
1994-04-26 01:00:00,16.1,62,3.0,220,0,0,0
1994-04-26 02:00:00,16.1,57,2.5,200,0,0,0
1994-04-26 03:00:00,15.5,62,0.0,0,0,0,0
1994-04-26 04:00:00,11.6,86,0.0,0,0,0,0
1994-04-26 05:00:00,11.6,83,2.0,90,0,0,0
1994-04-26 06:00:00,11.6,83,0.0,0,23,95,16
1994-04-26 07:00:00,14.5,76,1.3,50,173,474,56
1994-04-26 08:00:00,17.7,67,2.5,90,381,676,86
1994-04-26 09:00:00,23.3,53,3.0,220,584,779,110
1994-04-26 10:00:00,26.6,47,4.6,200,754,836,127
1994-04-26 11:00:00,28.8,40,5.6,240,874,867,138
1994-04-26 12:00:00,30.0,32,5.1,240,937,881,144
1994-04-26 13:00:00,30.5,33,5.6,240,936,880,144
1994-04-26 14:00:00,30.5,33,5.1,230,873,865,138
1994-04-26 15:00:00,31.1,31,5.6,220,752,833,127
1994-04-26 16:00:00,30.5,29,5.1,230,582,775,110
1994-04-26 17:00:00,30.0,30,5.1,200,379,672,85
1994-04-26 18:00:00,27.7,42,5.1,190,172,470,56
1994-04-26 19:00:00,23.8,60,3.0,180,23,94,16
1994-04-26 20:00:00,21.6,68,3.6,180,0,0,0
1994-04-26 21:00:00,21.1,68,3.6,180,0,0,0
1994-04-26 22:00:00,20.0,70,2.5,200,0,0,0
1994-04-26 23:00:00,18.3,78,2.0,210,0,0,0
1994-04-27 00:00:00,19.4,76,3.6,210,0,0,0
1994-04-27 01:00:00,20.0,75,4.6,220,0,0,0
1994-04-27 02:00:00,20.5,76,5.1,220,0,0,0
1994-04-27 03:00:00,20.5,76,6.1,230,0,0,0
1994-04-27 04:00:00,20.5,76,4.1,220,0,0,0
1994-04-27 05:00:00,20.0,78,4.1,230,0,0,0
1994-04-27 06:00:00,20.5,78,3.6,240,18,12,17
1994-04-27 07:00:00,21.6,76,3.6,240,149,87,128
1994-04-27 08:00:00,23.8,69,5.1,240,363,618,91
1994-04-27 09:00:00,25.5,64,5.1,240,493,572,143
1994-04-27 10:00:00,26.6,60,5.1,260,752,841,119
1994-04-27 11:00:00,28.3,56,5.1,250,794,711,188
1994-04-27 12:00:00,28.8,57,5.1,260,872,817,135
1994-04-27 13:00:00,28.8,57,7.7,220,692,445,290
1994-04-27 14:00:00,28.8,57,5.1,230,596,356,293
1994-04-27 15:00:00,30.0,55,5.1,240,613,407,307
1994-04-27 16:00:00,29.4,55,7.7,230,469,316,276
1994-04-27 17:00:00,27.7,57,5.1,250,112,0,112
1994-04-27 18:00:00,19.4,90,2.0,270,52,0,52
1994-04-27 19:00:00,20.0,90,3.0,230,12,0,12
1994-04-27 20:00:00,19.4,96,2.5,230,0,0,0
1994-04-27 21:00:00,19.4,93,4.1,230,0,0,0
1994-04-27 22:00:00,20.0,84,5.6,230,0,0,0
1994-04-27 23:00:00,19.4,87,4.6,240,0,0,0
1994-04-28 00:00:00,19.4,87,4.1,230,0,0,0
1994-04-28 01:00:00,18.3,90,3.6,250,0,0,0
1994-04-28 02:00:00,17.7,93,2.5,250,0,0,0
1994-04-28 03:00:00,17.2,96,3.0,240,0,0,0
1994-04-28 04:00:00,16.6,100,2.5,250,0,0,0
1994-04-28 05:00:00,16.1,100,2.0,250,0,0,0
1994-04-28 06:00:00,16.6,100,0.0,0,19,0,19
1994-04-28 07:00:00,19.4,87,2.5,340,84,0,84
1994-04-28 08:00:00,22.7,59,3.0,360,142,0,142
1994-04-28 09:00:00,23.8,60,4.1,10,204,0,204
1994-04-28 10:00:00,25.0,54,5.1,40,267,0,267
1994-04-28 11:00:00,25.5,54,2.5,40,342,80,273
1994-04-28 12:00:00,26.1,54,2.5,320,371,63,314
1994-04-28 13:00:00,27.2,62,3.6,360,854,608,304
1994-04-28 14:00:00,27.2,67,2.5,360,768,588,266
1994-04-28 15:00:00,25.0,76,4.6,140,691,577,256
1994-04-28 16:00:00,23.8,74,5.1,120,479,347,266
1994-04-28 17:00:00,21.1,75,6.1,120,310,351,155
1994-04-28 18:00:00,18.3,78,6.1,120,117,116,88
1994-04-28 19:00:00,15.5,87,3.6,120,20,5,20
1994-04-28 20:00:00,13.8,97,3.6,120,0,0,0
1994-04-28 21:00:00,12.7,93,3.0,110,0,0,0
1994-04-28 22:00:00,12.2,89,3.6,100,0,0,0
1994-04-28 23:00:00,11.6,86,2.0,100,0,0,0
1994-04-29 00:00:00,11.1,89,2.5,120,0,0,0
1994-04-29 01:00:00,11.6,93,2.5,110,0,0,0
1994-04-29 02:00:00,11.6,93,2.5,100,0,0,0
1994-04-29 03:00:00,11.1,93,0.0,0,0,0,0
1994-04-29 04:00:00,11.1,93,1.5,140,0,0,0
1994-04-29 05:00:00,10.5,97,2.5,120,0,0,0
1994-04-29 06:00:00,12.7,100,2.5,110,11,0,11
1994-04-29 07:00:00,14.4,96,3.6,120,38,0,38
1994-04-29 08:00:00,15.5,97,5.1,120,80,0,80
1994-04-29 09:00:00,19.4,84,3.6,130,372,135,288
1994-04-29 10:00:00,21.6,76,4.1,140,494,385,202
1994-04-29 11:00:00,23.8,71,5.1,190,821,753,176
1994-04-29 12:00:00,25.0,68,4.1,140,901,786,188
1994-04-29 13:00:00,27.7,58,3.0,120,751,634,176
1994-04-29 14:00:00,28.3,56,2.5,130,827,785,155
1994-04-29 15:00:00,28.8,53,5.1,180,401,232,226
1994-04-29 16:00:00,28.3,55,7.2,190,328,268,163
1994-04-29 17:00:00,26.6,62,5.1,190,252,163,180
1994-04-29 18:00:00,25.0,68,2.5,140,67,0,67
1994-04-29 19:00:00,23.3,74,0.0,0,17,0,17
1994-04-29 20:00:00,21.6,78,0.0,0,0,0,0
1994-04-29 21:00:00,20.5,81,3.6,150,0,0,0
1994-04-29 22:00:00,19.8,84,3.3,160,0,0,0
1994-04-29 23:00:00,19.1,89,3.0,170,0,0,0
1994-04-30 00:00:00,18.7,92,2.6,170,0,0,0
1994-04-30 01:00:00,18.1,94,2.3,180,0,0,0
1994-04-30 02:00:00,17.7,97,2.0,190,0,0,0
1994-04-30 03:00:00,17.7,97,3.0,200,0,0,0
1994-04-30 04:00:00,17.2,96,0.0,0,0,0,0
1994-04-30 05:00:00,17.2,96,2.5,240,0,0,0
1994-04-30 06:00:00,17.2,93,2.5,270,18,0,18
1994-04-30 07:00:00,18.3,93,3.0,30,169,356,76
1994-04-30 08:00:00,20.5,84,3.0,260,222,86,184
1994-04-30 09:00:00,23.3,74,2.5,220,547,682,123
1994-04-30 10:00:00,24.4,69,4.1,290,675,626,199
1994-04-30 11:00:00,25.5,64,3.0,300,273,3,270
1994-04-30 12:00:00,25.5,69,3.0,290,456,99,366
1994-04-30 13:00:00,26.1,67,4.1,210,269,0,269
1994-04-30 14:00:00,26.6,65,4.1,200,252,0,252
1994-04-30 15:00:00,25.5,66,5.1,220,219,0,219
1994-04-30 16:00:00,25.7,62,5.1,210,214,0,214
1994-04-30 17:00:00,25.4,62,5.1,210,142,0,142
1994-04-30 18:00:00,24.4,64,5.1,200,67,0,67
1994-04-30 19:00:00,22.2,68,5.1,180,18,0,18
1994-04-30 20:00:00,20.5,78,5.1,170,0,0,0
1994-04-30 21:00:00,19.4,84,3.6,170,0,0,0
1994-04-30 22:00:00,17.3,87,3.5,180,0,0,0
1994-04-30 23:00:00,15.3,87,3.3,200,0,0,0
1994-05-01 00:00:00,13.2,81,3.2,200,0,0,0
1999-05-01 01:00:00,11.2,87,3.0,30,0,0,0
1999-05-01 02:00:00,9.1,93,2.9,10,0,0,0
1999-05-01 03:00:00,7.1,93,2.7,360,0,0,0
1999-05-01 04:00:00,5.0,93,2.6,10,0,0,0
1999-05-01 05:00:00,6.0,93,3.1,20,0,0,0
1999-05-01 06:00:00,7.0,87,3.6,40,0,0,0
1999-05-01 07:00:00,9.0,81,5.7,40,196,332,109
1999-05-01 08:00:00,11.0,71,10.3,50,381,492,158
1999-05-01 09:00:00,13.0,62,8.2,60,548,586,182
1999-05-01 10:00:00,13.0,58,8.7,70,720,648,225
1999-05-01 11:00:00,14.0,59,8.2,40,864,766,204
1999-05-01 12:00:00,14.0,59,5.7,40,885,619,320
1999-05-01 13:00:00,15.0,59,7.2,50,739,372,400
1999-05-01 14:00:00,16.0,51,10.3,80,691,377,367
1999-05-01 15:00:00,15.0,51,10.3,60,602,381,312
1999-05-01 16:00:00,15.0,48,9.3,40,479,361,255
1999-05-01 17:00:00,14.0,51,7.2,70,333,343,179
1999-05-01 18:00:00,13.0,54,7.7,40,164,300,86
1999-05-01 19:00:00,11.0,54,6.7,60,21,58,18
1999-05-01 20:00:00,10.0,57,4.6,60,0,0,0
1999-05-01 21:00:00,9.0,61,4.1,40,0,0,0
1999-05-01 22:00:00,8.0,66,4.1,30,0,0,0
1999-05-01 23:00:00,8.0,71,3.1,30,0,0,0
1999-05-02 00:00:00,7.0,76,2.6,40,0,0,0
1999-05-02 01:00:00,8.0,81,2.6,50,0,0,0
1999-05-02 02:00:00,8.0,81,2.6,50,0,0,0
1999-05-02 03:00:00,8.0,87,2.6,50,0,0,0
1999-05-02 04:00:00,8.0,87,2.6,40,0,0,0
1999-05-02 05:00:00,8.0,87,4.1,40,0,0,0
1999-05-02 06:00:00,8.0,93,4.1,50,0,0,0
1999-05-02 07:00:00,10.0,82,4.6,50,179,166,134
1999-05-02 08:00:00,11.0,82,6.2,40,166,6,163
1999-05-02 09:00:00,13.0,72,8.7,50,157,0,157
1999-05-02 10:00:00,13.0,67,9.8,50,120,0,120
1999-05-02 11:00:00,14.0,59,11.8,60,228,0,228
1999-05-02 12:00:00,12.0,76,7.2,40,176,0,176
1999-05-02 13:00:00,14.0,67,12.9,40,232,0,232
1999-05-02 14:00:00,13.0,72,9.3,50,252,0,252
1999-05-02 15:00:00,13.0,72,10.3,60,206,0,206
1999-05-02 16:00:00,12.0,82,7.2,40,245,18,234
1999-05-02 17:00:00,13.0,77,8.7,40,138,0,138
1999-05-02 18:00:00,13.0,72,8.7,40,127,89,103
1999-05-02 19:00:00,13.0,72,6.7,50,7,0,7
1999-05-02 20:00:00,12.0,76,6.2,50,0,0,0
1999-05-02 21:00:00,12.0,71,5.1,40,0,0,0
1999-05-02 22:00:00,11.0,76,4.1,30,0,0,0
1999-05-02 23:00:00,11.0,76,4.1,30,0,0,0
1999-05-03 00:00:00,12.0,71,4.6,50,0,0,0
1999-05-03 01:00:00,12.0,82,5.1,50,0,0,0
1999-05-03 02:00:00,12.0,71,3.6,30,0,0,0
1999-05-03 03:00:00,12.0,58,4.1,20,0,0,0
1999-05-03 04:00:00,12.0,67,4.1,30,0,0,0
1999-05-03 05:00:00,11.0,87,3.6,30,0,0,0
1999-05-03 06:00:00,10.0,100,4.1,20,0,0,0
1999-05-03 07:00:00,11.0,94,4.6,20,48,0,48
1999-05-03 08:00:00,11.0,100,5.1,360,152,0,152
1999-05-03 09:00:00,12.0,100,5.7,20,176,0,176
1999-05-03 10:00:00,13.0,94,5.7,20,151,0,151
1999-05-03 11:00:00,13.0,94,5.1,30,136,0,136
1999-05-03 12:00:00,13.0,100,6.2,40,158,0,158
1999-05-03 13:00:00,13.0,100,6.2,30,179,0,179
1999-05-03 14:00:00,14.0,94,4.1,30,205,0,205
1999-05-03 15:00:00,13.0,100,4.1,30,138,0,138
1999-05-03 16:00:00,13.2,95,4.4,40,134,0,134
1999-05-03 17:00:00,13.0,94,4.6,40,117,0,117
1999-05-03 18:00:00,13.0,94,4.1,30,42,0,42
1999-05-03 19:00:00,13.0,94,4.6,50,10,0,10
1999-05-03 20:00:00,13.0,94,6.2,50,0,0,0
1999-05-03 21:00:00,12.0,94,5.7,50,0,0,0
1999-05-03 22:00:00,12.0,94,3.6,10,0,0,0
1999-05-03 23:00:00,12.0,94,2.6,10,0,0,0
1999-05-04 00:00:00,12.0,94,2.1,350,0,0,0
1999-05-04 01:00:00,12.0,88,2.6,320,0,0,0
1999-05-04 02:00:00,12.0,88,3.1,340,0,0,0
1999-05-04 03:00:00,12.0,88,2.6,360,0,0,0
1999-05-04 04:00:00,12.0,88,1.0,350,0,0,0
1999-05-04 05:00:00,12.0,88,2.6,340,0,0,0
1999-05-04 06:00:00,12.0,88,1.5,330,0,0,0
1999-05-04 07:00:00,13.0,82,3.1,330,177,218,117
1999-05-04 08:00:00,15.0,77,3.6,340,393,522,152
1999-05-04 09:00:00,17.0,72,4.6,350,554,580,187
1999-05-04 10:00:00,18.0,68,4.6,360,732,660,223
1999-05-04 11:00:00,19.0,68,4.6,330,802,585,294
1999-05-04 12:00:00,20.0,64,4.1,350,921,709,270
1999-05-04 13:00:00,21.0,64,3.1,330,769,456,351
1999-05-04 14:00:00,22.0,60,3.6,360,691,341,396
1999-05-04 15:00:00,21.0,69,2.1,60,379,71,324
1999-05-04 16:00:00,19.0,68,4.6,120,385,148,292
1999-05-04 17:00:00,18.0,68,5.1,120,196,35,180
1999-05-04 18:00:00,16.0,77,5.1,110,170,273,97
1999-05-04 19:00:00,14.0,82,4.1,100,28,107,21
1999-05-04 20:00:00,12.0,94,3.1,100,0,0,0
1999-05-04 21:00:00,12.0,88,4.1,110,0,0,0
1999-05-04 22:00:00,12.0,88,2.6,120,0,0,0
1999-05-04 23:00:00,11.0,94,2.1,160,0,0,0
1999-05-05 00:00:00,11.0,94,1.0,130,0,0,0
1999-05-05 01:00:00,11.0,94,1.0,100,0,0,0
1999-05-05 02:00:00,11.0,94,0.0,0,0,0,0
1999-05-05 03:00:00,10.0,100,1.0,200,0,0,0
1999-05-05 04:00:00,9.0,100,1.0,200,0,0,0
1999-05-05 05:00:00,10.0,100,1.0,180,0,0,0
1999-05-05 06:00:00,10.0,100,3.6,90,0,0,0
1999-05-05 07:00:00,11.0,100,3.1,230,144,92,118
1999-05-05 08:00:00,15.0,88,2.6,120,400,491,171
1999-05-05 09:00:00,19.0,78,2.6,100,547,549,198
1999-05-05 10:00:00,21.0,73,2.6,110,725,636,234
1999-05-05 11:00:00,22.0,73,5.1,90,851,705,237
1999-05-05 12:00:00,23.0,69,5.1,130,891,655,288
1999-05-05 13:00:00,23.0,69,4.1,140,918,749,229
1999-05-05 14:00:00,23.0,69,6.2,120,844,693,242
1999-05-05 15:00:00,22.0,73,5.1,160,694,548,273
1999-05-05 16:00:00,19.0,68,3.1,160,290,59,253
1999-05-05 17:00:00,18.0,68,5.7,150,212,23,202
1999-05-05 18:00:00,17.3,71,3.9,150,76,0,76
1999-05-05 19:00:00,16.0,77,2.1,140,32,65,27
1999-05-05 20:00:00,16.0,77,2.1,140,0,0,0
1999-05-05 21:00:00,15.0,82,3.1,110,0,0,0
1999-05-05 22:00:00,14.0,88,3.1,130,0,0,0
1999-05-05 23:00:00,14.0,88,2.6,130,0,0,0
1999-05-06 00:00:00,14.0,94,2.6,130,0,0,0
1999-05-06 01:00:00,14.0,94,2.6,140,0,0,0
1999-05-06 02:00:00,13.9,94,2.4,120,0,0,0
1999-05-06 03:00:00,14.0,94,2.1,100,0,0,0
1999-05-06 04:00:00,14.0,94,2.1,120,0,0,0
1999-05-06 05:00:00,14.0,94,1.5,170,0,0,0
1999-05-06 06:00:00,14.0,100,3.1,120,0,0,0
1999-05-06 07:00:00,15.0,94,2.6,120,48,0,48
1999-05-06 08:00:00,15.0,100,3.6,110,96,0,96
1999-05-06 09:00:00,16.0,100,4.1,110,208,6,204
1999-05-06 10:00:00,17.0,94,4.1,120,309,12,300
1999-05-06 11:00:00,18.0,94,4.6,110,296,12,286
1999-05-06 12:00:00,18.0,90,4.9,110,309,12,298
1999-05-06 13:00:00,18.0,88,5.1,110,417,48,373
1999-05-06 14:00:00,18.0,88,5.1,140,182,6,176
1999-05-06 15:00:00,18.0,88,4.1,140,121,0,121
1999-05-06 16:00:00,18.0,88,4.1,130,184,6,180
1999-05-06 17:00:00,18.0,83,5.1,140,191,17,183
1999-05-06 18:00:00,17.8,83,5.4,140,142,117,110
1999-05-06 19:00:00,17.0,88,5.7,140,22,13,21
1999-05-06 20:00:00,16.0,100,3.6,120,0,0,0
1999-05-06 21:00:00,15.0,100,3.1,110,0,0,0
1999-05-06 22:00:00,15.0,100,3.1,90,0,0,0
1999-05-06 23:00:00,15.0,100,2.1,90,0,0,0
1999-05-07 00:00:00,14.8,100,2.6,100,0,0,0
1999-05-07 01:00:00,14.3,100,3.1,100,0,0,0
1999-05-07 02:00:00,14.0,100,2.6,100,0,0,0
1999-05-07 03:00:00,14.0,100,2.6,90,0,0,0
1999-05-07 04:00:00,15.0,100,2.6,110,0,0,0
1999-05-07 05:00:00,15.0,100,2.1,120,0,0,0
1999-05-07 06:00:00,15.0,100,1.5,130,0,0,0
1999-05-07 07:00:00,16.0,100,1.5,140,87,0,87
1999-05-07 08:00:00,17.0,100,0.0,0,316,205,220
1999-05-07 09:00:00,19.0,94,2.1,60,468,287,285
1999-05-07 10:00:00,23.0,78,2.1,120,674,496,288
1999-05-07 11:00:00,25.0,74,3.1,180,827,591,310
1999-05-07 12:00:00,26.5,69,4.1,210,818,529,329
1999-05-07 13:00:00,28.0,66,5.1,230,823,539,324
1999-05-07 14:00:00,28.0,62,4.6,230,844,681,250
1999-05-07 15:00:00,28.0,62,2.1,230,735,703,192
1999-05-07 16:00:00,29.0,52,3.6,230,580,668,157
1999-05-07 17:00:00,28.0,55,4.6,170,388,571,123
1999-05-07 18:00:00,26.0,58,5.1,170,205,464,77
1999-05-07 19:00:00,23.0,65,2.6,170,33,119,24
1999-05-07 20:00:00,20.6,75,4.1,150,0,0,0
1999-05-07 21:00:00,19.0,83,3.6,150,0,0,0
1999-05-07 22:00:00,18.9,83,2.6,140,0,0,0
1999-05-07 23:00:00,19.0,83,3.6,140,0,0,0
1999-05-08 00:00:00,19.0,88,1.5,190,0,0,0
1999-05-08 01:00:00,19.0,88,3.6,80,0,0,0
1999-05-08 02:00:00,18.0,88,2.1,120,0,0,0
1999-05-08 03:00:00,17.0,94,1.5,120,0,0,0
1999-05-08 04:00:00,18.0,88,1.5,120,0,0,0
1999-05-08 05:00:00,19.0,88,1.5,190,0,0,0
1999-05-08 06:00:00,18.0,94,0.0,0,0,0,0
1999-05-08 07:00:00,21.0,88,2.6,140,182,210,122
1999-05-08 08:00:00,25.0,74,5.7,200,405,533,152
1999-05-08 09:00:00,26.0,65,6.2,230,565,543,217
1999-05-08 10:00:00,27.0,70,7.7,190,573,248,380
1999-05-08 11:00:00,26.0,74,9.3,210,740,434,360
1999-05-08 12:00:00,26.0,74,7.7,230,551,126,435
1999-05-08 13:00:00,28.0,62,6.7,230,519,96,430
1999-05-08 14:00:00,28.0,62,6.7,220,738,442,352
1999-05-08 15:00:00,29.0,55,7.2,240,609,357,332
1999-05-08 16:00:00,28.0,55,7.2,240,536,515,209
1999-05-08 17:00:00,28.0,55,6.2,260,357,408,166
1999-05-08 18:00:00,27.0,54,4.1,240,196,386,89
1999-05-08 19:00:00,25.0,65,4.1,310,37,134,26
1999-05-08 20:00:00,22.0,73,2.6,330,0,0,0
1999-05-08 21:00:00,19.0,83,0.0,0,0,0,0
1999-05-08 22:00:00,18.0,83,0.0,0,0,0,0
1999-05-08 23:00:00,16.0,88,0.0,0,0,0,0
1999-05-09 00:00:00,15.0,88,0.0,0,0,0,0
1999-05-09 01:00:00,14.0,94,0.0,0,0,0,0
1999-05-09 02:00:00,14.0,94,0.0,0,0,0,0
1999-05-09 03:00:00,13.0,94,0.0,0,0,0,0
1999-05-09 04:00:00,13.0,94,0.0,0,0,0,0
1999-05-09 05:00:00,13.0,94,0.0,0,0,0,0
1999-05-09 06:00:00,14.0,94,0.0,0,0,0,0
1999-05-09 07:00:00,18.0,83,0.0,0,228,373,121
1999-05-09 08:00:00,23.0,65,0.0,0,405,539,148
1999-05-09 09:00:00,25.0,54,0.0,0,585,628,180
1999-05-09 10:00:00,26.0,48,6.2,270,737,648,231
1999-05-09 11:00:00,26.0,48,4.6,240,876,729,235
1999-05-09 12:00:00,26.0,51,4.6,280,866,535,370
1999-05-09 13:00:00,27.0,51,4.6,280,721,330,416
1999-05-09 14:00:00,26.0,51,4.6,270,856,616,317
1999-05-09 15:00:00,27.0,48,3.1,300,212,18,199
1999-05-09 16:00:00,27.0,39,2.6,300,508,367,274
1999-05-09 17:00:00,26.0,42,2.1,120,224,41,205
1999-05-09 18:00:00,23.0,50,3.1,130,120,28,112
1999-05-09 19:00:00,21.0,56,2.1,120,38,99,29
1999-05-09 20:00:00,18.0,68,0.0,0,0,0,0
1999-05-09 21:00:00,17.0,72,0.0,0,0,0,0
1999-05-09 22:00:00,17.0,72,0.0,0,0,0,0
1999-05-09 23:00:00,14.0,88,0.0,0,0,0,0
1999-05-10 00:00:00,14.0,82,0.0,0,0,0,0
1999-05-10 01:00:00,13.0,88,0.0,0,0,0,0
1999-05-10 02:00:00,13.0,82,0.0,0,0,0,0
1999-05-10 03:00:00,13.0,82,2.1,360,0,0,0
1999-05-10 04:00:00,14.0,72,2.1,330,0,0,0
1999-05-10 05:00:00,12.0,82,0.0,0,0,0,0
1999-05-10 06:00:00,13.0,77,0.0,0,0,0,0
1999-05-10 07:00:00,16.0,63,3.6,360,227,352,125
1999-05-10 08:00:00,18.0,52,5.1,360,411,564,141
1999-05-10 09:00:00,20.0,46,4.1,350,591,646,173
1999-05-10 10:00:00,21.0,43,2.6,340,737,641,234
1999-05-10 11:00:00,22.0,38,4.1,300,882,765,208
1999-05-10 12:00:00,23.0,33,3.6,340,933,781,207
1999-05-10 13:00:00,24.0,31,2.6,280,948,833,174
1999-05-10 14:00:00,25.0,28,3.6,310,879,795,182
1999-05-10 15:00:00,26.0,34,3.1,310,764,768,166
1999-05-10 16:00:00,25.0,39,2.6,290,592,698,146
1999-05-10 17:00:00,25.0,41,4.1,270,410,636,111
1999-05-10 18:00:00,24.0,44,3.6,290,211,466,80
1999-05-10 19:00:00,22.0,50,3.1,310,38,136,26
1999-05-10 20:00:00,20.0,56,0.0,0,0,0,0
1999-05-10 21:00:00,15.0,82,2.1,360,0,0,0
1999-05-10 22:00:00,14.0,88,0.0,0,0,0,0
1999-05-10 23:00:00,12.0,94,0.0,0,0,0,0
1999-05-11 00:00:00,11.0,94,0.0,0,0,0,0
1999-05-11 01:00:00,10.0,93,0.0,0,0,0,0
1999-05-11 02:00:00,10.0,93,0.0,0,0,0,0
1999-05-11 03:00:00,10.0,93,0.0,0,0,0,0
1999-05-11 04:00:00,10.0,93,0.0,0,0,0,0
1999-05-11 05:00:00,10.0,93,1.0,10,0,0,0
1999-05-11 06:00:00,12.0,88,1.0,40,52,0,52
1999-05-11 07:00:00,15.0,72,4.6,70,234,385,121
1999-05-11 08:00:00,18.0,56,6.2,90,411,558,142
1999-05-11 09:00:00,20.0,49,3.6,80,584,616,185
1999-05-11 10:00:00,21.0,46,4.6,80,749,678,217
1999-05-11 11:00:00,22.0,43,5.7,90,863,723,225
1999-05-11 12:00:00,23.0,41,3.6,90,927,757,222
1999-05-11 13:00:00,23.0,44,4.6,80,924,755,222
1999-05-11 14:00:00,23.0,44,5.1,70,867,753,206
1999-05-11 15:00:00,23.0,47,4.6,60,758,744,178
1999-05-11 16:00:00,21.0,53,5.1,70,575,627,173
1999-05-11 17:00:00,20.0,53,6.2,140,400,555,138
1999-05-11 18:00:00,18.0,64,4.6,120,211,416,93
1999-05-11 19:00:00,15.0,77,3.1,110,42,133,30
1999-05-11 20:00:00,13.0,88,2.1,110,0,0,0
1999-05-11 21:00:00,12.0,94,2.6,120,0,0,0
1999-05-11 22:00:00,11.9,94,2.4,150,0,0,0
1999-05-11 23:00:00,12.0,94,2.1,170,0,0,0
1999-05-12 00:00:00,12.0,100,1.0,120,0,0,0
1999-05-12 01:00:00,11.0,100,0.0,0,0,0,0
1999-05-12 02:00:00,11.0,100,1.0,210,0,0,0
1999-05-12 03:00:00,11.0,100,0.0,0,0,0,0
1999-05-12 04:00:00,10.0,100,0.0,0,0,0,0
1999-05-12 05:00:00,10.0,100,0.0,0,0,0,0
1999-05-12 06:00:00,10.0,100,0.0,0,50,0,50
1999-05-12 07:00:00,13.0,100,1.0,70,233,410,112
1999-05-12 08:00:00,16.0,88,2.6,140,424,613,128
1999-05-12 09:00:00,22.0,57,3.1,170,616,719,148
1999-05-12 10:00:00,24.0,50,3.1,220,762,726,190
1999-05-12 11:00:00,26.0,48,5.1,230,869,741,214
1999-05-12 12:00:00,26.0,48,6.7,200,951,823,183
1999-05-12 13:00:00,26.0,48,6.2,240,942,803,194
1999-05-12 14:00:00,27.0,51,4.6,180,873,771,195
1999-05-12 15:00:00,28.0,48,6.2,220,747,703,198
1999-05-12 16:00:00,27.0,42,7.7,200,587,657,164
1999-05-12 17:00:00,26.0,45,6.2,190,400,584,123
1999-05-12 18:00:00,25.0,47,4.6,220,207,416,88
1999-05-12 19:00:00,22.0,57,4.1,190,43,129,31
1999-05-12 20:00:00,20.0,68,4.6,170,0,0,0
1999-05-12 21:00:00,18.0,83,2.6,180,0,0,0
1999-05-12 22:00:00,18.0,83,3.1,190,0,0,0
1999-05-12 23:00:00,16.0,94,2.6,150,0,0,0
1999-05-13 00:00:00,16.0,94,1.5,100,0,0,0
1999-05-13 01:00:00,15.0,94,1.0,60,0,0,0
1999-05-13 02:00:00,14.0,94,3.1,20,0,0,0
1999-05-13 03:00:00,16.0,100,1.0,80,0,0,0
1999-05-13 04:00:00,17.0,94,1.0,70,0,0,0
1999-05-13 05:00:00,17.0,94,1.5,160,0,0,0
1999-05-13 06:00:00,16.0,100,1.5,120,64,53,58
1999-05-13 07:00:00,19.0,88,1.0,90,233,260,155
1999-05-13 08:00:00,20.0,83,6.7,60,123,0,123
1999-05-13 09:00:00,20.0,68,6.7,90,493,286,306
1999-05-13 10:00:00,21.0,60,5.7,90,749,611,267
1999-05-13 11:00:00,21.0,64,7.2,60,881,699,263
1999-05-13 12:00:00,21.0,64,5.7,70,612,210,415
1999-05-13 13:00:00,22.0,60,6.7,70,876,545,367
1999-05-13 14:00:00,20.0,60,7.2,60,850,670,260
1999-05-13 15:00:00,19.0,64,6.2,60,735,625,246
1999-05-13 16:00:00,18.0,52,5.1,90,509,367,272
1999-05-13 17:00:00,18.0,45,5.1,60,331,286,195
1999-05-13 18:00:00,16.0,48,5.7,60,174,163,127
1999-05-13 19:00:00,14.4,55,4.8,60,44,139,30
1999-05-13 20:00:00,12.8,62,4.0,60,0,0,0
1999-05-13 21:00:00,12.0,67,3.1,60,0,0,0
1999-05-13 22:00:00,12.0,67,3.1,50,0,0,0
1999-05-13 23:00:00,12.0,71,4.1,70,0,0,0
1999-05-14 00:00:00,12.0,76,2.6,60,0,0,0
1999-05-14 01:00:00,12.0,82,3.6,60,0,0,0
1999-05-14 02:00:00,12.0,82,3.6,50,0,0,0
1999-05-14 03:00:00,12.0,82,4.6,70,0,0,0
1999-05-14 04:00:00,13.0,72,4.1,70,0,0,0
1999-05-14 05:00:00,13.0,72,5.1,70,0,0,0
1999-05-14 06:00:00,13.0,67,6.2,70,46,0,46
1999-05-14 07:00:00,13.0,67,7.2,70,147,39,135
1999-05-14 08:00:00,14.0,72,7.7,80,259,62,229
1999-05-14 09:00:00,14.6,69,7.7,80,389,134,301
1999-05-14 10:00:00,15.0,67,7.7,70,214,12,204
1999-05-14 11:00:00,16.0,68,5.7,60,185,0,185
1999-05-14 12:00:00,15.0,67,7.7,70,254,6,249
1999-05-14 13:00:00,15.0,67,5.1,70,268,6,263
1999-05-14 14:00:00,15.0,67,7.7,60,287,12,277
1999-05-14 15:00:00,14.0,63,6.7,60,322,18,308
1999-05-14 16:00:00,14.0,63,5.1,60,313,41,286
1999-05-14 17:00:00,14.0,59,7.7,60,289,158,213
1999-05-14 18:00:00,13.0,67,5.1,60,58,0,58
1999-05-14 19:00:00,12.0,67,6.7,40,28,14,27
1999-05-14 20:00:00,12.0,67,4.1,60,0,0,0
1999-05-14 21:00:00,10.0,76,3.1,30,0,0,0
1999-05-14 22:00:00,10.0,82,2.6,40,0,0,0
1999-05-14 23:00:00,10.0,82,2.6,40,0,0,0
1999-05-15 00:00:00,10.0,82,2.6,50,0,0,0
1999-05-15 01:00:00,9.0,87,2.1,30,0,0,0
1999-05-15 02:00:00,9.0,87,2.6,30,0,0,0
1999-05-15 03:00:00,9.0,87,2.6,40,0,0,0
1999-05-15 04:00:00,7.0,93,2.1,20,0,0,0
1999-05-15 05:00:00,8.0,93,2.6,40,0,0,0
1999-05-15 06:00:00,9.0,93,2.6,30,60,26,57
1999-05-15 07:00:00,13.0,72,6.2,50,239,415,113
1999-05-15 08:00:00,15.0,67,9.3,60,409,520,155
1999-05-15 09:00:00,16.0,63,8.7,60,596,634,180
1999-05-15 10:00:00,17.0,68,9.8,80,755,672,223
1999-05-15 11:00:00,18.0,64,7.2,70,838,615,292
1999-05-15 12:00:00,19.0,60,8.2,60,945,775,219
1999-05-15 13:00:00,19.0,60,6.7,50,924,737,234
1999-05-15 14:00:00,19.0,60,7.2,50,868,717,233
1999-05-15 15:00:00,18.0,64,5.7,80,701,560,261
1999-05-15 16:00:00,17.0,59,8.7,40,571,592,187
1999-05-15 17:00:00,16.0,55,7.2,50,396,467,171
1999-05-15 18:00:00,15.0,59,7.7,60,145,96,117
1999-05-15 19:00:00,14.0,63,6.7,60,48,118,36
1999-05-15 20:00:00,12.0,71,6.7,60,0,0,0
1999-05-15 21:00:00,11.0,82,2.6,30,0,0,0
1999-05-15 22:00:00,10.0,93,2.6,30,0,0,0
1999-05-15 23:00:00,10.0,87,2.6,20,0,0,0
1999-05-16 00:00:00,9.0,93,2.6,10,0,0,0
1999-05-16 01:00:00,9.0,93,2.6,10,0,0,0
1999-05-16 02:00:00,9.0,93,3.1,20,0,0,0
1999-05-16 03:00:00,9.0,93,2.6,20,0,0,0
1999-05-16 04:00:00,10.0,93,2.6,20,0,0,0
1999-05-16 05:00:00,11.0,94,2.6,20,0,0,0
1999-05-16 06:00:00,14.0,82,4.6,60,29,0,29
1999-05-16 07:00:00,15.0,82,4.1,40,123,6,121
1999-05-16 08:00:00,15.0,82,4.6,50,232,25,219
1999-05-16 09:00:00,18.0,68,7.2,60,389,128,304
1999-05-16 10:00:00,20.0,64,5.1,70,623,315,373
1999-05-16 11:00:00,21.0,60,6.7,90,690,313,411
1999-05-16 12:00:00,21.0,56,6.7,80,697,228,482
1999-05-16 13:00:00,22.0,53,7.7,60,698,276,439
1999-05-16 14:00:00,21.0,56,6.2,90,510,102,420
1999-05-16 15:00:00,20.0,60,6.2,90,431,89,361
1999-05-16 16:00:00,20.0,60,5.1,80,459,249,297
1999-05-16 17:00:00,19.0,64,6.2,80,369,392,180
1999-05-16 18:00:00,18.0,68,5.1,80,219,434,90
1999-05-16 19:00:00,16.5,75,4.4,70,49,133,35
1999-05-16 20:00:00,15.0,82,3.6,60,0,0,0
1999-05-16 21:00:00,15.0,82,3.1,70,0,0,0
1999-05-16 22:00:00,14.0,88,2.6,60,0,0,0
1999-05-16 23:00:00,15.0,82,2.6,80,0,0,0
1999-05-17 00:00:00,14.0,88,3.1,50,0,0,0
1999-05-17 01:00:00,14.0,94,2.1,60,0,0,0
1999-05-17 02:00:00,14.0,94,3.1,60,0,0,0
1999-05-17 03:00:00,14.0,94,2.6,40,0,0,0
1999-05-17 04:00:00,14.0,94,2.6,40,0,0,0
1999-05-17 05:00:00,14.0,94,2.1,40,0,0,0
1999-05-17 06:00:00,14.0,94,3.1,50,29,0,29
1999-05-17 07:00:00,15.6,90,3.4,50,215,259,135
1999-05-17 08:00:00,17.0,82,3.6,40,374,328,213
1999-05-17 09:00:00,20.0,78,3.1,80,330,49,298
1999-05-17 10:00:00,21.0,73,5.1,70,447,91,374
1999-05-17 11:00:00,22.0,69,4.6,50,795,506,344
1999-05-17 12:00:00,23.0,65,5.7,80,787,457,358
1999-05-17 13:00:00,23.0,65,6.2,60,751,354,419
1999-05-17 14:00:00,23.0,65,5.1,100,797,532,325
1999-05-17 15:00:00,23.0,57,6.2,70,673,500,278
1999-05-17 16:00:00,23.0,47,6.2,80,599,645,178
1999-05-17 17:00:00,22.0,53,6.2,50,418,579,137
1999-05-17 18:00:00,21.0,56,4.1,50,209,356,103
1999-05-17 19:00:00,19.0,68,4.6,60,53,195,32
1999-05-17 20:00:00,19.0,68,3.6,70,0,0,0
1999-05-17 21:00:00,15.0,94,3.6,60,0,0,0
1999-05-17 22:00:00,14.0,94,3.1,50,0,0,0
1999-05-17 23:00:00,14.0,94,2.6,350,0,0,0
1999-05-18 00:00:00,14.0,94,1.5,350,0,0,0
1999-05-18 01:00:00,14.0,94,2.1,360,0,0,0
1999-05-18 02:00:00,13.0,100,2.1,10,0,0,0
1999-05-18 03:00:00,14.0,94,3.6,350,0,0,0
1999-05-18 04:00:00,14.0,100,2.1,30,0,0,0
1999-05-18 05:00:00,15.0,94,2.1,10,0,0,0
1999-05-18 06:00:00,15.0,100,2.6,20,14,0,14
1999-05-18 07:00:00,16.0,94,3.1,30,153,65,133
1999-05-18 08:00:00,17.0,88,5.1,40,211,19,202
1999-05-18 09:00:00,19.0,83,5.7,60,440,207,303
1999-05-18 10:00:00,20.0,83,5.7,40,767,641,256
1999-05-18 11:00:00,22.0,73,5.1,30,887,753,215
1999-05-18 12:00:00,23.0,69,7.7,50,915,691,264
1999-05-18 13:00:00,23.0,69,5.1,60,906,653,292
1999-05-18 14:00:00,23.0,73,6.2,50,786,508,334
1999-05-18 15:00:00,22.0,78,5.7,70,627,340,358
1999-05-18 16:00:00,22.0,73,5.1,60,291,47,260
1999-05-18 17:00:00,20.0,83,5.1,60,306,181,217
1999-05-18 18:00:00,19.0,88,4.6,70,107,6,106
1999-05-18 19:00:00,18.0,88,4.1,80,23,0,23
1999-05-18 20:00:00,17.0,94,4.1,70,0,0,0
1999-05-18 21:00:00,16.8,95,3.1,60,0,0,0
1999-05-18 22:00:00,17.0,94,2.1,40,0,0,0
1999-05-18 23:00:00,16.0,100,2.6,20,0,0,0
1999-05-19 00:00:00,16.0,100,2.1,50,0,0,0
1999-05-19 01:00:00,16.0,100,1.5,30,0,0,0
1999-05-19 02:00:00,16.0,100,2.6,40,0,0,0
1999-05-19 03:00:00,16.0,100,2.1,360,0,0,0
1999-05-19 04:00:00,16.0,100,2.1,360,0,0,0
1999-05-19 05:00:00,16.0,100,2.1,40,0,0,0
1999-05-19 06:00:00,16.0,100,2.6,70,27,0,27
1999-05-19 07:00:00,17.0,100,2.6,330,176,136,133
1999-05-19 08:00:00,18.0,94,2.6,340,129,0,129
1999-05-19 09:00:00,19.0,94,3.6,20,97,0,97
1999-05-19 10:00:00,20.0,94,3.1,360,126,0,126
1999-05-19 11:00:00,21.0,88,3.6,350,142,0,142
1999-05-19 12:00:00,21.0,88,5.1,350,260,6,255
1999-05-19 13:00:00,20.0,94,3.1,340,262,6,257
1999-05-19 14:00:00,20.0,94,3.1,360,164,0,164
1999-05-19 15:00:00,20.0,94,3.1,350,121,0,121
1999-05-19 16:00:00,19.7,95,3.1,350,118,0,118
1999-05-19 17:00:00,19.0,100,3.1,350,91,0,91
1999-05-19 18:00:00,19.0,94,3.1,360,98,0,98
1999-05-19 19:00:00,18.0,94,3.6,10,44,72,36
1999-05-19 20:00:00,18.0,94,2.6,350,0,0,0
1999-05-19 21:00:00,18.0,94,2.6,340,0,0,0
1999-05-19 22:00:00,18.0,94,2.6,320,0,0,0
1999-05-19 23:00:00,17.0,100,2.6,340,0,0,0
1999-05-20 00:00:00,17.0,94,2.1,330,0,0,0
1999-05-20 01:00:00,17.0,94,2.6,340,0,0,0
1999-05-20 02:00:00,17.0,88,3.6,10,0,0,0
1999-05-20 03:00:00,16.0,88,2.1,350,0,0,0
1999-05-20 04:00:00,16.0,77,4.1,350,0,0,0
1999-05-20 05:00:00,14.0,82,3.1,350,0,0,0
1999-05-20 06:00:00,15.0,77,3.6,340,80,124,65
1999-05-20 07:00:00,16.0,72,4.6,340,251,400,126
1999-05-20 08:00:00,17.0,59,7.7,340,435,569,151
1999-05-20 09:00:00,18.0,68,5.7,20,608,646,179
1999-05-20 10:00:00,20.0,60,6.2,330,761,671,224
1999-05-20 11:00:00,21.0,60,5.1,320,887,747,219
1999-05-20 12:00:00,22.0,57,4.6,350,963,835,175
1999-05-20 13:00:00,23.0,57,6.2,340,954,809,191
1999-05-20 14:00:00,24.0,47,5.1,340,897,813,173
1999-05-20 15:00:00,25.0,41,5.1,20,765,727,188
1999-05-20 16:00:00,25.0,30,6.7,320,599,657,167
1999-05-20 17:00:00,24.0,31,6.7,360,419,608,120
1999-05-20 18:00:00,23.0,31,6.7,340,230,464,89
1999-05-20 19:00:00,21.0,38,3.6,340,55,160,37
1999-05-20 20:00:00,19.0,43,3.1,330,0,0,0
1999-05-20 21:00:00,18.0,45,2.6,290,0,0,0
1999-05-20 22:00:00,14.0,67,1.5,240,0,0,0
1999-05-20 23:00:00,12.0,82,0.0,0,0,0,0
1999-05-21 00:00:00,11.0,87,0.0,0,0,0,0
1999-05-21 01:00:00,11.0,87,0.0,0,0,0,0
1999-05-21 02:00:00,10.0,87,0.0,0,0,0,0
1999-05-21 03:00:00,9.0,87,0.0,0,0,0,0
1999-05-21 04:00:00,8.0,93,0.0,0,0,0,0
1999-05-21 05:00:00,8.0,87,1.0,300,0,0,0
1999-05-21 06:00:00,11.0,76,2.1,310,79,107,66
1999-05-21 07:00:00,14.0,63,2.6,310,251,438,113
1999-05-21 08:00:00,16.8,58,2.4,320,441,612,135
1999-05-21 09:00:00,19.0,56,2.1,330,621,688,163
1999-05-21 10:00:00,21.0,49,3.6,340,767,702,205
1999-05-21 11:00:00,22.0,50,2.1,340,881,741,217
1999-05-21 12:00:00,23.0,47,2.6,300,951,793,202
1999-05-21 13:00:00,25.0,44,5.1,260,930,719,252
1999-05-21 14:00:00,25.0,47,5.1,260,892,771,203
1999-05-21 15:00:00,26.0,42,3.1,270,731,602,252
1999-05-21 16:00:00,26.0,45,4.1,270,594,634,176
1999-05-21 17:00:00,26.0,48,4.6,180,408,480,172
1999-05-21 18:00:00,20.0,64,5.1,150,177,170,124
1999-05-21 19:00:00,17.0,72,3.6,120,59,190,37
1999-05-21 20:00:00,16.0,72,3.1,160,0,0,0
1999-05-21 21:00:00,14.0,82,2.1,110,0,0,0
1999-05-21 22:00:00,13.0,82,2.6,100,0,0,0
1999-05-21 23:00:00,13.0,88,0.0,0,0,0,0
1999-05-22 00:00:00,13.0,82,0.0,0,0,0,0
1999-05-22 01:00:00,13.0,82,0.0,0,0,0,0
1999-05-22 02:00:00,12.0,88,0.0,0,0,0,0
1999-05-22 03:00:00,12.0,88,0.0,0,0,0,0
1999-05-22 04:00:00,12.0,88,0.0,0,0,0,0
1999-05-22 05:00:00,12.0,94,0.0,0,0,0,0
1999-05-22 06:00:00,12.0,94,0.0,0,78,90,66
1999-05-22 07:00:00,17.0,82,0.0,0,250,387,128
1999-05-22 08:00:00,21.0,69,0.0,0,427,525,164
1999-05-22 09:00:00,23.6,58,1.1,310,569,524,220
1999-05-22 10:00:00,26.0,51,2.1,250,704,563,253
1999-05-22 11:00:00,28.0,48,3.6,200,795,536,314
1999-05-22 12:00:00,29.0,45,3.6,250,842,559,314
1999-05-22 13:00:00,30.0,40,4.6,260,841,551,320
1999-05-22 14:00:00,30.0,38,5.1,240,792,562,290
1999-05-22 15:00:00,31.0,33,3.6,240,696,560,250
1999-05-22 16:00:00,30.0,46,4.1,250,566,551,202
1999-05-22 17:00:00,30.0,46,4.1,190,408,509,157
1999-05-22 18:00:00,28.0,55,2.6,190,231,363,119
1999-05-22 19:00:00,25.0,69,2.6,120,31,0,31
1999-05-22 20:00:00,24.0,69,3.6,230,0,0,0
1999-05-22 21:00:00,22.0,78,1.5,160,0,0,0
1999-05-22 22:00:00,22.0,78,2.1,180,0,0,0
1999-05-22 23:00:00,21.0,78,3.6,200,0,0,0
1999-05-23 00:00:00,20.0,83,2.6,240,0,0,0
1999-05-23 01:00:00,20.0,83,2.6,170,0,0,0
1999-05-23 02:00:00,19.0,94,4.6,210,0,0,0
1999-05-23 03:00:00,18.0,94,2.1,190,0,0,0
1999-05-23 04:00:00,19.0,94,2.1,250,0,0,0
1999-05-23 05:00:00,19.0,94,0.0,0,0,0,0
1999-05-23 06:00:00,19.0,94,2.6,180,13,0,13
1999-05-23 07:00:00,19.0,94,2.1,190,212,219,142
1999-05-23 08:00:00,21.0,88,4.6,230,359,290,213
1999-05-23 09:00:00,22.0,83,5.1,230,556,463,247
1999-05-23 10:00:00,24.0,78,5.1,240,685,496,287
1999-05-23 11:00:00,25.0,69,5.7,250,875,675,269
1999-05-23 12:00:00,27.0,66,4.6,230,927,715,250
1999-05-23 13:00:00,27.0,66,7.7,250,924,707,255
1999-05-23 14:00:00,27.6,61,7.7,250,868,694,247
1999-05-23 15:00:00,28.0,58,7.7,240,708,554,265
1999-05-23 16:00:00,27.0,51,5.1,250,555,509,218
1999-05-23 17:00:00,27.0,54,3.6,260,403,468,171
1999-05-23 18:00:00,26.0,61,3.1,260,226,386,106
1999-05-23 19:00:00,25.0,65,0.0,0,60,152,42
1999-05-23 20:00:00,22.0,78,0.0,0,0,0,0
1999-05-23 21:00:00,20.0,88,0.0,0,0,0,0
1999-05-23 22:00:00,19.0,94,0.0,0,0,0,0
1999-05-23 23:00:00,18.0,94,0.0,0,0,0,0
1999-05-24 00:00:00,18.0,94,0.0,0,0,0,0
1999-05-24 01:00:00,18.0,94,1.0,200,0,0,0
1999-05-24 02:00:00,17.0,100,1.0,170,0,0,0
1999-05-24 03:00:00,17.0,94,1.0,150,0,0,0
1999-05-24 04:00:00,16.0,100,1.5,120,0,0,0
1999-05-24 05:00:00,19.0,94,3.1,150,0,0,0
1999-05-24 06:00:00,20.0,88,4.1,170,63,16,61
1999-05-24 07:00:00,22.0,83,4.1,180,181,129,140
1999-05-24 08:00:00,23.0,83,5.1,210,115,0,115
1999-05-24 09:00:00,22.0,88,10.3,220,136,0,136
1999-05-24 10:00:00,22.0,88,6.2,220,151,0,151
1999-05-24 11:00:00,24.0,83,10.3,190,376,24,354
1999-05-24 12:00:00,24.5,80,10.3,200,327,18,310
1999-05-24 13:00:00,25.0,78,10.3,200,382,30,353
1999-05-24 14:00:00,22.0,94,6.2,210,164,0,164
1999-05-24 15:00:00,19.0,88,5.1,240,127,0,127
1999-05-24 16:00:00,20.0,88,4.6,170,101,0,101
1999-05-24 17:00:00,23.0,73,5.1,200,425,498,177
1999-05-24 18:00:00,23.0,69,4.6,220,242,465,96
1999-05-24 19:00:00,22.0,57,4.6,290,64,177,42
1999-05-24 20:00:00,20.0,43,7.7,300,0,0,0
1999-05-24 21:00:00,18.0,45,4.1,300,0,0,0
1999-05-24 22:00:00,17.0,48,3.1,280,0,0,0
1999-05-24 23:00:00,13.0,72,0.0,0,0,0,0
1999-05-25 00:00:00,10.0,87,1.5,220,0,0,0
1999-05-25 01:00:00,10.0,87,1.0,230,0,0,0
1999-05-25 02:00:00,10.0,87,1.0,120,0,0,0
1999-05-25 03:00:00,9.1,90,0.5,60,0,0,0
1999-05-25 04:00:00,8.0,93,0.0,0,0,0,0
1999-05-25 05:00:00,7.0,93,0.0,0,0,0,0
1999-05-25 06:00:00,11.0,82,0.0,0,87,128,70
1999-05-25 07:00:00,15.0,67,3.1,190,257,444,114
1999-05-25 08:00:00,19.0,56,3.6,210,447,624,132
1999-05-25 09:00:00,21.0,46,5.7,230,627,688,166
1999-05-25 10:00:00,22.0,41,7.7,230,786,750,182
1999-05-25 11:00:00,23.0,36,7.7,240,893,699,264
1999-05-25 12:00:00,22.0,41,7.2,230,684,312,388
1999-05-25 13:00:00,23.0,38,9.3,240,513,96,422
1999-05-25 14:00:00,22.1,42,8.3,240,223,12,212
1999-05-25 15:00:00,21.0,46,7.2,230,288,24,269
1999-05-25 16:00:00,22.0,43,10.3,220,544,409,272
1999-05-25 17:00:00,21.9,45,9.1,230,372,351,196
1999-05-25 18:00:00,21.3,47,7.9,240,198,199,135
1999-05-25 19:00:00,20.0,53,6.7,250,65,198,40
1999-05-25 20:00:00,17.6,63,5.0,280,0,0,0
1999-05-25 21:00:00,16.1,70,3.4,310,0,0,0
1999-05-25 22:00:00,14.9,77,1.7,330,0,0,0
1999-05-25 23:00:00,14.0,82,0.0,0,0,0,0
1999-05-26 00:00:00,12.0,88,0.0,0,0,0,0
1999-05-26 01:00:00,12.0,88,1.0,110,0,0,0
1999-05-26 02:00:00,10.9,90,0.5,60,0,0,0
1999-05-26 03:00:00,10.0,93,0.0,0,0,0,0
1999-05-26 04:00:00,11.0,94,0.0,0,0,0,0
1999-05-26 05:00:00,10.0,93,0.0,0,0,0,0
1999-05-26 06:00:00,13.0,88,0.0,0,86,127,69
1999-05-26 07:00:00,18.0,68,3.6,230,256,443,113
1999-05-26 08:00:00,21.0,60,4.1,230,400,414,190
1999-05-26 09:00:00,23.0,53,5.1,240,510,329,290
1999-05-26 10:00:00,24.0,50,5.1,270,741,575,278
1999-05-26 11:00:00,25.0,44,9.3,230,819,554,320
1999-05-26 12:00:00,25.0,47,7.7,260,951,739,249
1999-05-26 13:00:00,26.0,45,8.7,240,960,815,187
1999-05-26 14:00:00,26.0,48,6.2,240,880,646,300
1999-05-26 15:00:00,24.0,54,8.2,210,230,12,221
1999-05-26 16:00:00,25.0,44,6.2,220,185,12,177
1999-05-26 17:00:00,24.0,54,7.2,210,409,316,251
1999-05-26 18:00:00,23.0,57,4.6,230,143,57,125
1999-05-26 19:00:00,20.0,73,5.1,200,65,149,46
1999-05-26 20:00:00,20.0,73,3.1,200,0,0,0
1999-05-26 21:00:00,20.0,73,3.1,200,0,0,0
1999-05-26 22:00:00,21.0,56,5.7,360,0,0,0
1999-05-26 23:00:00,20.0,49,3.6,360,0,0,0
1999-05-27 00:00:00,18.0,52,3.1,350,0,0,0
1999-05-27 01:00:00,18.0,52,3.6,340,0,0,0
1999-05-27 02:00:00,16.0,55,3.6,310,0,0,0
1999-05-27 03:00:00,14.0,63,2.6,320,0,0,0
1999-05-27 04:00:00,13.0,72,2.6,320,0,0,0
1999-05-27 05:00:00,13.0,72,3.6,330,0,0,0
1999-05-27 06:00:00,14.0,67,4.1,320,85,119,69
1999-05-27 07:00:00,16.0,59,5.7,330,256,437,114
1999-05-27 08:00:00,17.0,63,4.6,320,440,562,155
1999-05-27 09:00:00,18.0,59,6.2,280,594,554,222
1999-05-27 10:00:00,18.0,56,7.2,330,478,121,380
1999-05-27 11:00:00,20.0,53,7.7,350,542,120,433
1999-05-27 12:00:00,20.0,53,5.1,330,921,631,321
1999-05-27 13:00:00,22.0,50,6.2,320,930,719,247
1999-05-27 14:00:00,22.0,50,5.1,300,880,735,219
1999-05-27 15:00:00,23.0,47,5.1,280,783,757,175
1999-05-27 16:00:00,23.0,31,5.1,290,612,669,164
1999-05-27 17:00:00,23.3,30,5.6,290,431,597,131
1999-05-27 18:00:00,23.0,31,6.2,290,243,443,101
1999-05-27 19:00:00,20.0,40,4.1,290,70,200,44
1999-05-27 20:00:00,17.0,55,2.1,200,0,0,0
1999-05-27 21:00:00,14.0,72,0.0,0,0,0,0
1999-05-27 22:00:00,12.0,82,0.0,0,0,0,0
1999-05-27 23:00:00,11.0,87,0.0,0,0,0,0
1999-05-28 00:00:00,11.0,87,1.0,210,0,0,0
1999-05-28 01:00:00,12.0,88,0.0,0,0,0,0
1999-05-28 02:00:00,12.0,88,1.0,220,0,0,0
1999-05-28 03:00:00,11.0,94,1.5,260,0,0,0
1999-05-28 04:00:00,14.0,77,1.5,280,0,0,0
1999-05-28 05:00:00,12.0,88,1.5,290,0,0,0
1999-05-28 06:00:00,15.0,77,1.5,300,84,110,69
1999-05-28 07:00:00,18.0,59,2.6,320,256,437,114
1999-05-28 08:00:00,21.0,56,3.6,310,447,630,126
1999-05-28 09:00:00,23.0,47,3.1,300,607,621,189
1999-05-28 10:00:00,25.0,39,4.6,310,792,744,191
1999-05-28 11:00:00,26.0,42,3.1,320,905,801,182
1999-05-28 12:00:00,26.0,39,3.6,310,975,847,169
1999-05-28 13:00:00,27.0,39,4.6,320,978,857,163
1999-05-28 14:00:00,28.0,37,5.1,310,916,837,162
1999-05-28 15:00:00,29.0,37,6.2,310,795,781,166
1999-05-28 16:00:00,29.2,37,5.4,310,634,729,146
1999-05-28 17:00:00,29.0,37,4.6,310,442,603,138
1999-05-28 18:00:00,27.0,45,4.1,250,238,432,99
1999-05-28 19:00:00,25.0,50,3.1,230,70,195,44
1999-05-28 20:00:00,22.0,60,2.6,230,0,0,0
1999-05-28 21:00:00,20.0,64,0.0,0,0,0,0
1999-05-28 22:00:00,18.0,73,0.0,0,0,0,0
1999-05-28 23:00:00,17.4,75,0.8,300,0,0,0
1999-05-29 00:00:00,17.0,77,1.5,230,0,0,0
1999-05-29 01:00:00,15.9,82,0.8,300,0,0,0
1999-05-29 02:00:00,15.0,88,0.0,0,0,0,0
1999-05-29 03:00:00,14.1,90,0.0,0,0,0,0
1999-05-29 04:00:00,13.0,94,0.0,0,0,0,0
1999-05-29 05:00:00,14.5,87,0.7,330,0,0,0
1999-05-29 06:00:00,17.1,80,1.4,310,83,102,69
1999-05-29 07:00:00,21.0,69,2.1,280,263,468,110
1999-05-29 08:00:00,25.0,44,2.6,300,433,555,150
1999-05-29 09:00:00,27.1,35,3.6,280,620,627,197
1999-05-29 10:00:00,29.0,29,4.6,260,804,774,178
1999-05-29 11:00:00,30.0,27,6.2,260,911,813,177
1999-05-29 12:00:00,31.0,26,5.7,280,945,745,236
1999-05-29 13:00:00,31.0,27,3.6,260,972,815,197
1999-05-29 14:00:00,31.0,26,5.1,230,904,801,181
1999-05-29 15:00:00,32.0,26,5.1,260,783,751,178
1999-05-29 16:00:00,32.0,34,4.6,260,629,705,156
1999-05-29 17:00:00,31.0,36,5.1,260,442,633,122
1999-05-29 18:00:00,30.0,38,3.6,300,248,484,92
1999-05-29 19:00:00,27.0,51,2.1,240,71,206,43
1999-05-29 20:00:00,24.0,54,2.1,250,0,0,0
1999-05-29 21:00:00,20.0,68,0.0,0,0,0,0
1999-05-29 22:00:00,20.0,64,3.1,260,0,0,0
1999-05-29 23:00:00,20.0,68,2.6,190,0,0,0
1999-05-30 00:00:00,19.0,68,1.5,200,0,0,0
1999-05-30 01:00:00,18.0,77,1.5,200,0,0,0
1999-05-30 02:00:00,18.0,77,2.6,200,0,0,0
1999-05-30 03:00:00,18.0,83,0.0,0,0,0,0
1999-05-30 04:00:00,17.0,88,0.0,0,0,0,0
1999-05-30 05:00:00,16.0,94,0.0,0,0,0,0
1999-05-30 06:00:00,17.0,88,0.0,0,82,102,68
1999-05-30 07:00:00,22.0,73,2.1,240,247,385,122
1999-05-30 08:00:00,24.0,69,3.1,260,439,586,140
1999-05-30 09:00:00,28.0,55,4.1,270,601,597,198
1999-05-30 10:00:00,30.0,49,4.1,260,754,629,245
1999-05-30 11:00:00,31.0,46,3.6,290,874,687,254
1999-05-30 12:00:00,32.0,46,2.6,300,957,775,219
1999-05-30 13:00:00,33.0,44,3.1,340,972,815,196
1999-05-30 14:00:00,33.0,41,3.1,270,892,747,218
1999-05-30 15:00:00,33.0,41,4.6,230,749,626,244
1999-05-30 16:00:00,33.0,34,5.1,250,612,598,210
1999-05-30 17:00:00,31.0,33,4.1,240,286,117,227
1999-05-30 18:00:00,29.8,37,2.1,300,219,273,130
1999-05-30 19:00:00,28.0,42,0.0,0,67,171,44
1999-05-30 20:00:00,24.0,57,0.0,0,0,0,0
1999-05-30 21:00:00,21.0,73,0.0,0,0,0,0
1999-05-30 22:00:00,19.0,78,0.0,0,0,0,0
1999-05-30 23:00:00,19.0,78,0.0,0,0,0,0
1999-05-31 00:00:00,18.0,83,0.0,0,0,0,0
1999-05-31 01:00:00,17.0,88,0.0,0,0,0,0
1999-05-31 02:00:00,19.0,78,0.0,0,0,0,0
1999-05-31 03:00:00,18.0,83,0.0,0,0,0,0
1999-05-31 04:00:00,17.0,88,0.0,0,0,0,0
1999-05-31 05:00:00,16.0,94,0.0,0,0,0,0
1999-05-31 06:00:00,19.0,88,0.0,0,82,93,69
1999-05-31 07:00:00,23.0,73,2.6,240,262,455,113
1999-05-31 08:00:00,26.0,61,2.6,240,439,574,146
1999-05-31 09:00:00,29.0,48,3.1,270,613,633,186
1999-05-31 10:00:00,30.0,43,3.1,260,773,702,205
1999-05-31 11:00:00,32.0,36,2.6,240,868,681,253
1999-05-31 12:00:00,33.0,32,5.1,220,945,757,223
1999-05-31 13:00:00,32.0,31,4.6,220,942,689,286
1999-05-31 14:00:00,33.0,32,2.6,210,616,221,416
1999-05-31 15:00:00,32.0,29,5.1,200,616,322,356
1999-05-31 16:00:00,31.0,46,5.1,250,489,296,289
1999-05-31 17:00:00,31.0,43,4.6,220,340,199,239
1999-05-31 18:00:00,30.0,49,4.1,190,239,364,120
1999-05-31 19:00:00,27.0,58,4.1,210,75,227,44
1999-05-31 20:00:00,24.0,65,2.6,210,0,0,0
1999-05-31 21:00:00,22.0,78,3.1,190,0,0,0
1999-05-31 22:00:00,22.1,73,2.7,190,0,0,0
1999-05-31 23:00:00,22.2,78,2.2,210,0,0,0
1999-06-01 00:00:00,22.3,78,1.8,220,0,0,0
2002-06-01 01:00:00,22.5,71,1.3,250,0,0,0
2002-06-01 02:00:00,22.6,82,0.9,280,0,0,0
2002-06-01 03:00:00,22.7,85,0.4,0,0,0,0
2002-06-01 04:00:00,22.8,87,0.0,0,0,0,0
2002-06-01 05:00:00,22.2,91,0.0,0,0,0,0
2002-06-01 06:00:00,23.3,82,2.6,320,81,47,74
2002-06-01 07:00:00,23.9,76,3.1,310,97,0,97
2002-06-01 08:00:00,25.0,69,2.6,350,405,401,200
2002-06-01 09:00:00,26.7,58,2.6,340,549,444,248
2002-06-01 10:00:00,27.2,51,1.5,320,760,677,211
2002-06-01 11:00:00,28.9,48,2.6,310,887,765,194
2002-06-01 12:00:00,28.9,44,1.5,260,945,781,200
2002-06-01 13:00:00,29.4,46,2.6,200,901,635,295
2002-06-01 14:00:00,31.1,38,2.1,230,875,724,220
2002-06-01 15:00:00,31.1,38,5.2,260,732,626,225
2002-06-01 16:00:00,31.1,42,6.2,270,613,682,152
2002-06-01 17:00:00,30.6,43,5.7,270,438,604,129
2002-06-01 18:00:00,29.4,50,2.1,230,234,353,118
2002-06-01 19:00:00,26.7,67,3.1,170,11,0,11
2002-06-01 20:00:00,24.4,76,2.6,180,0,0,0
2002-06-01 21:00:00,22.8,84,0.0,0,0,0,0
2002-06-01 22:00:00,20.6,90,1.5,190,0,0,0
2002-06-01 23:00:00,21.7,87,0.0,0,0,0,0
2002-06-02 00:00:00,18.9,96,1.5,290,0,0,0
2002-06-02 01:00:00,19.4,97,1.5,270,0,0,0
2002-06-02 02:00:00,18.9,100,0.0,0,0,0,0
2002-06-02 03:00:00,20.0,96,0.0,0,0,0,0
2002-06-02 04:00:00,17.8,96,0.0,0,0,0,0
2002-06-02 05:00:00,16.1,100,0.0,0,0,0,0
2002-06-02 06:00:00,22.2,84,3.1,250,80,93,67
2002-06-02 07:00:00,24.4,76,5.2,250,232,327,124
2002-06-02 08:00:00,27.2,62,6.7,260,358,197,257
2002-06-02 09:00:00,29.4,53,5.7,250,497,310,287
2002-06-02 10:00:00,30.6,51,6.7,270,603,302,358
2002-06-02 11:00:00,31.7,52,7.7,270,850,566,337
2002-06-02 12:00:00,31.7,47,10.3,280,685,324,375
2002-06-02 13:00:00,32.2,45,9.3,300,907,611,323
2002-06-02 14:00:00,32.2,34,9.8,280,851,658,256
2002-06-02 15:00:00,31.1,26,14.4,280,743,667,202
2002-06-02 16:00:00,28.9,31,6.7,330,602,599,196
2002-06-02 17:00:00,27.8,28,7.7,310,351,223,237
2002-06-02 18:00:00,26.7,29,5.2,310,165,68,142
2002-06-02 19:00:00,23.9,33,3.6,320,50,25,46
2002-06-02 20:00:00,22.2,38,2.6,310,0,0,0
2002-06-02 21:00:00,20.0,45,3.1,330,0,0,0
2002-06-02 22:00:00,21.7,39,3.1,320,0,0,0
2002-06-02 23:00:00,19.4,47,2.6,340,0,0,0
2002-06-03 00:00:00,18.3,50,3.1,330,0,0,0
2002-06-03 01:00:00,17.8,56,4.1,320,0,0,0
2002-06-03 02:00:00,18.9,50,3.1,330,0,0,0
2002-06-03 03:00:00,17.2,56,2.1,350,0,0,0
2002-06-03 04:00:00,16.1,64,0.0,0,0,0,0
2002-06-03 05:00:00,14.4,75,0.0,0,0,0,0
2002-06-03 06:00:00,16.7,67,2.1,40,80,77,69
2002-06-03 07:00:00,18.3,48,4.1,80,254,442,108
2002-06-03 08:00:00,19.4,47,4.6,80,425,568,134
2002-06-03 09:00:00,20.6,44,2.6,20,620,694,150
2002-06-03 10:00:00,22.2,43,2.6,40,741,665,202
2002-06-03 11:00:00,23.3,43,4.1,50,887,759,199
2002-06-03 12:00:00,23.3,41,2.6,350,927,733,227
2002-06-03 13:00:00,24.4,37,3.1,290,925,725,232
2002-06-03 14:00:00,25.6,33,4.6,310,887,759,198
2002-06-03 15:00:00,26.1,35,3.6,290,761,703,190
2002-06-03 16:00:00,25.0,43,5.2,150,613,670,159
2002-06-03 17:00:00,22.2,49,4.6,140,433,569,140
2002-06-03 18:00:00,20.6,57,3.1,140,245,428,103
2002-06-03 19:00:00,18.3,68,2.6,140,62,92,48
2002-06-03 20:00:00,16.1,78,0.0,0,0,0,0
2002-06-03 21:00:00,14.4,84,2.6,90,0,0,0
2002-06-03 22:00:00,15.0,87,1.5,130,0,0,0
2002-06-03 23:00:00,16.1,81,0.0,0,0,0,0
2002-06-04 00:00:00,16.7,78,1.5,100,0,0,0
2002-06-04 01:00:00,16.1,83,1.5,110,0,0,0
2002-06-04 02:00:00,16.7,80,1.5,130,0,0,0
2002-06-04 03:00:00,16.7,84,0.0,0,0,0,0
2002-06-04 04:00:00,16.7,86,2.1,120,0,0,0
2002-06-04 05:00:00,17.2,84,0.0,0,0,0,0
2002-06-04 06:00:00,17.8,84,0.0,0,45,0,45
2002-06-04 07:00:00,18.3,81,2.1,120,37,0,37
2002-06-04 08:00:00,21.1,66,2.6,160,398,278,256
2002-06-04 09:00:00,23.3,52,4.1,150,394,122,311
2002-06-04 10:00:00,25.0,48,5.7,140,678,484,286
2002-06-04 11:00:00,24.4,46,6.2,150,739,416,362
2002-06-04 12:00:00,25.0,43,6.2,150,909,637,300
2002-06-04 13:00:00,26.1,44,4.6,130,943,767,209
2002-06-04 14:00:00,26.1,44,8.2,110,846,622,281
2002-06-04 15:00:00,26.1,44,6.7,130,772,745,167
2002-06-04 16:00:00,25.0,52,5.7,160,596,652,153
2002-06-04 17:00:00,23.9,60,8.2,150,433,569,139
2002-06-04 18:00:00,22.8,66,7.2,150,240,422,99
2002-06-04 19:00:00,21.7,73,4.6,150,77,220,45
2002-06-04 20:00:00,20.6,81,4.1,130,0,0,0
2002-06-04 21:00:00,20.6,84,3.1,140,0,0,0
2002-06-04 22:00:00,21.1,84,4.6,150,0,0,0
2002-06-04 23:00:00,21.7,81,4.6,160,0,0,0
2002-06-05 00:00:00,21.1,84,3.6,160,0,0,0
2002-06-05 01:00:00,21.1,87,3.6,160,0,0,0
2002-06-05 02:00:00,21.1,87,5.2,170,0,0,0
2002-06-05 03:00:00,20.6,90,3.6,160,0,0,0
2002-06-05 04:00:00,20.6,90,3.1,170,0,0,0
2002-06-05 05:00:00,21.1,90,3.1,180,0,0,0
2002-06-05 06:00:00,21.7,87,3.6,190,45,0,45
2002-06-05 07:00:00,22.8,84,4.6,200,127,6,125
2002-06-05 08:00:00,25.6,71,6.2,210,378,308,219
2002-06-05 09:00:00,26.7,67,6.7,230,594,578,202
2002-06-05 10:00:00,27.8,67,5.7,210,716,605,225
2002-06-05 11:00:00,28.9,63,5.7,240,862,651,272
2002-06-05 12:00:00,30.0,61,4.6,200,878,619,287
2002-06-05 13:00:00,30.0,61,4.6,210,895,623,299
2002-06-05 14:00:00,31.1,59,3.1,240,852,652,260
2002-06-05 15:00:00,31.7,57,4.6,200,732,620,228
2002-06-05 16:00:00,30.6,63,5.7,160,568,557,189
2002-06-05 17:00:00,29.4,65,5.2,150,417,463,177
2002-06-05 18:00:00,26.7,71,5.2,160,216,291,118
2002-06-05 19:00:00,24.4,79,5.2,160,78,246,42
2002-06-05 20:00:00,23.3,85,4.1,180,0,0,0
2002-06-05 21:00:00,23.3,87,4.6,170,0,0,0
2002-06-05 22:00:00,23.3,87,4.1,180,0,0,0
2002-06-05 23:00:00,23.3,91,2.1,40,0,0,0
2002-06-06 00:00:00,22.2,91,2.1,140,0,0,0
2002-06-06 01:00:00,23.3,87,2.6,190,0,0,0
2002-06-06 02:00:00,24.4,82,4.6,210,0,0,0
2002-06-06 03:00:00,23.9,84,4.1,220,0,0,0
2002-06-06 04:00:00,23.9,84,3.6,220,0,0,0
2002-06-06 05:00:00,23.3,87,4.6,220,0,0,0
2002-06-06 06:00:00,23.9,82,3.6,260,90,123,72
2002-06-06 07:00:00,24.4,79,5.7,230,253,429,111
2002-06-06 08:00:00,26.7,71,4.6,220,425,530,152
2002-06-06 09:00:00,27.8,69,4.1,220,581,548,209
2002-06-06 10:00:00,29.4,63,4.1,240,754,653,223
2002-06-06 11:00:00,30.0,63,2.6,240,881,735,214
2002-06-06 12:00:00,31.1,57,2.6,240,939,769,203
2002-06-06 13:00:00,32.2,54,4.1,240,937,761,208
2002-06-06 14:00:00,33.3,52,4.1,220,869,694,239
2002-06-06 15:00:00,32.8,52,3.6,170,738,596,252
2002-06-06 16:00:00,32.2,54,4.1,200,540,379,281
2002-06-06 17:00:00,29.4,68,3.6,170,184,12,178
2002-06-06 18:00:00,21.0,94,3.6,190,85,0,85
2002-06-06 19:00:00,20.0,100,2.6,200,31,0,31
2002-06-06 20:00:00,20.6,96,2.6,210,0,0,0
2002-06-06 21:00:00,20.6,100,3.1,150,0,0,0
2002-06-06 22:00:00,20.6,100,4.1,190,0,0,0
2002-06-06 23:00:00,21.1,97,4.1,250,0,0,0
2002-06-07 00:00:00,20.6,96,5.7,270,0,0,0
2002-06-07 01:00:00,18.9,96,4.6,300,0,0,0
2002-06-07 02:00:00,17.8,96,4.1,320,0,0,0
2002-06-07 03:00:00,17.2,97,4.1,310,0,0,0
2002-06-07 04:00:00,17.2,93,4.6,340,0,0,0
2002-06-07 05:00:00,16.7,93,3.1,340,0,0,0
2002-06-07 06:00:00,17.0,88,2.6,350,22,0,22
2002-06-07 07:00:00,16.0,94,2.6,350,89,0,89
2002-06-07 08:00:00,16.0,100,5.1,360,169,0,169
2002-06-07 09:00:00,16.7,86,3.6,20,142,0,142
2002-06-07 10:00:00,18.0,77,4.6,20,170,0,170
2002-06-07 11:00:00,17.2,78,4.6,10,419,30,391
2002-06-07 12:00:00,17.8,75,5.2,10,424,30,395
2002-06-07 13:00:00,16.7,75,4.6,30,334,18,317
2002-06-07 14:00:00,16.7,78,4.1,20,329,24,307
2002-06-07 15:00:00,16.1,81,3.1,50,138,0,138
2002-06-07 16:00:00,16.7,78,2.1,50,135,0,135
2002-06-07 17:00:00,16.7,75,3.6,70,125,0,125
2002-06-07 18:00:00,16.7,72,3.1,40,105,0,105
2002-06-07 19:00:00,16.1,78,3.1,70,55,46,48
2002-06-07 20:00:00,15.0,83,2.6,70,0,0,0
2002-06-07 21:00:00,13.9,89,1.5,60,0,0,0
2002-06-07 22:00:00,12.8,96,0.0,0,0,0,0
2002-06-07 23:00:00,11.7,100,0.0,0,0,0,0
2002-06-08 00:00:00,10.6,100,1.5,350,0,0,0
2002-06-08 01:00:00,11.7,100,2.1,360,0,0,0
2002-06-08 02:00:00,12.0,94,1.5,360,0,0,0
2002-06-08 03:00:00,11.1,100,1.5,10,0,0,0
2002-06-08 04:00:00,10.6,100,1.5,340,0,0,0
2002-06-08 05:00:00,8.0,100,0.0,0,0,0,0
2002-06-08 06:00:00,12.2,93,0.0,0,90,130,71
2002-06-08 07:00:00,14.4,87,2.6,40,253,422,113
2002-06-08 08:00:00,16.1,75,4.1,80,418,530,145
2002-06-08 09:00:00,17.2,70,3.6,60,613,645,175
2002-06-08 10:00:00,18.9,63,3.1,60,766,720,182
2002-06-08 11:00:00,20.0,47,3.6,50,887,777,182
2002-06-08 12:00:00,21.1,53,3.1,70,945,793,186
2002-06-08 13:00:00,21.1,46,3.1,80,931,737,224
2002-06-08 14:00:00,21.7,44,2.6,100,887,765,190
2002-06-08 15:00:00,21.7,44,3.1,90,779,751,165
2002-06-08 16:00:00,21.1,46,3.6,70,591,617,169
2002-06-08 17:00:00,20.6,45,2.6,80,439,540,158
2002-06-08 18:00:00,19.4,54,3.1,80,256,480,93
2002-06-08 19:00:00,16.7,60,2.6,100,79,227,44
2002-06-08 20:00:00,11.1,86,2.1,110,0,0,0
2002-06-08 21:00:00,10.0,93,2.6,110,0,0,0
2002-06-08 22:00:00,9.4,97,2.6,120,0,0,0
2002-06-08 23:00:00,9.4,100,0.0,0,0,0,0
2002-06-09 00:00:00,8.9,100,0.0,0,0,0,0
2002-06-09 01:00:00,9.4,100,0.0,0,0,0,0
2002-06-09 02:00:00,7.0,100,0.0,0,0,0,0
2002-06-09 03:00:00,7.0,100,0.0,0,0,0,0
2002-06-09 04:00:00,5.0,100,0.0,0,0,0,0
2002-06-09 05:00:00,5.0,100,0.0,0,0,0,0
2002-06-09 06:00:00,8.9,100,0.0,0,89,122,72
2002-06-09 07:00:00,13.3,97,0.0,0,246,352,129
2002-06-09 08:00:00,16.7,78,2.1,250,412,500,154
2002-06-09 09:00:00,19.4,63,2.1,260,594,578,201
2002-06-09 10:00:00,21.7,55,1.5,260,754,683,198
2002-06-09 11:00:00,23.3,53,4.1,270,850,651,259
2002-06-09 12:00:00,25.0,56,3.6,250,927,715,242
2002-06-09 13:00:00,25.6,54,5.2,260,907,659,275
2002-06-09 14:00:00,25.0,54,4.1,250,869,706,227
2002-06-09 15:00:00,25.6,48,5.2,220,756,685,195
2002-06-09 16:00:00,26.1,47,5.7,260,614,652,167
2002-06-09 17:00:00,25.0,50,3.6,230,445,593,135
2002-06-09 18:00:00,24.4,54,3.1,230,257,474,95
2002-06-09 19:00:00,22.2,59,2.6,190,79,222,45
2002-06-09 20:00:00,20.0,68,2.1,170,0,0,0
2002-06-09 21:00:00,18.3,70,0.0,0,0,0,0
2002-06-09 22:00:00,16.7,78,0.0,0,0,0,0
2002-06-09 23:00:00,12.8,96,0.0,0,0,0,0
2002-06-10 00:00:00,13.3,90,0.0,0,0,0,0
2002-06-10 01:00:00,12.8,93,0.0,0,0,0,0
2002-06-10 02:00:00,11.7,96,0.0,0,0,0,0
2002-06-10 03:00:00,11.1,100,0.0,0,0,0,0
2002-06-10 04:00:00,11.7,96,0.0,0,0,0,0
2002-06-10 05:00:00,11.7,100,0.0,0,0,0,0
2002-06-10 06:00:00,16.1,93,0.0,0,89,130,70
2002-06-10 07:00:00,20.6,78,2.1,230,253,422,113
2002-06-10 08:00:00,22.8,71,2.1,240,418,500,161
2002-06-10 09:00:00,25.6,62,3.1,280,581,529,221
2002-06-10 10:00:00,27.2,61,2.1,360,691,538,254
2002-06-10 11:00:00,28.9,57,1.5,30,844,621,280
2002-06-10 12:00:00,30.0,55,1.5,70,897,631,293
2002-06-10 13:00:00,30.6,50,1.5,100,901,635,292
2002-06-10 14:00:00,29.4,57,3.6,130,840,580,311
2002-06-10 15:00:00,27.2,65,4.6,100,669,435,313
2002-06-10 16:00:00,26.7,62,4.6,110,186,18,174
2002-06-10 17:00:00,26.1,65,4.1,80,401,329,229
2002-06-10 18:00:00,25.0,69,3.1,90,201,143,152
2002-06-10 19:00:00,22.8,79,3.6,80,68,62,58
2002-06-10 20:00:00,20.0,90,2.6,100,0,0,0
2002-06-10 21:00:00,17.8,96,2.6,110,0,0,0
2002-06-10 22:00:00,16.7,100,0.0,0,0,0,0
2002-06-10 23:00:00,15.0,100,0.0,0,0,0,0
2002-06-11 00:00:00,16.0,100,0.0,0,0,0,0
2002-06-11 01:00:00,15.0,100,0.0,0,0,0,0
2002-06-11 02:00:00,15.0,96,0.0,0,0,0,0
2002-06-11 03:00:00,16.1,93,0.0,0,0,0,0
2002-06-11 04:00:00,16.7,96,0.0,0,0,0,0
2002-06-11 05:00:00,16.1,100,0.0,0,0,0,0
2002-06-11 06:00:00,19.4,90,2.1,210,89,107,74
2002-06-11 07:00:00,22.2,79,3.1,210,231,313,126
2002-06-11 08:00:00,24.4,69,4.1,240,405,475,160
2002-06-11 09:00:00,26.7,60,4.1,240,574,517,223
2002-06-11 10:00:00,28.9,49,0.0,0,722,617,221
2002-06-11 11:00:00,30.6,43,5.2,220,844,621,280
2002-06-11 12:00:00,31.1,39,6.2,220,921,691,259
2002-06-11 13:00:00,31.7,42,6.2,210,937,755,212
2002-06-11 14:00:00,31.7,42,4.6,200,870,700,231
2002-06-11 15:00:00,31.1,43,5.2,200,756,668,209
2002-06-11 16:00:00,31.1,43,6.7,210,591,611,172
2002-06-11 17:00:00,30.0,50,5.2,200,423,464,180
2002-06-11 18:00:00,27.8,60,4.1,170,232,355,110
2002-06-11 19:00:00,25.6,67,3.6,170,80,192,50
2002-06-11 20:00:00,23.9,74,3.1,160,0,0,0
2002-06-11 21:00:00,22.8,79,3.6,180,0,0,0
2002-06-11 22:00:00,22.8,79,3.6,190,0,0,0
2002-06-11 23:00:00,22.8,81,3.1,220,0,0,0
2002-06-12 00:00:00,23.3,79,3.6,220,0,0,0
2002-06-12 01:00:00,23.3,79,4.1,210,0,0,0
2002-06-12 02:00:00,23.3,76,3.6,220,0,0,0
2002-06-12 03:00:00,22.8,79,4.6,230,0,0,0
2002-06-12 04:00:00,22.2,82,3.1,230,0,0,0
2002-06-12 05:00:00,21.7,84,2.6,230,0,0,0
2002-06-12 06:00:00,22.2,84,2.6,230,89,107,73
2002-06-12 07:00:00,24.4,74,4.6,240,231,313,126
2002-06-12 08:00:00,25.6,69,5.2,220,439,598,131
2002-06-12 09:00:00,27.2,62,5.7,260,600,609,187
2002-06-12 10:00:00,29.4,59,5.2,250,741,659,206
2002-06-12 11:00:00,30.6,55,4.1,240,868,699,234
2002-06-12 12:00:00,31.7,45,7.7,260,915,685,259
2002-06-12 13:00:00,31.7,50,5.7,230,901,624,303
2002-06-12 14:00:00,32.2,50,6.2,250,805,556,297
2002-06-12 15:00:00,31.7,52,5.7,230,640,364,342
2002-06-12 16:00:00,32.2,52,6.2,230,434,178,311
2002-06-12 17:00:00,31.7,52,4.6,240,418,370,223
2002-06-12 18:00:00,28.3,67,9.3,260,141,29,131
2002-06-12 19:00:00,26.7,76,2.6,220,16,0,16
2002-06-12 20:00:00,25.6,79,1.5,260,0,0,0
2002-06-12 21:00:00,23.9,94,2.1,290,0,0,0
2002-06-12 22:00:00,24.4,88,3.1,300,0,0,0
2002-06-12 23:00:00,22.8,90,0.0,0,0,0,0
2002-06-13 00:00:00,22.2,93,0.0,0,0,0,0
2002-06-13 01:00:00,18.9,100,0.0,0,0,0,0
2002-06-13 02:00:00,19.4,100,1.5,110,0,0,0
2002-06-13 03:00:00,20.0,96,1.5,150,0,0,0
2002-06-13 04:00:00,18.9,100,0.0,0,0,0,0
2002-06-13 05:00:00,19.4,100,0.0,0,0,0,0
2002-06-13 06:00:00,21.1,97,3.6,70,89,114,72
2002-06-13 07:00:00,18.3,100,5.2,90,194,128,151
2002-06-13 08:00:00,18.3,97,5.7,70,202,12,196
2002-06-13 09:00:00,19.0,94,4.6,80,284,18,272
2002-06-13 10:00:00,20.0,87,4.6,90,364,30,340
2002-06-13 11:00:00,20.6,84,6.2,80,407,30,379
2002-06-13 12:00:00,21.0,83,4.1,90,745,355,406
2002-06-13 13:00:00,20.6,84,5.2,80,197,18,180
2002-06-13 14:00:00,20.6,84,5.2,90,576,233,363
2002-06-13 15:00:00,18.9,90,5.2,70,196,6,191
2002-06-13 16:00:00,17.2,100,4.1,70,101,0,101
2002-06-13 17:00:00,17.2,100,5.2,90,114,0,114
2002-06-13 18:00:00,17.2,100,3.1,100,131,11,127
2002-06-13 19:00:00,17.2,100,4.6,90,64,62,54
2002-06-13 20:00:00,17.2,100,4.6,100,0,0,0
2002-06-13 21:00:00,17.8,100,4.1,100,0,0,0
2002-06-13 22:00:00,17.8,100,3.6,90,0,0,0
2002-06-13 23:00:00,17.8,100,5.2,90,0,0,0
2002-06-14 00:00:00,17.8,100,3.6,80,0,0,0
2002-06-14 01:00:00,17.8,96,2.6,80,0,0,0
2002-06-14 02:00:00,17.2,100,3.1,70,0,0,0
2002-06-14 03:00:00,17.2,100,3.1,70,0,0,0
2002-06-14 04:00:00,17.2,100,2.6,90,0,0,0
2002-06-14 05:00:00,17.2,100,3.1,110,0,0,0
2002-06-14 06:00:00,17.2,100,5.2,70,67,23,63
2002-06-14 07:00:00,17.8,100,3.1,70,82,0,82
2002-06-14 08:00:00,18.3,100,3.1,100,108,0,108
2002-06-14 09:00:00,18.3,100,2.6,100,110,0,110
2002-06-14 10:00:00,19.4,100,2.1,120,195,0,195
2002-06-14 11:00:00,20.6,96,2.1,120,203,0,203
2002-06-14 12:00:00,22.2,93,2.1,120,224,6,218
2002-06-14 13:00:00,23.9,90,2.1,290,251,6,245
2002-06-14 14:00:00,23.9,90,2.6,290,141,0,141
2002-06-14 15:00:00,24.4,91,3.1,290,190,6,186
2002-06-14 16:00:00,26.1,79,2.6,300,456,231,297
2002-06-14 17:00:00,24.4,88,2.6,20,288,70,251
2002-06-14 18:00:00,23.3,91,2.1,10,182,103,146
2002-06-14 19:00:00,21.7,96,1.5,50,40,0,40
2002-06-14 20:00:00,19.0,100,2.6,70,0,0,0
2002-06-14 21:00:00,17.8,100,2.6,70,0,0,0
2002-06-14 22:00:00,18.0,94,2.1,60,0,0,0
2002-06-14 23:00:00,17.0,100,2.1,30,0,0,0
2002-06-15 00:00:00,17.0,100,1.5,360,0,0,0
2002-06-15 01:00:00,17.2,100,1.5,40,0,0,0
2002-06-15 02:00:00,17.2,97,2.1,360,0,0,0
2002-06-15 03:00:00,16.7,100,1.5,20,0,0,0
2002-06-15 04:00:00,16.7,96,2.1,10,0,0,0
2002-06-15 05:00:00,17.0,94,2.1,350,0,0,0
2002-06-15 06:00:00,16.1,100,2.6,20,67,23,63
2002-06-15 07:00:00,17.0,94,0.0,0,104,0,104
2002-06-15 08:00:00,16.7,96,2.1,280,148,0,148
2002-06-15 09:00:00,17.8,93,0.0,0,213,6,209
2002-06-15 10:00:00,18.9,90,0.0,0,364,54,320
2002-06-15 11:00:00,21.7,79,0.0,0,739,386,389
2002-06-15 12:00:00,22.8,73,1.5,360,721,312,422
2002-06-15 13:00:00,23.3,71,0.0,0,854,504,370
2002-06-15 14:00:00,25.0,66,0.0,0,511,126,397
2002-06-15 15:00:00,25.6,62,5.2,230,727,548,276
2002-06-15 16:00:00,22.2,79,3.6,80,524,326,299
2002-06-15 17:00:00,21.7,84,3.6,130,158,18,148
2002-06-15 18:00:00,20.0,93,3.6,130,152,29,142
2002-06-15 19:00:00,20.0,90,3.1,140,61,36,55
2002-06-15 20:00:00,17.8,100,0.0,0,0,0,0
2002-06-15 21:00:00,15.6,100,1.5,110,0,0,0
2002-06-15 22:00:00,13.9,100,0.0,0,0,0,0
2002-06-15 23:00:00,13.3,100,0.0,0,0,0,0
2002-06-16 00:00:00,13.3,100,0.0,0,0,0,0
2002-06-16 01:00:00,12.2,100,0.0,0,0,0,0
2002-06-16 02:00:00,10.0,100,2.1,120,0,0,0
2002-06-16 03:00:00,9.4,100,1.5,120,0,0,0
2002-06-16 04:00:00,9.4,100,0.0,0,0,0,0
2002-06-16 05:00:00,11.7,96,0.0,0,0,0,0
2002-06-16 06:00:00,14.4,93,0.0,0,89,122,71
2002-06-16 07:00:00,18.9,81,3.1,190,246,390,116
2002-06-16 08:00:00,22.2,68,3.1,190,432,592,128
2002-06-16 09:00:00,23.9,55,6.2,210,613,669,159
2002-06-16 10:00:00,25.6,48,6.7,240,766,726,177
2002-06-16 11:00:00,26.1,47,7.7,260,869,717,218
2002-06-16 12:00:00,26.7,47,6.2,240,915,685,258
2002-06-16 13:00:00,26.7,47,5.2,250,902,618,308
2002-06-16 14:00:00,27.2,49,6.7,270,899,712,248
2002-06-16 15:00:00,26.1,54,3.6,220,346,77,283
2002-06-16 16:00:00,27.0,48,5.2,260,614,546,237
2002-06-16 17:00:00,26.1,50,4.1,250,397,294,241
2002-06-16 18:00:00,25.6,56,2.1,220,91,0,91
2002-06-16 19:00:00,22.8,64,3.1,330,53,10,51
2002-06-16 20:00:00,20.6,75,0.0,0,0,0,0
2002-06-16 21:00:00,18.3,90,2.1,340,0,0,0
2002-06-16 22:00:00,16.7,96,0.0,0,0,0,0
2002-06-16 23:00:00,17.0,100,1.5,110,0,0,0
2002-06-17 00:00:00,16.7,100,0.0,0,0,0,0
2002-06-17 01:00:00,17.0,100,1.5,140,0,0,0
2002-06-17 02:00:00,16.7,100,0.0,0,0,0,0
2002-06-17 03:00:00,17.8,93,1.5,180,0,0,0
2002-06-17 04:00:00,18.3,93,2.1,140,0,0,0
2002-06-17 05:00:00,16.7,100,0.0,0,0,0,0
2002-06-17 06:00:00,17.8,100,0.0,0,89,92,76
2002-06-17 07:00:00,19.4,97,0.0,0,149,51,132
2002-06-17 08:00:00,22.8,64,2.6,360,439,561,150
2002-06-17 09:00:00,23.9,60,2.1,360,613,657,168
2002-06-17 10:00:00,23.9,51,1.5,350,722,617,222
2002-06-17 11:00:00,25.6,48,3.6,330,856,663,255
2002-06-17 12:00:00,26.7,42,2.6,350,933,751,213
2002-06-17 13:00:00,27.2,42,0.0,0,925,713,240
2002-06-17 14:00:00,26.7,42,4.1,290,870,694,235
2002-06-17 15:00:00,26.7,41,3.1,240,745,596,254
2002-06-17 16:00:00,26.7,42,3.1,280,569,528,204
2002-06-17 17:00:00,27.2,39,4.1,280,446,552,153
2002-06-17 18:00:00,26.1,44,4.1,260,268,504,92
2002-06-17 19:00:00,23.9,51,2.1,230,89,261,47
2002-06-17 20:00:00,18.3,81,2.1,120,0,0,0
2002-06-17 21:00:00,17.2,90,0.0,0,0,0,0
2002-06-17 22:00:00,16.7,90,0.0,0,0,0,0
2002-06-17 23:00:00,16.1,93,0.0,0,0,0,0
2002-06-18 00:00:00,13.3,97,0.0,0,0,0,0
2002-06-18 01:00:00,13.3,100,0.0,0,0,0,0
2002-06-18 02:00:00,15.0,96,0.0,0,0,0,0
2002-06-18 03:00:00,13.3,97,0.0,0,0,0,0
2002-06-18 04:00:00,12.2,100,0.0,0,0,0,0
2002-06-18 05:00:00,11.7,100,0.0,0,0,0,0
2002-06-18 06:00:00,15.6,96,0.0,0,89,107,74
2002-06-18 07:00:00,19.4,84,2.6,80,238,358,120
2002-06-18 08:00:00,22.8,61,3.1,90,419,537,143
2002-06-18 09:00:00,24.4,52,2.1,90,568,499,230
2002-06-18 10:00:00,25.6,50,3.1,150,735,653,205
2002-06-18 11:00:00,26.1,50,3.1,110,776,488,333
2002-06-18 12:00:00,26.1,54,3.1,120,679,264,425
2002-06-18 13:00:00,26.1,56,4.6,120,705,312,405
2002-06-18 14:00:00,25.6,56,5.2,110,470,78,399
2002-06-18 15:00:00,25.6,54,5.7,140,427,72,368
2002-06-18 16:00:00,25.0,58,5.2,150,383,101,314
2002-06-18 17:00:00,23.9,69,3.6,130,277,76,237
2002-06-18 18:00:00,23.9,69,3.6,140,162,46,146
2002-06-18 19:00:00,22.2,79,2.1,140,53,5,52
2002-06-18 20:00:00,18.9,93,1.5,130,0,0,0
2002-06-18 21:00:00,18.3,97,2.1,90,0,0,0
2002-06-18 22:00:00,17.8,96,0.0,0,0,0,0
2002-06-18 23:00:00,17.0,100,0.0,0,0,0,0
2002-06-19 00:00:00,16.1,100,0.0,0,0,0,0
2002-06-19 01:00:00,16.1,100,0.0,0,0,0,0
2002-06-19 02:00:00,14.4,100,0.0,0,0,0,0
2002-06-19 03:00:00,13.3,100,0.0,0,0,0,0
2002-06-19 04:00:00,15.0,100,0.0,0,0,0,0
2002-06-19 05:00:00,14.0,100,0.0,0,0,0,0
2002-06-19 06:00:00,15.6,100,0.0,0,34,0,34
2002-06-19 07:00:00,18.3,97,1.5,130,149,51,132
2002-06-19 08:00:00,20.0,93,0.0,0,149,0,149
2002-06-19 09:00:00,23.3,79,2.6,80,271,12,263
2002-06-19 10:00:00,24.4,71,2.6,100,364,54,320
2002-06-19 11:00:00,26.1,65,4.6,140,819,536,333
2002-06-19 12:00:00,26.7,54,4.6,160,885,589,320
2002-06-19 13:00:00,27.2,54,4.6,110,943,731,240
2002-06-19 14:00:00,27.2,53,4.6,150,847,568,326
2002-06-19 15:00:00,27.2,53,3.6,140,612,304,361
2002-06-19 16:00:00,25.6,62,4.6,120,536,344,297
2002-06-19 17:00:00,25.6,64,4.6,120,207,53,179
2002-06-19 18:00:00,25.0,64,3.6,170,248,332,131
2002-06-19 19:00:00,23.3,66,2.6,160,90,230,52
2002-06-19 20:00:00,21.1,76,0.0,0,0,0,0
2002-06-19 21:00:00,17.8,93,1.5,110,0,0,0
2002-06-19 22:00:00,18.9,96,2.6,110,0,0,0
2002-06-19 23:00:00,18.3,97,0.0,0,0,0,0
2002-06-20 00:00:00,16.1,100,1.5,90,0,0,0
2002-06-20 01:00:00,14.4,100,0.0,0,0,0,0
2002-06-20 02:00:00,15.0,100,0.0,0,0,0,0
2002-06-20 03:00:00,13.3,100,0.0,0,0,0,0
2002-06-20 04:00:00,13.3,100,0.0,0,0,0,0
2002-06-20 05:00:00,13.9,100,0.0,0,0,0,0
2002-06-20 06:00:00,16.7,100,2.1,60,90,123,72
2002-06-20 07:00:00,20.0,94,1.5,60,231,326,123
2002-06-20 08:00:00,22.2,79,2.6,50,425,555,141
2002-06-20 09:00:00,24.4,62,4.1,70,613,676,157
2002-06-20 10:00:00,25.6,52,3.1,80,741,653,212
2002-06-20 11:00:00,26.7,45,5.2,90,881,741,209
2002-06-20 12:00:00,27.2,41,4.1,80,940,769,202
2002-06-20 13:00:00,27.2,39,5.7,80,961,827,166
2002-06-20 14:00:00,26.7,44,4.1,80,900,778,187
2002-06-20 15:00:00,26.7,44,5.2,90,756,650,221
2002-06-20 16:00:00,26.1,45,4.6,90,603,629,167
2002-06-20 17:00:00,25.6,47,4.1,90,441,529,159
2002-06-20 18:00:00,23.9,46,4.1,90,264,464,100
2002-06-20 19:00:00,21.1,57,3.6,100,90,251,48
2002-06-20 20:00:00,17.8,78,1.5,110,0,0,0
2002-06-20 21:00:00,16.7,90,0.0,0,0,0,0
2002-06-20 22:00:00,15.0,93,0.0,0,0,0,0
2002-06-20 23:00:00,13.9,100,0.0,0,0,0,0
2002-06-21 00:00:00,11.7,100,1.5,100,0,0,0
2002-06-21 01:00:00,13.3,100,0.0,0,0,0,0
2002-06-21 02:00:00,16.7,100,0.0,0,0,0,0
2002-06-21 03:00:00,17.8,100,0.0,0,0,0,0
2002-06-21 04:00:00,17.8,100,0.0,0,0,0,0
2002-06-21 05:00:00,16.7,100,0.0,0,0,0,0
2002-06-21 06:00:00,16.7,100,2.1,80,90,100,76
2002-06-21 07:00:00,18.3,100,0.0,0,157,64,136
2002-06-21 08:00:00,22.2,79,2.6,100,405,432,184
2002-06-21 09:00:00,23.9,69,3.1,100,607,639,175
2002-06-21 10:00:00,25.6,58,4.1,100,754,696,190
2002-06-21 11:00:00,26.1,54,2.6,100,875,699,241
2002-06-21 12:00:00,26.7,51,2.6,110,812,511,323
2002-06-21 13:00:00,27.2,45,3.6,80,878,600,301
2002-06-21 14:00:00,27.2,44,4.6,120,905,772,199
2002-06-21 15:00:00,27.2,39,4.1,130,785,751,166
2002-06-21 16:00:00,26.7,41,4.1,110,637,712,143
2002-06-21 17:00:00,25.6,42,4.1,140,457,617,128
2002-06-21 18:00:00,24.4,48,3.6,110,269,487,96
2002-06-21 19:00:00,21.7,66,2.1,120,90,257,47
2002-06-21 20:00:00,16.1,93,1.5,120,0,0,0
2002-06-21 21:00:00,16.1,97,0.0,0,0,0,0
2002-06-21 22:00:00,12.8,100,0.0,0,0,0,0
2002-06-21 23:00:00,11.7,100,0.0,0,0,0,0
2002-06-22 00:00:00,13.3,100,0.0,0,0,0,0
2002-06-22 01:00:00,10.0,100,0.0,0,0,0,0
2002-06-22 02:00:00,11.7,100,1.5,120,0,0,0
2002-06-22 03:00:00,12.2,100,2.1,110,0,0,0
2002-06-22 04:00:00,10.6,100,0.0,0,0,0,0
2002-06-22 05:00:00,12.2,100,0.0,0,0,0,0
2002-06-22 06:00:00,15.0,100,0.0,0,79,54,72
2002-06-22 07:00:00,17.8,100,0.0,0,224,301,125
2002-06-22 08:00:00,21.7,87,1.5,120,432,586,133
2002-06-22 09:00:00,24.4,62,2.1,100,613,688,149
2002-06-22 10:00:00,26.1,50,2.6,70,767,738,169
2002-06-22 11:00:00,26.7,44,1.5,90,881,765,187
2002-06-22 12:00:00,27.2,39,1.5,120,934,751,214
2002-06-22 13:00:00,28.3,37,2.1,140,950,797,183
2002-06-22 14:00:00,28.9,35,3.6,160,882,730,213
2002-06-22 15:00:00,28.9,32,1.5,150,780,727,179
2002-06-22 16:00:00,28.3,37,4.6,130,620,647,171
2002-06-22 17:00:00,26.7,47,5.2,150,462,634,124
2002-06-22 18:00:00,25.0,58,4.6,160,264,459,101
2002-06-22 19:00:00,22.8,64,5.2,150,90,252,48
2002-06-22 20:00:00,18.9,81,0.0,0,0,0,0
2002-06-22 21:00:00,15.6,93,0.0,0,0,0,0
2002-06-22 22:00:00,16.1,90,0.0,0,0,0,0
2002-06-22 23:00:00,14.4,97,0.0,0,0,0,0
2002-06-23 00:00:00,11.7,100,0.0,0,0,0,0
2002-06-23 01:00:00,11.7,100,2.1,120,0,0,0
2002-06-23 02:00:00,11.7,100,0.0,0,0,0,0
2002-06-23 03:00:00,12.2,100,0.0,0,0,0,0
2002-06-23 04:00:00,13.9,100,0.0,0,0,0,0
2002-06-23 05:00:00,13.9,100,0.0,0,0,0,0
2002-06-23 06:00:00,15.6,100,0.0,0,80,85,68
2002-06-23 07:00:00,18.3,100,0.0,0,209,186,148
2002-06-23 08:00:00,22.8,90,2.1,310,432,592,130
2002-06-23 09:00:00,25.6,67,3.6,260,601,645,166
2002-06-23 10:00:00,27.8,46,2.1,260,761,720,178
2002-06-23 11:00:00,28.3,41,2.6,250,887,771,188
2002-06-23 12:00:00,30.0,42,2.6,250,940,775,197
2002-06-23 13:00:00,29.4,46,4.6,250,926,696,257
2002-06-23 14:00:00,30.0,43,3.1,290,900,778,187
2002-06-23 15:00:00,30.6,40,4.1,250,768,686,202
2002-06-23 16:00:00,30.0,45,4.6,280,615,647,165
2002-06-23 17:00:00,29.4,46,4.6,220,457,605,134
2002-06-23 18:00:00,28.3,53,2.6,240,264,459,101
2002-06-23 19:00:00,26.7,60,1.5,210,94,257,51
2002-06-23 20:00:00,23.9,76,3.1,180,0,0,0
2002-06-23 21:00:00,22.2,79,1.5,180,0,0,0
2002-06-23 22:00:00,20.6,87,0.0,0,0,0,0
2002-06-23 23:00:00,21.1,93,0.0,0,0,0,0
2002-06-24 00:00:00,17.2,100,0.0,0,0,0,0
2002-06-24 01:00:00,20.0,100,0.0,0,0,0,0
2002-06-24 02:00:00,18.0,100,0.0,0,0,0,0
2002-06-24 03:00:00,17.0,100,0.0,0,0,0,0
2002-06-24 04:00:00,19.0,100,0.0,0,0,0,0
2002-06-24 05:00:00,18.9,100,0.0,0,0,0,0
2002-06-24 06:00:00,21.7,100,2.1,250,80,93,67
2002-06-24 07:00:00,24.4,91,2.6,260,232,333,123
2002-06-24 08:00:00,27.2,74,4.1,270,419,555,136
2002-06-24 09:00:00,29.4,63,4.6,290,594,621,176
2002-06-24 10:00:00,31.1,57,4.6,260,761,720,178
2002-06-24 11:00:00,32.8,49,4.1,300,863,705,224
2002-06-24 12:00:00,33.3,44,4.1,310,916,691,253
2002-06-24 13:00:00,33.9,44,3.1,280,914,672,268
2002-06-24 14:00:00,33.9,41,1.5,260,864,670,250
2002-06-24 15:00:00,34.4,37,4.1,230,762,686,196
2002-06-24 16:00:00,34.4,40,5.2,260,615,647,165
2002-06-24 17:00:00,33.3,44,4.6,270,446,535,160
2002-06-24 18:00:00,32.2,47,4.1,260,244,367,113
2002-06-24 19:00:00,30.0,57,2.1,230,90,220,53
2002-06-24 20:00:00,26.1,72,0.0,0,0,0,0
2002-06-24 21:00:00,22.8,87,0.0,0,0,0,0
2002-06-24 22:00:00,22.8,87,0.0,0,0,0,0
2002-06-24 23:00:00,22.2,87,1.5,190,0,0,0
2002-06-25 00:00:00,21.7,90,0.0,0,0,0,0
2002-06-25 01:00:00,18.9,96,0.0,0,0,0,0
2002-06-25 02:00:00,20.0,96,0.0,0,0,0,0
2002-06-25 03:00:00,20.0,100,0.0,0,0,0,0
2002-06-25 04:00:00,18.3,100,0.0,0,0,0,0
2002-06-25 05:00:00,19.0,100,0.0,0,0,0,0
2002-06-25 06:00:00,22.2,100,0.0,0,80,93,67
2002-06-25 07:00:00,26.1,85,2.6,260,202,135,158
2002-06-25 08:00:00,28.3,74,2.1,340,385,407,178
2002-06-25 09:00:00,29.4,63,3.6,340,569,499,233
2002-06-25 10:00:00,31.7,56,3.1,330,723,629,214
2002-06-25 11:00:00,33.3,47,3.1,340,826,597,286
2002-06-25 12:00:00,34.4,45,3.6,340,916,691,254
2002-06-25 13:00:00,35.0,40,2.1,330,920,678,268
2002-06-25 14:00:00,35.0,40,2.1,50,817,580,285
2002-06-25 15:00:00,32.8,61,4.6,130,728,566,260
2002-06-25 16:00:00,31.7,65,5.2,110,434,172,315
2002-06-25 17:00:00,31.1,66,5.2,120,332,141,256
2002-06-25 18:00:00,29.4,72,4.1,130,203,126,158
2002-06-25 19:00:00,27.8,77,3.1,150,90,220,53
2002-06-25 20:00:00,26.1,85,2.6,160,0,0,0
2002-06-25 21:00:00,22.8,100,0.0,0,0,0,0
2002-06-25 22:00:00,23.3,94,0.0,0,0,0,0
2002-06-25 23:00:00,22.8,96,0.0,0,0,0,0
2002-06-26 00:00:00,22.2,97,1.5,120,0,0,0
2002-06-26 01:00:00,21.0,100,1.5,140,0,0,0
2002-06-26 02:00:00,24.4,88,2.6,220,0,0,0
2002-06-26 03:00:00,25.0,84,2.6,230,0,0,0
2002-06-26 04:00:00,25.0,84,2.6,220,0,0,0
2002-06-26 05:00:00,24.4,91,2.1,210,0,0,0
2002-06-26 06:00:00,25.6,85,3.6,230,81,70,71
2002-06-26 07:00:00,27.8,77,3.6,240,135,26,126
2002-06-26 08:00:00,28.3,72,5.7,230,406,444,180
2002-06-26 09:00:00,30.0,65,5.2,240,569,517,221
2002-06-26 10:00:00,30.6,63,4.6,250,736,647,213
2002-06-26 11:00:00,31.7,59,4.1,230,598,211,407
2002-06-26 12:00:00,32.8,52,5.7,230,934,697,266
2002-06-26 13:00:00,33.9,46,5.2,200,962,827,166
2002-06-26 14:00:00,33.3,47,5.7,190,900,796,170
2002-06-26 15:00:00,33.3,51,6.7,230,786,715,194
2002-06-26 16:00:00,32.2,56,6.2,200,587,552,203
2002-06-26 17:00:00,31.1,57,6.2,210,457,552,161
2002-06-26 18:00:00,29.4,70,5.2,180,183,103,146
2002-06-26 19:00:00,27.8,77,4.1,170,33,0,33
2002-06-26 20:00:00,27.2,79,4.1,190,0,0,0
2002-06-26 21:00:00,27.2,74,3.1,220,0,0,0
2002-06-26 22:00:00,24.4,94,2.1,180,0,0,0
2002-06-26 23:00:00,25.6,87,2.6,200,0,0,0
2002-06-27 00:00:00,25.6,85,4.1,230,0,0,0
2002-06-27 01:00:00,25.6,85,5.2,230,0,0,0
2002-06-27 02:00:00,25.6,85,4.1,230,0,0,0
2002-06-27 03:00:00,25.0,88,3.1,220,0,0,0
2002-06-27 04:00:00,25.0,88,3.6,220,0,0,0
2002-06-27 05:00:00,25.0,84,3.1,240,0,0,0
2002-06-27 06:00:00,25.0,84,4.1,230,47,0,47
2002-06-27 07:00:00,25.0,88,5.2,230,127,13,123
2002-06-27 08:00:00,25.6,85,4.6,240,95,0,95
2002-06-27 09:00:00,26.1,82,3.6,240,239,18,227
2002-06-27 10:00:00,27.2,74,5.2,240,516,194,359
2002-06-27 11:00:00,28.9,70,5.2,220,746,434,353
2002-06-27 12:00:00,30.0,65,5.2,230,770,409,379
2002-06-27 13:00:00,30.0,67,5.7,230,579,144,441
2002-06-27 14:00:00,30.6,63,5.7,240,576,167,423
2002-06-27 15:00:00,29.4,72,5.2,210,399,72,339
2002-06-27 16:00:00,30.0,65,7.2,200,570,445,260
2002-06-27 17:00:00,30.6,61,7.2,220,365,258,226
2002-06-27 18:00:00,29.3,66,5.6,210,264,367,133
2002-06-27 19:00:00,27.8,74,4.1,200,29,0,29
2002-06-27 20:00:00,26.7,79,4.1,210,0,0,0
2002-06-27 21:00:00,23.0,94,4.6,260,0,0,0
2002-06-27 22:00:00,22.8,96,2.6,210,0,0,0
2002-06-27 23:00:00,22.8,90,3.1,230,0,0,0
2002-06-28 00:00:00,22.2,93,2.6,210,0,0,0
2002-06-28 01:00:00,22.8,94,3.6,240,0,0,0
2002-06-28 02:00:00,22.8,94,5.2,250,0,0,0
2002-06-28 03:00:00,22.8,90,3.6,230,0,0,0
2002-06-28 04:00:00,22.8,94,1.5,180,0,0,0
2002-06-28 05:00:00,22.8,94,3.1,220,0,0,0
2002-06-28 06:00:00,22.8,94,2.6,230,70,47,64
2002-06-28 07:00:00,24.4,88,4.1,280,248,398,119
2002-06-28 08:00:00,25.6,76,4.6,270,345,228,230
2002-06-28 09:00:00,26.1,69,4.1,300,562,426,277
2002-06-28 10:00:00,26.1,69,5.2,270,289,24,270
2002-06-28 11:00:00,22.8,94,2.1,220,333,18,317
2002-06-28 12:00:00,23.3,94,6.7,310,352,24,329
2002-06-28 13:00:00,24.4,79,4.1,290,352,24,329
2002-06-28 14:00:00,26.7,71,5.2,280,335,24,313
2002-06-28 15:00:00,26.1,72,4.1,280,324,18,309
2002-06-28 16:00:00,27.0,70,4.1,290,418,154,310
2002-06-28 17:00:00,27.8,63,4.1,260,441,476,186
2002-06-28 18:00:00,27.2,65,3.1,290,249,396,108
2002-06-28 19:00:00,26.1,69,1.5,240,95,273,48
2002-06-28 20:00:00,24.4,82,0.0,0,0,0,0
2002-06-28 21:00:00,22.8,87,0.0,0,0,0,0
2002-06-28 22:00:00,21.1,97,0.0,0,0,0,0
2002-06-28 23:00:00,21.7,93,0.0,0,0,0,0
2002-06-29 00:00:00,17.8,96,0.0,0,0,0,0
2002-06-29 01:00:00,18.9,100,0.0,0,0,0,0
2002-06-29 02:00:00,20.0,93,0.0,0,0,0,0
2002-06-29 03:00:00,20.0,96,1.5,280,0,0,0
2002-06-29 04:00:00,18.9,100,0.0,0,0,0,0
2002-06-29 05:00:00,16.1,100,0.0,0,0,0,0
2002-06-29 06:00:00,21.0,88,2.6,340,83,110,68
2002-06-29 07:00:00,22.8,73,1.5,360,240,398,112
2002-06-29 08:00:00,24.4,64,3.6,10,420,580,127
2002-06-29 09:00:00,26.1,56,2.1,350,595,639,167
2002-06-29 10:00:00,27.8,51,3.6,40,742,665,206
2002-06-29 11:00:00,28.9,44,4.1,350,863,699,231
2002-06-29 12:00:00,30.6,43,5.2,350,940,739,233
2002-06-29 13:00:00,30.0,40,2.6,360,813,504,328
2002-06-29 14:00:00,29.4,40,2.1,20,835,610,276
2002-06-29 15:00:00,29.4,45,4.6,40,774,704,192
2002-06-29 16:00:00,28.9,43,3.6,60,615,647,164
2002-06-29 17:00:00,28.3,46,4.1,80,452,552,155
2002-06-29 18:00:00,27.8,47,2.1,40,228,252,139
2002-06-29 19:00:00,24.4,64,1.5,100,91,242,50
2002-06-29 20:00:00,21.1,81,0.0,0,0,0,0
2002-06-29 21:00:00,19.4,84,2.1,120,0,0,0
2002-06-29 22:00:00,18.3,90,0.0,0,0,0,0
2002-06-29 23:00:00,15.0,100,0.0,0,0,0,0
2002-06-30 00:00:00,17.2,97,1.5,310,0,0,0
2002-06-30 01:00:00,14.4,97,0.0,0,0,0,0
2002-06-30 02:00:00,14.4,100,0.0,0,0,0,0
2002-06-30 03:00:00,13.9,100,0.0,0,0,0,0
2002-06-30 04:00:00,13.9,100,1.5,120,0,0,0
2002-06-30 05:00:00,13.3,100,0.0,0,0,0,0
2002-06-30 06:00:00,14.4,100,0.0,0,83,126,66
2002-06-30 07:00:00,18.9,96,0.0,0,211,257,128
2002-06-30 08:00:00,24.4,60,0.0,0,379,408,174
2002-06-30 09:00:00,26.1,67,0.0,0,537,432,248
2002-06-30 10:00:00,28.3,57,1.5,10,660,466,285
2002-06-30 11:00:00,28.9,51,1.5,30,826,585,298
2002-06-30 12:00:00,30.0,46,2.1,40,776,427,368
2002-06-30 13:00:00,30.0,43,3.6,120,777,420,373
2002-06-30 14:00:00,28.9,48,4.6,130,606,209,414
2002-06-30 15:00:00,30.0,43,2.6,140,711,531,272
2002-06-30 16:00:00,29.4,45,4.1,150,593,540,216
2002-06-30 17:00:00,28.3,48,4.1,140,348,211,235
2002-06-30 18:00:00,27.2,51,4.6,130,234,298,127
2002-06-30 19:00:00,23.9,60,2.1,140,91,242,50
2002-06-30 20:00:00,21.7,68,1.5,110,0,0,0
2002-06-30 21:00:00,18.9,81,1.5,100,0,0,0
2002-06-30 22:00:00,18.9,84,1.3,0,0,0,0
2002-06-30 23:00:00,18.9,90,1.1,0,0,0,0
2002-07-01 00:00:00,18.9,93,0.9,0,0,0,0
1997-07-01 01:00:00,19.0,100,0.6,0,0,0,0
1997-07-01 02:00:00,19.0,94,0.4,0,0,0,0
1997-07-01 03:00:00,19.0,100,0.2,0,0,0,0
1997-07-01 04:00:00,19.0,94,0.0,0,0,0,0
1997-07-01 05:00:00,19.0,100,0.0,0,0,0,0
1997-07-01 06:00:00,20.0,94,0.0,0,43,5,42
1997-07-01 07:00:00,23.0,83,2.6,30,95,22,88
1997-07-01 08:00:00,26.0,65,2.6,160,261,99,212
1997-07-01 09:00:00,28.0,55,2.1,170,216,85,159
1997-07-01 10:00:00,28.0,51,2.1,140,278,0,278
1997-07-01 11:00:00,27.0,62,3.1,140,320,0,320
1997-07-01 12:00:00,28.0,58,3.1,150,342,0,342
1997-07-01 13:00:00,28.0,58,3.6,160,344,0,344
1997-07-01 14:00:00,28.0,58,3.6,130,326,0,326
1997-07-01 15:00:00,28.0,58,4.1,140,288,0,288
1997-07-01 16:00:00,27.0,58,5.1,140,232,0,232
1997-07-01 17:00:00,26.0,65,3.6,150,164,0,164
1997-07-01 18:00:00,25.0,69,3.6,160,76,0,76
1997-07-01 19:00:00,24.0,74,2.6,140,41,0,41
1997-07-01 20:00:00,23.0,89,2.1,150,3,0,3
1997-07-01 21:00:00,22.0,94,1.5,140,0,0,0
1997-07-01 22:00:00,22.0,94,0.0,0,0,0,0
1997-07-01 23:00:00,21.0,100,0.0,0,0,0,0
1997-07-02 00:00:00,21.0,94,2.1,160,0,0,0
1997-07-02 01:00:00,21.0,94,2.6,160,0,0,0
1997-07-02 02:00:00,21.0,94,0.0,0,0,0,0
1997-07-02 03:00:00,21.0,94,0.0,0,0,0,0
1997-07-02 04:00:00,21.0,94,0.0,0,0,0,0
1997-07-02 05:00:00,21.0,94,2.1,40,0,0,0
1997-07-02 06:00:00,21.0,94,2.1,90,35,0,35
1997-07-02 07:00:00,20.0,100,2.6,130,81,0,81
1997-07-02 08:00:00,22.0,94,2.6,130,124,0,124
1997-07-02 09:00:00,23.0,94,2.6,130,177,0,177
1997-07-02 10:00:00,23.2,90,2.6,130,224,0,224
1997-07-02 11:00:00,23.0,89,4.6,180,217,0,217
1997-07-02 12:00:00,23.2,90,3.4,160,277,0,277
1997-07-02 13:00:00,23.0,94,2.1,140,279,0,279
1997-07-02 14:00:00,25.0,89,2.1,160,264,0,264
1997-07-02 15:00:00,26.0,84,2.6,200,233,0,233
1997-07-02 16:00:00,27.0,79,4.1,200,187,0,187
1997-07-02 17:00:00,27.0,74,4.1,200,298,41,276
1997-07-02 18:00:00,27.0,74,4.1,170,120,17,114
1997-07-02 19:00:00,25.0,83,4.1,170,57,0,57
1997-07-02 20:00:00,24.0,89,2.6,170,4,0,4
1997-07-02 21:00:00,23.0,94,2.6,160,0,0,0
1997-07-02 22:00:00,23.0,94,2.6,160,0,0,0
1997-07-02 23:00:00,23.0,94,3.1,170,0,0,0
1997-07-03 00:00:00,23.0,100,2.6,170,0,0,0
1997-07-03 01:00:00,23.0,94,2.6,170,0,0,0
1997-07-03 02:00:00,23.0,94,2.1,190,0,0,0
1997-07-03 03:00:00,23.0,94,2.6,200,0,0,0
1997-07-03 04:00:00,23.0,94,2.6,180,0,0,0
1997-07-03 05:00:00,22.0,100,2.1,180,0,1,0
1997-07-03 06:00:00,23.0,94,2.1,180,38,24,34
1997-07-03 07:00:00,24.0,94,3.1,180,171,296,77
1997-07-03 08:00:00,27.0,79,3.6,220,378,492,132
1997-07-03 09:00:00,28.0,74,4.1,220,480,236,323
1997-07-03 10:00:00,30.0,66,5.1,240,636,531,210
1997-07-03 11:00:00,31.0,63,6.2,220,670,430,283
1997-07-03 12:00:00,32.0,56,5.1,230,902,704,231
1997-07-03 13:00:00,32.0,56,5.1,220,960,849,147
1997-07-03 14:00:00,33.0,53,4.6,230,847,705,202
1997-07-03 15:00:00,33.0,56,5.1,230,687,579,209
1997-07-03 16:00:00,32.0,59,5.1,210,321,152,215
1997-07-03 17:00:00,32.0,63,4.6,190,317,169,226
1997-07-03 18:00:00,30.0,70,4.1,180,240,363,111
1997-07-03 19:00:00,29.0,74,3.1,180,92,210,56
1997-07-03 20:00:00,26.0,89,2.6,180,4,21,4
1997-07-03 21:00:00,26.0,84,2.6,180,0,0,0
1997-07-03 22:00:00,25.0,89,2.6,180,0,0,0
1997-07-03 23:00:00,25.0,89,2.6,200,0,0,0
1997-07-04 00:00:00,26.0,84,2.6,210,0,0,0
1997-07-04 01:00:00,25.0,89,2.1,220,0,0,0
1997-07-04 02:00:00,25.0,78,2.6,310,0,0,0
1997-07-04 03:00:00,23.0,83,1.3,340,0,0,0
1997-07-04 04:00:00,21.0,88,0.0,0,0,0,0
1997-07-04 05:00:00,20.0,88,0.0,0,0,0,0
1997-07-04 06:00:00,22.0,88,0.0,0,51,27,48
1997-07-04 07:00:00,26.0,70,2.1,300,173,172,118
1997-07-04 08:00:00,28.0,58,2.1,290,341,270,206
1997-07-04 09:00:00,30.0,52,3.6,290,469,275,287
1997-07-04 10:00:00,31.0,46,6.2,290,704,487,314
1997-07-04 11:00:00,31.5,40,6.2,280,805,559,303
1997-07-04 12:00:00,32.0,36,6.2,260,874,578,323
1997-07-04 13:00:00,32.0,38,7.7,260,903,610,319
1997-07-04 14:00:00,32.0,41,5.7,260,835,584,300
1997-07-04 15:00:00,33.0,41,6.2,260,653,358,357
1997-07-04 16:00:00,33.0,44,5.1,240,579,336,345
1997-07-04 17:00:00,33.0,41,5.1,250,398,374,198
1997-07-04 18:00:00,33.0,44,3.1,240,171,51,153
1997-07-04 19:00:00,30.0,55,3.1,200,68,15,66
1997-07-04 20:00:00,27.0,74,2.1,210,4,0,4
1997-07-04 21:00:00,25.0,94,2.1,320,0,0,0
1997-07-04 22:00:00,25.0,78,2.1,340,0,0,0
1997-07-04 23:00:00,24.0,83,2.1,340,0,0,0
1997-07-05 00:00:00,24.0,89,0.0,0,0,0,0
1997-07-05 01:00:00,24.0,74,2.6,340,0,0,0
1997-07-05 02:00:00,24.0,74,2.1,350,0,0,0
1997-07-05 03:00:00,23.0,71,3.1,350,0,0,0
1997-07-05 04:00:00,22.0,69,4.1,360,0,0,0
1997-07-05 05:00:00,22.0,69,3.1,10,0,0,0
1997-07-05 06:00:00,21.0,69,2.6,20,55,7,54
1997-07-05 07:00:00,22.0,64,2.1,20,144,31,134
1997-07-05 08:00:00,23.0,61,2.1,30,118,0,118
1997-07-05 09:00:00,23.0,61,2.1,30,174,0,174
1997-07-05 10:00:00,23.0,57,2.1,10,221,0,221
1997-07-05 11:00:00,25.0,50,2.1,20,634,109,536
1997-07-05 12:00:00,26.0,45,2.6,320,417,75,345
1997-07-05 13:00:00,26.0,48,3.6,260,275,0,275
1997-07-05 14:00:00,26.0,48,3.6,290,260,0,260
1997-07-05 15:00:00,27.0,42,3.6,280,230,0,230
1997-07-05 16:00:00,26.0,48,2.6,280,186,0,186
1997-07-05 17:00:00,25.0,57,2.6,280,131,0,131
1997-07-05 18:00:00,25.0,54,2.1,250,74,0,74
1997-07-05 19:00:00,25.0,54,2.6,250,82,16,80
1997-07-05 20:00:00,22.0,73,2.1,340,3,0,3
1997-07-05 21:00:00,20.0,83,0.0,0,0,0,0
1997-07-05 22:00:00,19.0,88,0.0,0,0,0,0
1997-07-05 23:00:00,18.0,94,0.0,0,0,0,0
1997-07-06 00:00:00,18.0,94,0.0,0,0,0,0
1997-07-06 01:00:00,17.0,94,0.0,0,0,0,0
1997-07-06 02:00:00,17.0,94,0.0,0,0,0,0
1997-07-06 03:00:00,16.5,97,0.0,0,0,0,0
1997-07-06 04:00:00,16.0,100,0.0,0,0,0,0
1997-07-06 05:00:00,16.0,94,0.0,0,0,0,0
1997-07-06 06:00:00,17.0,88,0.0,0,46,23,43
1997-07-06 07:00:00,21.0,78,0.0,0,166,175,111
1997-07-06 08:00:00,25.0,61,0.0,0,393,483,154
1997-07-06 09:00:00,27.0,48,2.1,80,587,591,196
1997-07-06 10:00:00,27.7,46,2.4,100,710,526,289
1997-07-06 11:00:00,28.0,45,2.6,120,320,0,320
1997-07-06 12:00:00,29.0,45,2.6,130,343,0,343
1997-07-06 13:00:00,30.0,43,2.6,150,345,0,345
1997-07-06 14:00:00,28.0,51,7.2,170,671,302,394
1997-07-06 15:00:00,28.0,55,6.2,170,666,146,545
1997-07-06 16:00:00,28.0,48,3.1,150,232,0,232
1997-07-06 17:00:00,27.0,51,3.6,170,163,0,163
1997-07-06 18:00:00,27.0,54,2.6,140,159,70,134
1997-07-06 19:00:00,25.0,61,2.6,150,56,0,56
1997-07-06 20:00:00,22.0,78,2.1,150,2,0,2
1997-07-06 21:00:00,21.0,83,2.1,150,0,0,0
1997-07-06 22:00:00,20.0,88,2.1,150,0,0,0
1997-07-06 23:00:00,19.0,88,2.1,150,0,0,0
1997-07-07 00:00:00,19.0,94,0.0,0,0,0,0
1997-07-07 01:00:00,20.0,88,0.0,0,0,0,0
1997-07-07 02:00:00,19.5,90,0.0,0,0,0,0
1997-07-07 03:00:00,19.0,94,0.0,0,0,0,0
1997-07-07 04:00:00,19.0,94,0.0,0,0,0,0
1997-07-07 05:00:00,20.0,94,0.0,0,0,0,0
1997-07-07 06:00:00,21.0,94,0.0,0,57,7,56
1997-07-07 07:00:00,23.0,89,0.0,0,95,75,71
1997-07-07 08:00:00,25.2,79,0.0,0,371,189,278
1997-07-07 09:00:00,27.0,70,0.0,0,580,572,202
1997-07-07 10:00:00,27.0,70,0.0,0,310,66,257
1997-07-07 11:00:00,28.0,66,0.0,0,586,330,289
1997-07-07 12:00:00,30.0,55,0.0,0,789,511,303
1997-07-07 13:00:00,31.0,52,2.1,330,855,518,360
1997-07-07 14:00:00,32.0,43,2.1,310,791,540,297
1997-07-07 15:00:00,32.0,49,3.6,280,431,89,358
1997-07-07 16:00:00,32.0,46,3.1,300,362,86,302
1997-07-07 17:00:00,30.0,52,4.1,310,328,230,205
1997-07-07 18:00:00,26.0,74,4.1,100,91,33,80
1997-07-07 19:00:00,25.0,74,3.1,120,69,0,69
1997-07-07 20:00:00,24.0,78,0.0,0,3,0,3
1997-07-07 21:00:00,23.0,83,0.0,0,0,0,0
1997-07-07 22:00:00,22.0,88,2.6,250,0,0,0
1997-07-07 23:00:00,20.0,94,0.0,0,0,0,0
1997-07-08 00:00:00,20.0,94,0.0,0,0,0,0
1997-07-08 01:00:00,19.0,100,0.0,0,0,0,0
1997-07-08 02:00:00,18.0,100,0.0,0,0,0,0
1997-07-08 03:00:00,17.5,100,0.0,0,0,0,0
1997-07-08 04:00:00,17.0,100,0.0,0,0,0,0
1997-07-08 05:00:00,17.0,94,0.0,0,0,7,0
1997-07-08 06:00:00,19.0,88,0.0,0,65,263,33
1997-07-08 07:00:00,23.6,72,0.0,0,219,517,58
1997-07-08 08:00:00,28.0,58,0.0,0,402,511,150
1997-07-08 09:00:00,29.0,48,0.0,0,500,475,187
1997-07-08 10:00:00,30.0,43,0.0,0,407,206,243
1997-07-08 11:00:00,31.0,38,2.6,50,718,445,319
1997-07-08 12:00:00,32.0,34,2.6,110,827,475,375
1997-07-08 13:00:00,31.0,40,3.1,160,716,241,485
1997-07-08 14:00:00,32.0,38,3.6,150,695,244,472
1997-07-08 15:00:00,32.0,41,4.1,180,579,425,229
1997-07-08 16:00:00,31.0,40,4.6,200,422,160,310
1997-07-08 17:00:00,31.0,46,4.1,190,438,610,112
1997-07-08 18:00:00,30.0,49,4.6,190,281,608,66
1997-07-08 19:00:00,27.0,62,4.1,170,99,355,40
1997-07-08 20:00:00,25.0,69,3.1,170,4,28,3
1997-07-08 21:00:00,23.0,89,2.6,170,0,0,0
1997-07-08 22:00:00,22.0,94,2.1,170,0,0,0
1997-07-08 23:00:00,22.0,94,2.1,170,0,0,0
1997-07-09 00:00:00,22.0,100,2.6,180,0,0,0
1997-07-09 01:00:00,22.0,94,0.0,0,0,0,0
1997-07-09 02:00:00,21.0,100,0.0,0,0,0,0
1997-07-09 03:00:00,21.0,100,2.1,180,0,0,0
1997-07-09 04:00:00,22.0,94,2.1,180,0,0,0
1997-07-09 05:00:00,22.0,94,2.1,180,0,0,0
1997-07-09 06:00:00,23.0,94,2.6,180,49,6,48
1997-07-09 07:00:00,23.0,94,2.1,180,126,77,102
1997-07-09 08:00:00,26.0,89,4.1,190,321,37,303
1997-07-09 09:00:00,29.0,70,4.1,210,555,424,276
1997-07-09 10:00:00,30.0,62,3.1,230,681,408,356
1997-07-09 11:00:00,30.0,62,4.1,220,512,159,369
1997-07-09 12:00:00,31.0,55,4.6,240,614,114,506
1997-07-09 13:00:00,33.0,46,5.1,230,351,77,277
1997-07-09 14:00:00,31.0,59,5.7,200,493,92,409
1997-07-09 15:00:00,32.0,52,6.2,200,332,102,248
1997-07-09 16:00:00,32.0,52,4.6,200,391,63,347
1997-07-09 17:00:00,30.0,62,4.1,200,294,100,240
1997-07-09 18:00:00,29.0,66,4.1,200,149,32,138
1997-07-09 19:00:00,28.0,70,3.1,200,66,3,65
1997-07-09 20:00:00,26.0,84,2.1,190,3,0,3
1997-07-09 21:00:00,25.0,89,2.1,160,0,0,0
1997-07-09 22:00:00,25.0,78,3.1,170,0,0,0
1997-07-09 23:00:00,23.0,89,4.1,360,0,0,0
1997-07-10 00:00:00,22.0,94,2.6,290,0,0,0
1997-07-10 01:00:00,21.5,98,2.4,220,0,0,0
1997-07-10 02:00:00,21.0,100,2.1,140,0,0,0
1997-07-10 03:00:00,21.0,100,0.0,0,0,0,0
1997-07-10 04:00:00,21.0,100,0.0,0,0,0,0
1997-07-10 05:00:00,21.0,100,2.6,170,0,0,0
1997-07-10 06:00:00,22.0,94,0.0,0,23,0,23
1997-07-10 07:00:00,22.6,92,1.6,20,68,0,68
1997-07-10 08:00:00,23.0,89,3.1,30,106,0,106
1997-07-10 09:00:00,21.0,94,5.1,10,127,0,127
1997-07-10 10:00:00,23.0,78,5.1,30,368,134,261
1997-07-10 11:00:00,25.0,69,4.6,30,450,144,321
1997-07-10 12:00:00,25.0,65,5.1,40,690,78,615
1997-07-10 13:00:00,26.1,61,4.4,50,359,86,276
1997-07-10 14:00:00,27.0,58,3.6,50,403,79,330
1997-07-10 15:00:00,27.0,58,3.1,60,487,157,358
1997-07-10 16:00:00,26.0,61,4.1,40,468,196,332
1997-07-10 17:00:00,26.0,61,3.1,60,260,73,220
1997-07-10 18:00:00,26.0,58,3.1,60,115,36,102
1997-07-10 19:00:00,24.0,69,2.6,100,87,291,39
1997-07-10 20:00:00,21.0,83,1.5,80,4,19,3
1997-07-10 21:00:00,20.0,88,0.0,0,0,0,0
1997-07-10 22:00:00,19.0,94,0.0,0,0,0,0
1997-07-10 23:00:00,18.0,94,0.0,0,0,0,0
1997-07-11 00:00:00,17.0,94,0.0,0,0,0,0
1997-07-11 01:00:00,16.0,94,0.0,0,0,0,0
1997-07-11 02:00:00,16.0,100,0.0,0,0,0,0
1997-07-11 03:00:00,16.0,100,0.0,0,0,0,0
1997-07-11 04:00:00,14.0,100,0.0,0,0,0,0
1997-07-11 05:00:00,15.0,100,0.0,0,0,0,0
1997-07-11 06:00:00,17.0,94,0.0,0,44,31,40
1997-07-11 07:00:00,21.0,83,2.1,300,194,199,133
1997-07-11 08:00:00,23.0,73,2.6,60,356,383,169
1997-07-11 09:00:00,25.2,57,2.4,70,487,347,259
1997-07-11 10:00:00,27.0,45,2.1,70,571,294,337
1997-07-11 11:00:00,28.0,40,2.6,80,762,505,310
1997-07-11 12:00:00,29.0,37,2.6,90,484,182,311
1997-07-11 13:00:00,29.0,37,2.1,100,732,421,329
1997-07-11 14:00:00,30.0,38,2.1,120,773,520,299
1997-07-11 15:00:00,29.0,43,2.1,130,644,402,313
1997-07-11 16:00:00,28.0,45,3.6,140,408,282,213
1997-07-11 17:00:00,28.0,42,5.1,150,358,257,221
1997-07-11 18:00:00,27.0,45,2.6,160,177,199,107
1997-07-11 19:00:00,25.0,50,2.6,160,69,76,57
1997-07-11 20:00:00,22.0,64,2.1,150,3,0,3
1997-07-11 21:00:00,20.0,78,2.1,150,0,0,0
1997-07-11 22:00:00,19.0,83,0.0,0,0,0,0
1997-07-11 23:00:00,18.0,88,0.0,0,0,0,0
1997-07-12 00:00:00,18.0,88,0.0,0,0,0,0
1997-07-12 01:00:00,16.0,100,0.0,0,0,0,0
1997-07-12 02:00:00,17.0,94,0.0,0,0,0,0
1997-07-12 03:00:00,15.0,94,0.0,0,0,0,0
1997-07-12 04:00:00,14.0,94,0.0,0,0,0,0
1997-07-12 05:00:00,15.0,94,0.0,0,0,0,0
1997-07-12 06:00:00,17.0,88,0.0,0,42,26,39
1997-07-12 07:00:00,21.0,88,2.6,150,122,32,112
1997-07-12 08:00:00,24.0,74,6.2,310,352,174,267
1997-07-12 09:00:00,27.0,58,3.6,310,324,108,253
1997-07-12 10:00:00,28.0,48,2.1,310,618,408,294
1997-07-12 11:00:00,31.0,38,2.6,10,602,241,387
1997-07-12 12:00:00,30.0,35,2.1,360,638,247,404
1997-07-12 13:00:00,29.0,40,2.6,350,710,155,562
1997-07-12 14:00:00,31.0,38,3.1,330,601,156,458
1997-07-12 15:00:00,30.0,40,3.1,320,377,131,268
1997-07-12 16:00:00,30.0,40,4.1,310,566,429,269
1997-07-12 17:00:00,30.0,38,3.6,300,345,248,213
1997-07-12 18:00:00,30.0,38,2.6,300,211,292,108
1997-07-12 19:00:00,28.0,45,2.6,270,65,61,55
1997-07-12 20:00:00,25.0,54,2.1,230,3,0,3
1997-07-12 21:00:00,22.0,69,0.0,0,0,0,0
1997-07-12 22:00:00,21.0,73,2.1,190,0,0,0
1997-07-12 23:00:00,21.0,73,2.1,200,0,0,0
1997-07-13 00:00:00,21.0,83,2.1,210,0,0,0
1997-07-13 01:00:00,20.0,94,2.1,210,0,0,0
1997-07-13 02:00:00,21.0,88,2.6,250,0,0,0
1997-07-13 03:00:00,21.0,88,2.1,200,0,0,0
1997-07-13 04:00:00,21.0,88,2.6,250,0,0,0
1997-07-13 05:00:00,19.0,94,2.1,250,0,0,0
1997-07-13 06:00:00,22.0,73,3.1,250,35,6,35
1997-07-13 07:00:00,23.0,69,3.1,250,110,60,92
1997-07-13 08:00:00,26.0,61,4.6,250,298,154,223
1997-07-13 09:00:00,28.0,58,4.1,260,554,480,240
1997-07-13 10:00:00,29.0,55,4.1,260,624,278,403
1997-07-13 11:00:00,30.0,52,3.1,260,825,705,196
1997-07-13 12:00:00,32.0,46,3.1,260,915,778,178
1997-07-13 13:00:00,33.0,41,2.6,290,761,468,314
1997-07-13 14:00:00,33.0,41,3.1,300,636,381,290
1997-07-13 15:00:00,32.0,43,3.1,290,722,512,301
1997-07-13 16:00:00,33.0,41,3.6,290,579,488,242
1997-07-13 17:00:00,32.0,43,4.1,280,425,587,113
1997-07-13 18:00:00,31.0,49,4.1,250,240,407,98
1997-07-13 19:00:00,30.0,49,2.6,250,77,188,47
1997-07-13 20:00:00,26.0,65,2.6,250,3,5,3
1997-07-13 21:00:00,25.0,74,2.6,240,0,0,0
1997-07-13 22:00:00,23.0,83,2.1,240,0,0,0
1997-07-13 23:00:00,23.0,83,2.6,210,0,0,0
1997-07-14 00:00:00,22.0,88,2.1,220,0,0,0
1997-07-14 01:00:00,22.0,83,0.0,0,0,0,0
1997-07-14 02:00:00,22.0,83,0.0,0,0,0,0
1997-07-14 03:00:00,21.0,88,0.0,0,0,0,0
1997-07-14 04:00:00,21.0,94,0.0,0,0,0,0
1997-07-14 05:00:00,21.0,88,0.0,0,0,0,0
1997-07-14 06:00:00,22.0,88,2.6,220,39,28,36
1997-07-14 07:00:00,25.0,78,3.6,250,211,465,72
1997-07-14 08:00:00,27.0,70,3.1,260,410,632,104
1997-07-14 09:00:00,29.0,62,3.1,260,604,726,131
1997-07-14 10:00:00,31.0,55,3.6,260,767,781,150
1997-07-14 11:00:00,33.0,41,2.6,300,886,812,162
1997-07-14 12:00:00,34.0,36,2.6,330,951,827,168
1997-07-14 13:00:00,35.0,37,3.1,300,808,557,278
1997-07-14 14:00:00,35.0,37,3.1,280,864,673,251
1997-07-14 15:00:00,35.1,39,3.6,290,744,679,186
1997-07-14 16:00:00,35.0,42,4.1,290,621,598,207
1997-07-14 17:00:00,33.0,46,4.6,260,385,404,170
1997-07-14 18:00:00,32.0,43,2.6,250,248,421,102
1997-07-14 19:00:00,30.0,52,3.1,220,95,134,73
1997-07-14 20:00:00,27.0,66,2.1,240,2,6,2
1997-07-14 21:00:00,24.0,78,2.1,240,0,0,0
1997-07-14 22:00:00,24.0,78,2.1,240,0,0,0
1997-07-14 23:00:00,23.4,82,1.5,240,0,0,0
1997-07-15 00:00:00,23.0,83,0.0,0,0,0,0
1997-07-15 01:00:00,23.0,89,0.0,0,0,0,0
1997-07-15 02:00:00,23.0,89,2.1,240,0,0,0
1997-07-15 03:00:00,23.0,89,2.1,240,0,0,0
1997-07-15 04:00:00,22.0,94,0.0,0,0,0,0
1997-07-15 05:00:00,22.0,94,0.0,0,0,3,0
1997-07-15 06:00:00,23.0,94,0.0,0,55,226,30
1997-07-15 07:00:00,26.0,84,2.6,260,220,541,59
1997-07-15 08:00:00,28.0,74,3.1,260,419,695,84
1997-07-15 09:00:00,30.0,66,3.1,250,611,778,105
1997-07-15 10:00:00,32.0,59,2.6,240,772,826,120
1997-07-15 11:00:00,34.0,47,4.1,250,889,854,130
1997-07-15 12:00:00,35.0,39,4.1,240,954,866,135
1997-07-15 13:00:00,36.0,33,4.6,250,904,710,228
1997-07-15 14:00:00,36.0,35,4.6,240,891,818,147
1997-07-15 15:00:00,36.0,33,4.6,230,570,368,268
1997-07-15 16:00:00,36.0,33,5.7,250,527,516,171
1997-07-15 17:00:00,35.0,34,5.1,220,464,613,140
1997-07-15 18:00:00,33.0,56,3.6,190,251,438,99
1997-07-15 19:00:00,31.0,63,3.1,200,80,265,38
1997-07-15 20:00:00,29.0,70,2.1,180,2,9,2
1997-07-15 21:00:00,27.0,79,2.1,150,0,0,0
1997-07-15 22:00:00,26.0,84,1.5,180,0,0,0
1997-07-15 23:00:00,26.0,84,1.5,160,0,0,0
1997-07-16 00:00:00,24.0,94,2.1,150,0,0,0
1997-07-16 01:00:00,25.0,94,2.1,150,0,0,0
1997-07-16 02:00:00,24.0,94,0.0,0,0,0,0
1997-07-16 03:00:00,23.0,100,0.0,0,0,0,0
1997-07-16 04:00:00,23.0,94,0.0,0,0,0,0
1997-07-16 05:00:00,23.0,94,0.0,0,0,2,0
1997-07-16 06:00:00,25.0,94,2.1,170,42,12,41
1997-07-16 07:00:00,27.0,89,3.6,260,144,53,129
1997-07-16 08:00:00,29.0,74,3.6,230,247,289,108
1997-07-16 09:00:00,31.0,66,3.6,240,542,578,167
1997-07-16 10:00:00,33.0,59,3.1,240,767,835,109
1997-07-16 11:00:00,34.0,53,3.1,220,884,861,118
1997-07-16 12:00:00,35.0,53,3.1,250,948,873,123
1997-07-16 13:00:00,35.0,50,3.6,260,955,875,124
1997-07-16 14:00:00,35.0,53,3.6,250,731,473,301
1997-07-16 15:00:00,33.9,54,3.9,310,522,104,437
1997-07-16 16:00:00,32.6,56,4.3,360,278,171,159
1997-07-16 17:00:00,31.0,59,4.6,60,140,0,140
1997-07-16 18:00:00,24.0,94,4.1,220,81,0,81
1997-07-16 19:00:00,25.0,89,3.1,250,29,0,29
1997-07-16 20:00:00,26.0,89,2.1,310,1,0,1
1997-07-16 21:00:00,26.0,89,2.1,260,0,0,0
1997-07-16 22:00:00,26.0,89,2.1,240,0,0,0
1997-07-16 23:00:00,25.0,89,2.1,210,0,0,0
1997-07-17 00:00:00,25.0,89,2.1,240,0,0,0
1997-07-17 01:00:00,25.0,89,2.1,240,0,0,0
1997-07-17 02:00:00,25.0,89,2.1,270,0,0,0
1997-07-17 03:00:00,25.0,83,2.6,240,0,0,0
1997-07-17 04:00:00,25.0,83,0.0,0,0,0,0
1997-07-17 05:00:00,24.0,89,2.1,250,0,0,0
1997-07-17 06:00:00,24.0,89,2.1,230,28,0,28
1997-07-17 07:00:00,25.0,89,2.1,230,123,60,105
1997-07-17 08:00:00,27.0,79,3.1,230,187,51,163
1997-07-17 09:00:00,28.0,74,2.6,250,215,0,215
1997-07-17 10:00:00,30.0,59,3.1,250,330,102,249
1997-07-17 11:00:00,32.0,49,3.1,260,639,181,478
1997-07-17 12:00:00,32.7,47,3.4,250,851,507,372
1997-07-17 13:00:00,33.0,46,3.6,240,886,580,335
1997-07-17 14:00:00,33.7,43,4.1,260,807,540,317
1997-07-17 15:00:00,34.0,41,4.6,280,753,585,275
1997-07-17 16:00:00,33.0,49,3.6,240,550,406,271
1997-07-17 17:00:00,33.0,46,3.6,220,404,388,200
1997-07-17 18:00:00,32.0,52,3.6,220,179,160,124
1997-07-17 19:00:00,29.7,58,2.9,220,60,27,56
1997-07-17 20:00:00,27.0,66,2.1,210,2,0,2
1997-07-17 21:00:00,26.0,70,2.1,210,0,0,0
1997-07-17 22:00:00,25.0,78,2.6,210,0,0,0
1997-07-17 23:00:00,25.0,83,2.6,210,0,0,0
1997-07-18 00:00:00,24.0,94,2.1,210,0,0,0
1997-07-18 01:00:00,24.0,94,2.1,210,0,0,0
1997-07-18 02:00:00,24.0,94,2.1,210,0,0,0
1997-07-18 03:00:00,25.0,89,2.1,220,0,0,0
1997-07-18 04:00:00,25.0,89,2.1,250,0,0,0
1997-07-18 05:00:00,25.0,89,2.1,270,0,0,0
1997-07-18 06:00:00,25.0,89,2.1,270,41,79,33
1997-07-18 07:00:00,28.0,66,3.6,290,196,406,77
1997-07-18 08:00:00,30.0,52,4.1,330,393,583,114
1997-07-18 09:00:00,32.0,49,3.6,350,569,519,234
1997-07-18 10:00:00,33.0,46,3.1,310,720,665,197
1997-07-18 11:00:00,34.0,41,3.6,300,714,576,204
1997-07-18 12:00:00,35.0,39,5.1,300,860,641,257
1997-07-18 13:00:00,35.0,34,4.1,270,780,315,480
1997-07-18 14:00:00,36.0,35,4.1,270,679,429,289
1997-07-18 15:00:00,36.0,37,4.1,270,556,381,244
1997-07-18 16:00:00,35.0,42,6.7,260,616,621,189
1997-07-18 17:00:00,35.0,39,8.2,270,398,279,251
1997-07-18 18:00:00,33.0,46,4.1,240,182,143,133
1997-07-18 19:00:00,31.0,55,4.1,220,48,15,45
1997-07-18 20:00:00,30.0,55,3.6,230,2,0,2
1997-07-18 21:00:00,29.0,66,3.6,230,0,0,0
1997-07-18 22:00:00,28.0,70,3.6,350,0,0,0
1997-07-18 23:00:00,25.0,83,7.2,340,0,0,0
1997-07-19 00:00:00,23.0,89,5.1,250,0,0,0
1997-07-19 01:00:00,23.0,89,1.5,280,0,0,0
1997-07-19 02:00:00,23.0,89,4.6,260,0,0,0
1997-07-19 03:00:00,22.0,100,2.1,180,0,0,0
1997-07-19 04:00:00,22.0,94,2.1,160,0,0,0
1997-07-19 05:00:00,22.0,94,2.1,160,0,0,0
1997-07-19 06:00:00,24.0,89,2.1,160,33,5,32
1997-07-19 07:00:00,26.0,84,2.6,340,132,53,116
1997-07-19 08:00:00,27.0,74,3.1,350,263,85,222
1997-07-19 09:00:00,30.0,59,3.1,360,446,396,191
1997-07-19 10:00:00,31.0,52,3.6,360,613,451,259
1997-07-19 11:00:00,31.0,52,3.1,360,774,466,360
1997-07-19 12:00:00,32.0,46,3.6,350,909,614,331
1997-07-19 13:00:00,32.0,46,4.6,300,643,378,285
1997-07-19 14:00:00,33.0,44,3.6,240,689,384,341
1997-07-19 15:00:00,33.0,36,4.6,280,722,482,329
1997-07-19 16:00:00,33.0,38,4.6,270,460,328,235
1997-07-19 17:00:00,33.0,36,3.6,300,362,231,241
1997-07-19 18:00:00,33.0,38,2.6,330,145,93,113
1997-07-19 19:00:00,30.0,49,2.1,270,64,83,51
1997-07-19 20:00:00,27.0,74,2.1,100,1,0,1
1997-07-19 21:00:00,25.0,83,2.1,110,0,0,0
1997-07-19 22:00:00,24.0,89,2.1,110,0,0,0
1997-07-19 23:00:00,23.0,89,1.5,110,0,0,0
1997-07-20 00:00:00,22.0,94,0.0,0,0,0,0
1997-07-20 01:00:00,22.0,94,4.1,50,0,0,0
1997-07-20 02:00:00,21.0,64,5.1,50,0,0,0
1997-07-20 03:00:00,20.0,60,5.1,50,0,0,0
1997-07-20 04:00:00,20.0,60,4.1,50,0,0,0
1997-07-20 05:00:00,19.0,68,3.6,40,0,0,0
1997-07-20 06:00:00,19.0,68,5.1,40,37,35,33
1997-07-20 07:00:00,20.0,64,4.6,40,113,92,86
1997-07-20 08:00:00,22.0,60,4.6,60,275,259,152
1997-07-20 09:00:00,23.0,61,5.1,80,454,417,185
1997-07-20 10:00:00,24.0,57,5.1,70,616,376,321
1997-07-20 11:00:00,25.0,54,3.6,60,690,376,357
1997-07-20 12:00:00,26.0,54,2.6,80,775,286,506
1997-07-20 13:00:00,27.0,48,3.1,90,875,514,388
1997-07-20 14:00:00,28.0,48,2.6,110,652,400,290
1997-07-20 15:00:00,28.0,51,2.6,120,503,131,396
1997-07-20 16:00:00,27.0,54,5.1,140,320,57,280
1997-07-20 17:00:00,26.0,58,3.6,130,384,261,248
1997-07-20 18:00:00,25.0,61,2.6,140,133,54,114
1997-07-20 19:00:00,23.0,65,2.6,150,57,26,53
1997-07-20 20:00:00,22.0,69,0.0,0,1,0,1
1997-07-20 21:00:00,20.0,78,0.0,0,0,0,0
1997-07-20 22:00:00,20.0,83,2.1,150,0,0,0
1997-07-20 23:00:00,19.0,88,1.5,140,0,0,0
1997-07-21 00:00:00,19.0,88,0.0,0,0,0,0
1997-07-21 01:00:00,19.0,94,2.1,150,0,0,0
1997-07-21 02:00:00,19.0,88,2.6,150,0,0,0
1997-07-21 03:00:00,20.0,88,2.1,150,0,0,0
1997-07-21 04:00:00,20.0,88,0.0,0,0,0,0
1997-07-21 05:00:00,21.0,88,0.0,0,0,0,0
1997-07-21 06:00:00,21.0,88,2.6,150,21,0,21
1997-07-21 07:00:00,23.0,89,2.1,130,143,23,136
1997-07-21 08:00:00,26.0,79,2.6,140,403,666,88
1997-07-21 09:00:00,28.0,74,3.6,190,274,29,255
1997-07-21 10:00:00,29.0,66,2.6,180,459,99,381
1997-07-21 11:00:00,30.0,62,3.1,190,692,393,345
1997-07-21 12:00:00,31.0,59,2.6,200,372,92,285
1997-07-21 13:00:00,32.0,56,4.1,210,518,111,412
1997-07-21 14:00:00,32.0,52,5.1,210,611,261,375
1997-07-21 15:00:00,32.0,63,5.1,200,509,207,340
1997-07-21 16:00:00,32.0,52,4.6,220,260,45,229
1997-07-21 17:00:00,30.0,70,3.6,170,288,62,255
1997-07-21 18:00:00,29.0,74,3.1,180,190,125,147
1997-07-21 19:00:00,28.0,79,2.6,180,51,31,46
1997-07-21 20:00:00,27.0,84,2.1,180,1,1,1
1997-07-21 21:00:00,27.0,84,2.6,210,0,0,0
1997-07-21 22:00:00,26.0,84,2.1,190,0,0,0
1997-07-21 23:00:00,26.0,84,2.6,200,0,0,0
1997-07-22 00:00:00,26.0,84,2.6,210,0,0,0
1997-07-22 01:00:00,26.0,89,2.6,220,0,0,0
1997-07-22 02:00:00,25.0,94,2.6,220,0,0,0
1997-07-22 03:00:00,24.0,94,1.5,250,0,0,0
1997-07-22 04:00:00,25.0,94,1.5,240,0,0,0
1997-07-22 05:00:00,26.0,89,2.6,240,0,0,0
1997-07-22 06:00:00,26.0,94,2.6,290,32,30,29
1997-07-22 07:00:00,27.0,84,3.1,270,162,194,107
1997-07-22 08:00:00,28.0,74,2.6,300,331,348,167
1997-07-22 09:00:00,24.0,83,6.7,70,335,281,155
1997-07-22 10:00:00,26.0,74,4.6,70,568,319,319
1997-07-22 11:00:00,27.0,70,4.6,90,757,402,402
1997-07-22 12:00:00,27.0,70,5.1,60,761,352,430
1997-07-22 13:00:00,27.0,70,5.1,60,824,593,263
1997-07-22 14:00:00,28.0,66,5.1,70,769,522,297
1997-07-22 15:00:00,28.0,66,4.6,70,605,517,184
1997-07-22 16:00:00,27.0,66,5.1,40,569,584,170
1997-07-22 17:00:00,25.0,74,4.6,60,268,110,210
1997-07-22 18:00:00,24.0,78,3.1,100,238,229,161
1997-07-22 19:00:00,22.0,94,2.6,80,46,37,40
1997-07-22 20:00:00,21.0,100,2.6,70,1,2,1
1997-07-22 21:00:00,21.0,100,2.6,60,0,0,0
1997-07-22 22:00:00,20.9,100,2.4,70,0,0,0
1997-07-22 23:00:00,21.0,100,2.1,70,0,0,0
1997-07-23 00:00:00,21.0,100,2.1,90,0,0,0
1997-07-23 01:00:00,21.0,94,2.1,90,0,0,0
1997-07-23 02:00:00,21.0,94,2.1,90,0,0,0
1997-07-23 03:00:00,21.0,94,2.1,90,0,0,0
1997-07-23 04:00:00,21.0,94,2.1,90,0,0,0
1997-07-23 05:00:00,21.0,94,2.1,90,0,0,0
1997-07-23 06:00:00,22.0,94,2.1,90,19,0,19
1997-07-23 07:00:00,22.0,94,2.1,90,61,0,61
1997-07-23 08:00:00,23.0,94,2.6,80,120,0,120
1997-07-23 09:00:00,24.0,89,3.6,80,175,0,175
1997-07-23 10:00:00,24.2,90,3.1,90,221,0,221
1997-07-23 11:00:00,24.0,94,2.6,90,213,0,213
1997-07-23 12:00:00,24.0,94,3.6,100,228,0,228
1997-07-23 13:00:00,24.0,89,3.6,100,274,0,274
1997-07-23 14:00:00,23.7,90,3.9,100,218,0,218
1997-07-23 15:00:00,23.0,94,4.1,100,194,0,194
1997-07-23 16:00:00,23.0,94,3.1,60,133,0,133
1997-07-23 17:00:00,22.0,100,5.7,70,95,0,95
1997-07-23 18:00:00,23.0,94,3.1,100,54,0,54
1997-07-23 19:00:00,22.0,100,3.1,90,18,0,18
1997-07-23 20:00:00,22.0,100,3.6,70,0,0,0
1997-07-23 21:00:00,22.0,94,3.6,70,0,0,0
1997-07-23 22:00:00,22.0,94,2.6,70,0,0,0
1997-07-23 23:00:00,22.0,100,2.6,70,0,0,0
1997-07-24 00:00:00,22.0,100,2.6,80,0,0,0
1997-07-24 01:00:00,22.0,100,0.0,0,0,0,0
1997-07-24 02:00:00,22.0,100,2.1,90,0,0,0
1997-07-24 03:00:00,22.0,100,0.0,0,0,0,0
1997-07-24 04:00:00,22.0,100,0.0,0,0,0,0
1997-07-24 05:00:00,23.0,94,2.6,90,0,0,0
1997-07-24 06:00:00,22.4,100,2.1,320,19,0,19
1997-07-24 07:00:00,23.0,100,2.1,110,68,0,68
1997-07-24 08:00:00,23.0,100,2.6,100,108,0,108
1997-07-24 09:00:00,23.0,100,2.6,200,116,0,116
1997-07-24 10:00:00,23.0,100,2.6,40,214,0,214
1997-07-24 11:00:00,23.0,94,3.1,70,250,0,250
1997-07-24 12:00:00,23.0,94,3.1,80,269,0,269
1997-07-24 13:00:00,24.0,94,3.1,90,272,0,272
1997-07-24 14:00:00,24.0,94,5.1,60,215,0,215
1997-07-24 15:00:00,22.0,94,3.6,40,158,0,158
1997-07-24 16:00:00,21.0,100,5.1,40,126,0,126
1997-07-24 17:00:00,21.2,95,4.6,20,156,0,156
1997-07-24 18:00:00,21.0,94,6.7,360,55,0,55
1997-07-24 19:00:00,20.0,94,4.6,350,26,0,26
1997-07-24 20:00:00,20.0,94,4.6,350,0,0,0
1997-07-24 21:00:00,19.0,94,5.7,350,0,0,0
1997-07-24 22:00:00,19.0,94,5.1,350,0,0,0
1997-07-24 23:00:00,18.3,97,7.7,360,0,0,0
1997-07-25 00:00:00,17.6,96,5.1,340,0,0,0
1997-07-25 01:00:00,17.5,96,4.6,350,0,0,0
1997-07-25 02:00:00,17.8,96,4.1,360,0,0,0
1997-07-25 03:00:00,17.6,96,3.6,350,0,0,0
1997-07-25 04:00:00,17.4,95,2.6,350,0,0,0
1997-07-25 05:00:00,17.2,92,4.1,330,0,0,0
1997-07-25 06:00:00,17.2,98,3.1,330,31,60,26
1997-07-25 07:00:00,18.4,94,4.1,320,114,118,81
1997-07-25 08:00:00,18.2,94,4.1,340,222,75,187
1997-07-25 09:00:00,20.0,78,4.1,350,142,0,142
1997-07-25 10:00:00,20.0,83,4.6,330,181,0,181
1997-07-25 11:00:00,22.0,73,3.6,10,250,0,250
1997-07-25 12:00:00,23.0,73,3.1,360,269,0,269
1997-07-25 13:00:00,24.0,69,3.6,10,271,0,271
1997-07-25 14:00:00,26.0,61,3.1,360,483,102,391
1997-07-25 15:00:00,25.0,69,3.6,350,228,0,228
1997-07-25 16:00:00,26.0,65,2.1,350,423,132,333
1997-07-25 17:00:00,27.0,62,2.6,350,169,9,164
1997-07-25 18:00:00,26.0,61,2.6,340,143,45,128
1997-07-25 19:00:00,25.0,69,0.0,0,41,27,37
1997-07-25 20:00:00,22.0,88,2.1,190,0,0,0
1997-07-25 21:00:00,21.0,94,2.1,280,0,0,0
1997-07-25 22:00:00,21.0,94,0.0,0,0,0,0
1997-07-25 23:00:00,20.0,94,0.0,0,0,0,0
1997-07-26 00:00:00,19.0,94,0.0,0,0,0,0
1997-07-26 01:00:00,19.0,94,0.0,0,0,0,0
1997-07-26 02:00:00,20.0,94,0.0,0,0,0,0
1997-07-26 03:00:00,20.0,94,0.0,0,0,0,0
1997-07-26 04:00:00,20.0,94,0.0,0,0,0,0
1997-07-26 05:00:00,19.0,94,0.0,0,0,0,0
1997-07-26 06:00:00,20.0,100,0.0,0,21,0,21
1997-07-26 07:00:00,22.0,94,0.0,0,196,225,134
1997-07-26 08:00:00,22.0,94,3.1,310,363,451,154
1997-07-26 09:00:00,26.0,65,3.6,310,559,690,122
1997-07-26 10:00:00,27.0,62,3.1,320,462,228,285
1997-07-26 11:00:00,27.0,62,4.1,310,255,0,255
1997-07-26 12:00:00,28.0,62,3.6,290,702,385,343
1997-07-26 13:00:00,29.0,58,4.1,270,799,369,451
1997-07-26 14:00:00,30.0,55,3.1,270,754,457,344
1997-07-26 15:00:00,30.0,55,4.1,300,520,213,348
1997-07-26 16:00:00,30.0,52,3.6,320,238,0,238
1997-07-26 17:00:00,30.0,52,3.6,320,171,0,171
1997-07-26 18:00:00,29.0,66,2.6,210,97,0,97
1997-07-26 19:00:00,27.0,74,2.6,220,31,0,31
1997-07-26 20:00:00,25.0,83,2.1,220,0,0,0
1997-07-26 21:00:00,24.0,89,0.0,0,0,0,0
1997-07-26 22:00:00,23.0,89,2.6,190,0,0,0
1997-07-26 23:00:00,23.0,83,2.1,210,0,0,0
1997-07-27 00:00:00,23.0,83,2.1,210,0,0,0
1997-07-27 01:00:00,23.0,83,2.1,210,0,0,0
1997-07-27 02:00:00,22.0,88,2.1,200,0,0,0
1997-07-27 03:00:00,22.0,88,2.1,210,0,0,0
1997-07-27 04:00:00,22.0,88,2.1,210,0,0,0
1997-07-27 05:00:00,21.0,94,2.1,200,0,0,0
1997-07-27 06:00:00,21.9,94,2.1,200,37,139,25
1997-07-27 07:00:00,24.0,89,2.1,200,191,479,60
1997-07-27 08:00:00,27.0,79,3.1,240,389,653,88
1997-07-27 09:00:00,29.0,74,3.6,250,541,617,151
1997-07-27 10:00:00,30.0,70,3.1,250,729,601,264
1997-07-27 11:00:00,31.0,70,3.1,240,540,368,217
1997-07-27 12:00:00,31.0,70,2.6,230,541,365,201
1997-07-27 13:00:00,33.0,59,4.1,210,803,567,271
1997-07-27 14:00:00,33.0,59,4.1,210,692,533,214
1997-07-27 15:00:00,33.0,63,4.1,220,381,105,296
1997-07-27 16:00:00,32.0,63,4.1,230,448,137,355
1997-07-27 17:00:00,32.0,63,3.6,220,163,0,163
1997-07-27 18:00:00,31.0,66,3.6,200,182,89,153
1997-07-27 19:00:00,30.0,75,2.6,200,34,0,34
1997-07-27 20:00:00,28.0,84,2.6,190,0,0,0
1997-07-27 21:00:00,26.0,89,2.1,190,0,0,0
1997-07-27 22:00:00,26.0,89,1.5,190,0,0,0
1997-07-27 23:00:00,26.0,89,2.1,200,0,0,0
1997-07-28 00:00:00,26.0,89,0.0,0,0,0,0
1997-07-28 01:00:00,26.0,94,2.1,240,0,0,0
1997-07-28 02:00:00,26.0,94,2.1,220,0,0,0
1997-07-28 03:00:00,26.0,94,2.1,220,0,0,0
1997-07-28 04:00:00,26.0,94,2.1,220,0,0,0
1997-07-28 05:00:00,25.0,100,0.0,0,0,0,0
1997-07-28 06:00:00,26.0,94,0.0,0,23,11,22
1997-07-28 07:00:00,27.0,89,2.6,290,113,33,104
1997-07-28 08:00:00,28.0,79,2.1,330,228,34,212
1997-07-28 09:00:00,30.0,70,2.1,340,549,442,270
1997-07-28 10:00:00,32.0,59,3.6,320,625,496,243
1997-07-28 11:00:00,33.0,53,4.1,340,462,276,220
1997-07-28 12:00:00,33.0,53,4.1,290,785,632,196
1997-07-28 13:00:00,33.0,49,3.1,300,796,629,206
1997-07-28 14:00:00,33.0,49,3.1,280,723,465,307
1997-07-28 15:00:00,34.0,44,4.1,290,631,543,194
1997-07-28 16:00:00,33.0,49,5.1,290,565,426,278
1997-07-28 17:00:00,33.0,49,3.6,270,413,554,131
1997-07-28 18:00:00,32.0,63,3.1,260,222,488,64
1997-07-28 19:00:00,30.0,70,3.1,260,45,10,44
1997-07-28 20:00:00,27.0,66,3.6,290,0,0,0
1997-07-28 21:00:00,25.0,83,2.1,230,0,0,0
1997-07-28 22:00:00,25.0,83,1.5,320,0,0,0
1997-07-28 23:00:00,25.0,89,2.1,270,0,0,0
1997-07-29 00:00:00,25.0,89,3.1,290,0,0,0
1997-07-29 01:00:00,24.0,100,2.1,270,0,0,0
1997-07-29 02:00:00,24.0,94,2.1,250,0,0,0
1997-07-29 03:00:00,24.0,94,2.1,280,0,0,0
1997-07-29 04:00:00,24.0,94,2.1,310,0,0,0
1997-07-29 05:00:00,24.0,94,2.6,340,0,0,0
1997-07-29 06:00:00,24.0,94,3.1,360,33,12,32
1997-07-29 07:00:00,25.0,83,3.6,360,79,33,70
1997-07-29 08:00:00,25.0,83,2.6,10,134,0,134
1997-07-29 09:00:00,27.0,74,2.1,20,376,221,237
1997-07-29 10:00:00,29.0,55,4.1,10,377,144,266
1997-07-29 11:00:00,29.0,55,5.1,10,693,446,304
1997-07-29 12:00:00,29.0,52,3.6,20,460,217,258
1997-07-29 13:00:00,30.0,46,3.1,10,690,397,317
1997-07-29 14:00:00,30.0,43,4.1,20,398,65,340
1997-07-29 15:00:00,30.0,40,3.1,10,364,180,219
1997-07-29 16:00:00,30.0,40,3.1,360,342,174,225
1997-07-29 17:00:00,30.0,38,3.1,360,277,84,235
1997-07-29 18:00:00,27.0,51,2.1,30,93,50,77
1997-07-29 19:00:00,26.0,58,2.1,120,43,22,40
1997-07-29 20:00:00,23.0,73,0.0,0,0,0,0
1997-07-29 21:00:00,21.0,83,0.0,0,0,0,0
1997-07-29 22:00:00,20.0,88,0.0,0,0,0,0
1997-07-29 23:00:00,20.0,83,0.0,0,0,0,0
1997-07-30 00:00:00,19.0,78,0.0,0,0,0,0
1997-07-30 01:00:00,18.0,77,2.6,360,0,0,0
1997-07-30 02:00:00,17.0,77,2.1,10,0,0,0
1997-07-30 03:00:00,17.0,72,2.1,10,0,0,0
1997-07-30 04:00:00,17.0,68,2.1,10,0,0,0
1997-07-30 05:00:00,16.0,72,2.1,20,0,0,0
1997-07-30 06:00:00,16.0,77,0.0,0,24,13,23
1997-07-30 07:00:00,19.0,64,3.1,20,104,55,89
1997-07-30 08:00:00,21.0,60,3.1,40,293,74,259
1997-07-30 09:00:00,23.0,53,2.6,30,230,60,192
1997-07-30 10:00:00,24.0,57,3.1,30,589,484,217
1997-07-30 11:00:00,26.0,48,3.1,30,779,530,317
1997-07-30 12:00:00,27.0,37,3.1,30,818,550,307
1997-07-30 13:00:00,26.0,42,3.1,40,571,121,458
1997-07-30 14:00:00,28.0,37,3.1,40,680,266,442
1997-07-30 15:00:00,27.0,42,3.1,40,553,224,373
1997-07-30 16:00:00,27.0,42,3.1,70,390,133,300
1997-07-30 17:00:00,26.0,48,4.6,90,235,106,182
1997-07-30 18:00:00,25.0,50,4.6,90,166,97,135
1997-07-30 19:00:00,23.0,61,2.6,90,37,4,36
1997-07-30 20:00:00,20.0,78,1.5,90,0,0,0
1997-07-30 21:00:00,18.0,88,0.0,0,0,0,0
1997-07-30 22:00:00,17.0,94,0.0,0,0,0,0
1997-07-30 23:00:00,17.0,94,0.0,0,0,0,0
1997-07-31 00:00:00,16.4,94,0.0,0,0,0,0
1997-07-31 01:00:00,16.0,94,0.0,0,0,0,0
1997-07-31 02:00:00,15.0,94,0.0,0,0,0,0
1997-07-31 03:00:00,15.0,94,0.0,0,0,0,0
1997-07-31 04:00:00,15.0,94,0.0,0,0,0,0
1997-07-31 05:00:00,14.0,94,0.0,0,0,0,0
1997-07-31 06:00:00,14.0,94,0.0,0,33,136,22
1997-07-31 07:00:00,19.0,88,0.0,0,151,363,55
1997-07-31 08:00:00,23.0,73,2.6,30,392,678,85
1997-07-31 09:00:00,26.0,54,3.1,20,591,774,108
1997-07-31 10:00:00,27.0,42,3.1,30,759,828,124
1997-07-31 11:00:00,28.0,42,3.6,20,800,680,209
1997-07-31 12:00:00,28.0,42,2.6,50,774,531,282
1997-07-31 13:00:00,29.0,40,2.6,80,795,626,210
1997-07-31 14:00:00,28.0,40,2.1,110,865,773,176
1997-07-31 15:00:00,29.0,37,2.1,140,641,478,259
1997-07-31 16:00:00,28.0,40,4.6,170,502,418,223
1997-07-31 17:00:00,27.0,39,4.6,170,370,141,299
1997-07-31 18:00:00,26.0,45,4.1,160,165,231,91
1997-07-31 19:00:00,24.0,50,2.6,170,41,66,33
1997-07-31 20:00:00,22.0,64,1.5,160,0,1,0
1997-07-31 21:00:00,20.0,73,0.0,0,0,0,0
1997-07-31 22:00:00,19.7,83,0.4,0,0,0,0
1997-07-31 23:00:00,19.4,83,0.7,0,0,0,0
1997-08-01 00:00:00,19.1,83,1.1,0,0,0,0
1998-08-01 01:00:00,18.9,100,1.5,0,0,0,0
1998-08-01 02:00:00,18.6,94,1.9,0,0,0,0
1998-08-01 03:00:00,18.3,100,2.2,330,0,0,0
1998-08-01 04:00:00,18.0,94,2.6,350,0,0,0
1998-08-01 05:00:00,17.0,94,2.6,360,0,0,0
1998-08-01 06:00:00,18.0,83,2.6,360,0,0,0
1998-08-01 07:00:00,19.0,78,3.1,360,179,332,92
1998-08-01 08:00:00,22.0,73,3.6,20,374,541,129
1998-08-01 09:00:00,24.0,69,4.1,50,549,653,141
1998-08-01 10:00:00,25.0,61,6.2,60,708,678,188
1998-08-01 11:00:00,26.0,58,6.2,60,699,392,358
1998-08-01 12:00:00,27.0,51,5.1,70,838,619,264
1998-08-01 13:00:00,26.0,51,5.1,60,897,720,224
1998-08-01 14:00:00,27.0,42,6.2,60,835,682,228
1998-08-01 15:00:00,27.0,42,6.7,60,744,727,163
1998-08-01 16:00:00,27.0,42,5.1,80,601,675,151
1998-08-01 17:00:00,26.0,48,5.1,100,420,603,118
1998-08-01 18:00:00,25.0,50,4.6,70,232,443,92
1998-08-01 19:00:00,23.0,53,2.6,100,56,186,33
1998-08-01 20:00:00,20.0,68,0.0,0,0,0,0
1998-08-01 21:00:00,18.0,77,0.0,0,0,0,0
1998-08-01 22:00:00,17.0,82,0.0,0,0,0,0
1998-08-01 23:00:00,16.0,88,0.0,0,0,0,0
1998-08-02 00:00:00,16.0,82,0.0,0,0,0,0
1998-08-02 01:00:00,15.0,88,0.0,0,0,0,0
1998-08-02 02:00:00,14.0,100,0.0,0,0,0,0
1998-08-02 03:00:00,14.0,94,0.0,0,0,0,0
1998-08-02 04:00:00,14.0,94,0.0,0,0,0,0
1998-08-02 05:00:00,14.0,94,0.0,0,0,0,0
1998-08-02 06:00:00,15.0,94,0.0,0,0,0,0
1998-08-02 07:00:00,18.0,83,1.5,20,180,339,91
1998-08-02 08:00:00,23.0,65,2.6,30,368,517,135
1998-08-02 09:00:00,24.7,55,4.6,40,510,482,210
1998-08-02 10:00:00,26.0,48,6.7,40,639,533,231
1998-08-02 11:00:00,26.0,45,6.2,60,748,543,277
1998-08-02 12:00:00,26.0,48,3.1,60,778,523,294
1998-08-02 13:00:00,26.0,42,5.1,50,813,558,293
1998-08-02 14:00:00,27.0,39,5.7,50,835,676,234
1998-08-02 15:00:00,28.0,37,4.6,90,738,715,168
1998-08-02 16:00:00,26.0,45,4.1,100,601,705,132
1998-08-02 17:00:00,25.0,50,2.6,90,420,615,113
1998-08-02 18:00:00,24.0,57,2.1,80,231,476,82
1998-08-02 19:00:00,22.0,64,2.1,80,55,195,32
1998-08-02 20:00:00,20.0,73,0.0,0,0,0,0
1998-08-02 21:00:00,17.0,88,0.0,0,0,0,0
1998-08-02 22:00:00,17.0,88,0.0,0,0,0,0
1998-08-02 23:00:00,16.0,88,0.0,0,0,0,0
1998-08-03 00:00:00,15.0,94,0.0,0,0,0,0
1998-08-03 01:00:00,14.0,100,0.0,0,0,0,0
1998-08-03 02:00:00,15.0,94,0.0,0,0,0,0
1998-08-03 03:00:00,14.0,100,0.0,0,0,0,0
1998-08-03 04:00:00,15.0,94,0.0,0,0,0,0
1998-08-03 05:00:00,15.0,94,0.0,0,0,0,0
1998-08-03 06:00:00,15.0,94,0.0,0,0,0,0
1998-08-03 07:00:00,17.0,94,0.0,0,156,120,125
1998-08-03 08:00:00,20.0,83,2.6,10,299,224,198
1998-08-03 09:00:00,24.0,65,2.6,40,543,586,179
1998-08-03 10:00:00,26.0,51,4.1,70,708,721,158
1998-08-03 11:00:00,27.0,45,4.1,50,829,760,170
1998-08-03 12:00:00,28.0,42,4.6,60,899,782,177
1998-08-03 13:00:00,28.0,42,4.1,60,908,792,172
1998-08-03 14:00:00,28.0,42,3.6,70,858,759,184
1998-08-03 15:00:00,29.0,40,3.6,60,726,667,195
1998-08-03 16:00:00,28.0,40,4.6,70,595,687,140
1998-08-03 17:00:00,27.0,42,3.6,100,414,597,118
1998-08-03 18:00:00,26.0,45,2.1,50,226,447,87
1998-08-03 19:00:00,23.0,61,0.0,0,55,189,33
1998-08-03 20:00:00,20.0,73,0.0,0,0,0,0
1998-08-03 21:00:00,19.0,78,0.0,0,0,0,0
1998-08-03 22:00:00,17.0,88,0.0,0,0,0,0
1998-08-03 23:00:00,17.0,88,0.0,0,0,0,0
1998-08-04 00:00:00,16.0,94,0.0,0,0,0,0
1998-08-04 01:00:00,15.0,94,0.0,0,0,0,0
1998-08-04 02:00:00,15.0,94,1.0,350,0,0,0
1998-08-04 03:00:00,15.0,94,1.5,350,0,0,0
1998-08-04 04:00:00,14.0,94,1.0,20,0,0,0
1998-08-04 05:00:00,14.0,100,1.5,360,0,0,0
1998-08-04 06:00:00,17.0,88,1.5,340,0,0,0
1998-08-04 07:00:00,20.0,83,2.6,10,173,320,91
1998-08-04 08:00:00,22.0,73,2.1,40,368,536,130
1998-08-04 09:00:00,25.0,57,2.6,60,536,623,151
1998-08-04 10:00:00,27.0,45,4.1,40,709,727,155
1998-08-04 11:00:00,28.0,32,5.1,50,829,766,166
1998-08-04 12:00:00,29.0,33,6.2,50,893,763,189
1998-08-04 13:00:00,29.0,31,4.6,80,908,798,167
1998-08-04 14:00:00,29.0,35,3.6,80,858,783,165
1998-08-04 15:00:00,29.0,37,3.6,50,743,745,152
1998-08-04 16:00:00,29.0,35,5.1,40,595,675,149
1998-08-04 17:00:00,28.0,37,3.1,80,414,609,113
1998-08-04 18:00:00,27.0,42,3.1,60,225,441,89
1998-08-04 19:00:00,24.0,54,2.1,30,51,173,31
1998-08-04 20:00:00,21.0,64,0.0,0,0,0,0
1998-08-04 21:00:00,19.0,73,0.0,0,0,0,0
1998-08-04 22:00:00,18.0,77,0.0,0,0,0,0
1998-08-04 23:00:00,17.0,88,0.0,0,0,0,0
1998-08-05 00:00:00,15.0,94,0.0,0,0,0,0
1998-08-05 01:00:00,15.0,94,0.0,0,0,0,0
1998-08-05 02:00:00,14.0,94,1.0,320,0,0,0
1998-08-05 03:00:00,14.0,100,1.0,340,0,0,0
1998-08-05 04:00:00,15.0,94,0.0,0,0,0,0
1998-08-05 05:00:00,15.0,94,0.0,0,0,0,0
1998-08-05 06:00:00,17.0,88,2.1,360,0,0,0
1998-08-05 07:00:00,19.0,88,2.6,30,182,341,95
1998-08-05 08:00:00,24.0,65,3.1,50,369,511,142
1998-08-05 09:00:00,26.0,54,3.6,60,537,635,145
1998-08-05 10:00:00,27.0,45,4.1,80,696,691,171
1998-08-05 11:00:00,29.0,43,3.6,70,829,754,178
1998-08-05 12:00:00,28.0,48,4.6,90,899,794,169
1998-08-05 13:00:00,29.0,45,4.1,90,902,780,180
1998-08-05 14:00:00,30.0,43,4.1,90,846,748,186
1998-08-05 15:00:00,29.6,43,3.1,90,743,751,149
1998-08-05 16:00:00,29.0,43,2.1,80,589,663,153
1998-08-05 17:00:00,28.0,48,3.1,80,413,614,112
1998-08-05 18:00:00,26.0,58,3.1,80,220,441,85
1998-08-05 19:00:00,24.0,69,2.6,70,50,167,31
1998-08-05 20:00:00,22.0,78,2.6,80,0,0,0
1998-08-05 21:00:00,20.0,88,0.0,0,0,0,0
1998-08-05 22:00:00,19.0,88,0.0,0,0,0,0
1998-08-05 23:00:00,18.0,94,0.0,0,0,0,0
1998-08-06 00:00:00,17.0,100,0.0,0,0,0,0
1998-08-06 01:00:00,17.0,94,0.0,0,0,0,0
1998-08-06 02:00:00,16.0,100,0.0,0,0,0,0
1998-08-06 03:00:00,16.0,100,1.0,340,0,0,0
1998-08-06 04:00:00,16.0,100,1.0,360,0,0,0
1998-08-06 05:00:00,16.0,100,2.1,360,0,0,0
1998-08-06 06:00:00,17.0,94,0.0,0,0,0,0
1998-08-06 07:00:00,20.0,88,1.5,360,174,341,89
1998-08-06 08:00:00,25.0,69,2.1,50,355,517,127
1998-08-06 09:00:00,26.0,65,3.1,90,491,452,213
1998-08-06 10:00:00,26.0,65,3.6,90,646,582,205
1998-08-06 11:00:00,27.0,58,3.6,90,705,446,321
1998-08-06 12:00:00,27.0,62,3.6,90,735,403,365
1998-08-06 13:00:00,28.0,58,4.1,90,705,342,389
1998-08-06 14:00:00,29.0,52,4.6,90,705,389,362
1998-08-06 15:00:00,28.0,58,3.6,80,651,500,256
1998-08-06 16:00:00,28.0,62,4.6,60,493,361,257
1998-08-06 17:00:00,27.0,62,4.1,120,397,520,143
1998-08-06 18:00:00,26.0,65,4.1,90,219,457,81
1998-08-06 19:00:00,24.0,74,3.1,100,46,156,29
1998-08-06 20:00:00,23.0,83,2.6,80,0,0,0
1998-08-06 21:00:00,21.4,89,1.3,40,0,0,0
1998-08-06 22:00:00,20.0,94,0.0,0,0,0,0
1998-08-06 23:00:00,20.0,94,0.0,0,0,0,0
1998-08-07 00:00:00,21.0,94,1.0,50,0,0,0
1998-08-07 01:00:00,22.0,88,1.0,20,0,0,0
1998-08-07 02:00:00,22.0,88,1.0,360,0,0,0
1998-08-07 03:00:00,22.0,88,2.1,360,0,0,0
1998-08-07 04:00:00,22.0,88,2.6,10,0,0,0
1998-08-07 05:00:00,22.0,88,1.5,10,0,0,0
1998-08-07 06:00:00,22.0,94,2.1,30,0,0,0
1998-08-07 07:00:00,23.0,89,3.1,50,100,7,98
1998-08-07 08:00:00,25.0,83,3.6,50,195,19,187
1998-08-07 09:00:00,26.0,79,3.6,70,301,31,283
1998-08-07 10:00:00,27.0,74,3.1,90,380,36,352
1998-08-07 11:00:00,27.0,74,4.1,90,384,24,363
1998-08-07 12:00:00,28.0,66,3.6,80,510,108,411
1998-08-07 13:00:00,28.0,70,3.6,90,711,354,384
1998-08-07 14:00:00,29.0,66,4.1,80,623,263,391
1998-08-07 15:00:00,29.0,66,3.6,90,518,209,354
1998-08-07 16:00:00,27.7,71,3.6,80,448,255,282
1998-08-07 17:00:00,26.0,79,3.6,70,252,82,212
1998-08-07 18:00:00,26.0,79,3.6,70,117,11,113
1998-08-07 19:00:00,25.0,83,2.6,90,29,5,28
1998-08-07 20:00:00,24.0,89,3.6,80,0,0,0
1998-08-07 21:00:00,23.0,94,3.1,60,0,0,0
1998-08-07 22:00:00,23.0,94,2.1,60,0,0,0
1998-08-07 23:00:00,22.0,94,2.1,50,0,0,0
1998-08-08 00:00:00,22.0,94,1.0,50,0,0,0
1998-08-08 01:00:00,21.0,94,1.0,40,0,0,0
1998-08-08 02:00:00,20.0,100,1.5,30,0,0,0
1998-08-08 03:00:00,21.0,100,1.0,50,0,0,0
1998-08-08 04:00:00,21.0,100,1.0,350,0,0,0
1998-08-08 05:00:00,21.0,100,1.5,360,0,0,0
1998-08-08 06:00:00,22.0,94,1.5,30,0,0,0
1998-08-08 07:00:00,23.0,94,2.1,40,92,0,92
1998-08-08 08:00:00,25.0,83,3.6,80,244,106,198
1998-08-08 09:00:00,26.0,79,5.1,90,210,6,206
1998-08-08 10:00:00,26.0,79,5.1,70,234,6,230
1998-08-08 11:00:00,26.0,79,4.1,70,272,6,267
1998-08-08 12:00:00,27.0,70,4.6,70,249,0,249
1998-08-08 13:00:00,27.0,74,3.6,80,239,6,233
1998-08-08 14:00:00,27.0,70,4.1,70,446,48,404
1998-08-08 15:00:00,28.0,66,5.1,80,478,149,361
1998-08-08 16:00:00,29.0,58,6.2,80,448,261,279
1998-08-08 17:00:00,28.0,62,3.6,80,386,485,151
1998-08-08 18:00:00,27.0,70,5.1,90,203,389,89
1998-08-08 19:00:00,25.0,78,3.6,80,44,145,29
1998-08-08 20:00:00,23.0,89,2.1,80,0,0,0
1998-08-08 21:00:00,22.0,94,2.1,80,0,0,0
1998-08-08 22:00:00,22.0,94,0.0,0,0,0,0
1998-08-08 23:00:00,23.0,94,2.6,60,0,0,0
1998-08-09 00:00:00,23.0,94,2.1,70,0,0,0
1998-08-09 01:00:00,23.0,100,0.0,0,0,0,0
1998-08-09 02:00:00,23.0,94,0.0,0,0,0,0
1998-08-09 03:00:00,23.0,94,0.0,0,0,0,0
1998-08-09 04:00:00,23.0,100,0.0,0,0,0,0
1998-08-09 05:00:00,23.0,94,0.0,0,0,0,0
1998-08-09 06:00:00,23.0,100,2.1,90,0,0,0
1998-08-09 07:00:00,24.0,94,0.0,0,109,27,103
1998-08-09 08:00:00,26.0,84,3.1,90,238,94,197
1998-08-09 09:00:00,28.0,70,2.6,120,439,275,272
1998-08-09 10:00:00,29.0,66,2.6,90,576,370,298
1998-08-09 11:00:00,31.0,59,4.6,110,576,211,395
1998-08-09 12:00:00,30.0,62,3.6,90,474,54,424
1998-08-09 13:00:00,29.0,66,2.1,170,347,18,330
1998-08-09 14:00:00,31.0,59,3.1,120,317,18,301
1998-08-09 15:00:00,29.0,66,4.1,150,299,12,290
1998-08-09 16:00:00,29.2,63,4.4,150,280,30,261
1998-08-09 17:00:00,29.0,62,4.6,140,305,187,215
1998-08-09 18:00:00,27.0,74,3.6,130,135,68,115
1998-08-09 19:00:00,26.0,79,3.1,130,40,97,31
1998-08-09 20:00:00,24.0,94,3.1,140,0,0,0
1998-08-09 21:00:00,23.0,100,0.0,0,0,0,0
1998-08-09 22:00:00,22.0,100,0.0,0,0,0,0
1998-08-09 23:00:00,22.0,100,0.0,0,0,0,0
1998-08-10 00:00:00,21.0,100,1.0,220,0,0,0
1998-08-10 01:00:00,21.0,100,1.5,100,0,0,0
1998-08-10 02:00:00,21.0,100,0.0,0,0,0,0
1998-08-10 03:00:00,20.0,100,1.0,110,0,0,0
1998-08-10 04:00:00,19.0,100,1.0,110,0,0,0
1998-08-10 05:00:00,20.0,100,0.0,0,0,0,0
1998-08-10 06:00:00,20.0,100,1.0,100,0,0,0
1998-08-10 07:00:00,23.0,100,1.5,140,152,243,94
1998-08-10 08:00:00,26.0,84,2.6,180,322,387,154
1998-08-10 09:00:00,28.0,74,3.1,190,511,532,189
1998-08-10 10:00:00,29.0,66,3.6,200,614,491,246
1998-08-10 11:00:00,31.0,59,3.1,200,693,446,312
1998-08-10 12:00:00,31.1,62,4.9,190,741,409,369
1998-08-10 13:00:00,31.0,66,6.7,180,388,60,333
1998-08-10 14:00:00,29.0,79,5.1,170,558,173,406
1998-08-10 15:00:00,29.0,74,4.1,150,598,369,310
1998-08-10 16:00:00,30.0,70,5.7,170,492,367,256
1998-08-10 17:00:00,27.0,79,3.1,180,246,76,210
1998-08-10 18:00:00,27.0,79,3.6,190,116,22,109
1998-08-10 19:00:00,26.0,84,5.1,280,15,0,15
1998-08-10 20:00:00,23.7,94,4.6,260,0,0,0
1998-08-10 21:00:00,22.0,100,4.1,240,0,0,0
1998-08-10 22:00:00,22.0,100,0.0,0,0,0,0
1998-08-10 23:00:00,22.0,100,2.1,300,0,0,0
1998-08-11 00:00:00,22.0,100,3.1,230,0,0,0
1998-08-11 01:00:00,23.0,100,3.1,200,0,0,0
1998-08-11 02:00:00,23.0,100,2.6,190,0,0,0
1998-08-11 03:00:00,23.0,100,2.6,230,0,0,0
1998-08-11 04:00:00,23.0,100,2.6,240,0,0,0
1998-08-11 05:00:00,23.0,100,2.6,270,0,0,0
1998-08-11 06:00:00,22.6,96,2.9,280,0,0,0
1998-08-11 07:00:00,24.0,89,3.1,290,102,27,96
1998-08-11 08:00:00,25.0,89,3.1,260,336,412,159
1998-08-11 09:00:00,27.0,74,3.6,290,479,422,224
1998-08-11 10:00:00,27.0,74,2.6,280,551,321,311
1998-08-11 11:00:00,29.0,66,4.1,300,662,362,354
1998-08-11 12:00:00,30.0,59,3.1,290,747,445,343
1998-08-11 13:00:00,31.0,55,3.6,260,693,330,391
1998-08-11 14:00:00,31.0,55,4.1,300,558,173,407
1998-08-11 15:00:00,31.0,55,3.6,280,569,298,338
1998-08-11 16:00:00,31.2,55,3.6,290,336,83,282
1998-08-11 17:00:00,31.0,55,3.6,300,240,58,213
1998-08-11 18:00:00,30.0,55,3.6,300,134,73,114
1998-08-11 19:00:00,28.0,66,0.0,0,35,86,27
1998-08-11 20:00:00,25.0,89,0.0,0,0,0,0
1998-08-11 21:00:00,24.0,94,0.0,0,0,0,0
1998-08-11 22:00:00,24.0,94,0.0,0,0,0,0
1998-08-11 23:00:00,23.0,94,0.0,0,0,0,0
1998-08-12 00:00:00,23.0,94,1.0,250,0,0,0
1998-08-12 01:00:00,23.0,100,0.0,0,0,0,0
1998-08-12 02:00:00,23.0,94,0.0,0,0,0,0
1998-08-12 03:00:00,22.0,100,0.0,0,0,0,0
1998-08-12 04:00:00,22.0,100,0.0,0,0,0,0
1998-08-12 05:00:00,22.0,94,1.0,360,0,0,0
1998-08-12 06:00:00,23.0,94,0.0,0,8,39,7
1998-08-12 07:00:00,25.0,89,2.6,360,137,115,110
1998-08-12 08:00:00,26.0,79,3.6,10,295,300,166
1998-08-12 09:00:00,26.0,74,4.1,40,453,349,243
1998-08-12 10:00:00,27.6,63,3.6,30,646,600,198
1998-08-12 11:00:00,29.0,55,3.1,20,780,639,236
1998-08-12 12:00:00,30.0,52,4.1,10,857,691,229
1998-08-12 13:00:00,31.0,46,2.6,20,854,660,252
1998-08-12 14:00:00,31.0,46,4.1,340,822,670,240
1998-08-12 15:00:00,31.0,46,4.1,350,604,387,304
1998-08-12 16:00:00,30.0,49,2.6,10,492,373,254
1998-08-12 17:00:00,28.0,62,4.1,120,272,128,212
1998-08-12 18:00:00,27.0,66,3.1,130,115,17,110
1998-08-12 19:00:00,26.0,74,2.1,140,23,9,22
1998-08-12 20:00:00,24.0,83,0.0,0,0,0,0
1998-08-12 21:00:00,22.0,94,0.0,0,0,0,0
1998-08-12 22:00:00,21.0,94,0.0,0,0,0,0
1998-08-12 23:00:00,21.0,94,0.0,0,0,0,0
1998-08-13 00:00:00,21.0,94,0.0,0,0,0,0
1998-08-13 01:00:00,20.0,100,0.0,0,0,0,0
1998-08-13 02:00:00,19.0,100,0.0,0,0,0,0
1998-08-13 03:00:00,19.0,94,1.0,50,0,0,0
1998-08-13 04:00:00,18.0,100,1.0,100,0,0,0
1998-08-13 05:00:00,19.0,100,0.0,0,0,0,0
1998-08-13 06:00:00,20.0,100,1.0,30,8,79,5
1998-08-13 07:00:00,22.0,94,1.0,50,146,238,90
1998-08-13 08:00:00,23.0,89,1.5,90,281,175,206
1998-08-13 09:00:00,26.0,74,2.1,100,479,434,219
1998-08-13 10:00:00,27.0,66,2.6,140,570,345,313
1998-08-13 11:00:00,28.0,58,2.1,140,458,90,381
1998-08-13 12:00:00,28.0,58,2.1,140,565,156,424
1998-08-13 13:00:00,28.0,58,3.6,120,442,66,382
1998-08-13 14:00:00,28.0,58,4.1,130,616,263,389
1998-08-13 15:00:00,27.6,60,4.6,130,615,417,293
1998-08-13 16:00:00,27.0,62,5.1,130,503,438,224
1998-08-13 17:00:00,25.0,74,4.6,120,357,379,180
1998-08-13 18:00:00,25.0,74,6.7,150,114,28,107
1998-08-13 19:00:00,24.0,74,4.1,120,19,0,19
1998-08-13 20:00:00,23.0,83,2.6,100,0,0,0
1998-08-13 21:00:00,23.0,83,3.6,80,0,0,0
1998-08-13 22:00:00,23.0,78,3.1,130,0,0,0
1998-08-13 23:00:00,22.0,83,2.1,120,0,0,0
1998-08-14 00:00:00,22.0,88,2.1,100,0,0,0
1998-08-14 01:00:00,20.0,94,1.0,60,0,0,0
1998-08-14 02:00:00,19.0,94,2.1,100,0,0,0
1998-08-14 03:00:00,19.0,94,2.6,130,0,0,0
1998-08-14 04:00:00,19.0,94,1.0,90,0,0,0
1998-08-14 05:00:00,18.0,100,1.5,120,0,0,0
1998-08-14 06:00:00,19.0,94,1.0,120,6,30,5
1998-08-14 07:00:00,20.0,94,1.5,110,121,95,99
1998-08-14 08:00:00,23.0,78,3.6,110,317,357,165
1998-08-14 09:00:00,26.0,65,5.7,120,401,190,287
1998-08-14 10:00:00,27.0,58,6.2,100,672,630,204
1998-08-14 11:00:00,27.0,54,4.1,150,780,651,229
1998-08-14 12:00:00,27.1,52,3.6,140,808,571,292
1998-08-14 13:00:00,27.0,51,3.1,130,836,690,209
1998-08-14 14:00:00,26.9,52,3.1,140,792,622,255
1998-08-14 15:00:00,26.6,54,3.1,150,661,572,221
1998-08-14 16:00:00,26.0,57,3.1,160,452,308,258
1998-08-14 17:00:00,25.0,61,3.1,170,330,332,176
1998-08-14 18:00:00,23.9,66,2.3,130,161,173,114
1998-08-14 19:00:00,22.1,74,1.6,90,27,48,23
1998-08-14 20:00:00,20.7,80,0.8,40,0,0,0
1998-08-14 21:00:00,20.0,83,0.0,0,0,0,0
1998-08-14 22:00:00,19.0,88,0.0,0,0,0,0
1998-08-14 23:00:00,18.0,94,0.0,0,0,0,0
1998-08-15 00:00:00,18.0,94,0.0,0,0,0,0
1998-08-15 01:00:00,18.0,94,0.0,0,0,0,0
1998-08-15 02:00:00,18.0,94,0.0,0,0,0,0
1998-08-15 03:00:00,18.0,94,0.0,0,0,0,0
1998-08-15 04:00:00,18.0,94,0.0,0,0,0,0
1998-08-15 05:00:00,18.0,94,0.0,0,0,0,0
1998-08-15 06:00:00,18.0,94,0.0,0,7,76,5
1998-08-15 07:00:00,19.0,94,0.0,0,157,246,100
1998-08-15 08:00:00,22.0,88,0.0,0,232,94,193
1998-08-15 09:00:00,25.0,74,2.1,90,289,61,253
1998-08-15 10:00:00,27.0,58,1.5,140,640,533,245
1998-08-15 11:00:00,27.0,62,3.6,100,619,308,359
1998-08-15 12:00:00,28.0,58,2.6,60,790,547,297
1998-08-15 13:00:00,29.0,58,3.1,100,776,570,260
1998-08-15 14:00:00,29.0,55,1.5,100,733,544,265
1998-08-15 15:00:00,30.0,52,4.6,110,621,482,251
1998-08-15 16:00:00,29.4,55,4.7,100,497,414,236
1998-08-15 17:00:00,27.9,60,3.5,90,266,128,207
1998-08-15 18:00:00,27.3,62,2.9,80,156,190,105
1998-08-15 19:00:00,25.9,68,1.3,360,28,120,20
1998-08-15 20:00:00,24.6,73,1.4,30,0,0,0
1998-08-15 21:00:00,23.8,76,0.1,300,0,0,0
1998-08-15 22:00:00,23.3,78,0.0,0,0,0,0
1998-08-15 23:00:00,22.7,81,0.0,0,0,0,0
1998-08-16 00:00:00,22.2,84,0.0,0,0,0,0
1998-08-16 01:00:00,22.2,83,0.0,0,0,0,0
1998-08-16 02:00:00,22.2,83,0.0,0,0,0,0
1998-08-16 03:00:00,22.1,84,0.0,0,0,0,0
1998-08-16 04:00:00,22.1,84,0.0,0,0,0,0
1998-08-16 05:00:00,22.1,83,0.0,0,0,0,0
1998-08-16 06:00:00,22.6,81,0.0,0,4,4,4
1998-08-16 07:00:00,23.6,81,0.0,0,96,14,93
1998-08-16 08:00:00,26.0,77,0.0,0,162,13,157
1998-08-16 09:00:00,28.0,68,0.0,0,342,122,269
1998-08-16 10:00:00,29.0,58,0.0,0,602,442,276
1998-08-16 11:00:00,30.0,59,1.5,120,656,362,351
1998-08-16 12:00:00,30.0,59,1.5,140,687,313,405
1998-08-16 13:00:00,30.0,60,2.2,120,388,42,350
1998-08-16 14:00:00,29.9,62,2.8,110,370,30,344
1998-08-16 15:00:00,29.6,66,3.5,90,322,24,303
1998-08-16 16:00:00,29.0,70,4.1,70,257,18,245
1998-08-16 17:00:00,27.0,79,2.1,70,180,12,175
1998-08-16 18:00:00,27.0,79,2.1,110,122,84,100
1998-08-16 19:00:00,26.0,84,0.0,0,7,0,7
1998-08-16 20:00:00,25.0,89,1.5,120,0,0,0
1998-08-16 21:00:00,24.0,94,0.0,0,0,0,0
1998-08-16 22:00:00,24.0,94,0.0,0,0,0,0
1998-08-16 23:00:00,24.0,94,0.0,0,0,0,0
1998-08-17 00:00:00,23.0,100,0.0,0,0,0,0
1998-08-17 01:00:00,23.0,100,0.0,0,0,0,0
1998-08-17 02:00:00,23.0,100,0.0,0,0,0,0
1998-08-17 03:00:00,23.0,100,0.0,0,0,0,0
1998-08-17 04:00:00,23.0,100,2.1,110,0,0,0
1998-08-17 05:00:00,23.0,100,0.0,0,0,0,0
1998-08-17 06:00:00,24.0,94,1.5,100,3,0,3
1998-08-17 07:00:00,25.0,94,2.1,100,79,0,79
1998-08-17 08:00:00,27.0,89,3.6,130,226,75,195
1998-08-17 09:00:00,28.0,84,2.6,200,309,80,262
1998-08-17 10:00:00,28.0,79,3.6,220,241,6,237
1998-08-17 11:00:00,29.0,74,5.1,220,421,78,355
1998-08-17 12:00:00,30.0,70,5.1,220,820,571,308
1998-08-17 13:00:00,32.0,63,6.2,210,776,522,306
1998-08-17 14:00:00,32.0,56,5.1,220,763,580,266
1998-08-17 15:00:00,32.0,59,5.1,240,683,685,163
1998-08-17 16:00:00,32.0,52,6.2,220,546,633,152
1998-08-17 17:00:00,32.0,56,6.2,230,366,513,133
1998-08-17 18:00:00,31.0,63,3.1,180,164,289,88
1998-08-17 19:00:00,29.0,70,2.6,230,17,12,16
1998-08-17 20:00:00,28.0,70,2.1,270,0,0,0
1998-08-17 21:00:00,27.0,79,4.6,300,0,0,0
1998-08-17 22:00:00,25.9,84,3.6,310,0,0,0
1998-08-17 23:00:00,25.0,89,2.6,310,0,0,0
1998-08-18 00:00:00,24.0,94,2.1,310,0,0,0
1998-08-18 01:00:00,24.0,94,3.6,290,0,0,0
1998-08-18 02:00:00,24.0,89,3.1,300,0,0,0
1998-08-18 03:00:00,23.0,94,1.5,250,0,0,0
1998-08-18 04:00:00,22.0,100,1.0,260,0,0,0
1998-08-18 05:00:00,22.0,100,2.1,260,0,0,0
1998-08-18 06:00:00,22.0,100,1.5,260,5,69,3
1998-08-18 07:00:00,24.0,89,2.1,270,151,254,94
1998-08-18 08:00:00,26.0,84,2.1,300,325,451,138
1998-08-18 09:00:00,27.7,74,2.1,290,480,484,195
1998-08-18 10:00:00,29.0,66,2.1,280,647,649,171
1998-08-18 11:00:00,31.0,59,3.1,270,780,676,214
1998-08-18 12:00:00,31.0,59,4.6,250,845,673,242
1998-08-18 13:00:00,32.0,56,4.1,260,818,600,279
1998-08-18 14:00:00,33.0,44,4.1,250,780,634,240
1998-08-18 15:00:00,33.0,46,6.2,280,608,435,279
1998-08-18 16:00:00,32.0,52,5.1,250,474,402,224
1998-08-18 17:00:00,31.0,55,5.7,260,318,320,174
1998-08-18 18:00:00,30.0,62,4.6,220,145,139,109
1998-08-18 19:00:00,27.0,74,3.6,240,20,85,15
1998-08-18 20:00:00,26.0,79,4.6,20,0,0,0
1998-08-18 21:00:00,22.0,100,0.0,0,0,0,0
1998-08-18 22:00:00,22.0,100,0.0,0,0,0,0
1998-08-18 23:00:00,22.0,100,0.0,0,0,0,0
1998-08-19 00:00:00,22.0,94,3.6,360,0,0,0
1998-08-19 01:00:00,22.0,88,4.1,360,0,0,0
1998-08-19 02:00:00,21.0,94,3.6,350,0,0,0
1998-08-19 03:00:00,20.0,88,6.2,350,0,0,0
1998-08-19 04:00:00,18.0,83,6.2,10,0,0,0
1998-08-19 05:00:00,16.0,82,4.6,360,0,0,0
1998-08-19 06:00:00,15.0,82,5.7,350,4,65,3
1998-08-19 07:00:00,16.0,72,5.7,350,143,248,88
1998-08-19 08:00:00,18.0,64,5.1,350,290,320,158
1998-08-19 09:00:00,19.0,64,6.2,350,481,435,225
1998-08-19 10:00:00,19.0,64,5.1,360,457,164,337
1998-08-19 11:00:00,21.0,60,4.1,10,464,103,379
1998-08-19 12:00:00,21.0,60,4.6,10,389,48,346
1998-08-19 13:00:00,23.0,50,5.1,340,651,282,398
1998-08-19 14:00:00,24.0,47,4.1,20,668,371,353
1998-08-19 15:00:00,25.0,47,5.7,350,591,417,277
1998-08-19 16:00:00,24.0,47,6.7,10,473,402,225
1998-08-19 17:00:00,23.0,47,5.1,10,338,407,157
1998-08-19 18:00:00,21.0,56,4.6,360,167,338,81
1998-08-19 19:00:00,19.0,64,3.1,10,19,80,15
1998-08-19 20:00:00,18.0,68,2.1,10,0,0,0
1998-08-19 21:00:00,15.0,88,0.0,0,0,0,0
1998-08-19 22:00:00,15.0,88,0.0,0,0,0,0
1998-08-19 23:00:00,14.0,94,0.0,0,0,0,0
1998-08-20 00:00:00,13.0,94,1.0,310,0,0,0
1998-08-20 01:00:00,14.0,88,0.0,0,0,0,0
1998-08-20 02:00:00,12.0,94,0.0,0,0,0,0
1998-08-20 03:00:00,13.0,94,1.0,340,0,0,0
1998-08-20 04:00:00,12.0,94,1.0,350,0,0,0
1998-08-20 05:00:00,12.0,94,1.0,330,0,0,0
1998-08-20 06:00:00,12.0,94,1.0,280,4,65,2
1998-08-20 07:00:00,16.0,82,1.0,320,144,263,87
1998-08-20 08:00:00,20.0,64,1.5,340,326,502,120
1998-08-20 09:00:00,23.0,47,3.1,340,507,618,145
1998-08-20 10:00:00,24.0,41,4.1,10,673,703,160
1998-08-20 11:00:00,25.0,39,3.1,320,793,742,174
1998-08-20 12:00:00,25.0,41,2.6,290,863,770,178
1998-08-20 13:00:00,26.0,39,2.1,280,872,785,169
1998-08-20 14:00:00,26.0,39,3.1,20,809,741,181
1998-08-20 15:00:00,26.0,39,2.6,60,694,714,158
1998-08-20 16:00:00,27.0,37,0.0,0,540,662,134
1998-08-20 17:00:00,25.0,44,3.6,130,359,541,120
1998-08-20 18:00:00,23.0,50,3.6,130,167,393,68
1998-08-20 19:00:00,21.0,60,3.6,140,16,70,13
1998-08-20 20:00:00,18.0,77,2.6,100,0,0,0
1998-08-20 21:00:00,16.0,88,0.0,0,0,0,0
1998-08-20 22:00:00,16.0,82,0.0,0,0,0,0
1998-08-20 23:00:00,15.0,82,0.0,0,0,0,0
1998-08-21 00:00:00,14.0,88,0.0,0,0,0,0
1998-08-21 01:00:00,13.0,94,1.0,100,0,0,0
1998-08-21 02:00:00,13.0,88,0.0,0,0,0,0
1998-08-21 03:00:00,13.0,94,0.0,0,0,0,0
1998-08-21 04:00:00,13.0,88,1.0,100,0,0,0
1998-08-21 05:00:00,13.0,94,1.0,120,0,0,0
1998-08-21 06:00:00,14.0,88,0.0,0,3,66,2
1998-08-21 07:00:00,17.0,88,0.0,0,145,278,85
1998-08-21 08:00:00,22.0,73,2.6,260,327,508,119
1998-08-21 09:00:00,24.0,65,4.6,240,508,631,140
1998-08-21 10:00:00,26.0,54,4.1,270,673,709,157
1998-08-21 11:00:00,27.0,48,5.1,260,787,730,180
1998-08-21 12:00:00,28.0,42,3.6,260,857,739,200
1998-08-21 13:00:00,28.0,45,3.1,250,818,612,272
1998-08-21 14:00:00,29.0,43,3.6,240,791,675,221
1998-08-21 15:00:00,29.0,40,2.6,250,659,613,201
1998-08-21 16:00:00,29.0,37,4.6,270,534,650,138
1998-08-21 17:00:00,28.0,45,4.6,250,348,500,129
1998-08-21 18:00:00,27.0,51,3.1,270,161,370,70
1998-08-21 19:00:00,24.0,65,2.6,200,15,72,12
1998-08-21 20:00:00,22.0,73,2.6,200,0,0,0
1998-08-21 21:00:00,22.0,73,0.0,0,0,0,0
1998-08-21 22:00:00,20.0,83,2.6,210,0,0,0
1998-08-21 23:00:00,20.0,83,2.6,190,0,0,0
1998-08-22 00:00:00,20.0,88,0.0,0,0,0,0
1998-08-22 01:00:00,19.0,88,0.0,0,0,0,0
1998-08-22 02:00:00,19.0,88,0.0,0,0,0,0
1998-08-22 03:00:00,18.0,94,0.0,0,0,0,0
1998-08-22 04:00:00,18.0,88,0.0,0,0,0,0
1998-08-22 05:00:00,19.0,94,0.0,0,0,0,0
1998-08-22 06:00:00,20.0,94,0.0,0,2,53,2
1998-08-22 07:00:00,22.0,83,0.0,0,137,237,87
1998-08-22 08:00:00,25.0,78,2.6,240,313,452,130
1998-08-22 09:00:00,28.0,58,2.1,250,481,514,183
1998-08-22 10:00:00,30.0,52,3.1,210,648,679,155
1998-08-22 11:00:00,32.0,43,4.6,280,774,682,209
1998-08-22 12:00:00,32.0,46,2.6,270,844,721,206
1998-08-22 13:00:00,33.0,44,4.6,250,848,713,213
1998-08-22 14:00:00,33.0,44,4.6,290,785,640,247
1998-08-22 15:00:00,32.0,49,4.6,290,625,536,226
1998-08-22 16:00:00,32.0,46,4.1,310,495,526,176
1998-08-22 17:00:00,31.0,55,4.1,90,321,395,149
1998-08-22 18:00:00,29.0,70,3.1,70,151,314,75
1998-08-22 19:00:00,26.0,84,1.5,70,12,52,10
1998-08-22 20:00:00,25.0,83,1.5,120,0,0,0
1998-08-22 21:00:00,24.0,89,1.5,130,0,0,0
1998-08-22 22:00:00,23.0,94,2.1,210,0,0,0
1998-08-22 23:00:00,23.0,94,1.0,290,0,0,0
1998-08-23 00:00:00,21.0,100,0.0,0,0,0,0
1998-08-23 01:00:00,22.0,94,0.0,0,0,0,0
1998-08-23 02:00:00,21.0,94,1.5,140,0,0,0
1998-08-23 03:00:00,21.0,94,0.0,0,0,0,0
1998-08-23 04:00:00,21.0,94,0.0,0,0,0,0
1998-08-23 05:00:00,20.0,100,0.0,0,0,0,0
1998-08-23 06:00:00,20.0,94,0.0,0,2,18,1
1998-08-23 07:00:00,23.0,94,1.5,140,119,84,102
1998-08-23 08:00:00,26.0,79,4.1,200,285,327,153
1998-08-23 09:00:00,28.0,66,4.6,190,449,361,240
1998-08-23 10:00:00,29.0,62,4.1,240,426,133,329
1998-08-23 11:00:00,30.0,62,4.1,230,663,392,339
1998-08-23 12:00:00,32.0,52,5.1,210,693,361,374
1998-08-23 13:00:00,32.0,15,5.7,220,836,647,262
1998-08-23 14:00:00,33.0,14,5.1,230,791,711,195
1998-08-23 15:00:00,34.0,44,6.2,230,676,672,178
1998-08-23 16:00:00,34.0,44,4.6,240,522,632,141
1998-08-23 17:00:00,32.0,49,4.6,240,336,465,136
1998-08-23 18:00:00,31.0,55,2.6,240,141,269,77
1998-08-23 19:00:00,28.0,70,4.1,170,11,61,9
1998-08-23 20:00:00,26.0,79,4.1,180,0,0,0
1998-08-23 21:00:00,25.0,78,3.6,190,0,0,0
1998-08-23 22:00:00,25.0,83,3.1,200,0,0,0
1998-08-23 23:00:00,25.0,83,4.1,200,0,0,0
1998-08-24 00:00:00,25.0,83,3.1,200,0,0,0
1998-08-24 01:00:00,25.0,83,4.1,200,0,0,0
1998-08-24 02:00:00,24.0,89,2.6,210,0,0,0
1998-08-24 03:00:00,24.0,89,2.6,210,0,0,0
1998-08-24 04:00:00,24.0,89,3.6,210,0,0,0
1998-08-24 05:00:00,23.0,94,3.6,200,0,0,0
1998-08-24 06:00:00,22.0,94,2.6,200,2,48,1
1998-08-24 07:00:00,24.0,83,3.6,220,139,238,89
1998-08-24 08:00:00,27.0,74,5.7,230,307,440,130
1998-08-24 09:00:00,28.0,70,4.1,230,488,564,164
1998-08-24 10:00:00,29.0,66,4.1,200,648,691,150
1998-08-24 11:00:00,31.0,59,3.6,210,774,712,188
1998-08-24 12:00:00,33.0,53,4.1,250,844,739,194
1998-08-24 13:00:00,34.0,44,4.1,260,847,731,201
1998-08-24 14:00:00,34.0,44,3.6,260,791,675,227
1998-08-24 15:00:00,33.0,49,4.1,230,573,375,296
1998-08-24 16:00:00,33.0,44,5.1,230,477,472,195
1998-08-24 17:00:00,32.0,52,5.1,210,330,453,137
1998-08-24 18:00:00,31.0,59,4.1,200,131,181,89
1998-08-24 19:00:00,29.0,70,3.1,180,9,21,8
1998-08-24 20:00:00,27.0,84,2.6,160,0,0,0
1998-08-24 21:00:00,26.0,89,3.6,180,0,0,0
1998-08-24 22:00:00,26.4,84,4.4,190,0,0,0
1998-08-24 23:00:00,27.0,79,5.1,200,0,0,0
1998-08-25 00:00:00,27.0,79,4.6,210,0,0,0
1998-08-25 01:00:00,26.0,89,5.1,200,0,0,0
1998-08-25 02:00:00,26.0,84,3.6,220,0,0,0
1998-08-25 03:00:00,25.0,89,1.0,260,0,0,0
1998-08-25 04:00:00,25.0,89,1.5,190,0,0,0
1998-08-25 05:00:00,24.0,94,2.1,210,0,0,0
1998-08-25 06:00:00,24.0,94,2.6,240,1,41,1
1998-08-25 07:00:00,26.0,84,3.1,230,130,218,86
1998-08-25 08:00:00,28.0,74,4.1,240,300,415,135
1998-08-25 09:00:00,29.0,70,4.1,250,436,362,229
1998-08-25 10:00:00,31.0,63,4.1,240,642,655,171
1998-08-25 11:00:00,33.0,53,3.6,250,774,700,199
1998-08-25 12:00:00,35.0,42,4.1,300,844,745,190
1998-08-25 13:00:00,36.0,37,3.6,260,847,743,193
1998-08-25 14:00:00,36.0,37,3.6,240,791,711,199
1998-08-25 15:00:00,36.0,35,6.2,190,653,607,207
1998-08-25 16:00:00,33.0,59,7.7,190,460,413,215
1998-08-25 17:00:00,32.0,52,7.7,210,298,319,164
1998-08-25 18:00:00,30.0,49,4.1,200,108,88,88
1998-08-25 19:00:00,28.0,58,2.6,230,4,0,4
1998-08-25 20:00:00,27.0,62,0.0,0,0,0,0
1998-08-25 21:00:00,26.0,70,2.1,90,0,0,0
1998-08-25 22:00:00,25.0,78,4.1,180,0,0,0
1998-08-25 23:00:00,26.0,74,5.1,200,0,0,0
1998-08-26 00:00:00,26.0,65,5.7,190,0,0,0
1998-08-26 01:00:00,26.0,65,3.6,210,0,0,0
1998-08-26 02:00:00,25.0,69,2.6,190,0,0,0
1998-08-26 03:00:00,24.0,78,2.1,220,0,0,0
1998-08-26 04:00:00,23.0,83,1.5,140,0,0,0
1998-08-26 05:00:00,22.0,88,0.0,0,0,0,0
1998-08-26 06:00:00,23.0,89,1.5,350,1,3,0
1998-08-26 07:00:00,24.0,89,1.5,70,84,14,82
1998-08-26 08:00:00,27.0,79,2.1,50,215,69,187
1998-08-26 09:00:00,28.0,79,2.6,120,317,80,272
1998-08-26 10:00:00,29.0,74,5.7,140,394,97,325
1998-08-26 11:00:00,27.0,84,5.1,180,273,12,263
1998-08-26 12:00:00,26.0,79,3.6,140,170,0,170
1998-08-26 13:00:00,25.0,94,6.7,140,376,42,339
1998-08-26 14:00:00,25.0,94,2.6,60,123,0,123
1998-08-26 15:00:00,25.0,94,3.6,120,132,0,132
1998-08-26 16:00:00,26.0,94,2.6,100,238,24,224
1998-08-26 17:00:00,26.0,94,3.6,80,136,0,136
1998-08-26 18:00:00,26.0,94,3.1,100,67,0,67
1998-08-26 19:00:00,25.0,94,2.1,80,6,19,5
1998-08-26 20:00:00,25.0,94,3.1,60,0,0,0
1998-08-26 21:00:00,25.0,94,2.1,60,0,0,0
1998-08-26 22:00:00,25.0,94,2.1,70,0,0,0
1998-08-26 23:00:00,25.0,94,3.6,70,0,0,0
1998-08-27 00:00:00,25.0,94,3.6,70,0,0,0
1998-08-27 01:00:00,25.0,94,3.6,80,0,0,0
1998-08-27 02:00:00,25.0,94,2.6,70,0,0,0
1998-08-27 03:00:00,24.0,100,2.6,70,0,0,0
1998-08-27 04:00:00,24.0,100,3.1,90,0,0,0
1998-08-27 05:00:00,25.0,94,3.1,100,0,0,0
1998-08-27 06:00:00,25.0,94,3.1,80,0,4,0
1998-08-27 07:00:00,26.0,94,3.1,80,85,21,81
1998-08-27 08:00:00,26.0,94,3.6,70,100,0,100
1998-08-27 09:00:00,28.0,89,3.1,80,152,0,152
1998-08-27 10:00:00,28.0,89,3.6,80,153,0,153
1998-08-27 11:00:00,27.0,94,6.2,80,130,0,130
1998-08-27 12:00:00,29.0,84,4.1,90,516,138,396
1998-08-27 13:00:00,30.0,75,6.2,70,436,36,404
1998-08-27 14:00:00,26.0,94,6.2,40,381,30,356
1998-08-27 15:00:00,26.0,94,6.2,50,269,12,260
1998-08-27 16:00:00,27.0,89,6.2,90,260,35,239
1998-08-27 17:00:00,27.0,89,5.7,90,130,0,130
1998-08-27 18:00:00,26.0,94,5.7,70,27,0,27
1998-08-27 19:00:00,25.0,94,4.6,80,1,0,1
1998-08-27 20:00:00,25.0,94,4.6,80,0,0,0
1998-08-27 21:00:00,26.0,94,4.6,80,0,0,0
1998-08-27 22:00:00,26.0,94,3.6,90,0,0,0
1998-08-27 23:00:00,26.0,94,4.6,80,0,0,0
1998-08-28 00:00:00,26.0,94,5.1,70,0,0,0
1998-08-28 01:00:00,26.0,94,5.7,60,0,0,0
1998-08-28 02:00:00,25.0,100,6.2,50,0,0,0
1998-08-28 03:00:00,25.0,94,5.7,50,0,0,0
1998-08-28 04:00:00,25.0,94,5.1,40,0,0,0
1998-08-28 05:00:00,25.0,89,6.7,30,0,0,0
1998-08-28 06:00:00,25.0,89,6.2,20,0,0,0
1998-08-28 07:00:00,25.0,94,7.7,10,38,0,38
1998-08-28 08:00:00,25.0,94,5.1,40,50,0,50
1998-08-28 09:00:00,25.0,89,7.7,30,106,0,106
1998-08-28 10:00:00,25.0,89,6.7,20,121,0,121
1998-08-28 11:00:00,25.0,89,6.2,20,167,0,167
1998-08-28 12:00:00,25.0,89,6.2,10,176,0,176
1998-08-28 13:00:00,24.0,94,4.6,360,215,0,215
1998-08-28 14:00:00,25.0,89,4.6,360,281,12,271
1998-08-28 15:00:00,27.0,79,6.7,360,229,12,220
1998-08-28 16:00:00,28.0,74,6.7,360,354,165,258
1998-08-28 17:00:00,28.0,74,5.1,360,219,98,178
1998-08-28 18:00:00,27.0,79,5.1,360,119,174,82
1998-08-28 19:00:00,26.0,84,5.1,10,3,3,3
1998-08-28 20:00:00,25.0,83,3.1,360,0,0,0
1998-08-28 21:00:00,24.0,83,2.1,360,0,0,0
1998-08-28 22:00:00,23.0,89,0.0,0,0,0,0
1998-08-28 23:00:00,22.0,94,0.0,0,0,0,0
1998-08-29 00:00:00,21.0,100,1.5,230,0,0,0
1998-08-29 01:00:00,21.0,100,2.1,230,0,0,0
1998-08-29 02:00:00,21.0,94,0.0,0,0,0,0
1998-08-29 03:00:00,20.0,100,0.0,0,0,0,0
1998-08-29 04:00:00,20.0,94,0.0,0,0,0,0
1998-08-29 05:00:00,21.0,94,1.0,60,0,0,0
1998-08-29 06:00:00,21.0,100,2.1,210,0,0,0
1998-08-29 07:00:00,22.0,94,1.0,130,125,200,87
1998-08-29 08:00:00,25.0,83,4.1,190,295,435,126
1998-08-29 09:00:00,28.0,74,3.6,180,470,521,176
1998-08-29 10:00:00,30.0,66,4.6,160,636,692,146
1998-08-29 11:00:00,31.0,66,3.6,190,762,694,199
1998-08-29 12:00:00,32.0,63,4.6,240,796,625,254
1998-08-29 13:00:00,33.0,56,5.1,200,817,683,224
1998-08-29 14:00:00,33.0,53,4.1,230,767,693,199
1998-08-29 15:00:00,33.0,56,5.7,250,652,660,177
1998-08-29 16:00:00,33.0,53,6.7,250,464,472,191
1998-08-29 17:00:00,32.0,56,3.1,260,296,365,149
1998-08-29 18:00:00,29.0,70,2.6,30,70,11,68
1998-08-29 19:00:00,28.0,79,2.1,20,2,0,2
1998-08-29 20:00:00,27.0,74,0.0,0,0,0,0
1998-08-29 21:00:00,26.0,84,0.0,0,0,0,0
1998-08-29 22:00:00,25.0,89,0.0,0,0,0,0
1998-08-29 23:00:00,25.0,83,0.0,0,0,0,0
1998-08-30 00:00:00,24.0,89,0.0,0,0,0,0
1998-08-30 01:00:00,23.0,94,0.0,0,0,0,0
1998-08-30 02:00:00,22.0,100,0.0,0,0,0,0
1998-08-30 03:00:00,22.0,94,0.0,0,0,0,0
1998-08-30 04:00:00,22.0,94,0.0,0,0,0,0
1998-08-30 05:00:00,21.0,100,0.0,0,0,0,0
1998-08-30 06:00:00,21.0,100,0.0,0,0,0,0
1998-08-30 07:00:00,22.0,94,0.0,0,88,36,81
1998-08-30 08:00:00,25.0,83,2.6,310,237,132,186
1998-08-30 09:00:00,28.0,70,2.1,310,311,80,266
1998-08-30 10:00:00,29.0,62,0.0,0,407,121,321
1998-08-30 11:00:00,30.0,62,2.6,270,651,398,329
1998-08-30 12:00:00,30.0,59,3.1,280,680,367,364
1998-08-30 13:00:00,31.0,52,4.1,280,751,539,285
1998-08-30 14:00:00,32.0,49,4.6,250,731,627,220
1998-08-30 15:00:00,32.0,46,3.1,280,629,613,190
1998-08-30 16:00:00,32.0,46,2.6,260,458,460,194
1998-08-30 17:00:00,31.0,52,2.6,260,275,318,148
1998-08-30 18:00:00,29.0,66,2.6,190,108,124,83
1998-08-30 19:00:00,26.0,74,0.0,0,1,0,1
1998-08-30 20:00:00,24.0,83,0.0,0,0,0,0
1998-08-30 21:00:00,24.0,83,3.1,190,0,0,0
1998-08-30 22:00:00,23.0,89,2.6,190,0,0,0
1998-08-30 23:00:00,22.0,94,0.0,0,0,0,0
1998-08-31 00:00:00,22.0,94,2.1,210,0,0,0
1998-08-31 01:00:00,22.0,100,0.0,0,0,0,0
1998-08-31 02:00:00,20.0,94,0.0,0,0,0,0
1998-08-31 03:00:00,19.0,100,1.5,140,0,0,0
1998-08-31 04:00:00,20.0,94,1.0,140,0,0,0
1998-08-31 05:00:00,20.0,100,1.0,100,0,0,0
1998-08-31 06:00:00,20.0,100,0.0,0,0,0,0
1998-08-31 07:00:00,22.0,94,1.5,110,118,194,81
1998-08-31 08:00:00,25.0,89,0.0,0,267,322,144
1998-08-31 09:00:00,28.0,84,3.1,280,444,429,204
1998-08-31 10:00:00,30.0,66,2.6,320,617,619,182
1998-08-31 11:00:00,32.0,52,3.6,350,744,670,204
1998-08-31 12:00:00,32.1,50,2.9,320,796,643,242
1998-08-31 13:00:00,32.0,49,2.1,280,757,557,277
1998-08-31 14:00:00,33.0,44,2.6,360,614,311,362
1998-08-31 15:00:00,34.0,39,4.1,330,611,553,217
1998-08-31 16:00:00,34.0,36,3.6,10,469,548,156
1998-08-31 17:00:00,31.0,66,5.1,110,285,376,136
1998-08-31 18:00:00,28.0,84,4.1,90,103,134,76
1998-08-31 19:00:00,26.0,89,2.1,50,1,0,1
1998-08-31 20:00:00,25.0,94,0.0,0,0,0,0
1998-08-31 21:00:00,25.0,94,2.6,30,0,0,0
1998-08-31 22:00:00,23.9,94,2.7,30,0,0,0
1998-08-31 23:00:00,22.7,89,2.9,20,0,0,0
1998-09-01 00:00:00,21.6,89,3.0,60,0,0,0
1996-09-01 01:00:00,20.4,88,3.2,360,0,0,0
1996-09-01 02:00:00,19.3,89,3.3,10,0,0,0
1996-09-01 03:00:00,18.1,88,3.5,10,0,0,0
1996-09-01 04:00:00,17.0,88,3.6,350,0,0,0
1996-09-01 05:00:00,17.0,94,4.1,360,0,0,0
1996-09-01 06:00:00,16.8,95,5.1,360,5,14,4
1996-09-01 07:00:00,18.0,94,5.1,20,107,304,51
1996-09-01 08:00:00,22.0,78,4.6,40,273,448,104
1996-09-01 09:00:00,24.0,65,5.1,30,316,234,186
1996-09-01 10:00:00,26.0,61,5.1,10,623,559,233
1996-09-01 11:00:00,27.0,48,5.1,360,557,390,245
1996-09-01 12:00:00,28.0,42,5.1,360,783,711,176
1996-09-01 13:00:00,29.0,37,5.1,10,822,776,158
1996-09-01 14:00:00,30.0,38,5.1,350,753,748,151
1996-09-01 15:00:00,30.0,38,4.1,360,641,710,140
1996-09-01 16:00:00,29.0,40,4.1,10,518,722,111
1996-09-01 17:00:00,28.0,45,5.1,30,317,600,84
1996-09-01 18:00:00,25.0,61,3.1,40,120,354,51
1996-09-01 19:00:00,22.0,73,0.0,0,7,25,6
1996-09-01 20:00:00,20.0,88,0.0,0,0,0,0
1996-09-01 21:00:00,19.0,88,0.0,0,0,0,0
1996-09-01 22:00:00,18.0,94,0.0,0,0,0,0
1996-09-01 23:00:00,18.0,88,0.0,0,0,0,0
1996-09-02 00:00:00,17.0,94,0.0,0,0,0,0
1996-09-02 01:00:00,17.0,94,0.0,0,0,0,0
1996-09-02 02:00:00,17.0,94,0.0,0,0,0,0
1996-09-02 03:00:00,16.0,94,1.5,320,0,0,0
1996-09-02 04:00:00,16.0,94,3.6,270,0,0,0
1996-09-02 05:00:00,16.0,100,2.1,270,0,0,0
1996-09-02 06:00:00,17.0,94,2.1,320,5,22,4
1996-09-02 07:00:00,19.0,73,2.1,320,111,355,47
1996-09-02 08:00:00,23.0,73,2.6,300,271,429,110
1996-09-02 09:00:00,26.0,61,2.6,300,481,645,126
1996-09-02 10:00:00,28.0,51,5.1,300,611,538,236
1996-09-02 11:00:00,29.0,48,5.1,320,770,715,200
1996-09-02 12:00:00,31.0,43,5.1,320,745,654,188
1996-09-02 13:00:00,31.0,43,5.1,290,661,325,384
1996-09-02 14:00:00,30.7,42,5.1,290,729,593,253
1996-09-02 15:00:00,30.0,43,5.1,290,659,703,167
1996-09-02 16:00:00,30.2,43,3.1,270,483,627,133
1996-09-02 17:00:00,30.0,46,3.1,240,284,497,93
1996-09-02 18:00:00,30.0,46,3.1,240,90,131,65
1996-09-02 19:00:00,25.1,64,2.6,250,7,11,7
1996-09-02 20:00:00,21.0,83,2.1,260,0,0,0
1996-09-02 21:00:00,20.0,83,2.1,260,0,0,0
1996-09-02 22:00:00,19.0,88,2.1,200,0,0,0
1996-09-02 23:00:00,19.0,88,0.0,0,0,0,0
1996-09-03 00:00:00,19.0,88,0.0,0,0,0,0
1996-09-03 01:00:00,17.0,94,0.0,0,0,0,0
1996-09-03 02:00:00,17.0,94,0.0,0,0,0,0
1996-09-03 03:00:00,17.0,94,0.0,0,0,0,0
1996-09-03 04:00:00,17.0,94,0.0,0,0,0,0
1996-09-03 05:00:00,17.0,100,0.0,0,0,0,0
1996-09-03 06:00:00,18.0,94,0.0,0,2,0,2
1996-09-03 07:00:00,19.0,100,0.0,0,39,0,39
1996-09-03 08:00:00,22.0,94,0.0,0,83,0,83
1996-09-03 09:00:00,24.0,89,0.0,0,142,0,142
1996-09-03 10:00:00,26.0,74,0.0,0,192,0,192
1996-09-03 11:00:00,27.0,70,0.0,0,228,0,228
1996-09-03 12:00:00,28.3,64,1.3,300,246,0,246
1996-09-03 13:00:00,29.0,62,2.6,230,246,0,246
1996-09-03 14:00:00,29.0,58,4.1,230,228,0,228
1996-09-03 15:00:00,28.2,63,3.4,240,194,0,194
1996-09-03 16:00:00,27.0,70,2.6,240,144,0,144
1996-09-03 17:00:00,27.0,70,2.6,240,85,0,85
1996-09-03 18:00:00,25.0,83,2.6,240,40,0,40
1996-09-03 19:00:00,23.0,94,0.0,0,4,0,4
1996-09-03 20:00:00,23.0,94,0.0,0,0,0,0
1996-09-03 21:00:00,23.0,94,0.0,0,0,0,0
1996-09-03 22:00:00,23.0,94,0.0,0,0,0,0
1996-09-03 23:00:00,22.0,94,0.0,0,0,0,0
1996-09-04 00:00:00,22.0,94,0.0,0,0,0,0
1996-09-04 01:00:00,21.0,100,2.6,120,0,0,0
1996-09-04 02:00:00,21.0,100,0.0,0,0,0,0
1996-09-04 03:00:00,21.0,100,2.1,90,0,0,0
1996-09-04 04:00:00,21.0,100,2.1,90,0,0,0
1996-09-04 05:00:00,21.0,100,2.1,120,0,0,0
1996-09-04 06:00:00,21.0,100,0.0,0,2,0,2
1996-09-04 07:00:00,22.0,94,2.1,120,35,0,35
1996-09-04 08:00:00,24.0,94,2.1,100,85,0,85
1996-09-04 09:00:00,26.0,79,4.1,110,144,0,144
1996-09-04 10:00:00,27.0,70,5.1,120,194,0,194
1996-09-04 11:00:00,27.0,70,4.1,140,229,0,229
1996-09-04 12:00:00,28.0,66,5.1,140,247,0,247
1996-09-04 13:00:00,28.0,70,5.1,140,247,0,247
1996-09-04 14:00:00,27.7,69,4.6,150,229,0,229
1996-09-04 15:00:00,27.0,70,4.1,160,195,0,195
1996-09-04 16:00:00,26.7,71,4.1,160,146,0,146
1996-09-04 17:00:00,26.0,74,4.1,160,87,0,87
1996-09-04 18:00:00,25.0,78,4.1,160,36,0,36
1996-09-04 19:00:00,24.0,89,2.6,110,3,0,3
1996-09-04 20:00:00,24.0,89,2.1,90,0,0,0
1996-09-04 21:00:00,24.0,89,2.1,90,0,0,0
1996-09-04 22:00:00,23.0,94,2.1,90,0,0,0
1996-09-04 23:00:00,23.0,94,2.1,110,0,0,0
1996-09-05 00:00:00,22.0,100,2.1,140,0,0,0
1996-09-05 01:00:00,23.0,94,2.1,150,0,0,0
1996-09-05 02:00:00,22.0,100,2.1,140,0,0,0
1996-09-05 03:00:00,22.0,100,2.1,140,0,0,0
1996-09-05 04:00:00,21.0,100,2.1,100,0,0,0
1996-09-05 05:00:00,22.0,100,2.6,100,0,0,0
1996-09-05 06:00:00,22.0,100,3.1,90,3,0,3
1996-09-05 07:00:00,23.0,100,3.6,100,73,39,66
1996-09-05 08:00:00,24.0,94,3.6,120,211,186,143
1996-09-05 09:00:00,26.0,84,3.6,120,445,403,226
1996-09-05 10:00:00,28.0,70,3.6,110,574,467,254
1996-09-05 11:00:00,27.0,74,4.6,110,705,502,309
1996-09-05 12:00:00,28.0,70,4.6,110,761,447,384
1996-09-05 13:00:00,29.0,66,5.1,140,790,491,377
1996-09-05 14:00:00,28.0,70,5.1,120,609,268,397
1996-09-05 15:00:00,27.0,74,5.1,100,542,386,276
1996-09-05 16:00:00,27.0,74,5.1,100,399,123,332
1996-09-05 17:00:00,25.0,78,4.1,100,233,160,173
1996-09-05 18:00:00,25.0,83,4.1,80,71,35,65
1996-09-05 19:00:00,24.0,89,3.1,80,3,0,3
1996-09-05 20:00:00,23.0,94,5.1,80,0,0,0
1996-09-05 21:00:00,23.0,94,4.1,80,0,0,0
1996-09-05 22:00:00,24.0,89,5.1,80,0,0,0
1996-09-05 23:00:00,24.0,89,5.1,80,0,0,0
1996-09-06 00:00:00,24.0,89,7.2,60,0,0,0
1996-09-06 01:00:00,24.0,89,7.2,70,0,0,0
1996-09-06 02:00:00,24.0,89,7.2,80,0,0,0
1996-09-06 03:00:00,24.0,89,7.7,100,0,0,0
1996-09-06 04:00:00,24.0,89,9.3,100,0,0,0
1996-09-06 05:00:00,25.0,89,7.7,120,0,0,0
1996-09-06 06:00:00,25.0,89,7.7,140,1,0,1
1996-09-06 07:00:00,26.0,89,7.7,140,28,0,28
1996-09-06 08:00:00,27.0,84,7.7,120,77,0,77
1996-09-06 09:00:00,27.2,84,7.7,120,126,0,126
1996-09-06 10:00:00,27.0,84,9.3,140,166,0,166
1996-09-06 11:00:00,27.0,84,9.3,160,194,0,194
1996-09-06 12:00:00,27.0,84,9.3,140,209,0,209
1996-09-06 13:00:00,29.0,70,10.3,170,399,66,343
1996-09-06 14:00:00,28.0,74,10.3,140,408,71,351
1996-09-06 15:00:00,28.0,74,9.3,140,338,74,287
1996-09-06 16:00:00,27.7,73,9.3,150,332,220,213
1996-09-06 17:00:00,27.0,74,9.3,160,193,239,105
1996-09-06 18:00:00,27.0,74,7.2,160,107,284,59
1996-09-06 19:00:00,26.0,79,6.2,160,3,7,2
1996-09-06 20:00:00,26.0,84,6.2,170,0,0,0
1996-09-06 21:00:00,26.0,84,6.2,180,0,0,0
1996-09-06 22:00:00,26.0,84,7.7,180,0,0,0
1996-09-06 23:00:00,26.0,84,6.4,180,0,0,0
1996-09-07 00:00:00,26.0,84,5.1,180,0,0,0
1996-09-07 01:00:00,25.0,89,5.1,180,0,0,0
1996-09-07 02:00:00,24.0,94,3.6,160,0,0,0
1996-09-07 03:00:00,24.0,94,4.6,170,0,0,0
1996-09-07 04:00:00,24.0,94,4.6,200,0,0,0
1996-09-07 05:00:00,24.0,94,4.6,190,0,0,0
1996-09-07 06:00:00,24.0,94,4.1,190,2,5,2
1996-09-07 07:00:00,25.0,89,5.1,180,68,85,54
1996-09-07 08:00:00,27.0,79,6.2,220,220,40,206
1996-09-07 09:00:00,28.0,66,6.7,220,326,365,130
1996-09-07 10:00:00,29.3,61,7.2,220,547,564,163
1996-09-07 11:00:00,30.0,59,7.7,210,703,645,198
1996-09-07 12:00:00,31.0,55,7.7,210,784,766,145
1996-09-07 13:00:00,32.0,49,7.7,220,646,516,215
1996-09-07 14:00:00,32.0,49,7.7,220,707,689,168
1996-09-07 15:00:00,31.0,52,7.7,230,580,632,151
1996-09-07 16:00:00,31.0,52,5.1,220,394,164,306
1996-09-07 17:00:00,31.0,52,5.1,220,205,282,104
1996-09-07 18:00:00,28.0,66,3.6,220,96,268,52
1996-09-07 19:00:00,25.0,83,0.0,0,2,18,2
1996-09-07 20:00:00,23.0,89,0.0,0,0,0,0
1996-09-07 21:00:00,23.0,94,0.0,0,0,0,0
1996-09-07 22:00:00,23.0,94,2.1,120,0,0,0
1996-09-07 23:00:00,23.0,100,2.1,190,0,0,0
1996-09-08 00:00:00,22.0,100,2.1,160,0,0,0
1996-09-08 01:00:00,21.0,100,2.6,150,0,0,0
1996-09-08 02:00:00,22.0,94,2.1,160,0,0,0
1996-09-08 03:00:00,22.0,94,0.0,0,0,0,0
1996-09-08 04:00:00,22.0,94,2.1,140,0,0,0
1996-09-08 05:00:00,21.0,100,2.1,90,0,0,0
1996-09-08 06:00:00,22.0,100,2.1,90,2,1,2
1996-09-08 07:00:00,22.4,100,1.1,50,62,25,58
1996-09-08 08:00:00,24.0,94,0.0,0,201,94,167
1996-09-08 09:00:00,25.0,94,0.0,0,401,336,221
1996-09-08 10:00:00,28.0,79,3.6,220,601,613,185
1996-09-08 11:00:00,26.6,78,3.9,180,683,621,199
1996-09-08 12:00:00,25.0,78,4.1,140,562,365,258
1996-09-08 13:00:00,26.0,79,3.1,140,734,615,223
1996-09-08 14:00:00,28.0,70,4.1,220,560,369,273
1996-09-08 15:00:00,29.0,62,4.1,190,581,554,206
1996-09-08 16:00:00,27.0,74,4.1,180,433,505,165
1996-09-08 17:00:00,26.0,84,4.1,170,251,332,133
1996-09-08 18:00:00,25.0,89,2.6,180,55,57,46
1996-09-08 19:00:00,25.0,94,2.6,180,2,2,2
1996-09-08 20:00:00,24.0,94,2.6,190,0,0,0
1996-09-08 21:00:00,22.0,94,0.0,0,0,0,0
1996-09-08 22:00:00,22.0,94,1.3,290,0,0,0
1996-09-08 23:00:00,22.0,94,2.6,220,0,0,0
1996-09-09 00:00:00,22.0,94,2.6,210,0,0,0
1996-09-09 01:00:00,21.0,100,1.5,20,0,0,0
1996-09-09 02:00:00,20.0,100,0.0,0,0,0,0
1996-09-09 03:00:00,19.0,100,0.0,0,0,0,0
1996-09-09 04:00:00,20.0,100,0.0,0,0,0,0
1996-09-09 05:00:00,19.0,100,0.0,0,0,0,0
1996-09-09 06:00:00,18.0,100,0.0,0,2,0,2
1996-09-09 07:00:00,20.0,100,0.0,0,75,99,59
1996-09-09 08:00:00,24.0,89,2.6,260,243,341,121
1996-09-09 09:00:00,26.0,84,4.1,290,438,496,174
1996-09-09 10:00:00,28.0,70,2.1,300,609,587,213
1996-09-09 11:00:00,31.0,59,0.0,0,732,638,237
1996-09-09 12:00:00,31.0,55,3.1,190,693,425,341
1996-09-09 13:00:00,31.0,55,4.1,230,439,157,309
1996-09-09 14:00:00,31.0,59,4.6,230,618,360,339
1996-09-09 15:00:00,31.0,59,4.6,230,455,218,309
1996-09-09 16:00:00,31.0,59,4.6,230,292,170,202
1996-09-09 17:00:00,30.0,62,3.1,230,191,173,131
1996-09-09 18:00:00,28.0,70,3.1,230,70,89,56
1996-09-09 19:00:00,25.0,89,0.0,0,1,0,1
1996-09-09 20:00:00,25.0,89,0.0,0,0,0,0
1996-09-09 21:00:00,24.0,94,0.0,0,0,0,0
1996-09-09 22:00:00,23.5,97,0.0,0,0,0,0
1996-09-09 23:00:00,23.0,100,0.0,0,0,0,0
1996-09-10 00:00:00,24.0,94,7.2,270,0,0,0
1996-09-10 01:00:00,22.0,94,3.6,340,0,0,0
1996-09-10 02:00:00,22.0,94,2.1,180,0,0,0
1996-09-10 03:00:00,22.0,94,1.5,90,0,0,0
1996-09-10 04:00:00,21.0,100,0.0,0,0,0,0
1996-09-10 05:00:00,21.0,100,0.0,0,0,0,0
1996-09-10 06:00:00,22.0,100,0.0,0,3,2,3
1996-09-10 07:00:00,23.0,100,0.0,0,77,141,55
1996-09-10 08:00:00,25.0,94,2.6,290,297,605,83
1996-09-10 09:00:00,27.0,84,2.6,300,466,600,149
1996-09-10 10:00:00,28.8,71,1.3,330,618,796,83
1996-09-10 11:00:00,30.0,62,0.0,0,772,877,95
1996-09-10 12:00:00,31.0,55,2.1,270,726,490,322
1996-09-10 13:00:00,31.6,53,2.4,270,701,507,283
1996-09-10 14:00:00,32.0,52,2.6,270,552,393,250
1996-09-10 15:00:00,32.0,49,2.6,270,579,571,198
1996-09-10 16:00:00,32.0,49,2.1,270,381,328,209
1996-09-10 17:00:00,31.0,59,2.6,240,261,550,71
1996-09-10 18:00:00,28.0,79,2.6,240,88,293,44
1996-09-10 19:00:00,26.0,89,2.1,180,0,0,0
1996-09-10 20:00:00,25.0,94,2.1,180,0,0,0
1996-09-10 21:00:00,25.0,89,0.0,0,0,0,0
1996-09-10 22:00:00,24.0,94,0.0,0,0,0,0
1996-09-10 23:00:00,23.0,94,2.1,220,0,0,0
1996-09-11 00:00:00,23.0,94,2.1,220,0,0,0
1996-09-11 01:00:00,24.0,89,5.1,220,0,0,0
1996-09-11 02:00:00,24.0,89,5.1,220,0,0,0
1996-09-11 03:00:00,24.0,89,5.1,220,0,0,0
1996-09-11 04:00:00,23.5,91,3.6,230,0,0,0
1996-09-11 05:00:00,23.0,94,2.1,240,0,0,0
1996-09-11 06:00:00,23.0,94,3.1,340,1,0,1
1996-09-11 07:00:00,22.0,88,3.1,60,41,0,41
1996-09-11 08:00:00,22.0,88,3.1,60,82,0,82
1996-09-11 09:00:00,22.0,88,2.1,120,132,0,132
1996-09-11 10:00:00,23.0,83,1.5,110,183,0,183
1996-09-11 11:00:00,23.0,89,2.6,60,219,0,219
1996-09-11 12:00:00,23.0,94,2.6,60,237,0,237
1996-09-11 13:00:00,24.0,89,3.1,80,236,0,236
1996-09-11 14:00:00,23.0,94,4.1,120,182,0,182
1996-09-11 15:00:00,23.0,94,0.0,0,151,0,151
1996-09-11 16:00:00,23.0,94,0.0,0,108,0,108
1996-09-11 17:00:00,23.0,94,0.0,0,67,0,67
1996-09-11 18:00:00,23.0,94,0.0,0,32,0,32
1996-09-11 19:00:00,21.0,100,0.0,0,0,0,0
1996-09-11 20:00:00,21.0,100,0.0,0,0,0,0
1996-09-11 21:00:00,20.9,100,1.8,10,0,0,0
1996-09-11 22:00:00,21.0,100,3.6,20,0,0,0
1996-09-11 23:00:00,21.0,100,3.6,20,0,0,0
1996-09-12 00:00:00,21.0,100,0.0,0,0,0,0
1996-09-12 01:00:00,21.0,100,6.2,360,0,0,0
1996-09-12 02:00:00,20.0,100,6.2,10,0,0,0
1996-09-12 03:00:00,19.8,99,5.8,10,0,0,0
1996-09-12 04:00:00,19.7,99,5.4,20,0,0,0
1996-09-12 05:00:00,19.6,99,4.9,20,0,0,0
1996-09-12 06:00:00,19.6,98,4.5,30,0,0,0
1996-09-12 07:00:00,21.0,94,4.1,30,30,0,30
1996-09-12 08:00:00,21.0,94,2.6,360,63,0,63
1996-09-12 09:00:00,21.0,78,3.6,350,112,0,112
1996-09-12 10:00:00,21.0,94,4.1,40,153,0,153
1996-09-12 11:00:00,23.0,83,3.6,40,218,0,218
1996-09-12 12:00:00,23.3,84,2.9,20,236,0,236
1996-09-12 13:00:00,23.0,89,2.1,360,197,0,197
1996-09-12 14:00:00,23.0,89,3.1,360,217,0,217
1996-09-12 15:00:00,23.0,83,4.1,360,180,0,180
1996-09-12 16:00:00,22.7,84,3.4,20,108,0,108
1996-09-12 17:00:00,22.0,88,2.6,30,60,0,60
1996-09-12 18:00:00,22.0,88,2.6,30,28,0,28
1996-09-12 19:00:00,21.0,94,4.6,30,0,0,0
1996-09-12 20:00:00,21.0,94,4.6,40,0,0,0
1996-09-12 21:00:00,21.0,94,3.6,30,0,0,0
1996-09-12 22:00:00,21.0,94,3.6,50,0,0,0
1996-09-12 23:00:00,21.0,94,3.6,70,0,0,0
1996-09-13 00:00:00,21.0,94,4.6,60,0,0,0
1996-09-13 01:00:00,20.0,94,2.6,50,0,0,0
1996-09-13 02:00:00,20.0,94,2.1,40,0,0,0
1996-09-13 03:00:00,20.0,94,2.1,40,0,0,0
1996-09-13 04:00:00,20.0,94,2.1,350,0,0,0
1996-09-13 05:00:00,20.0,94,2.6,330,0,0,0
1996-09-13 06:00:00,19.0,100,0.0,0,1,0,1
1996-09-13 07:00:00,20.0,94,0.0,0,32,0,32
1996-09-13 08:00:00,21.0,94,2.1,360,55,0,55
1996-09-13 09:00:00,23.0,83,2.1,320,114,0,114
1996-09-13 10:00:00,25.0,74,2.6,270,431,356,195
1996-09-13 11:00:00,25.0,69,3.1,230,220,0,220
1996-09-13 12:00:00,26.0,65,4.1,230,237,0,237
1996-09-13 13:00:00,26.0,65,4.6,230,542,277,317
1996-09-13 14:00:00,26.0,65,5.1,260,675,379,388
1996-09-13 15:00:00,27.0,58,5.1,260,380,172,268
1996-09-13 16:00:00,25.0,61,5.1,260,173,82,131
1996-09-13 17:00:00,25.0,61,5.1,260,82,37,70
1996-09-13 18:00:00,23.0,69,3.1,270,64,43,58
1996-09-13 19:00:00,20.0,73,5.1,330,0,2,0
1996-09-13 20:00:00,18.0,77,2.6,330,0,0,0
1996-09-13 21:00:00,17.0,82,0.0,0,0,0,0
1996-09-13 22:00:00,15.0,94,0.0,0,0,0,0
1996-09-13 23:00:00,14.0,94,2.1,200,0,0,0
1996-09-14 00:00:00,14.0,94,2.1,340,0,0,0
1996-09-14 01:00:00,16.0,88,2.6,300,0,0,0
1996-09-14 02:00:00,16.0,77,2.6,300,0,0,0
1996-09-14 03:00:00,15.0,77,2.6,280,0,0,0
1996-09-14 04:00:00,14.0,88,2.6,270,0,0,0
1996-09-14 05:00:00,14.0,88,2.6,300,0,0,0
1996-09-14 06:00:00,13.0,94,2.6,300,1,14,1
1996-09-14 07:00:00,15.0,88,2.6,300,88,348,37
1996-09-14 08:00:00,18.0,73,4.1,310,281,634,64
1996-09-14 09:00:00,19.0,64,5.1,310,482,763,87
1996-09-14 10:00:00,20.8,55,5.1,310,594,691,138
1996-09-14 11:00:00,22.0,50,5.1,310,706,779,115
1996-09-14 12:00:00,22.0,46,5.1,310,800,704,230
1996-09-14 13:00:00,23.0,44,5.1,320,784,806,133
1996-09-14 14:00:00,23.0,44,5.1,290,719,625,249
1996-09-14 15:00:00,22.0,50,4.1,300,522,429,244
1996-09-14 16:00:00,21.0,53,3.6,290,394,461,163
1996-09-14 17:00:00,22.0,50,3.6,290,224,364,105
1996-09-14 18:00:00,20.0,60,2.1,280,61,154,41
1996-09-14 19:00:00,16.0,82,0.0,0,0,5,0
1996-09-14 20:00:00,15.0,88,0.0,0,0,0,0
1996-09-14 21:00:00,14.0,88,0.0,0,0,0,0
1996-09-14 22:00:00,13.0,94,0.0,0,0,0,0
1996-09-14 23:00:00,12.0,94,0.0,0,0,0,0
1996-09-15 00:00:00,11.0,94,0.0,0,0,0,0
1996-09-15 01:00:00,12.0,88,0.0,0,0,0,0
1996-09-15 02:00:00,12.0,94,0.0,0,0,0,0
1996-09-15 03:00:00,12.0,94,2.1,80,0,0,0
1996-09-15 04:00:00,12.0,94,0.0,0,0,0,0
1996-09-15 05:00:00,11.0,94,0.0,0,0,0,0
1996-09-15 06:00:00,11.0,94,0.0,0,1,12,0
1996-09-15 07:00:00,13.9,91,0.0,0,86,339,37
1996-09-15 08:00:00,18.0,83,2.6,230,279,634,64
1996-09-15 09:00:00,22.0,57,0.0,0,480,765,87
1996-09-15 10:00:00,23.0,41,3.1,230,634,770,129
1996-09-15 11:00:00,24.0,38,3.1,230,631,537,225
1996-09-15 12:00:00,26.0,34,5.1,230,830,783,199
1996-09-15 13:00:00,24.0,36,5.1,270,789,795,150
1996-09-15 14:00:00,23.0,41,5.1,250,772,852,135
1996-09-15 15:00:00,25.0,41,4.1,270,553,633,145
1996-09-15 16:00:00,24.0,38,5.1,260,469,746,98
1996-09-15 17:00:00,23.0,41,5.1,230,158,230,85
1996-09-15 18:00:00,21.0,53,2.1,230,49,62,42
1996-09-15 19:00:00,17.0,77,0.0,0,0,5,0
1996-09-15 20:00:00,15.0,88,0.0,0,0,0,0
1996-09-15 21:00:00,14.4,88,0.0,0,0,0,0
1996-09-15 22:00:00,14.0,88,0.0,0,0,0,0
1996-09-15 23:00:00,13.0,91,0.0,0,0,0,0
1996-09-16 00:00:00,12.0,94,0.0,0,0,0,0
1996-09-16 01:00:00,12.0,94,0.0,0,0,0,0
1996-09-16 02:00:00,12.0,94,0.0,0,0,0,0
1996-09-16 03:00:00,12.0,94,0.0,0,0,0,0
1996-09-16 04:00:00,13.0,94,0.0,0,0,0,0
1996-09-16 05:00:00,14.0,88,0.0,0,0,0,0
1996-09-16 06:00:00,14.0,88,0.0,0,0,0,0
1996-09-16 07:00:00,15.0,88,0.0,0,50,0,50
1996-09-16 08:00:00,17.0,88,0.0,0,117,0,117
1996-09-16 09:00:00,19.0,83,0.0,0,139,0,139
1996-09-16 10:00:00,22.0,78,0.0,0,181,0,181
1996-09-16 11:00:00,22.0,73,1.5,230,217,0,217
1996-09-16 12:00:00,23.0,73,2.6,250,235,0,235
1996-09-16 13:00:00,22.0,73,2.6,250,234,0,234
1996-09-16 14:00:00,22.0,69,2.1,260,214,0,214
1996-09-16 15:00:00,21.0,83,0.0,0,176,0,176
1996-09-16 16:00:00,21.0,83,0.0,0,134,0,134
1996-09-16 17:00:00,18.0,94,0.0,0,87,0,87
1996-09-16 18:00:00,17.0,94,0.0,0,33,0,33
1996-09-16 19:00:00,17.0,94,0.0,0,0,0,0
1996-09-16 20:00:00,16.8,99,2.3,60,0,0,0
1996-09-16 21:00:00,17.0,100,4.6,110,0,0,0
1996-09-16 22:00:00,18.0,94,3.1,130,0,0,0
1996-09-16 23:00:00,21.0,94,5.1,180,0,0,0
1996-09-17 00:00:00,21.2,94,6.4,200,0,0,0
1996-09-17 01:00:00,22.0,94,7.7,210,0,0,0
1996-09-17 02:00:00,22.0,94,6.2,200,0,0,0
1996-09-17 03:00:00,22.0,94,6.2,180,0,0,0
1996-09-17 04:00:00,23.0,94,6.2,240,0,0,0
1996-09-17 05:00:00,23.0,94,5.1,220,0,0,0
1996-09-17 06:00:00,23.0,94,4.1,230,0,0,0
1996-09-17 07:00:00,21.9,100,4.1,230,40,8,39
1996-09-17 08:00:00,22.0,100,4.1,230,128,20,122
1996-09-17 09:00:00,24.0,89,4.1,230,221,45,198
1996-09-17 10:00:00,25.0,83,4.1,230,519,405,255
1996-09-17 11:00:00,25.0,83,4.1,290,591,443,259
1996-09-17 12:00:00,25.0,78,4.1,300,349,128,247
1996-09-17 13:00:00,24.0,78,4.1,300,323,153,201
1996-09-17 14:00:00,24.0,74,4.6,310,536,109,455
1996-09-17 15:00:00,24.0,74,5.7,320,446,425,176
1996-09-17 16:00:00,23.0,78,5.7,320,239,36,221
1996-09-17 17:00:00,22.0,83,5.7,330,104,32,93
1996-09-17 18:00:00,21.1,83,5.1,320,50,16,48
1996-09-17 19:00:00,20.0,83,5.7,310,0,0,0
1996-09-17 20:00:00,20.0,83,5.7,310,0,0,0
1996-09-17 21:00:00,20.0,78,5.7,310,0,0,0
1996-09-17 22:00:00,19.0,88,5.1,330,0,0,0
1996-09-17 23:00:00,18.0,88,3.1,320,0,0,0
1996-09-18 00:00:00,18.0,83,5.1,320,0,0,0
1996-09-18 01:00:00,17.0,82,5.1,320,0,0,0
1996-09-18 02:00:00,17.0,82,6.2,330,0,0,0
1996-09-18 03:00:00,16.5,82,5.1,330,0,0,0
1996-09-18 04:00:00,16.0,82,4.1,320,0,0,0
1996-09-18 05:00:00,16.0,82,4.1,340,0,0,0
1996-09-18 06:00:00,15.0,88,5.1,320,0,0,0
1996-09-18 07:00:00,16.0,82,5.1,330,51,20,49
1996-09-18 08:00:00,17.0,77,5.1,340,188,140,141
1996-09-18 09:00:00,18.0,68,6.7,320,267,50,241
1996-09-18 10:00:00,20.0,60,7.2,350,418,39,392
1996-09-18 11:00:00,20.1,60,7.5,360,438,63,391
1996-09-18 12:00:00,20.0,60,7.7,360,497,143,383
1996-09-18 13:00:00,22.0,53,6.7,360,344,114,254
1996-09-18 14:00:00,23.0,47,7.2,350,493,313,264
1996-09-18 15:00:00,22.0,53,5.7,320,556,481,253
1996-09-18 16:00:00,22.0,53,5.7,320,224,77,186
1996-09-18 17:00:00,21.9,51,5.4,340,149,153,102
1996-09-18 18:00:00,21.0,53,5.1,350,41,7,41
1996-09-18 19:00:00,19.0,60,5.1,350,0,0,0
1996-09-18 20:00:00,16.0,77,2.6,270,0,0,0
1996-09-18 21:00:00,16.0,77,2.6,270,0,0,0
1996-09-18 22:00:00,18.0,68,2.1,290,0,0,0
1996-09-18 23:00:00,18.0,68,2.1,290,0,0,0
1996-09-19 00:00:00,17.0,72,0.0,0,0,0,0
1996-09-19 01:00:00,16.0,82,2.6,270,0,0,0
1996-09-19 02:00:00,16.5,80,2.6,280,0,0,0
1996-09-19 03:00:00,17.0,77,2.6,290,0,0,0
1996-09-19 04:00:00,16.0,82,2.6,350,0,0,0
1996-09-19 05:00:00,16.0,77,3.1,330,0,0,0
1996-09-19 06:00:00,15.3,78,2.9,340,0,0,0
1996-09-19 07:00:00,16.0,77,2.6,340,50,24,47
1996-09-19 08:00:00,19.0,68,3.1,340,174,135,130
1996-09-19 09:00:00,20.0,60,5.7,340,359,270,224
1996-09-19 10:00:00,21.0,60,5.1,340,602,550,248
1996-09-19 11:00:00,23.0,50,6.2,350,683,416,374
1996-09-19 12:00:00,24.0,47,5.7,350,466,238,278
1996-09-19 13:00:00,25.0,39,5.1,350,742,592,277
1996-09-19 14:00:00,25.0,39,5.7,360,671,578,249
1996-09-19 15:00:00,25.0,39,5.1,340,537,495,227
1996-09-19 16:00:00,24.0,41,5.1,330,391,502,152
1996-09-19 17:00:00,23.0,44,5.1,320,194,317,100
1996-09-19 18:00:00,20.1,56,3.1,320,41,44,37
1996-09-19 19:00:00,17.0,72,1.5,340,0,0,0
1996-09-19 20:00:00,15.0,82,0.0,0,0,0,0
1996-09-19 21:00:00,14.0,82,0.0,0,0,0,0
1996-09-19 22:00:00,13.0,88,0.0,0,0,0,0
1996-09-19 23:00:00,12.5,91,0.0,0,0,0,0
1996-09-20 00:00:00,12.0,94,0.0,0,0,0,0
1996-09-20 01:00:00,12.0,94,0.0,0,0,0,0
1996-09-20 02:00:00,12.0,94,0.0,0,0,0,0
1996-09-20 03:00:00,12.0,88,0.0,0,0,0,0
1996-09-20 04:00:00,12.0,88,0.0,0,0,0,0
1996-09-20 05:00:00,11.0,94,0.0,0,0,0,0
1996-09-20 06:00:00,11.0,87,0.0,0,0,8,0
1996-09-20 07:00:00,13.0,82,2.1,320,76,320,34
1996-09-20 08:00:00,16.0,72,2.6,340,267,633,61
1996-09-20 09:00:00,20.0,60,3.1,340,468,770,84
1996-09-20 10:00:00,21.0,56,3.6,340,639,840,101
1996-09-20 11:00:00,22.0,53,3.1,360,759,877,112
1996-09-20 12:00:00,24.0,44,4.1,360,818,892,117
1996-09-20 13:00:00,25.0,41,3.1,360,813,891,116
1996-09-20 14:00:00,25.0,54,4.1,330,743,872,110
1996-09-20 15:00:00,25.0,36,4.1,330,613,831,99
1996-09-20 16:00:00,24.0,41,3.6,330,436,753,81
1996-09-20 17:00:00,23.0,41,3.6,300,232,597,57
1996-09-20 18:00:00,20.0,53,0.0,0,50,238,27
1996-09-20 19:00:00,17.0,72,0.0,0,0,0,0
1996-09-20 20:00:00,14.0,82,0.0,0,0,0,0
1996-09-20 21:00:00,13.0,88,0.0,0,0,0,0
1996-09-20 22:00:00,12.0,88,0.0,0,0,0,0
1996-09-20 23:00:00,11.0,94,0.0,0,0,0,0
1996-09-21 00:00:00,10.0,93,0.0,0,0,0,0
1996-09-21 01:00:00,11.0,94,0.0,0,0,0,0
1996-09-21 02:00:00,10.0,93,0.0,0,0,0,0
1996-09-21 03:00:00,10.0,93,0.0,0,0,0,0
1996-09-21 04:00:00,10.0,93,0.0,0,0,0,0
1996-09-21 05:00:00,9.9,94,0.0,0,0,0,0
1996-09-21 06:00:00,10.0,93,0.0,0,0,1,0
1996-09-21 07:00:00,13.9,94,0.0,0,55,88,44
1996-09-21 08:00:00,19.0,88,0.0,0,157,60,138
1996-09-21 09:00:00,22.0,73,3.1,180,307,271,173
1996-09-21 10:00:00,23.0,69,3.1,230,571,562,214
1996-09-21 11:00:00,24.6,57,3.4,250,599,489,239
1996-09-21 12:00:00,26.0,48,3.6,270,627,446,278
1996-09-21 13:00:00,25.0,47,3.6,240,456,337,193
1996-09-21 14:00:00,26.0,48,3.1,230,681,645,217
1996-09-21 15:00:00,25.0,47,3.6,200,217,0,217
1996-09-21 16:00:00,25.0,54,3.6,200,154,0,154
1996-09-21 17:00:00,23.0,57,3.6,230,81,0,81
1996-09-21 18:00:00,21.0,64,1.5,190,25,0,25
1996-09-21 19:00:00,19.0,78,1.5,190,0,0,0
1996-09-21 20:00:00,18.0,88,1.5,180,0,0,0
1996-09-21 21:00:00,18.0,88,0.0,0,0,0,0
1996-09-21 22:00:00,16.0,94,2.6,150,0,0,0
1996-09-21 23:00:00,17.0,88,2.1,160,0,0,0
1996-09-22 00:00:00,18.0,83,2.1,150,0,0,0
1996-09-22 01:00:00,19.0,83,0.0,0,0,0,0
1996-09-22 02:00:00,19.0,83,0.0,0,0,0,0
1996-09-22 03:00:00,18.0,94,2.1,150,0,0,0
1996-09-22 04:00:00,18.0,100,2.6,170,0,0,0
1996-09-22 05:00:00,18.0,94,2.1,160,0,0,0
1996-09-22 06:00:00,18.0,94,3.1,210,0,0,0
1996-09-22 07:00:00,18.0,94,2.6,140,59,84,49
1996-09-22 08:00:00,19.0,94,2.1,140,81,0,81
1996-09-22 09:00:00,19.0,94,3.1,200,139,0,139
1996-09-22 10:00:00,21.0,88,2.1,200,378,155,280
1996-09-22 11:00:00,23.0,83,3.1,240,378,94,309
1996-09-22 12:00:00,24.3,72,3.6,270,543,110,457
1996-09-22 13:00:00,25.0,65,4.1,300,365,79,303
1996-09-22 14:00:00,24.0,65,5.1,300,278,82,219
1996-09-22 15:00:00,25.0,57,5.1,300,469,512,157
1996-09-22 16:00:00,24.0,54,5.1,310,426,786,64
1996-09-22 17:00:00,24.0,57,4.1,310,227,643,45
1996-09-22 18:00:00,21.0,69,2.6,230,47,288,21
1996-09-22 19:00:00,17.0,94,1.5,230,0,0,0
1996-09-22 20:00:00,18.0,83,1.5,230,0,0,0
1996-09-22 21:00:00,19.0,68,3.6,230,0,0,0
1996-09-22 22:00:00,19.0,78,4.1,340,0,0,0
1996-09-22 23:00:00,17.0,72,4.1,320,0,0,0
1996-09-23 00:00:00,17.0,68,4.1,290,0,0,0
1996-09-23 01:00:00,16.0,77,5.1,270,0,0,0
1996-09-23 02:00:00,17.0,68,2.6,270,0,0,0
1996-09-23 03:00:00,15.0,77,2.6,260,0,0,0
1996-09-23 04:00:00,14.0,82,2.1,240,0,0,0
1996-09-23 05:00:00,15.0,82,2.1,220,0,0,0
1996-09-23 06:00:00,18.0,68,2.6,270,0,0,0
1996-09-23 07:00:00,17.9,68,3.4,280,25,0,25
1996-09-23 08:00:00,19.0,64,4.1,290,73,0,73
1996-09-23 09:00:00,19.2,66,4.6,320,130,0,130
1996-09-23 10:00:00,19.0,68,5.1,340,179,0,179
1996-09-23 11:00:00,20.0,64,5.7,270,212,0,212
1996-09-23 12:00:00,20.0,64,5.7,270,228,0,228
1996-09-23 13:00:00,20.0,64,7.7,350,362,95,288
1996-09-23 14:00:00,20.0,60,7.7,350,396,39,368
1996-09-23 15:00:00,21.0,60,7.7,350,295,106,230
1996-09-23 16:00:00,20.0,60,6.2,360,228,211,132
1996-09-23 17:00:00,20.0,60,3.1,20,207,460,80
1996-09-23 18:00:00,17.0,72,2.6,360,40,179,24
1996-09-23 19:00:00,16.0,77,2.1,330,0,0,0
1996-09-23 20:00:00,15.0,82,2.6,40,0,0,0
1996-09-23 21:00:00,13.0,88,0.0,0,0,0,0
1996-09-23 22:00:00,12.0,94,2.1,200,0,0,0
1996-09-23 23:00:00,11.0,94,0.0,0,0,0,0
1996-09-24 00:00:00,11.0,94,0.0,0,0,0,0
1996-09-24 01:00:00,11.0,94,0.0,0,0,0,0
1996-09-24 02:00:00,9.0,100,0.0,0,0,0,0
1996-09-24 03:00:00,10.0,93,0.0,0,0,0,0
1996-09-24 04:00:00,9.0,100,0.0,0,0,0,0
1996-09-24 05:00:00,9.0,100,0.0,0,0,0,0
1996-09-24 06:00:00,8.8,100,0.0,0,0,5,0
1996-09-24 07:00:00,10.0,100,0.0,0,52,182,30
1996-09-24 08:00:00,15.0,82,0.0,0,213,186,155
1996-09-24 09:00:00,17.2,80,0.0,0,233,176,147
1996-09-24 10:00:00,19.0,78,0.0,0,228,0,228
1996-09-24 11:00:00,20.0,78,4.1,240,268,0,268
1996-09-24 12:00:00,21.0,73,4.1,240,288,0,288
1996-09-24 13:00:00,21.0,69,4.6,240,286,0,286
1996-09-24 14:00:00,22.0,69,5.1,230,261,0,261
1996-09-24 15:00:00,22.2,66,4.8,230,217,0,217
1996-09-24 16:00:00,22.2,65,4.5,230,123,0,123
1996-09-24 17:00:00,21.8,66,4.2,230,64,0,64
1996-09-24 18:00:00,20.5,72,3.9,230,15,0,15
1996-09-24 19:00:00,19.0,78,3.6,230,0,0,0
1996-09-24 20:00:00,19.0,83,2.1,190,0,0,0
1996-09-24 21:00:00,19.4,80,2.4,220,0,0,0
1996-09-24 22:00:00,20.0,78,2.6,240,0,0,0
1996-09-24 23:00:00,20.0,83,3.1,260,0,0,0
1996-09-25 00:00:00,20.0,83,4.1,300,0,0,0
1996-09-25 01:00:00,19.0,83,4.1,340,0,0,0
1996-09-25 02:00:00,18.0,83,4.1,340,0,0,0
1996-09-25 03:00:00,18.0,83,4.1,330,0,0,0
1996-09-25 04:00:00,16.0,88,2.1,350,0,0,0
1996-09-25 05:00:00,15.0,88,2.1,340,0,0,0
1996-09-25 06:00:00,14.0,94,0.0,0,0,8,0
1996-09-25 07:00:00,14.0,94,0.0,0,67,339,28
1996-09-25 08:00:00,17.3,76,2.6,320,252,652,51
1996-09-25 09:00:00,20.0,60,5.1,350,448,784,70
1996-09-25 10:00:00,21.0,53,5.1,350,613,850,84
1996-09-25 11:00:00,22.1,48,5.1,350,689,827,94
1996-09-25 12:00:00,23.0,44,5.1,350,723,729,164
1996-09-25 13:00:00,22.0,38,5.1,350,748,748,179
1996-09-25 14:00:00,22.0,41,6.2,330,653,761,120
1996-09-25 15:00:00,22.0,43,5.1,330,582,843,82
1996-09-25 16:00:00,21.0,43,5.1,330,408,767,66
1996-09-25 17:00:00,20.0,46,5.1,330,209,610,46
1996-09-25 18:00:00,18.0,56,2.6,330,38,226,19
1996-09-25 19:00:00,14.0,77,0.0,0,0,0,0
1996-09-25 20:00:00,12.0,88,0.0,0,0,0,0
1996-09-25 21:00:00,11.0,94,0.0,0,0,0,0
1996-09-25 22:00:00,11.0,87,2.1,210,0,0,0
1996-09-25 23:00:00,10.0,93,2.1,180,0,0,0
1996-09-26 00:00:00,9.0,100,0.0,0,0,0,0
1996-09-26 01:00:00,9.0,100,0.0,0,0,0,0
1996-09-26 02:00:00,8.0,93,0.0,0,0,0,0
1996-09-26 03:00:00,9.0,93,0.0,0,0,0,0
1996-09-26 04:00:00,8.0,93,0.0,0,0,0,0
1996-09-26 05:00:00,8.0,100,0.0,0,0,0,0
1996-09-26 06:00:00,9.3,95,0.0,0,0,0,0
1996-09-26 07:00:00,12.0,88,0.0,0,38,0,38
1996-09-26 08:00:00,16.0,82,2.6,40,93,0,93
1996-09-26 09:00:00,18.0,77,2.6,40,146,0,146
1996-09-26 10:00:00,20.0,60,3.1,90,207,0,207
1996-09-26 11:00:00,20.0,60,2.6,120,251,0,251
1996-09-26 12:00:00,22.0,53,3.6,100,272,0,272
1996-09-26 13:00:00,22.0,53,3.6,180,534,199,383
1996-09-26 14:00:00,22.0,57,2.6,160,369,76,315
1996-09-26 15:00:00,21.0,60,3.1,140,155,0,155
1996-09-26 16:00:00,21.0,60,3.6,160,187,96,144
1996-09-26 17:00:00,19.0,68,4.1,160,155,73,136
1996-09-26 18:00:00,18.0,73,3.6,160,23,7,23
1996-09-26 19:00:00,15.0,88,0.0,0,0,0,0
1996-09-26 20:00:00,16.0,82,0.0,0,0,0,0
1996-09-26 21:00:00,16.0,82,0.0,0,0,0,0
1996-09-26 22:00:00,16.0,88,2.1,100,0,0,0
1996-09-26 23:00:00,16.0,88,2.1,130,0,0,0
1996-09-27 00:00:00,17.0,82,2.1,140,0,0,0
1996-09-27 01:00:00,17.0,82,1.5,140,0,0,0
1996-09-27 02:00:00,17.0,77,2.1,150,0,0,0
1996-09-27 03:00:00,16.0,82,0.0,0,0,0,0
1996-09-27 04:00:00,14.0,88,2.6,130,0,0,0
1996-09-27 05:00:00,14.0,94,1.5,160,0,0,0
1996-09-27 06:00:00,14.0,94,1.5,140,0,2,0
1996-09-27 07:00:00,15.9,88,2.1,150,50,147,34
1996-09-27 08:00:00,19.0,78,2.6,160,199,382,83
1996-09-27 09:00:00,20.7,73,3.4,160,266,167,187
1996-09-27 10:00:00,22.0,69,4.1,160,465,464,180
1996-09-27 11:00:00,24.0,65,3.6,180,547,369,285
1996-09-27 12:00:00,24.0,69,3.6,160,569,454,225
1996-09-27 13:00:00,24.0,69,4.1,200,553,428,232
1996-09-27 14:00:00,25.0,65,3.1,180,581,391,310
1996-09-27 15:00:00,24.0,69,5.1,170,382,361,171
1996-09-27 16:00:00,24.0,65,5.1,130,381,600,119
1996-09-27 17:00:00,22.0,73,4.1,130,160,367,66
1996-09-27 18:00:00,21.0,78,2.6,130,25,81,18
1996-09-27 19:00:00,20.0,83,1.5,90,0,0,0
1996-09-27 20:00:00,18.0,94,1.5,40,0,0,0
1996-09-27 21:00:00,19.0,88,0.0,0,0,0,0
1996-09-27 22:00:00,19.0,88,3.1,160,0,0,0
1996-09-27 23:00:00,19.0,88,3.1,160,0,0,0
1996-09-28 00:00:00,19.0,88,3.6,160,0,0,0
1996-09-28 01:00:00,19.0,88,3.1,160,0,0,0
1996-09-28 02:00:00,19.0,88,3.6,170,0,0,0
1996-09-28 03:00:00,19.0,88,3.1,160,0,0,0
1996-09-28 04:00:00,19.0,88,2.6,160,0,0,0
1996-09-28 05:00:00,19.0,88,3.1,160,0,0,0
1996-09-28 06:00:00,19.0,94,4.1,150,0,0,0
1996-09-28 07:00:00,20.0,88,4.1,160,47,4,46
1996-09-28 08:00:00,23.0,78,4.1,160,193,301,103
1996-09-28 09:00:00,25.0,74,4.1,190,359,436,154
1996-09-28 10:00:00,25.0,74,4.1,180,416,194,297
1996-09-28 11:00:00,26.0,74,4.1,180,467,233,302
1996-09-28 12:00:00,26.0,70,7.7,210,553,196,405
1996-09-28 13:00:00,26.0,70,7.7,190,624,318,386
1996-09-28 14:00:00,25.0,74,5.1,190,191,0,191
1996-09-28 15:00:00,25.0,74,5.1,190,153,0,153
1996-09-28 16:00:00,25.0,69,5.1,200,259,144,197
1996-09-28 17:00:00,24.0,78,5.1,190,59,0,59
1996-09-28 18:00:00,23.0,83,7.7,190,25,5,24
1996-09-28 19:00:00,23.0,83,5.1,190,0,0,0
1996-09-28 20:00:00,23.0,83,5.1,190,0,0,0
1996-09-28 21:00:00,23.0,83,6.2,190,0,0,0
1996-09-28 22:00:00,22.0,94,6.2,220,0,0,0
1996-09-28 23:00:00,15.0,100,5.1,350,0,0,0
1996-09-29 00:00:00,15.0,100,2.6,10,0,0,0
1996-09-29 01:00:00,15.0,100,2.6,10,0,0,0
1996-09-29 02:00:00,15.0,100,4.1,20,0,0,0
1996-09-29 03:00:00,15.0,94,3.1,10,0,0,0
1996-09-29 04:00:00,15.0,94,3.1,10,0,0,0
1996-09-29 05:00:00,14.0,94,3.1,20,0,0,0
1996-09-29 06:00:00,14.0,100,2.6,320,0,0,0
1996-09-29 07:00:00,14.0,94,2.6,360,21,0,21
1996-09-29 08:00:00,13.0,88,4.1,20,69,0,69
1996-09-29 09:00:00,14.0,88,2.6,50,126,0,126
1996-09-29 10:00:00,15.0,82,2.6,360,174,0,174
1996-09-29 11:00:00,16.0,82,2.6,320,207,0,207
1996-09-29 12:00:00,17.3,73,5.1,360,706,728,161
1996-09-29 13:00:00,18.0,68,5.1,360,220,0,220
1996-09-29 14:00:00,20.0,60,5.1,360,199,0,199
1996-09-29 15:00:00,20.0,60,4.1,330,162,0,162
1996-09-29 16:00:00,19.0,60,3.6,330,112,0,112
1996-09-29 17:00:00,18.0,64,2.6,330,54,0,54
1996-09-29 18:00:00,17.0,68,2.6,310,12,0,12
1996-09-29 19:00:00,15.0,88,1.5,340,0,0,0
1996-09-29 20:00:00,13.0,94,0.0,0,0,0,0
1996-09-29 21:00:00,13.0,94,0.0,0,0,0,0
1996-09-29 22:00:00,12.0,94,0.0,0,0,0,0
1996-09-29 23:00:00,11.0,100,0.0,0,0,0,0
1996-09-30 00:00:00,10.0,93,0.0,0,0,0,0
1996-09-30 01:00:00,9.0,100,0.0,0,0,0,0
1996-09-30 02:00:00,10.0,93,0.0,0,0,0,0
1996-09-30 03:00:00,9.0,100,0.0,0,0,0,0
1996-09-30 04:00:00,9.0,100,0.0,0,0,0,0
1996-09-30 05:00:00,8.4,100,0.0,0,0,0,0
1996-09-30 06:00:00,8.0,100,0.0,0,0,0,0
1996-09-30 07:00:00,10.0,93,0.0,0,43,102,32
1996-09-30 08:00:00,15.0,94,0.0,0,217,482,76
1996-09-30 09:00:00,18.7,70,1.3,30,413,655,108
1996-09-30 10:00:00,22.0,53,2.6,60,581,744,132
1996-09-30 11:00:00,23.0,47,5.1,30,699,790,147
1996-09-30 12:00:00,24.0,47,4.1,50,756,808,154
1996-09-30 13:00:00,24.0,44,5.1,50,746,805,153
1996-09-30 14:00:00,25.0,41,3.6,50,640,698,167
1996-09-30 15:00:00,25.0,39,3.1,50,420,479,147
1996-09-30 16:00:00,25.0,39,2.1,50,240,305,112
1996-09-30 17:00:00,22.0,64,2.1,140,153,162,114
1996-09-30 18:00:00,19.0,73,1.5,170,19,20,18
1996-09-30 19:00:00,17.0,82,0.0,0,0,0,0
1996-09-30 20:00:00,16.0,88,0.0,0,0,0,0
1996-09-30 21:00:00,14.0,94,0.0,0,0,0,0
1996-09-30 22:00:00,14.1,94,0.3,0,0,0,0
1996-09-30 23:00:00,14.3,88,0.6,0,0,0,0
1996-10-01 00:00:00,14.4,94,0.9,0,0,0,0
1997-10-01 01:00:00,14.6,72,1.2,320,0,0,0
1997-10-01 02:00:00,14.7,77,1.5,270,0,0,0
1997-10-01 03:00:00,14.9,82,1.8,260,0,0,0
1997-10-01 04:00:00,15.0,77,2.1,290,0,0,0
1997-10-01 05:00:00,14.0,82,2.1,290,0,0,0
1997-10-01 06:00:00,13.0,88,2.1,280,0,0,0
1997-10-01 07:00:00,15.0,82,0.0,0,35,42,31
1997-10-01 08:00:00,17.0,77,2.1,270,122,145,80
1997-10-01 09:00:00,17.0,68,2.6,300,243,286,110
1997-10-01 10:00:00,19.0,68,2.6,300,498,496,200
1997-10-01 11:00:00,21.0,60,5.1,330,521,245,351
1997-10-01 12:00:00,20.0,60,4.1,340,608,533,213
1997-10-01 13:00:00,20.0,60,4.1,340,668,638,200
1997-10-01 14:00:00,20.0,60,4.6,330,451,217,304
1997-10-01 15:00:00,20.0,60,4.6,340,442,495,162
1997-10-01 16:00:00,19.0,56,4.6,320,319,357,171
1997-10-01 17:00:00,19.0,60,4.1,350,133,309,60
1997-10-01 18:00:00,17.0,72,2.1,10,20,20,18
1997-10-01 19:00:00,15.0,77,3.1,10,0,0,0
1997-10-01 20:00:00,15.0,55,3.1,20,0,0,0
1997-10-01 21:00:00,13.0,54,3.1,20,0,0,0
1997-10-01 22:00:00,11.0,62,2.6,20,0,0,0
1997-10-01 23:00:00,9.0,71,2.6,350,0,0,0
1997-10-02 00:00:00,7.0,81,0.0,0,0,0,0
1997-10-02 01:00:00,7.0,81,3.6,360,0,0,0
1997-10-02 02:00:00,7.0,81,2.6,10,0,0,0
1997-10-02 03:00:00,6.4,81,2.6,10,0,0,0
1997-10-02 04:00:00,6.0,81,2.6,360,0,0,0
1997-10-02 05:00:00,5.0,81,0.0,0,0,0,0
1997-10-02 06:00:00,4.0,81,2.1,360,0,0,0
1997-10-02 07:00:00,6.0,70,2.1,360,41,37,38
1997-10-02 08:00:00,10.0,57,2.6,10,165,121,130
1997-10-02 09:00:00,12.0,50,2.6,50,395,517,158
1997-10-02 10:00:00,14.0,44,2.1,10,537,602,177
1997-10-02 11:00:00,14.0,44,2.1,270,608,625,175
1997-10-02 12:00:00,16.0,39,2.1,20,705,718,176
1997-10-02 13:00:00,17.0,34,2.1,280,603,548,204
1997-10-02 14:00:00,18.0,32,0.0,0,529,398,263
1997-10-02 15:00:00,18.2,31,0.0,0,444,338,255
1997-10-02 16:00:00,18.0,32,0.0,0,225,142,166
1997-10-02 17:00:00,17.0,39,2.1,260,70,39,61
1997-10-02 18:00:00,14.0,55,2.1,260,14,2,14
1997-10-02 19:00:00,10.0,76,0.0,0,0,0,0
1997-10-02 20:00:00,7.0,93,0.0,0,0,0,0
1997-10-02 21:00:00,6.0,93,0.0,0,0,0,0
1997-10-02 22:00:00,5.0,93,0.0,0,0,0,0
1997-10-02 23:00:00,5.0,93,0.0,0,0,0,0
1997-10-03 00:00:00,4.0,87,0.0,0,0,0,0
1997-10-03 01:00:00,4.0,93,0.0,0,0,0,0
1997-10-03 02:00:00,3.0,93,0.0,0,0,0,0
1997-10-03 03:00:00,3.0,93,0.0,0,0,0,0
1997-10-03 04:00:00,2.0,93,2.1,30,0,0,0
1997-10-03 05:00:00,2.0,93,0.0,0,0,0,0
1997-10-03 06:00:00,4.0,93,0.0,0,0,0,0
1997-10-03 07:00:00,5.0,93,0.0,0,51,13,50
1997-10-03 08:00:00,10.0,82,0.0,0,83,37,72
1997-10-03 09:00:00,15.0,67,2.6,240,330,415,141
1997-10-03 10:00:00,19.0,56,3.1,260,443,357,231
1997-10-03 11:00:00,19.0,52,2.6,260,600,515,245
1997-10-03 12:00:00,21.0,43,3.1,250,680,631,217
1997-10-03 13:00:00,22.0,35,4.6,230,569,432,256
1997-10-03 14:00:00,23.0,29,4.1,210,621,602,221
1997-10-03 15:00:00,23.0,31,4.6,240,459,542,158
1997-10-03 16:00:00,22.0,33,3.6,230,222,160,157
1997-10-03 17:00:00,21.0,40,2.6,260,92,108,68
1997-10-03 18:00:00,19.0,60,2.1,310,13,5,13
1997-10-03 19:00:00,17.0,68,0.0,0,0,0,0
1997-10-03 20:00:00,17.0,63,2.1,170,0,0,0
1997-10-03 21:00:00,15.0,72,1.5,170,0,0,0
1997-10-03 22:00:00,12.0,88,0.0,0,0,0,0
1997-10-03 23:00:00,11.0,94,0.0,0,0,0,0
1997-10-04 00:00:00,11.0,94,0.0,0,0,0,0
1997-10-04 01:00:00,11.0,94,0.0,0,0,0,0
1997-10-04 02:00:00,13.0,100,0.0,0,0,0,0
1997-10-04 03:00:00,15.0,88,1.5,150,0,0,0
1997-10-04 04:00:00,14.0,94,1.5,160,0,0,0
1997-10-04 05:00:00,13.0,94,1.5,170,0,0,0
1997-10-04 06:00:00,12.0,94,1.5,170,0,0,0
1997-10-04 07:00:00,12.0,94,1.5,170,31,11,30
1997-10-04 08:00:00,18.0,77,2.1,180,100,16,95
1997-10-04 09:00:00,22.0,64,3.1,230,152,57,126
1997-10-04 10:00:00,24.0,54,2.6,210,451,484,166
1997-10-04 11:00:00,26.0,45,3.1,200,651,669,194
1997-10-04 12:00:00,27.0,42,3.1,210,707,691,203
1997-10-04 13:00:00,28.0,37,3.1,210,696,687,201
1997-10-04 14:00:00,28.0,37,2.6,210,620,655,188
1997-10-04 15:00:00,28.0,35,3.1,210,485,586,163
1997-10-04 16:00:00,27.0,37,2.6,220,308,460,124
1997-10-04 17:00:00,25.0,50,2.6,170,126,235,74
1997-10-04 18:00:00,22.0,60,2.6,170,13,9,12
1997-10-04 19:00:00,20.0,73,2.1,160,0,0,0
1997-10-04 20:00:00,19.0,83,1.5,180,0,0,0
1997-10-04 21:00:00,18.0,94,0.0,0,0,0,0
1997-10-04 22:00:00,18.0,94,0.0,0,0,0,0
1997-10-04 23:00:00,17.0,100,0.0,0,0,0,0
1997-10-05 00:00:00,17.0,94,0.0,0,0,0,0
1997-10-05 01:00:00,17.0,94,1.5,180,0,0,0
1997-10-05 02:00:00,16.0,100,0.0,0,0,0,0
1997-10-05 03:00:00,15.0,100,0.0,0,0,0,0
1997-10-05 04:00:00,15.0,100,0.0,0,0,0,0
1997-10-05 05:00:00,16.0,100,0.0,0,0,0,0
1997-10-05 06:00:00,16.0,100,0.0,0,0,0,0
1997-10-05 07:00:00,16.0,100,0.0,0,44,241,23
1997-10-05 08:00:00,20.0,88,2.1,180,216,602,50
1997-10-05 09:00:00,23.0,73,2.6,220,407,753,70
1997-10-05 10:00:00,26.0,61,3.1,240,569,826,86
1997-10-05 11:00:00,28.0,51,3.1,230,682,863,95
1997-10-05 12:00:00,30.0,43,4.1,250,735,878,100
1997-10-05 13:00:00,31.0,38,4.1,250,724,875,99
1997-10-05 14:00:00,31.0,38,3.1,240,651,853,93
1997-10-05 15:00:00,31.0,38,4.1,290,520,806,81
1997-10-05 16:00:00,29.0,45,3.6,260,346,713,64
1997-10-05 17:00:00,28.0,48,3.1,250,154,515,43
1997-10-05 18:00:00,24.0,65,2.6,250,15,102,9
1997-10-05 19:00:00,22.0,73,0.0,0,0,0,0
1997-10-05 20:00:00,19.0,88,0.0,0,0,0,0
1997-10-05 21:00:00,18.0,94,0.0,0,0,0,0
1997-10-05 22:00:00,18.0,94,0.0,0,0,0,0
1997-10-05 23:00:00,18.0,88,0.0,0,0,0,0
1997-10-06 00:00:00,19.0,88,0.0,0,0,0,0
1997-10-06 01:00:00,17.0,94,0.0,0,0,0,0
1997-10-06 02:00:00,16.0,94,0.0,0,0,0,0
1997-10-06 03:00:00,16.0,94,0.0,0,0,0,0
1997-10-06 04:00:00,16.0,94,0.0,0,0,0,0
1997-10-06 05:00:00,16.0,94,0.0,0,0,0,0
1997-10-06 06:00:00,16.0,88,0.0,0,0,0,0
1997-10-06 07:00:00,17.0,94,0.0,0,28,1,28
1997-10-06 08:00:00,22.0,83,2.1,260,113,48,100
1997-10-06 09:00:00,26.0,65,2.1,300,203,159,132
1997-10-06 10:00:00,29.0,52,3.6,320,515,578,179
1997-10-06 11:00:00,31.0,43,3.6,310,630,634,202
1997-10-06 12:00:00,32.0,38,4.1,310,685,657,212
1997-10-06 13:00:00,33.0,36,4.1,300,674,653,210
1997-10-06 14:00:00,33.0,36,4.1,280,598,620,195
1997-10-06 15:00:00,33.0,34,4.6,270,465,550,168
1997-10-06 16:00:00,32.0,36,3.6,270,290,421,126
1997-10-06 17:00:00,30.0,49,2.6,260,114,196,73
1997-10-06 18:00:00,26.0,65,2.6,260,10,4,10
1997-10-06 19:00:00,24.0,69,2.1,260,0,0,0
1997-10-06 20:00:00,21.0,83,0.0,0,0,0,0
1997-10-06 21:00:00,19.0,88,0.0,0,0,0,0
1997-10-06 22:00:00,19.0,94,0.0,0,0,0,0
1997-10-06 23:00:00,19.0,88,0.0,0,0,0,0
1997-10-07 00:00:00,18.0,88,0.0,0,0,0,0
1997-10-07 01:00:00,17.0,88,0.0,0,0,0,0
1997-10-07 02:00:00,17.0,88,0.0,0,0,0,0
1997-10-07 03:00:00,16.0,94,0.0,0,0,0,0
1997-10-07 04:00:00,17.0,94,0.0,0,0,0,0
1997-10-07 05:00:00,17.0,94,0.0,0,0,0,0
1997-10-07 06:00:00,17.0,94,0.0,0,0,0,0
1997-10-07 07:00:00,18.0,94,0.0,0,40,206,22
1997-10-07 08:00:00,22.0,78,2.6,20,207,576,52
1997-10-07 09:00:00,25.0,57,4.1,70,397,735,73
1997-10-07 10:00:00,27.0,42,4.1,80,559,813,90
1997-10-07 11:00:00,29.0,37,4.1,70,672,852,100
1997-10-07 12:00:00,31.0,33,3.1,40,724,868,105
1997-10-07 13:00:00,31.0,33,3.1,80,713,864,104
1997-10-07 14:00:00,30.0,35,3.1,110,639,841,97
1997-10-07 15:00:00,29.0,37,4.1,100,507,791,85
1997-10-07 16:00:00,27.0,37,4.1,100,333,692,66
1997-10-07 17:00:00,25.0,44,2.6,130,142,480,44
1997-10-07 18:00:00,21.0,60,2.1,110,12,76,8
1997-10-07 19:00:00,19.0,73,0.0,0,0,0,0
1997-10-07 20:00:00,17.0,82,0.0,0,0,0,0
1997-10-07 21:00:00,16.0,88,0.0,0,0,0,0
1997-10-07 22:00:00,16.0,88,0.0,0,0,0,0
1997-10-07 23:00:00,15.0,94,0.0,0,0,0,0
1997-10-08 00:00:00,15.0,88,0.0,0,0,0,0
1997-10-08 01:00:00,14.0,100,0.0,0,0,0,0
1997-10-08 02:00:00,14.0,94,0.0,0,0,0,0
1997-10-08 03:00:00,14.0,100,0.0,0,0,0,0
1997-10-08 04:00:00,14.0,94,0.0,0,0,0,0
1997-10-08 05:00:00,14.5,97,0.0,0,0,0,0
1997-10-08 06:00:00,15.0,100,0.0,0,0,0,0
1997-10-08 07:00:00,16.0,94,0.0,0,26,38,23
1997-10-08 08:00:00,20.0,83,2.1,340,160,329,73
1997-10-08 09:00:00,23.4,64,2.6,60,279,374,115
1997-10-08 10:00:00,26.0,51,3.1,140,440,409,205
1997-10-08 11:00:00,27.0,42,3.1,140,604,602,203
1997-10-08 12:00:00,27.6,40,3.1,150,632,596,208
1997-10-08 13:00:00,28.0,40,3.1,160,654,681,177
1997-10-08 14:00:00,28.0,40,3.1,150,594,715,137
1997-10-08 15:00:00,28.0,40,3.1,150,485,639,147
1997-10-08 16:00:00,26.0,48,3.1,160,316,625,79
1997-10-08 17:00:00,24.0,54,3.1,150,124,211,82
1997-10-08 18:00:00,20.0,68,0.0,0,8,12,7
1997-10-08 19:00:00,18.0,83,0.0,0,0,0,0
1997-10-08 20:00:00,18.0,83,0.0,0,0,0,0
1997-10-08 21:00:00,17.0,88,0.0,0,0,0,0
1997-10-08 22:00:00,17.0,94,0.0,0,0,0,0
1997-10-08 23:00:00,17.0,88,0.0,0,0,0,0
1997-10-09 00:00:00,16.0,94,0.0,0,0,0,0
1997-10-09 01:00:00,16.0,94,0.0,0,0,0,0
1997-10-09 02:00:00,15.0,94,0.0,0,0,0,0
1997-10-09 03:00:00,14.0,100,0.0,0,0,0,0
1997-10-09 04:00:00,14.0,94,0.0,0,0,0,0
1997-10-09 05:00:00,16.0,94,0.0,0,0,0,0
1997-10-09 06:00:00,14.0,94,0.0,0,0,0,0
1997-10-09 07:00:00,15.0,94,0.0,0,29,29,27
1997-10-09 08:00:00,21.0,88,0.0,0,130,121,98
1997-10-09 09:00:00,23.0,78,2.6,240,292,291,166
1997-10-09 10:00:00,26.0,65,3.1,250,491,592,154
1997-10-09 11:00:00,27.0,66,3.1,250,581,593,188
1997-10-09 12:00:00,28.0,62,3.1,250,635,540,254
1997-10-09 13:00:00,30.0,52,3.1,250,629,552,245
1997-10-09 14:00:00,30.0,52,3.1,250,559,570,198
1997-10-09 15:00:00,30.0,49,4.1,200,423,510,156
1997-10-09 16:00:00,28.0,55,4.1,220,204,181,136
1997-10-09 17:00:00,27.0,58,3.1,210,110,246,62
1997-10-09 18:00:00,24.0,78,2.1,190,7,4,7
1997-10-09 19:00:00,22.0,83,2.6,180,0,0,0
1997-10-09 20:00:00,21.0,83,2.6,190,0,0,0
1997-10-09 21:00:00,20.0,88,2.1,190,0,0,0
1997-10-09 22:00:00,20.0,88,0.0,0,0,0,0
1997-10-09 23:00:00,19.0,94,0.0,0,0,0,0
1997-10-10 00:00:00,19.0,94,2.6,220,0,0,0
1997-10-10 01:00:00,19.0,94,3.1,220,0,0,0
1997-10-10 02:00:00,19.0,100,2.6,220,0,0,0
1997-10-10 03:00:00,20.0,94,0.0,0,0,0,0
1997-10-10 04:00:00,20.0,94,2.6,230,0,0,0
1997-10-10 05:00:00,20.0,94,3.1,220,0,0,0
1997-10-10 06:00:00,20.0,94,3.1,230,0,0,0
1997-10-10 07:00:00,21.0,88,2.6,230,26,0,26
1997-10-10 08:00:00,22.0,88,3.1,230,76,135,41
1997-10-10 09:00:00,24.0,78,4.1,250,117,0,117
1997-10-10 10:00:00,24.0,74,4.1,250,163,0,163
1997-10-10 11:00:00,26.0,70,3.1,250,244,35,221
1997-10-10 12:00:00,26.0,70,3.1,250,348,81,291
1997-10-10 13:00:00,30.0,52,3.1,250,634,702,149
1997-10-10 14:00:00,30.0,52,3.1,260,495,462,205
1997-10-10 15:00:00,29.0,58,5.1,250,283,80,241
1997-10-10 16:00:00,29.0,55,2.6,260,238,399,91
1997-10-10 17:00:00,28.0,55,4.1,298,131,496,38
1997-10-10 18:00:00,26.0,61,2.1,290,8,70,5
1997-10-10 19:00:00,22.0,83,0.0,0,0,0,0
1997-10-10 20:00:00,22.0,88,2.1,290,0,0,0
1997-10-10 21:00:00,20.0,94,0.0,0,0,0,0
1997-10-10 22:00:00,17.0,100,0.0,0,0,0,0
1997-10-10 23:00:00,16.0,100,0.0,0,0,0,0
1997-10-11 00:00:00,17.0,94,2.1,30,0,0,0
1997-10-11 01:00:00,17.0,77,2.1,10,0,0,0
1997-10-11 02:00:00,17.0,72,0.0,0,0,0,0
1997-10-11 03:00:00,16.0,72,2.6,10,0,0,0
1997-10-11 04:00:00,14.0,77,1.5,350,0,0,0
1997-10-11 05:00:00,13.0,82,1.5,10,0,0,0
1997-10-11 06:00:00,13.0,77,0.0,0,0,0,0
1997-10-11 07:00:00,12.0,82,0.0,0,24,14,22
1997-10-11 08:00:00,15.0,72,2.6,30,116,133,82
1997-10-11 09:00:00,18.0,59,3.1,20,270,189,190
1997-10-11 10:00:00,20.0,56,3.6,40,422,316,244
1997-10-11 11:00:00,22.0,50,2.6,70,581,514,245
1997-10-11 12:00:00,23.0,47,3.6,60,612,465,288
1997-10-11 13:00:00,23.0,47,3.6,40,653,608,236
1997-10-11 14:00:00,23.0,47,4.1,70,558,455,274
1997-10-11 15:00:00,22.0,50,4.1,60,298,317,135
1997-10-11 16:00:00,21.0,53,3.1,50,227,294,120
1997-10-11 17:00:00,19.0,60,3.6,70,84,128,61
1997-10-11 18:00:00,16.0,72,2.1,70,5,2,5
1997-10-11 19:00:00,13.0,88,0.0,0,0,0,0
1997-10-11 20:00:00,12.0,94,0.0,0,0,0,0
1997-10-11 21:00:00,10.0,93,0.0,0,0,0,0
1997-10-11 22:00:00,10.0,93,0.0,0,0,0,0
1997-10-11 23:00:00,9.0,93,0.0,0,0,0,0
1997-10-12 00:00:00,8.0,93,0.0,0,0,0,0
1997-10-12 01:00:00,8.0,93,0.0,0,0,0,0
1997-10-12 02:00:00,7.0,93,0.0,0,0,0,0
1997-10-12 03:00:00,7.0,93,0.0,0,0,0,0
1997-10-12 04:00:00,7.0,93,0.0,0,0,0,0
1997-10-12 05:00:00,6.0,100,0.0,0,0,0,0
1997-10-12 06:00:00,7.0,93,0.0,0,0,0,0
1997-10-12 07:00:00,7.0,93,0.0,0,25,67,20
1997-10-12 08:00:00,14.0,82,0.0,0,127,104,101
1997-10-12 09:00:00,18.0,64,2.6,70,293,294,169
1997-10-12 10:00:00,20.0,56,2.1,50,501,585,175
1997-10-12 11:00:00,21.7,50,2.4,110,430,157,327
1997-10-12 12:00:00,23.0,47,2.6,160,445,66,399
1997-10-12 13:00:00,24.0,44,2.1,160,515,106,442
1997-10-12 14:00:00,24.0,44,2.6,200,375,159,276
1997-10-12 15:00:00,24.0,47,3.6,110,381,381,187
1997-10-12 16:00:00,23.0,50,3.1,160,213,42,198
1997-10-12 17:00:00,20.0,64,2.1,150,77,100,59
1997-10-12 18:00:00,17.0,72,1.5,140,4,9,4
1997-10-12 19:00:00,15.0,88,0.0,0,0,0,0
1997-10-12 20:00:00,13.0,94,0.0,0,0,0,0
1997-10-12 21:00:00,12.0,100,0.0,0,0,0,0
1997-10-12 22:00:00,12.0,94,0.0,0,0,0,0
1997-10-12 23:00:00,11.0,94,0.0,0,0,0,0
1997-10-13 00:00:00,11.0,94,0.0,0,0,0,0
1997-10-13 01:00:00,10.0,97,0.0,0,0,0,0
1997-10-13 02:00:00,9.0,100,0.0,0,0,0,0
1997-10-13 03:00:00,8.4,100,0.0,0,0,0,0
1997-10-13 04:00:00,8.0,100,0.0,0,0,0,0
1997-10-13 05:00:00,9.0,100,0.0,0,0,0,0
1997-10-13 06:00:00,9.0,100,0.0,0,0,0,0
1997-10-13 07:00:00,10.0,100,0.0,0,19,0,19
1997-10-13 08:00:00,14.0,94,0.0,0,102,42,92
1997-10-13 09:00:00,21.0,83,2.6,140,319,470,122
1997-10-13 10:00:00,23.0,61,2.6,250,383,350,190
1997-10-13 11:00:00,25.0,54,2.1,230,389,166,282
1997-10-13 12:00:00,26.0,51,2.6,180,496,341,262
1997-10-13 13:00:00,26.0,48,2.6,140,544,410,267
1997-10-13 14:00:00,25.0,57,2.6,160,496,385,259
1997-10-13 15:00:00,24.0,65,2.6,140,381,262,249
1997-10-13 16:00:00,24.0,65,2.6,140,258,388,121
1997-10-13 17:00:00,22.0,73,2.6,150,64,64,53
1997-10-13 18:00:00,20.0,83,2.1,150,4,2,4
1997-10-13 19:00:00,18.0,94,0.0,0,0,0,0
1997-10-13 20:00:00,16.0,100,0.0,0,0,0,0
1997-10-13 21:00:00,15.0,100,1.5,150,0,0,0
1997-10-13 22:00:00,16.0,100,1.5,150,0,0,0
1997-10-13 23:00:00,15.0,100,1.5,150,0,0,0
1997-10-14 00:00:00,15.0,100,0.0,0,0,0,0
1997-10-14 01:00:00,14.0,100,0.0,0,0,0,0
1997-10-14 02:00:00,14.0,100,0.0,0,0,0,0
1997-10-14 03:00:00,14.0,100,0.0,0,0,0,0
1997-10-14 04:00:00,14.0,100,0.0,0,0,0,0
1997-10-14 05:00:00,14.0,100,0.0,0,0,0,0
1997-10-14 06:00:00,13.0,100,0.0,0,0,0,0
1997-10-14 07:00:00,15.0,100,0.0,0,21,43,18
1997-10-14 08:00:00,19.0,100,0.0,0,158,306,83
1997-10-14 09:00:00,22.0,88,3.1,230,97,42,79
1997-10-14 10:00:00,24.0,78,3.1,230,294,54,264
1997-10-14 11:00:00,26.0,65,3.1,230,180,0,180
1997-10-14 12:00:00,27.0,62,3.1,210,570,500,229
1997-10-14 13:00:00,28.0,55,3.1,210,330,86,273
1997-10-14 14:00:00,27.0,58,3.1,250,396,59,360
1997-10-14 15:00:00,27.0,58,3.6,230,321,270,186
1997-10-14 16:00:00,26.0,61,3.6,230,90,33,79
1997-10-14 17:00:00,25.0,69,2.6,190,55,19,52
1997-10-14 18:00:00,23.0,83,2.1,190,3,0,3
1997-10-14 19:00:00,22.0,88,2.1,170,0,0,0
1997-10-14 20:00:00,22.0,83,0.0,0,0,0,0
1997-10-14 21:00:00,21.0,88,2.6,270,0,0,0
1997-10-14 22:00:00,21.0,94,2.6,270,0,0,0
1997-10-14 23:00:00,20.0,100,2.1,270,0,0,0
1997-10-15 00:00:00,20.0,94,2.6,320,0,0,0
1997-10-15 01:00:00,18.0,94,2.1,340,0,0,0
1997-10-15 02:00:00,18.0,94,3.1,340,0,0,0
1997-10-15 03:00:00,16.0,100,4.1,320,0,0,0
1997-10-15 04:00:00,16.0,94,3.1,350,0,0,0
1997-10-15 05:00:00,15.5,94,3.6,360,0,0,0
1997-10-15 06:00:00,15.0,94,4.1,360,0,0,0
1997-10-15 07:00:00,14.0,94,4.6,340,12,0,12
1997-10-15 08:00:00,13.0,94,4.1,360,51,0,51
1997-10-15 09:00:00,13.0,88,4.1,360,80,0,80
1997-10-15 10:00:00,12.0,100,5.1,360,117,0,117
1997-10-15 11:00:00,12.0,100,4.1,360,121,0,121
1997-10-15 12:00:00,12.0,100,5.1,340,131,0,131
1997-10-15 13:00:00,12.0,100,5.1,340,128,0,128
1997-10-15 14:00:00,12.0,100,3.1,360,113,0,113
1997-10-15 15:00:00,13.0,94,3.1,360,85,0,85
1997-10-15 16:00:00,13.0,94,2.6,360,57,0,57
1997-10-15 17:00:00,13.0,94,3.1,10,30,0,30
1997-10-15 18:00:00,13.0,94,3.1,10,1,0,1
1997-10-15 19:00:00,13.0,94,4.1,10,0,0,0
1997-10-15 20:00:00,13.0,94,4.1,10,0,0,0
1997-10-15 21:00:00,13.0,94,4.1,10,0,0,0
1997-10-15 22:00:00,13.0,100,4.1,10,0,0,0
1997-10-15 23:00:00,13.0,100,3.1,20,0,0,0
1997-10-16 00:00:00,14.0,94,3.6,20,0,0,0
1997-10-16 01:00:00,14.0,100,3.6,40,0,0,0
1997-10-16 02:00:00,14.0,100,3.6,20,0,0,0
1997-10-16 03:00:00,14.0,100,5.7,20,0,0,0
1997-10-16 04:00:00,14.0,94,4.1,30,0,0,0
1997-10-16 05:00:00,13.0,100,4.1,30,0,0,0
1997-10-16 06:00:00,13.0,94,5.1,10,0,0,0
1997-10-16 07:00:00,13.0,94,4.6,10,8,0,8
1997-10-16 08:00:00,12.0,100,5.1,10,43,0,43
1997-10-16 09:00:00,12.0,100,5.1,20,74,0,74
1997-10-16 10:00:00,12.0,100,4.1,20,106,0,106
1997-10-16 11:00:00,13.0,94,4.1,20,127,0,127
1997-10-16 12:00:00,13.0,94,3.1,20,164,0,164
1997-10-16 13:00:00,13.0,94,5.1,20,161,0,161
1997-10-16 14:00:00,14.0,88,5.1,20,143,0,143
1997-10-16 15:00:00,14.0,88,3.1,20,112,0,112
1997-10-16 16:00:00,14.0,88,3.6,20,69,0,69
1997-10-16 17:00:00,13.0,94,2.6,20,31,0,31
1997-10-16 18:00:00,13.0,94,2.1,30,1,0,1
1997-10-16 19:00:00,13.0,94,0.0,0,0,0,0
1997-10-16 20:00:00,13.0,100,0.0,0,0,0,0
1997-10-16 21:00:00,13.0,100,1.5,20,0,0,0
1997-10-16 22:00:00,13.0,100,1.5,30,0,0,0
1997-10-16 23:00:00,14.0,94,0.0,0,0,0,0
1997-10-17 00:00:00,14.0,94,2.6,40,0,0,0
1997-10-17 01:00:00,14.0,94,2.6,30,0,0,0
1997-10-17 02:00:00,14.0,94,3.6,30,0,0,0
1997-10-17 03:00:00,14.0,94,2.1,40,0,0,0
1997-10-17 04:00:00,14.0,100,2.1,40,0,0,0
1997-10-17 05:00:00,14.0,100,3.1,20,0,0,0
1997-10-17 06:00:00,14.0,100,3.6,20,0,0,0
1997-10-17 07:00:00,14.0,94,3.6,20,9,0,9
1997-10-17 08:00:00,14.0,94,5.1,30,35,0,35
1997-10-17 09:00:00,14.0,94,3.1,40,65,0,65
1997-10-17 10:00:00,15.0,88,4.1,40,98,0,98
1997-10-17 11:00:00,16.0,82,4.1,40,172,0,172
1997-10-17 12:00:00,18.0,77,5.1,50,186,0,186
1997-10-17 13:00:00,17.0,82,5.1,40,182,0,182
1997-10-17 14:00:00,17.0,77,5.1,40,160,0,160
1997-10-17 15:00:00,16.0,82,5.1,60,121,0,121
1997-10-17 16:00:00,16.0,82,4.1,70,72,0,72
1997-10-17 17:00:00,16.0,80,5.7,70,37,0,37
1997-10-17 18:00:00,15.0,82,3.6,70,1,0,1
1997-10-17 19:00:00,15.0,88,3.6,60,0,0,0
1997-10-17 20:00:00,14.8,86,3.4,60,0,0,0
1997-10-17 21:00:00,15.0,82,3.1,60,0,0,0
1997-10-17 22:00:00,15.0,82,2.6,50,0,0,0
1997-10-17 23:00:00,14.0,94,3.1,40,0,0,0
1997-10-18 00:00:00,13.0,94,4.1,40,0,0,0
1997-10-18 01:00:00,13.0,94,5.1,70,0,0,0
1997-10-18 02:00:00,13.0,94,5.1,50,0,0,0
1997-10-18 03:00:00,13.0,94,4.1,60,0,0,0
1997-10-18 04:00:00,13.0,94,6.2,60,0,0,0
1997-10-18 05:00:00,13.0,94,4.1,20,0,0,0
1997-10-18 06:00:00,12.0,100,6.2,30,0,0,0
1997-10-18 07:00:00,12.0,94,5.1,40,8,0,8
1997-10-18 08:00:00,13.3,95,5.6,50,52,0,52
1997-10-18 09:00:00,14.0,91,6.2,60,106,0,106
1997-10-18 10:00:00,14.0,88,4.6,70,151,0,151
1997-10-18 11:00:00,15.0,88,5.7,80,152,0,152
1997-10-18 12:00:00,16.0,82,4.1,60,196,0,196
1997-10-18 13:00:00,15.0,94,5.1,40,161,0,161
1997-10-18 14:00:00,14.0,94,4.1,20,119,0,119
1997-10-18 15:00:00,14.0,94,3.6,30,111,0,111
1997-10-18 16:00:00,14.0,94,3.1,20,83,0,83
1997-10-18 17:00:00,14.0,94,2.6,20,30,0,30
1997-10-18 18:00:00,14.0,94,2.6,20,1,0,1
1997-10-18 19:00:00,14.0,94,2.6,20,0,0,0
1997-10-18 20:00:00,14.0,94,5.1,40,0,0,0
1997-10-18 21:00:00,14.0,88,4.1,40,0,0,0
1997-10-18 22:00:00,14.0,94,3.6,30,0,0,0
1997-10-18 23:00:00,14.0,94,3.6,40,0,0,0
1997-10-19 00:00:00,14.0,100,2.6,40,0,0,0
1997-10-19 01:00:00,15.0,94,4.1,40,0,0,0
1997-10-19 02:00:00,15.0,94,5.7,50,0,0,0
1997-10-19 03:00:00,14.0,94,5.7,50,0,0,0
1997-10-19 04:00:00,14.0,94,5.1,50,0,0,0
1997-10-19 05:00:00,14.0,100,5.7,40,0,0,0
1997-10-19 06:00:00,14.0,100,5.7,30,0,0,0
1997-10-19 07:00:00,14.0,94,5.7,30,6,0,6
1997-10-19 08:00:00,13.8,99,6.2,30,36,0,36
1997-10-19 09:00:00,13.0,100,6.7,30,74,0,74
1997-10-19 10:00:00,13.0,100,5.1,40,126,0,126
1997-10-19 11:00:00,13.0,94,7.2,40,152,0,152
1997-10-19 12:00:00,13.0,94,5.7,30,163,0,163
1997-10-19 13:00:00,13.0,94,6.2,30,160,0,160
1997-10-19 14:00:00,13.0,94,5.7,20,142,0,142
1997-10-19 15:00:00,13.0,94,7.2,20,111,0,111
1997-10-19 16:00:00,13.0,94,5.7,20,69,0,69
1997-10-19 17:00:00,12.0,94,5.7,10,25,0,25
1997-10-19 18:00:00,12.0,94,5.7,350,1,0,1
1997-10-19 19:00:00,12.0,88,4.6,350,0,0,0
1997-10-19 20:00:00,12.0,88,5.7,350,0,0,0
1997-10-19 21:00:00,11.0,87,4.6,340,0,0,0
1997-10-19 22:00:00,10.0,87,3.1,340,0,0,0
1997-10-19 23:00:00,9.0,87,3.6,340,0,0,0
1997-10-20 00:00:00,8.0,93,2.6,340,0,0,0
1997-10-20 01:00:00,8.0,87,2.6,320,0,0,0
1997-10-20 02:00:00,8.0,87,2.6,320,0,0,0
1997-10-20 03:00:00,7.0,87,2.1,320,0,0,0
1997-10-20 04:00:00,8.0,87,2.1,320,0,0,0
1997-10-20 05:00:00,5.0,100,0.0,0,0,0,0
1997-10-20 06:00:00,5.0,100,0.0,0,0,0,0
1997-10-20 07:00:00,8.0,93,3.1,300,16,26,14
1997-10-20 08:00:00,11.0,82,4.1,340,139,315,69
1997-10-20 09:00:00,13.0,72,5.1,340,314,531,107
1997-10-20 10:00:00,16.0,59,5.1,330,473,643,136
1997-10-20 11:00:00,17.0,52,5.1,340,441,310,250
1997-10-20 12:00:00,18.0,49,5.1,330,595,592,208
1997-10-20 13:00:00,18.0,49,5.1,320,532,482,222
1997-10-20 14:00:00,19.0,46,5.1,330,459,534,149
1997-10-20 15:00:00,19.0,49,5.1,320,350,382,171
1997-10-20 16:00:00,19.0,49,5.1,280,236,454,91
1997-10-20 17:00:00,18.0,52,4.1,300,64,126,46
1997-10-20 18:00:00,15.0,63,2.6,290,1,0,1
1997-10-20 19:00:00,12.0,82,2.1,250,0,0,0
1997-10-20 20:00:00,14.0,72,2.1,290,0,0,0
1997-10-20 21:00:00,14.0,72,3.6,280,0,0,0
1997-10-20 22:00:00,13.0,77,2.6,280,0,0,0
1997-10-20 23:00:00,12.0,82,2.1,290,0,0,0
1997-10-21 00:00:00,10.0,87,2.6,330,0,0,0
1997-10-21 01:00:00,10.0,87,2.1,320,0,0,0
1997-10-21 02:00:00,10.0,82,2.1,310,0,0,0
1997-10-21 03:00:00,8.0,81,2.1,310,0,0,0
1997-10-21 04:00:00,9.0,76,2.6,300,0,0,0
1997-10-21 05:00:00,7.0,81,2.1,300,0,0,0
1997-10-21 06:00:00,6.0,81,2.6,330,0,0,0
1997-10-21 07:00:00,7.0,76,2.1,340,19,116,11
1997-10-21 08:00:00,10.0,62,2.1,340,165,570,40
1997-10-21 09:00:00,12.0,50,3.1,360,348,749,58
1997-10-21 10:00:00,13.0,44,3.1,360,511,846,72
1997-10-21 11:00:00,14.0,41,3.1,10,621,886,81
1997-10-21 12:00:00,15.0,39,3.1,320,671,901,85
1997-10-21 13:00:00,16.0,39,3.1,300,594,768,104
1997-10-21 14:00:00,16.0,42,3.1,270,509,698,108
1997-10-21 15:00:00,16.0,42,3.1,320,308,385,129
1997-10-21 16:00:00,15.0,44,2.6,250,185,122,147
1997-10-21 17:00:00,13.0,58,2.6,240,43,12,41
1997-10-21 18:00:00,11.0,71,0.0,0,0,1,0
1997-10-21 19:00:00,11.0,76,0.0,0,0,0,0
1997-10-21 20:00:00,11.0,76,0.0,0,0,0,0
1997-10-21 21:00:00,10.0,82,0.0,0,0,0,0
1997-10-21 22:00:00,10.0,82,0.0,0,0,0,0
1997-10-21 23:00:00,9.0,87,0.0,0,0,0,0
1997-10-22 00:00:00,8.0,93,0.0,0,0,0,0
1997-10-22 01:00:00,9.0,93,0.0,0,0,0,0
1997-10-22 02:00:00,9.0,93,0.0,0,0,0,0
1997-10-22 03:00:00,10.0,87,0.0,0,0,0,0
1997-10-22 04:00:00,10.0,93,0.0,0,0,0,0
1997-10-22 05:00:00,11.0,82,0.0,0,0,0,0
1997-10-22 06:00:00,11.0,66,2.6,350,0,0,0
1997-10-22 07:00:00,10.0,71,2.6,10,19,1,19
1997-10-22 08:00:00,11.0,62,2.1,360,74,0,74
1997-10-22 09:00:00,11.0,50,4.1,360,235,106,194
1997-10-22 10:00:00,13.0,44,4.1,340,141,61,110
1997-10-22 11:00:00,13.0,29,6.2,320,598,659,199
1997-10-22 12:00:00,14.0,30,5.1,320,573,544,222
1997-10-22 13:00:00,14.0,30,7.2,310,594,501,277
1997-10-22 14:00:00,14.0,35,6.2,310,550,699,152
1997-10-22 15:00:00,13.0,32,7.2,310,287,246,174
1997-10-22 16:00:00,13.0,32,4.6,310,215,401,91
1997-10-22 17:00:00,11.0,39,4.6,310,60,138,42
1997-10-22 18:00:00,9.0,49,2.1,320,0,1,0
1997-10-22 19:00:00,7.0,56,0.0,0,0,0,0
1997-10-22 20:00:00,8.0,52,2.6,300,0,0,0
1997-10-22 21:00:00,5.0,70,2.6,300,0,0,0
1997-10-22 22:00:00,5.0,64,0.0,0,0,0,0
1997-10-22 23:00:00,3.0,81,0.0,0,0,0,0
1997-10-23 00:00:00,1.0,86,1.5,300,0,0,0
1997-10-23 01:00:00,1.0,86,1.5,300,0,0,0
1997-10-23 02:00:00,0.0,92,0.0,0,0,0,0
1997-10-23 03:00:00,1.0,79,1.5,300,0,0,0
1997-10-23 04:00:00,1.0,79,1.5,300,0,0,0
1997-10-23 05:00:00,1.0,79,1.5,300,0,0,0
1997-10-23 06:00:00,-1.0,92,0.0,0,0,0,0
1997-10-23 07:00:00,-1.0,92,1.5,300,20,115,13
1997-10-23 08:00:00,4.0,75,1.5,300,152,371,73
1997-10-23 09:00:00,8.0,52,3.1,340,333,702,67
1997-10-23 10:00:00,9.0,41,3.1,40,467,698,111
1997-10-23 11:00:00,10.2,35,3.1,350,593,839,89
1997-10-23 12:00:00,11.0,31,3.1,290,673,929,78
1997-10-23 13:00:00,11.0,31,3.1,310,657,924,77
1997-10-23 14:00:00,12.0,31,3.1,330,506,708,106
1997-10-23 15:00:00,12.0,29,3.1,260,406,684,95
1997-10-23 16:00:00,11.0,33,4.1,270,252,628,60
1997-10-23 17:00:00,9.0,49,3.1,250,71,344,27
1997-10-23 18:00:00,7.0,56,0.0,0,0,28,0
1997-10-23 19:00:00,4.0,75,0.0,0,0,0,0
1997-10-23 20:00:00,3.0,81,0.0,0,0,0,0
1997-10-23 21:00:00,1.0,86,0.0,0,0,0,0
1997-10-23 22:00:00,0.0,92,0.0,0,0,0,0
1997-10-23 23:00:00,0.0,92,0.0,0,0,0,0
1997-10-24 00:00:00,1.0,79,0.0,0,0,0,0
1997-10-24 01:00:00,0.0,85,0.0,0,0,0,0
1997-10-24 02:00:00,0.0,92,0.0,0,0,0,0
1997-10-24 03:00:00,1.0,93,0.0,0,0,0,0
1997-10-24 04:00:00,4.0,87,0.0,0,0,0,0
1997-10-24 05:00:00,6.0,75,1.5,180,0,0,0
1997-10-24 06:00:00,6.0,75,0.0,0,0,0,0
1997-10-24 07:00:00,6.0,75,0.0,0,11,12,10
1997-10-24 08:00:00,9.0,71,0.0,0,97,81,80
1997-10-24 09:00:00,13.0,62,3.1,220,153,123,107
1997-10-24 10:00:00,15.0,55,4.1,220,373,423,159
1997-10-24 11:00:00,17.0,45,3.1,220,164,0,164
1997-10-24 12:00:00,16.0,48,5.1,200,178,0,178
1997-10-24 13:00:00,16.0,48,3.1,220,173,0,173
1997-10-24 14:00:00,15.8,49,3.1,230,151,0,151
1997-10-24 15:00:00,15.0,51,3.1,230,113,0,113
1997-10-24 16:00:00,14.0,59,2.1,220,64,0,64
1997-10-24 17:00:00,13.0,67,0.0,0,29,0,29
1997-10-24 18:00:00,12.0,76,0.0,0,0,0,0
1997-10-24 19:00:00,11.0,87,2.1,50,0,0,0
1997-10-24 20:00:00,11.0,87,0.0,0,0,0,0
1997-10-24 21:00:00,11.0,82,2.1,120,0,0,0
1997-10-24 22:00:00,12.0,76,2.1,100,0,0,0
1997-10-24 23:00:00,12.0,88,2.1,110,0,0,0
1997-10-25 00:00:00,14.0,88,2.1,120,0,0,0
1997-10-25 01:00:00,16.0,88,3.6,150,0,0,0
1997-10-25 02:00:00,17.0,88,5.1,160,0,0,0
1997-10-25 03:00:00,16.0,94,3.1,180,0,0,0
1997-10-25 04:00:00,17.0,94,4.1,180,0,0,0
1997-10-25 05:00:00,17.0,94,3.1,220,0,0,0
1997-10-25 06:00:00,17.0,94,2.6,210,0,0,0
1997-10-25 07:00:00,17.0,94,2.6,240,4,0,4
1997-10-25 08:00:00,17.0,94,3.1,260,41,0,41
1997-10-25 09:00:00,16.0,88,3.6,290,101,0,101
1997-10-25 10:00:00,16.0,88,3.1,270,146,0,146
1997-10-25 11:00:00,15.0,88,3.1,290,147,0,147
1997-10-25 12:00:00,17.0,77,3.6,280,230,93,171
1997-10-25 13:00:00,17.0,77,3.1,300,518,646,118
1997-10-25 14:00:00,18.0,73,3.6,290,374,178,275
1997-10-25 15:00:00,17.0,72,3.6,310,126,0,126
1997-10-25 16:00:00,16.0,77,4.1,330,77,0,77
1997-10-25 17:00:00,15.0,77,3.1,310,24,0,24
1997-10-25 18:00:00,15.0,77,3.1,330,0,0,0
1997-10-25 19:00:00,14.0,82,5.1,10,0,0,0
1997-10-25 20:00:00,12.0,88,3.1,10,0,0,0
1997-10-25 21:00:00,12.0,85,2.9,20,0,0,0
1997-10-25 22:00:00,12.0,82,2.6,30,0,0,0
1997-10-25 23:00:00,11.0,87,2.1,20,0,0,0
1997-10-26 00:00:00,11.0,87,1.5,20,0,0,0
1997-10-26 01:00:00,10.0,93,1.5,20,0,0,0
1997-10-26 02:00:00,9.0,93,1.5,20,0,0,0
1997-10-26 03:00:00,9.0,93,1.5,20,0,0,0
1997-10-26 04:00:00,9.0,93,2.1,20,0,0,0
1997-10-26 05:00:00,10.0,87,2.1,20,0,0,0
1997-10-26 06:00:00,10.0,87,2.6,20,0,0,0
1997-10-26 07:00:00,10.0,82,2.1,40,7,0,7
1997-10-26 08:00:00,10.0,82,2.6,40,45,0,45
1997-10-26 09:00:00,11.0,82,4.1,40,83,0,83
1997-10-26 10:00:00,12.0,82,3.1,50,127,0,127
1997-10-26 11:00:00,11.0,94,2.1,40,158,0,158
1997-10-26 12:00:00,12.0,94,1.5,40,120,0,120
1997-10-26 13:00:00,12.0,100,2.1,40,117,0,117
1997-10-26 14:00:00,13.0,94,2.1,60,102,0,102
1997-10-26 15:00:00,13.0,94,4.6,90,75,0,75
1997-10-26 16:00:00,13.0,100,4.1,100,42,0,42
1997-10-26 17:00:00,14.0,94,5.1,100,20,0,20
1997-10-26 18:00:00,15.0,94,4.1,120,0,0,0
1997-10-26 19:00:00,16.0,94,4.1,130,0,0,0
1997-10-26 20:00:00,16.0,94,4.1,140,0,0,0
1997-10-26 21:00:00,16.5,94,3.4,140,0,0,0
1997-10-26 22:00:00,17.0,94,2.6,140,0,0,0
1997-10-26 23:00:00,18.0,100,2.6,150,0,0,0
1997-10-27 00:00:00,18.0,100,1.5,150,0,0,0
1997-10-27 01:00:00,18.0,100,3.1,200,0,0,0
1997-10-27 02:00:00,19.0,100,5.1,190,0,0,0
1997-10-27 03:00:00,19.0,100,3.6,220,0,0,0
1997-10-27 04:00:00,20.0,94,5.1,230,0,0,0
1997-10-27 05:00:00,20.0,94,4.1,220,0,0,0
1997-10-27 06:00:00,20.0,94,5.7,220,0,0,0
1997-10-27 07:00:00,19.0,94,5.7,230,5,0,5
1997-10-27 08:00:00,20.0,94,4.6,230,35,0,35
1997-10-27 09:00:00,20.0,94,6.2,230,78,0,78
1997-10-27 10:00:00,20.0,88,5.1,240,115,0,115
1997-10-27 11:00:00,20.0,83,5.1,240,140,0,140
1997-10-27 12:00:00,18.0,83,4.1,290,152,0,152
1997-10-27 13:00:00,18.0,83,4.1,290,148,0,148
1997-10-27 14:00:00,18.0,77,4.1,290,130,0,130
1997-10-27 15:00:00,17.0,82,5.1,320,98,0,98
1997-10-27 16:00:00,16.0,77,4.6,330,68,0,68
1997-10-27 17:00:00,15.0,59,5.1,310,21,0,21
1997-10-27 18:00:00,14.0,55,6.2,330,0,0,0
1997-10-27 19:00:00,13.0,58,5.1,340,0,0,0
1997-10-27 20:00:00,12.0,54,6.7,330,0,0,0
1997-10-27 21:00:00,12.0,54,6.2,330,0,0,0
1997-10-27 22:00:00,11.0,54,6.7,320,0,0,0
1997-10-27 23:00:00,10.0,57,6.2,330,0,0,0
1997-10-28 00:00:00,9.0,61,6.2,310,0,0,0
1997-10-28 01:00:00,8.0,57,7.2,320,0,0,0
1997-10-28 02:00:00,8.0,57,4.6,300,0,0,0
1997-10-28 03:00:00,7.0,56,4.1,310,0,0,0
1997-10-28 04:00:00,7.0,56,5.1,300,0,0,0
1997-10-28 05:00:00,6.0,60,5.1,300,0,0,0
1997-10-28 06:00:00,6.0,55,5.7,300,0,0,0
1997-10-28 07:00:00,6.0,60,4.1,300,13,126,7
1997-10-28 08:00:00,7.0,56,5.1,300,144,568,34
1997-10-28 09:00:00,8.0,52,7.2,300,322,760,50
1997-10-28 10:00:00,9.0,45,7.2,300,477,846,63
1997-10-28 11:00:00,9.0,45,8.2,300,419,460,153
1997-10-28 12:00:00,10.0,46,5.1,300,463,601,91
1997-10-28 13:00:00,11.0,43,7.2,300,542,571,196
1997-10-28 14:00:00,11.0,43,7.2,300,541,874,67
1997-10-28 15:00:00,11.0,43,5.1,300,409,816,57
1997-10-28 16:00:00,11.0,43,6.2,280,239,693,42
1997-10-28 17:00:00,10.0,50,3.6,290,43,122,30
1997-10-28 18:00:00,8.0,57,2.6,250,0,10,0
1997-10-28 19:00:00,6.0,70,2.1,260,0,0,0
1997-10-28 20:00:00,3.0,87,0.0,0,0,0,0
1997-10-28 21:00:00,2.0,87,0.0,0,0,0,0
1997-10-28 22:00:00,1.0,93,0.0,0,0,0,0
1997-10-28 23:00:00,1.0,93,0.0,0,0,0,0
1997-10-29 00:00:00,1.0,93,0.0,0,0,0,0
1997-10-29 01:00:00,1.0,93,0.0,0,0,0,0
1997-10-29 02:00:00,0.0,92,0.0,0,0,0,0
1997-10-29 03:00:00,-1.0,92,0.0,0,0,0,0
1997-10-29 04:00:00,-1.0,92,0.0,0,0,0,0
1997-10-29 05:00:00,-0.9,93,0.0,0,0,0,0
1997-10-29 06:00:00,-0.7,93,0.0,0,0,0,0
1997-10-29 07:00:00,0.0,92,0.0,0,6,6,6
1997-10-29 08:00:00,4.0,87,0.0,0,70,35,63
1997-10-29 09:00:00,7.0,76,0.0,0,187,52,169
1997-10-29 10:00:00,12.0,62,0.0,0,124,23,113
1997-10-29 11:00:00,14.0,51,5.1,240,233,106,172
1997-10-29 12:00:00,16.0,42,5.1,250,154,86,101
1997-10-29 13:00:00,17.0,36,5.1,220,493,540,169
1997-10-29 14:00:00,17.0,36,5.1,240,527,670,167
1997-10-29 15:00:00,17.0,39,5.1,240,399,723,89
1997-10-29 16:00:00,16.0,45,4.1,250,187,284,108
1997-10-29 17:00:00,14.0,51,3.1,260,59,245,33
1997-10-29 18:00:00,11.0,66,2.1,240,0,4,0
1997-10-29 19:00:00,8.0,76,0.0,0,0,0,0
1997-10-29 20:00:00,5.0,87,1.5,150,0,0,0
1997-10-29 21:00:00,5.0,93,0.0,0,0,0,0
1997-10-29 22:00:00,4.0,87,0.0,0,0,0,0
1997-10-29 23:00:00,3.0,93,0.0,0,0,0,0
1997-10-30 00:00:00,3.0,93,0.0,0,0,0,0
1997-10-30 01:00:00,2.0,93,0.0,0,0,0,0
1997-10-30 02:00:00,2.0,87,0.0,0,0,0,0
1997-10-30 03:00:00,2.0,93,0.0,0,0,0,0
1997-10-30 04:00:00,2.0,87,0.0,0,0,0,0
1997-10-30 05:00:00,1.0,93,0.0,0,0,0,0
1997-10-30 06:00:00,2.0,87,0.0,0,0,0,0
1997-10-30 07:00:00,2.0,87,0.0,0,6,10,5
1997-10-30 08:00:00,7.0,87,0.0,0,126,468,39
1997-10-30 09:00:00,13.0,72,0.0,0,281,524,97
1997-10-30 10:00:00,16.0,51,0.0,0,439,747,80
1997-10-30 11:00:00,18.0,39,3.1,20,458,537,152
1997-10-30 12:00:00,19.0,37,3.1,340,632,921,72
1997-10-30 13:00:00,20.0,35,3.1,360,617,916,71
1997-10-30 14:00:00,20.0,37,3.1,340,539,889,65
1997-10-30 15:00:00,20.0,35,0.0,0,405,829,55
1997-10-30 16:00:00,19.0,37,0.0,0,233,701,41
1997-10-30 17:00:00,16.0,51,2.1,160,49,225,27
1997-10-30 18:00:00,11.0,71,2.1,150,0,8,0
1997-10-30 19:00:00,9.0,87,0.0,0,0,0,0
1997-10-30 20:00:00,7.0,87,0.0,0,0,0,0
1997-10-30 21:00:00,6.0,93,0.0,0,0,0,0
1997-10-30 22:00:00,6.0,93,0.0,0,0,0,0
1997-10-30 23:00:00,5.0,93,0.0,0,0,0,0
1997-10-31 00:00:00,5.0,93,0.0,0,0,0,0
1997-10-31 01:00:00,5.0,93,0.0,0,0,0,0
1997-10-31 02:00:00,3.0,100,0.0,0,0,0,0
1997-10-31 03:00:00,3.0,100,0.0,0,0,0,0
1997-10-31 04:00:00,3.0,100,0.0,0,0,0,0
1997-10-31 05:00:00,3.0,100,0.0,0,0,0,0
1997-10-31 06:00:00,3.2,100,0.0,0,0,0,0
1997-10-31 07:00:00,4.0,100,0.0,0,5,0,5
1997-10-31 08:00:00,7.0,100,0.0,0,144,461,60
1997-10-31 09:00:00,14.0,94,3.1,120,165,206,93
1997-10-31 10:00:00,18.0,73,3.1,120,405,631,104
1997-10-31 11:00:00,20.0,56,3.1,130,444,382,228
1997-10-31 12:00:00,21.0,53,4.1,140,450,261,292
1997-10-31 13:00:00,21.0,53,4.1,140,216,167,117
1997-10-31 14:00:00,21.0,49,3.1,120,158,0,158
1997-10-31 15:00:00,21.0,53,3.1,120,286,180,210
1997-10-31 16:00:00,20.0,60,3.1,120,123,33,114
1997-10-31 17:00:00,18.0,73,2.1,110,45,40,41
1997-10-31 18:00:00,17.0,82,2.1,60,0,0,0
1997-10-31 19:00:00,15.0,94,0.0,0,0,0,0
1997-10-31 20:00:00,14.0,94,0.0,0,0,0,0
1997-10-31 21:00:00,14.0,100,0.0,0,0,0,0
1997-10-31 22:00:00,13.3,100,0.2,0,0,0,0
1997-10-31 23:00:00,12.7,100,0.4,0,0,0,0
1997-11-01 00:00:00,12.0,99,0.6,60,0,0,0
2005-11-01 01:00:00,11.4,80,0.9,280,0,0,0
2005-11-01 02:00:00,10.7,83,1.1,190,0,0,0
2005-11-01 03:00:00,10.1,83,1.3,210,0,0,0
2005-11-01 04:00:00,9.4,86,1.5,180,0,0,0
2005-11-01 05:00:00,7.2,90,0.0,0,0,0,0
2005-11-01 06:00:00,8.9,89,1.5,180,0,0,0
2005-11-01 07:00:00,7.8,93,2.1,170,0,59,0
2005-11-01 08:00:00,11.7,80,2.6,200,133,384,64
2005-11-01 09:00:00,15.0,64,3.6,220,291,535,107
2005-11-01 10:00:00,17.8,50,3.1,200,456,692,128
2005-11-01 11:00:00,19.4,36,7.2,220,556,781,117
2005-11-01 12:00:00,20.0,33,6.2,240,588,764,129
2005-11-01 13:00:00,21.1,31,3.1,220,560,699,149
2005-11-01 14:00:00,20.0,35,6.7,190,480,617,156
2005-11-01 15:00:00,19.4,44,4.6,210,321,322,187
2005-11-01 16:00:00,18.9,52,4.6,220,113,39,102
2005-11-01 17:00:00,17.8,60,3.6,180,40,129,28
2005-11-01 18:00:00,16.1,72,2.6,180,0,0,0
2005-11-01 19:00:00,15.0,77,2.1,190,0,0,0
2005-11-01 20:00:00,15.0,81,2.6,180,0,0,0
2005-11-01 21:00:00,15.0,77,2.6,190,0,0,0
2005-11-01 22:00:00,15.6,78,2.6,230,0,0,0
2005-11-01 23:00:00,15.6,78,3.6,230,0,0,0
2005-11-02 00:00:00,15.6,78,3.1,260,0,0,0
2005-11-02 01:00:00,13.9,80,5.7,310,0,0,0
2005-11-02 02:00:00,12.2,83,3.6,310,0,0,0
2005-11-02 03:00:00,12.8,69,5.7,320,0,0,0
2005-11-02 04:00:00,11.7,68,6.7,330,0,0,0
2005-11-02 05:00:00,10.6,71,4.6,340,0,0,0
2005-11-02 06:00:00,10.0,68,4.1,330,0,0,0
2005-11-02 07:00:00,9.4,74,3.6,310,0,0,0
2005-11-02 08:00:00,10.6,68,5.2,330,144,486,58
2005-11-02 09:00:00,12.2,57,6.7,340,313,687,79
2005-11-02 10:00:00,13.3,49,6.7,340,457,759,100
2005-11-02 11:00:00,15.0,42,5.2,340,538,739,126
2005-11-02 12:00:00,15.6,37,6.7,320,594,818,106
2005-11-02 13:00:00,15.6,37,5.2,330,596,849,100
2005-11-02 14:00:00,16.1,38,8.2,300,514,807,94
2005-11-02 15:00:00,15.6,40,5.7,280,392,755,81
2005-11-02 16:00:00,14.4,42,5.7,300,225,608,65
2005-11-02 17:00:00,11.1,52,3.6,310,45,288,20
2005-11-02 18:00:00,9.4,61,0.0,0,0,0,0
2005-11-02 19:00:00,4.4,89,0.0,0,0,0,0
2005-11-02 20:00:00,3.3,92,0.0,0,0,0,0
2005-11-02 21:00:00,3.3,92,0.0,0,0,0,0
2005-11-02 22:00:00,1.7,96,0.0,0,0,0,0
2005-11-02 23:00:00,1.1,96,0.0,0,0,0,0
2005-11-03 00:00:00,0.0,100,0.0,0,0,0,0
2005-11-03 01:00:00,0.0,95,0.0,0,0,0,0
2005-11-03 02:00:00,-0.6,96,0.0,0,0,0,0
2005-11-03 03:00:00,-0.6,96,0.0,0,0,0,0
2005-11-03 04:00:00,-1.7,96,0.0,0,0,0,0
2005-11-03 05:00:00,-1.7,96,0.0,0,0,0,0
2005-11-03 06:00:00,-1.1,95,0.0,0,0,0,0
2005-11-03 07:00:00,0.0,92,1.5,110,0,0,0
2005-11-03 08:00:00,5.0,96,0.0,0,126,338,68
2005-11-03 09:00:00,11.7,89,3.6,220,299,606,96
2005-11-03 10:00:00,15.0,58,7.2,230,444,711,113
2005-11-03 11:00:00,16.7,41,6.7,210,531,733,126
2005-11-03 12:00:00,17.8,38,6.7,240,576,764,124
2005-11-03 13:00:00,18.3,37,7.2,230,584,819,109
2005-11-03 14:00:00,18.3,40,5.7,220,508,801,94
2005-11-03 15:00:00,17.8,43,6.2,220,380,714,89
2005-11-03 16:00:00,17.2,46,3.6,210,210,563,64
2005-11-03 17:00:00,15.0,53,2.6,200,41,258,19
2005-11-03 18:00:00,14.4,55,2.6,200,0,0,0
2005-11-03 19:00:00,13.3,62,3.1,190,0,0,0
2005-11-03 20:00:00,12.8,66,2.1,220,0,0,0
2005-11-03 21:00:00,13.3,64,2.1,220,0,0,0
2005-11-03 22:00:00,13.9,59,3.1,230,0,0,0
2005-11-03 23:00:00,14.4,55,4.1,230,0,0,0
2005-11-04 00:00:00,14.4,53,3.6,230,0,0,0
2005-11-04 01:00:00,13.9,57,3.6,230,0,0,0
2005-11-04 02:00:00,12.8,64,2.6,220,0,0,0
2005-11-04 03:00:00,11.7,71,3.6,220,0,0,0
2005-11-04 04:00:00,11.7,68,3.1,220,0,0,0
2005-11-04 05:00:00,10.6,77,3.1,210,0,0,0
2005-11-04 06:00:00,10.6,77,3.1,200,0,0,0
2005-11-04 07:00:00,11.1,74,2.6,190,0,0,0
2005-11-04 08:00:00,13.3,67,3.1,210,128,427,56
2005-11-04 09:00:00,16.1,56,4.1,220,307,682,81
2005-11-04 10:00:00,19.4,84,5.2,230,451,766,97
2005-11-04 11:00:00,21.0,69,5.7,240,532,745,123
2005-11-04 12:00:00,21.0,70,5.2,190,582,806,108
2005-11-04 13:00:00,20.0,73,5.2,220,584,831,106
2005-11-04 14:00:00,21.0,70,6.2,220,508,819,88
2005-11-04 15:00:00,21.0,71,5.2,220,380,690,102
2005-11-04 16:00:00,19.0,84,4.6,210,185,410,80
2005-11-04 17:00:00,18.0,89,4.1,210,37,233,18
2005-11-04 18:00:00,17.0,95,3.1,190,0,0,0
2005-11-04 19:00:00,17.0,93,2.6,230,0,0,0
2005-11-04 20:00:00,16.0,100,1.5,200,0,0,0
2005-11-04 21:00:00,15.6,100,1.5,210,0,0,0
2005-11-04 22:00:00,15.6,100,3.1,210,0,0,0
2005-11-04 23:00:00,16.0,82,4.1,230,0,0,0
2005-11-05 00:00:00,16.1,70,3.6,220,0,0,0
2005-11-05 01:00:00,15.6,72,4.1,210,0,0,0
2005-11-05 02:00:00,15.6,72,3.1,210,0,0,0
2005-11-05 03:00:00,15.6,72,3.1,220,0,0,0
2005-11-05 04:00:00,14.4,81,2.6,200,0,0,0
2005-11-05 05:00:00,13.9,83,2.1,280,0,0,0
2005-11-05 06:00:00,12.2,90,0.0,0,0,0,0
2005-11-05 07:00:00,12.8,89,0.0,0,0,0,0
2005-11-05 08:00:00,13.9,87,3.1,220,130,247,89
2005-11-05 09:00:00,16.1,78,3.1,230,229,240,150
2005-11-05 10:00:00,17.8,70,4.1,220,327,221,226
2005-11-05 11:00:00,18.9,65,4.1,230,538,678,168
2005-11-05 12:00:00,20.6,61,3.6,220,594,848,99
2005-11-05 13:00:00,21.1,57,4.6,170,554,741,131
2005-11-05 14:00:00,21.7,53,3.1,220,491,759,105
2005-11-05 15:00:00,21.1,55,3.6,190,369,690,93
2005-11-05 16:00:00,20.0,61,3.1,220,208,606,56
2005-11-05 17:00:00,18.3,68,1.5,230,36,235,18
2005-11-05 18:00:00,14.4,87,0.0,0,0,0,0
2005-11-05 19:00:00,11.7,96,0.0,0,0,0,0
2005-11-05 20:00:00,13.3,97,0.0,0,0,0,0
2005-11-05 21:00:00,10.0,100,0.0,0,0,0,0
2005-11-05 22:00:00,11.0,100,1.5,170,0,0,0
2005-11-05 23:00:00,13.3,93,2.1,180,0,0,0
2005-11-06 00:00:00,11.7,96,0.0,0,0,0,0
2005-11-06 01:00:00,11.1,97,1.5,150,0,0,0
2005-11-06 02:00:00,11.1,97,0.0,0,0,0,0
2005-11-06 03:00:00,10.6,100,1.5,160,0,0,0
2005-11-06 04:00:00,12.2,93,1.5,160,0,0,0
2005-11-06 05:00:00,12.8,93,2.6,170,0,0,0
2005-11-06 06:00:00,12.8,93,2.6,170,0,0,0
2005-11-06 07:00:00,12.8,93,2.1,170,0,0,0
2005-11-06 08:00:00,14.4,90,2.6,200,131,359,74
2005-11-06 09:00:00,17.2,78,3.1,210,280,569,95
2005-11-06 10:00:00,20.0,68,4.6,220,426,662,125
2005-11-06 11:00:00,21.7,59,5.7,200,519,721,130
2005-11-06 12:00:00,22.8,53,7.2,230,552,704,144
2005-11-06 13:00:00,22.8,53,7.7,210,566,807,108
2005-11-06 14:00:00,22.8,53,6.2,210,485,735,114
2005-11-06 15:00:00,22.8,53,5.2,200,358,643,103
2005-11-06 16:00:00,21.7,57,5.7,190,188,482,69
2005-11-06 17:00:00,20.6,61,4.6,170,35,241,18
2005-11-06 18:00:00,18.3,76,5.7,160,0,0,0
2005-11-06 19:00:00,17.8,75,0.0,0,0,0,0
2005-11-06 20:00:00,17.8,75,2.6,210,0,0,0
2005-11-06 21:00:00,20.0,61,5.2,220,0,0,0
2005-11-06 22:00:00,18.9,65,5.2,220,0,0,0
2005-11-06 23:00:00,18.9,65,5.7,260,0,0,0
2005-11-07 00:00:00,17.2,75,0.0,0,0,0,0
2005-11-07 01:00:00,14.4,87,0.0,0,0,0,0
2005-11-07 02:00:00,9.4,100,0.0,0,0,0,0
2005-11-07 03:00:00,8.9,100,0.0,0,0,0,0
2005-11-07 04:00:00,7.8,100,0.0,0,0,0,0
2005-11-07 05:00:00,7.2,100,0.0,0,0,0,0
2005-11-07 06:00:00,5.6,100,0.0,0,0,0,0
2005-11-07 07:00:00,6.1,100,0.0,0,0,0,0
2005-11-07 08:00:00,11.1,86,0.0,0,103,243,64
2005-11-07 09:00:00,15.6,57,3.6,320,295,646,88
2005-11-07 10:00:00,17.8,48,6.2,330,439,767,94
2005-11-07 11:00:00,18.9,73,8.2,300,520,751,117
2005-11-07 12:00:00,19.4,93,8.2,290,546,710,138
2005-11-07 13:00:00,19.4,84,4.6,300,542,741,125
2005-11-07 14:00:00,18.3,76,8.2,290,485,765,102
2005-11-07 15:00:00,17.2,78,5.2,320,363,695,90
2005-11-07 16:00:00,16.7,72,5.7,300,193,425,88
2005-11-07 17:00:00,12.2,80,2.1,290,24,65,19
2005-11-07 18:00:00,6.7,100,0.0,0,0,0,0
2005-11-07 19:00:00,6.7,85,0.0,0,0,0,0
2005-11-07 20:00:00,4.4,93,0.0,0,0,0,0
2005-11-07 21:00:00,5.6,89,0.0,0,0,0,0
2005-11-07 22:00:00,4.4,89,0.0,0,0,0,0
2005-11-07 23:00:00,3.3,97,0.0,0,0,0,0
2005-11-08 00:00:00,2.8,96,0.0,0,0,0,0
2005-11-08 01:00:00,7.8,76,3.1,190,0,0,0
2005-11-08 02:00:00,4.4,93,1.5,180,0,0,0
2005-11-08 03:00:00,7.8,93,0.0,0,0,0,0
2005-11-08 04:00:00,8.9,89,2.1,190,0,0,0
2005-11-08 05:00:00,10.0,93,0.0,0,0,0,0
2005-11-08 06:00:00,4.4,97,0.0,0,0,0,0
2005-11-08 07:00:00,3.9,100,0.0,0,0,0,0
2005-11-08 08:00:00,11.0,100,0.0,0,115,386,55
2005-11-08 09:00:00,13.9,80,3.1,220,288,647,84
2005-11-08 10:00:00,17.2,58,4.1,250,433,749,99
2005-11-08 11:00:00,19.4,42,6.7,260,495,648,150
2005-11-08 12:00:00,20.6,39,6.2,270,564,788,114
2005-11-08 13:00:00,21.1,39,4.1,230,560,771,129
2005-11-08 14:00:00,21.1,39,5.2,290,444,510,191
2005-11-08 15:00:00,20.0,45,3.1,250,211,93,175
2005-11-08 16:00:00,18.9,50,0.0,0,91,11,88
2005-11-08 17:00:00,16.1,67,0.0,0,18,13,17
2005-11-08 18:00:00,13.9,80,0.0,0,0,0,0
2005-11-08 19:00:00,10.6,89,0.0,0,0,0,0
2005-11-08 20:00:00,10.0,93,0.0,0,0,0,0
2005-11-08 21:00:00,8.9,96,0.0,0,0,0,0
2005-11-08 22:00:00,10.6,96,0.0,0,0,0,0
2005-11-08 23:00:00,12.2,86,0.0,0,0,0,0
2005-11-09 00:00:00,12.2,90,0.0,0,0,0,0
2005-11-09 01:00:00,11.7,96,0.0,0,0,0,0
2005-11-09 02:00:00,12.2,90,2.6,90,0,0,0
2005-11-09 03:00:00,12.8,86,3.6,80,0,0,0
2005-11-09 04:00:00,13.9,83,2.6,70,0,0,0
2005-11-09 05:00:00,12.8,89,3.1,80,0,0,0
2005-11-09 06:00:00,12.2,90,2.1,100,0,0,0
2005-11-09 07:00:00,12.2,93,2.6,90,0,0,0
2005-11-09 08:00:00,15.0,90,3.6,110,95,217,63
2005-11-09 09:00:00,16.7,84,3.1,140,275,590,90
2005-11-09 10:00:00,18.3,78,3.6,170,407,602,142
2005-11-09 11:00:00,20.0,70,4.1,190,464,539,179
2005-11-09 12:00:00,21.1,66,3.1,200,504,601,163
2005-11-09 13:00:00,21.1,63,4.6,210,525,651,163
2005-11-09 14:00:00,22.2,57,5.7,220,399,356,224
2005-11-09 15:00:00,22.8,53,4.6,190,151,18,145
2005-11-09 16:00:00,22.8,55,4.1,210,91,17,87
2005-11-09 17:00:00,20.0,73,4.6,170,28,93,22
2005-11-09 18:00:00,18.3,78,3.1,180,0,0,0
2005-11-09 19:00:00,18.9,75,5.2,180,0,0,0
2005-11-09 20:00:00,20.0,73,4.6,190,0,0,0
2005-11-09 21:00:00,21.1,68,6.7,200,0,0,0
2005-11-09 22:00:00,21.7,66,5.2,200,0,0,0
2005-11-09 23:00:00,21.7,63,7.7,210,0,0,0
2005-11-10 00:00:00,21.7,63,7.7,220,0,0,0
2005-11-10 01:00:00,21.1,66,5.2,210,0,0,0
2005-11-10 02:00:00,21.1,66,6.7,210,0,0,0
2005-11-10 03:00:00,20.6,68,5.7,230,0,0,0
2005-11-10 04:00:00,20.6,68,5.2,240,0,0,0
2005-11-10 05:00:00,16.7,96,4.1,290,0,0,0
2005-11-10 06:00:00,16.7,93,2.6,340,0,0,0
2005-11-10 07:00:00,13.9,57,5.2,320,0,0,0
2005-11-10 08:00:00,13.3,51,5.7,320,119,332,70
2005-11-10 09:00:00,12.2,54,6.2,330,246,426,115
2005-11-10 10:00:00,13.9,45,8.8,310,309,209,218
2005-11-10 11:00:00,13.3,42,8.8,320,476,509,210
2005-11-10 12:00:00,13.3,42,13.4,310,249,36,228
2005-11-10 13:00:00,12.2,43,9.3,310,248,24,234
2005-11-10 14:00:00,12.8,38,9.8,310,85,0,85
2005-11-10 15:00:00,12.2,41,10.3,320,54,0,54
2005-11-10 16:00:00,11.1,42,8.8,310,148,167,109
2005-11-10 17:00:00,10.0,41,8.2,310,29,146,20
2005-11-10 18:00:00,9.4,45,7.2,300,0,0,0
2005-11-10 19:00:00,7.8,50,4.6,310,0,0,0
2005-11-10 20:00:00,7.2,50,3.1,320,0,0,0
2005-11-10 21:00:00,4.4,58,3.6,320,0,0,0
2005-11-10 22:00:00,6.1,49,3.6,320,0,0,0
2005-11-10 23:00:00,3.3,63,2.6,300,0,0,0
2005-11-11 00:00:00,5.0,55,3.1,290,0,0,0
2005-11-11 01:00:00,5.6,56,3.1,300,0,0,0
2005-11-11 02:00:00,4.4,58,3.1,270,0,0,0
2005-11-11 03:00:00,2.2,68,2.1,270,0,0,0
2005-11-11 04:00:00,2.2,65,2.6,280,0,0,0
2005-11-11 05:00:00,1.1,73,2.1,270,0,0,0
2005-11-11 06:00:00,-0.6,83,0.0,0,0,0,0
2005-11-11 07:00:00,-1.7,91,0.0,0,0,0,0
2005-11-11 08:00:00,3.3,85,0.0,0,110,403,52
2005-11-11 09:00:00,8.9,56,6.2,300,283,662,82
2005-11-11 10:00:00,10.6,46,5.2,300,362,301,231
2005-11-11 11:00:00,11.1,42,5.7,320,82,0,82
2005-11-11 12:00:00,11.7,39,6.2,300,188,12,181
2005-11-11 13:00:00,11.7,37,7.7,320,542,556,238
2005-11-11 14:00:00,11.1,39,6.2,280,256,77,219
2005-11-11 15:00:00,11.7,37,4.6,320,340,484,157
2005-11-11 16:00:00,10.6,40,6.7,300,181,523,59
2005-11-11 17:00:00,8.9,47,4.1,290,24,178,13
2005-11-11 18:00:00,5.0,64,0.0,0,0,0,0
2005-11-11 19:00:00,2.2,81,0.0,0,0,0,0
2005-11-11 20:00:00,1.7,81,1.5,330,0,0,0
2005-11-11 21:00:00,-0.6,91,0.0,0,0,0,0
2005-11-11 22:00:00,-1.1,87,0.0,0,0,0,0
2005-11-11 23:00:00,-1.7,91,0.0,0,0,0,0
2005-11-12 00:00:00,-1.1,87,0.0,0,0,0,0
2005-11-12 01:00:00,-1.7,91,0.0,0,0,0,0
2005-11-12 02:00:00,-1.7,91,0.0,0,0,0,0
2005-11-12 03:00:00,-2.8,96,0.0,0,0,0,0
2005-11-12 04:00:00,-2.2,91,0.0,0,0,0,0
2005-11-12 05:00:00,-3.3,91,0.0,0,0,0,0
2005-11-12 06:00:00,-2.8,91,0.0,0,0,0,0
2005-11-12 07:00:00,-3.3,91,0.0,0,0,0,0
2005-11-12 08:00:00,0.0,91,0.0,0,101,345,53
2005-11-12 09:00:00,7.8,55,0.0,0,277,663,78
2005-11-12 10:00:00,11.7,42,0.0,0,421,768,92
2005-11-12 11:00:00,13.3,37,1.5,330,502,758,111
2005-11-12 12:00:00,13.9,35,0.0,0,552,818,98
2005-11-12 13:00:00,15.6,33,3.1,260,542,819,97
2005-11-12 14:00:00,15.6,31,3.6,250,472,782,96
2005-11-12 15:00:00,15.0,34,2.6,260,334,583,116
2005-11-12 16:00:00,14.4,35,2.6,220,185,584,51
2005-11-12 17:00:00,11.7,37,0.0,0,25,224,12
2005-11-12 18:00:00,5.0,67,2.6,150,0,0,0
2005-11-12 19:00:00,5.0,67,0.0,0,0,0,0
2005-11-12 20:00:00,5.0,67,0.0,0,0,0,0
2005-11-12 21:00:00,5.0,67,0.0,0,0,0,0
2005-11-12 22:00:00,2.2,81,0.0,0,0,0,0
2005-11-12 23:00:00,2.2,81,1.5,120,0,0,0
2005-11-13 00:00:00,1.7,84,1.5,140,0,0,0
2005-11-13 01:00:00,5.0,70,1.5,150,0,0,0
2005-11-13 02:00:00,5.6,67,1.5,160,0,0,0
2005-11-13 03:00:00,7.8,55,1.5,180,0,0,0
2005-11-13 04:00:00,5.6,64,1.5,170,0,0,0
2005-11-13 05:00:00,7.8,55,2.6,180,0,0,0
2005-11-13 06:00:00,3.9,72,1.5,140,0,0,0
2005-11-13 07:00:00,4.4,70,0.0,0,0,0,0
2005-11-13 08:00:00,8.9,51,2.6,170,69,54,61
2005-11-13 09:00:00,12.2,39,5.2,200,270,510,119
2005-11-13 10:00:00,15.6,31,3.6,210,409,719,103
2005-11-13 11:00:00,17.2,28,4.1,220,483,685,132
2005-11-13 12:00:00,17.8,29,6.2,220,546,758,129
2005-11-13 13:00:00,18.3,27,5.7,190,501,616,169
2005-11-13 14:00:00,18.9,24,5.2,230,461,776,90
2005-11-13 15:00:00,18.9,24,6.2,200,345,595,124
2005-11-13 16:00:00,17.8,27,5.2,200,147,261,88
2005-11-13 17:00:00,17.2,28,3.6,190,18,85,13
2005-11-13 18:00:00,15.6,30,3.1,160,0,0,0
2005-11-13 19:00:00,14.4,34,2.6,170,0,0,0
2005-11-13 20:00:00,14.4,34,2.1,180,0,0,0
2005-11-13 21:00:00,14.4,34,1.5,180,0,0,0
2005-11-13 22:00:00,13.9,35,0.0,0,0,0,0
2005-11-13 23:00:00,13.3,35,0.0,0,0,0,0
2005-11-14 00:00:00,15.0,81,2.6,220,0,0,0
2005-11-14 01:00:00,16.1,78,3.1,220,0,0,0
2005-11-14 02:00:00,15.6,80,2.6,220,0,0,0
2005-11-14 03:00:00,15.6,83,2.1,210,0,0,0
2005-11-14 04:00:00,15.0,87,3.1,210,0,0,0
2005-11-14 05:00:00,15.6,83,3.1,220,0,0,0
2005-11-14 06:00:00,15.6,83,3.6,210,0,0,0
2005-11-14 07:00:00,15.0,87,2.6,230,0,0,0
2005-11-14 08:00:00,15.6,86,2.1,240,93,312,52
2005-11-14 09:00:00,17.2,78,3.1,250,264,620,82
2005-11-14 10:00:00,18.9,70,3.6,250,396,664,116
2005-11-14 11:00:00,20.6,61,4.1,300,477,679,132
2005-11-14 12:00:00,21.7,55,4.1,320,528,704,143
2005-11-14 13:00:00,21.7,53,2.6,10,471,442,234
2005-11-14 14:00:00,21.7,51,2.6,360,216,95,171
2005-11-14 15:00:00,20.6,54,2.1,10,339,524,146
2005-11-14 16:00:00,20.0,59,0.0,0,156,294,90
2005-11-14 17:00:00,16.1,75,0.0,0,11,0,11
2005-11-14 18:00:00,14.4,84,0.0,0,0,0,0
2005-11-14 19:00:00,12.2,90,0.0,0,0,0,0
2005-11-14 20:00:00,10.0,93,0.0,0,0,0,0
2005-11-14 21:00:00,10.0,93,0.0,0,0,0,0
2005-11-14 22:00:00,13.3,67,0.0,0,0,0,0
2005-11-14 23:00:00,12.2,74,2.1,80,0,0,0
2005-11-15 00:00:00,12.8,69,3.6,110,0,0,0
2005-11-15 01:00:00,12.2,77,2.6,120,0,0,0
2005-11-15 02:00:00,12.2,80,0.0,0,0,0,0
2005-11-15 03:00:00,11.1,93,2.1,100,0,0,0
2005-11-15 04:00:00,12.2,97,2.1,120,0,0,0
2005-11-15 05:00:00,11.7,100,2.6,120,0,0,0
2005-11-15 06:00:00,12.8,100,1.5,130,0,0,0
2005-11-15 07:00:00,12.2,100,2.1,130,0,0,0
2005-11-15 08:00:00,15.0,96,2.6,160,72,63,64
2005-11-15 09:00:00,17.2,90,3.6,180,206,243,136
2005-11-15 10:00:00,18.3,87,3.6,180,185,25,175
2005-11-15 11:00:00,21.0,78,5.1,190,345,212,238
2005-11-15 12:00:00,22.2,73,3.6,180,492,403,273
2005-11-15 13:00:00,22.0,73,4.6,170,118,0,118
2005-11-15 14:00:00,21.1,76,5.7,170,97,0,97
2005-11-15 15:00:00,21.1,76,4.6,160,333,466,163
2005-11-15 16:00:00,20.0,78,5.2,170,80,17,76
2005-11-15 17:00:00,18.9,84,4.1,160,21,114,15
2005-11-15 18:00:00,17.8,90,3.6,160,0,0,0
2005-11-15 19:00:00,17.8,90,3.1,170,0,0,0
2005-11-15 20:00:00,18.9,84,5.7,160,0,0,0
2005-11-15 21:00:00,18.9,84,4.6,170,0,0,0
2005-11-15 22:00:00,18.9,84,5.2,170,0,0,0
2005-11-15 23:00:00,18.9,84,3.1,160,0,0,0
2005-11-16 00:00:00,18.3,87,3.6,170,0,0,0
2005-11-16 01:00:00,18.9,81,4.1,180,0,0,0
2005-11-16 02:00:00,19.4,79,4.1,170,0,0,0
2005-11-16 03:00:00,19.4,81,5.2,180,0,0,0
2005-11-16 04:00:00,20.0,78,4.1,190,0,0,0
2005-11-16 05:00:00,20.0,78,5.2,180,0,0,0
2005-11-16 06:00:00,18.9,84,5.2,180,0,0,0
2005-11-16 07:00:00,18.3,87,3.6,180,0,0,0
2005-11-16 08:00:00,18.9,87,5.2,170,86,271,52
2005-11-16 09:00:00,21.7,73,5.7,180,243,365,139
2005-11-16 10:00:00,22.8,68,6.7,190,198,37,183
2005-11-16 11:00:00,23.3,66,5.2,190,189,6,185
2005-11-16 12:00:00,24.0,65,7.7,190,225,18,215
2005-11-16 13:00:00,23.9,64,6.2,200,389,245,259
2005-11-16 14:00:00,23.9,66,5.7,170,364,332,209
2005-11-16 15:00:00,22.8,71,4.6,180,204,99,168
2005-11-16 16:00:00,22.2,73,4.6,170,75,0,75
2005-11-16 17:00:00,21.7,76,6.7,170,12,23,11
2005-11-16 18:00:00,21.1,76,6.2,180,0,0,0
2005-11-16 19:00:00,21.1,76,5.7,180,0,0,0
2005-11-16 20:00:00,21.7,73,5.7,200,0,0,0
2005-11-16 21:00:00,11.7,86,5.7,340,0,0,0
2005-11-16 22:00:00,9.0,93,5.7,340,0,0,0
2005-11-16 23:00:00,6.7,93,5.7,330,0,0,0
2005-11-17 00:00:00,7.2,93,3.6,340,0,0,0
2005-11-17 01:00:00,6.7,93,3.1,350,0,0,0
2005-11-17 02:00:00,6.7,96,0.0,0,0,0,0
2005-11-17 03:00:00,7.2,93,3.1,330,0,0,0
2005-11-17 04:00:00,7.2,80,3.6,340,0,0,0
2005-11-17 05:00:00,5.0,70,5.2,330,0,0,0
2005-11-17 06:00:00,3.9,69,4.1,330,0,0,0
2005-11-17 07:00:00,3.3,63,4.1,330,0,0,0
2005-11-17 08:00:00,3.9,57,4.6,330,100,314,62
2005-11-17 09:00:00,5.0,48,7.2,340,244,577,82
2005-11-17 10:00:00,6.1,47,5.7,320,384,696,98
2005-11-17 11:00:00,7.2,43,5.7,340,478,734,113
2005-11-17 12:00:00,7.8,42,6.2,310,510,752,107
2005-11-17 13:00:00,7.8,42,8.8,310,507,741,117
2005-11-17 14:00:00,7.2,40,7.2,310,432,705,104
2005-11-17 15:00:00,6.1,35,8.2,310,322,669,82
2005-11-17 16:00:00,5.6,38,7.7,320,168,525,56
2005-11-17 17:00:00,3.9,41,6.2,310,18,181,9
2005-11-17 18:00:00,3.3,43,5.7,330,0,0,0
2005-11-17 19:00:00,2.2,46,3.1,320,0,0,0
2005-11-17 20:00:00,1.7,50,5.2,330,0,0,0
2005-11-17 21:00:00,1.1,50,4.1,330,0,0,0
2005-11-17 22:00:00,0.6,52,3.1,330,0,0,0
2005-11-17 23:00:00,-0.6,60,3.6,320,0,0,0
2005-11-18 00:00:00,0.0,54,4.1,320,0,0,0
2005-11-18 01:00:00,-0.6,54,4.1,310,0,0,0
2005-11-18 02:00:00,-1.1,57,4.6,320,0,0,0
2005-11-18 03:00:00,-2.2,65,2.6,320,0,0,0
2005-11-18 04:00:00,-2.8,69,0.0,0,0,0,0
2005-11-18 05:00:00,-3.9,75,3.1,310,0,0,0
2005-11-18 06:00:00,-2.8,72,2.6,320,0,0,0
2005-11-18 07:00:00,-2.2,68,4.1,320,0,0,0
2005-11-18 08:00:00,-1.1,60,4.1,340,90,350,49
2005-11-18 09:00:00,0.6,54,5.2,340,245,610,75
2005-11-18 10:00:00,2.8,49,3.1,350,384,714,94
2005-11-18 11:00:00,3.3,45,2.6,350,447,625,138
2005-11-18 12:00:00,4.4,40,4.1,360,523,776,109
2005-11-18 13:00:00,4.4,40,4.6,300,518,813,94
2005-11-18 14:00:00,5.0,40,3.1,280,443,776,85
2005-11-18 15:00:00,5.0,38,3.1,300,322,681,79
2005-11-18 16:00:00,4.4,38,3.6,290,163,508,55
2005-11-18 17:00:00,2.2,51,3.6,290,15,140,9
2005-11-18 18:00:00,-0.6,57,3.1,310,0,0,0
2005-11-18 19:00:00,-2.2,75,0.0,0,0,0,0
2005-11-18 20:00:00,-3.3,79,0.0,0,0,0,0
2005-11-18 21:00:00,-5.0,91,0.0,0,0,0,0
2005-11-18 22:00:00,-5.0,86,0.0,0,0,0,0
2005-11-18 23:00:00,-5.0,91,0.0,0,0,0,0
2005-11-19 00:00:00,-5.6,91,0.0,0,0,0,0
2005-11-19 01:00:00,-6.1,86,0.0,0,0,0,0
2005-11-19 02:00:00,-5.6,87,0.0,0,0,0,0
2005-11-19 03:00:00,-6.1,86,0.0,0,0,0,0
2005-11-19 04:00:00,-7.2,86,0.0,0,0,0,0
2005-11-19 05:00:00,-7.2,86,0.0,0,0,0,0
2005-11-19 06:00:00,-7.8,96,0.0,0,0,0,0
2005-11-19 07:00:00,-6.7,87,0.0,0,0,0,0
2005-11-19 08:00:00,-3.9,91,0.0,0,93,280,61
2005-11-19 09:00:00,2.2,71,0.0,0,231,540,83
2005-11-19 10:00:00,6.7,37,0.0,0,385,739,87
2005-11-19 11:00:00,7.2,31,0.0,0,466,698,124
2005-11-19 12:00:00,8.9,26,1.5,320,523,800,99
2005-11-19 13:00:00,10.0,27,2.6,270,513,789,103
2005-11-19 14:00:00,10.0,27,0.0,0,426,699,106
2005-11-19 15:00:00,10.0,28,1.5,190,311,623,91
2005-11-19 16:00:00,9.4,36,4.6,140,158,469,60
2005-11-19 17:00:00,2.8,65,2.6,140,15,143,9
2005-11-19 18:00:00,1.7,74,0.0,0,0,0,0
2005-11-19 19:00:00,-1.7,87,0.0,0,0,0,0
2005-11-19 20:00:00,-1.1,83,0.0,0,0,0,0
2005-11-19 21:00:00,-1.7,87,0.0,0,0,0,0
2005-11-19 22:00:00,-3.3,91,0.0,0,0,0,0
2005-11-19 23:00:00,-1.7,87,0.0,0,0,0,0
2005-11-20 00:00:00,-2.2,91,0.0,0,0,0,0
2005-11-20 01:00:00,-1.7,87,0.0,0,0,0,0
2005-11-20 02:00:00,-2.8,96,0.0,0,0,0,0
2005-11-20 03:00:00,-2.2,91,0.0,0,0,0,0
2005-11-20 04:00:00,-2.8,91,0.0,0,0,0,0
2005-11-20 05:00:00,-2.8,91,0.0,0,0,0,0
2005-11-20 06:00:00,-2.8,91,0.0,0,0,0,0
2005-11-20 07:00:00,-1.1,95,0.0,0,0,0,0
2005-11-20 08:00:00,0.6,96,0.0,0,68,133,53
2005-11-20 09:00:00,7.2,82,0.0,0,239,599,77
2005-11-20 10:00:00,10.6,65,2.6,220,378,715,93
2005-11-20 11:00:00,12.2,49,2.6,230,466,728,112
2005-11-20 12:00:00,14.4,37,3.6,240,492,710,119
2005-11-20 13:00:00,14.4,39,2.1,230,495,735,116
2005-11-20 14:00:00,15.0,33,3.1,240,420,681,110
2005-11-20 15:00:00,15.0,33,4.1,240,311,640,86
2005-11-20 16:00:00,13.9,40,2.6,260,153,446,60
2005-11-20 17:00:00,12.2,47,0.0,0,14,152,8
2005-11-20 18:00:00,3.3,85,0.0,0,0,0,0
2005-11-20 19:00:00,2.2,89,0.0,0,0,0,0
2005-11-20 20:00:00,3.3,85,0.0,0,0,0,0
2005-11-20 21:00:00,3.3,92,0.0,0,0,0,0
2005-11-20 22:00:00,5.6,89,0.0,0,0,0,0
2005-11-20 23:00:00,4.4,97,0.0,0,0,0,0
2005-11-21 00:00:00,3.9,96,0.0,0,0,0,0
2005-11-21 01:00:00,5.6,92,0.0,0,0,0,0
2005-11-21 02:00:00,6.1,97,2.1,110,0,0,0
2005-11-21 03:00:00,6.7,93,0.0,0,0,0,0
2005-11-21 04:00:00,4.4,97,0.0,0,0,0,0
2005-11-21 05:00:00,5.6,96,1.5,100,0,0,0
2005-11-21 06:00:00,6.1,97,0.0,0,0,0,0
2005-11-21 07:00:00,5.6,100,3.1,120,0,0,0
2005-11-21 08:00:00,8.9,96,0.0,0,42,0,42
2005-11-21 09:00:00,10.0,96,0.0,0,68,0,68
2005-11-21 10:00:00,10.6,100,0.0,0,73,0,73
2005-11-21 11:00:00,11.1,100,0.0,0,82,0,82
2005-11-21 12:00:00,11.1,100,0.0,0,85,0,85
2005-11-21 13:00:00,11.1,100,0.0,0,82,0,82
2005-11-21 14:00:00,11.1,100,0.0,0,68,0,68
2005-11-21 15:00:00,11.1,100,2.6,80,48,0,48
2005-11-21 16:00:00,11.1,100,0.0,0,32,0,32
2005-11-21 17:00:00,11.1,100,2.6,20,5,0,5
2005-11-21 18:00:00,11.0,100,3.1,40,0,0,0
2005-11-21 19:00:00,11.7,100,1.5,10,0,0,0
2005-11-21 20:00:00,12.0,100,3.1,40,0,0,0
2005-11-21 21:00:00,12.2,97,4.6,50,0,0,0
2005-11-21 22:00:00,11.7,100,4.6,50,0,0,0
2005-11-21 23:00:00,11.7,100,4.6,40,0,0,0
2005-11-22 00:00:00,11.1,100,3.6,20,0,0,0
2005-11-22 01:00:00,10.6,96,4.6,320,0,0,0
2005-11-22 02:00:00,10.0,96,3.1,340,0,0,0
2005-11-22 03:00:00,8.9,96,4.1,360,0,0,0
2005-11-22 04:00:00,8.9,96,5.2,360,0,0,0
2005-11-22 05:00:00,8.9,96,5.2,360,0,0,0
2005-11-22 06:00:00,8.0,100,3.6,350,0,0,0
2005-11-22 07:00:00,8.3,93,4.1,10,0,0,0
2005-11-22 08:00:00,7.8,93,8.2,310,44,0,44
2005-11-22 09:00:00,6.7,96,8.8,310,38,0,38
2005-11-22 10:00:00,7.0,93,10.8,300,133,0,133
2005-11-22 11:00:00,6.1,93,12.4,310,82,0,82
2005-11-22 12:00:00,6.1,93,10.8,300,146,0,146
2005-11-22 13:00:00,6.7,89,10.3,300,177,6,174
2005-11-22 14:00:00,8.0,76,9.8,300,74,0,74
2005-11-22 15:00:00,8.3,71,8.8,300,193,116,152
2005-11-22 16:00:00,8.3,65,7.7,290,162,363,88
2005-11-22 17:00:00,8.3,60,6.7,280,12,109,8
2005-11-22 18:00:00,7.8,60,6.7,290,0,0,0
2005-11-22 19:00:00,7.8,60,6.7,290,0,0,0
2005-11-22 20:00:00,6.1,51,8.2,310,0,0,0
2005-11-22 21:00:00,5.0,53,6.7,300,0,0,0
2005-11-22 22:00:00,4.4,51,5.2,310,0,0,0
2005-11-22 23:00:00,4.4,51,7.7,300,0,0,0
2005-11-23 00:00:00,3.9,47,10.3,300,0,0,0
2005-11-23 01:00:00,2.8,51,7.7,300,0,0,0
2005-11-23 02:00:00,2.2,53,5.7,310,0,0,0
2005-11-23 03:00:00,1.7,48,7.7,310,0,0,0
2005-11-23 04:00:00,1.1,50,7.2,300,0,0,0
2005-11-23 05:00:00,0.6,47,7.7,300,0,0,0
2005-11-23 06:00:00,0.6,45,8.2,300,0,0,0
2005-11-23 07:00:00,0.0,45,5.7,290,0,0,0
2005-11-23 08:00:00,0.6,43,7.2,290,60,61,54
2005-11-23 09:00:00,1.7,40,6.7,290,227,563,80
2005-11-23 10:00:00,2.2,38,8.8,300,366,704,93
2005-11-23 11:00:00,2.8,38,9.8,290,460,747,105
2005-11-23 12:00:00,2.8,38,6.7,290,493,602,182
2005-11-23 13:00:00,2.8,40,6.2,290,289,96,240
2005-11-23 14:00:00,3.9,39,6.7,270,409,568,154
2005-11-23 15:00:00,3.9,37,6.2,260,294,575,96
2005-11-23 16:00:00,3.9,41,3.6,240,152,478,56
2005-11-23 17:00:00,2.2,51,0.0,0,11,111,7
2005-11-23 18:00:00,-0.6,76,0.0,0,0,0,0
2005-11-23 19:00:00,-2.2,79,0.0,0,0,0,0
2005-11-23 20:00:00,-1.7,87,2.1,150,0,0,0
2005-11-23 21:00:00,1.1,67,2.1,160,0,0,0
2005-11-23 22:00:00,2.2,53,2.1,190,0,0,0
2005-11-23 23:00:00,3.3,79,5.2,240,0,0,0
2005-11-24 00:00:00,2.8,85,2.6,180,0,0,0
2005-11-24 01:00:00,2.8,92,2.6,140,0,0,0
2005-11-24 02:00:00,3.9,79,3.6,160,0,0,0
2005-11-24 03:00:00,4.4,73,3.1,170,0,0,0
2005-11-24 04:00:00,7.2,63,5.2,220,0,0,0
2005-11-24 05:00:00,6.7,65,4.6,230,0,0,0
2005-11-24 06:00:00,7.2,65,5.2,230,0,0,0
2005-11-24 07:00:00,7.2,65,5.7,240,0,0,0
2005-11-24 08:00:00,8.3,65,5.2,230,47,0,47
2005-11-24 09:00:00,8.9,66,4.6,230,46,0,46
2005-11-24 10:00:00,10.0,63,5.2,240,87,0,87
2005-11-24 11:00:00,12.2,57,6.2,270,378,346,215
2005-11-24 12:00:00,13.3,47,8.8,250,481,674,135
2005-11-24 13:00:00,13.9,51,5.7,250,501,753,122
2005-11-24 14:00:00,13.9,49,6.7,250,409,627,129
2005-11-24 15:00:00,13.9,51,4.6,250,283,505,111
2005-11-24 16:00:00,13.9,51,3.1,260,152,472,57
2005-11-24 17:00:00,10.6,65,0.0,0,11,125,7
2005-11-24 18:00:00,10.0,58,7.2,310,0,0,0
2005-11-24 19:00:00,5.6,58,9.8,330,0,0,0
2005-11-24 20:00:00,3.3,49,9.3,320,0,0,0
2005-11-24 21:00:00,0.6,37,9.8,320,0,0,0
2005-11-24 22:00:00,-0.6,41,6.2,320,0,0,0
2005-11-24 23:00:00,-1.7,31,8.2,320,0,0,0
2005-11-25 00:00:00,-2.2,31,6.2,330,0,0,0
2005-11-25 01:00:00,-2.8,28,7.2,320,0,0,0
2005-11-25 02:00:00,-2.8,26,10.8,330,0,0,0
2005-11-25 03:00:00,-2.8,26,6.7,320,0,0,0
2005-11-25 04:00:00,-3.9,26,6.7,330,0,0,0
2005-11-25 05:00:00,-4.4,33,6.7,320,0,0,0
2005-11-25 06:00:00,-4.4,33,4.6,320,0,0,0
2005-11-25 07:00:00,-5.6,41,3.6,300,0,0,0
2005-11-25 08:00:00,-3.9,37,2.6,290,0,0,0
2005-11-25 09:00:00,-2.2,31,7.2,290,213,506,85
2005-11-25 10:00:00,-0.6,28,6.2,310,354,667,99
2005-11-25 11:00:00,0.0,30,6.2,310,448,741,100
2005-11-25 12:00:00,1.1,31,5.7,300,475,692,122
2005-11-25 13:00:00,1.1,32,4.1,300,489,759,109
2005-11-25 14:00:00,1.7,32,3.6,330,409,681,107
2005-11-25 15:00:00,1.7,31,0.0,0,304,674,76
2005-11-25 16:00:00,1.1,32,2.6,280,147,460,56
2005-11-25 17:00:00,-0.6,41,0.0,0,11,130,6
2005-11-25 18:00:00,-1.7,49,0.0,0,0,0,0
2005-11-25 19:00:00,-3.3,65,0.0,0,0,0,0
2005-11-25 20:00:00,-4.4,71,0.0,0,0,0,0
2005-11-25 21:00:00,-6.7,87,0.0,0,0,0,0
2005-11-25 22:00:00,-6.1,83,0.0,0,0,0,0
2005-11-25 23:00:00,-6.1,83,0.0,0,0,0,0
2005-11-26 00:00:00,-7.8,87,0.0,0,0,0,0
2005-11-26 01:00:00,-7.2,82,0.0,0,0,0,0
2005-11-26 02:00:00,-7.8,82,0.0,0,0,0,0
2005-11-26 03:00:00,-7.8,82,0.0,0,0,0,0
2005-11-26 04:00:00,-7.2,86,0.0,0,0,0,0
2005-11-26 05:00:00,-6.7,83,0.0,0,0,0,0
2005-11-26 06:00:00,-6.7,87,0.0,0,0,0,0
2005-11-26 07:00:00,-7.8,87,0.0,0,0,0,0
2005-11-26 08:00:00,-3.9,86,0.0,0,0,0,0
2005-11-26 09:00:00,-0.6,69,0.0,0,183,286,112
2005-11-26 10:00:00,3.3,26,0.0,0,354,655,106
2005-11-26 11:00:00,5.0,23,0.0,0,429,668,118
2005-11-26 12:00:00,7.2,24,4.1,220,481,746,102
2005-11-26 13:00:00,7.2,27,3.6,220,489,783,99
2005-11-26 14:00:00,8.9,28,5.2,200,426,781,82
2005-11-26 15:00:00,8.9,30,2.6,170,294,610,88
2005-11-26 16:00:00,6.7,57,3.6,140,142,422,59
2005-11-26 17:00:00,3.3,72,2.1,120,10,129,6
2005-11-26 18:00:00,1.1,80,0.0,0,0,0,0
2005-11-26 19:00:00,-1.1,91,0.0,0,0,0,0
2005-11-26 20:00:00,-3.3,91,0.0,0,0,0,0
2005-11-26 21:00:00,-3.3,95,0.0,0,0,0,0
2005-11-26 22:00:00,-1.7,96,0.0,0,0,0,0
2005-11-26 23:00:00,-2.8,96,0.0,0,0,0,0
2005-11-27 00:00:00,-2.8,91,0.0,0,0,0,0
2005-11-27 01:00:00,-3.3,91,0.0,0,0,0,0
2005-11-27 02:00:00,-2.8,96,0.0,0,0,0,0
2005-11-27 03:00:00,-2.2,95,0.0,0,0,0,0
2005-11-27 04:00:00,-2.8,91,0.0,0,0,0,0
2005-11-27 05:00:00,-3.9,96,0.0,0,0,0,0
2005-11-27 06:00:00,-2.8,91,0.0,0,0,0,0
2005-11-27 07:00:00,-3.3,95,0.0,0,0,0,0
2005-11-27 08:00:00,-1.1,91,0.0,0,0,0,0
2005-11-27 09:00:00,5.6,89,0.0,0,207,443,98
2005-11-27 10:00:00,10.6,74,3.1,100,335,569,121
2005-11-27 11:00:00,11.7,68,3.1,140,335,261,214
2005-11-27 12:00:00,13.9,49,4.1,130,444,524,180
2005-11-27 13:00:00,14.4,46,4.1,120,483,604,184
2005-11-27 14:00:00,13.3,53,5.2,100,272,154,205
2005-11-27 15:00:00,12.2,74,2.6,120,294,424,151
2005-11-27 16:00:00,11.7,80,2.1,90,46,0,46
2005-11-27 17:00:00,11.1,86,0.0,0,7,31,6
2005-11-27 18:00:00,11.1,86,2.1,70,0,0,0
2005-11-27 19:00:00,10.6,89,2.6,70,0,0,0
2005-11-27 20:00:00,10.6,92,3.1,90,0,0,0
2005-11-27 21:00:00,10.6,96,2.1,90,0,0,0
2005-11-27 22:00:00,8.9,100,2.6,90,0,0,0
2005-11-27 23:00:00,11.1,100,3.6,80,0,0,0
2005-11-28 00:00:00,11.1,97,2.6,90,0,0,0
2005-11-28 01:00:00,11.1,93,0.0,0,0,0,0
2005-11-28 02:00:00,6.1,100,1.5,60,0,0,0
2005-11-28 03:00:00,8.3,100,0.0,0,0,0,0
2005-11-28 04:00:00,10.0,100,2.1,80,0,0,0
2005-11-28 05:00:00,10.0,100,1.5,120,0,0,0
2005-11-28 06:00:00,10.6,100,2.1,80,0,0,0
2005-11-28 07:00:00,8.9,100,2.6,100,0,0,0
2005-11-28 08:00:00,12.8,96,2.6,100,0,0,0
2005-11-28 09:00:00,15.0,90,3.1,120,108,13,105
2005-11-28 10:00:00,17.8,78,4.1,130,101,0,101
2005-11-28 11:00:00,21.1,61,6.7,150,310,201,217
2005-11-28 12:00:00,20.6,63,8.2,140,353,217,245
2005-11-28 13:00:00,19.4,70,5.7,150,224,36,206
2005-11-28 14:00:00,20.6,65,5.2,160,306,225,208
2005-11-28 15:00:00,18.9,70,8.2,150,213,180,153
2005-11-28 16:00:00,17.8,75,5.2,150,128,328,64
2005-11-28 17:00:00,17.2,78,5.7,140,7,34,6
2005-11-28 18:00:00,17.2,78,4.1,140,0,0,0
2005-11-28 19:00:00,16.7,78,5.2,160,0,0,0
2005-11-28 20:00:00,15.0,87,4.1,140,0,0,0
2005-11-28 21:00:00,16.1,83,4.6,140,0,0,0
2005-11-28 22:00:00,15.6,83,5.2,140,0,0,0
2005-11-28 23:00:00,15.6,83,4.6,140,0,0,0
2005-11-29 00:00:00,16.1,81,6.2,150,0,0,0
2005-11-29 01:00:00,15.6,80,5.2,140,0,0,0
2005-11-29 02:00:00,15.0,83,3.6,130,0,0,0
2005-11-29 03:00:00,15.6,86,4.6,130,0,0,0
2005-11-29 04:00:00,16.1,87,6.2,150,0,0,0
2005-11-29 05:00:00,16.7,86,6.2,140,0,0,0
2005-11-29 06:00:00,16.7,86,5.7,150,0,0,0
2005-11-29 07:00:00,16.7,86,5.7,140,0,0,0
2005-11-29 08:00:00,17.8,84,6.2,140,0,0,0
2005-11-29 09:00:00,18.3,81,6.2,150,139,118,111
2005-11-29 10:00:00,20.0,73,8.8,160,282,303,170
2005-11-29 11:00:00,20.6,68,7.7,160,177,12,172
2005-11-29 12:00:00,20.6,70,9.3,160,292,102,241
2005-11-29 13:00:00,20.6,70,9.3,160,242,24,230
2005-11-29 14:00:00,20.0,76,8.2,160,176,12,171
2005-11-29 15:00:00,19.4,79,8.2,150,101,0,101
2005-11-29 16:00:00,19.4,79,8.2,150,87,66,74
2005-11-29 17:00:00,18.3,84,8.2,150,7,34,6
2005-11-29 18:00:00,18.9,81,8.2,150,0,0,0
2005-11-29 19:00:00,18.9,84,6.2,150,0,0,0
2005-11-29 20:00:00,17.8,96,6.2,160,0,0,0
2005-11-29 21:00:00,17.8,29,8.8,170,0,0,0
2005-11-29 22:00:00,17.8,29,6.7,170,0,0,0
2005-11-29 23:00:00,18.0,27,8.2,170,0,0,0
2005-11-30 00:00:00,17.8,26,3.6,170,0,0,0
2005-11-30 01:00:00,17.8,93,3.6,250,0,0,0
2005-11-30 02:00:00,17.2,54,2.1,210,0,0,0
2005-11-30 03:00:00,16.7,96,3.6,200,0,0,0
2005-11-30 04:00:00,15.6,96,2.1,170,0,0,0
2005-11-30 05:00:00,14.4,100,2.1,310,0,0,0
2005-11-30 06:00:00,14.4,87,2.1,300,0,0,0
2005-11-30 07:00:00,13.0,94,0.0,0,0,0,0
2005-11-30 08:00:00,12.2,93,2.6,340,0,0,0
2005-11-30 09:00:00,12.2,83,2.1,340,217,478,104
2005-11-30 10:00:00,12.8,77,3.6,340,289,396,144
2005-11-30 11:00:00,13.9,72,5.2,350,418,632,130
2005-11-30 12:00:00,15.0,67,6.7,320,481,777,96
2005-11-30 13:00:00,15.0,64,4.6,340,483,801,92
2005-11-30 14:00:00,14.4,60,4.6,330,403,704,98
2005-11-30 15:00:00,13.9,59,4.6,320,299,679,74
2005-11-30 16:00:00,12.2,61,4.6,330,146,492,52
2005-11-30 17:00:00,10.0,68,4.6,320,10,143,6
2005-11-30 18:00:00,8.3,76,3.1,320,0,0,0
2005-11-30 19:00:00,8.9,66,3.6,340,0,0,0
2005-11-30 20:00:00,7.8,68,4.1,340,0,0,0
2005-11-30 21:00:00,7.2,63,5.7,340,0,0,0
2005-11-30 22:00:00,6.3,67,5.2,330,0,0,0
2005-11-30 23:00:00,5.5,64,4.8,350,0,0,0
2005-12-01 00:00:00,4.6,69,4.3,340,0,0,0
1994-12-01 01:00:00,3.7,73,3.9,30,0,0,0
1994-12-01 02:00:00,2.8,75,3.4,0,0,0,0
1994-12-01 03:00:00,2.0,64,3.0,350,0,0,0
1994-12-01 04:00:00,1.1,67,2.5,20,0,0,0
1994-12-01 05:00:00,-1.2,80,0.0,0,0,0,0
1994-12-01 06:00:00,-0.4,74,1.3,350,0,0,0
1994-12-01 07:00:00,0.5,70,2.5,340,0,0,0
1994-12-01 08:00:00,2.2,71,0.0,0,43,292,20
1994-12-01 09:00:00,5.0,63,5.1,340,192,639,42
1994-12-01 10:00:00,7.7,53,3.0,20,340,783,56
1994-12-01 11:00:00,8.3,48,5.1,360,448,848,65
1994-12-01 12:00:00,9.4,49,5.1,340,500,873,70
1994-12-01 13:00:00,9.4,47,4.1,320,491,869,69
1994-12-01 14:00:00,10.0,47,3.6,290,421,833,63
1994-12-01 15:00:00,9.4,49,4.6,360,298,751,52
1994-12-01 16:00:00,8.3,51,5.1,340,144,565,37
1994-12-01 17:00:00,6.1,51,3.6,350,18,151,9
1994-12-01 18:00:00,2.7,78,0.0,0,0,0,0
1994-12-01 19:00:00,0.5,84,0.0,0,0,0,0
1994-12-01 20:00:00,-0.6,87,0.0,0,0,0,0
1994-12-01 21:00:00,-1.2,87,0.0,0,0,0,0
1994-12-01 22:00:00,-0.6,83,0.0,0,0,0,0
1994-12-01 23:00:00,-2.8,95,0.0,0,0,0,0
1994-12-02 00:00:00,-2.8,91,0.0,0,0,0,0
1994-12-02 01:00:00,-3.4,91,0.0,0,0,0,0
1994-12-02 02:00:00,-3.9,91,0.0,0,0,0,0
1994-12-02 03:00:00,-3.9,91,0.0,0,0,0,0
1994-12-02 04:00:00,-4.5,91,0.0,0,0,0,0
1994-12-02 05:00:00,-4.5,91,0.0,0,0,0,0
1994-12-02 06:00:00,-4.5,91,0.0,0,0,0,0
1994-12-02 07:00:00,-3.9,91,0.0,0,0,0,0
1994-12-02 08:00:00,-1.7,87,0.0,0,43,308,19
1994-12-02 09:00:00,6.1,76,2.5,210,191,654,39
1994-12-02 10:00:00,9.4,68,3.6,210,338,795,52
1994-12-02 11:00:00,11.6,54,5.1,240,446,858,61
1994-12-02 12:00:00,12.7,53,5.1,250,498,882,65
1994-12-02 13:00:00,13.3,47,6.6,260,489,879,64
1994-12-02 14:00:00,13.3,45,5.1,240,420,845,59
1994-12-02 15:00:00,12.7,49,5.1,240,299,765,48
1994-12-02 16:00:00,11.6,52,5.1,240,145,585,35
1994-12-02 17:00:00,8.3,63,4.1,240,18,168,9
1994-12-02 18:00:00,7.2,68,2.5,220,0,0,0
1994-12-02 19:00:00,6.1,73,0.0,0,0,0,0
1994-12-02 20:00:00,4.4,82,0.0,0,0,0,0
1994-12-02 21:00:00,3.3,89,1.5,240,0,0,0
1994-12-02 22:00:00,4.4,93,4.1,240,0,0,0
1994-12-02 23:00:00,5.0,92,2.5,230,0,0,0
1994-12-03 00:00:00,2.2,96,0.0,0,0,0,0
1994-12-03 01:00:00,0.5,96,1.5,140,0,0,0
1994-12-03 02:00:00,0.0,91,0.0,0,0,0,0
1994-12-03 03:00:00,-0.6,100,0.0,0,0,0,0
1994-12-03 04:00:00,0.0,95,0.0,0,0,0,0
1994-12-03 05:00:00,1.6,96,2.0,230,0,0,0
1994-12-03 06:00:00,-0.6,100,2.0,140,0,0,0
1994-12-03 07:00:00,-0.6,100,2.0,120,0,0,0
1994-12-03 08:00:00,0.5,92,2.0,210,45,235,27
1994-12-03 09:00:00,6.6,97,2.0,200,77,0,77
1994-12-03 10:00:00,10.0,79,4.1,200,131,0,131
1994-12-03 11:00:00,13.3,59,4.1,220,135,0,135
1994-12-03 12:00:00,15.0,57,5.1,220,149,0,149
1994-12-03 13:00:00,16.1,53,4.1,230,147,0,147
1994-12-03 14:00:00,16.6,48,3.0,240,128,0,128
1994-12-03 15:00:00,16.6,52,4.1,240,94,0,94
1994-12-03 16:00:00,15.4,57,3.3,220,61,0,61
1994-12-03 17:00:00,13.3,67,2.5,200,8,0,8
1994-12-03 18:00:00,13.3,67,1.5,180,0,0,0
1994-12-03 19:00:00,13.3,80,2.0,200,0,0,0
1994-12-03 20:00:00,13.3,83,1.5,220,0,0,0
1994-12-03 21:00:00,13.3,87,2.0,210,0,0,0
1994-12-03 22:00:00,13.3,89,2.5,200,0,0,0
1994-12-03 23:00:00,13.3,93,2.5,210,0,0,0
1994-12-04 00:00:00,13.8,90,2.5,210,0,0,0
1994-12-04 01:00:00,14.4,87,1.5,230,0,0,0
1994-12-04 02:00:00,14.4,87,2.0,230,0,0,0
1994-12-04 03:00:00,14.4,87,2.5,230,0,0,0
1994-12-04 04:00:00,13.8,87,2.0,230,0,0,0
1994-12-04 05:00:00,13.8,87,1.5,230,0,0,0
1994-12-04 06:00:00,13.8,90,2.0,230,0,0,0
1994-12-04 07:00:00,13.8,87,2.0,230,0,0,0
1994-12-04 08:00:00,13.8,87,2.5,220,13,0,13
1994-12-04 09:00:00,14.9,86,2.3,240,58,0,58
1994-12-04 10:00:00,16.1,83,2.0,260,100,0,100
1994-12-04 11:00:00,16.6,84,1.5,210,131,0,131
1994-12-04 12:00:00,17.2,84,2.5,240,146,0,146
1994-12-04 13:00:00,16.1,93,2.5,240,144,0,144
1994-12-04 14:00:00,16.1,100,2.0,210,125,0,125
1994-12-04 15:00:00,16.1,100,0.0,0,90,0,90
1994-12-04 16:00:00,15.5,100,0.0,0,46,0,46
1994-12-04 17:00:00,15.0,100,2.0,190,6,0,6
1994-12-04 18:00:00,14.4,100,2.0,180,0,0,0
1994-12-04 19:00:00,14.4,100,2.0,120,0,0,0
1994-12-04 20:00:00,14.4,100,0.0,0,0,0,0
1994-12-04 21:00:00,13.8,100,0.0,0,0,0,0
1994-12-04 22:00:00,13.8,100,3.0,230,0,0,0
1994-12-04 23:00:00,13.8,100,3.6,120,0,0,0
1994-12-05 00:00:00,13.8,100,4.1,100,0,0,0
1994-12-05 01:00:00,14.4,100,3.6,110,0,0,0
1994-12-05 02:00:00,15.0,100,3.6,110,0,0,0
1994-12-05 03:00:00,15.0,100,4.1,120,0,0,0
1994-12-05 04:00:00,16.1,100,4.1,130,0,0,0
1994-12-05 05:00:00,16.6,100,4.6,170,0,0,0
1994-12-05 06:00:00,16.6,100,5.1,170,0,0,0
1994-12-05 07:00:00,17.2,100,4.1,160,0,0,0
1994-12-05 08:00:00,17.7,100,4.6,210,9,0,9
1994-12-05 09:00:00,18.8,100,5.6,200,39,0,39
1994-12-05 10:00:00,19.4,100,5.6,200,68,0,68
1994-12-05 11:00:00,20.0,96,5.1,200,90,0,90
1994-12-05 12:00:00,19.4,96,5.1,210,120,0,120
1994-12-05 13:00:00,19.4,96,5.1,220,99,0,99
1994-12-05 14:00:00,20.0,93,5.1,210,102,0,102
1994-12-05 15:00:00,20.0,93,5.1,210,74,0,74
1994-12-05 16:00:00,20.0,93,5.1,220,44,0,44
1994-12-05 17:00:00,19.4,93,5.1,240,14,7,13
1994-12-05 18:00:00,17.7,97,3.0,240,0,0,0
1994-12-05 19:00:00,16.6,93,4.1,240,0,0,0
1994-12-05 20:00:00,17.7,93,3.0,240,0,0,0
1994-12-05 21:00:00,17.7,97,4.1,260,0,0,0
1994-12-05 22:00:00,17.7,97,3.6,280,0,0,0
1994-12-05 23:00:00,17.2,93,3.0,270,0,0,0
1994-12-06 00:00:00,17.2,90,4.1,300,0,0,0
1994-12-06 01:00:00,16.4,90,3.3,290,0,0,0
1994-12-06 02:00:00,15.5,90,2.5,270,0,0,0
1994-12-06 03:00:00,14.4,93,2.0,310,0,0,0
1994-12-06 04:00:00,13.8,97,2.5,320,0,0,0
1994-12-06 05:00:00,13.8,97,2.0,320,0,0,0
1994-12-06 06:00:00,13.3,100,2.0,330,0,0,0
1994-12-06 07:00:00,11.1,100,0.0,0,0,0,0
1994-12-06 08:00:00,11.1,100,2.0,230,18,0,18
1994-12-06 09:00:00,13.8,91,26.7,180,62,0,62
1994-12-06 10:00:00,16.6,81,0.0,0,113,0,113
1994-12-06 11:00:00,18.8,65,3.0,340,152,0,152
1994-12-06 12:00:00,19.4,63,2.5,350,171,0,171
1994-12-06 13:00:00,19.4,63,0.0,0,169,0,169
1994-12-06 14:00:00,19.4,63,2.5,300,145,0,145
1994-12-06 15:00:00,19.4,61,2.5,340,102,0,102
1994-12-06 16:00:00,18.8,65,0.0,0,50,0,50
1994-12-06 17:00:00,16.1,75,0.8,290,13,16,12
1994-12-06 18:00:00,13.8,87,1.5,220,0,0,0
1994-12-06 19:00:00,13.3,89,0.0,0,0,0,0
1994-12-06 20:00:00,11.1,96,0.0,0,0,0,0
1994-12-06 21:00:00,11.1,96,0.0,0,0,0,0
1994-12-06 22:00:00,10.5,97,0.0,0,0,0,0
1994-12-06 23:00:00,11.1,89,3.0,210,0,0,0
1994-12-07 00:00:00,11.6,86,3.0,200,0,0,0
1994-12-07 01:00:00,11.6,90,3.0,190,0,0,0
1994-12-07 02:00:00,11.1,93,3.6,200,0,0,0
1994-12-07 03:00:00,11.0,95,3.3,210,0,0,0
1994-12-07 04:00:00,11.1,96,3.0,220,0,0,0
1994-12-07 05:00:00,12.2,93,3.0,220,0,0,0
1994-12-07 06:00:00,12.2,96,3.6,210,0,0,0
1994-12-07 07:00:00,12.7,97,4.1,220,0,0,0
1994-12-07 08:00:00,13.8,97,4.6,220,26,18,25
1994-12-07 09:00:00,16.6,84,5.6,220,131,55,119
1994-12-07 10:00:00,18.8,76,5.6,220,126,176,65
1994-12-07 11:00:00,19.5,74,6.7,230,346,318,207
1994-12-07 12:00:00,20.0,73,7.7,240,302,313,151
1994-12-07 13:00:00,20.0,73,5.1,240,366,326,211
1994-12-07 14:00:00,20.0,70,5.1,240,185,137,127
1994-12-07 15:00:00,20.0,67,5.1,240,151,141,105
1994-12-07 16:00:00,18.8,73,3.6,250,51,70,38
1994-12-07 17:00:00,17.2,75,2.5,250,11,35,9
1994-12-07 18:00:00,16.1,80,0.0,0,0,0,0
1994-12-07 19:00:00,17.2,72,2.5,280,0,0,0
1994-12-07 20:00:00,17.2,70,5.1,280,0,0,0
1994-12-07 21:00:00,17.7,65,6.1,280,0,0,0
1994-12-07 22:00:00,17.2,67,4.1,280,0,0,0
1994-12-07 23:00:00,16.1,57,9.2,320,0,0,0
1994-12-08 00:00:00,10.0,71,8.7,340,0,0,0
1994-12-08 01:00:00,6.6,65,8.2,350,0,0,0
1994-12-08 02:00:00,5.0,67,7.7,360,0,0,0
1994-12-08 03:00:00,3.8,69,8.2,360,0,0,0
1994-12-08 04:00:00,2.7,65,6.6,10,0,0,0
1994-12-08 05:00:00,2.2,68,7.2,10,0,0,0
1994-12-08 06:00:00,1.6,67,4.6,20,0,0,0
1994-12-08 07:00:00,1.1,63,2.5,360,0,0,0
1994-12-08 08:00:00,1.6,61,4.1,360,28,196,15
1994-12-08 09:00:00,2.7,51,7.7,330,170,616,37
1994-12-08 10:00:00,3.8,48,8.7,360,314,766,50
1994-12-08 11:00:00,3.8,50,5.6,340,422,834,59
1994-12-08 12:00:00,5.5,46,5.1,360,475,860,64
1994-12-08 13:00:00,6.1,49,5.1,340,469,858,63
1994-12-08 14:00:00,6.1,51,5.6,340,404,825,58
1994-12-08 15:00:00,6.6,39,2.5,360,293,710,65
1994-12-08 16:00:00,5.5,49,3.6,360,119,382,48
1994-12-08 17:00:00,2.7,51,3.0,360,15,118,9
1994-12-08 18:00:00,1.6,59,2.0,340,0,0,0
1994-12-08 19:00:00,1.1,61,0.0,0,0,0,0
1994-12-08 20:00:00,0.5,60,0.0,0,0,0,0
1994-12-08 21:00:00,0.0,59,0.0,0,0,0,0
1994-12-08 22:00:00,-0.6,62,0.0,0,0,0,0
1994-12-08 23:00:00,0.0,59,0.0,0,0,0,0
1994-12-09 00:00:00,-0.6,57,0.0,0,0,0,0
1994-12-09 01:00:00,-2.3,72,0.0,0,0,0,0
1994-12-09 02:00:00,-2.3,72,0.0,0,0,0,0
1994-12-09 03:00:00,-2.8,83,0.0,0,0,0,0
1994-12-09 04:00:00,-1.7,65,0.0,0,0,0,0
1994-12-09 05:00:00,-1.2,69,0.0,0,0,0,0
1994-12-09 06:00:00,-2.3,80,0.0,0,0,0,0
1994-12-09 07:00:00,0.0,69,0.0,0,0,0,0
1994-12-09 08:00:00,0.5,76,0.0,0,12,0,12
1994-12-09 09:00:00,2.2,64,0.0,0,48,0,48
1994-12-09 10:00:00,5.0,70,0.0,0,78,51,61
1994-12-09 11:00:00,7.7,60,0.0,0,176,84,139
1994-12-09 12:00:00,9.4,61,2.5,180,170,0,170
1994-12-09 13:00:00,10.0,56,5.1,180,134,0,134
1994-12-09 14:00:00,11.1,54,4.1,220,115,0,115
1994-12-09 15:00:00,11.1,52,4.1,190,82,0,82
1994-12-09 16:00:00,10.5,63,4.1,200,94,14,91
1994-12-09 17:00:00,10.0,71,3.6,200,7,0,7
1994-12-09 18:00:00,10.0,74,4.1,200,0,0,0
1994-12-09 19:00:00,10.0,79,4.1,220,0,0,0
1994-12-09 20:00:00,10.0,83,3.6,210,0,0,0
1994-12-09 21:00:00,10.5,83,3.6,220,0,0,0
1994-12-09 22:00:00,10.5,83,2.5,220,0,0,0
1994-12-09 23:00:00,10.5,86,2.5,210,0,0,0
1994-12-10 00:00:00,11.1,83,1.5,210,0,0,0
1994-12-10 01:00:00,11.1,83,2.0,210,0,0,0
1994-12-10 02:00:00,11.3,82,1.5,230,0,0,0
1994-12-10 03:00:00,11.3,81,2.0,230,0,0,0
1994-12-10 04:00:00,11.6,80,4.1,230,0,0,0
1994-12-10 05:00:00,10.0,100,1.5,360,0,0,0
1994-12-10 06:00:00,9.4,100,3.0,10,0,0,0
1994-12-10 07:00:00,8.8,100,5.1,40,0,0,0
1994-12-10 08:00:00,6.6,100,5.1,30,9,0,9
1994-12-10 09:00:00,6.6,100,5.1,90,47,0,47
1994-12-10 10:00:00,6.6,100,5.1,60,69,0,69
1994-12-10 11:00:00,6.6,100,5.1,90,91,0,91
1994-12-10 12:00:00,6.6,100,5.6,90,102,0,102
1994-12-10 13:00:00,8.8,100,5.1,100,101,0,101
1994-12-10 14:00:00,9.4,100,5.1,80,88,0,88
1994-12-10 15:00:00,10.0,100,5.1,80,65,0,65
1994-12-10 16:00:00,10.5,100,5.6,90,34,0,34
1994-12-10 17:00:00,11.1,100,5.1,90,4,0,4
1994-12-10 18:00:00,11.6,100,3.0,80,0,0,0
1994-12-10 19:00:00,11.6,100,0.0,0,0,0,0
1994-12-10 20:00:00,12.2,100,3.0,220,0,0,0
1994-12-10 21:00:00,12.2,100,5.1,230,0,0,0
1994-12-10 22:00:00,10.5,100,5.1,230,0,0,0
1994-12-10 23:00:00,10.5,100,3.6,230,0,0,0
1994-12-11 00:00:00,11.1,100,5.1,230,0,0,0
1994-12-11 01:00:00,11.6,100,4.1,230,0,0,0
1994-12-11 02:00:00,10.8,99,5.0,250,0,0,0
1994-12-11 03:00:00,9.8,98,5.9,280,0,0,0
1994-12-11 04:00:00,9.1,97,6.8,300,0,0,0
1994-12-11 05:00:00,8.3,96,7.7,320,0,0,0
1994-12-11 06:00:00,7.7,90,7.2,320,0,0,0
1994-12-11 07:00:00,7.2,89,7.7,340,0,0,0
1994-12-11 08:00:00,6.6,90,5.1,340,12,0,12
1994-12-11 09:00:00,6.1,89,5.1,320,44,0,44
1994-12-11 10:00:00,6.6,76,5.1,320,83,0,83
1994-12-11 11:00:00,7.2,62,6.1,350,115,0,115
1994-12-11 12:00:00,7.2,57,7.7,340,130,0,130
1994-12-11 13:00:00,7.1,54,6.9,350,315,234,205
1994-12-11 14:00:00,6.6,52,6.1,360,312,368,159
1994-12-11 15:00:00,6.1,51,5.1,340,155,94,125
1994-12-11 16:00:00,5.5,46,5.1,340,47,0,47
1994-12-11 17:00:00,5.0,48,5.6,330,7,0,7
1994-12-11 18:00:00,4.4,50,6.6,340,0,0,0
1994-12-11 19:00:00,3.8,50,5.1,340,0,0,0
1994-12-11 20:00:00,3.3,52,5.1,340,0,0,0
1994-12-11 21:00:00,2.2,62,4.1,340,0,0,0
1994-12-11 22:00:00,1.6,61,5.1,330,0,0,0
1994-12-11 23:00:00,1.1,63,4.6,330,0,0,0
1994-12-12 00:00:00,0.5,66,4.9,330,0,0,0
1994-12-12 01:00:00,0.0,69,5.1,330,0,0,0
1994-12-12 02:00:00,0.0,66,4.1,360,0,0,0
1994-12-12 03:00:00,-0.7,66,5.1,350,0,0,0
1994-12-12 04:00:00,-1.2,65,4.1,350,0,0,0
1994-12-12 05:00:00,-1.7,62,5.6,360,0,0,0
1994-12-12 06:00:00,-2.3,65,4.1,20,0,0,0
1994-12-12 07:00:00,-2.8,59,5.1,10,0,0,0
1994-12-12 08:00:00,-1.7,56,5.1,20,29,245,13
1994-12-12 09:00:00,-0.6,49,5.1,20,156,541,44
1994-12-12 10:00:00,0.0,52,5.1,40,182,67,159
1994-12-12 11:00:00,1.1,48,5.1,50,224,102,180
1994-12-12 12:00:00,1.6,53,5.6,70,173,49,149
1994-12-12 13:00:00,2.2,51,5.1,60,446,781,79
1994-12-12 14:00:00,2.7,49,4.1,50,408,755,93
1994-12-12 15:00:00,2.7,49,4.1,60,278,679,61
1994-12-12 16:00:00,1.6,53,3.6,40,80,229,38
1994-12-12 17:00:00,0.5,63,3.0,20,9,12,8
1994-12-12 18:00:00,0.0,69,1.5,10,0,0,0
1994-12-12 19:00:00,-0.2,70,17.4,120,0,0,0
1994-12-12 20:00:00,0.0,69,2.5,340,0,0,0
1994-12-12 21:00:00,0.0,72,2.5,360,0,0,0
1994-12-12 22:00:00,0.0,72,2.5,360,0,0,0
1994-12-12 23:00:00,0.0,75,3.0,350,0,0,0
1994-12-13 00:00:00,0.0,75,2.5,10,0,0,0
1994-12-13 01:00:00,-0.6,79,3.6,20,0,0,0
1994-12-13 02:00:00,-0.6,79,3.6,30,0,0,0
1994-12-13 03:00:00,0.0,79,3.0,50,0,0,0
1994-12-13 04:00:00,0.0,83,3.0,40,0,0,0
1994-12-13 05:00:00,0.0,83,2.0,20,0,0,0
1994-12-13 06:00:00,-0.6,91,3.0,50,0,0,0
1994-12-13 07:00:00,-0.6,95,3.0,30,0,0,0
1994-12-13 08:00:00,0.0,95,3.0,30,15,3,15
1994-12-13 09:00:00,1.6,85,2.5,20,83,25,78
1994-12-13 10:00:00,3.3,85,4.1,30,115,0,115
1994-12-13 11:00:00,5.5,79,3.6,10,108,0,108
1994-12-13 12:00:00,6.1,79,3.0,10,125,0,125
1994-12-13 13:00:00,7.2,79,5.1,20,123,0,123
1994-12-13 14:00:00,7.2,79,4.1,40,105,0,105
1994-12-13 15:00:00,6.1,82,5.1,30,73,0,73
1994-12-13 16:00:00,5.5,82,4.1,40,40,0,40
1994-12-13 17:00:00,4.4,82,5.1,30,8,0,8
1994-12-13 18:00:00,3.8,83,4.1,20,0,0,0
1994-12-13 19:00:00,3.3,82,5.1,20,0,0,0
1994-12-13 20:00:00,3.3,85,4.1,20,0,0,0
1994-12-13 21:00:00,3.3,85,4.1,20,0,0,0
1994-12-13 22:00:00,3.3,89,4.1,20,0,0,0
1994-12-13 23:00:00,3.3,92,3.0,30,0,0,0
1994-12-14 00:00:00,3.3,92,3.0,10,0,0,0
1994-12-14 01:00:00,3.3,96,3.0,30,0,0,0
1994-12-14 02:00:00,3.3,100,2.5,30,0,0,0
1994-12-14 03:00:00,5.0,100,2.5,20,0,0,0
1994-12-14 04:00:00,6.1,100,3.0,30,0,0,0
1994-12-14 05:00:00,7.7,100,4.1,40,0,0,0
1994-12-14 06:00:00,8.8,97,4.1,50,0,0,0
1994-12-14 07:00:00,10.0,92,5.1,60,0,0,0
1994-12-14 08:00:00,10.0,92,5.1,60,10,0,10
1994-12-14 09:00:00,10.0,89,5.1,80,46,0,46
1994-12-14 10:00:00,10.5,83,5.1,80,87,0,87
1994-12-14 11:00:00,10.5,83,5.6,80,119,0,119
1994-12-14 12:00:00,10.0,83,6.1,80,135,0,135
1994-12-14 13:00:00,10.5,77,7.7,70,134,0,134
1994-12-14 14:00:00,9.4,80,6.1,50,116,0,116
1994-12-14 15:00:00,8.8,83,7.7,60,83,0,83
1994-12-14 16:00:00,8.3,83,6.1,60,41,0,41
1994-12-14 17:00:00,7.7,83,7.7,70,7,0,7
1994-12-14 18:00:00,7.7,76,7.7,40,0,0,0
1994-12-14 19:00:00,7.2,82,7.7,60,0,0,0
1994-12-14 20:00:00,6.6,82,6.1,50,0,0,0
1994-12-14 21:00:00,5.5,86,7.7,40,0,0,0
1994-12-14 22:00:00,5.5,86,5.1,30,0,0,0
1994-12-14 23:00:00,5.5,86,5.1,50,0,0,0
1994-12-15 00:00:00,6.1,89,5.6,60,0,0,0
1994-12-15 01:00:00,5.0,92,5.6,40,0,0,0
1994-12-15 02:00:00,5.0,89,5.6,40,0,0,0
1994-12-15 03:00:00,5.0,89,5.1,40,0,0,0
1994-12-15 04:00:00,5.0,89,4.1,40,0,0,0
1994-12-15 05:00:00,4.4,93,4.1,30,0,0,0
1994-12-15 06:00:00,4.4,93,5.6,30,0,0,0
1994-12-15 07:00:00,3.8,93,4.1,20,0,0,0
1994-12-15 08:00:00,3.8,97,4.1,360,9,0,9
1994-12-15 09:00:00,4.4,93,3.0,360,33,0,33
1994-12-15 10:00:00,5.0,89,4.6,30,65,0,65
1994-12-15 11:00:00,5.5,86,4.6,30,92,0,92
1994-12-15 12:00:00,5.4,86,4.9,30,105,0,105
1994-12-15 13:00:00,5.0,89,5.1,20,105,0,105
1994-12-15 14:00:00,5.0,92,4.1,30,90,0,90
1994-12-15 15:00:00,5.0,92,6.1,20,63,0,63
1994-12-15 16:00:00,4.4,96,4.1,20,32,0,32
1994-12-15 17:00:00,3.8,97,4.1,20,7,0,7
1994-12-15 18:00:00,4.4,100,4.1,30,0,0,0
1994-12-15 19:00:00,4.4,100,5.1,30,0,0,0
1994-12-15 20:00:00,5.0,96,3.0,20,0,0,0
1994-12-15 21:00:00,4.4,96,4.1,30,0,0,0
1994-12-15 22:00:00,3.8,100,3.0,20,0,0,0
1994-12-15 23:00:00,3.8,97,3.6,360,0,0,0
1994-12-16 00:00:00,3.3,92,4.1,30,0,0,0
1994-12-16 01:00:00,2.7,92,4.1,10,0,0,0
1994-12-16 02:00:00,2.7,89,5.1,10,0,0,0
1994-12-16 03:00:00,1.6,92,3.6,10,0,0,0
1994-12-16 04:00:00,1.1,96,3.0,10,0,0,0
1994-12-16 05:00:00,0.5,96,3.0,10,0,0,0
1994-12-16 06:00:00,0.5,96,2.5,10,0,0,0
1994-12-16 07:00:00,0.5,96,2.5,360,0,0,0
1994-12-16 08:00:00,1.6,96,2.5,360,8,0,8
1994-12-16 09:00:00,2.7,92,3.6,40,52,0,52
1994-12-16 10:00:00,4.5,87,3.9,30,95,0,95
1994-12-16 11:00:00,5.5,82,4.1,20,126,0,126
1994-12-16 12:00:00,6.1,82,4.1,20,142,0,142
1994-12-16 13:00:00,6.8,78,4.6,40,142,0,142
1994-12-16 14:00:00,7.2,76,5.1,60,124,0,124
1994-12-16 15:00:00,7.2,79,4.1,40,92,0,92
1994-12-16 16:00:00,6.6,79,4.1,50,48,0,48
1994-12-16 17:00:00,5.9,82,3.3,40,6,0,6
1994-12-16 18:00:00,5.5,86,2.5,30,0,0,0
1994-12-16 19:00:00,5.1,91,2.5,10,0,0,0
1994-12-16 20:00:00,4.9,94,2.5,350,0,0,0
1994-12-16 21:00:00,5.0,96,2.5,330,0,0,0
1994-12-16 22:00:00,5.0,96,2.3,360,0,0,0
1994-12-16 23:00:00,5.0,96,2.0,20,0,0,0
1994-12-17 00:00:00,5.5,97,1.5,20,0,0,0
1994-12-17 01:00:00,6.1,93,1.5,40,0,0,0
1994-12-17 02:00:00,6.6,97,0.0,0,0,0,0
1994-12-17 03:00:00,7.2,100,5.1,90,0,0,0
1994-12-17 04:00:00,8.3,96,2.0,140,0,0,0
1994-12-17 05:00:00,8.3,100,1.5,180,0,0,0
1994-12-17 06:00:00,7.7,100,2.0,140,0,0,0
1994-12-17 07:00:00,8.3,100,2.5,300,0,0,0
1994-12-17 08:00:00,7.7,100,1.5,20,6,0,6
1994-12-17 09:00:00,7.7,100,0.0,0,34,0,34
1994-12-17 10:00:00,8.3,100,2.5,280,64,0,64
1994-12-17 11:00:00,9.4,100,0.0,0,86,0,86
1994-12-17 12:00:00,10.4,92,0.8,330,60,24,49
1994-12-17 13:00:00,11.2,86,1.7,290,82,58,55
1994-12-17 14:00:00,11.6,83,2.5,260,185,55,162
1994-12-17 15:00:00,11.1,86,2.5,260,128,25,120
1994-12-17 16:00:00,10.5,86,2.5,270,46,0,46
1994-12-17 17:00:00,8.9,91,1.3,320,11,16,10
1994-12-17 18:00:00,7.7,97,0.0,0,0,0,0
1994-12-17 19:00:00,5.0,100,0.0,0,0,0,0
1994-12-17 20:00:00,5.5,100,0.0,0,0,0,0
1994-12-17 21:00:00,5.0,100,0.0,0,0,0,0
1994-12-17 22:00:00,5.5,100,0.0,0,0,0,0
1994-12-17 23:00:00,5.0,100,0.0,0,0,0,0
1994-12-18 00:00:00,4.4,100,0.0,0,0,0,0
1994-12-18 01:00:00,6.1,100,0.0,0,0,0,0
1994-12-18 02:00:00,5.5,100,0.0,0,0,0,0
1994-12-18 03:00:00,6.1,100,0.0,0,0,0,0
1994-12-18 04:00:00,6.6,100,0.0,0,0,0,0
1994-12-18 05:00:00,6.6,100,0.0,0,0,0,0
1994-12-18 06:00:00,6.6,100,0.0,0,0,0,0
1994-12-18 07:00:00,6.6,100,0.0,0,0,0,0
1994-12-18 08:00:00,6.6,100,3.0,10,9,0,9
1994-12-18 09:00:00,6.9,99,3.3,20,43,0,43
1994-12-18 10:00:00,7.2,96,3.6,20,59,0,59
1994-12-18 11:00:00,7.7,93,4.1,10,97,0,97
1994-12-18 12:00:00,10.5,74,5.1,30,451,772,91
1994-12-18 13:00:00,11.1,68,3.6,360,227,75,191
1994-12-18 14:00:00,11.1,68,2.5,360,89,64,63
1994-12-18 15:00:00,11.1,63,4.1,350,235,533,64
1994-12-18 16:00:00,10.1,67,3.9,350,136,376,64
1994-12-18 17:00:00,8.3,73,3.6,350,15,90,10
1994-12-18 18:00:00,6.7,79,1.8,360,0,0,0
1994-12-18 19:00:00,5.5,82,0.0,0,0,0,0
1994-12-18 20:00:00,5.0,89,0.0,0,0,0,0
1994-12-18 21:00:00,4.4,89,0.0,0,0,0,0
1994-12-18 22:00:00,4.1,87,1.3,340,0,0,0
1994-12-18 23:00:00,3.8,86,2.5,320,0,0,0
1994-12-19 00:00:00,3.3,85,3.0,340,0,0,0
1994-12-19 01:00:00,2.7,89,2.5,320,0,0,0
1994-12-19 02:00:00,2.7,89,3.0,300,0,0,0
1994-12-19 03:00:00,2.2,92,2.5,310,0,0,0
1994-12-19 04:00:00,1.6,96,2.5,330,0,0,0
1994-12-19 05:00:00,2.2,96,3.6,330,0,0,0
1994-12-19 06:00:00,1.6,96,2.5,330,0,0,0
1994-12-19 07:00:00,1.6,92,3.0,340,0,0,0
1994-12-19 08:00:00,2.1,92,2.8,320,18,69,14
1994-12-19 09:00:00,4.4,86,2.5,300,131,316,70
1994-12-19 10:00:00,6.3,73,3.4,310,190,373,69
1994-12-19 11:00:00,7.4,64,4.3,320,295,418,120
1994-12-19 12:00:00,8.2,57,5.2,330,428,611,143
1994-12-19 13:00:00,8.8,51,6.1,340,287,319,138
1994-12-19 14:00:00,8.7,52,5.6,340,255,61,230
1994-12-19 15:00:00,8.3,53,5.1,340,219,323,115
1994-12-19 16:00:00,7.3,57,4.6,340,80,74,66
1994-12-19 17:00:00,5.5,64,4.1,340,17,28,16
1994-12-19 18:00:00,3.7,73,3.1,350,0,0,0
1994-12-19 19:00:00,2.4,77,2.1,350,0,0,0
1994-12-19 20:00:00,1.3,81,1.0,360,0,0,0
1994-12-19 21:00:00,0.5,84,0.0,0,0,0,0
1994-12-19 22:00:00,-0.1,89,1.5,320,0,0,0
1994-12-19 23:00:00,-0.6,95,3.0,280,0,0,0
1994-12-20 00:00:00,-0.6,95,0.0,0,0,0,0
1994-12-20 01:00:00,-1.2,96,0.0,0,0,0,0
1994-12-20 02:00:00,-2.3,100,0.0,0,0,0,0
1994-12-20 03:00:00,-2.3,100,0.0,0,0,0,0
1994-12-20 04:00:00,-2.8,100,0.0,0,0,0,0
1994-12-20 05:00:00,-3.4,100,0.0,0,0,0,0
1994-12-20 06:00:00,-2.8,95,0.0,0,0,0,0
1994-12-20 07:00:00,-3.1,87,0.0,0,0,0,0
1994-12-20 08:00:00,-3.4,79,0.0,0,21,171,11
1994-12-20 09:00:00,0.0,91,0.0,0,147,571,37
1994-12-20 10:00:00,5.5,70,2.5,360,293,747,51
1994-12-20 11:00:00,6.7,62,2.3,20,406,824,61
1994-12-20 12:00:00,7.7,55,2.0,30,465,856,66
1994-12-20 13:00:00,8.4,55,3.1,10,426,746,79
1994-12-20 14:00:00,8.8,56,4.1,340,362,665,84
1994-12-20 15:00:00,8.8,54,1.5,280,258,610,61
1994-12-20 16:00:00,7.4,58,1.0,310,138,489,44
1994-12-20 17:00:00,5.2,66,0.5,330,18,135,10
1994-12-20 18:00:00,3.3,75,0.0,0,0,0,0
1994-12-20 19:00:00,0.5,92,0.0,0,0,0,0
1994-12-20 20:00:00,-1.2,91,0.0,0,0,0,0
1994-12-20 21:00:00,-1.2,91,0.0,0,0,0,0
1994-12-20 22:00:00,-1.5,94,0.0,0,0,0,0
1994-12-20 23:00:00,-1.7,95,0.0,0,0,0,0
1994-12-21 00:00:00,-2.8,95,0.0,0,0,0,0
1994-12-21 01:00:00,-2.8,91,0.0,0,0,0,0
1994-12-21 02:00:00,-3.0,93,0.0,0,0,0,0
1994-12-21 03:00:00,-3.4,96,0.0,0,0,0,0
1994-12-21 04:00:00,-3.6,95,0.0,0,0,0,0
1994-12-21 05:00:00,-3.9,95,0.0,0,0,0,0
1994-12-21 06:00:00,-3.4,91,0.0,0,0,0,0
1994-12-21 07:00:00,-3.9,95,0.0,0,0,0,0
1994-12-21 08:00:00,0.8,87,0.0,0,19,150,11
1994-12-21 09:00:00,7.2,76,0.0,0,143,545,39
1994-12-21 10:00:00,7.2,76,0.0,0,288,725,54
1994-12-21 11:00:00,9.3,62,1.0,320,400,805,65
1994-12-21 12:00:00,11.1,52,2.0,280,460,838,70
1994-12-21 13:00:00,12.2,48,0.0,0,460,838,70
1994-12-21 14:00:00,12.3,48,0.0,0,401,805,65
1994-12-21 15:00:00,12.2,48,0.0,0,289,725,54
1994-12-21 16:00:00,12.2,48,0.0,0,144,546,39
1994-12-21 17:00:00,7.2,65,3.0,140,20,152,11
1994-12-21 18:00:00,5.0,76,2.5,120,0,0,0
1994-12-21 19:00:00,2.7,89,0.0,0,0,0,0
1994-12-21 20:00:00,1.1,92,0.0,0,0,0,0
1994-12-21 21:00:00,0.5,96,0.0,0,0,0,0
1994-12-21 22:00:00,-1.2,96,0.0,0,0,0,0
1994-12-21 23:00:00,-1.2,100,0.0,0,0,0,0
1994-12-22 00:00:00,-1.7,100,0.0,0,0,0,0
1994-12-22 01:00:00,-1.7,100,0.0,0,0,0,0
1994-12-22 02:00:00,-2.3,100,0.0,0,0,0,0
1994-12-22 03:00:00,-2.4,100,0.0,0,0,0,0
1994-12-22 04:00:00,-2.3,100,0.0,0,0,0,0
1994-12-22 05:00:00,-1.2,100,0.0,0,0,0,0
1994-12-22 06:00:00,1.1,100,0.0,0,0,0,0
1994-12-22 07:00:00,1.6,100,0.0,0,0,0,0
1994-12-22 08:00:00,1.6,100,0.0,0,15,49,12
1994-12-22 09:00:00,3.8,100,4.1,50,63,25,59
1994-12-22 10:00:00,6.1,96,3.0,60,136,112,100
1994-12-22 11:00:00,7.7,93,5.1,70,248,76,216
1994-12-22 12:00:00,10.5,77,4.6,60,151,49,128
1994-12-22 13:00:00,12.2,74,3.6,60,134,0,134
1994-12-22 14:00:00,12.7,69,3.6,60,178,87,141
1994-12-22 15:00:00,12.7,69,4.1,60,141,74,117
1994-12-22 16:00:00,10.5,77,5.1,80,116,29,111
1994-12-22 17:00:00,9.4,77,2.5,20,11,7,11
1994-12-22 18:00:00,9.4,83,4.6,40,0,0,0
1994-12-22 19:00:00,9.4,86,5.1,40,0,0,0
1994-12-22 20:00:00,10.0,86,4.1,40,0,0,0
1994-12-22 21:00:00,10.0,89,5.1,40,0,0,0
1994-12-22 22:00:00,9.4,89,4.1,30,0,0,0
1994-12-22 23:00:00,8.8,86,4.1,30,0,0,0
1994-12-23 00:00:00,10.0,79,6.6,40,0,0,0
1994-12-23 01:00:00,10.5,77,6.1,30,0,0,0
1994-12-23 02:00:00,10.0,83,4.6,30,0,0,0
1994-12-23 03:00:00,10.0,89,5.1,30,0,0,0
1994-12-23 04:00:00,10.0,92,6.1,40,0,0,0
1994-12-23 05:00:00,9.4,93,5.1,30,0,0,0
1994-12-23 06:00:00,8.8,93,6.1,30,0,0,0
1994-12-23 07:00:00,8.3,83,5.1,30,0,0,0
1994-12-23 08:00:00,7.7,80,6.1,30,8,0,8
1994-12-23 09:00:00,8.3,71,6.1,40,51,0,51
1994-12-23 10:00:00,10.0,58,6.1,30,102,0,102
1994-12-23 11:00:00,11.6,50,6.1,30,142,0,142
1994-12-23 12:00:00,12.7,49,5.6,30,282,198,190
1994-12-23 13:00:00,13.8,47,5.1,30,331,50,307
1994-12-23 14:00:00,13.8,49,6.1,20,143,0,143
1994-12-23 15:00:00,13.8,55,7.7,30,83,0,83
1994-12-23 16:00:00,12.7,55,5.6,40,42,0,42
1994-12-23 17:00:00,12.2,50,6.1,20,11,0,11
1994-12-23 18:00:00,12.2,48,5.6,40,0,0,0
1994-12-23 19:00:00,11.1,46,5.6,20,0,0,0
1994-12-23 20:00:00,11.6,41,5.1,20,0,0,0
1994-12-23 21:00:00,11.6,46,6.1,10,0,0,0
1994-12-23 22:00:00,10.0,60,5.6,340,0,0,0
1994-12-23 23:00:00,10.3,55,7.7,350,0,0,0
1994-12-24 00:00:00,10.5,50,7.7,360,0,0,0
1994-12-24 01:00:00,9.4,61,7.2,360,0,0,0
1994-12-24 02:00:00,8.8,56,6.1,350,0,0,0
1994-12-24 03:00:00,9.4,56,8.2,350,0,0,0
1994-12-24 04:00:00,9.4,63,7.2,350,0,0,0
1994-12-24 05:00:00,8.8,63,9.2,340,0,0,0
1994-12-24 06:00:00,8.3,65,6.1,350,0,0,0
1994-12-24 07:00:00,7.7,71,6.1,330,0,0,0
1994-12-24 08:00:00,7.7,74,6.1,320,7,0,7
1994-12-24 09:00:00,8.3,73,7.7,320,48,0,48
1994-12-24 10:00:00,8.8,74,5.1,320,91,0,91
1994-12-24 11:00:00,8.8,77,5.4,340,123,0,123
1994-12-24 12:00:00,7.2,96,5.6,350,141,0,141
1994-12-24 13:00:00,6.6,100,5.1,320,99,0,99
1994-12-24 14:00:00,7.2,100,5.1,350,87,0,87
1994-12-24 15:00:00,7.7,100,5.1,40,65,0,65
1994-12-24 16:00:00,8.3,100,5.1,20,35,0,35
1994-12-24 17:00:00,8.8,100,5.1,10,5,0,5
1994-12-24 18:00:00,8.8,100,4.1,360,0,0,0
1994-12-24 19:00:00,8.8,100,6.1,10,0,0,0
1994-12-24 20:00:00,8.3,93,6.1,10,0,0,0
1994-12-24 21:00:00,7.2,89,5.6,350,0,0,0
1994-12-24 22:00:00,7.2,96,7.7,360,0,0,0
1994-12-24 23:00:00,6.6,100,7.2,350,0,0,0
1994-12-25 00:00:00,6.6,97,7.2,360,0,0,0
1994-12-25 01:00:00,6.1,100,6.1,350,0,0,0
1994-12-25 02:00:00,6.1,100,7.7,350,0,0,0
1994-12-25 03:00:00,6.1,100,6.1,350,0,0,0
1994-12-25 04:00:00,6.1,100,7.2,340,0,0,0
1994-12-25 05:00:00,6.1,96,5.1,320,0,0,0
1994-12-25 06:00:00,6.6,93,4.1,320,0,0,0
1994-12-25 07:00:00,6.6,93,5.1,340,0,0,0
1994-12-25 08:00:00,7.2,89,4.6,350,12,36,10
1994-12-25 09:00:00,7.7,90,4.1,340,138,112,117
1994-12-25 10:00:00,8.3,89,5.6,340,230,294,136
1994-12-25 11:00:00,8.8,90,5.1,350,296,353,149
1994-12-25 12:00:00,10.0,83,6.1,360,374,371,201
1994-12-25 13:00:00,10.0,86,5.1,340,316,423,118
1994-12-25 14:00:00,11.1,83,4.1,340,259,338,117
1994-12-25 15:00:00,11.6,80,5.1,330,238,231,162
1994-12-25 16:00:00,11.1,80,4.1,340,129,425,45
1994-12-25 17:00:00,10.0,83,3.0,320,23,90,18
1994-12-25 18:00:00,10.5,80,4.1,340,0,0,0
1994-12-25 19:00:00,10.5,77,5.1,350,0,0,0
1994-12-25 20:00:00,10.5,74,2.5,330,0,0,0
1994-12-25 21:00:00,10.5,83,4.1,350,0,0,0
1994-12-25 22:00:00,8.3,68,3.0,340,0,0,0
1994-12-25 23:00:00,7.2,65,2.5,320,0,0,0
1994-12-26 00:00:00,5.5,68,2.5,360,0,0,0
1994-12-26 01:00:00,5.5,61,4.1,10,0,0,0
1994-12-26 02:00:00,5.0,58,3.0,10,0,0,0
1994-12-26 03:00:00,4.4,58,2.5,10,0,0,0
1994-12-26 04:00:00,3.3,63,2.5,10,0,0,0
1994-12-26 05:00:00,2.2,62,2.5,10,0,0,0
1994-12-26 06:00:00,2.2,62,3.0,360,0,0,0
1994-12-26 07:00:00,1.6,64,3.0,360,0,0,0
1994-12-26 08:00:00,2.2,68,2.5,10,19,189,9
1994-12-26 09:00:00,5.0,63,5.1,30,142,484,52
1994-12-26 10:00:00,7.2,60,5.1,10,298,690,78
1994-12-26 11:00:00,8.8,61,5.1,40,371,671,92
1994-12-26 12:00:00,8.8,61,5.1,60,408,696,84
1994-12-26 13:00:00,10.0,60,5.1,40,377,610,91
1994-12-26 14:00:00,10.0,60,5.1,60,411,848,53
1994-12-26 15:00:00,10.0,60,4.1,50,302,779,45
1994-12-26 16:00:00,8.8,63,4.1,50,157,623,33
1994-12-26 17:00:00,6.1,76,2.5,80,25,234,11
1994-12-26 18:00:00,2.7,89,0.0,0,0,0,0
1994-12-26 19:00:00,1.1,96,0.0,0,0,0,0
1994-12-26 20:00:00,0.0,100,0.0,0,0,0,0
1994-12-26 21:00:00,0.5,100,0.0,0,0,0,0
1994-12-26 22:00:00,-1.2,100,0.0,0,0,0,0
1994-12-26 23:00:00,-1.2,100,0.0,0,0,0,0
1994-12-27 00:00:00,-2.3,100,0.0,0,0,0,0
1994-12-27 01:00:00,-2.8,100,0.0,0,0,0,0
1994-12-27 02:00:00,-2.8,100,0.0,0,0,0,0
1994-12-27 03:00:00,-3.4,100,0.0,0,0,0,0
1994-12-27 04:00:00,-2.8,100,0.0,0,0,0,0
1994-12-27 05:00:00,-2.8,100,0.0,0,0,0,0
1994-12-27 06:00:00,-3.4,100,0.0,0,0,0,0
1994-12-27 07:00:00,-3.4,100,0.0,0,0,0,0
1994-12-27 08:00:00,-2.8,100,0.0,0,8,6,7
1994-12-27 09:00:00,0.0,100,0.0,0,119,25,114
1994-12-27 10:00:00,5.0,89,0.0,0,299,816,38
1994-12-27 11:00:00,8.4,76,0.0,0,415,887,46
1994-12-27 12:00:00,11.6,66,0.0,0,478,916,51
1994-12-27 13:00:00,12.7,64,0.0,0,481,917,51
1994-12-27 14:00:00,13.3,64,0.0,0,424,891,47
1994-12-27 15:00:00,13.8,62,0.0,0,313,826,39
1994-12-27 16:00:00,13.3,62,0.0,0,165,679,29
1994-12-27 17:00:00,10.0,77,0.0,0,28,288,10
1994-12-27 18:00:00,6.1,96,0.0,0,0,0,0
1994-12-27 19:00:00,2.2,100,0.0,0,0,0,0
1994-12-27 20:00:00,2.7,100,0.0,0,0,0,0
1994-12-27 21:00:00,3.3,100,0.0,0,0,0,0
1994-12-27 22:00:00,3.8,100,0.0,0,0,0,0
1994-12-27 23:00:00,3.8,100,1.3,290,0,0,0
1994-12-28 00:00:00,3.8,100,2.5,210,0,0,0
1994-12-28 01:00:00,2.5,100,2.4,230,0,0,0
1994-12-28 02:00:00,1.2,100,2.3,250,0,0,0
1994-12-28 03:00:00,-0.3,100,2.2,270,0,0,0
1994-12-28 04:00:00,-1.5,100,2.1,290,0,0,0
1994-12-28 05:00:00,-2.8,100,2.0,310,0,0,0
1994-12-28 06:00:00,-2.3,100,0.0,0,0,0,0
1994-12-28 07:00:00,-2.3,100,0.0,0,0,0,0
1994-12-28 08:00:00,-2.3,100,0.0,0,8,0,8
1994-12-28 09:00:00,2.2,100,0.0,0,34,0,34
1994-12-28 10:00:00,6.1,100,2.0,240,117,0,117
1994-12-28 11:00:00,10.0,68,3.6,270,412,876,48
1994-12-28 12:00:00,11.6,66,4.1,230,475,906,53
1994-12-28 13:00:00,13.8,49,3.6,230,479,907,53
1994-12-28 14:00:00,15.0,45,4.1,220,423,882,49
1994-12-28 15:00:00,14.0,46,3.9,230,297,770,40
1994-12-28 16:00:00,12.4,49,3.8,250,165,544,54
1994-12-28 17:00:00,10.0,54,3.6,260,30,213,16
1994-12-28 18:00:00,7.2,65,2.5,260,0,0,0
1994-12-28 19:00:00,5.0,76,0.0,0,0,0,0
1994-12-28 20:00:00,2.7,85,0.0,0,0,0,0
1994-12-28 21:00:00,2.7,89,0.0,0,0,0,0
1994-12-28 22:00:00,1.6,96,0.0,0,0,0,0
1994-12-28 23:00:00,3.8,73,4.1,360,0,0,0
1994-12-29 00:00:00,6.1,70,4.6,10,0,0,0
1994-12-29 01:00:00,5.0,73,3.6,10,0,0,0
1994-12-29 02:00:00,3.8,79,2.5,340,0,0,0
1994-12-29 03:00:00,2.7,82,2.5,330,0,0,0
1994-12-29 04:00:00,3.3,79,3.0,340,0,0,0
1994-12-29 05:00:00,3.3,79,3.0,320,0,0,0
1994-12-29 06:00:00,3.8,79,3.6,270,0,0,0
1994-12-29 07:00:00,3.3,82,2.5,320,0,0,0
1994-12-29 08:00:00,3.8,76,3.0,320,18,174,8
1994-12-29 09:00:00,5.5,73,4.1,350,142,593,33
1994-12-29 10:00:00,7.2,62,6.1,350,292,771,46
1994-12-29 11:00:00,7.7,55,7.2,350,365,632,102
1994-12-29 12:00:00,9.4,47,7.7,350,292,79,254
1994-12-29 13:00:00,9.4,43,7.2,360,306,246,190
1994-12-29 14:00:00,9.4,45,6.6,360,166,57,141
1994-12-29 15:00:00,8.8,43,5.6,320,247,525,72
1994-12-29 16:00:00,7.6,43,4.3,330,151,477,53
1994-12-29 17:00:00,5.5,46,3.0,340,28,241,13
1994-12-29 18:00:00,4.4,48,3.0,340,0,0,0
1994-12-29 19:00:00,2.7,51,3.0,350,0,0,0
1994-12-29 20:00:00,3.3,43,3.0,350,0,0,0
1994-12-29 21:00:00,3.3,35,3.0,350,0,0,0
1994-12-29 22:00:00,2.7,30,3.0,40,0,0,0
1994-12-29 23:00:00,1.6,31,5.1,20,0,0,0
1994-12-30 00:00:00,0.7,33,4.5,20,0,0,0
1994-12-30 01:00:00,0.0,36,3.8,10,0,0,0
1994-12-30 02:00:00,-0.8,39,3.2,10,0,0,0
1994-12-30 03:00:00,-1.7,42,2.5,360,0,0,0
1994-12-30 04:00:00,-2.2,43,2.8,360,0,0,0
1994-12-30 05:00:00,-2.8,44,3.0,360,0,0,0
1994-12-30 06:00:00,-3.4,46,5.1,10,0,0,0
1994-12-30 07:00:00,-3.9,56,3.6,360,0,0,0
1994-12-30 08:00:00,-3.9,53,3.6,20,9,8,9
1994-12-30 09:00:00,-3.9,53,5.1,20,66,38,59
1994-12-30 10:00:00,-1.6,54,4.4,20,181,257,99
1994-12-30 11:00:00,-0.1,54,3.7,20,283,301,158
1994-12-30 12:00:00,1.1,58,3.0,20,432,662,122
1994-12-30 13:00:00,2.3,52,2.3,20,403,622,109
1994-12-30 14:00:00,3.2,49,1.5,10,342,545,110
1994-12-30 15:00:00,3.8,46,0.8,10,275,543,93
1994-12-30 16:00:00,3.8,45,0.0,0,106,149,75
1994-12-30 17:00:00,1.1,48,0.0,0,27,166,17
1994-12-30 18:00:00,-1.4,62,0.0,0,0,0,0
1994-12-30 19:00:00,-3.4,75,0.0,0,0,0,0
1994-12-30 20:00:00,-4.5,68,0.0,0,0,0,0
1994-12-30 21:00:00,-5.0,79,0.0,0,0,0,0
1994-12-30 22:00:00,-5.6,83,0.0,0,0,0,0
1994-12-30 23:00:00,-6.2,87,0.0,0,0,0,0
1994-12-31 00:00:00,-6.7,75,0.0,0,0,0,0
1994-12-31 01:00:00,-6.7,75,0.0,0,0,0,0
1994-12-31 02:00:00,-7.3,79,0.0,0,0,0,0
1994-12-31 03:00:00,-7.3,79,0.0,0,0,0,0
1994-12-31 04:00:00,-7.3,79,0.0,0,0,0,0
1994-12-31 05:00:00,-6.7,75,0.0,0,0,0,0
1994-12-31 06:00:00,-5.6,68,0.0,0,0,0,0
1994-12-31 07:00:00,-5.1,72,0.0,0,0,0,0
1994-12-31 08:00:00,-4.6,75,0.0,0,10,14,9
1994-12-31 09:00:00,-2.3,72,0.0,0,51,48,43
1994-12-31 10:00:00,3.3,71,0.0,0,114,44,100
1994-12-31 11:00:00,5.5,76,5.1,120,176,20,168
1994-12-31 12:00:00,11.6,52,5.1,140,204,94,159
1994-12-31 13:00:00,11.5,55,4.8,150,241,50,217
1994-12-31 14:00:00,11.1,61,4.4,150,137,20,129
1994-12-31 15:00:00,10.5,66,4.1,160,84,0,84
1994-12-31 16:00:00,10.4,69,2.1,80,44,0,44
1994-12-31 17:00:00,9.4,77,0.0,0,12,0,12
1994-12-31 18:00:00,7.7,86,0.0,0,0,0,0
1994-12-31 19:00:00,7.2,93,0.0,0,0,0,0
1994-12-31 20:00:00,7.2,100,0.0,0,0,0,0
1994-12-31 21:00:00,7.7,100,0.0,0,0,0,0
1994-12-31 22:00:00,8.3,100,0.0,0,0,0,0
1994-12-31 23:00:00,9.4,100,1.8,80,0,0,0
1995-01-01 00:00:00,10.5,100,3.6,150,0,0,0
