date_time,Dry Bulb Temperature [°C],Relative Humidity [%],Wind Speed [m/s],Wind Direction [Deg],Global Horizontal Radiation [W/m2],Direct Normal Radiation [W/m2],Diffuse Horizontal Radiation [W/m2]
2005-01-01 01:00:00,8.0,76,2.6,150,0,0,0
2005-01-01 02:00:00,9.0,76,2.6,180,0,0,0
2005-01-01 03:00:00,10.0,76,3.1,190,0,0,0
2005-01-01 04:00:00,11.0,71,3.1,190,0,0,0
2005-01-01 05:00:00,11.0,76,3.1,210,0,0,0
2005-01-01 06:00:00,11.0,76,3.1,210,0,0,0
2005-01-01 07:00:00,12.0,71,4.1,230,0,0,0
2005-01-01 08:00:00,12.0,71,2.6,220,0,0,0
2005-01-01 09:00:00,12.0,67,4.1,240,128,422,66
2005-01-01 10:00:00,12.0,71,2.6,200,263,684,68
2005-01-01 11:00:00,15.0,59,2.1,230,377,766,80
2005-01-01 12:00:00,17.0,48,4.6,260,427,750,92
2005-01-01 13:00:00,17.0,45,5.1,290,448,803,80
2005-01-01 14:00:00,17.0,42,6.2,290,403,778,74
2005-01-01 15:00:00,17.0,45,5.7,290,316,625,103
2005-01-01 16:00:00,16.0,51,2.1,290,150,358,72
2005-01-01 17:00:00,12.0,58,2.6,320,33,167,22
2005-01-01 18:00:00,12.0,54,0.0,0,0,0,0
2005-01-01 19:00:00,11.0,58,0.0,0,0,0,0
2005-01-01 20:00:00,12.0,58,3.1,10,0,0,0
2005-01-01 21:00:00,9.0,66,3.1,50,0,0,0
2005-01-01 22:00:00,9.0,66,2.6,50,0,0,0
2005-01-01 23:00:00,7.0,70,1.5,300,0,0,0
2005-01-02 00:00:00,6.0,75,1.5,30,0,0,0
2005-01-02 01:00:00,5.0,75,4.6,360,0,0,0
2005-01-02 02:00:00,5.0,64,3.1,30,0,0,0
2005-01-02 03:00:00,3.0,68,2.6,40,0,0,0
2005-01-02 04:00:00,3.0,68,3.1,40,0,0,0
2005-01-02 05:00:00,4.0,64,2.6,90,0,0,0
2005-01-02 06:00:00,4.0,64,2.6,120,0,0,0
2005-01-02 07:00:00,4.0,64,1.5,70,0,0,0
2005-01-02 08:00:00,4.0,64,0.0,0,0,0,0
2005-01-02 09:00:00,4.0,64,2.1,100,129,233,94
2005-01-02 10:00:00,4.0,69,0.0,0,93,0,93
2005-01-02 11:00:00,6.0,65,0.0,0,227,129,177
2005-01-02 12:00:00,6.0,60,1.5,210,167,6,165
2005-01-02 13:00:00,5.0,75,3.6,150,131,0,131
2005-01-02 14:00:00,5.0,75,1.5,180,98,0,98
2005-01-02 15:00:00,5.0,75,2.6,170,169,64,147
2005-01-02 16:00:00,6.0,75,4.1,150,83,11,80
2005-01-02 17:00:00,6.0,75,2.6,140,17,0,17
2005-01-02 18:00:00,6.0,75,0.0,0,0,0,0
2005-01-02 19:00:00,6.0,81,0.0,0,0,0,0
2005-01-02 20:00:00,6.0,81,3.1,170,0,0,0
2005-01-02 21:00:00,5.0,87,0.0,0,0,0,0
2005-01-02 22:00:00,4.0,93,0.0,0,0,0,0
2005-01-02 23:00:00,4.0,87,1.5,290,0,0,0
2005-01-03 00:00:00,4.0,87,0.0,0,0,0,0
2005-01-03 01:00:00,3.0,93,0.0,0,0,0,0
2005-01-03 02:00:00,5.0,87,2.1,350,0,0,0
2005-01-03 03:00:00,6.0,81,0.0,0,0,0,0
2005-01-03 04:00:00,6.0,81,0.0,0,0,0,0
2005-01-03 05:00:00,6.0,81,0.0,0,0,0,0
2005-01-03 06:00:00,6.0,81,0.0,0,0,0,0
2005-01-03 07:00:00,5.0,87,0.0,0,0,0,0
2005-01-03 08:00:00,4.0,93,0.0,0,0,0,0
2005-01-03 09:00:00,6.0,87,0.0,0,79,66,70
2005-01-03 10:00:00,7.0,81,0.0,0,107,0,107
2005-01-03 11:00:00,9.0,81,1.5,340,188,43,172
2005-01-03 12:00:00,9.0,81,1.5,310,161,0,161
2005-01-03 13:00:00,10.0,76,1.5,300,161,0,161
2005-01-03 14:00:00,10.0,82,0.0,0,115,0,115
2005-01-03 15:00:00,11.0,76,0.0,0,120,0,120
2005-01-03 16:00:00,9.0,93,0.0,0,68,0,68
2005-01-03 17:00:00,10.0,87,0.0,0,23,36,20
2005-01-03 18:00:00,8.0,93,1.5,300,0,0,0
2005-01-03 19:00:00,9.0,93,0.0,0,0,0,0
2005-01-03 20:00:00,10.0,93,1.5,230,0,0,0
2005-01-03 21:00:00,12.0,88,3.6,150,0,0,0
2005-01-03 22:00:00,12.0,88,2.6,170,0,0,0
2005-01-03 23:00:00,13.0,88,4.1,190,0,0,0
2005-01-04 00:00:00,14.0,82,3.1,200,0,0,0
2005-01-04 01:00:00,15.0,77,3.6,210,0,0,0
2005-01-04 02:00:00,15.0,77,3.1,220,0,0,0
2005-01-04 03:00:00,16.0,72,3.6,210,0,0,0
2005-01-04 04:00:00,16.0,72,4.1,230,0,0,0
2005-01-04 05:00:00,16.0,72,5.1,240,0,0,0
2005-01-04 06:00:00,17.0,68,3.6,240,0,0,0
2005-01-04 07:00:00,16.0,72,4.6,230,0,0,0
2005-01-04 08:00:00,16.0,72,3.6,240,0,0,0
2005-01-04 09:00:00,13.0,88,5.1,360,59,0,59
2005-01-04 10:00:00,12.0,82,5.7,340,114,6,112
2005-01-04 11:00:00,11.0,82,4.6,360,130,0,130
2005-01-04 12:00:00,11.0,76,5.7,350,347,248,235
2005-01-04 13:00:00,10.0,82,5.1,360,167,6,165
2005-01-04 14:00:00,10.0,82,4.6,350,179,12,174
2005-01-04 15:00:00,10.0,82,4.6,10,153,23,145
2005-01-04 16:00:00,9.0,81,3.6,360,88,11,85
2005-01-04 17:00:00,9.0,81,3.6,360,18,0,18
2005-01-04 18:00:00,9.0,81,2.6,10,0,0,0
2005-01-04 19:00:00,9.0,81,1.5,10,0,0,0
2005-01-04 20:00:00,9.0,81,2.1,350,0,0,0
2005-01-04 21:00:00,9.0,81,1.5,360,0,0,0
2005-01-04 22:00:00,8.0,93,0.0,0,0,0,0
2005-01-04 23:00:00,8.0,93,1.5,60,0,0,0
2005-01-05 00:00:00,8.0,93,2.1,70,0,0,0
2005-01-05 01:00:00,7.0,93,2.1,40,0,0,0
2005-01-05 02:00:00,7.0,93,2.1,10,0,0,0
2005-01-05 03:00:00,7.0,93,3.6,30,0,0,0
2005-01-05 04:00:00,7.0,93,4.1,10,0,0,0
2005-01-05 05:00:00,6.0,100,3.6,50,0,0,0
2005-01-05 06:00:00,6.0,100,3.1,360,0,0,0
2005-01-05 07:00:00,6.0,100,2.6,10,0,0,0
2005-01-05 08:00:00,6.0,100,0.0,0,0,0,0
2005-01-05 09:00:00,6.0,100,2.6,50,20,0,20
2005-01-05 10:00:00,6.0,100,3.6,350,100,0,100
2005-01-05 11:00:00,6.0,100,4.1,20,65,0,65
2005-01-05 12:00:00,6.0,87,3.6,20,223,60,196
2005-01-05 13:00:00,5.0,93,5.1,60,72,0,72
2005-01-05 14:00:00,4.0,93,5.1,50,63,0,63
2005-01-05 15:00:00,4.0,93,4.6,50,93,0,93
2005-01-05 16:00:00,4.0,87,5.1,60,49,0,49
2005-01-05 17:00:00,3.0,93,3.6,40,24,27,22
2005-01-05 18:00:00,3.0,93,4.6,60,0,0,0
2005-01-05 19:00:00,3.0,93,4.1,60,0,0,0
2005-01-05 20:00:00,3.0,93,3.6,70,0,0,0
2005-01-05 21:00:00,3.0,93,4.1,60,0,0,0
2005-01-05 22:00:00,3.0,93,1.5,70,0,0,0
2005-01-05 23:00:00,3.0,93,2.6,80,0,0,0
2005-01-06 00:00:00,3.0,93,2.6,80,0,0,0
2005-01-06 01:00:00,3.0,93,2.6,70,0,0,0
2005-01-06 02:00:00,3.0,93,3.1,90,0,0,0
2005-01-06 03:00:00,3.0,93,2.6,70,0,0,0
2005-01-06 04:00:00,3.0,93,3.1,80,0,0,0
2005-01-06 05:00:00,3.0,93,3.1,70,0,0,0
2005-01-06 06:00:00,2.0,93,4.1,60,0,0,0
2005-01-06 07:00:00,2.0,93,3.6,80,0,0,0
2005-01-06 08:00:00,2.0,93,3.1,60,0,0,0
2005-01-06 09:00:00,3.0,93,3.1,60,30,0,30
2005-01-06 10:00:00,3.0,93,2.1,70,43,0,43
2005-01-06 11:00:00,3.0,93,2.1,40,58,0,58
2005-01-06 12:00:00,3.0,93,2.1,290,68,0,68
2005-01-06 13:00:00,2.0,100,1.5,300,72,0,72
2005-01-06 14:00:00,3.0,93,0.0,0,69,0,69
2005-01-06 15:00:00,3.0,100,2.1,320,49,0,49
2005-01-06 16:00:00,3.0,100,2.1,310,69,0,69
2005-01-06 17:00:00,3.0,100,0.0,0,28,60,23
2005-01-06 18:00:00,3.0,100,2.6,320,0,0,0
2005-01-06 19:00:00,3.0,93,1.5,10,0,0,0
2005-01-06 20:00:00,3.0,100,0.0,0,0,0,0
2005-01-06 21:00:00,2.0,100,0.0,0,0,0,0
2005-01-06 22:00:00,2.0,93,0.0,0,0,0,0
2005-01-06 23:00:00,4.0,87,3.1,240,0,0,0
2005-01-07 00:00:00,7.0,66,9.3,270,0,0,0
2005-01-07 01:00:00,6.0,60,8.7,270,0,0,0
2005-01-07 02:00:00,4.0,69,6.7,270,0,0,0
2005-01-07 03:00:00,4.0,69,6.7,270,0,0,0
2005-01-07 04:00:00,3.0,68,7.7,290,0,0,0
2005-01-07 05:00:00,3.0,63,10.3,280,0,0,0
2005-01-07 06:00:00,3.0,63,5.7,280,0,0,0
2005-01-07 07:00:00,2.0,62,6.7,290,0,0,0
2005-01-07 08:00:00,2.0,67,4.6,290,0,0,0
2005-01-07 09:00:00,2.0,67,4.1,310,59,0,59
2005-01-07 10:00:00,2.0,62,3.6,310,142,44,130
2005-01-07 11:00:00,2.5,60,3.4,310,227,110,184
2005-01-07 12:00:00,3.0,58,3.1,310,211,30,197
2005-01-07 13:00:00,3.0,58,2.1,330,251,60,223
2005-01-07 14:00:00,3.0,58,2.6,360,254,95,213
2005-01-07 15:00:00,3.0,58,0.0,0,214,135,166
2005-01-07 16:00:00,3.0,58,2.1,60,113,90,92
2005-01-07 17:00:00,3.0,58,2.6,60,16,0,16
2005-01-07 18:00:00,3.0,58,1.5,70,0,0,0
2005-01-07 19:00:00,3.0,68,1.5,110,0,0,0
2005-01-07 20:00:00,2.0,80,0.0,0,0,0,0
2005-01-07 21:00:00,2.0,87,1.5,100,0,0,0
2005-01-07 22:00:00,2.0,93,0.0,0,0,0,0
2005-01-07 23:00:00,2.0,93,0.0,0,0,0,0
2005-01-08 00:00:00,2.0,93,0.0,0,0,0,0
2005-01-08 01:00:00,2.0,93,0.0,0,0,0,0
2005-01-08 02:00:00,2.0,100,0.0,0,0,0,0
2005-01-08 03:00:00,3.0,93,2.6,130,0,0,0
2005-01-08 04:00:00,3.0,87,2.6,90,0,0,0
2005-01-08 05:00:00,2.0,100,2.6,110,0,0,0
2005-01-08 06:00:00,3.0,93,3.6,140,0,0,0
2005-01-08 07:00:00,3.0,93,4.1,130,0,0,0
2005-01-08 08:00:00,3.0,93,5.1,140,0,0,0
2005-01-08 09:00:00,3.0,100,3.1,130,20,0,20
2005-01-08 10:00:00,4.0,93,2.1,190,214,234,146
2005-01-08 11:00:00,4.0,100,4.1,140,123,0,123
2005-01-08 12:00:00,6.0,87,3.1,200,74,0,74
2005-01-08 13:00:00,7.0,87,6.2,240,72,0,72
2005-01-08 14:00:00,9.0,71,9.8,260,144,0,144
2005-01-08 15:00:00,9.0,57,12.9,270,313,504,133
2005-01-08 16:00:00,7.0,61,12.9,270,207,485,93
2005-01-08 17:00:00,6.0,60,6.2,290,29,37,25
2005-01-08 18:00:00,5.0,64,6.2,300,0,0,0
2005-01-08 19:00:00,4.0,69,6.7,280,0,0,0
2005-01-08 20:00:00,4.0,69,6.7,300,0,0,0
2005-01-08 21:00:00,4.0,69,5.1,310,0,0,0
2005-01-08 22:00:00,4.0,69,4.6,320,0,0,0
2005-01-08 23:00:00,3.0,74,4.6,310,0,0,0
2005-01-09 00:00:00,3.0,68,5.7,310,0,0,0
2005-01-09 01:00:00,3.0,68,3.1,320,0,0,0
2005-01-09 02:00:00,3.0,68,2.1,320,0,0,0
2005-01-09 03:00:00,3.0,68,4.1,330,0,0,0
2005-01-09 04:00:00,2.0,73,2.6,310,0,0,0
2005-01-09 05:00:00,2.0,73,2.1,330,0,0,0
2005-01-09 06:00:00,2.0,73,2.1,360,0,0,0
2005-01-09 07:00:00,2.0,73,3.6,40,0,0,0
2005-01-09 08:00:00,2.0,73,3.1,50,0,0,0
2005-01-09 09:00:00,2.0,80,0.0,0,99,109,82
2005-01-09 10:00:00,3.0,68,1.5,40,43,0,43
2005-01-09 11:00:00,3.0,74,0.0,0,71,0,71
2005-01-09 12:00:00,3.0,74,2.1,240,93,0,93
2005-01-09 13:00:00,3.0,74,3.1,180,150,0,150
2005-01-09 14:00:00,3.0,68,4.1,140,104,0,104
2005-01-09 15:00:00,4.0,69,3.6,150,115,0,115
2005-01-09 16:00:00,3.0,74,5.1,140,134,181,90
2005-01-09 17:00:00,3.0,68,4.1,140,42,174,27
2005-01-09 18:00:00,3.0,74,2.6,140,0,0,0
2005-01-09 19:00:00,3.0,74,3.6,150,0,0,0
2005-01-09 20:00:00,3.0,74,2.6,160,0,0,0
2005-01-09 21:00:00,2.0,80,3.6,140,0,0,0
2005-01-09 22:00:00,2.0,80,4.6,150,0,0,0
2005-01-09 23:00:00,2.0,80,5.1,150,0,0,0
2005-01-10 00:00:00,2.0,80,5.1,150,0,0,0
2005-01-10 01:00:00,2.0,80,4.1,150,0,0,0
2005-01-10 02:00:00,2.0,80,4.6,150,0,0,0
2005-01-10 03:00:00,1.0,86,2.6,140,0,0,0
2005-01-10 04:00:00,1.0,86,2.1,130,0,0,0
2005-01-10 05:00:00,-1.0,92,3.1,320,0,0,0
2005-01-10 06:00:00,-1.0,92,0.0,0,0,0,0
2005-01-10 07:00:00,-1.0,92,1.5,150,0,0,0
2005-01-10 08:00:00,-1.0,100,2.1,140,0,0,0
2005-01-10 09:00:00,1.0,86,0.0,0,98,203,68
2005-01-10 10:00:00,1.0,93,2.1,100,213,386,101
2005-01-10 11:00:00,3.0,87,1.5,120,331,503,131
2005-01-10 12:00:00,6.0,75,0.0,0,378,466,164
2005-01-10 13:00:00,9.0,66,4.1,280,413,552,151
2005-01-10 14:00:00,11.0,54,9.8,280,352,440,158
2005-01-10 15:00:00,11.0,50,8.7,280,264,357,134
2005-01-10 16:00:00,10.0,54,5.1,280,169,412,69
2005-01-10 17:00:00,8.0,57,3.6,330,39,151,26
2005-01-10 18:00:00,7.0,61,6.7,310,0,0,0
2005-01-10 19:00:00,6.0,60,4.6,320,0,0,0
2005-01-10 20:00:00,6.0,60,4.6,340,0,0,0
2005-01-10 21:00:00,5.0,64,3.6,360,0,0,0
2005-01-10 22:00:00,4.0,69,2.6,340,0,0,0
2005-01-10 23:00:00,3.0,74,0.0,0,0,0,0
2005-01-11 00:00:00,3.0,74,2.6,70,0,0,0
2005-01-11 01:00:00,2.8,75,2.9,60,0,0,0
2005-01-11 02:00:00,3.0,74,3.3,60,0,0,0
2005-01-11 03:00:00,3.0,74,3.6,50,0,0,0
2005-01-11 04:00:00,2.0,80,1.5,290,0,0,0
2005-01-11 05:00:00,2.0,80,0.0,0,0,0,0
2005-01-11 06:00:00,2.0,80,3.1,240,0,0,0
2005-01-11 07:00:00,3.0,74,3.1,110,0,0,0
2005-01-11 08:00:00,3.0,81,2.6,50,0,0,0
2005-01-11 09:00:00,4.0,69,2.6,60,108,261,68
2005-01-11 10:00:00,3.0,87,0.0,0,199,291,114
2005-01-11 11:00:00,4.0,81,2.1,240,312,398,153
2005-01-11 12:00:00,3.0,93,2.1,40,347,339,191
2005-01-11 13:00:00,3.0,93,2.6,80,389,468,166
2005-01-11 14:00:00,5.0,87,3.1,120,358,428,168
2005-01-11 15:00:00,6.0,75,4.1,140,281,404,133
2005-01-11 16:00:00,6.0,75,3.6,140,169,339,86
2005-01-11 17:00:00,4.0,93,3.1,330,43,157,29
2005-01-11 18:00:00,4.0,93,3.6,80,0,0,0
2005-01-11 19:00:00,4.0,93,4.1,60,0,0,0
2005-01-11 20:00:00,4.0,87,4.1,10,0,0,0
2005-01-11 21:00:00,4.0,87,3.6,70,0,0,0
2005-01-11 22:00:00,3.0,93,3.6,330,0,0,0
2005-01-11 23:00:00,3.0,93,2.6,330,0,0,0
2005-01-12 00:00:00,2.0,100,4.1,340,0,0,0
2005-01-12 01:00:00,3.0,93,3.6,10,0,0,0
2005-01-12 02:00:00,3.0,93,3.1,330,0,0,0
2005-01-12 03:00:00,3.0,93,3.6,330,0,0,0
2005-01-12 04:00:00,3.0,93,3.1,320,0,0,0
2005-01-12 05:00:00,3.0,93,1.5,10,0,0,0
2005-01-12 06:00:00,2.0,100,2.6,320,0,0,0
2005-01-12 07:00:00,2.0,100,3.1,320,0,0,0
2005-01-12 08:00:00,2.0,100,2.1,340,0,0,0
2005-01-12 09:00:00,3.0,93,2.1,340,98,217,64
2005-01-12 10:00:00,3.0,100,2.6,320,227,436,99
2005-01-12 11:00:00,4.0,93,3.1,340,331,466,144
2005-01-12 12:00:00,5.0,93,2.6,320,391,490,163
2005-01-12 13:00:00,5.0,93,2.6,330,407,492,171
2005-01-12 14:00:00,6.0,93,2.6,330,376,499,152
2005-01-12 15:00:00,6.0,93,3.1,330,297,481,120
2005-01-12 16:00:00,6.0,93,2.1,330,180,396,81
2005-01-12 17:00:00,6.0,87,1.5,360,48,182,30
2005-01-12 18:00:00,6.0,87,2.6,10,0,0,0
2005-01-12 19:00:00,6.0,87,2.6,350,0,0,0
2005-01-12 20:00:00,6.0,87,2.6,350,0,0,0
2005-01-12 21:00:00,5.0,93,2.6,10,0,0,0
2005-01-12 22:00:00,6.0,87,1.5,350,0,0,0
2005-01-12 23:00:00,6.0,93,2.1,300,0,0,0
2005-01-13 00:00:00,5.0,93,1.5,340,0,0,0
2005-01-13 01:00:00,5.0,93,3.1,310,0,0,0
2005-01-13 02:00:00,5.0,100,1.5,320,0,0,0
2005-01-13 03:00:00,5.0,93,2.1,320,0,0,0
2005-01-13 04:00:00,5.0,100,0.0,0,0,0,0
2005-01-13 05:00:00,5.0,100,0.0,0,0,0,0
2005-01-13 06:00:00,5.0,100,2.1,310,0,0,0
2005-01-13 07:00:00,6.0,100,0.0,0,0,0,0
2005-01-13 08:00:00,5.0,100,2.1,290,0,0,0
2005-01-13 09:00:00,6.0,100,0.0,0,107,217,74
2005-01-13 10:00:00,8.0,100,2.6,290,227,442,96
2005-01-13 11:00:00,9.0,93,0.0,0,318,429,145
2005-01-13 12:00:00,9.0,93,2.6,310,378,435,175
2005-01-13 13:00:00,17.0,77,6.7,160,401,456,181
2005-01-13 14:00:00,17.0,77,3.1,170,364,464,155
2005-01-13 15:00:00,19.0,68,7.7,170,298,504,110
2005-01-13 16:00:00,19.0,64,11.3,160,180,380,84
2005-01-13 17:00:00,18.0,73,6.2,150,48,174,31
2005-01-13 18:00:00,19.0,68,9.8,170,0,0,0
2005-01-13 19:00:00,18.0,73,8.2,160,0,0,0
2005-01-13 20:00:00,18.0,73,6.7,160,0,0,0
2005-01-13 21:00:00,18.0,77,9.8,160,0,0,0
2005-01-13 22:00:00,16.0,94,7.7,150,0,0,0
2005-01-13 23:00:00,17.0,88,8.7,150,0,0,0
2005-01-14 00:00:00,17.0,94,9.3,150,0,0,0
2005-01-14 01:00:00,13.0,100,5.7,270,0,0,0
2005-01-14 02:00:00,13.0,94,0.0,0,0,0,0
2005-01-14 03:00:00,13.0,94,1.5,220,0,0,0
2005-01-14 04:00:00,13.0,94,2.1,200,0,0,0
2005-01-14 05:00:00,10.0,82,10.8,300,0,0,0
2005-01-14 06:00:00,7.0,87,7.2,290,0,0,0
2005-01-14 07:00:00,6.0,87,7.7,300,0,0,0
2005-01-14 08:00:00,4.0,81,9.8,310,0,0,0
2005-01-14 09:00:00,4.0,75,8.2,320,87,72,76
2005-01-14 10:00:00,4.0,69,11.3,310,199,272,118
2005-01-14 11:00:00,4.0,69,10.3,300,299,325,167
2005-01-14 12:00:00,4.0,64,8.7,310,354,333,197
2005-01-14 13:00:00,4.0,59,6.7,320,372,342,205
2005-01-14 14:00:00,4.0,54,6.2,320,336,333,184
2005-01-14 15:00:00,4.0,54,5.7,320,265,311,148
2005-01-14 16:00:00,3.0,49,6.2,310,161,261,94
2005-01-14 17:00:00,2.0,48,8.7,310,46,127,32
2005-01-14 18:00:00,2.0,48,7.7,310,0,0,0
2005-01-14 19:00:00,1.0,56,5.7,300,0,0,0
2005-01-14 20:00:00,0.0,55,5.1,300,0,0,0
2005-01-14 21:00:00,0.0,51,3.6,330,0,0,0
2005-01-14 22:00:00,-1.0,55,4.1,320,0,0,0
2005-01-14 23:00:00,-1.0,55,4.6,330,0,0,0
2005-01-15 00:00:00,-2.0,46,6.2,320,0,0,0
2005-01-15 01:00:00,-2.0,46,7.2,310,0,0,0
2005-01-15 02:00:00,-3.0,50,0.0,0,0,0,0
2005-01-15 03:00:00,-3.0,50,4.1,310,0,0,0
2005-01-15 04:00:00,-4.0,54,1.5,350,0,0,0
2005-01-15 05:00:00,-4.0,50,2.1,30,0,0,0
2005-01-15 06:00:00,-4.0,50,1.5,50,0,0,0
2005-01-15 07:00:00,-4.0,50,2.1,330,0,0,0
2005-01-15 08:00:00,-4.0,50,2.6,340,0,0,0
2005-01-15 09:00:00,-4.0,54,3.1,310,126,353,70
2005-01-15 10:00:00,-3.0,46,3.6,300,255,575,83
2005-01-15 11:00:00,-3.0,42,2.6,330,370,649,105
2005-01-15 12:00:00,-2.0,35,2.1,320,440,690,115
2005-01-15 13:00:00,-2.0,38,1.5,320,456,708,109
2005-01-15 14:00:00,-1.0,39,1.5,320,417,672,110
2005-01-15 15:00:00,-1.0,39,1.5,320,326,605,97
2005-01-15 16:00:00,0.0,32,2.1,320,201,511,69
2005-01-15 17:00:00,-1.0,35,0.0,0,53,230,29
2005-01-15 18:00:00,-1.0,39,1.5,60,0,0,0
2005-01-15 19:00:00,-2.0,50,1.5,40,0,0,0
2005-01-15 20:00:00,-2.0,42,2.6,70,0,0,0
2005-01-15 21:00:00,-3.0,50,1.5,60,0,0,0
2005-01-15 22:00:00,-3.0,55,2.1,60,0,0,0
2005-01-15 23:00:00,-3.0,60,2.1,70,0,0,0
2005-01-16 00:00:00,-3.0,60,2.1,70,0,0,0
2005-01-16 01:00:00,-4.0,71,0.0,0,0,0,0
2005-01-16 02:00:00,-4.0,71,0.0,0,0,0,0
2005-01-16 03:00:00,-4.0,71,0.0,0,0,0,0
2005-01-16 04:00:00,-5.0,84,2.1,310,0,0,0
2005-01-16 05:00:00,-5.0,84,2.1,350,0,0,0
2005-01-16 06:00:00,-5.0,84,2.6,340,0,0,0
2005-01-16 07:00:00,-4.0,71,2.6,360,0,0,0
2005-01-16 08:00:00,-4.0,65,2.6,30,0,0,0
2005-01-16 09:00:00,-3.0,60,1.5,50,115,273,72
2005-01-16 10:00:00,-2.1,54,1.8,50,255,530,95
2005-01-16 11:00:00,-1.3,48,2.1,50,364,613,112
2005-01-16 12:00:00,-0.5,43,2.3,50,428,635,126
2005-01-16 13:00:00,0.0,39,2.6,50,444,636,131
2005-01-16 14:00:00,0.0,43,4.1,50,411,625,124
2005-01-16 15:00:00,-0.3,46,4.1,60,326,593,100
2005-01-16 16:00:00,-1.0,50,4.1,60,202,500,71
2005-01-16 17:00:00,-1.1,51,3.4,60,61,266,32
2005-01-16 18:00:00,-1.3,51,2.8,60,0,0,0
2005-01-16 19:00:00,-1.0,50,2.1,60,0,0,0
2005-01-16 20:00:00,-1.7,51,2.7,50,0,0,0
2005-01-16 21:00:00,-2.5,47,3.3,40,0,0,0
2005-01-16 22:00:00,-3.0,48,3.9,30,0,0,0
2005-01-16 23:00:00,-4.0,50,4.5,20,0,0,0
2005-01-17 00:00:00,-4.5,50,5.1,10,0,0,0
2005-01-17 01:00:00,-5.2,50,5.7,360,0,0,0
2005-01-17 02:00:00,-5.7,51,6.3,350,0,0,0
2005-01-17 03:00:00,-6.2,50,6.9,340,0,0,0
2005-01-17 04:00:00,-6.7,50,7.5,330,0,0,0
2005-01-17 05:00:00,-7.2,51,8.1,320,0,0,0
2005-01-17 06:00:00,-7.4,49,8.7,310,0,0,0
2005-01-17 07:00:00,-8.0,53,9.3,300,0,0,0
2005-01-17 08:00:00,-8.0,58,7.7,290,0,0,0
2005-01-17 09:00:00,-8.6,57,8.2,290,115,251,75
2005-01-17 10:00:00,-9.0,53,8.7,290,248,505,94
2005-01-17 11:00:00,-8.0,49,7.2,280,312,349,168
2005-01-17 12:00:00,-7.8,46,8.3,290,354,327,198
2005-01-17 13:00:00,-8.0,44,9.3,300,444,534,179
2005-01-17 14:00:00,-7.7,42,9.0,290,313,196,222
2005-01-17 15:00:00,-8.0,40,8.7,280,266,258,166
2005-01-17 16:00:00,-8.0,44,10.3,280,238,507,103
2005-01-17 17:00:00,-9.0,44,8.2,300,51,99,40
2005-01-17 18:00:00,-9.0,44,5.7,290,0,0,0
2005-01-17 19:00:00,-10.0,53,6.7,280,0,0,0
2005-01-17 20:00:00,-10.0,48,10.3,290,0,0,0
2005-01-17 21:00:00,-10.0,44,10.3,300,0,0,0
2005-01-17 22:00:00,-11.0,48,9.3,290,0,0,0
2005-01-17 23:00:00,-11.5,50,9.0,290,0,0,0
2005-01-18 00:00:00,-11.6,49,8.7,290,0,0,0
2005-01-18 01:00:00,-11.9,50,8.4,290,0,0,0
2005-01-18 02:00:00,-11.9,50,8.1,290,0,0,0
2005-01-18 03:00:00,-12.0,50,7.9,300,0,0,0
2005-01-18 04:00:00,-12.1,50,7.6,300,0,0,0
2005-01-18 05:00:00,-12.1,50,7.3,300,0,0,0
2005-01-18 06:00:00,-11.9,48,7.0,300,0,0,0
2005-01-18 07:00:00,-12.0,52,6.7,300,0,0,0
2005-01-18 08:00:00,-12.2,51,7.6,300,0,0,0
2005-01-18 09:00:00,-11.7,50,8.4,300,95,122,75
2005-01-18 10:00:00,-11.0,48,9.3,300,290,593,108
2005-01-18 11:00:00,-10.0,44,8.2,290,409,802,76
2005-01-18 12:00:00,-9.0,40,8.2,300,496,829,98
2005-01-18 13:00:00,-8.0,33,7.2,300,498,804,97
2005-01-18 14:00:00,-8.0,37,8.2,310,452,780,88
2005-01-18 15:00:00,-8.0,33,6.7,300,366,746,75
2005-01-18 16:00:00,-7.0,28,4.6,320,233,655,57
2005-01-18 17:00:00,-8.0,30,3.1,330,78,394,32
2005-01-18 18:00:00,-9.0,36,2.1,20,0,0,0
2005-01-18 19:00:00,-9.0,40,3.1,350,0,0,0
2005-01-18 20:00:00,-9.0,36,0.0,0,0,0,0
2005-01-18 21:00:00,-10.0,44,2.6,100,0,0,0
2005-01-18 22:00:00,-9.8,43,3.2,110,0,0,0
2005-01-18 23:00:00,-10.0,44,3.7,110,0,0,0
2005-01-19 00:00:00,-9.8,44,4.3,120,0,0,0
2005-01-19 01:00:00,-9.8,43,4.8,120,0,0,0
2005-01-19 02:00:00,-9.5,42,5.4,130,0,0,0
2005-01-19 03:00:00,-9.2,42,6.0,130,0,0,0
2005-01-19 04:00:00,-9.0,40,6.5,140,0,0,0
2005-01-19 05:00:00,-8.7,40,7.1,140,0,0,0
2005-01-19 06:00:00,-8.2,38,7.6,150,0,0,0
2005-01-19 07:00:00,-8.0,40,8.2,150,0,0,0
2005-01-19 08:00:00,-8.0,44,7.2,150,0,0,0
2005-01-19 09:00:00,-9.0,70,8.7,150,47,0,47
2005-01-19 10:00:00,-9.0,84,8.7,140,92,0,92
2005-01-19 11:00:00,-8.0,77,7.2,160,97,0,97
2005-01-19 12:00:00,-8.0,77,7.7,160,105,0,105
2005-01-19 13:00:00,-7.0,70,5.1,150,144,0,144
2005-01-19 14:00:00,-6.7,70,4.9,170,99,0,99
2005-01-19 15:00:00,-7.0,70,4.6,180,111,0,111
2005-01-19 16:00:00,-6.0,70,3.1,160,107,17,102
2005-01-19 17:00:00,-6.0,77,4.1,170,41,20,39
2005-01-19 18:00:00,-6.3,78,3.1,190,0,0,0
2005-01-19 19:00:00,-6.0,77,2.1,200,0,0,0
2005-01-19 20:00:00,-5.0,77,2.1,180,0,0,0
2005-01-19 21:00:00,-4.6,70,2.4,190,0,0,0
2005-01-19 22:00:00,-4.0,71,2.6,200,0,0,0
2005-01-19 23:00:00,-4.2,71,2.9,210,0,0,0
2005-01-20 00:00:00,-3.9,68,3.3,220,0,0,0
2005-01-20 01:00:00,-3.9,66,3.6,230,0,0,0
2005-01-20 02:00:00,-3.6,64,4.0,240,0,0,0
2005-01-20 03:00:00,-3.3,61,4.3,250,0,0,0
2005-01-20 04:00:00,-3.1,59,4.7,260,0,0,0
2005-01-20 05:00:00,-2.7,56,5.0,270,0,0,0
2005-01-20 06:00:00,-2.2,53,5.4,280,0,0,0
2005-01-20 07:00:00,-2.0,55,5.7,290,0,0,0
2005-01-20 08:00:00,-3.0,71,4.1,320,0,0,0
2005-01-20 09:00:00,-3.0,65,5.7,310,38,0,38
2005-01-20 10:00:00,-2.0,60,5.1,320,148,57,131
2005-01-20 11:00:00,-2.0,55,5.1,300,415,600,163
2005-01-20 12:00:00,-2.0,55,6.7,280,490,810,96
2005-01-20 13:00:00,-1.0,50,6.2,290,540,684,195
2005-01-20 14:00:00,-1.0,46,5.1,300,244,77,207
2005-01-20 15:00:00,-0.5,43,5.1,300,399,623,153
2005-01-20 16:00:00,-0.3,42,5.1,310,239,668,55
2005-01-20 17:00:00,-0.6,42,4.1,320,84,404,34
2005-01-20 18:00:00,-1.0,42,3.6,320,0,0,0
2005-01-20 19:00:00,-2.0,46,3.6,320,0,0,0
2005-01-20 20:00:00,-2.0,46,4.1,320,0,0,0
2005-01-20 21:00:00,-2.0,46,3.6,320,0,0,0
2005-01-20 22:00:00,-2.0,46,3.6,320,0,0,0
2005-01-20 23:00:00,-3.0,46,3.6,320,0,0,0
2005-01-21 00:00:00,-3.0,46,2.1,330,0,0,0
2005-01-21 01:00:00,-3.0,42,2.1,360,0,0,0
2005-01-21 02:00:00,-3.0,42,3.1,10,0,0,0
2005-01-21 03:00:00,-4.0,45,5.1,10,0,0,0
2005-01-21 04:00:00,-5.0,45,4.6,20,0,0,0
2005-01-21 05:00:00,-6.0,49,4.6,30,0,0,0
2005-01-21 06:00:00,-7.0,54,4.6,360,0,0,0
2005-01-21 07:00:00,-8.0,44,4.1,20,0,0,0
2005-01-21 08:00:00,-9.0,48,4.6,10,0,30,0
2005-01-21 09:00:00,-8.0,40,4.6,360,112,170,84
2005-01-21 10:00:00,-7.0,34,3.6,10,296,605,107
2005-01-21 11:00:00,-7.0,34,4.6,330,421,814,77
2005-01-21 12:00:00,-6.0,31,4.6,330,490,804,96
2005-01-21 13:00:00,-6.0,31,4.1,350,528,840,101
2005-01-21 14:00:00,-4.0,26,4.6,300,493,827,98
2005-01-21 15:00:00,-4.0,24,4.1,310,378,753,77
2005-01-21 16:00:00,-4.0,21,3.6,350,245,669,58
2005-01-21 17:00:00,-6.0,25,3.1,10,89,426,34
2005-01-21 18:00:00,-7.0,31,2.6,340,0,0,0
2005-01-21 19:00:00,-8.0,37,3.1,10,0,0,0
2005-01-21 20:00:00,-8.0,37,3.6,20,0,0,0
2005-01-21 21:00:00,-9.0,40,3.1,60,0,0,0
2005-01-21 22:00:00,-9.0,40,2.6,70,0,0,0
2005-01-21 23:00:00,-10.0,44,3.1,80,0,0,0
2005-01-22 00:00:00,-10.0,48,2.1,80,0,0,0
2005-01-22 01:00:00,-11.0,48,2.6,80,0,0,0
2005-01-22 02:00:00,-11.0,43,2.6,100,0,0,0
2005-01-22 03:00:00,-11.0,48,0.0,0,0,0,0
2005-01-22 04:00:00,-10.0,43,1.8,70,0,0,0
2005-01-22 05:00:00,-9.0,40,3.6,130,0,0,0
2005-01-22 06:00:00,-9.0,40,3.1,120,0,0,0
2005-01-22 07:00:00,-10.0,70,5.1,140,0,0,0
2005-01-22 08:00:00,-10.0,70,6.2,140,0,0,0
2005-01-22 09:00:00,-10.0,84,5.7,110,56,0,56
2005-01-22 10:00:00,-10.0,84,5.1,130,70,0,70
2005-01-22 11:00:00,-9.0,77,5.7,140,97,0,97
2005-01-22 12:00:00,-9.0,84,7.7,140,124,0,124
2005-01-22 13:00:00,-9.0,84,5.7,130,126,0,126
2005-01-22 14:00:00,-7.0,77,7.2,140,75,0,75
2005-01-22 15:00:00,-7.0,77,4.1,140,67,0,67
2005-01-22 16:00:00,-6.0,77,4.1,140,41,0,41
2005-01-22 17:00:00,-6.0,77,1.5,190,82,214,54
2005-01-22 18:00:00,-6.0,77,0.0,0,0,0,0
2005-01-22 19:00:00,-8.0,77,5.1,340,0,0,0
2005-01-22 20:00:00,-9.0,84,5.1,340,0,0,0
2005-01-22 21:00:00,-9.0,84,3.1,340,0,0,0
2005-01-22 22:00:00,-11.0,91,1.5,40,0,0,0
2005-01-22 23:00:00,-11.0,84,2.1,330,0,0,0
2005-01-23 00:00:00,-9.0,77,2.6,310,0,0,0
2005-01-23 01:00:00,-7.0,59,11.3,280,0,0,0
2005-01-23 02:00:00,-8.0,53,12.3,300,0,0,0
2005-01-23 03:00:00,-9.0,58,11.8,290,0,0,0
2005-01-23 04:00:00,-11.0,63,10.3,300,0,0,0
2005-01-23 05:00:00,-11.0,58,10.8,310,0,0,0
2005-01-23 06:00:00,-12.0,57,10.3,310,0,0,0
2005-01-23 07:00:00,-12.0,57,11.8,310,0,0,0
2005-01-23 08:00:00,-12.0,57,8.2,310,1,9,1
2005-01-23 09:00:00,-12.0,57,8.2,310,83,49,75
2005-01-23 10:00:00,-11.0,53,8.2,320,91,0,91
2005-01-23 11:00:00,-11.0,53,9.8,310,421,600,164
2005-01-23 12:00:00,-9.0,48,9.3,310,484,774,100
2005-01-23 13:00:00,-8.0,44,9.8,310,528,672,182
2005-01-23 14:00:00,-8.0,44,9.8,290,151,0,151
2005-01-23 15:00:00,-8.0,49,9.3,300,328,400,165
2005-01-23 16:00:00,-7.0,41,9.3,310,267,613,91
2005-01-23 17:00:00,-8.0,44,8.7,310,91,410,35
2005-01-23 18:00:00,-8.0,40,7.2,310,0,0,0
2005-01-23 19:00:00,-9.0,40,6.2,300,0,0,0
2005-01-23 20:00:00,-9.0,40,6.2,310,0,0,0
2005-01-23 21:00:00,-10.0,44,5.1,290,0,0,0
2005-01-23 22:00:00,-11.0,48,3.1,300,0,0,0
2005-01-23 23:00:00,-12.0,52,3.1,260,0,0,0
2005-01-24 00:00:00,-12.0,48,3.1,290,0,0,0
2005-01-24 01:00:00,-13.0,52,8.2,290,0,0,0
2005-01-24 02:00:00,-13.0,47,7.7,290,0,0,0
2005-01-24 03:00:00,-13.0,47,5.7,290,0,0,0
2005-01-24 04:00:00,-14.0,47,3.6,270,0,0,0
2005-01-24 05:00:00,-13.0,47,2.6,210,0,0,0
2005-01-24 06:00:00,-14.0,52,2.1,180,0,0,0
2005-01-24 07:00:00,-13.0,43,2.6,190,0,0,0
2005-01-24 08:00:00,-12.0,43,3.6,220,1,0,1
2005-01-24 09:00:00,-11.0,48,1.5,210,64,0,64
2005-01-24 10:00:00,-9.0,44,3.1,180,204,195,141
2005-01-24 11:00:00,-8.0,37,2.6,180,201,31,188
2005-01-24 12:00:00,-7.1,37,3.0,180,205,12,199
2005-01-24 13:00:00,-6.6,38,3.4,170,168,0,168
2005-01-24 14:00:00,-6.0,41,3.7,170,76,0,76
2005-01-24 15:00:00,-6.0,45,4.1,160,72,0,72
2005-01-24 16:00:00,-6.0,49,2.1,190,262,464,127
2005-01-24 17:00:00,-6.0,45,4.1,170,84,242,50
2005-01-24 18:00:00,-6.0,49,2.6,200,0,0,0
2005-01-24 19:00:00,-6.0,54,3.1,220,0,0,0
2005-01-24 20:00:00,-6.0,54,2.1,230,0,0,0
2005-01-24 21:00:00,-4.0,45,7.2,280,0,0,0
2005-01-24 22:00:00,-4.0,50,6.2,270,0,0,0
2005-01-24 23:00:00,-4.0,54,8.7,280,0,0,0
2005-01-25 00:00:00,-4.0,59,6.2,280,0,0,0
2005-01-25 01:00:00,-3.0,60,6.2,290,0,0,0
2005-01-25 02:00:00,-3.0,60,3.6,290,0,0,0
2005-01-25 03:00:00,-3.0,60,3.1,300,0,0,0
2005-01-25 04:00:00,-3.0,65,4.6,290,0,0,0
2005-01-25 05:00:00,-3.0,65,5.1,290,0,0,0
2005-01-25 06:00:00,-3.0,71,3.1,290,0,0,0
2005-01-25 07:00:00,-2.0,65,5.1,280,0,0,0
2005-01-25 08:00:00,-2.0,65,4.6,280,2,53,1
2005-01-25 09:00:00,-2.0,65,3.6,260,155,252,110
2005-01-25 10:00:00,-1.0,60,3.1,230,154,57,136
2005-01-25 11:00:00,-1.0,66,3.1,250,136,0,136
2005-01-25 12:00:00,-1.0,66,4.1,250,496,629,180
2005-01-25 13:00:00,0.0,60,3.6,280,564,756,169
2005-01-25 14:00:00,0.0,55,1.5,310,384,357,208
2005-01-25 15:00:00,1.0,56,1.5,290,284,253,179
2005-01-25 16:00:00,1.0,56,0.0,0,155,115,121
2005-01-25 17:00:00,1.0,56,2.6,100,97,249,61
2005-01-25 18:00:00,0.0,60,2.1,110,0,0,0
2005-01-25 19:00:00,0.0,66,2.1,120,0,0,0
2005-01-25 20:00:00,1.0,61,2.6,110,0,0,0
2005-01-25 21:00:00,1.0,56,4.1,140,0,0,0
2005-01-25 22:00:00,1.0,56,3.6,140,0,0,0
2005-01-25 23:00:00,0.0,55,3.6,150,0,0,0
2005-01-26 00:00:00,0.0,55,3.6,160,0,0,0
2005-01-26 01:00:00,0.0,60,3.6,150,0,0,0
2005-01-26 02:00:00,1.0,56,2.6,180,0,0,0
2005-01-26 03:00:00,-1.0,66,0.0,0,0,0,0
2005-01-26 04:00:00,0.0,66,0.0,0,0,0,0
2005-01-26 05:00:00,-1.0,71,0.0,0,0,0,0
2005-01-26 06:00:00,0.0,66,0.0,0,0,0,0
2005-01-26 07:00:00,0.0,72,0.0,0,0,0,0
2005-01-26 08:00:00,-1.0,71,0.0,0,2,28,1
2005-01-26 09:00:00,0.0,72,0.0,0,109,126,86
2005-01-26 10:00:00,2.0,62,2.6,150,301,553,120
2005-01-26 11:00:00,3.0,63,0.0,0,369,434,178
2005-01-26 12:00:00,3.0,63,2.6,300,211,24,199
2005-01-26 13:00:00,4.0,59,1.5,320,120,0,120
2005-01-26 14:00:00,8.0,48,2.1,330,529,608,228
2005-01-26 15:00:00,8.0,52,3.6,310,329,353,181
2005-01-26 16:00:00,6.0,60,3.1,310,263,563,95
2005-01-26 17:00:00,4.0,69,5.1,340,98,411,38
2005-01-26 18:00:00,4.0,69,3.1,350,0,0,0
2005-01-26 19:00:00,3.0,68,7.2,350,0,0,0
2005-01-26 20:00:00,2.0,62,6.2,330,0,0,0
2005-01-26 21:00:00,1.0,51,7.7,340,0,0,0
2005-01-26 22:00:00,-1.0,55,7.7,340,0,0,0
2005-01-26 23:00:00,-2.0,50,6.2,340,0,0,0
2005-01-27 00:00:00,-3.0,46,7.7,330,0,0,0
2005-01-27 01:00:00,-6.0,54,6.2,340,0,0,0
2005-01-27 02:00:00,-7.0,49,5.7,340,0,0,0
2005-01-27 03:00:00,-8.0,53,4.1,350,0,0,0
2005-01-27 04:00:00,-9.0,53,3.1,350,0,0,0
2005-01-27 05:00:00,-11.0,63,0.0,0,0,0,0
2005-01-27 06:00:00,-11.0,63,3.6,310,0,0,0
2005-01-27 07:00:00,-12.0,63,0.0,0,0,0,0
2005-01-27 08:00:00,-11.0,58,3.6,320,3,107,1
2005-01-27 09:00:00,-11.0,53,4.1,330,153,467,68
2005-01-27 10:00:00,-9.0,44,4.6,320,329,747,82
2005-01-27 11:00:00,-8.0,40,4.1,340,433,783,87
2005-01-27 12:00:00,-8.0,40,3.1,330,527,871,83
2005-01-27 13:00:00,-7.0,37,4.6,320,540,864,82
2005-01-27 14:00:00,-6.0,37,4.1,340,506,858,77
2005-01-27 15:00:00,-6.0,34,5.1,330,407,795,71
2005-01-27 16:00:00,-6.0,34,5.1,340,269,695,58
2005-01-27 17:00:00,-6.0,34,3.6,340,111,501,36
2005-01-27 18:00:00,-7.0,37,4.6,330,0,0,0
2005-01-27 19:00:00,-8.0,40,3.1,330,0,0,0
2005-01-27 20:00:00,-8.0,37,2.6,350,0,0,0
2005-01-27 21:00:00,-9.0,44,1.5,360,0,0,0
2005-01-27 22:00:00,-9.0,40,2.6,360,0,0,0
2005-01-27 23:00:00,-9.0,40,3.1,350,0,0,0
2005-01-28 00:00:00,-11.0,48,2.1,360,0,0,0
2005-01-28 01:00:00,-12.0,48,3.1,350,0,0,0
2005-01-28 02:00:00,-12.0,52,2.6,330,0,0,0
2005-01-28 03:00:00,-13.0,57,2.6,340,0,0,0
2005-01-28 04:00:00,-13.0,57,2.6,340,0,0,0
2005-01-28 05:00:00,-14.0,57,2.6,350,0,0,0
2005-01-28 06:00:00,-14.0,57,2.1,340,0,0,0
2005-01-28 07:00:00,-14.0,57,3.1,330,0,0,0
2005-01-28 08:00:00,-14.0,57,2.1,350,3,80,2
2005-01-28 09:00:00,-12.0,52,4.1,350,134,333,72
2005-01-28 10:00:00,-10.0,48,3.6,10,293,514,122
2005-01-28 11:00:00,-8.0,44,3.1,350,362,416,177
2005-01-28 12:00:00,-7.0,41,1.5,350,496,647,163
2005-01-28 13:00:00,-6.0,37,1.5,360,480,612,154
2005-01-28 14:00:00,-6.0,41,1.5,360,419,429,203
2005-01-28 15:00:00,-6.0,37,0.0,0,402,642,128
2005-01-28 16:00:00,-4.0,31,0.0,0,254,564,81
2005-01-28 17:00:00,-4.0,31,1.5,300,112,378,54
2005-01-28 18:00:00,-5.0,34,0.0,0,0,0,0
2005-01-28 19:00:00,-6.0,41,0.0,0,0,0,0
2005-01-28 20:00:00,-6.0,41,0.0,0,0,0,0
2005-01-28 21:00:00,-7.0,45,2.1,70,0,0,0
2005-01-28 22:00:00,-7.0,45,2.6,70,0,0,0
2005-01-28 23:00:00,-8.0,49,2.1,60,0,0,0
2005-01-29 00:00:00,-8.0,53,0.0,0,0,0,0
2005-01-29 01:00:00,-9.0,58,0.0,0,0,0,0
2005-01-29 02:00:00,-9.0,58,0.0,0,0,0,0
2005-01-29 03:00:00,-11.0,76,0.0,0,0,0,0
2005-01-29 04:00:00,-10.0,58,2.6,60,0,0,0
2005-01-29 05:00:00,-9.0,48,2.1,70,0,0,0
2005-01-29 06:00:00,-10.0,53,3.1,80,0,0,0
2005-01-29 07:00:00,-12.0,69,1.5,310,0,0,0
2005-01-29 08:00:00,-12.0,76,2.6,290,2,0,2
2005-01-29 09:00:00,-7.0,45,0.0,0,71,0,71
2005-01-29 10:00:00,-7.0,49,0.0,0,251,295,152
2005-01-29 11:00:00,-4.0,34,4.6,170,446,678,141
2005-01-29 12:00:00,-3.0,32,4.6,140,446,478,199
2005-01-29 13:00:00,-2.0,29,3.1,160,583,762,173
2005-01-29 14:00:00,-1.0,29,5.7,140,471,554,190
2005-01-29 15:00:00,0.0,30,5.7,140,246,130,190
2005-01-29 16:00:00,-1.0,29,4.1,140,42,0,42
2005-01-29 17:00:00,-1.0,35,3.1,140,25,0,25
2005-01-29 18:00:00,-1.0,35,3.1,140,0,0,0
2005-01-29 19:00:00,-1.0,42,3.6,150,0,0,0
2005-01-29 20:00:00,-2.0,60,1.5,160,0,0,0
2005-01-29 21:00:00,-3.0,77,2.6,170,0,0,0
2005-01-29 22:00:00,-3.0,84,2.6,140,0,0,0
2005-01-29 23:00:00,-3.0,92,1.5,130,0,0,0
2005-01-30 00:00:00,-3.0,92,1.5,130,0,0,0
2005-01-30 01:00:00,-3.0,92,1.5,130,0,0,0
2005-01-30 02:00:00,-3.0,92,0.0,0,0,0,0
2005-01-30 03:00:00,-3.0,92,1.5,30,0,0,0
2005-01-30 04:00:00,-3.0,92,2.1,10,0,0,0
2005-01-30 05:00:00,-3.0,84,3.6,350,0,0,0
2005-01-30 06:00:00,-3.0,84,2.1,340,0,0,0
2005-01-30 07:00:00,-3.0,84,2.1,340,0,0,0
2005-01-30 08:00:00,-3.0,84,2.6,340,2,0,2
2005-01-30 09:00:00,-3.0,92,2.1,340,53,0,53
2005-01-30 10:00:00,-3.0,92,2.6,320,244,219,169
2005-01-30 11:00:00,-2.0,85,3.1,320,71,0,71
2005-01-30 12:00:00,-1.0,78,3.1,320,87,0,87
2005-01-30 13:00:00,1.0,51,6.2,340,312,102,257
2005-01-30 14:00:00,2.0,48,4.1,340,303,113,245
2005-01-30 15:00:00,2.0,48,4.6,340,319,301,188
2005-01-30 16:00:00,3.0,49,3.1,330,172,132,130
2005-01-30 17:00:00,3.0,45,1.5,330,118,301,69
2005-01-30 18:00:00,1.0,51,0.0,0,0,0,0
2005-01-30 19:00:00,0.0,55,0.0,0,0,0,0
2005-01-30 20:00:00,-1.0,50,3.1,340,0,0,0
2005-01-30 21:00:00,-1.0,50,3.1,360,0,0,0
2005-01-30 22:00:00,-1.0,42,2.6,350,0,0,0
2005-01-30 23:00:00,-1.0,42,4.6,360,0,0,0
2005-01-31 00:00:00,-1.0,42,5.1,360,0,0,0
2005-01-31 01:00:00,-2.0,55,5.7,360,0,0,0
2005-01-31 02:00:00,-3.0,60,5.1,350,0,0,0
2005-01-31 03:00:00,-4.0,65,4.1,340,0,0,0
2005-01-31 04:00:00,-4.0,65,4.6,340,0,0,0
2005-01-31 05:00:00,-6.0,77,4.1,320,0,0,0
2005-01-31 06:00:00,-6.0,77,3.1,330,0,0,0
2005-01-31 07:00:00,-6.0,77,3.6,360,0,0,0
2005-01-31 08:00:00,-7.0,84,3.6,320,5,87,3
2005-01-31 09:00:00,-4.0,65,4.6,340,140,316,78
2005-01-31 10:00:00,-1.0,55,3.6,340,327,683,92
2005-01-31 11:00:00,-1.0,60,4.1,320,452,813,81
2005-01-31 12:00:00,1.0,47,2.1,360,514,780,104
2005-01-31 13:00:00,1.8,44,2.1,340,529,708,142
2005-01-31 14:00:00,2.7,43,2.1,330,553,805,138
2005-01-31 15:00:00,3.0,41,2.1,310,448,855,72
2005-01-31 16:00:00,3.0,41,1.5,360,292,738,57
2005-01-31 17:00:00,2.0,44,1.5,50,123,509,39
2005-01-31 18:00:00,1.0,47,1.5,30,0,0,0
2005-01-31 19:00:00,0.0,51,0.8,20,0,0,0
2005-01-31 20:00:00,-1.0,55,0.0,0,0,0,0
2005-01-31 21:00:00,-1.0,55,2.1,100,0,0,0
2005-01-31 22:00:00,-1.8,55,2.6,100,0,0,0
2005-01-31 23:00:00,-2.8,65,3.2,0,0,0,0
2005-02-01 00:00:00,-3.7,65,3.7,60,0,0,0
1991-02-01 01:00:00,-4.6,76,4.3,280,0,0,0
1991-02-01 02:00:00,-5.5,77,4.8,270,0,0,0
1991-02-01 03:00:00,-6.5,78,5.4,270,0,0,0
1991-02-01 04:00:00,-7.5,79,5.9,260,0,0,0
1991-02-01 05:00:00,-7.6,80,6.0,260,0,0,0
1991-02-01 06:00:00,-7.5,80,6.1,250,0,0,0
1991-02-01 07:00:00,-7.7,87,6.2,250,0,0,0
1991-02-01 08:00:00,-6.6,79,6.2,260,16,133,8
1991-02-01 09:00:00,-3.8,72,4.6,250,153,578,40
1991-02-01 10:00:00,-2.7,72,2.6,140,200,201,131
1991-02-01 11:00:00,-1.6,65,2.6,270,366,297,230
1991-02-01 12:00:00,-0.5,63,2.6,240,204,0,204
1991-02-01 13:00:00,0.6,60,2.6,290,213,0,213
1991-02-01 14:00:00,1.1,64,4.6,250,201,0,201
1991-02-01 15:00:00,2.0,62,4.4,210,257,73,225
1991-02-01 16:00:00,2.2,62,4.1,160,199,252,118
1991-02-01 17:00:00,2.2,62,3.6,150,84,58,74
1991-02-01 18:00:00,1.1,66,2.6,140,10,106,5
1991-02-01 19:00:00,-0.5,71,2.6,150,0,0,0
1991-02-01 20:00:00,-2.1,80,0.0,0,0,0,0
1991-02-01 21:00:00,-1.6,70,2.1,190,0,0,0
1991-02-01 22:00:00,-1.0,66,1.5,170,0,0,0
1991-02-01 23:00:00,-1.0,65,0.0,0,0,0,0
1991-02-02 00:00:00,-1.5,65,0.1,10,0,0,0
1991-02-02 01:00:00,-2.0,69,0.1,30,0,0,0
1991-02-02 02:00:00,-2.4,69,0.2,40,0,0,0
1991-02-02 03:00:00,-2.8,70,0.3,60,0,0,0
1991-02-02 04:00:00,-3.3,70,0.4,70,0,0,0
1991-02-02 05:00:00,-3.7,72,0.4,90,0,0,0
1991-02-02 06:00:00,-3.8,71,0.5,100,0,0,0
1991-02-02 07:00:00,-4.3,76,1.4,140,0,0,0
1991-02-02 08:00:00,-3.8,72,2.1,180,14,64,10
1991-02-02 09:00:00,-2.1,62,0.0,0,147,570,34
1991-02-02 10:00:00,0.9,61,2.1,300,306,521,125
1991-02-02 11:00:00,3.9,51,4.1,230,356,439,154
1991-02-02 12:00:00,5.0,50,6.2,230,448,408,232
1991-02-02 13:00:00,10.0,37,6.2,210,458,517,174
1991-02-02 14:00:00,11.7,38,6.7,220,483,504,221
1991-02-02 15:00:00,12.2,27,5.1,210,386,596,122
1991-02-02 16:00:00,10.6,45,6.2,200,246,565,63
1991-02-02 17:00:00,10.6,47,5.1,190,125,485,43
1991-02-02 18:00:00,7.8,59,4.6,220,9,100,5
1991-02-02 19:00:00,6.1,69,4.1,210,0,0,0
1991-02-02 20:00:00,6.7,68,5.1,210,0,0,0
1991-02-02 21:00:00,6.8,66,4.9,200,0,0,0
1991-02-02 22:00:00,6.5,68,4.6,190,0,0,0
1991-02-02 23:00:00,5.5,73,4.4,180,0,0,0
1991-02-03 00:00:00,5.3,73,4.1,170,0,0,0
1991-02-03 01:00:00,5.1,75,3.9,160,0,0,0
1991-02-03 02:00:00,4.8,75,3.6,150,0,0,0
1991-02-03 03:00:00,4.7,76,3.4,140,0,0,0
1991-02-03 04:00:00,4.3,77,3.1,130,0,0,0
1991-02-03 05:00:00,4.1,78,2.9,120,0,0,0
1991-02-03 06:00:00,4.4,76,2.6,110,0,0,0
1991-02-03 07:00:00,4.0,81,3.9,150,0,0,0
1991-02-03 08:00:00,4.4,84,5.1,180,18,118,11
1991-02-03 09:00:00,7.8,72,5.1,190,152,533,44
1991-02-03 10:00:00,10.0,64,5.7,210,320,732,63
1991-02-03 11:00:00,13.3,53,5.7,270,460,823,78
1991-02-03 12:00:00,15.0,48,7.7,250,548,865,86
1991-02-03 13:00:00,17.2,41,8.2,270,574,876,89
1991-02-03 14:00:00,17.8,40,6.7,260,537,860,85
1991-02-03 15:00:00,18.9,37,7.7,270,439,812,76
1991-02-03 16:00:00,18.3,36,6.2,260,293,708,60
1991-02-03 17:00:00,16.1,39,4.6,250,124,478,41
1991-02-03 18:00:00,11.1,50,2.6,260,9,67,6
1991-02-03 19:00:00,9.4,52,4.1,270,0,0,0
1991-02-03 20:00:00,10.6,48,4.1,240,0,0,0
1991-02-03 21:00:00,10.0,46,0.0,0,0,0,0
1991-02-03 22:00:00,9.2,48,0.5,340,0,0,0
1991-02-03 23:00:00,7.8,53,0.9,320,0,0,0
1991-02-04 00:00:00,7.1,54,1.4,300,0,0,0
1991-02-04 01:00:00,6.4,57,1.8,280,0,0,0
1991-02-04 02:00:00,5.6,58,2.3,270,0,0,0
1991-02-04 03:00:00,5.0,60,2.7,250,0,0,0
1991-02-04 04:00:00,4.1,63,3.2,230,0,0,0
1991-02-04 05:00:00,3.5,65,3.6,210,0,0,0
1991-02-04 06:00:00,3.3,65,4.1,190,0,0,0
1991-02-04 07:00:00,2.2,72,3.6,130,0,0,0
1991-02-04 08:00:00,-0.5,88,2.1,90,12,3,12
1991-02-04 09:00:00,6.1,55,3.6,190,141,321,75
1991-02-04 10:00:00,10.0,46,2.1,190,221,363,92
1991-02-04 11:00:00,12.5,42,2.4,230,362,462,146
1991-02-04 12:00:00,15.0,37,2.6,270,411,178,315
1991-02-04 13:00:00,17.8,32,5.1,290,194,51,165
1991-02-04 14:00:00,18.4,31,4.4,280,291,106,234
1991-02-04 15:00:00,18.9,30,3.6,260,284,99,239
1991-02-04 16:00:00,20.0,28,4.6,240,100,0,100
1991-02-04 17:00:00,18.3,31,3.6,180,44,0,44
1991-02-04 18:00:00,15.6,37,3.6,180,10,2,10
1991-02-04 19:00:00,13.9,41,3.6,160,0,0,0
1991-02-04 20:00:00,11.1,49,4.6,100,0,0,0
1991-02-04 21:00:00,11.1,46,4.5,110,0,0,0
1991-02-04 22:00:00,10.7,48,4.5,110,0,0,0
1991-02-04 23:00:00,9.6,52,4.5,120,0,0,0
1991-02-05 00:00:00,9.3,53,4.4,130,0,0,0
1991-02-05 01:00:00,9.0,55,4.4,140,0,0,0
1991-02-05 02:00:00,8.6,56,4.3,140,0,0,0
1991-02-05 03:00:00,8.4,57,4.3,150,0,0,0
1991-02-05 04:00:00,7.9,59,4.2,160,0,0,0
1991-02-05 05:00:00,7.6,61,4.2,160,0,0,0
1991-02-05 06:00:00,7.8,60,4.1,170,0,0,0
1991-02-05 07:00:00,7.2,65,2.6,120,0,0,0
1991-02-05 08:00:00,6.1,70,3.1,140,21,70,17
1991-02-05 09:00:00,8.9,58,5.1,190,127,174,91
1991-02-05 10:00:00,12.8,55,5.1,180,286,644,56
1991-02-05 11:00:00,15.6,46,3.1,180,439,820,52
1991-02-05 12:00:00,18.3,36,3.6,190,524,835,71
1991-02-05 13:00:00,20.0,30,3.6,210,523,649,158
1991-02-05 14:00:00,20.6,25,3.1,170,350,331,173
1991-02-05 15:00:00,21.1,22,2.6,260,361,542,114
1991-02-05 16:00:00,20.6,23,2.6,200,251,144,202
1991-02-05 17:00:00,20.0,24,2.6,200,122,107,102
1991-02-05 18:00:00,17.8,30,2.1,200,9,19,8
1991-02-05 19:00:00,17.8,28,3.6,250,0,0,0
1991-02-05 20:00:00,16.1,33,2.6,230,0,0,0
1991-02-05 21:00:00,15.9,31,2.7,240,0,0,0
1991-02-05 22:00:00,15.4,32,2.9,250,0,0,0
1991-02-05 23:00:00,14.0,35,3.0,260,0,0,0
1991-02-06 00:00:00,13.5,35,3.1,270,0,0,0
1991-02-06 01:00:00,13.0,37,3.3,280,0,0,0
1991-02-06 02:00:00,12.4,37,3.4,300,0,0,0
1991-02-06 03:00:00,12.0,38,3.6,310,0,0,0
1991-02-06 04:00:00,11.3,38,3.7,320,0,0,0
1991-02-06 05:00:00,10.8,40,3.8,330,0,0,0
1991-02-06 06:00:00,10.8,39,4.0,340,0,0,0
1991-02-06 07:00:00,10.0,42,4.1,350,0,0,0
1991-02-06 08:00:00,10.0,42,4.1,350,6,0,6
1991-02-06 09:00:00,10.6,41,2.6,20,36,0,36
1991-02-06 10:00:00,11.1,39,0.0,0,84,0,84
1991-02-06 11:00:00,10.0,39,3.1,360,98,0,98
1991-02-06 12:00:00,10.0,39,2.6,320,115,0,115
1991-02-06 13:00:00,10.6,37,2.6,20,120,0,120
1991-02-06 14:00:00,11.1,36,2.6,70,113,0,113
1991-02-06 15:00:00,10.6,37,0.0,0,94,0,94
1991-02-06 16:00:00,11.7,35,4.1,90,78,0,78
1991-02-06 17:00:00,11.7,32,4.1,110,36,0,36
1991-02-06 18:00:00,10.6,34,4.1,80,4,0,4
1991-02-06 19:00:00,10.6,34,0.0,0,0,0,0
1991-02-06 20:00:00,10.6,34,0.0,0,0,0,0
1991-02-06 21:00:00,10.0,34,2.1,130,0,0,0
1991-02-06 22:00:00,9.8,35,2.3,130,0,0,0
1991-02-06 23:00:00,8.9,37,2.5,120,0,0,0
1991-02-07 00:00:00,8.7,38,2.7,120,0,0,0
1991-02-07 01:00:00,8.6,39,2.9,110,0,0,0
1991-02-07 02:00:00,8.3,40,3.1,110,0,0,0
1991-02-07 03:00:00,8.3,40,3.3,110,0,0,0
1991-02-07 04:00:00,8.0,41,3.5,100,0,0,0
1991-02-07 05:00:00,7.9,42,3.7,100,0,0,0
1991-02-07 06:00:00,8.3,41,3.9,90,0,0,0
1991-02-07 07:00:00,7.8,45,4.1,90,0,0,0
1991-02-07 08:00:00,7.3,47,3.9,80,14,2,14
1991-02-07 09:00:00,7.8,49,3.6,70,88,14,85
1991-02-07 10:00:00,7.8,49,3.6,40,77,20,70
1991-02-07 11:00:00,5.6,57,4.1,30,341,272,210
1991-02-07 12:00:00,7.8,49,3.1,20,324,94,272
1991-02-07 13:00:00,7.8,53,4.1,360,288,102,229
1991-02-07 14:00:00,8.3,51,6.7,350,325,93,274
1991-02-07 15:00:00,8.3,51,6.7,20,258,89,216
1991-02-07 16:00:00,7.8,58,5.1,360,79,33,67
1991-02-07 17:00:00,7.2,55,5.1,360,77,21,74
1991-02-07 18:00:00,7.2,55,4.1,360,9,2,9
1991-02-07 19:00:00,7.2,55,3.1,350,0,0,0
1991-02-07 20:00:00,7.2,55,2.6,350,0,0,0
1991-02-07 21:00:00,7.2,51,0.0,0,0,0,0
1991-02-07 22:00:00,7.2,51,2.6,350,0,0,0
1991-02-07 23:00:00,6.1,55,2.8,350,0,0,0
1991-02-08 00:00:00,5.8,56,3.0,340,0,0,0
1991-02-08 01:00:00,5.5,58,3.2,340,0,0,0
1991-02-08 02:00:00,5.1,58,3.4,340,0,0,0
1991-02-08 03:00:00,4.9,59,3.5,330,0,0,0
1991-02-08 04:00:00,4.4,60,3.7,330,0,0,0
1991-02-08 05:00:00,4.2,61,3.9,320,0,0,0
1991-02-08 06:00:00,4.4,60,4.1,320,0,0,0
1991-02-08 07:00:00,4.4,62,3.6,330,0,0,0
1991-02-08 08:00:00,3.9,59,3.1,330,9,0,9
1991-02-08 09:00:00,4.4,67,3.6,330,57,0,57
1991-02-08 10:00:00,4.4,65,3.6,360,107,0,107
1991-02-08 11:00:00,4.4,62,4.1,360,147,0,147
1991-02-08 12:00:00,4.4,67,6.2,320,171,0,171
1991-02-08 13:00:00,5.0,59,5.1,340,178,0,178
1991-02-08 14:00:00,7.2,51,5.1,320,476,655,117
1991-02-08 15:00:00,8.9,45,6.7,330,467,871,58
1991-02-08 16:00:00,10.0,42,4.1,320,322,790,47
1991-02-08 17:00:00,8.9,45,6.2,330,150,608,32
1991-02-08 18:00:00,6.7,53,5.1,310,16,167,8
1991-02-08 19:00:00,4.4,62,5.1,300,0,0,0
1991-02-08 20:00:00,3.9,59,4.1,280,0,0,0
1991-02-08 21:00:00,2.7,57,3.4,270,0,0,0
1991-02-08 22:00:00,1.1,63,2.6,250,0,0,0
1991-02-08 23:00:00,0.4,64,3.2,260,0,0,0
1991-02-09 00:00:00,0.4,61,3.9,270,0,0,0
1991-02-09 01:00:00,0.4,60,4.5,280,0,0,0
1991-02-09 02:00:00,0.4,57,5.1,300,0,0,0
1991-02-09 03:00:00,0.6,54,5.8,310,0,0,0
1991-02-09 04:00:00,0.4,52,6.4,320,0,0,0
1991-02-09 05:00:00,0.5,51,7.1,330,0,0,0
1991-02-09 06:00:00,1.1,46,7.7,340,0,0,0
1991-02-09 07:00:00,0.7,48,6.4,330,0,0,0
1991-02-09 08:00:00,1.1,47,5.1,310,29,182,17
1991-02-09 09:00:00,2.8,48,2.6,300,178,559,53
1991-02-09 10:00:00,4.2,49,4.9,310,330,755,47
1991-02-09 11:00:00,5.6,48,7.2,310,493,887,59
1991-02-09 12:00:00,7.2,47,6.7,310,580,920,66
1991-02-09 13:00:00,8.9,42,5.1,310,607,929,67
1991-02-09 14:00:00,10.0,39,6.7,310,571,917,65
1991-02-09 15:00:00,10.0,39,6.7,320,475,880,58
1991-02-09 16:00:00,9.0,41,7.2,320,329,800,47
1991-02-09 17:00:00,7.8,45,7.7,310,156,622,32
1991-02-09 18:00:00,5.0,52,7.7,320,18,180,8
1991-02-09 19:00:00,2.8,59,7.2,330,0,0,0
1991-02-09 20:00:00,1.7,53,5.1,330,0,0,0
1991-02-09 21:00:00,1.9,50,4.6,330,0,0,0
1991-02-09 22:00:00,1.8,52,4.1,340,0,0,0
1991-02-09 23:00:00,0.9,56,3.6,340,0,0,0
1991-02-10 00:00:00,0.8,57,3.1,340,0,0,0
1991-02-10 01:00:00,0.7,60,2.6,350,0,0,0
1991-02-10 02:00:00,0.5,61,2.0,350,0,0,0
1991-02-10 03:00:00,0.5,62,1.5,350,0,0,0
1991-02-10 04:00:00,0.2,64,1.0,350,0,0,0
1991-02-10 05:00:00,0.2,66,0.5,360,0,0,0
1991-02-10 06:00:00,0.6,65,0.0,0,0,0,0
1991-02-10 07:00:00,0.4,70,1.1,340,0,0,0
1991-02-10 08:00:00,1.1,61,2.1,310,14,0,14
1991-02-10 09:00:00,1.7,57,4.1,320,52,0,52
1991-02-10 10:00:00,2.8,51,3.1,330,88,0,88
1991-02-10 11:00:00,3.3,48,3.6,300,128,0,128
1991-02-10 12:00:00,3.8,50,4.4,310,154,0,154
1991-02-10 13:00:00,3.9,46,5.1,310,162,0,162
1991-02-10 14:00:00,4.2,41,5.1,310,151,0,151
1991-02-10 15:00:00,4.4,40,5.1,300,123,0,123
1991-02-10 16:00:00,5.0,42,6.7,280,81,0,81
1991-02-10 17:00:00,5.0,39,6.2,290,47,0,47
1991-02-10 18:00:00,3.9,42,3.6,310,11,0,11
1991-02-10 19:00:00,3.3,40,6.2,290,0,0,0
1991-02-10 20:00:00,2.8,38,5.7,270,0,0,0
1991-02-10 21:00:00,2.7,36,4.4,270,0,0,0
1991-02-10 22:00:00,2.2,39,3.1,270,0,0,0
1991-02-10 23:00:00,1.0,43,3.2,280,0,0,0
1991-02-11 00:00:00,0.6,44,3.2,280,0,0,0
1991-02-11 01:00:00,0.2,48,3.3,290,0,0,0
1991-02-11 02:00:00,-0.3,50,3.3,300,0,0,0
1991-02-11 03:00:00,-0.6,52,3.4,300,0,0,0
1991-02-11 04:00:00,-1.2,55,3.4,310,0,0,0
1991-02-11 05:00:00,-1.5,58,3.5,320,0,0,0
1991-02-11 06:00:00,-1.4,58,3.5,320,0,0,0
1991-02-11 07:00:00,-2.1,66,3.6,330,0,0,0
1991-02-11 08:00:00,-2.6,69,5.4,330,30,74,25
1991-02-11 09:00:00,-2.1,85,7.2,320,96,120,68
1991-02-11 10:00:00,-2.7,90,7.7,310,228,90,194
1991-02-11 11:00:00,-0.5,58,9.3,300,441,430,227
1991-02-11 12:00:00,-0.5,58,10.3,300,297,243,159
1991-02-11 13:00:00,1.7,49,10.3,280,474,416,228
1991-02-11 14:00:00,0.6,53,8.8,300,426,244,289
1991-02-11 15:00:00,1.1,51,8.8,290,306,317,153
1991-02-11 16:00:00,1.1,51,8.2,290,323,542,127
1991-02-11 17:00:00,0.0,66,9.3,310,161,541,50
1991-02-11 18:00:00,-1.6,69,6.2,320,12,14,11
1991-02-11 19:00:00,-2.7,76,6.7,330,0,0,0
1991-02-11 20:00:00,-3.8,84,7.2,320,0,0,0
1991-02-11 21:00:00,-3.8,80,7.7,310,0,0,0
1991-02-11 22:00:00,-4.4,87,7.5,310,0,0,0
1991-02-11 23:00:00,-5.7,100,7.4,300,0,0,0
1991-02-12 00:00:00,-6.2,100,7.2,300,0,0,0
1991-02-12 01:00:00,-6.7,100,7.0,300,0,0,0
1991-02-12 02:00:00,-7.3,100,6.9,290,0,0,0
1991-02-12 03:00:00,-7.7,100,6.7,290,0,0,0
1991-02-12 04:00:00,-8.4,100,6.5,290,0,0,0
1991-02-12 05:00:00,-8.8,100,6.4,280,0,0,0
1991-02-12 06:00:00,-8.8,100,6.2,280,0,0,0
1991-02-12 07:00:00,-8.8,100,7.7,300,0,0,0
1991-02-12 08:00:00,-7.7,100,7.2,300,30,112,22
1991-02-12 09:00:00,-6.6,100,5.7,300,118,299,47
1991-02-12 10:00:00,-6.6,100,6.2,310,161,82,129
1991-02-12 11:00:00,-4.3,100,3.6,310,248,62,217
1991-02-12 12:00:00,-3.8,100,4.1,290,454,574,125
1991-02-12 13:00:00,-2.7,98,3.1,250,623,884,97
1991-02-12 14:00:00,-1.6,97,5.1,300,585,868,94
1991-02-12 15:00:00,0.0,78,3.1,250,485,822,84
1991-02-12 16:00:00,0.6,81,3.6,240,329,674,82
1991-02-12 17:00:00,0.0,85,5.1,230,143,365,67
1991-02-12 18:00:00,-1.6,97,3.1,190,16,79,12
1991-02-12 19:00:00,-1.6,100,4.1,180,0,0,0
1991-02-12 20:00:00,-1.6,100,4.1,170,0,0,0
1991-02-12 21:00:00,-1.1,85,3.7,150,0,0,0
1991-02-12 22:00:00,-1.0,78,3.4,140,0,0,0
1991-02-12 23:00:00,-1.7,75,3.0,120,0,0,0
1991-02-13 00:00:00,-1.6,67,2.6,110,0,0,0
1991-02-13 01:00:00,-1.4,61,2.2,90,0,0,0
1991-02-13 02:00:00,-1.4,54,1.9,80,0,0,0
1991-02-13 03:00:00,-1.1,47,1.5,60,0,0,0
1991-02-13 04:00:00,-1.2,43,1.1,50,0,0,0
1991-02-13 05:00:00,-1.0,38,0.7,30,0,0,0
1991-02-13 06:00:00,-0.3,32,0.4,20,0,0,0
1991-02-13 07:00:00,-0.5,31,0.0,0,0,0,0
1991-02-13 08:00:00,-2.1,35,4.1,350,17,0,17
1991-02-13 09:00:00,-1.0,35,3.1,360,54,0,54
1991-02-13 10:00:00,0.0,32,4.1,20,92,0,92
1991-02-13 11:00:00,1.7,28,3.6,360,133,0,133
1991-02-13 12:00:00,3.3,23,3.1,10,198,0,198
1991-02-13 13:00:00,3.3,26,2.6,360,166,0,166
1991-02-13 14:00:00,3.9,27,2.6,180,156,0,156
1991-02-13 15:00:00,3.3,31,2.6,140,127,0,127
1991-02-13 16:00:00,3.3,31,2.1,340,85,0,85
1991-02-13 17:00:00,2.8,32,0.0,0,49,0,49
1991-02-13 18:00:00,1.1,36,2.6,10,10,0,10
1991-02-13 19:00:00,0.6,37,2.6,340,0,0,0
1991-02-13 20:00:00,0.0,43,5.1,360,0,0,0
1991-02-13 21:00:00,0.6,39,2.6,330,0,0,0
1991-02-13 22:00:00,0.6,41,2.6,340,0,0,0
1991-02-13 23:00:00,-0.2,45,3.2,340,0,0,0
1991-02-14 00:00:00,-0.2,46,3.8,350,0,0,0
1991-02-14 01:00:00,-0.3,49,4.3,350,0,0,0
1991-02-14 02:00:00,-0.4,51,4.9,360,0,0,0
1991-02-14 03:00:00,-0.3,52,5.5,360,0,0,0
1991-02-14 04:00:00,-0.5,54,6.0,360,0,0,0
1991-02-14 05:00:00,-0.5,57,6.6,10,0,0,0
1991-02-14 06:00:00,0.0,56,7.2,10,0,0,0
1991-02-14 07:00:00,0.0,61,3.1,310,0,0,0
1991-02-14 08:00:00,0.0,66,3.6,330,20,10,19
1991-02-14 09:00:00,0.6,63,4.6,360,136,70,119
1991-02-14 10:00:00,0.6,69,3.6,280,202,58,179
1991-02-14 11:00:00,1.1,72,4.1,340,187,81,145
1991-02-14 12:00:00,5.0,55,9.3,250,367,157,275
1991-02-14 13:00:00,6.1,51,10.3,260,551,468,268
1991-02-14 14:00:00,6.7,53,7.7,250,412,359,206
1991-02-14 15:00:00,6.1,55,10.3,270,472,570,189
1991-02-14 16:00:00,6.1,55,9.3,260,198,51,179
1991-02-14 17:00:00,5.3,58,8.5,270,154,431,59
1991-02-14 18:00:00,3.9,64,7.7,270,22,151,12
1991-02-14 19:00:00,2.8,72,9.3,260,0,0,0
1991-02-14 20:00:00,1.7,81,5.1,260,0,0,0
1991-02-14 21:00:00,2.2,74,3.6,260,0,0,0
1991-02-14 22:00:00,1.7,78,7.2,270,0,0,0
1991-02-14 23:00:00,0.3,88,7.5,270,0,0,0
1991-02-15 00:00:00,-0.4,93,7.7,270,0,0,0
1991-02-15 01:00:00,-1.0,100,8.0,270,0,0,0
1991-02-15 02:00:00,-1.7,100,8.3,280,0,0,0
1991-02-15 03:00:00,-2.3,100,8.5,280,0,0,0
1991-02-15 04:00:00,-3.1,100,8.8,280,0,0,0
1991-02-15 05:00:00,-3.7,100,9.0,280,0,0,0
1991-02-15 06:00:00,-3.8,100,9.3,280,0,0,0
1991-02-15 07:00:00,-3.8,100,9.8,280,0,0,0
1991-02-15 08:00:00,-3.8,100,10.3,280,39,12,38
1991-02-15 09:00:00,-3.2,75,10.3,270,99,40,89
1991-02-15 10:00:00,-2.1,59,11.8,290,192,48,173
1991-02-15 11:00:00,-1.0,48,10.3,290,164,60,133
1991-02-15 12:00:00,-1.0,43,10.8,280,353,36,332
1991-02-15 13:00:00,-3.8,51,10.3,280,317,105,253
1991-02-15 14:00:00,-3.8,43,10.3,270,172,0,172
1991-02-15 15:00:00,-3.8,40,12.9,280,144,0,144
1991-02-15 16:00:00,-6.0,45,12.9,290,56,0,56
1991-02-15 17:00:00,-6.6,39,12.9,300,55,32,47
1991-02-15 18:00:00,-8.8,55,12.9,300,24,11,23
1991-02-15 19:00:00,-8.8,55,12.9,300,0,0,0
1991-02-15 20:00:00,-10.5,61,10.3,310,0,0,0
1991-02-15 21:00:00,-9.3,50,9.8,290,0,0,0
1991-02-15 22:00:00,-9.5,51,11.1,300,0,0,0
1991-02-15 23:00:00,-10.5,57,10.7,310,0,0,0
1991-02-16 00:00:00,-10.8,58,10.2,320,0,0,0
1991-02-16 01:00:00,-11.0,60,9.8,330,0,0,0
1991-02-16 02:00:00,-11.3,61,9.3,350,0,0,0
1991-02-16 03:00:00,-11.5,63,8.9,360,0,0,0
1991-02-16 04:00:00,-11.9,64,8.5,10,0,0,0
1991-02-16 05:00:00,-12.1,66,8.0,10,0,0,0
1991-02-16 06:00:00,-11.8,63,7.6,200,0,0,0
1991-02-16 07:00:00,-12.5,71,8.5,250,0,0,0
1991-02-16 08:00:00,-12.7,67,9.3,300,39,225,21
1991-02-16 09:00:00,-12.1,66,12.9,290,111,38,102
1991-02-16 10:00:00,-11.0,54,8.8,290,324,534,108
1991-02-16 11:00:00,-9.9,52,9.8,290,128,61,96
1991-02-16 12:00:00,-8.2,45,9.3,290,598,847,97
1991-02-16 13:00:00,-8.8,47,7.7,300,620,850,99
1991-02-16 14:00:00,-7.1,42,7.7,290,568,728,143
1991-02-16 15:00:00,-5.9,41,7.2,280,413,465,178
1991-02-16 16:00:00,-5.5,41,6.7,270,318,507,124
1991-02-16 17:00:00,-6.0,43,1.5,280,182,633,39
1991-02-16 18:00:00,-7.7,50,5.7,280,27,210,13
1991-02-16 19:00:00,-8.8,58,3.1,240,0,0,0
1991-02-16 20:00:00,-8.6,62,2.8,250,0,0,0
1991-02-16 21:00:00,-7.7,53,2.5,260,0,0,0
1991-02-16 22:00:00,-7.2,53,2.3,270,0,0,0
1991-02-16 23:00:00,-7.5,55,2.0,280,0,0,0
1991-02-17 00:00:00,-6.9,52,1.7,290,0,0,0
1991-02-17 01:00:00,-6.4,52,1.4,310,0,0,0
1991-02-17 02:00:00,-5.9,50,1.1,320,0,0,0
1991-02-17 03:00:00,-5.3,48,0.8,330,0,0,0
1991-02-17 04:00:00,-4.9,46,0.6,340,0,0,0
1991-02-17 05:00:00,-4.3,46,0.3,350,0,0,0
1991-02-17 06:00:00,-3.2,42,0.0,0,0,0,0
1991-02-17 07:00:00,-4.2,48,2.1,90,0,0,0
1991-02-17 08:00:00,-4.3,53,4.1,180,31,39,27
1991-02-17 09:00:00,-2.9,53,3.9,200,142,150,104
1991-02-17 10:00:00,-1.6,52,3.6,220,111,0,111
1991-02-17 11:00:00,1.7,51,7.7,270,152,0,152
1991-02-17 12:00:00,2.8,49,7.7,270,177,0,177
1991-02-17 13:00:00,2.8,47,7.2,280,185,0,185
1991-02-17 14:00:00,2.8,52,7.2,260,174,0,174
1991-02-17 15:00:00,1.7,59,5.1,280,147,0,147
1991-02-17 16:00:00,2.8,52,2.6,270,104,0,104
1991-02-17 17:00:00,2.8,49,0.0,0,53,0,53
1991-02-17 18:00:00,2.2,54,3.1,180,15,0,15
1991-02-17 19:00:00,1.7,64,5.1,190,0,0,0
1991-02-17 20:00:00,0.6,76,4.6,230,0,0,0
1991-02-17 21:00:00,0.8,70,2.3,300,0,0,0
1991-02-17 22:00:00,0.6,73,0.0,0,0,0,0
1991-02-17 23:00:00,-0.3,79,0.0,0,0,0,0
1991-02-18 00:00:00,-0.4,79,0.0,0,0,0,0
1991-02-18 01:00:00,-0.5,83,0.0,0,0,0,0
1991-02-18 02:00:00,-0.7,83,0.0,0,0,0,0
1991-02-18 03:00:00,-0.7,84,0.0,0,0,0,0
1991-02-18 04:00:00,-1.0,85,0.0,0,0,0,0
1991-02-18 05:00:00,-1.0,87,0.0,0,0,0,0
1991-02-18 06:00:00,-0.6,84,0.0,0,0,0,0
1991-02-18 07:00:00,-1.0,91,0.0,0,0,0,0
1991-02-18 08:00:00,-1.0,95,5.1,180,18,0,18
1991-02-18 09:00:00,0.0,92,3.6,170,71,0,71
1991-02-18 10:00:00,0.6,88,2.1,90,123,0,123
1991-02-18 11:00:00,1.1,89,4.1,180,163,0,163
1991-02-18 12:00:00,1.7,88,3.6,140,187,0,187
1991-02-18 13:00:00,0.6,96,4.1,90,194,0,194
1991-02-18 14:00:00,0.6,100,2.6,90,154,0,154
1991-02-18 15:00:00,0.6,100,3.1,90,131,0,131
1991-02-18 16:00:00,0.6,100,2.6,90,96,0,96
1991-02-18 17:00:00,1.1,100,4.1,150,52,0,52
1991-02-18 18:00:00,1.1,100,2.6,130,9,0,9
1991-02-18 19:00:00,0.6,100,2.1,80,0,0,0
1991-02-18 20:00:00,0.6,100,0.0,0,0,0,0
1991-02-18 21:00:00,1.6,88,0.0,0,0,0,0
1991-02-18 22:00:00,2.2,85,0.0,0,0,0,0
1991-02-18 23:00:00,1.2,92,0.0,0,0,0,0
1991-02-19 00:00:00,1.0,92,0.0,0,0,0,0
1991-02-19 01:00:00,0.7,96,0.0,0,0,0,0
1991-02-19 02:00:00,0.4,97,0.0,0,0,0,0
1991-02-19 03:00:00,0.3,98,0.0,0,0,0,0
1991-02-19 04:00:00,-0.1,100,0.0,0,0,0,0
1991-02-19 05:00:00,-0.3,100,0.0,0,0,0,0
1991-02-19 06:00:00,0.0,100,0.0,0,0,0,0
1991-02-19 07:00:00,0.0,100,2.1,360,0,0,0
1991-02-19 08:00:00,1.1,100,0.0,0,15,0,15
1991-02-19 09:00:00,1.7,100,3.1,350,39,0,39
1991-02-19 10:00:00,2.8,100,2.6,300,73,0,73
1991-02-19 11:00:00,4.4,100,0.0,0,146,0,146
1991-02-19 12:00:00,4.4,100,2.6,340,120,0,120
1991-02-19 13:00:00,6.1,100,3.6,120,125,0,125
1991-02-19 14:00:00,10.0,100,4.1,190,118,0,118
1991-02-19 15:00:00,6.1,100,4.6,360,98,0,98
1991-02-19 16:00:00,6.1,100,4.6,360,68,0,68
1991-02-19 17:00:00,6.1,100,2.6,350,48,0,48
1991-02-19 18:00:00,6.1,100,5.1,360,10,0,10
1991-02-19 19:00:00,7.2,100,3.6,350,0,0,0
1991-02-19 20:00:00,6.7,100,1.5,90,0,0,0
1991-02-19 21:00:00,7.2,93,2.6,330,0,0,0
1991-02-19 22:00:00,7.2,95,2.6,340,0,0,0
1991-02-19 23:00:00,6.8,100,2.3,340,0,0,0
1991-02-20 00:00:00,7.2,99,2.0,350,0,0,0
1991-02-20 01:00:00,7.6,99,1.6,350,0,0,0
1991-02-20 02:00:00,7.9,99,1.3,350,0,0,0
1991-02-20 03:00:00,8.4,97,1.0,350,0,0,0
1991-02-20 04:00:00,8.6,97,0.7,360,0,0,0
1991-02-20 05:00:00,9.1,95,0.3,360,0,0,0
1991-02-20 06:00:00,10.0,92,0.0,0,0,0,0
1991-02-20 07:00:00,8.9,100,3.6,330,0,0,0
1991-02-20 08:00:00,10.6,86,3.1,310,21,0,21
1991-02-20 09:00:00,11.1,83,2.1,220,61,0,61
1991-02-20 10:00:00,11.7,80,4.1,310,112,0,112
1991-02-20 11:00:00,11.7,77,5.1,310,153,0,153
1991-02-20 12:00:00,12.2,71,6.2,290,178,0,178
1991-02-20 13:00:00,12.0,60,7.5,300,432,140,343
1991-02-20 14:00:00,11.7,52,8.8,300,370,384,138
1991-02-20 15:00:00,10.6,46,8.8,290,330,247,201
1991-02-20 16:00:00,10.0,42,8.8,30,333,471,144
1991-02-20 17:00:00,7.2,58,7.7,290,130,129,98
1991-02-20 18:00:00,6.1,52,6.2,280,27,16,26
1991-02-20 19:00:00,4.4,53,4.1,300,0,0,0
1991-02-20 20:00:00,3.9,53,4.1,310,0,0,0
1991-02-20 21:00:00,3.9,50,6.7,300,0,0,0
1991-02-20 22:00:00,1.1,62,1.5,360,0,0,0
1991-02-20 23:00:00,0.1,69,1.6,340,0,0,0
1991-02-21 00:00:00,-0.1,70,1.8,330,0,0,0
1991-02-21 01:00:00,-0.3,74,1.9,310,0,0,0
1991-02-21 02:00:00,-0.6,76,2.1,290,0,0,0
1991-02-21 03:00:00,-0.8,78,2.2,270,0,0,0
1991-02-21 04:00:00,-1.1,81,2.3,260,0,0,0
1991-02-21 05:00:00,-1.3,85,2.5,240,0,0,0
1991-02-21 06:00:00,-1.0,83,2.6,220,0,0,0
1991-02-21 07:00:00,-1.6,87,5.1,210,0,4,0
1991-02-21 08:00:00,0.0,77,4.6,200,57,242,33
1991-02-21 09:00:00,2.8,69,4.1,180,234,690,43
1991-02-21 10:00:00,5.0,56,5.1,230,359,530,131
1991-02-21 11:00:00,8.3,35,2.1,260,529,805,90
1991-02-21 12:00:00,11.7,31,4.6,210,598,749,136
1991-02-21 13:00:00,12.8,29,5.1,210,624,819,102
1991-02-21 14:00:00,15.6,22,7.2,210,234,92,178
1991-02-21 15:00:00,16.5,22,7.5,230,243,34,225
1991-02-21 16:00:00,16.7,22,7.7,250,145,0,145
1991-02-21 17:00:00,15.6,29,5.1,260,79,0,79
1991-02-21 18:00:00,13.9,31,5.1,250,39,14,37
1991-02-21 19:00:00,12.8,32,5.7,250,0,0,0
1991-02-21 20:00:00,12.2,33,6.2,240,0,0,0
1991-02-21 21:00:00,11.7,32,6.2,240,0,0,0
1991-02-21 22:00:00,10.6,34,4.6,210,0,0,0
1991-02-21 23:00:00,9.3,37,4.0,230,0,0,0
1991-02-22 00:00:00,8.8,37,3.5,250,0,0,0
1991-02-22 01:00:00,8.3,41,2.9,270,0,0,0
1991-02-22 02:00:00,7.7,45,2.3,290,0,0,0
1991-02-22 03:00:00,7.2,48,1.7,300,0,0,0
1991-02-22 04:00:00,6.6,51,1.2,320,0,0,0
1991-02-22 05:00:00,6.1,49,0.6,340,0,0,0
1991-02-22 06:00:00,6.1,46,0.0,0,0,0,0
1991-02-22 07:00:00,4.4,48,4.6,230,0,0,0
1991-02-22 08:00:00,6.1,45,5.1,230,45,98,35
1991-02-22 09:00:00,11.7,29,6.7,240,212,383,104
1991-02-22 10:00:00,13.3,29,6.7,230,390,605,127
1991-02-22 11:00:00,15.6,30,10.3,270,503,512,221
1991-02-22 12:00:00,16.7,30,10.3,250,622,699,188
1991-02-22 13:00:00,18.3,24,10.3,270,484,130,400
1991-02-22 14:00:00,17.8,24,10.3,300,330,73,285
1991-02-22 15:00:00,15.6,28,10.3,300,220,10,215
1991-02-22 16:00:00,12.8,30,10.3,310,297,88,260
1991-02-22 17:00:00,10.6,37,12.9,310,70,29,62
1991-02-22 18:00:00,6.1,57,9.3,330,23,3,22
1991-02-22 19:00:00,3.9,55,7.7,330,0,0,0
1991-02-22 20:00:00,2.8,47,7.7,330,0,0,0
1991-02-22 21:00:00,2.8,45,10.3,310,0,0,0
1991-02-22 22:00:00,2.2,46,7.7,330,0,0,0
1991-02-22 23:00:00,0.9,44,7.6,330,0,0,0
1991-02-23 00:00:00,0.4,44,7.6,330,0,0,0
1991-02-23 01:00:00,-0.1,44,7.5,330,0,0,0
1991-02-23 02:00:00,-0.6,44,7.5,340,0,0,0
1991-02-23 03:00:00,-1.0,44,7.4,340,0,0,0
1991-02-23 04:00:00,-1.7,45,7.3,340,0,0,0
1991-02-23 05:00:00,-2.1,45,7.3,340,0,0,0
1991-02-23 06:00:00,-2.1,43,7.2,340,0,0,0
1991-02-23 07:00:00,-4.2,45,7.5,350,0,17,0
1991-02-23 08:00:00,-5.5,59,7.7,360,64,314,31
1991-02-23 09:00:00,-5.5,53,7.7,350,233,611,59
1991-02-23 10:00:00,-4.9,50,4.6,350,280,369,118
1991-02-23 11:00:00,-2.7,42,6.2,360,537,782,103
1991-02-23 12:00:00,-1.6,34,6.2,40,579,630,185
1991-02-23 13:00:00,-0.5,38,3.6,30,486,623,83
1991-02-23 14:00:00,0.0,33,2.6,50,598,758,130
1991-02-23 15:00:00,1.1,33,3.1,50,558,924,62
1991-02-23 16:00:00,0.6,32,4.1,100,382,690,97
1991-02-23 17:00:00,0.6,29,3.1,30,112,250,48
1991-02-23 18:00:00,-2.7,38,5.1,90,45,243,25
1991-02-23 19:00:00,-4.9,48,4.1,90,0,0,0
1991-02-23 20:00:00,-4.9,50,3.1,90,0,0,0
1991-02-23 21:00:00,-4.4,48,3.3,100,0,0,0
1991-02-23 22:00:00,-4.4,47,3.5,100,0,0,0
1991-02-23 23:00:00,-5.1,49,3.7,110,0,0,0
1991-02-24 00:00:00,-4.9,48,3.9,110,0,0,0
1991-02-24 01:00:00,-4.8,52,4.1,120,0,0,0
1991-02-24 02:00:00,-4.8,51,4.3,130,0,0,0
1991-02-24 03:00:00,-4.6,50,4.5,130,0,0,0
1991-02-24 04:00:00,-4.6,54,4.7,140,0,0,0
1991-02-24 05:00:00,-4.4,52,4.9,140,0,0,0
1991-02-24 06:00:00,-3.8,54,5.1,150,0,0,0
1991-02-24 07:00:00,-4.7,62,5.6,150,0,4,0
1991-02-24 08:00:00,-4.7,62,6.2,160,49,65,42
1991-02-24 09:00:00,-3.8,62,6.7,160,89,0,89
1991-02-24 10:00:00,-1.6,57,7.7,170,154,0,154
1991-02-24 11:00:00,-0.5,54,7.2,170,205,0,205
1991-02-24 12:00:00,1.7,46,5.7,170,236,0,236
1991-02-24 13:00:00,3.3,43,4.6,180,196,0,196
1991-02-24 14:00:00,4.5,43,4.4,180,186,0,186
1991-02-24 15:00:00,5.6,42,4.1,170,157,0,157
1991-02-24 16:00:00,5.6,47,6.7,180,114,0,114
1991-02-24 17:00:00,5.6,49,5.1,190,61,0,61
1991-02-24 18:00:00,4.4,53,3.1,160,20,0,20
1991-02-24 19:00:00,3.9,58,0.0,0,0,0,0
1991-02-24 20:00:00,3.3,60,3.1,40,0,0,0
1991-02-24 21:00:00,3.9,57,0.0,0,0,0,0
1991-02-24 22:00:00,3.3,58,0.0,0,0,0,0
1991-02-24 23:00:00,2.6,60,0.0,0,0,0,0
1991-02-25 00:00:00,2.8,59,0.0,0,0,0,0
1991-02-25 01:00:00,2.9,52,0.0,0,0,0,0
1991-02-25 02:00:00,2.9,52,0.0,0,0,0,0
1991-02-25 03:00:00,3.1,55,0.0,0,0,0,0
1991-02-25 04:00:00,3.1,50,0.0,0,0,0,0
1991-02-25 05:00:00,3.3,57,0.0,0,0,0,0
1991-02-25 06:00:00,3.9,49,0.0,0,0,0,0
1991-02-25 07:00:00,2.2,60,0.0,0,0,0,0
1991-02-25 08:00:00,1.7,64,4.1,320,25,0,25
1991-02-25 09:00:00,2.2,62,4.1,310,67,0,67
1991-02-25 10:00:00,2.8,54,4.1,320,119,0,119
1991-02-25 11:00:00,3.3,52,4.6,320,160,0,160
1991-02-25 12:00:00,3.9,50,4.6,290,186,0,186
1991-02-25 13:00:00,4.4,46,4.6,340,241,0,241
1991-02-25 14:00:00,6.1,45,4.1,320,228,0,228
1991-02-25 15:00:00,5.0,42,4.1,360,154,0,154
1991-02-25 16:00:00,5.6,41,4.1,360,137,0,137
1991-02-25 17:00:00,4.4,46,4.6,340,57,0,57
1991-02-25 18:00:00,3.9,50,3.1,320,18,0,18
1991-02-25 19:00:00,3.3,50,4.1,350,0,0,0
1991-02-25 20:00:00,1.7,64,7.2,350,0,0,0
1991-02-25 21:00:00,0.0,75,3.1,310,0,0,0
1991-02-25 22:00:00,0.0,71,2.6,300,0,0,0
1991-02-25 23:00:00,-0.9,72,2.3,310,0,0,0
1991-02-26 00:00:00,-0.9,74,2.0,320,0,0,0
1991-02-26 01:00:00,-1.0,77,1.6,320,0,0,0
1991-02-26 02:00:00,-1.2,80,1.3,330,0,0,0
1991-02-26 03:00:00,-1.2,83,1.0,340,0,0,0
1991-02-26 04:00:00,-1.4,80,0.7,350,0,0,0
1991-02-26 05:00:00,-1.4,82,0.3,350,0,0,0
1991-02-26 06:00:00,-1.0,82,0.0,0,0,0,0
1991-02-26 07:00:00,-2.1,100,2.1,330,0,0,0
1991-02-26 08:00:00,-3.2,87,4.1,310,66,23,63
1991-02-26 09:00:00,-2.1,72,7.2,320,172,202,111
1991-02-26 10:00:00,-2.1,75,6.7,310,364,458,156
1991-02-26 11:00:00,-0.5,63,5.1,320,473,469,206
1991-02-26 12:00:00,-1.0,57,6.2,340,510,400,254
1991-02-26 13:00:00,-0.5,49,6.7,310,441,213,300
1991-02-26 14:00:00,0.0,47,6.2,340,285,178,173
1991-02-26 15:00:00,0.6,48,6.2,320,337,249,200
1991-02-26 16:00:00,0.0,47,5.1,320,301,291,177
1991-02-26 17:00:00,-0.5,45,9.3,310,114,66,96
1991-02-26 18:00:00,-1.6,54,5.1,290,31,7,30
1991-02-26 19:00:00,-2.7,57,5.1,310,0,0,0
1991-02-26 20:00:00,-3.2,56,6.2,300,0,0,0
1991-02-26 21:00:00,-2.1,47,6.2,290,0,0,0
1991-02-26 22:00:00,-3.2,52,2.6,300,0,0,0
1991-02-26 23:00:00,-4.2,52,2.3,310,0,0,0
1991-02-27 00:00:00,-4.5,59,2.0,320,0,0,0
1991-02-27 01:00:00,-4.7,61,1.6,320,0,0,0
1991-02-27 02:00:00,-5.0,62,1.3,330,0,0,0
1991-02-27 03:00:00,-5.2,64,1.0,340,0,0,0
1991-02-27 04:00:00,-5.6,67,0.7,350,0,0,0
1991-02-27 05:00:00,-5.8,69,0.3,350,0,0,0
1991-02-27 06:00:00,-5.5,68,0.0,0,0,0,0
1991-02-27 07:00:00,-8.2,86,4.1,270,0,19,0
1991-02-27 08:00:00,-6.0,75,6.2,270,84,471,25
1991-02-27 09:00:00,-4.3,68,5.7,270,274,760,43
1991-02-27 10:00:00,-3.2,53,9.3,310,160,86,121
1991-02-27 11:00:00,-1.0,49,10.3,270,387,177,285
1991-02-27 12:00:00,-1.6,54,6.7,270,282,60,243
1991-02-27 13:00:00,1.1,40,8.8,270,433,104,364
1991-02-27 14:00:00,1.7,33,7.7,310,264,91,206
1991-02-27 15:00:00,2.2,33,10.3,300,245,74,203
1991-02-27 16:00:00,2.8,37,7.7,260,386,614,121
1991-02-27 17:00:00,1.1,40,8.2,280,221,568,68
1991-02-27 18:00:00,-0.5,49,7.2,270,44,277,19
1991-02-27 19:00:00,-0.5,52,4.1,260,0,0,0
1991-02-27 20:00:00,0.0,50,4.1,250,0,0,0
1991-02-27 21:00:00,0.6,53,4.1,220,0,0,0
1991-02-27 22:00:00,0.5,54,3.9,220,0,0,0
1991-02-27 23:00:00,-0.4,54,3.8,220,0,0,0
1991-02-28 00:00:00,-0.5,56,3.6,220,0,0,0
1991-02-28 01:00:00,-0.6,57,3.4,220,0,0,0
1991-02-28 02:00:00,-0.7,59,3.3,210,0,0,0
1991-02-28 03:00:00,-0.7,60,3.1,210,0,0,0
1991-02-28 04:00:00,-0.9,68,2.9,210,0,0,0
1991-02-28 05:00:00,-0.9,69,2.8,210,0,0,0
1991-02-28 06:00:00,-0.5,68,2.6,210,0,0,0
1991-02-28 07:00:00,-2.1,79,3.1,190,0,11,0
1991-02-28 08:00:00,-1.0,76,4.1,190,82,379,32
1991-02-28 09:00:00,2.2,65,4.1,220,172,249,95
1991-02-28 10:00:00,3.3,60,5.1,220,414,667,105
1991-02-28 11:00:00,5.0,46,6.2,210,213,0,213
1991-02-28 12:00:00,6.1,41,7.0,200,244,0,244
1991-02-28 13:00:00,6.7,38,7.7,190,253,0,253
1991-02-28 14:00:00,7.8,38,9.3,180,240,0,240
1991-02-28 15:00:00,11.1,32,7.7,180,204,0,204
1991-02-28 16:00:00,11.7,32,9.3,180,150,0,150
1991-02-28 17:00:00,11.7,32,8.8,190,82,0,82
1991-02-28 18:00:00,9.8,37,6.7,170,31,78,24
1991-02-28 19:00:00,8.3,41,4.6,150,0,0,0
1991-02-28 20:00:00,8.9,39,5.7,170,0,0,0
1991-02-28 21:00:00,9.9,30,7.0,180,0,0,0
1991-02-28 22:00:00,8.8,54,6.3,220,0,0,0
1991-02-28 23:00:00,7.8,63,5.7,190,0,0,0
1991-03-01 00:00:00,6.7,61,5.0,150,0,0,0
1998-03-01 01:00:00,5.6,82,4.3,170,0,0,0
1998-03-01 02:00:00,4.5,77,3.6,180,0,0,0
1998-03-01 03:00:00,3.5,72,3.0,200,0,0,0
1998-03-01 04:00:00,2.4,79,2.3,210,0,0,0
1998-03-01 05:00:00,2.1,74,2.1,220,0,0,0
1998-03-01 06:00:00,2.1,80,2.0,230,0,0,0
1998-03-01 07:00:00,1.0,86,2.1,240,0,0,0
1998-03-01 08:00:00,1.0,86,2.1,250,85,87,73
1998-03-01 09:00:00,4.0,93,1.5,260,141,32,130
1998-03-01 10:00:00,6.0,87,2.6,270,326,222,221
1998-03-01 11:00:00,6.0,87,2.6,240,101,0,101
1998-03-01 12:00:00,8.0,76,0.0,0,123,0,123
1998-03-01 13:00:00,9.7,68,1.1,280,204,0,204
1998-03-01 14:00:00,11.0,62,2.1,200,193,6,189
1998-03-01 15:00:00,13.0,58,2.1,350,267,59,233
1998-03-01 16:00:00,12.0,58,0.0,0,369,427,180
1998-03-01 17:00:00,11.0,58,2.6,30,166,175,117
1998-03-01 18:00:00,10.0,62,0.0,0,40,130,28
1998-03-01 19:00:00,9.0,71,0.0,0,0,0,0
1998-03-01 20:00:00,9.0,71,0.0,0,0,0,0
1998-03-01 21:00:00,8.0,72,0.0,0,0,0,0
1998-03-01 22:00:00,7.0,73,1.5,350,0,0,0
1998-03-01 23:00:00,6.6,75,1.3,350,0,0,0
1998-03-02 00:00:00,6.3,76,1.1,350,0,0,0
1998-03-02 01:00:00,5.6,78,0.9,350,0,0,0
1998-03-02 02:00:00,5.2,79,0.8,360,0,0,0
1998-03-02 03:00:00,4.9,80,0.6,360,0,0,0
1998-03-02 04:00:00,4.6,82,0.4,360,0,0,0
1998-03-02 05:00:00,4.3,81,0.2,360,0,0,0
1998-03-02 06:00:00,4.0,78,0.0,0,0,0,0
1998-03-02 07:00:00,3.0,87,0.0,0,0,0,0
1998-03-02 08:00:00,3.0,87,1.0,360,117,172,93
1998-03-02 09:00:00,4.0,87,0.0,0,184,128,143
1998-03-02 10:00:00,8.0,66,0.0,0,379,357,209
1998-03-02 11:00:00,9.0,57,0.0,0,539,492,247
1998-03-02 12:00:00,11.0,54,2.1,310,394,109,322
1998-03-02 13:00:00,12.0,54,2.1,250,426,108,352
1998-03-02 14:00:00,12.0,47,2.6,200,404,119,326
1998-03-02 15:00:00,11.7,48,2.6,320,250,24,237
1998-03-02 16:00:00,11.0,50,2.6,300,228,70,197
1998-03-02 17:00:00,11.0,50,2.6,280,236,413,118
1998-03-02 18:00:00,9.0,61,2.1,280,54,257,28
1998-03-02 19:00:00,9.0,57,2.6,270,0,0,0
1998-03-02 20:00:00,6.0,75,5.1,280,0,0,0
1998-03-02 21:00:00,5.0,80,2.6,290,0,0,0
1998-03-02 22:00:00,4.0,78,4.1,310,0,0,0
1998-03-02 23:00:00,3.8,78,4.2,310,0,0,0
1998-03-03 00:00:00,3.8,76,4.4,320,0,0,0
1998-03-03 01:00:00,3.3,78,4.5,320,0,0,0
1998-03-03 02:00:00,3.2,66,4.6,320,0,0,0
1998-03-03 03:00:00,3.2,76,4.7,320,0,0,0
1998-03-03 04:00:00,3.1,74,4.9,330,0,0,0
1998-03-03 05:00:00,3.1,72,5.0,330,0,0,0
1998-03-03 06:00:00,3.0,71,5.1,330,0,0,0
1998-03-03 07:00:00,1.0,79,6.2,350,0,0,0
1998-03-03 08:00:00,1.0,67,3.6,340,80,62,71
1998-03-03 09:00:00,0.0,85,4.1,350,103,0,103
1998-03-03 10:00:00,2.0,80,3.1,30,192,12,186
1998-03-03 11:00:00,3.0,74,3.6,330,317,49,288
1998-03-03 12:00:00,4.0,59,6.2,330,363,66,318
1998-03-03 13:00:00,6.0,47,5.1,310,294,18,282
1998-03-03 14:00:00,4.0,54,5.1,310,275,12,267
1998-03-03 15:00:00,5.0,50,5.1,300,205,12,198
1998-03-03 16:00:00,5.0,50,5.1,300,261,111,211
1998-03-03 17:00:00,4.9,52,4.1,310,162,113,130
1998-03-03 18:00:00,4.0,59,3.1,310,45,132,32
1998-03-03 19:00:00,4.0,59,2.6,300,0,0,0
1998-03-03 20:00:00,3.0,68,4.1,290,0,0,0
1998-03-03 21:00:00,3.0,68,2.6,270,0,0,0
1998-03-03 22:00:00,4.0,63,4.1,270,0,0,0
1998-03-03 23:00:00,3.7,64,3.9,270,0,0,0
1998-03-04 00:00:00,3.6,59,3.7,260,0,0,0
1998-03-04 01:00:00,2.9,61,3.5,260,0,0,0
1998-03-04 02:00:00,2.7,61,3.4,250,0,0,0
1998-03-04 03:00:00,2.5,56,3.2,250,0,0,0
1998-03-04 04:00:00,2.4,61,3.0,240,0,0,0
1998-03-04 05:00:00,2.2,62,2.8,240,0,0,0
1998-03-04 06:00:00,2.0,62,2.6,230,0,0,0
1998-03-04 07:00:00,1.0,67,2.6,220,0,0,0
1998-03-04 08:00:00,1.0,67,2.6,250,122,228,87
1998-03-04 09:00:00,3.0,63,4.1,250,241,305,140
1998-03-04 10:00:00,5.0,59,4.1,250,345,246,225
1998-03-04 11:00:00,5.0,55,5.1,280,133,0,133
1998-03-04 12:00:00,6.0,51,5.1,290,172,0,172
1998-03-04 13:00:00,7.0,48,4.1,300,204,6,200
1998-03-04 14:00:00,7.0,48,4.1,310,193,6,189
1998-03-04 15:00:00,6.0,51,5.1,290,159,0,159
1998-03-04 16:00:00,3.0,93,5.1,320,185,12,180
1998-03-04 17:00:00,3.0,74,5.1,270,109,11,105
1998-03-04 18:00:00,3.0,87,2.6,260,43,81,34
1998-03-04 19:00:00,3.0,87,3.1,270,0,0,0
1998-03-04 20:00:00,4.0,69,2.6,270,0,0,0
1998-03-04 21:00:00,3.3,74,1.3,320,0,0,0
1998-03-04 22:00:00,3.0,85,0.0,0,0,0,0
1998-03-04 23:00:00,2.7,84,0.0,0,0,0,0
1998-03-05 00:00:00,2.6,80,0.0,0,0,0,0
1998-03-05 01:00:00,1.9,88,0.0,0,0,0,0
1998-03-05 02:00:00,1.7,79,0.0,0,0,0,0
1998-03-05 03:00:00,1.5,83,0.0,0,0,0,0
1998-03-05 04:00:00,1.4,80,0.0,0,0,0,0
1998-03-05 05:00:00,1.2,78,0.0,0,0,0,0
1998-03-05 06:00:00,1.0,76,0.0,0,0,0,0
1998-03-05 07:00:00,1.0,79,0.0,0,0,0,0
1998-03-05 08:00:00,2.0,73,0.0,0,108,203,76
1998-03-05 09:00:00,3.4,63,2.6,320,277,457,122
1998-03-05 10:00:00,5.0,55,5.1,280,371,295,225
1998-03-05 11:00:00,6.0,47,5.1,290,361,115,290
1998-03-05 12:00:00,6.0,51,5.1,300,277,18,264
1998-03-05 13:00:00,6.0,47,5.1,310,288,18,275
1998-03-05 14:00:00,6.0,47,6.7,300,270,12,262
1998-03-05 15:00:00,7.0,48,5.1,320,290,77,245
1998-03-05 16:00:00,6.0,51,5.1,320,359,340,203
1998-03-05 17:00:00,5.0,55,5.1,320,198,267,119
1998-03-05 18:00:00,4.0,54,5.1,320,60,187,40
1998-03-05 19:00:00,4.0,54,2.6,300,0,0,0
1998-03-05 20:00:00,2.0,62,2.6,300,0,0,0
1998-03-05 21:00:00,1.0,66,0.0,0,0,0,0
1998-03-05 22:00:00,0.0,69,2.6,300,0,0,0
1998-03-05 23:00:00,-0.4,71,2.3,310,0,0,0
1998-03-06 00:00:00,-0.7,65,2.0,320,0,0,0
1998-03-06 01:00:00,-1.4,68,1.6,320,0,0,0
1998-03-06 02:00:00,-1.8,76,1.3,330,0,0,0
1998-03-06 03:00:00,-2.1,84,1.0,340,0,0,0
1998-03-06 04:00:00,-2.4,84,0.7,350,0,0,0
1998-03-06 05:00:00,-2.7,78,0.3,350,0,0,0
1998-03-06 06:00:00,-3.0,79,0.0,0,0,0,0
1998-03-06 07:00:00,-3.0,84,0.0,0,0,0,0
1998-03-06 08:00:00,-1.0,78,0.0,0,127,313,76
1998-03-06 09:00:00,1.0,79,0.0,0,319,641,99
1998-03-06 10:00:00,1.0,72,0.0,0,489,743,119
1998-03-06 11:00:00,6.0,51,2.1,40,626,813,127
1998-03-06 12:00:00,7.0,48,2.1,90,713,778,181
1998-03-06 13:00:00,8.0,48,2.1,130,672,588,258
1998-03-06 14:00:00,8.0,44,3.6,170,439,173,323
1998-03-06 15:00:00,8.0,44,5.1,180,592,540,274
1998-03-06 16:00:00,8.0,44,5.1,190,256,100,210
1998-03-06 17:00:00,8.0,44,5.1,190,149,62,130
1998-03-06 18:00:00,8.0,48,4.1,180,51,135,36
1998-03-06 19:00:00,7.3,51,4.4,180,0,0,0
1998-03-06 20:00:00,7.2,51,4.8,180,0,0,0
1998-03-06 21:00:00,7.0,51,5.1,180,0,0,0
1998-03-06 22:00:00,7.2,51,4.4,120,0,0,0
1998-03-06 23:00:00,6.7,55,3.8,70,0,0,0
1998-03-07 00:00:00,6.4,57,3.2,10,0,0,0
1998-03-07 01:00:00,5.6,58,2.6,320,0,0,0
1998-03-07 02:00:00,5.2,62,1.9,270,0,0,0
1998-03-07 03:00:00,4.9,63,1.2,210,0,0,0
1998-03-07 04:00:00,4.5,66,0.7,160,0,0,0
1998-03-07 05:00:00,4.2,68,0.0,0,0,0,0
1998-03-07 06:00:00,3.8,72,0.0,0,0,0,0
1998-03-07 07:00:00,3.0,81,0.0,0,0,0,0
1998-03-07 08:00:00,4.0,75,0.0,0,83,44,75
1998-03-07 09:00:00,7.0,66,3.1,240,304,437,151
1998-03-07 10:00:00,8.0,66,2.1,250,442,546,168
1998-03-07 11:00:00,10.0,57,1.5,230,632,746,170
1998-03-07 12:00:00,11.5,55,1.5,240,719,850,133
1998-03-07 13:00:00,13.0,54,1.5,240,744,864,132
1998-03-07 14:00:00,14.0,51,1.5,200,691,717,207
1998-03-07 15:00:00,15.0,48,1.5,230,444,279,279
1998-03-07 16:00:00,15.0,48,1.5,260,332,282,201
1998-03-07 17:00:00,14.0,55,1.5,300,209,273,126
1998-03-07 18:00:00,12.0,58,1.5,330,69,229,42
1998-03-07 19:00:00,11.0,62,0.0,0,0,0,0
1998-03-07 20:00:00,11.0,62,0.0,0,0,0,0
1998-03-07 21:00:00,11.1,67,0.9,10,0,0,0
1998-03-07 22:00:00,11.0,65,2.5,20,0,0,0
1998-03-07 23:00:00,10.7,67,3.4,30,0,0,0
1998-03-08 00:00:00,10.5,65,4.4,40,0,0,0
1998-03-08 01:00:00,9.8,69,5.2,40,0,0,0
1998-03-08 02:00:00,9.6,71,6.1,60,0,0,0
1998-03-08 03:00:00,9.3,74,6.9,50,0,0,0
1998-03-08 04:00:00,9.0,77,7.8,60,0,0,0
1998-03-08 05:00:00,8.8,79,8.8,70,0,0,0
1998-03-08 06:00:00,8.6,83,9.5,80,0,0,0
1998-03-08 07:00:00,8.0,87,6.2,90,0,0,0
1998-03-08 08:00:00,7.0,93,6.2,90,40,0,40
1998-03-08 09:00:00,7.0,93,2.6,50,58,0,58
1998-03-08 10:00:00,7.0,93,4.1,90,79,0,79
1998-03-08 11:00:00,7.1,90,3.4,100,101,0,101
1998-03-08 12:00:00,7.0,87,2.6,100,117,0,117
1998-03-08 13:00:00,7.2,84,2.6,100,120,0,120
1998-03-08 14:00:00,7.0,81,2.6,100,111,0,111
1998-03-08 15:00:00,6.0,87,1.5,90,97,0,97
1998-03-08 16:00:00,6.0,87,3.1,80,71,0,71
1998-03-08 17:00:00,6.0,87,4.1,90,50,0,50
1998-03-08 18:00:00,6.0,87,3.6,90,25,0,25
1998-03-08 19:00:00,6.0,87,3.1,90,0,0,0
1998-03-08 20:00:00,6.0,87,3.6,90,0,0,0
1998-03-08 21:00:00,6.0,90,4.6,50,0,0,0
1998-03-08 22:00:00,6.0,93,4.6,60,0,0,0
1998-03-08 23:00:00,6.0,100,4.7,60,0,0,0
1998-03-09 00:00:00,6.1,100,4.7,70,0,0,0
1998-03-09 01:00:00,5.7,100,4.8,70,0,0,0
1998-03-09 02:00:00,5.7,100,4.9,70,0,0,0
1998-03-09 03:00:00,5.8,100,4.9,70,0,0,0
1998-03-09 04:00:00,5.9,100,5.0,80,0,0,0
1998-03-09 05:00:00,6.0,100,5.0,80,0,0,0
1998-03-09 06:00:00,6.0,100,5.1,80,0,0,0
1998-03-09 07:00:00,7.0,93,4.6,10,0,0,0
1998-03-09 08:00:00,6.0,87,4.1,300,30,0,30
1998-03-09 09:00:00,7.0,87,0.0,0,65,0,65
1998-03-09 10:00:00,7.0,93,3.6,300,79,0,79
1998-03-09 11:00:00,7.0,87,4.1,330,101,0,101
1998-03-09 12:00:00,9.0,93,1.5,60,117,0,117
1998-03-09 13:00:00,11.0,87,3.6,140,228,6,224
1998-03-09 14:00:00,13.0,82,2.1,130,111,0,111
1998-03-09 15:00:00,14.0,72,2.1,100,131,0,131
1998-03-09 16:00:00,16.0,59,1.5,60,289,147,220
1998-03-09 17:00:00,14.0,72,0.0,0,190,176,135
1998-03-09 18:00:00,13.0,72,0.0,0,18,0,18
1998-03-09 19:00:00,12.0,76,6.2,300,0,0,0
1998-03-09 20:00:00,11.0,82,2.1,270,0,0,0
1998-03-09 21:00:00,10.0,78,5.1,280,0,0,0
1998-03-09 22:00:00,9.0,77,5.1,270,0,0,0
1998-03-09 23:00:00,8.1,77,5.1,270,0,0,0
1998-03-10 00:00:00,7.3,75,5.1,280,0,0,0
1998-03-10 01:00:00,6.1,72,5.1,280,0,0,0
1998-03-10 02:00:00,5.2,72,5.1,280,0,0,0
1998-03-10 03:00:00,4.4,68,5.1,280,0,0,0
1998-03-10 04:00:00,3.6,66,5.1,290,0,0,0
1998-03-10 05:00:00,2.8,64,5.1,290,0,0,0
1998-03-10 06:00:00,2.0,61,5.1,290,0,0,0
1998-03-10 07:00:00,5.0,46,7.2,310,0,0,0
1998-03-10 08:00:00,1.0,47,9.3,330,146,359,80
1998-03-10 09:00:00,2.0,40,7.7,320,336,637,104
1998-03-10 10:00:00,2.0,40,4.1,320,487,613,169
1998-03-10 11:00:00,1.0,43,5.1,310,511,346,292
1998-03-10 12:00:00,2.0,40,7.7,310,724,723,215
1998-03-10 13:00:00,3.0,41,5.1,290,684,594,254
1998-03-10 14:00:00,2.0,44,10.3,320,715,735,209
1998-03-10 15:00:00,2.0,44,10.3,320,479,338,274
1998-03-10 16:00:00,1.0,40,7.7,320,317,182,230
1998-03-10 17:00:00,-1.0,42,7.7,320,130,23,123
1998-03-10 18:00:00,-2.0,50,7.7,330,51,55,44
1998-03-10 19:00:00,-2.0,42,8.2,320,0,0,0
1998-03-10 20:00:00,-3.0,42,7.7,350,0,0,0
1998-03-10 21:00:00,-3.0,42,8.7,320,0,0,0
1998-03-10 22:00:00,-3.2,42,7.7,330,0,0,0
1998-03-10 23:00:00,-3.6,44,7.4,330,0,0,0
1998-03-11 00:00:00,-3.8,41,7.1,330,0,0,0
1998-03-11 01:00:00,-4.6,44,6.7,330,0,0,0
1998-03-11 02:00:00,-4.9,45,6.4,330,0,0,0
1998-03-11 03:00:00,-5.2,46,6.1,330,0,0,0
1998-03-11 04:00:00,-5.4,43,5.8,330,0,0,0
1998-03-11 05:00:00,-5.7,44,5.4,330,0,0,0
1998-03-11 06:00:00,-6.0,45,5.1,330,0,0,0
1998-03-11 07:00:00,-7.0,54,5.1,320,0,0,0
1998-03-11 08:00:00,-5.0,49,5.1,320,153,385,81
1998-03-11 09:00:00,-4.0,45,8.2,320,342,649,103
1998-03-11 10:00:00,-3.0,38,6.2,320,466,545,181
1998-03-11 11:00:00,-3.0,35,6.2,300,561,527,224
1998-03-11 12:00:00,-2.0,38,5.1,310,595,416,300
1998-03-11 13:00:00,-2.0,32,5.1,300,612,408,315
1998-03-11 14:00:00,-2.0,32,5.1,330,510,251,336
1998-03-11 15:00:00,-1.3,29,5.1,320,525,469,238
1998-03-11 16:00:00,-1.0,27,5.1,310,426,581,146
1998-03-11 17:00:00,-2.0,27,5.1,310,256,496,98
1998-03-11 18:00:00,-3.0,29,5.1,320,80,309,40
1998-03-11 19:00:00,-4.0,41,0.5,291,0,0,0
1998-03-11 20:00:00,-4.0,45,5.1,300,0,0,0
1998-03-11 21:00:00,-5.0,49,7.7,320,0,0,0
1998-03-11 22:00:00,-5.2,54,7.3,320,0,0,0
1998-03-11 23:00:00,-5.6,55,6.9,320,0,0,0
1998-03-12 00:00:00,-5.8,51,6.5,320,0,0,0
1998-03-12 01:00:00,-6.6,59,6.1,320,0,0,0
1998-03-12 02:00:00,-6.9,56,5.7,330,0,0,0
1998-03-12 03:00:00,-7.2,51,5.3,330,0,0,0
1998-03-12 04:00:00,-7.4,57,4.9,330,0,0,0
1998-03-12 05:00:00,-7.7,58,4.5,330,0,0,0
1998-03-12 06:00:00,-8.0,59,4.1,330,0,0,0
1998-03-12 07:00:00,-8.0,58,5.1,270,0,66,0
1998-03-12 08:00:00,-7.0,54,6.7,270,160,403,82
1998-03-12 09:00:00,-5.1,45,5.9,280,349,648,106
1998-03-12 10:00:00,-3.0,38,5.1,290,525,649,182
1998-03-12 11:00:00,-3.0,38,5.1,290,466,242,310
1998-03-12 12:00:00,-2.0,35,6.7,310,601,392,322
1998-03-12 13:00:00,-1.0,32,6.7,290,480,162,361
1998-03-12 14:00:00,-1.0,35,7.2,310,604,424,308
1998-03-12 15:00:00,-0.8,33,8.8,320,405,190,288
1998-03-12 16:00:00,-1.0,32,10.3,320,443,558,172
1998-03-12 17:00:00,-2.0,38,7.7,320,266,542,92
1998-03-12 18:00:00,-2.0,38,8.7,310,85,326,41
1998-03-12 19:00:00,-3.0,42,5.1,320,0,0,0
1998-03-12 20:00:00,-3.0,42,2.6,300,0,0,0
1998-03-12 21:00:00,-3.0,41,5.1,300,0,0,0
1998-03-12 22:00:00,-4.0,45,2.6,280,0,0,0
1998-03-12 23:00:00,-4.3,47,2.6,280,0,0,0
1998-03-13 00:00:00,-4.4,48,2.6,270,0,0,0
1998-03-13 01:00:00,-5.1,49,2.6,270,0,0,0
1998-03-13 02:00:00,-5.3,51,2.6,260,0,0,0
1998-03-13 03:00:00,-5.5,51,2.6,260,0,0,0
1998-03-13 04:00:00,-5.6,52,2.6,250,0,0,0
1998-03-13 05:00:00,-5.8,54,2.6,250,0,0,0
1998-03-13 06:00:00,-6.0,56,2.6,240,0,0,0
1998-03-13 07:00:00,-6.0,59,2.6,190,1,78,1
1998-03-13 08:00:00,-4.0,50,3.1,200,167,421,83
1998-03-13 09:00:00,-3.0,46,3.1,210,355,654,106
1998-03-13 10:00:00,-1.0,39,3.1,270,531,747,132
1998-03-13 11:00:00,-1.0,35,4.1,270,611,606,217
1998-03-13 12:00:00,1.0,33,5.1,240,736,753,195
1998-03-13 13:00:00,1.0,30,5.1,230,773,870,133
1998-03-13 14:00:00,1.0,28,6.7,230,733,860,128
1998-03-13 15:00:00,3.0,29,4.1,230,616,790,128
1998-03-13 16:00:00,3.0,26,4.1,210,471,588,183
1998-03-13 17:00:00,2.0,28,5.1,210,151,57,133
1998-03-13 18:00:00,3.0,26,5.1,190,41,0,41
1998-03-13 19:00:00,1.2,30,4.4,180,0,0,0
1998-03-13 20:00:00,0.0,32,3.6,170,0,0,0
1998-03-13 21:00:00,0.0,33,5.1,190,0,0,0
1998-03-13 22:00:00,1.0,32,4.1,190,0,0,0
1998-03-13 23:00:00,1.0,32,4.2,190,0,0,0
1998-03-14 00:00:00,1.1,36,4.4,190,0,0,0
1998-03-14 01:00:00,0.7,35,4.5,190,0,0,0
1998-03-14 02:00:00,0.7,39,4.6,190,0,0,0
1998-03-14 03:00:00,0.8,36,4.7,190,0,0,0
1998-03-14 04:00:00,0.9,37,4.9,190,0,0,0
1998-03-14 05:00:00,1.0,41,5.0,190,0,0,0
1998-03-14 06:00:00,1.0,42,5.1,190,0,0,0
1998-03-14 07:00:00,1.0,43,3.6,180,1,0,1
1998-03-14 08:00:00,2.0,40,4.1,200,64,0,64
1998-03-14 09:00:00,3.0,41,4.1,200,134,0,134
1998-03-14 10:00:00,6.0,36,5.1,270,537,532,250
1998-03-14 11:00:00,6.0,65,5.1,310,107,0,107
1998-03-14 12:00:00,6.0,39,10.3,330,693,464,357
1998-03-14 13:00:00,7.0,37,12.9,300,755,750,200
1998-03-14 14:00:00,7.0,31,10.3,290,739,830,152
1998-03-14 15:00:00,8.0,26,10.3,290,622,796,127
1998-03-14 16:00:00,7.0,26,6.2,330,477,752,105
1998-03-14 17:00:00,6.0,28,5.1,320,288,629,80
1998-03-14 18:00:00,4.0,32,6.2,310,95,355,44
1998-03-14 19:00:00,3.0,34,2.6,340,0,0,0
1998-03-14 20:00:00,2.0,37,5.1,310,0,0,0
1998-03-14 21:00:00,0.6,41,5.5,340,0,0,0
1998-03-14 22:00:00,0.8,41,4.9,360,0,0,0
1998-03-14 23:00:00,0.4,42,4.8,200,0,0,0
1998-03-15 00:00:00,0.0,44,4.8,220,0,0,0
1998-03-15 01:00:00,-0.8,47,4.8,240,0,0,0
1998-03-15 02:00:00,-1.2,54,4.7,260,0,0,0
1998-03-15 03:00:00,-1.5,51,4.6,280,0,0,0
1998-03-15 04:00:00,-1.9,53,4.6,300,0,0,0
1998-03-15 05:00:00,-2.2,55,4.6,320,0,0,0
1998-03-15 06:00:00,-2.6,57,4.5,340,0,0,0
1998-03-15 07:00:00,-3.0,60,2.6,340,3,93,2
1998-03-15 08:00:00,-0.5,52,4.1,330,171,409,85
1998-03-15 09:00:00,2.0,44,6.2,290,367,677,102
1998-03-15 10:00:00,2.0,40,5.1,300,530,728,133
1998-03-15 11:00:00,2.0,44,5.1,310,654,757,155
1998-03-15 12:00:00,4.0,38,5.1,310,729,765,172
1998-03-15 13:00:00,4.0,38,6.2,290,755,768,183
1998-03-15 14:00:00,5.0,36,7.2,310,680,597,255
1998-03-15 15:00:00,4.0,38,6.2,340,491,339,279
1998-03-15 16:00:00,2.0,40,5.1,340,367,312,212
1998-03-15 17:00:00,4.0,32,5.1,360,228,252,144
1998-03-15 18:00:00,3.0,34,3.1,320,96,260,58
1998-03-15 19:00:00,1.7,41,2.9,340,0,0,0
1998-03-15 20:00:00,1.0,47,2.6,350,0,0,0
1998-03-15 21:00:00,-1.0,56,2.1,360,0,0,0
1998-03-15 22:00:00,-1.0,56,2.1,360,0,0,0
1998-03-15 23:00:00,-1.1,57,2.1,10,0,0,0
1998-03-16 00:00:00,-1.2,85,2.1,10,0,0,0
1998-03-16 01:00:00,-1.7,79,2.1,10,0,0,0
1998-03-16 02:00:00,-1.8,87,2.1,20,0,0,0
1998-03-16 03:00:00,-1.8,81,2.1,20,0,0,0
1998-03-16 04:00:00,-1.9,90,2.1,20,0,0,0
1998-03-16 05:00:00,-1.9,58,2.1,30,0,0,0
1998-03-16 06:00:00,-2.0,65,2.1,30,0,0,0
1998-03-16 07:00:00,-2.0,65,0.0,0,5,107,2
1998-03-16 08:00:00,-0.5,59,1.8,30,178,428,86
1998-03-16 09:00:00,1.0,51,3.6,60,366,645,110
1998-03-16 10:00:00,2.0,44,4.1,90,536,734,132
1998-03-16 11:00:00,2.0,44,2.1,50,673,799,142
1998-03-16 12:00:00,3.0,41,2.1,350,754,801,166
1998-03-16 13:00:00,6.0,33,0.0,0,731,654,241
1998-03-16 14:00:00,6.0,33,0.0,0,750,801,178
1998-03-16 15:00:00,7.0,28,0.0,0,639,790,141
1998-03-16 16:00:00,7.0,28,0.0,0,477,729,112
1998-03-16 17:00:00,6.0,28,0.0,0,294,624,84
1998-03-16 18:00:00,4.0,32,0.0,0,100,368,45
1998-03-16 19:00:00,2.0,44,0.0,0,0,0,0
1998-03-16 20:00:00,2.0,52,0.0,0,0,0,0
1998-03-16 21:00:00,1.0,54,1.5,110,0,0,0
1998-03-16 22:00:00,0.0,56,1.5,100,0,0,0
1998-03-16 23:00:00,-0.3,60,1.3,90,0,0,0
1998-03-17 00:00:00,-0.4,58,1.1,80,0,0,0
1998-03-17 01:00:00,-1.1,59,0.9,60,0,0,0
1998-03-17 02:00:00,-1.3,63,0.8,50,0,0,0
1998-03-17 03:00:00,-1.5,67,0.6,40,0,0,0
1998-03-17 04:00:00,-1.6,65,0.4,30,0,0,0
1998-03-17 05:00:00,-1.8,58,0.2,10,0,0,0
1998-03-17 06:00:00,-2.0,57,0.0,0,0,0,0
1998-03-17 07:00:00,-2.0,60,1.5,330,5,49,4
1998-03-17 08:00:00,-2.0,65,1.5,300,149,178,110
1998-03-17 09:00:00,0.0,66,1.5,260,175,19,168
1998-03-17 10:00:00,2.0,57,1.5,230,241,12,235
1998-03-17 11:00:00,4.0,54,5.1,200,289,18,277
1998-03-17 12:00:00,4.0,45,5.1,200,368,42,336
1998-03-17 13:00:00,5.0,42,5.1,200,276,12,267
1998-03-17 14:00:00,6.0,39,5.1,180,428,108,351
1998-03-17 15:00:00,4.0,49,5.1,180,371,107,303
1998-03-17 16:00:00,4.0,45,5.1,200,192,12,186
1998-03-17 17:00:00,4.0,49,5.1,200,117,6,115
1998-03-17 18:00:00,-3.0,92,5.1,180,51,10,49
1998-03-17 19:00:00,3.0,58,2.6,180,0,0,0
1998-03-17 20:00:00,3.0,53,4.1,180,0,0,0
1998-03-17 21:00:00,3.0,53,4.1,190,0,0,0
1998-03-17 22:00:00,3.0,55,5.1,190,0,0,0
1998-03-17 23:00:00,2.8,60,4.7,190,0,0,0
1998-03-18 00:00:00,2.8,62,4.2,190,0,0,0
1998-03-18 01:00:00,2.3,64,3.8,190,0,0,0
1998-03-18 02:00:00,2.2,68,3.3,190,0,0,0
1998-03-18 03:00:00,2.2,69,2.9,190,0,0,0
1998-03-18 04:00:00,2.1,72,2.4,190,0,0,0
1998-03-18 05:00:00,2.1,76,2.0,190,0,0,0
1998-03-18 06:00:00,2.0,80,1.5,190,0,0,0
1998-03-18 07:00:00,1.0,93,1.5,220,2,0,2
1998-03-18 08:00:00,1.0,93,1.5,260,43,0,43
1998-03-18 09:00:00,2.0,87,1.5,290,84,0,84
1998-03-18 10:00:00,3.0,81,1.5,330,124,0,124
1998-03-18 11:00:00,3.0,87,0.0,0,113,0,113
1998-03-18 12:00:00,4.0,87,0.0,0,135,0,135
1998-03-18 13:00:00,4.0,87,1.5,360,132,0,132
1998-03-18 14:00:00,5.0,93,1.5,350,129,0,129
1998-03-18 15:00:00,6.0,87,1.5,170,148,0,148
1998-03-18 16:00:00,5.0,87,1.5,190,77,0,77
1998-03-18 17:00:00,5.0,87,1.5,190,97,0,97
1998-03-18 18:00:00,5.0,93,1.5,180,35,0,35
1998-03-18 19:00:00,4.0,100,0.0,0,0,0,0
1998-03-18 20:00:00,5.0,93,0.0,0,0,0,0
1998-03-18 21:00:00,4.0,99,0.0,0,0,0,0
1998-03-18 22:00:00,4.0,99,0.0,0,0,0,0
1998-03-18 23:00:00,4.1,97,0.0,0,0,0,0
1998-03-19 00:00:00,4.3,100,0.0,0,0,0,0
1998-03-19 01:00:00,4.1,100,0.0,0,0,0,0
1998-03-19 02:00:00,4.2,93,0.0,0,0,0,0
1998-03-19 03:00:00,4.4,91,0.0,0,0,0,0
1998-03-19 04:00:00,4.6,89,0.0,0,0,0,0
1998-03-19 05:00:00,4.8,87,0.0,0,0,0,0
1998-03-19 06:00:00,5.0,85,0.0,0,0,0,0
1998-03-19 07:00:00,4.0,91,1.1,360,3,0,3
1998-03-19 08:00:00,4.0,100,2.1,360,60,0,60
1998-03-19 09:00:00,5.0,87,2.1,360,126,0,126
1998-03-19 10:00:00,6.0,87,2.1,360,215,6,211
1998-03-19 11:00:00,7.0,93,0.0,0,264,12,256
1998-03-19 12:00:00,7.0,93,0.0,0,263,6,259
1998-03-19 13:00:00,8.0,93,0.0,0,288,24,269
1998-03-19 14:00:00,12.0,71,0.0,0,704,580,282
1998-03-19 15:00:00,13.2,71,1.3,360,651,671,220
1998-03-19 16:00:00,14.0,72,2.6,360,330,176,239
1998-03-19 17:00:00,13.0,77,2.6,360,311,557,117
1998-03-19 18:00:00,13.0,72,2.1,360,111,399,48
1998-03-19 19:00:00,11.0,76,0.0,0,0,0,0
1998-03-19 20:00:00,12.0,76,2.1,360,0,0,0
1998-03-19 21:00:00,9.0,88,0.0,0,0,0,0
1998-03-19 22:00:00,9.0,85,2.6,350,0,0,0
1998-03-19 23:00:00,8.7,87,2.5,360,0,0,0
1998-03-20 00:00:00,8.6,83,2.5,360,0,0,0
1998-03-20 01:00:00,7.9,80,2.4,10,0,0,0
1998-03-20 02:00:00,7.7,78,2.4,20,0,0,0
1998-03-20 03:00:00,7.5,74,2.3,20,0,0,0
1998-03-20 04:00:00,7.4,71,2.2,30,0,0,0
1998-03-20 05:00:00,7.2,68,2.2,30,0,0,0
1998-03-20 06:00:00,7.0,64,2.1,40,0,0,0
1998-03-20 07:00:00,7.0,61,1.5,230,8,32,6
1998-03-20 08:00:00,7.0,87,2.1,240,127,95,105
1998-03-20 09:00:00,7.0,93,2.1,220,111,0,111
1998-03-20 10:00:00,8.0,87,1.5,250,98,0,98
1998-03-20 11:00:00,9.0,87,1.5,80,126,0,126
1998-03-20 12:00:00,8.0,93,2.1,100,147,0,147
1998-03-20 13:00:00,9.0,81,2.1,90,132,0,132
1998-03-20 14:00:00,9.1,84,3.1,90,129,0,129
1998-03-20 15:00:00,9.0,87,4.1,90,103,0,103
1998-03-20 16:00:00,8.0,87,3.1,40,82,0,82
1998-03-20 17:00:00,7.0,93,4.1,70,56,0,56
1998-03-20 18:00:00,7.0,93,2.6,70,36,0,36
1998-03-20 19:00:00,8.0,87,2.6,90,0,0,0
1998-03-20 20:00:00,7.0,87,7.2,90,0,0,0
1998-03-20 21:00:00,8.0,75,0.0,0,0,0,0
1998-03-20 22:00:00,7.0,76,5.1,80,0,0,0
1998-03-20 23:00:00,6.6,72,4.8,80,0,0,0
1998-03-21 00:00:00,6.3,69,4.5,80,0,0,0
1998-03-21 01:00:00,5.6,72,4.2,80,0,0,0
1998-03-21 02:00:00,5.2,80,3.9,80,0,0,0
1998-03-21 03:00:00,4.9,81,3.5,70,0,0,0
1998-03-21 04:00:00,4.6,77,3.2,70,0,0,0
1998-03-21 05:00:00,4.3,79,2.9,70,0,0,0
1998-03-21 06:00:00,4.0,87,2.6,70,0,0,0
1998-03-21 07:00:00,4.0,93,2.6,70,0,0,0
1998-03-21 08:00:00,3.0,93,3.1,60,101,13,98
1998-03-21 09:00:00,3.0,100,3.1,10,104,0,104
1998-03-21 10:00:00,3.0,100,3.1,50,111,0,111
1998-03-21 11:00:00,4.0,93,4.1,40,151,0,151
1998-03-21 12:00:00,4.0,93,4.1,70,165,0,165
1998-03-21 13:00:00,3.0,93,5.1,30,150,0,150
1998-03-21 14:00:00,3.0,87,5.1,40,135,0,135
1998-03-21 15:00:00,3.0,87,4.1,30,131,0,131
1998-03-21 16:00:00,3.0,81,5.1,40,160,0,160
1998-03-21 17:00:00,1.0,93,3.6,30,87,0,87
1998-03-21 18:00:00,1.0,93,3.6,50,69,63,58
1998-03-21 19:00:00,2.0,87,3.1,30,0,0,0
1998-03-21 20:00:00,2.0,87,2.6,30,0,0,0
1998-03-21 21:00:00,2.7,89,0.0,0,0,0,0
1998-03-21 22:00:00,2.4,90,2.0,60,0,0,0
1998-03-21 23:00:00,2.1,86,2.0,80,0,0,0
1998-03-22 00:00:00,2.0,93,2.0,110,0,0,0
1998-03-22 01:00:00,1.5,96,1.9,130,0,0,0
1998-03-22 02:00:00,1.3,98,2.0,160,0,0,0
1998-03-22 03:00:00,1.2,92,1.9,170,0,0,0
1998-03-22 04:00:00,1.1,92,1.9,200,0,0,0
1998-03-22 05:00:00,0.9,94,1.9,220,0,0,0
1998-03-22 06:00:00,0.8,87,1.9,250,0,0,0
1998-03-22 07:00:00,1.0,93,2.1,270,0,0,0
1998-03-22 08:00:00,2.0,80,5.1,280,33,0,33
1998-03-22 09:00:00,1.9,73,7.7,300,139,0,139
1998-03-22 10:00:00,2.0,67,9.3,310,130,0,130
1998-03-22 11:00:00,2.0,62,7.7,290,182,0,182
1998-03-22 12:00:00,3.0,58,7.7,300,300,12,291
1998-03-22 13:00:00,2.0,67,6.2,300,306,12,296
1998-03-22 14:00:00,2.0,52,6.2,300,235,6,230
1998-03-22 15:00:00,3.0,49,6.2,300,229,6,225
1998-03-22 16:00:00,3.0,49,3.6,330,215,12,209
1998-03-22 17:00:00,3.0,49,7.7,300,133,11,129
1998-03-22 18:00:00,3.0,49,5.1,300,90,157,63
1998-03-22 19:00:00,2.0,57,4.1,280,0,0,0
1998-03-22 20:00:00,2.0,62,3.6,290,0,0,0
1998-03-22 21:00:00,2.0,62,2.6,250,0,0,0
1998-03-22 22:00:00,2.0,63,3.6,250,0,0,0
1998-03-22 23:00:00,1.6,60,3.5,250,0,0,0
1998-03-23 00:00:00,1.3,62,3.4,240,0,0,0
1998-03-23 01:00:00,0.6,66,3.2,240,0,0,0
1998-03-23 02:00:00,0.2,68,3.1,240,0,0,0
1998-03-23 03:00:00,-0.1,70,3.0,230,0,0,0
1998-03-23 04:00:00,-0.4,66,2.9,230,0,0,0
1998-03-23 05:00:00,-0.7,63,2.7,220,0,0,0
1998-03-23 06:00:00,-1.0,71,2.6,220,0,0,0
1998-03-23 07:00:00,-1.0,66,2.6,210,0,0,0
1998-03-23 08:00:00,2.0,57,1.5,250,214,501,88
1998-03-23 09:00:00,4.0,54,4.1,280,408,697,106
1998-03-23 10:00:00,6.0,47,5.1,280,538,537,224
1998-03-23 11:00:00,6.0,39,6.2,290,558,327,330
1998-03-23 12:00:00,8.0,37,6.7,250,807,759,227
1998-03-23 13:00:00,9.0,32,7.7,250,797,720,235
1998-03-23 14:00:00,9.0,31,7.2,240,592,299,370
1998-03-23 15:00:00,8.0,32,4.1,270,286,24,270
1998-03-23 16:00:00,8.0,32,5.1,280,242,29,227
1998-03-23 17:00:00,8.0,29,5.1,300,215,138,165
1998-03-23 18:00:00,7.0,34,5.1,290,94,194,61
1998-03-23 19:00:00,4.0,42,2.6,310,0,0,0
1998-03-23 20:00:00,3.0,45,0.0,0,0,0,0
1998-03-23 21:00:00,1.4,50,0.0,0,0,0,0
1998-03-23 22:00:00,0.3,55,0.0,0,0,0,0
1998-03-23 23:00:00,-1.0,62,0.0,0,0,0,0
1998-03-24 00:00:00,-0.8,61,0.0,0,0,0,0
1998-03-24 01:00:00,-1.0,63,0.0,0,0,0,0
1998-03-24 02:00:00,-0.8,62,0.0,0,0,0,0
1998-03-24 03:00:00,-0.6,56,0.0,0,0,0,0
1998-03-24 04:00:00,-0.4,56,0.0,0,0,0,0
1998-03-24 05:00:00,-0.2,55,0.0,0,0,0,0
1998-03-24 06:00:00,0.0,60,0.0,0,0,0,0
1998-03-24 07:00:00,0.0,60,2.6,190,0,0,0
1998-03-24 08:00:00,1.0,68,2.6,120,82,0,82
1998-03-24 09:00:00,2.0,73,2.6,40,214,37,197
1998-03-24 10:00:00,1.6,100,2.1,20,214,6,210
1998-03-24 11:00:00,1.0,86,1.5,140,125,0,125
1998-03-24 12:00:00,1.0,86,0.0,0,147,0,147
1998-03-24 13:00:00,3.0,87,0.0,0,228,18,213
1998-03-24 14:00:00,6.0,70,0.0,0,757,586,318
1998-03-24 15:00:00,6.0,60,0.0,0,572,440,281
1998-03-24 16:00:00,1.0,86,1.5,340,171,12,165
1998-03-24 17:00:00,4.0,75,1.5,350,324,495,143
1998-03-24 18:00:00,4.0,81,0.0,0,128,448,49
1998-03-24 19:00:00,3.0,87,0.0,0,0,0,0
1998-03-24 20:00:00,3.0,81,0.0,0,0,0,0
1998-03-24 21:00:00,1.0,90,0.0,0,0,0,0
1998-03-24 22:00:00,1.0,81,1.5,20,0,0,0
1998-03-24 23:00:00,0.5,81,1.6,30,0,0,0
1998-03-25 00:00:00,0.1,88,1.7,40,0,0,0
1998-03-25 01:00:00,-0.8,92,1.7,40,0,0,0
1998-03-25 02:00:00,-1.3,93,1.8,50,0,0,0
1998-03-25 03:00:00,-1.7,94,1.9,60,0,0,0
1998-03-25 04:00:00,-2.1,94,2.0,70,0,0,0
1998-03-25 05:00:00,-2.5,86,2.0,70,0,0,0
1998-03-25 06:00:00,-3.0,87,2.1,80,0,0,0
1998-03-25 07:00:00,-3.0,92,1.5,130,0,0,0
1998-03-25 08:00:00,-1.0,78,1.5,170,219,490,90
1998-03-25 09:00:00,3.0,63,2.6,220,420,702,109
1998-03-25 10:00:00,6.0,55,2.1,240,602,805,123
1998-03-25 11:00:00,7.0,52,4.1,230,733,841,137
1998-03-25 12:00:00,8.0,44,3.6,180,819,885,134
1998-03-25 13:00:00,9.0,35,5.1,220,844,906,130
1998-03-25 14:00:00,11.0,33,5.1,220,792,843,158
1998-03-25 15:00:00,10.0,36,5.1,210,664,696,201
1998-03-25 16:00:00,10.0,36,4.1,190,347,159,262
1998-03-25 17:00:00,11.0,36,5.1,190,226,156,169
1998-03-25 18:00:00,9.0,41,5.1,200,129,301,75
1998-03-25 19:00:00,9.0,41,3.1,170,0,0,0
1998-03-25 20:00:00,8.0,44,3.1,180,0,0,0
1998-03-25 21:00:00,8.0,46,3.6,170,0,0,0
1998-03-25 22:00:00,7.0,47,5.1,190,0,0,0
1998-03-25 23:00:00,6.8,54,5.0,190,0,0,0
1998-03-26 00:00:00,6.8,56,4.9,190,0,0,0
1998-03-26 01:00:00,6.3,56,4.7,190,0,0,0
1998-03-26 02:00:00,6.2,58,4.6,190,0,0,0
1998-03-26 03:00:00,6.2,60,4.5,180,0,0,0
1998-03-26 04:00:00,6.1,63,4.4,180,0,0,0
1998-03-26 05:00:00,6.1,65,4.2,180,0,0,0
1998-03-26 06:00:00,6.0,68,4.1,180,0,0,0
1998-03-26 07:00:00,6.0,70,3.6,180,0,0,0
1998-03-26 08:00:00,8.0,66,3.1,200,233,548,87
1998-03-26 09:00:00,11.0,58,5.7,200,426,671,125
1998-03-26 10:00:00,12.0,54,5.1,200,537,506,233
1998-03-26 11:00:00,15.0,48,5.1,200,538,266,349
1998-03-26 12:00:00,16.0,45,5.1,210,642,373,351
1998-03-26 13:00:00,18.0,42,5.1,200,844,774,230
1998-03-26 14:00:00,19.0,43,5.1,200,798,884,129
1998-03-26 15:00:00,22.0,38,7.7,200,687,844,122
1998-03-26 16:00:00,22.0,38,9.3,180,524,772,109
1998-03-26 17:00:00,22.0,35,7.7,200,335,680,82
1998-03-26 18:00:00,21.0,38,5.1,200,134,456,51
1998-03-26 19:00:00,19.2,42,4.6,200,0,0,0
1998-03-26 20:00:00,18.0,45,4.1,200,0,0,0
1998-03-26 21:00:00,17.0,52,5.1,210,0,0,0
1998-03-26 22:00:00,16.0,51,6.2,220,0,0,0
1998-03-26 23:00:00,15.6,53,5.8,220,0,0,0
1998-03-27 00:00:00,15.3,58,5.4,220,0,0,0
1998-03-27 01:00:00,14.6,60,5.0,220,0,0,0
1998-03-27 02:00:00,14.2,62,4.6,220,0,0,0
1998-03-27 03:00:00,13.9,63,4.3,220,0,0,0
1998-03-27 04:00:00,13.6,64,3.9,220,0,0,0
1998-03-27 05:00:00,13.3,66,3.5,220,0,0,0
1998-03-27 06:00:00,13.0,72,3.1,220,0,0,0
1998-03-27 07:00:00,13.0,77,2.6,190,0,0,0
1998-03-27 08:00:00,16.0,63,3.6,200,232,408,120
1998-03-27 09:00:00,19.0,52,4.1,200,377,422,186
1998-03-27 10:00:00,22.0,46,4.1,220,614,744,164
1998-03-27 11:00:00,25.0,41,5.1,260,744,847,137
1998-03-27 12:00:00,27.0,37,6.2,270,831,891,133
1998-03-27 13:00:00,27.0,32,6.2,270,850,900,133
1998-03-27 14:00:00,28.1,32,5.1,260,804,813,186
1998-03-27 15:00:00,29.0,33,4.1,240,629,583,238
1998-03-27 16:00:00,28.0,35,5.1,210,425,348,237
1998-03-27 17:00:00,28.0,32,5.1,190,335,565,123
1998-03-27 18:00:00,27.0,37,5.1,190,135,447,52
1998-03-27 19:00:00,24.0,38,5.1,170,0,0,0
1998-03-27 20:00:00,24.0,38,5.1,170,0,0,0
1998-03-27 21:00:00,21.8,41,4.6,190,0,0,0
1998-03-27 22:00:00,20.0,49,4.1,200,0,0,0
1998-03-27 23:00:00,19.6,51,4.2,200,0,0,0
1998-03-28 00:00:00,19.3,52,4.4,200,0,0,0
1998-03-28 01:00:00,18.6,54,4.5,200,0,0,0
1998-03-28 02:00:00,18.2,55,4.6,200,0,0,0
1998-03-28 03:00:00,17.9,57,4.7,200,0,0,0
1998-03-28 04:00:00,17.6,59,4.9,200,0,0,0
1998-03-28 05:00:00,17.3,60,5.0,200,0,0,0
1998-03-28 06:00:00,17.0,62,5.1,200,0,0,0
1998-03-28 07:00:00,17.0,68,5.1,190,0,0,0
1998-03-28 08:00:00,17.0,68,5.1,190,190,217,130
1998-03-28 09:00:00,19.0,64,4.1,200,226,62,197
1998-03-28 10:00:00,21.0,56,5.1,210,594,591,234
1998-03-28 11:00:00,23.0,50,6.2,200,750,816,161
1998-03-28 12:00:00,24.0,47,9.3,190,837,891,136
1998-03-28 13:00:00,24.0,47,5.1,180,856,900,135
1998-03-28 14:00:00,26.0,42,6.2,180,809,890,130
1998-03-28 15:00:00,27.0,39,7.7,200,693,844,122
1998-03-28 16:00:00,27.0,39,5.1,180,536,790,106
1998-03-28 17:00:00,26.0,39,8.2,200,341,681,83
1998-03-28 18:00:00,25.0,44,6.2,180,140,464,52
1998-03-28 19:00:00,23.0,47,4.1,210,0,0,0
1998-03-28 20:00:00,22.0,46,3.1,210,0,0,0
1998-03-28 21:00:00,21.9,47,8.0,240,0,0,0
1998-03-28 22:00:00,21.8,48,6.2,210,0,0,0
1998-03-28 23:00:00,18.7,49,5.0,220,0,0,0
1998-03-29 00:00:00,18.7,50,4.2,230,0,0,0
1998-03-29 01:00:00,18.5,50,4.0,250,0,0,0
1998-03-29 02:00:00,19.5,42,4.3,240,0,0,0
1998-03-29 03:00:00,19.3,40,2.5,220,0,0,0
1998-03-29 04:00:00,18.3,43,5.4,250,0,0,0
1998-03-29 05:00:00,19.2,41,3.7,230,0,0,0
1998-03-29 06:00:00,18.1,44,6.4,230,0,0,0
1998-03-29 07:00:00,17.0,59,2.6,210,0,0,0
1998-03-29 08:00:00,21.0,56,4.1,270,244,556,87
1998-03-29 09:00:00,23.0,53,6.2,270,430,632,137
1998-03-29 10:00:00,24.6,67,6.2,280,529,451,252
1998-03-29 11:00:00,26.0,84,6.2,290,744,756,195
1998-03-29 12:00:00,27.0,39,6.2,310,843,897,133
1998-03-29 13:00:00,27.0,39,5.1,310,862,906,133
1998-03-29 14:00:00,28.0,51,5.1,300,810,884,131
1998-03-29 15:00:00,28.0,51,5.1,320,698,850,121
1998-03-29 16:00:00,28.0,40,4.1,290,536,755,123
1998-03-29 17:00:00,27.0,37,2.6,320,342,664,88
1998-03-29 18:00:00,26.0,42,2.6,290,141,454,53
1998-03-29 19:00:00,24.0,41,0.0,0,0,0,0
1998-03-29 20:00:00,22.0,46,0.0,0,0,0,0
1998-03-29 21:00:00,20.0,51,1.5,100,0,0,0
1998-03-29 22:00:00,18.1,60,1.2,120,0,0,0
1998-03-29 23:00:00,16.2,69,2.1,160,0,0,0
1998-03-30 00:00:00,15.3,74,2.9,200,0,0,0
1998-03-30 01:00:00,15.4,77,2.6,340,0,0,0
1998-03-30 02:00:00,14.5,79,3.9,350,0,0,0
1998-03-30 03:00:00,14.6,76,1.1,30,0,0,0
1998-03-30 04:00:00,15.7,69,3.5,210,0,0,0
1998-03-30 05:00:00,15.9,70,4.3,270,0,0,0
1998-03-30 06:00:00,13.0,91,5.6,330,0,0,0
1998-03-30 07:00:00,15.0,86,3.7,310,0,0,0
1998-03-30 08:00:00,21.7,57,2.5,160,250,561,88
1998-03-30 09:00:00,22.3,55,6.4,100,450,731,107
1998-03-30 10:00:00,24.0,47,3.1,220,626,780,143
1998-03-30 11:00:00,27.0,42,3.6,230,775,846,156
1998-03-30 12:00:00,28.0,40,4.1,240,855,909,132
1998-03-30 13:00:00,29.0,37,5.1,250,868,912,130
1998-03-30 14:00:00,31.0,31,6.2,230,815,890,129
1998-03-30 15:00:00,31.0,31,4.1,220,699,839,126
1998-03-30 16:00:00,31.0,29,6.2,200,542,790,106
1998-03-30 17:00:00,30.0,31,5.1,200,347,682,85
1998-03-30 18:00:00,28.0,32,5.1,200,146,472,53
1998-03-30 19:00:00,27.0,32,3.1,200,0,0,0
1998-03-30 20:00:00,26.0,37,4.1,200,0,0,0
1998-03-30 21:00:00,25.0,40,5.1,210,0,0,0
1998-03-30 22:00:00,24.0,40,5.1,220,0,0,0
1998-03-30 23:00:00,21.9,44,1.4,250,0,0,0
1998-03-31 00:00:00,19.8,47,1.0,280,0,0,0
1998-03-31 01:00:00,19.6,49,0.8,290,0,0,0
1998-03-31 02:00:00,18.5,54,2.6,280,0,0,0
1998-03-31 03:00:00,18.4,55,0.3,320,0,0,0
1998-03-31 04:00:00,18.3,61,2.1,340,0,0,0
1998-03-31 05:00:00,17.1,77,1.3,20,0,0,0
1998-03-31 06:00:00,16.0,84,2.1,180,0,0,0
1998-03-31 07:00:00,18.0,62,2.4,190,0,0,0
1998-03-31 08:00:00,21.0,53,2.6,200,257,573,88
1998-03-31 09:00:00,23.0,50,3.1,210,456,736,107
1998-03-31 10:00:00,25.0,47,2.6,220,632,810,126
1998-03-31 11:00:00,27.0,45,4.1,210,768,864,133
1998-03-31 12:00:00,28.0,42,3.1,190,855,830,190
1998-03-31 13:00:00,29.0,40,4.1,190,754,582,281
1998-03-31 14:00:00,28.0,42,5.1,190,710,604,242
1998-03-31 15:00:00,28.0,42,5.1,190,619,565,231
1998-03-31 16:00:00,29.0,40,5.1,190,503,554,196
1998-03-31 17:00:00,28.0,40,5.1,200,239,168,174
1998-03-31 18:00:00,27.0,42,5.1,190,147,328,81
1998-03-31 19:00:00,25.0,44,6.2,190,1,28,1
1998-03-31 20:00:00,24.0,47,5.1,190,0,0,0
1998-03-31 21:00:00,22.0,54,5.1,210,0,0,0
1998-03-31 22:00:00,21.5,55,5.0,200,0,0,0
1998-03-31 23:00:00,20.9,57,4.8,180,0,0,0
1998-04-01 00:00:00,20.4,58,4.7,360,0,0,0
1998-04-01 01:00:00,19.9,58,4.5,160,0,0,0
1998-04-01 02:00:00,19.4,59,4.4,250,0,0,0
1998-04-01 03:00:00,18.8,60,4.2,230,0,0,0
1998-04-01 04:00:00,18.3,60,4.1,130,0,0,0
1998-04-01 05:00:00,19.6,61,6.7,210,0,0,0
1998-04-01 06:00:00,19.0,62,6.2,200,0,0,0
1998-04-01 07:00:00,20.0,68,6.2,190,69,37,65
1998-04-01 08:00:00,20.0,68,6.2,190,85,0,85
1998-04-01 09:00:00,19.0,78,5.1,180,75,0,75
1998-04-01 10:00:00,19.5,77,5.1,190,142,0,142
1998-04-01 11:00:00,20.0,78,5.1,200,181,0,181
1998-04-01 12:00:00,18.0,77,5.1,250,134,0,134
1998-04-01 13:00:00,17.0,100,2.6,200,138,0,138
1998-04-01 14:00:00,19.0,83,4.1,260,452,114,363
1998-04-01 15:00:00,21.0,69,4.1,270,642,517,285
1998-04-01 16:00:00,21.0,64,2.1,280,531,666,160
1998-04-01 17:00:00,22.0,60,1.5,260,322,509,123
1998-04-01 18:00:00,21.0,64,0.0,0,143,393,64
1998-04-01 19:00:00,20.0,60,0.0,0,2,18,2
1998-04-01 20:00:00,18.0,68,2.1,20,0,0,0
1998-04-01 21:00:00,17.0,52,0.0,0,0,0,0
1998-04-01 22:00:00,15.0,59,0.0,0,0,0,0
1998-04-01 23:00:00,14.3,57,0.7,20,0,0,0
1998-04-02 00:00:00,14.5,57,0.5,20,0,0,0
1998-04-02 01:00:00,13.8,55,0.0,0,0,0,0
1998-04-02 02:00:00,14.1,54,0.5,110,0,0,0
1998-04-02 03:00:00,14.2,53,1.4,160,0,0,0
1998-04-02 04:00:00,13.5,53,1.1,180,0,0,0
1998-04-02 05:00:00,13.8,52,0.9,200,0,0,0
1998-04-02 06:00:00,14.0,51,2.1,240,0,0,0
1998-04-02 07:00:00,15.0,48,2.6,240,81,125,67
1998-04-02 08:00:00,16.0,42,5.1,270,254,454,116
1998-04-02 09:00:00,16.6,38,6.4,270,447,624,146
1998-04-02 10:00:00,17.0,34,7.7,270,598,639,194
1998-04-02 11:00:00,17.6,35,7.7,280,743,695,226
1998-04-02 12:00:00,18.0,37,7.2,270,751,560,298
1998-04-02 13:00:00,19.0,32,7.7,280,862,792,212
1998-04-02 14:00:00,20.0,30,9.3,280,804,819,164
1998-04-02 15:00:00,20.0,30,9.3,300,699,767,167
1998-04-02 16:00:00,19.0,30,7.7,300,509,578,185
1998-04-02 17:00:00,18.0,34,6.7,320,343,619,99
1998-04-02 18:00:00,17.0,34,5.1,330,148,416,63
1998-04-02 19:00:00,14.0,41,4.1,330,3,41,2
1998-04-02 20:00:00,12.0,47,4.1,360,0,0,0
1998-04-02 21:00:00,17.0,29,2.6,360,0,0,0
1998-04-02 22:00:00,17.0,29,2.6,10,0,0,0
1998-04-02 23:00:00,15.6,26,2.6,250,0,0,0
1998-04-03 00:00:00,14.3,28,0.4,310,0,0,0
1998-04-03 01:00:00,12.9,33,2.4,40,0,0,0
1998-04-03 02:00:00,11.5,39,2.9,60,0,0,0
1998-04-03 03:00:00,9.1,48,0.2,330,0,0,0
1998-04-03 04:00:00,7.8,52,2.2,330,0,0,0
1998-04-03 05:00:00,6.4,60,0.1,350,0,0,0
1998-04-03 06:00:00,4.0,76,0.0,0,0,0,0
1998-04-03 07:00:00,7.0,66,2.1,250,76,87,66
1998-04-03 08:00:00,9.0,61,2.6,280,260,459,118
1998-04-03 09:00:00,10.0,57,2.6,260,447,605,151
1998-04-03 10:00:00,12.0,50,4.1,280,611,682,176
1998-04-03 11:00:00,13.0,47,3.1,300,742,719,204
1998-04-03 12:00:00,14.0,47,1.5,280,775,614,276
1998-04-03 13:00:00,15.0,41,0.0,0,760,558,300
1998-04-03 14:00:00,16.0,42,2.1,360,622,329,364
1998-04-03 15:00:00,16.0,39,0.0,0,584,428,286
1998-04-03 16:00:00,16.0,39,2.1,20,410,271,257
1998-04-03 17:00:00,16.0,39,2.1,40,193,64,167
1998-04-03 18:00:00,13.0,51,2.1,60,92,49,82
1998-04-03 19:00:00,12.0,50,2.1,80,4,25,3
1998-04-03 20:00:00,11.0,54,2.6,100,0,0,0
1998-04-03 21:00:00,10.0,57,3.1,100,0,0,0
1998-04-03 22:00:00,9.0,57,2.6,90,0,0,0
1998-04-03 23:00:00,9.5,48,3.8,30,0,0,0
1998-04-04 00:00:00,11.0,44,4.0,80,0,0,0
1998-04-04 01:00:00,12.5,41,4.5,70,0,0,0
1998-04-04 02:00:00,13.0,40,5.2,80,0,0,0
1998-04-04 03:00:00,12.5,42,5.6,60,0,0,0
1998-04-04 04:00:00,13.0,42,4.4,90,0,0,0
1998-04-04 05:00:00,14.5,39,3.0,40,0,0,0
1998-04-04 06:00:00,16.0,36,3.6,40,0,0,0
1998-04-04 07:00:00,5.0,81,6.2,50,72,34,68
1998-04-04 08:00:00,6.0,75,5.1,40,68,0,68
1998-04-04 09:00:00,5.0,81,5.1,40,81,0,81
1998-04-04 10:00:00,6.0,75,6.2,40,186,0,186
1998-04-04 11:00:00,6.0,75,6.7,30,206,6,201
1998-04-04 12:00:00,7.0,66,6.2,30,226,6,221
1998-04-04 13:00:00,9.0,57,7.7,20,467,96,387
1998-04-04 14:00:00,9.7,52,6.4,20,205,6,201
1998-04-04 15:00:00,10.0,46,5.1,20,143,0,143
1998-04-04 16:00:00,9.0,53,5.1,360,111,0,111
1998-04-04 17:00:00,8.0,52,3.6,360,99,0,99
1998-04-04 18:00:00,8.0,48,6.2,360,62,0,62
1998-04-04 19:00:00,7.0,52,5.1,30,4,15,4
1998-04-04 20:00:00,6.0,51,6.7,30,0,0,0
1998-04-04 21:00:00,6.0,51,5.1,20,0,0,0
1998-04-04 22:00:00,6.2,45,5.6,60,0,0,0
1998-04-04 23:00:00,4.4,50,3.5,300,0,0,0
1998-04-05 00:00:00,4.6,49,3.4,310,0,0,0
1998-04-05 01:00:00,3.8,55,3.4,320,0,0,0
1998-04-05 02:00:00,3.2,61,6.9,50,0,0,0
1998-04-05 03:00:00,4.4,51,5.9,70,0,0,0
1998-04-05 04:00:00,3.6,53,4.7,20,0,0,0
1998-04-05 05:00:00,3.8,51,5.3,80,0,0,0
1998-04-05 06:00:00,4.0,45,4.6,330,0,0,0
1998-04-05 07:00:00,4.0,45,2.6,360,55,0,55
1998-04-05 08:00:00,4.0,45,6.2,360,159,39,147
1998-04-05 09:00:00,6.0,47,6.2,360,270,74,233
1998-04-05 10:00:00,9.0,41,6.2,350,533,371,293
1998-04-05 11:00:00,9.0,38,5.1,330,736,616,269
1998-04-05 12:00:00,10.0,39,5.1,360,860,818,189
1998-04-05 13:00:00,11.0,36,4.1,330,880,870,156
1998-04-05 14:00:00,13.0,32,4.1,20,827,849,155
1998-04-05 15:00:00,13.8,29,4.1,360,711,797,151
1998-04-05 16:00:00,14.0,27,4.1,330,549,720,138
1998-04-05 17:00:00,14.0,25,6.2,300,355,637,98
1998-04-05 18:00:00,13.0,27,6.2,310,155,418,65
1998-04-05 19:00:00,11.0,31,3.1,320,6,52,5
1998-04-05 20:00:00,9.0,32,3.1,320,0,0,0
1998-04-05 21:00:00,8.0,34,0.0,0,0,0,0
1998-04-05 22:00:00,7.0,37,0.3,360,0,0,0
1998-04-05 23:00:00,6.4,36,0.7,350,0,0,0
1998-04-06 00:00:00,5.6,39,1.0,350,0,0,0
1998-04-06 01:00:00,4.6,40,1.3,340,0,0,0
1998-04-06 02:00:00,4.0,42,1.6,340,0,0,0
1998-04-06 03:00:00,3.4,41,2.0,330,0,0,0
1998-04-06 04:00:00,2.7,44,2.3,330,0,0,0
1998-04-06 05:00:00,2.0,43,2.6,320,0,0,0
1998-04-06 06:00:00,2.0,52,2.1,300,0,0,0
1998-04-06 07:00:00,4.0,49,2.6,310,93,156,72
1998-04-06 08:00:00,6.0,51,4.1,310,271,450,126
1998-04-06 09:00:00,8.0,41,4.1,330,478,666,144
1998-04-06 10:00:00,10.0,36,6.2,300,642,736,162
1998-04-06 11:00:00,11.0,31,6.2,300,779,803,168
1998-04-06 12:00:00,12.0,26,5.1,330,866,854,162
1998-04-06 13:00:00,14.0,23,5.1,340,880,864,158
1998-04-06 14:00:00,14.0,21,5.1,330,827,843,157
1998-04-06 15:00:00,16.0,19,3.1,320,711,791,152
1998-04-06 16:00:00,16.0,19,5.1,310,555,744,128
1998-04-06 17:00:00,16.0,19,4.1,310,361,649,96
1998-04-06 18:00:00,15.0,18,5.1,330,160,441,64
1998-04-06 19:00:00,12.0,24,2.6,290,6,50,5
1998-04-06 20:00:00,10.3,25,1.3,330,0,0,0
1998-04-06 21:00:00,9.0,27,0.0,0,0,0,0
1998-04-06 22:00:00,8.0,32,0.0,0,0,0,0
1998-04-06 23:00:00,7.4,35,0.0,0,0,0,0
1998-04-07 00:00:00,6.6,38,0.0,0,0,0,0
1998-04-07 01:00:00,5.6,38,0.0,0,0,0,0
1998-04-07 02:00:00,5.0,42,0.0,0,0,0,0
1998-04-07 03:00:00,4.4,44,0.0,0,0,0,0
1998-04-07 04:00:00,3.7,48,0.0,0,0,0,0
1998-04-07 05:00:00,3.0,52,0.0,0,0,0,0
1998-04-07 06:00:00,-1.0,71,1.5,360,0,0,0
1998-04-07 07:00:00,4.0,49,1.5,10,102,186,77
1998-04-07 08:00:00,5.0,59,1.5,10,277,468,124
1998-04-07 09:00:00,10.0,42,1.5,30,464,610,155
1998-04-07 10:00:00,13.0,27,1.5,170,622,644,200
1998-04-07 11:00:00,14.0,27,2.1,190,785,785,184
1998-04-07 12:00:00,16.0,28,2.1,50,854,818,177
1998-04-07 13:00:00,17.0,25,2.1,230,885,870,156
1998-04-07 14:00:00,18.0,32,2.1,210,827,837,159
1998-04-07 15:00:00,18.0,27,2.1,60,705,637,254
1998-04-07 16:00:00,17.0,29,2.6,240,339,124,267
1998-04-07 17:00:00,18.0,30,2.1,210,126,0,126
1998-04-07 18:00:00,17.0,29,2.1,180,94,60,81
1998-04-07 19:00:00,16.0,34,2.6,180,6,16,5
1998-04-07 20:00:00,16.0,31,2.1,160,0,0,0
1998-04-07 21:00:00,15.0,33,1.5,140,0,0,0
1998-04-07 22:00:00,14.2,37,1.3,130,0,0,0
1998-04-07 23:00:00,13.7,43,1.1,110,0,0,0
1998-04-08 00:00:00,13.0,48,0.9,90,0,0,0
1998-04-08 01:00:00,12.1,54,0.8,70,0,0,0
1998-04-08 02:00:00,11.6,62,0.6,50,0,0,0
1998-04-08 03:00:00,11.1,68,0.4,40,0,0,0
1998-04-08 04:00:00,10.6,74,0.2,20,0,0,0
1998-04-08 05:00:00,10.0,83,0.0,0,0,0,0
1998-04-08 06:00:00,8.0,66,0.0,0,0,0,0
1998-04-08 07:00:00,8.0,66,0.0,0,74,40,68
1998-04-08 08:00:00,11.0,62,0.0,0,127,6,125
1998-04-08 09:00:00,11.0,58,0.0,0,121,0,121
1998-04-08 10:00:00,10.0,71,5.1,300,109,0,109
1998-04-08 11:00:00,8.0,93,2.1,330,162,0,162
1998-04-08 12:00:00,12.0,82,0.0,0,561,199,396
1998-04-08 13:00:00,15.0,67,1.5,340,790,492,375
1998-04-08 14:00:00,16.0,63,6.7,310,358,84,291
1998-04-08 15:00:00,18.0,64,0.0,0,705,631,256
1998-04-08 16:00:00,18.0,64,1.5,360,550,697,146
1998-04-08 17:00:00,18.0,64,0.0,0,356,423,181
1998-04-08 18:00:00,17.0,82,0.0,0,27,0,27
1998-04-08 19:00:00,14.0,88,0.0,0,9,33,8
1998-04-08 20:00:00,13.0,88,2.6,70,0,0,0
1998-04-08 21:00:00,13.0,94,3.6,360,0,0,0
1998-04-08 22:00:00,12.5,90,3.7,10,0,0,0
1998-04-08 23:00:00,12.4,90,3.7,20,0,0,0
1998-04-09 00:00:00,12.1,91,3.8,30,0,0,0
1998-04-09 01:00:00,11.6,100,3.9,40,0,0,0
1998-04-09 02:00:00,11.5,100,3.9,40,0,0,0
1998-04-09 03:00:00,11.4,100,4.0,50,0,0,0
1998-04-09 04:00:00,11.2,100,4.0,60,0,0,0
1998-04-09 05:00:00,11.0,100,4.1,70,0,0,0
1998-04-09 06:00:00,12.0,94,5.1,70,0,0,0
1998-04-09 07:00:00,11.0,94,6.2,70,24,0,24
1998-04-09 08:00:00,9.0,93,6.2,90,67,0,67
1998-04-09 09:00:00,8.0,87,6.2,90,80,0,80
1998-04-09 10:00:00,8.0,93,5.1,90,102,0,102
1998-04-09 11:00:00,8.0,93,5.1,90,125,0,125
1998-04-09 12:00:00,9.0,87,5.1,80,140,0,140
1998-04-09 13:00:00,8.0,93,4.1,50,138,0,138
1998-04-09 14:00:00,7.0,87,7.7,330,135,0,135
1998-04-09 15:00:00,7.0,93,6.7,10,115,0,115
1998-04-09 16:00:00,8.0,76,6.7,20,267,53,236
1998-04-09 17:00:00,8.0,76,5.1,20,330,284,212
1998-04-09 18:00:00,7.0,81,6.7,20,36,0,36
1998-04-09 19:00:00,6.0,81,4.1,30,10,31,9
1998-04-09 20:00:00,7.0,76,3.1,40,0,0,0
1998-04-09 21:00:00,6.0,81,2.6,20,0,0,0
1998-04-09 22:00:00,5.5,88,2.6,20,0,0,0
1998-04-09 23:00:00,5.4,90,2.6,20,0,0,0
1998-04-10 00:00:00,5.1,93,2.6,20,0,0,0
1998-04-10 01:00:00,4.6,94,2.6,20,0,0,0
1998-04-10 02:00:00,4.5,92,2.6,10,0,0,0
1998-04-10 03:00:00,4.4,91,2.6,10,0,0,0
1998-04-10 04:00:00,4.2,100,2.6,10,0,0,0
1998-04-10 05:00:00,4.0,100,2.6,10,0,0,0
1998-04-10 06:00:00,4.0,100,1.5,340,0,0,0
1998-04-10 07:00:00,5.0,93,2.6,310,81,54,73
1998-04-10 08:00:00,5.5,91,2.1,280,118,0,118
1998-04-10 09:00:00,6.0,87,1.5,300,234,18,225
1998-04-10 10:00:00,8.0,71,2.6,310,333,43,304
1998-04-10 11:00:00,9.0,61,2.6,350,579,242,391
1998-04-10 12:00:00,11.0,54,2.6,320,652,301,400
1998-04-10 13:00:00,12.0,50,1.5,340,724,426,362
1998-04-10 14:00:00,12.0,50,2.6,360,781,604,293
1998-04-10 15:00:00,14.0,38,3.1,350,729,744,194
1998-04-10 16:00:00,14.0,35,3.1,320,533,614,174
1998-04-10 17:00:00,13.0,29,5.1,360,357,580,114
1998-04-10 18:00:00,12.0,34,2.6,350,172,455,67
1998-04-10 19:00:00,11.0,36,2.6,10,12,84,9
1998-04-10 20:00:00,9.0,41,0.0,0,0,0,0
1998-04-10 21:00:00,8.0,46,0.0,0,0,0,0
1998-04-10 22:00:00,6.9,50,0.0,0,0,0,0
1998-04-10 23:00:00,6.2,46,0.0,0,0,0,0
1998-04-11 00:00:00,5.2,55,0.0,0,0,0,0
1998-04-11 01:00:00,4.1,56,0.0,0,0,0,0
1998-04-11 02:00:00,3.4,51,0.0,0,0,0,0
1998-04-11 03:00:00,2.6,46,0.0,0,0,0,0
1998-04-11 04:00:00,1.8,46,0.0,0,0,0,0
1998-04-11 05:00:00,1.0,42,0.0,0,0,0,0
1998-04-11 06:00:00,-1.0,66,0.0,0,0,0,0
1998-04-11 07:00:00,2.0,62,0.0,0,112,191,83
1998-04-11 08:00:00,6.0,55,0.0,0,295,491,125
1998-04-11 09:00:00,9.0,45,0.0,0,488,634,156
1998-04-11 10:00:00,11.0,36,2.1,350,665,729,175
1998-04-11 11:00:00,12.0,34,2.1,340,803,815,166
1998-04-11 12:00:00,14.0,27,3.1,330,883,854,164
1998-04-11 13:00:00,14.0,27,2.6,320,873,780,209
1998-04-11 14:00:00,16.0,28,2.6,310,810,753,199
1998-04-11 15:00:00,16.0,26,2.6,300,712,726,188
1998-04-11 16:00:00,16.0,26,2.6,330,545,608,187
1998-04-11 17:00:00,16.0,28,2.6,330,326,366,171
1998-04-11 18:00:00,15.0,30,2.6,320,173,423,74
1998-04-11 19:00:00,13.0,35,2.6,320,13,75,10
1998-04-11 20:00:00,11.0,36,2.6,330,0,0,0
1998-04-11 21:00:00,10.0,36,2.6,320,0,0,0
1998-04-11 22:00:00,9.1,38,2.7,320,0,0,0
1998-04-11 23:00:00,8.6,39,2.7,330,0,0,0
1998-04-12 00:00:00,7.9,38,2.8,330,0,0,0
1998-04-12 01:00:00,7.0,40,2.8,340,0,0,0
1998-04-12 02:00:00,6.5,42,2.9,340,0,0,0
1998-04-12 03:00:00,6.0,47,2.9,350,0,0,0
1998-04-12 04:00:00,5.4,45,3.0,350,0,0,0
1998-04-12 05:00:00,4.8,47,3.0,360,0,0,0
1998-04-12 06:00:00,4.0,49,3.1,360,0,0,0
1998-04-12 07:00:00,8.0,44,2.6,336,120,234,83
1998-04-12 08:00:00,10.0,42,2.1,350,301,496,127
1998-04-12 09:00:00,11.0,47,2.1,10,488,615,162
1998-04-12 10:00:00,14.0,32,5.1,20,671,729,178
1998-04-12 11:00:00,15.0,33,3.6,10,808,821,165
1998-04-12 12:00:00,16.0,31,0.0,0,889,860,162
1998-04-12 13:00:00,18.0,25,4.1,280,903,870,159
1998-04-12 14:00:00,18.0,25,2.1,320,851,855,155
1998-04-12 15:00:00,19.0,24,0.0,0,717,756,170
1998-04-12 16:00:00,18.0,23,0.0,0,573,750,129
1998-04-12 17:00:00,20.0,20,0.0,0,374,633,104
1998-04-12 18:00:00,17.0,27,2.6,360,178,462,69
1998-04-12 19:00:00,14.0,30,0.0,0,14,77,10
1998-04-12 20:00:00,13.0,32,0.0,0,0,0,0
1998-04-12 21:00:00,11.0,39,0.0,0,0,0,0
1998-04-12 22:00:00,10.0,39,0.0,0,0,0,0
1998-04-12 23:00:00,9.4,40,0.0,0,0,0,0
1998-04-13 00:00:00,8.6,46,0.0,0,0,0,0
1998-04-13 01:00:00,7.6,50,0.0,0,0,0,0
1998-04-13 02:00:00,7.0,48,0.0,0,0,0,0
1998-04-13 03:00:00,6.4,50,0.0,0,0,0,0
1998-04-13 04:00:00,5.7,52,0.0,0,0,0,0
1998-04-13 05:00:00,5.0,59,0.0,0,0,0,0
1998-04-13 06:00:00,5.0,55,0.0,0,0,0,0
1998-04-13 07:00:00,5.0,55,1.0,360,118,217,82
1998-04-13 08:00:00,9.0,57,0.0,0,308,515,124
1998-04-13 09:00:00,13.0,47,1.5,360,500,652,153
1998-04-13 10:00:00,15.0,41,0.0,0,664,705,185
1998-04-13 11:00:00,18.0,37,2.1,330,814,797,187
1998-04-13 12:00:00,19.0,30,2.6,290,889,854,164
1998-04-13 13:00:00,20.0,28,2.6,260,903,828,192
1998-04-13 14:00:00,20.0,28,2.6,220,822,717,235
1998-04-13 15:00:00,20.0,30,5.1,190,631,458,298
1998-04-13 16:00:00,20.0,28,5.1,180,556,632,181
1998-04-13 17:00:00,20.0,28,3.1,190,374,587,123
1998-04-13 18:00:00,18.0,32,3.1,180,165,325,87
1998-04-13 19:00:00,16.0,51,1.5,190,13,37,11
1998-04-13 20:00:00,15.0,33,1.5,190,0,0,0
1998-04-13 21:00:00,14.0,35,1.5,200,0,0,0
1998-04-13 22:00:00,13.6,39,1.6,200,0,0,0
1998-04-13 23:00:00,13.6,39,1.7,210,0,0,0
1998-04-14 00:00:00,13.4,40,1.7,210,0,0,0
1998-04-14 01:00:00,13.0,41,1.8,220,0,0,0
1998-04-14 02:00:00,13.0,41,1.9,220,0,0,0
1998-04-14 03:00:00,13.0,41,2.0,230,0,0,0
1998-04-14 04:00:00,12.9,44,2.1,230,0,0,0
1998-04-14 05:00:00,12.8,48,2.2,240,0,0,0
1998-04-14 06:00:00,12.0,50,1.5,240,0,0,0
1998-04-14 07:00:00,11.0,58,0.0,0,126,222,88
1998-04-14 08:00:00,14.0,55,0.0,0,285,317,170
1998-04-14 09:00:00,16.0,48,0.0,0,273,61,240
1998-04-14 10:00:00,18.0,49,1.5,250,562,352,321
1998-04-14 11:00:00,16.0,59,3.1,230,131,0,131
1998-04-14 12:00:00,16.1,59,2.6,240,177,0,177
1998-04-14 13:00:00,16.0,59,2.1,240,179,0,179
1998-04-14 14:00:00,15.0,63,5.1,200,229,6,224
1998-04-14 15:00:00,16.0,63,4.1,180,408,89,342
1998-04-14 16:00:00,19.0,52,4.1,180,557,555,225
1998-04-14 17:00:00,18.0,59,4.1,170,338,389,170
1998-04-14 18:00:00,17.0,63,5.1,180,138,149,102
1998-04-14 19:00:00,16.0,63,4.1,170,10,0,10
1998-04-14 20:00:00,14.0,72,4.1,180,0,0,0
1998-04-14 21:00:00,14.0,77,4.1,190,0,0,0
1998-04-14 22:00:00,13.8,73,4.0,200,0,0,0
1998-04-14 23:00:00,13.9,68,3.9,210,0,0,0
1998-04-15 00:00:00,13.9,68,3.7,220,0,0,0
1998-04-15 01:00:00,13.6,69,3.6,230,0,0,0
1998-04-15 02:00:00,13.8,68,3.5,230,0,0,0
1998-04-15 03:00:00,13.9,68,3.4,240,0,0,0
1998-04-15 04:00:00,13.9,68,3.2,250,0,0,0
1998-04-15 05:00:00,14.0,67,3.1,260,0,0,0
1998-04-15 06:00:00,12.0,76,1.5,290,0,0,0
1998-04-15 07:00:00,13.0,77,1.5,240,133,147,108
1998-04-15 08:00:00,14.0,72,4.1,280,182,63,159
1998-04-15 09:00:00,17.0,59,3.1,280,313,98,260
1998-04-15 10:00:00,21.0,46,5.7,270,274,24,258
1998-04-15 11:00:00,18.0,52,5.1,300,671,404,350
1998-04-15 12:00:00,18.0,56,5.1,280,828,619,298
1998-04-15 13:00:00,20.0,49,5.1,270,897,804,202
1998-04-15 14:00:00,21.0,43,4.1,310,839,777,200
1998-04-15 15:00:00,22.0,38,2.6,320,689,571,270
1998-04-15 16:00:00,22.0,38,1.5,340,379,165,279
1998-04-15 17:00:00,22.0,38,0.0,0,248,110,200
1998-04-15 18:00:00,21.0,40,0.0,0,88,11,85
1998-04-15 19:00:00,19.0,46,0.0,0,8,0,8
1998-04-15 20:00:00,17.0,52,2.6,90,0,0,0
1998-04-15 21:00:00,17.0,52,2.6,80,0,0,0
1998-04-15 22:00:00,16.4,54,2.6,60,0,0,0
1998-04-15 23:00:00,16.2,56,2.6,50,0,0,0
1998-04-16 00:00:00,15.7,59,2.6,30,0,0,0
1998-04-16 01:00:00,15.1,62,2.6,20,0,0,0
1998-04-16 02:00:00,14.9,60,2.6,360,0,0,0
1998-04-16 03:00:00,14.6,62,2.6,340,0,0,0
1998-04-16 04:00:00,14.3,64,2.6,330,0,0,0
1998-04-16 05:00:00,14.0,66,2.6,310,0,0,0
1998-04-16 06:00:00,13.0,72,0.0,0,0,0,0
1998-04-16 07:00:00,15.0,82,0.0,0,20,0,20
1998-04-16 08:00:00,16.0,72,0.0,0,138,6,135
1998-04-16 09:00:00,16.0,82,0.0,0,160,0,160
1998-04-16 10:00:00,18.0,68,1.5,90,242,6,238
1998-04-16 11:00:00,18.0,73,3.1,180,242,0,242
1998-04-16 12:00:00,20.0,64,5.1,180,323,12,312
1998-04-16 13:00:00,21.5,60,5.1,190,448,78,381
1998-04-16 14:00:00,23.0,57,5.1,200,182,6,177
1998-04-16 15:00:00,24.0,54,7.7,200,276,12,267
1998-04-16 16:00:00,24.0,50,5.1,210,145,0,145
1998-04-16 17:00:00,26.0,42,10.3,210,301,175,225
1998-04-16 18:00:00,24.0,47,5.1,190,79,0,79
1998-04-16 19:00:00,23.0,50,5.1,210,4,0,4
1998-04-16 20:00:00,22.0,53,5.1,190,0,0,0
1998-04-16 21:00:00,21.0,56,5.1,190,0,0,0
1998-04-16 22:00:00,20.3,63,5.2,180,0,0,0
1998-04-16 23:00:00,19.9,61,5.4,170,0,0,0
1998-04-17 00:00:00,19.4,68,5.5,150,0,0,0
1998-04-17 01:00:00,18.6,77,5.6,140,0,0,0
1998-04-17 02:00:00,18.3,79,5.8,130,0,0,0
1998-04-17 03:00:00,17.9,72,5.9,120,0,0,0
1998-04-17 04:00:00,17.4,74,6.1,100,0,0,0
1998-04-17 05:00:00,17.0,77,6.2,90,0,0,0
1998-04-17 06:00:00,17.0,72,1.5,140,0,0,0
1998-04-17 07:00:00,17.0,77,1.5,180,59,0,59
1998-04-17 08:00:00,18.0,73,4.1,230,123,0,123
1998-04-17 09:00:00,19.0,73,5.1,220,412,258,270
1998-04-17 10:00:00,21.0,64,6.2,220,446,152,341
1998-04-17 11:00:00,22.0,60,5.1,210,441,85,373
1998-04-17 12:00:00,24.0,57,5.1,210,657,259,435
1998-04-17 13:00:00,24.0,54,7.7,320,849,558,363
1998-04-17 14:00:00,22.0,69,7.2,300,252,24,233
1998-04-17 15:00:00,22.0,53,6.2,300,523,226,356
1998-04-17 16:00:00,22.0,46,7.7,310,574,627,195
1998-04-17 17:00:00,21.0,46,7.7,280,376,582,120
1998-04-17 18:00:00,18.0,52,7.7,300,181,377,87
1998-04-17 19:00:00,14.0,59,5.1,300,17,40,15
1998-04-17 20:00:00,12.0,58,6.2,300,0,0,0
1998-04-17 21:00:00,11.0,58,51.4,300,0,0,0
1998-04-17 22:00:00,10.3,68,45.0,310,0,0,0
1998-04-17 23:00:00,9.9,68,38.6,320,0,0,0
1998-04-18 00:00:00,9.4,69,32.1,320,0,0,0
1998-04-18 01:00:00,8.6,66,25.7,330,0,0,0
1998-04-18 02:00:00,8.3,61,19.3,340,0,0,0
1998-04-18 03:00:00,7.9,62,12.9,350,0,0,0
1998-04-18 04:00:00,7.4,67,6.4,350,0,0,0
1998-04-18 05:00:00,7.0,63,0.0,0,0,0,0
1998-04-18 06:00:00,8.0,61,2.6,240,0,0,0
1998-04-18 07:00:00,8.0,66,1.5,210,107,93,90
1998-04-18 08:00:00,9.0,66,1.5,20,180,44,163
1998-04-18 09:00:00,10.0,54,1.5,220,186,6,182
1998-04-18 10:00:00,12.0,50,2.6,200,516,231,355
1998-04-18 11:00:00,13.0,41,2.6,180,633,314,381
1998-04-18 12:00:00,14.0,38,2.1,160,876,704,268
1998-04-18 13:00:00,16.0,34,2.1,170,915,822,197
1998-04-18 14:00:00,17.0,32,1.5,160,851,813,175
1998-04-18 15:00:00,17.0,34,2.1,130,730,667,236
1998-04-18 16:00:00,17.0,34,1.5,100,446,242,299
1998-04-18 17:00:00,16.0,34,1.5,210,244,76,210
1998-04-18 18:00:00,16.0,34,2.6,200,126,83,105
1998-04-18 19:00:00,14.0,35,2.6,190,11,0,11
1998-04-18 20:00:00,14.0,44,2.6,210,0,0,0
1998-04-18 21:00:00,14.0,41,2.6,90,0,0,0
1998-04-18 22:00:00,13.0,45,2.0,100,0,0,0
1998-04-18 23:00:00,12.4,50,1.4,100,0,0,0
1998-04-19 00:00:00,11.6,55,0.7,110,0,0,0
1998-04-19 01:00:00,10.6,60,0.1,110,0,0,0
1998-04-19 02:00:00,10.1,66,0.0,0,0,0,0
1998-04-19 03:00:00,9.4,71,0.0,0,0,0,0
1998-04-19 04:00:00,8.7,76,0.0,0,0,0,0
1998-04-19 05:00:00,8.1,83,0.0,0,0,0,0
1998-04-19 06:00:00,8.0,93,2.6,60,0,0,0
1998-04-19 07:00:00,8.0,93,2.6,10,29,0,29
1998-04-19 08:00:00,8.0,93,2.6,340,58,0,58
1998-04-19 09:00:00,7.0,93,4.1,70,86,0,86
1998-04-19 10:00:00,7.0,93,2.6,80,115,0,115
1998-04-19 11:00:00,8.0,93,3.6,90,130,0,130
1998-04-19 12:00:00,8.0,93,2.6,90,146,0,146
1998-04-19 13:00:00,8.0,93,2.6,50,143,0,143
1998-04-19 14:00:00,8.0,93,4.1,90,135,0,135
1998-04-19 15:00:00,8.0,93,2.6,90,121,0,121
1998-04-19 16:00:00,9.0,87,2.6,60,100,0,100
1998-04-19 17:00:00,9.0,87,1.5,360,64,0,64
1998-04-19 18:00:00,9.0,87,1.5,360,33,0,33
1998-04-19 19:00:00,8.0,93,1.5,350,16,16,15
1998-04-19 20:00:00,8.0,93,1.5,350,0,0,0
1998-04-19 21:00:00,8.0,93,1.5,340,0,0,0
1998-04-19 22:00:00,7.9,86,1.8,340,0,0,0
1998-04-19 23:00:00,8.2,78,2.2,330,0,0,0
1998-04-20 00:00:00,8.2,82,2.5,330,0,0,0
1998-04-20 01:00:00,8.1,81,2.8,320,0,0,0
1998-04-20 02:00:00,8.4,77,3.1,320,0,0,0
1998-04-20 03:00:00,8.6,71,3.5,310,0,0,0
1998-04-20 04:00:00,8.8,69,3.8,310,0,0,0
1998-04-20 05:00:00,9.0,67,4.1,300,0,0,0
1998-04-20 06:00:00,9.0,66,6.7,280,0,0,0
1998-04-20 07:00:00,8.0,66,6.2,300,66,0,66
1998-04-20 08:00:00,8.0,66,9.3,300,265,202,187
1998-04-20 09:00:00,9.6,62,7.2,320,371,159,281
1998-04-20 10:00:00,11.0,58,5.1,340,675,601,250
1998-04-20 11:00:00,12.0,58,5.1,350,800,676,252
1998-04-20 12:00:00,13.0,54,7.7,350,785,517,334
1998-04-20 13:00:00,13.0,47,7.7,300,759,462,353
1998-04-20 14:00:00,16.0,45,4.1,310,828,682,257
1998-04-20 15:00:00,16.0,42,6.2,330,759,750,199
1998-04-20 16:00:00,16.0,39,5.1,360,575,668,165
1998-04-20 17:00:00,17.0,36,5.1,360,387,606,116
1998-04-20 18:00:00,16.0,39,0.0,0,197,468,76
1998-04-20 19:00:00,14.0,41,0.0,0,27,117,19
1998-04-20 20:00:00,13.0,44,0.0,0,0,0,0
1998-04-20 21:00:00,13.0,47,0.0,0,0,0,0
1998-04-20 22:00:00,11.9,62,0.0,0,0,0,0
1998-04-20 23:00:00,11.2,63,0.0,0,0,0,0
1998-04-21 00:00:00,10.2,72,0.0,0,0,0,0
1998-04-21 01:00:00,9.1,71,0.0,0,0,0,0
1998-04-21 02:00:00,8.4,78,0.0,0,0,0,0
1998-04-21 03:00:00,7.6,82,0.0,0,0,0,0
1998-04-21 04:00:00,6.8,85,0.0,0,0,0,0
1998-04-21 05:00:00,6.0,77,0.0,0,0,0,0
1998-04-21 06:00:00,4.0,87,1.5,360,1,56,1
1998-04-21 07:00:00,7.0,76,0.0,0,149,289,92
1998-04-21 08:00:00,12.0,58,0.0,0,343,548,129
1998-04-21 09:00:00,14.0,63,0.0,0,516,613,170
1998-04-21 10:00:00,16.0,51,2.1,330,668,625,225
1998-04-21 11:00:00,18.0,42,4.1,300,819,748,209
1998-04-21 12:00:00,18.0,39,0.0,0,906,806,202
1998-04-21 13:00:00,18.0,37,1.5,360,885,708,261
1998-04-21 14:00:00,18.0,39,1.5,360,722,448,346
1998-04-21 15:00:00,20.0,35,1.5,360,736,667,236
1998-04-21 16:00:00,19.0,32,2.1,360,519,473,228
1998-04-21 17:00:00,18.0,34,0.0,0,382,454,178
1998-04-21 18:00:00,18.0,32,0.0,0,90,22,84
1998-04-21 19:00:00,17.0,36,0.0,0,30,76,25
1998-04-21 20:00:00,16.0,39,1.5,360,0,0,0
1998-04-21 21:00:00,15.0,44,0.0,0,0,0,0
1998-04-21 22:00:00,14.2,47,0.3,10,0,0,0
1998-04-21 23:00:00,13.7,48,0.5,20,0,0,0
1998-04-22 00:00:00,13.0,54,0.8,30,0,0,0
1998-04-22 01:00:00,12.1,58,1.1,40,0,0,0
1998-04-22 02:00:00,11.6,60,1.3,50,0,0,0
1998-04-22 03:00:00,11.1,62,1.6,60,0,0,0
1998-04-22 04:00:00,10.6,59,1.8,70,0,0,0
1998-04-22 05:00:00,10.0,62,2.1,80,0,0,0
1998-04-22 06:00:00,8.0,71,0.0,0,2,37,2
1998-04-22 07:00:00,9.0,71,0.0,0,156,175,121
1998-04-22 08:00:00,11.0,66,0.0,0,257,170,190
1998-04-22 09:00:00,12.0,67,0.0,0,476,441,225
1998-04-22 10:00:00,14.0,63,1.5,280,610,467,277
1998-04-22 11:00:00,17.0,52,0.0,0,713,453,343
1998-04-22 12:00:00,17.0,48,0.0,0,414,102,324
1998-04-22 13:00:00,17.5,45,0.0,0,825,522,363
1998-04-22 14:00:00,18.0,42,4.1,110,534,155,403
1998-04-22 15:00:00,18.8,42,5.1,110,644,464,295
1998-04-22 16:00:00,19.0,43,4.1,110,525,503,214
1998-04-22 17:00:00,17.0,45,5.1,9,335,344,179
1998-04-22 18:00:00,15.0,51,3.1,90,161,223,101
1998-04-22 19:00:00,14.0,51,2.6,130,28,107,21
1998-04-22 20:00:00,13.0,51,0.0,0,0,0,0
1998-04-22 21:00:00,12.0,47,0.0,0,0,0,0
1998-04-22 22:00:00,11.3,48,0.0,0,0,0,0
1998-04-22 23:00:00,10.9,51,0.0,0,0,0,0
1998-04-23 00:00:00,10.4,48,0.0,0,0,0,0
1998-04-23 01:00:00,9.6,50,0.0,0,0,0,0
1998-04-23 02:00:00,9.3,53,0.0,0,0,0,0
1998-04-23 03:00:00,8.9,62,0.0,0,0,0,0
1998-04-23 04:00:00,8.4,67,0.0,0,0,0,0
1998-04-23 05:00:00,8.0,72,0.0,0,0,0,0
1998-04-23 06:00:00,8.0,76,3.1,90,1,0,1
1998-04-23 07:00:00,11.0,58,3.1,180,73,0,73
1998-04-23 08:00:00,10.0,62,3.1,190,92,0,92
1998-04-23 09:00:00,12.0,50,3.1,230,231,12,224
1998-04-23 10:00:00,12.0,58,3.1,230,267,12,258
1998-04-23 11:00:00,13.0,54,3.6,230,391,30,366
1998-04-23 12:00:00,14.0,55,1.5,250,408,24,386
1998-04-23 13:00:00,16.0,55,2.1,270,490,78,421
1998-04-23 14:00:00,17.0,42,2.1,290,399,30,374
1998-04-23 15:00:00,17.0,39,3.6,310,437,107,356
1998-04-23 16:00:00,17.0,39,1.5,300,302,41,276
1998-04-23 17:00:00,16.7,43,1.5,290,287,157,215
1998-04-23 18:00:00,16.0,48,1.5,270,147,123,114
1998-04-23 19:00:00,15.0,48,2.1,260,32,91,25
1998-04-23 20:00:00,14.0,44,2.6,250,0,0,0
1998-04-23 21:00:00,12.0,54,0.0,0,0,0,0
1998-04-23 22:00:00,11.0,62,0.0,0,0,0,0
1998-04-23 23:00:00,10.4,59,0.0,0,0,0,0
1998-04-24 00:00:00,9.6,67,0.0,0,0,0,0
1998-04-24 01:00:00,8.6,66,0.0,0,0,0,0
1998-04-24 02:00:00,8.0,68,0.0,0,0,0,0
1998-04-24 03:00:00,7.4,70,0.0,0,0,0,0
1998-04-24 04:00:00,6.7,73,0.0,0,0,0,0
1998-04-24 05:00:00,6.0,76,0.0,0,0,0,0
1998-04-24 06:00:00,7.0,70,0.0,0,5,95,2
1998-04-24 07:00:00,8.0,71,0.0,0,180,381,99
1998-04-24 08:00:00,12.0,50,1.5,350,376,634,121
1998-04-24 09:00:00,16.0,42,1.5,330,567,741,141
1998-04-24 10:00:00,17.0,39,1.5,320,737,813,152
1998-04-24 11:00:00,18.0,39,3.6,300,855,839,164
1998-04-24 12:00:00,20.0,32,5.1,300,930,872,161
1998-04-24 13:00:00,21.0,28,5.1,320,944,881,160
1998-04-24 14:00:00,21.7,28,4.6,320,887,861,157
1998-04-24 15:00:00,22.0,27,4.1,310,771,792,172
1998-04-24 16:00:00,22.0,25,7.2,300,603,698,168
1998-04-24 17:00:00,23.0,27,4.1,310,394,589,124
1998-04-24 18:00:00,21.0,30,4.1,300,200,436,81
1998-04-24 19:00:00,19.0,32,5.1,290,30,88,23
1998-04-24 20:00:00,18.0,37,2.6,320,0,0,0
1998-04-24 21:00:00,18.0,37,5.1,290,0,0,0
1998-04-24 22:00:00,16.7,42,4.5,300,0,0,0
1998-04-24 23:00:00,15.7,42,3.8,310,0,0,0
1998-04-25 00:00:00,14.5,45,3.2,320,0,0,0
1998-04-25 01:00:00,13.1,42,2.6,330,0,0,0
1998-04-25 02:00:00,12.1,45,1.9,330,0,0,0
1998-04-25 03:00:00,11.1,44,1.3,340,0,0,0
1998-04-25 04:00:00,10.1,54,0.6,350,0,0,0
1998-04-25 05:00:00,9.0,50,0.0,0,0,0,0
1998-04-25 06:00:00,10.0,54,0.0,0,5,88,3
1998-04-25 07:00:00,12.0,50,0.0,0,169,331,98
1998-04-25 08:00:00,14.0,44,3.1,300,354,539,135
1998-04-25 09:00:00,15.0,41,4.1,300,560,698,156
1998-04-25 10:00:00,17.0,36,3.1,300,724,776,163
1998-04-25 11:00:00,18.0,34,5.1,300,861,851,158
1998-04-25 12:00:00,19.0,32,3.1,300,936,878,160
1998-04-25 13:00:00,21.0,26,5.1,310,950,887,158
1998-04-25 14:00:00,22.0,21,7.7,310,893,867,156
1998-04-25 15:00:00,22.0,21,7.7,320,771,786,174
1998-04-25 16:00:00,22.0,23,7.7,320,609,704,169
1998-04-25 17:00:00,22.0,27,5.1,320,394,502,163
1998-04-25 18:00:00,20.0,30,2.6,310,172,224,110
1998-04-25 19:00:00,19.0,32,2.6,300,25,31,23
1998-04-25 20:00:00,18.0,34,2.6,290,0,0,0
1998-04-25 21:00:00,17.0,36,0.0,0,0,0,0
1998-04-25 22:00:00,16.2,43,0.4,350,0,0,0
1998-04-25 23:00:00,15.7,47,0.9,130,0,0,0
1998-04-26 00:00:00,15.1,54,1.3,130,0,0,0
1998-04-26 01:00:00,14.2,57,1.7,150,0,0,0
1998-04-26 02:00:00,13.8,56,2.1,110,0,0,0
1998-04-26 03:00:00,13.3,61,2.6,100,0,0,0
1998-04-26 04:00:00,12.7,72,3.0,140,0,0,0
1998-04-26 05:00:00,12.2,77,3.4,250,0,0,0
1998-04-26 06:00:00,12.0,82,1.5,310,1,0,1
1998-04-26 07:00:00,12.0,82,1.5,300,35,0,35
1998-04-26 08:00:00,10.5,85,2.3,250,71,0,71
1998-04-26 09:00:00,9.0,87,3.1,10,112,0,112
1998-04-26 10:00:00,9.0,87,3.1,360,114,0,114
1998-04-26 11:00:00,12.0,82,2.6,10,322,18,307
1998-04-26 12:00:00,12.0,82,3.6,350,407,24,386
1998-04-26 13:00:00,14.0,72,5.1,360,412,30,386
1998-04-26 14:00:00,13.0,72,7.2,10,388,30,362
1998-04-26 15:00:00,13.0,72,5.1,10,339,30,317
1998-04-26 16:00:00,12.0,76,5.1,10,274,18,263
1998-04-26 17:00:00,10.0,82,5.1,360,123,0,123
1998-04-26 18:00:00,9.3,80,4.1,20,91,6,89
1998-04-26 19:00:00,8.0,81,3.1,30,14,0,14
1998-04-26 20:00:00,7.0,87,4.1,360,0,0,0
1998-04-26 21:00:00,7.0,87,6.2,30,0,0,0
1998-04-26 22:00:00,6.1,93,6.2,70,0,0,0
1998-04-26 23:00:00,6.2,86,6.2,110,0,0,0
1998-04-27 00:00:00,6.3,85,6.3,150,0,0,0
1998-04-27 01:00:00,6.4,85,6.3,190,0,0,0
1998-04-27 02:00:00,5.6,89,6.2,210,0,0,0
1998-04-27 03:00:00,4.7,83,6.2,250,0,0,0
1998-04-27 04:00:00,3.8,82,6.3,290,0,0,0
1998-04-27 05:00:00,2.9,81,6.3,330,0,0,0
1998-04-27 06:00:00,3.0,74,2.6,360,8,101,4
1998-04-27 07:00:00,6.0,60,3.6,360,175,335,100
1998-04-27 08:00:00,7.0,56,3.6,10,360,532,140
1998-04-27 09:00:00,9.0,49,5.1,10,553,661,165
1998-04-27 10:00:00,10.0,42,4.1,30,730,752,182
1998-04-27 11:00:00,10.9,41,4.4,20,867,851,159
1998-04-27 12:00:00,11.5,41,4.8,10,942,878,161
1998-04-27 13:00:00,12.0,40,5.1,360,950,881,159
1998-04-27 14:00:00,13.0,38,5.1,10,899,873,153
1998-04-27 15:00:00,13.8,36,4.6,10,777,786,177
1998-04-27 16:00:00,14.0,35,4.1,10,615,746,145
1998-04-27 17:00:00,15.0,33,3.1,20,406,613,120
1998-04-27 18:00:00,14.0,35,2.6,20,216,471,84
1998-04-27 19:00:00,13.0,38,1.5,20,41,154,27
1998-04-27 20:00:00,10.0,42,1.5,20,0,0,0
1998-04-27 21:00:00,9.0,45,1.5,10,0,0,0
1998-04-27 22:00:00,8.2,48,1.3,10,0,0,0
1998-04-27 23:00:00,7.7,51,1.1,10,0,0,0
1998-04-28 00:00:00,7.0,45,0.9,10,0,0,0
1998-04-28 01:00:00,6.1,48,0.8,10,0,0,0
1998-04-28 02:00:00,5.6,55,0.6,10,0,0,0
1998-04-28 03:00:00,5.1,57,0.4,360,0,0,0
1998-04-28 04:00:00,4.6,60,0.2,360,0,0,0
1998-04-28 05:00:00,4.0,63,0.0,0,0,0,0
1998-04-28 06:00:00,3.0,68,2.6,360,9,100,5
1998-04-28 07:00:00,5.0,70,2.6,360,173,313,102
1998-04-28 08:00:00,8.0,57,2.6,360,366,551,136
1998-04-28 09:00:00,10.0,50,1.5,20,559,667,166
1998-04-28 10:00:00,11.0,47,4.1,30,729,746,184
1998-04-28 11:00:00,12.0,47,1.5,310,867,844,162
1998-04-28 12:00:00,13.0,41,4.1,20,942,872,164
1998-04-28 13:00:00,14.0,41,3.1,190,956,887,158
1998-04-28 14:00:00,15.2,37,3.1,10,893,855,160
1998-04-28 15:00:00,16.0,34,3.1,10,777,816,152
1998-04-28 16:00:00,16.0,34,3.1,360,615,740,147
1998-04-28 17:00:00,16.0,34,2.1,10,417,625,124
1998-04-28 18:00:00,16.0,36,1.5,360,216,472,83
1998-04-28 19:00:00,15.0,33,0.0,0,45,182,28
1998-04-28 20:00:00,14.0,35,0.0,0,0,0,0
1998-04-28 21:00:00,11.0,43,0.0,0,0,0,0
1998-04-28 22:00:00,10.2,44,0.0,0,0,0,0
1998-04-28 23:00:00,9.7,45,0.0,0,0,0,0
1998-04-29 00:00:00,9.0,46,0.0,0,0,0,0
1998-04-29 01:00:00,8.1,53,0.0,0,0,0,0
1998-04-29 02:00:00,7.6,58,0.0,0,0,0,0
1998-04-29 03:00:00,7.1,59,0.0,0,0,0,0
1998-04-29 04:00:00,6.6,60,0.0,0,0,0,0
1998-04-29 05:00:00,6.0,66,0.0,0,0,0,0
1998-04-29 06:00:00,6.0,65,0.0,0,11,114,6
1998-04-29 07:00:00,8.0,71,0.0,0,180,340,102
1998-04-29 08:00:00,13.0,51,0.0,0,372,563,136
1998-04-29 09:00:00,15.0,41,1.5,320,552,648,168
1998-04-29 10:00:00,16.5,43,2.8,280,729,733,190
1998-04-29 11:00:00,18.0,45,4.1,240,867,838,165
1998-04-29 12:00:00,20.0,40,2.1,260,942,866,167
1998-04-29 13:00:00,21.0,40,2.6,250,956,881,161
1998-04-29 14:00:00,23.0,36,5.1,230,893,849,164
1998-04-29 15:00:00,23.0,36,3.1,220,777,780,178
1998-04-29 16:00:00,23.0,36,4.1,200,605,657,187
1998-04-29 17:00:00,23.0,36,5.1,200,401,496,167
1998-04-29 18:00:00,22.0,38,5.1,180,140,84,116
1998-04-29 19:00:00,19.0,46,2.6,180,37,83,29
1998-04-29 20:00:00,18.0,49,2.6,190,0,0,0
1998-04-29 21:00:00,18.0,49,4.1,180,0,0,0
1998-04-29 22:00:00,17.3,43,3.9,190,0,0,0
1998-04-29 23:00:00,16.9,43,3.6,190,0,0,0
1998-04-30 00:00:00,16.4,47,3.4,200,0,0,0
1998-04-30 01:00:00,15.6,52,3.1,200,0,0,0
1998-04-30 02:00:00,15.3,55,2.9,210,0,0,0
1998-04-30 03:00:00,14.9,63,2.6,210,0,0,0
1998-04-30 04:00:00,14.4,69,2.4,220,0,0,0
1998-04-30 05:00:00,14.0,74,2.1,220,0,0,0
1998-04-30 06:00:00,13.0,88,0.0,0,0,0,0
1998-04-30 07:00:00,15.0,82,0.0,0,34,0,34
1998-04-30 08:00:00,14.0,88,1.5,360,91,0,91
1998-04-30 09:00:00,14.0,88,2.1,360,197,0,197
1998-04-30 10:00:00,16.5,79,1.1,360,247,6,243
1998-04-30 11:00:00,19.0,73,0.0,0,582,229,389
1998-04-30 12:00:00,18.0,73,0.0,0,456,42,418
1998-04-30 13:00:00,22.0,60,0.0,0,448,30,421
1998-04-30 14:00:00,22.0,60,0.0,0,476,84,404
1998-04-30 15:00:00,22.0,57,0.0,0,512,185,370
1998-04-30 16:00:00,23.0,53,0.0,0,381,124,301
1998-04-30 17:00:00,21.0,60,0.0,0,123,0,123
1998-04-30 18:00:00,17.0,82,2.1,40,63,0,63
1998-04-30 19:00:00,17.0,88,2.6,80,15,0,15
1998-04-30 20:00:00,17.0,88,2.6,130,0,0,0
1998-04-30 21:00:00,17.0,77,0.0,0,0,0,0
1998-04-30 22:00:00,16.1,81,0.4,20,0,0,0
1998-04-30 23:00:00,15.3,94,0.9,50,0,0,0
1998-05-01 00:00:00,14.4,91,1.3,70,0,0,0
2002-05-01 01:00:00,13.6,71,1.8,260,0,0,0
2002-05-01 02:00:00,12.7,71,2.2,150,0,0,0
2002-05-01 03:00:00,11.9,71,2.7,250,0,0,0
2002-05-01 04:00:00,11.0,71,3.1,250,0,0,0
2002-05-01 05:00:00,11.0,71,1.5,250,0,0,0
2002-05-01 06:00:00,11.0,71,2.1,270,0,0,0
2002-05-01 07:00:00,11.0,71,2.1,260,127,81,108
2002-05-01 08:00:00,13.0,62,1.5,330,343,394,175
2002-05-01 09:00:00,13.0,62,2.6,350,466,300,286
2002-05-01 10:00:00,14.0,55,3.1,10,336,79,277
2002-05-01 11:00:00,16.0,48,0.0,0,823,597,320
2002-05-01 12:00:00,16.0,42,2.6,290,912,794,198
2002-05-01 13:00:00,17.0,42,0.0,0,914,780,208
2002-05-01 14:00:00,18.0,39,0.0,0,869,765,209
2002-05-01 15:00:00,18.0,37,1.5,220,737,697,199
2002-05-01 16:00:00,18.0,37,3.6,120,599,693,156
2002-05-01 17:00:00,19.0,34,1.5,100,407,573,134
2002-05-01 18:00:00,19.0,32,2.1,70,208,377,98
2002-05-01 19:00:00,19.0,34,2.6,130,38,70,31
2002-05-01 20:00:00,18.0,39,2.6,100,0,0,0
2002-05-01 21:00:00,17.0,45,4.1,120,0,0,0
2002-05-01 22:00:00,17.0,52,3.6,160,0,0,0
2002-05-01 23:00:00,17.0,48,5.1,150,0,0,0
2002-05-02 00:00:00,16.0,55,5.1,170,0,0,0
2002-05-02 01:00:00,13.0,82,3.6,160,0,0,0
2002-05-02 02:00:00,13.0,82,5.7,160,0,0,0
2002-05-02 03:00:00,13.0,88,3.1,150,0,0,0
2002-05-02 04:00:00,12.7,90,2.9,180,0,0,0
2002-05-02 05:00:00,12.4,94,2.8,200,0,0,0
2002-05-02 06:00:00,13.0,94,2.6,230,0,0,0
2002-05-02 07:00:00,14.0,94,5.1,190,34,0,34
2002-05-02 08:00:00,14.0,100,3.6,230,175,12,169
2002-05-02 09:00:00,16.0,94,3.1,180,308,61,271
2002-05-02 10:00:00,21.0,78,6.2,190,659,479,303
2002-05-02 11:00:00,23.0,73,5.7,210,656,302,401
2002-05-02 12:00:00,26.0,61,6.2,170,924,739,257
2002-05-02 13:00:00,27.0,62,5.1,200,867,570,349
2002-05-02 14:00:00,28.0,58,3.1,200,634,281,391
2002-05-02 15:00:00,29.0,40,10.3,240,161,6,157
2002-05-02 16:00:00,29.0,40,5.7,250,583,432,305
2002-05-02 17:00:00,26.0,58,5.1,250,118,0,118
2002-05-02 18:00:00,24.0,61,6.2,250,87,0,87
2002-05-02 19:00:00,23.0,57,8.2,260,13,0,13
2002-05-02 20:00:00,22.0,64,5.7,290,0,0,0
2002-05-02 21:00:00,19.0,64,5.7,320,0,0,0
2002-05-02 22:00:00,17.0,68,6.2,300,0,0,0
2002-05-02 23:00:00,14.0,63,7.2,310,0,0,0
2002-05-03 00:00:00,14.0,63,5.7,290,0,0,0
2002-05-03 01:00:00,14.0,55,6.7,280,0,0,0
2002-05-03 02:00:00,13.0,51,11.3,300,0,0,0
2002-05-03 03:00:00,11.0,43,8.7,290,0,0,0
2002-05-03 04:00:00,9.0,45,5.7,310,0,0,0
2002-05-03 05:00:00,8.0,44,5.7,300,0,0,0
2002-05-03 06:00:00,7.0,52,4.6,280,0,0,0
2002-05-03 07:00:00,9.0,41,6.2,300,184,288,113
2002-05-03 08:00:00,11.0,39,6.2,270,356,474,150
2002-05-03 09:00:00,12.0,34,6.7,310,544,593,186
2002-05-03 10:00:00,14.0,32,12.9,300,696,648,213
2002-05-03 11:00:00,15.0,28,11.3,300,823,694,235
2002-05-03 12:00:00,16.0,28,8.7,300,893,721,241
2002-05-03 13:00:00,17.0,25,10.3,300,878,636,300
2002-05-03 14:00:00,16.0,26,8.7,300,858,724,230
2002-05-03 15:00:00,16.0,28,9.8,310,749,709,198
2002-05-03 16:00:00,14.0,32,10.8,310,577,551,222
2002-05-03 17:00:00,14.0,30,8.2,300,343,292,203
2002-05-03 18:00:00,13.0,35,5.1,310,190,277,108
2002-05-03 19:00:00,12.0,34,4.6,310,42,62,36
2002-05-03 20:00:00,10.0,36,3.1,340,0,0,0
2002-05-03 21:00:00,9.0,38,3.6,330,0,0,0
2002-05-03 22:00:00,9.0,38,2.6,320,0,0,0
2002-05-03 23:00:00,7.0,48,2.1,340,0,0,0
2002-05-04 00:00:00,7.0,48,3.1,100,0,0,0
2002-05-04 01:00:00,7.0,44,0.0,0,0,0,0
2002-05-04 02:00:00,6.0,51,1.5,340,0,0,0
2002-05-04 03:00:00,4.0,64,2.1,90,0,0,0
2002-05-04 04:00:00,3.0,63,2.1,40,0,0,0
2002-05-04 05:00:00,5.0,50,0.0,0,0,0,0
2002-05-04 06:00:00,2.0,73,1.5,300,0,0,0
2002-05-04 07:00:00,5.0,70,2.1,310,182,301,108
2002-05-04 08:00:00,9.0,49,2.6,90,376,549,137
2002-05-04 09:00:00,11.0,39,2.6,70,556,623,178
2002-05-04 10:00:00,13.0,38,0.0,0,715,685,203
2002-05-04 11:00:00,13.0,35,2.1,50,854,784,188
2002-05-04 12:00:00,16.0,34,2.1,100,917,770,220
2002-05-04 13:00:00,15.0,33,4.1,150,843,528,361
2002-05-04 14:00:00,17.0,32,6.2,160,458,84,385
2002-05-04 15:00:00,16.0,31,3.6,150,426,89,357
2002-05-04 16:00:00,16.0,31,5.1,190,280,24,265
2002-05-04 17:00:00,15.0,39,5.1,210,156,6,153
2002-05-04 18:00:00,11.0,58,7.7,200,49,0,49
2002-05-04 19:00:00,9.0,81,4.1,210,13,0,13
2002-05-04 20:00:00,8.0,93,2.1,210,0,0,0
2002-05-04 21:00:00,8.0,93,2.1,220,0,0,0
2002-05-04 22:00:00,8.0,93,0.0,0,0,0,0
2002-05-04 23:00:00,7.0,100,2.1,130,0,0,0
2002-05-05 00:00:00,7.0,93,2.6,110,0,0,0
2002-05-05 01:00:00,7.0,100,2.1,120,0,0,0
2002-05-05 02:00:00,7.0,93,1.5,110,0,0,0
2002-05-05 03:00:00,6.0,100,1.5,80,0,0,0
2002-05-05 04:00:00,6.0,93,1.5,20,0,0,0
2002-05-05 05:00:00,6.0,100,2.1,310,0,0,0
2002-05-05 06:00:00,6.0,100,1.5,210,0,0,0
2002-05-05 07:00:00,6.0,100,1.5,200,115,27,109
2002-05-05 08:00:00,7.0,100,2.6,230,195,19,187
2002-05-05 09:00:00,9.0,87,2.1,190,288,43,262
2002-05-05 10:00:00,11.0,76,2.1,210,715,576,283
2002-05-05 11:00:00,13.0,72,1.5,210,854,754,211
2002-05-05 12:00:00,16.0,59,2.1,200,929,818,187
2002-05-05 13:00:00,18.0,49,1.5,200,944,839,176
2002-05-05 14:00:00,19.0,37,2.1,190,881,801,183
2002-05-05 15:00:00,20.0,40,2.1,200,760,751,174
2002-05-05 16:00:00,20.0,40,1.5,210,611,722,142
2002-05-05 17:00:00,21.0,38,3.6,160,430,643,117
2002-05-05 18:00:00,20.0,43,3.6,180,220,430,90
2002-05-05 19:00:00,18.0,52,2.1,190,54,154,37
2002-05-05 20:00:00,17.0,55,1.5,190,0,0,0
2002-05-05 21:00:00,17.0,55,3.1,160,0,0,0
2002-05-05 22:00:00,16.0,55,2.6,150,0,0,0
2002-05-05 23:00:00,14.0,63,3.1,140,0,0,0
2002-05-06 00:00:00,14.0,63,2.1,150,0,0,0
2002-05-06 01:00:00,13.0,67,2.1,160,0,0,0
2002-05-06 02:00:00,13.0,67,2.1,160,0,0,0
2002-05-06 03:00:00,12.0,71,0.0,0,0,0,0
2002-05-06 04:00:00,11.0,76,0.0,0,0,0,0
2002-05-06 05:00:00,11.0,76,0.0,0,0,0,0
2002-05-06 06:00:00,12.0,76,2.1,150,0,0,0
2002-05-06 07:00:00,13.0,72,1.5,150,180,246,117
2002-05-06 08:00:00,16.0,63,4.1,190,354,417,170
2002-05-06 09:00:00,18.0,59,3.6,200,516,470,229
2002-05-06 10:00:00,19.0,60,5.7,180,588,327,342
2002-05-06 11:00:00,20.0,60,6.7,150,594,211,413
2002-05-06 12:00:00,21.0,56,8.2,180,571,138,445
2002-05-06 13:00:00,22.0,53,7.7,160,484,54,435
2002-05-06 14:00:00,22.0,53,6.7,180,458,42,422
2002-05-06 15:00:00,22.0,53,6.2,160,282,12,273
2002-05-06 16:00:00,22.0,53,7.2,170,269,24,254
2002-05-06 17:00:00,22.0,53,6.2,170,134,0,134
2002-05-06 18:00:00,21.0,56,5.1,180,83,0,83
2002-05-06 19:00:00,21.0,53,5.7,140,17,0,17
2002-05-06 20:00:00,21.0,53,5.7,170,0,0,0
2002-05-06 21:00:00,19.0,60,4.6,170,0,0,0
2002-05-06 22:00:00,19.0,60,5.1,180,0,0,0
2002-05-06 23:00:00,18.0,73,2.1,180,0,0,0
2002-05-07 00:00:00,19.0,68,3.6,220,0,0,0
2002-05-07 01:00:00,18.0,73,4.1,180,0,0,0
2002-05-07 02:00:00,17.0,77,4.6,150,0,0,0
2002-05-07 03:00:00,17.0,77,3.6,190,0,0,0
2002-05-07 04:00:00,17.0,77,2.6,190,0,0,0
2002-05-07 05:00:00,16.0,82,2.1,190,0,0,0
2002-05-07 06:00:00,16.0,82,1.5,200,0,0,0
2002-05-07 07:00:00,18.0,77,2.1,240,196,339,108
2002-05-07 08:00:00,19.0,73,2.1,220,368,430,176
2002-05-07 09:00:00,22.0,69,3.6,270,418,208,291
2002-05-07 10:00:00,23.0,69,4.6,260,493,170,365
2002-05-07 11:00:00,23.0,69,3.6,190,223,6,217
2002-05-07 12:00:00,22.0,69,4.1,230,146,0,146
2002-05-07 13:00:00,19.0,88,7.2,230,149,0,149
2002-05-07 14:00:00,19.0,88,2.6,110,182,0,182
2002-05-07 15:00:00,19.0,88,4.1,220,167,0,167
2002-05-07 16:00:00,20.0,83,3.6,240,185,6,181
2002-05-07 17:00:00,19.0,88,2.6,320,70,0,70
2002-05-07 18:00:00,20.0,83,2.6,10,123,23,116
2002-05-07 19:00:00,19.0,83,0.0,0,59,97,47
2002-05-07 20:00:00,18.0,88,0.0,0,0,0,0
2002-05-07 21:00:00,17.0,88,1.5,210,0,0,0
2002-05-07 22:00:00,17.0,100,2.6,200,0,0,0
2002-05-07 23:00:00,16.0,88,1.5,170,0,0,0
2002-05-08 00:00:00,16.0,88,1.5,240,0,0,0
2002-05-08 01:00:00,15.0,94,0.0,0,0,0,0
2002-05-08 02:00:00,13.0,100,1.5,80,0,0,0
2002-05-08 03:00:00,13.0,100,2.1,80,0,0,0
2002-05-08 04:00:00,13.0,100,2.1,80,0,0,0
2002-05-08 05:00:00,13.0,100,0.0,0,0,0,0
2002-05-08 06:00:00,14.0,100,2.6,350,0,0,0
2002-05-08 07:00:00,16.0,88,2.6,20,138,86,115
2002-05-08 08:00:00,17.0,72,5.1,30,353,367,189
2002-05-08 09:00:00,18.0,68,5.7,30,549,544,213
2002-05-08 10:00:00,19.0,64,4.6,20,702,630,225
2002-05-08 11:00:00,21.0,60,2.1,40,816,639,268
2002-05-08 12:00:00,22.0,57,2.6,50,862,601,313
2002-05-08 13:00:00,22.0,60,0.0,0,884,570,360
2002-05-08 14:00:00,22.0,60,3.1,260,253,12,242
2002-05-08 15:00:00,22.0,60,4.1,120,219,0,219
2002-05-08 16:00:00,22.0,57,2.6,110,213,6,209
2002-05-08 17:00:00,22.0,64,3.6,140,215,23,204
2002-05-08 18:00:00,22.0,60,2.1,150,64,0,64
2002-05-08 19:00:00,21.0,64,2.1,140,14,0,14
2002-05-08 20:00:00,19.0,78,3.6,140,0,0,0
2002-05-08 21:00:00,19.0,73,4.6,140,0,0,0
2002-05-08 22:00:00,18.0,73,6.2,160,0,0,0
2002-05-08 23:00:00,17.0,77,6.2,160,0,0,0
2002-05-09 00:00:00,17.0,72,5.7,170,0,0,0
2002-05-09 01:00:00,15.0,82,3.6,150,0,0,0
2002-05-09 02:00:00,14.0,88,4.6,140,0,0,0
2002-05-09 03:00:00,14.0,82,3.1,140,0,0,0
2002-05-09 04:00:00,14.0,88,2.6,10,0,0,0
2002-05-09 05:00:00,14.0,88,3.1,80,0,0,0
2002-05-09 06:00:00,14.0,88,3.1,90,0,0,0
2002-05-09 07:00:00,13.0,94,3.1,70,89,0,89
2002-05-09 08:00:00,13.0,94,3.1,80,76,0,76
2002-05-09 09:00:00,14.0,88,3.1,80,91,0,91
2002-05-09 10:00:00,15.0,88,2.6,80,139,0,139
2002-05-09 11:00:00,16.0,82,2.1,50,223,0,223
2002-05-09 12:00:00,16.0,82,0.0,0,237,0,237
2002-05-09 13:00:00,16.0,88,4.1,140,155,0,155
2002-05-09 14:00:00,16.0,88,2.6,160,141,0,141
2002-05-09 15:00:00,17.0,88,2.6,150,144,0,144
2002-05-09 16:00:00,17.0,88,0.0,0,292,47,261
2002-05-09 17:00:00,16.0,100,3.6,170,70,0,70
2002-05-09 18:00:00,17.0,94,3.6,180,59,0,59
2002-05-09 19:00:00,17.0,94,3.1,180,35,29,32
2002-05-09 20:00:00,17.0,94,2.1,240,0,0,0
2002-05-09 21:00:00,16.0,100,2.1,40,0,0,0
2002-05-09 22:00:00,17.0,94,2.1,70,0,0,0
2002-05-09 23:00:00,17.0,94,1.5,80,0,0,0
2002-05-10 00:00:00,16.0,100,2.1,220,0,0,0
2002-05-10 01:00:00,16.0,100,2.1,230,0,0,0
2002-05-10 02:00:00,16.0,94,2.6,170,0,0,0
2002-05-10 03:00:00,16.0,88,0.0,0,0,0,0
2002-05-10 04:00:00,16.0,77,1.5,330,0,0,0
2002-05-10 05:00:00,15.0,82,3.6,290,0,0,0
2002-05-10 06:00:00,15.0,72,3.1,340,0,0,0
2002-05-10 07:00:00,15.0,59,4.1,340,201,337,111
2002-05-10 08:00:00,16.0,48,5.7,260,394,535,152
2002-05-10 09:00:00,17.0,42,5.1,290,594,702,157
2002-05-10 10:00:00,17.0,45,4.1,280,746,757,169
2002-05-10 11:00:00,19.0,37,5.7,260,872,802,180
2002-05-10 12:00:00,20.0,32,5.1,260,929,794,201
2002-05-10 13:00:00,21.0,30,7.2,280,926,768,217
2002-05-10 14:00:00,22.0,27,7.2,260,876,759,207
2002-05-10 15:00:00,22.0,27,5.1,280,749,614,265
2002-05-10 16:00:00,22.0,25,6.7,300,461,249,297
2002-05-10 17:00:00,21.0,26,6.7,290,151,0,151
2002-05-10 18:00:00,19.0,30,6.2,290,114,6,112
2002-05-10 19:00:00,18.0,27,7.7,290,29,0,29
2002-05-10 20:00:00,16.0,36,2.6,280,0,0,0
2002-05-10 21:00:00,15.0,41,3.6,280,0,0,0
2002-05-10 22:00:00,14.0,41,3.1,330,0,0,0
2002-05-10 23:00:00,14.0,38,3.6,320,0,0,0
2002-05-11 00:00:00,14.0,35,0.0,0,0,0,0
2002-05-11 01:00:00,12.9,41,1.1,30,0,0,0
2002-05-11 02:00:00,12.0,47,2.1,60,0,0,0
2002-05-11 03:00:00,12.0,37,2.6,360,0,0,0
2002-05-11 04:00:00,11.0,39,3.1,350,0,0,0
2002-05-11 05:00:00,11.0,39,2.1,360,0,0,0
2002-05-11 06:00:00,10.0,46,0.0,0,0,0,0
2002-05-11 07:00:00,11.0,54,1.5,350,200,323,113
2002-05-11 08:00:00,13.0,47,2.1,350,393,559,139
2002-05-11 09:00:00,14.0,38,1.5,320,567,610,186
2002-05-11 10:00:00,16.0,34,2.1,280,745,733,186
2002-05-11 11:00:00,17.0,32,1.5,270,878,814,174
2002-05-11 12:00:00,17.0,34,1.5,270,947,842,174
2002-05-11 13:00:00,18.0,32,3.6,260,956,845,174
2002-05-11 14:00:00,19.0,32,2.6,130,893,807,181
2002-05-11 15:00:00,20.0,32,5.1,190,773,685,230
2002-05-11 16:00:00,20.0,32,4.1,160,494,290,303
2002-05-11 17:00:00,20.0,32,2.1,170,410,486,167
2002-05-11 18:00:00,19.0,34,3.1,160,238,466,90
2002-05-11 19:00:00,19.0,37,2.1,110,65,199,40
2002-05-11 20:00:00,17.0,45,3.1,110,0,0,0
2002-05-11 21:00:00,17.0,48,3.6,120,0,0,0
2002-05-11 22:00:00,17.0,48,4.1,140,0,0,0
2002-05-11 23:00:00,17.0,48,6.7,160,0,0,0
2002-05-12 00:00:00,17.0,52,3.6,160,0,0,0
2002-05-12 01:00:00,17.0,55,5.7,160,0,0,0
2002-05-12 02:00:00,16.0,68,5.7,160,0,0,0
2002-05-12 03:00:00,16.0,63,5.7,160,0,0,0
2002-05-12 04:00:00,16.0,59,4.1,160,0,0,0
2002-05-12 05:00:00,15.0,67,3.1,130,0,0,0
2002-05-12 06:00:00,15.0,67,3.6,150,0,0,0
2002-05-12 07:00:00,16.0,63,4.6,160,191,224,130
2002-05-12 08:00:00,17.0,68,3.6,170,200,31,186
2002-05-12 09:00:00,18.0,64,4.1,180,319,61,281
2002-05-12 10:00:00,20.0,64,4.1,190,493,151,377
2002-05-12 11:00:00,21.0,64,3.6,190,457,72,395
2002-05-12 12:00:00,23.0,61,6.2,200,589,162,440
2002-05-12 13:00:00,23.6,62,5.5,210,550,120,439
2002-05-12 14:00:00,24.1,65,4.8,210,312,12,301
2002-05-12 15:00:00,24.0,69,4.1,220,156,0,156
2002-05-12 16:00:00,22.0,78,4.1,210,101,0,101
2002-05-12 17:00:00,19.0,88,6.2,300,108,0,108
2002-05-12 18:00:00,19.0,88,2.6,240,50,0,50
2002-05-12 19:00:00,19.0,88,2.1,170,26,0,26
2002-05-12 20:00:00,18.0,94,3.1,160,0,0,0
2002-05-12 21:00:00,18.0,94,2.1,170,0,0,0
2002-05-12 22:00:00,19.0,88,0.0,0,0,0,0
2002-05-12 23:00:00,18.0,94,2.1,40,0,0,0
2002-05-13 00:00:00,17.5,98,1.8,20,0,0,0
2002-05-13 01:00:00,17.0,100,1.5,350,0,0,0
2002-05-13 02:00:00,17.0,100,2.1,120,0,0,0
2002-05-13 03:00:00,17.0,100,2.6,150,0,0,0
2002-05-13 04:00:00,17.5,96,1.3,80,0,0,0
2002-05-13 05:00:00,18.0,94,0.0,0,0,0,0
2002-05-13 06:00:00,18.0,94,1.5,200,0,0,0
2002-05-13 07:00:00,17.0,100,1.5,290,103,7,101
2002-05-13 08:00:00,19.0,94,3.1,160,62,0,62
2002-05-13 09:00:00,21.0,88,2.6,170,111,0,111
2002-05-13 10:00:00,21.0,88,3.1,220,196,0,196
2002-05-13 11:00:00,22.0,83,3.6,200,260,0,260
2002-05-13 12:00:00,22.0,88,3.1,270,219,0,219
2002-05-13 13:00:00,21.0,83,2.6,280,257,6,251
2002-05-13 14:00:00,22.0,83,3.1,190,235,0,235
2002-05-13 15:00:00,22.0,83,4.6,210,179,0,179
2002-05-13 16:00:00,23.0,78,3.6,240,231,18,219
2002-05-13 17:00:00,24.0,65,3.1,230,394,346,220
2002-05-13 18:00:00,23.0,69,0.0,0,144,51,128
2002-05-13 19:00:00,18.6,72,4.4,330,11,0,11
2002-05-13 20:00:00,14.0,77,8.7,300,0,0,0
2002-05-13 21:00:00,13.0,74,8.7,300,0,0,0
2002-05-13 22:00:00,12.0,71,8.7,300,0,0,0
2002-05-13 23:00:00,11.5,69,8.7,290,0,0,0
2002-05-14 00:00:00,11.0,66,8.7,280,0,0,0
2002-05-14 01:00:00,9.0,66,7.2,290,0,0,0
2002-05-14 02:00:00,9.0,66,8.2,280,0,0,0
2002-05-14 03:00:00,9.0,57,9.3,290,0,0,0
2002-05-14 04:00:00,9.0,57,6.7,280,0,0,0
2002-05-14 05:00:00,9.0,61,3.6,250,0,0,0
2002-05-14 06:00:00,9.0,66,4.1,250,0,0,0
2002-05-14 07:00:00,8.0,76,6.7,270,87,0,87
2002-05-14 08:00:00,10.0,76,8.2,280,131,0,131
2002-05-14 09:00:00,11.0,62,4.6,260,280,24,265
2002-05-14 10:00:00,12.0,54,9.8,280,347,30,324
2002-05-14 11:00:00,13.0,51,11.8,280,161,0,161
2002-05-14 12:00:00,13.0,51,14.4,280,243,6,237
2002-05-14 13:00:00,14.0,51,9.8,280,430,72,363
2002-05-14 14:00:00,15.0,48,11.8,270,841,538,363
2002-05-14 15:00:00,10.0,82,9.3,290,127,0,127
2002-05-14 16:00:00,11.2,69,9.1,290,180,12,172
2002-05-14 17:00:00,11.8,60,8.9,290,422,334,253
2002-05-14 18:00:00,12.0,54,8.7,290,95,0,95
2002-05-14 19:00:00,12.0,58,6.2,250,34,0,34
2002-05-14 20:00:00,12.0,58,4.6,250,0,0,0
2002-05-14 21:00:00,11.0,58,5.7,260,0,0,0
2002-05-14 22:00:00,10.0,62,4.1,250,0,0,0
2002-05-14 23:00:00,10.0,57,5.1,260,0,0,0
2002-05-15 00:00:00,9.0,66,4.1,260,0,0,0
2002-05-15 01:00:00,9.0,66,3.1,220,0,0,0
2002-05-15 02:00:00,8.0,71,1.5,180,0,0,0
2002-05-15 03:00:00,8.0,71,2.1,90,0,0,0
2002-05-15 04:00:00,7.0,76,2.1,190,0,0,0
2002-05-15 05:00:00,8.0,76,3.6,250,0,0,0
2002-05-15 06:00:00,9.0,71,4.6,240,0,0,0
2002-05-15 07:00:00,11.0,62,4.6,250,213,321,123
2002-05-15 08:00:00,13.0,58,5.7,280,399,559,139
2002-05-15 09:00:00,13.0,62,6.7,290,573,573,210
2002-05-15 10:00:00,16.0,51,8.2,310,625,351,354
2002-05-15 11:00:00,16.0,45,6.2,290,853,609,322
2002-05-15 12:00:00,17.0,42,6.2,280,559,174,397
2002-05-15 13:00:00,18.0,39,7.7,320,962,750,264
2002-05-15 14:00:00,19.0,34,7.2,290,905,825,172
2002-05-15 15:00:00,21.0,30,6.2,280,790,769,176
2002-05-15 16:00:00,21.0,28,6.7,300,630,711,154
2002-05-15 17:00:00,21.0,26,6.2,290,449,645,121
2002-05-15 18:00:00,20.0,30,4.6,290,259,513,92
2002-05-15 19:00:00,19.0,30,1.5,320,75,237,43
2002-05-15 20:00:00,17.0,34,0.0,0,0,0,0
2002-05-15 21:00:00,16.0,39,0.0,0,0,0,0
2002-05-15 22:00:00,14.0,44,2.1,200,0,0,0
2002-05-15 23:00:00,13.0,47,2.1,170,0,0,0
2002-05-16 00:00:00,13.0,51,2.1,160,0,0,0
2002-05-16 01:00:00,11.0,58,0.0,0,0,0,0
2002-05-16 02:00:00,12.0,54,3.1,150,0,0,0
2002-05-16 03:00:00,11.0,58,2.1,170,0,0,0
2002-05-16 04:00:00,9.0,66,2.1,170,0,0,0
2002-05-16 05:00:00,8.0,76,2.1,170,0,0,0
2002-05-16 06:00:00,9.0,71,3.1,150,0,0,0
2002-05-16 07:00:00,12.0,67,2.6,180,212,314,124
2002-05-16 08:00:00,14.0,59,3.6,210,391,515,151
2002-05-16 09:00:00,17.0,52,4.1,200,579,586,208
2002-05-16 10:00:00,19.0,49,4.1,230,688,539,272
2002-05-16 11:00:00,22.0,41,5.1,220,865,735,223
2002-05-16 12:00:00,24.0,34,5.7,250,923,751,226
2002-05-16 13:00:00,26.0,30,7.2,260,956,827,184
2002-05-16 14:00:00,27.0,26,6.2,250,905,795,198
2002-05-16 15:00:00,27.0,26,6.7,240,767,697,209
2002-05-16 16:00:00,28.0,19,7.2,240,630,705,157
2002-05-16 17:00:00,26.0,24,6.2,280,422,510,162
2002-05-16 18:00:00,25.0,32,4.1,270,230,319,125
2002-05-16 19:00:00,23.0,38,2.6,290,57,66,48
2002-05-16 20:00:00,24.0,31,3.6,250,0,0,0
2002-05-16 21:00:00,22.0,43,2.6,190,0,0,0
2002-05-16 22:00:00,22.0,41,2.6,200,0,0,0
2002-05-16 23:00:00,22.0,41,2.6,210,0,0,0
2002-05-17 00:00:00,19.0,60,1.5,230,0,0,0
2002-05-17 01:00:00,18.0,73,1.5,190,0,0,0
2002-05-17 02:00:00,19.0,60,2.1,190,0,0,0
2002-05-17 03:00:00,17.0,68,3.1,180,0,0,0
2002-05-17 04:00:00,17.0,59,3.1,190,0,0,0
2002-05-17 05:00:00,18.0,52,4.1,220,0,0,0
2002-05-17 06:00:00,18.0,56,3.1,230,0,0,0
2002-05-17 07:00:00,18.0,59,2.6,250,110,7,108
2002-05-17 08:00:00,19.0,68,6.2,270,130,0,130
2002-05-17 09:00:00,21.0,64,5.7,270,332,73,285
2002-05-17 10:00:00,22.0,60,6.2,270,372,30,349
2002-05-17 11:00:00,21.0,64,6.2,270,432,42,396
2002-05-17 12:00:00,21.0,64,5.7,270,729,337,416
2002-05-17 13:00:00,22.0,57,5.1,260,735,354,405
2002-05-17 14:00:00,22.0,60,4.6,270,694,329,401
2002-05-17 15:00:00,22.0,60,4.1,240,473,125,373
2002-05-17 16:00:00,21.0,64,4.1,260,113,0,113
2002-05-17 17:00:00,20.0,68,3.1,290,92,0,92
2002-05-17 18:00:00,18.0,83,2.6,330,95,0,95
2002-05-17 19:00:00,18.0,77,2.6,30,57,66,48
2002-05-17 20:00:00,17.0,72,4.6,20,0,0,0
2002-05-17 21:00:00,16.0,77,5.1,360,0,0,0
2002-05-17 22:00:00,16.0,63,6.2,40,0,0,0
2002-05-17 23:00:00,13.0,82,5.7,20,0,0,0
2002-05-18 00:00:00,11.0,100,5.7,360,0,0,0
2002-05-18 01:00:00,11.0,94,4.6,10,0,0,0
2002-05-18 02:00:00,11.0,94,5.1,10,0,0,0
2002-05-18 03:00:00,10.0,93,5.4,10,0,0,0
2002-05-18 04:00:00,9.0,94,5.6,10,0,0,0
2002-05-18 05:00:00,8.1,96,5.9,360,0,0,0
2002-05-18 06:00:00,8.0,93,6.2,360,17,0,17
2002-05-18 07:00:00,8.0,93,5.1,340,102,0,102
2002-05-18 08:00:00,8.0,93,8.2,330,96,0,96
2002-05-18 09:00:00,9.0,81,8.2,340,117,0,117
2002-05-18 10:00:00,8.0,81,7.2,340,221,6,216
2002-05-18 11:00:00,8.0,76,7.2,350,371,24,349
2002-05-18 12:00:00,11.0,62,8.7,350,449,42,410
2002-05-18 13:00:00,11.0,62,4.6,30,335,18,318
2002-05-18 14:00:00,11.0,62,2.6,60,318,12,307
2002-05-18 15:00:00,12.0,58,6.2,340,231,0,231
2002-05-18 16:00:00,12.0,58,5.1,320,135,0,135
2002-05-18 17:00:00,12.0,54,4.1,310,401,340,226
2002-05-18 18:00:00,10.0,66,7.7,300,235,365,114
2002-05-18 19:00:00,8.0,81,6.7,310,62,77,51
2002-05-18 20:00:00,8.0,81,4.6,310,0,0,0
2002-05-18 21:00:00,7.0,81,2.6,360,0,0,0
2002-05-18 22:00:00,7.0,76,1.5,60,0,0,0
2002-05-18 23:00:00,7.0,76,2.1,310,0,0,0
2002-05-19 00:00:00,6.0,75,2.6,330,0,0,0
2002-05-19 01:00:00,5.0,81,2.1,320,0,0,0
2002-05-19 02:00:00,4.0,81,2.6,310,0,0,0
2002-05-19 03:00:00,4.0,81,1.5,300,0,0,0
2002-05-19 04:00:00,3.0,81,3.1,310,0,0,0
2002-05-19 05:00:00,3.0,74,3.1,330,0,0,0
2002-05-19 06:00:00,4.0,69,1.5,310,48,0,48
2002-05-19 07:00:00,6.0,60,3.6,330,218,352,117
2002-05-19 08:00:00,7.0,56,7.2,300,411,576,139
2002-05-19 09:00:00,8.0,52,6.7,320,585,622,188
2002-05-19 10:00:00,10.0,54,5.7,350,744,696,204
2002-05-19 11:00:00,11.0,43,7.7,320,871,760,205
2002-05-19 12:00:00,12.0,40,4.1,340,923,697,274
2002-05-19 13:00:00,11.0,43,4.1,290,831,468,392
2002-05-19 14:00:00,12.0,40,4.1,320,388,54,340
2002-05-19 15:00:00,13.0,38,5.1,270,346,42,313
2002-05-19 16:00:00,12.0,37,3.6,300,597,510,252
2002-05-19 17:00:00,13.0,35,4.6,340,428,528,156
2002-05-19 18:00:00,12.0,40,5.1,300,251,400,117
2002-05-19 19:00:00,10.0,54,4.6,330,82,215,50
2002-05-19 20:00:00,8.0,66,4.1,310,0,0,0
2002-05-19 21:00:00,7.0,61,3.1,290,0,0,0
2002-05-19 22:00:00,7.0,61,1.5,270,0,0,0
2002-05-19 23:00:00,6.0,60,3.6,300,0,0,0
2002-05-20 00:00:00,6.0,60,0.0,0,0,0,0
2002-05-20 01:00:00,6.0,60,0.0,0,0,0,0
2002-05-20 02:00:00,6.0,55,0.0,0,0,0,0
2002-05-20 03:00:00,4.0,64,2.1,350,0,0,0
2002-05-20 04:00:00,4.0,64,0.0,0,0,0,0
2002-05-20 05:00:00,3.0,74,0.0,0,0,0,0
2002-05-20 06:00:00,3.0,74,2.1,290,63,79,54
2002-05-20 07:00:00,5.0,55,3.6,330,233,423,110
2002-05-20 08:00:00,8.0,48,4.6,300,417,601,133
2002-05-20 09:00:00,9.0,41,3.6,310,578,610,188
2002-05-20 10:00:00,10.0,42,3.6,310,731,648,228
2002-05-20 11:00:00,11.0,39,4.1,10,871,741,220
2002-05-20 12:00:00,11.0,36,3.1,340,923,733,239
2002-05-20 13:00:00,12.0,31,4.6,310,914,618,335
2002-05-20 14:00:00,12.0,31,4.6,330,400,60,346
2002-05-20 15:00:00,12.0,26,3.1,270,225,12,216
2002-05-20 16:00:00,12.0,31,4.1,300,445,190,316
2002-05-20 17:00:00,11.0,33,4.1,320,342,182,247
2002-05-20 18:00:00,11.0,36,4.6,310,131,11,127
2002-05-20 19:00:00,10.0,39,4.1,330,55,36,49
2002-05-20 20:00:00,8.0,48,2.6,360,0,0,0
2002-05-20 21:00:00,8.0,52,2.1,350,0,0,0
2002-05-20 22:00:00,7.0,56,2.6,320,0,0,0
2002-05-20 23:00:00,7.0,56,2.1,340,0,0,0
2002-05-21 00:00:00,6.0,60,1.5,360,0,0,0
2002-05-21 01:00:00,4.0,69,1.5,300,0,0,0
2002-05-21 02:00:00,3.0,74,2.6,340,0,0,0
2002-05-21 03:00:00,3.0,68,2.6,350,0,0,0
2002-05-21 04:00:00,3.0,68,2.1,10,0,0,0
2002-05-21 05:00:00,2.0,73,2.6,340,0,0,0
2002-05-21 06:00:00,3.0,68,2.6,330,31,0,31
2002-05-21 07:00:00,5.0,64,3.6,340,225,338,126
2002-05-21 08:00:00,7.0,52,4.1,330,397,508,155
2002-05-21 09:00:00,9.0,45,3.6,310,572,573,204
2002-05-21 10:00:00,10.0,39,5.7,340,738,569,294
2002-05-21 11:00:00,9.0,41,4.6,320,519,121,413
2002-05-21 12:00:00,10.0,42,5.7,300,826,517,343
2002-05-21 13:00:00,11.0,36,6.2,320,795,420,401
2002-05-21 14:00:00,11.0,36,6.2,310,241,24,220
2002-05-21 15:00:00,13.0,35,5.1,320,722,477,336
2002-05-21 16:00:00,12.0,34,4.1,290,389,107,316
2002-05-21 17:00:00,12.0,31,5.1,300,423,428,201
2002-05-21 18:00:00,12.0,34,3.6,300,267,492,100
2002-05-21 19:00:00,11.0,36,3.6,310,87,237,51
2002-05-21 20:00:00,9.0,45,2.1,260,0,0,0
2002-05-21 21:00:00,9.0,41,2.6,260,0,0,0
2002-05-21 22:00:00,9.0,41,1.5,240,0,0,0
2002-05-21 23:00:00,8.0,48,0.0,0,0,0,0
2002-05-22 00:00:00,6.0,60,1.5,170,0,0,0
2002-05-22 01:00:00,4.0,69,1.5,120,0,0,0
2002-05-22 02:00:00,4.0,69,1.5,140,0,0,0
2002-05-22 03:00:00,4.0,69,0.0,0,0,0,0
2002-05-22 04:00:00,3.0,74,2.1,90,0,0,0
2002-05-22 05:00:00,2.0,80,2.1,80,0,0,0
2002-05-22 06:00:00,4.0,69,0.0,0,45,0,45
2002-05-22 07:00:00,6.0,65,0.0,0,224,331,127
2002-05-22 08:00:00,9.0,53,0.0,0,396,502,157
2002-05-22 09:00:00,12.0,44,1.5,340,591,628,187
2002-05-22 10:00:00,13.0,41,3.1,320,744,684,210
2002-05-22 11:00:00,14.0,35,4.6,350,883,766,209
2002-05-22 12:00:00,15.0,33,3.1,290,959,836,178
2002-05-22 13:00:00,16.0,31,2.6,240,968,840,179
2002-05-22 14:00:00,17.0,29,3.6,260,912,819,176
2002-05-22 15:00:00,17.0,29,3.6,230,797,781,165
2002-05-22 16:00:00,18.0,30,2.1,330,648,735,147
2002-05-22 17:00:00,17.0,29,2.6,160,456,593,147
2002-05-22 18:00:00,18.0,27,3.1,200,262,458,106
2002-05-22 19:00:00,17.0,29,2.1,190,87,233,51
2002-05-22 20:00:00,14.0,38,2.1,190,0,0,0
2002-05-22 21:00:00,14.0,38,2.6,170,0,0,0
2002-05-22 22:00:00,12.0,44,2.1,160,0,0,0
2002-05-22 23:00:00,12.0,44,1.5,160,0,0,0
2002-05-23 00:00:00,11.0,47,1.5,150,0,0,0
2002-05-23 01:00:00,9.0,53,1.5,80,0,0,0
2002-05-23 02:00:00,9.0,54,2.6,100,0,0,0
2002-05-23 03:00:00,8.0,57,0.0,0,0,0,0
2002-05-23 04:00:00,7.0,61,0.0,0,0,0,0
2002-05-23 05:00:00,6.0,65,1.5,80,0,0,0
2002-05-23 06:00:00,8.0,57,0.0,0,58,17,56
2002-05-23 07:00:00,10.0,50,0.0,0,224,325,128
2002-05-23 08:00:00,12.0,44,2.1,210,403,520,154
2002-05-23 09:00:00,14.0,35,0.0,0,584,604,195
2002-05-23 10:00:00,17.0,29,2.1,310,750,696,206
2002-05-23 11:00:00,19.0,26,3.1,260,883,760,214
2002-05-23 12:00:00,21.0,23,3.6,190,959,829,183
2002-05-23 13:00:00,21.0,23,2.6,210,962,822,189
2002-05-23 14:00:00,22.0,21,3.6,220,906,796,190
2002-05-23 15:00:00,23.0,20,1.5,210,791,757,177
2002-05-23 16:00:00,23.0,20,2.6,200,643,712,157
2002-05-23 17:00:00,23.0,20,4.1,190,462,640,127
2002-05-23 18:00:00,23.0,20,3.1,190,273,481,107
2002-05-23 19:00:00,22.0,21,3.6,170,92,254,52
2002-05-23 20:00:00,20.0,24,3.6,170,0,0,0
2002-05-23 21:00:00,19.0,49,2.6,180,0,0,0
2002-05-23 22:00:00,18.0,49,2.6,170,0,0,0
2002-05-23 23:00:00,16.0,55,2.6,170,0,0,0
2002-05-24 00:00:00,17.0,52,2.6,230,0,0,0
2002-05-24 01:00:00,16.0,55,2.1,150,0,0,0
2002-05-24 02:00:00,14.0,63,3.1,140,0,0,0
2002-05-24 03:00:00,13.0,67,0.0,0,0,0,0
2002-05-24 04:00:00,13.0,67,2.6,140,0,0,0
2002-05-24 05:00:00,12.0,71,2.1,160,0,0,0
2002-05-24 06:00:00,13.0,72,2.1,180,29,0,29
2002-05-24 07:00:00,16.0,59,2.6,200,231,396,113
2002-05-24 08:00:00,18.0,56,2.6,220,396,464,173
2002-05-24 09:00:00,21.0,46,4.6,250,545,500,222
2002-05-24 10:00:00,22.0,46,2.6,240,718,569,273
2002-05-24 11:00:00,24.0,44,4.6,230,871,729,227
2002-05-24 12:00:00,26.0,42,5.7,240,911,667,286
2002-05-24 13:00:00,27.0,42,5.7,250,938,750,232
2002-05-24 14:00:00,27.0,45,7.7,270,882,682,268
2002-05-24 15:00:00,28.0,42,6.7,280,682,453,314
2002-05-24 16:00:00,28.0,42,8.7,280,615,516,262
2002-05-24 17:00:00,28.0,40,5.7,280,266,70,229
2002-05-24 18:00:00,27.0,45,5.7,280,111,6,109
2002-05-24 19:00:00,22.0,69,8.7,330,85,130,64
2002-05-24 20:00:00,20.7,74,5.9,300,0,0,0
2002-05-24 21:00:00,20.0,78,3.1,270,0,0,0
2002-05-24 22:00:00,19.0,88,0.0,0,0,0,0
2002-05-24 23:00:00,18.0,88,1.5,250,0,0,0
2002-05-25 00:00:00,18.0,77,1.5,350,0,0,0
2002-05-25 01:00:00,18.0,77,3.6,350,0,0,0
2002-05-25 02:00:00,17.0,82,2.1,360,0,0,0
2002-05-25 03:00:00,16.0,82,3.1,360,0,0,0
2002-05-25 04:00:00,16.0,72,3.1,20,0,0,0
2002-05-25 05:00:00,14.0,82,2.1,340,0,0,0
2002-05-25 06:00:00,15.0,77,3.1,360,28,0,28
2002-05-25 07:00:00,16.0,77,4.6,360,192,136,151
2002-05-25 08:00:00,17.0,72,4.1,40,82,0,82
2002-05-25 09:00:00,17.0,68,3.6,360,298,37,275
2002-05-25 10:00:00,17.0,63,2.6,10,416,67,364
2002-05-25 11:00:00,18.0,64,3.6,80,451,36,419
2002-05-25 12:00:00,19.0,60,2.6,140,540,108,439
2002-05-25 13:00:00,20.0,60,3.6,190,383,24,360
2002-05-25 14:00:00,20.0,60,2.6,150,365,24,343
2002-05-25 15:00:00,21.0,60,3.6,170,445,83,377
2002-05-25 16:00:00,21.0,64,3.1,160,282,36,258
2002-05-25 17:00:00,22.0,64,2.6,140,348,200,243
2002-05-25 18:00:00,22.0,69,4.1,140,127,11,123
2002-05-25 19:00:00,22.0,69,3.6,130,69,78,56
2002-05-25 20:00:00,21.0,69,4.1,130,0,0,0
2002-05-25 21:00:00,21.0,73,4.1,140,0,0,0
2002-05-25 22:00:00,21.0,69,6.7,180,0,0,0
2002-05-25 23:00:00,20.0,68,4.6,180,0,0,0
2002-05-26 00:00:00,19.0,68,6.7,160,0,0,0
2002-05-26 01:00:00,18.0,73,5.1,170,0,0,0
2002-05-26 02:00:00,17.0,82,5.7,170,0,0,0
2002-05-26 03:00:00,17.0,82,3.1,180,0,0,0
2002-05-26 04:00:00,17.0,82,3.1,170,0,0,0
2002-05-26 05:00:00,17.0,82,1.5,90,0,0,0
2002-05-26 06:00:00,16.0,88,0.0,0,28,0,28
2002-05-26 07:00:00,17.0,88,0.0,0,192,194,133
2002-05-26 08:00:00,19.0,83,3.1,170,341,291,201
2002-05-26 09:00:00,21.0,73,2.1,200,493,323,284
2002-05-26 10:00:00,22.0,73,1.5,280,712,569,266
2002-05-26 11:00:00,24.0,65,0.0,0,815,573,309
2002-05-26 12:00:00,26.0,58,3.1,230,868,619,287
2002-05-26 13:00:00,27.0,51,4.1,230,903,570,364
2002-05-26 14:00:00,25.0,57,5.1,360,524,132,405
2002-05-26 15:00:00,25.0,57,2.6,60,144,0,144
2002-05-26 16:00:00,24.0,69,3.6,160,113,0,113
2002-05-26 17:00:00,24.0,65,3.6,200,76,0,76
2002-05-26 18:00:00,22.0,64,1.5,10,66,0,66
2002-05-26 19:00:00,19.0,88,5.1,230,20,0,20
2002-05-26 20:00:00,18.0,94,5.7,360,0,0,0
2002-05-26 21:00:00,18.0,94,0.0,0,0,0,0
2002-05-26 22:00:00,17.0,100,0.0,0,0,0,0
2002-05-26 23:00:00,17.0,100,2.1,140,0,0,0
2002-05-27 00:00:00,17.0,100,0.0,0,0,0,0
2002-05-27 01:00:00,17.0,100,2.1,170,0,0,0
2002-05-27 02:00:00,17.0,94,1.5,160,0,0,0
2002-05-27 03:00:00,16.2,96,1.6,150,0,0,0
2002-05-27 04:00:00,15.3,99,1.7,150,0,0,0
2002-05-27 05:00:00,14.5,100,1.8,140,0,0,0
2002-05-27 06:00:00,14.6,100,1.9,130,14,0,14
2002-05-27 07:00:00,15.7,100,2.0,130,69,0,69
2002-05-27 08:00:00,17.0,94,2.1,120,204,19,195
2002-05-27 09:00:00,19.0,88,1.5,120,305,37,281
2002-05-27 10:00:00,21.0,78,2.1,110,611,290,383
2002-05-27 11:00:00,23.0,65,2.6,140,809,561,313
2002-05-27 12:00:00,23.0,65,2.6,140,898,625,311
2002-05-27 13:00:00,24.0,65,3.6,130,861,558,333
2002-05-27 14:00:00,24.0,65,3.1,150,818,586,288
2002-05-27 15:00:00,25.0,61,2.6,160,728,531,295
2002-05-27 16:00:00,25.0,61,2.6,170,452,178,329
2002-05-27 17:00:00,25.0,65,4.6,170,272,76,232
2002-05-27 18:00:00,23.7,68,4.2,170,259,327,144
2002-05-27 19:00:00,22.2,72,3.9,180,57,26,53
2002-05-27 20:00:00,20.3,79,3.5,180,0,0,0
2002-05-27 21:00:00,19.0,83,3.1,180,0,0,0
2002-05-27 22:00:00,19.0,83,0.0,0,0,0,0
2002-05-27 23:00:00,19.0,78,0.0,0,0,0,0
2002-05-28 00:00:00,18.0,83,2.1,130,0,0,0
2002-05-28 01:00:00,17.0,88,3.1,100,0,0,0
2002-05-28 02:00:00,17.0,88,2.1,100,0,0,0
2002-05-28 03:00:00,17.0,88,2.6,120,0,0,0
2002-05-28 04:00:00,16.0,88,1.5,310,0,0,0
2002-05-28 05:00:00,16.0,88,1.5,60,0,0,0
2002-05-28 06:00:00,17.0,88,1.5,320,54,0,54
2002-05-28 07:00:00,19.0,83,1.5,90,222,304,130
2002-05-28 08:00:00,19.0,88,0.0,0,320,186,230
2002-05-28 09:00:00,21.0,78,0.0,0,486,305,288
2002-05-28 10:00:00,22.0,73,2.6,190,617,321,365
2002-05-28 11:00:00,23.0,73,3.1,130,494,96,408
2002-05-28 12:00:00,24.0,65,2.6,160,813,493,350
2002-05-28 13:00:00,25.0,61,2.6,160,747,342,424
2002-05-28 14:00:00,25.0,61,4.6,160,606,203,422
2002-05-28 15:00:00,25.0,65,4.6,170,370,30,346
2002-05-28 16:00:00,25.0,61,5.1,190,367,65,322
2002-05-28 17:00:00,24.0,69,3.1,190,240,59,208
2002-05-28 18:00:00,24.0,69,1.5,190,264,338,144
2002-05-28 19:00:00,24.0,74,2.1,190,70,68,59
2002-05-28 20:00:00,19.0,83,3.1,160,0,0,0
2002-05-28 21:00:00,19.0,94,2.6,100,0,0,0
2002-05-28 22:00:00,19.0,94,2.1,80,0,0,0
2002-05-28 23:00:00,18.0,94,0.0,0,0,0,0
2002-05-29 00:00:00,18.0,94,0.0,0,0,0,0
2002-05-29 01:00:00,19.0,88,2.1,100,0,0,0
2002-05-29 02:00:00,18.0,94,2.6,80,0,0,0
2002-05-29 03:00:00,18.0,94,3.1,90,0,0,0
2002-05-29 04:00:00,18.0,94,0.0,0,0,0,0
2002-05-29 05:00:00,17.0,100,0.0,0,0,0,0
2002-05-29 06:00:00,18.0,94,0.0,0,40,0,40
2002-05-29 07:00:00,18.0,94,0.0,0,69,0,69
2002-05-29 08:00:00,19.0,94,2.1,190,157,0,157
2002-05-29 09:00:00,20.0,85,2.9,190,272,24,256
2002-05-29 10:00:00,21.0,78,3.6,180,214,6,209
2002-05-29 11:00:00,22.0,78,4.1,200,315,24,293
2002-05-29 12:00:00,23.0,73,5.1,170,650,222,440
2002-05-29 13:00:00,24.0,69,4.6,160,616,174,451
2002-05-29 14:00:00,24.0,65,4.6,170,859,574,339
2002-05-29 15:00:00,26.0,58,5.7,180,769,656,232
2002-05-29 16:00:00,27.0,54,6.2,160,615,581,213
2002-05-29 17:00:00,26.0,58,6.2,150,420,417,197
2002-05-29 18:00:00,26.0,58,3.1,170,264,384,128
2002-05-29 19:00:00,24.0,61,4.1,170,95,216,58
2002-05-29 20:00:00,23.0,65,2.6,160,0,0,0
2002-05-29 21:00:00,22.0,69,2.6,160,0,0,0
2002-05-29 22:00:00,21.0,73,2.6,160,0,0,0
2002-05-29 23:00:00,21.0,73,4.1,180,0,0,0
2002-05-30 00:00:00,21.0,73,3.6,170,0,0,0
2002-05-30 01:00:00,19.0,88,3.6,160,0,0,0
2002-05-30 02:00:00,19.0,88,4.1,160,0,0,0
2002-05-30 03:00:00,18.0,88,3.1,140,0,0,0
2002-05-30 04:00:00,18.0,88,3.1,130,0,0,0
2002-05-30 05:00:00,17.0,94,1.5,150,0,0,0
2002-05-30 06:00:00,17.0,94,0.0,0,65,41,60
2002-05-30 07:00:00,19.0,88,4.1,180,221,291,132
2002-05-30 08:00:00,21.0,78,3.1,190,395,464,169
2002-05-30 09:00:00,22.0,73,1.5,180,570,548,213
2002-05-30 10:00:00,23.0,69,0.0,0,750,648,240
2002-05-30 11:00:00,24.0,69,2.6,140,889,765,210
2002-05-30 12:00:00,26.0,58,2.1,150,953,799,200
2002-05-30 13:00:00,26.0,61,3.1,150,951,774,217
2002-05-30 14:00:00,27.0,51,2.6,160,906,778,201
2002-05-30 15:00:00,27.0,51,5.7,160,786,698,214
2002-05-30 16:00:00,27.0,51,6.2,170,644,682,171
2002-05-30 17:00:00,27.0,51,4.6,190,469,593,151
2002-05-30 18:00:00,27.0,48,4.6,180,260,367,128
2002-05-30 19:00:00,26.0,54,3.6,170,108,306,55
2002-05-30 20:00:00,24.0,65,2.6,150,0,0,0
2002-05-30 21:00:00,23.0,69,2.1,150,0,0,0
2002-05-30 22:00:00,23.0,69,2.6,140,0,0,0
2002-05-30 23:00:00,22.0,73,2.1,160,0,0,0
2002-05-31 00:00:00,22.0,73,2.6,170,0,0,0
2002-05-31 01:00:00,21.0,78,3.6,160,0,0,0
2002-05-31 02:00:00,21.0,83,4.1,180,0,0,0
2002-05-31 03:00:00,20.0,83,2.6,160,0,0,0
2002-05-31 04:00:00,20.0,88,2.6,180,0,0,0
2002-05-31 05:00:00,19.0,88,3.1,170,0,0,0
2002-05-31 06:00:00,21.0,78,3.1,190,52,0,52
2002-05-31 07:00:00,21.0,83,3.1,220,236,394,115
2002-05-31 08:00:00,23.0,73,3.1,180,395,445,178
2002-05-31 09:00:00,24.0,69,3.6,220,577,585,195
2002-05-31 10:00:00,26.0,61,4.6,220,737,641,231
2002-05-31 11:00:00,28.0,55,5.1,240,883,747,219
2002-05-31 12:00:00,29.0,52,6.2,260,935,727,250
2002-05-31 13:00:00,29.0,52,4.1,250,903,588,345
2002-05-31 14:00:00,31.0,40,5.1,250,918,736,250
2002-05-31 15:00:00,31.0,40,7.2,260,642,328,372
2002-05-31 16:00:00,31.0,40,6.7,260,599,504,249
2002-05-31 17:00:00,31.0,40,6.2,260,371,253,235
2002-05-31 18:00:00,29.0,48,3.1,250,168,57,148
2002-05-31 19:00:00,28.0,51,4.6,250,42,0,42
2002-05-31 20:00:00,21.0,88,6.7,340,0,0,0
2002-05-31 21:00:00,19.0,100,2.1,330,0,0,0
2002-05-31 22:00:00,18.9,88,2.1,0,0,0,0
2002-05-31 23:00:00,18.7,88,2.0,230,0,0,0
2002-06-01 00:00:00,18.6,88,2.0,230,0,0,0
1997-06-01 01:00:00,18.4,76,2.0,110,0,0,0
1997-06-01 02:00:00,18.3,75,2.0,50,0,0,0
1997-06-01 03:00:00,18.1,79,1.9,60,0,0,0
1997-06-01 04:00:00,18.0,89,1.9,70,0,0,0
1997-06-01 05:00:00,18.0,83,3.8,130,0,0,0
1997-06-01 06:00:00,18.0,88,2.6,90,23,0,23
1997-06-01 07:00:00,19.0,83,2.6,90,65,0,65
1997-06-01 08:00:00,19.0,83,3.6,90,123,0,123
1997-06-01 09:00:00,19.0,83,4.1,90,179,0,179
1997-06-01 10:00:00,20.0,78,4.1,100,189,0,189
1997-06-01 11:00:00,21.0,73,6.2,90,217,0,217
1997-06-01 12:00:00,23.0,69,4.1,100,277,0,277
1997-06-01 13:00:00,20.0,88,2.1,70,279,0,279
1997-06-01 14:00:00,20.0,88,2.1,60,266,0,266
1997-06-01 15:00:00,20.0,88,2.1,40,237,0,237
1997-06-01 16:00:00,21.0,88,2.1,20,194,0,194
1997-06-01 17:00:00,21.0,88,2.1,10,140,0,140
1997-06-01 18:00:00,21.0,88,1.0,30,81,0,81
1997-06-01 19:00:00,21.0,88,0.0,0,36,0,36
1997-06-01 20:00:00,20.0,94,0.0,0,4,0,4
1997-06-01 21:00:00,19.0,94,0.0,0,0,0,0
1997-06-01 22:00:00,17.4,100,0.3,20,0,0,0
1997-06-01 23:00:00,17.8,94,0.5,10,0,0,0
1997-06-02 00:00:00,17.1,100,0.2,360,0,0,0
1997-06-02 01:00:00,17.5,94,1.1,40,0,0,0
1997-06-02 02:00:00,17.9,85,1.8,50,0,0,0
1997-06-02 03:00:00,18.3,73,2.1,60,0,0,0
1997-06-02 04:00:00,16.6,86,2.8,80,0,0,0
1997-06-02 05:00:00,17.0,78,2.6,80,0,0,0
1997-06-02 06:00:00,17.0,82,5.1,90,28,0,28
1997-06-02 07:00:00,16.0,88,4.1,70,54,0,54
1997-06-02 08:00:00,14.0,100,4.6,80,122,0,122
1997-06-02 09:00:00,16.0,88,4.1,80,178,0,178
1997-06-02 10:00:00,16.0,88,2.6,90,188,0,188
1997-06-02 11:00:00,16.0,88,3.1,80,258,0,258
1997-06-02 12:00:00,16.0,88,5.1,80,277,0,277
1997-06-02 13:00:00,16.0,88,4.1,80,279,0,279
1997-06-02 14:00:00,17.0,82,5.1,80,265,0,265
1997-06-02 15:00:00,16.0,82,5.1,90,236,0,236
1997-06-02 16:00:00,16.0,82,6.2,90,193,0,193
1997-06-02 17:00:00,16.0,82,7.2,70,140,0,140
1997-06-02 18:00:00,15.0,82,7.2,90,81,0,81
1997-06-02 19:00:00,14.0,94,4.1,70,37,0,37
1997-06-02 20:00:00,14.0,88,5.1,90,4,0,4
1997-06-02 21:00:00,14.0,88,5.1,90,0,0,0
1997-06-02 22:00:00,12.4,100,5.0,70,0,0,0
1997-06-02 23:00:00,12.8,100,3.8,110,0,0,0
1997-06-03 00:00:00,13.1,100,3.6,90,0,0,0
1997-06-03 01:00:00,11.5,100,5.1,60,0,0,0
1997-06-03 02:00:00,9.9,100,4.0,50,0,0,0
1997-06-03 03:00:00,10.3,100,5.4,70,0,0,0
1997-06-03 04:00:00,10.6,100,4.2,80,0,0,0
1997-06-03 05:00:00,11.0,77,5.1,90,0,0,0
1997-06-03 06:00:00,11.0,76,6.2,90,25,0,25
1997-06-03 07:00:00,10.0,87,6.2,80,69,0,69
1997-06-03 08:00:00,9.0,87,5.1,80,128,0,128
1997-06-03 09:00:00,8.0,93,4.1,80,153,0,153
1997-06-03 10:00:00,10.0,82,2.6,50,229,0,229
1997-06-03 11:00:00,10.0,82,2.6,70,261,0,261
1997-06-03 12:00:00,10.0,82,2.6,50,279,0,279
1997-06-03 13:00:00,12.0,76,2.6,50,282,0,282
1997-06-03 14:00:00,12.0,76,2.6,50,268,0,268
1997-06-03 15:00:00,12.0,76,5.1,80,240,0,240
1997-06-03 16:00:00,12.0,76,5.1,80,198,0,198
1997-06-03 17:00:00,12.0,76,4.1,60,146,0,146
1997-06-03 18:00:00,11.0,94,4.1,60,73,0,73
1997-06-03 19:00:00,11.0,87,6.2,70,28,0,28
1997-06-03 20:00:00,11.0,76,3.6,60,4,0,4
1997-06-03 21:00:00,11.0,76,3.1,60,0,0,0
1997-06-03 22:00:00,11.1,82,3.4,60,0,0,0
1997-06-03 23:00:00,11.3,77,4.7,50,0,0,0
1997-06-04 00:00:00,10.4,73,4.0,50,0,0,0
1997-06-04 01:00:00,10.5,64,2.4,50,0,0,0
1997-06-04 02:00:00,10.6,64,2.7,50,0,0,0
1997-06-04 03:00:00,9.8,64,2.0,40,0,0,0
1997-06-04 04:00:00,9.9,100,2.3,40,0,0,0
1997-06-04 05:00:00,10.0,75,2.1,40,0,0,0
1997-06-04 06:00:00,11.0,82,3.1,10,37,15,35
1997-06-04 07:00:00,12.4,75,3.1,10,124,54,107
1997-06-04 08:00:00,14.0,67,3.1,10,316,114,261
1997-06-04 09:00:00,15.0,63,3.1,101,296,44,267
1997-06-04 10:00:00,17.0,55,5.1,10,449,370,157
1997-06-04 11:00:00,18.0,52,5.1,40,858,589,335
1997-06-04 12:00:00,19.0,49,4.1,50,816,536,310
1997-06-04 13:00:00,21.0,43,7.7,80,930,648,314
1997-06-04 14:00:00,22.0,38,5.1,80,829,522,353
1997-06-04 15:00:00,22.0,38,5.1,100,641,477,248
1997-06-04 16:00:00,23.0,38,4.6,100,454,294,248
1997-06-04 17:00:00,22.0,41,4.6,100,428,389,217
1997-06-04 18:00:00,23.0,38,3.6,120,291,525,99
1997-06-04 19:00:00,19.0,49,3.1,110,109,327,49
1997-06-04 20:00:00,17.2,51,2.6,100,7,24,6
1997-06-04 21:00:00,16.0,51,2.1,90,0,0,0
1997-06-04 22:00:00,15.3,54,2.0,80,0,0,0
1997-06-04 23:00:00,14.6,57,1.0,70,0,0,0
1997-06-05 00:00:00,13.9,60,0.0,0,0,0,0
1997-06-05 01:00:00,13.3,63,0.8,40,0,0,0
1997-06-05 02:00:00,12.6,65,0.2,30,0,0,0
1997-06-05 03:00:00,11.9,69,0.7,20,0,0,0
1997-06-05 04:00:00,10.5,76,0.0,0,0,0,0
1997-06-05 05:00:00,9.0,84,0.0,0,0,0,0
1997-06-05 06:00:00,11.0,76,1.5,360,47,42,41
1997-06-05 07:00:00,14.0,67,0.0,0,91,24,84
1997-06-05 08:00:00,16.0,63,2.6,300,167,50,143
1997-06-05 09:00:00,17.0,59,3.6,230,329,89,271
1997-06-05 10:00:00,18.6,54,2.6,230,570,232,387
1997-06-05 11:00:00,20.0,49,1.5,240,615,102,524
1997-06-05 12:00:00,21.0,46,2.6,240,421,74,351
1997-06-05 13:00:00,22.0,46,3.1,240,436,89,351
1997-06-05 14:00:00,23.0,44,3.1,250,653,306,374
1997-06-05 15:00:00,22.0,46,3.1,240,417,30,392
1997-06-05 16:00:00,23.0,44,3.1,230,239,44,208
1997-06-05 17:00:00,23.0,47,3.1,230,254,115,192
1997-06-05 18:00:00,22.1,49,3.6,220,115,52,96
1997-06-05 19:00:00,21.0,53,3.6,210,58,11,56
1997-06-05 20:00:00,18.0,64,3.6,210,6,0,6
1997-06-05 21:00:00,17.0,63,1.5,200,0,0,0
1997-06-05 22:00:00,15.0,76,1.5,190,0,0,0
1997-06-05 23:00:00,14.0,80,1.6,180,0,0,0
1997-06-06 00:00:00,13.0,84,1.7,170,0,0,0
1997-06-06 01:00:00,14.0,72,1.8,160,0,0,0
1997-06-06 02:00:00,12.0,81,1.9,150,0,0,0
1997-06-06 03:00:00,12.0,80,2.0,140,0,0,0
1997-06-06 04:00:00,11.0,84,2.2,130,0,0,0
1997-06-06 05:00:00,11.0,83,2.6,120,0,5,0
1997-06-06 06:00:00,12.0,76,2.1,150,64,171,42
1997-06-06 07:00:00,14.0,67,1.5,180,215,352,106
1997-06-06 08:00:00,17.0,52,2.6,210,314,247,193
1997-06-06 09:00:00,18.0,45,2.1,210,304,52,270
1997-06-06 10:00:00,18.0,49,4.1,200,411,70,356
1997-06-06 11:00:00,20.0,46,2.6,200,327,0,327
1997-06-06 12:00:00,21.0,46,2.6,200,350,0,350
1997-06-06 13:00:00,21.1,46,2.6,190,776,483,316
1997-06-06 14:00:00,21.0,46,3.1,190,336,0,336
1997-06-06 15:00:00,21.0,49,3.6,190,241,0,241
1997-06-06 16:00:00,19.0,60,2.6,210,199,0,199
1997-06-06 17:00:00,18.0,56,5.1,200,147,0,147
1997-06-06 18:00:00,18.0,59,3.6,180,111,0,111
1997-06-06 19:00:00,17.0,68,4.1,180,44,0,44
1997-06-06 20:00:00,17.0,68,1.5,170,6,0,6
1997-06-06 21:00:00,17.0,63,1.5,160,0,0,0
1997-06-06 22:00:00,16.9,60,2.3,140,0,0,0
1997-06-06 23:00:00,16.1,59,2.5,130,0,0,0
1997-06-07 00:00:00,15.2,66,5.4,120,0,0,0
1997-06-07 01:00:00,14.2,66,2.5,110,0,0,0
1997-06-07 02:00:00,13.4,70,1.9,100,0,0,0
1997-06-07 03:00:00,13.3,66,2.6,80,0,0,0
1997-06-07 04:00:00,13.2,66,1.8,70,0,0,0
1997-06-07 05:00:00,13.0,67,2.6,60,0,0,0
1997-06-07 06:00:00,13.0,72,1.5,70,29,0,29
1997-06-07 07:00:00,15.4,62,2.8,80,91,0,91
1997-06-07 08:00:00,18.0,52,4.1,90,131,0,131
1997-06-07 09:00:00,14.0,67,4.1,40,186,0,186
1997-06-07 10:00:00,15.0,59,5.1,90,288,0,288
1997-06-07 11:00:00,16.0,59,5.1,110,329,0,329
1997-06-07 12:00:00,17.0,59,4.1,100,351,0,351
1997-06-07 13:00:00,17.0,58,4.4,100,283,0,283
1997-06-07 14:00:00,16.7,58,4.8,90,270,0,270
1997-06-07 15:00:00,16.0,59,5.1,90,243,0,243
1997-06-07 16:00:00,16.0,59,2.6,110,202,0,202
1997-06-07 17:00:00,15.0,63,3.1,100,150,0,150
1997-06-07 18:00:00,15.0,63,2.6,110,92,0,92
1997-06-07 19:00:00,14.0,67,1.5,100,37,0,37
1997-06-07 20:00:00,14.0,67,1.5,90,5,0,5
1997-06-07 21:00:00,13.0,77,1.5,80,0,0,0
1997-06-07 22:00:00,12.4,79,0.8,80,0,0,0
1997-06-07 23:00:00,10.9,92,1.3,70,0,0,0
1997-06-08 00:00:00,11.3,94,1.7,60,0,0,0
1997-06-08 01:00:00,10.8,95,1.1,50,0,0,0
1997-06-08 02:00:00,11.2,92,0.9,40,0,0,0
1997-06-08 03:00:00,11.7,88,1.8,30,0,0,0
1997-06-08 04:00:00,10.1,95,1.7,30,0,0,0
1997-06-08 05:00:00,10.6,91,1.6,20,0,0,0
1997-06-08 06:00:00,11.0,87,2.1,10,46,1,46
1997-06-08 07:00:00,12.0,88,0.0,0,167,15,163
1997-06-08 08:00:00,15.0,67,1.0,340,305,185,214
1997-06-08 09:00:00,17.0,52,1.0,330,498,80,445
1997-06-08 10:00:00,18.0,49,2.6,310,652,444,301
1997-06-08 11:00:00,20.0,43,1.5,340,772,387,428
1997-06-08 12:00:00,21.0,43,3.6,360,544,84,465
1997-06-08 13:00:00,21.0,46,3.1,310,632,107,529
1997-06-08 14:00:00,22.0,41,1.5,360,522,137,396
1997-06-08 15:00:00,23.0,38,1.5,60,340,0,339
1997-06-08 16:00:00,22.0,38,2.6,110,250,0,249
1997-06-08 17:00:00,21.0,43,2.6,110,253,72,214
1997-06-08 18:00:00,22.0,43,1.5,80,248,108,208
1997-06-08 19:00:00,21.0,43,1.5,70,69,0,69
1997-06-08 20:00:00,18.0,56,1.5,50,11,0,11
1997-06-08 21:00:00,17.0,52,1.5,40,0,0,0
1997-06-08 22:00:00,15.9,57,1.7,50,0,0,0
1997-06-08 23:00:00,14.8,65,2.3,200,0,0,0
1997-06-09 00:00:00,14.6,69,3.1,350,0,0,0
1997-06-09 01:00:00,14.5,66,3.3,350,0,0,0
1997-06-09 02:00:00,13.4,73,2.4,30,0,0,0
1997-06-09 03:00:00,14.3,66,2.1,0,0,0,0
1997-06-09 04:00:00,14.1,73,1.2,340,0,0,0
1997-06-09 05:00:00,11.0,85,0.0,0,0,6,0
1997-06-09 06:00:00,13.0,82,0.0,0,64,154,44
1997-06-09 07:00:00,15.4,76,0.0,0,170,228,99
1997-06-09 08:00:00,18.0,68,0.0,0,362,449,141
1997-06-09 09:00:00,19.0,60,0.0,0,427,418,153
1997-06-09 10:00:00,22.0,50,2.1,330,527,349,251
1997-06-09 11:00:00,22.0,50,1.0,40,853,802,140
1997-06-09 12:00:00,24.0,44,1.5,350,989,761,269
1997-06-09 13:00:00,24.0,44,1.5,10,974,766,243
1997-06-09 14:00:00,25.0,39,1.5,10,524,207,335
1997-06-09 15:00:00,26.0,39,1.5,340,495,255,283
1997-06-09 16:00:00,27.0,34,1.5,340,511,397,231
1997-06-09 17:00:00,26.0,39,0.0,0,338,335,154
1997-06-09 18:00:00,26.0,34,1.0,10,308,522,113
1997-06-09 19:00:00,24.0,38,1.5,20,115,306,56
1997-06-09 20:00:00,20.0,49,1.5,30,9,42,7
1997-06-09 21:00:00,20.0,49,1.5,50,0,0,0
1997-06-09 22:00:00,18.9,52,0.9,80,0,0,0
1997-06-09 23:00:00,17.8,59,2.5,70,0,0,0
1997-06-10 00:00:00,16.6,66,2.5,100,0,0,0
1997-06-10 01:00:00,14.5,80,0.0,0,0,0,0
1997-06-10 02:00:00,13.4,85,1.6,80,0,0,0
1997-06-10 03:00:00,13.3,79,1.0,130,0,0,0
1997-06-10 04:00:00,12.1,84,1.6,320,0,0,0
1997-06-10 05:00:00,12.0,89,2.6,180,1,11,0
1997-06-10 06:00:00,14.0,77,1.5,190,71,291,34
1997-06-10 07:00:00,17.0,63,1.5,170,242,584,60
1997-06-10 08:00:00,20.0,56,1.5,190,441,728,84
1997-06-10 09:00:00,22.0,50,1.5,170,632,808,103
1997-06-10 10:00:00,23.6,47,1.5,200,699,666,173
1997-06-10 11:00:00,25.0,44,1.5,190,814,664,223
1997-06-10 12:00:00,27.0,42,1.0,150,951,836,160
1997-06-10 13:00:00,28.0,40,1.0,140,860,585,301
1997-06-10 14:00:00,29.0,35,1.0,180,785,531,299
1997-06-10 15:00:00,29.0,35,1.5,170,702,359,404
1997-06-10 16:00:00,30.0,31,1.5,170,478,361,223
1997-06-10 17:00:00,29.0,33,1.5,180,455,574,139
1997-06-10 18:00:00,29.0,33,1.5,190,310,644,68
1997-06-10 19:00:00,27.3,36,1.7,180,124,418,44
1997-06-10 20:00:00,25.4,39,1.9,160,10,59,8
1997-06-10 21:00:00,24.0,41,2.1,170,0,0,0
1997-06-10 22:00:00,22.9,42,3.1,170,0,0,0
1997-06-10 23:00:00,22.9,44,2.6,180,0,0,0
1997-06-11 00:00:00,20.8,54,3.1,200,0,0,0
1997-06-11 01:00:00,21.8,49,2.6,180,0,0,0
1997-06-11 02:00:00,19.8,54,1.5,170,0,0,0
1997-06-11 03:00:00,18.7,60,2.1,150,0,0,0
1997-06-11 04:00:00,18.6,62,0.0,0,0,0,0
1997-06-11 05:00:00,17.6,68,0.0,0,0,1,0
1997-06-11 06:00:00,17.0,68,1.5,180,59,143,40
1997-06-11 07:00:00,19.0,64,1.5,220,218,448,79
1997-06-11 08:00:00,20.0,60,1.5,190,274,160,195
1997-06-11 09:00:00,23.0,53,1.5,180,371,52,337
1997-06-11 10:00:00,24.0,54,1.5,210,263,59,216
1997-06-11 11:00:00,25.0,50,1.5,240,524,128,410
1997-06-11 12:00:00,28.0,42,2.6,270,454,57,399
1997-06-11 13:00:00,28.0,37,2.1,270,210,43,169
1997-06-11 14:00:00,28.0,40,3.1,240,333,0,333
1997-06-11 15:00:00,22.0,53,3.6,290,297,0,297
1997-06-11 16:00:00,28.0,42,3.6,260,290,58,249
1997-06-11 17:00:00,28.0,40,2.1,250,164,53,135
1997-06-11 18:00:00,28.0,40,1.0,250,96,25,86
1997-06-11 19:00:00,26.0,48,1.5,240,88,64,76
1997-06-11 20:00:00,25.0,50,2.1,240,8,0,8
1997-06-11 21:00:00,24.1,54,2.2,220,0,0,0
1997-06-11 22:00:00,23.1,60,2.2,190,0,0,0
1997-06-11 23:00:00,22.3,65,2.3,350,0,0,0
1997-06-12 00:00:00,21.5,69,2.3,20,0,0,0
1997-06-12 01:00:00,20.6,73,2.4,90,0,0,0
1997-06-12 02:00:00,20.0,78,2.4,140,0,0,0
1997-06-12 03:00:00,19.4,81,2.5,160,0,0,0
1997-06-12 04:00:00,18.7,86,2.5,180,0,0,0
1997-06-12 05:00:00,18.0,91,2.6,90,0,0,0
1997-06-12 06:00:00,18.0,94,2.6,310,35,0,35
1997-06-12 07:00:00,18.0,88,1.5,310,80,0,80
1997-06-12 08:00:00,19.0,83,1.5,300,122,0,122
1997-06-12 09:00:00,22.0,69,2.1,300,176,0,176
1997-06-12 10:00:00,25.0,57,2.1,290,424,30,400
1997-06-12 11:00:00,24.0,61,2.6,290,270,20,252
1997-06-12 12:00:00,25.0,57,3.1,210,280,0,280
1997-06-12 13:00:00,25.0,57,3.1,230,283,0,283
1997-06-12 14:00:00,24.0,61,2.1,240,269,0,269
1997-06-12 15:00:00,27.0,51,3.6,230,363,129,256
1997-06-12 16:00:00,27.0,51,5.1,220,515,257,333
1997-06-12 17:00:00,27.0,54,5.1,210,278,64,243
1997-06-12 18:00:00,26.0,58,4.1,210,151,22,142
1997-06-12 19:00:00,24.0,65,3.6,200,70,18,67
1997-06-12 20:00:00,23.2,70,3.4,210,8,0,8
1997-06-12 21:00:00,23.0,73,3.1,220,0,0,0
1997-06-12 22:00:00,23.1,73,4.5,30,0,0,0
1997-06-12 23:00:00,22.3,76,3.2,290,0,0,0
1997-06-13 00:00:00,21.4,79,1.0,360,0,0,0
1997-06-13 01:00:00,20.5,83,0.3,290,0,0,0
1997-06-13 02:00:00,20.6,82,0.0,0,0,0,0
1997-06-13 03:00:00,20.8,80,0.0,0,0,0,0
1997-06-13 04:00:00,19.9,84,0.0,0,0,0,0
1997-06-13 05:00:00,20.0,83,0.0,0,0,0,0
1997-06-13 06:00:00,19.0,88,1.0,330,43,9,42
1997-06-13 07:00:00,21.0,78,1.0,290,68,0,68
1997-06-13 08:00:00,20.0,94,2.1,260,118,0,118
1997-06-13 09:00:00,20.0,94,1.0,250,175,0,175
1997-06-13 10:00:00,21.0,94,1.5,250,222,0,222
1997-06-13 11:00:00,21.0,88,2.1,240,621,73,555
1997-06-13 12:00:00,22.0,83,5.1,230,276,11,265
1997-06-13 13:00:00,24.0,74,5.1,260,517,23,494
1997-06-13 14:00:00,27.0,62,6.2,260,585,74,517
1997-06-13 15:00:00,27.0,54,4.1,270,424,108,333
1997-06-13 16:00:00,26.0,61,6.7,260,396,162,281
1997-06-13 17:00:00,26.0,58,4.1,280,365,99,310
1997-06-13 18:00:00,25.0,65,4.1,290,82,0,82
1997-06-13 19:00:00,24.0,69,3.1,220,62,11,60
1997-06-13 20:00:00,23.0,73,2.6,270,8,0,8
1997-06-13 21:00:00,22.0,73,0.0,0,0,0,0
1997-06-13 22:00:00,21.5,77,0.0,0,0,0,0
1997-06-13 23:00:00,21.1,80,0.0,0,0,0,0
1997-06-14 00:00:00,20.5,83,0.0,0,0,0,0
1997-06-14 01:00:00,20.0,82,0.0,0,0,0,0
1997-06-14 02:00:00,19.5,88,1.0,120,0,0,0
1997-06-14 03:00:00,19.1,89,0.5,160,0,0,0
1997-06-14 04:00:00,18.5,92,0.3,80,0,0,0
1997-06-14 05:00:00,18.0,96,0.0,0,0,0,0
1997-06-14 06:00:00,18.0,100,1.5,350,51,11,49
1997-06-14 07:00:00,21.0,83,2.1,340,175,28,167
1997-06-14 08:00:00,21.0,83,1.5,320,159,0,159
1997-06-14 09:00:00,23.0,73,2.1,310,228,0,228
1997-06-14 10:00:00,24.0,69,3.1,300,285,0,285
1997-06-14 11:00:00,24.7,66,2.3,320,261,0,261
1997-06-14 12:00:00,25.0,65,1.5,340,279,0,279
1997-06-14 13:00:00,25.0,61,2.6,360,282,0,282
1997-06-14 14:00:00,25.0,57,2.1,20,269,0,269
1997-06-14 15:00:00,26.0,54,3.6,360,302,0,302
1997-06-14 16:00:00,26.0,58,4.1,40,200,0,200
1997-06-14 17:00:00,25.0,50,2.6,40,298,102,241
1997-06-14 18:00:00,26.0,48,2.6,40,180,40,165
1997-06-14 19:00:00,24.1,52,1.8,40,81,28,75
1997-06-14 20:00:00,22.0,57,1.0,40,9,10,8
1997-06-14 21:00:00,22.0,60,2.1,130,0,0,0
1997-06-14 22:00:00,19.7,64,4.9,300,0,0,0
1997-06-14 23:00:00,19.3,62,4.8,350,0,0,0
1997-06-15 00:00:00,19.0,62,4.1,50,0,0,0
1997-06-15 01:00:00,18.6,64,3.4,100,0,0,0
1997-06-15 02:00:00,18.4,68,4.4,150,0,0,0
1997-06-15 03:00:00,18.0,70,4.7,180,0,0,0
1997-06-15 04:00:00,16.7,70,4.5,230,0,0,0
1997-06-15 05:00:00,16.3,72,3.0,330,0,0,0
1997-06-15 06:00:00,14.0,72,3.1,360,42,21,39
1997-06-15 07:00:00,16.0,63,2.1,20,121,42,108
1997-06-15 08:00:00,19.0,49,2.6,340,287,210,184
1997-06-15 09:00:00,21.0,40,2.6,10,317,64,275
1997-06-15 10:00:00,21.0,40,1.5,350,468,59,421
1997-06-15 11:00:00,22.0,38,2.6,340,825,635,260
1997-06-15 12:00:00,23.0,36,2.1,330,757,582,206
1997-06-15 13:00:00,24.0,36,2.6,130,830,568,287
1997-06-15 14:00:00,25.0,36,2.6,240,802,521,324
1997-06-15 15:00:00,24.0,38,2.6,180,802,760,169
1997-06-15 16:00:00,26.0,37,2.1,200,669,705,168
1997-06-15 17:00:00,25.0,39,2.6,290,510,729,105
1997-06-15 18:00:00,24.6,41,2.9,190,310,608,78
1997-06-15 19:00:00,24.0,44,3.1,150,124,378,50
1997-06-15 20:00:00,22.0,53,2.1,100,11,45,9
1997-06-15 21:00:00,21.0,56,2.1,260,0,0,0
1997-06-15 22:00:00,20.0,60,3.5,40,0,0,0
1997-06-15 23:00:00,17.9,67,2.9,240,0,0,0
1997-06-16 00:00:00,18.0,67,2.7,320,0,0,0
1997-06-16 01:00:00,17.0,75,1.5,220,0,0,0
1997-06-16 02:00:00,18.0,66,3.0,280,0,0,0
1997-06-16 03:00:00,16.0,74,2.3,210,0,0,0
1997-06-16 04:00:00,16.0,73,3.2,220,0,0,0
1997-06-16 05:00:00,15.0,77,4.1,190,1,0,1
1997-06-16 06:00:00,16.0,72,3.1,180,60,28,57
1997-06-16 07:00:00,17.0,68,5.1,180,147,117,110
1997-06-16 08:00:00,19.0,64,5.1,180,143,57,115
1997-06-16 09:00:00,22.0,53,5.1,190,379,124,297
1997-06-16 10:00:00,22.0,57,5.1,200,548,81,483
1997-06-16 11:00:00,24.0,50,5.1,200,325,139,201
1997-06-16 12:00:00,23.0,53,5.1,180,277,0,277
1997-06-16 13:00:00,25.0,47,5.1,190,351,76,278
1997-06-16 14:00:00,26.0,45,6.2,180,492,60,436
1997-06-16 15:00:00,27.0,45,6.7,180,235,65,181
1997-06-16 16:00:00,27.0,45,7.7,180,505,187,371
1997-06-16 17:00:00,27.0,48,5.1,210,346,158,258
1997-06-16 18:00:00,26.0,51,6.2,190,102,55,81
1997-06-16 19:00:00,24.6,54,5.6,190,88,32,82
1997-06-16 20:00:00,23.0,57,5.1,180,9,4,9
1997-06-16 21:00:00,23.0,61,5.1,180,0,0,0
1997-06-16 22:00:00,22.9,61,3.8,160,0,0,0
1997-06-16 23:00:00,22.9,60,3.6,180,0,0,0
1997-06-17 00:00:00,20.6,69,3.3,180,0,0,0
1997-06-17 01:00:00,19.5,73,2.1,190,0,0,0
1997-06-17 02:00:00,19.4,73,1.3,200,0,0,0
1997-06-17 03:00:00,19.4,72,1.5,190,0,0,0
1997-06-17 04:00:00,18.1,78,0.8,200,0,0,0
1997-06-17 05:00:00,18.0,78,1.5,200,0,0,0
1997-06-17 06:00:00,18.0,77,1.5,180,25,0,25
1997-06-17 07:00:00,19.0,73,1.5,200,70,0,70
1997-06-17 08:00:00,21.0,73,1.5,230,129,0,129
1997-06-17 09:00:00,22.2,68,1.8,250,232,23,217
1997-06-17 10:00:00,23.0,65,2.1,270,456,90,384
1997-06-17 11:00:00,25.0,61,1.5,260,268,0,267
1997-06-17 12:00:00,27.0,58,3.6,10,364,55,311
1997-06-17 13:00:00,28.0,55,2.1,300,413,17,397
1997-06-17 14:00:00,29.0,48,2.6,330,605,120,494
1997-06-17 15:00:00,30.0,43,2.1,360,301,116,203
1997-06-17 16:00:00,31.0,38,1.0,40,314,52,277
1997-06-17 17:00:00,28.0,45,2.1,70,255,32,237
1997-06-17 18:00:00,27.0,58,5.1,100,167,116,123
1997-06-17 19:00:00,25.0,65,5.1,90,116,25,111
1997-06-17 20:00:00,24.0,65,4.6,90,9,0,9
1997-06-17 21:00:00,22.0,73,5.1,100,0,0,0
1997-06-17 22:00:00,20.6,80,4.7,140,0,0,0
1997-06-17 23:00:00,20.0,84,4.3,160,0,0,0
1997-06-18 00:00:00,19.6,82,3.9,200,0,0,0
1997-06-18 01:00:00,19.0,85,3.7,240,0,0,0
1997-06-18 02:00:00,19.6,82,3.3,270,0,0,0
1997-06-18 03:00:00,19.0,86,2.9,300,0,0,0
1997-06-18 04:00:00,19.6,84,2.5,330,0,0,0
1997-06-18 05:00:00,19.0,88,2.1,10,0,0,0
1997-06-18 06:00:00,19.0,88,1.5,330,27,0,27
1997-06-18 07:00:00,19.0,88,1.5,350,68,0,68
1997-06-18 08:00:00,19.0,88,2.1,320,125,0,125
1997-06-18 09:00:00,19.0,88,2.1,320,151,0,151
1997-06-18 10:00:00,20.6,86,1.8,290,190,0,190
1997-06-18 11:00:00,22.0,83,1.5,260,218,0,218
1997-06-18 12:00:00,24.0,74,2.1,230,233,0,233
1997-06-18 13:00:00,24.0,78,1.5,200,282,0,282
1997-06-18 14:00:00,26.0,74,3.1,220,269,0,269
1997-06-18 15:00:00,27.0,74,3.1,170,338,60,287
1997-06-18 16:00:00,27.0,74,2.6,170,201,0,201
1997-06-18 17:00:00,25.0,83,4.1,160,149,0,149
1997-06-18 18:00:00,23.0,89,3.1,110,90,0,90
1997-06-18 19:00:00,22.1,94,1.6,50,36,0,36
1997-06-18 20:00:00,21.0,100,0.0,0,12,2,12
1997-06-18 21:00:00,21.0,94,0.0,0,0,0,0
1997-06-18 22:00:00,19.3,100,0.4,20,0,0,0
1997-06-18 23:00:00,17.8,100,1.4,50,0,0,0
1997-06-19 00:00:00,18.1,100,1.6,80,0,0,0
1997-06-19 01:00:00,18.2,100,1.8,120,0,0,0
1997-06-19 02:00:00,18.9,94,2.0,160,0,0,0
1997-06-19 03:00:00,19.2,89,3.0,220,0,0,0
1997-06-19 04:00:00,19.7,83,3.5,270,0,0,0
1997-06-19 05:00:00,20.0,79,4.1,330,0,0,0
1997-06-19 06:00:00,19.0,83,3.1,10,47,4,46
1997-06-19 07:00:00,20.0,78,3.6,40,158,101,127
1997-06-19 08:00:00,21.0,69,5.1,20,343,235,228
1997-06-19 09:00:00,22.2,62,5.1,360,422,266,248
1997-06-19 10:00:00,23.0,57,5.1,340,576,359,292
1997-06-19 11:00:00,24.0,57,5.1,310,824,526,356
1997-06-19 12:00:00,26.0,48,4.1,330,911,594,349
1997-06-19 13:00:00,27.0,42,5.1,340,923,597,351
1997-06-19 14:00:00,27.0,45,3.6,300,876,582,341
1997-06-19 15:00:00,28.0,45,3.6,320,682,422,330
1997-06-19 16:00:00,28.6,42,3.9,330,540,335,301
1997-06-19 17:00:00,29.0,40,4.1,340,411,342,219
1997-06-19 18:00:00,28.0,42,3.1,330,231,198,155
1997-06-19 19:00:00,26.0,54,1.5,350,89,60,77
1997-06-19 20:00:00,25.0,57,0.0,0,10,0,10
1997-06-19 21:00:00,23.0,65,0.0,0,0,0,0
1997-06-19 22:00:00,21.9,69,1.1,40,0,0,0
1997-06-19 23:00:00,21.3,76,0.8,50,0,0,0
1997-06-20 00:00:00,20.4,74,0.4,80,0,0,0
1997-06-20 01:00:00,19.5,83,0.5,60,0,0,0
1997-06-20 02:00:00,18.9,86,0.0,0,0,0,0
1997-06-20 03:00:00,18.4,88,0.3,40,0,0,0
1997-06-20 04:00:00,17.8,92,0.0,0,0,0,0
1997-06-20 05:00:00,17.0,95,0.0,0,0,0,0
1997-06-20 06:00:00,17.6,91,1.1,240,51,56,44
1997-06-20 07:00:00,19.0,88,2.1,300,149,91,121
1997-06-20 08:00:00,23.0,69,1.5,340,376,481,141
1997-06-20 09:00:00,24.0,65,2.1,20,412,162,306
1997-06-20 10:00:00,28.0,51,2.6,160,538,302,300
1997-06-20 11:00:00,29.0,52,2.6,170,456,111,357
1997-06-20 12:00:00,30.0,49,2.6,210,558,53,507
1997-06-20 13:00:00,31.0,46,2.6,240,313,55,261
1997-06-20 14:00:00,32.0,43,2.6,250,566,48,521
1997-06-20 15:00:00,31.0,46,2.6,280,365,0,365
1997-06-20 16:00:00,32.0,43,1.5,250,489,36,463
1997-06-20 17:00:00,31.7,46,2.3,230,299,151,215
1997-06-20 18:00:00,31.0,49,3.1,200,237,253,139
1997-06-20 19:00:00,29.0,55,2.6,200,106,80,90
1997-06-20 20:00:00,28.0,58,3.1,190,11,5,10
1997-06-20 21:00:00,27.0,62,3.1,180,0,0,0
1997-06-20 22:00:00,26.0,66,3.6,180,0,0,0
1997-06-20 23:00:00,25.0,70,4.6,200,0,0,0
1997-06-21 00:00:00,23.0,80,3.6,200,0,0,0
1997-06-21 01:00:00,22.9,81,4.6,180,0,0,0
1997-06-21 02:00:00,22.6,83,3.1,190,0,0,0
1997-06-21 03:00:00,22.1,81,4.1,210,0,0,0
1997-06-21 04:00:00,21.5,85,4.1,200,0,0,0
1997-06-21 05:00:00,21.0,88,2.6,200,0,0,0
1997-06-21 06:00:00,23.0,78,2.6,240,48,33,44
1997-06-21 07:00:00,23.0,83,1.5,280,150,165,99
1997-06-21 08:00:00,25.0,69,2.1,320,244,124,183
1997-06-21 09:00:00,26.0,70,0.0,0,333,59,294
1997-06-21 10:00:00,29.0,58,2.6,250,679,451,323
1997-06-21 11:00:00,29.0,62,2.6,260,720,437,331
1997-06-21 12:00:00,30.5,54,3.9,270,912,613,332
1997-06-21 13:00:00,32.0,46,5.1,270,785,481,325
1997-06-21 14:00:00,31.0,46,4.1,280,634,374,290
1997-06-21 15:00:00,34.0,41,4.1,270,722,482,318
1997-06-21 16:00:00,34.0,39,5.1,250,503,340,260
1997-06-21 17:00:00,33.0,41,4.1,250,393,365,189
1997-06-21 18:00:00,33.0,41,3.6,220,260,305,143
1997-06-21 19:00:00,32.0,46,3.1,220,103,156,71
1997-06-21 20:00:00,30.0,52,3.1,200,11,3,10
1997-06-21 21:00:00,28.0,58,3.1,190,0,0,0
1997-06-21 22:00:00,27.1,59,3.5,180,0,0,0
1997-06-21 23:00:00,26.2,62,3.4,180,0,0,0
1997-06-22 00:00:00,24.4,71,2.2,190,0,0,0
1997-06-22 01:00:00,25.5,63,1.6,190,0,0,0
1997-06-22 02:00:00,24.5,72,1.5,190,0,0,0
1997-06-22 03:00:00,23.6,72,2.4,200,0,0,0
1997-06-22 04:00:00,22.8,77,1.2,200,0,0,0
1997-06-22 05:00:00,20.9,87,0.6,210,0,0,0
1997-06-22 06:00:00,23.0,78,1.5,210,46,36,41
1997-06-22 07:00:00,24.0,74,3.1,220,173,122,135
1997-06-22 08:00:00,26.0,65,3.1,240,371,451,151
1997-06-22 09:00:00,28.0,66,3.6,270,442,284,257
1997-06-22 10:00:00,29.0,62,5.1,300,406,84,339
1997-06-22 11:00:00,29.0,62,5.1,250,634,93,551
1997-06-22 12:00:00,30.0,59,5.1,310,750,261,503
1997-06-22 13:00:00,25.0,83,3.6,240,280,0,280
1997-06-22 14:00:00,29.0,66,5.7,280,444,42,406
1997-06-22 15:00:00,29.1,64,5.1,280,597,63,544
1997-06-22 16:00:00,29.0,62,5.7,300,387,34,363
1997-06-22 17:00:00,29.0,62,4.1,290,193,46,167
1997-06-22 18:00:00,30.0,52,4.1,320,108,18,101
1997-06-22 19:00:00,29.0,55,3.1,340,82,98,62
1997-06-22 20:00:00,28.0,55,1.5,350,11,9,10
1997-06-22 21:00:00,25.0,61,1.5,350,0,0,0
1997-06-22 22:00:00,23.9,68,1.0,230,0,0,0
1997-06-22 23:00:00,22.8,71,1.0,190,0,0,0
1997-06-23 00:00:00,21.6,70,1.1,100,0,0,0
1997-06-23 01:00:00,21.5,66,1.3,360,0,0,0
1997-06-23 02:00:00,20.4,66,1.3,300,0,0,0
1997-06-23 03:00:00,19.3,73,0.0,0,0,0,0
1997-06-23 04:00:00,19.1,67,0.0,0,0,0,0
1997-06-23 05:00:00,18.0,72,0.0,0,0,0,0
1997-06-23 06:00:00,18.0,73,1.5,350,48,74,39
1997-06-23 07:00:00,19.0,78,1.5,340,175,203,112
1997-06-23 08:00:00,23.0,61,1.5,330,381,460,157
1997-06-23 09:00:00,27.0,51,2.6,320,502,447,211
1997-06-23 10:00:00,28.0,42,2.6,310,636,425,301
1997-06-23 11:00:00,28.0,45,2.6,300,722,505,272
1997-06-23 12:00:00,30.0,35,5.1,290,722,396,348
1997-06-23 13:00:00,31.0,38,3.1,310,746,372,390
1997-06-23 14:00:00,32.0,31,4.1,320,521,197,340
1997-06-23 15:00:00,32.0,29,5.1,310,314,2,312
1997-06-23 16:00:00,33.0,28,3.1,340,293,0,292
1997-06-23 17:00:00,32.0,31,5.7,350,390,270,238
1997-06-23 18:00:00,29.0,37,4.1,360,264,379,117
1997-06-23 19:00:00,28.1,38,3.1,20,85,123,60
1997-06-23 20:00:00,27.0,39,2.1,30,11,14,10
1997-06-23 21:00:00,27.0,39,1.5,30,0,0,0
1997-06-23 22:00:00,25.5,43,1.5,30,0,0,0
1997-06-23 23:00:00,24.0,51,0.3,50,0,0,0
1997-06-24 00:00:00,22.5,56,0.8,70,0,0,0
1997-06-24 01:00:00,20.1,65,0.2,360,0,0,0
1997-06-24 02:00:00,19.5,69,0.2,350,0,0,0
1997-06-24 03:00:00,18.0,71,0.1,360,0,0,0
1997-06-24 04:00:00,17.6,73,0.0,0,0,0,0
1997-06-24 05:00:00,18.0,72,0.0,0,0,3,0
1997-06-24 06:00:00,18.0,73,1.5,360,64,222,36
1997-06-24 07:00:00,21.0,64,0.0,0,226,519,68
1997-06-24 08:00:00,24.0,61,1.5,310,423,674,96
1997-06-24 09:00:00,27.0,51,2.6,250,613,760,119
1997-06-24 10:00:00,28.0,51,3.6,240,775,812,136
1997-06-24 11:00:00,30.0,46,3.1,260,895,842,147
1997-06-24 12:00:00,32.0,41,3.1,250,754,585,201
1997-06-24 13:00:00,33.0,38,5.1,260,875,646,257
1997-06-24 14:00:00,33.0,38,5.7,270,850,682,223
1997-06-24 15:00:00,33.0,38,4.1,270,717,598,217
1997-06-24 16:00:00,34.0,36,3.1,280,659,625,211
1997-06-24 17:00:00,33.0,38,3.6,270,450,499,170
1997-06-24 18:00:00,32.0,38,4.1,270,313,601,81
1997-06-24 19:00:00,31.6,41,3.1,260,129,378,51
1997-06-24 20:00:00,31.0,43,2.1,250,13,48,10
1997-06-24 21:00:00,29.0,52,2.1,260,0,0,0
1997-06-24 22:00:00,28.5,52,2.8,270,0,0,0
1997-06-24 23:00:00,27.0,56,2.9,290,0,0,0
1997-06-25 00:00:00,26.5,58,3.2,300,0,0,0
1997-06-25 01:00:00,25.0,62,2.4,310,0,0,0
1997-06-25 02:00:00,24.5,68,3.5,320,0,0,0
1997-06-25 03:00:00,24.0,69,3.2,340,0,0,0
1997-06-25 04:00:00,22.5,75,0.0,0,0,0,0
1997-06-25 05:00:00,21.0,79,0.0,0,0,0,0
1997-06-25 06:00:00,23.0,69,1.5,310,50,65,42
1997-06-25 07:00:00,25.0,65,1.5,250,167,243,93
1997-06-25 08:00:00,27.0,62,1.5,200,340,404,144
1997-06-25 09:00:00,30.0,52,2.6,240,538,511,206
1997-06-25 10:00:00,31.0,49,5.1,270,660,537,237
1997-06-25 11:00:00,33.0,44,6.2,290,415,39,380
1997-06-25 12:00:00,33.0,46,7.7,290,486,55,434
1997-06-25 13:00:00,33.6,47,6.4,280,654,84,573
1997-06-25 14:00:00,34.0,47,5.1,260,492,93,406
1997-06-25 15:00:00,35.0,42,6.7,270,750,543,295
1997-06-25 16:00:00,35.0,39,6.2,280,445,191,308
1997-06-25 17:00:00,35.0,42,5.1,270,298,102,241
1997-06-25 18:00:00,33.6,45,4.4,270,235,299,119
1997-06-25 19:00:00,32.0,49,3.6,270,110,209,67
1997-06-25 20:00:00,30.2,56,2.9,280,11,7,11
1997-06-25 21:00:00,29.0,62,2.1,290,0,0,0
1997-06-25 22:00:00,28.0,67,2.0,300,0,0,0
1997-06-25 23:00:00,27.0,67,0.8,310,0,0,0
1997-06-26 00:00:00,26.0,68,0.0,0,0,0,0
1997-06-26 01:00:00,26.0,74,1.6,320,0,0,0
1997-06-26 02:00:00,25.0,79,1.4,330,0,0,0
1997-06-26 03:00:00,24.0,80,0.3,340,0,0,0
1997-06-26 04:00:00,23.0,86,0.6,350,0,0,0
1997-06-26 05:00:00,23.0,87,0.0,0,0,2,0
1997-06-26 06:00:00,25.0,78,2.1,330,37,18,35
1997-06-26 07:00:00,27.0,70,2.6,300,72,49,57
1997-06-26 08:00:00,28.0,66,4.6,270,270,223,162
1997-06-26 09:00:00,30.0,52,5.1,270,522,523,182
1997-06-26 10:00:00,31.0,46,6.7,300,738,714,177
1997-06-26 11:00:00,30.0,33,4.1,320,365,58,312
1997-06-26 12:00:00,30.0,41,4.1,290,562,85,481
1997-06-26 13:00:00,30.0,52,5.1,300,354,0,354
1997-06-26 14:00:00,26.0,74,4.1,270,271,0,271
1997-06-26 15:00:00,24.0,83,2.6,270,244,0,244
1997-06-26 16:00:00,24.0,89,2.6,260,204,0,204
1997-06-26 17:00:00,24.0,94,2.6,290,153,0,153
1997-06-26 18:00:00,23.0,89,4.1,310,95,0,95
1997-06-26 19:00:00,22.0,83,3.1,320,50,39,42
1997-06-26 20:00:00,22.0,83,1.5,320,11,22,9
1997-06-26 21:00:00,21.0,83,2.6,320,0,0,0
1997-06-26 22:00:00,20.5,80,2.0,280,0,0,0
1997-06-26 23:00:00,19.0,83,1.3,210,0,0,0
1997-06-27 00:00:00,18.5,85,1.2,180,0,0,0
1997-06-27 01:00:00,18.0,100,1.1,190,0,0,0
1997-06-27 02:00:00,17.5,91,0.9,150,0,0,0
1997-06-27 03:00:00,17.0,100,0.8,100,0,0,0
1997-06-27 04:00:00,16.5,97,0.1,30,0,0,0
1997-06-27 05:00:00,16.0,100,0.0,0,0,0,0
1997-06-27 06:00:00,17.0,94,0.0,0,48,37,44
1997-06-27 07:00:00,19.9,81,0.8,360,178,242,104
1997-06-27 08:00:00,23.0,69,1.5,360,394,522,142
1997-06-27 09:00:00,24.0,50,5.1,360,554,530,211
1997-06-27 10:00:00,26.0,39,3.1,360,728,603,254
1997-06-27 11:00:00,27.0,37,5.1,360,781,552,292
1997-06-27 12:00:00,27.0,32,3.1,320,950,754,237
1997-06-27 13:00:00,28.0,30,2.6,270,963,758,239
1997-06-27 14:00:00,29.0,29,2.6,310,918,746,233
1997-06-27 15:00:00,29.0,29,2.6,270,818,716,218
1997-06-27 16:00:00,29.0,33,2.6,160,669,663,195
1997-06-27 17:00:00,28.7,35,2.6,80,485,577,161
1997-06-27 18:00:00,28.0,37,2.6,30,286,435,117
1997-06-27 19:00:00,28.0,37,1.5,350,110,206,68
1997-06-27 20:00:00,26.0,42,0.0,0,11,7,11
1997-06-27 21:00:00,24.0,50,0.0,0,0,0,0
1997-06-27 22:00:00,22.3,52,0.2,10,0,0,0
1997-06-27 23:00:00,21.5,55,0.4,120,0,0,0
1997-06-28 00:00:00,20.8,58,0.0,0,0,0,0
1997-06-28 01:00:00,20.0,58,0.0,0,0,0,0
1997-06-28 02:00:00,18.3,65,0.0,0,0,0,0
1997-06-28 03:00:00,17.5,73,1.1,50,0,0,0
1997-06-28 04:00:00,16.8,77,0.0,0,0,0,0
1997-06-28 05:00:00,15.0,87,0.0,0,0,1,0
1997-06-28 06:00:00,16.6,84,0.0,0,57,151,38
1997-06-28 07:00:00,19.0,73,0.0,0,213,446,78
1997-06-28 08:00:00,21.4,65,0.0,0,352,435,142
1997-06-28 09:00:00,24.0,57,0.0,0,572,583,195
1997-06-28 10:00:00,25.6,49,1.1,160,695,515,290
1997-06-28 11:00:00,27.0,42,2.1,110,687,346,381
1997-06-28 12:00:00,28.0,40,2.1,50,587,281,322
1997-06-28 13:00:00,28.0,40,3.1,350,839,553,310
1997-06-28 14:00:00,30.0,35,1.5,350,590,323,293
1997-06-28 15:00:00,31.1,31,2.1,270,747,472,351
1997-06-28 16:00:00,32.0,28,2.6,180,589,395,306
1997-06-28 17:00:00,32.0,29,1.5,200,344,322,163
1997-06-28 18:00:00,31.0,33,2.6,210,298,431,130
1997-06-28 19:00:00,29.0,37,3.6,210,104,81,87
1997-06-28 20:00:00,26.0,42,2.1,220,11,6,11
1997-06-28 21:00:00,25.0,47,1.5,190,0,0,0
1997-06-28 22:00:00,24.0,54,1.3,130,0,0,0
1997-06-28 23:00:00,23.0,54,1.0,70,0,0,0
1997-06-29 00:00:00,21.0,61,0.8,10,0,0,0
1997-06-29 01:00:00,20.0,66,0.6,20,0,0,0
1997-06-29 02:00:00,20.0,67,0.3,40,0,0,0
1997-06-29 03:00:00,19.0,71,0.1,50,0,0,0
1997-06-29 04:00:00,19.0,72,0.0,0,0,0,0
1997-06-29 05:00:00,18.0,77,0.0,0,0,0,0
1997-06-29 06:00:00,18.0,77,0.0,0,47,20,44
1997-06-29 07:00:00,20.0,73,0.0,0,142,129,104
1997-06-29 08:00:00,23.0,65,0.0,0,327,312,177
1997-06-29 09:00:00,25.0,57,1.5,280,551,327,339
1997-06-29 10:00:00,28.0,42,3.6,190,448,151,330
1997-06-29 11:00:00,27.0,42,2.6,300,768,397,416
1997-06-29 12:00:00,28.0,30,3.1,200,601,237,377
1997-06-29 13:00:00,29.0,37,4.1,200,728,372,372
1997-06-29 14:00:00,31.0,29,5.1,180,623,211,428
1997-06-29 15:00:00,31.0,31,4.1,200,625,285,387
1997-06-29 16:00:00,31.0,27,4.1,190,491,257,307
1997-06-29 17:00:00,30.0,27,3.1,180,354,80,308
1997-06-29 18:00:00,30.0,31,5.1,190,190,150,132
1997-06-29 19:00:00,27.0,30,3.1,190,89,60,77
1997-06-29 20:00:00,26.0,32,2.1,190,11,0,11
1997-06-29 21:00:00,24.0,41,2.1,180,0,0,0
1997-06-29 22:00:00,22.1,51,3.1,40,0,0,0
1997-06-29 23:00:00,22.0,53,3.8,320,0,0,0
1997-06-30 00:00:00,21.1,58,3.4,260,0,0,0
1997-06-30 01:00:00,21.0,59,3.4,240,0,0,0
1997-06-30 02:00:00,20.1,64,1.9,220,0,0,0
1997-06-30 03:00:00,20.0,67,0.9,190,0,0,0
1997-06-30 04:00:00,19.1,73,1.1,90,0,0,0
1997-06-30 05:00:00,18.0,80,0.0,0,0,0,0
1997-06-30 06:00:00,18.0,83,0.0,0,33,9,32
1997-06-30 07:00:00,20.0,78,0.0,0,69,25,61
1997-06-30 08:00:00,21.0,78,1.5,300,201,52,176
1997-06-30 09:00:00,22.0,73,2.6,230,330,15,320
1997-06-30 10:00:00,24.0,65,2.6,180,343,48,305
1997-06-30 11:00:00,28.0,51,1.5,200,301,51,255
1997-06-30 12:00:00,28.0,45,3.6,220,581,27,555
1997-06-30 13:00:00,29.6,40,3.9,200,643,94,553
1997-06-30 14:00:00,31.0,36,4.1,180,473,0,473
1997-06-30 15:00:00,30.0,38,5.1,210,528,139,411
1997-06-30 16:00:00,31.0,36,3.6,200,330,98,259
1997-06-30 17:00:00,29.0,43,4.1,180,270,125,199
1997-06-30 18:00:00,28.0,48,4.1,180,195,48,176
1997-06-30 19:00:00,27.0,51,5.1,200,73,41,65
1997-06-30 20:00:00,24.0,61,4.1,190,10,3,10
1997-06-30 21:00:00,24.0,61,3.1,190,0,0,0
1997-06-30 22:00:00,23.9,67,3.0,180,0,0,0
1997-06-30 23:00:00,23.9,69,2.9,200,0,0,0
1997-07-01 00:00:00,23.8,71,2.8,190,0,0,0
1991-07-01 01:00:00,23.7,52,2.6,210,0,0,0
1991-07-01 02:00:00,23.6,56,2.5,280,0,0,0
1991-07-01 03:00:00,23.6,57,2.4,340,0,0,0
1991-07-01 04:00:00,23.5,63,2.3,350,0,0,0
1991-07-01 05:00:00,23.2,64,2.7,350,0,0,0
1991-07-01 06:00:00,22.8,66,3.1,360,29,0,29
1991-07-01 07:00:00,23.3,64,3.1,360,64,0,64
1991-07-01 08:00:00,23.3,66,5.1,60,113,0,113
1991-07-01 09:00:00,22.8,68,4.1,30,169,0,169
1991-07-01 10:00:00,22.8,68,4.1,80,217,0,217
1991-07-01 11:00:00,23.9,66,4.1,100,252,0,252
1991-07-01 12:00:00,24.4,62,2.6,90,272,0,272
1991-07-01 13:00:00,25.6,60,4.1,150,231,35,197
1991-07-01 14:00:00,26.1,60,3.6,130,347,25,323
1991-07-01 15:00:00,28.3,55,4.1,180,439,72,378
1991-07-01 16:00:00,28.9,49,4.1,170,367,77,312
1991-07-01 17:00:00,28.3,51,3.1,220,483,540,178
1991-07-01 18:00:00,28.3,55,4.6,180,272,285,161
1991-07-01 19:00:00,27.8,58,4.1,190,109,130,82
1991-07-01 20:00:00,26.7,62,4.1,140,10,0,10
1991-07-01 21:00:00,25.6,71,3.1,170,0,0,0
1991-07-01 22:00:00,24.1,79,3.0,170,0,0,0
1991-07-01 23:00:00,24.6,78,3.9,150,0,0,0
1991-07-02 00:00:00,26.0,73,2.2,120,0,0,0
1991-07-02 01:00:00,25.5,81,1.6,90,0,0,0
1991-07-02 02:00:00,24.0,90,0.0,0,0,0,0
1991-07-02 03:00:00,23.5,88,1.8,60,0,0,0
1991-07-02 04:00:00,22.9,92,1.7,40,0,0,0
1991-07-02 05:00:00,23.4,91,2.2,10,0,0,0
1991-07-02 06:00:00,23.9,84,0.0,0,53,5,53
1991-07-02 07:00:00,25.6,76,3.6,180,99,0,99
1991-07-02 08:00:00,26.7,74,3.6,200,205,46,183
1991-07-02 09:00:00,27.2,72,3.1,180,342,45,313
1991-07-02 10:00:00,27.2,72,4.1,180,411,103,330
1991-07-02 11:00:00,27.2,72,2.6,180,375,162,231
1991-07-02 12:00:00,28.9,65,3.6,170,764,144,628
1991-07-02 13:00:00,30.0,61,3.1,110,476,97,383
1991-07-02 14:00:00,30.6,59,4.1,100,388,111,286
1991-07-02 15:00:00,28.9,65,7.2,160,365,76,301
1991-07-02 16:00:00,28.3,72,5.1,160,303,76,249
1991-07-02 17:00:00,26.1,82,5.1,110,278,99,223
1991-07-02 18:00:00,27.2,82,4.1,200,171,42,155
1991-07-02 19:00:00,27.2,72,3.6,180,59,26,53
1991-07-02 20:00:00,25.6,76,0.0,0,12,1,12
1991-07-02 21:00:00,25.0,79,0.0,0,0,0,0
1991-07-02 22:00:00,23.9,84,0.0,0,0,0,0
1991-07-02 23:00:00,22.3,92,0.0,0,0,0,0
1991-07-03 00:00:00,21.6,90,0.0,0,0,0,0
1991-07-03 01:00:00,22.0,93,0.1,190,0,0,0
1991-07-03 02:00:00,21.3,97,0.0,0,0,0,0
1991-07-03 03:00:00,21.7,89,0.0,0,0,0,0
1991-07-03 04:00:00,22.1,92,0.0,0,0,0,0
1991-07-03 05:00:00,20.4,100,0.0,0,0,0,0
1991-07-03 06:00:00,22.8,87,0.0,0,33,11,32
1991-07-03 07:00:00,22.8,90,3.1,360,57,23,50
1991-07-03 08:00:00,23.9,88,3.1,360,340,413,143
1991-07-03 09:00:00,25.6,76,2.1,250,273,32,252
1991-07-03 10:00:00,25.6,76,2.6,310,367,7,361
1991-07-03 11:00:00,26.7,71,3.1,310,351,98,265
1991-07-03 12:00:00,26.7,69,3.6,320,550,33,519
1991-07-03 13:00:00,26.7,71,3.1,280,518,126,398
1991-07-03 14:00:00,27.8,65,3.6,300,465,98,374
1991-07-03 15:00:00,29.4,57,0.0,0,742,567,267
1991-07-03 16:00:00,29.4,53,3.6,220,374,88,311
1991-07-03 17:00:00,29.4,53,4.1,250,289,77,246
1991-07-03 18:00:00,28.9,53,3.1,300,222,42,206
1991-07-03 19:00:00,27.8,69,4.1,100,92,65,79
1991-07-03 20:00:00,26.1,74,3.1,110,13,6,12
1991-07-03 21:00:00,25.0,79,3.1,100,0,0,0
1991-07-03 22:00:00,24.0,81,4.0,110,0,0,0
1991-07-03 23:00:00,23.0,83,1.3,110,0,0,0
1991-07-04 00:00:00,23.1,80,1.7,50,0,0,0
1991-07-04 01:00:00,22.1,87,2.1,340,0,0,0
1991-07-04 02:00:00,22.1,95,3.1,60,0,0,0
1991-07-04 03:00:00,22.1,91,4.0,70,0,0,0
1991-07-04 04:00:00,22.2,88,5.4,290,0,0,0
1991-07-04 05:00:00,22.2,85,4.3,230,0,0,0
1991-07-04 06:00:00,22.2,82,6.2,100,25,0,25
1991-07-04 07:00:00,21.1,93,4.1,100,51,0,51
1991-07-04 08:00:00,21.1,93,4.1,100,117,0,117
1991-07-04 09:00:00,21.7,87,3.1,70,145,0,145
1991-07-04 10:00:00,22.8,81,5.1,90,184,0,184
1991-07-04 11:00:00,25.0,62,5.1,100,253,0,253
1991-07-04 12:00:00,23.9,76,3.1,210,273,0,273
1991-07-04 13:00:00,25.0,71,7.2,180,277,0,277
1991-07-04 14:00:00,23.3,76,5.1,90,222,0,222
1991-07-04 15:00:00,23.9,76,5.1,120,200,0,200
1991-07-04 16:00:00,23.3,79,5.1,170,198,0,198
1991-07-04 17:00:00,22.8,81,5.1,140,146,0,146
1991-07-04 18:00:00,22.8,84,2.6,120,89,0,89
1991-07-04 19:00:00,22.2,87,3.1,110,38,0,38
1991-07-04 20:00:00,21.7,90,2.6,120,6,0,6
1991-07-04 21:00:00,21.7,87,2.1,110,0,0,0
1991-07-04 22:00:00,20.1,95,1.3,150,0,0,0
1991-07-04 23:00:00,21.6,82,1.9,200,0,0,0
1991-07-05 00:00:00,21.0,74,2.3,200,0,0,0
1991-07-05 01:00:00,22.4,64,1.7,200,0,0,0
1991-07-05 02:00:00,20.8,85,2.2,150,0,0,0
1991-07-05 03:00:00,21.3,87,1.0,110,0,0,0
1991-07-05 04:00:00,20.7,90,1.0,80,0,0,0
1991-07-05 05:00:00,21.1,87,1.5,60,0,0,0
1991-07-05 06:00:00,21.1,88,2.6,60,22,0,22
1991-07-05 07:00:00,21.1,90,3.6,60,49,0,49
1991-07-05 08:00:00,21.7,87,2.1,90,95,0,95
1991-07-05 09:00:00,21.7,87,0.0,0,119,0,119
1991-07-05 10:00:00,22.2,87,3.6,110,389,72,332
1991-07-05 11:00:00,22.2,87,0.0,0,176,0,176
1991-07-05 12:00:00,22.2,87,2.1,310,190,0,190
1991-07-05 13:00:00,22.8,87,3.1,280,193,0,193
1991-07-05 14:00:00,25.6,74,3.1,220,221,0,221
1991-07-05 15:00:00,26.7,69,2.6,180,534,146,412
1991-07-05 16:00:00,27.2,65,4.1,180,191,77,136
1991-07-05 17:00:00,27.8,65,5.1,180,191,57,159
1991-07-05 18:00:00,26.7,69,4.1,180,101,39,86
1991-07-05 19:00:00,26.1,74,3.1,160,43,0,43
1991-07-05 20:00:00,17.8,90,5.1,50,5,0,5
1991-07-05 21:00:00,20.6,87,4.6,120,0,0,0
1991-07-05 22:00:00,21.0,84,4.3,120,0,0,0
1991-07-05 23:00:00,20.3,93,5.0,160,0,0,0
1991-07-06 00:00:00,19.7,96,3.8,170,0,0,0
1991-07-06 01:00:00,19.1,99,3.5,160,0,0,0
1991-07-06 02:00:00,19.4,90,3.7,170,0,0,0
1991-07-06 03:00:00,19.8,82,3.4,190,0,0,0
1991-07-06 04:00:00,20.2,84,2.7,190,0,0,0
1991-07-06 05:00:00,18.5,99,1.3,180,0,0,0
1991-07-06 06:00:00,18.9,96,2.6,200,16,0,16
1991-07-06 07:00:00,19.4,97,3.1,180,78,0,78
1991-07-06 08:00:00,20.6,93,0.0,0,149,0,149
1991-07-06 09:00:00,23.9,79,3.6,200,218,0,218
1991-07-06 10:00:00,26.1,67,2.6,190,733,733,163
1991-07-06 11:00:00,27.2,65,3.1,210,355,115,253
1991-07-06 12:00:00,31.1,52,3.6,240,890,766,169
1991-07-06 13:00:00,32.8,44,4.9,240,760,512,272
1991-07-06 14:00:00,34.4,39,6.2,230,448,140,320
1991-07-06 15:00:00,33.9,36,5.1,250,445,8,438
1991-07-06 16:00:00,33.3,40,6.2,180,428,193,290
1991-07-06 17:00:00,33.3,40,5.1,190,467,599,131
1991-07-06 18:00:00,32.2,41,5.7,200,295,539,86
1991-07-06 19:00:00,30.0,50,5.1,120,52,38,44
1991-07-06 20:00:00,28.9,53,5.7,200,13,2,12
1991-07-06 21:00:00,27.8,58,5.1,220,0,0,0
1991-07-06 22:00:00,26.9,64,4.7,240,0,0,0
1991-07-06 23:00:00,25.0,71,4.1,260,0,0,0
1991-07-07 00:00:00,24.1,75,3.7,280,0,0,0
1991-07-07 01:00:00,24.2,79,3.1,300,0,0,0
1991-07-07 02:00:00,23.4,83,2.7,320,0,0,0
1991-07-07 03:00:00,22.5,83,2.1,340,0,0,0
1991-07-07 04:00:00,22.6,82,1.7,360,0,0,0
1991-07-07 05:00:00,22.7,82,1.1,20,0,0,0
1991-07-07 06:00:00,22.8,81,3.1,150,41,15,39
1991-07-07 07:00:00,24.4,76,2.6,180,154,163,107
1991-07-07 08:00:00,27.2,65,5.7,200,314,225,208
1991-07-07 09:00:00,28.9,61,6.7,230,509,381,265
1991-07-07 10:00:00,30.6,53,5.7,260,691,470,326
1991-07-07 11:00:00,32.2,50,3.6,270,832,576,325
1991-07-07 12:00:00,33.9,41,5.7,270,459,78,385
1991-07-07 13:00:00,22.8,76,4.1,90,394,67,330
1991-07-07 14:00:00,29.4,57,4.1,100,806,509,338
1991-07-07 15:00:00,30.1,55,4.4,100,750,472,356
1991-07-07 16:00:00,30.4,55,4.6,90,582,420,282
1991-07-07 17:00:00,30.6,56,4.9,90,419,316,242
1991-07-07 18:00:00,30.6,57,5.1,80,251,246,156
1991-07-07 19:00:00,29.4,61,2.1,110,74,12,71
1991-07-07 20:00:00,28.3,65,4.6,180,7,0,7
1991-07-07 21:00:00,26.7,67,4.1,160,0,0,0
1991-07-07 22:00:00,25.7,67,4.6,130,0,0,0
1991-07-07 23:00:00,23.7,71,4.9,80,0,0,0
1991-07-08 00:00:00,23.7,71,5.2,70,0,0,0
1991-07-08 01:00:00,23.7,71,4.2,80,0,0,0
1991-07-08 02:00:00,23.8,75,3.9,250,0,0,0
1991-07-08 03:00:00,23.8,71,3.5,330,0,0,0
1991-07-08 04:00:00,22.8,80,1.7,60,0,0,0
1991-07-08 05:00:00,23.8,71,1.3,40,0,0,0
1991-07-08 06:00:00,22.8,76,3.6,250,38,1,38
1991-07-08 07:00:00,23.9,71,3.6,200,93,0,93
1991-07-08 08:00:00,23.3,76,1.8,280,146,0,146
1991-07-08 09:00:00,23.9,74,0.0,0,168,0,168
1991-07-08 10:00:00,27.2,67,4.1,180,456,267,249
1991-07-08 11:00:00,26.7,67,3.1,270,253,0,253
1991-07-08 12:00:00,28.3,63,4.1,260,274,0,274
1991-07-08 13:00:00,30.3,52,6.1,270,651,174,485
1991-07-08 14:00:00,32.2,42,8.2,280,665,276,412
1991-07-08 15:00:00,31.1,47,5.7,290,566,173,421
1991-07-08 16:00:00,31.1,45,5.1,300,489,323,258
1991-07-08 17:00:00,30.0,50,8.2,300,306,112,243
1991-07-08 18:00:00,28.9,54,6.1,290,133,27,122
1991-07-08 19:00:00,27.2,61,4.1,280,54,0,54
1991-07-08 20:00:00,26.1,62,4.6,260,10,0,10
1991-07-08 21:00:00,25.6,64,3.6,250,0,0,0
1991-07-08 22:00:00,24.6,67,4.1,270,0,0,0
1991-07-08 23:00:00,23.6,74,4.0,240,0,0,0
1991-07-09 00:00:00,23.7,73,4.5,250,0,0,0
1991-07-09 01:00:00,23.7,72,4.4,270,0,0,0
1991-07-09 02:00:00,21.7,86,2.8,290,0,0,0
1991-07-09 03:00:00,22.7,79,3.8,270,0,0,0
1991-07-09 04:00:00,20.7,88,3.8,330,0,0,0
1991-07-09 05:00:00,20.8,81,3.2,360,0,0,0
1991-07-09 06:00:00,20.8,80,2.6,340,40,22,38
1991-07-09 07:00:00,22.8,61,3.6,330,170,185,117
1991-07-09 08:00:00,22.8,57,4.1,330,285,235,175
1991-07-09 09:00:00,23.9,51,4.1,330,515,495,201
1991-07-09 10:00:00,25.6,42,6.7,340,662,473,295
1991-07-09 11:00:00,27.2,41,6.2,300,376,80,305
1991-07-09 12:00:00,26.7,39,7.2,300,511,119,399
1991-07-09 13:00:00,27.8,40,4.1,280,377,64,316
1991-07-09 14:00:00,28.9,36,5.7,320,495,147,360
1991-07-09 15:00:00,30.0,32,5.1,350,443,105,355
1991-07-09 16:00:00,29.2,34,5.1,350,387,33,363
1991-07-09 17:00:00,28.3,37,5.1,350,176,0,176
1991-07-09 18:00:00,27.2,38,4.6,350,121,0,121
1991-07-09 19:00:00,26.7,39,3.6,340,67,0,67
1991-07-09 20:00:00,25.0,45,3.1,340,9,0,9
1991-07-09 21:00:00,23.9,50,2.6,350,0,0,0
1991-07-09 22:00:00,22.8,58,2.5,290,0,0,0
1991-07-09 23:00:00,22.8,55,3.9,250,0,0,0
1991-07-10 00:00:00,19.7,67,3.3,170,0,0,0
1991-07-10 01:00:00,21.6,60,4.7,260,0,0,0
1991-07-10 02:00:00,19.5,70,3.5,160,0,0,0
1991-07-10 03:00:00,18.4,76,3.4,120,0,0,0
1991-07-10 04:00:00,17.4,81,3.3,70,0,0,0
1991-07-10 05:00:00,18.3,78,0.0,0,0,0,0
1991-07-10 06:00:00,18.3,76,3.1,110,32,5,32
1991-07-10 07:00:00,20.6,63,0.0,0,163,23,157
1991-07-10 08:00:00,18.3,81,3.1,100,224,54,199
1991-07-10 09:00:00,22.2,61,0.0,0,276,14,267
1991-07-10 10:00:00,23.9,57,7.7,340,294,64,244
1991-07-10 11:00:00,24.4,54,3.1,240,686,232,482
1991-07-10 12:00:00,25.0,52,3.1,200,628,56,575
1991-07-10 13:00:00,26.1,45,5.1,180,403,83,323
1991-07-10 14:00:00,25.0,54,5.1,180,600,239,381
1991-07-10 15:00:00,25.0,54,5.1,200,401,200,234
1991-07-10 16:00:00,24.4,58,4.1,200,312,79,255
1991-07-10 17:00:00,25.0,62,5.7,210,204,66,167
1991-07-10 18:00:00,24.4,67,5.1,190,238,228,151
1991-07-10 19:00:00,24.4,71,4.6,200,85,57,73
1991-07-10 20:00:00,23.3,74,4.6,200,9,0,9
1991-07-10 21:00:00,22.2,79,5.1,200,0,0,0
1991-07-10 22:00:00,19.5,100,5.1,170,0,0,0
1991-07-10 23:00:00,17.9,100,4.0,160,0,0,0
1991-07-11 00:00:00,18.2,99,2.7,130,0,0,0
1991-07-11 01:00:00,17.5,100,3.8,150,0,0,0
1991-07-11 02:00:00,15.9,100,4.8,110,0,0,0
1991-07-11 03:00:00,16.2,100,0.8,70,0,0,0
1991-07-11 04:00:00,16.5,100,1.9,20,0,0,0
1991-07-11 05:00:00,16.9,100,1.0,20,0,0,0
1991-07-11 06:00:00,17.2,97,0.0,0,39,14,38
1991-07-11 07:00:00,17.8,93,0.0,0,43,0,43
1991-07-11 08:00:00,18.3,100,0.0,0,84,0,84
1991-07-11 09:00:00,22.2,73,2.6,330,219,0,219
1991-07-11 10:00:00,25.1,51,3.9,330,678,597,217
1991-07-11 11:00:00,27.8,37,5.1,330,884,870,122
1991-07-11 12:00:00,28.3,38,4.1,290,893,749,191
1991-07-11 13:00:00,28.3,36,5.1,300,918,739,215
1991-07-11 14:00:00,31.1,35,5.7,30,880,741,201
1991-07-11 15:00:00,29.4,36,4.6,330,782,769,140
1991-07-11 16:00:00,29.4,37,4.1,360,637,691,145
1991-07-11 17:00:00,29.8,36,4.4,360,492,617,148
1991-07-11 18:00:00,30.0,36,4.6,360,290,485,104
1991-07-11 19:00:00,28.3,43,4.1,20,121,322,57
1991-07-11 20:00:00,26.7,47,3.6,30,10,29,8
1991-07-11 21:00:00,25.6,50,3.1,10,0,0,0
1991-07-11 22:00:00,24.9,55,2.3,50,0,0,0
1991-07-11 23:00:00,23.2,61,2.7,70,0,0,0
1991-07-12 00:00:00,21.5,67,1.5,70,0,0,0
1991-07-12 01:00:00,21.8,65,1.9,120,0,0,0
1991-07-12 02:00:00,20.1,72,2.2,170,0,0,0
1991-07-12 03:00:00,19.4,70,2.6,220,0,0,0
1991-07-12 04:00:00,18.7,72,2.9,260,0,0,0
1991-07-12 05:00:00,18.0,75,4.8,60,0,0,0
1991-07-12 06:00:00,18.3,78,3.6,360,37,29,34
1991-07-12 07:00:00,21.1,66,3.1,360,131,88,106
1991-07-12 08:00:00,22.8,64,2.6,340,251,147,182
1991-07-12 09:00:00,25.1,55,2.4,50,382,192,260
1991-07-12 10:00:00,27.2,47,2.1,120,367,126,270
1991-07-12 11:00:00,28.3,49,3.6,190,469,91,389
1991-07-12 12:00:00,30.6,43,5.1,180,660,168,502
1991-07-12 13:00:00,29.4,50,4.6,200,582,95,491
1991-07-12 14:00:00,29.4,48,5.1,210,558,100,466
1991-07-12 15:00:00,27.8,58,5.1,180,393,125,289
1991-07-12 16:00:00,27.8,60,6.7,180,280,59,237
1991-07-12 17:00:00,26.7,67,0.5,190,384,223,259
1991-07-12 18:00:00,26.1,72,3.6,140,117,23,108
1991-07-12 19:00:00,25.0,71,5.7,180,113,10,111
1991-07-12 20:00:00,24.4,76,6.7,180,9,0,9
1991-07-12 21:00:00,23.7,81,6.2,180,0,0,0
1991-07-12 22:00:00,23.0,86,5.8,180,0,0,0
1991-07-12 23:00:00,22.6,88,5.3,190,0,0,0
1991-07-13 00:00:00,22.2,91,4.9,190,0,0,0
1991-07-13 01:00:00,22.1,92,4.4,190,0,0,0
1991-07-13 02:00:00,21.7,95,3.9,190,0,0,0
1991-07-13 03:00:00,21.7,96,3.5,190,0,0,0
1991-07-13 04:00:00,21.5,98,3.0,200,0,0,0
1991-07-13 05:00:00,21.5,99,2.6,200,0,0,0
1991-07-13 06:00:00,22.2,97,2.1,200,16,0,16
1991-07-13 07:00:00,22.8,94,3.1,210,38,0,38
1991-07-13 08:00:00,22.8,94,3.6,220,77,0,77
1991-07-13 09:00:00,24.4,88,3.6,210,117,0,117
1991-07-13 10:00:00,26.8,76,4.9,230,303,136,198
1991-07-13 11:00:00,28.9,67,6.2,250,601,364,283
1991-07-13 12:00:00,30.6,57,7.7,280,888,701,232
1991-07-13 13:00:00,32.8,49,6.7,270,774,505,294
1991-07-13 14:00:00,32.2,49,6.7,280,641,327,342
1991-07-13 15:00:00,33.0,43,8.5,280,778,681,211
1991-07-13 16:00:00,33.3,40,10.3,280,587,397,304
1991-07-13 17:00:00,32.2,42,7.7,280,494,583,169
1991-07-13 18:00:00,31.7,45,8.8,270,295,498,105
1991-07-13 19:00:00,30.0,48,7.2,270,100,235,53
1991-07-13 20:00:00,28.3,51,3.6,290,9,13,8
1991-07-13 21:00:00,26.1,58,2.6,270,0,0,0
1991-07-13 22:00:00,24.8,60,2.6,300,0,0,0
1991-07-13 23:00:00,25.6,62,3.2,340,0,0,0
1991-07-14 00:00:00,25.3,64,3.7,360,0,0,0
1991-07-14 01:00:00,24.0,70,3.2,10,0,0,0
1991-07-14 02:00:00,23.8,72,2.5,40,0,0,0
1991-07-14 03:00:00,22.5,74,3.6,80,0,0,0
1991-07-14 04:00:00,22.2,76,2.5,130,0,0,0
1991-07-14 05:00:00,22.0,74,2.8,60,0,0,0
1991-07-14 06:00:00,21.7,81,3.1,360,39,5,38
1991-07-14 07:00:00,22.2,79,3.1,360,156,278,79
1991-07-14 08:00:00,22.8,73,5.1,320,148,91,106
1991-07-14 09:00:00,23.9,66,6.2,330,170,53,137
1991-07-14 10:00:00,25.0,60,4.6,360,700,602,237
1991-07-14 11:00:00,26.7,52,6.2,360,707,546,230
1991-07-14 12:00:00,27.8,51,7.2,320,696,449,275
1991-07-14 13:00:00,28.9,48,6.7,360,885,669,251
1991-07-14 14:00:00,28.9,46,7.7,360,352,103,258
1991-07-14 15:00:00,29.4,48,6.2,350,425,112,331
1991-07-14 16:00:00,29.2,47,5.6,350,656,571,250
1991-07-14 17:00:00,28.9,46,5.1,350,509,611,168
1991-07-14 18:00:00,27.8,49,4.1,340,277,418,118
1991-07-14 19:00:00,26.2,54,3.6,320,102,198,63
1991-07-14 20:00:00,24.4,60,3.1,300,9,9,8
1991-07-14 21:00:00,24.4,56,3.6,310,0,0,0
1991-07-14 22:00:00,23.4,60,3.2,280,0,0,0
1991-07-14 23:00:00,22.6,62,2.7,260,0,0,0
1991-07-15 00:00:00,22.0,64,2.2,230,0,0,0
1991-07-15 01:00:00,21.5,66,1.8,190,0,0,0
1991-07-15 02:00:00,21.0,69,1.4,170,0,0,0
1991-07-15 03:00:00,20.6,70,0.9,140,0,0,0
1991-07-15 04:00:00,20.2,72,0.5,110,0,0,0
1991-07-15 05:00:00,19.8,73,0.0,0,0,0,0
1991-07-15 06:00:00,19.7,75,0.3,70,41,137,28
1991-07-15 07:00:00,20.6,68,0.0,0,197,487,63
1991-07-15 08:00:00,22.2,64,3.1,330,395,661,91
1991-07-15 09:00:00,24.4,56,3.1,350,590,756,115
1991-07-15 10:00:00,26.1,50,3.6,10,757,812,133
1991-07-15 11:00:00,26.7,49,4.1,20,861,789,172
1991-07-15 12:00:00,27.2,49,2.1,20,869,685,229
1991-07-15 13:00:00,27.8,49,0.0,0,886,729,195
1991-07-15 14:00:00,30.0,46,4.1,270,931,856,149
1991-07-15 15:00:00,28.9,49,3.1,310,834,834,141
1991-07-15 16:00:00,29.2,46,3.4,350,689,793,126
1991-07-15 17:00:00,29.4,43,3.8,30,507,722,106
1991-07-15 18:00:00,29.4,42,4.1,70,307,599,79
1991-07-15 19:00:00,27.8,47,3.1,80,120,364,49
1991-07-15 20:00:00,27.2,44,2.1,30,9,29,8
1991-07-15 21:00:00,25.8,48,1.9,30,0,0,0
1991-07-15 22:00:00,24.4,52,1.6,20,0,0,0
1991-07-15 23:00:00,23.4,55,1.4,20,0,0,0
1991-07-16 00:00:00,22.3,58,1.2,20,0,0,0
1991-07-16 01:00:00,21.5,60,0.9,10,0,0,0
1991-07-16 02:00:00,20.5,64,0.7,10,0,0,0
1991-07-16 03:00:00,19.8,67,0.5,10,0,0,0
1991-07-16 04:00:00,19.0,69,0.2,360,0,0,0
1991-07-16 05:00:00,18.3,73,0.0,0,0,0,0
1991-07-16 06:00:00,17.8,78,2.6,320,37,73,30
1991-07-16 07:00:00,21.7,61,0.0,0,181,377,77
1991-07-16 08:00:00,25.0,54,2.6,240,377,568,117
1991-07-16 09:00:00,26.1,54,3.1,260,574,677,150
1991-07-16 10:00:00,28.3,48,2.1,250,743,742,174
1991-07-16 11:00:00,29.4,42,2.1,190,870,780,190
1991-07-16 12:00:00,30.6,37,4.1,210,944,799,199
1991-07-16 13:00:00,31.7,36,3.1,150,960,803,201
1991-07-16 14:00:00,31.7,44,3.1,20,918,792,196
1991-07-16 15:00:00,32.8,47,2.6,190,819,764,184
1991-07-16 16:00:00,32.2,49,2.6,190,672,715,165
1991-07-16 17:00:00,32.2,47,3.1,140,488,633,137
1991-07-16 18:00:00,31.7,47,2.6,120,287,494,100
1991-07-16 19:00:00,30.4,46,3.9,150,107,250,59
1991-07-16 20:00:00,28.9,44,5.1,170,8,11,8
1991-07-16 21:00:00,27.2,49,2.6,170,0,0,0
1991-07-16 22:00:00,26.2,49,1.4,160,0,0,0
1991-07-16 23:00:00,25.2,52,1.3,170,0,0,0
1991-07-17 00:00:00,24.6,56,1.6,160,0,0,0
1991-07-17 01:00:00,24.2,60,1.9,140,0,0,0
1991-07-17 02:00:00,22.1,68,0.7,150,0,0,0
1991-07-17 03:00:00,21.1,73,2.1,130,0,0,0
1991-07-17 04:00:00,21.1,73,1.3,170,0,0,0
1991-07-17 05:00:00,21.1,73,2.3,220,0,0,0
1991-07-17 06:00:00,21.1,78,2.6,190,33,48,29
1991-07-17 07:00:00,23.3,69,4.1,200,179,380,76
1991-07-17 08:00:00,25.0,64,4.1,160,322,412,134
1991-07-17 09:00:00,26.7,60,4.6,180,516,554,170
1991-07-17 10:00:00,27.8,55,2.6,200,424,108,342
1991-07-17 11:00:00,29.4,50,4.1,280,772,571,275
1991-07-17 12:00:00,31.1,47,3.1,200,750,540,246
1991-07-17 13:00:00,32.2,41,8.2,200,930,767,204
1991-07-17 14:00:00,33.9,39,5.1,270,750,555,244
1991-07-17 15:00:00,33.3,41,2.6,260,754,692,180
1991-07-17 16:00:00,33.9,40,5.1,220,658,638,206
1991-07-17 17:00:00,34.4,39,4.6,210,445,502,167
1991-07-17 18:00:00,33.3,41,4.1,180,276,434,112
1991-07-17 19:00:00,31.1,47,6.2,180,103,200,64
1991-07-17 20:00:00,29.4,50,6.2,200,7,0,7
1991-07-17 21:00:00,28.3,51,5.1,200,0,0,0
1991-07-17 22:00:00,27.9,50,5.3,230,0,0,0
1991-07-17 23:00:00,27.5,55,2.9,130,0,0,0
1991-07-18 00:00:00,27.1,60,3.0,130,0,0,0
1991-07-18 01:00:00,25.7,62,5.8,280,0,0,0
1991-07-18 02:00:00,24.4,68,5.5,310,0,0,0
1991-07-18 03:00:00,24.0,70,3.6,160,0,0,0
1991-07-18 04:00:00,20.6,93,5.8,30,0,0,0
1991-07-18 05:00:00,23.2,76,5.4,350,0,0,0
1991-07-18 06:00:00,22.8,79,4.1,180,32,32,29
1991-07-18 07:00:00,24.4,74,3.1,180,173,276,98
1991-07-18 08:00:00,26.7,64,3.1,200,347,386,172
1991-07-18 09:00:00,28.9,57,2.1,180,487,483,186
1991-07-18 10:00:00,29.4,53,3.1,240,473,84,408
1991-07-18 11:00:00,32.2,44,4.1,260,675,431,300
1991-07-18 12:00:00,33.3,43,6.7,220,758,313,467
1991-07-18 13:00:00,35.0,40,5.1,260,667,395,294
1991-07-18 14:00:00,34.4,43,5.7,210,680,269,435
1991-07-18 15:00:00,35.0,42,5.1,200,689,522,256
1991-07-18 16:00:00,35.0,43,3.6,200,635,557,241
1991-07-18 17:00:00,33.9,46,5.7,200,352,274,201
1991-07-18 18:00:00,33.3,47,5.4,190,203,89,169
1991-07-18 19:00:00,32.2,50,5.1,180,92,45,83
1991-07-18 20:00:00,31.7,52,3.6,170,8,1,7
1991-07-18 21:00:00,30.0,59,3.6,180,0,0,0
1991-07-18 22:00:00,29.0,63,3.4,180,0,0,0
1991-07-18 23:00:00,28.2,66,3.2,180,0,0,0
1991-07-19 00:00:00,27.5,69,3.0,180,0,0,0
1991-07-19 01:00:00,27.0,71,2.9,180,0,0,0
1991-07-19 02:00:00,26.3,74,2.7,180,0,0,0
1991-07-19 03:00:00,25.9,77,2.5,180,0,0,0
1991-07-19 04:00:00,25.4,80,2.3,180,0,0,0
1991-07-19 05:00:00,25.0,82,2.1,180,0,0,0
1991-07-19 06:00:00,24.4,88,2.1,330,20,0,20
1991-07-19 07:00:00,25.0,90,3.6,200,54,0,54
1991-07-19 08:00:00,25.0,82,2.6,190,106,0,106
1991-07-19 09:00:00,26.7,76,2.6,230,163,0,163
1991-07-19 10:00:00,28.9,65,0.0,0,211,0,211
1991-07-19 11:00:00,31.7,54,2.1,290,309,0,309
1991-07-19 12:00:00,32.8,49,2.1,290,335,0,335
1991-07-19 13:00:00,33.9,46,0.0,0,341,0,341
1991-07-19 14:00:00,35.0,43,6.2,300,326,0,326
1991-07-19 15:00:00,36.1,43,6.2,240,292,0,292
1991-07-19 16:00:00,34.4,46,3.1,260,240,0,240
1991-07-19 17:00:00,33.9,49,5.7,180,174,0,174
1991-07-19 18:00:00,32.8,50,4.1,200,102,0,102
1991-07-19 19:00:00,32.2,52,5.1,210,52,0,52
1991-07-19 20:00:00,30.6,57,3.6,200,6,0,6
1991-07-19 21:00:00,30.6,59,4.1,200,0,0,0
1991-07-19 22:00:00,30.3,59,4.0,210,0,0,0
1991-07-19 23:00:00,29.0,67,3.9,210,0,0,0
1991-07-20 00:00:00,28.7,63,3.7,230,0,0,0
1991-07-20 01:00:00,27.4,67,3.6,240,0,0,0
1991-07-20 02:00:00,27.1,67,3.4,240,0,0,0
1991-07-20 03:00:00,26.8,68,3.3,250,0,0,0
1991-07-20 04:00:00,26.5,68,3.1,260,0,0,0
1991-07-20 05:00:00,24.2,81,3.0,90,0,0,0
1991-07-20 06:00:00,23.9,82,3.1,100,24,0,24
1991-07-20 07:00:00,24.4,82,2.1,120,65,0,65
1991-07-20 08:00:00,26.9,73,1.9,160,134,0,134
1991-07-20 09:00:00,29.4,64,1.7,190,205,0,205
1991-07-20 10:00:00,31.7,57,1.5,230,265,0,265
1991-07-20 11:00:00,32.8,54,3.1,360,309,0,309
1991-07-20 12:00:00,33.3,52,2.6,250,335,0,335
1991-07-20 13:00:00,35.0,46,2.6,200,341,0,341
1991-07-20 14:00:00,33.9,49,2.1,220,327,0,327
1991-07-20 15:00:00,28.9,70,4.1,350,234,0,234
1991-07-20 16:00:00,27.8,67,4.6,350,241,0,241
1991-07-20 17:00:00,27.2,72,4.1,290,176,0,176
1991-07-20 18:00:00,30.0,63,4.1,240,103,0,103
1991-07-20 19:00:00,29.4,65,3.6,180,73,123,50
1991-07-20 20:00:00,28.3,67,3.6,220,6,1,6
1991-07-20 21:00:00,27.2,72,2.6,210,0,0,0
1991-07-20 22:00:00,27.2,68,3.3,180,0,0,0
1991-07-20 23:00:00,27.2,64,2.4,160,0,0,0
1991-07-21 00:00:00,25.2,73,1.9,150,0,0,0
1991-07-21 01:00:00,25.2,74,1.2,140,0,0,0
1991-07-21 02:00:00,24.3,83,0.9,120,0,0,0
1991-07-21 03:00:00,26.3,62,0.5,80,0,0,0
1991-07-21 04:00:00,25.3,71,0.2,40,0,0,0
1991-07-21 05:00:00,24.3,80,0.0,0,0,0,0
1991-07-21 06:00:00,23.9,90,0.0,0,23,0,23
1991-07-21 07:00:00,25.0,84,0.0,0,64,0,64
1991-07-21 08:00:00,26.7,76,2.6,180,134,0,134
1991-07-21 09:00:00,29.4,68,3.1,240,205,0,205
1991-07-21 10:00:00,31.1,63,3.1,290,265,0,265
1991-07-21 11:00:00,33.3,54,4.6,300,788,703,180
1991-07-21 12:00:00,33.9,52,4.1,300,631,158,484
1991-07-21 13:00:00,35.0,53,3.6,270,378,92,292
1991-07-21 14:00:00,35.6,51,5.7,310,348,86,269
1991-07-21 15:00:00,36.7,45,5.7,300,404,95,325
1991-07-21 16:00:00,36.7,43,4.6,290,290,48,257
1991-07-21 17:00:00,36.1,45,7.2,290,431,516,148
1991-07-21 18:00:00,35.0,49,5.1,360,186,28,176
1991-07-21 19:00:00,33.9,52,2.6,350,66,15,63
1991-07-21 20:00:00,32.2,56,2.1,320,6,6,6
1991-07-21 21:00:00,31.7,57,2.1,320,0,0,0
1991-07-21 22:00:00,30.3,62,2.4,320,0,0,0
1991-07-21 23:00:00,29.1,63,1.2,260,0,0,0
1991-07-22 00:00:00,28.1,67,1.4,240,0,0,0
1991-07-22 01:00:00,27.2,71,3.2,30,0,0,0
1991-07-22 02:00:00,26.2,75,2.0,210,0,0,0
1991-07-22 03:00:00,25.3,80,4.4,280,0,0,0
1991-07-22 04:00:00,24.5,84,4.0,290,0,0,0
1991-07-22 05:00:00,23.7,88,2.8,150,0,0,0
1991-07-22 06:00:00,25.0,82,3.1,130,26,33,23
1991-07-22 07:00:00,26.1,77,2.1,170,57,29,49
1991-07-22 08:00:00,28.9,67,3.6,210,164,175,86
1991-07-22 09:00:00,28.3,70,2.6,200,402,99,341
1991-07-22 10:00:00,27.8,90,2.1,90,435,180,298
1991-07-22 11:00:00,30.6,63,4.1,250,463,87,388
1991-07-22 12:00:00,30.0,65,3.6,240,616,168,461
1991-07-22 13:00:00,33.9,54,7.2,240,433,105,334
1991-07-22 14:00:00,32.8,57,4.1,270,293,87,214
1991-07-22 15:00:00,32.8,60,4.1,320,308,115,213
1991-07-22 16:00:00,33.9,56,3.6,280,439,219,285
1991-07-22 17:00:00,33.3,58,2.6,290,363,172,269
1991-07-22 18:00:00,31.1,66,6.2,220,119,45,102
1991-07-22 19:00:00,29.4,68,5.7,220,68,20,64
1991-07-22 20:00:00,27.2,77,5.1,180,8,23,7
1991-07-22 21:00:00,26.1,79,5.1,200,0,0,0
1991-07-22 22:00:00,25.3,83,4.8,200,0,0,0
1991-07-22 23:00:00,24.8,85,4.5,200,0,0,0
1991-07-23 00:00:00,24.4,86,4.2,190,0,0,0
1991-07-23 01:00:00,24.2,87,3.9,190,0,0,0
1991-07-23 02:00:00,23.8,89,3.5,190,0,0,0
1991-07-23 03:00:00,23.6,90,3.2,190,0,0,0
1991-07-23 04:00:00,23.4,90,2.9,180,0,0,0
1991-07-23 05:00:00,23.3,91,2.6,180,0,0,0
1991-07-23 06:00:00,25.6,82,2.6,170,26,4,25
1991-07-23 07:00:00,27.1,76,3.4,180,116,89,93
1991-07-23 08:00:00,28.9,70,4.1,180,281,247,171
1991-07-23 09:00:00,31.7,61,5.6,230,485,431,220
1991-07-23 10:00:00,33.9,52,7.2,270,596,406,288
1991-07-23 11:00:00,35.0,53,5.1,250,790,514,346
1991-07-23 12:00:00,36.7,48,9.3,270,875,548,368
1991-07-23 13:00:00,37.8,45,5.1,270,864,498,396
1991-07-23 14:00:00,37.8,44,6.7,260,330,56,279
1991-07-23 15:00:00,38.3,42,6.7,250,573,72,514
1991-07-23 16:00:00,37.2,45,6.2,280,241,26,223
1991-07-23 17:00:00,27.8,72,8.2,300,143,0,143
1991-07-23 18:00:00,26.1,79,2.6,80,98,0,98
1991-07-23 19:00:00,26.7,71,2.6,310,62,0,62
1991-07-23 20:00:00,26.1,74,2.6,280,5,0,5
1991-07-23 21:00:00,25.6,79,5.7,240,0,0,0
1991-07-23 22:00:00,24.8,82,5.3,250,0,0,0
1991-07-23 23:00:00,24.2,84,4.9,260,0,0,0
1991-07-24 00:00:00,23.7,85,4.5,270,0,0,0
1991-07-24 01:00:00,23.4,85,4.1,280,0,0,0
1991-07-24 02:00:00,22.9,87,3.8,290,0,0,0
1991-07-24 03:00:00,22.7,87,3.4,300,0,0,0
1991-07-24 04:00:00,22.4,87,3.0,310,0,0,0
1991-07-24 05:00:00,22.2,87,2.6,320,0,0,0
1991-07-24 06:00:00,22.2,87,0.0,0,24,0,24
1991-07-24 07:00:00,23.9,71,3.1,360,104,10,101
1991-07-24 08:00:00,25.0,71,0.0,0,172,47,151
1991-07-24 09:00:00,27.2,62,2.1,270,316,149,225
1991-07-24 10:00:00,27.8,60,2.6,300,344,60,298
1991-07-24 11:00:00,28.3,57,2.6,280,328,0,327
1991-07-24 12:00:00,29.4,61,4.1,220,367,15,352
1991-07-24 13:00:00,30.6,59,2.1,250,373,7,365
1991-07-24 14:00:00,31.7,57,0.0,0,593,67,532
1991-07-24 15:00:00,31.7,59,4.6,190,440,105,353
1991-07-24 16:00:00,32.2,59,4.1,180,579,456,260
1991-07-24 17:00:00,32.2,58,4.1,180,383,314,212
1991-07-24 18:00:00,31.7,57,4.1,130,217,231,133
1991-07-24 19:00:00,30.6,61,4.1,180,64,6,62
1991-07-24 20:00:00,29.1,65,4.6,190,5,0,5
1991-07-24 21:00:00,27.8,69,5.1,200,0,0,0
1991-07-24 22:00:00,26.8,72,4.8,210,0,0,0
1991-07-24 23:00:00,26.1,73,4.5,230,0,0,0
1991-07-25 00:00:00,25.5,73,4.2,240,0,0,0
1991-07-25 01:00:00,25.0,73,3.9,250,0,0,0
1991-07-25 02:00:00,24.4,74,3.5,260,0,0,0
1991-07-25 03:00:00,24.1,74,3.2,280,0,0,0
1991-07-25 04:00:00,23.6,74,2.9,290,0,0,0
1991-07-25 05:00:00,23.3,74,2.6,300,0,0,0
1991-07-25 06:00:00,22.8,76,4.1,300,18,0,18
1991-07-25 07:00:00,22.8,76,4.6,30,61,0,61
1991-07-25 08:00:00,23.3,79,4.1,100,101,0,101
1991-07-25 09:00:00,24.4,74,0.0,0,158,0,158
1991-07-25 10:00:00,26.7,64,2.6,250,259,0,259
1991-07-25 11:00:00,27.8,60,4.1,260,475,168,330
1991-07-25 12:00:00,28.9,61,3.6,200,318,74,250
1991-07-25 13:00:00,30.6,59,2.6,210,474,123,359
1991-07-25 14:00:00,31.1,56,2.6,190,551,70,488
1991-07-25 15:00:00,31.1,54,2.6,160,288,0,288
1991-07-25 16:00:00,30.6,55,2.6,160,375,62,331
1991-07-25 17:00:00,30.6,55,0.0,0,268,114,206
1991-07-25 18:00:00,30.6,55,2.6,150,196,39,181
1991-07-25 19:00:00,29.4,55,3.1,130,72,17,69
1991-07-25 20:00:00,28.3,67,5.1,180,4,0,4
1991-07-25 21:00:00,27.2,72,5.1,170,0,0,0
1991-07-25 22:00:00,26.3,76,4.8,150,0,0,0
1991-07-25 23:00:00,25.7,79,4.5,130,0,0,0
1991-07-26 00:00:00,25.1,81,4.2,110,0,0,0
1991-07-26 01:00:00,24.7,83,3.9,90,0,0,0
1991-07-26 02:00:00,24.2,86,3.5,60,0,0,0
1991-07-26 03:00:00,23.9,87,3.2,40,0,0,0
1991-07-26 04:00:00,23.6,89,2.9,20,0,0,0
1991-07-26 05:00:00,23.3,91,2.6,360,0,0,0
1991-07-26 06:00:00,23.3,91,0.0,0,15,0,15
1991-07-26 07:00:00,23.7,90,1.1,340,52,0,52
1991-07-26 08:00:00,24.4,88,2.1,320,110,0,110
1991-07-26 09:00:00,26.1,79,0.0,0,166,0,166
1991-07-26 10:00:00,25.6,79,4.6,290,213,0,213
1991-07-26 11:00:00,26.1,79,4.1,290,208,0,208
1991-07-26 12:00:00,26.1,77,5.1,310,268,0,268
1991-07-26 13:00:00,26.1,72,6.2,360,273,0,273
1991-07-26 14:00:00,26.6,68,5.6,360,262,0,262
1991-07-26 15:00:00,26.7,64,5.1,360,235,0,235
1991-07-26 16:00:00,25.6,69,5.7,360,244,0,244
1991-07-26 17:00:00,25.1,68,5.4,20,179,0,179
1991-07-26 18:00:00,24.4,69,5.1,30,85,0,85
1991-07-26 19:00:00,23.9,71,4.1,30,32,0,32
1991-07-26 20:00:00,23.3,74,4.1,70,3,0,3
1991-07-26 21:00:00,22.8,76,3.6,90,0,0,0
1991-07-26 22:00:00,22.2,80,4.3,110,0,0,0
1991-07-26 23:00:00,21.7,78,4.9,120,0,0,0
1991-07-27 00:00:00,21.4,86,5.6,140,0,0,0
1991-07-27 01:00:00,21.3,82,6.2,150,0,0,0
1991-07-27 02:00:00,20.9,86,5.1,120,0,0,0
1991-07-27 03:00:00,20.9,81,5.5,150,0,0,0
1991-07-27 04:00:00,20.8,89,5.9,220,0,0,0
1991-07-27 05:00:00,20.7,85,5.8,200,0,0,0
1991-07-27 06:00:00,21.1,84,4.1,20,16,0,16
1991-07-27 07:00:00,21.1,84,6.2,360,59,0,59
1991-07-27 08:00:00,21.7,70,4.1,360,99,0,99
1991-07-27 09:00:00,21.7,68,6.2,20,157,0,157
1991-07-27 10:00:00,22.8,64,5.1,360,206,0,206
1991-07-27 11:00:00,24.4,62,5.1,360,243,0,243
1991-07-27 12:00:00,28.9,55,4.1,360,745,446,334
1991-07-27 13:00:00,27.2,61,2.6,330,865,654,254
1991-07-27 14:00:00,27.8,60,2.1,10,258,0,258
1991-07-27 15:00:00,28.9,57,3.6,10,596,277,369
1991-07-27 16:00:00,28.9,55,4.1,360,521,181,395
1991-07-27 17:00:00,28.9,57,2.6,10,440,465,190
1991-07-27 18:00:00,28.9,55,4.1,20,159,67,135
1991-07-27 19:00:00,27.2,61,4.6,130,84,102,67
1991-07-27 20:00:00,24.4,69,7.2,180,4,1,4
1991-07-27 21:00:00,23.3,71,5.1,170,0,0,0
1991-07-27 22:00:00,22.2,76,4.7,190,0,0,0
1991-07-27 23:00:00,21.5,78,4.4,220,0,0,0
1991-07-28 00:00:00,20.7,82,3.9,240,0,0,0
1991-07-28 01:00:00,20.3,79,3.6,260,0,0,0
1991-07-28 02:00:00,19.6,82,3.2,280,0,0,0
1991-07-28 03:00:00,19.2,83,2.9,300,0,0,0
1991-07-28 04:00:00,18.7,81,2.4,320,0,0,0
1991-07-28 05:00:00,18.4,87,2.1,350,0,0,0
1991-07-28 06:00:00,17.8,90,2.6,360,22,14,20
1991-07-28 07:00:00,19.6,83,2.9,360,74,37,65
1991-07-28 08:00:00,21.7,76,3.1,360,222,165,150
1991-07-28 09:00:00,23.9,66,2.6,80,578,679,166
1991-07-28 10:00:00,25.6,67,2.1,160,612,364,339
1991-07-28 11:00:00,26.7,62,2.6,180,648,246,437
1991-07-28 12:00:00,27.8,63,2.1,90,557,216,358
1991-07-28 13:00:00,28.9,61,4.1,110,596,251,361
1991-07-28 14:00:00,29.4,59,2.1,200,697,332,398
1991-07-28 15:00:00,29.4,57,5.1,110,358,147,238
1991-07-28 16:00:00,29.4,59,4.1,110,236,0,236
1991-07-28 17:00:00,28.9,57,4.6,110,170,0,170
1991-07-28 18:00:00,28.3,55,5.1,140,97,0,97
1991-07-28 19:00:00,27.2,58,5.7,160,46,0,46
1991-07-28 20:00:00,26.1,60,4.6,130,3,0,3
1991-07-28 21:00:00,25.0,62,5.7,120,0,0,0
1991-07-28 22:00:00,25.0,62,5.6,110,0,0,0
1991-07-28 23:00:00,24.0,66,6.1,120,0,0,0
1991-07-29 00:00:00,23.9,71,6.0,120,0,0,0
1991-07-29 01:00:00,21.9,81,6.5,150,0,0,0
1991-07-29 02:00:00,21.9,81,4.4,150,0,0,0
1991-07-29 03:00:00,20.9,81,2.3,150,0,0,0
1991-07-29 04:00:00,20.8,82,1.5,150,0,0,0
1991-07-29 05:00:00,19.8,87,0.7,140,0,0,0
1991-07-29 06:00:00,20.6,84,2.6,160,15,0,15
1991-07-29 07:00:00,20.6,84,3.1,130,55,0,55
1991-07-29 08:00:00,20.6,87,2.1,80,99,0,99
1991-07-29 09:00:00,20.6,84,4.1,50,156,0,156
1991-07-29 10:00:00,20.6,81,6.2,90,206,0,206
1991-07-29 11:00:00,22.8,64,6.2,90,242,0,242
1991-07-29 12:00:00,23.9,60,2.6,90,658,40,621
1991-07-29 13:00:00,26.1,56,5.1,180,687,373,340
1991-07-29 14:00:00,23.3,66,5.1,140,257,0,257
1991-07-29 15:00:00,24.4,60,5.7,110,556,143,440
1991-07-29 16:00:00,25.0,58,5.7,90,186,0,186
1991-07-29 17:00:00,23.9,66,6.2,120,132,0,132
1991-07-29 18:00:00,22.8,66,4.6,120,75,0,75
1991-07-29 19:00:00,22.2,71,4.6,120,40,0,40
1991-07-29 20:00:00,21.7,73,3.1,150,3,0,3
1991-07-29 21:00:00,20.6,78,3.6,200,0,0,0
1991-07-29 22:00:00,20.0,83,3.5,190,0,0,0
1991-07-29 23:00:00,19.6,85,3.5,180,0,0,0
1991-07-30 00:00:00,19.3,87,3.4,160,0,0,0
1991-07-30 01:00:00,19.2,88,3.4,150,0,0,0
1991-07-30 02:00:00,19.0,90,3.3,140,0,0,0
1991-07-30 03:00:00,19.0,91,3.2,130,0,0,0
1991-07-30 04:00:00,18.9,92,3.2,110,0,0,0
1991-07-30 05:00:00,18.9,93,3.1,100,0,0,0
1991-07-30 06:00:00,18.9,96,2.6,100,13,0,13
1991-07-30 07:00:00,19.4,93,3.6,110,51,0,51
1991-07-30 08:00:00,20.0,87,2.6,170,108,0,108
1991-07-30 09:00:00,20.6,84,2.6,120,164,0,164
1991-07-30 10:00:00,22.2,79,4.1,150,212,0,212
1991-07-30 11:00:00,23.3,74,4.6,180,247,0,247
1991-07-30 12:00:00,23.9,74,5.7,200,267,0,267
1991-07-30 13:00:00,23.9,74,4.6,200,272,0,272
1991-07-30 14:00:00,24.4,71,4.1,180,261,0,261
1991-07-30 15:00:00,24.4,72,5.6,180,234,0,234
1991-07-30 16:00:00,23.9,76,7.2,170,193,0,193
1991-07-30 17:00:00,24.0,75,6.2,180,141,0,141
1991-07-30 18:00:00,23.9,74,5.1,180,83,0,83
1991-07-30 19:00:00,23.3,76,4.1,190,30,0,30
1991-07-30 20:00:00,23.3,76,4.1,180,2,0,2
1991-07-30 21:00:00,22.8,81,4.6,180,0,0,0
1991-07-30 22:00:00,21.9,86,2.0,130,0,0,0
1991-07-30 23:00:00,21.9,87,2.6,120,0,0,0
1991-07-31 00:00:00,21.0,92,2.6,200,0,0,0
1991-07-31 01:00:00,20.1,98,2.0,230,0,0,0
1991-07-31 02:00:00,19.1,100,2.7,260,0,0,0
1991-07-31 03:00:00,20.2,93,0.6,200,0,0,0
1991-07-31 04:00:00,19.3,99,0.6,220,0,0,0
1991-07-31 05:00:00,19.3,100,3.7,300,0,0,0
1991-07-31 06:00:00,19.4,100,2.1,360,18,0,18
1991-07-31 07:00:00,20.0,100,2.1,360,125,153,88
1991-07-31 08:00:00,21.1,93,4.1,310,237,219,143
1991-07-31 09:00:00,23.3,76,5.7,360,492,451,221
1991-07-31 10:00:00,25.0,66,5.1,360,631,465,285
1991-07-31 11:00:00,25.0,64,5.7,340,794,588,294
1991-07-31 12:00:00,26.1,62,4.6,350,886,578,358
1991-07-31 13:00:00,28.9,61,4.1,330,866,614,296
1991-07-31 14:00:00,29.4,61,3.1,360,859,570,350
1991-07-31 15:00:00,30.0,59,3.1,100,715,563,258
1991-07-31 16:00:00,30.0,61,2.1,240,550,480,221
1991-07-31 17:00:00,30.0,59,0.0,0,433,461,189
1991-07-31 18:00:00,30.0,59,0.0,0,223,231,142
1991-07-31 19:00:00,28.3,63,1.5,360,63,30,58
1991-07-31 20:00:00,26.1,67,3.1,20,3,0,3
1991-07-31 21:00:00,25.0,69,3.1,40,0,0,0
1991-07-31 22:00:00,24.5,73,2.7,80,0,0,0
1991-07-31 23:00:00,23.9,78,2.3,140,0,0,0
1991-08-01 00:00:00,23.4,79,1.9,180,0,0,0
1994-08-01 01:00:00,22.9,86,1.5,50,0,0,0
1994-08-01 02:00:00,22.4,88,1.1,40,0,0,0
1994-08-01 03:00:00,21.8,88,0.7,30,0,0,0
1994-08-01 04:00:00,21.3,88,0.3,20,0,0,0
1994-08-01 05:00:00,20.5,91,0.2,10,0,0,0
1994-08-01 06:00:00,20.0,93,0.0,0,16,0,16
1994-08-01 07:00:00,21.1,93,0.0,0,61,0,61
1994-08-01 08:00:00,22.7,87,0.0,0,123,0,123
1994-08-01 09:00:00,24.4,82,0.0,0,131,0,131
1994-08-01 10:00:00,25.5,77,0.0,0,172,0,172
1994-08-01 11:00:00,26.6,74,0.0,0,303,0,303
1994-08-01 12:00:00,28.3,67,0.0,0,471,59,417
1994-08-01 13:00:00,28.8,65,0.0,0,335,0,335
1994-08-01 14:00:00,29.4,65,0.0,0,334,100,245
1994-08-01 15:00:00,30.0,57,0.0,0,483,81,417
1994-08-01 16:00:00,30.0,55,0.0,0,604,611,186
1994-08-01 17:00:00,28.8,59,3.0,220,437,480,184
1994-08-01 18:00:00,27.7,65,0.0,0,194,51,176
1994-08-01 19:00:00,27.2,67,0.0,0,80,12,78
1994-08-01 20:00:00,27.2,65,0.0,0,2,3,2
1994-08-01 21:00:00,26.1,74,0.0,0,0,0,0
1994-08-01 22:00:00,24.4,86,0.0,0,0,0,0
1994-08-01 23:00:00,23.7,90,0.0,0,0,0,0
1994-08-02 00:00:00,24.0,88,0.0,0,0,0,0
1994-08-02 01:00:00,22.3,86,0.6,10,0,0,0
1994-08-02 02:00:00,22.5,84,0.6,20,0,0,0
1994-08-02 03:00:00,22.8,82,0.0,0,0,0,0
1994-08-02 04:00:00,23.1,81,0.0,0,0,0,0
1994-08-02 05:00:00,23.4,79,0.6,350,0,0,0
1994-08-02 06:00:00,22.7,82,0.0,0,16,0,16
1994-08-02 07:00:00,22.7,85,0.0,0,65,0,65
1994-08-02 08:00:00,24.4,79,0.0,0,121,0,121
1994-08-02 09:00:00,25.5,77,0.0,0,193,0,193
1994-08-02 10:00:00,26.6,74,0.0,0,255,0,255
1994-08-02 11:00:00,27.2,72,0.0,0,301,0,301
1994-08-02 12:00:00,27.7,72,0.0,0,328,0,328
1994-08-02 13:00:00,28.8,68,0.0,0,334,0,334
1994-08-02 14:00:00,28.3,70,0.0,0,500,125,389
1994-08-02 15:00:00,30.0,61,2.0,230,352,83,286
1994-08-02 16:00:00,30.5,57,3.0,180,376,163,264
1994-08-02 17:00:00,29.4,61,2.5,180,129,0,129
1994-08-02 18:00:00,27.2,65,2.5,180,96,24,88
1994-08-02 19:00:00,26.6,72,2.0,170,48,7,47
1994-08-02 20:00:00,25.0,74,0.0,0,2,0,2
1994-08-02 21:00:00,24.4,76,6.1,310,0,0,0
1994-08-02 22:00:00,24.4,81,2.9,120,0,0,0
1994-08-02 23:00:00,23.4,85,3.9,140,0,0,0
1994-08-03 00:00:00,22.4,91,3.9,150,0,0,0
1994-08-03 01:00:00,22.4,85,3.4,140,0,0,0
1994-08-03 02:00:00,21.4,89,3.3,160,0,0,0
1994-08-03 03:00:00,20.4,95,1.7,340,0,0,0
1994-08-03 04:00:00,21.4,89,0.0,0,0,0,0
1994-08-03 05:00:00,20.4,94,0.0,0,0,0,0
1994-08-03 06:00:00,19.4,93,0.0,0,8,0,8
1994-08-03 07:00:00,20.0,90,0.0,0,32,0,32
1994-08-03 08:00:00,21.1,90,0.0,0,142,142,82
1994-08-03 09:00:00,24.4,71,0.0,0,344,172,242
1994-08-03 10:00:00,26.1,67,0.0,0,635,556,224
1994-08-03 11:00:00,26.6,65,0.0,0,439,147,314
1994-08-03 12:00:00,27.2,65,0.0,0,722,383,374
1994-08-03 13:00:00,28.3,63,0.0,0,739,280,480
1994-08-03 14:00:00,29.4,61,0.0,0,544,173,390
1994-08-03 15:00:00,28.3,63,1.5,230,494,321,236
1994-08-03 16:00:00,28.8,63,0.0,0,188,0,188
1994-08-03 17:00:00,29.4,61,0.0,0,405,481,154
1994-08-03 18:00:00,25.5,69,2.5,80,129,173,70
1994-08-03 19:00:00,24.4,76,2.0,110,30,0,30
1994-08-03 20:00:00,23.8,76,0.0,0,1,0,1
1994-08-03 21:00:00,24.4,76,0.0,0,0,0,0
1994-08-03 22:00:00,24.5,71,0.2,20,0,0,0
1994-08-03 23:00:00,23.6,75,0.5,40,0,0,0
1994-08-04 00:00:00,22.8,79,0.7,60,0,0,0
1994-08-04 01:00:00,21.9,83,1.1,80,0,0,0
1994-08-04 02:00:00,21.0,88,1.2,100,0,0,0
1994-08-04 03:00:00,22.1,82,1.5,110,0,0,0
1994-08-04 04:00:00,21.3,86,1.7,140,0,0,0
1994-08-04 05:00:00,21.4,85,2.0,150,0,0,0
1994-08-04 06:00:00,20.5,90,2.0,180,21,27,19
1994-08-04 07:00:00,21.6,84,2.5,190,140,164,101
1994-08-04 08:00:00,23.3,79,2.0,180,232,163,164
1994-08-04 09:00:00,25.5,72,2.0,210,378,355,168
1994-08-04 10:00:00,27.2,69,2.0,210,655,696,143
1994-08-04 11:00:00,28.6,70,2.5,220,814,777,157
1994-08-04 12:00:00,29.8,71,3.1,220,830,632,256
1994-08-04 13:00:00,30.5,73,3.6,230,881,719,218
1994-08-04 14:00:00,31.6,55,4.6,210,748,488,316
1994-08-04 15:00:00,30.5,55,3.6,230,575,424,235
1994-08-04 16:00:00,31.6,54,4.1,200,515,349,279
1994-08-04 17:00:00,25.5,82,3.0,180,342,349,161
1994-08-04 18:00:00,27.7,72,2.5,180,117,145,68
1994-08-04 19:00:00,27.7,69,2.5,170,57,15,55
1994-08-04 20:00:00,26.1,76,2.0,250,2,4,1
1994-08-04 21:00:00,25.5,54,2.0,190,0,0,0
1994-08-04 22:00:00,25.2,57,1.8,170,0,0,0
1994-08-04 23:00:00,24.8,60,1.5,150,0,0,0
1994-08-05 00:00:00,24.4,64,1.3,140,0,0,0
1994-08-05 01:00:00,24.1,67,1.1,120,0,0,0
1994-08-05 02:00:00,23.9,70,0.8,110,0,0,0
1994-08-05 03:00:00,23.8,74,0.6,90,0,0,0
1994-08-05 04:00:00,23.6,77,0.3,70,0,0,0
1994-08-05 05:00:00,23.0,82,0.1,50,0,0,0
1994-08-05 06:00:00,22.2,84,0.0,0,25,3,25
1994-08-05 07:00:00,22.7,82,0.0,0,124,62,109
1994-08-05 08:00:00,22.7,85,0.0,0,199,2,198
1994-08-05 09:00:00,22.7,85,0.0,0,330,51,300
1994-08-05 10:00:00,21.1,87,2.0,320,307,106,229
1994-08-05 11:00:00,21.1,90,0.0,0,288,111,194
1994-08-05 12:00:00,21.6,87,2.0,310,500,207,312
1994-08-05 13:00:00,21.6,87,2.5,360,495,124,380
1994-08-05 14:00:00,22.1,82,3.1,360,615,104,522
1994-08-05 15:00:00,22.2,79,3.6,360,309,76,248
1994-08-05 16:00:00,22.2,73,3.6,330,379,107,306
1994-08-05 17:00:00,20.0,78,5.1,360,255,94,206
1994-08-05 18:00:00,19.4,78,2.5,10,84,55,66
1994-08-05 19:00:00,18.3,78,4.6,360,38,0,38
1994-08-05 20:00:00,17.7,75,2.5,360,1,0,1
1994-08-05 21:00:00,16.6,79,2.3,360,0,0,0
1994-08-05 22:00:00,15.8,81,2.0,360,0,0,0
1994-08-05 23:00:00,15.0,84,1.8,360,0,0,0
1994-08-06 00:00:00,14.2,85,1.5,360,0,0,0
1994-08-06 01:00:00,13.5,88,1.3,360,0,0,0
1994-08-06 02:00:00,12.9,88,1.0,360,0,0,0
1994-08-06 03:00:00,12.3,87,0.8,360,0,0,0
1994-08-06 04:00:00,11.7,88,0.5,360,0,0,0
1994-08-06 05:00:00,10.7,90,0.3,360,0,0,0
1994-08-06 06:00:00,10.5,86,0.0,0,15,1,15
1994-08-06 07:00:00,12.7,77,0.0,0,115,136,84
1994-08-06 08:00:00,15.0,69,0.0,0,291,336,152
1994-08-06 09:00:00,17.2,60,4.1,40,488,473,210
1994-08-06 10:00:00,18.3,56,3.0,20,664,560,254
1994-08-06 11:00:00,20.0,50,3.0,40,797,611,283
1994-08-06 12:00:00,20.0,48,2.5,30,874,638,298
1994-08-06 13:00:00,21.1,47,3.0,40,892,643,302
1994-08-06 14:00:00,22.2,42,3.0,360,847,629,293
1994-08-06 15:00:00,22.7,44,2.0,50,744,592,272
1994-08-06 16:00:00,23.3,44,0.0,0,591,527,236
1994-08-06 17:00:00,23.3,43,2.0,50,402,420,186
1994-08-06 18:00:00,22.7,46,0.0,0,206,254,122
1994-08-06 19:00:00,20.5,57,0.0,0,59,45,53
1994-08-06 20:00:00,18.8,61,0.0,0,1,0,1
1994-08-06 21:00:00,17.2,67,0.0,0,0,0,0
1994-08-06 22:00:00,16.8,68,0.0,0,0,0,0
1994-08-06 23:00:00,16.2,70,0.0,0,0,0,0
1994-08-07 00:00:00,15.9,70,0.0,0,0,0,0
1994-08-07 01:00:00,15.5,71,0.0,0,0,0,0
1994-08-07 02:00:00,15.1,72,0.0,0,0,0,0
1994-08-07 03:00:00,14.8,72,0.0,0,0,0,0
1994-08-07 04:00:00,14.7,76,0.0,0,0,0,0
1994-08-07 05:00:00,14.0,78,0.0,0,0,0,0
1994-08-07 06:00:00,14.2,82,0.0,0,14,12,14
1994-08-07 07:00:00,14.4,81,0.0,0,104,146,71
1994-08-07 08:00:00,17.2,72,0.0,0,282,386,123
1994-08-07 09:00:00,19.4,68,0.0,0,496,584,154
1994-08-07 10:00:00,21.6,57,0.0,0,583,542,187
1994-08-07 11:00:00,22.7,53,0.0,0,706,518,272
1994-08-07 12:00:00,22.7,53,0.0,0,862,664,263
1994-08-07 13:00:00,23.8,50,0.0,0,859,631,281
1994-08-07 14:00:00,24.4,46,0.0,0,766,586,251
1994-08-07 15:00:00,25.5,47,3.0,170,723,563,275
1994-08-07 16:00:00,25.5,47,2.5,170,591,547,225
1994-08-07 17:00:00,26.1,48,0.0,0,394,373,203
1994-08-07 18:00:00,25.0,46,2.5,180,213,344,100
1994-08-07 19:00:00,23.3,51,2.0,180,66,33,61
1994-08-07 20:00:00,21.1,59,0.0,0,1,0,1
1994-08-07 21:00:00,20.0,65,0.0,0,0,0,0
1994-08-07 22:00:00,19.1,68,0.0,0,0,0,0
1994-08-07 23:00:00,18.2,80,0.0,0,0,0,0
1994-08-08 00:00:00,16.3,88,0.0,0,0,0,0
1994-08-08 01:00:00,15.4,91,0.0,0,0,0,0
1994-08-08 02:00:00,16.6,82,0.0,0,0,0,0
1994-08-08 03:00:00,15.7,85,0.0,0,0,0,0
1994-08-08 04:00:00,15.8,83,0.0,0,0,0,0
1994-08-08 05:00:00,14.9,86,0.0,0,0,0,0
1994-08-08 06:00:00,15.0,83,0.0,0,16,61,12
1994-08-08 07:00:00,17.2,78,0.0,0,146,414,54
1994-08-08 08:00:00,21.1,66,0.0,0,340,627,83
1994-08-08 09:00:00,22.2,66,0.0,0,538,737,108
1994-08-08 10:00:00,23.8,58,2.5,180,710,799,127
1994-08-08 11:00:00,24.4,58,3.0,180,838,835,140
1994-08-08 12:00:00,25.5,54,0.0,0,828,644,248
1994-08-08 13:00:00,26.6,54,0.0,0,894,762,197
1994-08-08 14:00:00,26.6,54,0.0,0,826,712,201
1994-08-08 15:00:00,27.2,54,2.0,150,752,722,180
1994-08-08 16:00:00,27.7,53,2.0,150,629,688,170
1994-08-08 17:00:00,27.2,54,2.0,180,433,600,128
1994-08-08 18:00:00,26.1,58,3.0,180,214,385,88
1994-08-08 19:00:00,25.0,60,2.0,150,72,252,38
1994-08-08 20:00:00,23.6,64,2.3,160,0,5,0
1994-08-08 21:00:00,22.7,66,2.5,170,0,0,0
1994-08-08 22:00:00,21.7,66,2.1,110,0,0,0
1994-08-08 23:00:00,20.6,71,1.6,50,0,0,0
1994-08-09 00:00:00,20.6,71,1.2,350,0,0,0
1994-08-09 01:00:00,19.5,76,0.7,290,0,0,0
1994-08-09 02:00:00,19.5,72,0.3,240,0,0,0
1994-08-09 03:00:00,19.4,68,0.0,0,0,0,0
1994-08-09 04:00:00,19.4,72,0.0,0,0,0,0
1994-08-09 05:00:00,20.3,69,0.0,0,0,0,0
1994-08-09 06:00:00,18.3,78,0.0,0,13,11,12
1994-08-09 07:00:00,18.8,79,0.0,0,109,115,84
1994-08-09 08:00:00,21.6,71,0.0,0,314,490,114
1994-08-09 09:00:00,23.8,67,0.0,0,513,620,153
1994-08-09 10:00:00,25.5,64,0.0,0,687,695,181
1994-08-09 11:00:00,26.1,67,0.0,0,817,739,200
1994-08-09 12:00:00,27.7,58,0.0,0,843,681,232
1994-08-09 13:00:00,28.8,53,0.0,0,829,592,289
1994-08-09 14:00:00,29.4,53,2.5,240,830,680,235
1994-08-09 15:00:00,30.0,50,0.0,0,722,580,263
1994-08-09 16:00:00,30.5,50,0.0,0,602,635,181
1994-08-09 17:00:00,29.4,51,2.0,200,423,568,136
1994-08-09 18:00:00,28.3,51,0.0,0,94,22,86
1994-08-09 19:00:00,27.2,58,3.0,180,68,3,67
1994-08-09 20:00:00,26.6,62,2.0,180,0,0,0
1994-08-09 21:00:00,26.1,67,2.5,180,0,0,0
1994-08-09 22:00:00,25.5,67,1.3,270,0,0,0
1994-08-09 23:00:00,24.7,68,0.0,0,0,0,0
1994-08-10 00:00:00,24.1,68,0.0,0,0,0,0
1994-08-10 01:00:00,23.5,73,0.8,80,0,0,0
1994-08-10 02:00:00,23.0,77,1.2,90,0,0,0
1994-08-10 03:00:00,22.5,72,1.1,60,0,0,0
1994-08-10 04:00:00,22.1,76,1.4,20,0,0,0
1994-08-10 05:00:00,21.2,77,0.0,0,0,0,0
1994-08-10 06:00:00,21.1,75,0.0,0,8,0,8
1994-08-10 07:00:00,21.1,73,0.0,0,115,262,58
1994-08-10 08:00:00,22.2,68,2.5,360,313,448,132
1994-08-10 09:00:00,22.2,68,0.0,0,160,0,160
1994-08-10 10:00:00,22.7,66,2.5,330,637,374,366
1994-08-10 11:00:00,25.0,58,2.0,300,722,345,434
1994-08-10 12:00:00,25.0,58,2.5,280,802,597,267
1994-08-10 13:00:00,25.5,58,1.5,280,642,416,264
1994-08-10 14:00:00,26.6,53,2.0,270,763,550,283
1994-08-10 15:00:00,26.7,51,1.0,320,678,678,143
1994-08-10 16:00:00,26.6,51,0.0,0,426,411,154
1994-08-10 17:00:00,27.2,51,0.0,0,444,575,156
1994-08-10 18:00:00,26.1,52,0.0,0,236,480,83
1994-08-10 19:00:00,24.4,60,0.0,0,68,255,36
1994-08-10 20:00:00,23.3,60,0.0,0,0,4,0
1994-08-10 21:00:00,22.2,61,0.0,0,0,0,0
1994-08-10 22:00:00,20.7,67,0.0,0,0,0,0
1994-08-10 23:00:00,20.1,74,0.0,0,0,0,0
1994-08-11 00:00:00,19.6,76,0.0,0,0,0,0
1994-08-11 01:00:00,19.0,79,0.0,0,0,0,0
1994-08-11 02:00:00,19.5,76,0.0,0,0,0,0
1994-08-11 03:00:00,18.9,79,0.0,0,0,0,0
1994-08-11 04:00:00,19.4,76,0.0,0,0,0,0
1994-08-11 05:00:00,17.8,84,0.0,0,0,0,0
1994-08-11 06:00:00,18.3,81,0.0,0,8,0,8
1994-08-11 07:00:00,19.4,78,0.0,0,42,0,42
1994-08-11 08:00:00,19.4,81,0.0,0,93,0,93
1994-08-11 09:00:00,21.1,75,0.0,0,151,0,151
1994-08-11 10:00:00,22.2,71,0.0,0,201,0,201
1994-08-11 11:00:00,22.7,71,0.0,0,199,0,199
1994-08-11 12:00:00,25.0,68,0.0,0,216,0,216
1994-08-11 13:00:00,25.5,66,0.0,0,263,0,263
1994-08-11 14:00:00,26.1,67,0.0,0,251,0,251
1994-08-11 15:00:00,26.1,67,0.0,0,222,0,222
1994-08-11 16:00:00,25.5,69,0.0,0,179,0,179
1994-08-11 17:00:00,23.8,74,4.1,30,124,0,124
1994-08-11 18:00:00,22.7,79,2.0,20,66,0,66
1994-08-11 19:00:00,22.7,82,0.0,0,36,4,35
1994-08-11 20:00:00,21.6,84,0.0,0,0,0,0
1994-08-11 21:00:00,21.6,87,0.0,0,0,0,0
1994-08-11 22:00:00,21.0,92,0.0,0,0,0,0
1994-08-11 23:00:00,21.4,91,0.0,0,0,0,0
1994-08-12 00:00:00,20.8,95,0.0,0,0,0,0
1994-08-12 01:00:00,19.2,100,0.1,220,0,0,0
1994-08-12 02:00:00,20.5,99,0.0,0,0,0,0
1994-08-12 03:00:00,20.9,98,0.1,160,0,0,0
1994-08-12 04:00:00,21.3,96,0.0,0,0,0,0
1994-08-12 05:00:00,20.7,100,0.1,90,0,0,0
1994-08-12 06:00:00,21.1,93,0.0,0,5,0,5
1994-08-12 07:00:00,21.1,90,0.0,0,27,0,27
1994-08-12 08:00:00,22.2,87,0.0,0,66,0,66
1994-08-12 09:00:00,23.3,82,0.0,0,106,0,106
1994-08-12 10:00:00,23.8,82,0.0,0,169,0,169
1994-08-12 11:00:00,25.5,74,0.0,0,199,0,199
1994-08-12 12:00:00,27.4,69,0.0,0,645,516,184
1994-08-12 13:00:00,28.8,65,0.0,0,873,728,214
1994-08-12 14:00:00,30.5,59,0.0,0,804,653,237
1994-08-12 15:00:00,31.1,57,2.5,210,727,703,177
1994-08-12 16:00:00,31.6,58,4.1,210,529,596,138
1994-08-12 17:00:00,30.5,57,3.6,170,431,672,98
1994-08-12 18:00:00,29.4,65,2.0,160,177,247,100
1994-08-12 19:00:00,28.8,70,2.0,180,33,0,33
1994-08-12 20:00:00,28.3,72,0.0,0,0,0,0
1994-08-12 21:00:00,27.2,76,2.0,180,0,0,0
1994-08-12 22:00:00,26.9,74,2.0,160,0,0,0
1994-08-12 23:00:00,26.7,75,1.8,140,0,0,0
1994-08-13 00:00:00,26.4,77,2.1,250,0,0,0
1994-08-13 01:00:00,26.1,79,3.0,230,0,0,0
1994-08-13 02:00:00,25.9,80,2.5,260,0,0,0
1994-08-13 03:00:00,25.6,82,1.3,160,0,0,0
1994-08-13 04:00:00,25.3,84,1.6,170,0,0,0
1994-08-13 05:00:00,24.1,85,1.7,180,0,0,0
1994-08-13 06:00:00,23.8,88,2.0,180,12,65,9
1994-08-13 07:00:00,25.0,81,2.0,180,53,0,53
1994-08-13 08:00:00,26.6,77,3.0,220,158,54,137
1994-08-13 09:00:00,28.3,70,3.6,220,284,41,260
1994-08-13 10:00:00,29.4,67,3.0,220,417,33,392
1994-08-13 11:00:00,31.1,61,3.6,190,424,126,320
1994-08-13 12:00:00,31.6,59,4.1,210,327,0,327
1994-08-13 13:00:00,31.6,62,3.0,210,265,0,265
1994-08-13 14:00:00,30.4,65,3.6,220,253,0,253
1994-08-13 15:00:00,28.8,70,4.1,220,282,0,282
1994-08-13 16:00:00,27.7,65,2.0,180,230,0,230
1994-08-13 17:00:00,28.8,65,2.0,190,163,0,163
1994-08-13 18:00:00,27.7,72,2.0,180,159,64,139
1994-08-13 19:00:00,28.3,72,2.0,180,33,43,28
1994-08-13 20:00:00,27.2,76,0.0,0,0,4,0
1994-08-13 21:00:00,26.6,79,2.5,210,0,0,0
1994-08-13 22:00:00,27.7,74,2.5,210,0,0,0
1994-08-13 23:00:00,27.8,74,2.6,200,0,0,0
1994-08-14 00:00:00,25.9,77,2.6,210,0,0,0
1994-08-14 01:00:00,26.0,77,2.6,210,0,0,0
1994-08-14 02:00:00,25.0,81,2.6,200,0,0,0
1994-08-14 03:00:00,25.1,81,2.6,200,0,0,0
1994-08-14 04:00:00,25.2,80,2.6,200,0,0,0
1994-08-14 05:00:00,25.3,75,2.7,190,0,0,0
1994-08-14 06:00:00,24.4,79,2.0,180,11,2,11
1994-08-14 07:00:00,25.5,74,4.1,190,66,22,61
1994-08-14 08:00:00,27.2,65,4.6,200,133,32,120
1994-08-14 09:00:00,27.7,67,5.1,210,242,44,217
1994-08-14 10:00:00,30.0,61,5.1,210,449,161,333
1994-08-14 11:00:00,29.4,63,4.1,210,233,0,233
1994-08-14 12:00:00,27.7,72,3.6,270,255,0,255
1994-08-14 13:00:00,29.4,61,5.1,240,260,0,260
1994-08-14 14:00:00,27.7,61,5.1,280,247,0,247
1994-08-14 15:00:00,22.2,87,2.5,300,217,0,217
1994-08-14 16:00:00,23.3,84,2.0,250,216,0,216
1994-08-14 17:00:00,23.3,84,2.5,280,146,0,146
1994-08-14 18:00:00,23.3,87,3.0,300,83,0,83
1994-08-14 19:00:00,22.7,85,0.0,0,36,0,36
1994-08-14 20:00:00,21.6,76,2.0,340,0,0,0
1994-08-14 21:00:00,20.3,80,1.8,340,0,0,0
1994-08-14 22:00:00,19.4,83,1.6,340,0,0,0
1994-08-14 23:00:00,18.4,86,1.4,350,0,0,0
1994-08-15 00:00:00,17.5,88,1.2,350,0,0,0
1994-08-15 01:00:00,16.6,91,1.0,350,0,0,0
1994-08-15 02:00:00,15.7,93,0.8,350,0,0,0
1994-08-15 03:00:00,15.0,92,0.6,350,0,0,0
1994-08-15 04:00:00,14.3,93,0.4,360,0,0,0
1994-08-15 05:00:00,13.1,96,0.2,360,0,0,0
1994-08-15 06:00:00,12.7,93,0.0,0,9,15,8
1994-08-15 07:00:00,14.4,90,0.0,0,121,279,64
1994-08-15 08:00:00,18.8,73,0.0,0,297,468,113
1994-08-15 09:00:00,21.1,63,0.0,0,419,399,192
1994-08-15 10:00:00,22.2,57,0.0,0,673,703,171
1994-08-15 11:00:00,23.3,51,3.0,300,427,174,284
1994-08-15 12:00:00,23.3,51,2.5,300,439,152,304
1994-08-15 13:00:00,23.3,50,3.6,290,638,253,410
1994-08-15 14:00:00,22.7,55,2.5,250,281,55,233
1994-08-15 15:00:00,23.3,53,2.0,280,512,162,387
1994-08-15 16:00:00,25.0,48,3.0,310,418,141,327
1994-08-15 17:00:00,23.3,50,2.0,330,387,509,140
1994-08-15 18:00:00,22.7,53,2.0,320,200,361,91
1994-08-15 19:00:00,21.6,57,0.0,0,46,107,34
1994-08-15 20:00:00,20.0,61,0.0,0,0,0,0
1994-08-15 21:00:00,18.3,65,0.0,0,0,0,0
1994-08-15 22:00:00,18.5,72,0.0,0,0,0,0
1994-08-15 23:00:00,18.7,66,1.5,100,0,0,0
1994-08-16 00:00:00,18.9,68,2.1,160,0,0,0
1994-08-16 01:00:00,19.2,66,1.5,200,0,0,0
1994-08-16 02:00:00,19.6,64,2.1,160,0,0,0
1994-08-16 03:00:00,19.9,62,0.0,0,0,0,0
1994-08-16 04:00:00,20.4,59,1.5,180,0,0,0
1994-08-16 05:00:00,20.5,57,0.0,0,0,0,0
1994-08-16 06:00:00,20.5,57,0.0,0,7,0,7
1994-08-16 07:00:00,16.6,78,0.0,0,45,0,45
1994-08-16 08:00:00,18.3,81,0.0,0,86,0,86
1994-08-16 09:00:00,19.4,70,0.0,0,144,0,144
1994-08-16 10:00:00,20.5,65,0.0,0,195,0,195
1994-08-16 11:00:00,20.5,63,0.0,0,232,0,232
1994-08-16 12:00:00,21.6,64,2.0,140,254,0,254
1994-08-16 13:00:00,23.8,60,2.0,180,258,0,258
1994-08-16 14:00:00,23.3,66,2.5,150,245,0,245
1994-08-16 15:00:00,21.1,75,3.6,210,216,0,216
1994-08-16 16:00:00,20.1,82,23.1,290,171,0,171
1994-08-16 17:00:00,18.8,90,2.5,190,97,0,97
1994-08-16 18:00:00,18.3,90,2.5,170,61,0,61
1994-08-16 19:00:00,18.3,92,1.3,90,26,0,26
1994-08-16 20:00:00,18.3,93,0.0,0,0,0,0
1994-08-16 21:00:00,18.3,93,0.0,0,0,0,0
1994-08-16 22:00:00,17.8,100,0.0,0,0,0,0
1994-08-16 23:00:00,18.3,99,0.0,0,0,0,0
1994-08-17 00:00:00,17.8,95,0.0,0,0,0,0
1994-08-17 01:00:00,17.3,100,0.0,0,0,0,0
1994-08-17 02:00:00,16.8,100,0.0,0,0,0,0
1994-08-17 03:00:00,17.3,97,0.0,0,0,0,0
1994-08-17 04:00:00,17.8,100,0.0,0,0,0,0
1994-08-17 05:00:00,18.3,97,0.0,0,0,0,0
1994-08-17 06:00:00,18.8,93,0.0,0,8,2,8
1994-08-17 07:00:00,19.4,90,0.0,0,77,126,51
1994-08-17 08:00:00,18.8,96,1.3,30,243,189,169
1994-08-17 09:00:00,19.4,93,2.5,60,417,346,222
1994-08-17 10:00:00,20.0,93,2.0,80,513,463,185
1994-08-17 11:00:00,20.0,93,3.6,70,410,233,219
1994-08-17 12:00:00,20.0,90,5.1,70,640,393,293
1994-08-17 13:00:00,20.0,90,3.0,60,763,569,255
1994-08-17 14:00:00,20.5,90,3.6,60,469,215,285
1994-08-17 15:00:00,21.1,93,3.6,90,422,207,263
1994-08-17 16:00:00,22.0,92,3.6,90,550,522,216
1994-08-17 17:00:00,22.7,91,4.1,110,286,164,207
1994-08-17 18:00:00,22.7,91,4.1,120,154,154,109
1994-08-17 19:00:00,22.2,96,3.0,170,32,4,31
1994-08-17 20:00:00,22.7,94,1.5,120,0,0,0
1994-08-17 21:00:00,22.7,94,2.5,160,0,0,0
1994-08-17 22:00:00,21.0,100,2.0,200,0,0,0
1994-08-17 23:00:00,21.2,100,2.6,200,0,0,0
1994-08-18 00:00:00,21.5,99,2.7,240,0,0,0
1994-08-18 01:00:00,20.7,100,0.7,360,0,0,0
1994-08-18 02:00:00,20.0,100,3.3,20,0,0,0
1994-08-18 03:00:00,20.2,99,2.3,50,0,0,0
1994-08-18 04:00:00,19.5,100,2.4,80,0,0,0
1994-08-18 05:00:00,19.7,97,3.5,150,0,0,0
1994-08-18 06:00:00,20.0,93,2.5,230,5,0,5
1994-08-18 07:00:00,20.0,90,3.0,250,46,0,46
1994-08-18 08:00:00,20.5,87,3.0,270,84,0,84
1994-08-18 09:00:00,21.1,85,3.0,300,142,0,142
1994-08-18 10:00:00,21.6,82,3.0,320,162,0,162
1994-08-18 11:00:00,22.3,77,2.8,320,193,0,193
1994-08-18 12:00:00,22.7,73,2.5,310,252,0,252
1994-08-18 13:00:00,22.7,76,0.0,0,257,0,257
1994-08-18 14:00:00,22.7,76,0.0,0,243,0,243
1994-08-18 15:00:00,22.7,76,3.6,340,213,0,213
1994-08-18 16:00:00,25.0,68,2.5,340,168,0,168
1994-08-18 17:00:00,24.4,71,0.0,0,113,0,113
1994-08-18 18:00:00,23.8,74,0.0,0,62,0,62
1994-08-18 19:00:00,22.7,79,0.0,0,24,0,24
1994-08-18 20:00:00,22.7,73,0.0,0,0,0,0
1994-08-18 21:00:00,21.1,84,0.0,0,0,0,0
1994-08-18 22:00:00,21.0,84,0.0,0,0,0,0
1994-08-18 23:00:00,19.9,95,0.0,0,0,0,0
1994-08-19 00:00:00,19.8,96,0.0,0,0,0,0
1994-08-19 01:00:00,19.7,96,0.0,0,0,0,0
1994-08-19 02:00:00,19.6,96,0.0,0,0,0,0
1994-08-19 03:00:00,19.5,90,0.0,0,0,0,0
1994-08-19 04:00:00,18.4,96,0.0,0,0,0,0
1994-08-19 05:00:00,19.3,80,0.0,0,0,0,0
1994-08-19 06:00:00,17.2,96,0.0,0,7,0,7
1994-08-19 07:00:00,18.3,93,0.0,0,62,0,62
1994-08-19 08:00:00,19.4,93,0.0,0,112,0,112
1994-08-19 09:00:00,21.4,84,0.0,0,176,0,176
1994-08-19 10:00:00,23.3,76,0.0,0,240,0,240
1994-08-19 11:00:00,25.0,68,0.0,0,288,0,288
1994-08-19 12:00:00,26.1,69,0.0,0,316,0,316
1994-08-19 13:00:00,27.1,64,0.0,0,816,605,279
1994-08-19 14:00:00,28.2,60,0.0,0,524,305,265
1994-08-19 15:00:00,28.8,57,0.0,0,592,228,418
1994-08-19 16:00:00,28.8,57,2.0,180,537,303,345
1994-08-19 17:00:00,28.8,57,0.0,0,302,268,176
1994-08-19 18:00:00,27.2,62,0.0,0,134,95,107
1994-08-19 19:00:00,25.5,72,0.0,0,33,2,33
1994-08-19 20:00:00,23.8,79,0.0,0,0,0,0
1994-08-19 21:00:00,23.3,82,0.0,0,0,0,0
1994-08-19 22:00:00,24.4,86,0.0,0,0,0,0
1994-08-19 23:00:00,23.5,92,0.0,0,0,0,0
1994-08-20 00:00:00,21.7,80,0.0,0,0,0,0
1994-08-20 01:00:00,21.8,85,0.0,0,0,0,0
1994-08-20 02:00:00,20.9,90,0.0,0,0,0,0
1994-08-20 03:00:00,21.0,89,0.0,0,0,0,0
1994-08-20 04:00:00,20.2,88,0.0,0,0,0,0
1994-08-20 05:00:00,19.3,94,0.0,0,0,0,0
1994-08-20 06:00:00,19.4,93,0.0,0,7,4,7
1994-08-20 07:00:00,20.0,93,0.0,0,116,337,52
1994-08-20 08:00:00,21.1,90,0.0,0,265,255,167
1994-08-20 09:00:00,23.8,82,0.0,0,483,674,108
1994-08-20 10:00:00,26.1,74,0.0,0,626,720,120
1994-08-20 11:00:00,27.7,67,0.0,0,789,818,125
1994-08-20 12:00:00,29.4,63,0.0,0,827,784,143
1994-08-20 13:00:00,29.4,61,3.0,160,878,842,133
1994-08-20 14:00:00,30.0,59,4.1,160,729,660,170
1994-08-20 15:00:00,30.5,55,3.6,180,717,787,120
1994-08-20 16:00:00,30.0,59,3.0,170,595,779,105
1994-08-20 17:00:00,29.4,57,2.5,170,382,639,84
1994-08-20 18:00:00,28.3,61,2.5,170,108,139,69
1994-08-20 19:00:00,26.6,67,3.0,170,34,61,29
1994-08-20 20:00:00,25.0,66,0.0,0,0,0,0
1994-08-20 21:00:00,24.4,79,2.0,170,0,0,0
1994-08-20 22:00:00,24.2,79,2.2,170,0,0,0
1994-08-20 23:00:00,24.0,85,2.4,170,0,0,0
1994-08-21 00:00:00,23.8,85,2.5,170,0,0,0
1994-08-21 01:00:00,23.6,81,2.7,170,0,0,0
1994-08-21 02:00:00,23.5,80,2.9,170,0,0,0
1994-08-21 03:00:00,23.3,81,3.1,170,0,0,0
1994-08-21 04:00:00,23.1,81,3.2,170,0,0,0
1994-08-21 05:00:00,23.9,82,3.4,170,0,0,0
1994-08-21 06:00:00,22.7,87,3.6,170,9,2,9
1994-08-21 07:00:00,23.3,84,3.0,170,105,23,101
1994-08-21 08:00:00,24.4,79,2.5,180,266,139,213
1994-08-21 09:00:00,25.0,79,2.5,180,183,0,183
1994-08-21 10:00:00,25.5,77,3.6,210,245,0,245
1994-08-21 11:00:00,26.6,74,2.5,190,290,0,290
1994-08-21 12:00:00,27.2,72,3.0,190,316,0,316
1994-08-21 13:00:00,27.7,69,2.5,170,257,0,257
1994-08-21 14:00:00,22.2,90,2.0,280,204,0,204
1994-08-21 15:00:00,23.3,84,2.0,320,214,0,214
1994-08-21 16:00:00,23.8,79,3.0,330,170,0,170
1994-08-21 17:00:00,23.8,76,0.0,0,115,0,115
1994-08-21 18:00:00,23.3,79,0.0,0,57,0,57
1994-08-21 19:00:00,22.7,85,0.0,0,19,0,19
1994-08-21 20:00:00,22.2,84,0.0,0,0,0,0
1994-08-21 21:00:00,21.6,82,0.0,0,0,0,0
1994-08-21 22:00:00,20.9,86,0.1,60,0,0,0
1994-08-21 23:00:00,20.2,90,0.1,120,0,0,0
1994-08-22 00:00:00,19.5,95,0.7,180,0,0,0
1994-08-22 01:00:00,19.8,93,0.7,220,0,0,0
1994-08-22 02:00:00,19.1,92,2.8,260,0,0,0
1994-08-22 03:00:00,19.4,91,1.8,330,0,0,0
1994-08-22 04:00:00,19.7,90,3.5,30,0,0,0
1994-08-22 05:00:00,19.0,95,3.5,70,0,0,0
1994-08-22 06:00:00,18.3,93,2.0,330,3,0,3
1994-08-22 07:00:00,18.3,93,2.0,350,34,0,34
1994-08-22 08:00:00,18.3,93,0.0,0,88,0,88
1994-08-22 09:00:00,18.8,93,2.0,300,102,0,102
1994-08-22 10:00:00,19.4,93,2.0,350,137,0,137
1994-08-22 11:00:00,19.4,93,2.5,350,232,0,232
1994-08-22 12:00:00,21.6,82,2.5,350,253,0,253
1994-08-22 13:00:00,22.7,73,2.5,350,321,0,321
1994-08-22 14:00:00,24.4,62,4.6,30,305,0,305
1994-08-22 15:00:00,23.8,60,5.1,30,268,0,268
1994-08-22 16:00:00,24.4,56,5.1,30,429,374,196
1994-08-22 17:00:00,24.3,58,2.6,20,285,282,156
1994-08-22 18:00:00,23.8,62,0.0,0,198,402,89
1994-08-22 19:00:00,22.2,73,0.0,0,17,0,17
1994-08-22 20:00:00,21.1,73,0.0,0,0,0,0
1994-08-22 21:00:00,20.0,81,0.0,0,0,0,0
1994-08-22 22:00:00,19.0,83,0.6,360,0,0,0
1994-08-22 23:00:00,18.1,85,0.0,0,0,0,0
1994-08-23 00:00:00,18.1,83,0.0,0,0,0,0
1994-08-23 01:00:00,16.2,90,0.9,350,0,0,0
1994-08-23 02:00:00,18.2,77,0.1,350,0,0,0
1994-08-23 03:00:00,15.3,84,0.0,0,0,0,0
1994-08-23 04:00:00,16.3,76,0.0,0,0,0,0
1994-08-23 05:00:00,14.4,83,0.0,0,0,0,0
1994-08-23 06:00:00,14.4,81,0.0,0,5,10,4
1994-08-23 07:00:00,15.5,78,0.0,0,103,273,54
1994-08-23 08:00:00,17.2,70,0.0,0,291,533,92
1994-08-23 09:00:00,18.6,63,1.5,10,492,669,125
1994-08-23 10:00:00,20.0,57,3.0,20,668,746,149
1994-08-23 11:00:00,21.1,51,3.0,360,799,788,165
1994-08-23 12:00:00,22.2,46,3.0,10,874,809,174
1994-08-23 13:00:00,23.3,50,0.0,0,888,813,175
1994-08-23 14:00:00,26.6,49,2.5,10,813,749,186
1994-08-23 15:00:00,25.0,42,0.0,0,693,694,173
1994-08-23 16:00:00,25.0,40,0.0,0,575,708,137
1994-08-23 17:00:00,24.4,45,2.0,210,353,479,136
1994-08-23 18:00:00,23.3,48,0.0,0,176,366,78
1994-08-23 19:00:00,22.2,53,0.0,0,28,54,24
1994-08-23 20:00:00,20.0,58,0.0,0,0,0,0
1994-08-23 21:00:00,17.2,75,0.0,0,0,0,0
1994-08-23 22:00:00,16.7,72,0.0,0,0,0,0
1994-08-23 23:00:00,16.3,78,0.0,0,0,0,0
1994-08-24 00:00:00,15.8,76,0.0,0,0,0,0
1994-08-24 01:00:00,14.4,82,0.0,0,0,0,0
1994-08-24 02:00:00,12.9,90,0.0,0,0,0,0
1994-08-24 03:00:00,12.5,92,0.0,0,0,0,0
1994-08-24 04:00:00,12.0,89,0.0,0,0,0,0
1994-08-24 05:00:00,11.6,90,0.0,0,0,0,0
1994-08-24 06:00:00,11.1,93,0.0,0,5,28,4
1994-08-24 07:00:00,13.3,87,0.0,0,104,331,45
1994-08-24 08:00:00,16.1,75,0.0,0,258,449,91
1994-08-24 09:00:00,18.8,73,0.0,0,463,675,94
1994-08-24 10:00:00,21.6,64,0.0,0,643,664,183
1994-08-24 11:00:00,23.3,53,0.0,0,417,74,358
1994-08-24 12:00:00,24.4,52,0.0,0,416,132,302
1994-08-24 13:00:00,25.0,50,0.0,0,376,144,250
1994-08-24 14:00:00,26.1,47,0.0,0,754,682,185
1994-08-24 15:00:00,26.1,47,2.5,160,693,770,120
1994-08-24 16:00:00,25.5,50,0.0,0,486,569,137
1994-08-24 17:00:00,25.0,54,2.0,140,359,582,97
1994-08-24 18:00:00,23.8,56,2.0,170,115,49,102
1994-08-24 19:00:00,22.7,59,0.0,0,22,7,21
1994-08-24 20:00:00,21.1,66,0.0,0,0,0,0
1994-08-24 21:00:00,20.0,70,0.0,0,0,0,0
1994-08-24 22:00:00,19.7,71,0.0,0,0,0,0
1994-08-24 23:00:00,19.2,72,0.0,0,0,0,0
1994-08-25 00:00:00,19.0,81,0.0,0,0,0,0
1994-08-25 01:00:00,18.7,77,0.0,0,0,0,0
1994-08-25 02:00:00,18.5,82,0.0,0,0,0,0
1994-08-25 03:00:00,18.3,82,0.0,0,0,0,0
1994-08-25 04:00:00,18.2,86,0.0,0,0,0,0
1994-08-25 05:00:00,17.6,83,0.0,0,0,0,0
1994-08-25 06:00:00,16.6,87,0.0,0,3,1,3
1994-08-25 07:00:00,18.3,81,0.0,0,89,15,86
1994-08-25 08:00:00,20.0,78,0.0,0,306,661,63
1994-08-25 09:00:00,22.2,71,0.0,0,505,775,84
1994-08-25 10:00:00,23.3,71,0.0,0,677,836,99
1994-08-25 11:00:00,24.8,67,0.0,0,804,870,110
1994-08-25 12:00:00,26.1,64,0.0,0,878,887,115
1994-08-25 13:00:00,27.2,62,0.0,0,862,753,205
1994-08-25 14:00:00,28.8,59,2.0,210,764,752,139
1994-08-25 15:00:00,29.4,59,2.5,250,487,317,252
1994-08-25 16:00:00,27.2,62,2.0,190,431,299,249
1994-08-25 17:00:00,26.6,56,2.0,190,143,51,120
1994-08-25 18:00:00,24.4,74,3.0,210,116,106,89
1994-08-25 19:00:00,23.3,82,0.0,0,30,142,19
1994-08-25 20:00:00,22.7,85,0.0,0,0,0,0
1994-08-25 21:00:00,22.7,87,1.5,350,0,0,0
1994-08-25 22:00:00,21.9,91,1.3,350,0,0,0
1994-08-25 23:00:00,21.0,93,1.1,350,0,0,0
1994-08-26 00:00:00,20.2,95,0.9,350,0,0,0
1994-08-26 01:00:00,19.5,97,0.8,360,0,0,0
1994-08-26 02:00:00,18.8,98,0.6,360,0,0,0
1994-08-26 03:00:00,18.2,96,0.4,360,0,0,0
1994-08-26 04:00:00,17.7,96,0.2,360,0,0,0
1994-08-26 05:00:00,16.6,98,0.0,0,0,0,0
1994-08-26 06:00:00,16.6,93,0.0,0,3,1,3
1994-08-26 07:00:00,17.7,93,0.0,0,53,9,51
1994-08-26 08:00:00,20.0,87,0.0,0,102,31,91
1994-08-26 09:00:00,20.0,93,0.0,0,155,47,129
1994-08-26 10:00:00,24.4,71,0.0,0,587,511,236
1994-08-26 11:00:00,26.1,67,0.0,0,733,662,206
1994-08-26 12:00:00,27.7,63,0.0,0,757,598,245
1994-08-26 13:00:00,28.3,63,0.0,0,823,673,238
1994-08-26 14:00:00,28.8,61,0.0,0,782,619,270
1994-08-26 15:00:00,30.5,55,0.0,0,667,641,194
1994-08-26 16:00:00,23.3,74,0.0,0,304,72,260
1994-08-26 17:00:00,24.4,79,0.0,0,129,0,129
1994-08-26 18:00:00,23.3,84,0.0,0,68,0,68
1994-08-26 19:00:00,23.3,82,0.0,0,19,0,19
1994-08-26 20:00:00,22.2,90,0.0,0,0,0,0
1994-08-26 21:00:00,22.2,87,0.0,0,0,0,0
1994-08-26 22:00:00,21.4,91,0.2,320,0,0,0
1994-08-26 23:00:00,21.6,89,0.0,0,0,0,0
1994-08-27 00:00:00,22.8,82,0.7,60,0,0,0
1994-08-27 01:00:00,22.0,86,0.0,0,0,0,0
1994-08-27 02:00:00,21.2,89,0.6,40,0,0,0
1994-08-27 03:00:00,21.4,93,0.0,0,0,0,0
1994-08-27 04:00:00,20.6,97,0.0,0,0,0,0
1994-08-27 05:00:00,21.8,89,0.0,0,0,0,0
1994-08-27 06:00:00,20.0,93,0.0,0,3,2,3
1994-08-27 07:00:00,20.0,93,0.0,0,90,46,82
1994-08-27 08:00:00,21.1,90,0.0,0,208,153,152
1994-08-27 09:00:00,24.4,69,0.0,0,381,339,198
1994-08-27 10:00:00,26.1,62,0.0,0,533,375,276
1994-08-27 11:00:00,26.1,64,3.0,260,649,414,321
1994-08-27 12:00:00,26.6,62,0.0,0,636,375,315
1994-08-27 13:00:00,28.3,61,0.0,0,797,647,238
1994-08-27 14:00:00,30.0,55,0.0,0,791,814,120
1994-08-27 15:00:00,30.0,55,1.5,270,673,756,118
1994-08-27 16:00:00,30.0,53,0.0,0,527,713,97
1994-08-27 17:00:00,29.4,57,0.0,0,242,225,144
1994-08-27 18:00:00,26.6,69,0.0,0,153,73,134
1994-08-27 19:00:00,26.1,69,0.0,0,21,5,20
1994-08-27 20:00:00,25.0,74,0.0,0,0,0,0
1994-08-27 21:00:00,22.7,87,0.0,0,0,0,0
1994-08-27 22:00:00,22.4,87,0.1,340,0,0,0
1994-08-27 23:00:00,22.0,83,0.2,320,0,0,0
1994-08-28 00:00:00,21.8,93,0.2,310,0,0,0
1994-08-28 01:00:00,21.6,87,0.4,290,0,0,0
1994-08-28 02:00:00,21.3,88,0.5,270,0,0,0
1994-08-28 03:00:00,21.2,87,0.6,250,0,0,0
1994-08-28 04:00:00,21.2,86,0.6,240,0,0,0
1994-08-28 05:00:00,20.6,88,0.7,220,0,0,0
1994-08-28 06:00:00,20.0,84,2.0,200,2,0,2
1994-08-28 07:00:00,20.0,87,0.0,0,66,35,60
1994-08-28 08:00:00,22.2,79,0.0,0,242,421,90
1994-08-28 09:00:00,23.3,79,1.5,190,312,60,280
1994-08-28 10:00:00,26.1,69,2.5,180,615,667,159
1994-08-28 11:00:00,27.7,65,2.5,210,740,698,188
1994-08-28 12:00:00,29.4,63,3.6,210,750,628,215
1994-08-28 13:00:00,28.8,65,3.0,190,313,0,313
1994-08-28 14:00:00,30.5,63,3.0,200,296,0,296
1994-08-28 15:00:00,30.5,61,3.6,210,258,0,258
1994-08-28 16:00:00,31.1,55,4.1,220,191,29,173
1994-08-28 17:00:00,30.0,55,3.0,220,132,0,132
1994-08-28 18:00:00,28.3,65,2.0,210,57,13,54
1994-08-28 19:00:00,27.2,69,2.0,220,16,0,16
1994-08-28 20:00:00,26.6,69,2.5,230,0,0,0
1994-08-28 21:00:00,26.1,69,3.0,230,0,0,0
1994-08-28 22:00:00,25.9,74,3.1,230,0,0,0
1994-08-28 23:00:00,25.6,75,3.3,230,0,0,0
1994-08-29 00:00:00,25.3,76,3.5,220,0,0,0
1994-08-29 01:00:00,25.2,76,3.6,220,0,0,0
1994-08-29 02:00:00,25.1,72,3.7,220,0,0,0
1994-08-29 03:00:00,25.1,72,3.9,220,0,0,0
1994-08-29 04:00:00,25.1,71,4.1,210,0,0,0
1994-08-29 05:00:00,24.6,73,4.2,210,0,0,0
1994-08-29 06:00:00,23.3,79,2.0,230,2,0,2
1994-08-29 07:00:00,23.3,79,0.0,0,39,0,39
1994-08-29 08:00:00,22.7,85,0.0,0,85,0,85
1994-08-29 09:00:00,20.5,90,2.5,360,144,0,144
1994-08-29 10:00:00,20.4,89,2.3,10,372,239,209
1994-08-29 11:00:00,20.0,90,2.0,10,466,118,372
1994-08-29 12:00:00,22.7,74,2.8,350,486,202,315
1994-08-29 13:00:00,25.0,62,3.6,330,435,88,359
1994-08-29 14:00:00,26.1,50,2.5,350,448,156,320
1994-08-29 15:00:00,24.4,54,2.5,320,441,103,366
1994-08-29 16:00:00,24.4,54,0.0,0,180,80,132
1994-08-29 17:00:00,23.8,52,3.0,350,156,62,129
1994-08-29 18:00:00,23.8,52,2.0,320,168,392,74
1994-08-29 19:00:00,22.2,55,0.0,0,17,40,15
1994-08-29 20:00:00,20.5,61,0.0,0,0,0,0
1994-08-29 21:00:00,19.4,65,0.0,0,0,0,0
1994-08-29 22:00:00,17.9,71,0.0,0,0,0,0
1994-08-29 23:00:00,17.4,73,0.0,0,0,0,0
1994-08-30 00:00:00,15.8,81,0.0,0,0,0,0
1994-08-30 01:00:00,16.3,78,0.0,0,0,0,0
1994-08-30 02:00:00,15.8,75,0.0,0,0,0,0
1994-08-30 03:00:00,15.3,77,0.0,0,0,0,0
1994-08-30 04:00:00,14.7,80,0.4,30,0,0,0
1994-08-30 05:00:00,13.2,88,0.0,0,0,0,0
1994-08-30 06:00:00,12.7,90,0.0,0,3,21,2
1994-08-30 07:00:00,14.4,87,0.0,0,99,360,40
1994-08-30 08:00:00,17.7,75,0.0,0,281,537,90
1994-08-30 09:00:00,20.0,63,0.0,0,489,751,90
1994-08-30 10:00:00,22.2,51,0.0,0,661,817,108
1994-08-30 11:00:00,22.7,51,0.0,0,718,714,158
1994-08-30 12:00:00,23.3,51,0.0,0,584,440,212
1994-08-30 13:00:00,23.3,51,0.0,0,823,764,169
1994-08-30 14:00:00,25.0,46,0.0,0,692,600,204
1994-08-30 15:00:00,25.0,48,0.0,0,662,739,127
1994-08-30 16:00:00,24.4,48,0.0,0,491,571,154
1994-08-30 17:00:00,25.0,48,0.0,0,337,561,99
1994-08-30 18:00:00,22.7,55,0.0,0,144,267,81
1994-08-30 19:00:00,21.1,63,0.0,0,18,71,14
1994-08-30 20:00:00,20.0,67,0.0,0,0,0,0
1994-08-30 21:00:00,17.7,78,0.0,0,0,0,0
1994-08-30 22:00:00,17.2,79,0.0,0,0,0,0
1994-08-30 23:00:00,16.6,80,0.0,0,0,0,0
1994-08-31 00:00:00,17.7,79,0.0,0,0,0,0
1994-08-31 01:00:00,17.7,79,0.0,0,0,0,0
1994-08-31 02:00:00,17.7,80,0.0,0,0,0,0
1994-08-31 03:00:00,17.7,80,0.0,0,0,0,0
1994-08-31 04:00:00,17.8,79,0.0,0,0,0,0
1994-08-31 05:00:00,18.0,79,0.0,0,0,0,0
1994-08-31 06:00:00,18.3,78,0.0,0,2,0,2
1994-08-31 07:00:00,19.4,76,0.0,0,36,0,36
1994-08-31 08:00:00,20.5,73,2.5,180,76,0,76
1994-08-31 09:00:00,21.1,73,3.0,190,134,0,134
1994-08-31 10:00:00,22.2,73,3.6,210,230,0,230
1994-08-31 11:00:00,22.2,79,0.0,0,221,0,221
1994-08-31 12:00:00,23.8,76,2.0,210,242,0,242
1994-08-31 13:00:00,25.5,69,2.0,200,307,0,307
1994-08-31 14:00:00,27.2,67,4.1,210,289,0,289
1994-08-31 15:00:00,25.5,72,2.0,210,200,0,200
1994-08-31 16:00:00,26.1,69,2.0,180,154,0,154
1994-08-31 17:00:00,24.4,82,3.0,170,122,0,122
1994-08-31 18:00:00,23.8,85,3.0,200,59,0,59
1994-08-31 19:00:00,22.7,85,0.0,0,10,0,10
1994-08-31 20:00:00,22.7,91,0.0,0,0,0,0
1994-08-31 21:00:00,22.7,87,2.0,220,0,0,0
1994-08-31 22:00:00,22.7,84,1.7,210,0,0,0
1994-08-31 23:00:00,22.8,82,1.4,210,0,0,0
1994-09-01 00:00:00,22.8,79,1.1,180,0,0,0
2000-09-01 01:00:00,22.9,94,0.9,110,0,0,0
2000-09-01 02:00:00,22.9,94,0.6,90,0,0,0
2000-09-01 03:00:00,23.0,94,0.3,0,0,0,0
2000-09-01 04:00:00,23.0,94,0.0,0,0,0,0
2000-09-01 05:00:00,23.0,94,1.5,110,0,0,0
2000-09-01 06:00:00,22.0,100,2.6,140,0,0,0
2000-09-01 07:00:00,22.0,100,1.5,80,100,99,85
2000-09-01 08:00:00,23.0,94,0.0,0,111,0,111
2000-09-01 09:00:00,24.0,94,3.6,160,140,0,140
2000-09-01 10:00:00,24.0,94,3.1,150,134,0,134
2000-09-01 11:00:00,26.0,84,3.6,160,236,6,232
2000-09-01 12:00:00,27.0,74,3.1,140,292,12,282
2000-09-01 13:00:00,28.0,70,4.1,150,407,36,376
2000-09-01 14:00:00,29.0,70,4.1,180,188,12,178
2000-09-01 15:00:00,26.0,89,3.1,350,550,315,325
2000-09-01 16:00:00,26.0,89,3.6,350,322,112,257
2000-09-01 17:00:00,25.0,89,3.6,320,58,0,58
2000-09-01 18:00:00,24.0,94,2.6,350,22,0,22
2000-09-01 19:00:00,24.0,100,0.0,0,4,0,4
2000-09-01 20:00:00,24.0,94,3.1,60,0,0,0
2000-09-01 21:00:00,23.0,94,2.6,110,0,0,0
2000-09-01 22:00:00,23.0,94,1.5,140,0,0,0
2000-09-01 23:00:00,23.0,94,0.0,0,0,0,0
2000-09-02 00:00:00,23.0,94,0.0,0,0,0,0
2000-09-02 01:00:00,23.0,94,0.0,0,0,0,0
2000-09-02 02:00:00,23.0,94,0.0,0,0,0,0
2000-09-02 03:00:00,22.0,100,2.1,90,0,0,0
2000-09-02 04:00:00,22.0,100,1.5,140,0,0,0
2000-09-02 05:00:00,22.0,100,0.0,0,0,0,0
2000-09-02 06:00:00,22.0,100,0.0,0,0,0,0
2000-09-02 07:00:00,23.0,94,1.5,150,45,0,45
2000-09-02 08:00:00,23.0,94,0.0,0,81,0,81
2000-09-02 09:00:00,25.0,89,2.1,90,294,98,243
2000-09-02 10:00:00,25.0,83,2.1,20,390,91,329
2000-09-02 11:00:00,25.0,89,0.0,0,448,85,382
2000-09-02 12:00:00,26.0,84,1.6,80,487,96,407
2000-09-02 13:00:00,26.0,84,3.1,150,478,102,392
2000-09-02 14:00:00,26.0,79,4.1,160,328,18,314
2000-09-02 15:00:00,26.0,79,2.1,150,350,48,316
2000-09-02 16:00:00,27.0,74,0.0,0,338,136,260
2000-09-02 17:00:00,27.0,70,0.0,0,282,278,169
2000-09-02 18:00:00,26.0,79,1.5,60,111,103,89
2000-09-02 19:00:00,26.0,79,1.5,110,4,0,4
2000-09-02 20:00:00,24.0,89,2.1,100,0,0,0
2000-09-02 21:00:00,24.0,89,2.1,180,0,0,0
2000-09-02 22:00:00,23.0,94,2.6,190,0,0,0
2000-09-02 23:00:00,23.0,94,1.5,130,0,0,0
2000-09-03 00:00:00,22.0,100,0.0,0,0,0,0
2000-09-03 01:00:00,23.0,89,0.0,0,0,0,0
2000-09-03 02:00:00,22.0,94,0.0,0,0,0,0
2000-09-03 03:00:00,21.0,100,1.5,70,0,0,0
2000-09-03 04:00:00,22.0,94,2.1,90,0,0,0
2000-09-03 05:00:00,21.0,100,0.0,0,0,0,0
2000-09-03 06:00:00,21.0,100,0.0,0,0,0,0
2000-09-03 07:00:00,22.0,94,0.0,0,81,85,68
2000-09-03 08:00:00,22.0,100,0.0,0,178,57,158
2000-09-03 09:00:00,23.0,94,1.5,320,288,68,253
2000-09-03 10:00:00,24.0,94,1.8,330,384,85,327
2000-09-03 11:00:00,25.0,89,2.1,340,435,79,375
2000-09-03 12:00:00,26.0,79,0.0,0,475,102,390
2000-09-03 13:00:00,26.0,84,3.6,40,610,264,388
2000-09-03 14:00:00,27.0,79,3.1,70,733,556,289
2000-09-03 15:00:00,27.0,70,3.6,140,510,268,321
2000-09-03 16:00:00,27.0,70,3.6,120,465,437,216
2000-09-03 17:00:00,27.0,70,0.0,0,245,174,175
2000-09-03 18:00:00,26.0,79,1.5,160,141,320,73
2000-09-03 19:00:00,25.0,83,2.6,200,3,0,3
2000-09-03 20:00:00,24.0,89,0.0,0,0,0,0
2000-09-03 21:00:00,23.0,94,0.0,0,0,0,0
2000-09-03 22:00:00,23.0,89,0.0,0,0,0,0
2000-09-03 23:00:00,23.0,89,0.0,0,0,0,0
2000-09-04 00:00:00,22.0,94,0.0,0,0,0,0
2000-09-04 01:00:00,22.0,94,2.1,140,0,0,0
2000-09-04 02:00:00,21.0,100,0.0,0,0,0,0
2000-09-04 03:00:00,22.0,94,1.5,160,0,0,0
2000-09-04 04:00:00,22.0,94,0.0,0,0,0,0
2000-09-04 05:00:00,22.0,94,0.0,0,0,0,0
2000-09-04 06:00:00,21.0,100,0.0,0,0,0,0
2000-09-04 07:00:00,21.0,100,0.0,0,59,0,59
2000-09-04 08:00:00,21.0,100,0.0,0,163,45,148
2000-09-04 09:00:00,24.0,89,0.0,0,315,142,242
2000-09-04 10:00:00,26.0,79,3.6,310,614,638,191
2000-09-04 11:00:00,27.0,66,2.6,320,697,604,232
2000-09-04 12:00:00,28.0,58,5.7,340,633,313,374
2000-09-04 13:00:00,29.0,55,5.7,320,723,510,296
2000-09-04 14:00:00,28.0,55,5.7,340,703,550,267
2000-09-04 15:00:00,28.0,55,5.7,360,635,589,222
2000-09-04 16:00:00,28.0,55,2.1,340,393,265,243
2000-09-04 17:00:00,27.0,62,3.1,310,260,174,191
2000-09-04 18:00:00,26.0,70,3.1,320,88,49,77
2000-09-04 19:00:00,25.0,69,7.2,10,3,11,3
2000-09-04 20:00:00,22.0,83,4.6,30,0,0,0
2000-09-04 21:00:00,21.0,69,7.7,40,0,0,0
2000-09-04 22:00:00,18.0,73,9.3,30,0,0,0
2000-09-04 23:00:00,17.0,72,8.2,30,0,0,0
2000-09-05 00:00:00,16.0,63,8.2,30,0,0,0
2000-09-05 01:00:00,15.0,63,8.2,20,0,0,0
2000-09-05 02:00:00,14.0,67,5.7,20,0,0,0
2000-09-05 03:00:00,13.0,72,5.7,10,0,0,0
2000-09-05 04:00:00,13.0,67,6.7,20,0,0,0
2000-09-05 05:00:00,12.0,71,6.2,20,0,0,0
2000-09-05 06:00:00,12.0,71,6.7,20,0,0,0
2000-09-05 07:00:00,12.0,71,4.1,20,60,0,60
2000-09-05 08:00:00,13.0,67,4.6,20,141,26,133
2000-09-05 09:00:00,15.0,63,5.7,50,462,530,191
2000-09-05 10:00:00,16.0,59,5.7,40,614,681,165
2000-09-05 11:00:00,17.0,59,5.7,20,747,785,145
2000-09-05 12:00:00,18.0,56,5.7,360,804,776,163
2000-09-05 13:00:00,19.0,49,5.1,40,831,809,156
2000-09-05 14:00:00,19.0,49,5.1,20,779,795,151
2000-09-05 15:00:00,20.0,46,5.1,40,664,732,154
2000-09-05 16:00:00,20.0,43,4.6,30,476,548,167
2000-09-05 17:00:00,20.0,43,4.1,70,312,491,118
2000-09-05 18:00:00,18.0,42,2.6,90,135,372,59
2000-09-05 19:00:00,16.0,51,2.1,50,1,0,1
2000-09-05 20:00:00,15.0,55,2.1,60,0,0,0
2000-09-05 21:00:00,14.0,55,2.1,70,0,0,0
2000-09-05 22:00:00,13.0,62,2.1,80,0,0,0
2000-09-05 23:00:00,12.0,62,1.5,60,0,0,0
2000-09-06 00:00:00,12.0,58,1.5,70,0,0,0
2000-09-06 01:00:00,11.0,62,1.5,70,0,0,0
2000-09-06 02:00:00,10.0,66,2.6,80,0,0,0
2000-09-06 03:00:00,9.0,71,2.6,80,0,0,0
2000-09-06 04:00:00,9.0,71,2.6,70,0,0,0
2000-09-06 05:00:00,8.0,81,0.0,0,0,0,0
2000-09-06 06:00:00,8.0,76,0.0,0,0,0,0
2000-09-06 07:00:00,9.0,81,0.0,0,85,143,65
2000-09-06 08:00:00,12.0,71,0.0,0,268,493,104
2000-09-06 09:00:00,14.0,63,2.1,50,449,628,129
2000-09-06 10:00:00,17.0,55,2.6,100,627,735,144
2000-09-06 11:00:00,17.0,55,2.6,120,734,767,149
2000-09-06 12:00:00,19.0,49,3.6,140,798,770,165
2000-09-06 13:00:00,19.0,49,3.1,110,824,797,162
2000-09-06 14:00:00,19.0,52,3.6,100,767,765,166
2000-09-06 15:00:00,20.0,49,4.1,80,658,755,134
2000-09-06 16:00:00,21.0,46,2.6,90,486,637,131
2000-09-06 17:00:00,20.0,49,3.6,110,316,537,107
2000-09-06 18:00:00,19.0,52,3.1,130,129,359,58
2000-09-06 19:00:00,17.0,59,2.1,120,0,0,0
2000-09-06 20:00:00,16.0,68,2.6,120,0,0,0
2000-09-06 21:00:00,15.0,72,2.6,140,0,0,0
2000-09-06 22:00:00,14.0,72,2.1,140,0,0,0
2000-09-06 23:00:00,13.0,77,2.6,150,0,0,0
2000-09-07 00:00:00,13.0,77,1.5,110,0,0,0
2000-09-07 01:00:00,12.0,82,1.5,70,0,0,0
2000-09-07 02:00:00,12.0,82,3.1,70,0,0,0
2000-09-07 03:00:00,12.0,82,2.6,110,0,0,0
2000-09-07 04:00:00,12.0,82,0.0,0,0,0,0
2000-09-07 05:00:00,11.0,87,1.5,70,0,0,0
2000-09-07 06:00:00,11.0,87,3.1,90,0,0,0
2000-09-07 07:00:00,12.0,82,1.5,110,87,160,65
2000-09-07 08:00:00,14.0,77,0.0,0,269,506,101
2000-09-07 09:00:00,16.0,63,4.1,200,456,659,122
2000-09-07 10:00:00,17.0,59,4.1,180,576,565,207
2000-09-07 11:00:00,18.0,56,3.6,200,709,646,218
2000-09-07 12:00:00,19.0,52,0.0,0,810,806,150
2000-09-07 13:00:00,20.0,53,3.6,170,818,791,164
2000-09-07 14:00:00,21.0,49,3.1,180,767,783,155
2000-09-07 15:00:00,21.0,53,4.1,160,652,749,136
2000-09-07 16:00:00,22.0,50,4.1,160,502,701,115
2000-09-07 17:00:00,22.0,50,4.1,180,315,594,87
2000-09-07 18:00:00,21.0,56,4.1,170,124,379,50
2000-09-07 19:00:00,19.0,64,2.1,140,0,0,0
2000-09-07 20:00:00,18.0,68,1.5,140,0,0,0
2000-09-07 21:00:00,17.0,72,2.6,140,0,0,0
2000-09-07 22:00:00,16.0,77,3.6,140,0,0,0
2000-09-07 23:00:00,15.0,82,2.6,160,0,0,0
2000-09-08 00:00:00,15.0,77,1.5,150,0,0,0
2000-09-08 01:00:00,14.0,82,2.6,180,0,0,0
2000-09-08 02:00:00,14.0,88,1.5,180,0,0,0
2000-09-08 03:00:00,14.0,88,0.0,0,0,0,0
2000-09-08 04:00:00,13.0,94,1.5,170,0,0,0
2000-09-08 05:00:00,13.0,94,1.5,160,0,0,0
2000-09-08 06:00:00,13.0,88,0.0,0,0,0,0
2000-09-08 07:00:00,13.0,94,2.1,160,51,0,51
2000-09-08 08:00:00,16.0,82,1.5,210,225,256,141
2000-09-08 09:00:00,17.0,77,2.6,170,423,462,190
2000-09-08 10:00:00,19.0,73,1.5,220,493,292,303
2000-09-08 11:00:00,19.0,73,1.8,210,286,24,268
2000-09-08 12:00:00,21.0,64,2.1,190,518,162,385
2000-09-08 13:00:00,22.0,60,2.6,180,561,210,389
2000-09-08 14:00:00,22.0,64,2.1,220,462,137,356
2000-09-08 15:00:00,22.0,73,0.0,0,189,12,180
2000-09-08 16:00:00,23.0,65,0.0,0,226,24,213
2000-09-08 17:00:00,23.0,65,3.1,200,129,0,129
2000-09-08 18:00:00,22.0,69,2.1,180,42,0,42
2000-09-08 19:00:00,22.0,73,1.5,190,0,0,0
2000-09-08 20:00:00,21.0,78,1.5,140,0,0,0
2000-09-08 21:00:00,20.0,83,1.5,130,0,0,0
2000-09-08 22:00:00,20.0,83,0.0,0,0,0,0
2000-09-08 23:00:00,19.0,88,1.5,80,0,0,0
2000-09-09 00:00:00,19.0,88,0.0,0,0,0,0
2000-09-09 01:00:00,19.0,88,1.5,70,0,0,0
2000-09-09 02:00:00,19.0,88,0.0,0,0,0,0
2000-09-09 03:00:00,19.0,88,0.0,0,0,0,0
2000-09-09 04:00:00,18.0,94,1.5,100,0,0,0
2000-09-09 05:00:00,19.0,88,0.0,0,0,0,0
2000-09-09 06:00:00,19.0,88,0.0,0,0,0,0
2000-09-09 07:00:00,19.0,88,0.0,0,52,0,52
2000-09-09 08:00:00,19.0,88,0.0,0,120,0,120
2000-09-09 09:00:00,21.0,83,0.0,0,229,43,207
2000-09-09 10:00:00,23.0,78,1.5,280,596,584,218
2000-09-09 11:00:00,25.0,69,0.0,0,716,719,174
2000-09-09 12:00:00,27.0,58,0.0,0,773,674,226
2000-09-09 13:00:00,28.0,58,0.0,0,693,462,315
2000-09-09 14:00:00,27.0,62,0.0,0,533,227,357
2000-09-09 15:00:00,28.0,58,0.0,0,354,77,302
2000-09-09 16:00:00,28.0,58,0.0,0,402,330,223
2000-09-09 17:00:00,28.0,55,0.0,0,283,438,119
2000-09-09 18:00:00,27.0,62,0.0,0,96,164,66
2000-09-09 19:00:00,26.0,61,1.5,180,0,0,0
2000-09-09 20:00:00,24.0,74,2.1,150,0,0,0
2000-09-09 21:00:00,23.0,78,2.1,140,0,0,0
2000-09-09 22:00:00,22.0,79,1.5,130,0,0,0
2000-09-09 23:00:00,22.0,77,2.1,80,0,0,0
2000-09-10 00:00:00,21.0,81,2.1,90,0,0,0
2000-09-10 01:00:00,20.0,90,2.1,70,0,0,0
2000-09-10 02:00:00,20.0,89,0.0,0,0,0,0
2000-09-10 03:00:00,19.0,93,1.5,40,0,0,0
2000-09-10 04:00:00,19.0,97,2.1,70,0,0,0
2000-09-10 05:00:00,19.0,96,0.0,0,0,0,0
2000-09-10 06:00:00,19.0,94,3.1,80,0,0,0
2000-09-10 07:00:00,18.0,98,0.0,0,53,0,53
2000-09-10 08:00:00,20.0,88,1.5,300,211,193,149
2000-09-10 09:00:00,23.0,72,1.5,300,417,456,190
2000-09-10 10:00:00,24.0,72,2.6,230,596,687,153
2000-09-10 11:00:00,27.0,60,3.6,160,710,652,220
2000-09-10 12:00:00,27.0,64,3.1,140,633,343,356
2000-09-10 13:00:00,28.0,64,3.6,180,615,288,381
2000-09-10 14:00:00,28.0,68,4.6,150,731,627,249
2000-09-10 15:00:00,29.0,60,4.1,140,616,666,167
2000-09-10 16:00:00,29.0,57,5.1,160,457,530,171
2000-09-10 17:00:00,28.0,64,4.1,140,241,219,161
2000-09-10 18:00:00,27.0,71,4.1,150,103,284,53
2000-09-10 19:00:00,25.0,49,2.6,130,0,0,0
2000-09-10 20:00:00,24.0,80,3.1,130,0,0,0
2000-09-10 21:00:00,23.0,91,2.6,150,0,0,0
2000-09-10 22:00:00,22.0,86,2.6,120,0,0,0
2000-09-10 23:00:00,22.0,88,0.0,0,0,0,0
2000-09-11 00:00:00,23.0,80,3.1,80,0,0,0
2000-09-11 01:00:00,22.0,86,1.5,160,0,0,0
2000-09-11 02:00:00,21.0,91,2.1,140,0,0,0
2000-09-11 03:00:00,21.0,89,3.6,140,0,0,0
2000-09-11 04:00:00,21.0,88,3.1,170,0,0,0
2000-09-11 05:00:00,21.0,88,3.6,160,0,0,0
2000-09-11 06:00:00,21.0,89,4.1,160,0,0,0
2000-09-11 07:00:00,20.0,95,0.0,0,14,0,14
2000-09-11 08:00:00,19.0,100,2.1,110,83,0,83
2000-09-11 09:00:00,20.0,89,2.6,130,74,0,74
2000-09-11 10:00:00,21.0,86,3.1,160,103,0,103
2000-09-11 11:00:00,22.0,83,3.6,150,124,0,124
2000-09-11 12:00:00,22.0,83,4.1,170,134,0,134
2000-09-11 13:00:00,23.0,78,3.6,160,507,162,376
2000-09-11 14:00:00,23.0,83,4.1,150,234,12,225
2000-09-11 15:00:00,23.0,89,4.1,140,103,0,103
2000-09-11 16:00:00,24.0,78,3.6,150,275,77,234
2000-09-11 17:00:00,23.0,83,2.6,150,123,0,123
2000-09-11 18:00:00,23.0,83,2.6,140,37,0,37
2000-09-11 19:00:00,23.0,83,3.6,150,0,0,0
2000-09-11 20:00:00,23.0,83,2.6,160,0,0,0
2000-09-11 21:00:00,23.0,83,3.1,160,0,0,0
2000-09-11 22:00:00,23.0,78,1.5,170,0,0,0
2000-09-11 23:00:00,23.0,78,4.6,170,0,0,0
2000-09-12 00:00:00,22.0,78,4.6,170,0,0,0
2000-09-12 01:00:00,22.0,83,4.1,160,0,0,0
2000-09-12 02:00:00,22.0,83,4.1,170,0,0,0
2000-09-12 03:00:00,22.0,83,4.1,160,0,0,0
2000-09-12 04:00:00,22.0,83,3.1,170,0,0,0
2000-09-12 05:00:00,21.0,88,2.6,160,0,0,0
2000-09-12 06:00:00,21.0,88,4.6,150,0,0,0
2000-09-12 07:00:00,21.0,88,5.1,160,70,93,59
2000-09-12 08:00:00,21.0,88,3.1,160,68,0,68
2000-09-12 09:00:00,23.0,83,4.6,170,142,0,142
2000-09-12 10:00:00,24.0,74,4.6,190,301,36,278
2000-09-12 11:00:00,24.0,78,4.1,180,268,18,254
2000-09-12 12:00:00,26.0,74,5.7,160,706,529,282
2000-09-12 13:00:00,27.0,66,5.1,180,603,276,380
2000-09-12 14:00:00,27.0,70,4.6,180,661,532,256
2000-09-12 15:00:00,28.0,66,5.1,180,564,475,248
2000-09-12 16:00:00,22.0,94,5.1,190,88,0,88
2000-09-12 17:00:00,24.0,89,4.1,160,46,0,46
2000-09-12 18:00:00,23.0,94,4.1,160,93,162,66
2000-09-12 19:00:00,23.0,94,1.5,190,0,0,0
2000-09-12 20:00:00,23.0,94,2.6,180,0,0,0
2000-09-12 21:00:00,22.0,100,2.1,200,0,0,0
2000-09-12 22:00:00,22.0,100,1.5,180,0,0,0
2000-09-12 23:00:00,22.0,94,2.1,190,0,0,0
2000-09-13 00:00:00,22.0,94,2.6,200,0,0,0
2000-09-13 01:00:00,22.0,94,2.6,210,0,0,0
2000-09-13 02:00:00,22.0,94,2.6,330,0,0,0
2000-09-13 03:00:00,21.0,88,2.1,330,0,0,0
2000-09-13 04:00:00,19.0,94,3.1,320,0,0,0
2000-09-13 05:00:00,19.0,94,1.5,300,0,0,0
2000-09-13 06:00:00,20.0,88,0.0,0,0,0,0
2000-09-13 07:00:00,19.0,94,0.0,0,72,102,60
2000-09-13 08:00:00,22.0,78,3.1,300,228,271,143
2000-09-13 09:00:00,22.0,78,5.7,320,270,99,221
2000-09-13 10:00:00,23.0,73,3.1,340,577,602,195
2000-09-13 11:00:00,24.0,61,6.7,310,704,664,212
2000-09-13 12:00:00,24.0,54,4.1,300,584,319,330
2000-09-13 13:00:00,24.0,54,2.6,300,794,707,226
2000-09-13 14:00:00,25.0,41,5.1,310,737,764,158
2000-09-13 15:00:00,25.0,39,5.7,320,621,754,122
2000-09-13 16:00:00,25.0,39,4.1,320,472,688,111
2000-09-13 17:00:00,24.0,36,4.1,320,285,568,84
2000-09-13 18:00:00,23.0,38,2.1,350,95,316,44
2000-09-13 19:00:00,20.0,49,3.1,10,0,0,0
2000-09-13 20:00:00,19.0,52,2.6,40,0,0,0
2000-09-13 21:00:00,18.0,64,1.5,60,0,0,0
2000-09-13 22:00:00,16.0,72,0.0,0,0,0,0
2000-09-13 23:00:00,16.0,72,0.0,0,0,0,0
2000-09-14 00:00:00,15.0,77,0.0,0,0,0,0
2000-09-14 01:00:00,14.0,82,0.0,0,0,0,0
2000-09-14 02:00:00,13.0,88,2.1,60,0,0,0
2000-09-14 03:00:00,13.0,88,1.5,110,0,0,0
2000-09-14 04:00:00,13.0,82,2.6,110,0,0,0
2000-09-14 05:00:00,12.0,88,0.0,0,0,0,0
2000-09-14 06:00:00,13.0,88,0.0,0,0,0,0
2000-09-14 07:00:00,14.0,77,0.0,0,74,129,59
2000-09-14 08:00:00,15.0,82,0.0,0,251,381,133
2000-09-14 09:00:00,17.0,77,2.1,310,311,185,220
2000-09-14 10:00:00,18.0,73,1.5,330,160,0,160
2000-09-14 11:00:00,21.0,56,3.1,120,492,199,345
2000-09-14 12:00:00,23.0,53,4.1,160,706,565,258
2000-09-14 13:00:00,23.0,53,2.6,180,734,605,250
2000-09-14 14:00:00,24.0,61,4.6,170,695,639,215
2000-09-14 15:00:00,24.0,65,5.1,180,604,630,190
2000-09-14 16:00:00,24.0,65,4.6,180,362,265,224
2000-09-14 17:00:00,24.0,69,3.6,160,101,0,101
2000-09-14 18:00:00,23.0,73,3.1,140,55,31,50
2000-09-14 19:00:00,21.0,88,2.6,330,0,0,0
2000-09-14 20:00:00,22.0,88,0.0,0,0,0,0
2000-09-14 21:00:00,21.0,100,2.6,190,0,0,0
2000-09-14 22:00:00,21.0,100,2.1,180,0,0,0
2000-09-14 23:00:00,20.0,100,1.5,230,0,0,0
2000-09-15 00:00:00,21.0,88,2.6,250,0,0,0
2000-09-15 01:00:00,21.0,83,2.1,240,0,0,0
2000-09-15 02:00:00,19.0,83,3.6,300,0,0,0
2000-09-15 03:00:00,18.0,83,2.6,340,0,0,0
2000-09-15 04:00:00,18.0,77,5.7,330,0,0,0
2000-09-15 05:00:00,17.0,82,4.6,310,0,0,0
2000-09-15 06:00:00,16.0,77,3.1,320,0,0,0
2000-09-15 07:00:00,16.0,72,4.1,310,31,0,31
2000-09-15 08:00:00,16.0,68,4.6,310,244,452,105
2000-09-15 09:00:00,17.0,68,6.2,290,426,543,163
2000-09-15 10:00:00,18.0,64,3.6,320,424,219,286
2000-09-15 11:00:00,20.0,53,6.2,290,673,586,243
2000-09-15 12:00:00,21.0,46,7.7,310,706,596,236
2000-09-15 13:00:00,21.0,43,7.2,290,644,378,344
2000-09-15 14:00:00,22.0,41,6.7,280,695,478,338
2000-09-15 15:00:00,17.0,59,9.8,310,97,0,97
2000-09-15 16:00:00,14.0,67,5.7,300,175,6,172
2000-09-15 17:00:00,14.0,72,4.6,280,71,0,71
2000-09-15 18:00:00,14.0,67,4.6,280,81,148,59
2000-09-15 19:00:00,13.0,67,4.1,270,0,0,0
2000-09-15 20:00:00,12.0,67,0.0,0,0,0,0
2000-09-15 21:00:00,11.0,71,5.1,290,0,0,0
2000-09-15 22:00:00,11.0,71,4.1,300,0,0,0
2000-09-15 23:00:00,11.0,76,2.1,290,0,0,0
2000-09-16 00:00:00,10.0,82,2.6,270,0,0,0
2000-09-16 01:00:00,10.0,82,2.1,240,0,0,0
2000-09-16 02:00:00,11.0,76,1.5,250,0,0,0
2000-09-16 03:00:00,11.0,76,2.6,240,0,0,0
2000-09-16 04:00:00,9.0,87,1.5,330,0,0,0
2000-09-16 05:00:00,9.0,87,0.0,0,0,0,0
2000-09-16 06:00:00,9.0,87,0.0,0,0,0,0
2000-09-16 07:00:00,9.0,93,1.5,160,63,44,58
2000-09-16 08:00:00,13.0,72,3.1,280,245,427,115
2000-09-16 09:00:00,13.0,72,0.0,0,426,525,174
2000-09-16 10:00:00,14.0,67,2.1,320,250,24,235
2000-09-16 11:00:00,15.0,63,4.1,280,467,169,344
2000-09-16 12:00:00,14.0,72,5.1,290,207,6,202
2000-09-16 13:00:00,12.0,88,7.2,320,131,0,131
2000-09-16 14:00:00,16.0,72,5.7,330,531,251,345
2000-09-16 15:00:00,16.0,59,5.1,320,529,416,260
2000-09-16 16:00:00,16.0,59,5.7,300,71,0,71
2000-09-16 17:00:00,16.0,55,5.1,290,262,314,156
2000-09-16 18:00:00,14.0,63,5.1,290,76,193,48
2000-09-16 19:00:00,12.0,71,3.1,260,0,0,0
2000-09-16 20:00:00,12.0,67,2.1,240,0,0,0
2000-09-16 21:00:00,12.0,67,2.6,250,0,0,0
2000-09-16 22:00:00,11.0,71,2.1,290,0,0,0
2000-09-16 23:00:00,9.0,81,1.5,210,0,0,0
2000-09-17 00:00:00,9.0,81,3.1,260,0,0,0
2000-09-17 01:00:00,9.0,81,2.6,220,0,0,0
2000-09-17 02:00:00,10.0,76,3.6,220,0,0,0
2000-09-17 03:00:00,9.0,81,2.6,200,0,0,0
2000-09-17 04:00:00,9.0,81,2.1,190,0,0,0
2000-09-17 05:00:00,7.0,93,2.1,180,0,0,0
2000-09-17 06:00:00,7.0,93,2.1,170,0,0,0
2000-09-17 07:00:00,8.0,87,0.0,0,49,0,49
2000-09-17 08:00:00,11.0,71,2.1,200,231,402,110
2000-09-17 09:00:00,12.0,67,3.1,200,413,581,136
2000-09-17 10:00:00,14.0,59,3.6,230,585,706,146
2000-09-17 11:00:00,17.0,48,5.7,250,691,749,148
2000-09-17 12:00:00,19.0,46,5.1,260,761,782,150
2000-09-17 13:00:00,19.0,46,4.6,190,775,779,163
2000-09-17 14:00:00,21.0,40,3.6,260,718,758,158
2000-09-17 15:00:00,22.0,35,5.1,250,603,736,130
2000-09-17 16:00:00,22.0,35,4.1,220,437,634,118
2000-09-17 17:00:00,21.0,38,4.1,220,261,531,85
2000-09-17 18:00:00,20.0,46,3.6,220,78,272,40
2000-09-17 19:00:00,18.0,52,2.1,180,0,0,0
2000-09-17 20:00:00,17.0,52,3.1,190,0,0,0
2000-09-17 21:00:00,16.0,59,1.5,180,0,0,0
2000-09-17 22:00:00,15.0,63,3.1,190,0,0,0
2000-09-17 23:00:00,14.0,67,2.6,200,0,0,0
2000-09-18 00:00:00,14.0,67,2.6,210,0,0,0
2000-09-18 01:00:00,13.0,72,0.0,0,0,0,0
2000-09-18 02:00:00,12.0,82,2.6,150,0,0,0
2000-09-18 03:00:00,12.0,82,3.6,140,0,0,0
2000-09-18 04:00:00,12.0,82,2.6,130,0,0,0
2000-09-18 05:00:00,12.0,82,2.6,150,0,0,0
2000-09-18 06:00:00,11.0,87,2.1,160,0,0,0
2000-09-18 07:00:00,12.0,82,1.5,110,51,0,51
2000-09-18 08:00:00,13.0,82,2.6,170,193,149,148
2000-09-18 09:00:00,16.0,63,1.5,180,345,321,193
2000-09-18 10:00:00,18.0,56,2.1,180,488,365,263
2000-09-18 11:00:00,19.0,52,0.0,0,392,85,331
2000-09-18 12:00:00,21.0,49,2.1,220,724,559,289
2000-09-18 13:00:00,22.0,46,0.0,0,471,144,359
2000-09-18 14:00:00,22.0,46,2.9,90,584,340,334
2000-09-18 15:00:00,23.0,44,5.7,180,591,647,179
2000-09-18 16:00:00,22.0,50,2.6,180,338,241,218
2000-09-18 17:00:00,22.0,50,2.1,170,115,6,113
2000-09-18 18:00:00,21.0,56,1.5,80,26,0,26
2000-09-18 19:00:00,19.0,73,2.6,140,0,0,0
2000-09-18 20:00:00,18.0,73,2.1,150,0,0,0
2000-09-18 21:00:00,18.0,68,3.6,180,0,0,0
2000-09-18 22:00:00,18.0,68,3.1,170,0,0,0
2000-09-18 23:00:00,17.0,72,2.6,120,0,0,0
2000-09-19 00:00:00,17.0,72,1.5,160,0,0,0
2000-09-19 01:00:00,16.0,82,2.6,120,0,0,0
2000-09-19 02:00:00,16.0,82,1.5,80,0,0,0
2000-09-19 03:00:00,16.0,82,1.5,110,0,0,0
2000-09-19 04:00:00,16.0,82,0.0,0,0,0,0
2000-09-19 05:00:00,16.0,77,0.0,0,0,0,0
2000-09-19 06:00:00,14.0,94,1.5,320,0,0,0
2000-09-19 07:00:00,14.0,94,3.1,350,18,0,18
2000-09-19 08:00:00,14.0,100,2.6,360,46,0,46
2000-09-19 09:00:00,14.0,100,3.1,340,81,0,81
2000-09-19 10:00:00,15.0,100,4.1,350,96,0,96
2000-09-19 11:00:00,15.0,100,5.1,340,112,0,112
2000-09-19 12:00:00,16.0,100,5.7,350,152,0,152
2000-09-19 13:00:00,16.0,100,3.6,340,119,0,119
2000-09-19 14:00:00,16.0,100,4.1,340,111,0,111
2000-09-19 15:00:00,16.0,100,3.1,340,97,0,97
2000-09-19 16:00:00,16.0,100,2.6,300,71,0,71
2000-09-19 17:00:00,16.0,94,0.0,0,40,0,40
2000-09-19 18:00:00,16.0,88,1.5,220,32,0,32
2000-09-19 19:00:00,15.0,94,2.6,220,0,0,0
2000-09-19 20:00:00,15.0,100,2.1,190,0,0,0
2000-09-19 21:00:00,15.0,94,2.1,170,0,0,0
2000-09-19 22:00:00,14.0,100,2.1,160,0,0,0
2000-09-19 23:00:00,14.0,100,2.1,130,0,0,0
2000-09-20 00:00:00,14.0,100,1.5,140,0,0,0
2000-09-20 01:00:00,14.0,100,1.5,150,0,0,0
2000-09-20 02:00:00,14.0,100,1.5,180,0,0,0
2000-09-20 03:00:00,13.0,100,0.0,0,0,0,0
2000-09-20 04:00:00,13.0,100,0.0,0,0,0,0
2000-09-20 05:00:00,13.0,100,0.0,0,0,0,0
2000-09-20 06:00:00,13.0,100,0.0,0,0,0,0
2000-09-20 07:00:00,12.0,100,0.0,0,0,0,0
2000-09-20 08:00:00,15.0,100,2.6,180,155,65,136
2000-09-20 09:00:00,17.0,94,2.6,180,278,130,218
2000-09-20 10:00:00,19.0,83,3.6,180,553,615,177
2000-09-20 11:00:00,23.0,65,3.6,220,685,743,154
2000-09-20 12:00:00,25.0,61,4.1,220,743,758,159
2000-09-20 13:00:00,27.0,51,4.1,230,745,719,189
2000-09-20 14:00:00,28.0,48,3.6,200,694,722,171
2000-09-20 15:00:00,29.0,45,4.1,200,567,659,154
2000-09-20 16:00:00,28.0,48,6.2,190,413,581,130
2000-09-20 17:00:00,27.0,54,4.1,180,239,444,99
2000-09-20 18:00:00,26.0,58,4.1,170,67,216,40
2000-09-20 19:00:00,24.0,65,4.6,160,0,0,0
2000-09-20 20:00:00,24.0,65,5.7,180,0,0,0
2000-09-20 21:00:00,23.0,69,4.6,190,0,0,0
2000-09-20 22:00:00,23.0,69,4.1,180,0,0,0
2000-09-20 23:00:00,22.0,73,4.1,190,0,0,0
2000-09-21 00:00:00,21.0,78,3.1,180,0,0,0
2000-09-21 01:00:00,21.0,78,5.1,190,0,0,0
2000-09-21 02:00:00,21.0,78,4.6,190,0,0,0
2000-09-21 03:00:00,20.0,88,7.2,280,0,0,0
2000-09-21 04:00:00,19.0,64,11.3,290,0,0,0
2000-09-21 05:00:00,18.0,68,6.7,290,0,0,0
2000-09-21 06:00:00,18.0,64,2.6,230,0,0,0
2000-09-21 07:00:00,18.0,64,3.6,270,0,0,0
2000-09-21 08:00:00,17.0,68,6.2,260,39,0,39
2000-09-21 09:00:00,19.0,60,5.1,270,394,347,233
2000-09-21 10:00:00,20.0,53,9.3,290,489,414,237
2000-09-21 11:00:00,19.0,52,8.2,280,636,592,215
2000-09-21 12:00:00,21.0,46,7.2,300,724,686,199
2000-09-21 13:00:00,22.0,43,10.8,290,745,737,178
2000-09-21 14:00:00,22.0,46,7.2,300,682,698,180
2000-09-21 15:00:00,21.0,46,6.7,320,561,670,144
2000-09-21 16:00:00,21.0,46,7.2,300,429,668,107
2000-09-21 17:00:00,19.0,49,7.2,300,233,449,94
2000-09-21 18:00:00,17.0,55,4.1,310,55,199,31
2000-09-21 19:00:00,17.0,55,2.1,80,0,0,0
2000-09-21 20:00:00,14.0,67,2.6,320,0,0,0
2000-09-21 21:00:00,14.0,67,0.0,0,0,0,0
2000-09-21 22:00:00,15.0,59,0.0,0,0,0,0
2000-09-21 23:00:00,14.0,67,2.6,210,0,0,0
2000-09-22 00:00:00,13.0,72,2.6,250,0,0,0
2000-09-22 01:00:00,12.0,76,2.1,200,0,0,0
2000-09-22 02:00:00,11.0,82,2.1,310,0,0,0
2000-09-22 03:00:00,11.0,82,1.5,340,0,0,0
2000-09-22 04:00:00,10.0,87,0.0,0,0,0,0
2000-09-22 05:00:00,11.0,82,2.6,350,0,0,0
2000-09-22 06:00:00,10.0,87,3.1,350,0,0,0
2000-09-22 07:00:00,9.0,93,2.6,330,0,0,0
2000-09-22 08:00:00,12.0,82,0.0,0,227,398,113
2000-09-22 09:00:00,14.0,72,0.0,0,394,532,149
2000-09-22 10:00:00,17.0,59,0.9,310,553,688,138
2000-09-22 11:00:00,17.0,55,1.7,250,673,731,156
2000-09-22 12:00:00,18.0,49,2.6,200,730,740,167
2000-09-22 13:00:00,19.0,52,3.6,170,727,689,200
2000-09-22 14:00:00,19.0,52,4.1,170,682,716,170
2000-09-22 15:00:00,20.0,49,4.6,170,572,718,129
2000-09-22 16:00:00,21.0,46,4.6,180,412,598,127
2000-09-22 17:00:00,20.0,56,4.6,180,227,403,104
2000-09-22 18:00:00,19.0,60,3.1,160,44,86,34
2000-09-22 19:00:00,17.0,68,1.5,150,0,0,0
2000-09-22 20:00:00,17.0,72,3.1,140,0,0,0
2000-09-22 21:00:00,16.0,77,3.1,140,0,0,0
2000-09-22 22:00:00,16.0,77,4.1,160,0,0,0
2000-09-22 23:00:00,16.0,77,3.6,160,0,0,0
2000-09-23 00:00:00,16.0,77,4.1,160,0,0,0
2000-09-23 01:00:00,16.0,82,3.1,140,0,0,0
2000-09-23 02:00:00,16.0,82,3.1,150,0,0,0
2000-09-23 03:00:00,16.0,82,3.6,150,0,0,0
2000-09-23 04:00:00,16.0,82,2.6,180,0,0,0
2000-09-23 05:00:00,16.0,88,3.1,180,0,0,0
2000-09-23 06:00:00,16.0,88,2.6,160,0,0,0
2000-09-23 07:00:00,16.0,88,3.1,150,0,0,0
2000-09-23 08:00:00,16.0,100,2.6,150,204,255,132
2000-09-23 09:00:00,17.0,94,1.5,190,225,43,205
2000-09-23 10:00:00,17.0,100,1.5,320,348,104,285
2000-09-23 11:00:00,19.0,88,3.6,160,224,6,220
2000-09-23 12:00:00,20.0,88,2.6,140,207,6,202
2000-09-23 13:00:00,21.0,78,2.6,180,185,6,180
2000-09-23 14:00:00,22.0,78,2.6,170,443,149,337
2000-09-23 15:00:00,22.0,83,4.6,180,283,36,261
2000-09-23 16:00:00,22.0,83,3.6,150,276,123,218
2000-09-23 17:00:00,22.0,83,3.1,130,216,340,115
2000-09-23 18:00:00,22.0,83,0.0,0,39,66,32
2000-09-23 19:00:00,21.0,88,2.1,70,0,0,0
2000-09-23 20:00:00,20.0,94,1.1,40,0,0,0
2000-09-23 21:00:00,19.0,100,0.0,0,0,0,0
2000-09-23 22:00:00,19.0,94,1.5,300,0,0,0
2000-09-23 23:00:00,18.0,100,0.0,0,0,0,0
2000-09-24 00:00:00,18.0,94,0.0,0,0,0,0
2000-09-24 01:00:00,18.0,100,0.0,0,0,0,0
2000-09-24 02:00:00,18.0,100,0.0,0,0,0,0
2000-09-24 03:00:00,18.0,100,0.0,0,0,0,0
2000-09-24 04:00:00,18.0,100,0.0,0,0,0,0
2000-09-24 05:00:00,18.0,100,1.5,150,0,0,0
2000-09-24 06:00:00,18.0,100,0.0,0,0,0,0
2000-09-24 07:00:00,18.0,100,1.5,170,0,0,0
2000-09-24 08:00:00,19.0,100,2.1,270,126,26,119
2000-09-24 09:00:00,22.0,88,2.1,260,279,149,212
2000-09-24 10:00:00,23.0,78,3.1,270,328,79,281
2000-09-24 11:00:00,23.0,83,1.5,240,256,12,247
2000-09-24 12:00:00,25.0,74,5.7,300,207,0,207
2000-09-24 13:00:00,24.0,74,5.7,290,173,0,173
2000-09-24 14:00:00,22.0,78,6.7,330,111,0,111
2000-09-24 15:00:00,22.0,73,5.7,340,164,0,164
2000-09-24 16:00:00,21.0,73,6.7,320,173,6,170
2000-09-24 17:00:00,19.0,78,5.7,320,98,6,96
2000-09-24 18:00:00,18.0,77,3.6,350,44,122,32
2000-09-24 19:00:00,17.0,82,2.6,330,0,0,0
2000-09-24 20:00:00,17.0,77,3.6,350,0,0,0
2000-09-24 21:00:00,16.0,82,4.1,360,0,0,0
2000-09-24 22:00:00,16.0,77,3.1,340,0,0,0
2000-09-24 23:00:00,14.0,88,3.1,320,0,0,0
2000-09-25 00:00:00,14.0,88,2.1,340,0,0,0
2000-09-25 01:00:00,14.0,88,3.1,350,0,0,0
2000-09-25 02:00:00,14.0,82,3.6,10,0,0,0
2000-09-25 03:00:00,14.0,88,4.1,50,0,0,0
2000-09-25 04:00:00,13.0,82,3.1,50,0,0,0
2000-09-25 05:00:00,12.0,88,2.1,30,0,0,0
2000-09-25 06:00:00,12.0,82,3.1,30,0,0,0
2000-09-25 07:00:00,12.0,88,2.6,10,0,0,0
2000-09-25 08:00:00,12.0,82,3.6,40,103,0,103
2000-09-25 09:00:00,13.0,72,4.6,40,157,0,157
2000-09-25 10:00:00,13.0,67,4.6,10,174,0,174
2000-09-25 11:00:00,13.0,67,4.1,20,118,0,118
2000-09-25 12:00:00,11.0,87,2.6,20,116,0,116
2000-09-25 13:00:00,11.0,82,3.6,60,119,0,119
2000-09-25 14:00:00,11.0,87,2.1,100,122,0,122
2000-09-25 15:00:00,11.0,82,3.1,90,102,0,102
2000-09-25 16:00:00,9.0,93,0.0,0,86,0,86
2000-09-25 17:00:00,8.0,100,5.7,20,34,0,34
2000-09-25 18:00:00,7.0,100,5.7,30,12,0,12
2000-09-25 19:00:00,8.0,93,4.1,10,0,0,0
2000-09-25 20:00:00,8.0,100,3.6,330,0,0,0
2000-09-25 21:00:00,8.0,100,4.1,30,0,0,0
2000-09-25 22:00:00,9.0,93,3.6,360,0,0,0
2000-09-25 23:00:00,9.0,93,0.0,0,0,0,0
2000-09-26 00:00:00,8.0,100,3.1,40,0,0,0
2000-09-26 01:00:00,8.0,100,1.5,40,0,0,0
2000-09-26 02:00:00,8.0,93,3.1,30,0,0,0
2000-09-26 03:00:00,8.0,100,3.6,350,0,0,0
2000-09-26 04:00:00,8.0,100,3.6,330,0,0,0
2000-09-26 05:00:00,8.0,100,4.1,350,0,0,0
2000-09-26 06:00:00,8.0,100,4.1,340,0,0,0
2000-09-26 07:00:00,8.0,100,4.1,350,0,0,0
2000-09-26 08:00:00,8.0,100,4.6,340,48,0,48
2000-09-26 09:00:00,8.0,100,5.1,340,82,0,82
2000-09-26 10:00:00,9.0,93,5.1,360,110,0,110
2000-09-26 11:00:00,9.0,93,6.7,10,131,0,131
2000-09-26 12:00:00,10.0,93,5.1,360,122,0,122
2000-09-26 13:00:00,11.0,87,6.2,360,250,12,241
2000-09-26 14:00:00,11.0,87,4.1,340,111,0,111
2000-09-26 15:00:00,11.0,94,4.6,360,113,0,113
2000-09-26 16:00:00,11.0,94,3.6,350,156,6,154
2000-09-26 17:00:00,11.3,89,3.4,340,116,23,110
2000-09-26 18:00:00,11.0,87,3.1,330,18,0,18
2000-09-26 19:00:00,11.0,87,1.5,320,0,0,0
2000-09-26 20:00:00,11.0,87,0.0,0,0,0,0
2000-09-26 21:00:00,9.0,93,0.0,0,0,0,0
2000-09-26 22:00:00,9.0,93,1.5,230,0,0,0
2000-09-26 23:00:00,9.0,93,0.0,0,0,0,0
2000-09-27 00:00:00,8.0,93,0.0,0,0,0,0
2000-09-27 01:00:00,7.0,93,0.0,0,0,0,0
2000-09-27 02:00:00,7.0,93,0.0,0,0,0,0
2000-09-27 03:00:00,4.0,100,0.0,0,0,0,0
2000-09-27 04:00:00,5.0,93,0.0,0,0,0,0
2000-09-27 05:00:00,5.0,93,0.0,0,0,0,0
2000-09-27 06:00:00,6.0,93,0.0,0,0,0,0
2000-09-27 07:00:00,7.0,93,1.5,200,0,0,0
2000-09-27 08:00:00,9.0,93,0.0,0,207,349,114
2000-09-27 09:00:00,12.0,76,3.1,230,376,509,151
2000-09-27 10:00:00,13.0,77,3.4,250,522,628,155
2000-09-27 11:00:00,15.0,67,3.8,270,642,689,169
2000-09-27 12:00:00,17.0,59,4.1,290,700,704,179
2000-09-27 13:00:00,17.0,59,0.0,0,721,743,170
2000-09-27 14:00:00,18.0,56,1.6,320,663,734,156
2000-09-27 15:00:00,19.0,56,3.1,280,542,699,129
2000-09-27 16:00:00,19.0,56,3.6,250,382,620,103
2000-09-27 17:00:00,19.0,56,3.1,220,198,444,75
2000-09-27 18:00:00,18.0,59,0.0,0,37,148,24
2000-09-27 19:00:00,16.0,72,0.0,0,0,0,0
2000-09-27 20:00:00,16.0,72,0.0,0,0,0,0
2000-09-27 21:00:00,14.0,82,0.0,0,0,0,0
2000-09-27 22:00:00,13.0,82,0.0,0,0,0,0
2000-09-27 23:00:00,13.0,77,0.0,0,0,0,0
2000-09-28 00:00:00,11.0,87,0.0,0,0,0,0
2000-09-28 01:00:00,11.0,87,0.0,0,0,0,0
2000-09-28 02:00:00,10.0,93,0.0,0,0,0,0
2000-09-28 03:00:00,9.0,93,0.0,0,0,0,0
2000-09-28 04:00:00,9.0,93,0.0,0,0,0,0
2000-09-28 05:00:00,9.0,93,0.0,0,0,0,0
2000-09-28 06:00:00,8.0,100,0.0,0,0,0,0
2000-09-28 07:00:00,9.0,93,0.0,0,0,0,0
2000-09-28 08:00:00,11.0,87,0.0,0,192,317,108
2000-09-28 09:00:00,14.0,82,0.0,0,376,565,128
2000-09-28 10:00:00,16.0,72,2.1,300,516,579,179
2000-09-28 11:00:00,17.0,68,2.6,340,605,586,205
2000-09-28 12:00:00,18.0,68,2.1,340,657,547,254
2000-09-28 13:00:00,18.0,68,3.1,350,452,138,351
2000-09-28 14:00:00,19.0,64,2.1,340,570,388,304
2000-09-28 15:00:00,17.0,72,5.7,10,344,136,264
2000-09-28 16:00:00,16.0,72,6.2,20,376,497,155
2000-09-28 17:00:00,15.0,77,4.1,20,168,275,93
2000-09-28 18:00:00,14.0,77,2.6,30,30,97,22
2000-09-28 19:00:00,12.0,82,2.1,20,0,0,0
2000-09-28 20:00:00,12.0,88,1.5,340,0,0,0
2000-09-28 21:00:00,12.0,82,2.6,20,0,0,0
2000-09-28 22:00:00,11.0,87,4.1,40,0,0,0
2000-09-28 23:00:00,10.0,76,4.6,30,0,0,0
2000-09-29 00:00:00,9.0,71,3.1,350,0,0,0
2000-09-29 01:00:00,7.0,87,5.1,10,0,0,0
2000-09-29 02:00:00,6.0,87,2.1,330,0,0,0
2000-09-29 03:00:00,5.0,87,3.1,10,0,0,0
2000-09-29 04:00:00,5.0,87,5.7,360,0,0,0
2000-09-29 05:00:00,5.0,81,5.1,360,0,0,0
2000-09-29 06:00:00,4.0,87,2.6,350,0,0,0
2000-09-29 07:00:00,4.0,87,3.1,340,0,0,0
2000-09-29 08:00:00,7.0,76,2.1,10,201,383,101
2000-09-29 09:00:00,8.0,76,1.9,340,377,577,125
2000-09-29 10:00:00,11.0,66,1.7,320,536,689,138
2000-09-29 11:00:00,12.0,62,1.5,290,624,665,172
2000-09-29 12:00:00,13.0,58,0.0,0,675,656,196
2000-09-29 13:00:00,15.0,55,2.1,320,691,671,199
2000-09-29 14:00:00,16.0,51,1.4,330,645,704,166
2000-09-29 15:00:00,16.0,51,0.7,350,530,705,120
2000-09-29 16:00:00,17.0,42,0.0,0,376,619,103
2000-09-29 17:00:00,16.0,48,0.0,0,191,465,67
2000-09-29 18:00:00,14.0,59,3.1,100,29,134,19
2000-09-29 19:00:00,12.0,62,2.6,110,0,0,0
2000-09-29 20:00:00,11.0,62,3.1,90,0,0,0
2000-09-29 21:00:00,10.0,66,3.6,90,0,0,0
2000-09-29 22:00:00,10.0,66,3.1,90,0,0,0
2000-09-29 23:00:00,8.0,81,0.0,0,0,0,0
2000-09-30 00:00:00,6.0,93,0.0,0,0,0,0
2000-09-30 01:00:00,6.0,87,0.0,0,0,0,0
2000-09-30 02:00:00,8.0,76,0.0,0,0,0,0
2000-09-30 03:00:00,6.0,87,0.0,0,0,0,0
2000-09-30 04:00:00,7.0,81,0.0,0,0,0,0
2000-09-30 05:00:00,7.0,93,0.0,0,0,0,0
2000-09-30 06:00:00,7.0,87,0.0,0,0,0,0
2000-09-30 07:00:00,4.0,93,0.0,0,0,0,0
2000-09-30 08:00:00,7.0,93,2.1,320,194,351,103
2000-09-30 09:00:00,11.0,82,0.0,0,364,528,135
2000-09-30 10:00:00,13.0,77,0.0,0,510,616,156
2000-09-30 11:00:00,14.0,72,2.1,220,636,671,184
2000-09-30 12:00:00,16.0,63,3.4,200,633,535,244
2000-09-30 13:00:00,17.0,59,4.6,180,684,653,209
2000-09-30 14:00:00,17.0,55,3.1,160,628,662,180
2000-09-30 15:00:00,18.0,59,4.1,130,513,651,138
2000-09-30 16:00:00,18.0,59,4.1,180,364,595,106
2000-09-30 17:00:00,18.0,64,2.6,160,181,413,73
2000-09-30 18:00:00,16.0,72,2.1,140,25,110,17
2000-09-30 19:00:00,15.0,77,2.1,150,0,0,0
2000-09-30 20:00:00,14.0,82,2.6,100,0,0,0
2000-09-30 21:00:00,12.0,94,2.6,90,0,0,0
2000-09-30 22:00:00,12.2,88,2.2,120,0,0,0
2000-09-30 23:00:00,12.3,87,1.9,0,0,0,0
2000-10-01 00:00:00,12.5,88,1.5,0,0,0,0
1995-10-01 01:00:00,12.6,84,1.1,0,0,0,0
1995-10-01 02:00:00,12.8,85,0.7,0,0,0,0
1995-10-01 03:00:00,12.9,86,0.4,0,0,0,0
1995-10-01 04:00:00,13.1,86,0.0,0,0,0,0
1995-10-01 05:00:00,13.4,86,0.0,0,0,0,0
1995-10-01 06:00:00,13.3,87,0.0,0,0,0,0
1995-10-01 07:00:00,12.2,86,2.0,360,25,10,24
1995-10-01 08:00:00,14.5,81,1.8,280,133,169,89
1995-10-01 09:00:00,17.2,72,1.5,200,309,382,144
1995-10-01 10:00:00,20.0,65,2.0,200,388,299,217
1995-10-01 11:00:00,21.1,63,3.0,220,410,101,342
1995-10-01 12:00:00,22.2,59,2.5,180,617,458,285
1995-10-01 13:00:00,23.3,57,1.5,150,672,582,250
1995-10-01 14:00:00,24.4,54,2.5,200,555,416,275
1995-10-01 15:00:00,25.0,52,1.5,150,505,470,235
1995-10-01 16:00:00,24.4,54,2.5,160,334,433,147
1995-10-01 17:00:00,22.7,57,2.5,170,154,237,92
1995-10-01 18:00:00,20.5,63,2.5,180,26,15,25
1995-10-01 19:00:00,19.4,67,2.3,170,0,0,0
1995-10-01 20:00:00,18.2,70,2.1,150,0,0,0
1995-10-01 21:00:00,17.5,74,1.9,140,0,0,0
1995-10-01 22:00:00,16.6,76,1.7,120,0,0,0
1995-10-01 23:00:00,16.1,78,1.5,110,0,0,0
1995-10-02 00:00:00,15.5,80,1.3,90,0,0,0
1995-10-02 01:00:00,15.0,83,1.0,80,0,0,0
1995-10-02 02:00:00,14.5,85,0.8,60,0,0,0
1995-10-02 03:00:00,14.0,87,0.6,50,0,0,0
1995-10-02 04:00:00,13.8,88,0.4,30,0,0,0
1995-10-02 05:00:00,13.2,89,0.2,20,0,0,0
1995-10-02 06:00:00,12.7,93,0.0,0,0,0,0
1995-10-02 07:00:00,12.7,93,0.0,0,16,0,16
1995-10-02 08:00:00,15.0,86,0.0,0,76,0,76
1995-10-02 09:00:00,20.0,73,0.0,0,146,0,146
1995-10-02 10:00:00,22.2,66,0.0,0,205,0,205
1995-10-02 11:00:00,24.4,58,0.0,0,247,0,247
1995-10-02 12:00:00,26.6,51,0.0,0,740,903,90
1995-10-02 13:00:00,27.7,40,2.5,250,740,902,90
1995-10-02 14:00:00,28.3,40,3.0,240,677,885,85
1995-10-02 15:00:00,28.3,41,2.0,240,557,846,76
1995-10-02 16:00:00,28.3,43,2.5,240,390,770,61
1995-10-02 17:00:00,27.2,44,2.5,250,177,490,52
1995-10-02 18:00:00,25.0,50,1.5,230,35,181,20
1995-10-02 19:00:00,22.7,55,0.0,0,0,0,0
1995-10-02 20:00:00,21.3,58,0.0,0,0,0,0
1995-10-02 21:00:00,20.3,61,0.0,0,0,0,0
1995-10-02 22:00:00,19.2,63,0.0,0,0,0,0
1995-10-02 23:00:00,18.5,65,0.0,0,0,0,0
1995-10-03 00:00:00,17.6,67,0.0,0,0,0,0
1995-10-03 01:00:00,16.9,70,0.0,0,0,0,0
1995-10-03 02:00:00,16.1,72,0.0,0,0,0,0
1995-10-03 03:00:00,15.4,74,0.0,0,0,0,0
1995-10-03 04:00:00,14.9,75,0.0,0,0,0,0
1995-10-03 05:00:00,14.1,77,0.0,0,0,0,0
1995-10-03 06:00:00,13.3,80,0.0,0,0,0,0
1995-10-03 07:00:00,14.4,78,0.0,0,27,63,22
1995-10-03 08:00:00,16.7,74,0.0,0,167,406,65
1995-10-03 09:00:00,19.4,68,0.0,0,371,633,103
1995-10-03 10:00:00,22.7,55,0.0,0,483,574,160
1995-10-03 11:00:00,25.5,47,0.0,0,585,710,114
1995-10-03 12:00:00,26.6,44,2.0,240,677,657,208
1995-10-03 13:00:00,27.2,42,1.5,230,590,471,253
1995-10-03 14:00:00,28.3,40,1.5,190,573,558,203
1995-10-03 15:00:00,28.3,46,3.0,180,527,706,129
1995-10-03 16:00:00,26.6,53,4.1,170,223,136,166
1995-10-03 17:00:00,25.5,58,2.5,160,70,0,70
1995-10-03 18:00:00,25.0,58,3.6,180,13,0,13
1995-10-03 19:00:00,23.8,67,2.5,180,0,0,0
1995-10-03 20:00:00,22.8,68,2.5,180,0,0,0
1995-10-03 21:00:00,22.2,72,2.6,190,0,0,0
1995-10-03 22:00:00,21.5,74,2.6,190,0,0,0
1995-10-03 23:00:00,21.2,75,2.7,200,0,0,0
1995-10-04 00:00:00,20.7,77,2.7,200,0,0,0
1995-10-04 01:00:00,20.4,79,2.8,210,0,0,0
1995-10-04 02:00:00,20.0,81,2.8,210,0,0,0
1995-10-04 03:00:00,19.7,83,2.9,220,0,0,0
1995-10-04 04:00:00,19.6,83,2.9,220,0,0,0
1995-10-04 05:00:00,19.2,84,3.0,230,0,0,0
1995-10-04 06:00:00,18.8,87,3.0,230,0,0,0
1995-10-04 07:00:00,18.8,87,2.0,180,14,0,14
1995-10-04 08:00:00,19.4,84,2.0,180,149,29,142
1995-10-04 09:00:00,19.4,84,4.1,190,105,0,105
1995-10-04 10:00:00,20.0,84,4.1,190,153,0,153
1995-10-04 11:00:00,21.1,81,3.6,210,187,0,187
1995-10-04 12:00:00,22.7,73,3.0,230,205,0,205
1995-10-04 13:00:00,22.2,73,2.0,230,205,0,205
1995-10-04 14:00:00,22.2,73,2.0,230,187,0,187
1995-10-04 15:00:00,22.2,76,1.5,190,152,0,152
1995-10-04 16:00:00,22.2,76,0.0,0,104,0,104
1995-10-04 17:00:00,21.6,78,0.0,0,63,0,63
1995-10-04 18:00:00,20.5,84,0.0,0,16,0,16
1995-10-04 19:00:00,20.0,84,0.0,0,0,0,0
1995-10-04 20:00:00,19.4,85,0.0,0,0,0,0
1995-10-04 21:00:00,19.1,88,0.0,0,0,0,0
1995-10-04 22:00:00,18.8,89,0.0,0,0,0,0
1995-10-04 23:00:00,18.7,90,0.0,0,0,0,0
1995-10-05 00:00:00,18.6,90,0.0,0,0,0,0
1995-10-05 01:00:00,18.7,90,0.0,0,0,0,0
1995-10-05 02:00:00,18.6,90,0.0,0,0,0,0
1995-10-05 03:00:00,18.6,91,0.0,0,0,0,0
1995-10-05 04:00:00,18.9,90,0.0,0,0,0,0
1995-10-05 05:00:00,18.8,89,0.0,0,0,0,0
1995-10-05 06:00:00,18.8,90,0.0,0,0,0,0
1995-10-05 07:00:00,18.8,90,2.0,360,12,0,12
1995-10-05 08:00:00,18.8,90,2.0,360,44,0,44
1995-10-05 09:00:00,18.8,90,2.0,10,75,0,75
1995-10-05 10:00:00,19.4,87,4.1,70,156,0,156
1995-10-05 11:00:00,20.0,87,4.1,80,189,0,189
1995-10-05 12:00:00,20.0,87,5.1,80,207,0,207
1995-10-05 13:00:00,20.5,87,5.6,90,207,0,207
1995-10-05 14:00:00,20.5,87,5.1,90,189,0,189
1995-10-05 15:00:00,22.2,90,5.6,120,154,0,154
1995-10-05 16:00:00,25.0,81,5.1,140,106,0,106
1995-10-05 17:00:00,25.5,82,8.7,150,52,0,52
1995-10-05 18:00:00,25.0,81,7.2,180,11,0,11
1995-10-05 19:00:00,24.4,84,8.7,150,0,0,0
1995-10-05 20:00:00,23.7,83,8.2,160,0,0,0
1995-10-05 21:00:00,23.3,85,7.8,170,0,0,0
1995-10-05 22:00:00,22.9,83,7.3,180,0,0,0
1995-10-05 23:00:00,22.8,82,6.8,190,0,0,0
1995-10-06 00:00:00,22.5,81,6.4,200,0,0,0
1995-10-06 01:00:00,22.5,79,5.9,200,0,0,0
1995-10-06 02:00:00,22.4,77,5.5,210,0,0,0
1995-10-06 03:00:00,22.3,76,5.0,220,0,0,0
1995-10-06 04:00:00,22.5,73,4.5,230,0,0,0
1995-10-06 05:00:00,22.3,71,4.1,240,0,0,0
1995-10-06 06:00:00,22.2,71,3.6,250,0,0,0
1995-10-06 07:00:00,21.6,68,2.5,230,18,2,18
1995-10-06 08:00:00,22.7,66,2.5,280,55,0,55
1995-10-06 09:00:00,25.0,60,5.1,270,297,368,145
1995-10-06 10:00:00,26.1,58,5.1,280,456,505,177
1995-10-06 11:00:00,27.7,55,5.1,270,553,507,222
1995-10-06 12:00:00,28.3,53,2.5,230,594,488,252
1995-10-06 13:00:00,29.4,49,2.5,240,616,578,211
1995-10-06 14:00:00,30.0,48,2.5,220,564,595,179
1995-10-06 15:00:00,30.0,48,2.0,200,443,507,166
1995-10-06 16:00:00,28.3,55,2.0,170,278,369,128
1995-10-06 17:00:00,27.7,57,2.5,170,124,140,92
1995-10-06 18:00:00,25.5,62,2.0,140,17,14,16
1995-10-06 19:00:00,23.8,69,2.0,140,0,0,0
1995-10-06 20:00:00,22.7,71,1.8,130,0,0,0
1995-10-06 21:00:00,22.0,74,1.6,110,0,0,0
1995-10-06 22:00:00,21.2,76,1.5,100,0,0,0
1995-10-06 23:00:00,20.8,77,1.3,90,0,0,0
1995-10-07 00:00:00,20.2,79,1.1,80,0,0,0
1995-10-07 01:00:00,19.8,81,0.9,60,0,0,0
1995-10-07 02:00:00,19.3,82,0.7,50,0,0,0
1995-10-07 03:00:00,18.9,83,0.5,40,0,0,0
1995-10-07 04:00:00,18.7,84,0.4,30,0,0,0
1995-10-07 05:00:00,18.2,84,0.2,10,0,0,0
1995-10-07 06:00:00,17.7,87,0.0,0,0,0,0
1995-10-07 07:00:00,18.8,81,0.0,0,20,32,18
1995-10-07 08:00:00,20.0,75,0.0,0,53,0,53
1995-10-07 09:00:00,23.3,57,3.6,280,108,0,108
1995-10-07 10:00:00,21.6,59,2.5,300,155,0,155
1995-10-07 11:00:00,21.1,61,0.0,0,370,84,316
1995-10-07 12:00:00,22.7,55,0.0,0,423,294,218
1995-10-07 13:00:00,24.4,50,1.5,330,380,133,286
1995-10-07 14:00:00,25.5,47,2.5,300,499,356,270
1995-10-07 15:00:00,26.1,45,2.5,310,364,351,174
1995-10-07 16:00:00,23.8,50,3.6,260,212,205,130
1995-10-07 17:00:00,23.1,51,1.8,310,113,98,90
1995-10-07 18:00:00,21.6,53,0.0,0,15,20,14
1995-10-07 19:00:00,20.5,53,1.5,300,0,0,0
1995-10-07 20:00:00,19.3,54,1.5,300,0,0,0
1995-10-07 21:00:00,18.4,58,1.6,300,0,0,0
1995-10-07 22:00:00,17.5,59,1.6,310,0,0,0
1995-10-07 23:00:00,16.8,61,1.7,310,0,0,0
1995-10-08 00:00:00,16.1,62,1.7,310,0,0,0
1995-10-08 01:00:00,15.6,64,1.8,310,0,0,0
1995-10-08 02:00:00,14.9,66,1.8,310,0,0,0
1995-10-08 03:00:00,14.3,68,1.9,310,0,0,0
1995-10-08 04:00:00,14.0,68,1.9,320,0,0,0
1995-10-08 05:00:00,13.3,69,2.0,320,0,0,0
1995-10-08 06:00:00,12.7,72,2.0,320,0,0,0
1995-10-08 07:00:00,12.7,64,2.0,310,17,65,13
1995-10-08 08:00:00,14.4,59,2.0,330,138,317,64
1995-10-08 09:00:00,15.5,55,2.5,330,301,505,97
1995-10-08 10:00:00,15.5,53,2.5,320,256,75,215
1995-10-08 11:00:00,16.6,52,5.1,300,612,734,140
1995-10-08 12:00:00,16.6,52,5.1,320,340,117,259
1995-10-08 13:00:00,18.8,48,3.0,310,249,177,126
1995-10-08 14:00:00,20.0,45,3.6,300,612,787,110
1995-10-08 15:00:00,20.0,43,2.0,330,494,651,144
1995-10-08 16:00:00,19.4,43,3.0,310,358,761,57
1995-10-08 17:00:00,18.3,46,2.0,310,168,583,39
1995-10-08 18:00:00,16.1,53,1.5,340,21,160,11
1995-10-08 19:00:00,13.8,60,2.0,340,0,0,0
1995-10-08 20:00:00,12.6,62,1.8,340,0,0,0
1995-10-08 21:00:00,11.7,67,1.6,340,0,0,0
1995-10-08 22:00:00,10.8,70,1.5,350,0,0,0
1995-10-08 23:00:00,10.2,73,1.3,350,0,0,0
1995-10-09 00:00:00,9.4,76,1.1,350,0,0,0
1995-10-09 01:00:00,8.9,79,0.9,350,0,0,0
1995-10-09 02:00:00,8.3,81,0.7,350,0,0,0
1995-10-09 03:00:00,7.7,84,0.5,350,0,0,0
1995-10-09 04:00:00,7.4,86,0.4,360,0,0,0
1995-10-09 05:00:00,6.7,88,0.2,360,0,0,0
1995-10-09 06:00:00,6.1,93,0.0,0,0,0,0
1995-10-09 07:00:00,7.2,86,0.0,0,17,25,16
1995-10-09 08:00:00,10.0,79,0.0,0,143,310,71
1995-10-09 09:00:00,13.3,69,0.0,0,323,527,112
1995-10-09 10:00:00,16.6,60,0.0,0,490,642,143
1995-10-09 11:00:00,17.7,52,0.0,0,611,702,163
1995-10-09 12:00:00,19.4,49,2.0,230,673,727,173
1995-10-09 13:00:00,20.0,48,0.0,0,671,726,173
1995-10-09 14:00:00,21.1,61,2.0,240,604,698,162
1995-10-09 15:00:00,21.6,49,2.0,210,479,634,142
1995-10-09 16:00:00,21.6,49,1.5,200,310,514,110
1995-10-09 17:00:00,20.0,54,1.5,180,131,288,68
1995-10-09 18:00:00,17.7,63,0.0,0,14,18,12
1995-10-09 19:00:00,16.1,67,0.0,0,0,0,0
1995-10-09 20:00:00,15.0,69,0.0,0,0,0,0
1995-10-09 21:00:00,14.2,73,0.0,0,0,0,0
1995-10-09 22:00:00,13.4,74,0.0,0,0,0,0
1995-10-09 23:00:00,12.8,76,0.0,0,0,0,0
1995-10-10 00:00:00,12.2,78,0.0,0,0,0,0
1995-10-10 01:00:00,11.8,79,0.0,0,0,0,0
1995-10-10 02:00:00,11.2,81,0.0,0,0,0,0
1995-10-10 03:00:00,10.7,83,0.0,0,0,0,0
1995-10-10 04:00:00,10.5,83,0.0,0,0,0,0
1995-10-10 05:00:00,9.9,84,0.0,0,0,0,0
1995-10-10 06:00:00,9.4,86,0.0,0,0,0,0
1995-10-10 07:00:00,10.5,86,0.0,0,18,59,14
1995-10-10 08:00:00,13.8,75,0.0,0,152,410,59
1995-10-10 09:00:00,16.1,69,0.0,0,334,618,89
1995-10-10 10:00:00,18.3,65,0.0,0,178,0,178
1995-10-10 11:00:00,20.0,61,0.0,0,221,0,221
1995-10-10 12:00:00,21.4,56,0.8,90,531,403,255
1995-10-10 13:00:00,22.7,53,1.5,180,606,486,275
1995-10-10 14:00:00,23.8,54,3.0,180,582,637,182
1995-10-10 15:00:00,23.8,52,3.0,190,414,522,139
1995-10-10 16:00:00,23.3,53,3.6,190,255,385,107
1995-10-10 17:00:00,22.2,55,2.5,170,139,387,56
1995-10-10 18:00:00,20.0,63,2.5,180,13,43,11
1995-10-10 19:00:00,17.7,70,0.0,0,0,0,0
1995-10-10 20:00:00,16.7,72,0.0,0,0,0,0
1995-10-10 21:00:00,16.0,76,0.0,0,0,0,0
1995-10-10 22:00:00,15.3,78,0.0,0,0,0,0
1995-10-10 23:00:00,14.9,79,0.0,0,0,0,0
1995-10-11 00:00:00,14.3,81,0.0,0,0,0,0
1995-10-11 01:00:00,14.0,83,0.0,0,0,0,0
1995-10-11 02:00:00,13.6,84,0.0,0,0,0,0
1995-10-11 03:00:00,13.2,86,0.0,0,0,0,0
1995-10-11 04:00:00,13.1,86,0.0,0,0,0,0
1995-10-11 05:00:00,12.6,87,0.0,0,0,0,0
1995-10-11 06:00:00,12.2,89,0.0,0,0,0,0
1995-10-11 07:00:00,12.2,89,0.0,0,12,0,12
1995-10-11 08:00:00,14.4,83,0.0,0,57,0,57
1995-10-11 09:00:00,17.7,73,0.0,0,123,0,123
1995-10-11 10:00:00,18.8,70,2.0,240,182,0,182
1995-10-11 11:00:00,21.1,63,0.0,0,624,825,105
1995-10-11 12:00:00,23.3,55,0.0,0,685,846,111
1995-10-11 13:00:00,25.0,46,0.0,0,667,801,126
1995-10-11 14:00:00,25.5,45,2.0,300,538,613,156
1995-10-11 15:00:00,25.5,44,0.0,0,472,662,127
1995-10-11 16:00:00,25.0,45,2.0,230,249,367,110
1995-10-11 17:00:00,23.8,46,0.0,0,143,458,48
1995-10-11 18:00:00,21.1,53,0.0,0,13,69,9
1995-10-11 19:00:00,20.5,53,0.0,0,0,0,0
1995-10-11 20:00:00,18.9,55,0.0,0,0,0,0
1995-10-11 21:00:00,17.7,60,0.0,0,0,0,0
1995-10-11 22:00:00,16.4,63,0.0,0,0,0,0
1995-10-11 23:00:00,15.4,66,0.0,0,0,0,0
1995-10-12 00:00:00,14.3,69,0.0,0,0,0,0
1995-10-12 01:00:00,13.4,73,0.0,0,0,0,0
1995-10-12 02:00:00,12.5,75,0.0,0,0,0,0
1995-10-12 03:00:00,11.5,79,0.0,0,0,0,0
1995-10-12 04:00:00,10.8,82,0.0,0,0,0,0
1995-10-12 05:00:00,9.8,84,0.0,0,0,0,0
1995-10-12 06:00:00,8.8,90,0.0,0,0,0,0
1995-10-12 07:00:00,8.3,93,0.0,0,12,0,12
1995-10-12 08:00:00,10.0,92,0.0,0,67,0,67
1995-10-12 09:00:00,15.5,78,0.0,0,303,476,117
1995-10-12 10:00:00,20.0,57,0.0,0,467,597,152
1995-10-12 11:00:00,22.2,55,2.0,250,588,661,174
1995-10-12 12:00:00,23.8,48,2.0,270,649,689,185
1995-10-12 13:00:00,25.5,45,2.0,240,646,687,184
1995-10-12 14:00:00,26.1,45,2.0,250,579,657,173
1995-10-12 15:00:00,27.2,39,2.0,220,453,589,149
1995-10-12 16:00:00,27.2,37,2.5,210,286,461,114
1995-10-12 17:00:00,25.5,40,0.0,0,114,228,68
1995-10-12 18:00:00,22.2,47,0.0,0,9,7,9
1995-10-12 19:00:00,22.2,49,0.0,0,0,0,0
1995-10-12 20:00:00,20.7,52,0.0,0,0,0,0
1995-10-12 21:00:00,19.5,57,0.0,0,0,0,0
1995-10-12 22:00:00,18.3,60,0.0,0,0,0,0
1995-10-12 23:00:00,17.3,63,0.0,0,0,0,0
1995-10-13 00:00:00,16.3,66,0.0,0,0,0,0
1995-10-13 01:00:00,15.5,70,0.0,0,0,0,0
1995-10-13 02:00:00,14.5,73,0.0,0,0,0,0
1995-10-13 03:00:00,13.6,78,0.0,0,0,0,0
1995-10-13 04:00:00,13.0,80,0.0,0,0,0,0
1995-10-13 05:00:00,12.0,84,0.0,0,0,0,0
1995-10-13 06:00:00,11.1,89,0.0,0,0,0,0
1995-10-13 07:00:00,11.1,86,0.0,0,16,69,12
1995-10-13 08:00:00,13.3,80,1.5,180,148,444,52
1995-10-13 09:00:00,17.2,67,1.5,170,329,653,78
1995-10-13 10:00:00,20.0,61,0.0,0,492,753,98
1995-10-13 11:00:00,22.3,54,0.0,0,610,803,111
1995-10-13 12:00:00,24.4,48,0.0,0,669,824,118
1995-10-13 13:00:00,26.1,43,3.0,180,665,822,117
1995-10-13 14:00:00,27.2,38,2.0,150,399,411,147
1995-10-13 15:00:00,26.1,40,2.5,220,431,642,103
1995-10-13 16:00:00,25.9,39,2.0,200,280,458,111
1995-10-13 17:00:00,25.0,40,1.5,180,127,325,63
1995-10-13 18:00:00,22.7,49,0.0,0,9,24,8
1995-10-13 19:00:00,21.8,54,23.1,230,0,0,0
1995-10-13 20:00:00,21.0,56,21.3,230,0,0,0
1995-10-13 21:00:00,20.5,61,19.6,220,0,0,0
1995-10-13 22:00:00,20.0,64,17.8,220,0,0,0
1995-10-13 23:00:00,19.7,67,16.0,210,0,0,0
1995-10-14 00:00:00,19.4,70,14.2,210,0,0,0
1995-10-14 01:00:00,19.2,74,12.5,200,0,0,0
1995-10-14 02:00:00,19.0,76,10.7,200,0,0,0
1995-10-14 03:00:00,18.8,80,8.9,190,0,0,0
1995-10-14 04:00:00,18.9,82,7.1,190,0,0,0
1995-10-14 05:00:00,18.6,85,5.4,180,0,0,0
1995-10-14 06:00:00,18.3,90,3.6,180,0,0,0
1995-10-14 07:00:00,18.3,90,2.0,170,6,0,6
1995-10-14 08:00:00,19.4,87,4.6,180,47,0,47
1995-10-14 09:00:00,20.5,84,3.0,180,70,0,70
1995-10-14 10:00:00,21.1,84,2.5,170,123,0,123
1995-10-14 11:00:00,22.0,81,3.1,180,150,0,150
1995-10-14 12:00:00,22.7,79,3.6,190,164,0,164
1995-10-14 13:00:00,23.3,76,3.0,180,163,0,163
1995-10-14 14:00:00,23.5,75,2.5,200,177,0,177
1995-10-14 15:00:00,23.3,76,2.0,180,142,0,142
1995-10-14 16:00:00,22.7,82,2.0,180,95,0,95
1995-10-14 17:00:00,21.6,84,10.2,310,29,0,29
1995-10-14 18:00:00,16.6,87,0.0,0,5,0,5
1995-10-14 19:00:00,16.6,87,0.0,0,0,0,0
1995-10-14 20:00:00,15.5,84,0.4,350,0,0,0
1995-10-14 21:00:00,14.7,84,0.7,350,0,0,0
1995-10-14 22:00:00,13.9,82,1.1,340,0,0,0
1995-10-14 23:00:00,13.4,78,1.5,330,0,0,0
1995-10-15 00:00:00,12.7,76,1.9,330,0,0,0
1995-10-15 01:00:00,12.3,73,2.2,320,0,0,0
1995-10-15 02:00:00,11.8,69,2.6,320,0,0,0
1995-10-15 03:00:00,11.3,67,3.0,310,0,0,0
1995-10-15 04:00:00,11.1,63,3.4,300,0,0,0
1995-10-15 05:00:00,10.5,60,3.7,300,0,0,0
1995-10-15 06:00:00,10.0,58,4.1,290,0,0,0
1995-10-15 07:00:00,8.8,66,2.5,270,12,35,10
1995-10-15 08:00:00,11.1,56,5.1,270,106,242,56
1995-10-15 09:00:00,12.2,53,5.6,270,261,458,89
1995-10-15 10:00:00,13.3,49,7.7,300,442,480,195
1995-10-15 11:00:00,13.8,45,4.1,310,564,725,121
1995-10-15 12:00:00,15.0,43,6.7,300,599,667,159
1995-10-15 13:00:00,16.1,41,9.2,290,538,569,164
1995-10-15 14:00:00,16.1,41,7.7,270,602,741,155
1995-10-15 15:00:00,16.1,37,6.1,290,432,601,131
1995-10-15 16:00:00,15.0,44,6.1,290,273,517,88
1995-10-15 17:00:00,14.4,40,6.1,290,60,28,55
1995-10-15 18:00:00,12.7,40,6.1,290,7,17,6
1995-10-15 19:00:00,11.1,46,5.1,230,0,0,0
1995-10-15 20:00:00,10.0,48,4.9,230,0,0,0
1995-10-15 21:00:00,9.3,51,4.6,230,0,0,0
1995-10-15 22:00:00,8.5,52,4.4,240,0,0,0
1995-10-15 23:00:00,8.1,53,4.2,240,0,0,0
1995-10-16 00:00:00,7.5,55,3.9,240,0,0,0
1995-10-16 01:00:00,7.1,57,3.7,240,0,0,0
1995-10-16 02:00:00,6.6,58,3.4,240,0,0,0
1995-10-16 03:00:00,6.2,59,3.2,240,0,0,0
1995-10-16 04:00:00,6.0,60,3.0,250,0,0,0
1995-10-16 05:00:00,5.5,61,2.7,250,0,0,0
1995-10-16 06:00:00,5.0,63,2.5,250,0,0,0
1995-10-16 07:00:00,5.5,61,2.0,220,14,89,9
1995-10-16 08:00:00,8.8,54,2.5,260,146,500,44
1995-10-16 09:00:00,10.7,49,5.1,270,311,652,67
1995-10-16 10:00:00,12.7,43,7.7,280,466,693,112
1995-10-16 11:00:00,13.7,40,8.5,290,593,773,124
1995-10-16 12:00:00,14.4,37,9.2,290,654,751,162
1995-10-16 13:00:00,15.0,36,6.1,300,576,586,195
1995-10-16 14:00:00,15.0,36,6.1,290,566,743,122
1995-10-16 15:00:00,15.1,36,5.6,300,461,704,112
1995-10-16 16:00:00,15.0,36,5.1,300,295,591,86
1995-10-16 17:00:00,14.4,35,3.0,310,123,348,59
1995-10-16 18:00:00,11.1,44,2.5,310,8,56,5
1995-10-16 19:00:00,10.5,44,2.0,300,0,0,0
1995-10-16 20:00:00,9.4,45,1.8,310,0,0,0
1995-10-16 21:00:00,8.7,49,1.6,310,0,0,0
1995-10-16 22:00:00,7.9,52,1.5,320,0,0,0
1995-10-16 23:00:00,7.5,53,1.3,320,0,0,0
1995-10-17 00:00:00,6.9,56,1.1,330,0,0,0
1995-10-17 01:00:00,6.5,58,0.9,330,0,0,0
1995-10-17 02:00:00,6.0,60,0.7,340,0,0,0
1995-10-17 03:00:00,5.6,63,0.5,340,0,0,0
1995-10-17 04:00:00,5.4,64,0.4,350,0,0,0
1995-10-17 05:00:00,4.9,65,0.2,350,0,0,0
1995-10-17 06:00:00,4.4,70,0.0,0,0,0,0
1995-10-17 07:00:00,2.7,78,0.0,0,10,25,9
1995-10-17 08:00:00,6.6,70,0.0,0,125,333,58
1995-10-17 09:00:00,11.6,54,2.0,250,301,567,92
1995-10-17 10:00:00,13.8,45,2.0,260,464,684,118
1995-10-17 11:00:00,14.4,45,0.0,0,582,743,135
1995-10-17 12:00:00,16.1,41,2.0,300,642,769,143
1995-10-17 13:00:00,17.2,36,0.0,0,638,767,142
1995-10-17 14:00:00,17.7,37,0.0,0,512,629,139
1995-10-17 15:00:00,17.7,33,0.0,0,429,631,120
1995-10-17 16:00:00,17.7,35,0.0,0,185,26,176
1995-10-17 17:00:00,15.0,39,0.0,0,58,25,54
1995-10-17 18:00:00,14.4,40,0.0,0,4,0,4
1995-10-17 19:00:00,11.6,50,0.0,0,0,0,0
1995-10-17 20:00:00,10.7,51,0.0,0,0,0,0
1995-10-17 21:00:00,10.2,54,0.0,0,0,0,0
1995-10-17 22:00:00,9.6,56,0.0,0,0,0,0
1995-10-17 23:00:00,9.4,57,0.0,0,0,0,0
1995-10-18 00:00:00,9.0,58,0.0,0,0,0,0
1995-10-18 01:00:00,8.8,59,0.0,0,0,0,0
1995-10-18 02:00:00,8.5,60,0.0,0,0,0,0
1995-10-18 03:00:00,8.3,61,0.0,0,0,0,0
1995-10-18 04:00:00,8.3,60,0.0,0,0,0,0
1995-10-18 05:00:00,8.0,61,0.0,0,0,0,0
1995-10-18 06:00:00,7.7,63,0.0,0,0,0,0
1995-10-18 07:00:00,7.7,65,0.0,0,9,14,8
1995-10-18 08:00:00,8.9,66,1.0,330,111,254,61
1995-10-18 09:00:00,10.5,63,2.0,290,285,436,126
1995-10-18 10:00:00,14.4,53,0.0,0,236,111,180
1995-10-18 11:00:00,15.0,51,3.0,210,371,102,311
1995-10-18 12:00:00,17.7,45,2.5,180,588,647,171
1995-10-18 13:00:00,20.0,42,3.0,220,621,606,232
1995-10-18 14:00:00,20.5,44,3.0,180,522,500,227
1995-10-18 15:00:00,20.5,44,3.0,170,337,384,150
1995-10-18 16:00:00,20.5,45,2.0,170,250,403,112
1995-10-18 17:00:00,19.4,47,3.0,180,97,244,55
1995-10-18 18:00:00,16.1,53,2.0,180,4,6,4
1995-10-18 19:00:00,15.5,55,2.0,170,0,0,0
1995-10-18 20:00:00,14.3,57,1.8,150,0,0,0
1995-10-18 21:00:00,13.4,62,1.6,140,0,0,0
1995-10-18 22:00:00,12.5,64,1.5,120,0,0,0
1995-10-18 23:00:00,11.8,67,1.3,110,0,0,0
1995-10-19 00:00:00,11.1,69,1.1,90,0,0,0
1995-10-19 01:00:00,10.6,71,0.9,80,0,0,0
1995-10-19 02:00:00,9.9,74,0.7,60,0,0,0
1995-10-19 03:00:00,9.3,77,0.5,50,0,0,0
1995-10-19 04:00:00,9.0,77,0.4,30,0,0,0
1995-10-19 05:00:00,8.3,79,0.2,20,0,0,0
1995-10-19 06:00:00,7.7,83,0.0,0,0,0,0
1995-10-19 07:00:00,6.6,86,0.0,0,9,19,8
1995-10-19 08:00:00,10.0,79,0.0,0,117,309,57
1995-10-19 09:00:00,14.4,67,0.0,0,289,545,92
1995-10-19 10:00:00,17.2,60,0.0,0,449,664,118
1995-10-19 11:00:00,19.4,56,0.0,0,473,384,245
1995-10-19 12:00:00,21.6,51,1.5,280,497,329,286
1995-10-19 13:00:00,22.8,49,1.8,240,385,252,224
1995-10-19 14:00:00,23.8,46,2.0,200,369,221,239
1995-10-19 15:00:00,23.8,48,1.5,180,400,593,115
1995-10-19 16:00:00,25.5,40,2.5,220,244,452,91
1995-10-19 17:00:00,22.2,49,2.0,170,89,212,53
1995-10-19 18:00:00,19.4,73,2.0,180,4,8,3
1995-10-19 19:00:00,17.2,63,0.0,0,0,0,0
1995-10-19 20:00:00,16.3,64,0.0,0,0,0,0
1995-10-19 21:00:00,15.7,69,0.0,0,0,0,0
1995-10-19 22:00:00,15.1,71,0.0,0,0,0,0
1995-10-19 23:00:00,14.7,73,0.0,0,0,0,0
1995-10-20 00:00:00,14.3,75,0.0,0,0,0,0
1995-10-20 01:00:00,14.1,77,0.0,0,0,0,0
1995-10-20 02:00:00,13.7,79,0.0,0,0,0,0
1995-10-20 03:00:00,13.4,81,0.0,0,0,0,0
1995-10-20 04:00:00,13.4,82,0.0,0,0,0,0
1995-10-20 05:00:00,13.0,84,0.0,0,0,0,0
1995-10-20 06:00:00,12.7,86,0.0,0,0,0,0
1995-10-20 07:00:00,13.3,87,0.0,0,5,0,5
1995-10-20 08:00:00,14.4,87,0.0,0,37,0,37
1995-10-20 09:00:00,15.0,83,0.0,0,66,0,66
1995-10-20 10:00:00,16.1,83,0.0,0,104,0,104
1995-10-20 11:00:00,19.4,78,5.1,150,158,0,158
1995-10-20 12:00:00,20.3,73,5.6,150,326,284,145
1995-10-20 13:00:00,21.1,70,6.1,150,421,196,297
1995-10-20 14:00:00,21.6,68,4.1,130,420,230,287
1995-10-20 15:00:00,21.1,70,4.1,140,118,0,118
1995-10-20 16:00:00,21.1,70,7.2,130,72,0,72
1995-10-20 17:00:00,19.4,84,3.6,140,39,0,39
1995-10-20 18:00:00,19.4,84,5.1,140,2,0,2
1995-10-20 19:00:00,18.8,87,5.1,150,0,0,0
1995-10-20 20:00:00,17.3,87,4.8,160,0,0,0
1995-10-20 21:00:00,16.1,91,4.5,170,0,0,0
1995-10-20 22:00:00,14.9,91,4.3,180,0,0,0
1995-10-20 23:00:00,13.9,91,4.0,190,0,0,0
1995-10-21 00:00:00,12.9,91,3.7,200,0,0,0
1995-10-21 01:00:00,12.1,91,3.4,220,0,0,0
1995-10-21 02:00:00,11.1,91,3.1,230,0,0,0
1995-10-21 03:00:00,10.2,92,2.8,240,0,0,0
1995-10-21 04:00:00,9.6,90,2.6,250,0,0,0
1995-10-21 05:00:00,8.6,89,2.3,260,0,0,0
1995-10-21 06:00:00,7.7,90,2.0,270,0,0,0
1995-10-21 07:00:00,7.1,90,2.5,280,4,0,4
1995-10-21 08:00:00,7.7,86,3.0,280,44,0,44
1995-10-21 09:00:00,8.3,83,4.1,300,80,52,62
1995-10-21 10:00:00,10.0,74,25.7,140,342,278,206
1995-10-21 11:00:00,11.1,68,3.0,300,417,383,194
1995-10-21 12:00:00,11.6,64,4.1,290,354,158,253
1995-10-21 13:00:00,11.6,64,3.6,280,189,0,189
1995-10-21 14:00:00,12.2,59,7.7,270,447,499,161
1995-10-21 15:00:00,12.2,50,4.1,300,354,241,241
1995-10-21 16:00:00,11.6,54,4.1,270,110,17,104
1995-10-21 17:00:00,10.9,58,3.6,260,68,4,68
1995-10-21 18:00:00,9.4,63,3.0,250,2,4,2
1995-10-21 19:00:00,10.0,63,2.5,240,0,0,0
1995-10-21 20:00:00,9.1,64,2.5,240,0,0,0
1995-10-21 21:00:00,8.5,68,2.5,230,0,0,0
1995-10-21 22:00:00,7.9,69,2.5,230,0,0,0
1995-10-21 23:00:00,7.5,70,2.5,230,0,0,0
1995-10-22 00:00:00,7.1,71,2.5,220,0,0,0
1995-10-22 01:00:00,6.9,72,2.5,220,0,0,0
1995-10-22 02:00:00,6.5,73,2.5,210,0,0,0
1995-10-22 03:00:00,6.2,74,2.5,210,0,0,0
1995-10-22 04:00:00,6.2,74,2.5,210,0,0,0
1995-10-22 05:00:00,5.8,74,2.5,200,0,0,0
1995-10-22 06:00:00,5.5,76,2.5,200,0,0,0
1995-10-22 07:00:00,5.7,73,2.3,210,6,1,6
1995-10-22 08:00:00,7.2,68,2.0,220,90,168,60
1995-10-22 09:00:00,11.1,61,3.0,250,264,460,104
1995-10-22 10:00:00,12.7,55,3.0,220,424,591,137
1995-10-22 11:00:00,14.4,51,4.1,240,540,660,158
1995-10-22 12:00:00,15.5,46,5.1,250,599,688,168
1995-10-22 13:00:00,16.6,44,4.1,200,594,686,167
1995-10-22 14:00:00,18.3,38,2.5,250,526,652,155
1995-10-22 15:00:00,19.4,36,2.5,230,400,576,132
1995-10-22 16:00:00,18.6,39,2.5,220,237,431,97
1995-10-22 17:00:00,17.2,44,2.5,200,78,165,53
1995-10-22 18:00:00,15.0,51,3.0,180,2,1,2
1995-10-22 19:00:00,14.4,51,3.0,180,0,0,0
1995-10-22 20:00:00,13.1,54,2.7,160,0,0,0
1995-10-22 21:00:00,12.2,58,2.5,150,0,0,0
1995-10-22 22:00:00,11.2,60,2.2,130,0,0,0
1995-10-22 23:00:00,10.6,63,1.9,110,0,0,0
1995-10-23 00:00:00,9.8,65,1.6,100,0,0,0
1995-10-23 01:00:00,9.2,68,1.4,80,0,0,0
1995-10-23 02:00:00,8.5,71,1.1,70,0,0,0
1995-10-23 03:00:00,7.9,74,0.8,50,0,0,0
1995-10-23 04:00:00,7.5,76,0.5,30,0,0,0
1995-10-23 05:00:00,6.8,78,0.3,20,0,0,0
1995-10-23 06:00:00,6.1,82,0.0,0,0,0,0
1995-10-23 07:00:00,5.5,82,0.0,0,8,78,5
1995-10-23 08:00:00,8.8,77,0.0,0,126,503,36
1995-10-23 09:00:00,11.7,69,0.0,0,303,722,54
1995-10-23 10:00:00,14.7,62,0.0,0,462,819,69
1995-10-23 11:00:00,17.2,56,0.0,0,577,866,79
1995-10-23 12:00:00,20.0,47,2.0,230,634,885,83
1995-10-23 13:00:00,22.2,41,3.6,180,628,883,83
1995-10-23 14:00:00,23.3,40,4.1,200,561,859,77
1995-10-23 15:00:00,23.3,34,4.1,190,438,805,67
1995-10-23 16:00:00,22.2,36,3.0,180,273,695,51
1995-10-23 17:00:00,21.1,39,3.0,160,98,440,32
1995-10-23 18:00:00,17.7,48,1.5,160,3,39,1
1995-10-23 19:00:00,16.6,54,3.0,180,0,0,0
1995-10-23 20:00:00,15.5,56,3.1,190,0,0,0
1995-10-23 21:00:00,14.7,60,3.1,210,0,0,0
1995-10-23 22:00:00,13.8,62,3.1,220,0,0,0
1995-10-23 23:00:00,13.3,64,3.1,230,0,0,0
1995-10-24 00:00:00,12.7,66,3.1,240,0,0,0
1995-10-24 01:00:00,12.2,69,3.2,260,0,0,0
1995-10-24 02:00:00,11.6,71,3.2,270,0,0,0
1995-10-24 03:00:00,11.2,73,3.2,280,0,0,0
1995-10-24 04:00:00,10.9,74,3.2,300,0,0,0
1995-10-24 05:00:00,10.3,76,3.4,310,0,0,0
1995-10-24 06:00:00,9.7,80,3.4,140,0,0,0
1995-10-24 07:00:00,9.4,83,3.6,160,8,96,4
1995-10-24 08:00:00,12.7,72,2.5,180,125,534,32
1995-10-24 09:00:00,15.5,64,4.1,210,301,743,47
1995-10-24 10:00:00,18.8,58,4.1,220,458,835,60
1995-10-24 11:00:00,20.5,59,5.1,210,499,605,154
1995-10-24 12:00:00,21.6,55,5.1,180,555,680,135
1995-10-24 13:00:00,22.8,53,5.1,180,613,736,162
1995-10-24 14:00:00,23.8,52,5.1,180,530,773,99
1995-10-24 15:00:00,23.6,53,8.7,190,409,605,132
1995-10-24 16:00:00,23.0,55,12.3,200,237,422,104
1995-10-24 17:00:00,21.9,60,7.2,240,86,145,65
1995-10-24 18:00:00,20.0,67,2.0,280,1,5,1
1995-10-24 19:00:00,18.4,69,1.8,290,0,0,0
1995-10-24 20:00:00,16.9,70,1.7,290,0,0,0
1995-10-24 21:00:00,15.7,71,1.5,300,0,0,0
1995-10-24 22:00:00,14.5,71,1.3,310,0,0,0
1995-10-24 23:00:00,13.5,70,1.2,310,0,0,0
1995-10-25 00:00:00,12.5,70,1.0,320,0,0,0
1995-10-25 01:00:00,11.6,69,0.8,330,0,0,0
1995-10-25 02:00:00,10.7,68,0.7,330,0,0,0
1995-10-25 03:00:00,9.8,68,0.5,340,0,0,0
1995-10-25 04:00:00,9.2,66,0.3,350,0,0,0
1995-10-25 05:00:00,8.2,65,0.2,350,0,0,0
1995-10-25 06:00:00,7.2,65,0.0,0,0,0,0
1995-10-25 07:00:00,6.6,68,0.0,0,7,85,4
1995-10-25 08:00:00,8.8,63,2.0,280,121,518,32
1995-10-25 09:00:00,10.5,54,2.0,310,296,735,49
1995-10-25 10:00:00,10.5,56,2.0,310,298,259,175
1995-10-25 11:00:00,12.2,56,4.1,310,518,748,95
1995-10-25 12:00:00,13.1,53,4.1,310,501,634,112
1995-10-25 13:00:00,13.8,51,4.1,300,555,768,88
1995-10-25 14:00:00,13.3,53,2.5,350,279,164,188
1995-10-25 15:00:00,13.3,53,2.0,290,378,224,277
1995-10-25 16:00:00,12.2,56,2.5,310,102,0,102
1995-10-25 17:00:00,11.1,59,0.0,0,51,76,40
1995-10-25 18:00:00,9.4,66,0.0,0,1,2,1
1995-10-25 19:00:00,8.3,68,0.0,0,0,0,0
1995-10-25 20:00:00,7.1,70,0.0,0,0,0,0
1995-10-25 21:00:00,6.3,74,0.0,0,0,0,0
1995-10-25 22:00:00,5.4,77,0.0,0,0,0,0
1995-10-25 23:00:00,4.9,79,0.0,0,0,0,0
1995-10-26 00:00:00,4.2,81,0.0,0,0,0,0
1995-10-26 01:00:00,3.7,83,0.0,0,0,0,0
1995-10-26 02:00:00,3.1,85,0.0,0,0,0,0
1995-10-26 03:00:00,2.6,87,0.0,0,0,0,0
1995-10-26 04:00:00,2.3,87,0.0,0,0,0,0
1995-10-26 05:00:00,1.7,88,0.0,0,0,0,0
1995-10-26 06:00:00,1.1,92,0.0,0,0,0,0
1995-10-26 07:00:00,0.0,87,0.0,0,3,1,3
1995-10-26 08:00:00,1.6,89,0.0,0,84,173,55
1995-10-26 09:00:00,5.0,92,0.0,0,89,0,89
1995-10-26 10:00:00,9.4,68,0.0,0,144,0,144
1995-10-26 11:00:00,11.6,59,0.0,0,185,0,185
1995-10-26 12:00:00,12.7,55,0.0,0,206,0,206
1995-10-26 13:00:00,14.0,51,0.8,320,379,388,145
1995-10-26 14:00:00,15.0,47,1.5,280,504,653,146
1995-10-26 15:00:00,15.5,44,0.0,0,380,575,123
1995-10-26 16:00:00,15.0,40,0.0,0,208,360,98
1995-10-26 17:00:00,13.3,45,0.0,0,57,85,46
1995-10-26 18:00:00,12.2,50,1.5,180,0,0,0
1995-10-26 19:00:00,11.6,54,1.6,180,0,0,0
1995-10-26 20:00:00,11.1,57,1.8,180,0,0,0
1995-10-26 21:00:00,10.8,61,1.9,180,0,0,0
1995-10-26 22:00:00,10.6,64,2.0,180,0,0,0
1995-10-26 23:00:00,10.6,67,2.1,180,0,0,0
1995-10-27 00:00:00,10.5,70,2.3,190,0,0,0
1995-10-27 01:00:00,10.6,73,2.4,190,0,0,0
1995-10-27 02:00:00,10.7,75,2.5,190,0,0,0
1995-10-27 03:00:00,10.8,78,2.6,190,0,0,0
1995-10-27 04:00:00,11.1,80,2.8,190,0,0,0
1995-10-27 05:00:00,11.1,81,2.9,190,0,0,0
1995-10-27 06:00:00,11.1,86,3.0,190,0,0,0
1995-10-27 07:00:00,11.6,83,4.1,180,2,0,2
1995-10-27 08:00:00,12.2,86,3.6,180,30,0,30
1995-10-27 09:00:00,12.2,89,3.6,180,56,0,56
1995-10-27 10:00:00,13.3,87,5.1,180,79,0,79
1995-10-27 11:00:00,13.8,84,5.6,180,102,0,102
1995-10-27 12:00:00,15.0,80,5.1,180,113,0,113
1995-10-27 13:00:00,15.4,81,4.4,190,112,0,112
1995-10-27 14:00:00,15.5,83,3.6,190,118,0,118
1995-10-27 15:00:00,15.5,87,3.6,190,88,0,88
1995-10-27 16:00:00,16.1,86,3.6,180,74,0,74
1995-10-27 17:00:00,16.6,87,3.0,190,36,0,36
1995-10-27 18:00:00,16.1,90,2.0,240,0,0,0
1995-10-27 19:00:00,16.6,90,2.0,180,0,0,0
1995-10-27 20:00:00,15.8,91,2.0,190,0,0,0
1995-10-27 21:00:00,15.4,94,2.0,190,0,0,0
1995-10-27 22:00:00,14.9,94,2.0,200,0,0,0
1995-10-27 23:00:00,14.8,93,2.0,200,0,0,0
1995-10-28 00:00:00,14.5,93,2.0,210,0,0,0
1995-10-28 01:00:00,14.4,93,2.0,210,0,0,0
1995-10-28 02:00:00,14.2,92,2.0,220,0,0,0
1995-10-28 03:00:00,14.1,92,2.0,220,0,0,0
1995-10-28 04:00:00,14.2,91,2.0,230,0,0,0
1995-10-28 05:00:00,14.0,89,2.0,230,0,0,0
1995-10-28 06:00:00,13.8,90,2.0,240,0,0,0
1995-10-28 07:00:00,13.5,91,2.0,240,2,1,2
1995-10-28 08:00:00,14.4,90,2.0,240,60,24,56
1995-10-28 09:00:00,15.0,74,3.0,270,65,0,65
1995-10-28 10:00:00,16.1,60,4.1,260,137,61,109
1995-10-28 11:00:00,16.1,56,4.1,260,188,8,184
1995-10-28 12:00:00,16.6,50,7.2,260,223,184,113
1995-10-28 13:00:00,15.9,51,7.7,270,345,131,267
1995-10-28 14:00:00,15.0,53,8.2,270,374,217,257
1995-10-28 15:00:00,14.4,55,4.1,270,180,48,159
1995-10-28 16:00:00,14.4,55,5.1,270,168,12,165
1995-10-28 17:00:00,12.7,62,4.1,280,69,275,34
1995-10-28 18:00:00,10.5,71,2.5,270,0,8,0
1995-10-28 19:00:00,10.0,74,2.5,250,0,0,0
1995-10-28 20:00:00,9.8,77,2.5,250,0,0,0
1995-10-28 21:00:00,10.6,86,2.5,260,0,0,0
1995-10-28 22:00:00,10.5,88,2.5,260,0,0,0
1995-10-28 23:00:00,10.3,92,2.5,260,0,0,0
1995-10-29 00:00:00,9.1,83,2.5,260,0,0,0
1995-10-29 01:00:00,8.9,75,2.5,270,0,0,0
1995-10-29 02:00:00,8.7,84,2.5,270,0,0,0
1995-10-29 03:00:00,9.5,76,2.5,270,0,0,0
1995-10-29 04:00:00,9.4,79,2.5,270,0,0,0
1995-10-29 05:00:00,10.2,72,2.5,280,0,0,0
1995-10-29 06:00:00,9.0,74,2.5,280,0,0,0
1995-10-29 07:00:00,8.8,77,2.5,280,2,5,2
1995-10-29 08:00:00,10.0,71,2.5,270,47,30,42
1995-10-29 09:00:00,10.0,68,2.5,310,82,0,82
1995-10-29 10:00:00,10.0,60,4.6,300,127,0,127
1995-10-29 11:00:00,10.5,61,3.6,300,159,0,159
1995-10-29 12:00:00,11.1,56,7.7,290,174,0,174
1995-10-29 13:00:00,11.6,50,7.7,300,200,160,105
1995-10-29 14:00:00,12.2,47,8.2,300,505,714,123
1995-10-29 15:00:00,12.2,43,7.2,310,368,673,77
1995-10-29 16:00:00,11.1,44,7.7,330,224,404,106
1995-10-29 17:00:00,10.0,45,7.2,330,72,275,38
1995-10-29 18:00:00,8.8,51,4.1,320,0,12,0
1995-10-29 19:00:00,7.2,54,0.0,0,0,0,0
1995-10-29 20:00:00,6.6,60,0.0,0,0,0,0
1995-10-29 21:00:00,6.2,62,0.2,30,0,0,0
1995-10-29 22:00:00,5.8,65,0.5,50,0,0,0
1995-10-29 23:00:00,5.5,67,1.2,80,0,0,0
1995-10-30 00:00:00,5.1,64,0.9,90,0,0,0
1995-10-30 01:00:00,4.9,71,0.6,90,0,0,0
1995-10-30 02:00:00,4.7,68,1.9,120,0,0,0
1995-10-30 03:00:00,4.4,70,2.6,110,0,0,0
1995-10-30 04:00:00,4.4,71,2.3,140,0,0,0
1995-10-30 05:00:00,4.0,73,2.0,150,0,0,0
1995-10-30 06:00:00,3.7,76,1.8,190,0,0,0
1995-10-30 07:00:00,3.3,79,2.0,190,3,30,2
1995-10-30 08:00:00,6.1,67,2.0,200,101,452,33
1995-10-30 09:00:00,9.4,58,3.6,240,247,608,54
1995-10-30 10:00:00,10.5,54,3.6,260,409,712,88
1995-10-30 11:00:00,12.7,51,4.1,240,473,721,81
1995-10-30 12:00:00,13.3,47,4.6,310,527,682,125
1995-10-30 13:00:00,14.4,44,3.0,260,508,581,169
1995-10-30 14:00:00,15.5,42,3.0,250,485,770,76
1995-10-30 15:00:00,15.0,44,2.0,250,380,554,142
1995-10-30 16:00:00,15.0,45,2.0,270,174,245,103
1995-10-30 17:00:00,13.8,49,0.0,0,46,75,37
1995-10-30 18:00:00,13.3,47,0.0,0,0,4,0
1995-10-30 19:00:00,12.2,50,0.0,0,0,0,0
1995-10-30 20:00:00,11.6,54,0.0,0,0,0,0
1995-10-30 21:00:00,12.1,57,0.5,360,0,0,0
1995-10-30 22:00:00,11.5,60,2.8,20,0,0,0
1995-10-30 23:00:00,12.0,59,3.2,20,0,0,0
1995-10-31 00:00:00,12.5,58,2.5,20,0,0,0
1995-10-31 01:00:00,12.0,60,2.4,10,0,0,0
1995-10-31 02:00:00,12.4,59,1.2,20,0,0,0
1995-10-31 03:00:00,11.9,62,0.1,10,0,0,0
1995-10-31 04:00:00,10.4,69,0.4,360,0,0,0
1995-10-31 05:00:00,11.9,63,0.0,0,0,0,0
1995-10-31 06:00:00,11.3,67,0.0,0,0,0,0
1995-10-31 07:00:00,8.8,80,0.0,0,1,0,1
1995-10-31 08:00:00,9.4,80,0.0,0,39,0,39
1995-10-31 09:00:00,10.0,77,0.0,0,101,0,101
1995-10-31 10:00:00,11.6,77,0.0,0,268,263,150
1995-10-31 11:00:00,13.3,67,0.0,0,196,0,196
1995-10-31 12:00:00,13.8,67,0.0,0,173,0,173
1995-10-31 13:00:00,14.4,59,0.0,0,476,306,298
1995-10-31 14:00:00,14.4,59,0.0,0,152,0,152
1995-10-31 15:00:00,14.5,60,1.0,280,241,42,223
1995-10-31 16:00:00,14.4,62,2.0,190,143,96,115
1995-10-31 17:00:00,13.3,67,2.5,210,64,23,61
1995-10-31 18:00:00,12.2,69,3.0,180,0,1,0
1995-10-31 19:00:00,11.6,71,0.0,0,0,0,0
1995-10-31 20:00:00,12.2,71,0.0,0,0,0,0
1995-10-31 21:00:00,12.0,79,0.3,10,0,0,0
1995-10-31 22:00:00,11.6,87,0.5,360,0,0,0
1995-10-31 23:00:00,11.1,89,0.7,10,0,0,0
1995-11-01 00:00:00,10.7,92,0.9,10,0,0,0
2001-11-01 01:00:00,10.3,76,1.2,150,0,0,0
2001-11-01 02:00:00,9.9,71,1.4,140,0,0,0
2001-11-01 03:00:00,9.4,71,1.6,140,0,0,0
2001-11-01 04:00:00,9.0,76,1.8,140,0,0,0
2001-11-01 05:00:00,9.0,76,2.1,140,0,0,0
2001-11-01 06:00:00,8.0,76,2.1,160,0,0,0
2001-11-01 07:00:00,7.0,81,2.1,190,0,0,0
2001-11-01 08:00:00,9.0,81,2.1,210,100,221,68
2001-11-01 09:00:00,12.0,62,2.1,230,197,185,140
2001-11-01 10:00:00,14.0,55,2.1,230,336,369,173
2001-11-01 11:00:00,16.0,48,2.1,230,421,370,224
2001-11-01 12:00:00,18.0,39,3.1,230,457,379,237
2001-11-01 13:00:00,20.0,32,3.1,230,480,461,215
2001-11-01 14:00:00,21.0,30,3.1,200,425,428,202
2001-11-01 15:00:00,21.0,33,3.6,160,329,440,145
2001-11-01 16:00:00,19.0,43,5.1,140,185,289,104
2001-11-01 17:00:00,19.0,43,4.1,150,41,68,34
2001-11-01 18:00:00,18.0,42,4.1,140,0,0,0
2001-11-01 19:00:00,18.0,42,3.1,140,0,0,0
2001-11-01 20:00:00,18.0,45,5.1,170,0,0,0
2001-11-01 21:00:00,18.0,52,4.6,180,0,0,0
2001-11-01 22:00:00,18.0,56,5.7,180,0,0,0
2001-11-01 23:00:00,18.0,56,4.6,190,0,0,0
2001-11-02 00:00:00,14.0,67,3.9,190,0,0,0
2001-11-02 01:00:00,16.0,63,3.1,180,0,0,0
2001-11-02 02:00:00,16.0,63,3.1,180,0,0,0
2001-11-02 03:00:00,16.0,63,3.6,190,0,0,0
2001-11-02 04:00:00,14.0,72,3.6,180,0,0,0
2001-11-02 05:00:00,15.0,67,4.6,190,0,0,0
2001-11-02 06:00:00,15.0,67,4.1,190,0,0,0
2001-11-02 07:00:00,15.0,67,4.6,190,0,0,0
2001-11-02 08:00:00,16.0,68,4.1,190,68,38,62
2001-11-02 09:00:00,17.0,63,3.6,180,248,389,130
2001-11-02 10:00:00,19.0,56,4.6,210,350,418,167
2001-11-02 11:00:00,22.0,50,6.2,220,447,431,218
2001-11-02 12:00:00,24.0,44,5.7,220,305,66,266
2001-11-02 13:00:00,24.0,41,6.2,230,302,72,261
2001-11-02 14:00:00,24.0,41,4.6,210,212,24,200
2001-11-02 15:00:00,24.0,41,4.1,230,279,246,177
2001-11-02 16:00:00,24.0,41,3.6,220,50,0,50
2001-11-02 17:00:00,23.0,44,3.6,190,51,91,41
2001-11-02 18:00:00,22.0,50,3.6,180,0,0,0
2001-11-02 19:00:00,22.0,50,4.6,180,0,0,0
2001-11-02 20:00:00,21.0,53,5.1,180,0,0,0
2001-11-02 21:00:00,21.0,53,3.1,190,0,0,0
2001-11-02 22:00:00,21.0,53,4.1,200,0,0,0
2001-11-02 23:00:00,21.0,53,4.6,220,0,0,0
2001-11-03 00:00:00,20.0,60,3.1,220,0,0,0
2001-11-03 01:00:00,19.0,60,2.1,210,0,0,0
2001-11-03 02:00:00,19.0,64,3.6,280,0,0,0
2001-11-03 03:00:00,18.0,73,3.6,300,0,0,0
2001-11-03 04:00:00,17.0,82,3.1,310,0,0,0
2001-11-03 05:00:00,16.0,88,1.5,290,0,0,0
2001-11-03 06:00:00,16.0,88,3.1,290,0,0,0
2001-11-03 07:00:00,15.0,82,3.1,320,0,0,0
2001-11-03 08:00:00,15.0,67,4.6,320,92,210,64
2001-11-03 09:00:00,15.0,48,2.6,320,249,491,102
2001-11-03 10:00:00,17.0,39,4.6,320,363,510,142
2001-11-03 11:00:00,18.0,34,5.1,310,466,522,192
2001-11-03 12:00:00,19.0,30,6.2,300,384,193,274
2001-11-03 13:00:00,19.0,32,5.1,320,527,592,192
2001-11-03 14:00:00,20.0,28,6.2,330,464,653,131
2001-11-03 15:00:00,19.0,30,6.7,290,356,604,108
2001-11-03 16:00:00,19.0,26,7.2,280,208,493,75
2001-11-03 17:00:00,16.0,36,4.1,310,53,238,29
2001-11-03 18:00:00,14.0,41,3.1,320,0,0,0
2001-11-03 19:00:00,13.0,44,2.6,310,0,0,0
2001-11-03 20:00:00,13.0,41,3.6,330,0,0,0
2001-11-03 21:00:00,12.0,44,2.6,290,0,0,0
2001-11-03 22:00:00,12.0,47,4.1,330,0,0,0
2001-11-03 23:00:00,12.0,47,3.1,330,0,0,0
2001-11-04 00:00:00,10.0,54,2.9,310,0,0,0
2001-11-04 01:00:00,11.0,54,2.7,280,0,0,0
2001-11-04 02:00:00,10.0,54,2.5,260,0,0,0
2001-11-04 03:00:00,9.0,57,2.3,230,0,0,0
2001-11-04 04:00:00,8.0,66,2.1,210,0,0,0
2001-11-04 05:00:00,7.0,66,1.8,230,0,0,0
2001-11-04 06:00:00,8.0,66,1.5,250,0,0,0
2001-11-04 07:00:00,7.0,66,1.5,200,0,0,0
2001-11-04 08:00:00,8.0,66,1.5,140,94,227,65
2001-11-04 09:00:00,11.0,54,1.8,170,243,486,99
2001-11-04 10:00:00,13.0,51,2.1,200,383,615,120
2001-11-04 11:00:00,14.0,44,2.1,220,478,655,137
2001-11-04 12:00:00,16.0,36,4.1,250,524,656,152
2001-11-04 13:00:00,18.0,32,6.2,270,521,670,145
2001-11-04 14:00:00,19.0,30,5.7,270,459,641,134
2001-11-04 15:00:00,20.0,30,6.7,260,350,592,110
2001-11-04 16:00:00,19.0,32,5.7,260,203,475,76
2001-11-04 17:00:00,18.0,34,8.7,290,52,251,28
2001-11-04 18:00:00,17.0,36,5.1,250,0,0,0
2001-11-04 19:00:00,16.0,39,3.6,250,0,0,0
2001-11-04 20:00:00,16.0,39,4.1,230,0,0,0
2001-11-04 21:00:00,16.0,39,8.2,310,0,0,0
2001-11-04 22:00:00,13.0,44,6.7,320,0,0,0
2001-11-04 23:00:00,12.0,31,7.2,330,0,0,0
2001-11-05 00:00:00,10.0,21,8.7,310,0,0,0
2001-11-05 01:00:00,7.0,37,3.1,330,0,0,0
2001-11-05 02:00:00,6.0,47,3.1,310,0,0,0
2001-11-05 03:00:00,6.0,47,4.1,300,0,0,0
2001-11-05 04:00:00,4.0,59,3.6,320,0,0,0
2001-11-05 05:00:00,5.0,59,5.1,320,0,0,0
2001-11-05 06:00:00,5.0,59,4.6,320,0,0,0
2001-11-05 07:00:00,5.0,64,5.7,330,0,0,0
2001-11-05 08:00:00,6.0,55,2.6,320,97,269,62
2001-11-05 09:00:00,7.0,52,6.7,310,243,506,96
2001-11-05 10:00:00,8.0,44,9.8,310,377,603,121
2001-11-05 11:00:00,9.0,38,11.3,320,479,661,137
2001-11-05 12:00:00,10.0,36,7.2,340,506,596,171
2001-11-05 13:00:00,10.0,36,10.8,330,533,682,153
2001-11-05 14:00:00,11.0,33,8.2,320,453,594,154
2001-11-05 15:00:00,11.0,33,8.7,320,317,451,135
2001-11-05 16:00:00,10.0,36,9.8,330,183,345,92
2001-11-05 17:00:00,9.0,35,7.7,330,32,42,28
2001-11-05 18:00:00,7.0,44,2.6,350,0,0,0
2001-11-05 19:00:00,7.0,44,5.7,350,0,0,0
2001-11-05 20:00:00,7.0,44,6.2,360,0,0,0
2001-11-05 21:00:00,6.0,47,4.1,340,0,0,0
2001-11-05 22:00:00,5.0,50,5.1,330,0,0,0
2001-11-05 23:00:00,3.0,58,4.6,310,0,0,0
2001-11-06 00:00:00,3.0,58,4.1,320,0,0,0
2001-11-06 01:00:00,2.0,62,2.6,300,0,0,0
2001-11-06 02:00:00,2.0,62,3.6,290,0,0,0
2001-11-06 03:00:00,2.0,67,3.6,320,0,0,0
2001-11-06 04:00:00,2.0,67,5.1,320,0,0,0
2001-11-06 05:00:00,2.0,67,4.1,310,0,0,0
2001-11-06 06:00:00,2.0,67,3.1,310,0,0,0
2001-11-06 07:00:00,2.0,67,4.6,320,0,0,0
2001-11-06 08:00:00,3.0,63,7.7,320,62,32,58
2001-11-06 09:00:00,6.0,51,7.7,330,229,410,111
2001-11-06 10:00:00,7.0,48,7.2,320,358,505,146
2001-11-06 11:00:00,8.0,41,6.2,340,454,595,149
2001-11-06 12:00:00,11.0,33,7.2,330,481,500,203
2001-11-06 13:00:00,12.0,26,6.2,330,474,520,186
2001-11-06 14:00:00,13.0,23,7.7,320,458,665,127
2001-11-06 15:00:00,13.0,23,7.7,340,349,632,97
2001-11-06 16:00:00,13.0,23,5.1,320,202,513,69
2001-11-06 17:00:00,12.0,26,3.1,320,47,242,25
2001-11-06 18:00:00,10.0,33,4.6,310,0,0,0
2001-11-06 19:00:00,8.0,37,2.6,290,0,0,0
2001-11-06 20:00:00,8.0,41,3.1,300,0,0,0
2001-11-06 21:00:00,9.0,38,2.1,250,0,0,0
2001-11-06 22:00:00,8.0,41,2.1,260,0,0,0
2001-11-06 23:00:00,7.0,44,4.1,270,0,0,0
2001-11-07 00:00:00,8.0,41,4.6,260,0,0,0
2001-11-07 01:00:00,8.0,41,4.6,250,0,0,0
2001-11-07 02:00:00,8.0,44,3.6,250,0,0,0
2001-11-07 03:00:00,8.0,44,4.1,260,0,0,0
2001-11-07 04:00:00,8.0,41,5.1,260,0,0,0
2001-11-07 05:00:00,8.0,41,2.6,160,0,0,0
2001-11-07 06:00:00,7.0,44,2.6,200,0,0,0
2001-11-07 07:00:00,8.0,41,3.6,250,0,0,0
2001-11-07 08:00:00,9.0,38,4.1,230,89,227,62
2001-11-07 09:00:00,12.0,34,3.6,250,215,392,104
2001-11-07 10:00:00,13.0,35,5.1,300,351,493,147
2001-11-07 11:00:00,16.0,34,7.7,290,441,522,176
2001-11-07 12:00:00,18.0,30,6.2,310,488,578,168
2001-11-07 13:00:00,19.0,28,6.2,320,509,664,145
2001-11-07 14:00:00,19.0,28,6.7,320,447,641,130
2001-11-07 15:00:00,19.2,27,5.6,310,343,620,99
2001-11-07 16:00:00,19.0,26,4.6,300,196,406,93
2001-11-07 17:00:00,17.0,29,5.1,310,34,83,27
2001-11-07 18:00:00,17.0,29,6.2,340,0,0,0
2001-11-07 19:00:00,15.0,33,7.2,310,0,0,0
2001-11-07 20:00:00,13.0,54,2.1,10,0,0,0
2001-11-07 21:00:00,14.0,51,1.5,30,0,0,0
2001-11-07 22:00:00,14.0,47,2.1,350,0,0,0
2001-11-07 23:00:00,12.0,54,2.1,320,0,0,0
2001-11-08 00:00:00,11.0,58,2.1,290,0,0,0
2001-11-08 01:00:00,10.0,62,2.1,260,0,0,0
2001-11-08 02:00:00,8.0,71,2.1,230,0,0,0
2001-11-08 03:00:00,7.0,76,2.1,200,0,0,0
2001-11-08 04:00:00,9.0,66,2.1,170,0,0,0
2001-11-08 05:00:00,9.0,71,1.5,120,0,0,0
2001-11-08 06:00:00,8.0,71,2.6,150,0,0,0
2001-11-08 07:00:00,8.0,71,2.6,160,0,0,0
2001-11-08 08:00:00,9.0,71,3.1,160,66,66,58
2001-11-08 09:00:00,11.0,62,3.1,180,231,489,94
2001-11-08 10:00:00,14.0,51,5.1,180,365,598,119
2001-11-08 11:00:00,16.0,45,4.1,200,467,668,130
2001-11-08 12:00:00,18.0,42,5.7,190,512,674,142
2001-11-08 13:00:00,19.0,43,5.7,200,515,700,134
2001-11-08 14:00:00,21.0,33,5.7,190,441,629,132
2001-11-08 15:00:00,21.0,33,4.6,190,338,608,100
2001-11-08 16:00:00,21.0,35,5.7,160,191,478,70
2001-11-08 17:00:00,18.0,45,3.6,180,42,224,23
2001-11-08 18:00:00,16.0,48,2.6,190,0,0,0
2001-11-08 19:00:00,17.0,45,2.6,190,0,0,0
2001-11-08 20:00:00,16.0,39,2.1,210,0,0,0
2001-11-08 21:00:00,16.0,36,3.6,220,0,0,0
2001-11-08 22:00:00,18.0,34,5.1,250,0,0,0
2001-11-08 23:00:00,17.0,48,10.3,290,0,0,0
2001-11-09 00:00:00,16.0,45,9.3,270,0,0,0
2001-11-09 01:00:00,14.0,55,8.2,310,0,0,0
2001-11-09 02:00:00,11.0,54,10.8,300,0,0,0
2001-11-09 03:00:00,9.0,45,10.3,300,0,0,0
2001-11-09 04:00:00,8.0,44,11.8,320,0,0,0
2001-11-09 05:00:00,8.0,44,6.2,310,0,0,0
2001-11-09 06:00:00,7.0,48,8.2,300,0,0,0
2001-11-09 07:00:00,6.0,51,8.2,310,0,0,0
2001-11-09 08:00:00,7.0,48,8.2,310,81,175,61
2001-11-09 09:00:00,8.0,43,8.2,320,217,393,109
2001-11-09 10:00:00,9.0,38,8.2,320,346,499,142
2001-11-09 11:00:00,9.0,41,7.7,340,442,589,147
2001-11-09 12:00:00,10.0,39,5.7,320,506,662,145
2001-11-09 13:00:00,11.0,36,5.7,300,497,658,142
2001-11-09 14:00:00,11.0,33,5.1,300,441,653,123
2001-11-09 15:00:00,12.0,31,6.7,310,337,620,98
2001-11-09 16:00:00,12.0,31,3.1,300,185,467,70
2001-11-09 17:00:00,11.0,33,1.5,340,38,167,25
2001-11-09 18:00:00,9.0,38,1.5,320,0,0,0
2001-11-09 19:00:00,8.0,41,1.5,300,0,0,0
2001-11-09 20:00:00,8.0,34,2.1,300,0,0,0
2001-11-09 21:00:00,9.0,32,2.6,220,0,0,0
2001-11-09 22:00:00,9.0,35,1.5,230,0,0,0
2001-11-09 23:00:00,6.0,43,2.1,160,0,0,0
2001-11-10 00:00:00,6.0,43,1.5,160,0,0,0
2001-11-10 01:00:00,6.0,39,1.5,170,0,0,0
2001-11-10 02:00:00,5.0,50,1.5,160,0,0,0
2001-11-10 03:00:00,4.0,49,1.5,170,0,0,0
2001-11-10 04:00:00,4.0,45,2.1,160,0,0,0
2001-11-10 05:00:00,3.0,49,2.1,140,0,0,0
2001-11-10 06:00:00,2.0,52,2.6,140,0,0,0
2001-11-10 07:00:00,2.0,52,2.6,160,0,0,0
2001-11-10 08:00:00,4.0,42,3.6,160,84,244,57
2001-11-10 09:00:00,7.0,37,3.6,200,218,438,99
2001-11-10 10:00:00,9.0,29,3.6,210,366,648,105
2001-11-10 11:00:00,12.0,22,3.6,220,467,704,118
2001-11-10 12:00:00,16.0,14,5.7,230,518,735,121
2001-11-10 13:00:00,18.0,13,4.6,220,515,730,123
2001-11-10 14:00:00,19.0,10,7.2,230,423,581,143
2001-11-10 15:00:00,21.0,9,7.7,250,310,468,131
2001-11-10 16:00:00,20.0,9,8.7,260,175,376,83
2001-11-10 17:00:00,19.0,10,5.7,250,35,157,22
2001-11-10 18:00:00,18.0,11,7.7,260,0,0,0
2001-11-10 19:00:00,16.0,16,6.2,260,0,0,0
2001-11-10 20:00:00,16.0,17,6.7,270,0,0,0
2001-11-10 21:00:00,15.0,22,6.7,270,0,0,0
2001-11-10 22:00:00,15.0,26,9.3,280,0,0,0
2001-11-10 23:00:00,15.0,30,9.8,290,0,0,0
2001-11-11 00:00:00,13.0,38,7.7,310,0,0,0
2001-11-11 01:00:00,11.0,47,5.1,320,0,0,0
2001-11-11 02:00:00,9.0,53,3.6,300,0,0,0
2001-11-11 03:00:00,11.0,47,5.1,330,0,0,0
2001-11-11 04:00:00,10.0,46,6.7,320,0,0,0
2001-11-11 05:00:00,8.0,52,5.1,310,0,0,0
2001-11-11 06:00:00,9.0,53,5.7,310,0,0,0
2001-11-11 07:00:00,7.9,53,6.0,330,0,0,0
2001-11-11 08:00:00,8.0,52,6.2,350,72,77,64
2001-11-11 09:00:00,9.0,45,6.7,10,105,6,104
2001-11-11 10:00:00,9.0,38,6.2,350,306,315,181
2001-11-11 11:00:00,10.0,36,4.6,330,442,577,158
2001-11-11 12:00:00,10.0,36,3.6,320,494,656,142
2001-11-11 13:00:00,10.0,36,5.7,330,485,640,144
2001-11-11 14:00:00,10.0,36,2.1,310,429,629,128
2001-11-11 15:00:00,10.0,30,5.1,320,321,567,105
2001-11-11 16:00:00,9.0,29,5.7,310,180,454,70
2001-11-11 17:00:00,8.0,34,3.1,340,34,169,21
2001-11-11 18:00:00,6.0,36,2.6,340,0,0,0
2001-11-11 19:00:00,5.0,39,1.5,320,0,0,0
2001-11-11 20:00:00,5.0,39,1.8,320,0,0,0
2001-11-11 21:00:00,5.0,39,2.1,310,0,0,0
2001-11-11 22:00:00,4.0,42,3.1,310,0,0,0
2001-11-11 23:00:00,4.0,42,3.1,340,0,0,0
2001-11-12 00:00:00,3.0,49,3.6,310,0,0,0
2001-11-12 01:00:00,1.0,56,2.6,340,0,0,0
2001-11-12 02:00:00,1.0,56,3.1,10,0,0,0
2001-11-12 03:00:00,1.0,56,2.1,350,0,0,0
2001-11-12 04:00:00,1.0,56,2.6,240,0,0,0
2001-11-12 05:00:00,1.0,56,2.1,240,0,0,0
2001-11-12 06:00:00,0.0,60,2.1,250,0,0,0
2001-11-12 07:00:00,1.0,56,2.1,250,0,0,0
2001-11-12 08:00:00,1.0,61,1.5,240,45,0,45
2001-11-12 09:00:00,3.0,58,2.6,270,219,479,93
2001-11-12 10:00:00,6.0,47,3.6,320,327,488,134
2001-11-12 11:00:00,7.0,40,3.1,350,417,522,162
2001-11-12 12:00:00,8.0,34,2.6,300,506,705,131
2001-11-12 13:00:00,8.0,34,2.1,300,503,724,120
2001-11-12 14:00:00,9.0,32,2.1,290,446,706,111
2001-11-12 15:00:00,9.0,32,4.1,270,315,549,108
2001-11-12 16:00:00,9.0,32,3.5,280,174,442,69
2001-11-12 17:00:00,9.0,32,2.8,280,30,150,20
2001-11-12 18:00:00,8.0,34,2.2,290,0,0,0
2001-11-12 19:00:00,6.0,43,1.5,290,0,0,0
2001-11-12 20:00:00,5.0,50,1.5,210,0,0,0
2001-11-12 21:00:00,4.0,45,1.5,130,0,0,0
2001-11-12 22:00:00,3.0,49,1.8,110,0,0,0
2001-11-12 23:00:00,2.0,52,2.1,80,0,0,0
2001-11-13 00:00:00,2.0,52,2.6,90,0,0,0
2001-11-13 01:00:00,2.0,52,2.1,130,0,0,0
2001-11-13 02:00:00,1.0,56,1.8,110,0,0,0
2001-11-13 03:00:00,0.0,60,1.5,90,0,0,0
2001-11-13 04:00:00,0.0,66,2.1,120,0,0,0
2001-11-13 05:00:00,-1.0,71,1.5,90,0,0,0
2001-11-13 06:00:00,-1.0,71,1.8,110,0,0,0
2001-11-13 07:00:00,-2.0,71,2.1,130,0,0,0
2001-11-13 08:00:00,-1.0,78,1.9,150,63,88,54
2001-11-13 09:00:00,1.0,72,1.7,160,182,272,111
2001-11-13 10:00:00,4.0,59,1.5,180,341,544,128
2001-11-13 11:00:00,7.0,48,3.1,190,430,595,142
2001-11-13 12:00:00,9.0,41,4.6,200,476,614,151
2001-11-13 13:00:00,11.0,36,4.6,190,467,610,147
2001-11-13 14:00:00,11.0,36,4.6,190,446,629,149
2001-11-13 15:00:00,12.0,34,4.6,200,293,438,130
2001-11-13 16:00:00,12.0,34,4.1,170,169,431,68
2001-11-13 17:00:00,11.0,33,4.1,170,27,109,19
2001-11-13 18:00:00,9.0,41,2.6,130,0,0,0
2001-11-13 19:00:00,9.0,41,3.1,130,0,0,0
2001-11-13 20:00:00,7.0,48,3.1,130,0,0,0
2001-11-13 21:00:00,7.0,48,2.6,140,0,0,0
2001-11-13 22:00:00,7.0,48,3.1,150,0,0,0
2001-11-13 23:00:00,7.0,48,3.6,170,0,0,0
2001-11-14 00:00:00,5.0,50,1.5,170,0,0,0
2001-11-14 01:00:00,4.0,54,2.6,180,0,0,0
2001-11-14 02:00:00,4.0,59,2.6,170,0,0,0
2001-11-14 03:00:00,4.0,59,2.5,180,0,0,0
2001-11-14 04:00:00,2.0,62,2.4,180,0,0,0
2001-11-14 05:00:00,1.0,67,2.3,190,0,0,0
2001-11-14 06:00:00,2.0,62,2.2,190,0,0,0
2001-11-14 07:00:00,1.0,67,2.1,200,0,0,0
2001-11-14 08:00:00,3.0,63,2.6,170,0,0,0
2001-11-14 09:00:00,5.0,55,3.1,150,206,435,94
2001-11-14 10:00:00,7.0,48,2.1,170,314,463,135
2001-11-14 11:00:00,9.0,45,2.1,210,405,504,163
2001-11-14 12:00:00,11.0,39,3.1,220,482,608,163
2001-11-14 13:00:00,13.0,35,3.1,200,491,706,123
2001-11-14 14:00:00,14.0,35,3.1,220,429,664,118
2001-11-14 15:00:00,16.0,31,3.1,180,303,525,109
2001-11-14 16:00:00,17.0,32,2.9,180,168,430,69
2001-11-14 17:00:00,13.0,38,2.6,170,29,138,20
2001-11-14 18:00:00,13.0,38,2.1,180,0,0,0
2001-11-14 19:00:00,13.0,44,3.6,170,0,0,0
2001-11-14 20:00:00,12.0,47,3.1,200,0,0,0
2001-11-14 21:00:00,11.0,47,3.1,190,0,0,0
2001-11-14 22:00:00,12.0,44,2.1,200,0,0,0
2001-11-14 23:00:00,9.0,53,2.1,140,0,0,0
2001-11-15 00:00:00,9.0,53,2.6,170,0,0,0
2001-11-15 01:00:00,9.0,49,4.1,150,0,0,0
2001-11-15 02:00:00,9.0,49,3.6,160,0,0,0
2001-11-15 03:00:00,9.0,49,2.1,180,0,0,0
2001-11-15 04:00:00,8.0,52,2.6,170,0,0,0
2001-11-15 05:00:00,7.0,56,4.1,170,0,0,0
2001-11-15 06:00:00,6.0,60,3.6,160,0,0,0
2001-11-15 07:00:00,6.0,60,2.1,170,0,0,0
2001-11-15 08:00:00,7.0,56,2.1,170,0,0,0
2001-11-15 09:00:00,9.0,53,2.1,190,199,390,101
2001-11-15 10:00:00,12.0,47,3.1,190,275,297,161
2001-11-15 11:00:00,12.0,47,2.1,200,354,316,204
2001-11-15 12:00:00,16.0,42,3.1,240,397,307,237
2001-11-15 13:00:00,17.0,42,2.1,250,231,36,212
2001-11-15 14:00:00,19.0,40,3.1,260,371,356,206
2001-11-15 15:00:00,19.0,40,3.1,200,298,514,110
2001-11-15 16:00:00,19.0,40,2.6,190,158,380,71
2001-11-15 17:00:00,17.0,42,2.6,180,26,124,18
2001-11-15 18:00:00,16.0,45,2.1,180,0,0,0
2001-11-15 19:00:00,16.0,45,2.6,180,0,0,0
2001-11-15 20:00:00,16.0,45,2.1,220,0,0,0
2001-11-15 21:00:00,14.0,51,2.1,160,0,0,0
2001-11-15 22:00:00,13.0,54,2.1,170,0,0,0
2001-11-15 23:00:00,11.0,62,2.1,150,0,0,0
2001-11-16 00:00:00,12.0,54,3.1,150,0,0,0
2001-11-16 01:00:00,11.0,58,3.6,150,0,0,0
2001-11-16 02:00:00,9.0,66,2.6,170,0,0,0
2001-11-16 03:00:00,9.0,66,2.6,170,0,0,0
2001-11-16 04:00:00,8.0,71,3.1,150,0,0,0
2001-11-16 05:00:00,8.0,66,2.6,150,0,0,0
2001-11-16 06:00:00,9.0,61,3.1,150,0,0,0
2001-11-16 07:00:00,8.0,66,2.6,170,0,0,0
2001-11-16 08:00:00,8.0,71,2.9,170,0,0,0
2001-11-16 09:00:00,11.0,58,3.1,170,192,365,102
2001-11-16 10:00:00,14.0,47,3.1,220,315,470,136
2001-11-16 11:00:00,17.0,42,4.6,180,412,535,159
2001-11-16 12:00:00,19.0,46,3.6,240,470,632,143
2001-11-16 13:00:00,21.0,43,5.1,290,462,616,145
2001-11-16 14:00:00,21.0,43,3.6,290,406,599,129
2001-11-16 15:00:00,22.0,41,5.1,290,292,496,112
2001-11-16 16:00:00,21.0,43,6.2,300,168,446,67
2001-11-16 17:00:00,18.0,49,3.1,330,25,144,16
2001-11-16 18:00:00,16.0,55,4.1,330,0,0,0
2001-11-16 19:00:00,16.0,59,3.1,330,0,0,0
2001-11-16 20:00:00,13.0,67,3.6,310,0,0,0
2001-11-16 21:00:00,13.0,67,2.1,310,0,0,0
2001-11-16 22:00:00,13.0,72,2.6,330,0,0,0
2001-11-16 23:00:00,13.0,72,4.1,330,0,0,0
2001-11-17 00:00:00,11.0,76,3.6,330,0,0,0
2001-11-17 01:00:00,9.7,79,3.1,330,0,0,0
2001-11-17 02:00:00,8.0,81,2.6,330,0,0,0
2001-11-17 03:00:00,9.0,71,4.6,50,0,0,0
2001-11-17 04:00:00,8.0,76,3.6,40,0,0,0
2001-11-17 05:00:00,6.0,81,3.1,350,0,0,0
2001-11-17 06:00:00,6.0,87,3.6,10,0,0,0
2001-11-17 07:00:00,5.0,87,3.6,350,0,0,0
2001-11-17 08:00:00,6.0,87,3.6,360,0,0,0
2001-11-17 09:00:00,8.0,76,3.1,360,193,425,89
2001-11-17 10:00:00,11.0,58,2.1,10,329,576,112
2001-11-17 11:00:00,12.0,54,2.6,30,424,632,129
2001-11-17 12:00:00,13.0,47,1.5,30,501,753,114
2001-11-17 13:00:00,13.0,47,1.5,40,497,754,113
2001-11-17 14:00:00,14.0,41,1.5,80,417,658,116
2001-11-17 15:00:00,14.0,41,1.5,90,308,595,94
2001-11-17 16:00:00,14.0,41,1.7,70,162,440,64
2001-11-17 17:00:00,13.0,44,1.9,100,27,180,16
2001-11-17 18:00:00,12.0,50,2.1,110,0,0,0
2001-11-17 19:00:00,10.0,57,2.1,90,0,0,0
2001-11-17 20:00:00,9.0,61,3.1,80,0,0,0
2001-11-17 21:00:00,8.0,66,2.9,100,0,0,0
2001-11-17 22:00:00,7.0,70,2.6,120,0,0,0
2001-11-17 23:00:00,7.0,76,2.4,140,0,0,0
2001-11-18 00:00:00,7.0,76,2.1,160,0,0,0
2001-11-18 01:00:00,6.0,81,2.6,140,0,0,0
2001-11-18 02:00:00,6.0,81,3.1,110,0,0,0
2001-11-18 03:00:00,6.0,87,2.1,100,0,0,0
2001-11-18 04:00:00,5.5,85,1.9,100,0,0,0
2001-11-18 05:00:00,5.0,82,1.9,120,0,0,0
2001-11-18 06:00:00,4.2,81,1.7,120,0,0,0
2001-11-18 07:00:00,3.7,74,1.7,120,0,0,0
2001-11-18 08:00:00,4.4,71,2.6,270,0,0,0
2001-11-18 09:00:00,5.7,68,1.5,300,132,79,113
2001-11-18 10:00:00,5.8,60,0.0,0,195,56,174
2001-11-18 11:00:00,7.6,56,1.4,200,254,85,214
2001-11-18 12:00:00,7.7,54,1.3,190,458,524,191
2001-11-18 13:00:00,8.4,52,2.3,230,456,622,140
2001-11-18 14:00:00,8.0,51,1.7,280,400,599,127
2001-11-18 15:00:00,8.6,50,2.2,290,297,548,101
2001-11-18 16:00:00,8.2,54,2.7,300,167,473,62
2001-11-18 17:00:00,6.7,57,3.6,300,22,108,15
2001-11-18 18:00:00,5.7,65,5.6,320,0,0,0
2001-11-18 19:00:00,4.7,67,5.5,330,0,0,0
2001-11-18 20:00:00,4.9,64,6.6,340,0,0,0
2001-11-18 21:00:00,4.7,67,6.3,350,0,0,0
2001-11-18 22:00:00,4.6,70,5.9,10,0,0,0
2001-11-18 23:00:00,5.1,70,5.7,20,0,0,0
2001-11-19 00:00:00,5.1,72,5.4,30,0,0,0
2001-11-19 01:00:00,5.4,75,5.1,40,0,0,0
2001-11-19 02:00:00,5.2,78,4.8,70,0,0,0
2001-11-19 03:00:00,5.2,79,4.4,80,0,0,0
2001-11-19 04:00:00,5.3,81,4.2,90,0,0,0
2001-11-19 05:00:00,5.3,83,3.9,110,0,0,0
2001-11-19 06:00:00,5.0,87,3.5,120,0,0,0
2001-11-19 07:00:00,5.6,82,3.3,130,0,0,0
2001-11-19 08:00:00,6.4,81,0.6,150,0,0,0
2001-11-19 09:00:00,7.0,81,1.4,190,187,413,89
2001-11-19 10:00:00,8.0,76,2.1,210,303,502,118
2001-11-19 11:00:00,11.0,66,3.1,220,425,663,120
2001-11-19 12:00:00,13.0,62,3.6,230,470,675,129
2001-11-19 13:00:00,15.0,55,3.1,200,467,682,124
2001-11-19 14:00:00,17.0,52,2.1,200,400,611,124
2001-11-19 15:00:00,19.0,46,3.6,190,297,560,99
2001-11-19 16:00:00,17.0,52,6.2,150,162,445,64
2001-11-19 17:00:00,16.0,55,4.6,150,21,115,15
2001-11-19 18:00:00,16.0,55,5.7,170,0,0,0
2001-11-19 19:00:00,16.0,55,5.1,170,0,0,0
2001-11-19 20:00:00,16.0,45,4.6,190,0,0,0
2001-11-19 21:00:00,15.0,55,5.1,190,0,0,0
2001-11-19 22:00:00,16.0,51,5.1,190,0,0,0
2001-11-19 23:00:00,16.0,51,5.7,290,0,0,0
2001-11-20 00:00:00,16.0,59,3.6,260,0,0,0
2001-11-20 01:00:00,15.0,63,6.7,270,0,0,0
2001-11-20 02:00:00,11.0,58,8.2,300,0,0,0
2001-11-20 03:00:00,9.0,57,5.7,310,0,0,0
2001-11-20 04:00:00,8.0,57,8.2,300,0,0,0
2001-11-20 05:00:00,7.0,61,7.2,300,0,0,0
2001-11-20 06:00:00,6.0,60,7.7,310,0,0,0
2001-11-20 07:00:00,4.0,69,5.1,310,0,0,0
2001-11-20 08:00:00,4.0,69,2.6,310,0,0,0
2001-11-20 09:00:00,6.0,43,8.2,300,172,217,122
2001-11-20 10:00:00,7.0,37,9.8,290,142,12,137
2001-11-20 11:00:00,8.0,34,8.7,310,127,0,127
2001-11-20 12:00:00,7.0,37,8.7,310,141,0,141
2001-11-20 13:00:00,8.0,41,7.2,310,136,0,136
2001-11-20 14:00:00,6.0,51,8.2,330,120,0,120
2001-11-20 15:00:00,6.0,47,8.2,310,291,414,146
2001-11-20 16:00:00,6.0,51,5.7,300,152,405,64
2001-11-20 17:00:00,4.0,54,7.7,330,21,122,14
2001-11-20 18:00:00,2.8,59,5.4,320,0,0,0
2001-11-20 19:00:00,2.0,62,3.1,300,0,0,0
2001-11-20 20:00:00,1.0,67,2.6,290,0,0,0
2001-11-20 21:00:00,2.0,62,2.1,300,0,0,0
2001-11-20 22:00:00,1.0,67,2.4,270,0,0,0
2001-11-20 23:00:00,2.0,62,2.6,240,0,0,0
2001-11-21 00:00:00,1.0,67,2.4,220,0,0,0
2001-11-21 01:00:00,0.0,66,2.1,200,0,0,0
2001-11-21 02:00:00,1.0,67,1.8,200,0,0,0
2001-11-21 03:00:00,1.0,67,1.5,190,0,0,0
2001-11-21 04:00:00,0.0,72,1.9,180,0,0,0
2001-11-21 05:00:00,0.0,66,2.3,170,0,0,0
2001-11-21 06:00:00,-2.0,71,2.7,160,0,0,0
2001-11-21 07:00:00,-2.0,71,3.1,150,0,0,0
2001-11-21 08:00:00,-2.0,78,2.1,180,0,0,0
2001-11-21 09:00:00,1.0,67,2.6,180,189,455,84
2001-11-21 10:00:00,3.0,53,3.6,190,317,589,104
2001-11-21 11:00:00,4.6,47,3.9,190,394,535,151
2001-11-21 12:00:00,6.0,41,4.3,190,477,681,137
2001-11-21 13:00:00,7.0,37,4.6,190,450,628,138
2001-11-21 14:00:00,8.0,32,4.6,210,394,605,124
2001-11-21 15:00:00,8.0,32,5.1,230,264,396,126
2001-11-21 16:00:00,8.0,32,3.1,220,156,433,64
2001-11-21 17:00:00,7.0,37,3.6,180,20,129,13
2001-11-21 18:00:00,6.0,39,3.1,140,0,0,0
2001-11-21 19:00:00,5.0,42,3.1,140,0,0,0
2001-11-21 20:00:00,5.0,42,3.1,170,0,0,0
2001-11-21 21:00:00,3.0,49,1.5,190,0,0,0
2001-11-21 22:00:00,4.0,45,2.1,180,0,0,0
2001-11-21 23:00:00,3.0,49,2.1,160,0,0,0
2001-11-22 00:00:00,3.0,49,2.1,140,0,0,0
2001-11-22 01:00:00,3.0,49,2.1,120,0,0,0
2001-11-22 02:00:00,2.0,52,2.1,150,0,0,0
2001-11-22 03:00:00,1.0,56,2.6,160,0,0,0
2001-11-22 04:00:00,1.0,56,2.6,180,0,0,0
2001-11-22 05:00:00,1.0,56,2.6,150,0,0,0
2001-11-22 06:00:00,-1.0,66,2.3,160,0,0,0
2001-11-22 07:00:00,-1.0,66,2.1,160,0,0,0
2001-11-22 08:00:00,0.0,66,1.8,170,0,0,0
2001-11-22 09:00:00,2.0,57,1.5,170,174,343,96
2001-11-22 10:00:00,3.0,58,2.1,170,264,360,135
2001-11-22 11:00:00,8.0,41,2.1,170,375,469,164
2001-11-22 12:00:00,12.0,31,2.1,180,434,566,153
2001-11-22 13:00:00,13.0,25,2.1,180,438,586,149
2001-11-22 14:00:00,13.0,25,2.1,180,394,622,118
2001-11-22 15:00:00,13.2,23,1.9,150,291,565,95
2001-11-22 16:00:00,13.0,23,1.7,120,156,465,57
2001-11-22 17:00:00,12.0,22,1.5,90,20,140,13
2001-11-22 18:00:00,11.0,24,2.6,110,0,0,0
2001-11-22 19:00:00,11.0,26,3.1,140,0,0,0
2001-11-22 20:00:00,9.0,29,3.1,120,0,0,0
2001-11-22 21:00:00,9.0,29,2.3,140,0,0,0
2001-11-22 22:00:00,9.0,29,1.5,150,0,0,0
2001-11-22 23:00:00,8.0,32,2.6,120,0,0,0
2001-11-23 00:00:00,7.0,34,2.1,110,0,0,0
2001-11-23 01:00:00,7.0,37,1.5,100,0,0,0
2001-11-23 02:00:00,3.0,49,1.5,60,0,0,0
2001-11-23 03:00:00,5.0,42,1.5,20,0,0,0
2001-11-23 04:00:00,2.0,52,1.9,360,0,0,0
2001-11-23 05:00:00,1.0,56,2.2,340,0,0,0
2001-11-23 06:00:00,-1.0,66,2.6,320,0,0,0
2001-11-23 07:00:00,-1.0,66,2.6,320,0,0,0
2001-11-23 08:00:00,0.0,72,2.1,310,0,0,0
2001-11-23 09:00:00,2.0,67,2.6,330,119,93,99
2001-11-23 10:00:00,5.4,56,2.6,290,291,453,130
2001-11-23 11:00:00,8.9,47,2.6,250,394,578,136
2001-11-23 12:00:00,12.0,40,2.6,210,428,536,164
2001-11-23 13:00:00,13.0,38,2.6,170,456,640,142
2001-11-23 14:00:00,14.0,35,2.6,160,411,664,119
2001-11-23 15:00:00,14.0,38,4.6,180,269,443,117
2001-11-23 16:00:00,14.0,38,3.1,170,151,415,64
2001-11-23 17:00:00,13.0,41,2.6,130,17,99,12
2001-11-23 18:00:00,11.0,47,2.1,90,0,0,0
2001-11-23 19:00:00,11.0,47,2.6,100,0,0,0
2001-11-23 20:00:00,9.0,53,3.1,90,0,0,0
2001-11-23 21:00:00,9.0,53,2.6,80,0,0,0
2001-11-23 22:00:00,6.0,65,2.4,60,0,0,0
2001-11-23 23:00:00,6.0,65,2.2,40,0,0,0
2001-11-24 00:00:00,6.0,65,2.1,20,0,0,0
2001-11-24 01:00:00,5.0,70,1.9,360,0,0,0
2001-11-24 02:00:00,4.0,69,1.7,340,0,0,0
2001-11-24 03:00:00,3.0,74,1.5,320,0,0,0
2001-11-24 04:00:00,3.0,74,1.5,310,0,0,0
2001-11-24 05:00:00,3.0,74,1.5,300,0,0,0
2001-11-24 06:00:00,3.0,74,1.5,330,0,0,0
2001-11-24 07:00:00,3.0,81,2.1,340,0,0,0
2001-11-24 08:00:00,4.0,75,2.6,310,0,0,0
2001-11-24 09:00:00,6.0,60,2.1,350,120,93,100
2001-11-24 10:00:00,7.0,56,2.6,360,54,0,54
2001-11-24 11:00:00,8.0,52,3.1,350,70,0,70
2001-11-24 12:00:00,8.0,52,2.6,350,80,0,80
2001-11-24 13:00:00,10.0,46,1.5,340,112,0,112
2001-11-24 14:00:00,10.0,46,1.5,310,68,0,68
2001-11-24 15:00:00,11.0,39,3.3,230,75,0,75
2001-11-24 16:00:00,13.0,38,5.1,150,61,0,61
2001-11-24 17:00:00,15.0,33,4.1,150,4,0,4
2001-11-24 18:00:00,15.0,30,5.7,140,0,0,0
2001-11-24 19:00:00,15.0,33,5.7,140,0,0,0
2001-11-24 20:00:00,14.0,32,7.2,150,0,0,0
2001-11-24 21:00:00,14.0,32,6.2,150,0,0,0
2001-11-24 22:00:00,14.2,32,5.6,150,0,0,0
2001-11-24 23:00:00,15.0,30,5.1,150,0,0,0
2001-11-25 00:00:00,15.0,36,7.2,150,0,0,0
2001-11-25 01:00:00,16.0,31,7.7,160,0,0,0
2001-11-25 02:00:00,16.0,31,5.1,160,0,0,0
2001-11-25 03:00:00,16.0,31,8.7,160,0,0,0
2001-11-25 04:00:00,16.0,31,10.8,150,0,0,0
2001-11-25 05:00:00,17.0,29,8.7,170,0,0,0
2001-11-25 06:00:00,17.0,29,7.7,170,0,0,0
2001-11-25 07:00:00,16.0,31,7.7,160,0,0,0
2001-11-25 08:00:00,17.0,29,10.3,160,0,0,0
2001-11-25 09:00:00,16.0,31,9.8,170,32,0,32
2001-11-25 10:00:00,17.0,29,10.3,160,61,0,61
2001-11-25 11:00:00,17.0,29,9.3,170,89,0,89
2001-11-25 12:00:00,17.0,29,7.7,170,80,0,80
2001-11-25 13:00:00,17.0,29,9.8,160,77,0,77
2001-11-25 14:00:00,15.9,30,7.2,160,68,0,68
2001-11-25 15:00:00,14.6,31,4.7,150,54,0,54
2001-11-25 16:00:00,13.0,32,2.1,150,28,0,28
2001-11-25 17:00:00,13.0,32,3.1,110,12,35,11
2001-11-25 18:00:00,11.3,39,2.9,90,0,0,0
2001-11-25 19:00:00,10.0,46,2.6,80,0,0,0
2001-11-25 20:00:00,10.0,46,2.4,60,0,0,0
2001-11-25 21:00:00,10.0,46,2.1,40,0,0,0
2001-11-25 22:00:00,7.0,56,1.5,320,0,0,0
2001-11-25 23:00:00,7.0,56,2.1,320,0,0,0
2001-11-26 00:00:00,8.0,52,2.6,330,0,0,0
2001-11-26 01:00:00,7.0,56,1.5,10,0,0,0
2001-11-26 02:00:00,7.0,100,1.5,360,0,0,0
2001-11-26 03:00:00,6.0,100,1.8,350,0,0,0
2001-11-26 04:00:00,7.0,100,2.1,340,0,0,0
2001-11-26 05:00:00,6.0,100,2.1,110,0,0,0
2001-11-26 06:00:00,4.0,100,2.1,110,0,0,0
2001-11-26 07:00:00,3.9,100,2.1,100,0,0,0
2001-11-26 08:00:00,5.0,100,2.1,100,0,0,0
2001-11-26 09:00:00,5.0,100,1.5,120,105,53,94
2001-11-26 10:00:00,7.0,93,3.0,120,150,19,143
2001-11-26 11:00:00,9.0,93,2.7,130,312,262,198
2001-11-26 12:00:00,12.0,76,2.1,140,349,259,223
2001-11-26 13:00:00,13.0,62,3.5,120,468,652,153
2001-11-26 14:00:00,14.0,63,2.7,110,405,610,141
2001-11-26 15:00:00,13.0,67,2.9,90,237,204,168
2001-11-26 16:00:00,13.0,67,1.5,120,28,0,28
2001-11-26 17:00:00,12.0,71,1.5,130,4,0,4
2001-11-26 18:00:00,12.0,67,2.1,80,0,0,0
2001-11-26 19:00:00,11.0,71,1.5,20,0,0,0
2001-11-26 20:00:00,9.0,81,2.1,130,0,0,0
2001-11-26 21:00:00,9.0,81,1.5,60,0,0,0
2001-11-26 22:00:00,8.0,87,1.5,40,0,0,0
2001-11-26 23:00:00,7.0,87,1.5,10,0,0,0
2001-11-27 00:00:00,7.0,87,1.9,60,0,0,0
2001-11-27 01:00:00,7.3,90,1.4,300,0,0,0
2001-11-27 02:00:00,7.0,93,1.6,170,0,0,0
2001-11-27 03:00:00,7.0,93,1.8,200,0,0,0
2001-11-27 04:00:00,6.0,93,2.1,240,0,0,0
2001-11-27 05:00:00,7.0,87,1.8,180,0,0,0
2001-11-27 06:00:00,6.0,93,1.9,230,0,0,0
2001-11-27 07:00:00,7.0,93,1.9,280,0,0,0
2001-11-27 08:00:00,8.0,87,2.1,300,0,0,0
2001-11-27 09:00:00,9.0,87,1.5,340,33,0,33
2001-11-27 10:00:00,9.0,87,3.1,330,54,0,54
2001-11-27 11:00:00,9.0,87,2.6,320,70,0,70
2001-11-27 12:00:00,9.0,87,2.1,310,110,0,110
2001-11-27 13:00:00,10.0,87,2.1,260,112,0,112
2001-11-27 14:00:00,11.0,82,2.1,210,97,0,97
2001-11-27 15:00:00,12.0,82,4.1,160,48,0,48
2001-11-27 16:00:00,12.0,82,3.1,190,140,254,89
2001-11-27 17:00:00,11.0,87,3.6,150,16,124,11
2001-11-27 18:00:00,11.0,87,2.6,210,0,0,0
2001-11-27 19:00:00,11.0,94,2.6,190,0,0,0
2001-11-27 20:00:00,11.0,94,3.6,170,0,0,0
2001-11-27 21:00:00,11.0,94,2.9,180,0,0,0
2001-11-27 22:00:00,10.7,99,2.2,190,0,0,0
2001-11-27 23:00:00,11.0,100,1.5,200,0,0,0
2001-11-28 00:00:00,11.0,94,1.6,190,0,0,0
2001-11-28 01:00:00,10.7,97,1.7,180,0,0,0
2001-11-28 02:00:00,10.0,100,1.9,180,0,0,0
2001-11-28 03:00:00,10.0,96,2.0,170,0,0,0
2001-11-28 04:00:00,10.0,93,2.1,160,0,0,0
2001-11-28 05:00:00,10.0,100,1.5,160,0,0,0
2001-11-28 06:00:00,10.0,100,1.5,180,0,0,0
2001-11-28 07:00:00,9.0,100,1.5,180,0,0,0
2001-11-28 08:00:00,9.0,100,1.8,130,0,0,0
2001-11-28 09:00:00,9.0,100,2.1,70,156,174,120
2001-11-28 10:00:00,11.0,94,1.5,70,82,0,82
2001-11-28 11:00:00,12.0,94,1.9,20,204,49,183
2001-11-28 12:00:00,13.0,94,2.2,330,104,0,104
2001-11-28 13:00:00,13.0,94,2.6,280,178,6,175
2001-11-28 14:00:00,13.0,94,3.1,320,68,0,68
2001-11-28 15:00:00,13.0,94,3.6,10,48,0,48
2001-11-28 16:00:00,13.0,88,2.6,10,75,22,70
2001-11-28 17:00:00,13.0,88,3.1,10,12,38,10
2001-11-28 18:00:00,13.0,88,3.1,30,0,0,0
2001-11-28 19:00:00,13.0,77,2.6,30,0,0,0
2001-11-28 20:00:00,12.0,82,3.1,360,0,0,0
2001-11-28 21:00:00,12.0,82,5.1,10,0,0,0
2001-11-28 22:00:00,12.0,88,4.1,10,0,0,0
2001-11-28 23:00:00,11.0,94,4.1,360,0,0,0
2001-11-29 00:00:00,11.0,87,3.6,10,0,0,0
2001-11-29 01:00:00,11.0,87,2.6,340,0,0,0
2001-11-29 02:00:00,10.9,88,2.4,340,0,0,0
2001-11-29 03:00:00,11.0,87,2.1,330,0,0,0
2001-11-29 04:00:00,11.0,87,2.1,320,0,0,0
2001-11-29 05:00:00,11.0,87,2.1,310,0,0,0
2001-11-29 06:00:00,11.0,100,1.5,60,0,0,0
2001-11-29 07:00:00,11.0,100,1.5,360,0,0,0
2001-11-29 08:00:00,11.0,100,1.5,290,0,0,0
2001-11-29 09:00:00,12.0,94,1.5,310,25,0,25
2001-11-29 10:00:00,13.0,94,2.1,300,48,0,48
2001-11-29 11:00:00,13.0,94,2.1,330,64,0,64
2001-11-29 12:00:00,14.0,94,4.1,170,116,0,116
2001-11-29 13:00:00,14.0,94,3.6,160,142,0,142
2001-11-29 14:00:00,15.0,94,4.1,160,68,0,68
2001-11-29 15:00:00,16.0,88,4.1,140,48,0,48
2001-11-29 16:00:00,15.0,94,4.1,180,42,0,42
2001-11-29 17:00:00,15.0,94,3.1,170,10,8,9
2001-11-29 18:00:00,14.0,94,2.1,130,0,0,0
2001-11-29 19:00:00,14.0,94,2.1,150,0,0,0
2001-11-29 20:00:00,12.0,100,2.3,150,0,0,0
2001-11-29 21:00:00,12.0,100,2.5,150,0,0,0
2001-11-29 22:00:00,12.0,100,2.8,150,0,0,0
2001-11-29 23:00:00,11.0,100,3.0,150,0,0,0
2001-11-30 00:00:00,12.1,99,3.2,160,0,0,0
2001-11-30 01:00:00,13.6,98,3.4,160,0,0,0
2001-11-30 02:00:00,14.6,97,3.7,160,0,0,0
2001-11-30 03:00:00,15.8,95,3.9,160,0,0,0
2001-11-30 04:00:00,17.0,94,4.1,160,0,0,0
2001-11-30 05:00:00,17.0,88,5.7,160,0,0,0
2001-11-30 06:00:00,17.0,88,4.1,160,0,0,0
2001-11-30 07:00:00,16.0,88,3.6,150,0,0,0
2001-11-30 08:00:00,17.0,88,4.1,160,0,0,0
2001-11-30 09:00:00,17.0,88,4.6,170,25,0,25
2001-11-30 10:00:00,17.0,94,6.2,150,48,0,48
2001-11-30 11:00:00,18.0,88,6.7,160,83,0,83
2001-11-30 12:00:00,18.0,88,5.7,170,74,0,74
2001-11-30 13:00:00,19.0,83,8.2,180,190,18,181
2001-11-30 14:00:00,19.0,83,8.7,180,63,0,63
2001-11-30 15:00:00,20.0,78,8.7,170,48,0,48
2001-11-30 16:00:00,19.0,83,9.3,180,154,330,88
2001-11-30 17:00:00,19.0,78,8.7,180,15,129,10
2001-11-30 18:00:00,19.0,73,6.2,200,0,0,0
2001-11-30 19:00:00,18.0,77,4.1,190,0,0,0
2001-11-30 20:00:00,18.0,77,3.1,200,0,0,0
2001-11-30 21:00:00,17.0,82,2.6,210,0,0,0
2001-11-30 22:00:00,14.6,82,2.4,200,0,0,0
2001-11-30 23:00:00,12.1,82,2.3,210,0,0,0
2001-12-01 00:00:00,9.7,94,2.1,300,0,0,0
2005-12-01 01:00:00,7.3,67,2.0,320,0,0,0
2005-12-01 02:00:00,4.9,72,1.8,360,0,0,0
2005-12-01 03:00:00,2.4,72,1.7,360,0,0,0
2005-12-01 04:00:00,0.0,66,1.5,10,0,0,0
2005-12-01 05:00:00,-1.0,78,0.0,0,0,0,0
2005-12-01 06:00:00,-2.0,78,0.0,0,0,0,0
2005-12-01 07:00:00,-1.0,78,1.5,340,0,0,0
2005-12-01 08:00:00,-1.0,71,0.0,0,0,0,0
2005-12-01 09:00:00,-1.0,78,0.0,0,167,466,75
2005-12-01 10:00:00,1.0,72,0.0,0,302,643,90
2005-12-01 11:00:00,3.0,63,1.5,360,351,445,164
2005-12-01 12:00:00,3.0,63,0.0,0,466,567,199
2005-12-01 13:00:00,3.0,58,0.0,0,142,0,142
2005-12-01 14:00:00,3.0,58,2.1,170,268,184,190
2005-12-01 15:00:00,3.0,57,1.9,190,91,0,91
2005-12-01 16:00:00,2.9,62,1.7,220,154,347,85
2005-12-01 17:00:00,2.0,67,1.5,240,15,140,9
2005-12-01 18:00:00,2.0,67,1.5,220,0,0,0
2005-12-01 19:00:00,1.0,86,2.6,220,0,0,0
2005-12-01 20:00:00,1.0,86,2.6,230,0,0,0
2005-12-01 21:00:00,1.0,93,2.6,230,0,0,0
2005-12-01 22:00:00,1.0,93,2.6,210,0,0,0
2005-12-01 23:00:00,2.0,73,4.1,250,0,0,0
2005-12-02 00:00:00,1.0,79,3.6,270,0,0,0
2005-12-02 01:00:00,1.0,67,7.2,280,0,0,0
2005-12-02 02:00:00,1.0,72,5.7,280,0,0,0
2005-12-02 03:00:00,2.0,67,4.1,270,0,0,0
2005-12-02 04:00:00,2.0,62,3.6,240,0,0,0
2005-12-02 05:00:00,2.0,62,5.1,260,0,0,0
2005-12-02 06:00:00,1.0,56,10.3,290,0,0,0
2005-12-02 07:00:00,1.0,56,4.6,260,0,0,0
2005-12-02 08:00:00,1.0,51,3.6,250,2,0,2
2005-12-02 09:00:00,1.0,56,4.1,250,25,0,25
2005-12-02 10:00:00,1.0,51,9.8,260,233,219,162
2005-12-02 11:00:00,1.0,43,10.3,270,403,640,134
2005-12-02 12:00:00,1.0,43,7.7,280,460,615,172
2005-12-02 13:00:00,1.0,40,12.3,260,196,66,165
2005-12-02 14:00:00,1.0,40,11.3,270,331,361,179
2005-12-02 15:00:00,0.0,39,11.3,270,295,587,103
2005-12-02 16:00:00,-1.0,42,11.3,280,154,550,45
2005-12-02 17:00:00,-2.0,42,13.4,270,15,143,9
2005-12-02 18:00:00,-3.0,46,11.8,270,0,0,0
2005-12-02 19:00:00,-3.0,46,9.8,270,0,0,0
2005-12-02 20:00:00,-3.0,50,12.9,270,0,0,0
2005-12-02 21:00:00,-3.0,46,10.8,280,0,0,0
2005-12-02 22:00:00,-3.0,46,8.7,270,0,0,0
2005-12-02 23:00:00,-3.0,46,4.6,260,0,0,0
2005-12-03 00:00:00,-4.0,54,6.7,270,0,0,0
2005-12-03 01:00:00,-4.0,50,4.1,260,0,0,0
2005-12-03 02:00:00,-5.0,54,6.7,260,0,0,0
2005-12-03 03:00:00,-5.0,54,5.1,270,0,0,0
2005-12-03 04:00:00,-6.0,59,3.6,230,0,0,0
2005-12-03 05:00:00,-6.0,59,3.1,230,0,0,0
2005-12-03 06:00:00,-6.0,59,4.6,230,0,0,0
2005-12-03 07:00:00,-6.0,59,4.6,240,0,0,0
2005-12-03 08:00:00,-6.0,59,5.1,240,10,153,5
2005-12-03 09:00:00,-4.0,50,5.7,230,169,455,81
2005-12-03 10:00:00,-3.0,46,4.1,240,296,669,79
2005-12-03 11:00:00,-2.0,42,3.6,250,403,769,83
2005-12-03 12:00:00,-1.0,39,5.1,240,460,808,84
2005-12-03 13:00:00,-1.0,39,4.6,250,456,796,86
2005-12-03 14:00:00,0.0,32,5.1,230,399,770,77
2005-12-03 15:00:00,-1.0,35,4.6,230,290,512,123
2005-12-03 16:00:00,-1.0,35,3.1,210,79,44,70
2005-12-03 17:00:00,-1.0,35,0.0,0,15,83,12
2005-12-03 18:00:00,0.0,32,2.1,190,0,0,0
2005-12-03 19:00:00,-1.0,39,2.1,140,0,0,0
2005-12-03 20:00:00,-1.0,42,2.1,110,0,0,0
2005-12-03 21:00:00,-1.0,42,2.1,70,0,0,0
2005-12-03 22:00:00,-1.0,46,0.0,0,0,0,0
2005-12-03 23:00:00,-1.0,66,5.7,150,0,0,0
2005-12-04 00:00:00,-2.0,85,2.6,140,0,0,0
2005-12-04 01:00:00,-2.0,92,0.0,0,0,0,0
2005-12-04 02:00:00,-1.0,85,0.0,0,0,0,0
2005-12-04 03:00:00,-1.0,92,2.6,160,0,0,0
2005-12-04 04:00:00,-1.0,92,2.6,150,0,0,0
2005-12-04 05:00:00,-1.0,100,0.0,0,0,0,0
2005-12-04 06:00:00,-1.0,92,2.6,350,0,0,0
2005-12-04 07:00:00,-2.0,92,3.1,330,0,0,0
2005-12-04 08:00:00,-2.0,92,3.6,340,3,0,3
2005-12-04 09:00:00,-2.0,92,0.0,0,60,0,60
2005-12-04 10:00:00,-2.0,92,1.5,330,48,0,48
2005-12-04 11:00:00,-1.0,92,1.5,340,64,0,64
2005-12-04 12:00:00,-1.0,92,0.0,0,74,0,74
2005-12-04 13:00:00,-1.0,92,2.1,310,77,0,77
2005-12-04 14:00:00,0.0,92,1.5,310,63,0,63
2005-12-04 15:00:00,1.0,86,0.0,0,64,0,64
2005-12-04 16:00:00,1.0,86,0.0,0,65,5,64
2005-12-04 17:00:00,2.0,80,2.6,240,5,0,5
2005-12-04 18:00:00,2.0,80,2.6,250,0,0,0
2005-12-04 19:00:00,1.0,86,2.6,310,0,0,0
2005-12-04 20:00:00,1.0,72,0.0,0,0,0,0
2005-12-04 21:00:00,1.0,79,2.1,280,0,0,0
2005-12-04 22:00:00,1.0,79,0.0,0,0,0,0
2005-12-04 23:00:00,1.0,72,2.6,290,0,0,0
2005-12-05 00:00:00,1.0,72,4.6,280,0,0,0
2005-12-05 01:00:00,1.0,67,1.5,310,0,0,0
2005-12-05 02:00:00,0.0,72,2.6,300,0,0,0
2005-12-05 03:00:00,0.0,66,2.1,310,0,0,0
2005-12-05 04:00:00,0.0,66,1.5,280,0,0,0
2005-12-05 05:00:00,0.0,66,2.1,330,0,0,0
2005-12-05 06:00:00,-1.0,71,2.1,30,0,0,0
2005-12-05 07:00:00,-1.0,71,1.5,50,0,0,0
2005-12-05 08:00:00,-1.0,71,1.5,50,3,0,3
2005-12-05 09:00:00,-1.0,71,2.6,30,68,0,68
2005-12-05 10:00:00,-1.0,66,3.1,50,83,0,83
2005-12-05 11:00:00,0.0,66,3.1,20,397,580,158
2005-12-05 12:00:00,1.0,61,2.6,30,454,802,84
2005-12-05 13:00:00,0.0,66,3.1,10,456,562,196
2005-12-05 14:00:00,0.0,60,3.1,20,63,0,63
2005-12-05 15:00:00,0.0,66,2.6,70,113,6,111
2005-12-05 16:00:00,-1.0,71,2.1,90,112,181,76
2005-12-05 17:00:00,-1.0,66,2.1,90,15,86,11
2005-12-05 18:00:00,-1.0,66,2.1,70,0,0,0
2005-12-05 19:00:00,-1.0,66,2.1,70,0,0,0
2005-12-05 20:00:00,-1.0,66,2.6,40,0,0,0
2005-12-05 21:00:00,-1.0,66,1.5,50,0,0,0
2005-12-05 22:00:00,-2.0,78,0.0,0,0,0,0
2005-12-05 23:00:00,-1.0,71,0.0,0,0,0,0
2005-12-06 00:00:00,-2.0,78,1.5,230,0,0,0
2005-12-06 01:00:00,-2.0,78,2.1,310,0,0,0
2005-12-06 02:00:00,-2.0,71,1.5,300,0,0,0
2005-12-06 03:00:00,-2.0,71,3.1,300,0,0,0
2005-12-06 04:00:00,-2.0,71,3.6,310,0,0,0
2005-12-06 05:00:00,-1.0,66,1.5,330,0,0,0
2005-12-06 06:00:00,-1.0,55,5.7,330,0,0,0
2005-12-06 07:00:00,-2.0,60,6.2,310,0,0,0
2005-12-06 08:00:00,-2.0,60,4.1,310,7,138,3
2005-12-06 09:00:00,-1.0,55,5.7,310,155,459,71
2005-12-06 10:00:00,-1.0,50,7.2,290,290,676,77
2005-12-06 11:00:00,-1.0,50,6.2,290,391,751,83
2005-12-06 12:00:00,0.0,43,5.1,280,448,790,85
2005-12-06 13:00:00,1.0,36,6.2,290,451,796,84
2005-12-06 14:00:00,2.0,34,6.7,280,394,764,77
2005-12-06 15:00:00,1.0,36,5.7,280,290,698,64
2005-12-06 16:00:00,1.0,36,4.6,300,149,533,45
2005-12-06 17:00:00,-1.0,42,3.1,300,15,157,9
2005-12-06 18:00:00,-2.0,46,2.6,250,0,0,0
2005-12-06 19:00:00,-3.0,50,3.6,270,0,0,0
2005-12-06 20:00:00,-2.0,46,0.0,0,0,0,0
2005-12-06 21:00:00,-3.0,55,5.1,280,0,0,0
2005-12-06 22:00:00,-3.0,55,1.5,260,0,0,0
2005-12-06 23:00:00,-3.0,50,2.1,240,0,0,0
2005-12-07 00:00:00,-3.0,50,1.5,220,0,0,0
2005-12-07 01:00:00,-5.0,59,2.1,260,0,0,0
2005-12-07 02:00:00,-4.0,54,3.1,250,0,0,0
2005-12-07 03:00:00,-3.0,55,2.6,250,0,0,0
2005-12-07 04:00:00,-3.0,55,2.6,240,0,0,0
2005-12-07 05:00:00,-3.0,55,3.1,220,0,0,0
2005-12-07 06:00:00,-4.0,65,3.1,230,0,0,0
2005-12-07 07:00:00,-5.0,71,2.1,280,0,0,0
2005-12-07 08:00:00,-3.0,65,7.2,290,5,103,3
2005-12-07 09:00:00,-3.0,60,6.7,290,139,357,74
2005-12-07 10:00:00,-2.0,50,7.2,290,256,401,130
2005-12-07 11:00:00,-1.0,42,7.7,300,71,0,71
2005-12-07 12:00:00,-1.0,39,8.2,300,369,278,242
2005-12-07 13:00:00,0.0,32,10.3,290,439,646,142
2005-12-07 14:00:00,-1.0,35,8.7,270,342,456,154
2005-12-07 15:00:00,-1.0,35,6.2,290,290,651,80
2005-12-07 16:00:00,-1.0,39,5.7,290,144,500,47
2005-12-07 17:00:00,-3.0,46,5.7,290,13,105,9
2005-12-07 18:00:00,-3.0,46,7.2,290,0,0,0
2005-12-07 19:00:00,-4.0,50,3.6,310,0,0,0
2005-12-07 20:00:00,-6.0,59,3.6,300,0,0,0
2005-12-07 21:00:00,-4.0,45,2.6,360,0,0,0
2005-12-07 22:00:00,-6.0,59,3.6,330,0,0,0
2005-12-07 23:00:00,-6.0,59,3.1,20,0,0,0
2005-12-08 00:00:00,-6.0,59,3.1,310,0,0,0
2005-12-08 01:00:00,-7.0,64,2.6,260,0,0,0
2005-12-08 02:00:00,-7.3,64,2.4,210,0,0,0
2005-12-08 03:00:00,-8.0,64,2.1,150,0,0,0
2005-12-08 04:00:00,-7.0,59,0.0,0,0,0,0
2005-12-08 05:00:00,-8.0,64,0.0,0,0,0,0
2005-12-08 06:00:00,-8.0,70,0.0,0,0,0,0
2005-12-08 07:00:00,-9.0,70,0.0,0,0,0,0
2005-12-08 08:00:00,-9.0,70,0.0,0,5,123,2
2005-12-08 09:00:00,-8.0,70,2.6,130,148,441,69
2005-12-08 10:00:00,-5.0,59,0.0,0,284,664,78
2005-12-08 11:00:00,-4.0,50,0.0,0,392,770,80
2005-12-08 12:00:00,-2.0,46,1.5,300,449,803,83
2005-12-08 13:00:00,-2.0,46,2.1,250,451,784,92
2005-12-08 14:00:00,-2.0,42,2.1,190,377,592,132
2005-12-08 15:00:00,-1.0,39,2.1,130,236,349,124
2005-12-08 16:00:00,-1.0,39,1.5,110,93,99,74
2005-12-08 17:00:00,-1.0,42,3.1,160,11,60,9
2005-12-08 18:00:00,-2.0,46,4.1,140,0,0,0
2005-12-08 19:00:00,-2.0,46,4.1,150,0,0,0
2005-12-08 20:00:00,-1.0,42,5.1,160,0,0,0
2005-12-08 21:00:00,-2.0,46,5.1,160,0,0,0
2005-12-08 22:00:00,-4.0,84,3.6,140,0,0,0
2005-12-08 23:00:00,-4.0,92,2.6,70,0,0,0
2005-12-09 00:00:00,-4.0,84,1.5,250,0,0,0
2005-12-09 01:00:00,-4.0,84,4.1,130,0,0,0
2005-12-09 02:00:00,-4.0,84,1.5,110,0,0,0
2005-12-09 03:00:00,-4.0,84,3.1,110,0,0,0
2005-12-09 04:00:00,-4.0,84,3.1,300,0,0,0
2005-12-09 05:00:00,-4.0,92,3.6,340,0,0,0
2005-12-09 06:00:00,-4.0,84,0.0,0,0,0,0
2005-12-09 07:00:00,-4.0,84,0.0,0,0,0,0
2005-12-09 08:00:00,-6.0,92,0.0,0,4,43,3
2005-12-09 09:00:00,-4.0,84,4.1,220,114,159,86
2005-12-09 10:00:00,0.0,55,7.7,260,125,19,119
2005-12-09 11:00:00,1.0,51,10.3,280,148,0,148
2005-12-09 12:00:00,1.0,51,8.7,280,197,24,186
2005-12-09 13:00:00,0.0,51,10.8,300,255,102,209
2005-12-09 14:00:00,-1.0,55,8.2,270,91,0,91
2005-12-09 15:00:00,0.0,51,3.6,300,113,6,111
2005-12-09 16:00:00,-1.0,55,6.7,310,74,22,70
2005-12-09 17:00:00,-3.0,60,5.1,290,9,19,8
2005-12-09 18:00:00,-3.0,60,4.1,290,0,0,0
2005-12-09 19:00:00,-3.0,60,4.1,280,0,0,0
2005-12-09 20:00:00,-4.0,65,6.7,290,0,0,0
2005-12-09 21:00:00,-4.0,65,2.6,280,0,0,0
2005-12-09 22:00:00,-4.0,65,1.5,250,0,0,0
2005-12-09 23:00:00,-5.0,65,3.1,210,0,0,0
2005-12-10 00:00:00,-5.0,65,3.6,240,0,0,0
2005-12-10 01:00:00,-6.0,70,2.6,220,0,0,0
2005-12-10 02:00:00,-8.0,77,2.1,160,0,0,0
2005-12-10 03:00:00,-6.0,70,2.1,200,0,0,0
2005-12-10 04:00:00,-7.0,77,2.1,210,0,0,0
2005-12-10 05:00:00,-8.0,77,0.0,0,0,0,0
2005-12-10 06:00:00,-9.0,84,2.1,150,0,0,0
2005-12-10 07:00:00,-8.0,77,2.1,80,0,0,0
2005-12-10 08:00:00,-9.0,84,0.0,0,3,43,2
2005-12-10 09:00:00,-8.0,77,0.0,0,106,166,77
2005-12-10 10:00:00,-6.0,77,2.6,140,167,107,134
2005-12-10 11:00:00,-4.0,65,0.0,0,103,0,103
2005-12-10 12:00:00,-2.0,60,0.0,0,221,60,194
2005-12-10 13:00:00,-2.0,60,0.0,0,101,0,101
2005-12-10 14:00:00,-1.0,55,0.0,0,154,6,152
2005-12-10 15:00:00,0.0,51,0.0,0,167,87,139
2005-12-10 16:00:00,-1.0,55,0.0,0,93,82,77
2005-12-10 17:00:00,-3.0,65,2.1,300,9,11,9
2005-12-10 18:00:00,-5.0,71,2.1,310,0,0,0
2005-12-10 19:00:00,-4.0,65,2.1,30,0,0,0
2005-12-10 20:00:00,-4.0,65,0.0,0,0,0,0
2005-12-10 21:00:00,-6.0,77,0.0,0,0,0,0
2005-12-10 22:00:00,-7.0,77,2.1,310,0,0,0
2005-12-10 23:00:00,-6.8,80,2.4,270,0,0,0
2005-12-11 00:00:00,-6.4,83,2.8,220,0,0,0
2005-12-11 01:00:00,-6.0,84,3.1,180,0,0,0
2005-12-11 02:00:00,-7.0,84,0.0,0,0,0,0
2005-12-11 03:00:00,-4.0,71,1.5,180,0,0,0
2005-12-11 04:00:00,-3.9,69,1.8,180,0,0,0
2005-12-11 05:00:00,-3.8,67,2.1,180,0,0,0
2005-12-11 06:00:00,-3.3,63,2.3,180,0,0,0
2005-12-11 07:00:00,-3.0,65,2.6,180,0,0,0
2005-12-11 08:00:00,-2.0,55,1.5,170,3,58,2
2005-12-11 09:00:00,-3.0,65,3.6,190,143,237,102
2005-12-11 10:00:00,1.0,56,1.5,170,70,0,70
2005-12-11 11:00:00,1.0,56,2.6,210,225,116,179
2005-12-11 12:00:00,3.0,58,3.1,240,74,0,74
2005-12-11 13:00:00,3.0,58,5.7,250,101,0,101
2005-12-11 14:00:00,3.0,58,3.6,230,86,0,86
2005-12-11 15:00:00,3.0,63,4.6,250,129,23,122
2005-12-11 16:00:00,3.0,63,2.6,210,121,242,74
2005-12-11 17:00:00,3.0,58,3.1,220,9,15,9
2005-12-11 18:00:00,3.0,58,4.1,220,0,0,0
2005-12-11 19:00:00,2.0,67,3.1,230,0,0,0
2005-12-11 20:00:00,2.0,67,3.6,220,0,0,0
2005-12-11 21:00:00,2.0,62,4.6,250,0,0,0
2005-12-11 22:00:00,1.0,67,4.6,250,0,0,0
2005-12-11 23:00:00,1.0,67,5.7,270,0,0,0
2005-12-12 00:00:00,1.0,67,5.7,260,0,0,0
2005-12-12 01:00:00,-1.0,78,3.1,210,0,0,0
2005-12-12 02:00:00,0.0,55,4.1,240,0,0,0
2005-12-12 03:00:00,-2.0,78,3.1,190,0,0,0
2005-12-12 04:00:00,-2.0,78,3.1,220,0,0,0
2005-12-12 05:00:00,-2.0,78,2.1,220,0,0,0
2005-12-12 06:00:00,-1.0,60,3.6,250,0,0,0
2005-12-12 07:00:00,-1.0,60,3.1,230,0,0,0
2005-12-12 08:00:00,-2.0,65,2.1,230,1,0,1
2005-12-12 09:00:00,-1.0,55,3.1,250,63,0,63
2005-12-12 10:00:00,0.0,55,3.6,280,160,88,134
2005-12-12 11:00:00,0.0,60,5.1,340,187,37,172
2005-12-12 12:00:00,-1.0,66,3.6,330,92,0,92
2005-12-12 13:00:00,-1.0,78,4.6,310,71,0,71
2005-12-12 14:00:00,-1.0,66,5.1,300,120,0,120
2005-12-12 15:00:00,-1.0,60,4.1,290,167,99,135
2005-12-12 16:00:00,-1.0,55,4.1,330,56,0,56
2005-12-12 17:00:00,-2.0,55,4.1,320,4,0,4
2005-12-12 18:00:00,-3.0,55,3.1,330,0,0,0
2005-12-12 19:00:00,-4.0,59,2.1,320,0,0,0
2005-12-12 20:00:00,-4.0,54,1.5,310,0,0,0
2005-12-12 21:00:00,-6.0,59,2.1,260,0,0,0
2005-12-12 22:00:00,-5.0,54,2.1,270,0,0,0
2005-12-12 23:00:00,-5.0,54,2.6,270,0,0,0
2005-12-13 00:00:00,-5.0,54,1.5,300,0,0,0
2005-12-13 01:00:00,-7.0,59,3.1,320,0,0,0
2005-12-13 02:00:00,-7.0,64,5.1,310,0,0,0
2005-12-13 03:00:00,-8.0,64,4.1,300,0,0,0
2005-12-13 04:00:00,-8.0,64,2.6,330,0,0,0
2005-12-13 05:00:00,-8.0,64,1.5,330,0,0,0
2005-12-13 06:00:00,-9.0,64,2.1,330,0,0,0
2005-12-13 07:00:00,-9.0,64,2.6,320,0,0,0
2005-12-13 08:00:00,-10.0,70,2.6,340,1,21,1
2005-12-13 09:00:00,-9.0,64,1.5,260,90,91,75
2005-12-13 10:00:00,-7.0,54,3.1,330,133,25,125
2005-12-13 11:00:00,-7.0,54,2.6,320,193,31,181
2005-12-13 12:00:00,-6.0,49,1.5,320,209,24,198
2005-12-13 13:00:00,-6.0,49,2.1,320,190,18,182
2005-12-13 14:00:00,-4.0,38,3.1,320,97,0,97
2005-12-13 15:00:00,-4.0,38,2.6,320,253,407,122
2005-12-13 16:00:00,-4.0,41,0.0,0,131,347,64
2005-12-13 17:00:00,-5.0,41,0.0,0,15,114,11
2005-12-13 18:00:00,-6.0,41,0.0,0,0,0,0
2005-12-13 19:00:00,-7.0,45,3.1,360,0,0,0
2005-12-13 20:00:00,-8.0,49,3.1,30,0,0,0
2005-12-13 21:00:00,-8.0,49,3.6,40,0,0,0
2005-12-13 22:00:00,-8.0,49,3.1,30,0,0,0
2005-12-13 23:00:00,-11.0,63,1.5,310,0,0,0
2005-12-14 00:00:00,-11.0,63,3.1,320,0,0,0
2005-12-14 01:00:00,-12.0,63,2.1,330,0,0,0
2005-12-14 02:00:00,-12.0,63,2.1,10,0,0,0
2005-12-14 03:00:00,-12.0,63,0.0,0,0,0,0
2005-12-14 04:00:00,-12.0,69,3.6,340,0,0,0
2005-12-14 05:00:00,-13.0,69,3.6,350,0,0,0
2005-12-14 06:00:00,-13.0,69,2.6,350,0,0,0
2005-12-14 07:00:00,-13.0,69,0.0,0,0,0,0
2005-12-14 08:00:00,-13.0,69,1.5,300,1,26,1
2005-12-14 09:00:00,-11.0,63,2.1,60,100,119,80
2005-12-14 10:00:00,-9.0,53,2.1,70,112,0,112
2005-12-14 11:00:00,-9.0,64,1.5,310,200,55,178
2005-12-14 12:00:00,-8.0,64,1.5,320,240,60,213
2005-12-14 13:00:00,-7.0,54,2.1,300,255,84,218
2005-12-14 14:00:00,-7.0,45,0.0,0,200,65,173
2005-12-14 15:00:00,-6.0,45,2.1,30,48,0,48
2005-12-14 16:00:00,-6.0,45,2.6,60,89,83,73
2005-12-14 17:00:00,-6.0,45,3.1,60,10,11,9
2005-12-14 18:00:00,-7.0,54,2.6,60,0,0,0
2005-12-14 19:00:00,-7.0,54,2.6,60,0,0,0
2005-12-14 20:00:00,-7.0,54,2.6,60,0,0,0
2005-12-14 21:00:00,-7.0,54,0.0,0,0,0,0
2005-12-14 22:00:00,-7.0,54,2.6,50,0,0,0
2005-12-14 23:00:00,-7.0,59,2.1,60,0,0,0
2005-12-15 00:00:00,-7.0,59,0.0,0,0,0,0
2005-12-15 01:00:00,-8.0,70,1.5,320,0,0,0
2005-12-15 02:00:00,-9.0,70,2.1,290,0,0,0
2005-12-15 03:00:00,-9.0,70,0.0,0,0,0,0
2005-12-15 04:00:00,-9.0,70,2.1,300,0,0,0
2005-12-15 05:00:00,-9.0,70,1.5,340,0,0,0
2005-12-15 06:00:00,-9.0,70,2.6,310,0,0,0
2005-12-15 07:00:00,-8.6,73,2.9,320,0,0,0
2005-12-15 08:00:00,-8.0,70,3.1,320,0,0,0
2005-12-15 09:00:00,-8.0,77,2.6,320,46,0,46
2005-12-15 10:00:00,-8.0,84,2.6,340,56,0,56
2005-12-15 11:00:00,-7.0,84,2.6,340,64,0,64
2005-12-15 12:00:00,-7.0,84,3.1,330,74,0,74
2005-12-15 13:00:00,-7.0,92,3.1,320,113,0,113
2005-12-15 14:00:00,-6.0,92,3.1,10,69,0,69
2005-12-15 15:00:00,-4.0,77,3.6,40,48,0,48
2005-12-15 16:00:00,-6.0,84,3.6,320,33,0,33
2005-12-15 17:00:00,-5.0,84,3.6,320,14,50,12
2005-12-15 18:00:00,-5.0,92,4.6,310,0,0,0
2005-12-15 19:00:00,-4.0,100,5.1,350,0,0,0
2005-12-15 20:00:00,-3.0,92,5.1,350,0,0,0
2005-12-15 21:00:00,-2.0,92,4.1,330,0,0,0
2005-12-15 22:00:00,-2.0,100,4.6,340,0,0,0
2005-12-15 23:00:00,-1.0,92,3.1,340,0,0,0
2005-12-16 00:00:00,-1.0,100,2.6,310,0,0,0
2005-12-16 01:00:00,0.0,92,0.0,0,0,0,0
2005-12-16 02:00:00,-1.0,100,0.0,0,0,0,0
2005-12-16 03:00:00,-1.0,100,0.0,0,0,0,0
2005-12-16 04:00:00,-1.0,100,0.0,0,0,0,0
2005-12-16 05:00:00,0.0,85,0.0,0,0,0,0
2005-12-16 06:00:00,0.0,85,0.0,0,0,0,0
2005-12-16 07:00:00,0.0,85,0.0,0,0,0,0
2005-12-16 08:00:00,0.0,85,0.0,0,1,61,1
2005-12-16 09:00:00,0.0,85,0.0,0,120,304,70
2005-12-16 10:00:00,1.0,79,3.1,280,189,189,134
2005-12-16 11:00:00,2.0,80,1.5,270,226,110,183
2005-12-16 12:00:00,2.0,73,1.5,250,308,242,201
2005-12-16 13:00:00,2.0,73,2.1,210,71,0,71
2005-12-16 14:00:00,2.0,80,1.5,180,80,0,80
2005-12-16 15:00:00,3.0,74,3.1,170,124,17,118
2005-12-16 16:00:00,2.0,80,3.1,190,112,182,77
2005-12-16 17:00:00,2.0,80,0.0,0,16,81,12
2005-12-16 18:00:00,3.0,58,4.6,230,0,0,0
2005-12-16 19:00:00,3.0,58,5.1,240,0,0,0
2005-12-16 20:00:00,1.0,67,3.1,140,0,0,0
2005-12-16 21:00:00,2.0,57,5.7,250,0,0,0
2005-12-16 22:00:00,0.0,55,7.2,290,0,0,0
2005-12-16 23:00:00,-1.0,60,3.6,280,0,0,0
2005-12-17 00:00:00,-1.0,60,1.5,220,0,0,0
2005-12-17 01:00:00,-1.0,55,1.5,250,0,0,0
2005-12-17 02:00:00,-1.0,60,0.0,0,0,0,0
2005-12-17 03:00:00,-1.0,55,0.0,0,0,0,0
2005-12-17 04:00:00,-2.0,65,0.0,0,0,0,0
2005-12-17 05:00:00,-2.0,65,2.1,160,0,0,0
2005-12-17 06:00:00,-1.0,60,1.5,170,0,0,0
2005-12-17 07:00:00,-1.1,62,1.5,190,0,0,0
2005-12-17 08:00:00,-1.0,60,1.5,200,1,37,1
2005-12-17 09:00:00,0.0,60,2.6,230,111,191,80
2005-12-17 10:00:00,1.0,56,3.6,240,126,31,117
2005-12-17 11:00:00,2.0,52,3.6,240,323,410,162
2005-12-17 12:00:00,2.0,48,3.6,260,407,574,152
2005-12-17 13:00:00,3.0,49,2.6,260,303,222,204
2005-12-17 14:00:00,3.0,45,3.1,240,97,0,97
2005-12-17 15:00:00,3.0,45,1.5,260,92,0,92
2005-12-17 16:00:00,3.0,49,0.0,0,84,61,72
2005-12-17 17:00:00,3.0,45,1.5,330,18,101,14
2005-12-17 18:00:00,2.0,48,0.0,0,0,0,0
2005-12-17 19:00:00,1.0,51,2.1,120,0,0,0
2005-12-17 20:00:00,-1.0,60,1.5,70,0,0,0
2005-12-17 21:00:00,-1.0,66,2.1,80,0,0,0
2005-12-17 22:00:00,-2.0,71,2.1,70,0,0,0
2005-12-17 23:00:00,-2.0,71,0.0,0,0,0,0
2005-12-18 00:00:00,-2.0,65,0.0,0,0,0,0
2005-12-18 01:00:00,-2.0,65,2.1,70,0,0,0
2005-12-18 02:00:00,-3.0,71,0.0,0,0,0,0
2005-12-18 03:00:00,-2.0,65,0.0,0,0,0,0
2005-12-18 04:00:00,-2.0,65,0.0,0,0,0,0
2005-12-18 05:00:00,-3.0,77,0.0,0,0,0,0
2005-12-18 06:00:00,-4.0,77,1.5,340,0,0,0
2005-12-18 07:00:00,-3.0,71,0.0,0,0,0,0
2005-12-18 08:00:00,-2.0,65,0.0,0,1,75,0
2005-12-18 09:00:00,-3.0,77,2.6,190,130,405,66
2005-12-18 10:00:00,-1.0,66,3.1,220,260,637,74
2005-12-18 11:00:00,1.0,61,2.6,180,375,704,100
2005-12-18 12:00:00,2.0,52,1.5,200,382,495,163
2005-12-18 13:00:00,3.0,49,2.1,220,440,730,112
2005-12-18 14:00:00,3.0,49,2.1,190,389,765,77
2005-12-18 15:00:00,4.0,45,2.1,190,280,541,106
2005-12-18 16:00:00,4.0,45,2.1,170,117,204,77
2005-12-18 17:00:00,3.0,49,2.1,130,18,109,14
2005-12-18 18:00:00,2.0,52,1.5,110,0,0,0
2005-12-18 19:00:00,2.0,52,2.1,140,0,0,0
2005-12-18 20:00:00,0.0,60,1.5,90,0,0,0
2005-12-18 21:00:00,-1.0,66,1.5,340,0,0,0
2005-12-18 22:00:00,-1.0,66,0.0,0,0,0,0
2005-12-18 23:00:00,-2.0,71,0.0,0,0,0,0
2005-12-19 00:00:00,0.0,55,2.1,250,0,0,0
2005-12-19 01:00:00,-2.0,71,2.6,180,0,0,0
2005-12-19 02:00:00,-1.0,60,1.5,180,0,0,0
2005-12-19 03:00:00,-2.0,71,0.0,0,0,0,0
2005-12-19 04:00:00,-2.0,71,0.8,80,0,0,0
2005-12-19 05:00:00,-2.0,71,1.5,160,0,0,0
2005-12-19 06:00:00,0.0,60,3.6,240,0,0,0
2005-12-19 07:00:00,0.0,60,5.1,260,0,0,0
2005-12-19 08:00:00,-1.0,66,4.6,260,0,41,0
2005-12-19 09:00:00,-1.0,71,3.6,260,131,228,95
2005-12-19 10:00:00,-1.0,55,7.7,290,127,69,107
2005-12-19 11:00:00,-1.0,50,7.7,310,265,239,172
2005-12-19 12:00:00,-2.0,46,7.7,300,395,526,162
2005-12-19 13:00:00,-2.0,46,6.2,320,411,629,128
2005-12-19 14:00:00,-2.0,46,5.1,310,320,385,163
2005-12-19 15:00:00,-3.0,46,5.7,290,291,588,102
2005-12-19 16:00:00,-3.0,46,3.6,320,150,519,48
2005-12-19 17:00:00,-4.0,50,6.2,290,19,180,11
2005-12-19 18:00:00,-5.0,49,5.1,290,0,0,0
2005-12-19 19:00:00,-6.0,54,5.1,280,0,0,0
2005-12-19 20:00:00,-6.0,54,2.6,290,0,0,0
2005-12-19 21:00:00,-7.0,59,3.1,290,0,0,0
2005-12-19 22:00:00,-6.0,49,0.0,0,0,0,0
2005-12-19 23:00:00,-6.0,45,3.1,320,0,0,0
2005-12-20 00:00:00,-7.0,49,3.6,270,0,0,0
2005-12-20 01:00:00,-7.0,45,3.1,230,0,0,0
2005-12-20 02:00:00,-7.0,45,3.1,250,0,0,0
2005-12-20 03:00:00,-7.0,41,1.5,250,0,0,0
2005-12-20 04:00:00,-7.0,41,3.1,250,0,0,0
2005-12-20 05:00:00,-8.0,44,7.2,260,0,0,0
2005-12-20 06:00:00,-7.0,37,5.1,270,0,0,0
2005-12-20 07:00:00,-7.0,41,5.7,270,0,0,0
2005-12-20 08:00:00,-7.0,41,2.6,210,0,54,0
2005-12-20 09:00:00,-6.0,37,3.6,230,132,314,83
2005-12-20 10:00:00,-4.0,31,5.7,250,247,543,89
2005-12-20 11:00:00,-3.0,29,6.2,250,330,545,118
2005-12-20 12:00:00,-2.0,27,4.6,250,376,471,168
2005-12-20 13:00:00,-1.0,22,6.7,250,226,60,199
2005-12-20 14:00:00,-1.0,24,5.1,250,206,53,184
2005-12-20 15:00:00,-1.0,27,7.2,260,151,58,132
2005-12-20 16:00:00,-1.0,27,6.2,260,155,348,86
2005-12-20 17:00:00,-2.0,32,5.1,250,19,178,11
2005-12-20 18:00:00,-3.0,38,4.6,260,0,0,0
2005-12-20 19:00:00,-3.0,46,6.2,280,0,0,0
2005-12-20 20:00:00,-4.0,50,5.1,280,0,0,0
2005-12-20 21:00:00,-4.0,54,4.6,300,0,0,0
2005-12-20 22:00:00,-4.0,54,5.1,300,0,0,0
2005-12-20 23:00:00,-4.0,59,2.1,290,0,0,0
2005-12-21 00:00:00,-3.0,55,3.1,270,0,0,0
2005-12-21 01:00:00,-3.0,55,4.6,280,0,0,0
2005-12-21 02:00:00,-4.0,59,4.6,290,0,0,0
2005-12-21 03:00:00,-5.0,59,3.6,270,0,0,0
2005-12-21 04:00:00,-7.0,70,3.1,280,0,0,0
2005-12-21 05:00:00,-6.0,64,3.1,260,0,0,0
2005-12-21 06:00:00,-6.0,59,2.1,200,0,0,0
2005-12-21 07:00:00,-5.0,54,2.1,220,0,0,0
2005-12-21 08:00:00,-6.0,59,1.5,230,0,0,0
2005-12-21 09:00:00,-4.0,54,0.0,0,114,164,88
2005-12-21 10:00:00,-3.0,50,3.1,250,92,0,92
2005-12-21 11:00:00,-3.0,55,3.1,240,129,0,129
2005-12-21 12:00:00,-2.0,50,5.7,250,167,6,164
2005-12-21 13:00:00,-1.0,50,4.6,250,179,12,173
2005-12-21 14:00:00,-1.0,50,3.6,240,246,136,190
2005-12-21 15:00:00,0.0,43,5.1,230,167,93,137
2005-12-21 16:00:00,0.0,46,4.6,250,146,326,81
2005-12-21 17:00:00,-1.0,50,4.6,250,15,76,12
2005-12-21 18:00:00,-1.0,50,2.6,240,0,0,0
2005-12-21 19:00:00,-1.0,50,3.1,260,0,0,0
2005-12-21 20:00:00,-1.0,50,3.6,240,0,0,0
2005-12-21 21:00:00,-1.0,50,3.6,240,0,0,0
2005-12-21 22:00:00,-1.0,50,3.1,210,0,0,0
2005-12-21 23:00:00,-2.0,60,3.6,250,0,0,0
2005-12-22 00:00:00,-1.0,55,3.1,230,0,0,0
2005-12-22 01:00:00,-2.0,60,2.1,180,0,0,0
2005-12-22 02:00:00,-2.0,65,4.1,270,0,0,0
2005-12-22 03:00:00,-1.0,60,5.1,270,0,0,0
2005-12-22 04:00:00,-2.0,65,4.6,270,0,0,0
2005-12-22 05:00:00,-1.0,60,0.0,0,0,0,0
2005-12-22 06:00:00,-2.0,65,3.6,290,0,0,0
2005-12-22 07:00:00,-2.0,65,1.5,250,0,0,0
2005-12-22 08:00:00,-2.0,65,2.1,220,0,0,0
2005-12-22 09:00:00,-1.0,60,1.5,200,114,301,68
2005-12-22 10:00:00,0.0,55,3.6,190,254,594,83
2005-12-22 11:00:00,0.0,55,4.1,220,330,490,141
2005-12-22 12:00:00,2.0,48,3.1,220,432,604,165
2005-12-22 13:00:00,2.0,48,4.1,210,286,174,208
2005-12-22 14:00:00,3.0,45,3.1,190,223,77,192
2005-12-22 15:00:00,3.0,45,4.1,190,146,35,135
2005-12-22 16:00:00,3.0,49,4.6,150,104,144,75
2005-12-22 17:00:00,3.0,49,4.1,180,20,92,15
2005-12-22 18:00:00,2.0,52,5.1,190,0,0,0
2005-12-22 19:00:00,2.0,52,5.1,170,0,0,0
2005-12-22 20:00:00,2.0,52,2.1,190,0,0,0
2005-12-22 21:00:00,1.0,56,1.5,180,0,0,0
2005-12-22 22:00:00,1.0,56,2.1,170,0,0,0
2005-12-22 23:00:00,1.0,56,3.6,180,0,0,0
2005-12-23 00:00:00,1.0,56,3.1,160,0,0,0
2005-12-23 01:00:00,1.0,56,3.1,170,0,0,0
2005-12-23 02:00:00,1.0,56,3.1,160,0,0,0
2005-12-23 03:00:00,1.0,51,3.6,160,0,0,0
2005-12-23 04:00:00,1.0,51,4.1,180,0,0,0
2005-12-23 05:00:00,1.0,51,4.1,170,0,0,0
2005-12-23 06:00:00,1.0,51,3.1,160,0,0,0
2005-12-23 07:00:00,1.0,47,3.6,160,0,0,0
2005-12-23 08:00:00,1.0,47,3.6,150,0,0,0
2005-12-23 09:00:00,3.0,45,3.1,130,38,0,38
2005-12-23 10:00:00,4.0,38,3.1,130,184,208,124
2005-12-23 11:00:00,6.0,36,3.1,150,285,337,155
2005-12-23 12:00:00,7.0,31,2.1,170,358,441,163
2005-12-23 13:00:00,9.0,27,3.1,180,340,359,178
2005-12-23 14:00:00,9.0,27,3.6,160,304,338,165
2005-12-23 15:00:00,10.0,28,4.1,160,227,320,123
2005-12-23 16:00:00,10.0,28,4.6,170,147,366,73
2005-12-23 17:00:00,9.0,29,3.1,160,22,150,15
2005-12-23 18:00:00,8.0,34,3.1,160,0,0,0
2005-12-23 19:00:00,7.0,40,5.1,150,0,0,0
2005-12-23 20:00:00,7.0,37,3.6,180,0,0,0
2005-12-23 21:00:00,7.0,31,4.1,180,0,0,0
2005-12-23 22:00:00,6.0,36,2.6,170,0,0,0
2005-12-23 23:00:00,5.0,39,2.6,170,0,0,0
2005-12-24 00:00:00,4.0,38,3.1,150,0,0,0
2005-12-24 01:00:00,4.0,39,3.1,160,0,0,0
2005-12-24 02:00:00,4.2,40,3.1,170,0,0,0
2005-12-24 03:00:00,4.0,42,3.1,180,0,0,0
2005-12-24 04:00:00,6.0,33,4.1,190,0,0,0
2005-12-24 05:00:00,4.0,42,2.6,170,0,0,0
2005-12-24 06:00:00,4.0,42,0.0,0,0,0,0
2005-12-24 07:00:00,4.0,42,3.1,100,0,0,0
2005-12-24 08:00:00,3.0,45,3.1,140,0,0,0
2005-12-24 09:00:00,4.0,42,2.6,140,125,374,69
2005-12-24 10:00:00,6.0,38,2.4,150,241,430,117
2005-12-24 11:00:00,8.0,34,2.1,150,298,355,161
2005-12-24 12:00:00,10.0,33,2.1,50,290,181,210
2005-12-24 13:00:00,11.0,28,3.1,140,375,443,176
2005-12-24 14:00:00,11.0,31,3.1,180,396,712,103
2005-12-24 15:00:00,11.0,33,2.1,150,292,682,69
2005-12-24 16:00:00,12.0,34,2.1,150,161,560,48
2005-12-24 17:00:00,11.0,33,2.6,100,23,200,13
2005-12-24 18:00:00,10.0,36,2.6,130,0,0,0
2005-12-24 19:00:00,9.0,38,2.6,130,0,0,0
2005-12-24 20:00:00,5.0,55,0.0,0,0,0,0
2005-12-24 21:00:00,4.0,54,0.0,0,0,0,0
2005-12-24 22:00:00,4.0,54,0.0,0,0,0,0
2005-12-24 23:00:00,3.0,58,1.5,60,0,0,0
2005-12-25 00:00:00,3.0,58,1.5,300,0,0,0
2005-12-25 01:00:00,-2.0,78,2.6,310,0,0,0
2005-12-25 02:00:00,1.0,67,0.0,0,0,0,0
2005-12-25 03:00:00,-2.0,78,0.0,0,0,0,0
2005-12-25 04:00:00,-3.0,84,3.1,290,0,0,0
2005-12-25 05:00:00,-2.0,78,0.0,0,0,0,0
2005-12-25 06:00:00,-2.0,85,0.0,0,0,0,0
2005-12-25 07:00:00,-1.0,85,0.0,0,0,0,0
2005-12-25 08:00:00,1.0,86,2.6,50,0,0,0
2005-12-25 09:00:00,-1.0,92,2.1,330,126,224,92
2005-12-25 10:00:00,1.0,86,2.6,350,149,82,125
2005-12-25 11:00:00,1.0,79,3.6,360,58,0,58
2005-12-25 12:00:00,0.0,92,3.6,310,68,0,68
2005-12-25 13:00:00,0.0,92,2.6,340,72,0,72
2005-12-25 14:00:00,2.0,93,2.6,360,63,0,63
2005-12-25 15:00:00,1.0,100,3.1,30,119,12,115
2005-12-25 16:00:00,1.0,100,4.6,330,29,0,29
2005-12-25 17:00:00,1.0,100,3.6,340,21,82,17
2005-12-25 18:00:00,1.0,93,4.1,360,0,0,0
2005-12-25 19:00:00,1.0,100,2.1,330,0,0,0
2005-12-25 20:00:00,1.0,100,2.6,320,0,0,0
2005-12-25 21:00:00,1.0,100,3.1,300,0,0,0
2005-12-25 22:00:00,1.0,100,0.0,0,0,0,0
2005-12-25 23:00:00,1.0,100,0.0,0,0,0,0
2005-12-26 00:00:00,1.0,100,2.1,170,0,0,0
2005-12-26 01:00:00,1.0,100,1.5,170,0,0,0
2005-12-26 02:00:00,2.0,93,2.1,190,0,0,0
2005-12-26 03:00:00,1.0,100,2.1,80,0,0,0
2005-12-26 04:00:00,1.0,100,2.6,170,0,0,0
2005-12-26 05:00:00,1.0,100,2.1,180,0,0,0
2005-12-26 06:00:00,2.0,93,2.1,170,0,0,0
2005-12-26 07:00:00,1.0,100,3.1,180,0,0,0
2005-12-26 08:00:00,2.0,93,2.6,210,0,0,0
2005-12-26 09:00:00,4.0,87,7.2,260,19,0,19
2005-12-26 10:00:00,4.0,69,9.3,280,262,424,141
2005-12-26 11:00:00,4.0,69,7.7,270,58,0,58
2005-12-26 12:00:00,4.0,69,8.2,280,204,42,185
2005-12-26 13:00:00,4.0,64,9.8,290,107,0,107
2005-12-26 14:00:00,4.0,64,10.8,290,63,0,63
2005-12-26 15:00:00,4.0,64,9.8,290,168,87,139
2005-12-26 16:00:00,4.0,69,9.8,300,119,205,77
2005-12-26 17:00:00,4.0,64,9.8,290,14,17,14
2005-12-26 18:00:00,4.0,69,9.3,300,0,0,0
2005-12-26 19:00:00,3.0,68,7.7,280,0,0,0
2005-12-26 20:00:00,3.0,63,9.8,290,0,0,0
2005-12-26 21:00:00,3.0,63,6.2,290,0,0,0
2005-12-26 22:00:00,3.0,63,6.7,290,0,0,0
2005-12-26 23:00:00,3.0,63,9.3,280,0,0,0
2005-12-27 00:00:00,2.0,62,7.2,280,0,0,0
2005-12-27 01:00:00,3.0,58,9.3,280,0,0,0
2005-12-27 02:00:00,3.0,58,12.3,290,0,0,0
2005-12-27 03:00:00,2.0,62,10.3,290,0,0,0
2005-12-27 04:00:00,2.0,62,6.2,300,0,0,0
2005-12-27 05:00:00,2.0,62,6.2,310,0,0,0
2005-12-27 06:00:00,2.0,62,7.7,290,0,0,0
2005-12-27 07:00:00,2.0,62,8.2,310,0,0,0
2005-12-27 08:00:00,2.0,62,6.7,300,0,0,0
2005-12-27 09:00:00,2.0,67,5.1,290,127,232,92
2005-12-27 10:00:00,3.0,63,6.2,290,92,0,92
2005-12-27 11:00:00,3.0,63,4.1,300,292,313,171
2005-12-27 12:00:00,4.0,59,7.2,310,315,260,200
2005-12-27 13:00:00,4.0,59,4.6,280,441,665,141
2005-12-27 14:00:00,4.0,59,4.1,310,396,771,77
2005-12-27 15:00:00,3.0,63,3.1,280,298,700,67
2005-12-27 16:00:00,3.0,63,2.1,280,163,545,49
2005-12-27 17:00:00,3.0,63,0.0,0,27,201,16
2005-12-27 18:00:00,2.0,67,0.0,0,0,0,0
2005-12-27 19:00:00,2.0,67,1.5,130,0,0,0
2005-12-27 20:00:00,1.0,72,2.1,60,0,0,0
2005-12-27 21:00:00,2.0,67,2.1,110,0,0,0
2005-12-27 22:00:00,1.0,72,1.5,150,0,0,0
2005-12-27 23:00:00,2.0,67,2.6,140,0,0,0
2005-12-28 00:00:00,0.0,78,0.0,0,0,0,0
2005-12-28 01:00:00,1.0,67,0.0,0,0,0,0
2005-12-28 02:00:00,1.0,67,0.0,0,0,0,0
2005-12-28 03:00:00,0.0,72,0.0,0,0,0,0
2005-12-28 04:00:00,1.0,67,0.0,0,0,0,0
2005-12-28 05:00:00,1.0,72,1.5,320,0,0,0
2005-12-28 06:00:00,1.0,79,1.5,290,0,0,0
2005-12-28 07:00:00,-1.0,85,0.0,0,0,0,0
2005-12-28 08:00:00,-1.0,92,0.0,0,0,0,0
2005-12-28 09:00:00,0.0,85,0.0,0,127,384,70
2005-12-28 10:00:00,1.0,79,3.1,310,256,639,74
2005-12-28 11:00:00,4.0,69,0.0,0,370,754,79
2005-12-28 12:00:00,4.0,64,0.0,0,433,786,85
2005-12-28 13:00:00,6.0,60,3.6,340,447,809,81
2005-12-28 14:00:00,6.0,65,3.6,320,396,647,127
2005-12-28 15:00:00,8.0,52,3.6,150,244,321,138
2005-12-28 16:00:00,8.0,57,1.5,90,168,462,71
2005-12-28 17:00:00,6.0,70,2.1,30,28,220,15
2005-12-28 18:00:00,5.0,75,1.5,330,0,0,0
2005-12-28 19:00:00,4.0,81,2.1,290,0,0,0
2005-12-28 20:00:00,3.0,87,2.1,290,0,0,0
2005-12-28 21:00:00,4.0,81,1.5,30,0,0,0
2005-12-28 22:00:00,3.0,87,0.0,0,0,0,0
2005-12-28 23:00:00,3.0,87,0.0,0,0,0,0
2005-12-29 00:00:00,2.0,93,0.0,0,0,0,0
2005-12-29 01:00:00,3.0,93,0.0,0,0,0,0
2005-12-29 02:00:00,4.0,87,1.5,330,0,0,0
2005-12-29 03:00:00,3.0,93,2.1,290,0,0,0
2005-12-29 04:00:00,4.0,87,1.5,320,0,0,0
2005-12-29 05:00:00,4.0,87,2.1,310,0,0,0
2005-12-29 06:00:00,4.0,87,0.0,0,0,0,0
2005-12-29 07:00:00,4.0,87,3.6,310,0,0,0
2005-12-29 08:00:00,4.0,93,3.6,320,0,0,0
2005-12-29 09:00:00,4.0,93,3.1,320,108,210,77
2005-12-29 10:00:00,4.0,100,3.6,330,142,70,122
2005-12-29 11:00:00,5.0,93,3.1,310,58,0,58
2005-12-29 12:00:00,6.0,100,2.6,320,68,0,68
2005-12-29 13:00:00,7.0,93,2.6,310,161,6,158
2005-12-29 14:00:00,7.0,93,6.7,270,75,0,75
2005-12-29 15:00:00,7.0,76,5.7,270,49,0,49
2005-12-29 16:00:00,7.0,76,7.2,280,58,0,58
2005-12-29 17:00:00,6.0,75,7.7,280,5,0,5
2005-12-29 18:00:00,5.0,81,7.2,280,0,0,0
2005-12-29 19:00:00,5.0,75,7.7,280,0,0,0
2005-12-29 20:00:00,5.0,75,5.1,280,0,0,0
2005-12-29 21:00:00,4.0,81,6.2,280,0,0,0
2005-12-29 22:00:00,4.0,81,5.1,270,0,0,0
2005-12-29 23:00:00,5.0,75,6.7,280,0,0,0
2005-12-30 00:00:00,5.0,75,8.7,300,0,0,0
2005-12-30 01:00:00,4.0,81,8.7,290,0,0,0
2005-12-30 02:00:00,4.0,81,5.7,280,0,0,0
2005-12-30 03:00:00,4.0,81,5.1,290,0,0,0
2005-12-30 04:00:00,4.0,81,5.7,290,0,0,0
2005-12-30 05:00:00,4.0,81,3.1,280,0,0,0
2005-12-30 06:00:00,4.0,75,6.7,290,0,0,0
2005-12-30 07:00:00,4.0,75,6.2,300,0,0,0
2005-12-30 08:00:00,4.0,75,5.7,300,0,0,0
2005-12-30 09:00:00,4.0,75,3.1,300,108,160,85
2005-12-30 10:00:00,4.0,75,5.7,290,43,0,43
2005-12-30 11:00:00,4.0,69,4.1,300,65,0,65
2005-12-30 12:00:00,5.0,64,6.7,300,198,91,158
2005-12-30 13:00:00,6.0,55,6.2,300,448,617,167
2005-12-30 14:00:00,7.0,52,5.1,320,402,777,77
2005-12-30 15:00:00,6.0,55,4.6,300,305,706,67
2005-12-30 16:00:00,5.0,59,3.6,290,169,558,49
2005-12-30 17:00:00,3.0,63,3.1,320,32,220,18
2005-12-30 18:00:00,2.0,67,2.6,340,0,0,0
2005-12-30 19:00:00,1.5,70,3.1,350,0,0,0
2005-12-30 20:00:00,1.0,72,3.6,350,0,0,0
2005-12-30 21:00:00,1.0,67,3.1,50,0,0,0
2005-12-30 22:00:00,0.0,78,3.1,60,0,0,0
2005-12-30 23:00:00,0.0,78,2.1,70,0,0,0
2005-12-31 00:00:00,1.0,72,0.0,0,0,0,0
2005-12-31 01:00:00,0.0,78,1.5,270,0,0,0
2005-12-31 02:00:00,0.0,78,0.0,0,0,0,0
2005-12-31 03:00:00,0.0,78,1.5,50,0,0,0
2005-12-31 04:00:00,-1.0,85,0.0,0,0,0,0
2005-12-31 05:00:00,-1.0,92,1.5,310,0,0,0
2005-12-31 06:00:00,1.0,79,0.0,0,0,0,0
2005-12-31 07:00:00,1.0,79,1.5,350,0,0,0
2005-12-31 08:00:00,1.0,79,0.0,0,0,0,0
2005-12-31 09:00:00,1.0,86,0.0,0,69,22,66
2005-12-31 10:00:00,2.0,80,2.1,300,128,19,123
2005-12-31 11:00:00,3.0,81,2.1,330,169,25,159
2005-12-31 12:00:00,2.0,93,2.6,310,74,0,74
2005-12-31 13:00:00,3.0,87,2.6,330,72,0,72
2005-12-31 14:00:00,5.0,75,0.0,0,287,255,180
2005-12-31 15:00:00,4.0,81,0.0,0,305,525,127
2005-12-31 16:00:00,6.0,70,0.0,0,135,262,79
2005-12-31 17:00:00,6.0,70,0.0,0,21,61,18
2005-12-31 18:00:00,6.0,70,2.6,250,0,0,0
2005-12-31 19:00:00,6.0,70,4.6,260,0,0,0
2005-12-31 20:00:00,6.0,65,6.2,260,0,0,0
2005-12-31 21:00:00,6.0,65,3.6,250,0,0,0
2005-12-31 22:00:00,6.0,60,5.1,260,0,0,0
2005-12-31 23:00:00,6.0,60,3.1,250,0,0,0
2006-01-01 00:00:00,6.0,60,8.2,280,0,0,0
