date_time,Dry Bulb Temperature [°C],Relative Humidity [%],Wind Speed [m/s],Wind Direction [Deg],Global Horizontal Radiation [W/m2],Direct Normal Radiation [W/m2],Diffuse Horizontal Radiation [W/m2]
1994-01-01 01:00:00,0.0,49,2.5,180,0,0,0
1994-01-01 02:00:00,0.0,49,2.5,190,0,0,0
1994-01-01 03:00:00,0.0,49,2.5,170,0,0,0
1994-01-01 04:00:00,0.0,49,0.0,0,0,0,0
1994-01-01 05:00:00,-1.3,53,0.0,0,0,0,0
1994-01-01 06:00:00,-2.3,57,0.0,0,0,0,0
1994-01-01 07:00:00,-3.4,72,2.5,180,0,0,0
1994-01-01 08:00:00,-1.7,62,3.0,180,2,60,1
1994-01-01 09:00:00,1.1,48,2.5,170,69,66,61
1994-01-01 10:00:00,1.6,46,2.5,180,156,76,136
1994-01-01 11:00:00,4.4,39,3.6,190,111,0,111
1994-01-01 12:00:00,7.2,29,5.1,220,167,0,167
1994-01-01 13:00:00,8.3,26,7.7,220,175,0,175
1994-01-01 14:00:00,8.3,26,8.7,220,162,0,162
1994-01-01 15:00:00,8.3,26,5.6,210,129,0,129
1994-01-01 16:00:00,7.7,27,5.6,220,64,0,64
1994-01-01 17:00:00,7.0,39,6.9,220,19,0,19
1994-01-01 18:00:00,6.1,56,8.2,210,0,0,0
1994-01-01 19:00:00,4.4,76,6.6,210,0,0,0
1994-01-01 20:00:00,3.8,83,4.1,220,0,0,0
1994-01-01 21:00:00,3.8,86,3.6,190,0,0,0
1994-01-01 22:00:00,3.3,89,3.6,190,0,0,0
1994-01-01 23:00:00,2.7,97,3.0,200,0,0,0
1994-01-02 00:00:00,3.8,86,3.0,200,0,0,0
1994-01-02 01:00:00,3.3,85,2.5,250,0,0,0
1994-01-02 02:00:00,3.3,82,2.5,230,0,0,0
1994-01-02 03:00:00,3.3,82,3.0,220,0,0,0
1994-01-02 04:00:00,2.7,85,2.5,210,0,0,0
1994-01-02 05:00:00,2.7,89,3.6,250,0,0,0
1994-01-02 06:00:00,2.7,89,2.5,270,0,0,0
1994-01-02 07:00:00,2.2,92,2.5,250,0,0,0
1994-01-02 08:00:00,2.2,92,2.0,210,0,0,0
1994-01-02 09:00:00,2.2,92,1.5,270,22,0,22
1994-01-02 10:00:00,2.2,89,2.5,10,58,0,58
1994-01-02 11:00:00,2.2,92,3.0,270,89,0,89
1994-01-02 12:00:00,2.7,85,2.0,270,108,0,108
1994-01-02 13:00:00,2.7,85,3.6,300,114,0,114
1994-01-02 14:00:00,2.7,82,2.0,10,105,0,105
1994-01-02 15:00:00,2.2,89,2.5,10,83,0,83
1994-01-02 16:00:00,2.2,85,2.5,20,61,0,61
1994-01-02 17:00:00,2.2,85,2.5,30,18,0,18
1994-01-02 18:00:00,1.6,89,2.0,360,0,0,0
1994-01-02 19:00:00,1.6,85,3.0,20,0,0,0
1994-01-02 20:00:00,1.1,88,2.5,360,0,0,0
1994-01-02 21:00:00,1.1,84,2.0,360,0,0,0
1994-01-02 22:00:00,0.5,84,2.5,10,0,0,0
1994-01-02 23:00:00,0.0,91,2.5,10,0,0,0
1994-01-03 00:00:00,0.0,83,2.5,10,0,0,0
1994-01-03 01:00:00,0.0,83,2.5,40,0,0,0
1994-01-03 02:00:00,0.0,83,2.5,350,0,0,0
1994-01-03 03:00:00,0.0,83,2.5,20,0,0,0
1994-01-03 04:00:00,0.0,87,2.0,350,0,0,0
1994-01-03 05:00:00,1.6,81,2.5,40,0,0,0
1994-01-03 06:00:00,2.2,74,2.5,50,0,0,0
1994-01-03 07:00:00,2.2,77,4.1,60,0,0,0
1994-01-03 08:00:00,1.6,85,2.5,180,0,0,0
1994-01-03 09:00:00,1.6,85,2.5,120,28,0,28
1994-01-03 10:00:00,1.6,85,2.5,350,60,0,60
1994-01-03 11:00:00,2.7,75,2.0,90,95,0,95
1994-01-03 12:00:00,3.3,71,3.6,90,119,0,119
1994-01-03 13:00:00,3.3,71,2.8,80,239,126,181
1994-01-03 14:00:00,3.3,71,2.0,60,380,584,127
1994-01-03 15:00:00,2.7,72,2.5,80,89,0,89
1994-01-03 16:00:00,2.7,72,3.6,100,53,0,53
1994-01-03 17:00:00,1.6,81,5.1,100,23,0,23
1994-01-03 18:00:00,1.1,80,3.0,120,0,0,0
1994-01-03 19:00:00,1.0,81,3.3,120,0,0,0
1994-01-03 20:00:00,1.1,80,3.6,110,0,0,0
1994-01-03 21:00:00,0.5,84,3.0,80,0,0,0
1994-01-03 22:00:00,0.0,91,2.5,70,0,0,0
1994-01-03 23:00:00,-0.6,91,2.5,40,0,0,0
1994-01-04 00:00:00,-0.6,87,3.6,70,0,0,0
1994-01-04 01:00:00,-0.6,83,4.6,60,0,0,0
1994-01-04 02:00:00,-1.2,91,3.6,50,0,0,0
1994-01-04 03:00:00,-0.6,87,4.6,50,0,0,0
1994-01-04 04:00:00,0.0,75,4.1,10,0,0,0
1994-01-04 05:00:00,-1.2,91,4.6,10,0,0,0
1994-01-04 06:00:00,-1.7,95,3.0,10,0,0,0
1994-01-04 07:00:00,-2.3,100,3.0,10,0,0,0
1994-01-04 08:00:00,-2.3,96,4.1,40,0,0,0
1994-01-04 09:00:00,-2.8,100,3.6,20,18,0,18
1994-01-04 10:00:00,-2.3,96,4.1,20,47,0,47
1994-01-04 11:00:00,-1.7,91,3.6,320,73,0,73
1994-01-04 12:00:00,-1.7,95,3.0,330,89,0,89
1994-01-04 13:00:00,-2.3,96,5.1,320,94,0,94
1994-01-04 14:00:00,-2.8,91,5.1,320,87,0,87
1994-01-04 15:00:00,-2.8,91,6.1,320,69,0,69
1994-01-04 16:00:00,-2.8,91,3.6,310,42,0,42
1994-01-04 17:00:00,-3.9,91,4.1,320,13,0,13
1994-01-04 18:00:00,-3.9,91,3.0,300,0,0,0
1994-01-04 19:00:00,-3.4,87,3.0,290,0,0,0
1994-01-04 20:00:00,-3.9,82,2.5,280,0,0,0
1994-01-04 21:00:00,-3.9,79,4.1,250,0,0,0
1994-01-04 22:00:00,-3.9,79,4.1,300,0,0,0
1994-01-04 23:00:00,-4.5,83,3.6,290,0,0,0
1994-01-05 00:00:00,-4.5,71,3.6,280,0,0,0
1994-01-05 01:00:00,-5.0,79,3.0,220,0,0,0
1994-01-05 02:00:00,-4.5,75,3.6,220,0,0,0
1994-01-05 03:00:00,-5.0,82,3.6,240,0,0,0
1994-01-05 04:00:00,-4.5,71,4.1,230,0,0,0
1994-01-05 05:00:00,-5.0,86,3.6,210,0,0,0
1994-01-05 06:00:00,-5.0,86,3.6,200,0,0,0
1994-01-05 07:00:00,-5.0,86,4.1,230,0,0,0
1994-01-05 08:00:00,-4.5,83,4.6,240,0,0,0
1994-01-05 09:00:00,-4.5,91,3.6,230,17,0,17
1994-01-05 10:00:00,-3.9,86,4.6,230,65,0,65
1994-01-05 11:00:00,-3.4,79,5.1,300,102,0,102
1994-01-05 12:00:00,-5.0,90,3.6,300,88,0,88
1994-01-05 13:00:00,-3.9,65,6.1,270,187,61,158
1994-01-05 14:00:00,-2.8,56,6.1,310,151,64,123
1994-01-05 15:00:00,-3.9,62,6.1,270,95,28,84
1994-01-05 16:00:00,-3.9,62,4.6,200,95,54,82
1994-01-05 17:00:00,1.6,56,3.8,230,48,172,31
1994-01-05 18:00:00,-6.2,72,3.0,260,0,5,0
1994-01-05 19:00:00,-6.7,78,0.0,0,0,0,0
1994-01-05 20:00:00,-7.8,82,0.0,0,0,0,0
1994-01-05 21:00:00,-7.8,82,0.0,0,0,0,0
1994-01-05 22:00:00,-7.3,82,0.0,0,0,0,0
1994-01-05 23:00:00,-7.3,87,2.0,30,0,0,0
1994-01-06 00:00:00,-6.7,86,0.0,0,0,0,0
1994-01-06 01:00:00,-5.6,83,2.0,40,0,0,0
1994-01-06 02:00:00,-5.0,82,2.0,50,0,0,0
1994-01-06 03:00:00,-5.6,91,2.5,60,0,0,0
1994-01-06 04:00:00,-4.5,83,2.5,60,0,0,0
1994-01-06 05:00:00,-3.4,72,1.5,40,0,0,0
1994-01-06 06:00:00,-1.7,62,4.1,150,0,0,0
1994-01-06 07:00:00,-0.6,57,2.5,150,0,0,0
1994-01-06 08:00:00,0.2,53,2.8,160,1,9,1
1994-01-06 09:00:00,1.6,48,3.0,160,88,85,77
1994-01-06 10:00:00,1.6,53,2.5,170,74,0,74
1994-01-06 11:00:00,4.4,43,4.6,180,112,0,112
1994-01-06 12:00:00,3.8,52,3.0,190,135,0,135
1994-01-06 13:00:00,4.4,53,4.1,230,142,0,142
1994-01-06 14:00:00,4.4,55,5.1,200,133,0,133
1994-01-06 15:00:00,3.3,79,3.6,170,107,0,107
1994-01-06 16:00:00,2.2,92,2.5,170,68,0,68
1994-01-06 17:00:00,2.7,92,3.0,190,23,0,23
1994-01-06 18:00:00,3.3,92,3.0,200,0,0,0
1994-01-06 19:00:00,3.8,93,3.0,200,0,0,0
1994-01-06 20:00:00,4.0,95,3.3,200,0,0,0
1994-01-06 21:00:00,4.4,96,3.6,190,0,0,0
1994-01-06 22:00:00,4.4,96,3.0,210,0,0,0
1994-01-06 23:00:00,5.0,96,3.0,200,0,0,0
1994-01-07 00:00:00,5.0,100,3.0,200,0,0,0
1994-01-07 01:00:00,5.0,100,2.0,200,0,0,0
1994-01-07 02:00:00,5.5,100,1.5,210,0,0,0
1994-01-07 03:00:00,5.5,100,1.5,190,0,0,0
1994-01-07 04:00:00,5.5,99,1.5,200,0,0,0
1994-01-07 05:00:00,5.5,100,1.5,200,0,0,0
1994-01-07 06:00:00,4.4,100,2.0,140,0,0,0
1994-01-07 07:00:00,5.5,100,2.5,140,0,0,0
1994-01-07 08:00:00,5.0,100,1.5,190,0,0,0
1994-01-07 09:00:00,6.1,100,3.6,180,27,0,27
1994-01-07 10:00:00,6.6,100,2.5,220,62,0,62
1994-01-07 11:00:00,7.2,96,2.5,210,99,0,99
1994-01-07 12:00:00,7.7,93,2.0,220,123,0,123
1994-01-07 13:00:00,7.2,96,0.0,0,91,0,91
1994-01-07 14:00:00,6.6,100,3.0,200,84,0,84
1994-01-07 15:00:00,6.6,100,2.5,240,66,0,66
1994-01-07 16:00:00,6.6,97,3.6,220,48,0,48
1994-01-07 17:00:00,5.0,100,2.5,270,20,0,20
1994-01-07 18:00:00,4.4,96,3.6,280,0,0,0
1994-01-07 19:00:00,2.7,92,4.1,280,0,0,0
1994-01-07 20:00:00,1.1,96,2.0,280,0,0,0
1994-01-07 21:00:00,0.5,100,1.5,220,0,0,0
1994-01-07 22:00:00,0.5,96,1.5,240,0,0,0
1994-01-07 23:00:00,0.0,100,3.0,310,0,0,0
1994-01-08 00:00:00,0.0,95,4.6,280,0,0,0
1994-01-08 01:00:00,-1.2,91,4.1,310,0,0,0
1994-01-08 02:00:00,-1.7,87,3.0,280,0,0,0
1994-01-08 03:00:00,-2.3,87,3.6,280,0,0,0
1994-01-08 04:00:00,-2.3,87,3.0,290,0,0,0
1994-01-08 05:00:00,-3.4,91,2.5,300,0,0,0
1994-01-08 06:00:00,-3.4,87,3.6,270,0,0,0
1994-01-08 07:00:00,-4.5,91,3.6,250,0,0,0
1994-01-08 08:00:00,-7.3,79,4.6,260,1,1,1
1994-01-08 09:00:00,-7.8,71,3.6,250,46,60,38
1994-01-08 10:00:00,-9.5,61,5.1,260,125,40,114
1994-01-08 11:00:00,-9.6,60,5.6,250,110,29,99
1994-01-08 12:00:00,-10.0,60,6.1,230,135,0,135
1994-01-08 13:00:00,-10.0,64,7.2,220,142,0,142
1994-01-08 14:00:00,-10.0,67,6.1,220,133,0,133
1994-01-08 15:00:00,-10.0,67,6.6,260,213,166,152
1994-01-08 16:00:00,-9.5,61,6.1,280,84,63,68
1994-01-08 17:00:00,-10.0,67,6.1,240,23,0,23
1994-01-08 18:00:00,-10.6,67,4.1,240,0,0,0
1994-01-08 19:00:00,-10.6,82,4.6,270,0,0,0
1994-01-08 20:00:00,-11.2,78,5.1,250,0,0,0
1994-01-08 21:00:00,-11.2,67,5.1,240,0,0,0
1994-01-08 22:00:00,-11.2,67,5.1,240,0,0,0
1994-01-08 23:00:00,-11.2,67,6.1,250,0,0,0
1994-01-09 00:00:00,-11.2,66,5.6,250,0,0,0
1994-01-09 01:00:00,-11.2,67,5.1,240,0,0,0
1994-01-09 02:00:00,-11.2,67,4.1,240,0,0,0
1994-01-09 03:00:00,-11.2,71,5.1,240,0,0,0
1994-01-09 04:00:00,-11.2,71,4.6,240,0,0,0
1994-01-09 05:00:00,-11.2,74,4.1,240,0,0,0
1994-01-09 06:00:00,-11.0,74,4.9,250,0,0,0
1994-01-09 07:00:00,-11.2,74,5.6,250,0,0,0
1994-01-09 08:00:00,-12.3,78,3.0,230,1,8,1
1994-01-09 09:00:00,-11.7,74,2.5,200,64,143,46
1994-01-09 10:00:00,-10.6,70,4.1,210,203,483,72
1994-01-09 11:00:00,-10.0,70,4.6,240,251,110,209
1994-01-09 12:00:00,-8.4,64,4.1,190,411,665,111
1994-01-09 13:00:00,-7.8,64,2.5,210,438,702,106
1994-01-09 14:00:00,-7.3,58,4.6,200,244,92,203
1994-01-09 15:00:00,-6.7,58,4.1,220,318,449,150
1994-01-09 16:00:00,-5.6,50,3.0,200,185,432,74
1994-01-09 17:00:00,-6.7,58,3.0,220,56,163,38
1994-01-09 18:00:00,-7.8,61,3.0,230,0,2,0
1994-01-09 19:00:00,-8.8,66,2.9,220,0,0,0
1994-01-09 20:00:00,-9.6,69,2.8,210,0,0,0
1994-01-09 21:00:00,-10.3,73,2.7,190,0,0,0
1994-01-09 22:00:00,-11.0,78,2.6,180,0,0,0
1994-01-09 23:00:00,-11.7,82,2.5,170,0,0,0
1994-01-10 00:00:00,-12.3,91,0.0,0,0,0,0
1994-01-10 01:00:00,-12.8,90,0.0,0,0,0,0
1994-01-10 02:00:00,-13.4,86,0.0,0,0,0,0
1994-01-10 03:00:00,-13.4,86,0.0,0,0,0,0
1994-01-10 04:00:00,-13.9,90,0.0,0,0,0,0
1994-01-10 05:00:00,-15.0,85,1.5,240,0,0,0
1994-01-10 06:00:00,-15.0,85,0.0,0,0,0,0
1994-01-10 07:00:00,-13.9,86,2.5,70,0,0,0
1994-01-10 08:00:00,-13.4,86,2.5,50,1,17,1
1994-01-10 09:00:00,-11.2,74,3.6,60,78,327,36
1994-01-10 10:00:00,-9.5,70,2.0,20,223,604,58
1994-01-10 11:00:00,-8.4,68,2.5,320,159,41,143
1994-01-10 12:00:00,-5.6,59,0.0,0,354,239,246
1994-01-10 13:00:00,-3.1,51,0.8,360,158,29,144
1994-01-10 14:00:00,-0.6,45,1.5,360,155,0,155
1994-01-10 15:00:00,1.6,40,0.0,0,123,0,123
1994-01-10 16:00:00,1.6,38,2.0,70,75,0,75
1994-01-10 17:00:00,0.0,44,3.0,40,31,0,31
1994-01-10 18:00:00,-1.2,49,1.5,150,0,0,0
1994-01-10 19:00:00,0.5,35,2.0,160,0,0,0
1994-01-10 20:00:00,0.0,37,3.0,170,0,0,0
1994-01-10 21:00:00,0.5,32,4.1,140,0,0,0
1994-01-10 22:00:00,-2.3,57,2.0,140,0,0,0
1994-01-10 23:00:00,-0.6,35,2.5,170,0,0,0
1994-01-11 00:00:00,-4.5,75,2.5,160,0,0,0
1994-01-11 01:00:00,-5.0,79,1.5,190,0,0,0
1994-01-11 02:00:00,-2.8,56,1.5,210,0,0,0
1994-01-11 03:00:00,-3.4,59,0.0,0,0,0,0
1994-01-11 04:00:00,-3.4,56,1.5,200,0,0,0
1994-01-11 05:00:00,0.0,37,3.6,200,0,0,0
1994-01-11 06:00:00,0.5,35,2.5,190,0,0,0
1994-01-11 07:00:00,2.2,33,3.0,210,0,0,0
1994-01-11 08:00:00,2.7,39,3.0,190,1,3,1
1994-01-11 09:00:00,2.2,46,3.6,200,86,69,77
1994-01-11 10:00:00,1.6,71,3.0,230,144,216,85
1994-01-11 11:00:00,1.1,76,3.6,220,264,312,144
1994-01-11 12:00:00,1.1,88,3.0,200,362,461,152
1994-01-11 13:00:00,1.6,89,3.6,230,394,508,152
1994-01-11 14:00:00,2.2,85,4.1,220,382,471,169
1994-01-11 15:00:00,2.2,85,3.6,200,295,301,181
1994-01-11 16:00:00,2.7,82,3.0,230,105,162,62
1994-01-11 17:00:00,2.7,82,2.5,220,77,64,70
1994-01-11 18:00:00,2.7,82,2.0,220,1,1,1
1994-01-11 19:00:00,2.2,81,0.0,0,0,0,0
1994-01-11 20:00:00,1.6,89,0.0,0,0,0,0
1994-01-11 21:00:00,1.6,89,0.0,0,0,0,0
1994-01-11 22:00:00,1.6,85,2.0,10,0,0,0
1994-01-11 23:00:00,1.1,92,2.0,10,0,0,0
1994-01-12 00:00:00,1.1,92,2.5,60,0,0,0
1994-01-12 01:00:00,1.1,88,2.5,360,0,0,0
1994-01-12 02:00:00,1.1,88,2.0,30,0,0,0
1994-01-12 03:00:00,0.5,92,2.0,20,0,0,0
1994-01-12 04:00:00,0.5,92,2.5,20,0,0,0
1994-01-12 05:00:00,0.5,96,1.5,30,0,0,0
1994-01-12 06:00:00,0.5,96,2.5,40,0,0,0
1994-01-12 07:00:00,0.5,96,2.5,20,0,0,0
1994-01-12 08:00:00,1.1,92,2.0,20,0,0,0
1994-01-12 09:00:00,1.6,89,2.5,340,25,0,25
1994-01-12 10:00:00,2.2,85,2.5,20,66,0,66
1994-01-12 11:00:00,2.2,85,3.0,320,91,0,91
1994-01-12 12:00:00,3.8,76,1.5,290,96,0,96
1994-01-12 13:00:00,2.7,85,2.5,330,86,0,86
1994-01-12 14:00:00,3.3,79,0.0,0,80,0,80
1994-01-12 15:00:00,2.7,82,1.5,230,62,0,62
1994-01-12 16:00:00,2.2,85,3.0,310,45,0,45
1994-01-12 17:00:00,2.2,85,0.0,0,23,0,23
1994-01-12 18:00:00,2.2,100,2.0,210,0,0,0
1994-01-12 19:00:00,1.6,100,1.5,220,0,0,0
1994-01-12 20:00:00,1.6,100,0.0,0,0,0,0
1994-01-12 21:00:00,1.6,100,1.5,270,0,0,0
1994-01-12 22:00:00,1.6,100,1.5,260,0,0,0
1994-01-12 23:00:00,1.6,100,3.0,180,0,0,0
1994-01-13 00:00:00,1.6,100,3.0,220,0,0,0
1994-01-13 01:00:00,1.6,100,4.1,220,0,0,0
1994-01-13 02:00:00,1.4,99,4.1,220,0,0,0
1994-01-13 03:00:00,1.1,100,4.1,220,0,0,0
1994-01-13 04:00:00,1.1,100,2.5,220,0,0,0
1994-01-13 05:00:00,1.1,100,2.5,220,0,0,0
1994-01-13 06:00:00,1.1,100,2.5,200,0,0,0
1994-01-13 07:00:00,1.1,100,2.5,200,0,0,0
1994-01-13 08:00:00,1.1,100,2.5,230,0,0,0
1994-01-13 09:00:00,1.1,96,3.0,220,20,0,20
1994-01-13 10:00:00,1.1,96,2.5,230,51,0,51
1994-01-13 11:00:00,1.6,92,2.0,220,78,0,78
1994-01-13 12:00:00,1.6,89,3.0,240,95,0,95
1994-01-13 13:00:00,1.6,92,2.5,220,144,0,144
1994-01-13 14:00:00,1.6,89,2.5,220,113,0,113
1994-01-13 15:00:00,1.1,96,2.5,210,92,0,92
1994-01-13 16:00:00,1.6,89,2.5,230,71,0,71
1994-01-13 17:00:00,1.6,92,3.0,210,26,0,26
1994-01-13 18:00:00,1.1,96,2.0,220,0,0,0
1994-01-13 19:00:00,1.1,92,2.5,230,0,0,0
1994-01-13 20:00:00,1.1,92,2.5,220,0,0,0
1994-01-13 21:00:00,0.5,96,2.5,220,0,0,0
1994-01-13 22:00:00,0.5,96,3.6,220,0,0,0
1994-01-13 23:00:00,0.2,96,3.1,210,0,0,0
1994-01-14 00:00:00,0.0,95,2.5,200,0,0,0
1994-01-14 01:00:00,0.0,95,2.5,200,0,0,0
1994-01-14 02:00:00,0.0,95,2.5,200,0,0,0
1994-01-14 03:00:00,-0.6,100,2.0,220,0,0,0
1994-01-14 04:00:00,0.0,95,2.5,260,0,0,0
1994-01-14 05:00:00,-0.6,95,2.5,260,0,0,0
1994-01-14 06:00:00,-0.6,95,2.5,260,0,0,0
1994-01-14 07:00:00,-1.7,100,4.1,320,0,0,0
1994-01-14 08:00:00,-3.4,87,5.1,300,1,0,1
1994-01-14 09:00:00,-3.4,83,3.6,290,26,0,26
1994-01-14 10:00:00,-5.6,91,5.1,330,65,0,65
1994-01-14 11:00:00,-5.5,83,5.1,310,97,0,97
1994-01-14 12:00:00,-5.6,75,5.1,290,140,0,140
1994-01-14 13:00:00,-6.7,75,8.2,270,124,0,124
1994-01-14 14:00:00,-7.4,65,6.7,270,140,0,140
1994-01-14 15:00:00,-8.4,58,5.1,260,114,0,114
1994-01-14 16:00:00,-8.9,42,5.1,280,178,106,149
1994-01-14 17:00:00,-9.5,58,5.1,280,29,0,29
1994-01-14 18:00:00,-10.6,67,4.1,320,0,0,0
1994-01-14 19:00:00,-11.7,63,4.6,310,0,0,0
1994-01-14 20:00:00,-12.3,63,3.0,300,0,0,0
1994-01-14 21:00:00,-13.1,55,3.6,300,0,0,0
1994-01-14 22:00:00,-13.9,48,4.1,290,0,0,0
1994-01-14 23:00:00,-14.5,51,3.6,290,0,0,0
1994-01-15 00:00:00,-14.5,53,2.5,260,0,0,0
1994-01-15 01:00:00,-14.5,63,2.5,260,0,0,0
1994-01-15 02:00:00,-14.5,77,3.0,240,0,0,0
1994-01-15 03:00:00,-14.5,77,2.5,230,0,0,0
1994-01-15 04:00:00,-15.0,81,2.5,240,0,0,0
1994-01-15 05:00:00,-16.7,59,5.1,240,0,0,0
1994-01-15 06:00:00,-17.3,66,4.1,240,0,0,0
1994-01-15 07:00:00,-17.8,65,4.4,250,0,0,0
1994-01-15 08:00:00,-18.1,65,4.8,250,1,0,1
1994-01-15 09:00:00,-17.8,62,5.1,260,30,0,30
1994-01-15 10:00:00,-17.8,55,5.1,250,63,0,63
1994-01-15 11:00:00,-17.3,53,5.1,250,100,0,100
1994-01-15 12:00:00,-17.3,56,4.1,260,126,0,126
1994-01-15 13:00:00,-16.7,53,5.1,270,134,0,134
1994-01-15 14:00:00,-16.2,53,6.1,260,125,0,125
1994-01-15 15:00:00,-16.2,53,4.1,260,100,0,100
1994-01-15 16:00:00,-16.7,59,5.6,270,62,0,62
1994-01-15 17:00:00,-17.2,61,5.1,260,38,6,37
1994-01-15 18:00:00,-17.8,63,4.6,250,1,0,1
1994-01-15 19:00:00,-18.4,65,4.1,240,0,0,0
1994-01-15 20:00:00,-18.4,62,4.6,250,0,0,0
1994-01-15 21:00:00,-18.9,65,4.6,250,0,0,0
1994-01-15 22:00:00,-18.9,62,6.6,230,0,0,0
1994-01-15 23:00:00,-18.9,65,4.6,240,0,0,0
1994-01-16 00:00:00,-19.5,68,6.1,230,0,0,0
1994-01-16 01:00:00,-19.5,65,4.6,230,0,0,0
1994-01-16 02:00:00,-20.0,68,4.1,220,0,0,0
1994-01-16 03:00:00,-20.0,68,4.6,240,0,0,0
1994-01-16 04:00:00,-20.6,68,4.1,200,0,0,0
1994-01-16 05:00:00,-21.0,71,3.6,190,0,0,0
1994-01-16 06:00:00,-21.1,73,3.0,190,0,0,0
1994-01-16 07:00:00,-21.7,76,2.5,180,0,0,0
1994-01-16 08:00:00,-21.7,72,3.0,180,3,55,1
1994-01-16 09:00:00,-20.6,68,3.0,200,93,458,32
1994-01-16 10:00:00,-18.9,62,4.1,180,200,381,92
1994-01-16 11:00:00,-17.3,56,4.1,180,373,750,77
1994-01-16 12:00:00,-15.6,47,3.6,180,436,690,114
1994-01-16 13:00:00,-13.9,41,3.6,200,396,501,150
1994-01-16 14:00:00,-12.3,35,3.6,210,304,133,242
1994-01-16 15:00:00,-11.2,34,0.0,0,116,0,116
1994-01-16 16:00:00,-11.2,42,3.0,320,77,0,77
1994-01-16 17:00:00,-11.7,46,3.0,30,39,0,39
1994-01-16 18:00:00,-10.6,47,3.0,100,1,0,1
1994-01-16 19:00:00,-8.9,40,4.6,130,0,0,0
1994-01-16 20:00:00,-8.4,36,3.3,110,0,0,0
1994-01-16 21:00:00,-7.8,33,2.0,80,0,0,0
1994-01-16 22:00:00,-7.8,38,0.0,0,0,0,0
1994-01-16 23:00:00,-6.7,33,5.1,150,0,0,0
1994-01-17 00:00:00,-3.4,34,5.6,150,0,0,0
1994-01-17 01:00:00,-2.3,42,4.6,170,0,0,0
1994-01-17 02:00:00,-1.7,58,3.3,260,0,0,0
1994-01-17 03:00:00,-1.2,80,2.0,340,0,0,0
1994-01-17 04:00:00,-1.7,95,2.0,180,0,0,0
1994-01-17 05:00:00,-1.7,95,3.6,240,0,0,0
1994-01-17 06:00:00,-2.3,100,3.6,210,0,0,0
1994-01-17 07:00:00,-1.7,100,5.1,220,0,0,0
1994-01-17 08:00:00,-1.7,100,2.5,220,1,0,1
1994-01-17 09:00:00,-1.7,100,2.5,220,21,0,21
1994-01-17 10:00:00,-1.2,96,3.0,220,45,0,45
1994-01-17 11:00:00,-1.2,100,4.1,190,71,0,71
1994-01-17 12:00:00,-0.6,95,4.6,180,89,0,89
1994-01-17 13:00:00,0.5,96,5.1,180,95,0,95
1994-01-17 14:00:00,0.5,96,4.1,190,89,0,89
1994-01-17 15:00:00,0.5,96,4.1,190,71,0,71
1994-01-17 16:00:00,0.5,96,4.1,200,45,0,45
1994-01-17 17:00:00,0.5,96,2.5,190,21,0,21
1994-01-17 18:00:00,0.0,100,2.5,210,0,0,0
1994-01-17 19:00:00,0.0,100,2.5,220,0,0,0
1994-01-17 20:00:00,-0.6,95,5.1,290,0,0,0
1994-01-17 21:00:00,-2.3,91,3.0,290,0,0,0
1994-01-17 22:00:00,-3.9,86,2.5,280,0,0,0
1994-01-17 23:00:00,-6.2,83,4.1,250,0,0,0
1994-01-18 00:00:00,-7.8,82,4.6,240,0,0,0
1994-01-18 01:00:00,-9.5,82,5.1,230,0,0,0
1994-01-18 02:00:00,-11.7,78,4.1,230,0,0,0
1994-01-18 03:00:00,-12.3,82,4.1,230,0,0,0
1994-01-18 04:00:00,-12.8,86,5.1,230,0,0,0
1994-01-18 05:00:00,-13.9,63,5.1,260,0,0,0
1994-01-18 06:00:00,-15.1,66,5.1,260,0,0,0
1994-01-18 07:00:00,-16.7,69,5.1,260,0,0,0
1994-01-18 08:00:00,-17.8,65,4.1,260,1,0,1
1994-01-18 09:00:00,-18.9,69,3.0,250,49,129,31
1994-01-18 10:00:00,-18.4,69,2.5,250,234,541,80
1994-01-18 11:00:00,-18.4,65,5.1,220,352,641,95
1994-01-18 12:00:00,-18.4,62,3.6,240,318,309,172
1994-01-18 13:00:00,-17.8,58,4.1,230,354,304,203
1994-01-18 14:00:00,-18.4,59,6.1,230,423,538,169
1994-01-18 15:00:00,-18.4,62,5.1,250,118,0,118
1994-01-18 16:00:00,-19.5,61,6.1,250,79,0,79
1994-01-18 17:00:00,-20.0,61,4.1,240,33,0,33
1994-01-18 18:00:00,-20.6,55,4.1,250,3,13,3
1994-01-18 19:00:00,-21.2,69,4.1,260,0,0,0
1994-01-18 20:00:00,-21.2,65,4.1,270,0,0,0
1994-01-18 21:00:00,-22.3,54,4.1,270,0,0,0
1994-01-18 22:00:00,-23.4,57,4.6,250,0,0,0
1994-01-18 23:00:00,-23.9,57,3.6,240,0,0,0
1994-01-19 00:00:00,-24.5,57,4.1,240,0,0,0
1994-01-19 01:00:00,-25.6,56,4.6,240,0,0,0
1994-01-19 02:00:00,-25.6,64,4.6,240,0,0,0
1994-01-19 03:00:00,-26.2,64,5.1,240,0,0,0
1994-01-19 04:00:00,-27.3,67,9.2,230,0,0,0
1994-01-19 05:00:00,-27.8,67,2.5,220,0,0,0
1994-01-19 06:00:00,-27.8,67,4.1,190,0,0,0
1994-01-19 07:00:00,-28.4,71,3.0,180,0,0,0
1994-01-19 08:00:00,-28.4,71,2.5,190,2,20,2
1994-01-19 09:00:00,-27.3,67,4.1,200,88,347,39
1994-01-19 10:00:00,-25.6,60,4.1,210,241,620,63
1994-01-19 11:00:00,-23.9,54,4.1,200,379,743,80
1994-01-19 12:00:00,-22.8,54,5.1,190,470,800,90
1994-01-19 13:00:00,-21.7,54,4.6,230,478,756,100
1994-01-19 14:00:00,-20.6,51,5.1,210,441,735,92
1994-01-19 15:00:00,-19.5,49,3.6,230,270,246,171
1994-01-19 16:00:00,-19.5,49,3.0,230,148,114,115
1994-01-19 17:00:00,-18.9,49,2.5,230,81,272,42
1994-01-19 18:00:00,-20.0,58,1.5,200,4,3,4
1994-01-19 19:00:00,-20.6,65,1.5,170,0,0,0
1994-01-19 20:00:00,-20.6,68,2.0,180,0,0,0
1994-01-19 21:00:00,-19.5,65,0.0,0,0,0,0
1994-01-19 22:00:00,-18.9,65,0.0,0,0,0,0
1994-01-19 23:00:00,-18.9,76,0.0,0,0,0,0
1994-01-20 00:00:00,-18.9,80,0.0,0,0,0,0
1994-01-20 01:00:00,-18.9,80,0.0,0,0,0,0
1994-01-20 02:00:00,-18.4,81,0.0,0,0,0,0
1994-01-20 03:00:00,-18.4,81,2.0,360,0,0,0
1994-01-20 04:00:00,-18.4,81,0.0,0,0,0,0
1994-01-20 05:00:00,-18.4,81,2.5,20,0,0,0
1994-01-20 06:00:00,-18.4,81,2.0,20,0,0,0
1994-01-20 07:00:00,-18.4,81,2.0,10,0,0,0
1994-01-20 08:00:00,-18.4,81,1.5,20,2,12,2
1994-01-20 09:00:00,-18.4,81,0.0,0,47,18,45
1994-01-20 10:00:00,-15.0,66,0.0,0,159,127,122
1994-01-20 11:00:00,-13.9,66,2.5,30,160,0,160
1994-01-20 12:00:00,-13.4,60,2.0,30,270,73,235
1994-01-20 13:00:00,-10.0,51,0.0,0,256,78,216
1994-01-20 14:00:00,-11.2,60,2.0,330,140,0,140
1994-01-20 15:00:00,-10.6,57,3.6,100,115,0,115
1994-01-20 16:00:00,-11.7,63,2.5,310,76,0,76
1994-01-20 17:00:00,-11.7,63,2.0,20,31,0,31
1994-01-20 18:00:00,-12.3,67,1.5,20,2,0,2
1994-01-20 19:00:00,-13.4,77,2.5,20,0,0,0
1994-01-20 20:00:00,-13.4,70,1.5,20,0,0,0
1994-01-20 21:00:00,-15.6,85,0.0,0,0,0,0
1994-01-20 22:00:00,-16.2,81,0.0,0,0,0,0
1994-01-20 23:00:00,-16.7,85,0.0,0,0,0,0
1994-01-21 00:00:00,-18.9,85,2.0,20,0,0,0
1994-01-21 01:00:00,-18.9,80,0.0,0,0,0,0
1994-01-21 02:00:00,-20.6,85,2.0,20,0,0,0
1994-01-21 03:00:00,-22.3,80,2.5,10,0,0,0
1994-01-21 04:00:00,-22.3,80,0.0,0,0,0,0
1994-01-21 05:00:00,-22.3,80,0.0,0,0,0,0
1994-01-21 06:00:00,-22.3,77,0.0,0,0,0,0
1994-01-21 07:00:00,-23.9,76,2.0,20,0,0,0
1994-01-21 08:00:00,-23.4,76,0.0,0,3,38,2
1994-01-21 09:00:00,-22.3,85,0.0,0,88,238,54
1994-01-21 10:00:00,-20.0,85,1.5,200,75,0,75
1994-01-21 11:00:00,-16.7,85,0.0,0,115,0,115
1994-01-21 12:00:00,-12.8,82,4.1,200,403,496,165
1994-01-21 13:00:00,-10.6,70,4.1,230,409,531,141
1994-01-21 14:00:00,-10.0,67,6.1,230,141,0,141
1994-01-21 15:00:00,-9.5,67,6.1,240,116,0,116
1994-01-21 16:00:00,-9.5,70,5.1,190,221,253,145
1994-01-21 17:00:00,-9.5,70,6.1,230,100,175,73
1994-01-21 18:00:00,-8.9,67,4.1,220,2,0,2
1994-01-21 19:00:00,-9.5,70,3.6,210,0,0,0
1994-01-21 20:00:00,-9.5,70,4.1,210,0,0,0
1994-01-21 21:00:00,-10.0,74,5.1,200,0,0,0
1994-01-21 22:00:00,-10.0,74,5.1,210,0,0,0
1994-01-21 23:00:00,-10.0,74,5.1,190,0,0,0
1994-01-22 00:00:00,-8.9,71,6.1,220,0,0,0
1994-01-22 01:00:00,-8.4,71,6.1,220,0,0,0
1994-01-22 02:00:00,-7.8,71,6.1,200,0,0,0
1994-01-22 03:00:00,-7.8,71,6.1,210,0,0,0
1994-01-22 04:00:00,-7.8,67,5.1,200,0,0,0
1994-01-22 05:00:00,-7.8,71,6.1,220,0,0,0
1994-01-22 06:00:00,-7.8,71,5.6,200,0,0,0
1994-01-22 07:00:00,-7.8,74,4.6,210,0,0,0
1994-01-22 08:00:00,-7.8,74,5.6,220,1,0,1
1994-01-22 09:00:00,-7.3,71,6.6,220,34,0,34
1994-01-22 10:00:00,-6.7,71,6.6,220,81,0,81
1994-01-22 11:00:00,-6.2,75,7.7,240,121,0,121
1994-01-22 12:00:00,-5.0,68,6.1,230,147,0,147
1994-01-22 13:00:00,-4.5,68,5.1,230,156,0,156
1994-01-22 14:00:00,-3.4,65,4.6,230,380,245,260
1994-01-22 15:00:00,-2.3,62,4.6,240,388,611,134
1994-01-22 16:00:00,-2.3,62,5.1,240,246,597,66
1994-01-22 17:00:00,-2.3,62,3.6,220,89,389,29
1994-01-22 18:00:00,-3.4,69,2.0,210,4,5,4
1994-01-22 19:00:00,-3.9,71,2.0,210,0,0,0
1994-01-22 20:00:00,-5.0,79,3.0,200,0,0,0
1994-01-22 21:00:00,-4.5,75,2.5,180,0,0,0
1994-01-22 22:00:00,-5.0,79,2.5,200,0,0,0
1994-01-22 23:00:00,-5.0,79,2.0,220,0,0,0
1994-01-23 00:00:00,-6.2,87,2.5,190,0,0,0
1994-01-23 01:00:00,-4.5,79,3.0,210,0,0,0
1994-01-23 02:00:00,-2.3,72,4.1,190,0,0,0
1994-01-23 03:00:00,-1.2,69,4.1,200,0,0,0
1994-01-23 04:00:00,-0.6,72,4.1,200,0,0,0
1994-01-23 05:00:00,0.5,73,4.1,210,0,0,0
1994-01-23 06:00:00,1.6,74,5.1,200,0,0,0
1994-01-23 07:00:00,1.6,74,4.6,230,0,0,0
1994-01-23 08:00:00,2.2,71,4.6,210,3,2,3
1994-01-23 09:00:00,2.7,72,4.6,210,35,0,35
1994-01-23 10:00:00,2.7,75,4.6,220,83,0,83
1994-01-23 11:00:00,3.3,71,5.1,210,123,0,123
1994-01-23 12:00:00,3.8,73,5.1,210,149,0,149
1994-01-23 13:00:00,4.4,73,5.1,220,158,0,158
1994-01-23 14:00:00,4.4,76,5.6,220,150,0,150
1994-01-23 15:00:00,4.4,76,4.6,210,125,0,125
1994-01-23 16:00:00,4.4,79,5.1,220,86,0,86
1994-01-23 17:00:00,3.3,92,5.1,200,32,0,32
1994-01-23 18:00:00,3.3,96,5.6,220,2,0,2
1994-01-23 19:00:00,3.8,97,6.1,210,0,0,0
1994-01-23 20:00:00,3.8,97,5.1,210,0,0,0
1994-01-23 21:00:00,3.8,97,5.6,220,0,0,0
1994-01-23 22:00:00,4.4,96,5.1,230,0,0,0
1994-01-23 23:00:00,3.8,100,4.1,200,0,0,0
1994-01-24 00:00:00,4.4,96,4.1,230,0,0,0
1994-01-24 01:00:00,4.4,96,6.1,240,0,0,0
1994-01-24 02:00:00,3.8,97,4.1,240,0,0,0
1994-01-24 03:00:00,3.8,93,5.6,220,0,0,0
1994-01-24 04:00:00,3.3,96,4.1,230,0,0,0
1994-01-24 05:00:00,3.8,97,5.1,220,0,0,0
1994-01-24 06:00:00,3.8,93,5.1,210,0,0,0
1994-01-24 07:00:00,3.3,96,5.1,210,0,0,0
1994-01-24 08:00:00,3.8,97,5.1,220,1,0,1
1994-01-24 09:00:00,3.8,97,5.1,230,25,0,25
1994-01-24 10:00:00,3.8,93,4.6,230,63,0,63
1994-01-24 11:00:00,4.4,89,6.1,230,96,0,96
1994-01-24 12:00:00,4.5,88,5.6,230,118,0,118
1994-01-24 13:00:00,4.4,89,5.1,230,126,0,126
1994-01-24 14:00:00,4.4,89,4.1,240,119,0,119
1994-01-24 15:00:00,4.4,89,4.6,230,98,0,98
1994-01-24 16:00:00,3.8,93,3.6,210,65,0,65
1994-01-24 17:00:00,3.8,93,5.1,220,28,0,28
1994-01-24 18:00:00,3.8,89,3.6,220,2,0,2
1994-01-24 19:00:00,3.8,93,3.6,200,0,0,0
1994-01-24 20:00:00,3.3,96,2.5,200,0,0,0
1994-01-24 21:00:00,3.3,96,2.0,210,0,0,0
1994-01-24 22:00:00,3.3,96,1.5,210,0,0,0
1994-01-24 23:00:00,3.3,100,0.0,0,0,0,0
1994-01-25 00:00:00,3.8,97,1.5,210,0,0,0
1994-01-25 01:00:00,3.8,97,1.5,190,0,0,0
1994-01-25 02:00:00,3.8,97,1.5,210,0,0,0
1994-01-25 03:00:00,3.8,97,2.0,180,0,0,0
1994-01-25 04:00:00,3.3,100,1.5,190,0,0,0
1994-01-25 05:00:00,3.8,100,1.5,170,0,0,0
1994-01-25 06:00:00,2.7,100,1.5,40,0,0,0
1994-01-25 07:00:00,2.7,100,1.5,110,0,0,0
1994-01-25 08:00:00,2.2,100,0.0,0,2,0,2
1994-01-25 09:00:00,2.7,100,0.0,0,31,0,31
1994-01-25 10:00:00,2.7,100,2.0,180,71,0,71
1994-01-25 11:00:00,6.6,79,1.5,260,111,0,111
1994-01-25 12:00:00,5.5,86,0.0,0,138,0,138
1994-01-25 13:00:00,6.1,82,2.0,10,147,0,147
1994-01-25 14:00:00,5.5,82,2.0,80,139,0,139
1994-01-25 15:00:00,5.6,86,2.0,60,113,0,113
1994-01-25 16:00:00,5.4,92,2.0,40,75,0,75
1994-01-25 17:00:00,5.0,100,2.0,20,28,0,28
1994-01-25 18:00:00,3.8,100,0.0,0,3,0,3
1994-01-25 19:00:00,3.8,100,0.0,0,0,0,0
1994-01-25 20:00:00,3.8,100,0.0,0,0,0,0
1994-01-25 21:00:00,3.8,100,0.0,0,0,0,0
1994-01-25 22:00:00,3.3,100,0.0,0,0,0,0
1994-01-25 23:00:00,3.8,100,0.0,0,0,0,0
1994-01-26 00:00:00,3.8,100,2.0,210,0,0,0
1994-01-26 01:00:00,3.3,100,0.0,0,0,0,0
1994-01-26 02:00:00,2.7,100,0.0,0,0,0,0
1994-01-26 03:00:00,2.7,100,2.0,350,0,0,0
1994-01-26 04:00:00,2.2,100,3.0,340,0,0,0
1994-01-26 05:00:00,1.6,100,3.0,350,0,0,0
1994-01-26 06:00:00,1.1,100,4.1,350,0,0,0
1994-01-26 07:00:00,0.4,100,3.9,360,0,0,0
1994-01-26 08:00:00,0.0,100,3.6,10,1,0,1
1994-01-26 09:00:00,-0.6,100,3.6,340,24,0,24
1994-01-26 10:00:00,-0.6,100,3.6,340,57,0,57
1994-01-26 11:00:00,-0.6,95,3.6,350,85,0,85
1994-01-26 12:00:00,-0.6,95,3.6,20,103,0,103
1994-01-26 13:00:00,-1.2,91,3.6,10,110,0,110
1994-01-26 14:00:00,-1.2,91,3.0,30,104,0,104
1994-01-26 15:00:00,-1.7,91,2.5,340,87,0,87
1994-01-26 16:00:00,-2.3,91,4.1,20,59,0,59
1994-01-26 17:00:00,-1.7,83,4.1,20,32,0,32
1994-01-26 18:00:00,-1.7,79,4.1,20,4,0,4
1994-01-26 19:00:00,-1.7,83,3.6,20,0,0,0
1994-01-26 20:00:00,0.0,79,5.1,50,0,0,0
1994-01-26 21:00:00,-0.6,79,5.1,70,0,0,0
1994-01-26 22:00:00,-1.2,80,6.1,90,0,0,0
1994-01-26 23:00:00,-1.2,76,3.6,70,0,0,0
1994-01-27 00:00:00,-1.2,76,5.1,90,0,0,0
1994-01-27 01:00:00,-0.6,76,4.1,70,0,0,0
1994-01-27 02:00:00,0.0,72,6.1,90,0,0,0
1994-01-27 03:00:00,0.0,75,5.1,90,0,0,0
1994-01-27 04:00:00,0.5,73,5.6,90,0,0,0
1994-01-27 05:00:00,0.5,73,5.6,90,0,0,0
1994-01-27 06:00:00,0.5,73,2.5,90,0,0,0
1994-01-27 07:00:00,0.5,76,4.6,70,0,0,0
1994-01-27 08:00:00,1.1,70,2.0,90,2,0,2
1994-01-27 09:00:00,1.6,71,4.6,90,36,0,36
1994-01-27 10:00:00,2.2,68,2.5,100,84,0,84
1994-01-27 11:00:00,3.3,65,3.0,160,124,0,124
1994-01-27 12:00:00,3.3,65,5.1,140,151,0,151
1994-01-27 13:00:00,3.3,72,3.8,140,160,0,160
1994-01-27 14:00:00,3.3,79,2.5,130,152,0,152
1994-01-27 15:00:00,3.3,82,4.1,90,127,0,127
1994-01-27 16:00:00,3.8,76,7.2,90,88,0,88
1994-01-27 17:00:00,3.8,76,2.5,70,40,0,40
1994-01-27 18:00:00,3.3,75,5.1,100,4,0,4
1994-01-27 19:00:00,2.7,85,3.6,100,0,0,0
1994-01-27 20:00:00,2.7,85,2.0,130,0,0,0
1994-01-27 21:00:00,3.3,85,4.6,160,0,0,0
1994-01-27 22:00:00,3.8,83,2.5,120,0,0,0
1994-01-27 23:00:00,4.4,86,2.5,90,0,0,0
1994-01-28 00:00:00,5.0,82,2.0,50,0,0,0
1994-01-28 01:00:00,5.0,89,2.5,80,0,0,0
1994-01-28 02:00:00,5.5,86,4.1,130,0,0,0
1994-01-28 03:00:00,6.1,79,2.5,20,0,0,0
1994-01-28 04:00:00,8.3,93,2.7,60,0,0,0
1994-01-28 05:00:00,9.0,92,2.8,90,0,0,0
1994-01-28 06:00:00,10.0,89,3.0,130,0,0,0
1994-01-28 07:00:00,10.5,86,2.5,150,0,0,0
1994-01-28 08:00:00,13.8,69,8.2,190,3,0,3
1994-01-28 09:00:00,13.8,69,7.7,190,36,0,36
1994-01-28 10:00:00,14.4,67,8.7,210,83,0,83
1994-01-28 11:00:00,13.8,69,6.1,230,124,0,124
1994-01-28 12:00:00,13.3,72,6.1,220,150,0,150
1994-01-28 13:00:00,12.2,83,7.2,240,160,0,160
1994-01-28 14:00:00,11.6,86,3.0,230,152,0,152
1994-01-28 15:00:00,10.9,82,6.1,270,127,0,127
1994-01-28 16:00:00,10.0,79,5.4,250,132,46,117
1994-01-28 17:00:00,10.0,77,4.6,230,119,61,108
1994-01-28 18:00:00,9.4,63,6.1,260,7,10,6
1994-01-28 19:00:00,7.7,65,6.1,240,0,0,0
1994-01-28 20:00:00,5.5,73,6.6,250,0,0,0
1994-01-28 21:00:00,3.8,73,4.1,250,0,0,0
1994-01-28 22:00:00,3.3,65,6.1,240,0,0,0
1994-01-28 23:00:00,2.7,68,6.6,220,0,0,0
1994-01-29 00:00:00,2.7,68,4.1,240,0,0,0
1994-01-29 01:00:00,2.2,68,7.2,240,0,0,0
1994-01-29 02:00:00,2.2,71,8.2,240,0,0,0
1994-01-29 03:00:00,1.6,74,5.6,240,0,0,0
1994-01-29 04:00:00,1.1,76,5.6,240,0,0,0
1994-01-29 05:00:00,0.5,76,5.1,240,0,0,0
1994-01-29 06:00:00,0.0,79,4.1,270,0,0,0
1994-01-29 07:00:00,0.0,79,3.6,260,0,0,0
1994-01-29 08:00:00,-0.6,76,3.6,240,3,0,3
1994-01-29 09:00:00,-0.6,76,3.0,240,37,0,37
1994-01-29 10:00:00,-0.6,76,4.6,230,86,0,86
1994-01-29 11:00:00,-0.6,76,4.1,240,126,0,126
1994-01-29 12:00:00,-0.6,76,3.0,250,153,0,153
1994-01-29 13:00:00,-1.7,91,3.0,290,136,0,136
1994-01-29 14:00:00,-1.2,83,2.5,280,155,0,155
1994-01-29 15:00:00,-1.2,87,2.5,230,130,0,130
1994-01-29 16:00:00,-1.2,87,2.5,240,90,0,90
1994-01-29 17:00:00,-1.2,83,2.5,240,42,0,42
1994-01-29 18:00:00,-1.2,87,3.6,250,4,0,4
1994-01-29 19:00:00,-1.7,83,3.6,250,0,0,0
1994-01-29 20:00:00,-1.7,83,4.1,240,0,0,0
1994-01-29 21:00:00,-1.7,79,3.0,250,0,0,0
1994-01-29 22:00:00,-1.7,72,3.6,280,0,0,0
1994-01-29 23:00:00,-2.3,76,2.0,280,0,0,0
1994-01-30 00:00:00,-2.8,79,1.5,270,0,0,0
1994-01-30 01:00:00,-2.3,76,2.0,260,0,0,0
1994-01-30 02:00:00,-2.3,80,0.0,0,0,0,0
1994-01-30 03:00:00,-2.3,80,0.0,0,0,0,0
1994-01-30 04:00:00,-2.3,80,0.0,0,0,0,0
1994-01-30 05:00:00,-2.8,79,2.5,40,0,0,0
1994-01-30 06:00:00,-2.8,79,2.5,40,0,0,0
1994-01-30 07:00:00,-2.8,95,2.5,360,0,0,0
1994-01-30 08:00:00,-2.8,83,2.5,350,3,0,3
1994-01-30 09:00:00,-2.8,79,2.5,10,41,0,41
1994-01-30 10:00:00,-2.3,80,2.5,40,90,0,90
1994-01-30 11:00:00,-2.3,80,3.6,360,131,0,131
1994-01-30 12:00:00,-2.3,83,3.6,360,132,0,132
1994-01-30 13:00:00,-2.3,83,4.6,230,140,0,140
1994-01-30 14:00:00,-1.7,76,3.0,360,159,0,159
1994-01-30 15:00:00,-1.2,69,2.5,350,134,0,134
1994-01-30 16:00:00,-1.1,67,3.1,360,95,0,95
1994-01-30 17:00:00,-1.2,65,3.6,360,46,0,46
1994-01-30 18:00:00,-2.3,76,2.5,350,5,0,5
1994-01-30 19:00:00,-2.8,83,2.0,360,0,0,0
1994-01-30 20:00:00,-2.8,75,2.5,360,0,0,0
1994-01-30 21:00:00,-2.8,72,3.0,360,0,0,0
1994-01-30 22:00:00,-2.8,75,3.0,350,0,0,0
1994-01-30 23:00:00,-3.4,75,3.0,360,0,0,0
1994-01-31 00:00:00,-3.9,79,2.5,360,0,0,0
1994-01-31 01:00:00,-3.9,79,3.0,350,0,0,0
1994-01-31 02:00:00,-3.9,79,2.5,360,0,0,0
1994-01-31 03:00:00,-4.5,83,2.5,10,0,0,0
1994-01-31 04:00:00,-4.8,80,2.5,350,0,0,0
1994-01-31 05:00:00,-5.0,79,2.5,330,0,0,0
1994-01-31 06:00:00,-6.2,83,2.0,350,0,0,0
1994-01-31 07:00:00,-7.3,87,0.0,0,0,0,0
1994-01-31 08:00:00,-7.3,82,2.5,330,8,10,8
1994-01-31 09:00:00,-6.7,78,1.5,360,100,65,88
1994-01-31 10:00:00,-3.4,62,2.0,290,214,271,127
1994-01-31 11:00:00,-2.3,59,0.0,0,158,0,158
1994-01-31 12:00:00,0.5,59,0.4,10,228,46,204
1994-01-31 13:00:00,1.8,58,1.3,30,570,838,115
1994-01-31 14:00:00,3.0,57,3.9,30,415,446,182
1994-01-31 15:00:00,4.2,54,4.3,70,366,441,167
1994-01-31 16:00:00,4.3,55,3.6,70,309,674,82
1994-01-31 17:00:00,3.8,59,2.6,90,110,242,65
1994-01-31 18:00:00,3.4,60,2.0,100,15,59,12
1994-01-31 19:00:00,4.6,56,2.9,120,0,0,0
1994-01-31 20:00:00,4.7,60,3.8,160,0,0,0
1994-01-31 21:00:00,4.8,61,3.7,170,0,0,0
1994-01-31 22:00:00,3.1,60,3.5,190,0,0,0
1994-01-31 23:00:00,1.4,61,3.2,200,0,0,0
1994-02-01 00:00:00,-0.2,61,3.0,210,0,0,0
1991-02-01 01:00:00,-1.9,67,2.8,210,0,0,0
1991-02-01 02:00:00,-3.6,71,2.6,210,0,0,0
1991-02-01 03:00:00,-5.3,67,2.3,220,0,0,0
1991-02-01 04:00:00,-7.1,67,2.1,230,0,0,0
1991-02-01 05:00:00,-7.7,71,2.6,220,0,0,0
1991-02-01 06:00:00,-7.1,67,2.6,220,0,0,0
1991-02-01 07:00:00,-7.1,67,3.1,220,0,0,0
1991-02-01 08:00:00,-6.6,62,3.1,220,11,25,10
1991-02-01 09:00:00,-4.9,56,3.1,220,113,143,89
1991-02-01 10:00:00,-2.7,51,4.1,230,255,343,144
1991-02-01 11:00:00,-0.5,45,2.6,210,426,622,151
1991-02-01 12:00:00,1.7,40,4.6,220,495,673,145
1991-02-01 13:00:00,2.8,37,5.1,220,480,503,204
1991-02-01 14:00:00,3.9,28,5.1,230,448,692,85
1991-02-01 15:00:00,5.6,22,5.1,230,412,627,127
1991-02-01 16:00:00,5.6,24,7.7,210,208,319,99
1991-02-01 17:00:00,5.6,22,4.6,220,130,494,35
1991-02-01 18:00:00,3.9,25,4.1,210,14,110,9
1991-02-01 19:00:00,2.8,26,2.6,190,0,0,0
1991-02-01 20:00:00,2.2,28,3.1,210,0,0,0
1991-02-01 21:00:00,3.3,25,4.1,210,0,0,0
1991-02-01 22:00:00,2.8,25,4.1,200,0,0,0
1991-02-01 23:00:00,3.3,25,4.1,210,0,0,0
1991-02-02 00:00:00,3.3,25,4.6,210,0,0,0
1991-02-02 01:00:00,4.4,24,4.1,210,0,0,0
1991-02-02 02:00:00,3.3,29,3.6,220,0,0,0
1991-02-02 03:00:00,3.9,29,3.1,210,0,0,0
1991-02-02 04:00:00,3.9,29,2.6,220,0,0,0
1991-02-02 05:00:00,3.3,31,2.1,230,0,0,0
1991-02-02 06:00:00,3.3,34,2.6,220,0,0,0
1991-02-02 07:00:00,3.9,32,3.6,210,0,0,0
1991-02-02 08:00:00,5.0,30,5.1,220,5,8,5
1991-02-02 09:00:00,6.7,27,5.1,220,109,365,45
1991-02-02 10:00:00,7.2,27,5.1,220,194,83,167
1991-02-02 11:00:00,8.3,25,5.1,220,66,31,52
1991-02-02 12:00:00,8.3,25,5.1,220,237,13,229
1991-02-02 13:00:00,8.9,27,5.1,220,86,47,61
1991-02-02 14:00:00,10.0,26,5.1,220,512,832,72
1991-02-02 15:00:00,11.1,25,4.1,220,416,712,90
1991-02-02 16:00:00,11.1,25,5.1,220,309,703,67
1991-02-02 17:00:00,10.6,25,5.7,210,154,613,35
1991-02-02 18:00:00,8.3,29,3.6,220,18,169,9
1991-02-02 19:00:00,7.8,30,2.6,210,0,0,0
1991-02-02 20:00:00,6.1,34,3.1,190,0,0,0
1991-02-02 21:00:00,6.1,34,3.6,190,0,0,0
1991-02-02 22:00:00,6.7,32,4.1,200,0,0,0
1991-02-02 23:00:00,5.0,36,2.6,220,0,0,0
1991-02-03 00:00:00,5.0,36,2.6,210,0,0,0
1991-02-03 01:00:00,5.0,33,2.6,220,0,0,0
1991-02-03 02:00:00,4.4,36,2.6,220,0,0,0
1991-02-03 03:00:00,5.0,35,2.6,210,0,0,0
1991-02-03 04:00:00,5.0,36,3.1,200,0,0,0
1991-02-03 05:00:00,4.4,40,2.6,200,0,0,0
1991-02-03 06:00:00,3.9,39,2.6,210,0,0,0
1991-02-03 07:00:00,3.9,42,2.6,210,0,0,0
1991-02-03 08:00:00,3.3,43,2.6,220,11,106,6
1991-02-03 09:00:00,5.0,40,2.6,210,99,341,39
1991-02-03 10:00:00,7.8,35,3.1,210,266,529,91
1991-02-03 11:00:00,10.6,30,5.1,230,453,866,63
1991-02-03 12:00:00,11.7,29,5.1,220,549,908,70
1991-02-03 13:00:00,13.3,28,5.1,240,585,922,73
1991-02-03 14:00:00,13.9,27,6.2,220,557,911,71
1991-02-03 15:00:00,14.4,27,5.1,220,468,874,64
1991-02-03 16:00:00,15.0,26,5.1,220,327,791,52
1991-02-03 17:00:00,13.9,27,5.1,210,157,606,36
1991-02-03 18:00:00,11.7,31,4.6,220,19,166,10
1991-02-03 19:00:00,10.0,33,3.1,210,0,0,0
1991-02-03 20:00:00,9.4,34,2.6,190,0,0,0
1991-02-03 21:00:00,7.2,38,2.6,200,0,0,0
1991-02-03 22:00:00,7.8,38,2.1,220,0,0,0
1991-02-03 23:00:00,6.7,39,2.1,190,0,0,0
1991-02-04 00:00:00,6.7,38,2.1,190,0,0,0
1991-02-04 01:00:00,2.2,62,2.1,220,0,0,0
1991-02-04 02:00:00,3.9,53,1.5,230,0,0,0
1991-02-04 03:00:00,3.3,52,0.0,0,0,0,0
1991-02-04 04:00:00,1.7,59,2.1,240,0,0,0
1991-02-04 05:00:00,1.7,59,2.1,210,0,0,0
1991-02-04 06:00:00,1.7,59,0.0,0,0,0,0
1991-02-04 07:00:00,0.6,63,0.0,0,0,0,0
1991-02-04 08:00:00,-0.5,76,0.0,0,10,86,6
1991-02-04 09:00:00,2.8,65,0.0,0,133,401,61
1991-02-04 10:00:00,6.1,47,0.0,0,261,570,69
1991-02-04 11:00:00,11.7,32,2.6,230,161,71,129
1991-02-04 12:00:00,15.0,26,2.6,230,204,0,204
1991-02-04 13:00:00,15.6,26,4.1,210,216,0,216
1991-02-04 14:00:00,16.7,27,4.1,230,184,156,100
1991-02-04 15:00:00,17.2,25,5.1,230,221,93,177
1991-02-04 16:00:00,16.7,25,6.2,220,146,46,130
1991-02-04 17:00:00,15.0,27,4.1,220,118,410,35
1991-02-04 18:00:00,13.9,31,4.1,220,19,139,11
1991-02-04 19:00:00,11.7,34,3.1,200,0,0,0
1991-02-04 20:00:00,10.6,37,0.0,0,0,0,0
1991-02-04 21:00:00,11.7,34,3.6,200,0,0,0
1991-02-04 22:00:00,11.7,34,3.1,210,0,0,0
1991-02-04 23:00:00,10.6,37,2.6,220,0,0,0
1991-02-05 00:00:00,10.0,40,2.1,230,0,0,0
1991-02-05 01:00:00,10.0,38,2.1,200,0,0,0
1991-02-05 02:00:00,10.6,35,2.1,230,0,0,0
1991-02-05 03:00:00,10.0,42,1.5,230,0,0,0
1991-02-05 04:00:00,7.2,74,2.6,170,0,0,0
1991-02-05 05:00:00,8.3,68,3.1,210,0,0,0
1991-02-05 06:00:00,8.9,68,2.6,220,0,0,0
1991-02-05 07:00:00,9.4,71,2.6,220,0,0,0
1991-02-05 08:00:00,10.6,77,3.1,210,7,0,7
1991-02-05 09:00:00,11.1,77,1.5,220,61,30,55
1991-02-05 10:00:00,12.8,77,2.6,190,112,64,90
1991-02-05 11:00:00,14.4,70,2.6,210,124,0,124
1991-02-05 12:00:00,16.1,64,4.6,210,203,201,95
1991-02-05 13:00:00,15.6,64,6.7,210,162,0,162
1991-02-05 14:00:00,15.6,67,3.6,220,154,0,154
1991-02-05 15:00:00,16.7,62,4.6,230,278,218,175
1991-02-05 16:00:00,16.1,64,5.1,220,89,0,89
1991-02-05 17:00:00,15.0,67,2.6,230,42,0,42
1991-02-05 18:00:00,14.4,72,4.1,210,10,0,10
1991-02-05 19:00:00,13.3,84,4.6,210,0,0,0
1991-02-05 20:00:00,12.2,90,3.6,220,0,0,0
1991-02-05 21:00:00,11.7,96,1.8,290,0,0,0
1991-02-05 22:00:00,11.1,100,0.0,0,0,0,0
1991-02-05 23:00:00,11.1,100,0.0,0,0,0,0
1991-02-06 00:00:00,11.1,100,0.0,0,0,0,0
1991-02-06 01:00:00,11.1,93,0.0,0,0,0,0
1991-02-06 02:00:00,11.1,97,1.5,80,0,0,0
1991-02-06 03:00:00,10.6,100,0.0,0,0,0,0
1991-02-06 04:00:00,10.6,100,0.0,0,0,0,0
1991-02-06 05:00:00,10.6,100,0.0,0,0,0,0
1991-02-06 06:00:00,10.6,100,0.0,0,0,0,0
1991-02-06 07:00:00,10.6,100,0.0,0,0,0,0
1991-02-06 08:00:00,10.6,100,0.0,0,12,12,12
1991-02-06 09:00:00,10.6,100,2.6,200,112,170,80
1991-02-06 10:00:00,10.6,100,0.0,0,216,230,137
1991-02-06 11:00:00,13.3,93,0.0,0,213,161,138
1991-02-06 12:00:00,14.4,78,2.1,220,499,538,209
1991-02-06 13:00:00,16.1,70,2.1,200,463,442,212
1991-02-06 14:00:00,16.1,70,2.1,250,458,362,260
1991-02-06 15:00:00,15.6,72,2.6,70,374,406,181
1991-02-06 16:00:00,15.0,75,2.1,250,272,436,115
1991-02-06 17:00:00,13.9,80,0.0,0,119,192,79
1991-02-06 18:00:00,13.3,84,2.6,70,17,17,16
1991-02-06 19:00:00,12.8,93,2.1,70,0,0,0
1991-02-06 20:00:00,12.2,97,2.1,70,0,0,0
1991-02-06 21:00:00,12.2,93,1.5,190,0,0,0
1991-02-06 22:00:00,12.8,83,2.6,180,0,0,0
1991-02-06 23:00:00,11.7,93,1.5,200,0,0,0
1991-02-07 00:00:00,11.1,97,3.1,210,0,0,0
1991-02-07 01:00:00,11.7,89,3.6,200,0,0,0
1991-02-07 02:00:00,10.6,100,0.0,0,0,0,0
1991-02-07 03:00:00,10.6,100,1.5,180,0,0,0
1991-02-07 04:00:00,10.6,100,0.0,0,0,0,0
1991-02-07 05:00:00,10.6,100,0.0,0,0,0,0
1991-02-07 06:00:00,10.6,100,0.0,0,0,0,0
1991-02-07 07:00:00,11.1,100,0.0,0,0,0,0
1991-02-07 08:00:00,9.4,100,5.1,260,4,0,4
1991-02-07 09:00:00,7.8,100,5.1,350,28,0,28
1991-02-07 10:00:00,6.7,100,4.1,350,61,0,61
1991-02-07 11:00:00,6.1,100,4.6,350,91,0,91
1991-02-07 12:00:00,5.6,100,4.1,360,110,0,110
1991-02-07 13:00:00,4.4,100,4.1,340,117,0,117
1991-02-07 14:00:00,4.4,97,3.1,350,112,0,112
1991-02-07 15:00:00,4.4,97,3.6,360,94,0,94
1991-02-07 16:00:00,3.9,100,3.1,360,66,0,66
1991-02-07 17:00:00,3.9,100,3.6,350,32,0,32
1991-02-07 18:00:00,3.9,96,3.6,20,7,0,7
1991-02-07 19:00:00,3.3,100,2.6,340,0,0,0
1991-02-07 20:00:00,2.8,100,2.6,340,0,0,0
1991-02-07 21:00:00,2.8,100,2.1,330,0,0,0
1991-02-07 22:00:00,2.8,100,2.6,330,0,0,0
1991-02-07 23:00:00,2.2,100,2.6,350,0,0,0
1991-02-08 00:00:00,2.2,100,2.1,310,0,0,0
1991-02-08 01:00:00,2.2,79,2.1,350,0,0,0
1991-02-08 02:00:00,2.2,92,2.1,350,0,0,0
1991-02-08 03:00:00,2.2,92,1.5,330,0,0,0
1991-02-08 04:00:00,2.2,89,1.5,340,0,0,0
1991-02-08 05:00:00,2.2,92,2.1,330,0,0,0
1991-02-08 06:00:00,2.2,85,1.5,350,0,0,0
1991-02-08 07:00:00,1.7,88,2.1,340,0,0,0
1991-02-08 08:00:00,1.7,88,2.6,320,5,0,5
1991-02-08 09:00:00,1.7,88,2.6,330,39,0,39
1991-02-08 10:00:00,2.2,85,3.1,330,82,0,82
1991-02-08 11:00:00,1.7,88,3.1,310,117,0,117
1991-02-08 12:00:00,2.2,85,3.6,270,139,0,139
1991-02-08 13:00:00,2.8,78,2.6,310,148,0,148
1991-02-08 14:00:00,2.8,78,3.1,290,141,0,141
1991-02-08 15:00:00,2.8,82,3.6,280,121,0,121
1991-02-08 16:00:00,2.8,49,2.6,270,87,0,87
1991-02-08 17:00:00,2.8,75,3.6,270,45,0,45
1991-02-08 18:00:00,2.2,79,3.6,250,8,0,8
1991-02-08 19:00:00,2.2,79,4.1,240,0,0,0
1991-02-08 20:00:00,1.7,85,4.1,260,0,0,0
1991-02-08 21:00:00,1.1,81,4.6,250,0,0,0
1991-02-08 22:00:00,1.1,85,5.1,240,0,0,0
1991-02-08 23:00:00,0.6,84,5.7,240,0,0,0
1991-02-09 00:00:00,0.6,84,5.1,240,0,0,0
1991-02-09 01:00:00,0.6,84,5.1,230,0,0,0
1991-02-09 02:00:00,0.6,80,4.1,240,0,0,0
1991-02-09 03:00:00,0.0,84,5.1,250,0,0,0
1991-02-09 04:00:00,0.0,80,6.2,260,0,0,0
1991-02-09 05:00:00,0.0,80,4.1,250,0,0,0
1991-02-09 06:00:00,0.0,80,3.6,260,0,0,0
1991-02-09 07:00:00,0.0,80,3.1,260,0,0,0
1991-02-09 08:00:00,0.0,80,3.6,260,7,0,7
1991-02-09 09:00:00,0.0,80,3.6,240,41,0,41
1991-02-09 10:00:00,0.0,80,5.1,220,84,0,84
1991-02-09 11:00:00,0.6,80,5.1,230,119,0,119
1991-02-09 12:00:00,1.1,74,4.1,230,169,0,169
1991-02-09 13:00:00,1.1,78,4.6,240,179,0,179
1991-02-09 14:00:00,1.7,77,4.6,240,143,0,143
1991-02-09 15:00:00,1.7,77,4.6,230,123,0,123
1991-02-09 16:00:00,1.7,77,3.6,230,89,0,89
1991-02-09 17:00:00,1.7,77,3.1,230,56,0,56
1991-02-09 18:00:00,1.7,85,3.1,240,8,0,8
1991-02-09 19:00:00,1.7,81,2.6,240,0,0,0
1991-02-09 20:00:00,1.7,81,2.6,240,0,0,0
1991-02-09 21:00:00,1.7,81,2.6,240,0,0,0
1991-02-09 22:00:00,1.7,85,2.6,230,0,0,0
1991-02-09 23:00:00,1.7,85,2.6,230,0,0,0
1991-02-10 00:00:00,1.7,85,3.1,230,0,0,0
1991-02-10 01:00:00,1.7,81,3.1,270,0,0,0
1991-02-10 02:00:00,1.1,89,4.6,270,0,0,0
1991-02-10 03:00:00,1.1,85,3.6,280,0,0,0
1991-02-10 04:00:00,0.6,92,3.6,260,0,0,0
1991-02-10 05:00:00,0.6,92,2.6,260,0,0,0
1991-02-10 06:00:00,1.1,92,2.6,280,0,0,0
1991-02-10 07:00:00,0.6,96,2.6,280,0,0,0
1991-02-10 08:00:00,1.1,96,0.0,0,5,0,5
1991-02-10 09:00:00,1.1,100,0.0,0,31,0,31
1991-02-10 10:00:00,1.1,100,2.6,240,66,0,66
1991-02-10 11:00:00,1.7,96,2.6,230,95,0,95
1991-02-10 12:00:00,2.2,92,3.6,230,114,0,114
1991-02-10 13:00:00,2.2,92,3.1,250,146,0,146
1991-02-10 14:00:00,2.8,85,5.1,270,139,0,139
1991-02-10 15:00:00,3.3,82,5.1,270,118,0,118
1991-02-10 16:00:00,4.4,73,4.1,260,228,60,205
1991-02-10 17:00:00,3.9,66,4.6,250,91,102,68
1991-02-10 18:00:00,3.3,66,3.6,250,16,6,15
1991-02-10 19:00:00,2.8,69,3.1,240,0,0,0
1991-02-10 20:00:00,2.2,68,4.1,240,0,0,0
1991-02-10 21:00:00,2.2,65,4.1,250,0,0,0
1991-02-10 22:00:00,1.1,58,6.2,240,0,0,0
1991-02-10 23:00:00,0.0,57,4.1,240,0,0,0
1991-02-11 00:00:00,0.0,60,4.1,240,0,0,0
1991-02-11 01:00:00,0.0,47,7.2,270,0,0,0
1991-02-11 02:00:00,-1.0,57,4.6,290,0,0,0
1991-02-11 03:00:00,-1.9,55,4.4,300,0,0,0
1991-02-11 04:00:00,-2.7,54,4.1,300,0,0,0
1991-02-11 05:00:00,-3.2,56,4.6,280,0,0,0
1991-02-11 06:00:00,-3.8,56,4.1,280,0,0,0
1991-02-11 07:00:00,-4.3,58,5.7,290,0,0,0
1991-02-11 08:00:00,-4.9,61,4.6,280,13,15,12
1991-02-11 09:00:00,-3.2,51,3.1,340,156,396,74
1991-02-11 10:00:00,-2.7,40,0.0,0,305,436,147
1991-02-11 11:00:00,3.9,25,6.2,280,418,620,118
1991-02-11 12:00:00,-0.5,33,6.2,290,319,92,267
1991-02-11 13:00:00,0.6,34,4.1,270,329,93,274
1991-02-11 14:00:00,0.8,32,4.6,300,402,338,209
1991-02-11 15:00:00,0.6,31,5.1,320,313,163,231
1991-02-11 16:00:00,1.1,29,5.1,270,186,66,161
1991-02-11 17:00:00,0.0,30,5.7,260,52,24,47
1991-02-11 18:00:00,-1.0,35,6.2,260,13,0,13
1991-02-11 19:00:00,-1.6,38,5.7,250,0,0,0
1991-02-11 20:00:00,-2.7,46,5.1,230,0,0,0
1991-02-11 21:00:00,-4.3,53,6.2,300,0,0,0
1991-02-11 22:00:00,-4.3,53,5.7,300,0,0,0
1991-02-11 23:00:00,-4.9,56,4.1,340,0,0,0
1991-02-12 00:00:00,-5.5,53,4.1,350,0,0,0
1991-02-12 01:00:00,-5.5,56,3.1,310,0,0,0
1991-02-12 02:00:00,-6.0,55,2.6,320,0,0,0
1991-02-12 03:00:00,-6.6,58,2.6,320,0,0,0
1991-02-12 04:00:00,-6.9,63,3.1,320,0,0,0
1991-02-12 05:00:00,-7.1,67,3.6,320,0,0,0
1991-02-12 06:00:00,-7.1,64,1.5,330,0,0,0
1991-02-12 07:00:00,-7.7,71,2.1,340,0,0,0
1991-02-12 08:00:00,-7.7,75,2.1,350,18,93,12
1991-02-12 09:00:00,-5.5,59,2.6,350,105,156,72
1991-02-12 10:00:00,-4.3,48,3.1,350,304,573,93
1991-02-12 11:00:00,-2.7,42,2.6,270,377,510,127
1991-02-12 12:00:00,-2.1,40,2.1,270,536,565,216
1991-02-12 13:00:00,-1.0,36,2.6,270,620,878,97
1991-02-12 14:00:00,0.0,33,5.1,270,592,867,94
1991-02-12 15:00:00,1.1,29,2.1,270,501,827,85
1991-02-12 16:00:00,1.1,31,5.7,240,357,743,70
1991-02-12 17:00:00,0.6,32,3.6,220,99,18,94
1991-02-12 18:00:00,0.0,35,3.1,220,17,7,17
1991-02-12 19:00:00,-1.0,38,2.6,190,0,0,0
1991-02-12 20:00:00,-1.6,40,2.1,190,0,0,0
1991-02-12 21:00:00,-1.6,42,0.0,0,0,0,0
1991-02-12 22:00:00,-2.1,46,2.1,200,0,0,0
1991-02-12 23:00:00,-1.6,49,0.0,0,0,0,0
1991-02-13 00:00:00,-0.5,38,2.6,200,0,0,0
1991-02-13 01:00:00,0.0,35,2.1,350,0,0,0
1991-02-13 02:00:00,-0.5,38,2.1,340,0,0,0
1991-02-13 03:00:00,-0.8,40,1.8,340,0,0,0
1991-02-13 04:00:00,-1.0,42,1.5,340,0,0,0
1991-02-13 05:00:00,-1.2,47,1.5,350,0,0,0
1991-02-13 06:00:00,-1.6,54,1.5,350,0,0,0
1991-02-13 07:00:00,-1.0,57,2.1,340,0,0,0
1991-02-13 08:00:00,1.1,61,1.5,350,9,0,9
1991-02-13 09:00:00,2.2,60,0.0,0,50,0,50
1991-02-13 10:00:00,5.6,56,0.0,0,101,0,101
1991-02-13 11:00:00,6.1,60,2.6,340,143,0,143
1991-02-13 12:00:00,9.4,50,5.1,270,171,0,171
1991-02-13 13:00:00,8.3,86,4.6,210,181,0,181
1991-02-13 14:00:00,7.8,93,5.1,210,173,0,173
1991-02-13 15:00:00,8.3,93,3.6,190,148,0,148
1991-02-13 16:00:00,8.9,89,4.6,170,107,0,107
1991-02-13 17:00:00,7.8,89,4.1,210,57,0,57
1991-02-13 18:00:00,6.7,100,0.0,0,13,0,13
1991-02-13 19:00:00,6.7,96,0.0,0,0,0,0
1991-02-13 20:00:00,6.7,96,3.1,190,0,0,0
1991-02-13 21:00:00,6.1,97,2.1,180,0,0,0
1991-02-13 22:00:00,6.1,97,2.1,190,0,0,0
1991-02-13 23:00:00,6.1,93,0.0,0,0,0,0
1991-02-14 00:00:00,6.1,93,2.1,250,0,0,0
1991-02-14 01:00:00,5.6,96,1.5,190,0,0,0
1991-02-14 02:00:00,5.6,96,3.6,200,0,0,0
1991-02-14 03:00:00,6.1,100,2.1,170,0,0,0
1991-02-14 04:00:00,6.1,100,2.1,170,0,0,0
1991-02-14 05:00:00,6.1,100,2.1,170,0,0,0
1991-02-14 06:00:00,6.1,100,1.5,170,0,0,0
1991-02-14 07:00:00,6.7,96,2.6,200,0,0,0
1991-02-14 08:00:00,5.6,96,6.2,230,7,0,7
1991-02-14 09:00:00,6.1,93,7.2,230,47,0,47
1991-02-14 10:00:00,0.6,96,9.3,240,76,0,76
1991-02-14 11:00:00,0.6,96,5.1,220,105,0,105
1991-02-14 12:00:00,0.6,96,8.2,230,148,0,148
1991-02-14 13:00:00,1.1,92,7.7,240,131,0,131
1991-02-14 14:00:00,1.1,89,6.2,240,150,0,150
1991-02-14 15:00:00,1.1,85,6.2,240,130,0,130
1991-02-14 16:00:00,1.1,85,5.1,220,96,0,96
1991-02-14 17:00:00,1.1,85,5.1,240,64,0,64
1991-02-14 18:00:00,0.6,92,3.6,240,11,0,11
1991-02-14 19:00:00,0.0,96,4.1,250,0,0,0
1991-02-14 20:00:00,-0.5,88,4.6,250,0,0,0
1991-02-14 21:00:00,-1.0,76,6.2,230,0,0,0
1991-02-14 22:00:00,-2.1,79,6.2,240,0,0,0
1991-02-14 23:00:00,-3.2,95,5.1,240,0,0,0
1991-02-15 00:00:00,-2.7,83,5.1,230,0,0,0
1991-02-15 01:00:00,-2.7,76,8.2,240,0,0,0
1991-02-15 02:00:00,-4.3,75,5.7,240,0,0,0
1991-02-15 03:00:00,-5.0,77,6.0,240,0,0,0
1991-02-15 04:00:00,-5.5,79,6.2,240,0,0,0
1991-02-15 05:00:00,-6.0,91,5.7,240,0,0,0
1991-02-15 06:00:00,-6.0,86,5.7,240,0,0,0
1991-02-15 07:00:00,-6.6,91,6.7,240,0,0,0
1991-02-15 08:00:00,-6.6,75,7.2,260,15,6,15
1991-02-15 09:00:00,-6.0,58,5.1,270,39,0,39
1991-02-15 10:00:00,-6.0,58,5.1,270,81,0,81
1991-02-15 11:00:00,-7.1,74,7.7,270,140,0,140
1991-02-15 12:00:00,-7.1,55,7.7,250,168,0,168
1991-02-15 13:00:00,-7.1,61,6.7,270,178,0,178
1991-02-15 14:00:00,-6.6,50,6.2,270,170,0,170
1991-02-15 15:00:00,-6.8,54,7.0,280,121,0,121
1991-02-15 16:00:00,-7.1,58,7.7,290,87,0,87
1991-02-15 17:00:00,-9.3,70,7.7,290,45,0,45
1991-02-15 18:00:00,-10.5,78,6.2,300,13,0,13
1991-02-15 19:00:00,-10.5,78,7.2,280,0,0,0
1991-02-15 20:00:00,-11.0,70,7.7,310,0,0,0
1991-02-15 21:00:00,-11.0,74,5.7,300,0,0,0
1991-02-15 22:00:00,-11.0,70,4.6,280,0,0,0
1991-02-15 23:00:00,-11.0,82,4.1,280,0,0,0
1991-02-16 00:00:00,-11.6,91,4.6,290,0,0,0
1991-02-16 01:00:00,-11.6,67,6.2,290,0,0,0
1991-02-16 02:00:00,-12.7,82,4.6,280,0,0,0
1991-02-16 03:00:00,-13.2,81,5.1,250,0,0,0
1991-02-16 04:00:00,-13.8,77,6.2,260,0,0,0
1991-02-16 05:00:00,-14.3,73,6.2,240,0,0,0
1991-02-16 06:00:00,-14.3,77,5.1,240,0,0,0
1991-02-16 07:00:00,-14.3,73,4.6,260,0,0,0
1991-02-16 08:00:00,-14.3,77,5.1,240,12,0,12
1991-02-16 09:00:00,-13.8,77,6.2,230,47,0,47
1991-02-16 10:00:00,-12.7,74,7.7,240,96,0,96
1991-02-16 11:00:00,-11.6,67,5.7,240,431,467,193
1991-02-16 12:00:00,-10.5,49,6.2,240,418,342,218
1991-02-16 13:00:00,-8.8,55,6.7,220,513,410,261
1991-02-16 14:00:00,-8.2,49,5.7,250,511,464,236
1991-02-16 15:00:00,-7.1,45,6.7,210,511,781,105
1991-02-16 16:00:00,-6.6,41,6.7,250,366,692,86
1991-02-16 17:00:00,-6.6,41,5.1,220,189,510,61
1991-02-16 18:00:00,-7.1,41,5.1,220,35,136,23
1991-02-16 19:00:00,-7.7,45,4.1,200,0,0,0
1991-02-16 20:00:00,-7.7,45,5.7,220,0,0,0
1991-02-16 21:00:00,-7.7,47,5.7,200,0,0,0
1991-02-16 22:00:00,-7.1,45,6.2,210,0,0,0
1991-02-16 23:00:00,-6.6,45,6.2,210,0,0,0
1991-02-17 00:00:00,-5.5,41,6.2,200,0,0,0
1991-02-17 01:00:00,-3.8,34,6.2,230,0,0,0
1991-02-17 02:00:00,-3.8,53,5.1,230,0,0,0
1991-02-17 03:00:00,-3.2,68,4.1,210,0,0,0
1991-02-17 04:00:00,-2.7,65,4.1,230,0,0,0
1991-02-17 05:00:00,-1.6,44,6.2,220,0,0,0
1991-02-17 06:00:00,-3.2,91,6.2,220,0,0,0
1991-02-17 07:00:00,-3.2,91,4.1,210,0,0,0
1991-02-17 08:00:00,-3.2,95,4.6,210,9,0,9
1991-02-17 09:00:00,-2.7,87,5.1,230,53,0,53
1991-02-17 10:00:00,-1.6,80,6.2,210,104,0,104
1991-02-17 11:00:00,0.0,66,4.6,230,147,0,147
1991-02-17 12:00:00,1.7,51,6.2,230,175,0,175
1991-02-17 13:00:00,2.2,47,5.1,220,185,0,185
1991-02-17 14:00:00,1.7,59,5.1,270,177,0,177
1991-02-17 15:00:00,1.1,74,4.1,230,152,0,152
1991-02-17 16:00:00,0.6,88,4.1,230,111,0,111
1991-02-17 17:00:00,0.0,96,3.6,200,42,0,42
1991-02-17 18:00:00,0.0,96,0.0,0,14,0,14
1991-02-17 19:00:00,0.0,96,0.0,0,0,0,0
1991-02-17 20:00:00,0.0,96,0.0,0,0,0,0
1991-02-17 21:00:00,0.0,96,0.0,0,0,0,0
1991-02-17 22:00:00,0.6,92,0.0,0,0,0,0
1991-02-17 23:00:00,1.1,89,0.0,0,0,0,0
1991-02-18 00:00:00,1.1,92,0.0,0,0,0,0
1991-02-18 01:00:00,1.1,92,0.0,0,0,0,0
1991-02-18 02:00:00,2.2,85,2.1,70,0,0,0
1991-02-18 03:00:00,2.2,85,0.0,0,0,0,0
1991-02-18 04:00:00,2.8,85,0.0,0,0,0,0
1991-02-18 05:00:00,3.3,82,0.0,0,0,0,0
1991-02-18 06:00:00,3.3,89,1.5,90,0,0,0
1991-02-18 07:00:00,3.9,86,0.0,0,0,0,0
1991-02-18 08:00:00,4.4,83,3.1,140,15,0,15
1991-02-18 09:00:00,5.0,82,2.1,180,49,0,49
1991-02-18 10:00:00,5.6,82,3.6,130,98,0,98
1991-02-18 11:00:00,6.1,79,4.6,140,142,0,142
1991-02-18 12:00:00,6.1,86,3.1,140,142,0,142
1991-02-18 13:00:00,6.1,97,3.1,160,151,0,151
1991-02-18 14:00:00,7.2,97,3.6,190,144,0,144
1991-02-18 15:00:00,8.3,90,4.1,170,122,0,122
1991-02-18 16:00:00,8.3,97,3.1,180,87,0,87
1991-02-18 17:00:00,8.9,93,3.1,180,55,0,55
1991-02-18 18:00:00,9.4,90,3.6,180,20,0,20
1991-02-18 19:00:00,8.9,89,2.6,150,0,0,0
1991-02-18 20:00:00,8.9,93,3.1,160,0,0,0
1991-02-18 21:00:00,11.1,83,4.1,180,0,0,0
1991-02-18 22:00:00,11.7,80,4.6,190,0,0,0
1991-02-18 23:00:00,12.2,77,5.1,190,0,0,0
1991-02-19 00:00:00,11.1,80,3.1,180,0,0,0
1991-02-19 01:00:00,12.2,74,3.6,140,0,0,0
1991-02-19 02:00:00,12.2,71,4.1,180,0,0,0
1991-02-19 03:00:00,12.4,70,4.6,190,0,0,0
1991-02-19 04:00:00,12.8,69,5.1,190,0,0,0
1991-02-19 05:00:00,13.3,67,4.1,210,0,0,0
1991-02-19 06:00:00,12.2,77,6.2,180,0,0,0
1991-02-19 07:00:00,10.6,96,3.6,190,0,0,0
1991-02-19 08:00:00,11.1,93,3.6,180,14,0,14
1991-02-19 09:00:00,12.8,80,6.2,180,56,0,56
1991-02-19 10:00:00,13.3,77,4.6,190,108,0,108
1991-02-19 11:00:00,13.3,80,3.1,190,151,0,151
1991-02-19 12:00:00,14.4,75,5.1,230,179,0,179
1991-02-19 13:00:00,14.4,75,4.1,270,189,0,189
1991-02-19 14:00:00,13.9,77,2.6,250,181,0,181
1991-02-19 15:00:00,13.3,80,2.6,230,155,0,155
1991-02-19 16:00:00,12.8,86,2.6,210,114,0,114
1991-02-19 17:00:00,12.8,89,4.1,190,63,0,63
1991-02-19 18:00:00,12.2,97,4.1,190,18,0,18
1991-02-19 19:00:00,12.8,93,4.1,200,0,0,0
1991-02-19 20:00:00,11.7,100,3.1,180,0,0,0
1991-02-19 21:00:00,12.2,97,4.6,190,0,0,0
1991-02-19 22:00:00,12.8,93,4.1,200,0,0,0
1991-02-19 23:00:00,12.8,93,5.1,210,0,0,0
1991-02-20 00:00:00,12.2,100,3.1,220,0,0,0
1991-02-20 01:00:00,11.7,100,2.6,230,0,0,0
1991-02-20 02:00:00,11.7,100,3.6,230,0,0,0
1991-02-20 03:00:00,10.8,100,2.9,280,0,0,0
1991-02-20 04:00:00,10.0,100,2.1,320,0,0,0
1991-02-20 05:00:00,10.0,100,1.5,310,0,0,0
1991-02-20 06:00:00,8.9,96,5.1,290,0,0,0
1991-02-20 07:00:00,7.8,96,5.1,290,0,0,0
1991-02-20 08:00:00,6.1,93,4.1,280,14,0,14
1991-02-20 09:00:00,5.0,86,4.6,290,43,0,43
1991-02-20 10:00:00,5.6,85,4.1,250,86,0,86
1991-02-20 11:00:00,5.0,89,2.6,250,122,0,122
1991-02-20 12:00:00,5.6,85,4.6,260,146,0,146
1991-02-20 13:00:00,5.0,76,5.1,240,154,0,154
1991-02-20 14:00:00,5.6,73,3.6,250,412,317,218
1991-02-20 15:00:00,5.6,59,6.2,250,505,523,223
1991-02-20 16:00:00,5.0,61,6.2,230,355,624,92
1991-02-20 17:00:00,4.4,61,6.2,250,193,453,72
1991-02-20 18:00:00,3.3,66,3.1,220,42,117,32
1991-02-20 19:00:00,2.2,72,4.1,220,0,0,0
1991-02-20 20:00:00,1.1,78,2.6,210,0,0,0
1991-02-20 21:00:00,0.6,80,2.6,210,0,0,0
1991-02-20 22:00:00,0.6,80,3.6,200,0,0,0
1991-02-20 23:00:00,1.1,81,3.6,210,0,0,0
1991-02-21 00:00:00,1.1,85,4.6,210,0,0,0
1991-02-21 01:00:00,1.7,85,4.6,210,0,0,0
1991-02-21 02:00:00,1.1,89,4.6,190,0,0,0
1991-02-21 03:00:00,1.2,87,5.0,200,0,0,0
1991-02-21 04:00:00,1.4,86,5.3,200,0,0,0
1991-02-21 05:00:00,1.7,85,5.7,210,0,0,0
1991-02-21 06:00:00,1.7,85,5.1,220,0,0,0
1991-02-21 07:00:00,2.2,82,4.6,210,0,0,0
1991-02-21 08:00:00,2.8,82,5.7,200,29,50,25
1991-02-21 09:00:00,4.4,70,5.7,200,174,381,78
1991-02-21 10:00:00,6.7,55,6.2,220,312,499,108
1991-02-21 11:00:00,8.9,43,5.7,230,483,660,133
1991-02-21 12:00:00,10.0,38,5.1,210,515,607,145
1991-02-21 13:00:00,11.1,35,5.7,240,595,698,150
1991-02-21 14:00:00,12.8,35,6.2,250,219,0,219
1991-02-21 15:00:00,13.3,34,6.7,210,186,0,186
1991-02-21 16:00:00,12.8,33,5.1,230,133,0,133
1991-02-21 17:00:00,12.2,33,5.1,210,188,161,144
1991-02-21 18:00:00,11.1,35,4.1,210,38,25,36
1991-02-21 19:00:00,10.0,38,5.1,200,0,0,0
1991-02-21 20:00:00,9.4,40,4.6,200,0,0,0
1991-02-21 21:00:00,9.4,38,5.1,200,0,0,0
1991-02-21 22:00:00,9.4,36,5.1,210,0,0,0
1991-02-21 23:00:00,8.9,37,5.1,220,0,0,0
1991-02-22 00:00:00,8.3,39,3.6,200,0,0,0
1991-02-22 01:00:00,8.3,39,3.6,200,0,0,0
1991-02-22 02:00:00,7.8,40,5.1,200,0,0,0
1991-02-22 03:00:00,7.4,40,5.1,200,0,0,0
1991-02-22 04:00:00,7.2,40,5.1,200,0,0,0
1991-02-22 05:00:00,7.1,39,4.9,200,0,0,0
1991-02-22 06:00:00,6.8,39,4.8,190,0,0,0
1991-02-22 07:00:00,6.7,39,4.6,190,0,0,0
1991-02-22 08:00:00,7.2,38,5.1,190,34,92,26
1991-02-22 09:00:00,8.9,37,6.7,230,192,499,65
1991-02-22 10:00:00,10.0,40,5.1,230,374,682,92
1991-02-22 11:00:00,11.7,39,5.7,230,527,773,112
1991-02-22 12:00:00,12.8,32,5.1,250,597,729,149
1991-02-22 13:00:00,13.9,28,6.7,300,688,811,167
1991-02-22 14:00:00,13.3,35,7.7,310,557,655,151
1991-02-22 15:00:00,11.1,41,7.7,310,514,632,168
1991-02-22 16:00:00,10.6,40,7.7,290,381,563,139
1991-02-22 17:00:00,7.8,44,7.7,320,60,0,60
1991-02-22 18:00:00,5.6,59,6.2,350,33,12,32
1991-02-22 19:00:00,3.9,55,5.1,350,0,0,0
1991-02-22 20:00:00,2.2,57,5.1,340,0,0,0
1991-02-22 21:00:00,1.7,56,3.6,350,0,0,0
1991-02-22 22:00:00,1.1,56,2.1,330,0,0,0
1991-02-22 23:00:00,0.6,53,3.6,350,0,0,0
1991-02-23 00:00:00,0.0,92,3.6,340,0,0,0
1991-02-23 01:00:00,0.0,57,4.1,330,0,0,0
1991-02-23 02:00:00,-1.0,66,5.1,340,0,0,0
1991-02-23 03:00:00,-1.6,67,5.4,330,0,0,0
1991-02-23 04:00:00,-2.1,68,5.7,320,0,0,0
1991-02-23 05:00:00,-3.2,62,3.1,30,0,0,0
1991-02-23 06:00:00,-4.3,56,3.6,20,0,0,0
1991-02-23 07:00:00,-5.5,65,5.7,20,0,0,0
1991-02-23 08:00:00,-6.0,64,2.6,60,31,31,28
1991-02-23 09:00:00,-4.9,61,3.6,30,179,258,111
1991-02-23 10:00:00,-3.8,51,4.1,30,346,510,132
1991-02-23 11:00:00,-2.1,46,4.1,330,521,715,134
1991-02-23 12:00:00,-1.0,40,3.1,350,621,763,149
1991-02-23 13:00:00,0.6,35,3.6,60,546,585,166
1991-02-23 14:00:00,1.7,33,4.6,10,404,158,305
1991-02-23 15:00:00,3.3,31,4.1,50,327,79,283
1991-02-23 16:00:00,3.3,32,3.6,360,162,129,106
1991-02-23 17:00:00,2.8,32,4.1,20,187,322,97
1991-02-23 18:00:00,1.7,34,2.6,30,37,36,34
1991-02-23 19:00:00,0.0,39,2.1,40,0,0,0
1991-02-23 20:00:00,0.0,39,2.1,80,0,0,0
1991-02-23 21:00:00,0.6,32,0.0,0,0,0,0
1991-02-23 22:00:00,0.6,34,2.1,240,0,0,0
1991-02-23 23:00:00,0.6,35,2.6,160,0,0,0
1991-02-24 00:00:00,0.6,37,4.6,150,0,0,0
1991-02-24 01:00:00,0.6,39,2.6,130,0,0,0
1991-02-24 02:00:00,0.0,43,3.6,140,0,0,0
1991-02-24 03:00:00,0.6,43,3.1,160,0,0,0
1991-02-24 04:00:00,1.1,44,2.6,170,0,0,0
1991-02-24 05:00:00,1.7,46,2.6,170,0,0,0
1991-02-24 06:00:00,0.0,50,2.1,220,0,0,0
1991-02-24 07:00:00,0.0,52,1.5,230,0,0,0
1991-02-24 08:00:00,2.2,60,0.0,0,35,34,32
1991-02-24 09:00:00,5.0,56,2.6,230,69,0,69
1991-02-24 10:00:00,5.0,59,3.6,230,105,0,105
1991-02-24 11:00:00,6.7,57,5.1,220,472,456,223
1991-02-24 12:00:00,9.4,52,5.1,230,222,0,222
1991-02-24 13:00:00,11.1,41,5.1,230,235,0,235
1991-02-24 14:00:00,12.2,36,5.1,220,224,0,224
1991-02-24 15:00:00,12.8,38,5.1,240,191,0,191
1991-02-24 16:00:00,12.8,41,5.7,240,138,0,138
1991-02-24 17:00:00,12.2,45,5.7,220,75,0,75
1991-02-24 18:00:00,11.1,52,4.1,220,43,36,39
1991-02-24 19:00:00,9.4,59,2.6,230,0,0,0
1991-02-24 20:00:00,10.0,58,2.1,220,0,0,0
1991-02-24 21:00:00,9.4,61,0.0,0,0,0,0
1991-02-24 22:00:00,8.9,43,4.1,320,0,0,0
1991-02-24 23:00:00,7.8,42,3.6,320,0,0,0
1991-02-25 00:00:00,6.1,47,5.7,360,0,0,0
1991-02-25 01:00:00,4.4,56,2.1,10,0,0,0
1991-02-25 02:00:00,3.3,63,2.6,350,0,0,0
1991-02-25 03:00:00,2.8,65,3.6,20,0,0,0
1991-02-25 04:00:00,2.8,63,2.1,350,0,0,0
1991-02-25 05:00:00,1.7,68,2.1,360,0,0,0
1991-02-25 06:00:00,1.1,71,2.1,20,0,0,0
1991-02-25 07:00:00,0.0,77,2.6,40,0,0,0
1991-02-25 08:00:00,0.6,73,0.0,0,20,0,20
1991-02-25 09:00:00,1.1,74,3.6,360,60,0,60
1991-02-25 10:00:00,1.7,71,3.6,350,112,0,112
1991-02-25 11:00:00,2.2,68,3.6,10,156,0,156
1991-02-25 12:00:00,2.8,65,2.6,320,184,0,184
1991-02-25 13:00:00,3.3,60,2.6,330,194,0,194
1991-02-25 14:00:00,3.3,55,1.5,320,185,0,185
1991-02-25 15:00:00,2.2,75,3.1,360,159,0,159
1991-02-25 16:00:00,2.8,69,0.0,0,117,0,117
1991-02-25 17:00:00,1.1,89,2.6,310,65,0,65
1991-02-25 18:00:00,0.6,96,3.1,340,24,0,24
1991-02-25 19:00:00,0.0,96,2.6,340,0,0,0
1991-02-25 20:00:00,0.0,96,1.5,360,0,0,0
1991-02-25 21:00:00,-0.5,96,3.1,320,0,0,0
1991-02-25 22:00:00,-0.5,96,3.1,340,0,0,0
1991-02-25 23:00:00,-1.0,91,4.6,350,0,0,0
1991-02-26 00:00:00,-1.6,91,3.6,350,0,0,0
1991-02-26 01:00:00,-2.1,91,4.1,340,0,0,0
1991-02-26 02:00:00,-3.2,91,3.6,320,0,0,0
1991-02-26 03:00:00,-3.8,91,4.6,330,0,0,0
1991-02-26 04:00:00,-4.3,95,2.6,340,0,0,0
1991-02-26 05:00:00,-4.3,90,2.1,310,0,0,0
1991-02-26 06:00:00,-4.9,91,2.6,320,0,0,0
1991-02-26 07:00:00,-4.9,91,1.5,240,0,0,0
1991-02-26 08:00:00,-4.9,91,2.6,230,23,0,23
1991-02-26 09:00:00,-3.8,83,1.5,270,48,0,48
1991-02-26 10:00:00,-3.2,79,2.6,280,91,0,91
1991-02-26 11:00:00,-2.7,72,2.6,310,152,0,152
1991-02-26 12:00:00,-2.1,48,3.1,240,585,453,297
1991-02-26 13:00:00,-1.0,54,4.1,270,191,0,191
1991-02-26 14:00:00,-2.1,68,4.6,280,182,0,182
1991-02-26 15:00:00,-2.1,65,4.1,220,487,384,269
1991-02-26 16:00:00,-2.1,72,4.1,290,354,446,154
1991-02-26 17:00:00,-2.1,56,5.7,260,62,0,62
1991-02-26 18:00:00,-2.7,62,2.6,250,28,0,28
1991-02-26 19:00:00,-2.7,62,2.6,270,0,0,0
1991-02-26 20:00:00,-3.2,68,2.6,300,0,0,0
1991-02-26 21:00:00,-3.2,72,2.6,280,0,0,0
1991-02-26 22:00:00,-3.2,72,3.1,230,0,0,0
1991-02-26 23:00:00,-3.2,65,2.6,240,0,0,0
1991-02-27 00:00:00,-3.2,59,4.1,290,0,0,0
1991-02-27 01:00:00,-3.8,62,3.6,270,0,0,0
1991-02-27 02:00:00,-4.3,61,4.1,260,0,0,0
1991-02-27 03:00:00,-4.7,66,3.9,260,0,0,0
1991-02-27 04:00:00,-4.9,71,3.6,260,0,0,0
1991-02-27 05:00:00,-5.5,87,2.6,240,0,0,0
1991-02-27 06:00:00,-5.5,91,4.1,210,0,0,0
1991-02-27 07:00:00,-5.5,91,3.6,200,0,0,0
1991-02-27 08:00:00,-5.5,91,2.1,230,21,0,21
1991-02-27 09:00:00,-4.7,89,4.6,240,46,0,46
1991-02-27 10:00:00,-3.8,87,4.1,240,119,0,119
1991-02-27 11:00:00,-2.1,62,5.1,270,398,257,254
1991-02-27 12:00:00,-1.6,54,5.1,240,190,0,190
1991-02-27 13:00:00,-1.6,65,4.1,240,386,357,148
1991-02-27 14:00:00,-1.0,76,5.1,240,330,222,187
1991-02-27 15:00:00,-1.0,79,5.1,240,166,0,166
1991-02-27 16:00:00,-0.5,76,5.1,230,124,0,124
1991-02-27 17:00:00,-0.5,76,5.1,230,71,0,71
1991-02-27 18:00:00,-1.0,87,4.1,210,23,0,23
1991-02-27 19:00:00,-1.0,87,4.1,230,0,0,0
1991-02-27 20:00:00,-1.0,83,3.6,210,0,0,0
1991-02-27 21:00:00,-0.5,80,4.1,210,0,0,0
1991-02-27 22:00:00,-1.0,79,4.1,210,0,0,0
1991-02-27 23:00:00,0.0,73,3.6,210,0,0,0
1991-02-28 00:00:00,0.0,73,2.6,240,0,0,0
1991-02-28 01:00:00,0.0,73,4.1,210,0,0,0
1991-02-28 02:00:00,-0.5,76,2.6,180,0,0,0
1991-02-28 03:00:00,-0.5,83,2.6,180,0,0,0
1991-02-28 04:00:00,-0.5,83,2.4,180,0,0,0
1991-02-28 05:00:00,-0.5,83,2.1,180,0,0,0
1991-02-28 06:00:00,-1.0,79,1.5,150,0,0,0
1991-02-28 07:00:00,-1.0,79,3.1,160,0,0,0
1991-02-28 08:00:00,0.6,67,2.6,170,60,302,29
1991-02-28 09:00:00,3.3,57,4.1,190,203,446,76
1991-02-28 10:00:00,6.1,47,5.1,200,299,201,209
1991-02-28 11:00:00,7.8,46,6.2,210,360,136,283
1991-02-28 12:00:00,9.4,40,7.2,240,250,0,250
1991-02-28 13:00:00,11.1,37,6.7,170,262,0,262
1991-02-28 14:00:00,12.2,36,7.7,220,252,0,252
1991-02-28 15:00:00,12.8,33,7.7,240,220,0,220
1991-02-28 16:00:00,13.3,31,7.7,220,402,718,75
1991-02-28 17:00:00,13.3,29,5.1,230,230,511,76
1991-02-28 18:00:00,11.7,31,5.1,220,78,449,25
1991-02-28 19:00:00,10.0,36,4.1,210,0,24,0
1991-02-28 20:00:00,10.0,35,3.6,200,0,0,0
1991-02-28 21:00:00,10.0,36,4.1,210,0,0,0
1991-02-28 22:00:00,8.7,36,3.7,210,0,0,0
1991-02-28 23:00:00,7.3,38,3.4,200,0,0,0
1991-03-01 00:00:00,6.0,38,3.0,200,0,0,0
2003-03-01 01:00:00,4.6,96,2.6,0,0,0,0
2003-03-01 02:00:00,3.3,96,2.2,110,0,0,0
2003-03-01 03:00:00,1.9,100,1.9,0,0,0,0
2003-03-01 04:00:00,0.6,100,1.5,150,0,0,0
2003-03-01 05:00:00,1.1,100,0.0,0,0,0,0
2003-03-01 06:00:00,1.1,100,0.0,0,0,0,0
2003-03-01 07:00:00,1.1,100,0.0,0,0,0,0
2003-03-01 08:00:00,1.1,100,0.0,0,78,97,68
2003-03-01 09:00:00,3.0,93,2.1,210,152,78,130
2003-03-01 10:00:00,3.3,89,0.0,0,94,0,94
2003-03-01 11:00:00,3.3,89,0.0,0,96,0,96
2003-03-01 12:00:00,4.4,83,0.0,0,198,6,194
2003-03-01 13:00:00,5.0,79,1.5,360,139,0,139
2003-03-01 14:00:00,6.1,76,0.0,0,153,0,153
2003-03-01 15:00:00,6.1,76,0.0,0,228,12,222
2003-03-01 16:00:00,6.1,73,0.0,0,170,6,167
2003-03-01 17:00:00,6.1,73,0.0,0,115,17,110
2003-03-01 18:00:00,6.1,73,0.0,0,68,123,53
2003-03-01 19:00:00,5.6,79,0.0,0,0,0,0
2003-03-01 20:00:00,4.4,83,0.0,0,0,0,0
2003-03-01 21:00:00,2.8,89,0.0,0,0,0,0
2003-03-01 22:00:00,2.8,92,0.0,0,0,0,0
2003-03-01 23:00:00,1.7,92,0.0,0,0,0,0
2003-03-02 00:00:00,1.1,96,0.0,0,0,0,0
2003-03-02 01:00:00,1.1,96,0.0,0,0,0,0
2003-03-02 02:00:00,0.0,100,0.0,0,0,0,0
2003-03-02 03:00:00,0.6,100,0.0,0,0,0,0
2003-03-02 04:00:00,0.6,96,0.0,0,0,0,0
2003-03-02 05:00:00,0.0,100,0.0,0,0,0,0
2003-03-02 06:00:00,0.6,100,0.0,0,0,0,0
2003-03-02 07:00:00,1.1,100,0.0,0,0,0,0
2003-03-02 08:00:00,1.1,100,2.1,300,89,104,78
2003-03-02 09:00:00,1.1,100,0.0,0,91,0,91
2003-03-02 10:00:00,1.7,100,1.5,230,94,0,94
2003-03-02 11:00:00,2.8,100,1.5,280,96,0,96
2003-03-02 12:00:00,2.8,100,2.1,220,111,0,111
2003-03-02 13:00:00,2.8,92,2.1,230,114,0,114
2003-03-02 14:00:00,2.2,96,2.1,240,112,0,112
2003-03-02 15:00:00,2.0,93,2.1,250,97,0,97
2003-03-02 16:00:00,2.2,89,1.5,260,82,0,82
2003-03-02 17:00:00,1.1,92,3.1,270,85,0,85
2003-03-02 18:00:00,1.0,93,2.6,230,58,109,44
2003-03-02 19:00:00,0.6,96,3.6,240,0,0,0
2003-03-02 20:00:00,0.0,92,2.6,290,0,0,0
2003-03-02 21:00:00,0.0,87,2.1,290,0,0,0
2003-03-02 22:00:00,0.0,83,3.6,290,0,0,0
2003-03-02 23:00:00,-3.9,83,3.6,320,0,0,0
2003-03-03 00:00:00,-5.6,79,5.2,340,0,0,0
2003-03-03 01:00:00,-7.2,74,4.1,340,0,0,0
2003-03-03 02:00:00,-8.3,78,4.1,10,0,0,0
2003-03-03 03:00:00,-9.4,67,4.1,350,0,0,0
2003-03-03 04:00:00,-11.1,66,4.1,340,0,0,0
2003-03-03 05:00:00,-12.2,66,3.6,30,0,0,0
2003-03-03 06:00:00,-13.3,59,2.6,350,0,0,0
2003-03-03 07:00:00,-13.9,66,2.6,350,0,0,0
2003-03-03 08:00:00,-13.9,77,2.1,350,85,161,66
2003-03-03 09:00:00,-12.8,70,1.5,360,219,296,129
2003-03-03 10:00:00,-11.7,60,0.0,0,449,617,165
2003-03-03 11:00:00,-10.0,52,0.0,0,586,778,132
2003-03-03 12:00:00,-8.9,42,2.1,360,685,712,214
2003-03-03 13:00:00,-7.8,40,1.5,20,548,294,345
2003-03-03 14:00:00,-6.7,39,1.5,40,688,717,211
2003-03-03 15:00:00,-5.6,35,1.5,30,594,796,125
2003-03-03 16:00:00,-5.6,37,3.1,10,449,617,159
2003-03-03 17:00:00,-3.9,35,0.0,0,226,308,130
2003-03-03 18:00:00,-3.9,40,0.0,0,81,249,48
2003-03-03 19:00:00,-4.4,41,0.0,0,0,0,0
2003-03-03 20:00:00,-5.6,51,1.5,120,0,0,0
2003-03-03 21:00:00,-6.1,53,0.0,0,0,0,0
2003-03-03 22:00:00,-6.1,50,2.1,140,0,0,0
2003-03-03 23:00:00,-5.6,51,0.0,0,0,0,0
2003-03-04 00:00:00,-5.0,53,0.0,0,0,0,0
2003-03-04 01:00:00,-6.1,67,0.0,0,0,0,0
2003-03-04 02:00:00,-5.6,68,2.1,180,0,0,0
2003-03-04 03:00:00,-3.9,59,0.0,0,0,0,0
2003-03-04 04:00:00,-3.9,62,0.0,0,0,0,0
2003-03-04 05:00:00,-3.9,68,0.0,0,0,0,0
2003-03-04 06:00:00,-3.9,75,2.1,200,0,0,0
2003-03-04 07:00:00,-3.3,65,0.0,0,0,0,0
2003-03-04 08:00:00,0.0,52,0.0,0,95,199,70
2003-03-04 09:00:00,2.2,48,2.1,200,278,566,104
2003-03-04 10:00:00,5.0,40,2.6,200,448,709,118
2003-03-04 11:00:00,6.1,33,2.6,200,592,778,134
2003-03-04 12:00:00,7.2,34,3.1,190,691,827,140
2003-03-04 13:00:00,7.8,33,2.6,190,729,853,137
2003-03-04 14:00:00,8.9,32,4.1,190,694,765,182
2003-03-04 15:00:00,10.0,28,3.1,220,532,529,217
2003-03-04 16:00:00,10.6,26,3.1,270,362,323,209
2003-03-04 17:00:00,10.6,26,2.1,310,171,108,137
2003-03-04 18:00:00,8.3,35,0.0,0,70,161,49
2003-03-04 19:00:00,6.7,45,2.6,150,0,0,0
2003-03-04 20:00:00,6.7,43,3.6,170,0,0,0
2003-03-04 21:00:00,7.8,38,1.5,170,0,0,0
2003-03-04 22:00:00,7.2,46,2.6,90,0,0,0
2003-03-04 23:00:00,7.8,44,0.0,0,0,0,0
2003-03-05 00:00:00,7.8,46,0.0,0,0,0,0
2003-03-05 01:00:00,8.3,51,2.6,210,0,0,0
2003-03-05 02:00:00,8.3,58,2.1,190,0,0,0
2003-03-05 03:00:00,8.9,56,2.1,180,0,0,0
2003-03-05 04:00:00,8.9,58,2.1,200,0,0,0
2003-03-05 05:00:00,8.9,63,1.5,190,0,0,0
2003-03-05 06:00:00,8.9,68,0.0,0,0,0,0
2003-03-05 07:00:00,9.4,66,2.6,210,0,0,0
2003-03-05 08:00:00,9.0,81,3.6,200,39,0,39
2003-03-05 09:00:00,10.0,80,4.1,230,112,0,112
2003-03-05 10:00:00,10.0,83,3.1,220,227,37,210
2003-03-05 11:00:00,11.1,80,4.6,230,184,6,181
2003-03-05 12:00:00,9.4,93,2.1,240,216,6,212
2003-03-05 13:00:00,10.0,93,2.6,240,114,0,114
2003-03-05 14:00:00,10.6,83,3.1,250,617,520,267
2003-03-05 15:00:00,10.0,83,3.6,260,97,0,97
2003-03-05 16:00:00,10.0,83,2.1,280,154,0,154
2003-03-05 17:00:00,9.4,86,3.1,310,71,0,71
2003-03-05 18:00:00,7.2,93,2.1,330,34,0,34
2003-03-05 19:00:00,3.9,96,4.6,350,0,0,0
2003-03-05 20:00:00,1.7,100,4.6,10,0,0,0
2003-03-05 21:00:00,1.1,96,2.1,360,0,0,0
2003-03-05 22:00:00,0.6,100,0.0,0,0,0,0
2003-03-05 23:00:00,0.6,100,1.5,10,0,0,0
2003-03-06 00:00:00,0.0,100,2.1,20,0,0,0
2003-03-06 01:00:00,0.0,100,2.1,350,0,0,0
2003-03-06 02:00:00,-0.6,100,3.1,10,0,0,0
2003-03-06 03:00:00,-0.6,100,3.6,30,0,0,0
2003-03-06 04:00:00,-0.6,100,4.1,360,0,0,0
2003-03-06 05:00:00,-0.6,100,2.6,350,0,0,0
2003-03-06 06:00:00,-0.6,100,3.1,10,0,0,0
2003-03-06 07:00:00,-0.6,100,2.1,30,0,0,0
2003-03-06 08:00:00,-0.6,100,0.0,0,50,0,50
2003-03-06 09:00:00,0.0,92,2.1,320,45,0,45
2003-03-06 10:00:00,0.0,95,1.5,320,73,0,73
2003-03-06 11:00:00,-1.0,92,2.1,310,95,0,95
2003-03-06 12:00:00,-2.2,87,1.5,310,111,0,111
2003-03-06 13:00:00,-2.8,91,1.5,310,114,0,114
2003-03-06 14:00:00,-3.0,84,2.1,300,112,0,112
2003-03-06 15:00:00,-3.3,87,1.5,300,137,0,137
2003-03-06 16:00:00,-2.8,87,2.1,290,176,6,173
2003-03-06 17:00:00,-2.8,91,0.0,0,121,17,116
2003-03-06 18:00:00,-2.8,87,0.0,0,91,218,60
2003-03-06 19:00:00,-2.8,91,2.1,340,0,0,0
2003-03-06 20:00:00,-2.8,91,0.0,0,0,0,0
2003-03-06 21:00:00,-2.8,91,0.0,0,0,0,0
2003-03-06 22:00:00,-3.3,82,2.1,10,0,0,0
2003-03-06 23:00:00,-3.3,87,0.0,0,0,0,0
2003-03-07 00:00:00,-3.3,82,0.0,0,0,0,0
2003-03-07 01:00:00,-3.3,87,0.0,0,0,0,0
2003-03-07 02:00:00,-3.3,82,0.0,0,0,0,0
2003-03-07 03:00:00,-3.3,82,0.0,0,0,0,0
2003-03-07 04:00:00,-3.3,79,2.1,120,0,0,0
2003-03-07 05:00:00,-3.9,83,0.0,0,0,0,0
2003-03-07 06:00:00,-4.4,82,0.0,0,0,0,0
2003-03-07 07:00:00,-4.4,86,0.0,0,0,0,0
2003-03-07 08:00:00,-3.3,79,0.0,0,109,253,74
2003-03-07 09:00:00,-1.7,72,3.1,120,296,588,106
2003-03-07 10:00:00,0.0,69,0.0,0,466,726,116
2003-03-07 11:00:00,1.7,64,2.1,150,610,789,133
2003-03-07 12:00:00,3.9,60,3.1,180,709,832,142
2003-03-07 13:00:00,5.0,53,2.6,170,746,859,138
2003-03-07 14:00:00,6.7,47,1.5,180,712,843,136
2003-03-07 15:00:00,7.8,44,2.1,200,612,796,128
2003-03-07 16:00:00,8.9,45,3.1,210,467,729,112
2003-03-07 17:00:00,8.9,49,3.1,230,289,601,91
2003-03-07 18:00:00,7.8,55,3.6,240,92,341,43
2003-03-07 19:00:00,6.1,59,1.5,190,0,0,0
2003-03-07 20:00:00,4.4,70,0.0,0,0,0,0
2003-03-07 21:00:00,2.8,78,1.5,200,0,0,0
2003-03-07 22:00:00,0.6,87,1.5,190,0,0,0
2003-03-07 23:00:00,1.1,88,0.0,0,0,0,0
2003-03-08 00:00:00,-0.6,96,1.5,200,0,0,0
2003-03-08 01:00:00,0.6,87,0.0,0,0,0,0
2003-03-08 02:00:00,-1.1,91,2.1,330,0,0,0
2003-03-08 03:00:00,-1.7,96,1.5,150,0,0,0
2003-03-08 04:00:00,-2.2,95,0.0,0,0,0,0
2003-03-08 05:00:00,-1.1,91,0.0,0,0,0,0
2003-03-08 06:00:00,-2.2,95,0.0,0,0,0,0
2003-03-08 07:00:00,-2.8,96,1.5,210,0,0,0
2003-03-08 08:00:00,-1.1,91,0.0,0,117,281,77
2003-03-08 09:00:00,2.2,78,0.0,0,295,574,107
2003-03-08 10:00:00,5.6,64,1.5,280,472,720,122
2003-03-08 11:00:00,9.4,49,3.1,190,616,729,172
2003-03-08 12:00:00,12.2,28,4.1,230,653,603,239
2003-03-08 13:00:00,14.4,31,2.1,210,752,786,191
2003-03-08 14:00:00,15.6,26,5.7,190,688,705,203
2003-03-08 15:00:00,16.7,24,3.6,230,555,576,202
2003-03-08 16:00:00,17.8,23,3.1,220,407,465,179
2003-03-08 17:00:00,17.8,23,2.6,210,229,281,135
2003-03-08 18:00:00,16.7,24,1.5,220,74,159,50
2003-03-08 19:00:00,12.8,36,1.5,190,0,0,0
2003-03-08 20:00:00,15.0,28,3.6,190,0,0,0
2003-03-08 21:00:00,16.1,24,5.7,210,0,0,0
2003-03-08 22:00:00,16.1,22,5.7,210,0,0,0
2003-03-08 23:00:00,16.1,24,5.7,270,0,0,0
2003-03-09 00:00:00,15.6,30,5.7,230,0,0,0
2003-03-09 01:00:00,16.1,30,5.7,240,0,0,0
2003-03-09 02:00:00,11.1,69,4.1,300,0,0,0
2003-03-09 03:00:00,9.4,83,4.1,270,0,0,0
2003-03-09 04:00:00,8.3,80,2.6,290,0,0,0
2003-03-09 05:00:00,6.7,82,2.1,300,0,0,0
2003-03-09 06:00:00,5.0,86,3.6,320,0,0,0
2003-03-09 07:00:00,0.0,91,4.6,330,0,0,0
2003-03-09 08:00:00,-1.0,85,3.1,310,68,15,66
2003-03-09 09:00:00,-1.1,79,2.6,310,118,0,118
2003-03-09 10:00:00,-1.1,76,4.1,310,93,0,93
2003-03-09 11:00:00,-0.6,66,3.1,300,171,0,171
2003-03-09 12:00:00,-0.6,66,3.6,290,197,6,193
2003-03-09 13:00:00,-0.6,66,4.6,290,187,0,187
2003-03-09 14:00:00,0.6,57,2.6,300,259,18,246
2003-03-09 15:00:00,2.2,51,4.1,280,624,654,221
2003-03-09 16:00:00,1.1,50,2.6,290,473,671,141
2003-03-09 17:00:00,0.6,47,2.6,310,260,373,134
2003-03-09 18:00:00,-0.6,47,2.6,350,98,273,56
2003-03-09 19:00:00,-1.1,49,2.1,360,0,0,0
2003-03-09 20:00:00,-1.7,59,1.5,220,0,0,0
2003-03-09 21:00:00,-1.7,52,2.6,250,0,0,0
2003-03-09 22:00:00,-2.2,56,3.1,270,0,0,0
2003-03-09 23:00:00,-2.8,57,3.6,270,0,0,0
2003-03-10 00:00:00,-3.9,53,5.7,290,0,0,0
2003-03-10 01:00:00,-4.4,56,1.5,290,0,0,0
2003-03-10 02:00:00,-5.6,59,3.1,290,0,0,0
2003-03-10 03:00:00,-6.1,58,6.2,300,0,0,0
2003-03-10 04:00:00,-6.7,58,3.1,290,0,0,0
2003-03-10 05:00:00,-6.7,56,3.6,280,0,0,0
2003-03-10 06:00:00,-7.2,53,3.6,280,0,0,0
2003-03-10 07:00:00,-7.2,53,2.6,310,0,0,0
2003-03-10 08:00:00,-7.2,50,5.7,280,122,266,81
2003-03-10 09:00:00,-7.2,45,3.6,280,278,452,125
2003-03-10 10:00:00,-6.1,43,5.2,280,444,559,166
2003-03-10 11:00:00,-4.4,39,3.6,270,628,680,206
2003-03-10 12:00:00,-3.9,40,3.6,310,659,591,247
2003-03-10 13:00:00,-2.8,34,2.6,300,758,780,194
2003-03-10 14:00:00,-1.7,33,4.6,290,729,855,134
2003-03-10 15:00:00,-0.6,31,3.1,290,630,808,128
2003-03-10 16:00:00,-1.1,30,2.1,280,484,735,118
2003-03-10 17:00:00,-0.6,28,3.6,280,301,614,92
2003-03-10 18:00:00,-1.7,29,2.6,310,103,377,44
2003-03-10 19:00:00,-2.2,32,1.5,330,0,0,0
2003-03-10 20:00:00,-2.8,36,0.0,0,0,0,0
2003-03-10 21:00:00,-3.3,42,0.0,0,0,0,0
2003-03-10 22:00:00,-4.4,41,0.0,0,0,0,0
2003-03-10 23:00:00,-5.0,48,0.0,0,0,0,0
2003-03-11 00:00:00,-6.1,61,0.0,0,0,0,0
2003-03-11 01:00:00,-6.7,64,0.0,0,0,0,0
2003-03-11 02:00:00,-7.2,67,0.0,0,0,0,0
2003-03-11 03:00:00,-7.2,71,0.0,0,0,0,0
2003-03-11 04:00:00,-7.2,74,0.0,0,0,0,0
2003-03-11 05:00:00,-7.2,74,0.0,0,0,0,0
2003-03-11 06:00:00,-7.2,71,0.0,0,0,0,0
2003-03-11 07:00:00,-6.7,83,0.0,0,0,0,0
2003-03-11 08:00:00,-5.6,79,0.0,0,97,120,78
2003-03-11 09:00:00,-3.9,79,1.5,170,204,127,160
2003-03-11 10:00:00,-2.2,83,2.1,190,205,12,199
2003-03-11 11:00:00,0.6,73,2.1,250,253,12,246
2003-03-11 12:00:00,2.2,68,4.1,210,265,18,252
2003-03-11 13:00:00,5.0,55,3.1,220,716,594,284
2003-03-11 14:00:00,5.5,54,3.8,240,641,556,251
2003-03-11 15:00:00,6.4,48,4.4,250,630,731,173
2003-03-11 16:00:00,6.4,43,5.1,260,490,759,109
2003-03-11 17:00:00,7.2,39,4.6,250,306,626,91
2003-03-11 18:00:00,6.4,39,4.1,230,112,394,49
2003-03-11 19:00:00,5.9,40,3.1,220,0,0,0
2003-03-11 20:00:00,5.3,42,2.9,220,0,0,0
2003-03-11 21:00:00,4.7,43,2.6,210,0,0,0
2003-03-11 22:00:00,3.9,42,2.4,210,0,0,0
2003-03-11 23:00:00,3.3,43,2.1,200,0,0,0
2003-03-12 00:00:00,4.4,38,2.1,210,0,0,0
2003-03-12 01:00:00,4.4,38,2.6,230,0,0,0
2003-03-12 02:00:00,3.3,43,2.1,200,0,0,0
2003-03-12 03:00:00,4.4,38,2.6,210,0,0,0
2003-03-12 04:00:00,4.4,40,2.1,220,0,0,0
2003-03-12 05:00:00,3.9,43,2.1,200,0,0,0
2003-03-12 06:00:00,5.6,40,2.1,210,0,0,0
2003-03-12 07:00:00,5.6,42,2.1,210,0,0,0
2003-03-12 08:00:00,7.2,38,2.1,210,32,0,32
2003-03-12 09:00:00,8.3,39,2.6,200,65,0,65
2003-03-12 10:00:00,10.0,36,4.6,220,179,6,176
2003-03-12 11:00:00,10.0,38,4.1,220,304,36,281
2003-03-12 12:00:00,8.9,49,5.2,220,271,12,262
2003-03-12 13:00:00,9.4,61,2.6,210,132,0,132
2003-03-12 14:00:00,9.4,66,3.6,200,171,0,171
2003-03-12 15:00:00,10.0,61,5.7,230,160,0,160
2003-03-12 16:00:00,10.6,58,4.6,210,265,71,229
2003-03-12 17:00:00,11.7,56,3.6,230,297,419,151
2003-03-12 18:00:00,11.1,63,5.2,230,101,318,49
2003-03-12 19:00:00,10.6,68,4.6,220,0,0,0
2003-03-12 20:00:00,10.0,77,4.6,210,0,0,0
2003-03-12 21:00:00,9.4,80,3.1,210,0,0,0
2003-03-12 22:00:00,8.9,86,2.1,220,0,0,0
2003-03-12 23:00:00,8.3,90,2.1,210,0,0,0
2003-03-13 00:00:00,8.3,93,0.0,0,0,0,0
2003-03-13 01:00:00,7.2,97,0.0,0,0,0,0
2003-03-13 02:00:00,5.6,100,1.5,10,0,0,0
2003-03-13 03:00:00,6.1,97,0.0,0,0,0,0
2003-03-13 04:00:00,6.1,100,0.0,0,0,0,0
2003-03-13 05:00:00,6.1,100,2.1,200,0,0,0
2003-03-13 06:00:00,6.7,96,1.5,170,0,0,0
2003-03-13 07:00:00,7.8,96,0.0,0,0,0,0
2003-03-13 08:00:00,7.8,93,0.0,0,134,302,83
2003-03-13 09:00:00,11.1,83,0.0,0,318,576,114
2003-03-13 10:00:00,13.9,69,1.5,320,476,509,214
2003-03-13 11:00:00,16.7,62,2.1,290,335,73,289
2003-03-13 12:00:00,17.2,56,3.6,250,382,66,334
2003-03-13 13:00:00,10.6,86,5.2,30,150,0,150
2003-03-13 14:00:00,11.1,86,4.6,40,182,0,182
2003-03-13 15:00:00,10.0,96,1.5,20,103,0,103
2003-03-13 16:00:00,9.4,97,4.1,360,77,0,77
2003-03-13 17:00:00,7.2,100,3.6,340,56,0,56
2003-03-13 18:00:00,6.1,97,3.6,340,49,0,49
2003-03-13 19:00:00,5.0,96,4.6,340,0,0,0
2003-03-13 20:00:00,3.9,93,5.7,360,0,0,0
2003-03-13 21:00:00,2.8,92,4.6,340,0,0,0
2003-03-13 22:00:00,1.1,92,4.6,350,0,0,0
2003-03-13 23:00:00,0.6,87,4.1,340,0,0,0
2003-03-14 00:00:00,-0.6,88,5.7,360,0,0,0
2003-03-14 01:00:00,-1.1,83,1.5,360,0,0,0
2003-03-14 02:00:00,-1.1,79,0.0,0,0,0,0
2003-03-14 03:00:00,-1.7,80,1.5,360,0,0,0
2003-03-14 04:00:00,-1.7,80,1.5,350,0,0,0
2003-03-14 05:00:00,-2.2,83,4.1,350,0,0,0
2003-03-14 06:00:00,-2.8,87,3.6,20,0,0,0
2003-03-14 07:00:00,-2.8,83,3.6,30,0,0,0
2003-03-14 08:00:00,-2.2,83,4.1,20,141,335,82
2003-03-14 09:00:00,-0.6,76,3.1,10,332,620,109
2003-03-14 10:00:00,1.7,70,1.5,320,515,748,127
2003-03-14 11:00:00,3.3,63,2.1,80,651,807,135
2003-03-14 12:00:00,5.6,53,0.0,0,751,850,142
2003-03-14 13:00:00,7.8,48,2.1,350,782,864,141
2003-03-14 14:00:00,10.6,44,1.5,350,747,849,140
2003-03-14 15:00:00,12.2,37,2.1,340,648,809,132
2003-03-14 16:00:00,13.3,32,2.6,330,502,760,111
2003-03-14 17:00:00,13.3,33,1.5,350,318,633,94
2003-03-14 18:00:00,11.1,40,2.6,360,119,393,52
2003-03-14 19:00:00,9.4,41,2.6,10,0,0,0
2003-03-14 20:00:00,8.9,42,2.1,360,0,0,0
2003-03-14 21:00:00,7.2,48,1.5,50,0,0,0
2003-03-14 22:00:00,6.1,54,0.0,0,0,0,0
2003-03-14 23:00:00,5.6,56,2.1,150,0,0,0
2003-03-15 00:00:00,3.9,66,3.1,160,0,0,0
2003-03-15 01:00:00,6.1,51,0.0,0,0,0,0
2003-03-15 02:00:00,3.9,57,2.6,150,0,0,0
2003-03-15 03:00:00,2.8,62,1.5,180,0,0,0
2003-03-15 04:00:00,1.7,77,1.5,220,0,0,0
2003-03-15 05:00:00,5.0,46,0.0,0,0,0,0
2003-03-15 06:00:00,-1.1,91,1.5,200,0,0,0
2003-03-15 07:00:00,1.7,74,0.0,0,0,0,0
2003-03-15 08:00:00,3.9,66,0.0,0,148,361,83
2003-03-15 09:00:00,6.7,59,1.5,190,338,625,109
2003-03-15 10:00:00,11.7,39,2.6,190,521,754,126
2003-03-15 11:00:00,13.9,40,2.1,230,657,806,137
2003-03-15 12:00:00,16.1,44,2.1,280,756,850,144
2003-03-15 13:00:00,17.8,43,1.5,320,788,864,143
2003-03-15 14:00:00,18.3,41,0.0,0,753,855,138
2003-03-15 15:00:00,20.0,39,2.1,360,653,815,131
2003-03-15 16:00:00,19.4,39,1.5,360,508,766,111
2003-03-15 17:00:00,19.4,40,0.0,0,324,645,93
2003-03-15 18:00:00,18.9,40,1.5,190,124,421,51
2003-03-15 19:00:00,17.8,45,0.0,0,0,0,0
2003-03-15 20:00:00,14.4,55,0.0,0,0,0,0
2003-03-15 21:00:00,12.2,64,0.0,0,0,0,0
2003-03-15 22:00:00,13.9,53,1.5,110,0,0,0
2003-03-15 23:00:00,11.7,59,0.0,0,0,0,0
2003-03-16 00:00:00,11.7,56,0.0,0,0,0,0
2003-03-16 01:00:00,9.4,66,2.1,180,0,0,0
2003-03-16 02:00:00,8.9,77,1.5,180,0,0,0
2003-03-16 03:00:00,7.8,73,0.0,0,0,0,0
2003-03-16 04:00:00,5.6,89,0.0,0,0,0,0
2003-03-16 05:00:00,6.7,76,0.0,0,0,0,0
2003-03-16 06:00:00,5.6,85,0.0,0,0,0,0
2003-03-16 07:00:00,5.6,89,1.5,160,0,0,0
2003-03-16 08:00:00,10.0,68,0.0,0,155,373,86
2003-03-16 09:00:00,13.9,57,1.5,80,344,637,108
2003-03-16 10:00:00,16.1,54,2.1,200,527,650,183
2003-03-16 11:00:00,17.8,48,0.0,0,468,249,306
2003-03-16 12:00:00,20.0,43,1.5,10,762,741,224
2003-03-16 13:00:00,22.2,41,2.6,20,794,750,230
2003-03-16 14:00:00,21.7,42,2.1,50,518,233,349
2003-03-16 15:00:00,21.7,41,2.1,10,659,672,226
2003-03-16 16:00:00,21.7,41,2.6,10,436,389,233
2003-03-16 17:00:00,21.7,42,0.0,0,129,23,120
2003-03-16 18:00:00,21.1,42,4.1,140,96,158,67
2003-03-16 19:00:00,18.3,52,4.1,120,0,0,0
2003-03-16 20:00:00,16.7,58,3.6,130,0,0,0
2003-03-16 21:00:00,15.6,62,2.6,130,0,0,0
2003-03-16 22:00:00,15.6,62,3.1,120,0,0,0
2003-03-16 23:00:00,13.9,69,2.1,130,0,0,0
2003-03-17 00:00:00,13.9,69,1.5,190,0,0,0
2003-03-17 01:00:00,11.1,77,2.6,150,0,0,0
2003-03-17 02:00:00,12.2,74,2.1,180,0,0,0
2003-03-17 03:00:00,12.2,71,1.5,190,0,0,0
2003-03-17 04:00:00,10.6,79,0.0,0,0,0,0
2003-03-17 05:00:00,9.4,86,0.0,0,0,0,0
2003-03-17 06:00:00,7.8,93,0.0,0,0,0,0
2003-03-17 07:00:00,8.9,86,0.0,0,0,52,0
2003-03-17 08:00:00,10.6,83,0.0,0,153,348,86
2003-03-17 09:00:00,14.4,67,0.0,0,350,642,108
2003-03-17 10:00:00,16.1,60,0.0,0,533,760,127
2003-03-17 11:00:00,18.9,52,2.1,340,669,812,137
2003-03-17 12:00:00,20.0,50,2.1,350,768,826,165
2003-03-17 13:00:00,21.1,47,2.1,10,740,624,268
2003-03-17 14:00:00,22.2,44,3.1,20,594,323,359
2003-03-17 15:00:00,21.7,42,0.0,0,338,54,304
2003-03-17 16:00:00,22.8,39,2.6,20,282,71,245
2003-03-17 17:00:00,21.7,41,2.1,40,294,369,159
2003-03-17 18:00:00,20.0,45,1.5,60,79,79,65
2003-03-17 19:00:00,18.3,50,2.6,120,0,0,0
2003-03-17 20:00:00,17.8,52,1.5,100,0,0,0
2003-03-17 21:00:00,16.7,53,2.6,80,0,0,0
2003-03-17 22:00:00,16.7,52,2.6,110,0,0,0
2003-03-17 23:00:00,15.2,54,0.0,0,0,0,0
2003-03-18 00:00:00,14.4,59,0.0,0,0,0,0
2003-03-18 01:00:00,14.0,62,0.0,0,0,0,0
2003-03-18 02:00:00,13.8,63,0.0,0,0,0,0
2003-03-18 03:00:00,13.4,66,2.6,50,0,0,0
2003-03-18 04:00:00,12.0,74,0.0,0,0,0,0
2003-03-18 05:00:00,12.2,73,2.1,40,0,0,0
2003-03-18 06:00:00,12.0,79,1.5,340,0,0,0
2003-03-18 07:00:00,12.2,83,3.1,20,1,36,0
2003-03-18 08:00:00,13.3,80,2.6,60,159,212,118
2003-03-18 09:00:00,14.4,76,1.5,40,206,101,168
2003-03-18 10:00:00,15.6,72,3.1,10,302,61,269
2003-03-18 11:00:00,16.7,67,2.6,60,391,91,331
2003-03-18 12:00:00,17.2,65,3.1,100,442,102,367
2003-03-18 13:00:00,17.8,60,3.1,110,379,66,329
2003-03-18 14:00:00,18.9,54,3.1,130,588,305,365
2003-03-18 15:00:00,19.4,52,4.6,140,407,137,318
2003-03-18 16:00:00,19.4,51,4.1,160,420,360,230
2003-03-18 17:00:00,18.9,50,3.1,120,227,150,172
2003-03-18 18:00:00,17.8,54,3.1,140,105,223,64
2003-03-18 19:00:00,16.9,55,2.1,130,0,0,0
2003-03-18 20:00:00,16.1,58,0.0,0,0,0,0
2003-03-18 21:00:00,16.0,58,3.1,110,0,0,0
2003-03-18 22:00:00,16.1,58,7.2,100,0,0,0
2003-03-18 23:00:00,13.9,67,3.1,360,0,0,0
2003-03-19 00:00:00,13.3,68,2.6,60,0,0,0
2003-03-19 01:00:00,10.8,81,3.6,110,0,0,0
2003-03-19 02:00:00,10.2,89,5.7,110,0,0,0
2003-03-19 03:00:00,12.9,62,5.7,130,0,0,0
2003-03-19 04:00:00,12.7,59,2.6,120,0,0,0
2003-03-19 05:00:00,9.8,82,3.1,120,0,0,0
2003-03-19 06:00:00,9.0,80,6.2,110,0,0,0
2003-03-19 07:00:00,11.1,66,4.6,100,1,52,1
2003-03-19 08:00:00,11.1,61,5.2,90,148,273,93
2003-03-19 09:00:00,11.7,59,7.7,140,362,628,119
2003-03-19 10:00:00,12.2,59,8.2,120,545,716,155
2003-03-19 11:00:00,12.2,57,6.7,140,599,491,273
2003-03-19 12:00:00,12.2,57,7.7,150,246,12,237
2003-03-19 13:00:00,11.1,61,6.2,120,343,42,311
2003-03-19 14:00:00,11.7,59,6.7,120,718,508,344
2003-03-19 15:00:00,12.8,51,5.7,120,390,113,316
2003-03-19 16:00:00,12.8,48,8.2,120,304,77,263
2003-03-19 17:00:00,12.8,51,7.7,130,243,156,185
2003-03-19 18:00:00,12.2,53,7.7,130,98,96,80
2003-03-19 19:00:00,10.6,58,6.2,140,0,0,0
2003-03-19 20:00:00,9.4,66,4.6,140,0,0,0
2003-03-19 21:00:00,8.9,68,4.1,130,0,0,0
2003-03-19 22:00:00,8.9,71,6.2,150,0,0,0
2003-03-19 23:00:00,8.9,73,3.6,120,0,0,0
2003-03-20 00:00:00,8.3,76,7.2,130,0,0,0
2003-03-20 01:00:00,8.9,73,5.2,140,0,0,0
2003-03-20 02:00:00,8.9,77,4.1,140,0,0,0
2003-03-20 03:00:00,8.9,73,3.1,130,0,0,0
2003-03-20 04:00:00,8.9,73,5.7,120,0,0,0
2003-03-20 05:00:00,8.9,73,4.6,130,0,0,0
2003-03-20 06:00:00,9.4,74,5.7,140,0,0,0
2003-03-20 07:00:00,8.9,77,2.6,70,2,19,1
2003-03-20 08:00:00,9.4,74,4.1,120,109,91,90
2003-03-20 09:00:00,8.9,77,2.1,60,64,0,64
2003-03-20 10:00:00,10.0,71,0.0,0,111,0,111
2003-03-20 11:00:00,11.7,83,5.7,140,107,0,107
2003-03-20 12:00:00,11.7,86,9.8,130,141,0,141
2003-03-20 13:00:00,11.1,83,8.2,130,240,12,231
2003-03-20 14:00:00,11.1,74,5.7,180,441,114,357
2003-03-20 15:00:00,10.6,74,3.6,130,109,0,109
2003-03-20 16:00:00,10.0,74,4.1,110,388,183,289
2003-03-20 17:00:00,10.0,71,4.1,90,155,58,134
2003-03-20 18:00:00,9.4,74,3.6,100,141,299,84
2003-03-20 19:00:00,8.3,80,3.1,120,0,0,0
2003-03-20 20:00:00,7.8,82,3.1,130,0,0,0
2003-03-20 21:00:00,8.3,83,2.1,340,0,0,0
2003-03-20 22:00:00,7.2,86,0.0,0,0,0,0
2003-03-20 23:00:00,6.1,93,1.5,180,0,0,0
2003-03-21 00:00:00,8.9,93,4.1,150,0,0,0
2003-03-21 01:00:00,6.7,96,1.5,310,0,0,0
2003-03-21 02:00:00,7.2,97,0.0,0,0,0,0
2003-03-21 03:00:00,6.1,97,0.0,0,0,0,0
2003-03-21 04:00:00,5.6,96,0.0,0,0,0,0
2003-03-21 05:00:00,6.1,100,0.0,0,0,0,0
2003-03-21 06:00:00,5.0,100,1.5,70,0,0,0
2003-03-21 07:00:00,6.7,93,0.0,0,4,52,3
2003-03-21 08:00:00,9.4,90,0.0,0,171,222,123
2003-03-21 09:00:00,12.8,74,0.0,0,261,188,186
2003-03-21 10:00:00,19.4,45,3.6,210,491,502,213
2003-03-21 11:00:00,20.0,47,5.2,240,561,376,307
2003-03-21 12:00:00,20.0,47,3.6,270,393,78,334
2003-03-21 13:00:00,20.0,47,6.2,240,733,462,376
2003-03-21 14:00:00,15.0,81,5.7,290,129,0,129
2003-03-21 15:00:00,17.2,65,4.1,290,683,547,319
2003-03-21 16:00:00,17.8,56,5.7,240,510,643,162
2003-03-21 17:00:00,17.2,54,5.2,240,306,399,155
2003-03-21 18:00:00,14.4,55,5.2,270,103,145,75
2003-03-21 19:00:00,13.9,62,4.1,260,0,0,0
2003-03-21 20:00:00,13.3,67,5.7,280,0,0,0
2003-03-21 21:00:00,13.3,69,4.6,270,0,0,0
2003-03-21 22:00:00,12.2,74,4.1,260,0,0,0
2003-03-21 23:00:00,12.2,77,2.6,260,0,0,0
2003-03-22 00:00:00,12.2,77,1.5,250,0,0,0
2003-03-22 01:00:00,11.7,77,2.6,280,0,0,0
2003-03-22 02:00:00,8.3,80,3.6,300,0,0,0
2003-03-22 03:00:00,7.8,76,1.5,330,0,0,0
2003-03-22 04:00:00,7.8,63,0.0,0,0,0,0
2003-03-22 05:00:00,7.2,60,2.1,360,0,0,0
2003-03-22 06:00:00,6.1,65,0.0,0,0,0,0
2003-03-22 07:00:00,5.0,73,1.5,200,3,28,3
2003-03-22 08:00:00,5.6,73,2.1,190,124,110,100
2003-03-22 09:00:00,8.9,61,3.6,200,373,539,156
2003-03-22 10:00:00,11.1,50,4.1,250,562,618,217
2003-03-22 11:00:00,10.6,48,4.1,250,164,0,164
2003-03-22 12:00:00,11.1,46,6.2,230,233,0,233
2003-03-22 13:00:00,11.7,46,2.1,240,156,0,156
2003-03-22 14:00:00,11.7,42,3.6,240,212,6,207
2003-03-22 15:00:00,12.2,41,4.1,290,333,42,305
2003-03-22 16:00:00,12.2,41,3.6,250,272,47,246
2003-03-22 17:00:00,12.2,43,2.6,240,94,0,94
2003-03-22 18:00:00,12.2,43,3.6,250,91,91,73
2003-03-22 19:00:00,11.7,44,2.6,250,0,0,0
2003-03-22 20:00:00,11.7,46,2.6,260,0,0,0
2003-03-22 21:00:00,11.7,46,2.1,260,0,0,0
2003-03-22 22:00:00,10.6,54,2.6,260,0,0,0
2003-03-22 23:00:00,9.4,61,1.5,260,0,0,0
2003-03-23 00:00:00,8.3,65,2.6,270,0,0,0
2003-03-23 01:00:00,7.8,65,2.6,270,0,0,0
2003-03-23 02:00:00,7.2,65,0.0,0,0,0,0
2003-03-23 03:00:00,6.7,67,1.5,260,0,0,0
2003-03-23 04:00:00,6.1,68,0.0,0,0,0,0
2003-03-23 05:00:00,6.1,70,0.0,0,0,0,0
2003-03-23 06:00:00,6.1,70,0.0,0,0,0,0
2003-03-23 07:00:00,5.6,76,0.0,0,3,0,3
2003-03-23 08:00:00,6.7,73,0.0,0,79,0,79
2003-03-23 09:00:00,7.8,65,0.0,0,189,31,177
2003-03-23 10:00:00,8.3,65,2.6,350,170,0,170
2003-03-23 11:00:00,10.0,58,1.5,310,296,24,279
2003-03-23 12:00:00,10.0,58,1.5,270,203,0,203
2003-03-23 13:00:00,10.6,58,2.6,230,216,0,216
2003-03-23 14:00:00,11.1,57,0.0,0,235,12,226
2003-03-23 15:00:00,11.7,54,2.1,260,373,89,313
2003-03-23 16:00:00,11.7,54,3.1,260,216,18,207
2003-03-23 17:00:00,11.1,57,1.5,320,161,17,155
2003-03-23 18:00:00,11.1,59,0.0,0,104,151,74
2003-03-23 19:00:00,10.6,58,0.0,0,1,0,1
2003-03-23 20:00:00,10.0,61,0.0,0,0,0,0
2003-03-23 21:00:00,7.8,71,0.0,0,0,0,0
2003-03-23 22:00:00,6.7,76,0.0,0,0,0,0
2003-03-23 23:00:00,5.6,82,0.0,0,0,0,0
2003-03-24 00:00:00,5.6,79,0.0,0,0,0,0
2003-03-24 01:00:00,3.9,89,0.0,0,0,0,0
2003-03-24 02:00:00,2.2,96,0.0,0,0,0,0
2003-03-24 03:00:00,2.2,92,0.0,0,0,0,0
2003-03-24 04:00:00,1.7,96,0.0,0,0,0,0
2003-03-24 05:00:00,1.1,96,0.0,0,0,0,0
2003-03-24 06:00:00,1.1,96,0.0,0,0,0,0
2003-03-24 07:00:00,1.7,96,0.0,0,8,130,4
2003-03-24 08:00:00,3.3,92,0.0,0,190,429,92
2003-03-24 09:00:00,8.3,74,0.0,0,385,669,109
2003-03-24 10:00:00,12.2,57,2.6,170,555,715,147
2003-03-24 11:00:00,14.4,47,2.1,240,711,799,160
2003-03-24 12:00:00,16.1,41,2.1,240,810,873,143
2003-03-24 13:00:00,17.2,38,5.2,240,835,882,142
2003-03-24 14:00:00,18.3,36,3.1,220,800,873,140
2003-03-24 15:00:00,20.0,30,3.1,230,695,833,131
2003-03-24 16:00:00,20.0,28,4.6,230,544,779,114
2003-03-24 17:00:00,20.0,30,2.1,240,359,683,93
2003-03-24 18:00:00,18.9,32,2.6,240,153,469,57
2003-03-24 19:00:00,16.1,39,1.5,190,2,11,2
2003-03-24 20:00:00,15.6,40,1.5,200,0,0,0
2003-03-24 21:00:00,13.9,45,1.5,190,0,0,0
2003-03-24 22:00:00,11.7,52,2.1,190,0,0,0
2003-03-24 23:00:00,11.1,57,1.5,190,0,0,0
2003-03-25 00:00:00,10.6,56,1.5,190,0,0,0
2003-03-25 01:00:00,9.4,61,1.5,200,0,0,0
2003-03-25 02:00:00,10.0,56,0.0,0,0,0,0
2003-03-25 03:00:00,8.9,63,0.0,0,0,0,0
2003-03-25 04:00:00,8.9,63,0.0,0,0,0,0
2003-03-25 05:00:00,7.8,65,0.0,0,0,0,0
2003-03-25 06:00:00,6.1,73,1.5,190,0,0,0
2003-03-25 07:00:00,7.2,74,2.1,200,11,145,5
2003-03-25 08:00:00,12.2,53,2.1,200,197,447,92
2003-03-25 09:00:00,16.7,39,3.1,210,391,674,109
2003-03-25 10:00:00,18.3,36,6.7,220,580,782,131
2003-03-25 11:00:00,20.6,33,3.1,220,717,835,137
2003-03-25 12:00:00,21.7,32,5.2,210,810,831,172
2003-03-25 13:00:00,22.8,28,5.7,220,799,726,225
2003-03-25 14:00:00,23.3,26,5.2,240,806,843,165
2003-03-25 15:00:00,23.9,25,4.1,230,701,839,130
2003-03-25 16:00:00,23.3,26,4.6,230,550,767,124
2003-03-25 17:00:00,23.3,26,2.6,220,355,637,104
2003-03-25 18:00:00,22.8,27,3.6,230,154,454,59
2003-03-25 19:00:00,21.7,29,1.5,210,3,8,2
2003-03-25 20:00:00,17.8,38,1.5,180,0,0,0
2003-03-25 21:00:00,17.2,39,1.5,200,0,0,0
2003-03-25 22:00:00,16.1,42,1.5,200,0,0,0
2003-03-25 23:00:00,17.2,39,0.0,0,0,0,0
2003-03-26 00:00:00,12.8,72,3.1,20,0,0,0
2003-03-26 01:00:00,12.8,72,2.1,10,0,0,0
2003-03-26 02:00:00,11.7,77,0.0,0,0,0,0
2003-03-26 03:00:00,11.1,83,1.5,350,0,0,0
2003-03-26 04:00:00,10.0,93,2.1,340,0,0,0
2003-03-26 05:00:00,8.9,96,4.6,330,0,0,0
2003-03-26 06:00:00,8.9,86,1.5,350,0,0,0
2003-03-26 07:00:00,8.3,86,2.1,350,2,0,2
2003-03-26 08:00:00,8.3,83,2.6,350,34,0,34
2003-03-26 09:00:00,7.8,89,2.1,310,84,0,84
2003-03-26 10:00:00,7.2,93,2.1,340,91,0,91
2003-03-26 11:00:00,7.2,90,5.2,10,119,0,119
2003-03-26 12:00:00,6.7,89,1.5,70,129,0,129
2003-03-26 13:00:00,6.7,85,1.5,130,156,0,156
2003-03-26 14:00:00,6.1,86,2.6,190,241,12,232
2003-03-26 15:00:00,7.8,79,3.1,170,511,244,344
2003-03-26 16:00:00,8.9,73,3.1,210,494,537,194
2003-03-26 17:00:00,9.4,71,3.1,210,282,255,181
2003-03-26 18:00:00,10.0,68,2.6,200,159,347,86
2003-03-26 19:00:00,8.3,76,2.6,200,2,0,2
2003-03-26 20:00:00,7.2,82,2.1,200,0,0,0
2003-03-26 21:00:00,6.1,86,2.1,200,0,0,0
2003-03-26 22:00:00,5.0,93,0.0,0,0,0,0
2003-03-26 23:00:00,5.0,89,1.5,220,0,0,0
2003-03-27 00:00:00,4.4,93,1.5,200,0,0,0
2003-03-27 01:00:00,4.4,89,1.5,210,0,0,0
2003-03-27 02:00:00,4.4,86,1.5,190,0,0,0
2003-03-27 03:00:00,3.3,92,2.1,200,0,0,0
2003-03-27 04:00:00,4.4,86,0.0,0,0,0,0
2003-03-27 05:00:00,3.9,86,0.0,0,0,0,0
2003-03-27 06:00:00,1.1,100,1.5,200,0,0,0
2003-03-27 07:00:00,2.8,92,1.5,180,0,0,0
2003-03-27 08:00:00,6.1,79,0.0,0,201,437,95
2003-03-27 09:00:00,9.4,71,0.0,0,403,686,110
2003-03-27 10:00:00,12.2,50,0.0,0,592,788,132
2003-03-27 11:00:00,14.4,42,2.1,250,729,841,137
2003-03-27 12:00:00,15.6,34,1.5,300,821,873,144
2003-03-27 13:00:00,16.7,31,2.1,350,853,888,144
2003-03-27 14:00:00,17.8,30,1.5,40,794,837,151
2003-03-27 15:00:00,18.9,27,1.5,80,701,821,136
2003-03-27 16:00:00,19.4,28,2.6,110,556,726,147
2003-03-27 17:00:00,19.4,28,3.6,150,324,406,162
2003-03-27 18:00:00,17.8,26,5.2,120,164,407,77
2003-03-27 19:00:00,16.1,25,7.7,140,4,21,4
2003-03-27 20:00:00,15.0,30,7.2,150,0,0,0
2003-03-27 21:00:00,13.9,33,5.2,140,0,0,0
2003-03-27 22:00:00,13.3,37,6.2,160,0,0,0
2003-03-27 23:00:00,12.8,39,3.6,180,0,0,0
2003-03-28 00:00:00,12.8,41,4.1,170,0,0,0
2003-03-28 01:00:00,12.8,41,4.6,160,0,0,0
2003-03-28 02:00:00,12.2,43,4.1,170,0,0,0
2003-03-28 03:00:00,11.7,46,2.1,180,0,0,0
2003-03-28 04:00:00,10.6,54,2.1,170,0,0,0
2003-03-28 05:00:00,11.1,52,4.1,140,0,0,0
2003-03-28 06:00:00,12.2,50,5.7,160,0,0,0
2003-03-28 07:00:00,12.2,53,5.2,160,0,0,0
2003-03-28 08:00:00,13.9,51,5.7,170,208,442,98
2003-03-28 09:00:00,16.1,46,2.6,180,409,691,110
2003-03-28 10:00:00,19.4,40,4.1,180,598,787,134
2003-03-28 11:00:00,20.6,40,7.7,160,735,841,139
2003-03-28 12:00:00,21.7,41,7.2,160,827,873,146
2003-03-28 13:00:00,22.2,38,5.2,190,859,894,141
2003-03-28 14:00:00,23.9,34,9.3,170,818,807,195
2003-03-28 15:00:00,23.9,34,4.6,190,621,512,267
2003-03-28 16:00:00,22.8,38,11.8,170,545,679,161
2003-03-28 17:00:00,21.1,42,9.3,170,372,574,140
2003-03-28 18:00:00,20.6,44,6.2,180,134,201,90
2003-03-28 19:00:00,19.4,47,5.7,180,4,0,4
2003-03-28 20:00:00,18.9,47,5.2,180,0,0,0
2003-03-28 21:00:00,18.3,50,5.2,180,0,0,0
2003-03-28 22:00:00,18.3,54,5.7,180,0,0,0
2003-03-28 23:00:00,17.8,56,4.6,190,0,0,0
2003-03-29 00:00:00,17.2,60,3.6,190,0,0,0
2003-03-29 01:00:00,17.2,63,4.1,180,0,0,0
2003-03-29 02:00:00,17.8,63,4.6,200,0,0,0
2003-03-29 03:00:00,17.2,67,2.6,190,0,0,0
2003-03-29 04:00:00,17.2,70,3.6,190,0,0,0
2003-03-29 05:00:00,16.7,72,1.5,190,0,0,0
2003-03-29 06:00:00,16.1,75,2.6,190,0,0,0
2003-03-29 07:00:00,17.2,70,2.1,190,0,0,0
2003-03-29 08:00:00,16.1,72,3.6,300,49,0,49
2003-03-29 09:00:00,12.2,77,4.1,360,69,0,69
2003-03-29 10:00:00,11.1,89,0.0,0,97,0,97
2003-03-29 11:00:00,10.6,92,2.1,180,119,0,119
2003-03-29 12:00:00,10.0,93,2.6,200,135,0,135
2003-03-29 13:00:00,9.4,93,2.1,210,144,0,144
2003-03-29 14:00:00,9.4,93,0.0,0,171,0,171
2003-03-29 15:00:00,10.0,93,0.0,0,115,0,115
2003-03-29 16:00:00,8.0,93,3.1,300,139,0,139
2003-03-29 17:00:00,7.2,86,3.6,280,79,0,79
2003-03-29 18:00:00,6.7,85,2.1,260,36,0,36
2003-03-29 19:00:00,6.7,82,2.1,280,5,0,5
2003-03-29 20:00:00,5.6,73,3.1,290,0,0,0
2003-03-29 21:00:00,5.0,73,3.1,300,0,0,0
2003-03-29 22:00:00,4.0,69,2.6,300,0,0,0
2003-03-29 23:00:00,3.9,69,3.1,290,0,0,0
2003-03-30 00:00:00,2.8,78,2.1,300,0,0,0
2003-03-30 01:00:00,2.2,81,2.6,290,0,0,0
2003-03-30 02:00:00,1.1,92,1.5,270,0,0,0
2003-03-30 03:00:00,0.6,96,1.5,180,0,0,0
2003-03-30 04:00:00,0.0,100,2.1,210,0,0,0
2003-03-30 05:00:00,0.0,95,2.6,290,0,0,0
2003-03-30 06:00:00,-0.6,96,0.0,0,0,0,0
2003-03-30 07:00:00,-0.6,96,0.0,0,0,0,0
2003-03-30 08:00:00,-0.6,96,0.0,0,74,0,74
2003-03-30 09:00:00,0.0,92,0.0,0,69,0,69
2003-03-30 10:00:00,-1.7,91,1.5,360,97,0,97
2003-03-30 11:00:00,-1.1,91,0.0,0,119,0,119
2003-03-30 12:00:00,-1.0,92,0.0,0,135,0,135
2003-03-30 13:00:00,-1.1,87,2.6,350,204,0,204
2003-03-30 14:00:00,-0.6,88,1.5,330,229,0,229
2003-03-30 15:00:00,-1.1,83,2.1,320,224,6,220
2003-03-30 16:00:00,-0.6,80,2.1,300,106,0,106
2003-03-30 17:00:00,-0.6,66,2.1,320,73,0,73
2003-03-30 18:00:00,-1.1,79,1.5,340,112,120,85
2003-03-30 19:00:00,-1.1,79,0.0,0,4,0,4
2003-03-30 20:00:00,-2.2,91,2.6,350,0,0,0
2003-03-30 21:00:00,-1.7,80,2.1,330,0,0,0
2003-03-30 22:00:00,-2.2,72,3.1,340,0,0,0
2003-03-30 23:00:00,-2.2,68,2.1,350,0,0,0
2003-03-31 00:00:00,-2.8,65,0.0,0,0,0,0
2003-03-31 01:00:00,-3.3,65,0.0,0,0,0,0
2003-03-31 02:00:00,-3.9,68,0.0,0,0,0,0
2003-03-31 03:00:00,-4.4,75,0.0,0,0,0,0
2003-03-31 04:00:00,-4.4,79,0.0,0,0,0,0
2003-03-31 05:00:00,-6.1,91,1.5,190,0,0,0
2003-03-31 06:00:00,-6.7,91,1.5,180,0,0,0
2003-03-31 07:00:00,-6.1,91,1.5,190,0,0,0
2003-03-31 08:00:00,-3.9,83,2.6,210,219,457,98
2003-03-31 09:00:00,-2.2,75,2.6,190,427,522,193
2003-03-31 10:00:00,-0.6,66,3.1,220,311,61,274
2003-03-31 11:00:00,-1.1,87,5.2,240,144,0,144
2003-03-31 12:00:00,-0.6,83,3.1,270,337,18,323
2003-03-31 13:00:00,0.6,76,4.1,280,372,30,348
2003-03-31 14:00:00,1.7,67,4.6,290,588,263,382
2003-03-31 15:00:00,2.8,65,4.6,230,523,268,335
2003-03-31 16:00:00,4.4,44,4.6,280,345,130,270
2003-03-31 17:00:00,4.4,40,5.7,300,173,29,161
2003-03-31 18:00:00,4.4,34,6.2,280,176,350,96
2003-03-31 19:00:00,3.9,35,3.6,280,10,64,7
2003-03-31 20:00:00,2.8,40,1.5,240,0,0,0
2003-03-31 21:00:00,0.6,52,2.1,200,0,0,0
2003-03-31 22:00:00,0.9,63,2.5,210,0,0,0
2003-03-31 23:00:00,1.2,66,2.8,210,0,0,0
2003-04-01 00:00:00,1.5,62,3.2,210,0,0,0
1991-04-01 01:00:00,1.9,70,3.5,240,0,0,0
1991-04-01 02:00:00,2.2,89,3.9,190,0,0,0
1991-04-01 03:00:00,2.5,82,4.2,210,0,0,0
1991-04-01 04:00:00,2.8,85,4.6,200,0,0,0
1991-04-01 05:00:00,3.3,89,4.1,200,0,0,0
1991-04-01 06:00:00,2.8,92,4.6,220,0,0,0
1991-04-01 07:00:00,3.2,87,5.1,240,27,36,24
1991-04-01 08:00:00,4.4,76,5.7,250,172,222,112
1991-04-01 09:00:00,5.6,67,5.7,250,328,371,161
1991-04-01 10:00:00,6.7,60,5.7,260,454,333,252
1991-04-01 11:00:00,6.1,57,6.2,300,621,491,265
1991-04-01 12:00:00,6.7,62,5.7,250,446,278,225
1991-04-01 13:00:00,5.6,64,5.7,280,644,472,258
1991-04-01 14:00:00,7.8,68,5.1,290,768,633,271
1991-04-01 15:00:00,6.1,55,7.7,260,667,632,222
1991-04-01 16:00:00,7.2,55,5.1,320,442,372,227
1991-04-01 17:00:00,7.8,46,5.7,330,326,357,177
1991-04-01 18:00:00,7.8,42,5.1,320,151,315,79
1991-04-01 19:00:00,7.2,42,4.1,310,16,23,15
1991-04-01 20:00:00,6.1,45,3.6,330,0,0,0
1991-04-01 21:00:00,5.6,47,2.6,300,0,0,0
1991-04-01 22:00:00,4.4,51,2.1,290,0,0,0
1991-04-01 23:00:00,3.3,57,0.0,0,0,0,0
1991-04-02 00:00:00,3.3,57,2.1,210,0,0,0
1991-04-02 01:00:00,3.3,57,2.1,200,0,0,0
1991-04-02 02:00:00,2.8,63,2.1,210,0,0,0
1991-04-02 03:00:00,2.2,68,2.6,200,0,0,0
1991-04-02 04:00:00,2.2,60,4.1,330,0,0,0
1991-04-02 05:00:00,1.3,65,4.4,330,0,0,0
1991-04-02 06:00:00,0.6,70,4.6,330,0,0,0
1991-04-02 07:00:00,0.0,77,2.6,320,36,3,36
1991-04-02 08:00:00,1.7,71,3.6,300,179,313,93
1991-04-02 09:00:00,1.7,64,3.1,270,246,175,166
1991-04-02 10:00:00,3.9,46,3.1,310,352,213,222
1991-04-02 11:00:00,5.0,42,5.1,300,460,317,229
1991-04-02 12:00:00,6.7,39,4.6,310,508,301,266
1991-04-02 13:00:00,7.2,38,5.1,300,506,129,400
1991-04-02 14:00:00,7.8,35,5.1,340,653,522,242
1991-04-02 15:00:00,9.4,23,4.1,340,624,589,207
1991-04-02 16:00:00,8.9,29,3.1,330,533,651,154
1991-04-02 17:00:00,8.9,31,3.1,290,374,676,91
1991-04-02 18:00:00,8.3,31,2.1,320,165,453,59
1991-04-02 19:00:00,6.7,34,2.1,10,19,67,14
1991-04-02 20:00:00,5.6,37,2.1,20,0,0,0
1991-04-02 21:00:00,3.9,43,0.0,0,0,0,0
1991-04-02 22:00:00,2.8,49,0.0,0,0,0,0
1991-04-02 23:00:00,1.1,64,0.0,0,0,0,0
1991-04-03 00:00:00,0.6,60,0.0,0,0,0,0
1991-04-03 01:00:00,0.0,63,0.0,0,0,0,0
1991-04-03 02:00:00,-1.0,76,0.0,0,0,0,0
1991-04-03 03:00:00,-2.1,79,0.0,0,0,0,0
1991-04-03 04:00:00,-2.9,84,0.0,0,0,0,0
1991-04-03 05:00:00,-3.8,87,0.0,0,0,0,0
1991-04-03 06:00:00,-3.8,91,0.0,0,0,0,0
1991-04-03 07:00:00,-3.8,91,2.6,30,42,191,25
1991-04-03 08:00:00,0.6,73,1.5,10,222,582,59
1991-04-03 09:00:00,5.0,59,2.1,10,435,758,86
1991-04-03 10:00:00,8.9,39,2.1,10,627,846,106
1991-04-03 11:00:00,11.7,31,2.6,10,775,894,120
1991-04-03 12:00:00,14.4,25,3.6,350,865,917,128
1991-04-03 13:00:00,16.1,17,2.6,290,890,923,130
1991-04-03 14:00:00,17.8,14,5.1,310,849,912,127
1991-04-03 15:00:00,18.3,13,3.6,360,745,884,118
1991-04-03 16:00:00,18.3,14,2.1,290,559,671,167
1991-04-03 17:00:00,18.3,15,3.6,320,367,568,127
1991-04-03 18:00:00,17.2,17,3.1,10,180,495,63
1991-04-03 19:00:00,13.9,21,3.1,40,23,53,19
1991-04-03 20:00:00,13.3,24,2.6,20,0,0,0
1991-04-03 21:00:00,12.8,24,2.1,110,0,0,0
1991-04-03 22:00:00,11.7,29,0.0,0,0,0,0
1991-04-03 23:00:00,11.7,31,2.6,170,0,0,0
1991-04-04 00:00:00,11.7,32,3.1,170,0,0,0
1991-04-04 01:00:00,10.6,35,3.6,180,0,0,0
1991-04-04 02:00:00,10.0,38,2.1,180,0,0,0
1991-04-04 03:00:00,8.9,41,2.1,160,0,0,0
1991-04-04 04:00:00,7.5,48,1.1,80,0,0,0
1991-04-04 05:00:00,6.1,55,0.0,0,0,0,0
1991-04-04 06:00:00,5.0,59,2.1,170,0,0,0
1991-04-04 07:00:00,6.7,55,1.5,180,29,4,28
1991-04-04 08:00:00,11.1,44,0.0,0,73,0,73
1991-04-04 09:00:00,14.4,36,2.6,220,143,0,143
1991-04-04 10:00:00,17.2,30,5.7,220,211,0,211
1991-04-04 11:00:00,18.9,27,4.1,240,263,0,263
1991-04-04 12:00:00,20.0,26,2.1,270,294,0,294
1991-04-04 13:00:00,21.1,32,5.1,250,303,0,303
1991-04-04 14:00:00,22.2,28,3.6,220,289,0,289
1991-04-04 15:00:00,22.8,27,3.6,230,202,0,202
1991-04-04 16:00:00,22.2,27,4.1,250,196,0,196
1991-04-04 17:00:00,21.1,30,3.1,250,101,0,101
1991-04-04 18:00:00,20.6,31,2.1,210,64,0,64
1991-04-04 19:00:00,19.4,32,0.0,0,12,0,12
1991-04-04 20:00:00,18.3,36,0.0,0,0,0,0
1991-04-04 21:00:00,16.1,44,3.1,200,0,0,0
1991-04-04 22:00:00,17.2,38,5.1,190,0,0,0
1991-04-04 23:00:00,17.2,39,4.6,200,0,0,0
1991-04-05 00:00:00,16.7,42,4.1,200,0,0,0
1991-04-05 01:00:00,16.7,42,4.6,190,0,0,0
1991-04-05 02:00:00,14.4,62,7.2,190,0,0,0
1991-04-05 03:00:00,13.3,75,3.1,200,0,0,0
1991-04-05 04:00:00,13.3,75,5.1,190,0,0,0
1991-04-05 05:00:00,13.2,78,5.4,200,0,0,0
1991-04-05 06:00:00,13.3,80,5.7,200,0,0,0
1991-04-05 07:00:00,12.2,93,4.6,200,22,0,22
1991-04-05 08:00:00,12.2,93,6.2,220,51,0,51
1991-04-05 09:00:00,12.8,86,4.6,210,120,0,120
1991-04-05 10:00:00,12.8,41,5.1,220,174,0,174
1991-04-05 11:00:00,13.9,38,6.2,240,180,0,180
1991-04-05 12:00:00,14.4,84,5.1,240,200,0,200
1991-04-05 13:00:00,13.9,89,5.1,230,206,0,206
1991-04-05 14:00:00,13.3,97,3.1,240,196,0,196
1991-04-05 15:00:00,15.0,87,6.2,230,172,0,172
1991-04-05 16:00:00,15.6,83,5.7,220,135,0,135
1991-04-05 17:00:00,16.1,78,3.1,220,263,122,210
1991-04-05 18:00:00,16.1,78,3.6,230,76,28,69
1991-04-05 19:00:00,15.0,81,2.6,220,12,0,12
1991-04-05 20:00:00,14.4,84,3.1,210,0,0,0
1991-04-05 21:00:00,13.3,90,2.6,210,0,0,0
1991-04-05 22:00:00,12.8,93,0.0,0,0,0,0
1991-04-05 23:00:00,12.2,97,1.5,190,0,0,0
1991-04-06 00:00:00,11.1,97,0.0,0,0,0,0
1991-04-06 01:00:00,10.6,96,2.1,190,0,0,0
1991-04-06 02:00:00,10.6,96,0.0,0,0,0,0
1991-04-06 03:00:00,8.3,100,2.1,190,0,0,0
1991-04-06 04:00:00,8.3,100,2.1,190,0,0,0
1991-04-06 05:00:00,6.7,100,2.1,220,0,0,0
1991-04-06 06:00:00,7.2,100,1.5,220,0,0,0
1991-04-06 07:00:00,7.8,100,2.1,220,38,30,35
1991-04-06 08:00:00,10.6,89,2.1,230,193,322,98
1991-04-06 09:00:00,13.9,80,2.6,220,337,281,203
1991-04-06 10:00:00,17.2,65,5.1,250,340,129,258
1991-04-06 11:00:00,18.3,61,4.6,230,460,276,254
1991-04-06 12:00:00,20.6,45,6.7,240,297,0,297
1991-04-06 13:00:00,21.1,49,6.2,250,306,0,306
1991-04-06 14:00:00,22.8,37,4.1,260,537,231,352
1991-04-06 15:00:00,23.3,37,5.1,240,641,589,217
1991-04-06 16:00:00,23.3,38,5.1,250,531,549,205
1991-04-06 17:00:00,22.8,37,4.1,230,306,340,159
1991-04-06 18:00:00,21.7,39,3.6,230,146,255,84
1991-04-06 19:00:00,19.4,45,2.6,210,19,10,18
1991-04-06 20:00:00,18.9,45,0.0,0,0,0,0
1991-04-06 21:00:00,17.2,48,2.6,190,0,0,0
1991-04-06 22:00:00,15.6,55,2.6,210,0,0,0
1991-04-06 23:00:00,15.0,55,3.1,220,0,0,0
1991-04-07 00:00:00,14.8,56,2.9,220,0,0,0
1991-04-07 01:00:00,14.4,57,2.6,210,0,0,0
1991-04-07 02:00:00,14.3,59,2.9,210,0,0,0
1991-04-07 03:00:00,13.9,62,3.1,210,0,0,0
1991-04-07 04:00:00,14.4,62,3.1,210,0,0,0
1991-04-07 05:00:00,13.9,62,2.1,220,0,0,0
1991-04-07 06:00:00,13.9,62,2.1,240,0,0,0
1991-04-07 07:00:00,13.3,67,2.1,230,55,54,49
1991-04-07 08:00:00,17.2,58,2.1,230,209,376,96
1991-04-07 09:00:00,19.4,52,3.1,230,322,414,123
1991-04-07 10:00:00,21.7,49,4.1,230,579,625,183
1991-04-07 11:00:00,23.9,45,4.1,230,774,740,219
1991-04-07 12:00:00,26.1,39,5.1,260,800,729,203
1991-04-07 13:00:00,27.2,35,5.1,270,758,627,232
1991-04-07 14:00:00,25.6,36,4.1,230,793,715,218
1991-04-07 15:00:00,26.7,35,7.7,210,487,168,365
1991-04-07 16:00:00,26.1,35,6.2,220,478,500,180
1991-04-07 17:00:00,26.7,33,4.1,240,377,547,140
1991-04-07 18:00:00,25.6,35,4.1,240,143,278,74
1991-04-07 19:00:00,24.4,36,2.6,210,21,11,20
1991-04-07 20:00:00,22.8,39,0.0,0,0,0,0
1991-04-07 21:00:00,21.7,42,2.1,180,0,0,0
1991-04-07 22:00:00,20.0,47,0.0,0,0,0,0
1991-04-07 23:00:00,18.3,56,0.0,0,0,0,0
1991-04-08 00:00:00,17.8,58,2.1,240,0,0,0
1991-04-08 01:00:00,17.2,58,1.5,170,0,0,0
1991-04-08 02:00:00,16.7,62,0.0,0,0,0,0
1991-04-08 03:00:00,17.2,60,0.0,0,0,0,0
1991-04-08 04:00:00,16.1,64,0.0,0,0,0,0
1991-04-08 05:00:00,16.7,62,0.0,0,0,0,0
1991-04-08 06:00:00,16.1,67,1.5,180,0,0,0
1991-04-08 07:00:00,17.8,63,0.0,0,32,5,32
1991-04-08 08:00:00,21.1,53,2.1,220,128,54,112
1991-04-08 09:00:00,21.1,55,2.6,240,311,157,235
1991-04-08 10:00:00,23.9,48,3.6,230,208,41,181
1991-04-08 11:00:00,23.3,50,2.6,220,410,109,328
1991-04-08 12:00:00,25.0,50,4.6,150,670,451,298
1991-04-08 13:00:00,26.7,45,5.1,240,289,102,203
1991-04-08 14:00:00,26.7,44,3.6,260,480,292,244
1991-04-08 15:00:00,22.2,64,3.6,290,331,26,312
1991-04-08 16:00:00,23.3,60,2.1,250,397,176,291
1991-04-08 17:00:00,23.9,57,3.6,210,225,46,205
1991-04-08 18:00:00,23.3,57,1.0,180,162,283,90
1991-04-08 19:00:00,23.3,57,0.0,0,18,6,18
1991-04-08 20:00:00,21.1,73,2.6,260,0,0,0
1991-04-08 21:00:00,20.6,70,2.1,170,0,0,0
1991-04-08 22:00:00,18.9,81,0.0,0,0,0,0
1991-04-08 23:00:00,18.9,81,2.1,200,0,0,0
1991-04-09 00:00:00,18.3,84,1.5,250,0,0,0
1991-04-09 01:00:00,16.7,100,1.5,160,0,0,0
1991-04-09 02:00:00,16.7,96,1.5,220,0,0,0
1991-04-09 03:00:00,17.2,93,3.6,200,0,0,0
1991-04-09 04:00:00,17.2,90,3.1,180,0,0,0
1991-04-09 05:00:00,17.2,90,4.6,200,0,0,0
1991-04-09 06:00:00,17.8,87,3.6,210,0,0,0
1991-04-09 07:00:00,17.8,87,4.1,240,28,0,28
1991-04-09 08:00:00,18.3,81,2.6,200,65,0,65
1991-04-09 09:00:00,18.9,81,3.1,220,124,0,124
1991-04-09 10:00:00,20.0,78,4.1,230,178,0,178
1991-04-09 11:00:00,21.7,70,4.6,240,218,0,218
1991-04-09 12:00:00,23.3,64,5.7,230,303,0,303
1991-04-09 13:00:00,23.9,60,5.1,200,311,0,311
1991-04-09 14:00:00,25.6,54,6.2,180,296,0,296
1991-04-09 15:00:00,26.1,50,7.2,240,712,604,271
1991-04-09 16:00:00,26.7,49,6.2,210,537,587,183
1991-04-09 17:00:00,25.6,50,7.7,210,103,18,95
1991-04-09 18:00:00,25.0,50,5.1,210,50,0,50
1991-04-09 19:00:00,23.9,54,2.6,220,15,0,15
1991-04-09 20:00:00,14.4,97,2.6,180,0,0,0
1991-04-09 21:00:00,14.4,97,3.6,210,0,0,0
1991-04-09 22:00:00,14.4,97,3.1,210,0,0,0
1991-04-09 23:00:00,14.4,93,6.7,210,0,0,0
1991-04-10 00:00:00,14.4,93,5.7,210,0,0,0
1991-04-10 01:00:00,15.0,87,6.2,200,0,0,0
1991-04-10 02:00:00,13.6,80,5.8,210,0,0,0
1991-04-10 03:00:00,11.8,75,5.4,230,0,0,0
1991-04-10 04:00:00,10.4,69,5.0,240,0,0,0
1991-04-10 05:00:00,8.9,63,4.6,250,0,0,0
1991-04-10 06:00:00,8.9,63,5.7,220,0,2,0
1991-04-10 07:00:00,8.9,63,6.2,230,61,251,31
1991-04-10 08:00:00,10.5,61,6.5,240,194,113,158
1991-04-10 09:00:00,12.2,59,6.7,250,187,67,154
1991-04-10 10:00:00,12.5,56,7.0,250,266,110,195
1991-04-10 11:00:00,12.6,53,7.2,250,344,69,291
1991-04-10 12:00:00,12.4,52,7.5,260,285,58,237
1991-04-10 13:00:00,12.0,52,7.7,260,228,0,228
1991-04-10 14:00:00,11.4,52,8.0,260,204,21,186
1991-04-10 15:00:00,10.6,52,8.2,260,217,0,217
1991-04-10 16:00:00,8.9,51,7.7,290,174,0,174
1991-04-10 17:00:00,7.8,51,7.2,290,119,0,119
1991-04-10 18:00:00,6.7,57,5.7,280,59,0,59
1991-04-10 19:00:00,5.6,56,4.1,280,13,0,13
1991-04-10 20:00:00,5.6,54,5.1,290,0,0,0
1991-04-10 21:00:00,5.0,54,4.1,290,0,0,0
1991-04-10 22:00:00,5.0,56,3.1,270,0,0,0
1991-04-10 23:00:00,5.0,59,3.1,260,0,0,0
1991-04-11 00:00:00,3.9,64,3.1,250,0,0,0
1991-04-11 01:00:00,3.3,69,2.1,240,0,0,0
1991-04-11 02:00:00,3.3,73,2.1,220,0,0,0
1991-04-11 03:00:00,2.8,78,2.6,210,0,0,0
1991-04-11 04:00:00,1.7,77,2.6,200,0,0,0
1991-04-11 05:00:00,1.7,77,2.6,200,0,0,0
1991-04-11 06:00:00,1.1,78,2.1,190,0,6,0
1991-04-11 07:00:00,1.1,85,2.6,180,70,287,34
1991-04-11 08:00:00,5.0,67,0.0,0,246,566,65
1991-04-11 09:00:00,6.7,57,3.1,340,316,351,141
1991-04-11 10:00:00,7.8,51,0.0,0,603,599,213
1991-04-11 11:00:00,8.9,39,4.1,320,742,717,194
1991-04-11 12:00:00,10.6,33,3.6,30,581,423,228
1991-04-11 13:00:00,12.2,29,5.1,320,896,751,257
1991-04-11 14:00:00,12.8,27,5.1,330,586,493,182
1991-04-11 15:00:00,13.3,25,4.1,310,702,789,122
1991-04-11 16:00:00,13.3,28,4.1,350,519,611,147
1991-04-11 17:00:00,13.3,28,2.6,310,313,424,124
1991-04-11 18:00:00,11.7,29,4.1,340,179,360,85
1991-04-11 19:00:00,10.6,27,3.1,360,26,40,23
1991-04-11 20:00:00,9.4,33,2.1,20,0,0,0
1991-04-11 21:00:00,8.9,37,3.1,10,0,0,0
1991-04-11 22:00:00,7.8,38,3.1,20,0,0,0
1991-04-11 23:00:00,6.7,38,5.1,20,0,0,0
1991-04-12 00:00:00,6.1,39,2.6,40,0,0,0
1991-04-12 01:00:00,5.0,44,3.6,40,0,0,0
1991-04-12 02:00:00,3.9,50,2.6,20,0,0,0
1991-04-12 03:00:00,2.8,57,2.6,10,0,0,0
1991-04-12 04:00:00,2.2,57,3.1,40,0,0,0
1991-04-12 05:00:00,1.1,58,4.1,60,0,0,0
1991-04-12 06:00:00,0.6,63,2.6,100,0,1,0
1991-04-12 07:00:00,2.2,51,2.6,20,58,133,40
1991-04-12 08:00:00,4.4,35,4.6,60,237,353,123
1991-04-12 09:00:00,6.7,29,4.1,50,409,536,139
1991-04-12 10:00:00,9.4,23,5.1,110,549,588,164
1991-04-12 11:00:00,11.7,21,5.1,60,727,652,225
1991-04-12 12:00:00,13.9,17,3.6,90,746,581,259
1991-04-12 13:00:00,15.6,19,5.1,50,315,0,315
1991-04-12 14:00:00,16.7,16,4.1,50,301,0,301
1991-04-12 15:00:00,16.7,15,2.6,130,264,0,264
1991-04-12 16:00:00,16.7,15,5.1,70,209,0,209
1991-04-12 17:00:00,16.1,17,6.2,110,138,0,138
1991-04-12 18:00:00,15.0,21,4.1,100,66,0,66
1991-04-12 19:00:00,13.3,23,3.6,110,22,0,22
1991-04-12 20:00:00,12.8,22,4.1,120,0,0,0
1991-04-12 21:00:00,12.2,25,3.6,110,0,0,0
1991-04-12 22:00:00,12.2,26,2.6,130,0,0,0
1991-04-12 23:00:00,11.7,29,3.6,120,0,0,0
1991-04-13 00:00:00,11.1,32,5.1,130,0,0,0
1991-04-13 01:00:00,11.1,34,2.6,150,0,0,0
1991-04-13 02:00:00,11.1,34,3.1,160,0,0,0
1991-04-13 03:00:00,9.4,52,2.1,170,0,0,0
1991-04-13 04:00:00,8.3,56,2.6,140,0,0,0
1991-04-13 05:00:00,7.2,60,2.1,160,0,0,0
1991-04-13 06:00:00,7.2,60,2.1,170,0,0,0
1991-04-13 07:00:00,7.8,58,2.1,150,28,0,28
1991-04-13 08:00:00,8.3,93,2.6,160,75,0,75
1991-04-13 09:00:00,8.9,93,2.6,110,135,0,135
1991-04-13 10:00:00,9.4,93,3.6,180,187,0,187
1991-04-13 11:00:00,9.4,97,2.6,180,226,0,226
1991-04-13 12:00:00,10.6,89,3.6,160,249,0,249
1991-04-13 13:00:00,10.6,96,2.1,170,255,0,255
1991-04-13 14:00:00,11.7,93,3.6,220,244,0,244
1991-04-13 15:00:00,11.7,96,3.6,190,215,0,215
1991-04-13 16:00:00,11.7,100,2.6,200,172,0,172
1991-04-13 17:00:00,12.2,97,1.5,120,116,0,116
1991-04-13 18:00:00,11.7,100,0.0,0,56,0,56
1991-04-13 19:00:00,11.7,100,1.0,40,14,0,14
1991-04-13 20:00:00,11.7,100,3.6,50,0,0,0
1991-04-13 21:00:00,11.7,100,3.1,50,0,0,0
1991-04-13 22:00:00,11.7,100,2.1,20,0,0,0
1991-04-13 23:00:00,11.1,100,2.1,60,0,0,0
1991-04-14 00:00:00,10.6,100,2.1,50,0,0,0
1991-04-14 01:00:00,10.6,96,2.1,170,0,0,0
1991-04-14 02:00:00,10.6,96,1.5,130,0,0,0
1991-04-14 03:00:00,10.0,96,2.1,80,0,0,0
1991-04-14 04:00:00,10.0,93,3.6,120,0,0,0
1991-04-14 05:00:00,9.4,90,4.1,120,0,0,0
1991-04-14 06:00:00,9.4,90,5.1,120,0,0,0
1991-04-14 07:00:00,10.0,86,4.1,130,39,0,39
1991-04-14 08:00:00,10.0,83,2.6,120,87,0,87
1991-04-14 09:00:00,10.0,80,5.1,130,129,0,129
1991-04-14 10:00:00,10.6,79,3.6,140,183,0,183
1991-04-14 11:00:00,10.6,77,7.2,120,224,0,224
1991-04-14 12:00:00,11.1,80,8.2,130,249,0,249
1991-04-14 13:00:00,10.0,89,6.2,90,255,0,255
1991-04-14 14:00:00,10.0,89,6.2,130,243,0,243
1991-04-14 15:00:00,10.6,83,4.1,100,212,0,212
1991-04-14 16:00:00,11.1,80,3.6,120,166,0,166
1991-04-14 17:00:00,11.1,77,2.6,130,116,0,116
1991-04-14 18:00:00,11.1,77,7.2,120,72,0,72
1991-04-14 19:00:00,10.6,77,4.6,130,20,0,20
1991-04-14 20:00:00,10.6,77,4.1,140,0,0,0
1991-04-14 21:00:00,10.6,68,8.2,130,0,0,0
1991-04-14 22:00:00,10.6,86,4.1,140,0,0,0
1991-04-14 23:00:00,11.1,80,4.6,140,0,0,0
1991-04-15 00:00:00,11.1,80,2.1,170,0,0,0
1991-04-15 01:00:00,11.7,80,2.6,160,0,0,0
1991-04-15 02:00:00,11.7,80,4.6,170,0,0,0
1991-04-15 03:00:00,13.3,77,5.1,140,0,0,0
1991-04-15 04:00:00,12.8,80,4.1,150,0,0,0
1991-04-15 05:00:00,13.9,77,3.1,160,0,0,0
1991-04-15 06:00:00,15.6,72,4.1,180,0,0,0
1991-04-15 07:00:00,14.4,84,5.1,180,29,0,29
1991-04-15 08:00:00,13.9,93,6.2,180,78,0,78
1991-04-15 09:00:00,14.4,93,5.1,200,138,0,138
1991-04-15 10:00:00,14.4,93,3.1,210,190,0,190
1991-04-15 11:00:00,14.4,97,2.6,190,192,0,192
1991-04-15 12:00:00,16.1,90,6.2,200,211,0,211
1991-04-15 13:00:00,17.2,90,6.2,200,475,152,344
1991-04-15 14:00:00,18.9,73,6.2,210,246,0,246
1991-04-15 15:00:00,20.0,61,6.2,240,361,14,350
1991-04-15 16:00:00,21.7,41,8.8,250,573,706,135
1991-04-15 17:00:00,21.7,39,6.7,270,365,475,148
1991-04-15 18:00:00,19.4,39,6.7,290,178,399,69
1991-04-15 19:00:00,17.2,39,5.7,270,38,157,24
1991-04-15 20:00:00,15.6,46,3.1,300,0,0,0
1991-04-15 21:00:00,14.4,49,2.6,300,0,0,0
1991-04-15 22:00:00,13.3,53,2.6,290,0,0,0
1991-04-15 23:00:00,12.2,59,2.1,220,0,0,0
1991-04-16 00:00:00,10.0,68,2.1,180,0,0,0
1991-04-16 01:00:00,10.6,65,3.1,170,0,0,0
1991-04-16 02:00:00,7.8,86,2.6,230,0,0,0
1991-04-16 03:00:00,7.8,86,3.1,210,0,0,0
1991-04-16 04:00:00,8.3,80,3.1,210,0,0,0
1991-04-16 05:00:00,7.8,82,3.1,210,0,0,0
1991-04-16 06:00:00,7.8,86,3.1,210,1,0,1
1991-04-16 07:00:00,10.0,80,3.1,200,69,108,53
1991-04-16 08:00:00,12.8,69,4.1,220,241,381,111
1991-04-16 09:00:00,15.0,60,4.1,250,448,551,162
1991-04-16 10:00:00,17.2,56,5.1,220,636,650,200
1991-04-16 11:00:00,20.0,45,5.1,240,743,626,253
1991-04-16 12:00:00,21.7,35,5.1,240,802,541,342
1991-04-16 13:00:00,22.8,31,5.7,270,891,727,260
1991-04-16 14:00:00,22.8,31,5.1,230,749,540,300
1991-04-16 15:00:00,23.9,31,6.2,240,697,615,236
1991-04-16 16:00:00,23.3,30,5.7,290,545,472,252
1991-04-16 17:00:00,23.3,30,5.1,250,359,418,166
1991-04-16 18:00:00,22.8,29,4.1,250,167,192,114
1991-04-16 19:00:00,20.6,33,4.6,210,30,16,28
1991-04-16 20:00:00,19.4,36,3.1,230,0,0,0
1991-04-16 21:00:00,18.9,37,2.6,230,0,0,0
1991-04-16 22:00:00,17.8,40,0.0,0,0,0,0
1991-04-16 23:00:00,16.1,44,2.6,180,0,0,0
1991-04-17 00:00:00,13.3,60,2.6,210,0,0,0
1991-04-17 01:00:00,13.3,55,2.6,190,0,0,0
1991-04-17 02:00:00,11.7,63,2.6,210,0,0,0
1991-04-17 03:00:00,12.2,59,2.6,220,0,0,0
1991-04-17 04:00:00,10.0,68,2.6,50,0,0,0
1991-04-17 05:00:00,8.9,77,0.0,0,0,0,0
1991-04-17 06:00:00,8.9,77,0.0,0,1,3,1
1991-04-17 07:00:00,10.0,77,2.1,360,64,117,46
1991-04-17 08:00:00,12.8,66,2.1,240,257,423,111
1991-04-17 09:00:00,17.8,48,2.6,220,478,537,197
1991-04-17 10:00:00,21.1,38,5.1,250,642,674,187
1991-04-17 11:00:00,21.1,35,4.6,230,368,86,299
1991-04-17 12:00:00,23.3,32,5.7,250,471,95,389
1991-04-17 13:00:00,23.3,33,5.1,300,632,130,519
1991-04-17 14:00:00,25.0,35,4.6,270,351,74,289
1991-04-17 15:00:00,21.1,53,9.8,340,380,79,320
1991-04-17 16:00:00,18.3,61,5.7,360,596,674,174
1991-04-17 17:00:00,17.8,60,5.1,60,363,459,150
1991-04-17 18:00:00,16.7,65,4.1,10,169,309,83
1991-04-17 19:00:00,20.6,45,2.6,30,30,32,27
1991-04-17 20:00:00,16.5,51,2.6,40,0,0,0
1991-04-17 21:00:00,12.8,57,2.6,50,0,0,0
1991-04-17 22:00:00,11.7,59,4.1,10,0,0,0
1991-04-17 23:00:00,10.0,63,2.6,40,0,0,0
1991-04-18 00:00:00,10.0,61,3.6,40,0,0,0
1991-04-18 01:00:00,7.8,71,2.6,10,0,0,0
1991-04-18 02:00:00,6.1,76,2.1,10,0,0,0
1991-04-18 03:00:00,5.6,79,2.6,40,0,0,0
1991-04-18 04:00:00,5.0,79,1.5,20,0,0,0
1991-04-18 05:00:00,3.9,86,3.1,40,0,0,0
1991-04-18 06:00:00,2.8,92,2.6,50,2,1,1
1991-04-18 07:00:00,5.6,79,2.6,30,79,165,53
1991-04-18 08:00:00,7.2,70,3.1,40,260,448,103
1991-04-18 09:00:00,8.9,63,3.6,40,467,609,146
1991-04-18 10:00:00,12.2,53,3.1,70,653,701,178
1991-04-18 11:00:00,13.3,43,2.6,360,794,752,199
1991-04-18 12:00:00,15.6,40,2.1,350,878,778,210
1991-04-18 13:00:00,16.7,38,3.6,330,898,784,213
1991-04-18 14:00:00,17.8,38,3.1,330,741,628,214
1991-04-18 15:00:00,18.9,37,4.1,350,348,56,305
1991-04-18 16:00:00,18.9,38,3.1,10,388,120,312
1991-04-18 17:00:00,18.3,40,3.6,30,169,47,147
1991-04-18 18:00:00,17.2,43,3.1,20,79,0,79
1991-04-18 19:00:00,16.1,48,3.1,40,39,5,39
1991-04-18 20:00:00,16.1,42,3.6,130,0,0,0
1991-04-18 21:00:00,15.0,47,4.6,110,0,0,0
1991-04-18 22:00:00,14.4,53,6.2,130,0,0,0
1991-04-18 23:00:00,13.9,57,3.1,160,0,0,0
1991-04-19 00:00:00,13.3,60,3.1,140,0,0,0
1991-04-19 01:00:00,12.6,64,4.6,140,0,0,0
1991-04-19 02:00:00,12.2,69,6.2,140,0,0,0
1991-04-19 03:00:00,11.7,71,4.1,70,0,0,0
1991-04-19 04:00:00,11.7,71,2.6,90,0,0,0
1991-04-19 05:00:00,11.1,74,5.7,120,0,0,0
1991-04-19 06:00:00,11.1,74,5.1,130,1,0,1
1991-04-19 07:00:00,11.7,71,4.1,130,32,0,32
1991-04-19 08:00:00,12.2,69,3.1,140,85,51,67
1991-04-19 09:00:00,14.4,62,5.1,150,316,118,253
1991-04-19 10:00:00,13.3,69,5.1,170,200,0,200
1991-04-19 11:00:00,13.3,67,4.6,150,237,0,237
1991-04-19 12:00:00,12.2,77,3.1,150,259,0,259
1991-04-19 13:00:00,11.7,74,5.1,150,264,0,264
1991-04-19 14:00:00,10.6,83,3.1,150,253,0,253
1991-04-19 15:00:00,11.7,74,3.6,150,225,0,225
1991-04-19 16:00:00,12.2,71,3.6,150,182,0,182
1991-04-19 17:00:00,13.3,67,3.6,140,370,132,308
1991-04-19 18:00:00,12.2,69,3.6,140,67,0,67
1991-04-19 19:00:00,11.7,68,5.1,140,18,0,18
1991-04-19 20:00:00,11.1,71,3.6,170,0,0,0
1991-04-19 21:00:00,11.1,71,3.6,120,0,0,0
1991-04-19 22:00:00,11.1,74,3.6,120,0,0,0
1991-04-19 23:00:00,11.7,71,4.1,140,0,0,0
1991-04-20 00:00:00,11.7,74,3.6,190,0,0,0
1991-04-20 01:00:00,11.1,80,5.1,170,0,0,0
1991-04-20 02:00:00,11.7,77,3.1,150,0,0,0
1991-04-20 03:00:00,11.7,77,4.1,170,0,0,0
1991-04-20 04:00:00,11.1,83,3.1,190,0,0,0
1991-04-20 05:00:00,11.1,86,3.6,150,0,0,0
1991-04-20 06:00:00,11.7,83,3.6,150,2,0,2
1991-04-20 07:00:00,11.7,83,3.1,160,36,0,36
1991-04-20 08:00:00,12.2,80,2.1,140,80,0,80
1991-04-20 09:00:00,13.3,75,2.6,160,139,0,139
1991-04-20 10:00:00,11.7,83,5.1,270,192,0,192
1991-04-20 11:00:00,10.6,86,3.6,230,193,0,193
1991-04-20 12:00:00,10.6,83,4.6,220,212,0,212
1991-04-20 13:00:00,10.0,86,2.6,210,217,0,217
1991-04-20 14:00:00,10.6,83,3.6,210,247,0,247
1991-04-20 15:00:00,11.1,80,2.6,210,182,0,182
1991-04-20 16:00:00,11.1,77,3.1,220,173,0,173
1991-04-20 17:00:00,11.1,77,2.6,220,117,0,117
1991-04-20 18:00:00,10.6,77,4.1,260,59,0,59
1991-04-20 19:00:00,9.6,80,3.6,270,22,0,22
1991-04-20 20:00:00,8.5,85,3.1,280,0,0,0
1991-04-20 21:00:00,7.8,89,2.6,290,0,0,0
1991-04-20 22:00:00,7.4,90,2.9,280,0,0,0
1991-04-20 23:00:00,7.2,90,3.1,270,0,0,0
1991-04-21 00:00:00,6.7,96,0.0,0,0,0,0
1991-04-21 01:00:00,6.1,100,1.5,270,0,0,0
1991-04-21 02:00:00,6.1,97,2.6,260,0,0,0
1991-04-21 03:00:00,6.1,97,2.1,270,0,0,0
1991-04-21 04:00:00,5.6,96,2.1,290,0,0,0
1991-04-21 05:00:00,5.6,92,2.6,280,0,0,0
1991-04-21 06:00:00,5.6,89,3.1,270,2,0,2
1991-04-21 07:00:00,5.6,89,1.5,260,24,0,24
1991-04-21 08:00:00,5.6,89,3.1,270,57,0,57
1991-04-21 09:00:00,5.6,85,3.1,260,99,0,99
1991-04-21 10:00:00,5.6,89,3.1,290,162,0,162
1991-04-21 11:00:00,6.1,82,3.6,280,194,0,194
1991-04-21 12:00:00,5.6,85,4.1,310,213,0,213
1991-04-21 13:00:00,5.6,89,5.1,240,218,0,218
1991-04-21 14:00:00,5.0,96,3.1,260,174,0,174
1991-04-21 15:00:00,5.0,96,3.1,240,153,0,153
1991-04-21 16:00:00,5.0,96,3.6,250,123,0,123
1991-04-21 17:00:00,5.0,96,3.6,230,84,0,84
1991-04-21 18:00:00,5.0,96,4.1,230,42,0,42
1991-04-21 19:00:00,5.0,100,3.1,240,16,0,16
1991-04-21 20:00:00,5.6,92,5.1,290,0,0,0
1991-04-21 21:00:00,4.4,93,4.1,330,0,0,0
1991-04-21 22:00:00,3.9,93,5.1,310,0,0,0
1991-04-21 23:00:00,3.9,96,3.6,290,0,0,0
1991-04-22 00:00:00,3.9,96,3.1,260,0,0,0
1991-04-22 01:00:00,3.9,96,2.6,250,0,0,0
1991-04-22 02:00:00,3.9,96,3.6,260,0,0,0
1991-04-22 03:00:00,3.9,93,3.6,240,0,0,0
1991-04-22 04:00:00,3.9,89,3.6,250,0,0,0
1991-04-22 05:00:00,3.9,93,5.1,240,0,0,0
1991-04-22 06:00:00,3.9,93,4.1,270,2,0,2
1991-04-22 07:00:00,3.9,93,3.6,240,27,0,27
1991-04-22 08:00:00,3.9,89,5.7,240,73,0,73
1991-04-22 09:00:00,3.9,93,5.1,220,123,0,123
1991-04-22 10:00:00,3.9,93,6.2,230,165,0,165
1991-04-22 11:00:00,3.9,96,5.1,230,197,0,197
1991-04-22 12:00:00,4.4,93,4.6,210,216,0,216
1991-04-22 13:00:00,6.1,86,5.1,220,220,0,220
1991-04-22 14:00:00,7.2,82,6.2,230,251,0,251
1991-04-22 15:00:00,7.8,73,6.2,230,222,0,222
1991-04-22 16:00:00,7.8,73,6.2,240,179,0,179
1991-04-22 17:00:00,8.3,74,4.1,230,104,0,104
1991-04-22 18:00:00,8.9,73,4.1,220,129,88,103
1991-04-22 19:00:00,8.3,74,4.6,220,33,40,29
1991-04-22 20:00:00,7.2,80,3.6,210,0,0,0
1991-04-22 21:00:00,7.2,80,4.6,220,0,0,0
1991-04-22 22:00:00,7.2,80,5.1,210,0,0,0
1991-04-22 23:00:00,7.2,80,5.1,220,0,0,0
1991-04-23 00:00:00,7.8,76,3.1,220,0,0,0
1991-04-23 01:00:00,7.8,73,2.1,210,0,0,0
1991-04-23 02:00:00,7.2,74,2.1,210,0,0,0
1991-04-23 03:00:00,6.1,76,3.1,220,0,0,0
1991-04-23 04:00:00,6.1,73,3.1,210,0,0,0
1991-04-23 05:00:00,6.1,73,2.1,220,0,0,0
1991-04-23 06:00:00,5.0,79,2.6,220,5,27,4
1991-04-23 07:00:00,6.7,76,3.1,200,104,286,53
1991-04-23 08:00:00,10.0,61,3.6,230,297,528,102
1991-04-23 09:00:00,11.7,56,5.1,230,500,687,124
1991-04-23 10:00:00,12.8,52,3.6,230,465,389,195
1991-04-23 11:00:00,15.0,42,5.1,240,617,402,292
1991-04-23 12:00:00,15.0,41,3.6,230,862,633,310
1991-04-23 13:00:00,15.6,40,4.1,240,800,475,379
1991-04-23 14:00:00,17.2,35,5.7,240,847,687,261
1991-04-23 15:00:00,15.6,39,4.6,230,322,25,303
1991-04-23 16:00:00,15.6,39,4.1,230,342,78,292
1991-04-23 17:00:00,15.0,42,5.7,220,321,47,298
1991-04-23 18:00:00,14.4,42,3.6,220,79,1,79
1991-04-23 19:00:00,13.9,44,3.1,220,38,57,32
1991-04-23 20:00:00,12.2,47,2.1,170,0,1,0
1991-04-23 21:00:00,11.1,50,0.0,0,0,0,0
1991-04-23 22:00:00,10.6,52,0.0,0,0,0,0
1991-04-23 23:00:00,10.6,52,2.1,150,0,0,0
1991-04-24 00:00:00,11.1,52,2.6,160,0,0,0
1991-04-24 01:00:00,11.7,52,3.1,160,0,0,0
1991-04-24 02:00:00,11.1,59,5.1,210,0,0,0
1991-04-24 03:00:00,12.2,64,4.6,200,0,0,0
1991-04-24 04:00:00,11.1,71,5.1,210,0,0,0
1991-04-24 05:00:00,11.1,74,3.1,220,0,0,0
1991-04-24 06:00:00,11.1,77,4.1,220,3,0,3
1991-04-24 07:00:00,9.4,93,5.1,210,31,0,31
1991-04-24 08:00:00,8.3,63,4.1,250,281,441,116
1991-04-24 09:00:00,10.6,54,3.6,260,514,709,124
1991-04-24 10:00:00,9.4,54,6.2,260,406,295,200
1991-04-24 11:00:00,8.3,63,4.6,260,240,0,240
1991-04-24 12:00:00,8.3,65,5.1,230,262,0,262
1991-04-24 13:00:00,6.7,82,4.1,260,267,0,267
1991-04-24 14:00:00,6.7,89,4.6,270,214,0,214
1991-04-24 15:00:00,6.7,93,2.6,240,190,0,190
1991-04-24 16:00:00,5.6,92,2.6,300,396,158,294
1991-04-24 17:00:00,8.3,80,3.1,340,276,305,129
1991-04-24 18:00:00,9.4,74,2.1,300,233,499,84
1991-04-24 19:00:00,8.3,86,0.0,0,34,26,32
1991-04-24 20:00:00,7.2,90,2.1,190,0,0,0
1991-04-24 21:00:00,6.7,93,2.1,240,0,0,0
1991-04-24 22:00:00,7.8,82,2.1,230,0,0,0
1991-04-24 23:00:00,6.7,89,0.0,0,0,0,0
1991-04-25 00:00:00,6.7,89,2.1,170,0,0,0
1991-04-25 01:00:00,5.0,96,0.0,0,0,0,0
1991-04-25 02:00:00,3.9,100,2.1,240,0,0,0
1991-04-25 03:00:00,3.3,100,0.0,0,0,0,0
1991-04-25 04:00:00,2.8,100,0.0,0,0,0,0
1991-04-25 05:00:00,1.7,100,2.1,180,0,0,0
1991-04-25 06:00:00,1.7,100,0.0,0,8,67,5
1991-04-25 07:00:00,3.9,100,2.1,240,129,486,38
1991-04-25 08:00:00,6.1,93,2.6,250,332,719,60
1991-04-25 09:00:00,11.1,71,2.6,360,538,828,80
1991-04-25 10:00:00,13.3,67,2.6,310,609,651,152
1991-04-25 11:00:00,15.0,60,2.6,90,785,750,175
1991-04-25 12:00:00,17.2,50,0.0,0,942,923,132
1991-04-25 13:00:00,18.9,42,3.1,60,921,747,254
1991-04-25 14:00:00,20.6,37,5.1,120,841,843,119
1991-04-25 15:00:00,20.6,36,4.1,320,707,729,143
1991-04-25 16:00:00,20.0,39,3.6,340,483,264,312
1991-04-25 17:00:00,20.0,42,3.1,360,166,0,166
1991-04-25 18:00:00,18.9,42,3.6,20,154,99,124
1991-04-25 19:00:00,17.8,45,0.0,0,27,4,26
1991-04-25 20:00:00,16.1,54,2.6,30,0,0,0
1991-04-25 21:00:00,15.6,53,2.1,40,0,0,0
1991-04-25 22:00:00,13.9,62,2.1,50,0,0,0
1991-04-25 23:00:00,13.3,62,2.6,50,0,0,0
1991-04-26 00:00:00,14.4,49,0.0,0,0,0,0
1991-04-26 01:00:00,15.0,47,2.1,180,0,0,0
1991-04-26 02:00:00,14.4,51,3.1,170,0,0,0
1991-04-26 03:00:00,15.6,47,2.1,170,0,0,0
1991-04-26 04:00:00,14.4,51,2.1,200,0,0,0
1991-04-26 05:00:00,13.9,53,2.6,180,0,0,0
1991-04-26 06:00:00,14.4,53,3.1,170,4,0,4
1991-04-26 07:00:00,15.0,51,1.5,160,48,0,48
1991-04-26 08:00:00,15.0,64,2.1,310,85,0,85
1991-04-26 09:00:00,15.0,62,1.5,80,143,0,143
1991-04-26 10:00:00,16.7,56,2.6,350,195,0,195
1991-04-26 11:00:00,21.1,44,3.6,40,732,528,302
1991-04-26 12:00:00,22.2,40,5.1,60,875,654,299
1991-04-26 13:00:00,23.3,35,1.5,30,897,753,224
1991-04-26 14:00:00,24.4,32,3.6,50,814,608,291
1991-04-26 15:00:00,26.1,30,2.6,270,735,642,238
1991-04-26 16:00:00,25.6,32,5.1,180,568,501,243
1991-04-26 17:00:00,24.4,33,3.6,160,214,4,212
1991-04-26 18:00:00,23.3,35,3.1,110,139,43,126
1991-04-26 19:00:00,22.8,35,2.6,160,30,0,30
1991-04-26 20:00:00,21.7,38,2.1,160,0,0,0
1991-04-26 21:00:00,20.0,43,2.1,170,0,0,0
1991-04-26 22:00:00,19.4,49,3.1,190,0,0,0
1991-04-26 23:00:00,18.3,56,3.1,190,0,0,0
1991-04-27 00:00:00,17.8,60,3.1,210,0,0,0
1991-04-27 01:00:00,16.7,65,3.1,210,0,0,0
1991-04-27 02:00:00,16.7,65,2.6,220,0,0,0
1991-04-27 03:00:00,15.0,72,0.0,0,0,0,0
1991-04-27 04:00:00,14.4,75,0.0,0,0,0,0
1991-04-27 05:00:00,13.9,80,1.5,170,0,0,0
1991-04-27 06:00:00,14.4,78,0.0,0,9,48,6
1991-04-27 07:00:00,14.4,81,0.0,0,52,51,42
1991-04-27 08:00:00,17.2,72,1.5,160,128,19,120
1991-04-27 09:00:00,21.7,61,3.1,210,128,64,92
1991-04-27 10:00:00,23.9,55,3.1,220,445,104,371
1991-04-27 11:00:00,24.4,52,2.1,220,508,127,404
1991-04-27 12:00:00,25.6,48,3.6,230,593,141,469
1991-04-27 13:00:00,27.8,41,5.1,240,704,434,315
1991-04-27 14:00:00,25.6,47,2.6,280,450,99,364
1991-04-27 15:00:00,26.1,45,2.6,310,228,0,228
1991-04-27 16:00:00,25.0,48,2.6,360,185,0,185
1991-04-27 17:00:00,25.0,50,2.1,40,130,0,130
1991-04-27 18:00:00,22.2,59,5.1,190,70,0,70
1991-04-27 19:00:00,20.6,63,2.6,220,32,22,30
1991-04-27 20:00:00,20.0,65,1.5,180,0,3,0
1991-04-27 21:00:00,19.4,70,0.0,0,0,0,0
1991-04-27 22:00:00,18.3,73,0.0,0,0,0,0
1991-04-27 23:00:00,16.7,84,0.0,0,0,0,0
1991-04-28 00:00:00,16.7,84,0.0,0,0,0,0
1991-04-28 01:00:00,15.6,90,0.0,0,0,0,0
1991-04-28 02:00:00,16.1,87,0.0,0,0,0,0
1991-04-28 03:00:00,16.7,84,0.0,0,0,0,0
1991-04-28 04:00:00,14.4,97,2.1,150,0,0,0
1991-04-28 05:00:00,15.6,90,0.0,0,0,0,0
1991-04-28 06:00:00,15.0,93,0.0,0,7,3,7
1991-04-28 07:00:00,15.6,93,0.0,0,126,350,57
1991-04-28 08:00:00,20.0,76,1.5,230,74,15,68
1991-04-28 09:00:00,22.2,68,3.6,180,184,63,149
1991-04-28 10:00:00,23.9,62,2.6,230,344,73,292
1991-04-28 11:00:00,26.1,56,2.6,260,640,125,537
1991-04-28 12:00:00,26.7,56,4.1,260,547,62,492
1991-04-28 13:00:00,27.2,51,1.5,300,919,724,268
1991-04-28 14:00:00,28.3,48,3.1,330,443,130,330
1991-04-28 15:00:00,27.8,49,1.5,350,206,103,125
1991-04-28 16:00:00,27.8,47,1.5,60,312,159,208
1991-04-28 17:00:00,27.2,51,2.1,10,126,74,89
1991-04-28 18:00:00,24.4,62,4.1,170,120,54,103
1991-04-28 19:00:00,22.2,73,2.1,120,38,9,36
1991-04-28 20:00:00,20.6,81,2.6,70,0,0,0
1991-04-28 21:00:00,21.7,73,5.1,100,0,0,0
1991-04-28 22:00:00,22.2,68,5.1,120,0,0,0
1991-04-28 23:00:00,22.2,66,5.1,130,0,0,0
1991-04-29 00:00:00,21.7,68,0.0,0,0,0,0
1991-04-29 01:00:00,18.3,97,4.1,130,0,0,0
1991-04-29 02:00:00,18.3,90,3.6,120,0,0,0
1991-04-29 03:00:00,18.9,84,2.6,100,0,0,0
1991-04-29 04:00:00,18.3,87,3.6,130,0,0,0
1991-04-29 05:00:00,18.3,84,0.0,0,0,0,0
1991-04-29 06:00:00,18.9,81,4.6,130,6,0,6
1991-04-29 07:00:00,19.4,79,3.1,150,54,0,54
1991-04-29 08:00:00,20.6,75,2.6,200,112,0,112
1991-04-29 09:00:00,22.2,68,4.1,170,149,0,149
1991-04-29 10:00:00,21.1,76,4.1,150,200,0,200
1991-04-29 11:00:00,23.3,71,2.1,150,787,504,372
1991-04-29 12:00:00,23.3,69,3.6,240,260,0,260
1991-04-29 13:00:00,22.8,79,0.0,0,718,347,405
1991-04-29 14:00:00,26.1,65,2.6,80,697,244,486
1991-04-29 15:00:00,28.3,55,2.6,90,655,521,247
1991-04-29 16:00:00,26.7,56,4.6,100,314,67,270
1991-04-29 17:00:00,23.9,70,25.7,140,377,450,154
1991-04-29 18:00:00,20.6,90,6.2,190,55,0,55
1991-04-29 19:00:00,21.1,87,3.6,180,29,0,29
1991-04-29 20:00:00,21.1,81,4.1,180,0,0,0
1991-04-29 21:00:00,21.1,81,0.0,0,0,0,0
1991-04-29 22:00:00,21.7,76,3.6,170,0,0,0
1991-04-29 23:00:00,22.2,73,3.1,170,0,0,0
1991-04-30 00:00:00,22.3,73,3.4,180,0,0,0
1991-04-30 01:00:00,22.2,73,3.6,190,0,0,0
1991-04-30 02:00:00,17.2,100,1.5,170,0,0,0
1991-04-30 03:00:00,18.9,90,2.1,230,0,0,0
1991-04-30 04:00:00,20.6,84,5.1,200,0,0,0
1991-04-30 05:00:00,20.6,84,5.1,210,0,0,0
1991-04-30 06:00:00,19.4,84,5.1,250,9,0,9
1991-04-30 07:00:00,20.0,68,4.1,250,107,193,67
1991-04-30 08:00:00,19.4,66,6.2,250,305,444,129
1991-04-30 09:00:00,19.4,66,5.1,220,168,55,137
1991-04-30 10:00:00,20.6,62,5.4,230,450,146,345
1991-04-30 11:00:00,22.2,57,5.7,230,298,0,298
1991-04-30 12:00:00,22.2,57,6.2,240,689,134,570
1991-04-30 13:00:00,21.7,53,6.2,260,332,0,332
1991-04-30 14:00:00,22.2,51,6.7,230,253,0,253
1991-04-30 15:00:00,22.8,50,5.1,230,551,196,397
1991-04-30 16:00:00,23.3,41,3.1,230,181,46,151
1991-04-30 17:00:00,23.9,33,4.6,240,407,522,147
1991-04-30 18:00:00,22.8,31,5.1,280,225,328,122
1991-04-30 19:00:00,21.1,33,4.1,260,59,147,41
1991-04-30 20:00:00,18.9,38,2.6,240,0,0,0
1991-04-30 21:00:00,17.2,41,2.6,180,0,0,0
1991-04-30 22:00:00,16.1,47,2.2,180,0,0,0
1991-04-30 23:00:00,15.0,51,1.9,200,0,0,0
1991-05-01 00:00:00,13.9,57,1.5,200,0,0,0
2001-05-01 01:00:00,12.7,100,1.1,0,0,0,0
2001-05-01 02:00:00,11.6,80,0.7,180,0,0,0
2001-05-01 03:00:00,10.5,74,0.4,0,0,0,0
2001-05-01 04:00:00,9.4,97,0.0,0,0,0,0
2001-05-01 05:00:00,8.9,100,0.0,0,0,0,0
2001-05-01 06:00:00,10.0,89,0.0,0,4,62,3
2001-05-01 07:00:00,12.2,77,2.1,190,153,242,101
2001-05-01 08:00:00,15.0,72,1.5,190,327,440,150
2001-05-01 09:00:00,20.0,57,2.1,210,522,619,165
2001-05-01 10:00:00,22.2,49,1.5,220,687,679,196
2001-05-01 11:00:00,25.0,43,2.1,240,807,682,240
2001-05-01 12:00:00,26.1,39,2.6,270,902,722,255
2001-05-01 13:00:00,27.2,38,2.6,300,827,540,336
2001-05-01 14:00:00,26.7,42,2.6,330,860,652,290
2001-05-01 15:00:00,25.0,50,0.0,0,578,274,361
2001-05-01 16:00:00,27.2,41,0.0,0,478,237,321
2001-05-01 17:00:00,26.7,39,0.0,0,427,480,185
2001-05-01 18:00:00,25.6,48,3.6,260,193,170,139
2001-05-01 19:00:00,23.6,55,3.3,240,68,203,42
2001-05-01 20:00:00,21.3,63,3.0,210,0,0,0
2001-05-01 21:00:00,19.2,72,2.7,190,0,0,0
2001-05-01 22:00:00,17.5,80,2.4,160,0,0,0
2001-05-01 23:00:00,16.1,87,2.1,140,0,0,0
2001-05-02 00:00:00,14.8,93,1.8,110,0,0,0
2001-05-02 01:00:00,13.3,100,1.5,90,0,0,0
2001-05-02 02:00:00,13.9,87,0.0,0,0,0,0
2001-05-02 03:00:00,12.8,93,0.0,0,0,0,0
2001-05-02 04:00:00,12.2,97,0.0,0,0,0,0
2001-05-02 05:00:00,12.8,89,2.1,230,0,0,0
2001-05-02 06:00:00,11.1,100,0.0,0,5,77,3
2001-05-02 07:00:00,14.4,87,0.0,0,151,283,90
2001-05-02 08:00:00,16.1,81,1.5,190,305,370,155
2001-05-02 09:00:00,20.0,68,1.5,200,462,392,235
2001-05-02 10:00:00,22.2,57,2.1,210,661,564,252
2001-05-02 11:00:00,23.9,50,2.6,290,813,694,234
2001-05-02 12:00:00,25.6,47,2.1,350,895,740,232
2001-05-02 13:00:00,26.7,42,2.6,350,911,744,232
2001-05-02 14:00:00,27.2,39,3.1,360,878,766,207
2001-05-02 15:00:00,27.8,40,0.0,0,768,709,207
2001-05-02 16:00:00,28.3,38,2.6,320,597,616,187
2001-05-02 17:00:00,27.2,42,3.1,320,443,615,133
2001-05-02 18:00:00,27.2,41,2.1,320,228,353,115
2001-05-02 19:00:00,26.1,44,0.0,0,69,214,41
2001-05-02 20:00:00,23.3,55,1.5,180,0,0,0
2001-05-02 21:00:00,22.8,53,2.1,220,0,0,0
2001-05-02 22:00:00,18.9,70,0.0,0,0,0,0
2001-05-02 23:00:00,17.8,78,0.0,0,0,0,0
2001-05-03 00:00:00,16.1,83,0.0,0,0,0,0
2001-05-03 01:00:00,15.6,83,0.0,0,0,0,0
2001-05-03 02:00:00,16.1,75,0.0,0,0,0,0
2001-05-03 03:00:00,13.3,90,1.5,230,0,0,0
2001-05-03 04:00:00,13.9,87,0.0,0,0,0,0
2001-05-03 05:00:00,12.2,93,0.0,0,0,0,0
2001-05-03 06:00:00,12.8,93,0.0,0,5,55,4
2001-05-03 07:00:00,14.4,87,0.0,0,141,192,99
2001-05-03 08:00:00,17.8,73,0.0,0,311,370,161
2001-05-03 09:00:00,21.7,61,0.0,0,534,625,171
2001-05-03 10:00:00,23.9,51,1.5,260,661,588,233
2001-05-03 11:00:00,26.1,47,2.1,270,794,634,264
2001-05-03 12:00:00,27.8,42,0.0,0,895,722,246
2001-05-03 13:00:00,27.8,42,0.0,0,893,666,284
2001-05-03 14:00:00,28.9,40,2.1,360,872,742,221
2001-05-03 15:00:00,29.4,37,3.1,350,768,674,234
2001-05-03 16:00:00,29.4,40,2.6,350,580,563,205
2001-05-03 17:00:00,28.9,41,3.1,350,433,533,162
2001-05-03 18:00:00,27.2,47,1.5,20,204,194,141
2001-05-03 19:00:00,25.6,48,0.0,0,66,175,43
2001-05-03 20:00:00,23.3,57,0.0,0,0,0,0
2001-05-03 21:00:00,21.7,61,0.0,0,0,0,0
2001-05-03 22:00:00,20.6,70,0.0,0,0,0,0
2001-05-03 23:00:00,20.0,70,0.0,0,0,0,0
2001-05-04 00:00:00,19.4,70,0.0,0,0,0,0
2001-05-04 01:00:00,15.6,93,1.5,190,0,0,0
2001-05-04 02:00:00,16.1,81,0.0,0,0,0,0
2001-05-04 03:00:00,17.2,75,0.0,0,0,0,0
2001-05-04 04:00:00,15.0,83,0.0,0,0,0,0
2001-05-04 05:00:00,15.6,83,0.0,0,0,0,0
2001-05-04 06:00:00,14.4,90,1.5,210,4,0,4
2001-05-04 07:00:00,17.2,75,0.0,0,79,0,79
2001-05-04 08:00:00,18.3,76,0.0,0,261,175,189
2001-05-04 09:00:00,22.8,59,2.1,240,487,453,223
2001-05-04 10:00:00,24.4,52,2.1,210,623,473,277
2001-05-04 11:00:00,26.1,52,2.6,170,800,615,284
2001-05-04 12:00:00,27.2,51,2.1,220,883,674,276
2001-05-04 13:00:00,28.3,43,2.6,270,917,750,230
2001-05-04 14:00:00,27.2,47,2.6,290,866,700,250
2001-05-04 15:00:00,26.7,47,2.1,310,745,620,252
2001-05-04 16:00:00,28.3,40,3.1,320,580,510,239
2001-05-04 17:00:00,28.3,44,2.1,290,303,117,243
2001-05-04 18:00:00,26.7,54,1.5,320,174,74,150
2001-05-04 19:00:00,25.6,56,3.1,350,52,30,48
2001-05-04 20:00:00,22.2,73,4.1,210,0,0,0
2001-05-04 21:00:00,20.6,81,3.1,140,0,0,0
2001-05-04 22:00:00,20.0,81,2.1,200,0,0,0
2001-05-04 23:00:00,18.9,84,2.1,170,0,0,0
2001-05-05 00:00:00,18.9,84,0.0,0,0,0,0
2001-05-05 01:00:00,17.8,90,2.1,280,0,0,0
2001-05-05 02:00:00,16.7,90,2.1,190,0,0,0
2001-05-05 03:00:00,16.1,93,0.0,0,0,0,0
2001-05-05 04:00:00,14.4,100,0.0,0,0,0,0
2001-05-05 05:00:00,15.6,93,0.0,0,0,0,0
2001-05-05 06:00:00,15.6,93,0.0,0,7,24,6
2001-05-05 07:00:00,16.7,93,0.0,0,130,75,113
2001-05-05 08:00:00,19.4,79,1.5,210,275,150,213
2001-05-05 09:00:00,20.0,76,0.0,0,448,331,254
2001-05-05 10:00:00,21.1,71,0.0,0,534,236,360
2001-05-05 11:00:00,22.8,66,0.0,0,620,272,392
2001-05-05 12:00:00,23.3,64,4.1,30,853,541,363
2001-05-05 13:00:00,23.9,57,3.1,20,899,648,304
2001-05-05 14:00:00,22.8,61,5.2,10,766,473,349
2001-05-05 15:00:00,23.3,57,2.1,10,717,554,275
2001-05-05 16:00:00,22.8,57,2.6,360,513,308,306
2001-05-05 17:00:00,22.8,57,5.2,360,439,539,163
2001-05-05 18:00:00,21.7,61,4.1,10,250,427,109
2001-05-05 19:00:00,20.6,63,3.6,10,75,207,46
2001-05-05 20:00:00,18.3,70,2.1,20,0,0,0
2001-05-05 21:00:00,17.8,65,2.1,10,0,0,0
2001-05-05 22:00:00,16.1,72,2.6,70,0,0,0
2001-05-05 23:00:00,17.8,65,1.5,80,0,0,0
2001-05-06 00:00:00,17.2,60,3.1,90,0,0,0
2001-05-06 01:00:00,16.7,58,4.1,100,0,0,0
2001-05-06 02:00:00,16.1,54,3.6,90,0,0,0
2001-05-06 03:00:00,15.0,49,0.0,0,0,0,0
2001-05-06 04:00:00,14.4,37,0.0,0,0,0,0
2001-05-06 05:00:00,13.9,32,3.1,20,0,0,0
2001-05-06 06:00:00,13.3,32,3.1,40,9,90,6
2001-05-06 07:00:00,13.9,33,2.1,50,164,272,102
2001-05-06 08:00:00,14.4,35,3.1,70,282,169,211
2001-05-06 09:00:00,16.7,35,5.2,90,421,177,316
2001-05-06 10:00:00,17.8,37,3.6,130,578,321,342
2001-05-06 11:00:00,18.9,37,3.6,100,540,151,412
2001-05-06 12:00:00,19.4,40,4.6,80,700,295,433
2001-05-06 13:00:00,21.1,41,5.2,90,707,300,431
2001-05-06 14:00:00,21.1,41,5.2,100,571,156,434
2001-05-06 15:00:00,21.1,42,4.6,90,462,107,377
2001-05-06 16:00:00,20.6,44,6.2,100,423,142,327
2001-05-06 17:00:00,20.0,49,4.6,110,314,111,257
2001-05-06 18:00:00,19.4,51,4.6,110,220,285,125
2001-05-06 19:00:00,17.8,54,4.1,110,72,182,46
2001-05-06 20:00:00,16.1,62,4.6,130,0,0,0
2001-05-06 21:00:00,15.0,64,3.6,160,0,0,0
2001-05-06 22:00:00,14.4,67,4.1,130,0,0,0
2001-05-06 23:00:00,14.4,67,6.2,150,0,0,0
2001-05-07 00:00:00,14.4,65,5.7,150,0,0,0
2001-05-07 01:00:00,14.4,65,3.6,180,0,0,0
2001-05-07 02:00:00,14.4,65,4.1,140,0,0,0
2001-05-07 03:00:00,13.9,64,3.1,110,0,0,0
2001-05-07 04:00:00,13.3,64,5.7,130,0,0,0
2001-05-07 05:00:00,12.2,64,4.6,100,0,0,0
2001-05-07 06:00:00,11.1,66,4.6,130,0,0,0
2001-05-07 07:00:00,11.7,63,4.6,140,128,95,106
2001-05-07 08:00:00,13.3,57,5.2,130,330,375,173
2001-05-07 09:00:00,16.1,54,4.1,150,539,612,177
2001-05-07 10:00:00,18.3,48,4.6,120,692,655,209
2001-05-07 11:00:00,20.0,45,4.6,140,837,742,210
2001-05-07 12:00:00,21.7,44,3.6,150,932,818,189
2001-05-07 13:00:00,22.8,41,1.5,140,946,822,189
2001-05-07 14:00:00,23.9,40,3.6,130,878,718,242
2001-05-07 15:00:00,24.4,39,3.1,130,751,620,255
2001-05-07 16:00:00,25.0,35,2.1,130,626,629,201
2001-05-07 17:00:00,24.4,31,3.6,130,417,422,199
2001-05-07 18:00:00,22.8,29,3.1,110,225,297,126
2001-05-07 19:00:00,20.6,30,4.6,130,80,219,49
2001-05-07 20:00:00,19.4,28,5.2,120,0,0,0
2001-05-07 21:00:00,18.3,33,3.6,130,0,0,0
2001-05-07 22:00:00,17.2,36,4.1,150,0,0,0
2001-05-07 23:00:00,16.1,41,2.6,140,0,0,0
2001-05-08 00:00:00,15.0,45,3.1,170,0,0,0
2001-05-08 01:00:00,13.9,49,3.1,160,0,0,0
2001-05-08 02:00:00,13.3,51,2.6,160,0,0,0
2001-05-08 03:00:00,14.4,47,2.6,150,0,0,0
2001-05-08 04:00:00,13.9,51,2.6,150,0,0,0
2001-05-08 05:00:00,13.9,53,0.0,0,0,0,0
2001-05-08 06:00:00,13.9,55,0.0,0,0,0,0
2001-05-08 07:00:00,14.4,51,0.0,0,77,0,77
2001-05-08 08:00:00,15.0,55,2.1,180,126,0,126
2001-05-08 09:00:00,15.0,60,2.1,180,184,0,184
2001-05-08 10:00:00,16.1,60,1.5,190,121,0,121
2001-05-08 11:00:00,17.2,54,3.1,200,143,0,143
2001-05-08 12:00:00,17.2,56,2.6,200,201,0,201
2001-05-08 13:00:00,17.2,58,4.1,210,294,6,288
2001-05-08 14:00:00,17.8,60,2.6,210,283,12,272
2001-05-08 15:00:00,17.8,60,2.6,200,150,0,150
2001-05-08 16:00:00,16.1,75,2.6,210,124,0,124
2001-05-08 17:00:00,15.0,90,2.1,230,87,0,87
2001-05-08 18:00:00,14.4,97,2.6,210,145,23,138
2001-05-08 19:00:00,14.4,97,1.5,290,46,5,46
2001-05-08 20:00:00,14.4,97,0.0,0,0,0,0
2001-05-08 21:00:00,14.4,97,1.5,200,0,0,0
2001-05-08 22:00:00,14.4,97,0.0,0,0,0,0
2001-05-08 23:00:00,14.4,97,1.5,360,0,0,0
2001-05-09 00:00:00,13.9,96,0.0,0,0,0,0
2001-05-09 01:00:00,14.4,93,0.0,0,0,0,0
2001-05-09 02:00:00,13.3,97,0.0,0,0,0,0
2001-05-09 03:00:00,12.8,96,0.0,0,0,0,0
2001-05-09 04:00:00,11.7,100,0.0,0,0,0,0
2001-05-09 05:00:00,12.2,97,0.0,0,0,0,0
2001-05-09 06:00:00,11.7,96,1.5,270,0,0,0
2001-05-09 07:00:00,12.2,93,0.0,0,118,61,104
2001-05-09 08:00:00,13.3,90,2.1,340,280,187,201
2001-05-09 09:00:00,14.4,81,2.6,310,492,404,252
2001-05-09 10:00:00,16.7,70,1.5,290,692,606,242
2001-05-09 11:00:00,18.9,61,1.5,290,849,766,199
2001-05-09 12:00:00,20.6,51,2.1,330,925,794,202
2001-05-09 13:00:00,21.1,44,2.1,20,940,792,208
2001-05-09 14:00:00,21.7,41,3.6,60,878,712,245
2001-05-09 15:00:00,22.8,37,3.6,20,804,775,180
2001-05-09 16:00:00,22.2,37,3.1,40,637,694,166
2001-05-09 17:00:00,22.8,34,2.1,30,467,634,137
2001-05-09 18:00:00,21.7,36,1.5,10,261,474,100
2001-05-09 19:00:00,19.4,40,0.0,0,86,231,51
2001-05-09 20:00:00,17.8,50,0.0,0,0,0,0
2001-05-09 21:00:00,16.7,52,0.0,0,0,0,0
2001-05-09 22:00:00,13.3,72,0.0,0,0,0,0
2001-05-09 23:00:00,12.8,74,0.0,0,0,0,0
2001-05-10 00:00:00,11.7,80,0.0,0,0,0,0
2001-05-10 01:00:00,11.1,77,1.5,150,0,0,0
2001-05-10 02:00:00,10.6,79,0.0,0,0,0,0
2001-05-10 03:00:00,10.0,86,0.0,0,0,0,0
2001-05-10 04:00:00,8.3,93,0.0,0,0,0,0
2001-05-10 05:00:00,8.9,93,0.0,0,0,0,0
2001-05-10 06:00:00,9.4,83,0.0,0,0,0,0
2001-05-10 07:00:00,11.7,83,0.0,0,176,296,105
2001-05-10 08:00:00,15.0,64,0.0,0,357,481,151
2001-05-10 09:00:00,17.8,58,0.0,0,538,612,172
2001-05-10 10:00:00,21.1,41,1.5,20,704,673,204
2001-05-10 11:00:00,22.8,38,3.1,30,843,760,196
2001-05-10 12:00:00,24.4,31,2.6,20,907,734,237
2001-05-10 13:00:00,24.4,31,0.0,0,928,756,228
2001-05-10 14:00:00,25.6,30,2.6,310,878,724,233
2001-05-10 15:00:00,25.6,31,1.5,260,786,739,190
2001-05-10 16:00:00,25.0,30,3.6,210,643,670,187
2001-05-10 17:00:00,25.0,29,0.0,0,429,446,196
2001-05-10 18:00:00,24.4,32,2.1,210,252,389,119
2001-05-10 19:00:00,23.9,33,1.5,240,86,252,48
2001-05-10 20:00:00,19.4,47,1.5,190,0,0,0
2001-05-10 21:00:00,17.8,56,0.0,0,0,0,0
2001-05-10 22:00:00,16.7,60,0.0,0,0,0,0
2001-05-10 23:00:00,13.9,74,0.0,0,0,0,0
2001-05-11 00:00:00,13.3,77,0.0,0,0,0,0
2001-05-11 01:00:00,12.8,77,0.0,0,0,0,0
2001-05-11 02:00:00,12.8,77,0.0,0,0,0,0
2001-05-11 03:00:00,12.2,77,0.0,0,0,0,0
2001-05-11 04:00:00,10.6,86,0.0,0,0,0,0
2001-05-11 05:00:00,10.0,89,1.5,200,0,0,0
2001-05-11 06:00:00,11.7,80,0.0,0,0,0,0
2001-05-11 07:00:00,13.3,75,0.0,0,175,322,97
2001-05-11 08:00:00,17.8,60,2.1,290,377,562,136
2001-05-11 09:00:00,21.1,55,2.6,220,551,618,180
2001-05-11 10:00:00,22.8,53,5.2,240,697,612,241
2001-05-11 11:00:00,23.9,50,5.2,220,713,428,348
2001-05-11 12:00:00,23.9,48,3.1,230,767,421,382
2001-05-11 13:00:00,25.0,45,3.1,230,910,654,303
2001-05-11 14:00:00,26.7,38,5.2,240,890,736,233
2001-05-11 15:00:00,26.7,39,4.1,230,769,674,225
2001-05-11 16:00:00,27.2,35,5.7,220,643,700,165
2001-05-11 17:00:00,27.2,38,3.6,220,457,575,155
2001-05-11 18:00:00,26.1,39,5.2,220,252,406,112
2001-05-11 19:00:00,25.0,42,3.6,210,87,222,53
2001-05-11 20:00:00,22.2,51,2.1,190,0,0,0
2001-05-11 21:00:00,21.1,59,2.6,350,0,0,0
2001-05-11 22:00:00,18.9,70,0.0,0,0,0,0
2001-05-11 23:00:00,17.8,75,0.0,0,0,0,0
2001-05-12 00:00:00,16.1,83,1.5,190,0,0,0
2001-05-12 01:00:00,16.7,78,1.5,220,0,0,0
2001-05-12 02:00:00,17.2,81,1.5,110,0,0,0
2001-05-12 03:00:00,16.1,87,2.1,190,0,0,0
2001-05-12 04:00:00,15.6,86,2.6,210,0,0,0
2001-05-12 05:00:00,16.7,84,1.5,220,0,0,0
2001-05-12 06:00:00,16.7,84,3.1,220,0,0,0
2001-05-12 07:00:00,17.2,81,2.6,220,66,0,66
2001-05-12 08:00:00,17.2,81,3.1,250,70,0,70
2001-05-12 09:00:00,17.2,84,3.1,280,144,0,144
2001-05-12 10:00:00,16.0,94,3.6,310,292,18,278
2001-05-12 11:00:00,14.4,93,3.6,340,136,0,136
2001-05-12 12:00:00,14.0,88,1.5,340,195,6,189
2001-05-12 13:00:00,17.0,72,3.1,340,479,102,384
2001-05-12 14:00:00,17.8,63,2.1,330,725,347,415
2001-05-12 15:00:00,17.8,56,4.6,330,388,60,339
2001-05-12 16:00:00,17.8,54,3.6,330,147,0,147
2001-05-12 17:00:00,17.2,56,3.1,340,250,53,222
2001-05-12 18:00:00,15.6,60,5.2,350,207,155,153
2001-05-12 19:00:00,13.3,67,5.2,340,72,67,61
2001-05-12 20:00:00,12.2,69,2.1,350,0,0,0
2001-05-12 21:00:00,11.1,71,3.1,350,0,0,0
2001-05-12 22:00:00,10.6,77,1.5,320,0,0,0
2001-05-12 23:00:00,9.4,80,2.6,350,0,0,0
2001-05-13 00:00:00,8.3,80,1.5,20,0,0,0
2001-05-13 01:00:00,7.8,82,0.0,0,0,0,0
2001-05-13 02:00:00,6.7,89,0.0,0,0,0,0
2001-05-13 03:00:00,5.6,89,0.0,0,0,0,0
2001-05-13 04:00:00,5.0,89,0.0,0,0,0,0
2001-05-13 05:00:00,5.0,89,0.0,0,0,0,0
2001-05-13 06:00:00,5.0,93,0.0,0,0,0,0
2001-05-13 07:00:00,6.1,73,0.0,0,157,187,111
2001-05-13 08:00:00,7.8,71,0.0,0,349,437,159
2001-05-13 09:00:00,10.0,63,2.6,360,564,630,182
2001-05-13 10:00:00,12.2,57,2.1,350,716,691,198
2001-05-13 11:00:00,13.3,45,2.6,350,855,784,184
2001-05-13 12:00:00,14.6,41,1.5,340,931,794,202
2001-05-13 13:00:00,15.6,37,4.1,320,958,828,187
2001-05-13 14:00:00,16.7,32,4.1,330,919,832,175
2001-05-13 15:00:00,17.8,31,3.6,340,810,775,181
2001-05-13 16:00:00,17.8,26,4.1,340,655,730,154
2001-05-13 17:00:00,17.2,30,2.6,340,479,658,131
2001-05-13 18:00:00,16.7,31,5.2,340,283,527,99
2001-05-13 19:00:00,15.0,33,2.1,350,92,265,50
2001-05-13 20:00:00,13.3,40,2.1,330,0,0,0
2001-05-13 21:00:00,12.8,41,0.0,0,0,0,0
2001-05-13 22:00:00,10.6,52,0.0,0,0,0,0
2001-05-13 23:00:00,7.8,65,0.0,0,0,0,0
2001-05-14 00:00:00,6.7,76,0.0,0,0,0,0
2001-05-14 01:00:00,6.1,79,0.0,0,0,0,0
2001-05-14 02:00:00,3.9,89,0.0,0,0,0,0
2001-05-14 03:00:00,3.9,89,0.0,0,0,0,0
2001-05-14 04:00:00,3.3,89,0.0,0,0,0,0
2001-05-14 05:00:00,2.8,92,0.0,0,0,0,0
2001-05-14 06:00:00,2.8,89,0.0,0,0,0,0
2001-05-14 07:00:00,5.0,79,0.0,0,181,287,109
2001-05-14 08:00:00,8.3,71,2.1,30,355,474,148
2001-05-14 09:00:00,11.1,52,0.0,0,557,630,174
2001-05-14 10:00:00,12.8,39,0.0,0,735,745,175
2001-05-14 11:00:00,15.0,31,1.5,330,855,730,229
2001-05-14 12:00:00,16.7,32,2.6,310,834,553,325
2001-05-14 13:00:00,17.8,31,4.1,280,845,534,346
2001-05-14 14:00:00,18.3,29,3.1,290,725,377,387
2001-05-14 15:00:00,19.4,28,3.1,300,527,167,391
2001-05-14 16:00:00,18.9,29,4.1,310,322,59,281
2001-05-14 17:00:00,18.9,30,5.2,290,387,282,237
2001-05-14 18:00:00,18.3,31,3.1,290,238,298,133
2001-05-14 19:00:00,17.8,34,3.6,290,97,266,54
2001-05-14 20:00:00,16.1,41,2.6,270,0,0,0
2001-05-14 21:00:00,12.8,57,0.0,0,0,0,0
2001-05-14 22:00:00,11.1,63,0.0,0,0,0,0
2001-05-14 23:00:00,10.6,65,0.0,0,0,0,0
2001-05-15 00:00:00,8.9,77,0.0,0,0,0,0
2001-05-15 01:00:00,8.3,80,0.0,0,0,0,0
2001-05-15 02:00:00,8.3,80,0.0,0,0,0,0
2001-05-15 03:00:00,8.3,76,0.0,0,0,0,0
2001-05-15 04:00:00,8.3,83,0.0,0,0,0,0
2001-05-15 05:00:00,8.3,83,1.5,40,0,0,0
2001-05-15 06:00:00,10.0,68,0.0,0,0,0,0
2001-05-15 07:00:00,11.1,63,0.0,0,49,0,49
2001-05-15 08:00:00,10.6,79,0.0,0,76,0,76
2001-05-15 09:00:00,10.0,93,1.5,360,98,0,98
2001-05-15 10:00:00,11.1,80,0.0,0,152,0,152
2001-05-15 11:00:00,11.1,89,2.1,180,167,0,167
2001-05-15 12:00:00,11.7,89,2.6,120,170,0,170
2001-05-15 13:00:00,12.8,86,1.5,310,335,24,313
2001-05-15 14:00:00,12.8,86,0.0,0,159,0,159
2001-05-15 15:00:00,13.0,88,0.0,0,214,0,214
2001-05-15 16:00:00,13.3,90,0.0,0,119,0,119
2001-05-15 17:00:00,13.9,83,1.5,340,98,0,98
2001-05-15 18:00:00,13.9,83,0.0,0,228,212,153
2001-05-15 19:00:00,13.3,90,2.1,350,94,225,56
2001-05-15 20:00:00,11.7,96,0.0,0,0,0,0
2001-05-15 21:00:00,11.7,96,0.0,0,0,0,0
2001-05-15 22:00:00,11.7,89,0.0,0,0,0,0
2001-05-15 23:00:00,11.1,93,0.0,0,0,0,0
2001-05-16 00:00:00,10.6,96,1.5,350,0,0,0
2001-05-16 01:00:00,10.0,96,2.1,50,0,0,0
2001-05-16 02:00:00,10.6,96,0.0,0,0,0,0
2001-05-16 03:00:00,10.0,96,2.1,90,0,0,0
2001-05-16 04:00:00,10.6,86,1.5,30,0,0,0
2001-05-16 05:00:00,11.1,77,1.5,30,0,0,0
2001-05-16 06:00:00,12.2,64,3.6,110,0,0,0
2001-05-16 07:00:00,12.8,69,1.5,140,155,146,118
2001-05-16 08:00:00,14.4,67,2.1,100,222,62,195
2001-05-16 09:00:00,15.6,64,2.6,150,183,0,183
2001-05-16 10:00:00,16.1,64,3.1,100,266,6,261
2001-05-16 11:00:00,16.7,65,3.1,130,254,0,254
2001-05-16 12:00:00,15.0,83,2.6,110,164,0,164
2001-05-16 13:00:00,14.4,87,2.6,110,204,0,204
2001-05-16 14:00:00,14.4,90,3.1,100,195,0,195
2001-05-16 15:00:00,13.9,87,3.6,110,255,6,250
2001-05-16 16:00:00,13.9,87,2.6,120,147,0,147
2001-05-16 17:00:00,13.9,87,2.6,120,104,0,104
2001-05-16 18:00:00,13.9,87,4.1,100,173,63,150
2001-05-16 19:00:00,13.3,87,4.6,110,61,21,58
2001-05-16 20:00:00,13.3,84,2.6,110,0,0,0
2001-05-16 21:00:00,13.3,84,4.1,120,0,0,0
2001-05-16 22:00:00,13.3,84,2.6,100,0,0,0
2001-05-16 23:00:00,13.3,84,2.6,100,0,0,0
2001-05-17 00:00:00,12.8,83,3.1,100,0,0,0
2001-05-17 01:00:00,12.2,86,2.6,80,0,0,0
2001-05-17 02:00:00,13.3,80,2.6,130,0,0,0
2001-05-17 03:00:00,13.3,80,2.6,110,0,0,0
2001-05-17 04:00:00,13.9,77,3.1,100,0,0,0
2001-05-17 05:00:00,13.9,80,4.1,120,0,0,0
2001-05-17 06:00:00,13.9,80,3.1,120,0,0,0
2001-05-17 07:00:00,13.9,87,3.6,110,98,0,98
2001-05-17 08:00:00,14.4,84,2.6,110,125,0,125
2001-05-17 09:00:00,15.6,80,3.6,130,150,0,150
2001-05-17 10:00:00,16.1,78,3.1,110,177,0,177
2001-05-17 11:00:00,18.3,76,4.1,140,291,12,281
2001-05-17 12:00:00,19.4,73,3.1,140,426,48,382
2001-05-17 13:00:00,20.6,73,2.6,150,515,102,420
2001-05-17 14:00:00,20.0,73,2.6,110,183,0,183
2001-05-17 15:00:00,20.0,73,3.1,100,197,0,197
2001-05-17 16:00:00,20.0,73,3.1,120,198,0,198
2001-05-17 17:00:00,20.0,78,2.6,120,104,0,104
2001-05-17 18:00:00,18.9,87,1.5,80,66,0,66
2001-05-17 19:00:00,17.8,93,1.5,90,25,0,25
2001-05-17 20:00:00,17.8,90,2.6,160,0,0,0
2001-05-17 21:00:00,18.3,87,2.1,170,0,0,0
2001-05-17 22:00:00,18.3,90,3.1,190,0,0,0
2001-05-17 23:00:00,17.8,90,1.5,230,0,0,0
2001-05-18 00:00:00,17.2,93,0.0,0,0,0,0
2001-05-18 01:00:00,16.1,100,0.0,0,0,0,0
2001-05-18 02:00:00,15.6,100,0.0,0,0,0,0
2001-05-18 03:00:00,15.0,100,0.0,0,0,0,0
2001-05-18 04:00:00,15.0,100,0.0,0,0,0,0
2001-05-18 05:00:00,15.6,100,0.0,0,0,0,0
2001-05-18 06:00:00,16.1,100,0.0,0,0,0,0
2001-05-18 07:00:00,17.2,97,0.0,0,73,0,73
2001-05-18 08:00:00,18.3,93,1.5,240,97,0,97
2001-05-18 09:00:00,18.9,90,0.0,0,144,0,144
2001-05-18 10:00:00,20.6,81,1.5,290,234,0,234
2001-05-18 11:00:00,21.1,81,2.1,220,322,12,312
2001-05-18 12:00:00,22.2,76,1.5,280,347,12,336
2001-05-18 13:00:00,22.2,76,1.5,240,300,6,294
2001-05-18 14:00:00,22.8,76,3.1,200,289,12,278
2001-05-18 15:00:00,22.2,76,4.1,210,179,6,175
2001-05-18 16:00:00,22.2,79,2.6,220,345,42,316
2001-05-18 17:00:00,22.0,83,2.6,210,256,35,237
2001-05-18 18:00:00,17.8,93,5.2,320,158,23,150
2001-05-18 19:00:00,17.2,100,2.1,310,58,5,57
2001-05-18 20:00:00,17.0,100,2.6,110,0,0,0
2001-05-18 21:00:00,16.7,96,0.0,0,0,0,0
2001-05-18 22:00:00,16.7,86,4.1,110,0,0,0
2001-05-18 23:00:00,16.7,86,2.1,180,0,0,0
2001-05-19 00:00:00,15.6,93,3.6,20,0,0,0
2001-05-19 01:00:00,15.6,93,0.0,0,0,0,0
2001-05-19 02:00:00,15.0,96,0.0,0,0,0,0
2001-05-19 03:00:00,15.0,96,0.0,0,0,0,0
2001-05-19 04:00:00,14.4,100,0.0,0,0,0,0
2001-05-19 05:00:00,14.4,97,1.5,30,0,0,0
2001-05-19 06:00:00,14.4,97,1.5,50,0,0,0
2001-05-19 07:00:00,15.0,96,0.0,0,121,26,114
2001-05-19 08:00:00,16.1,93,0.0,0,236,56,210
2001-05-19 09:00:00,17.2,90,0.0,0,346,73,301
2001-05-19 10:00:00,18.9,81,0.0,0,418,79,358
2001-05-19 11:00:00,19.4,81,1.5,350,285,12,274
2001-05-19 12:00:00,20.0,81,1.5,350,304,18,288
2001-05-19 13:00:00,20.0,81,2.6,360,311,18,295
2001-05-19 14:00:00,20.6,78,1.5,360,466,102,374
2001-05-19 15:00:00,20.6,78,0.0,0,185,6,180
2001-05-19 16:00:00,20.6,75,0.0,0,153,0,153
2001-05-19 17:00:00,21.0,78,2.6,10,202,18,192
2001-05-19 18:00:00,20.6,68,2.1,10,275,373,140
2001-05-19 19:00:00,20.0,63,1.5,20,104,259,59
2001-05-19 20:00:00,17.2,75,0.0,0,0,0,0
2001-05-19 21:00:00,15.6,86,0.0,0,0,0,0
2001-05-19 22:00:00,14.4,90,0.0,0,0,0,0
2001-05-19 23:00:00,13.3,90,0.0,0,0,0,0
2001-05-20 00:00:00,11.7,96,2.1,10,0,0,0
2001-05-20 01:00:00,12.8,93,0.0,0,0,0,0
2001-05-20 02:00:00,13.3,93,2.1,360,0,0,0
2001-05-20 03:00:00,12.8,93,1.5,20,0,0,0
2001-05-20 04:00:00,12.8,96,2.1,30,0,0,0
2001-05-20 05:00:00,12.8,93,0.0,0,0,0,0
2001-05-20 06:00:00,13.3,90,2.1,10,0,0,0
2001-05-20 07:00:00,16.7,72,2.1,20,193,311,111
2001-05-20 08:00:00,18.3,65,3.6,90,367,373,199
2001-05-20 09:00:00,20.6,63,4.1,130,242,18,230
2001-05-20 10:00:00,21.7,63,4.1,130,297,12,288
2001-05-20 11:00:00,21.7,63,3.6,110,347,18,331
2001-05-20 12:00:00,21.7,66,4.1,100,195,6,189
2001-05-20 13:00:00,21.7,68,2.6,100,198,6,192
2001-05-20 14:00:00,22.2,68,4.6,120,578,185,410
2001-05-20 15:00:00,22.2,71,3.6,120,423,48,383
2001-05-20 16:00:00,22.8,68,4.6,90,249,12,241
2001-05-20 17:00:00,22.2,68,4.6,80,191,6,188
2001-05-20 18:00:00,21.1,71,3.6,80,112,0,112
2001-05-20 19:00:00,20.0,73,3.1,110,42,0,42
2001-05-20 20:00:00,18.9,78,4.1,120,0,0,0
2001-05-20 21:00:00,18.3,81,3.6,140,0,0,0
2001-05-20 22:00:00,18.9,75,5.7,120,0,0,0
2001-05-20 23:00:00,17.8,78,4.1,150,0,0,0
2001-05-21 00:00:00,17.2,78,3.1,140,0,0,0
2001-05-21 01:00:00,17.2,78,3.6,130,0,0,0
2001-05-21 02:00:00,17.2,78,4.1,130,0,0,0
2001-05-21 03:00:00,17.2,75,6.7,110,0,0,0
2001-05-21 04:00:00,17.2,75,4.1,160,0,0,0
2001-05-21 05:00:00,17.2,78,4.6,130,0,0,0
2001-05-21 06:00:00,17.2,75,4.1,100,0,0,0
2001-05-21 07:00:00,17.2,75,4.6,120,80,0,80
2001-05-21 08:00:00,17.2,75,5.2,120,145,0,145
2001-05-21 09:00:00,18.9,73,4.1,140,287,24,272
2001-05-21 10:00:00,20.0,70,5.7,140,354,30,331
2001-05-21 11:00:00,21.1,66,5.2,130,706,338,413
2001-05-21 12:00:00,21.7,63,5.7,110,901,631,314
2001-05-21 13:00:00,23.3,60,5.2,120,917,606,346
2001-05-21 14:00:00,24.4,60,6.2,110,501,108,404
2001-05-21 15:00:00,18.0,94,3.1,250,452,72,393
2001-05-21 16:00:00,18.0,94,5.7,120,379,59,338
2001-05-21 17:00:00,17.2,93,3.1,110,290,65,254
2001-05-21 18:00:00,16.7,86,6.7,130,179,52,160
2001-05-21 19:00:00,16.7,84,4.1,120,67,21,64
2001-05-21 20:00:00,17.2,81,1.5,120,0,0,0
2001-05-21 21:00:00,17.2,81,4.1,120,0,0,0
2001-05-21 22:00:00,16.7,90,3.1,190,0,0,0
2001-05-21 23:00:00,18.3,93,3.6,200,0,0,0
2001-05-22 00:00:00,18.3,93,3.6,210,0,0,0
2001-05-22 01:00:00,18.3,93,2.1,210,0,0,0
2001-05-22 02:00:00,17.8,96,2.1,200,0,0,0
2001-05-22 03:00:00,17.8,96,3.1,200,0,0,0
2001-05-22 04:00:00,17.2,97,2.1,200,0,0,0
2001-05-22 05:00:00,17.8,93,1.5,210,0,0,0
2001-05-22 06:00:00,17.8,93,0.0,0,0,0,0
2001-05-22 07:00:00,18.9,90,0.0,0,96,0,96
2001-05-22 08:00:00,21.1,81,2.6,320,187,12,181
2001-05-22 09:00:00,21.1,78,2.1,270,261,18,250
2001-05-22 10:00:00,19.4,87,3.1,230,120,0,120
2001-05-22 11:00:00,18.3,93,3.1,200,173,0,173
2001-05-22 12:00:00,18.3,93,2.1,180,243,6,238
2001-05-22 13:00:00,19.4,84,2.1,180,246,6,240
2001-05-22 14:00:00,21.7,76,3.1,210,572,180,409
2001-05-22 15:00:00,21.1,73,1.5,250,469,107,380
2001-05-22 16:00:00,18.0,94,5.7,280,108,0,108
2001-05-22 17:00:00,16.0,88,3.6,300,82,0,82
2001-05-22 18:00:00,13.3,90,3.6,300,46,0,46
2001-05-22 19:00:00,12.8,86,2.1,270,59,11,57
2001-05-22 20:00:00,13.3,87,2.1,240,0,0,0
2001-05-22 21:00:00,11.1,97,1.5,200,0,0,0
2001-05-22 22:00:00,11.7,96,1.5,200,0,0,0
2001-05-22 23:00:00,10.6,96,0.0,0,0,0,0
2001-05-23 00:00:00,10.0,100,0.0,0,0,0,0
2001-05-23 01:00:00,10.0,100,2.1,200,0,0,0
2001-05-23 02:00:00,10.0,96,1.5,210,0,0,0
2001-05-23 03:00:00,10.6,96,1.5,290,0,0,0
2001-05-23 04:00:00,11.1,97,0.0,0,0,0,0
2001-05-23 05:00:00,11.1,93,2.1,210,0,0,0
2001-05-23 06:00:00,11.1,93,0.0,0,0,0,0
2001-05-23 07:00:00,11.1,93,2.1,290,176,217,117
2001-05-23 08:00:00,12.2,86,1.5,220,276,149,209
2001-05-23 09:00:00,14.4,78,1.5,230,568,598,196
2001-05-23 10:00:00,16.1,62,2.6,230,734,648,239
2001-05-23 11:00:00,17.2,50,0.0,0,724,428,352
2001-05-23 12:00:00,18.3,41,4.1,210,785,451,365
2001-05-23 13:00:00,18.9,40,0.0,0,947,720,267
2001-05-23 14:00:00,19.4,42,0.0,0,902,742,228
2001-05-23 15:00:00,20.6,36,2.6,350,805,740,193
2001-05-23 16:00:00,20.0,37,3.1,340,662,700,169
2001-05-23 17:00:00,20.0,37,2.6,330,487,618,148
2001-05-23 18:00:00,20.0,42,2.1,320,302,506,114
2001-05-23 19:00:00,18.3,47,2.6,310,115,320,56
2001-05-23 20:00:00,18.3,45,1.5,300,0,0,0
2001-05-23 21:00:00,15.0,64,2.1,30,0,0,0
2001-05-23 22:00:00,13.9,72,2.1,110,0,0,0
2001-05-23 23:00:00,13.3,77,2.6,170,0,0,0
2001-05-24 00:00:00,13.3,75,0.0,0,0,0,0
2001-05-24 01:00:00,11.7,80,2.6,130,0,0,0
2001-05-24 02:00:00,11.7,80,0.0,0,0,0,0
2001-05-24 03:00:00,10.0,86,0.0,0,0,0,0
2001-05-24 04:00:00,10.6,83,2.1,180,0,0,0
2001-05-24 05:00:00,10.6,83,1.5,200,0,0,0
2001-05-24 06:00:00,11.7,80,1.5,200,0,0,0
2001-05-24 07:00:00,12.8,77,1.5,190,199,349,105
2001-05-24 08:00:00,16.7,60,4.6,170,366,379,193
2001-05-24 09:00:00,17.8,58,3.1,130,378,140,291
2001-05-24 10:00:00,20.0,53,2.6,150,632,406,322
2001-05-24 11:00:00,21.7,42,7.7,160,638,265,407
2001-05-24 12:00:00,22.2,40,6.2,170,755,343,435
2001-05-24 13:00:00,20.6,42,4.1,210,270,12,258
2001-05-24 14:00:00,18.9,54,2.1,230,147,0,147
2001-05-24 15:00:00,18.3,61,2.1,240,162,0,162
2001-05-24 16:00:00,17.2,70,2.6,110,130,0,130
2001-05-24 17:00:00,17.2,75,1.5,60,148,0,148
2001-05-24 18:00:00,18.9,56,3.1,90,262,213,182
2001-05-24 19:00:00,13.9,93,4.6,290,21,0,21
2001-05-24 20:00:00,12.2,93,1.5,130,0,0,0
2001-05-24 21:00:00,12.2,97,2.1,100,0,0,0
2001-05-24 22:00:00,12.2,97,0.0,0,0,0,0
2001-05-24 23:00:00,12.2,97,0.0,0,0,0,0
2001-05-25 00:00:00,12.2,93,1.5,50,0,0,0
2001-05-25 01:00:00,12.2,93,1.5,90,0,0,0
2001-05-25 02:00:00,12.2,90,2.6,140,0,0,0
2001-05-25 03:00:00,12.8,89,0.0,0,0,0,0
2001-05-25 04:00:00,13.3,87,2.1,180,0,0,0
2001-05-25 05:00:00,13.9,83,2.1,180,0,0,0
2001-05-25 06:00:00,14.4,84,2.1,170,0,0,0
2001-05-25 07:00:00,15.0,81,3.6,150,64,0,64
2001-05-25 08:00:00,16.1,75,5.7,170,69,0,69
2001-05-25 09:00:00,16.7,75,4.6,160,98,0,98
2001-05-25 10:00:00,16.7,78,3.1,180,120,0,120
2001-05-25 11:00:00,16.1,81,4.6,160,142,0,142
2001-05-25 12:00:00,16.0,82,5.7,150,152,0,152
2001-05-25 13:00:00,15.0,87,3.1,170,156,0,156
2001-05-25 14:00:00,17.2,78,4.1,180,495,96,408
2001-05-25 15:00:00,15.0,87,3.6,240,290,12,280
2001-05-25 16:00:00,14.4,84,4.1,230,147,0,147
2001-05-25 17:00:00,15.6,86,4.1,160,290,88,241
2001-05-25 18:00:00,16.1,78,2.6,190,293,409,139
2001-05-25 19:00:00,15.0,81,2.6,170,116,273,64
2001-05-25 20:00:00,12.8,89,2.1,160,2,0,2
2001-05-25 21:00:00,12.8,89,0.0,0,0,0,0
2001-05-25 22:00:00,12.2,90,0.0,0,0,0,0
2001-05-25 23:00:00,12.8,83,1.5,170,0,0,0
2001-05-26 00:00:00,12.2,86,0.0,0,0,0,0
2001-05-26 01:00:00,11.7,86,0.0,0,0,0,0
2001-05-26 02:00:00,10.0,96,1.5,180,0,0,0
2001-05-26 03:00:00,10.0,96,0.0,0,0,0,0
2001-05-26 04:00:00,8.9,96,0.0,0,0,0,0
2001-05-26 05:00:00,9.4,93,0.0,0,0,0,0
2001-05-26 06:00:00,10.6,92,2.6,160,0,0,0
2001-05-26 07:00:00,12.2,86,0.0,0,206,381,102
2001-05-26 08:00:00,15.6,75,2.1,150,400,565,141
2001-05-26 09:00:00,17.8,65,1.5,180,587,690,156
2001-05-26 10:00:00,18.9,63,3.1,210,740,715,192
2001-05-26 11:00:00,20.0,53,3.1,240,867,760,204
2001-05-26 12:00:00,20.6,47,3.6,210,894,637,299
2001-05-26 13:00:00,21.1,41,3.1,240,911,588,354
2001-05-26 14:00:00,21.7,39,4.6,260,649,287,387
2001-05-26 15:00:00,21.1,39,2.6,240,817,644,282
2001-05-26 16:00:00,20.6,40,2.6,210,487,226,327
2001-05-26 17:00:00,21.1,39,4.1,220,438,377,230
2001-05-26 18:00:00,21.1,38,4.1,240,303,513,110
2001-05-26 19:00:00,20.0,42,1.5,300,121,295,64
2001-05-26 20:00:00,16.7,60,0.0,0,3,23,3
2001-05-26 21:00:00,13.3,75,0.0,0,0,0,0
2001-05-26 22:00:00,15.0,62,0.0,0,0,0,0
2001-05-26 23:00:00,14.4,65,2.6,120,0,0,0
2001-05-27 00:00:00,14.4,72,1.5,100,0,0,0
2001-05-27 01:00:00,13.9,72,1.5,130,0,0,0
2001-05-27 02:00:00,13.9,74,4.1,160,0,0,0
2001-05-27 03:00:00,13.9,74,3.1,160,0,0,0
2001-05-27 04:00:00,13.3,75,1.5,170,0,0,0
2001-05-27 05:00:00,14.4,67,2.1,280,0,0,0
2001-05-27 06:00:00,12.8,77,0.0,0,0,0,0
2001-05-27 07:00:00,15.0,67,1.5,230,166,157,123
2001-05-27 08:00:00,13.9,72,3.6,220,83,0,83
2001-05-27 09:00:00,11.7,93,2.6,180,98,0,98
2001-05-27 10:00:00,12.8,86,3.1,200,240,6,236
2001-05-27 11:00:00,13.3,84,4.6,210,477,90,398
2001-05-27 12:00:00,14.4,81,2.6,260,675,265,428
2001-05-27 13:00:00,17.2,63,4.1,210,773,396,397
2001-05-27 14:00:00,18.3,56,4.1,200,897,628,323
2001-05-27 15:00:00,15.6,72,4.1,220,290,42,255
2001-05-27 16:00:00,17.2,65,3.1,230,640,517,274
2001-05-27 17:00:00,17.8,58,3.1,230,493,583,169
2001-05-27 18:00:00,17.8,60,4.1,210,252,254,156
2001-05-27 19:00:00,16.7,62,2.6,220,95,97,76
2001-05-27 20:00:00,16.1,72,1.5,230,3,18,3
2001-05-27 21:00:00,11.7,93,1.5,300,0,0,0
2001-05-27 22:00:00,11.1,97,0.0,0,0,0,0
2001-05-27 23:00:00,11.1,97,2.6,180,0,0,0
2001-05-28 00:00:00,11.1,97,2.1,200,0,0,0
2001-05-28 01:00:00,10.6,96,2.1,210,0,0,0
2001-05-28 02:00:00,10.0,100,2.1,200,0,0,0
2001-05-28 03:00:00,10.0,96,2.6,210,0,0,0
2001-05-28 04:00:00,10.6,96,1.5,240,0,0,0
2001-05-28 05:00:00,10.6,96,2.1,210,0,0,0
2001-05-28 06:00:00,11.1,93,3.6,220,0,0,0
2001-05-28 07:00:00,11.7,93,3.1,210,134,66,116
2001-05-28 08:00:00,13.0,88,3.1,200,379,416,188
2001-05-28 09:00:00,14.4,78,4.6,230,567,629,173
2001-05-28 10:00:00,15.6,67,4.1,250,651,466,293
2001-05-28 11:00:00,17.2,58,4.6,270,668,289,415
2001-05-28 12:00:00,17.8,56,4.1,250,809,487,354
2001-05-28 13:00:00,18.3,54,4.1,270,863,492,396
2001-05-28 14:00:00,19.4,51,3.6,250,342,42,304
2001-05-28 15:00:00,20.0,49,4.6,270,777,531,334
2001-05-28 16:00:00,19.4,49,4.1,270,657,671,180
2001-05-28 17:00:00,20.0,47,4.1,280,499,630,148
2001-05-28 18:00:00,19.4,49,2.6,270,304,438,137
2001-05-28 19:00:00,18.9,52,3.6,320,74,32,68
2001-05-28 20:00:00,17.2,58,3.1,310,3,0,3
2001-05-28 21:00:00,13.9,77,0.0,0,0,0,0
2001-05-28 22:00:00,12.8,86,0.0,0,0,0,0
2001-05-28 23:00:00,12.2,86,0.0,0,0,0,0
2001-05-29 00:00:00,10.6,96,0.0,0,0,0,0
2001-05-29 01:00:00,11.1,93,1.5,360,0,0,0
2001-05-29 02:00:00,10.6,96,0.0,0,0,0,0
2001-05-29 03:00:00,11.1,93,1.5,190,0,0,0
2001-05-29 04:00:00,11.1,93,0.0,0,0,0,0
2001-05-29 05:00:00,10.6,92,1.5,210,0,0,0
2001-05-29 06:00:00,11.7,89,0.0,0,0,0,0
2001-05-29 07:00:00,12.8,86,0.0,0,110,13,107
2001-05-29 08:00:00,12.2,93,0.0,0,62,0,62
2001-05-29 09:00:00,15.0,83,1.5,350,372,134,287
2001-05-29 10:00:00,17.2,75,2.1,340,727,575,284
2001-05-29 11:00:00,17.8,70,1.5,340,811,573,310
2001-05-29 12:00:00,18.9,61,2.6,330,724,319,426
2001-05-29 13:00:00,20.6,53,4.1,320,887,522,391
2001-05-29 14:00:00,21.1,51,2.6,300,903,646,311
2001-05-29 15:00:00,20.6,51,4.1,280,226,24,206
2001-05-29 16:00:00,21.7,45,3.6,290,641,546,251
2001-05-29 17:00:00,20.6,53,2.6,330,324,130,251
2001-05-29 18:00:00,15.6,78,0.0,0,98,0,98
2001-05-29 19:00:00,15.0,83,2.6,10,83,65,70
2001-05-29 20:00:00,15.0,83,1.5,260,1,0,1
2001-05-29 21:00:00,13.9,93,1.5,190,0,0,0
2001-05-29 22:00:00,13.3,97,0.0,0,0,0,0
2001-05-29 23:00:00,13.9,87,2.1,350,0,0,0
2001-05-30 00:00:00,13.3,90,2.1,350,0,0,0
2001-05-30 01:00:00,12.2,86,2.6,340,0,0,0
2001-05-30 02:00:00,10.6,86,2.1,350,0,0,0
2001-05-30 03:00:00,10.6,77,0.0,0,0,0,0
2001-05-30 04:00:00,9.4,83,0.0,0,0,0,0
2001-05-30 05:00:00,8.3,90,0.0,0,0,0,0
2001-05-30 06:00:00,8.3,93,0.0,0,0,0,0
2001-05-30 07:00:00,10.6,86,0.0,0,204,360,104
2001-05-30 08:00:00,11.1,66,2.1,360,364,391,184
2001-05-30 09:00:00,12.8,62,2.6,350,586,647,180
2001-05-30 10:00:00,13.3,55,1.5,310,676,527,271
2001-05-30 11:00:00,14.4,53,3.6,270,730,428,356
2001-05-30 12:00:00,15.6,47,3.1,290,682,265,434
2001-05-30 13:00:00,16.7,42,4.1,310,617,198,429
2001-05-30 14:00:00,16.7,39,3.1,330,914,700,273
2001-05-30 15:00:00,17.2,38,3.1,320,794,662,241
2001-05-30 16:00:00,18.3,34,3.1,320,663,618,222
2001-05-30 17:00:00,17.2,36,4.1,310,400,271,249
2001-05-30 18:00:00,16.1,38,3.1,320,263,312,143
2001-05-30 19:00:00,14.4,47,3.1,330,105,183,68
2001-05-30 20:00:00,13.3,51,0.0,0,3,0,3
2001-05-30 21:00:00,11.7,59,0.0,0,0,0,0
2001-05-30 22:00:00,9.4,68,2.1,10,0,0,0
2001-05-30 23:00:00,8.9,68,2.1,40,0,0,0
2001-05-31 00:00:00,8.3,71,0.0,0,0,0,0
2001-05-31 01:00:00,6.7,82,0.0,0,0,0,0
2001-05-31 02:00:00,5.6,89,1.5,220,0,0,0
2001-05-31 03:00:00,4.4,93,0.0,0,0,0,0
2001-05-31 04:00:00,3.3,97,0.0,0,0,0,0
2001-05-31 05:00:00,3.3,92,0.0,0,0,0,0
2001-05-31 06:00:00,4.4,89,0.0,0,0,0,0
2001-05-31 07:00:00,5.6,85,0.0,0,133,52,119
2001-05-31 08:00:00,7.8,79,0.0,0,316,211,219
2001-05-31 09:00:00,11.7,46,0.0,0,560,555,211
2001-05-31 10:00:00,13.9,42,2.1,10,727,636,237
2001-05-31 11:00:00,15.0,41,2.1,20,786,525,326
2001-05-31 12:00:00,16.1,38,1.5,20,961,776,234
2001-05-31 13:00:00,17.8,34,2.6,10,965,774,228
2001-05-31 14:00:00,17.8,31,1.5,10,861,563,345
2001-05-31 15:00:00,18.3,30,2.6,10,731,489,321
2001-05-31 16:00:00,18.9,33,2.6,360,403,95,335
2001-05-31 17:00:00,18.3,37,0.0,0,324,112,261
2001-05-31 18:00:00,17.8,41,0.0,0,217,115,172
2001-05-31 19:00:00,16.1,50,1.5,40,70,11,68
2001-05-31 20:00:00,14.4,60,0.0,0,5,6,4
2001-05-31 21:00:00,13.3,64,0.0,0,0,0,0
2001-05-31 22:00:00,13.5,69,0.3,0,0,0,0
2001-05-31 23:00:00,13.6,71,0.6,0,0,0,0
2001-06-01 00:00:00,13.8,74,0.9,0,0,0,0
2004-06-01 01:00:00,13.9,90,1.2,220,0,0,0
2004-06-01 02:00:00,14.1,97,1.5,190,0,0,0
2004-06-01 03:00:00,14.2,93,1.8,210,0,0,0
2004-06-01 04:00:00,14.4,93,2.1,220,0,0,0
2004-06-01 05:00:00,13.9,93,3.1,200,0,0,0
2004-06-01 06:00:00,13.9,93,1.5,200,0,0,0
2004-06-01 07:00:00,15.0,87,2.1,220,212,359,111
2004-06-01 08:00:00,17.2,78,3.6,210,392,546,139
2004-06-01 09:00:00,19.4,68,4.1,240,567,629,171
2004-06-01 10:00:00,20.0,61,4.1,240,581,279,367
2004-06-01 11:00:00,18.3,61,4.1,230,136,0,136
2004-06-01 12:00:00,20.6,53,4.1,250,901,589,348
2004-06-01 13:00:00,21.7,49,4.1,220,965,762,239
2004-06-01 14:00:00,22.2,49,5.2,250,744,407,370
2004-06-01 15:00:00,23.3,46,5.7,250,818,692,238
2004-06-01 16:00:00,22.8,46,6.2,250,607,517,236
2004-06-01 17:00:00,23.9,41,4.6,240,489,612,143
2004-06-01 18:00:00,22.8,42,4.1,230,310,427,144
2004-06-01 19:00:00,20.6,49,6.2,250,62,0,62
2004-06-01 20:00:00,16.7,70,4.1,210,1,0,1
2004-06-01 21:00:00,15.6,78,3.6,210,0,0,0
2004-06-01 22:00:00,15.0,81,2.6,220,0,0,0
2004-06-01 23:00:00,14.4,84,3.6,210,0,0,0
2004-06-02 00:00:00,13.9,87,3.1,210,0,0,0
2004-06-02 01:00:00,13.9,83,3.1,220,0,0,0
2004-06-02 02:00:00,13.3,90,2.6,220,0,0,0
2004-06-02 03:00:00,13.3,90,3.1,210,0,0,0
2004-06-02 04:00:00,14.4,87,2.6,210,0,0,0
2004-06-02 05:00:00,14.4,90,2.6,220,0,0,0
2004-06-02 06:00:00,14.4,90,3.1,220,49,0,49
2004-06-02 07:00:00,15.6,83,3.1,210,211,359,110
2004-06-02 08:00:00,16.7,80,4.1,220,357,354,193
2004-06-02 09:00:00,17.8,78,2.6,220,352,98,290
2004-06-02 10:00:00,19.0,73,4.1,220,379,73,323
2004-06-02 11:00:00,21.7,66,2.6,260,854,627,304
2004-06-02 12:00:00,23.3,53,3.6,290,937,746,237
2004-06-02 13:00:00,23.3,46,5.7,220,875,528,372
2004-06-02 14:00:00,24.4,42,4.6,230,236,12,225
2004-06-02 15:00:00,21.1,49,6.2,240,249,12,239
2004-06-02 16:00:00,20.6,57,4.6,210,624,511,257
2004-06-02 17:00:00,20.6,59,3.6,230,308,100,251
2004-06-02 18:00:00,19.4,70,2.1,170,166,35,152
2004-06-02 19:00:00,17.8,75,2.1,110,128,233,80
2004-06-02 20:00:00,17.2,78,3.1,360,7,27,6
2004-06-02 21:00:00,15.0,93,0.0,0,0,0,0
2004-06-02 22:00:00,15.0,93,2.1,80,0,0,0
2004-06-02 23:00:00,13.9,100,3.1,160,0,0,0
2004-06-03 00:00:00,13.9,100,1.5,190,0,0,0
2004-06-03 01:00:00,13.9,100,1.5,190,0,0,0
2004-06-03 02:00:00,13.9,100,0.0,0,0,0,0
2004-06-03 03:00:00,13.9,100,1.5,290,0,0,0
2004-06-03 04:00:00,13.9,100,1.5,220,0,0,0
2004-06-03 05:00:00,14.0,100,0.0,0,0,0,0
2004-06-03 06:00:00,13.9,100,1.5,190,48,0,48
2004-06-03 07:00:00,14.4,100,1.5,190,195,242,127
2004-06-03 08:00:00,16.1,93,1.5,280,350,347,189
2004-06-03 09:00:00,16.7,90,0.0,0,475,305,283
2004-06-03 10:00:00,17.2,87,2.1,350,360,36,332
2004-06-03 11:00:00,20.0,73,2.1,350,452,42,415
2004-06-03 12:00:00,19.4,73,2.6,360,450,60,394
2004-06-03 13:00:00,21.1,61,3.1,360,791,450,362
2004-06-03 14:00:00,22.2,55,1.5,10,761,449,348
2004-06-03 15:00:00,22.2,55,3.1,10,812,668,251
2004-06-03 16:00:00,22.2,51,1.5,360,653,647,187
2004-06-03 17:00:00,22.2,46,2.1,350,489,601,149
2004-06-03 18:00:00,22.2,46,1.5,340,306,480,118
2004-06-03 19:00:00,20.6,54,2.1,10,133,293,72
2004-06-03 20:00:00,18.9,65,0.0,0,7,24,6
2004-06-03 21:00:00,16.7,78,0.0,0,0,0,0
2004-06-03 22:00:00,15.6,80,0.0,0,0,0,0
2004-06-03 23:00:00,13.3,93,1.5,10,0,0,0
2004-06-04 00:00:00,12.8,93,0.0,0,0,0,0
2004-06-04 01:00:00,13.3,90,0.0,0,0,0,0
2004-06-04 02:00:00,11.1,100,1.5,20,0,0,0
2004-06-04 03:00:00,11.0,100,2.1,360,0,0,0
2004-06-04 04:00:00,11.1,97,0.0,0,0,0,0
2004-06-04 05:00:00,11.1,97,1.5,350,0,0,0
2004-06-04 06:00:00,11.7,96,1.5,360,48,0,48
2004-06-04 07:00:00,12.2,90,1.5,350,47,0,47
2004-06-04 08:00:00,13.3,90,1.5,330,117,0,117
2004-06-04 09:00:00,15.0,77,2.1,360,247,12,240
2004-06-04 10:00:00,16.7,78,2.1,350,190,0,190
2004-06-04 11:00:00,17.2,70,1.5,30,235,0,235
2004-06-04 12:00:00,18.3,65,3.1,60,225,6,220
2004-06-04 13:00:00,18.3,63,3.1,80,455,54,404
2004-06-04 14:00:00,18.3,68,3.1,80,378,36,345
2004-06-04 15:00:00,18.3,65,3.6,100,238,6,233
2004-06-04 16:00:00,17.2,75,3.1,60,125,0,125
2004-06-04 17:00:00,16.7,78,3.6,70,88,0,88
2004-06-04 18:00:00,16.1,83,1.5,40,88,0,88
2004-06-04 19:00:00,15.6,90,0.0,0,44,0,44
2004-06-04 20:00:00,15.0,96,0.0,0,6,0,6
2004-06-04 21:00:00,14.4,100,1.5,340,0,0,0
2004-06-04 22:00:00,14.4,100,0.0,0,0,0,0
2004-06-04 23:00:00,14.4,97,0.0,0,0,0,0
2004-06-05 00:00:00,13.9,100,1.5,90,0,0,0
2004-06-05 01:00:00,13.9,100,2.1,50,0,0,0
2004-06-05 02:00:00,13.9,96,0.0,0,0,0,0
2004-06-05 03:00:00,14.0,94,0.0,0,0,0,0
2004-06-05 04:00:00,13.0,100,0.0,0,0,0,0
2004-06-05 05:00:00,13.0,100,0.0,0,0,0,0
2004-06-05 06:00:00,13.9,100,0.0,0,16,0,16
2004-06-05 07:00:00,13.9,96,0.0,0,31,0,31
2004-06-05 08:00:00,14.4,100,0.0,0,62,0,62
2004-06-05 09:00:00,15.0,93,0.0,0,91,0,91
2004-06-05 10:00:00,16.1,87,2.6,100,171,0,171
2004-06-05 11:00:00,16.1,83,2.1,100,260,6,255
2004-06-05 12:00:00,16.7,84,1.5,50,152,0,152
2004-06-05 13:00:00,17.2,84,0.0,0,234,0,234
2004-06-05 14:00:00,18.3,81,3.1,30,277,6,272
2004-06-05 15:00:00,18.3,78,3.6,50,261,0,261
2004-06-05 16:00:00,17.8,80,2.1,40,204,6,200
2004-06-05 17:00:00,17.8,84,2.6,40,148,0,148
2004-06-05 18:00:00,17.2,84,1.5,60,187,64,162
2004-06-05 19:00:00,17.8,80,0.0,0,134,245,82
2004-06-05 20:00:00,17.2,81,0.0,0,8,18,7
2004-06-05 21:00:00,16.1,97,1.5,80,0,0,0
2004-06-05 22:00:00,16.7,84,2.1,110,0,0,0
2004-06-05 23:00:00,16.1,87,0.0,0,0,0,0
2004-06-06 00:00:00,15.6,83,1.5,100,0,0,0
2004-06-06 01:00:00,14.4,90,2.1,130,0,0,0
2004-06-06 02:00:00,14.4,90,1.5,110,0,0,0
2004-06-06 03:00:00,13.9,89,2.1,160,0,0,0
2004-06-06 04:00:00,13.3,97,0.0,0,0,0,0
2004-06-06 05:00:00,13.9,96,0.0,0,0,0,0
2004-06-06 06:00:00,13.9,100,0.0,0,31,0,31
2004-06-06 07:00:00,15.0,93,1.5,160,101,0,101
2004-06-06 08:00:00,16.1,90,0.0,0,144,0,144
2004-06-06 09:00:00,16.7,90,1.5,230,156,0,156
2004-06-06 10:00:00,17.2,87,1.5,230,246,6,242
2004-06-06 11:00:00,17.8,84,1.5,220,192,6,187
2004-06-06 12:00:00,19.4,79,2.6,240,371,42,332
2004-06-06 13:00:00,20.6,68,2.1,230,641,240,412
2004-06-06 14:00:00,21.7,68,2.6,230,443,60,388
2004-06-06 15:00:00,22.2,66,3.1,240,464,90,389
2004-06-06 16:00:00,21.7,66,2.6,190,568,356,310
2004-06-06 17:00:00,22.2,61,1.5,250,462,471,193
2004-06-06 18:00:00,22.2,61,2.1,300,296,387,142
2004-06-06 19:00:00,21.1,68,0.0,0,134,278,75
2004-06-06 20:00:00,18.3,87,1.5,120,8,14,7
2004-06-06 21:00:00,17.2,90,0.0,0,0,0,0
2004-06-06 22:00:00,15.6,100,0.0,0,0,0,0
2004-06-06 23:00:00,16.0,94,0.0,0,0,0,0
2004-06-07 00:00:00,13.9,100,1.5,200,0,0,0
2004-06-07 01:00:00,14.0,100,0.0,0,0,0,0
2004-06-07 02:00:00,13.9,96,0.0,0,0,0,0
2004-06-07 03:00:00,13.3,97,0.0,0,0,0,0
2004-06-07 04:00:00,12.8,100,0.0,0,0,0,0
2004-06-07 05:00:00,12.2,100,0.0,0,0,0,0
2004-06-07 06:00:00,13.3,97,0.0,0,47,0,47
2004-06-07 07:00:00,15.0,93,0.0,0,179,156,135
2004-06-07 08:00:00,18.3,84,0.0,0,364,403,176
2004-06-07 09:00:00,20.6,78,0.0,0,547,549,199
2004-06-07 10:00:00,22.2,61,2.1,160,720,690,186
2004-06-07 11:00:00,23.9,55,2.6,160,848,700,233
2004-06-07 12:00:00,24.4,54,1.5,200,937,746,235
2004-06-07 13:00:00,25.6,47,3.1,120,887,546,365
2004-06-07 14:00:00,26.1,47,0.0,0,909,742,224
2004-06-07 15:00:00,26.7,47,0.0,0,824,764,179
2004-06-07 16:00:00,27.8,42,1.5,360,670,689,171
2004-06-07 17:00:00,27.2,42,0.0,0,506,601,162
2004-06-07 18:00:00,26.7,54,1.5,360,307,457,125
2004-06-07 19:00:00,25.6,56,0.0,0,139,305,74
2004-06-07 20:00:00,22.8,71,0.0,0,10,40,8
2004-06-07 21:00:00,21.7,63,3.1,160,0,0,0
2004-06-07 22:00:00,21.1,66,0.0,0,0,0,0
2004-06-07 23:00:00,19.4,73,2.1,170,0,0,0
2004-06-08 00:00:00,18.9,75,0.0,0,0,0,0
2004-06-08 01:00:00,17.2,87,0.0,0,0,0,0
2004-06-08 02:00:00,16.1,97,0.0,0,0,0,0
2004-06-08 03:00:00,15.6,100,0.0,0,0,0,0
2004-06-08 04:00:00,15.0,96,0.0,0,0,0,0
2004-06-08 05:00:00,15.6,96,0.0,0,0,0,0
2004-06-08 06:00:00,16.7,90,0.0,0,46,0,46
2004-06-08 07:00:00,18.9,84,0.0,0,210,339,114
2004-06-08 08:00:00,21.7,73,0.0,0,391,533,143
2004-06-08 09:00:00,23.3,71,3.6,240,566,647,157
2004-06-08 10:00:00,25.0,64,1.5,280,714,666,199
2004-06-08 11:00:00,26.7,60,2.6,320,854,718,223
2004-06-08 12:00:00,27.2,61,0.0,0,931,722,252
2004-06-08 13:00:00,27.8,58,2.1,320,815,492,345
2004-06-08 14:00:00,28.3,57,2.6,270,673,293,402
2004-06-08 15:00:00,28.9,49,3.6,230,801,621,277
2004-06-08 16:00:00,28.9,51,1.5,220,659,653,185
2004-06-08 17:00:00,28.9,51,3.1,210,495,607,147
2004-06-08 18:00:00,28.3,55,3.1,240,307,451,127
2004-06-08 19:00:00,27.8,58,2.1,240,135,295,71
2004-06-08 20:00:00,25.0,71,0.0,0,10,37,9
2004-06-08 21:00:00,22.8,84,0.0,0,0,0,0
2004-06-08 22:00:00,21.7,90,0.0,0,0,0,0
2004-06-08 23:00:00,21.1,90,0.0,0,0,0,0
2004-06-09 00:00:00,20.6,90,0.0,0,0,0,0
2004-06-09 01:00:00,20.0,93,0.0,0,0,0,0
2004-06-09 02:00:00,18.3,100,0.0,0,0,0,0
2004-06-09 03:00:00,18.9,96,1.5,210,0,0,0
2004-06-09 04:00:00,19.4,97,0.0,0,0,0,0
2004-06-09 05:00:00,18.9,96,0.0,0,0,0,0
2004-06-09 06:00:00,20.0,93,1.5,200,62,53,56
2004-06-09 07:00:00,21.7,84,1.5,190,202,300,117
2004-06-09 08:00:00,22.8,81,2.6,210,370,447,162
2004-06-09 09:00:00,24.4,76,2.6,220,560,598,181
2004-06-09 10:00:00,26.1,74,3.6,170,714,666,198
2004-06-09 11:00:00,27.2,69,3.6,220,848,712,222
2004-06-09 12:00:00,27.8,65,3.6,220,919,728,234
2004-06-09 13:00:00,29.4,57,2.1,240,905,612,319
2004-06-09 14:00:00,29.4,59,3.1,250,844,616,274
2004-06-09 15:00:00,29.4,59,3.1,240,772,591,272
2004-06-09 16:00:00,30.0,57,3.6,260,631,564,221
2004-06-09 17:00:00,29.4,57,3.1,240,490,566,165
2004-06-09 18:00:00,28.9,61,2.6,230,312,457,129
2004-06-09 19:00:00,28.3,63,2.1,210,131,268,73
2004-06-09 20:00:00,25.6,76,2.1,200,11,33,9
2004-06-09 21:00:00,23.9,84,0.0,0,0,0,0
2004-06-09 22:00:00,22.2,93,2.1,200,0,0,0
2004-06-09 23:00:00,23.3,74,1.5,280,0,0,0
2004-06-10 00:00:00,21.7,84,0.0,0,0,0,0
2004-06-10 01:00:00,21.7,84,1.5,190,0,0,0
2004-06-10 02:00:00,21.1,90,1.5,210,0,0,0
2004-06-10 03:00:00,21.1,90,0.0,0,0,0,0
2004-06-10 04:00:00,20.0,96,1.5,180,0,0,0
2004-06-10 05:00:00,19.4,97,0.0,0,0,0,0
2004-06-10 06:00:00,19.4,97,2.1,180,15,0,15
2004-06-10 07:00:00,20.6,90,0.0,0,202,274,124
2004-06-10 08:00:00,21.7,87,1.5,220,295,130,234
2004-06-10 09:00:00,23.9,79,2.6,230,391,140,302
2004-06-10 10:00:00,26.1,69,2.1,230,417,73,361
2004-06-10 11:00:00,27.2,65,2.6,240,483,84,408
2004-06-10 12:00:00,26.7,60,3.1,240,712,307,423
2004-06-10 13:00:00,26.1,62,3.6,250,150,0,150
2004-06-10 14:00:00,24.4,67,6.2,290,307,18,290
2004-06-10 15:00:00,23.9,74,3.1,270,226,0,226
2004-06-10 16:00:00,21.7,87,4.1,240,131,0,131
2004-06-10 17:00:00,22.2,84,2.6,300,83,0,83
2004-06-10 18:00:00,21.1,93,0.0,0,89,0,89
2004-06-10 19:00:00,20.6,93,0.0,0,77,22,72
2004-06-10 20:00:00,20.0,100,1.5,210,11,22,10
2004-06-10 21:00:00,20.0,96,2.6,220,0,0,0
2004-06-10 22:00:00,20.0,96,2.1,220,0,0,0
2004-06-10 23:00:00,19.4,100,2.1,220,0,0,0
2004-06-11 00:00:00,19.4,100,2.1,210,0,0,0
2004-06-11 01:00:00,19.4,100,2.1,210,0,0,0
2004-06-11 02:00:00,19.4,100,0.0,0,0,0,0
2004-06-11 03:00:00,18.9,100,0.0,0,0,0,0
2004-06-11 04:00:00,18.9,100,0.0,0,0,0,0
2004-06-11 05:00:00,18.9,100,1.5,200,0,0,0
2004-06-11 06:00:00,19.4,100,0.0,0,15,0,15
2004-06-11 07:00:00,20.0,100,0.0,0,101,0,101
2004-06-11 08:00:00,21.1,93,0.0,0,137,0,137
2004-06-11 09:00:00,22.0,88,1.5,290,163,0,163
2004-06-11 10:00:00,21.1,97,2.1,220,126,0,126
2004-06-11 11:00:00,20.6,96,1.5,200,136,0,136
2004-06-11 12:00:00,21.0,94,2.1,250,189,6,183
2004-06-11 13:00:00,20.6,96,0.0,0,198,0,198
2004-06-11 14:00:00,21.1,93,3.6,110,195,0,195
2004-06-11 15:00:00,21.1,97,2.1,130,157,0,157
2004-06-11 16:00:00,21.1,97,2.1,200,114,0,114
2004-06-11 17:00:00,21.1,97,3.1,210,88,0,88
2004-06-11 18:00:00,18.9,100,3.1,340,52,0,52
2004-06-11 19:00:00,18.9,96,3.6,40,23,0,23
2004-06-11 20:00:00,18.3,97,4.1,360,2,0,2
2004-06-11 21:00:00,16.7,100,2.6,20,0,0,0
2004-06-11 22:00:00,16.7,96,3.1,360,0,0,0
2004-06-11 23:00:00,16.7,96,1.5,10,0,0,0
2004-06-12 00:00:00,16.1,100,1.5,10,0,0,0
2004-06-12 01:00:00,16.1,93,2.6,30,0,0,0
2004-06-12 02:00:00,16.1,90,3.1,50,0,0,0
2004-06-12 03:00:00,16.1,90,0.0,0,0,0,0
2004-06-12 04:00:00,15.6,90,0.0,0,0,0,0
2004-06-12 05:00:00,15.0,96,1.5,340,0,0,0
2004-06-12 06:00:00,16.1,90,0.0,0,46,0,46
2004-06-12 07:00:00,17.2,84,2.1,70,210,339,114
2004-06-12 08:00:00,17.8,84,2.1,140,391,533,142
2004-06-12 09:00:00,20.0,70,2.1,140,566,647,157
2004-06-12 10:00:00,22.0,69,2.6,130,714,612,241
2004-06-12 11:00:00,23.3,69,3.1,90,588,193,418
2004-06-12 12:00:00,23.3,66,1.5,40,657,241,431
2004-06-12 13:00:00,23.9,69,2.1,360,594,150,450
2004-06-12 14:00:00,23.9,66,2.1,60,555,138,428
2004-06-12 15:00:00,24.4,67,2.6,130,499,119,398
2004-06-12 16:00:00,25.0,64,1.5,120,483,196,340
2004-06-12 17:00:00,25.0,64,3.1,120,479,448,221
2004-06-12 18:00:00,23.9,69,2.1,110,224,116,177
2004-06-12 19:00:00,22.8,71,4.1,110,91,44,81
2004-06-12 20:00:00,21.1,73,2.6,120,4,0,4
2004-06-12 21:00:00,20.6,75,4.1,130,0,0,0
2004-06-12 22:00:00,20.6,75,2.1,120,0,0,0
2004-06-12 23:00:00,20.0,81,1.5,100,0,0,0
2004-06-13 00:00:00,20.0,84,2.1,130,0,0,0
2004-06-13 01:00:00,20.0,84,1.5,340,0,0,0
2004-06-13 02:00:00,19.4,87,2.1,90,0,0,0
2004-06-13 03:00:00,19.4,93,3.1,150,0,0,0
2004-06-13 04:00:00,18.9,93,0.0,0,0,0,0
2004-06-13 05:00:00,18.9,93,1.5,170,0,0,0
2004-06-13 06:00:00,19.4,87,2.1,180,30,0,30
2004-06-13 07:00:00,19.4,87,0.0,0,62,0,62
2004-06-13 08:00:00,20.6,87,2.1,180,240,74,205
2004-06-13 09:00:00,23.3,74,3.1,220,495,336,282
2004-06-13 10:00:00,23.9,74,1.5,210,360,103,281
2004-06-13 11:00:00,26.1,67,3.6,210,860,639,298
2004-06-13 12:00:00,26.7,67,4.6,200,852,565,319
2004-06-13 13:00:00,27.8,63,4.1,210,953,720,263
2004-06-13 14:00:00,28.9,57,4.6,230,809,521,327
2004-06-13 15:00:00,28.3,61,3.6,220,807,651,255
2004-06-13 16:00:00,28.3,61,3.1,200,637,535,246
2004-06-13 17:00:00,28.3,63,2.6,190,386,224,256
2004-06-13 18:00:00,28.3,63,3.1,190,271,266,163
2004-06-13 19:00:00,27.2,69,3.1,180,145,312,76
2004-06-13 20:00:00,25.6,76,2.1,170,12,23,11
2004-06-13 21:00:00,25.6,76,2.6,180,0,0,0
2004-06-13 22:00:00,25.6,76,1.5,190,0,0,0
2004-06-13 23:00:00,24.4,79,2.1,180,0,0,0
2004-06-14 00:00:00,23.9,79,2.1,200,0,0,0
2004-06-14 01:00:00,23.3,79,3.1,190,0,0,0
2004-06-14 02:00:00,23.3,76,2.1,200,0,0,0
2004-06-14 03:00:00,22.8,79,2.1,200,0,0,0
2004-06-14 04:00:00,23.3,76,1.5,210,0,0,0
2004-06-14 05:00:00,22.8,79,1.5,210,0,0,0
2004-06-14 06:00:00,23.3,79,2.1,220,30,0,30
2004-06-14 07:00:00,22.2,91,2.1,210,78,0,78
2004-06-14 08:00:00,22.8,90,2.1,220,62,0,62
2004-06-14 09:00:00,23.3,91,3.1,210,475,287,294
2004-06-14 10:00:00,24.4,85,3.6,230,632,418,309
2004-06-14 11:00:00,25.6,79,3.6,240,477,90,397
2004-06-14 12:00:00,26.7,71,4.6,210,877,529,378
2004-06-14 13:00:00,27.2,72,4.1,240,516,96,424
2004-06-14 14:00:00,27.8,67,3.1,240,815,533,321
2004-06-14 15:00:00,28.3,67,2.6,240,737,471,337
2004-06-14 16:00:00,28.9,65,3.6,240,307,65,259
2004-06-14 17:00:00,28.3,67,4.1,240,513,531,205
2004-06-14 18:00:00,23.9,96,2.6,170,266,232,172
2004-06-14 19:00:00,24.4,91,1.5,200,27,0,27
2004-06-14 20:00:00,23.0,100,1.5,200,6,0,6
2004-06-14 21:00:00,23.3,97,2.6,150,0,0,0
2004-06-14 22:00:00,22.8,96,2.1,180,0,0,0
2004-06-14 23:00:00,22.2,97,2.1,190,0,0,0
2004-06-15 00:00:00,21.7,96,1.5,200,0,0,0
2004-06-15 01:00:00,21.7,96,1.5,200,0,0,0
2004-06-15 02:00:00,21.7,96,1.5,200,0,0,0
2004-06-15 03:00:00,21.1,97,1.5,210,0,0,0
2004-06-15 04:00:00,20.6,100,1.5,200,0,0,0
2004-06-15 05:00:00,20.6,96,2.1,190,0,0,0
2004-06-15 06:00:00,21.1,97,1.5,190,46,0,46
2004-06-15 07:00:00,22.2,91,1.5,280,148,72,127
2004-06-15 08:00:00,22.8,90,0.0,0,350,304,208
2004-06-15 09:00:00,23.3,91,2.1,180,189,6,185
2004-06-15 10:00:00,23.9,88,2.6,190,284,12,275
2004-06-15 11:00:00,25.0,84,2.1,190,347,18,331
2004-06-15 12:00:00,26.1,82,1.5,230,286,12,275
2004-06-15 13:00:00,28.3,72,2.6,270,935,648,314
2004-06-15 14:00:00,29.4,65,2.6,270,880,652,275
2004-06-15 15:00:00,28.9,65,2.1,270,784,525,338
2004-06-15 16:00:00,28.9,65,2.1,260,136,0,136
2004-06-15 17:00:00,28.3,70,3.1,260,176,6,173
2004-06-15 18:00:00,27.8,74,2.1,330,193,58,170
2004-06-15 19:00:00,25.6,85,1.5,70,96,49,84
2004-06-15 20:00:00,24.4,88,0.0,0,12,23,11
2004-06-15 21:00:00,24.4,88,0.0,0,0,0,0
2004-06-15 22:00:00,23.3,94,1.5,190,0,0,0
2004-06-15 23:00:00,23.3,91,0.0,0,0,0,0
2004-06-16 00:00:00,22.8,94,0.0,0,0,0,0
2004-06-16 01:00:00,22.0,100,1.5,20,0,0,0
2004-06-16 02:00:00,22.2,97,0.0,0,0,0,0
2004-06-16 03:00:00,21.7,100,0.0,0,0,0,0
2004-06-16 04:00:00,21.0,100,1.5,180,0,0,0
2004-06-16 05:00:00,21.1,100,1.5,200,0,0,0
2004-06-16 06:00:00,21.1,100,0.0,0,15,0,15
2004-06-16 07:00:00,22.2,97,0.0,0,78,0,78
2004-06-16 08:00:00,23.3,94,0.0,0,185,6,182
2004-06-16 09:00:00,24.4,88,0.0,0,247,12,240
2004-06-16 10:00:00,25.0,84,0.0,0,202,12,193
2004-06-16 11:00:00,26.7,76,0.0,0,594,350,287
2004-06-16 12:00:00,27.2,77,0.0,0,268,12,257
2004-06-16 13:00:00,26.7,82,2.1,60,192,6,186
2004-06-16 14:00:00,22.2,91,2.6,120,337,24,314
2004-06-16 15:00:00,22.2,97,2.1,120,168,0,168
2004-06-16 16:00:00,23.3,91,0.0,0,227,6,223
2004-06-16 17:00:00,23.9,94,1.5,360,314,100,256
2004-06-16 18:00:00,23.9,90,0.0,0,303,353,159
2004-06-16 19:00:00,23.3,97,0.0,0,141,296,75
2004-06-16 20:00:00,23.3,94,0.0,0,12,19,11
2004-06-16 21:00:00,22.2,100,0.0,0,0,0,0
2004-06-16 22:00:00,22.2,100,0.0,0,0,0,0
2004-06-16 23:00:00,21.7,100,0.0,0,0,0,0
2004-06-17 00:00:00,21.1,100,0.0,0,0,0,0
2004-06-17 01:00:00,21.1,100,1.5,200,0,0,0
2004-06-17 02:00:00,21.1,100,1.5,200,0,0,0
2004-06-17 03:00:00,21.1,100,0.0,0,0,0,0
2004-06-17 04:00:00,21.1,100,0.0,0,0,0,0
2004-06-17 05:00:00,21.1,100,1.5,200,0,0,0
2004-06-17 06:00:00,22.2,93,2.1,200,15,0,15
2004-06-17 07:00:00,22.8,94,2.1,200,93,0,93
2004-06-17 08:00:00,23.9,90,2.6,220,281,143,215
2004-06-17 09:00:00,25.0,84,3.6,240,221,6,218
2004-06-17 10:00:00,25.0,88,3.1,230,209,0,209
2004-06-17 11:00:00,26.0,84,2.6,210,223,0,223
2004-06-17 12:00:00,27.0,84,3.1,220,146,6,140
2004-06-17 13:00:00,27.2,82,3.1,210,936,648,314
2004-06-17 14:00:00,28.3,74,3.6,200,833,563,311
2004-06-17 15:00:00,29.4,70,3.6,200,755,519,313
2004-06-17 16:00:00,29.4,65,3.6,220,449,149,340
2004-06-17 17:00:00,26.1,79,5.2,230,176,6,173
2004-06-17 18:00:00,21.7,96,1.5,220,57,0,57
2004-06-17 19:00:00,21.0,100,2.1,210,87,44,77
2004-06-17 20:00:00,21.1,97,2.1,190,14,35,13
2004-06-17 21:00:00,21.7,93,0.0,0,0,0,0
2004-06-17 22:00:00,21.0,100,0.0,0,0,0,0
2004-06-17 23:00:00,21.1,97,2.6,170,0,0,0
2004-06-18 00:00:00,20.6,100,2.6,200,0,0,0
2004-06-18 01:00:00,20.6,100,2.1,210,0,0,0
2004-06-18 02:00:00,20.6,100,0.0,0,0,0,0
2004-06-18 03:00:00,21.0,100,0.0,0,0,0,0
2004-06-18 04:00:00,20.6,100,0.0,0,0,0,0
2004-06-18 05:00:00,20.0,100,0.0,0,0,0,0
2004-06-18 06:00:00,20.6,100,2.1,200,46,0,46
2004-06-18 07:00:00,21.7,100,2.6,240,117,26,109
2004-06-18 08:00:00,22.2,100,1.5,210,329,242,217
2004-06-18 09:00:00,23.3,94,2.6,220,156,0,156
2004-06-18 10:00:00,24.0,89,2.1,270,303,12,294
2004-06-18 11:00:00,25.6,85,2.6,270,347,18,331
2004-06-18 12:00:00,26.7,76,3.1,290,536,108,434
2004-06-18 13:00:00,26.1,79,1.5,310,762,354,422
2004-06-18 14:00:00,27.8,69,2.6,330,839,569,311
2004-06-18 15:00:00,28.3,67,3.1,330,691,412,341
2004-06-18 16:00:00,28.3,61,4.1,290,654,612,205
2004-06-18 17:00:00,27.8,65,2.6,300,419,295,247
2004-06-18 18:00:00,27.8,63,3.1,310,314,429,138
2004-06-18 19:00:00,26.7,67,1.5,340,146,324,73
2004-06-18 20:00:00,25.0,74,0.0,0,15,47,12
2004-06-18 21:00:00,23.9,79,0.0,0,0,0,0
2004-06-18 22:00:00,23.3,82,0.0,0,0,0,0
2004-06-18 23:00:00,22.8,84,2.6,350,0,0,0
2004-06-19 00:00:00,21.1,87,3.1,10,0,0,0
2004-06-19 01:00:00,20.0,90,0.0,0,0,0,0
2004-06-19 02:00:00,20.0,90,0.0,0,0,0,0
2004-06-19 03:00:00,19.4,90,0.0,0,0,0,0
2004-06-19 04:00:00,18.9,96,0.0,0,0,0,0
2004-06-19 05:00:00,18.3,97,1.5,160,0,0,0
2004-06-19 06:00:00,18.9,96,0.0,0,15,0,15
2004-06-19 07:00:00,18.9,96,0.0,0,210,280,131
2004-06-19 08:00:00,20.6,93,1.5,320,268,105,219
2004-06-19 09:00:00,21.7,81,2.1,280,293,61,255
2004-06-19 10:00:00,22.2,79,3.6,290,114,0,114
2004-06-19 11:00:00,21.1,84,4.1,330,136,0,136
2004-06-19 12:00:00,20.0,83,2.1,340,158,0,158
2004-06-19 13:00:00,20.0,84,3.1,330,276,6,270
2004-06-19 14:00:00,20.6,75,3.1,320,165,0,165
2004-06-19 15:00:00,22.2,66,3.1,330,221,12,211
2004-06-19 16:00:00,22.2,59,5.2,340,660,475,311
2004-06-19 17:00:00,22.2,55,4.6,330,370,195,256
2004-06-19 18:00:00,21.1,57,2.6,340,329,458,141
2004-06-19 19:00:00,20.0,57,4.1,350,151,357,70
2004-06-19 20:00:00,17.2,65,4.1,360,15,43,13
2004-06-19 21:00:00,15.6,67,3.1,360,0,0,0
2004-06-19 22:00:00,13.9,72,3.1,360,0,0,0
2004-06-19 23:00:00,13.3,72,3.6,10,0,0,0
2004-06-20 00:00:00,11.7,83,2.1,10,0,0,0
2004-06-20 01:00:00,10.6,86,2.6,10,0,0,0
2004-06-20 02:00:00,10.0,89,1.5,20,0,0,0
2004-06-20 03:00:00,8.9,86,2.1,20,0,0,0
2004-06-20 04:00:00,8.3,93,0.0,0,0,0,0
2004-06-20 05:00:00,7.8,96,0.0,0,0,0,0
2004-06-20 06:00:00,8.9,96,0.0,0,47,0,47
2004-06-20 07:00:00,10.6,86,0.0,0,211,352,111
2004-06-20 08:00:00,12.2,71,1.5,40,391,552,136
2004-06-20 09:00:00,13.9,64,1.5,70,573,659,158
2004-06-20 10:00:00,15.6,60,2.1,340,727,721,171
2004-06-20 11:00:00,16.7,50,2.6,350,861,760,193
2004-06-20 12:00:00,17.2,52,2.1,350,944,806,184
2004-06-20 13:00:00,19.4,42,1.5,360,972,822,183
2004-06-20 14:00:00,20.0,43,1.5,10,928,808,177
2004-06-20 15:00:00,20.6,40,2.1,10,831,764,180
2004-06-20 16:00:00,20.0,45,2.6,20,688,719,160
2004-06-20 17:00:00,20.6,42,0.0,0,519,637,147
2004-06-20 18:00:00,20.6,44,1.5,10,335,551,108
2004-06-20 19:00:00,18.9,50,2.6,10,151,357,69
2004-06-20 20:00:00,17.2,60,0.0,0,15,40,13
2004-06-20 21:00:00,15.0,72,0.0,0,0,0,0
2004-06-20 22:00:00,13.3,87,0.0,0,0,0,0
2004-06-20 23:00:00,12.2,93,0.0,0,0,0,0
2004-06-21 00:00:00,11.7,89,0.0,0,0,0,0
2004-06-21 01:00:00,11.1,93,0.0,0,0,0,0
2004-06-21 02:00:00,11.7,86,0.0,0,0,0,0
2004-06-21 03:00:00,10.6,92,0.0,0,0,0,0
2004-06-21 04:00:00,10.0,96,0.0,0,0,0,0
2004-06-21 05:00:00,10.0,96,0.0,0,0,0,0
2004-06-21 06:00:00,11.1,89,0.0,0,63,35,59
2004-06-21 07:00:00,13.3,80,0.0,0,211,281,132
2004-06-21 08:00:00,14.4,81,0.0,0,247,87,207
2004-06-21 09:00:00,15.6,78,0.0,0,345,92,288
2004-06-21 10:00:00,20.6,54,2.6,140,715,581,266
2004-06-21 11:00:00,21.7,42,3.6,210,861,748,204
2004-06-21 12:00:00,23.3,41,3.1,230,913,692,262
2004-06-21 13:00:00,23.3,33,3.6,210,966,816,183
2004-06-21 14:00:00,23.9,36,3.1,240,928,802,182
2004-06-21 15:00:00,25.0,37,2.6,230,825,722,210
2004-06-21 16:00:00,25.6,37,2.6,220,671,678,173
2004-06-21 17:00:00,26.1,36,3.1,200,524,655,142
2004-06-21 18:00:00,25.6,40,1.5,200,330,516,117
2004-06-21 19:00:00,25.0,45,1.5,200,151,357,69
2004-06-21 20:00:00,21.7,63,1.5,170,15,40,13
2004-06-21 21:00:00,20.0,73,1.5,200,0,0,0
2004-06-21 22:00:00,20.0,70,2.1,190,0,0,0
2004-06-21 23:00:00,20.6,68,0.0,0,0,0,0
2004-06-22 00:00:00,20.6,73,0.0,0,0,0,0
2004-06-22 01:00:00,21.7,73,2.6,180,0,0,0
2004-06-22 02:00:00,22.2,71,1.5,190,0,0,0
2004-06-22 03:00:00,22.2,71,2.1,210,0,0,0
2004-06-22 04:00:00,22.2,71,3.6,220,0,0,0
2004-06-22 05:00:00,21.1,81,3.6,240,0,0,0
2004-06-22 06:00:00,19.4,97,2.1,190,48,0,48
2004-06-22 07:00:00,20.0,93,2.6,190,62,0,62
2004-06-22 08:00:00,21.7,90,3.1,200,234,62,205
2004-06-22 09:00:00,22.2,87,3.1,220,345,85,292
2004-06-22 10:00:00,23.3,82,3.6,210,500,176,364
2004-06-22 11:00:00,24.4,79,3.1,220,390,48,348
2004-06-22 12:00:00,26.0,65,4.1,230,664,295,386
2004-06-22 13:00:00,21.0,88,2.6,200,210,18,193
2004-06-22 14:00:00,24.4,79,2.6,250,910,670,287
2004-06-22 15:00:00,24.4,85,3.1,290,651,304,391
2004-06-22 16:00:00,26.1,72,2.6,310,666,553,259
2004-06-22 17:00:00,24.4,71,3.1,330,381,212,257
2004-06-22 18:00:00,25.0,74,1.5,330,314,423,139
2004-06-22 19:00:00,23.9,82,1.5,200,151,319,78
2004-06-22 20:00:00,23.9,82,0.0,0,11,0,11
2004-06-22 21:00:00,22.8,81,0.0,0,0,0,0
2004-06-22 22:00:00,22.8,76,0.0,0,0,0,0
2004-06-22 23:00:00,21.1,90,1.5,200,0,0,0
2004-06-23 00:00:00,20.6,96,1.5,200,0,0,0
2004-06-23 01:00:00,20.0,96,0.0,0,0,0,0
2004-06-23 02:00:00,19.4,93,0.0,0,0,0,0
2004-06-23 03:00:00,19.4,87,0.0,0,0,0,0
2004-06-23 04:00:00,18.3,93,0.0,0,0,0,0
2004-06-23 05:00:00,17.2,97,0.0,0,0,0,0
2004-06-23 06:00:00,17.2,100,0.0,0,48,0,48
2004-06-23 07:00:00,18.9,84,1.5,350,156,111,125
2004-06-23 08:00:00,19.4,70,3.1,360,385,465,170
2004-06-23 09:00:00,20.6,68,2.1,360,560,592,188
2004-06-23 10:00:00,21.7,68,2.1,360,474,151,358
2004-06-23 11:00:00,22.8,57,0.0,0,774,489,345
2004-06-23 12:00:00,22.8,59,2.6,360,652,271,397
2004-06-23 13:00:00,23.9,57,0.0,0,858,546,334
2004-06-23 14:00:00,25.0,54,2.6,310,815,551,304
2004-06-23 15:00:00,25.0,54,2.6,250,721,472,318
2004-06-23 16:00:00,26.1,45,2.6,300,592,446,264
2004-06-23 17:00:00,26.1,41,2.6,260,524,590,179
2004-06-23 18:00:00,25.6,42,1.5,260,262,197,180
2004-06-23 19:00:00,24.4,43,2.1,250,151,319,78
2004-06-23 20:00:00,22.8,53,0.0,0,15,40,13
2004-06-23 21:00:00,19.4,76,1.5,200,0,0,0
2004-06-23 22:00:00,17.2,90,0.0,0,0,0,0
2004-06-23 23:00:00,16.7,93,1.5,200,0,0,0
2004-06-24 00:00:00,15.6,96,0.0,0,0,0,0
2004-06-24 01:00:00,15.6,93,0.0,0,0,0,0
2004-06-24 02:00:00,15.0,93,1.5,230,0,0,0
2004-06-24 03:00:00,14.4,93,0.0,0,0,0,0
2004-06-24 04:00:00,13.9,93,0.0,0,0,0,0
2004-06-24 05:00:00,12.8,96,0.0,0,0,0,0
2004-06-24 06:00:00,13.9,93,1.5,200,48,0,48
2004-06-24 07:00:00,16.1,83,1.5,190,204,320,114
2004-06-24 08:00:00,20.0,73,2.1,220,385,528,142
2004-06-24 09:00:00,22.2,61,2.6,240,561,647,155
2004-06-24 10:00:00,23.3,62,4.6,210,715,684,188
2004-06-24 11:00:00,25.0,58,3.1,220,855,730,215
2004-06-24 12:00:00,25.6,52,3.1,220,944,812,179
2004-06-24 13:00:00,26.1,52,4.1,230,960,798,194
2004-06-24 14:00:00,26.7,51,3.6,230,922,784,193
2004-06-24 15:00:00,27.2,51,4.6,240,825,722,209
2004-06-24 16:00:00,26.7,54,3.1,240,660,594,223
2004-06-24 17:00:00,26.7,54,2.6,240,458,389,230
2004-06-24 18:00:00,26.1,58,3.1,240,314,406,146
2004-06-24 19:00:00,25.6,58,1.5,220,147,248,90
2004-06-24 20:00:00,23.3,69,2.1,200,9,0,9
2004-06-24 21:00:00,22.2,73,1.5,190,0,0,0
2004-06-24 22:00:00,20.0,87,0.0,0,0,0,0
2004-06-24 23:00:00,20.0,87,1.5,190,0,0,0
2004-06-25 00:00:00,20.0,87,1.5,180,0,0,0
2004-06-25 01:00:00,20.0,87,1.5,350,0,0,0
2004-06-25 02:00:00,18.3,97,2.1,200,0,0,0
2004-06-25 03:00:00,18.9,90,0.0,0,0,0,0
2004-06-25 04:00:00,18.3,93,2.1,20,0,0,0
2004-06-25 05:00:00,17.8,93,0.0,0,0,0,0
2004-06-25 06:00:00,17.2,93,0.0,0,0,0,0
2004-06-25 07:00:00,17.8,90,0.0,0,125,39,115
2004-06-25 08:00:00,18.9,87,0.0,0,186,12,180
2004-06-25 09:00:00,21.1,81,1.5,360,333,73,287
2004-06-25 10:00:00,22.2,79,0.0,0,430,97,356
2004-06-25 11:00:00,22.8,79,0.0,0,353,18,337
2004-06-25 12:00:00,22.8,81,2.1,30,414,30,386
2004-06-25 13:00:00,23.3,79,1.5,20,348,12,336
2004-06-25 14:00:00,23.9,74,3.1,360,337,12,326
2004-06-25 15:00:00,23.3,76,1.5,360,238,0,238
2004-06-25 16:00:00,22.8,79,2.6,350,176,0,176
2004-06-25 17:00:00,22.2,82,1.5,30,149,0,149
2004-06-25 18:00:00,22.2,82,0.0,0,73,0,73
2004-06-25 19:00:00,21.7,84,0.0,0,60,0,60
2004-06-25 20:00:00,21.1,87,0.0,0,2,0,2
2004-06-25 21:00:00,20.6,93,0.0,0,0,0,0
2004-06-25 22:00:00,20.6,87,2.1,200,0,0,0
2004-06-25 23:00:00,20.0,87,2.6,210,0,0,0
2004-06-26 00:00:00,19.4,90,1.5,280,0,0,0
2004-06-26 01:00:00,19.4,90,1.5,350,0,0,0
2004-06-26 02:00:00,17.2,90,2.6,330,0,0,0
2004-06-26 03:00:00,16.7,90,3.6,350,0,0,0
2004-06-26 04:00:00,16.0,88,2.6,320,0,0,0
2004-06-26 05:00:00,15.6,90,2.6,320,0,0,0
2004-06-26 06:00:00,15.6,86,3.1,320,0,0,0
2004-06-26 07:00:00,15.6,83,2.1,320,39,0,39
2004-06-26 08:00:00,15.6,78,2.6,330,158,0,158
2004-06-26 09:00:00,17.8,60,2.6,330,333,85,279
2004-06-26 10:00:00,18.9,52,4.1,330,709,575,266
2004-06-26 11:00:00,20.0,50,3.1,360,849,730,209
2004-06-26 12:00:00,20.6,49,4.1,340,920,734,229
2004-06-26 13:00:00,21.7,42,3.1,330,924,630,320
2004-06-26 14:00:00,21.7,44,3.1,320,597,204,408
2004-06-26 15:00:00,21.7,42,3.6,310,796,549,328
2004-06-26 16:00:00,21.1,46,3.1,300,580,398,287
2004-06-26 17:00:00,22.2,43,3.6,290,458,407,220
2004-06-26 18:00:00,21.7,44,2.1,290,325,458,135
2004-06-26 19:00:00,21.1,47,3.1,290,147,281,82
2004-06-26 20:00:00,20.0,53,0.0,0,13,16,12
2004-06-26 21:00:00,17.2,70,0.0,0,0,0,0
2004-06-26 22:00:00,16.7,78,0.0,0,0,0,0
2004-06-26 23:00:00,15.6,80,1.5,200,0,0,0
2004-06-27 00:00:00,14.4,90,0.0,0,0,0,0
2004-06-27 01:00:00,13.9,89,1.5,190,0,0,0
2004-06-27 02:00:00,13.9,89,2.1,200,0,0,0
2004-06-27 03:00:00,12.2,97,1.5,200,0,0,0
2004-06-27 04:00:00,11.7,96,0.0,0,0,0,0
2004-06-27 05:00:00,11.7,96,1.5,190,0,0,0
2004-06-27 06:00:00,12.2,93,0.0,0,0,0,0
2004-06-27 07:00:00,14.4,81,2.1,230,204,340,111
2004-06-27 08:00:00,16.7,72,2.6,230,385,546,136
2004-06-27 09:00:00,18.9,56,2.6,240,554,629,161
2004-06-27 10:00:00,20.6,47,3.1,240,721,721,168
2004-06-27 11:00:00,22.2,41,4.1,240,855,736,211
2004-06-27 12:00:00,22.2,43,2.6,280,871,553,351
2004-06-27 13:00:00,22.2,43,2.6,280,804,468,355
2004-06-27 14:00:00,23.3,40,3.6,280,786,485,335
2004-06-27 15:00:00,23.9,33,2.1,270,831,692,240
2004-06-27 16:00:00,23.7,32,2.1,260,620,529,231
2004-06-27 17:00:00,24.7,29,3.6,250,514,625,147
2004-06-27 18:00:00,24.2,29,2.6,260,330,487,128
2004-06-27 19:00:00,20.7,39,2.6,230,142,220,91
2004-06-27 20:00:00,19.4,38,1.5,190,9,0,9
2004-06-27 21:00:00,18.1,42,2.1,200,0,0,0
2004-06-27 22:00:00,17.4,44,2.1,190,0,0,0
2004-06-27 23:00:00,16.6,42,0.0,0,0,0,0
2004-06-28 00:00:00,16.1,42,0.0,0,0,0,0
2004-06-28 01:00:00,15.9,40,0.0,0,0,0,0
2004-06-28 02:00:00,15.8,38,0.0,0,0,0,0
2004-06-28 03:00:00,14.7,38,0.0,0,0,0,0
2004-06-28 04:00:00,14.6,35,1.5,220,0,0,0
2004-06-28 05:00:00,14.6,33,0.0,0,0,0,0
2004-06-28 06:00:00,15.0,30,0.0,0,0,0,0
2004-06-28 07:00:00,15.0,30,0.0,0,205,314,118
2004-06-28 08:00:00,17.2,28,0.0,0,330,311,189
2004-06-28 09:00:00,19.4,26,1.5,360,431,256,270
2004-06-28 10:00:00,17.8,27,2.1,360,158,0,158
2004-06-28 11:00:00,18.4,27,0.0,0,192,0,192
2004-06-28 12:00:00,18.9,26,1.5,30,256,6,250
2004-06-28 13:00:00,20.8,42,2.1,160,444,72,375
2004-06-28 14:00:00,22.2,68,1.5,230,774,425,379
2004-06-28 15:00:00,23.3,53,3.6,250,779,555,305
2004-06-28 16:00:00,23.3,52,4.1,210,677,618,222
2004-06-28 17:00:00,23.9,50,4.6,240,342,136,263
2004-06-28 18:00:00,23.3,53,3.1,250,230,133,175
2004-06-28 19:00:00,16.7,96,4.1,320,23,0,23
2004-06-28 20:00:00,15.0,93,1.5,350,2,0,2
2004-06-28 21:00:00,15.0,93,0.0,0,0,0,0
2004-06-28 22:00:00,14.0,100,0.0,0,0,0,0
2004-06-28 23:00:00,13.3,100,2.1,210,0,0,0
2004-06-29 00:00:00,13.3,100,0.0,0,0,0,0
2004-06-29 01:00:00,13.3,100,0.0,0,0,0,0
2004-06-29 02:00:00,12.8,100,0.0,0,0,0,0
2004-06-29 03:00:00,12.2,100,0.0,0,0,0,0
2004-06-29 04:00:00,12.2,100,0.0,0,0,0,0
2004-06-29 05:00:00,12.0,100,0.0,0,0,0,0
2004-06-29 06:00:00,12.2,97,1.5,230,0,0,0
2004-06-29 07:00:00,13.3,97,0.0,0,173,157,130
2004-06-29 08:00:00,13.9,96,1.5,170,241,62,213
2004-06-29 09:00:00,16.7,86,0.0,0,339,92,282
2004-06-29 10:00:00,18.3,73,1.5,300,620,400,314
2004-06-29 11:00:00,19.4,68,2.1,240,787,561,296
2004-06-29 12:00:00,21.1,57,2.1,240,877,595,318
2004-06-29 13:00:00,21.1,55,2.6,240,948,690,287
2004-06-29 14:00:00,22.2,53,2.6,240,573,174,412
2004-06-29 15:00:00,22.8,53,3.1,200,831,651,276
2004-06-29 16:00:00,23.3,48,2.6,260,683,642,210
2004-06-29 17:00:00,23.3,45,2.1,260,403,265,247
2004-06-29 18:00:00,23.3,48,2.6,260,188,52,167
2004-06-29 19:00:00,22.8,50,1.5,310,151,270,89
2004-06-29 20:00:00,19.4,70,0.0,0,15,36,13
2004-06-29 21:00:00,17.8,80,0.0,0,0,0,0
2004-06-29 22:00:00,16.1,90,0.0,0,0,0,0
2004-06-29 23:00:00,15.0,93,1.5,210,0,0,0
2004-06-30 00:00:00,14.4,97,0.0,0,0,0,0
2004-06-30 01:00:00,13.9,96,1.5,190,0,0,0
2004-06-30 02:00:00,13.3,93,0.0,0,0,0,0
2004-06-30 03:00:00,12.8,93,0.0,0,0,0,0
2004-06-30 04:00:00,12.8,96,2.1,210,0,0,0
2004-06-30 05:00:00,12.2,97,0.0,0,0,0,0
2004-06-30 06:00:00,12.8,93,0.0,0,0,0,0
2004-06-30 07:00:00,14.4,90,0.0,0,174,157,131
2004-06-30 08:00:00,17.2,81,0.0,0,372,478,155
2004-06-30 09:00:00,20.6,70,1.5,20,542,592,173
2004-06-30 10:00:00,22.8,51,1.5,30,709,685,185
2004-06-30 11:00:00,23.9,48,1.5,50,843,706,226
2004-06-30 12:00:00,23.9,46,1.5,130,932,782,198
2004-06-30 13:00:00,24.4,43,1.5,200,936,726,240
2004-06-30 14:00:00,25.6,43,1.5,20,922,772,205
2004-06-30 15:00:00,26.1,42,0.0,0,820,657,259
2004-06-30 16:00:00,26.7,45,2.1,350,535,291,320
2004-06-30 17:00:00,26.1,44,1.5,330,508,554,182
2004-06-30 18:00:00,25.0,52,1.5,20,304,365,152
2004-06-30 19:00:00,23.9,57,0.0,0,151,341,72
2004-06-30 20:00:00,22.2,71,0.0,0,15,36,13
2004-06-30 21:00:00,19.4,79,0.0,0,0,0,0
2004-06-30 22:00:00,18.6,84,0.0,0,0,0,0
2004-06-30 23:00:00,17.8,93,0.0,0,0,0,0
2004-07-01 00:00:00,17.0,93,0.0,0,0,0,0
2004-07-01 01:00:00,16.3,93,0.0,0,0,0,0
2004-07-01 02:00:00,15.5,93,0.0,0,0,0,0
2004-07-01 03:00:00,14.7,96,0.0,0,0,0,0
2004-07-01 04:00:00,13.9,96,0.0,0,0,0,0
2004-07-01 05:00:00,13.3,97,0.0,0,0,0,0
2004-07-01 06:00:00,13.9,93,1.5,210,0,0,0
2004-07-01 07:00:00,16.1,87,0.0,0,198,328,109
2004-07-01 08:00:00,19.4,76,0.0,0,359,485,139
2004-07-01 09:00:00,23.3,64,0.0,0,535,623,148
2004-07-01 10:00:00,24.4,58,2.6,360,709,685,185
2004-07-01 11:00:00,26.1,47,2.1,360,837,748,184
2004-07-01 12:00:00,27.2,42,2.6,360,914,752,208
2004-07-01 13:00:00,28.3,46,0.0,0,948,786,195
2004-07-01 14:00:00,28.0,45,2.1,340,875,641,280
2004-07-01 15:00:00,29.4,43,2.6,320,663,340,372
2004-07-01 16:00:00,27.8,47,2.1,300,649,636,180
2004-07-01 17:00:00,28.3,49,2.1,280,502,596,153
2004-07-01 18:00:00,27.8,49,2.1,320,304,394,140
2004-07-01 19:00:00,26.7,54,0.0,0,133,237,78
2004-07-01 20:00:00,25.0,62,0.0,0,15,28,14
2004-07-01 21:00:00,21.7,79,0.0,0,0,0,0
2004-07-01 22:00:00,20.6,84,0.0,0,0,0,0
2004-07-01 23:00:00,19.4,90,0.0,0,0,0,0
2004-07-02 00:00:00,18.3,93,0.0,0,0,0,0
2004-07-02 01:00:00,18.3,93,0.0,0,0,0,0
2004-07-02 02:00:00,17.2,93,0.0,0,0,0,0
2004-07-02 03:00:00,16.7,96,0.0,0,0,0,0
2004-07-02 04:00:00,16.7,93,0.0,0,0,0,0
2004-07-02 05:00:00,16.1,97,0.0,0,0,0,0
2004-07-02 06:00:00,16.7,93,0.0,0,0,0,0
2004-07-02 07:00:00,18.3,87,0.0,0,190,289,112
2004-07-02 08:00:00,20.6,78,0.0,0,338,423,147
2004-07-02 09:00:00,24.4,71,0.0,0,516,537,183
2004-07-02 10:00:00,26.1,60,0.0,0,677,618,205
2004-07-02 11:00:00,28.3,49,0.0,0,812,676,223
2004-07-02 12:00:00,28.3,44,1.5,360,871,619,290
2004-07-02 13:00:00,28.9,44,0.0,0,894,624,297
2004-07-02 14:00:00,28.9,48,2.6,180,857,641,262
2004-07-02 15:00:00,28.3,51,0.0,0,796,579,302
2004-07-02 16:00:00,29.4,48,2.1,350,376,95,306
2004-07-02 17:00:00,24.4,76,3.6,340,458,377,237
2004-07-02 18:00:00,22.8,81,2.6,50,52,0,52
2004-07-02 19:00:00,23.3,79,1.5,10,50,0,50
2004-07-02 20:00:00,23.3,76,1.5,330,15,20,14
2004-07-02 21:00:00,22.8,81,0.0,0,0,0,0
2004-07-02 22:00:00,21.7,87,0.0,0,0,0,0
2004-07-02 23:00:00,21.1,90,0.0,0,0,0,0
2004-07-03 00:00:00,20.6,93,0.0,0,0,0,0
2004-07-03 01:00:00,20.0,93,0.0,0,0,0,0
2004-07-03 02:00:00,19.0,94,1.5,340,0,0,0
2004-07-03 03:00:00,18.0,100,0.0,0,0,0,0
2004-07-03 04:00:00,17.8,100,0.0,0,0,0,0
2004-07-03 05:00:00,17.2,100,0.0,0,0,0,0
2004-07-03 06:00:00,17.2,100,0.0,0,0,0,0
2004-07-03 07:00:00,17.8,100,0.0,0,87,0,87
2004-07-03 08:00:00,21.7,84,0.0,0,221,81,185
2004-07-03 09:00:00,24.4,71,0.0,0,516,501,206
2004-07-03 10:00:00,26.1,65,0.0,0,697,679,179
2004-07-03 11:00:00,27.8,60,2.1,100,800,651,232
2004-07-03 12:00:00,28.3,57,2.1,60,841,583,294
2004-07-03 13:00:00,30.0,57,2.6,10,702,312,404
2004-07-03 14:00:00,29.4,51,2.1,20,816,581,277
2004-07-03 15:00:00,28.9,55,2.6,30,796,657,236
2004-07-03 16:00:00,30.6,50,0.0,0,655,654,173
2004-07-03 17:00:00,30.0,53,1.5,10,486,519,181
2004-07-03 18:00:00,30.0,51,1.5,10,304,417,131
2004-07-03 19:00:00,28.3,59,0.0,0,137,270,75
2004-07-03 20:00:00,26.1,69,1.5,90,13,16,12
2004-07-03 21:00:00,25.0,74,4.1,170,0,0,0
2004-07-03 22:00:00,24.4,74,0.0,0,0,0,0
2004-07-03 23:00:00,23.9,74,3.1,170,0,0,0
2004-07-04 00:00:00,23.3,76,2.6,160,0,0,0
2004-07-04 01:00:00,22.8,79,1.5,180,0,0,0
2004-07-04 02:00:00,22.8,79,2.1,170,0,0,0
2004-07-04 03:00:00,22.2,82,1.5,130,0,0,0
2004-07-04 04:00:00,22.2,82,2.1,150,0,0,0
2004-07-04 05:00:00,22.8,79,1.5,170,0,0,0
2004-07-04 06:00:00,23.3,76,2.1,170,0,0,0
2004-07-04 07:00:00,23.9,79,3.6,170,64,0,64
2004-07-04 08:00:00,22.2,87,4.6,170,69,0,69
2004-07-04 09:00:00,24.4,85,3.1,180,399,202,274
2004-07-04 10:00:00,26.1,74,4.1,180,703,624,227
2004-07-04 11:00:00,27.2,72,5.7,170,794,633,242
2004-07-04 12:00:00,28.9,65,3.1,180,902,656,287
2004-07-04 13:00:00,28.9,61,5.7,190,642,252,401
2004-07-04 14:00:00,29.4,59,6.2,180,467,72,400
2004-07-04 15:00:00,30.0,53,4.1,200,575,233,377
2004-07-04 16:00:00,26.1,69,7.2,270,256,24,239
2004-07-04 17:00:00,22.2,93,2.1,250,83,0,83
2004-07-04 18:00:00,23.3,87,2.1,230,293,301,168
2004-07-04 19:00:00,24.4,79,3.1,200,137,242,82
2004-07-04 20:00:00,23.3,87,3.6,180,11,0,11
2004-07-04 21:00:00,23.0,89,2.6,210,0,0,0
2004-07-04 22:00:00,22.8,90,2.6,190,0,0,0
2004-07-04 23:00:00,22.8,87,3.1,190,0,0,0
2004-07-05 00:00:00,22.8,87,3.1,200,0,0,0
2004-07-05 01:00:00,22.8,87,2.6,200,0,0,0
2004-07-05 02:00:00,22.2,91,2.1,190,0,0,0
2004-07-05 03:00:00,22.2,91,2.1,200,0,0,0
2004-07-05 04:00:00,21.7,93,1.5,190,0,0,0
2004-07-05 05:00:00,21.7,93,2.1,200,0,0,0
2004-07-05 06:00:00,22.2,91,2.1,210,0,0,0
2004-07-05 07:00:00,22.8,90,2.6,230,183,191,133
2004-07-05 08:00:00,23.9,82,3.1,240,131,0,131
2004-07-05 09:00:00,25.6,71,3.1,260,359,134,277
2004-07-05 10:00:00,25.6,71,3.1,270,380,36,352
2004-07-05 11:00:00,26.7,67,3.1,290,453,90,374
2004-07-05 12:00:00,27.8,63,5.7,270,859,565,330
2004-07-05 13:00:00,28.3,61,4.1,270,822,522,323
2004-07-05 14:00:00,28.9,59,4.1,260,639,293,366
2004-07-05 15:00:00,29.4,53,4.1,280,796,615,272
2004-07-05 16:00:00,29.4,51,4.1,250,598,493,234
2004-07-05 17:00:00,28.9,55,3.1,250,469,466,196
2004-07-05 18:00:00,27.2,67,2.1,240,330,487,128
2004-07-05 19:00:00,26.1,67,3.1,230,128,192,84
2004-07-05 20:00:00,23.9,74,3.6,220,2,0,2
2004-07-05 21:00:00,22.2,79,2.1,250,0,0,0
2004-07-05 22:00:00,21.7,79,2.1,280,0,0,0
2004-07-05 23:00:00,20.6,90,1.5,300,0,0,0
2004-07-06 00:00:00,20.0,90,1.5,330,0,0,0
2004-07-06 01:00:00,20.0,93,0.0,0,0,0,0
2004-07-06 02:00:00,19.4,97,2.1,210,0,0,0
2004-07-06 03:00:00,19.4,93,2.1,200,0,0,0
2004-07-06 04:00:00,20.0,90,1.5,280,0,0,0
2004-07-06 05:00:00,19.4,93,0.0,0,0,0,0
2004-07-06 06:00:00,19.4,93,0.0,0,0,0,0
2004-07-06 07:00:00,20.0,90,1.5,220,112,13,108
2004-07-06 08:00:00,20.6,87,1.5,210,173,6,170
2004-07-06 09:00:00,21.1,84,1.5,220,216,6,212
2004-07-06 10:00:00,21.7,87,2.1,220,215,0,215
2004-07-06 11:00:00,22.2,84,2.6,230,205,0,205
2004-07-06 12:00:00,22.8,84,2.6,240,268,6,263
2004-07-06 13:00:00,24.4,76,2.6,250,258,12,247
2004-07-06 14:00:00,26.7,67,1.5,260,668,353,341
2004-07-06 15:00:00,27.2,65,2.1,270,529,155,397
2004-07-06 16:00:00,28.9,61,3.1,280,455,178,324
2004-07-06 17:00:00,28.9,59,4.1,240,436,342,236
2004-07-06 18:00:00,28.3,61,0.0,0,319,481,120
2004-07-06 19:00:00,27.2,65,3.1,240,142,308,71
2004-07-06 20:00:00,25.0,77,1.5,190,15,47,12
2004-07-06 21:00:00,23.9,82,1.5,190,0,0,0
2004-07-06 22:00:00,22.8,84,2.1,190,0,0,0
2004-07-06 23:00:00,23.3,79,0.0,0,0,0,0
2004-07-07 00:00:00,22.8,81,2.1,190,0,0,0
2004-07-07 01:00:00,23.3,74,1.5,200,0,0,0
2004-07-07 02:00:00,23.9,71,1.5,200,0,0,0
2004-07-07 03:00:00,23.3,76,2.1,190,0,0,0
2004-07-07 04:00:00,22.8,79,2.1,180,0,0,0
2004-07-07 05:00:00,22.8,76,1.5,240,0,0,0
2004-07-07 06:00:00,22.2,82,1.5,190,0,0,0
2004-07-07 07:00:00,22.2,82,3.6,200,184,198,133
2004-07-07 08:00:00,23.3,74,3.1,210,55,0,55
2004-07-07 09:00:00,23.3,74,4.6,220,170,0,170
2004-07-07 10:00:00,23.9,69,3.6,220,577,315,337
2004-07-07 11:00:00,24.4,71,3.6,180,322,24,302
2004-07-07 12:00:00,26.1,60,5.2,230,664,313,372
2004-07-07 13:00:00,26.7,62,5.7,180,288,18,271
2004-07-07 14:00:00,27.2,58,3.6,210,438,84,360
2004-07-07 15:00:00,25.0,74,5.2,240,738,460,347
2004-07-07 16:00:00,24.4,71,4.1,250,250,18,237
2004-07-07 17:00:00,25.0,69,3.1,250,232,29,215
2004-07-07 18:00:00,25.0,66,3.6,250,314,383,156
2004-07-07 19:00:00,25.0,66,2.1,260,146,341,68
2004-07-07 20:00:00,23.3,74,2.1,210,14,47,12
2004-07-07 21:00:00,21.1,84,1.5,200,0,0,0
2004-07-07 22:00:00,21.1,84,2.1,200,0,0,0
2004-07-07 23:00:00,20.6,84,2.1,190,0,0,0
2004-07-08 00:00:00,20.6,84,2.6,190,0,0,0
2004-07-08 01:00:00,20.0,87,0.0,0,0,0,0
2004-07-08 02:00:00,20.6,84,1.5,240,0,0,0
2004-07-08 03:00:00,20.0,87,1.5,210,0,0,0
2004-07-08 04:00:00,18.3,97,2.1,180,0,0,0
2004-07-08 05:00:00,18.9,93,2.1,210,0,0,0
2004-07-08 06:00:00,18.3,97,2.1,210,0,0,0
2004-07-08 07:00:00,19.4,90,2.6,210,185,317,102
2004-07-08 08:00:00,21.1,76,2.1,230,353,523,121
2004-07-08 09:00:00,22.8,66,3.6,240,530,629,144
2004-07-08 10:00:00,22.8,57,3.6,260,691,618,222
2004-07-08 11:00:00,24.4,54,3.1,250,602,265,371
2004-07-08 12:00:00,25.0,50,4.6,240,908,686,267
2004-07-08 13:00:00,25.6,47,5.2,270,846,552,319
2004-07-08 14:00:00,25.6,48,4.1,230,875,664,260
2004-07-08 15:00:00,25.6,47,3.6,250,756,561,278
2004-07-08 16:00:00,26.1,45,4.1,240,637,636,170
2004-07-08 17:00:00,26.1,47,4.1,280,497,602,145
2004-07-08 18:00:00,25.0,50,4.1,250,314,475,118
2004-07-08 19:00:00,24.4,56,3.1,250,141,308,71
2004-07-08 20:00:00,22.8,64,2.1,230,14,47,12
2004-07-08 21:00:00,22.2,66,2.1,210,0,0,0
2004-07-08 22:00:00,20.0,78,1.5,190,0,0,0
2004-07-08 23:00:00,20.6,75,2.6,210,0,0,0
2004-07-09 00:00:00,21.1,76,0.0,0,0,0,0
2004-07-09 01:00:00,21.1,76,0.0,0,0,0,0
2004-07-09 02:00:00,20.6,75,2.1,310,0,0,0
2004-07-09 03:00:00,18.9,81,1.5,330,0,0,0
2004-07-09 04:00:00,17.8,84,1.5,20,0,0,0
2004-07-09 05:00:00,17.8,84,0.0,0,0,0,0
2004-07-09 06:00:00,17.8,84,0.0,0,0,0,0
2004-07-09 07:00:00,18.3,84,0.0,0,137,79,116
2004-07-09 08:00:00,20.0,73,0.0,0,298,243,191
2004-07-09 09:00:00,22.2,57,0.0,0,517,507,207
2004-07-09 10:00:00,22.8,53,1.5,360,609,424,288
2004-07-09 11:00:00,23.9,54,1.5,350,608,259,383
2004-07-09 12:00:00,25.6,54,3.6,350,866,565,338
2004-07-09 13:00:00,26.1,52,3.6,290,931,714,249
2004-07-09 14:00:00,26.1,54,3.6,270,804,569,278
2004-07-09 15:00:00,26.7,54,2.6,300,570,227,377
2004-07-09 16:00:00,26.1,60,3.1,320,262,24,244
2004-07-09 17:00:00,26.1,58,2.6,350,353,159,260
2004-07-09 18:00:00,26.1,58,2.1,330,272,191,193
2004-07-09 19:00:00,25.0,64,1.5,320,123,126,94
2004-07-09 20:00:00,23.9,66,0.0,0,10,4,10
2004-07-09 21:00:00,21.1,81,0.0,0,0,0,0
2004-07-09 22:00:00,20.0,87,1.5,360,0,0,0
2004-07-09 23:00:00,20.0,87,0.0,0,0,0,0
2004-07-10 00:00:00,18.9,93,0.0,0,0,0,0
2004-07-10 01:00:00,18.3,90,0.0,0,0,0,0
2004-07-10 02:00:00,17.8,93,0.0,0,0,0,0
2004-07-10 03:00:00,17.2,97,1.5,200,0,0,0
2004-07-10 04:00:00,17.8,93,0.0,0,0,0,0
2004-07-10 05:00:00,17.2,93,0.0,0,0,0,0
2004-07-10 06:00:00,17.2,97,0.0,0,0,0,0
2004-07-10 07:00:00,19.4,87,0.0,0,170,192,120
2004-07-10 08:00:00,21.7,81,0.0,0,222,87,184
2004-07-10 09:00:00,24.4,74,0.0,0,478,269,314
2004-07-10 10:00:00,24.4,71,1.5,300,152,0,152
2004-07-10 11:00:00,24.4,74,2.1,240,130,0,130
2004-07-10 12:00:00,23.3,85,2.1,220,146,0,146
2004-07-10 13:00:00,23.9,82,2.1,200,444,78,370
2004-07-10 14:00:00,26.1,74,2.6,250,680,335,370
2004-07-10 15:00:00,26.1,72,2.1,240,564,215,381
2004-07-10 16:00:00,26.1,72,3.1,230,137,0,137
2004-07-10 17:00:00,25.6,71,3.1,230,276,47,248
2004-07-10 18:00:00,23.9,76,3.1,220,204,75,173
2004-07-10 19:00:00,22.2,87,2.6,210,68,0,68
2004-07-10 20:00:00,21.7,90,2.1,260,6,0,6
2004-07-10 21:00:00,21.7,87,2.1,310,0,0,0
2004-07-10 22:00:00,21.1,90,0.0,0,0,0,0
2004-07-10 23:00:00,20.6,93,0.0,0,0,0,0
2004-07-11 00:00:00,20.6,93,0.0,0,0,0,0
2004-07-11 01:00:00,20.6,93,0.0,0,0,0,0
2004-07-11 02:00:00,20.6,93,0.0,0,0,0,0
2004-07-11 03:00:00,20.6,93,1.5,210,0,0,0
2004-07-11 04:00:00,20.6,93,0.0,0,0,0,0
2004-07-11 05:00:00,20.6,93,0.0,0,0,0,0
2004-07-11 06:00:00,21.1,90,0.0,0,0,0,0
2004-07-11 07:00:00,21.1,90,0.0,0,170,199,119
2004-07-11 08:00:00,21.7,87,2.1,200,222,81,187
2004-07-11 09:00:00,23.3,76,2.6,230,301,37,279
2004-07-11 10:00:00,25.0,71,2.6,260,444,109,362
2004-07-11 11:00:00,26.1,67,1.5,250,577,205,400
2004-07-11 12:00:00,27.2,65,3.6,240,756,427,358
2004-07-11 13:00:00,27.8,63,4.1,240,811,504,330
2004-07-11 14:00:00,28.3,61,3.1,260,881,688,244
2004-07-11 15:00:00,28.3,61,2.6,260,773,609,256
2004-07-11 16:00:00,28.9,61,3.1,250,660,660,176
2004-07-11 17:00:00,28.9,57,2.6,250,502,631,134
2004-07-11 18:00:00,28.3,59,2.6,260,324,539,103
2004-07-11 19:00:00,27.8,63,2.1,260,141,318,69
2004-07-11 20:00:00,26.7,69,0.0,0,11,23,10
2004-07-11 21:00:00,23.9,82,0.0,0,0,0,0
2004-07-11 22:00:00,22.8,87,0.0,0,0,0,0
2004-07-11 23:00:00,22.2,91,0.0,0,0,0,0
2004-07-12 00:00:00,22.2,91,0.0,0,0,0,0
2004-07-12 01:00:00,21.1,93,1.5,150,0,0,0
2004-07-12 02:00:00,22.2,87,0.0,0,0,0,0
2004-07-12 03:00:00,21.7,93,2.6,270,0,0,0
2004-07-12 04:00:00,20.6,100,0.0,0,0,0,0
2004-07-12 05:00:00,21.1,97,2.6,170,0,0,0
2004-07-12 06:00:00,21.7,93,2.6,190,0,0,0
2004-07-12 07:00:00,21.7,93,2.1,200,171,206,119
2004-07-12 08:00:00,22.8,90,2.6,230,222,93,182
2004-07-12 09:00:00,25.0,83,4.6,220,459,336,254
2004-07-12 10:00:00,25.0,79,3.1,230,507,194,361
2004-07-12 11:00:00,25.6,82,4.1,240,527,145,402
2004-07-12 12:00:00,26.1,79,5.2,200,659,307,373
2004-07-12 13:00:00,27.2,74,4.6,240,366,42,326
2004-07-12 14:00:00,27.8,69,3.1,270,603,239,382
2004-07-12 15:00:00,28.3,67,3.6,300,314,30,289
2004-07-12 16:00:00,28.9,63,3.1,280,558,321,322
2004-07-12 17:00:00,28.3,65,3.1,270,469,478,191
2004-07-12 18:00:00,27.8,65,2.6,250,313,423,140
2004-07-12 19:00:00,27.8,67,1.5,170,104,88,85
2004-07-12 20:00:00,23.9,79,2.6,90,11,26,10
2004-07-12 21:00:00,22.8,84,2.6,90,0,0,0
2004-07-12 22:00:00,22.2,87,2.1,180,0,0,0
2004-07-12 23:00:00,22.2,87,3.1,190,0,0,0
2004-07-13 00:00:00,21.7,90,2.1,200,0,0,0
2004-07-13 01:00:00,21.1,87,1.5,210,0,0,0
2004-07-13 02:00:00,21.1,90,1.5,290,0,0,0
2004-07-13 03:00:00,20.0,96,0.0,0,0,0,0
2004-07-13 04:00:00,20.6,96,0.0,0,0,0,0
2004-07-13 05:00:00,20.6,96,1.5,190,0,0,0
2004-07-13 06:00:00,21.1,93,2.1,220,0,0,0
2004-07-13 07:00:00,21.7,93,1.5,270,98,7,96
2004-07-13 08:00:00,22.2,91,1.5,310,174,12,168
2004-07-13 09:00:00,22.8,87,0.0,0,223,6,219
2004-07-13 10:00:00,24.0,83,2.1,200,279,12,270
2004-07-13 11:00:00,25.6,79,2.1,240,242,0,242
2004-07-13 12:00:00,28.0,66,2.1,280,250,12,239
2004-07-13 13:00:00,27.2,69,4.6,360,691,342,365
2004-07-13 14:00:00,27.8,65,5.2,360,455,66,394
2004-07-13 15:00:00,28.9,57,3.1,350,529,155,397
2004-07-13 16:00:00,29.4,57,2.6,340,523,250,341
2004-07-13 17:00:00,28.9,59,3.1,240,215,24,201
2004-07-13 18:00:00,27.8,65,2.1,280,287,301,164
2004-07-13 19:00:00,27.2,69,2.1,240,140,323,68
2004-07-13 20:00:00,25.6,69,2.6,240,2,0,2
2004-07-13 21:00:00,23.9,82,1.5,190,0,0,0
2004-07-13 22:00:00,22.8,90,1.5,220,0,0,0
2004-07-13 23:00:00,22.2,93,1.5,200,0,0,0
2004-07-14 00:00:00,22.8,90,2.1,190,0,0,0
2004-07-14 01:00:00,22.8,87,1.5,190,0,0,0
2004-07-14 02:00:00,22.2,91,2.1,200,0,0,0
2004-07-14 03:00:00,22.8,84,3.1,200,0,0,0
2004-07-14 04:00:00,22.8,84,2.6,210,0,0,0
2004-07-14 05:00:00,22.8,84,4.6,220,0,0,0
2004-07-14 06:00:00,22.2,82,4.1,210,0,0,0
2004-07-14 07:00:00,23.3,74,4.1,220,180,206,129
2004-07-14 08:00:00,23.9,66,4.1,240,56,0,56
2004-07-14 09:00:00,23.9,64,4.1,240,472,355,258
2004-07-14 10:00:00,25.0,64,4.1,260,685,655,194
2004-07-14 11:00:00,25.6,62,3.1,250,763,585,259
2004-07-14 12:00:00,26.7,56,4.6,270,878,577,341
2004-07-14 13:00:00,26.7,56,4.6,240,162,12,151
2004-07-14 14:00:00,26.1,52,4.1,280,875,641,284
2004-07-14 15:00:00,25.6,54,3.6,290,761,543,301
2004-07-14 16:00:00,26.1,52,3.6,270,233,24,216
2004-07-14 17:00:00,25.6,48,3.6,290,386,248,242
2004-07-14 18:00:00,24.4,50,3.6,310,276,278,163
2004-07-14 19:00:00,23.3,57,1.5,340,95,55,83
2004-07-14 20:00:00,22.2,61,0.0,0,7,0,7
2004-07-14 21:00:00,21.7,63,1.5,360,0,0,0
2004-07-14 22:00:00,20.6,70,0.0,0,0,0,0
2004-07-14 23:00:00,20.0,76,2.6,210,0,0,0
2004-07-15 00:00:00,20.0,76,2.6,270,0,0,0
2004-07-15 01:00:00,18.3,84,3.6,320,0,0,0
2004-07-15 02:00:00,18.3,84,2.6,280,0,0,0
2004-07-15 03:00:00,18.3,84,2.6,290,0,0,0
2004-07-15 04:00:00,17.8,84,2.1,290,0,0,0
2004-07-15 05:00:00,17.8,84,2.6,260,0,0,0
2004-07-15 06:00:00,17.8,84,2.6,230,0,0,0
2004-07-15 07:00:00,18.3,81,1.5,270,164,240,105
2004-07-15 08:00:00,19.4,76,3.6,300,328,393,158
2004-07-15 09:00:00,20.0,73,3.6,280,367,147,279
2004-07-15 10:00:00,21.7,63,4.1,280,495,206,341
2004-07-15 11:00:00,21.7,61,3.1,280,155,0,155
2004-07-15 12:00:00,22.2,55,4.6,270,384,54,334
2004-07-15 13:00:00,22.8,55,4.6,300,186,12,175
2004-07-15 14:00:00,22.8,55,3.6,260,715,341,401
2004-07-15 15:00:00,22.2,57,3.6,270,523,149,397
2004-07-15 16:00:00,23.3,57,3.6,250,557,357,297
2004-07-15 17:00:00,23.9,54,4.1,260,441,395,212
2004-07-15 18:00:00,23.9,54,2.6,250,297,394,137
2004-07-15 19:00:00,23.3,53,1.5,230,135,268,76
2004-07-15 20:00:00,22.2,59,3.1,220,10,37,9
2004-07-15 21:00:00,20.0,68,2.1,210,0,0,0
2004-07-15 22:00:00,19.4,73,2.6,200,0,0,0
2004-07-15 23:00:00,19.4,76,0.0,0,0,0,0
2004-07-16 00:00:00,18.9,78,2.1,210,0,0,0
2004-07-16 01:00:00,18.3,78,2.1,200,0,0,0
2004-07-16 02:00:00,16.7,86,2.1,190,0,0,0
2004-07-16 03:00:00,16.1,90,2.1,180,0,0,0
2004-07-16 04:00:00,15.6,90,2.1,180,0,0,0
2004-07-16 05:00:00,15.0,93,2.1,180,0,0,0
2004-07-16 06:00:00,16.1,87,1.5,190,0,0,0
2004-07-16 07:00:00,17.2,81,2.1,200,91,0,91
2004-07-16 08:00:00,18.9,73,2.1,210,293,268,178
2004-07-16 09:00:00,20.0,70,2.6,230,518,550,187
2004-07-16 10:00:00,21.7,68,3.1,240,698,709,168
2004-07-16 11:00:00,22.8,61,2.6,260,782,634,238
2004-07-16 12:00:00,24.4,54,2.6,270,891,698,243
2004-07-16 13:00:00,25.0,43,4.1,290,925,750,213
2004-07-16 14:00:00,26.1,42,3.6,290,899,766,193
2004-07-16 15:00:00,26.7,42,4.1,240,692,436,323
2004-07-16 16:00:00,26.1,44,3.6,250,529,279,325
2004-07-16 17:00:00,25.6,43,4.6,230,507,613,152
2004-07-16 18:00:00,25.0,45,2.6,240,307,475,115
2004-07-16 19:00:00,24.4,46,2.6,250,135,306,68
2004-07-16 20:00:00,21.1,63,1.5,200,10,40,9
2004-07-16 21:00:00,20.0,68,0.0,0,0,0,0
2004-07-16 22:00:00,17.8,80,0.0,0,0,0,0
2004-07-16 23:00:00,17.2,81,1.5,210,0,0,0
2004-07-17 00:00:00,16.1,87,0.0,0,0,0,0
2004-07-17 01:00:00,16.1,83,0.0,0,0,0,0
2004-07-17 02:00:00,15.0,90,0.0,0,0,0,0
2004-07-17 03:00:00,15.0,90,0.0,0,0,0,0
2004-07-17 04:00:00,14.4,93,0.0,0,0,0,0
2004-07-17 05:00:00,14.4,90,0.0,0,0,0,0
2004-07-17 06:00:00,14.4,93,0.0,0,0,0,0
2004-07-17 07:00:00,17.2,81,0.0,0,58,0,58
2004-07-17 08:00:00,18.3,81,1.5,340,105,0,105
2004-07-17 09:00:00,20.0,73,0.0,0,236,12,229
2004-07-17 10:00:00,20.6,73,1.5,20,229,0,229
2004-07-17 11:00:00,20.0,76,3.1,30,248,0,248
2004-07-17 12:00:00,20.6,78,3.1,10,281,6,275
2004-07-17 13:00:00,20.0,88,1.5,330,156,0,156
2004-07-17 14:00:00,18.9,93,3.1,360,201,0,201
2004-07-17 15:00:00,18.9,93,2.1,20,151,0,151
2004-07-17 16:00:00,19.4,93,1.5,30,142,0,142
2004-07-17 17:00:00,20.0,93,2.1,30,220,18,210
2004-07-17 18:00:00,20.0,90,1.5,360,104,0,104
2004-07-17 19:00:00,19.4,93,0.0,0,54,0,54
2004-07-17 20:00:00,18.9,96,2.1,30,8,14,7
2004-07-17 21:00:00,18.3,97,2.6,20,0,0,0
2004-07-17 22:00:00,17.8,100,0.0,0,0,0,0
2004-07-17 23:00:00,17.8,96,1.5,340,0,0,0
2004-07-18 00:00:00,17.0,100,0.0,0,0,0,0
2004-07-18 01:00:00,17.2,97,2.1,340,0,0,0
2004-07-18 02:00:00,17.2,93,1.5,330,0,0,0
2004-07-18 03:00:00,17.2,93,1.5,360,0,0,0
2004-07-18 04:00:00,16.7,96,1.5,330,0,0,0
2004-07-18 05:00:00,16.0,100,0.0,0,0,0,0
2004-07-18 06:00:00,16.1,100,0.0,0,0,0,0
2004-07-18 07:00:00,16.7,100,1.5,100,141,80,122
2004-07-18 08:00:00,18.9,87,1.5,180,259,175,184
2004-07-18 09:00:00,21.7,76,0.0,0,506,508,202
2004-07-18 10:00:00,21.7,73,0.0,0,648,588,209
2004-07-18 11:00:00,23.3,66,0.0,0,751,603,234
2004-07-18 12:00:00,24.4,64,1.5,350,799,535,304
2004-07-18 13:00:00,23.9,66,2.1,340,546,138,416
2004-07-18 14:00:00,24.4,64,3.6,330,384,36,351
2004-07-18 15:00:00,25.0,62,2.6,340,523,149,397
2004-07-18 16:00:00,24.4,67,3.1,360,489,226,325
2004-07-18 17:00:00,26.0,61,3.6,350,105,0,105
2004-07-18 18:00:00,24.0,69,2.6,360,62,0,62
2004-07-18 19:00:00,23.3,74,3.6,340,22,0,22
2004-07-18 20:00:00,21.1,76,1.5,90,2,0,2
2004-07-18 21:00:00,18.9,90,4.6,180,0,0,0
2004-07-18 22:00:00,18.9,90,0.0,0,0,0,0
2004-07-18 23:00:00,17.8,96,0.0,0,0,0,0
2004-07-19 00:00:00,17.2,97,0.0,0,0,0,0
2004-07-19 01:00:00,17.2,97,0.0,0,0,0,0
2004-07-19 02:00:00,17.2,97,0.0,0,0,0,0
2004-07-19 03:00:00,17.2,97,0.0,0,0,0,0
2004-07-19 04:00:00,16.7,100,2.1,190,0,0,0
2004-07-19 05:00:00,16.7,100,1.5,200,0,0,0
2004-07-19 06:00:00,17.2,97,1.5,210,0,0,0
2004-07-19 07:00:00,17.0,100,1.5,210,100,13,97
2004-07-19 08:00:00,18.3,90,1.5,210,168,12,163
2004-07-19 09:00:00,18.3,90,2.1,200,138,0,138
2004-07-19 10:00:00,20.0,83,2.6,200,248,6,243
2004-07-19 11:00:00,20.6,78,3.1,230,310,12,300
2004-07-19 12:00:00,21.7,73,2.1,210,329,36,296
2004-07-19 13:00:00,22.2,71,2.6,180,847,516,359
2004-07-19 14:00:00,23.3,62,2.1,200,863,676,242
2004-07-19 15:00:00,24.4,60,3.1,220,755,579,267
2004-07-19 16:00:00,25.0,56,3.1,230,620,576,201
2004-07-19 17:00:00,24.4,58,2.6,250,462,477,188
2004-07-19 18:00:00,23.9,60,2.1,280,291,411,127
2004-07-19 19:00:00,21.7,68,3.1,300,134,316,66
2004-07-19 20:00:00,20.6,73,0.0,0,1,0,1
2004-07-19 21:00:00,18.9,81,0.0,0,0,0,0
2004-07-19 22:00:00,17.8,90,0.0,0,0,0,0
2004-07-19 23:00:00,18.3,87,0.0,0,0,0,0
2004-07-20 00:00:00,17.2,93,0.0,0,0,0,0
2004-07-20 01:00:00,17.2,93,0.0,0,0,0,0
2004-07-20 02:00:00,16.7,93,0.0,0,0,0,0
2004-07-20 03:00:00,16.1,93,0.0,0,0,0,0
2004-07-20 04:00:00,16.1,97,0.0,0,0,0,0
2004-07-20 05:00:00,16.1,97,0.0,0,0,0,0
2004-07-20 06:00:00,15.0,100,0.0,0,0,0,0
2004-07-20 07:00:00,17.2,90,1.5,230,151,135,119
2004-07-20 08:00:00,20.0,81,2.6,220,301,350,153
2004-07-20 09:00:00,21.7,79,2.6,210,486,483,199
2004-07-20 10:00:00,22.8,71,2.1,200,642,570,218
2004-07-20 11:00:00,24.4,62,1.5,200,807,712,199
2004-07-20 12:00:00,26.7,51,1.5,210,891,626,313
2004-07-20 13:00:00,25.0,56,2.6,210,174,12,163
2004-07-20 14:00:00,26.1,52,2.6,220,834,647,241
2004-07-20 15:00:00,26.1,52,2.6,230,703,471,306
2004-07-20 16:00:00,25.6,52,2.1,300,415,119,329
2004-07-20 17:00:00,18.9,93,0.0,0,83,0,83
2004-07-20 18:00:00,21.1,90,0.0,0,286,318,159
2004-07-20 19:00:00,21.7,87,0.0,0,125,234,75
2004-07-20 20:00:00,20.6,96,0.0,0,7,14,7
2004-07-20 21:00:00,19.4,97,0.0,0,0,0,0
2004-07-20 22:00:00,18.9,96,0.0,0,0,0,0
2004-07-20 23:00:00,18.3,100,0.0,0,0,0,0
2004-07-21 00:00:00,17.8,100,0.0,0,0,0,0
2004-07-21 01:00:00,17.2,100,0.0,0,0,0,0
2004-07-21 02:00:00,17.0,100,0.0,0,0,0,0
2004-07-21 03:00:00,16.7,96,0.0,0,0,0,0
2004-07-21 04:00:00,16.7,100,0.0,0,0,0,0
2004-07-21 05:00:00,16.0,100,0.0,0,0,0,0
2004-07-21 06:00:00,16.7,96,0.0,0,0,0,0
2004-07-21 07:00:00,18.9,90,0.0,0,151,202,104
2004-07-21 08:00:00,20.0,90,0.0,0,302,356,151
2004-07-21 09:00:00,22.8,79,2.1,280,493,514,188
2004-07-21 10:00:00,24.4,69,2.6,200,661,655,176
2004-07-21 11:00:00,27.2,58,2.6,240,795,682,213
2004-07-21 12:00:00,26.7,58,2.6,240,885,626,308
2004-07-21 13:00:00,28.3,53,3.1,240,492,120,379
2004-07-21 14:00:00,28.3,51,2.1,240,508,126,393
2004-07-21 15:00:00,28.9,51,3.1,240,773,543,316
2004-07-21 16:00:00,28.9,51,2.6,240,631,594,201
2004-07-21 17:00:00,28.9,51,2.6,240,462,483,186
2004-07-21 18:00:00,28.3,55,0.0,0,296,428,126
2004-07-21 19:00:00,27.2,61,3.1,240,106,119,81
2004-07-21 20:00:00,26.1,65,2.6,260,7,27,6
2004-07-21 21:00:00,22.8,81,1.5,170,0,0,0
2004-07-21 22:00:00,22.2,84,0.0,0,0,0,0
2004-07-21 23:00:00,20.6,93,0.0,0,0,0,0
2004-07-22 00:00:00,20.6,90,0.0,0,0,0,0
2004-07-22 01:00:00,20.6,90,0.0,0,0,0,0
2004-07-22 02:00:00,20.0,90,0.0,0,0,0,0
2004-07-22 03:00:00,18.9,96,0.0,0,0,0,0
2004-07-22 04:00:00,18.9,96,1.5,190,0,0,0
2004-07-22 05:00:00,19.4,90,2.1,190,0,0,0
2004-07-22 06:00:00,20.6,87,1.5,210,0,0,0
2004-07-22 07:00:00,22.8,76,2.1,220,85,0,85
2004-07-22 08:00:00,23.9,74,3.1,200,105,0,105
2004-07-22 09:00:00,24.4,71,3.1,200,474,379,249
2004-07-22 10:00:00,25.0,71,3.1,210,515,243,335
2004-07-22 11:00:00,25.0,71,4.1,210,373,48,332
2004-07-22 12:00:00,25.0,74,2.6,230,195,6,190
2004-07-22 13:00:00,23.0,83,3.1,220,162,0,162
2004-07-22 14:00:00,24.0,78,3.6,230,142,0,142
2004-07-22 15:00:00,24.4,79,2.1,250,285,12,275
2004-07-22 16:00:00,24.4,76,2.1,260,222,6,217
2004-07-22 17:00:00,24.0,78,1.5,270,99,0,99
2004-07-22 18:00:00,21.7,96,1.5,320,119,0,119
2004-07-22 19:00:00,22.2,91,0.0,0,106,135,78
2004-07-22 20:00:00,22.2,93,0.0,0,5,3,5
2004-07-22 21:00:00,21.7,96,0.0,0,0,0,0
2004-07-22 22:00:00,22.2,91,0.0,0,0,0,0
2004-07-22 23:00:00,21.7,93,0.0,0,0,0,0
2004-07-23 00:00:00,21.1,97,0.0,0,0,0,0
2004-07-23 01:00:00,21.1,93,1.5,280,0,0,0
2004-07-23 02:00:00,20.0,94,0.0,0,0,0,0
2004-07-23 03:00:00,20.0,100,0.0,0,0,0,0
2004-07-23 04:00:00,19.4,100,0.0,0,0,0,0
2004-07-23 05:00:00,19.4,100,0.0,0,0,0,0
2004-07-23 06:00:00,19.4,100,2.1,210,0,0,0
2004-07-23 07:00:00,19.4,100,0.0,0,42,0,42
2004-07-23 08:00:00,20.6,96,1.5,290,183,44,164
2004-07-23 09:00:00,21.7,90,1.5,210,118,0,118
2004-07-23 10:00:00,22.2,87,2.1,250,165,0,165
2004-07-23 11:00:00,22.2,87,1.5,300,174,0,174
2004-07-23 12:00:00,21.7,96,1.5,200,140,0,140
2004-07-23 13:00:00,21.7,96,1.5,210,144,0,144
2004-07-23 14:00:00,22.0,94,2.6,10,142,0,142
2004-07-23 15:00:00,24.0,83,5.1,350,505,149,380
2004-07-23 16:00:00,24.4,74,3.1,350,551,345,303
2004-07-23 17:00:00,24.4,67,3.1,350,478,583,147
2004-07-23 18:00:00,23.3,69,2.6,30,305,485,115
2004-07-23 19:00:00,22.2,73,0.0,0,128,314,63
2004-07-23 20:00:00,20.6,84,0.0,0,5,6,4
2004-07-23 21:00:00,19.4,90,0.0,0,0,0,0
2004-07-23 22:00:00,19.4,79,3.6,20,0,0,0
2004-07-23 23:00:00,18.3,84,2.1,10,0,0,0
2004-07-24 00:00:00,17.2,90,2.1,350,0,0,0
2004-07-24 01:00:00,17.0,88,0.0,0,0,0,0
2004-07-24 02:00:00,16.7,90,2.6,10,0,0,0
2004-07-24 03:00:00,16.7,86,2.6,350,0,0,0
2004-07-24 04:00:00,16.1,93,2.6,10,0,0,0
2004-07-24 05:00:00,16.1,90,1.5,20,0,0,0
2004-07-24 06:00:00,16.1,93,2.1,10,0,0,0
2004-07-24 07:00:00,16.7,90,3.1,360,94,14,91
2004-07-24 08:00:00,18.0,88,2.6,30,141,0,141
2004-07-24 09:00:00,18.9,81,1.5,10,448,324,257
2004-07-24 10:00:00,20.0,76,2.6,350,343,61,299
2004-07-24 11:00:00,22.2,66,3.6,20,491,121,388
2004-07-24 12:00:00,22.8,61,2.6,10,738,367,401
2004-07-24 13:00:00,22.8,57,4.6,350,817,528,320
2004-07-24 14:00:00,23.9,51,3.1,360,881,736,209
2004-07-24 15:00:00,24.4,52,3.6,360,801,746,177
2004-07-24 16:00:00,24.4,52,4.1,30,659,707,151
2004-07-24 17:00:00,23.9,51,3.6,20,495,636,134
2004-07-24 18:00:00,23.9,54,3.1,10,295,468,112
2004-07-24 19:00:00,22.2,57,3.1,10,127,286,69
2004-07-24 20:00:00,20.6,63,3.1,10,4,9,4
2004-07-24 21:00:00,18.9,73,2.1,30,0,0,0
2004-07-24 22:00:00,18.3,78,2.1,20,0,0,0
2004-07-24 23:00:00,18.3,78,0.0,0,0,0,0
2004-07-25 00:00:00,17.8,75,0.0,0,0,0,0
2004-07-25 01:00:00,18.3,73,1.5,360,0,0,0
2004-07-25 02:00:00,17.8,75,1.5,360,0,0,0
2004-07-25 03:00:00,16.7,80,1.5,360,0,0,0
2004-07-25 04:00:00,17.2,72,0.0,0,0,0,0
2004-07-25 05:00:00,16.7,75,1.5,70,0,0,0
2004-07-25 06:00:00,16.1,81,0.0,0,0,0,0
2004-07-25 07:00:00,17.8,75,0.0,0,129,129,99
2004-07-25 08:00:00,20.0,65,0.0,0,338,501,131
2004-07-25 09:00:00,21.7,63,1.5,320,514,624,147
2004-07-25 10:00:00,23.3,62,2.1,130,674,691,166
2004-07-25 11:00:00,25.0,58,2.1,300,808,736,184
2004-07-25 12:00:00,26.1,54,2.1,280,897,770,191
2004-07-25 13:00:00,26.7,54,2.6,50,901,702,242
2004-07-25 14:00:00,27.8,53,2.6,90,881,742,205
2004-07-25 15:00:00,28.3,53,3.6,60,685,454,306
2004-07-25 16:00:00,28.9,55,2.6,50,568,416,270
2004-07-25 17:00:00,26.7,60,3.1,40,434,365,228
2004-07-25 18:00:00,25.6,64,2.6,40,98,0,98
2004-07-25 19:00:00,24.4,67,2.6,80,22,0,22
2004-07-25 20:00:00,22.8,71,2.6,110,4,15,3
2004-07-25 21:00:00,21.7,76,3.6,120,0,0,0
2004-07-25 22:00:00,21.1,78,3.1,120,0,0,0
2004-07-25 23:00:00,21.1,78,2.1,130,0,0,0
2004-07-26 00:00:00,20.6,81,1.5,130,0,0,0
2004-07-26 01:00:00,21.1,78,3.6,130,0,0,0
2004-07-26 02:00:00,21.1,81,2.1,120,0,0,0
2004-07-26 03:00:00,21.7,79,0.0,0,0,0,0
2004-07-26 04:00:00,21.7,79,3.1,360,0,0,0
2004-07-26 05:00:00,21.7,79,0.0,0,0,0,0
2004-07-26 06:00:00,21.1,84,0.0,0,3,0,3
2004-07-26 07:00:00,20.0,93,2.6,120,43,0,43
2004-07-26 08:00:00,21.7,87,1.5,120,205,81,171
2004-07-26 09:00:00,21.1,93,2.6,110,79,0,79
2004-07-26 10:00:00,22.2,87,2.6,170,159,0,159
2004-07-26 11:00:00,23.9,82,3.1,170,218,6,212
2004-07-26 12:00:00,25.0,77,3.1,210,464,78,392
2004-07-26 13:00:00,25.6,76,2.6,170,270,6,265
2004-07-26 14:00:00,23.3,91,2.6,300,148,0,148
2004-07-26 15:00:00,22.8,96,2.1,300,128,0,128
2004-07-26 16:00:00,23.0,94,1.5,200,102,0,102
2004-07-26 17:00:00,23.0,94,2.1,170,143,0,143
2004-07-26 18:00:00,23.3,91,1.5,190,139,6,137
2004-07-26 19:00:00,22.8,94,0.0,0,43,0,43
2004-07-26 20:00:00,22.8,94,1.5,180,3,0,3
2004-07-26 21:00:00,22.2,97,1.5,190,0,0,0
2004-07-26 22:00:00,21.7,96,1.5,190,0,0,0
2004-07-26 23:00:00,21.0,100,2.1,180,0,0,0
2004-07-27 00:00:00,21.7,96,1.5,210,0,0,0
2004-07-27 01:00:00,21.1,100,0.0,0,0,0,0
2004-07-27 02:00:00,20.6,100,0.0,0,0,0,0
2004-07-27 03:00:00,21.1,97,0.0,0,0,0,0
2004-07-27 04:00:00,20.6,100,0.0,0,0,0,0
2004-07-27 05:00:00,20.6,100,0.0,0,0,0,0
2004-07-27 06:00:00,21.0,94,0.0,0,5,2,5
2004-07-27 07:00:00,21.1,97,2.6,180,87,7,85
2004-07-27 08:00:00,20.6,96,3.6,260,71,0,71
2004-07-27 09:00:00,20.6,93,0.0,0,99,0,99
2004-07-27 10:00:00,21.1,93,0.0,0,115,0,115
2004-07-27 11:00:00,20.6,96,0.0,0,131,0,131
2004-07-27 12:00:00,20.6,96,1.5,330,146,0,146
2004-07-27 13:00:00,21.1,93,1.5,290,198,0,198
2004-07-27 14:00:00,20.6,96,1.5,320,148,0,148
2004-07-27 15:00:00,21.1,90,0.0,0,209,6,204
2004-07-27 16:00:00,21.7,87,1.5,230,272,18,260
2004-07-27 17:00:00,22.2,87,0.0,0,269,82,223
2004-07-27 18:00:00,22.8,81,1.5,220,46,0,46
2004-07-27 19:00:00,22.2,87,2.1,210,74,43,65
2004-07-27 20:00:00,21.7,90,1.5,190,1,0,1
2004-07-27 21:00:00,21.1,90,0.0,0,0,0,0
2004-07-27 22:00:00,20.0,94,0.0,0,0,0,0
2004-07-27 23:00:00,18.9,100,0.0,0,0,0,0
2004-07-28 00:00:00,19.4,97,3.1,360,0,0,0
2004-07-28 01:00:00,19.4,93,0.0,0,0,0,0
2004-07-28 02:00:00,19.4,93,0.0,0,0,0,0
2004-07-28 03:00:00,19.4,93,1.5,270,0,0,0
2004-07-28 04:00:00,19.0,94,1.5,240,0,0,0
2004-07-28 05:00:00,18.9,93,0.0,0,0,0,0
2004-07-28 06:00:00,18.0,100,2.1,240,4,2,4
2004-07-28 07:00:00,18.9,93,2.1,250,87,7,86
2004-07-28 08:00:00,18.9,84,3.1,260,219,113,173
2004-07-28 09:00:00,21.0,73,2.6,270,449,367,235
2004-07-28 10:00:00,21.1,68,2.6,280,630,540,236
2004-07-28 11:00:00,21.7,63,5.7,290,516,163,379
2004-07-28 12:00:00,22.2,61,3.6,290,720,343,407
2004-07-28 13:00:00,23.3,57,2.6,290,757,426,359
2004-07-28 14:00:00,22.8,57,2.6,290,751,527,273
2004-07-28 15:00:00,23.3,55,2.1,300,668,400,336
2004-07-28 16:00:00,23.3,60,3.1,300,539,333,302
2004-07-28 17:00:00,23.3,60,3.1,300,280,82,234
2004-07-28 18:00:00,22.8,59,2.1,330,293,409,137
2004-07-28 19:00:00,21.7,66,0.0,0,112,257,62
2004-07-28 20:00:00,20.0,76,0.0,0,1,0,1
2004-07-28 21:00:00,18.3,84,0.0,0,0,0,0
2004-07-28 22:00:00,17.2,90,0.0,0,0,0,0
2004-07-28 23:00:00,16.1,97,0.0,0,0,0,0
2004-07-29 00:00:00,15.0,96,0.0,0,0,0,0
2004-07-29 01:00:00,15.0,96,0.0,0,0,0,0
2004-07-29 02:00:00,15.0,96,0.0,0,0,0,0
2004-07-29 03:00:00,15.0,96,0.0,0,0,0,0
2004-07-29 04:00:00,14.4,97,0.0,0,0,0,0
2004-07-29 05:00:00,13.0,100,1.5,340,0,0,0
2004-07-29 06:00:00,13.9,96,1.5,30,5,19,5
2004-07-29 07:00:00,16.1,90,0.0,0,114,62,101
2004-07-29 08:00:00,18.3,84,1.5,340,241,163,175
2004-07-29 09:00:00,20.0,76,2.1,50,495,533,186
2004-07-29 10:00:00,22.8,68,2.1,90,675,686,176
2004-07-29 11:00:00,24.4,64,2.6,130,796,730,181
2004-07-29 12:00:00,25.6,58,1.5,150,867,686,242
2004-07-29 13:00:00,26.1,58,1.5,170,919,768,202
2004-07-29 14:00:00,27.8,55,2.6,190,869,760,181
2004-07-29 15:00:00,28.3,53,3.1,210,772,668,218
2004-07-29 16:00:00,28.3,53,1.5,260,647,689,157
2004-07-29 17:00:00,28.3,55,1.5,310,466,565,151
2004-07-29 18:00:00,27.2,62,0.0,0,288,421,128
2004-07-29 19:00:00,25.6,76,0.0,0,77,59,66
2004-07-29 20:00:00,24.4,79,0.0,0,0,0,0
2004-07-29 21:00:00,23.3,91,1.5,100,0,0,0
2004-07-29 22:00:00,23.9,76,1.5,120,0,0,0
2004-07-29 23:00:00,23.3,76,1.5,150,0,0,0
2004-07-30 00:00:00,22.8,79,3.6,170,0,0,0
2004-07-30 01:00:00,22.8,79,2.6,180,0,0,0
2004-07-30 02:00:00,22.2,82,1.5,140,0,0,0
2004-07-30 03:00:00,22.2,79,4.6,160,0,0,0
2004-07-30 04:00:00,22.2,79,3.1,180,0,0,0
2004-07-30 05:00:00,22.2,79,3.1,160,0,0,0
2004-07-30 06:00:00,21.7,84,1.5,200,3,0,3
2004-07-30 07:00:00,22.8,81,1.5,190,71,0,71
2004-07-30 08:00:00,24.4,76,2.1,190,156,6,153
2004-07-30 09:00:00,25.6,69,4.6,190,258,18,247
2004-07-30 10:00:00,26.7,67,3.1,180,420,103,345
2004-07-30 11:00:00,26.7,67,4.6,210,497,133,386
2004-07-30 12:00:00,27.2,65,5.2,210,409,30,382
2004-07-30 13:00:00,28.3,65,2.6,250,577,156,431
2004-07-30 14:00:00,28.3,63,4.1,280,750,461,334
2004-07-30 15:00:00,26.1,74,3.1,190,458,95,380
2004-07-30 16:00:00,25.6,85,2.1,170,369,71,318
2004-07-30 17:00:00,25.6,82,3.1,180,104,0,104
2004-07-30 18:00:00,25.6,79,1.5,180,154,17,148
2004-07-30 19:00:00,24.0,74,4.6,180,55,0,55
2004-07-30 20:00:00,22.8,84,2.1,190,0,0,0
2004-07-30 21:00:00,22.8,87,1.5,210,0,0,0
2004-07-30 22:00:00,22.8,87,2.6,180,0,0,0
2004-07-30 23:00:00,22.8,84,1.5,180,0,0,0
2004-07-31 00:00:00,23.3,79,2.6,190,0,0,0
2004-07-31 01:00:00,23.9,76,2.6,190,0,0,0
2004-07-31 02:00:00,23.9,74,3.1,190,0,0,0
2004-07-31 03:00:00,23.3,74,2.1,200,0,0,0
2004-07-31 04:00:00,23.3,74,3.1,200,0,0,0
2004-07-31 05:00:00,23.3,71,2.1,200,0,0,0
2004-07-31 06:00:00,23.3,71,1.5,200,3,6,3
2004-07-31 07:00:00,23.9,71,2.1,190,89,21,84
2004-07-31 08:00:00,24.4,69,3.6,190,227,151,167
2004-07-31 09:00:00,26.0,65,3.1,210,178,0,178
2004-07-31 10:00:00,22.2,91,1.5,310,318,49,283
2004-07-31 11:00:00,22.0,94,1.5,190,124,0,124
2004-07-31 12:00:00,22.2,93,3.1,170,232,0,232
2004-07-31 13:00:00,22.0,94,3.6,180,234,0,234
2004-07-31 14:00:00,22.8,90,2.6,200,384,42,346
2004-07-31 15:00:00,22.8,90,2.6,210,203,6,198
2004-07-31 16:00:00,23.9,82,2.1,220,374,89,311
2004-07-31 17:00:00,23.3,85,2.6,220,192,6,188
2004-07-31 18:00:00,23.3,87,2.1,210,56,0,56
2004-07-31 19:00:00,23.3,85,1.5,190,64,21,60
2004-07-31 20:00:00,22.8,87,1.5,180,0,0,0
2004-07-31 21:00:00,22.2,87,2.1,190,0,0,0
2004-07-31 22:00:00,21.6,87,1.8,0,0,0,0
2004-07-31 23:00:00,21.1,96,1.5,200,0,0,0
2004-08-01 00:00:00,20.5,87,1.2,0,0,0,0
1994-08-01 01:00:00,20.0,93,0.9,160,0,0,0
1994-08-01 02:00:00,19.4,93,0.6,0,0,0,0
1994-08-01 03:00:00,18.9,93,0.3,180,0,0,0
1994-08-01 04:00:00,18.3,93,0.0,0,0,0,0
1994-08-01 05:00:00,18.3,93,0.0,0,0,0,0
1994-08-01 06:00:00,18.3,93,0.0,0,12,13,11
1994-08-01 07:00:00,18.8,93,0.0,0,64,19,60
1994-08-01 08:00:00,21.6,82,0.0,0,112,0,112
1994-08-01 09:00:00,23.8,74,0.0,0,185,0,185
1994-08-01 10:00:00,27.2,60,0.0,0,250,0,250
1994-08-01 11:00:00,27.7,58,2.5,330,582,117,484
1994-08-01 12:00:00,28.3,53,0.0,0,329,0,329
1994-08-01 13:00:00,28.3,51,0.0,0,338,0,338
1994-08-01 14:00:00,30.5,48,0.0,0,359,68,298
1994-08-01 15:00:00,28.8,51,0.0,0,409,31,383
1994-08-01 16:00:00,29.4,55,2.5,200,448,128,357
1994-08-01 17:00:00,28.8,53,3.0,220,256,56,225
1994-08-01 18:00:00,28.3,56,2.0,220,102,0,102
1994-08-01 19:00:00,26.1,64,1.5,160,54,0,54
1994-08-01 20:00:00,23.8,74,1.5,160,5,0,5
1994-08-01 21:00:00,23.3,71,2.0,190,0,0,0
1994-08-01 22:00:00,21.1,84,1.5,190,0,0,0
1994-08-01 23:00:00,20.5,84,1.5,20,0,0,0
1994-08-02 00:00:00,20.0,87,1.5,150,0,0,0
1994-08-02 01:00:00,20.0,87,0.0,0,0,0,0
1994-08-02 02:00:00,20.0,87,0.0,0,0,0,0
1994-08-02 03:00:00,19.4,90,0.0,0,0,0,0
1994-08-02 04:00:00,18.3,93,1.5,180,0,0,0
1994-08-02 05:00:00,18.3,96,0.0,0,0,0,0
1994-08-02 06:00:00,18.8,93,1.5,180,9,0,9
1994-08-02 07:00:00,18.8,97,0.0,0,50,0,50
1994-08-02 08:00:00,20.5,90,0.0,0,118,0,118
1994-08-02 09:00:00,22.7,85,0.0,0,192,0,192
1994-08-02 10:00:00,23.8,79,2.0,210,204,0,204
1994-08-02 11:00:00,26.1,67,2.0,270,242,0,242
1994-08-02 12:00:00,28.3,61,3.0,180,331,0,331
1994-08-02 13:00:00,28.8,59,2.0,220,855,732,176
1994-08-02 14:00:00,29.4,53,4.1,190,798,672,195
1994-08-02 15:00:00,29.4,55,4.1,210,697,592,211
1994-08-02 16:00:00,28.8,57,3.6,200,494,97,425
1994-08-02 17:00:00,25.5,69,5.1,280,145,0,145
1994-08-02 18:00:00,20.0,95,5.1,40,72,0,72
1994-08-02 19:00:00,19.4,96,2.0,140,34,0,34
1994-08-02 20:00:00,19.4,96,2.0,110,4,0,4
1994-08-02 21:00:00,19.4,93,2.0,210,0,0,0
1994-08-02 22:00:00,20.0,90,1.5,250,0,0,0
1994-08-02 23:00:00,18.8,97,1.5,200,0,0,0
1994-08-03 00:00:00,18.8,97,0.0,0,0,0,0
1994-08-03 01:00:00,18.3,100,2.5,10,0,0,0
1994-08-03 02:00:00,18.3,96,0.0,0,0,0,0
1994-08-03 03:00:00,18.3,96,1.5,350,0,0,0
1994-08-03 04:00:00,18.3,96,1.5,340,0,0,0
1994-08-03 05:00:00,17.2,96,0.0,0,0,0,0
1994-08-03 06:00:00,16.6,100,1.5,240,6,0,6
1994-08-03 07:00:00,17.7,100,1.5,200,52,0,52
1994-08-03 08:00:00,20.0,96,2.5,220,100,43,83
1994-08-03 09:00:00,21.1,93,3.0,200,104,0,104
1994-08-03 10:00:00,23.3,84,3.6,210,316,87,254
1994-08-03 11:00:00,25.5,77,4.6,230,381,110,289
1994-08-03 12:00:00,26.6,72,4.1,230,417,82,343
1994-08-03 13:00:00,26.6,72,2.5,190,270,0,270
1994-08-03 14:00:00,28.3,61,3.0,210,335,123,224
1994-08-03 15:00:00,28.3,61,4.1,210,470,238,274
1994-08-03 16:00:00,27.2,65,3.0,240,242,0,242
1994-08-03 17:00:00,26.1,71,2.5,240,176,0,176
1994-08-03 18:00:00,26.1,69,2.0,210,187,88,154
1994-08-03 19:00:00,24.4,69,2.5,180,49,8,47
1994-08-03 20:00:00,22.7,79,2.5,190,5,10,4
1994-08-03 21:00:00,22.7,82,2.0,180,0,0,0
1994-08-03 22:00:00,22.2,87,2.0,200,0,0,0
1994-08-03 23:00:00,21.1,90,2.0,170,0,0,0
1994-08-04 00:00:00,21.6,87,2.0,220,0,0,0
1994-08-04 01:00:00,21.6,87,1.5,200,0,0,0
1994-08-04 02:00:00,21.1,90,2.0,210,0,0,0
1994-08-04 03:00:00,21.1,90,2.0,200,0,0,0
1994-08-04 04:00:00,20.5,90,0.0,0,0,0,0
1994-08-04 05:00:00,21.1,87,2.0,190,0,0,0
1994-08-04 06:00:00,20.5,90,2.0,160,7,0,7
1994-08-04 07:00:00,21.6,87,3.0,180,50,0,50
1994-08-04 08:00:00,23.3,79,5.1,220,322,538,110
1994-08-04 09:00:00,24.4,79,4.1,200,288,115,223
1994-08-04 10:00:00,25.5,74,3.6,220,202,37,175
1994-08-04 11:00:00,22.2,90,5.1,200,239,0,239
1994-08-04 12:00:00,23.8,94,2.0,130,514,138,389
1994-08-04 13:00:00,27.7,74,4.1,190,883,739,201
1994-08-04 14:00:00,28.8,43,3.6,220,853,692,234
1994-08-04 15:00:00,28.8,59,4.1,210,622,99,541
1994-08-04 16:00:00,29.2,58,5.1,210,536,468,209
1994-08-04 17:00:00,28.3,61,4.1,200,486,578,172
1994-08-04 18:00:00,27.7,65,4.1,220,261,461,92
1994-08-04 19:00:00,26.1,67,3.6,210,48,15,46
1994-08-04 20:00:00,20.5,90,5.1,310,3,0,3
1994-08-04 21:00:00,20.5,93,2.5,340,0,0,0
1994-08-04 22:00:00,20.0,93,2.5,170,0,0,0
1994-08-04 23:00:00,20.0,84,2.5,190,0,0,0
1994-08-05 00:00:00,20.0,96,2.5,210,0,0,0
1994-08-05 01:00:00,20.0,93,2.5,190,0,0,0
1994-08-05 02:00:00,20.0,93,2.5,190,0,0,0
1994-08-05 03:00:00,20.0,93,2.5,230,0,0,0
1994-08-05 04:00:00,20.0,96,2.5,220,0,0,0
1994-08-05 05:00:00,20.0,96,2.0,200,0,0,0
1994-08-05 06:00:00,20.0,96,0.0,0,5,0,5
1994-08-05 07:00:00,20.0,96,2.5,330,32,0,32
1994-08-05 08:00:00,19.4,96,4.6,350,64,0,64
1994-08-05 09:00:00,18.3,96,3.6,350,106,0,106
1994-08-05 10:00:00,18.3,93,6.6,350,169,0,169
1994-08-05 11:00:00,17.2,96,2.5,330,168,0,168
1994-08-05 12:00:00,17.2,93,3.0,330,184,0,184
1994-08-05 13:00:00,17.2,93,2.5,20,226,0,226
1994-08-05 14:00:00,17.2,90,5.1,330,218,0,218
1994-08-05 15:00:00,16.6,90,3.6,300,165,0,165
1994-08-05 16:00:00,16.1,90,2.5,360,163,0,163
1994-08-05 17:00:00,15.5,90,2.5,340,119,0,119
1994-08-05 18:00:00,15.5,87,2.0,10,70,0,70
1994-08-05 19:00:00,15.5,87,1.5,360,33,0,33
1994-08-05 20:00:00,15.5,90,0.0,0,3,0,3
1994-08-05 21:00:00,14.4,93,0.0,0,0,0,0
1994-08-05 22:00:00,13.8,97,1.5,200,0,0,0
1994-08-05 23:00:00,12.7,90,1.5,240,0,0,0
1994-08-06 00:00:00,12.2,96,1.5,150,0,0,0
1994-08-06 01:00:00,11.1,100,1.5,130,0,0,0
1994-08-06 02:00:00,10.5,97,0.0,0,0,0,0
1994-08-06 03:00:00,11.6,97,1.5,40,0,0,0
1994-08-06 04:00:00,11.6,97,0.0,0,0,0,0
1994-08-06 05:00:00,9.4,96,1.5,10,0,0,0
1994-08-06 06:00:00,10.0,89,1.5,10,8,2,8
1994-08-06 07:00:00,12.7,84,3.0,40,103,168,69
1994-08-06 08:00:00,15.0,34,3.6,50,282,403,126
1994-08-06 09:00:00,15.5,36,3.0,70,485,549,175
1994-08-06 10:00:00,17.7,31,3.0,50,667,637,212
1994-08-06 11:00:00,18.8,29,2.0,10,807,690,237
1994-08-06 12:00:00,20.0,27,2.5,110,894,717,251
1994-08-06 13:00:00,21.6,49,3.6,10,920,724,255
1994-08-06 14:00:00,22.2,51,2.0,350,884,714,249
1994-08-06 15:00:00,22.7,53,2.5,40,789,683,234
1994-08-06 16:00:00,22.7,57,2.5,320,641,626,207
1994-08-06 17:00:00,22.2,55,2.3,330,445,516,168
1994-08-06 18:00:00,21.3,55,2.2,350,239,339,117
1994-08-06 19:00:00,20.0,57,2.0,360,78,105,60
1994-08-06 20:00:00,17.2,75,0.0,0,3,0,3
1994-08-06 21:00:00,16.1,75,0.0,0,0,0,0
1994-08-06 22:00:00,15.0,83,0.0,0,0,0,0
1994-08-06 23:00:00,14.4,87,1.5,330,0,0,0
1994-08-07 00:00:00,13.3,89,1.5,30,0,0,0
1994-08-07 01:00:00,14.4,87,0.0,0,0,0,0
1994-08-07 02:00:00,13.8,87,2.0,180,0,0,0
1994-08-07 03:00:00,13.8,75,0.0,0,0,0,0
1994-08-07 04:00:00,13.3,77,0.0,0,0,0,0
1994-08-07 05:00:00,13.3,80,0.0,0,0,0,0
1994-08-07 06:00:00,12.7,84,1.5,150,9,42,7
1994-08-07 07:00:00,15.0,77,0.0,0,129,262,77
1994-08-07 08:00:00,18.8,68,0.0,0,279,536,72
1994-08-07 09:00:00,21.6,61,0.0,0,458,561,143
1994-08-07 10:00:00,23.3,60,0.0,0,679,772,130
1994-08-07 11:00:00,24.4,54,2.5,170,746,660,201
1994-08-07 12:00:00,25.0,50,3.0,240,867,794,156
1994-08-07 13:00:00,25.0,52,1.5,80,792,554,283
1994-08-07 14:00:00,26.6,45,4.1,230,916,861,151
1994-08-07 15:00:00,27.2,49,3.6,250,526,243,329
1994-08-07 16:00:00,27.2,47,3.6,230,442,303,233
1994-08-07 17:00:00,26.6,44,3.0,230,393,302,231
1994-08-07 18:00:00,26.1,48,2.5,230,114,66,90
1994-08-07 19:00:00,24.4,56,0.0,0,71,102,54
1994-08-07 20:00:00,21.6,71,0.0,0,4,9,3
1994-08-07 21:00:00,20.5,73,0.0,0,0,0,0
1994-08-07 22:00:00,20.0,70,0.0,0,0,0,0
1994-08-07 23:00:00,20.0,67,0.0,0,0,0,0
1994-08-08 00:00:00,19.4,70,2.0,160,0,0,0
1994-08-08 01:00:00,18.3,75,2.5,170,0,0,0
1994-08-08 02:00:00,17.7,78,2.0,160,0,0,0
1994-08-08 03:00:00,18.3,75,2.0,140,0,0,0
1994-08-08 04:00:00,16.6,93,0.0,0,0,0,0
1994-08-08 05:00:00,16.1,93,0.0,0,0,0,0
1994-08-08 06:00:00,16.6,90,1.5,180,7,0,7
1994-08-08 07:00:00,17.7,87,0.0,0,85,58,73
1994-08-08 08:00:00,20.0,78,0.0,0,225,207,146
1994-08-08 09:00:00,22.7,71,1.5,250,431,357,231
1994-08-08 10:00:00,24.4,64,5.1,250,503,306,285
1994-08-08 11:00:00,25.5,64,2.5,210,724,503,310
1994-08-08 12:00:00,26.6,60,3.0,240,791,483,359
1994-08-08 13:00:00,27.2,60,4.6,220,843,544,346
1994-08-08 14:00:00,27.2,54,3.6,200,742,456,338
1994-08-08 15:00:00,28.8,48,4.6,270,719,507,309
1994-08-08 16:00:00,28.3,53,2.0,280,564,384,300
1994-08-08 17:00:00,28.3,49,0.0,0,410,343,227
1994-08-08 18:00:00,27.2,54,2.5,230,221,238,137
1994-08-08 19:00:00,25.5,60,0.0,0,70,47,62
1994-08-08 20:00:00,22.7,73,2.0,160,2,0,2
1994-08-08 21:00:00,21.6,82,0.0,0,0,0,0
1994-08-08 22:00:00,20.5,90,0.0,0,0,0,0
1994-08-08 23:00:00,19.4,93,1.5,230,0,0,0
1994-08-09 00:00:00,18.8,97,1.5,220,0,0,0
1994-08-09 01:00:00,18.3,96,1.5,180,0,0,0
1994-08-09 02:00:00,17.2,100,1.5,190,0,0,0
1994-08-09 03:00:00,17.2,96,0.0,0,0,0,0
1994-08-09 04:00:00,16.6,100,1.5,200,0,0,0
1994-08-09 05:00:00,15.5,100,1.5,170,0,0,0
1994-08-09 06:00:00,16.1,96,0.0,0,6,0,6
1994-08-09 07:00:00,17.2,96,1.5,170,51,0,51
1994-08-09 08:00:00,20.0,87,1.5,240,291,499,100
1994-08-09 09:00:00,22.7,76,2.0,200,181,0,181
1994-08-09 10:00:00,25.5,64,3.6,250,246,0,246
1994-08-09 11:00:00,26.6,60,3.6,200,423,281,192
1994-08-09 12:00:00,27.2,60,3.6,220,259,0,259
1994-08-09 13:00:00,27.2,58,3.6,220,747,279,491
1994-08-09 14:00:00,28.3,56,4.6,210,845,710,217
1994-08-09 15:00:00,28.8,55,3.6,220,570,320,313
1994-08-09 16:00:00,27.2,62,4.1,240,188,0,188
1994-08-09 17:00:00,27.7,63,4.1,270,135,0,135
1994-08-09 18:00:00,26.1,71,3.0,310,76,0,76
1994-08-09 19:00:00,24.4,82,3.6,350,36,0,36
1994-08-09 20:00:00,22.7,82,3.6,360,1,0,1
1994-08-09 21:00:00,22.2,81,4.1,360,0,0,0
1994-08-09 22:00:00,21.1,81,4.1,10,0,0,0
1994-08-09 23:00:00,20.5,84,3.6,340,0,0,0
1994-08-10 00:00:00,20.0,84,3.0,350,0,0,0
1994-08-10 01:00:00,19.4,81,2.5,340,0,0,0
1994-08-10 02:00:00,18.8,79,3.0,350,0,0,0
1994-08-10 03:00:00,18.3,81,2.5,330,0,0,0
1994-08-10 04:00:00,16.1,90,2.5,330,0,0,0
1994-08-10 05:00:00,16.1,90,2.5,330,0,0,0
1994-08-10 06:00:00,16.6,84,3.0,360,7,2,7
1994-08-10 07:00:00,16.6,84,2.0,350,102,101,83
1994-08-10 08:00:00,17.2,80,2.0,40,232,118,187
1994-08-10 09:00:00,18.8,73,3.0,50,485,622,140
1994-08-10 10:00:00,20.0,67,2.5,320,490,312,270
1994-08-10 11:00:00,21.6,61,0.0,0,710,551,258
1994-08-10 12:00:00,22.7,62,0.0,0,863,776,172
1994-08-10 13:00:00,24.4,56,0.0,0,892,797,167
1994-08-10 14:00:00,25.0,52,0.0,0,806,721,171
1994-08-10 15:00:00,25.2,50,1.3,350,782,773,161
1994-08-10 16:00:00,25.0,50,2.5,340,617,695,143
1994-08-10 17:00:00,25.5,48,2.5,330,421,526,144
1994-08-10 18:00:00,24.4,56,0.0,0,254,368,126
1994-08-10 19:00:00,23.3,60,2.0,360,76,192,46
1994-08-10 20:00:00,20.0,73,2.0,130,2,1,2
1994-08-10 21:00:00,19.4,78,0.0,0,0,0,0
1994-08-10 22:00:00,17.7,87,0.0,0,0,0,0
1994-08-10 23:00:00,17.2,90,0.0,0,0,0,0
1994-08-11 00:00:00,17.2,90,0.0,0,0,0,0
1994-08-11 01:00:00,16.6,93,0.0,0,0,0,0
1994-08-11 02:00:00,16.3,94,0.0,0,0,0,0
1994-08-11 03:00:00,16.1,93,0.0,0,0,0,0
1994-08-11 04:00:00,16.3,91,0.0,0,0,0,0
1994-08-11 05:00:00,16.6,90,0.0,0,0,0,0
1994-08-11 06:00:00,16.6,93,0.0,0,5,0,5
1994-08-11 07:00:00,17.2,90,0.0,0,41,0,41
1994-08-11 08:00:00,18.8,87,1.5,220,104,0,104
1994-08-11 09:00:00,20.5,78,0.0,0,178,0,178
1994-08-11 10:00:00,22.2,73,0.0,0,243,0,243
1994-08-11 11:00:00,22.7,71,2.5,300,292,0,292
1994-08-11 12:00:00,23.8,69,0.0,0,322,0,322
1994-08-11 13:00:00,23.8,69,2.5,60,331,0,331
1994-08-11 14:00:00,22.7,76,2.0,30,318,0,318
1994-08-11 15:00:00,22.7,76,1.5,50,228,0,228
1994-08-11 16:00:00,24.4,69,2.0,350,280,69,233
1994-08-11 17:00:00,24.3,67,1.0,360,303,132,234
1994-08-11 18:00:00,23.8,69,0.0,0,168,28,158
1994-08-11 19:00:00,22.2,84,0.0,0,35,0,35
1994-08-11 20:00:00,21.1,87,0.0,0,1,0,1
1994-08-11 21:00:00,20.5,84,0.0,0,0,0,0
1994-08-11 22:00:00,20.5,84,2.0,290,0,0,0
1994-08-11 23:00:00,20.0,87,0.0,0,0,0,0
1994-08-12 00:00:00,19.4,90,0.0,0,0,0,0
1994-08-12 01:00:00,18.8,93,0.0,0,0,0,0
1994-08-12 02:00:00,18.8,93,0.0,0,0,0,0
1994-08-12 03:00:00,18.8,93,0.0,0,0,0,0
1994-08-12 04:00:00,18.8,93,0.0,0,0,0,0
1994-08-12 05:00:00,17.7,97,0.0,0,0,0,0
1994-08-12 06:00:00,17.2,100,0.0,0,6,31,5
1994-08-12 07:00:00,18.8,93,0.0,0,117,414,41
1994-08-12 08:00:00,21.6,84,1.5,220,115,0,115
1994-08-12 09:00:00,25.5,74,3.0,180,363,508,83
1994-08-12 10:00:00,27.7,67,1.5,240,631,634,186
1994-08-12 11:00:00,28.8,63,3.6,200,660,521,235
1994-08-12 12:00:00,29.4,59,4.1,180,839,750,175
1994-08-12 13:00:00,30.5,52,3.6,200,865,765,172
1994-08-12 14:00:00,30.5,55,5.1,200,651,354,340
1994-08-12 15:00:00,30.0,57,4.1,210,592,320,336
1994-08-12 16:00:00,31.1,52,4.6,200,517,264,338
1994-08-12 17:00:00,30.5,54,5.1,190,175,0,175
1994-08-12 18:00:00,28.3,63,4.1,180,101,0,101
1994-08-12 19:00:00,26.6,69,3.6,180,34,0,34
1994-08-12 20:00:00,25.5,74,2.5,170,1,0,1
1994-08-12 21:00:00,25.5,74,3.0,180,0,0,0
1994-08-12 22:00:00,25.5,74,2.5,190,0,0,0
1994-08-12 23:00:00,25.5,74,0.0,0,0,0,0
1994-08-13 00:00:00,24.4,82,0.0,0,0,0,0
1994-08-13 01:00:00,24.4,82,0.0,0,0,0,0
1994-08-13 02:00:00,21.6,97,0.0,0,0,0,0
1994-08-13 03:00:00,22.7,86,0.0,0,0,0,0
1994-08-13 04:00:00,23.8,76,0.0,0,0,0,0
1994-08-13 05:00:00,23.8,82,0.0,0,0,0,0
1994-08-13 06:00:00,23.8,82,3.6,180,4,0,4
1994-08-13 07:00:00,24.4,79,4.6,190,46,0,46
1994-08-13 08:00:00,25.0,79,5.1,210,84,0,84
1994-08-13 09:00:00,26.1,94,5.6,220,143,0,143
1994-08-13 10:00:00,26.6,74,4.6,200,195,0,195
1994-08-13 11:00:00,28.3,70,4.1,240,234,0,234
1994-08-13 12:00:00,28.3,67,5.6,220,257,0,257
1994-08-13 13:00:00,29.4,65,4.6,230,264,0,264
1994-08-13 14:00:00,30.0,61,5.1,220,254,0,254
1994-08-13 15:00:00,27.7,69,5.1,310,228,0,228
1994-08-13 16:00:00,26.6,74,0.0,0,233,0,233
1994-08-13 17:00:00,28.8,68,4.1,200,166,0,166
1994-08-13 18:00:00,28.2,70,3.6,210,104,13,100
1994-08-13 19:00:00,27.2,74,3.0,210,41,10,39
1994-08-13 20:00:00,26.6,74,4.6,190,1,0,1
1994-08-13 21:00:00,26.1,74,3.6,190,0,0,0
1994-08-13 22:00:00,26.1,71,3.0,200,0,0,0
1994-08-13 23:00:00,25.5,74,3.0,190,0,0,0
1994-08-14 00:00:00,25.5,77,4.1,200,0,0,0
1994-08-14 01:00:00,25.0,76,3.0,200,0,0,0
1994-08-14 02:00:00,24.4,76,3.0,190,0,0,0
1994-08-14 03:00:00,24.4,76,3.0,190,0,0,0
1994-08-14 04:00:00,24.4,74,4.1,190,0,0,0
1994-08-14 05:00:00,23.8,76,5.6,190,0,0,0
1994-08-14 06:00:00,23.8,76,6.1,190,4,1,4
1994-08-14 07:00:00,25.0,71,4.1,200,35,0,35
1994-08-14 08:00:00,24.4,76,5.1,220,84,0,84
1994-08-14 09:00:00,21.6,97,3.0,200,143,0,143
1994-08-14 10:00:00,23.3,90,3.6,210,195,0,195
1994-08-14 11:00:00,23.8,88,4.1,220,234,0,234
1994-08-14 12:00:00,23.3,87,3.0,220,257,0,257
1994-08-14 13:00:00,24.4,82,5.1,200,264,0,264
1994-08-14 14:00:00,22.7,94,4.6,250,254,0,254
1994-08-14 15:00:00,21.6,91,3.0,240,190,0,190
1994-08-14 16:00:00,21.1,96,2.5,250,156,0,156
1994-08-14 17:00:00,20.5,93,3.6,340,92,0,92
1994-08-14 18:00:00,20.5,84,3.6,320,136,82,108
1994-08-14 19:00:00,19.4,84,2.0,320,40,14,37
1994-08-14 20:00:00,18.3,90,0.0,0,1,0,1
1994-08-14 21:00:00,16.6,100,1.5,230,0,0,0
1994-08-14 22:00:00,16.6,97,0.0,0,0,0,0
1994-08-14 23:00:00,15.5,100,0.0,0,0,0,0
1994-08-15 00:00:00,15.0,100,0.0,0,0,0,0
1994-08-15 01:00:00,15.0,100,1.5,170,0,0,0
1994-08-15 02:00:00,14.4,100,1.5,190,0,0,0
1994-08-15 03:00:00,13.8,100,2.0,200,0,0,0
1994-08-15 04:00:00,13.8,100,1.5,190,0,0,0
1994-08-15 05:00:00,13.8,100,1.5,130,0,0,0
1994-08-15 06:00:00,13.3,100,1.5,160,4,0,4
1994-08-15 07:00:00,13.3,100,1.5,110,75,27,70
1994-08-15 08:00:00,14.4,96,0.0,0,190,153,134
1994-08-15 09:00:00,17.7,78,2.0,220,396,428,163
1994-08-15 10:00:00,18.8,68,2.5,330,608,498,261
1994-08-15 11:00:00,18.8,63,1.5,100,720,389,404
1994-08-15 12:00:00,19.4,63,1.5,150,669,305,401
1994-08-15 13:00:00,19.4,65,2.5,200,745,459,332
1994-08-15 14:00:00,21.1,57,3.6,260,852,608,324
1994-08-15 15:00:00,21.6,57,2.5,250,589,213,421
1994-08-15 16:00:00,21.1,57,2.5,340,440,377,189
1994-08-15 17:00:00,21.1,55,2.5,360,236,149,160
1994-08-15 18:00:00,20.5,59,2.5,340,231,400,99
1994-08-15 19:00:00,19.4,65,1.5,60,54,81,43
1994-08-15 20:00:00,16.6,81,1.5,150,0,0,0
1994-08-15 21:00:00,15.0,90,1.5,30,0,0,0
1994-08-15 22:00:00,13.8,93,1.5,150,0,0,0
1994-08-15 23:00:00,13.3,93,0.0,0,0,0,0
1994-08-16 00:00:00,13.3,96,0.0,0,0,0,0
1994-08-16 01:00:00,12.2,93,1.5,20,0,0,0
1994-08-16 02:00:00,11.9,95,0.8,10,0,0,0
1994-08-16 03:00:00,11.6,97,0.0,0,0,0,0
1994-08-16 04:00:00,12.2,93,0.0,0,0,0,0
1994-08-16 05:00:00,10.5,100,2.5,360,0,0,0
1994-08-16 06:00:00,11.6,93,2.0,10,3,0,3
1994-08-16 07:00:00,12.7,93,2.0,10,52,6,51
1994-08-16 08:00:00,16.1,80,2.5,30,98,0,98
1994-08-16 09:00:00,19.4,68,2.5,80,171,0,171
1994-08-16 10:00:00,20.5,65,4.1,110,237,0,237
1994-08-16 11:00:00,21.7,64,3.1,90,287,0,287
1994-08-16 12:00:00,22.7,64,2.0,60,254,0,254
1994-08-16 13:00:00,23.3,66,3.0,90,261,0,261
1994-08-16 14:00:00,23.8,69,3.0,160,250,0,250
1994-08-16 15:00:00,22.2,71,4.6,170,223,0,223
1994-08-16 16:00:00,20.0,84,2.5,160,180,0,180
1994-08-16 17:00:00,19.4,90,2.0,170,125,0,125
1994-08-16 18:00:00,20.0,84,2.5,150,67,0,67
1994-08-16 19:00:00,20.0,87,0.0,0,33,0,33
1994-08-16 20:00:00,19.7,88,0.0,0,0,0,0
1994-08-16 21:00:00,20.0,87,0.0,0,0,0,0
1994-08-16 22:00:00,19.4,90,0.0,0,0,0,0
1994-08-16 23:00:00,20.5,84,5.1,170,0,0,0
1994-08-17 00:00:00,20.0,87,2.5,170,0,0,0
1994-08-17 01:00:00,20.0,87,0.0,0,0,0,0
1994-08-17 02:00:00,20.0,84,0.0,0,0,0,0
1994-08-17 03:00:00,20.0,84,0.0,0,0,0,0
1994-08-17 04:00:00,20.0,84,0.0,0,0,0,0
1994-08-17 05:00:00,20.5,81,2.0,130,0,0,0
1994-08-17 06:00:00,20.5,78,2.5,120,6,0,6
1994-08-17 07:00:00,19.4,84,2.5,130,67,5,66
1994-08-17 08:00:00,18.8,90,6.1,120,146,16,140
1994-08-17 09:00:00,18.8,90,4.1,60,205,78,162
1994-08-17 10:00:00,18.8,90,4.1,90,278,61,235
1994-08-17 11:00:00,18.8,90,5.1,30,373,60,325
1994-08-17 12:00:00,18.3,93,5.1,30,440,120,335
1994-08-17 13:00:00,18.8,93,3.0,360,413,13,400
1994-08-17 14:00:00,18.8,93,2.5,10,549,145,423
1994-08-17 15:00:00,18.8,97,3.0,350,629,193,477
1994-08-17 16:00:00,18.8,97,3.0,10,331,19,318
1994-08-17 17:00:00,18.8,97,3.6,360,321,35,303
1994-08-17 18:00:00,18.8,93,4.1,10,163,13,159
1994-08-17 19:00:00,18.3,96,3.0,20,44,2,44
1994-08-17 20:00:00,18.3,96,2.5,350,0,0,0
1994-08-17 21:00:00,18.3,96,2.5,340,0,0,0
1994-08-17 22:00:00,18.3,96,2.5,360,0,0,0
1994-08-17 23:00:00,18.3,96,3.0,310,0,0,0
1994-08-18 00:00:00,18.3,96,2.5,280,0,0,0
1994-08-18 01:00:00,18.3,93,3.0,310,0,0,0
1994-08-18 02:00:00,17.7,97,2.5,330,0,0,0
1994-08-18 03:00:00,17.8,95,2.9,310,0,0,0
1994-08-18 04:00:00,18.0,92,3.2,290,0,0,0
1994-08-18 05:00:00,18.3,90,3.6,270,0,0,0
1994-08-18 06:00:00,17.7,97,2.0,210,3,1,3
1994-08-18 07:00:00,17.7,97,2.0,220,68,46,60
1994-08-18 08:00:00,19.3,90,2.5,230,228,87,197
1994-08-18 09:00:00,21.2,81,3.1,240,409,237,281
1994-08-18 10:00:00,22.7,73,3.6,250,329,172,210
1994-08-18 11:00:00,23.1,71,4.1,280,646,416,312
1994-08-18 12:00:00,23.3,69,4.6,300,564,208,382
1994-08-18 13:00:00,25.0,62,3.0,300,752,282,501
1994-08-18 14:00:00,25.5,60,5.1,330,433,246,221
1994-08-18 15:00:00,26.1,60,2.5,330,633,338,369
1994-08-18 16:00:00,26.6,56,3.0,300,366,239,209
1994-08-18 17:00:00,26.1,58,3.6,320,390,407,187
1994-08-18 18:00:00,25.5,60,3.6,300,126,152,78
1994-08-18 19:00:00,24.4,64,2.0,290,37,5,36
1994-08-18 20:00:00,21.6,82,2.0,180,0,0,0
1994-08-18 21:00:00,20.5,87,2.0,190,0,0,0
1994-08-18 22:00:00,18.8,97,2.0,180,0,0,0
1994-08-18 23:00:00,18.3,96,0.0,0,0,0,0
1994-08-19 00:00:00,18.3,96,0.0,0,0,0,0
1994-08-19 01:00:00,17.7,97,0.0,0,0,0,0
1994-08-19 02:00:00,17.7,97,0.0,0,0,0,0
1994-08-19 03:00:00,16.6,100,0.0,0,0,0,0
1994-08-19 04:00:00,16.6,100,0.0,0,0,0,0
1994-08-19 05:00:00,16.6,97,0.0,0,0,0,0
1994-08-19 06:00:00,16.6,97,0.0,0,4,0,4
1994-08-19 07:00:00,17.7,93,0.0,0,61,23,57
1994-08-19 08:00:00,20.0,87,0.0,0,235,398,93
1994-08-19 09:00:00,22.2,76,2.0,220,469,635,129
1994-08-19 10:00:00,25.5,64,1.5,190,648,718,156
1994-08-19 11:00:00,26.6,60,3.0,210,786,765,174
1994-08-19 12:00:00,28.3,55,3.6,230,807,702,197
1994-08-19 13:00:00,28.3,53,1.0,220,769,458,362
1994-08-19 14:00:00,28.8,50,4.1,250,762,415,406
1994-08-19 15:00:00,28.8,50,3.6,190,610,534,194
1994-08-19 16:00:00,28.3,49,3.0,180,595,660,163
1994-08-19 17:00:00,27.7,51,2.0,180,423,610,121
1994-08-19 18:00:00,26.6,58,2.0,190,222,441,84
1994-08-19 19:00:00,24.4,69,2.5,160,55,134,39
1994-08-19 20:00:00,22.2,79,0.0,0,0,0,0
1994-08-19 21:00:00,21.1,87,1.5,210,0,0,0
1994-08-19 22:00:00,19.4,87,0.0,0,0,0,0
1994-08-19 23:00:00,18.8,93,0.0,0,0,0,0
1994-08-20 00:00:00,18.8,90,1.5,210,0,0,0
1994-08-20 01:00:00,18.3,63,0.0,0,0,0,0
1994-08-20 02:00:00,17.7,93,0.0,0,0,0,0
1994-08-20 03:00:00,18.3,63,0.0,0,0,0,0
1994-08-20 04:00:00,17.7,90,0.0,0,0,0,0
1994-08-20 05:00:00,17.2,93,0.0,0,0,0,0
1994-08-20 06:00:00,17.2,93,0.0,0,3,28,2
1994-08-20 07:00:00,19.4,87,0.0,0,100,389,37
1994-08-20 08:00:00,21.6,82,0.0,0,291,647,62
1994-08-20 09:00:00,24.4,71,3.6,180,491,766,83
1994-08-20 10:00:00,26.1,67,3.6,220,668,831,100
1994-08-20 11:00:00,27.2,62,4.1,220,723,654,201
1994-08-20 12:00:00,27.7,65,5.6,170,582,256,360
1994-08-20 13:00:00,28.8,61,4.6,190,449,105,355
1994-08-20 14:00:00,28.3,59,5.6,180,316,0,316
1994-08-20 15:00:00,28.3,59,4.6,180,283,0,283
1994-08-20 16:00:00,28.8,55,4.6,190,231,0,231
1994-08-20 17:00:00,27.7,63,3.0,200,165,0,165
1994-08-20 18:00:00,26.1,74,2.0,180,90,0,90
1994-08-20 19:00:00,25.0,76,0.0,0,28,0,28
1994-08-20 20:00:00,23.8,79,2.0,160,0,0,0
1994-08-20 21:00:00,23.4,79,2.3,180,0,0,0
1994-08-20 22:00:00,23.3,76,2.5,190,0,0,0
1994-08-20 23:00:00,24.4,69,3.6,180,0,0,0
1994-08-21 00:00:00,24.4,69,4.1,180,0,0,0
1994-08-21 01:00:00,24.1,70,2.1,90,0,0,0
1994-08-21 02:00:00,23.8,71,0.0,0,0,0,0
1994-08-21 03:00:00,23.8,69,4.1,180,0,0,0
1994-08-21 04:00:00,22.7,76,3.6,220,0,0,0
1994-08-21 05:00:00,22.2,81,0.0,0,0,0,0
1994-08-21 06:00:00,22.2,81,0.0,0,1,0,1
1994-08-21 07:00:00,21.1,93,0.0,0,42,0,42
1994-08-21 08:00:00,21.1,93,2.5,120,84,0,84
1994-08-21 09:00:00,20.0,93,1.5,200,132,0,132
1994-08-21 10:00:00,20.0,93,2.5,230,155,0,155
1994-08-21 11:00:00,20.5,90,2.5,250,189,0,189
1994-08-21 12:00:00,21.6,84,2.5,270,250,0,250
1994-08-21 13:00:00,21.6,82,2.5,290,257,0,257
1994-08-21 14:00:00,23.3,76,3.0,240,246,0,246
1994-08-21 15:00:00,22.7,76,2.5,250,217,0,217
1994-08-21 16:00:00,22.2,79,3.0,240,173,0,173
1994-08-21 17:00:00,21.1,87,2.0,230,117,0,117
1994-08-21 18:00:00,20.5,87,3.0,220,74,0,74
1994-08-21 19:00:00,19.4,93,3.6,210,29,0,29
1994-08-21 20:00:00,18.8,97,2.5,230,0,0,0
1994-08-21 21:00:00,18.8,93,3.6,290,0,0,0
1994-08-21 22:00:00,18.3,96,2.0,290,0,0,0
1994-08-21 23:00:00,18.3,96,2.0,290,0,0,0
1994-08-22 00:00:00,18.3,96,2.0,290,0,0,0
1994-08-22 01:00:00,18.3,96,2.0,270,0,0,0
1994-08-22 02:00:00,17.7,100,2.0,240,0,0,0
1994-08-22 03:00:00,17.7,97,1.5,240,0,0,0
1994-08-22 04:00:00,17.7,100,2.0,250,0,0,0
1994-08-22 05:00:00,17.7,100,2.0,260,0,0,0
1994-08-22 06:00:00,17.7,100,1.5,20,2,0,2
1994-08-22 07:00:00,18.3,96,1.5,300,60,16,58
1994-08-22 08:00:00,18.3,96,2.0,20,224,115,184
1994-08-22 09:00:00,18.8,93,2.5,340,267,117,205
1994-08-22 10:00:00,20.0,87,3.0,10,551,387,288
1994-08-22 11:00:00,21.6,78,2.5,350,728,388,420
1994-08-22 12:00:00,22.7,71,2.5,360,744,443,363
1994-08-22 13:00:00,23.8,67,3.6,350,721,392,375
1994-08-22 14:00:00,24.4,62,2.0,320,820,579,328
1994-08-22 15:00:00,24.4,52,4.1,350,729,675,210
1994-08-22 16:00:00,25.0,50,3.6,340,553,549,200
1994-08-22 17:00:00,24.4,54,3.6,350,386,444,171
1994-08-22 18:00:00,23.3,57,3.0,320,182,279,98
1994-08-22 19:00:00,21.6,64,2.0,310,42,42,38
1994-08-22 20:00:00,20.0,73,2.0,250,0,0,0
1994-08-22 21:00:00,17.7,87,0.0,0,0,0,0
1994-08-22 22:00:00,18.3,78,0.0,0,0,0,0
1994-08-22 23:00:00,16.6,90,0.0,0,0,0,0
1994-08-23 00:00:00,16.1,93,1.5,240,0,0,0
1994-08-23 01:00:00,16.1,93,0.0,0,0,0,0
1994-08-23 02:00:00,13.8,97,1.5,20,0,0,0
1994-08-23 03:00:00,13.8,93,0.0,0,0,0,0
1994-08-23 04:00:00,12.2,100,0.0,0,0,0,0
1994-08-23 05:00:00,11.6,100,0.0,0,0,0,0
1994-08-23 06:00:00,11.6,100,1.5,350,1,0,1
1994-08-23 07:00:00,13.3,100,2.5,20,26,0,26
1994-08-23 08:00:00,13.8,100,0.0,0,244,40,230
1994-08-23 09:00:00,17.7,73,2.0,350,457,619,132
1994-08-23 10:00:00,20.0,58,2.5,340,639,706,161
1994-08-23 11:00:00,21.1,57,3.6,10,778,755,180
1994-08-23 12:00:00,22.2,53,4.1,20,862,780,191
1994-08-23 13:00:00,23.3,50,2.5,60,885,787,194
1994-08-23 14:00:00,23.8,48,2.0,350,845,776,189
1994-08-23 15:00:00,24.4,46,3.6,30,746,745,176
1994-08-23 16:00:00,23.8,46,2.5,350,595,688,155
1994-08-23 17:00:00,23.8,46,0.0,0,405,587,123
1994-08-23 18:00:00,22.7,51,2.0,350,203,406,83
1994-08-23 19:00:00,20.5,63,0.0,0,44,92,34
1994-08-23 20:00:00,18.3,73,0.0,0,0,0,0
1994-08-23 21:00:00,16.1,83,0.0,0,0,0,0
1994-08-23 22:00:00,15.5,90,0.0,0,0,0,0
1994-08-23 23:00:00,15.5,87,0.0,0,0,0,0
1994-08-24 00:00:00,15.0,90,0.0,0,0,0,0
1994-08-24 01:00:00,15.5,83,0.0,0,0,0,0
1994-08-24 02:00:00,15.2,85,0.0,0,0,0,0
1994-08-24 03:00:00,15.0,86,0.0,0,0,0,0
1994-08-24 04:00:00,15.0,77,2.0,160,0,0,0
1994-08-24 05:00:00,14.4,83,2.0,150,0,0,0
1994-08-24 06:00:00,12.7,97,0.0,0,1,0,1
1994-08-24 07:00:00,13.3,96,0.0,0,64,55,55
1994-08-24 08:00:00,17.2,80,0.0,0,194,210,122
1994-08-24 09:00:00,21.1,70,0.0,0,420,447,186
1994-08-24 10:00:00,22.2,71,3.6,190,603,548,234
1994-08-24 11:00:00,17.2,98,3.6,240,714,558,274
1994-08-24 12:00:00,25.0,62,3.6,240,786,567,301
1994-08-24 13:00:00,25.0,56,3.0,200,705,426,332
1994-08-24 14:00:00,26.6,49,3.6,250,387,80,319
1994-08-24 15:00:00,26.6,51,5.1,220,414,60,369
1994-08-24 16:00:00,26.6,53,3.6,230,400,213,264
1994-08-24 17:00:00,26.1,50,4.1,230,330,337,170
1994-08-24 18:00:00,24.4,62,2.0,250,106,22,100
1994-08-24 19:00:00,22.7,66,1.5,210,37,17,35
1994-08-24 20:00:00,20.0,81,0.0,0,0,0,0
1994-08-24 21:00:00,19.4,84,0.0,0,0,0,0
1994-08-24 22:00:00,18.3,93,0.0,0,0,0,0
1994-08-24 23:00:00,17.2,93,0.0,0,0,0,0
1994-08-25 00:00:00,16.6,97,0.0,0,0,0,0
1994-08-25 01:00:00,16.6,97,0.0,0,0,0,0
1994-08-25 02:00:00,16.1,96,0.0,0,0,0,0
1994-08-25 03:00:00,15.5,97,0.0,0,0,0,0
1994-08-25 04:00:00,15.5,97,0.0,0,0,0,0
1994-08-25 05:00:00,15.5,97,0.0,0,0,0,0
1994-08-25 06:00:00,15.5,97,0.0,0,1,1,1
1994-08-25 07:00:00,16.1,96,0.0,0,49,7,48
1994-08-25 08:00:00,18.3,90,0.0,0,129,38,116
1994-08-25 09:00:00,21.1,81,3.0,210,263,94,214
1994-08-25 10:00:00,22.7,79,3.0,190,310,61,269
1994-08-25 11:00:00,25.5,69,3.0,180,757,637,257
1994-08-25 12:00:00,26.6,65,3.0,200,821,693,228
1994-08-25 13:00:00,27.2,65,3.0,180,692,440,308
1994-08-25 14:00:00,25.0,81,2.5,150,495,145,373
1994-08-25 15:00:00,27.7,63,3.0,210,437,117,347
1994-08-25 16:00:00,28.3,59,3.6,230,527,518,199
1994-08-25 17:00:00,27.2,62,3.6,210,243,53,218
1994-08-25 18:00:00,25.5,69,3.6,210,85,28,77
1994-08-25 19:00:00,25.0,74,3.0,220,29,0,29
1994-08-25 20:00:00,20.0,96,0.0,0,0,0,0
1994-08-25 21:00:00,19.4,96,0.0,0,0,0,0
1994-08-25 22:00:00,18.3,96,0.0,0,0,0,0
1994-08-25 23:00:00,18.3,93,0.0,0,0,0,0
1994-08-26 00:00:00,17.7,93,0.0,0,0,0,0
1994-08-26 01:00:00,17.7,93,0.0,0,0,0,0
1994-08-26 02:00:00,17.2,96,0.0,0,0,0,0
1994-08-26 03:00:00,16.9,97,0.0,0,0,0,0
1994-08-26 04:00:00,16.6,97,0.0,0,0,0,0
1994-08-26 05:00:00,16.1,96,0.0,0,0,0,0
1994-08-26 06:00:00,16.1,96,0.0,0,1,0,1
1994-08-26 07:00:00,17.2,96,0.0,0,66,117,49
1994-08-26 08:00:00,18.3,93,0.0,0,128,44,113
1994-08-26 09:00:00,21.6,82,2.5,250,403,455,168
1994-08-26 10:00:00,23.3,79,4.1,250,600,537,240
1994-08-26 11:00:00,25.0,74,5.1,240,724,656,210
1994-08-26 12:00:00,26.6,69,4.1,270,802,634,262
1994-08-26 13:00:00,28.3,65,2.5,270,673,419,309
1994-08-26 14:00:00,29.4,55,3.0,210,780,624,257
1994-08-26 15:00:00,28.8,57,2.5,230,211,0,211
1994-08-26 16:00:00,28.8,59,2.5,240,332,157,233
1994-08-26 17:00:00,28.3,61,1.5,290,139,0,139
1994-08-26 18:00:00,27.2,67,1.5,250,80,0,80
1994-08-26 19:00:00,25.0,76,0.0,0,22,0,22
1994-08-26 20:00:00,22.7,87,2.0,180,0,0,0
1994-08-26 21:00:00,22.2,90,2.0,180,0,0,0
1994-08-26 22:00:00,21.6,93,0.0,0,0,0,0
1994-08-26 23:00:00,21.1,93,1.5,190,0,0,0
1994-08-27 00:00:00,21.1,93,0.0,0,0,0,0
1994-08-27 01:00:00,21.1,93,0.0,0,0,0,0
1994-08-27 02:00:00,20.5,95,0.0,0,0,0,0
1994-08-27 03:00:00,20.0,96,0.0,0,0,0,0
1994-08-27 04:00:00,20.0,96,0.0,0,0,0,0
1994-08-27 05:00:00,20.0,96,0.0,0,0,0,0
1994-08-27 06:00:00,19.4,96,0.0,0,0,0,0
1994-08-27 07:00:00,20.0,96,0.0,0,36,20,33
1994-08-27 08:00:00,21.6,93,0.0,0,80,0,80
1994-08-27 09:00:00,22.2,87,0.0,0,139,0,139
1994-08-27 10:00:00,24.4,64,3.6,210,647,821,100
1994-08-27 11:00:00,25.5,62,4.6,220,782,859,112
1994-08-27 12:00:00,25.0,90,3.0,250,735,722,122
1994-08-27 13:00:00,27.2,60,3.6,250,321,0,321
1994-08-27 14:00:00,27.7,58,3.6,230,799,775,153
1994-08-27 15:00:00,27.7,63,3.0,230,468,124,375
1994-08-27 16:00:00,27.2,58,5.1,230,542,697,107
1994-08-27 17:00:00,26.6,62,3.0,210,234,292,99
1994-08-27 18:00:00,25.5,69,2.0,200,201,141,162
1994-08-27 19:00:00,23.8,76,2.0,210,22,0,22
1994-08-27 20:00:00,22.7,82,1.5,180,0,0,0
1994-08-27 21:00:00,21.6,87,2.0,190,0,0,0
1994-08-27 22:00:00,21.6,87,2.0,200,0,0,0
1994-08-27 23:00:00,21.6,87,2.0,200,0,0,0
1994-08-28 00:00:00,21.1,90,0.0,0,0,0,0
1994-08-28 01:00:00,21.1,90,0.0,0,0,0,0
1994-08-28 02:00:00,21.6,87,0.0,0,0,0,0
1994-08-28 03:00:00,21.6,87,0.0,0,0,0,0
1994-08-28 04:00:00,21.1,87,0.0,0,0,0,0
1994-08-28 05:00:00,20.5,90,0.0,0,0,0,0
1994-08-28 06:00:00,20.5,90,3.0,220,0,0,0
1994-08-28 07:00:00,21.1,87,3.0,30,47,14,45
1994-08-28 08:00:00,22.2,84,3.0,210,92,0,92
1994-08-28 09:00:00,23.8,79,3.0,220,158,0,158
1994-08-28 10:00:00,25.0,76,3.6,210,224,0,224
1994-08-28 11:00:00,26.1,74,4.1,220,275,0,275
1994-08-28 12:00:00,27.2,69,4.6,210,305,0,305
1994-08-28 13:00:00,28.3,63,6.1,230,313,0,313
1994-08-28 14:00:00,28.8,57,6.1,210,298,0,298
1994-08-28 15:00:00,28.8,59,5.1,230,261,0,261
1994-08-28 16:00:00,28.3,61,5.6,230,205,0,205
1994-08-28 17:00:00,27.7,61,4.1,230,108,0,108
1994-08-28 18:00:00,26.1,69,3.6,220,78,0,78
1994-08-28 19:00:00,25.5,69,3.0,210,20,0,20
1994-08-28 20:00:00,25.5,69,4.1,220,0,0,0
1994-08-28 21:00:00,25.0,74,4.1,210,0,0,0
1994-08-28 22:00:00,25.0,74,3.6,220,0,0,0
1994-08-28 23:00:00,24.3,77,3.3,230,0,0,0
1994-08-29 00:00:00,23.8,79,3.0,230,0,0,0
1994-08-29 01:00:00,23.3,84,2.5,210,0,0,0
1994-08-29 02:00:00,22.2,87,2.5,210,0,0,0
1994-08-29 03:00:00,21.6,87,2.5,200,0,0,0
1994-08-29 04:00:00,21.1,96,2.0,210,0,0,0
1994-08-29 05:00:00,21.1,93,2.5,220,0,0,0
1994-08-29 06:00:00,21.1,93,2.0,210,0,0,0
1994-08-29 07:00:00,19.4,93,4.6,350,17,0,17
1994-08-29 08:00:00,18.8,97,2.5,360,55,0,55
1994-08-29 09:00:00,19.4,90,2.0,340,115,0,115
1994-08-29 10:00:00,21.1,81,4.1,340,473,309,268
1994-08-29 11:00:00,21.6,73,3.6,360,430,153,311
1994-08-29 12:00:00,23.8,58,4.1,330,566,376,249
1994-08-29 13:00:00,22.7,57,3.6,340,589,327,307
1994-08-29 14:00:00,23.8,50,5.1,350,619,422,270
1994-08-29 15:00:00,23.8,50,5.1,310,546,350,285
1994-08-29 16:00:00,24.4,46,4.6,350,357,244,207
1994-08-29 17:00:00,23.8,50,3.6,360,376,564,120
1994-08-29 18:00:00,22.2,57,2.5,350,180,404,71
1994-08-29 19:00:00,20.5,63,2.0,350,34,125,23
1994-08-29 20:00:00,18.8,76,0.0,0,0,0,0
1994-08-29 21:00:00,17.2,84,0.0,0,0,0,0
1994-08-29 22:00:00,16.1,93,0.0,0,0,0,0
1994-08-29 23:00:00,15.0,96,0.0,0,0,0,0
1994-08-30 00:00:00,15.0,93,0.0,0,0,0,0
1994-08-30 01:00:00,14.4,96,0.0,0,0,0,0
1994-08-30 02:00:00,14.4,96,0.0,0,0,0,0
1994-08-30 03:00:00,13.8,97,0.0,0,0,0,0
1994-08-30 04:00:00,12.7,97,1.5,240,0,0,0
1994-08-30 05:00:00,11.6,100,0.0,0,0,0,0
1994-08-30 06:00:00,11.6,97,1.5,190,0,2,0
1994-08-30 07:00:00,13.3,96,0.0,0,68,184,44
1994-08-30 08:00:00,16.1,83,0.0,0,247,513,79
1994-08-30 09:00:00,18.8,73,2.0,220,448,666,111
1994-08-30 10:00:00,21.6,64,1.5,260,569,621,160
1994-08-30 11:00:00,23.3,55,3.0,250,621,486,245
1994-08-30 12:00:00,23.3,53,2.5,170,701,459,315
1994-08-30 13:00:00,24.4,43,2.0,40,784,677,203
1994-08-30 14:00:00,24.4,45,2.5,300,682,593,194
1994-08-30 15:00:00,25.0,43,2.5,120,680,674,182
1994-08-30 16:00:00,25.0,42,2.5,130,522,485,225
1994-08-30 17:00:00,25.0,45,2.5,240,354,525,118
1994-08-30 18:00:00,23.3,48,0.0,0,150,326,64
1994-08-30 19:00:00,21.1,59,0.0,0,24,10,23
1994-08-30 20:00:00,19.4,70,0.0,0,0,0,0
1994-08-30 21:00:00,17.7,78,0.0,0,0,0,0
1994-08-30 22:00:00,20.0,65,2.0,170,0,0,0
1994-08-30 23:00:00,17.7,87,2.0,100,0,0,0
1994-08-31 00:00:00,17.2,90,2.5,160,0,0,0
1994-08-31 01:00:00,20.5,65,2.0,180,0,0,0
1994-08-31 02:00:00,20.0,67,2.0,230,0,0,0
1994-08-31 03:00:00,20.5,67,2.3,220,0,0,0
1994-08-31 04:00:00,21.1,66,2.5,200,0,0,0
1994-08-31 05:00:00,21.1,70,2.5,200,0,0,0
1994-08-31 06:00:00,20.0,84,4.1,180,0,0,0
1994-08-31 07:00:00,20.0,84,3.6,210,31,0,31
1994-08-31 08:00:00,19.4,93,3.6,210,68,0,68
1994-08-31 09:00:00,20.0,93,2.5,230,126,0,126
1994-08-31 10:00:00,20.0,93,2.5,200,179,0,179
1994-08-31 11:00:00,20.9,91,3.3,200,183,0,183
1994-08-31 12:00:00,21.6,91,4.1,200,203,0,203
1994-08-31 13:00:00,21.6,91,2.5,210,208,0,208
1994-08-31 14:00:00,21.6,93,2.5,160,198,0,198
1994-08-31 15:00:00,22.6,89,3.1,180,207,0,207
1994-08-31 16:00:00,23.3,87,3.6,190,162,0,162
1994-08-31 17:00:00,23.3,90,3.0,190,106,0,106
1994-08-31 18:00:00,22.2,96,2.0,200,52,0,52
1994-08-31 19:00:00,21.6,97,2.5,190,16,0,16
1994-08-31 20:00:00,21.6,97,3.6,220,0,0,0
1994-08-31 21:00:00,21.6,97,2.5,220,0,0,0
1994-08-31 22:00:00,20.7,96,2.4,210,0,0,0
1994-08-31 23:00:00,19.7,96,2.2,200,0,0,0
1994-09-01 00:00:00,18.8,100,2.1,0,0,0,0
1996-09-01 01:00:00,17.8,73,1.9,20,0,0,0
1996-09-01 02:00:00,16.9,77,1.8,60,0,0,0
1996-09-01 03:00:00,15.9,82,1.6,90,0,0,0
1996-09-01 04:00:00,15.0,88,1.5,200,0,0,0
1996-09-01 05:00:00,15.0,88,1.5,20,0,0,0
1996-09-01 06:00:00,15.0,88,2.6,40,0,2,0
1996-09-01 07:00:00,15.0,94,0.0,0,67,230,38
1996-09-01 08:00:00,18.0,83,0.0,0,247,546,72
1996-09-01 09:00:00,21.0,69,0.0,0,450,698,101
1996-09-01 10:00:00,23.0,61,0.0,0,606,672,168
1996-09-01 11:00:00,25.0,47,2.6,150,728,644,235
1996-09-01 12:00:00,27.0,39,2.1,200,499,325,229
1996-09-01 13:00:00,28.0,37,2.1,330,650,323,376
1996-09-01 14:00:00,27.0,39,1.5,30,692,530,260
1996-09-01 15:00:00,26.0,48,1.5,360,417,176,288
1996-09-01 16:00:00,26.0,45,2.1,360,377,101,316
1996-09-01 17:00:00,26.0,48,2.1,360,336,415,153
1996-09-01 18:00:00,25.0,50,0.0,0,161,357,71
1996-09-01 19:00:00,22.0,73,0.0,0,21,17,19
1996-09-01 20:00:00,20.0,78,0.0,0,0,0,0
1996-09-01 21:00:00,19.0,88,0.0,0,0,0,0
1996-09-01 22:00:00,17.0,88,0.0,0,0,0,0
1996-09-01 23:00:00,17.0,88,1.5,160,0,0,0
1996-09-02 00:00:00,16.0,94,1.5,210,0,0,0
1996-09-02 01:00:00,16.0,88,2.1,210,0,0,0
1996-09-02 02:00:00,15.0,94,1.5,210,0,0,0
1996-09-02 03:00:00,15.0,94,1.5,300,0,0,0
1996-09-02 04:00:00,15.0,94,1.5,300,0,0,0
1996-09-02 05:00:00,13.0,94,2.6,10,0,0,0
1996-09-02 06:00:00,13.0,100,1.5,170,0,0,0
1996-09-02 07:00:00,14.0,94,0.0,0,50,52,44
1996-09-02 08:00:00,16.0,94,0.0,0,140,120,102
1996-09-02 09:00:00,20.0,73,0.0,0,421,509,168
1996-09-02 10:00:00,25.0,57,0.0,0,437,95,376
1996-09-02 11:00:00,26.2,49,1.1,80,634,350,367
1996-09-02 12:00:00,27.0,42,2.1,150,809,620,295
1996-09-02 13:00:00,28.0,37,2.1,150,698,422,341
1996-09-02 14:00:00,28.1,38,2.1,200,611,351,327
1996-09-02 15:00:00,28.0,40,2.1,250,499,101,426
1996-09-02 16:00:00,28.0,40,2.1,130,342,82,293
1996-09-02 17:00:00,27.0,42,1.5,320,206,37,190
1996-09-02 18:00:00,26.0,48,2.1,330,83,22,77
1996-09-02 19:00:00,24.0,61,0.0,0,18,0,18
1996-09-02 20:00:00,22.0,69,0.0,0,0,0,0
1996-09-02 21:00:00,20.0,78,0.0,0,0,0,0
1996-09-02 22:00:00,20.0,73,0.0,0,0,0,0
1996-09-02 23:00:00,19.0,88,1.5,250,0,0,0
1996-09-03 00:00:00,18.0,88,2.1,80,0,0,0
1996-09-03 01:00:00,18.0,88,1.5,260,0,0,0
1996-09-03 02:00:00,17.5,90,1.5,260,0,0,0
1996-09-03 03:00:00,17.0,94,1.5,260,0,0,0
1996-09-03 04:00:00,16.0,100,2.1,120,0,0,0
1996-09-03 05:00:00,16.0,94,2.1,20,0,0,0
1996-09-03 06:00:00,16.0,94,2.1,360,0,0,0
1996-09-03 07:00:00,17.0,88,0.0,0,35,27,32
1996-09-03 08:00:00,18.0,88,0.0,0,207,74,184
1996-09-03 09:00:00,20.0,78,0.0,0,166,0,166
1996-09-03 10:00:00,22.0,73,2.1,150,231,0,231
1996-09-03 11:00:00,26.0,58,2.1,250,462,156,343
1996-09-03 12:00:00,26.0,58,2.1,240,752,553,295
1996-09-03 13:00:00,28.0,51,2.1,240,677,456,293
1996-09-03 14:00:00,28.0,51,2.1,220,414,204,249
1996-09-03 15:00:00,28.0,51,2.1,350,263,0,263
1996-09-03 16:00:00,28.0,55,2.6,200,208,0,208
1996-09-03 17:00:00,27.0,62,2.1,140,110,0,110
1996-09-03 18:00:00,24.0,69,3.1,170,51,0,51
1996-09-03 19:00:00,23.0,78,1.5,90,11,0,11
1996-09-03 20:00:00,22.0,60,1.5,160,0,0,0
1996-09-03 21:00:00,22.0,73,2.1,80,0,0,0
1996-09-03 22:00:00,21.0,73,3.1,110,0,0,0
1996-09-03 23:00:00,21.0,73,2.6,90,0,0,0
1996-09-04 00:00:00,21.0,73,2.6,160,0,0,0
1996-09-04 01:00:00,20.0,83,4.1,110,0,0,0
1996-09-04 02:00:00,20.0,83,2.6,180,0,0,0
1996-09-04 03:00:00,20.0,83,3.1,150,0,0,0
1996-09-04 04:00:00,20.0,83,2.6,130,0,0,0
1996-09-04 05:00:00,20.0,83,2.1,150,0,0,0
1996-09-04 06:00:00,19.0,88,2.1,60,0,0,0
1996-09-04 07:00:00,20.0,83,0.0,0,34,17,32
1996-09-04 08:00:00,22.0,73,0.0,0,240,379,122
1996-09-04 09:00:00,24.0,69,2.1,170,427,371,244
1996-09-04 10:00:00,25.0,61,2.1,150,453,409,190
1996-09-04 11:00:00,27.0,58,2.1,150,403,86,337
1996-09-04 12:00:00,27.0,62,2.1,170,399,74,338
1996-09-04 13:00:00,27.0,62,1.5,20,249,0,249
1996-09-04 14:00:00,28.0,55,2.1,50,403,104,320
1996-09-04 15:00:00,27.0,62,1.5,60,326,136,229
1996-09-04 16:00:00,27.0,62,3.1,360,163,0,163
1996-09-04 17:00:00,25.0,74,3.6,10,107,0,107
1996-09-04 18:00:00,21.0,88,2.6,20,48,0,48
1996-09-04 19:00:00,21.0,100,2.1,50,11,0,11
1996-09-04 20:00:00,22.0,83,1.5,330,0,0,0
1996-09-04 21:00:00,21.5,86,1.5,250,0,0,0
1996-09-04 22:00:00,21.0,88,1.5,170,0,0,0
1996-09-04 23:00:00,20.0,94,2.6,360,0,0,0
1996-09-05 00:00:00,21.0,88,2.6,130,0,0,0
1996-09-05 01:00:00,21.0,88,3.1,90,0,0,0
1996-09-05 02:00:00,21.0,83,2.1,120,0,0,0
1996-09-05 03:00:00,21.0,88,2.1,130,0,0,0
1996-09-05 04:00:00,21.0,83,2.6,210,0,0,0
1996-09-05 05:00:00,20.0,94,2.1,320,0,0,0
1996-09-05 06:00:00,20.0,88,2.1,130,0,0,0
1996-09-05 07:00:00,20.0,88,0.0,0,35,10,34
1996-09-05 08:00:00,22.0,78,0.0,0,146,29,137
1996-09-05 09:00:00,25.0,69,0.0,0,255,122,195
1996-09-05 10:00:00,26.0,65,2.1,20,519,403,261
1996-09-05 11:00:00,27.2,61,2.4,110,498,268,296
1996-09-05 12:00:00,28.0,58,2.6,190,436,95,358
1996-09-05 13:00:00,28.0,58,2.6,140,400,137,285
1996-09-05 14:00:00,28.0,58,3.1,130,322,96,245
1996-09-05 15:00:00,28.0,58,2.6,90,203,0,203
1996-09-05 16:00:00,27.0,62,2.6,110,158,0,158
1996-09-05 17:00:00,27.4,60,2.6,100,127,0,127
1996-09-05 18:00:00,27.0,62,2.6,90,56,0,56
1996-09-05 19:00:00,25.0,69,3.6,90,13,0,13
1996-09-05 20:00:00,25.0,69,3.6,100,0,0,0
1996-09-05 21:00:00,24.0,74,3.6,40,0,0,0
1996-09-05 22:00:00,24.0,74,3.6,50,0,0,0
1996-09-05 23:00:00,24.0,74,4.6,100,0,0,0
1996-09-06 00:00:00,23.0,73,2.6,70,0,0,0
1996-09-06 01:00:00,23.0,73,4.6,80,0,0,0
1996-09-06 02:00:00,23.0,65,3.6,110,0,0,0
1996-09-06 03:00:00,23.0,57,3.6,100,0,0,0
1996-09-06 04:00:00,23.0,50,4.1,70,0,0,0
1996-09-06 05:00:00,22.0,53,5.7,70,0,0,0
1996-09-06 06:00:00,22.0,53,4.6,60,0,0,0
1996-09-06 07:00:00,22.0,60,4.1,10,28,0,28
1996-09-06 08:00:00,21.0,73,3.6,10,64,0,64
1996-09-06 09:00:00,22.0,69,5.1,30,122,0,122
1996-09-06 10:00:00,20.0,83,5.1,10,175,0,175
1996-09-06 11:00:00,20.0,88,5.1,360,215,0,215
1996-09-06 12:00:00,19.0,94,5.1,360,238,0,238
1996-09-06 13:00:00,19.6,93,5.1,360,243,0,243
1996-09-06 14:00:00,20.0,94,5.1,360,193,0,193
1996-09-06 15:00:00,20.2,92,6.2,360,168,0,168
1996-09-06 16:00:00,20.0,94,6.2,10,129,0,129
1996-09-06 17:00:00,20.4,91,5.6,20,68,0,68
1996-09-06 18:00:00,20.0,94,5.1,20,33,0,33
1996-09-06 19:00:00,20.0,94,5.1,20,7,0,7
1996-09-06 20:00:00,20.0,94,3.1,10,0,0,0
1996-09-06 21:00:00,19.9,96,2.8,70,0,0,0
1996-09-06 22:00:00,19.8,96,2.4,120,0,0,0
1996-09-06 23:00:00,19.9,95,2.1,180,0,0,0
1996-09-07 00:00:00,20.0,94,4.1,190,0,0,0
1996-09-07 01:00:00,19.0,94,5.1,180,0,0,0
1996-09-07 02:00:00,19.0,94,6.2,180,0,0,0
1996-09-07 03:00:00,19.1,94,5.4,180,0,0,0
1996-09-07 04:00:00,19.0,94,4.6,180,0,0,0
1996-09-07 05:00:00,20.0,94,5.1,190,0,0,0
1996-09-07 06:00:00,20.0,94,5.1,200,0,0,0
1996-09-07 07:00:00,20.0,94,6.2,180,38,21,36
1996-09-07 08:00:00,20.0,94,6.2,190,164,24,157
1996-09-07 09:00:00,19.0,94,5.1,220,345,57,317
1996-09-07 10:00:00,19.0,94,5.1,220,254,100,191
1996-09-07 11:00:00,19.0,94,5.1,220,481,175,350
1996-09-07 12:00:00,20.0,88,5.1,220,559,123,459
1996-09-07 13:00:00,20.0,88,5.1,210,388,96,309
1996-09-07 14:00:00,21.0,83,4.1,210,292,100,213
1996-09-07 15:00:00,25.0,69,4.1,210,583,420,288
1996-09-07 16:00:00,25.0,65,4.1,230,491,503,203
1996-09-07 17:00:00,26.0,61,4.1,230,168,33,154
1996-09-07 18:00:00,25.0,65,3.6,220,110,108,85
1996-09-07 19:00:00,23.0,73,3.1,190,12,4,12
1996-09-07 20:00:00,22.0,78,3.1,200,0,0,0
1996-09-07 21:00:00,22.0,78,3.1,190,0,0,0
1996-09-07 22:00:00,22.0,78,3.6,190,0,0,0
1996-09-07 23:00:00,22.0,73,3.6,200,0,0,0
1996-09-08 00:00:00,21.0,78,3.1,200,0,0,0
1996-09-08 01:00:00,20.0,83,2.6,220,0,0,0
1996-09-08 02:00:00,20.0,83,2.6,200,0,0,0
1996-09-08 03:00:00,19.0,88,2.1,220,0,0,0
1996-09-08 04:00:00,19.0,88,3.1,200,0,0,0
1996-09-08 05:00:00,19.0,88,3.1,200,0,0,0
1996-09-08 06:00:00,19.0,88,3.1,190,0,0,0
1996-09-08 07:00:00,19.0,90,3.1,200,23,0,23
1996-09-08 08:00:00,20.0,88,2.6,190,62,0,62
1996-09-08 09:00:00,21.0,83,4.1,200,119,0,119
1996-09-08 10:00:00,22.0,78,4.1,220,307,96,246
1996-09-08 11:00:00,24.0,74,3.6,230,302,80,243
1996-09-08 12:00:00,25.0,69,3.1,230,462,104,377
1996-09-08 13:00:00,26.0,65,5.1,190,329,124,226
1996-09-08 14:00:00,27.0,62,2.6,230,514,121,418
1996-09-08 15:00:00,26.0,65,2.6,210,588,172,468
1996-09-08 16:00:00,26.6,65,3.1,220,323,268,170
1996-09-08 17:00:00,27.0,66,3.6,220,238,149,178
1996-09-08 18:00:00,25.0,74,2.6,230,103,154,69
1996-09-08 19:00:00,24.0,74,2.1,230,11,16,11
1996-09-08 20:00:00,22.0,88,2.1,200,0,0,0
1996-09-08 21:00:00,21.0,94,1.5,170,0,0,0
1996-09-08 22:00:00,20.0,94,2.1,180,0,0,0
1996-09-08 23:00:00,20.0,94,2.1,200,0,0,0
1996-09-09 00:00:00,20.0,94,2.1,220,0,0,0
1996-09-09 01:00:00,19.0,100,1.5,200,0,0,0
1996-09-09 02:00:00,19.0,100,1.5,200,0,0,0
1996-09-09 03:00:00,19.0,94,1.5,210,0,0,0
1996-09-09 04:00:00,19.0,94,2.1,210,0,0,0
1996-09-09 05:00:00,19.0,94,2.1,220,0,0,0
1996-09-09 06:00:00,19.0,94,1.5,180,0,0,0
1996-09-09 07:00:00,19.0,94,0.0,0,34,0,34
1996-09-09 08:00:00,20.0,94,2.1,210,85,8,82
1996-09-09 09:00:00,23.0,94,2.6,200,398,559,131
1996-09-09 10:00:00,24.0,94,3.6,220,512,474,214
1996-09-09 11:00:00,26.0,70,3.1,210,638,424,324
1996-09-09 12:00:00,27.0,74,4.1,230,793,675,250
1996-09-09 13:00:00,27.0,74,5.1,190,376,93,299
1996-09-09 14:00:00,28.0,74,5.1,230,438,196,285
1996-09-09 15:00:00,21.0,83,2.6,270,194,0,194
1996-09-09 16:00:00,22.0,88,3.6,200,148,0,148
1996-09-09 17:00:00,22.0,83,3.1,190,235,106,192
1996-09-09 18:00:00,22.0,88,2.6,220,82,33,75
1996-09-09 19:00:00,21.0,88,2.6,200,9,4,9
1996-09-09 20:00:00,20.0,94,2.1,180,0,0,0
1996-09-09 21:00:00,20.0,94,2.1,180,0,0,0
1996-09-09 22:00:00,20.0,94,1.5,180,0,0,0
1996-09-09 23:00:00,19.0,100,2.1,240,0,0,0
1996-09-10 00:00:00,19.0,94,2.1,180,0,0,0
1996-09-10 01:00:00,19.0,94,2.1,160,0,0,0
1996-09-10 02:00:00,19.0,100,2.1,230,0,0,0
1996-09-10 03:00:00,19.0,100,1.5,180,0,0,0
1996-09-10 04:00:00,19.0,94,2.1,170,0,0,0
1996-09-10 05:00:00,19.0,94,2.1,220,0,0,0
1996-09-10 06:00:00,19.0,100,2.1,210,0,0,0
1996-09-10 07:00:00,19.0,94,1.5,240,20,0,20
1996-09-10 08:00:00,20.0,94,1.5,210,49,0,49
1996-09-10 09:00:00,20.0,95,1.5,230,91,0,91
1996-09-10 10:00:00,21.0,88,2.6,320,127,0,127
1996-09-10 11:00:00,23.0,83,2.6,340,219,0,219
1996-09-10 12:00:00,24.0,74,3.1,300,241,0,241
1996-09-10 13:00:00,24.1,73,3.1,350,230,50,189
1996-09-10 14:00:00,24.0,74,3.1,30,462,60,415
1996-09-10 15:00:00,26.0,58,3.1,310,462,326,237
1996-09-10 16:00:00,26.0,58,2.6,280,161,76,118
1996-09-10 17:00:00,25.0,61,3.1,320,230,52,209
1996-09-10 18:00:00,24.0,65,2.6,310,45,28,39
1996-09-10 19:00:00,22.0,78,1.5,330,7,3,7
1996-09-10 20:00:00,21.0,83,0.0,0,0,0,0
1996-09-10 21:00:00,20.0,88,0.0,0,0,0,0
1996-09-10 22:00:00,19.0,94,0.0,0,0,0,0
1996-09-10 23:00:00,19.0,94,2.6,330,0,0,0
1996-09-11 00:00:00,18.0,94,2.1,360,0,0,0
1996-09-11 01:00:00,18.0,94,2.1,360,0,0,0
1996-09-11 02:00:00,18.0,94,2.1,110,0,0,0
1996-09-11 03:00:00,17.6,97,2.1,60,0,0,0
1996-09-11 04:00:00,17.0,100,2.1,360,0,0,0
1996-09-11 05:00:00,17.0,100,2.1,20,0,0,0
1996-09-11 06:00:00,17.0,100,2.1,350,0,0,0
1996-09-11 07:00:00,17.0,100,1.5,340,19,0,19
1996-09-11 08:00:00,17.0,100,1.5,350,53,0,53
1996-09-11 09:00:00,18.0,94,1.5,30,81,0,81
1996-09-11 10:00:00,19.0,88,1.5,10,437,64,397
1996-09-11 11:00:00,21.2,77,2.3,360,345,126,253
1996-09-11 12:00:00,23.0,69,3.1,340,522,156,397
1996-09-11 13:00:00,25.0,61,3.1,30,311,106,225
1996-09-11 14:00:00,26.0,58,2.1,330,484,79,423
1996-09-11 15:00:00,26.0,54,2.1,30,357,28,338
1996-09-11 16:00:00,26.0,54,2.1,340,437,367,234
1996-09-11 17:00:00,25.0,57,2.1,350,149,29,137
1996-09-11 18:00:00,24.0,61,2.1,340,83,51,73
1996-09-11 19:00:00,22.0,69,1.5,350,7,0,7
1996-09-11 20:00:00,20.0,83,0.0,0,0,0,0
1996-09-11 21:00:00,18.0,94,0.0,0,0,0,0
1996-09-11 22:00:00,18.0,94,0.0,0,0,0,0
1996-09-11 23:00:00,16.0,100,2.6,170,0,0,0
1996-09-12 00:00:00,15.3,97,2.6,170,0,0,0
1996-09-12 01:00:00,15.0,94,2.6,160,0,0,0
1996-09-12 02:00:00,15.0,94,2.6,240,0,0,0
1996-09-12 03:00:00,14.7,95,2.5,230,0,0,0
1996-09-12 04:00:00,14.2,97,2.4,210,0,0,0
1996-09-12 05:00:00,13.8,99,2.3,200,0,0,0
1996-09-12 06:00:00,13.6,100,2.2,180,0,0,0
1996-09-12 07:00:00,14.0,100,2.1,170,16,0,16
1996-09-12 08:00:00,15.0,94,2.1,170,112,110,80
1996-09-12 09:00:00,19.1,81,2.6,190,275,214,175
1996-09-12 10:00:00,23.0,69,3.1,210,313,68,271
1996-09-12 11:00:00,24.0,65,3.1,230,656,568,241
1996-09-12 12:00:00,25.0,61,4.1,210,580,384,275
1996-09-12 13:00:00,26.0,65,4.1,180,724,559,272
1996-09-12 14:00:00,27.0,51,5.1,180,598,106,516
1996-09-12 15:00:00,26.0,54,5.1,180,411,82,355
1996-09-12 16:00:00,24.0,61,3.6,220,147,0,147
1996-09-12 17:00:00,23.0,69,2.6,200,90,0,90
1996-09-12 18:00:00,19.0,88,2.1,40,51,0,51
1996-09-12 19:00:00,18.3,93,1.1,20,6,0,6
1996-09-12 20:00:00,18.0,94,0.0,0,0,0,0
1996-09-12 21:00:00,18.0,92,1.6,90,0,0,0
1996-09-12 22:00:00,18.0,88,3.1,180,0,0,0
1996-09-12 23:00:00,17.0,88,3.6,200,0,0,0
1996-09-13 00:00:00,16.0,88,3.6,120,0,0,0
1996-09-13 01:00:00,15.0,94,1.5,210,0,0,0
1996-09-13 02:00:00,15.0,94,1.5,230,0,0,0
1996-09-13 03:00:00,15.1,93,1.5,220,0,0,0
1996-09-13 04:00:00,15.0,94,1.5,200,0,0,0
1996-09-13 05:00:00,14.0,100,2.1,190,0,0,0
1996-09-13 06:00:00,14.0,100,1.5,260,0,0,0
1996-09-13 07:00:00,15.0,94,1.5,320,20,0,20
1996-09-13 08:00:00,15.0,94,2.1,170,51,0,51
1996-09-13 09:00:00,15.0,94,2.6,320,95,0,95
1996-09-13 10:00:00,15.0,88,1.5,40,253,165,152
1996-09-13 11:00:00,17.0,82,2.6,220,323,137,224
1996-09-13 12:00:00,19.0,56,5.1,220,470,88,400
1996-09-13 13:00:00,14.0,82,5.1,200,538,222,359
1996-09-13 14:00:00,16.0,72,3.6,120,220,0,220
1996-09-13 15:00:00,18.0,73,3.1,230,335,61,294
1996-09-13 16:00:00,16.0,77,3.1,200,184,54,155
1996-09-13 17:00:00,15.4,80,3.1,190,220,0,220
1996-09-13 18:00:00,14.0,88,3.1,180,92,12,89
1996-09-13 19:00:00,13.0,88,2.6,200,4,0,4
1996-09-13 20:00:00,13.0,94,2.6,210,0,0,0
1996-09-13 21:00:00,13.0,94,2.6,210,0,0,0
1996-09-13 22:00:00,12.4,94,2.6,220,0,0,0
1996-09-13 23:00:00,12.0,94,2.6,230,0,0,0
1996-09-14 00:00:00,12.0,94,2.6,230,0,0,0
1996-09-14 01:00:00,12.0,94,1.5,220,0,0,0
1996-09-14 02:00:00,12.0,93,2.3,230,0,0,0
1996-09-14 03:00:00,12.0,94,3.1,230,0,0,0
1996-09-14 04:00:00,12.0,94,3.1,220,0,0,0
1996-09-14 05:00:00,11.0,94,2.6,240,0,0,0
1996-09-14 06:00:00,12.0,88,3.6,210,0,0,0
1996-09-14 07:00:00,11.5,90,3.6,220,31,44,27
1996-09-14 08:00:00,12.0,88,3.6,220,109,100,80
1996-09-14 09:00:00,13.0,77,5.1,230,138,48,116
1996-09-14 10:00:00,14.7,69,4.6,240,464,263,302
1996-09-14 11:00:00,16.0,63,4.1,240,560,386,281
1996-09-14 12:00:00,16.0,63,3.6,220,232,0,232
1996-09-14 13:00:00,16.0,63,3.1,220,237,0,237
1996-09-14 14:00:00,18.0,52,4.1,230,378,266,175
1996-09-14 15:00:00,18.0,52,4.1,250,491,358,250
1996-09-14 16:00:00,18.0,49,5.1,240,196,110,136
1996-09-14 17:00:00,18.0,49,6.2,230,226,318,107
1996-09-14 18:00:00,17.0,52,5.1,230,53,38,46
1996-09-14 19:00:00,15.0,59,2.6,200,5,9,5
1996-09-14 20:00:00,13.0,72,2.6,180,0,0,0
1996-09-14 21:00:00,13.0,72,3.1,210,0,0,0
1996-09-14 22:00:00,14.0,67,3.1,200,0,0,0
1996-09-14 23:00:00,13.0,77,2.6,220,0,0,0
1996-09-15 00:00:00,12.0,82,3.1,200,0,0,0
1996-09-15 01:00:00,13.0,72,3.1,210,0,0,0
1996-09-15 02:00:00,13.0,72,3.1,200,0,0,0
1996-09-15 03:00:00,13.0,72,2.6,200,0,0,0
1996-09-15 04:00:00,13.0,72,3.1,190,0,0,0
1996-09-15 05:00:00,13.0,72,3.1,119,0,0,0
1996-09-15 06:00:00,13.0,72,3.1,200,0,0,0
1996-09-15 07:00:00,12.0,76,2.6,200,33,47,28
1996-09-15 08:00:00,13.0,72,3.1,210,110,17,105
1996-09-15 09:00:00,14.0,67,4.1,220,315,187,229
1996-09-15 10:00:00,14.0,72,3.1,220,337,111,270
1996-09-15 11:00:00,15.0,67,4.1,200,376,238,204
1996-09-15 12:00:00,16.3,63,4.4,200,696,491,312
1996-09-15 13:00:00,17.2,61,4.8,200,707,460,341
1996-09-15 14:00:00,18.0,59,5.1,200,457,306,225
1996-09-15 15:00:00,19.0,60,3.6,220,336,110,262
1996-09-15 16:00:00,18.0,64,3.1,220,330,232,206
1996-09-15 17:00:00,18.0,64,2.6,220,209,260,113
1996-09-15 18:00:00,17.0,72,0.0,0,83,77,69
1996-09-15 19:00:00,16.0,77,1.5,160,4,0,4
1996-09-15 20:00:00,15.0,82,2.1,150,0,0,0
1996-09-15 21:00:00,14.0,88,2.1,160,0,0,0
1996-09-15 22:00:00,14.0,82,0.0,0,0,0,0
1996-09-15 23:00:00,15.0,77,1.5,180,0,0,0
1996-09-16 00:00:00,14.8,75,1.5,200,0,0,0
1996-09-16 01:00:00,15.0,72,1.5,210,0,0,0
1996-09-16 02:00:00,15.0,72,1.5,210,0,0,0
1996-09-16 03:00:00,15.0,72,1.5,200,0,0,0
1996-09-16 04:00:00,14.0,88,1.5,230,0,0,0
1996-09-16 05:00:00,14.0,88,1.5,220,0,0,0
1996-09-16 06:00:00,14.0,88,2.1,220,0,0,0
1996-09-16 07:00:00,14.0,88,2.1,180,17,0,17
1996-09-16 08:00:00,14.0,88,0.0,0,66,0,66
1996-09-16 09:00:00,14.0,88,2.6,180,125,0,125
1996-09-16 10:00:00,14.0,88,1.5,130,176,0,176
1996-09-16 11:00:00,14.0,94,2.1,90,214,0,214
1996-09-16 12:00:00,15.0,88,1.5,110,235,0,235
1996-09-16 13:00:00,15.0,94,1.5,360,239,0,239
1996-09-16 14:00:00,16.0,94,3.6,120,226,0,226
1996-09-16 15:00:00,16.0,88,1.5,180,196,0,196
1996-09-16 16:00:00,16.0,94,0.0,0,150,0,150
1996-09-16 17:00:00,15.0,94,4.1,100,94,0,94
1996-09-16 18:00:00,15.0,94,2.6,120,36,0,36
1996-09-16 19:00:00,15.0,88,4.1,120,2,0,2
1996-09-16 20:00:00,16.0,88,2.6,90,0,0,0
1996-09-16 21:00:00,16.0,88,2.6,90,0,0,0
1996-09-16 22:00:00,16.0,88,2.1,50,0,0,0
1996-09-16 23:00:00,15.0,94,3.1,30,0,0,0
1996-09-17 00:00:00,15.0,100,2.6,330,0,0,0
1996-09-17 01:00:00,16.0,100,0.0,0,0,0,0
1996-09-17 02:00:00,15.0,100,2.1,330,0,0,0
1996-09-17 03:00:00,15.0,94,2.1,260,0,0,0
1996-09-17 04:00:00,15.0,100,1.5,110,0,0,0
1996-09-17 05:00:00,15.0,94,2.6,340,0,0,0
1996-09-17 06:00:00,14.7,94,2.4,330,0,0,0
1996-09-17 07:00:00,15.0,94,2.1,320,14,0,14
1996-09-17 08:00:00,15.0,94,3.1,310,43,0,43
1996-09-17 09:00:00,15.0,94,2.6,310,76,0,76
1996-09-17 10:00:00,15.0,94,2.6,290,113,0,113
1996-09-17 11:00:00,15.0,94,3.1,290,141,0,141
1996-09-17 12:00:00,15.0,94,4.1,300,157,0,157
1996-09-17 13:00:00,15.0,94,2.6,290,160,0,160
1996-09-17 14:00:00,16.0,88,3.6,280,179,0,179
1996-09-17 15:00:00,16.0,88,3.6,290,152,0,152
1996-09-17 16:00:00,17.0,82,4.1,310,134,0,134
1996-09-17 17:00:00,17.0,77,3.6,290,78,0,78
1996-09-17 18:00:00,17.0,77,5.1,300,42,0,42
1996-09-17 19:00:00,15.0,88,5.1,320,2,0,2
1996-09-17 20:00:00,15.0,88,4.1,310,0,0,0
1996-09-17 21:00:00,15.0,82,3.1,330,0,0,0
1996-09-17 22:00:00,14.0,88,5.1,320,0,0,0
1996-09-17 23:00:00,14.0,88,3.6,340,0,0,0
1996-09-18 00:00:00,14.0,88,3.1,310,0,0,0
1996-09-18 01:00:00,14.0,88,3.6,310,0,0,0
1996-09-18 02:00:00,14.0,88,3.1,310,0,0,0
1996-09-18 03:00:00,14.1,88,3.1,310,0,0,0
1996-09-18 04:00:00,14.0,88,3.1,320,0,0,0
1996-09-18 05:00:00,14.0,88,3.1,320,0,0,0
1996-09-18 06:00:00,14.0,88,3.6,320,0,0,0
1996-09-18 07:00:00,14.0,88,3.1,300,28,11,27
1996-09-18 08:00:00,14.0,88,2.6,290,148,179,100
1996-09-18 09:00:00,16.1,80,2.9,300,209,179,128
1996-09-18 10:00:00,18.0,73,3.1,310,392,311,205
1996-09-18 11:00:00,18.0,64,5.1,340,570,405,282
1996-09-18 12:00:00,19.0,60,5.1,340,706,538,291
1996-09-18 13:00:00,21.0,49,4.1,350,706,526,293
1996-09-18 14:00:00,21.1,49,4.4,350,755,668,258
1996-09-18 15:00:00,21.0,49,4.6,340,490,374,246
1996-09-18 16:00:00,21.0,53,4.1,350,439,573,141
1996-09-18 17:00:00,20.4,53,3.6,330,231,200,160
1996-09-18 18:00:00,19.0,56,3.1,310,84,69,73
1996-09-18 19:00:00,16.8,65,2.6,320,2,3,2
1996-09-18 20:00:00,15.0,72,2.1,330,0,0,0
1996-09-18 21:00:00,15.0,72,2.6,330,0,0,0
1996-09-18 22:00:00,12.0,88,1.5,190,0,0,0
1996-09-18 23:00:00,11.5,90,1.8,190,0,0,0
1996-09-19 00:00:00,11.0,94,2.1,190,0,0,0
1996-09-19 01:00:00,12.0,94,2.1,170,0,0,0
1996-09-19 02:00:00,12.0,94,2.6,120,0,0,0
1996-09-19 03:00:00,13.0,94,1.5,210,0,0,0
1996-09-19 04:00:00,13.0,94,2.6,300,0,0,0
1996-09-19 05:00:00,13.0,94,2.1,160,0,0,0
1996-09-19 06:00:00,12.7,94,1.1,80,0,0,0
1996-09-19 07:00:00,13.0,94,0.0,0,21,0,21
1996-09-19 08:00:00,14.0,88,2.1,220,97,27,90
1996-09-19 09:00:00,15.0,82,1.5,250,189,49,167
1996-09-19 10:00:00,17.2,72,0.8,310,223,121,151
1996-09-19 11:00:00,19.0,64,0.0,0,683,584,271
1996-09-19 12:00:00,19.0,60,3.1,270,777,748,202
1996-09-19 13:00:00,20.0,53,2.6,320,734,616,254
1996-09-19 14:00:00,21.1,48,2.4,330,601,417,293
1996-09-19 15:00:00,22.0,43,2.1,340,575,571,205
1996-09-19 16:00:00,21.0,43,3.1,300,418,432,195
1996-09-19 17:00:00,21.0,46,3.1,300,254,460,94
1996-09-19 18:00:00,20.0,53,2.6,300,96,274,53
1996-09-19 19:00:00,18.0,59,1.5,290,2,24,2
1996-09-19 20:00:00,14.0,82,1.5,200,0,0,0
1996-09-19 21:00:00,13.0,88,1.8,200,0,0,0
1996-09-19 22:00:00,12.0,94,2.1,200,0,0,0
1996-09-19 23:00:00,13.0,88,2.6,190,0,0,0
1996-09-20 00:00:00,13.0,88,1.5,210,0,0,0
1996-09-20 01:00:00,12.0,94,1.5,190,0,0,0
1996-09-20 02:00:00,10.0,100,2.1,220,0,0,0
1996-09-20 03:00:00,10.0,100,1.5,210,0,0,0
1996-09-20 04:00:00,9.5,100,1.5,220,0,0,0
1996-09-20 05:00:00,9.0,100,1.5,230,0,0,0
1996-09-20 06:00:00,9.0,100,0.0,0,0,0,0
1996-09-20 07:00:00,9.0,100,0.0,0,13,0,13
1996-09-20 08:00:00,9.0,100,0.0,0,38,0,38
1996-09-20 09:00:00,12.0,100,0.0,0,323,311,185
1996-09-20 10:00:00,15.0,82,2.6,220,528,378,305
1996-09-20 11:00:00,18.0,73,2.1,230,599,519,235
1996-09-20 12:00:00,20.2,59,2.1,200,673,516,278
1996-09-20 13:00:00,22.0,50,2.1,170,753,754,169
1996-09-20 14:00:00,22.0,46,2.1,310,678,615,227
1996-09-20 15:00:00,23.0,44,1.5,270,586,663,160
1996-09-20 16:00:00,23.0,38,1.5,360,433,468,195
1996-09-20 17:00:00,23.0,44,1.5,30,240,391,106
1996-09-20 18:00:00,21.0,53,1.0,50,84,172,57
1996-09-20 19:00:00,16.0,77,1.5,60,1,2,1
1996-09-20 20:00:00,14.0,88,1.5,50,0,0,0
1996-09-20 21:00:00,13.0,91,1.5,50,0,0,0
1996-09-20 22:00:00,12.0,94,1.5,220,0,0,0
1996-09-20 23:00:00,11.0,97,1.5,220,0,0,0
1996-09-21 00:00:00,10.0,100,1.5,210,0,0,0
1996-09-21 01:00:00,11.0,94,0.0,0,0,0,0
1996-09-21 02:00:00,10.0,100,0.0,0,0,0,0
1996-09-21 03:00:00,9.0,93,1.5,360,0,0,0
1996-09-21 04:00:00,9.0,100,0.0,0,0,0,0
1996-09-21 05:00:00,10.0,93,0.0,0,0,0,0
1996-09-21 06:00:00,9.2,94,0.8,290,0,0,0
1996-09-21 07:00:00,9.0,93,1.5,210,22,2,21
1996-09-21 08:00:00,14.0,82,0.0,0,65,6,63
1996-09-21 09:00:00,18.0,73,0.0,0,200,64,171
1996-09-21 10:00:00,21.0,60,2.1,210,506,424,257
1996-09-21 11:00:00,22.0,53,3.1,220,649,708,155
1996-09-21 12:00:00,23.0,53,2.6,220,685,599,230
1996-09-21 13:00:00,24.0,44,2.1,210,568,411,251
1996-09-21 14:00:00,25.0,39,2.1,200,569,495,208
1996-09-21 15:00:00,25.0,41,2.6,200,543,469,243
1996-09-21 16:00:00,24.0,44,2.1,230,156,107,102
1996-09-21 17:00:00,23.0,50,1.5,210,75,0,75
1996-09-21 18:00:00,20.0,68,1.5,180,42,0,42
1996-09-21 19:00:00,19.0,78,1.5,180,0,0,0
1996-09-21 20:00:00,19.0,64,2.6,170,0,0,0
1996-09-21 21:00:00,19.0,60,3.1,170,0,0,0
1996-09-21 22:00:00,18.0,64,2.6,170,0,0,0
1996-09-21 23:00:00,18.0,68,3.6,170,0,0,0
1996-09-22 00:00:00,16.0,82,3.1,170,0,0,0
1996-09-22 01:00:00,17.0,82,3.6,190,0,0,0
1996-09-22 02:00:00,17.0,82,4.6,200,0,0,0
1996-09-22 03:00:00,17.0,82,3.6,210,0,0,0
1996-09-22 04:00:00,16.0,88,3.1,210,0,0,0
1996-09-22 05:00:00,15.5,91,4.1,220,0,0,0
1996-09-22 06:00:00,15.0,94,5.1,220,0,0,0
1996-09-22 07:00:00,15.0,88,3.6,230,17,0,17
1996-09-22 08:00:00,16.0,82,3.1,230,102,52,88
1996-09-22 09:00:00,16.0,77,4.1,220,104,0,104
1996-09-22 10:00:00,17.0,77,3.6,230,156,0,156
1996-09-22 11:00:00,16.0,82,4.1,230,196,0,196
1996-09-22 12:00:00,16.0,82,4.1,230,601,134,499
1996-09-22 13:00:00,18.0,73,4.1,230,289,80,227
1996-09-22 14:00:00,18.0,68,5.1,250,330,69,279
1996-09-22 15:00:00,20.0,60,5.1,250,505,258,341
1996-09-22 16:00:00,19.0,56,5.1,260,179,114,122
1996-09-22 17:00:00,19.0,60,6.2,230,99,34,88
1996-09-22 18:00:00,18.0,59,3.6,220,47,10,45
1996-09-22 19:00:00,15.8,71,3.1,240,0,0,0
1996-09-22 20:00:00,14.0,82,2.6,250,0,0,0
1996-09-22 21:00:00,13.0,94,2.6,220,0,0,0
1996-09-22 22:00:00,13.0,94,2.6,210,0,0,0
1996-09-22 23:00:00,13.0,94,3.6,190,0,0,0
1996-09-23 00:00:00,14.0,82,3.1,210,0,0,0
1996-09-23 01:00:00,14.1,79,4.1,230,0,0,0
1996-09-23 02:00:00,14.0,77,5.1,250,0,0,0
1996-09-23 03:00:00,14.0,77,4.1,270,0,0,0
1996-09-23 04:00:00,13.0,88,4.1,280,0,0,0
1996-09-23 05:00:00,14.0,82,3.6,280,0,0,0
1996-09-23 06:00:00,13.0,88,4.1,290,0,0,0
1996-09-23 07:00:00,14.0,82,3.6,320,23,8,22
1996-09-23 08:00:00,14.0,82,1.5,160,143,25,136
1996-09-23 09:00:00,14.0,88,1.5,180,204,77,170
1996-09-23 10:00:00,15.0,82,2.1,310,338,71,296
1996-09-23 11:00:00,17.0,72,2.6,270,333,70,284
1996-09-23 12:00:00,18.0,68,2.6,230,491,250,303
1996-09-23 13:00:00,19.0,60,2.6,200,707,578,266
1996-09-23 14:00:00,21.0,56,2.6,300,547,416,248
1996-09-23 15:00:00,20.0,53,3.6,310,499,401,247
1996-09-23 16:00:00,22.0,50,4.1,290,365,318,208
1996-09-23 17:00:00,21.0,53,3.6,260,207,279,116
1996-09-23 18:00:00,18.0,68,2.6,250,56,25,52
1996-09-23 19:00:00,17.0,72,2.1,230,0,0,0
1996-09-23 20:00:00,15.0,82,2.1,170,0,0,0
1996-09-23 21:00:00,14.0,88,1.5,210,0,0,0
1996-09-23 22:00:00,13.0,94,1.5,200,0,0,0
1996-09-23 23:00:00,14.0,88,1.5,180,0,0,0
1996-09-24 00:00:00,13.0,94,2.6,230,0,0,0
1996-09-24 01:00:00,13.0,94,2.6,210,0,0,0
1996-09-24 02:00:00,13.0,94,1.5,170,0,0,0
1996-09-24 03:00:00,13.0,94,1.5,130,0,0,0
1996-09-24 04:00:00,13.0,94,1.5,240,0,0,0
1996-09-24 05:00:00,14.0,88,1.5,240,0,0,0
1996-09-24 06:00:00,13.0,94,1.5,200,0,0,0
1996-09-24 07:00:00,13.0,94,2.6,170,20,0,20
1996-09-24 08:00:00,14.0,94,2.1,70,83,17,79
1996-09-24 09:00:00,16.0,82,2.1,190,193,39,176
1996-09-24 10:00:00,17.0,77,2.6,220,180,54,149
1996-09-24 11:00:00,18.0,77,3.6,210,357,91,294
1996-09-24 12:00:00,18.0,77,4.1,220,361,106,282
1996-09-24 13:00:00,18.0,83,5.1,220,295,150,182
1996-09-24 14:00:00,18.0,85,4.3,230,291,164,174
1996-09-24 15:00:00,17.7,88,3.4,230,291,74,245
1996-09-24 16:00:00,17.0,94,2.6,240,276,127,214
1996-09-24 17:00:00,17.0,88,2.6,240,126,58,108
1996-09-24 18:00:00,16.7,87,2.1,240,64,11,63
1996-09-24 19:00:00,16.0,88,1.5,240,0,0,0
1996-09-24 20:00:00,16.0,82,3.6,320,0,0,0
1996-09-24 21:00:00,14.0,88,1.5,40,0,0,0
1996-09-24 22:00:00,12.0,100,0.0,0,0,0,0
1996-09-24 23:00:00,12.0,94,2.1,220,0,0,0
1996-09-25 00:00:00,12.0,100,25.7,180,0,0,0
1996-09-25 01:00:00,13.0,94,2.6,210,0,0,0
1996-09-25 02:00:00,12.0,100,2.6,220,0,0,0
1996-09-25 03:00:00,11.6,100,2.6,200,0,0,0
1996-09-25 04:00:00,11.0,100,2.6,180,0,0,0
1996-09-25 05:00:00,11.0,100,2.6,180,0,0,0
1996-09-25 06:00:00,10.0,100,2.6,170,0,0,0
1996-09-25 07:00:00,10.0,100,2.1,190,10,0,10
1996-09-25 08:00:00,11.0,100,1.5,210,95,36,85
1996-09-25 09:00:00,12.0,94,1.5,160,281,324,142
1996-09-25 10:00:00,15.0,67,1.5,340,369,278,209
1996-09-25 11:00:00,16.0,55,2.1,240,402,145,302
1996-09-25 12:00:00,16.0,55,3.1,310,317,63,270
1996-09-25 13:00:00,17.0,48,2.1,270,481,150,368
1996-09-25 14:00:00,19.0,43,2.1,220,680,536,299
1996-09-25 15:00:00,19.0,40,2.6,250,385,239,237
1996-09-25 16:00:00,19.0,43,2.6,290,267,227,157
1996-09-25 17:00:00,18.0,45,2.6,350,143,111,107
1996-09-25 18:00:00,16.0,55,2.6,350,52,25,49
1996-09-25 19:00:00,13.0,72,1.5,40,0,0,0
1996-09-25 20:00:00,11.0,82,1.5,40,0,0,0
1996-09-25 21:00:00,10.0,87,0.0,0,0,0,0
1996-09-25 22:00:00,9.9,88,7.7,320,0,0,0
1996-09-25 23:00:00,10.0,87,15.4,270,0,0,0
1996-09-26 00:00:00,8.0,93,2.6,360,0,0,0
1996-09-26 01:00:00,7.0,93,2.1,360,0,0,0
1996-09-26 02:00:00,9.0,87,2.1,350,0,0,0
1996-09-26 03:00:00,10.0,76,2.6,90,0,0,0
1996-09-26 04:00:00,12.0,67,3.1,90,0,0,0
1996-09-26 05:00:00,13.0,62,2.6,40,0,0,0
1996-09-26 06:00:00,13.0,62,2.1,120,0,0,0
1996-09-26 07:00:00,13.0,62,2.6,120,17,4,17
1996-09-26 08:00:00,15.0,59,3.1,110,69,32,61
1996-09-26 09:00:00,17.1,58,3.6,140,157,40,140
1996-09-26 10:00:00,19.0,56,4.1,170,257,65,220
1996-09-26 11:00:00,22.0,53,4.1,150,609,607,198
1996-09-26 12:00:00,23.0,53,3.6,160,700,677,200
1996-09-26 13:00:00,23.0,57,3.1,170,219,0,219
1996-09-26 14:00:00,23.0,61,3.1,130,256,0,256
1996-09-26 15:00:00,24.0,61,3.6,170,215,0,215
1996-09-26 16:00:00,22.0,64,2.6,120,124,0,124
1996-09-26 17:00:00,22.0,64,2.1,130,160,167,108
1996-09-26 18:00:00,21.0,64,3.6,170,35,0,35
1996-09-26 19:00:00,20.0,68,3.6,180,0,0,0
1996-09-26 20:00:00,19.0,68,2.6,140,0,0,0
1996-09-26 21:00:00,19.0,68,3.1,180,0,0,0
1996-09-26 22:00:00,19.0,68,5.1,180,0,0,0
1996-09-26 23:00:00,20.0,64,3.1,150,0,0,0
1996-09-27 00:00:00,19.0,68,3.1,160,0,0,0
1996-09-27 01:00:00,18.0,73,3.6,160,0,0,0
1996-09-27 02:00:00,17.0,77,2.1,150,0,0,0
1996-09-27 03:00:00,17.0,82,2.6,160,0,0,0
1996-09-27 04:00:00,18.0,77,3.1,140,0,0,0
1996-09-27 05:00:00,19.0,73,4.1,150,0,0,0
1996-09-27 06:00:00,19.0,73,3.6,160,0,0,0
1996-09-27 07:00:00,19.0,73,3.6,160,14,0,14
1996-09-27 08:00:00,19.7,70,3.6,170,70,0,70
1996-09-27 09:00:00,21.0,64,3.6,180,142,0,142
1996-09-27 10:00:00,21.0,69,3.6,200,264,104,205
1996-09-27 11:00:00,20.0,83,2.6,190,252,0,252
1996-09-27 12:00:00,20.0,83,3.6,150,222,0,222
1996-09-27 13:00:00,23.0,69,4.1,180,281,0,281
1996-09-27 14:00:00,25.0,57,5.1,180,263,0,263
1996-09-27 15:00:00,24.0,57,5.1,180,179,0,179
1996-09-27 16:00:00,23.0,65,5.1,180,132,0,132
1996-09-27 17:00:00,21.0,78,2.6,180,76,0,76
1996-09-27 18:00:00,21.2,75,2.4,180,27,0,27
1996-09-27 19:00:00,21.0,73,2.1,170,0,0,0
1996-09-27 20:00:00,22.0,64,3.6,180,0,0,0
1996-09-27 21:00:00,22.0,64,4.1,180,0,0,0
1996-09-27 22:00:00,22.0,64,5.1,180,0,0,0
1996-09-27 23:00:00,22.0,64,4.6,200,0,0,0
1996-09-28 00:00:00,22.0,64,3.6,180,0,0,0
1996-09-28 01:00:00,22.0,64,4.6,180,0,0,0
1996-09-28 02:00:00,22.0,64,4.1,170,0,0,0
1996-09-28 03:00:00,22.0,64,4.6,180,0,0,0
1996-09-28 04:00:00,21.0,69,5.7,200,0,0,0
1996-09-28 05:00:00,19.0,83,5.1,180,0,0,0
1996-09-28 06:00:00,19.0,83,3.6,150,0,0,0
1996-09-28 07:00:00,19.0,83,5.1,180,12,0,12
1996-09-28 08:00:00,20.0,78,5.1,180,62,0,62
1996-09-28 09:00:00,21.0,73,5.1,180,105,0,105
1996-09-28 10:00:00,20.2,80,4.4,240,157,0,157
1996-09-28 11:00:00,19.0,88,3.6,290,163,0,163
1996-09-28 12:00:00,20.0,83,3.6,360,180,0,180
1996-09-28 13:00:00,13.0,94,1.5,360,183,0,183
1996-09-28 14:00:00,14.0,94,1.5,220,170,0,170
1996-09-28 15:00:00,14.2,92,1.5,220,143,0,143
1996-09-28 16:00:00,14.0,94,1.5,210,103,0,103
1996-09-28 17:00:00,13.0,94,2.6,140,67,0,67
1996-09-28 18:00:00,13.0,94,1.5,240,25,0,25
1996-09-28 19:00:00,13.0,94,2.6,210,0,0,0
1996-09-28 20:00:00,12.0,100,2.6,200,0,0,0
1996-09-28 21:00:00,12.0,94,3.1,230,0,0,0
1996-09-28 22:00:00,11.4,94,3.1,210,0,0,0
1996-09-28 23:00:00,11.0,94,3.1,190,0,0,0
1996-09-29 00:00:00,10.0,100,3.1,190,0,0,0
1996-09-29 01:00:00,11.0,87,2.6,200,0,0,0
1996-09-29 02:00:00,11.0,94,3.1,190,0,0,0
1996-09-29 03:00:00,11.0,94,2.6,210,0,0,0
1996-09-29 04:00:00,11.0,94,2.6,200,0,0,0
1996-09-29 05:00:00,10.0,100,2.6,200,0,0,0
1996-09-29 06:00:00,10.0,93,3.1,200,0,0,0
1996-09-29 07:00:00,10.0,93,3.1,210,10,0,10
1996-09-29 08:00:00,11.0,87,3.1,210,48,0,48
1996-09-29 09:00:00,12.0,82,4.1,230,80,0,80
1996-09-29 10:00:00,13.0,77,4.6,200,147,0,147
1996-09-29 11:00:00,15.0,72,3.6,230,548,368,303
1996-09-29 12:00:00,16.0,68,3.1,220,657,493,299
1996-09-29 13:00:00,17.0,59,4.1,220,640,386,356
1996-09-29 14:00:00,17.0,55,3.1,230,592,365,340
1996-09-29 15:00:00,17.0,55,3.6,220,370,101,310
1996-09-29 16:00:00,17.1,55,3.9,220,350,280,220
1996-09-29 17:00:00,17.0,55,4.1,220,163,119,128
1996-09-29 18:00:00,16.0,63,2.6,220,44,45,39
1996-09-29 19:00:00,13.0,77,2.1,200,0,0,0
1996-09-29 20:00:00,12.0,82,1.5,180,0,0,0
1996-09-29 21:00:00,11.0,87,0.0,0,0,0,0
1996-09-29 22:00:00,10.0,93,2.1,210,0,0,0
1996-09-29 23:00:00,10.0,93,2.1,190,0,0,0
1996-09-30 00:00:00,11.0,87,1.5,220,0,0,0
1996-09-30 01:00:00,9.0,87,2.6,210,0,0,0
1996-09-30 02:00:00,10.0,87,1.5,210,0,0,0
1996-09-30 03:00:00,9.0,93,2.1,200,0,0,0
1996-09-30 04:00:00,8.0,93,1.5,230,0,0,0
1996-09-30 05:00:00,7.0,100,1.5,200,0,0,0
1996-09-30 06:00:00,8.0,93,1.5,210,0,0,0
1996-09-30 07:00:00,8.0,93,0.0,0,16,6,16
1996-09-30 08:00:00,11.0,87,1.5,230,130,199,84
1996-09-30 09:00:00,15.0,72,1.5,250,309,410,141
1996-09-30 10:00:00,18.0,56,1.5,220,484,535,187
1996-09-30 11:00:00,20.0,53,0.0,0,617,605,217
1996-09-30 12:00:00,21.0,46,0.0,0,693,638,232
1996-09-30 13:00:00,22.0,43,0.0,0,693,622,239
1996-09-30 14:00:00,23.0,41,2.1,330,617,411,335
1996-09-30 15:00:00,23.0,38,1.5,340,530,561,197
1996-09-30 16:00:00,23.0,44,2.1,20,365,456,157
1996-09-30 17:00:00,22.0,46,2.1,20,182,274,103
1996-09-30 18:00:00,20.0,56,1.5,20,39,30,36
1996-09-30 19:00:00,17.0,72,2.1,40,0,0,0
1996-09-30 20:00:00,14.0,88,2.1,30,0,0,0
1996-09-30 21:00:00,14.0,82,2.1,50,0,0,0
1996-09-30 22:00:00,13.1,86,1.8,110,0,0,0
1996-09-30 23:00:00,12.2,90,1.5,170,0,0,0
1996-10-01 00:00:00,11.3,94,1.2,230,0,0,0
2004-10-01 01:00:00,10.5,100,0.9,0,0,0,0
2004-10-01 02:00:00,9.6,100,0.6,10,0,0,0
2004-10-01 03:00:00,8.7,93,0.3,0,0,0,0
2004-10-01 04:00:00,7.8,100,0.0,0,0,0,0
2004-10-01 05:00:00,8.9,96,0.0,0,0,0,0
2004-10-01 06:00:00,8.3,97,1.5,10,0,0,0
2004-10-01 07:00:00,8.9,96,0.0,0,8,103,5
2004-10-01 08:00:00,11.7,89,0.0,0,163,326,88
2004-10-01 09:00:00,15.6,75,0.0,0,362,556,137
2004-10-01 10:00:00,18.9,70,2.6,170,533,739,125
2004-10-01 11:00:00,21.1,63,0.0,0,652,787,133
2004-10-01 12:00:00,23.3,62,2.1,40,720,770,167
2004-10-01 13:00:00,23.9,57,1.5,80,621,420,316
2004-10-01 14:00:00,24.4,56,2.1,120,379,84,322
2004-10-01 15:00:00,24.4,58,2.6,160,487,415,243
2004-10-01 16:00:00,24.4,58,2.1,220,394,568,138
2004-10-01 17:00:00,23.3,64,3.6,180,219,479,83
2004-10-01 18:00:00,21.7,66,3.1,180,42,160,27
2004-10-01 19:00:00,18.9,75,1.5,170,0,0,0
2004-10-01 20:00:00,18.9,73,2.6,170,0,0,0
2004-10-01 21:00:00,18.9,73,1.5,160,0,0,0
2004-10-01 22:00:00,19.4,70,1.5,80,0,0,0
2004-10-01 23:00:00,19.4,70,0.0,0,0,0,0
2004-10-02 00:00:00,18.3,76,1.5,210,0,0,0
2004-10-02 01:00:00,18.9,73,2.1,190,0,0,0
2004-10-02 02:00:00,18.3,78,1.5,200,0,0,0
2004-10-02 03:00:00,18.3,76,1.5,200,0,0,0
2004-10-02 04:00:00,19.4,70,1.5,210,0,0,0
2004-10-02 05:00:00,18.9,73,2.6,210,0,0,0
2004-10-02 06:00:00,18.9,73,2.6,200,0,0,0
2004-10-02 07:00:00,18.3,78,1.5,210,5,19,4
2004-10-02 08:00:00,18.3,78,2.1,200,112,61,98
2004-10-02 09:00:00,18.3,81,1.5,190,56,0,56
2004-10-02 10:00:00,18.3,84,3.6,220,85,0,85
2004-10-02 11:00:00,17.2,90,3.1,200,107,0,107
2004-10-02 12:00:00,18.3,81,3.6,210,665,457,339
2004-10-02 13:00:00,19.0,73,2.6,210,292,30,271
2004-10-02 14:00:00,18.3,81,3.6,230,111,0,111
2004-10-02 15:00:00,17.8,90,3.6,230,96,0,96
2004-10-02 16:00:00,18.3,84,3.1,220,173,12,167
2004-10-02 17:00:00,18.3,87,2.1,200,92,0,92
2004-10-02 18:00:00,18.3,87,2.6,220,12,0,12
2004-10-02 19:00:00,15.0,87,5.2,360,0,0,0
2004-10-02 20:00:00,14.4,90,2.6,350,0,0,0
2004-10-02 21:00:00,13.9,89,2.6,340,0,0,0
2004-10-02 22:00:00,13.3,84,4.1,360,0,0,0
2004-10-02 23:00:00,12.2,90,2.6,360,0,0,0
2004-10-03 00:00:00,11.7,89,3.1,360,0,0,0
2004-10-03 01:00:00,10.6,89,3.1,10,0,0,0
2004-10-03 02:00:00,9.4,93,0.0,0,0,0,0
2004-10-03 03:00:00,8.9,93,1.5,340,0,0,0
2004-10-03 04:00:00,7.8,96,2.1,20,0,0,0
2004-10-03 05:00:00,7.8,96,1.5,20,0,0,0
2004-10-03 06:00:00,7.8,96,1.5,10,0,0,0
2004-10-03 07:00:00,8.0,93,2.1,100,4,14,4
2004-10-03 08:00:00,8.9,96,2.1,70,104,48,94
2004-10-03 09:00:00,11.1,83,2.6,40,335,456,154
2004-10-03 10:00:00,12.8,77,0.0,0,514,648,161
2004-10-03 11:00:00,15.0,67,2.1,360,552,454,256
2004-10-03 12:00:00,16.7,65,1.5,360,604,476,267
2004-10-03 13:00:00,16.7,60,0.0,0,716,737,188
2004-10-03 14:00:00,17.8,48,3.1,270,676,800,139
2004-10-03 15:00:00,18.3,50,3.1,180,565,770,120
2004-10-03 16:00:00,18.3,50,0.0,0,399,666,104
2004-10-03 17:00:00,17.8,48,2.1,220,217,505,79
2004-10-03 18:00:00,16.1,60,1.5,200,39,182,24
2004-10-03 19:00:00,13.9,74,1.5,200,0,0,0
2004-10-03 20:00:00,11.7,89,0.0,0,0,0,0
2004-10-03 21:00:00,11.1,93,1.5,200,0,0,0
2004-10-03 22:00:00,10.0,96,2.6,190,0,0,0
2004-10-03 23:00:00,10.0,96,1.5,200,0,0,0
2004-10-04 00:00:00,8.9,100,1.5,210,0,0,0
2004-10-04 01:00:00,8.9,96,1.5,210,0,0,0
2004-10-04 02:00:00,7.8,100,1.5,210,0,0,0
2004-10-04 03:00:00,8.9,100,2.1,210,0,0,0
2004-10-04 04:00:00,7.8,100,1.5,190,0,0,0
2004-10-04 05:00:00,8.3,97,0.0,0,0,0,0
2004-10-04 06:00:00,8.9,93,1.5,200,0,0,0
2004-10-04 07:00:00,9.4,93,2.1,210,6,102,3
2004-10-04 08:00:00,12.2,83,2.6,210,166,370,86
2004-10-04 09:00:00,14.4,72,3.6,200,364,638,112
2004-10-04 10:00:00,16.7,62,4.1,210,521,740,121
2004-10-04 11:00:00,18.3,52,4.1,220,639,769,142
2004-10-04 12:00:00,19.4,49,3.1,230,714,789,158
2004-10-04 13:00:00,21.1,44,3.1,240,680,677,198
2004-10-04 14:00:00,21.7,41,3.1,240,653,728,167
2004-10-04 15:00:00,21.1,42,3.6,240,554,693,157
2004-10-04 16:00:00,21.7,45,2.1,280,355,426,169
2004-10-04 17:00:00,20.0,49,2.6,310,211,370,112
2004-10-04 18:00:00,16.7,60,5.7,350,19,4,18
2004-10-04 19:00:00,13.9,72,5.2,350,0,0,0
2004-10-04 20:00:00,13.3,72,4.1,350,0,0,0
2004-10-04 21:00:00,11.7,66,4.6,10,0,0,0
2004-10-04 22:00:00,10.6,68,3.1,360,0,0,0
2004-10-04 23:00:00,10.0,68,3.1,20,0,0,0
2004-10-05 00:00:00,8.9,68,0.0,0,0,0,0
2004-10-05 01:00:00,7.8,76,0.0,0,0,0,0
2004-10-05 02:00:00,6.7,89,0.0,0,0,0,0
2004-10-05 03:00:00,5.0,96,0.0,0,0,0,0
2004-10-05 04:00:00,4.4,97,0.0,0,0,0,0
2004-10-05 05:00:00,3.9,96,0.0,0,0,0,0
2004-10-05 06:00:00,3.0,100,0.0,0,0,0,0
2004-10-05 07:00:00,3.3,100,0.0,0,4,54,3
2004-10-05 08:00:00,5.0,100,0.0,0,141,206,97
2004-10-05 09:00:00,7.2,93,1.5,360,294,307,174
2004-10-05 10:00:00,10.6,71,1.5,360,521,648,173
2004-10-05 11:00:00,12.2,50,3.6,360,646,769,152
2004-10-05 12:00:00,12.8,51,3.1,70,629,572,228
2004-10-05 13:00:00,13.9,45,2.6,50,632,563,234
2004-10-05 14:00:00,13.9,44,2.6,30,652,692,194
2004-10-05 15:00:00,13.3,45,2.1,10,553,746,130
2004-10-05 16:00:00,13.9,44,3.1,10,387,660,102
2004-10-05 17:00:00,13.3,45,2.6,10,205,498,75
2004-10-05 18:00:00,10.6,56,0.0,0,31,137,21
2004-10-05 19:00:00,9.4,63,0.0,0,0,0,0
2004-10-05 20:00:00,7.2,80,0.0,0,0,0,0
2004-10-05 21:00:00,7.2,82,0.0,0,0,0,0
2004-10-05 22:00:00,5.6,92,0.0,0,0,0,0
2004-10-05 23:00:00,4.4,97,0.0,0,0,0,0
2004-10-06 00:00:00,4.4,97,0.0,0,0,0,0
2004-10-06 01:00:00,3.9,96,0.0,0,0,0,0
2004-10-06 02:00:00,3.3,100,0.0,0,0,0,0
2004-10-06 03:00:00,2.8,96,0.0,0,0,0,0
2004-10-06 04:00:00,2.2,96,0.0,0,0,0,0
2004-10-06 05:00:00,1.1,100,0.0,0,0,0,0
2004-10-06 06:00:00,1.1,100,0.0,0,0,0,0
2004-10-06 07:00:00,1.7,96,0.0,0,4,67,2
2004-10-06 08:00:00,5.0,89,0.0,0,142,269,85
2004-10-06 09:00:00,8.9,77,0.0,0,323,476,139
2004-10-06 10:00:00,11.7,63,0.0,0,515,703,140
2004-10-06 11:00:00,13.9,51,0.0,0,633,793,127
2004-10-06 12:00:00,15.0,49,1.5,350,678,759,150
2004-10-06 13:00:00,16.7,35,2.1,340,698,791,142
2004-10-06 14:00:00,17.2,34,0.0,0,658,787,141
2004-10-06 15:00:00,18.3,29,1.5,360,547,758,121
2004-10-06 16:00:00,18.3,29,0.0,0,386,683,95
2004-10-06 17:00:00,18.3,37,0.0,0,199,486,75
2004-10-06 18:00:00,15.0,51,0.0,0,29,155,19
2004-10-06 19:00:00,11.1,69,1.5,130,0,0,0
2004-10-06 20:00:00,9.4,83,0.0,0,0,0,0
2004-10-06 21:00:00,8.3,86,0.0,0,0,0,0
2004-10-06 22:00:00,7.2,90,0.0,0,0,0,0
2004-10-06 23:00:00,7.2,90,0.0,0,0,0,0
2004-10-07 00:00:00,7.2,90,0.0,0,0,0,0
2004-10-07 01:00:00,5.6,96,0.0,0,0,0,0
2004-10-07 02:00:00,5.0,100,0.0,0,0,0,0
2004-10-07 03:00:00,4.4,97,0.0,0,0,0,0
2004-10-07 04:00:00,4.4,97,0.0,0,0,0,0
2004-10-07 05:00:00,4.4,97,0.0,0,0,0,0
2004-10-07 06:00:00,4.4,93,0.0,0,0,0,0
2004-10-07 07:00:00,3.9,96,0.0,0,3,93,2
2004-10-07 08:00:00,6.7,89,0.0,0,161,395,79
2004-10-07 09:00:00,11.1,77,0.0,0,330,558,117
2004-10-07 10:00:00,15.6,62,0.0,0,509,728,124
2004-10-07 11:00:00,18.3,52,0.0,0,621,757,141
2004-10-07 12:00:00,20.0,49,0.0,0,684,783,143
2004-10-07 13:00:00,22.2,43,2.1,360,704,821,131
2004-10-07 14:00:00,23.3,43,0.0,0,658,805,133
2004-10-07 15:00:00,24.4,45,1.5,10,536,734,126
2004-10-07 16:00:00,24.4,43,1.5,360,380,682,93
2004-10-07 17:00:00,23.3,46,1.5,350,198,518,68
2004-10-07 18:00:00,21.1,57,0.0,0,25,135,17
2004-10-07 19:00:00,16.7,78,0.0,0,0,0,0
2004-10-07 20:00:00,15.6,83,0.0,0,0,0,0
2004-10-07 21:00:00,13.3,97,2.1,210,0,0,0
2004-10-07 22:00:00,13.3,90,0.0,0,0,0,0
2004-10-07 23:00:00,11.7,93,1.5,190,0,0,0
2004-10-08 00:00:00,11.7,89,0.0,0,0,0,0
2004-10-08 01:00:00,12.2,83,0.0,0,0,0,0
2004-10-08 02:00:00,10.0,100,0.0,0,0,0,0
2004-10-08 03:00:00,10.6,86,1.5,360,0,0,0
2004-10-08 04:00:00,7.2,100,0.0,0,0,0,0
2004-10-08 05:00:00,7.8,100,1.5,110,0,0,0
2004-10-08 06:00:00,9.4,83,0.0,0,0,0,0
2004-10-08 07:00:00,9.4,83,0.0,0,3,76,1
2004-10-08 08:00:00,11.1,80,0.0,0,153,341,84
2004-10-08 09:00:00,14.1,73,0.0,0,317,508,124
2004-10-08 10:00:00,17.2,65,0.0,0,509,710,137
2004-10-08 11:00:00,20.0,53,1.5,30,621,781,129
2004-10-08 12:00:00,22.2,41,1.5,350,690,813,132
2004-10-08 13:00:00,23.3,35,1.5,310,686,785,142
2004-10-08 14:00:00,24.4,30,2.1,270,646,781,140
2004-10-08 15:00:00,24.0,31,1.5,280,530,722,131
2004-10-08 16:00:00,24.4,33,1.5,290,369,554,139
2004-10-08 17:00:00,22.8,38,0.0,0,136,156,98
2004-10-08 18:00:00,18.3,61,1.5,150,22,84,17
2004-10-08 19:00:00,15.0,77,0.0,0,0,0,0
2004-10-08 20:00:00,13.9,83,1.5,200,0,0,0
2004-10-08 21:00:00,16.7,58,1.5,210,0,0,0
2004-10-08 22:00:00,15.0,64,1.5,210,0,0,0
2004-10-08 23:00:00,15.6,57,1.5,210,0,0,0
2004-10-09 00:00:00,15.6,57,0.0,0,0,0,0
2004-10-09 01:00:00,13.9,67,0.0,0,0,0,0
2004-10-09 02:00:00,15.0,67,0.0,0,0,0,0
2004-10-09 03:00:00,11.1,86,0.0,0,0,0,0
2004-10-09 04:00:00,10.6,92,2.1,210,0,0,0
2004-10-09 05:00:00,11.7,83,2.1,210,0,0,0
2004-10-09 06:00:00,13.3,75,2.6,210,0,0,0
2004-10-09 07:00:00,13.9,74,2.1,200,1,6,1
2004-10-09 08:00:00,15.0,72,2.1,200,91,28,85
2004-10-09 09:00:00,16.1,70,2.1,220,141,0,141
2004-10-09 10:00:00,17.8,65,2.6,220,424,361,237
2004-10-09 11:00:00,20.0,56,4.1,210,490,321,289
2004-10-09 12:00:00,21.0,53,4.1,240,647,590,245
2004-10-09 13:00:00,22.0,50,4.1,220,388,96,322
2004-10-09 14:00:00,21.1,51,4.1,240,419,167,312
2004-10-09 15:00:00,21.7,51,3.1,250,220,30,203
2004-10-09 16:00:00,21.1,53,2.6,260,267,186,190
2004-10-09 17:00:00,20.6,53,2.6,240,154,266,90
2004-10-09 18:00:00,19.4,59,1.5,210,20,89,16
2004-10-09 19:00:00,19.4,59,0.0,0,0,0,0
2004-10-09 20:00:00,17.2,75,1.5,190,0,0,0
2004-10-09 21:00:00,16.7,84,2.1,180,0,0,0
2004-10-09 22:00:00,16.7,84,0.0,0,0,0,0
2004-10-09 23:00:00,17.0,82,1.5,340,0,0,0
2004-10-10 00:00:00,15.0,100,1.5,200,0,0,0
2004-10-10 01:00:00,15.0,96,1.5,280,0,0,0
2004-10-10 02:00:00,14.4,90,0.0,0,0,0,0
2004-10-10 03:00:00,12.0,100,0.0,0,0,0,0
2004-10-10 04:00:00,11.1,100,0.0,0,0,0,0
2004-10-10 05:00:00,10.0,100,0.0,0,0,0,0
2004-10-10 06:00:00,8.3,100,1.5,140,0,0,0
2004-10-10 07:00:00,8.3,100,0.0,0,1,42,1
2004-10-10 08:00:00,10.0,96,1.5,350,129,217,86
2004-10-10 09:00:00,11.7,86,1.5,360,332,584,115
2004-10-10 10:00:00,12.8,77,5.2,360,484,581,183
2004-10-10 11:00:00,15.0,67,2.1,340,427,212,295
2004-10-10 12:00:00,14.4,65,4.6,360,183,6,179
2004-10-10 13:00:00,13.9,69,3.6,360,155,0,155
2004-10-10 14:00:00,14.4,62,2.6,310,215,6,211
2004-10-10 15:00:00,13.3,67,4.6,350,124,0,124
2004-10-10 16:00:00,13.3,67,3.1,350,160,12,155
2004-10-10 17:00:00,12.8,69,3.1,350,88,11,86
2004-10-10 18:00:00,12.2,71,2.1,10,11,15,11
2004-10-10 19:00:00,11.7,77,0.0,0,0,0,0
2004-10-10 20:00:00,11.7,77,2.1,10,0,0,0
2004-10-10 21:00:00,11.1,80,0.0,0,0,0,0
2004-10-10 22:00:00,8.9,96,0.0,0,0,0,0
2004-10-10 23:00:00,7.2,100,0.0,0,0,0,0
2004-10-11 00:00:00,7.2,97,0.0,0,0,0,0
2004-10-11 01:00:00,6.1,100,0.0,0,0,0,0
2004-10-11 02:00:00,4.4,100,0.0,0,0,0,0
2004-10-11 03:00:00,5.0,100,0.0,0,0,0,0
2004-10-11 04:00:00,3.9,100,1.5,90,0,0,0
2004-10-11 05:00:00,5.6,96,0.0,0,0,0,0
2004-10-11 06:00:00,6.1,97,0.0,0,0,0,0
2004-10-11 07:00:00,3.9,100,0.0,0,1,24,1
2004-10-11 08:00:00,6.1,100,0.0,0,121,134,95
2004-10-11 09:00:00,8.9,93,0.0,0,177,31,165
2004-10-11 10:00:00,10.6,83,3.6,350,314,116,254
2004-10-11 11:00:00,11.7,71,2.6,360,496,357,276
2004-10-11 12:00:00,13.3,60,3.6,350,641,632,216
2004-10-11 13:00:00,14.4,57,3.6,350,674,773,149
2004-10-11 14:00:00,15.0,55,2.1,350,628,793,127
2004-10-11 15:00:00,16.1,48,3.1,360,517,739,120
2004-10-11 16:00:00,15.6,47,2.6,360,356,651,96
2004-10-11 17:00:00,13.9,55,2.1,10,175,447,73
2004-10-11 18:00:00,12.2,61,0.0,0,14,84,10
2004-10-11 19:00:00,9.4,80,0.0,0,0,0,0
2004-10-11 20:00:00,8.9,86,0.0,0,0,0,0
2004-10-11 21:00:00,6.7,96,0.0,0,0,0,0
2004-10-11 22:00:00,6.7,96,0.0,0,0,0,0
2004-10-11 23:00:00,5.6,100,0.0,0,0,0,0
2004-10-12 00:00:00,5.6,100,0.0,0,0,0,0
2004-10-12 01:00:00,4.4,100,0.0,0,0,0,0
2004-10-12 02:00:00,3.9,93,0.0,0,0,0,0
2004-10-12 03:00:00,2.8,100,0.0,0,0,0,0
2004-10-12 04:00:00,3.0,100,0.0,0,0,0,0
2004-10-12 05:00:00,1.7,100,0.0,0,0,0,0
2004-10-12 06:00:00,1.7,100,0.0,0,0,0,0
2004-10-12 07:00:00,2.2,100,0.0,0,0,4,0
2004-10-12 08:00:00,2.8,100,0.0,0,84,21,80
2004-10-12 09:00:00,4.4,100,0.0,0,128,0,128
2004-10-12 10:00:00,5.6,100,0.0,0,157,0,157
2004-10-12 11:00:00,8.9,89,1.5,340,283,48,253
2004-10-12 12:00:00,11.7,80,2.1,320,641,608,235
2004-10-12 13:00:00,13.3,67,2.1,340,650,719,165
2004-10-12 14:00:00,15.6,55,1.5,20,598,703,158
2004-10-12 15:00:00,15.6,53,3.1,50,500,686,135
2004-10-12 16:00:00,16.1,50,1.5,30,345,616,102
2004-10-12 17:00:00,13.9,57,2.1,10,161,418,67
2004-10-12 18:00:00,11.7,71,2.6,10,13,92,9
2004-10-12 19:00:00,9.4,80,1.5,10,0,0,0
2004-10-12 20:00:00,7.8,93,2.6,50,0,0,0
2004-10-12 21:00:00,8.3,97,0.0,0,0,0,0
2004-10-12 22:00:00,6.7,100,1.5,330,0,0,0
2004-10-12 23:00:00,6.1,100,0.0,0,0,0,0
2004-10-13 00:00:00,6.7,100,0.0,0,0,0,0
2004-10-13 01:00:00,6.7,96,0.0,0,0,0,0
2004-10-13 02:00:00,8.3,86,0.0,0,0,0,0
2004-10-13 03:00:00,7.8,89,0.0,0,0,0,0
2004-10-13 04:00:00,8.3,86,0.0,0,0,0,0
2004-10-13 05:00:00,7.8,93,0.0,0,0,0,0
2004-10-13 06:00:00,8.9,86,0.0,0,0,0,0
2004-10-13 07:00:00,11.1,74,0.0,0,0,40,0
2004-10-13 08:00:00,13.9,57,2.1,100,142,256,94
2004-10-13 09:00:00,16.7,53,3.6,100,263,252,172
2004-10-13 10:00:00,17.2,58,4.1,120,111,0,111
2004-10-13 11:00:00,18.3,58,3.6,110,383,170,280
2004-10-13 12:00:00,18.3,61,3.1,130,104,0,104
2004-10-13 13:00:00,18.3,65,2.6,120,256,12,248
2004-10-13 14:00:00,18.9,63,2.6,110,134,0,134
2004-10-13 15:00:00,16.7,78,3.6,100,163,0,163
2004-10-13 16:00:00,15.0,90,3.6,150,85,0,85
2004-10-13 17:00:00,13.9,100,0.0,0,32,0,32
2004-10-13 18:00:00,13.3,100,1.5,70,6,0,6
2004-10-13 19:00:00,13.3,97,1.5,100,0,0,0
2004-10-13 20:00:00,12.2,100,3.1,130,0,0,0
2004-10-13 21:00:00,12.2,97,1.5,120,0,0,0
2004-10-13 22:00:00,12.2,100,0.0,0,0,0,0
2004-10-13 23:00:00,12.8,96,0.0,0,0,0,0
2004-10-14 00:00:00,12.2,100,0.0,0,0,0,0
2004-10-14 01:00:00,12.8,100,0.0,0,0,0,0
2004-10-14 02:00:00,12.8,100,1.5,180,0,0,0
2004-10-14 03:00:00,13.3,100,1.5,200,0,0,0
2004-10-14 04:00:00,13.9,100,0.0,0,0,0,0
2004-10-14 05:00:00,13.9,100,0.0,0,0,0,0
2004-10-14 06:00:00,13.9,100,1.5,360,0,0,0
2004-10-14 07:00:00,13.3,100,0.0,0,0,0,0
2004-10-14 08:00:00,13.9,96,2.1,210,29,0,29
2004-10-14 09:00:00,13.3,100,2.6,230,71,0,71
2004-10-14 10:00:00,13.9,96,3.1,220,79,0,79
2004-10-14 11:00:00,13.9,96,2.6,210,94,0,94
2004-10-14 12:00:00,13.9,100,2.1,210,104,0,104
2004-10-14 13:00:00,13.9,100,2.6,220,107,0,107
2004-10-14 14:00:00,13.3,100,2.6,220,99,0,99
2004-10-14 15:00:00,13.3,100,3.1,220,84,0,84
2004-10-14 16:00:00,13.0,100,1.5,200,69,0,69
2004-10-14 17:00:00,13.3,97,2.1,210,63,0,63
2004-10-14 18:00:00,13.3,97,1.5,220,6,16,6
2004-10-14 19:00:00,13.0,94,1.5,220,0,0,0
2004-10-14 20:00:00,12.8,96,1.5,190,0,0,0
2004-10-14 21:00:00,12.8,93,1.5,280,0,0,0
2004-10-14 22:00:00,12.2,97,0.0,0,0,0,0
2004-10-14 23:00:00,11.7,100,1.5,70,0,0,0
2004-10-15 00:00:00,11.1,100,0.0,0,0,0,0
2004-10-15 01:00:00,11.1,100,0.0,0,0,0,0
2004-10-15 02:00:00,11.7,96,0.0,0,0,0,0
2004-10-15 03:00:00,11.7,100,0.0,0,0,0,0
2004-10-15 04:00:00,12.8,89,1.5,110,0,0,0
2004-10-15 05:00:00,13.3,87,1.5,110,0,0,0
2004-10-15 06:00:00,13.3,90,4.6,140,0,0,0
2004-10-15 07:00:00,12.2,90,3.1,260,0,0,0
2004-10-15 08:00:00,11.1,93,3.6,230,19,0,19
2004-10-15 09:00:00,10.0,86,4.1,230,57,0,57
2004-10-15 10:00:00,10.0,83,3.6,240,243,55,215
2004-10-15 11:00:00,10.6,74,4.1,240,170,0,170
2004-10-15 12:00:00,11.7,63,4.6,200,104,0,104
2004-10-15 13:00:00,11.7,61,6.2,240,185,6,181
2004-10-15 14:00:00,11.7,59,5.2,240,424,232,281
2004-10-15 15:00:00,10.6,65,4.1,240,90,0,90
2004-10-15 16:00:00,10.0,68,5.7,220,79,0,79
2004-10-15 17:00:00,9.4,74,6.7,230,63,0,63
2004-10-15 18:00:00,8.9,80,4.6,220,4,0,4
2004-10-15 19:00:00,8.3,90,5.7,220,0,0,0
2004-10-15 20:00:00,8.3,93,5.2,230,0,0,0
2004-10-15 21:00:00,8.3,93,4.6,230,0,0,0
2004-10-15 22:00:00,8.3,93,4.6,230,0,0,0
2004-10-15 23:00:00,8.3,93,3.6,220,0,0,0
2004-10-16 00:00:00,8.3,90,5.2,240,0,0,0
2004-10-16 01:00:00,8.3,80,3.1,230,0,0,0
2004-10-16 02:00:00,7.8,82,3.6,220,0,0,0
2004-10-16 03:00:00,7.8,86,3.1,220,0,0,0
2004-10-16 04:00:00,7.8,82,2.6,200,0,0,0
2004-10-16 05:00:00,7.8,82,3.1,210,0,0,0
2004-10-16 06:00:00,7.8,82,2.6,210,0,0,0
2004-10-16 07:00:00,7.0,93,2.6,200,0,0,0
2004-10-16 08:00:00,7.8,89,4.1,220,29,0,29
2004-10-16 09:00:00,8.3,90,3.6,220,129,0,129
2004-10-16 10:00:00,7.8,93,5.2,230,92,0,92
2004-10-16 11:00:00,8.3,90,2.6,210,113,0,113
2004-10-16 12:00:00,7.8,86,4.1,240,122,0,122
2004-10-16 13:00:00,7.8,89,4.6,190,131,0,131
2004-10-16 14:00:00,7.8,86,4.1,250,93,0,93
2004-10-16 15:00:00,8.3,63,5.7,270,465,449,235
2004-10-16 16:00:00,8.3,60,3.6,260,326,626,92
2004-10-16 17:00:00,6.7,65,3.1,250,147,424,60
2004-10-16 18:00:00,6.7,67,3.6,240,5,66,4
2004-10-16 19:00:00,6.7,70,2.6,200,0,0,0
2004-10-16 20:00:00,6.7,67,3.1,230,0,0,0
2004-10-16 21:00:00,7.2,57,4.6,250,0,0,0
2004-10-16 22:00:00,6.7,65,3.1,210,0,0,0
2004-10-16 23:00:00,6.7,62,3.1,210,0,0,0
2004-10-17 00:00:00,6.7,62,4.1,220,0,0,0
2004-10-17 01:00:00,7.2,60,4.1,240,0,0,0
2004-10-17 02:00:00,7.2,55,3.6,230,0,0,0
2004-10-17 03:00:00,6.7,57,4.1,240,0,0,0
2004-10-17 04:00:00,6.7,59,5.2,240,0,0,0
2004-10-17 05:00:00,6.7,59,5.7,240,0,0,0
2004-10-17 06:00:00,6.1,62,6.7,240,0,0,0
2004-10-17 07:00:00,5.6,64,6.2,240,0,0,0
2004-10-17 08:00:00,5.6,64,6.7,250,129,312,76
2004-10-17 09:00:00,6.7,57,4.1,250,308,594,104
2004-10-17 10:00:00,7.8,50,6.7,240,460,681,128
2004-10-17 11:00:00,9.4,43,4.6,240,566,739,130
2004-10-17 12:00:00,10.6,36,7.7,240,611,704,156
2004-10-17 13:00:00,11.7,34,4.1,240,613,683,170
2004-10-17 14:00:00,12.2,31,6.2,230,568,679,160
2004-10-17 15:00:00,12.8,30,4.6,250,464,667,127
2004-10-17 16:00:00,12.8,30,3.1,260,321,608,96
2004-10-17 17:00:00,12.2,30,3.6,260,142,406,60
2004-10-17 18:00:00,11.1,35,2.1,250,3,9,3
2004-10-17 19:00:00,10.0,36,1.5,200,0,0,0
2004-10-17 20:00:00,6.1,59,1.5,200,0,0,0
2004-10-17 21:00:00,5.0,67,0.0,0,0,0,0
2004-10-17 22:00:00,3.3,82,0.0,0,0,0,0
2004-10-17 23:00:00,3.3,82,1.5,210,0,0,0
2004-10-18 00:00:00,3.9,76,1.5,220,0,0,0
2004-10-18 01:00:00,2.2,85,0.0,0,0,0,0
2004-10-18 02:00:00,1.7,92,0.0,0,0,0,0
2004-10-18 03:00:00,0.6,96,0.0,0,0,0,0
2004-10-18 04:00:00,1.1,92,0.0,0,0,0,0
2004-10-18 05:00:00,1.1,96,0.0,0,0,0,0
2004-10-18 06:00:00,0.6,96,0.0,0,0,0,0
2004-10-18 07:00:00,0.6,96,0.0,0,0,0,0
2004-10-18 08:00:00,5.0,76,0.0,0,131,182,100
2004-10-18 09:00:00,7.8,73,1.5,360,180,76,154
2004-10-18 10:00:00,10.0,66,1.5,360,243,31,228
2004-10-18 11:00:00,12.2,57,2.1,10,245,12,238
2004-10-18 12:00:00,12.2,57,3.1,30,202,6,198
2004-10-18 13:00:00,12.8,62,3.6,40,173,0,173
2004-10-18 14:00:00,10.0,86,2.1,360,93,0,93
2004-10-18 15:00:00,7.8,100,2.1,40,78,0,78
2004-10-18 16:00:00,7.8,100,2.1,50,52,0,52
2004-10-18 17:00:00,9.4,97,0.0,0,26,0,26
2004-10-18 18:00:00,10.0,96,2.6,120,1,0,1
2004-10-18 19:00:00,11.1,97,3.6,160,0,0,0
2004-10-18 20:00:00,12.8,93,5.2,160,0,0,0
2004-10-18 21:00:00,13.3,97,5.7,170,0,0,0
2004-10-18 22:00:00,15.0,93,4.1,180,0,0,0
2004-10-18 23:00:00,15.6,90,2.1,190,0,0,0
2004-10-19 00:00:00,16.1,83,3.6,190,0,0,0
2004-10-19 01:00:00,16.1,87,3.6,240,0,0,0
2004-10-19 02:00:00,14.4,97,0.0,0,0,0,0
2004-10-19 03:00:00,13.3,100,1.5,130,0,0,0
2004-10-19 04:00:00,13.0,100,0.0,0,0,0,0
2004-10-19 05:00:00,12.2,100,0.0,0,0,0,0
2004-10-19 06:00:00,12.0,100,0.0,0,0,0,0
2004-10-19 07:00:00,12.2,100,0.0,0,0,0,0
2004-10-19 08:00:00,12.8,100,0.0,0,41,0,41
2004-10-19 09:00:00,13.9,100,0.0,0,50,0,50
2004-10-19 10:00:00,14.4,97,0.0,0,99,0,99
2004-10-19 11:00:00,15.6,96,1.5,170,107,0,107
2004-10-19 12:00:00,16.1,97,0.0,0,122,0,122
2004-10-19 13:00:00,17.2,93,2.1,190,179,0,179
2004-10-19 14:00:00,17.2,93,1.5,180,156,0,156
2004-10-19 15:00:00,17.8,90,1.5,220,95,0,95
2004-10-19 16:00:00,17.8,90,0.0,0,120,0,120
2004-10-19 17:00:00,17.8,93,1.5,130,65,11,63
2004-10-19 18:00:00,17.0,100,0.0,0,1,0,1
2004-10-19 19:00:00,16.1,100,1.5,70,0,0,0
2004-10-19 20:00:00,15.6,93,2.6,140,0,0,0
2004-10-19 21:00:00,15.0,93,2.1,110,0,0,0
2004-10-19 22:00:00,14.4,90,2.6,120,0,0,0
2004-10-19 23:00:00,14.0,88,4.1,120,0,0,0
2004-10-20 00:00:00,13.9,87,0.0,0,0,0,0
2004-10-20 01:00:00,13.3,90,2.6,110,0,0,0
2004-10-20 02:00:00,13.3,84,3.6,130,0,0,0
2004-10-20 03:00:00,12.8,86,2.1,120,0,0,0
2004-10-20 04:00:00,12.8,86,3.1,110,0,0,0
2004-10-20 05:00:00,12.2,86,2.1,120,0,0,0
2004-10-20 06:00:00,12.2,86,2.1,130,0,0,0
2004-10-20 07:00:00,12.2,86,4.1,100,0,0,0
2004-10-20 08:00:00,12.8,83,2.6,110,21,0,21
2004-10-20 09:00:00,12.8,86,3.1,130,159,51,142
2004-10-20 10:00:00,13.3,84,2.6,90,79,0,79
2004-10-20 11:00:00,14.4,81,2.1,50,113,0,113
2004-10-20 12:00:00,15.6,75,1.5,40,122,0,122
2004-10-20 13:00:00,16.0,77,2.1,30,107,0,107
2004-10-20 14:00:00,15.0,81,1.5,10,93,0,93
2004-10-20 15:00:00,14.4,90,1.5,40,73,0,73
2004-10-20 16:00:00,14.0,88,4.6,90,47,0,47
2004-10-20 17:00:00,13.3,87,3.1,70,30,0,30
2004-10-20 18:00:00,12.8,89,2.6,80,0,0,0
2004-10-20 19:00:00,12.8,86,1.5,60,0,0,0
2004-10-20 20:00:00,12.2,86,2.1,50,0,0,0
2004-10-20 21:00:00,12.2,86,2.1,40,0,0,0
2004-10-20 22:00:00,12.2,90,0.0,0,0,0,0
2004-10-20 23:00:00,12.2,90,0.0,0,0,0,0
2004-10-21 00:00:00,11.7,93,0.0,0,0,0,0
2004-10-21 01:00:00,11.7,89,1.5,70,0,0,0
2004-10-21 02:00:00,11.1,93,0.0,0,0,0,0
2004-10-21 03:00:00,11.1,97,1.5,130,0,0,0
2004-10-21 04:00:00,11.7,89,0.0,0,0,0,0
2004-10-21 05:00:00,11.1,97,0.0,0,0,0,0
2004-10-21 06:00:00,11.7,93,0.0,0,0,0,0
2004-10-21 07:00:00,11.1,97,0.0,0,0,0,0
2004-10-21 08:00:00,11.7,93,0.0,0,42,0,42
2004-10-21 09:00:00,11.7,93,1.5,30,65,0,65
2004-10-21 10:00:00,12.8,89,2.1,40,86,0,86
2004-10-21 11:00:00,13.9,83,1.5,330,164,0,164
2004-10-21 12:00:00,13.9,87,1.5,320,98,0,98
2004-10-21 13:00:00,14.4,87,2.1,340,208,6,205
2004-10-21 14:00:00,14.4,87,2.1,350,162,0,162
2004-10-21 15:00:00,15.0,83,2.1,360,100,0,100
2004-10-21 16:00:00,14.4,84,2.1,360,57,0,57
2004-10-21 17:00:00,13.9,87,2.6,360,43,0,43
2004-10-21 18:00:00,12.8,93,1.5,10,0,0,0
2004-10-21 19:00:00,12.8,93,1.5,20,0,0,0
2004-10-21 20:00:00,12.8,93,1.5,340,0,0,0
2004-10-21 21:00:00,12.2,93,2.6,10,0,0,0
2004-10-21 22:00:00,11.7,96,0.0,0,0,0,0
2004-10-21 23:00:00,11.1,100,0.0,0,0,0,0
2004-10-22 00:00:00,11.0,100,0.0,0,0,0,0
2004-10-22 01:00:00,11.0,100,1.5,10,0,0,0
2004-10-22 02:00:00,11.1,100,0.0,0,0,0,0
2004-10-22 03:00:00,11.1,100,0.0,0,0,0,0
2004-10-22 04:00:00,11.1,100,0.0,0,0,0,0
2004-10-22 05:00:00,11.1,97,1.5,350,0,0,0
2004-10-22 06:00:00,11.1,97,0.0,0,0,0,0
2004-10-22 07:00:00,10.6,100,0.0,0,0,0,0
2004-10-22 08:00:00,11.1,97,0.0,0,107,165,82
2004-10-22 09:00:00,12.2,90,1.5,20,189,127,147
2004-10-22 10:00:00,13.9,74,2.1,20,198,18,189
2004-10-22 11:00:00,15.6,72,2.6,10,510,497,228
2004-10-22 12:00:00,15.6,67,2.6,10,464,283,288
2004-10-22 13:00:00,16.7,65,3.1,60,363,96,303
2004-10-22 14:00:00,16.1,67,4.1,30,330,89,278
2004-10-22 15:00:00,16.1,62,3.1,80,201,29,186
2004-10-22 16:00:00,14.4,67,4.6,110,286,438,135
2004-10-22 17:00:00,12.8,74,3.6,100,115,324,58
2004-10-22 18:00:00,11.1,80,4.1,100,0,0,0
2004-10-22 19:00:00,10.6,83,3.6,110,0,0,0
2004-10-22 20:00:00,10.0,86,5.7,110,0,0,0
2004-10-22 21:00:00,10.0,83,3.6,110,0,0,0
2004-10-22 22:00:00,9.4,90,4.1,130,0,0,0
2004-10-22 23:00:00,9.4,86,5.7,140,0,0,0
2004-10-23 00:00:00,9.4,86,3.6,120,0,0,0
2004-10-23 01:00:00,9.4,86,2.6,100,0,0,0
2004-10-23 02:00:00,8.9,86,3.6,110,0,0,0
2004-10-23 03:00:00,8.9,86,3.1,100,0,0,0
2004-10-23 04:00:00,8.9,86,2.6,120,0,0,0
2004-10-23 05:00:00,8.3,90,3.1,110,0,0,0
2004-10-23 06:00:00,8.3,90,2.6,120,0,0,0
2004-10-23 07:00:00,8.3,90,3.6,110,0,0,0
2004-10-23 08:00:00,9.4,86,3.1,110,98,174,72
2004-10-23 09:00:00,11.1,80,3.1,120,255,420,120
2004-10-23 10:00:00,13.3,75,4.6,120,416,596,140
2004-10-23 11:00:00,15.0,67,4.1,120,491,515,201
2004-10-23 12:00:00,17.2,63,3.1,80,580,687,157
2004-10-23 13:00:00,17.2,60,2.6,110,589,569,236
2004-10-23 14:00:00,17.2,63,3.6,120,278,65,240
2004-10-23 15:00:00,16.7,65,3.6,80,251,65,220
2004-10-23 16:00:00,15.0,69,4.1,100,109,0,109
2004-10-23 17:00:00,13.3,75,3.1,120,55,0,55
2004-10-23 18:00:00,12.2,80,4.1,120,0,0,0
2004-10-23 19:00:00,12.2,77,3.1,110,0,0,0
2004-10-23 20:00:00,11.7,80,4.1,130,0,0,0
2004-10-23 21:00:00,12.2,77,3.6,130,0,0,0
2004-10-23 22:00:00,11.7,86,3.6,120,0,0,0
2004-10-23 23:00:00,11.7,86,2.1,150,0,0,0
2004-10-24 00:00:00,11.1,93,2.1,100,0,0,0
2004-10-24 01:00:00,11.1,97,3.1,150,0,0,0
2004-10-24 02:00:00,11.1,93,4.6,150,0,0,0
2004-10-24 03:00:00,11.1,97,4.1,160,0,0,0
2004-10-24 04:00:00,11.7,96,2.6,160,0,0,0
2004-10-24 05:00:00,11.7,100,2.1,160,0,0,0
2004-10-24 06:00:00,12.0,100,1.5,140,0,0,0
2004-10-24 07:00:00,12.2,100,2.1,170,0,0,0
2004-10-24 08:00:00,13.3,100,2.1,190,100,107,84
2004-10-24 09:00:00,13.3,100,2.1,160,88,0,88
2004-10-24 10:00:00,14.0,100,1.5,170,73,0,73
2004-10-24 11:00:00,14.4,100,1.5,200,88,0,88
2004-10-24 12:00:00,16.0,94,2.1,230,159,0,159
2004-10-24 13:00:00,18.9,78,0.0,0,565,431,300
2004-10-24 14:00:00,19.4,68,2.1,340,376,185,271
2004-10-24 15:00:00,19.4,66,2.1,320,267,88,225
2004-10-24 16:00:00,20.6,54,2.1,290,140,23,132
2004-10-24 17:00:00,20.0,55,1.5,270,92,148,67
2004-10-24 18:00:00,18.9,56,0.0,0,0,0,0
2004-10-24 19:00:00,15.0,75,0.0,0,0,0,0
2004-10-24 20:00:00,13.9,93,0.0,0,0,0,0
2004-10-24 21:00:00,11.7,100,0.0,0,0,0,0
2004-10-24 22:00:00,12.2,97,0.0,0,0,0,0
2004-10-24 23:00:00,11.1,100,0.0,0,0,0,0
2004-10-25 00:00:00,10.6,100,0.0,0,0,0,0
2004-10-25 01:00:00,8.9,100,0.0,0,0,0,0
2004-10-25 02:00:00,10.0,100,0.0,0,0,0,0
2004-10-25 03:00:00,10.6,100,0.0,0,0,0,0
2004-10-25 04:00:00,10.6,100,0.0,0,0,0,0
2004-10-25 05:00:00,10.0,100,0.0,0,0,0,0
2004-10-25 06:00:00,9.4,100,0.0,0,0,0,0
2004-10-25 07:00:00,10.0,100,0.0,0,0,0,0
2004-10-25 08:00:00,10.0,100,1.5,170,68,23,65
2004-10-25 09:00:00,10.0,100,1.5,190,110,0,110
2004-10-25 10:00:00,10.6,100,0.0,0,112,0,112
2004-10-25 11:00:00,10.6,100,0.0,0,139,0,139
2004-10-25 12:00:00,12.8,93,0.0,0,208,6,204
2004-10-25 13:00:00,14.0,77,1.5,350,387,156,292
2004-10-25 14:00:00,16.1,70,2.6,340,428,292,264
2004-10-25 15:00:00,16.1,72,2.6,30,278,130,217
2004-10-25 16:00:00,16.1,70,2.1,90,253,391,124
2004-10-25 17:00:00,15.0,75,1.5,40,103,273,59
2004-10-25 18:00:00,13.9,80,0.0,0,0,0,0
2004-10-25 19:00:00,11.7,89,1.5,70,0,0,0
2004-10-25 20:00:00,11.1,93,0.0,0,0,0,0
2004-10-25 21:00:00,9.4,100,0.0,0,0,0,0
2004-10-25 22:00:00,10.0,96,0.0,0,0,0,0
2004-10-25 23:00:00,8.9,100,0.0,0,0,0,0
2004-10-26 00:00:00,7.8,100,0.0,0,0,0,0
2004-10-26 01:00:00,6.1,100,0.0,0,0,0,0
2004-10-26 02:00:00,6.7,100,0.0,0,0,0,0
2004-10-26 03:00:00,6.1,100,0.0,0,0,0,0
2004-10-26 04:00:00,5.6,100,0.0,0,0,0,0
2004-10-26 05:00:00,4.0,100,0.0,0,0,0,0
2004-10-26 06:00:00,4.0,100,0.0,0,0,0,0
2004-10-26 07:00:00,3.9,100,0.0,0,0,0,0
2004-10-26 08:00:00,5.6,100,0.0,0,58,0,58
2004-10-26 09:00:00,8.0,100,0.0,0,169,77,145
2004-10-26 10:00:00,10.6,92,0.0,0,331,271,209
2004-10-26 11:00:00,13.3,84,1.5,320,511,576,194
2004-10-26 12:00:00,15.6,69,3.1,10,587,753,133
2004-10-26 13:00:00,16.7,62,2.1,20,577,701,153
2004-10-26 14:00:00,18.3,58,2.1,40,532,702,140
2004-10-26 15:00:00,17.2,58,2.1,50,428,642,131
2004-10-26 16:00:00,17.2,60,2.1,30,248,379,124
2004-10-26 17:00:00,16.7,60,2.1,360,106,350,51
2004-10-26 18:00:00,15.6,62,2.1,10,0,0,0
2004-10-26 19:00:00,14.4,67,2.1,20,0,0,0
2004-10-26 20:00:00,13.3,75,2.6,30,0,0,0
2004-10-26 21:00:00,12.8,80,1.5,60,0,0,0
2004-10-26 22:00:00,12.2,83,1.5,350,0,0,0
2004-10-26 23:00:00,11.7,89,2.1,30,0,0,0
2004-10-27 00:00:00,12.2,83,1.5,10,0,0,0
2004-10-27 01:00:00,12.2,83,1.5,360,0,0,0
2004-10-27 02:00:00,13.3,75,0.0,0,0,0,0
2004-10-27 03:00:00,13.9,69,1.5,40,0,0,0
2004-10-27 04:00:00,12.8,77,1.5,70,0,0,0
2004-10-27 05:00:00,13.3,75,2.1,130,0,0,0
2004-10-27 06:00:00,13.3,75,2.6,120,0,0,0
2004-10-27 07:00:00,12.8,77,2.6,150,0,0,0
2004-10-27 08:00:00,13.9,74,0.0,0,59,0,59
2004-10-27 09:00:00,15.0,69,1.5,130,88,0,88
2004-10-27 10:00:00,16.1,70,3.1,150,152,0,152
2004-10-27 11:00:00,15.6,75,0.0,0,95,0,95
2004-10-27 12:00:00,15.0,87,2.6,110,92,0,92
2004-10-27 13:00:00,15.6,83,1.5,110,167,0,167
2004-10-27 14:00:00,15.6,83,2.1,150,179,6,176
2004-10-27 15:00:00,16.1,78,2.1,80,67,0,67
2004-10-27 16:00:00,16.1,72,2.1,80,77,0,77
2004-10-27 17:00:00,16.1,72,0.0,0,36,0,36
2004-10-27 18:00:00,15.6,75,2.1,40,0,0,0
2004-10-27 19:00:00,15.0,75,2.1,80,0,0,0
2004-10-27 20:00:00,14.4,78,2.1,120,0,0,0
2004-10-27 21:00:00,14.4,75,1.5,90,0,0,0
2004-10-27 22:00:00,13.9,74,1.5,60,0,0,0
2004-10-27 23:00:00,13.9,74,1.5,30,0,0,0
2004-10-28 00:00:00,13.9,69,0.0,0,0,0,0
2004-10-28 01:00:00,13.9,69,0.0,0,0,0,0
2004-10-28 02:00:00,13.9,67,2.1,50,0,0,0
2004-10-28 03:00:00,13.9,67,3.1,90,0,0,0
2004-10-28 04:00:00,13.9,67,3.1,100,0,0,0
2004-10-28 05:00:00,13.0,72,1.5,100,0,0,0
2004-10-28 06:00:00,13.3,72,2.1,130,0,0,0
2004-10-28 07:00:00,13.3,72,2.6,120,0,0,0
2004-10-28 08:00:00,13.3,75,0.0,0,48,0,48
2004-10-28 09:00:00,13.3,75,3.1,110,81,0,81
2004-10-28 10:00:00,13.9,74,2.6,120,66,0,66
2004-10-28 11:00:00,15.0,75,3.1,150,145,0,145
2004-10-28 12:00:00,15.6,72,0.0,0,153,0,153
2004-10-28 13:00:00,16.1,72,1.5,40,208,6,205
2004-10-28 14:00:00,16.1,70,3.1,70,127,0,127
2004-10-28 15:00:00,16.7,70,2.6,60,89,0,89
2004-10-28 16:00:00,16.1,75,2.6,160,180,132,138
2004-10-28 17:00:00,15.6,80,0.0,0,48,5,47
2004-10-28 18:00:00,15.0,81,1.5,140,0,0,0
2004-10-28 19:00:00,14.4,81,0.0,0,0,0,0
2004-10-28 20:00:00,13.3,84,2.1,120,0,0,0
2004-10-28 21:00:00,12.2,90,2.1,160,0,0,0
2004-10-28 22:00:00,11.7,93,1.5,140,0,0,0
2004-10-28 23:00:00,11.1,97,0.0,0,0,0,0
2004-10-29 00:00:00,11.7,93,0.0,0,0,0,0
2004-10-29 01:00:00,10.0,100,0.0,0,0,0,0
2004-10-29 02:00:00,8.9,100,1.5,190,0,0,0
2004-10-29 03:00:00,10.0,100,0.0,0,0,0,0
2004-10-29 04:00:00,11.1,97,0.0,0,0,0,0
2004-10-29 05:00:00,11.7,93,0.0,0,0,0,0
2004-10-29 06:00:00,11.7,96,0.0,0,0,0,0
2004-10-29 07:00:00,11.7,100,0.0,0,0,0,0
2004-10-29 08:00:00,11.7,100,0.0,0,12,0,12
2004-10-29 09:00:00,12.8,100,0.0,0,44,0,44
2004-10-29 10:00:00,13.3,100,2.1,180,139,0,139
2004-10-29 11:00:00,17.0,88,2.6,220,215,12,208
2004-10-29 12:00:00,16.7,93,3.1,190,159,0,159
2004-10-29 13:00:00,16.7,93,2.1,200,95,0,95
2004-10-29 14:00:00,16.7,96,2.1,210,87,0,87
2004-10-29 15:00:00,16.7,100,2.6,220,66,0,66
2004-10-29 16:00:00,17.2,100,2.1,220,56,0,56
2004-10-29 17:00:00,17.2,100,1.5,300,16,0,16
2004-10-29 18:00:00,18.0,100,2.1,70,0,0,0
2004-10-29 19:00:00,17.8,100,1.5,230,0,0,0
2004-10-29 20:00:00,17.8,100,2.1,190,0,0,0
2004-10-29 21:00:00,18.0,100,2.6,200,0,0,0
2004-10-29 22:00:00,18.9,96,3.1,190,0,0,0
2004-10-29 23:00:00,19.4,93,3.6,200,0,0,0
2004-10-30 00:00:00,19.4,93,2.6,200,0,0,0
2004-10-30 01:00:00,20.0,90,2.1,200,0,0,0
2004-10-30 02:00:00,19.4,90,2.6,210,0,0,0
2004-10-30 03:00:00,19.4,87,1.5,190,0,0,0
2004-10-30 04:00:00,18.9,90,2.1,190,0,0,0
2004-10-30 05:00:00,19.4,87,3.1,190,0,0,0
2004-10-30 06:00:00,19.4,87,5.2,190,0,0,0
2004-10-30 07:00:00,20.0,84,3.1,210,0,0,0
2004-10-30 08:00:00,20.0,81,3.1,200,64,24,61
2004-10-30 09:00:00,21.1,76,3.1,210,104,0,104
2004-10-30 10:00:00,22.2,71,4.1,220,365,308,232
2004-10-30 11:00:00,22.8,66,5.7,200,278,73,239
2004-10-30 12:00:00,21.7,70,4.1,220,110,0,110
2004-10-30 13:00:00,20.0,81,3.1,210,95,0,95
2004-10-30 14:00:00,21.1,76,4.1,200,92,0,92
2004-10-30 15:00:00,23.3,64,4.1,210,299,218,202
2004-10-30 16:00:00,23.3,62,5.7,220,77,0,77
2004-10-30 17:00:00,22.8,64,5.7,220,39,0,39
2004-10-30 18:00:00,22.2,66,5.2,210,0,0,0
2004-10-30 19:00:00,21.7,68,4.1,220,0,0,0
2004-10-30 20:00:00,21.7,68,5.2,220,0,0,0
2004-10-30 21:00:00,21.5,67,5.2,220,0,0,0
2004-10-30 22:00:00,21.7,66,5.2,220,0,0,0
2004-10-30 23:00:00,21.7,66,5.2,230,0,0,0
2004-10-31 00:00:00,21.1,66,4.1,240,0,0,0
2004-10-31 01:00:00,20.6,47,4.6,250,0,0,0
2004-10-31 02:00:00,19.4,40,5.2,250,0,0,0
2004-10-31 03:00:00,18.9,40,3.6,250,0,0,0
2004-10-31 04:00:00,17.8,43,2.6,260,0,0,0
2004-10-31 05:00:00,16.1,51,2.6,270,0,0,0
2004-10-31 06:00:00,15.0,55,2.6,250,0,0,0
2004-10-31 07:00:00,13.9,62,1.5,250,0,0,0
2004-10-31 08:00:00,14.4,60,2.6,240,92,172,71
2004-10-31 09:00:00,15.0,60,4.6,240,224,405,107
2004-10-31 10:00:00,16.1,54,3.6,250,386,579,138
2004-10-31 11:00:00,16.7,53,3.1,250,499,704,128
2004-10-31 12:00:00,17.8,48,4.1,250,550,717,135
2004-10-31 13:00:00,18.3,47,6.7,240,553,689,152
2004-10-31 14:00:00,18.3,45,6.2,230,473,506,203
2004-10-31 15:00:00,17.8,45,5.2,240,310,241,204
2004-10-31 16:00:00,17.2,44,3.1,280,178,120,142
2004-10-31 17:00:00,16.7,46,2.1,320,50,31,46
2004-10-31 18:00:00,15.6,51,0.0,0,0,0,0
2004-10-31 19:00:00,15.0,53,0.0,0,0,0,0
2004-10-31 20:00:00,14.4,53,2.1,240,0,0,0
2004-10-31 21:00:00,13.9,53,1.5,240,0,0,0
2004-10-31 22:00:00,12.0,55,1.3,0,0,0,0
2004-10-31 23:00:00,10.1,68,1.1,210,0,0,0
2004-11-01 00:00:00,8.2,80,0.9,0,0,0,0
2000-11-01 01:00:00,6.3,85,0.6,0,0,0,0
2000-11-01 02:00:00,4.4,89,0.4,0,0,0,0
2000-11-01 03:00:00,2.5,96,0.2,0,0,0,0
2000-11-01 04:00:00,0.6,91,0.0,0,0,0,0
2000-11-01 05:00:00,0.0,95,1.5,60,0,0,0
2000-11-01 06:00:00,-0.6,100,0.0,0,0,0,0
2000-11-01 07:00:00,-1.7,100,0.0,0,0,0,0
2000-11-01 08:00:00,0.6,100,0.0,0,54,0,54
2000-11-01 09:00:00,3.3,89,0.0,0,232,463,100
2000-11-01 10:00:00,7.8,71,0.0,0,386,635,117
2000-11-01 11:00:00,10.0,58,1.5,350,493,686,134
2000-11-01 12:00:00,12.2,49,2.1,10,544,687,149
2000-11-01 13:00:00,14.4,40,3.1,30,553,713,141
2000-11-01 14:00:00,15.0,41,3.1,30,496,672,140
2000-11-01 15:00:00,15.6,37,3.6,30,376,564,130
2000-11-01 16:00:00,15.6,39,2.6,350,244,537,83
2000-11-01 17:00:00,13.9,40,2.6,10,84,325,41
2000-11-01 18:00:00,12.2,45,1.5,20,0,0,0
2000-11-01 19:00:00,11.7,46,0.0,0,0,0,0
2000-11-01 20:00:00,8.9,58,0.0,0,0,0,0
2000-11-01 21:00:00,7.8,65,0.0,0,0,0,0
2000-11-01 22:00:00,6.7,70,0.0,0,0,0,0
2000-11-01 23:00:00,5.0,79,0.0,0,0,0,0
2000-11-02 00:00:00,5.6,76,0.0,0,0,0,0
2000-11-02 01:00:00,4.4,83,0.0,0,0,0,0
2000-11-02 02:00:00,3.3,85,0.0,0,0,0,0
2000-11-02 03:00:00,2.2,92,0.0,0,0,0,0
2000-11-02 04:00:00,1.7,96,0.0,0,0,0,0
2000-11-02 05:00:00,1.7,100,0.0,0,0,0,0
2000-11-02 06:00:00,0.6,100,0.0,0,0,0,0
2000-11-02 07:00:00,0.0,100,0.0,0,0,0,0
2000-11-02 08:00:00,1.1,100,0.0,0,84,168,65
2000-11-02 09:00:00,5.0,82,0.0,0,225,438,102
2000-11-02 10:00:00,8.3,71,1.5,150,373,586,127
2000-11-02 11:00:00,12.8,57,0.0,0,481,656,141
2000-11-02 12:00:00,16.1,42,0.0,0,544,699,145
2000-11-02 13:00:00,18.3,20,0.0,0,553,725,137
2000-11-02 14:00:00,19.4,28,2.6,320,490,666,140
2000-11-02 15:00:00,20.0,21,2.1,30,370,476,165
2000-11-02 16:00:00,19.4,26,1.5,30,142,74,120
2000-11-02 17:00:00,17.2,30,2.1,50,61,106,47
2000-11-02 18:00:00,16.1,30,0.0,0,0,0,0
2000-11-02 19:00:00,14.4,34,0.0,0,0,0,0
2000-11-02 20:00:00,12.8,39,0.0,0,0,0,0
2000-11-02 21:00:00,11.1,46,0.0,0,0,0,0
2000-11-02 22:00:00,11.1,46,0.0,0,0,0,0
2000-11-02 23:00:00,9.4,56,0.0,0,0,0,0
2000-11-03 00:00:00,8.3,60,0.0,0,0,0,0
2000-11-03 01:00:00,8.3,58,0.0,0,0,0,0
2000-11-03 02:00:00,7.8,58,0.0,0,0,0,0
2000-11-03 03:00:00,7.2,68,0.0,0,0,0,0
2000-11-03 04:00:00,7.2,70,0.0,0,0,0,0
2000-11-03 05:00:00,7.8,68,0.0,0,0,0,0
2000-11-03 06:00:00,7.2,68,0.0,0,0,0,0
2000-11-03 07:00:00,7.2,70,0.0,0,0,0,0
2000-11-03 08:00:00,8.9,73,0.0,0,43,0,43
2000-11-03 09:00:00,10.0,63,1.5,50,38,0,38
2000-11-03 10:00:00,9.4,83,3.6,90,67,0,67
2000-11-03 11:00:00,11.7,96,2.1,230,177,6,174
2000-11-03 12:00:00,13.3,75,1.5,230,92,0,92
2000-11-03 13:00:00,17.2,52,1.5,230,202,12,195
2000-11-03 14:00:00,19.4,44,2.1,230,444,422,224
2000-11-03 15:00:00,19.4,42,3.1,230,353,441,165
2000-11-03 16:00:00,19.4,44,2.6,240,137,68,117
2000-11-03 17:00:00,18.3,47,2.1,210,52,75,43
2000-11-03 18:00:00,17.2,52,0.0,0,0,0,0
2000-11-03 19:00:00,16.1,58,0.0,0,0,0,0
2000-11-03 20:00:00,15.6,62,0.0,0,0,0,0
2000-11-03 21:00:00,14.4,70,0.0,0,0,0,0
2000-11-03 22:00:00,15.6,72,0.0,0,0,0,0
2000-11-03 23:00:00,13.9,77,0.0,0,0,0,0
2000-11-04 00:00:00,12.8,89,0.0,0,0,0,0
2000-11-04 01:00:00,11.1,89,0.0,0,0,0,0
2000-11-04 02:00:00,10.0,93,0.0,0,0,0,0
2000-11-04 03:00:00,11.1,93,1.5,220,0,0,0
2000-11-04 04:00:00,11.1,93,1.5,290,0,0,0
2000-11-04 05:00:00,8.9,100,0.0,0,0,0,0
2000-11-04 06:00:00,8.9,100,0.0,0,0,0,0
2000-11-04 07:00:00,7.2,100,1.5,220,0,0,0
2000-11-04 08:00:00,7.8,100,0.0,0,45,0,45
2000-11-04 09:00:00,8.9,100,0.0,0,53,0,53
2000-11-04 10:00:00,10.6,74,2.1,280,107,0,107
2000-11-04 11:00:00,10.6,68,0.0,0,133,0,133
2000-11-04 12:00:00,11.1,63,2.1,260,245,18,235
2000-11-04 13:00:00,12.2,54,3.1,240,333,102,275
2000-11-04 14:00:00,12.2,53,3.1,270,213,18,204
2000-11-04 15:00:00,12.8,48,4.1,290,254,129,199
2000-11-04 16:00:00,12.8,51,2.6,270,136,63,118
2000-11-04 17:00:00,12.2,50,3.1,240,55,110,42
2000-11-04 18:00:00,10.6,58,2.6,230,0,0,0
2000-11-04 19:00:00,10.0,61,1.5,240,0,0,0
2000-11-04 20:00:00,9.4,63,0.0,0,0,0,0
2000-11-04 21:00:00,7.2,76,1.5,360,0,0,0
2000-11-04 22:00:00,6.7,82,0.0,0,0,0,0
2000-11-04 23:00:00,6.7,79,1.5,210,0,0,0
2000-11-05 00:00:00,6.7,82,0.0,0,0,0,0
2000-11-05 01:00:00,5.6,85,0.0,0,0,0,0
2000-11-05 02:00:00,6.7,79,0.0,0,0,0,0
2000-11-05 03:00:00,6.7,79,0.0,0,0,0,0
2000-11-05 04:00:00,4.4,93,0.0,0,0,0,0
2000-11-05 05:00:00,2.8,100,0.0,0,0,0,0
2000-11-05 06:00:00,2.8,100,0.0,0,0,0,0
2000-11-05 07:00:00,3.3,100,0.0,0,0,0,0
2000-11-05 08:00:00,2.2,100,2.1,210,62,62,56
2000-11-05 09:00:00,5.6,85,0.0,0,213,414,101
2000-11-05 10:00:00,7.8,71,4.1,10,361,556,135
2000-11-05 11:00:00,8.9,66,2.6,10,437,529,170
2000-11-05 12:00:00,10.0,56,3.1,10,508,572,188
2000-11-05 13:00:00,10.6,50,2.6,360,476,485,204
2000-11-05 14:00:00,11.7,44,2.6,360,415,410,204
2000-11-05 15:00:00,11.7,42,3.6,360,369,576,128
2000-11-05 16:00:00,11.1,40,2.6,360,232,524,83
2000-11-05 17:00:00,9.4,45,2.6,360,62,194,39
2000-11-05 18:00:00,8.3,48,0.0,0,0,0,0
2000-11-05 19:00:00,7.8,50,0.0,0,0,0,0
2000-11-05 20:00:00,3.9,72,1.5,200,0,0,0
2000-11-05 21:00:00,3.9,69,0.0,0,0,0,0
2000-11-05 22:00:00,2.8,71,0.0,0,0,0,0
2000-11-05 23:00:00,1.7,84,0.0,0,0,0,0
2000-11-06 00:00:00,1.1,84,0.0,0,0,0,0
2000-11-06 01:00:00,0.6,87,0.0,0,0,0,0
2000-11-06 02:00:00,-0.6,96,1.5,80,0,0,0
2000-11-06 03:00:00,-1.1,100,0.0,0,0,0,0
2000-11-06 04:00:00,-2.2,100,0.0,0,0,0,0
2000-11-06 05:00:00,-1.7,100,1.5,20,0,0,0
2000-11-06 06:00:00,-1.1,91,1.5,60,0,0,0
2000-11-06 07:00:00,-1.1,91,1.5,350,0,0,0
2000-11-06 08:00:00,1.7,77,3.1,70,49,0,49
2000-11-06 09:00:00,5.0,67,1.5,50,206,402,99
2000-11-06 10:00:00,7.8,60,2.6,20,368,612,122
2000-11-06 11:00:00,9.4,43,2.1,20,450,559,170
2000-11-06 12:00:00,11.1,40,2.1,20,532,711,139
2000-11-06 13:00:00,13.3,32,1.5,10,535,725,132
2000-11-06 14:00:00,15.0,26,2.1,10,472,672,130
2000-11-06 15:00:00,15.6,24,3.1,10,369,622,111
2000-11-06 16:00:00,15.0,24,2.6,10,216,472,84
2000-11-06 17:00:00,13.3,24,2.1,10,68,276,36
2000-11-06 18:00:00,11.7,28,1.5,10,0,0,0
2000-11-06 19:00:00,8.9,39,0.0,0,0,0,0
2000-11-06 20:00:00,8.9,37,1.5,40,0,0,0
2000-11-06 21:00:00,8.9,33,1.5,80,0,0,0
2000-11-06 22:00:00,9.4,34,2.6,110,0,0,0
2000-11-06 23:00:00,10.0,36,2.6,120,0,0,0
2000-11-07 00:00:00,10.0,36,1.5,130,0,0,0
2000-11-07 01:00:00,10.6,33,2.6,110,0,0,0
2000-11-07 02:00:00,10.6,40,0.0,0,0,0,0
2000-11-07 03:00:00,10.0,50,2.1,140,0,0,0
2000-11-07 04:00:00,10.6,44,2.1,110,0,0,0
2000-11-07 05:00:00,11.1,44,3.1,110,0,0,0
2000-11-07 06:00:00,11.1,46,2.1,130,0,0,0
2000-11-07 07:00:00,10.6,63,0.0,0,0,0,0
2000-11-07 08:00:00,11.1,63,0.0,0,0,0,0
2000-11-07 09:00:00,10.0,83,0.0,0,38,0,38
2000-11-07 10:00:00,8.3,100,1.5,360,67,0,67
2000-11-07 11:00:00,9.4,100,0.0,0,76,0,76
2000-11-07 12:00:00,10.6,100,2.1,80,92,0,92
2000-11-07 13:00:00,12.2,100,0.0,0,89,0,89
2000-11-07 14:00:00,15.0,96,0.0,0,265,71,229
2000-11-07 15:00:00,15.6,96,0.0,0,138,0,138
2000-11-07 16:00:00,16.1,93,0.0,0,206,341,111
2000-11-07 17:00:00,15.6,90,0.0,0,60,191,39
2000-11-07 18:00:00,13.9,100,0.0,0,0,0,0
2000-11-07 19:00:00,14.4,97,0.0,0,0,0,0
2000-11-07 20:00:00,14.4,97,0.0,0,0,0,0
2000-11-07 21:00:00,13.3,100,1.5,60,0,0,0
2000-11-07 22:00:00,12.8,100,0.0,0,0,0,0
2000-11-07 23:00:00,12.2,100,0.0,0,0,0,0
2000-11-08 00:00:00,13.3,100,0.0,0,0,0,0
2000-11-08 01:00:00,12.8,100,0.0,0,0,0,0
2000-11-08 02:00:00,13.3,100,0.0,0,0,0,0
2000-11-08 03:00:00,12.8,100,0.0,0,0,0,0
2000-11-08 04:00:00,11.7,100,0.0,0,0,0,0
2000-11-08 05:00:00,11.7,100,0.0,0,0,0,0
2000-11-08 06:00:00,11.1,100,0.0,0,0,0,0
2000-11-08 07:00:00,11.1,100,0.0,0,0,0,0
2000-11-08 08:00:00,11.7,100,0.0,0,0,0,0
2000-11-08 09:00:00,12.8,100,1.5,360,62,0,62
2000-11-08 10:00:00,16.1,93,0.0,0,222,105,180
2000-11-08 11:00:00,17.2,87,2.1,30,171,6,168
2000-11-08 12:00:00,20.0,78,1.5,50,484,362,287
2000-11-08 13:00:00,21.1,66,1.5,270,279,66,243
2000-11-08 14:00:00,21.1,66,0.0,0,132,0,132
2000-11-08 15:00:00,21.1,63,1.5,90,165,23,155
2000-11-08 16:00:00,20.6,65,2.1,170,35,0,35
2000-11-08 17:00:00,19.4,70,2.1,150,11,0,11
2000-11-08 18:00:00,20.0,65,0.0,0,0,0,0
2000-11-08 19:00:00,17.8,78,3.1,150,0,0,0
2000-11-08 20:00:00,18.3,81,2.1,100,0,0,0
2000-11-08 21:00:00,16.1,100,2.6,120,0,0,0
2000-11-08 22:00:00,15.6,100,1.5,210,0,0,0
2000-11-08 23:00:00,16.1,100,3.6,140,0,0,0
2000-11-09 00:00:00,16.7,100,0.0,0,0,0,0
2000-11-09 01:00:00,16.7,100,0.0,0,0,0,0
2000-11-09 02:00:00,16.7,100,2.1,150,0,0,0
2000-11-09 03:00:00,16.7,100,0.0,0,0,0,0
2000-11-09 04:00:00,16.7,96,0.0,0,0,0,0
2000-11-09 05:00:00,16.7,96,0.0,0,0,0,0
2000-11-09 06:00:00,17.2,90,2.6,140,0,0,0
2000-11-09 07:00:00,17.2,90,3.1,150,0,0,0
2000-11-09 08:00:00,16.1,97,0.0,0,0,0,0
2000-11-09 09:00:00,17.2,93,2.6,190,46,0,46
2000-11-09 10:00:00,17.2,97,2.6,130,60,0,60
2000-11-09 11:00:00,18.3,90,3.6,150,184,12,178
2000-11-09 12:00:00,19.4,81,2.6,160,110,0,110
2000-11-09 13:00:00,20.6,75,5.7,170,131,0,131
2000-11-09 14:00:00,21.7,68,5.2,180,184,6,181
2000-11-09 15:00:00,21.1,71,6.2,180,104,0,104
2000-11-09 16:00:00,20.0,78,3.6,190,65,0,65
2000-11-09 17:00:00,19.4,79,7.2,170,45,116,32
2000-11-09 18:00:00,20.0,73,7.2,170,0,0,0
2000-11-09 19:00:00,19.4,73,6.2,170,0,0,0
2000-11-09 20:00:00,18.9,78,5.2,170,0,0,0
2000-11-09 21:00:00,18.9,81,9.3,160,0,0,0
2000-11-09 22:00:00,15.6,90,4.6,250,0,0,0
2000-11-09 23:00:00,11.7,83,5.2,210,0,0,0
2000-11-10 00:00:00,10.6,92,3.1,190,0,0,0
2000-11-10 01:00:00,10.0,93,5.2,220,0,0,0
2000-11-10 02:00:00,10.6,77,5.7,230,0,0,0
2000-11-10 03:00:00,9.4,77,4.6,230,0,0,0
2000-11-10 04:00:00,8.3,90,5.2,230,0,0,0
2000-11-10 05:00:00,7.8,93,4.6,230,0,0,0
2000-11-10 06:00:00,6.7,100,3.6,240,0,0,0
2000-11-10 07:00:00,6.1,93,4.1,240,0,0,0
2000-11-10 08:00:00,6.0,93,4.1,240,0,0,0
2000-11-10 09:00:00,5.6,100,4.1,230,70,0,70
2000-11-10 10:00:00,6.1,97,4.6,230,61,0,61
2000-11-10 11:00:00,6.1,100,5.2,240,76,0,76
2000-11-10 12:00:00,6.1,97,5.2,250,86,0,86
2000-11-10 13:00:00,6.1,97,5.7,240,89,0,89
2000-11-10 14:00:00,5.6,100,3.6,250,75,0,75
2000-11-10 15:00:00,5.6,96,4.1,270,60,0,60
2000-11-10 16:00:00,5.6,92,4.6,270,35,0,35
2000-11-10 17:00:00,5.6,89,4.6,270,24,0,24
2000-11-10 18:00:00,5.6,89,4.1,270,0,0,0
2000-11-10 19:00:00,5.6,85,6.2,260,0,0,0
2000-11-10 20:00:00,5.0,89,5.2,270,0,0,0
2000-11-10 21:00:00,5.0,93,6.2,270,0,0,0
2000-11-10 22:00:00,5.6,85,3.6,250,0,0,0
2000-11-10 23:00:00,5.6,85,4.1,260,0,0,0
2000-11-11 00:00:00,5.6,85,2.6,270,0,0,0
2000-11-11 01:00:00,5.6,85,3.6,270,0,0,0
2000-11-11 02:00:00,5.6,89,2.1,270,0,0,0
2000-11-11 03:00:00,5.6,89,1.5,270,0,0,0
2000-11-11 04:00:00,5.6,89,0.0,0,0,0,0
2000-11-11 05:00:00,5.6,89,0.0,0,0,0,0
2000-11-11 06:00:00,6.1,82,1.5,350,0,0,0
2000-11-11 07:00:00,6.1,79,1.5,330,0,0,0
2000-11-11 08:00:00,6.1,76,3.1,320,0,0,0
2000-11-11 09:00:00,6.1,76,2.6,320,211,498,88
2000-11-11 10:00:00,6.7,76,3.1,330,357,669,101
2000-11-11 11:00:00,7.8,71,2.1,330,470,754,108
2000-11-11 12:00:00,7.8,73,2.1,300,527,772,116
2000-11-11 13:00:00,8.3,68,2.6,310,529,778,112
2000-11-11 14:00:00,8.9,66,2.1,310,472,743,108
2000-11-11 15:00:00,10.0,61,1.5,320,367,698,91
2000-11-11 16:00:00,9.4,59,4.1,320,219,572,68
2000-11-11 17:00:00,8.3,65,1.5,340,57,273,30
2000-11-11 18:00:00,7.2,70,2.1,350,0,0,0
2000-11-11 19:00:00,6.1,76,0.0,0,0,0,0
2000-11-11 20:00:00,5.0,79,3.6,10,0,0,0
2000-11-11 21:00:00,3.9,86,2.6,20,0,0,0
2000-11-11 22:00:00,4.4,86,2.1,30,0,0,0
2000-11-11 23:00:00,4.4,83,2.1,20,0,0,0
2000-11-12 00:00:00,3.9,79,2.6,10,0,0,0
2000-11-12 01:00:00,3.9,82,0.0,0,0,0,0
2000-11-12 02:00:00,3.9,86,0.0,0,0,0,0
2000-11-12 03:00:00,3.9,86,3.1,30,0,0,0
2000-11-12 04:00:00,3.9,86,1.5,360,0,0,0
2000-11-12 05:00:00,3.3,89,2.1,360,0,0,0
2000-11-12 06:00:00,3.9,86,2.6,40,0,0,0
2000-11-12 07:00:00,3.9,86,3.1,60,0,0,0
2000-11-12 08:00:00,3.9,89,2.1,70,0,0,0
2000-11-12 09:00:00,3.9,89,1.5,80,63,0,63
2000-11-12 10:00:00,4.4,86,2.6,100,128,0,128
2000-11-12 11:00:00,6.7,82,2.1,110,184,12,179
2000-11-12 12:00:00,7.2,76,2.1,100,484,500,219
2000-11-12 13:00:00,8.3,71,1.5,350,499,635,162
2000-11-12 14:00:00,9.4,68,2.1,360,374,321,218
2000-11-12 15:00:00,9.4,68,2.1,360,318,422,152
2000-11-12 16:00:00,9.4,66,1.5,30,149,153,109
2000-11-12 17:00:00,9.4,68,0.0,0,33,38,29
2000-11-12 18:00:00,8.3,71,0.0,0,0,0,0
2000-11-12 19:00:00,6.7,82,0.0,0,0,0,0
2000-11-12 20:00:00,6.1,86,1.5,30,0,0,0
2000-11-12 21:00:00,5.6,89,1.5,30,0,0,0
2000-11-12 22:00:00,3.3,100,2.1,100,0,0,0
2000-11-12 23:00:00,3.9,96,0.0,0,0,0,0
2000-11-13 00:00:00,2.8,100,0.0,0,0,0,0
2000-11-13 01:00:00,1.7,100,1.5,190,0,0,0
2000-11-13 02:00:00,1.7,100,0.0,0,0,0,0
2000-11-13 03:00:00,1.7,100,0.0,0,0,0,0
2000-11-13 04:00:00,1.1,100,0.0,0,0,0,0
2000-11-13 05:00:00,0.6,100,0.0,0,0,0,0
2000-11-13 06:00:00,1.1,100,0.0,0,0,0,0
2000-11-13 07:00:00,2.2,100,0.0,0,0,0,0
2000-11-13 08:00:00,2.2,100,1.5,20,0,0,0
2000-11-13 09:00:00,4.4,97,0.0,0,32,0,32
2000-11-13 10:00:00,6.1,89,0.0,0,54,0,54
2000-11-13 11:00:00,7.8,79,2.1,200,102,0,102
2000-11-13 12:00:00,8.9,80,3.1,220,86,0,86
2000-11-13 13:00:00,11.1,63,2.1,210,309,120,246
2000-11-13 14:00:00,12.8,52,3.1,210,98,0,98
2000-11-13 15:00:00,11.0,76,2.1,210,60,0,60
2000-11-13 16:00:00,11.1,77,3.1,210,109,45,97
2000-11-13 17:00:00,11.1,77,2.6,210,10,0,10
2000-11-13 18:00:00,11.1,74,3.1,220,0,0,0
2000-11-13 19:00:00,11.1,74,2.1,220,0,0,0
2000-11-13 20:00:00,10.0,86,1.5,200,0,0,0
2000-11-13 21:00:00,9.4,97,0.0,0,0,0,0
2000-11-13 22:00:00,8.9,100,1.5,240,0,0,0
2000-11-13 23:00:00,8.3,100,0.0,0,0,0,0
2000-11-14 00:00:00,7.8,100,1.5,200,0,0,0
2000-11-14 01:00:00,7.2,100,1.5,210,0,0,0
2000-11-14 02:00:00,7.2,97,2.1,210,0,0,0
2000-11-14 03:00:00,7.2,90,2.6,220,0,0,0
2000-11-14 04:00:00,6.7,85,1.5,230,0,0,0
2000-11-14 05:00:00,6.7,82,2.1,240,0,0,0
2000-11-14 06:00:00,5.6,85,3.1,300,0,0,0
2000-11-14 07:00:00,3.9,82,3.6,290,0,0,0
2000-11-14 08:00:00,3.3,79,3.6,260,0,0,0
2000-11-14 09:00:00,3.3,75,4.1,240,174,257,114
2000-11-14 10:00:00,4.4,63,4.1,230,196,81,166
2000-11-14 11:00:00,4.4,55,4.6,240,255,79,218
2000-11-14 12:00:00,3.9,57,3.1,260,92,0,92
2000-11-14 13:00:00,3.9,55,4.1,270,184,6,181
2000-11-14 14:00:00,3.9,60,4.6,260,115,0,115
2000-11-14 15:00:00,2.8,78,3.6,260,60,0,60
2000-11-14 16:00:00,2.8,71,3.6,260,74,0,74
2000-11-14 17:00:00,2.8,75,2.6,260,23,0,23
2000-11-14 18:00:00,2.8,59,3.6,260,0,0,0
2000-11-14 19:00:00,2.8,59,2.6,250,0,0,0
2000-11-14 20:00:00,2.8,62,2.6,250,0,0,0
2000-11-14 21:00:00,2.2,68,4.1,240,0,0,0
2000-11-14 22:00:00,2.2,68,3.1,250,0,0,0
2000-11-14 23:00:00,1.7,74,4.1,240,0,0,0
2000-11-15 00:00:00,1.7,74,2.6,240,0,0,0
2000-11-15 01:00:00,1.1,84,3.6,240,0,0,0
2000-11-15 02:00:00,1.1,84,3.6,230,0,0,0
2000-11-15 03:00:00,1.1,84,5.2,230,0,0,0
2000-11-15 04:00:00,0.0,95,4.1,260,0,0,0
2000-11-15 05:00:00,0.6,83,3.6,250,0,0,0
2000-11-15 06:00:00,0.0,83,3.1,270,0,0,0
2000-11-15 07:00:00,0.0,87,4.1,280,0,0,0
2000-11-15 08:00:00,0.0,83,3.6,280,0,0,0
2000-11-15 09:00:00,0.0,79,4.1,270,64,0,64
2000-11-15 10:00:00,0.6,73,2.6,260,75,0,75
2000-11-15 11:00:00,0.6,76,3.1,270,102,0,102
2000-11-15 12:00:00,0.6,76,4.1,270,86,0,86
2000-11-15 13:00:00,1.1,70,3.6,260,107,0,107
2000-11-15 14:00:00,1.7,67,3.1,270,190,18,181
2000-11-15 15:00:00,3.3,60,2.6,300,241,182,171
2000-11-15 16:00:00,3.3,57,2.1,330,192,384,96
2000-11-15 17:00:00,2.2,62,0.0,0,48,233,27
2000-11-15 18:00:00,0.6,69,0.0,0,0,0,0
2000-11-15 19:00:00,0.0,76,2.1,210,0,0,0
2000-11-15 20:00:00,0.0,79,2.1,190,0,0,0
2000-11-15 21:00:00,0.0,76,1.5,190,0,0,0
2000-11-15 22:00:00,0.0,76,2.1,190,0,0,0
2000-11-15 23:00:00,0.0,76,1.5,200,0,0,0
2000-11-16 00:00:00,0.0,72,1.5,190,0,0,0
2000-11-16 01:00:00,-0.6,76,1.5,190,0,0,0
2000-11-16 02:00:00,-0.6,76,0.0,0,0,0,0
2000-11-16 03:00:00,-0.6,76,1.5,230,0,0,0
2000-11-16 04:00:00,-2.2,83,1.5,190,0,0,0
2000-11-16 05:00:00,-2.2,87,0.0,0,0,0,0
2000-11-16 06:00:00,-1.7,83,2.1,170,0,0,0
2000-11-16 07:00:00,-0.6,76,1.5,180,0,0,0
2000-11-16 08:00:00,2.2,59,0.0,0,0,0,0
2000-11-16 09:00:00,1.1,80,1.5,200,96,13,93
2000-11-16 10:00:00,3.9,60,2.1,200,109,0,109
2000-11-16 11:00:00,5.6,46,3.6,210,70,0,70
2000-11-16 12:00:00,6.7,47,5.2,220,117,0,117
2000-11-16 13:00:00,7.2,48,3.1,230,143,0,143
2000-11-16 14:00:00,7.8,50,4.1,230,132,0,132
2000-11-16 15:00:00,8.3,51,5.2,220,71,0,71
2000-11-16 16:00:00,8.3,53,4.1,210,74,0,74
2000-11-16 17:00:00,8.3,51,5.2,220,22,0,22
2000-11-16 18:00:00,8.3,53,5.2,200,0,0,0
2000-11-16 19:00:00,8.3,53,4.6,220,0,0,0
2000-11-16 20:00:00,8.3,58,4.1,220,0,0,0
2000-11-16 21:00:00,8.3,63,5.2,230,0,0,0
2000-11-16 22:00:00,8.3,68,5.7,240,0,0,0
2000-11-16 23:00:00,7.8,68,3.6,240,0,0,0
2000-11-17 00:00:00,7.8,71,4.1,230,0,0,0
2000-11-17 01:00:00,7.2,74,4.6,230,0,0,0
2000-11-17 02:00:00,7.2,76,3.6,220,0,0,0
2000-11-17 03:00:00,7.2,74,4.6,230,0,0,0
2000-11-17 04:00:00,6.7,76,3.6,240,0,0,0
2000-11-17 05:00:00,5.6,79,4.1,290,0,0,0
2000-11-17 06:00:00,3.9,82,2.6,250,0,0,0
2000-11-17 07:00:00,3.3,79,2.6,300,0,0,0
2000-11-17 08:00:00,2.2,74,5.7,260,0,0,0
2000-11-17 09:00:00,1.7,70,4.6,250,81,0,81
2000-11-17 10:00:00,1.7,70,4.1,260,54,0,54
2000-11-17 11:00:00,2.2,65,2.1,270,140,0,140
2000-11-17 12:00:00,2.0,73,3.1,270,117,0,117
2000-11-17 13:00:00,1.7,74,4.1,260,83,0,83
2000-11-17 14:00:00,1.1,70,4.6,290,75,0,75
2000-11-17 15:00:00,0.6,76,3.6,250,55,0,55
2000-11-17 16:00:00,0.6,76,4.6,240,59,0,59
2000-11-17 17:00:00,0.6,76,3.1,250,15,0,15
2000-11-17 18:00:00,0.0,79,4.1,260,0,0,0
2000-11-17 19:00:00,0.0,83,4.1,260,0,0,0
2000-11-17 20:00:00,-0.6,88,3.1,260,0,0,0
2000-11-17 21:00:00,-0.6,88,5.2,250,0,0,0
2000-11-17 22:00:00,-0.6,88,2.1,250,0,0,0
2000-11-17 23:00:00,-0.6,88,2.1,260,0,0,0
2000-11-18 00:00:00,-0.6,83,0.0,0,0,0,0
2000-11-18 01:00:00,-0.6,80,2.1,320,0,0,0
2000-11-18 02:00:00,-1.1,83,3.1,290,0,0,0
2000-11-18 03:00:00,-1.1,83,2.1,250,0,0,0
2000-11-18 04:00:00,-1.1,91,2.1,260,0,0,0
2000-11-18 05:00:00,-1.1,87,2.6,240,0,0,0
2000-11-18 06:00:00,-1.1,76,2.6,240,0,0,0
2000-11-18 07:00:00,-1.1,79,2.1,250,0,0,0
2000-11-18 08:00:00,-1.1,72,2.6,260,0,0,0
2000-11-18 09:00:00,-1.1,72,3.1,270,65,0,65
2000-11-18 10:00:00,-1.1,79,3.1,230,54,0,54
2000-11-18 11:00:00,-1.1,83,4.1,210,83,0,83
2000-11-18 12:00:00,-0.6,69,3.6,230,135,0,135
2000-11-18 13:00:00,-0.6,69,3.1,200,155,0,155
2000-11-18 14:00:00,-0.6,69,3.1,220,98,0,98
2000-11-18 15:00:00,-0.6,69,3.6,190,109,0,109
2000-11-18 16:00:00,-0.6,66,3.6,220,54,0,54
2000-11-18 17:00:00,-0.6,66,3.1,240,33,55,29
2000-11-18 18:00:00,-0.6,66,3.1,230,0,0,0
2000-11-18 19:00:00,-0.6,66,3.1,250,0,0,0
2000-11-18 20:00:00,-1.1,66,2.6,230,0,0,0
2000-11-18 21:00:00,-1.1,62,2.6,230,0,0,0
2000-11-18 22:00:00,-1.7,65,3.6,230,0,0,0
2000-11-18 23:00:00,-1.1,66,3.6,240,0,0,0
2000-11-19 00:00:00,-1.7,65,3.1,220,0,0,0
2000-11-19 01:00:00,-1.7,69,3.1,230,0,0,0
2000-11-19 02:00:00,-1.7,65,3.6,220,0,0,0
2000-11-19 03:00:00,-2.2,72,3.1,230,0,0,0
2000-11-19 04:00:00,-2.2,72,3.6,220,0,0,0
2000-11-19 05:00:00,-2.2,72,1.5,230,0,0,0
2000-11-19 06:00:00,-2.2,75,2.6,210,0,0,0
2000-11-19 07:00:00,-2.2,75,3.1,200,0,0,0
2000-11-19 08:00:00,-1.7,76,2.1,210,0,0,0
2000-11-19 09:00:00,-1.7,76,2.1,210,106,53,94
2000-11-19 10:00:00,-1.1,72,2.1,190,136,6,134
2000-11-19 11:00:00,-0.6,73,3.1,200,179,6,176
2000-11-19 12:00:00,0.0,69,2.6,200,246,54,218
2000-11-19 13:00:00,0.6,63,4.1,190,410,347,234
2000-11-19 14:00:00,1.1,61,2.6,220,396,475,177
2000-11-19 15:00:00,2.8,54,3.6,250,262,275,160
2000-11-19 16:00:00,2.2,56,3.1,220,171,394,77
2000-11-19 17:00:00,0.6,60,2.6,170,39,187,24
2000-11-19 18:00:00,0.0,60,2.1,190,0,0,0
2000-11-19 19:00:00,-2.8,79,2.1,140,0,0,0
2000-11-19 20:00:00,-2.2,72,0.0,0,0,0,0
2000-11-19 21:00:00,-2.8,76,1.5,160,0,0,0
2000-11-19 22:00:00,-3.3,82,2.1,200,0,0,0
2000-11-19 23:00:00,-1.1,68,2.6,190,0,0,0
2000-11-20 00:00:00,-0.6,69,1.5,200,0,0,0
2000-11-20 01:00:00,0.0,62,3.1,200,0,0,0
2000-11-20 02:00:00,1.7,53,4.1,210,0,0,0
2000-11-20 03:00:00,1.7,55,4.1,220,0,0,0
2000-11-20 04:00:00,1.1,61,2.6,200,0,0,0
2000-11-20 05:00:00,1.1,64,3.1,210,0,0,0
2000-11-20 06:00:00,1.7,64,3.6,210,0,0,0
2000-11-20 07:00:00,1.7,70,3.1,210,0,0,0
2000-11-20 08:00:00,2.2,78,3.1,210,0,0,0
2000-11-20 09:00:00,1.7,96,4.6,210,49,0,49
2000-11-20 10:00:00,1.0,99,4.6,220,205,137,157
2000-11-20 11:00:00,-1.0,100,5.2,270,102,0,102
2000-11-20 12:00:00,0.0,100,4.6,250,80,0,80
2000-11-20 13:00:00,1.1,88,4.6,270,321,162,240
2000-11-20 14:00:00,0.6,49,6.2,280,235,53,211
2000-11-20 15:00:00,0.6,41,7.7,250,180,47,163
2000-11-20 16:00:00,0.0,49,5.7,260,103,45,92
2000-11-20 17:00:00,-0.6,49,5.2,260,33,86,26
2000-11-20 18:00:00,-1.1,49,4.6,270,0,0,0
2000-11-20 19:00:00,-1.1,49,3.1,260,0,0,0
2000-11-20 20:00:00,-1.7,52,4.6,250,0,0,0
2000-11-20 21:00:00,-1.7,52,3.6,240,0,0,0
2000-11-20 22:00:00,-2.2,56,4.1,250,0,0,0
2000-11-20 23:00:00,-2.2,59,4.1,240,0,0,0
2000-11-21 00:00:00,-2.2,56,4.1,240,0,0,0
2000-11-21 01:00:00,-2.8,62,3.1,250,0,0,0
2000-11-21 02:00:00,-2.8,57,2.6,240,0,0,0
2000-11-21 03:00:00,-3.3,72,4.1,240,0,0,0
2000-11-21 04:00:00,-3.9,83,3.6,240,0,0,0
2000-11-21 05:00:00,-4.4,82,2.6,240,0,0,0
2000-11-21 06:00:00,-4.4,75,4.6,240,0,0,0
2000-11-21 07:00:00,-4.4,75,3.6,240,0,0,0
2000-11-21 08:00:00,-5.0,75,4.6,280,0,0,0
2000-11-21 09:00:00,-5.0,68,4.6,250,83,7,81
2000-11-21 10:00:00,-5.0,61,4.6,260,103,0,103
2000-11-21 11:00:00,-5.0,59,5.2,260,70,0,70
2000-11-21 12:00:00,-5.0,59,5.1,230,92,0,92
2000-11-21 13:00:00,-5.0,61,4.6,280,83,0,83
2000-11-21 14:00:00,-5.0,68,5.2,290,86,0,86
2000-11-21 15:00:00,-4.4,71,4.1,250,202,111,161
2000-11-21 16:00:00,-3.9,59,3.1,260,127,101,103
2000-11-21 17:00:00,-5.0,71,3.1,260,23,18,22
2000-11-21 18:00:00,-5.0,75,3.1,260,0,0,0
2000-11-21 19:00:00,-5.0,75,3.6,250,0,0,0
2000-11-21 20:00:00,-5.0,71,4.1,270,0,0,0
2000-11-21 21:00:00,-5.0,65,4.6,260,0,0,0
2000-11-21 22:00:00,-5.0,59,3.6,250,0,0,0
2000-11-21 23:00:00,-5.6,59,3.6,260,0,0,0
2000-11-22 00:00:00,-6.1,48,5.2,260,0,0,0
2000-11-22 01:00:00,-6.1,50,3.1,270,0,0,0
2000-11-22 02:00:00,-6.7,45,5.2,270,0,0,0
2000-11-22 03:00:00,-7.2,53,3.6,280,0,0,0
2000-11-22 04:00:00,-7.2,61,3.6,240,0,0,0
2000-11-22 05:00:00,-7.8,64,4.1,230,0,0,0
2000-11-22 06:00:00,-7.8,61,3.6,220,0,0,0
2000-11-22 07:00:00,-7.8,61,3.6,230,0,0,0
2000-11-22 08:00:00,-7.8,64,4.1,220,0,0,0
2000-11-22 09:00:00,-7.2,61,4.1,220,133,202,92
2000-11-22 10:00:00,-6.1,53,4.6,240,288,418,145
2000-11-22 11:00:00,-5.0,48,7.2,230,365,457,164
2000-11-22 12:00:00,-3.9,41,4.1,230,461,627,152
2000-11-22 13:00:00,-2.2,38,5.2,230,470,695,124
2000-11-22 14:00:00,-1.7,34,6.7,240,419,671,115
2000-11-22 15:00:00,-1.1,36,4.6,250,321,631,92
2000-11-22 16:00:00,-1.7,40,5.2,250,170,331,93
2000-11-22 17:00:00,-1.7,44,3.6,250,20,9,19
2000-11-22 18:00:00,-1.7,49,2.6,270,0,0,0
2000-11-22 19:00:00,-1.7,49,2.6,290,0,0,0
2000-11-22 20:00:00,-2.2,59,2.6,300,0,0,0
2000-11-22 21:00:00,-2.8,65,1.5,320,0,0,0
2000-11-22 22:00:00,-2.8,57,2.6,330,0,0,0
2000-11-22 23:00:00,-3.3,53,3.1,340,0,0,0
2000-11-23 00:00:00,-3.9,59,3.1,310,0,0,0
2000-11-23 01:00:00,-4.4,61,1.5,310,0,0,0
2000-11-23 02:00:00,-5.6,68,0.0,0,0,0,0
2000-11-23 03:00:00,-6.1,71,0.0,0,0,0,0
2000-11-23 04:00:00,-6.1,71,0.0,0,0,0,0
2000-11-23 05:00:00,-7.2,78,0.0,0,0,0,0
2000-11-23 06:00:00,-9.4,90,0.0,0,0,0,0
2000-11-23 07:00:00,-8.9,91,2.1,200,0,0,0
2000-11-23 08:00:00,-7.8,82,1.5,190,0,0,0
2000-11-23 09:00:00,-5.6,79,0.0,0,126,128,100
2000-11-23 10:00:00,-3.9,59,0.0,0,158,50,141
2000-11-23 11:00:00,-2.2,44,2.6,50,346,335,200
2000-11-23 12:00:00,-2.2,40,1.5,60,307,139,239
2000-11-23 13:00:00,-1.1,33,1.5,70,339,162,259
2000-11-23 14:00:00,-1.1,38,2.1,60,275,131,217
2000-11-23 15:00:00,-1.1,36,1.5,30,267,321,151
2000-11-23 16:00:00,-1.1,36,1.5,350,141,241,85
2000-11-23 17:00:00,-2.2,42,2.1,20,31,142,21
2000-11-23 18:00:00,-2.8,44,2.1,40,0,0,0
2000-11-23 19:00:00,-2.8,49,2.6,30,0,0,0
2000-11-23 20:00:00,-2.8,49,2.6,40,0,0,0
2000-11-23 21:00:00,-3.3,53,2.1,50,0,0,0
2000-11-23 22:00:00,-3.3,56,1.5,10,0,0,0
2000-11-23 23:00:00,-3.3,53,0.0,0,0,0,0
2000-11-24 00:00:00,-3.3,53,1.5,20,0,0,0
2000-11-24 01:00:00,-3.3,53,2.1,360,0,0,0
2000-11-24 02:00:00,-3.9,59,1.5,10,0,0,0
2000-11-24 03:00:00,-3.9,59,0.0,0,0,0,0
2000-11-24 04:00:00,-4.4,61,0.0,0,0,0,0
2000-11-24 05:00:00,-4.4,61,0.0,0,0,0,0
2000-11-24 06:00:00,-5.0,61,2.1,80,0,0,0
2000-11-24 07:00:00,-5.0,59,1.5,180,0,0,0
2000-11-24 08:00:00,-4.4,56,2.1,90,10,134,5
2000-11-24 09:00:00,-2.2,48,0.0,0,160,393,82
2000-11-24 10:00:00,-0.6,45,1.5,20,282,512,111
2000-11-24 11:00:00,2.8,37,1.5,30,397,647,118
2000-11-24 12:00:00,5.0,33,0.0,0,455,676,126
2000-11-24 13:00:00,5.6,30,1.5,300,470,719,117
2000-11-24 14:00:00,7.2,28,2.6,230,425,706,108
2000-11-24 15:00:00,7.8,27,1.5,230,310,596,97
2000-11-24 16:00:00,7.8,25,1.5,300,170,347,90
2000-11-24 17:00:00,6.7,26,0.0,0,25,62,21
2000-11-24 18:00:00,3.9,34,0.0,0,0,0,0
2000-11-24 19:00:00,2.2,38,0.0,0,0,0,0
2000-11-24 20:00:00,0.6,54,0.0,0,0,0,0
2000-11-24 21:00:00,1.7,48,1.5,50,0,0,0
2000-11-24 22:00:00,1.7,50,0.0,0,0,0,0
2000-11-24 23:00:00,1.7,50,0.0,0,0,0,0
2000-11-25 00:00:00,2.2,51,2.6,100,0,0,0
2000-11-25 01:00:00,2.8,49,2.1,100,0,0,0
2000-11-25 02:00:00,2.2,53,1.5,130,0,0,0
2000-11-25 03:00:00,3.3,52,4.1,100,0,0,0
2000-11-25 04:00:00,3.3,57,0.0,0,0,0,0
2000-11-25 05:00:00,3.9,57,2.1,70,0,0,0
2000-11-25 06:00:00,4.4,58,3.1,130,0,0,0
2000-11-25 07:00:00,4.4,58,0.0,0,0,0,0
2000-11-25 08:00:00,3.9,60,2.6,80,6,31,5
2000-11-25 09:00:00,5.6,58,2.6,50,102,95,83
2000-11-25 10:00:00,6.1,59,2.6,120,55,0,55
2000-11-25 11:00:00,6.1,73,2.1,110,77,0,77
2000-11-25 12:00:00,6.7,70,4.1,110,406,302,260
2000-11-25 13:00:00,6.7,67,3.6,110,238,54,212
2000-11-25 14:00:00,6.1,73,2.1,120,161,6,158
2000-11-25 15:00:00,6.1,73,7.7,130,169,58,148
2000-11-25 16:00:00,5.6,76,7.2,130,48,0,48
2000-11-25 17:00:00,4.4,86,4.1,120,8,0,8
2000-11-25 18:00:00,5.0,86,3.6,100,0,0,0
2000-11-25 19:00:00,6.7,79,2.6,140,0,0,0
2000-11-25 20:00:00,6.1,79,1.5,170,0,0,0
2000-11-25 21:00:00,6.7,76,5.2,200,0,0,0
2000-11-25 22:00:00,6.7,76,5.7,150,0,0,0
2000-11-25 23:00:00,7.2,70,3.6,200,0,0,0
2000-11-26 00:00:00,6.7,73,5.2,170,0,0,0
2000-11-26 01:00:00,6.1,79,4.6,150,0,0,0
2000-11-26 02:00:00,6.7,79,1.5,150,0,0,0
2000-11-26 03:00:00,6.7,79,3.1,140,0,0,0
2000-11-26 04:00:00,7.2,80,3.1,160,0,0,0
2000-11-26 05:00:00,6.7,89,3.6,130,0,0,0
2000-11-26 06:00:00,6.7,93,1.5,230,0,0,0
2000-11-26 07:00:00,6.7,96,1.5,180,0,0,0
2000-11-26 08:00:00,6.7,96,1.5,190,2,0,2
2000-11-26 09:00:00,7.8,89,3.1,220,43,0,43
2000-11-26 10:00:00,7.8,89,2.6,230,48,0,48
2000-11-26 11:00:00,8.0,87,2.6,200,77,0,77
2000-11-26 12:00:00,8.3,86,3.1,220,74,0,74
2000-11-26 13:00:00,8.9,80,4.1,250,77,0,77
2000-11-26 14:00:00,8.3,80,3.6,240,92,0,92
2000-11-26 15:00:00,8.3,80,5.2,230,54,0,54
2000-11-26 16:00:00,7.8,86,3.6,240,44,0,44
2000-11-26 17:00:00,7.0,100,2.1,210,14,0,14
2000-11-26 18:00:00,7.2,93,3.6,210,0,0,0
2000-11-26 19:00:00,6.7,96,4.1,220,0,0,0
2000-11-26 20:00:00,6.7,96,3.1,220,0,0,0
2000-11-26 21:00:00,6.7,96,4.1,240,0,0,0
2000-11-26 22:00:00,6.0,93,3.1,240,0,0,0
2000-11-26 23:00:00,6.1,89,3.6,250,0,0,0
2000-11-27 00:00:00,5.6,85,4.1,250,0,0,0
2000-11-27 01:00:00,5.0,89,4.6,230,0,0,0
2000-11-27 02:00:00,4.4,93,3.1,230,0,0,0
2000-11-27 03:00:00,4.4,93,3.6,230,0,0,0
2000-11-27 04:00:00,4.4,93,3.1,240,0,0,0
2000-11-27 05:00:00,4.4,93,3.6,250,0,0,0
2000-11-27 06:00:00,5.0,86,3.1,240,0,0,0
2000-11-27 07:00:00,4.4,93,3.6,230,0,0,0
2000-11-27 08:00:00,4.4,93,3.6,240,2,0,2
2000-11-27 09:00:00,4.4,93,3.6,230,43,0,43
2000-11-27 10:00:00,4.4,89,5.7,230,48,0,48
2000-11-27 11:00:00,4.4,93,4.1,230,64,0,64
2000-11-27 12:00:00,4.4,89,3.6,230,117,0,117
2000-11-27 13:00:00,4.0,93,4.1,230,77,0,77
2000-11-27 14:00:00,3.9,93,2.1,300,69,0,69
2000-11-27 15:00:00,4.4,89,0.0,0,82,0,82
2000-11-27 16:00:00,4.4,93,0.0,0,111,101,89
2000-11-27 17:00:00,5.0,89,0.0,0,22,31,20
2000-11-27 18:00:00,4.4,93,0.0,0,0,0,0
2000-11-27 19:00:00,5.0,89,2.1,230,0,0,0
2000-11-27 20:00:00,5.0,89,0.0,0,0,0,0
2000-11-27 21:00:00,4.4,93,0.0,0,0,0,0
2000-11-27 22:00:00,4.4,89,0.0,0,0,0,0
2000-11-27 23:00:00,4.4,89,0.0,0,0,0,0
2000-11-28 00:00:00,3.9,93,0.0,0,0,0,0
2000-11-28 01:00:00,4.4,89,2.1,210,0,0,0
2000-11-28 02:00:00,4.4,83,3.1,210,0,0,0
2000-11-28 03:00:00,3.3,82,1.5,200,0,0,0
2000-11-28 04:00:00,3.9,76,3.1,210,0,0,0
2000-11-28 05:00:00,5.0,70,4.6,230,0,0,0
2000-11-28 06:00:00,5.0,70,6.2,230,0,0,0
2000-11-28 07:00:00,5.0,70,5.7,240,0,0,0
2000-11-28 08:00:00,4.4,73,4.1,230,4,26,3
2000-11-28 09:00:00,4.4,73,5.2,230,96,89,79
2000-11-28 10:00:00,3.9,72,5.7,250,62,0,62
2000-11-28 11:00:00,3.3,72,3.6,240,77,0,77
2000-11-28 12:00:00,2.8,71,5.2,260,74,0,74
2000-11-28 13:00:00,2.2,74,4.1,240,77,0,77
2000-11-28 14:00:00,2.2,78,3.6,220,86,0,86
2000-11-28 15:00:00,2.8,65,4.1,250,141,18,135
2000-11-28 16:00:00,2.8,71,3.1,240,92,17,88
2000-11-28 17:00:00,2.2,71,2.1,200,16,0,16
2000-11-28 18:00:00,2.2,71,2.1,190,0,0,0
2000-11-28 19:00:00,1.1,77,2.6,200,0,0,0
2000-11-28 20:00:00,1.1,77,2.1,210,0,0,0
2000-11-28 21:00:00,0.6,83,1.5,200,0,0,0
2000-11-28 22:00:00,0.6,83,0.0,0,0,0,0
2000-11-28 23:00:00,-1.1,95,2.1,200,0,0,0
2000-11-29 00:00:00,0.0,91,2.1,210,0,0,0
2000-11-29 01:00:00,0.0,91,2.1,210,0,0,0
2000-11-29 02:00:00,1.1,80,2.1,210,0,0,0
2000-11-29 03:00:00,-0.6,91,0.0,0,0,0,0
2000-11-29 04:00:00,-2.2,95,0.0,0,0,0,0
2000-11-29 05:00:00,-1.1,91,0.0,0,0,0,0
2000-11-29 06:00:00,-1.7,91,0.0,0,0,0,0
2000-11-29 07:00:00,-2.8,96,0.0,0,0,0,0
2000-11-29 08:00:00,-1.7,96,0.0,0,4,79,3
2000-11-29 09:00:00,0.6,91,0.0,0,131,290,79
2000-11-29 10:00:00,5.0,73,0.0,0,278,407,148
2000-11-29 11:00:00,5.6,70,0.0,0,186,86,151
2000-11-29 12:00:00,5.6,73,0.0,0,74,0,74
2000-11-29 13:00:00,3.9,89,3.6,320,77,0,77
2000-11-29 14:00:00,3.3,97,2.1,40,69,0,69
2000-11-29 15:00:00,3.0,100,2.6,110,65,0,65
2000-11-29 16:00:00,3.9,96,1.5,160,43,0,43
2000-11-29 17:00:00,4.4,93,3.1,230,21,61,17
2000-11-29 18:00:00,4.4,89,2.6,200,0,0,0
2000-11-29 19:00:00,5.0,73,4.1,270,0,0,0
2000-11-29 20:00:00,4.4,73,5.7,250,0,0,0
2000-11-29 21:00:00,3.9,69,6.2,270,0,0,0
2000-11-29 22:00:00,3.0,74,3.1,270,0,0,0
2000-11-29 23:00:00,1.0,100,4.1,270,0,0,0
2000-11-30 00:00:00,0.6,100,2.6,240,0,0,0
2000-11-30 01:00:00,0.6,100,3.1,240,0,0,0
2000-11-30 02:00:00,0.6,96,2.6,240,0,0,0
2000-11-30 03:00:00,0.6,87,2.6,240,0,0,0
2000-11-30 04:00:00,0.0,95,4.1,240,0,0,0
2000-11-30 05:00:00,0.6,87,4.1,250,0,0,0
2000-11-30 06:00:00,0.6,91,3.1,250,0,0,0
2000-11-30 07:00:00,0.0,100,3.1,240,0,0,0
2000-11-30 08:00:00,0.6,96,3.1,250,1,0,1
2000-11-30 09:00:00,0.6,96,2.6,250,53,0,53
2000-11-30 10:00:00,1.0,100,2.6,250,70,0,70
2000-11-30 11:00:00,1.7,88,4.1,260,71,0,71
2000-11-30 12:00:00,2.0,87,4.1,270,105,0,105
2000-11-30 13:00:00,2.2,85,4.1,240,190,18,182
2000-11-30 14:00:00,2.2,85,3.1,250,69,0,69
2000-11-30 15:00:00,2.2,81,2.1,250,65,0,65
2000-11-30 16:00:00,2.2,81,2.6,260,77,6,76
2000-11-30 17:00:00,2.2,78,3.6,260,16,0,16
2000-11-30 18:00:00,1.7,84,4.1,270,0,0,0
2000-11-30 19:00:00,1.1,88,2.1,260,0,0,0
2000-11-30 20:00:00,1.1,88,2.1,240,0,0,0
2000-11-30 21:00:00,1.1,92,1.5,220,0,0,0
2000-11-30 22:00:00,3.1,92,1.9,210,0,0,0
2000-11-30 23:00:00,5.1,88,2.2,240,0,0,0
2000-12-01 00:00:00,7.1,87,2.6,300,0,0,0
1998-12-01 01:00:00,9.0,52,3.0,230,0,0,0
1998-12-01 02:00:00,11.0,63,3.4,230,0,0,0
1998-12-01 03:00:00,13.0,82,3.7,240,0,0,0
1998-12-01 04:00:00,15.0,77,4.1,250,0,0,0
1998-12-01 05:00:00,14.0,72,6.2,250,0,0,0
1998-12-01 06:00:00,13.0,72,5.1,250,0,0,0
1998-12-01 07:00:00,12.0,62,5.1,290,0,0,0
1998-12-01 08:00:00,10.0,71,5.1,300,3,62,2
1998-12-01 09:00:00,11.0,66,3.6,270,124,243,81
1998-12-01 10:00:00,11.0,62,5.1,260,251,458,107
1998-12-01 11:00:00,12.0,54,5.1,270,380,629,120
1998-12-01 12:00:00,13.0,44,6.2,270,450,731,108
1998-12-01 13:00:00,13.0,44,5.1,300,464,755,106
1998-12-01 14:00:00,14.0,38,4.1,290,396,665,108
1998-12-01 15:00:00,14.0,35,4.1,280,310,630,91
1998-12-01 16:00:00,14.0,32,3.6,290,154,396,67
1998-12-01 17:00:00,12.0,37,3.1,270,26,130,18
1998-12-01 18:00:00,10.0,39,2.1,270,0,0,0
1998-12-01 19:00:00,9.0,41,2.1,190,0,0,0
1998-12-01 20:00:00,8.0,44,2.6,200,0,0,0
1998-12-01 21:00:00,7.0,52,2.6,200,0,0,0
1998-12-01 22:00:00,6.0,55,2.6,190,0,0,0
1998-12-01 23:00:00,5.0,59,2.6,190,0,0,0
1998-12-02 00:00:00,5.0,64,2.1,200,0,0,0
1998-12-02 01:00:00,4.0,69,1.5,220,0,0,0
1998-12-02 02:00:00,3.0,68,1.5,200,0,0,0
1998-12-02 03:00:00,3.0,68,3.1,220,0,0,0
1998-12-02 04:00:00,6.0,60,2.1,230,0,0,0
1998-12-02 05:00:00,4.0,69,1.5,220,0,0,0
1998-12-02 06:00:00,3.0,68,0.0,0,0,0,0
1998-12-02 07:00:00,1.0,79,2.1,240,0,0,0
1998-12-02 08:00:00,2.0,80,2.6,190,3,81,2
1998-12-02 09:00:00,5.0,70,0.0,0,134,334,76
1998-12-02 10:00:00,9.0,53,3.6,200,272,590,88
1998-12-02 11:00:00,15.0,33,4.1,210,393,721,97
1998-12-02 12:00:00,16.0,24,5.1,220,456,773,97
1998-12-02 13:00:00,17.0,42,5.1,210,458,761,99
1998-12-02 14:00:00,18.0,42,6.2,200,407,724,95
1998-12-02 15:00:00,17.0,23,5.1,210,310,671,78
1998-12-02 16:00:00,17.0,23,5.1,220,169,508,57
1998-12-02 17:00:00,16.0,24,5.1,220,29,177,18
1998-12-02 18:00:00,13.0,32,4.1,220,0,0,0
1998-12-02 19:00:00,13.0,32,4.1,200,0,0,0
1998-12-02 20:00:00,13.0,32,3.1,220,0,0,0
1998-12-02 21:00:00,13.0,35,3.1,220,0,0,0
1998-12-02 22:00:00,12.0,40,2.6,210,0,0,0
1998-12-02 23:00:00,12.0,40,2.6,210,0,0,0
1998-12-03 00:00:00,13.0,44,4.1,200,0,0,0
1998-12-03 01:00:00,13.0,47,3.1,220,0,0,0
1998-12-03 02:00:00,13.0,47,2.1,220,0,0,0
1998-12-03 03:00:00,12.0,50,3.1,210,0,0,0
1998-12-03 04:00:00,12.0,50,5.1,200,0,0,0
1998-12-03 05:00:00,12.4,54,5.1,200,0,0,0
1998-12-03 06:00:00,12.7,58,5.1,210,0,0,0
1998-12-03 07:00:00,13.0,62,5.1,210,0,0,0
1998-12-03 08:00:00,13.7,61,5.1,210,2,45,2
1998-12-03 09:00:00,15.0,59,5.1,210,135,196,102
1998-12-03 10:00:00,16.0,59,5.1,220,98,0,98
1998-12-03 11:00:00,18.0,56,6.2,230,135,0,135
1998-12-03 12:00:00,18.0,56,7.7,230,160,0,160
1998-12-03 13:00:00,18.1,57,5.9,230,95,0,95
1998-12-03 14:00:00,18.0,59,4.1,230,75,0,75
1998-12-03 15:00:00,18.0,64,4.1,230,141,18,135
1998-12-03 16:00:00,18.0,64,5.1,220,77,6,76
1998-12-03 17:00:00,17.0,68,3.6,230,18,26,17
1998-12-03 18:00:00,17.0,68,3.1,220,0,0,0
1998-12-03 19:00:00,17.0,68,4.1,220,0,0,0
1998-12-03 20:00:00,17.0,72,4.1,210,0,0,0
1998-12-03 21:00:00,17.0,72,4.1,220,0,0,0
1998-12-03 22:00:00,17.0,72,5.1,230,0,0,0
1998-12-03 23:00:00,17.0,72,5.1,230,0,0,0
1998-12-04 00:00:00,18.0,68,5.1,220,0,0,0
1998-12-04 01:00:00,18.0,68,5.1,220,0,0,0
1998-12-04 02:00:00,17.0,77,2.6,220,0,0,0
1998-12-04 03:00:00,17.0,77,2.6,210,0,0,0
1998-12-04 04:00:00,17.0,72,2.6,220,0,0,0
1998-12-04 05:00:00,17.0,72,3.6,210,0,0,0
1998-12-04 06:00:00,18.0,68,3.6,220,0,0,0
1998-12-04 07:00:00,18.0,68,3.6,240,0,0,0
1998-12-04 08:00:00,17.0,77,6.2,240,1,0,1
1998-12-04 09:00:00,17.0,77,2.6,240,45,0,45
1998-12-04 10:00:00,18.0,73,4.1,210,70,0,70
1998-12-04 11:00:00,17.0,77,4.1,220,65,0,65
1998-12-04 12:00:00,17.0,82,3.1,220,74,0,74
1998-12-04 13:00:00,16.0,88,4.1,220,77,0,77
1998-12-04 14:00:00,16.0,88,3.1,210,149,6,147
1998-12-04 15:00:00,17.0,82,2.6,200,65,0,65
1998-12-04 16:00:00,16.0,88,2.6,220,58,0,58
1998-12-04 17:00:00,15.0,100,1.5,210,16,4,15
1998-12-04 18:00:00,15.0,94,1.5,200,0,0,0
1998-12-04 19:00:00,14.0,100,2.1,190,0,0,0
1998-12-04 20:00:00,14.0,100,1.5,190,0,0,0
1998-12-04 21:00:00,14.0,100,1.5,190,0,0,0
1998-12-04 22:00:00,15.0,88,2.1,190,0,0,0
1998-12-04 23:00:00,15.0,88,1.5,190,0,0,0
1998-12-05 00:00:00,17.0,72,3.1,200,0,0,0
1998-12-05 01:00:00,16.0,77,1.5,210,0,0,0
1998-12-05 02:00:00,16.0,72,1.5,210,0,0,0
1998-12-05 03:00:00,16.0,72,0.0,0,0,0,0
1998-12-05 04:00:00,15.0,72,0.0,0,0,0,0
1998-12-05 05:00:00,13.0,82,0.0,0,0,0,0
1998-12-05 06:00:00,13.0,77,0.0,0,0,0,0
1998-12-05 07:00:00,13.0,88,0.0,0,0,0,0
1998-12-05 08:00:00,12.0,88,2.6,180,1,38,1
1998-12-05 09:00:00,14.0,72,2.6,130,128,183,98
1998-12-05 10:00:00,17.0,59,2.1,170,112,0,112
1998-12-05 11:00:00,19.0,52,3.6,200,136,0,136
1998-12-05 12:00:00,20.0,53,3.6,210,204,24,193
1998-12-05 13:00:00,21.0,53,3.6,180,167,6,164
1998-12-05 14:00:00,20.0,53,5.1,190,98,0,98
1998-12-05 15:00:00,17.0,72,5.1,200,54,0,54
1998-12-05 16:00:00,18.0,68,5.1,220,29,0,29
1998-12-05 17:00:00,16.0,77,4.1,210,26,73,21
1998-12-05 18:00:00,15.0,82,2.6,200,0,0,0
1998-12-05 19:00:00,14.0,88,2.6,190,0,0,0
1998-12-05 20:00:00,14.0,88,2.1,190,0,0,0
1998-12-05 21:00:00,14.4,85,2.6,200,0,0,0
1998-12-05 22:00:00,15.0,82,3.1,210,0,0,0
1998-12-05 23:00:00,15.0,82,2.6,190,0,0,0
1998-12-06 00:00:00,16.0,82,2.6,210,0,0,0
1998-12-06 01:00:00,16.0,82,3.1,200,0,0,0
1998-12-06 02:00:00,16.0,88,2.6,220,0,0,0
1998-12-06 03:00:00,16.0,88,2.6,220,0,0,0
1998-12-06 04:00:00,16.0,88,3.1,200,0,0,0
1998-12-06 05:00:00,17.0,82,2.6,210,0,0,0
1998-12-06 06:00:00,17.0,82,4.1,200,0,0,0
1998-12-06 07:00:00,17.0,82,3.1,200,0,0,0
1998-12-06 08:00:00,18.0,88,4.1,190,1,31,1
1998-12-06 09:00:00,19.0,78,4.1,210,102,163,75
1998-12-06 10:00:00,20.0,78,4.1,220,162,101,131
1998-12-06 11:00:00,21.0,69,4.1,210,116,0,116
1998-12-06 12:00:00,22.0,60,4.1,230,191,18,183
1998-12-06 13:00:00,22.0,60,5.1,220,292,144,225
1998-12-06 14:00:00,23.0,57,4.1,210,287,160,219
1998-12-06 15:00:00,23.0,57,5.1,210,217,158,164
1998-12-06 16:00:00,22.0,60,6.7,200,139,312,72
1998-12-06 17:00:00,22.0,57,5.1,210,26,150,17
1998-12-06 18:00:00,21.0,56,4.1,200,0,0,0
1998-12-06 19:00:00,21.0,56,5.1,200,0,0,0
1998-12-06 20:00:00,21.0,56,5.1,200,0,0,0
1998-12-06 21:00:00,21.0,53,6.2,210,0,0,0
1998-12-06 22:00:00,20.0,56,5.1,200,0,0,0
1998-12-06 23:00:00,20.0,56,5.1,210,0,0,0
1998-12-07 00:00:00,18.0,64,4.1,210,0,0,0
1998-12-07 01:00:00,19.0,64,5.1,210,0,0,0
1998-12-07 02:00:00,19.0,64,5.1,210,0,0,0
1998-12-07 03:00:00,19.0,64,7.2,210,0,0,0
1998-12-07 04:00:00,19.0,64,7.7,210,0,0,0
1998-12-07 05:00:00,20.0,60,6.2,230,0,0,0
1998-12-07 06:00:00,20.0,60,6.2,230,0,0,0
1998-12-07 07:00:00,18.0,73,5.1,300,0,0,0
1998-12-07 08:00:00,17.0,88,5.1,210,0,0,0
1998-12-07 09:00:00,17.0,94,4.1,210,37,0,37
1998-12-07 10:00:00,17.0,88,5.1,230,42,0,42
1998-12-07 11:00:00,16.0,88,2.6,240,91,0,91
1998-12-07 12:00:00,16.0,94,3.6,200,74,0,74
1998-12-07 13:00:00,16.0,88,2.6,210,72,0,72
1998-12-07 14:00:00,13.0,88,3.1,10,69,0,69
1998-12-07 15:00:00,12.0,88,2.6,360,120,6,118
1998-12-07 16:00:00,12.0,88,5.1,360,43,0,43
1998-12-07 17:00:00,11.0,82,3.6,360,16,4,15
1998-12-07 18:00:00,10.0,93,4.1,350,0,0,0
1998-12-07 19:00:00,10.0,87,4.1,360,0,0,0
1998-12-07 20:00:00,9.0,87,4.1,10,0,0,0
1998-12-07 21:00:00,10.0,82,2.1,110,0,0,0
1998-12-07 22:00:00,9.0,87,2.6,360,0,0,0
1998-12-07 23:00:00,9.0,81,2.1,360,0,0,0
1998-12-08 00:00:00,9.0,93,0.0,0,0,0,0
1998-12-08 01:00:00,9.0,93,0.0,0,0,0,0
1998-12-08 02:00:00,9.0,93,1.5,180,0,0,0
1998-12-08 03:00:00,10.0,87,0.0,0,0,0,0
1998-12-08 04:00:00,10.0,93,0.0,0,0,0,0
1998-12-08 05:00:00,10.0,93,0.0,0,0,0,0
1998-12-08 06:00:00,10.0,93,0.0,0,0,0,0
1998-12-08 07:00:00,10.0,100,2.1,200,0,0,0
1998-12-08 08:00:00,10.0,100,0.0,0,0,0,0
1998-12-08 09:00:00,10.0,100,2.1,230,19,0,19
1998-12-08 10:00:00,13.0,94,3.6,190,42,0,42
1998-12-08 11:00:00,13.0,100,3.1,200,65,0,65
1998-12-08 12:00:00,14.0,94,2.1,240,74,0,74
1998-12-08 13:00:00,13.0,100,4.1,230,78,0,78
1998-12-08 14:00:00,11.0,94,5.1,340,69,0,69
1998-12-08 15:00:00,10.0,87,3.6,340,54,0,54
1998-12-08 16:00:00,9.0,87,3.6,350,29,0,29
1998-12-08 17:00:00,8.0,87,3.1,350,31,120,24
1998-12-08 18:00:00,7.0,87,5.1,360,0,0,0
1998-12-08 19:00:00,7.0,87,4.1,360,0,0,0
1998-12-08 20:00:00,7.0,81,2.6,360,0,0,0
1998-12-08 21:00:00,7.0,81,3.6,360,0,0,0
1998-12-08 22:00:00,6.0,87,3.1,10,0,0,0
1998-12-08 23:00:00,6.0,87,3.6,350,0,0,0
1998-12-09 00:00:00,6.0,81,3.6,360,0,0,0
1998-12-09 01:00:00,5.0,81,5.1,330,0,0,0
1998-12-09 02:00:00,5.0,75,4.1,360,0,0,0
1998-12-09 03:00:00,4.0,75,5.1,350,0,0,0
1998-12-09 04:00:00,4.0,69,4.1,350,0,0,0
1998-12-09 05:00:00,3.0,74,2.6,350,0,0,0
1998-12-09 06:00:00,3.0,68,3.1,320,0,0,0
1998-12-09 07:00:00,3.0,74,1.5,320,0,0,0
1998-12-09 08:00:00,3.0,74,0.0,0,0,0,0
1998-12-09 09:00:00,3.4,73,0.9,350,133,365,76
1998-12-09 10:00:00,4.1,69,1.7,330,254,574,86
1998-12-09 11:00:00,5.0,64,2.6,320,363,667,100
1998-12-09 12:00:00,7.0,56,2.1,270,414,653,120
1998-12-09 13:00:00,7.0,56,2.1,320,447,743,105
1998-12-09 14:00:00,8.0,48,3.6,300,391,694,98
1998-12-09 15:00:00,8.0,48,3.1,290,293,619,85
1998-12-09 16:00:00,7.0,48,2.6,280,164,346,89
1998-12-09 17:00:00,7.0,44,2.6,260,16,9,15
1998-12-09 18:00:00,6.0,47,1.5,250,0,0,0
1998-12-09 19:00:00,3.0,63,1.5,250,0,0,0
1998-12-09 20:00:00,3.0,63,1.5,240,0,0,0
1998-12-09 21:00:00,1.0,79,2.1,190,0,0,0
1998-12-09 22:00:00,0.0,85,0.0,0,0,0,0
1998-12-09 23:00:00,-1.0,85,0.0,0,0,0,0
1998-12-10 00:00:00,0.0,92,0.0,0,0,0,0
1998-12-10 01:00:00,0.0,92,0.0,0,0,0,0
1998-12-10 02:00:00,-1.0,100,0.0,0,0,0,0
1998-12-10 03:00:00,-1.0,100,0.0,0,0,0,0
1998-12-10 04:00:00,-3.0,92,0.0,0,0,0,0
1998-12-10 05:00:00,-2.0,85,2.1,190,0,0,0
1998-12-10 06:00:00,-3.0,84,2.1,200,0,0,0
1998-12-10 07:00:00,-2.0,85,2.1,10,0,0,0
1998-12-10 08:00:00,-2.0,92,0.0,0,0,0,0
1998-12-10 09:00:00,-1.0,92,2.1,200,67,22,64
1998-12-10 10:00:00,1.0,79,0.0,0,255,417,134
1998-12-10 11:00:00,5.0,59,0.0,0,356,643,105
1998-12-10 12:00:00,6.0,55,2.6,190,420,695,108
1998-12-10 13:00:00,8.0,44,3.6,230,435,719,106
1998-12-10 14:00:00,8.0,44,3.1,230,391,540,163
1998-12-10 15:00:00,8.0,41,2.6,230,158,58,138
1998-12-10 16:00:00,7.0,44,2.6,220,87,17,83
1998-12-10 17:00:00,6.0,47,2.6,240,18,30,16
1998-12-10 18:00:00,6.0,47,3.1,240,0,0,0
1998-12-10 19:00:00,5.0,50,3.1,240,0,0,0
1998-12-10 20:00:00,5.0,50,2.6,240,0,0,0
1998-12-10 21:00:00,4.0,54,2.1,220,0,0,0
1998-12-10 22:00:00,4.0,59,3.1,220,0,0,0
1998-12-10 23:00:00,4.0,64,3.1,240,0,0,0
1998-12-11 00:00:00,4.0,69,2.6,210,0,0,0
1998-12-11 01:00:00,4.0,69,2.1,220,0,0,0
1998-12-11 02:00:00,3.0,68,2.1,220,0,0,0
1998-12-11 03:00:00,2.0,80,2.6,240,0,0,0
1998-12-11 04:00:00,2.0,80,2.6,210,0,0,0
1998-12-11 05:00:00,2.0,80,3.6,250,0,0,0
1998-12-11 06:00:00,2.0,80,2.6,310,0,0,0
1998-12-11 07:00:00,2.0,87,2.1,210,0,0,0
1998-12-11 08:00:00,1.0,86,2.1,220,0,0,0
1998-12-11 09:00:00,1.0,86,1.5,210,106,238,70
1998-12-11 10:00:00,3.0,81,2.1,220,248,531,95
1998-12-11 11:00:00,3.0,74,2.1,230,357,656,101
1998-12-11 12:00:00,5.1,59,2.6,240,414,671,114
1998-12-11 13:00:00,7.0,48,3.1,240,430,701,109
1998-12-11 14:00:00,8.0,41,3.1,250,396,724,92
1998-12-11 15:00:00,8.0,41,3.1,280,299,543,116
1998-12-11 16:00:00,6.0,36,3.1,310,120,173,83
1998-12-11 17:00:00,6.0,36,3.1,330,10,0,10
1998-12-11 18:00:00,5.0,39,0.0,0,0,0,0
1998-12-11 19:00:00,2.0,48,0.0,0,0,0,0
1998-12-11 20:00:00,1.0,56,0.0,0,0,0,0
1998-12-11 21:00:00,0.0,72,0.0,0,0,0,0
1998-12-11 22:00:00,0.0,72,0.0,0,0,0,0
1998-12-11 23:00:00,-1.0,78,0.0,0,0,0,0
1998-12-12 00:00:00,0.0,78,2.1,40,0,0,0
1998-12-12 01:00:00,0.0,78,2.1,20,0,0,0
1998-12-12 02:00:00,0.0,78,2.1,180,0,0,0
1998-12-12 03:00:00,0.0,78,0.0,0,0,0,0
1998-12-12 04:00:00,0.0,78,0.0,0,0,0,0
1998-12-12 05:00:00,-1.0,85,0.0,0,0,0,0
1998-12-12 06:00:00,-1.0,92,0.0,0,0,0,0
1998-12-12 07:00:00,0.0,85,1.5,20,0,0,0
1998-12-12 08:00:00,0.0,92,0.0,0,0,0,0
1998-12-12 09:00:00,0.0,92,0.0,0,39,0,39
1998-12-12 10:00:00,2.0,87,0.0,0,99,0,99
1998-12-12 11:00:00,4.0,81,2.1,360,130,0,130
1998-12-12 12:00:00,5.0,64,0.0,0,124,0,124
1998-12-12 13:00:00,0.0,92,0.0,0,197,18,189
1998-12-12 14:00:00,8.0,44,0.0,0,126,0,126
1998-12-12 15:00:00,7.0,44,0.0,0,125,6,123
1998-12-12 16:00:00,7.0,44,0.0,0,82,11,79
1998-12-12 17:00:00,7.0,48,0.0,0,13,0,13
1998-12-12 18:00:00,6.0,60,3.1,180,0,0,0
1998-12-12 19:00:00,6.0,60,0.0,0,0,0,0
1998-12-12 20:00:00,6.0,60,0.0,0,0,0,0
1998-12-12 21:00:00,6.0,60,0.0,0,0,0,0
1998-12-12 22:00:00,5.0,64,0.0,0,0,0,0
1998-12-12 23:00:00,5.0,64,0.0,0,0,0,0
1998-12-13 00:00:00,4.0,75,0.0,0,0,0,0
1998-12-13 01:00:00,4.0,69,0.0,0,0,0,0
1998-12-13 02:00:00,3.0,74,0.0,0,0,0,0
1998-12-13 03:00:00,3.0,74,0.0,0,0,0,0
1998-12-13 04:00:00,3.0,74,0.0,0,0,0,0
1998-12-13 05:00:00,3.0,74,1.5,10,0,0,0
1998-12-13 06:00:00,3.0,74,3.1,10,0,0,0
1998-12-13 07:00:00,3.0,74,2.1,10,0,0,0
1998-12-13 08:00:00,5.0,81,3.6,20,0,0,0
1998-12-13 09:00:00,5.0,81,3.6,30,30,0,30
1998-12-13 10:00:00,5.0,81,3.6,30,78,0,78
1998-12-13 11:00:00,7.0,76,4.1,20,65,0,65
1998-12-13 12:00:00,7.0,76,3.1,30,68,0,68
1998-12-13 13:00:00,8.0,71,3.6,10,113,0,113
1998-12-13 14:00:00,7.0,81,2.6,20,75,0,75
1998-12-13 15:00:00,7.0,81,4.1,50,49,0,49
1998-12-13 16:00:00,7.0,76,3.6,10,43,0,43
1998-12-13 17:00:00,6.0,81,2.6,10,13,0,13
1998-12-13 18:00:00,6.0,81,4.1,360,0,0,0
1998-12-13 19:00:00,6.0,55,3.6,10,0,0,0
1998-12-13 20:00:00,5.0,55,3.1,360,0,0,0
1998-12-13 21:00:00,4.0,64,2.1,10,0,0,0
1998-12-13 22:00:00,3.0,68,2.1,360,0,0,0
1998-12-13 23:00:00,2.0,73,2.1,10,0,0,0
1998-12-14 00:00:00,1.0,72,2.1,360,0,0,0
1998-12-14 01:00:00,-1.0,85,2.1,10,0,0,0
1998-12-14 02:00:00,-2.0,92,0.0,0,0,0,0
1998-12-14 03:00:00,-2.0,92,0.0,0,0,0,0
1998-12-14 04:00:00,-2.0,92,0.0,0,0,0,0
1998-12-14 05:00:00,-2.0,92,0.0,0,0,0,0
1998-12-14 06:00:00,-2.0,92,0.0,0,0,0,0
1998-12-14 07:00:00,-2.0,100,0.0,0,0,0,0
1998-12-14 08:00:00,-3.0,100,0.0,0,0,0,0
1998-12-14 09:00:00,-1.0,100,0.0,0,70,37,64
1998-12-14 10:00:00,0.0,92,0.0,0,100,0,100
1998-12-14 11:00:00,0.0,85,2.1,70,123,0,123
1998-12-14 12:00:00,1.0,86,4.1,30,198,36,182
1998-12-14 13:00:00,3.0,74,1.5,50,334,264,214
1998-12-14 14:00:00,5.0,64,2.6,340,391,599,140
1998-12-14 15:00:00,5.0,55,3.6,350,294,630,82
1998-12-14 16:00:00,5.0,50,3.6,10,169,530,55
1998-12-14 17:00:00,3.0,58,3.6,10,29,182,18
1998-12-14 18:00:00,2.0,62,2.1,10,0,0,0
1998-12-14 19:00:00,2.0,62,0.0,0,0,0,0
1998-12-14 20:00:00,-1.0,78,1.5,290,0,0,0
1998-12-14 21:00:00,-1.0,78,2.6,210,0,0,0
1998-12-14 22:00:00,-2.0,85,1.5,200,0,0,0
1998-12-14 23:00:00,-2.0,78,2.1,190,0,0,0
1998-12-15 00:00:00,-2.0,85,2.1,170,0,0,0
1998-12-15 01:00:00,-4.0,92,1.5,190,0,0,0
1998-12-15 02:00:00,-3.0,84,1.5,180,0,0,0
1998-12-15 03:00:00,-4.0,92,0.0,0,0,0,0
1998-12-15 04:00:00,-4.0,84,0.0,0,0,0,0
1998-12-15 05:00:00,-5.0,84,0.0,0,0,0,0
1998-12-15 06:00:00,-5.0,92,0.0,0,0,0,0
1998-12-15 07:00:00,-5.0,92,0.0,0,0,0,0
1998-12-15 08:00:00,-5.0,92,0.0,0,0,0,0
1998-12-15 09:00:00,-3.0,92,0.0,0,100,242,66
1998-12-15 10:00:00,0.0,85,2.1,200,236,494,97
1998-12-15 11:00:00,4.0,69,2.6,220,364,711,92
1998-12-15 12:00:00,6.0,65,2.6,230,427,750,96
1998-12-15 13:00:00,8.0,52,2.6,200,430,707,109
1998-12-15 14:00:00,9.0,41,2.6,200,397,736,89
1998-12-15 15:00:00,9.0,41,2.6,210,299,654,79
1998-12-15 16:00:00,9.0,41,3.6,210,169,530,55
1998-12-15 17:00:00,6.0,51,3.6,210,32,199,19
1998-12-15 18:00:00,6.0,51,2.6,190,0,0,0
1998-12-15 19:00:00,4.0,54,3.6,200,0,0,0
1998-12-15 20:00:00,4.0,54,0.0,0,0,0,0
1998-12-15 21:00:00,2.0,62,4.1,190,0,0,0
1998-12-15 22:00:00,3.0,58,5.1,190,0,0,0
1998-12-15 23:00:00,3.0,63,2.1,220,0,0,0
1998-12-16 00:00:00,-1.0,78,2.1,220,0,0,0
1998-12-16 01:00:00,0.0,72,2.1,220,0,0,0
1998-12-16 02:00:00,-1.0,78,2.6,200,0,0,0
1998-12-16 03:00:00,0.0,72,2.6,190,0,0,0
1998-12-16 04:00:00,-1.0,78,0.0,0,0,0,0
1998-12-16 05:00:00,-2.0,85,0.0,0,0,0,0
1998-12-16 06:00:00,-3.0,92,2.6,200,0,0,0
1998-12-16 07:00:00,-3.0,84,2.6,210,0,0,0
1998-12-16 08:00:00,-1.0,85,3.6,220,0,0,0
1998-12-16 09:00:00,-1.0,92,3.1,220,111,324,66
1998-12-16 10:00:00,3.0,74,5.1,210,243,558,87
1998-12-16 11:00:00,5.0,55,5.1,200,345,632,104
1998-12-16 12:00:00,7.0,56,5.1,210,409,677,110
1998-12-16 13:00:00,8.0,52,5.1,220,418,671,114
1998-12-16 14:00:00,7.0,52,5.1,200,380,659,104
1998-12-16 15:00:00,8.0,48,5.1,220,300,654,79
1998-12-16 16:00:00,8.0,44,5.1,220,169,525,56
1998-12-16 17:00:00,7.0,48,5.1,220,30,170,19
1998-12-16 18:00:00,6.0,51,3.1,200,0,0,0
1998-12-16 19:00:00,6.0,47,4.1,210,0,0,0
1998-12-16 20:00:00,6.0,47,3.1,220,0,0,0
1998-12-16 21:00:00,6.0,47,3.6,220,0,0,0
1998-12-16 22:00:00,6.0,51,3.1,210,0,0,0
1998-12-16 23:00:00,6.0,60,4.1,250,0,0,0
1998-12-17 00:00:00,5.0,64,4.1,220,0,0,0
1998-12-17 01:00:00,3.0,74,4.1,230,0,0,0
1998-12-17 02:00:00,2.0,80,4.1,280,0,0,0
1998-12-17 03:00:00,2.0,80,3.1,230,0,0,0
1998-12-17 04:00:00,2.0,80,5.1,240,0,0,0
1998-12-17 05:00:00,2.0,80,4.1,240,0,0,0
1998-12-17 06:00:00,1.0,86,4.6,220,0,0,0
1998-12-17 07:00:00,1.4,87,3.9,240,0,0,0
1998-12-17 08:00:00,2.0,87,3.1,260,0,0,0
1998-12-17 09:00:00,1.8,91,3.6,250,20,0,20
1998-12-17 10:00:00,2.0,93,4.1,240,86,0,86
1998-12-17 11:00:00,2.0,87,5.1,290,163,12,158
1998-12-17 12:00:00,3.0,81,6.2,270,192,18,184
1998-12-17 13:00:00,2.0,80,4.1,350,197,24,186
1998-12-17 14:00:00,1.7,79,3.6,310,282,226,188
1998-12-17 15:00:00,1.0,79,3.1,270,278,438,130
1998-12-17 16:00:00,2.0,73,4.1,260,155,380,73
1998-12-17 17:00:00,2.0,67,4.1,270,22,52,18
1998-12-17 18:00:00,-1.0,100,5.1,280,0,0,0
1998-12-17 19:00:00,0.0,78,4.1,270,0,0,0
1998-12-17 20:00:00,0.0,72,4.1,260,0,0,0
1998-12-17 21:00:00,0.0,78,5.1,250,0,0,0
1998-12-17 22:00:00,0.0,78,5.1,270,0,0,0
1998-12-17 23:00:00,0.0,72,4.1,260,0,0,0
1998-12-18 00:00:00,-1.0,92,3.1,240,0,0,0
1998-12-18 01:00:00,-2.0,92,3.6,250,0,0,0
1998-12-18 02:00:00,-2.0,92,5.1,250,0,0,0
1998-12-18 03:00:00,-2.0,85,2.6,220,0,0,0
1998-12-18 04:00:00,-2.0,78,5.1,250,0,0,0
1998-12-18 05:00:00,-2.0,71,3.6,230,0,0,0
1998-12-18 06:00:00,-2.0,71,2.6,220,0,0,0
1998-12-18 07:00:00,-2.0,85,3.1,210,0,0,0
1998-12-18 08:00:00,-2.0,92,2.6,230,0,0,0
1998-12-18 09:00:00,-1.0,85,2.6,190,72,45,66
1998-12-18 10:00:00,0.0,78,3.6,190,158,95,131
1998-12-18 11:00:00,2.0,67,3.1,210,261,178,193
1998-12-18 12:00:00,3.0,58,4.1,210,322,284,198
1998-12-18 13:00:00,3.0,58,5.1,200,454,677,148
1998-12-18 14:00:00,3.0,53,3.1,200,409,778,84
1998-12-18 15:00:00,4.0,54,5.1,180,316,724,72
1998-12-18 16:00:00,3.8,48,4.1,180,179,570,56
1998-12-18 17:00:00,3.0,45,3.1,180,33,210,19
1998-12-18 18:00:00,1.0,56,2.6,160,0,0,0
1998-12-18 19:00:00,1.0,51,2.6,150,0,0,0
1998-12-18 20:00:00,3.0,41,5.1,200,0,0,0
1998-12-18 21:00:00,5.0,33,5.1,190,0,0,0
1998-12-18 22:00:00,6.0,28,3.1,200,0,0,0
1998-12-18 23:00:00,7.0,26,5.1,200,0,0,0
1998-12-19 00:00:00,8.0,32,4.1,190,0,0,0
1998-12-19 01:00:00,9.0,29,5.1,200,0,0,0
1998-12-19 02:00:00,9.0,29,4.6,190,0,0,0
1998-12-19 03:00:00,9.0,32,5.1,200,0,0,0
1998-12-19 04:00:00,10.0,28,6.2,200,0,0,0
1998-12-19 05:00:00,10.0,28,3.6,200,0,0,0
1998-12-19 06:00:00,9.0,29,3.6,210,0,0,0
1998-12-19 07:00:00,10.0,28,3.1,200,0,0,0
1998-12-19 08:00:00,9.0,27,4.1,190,0,0,0
1998-12-19 09:00:00,10.0,28,5.1,190,104,208,76
1998-12-19 10:00:00,11.0,26,3.6,210,194,241,128
1998-12-19 11:00:00,11.0,24,4.1,220,150,12,145
1998-12-19 12:00:00,11.0,26,3.6,220,180,12,175
1998-12-19 13:00:00,12.0,24,5.1,220,197,18,189
1998-12-19 14:00:00,12.0,26,4.1,210,178,24,169
1998-12-19 15:00:00,12.0,26,4.1,230,55,0,55
1998-12-19 16:00:00,12.0,31,3.6,220,58,0,58
1998-12-19 17:00:00,9.0,49,4.1,220,11,0,11
1998-12-19 18:00:00,8.0,52,3.6,250,0,0,0
1998-12-19 19:00:00,7.0,56,3.1,270,0,0,0
1998-12-19 20:00:00,6.0,60,1.5,30,0,0,0
1998-12-19 21:00:00,6.0,60,1.5,10,0,0,0
1998-12-19 22:00:00,5.0,64,0.0,0,0,0,0
1998-12-19 23:00:00,5.0,64,0.0,0,0,0,0
1998-12-20 00:00:00,4.0,100,0.0,0,0,0,0
1998-12-20 01:00:00,5.0,93,0.0,0,0,0,0
1998-12-20 02:00:00,5.0,93,0.0,0,0,0,0
1998-12-20 03:00:00,5.0,93,0.0,0,0,0,0
1998-12-20 04:00:00,5.0,93,0.0,0,0,0,0
1998-12-20 05:00:00,4.0,100,0.0,0,0,0,0
1998-12-20 06:00:00,4.0,100,0.0,0,0,0,0
1998-12-20 07:00:00,4.0,100,0.0,0,0,0,0
1998-12-20 08:00:00,6.0,87,0.0,0,0,0,0
1998-12-20 09:00:00,6.0,87,2.1,120,21,0,21
1998-12-20 10:00:00,7.0,87,2.1,190,101,0,101
1998-12-20 11:00:00,8.0,87,2.1,240,98,0,98
1998-12-20 12:00:00,8.0,87,0.0,0,105,0,105
1998-12-20 13:00:00,9.0,87,0.0,0,120,0,120
1998-12-20 14:00:00,11.0,82,0.0,0,184,24,174
1998-12-20 15:00:00,10.6,83,0.0,0,104,0,104
1998-12-20 16:00:00,10.0,87,0.0,0,92,45,82
1998-12-20 17:00:00,10.0,87,0.0,0,11,0,11
1998-12-20 18:00:00,9.0,87,0.0,0,0,0,0
1998-12-20 19:00:00,9.0,87,0.0,0,0,0,0
1998-12-20 20:00:00,10.0,82,0.0,0,0,0,0
1998-12-20 21:00:00,9.0,87,0.0,0,0,0,0
1998-12-20 22:00:00,9.5,87,0.0,0,0,0,0
1998-12-20 23:00:00,10.0,87,0.0,0,0,0,0
1998-12-21 00:00:00,9.0,93,0.0,0,0,0,0
1998-12-21 01:00:00,9.0,93,1.5,200,0,0,0
1998-12-21 02:00:00,10.0,87,1.5,210,0,0,0
1998-12-21 03:00:00,9.0,87,1.5,200,0,0,0
1998-12-21 04:00:00,8.0,93,0.0,0,0,0,0
1998-12-21 05:00:00,7.0,100,0.0,0,0,0,0
1998-12-21 06:00:00,8.0,93,3.1,160,0,0,0
1998-12-21 07:00:00,8.0,93,1.5,160,0,0,0
1998-12-21 08:00:00,10.0,76,2.6,210,0,0,0
1998-12-21 09:00:00,12.0,71,3.1,220,95,120,79
1998-12-21 10:00:00,14.0,59,4.1,200,58,0,58
1998-12-21 11:00:00,15.0,59,5.1,210,65,0,65
1998-12-21 12:00:00,17.0,52,4.1,200,124,0,124
1998-12-21 13:00:00,18.0,52,4.6,200,102,0,102
1998-12-21 14:00:00,19.0,52,5.1,200,127,0,127
1998-12-21 15:00:00,19.0,52,4.1,210,104,0,104
1998-12-21 16:00:00,16.0,72,2.6,210,58,0,58
1998-12-21 17:00:00,14.0,82,2.6,210,11,0,11
1998-12-21 18:00:00,16.0,68,2.6,200,0,0,0
1998-12-21 19:00:00,17.0,59,3.6,190,0,0,0
1998-12-21 20:00:00,18.0,56,6.2,200,0,0,0
1998-12-21 21:00:00,19.0,52,6.2,210,0,0,0
1998-12-21 22:00:00,19.0,52,7.7,220,0,0,0
1998-12-21 23:00:00,19.0,52,6.2,210,0,0,0
1998-12-22 00:00:00,20.0,49,6.2,200,0,0,0
1998-12-22 01:00:00,18.0,64,6.2,210,0,0,0
1998-12-22 02:00:00,10.0,87,5.1,300,0,0,0
1998-12-22 03:00:00,8.0,87,5.1,300,0,0,0
1998-12-22 04:00:00,6.0,81,4.1,330,0,0,0
1998-12-22 05:00:00,5.0,81,3.1,270,0,0,0
1998-12-22 06:00:00,2.0,93,3.6,280,0,0,0
1998-12-22 07:00:00,2.0,80,5.1,260,0,0,0
1998-12-22 08:00:00,1.0,79,5.1,290,0,0,0
1998-12-22 09:00:00,0.0,78,5.1,290,21,0,21
1998-12-22 10:00:00,-1.0,85,7.2,280,43,0,43
1998-12-22 11:00:00,-1.0,78,7.7,280,59,0,59
1998-12-22 12:00:00,-2.0,60,9.3,270,130,0,130
1998-12-22 13:00:00,-2.0,60,7.2,270,221,42,202
1998-12-22 14:00:00,-3.0,42,7.7,270,202,42,184
1998-12-22 15:00:00,-3.0,42,7.7,260,257,357,136
1998-12-22 16:00:00,-4.0,41,7.7,270,146,331,73
1998-12-22 17:00:00,-6.0,41,6.2,280,35,143,24
1998-12-22 18:00:00,-7.0,45,5.1,280,0,0,0
1998-12-22 19:00:00,-8.0,49,4.1,300,0,0,0
1998-12-22 20:00:00,-8.0,49,4.1,340,0,0,0
1998-12-22 21:00:00,-9.0,48,4.1,340,0,0,0
1998-12-22 22:00:00,-10.0,58,2.1,340,0,0,0
1998-12-22 23:00:00,-10.0,58,1.5,340,0,0,0
1998-12-23 00:00:00,-10.0,58,0.0,0,0,0,0
1998-12-23 01:00:00,-10.0,64,0.0,0,0,0,0
1998-12-23 02:00:00,-10.0,58,0.0,0,0,0,0
1998-12-23 03:00:00,-10.0,70,2.1,350,0,0,0
1998-12-23 04:00:00,-10.0,70,0.0,0,0,0,0
1998-12-23 05:00:00,-10.0,70,1.5,20,0,0,0
1998-12-23 06:00:00,-10.0,70,2.1,20,0,0,0
1998-12-23 07:00:00,-10.0,70,1.5,20,0,0,0
1998-12-23 08:00:00,-9.0,70,0.0,0,0,0,0
1998-12-23 09:00:00,-8.0,58,2.6,90,32,0,32
1998-12-23 10:00:00,-7.0,54,3.1,40,94,0,94
1998-12-23 11:00:00,-6.0,49,0.0,0,111,0,111
1998-12-23 12:00:00,-5.0,49,0.0,0,68,0,68
1998-12-23 13:00:00,-6.0,54,3.6,360,72,0,72
1998-12-23 14:00:00,-6.0,59,2.6,360,69,0,69
1998-12-23 15:00:00,-6.0,59,4.1,350,109,0,109
1998-12-23 16:00:00,-6.2,61,2.8,350,68,0,68
1998-12-23 17:00:00,-7.0,64,1.5,350,15,0,15
1998-12-23 18:00:00,-7.0,64,1.5,350,0,0,0
1998-12-23 19:00:00,-7.0,64,1.5,350,0,0,0
1998-12-23 20:00:00,-7.0,64,0.0,0,0,0,0
1998-12-23 21:00:00,-7.0,64,0.0,0,0,0,0
1998-12-23 22:00:00,-7.0,64,0.0,0,0,0,0
1998-12-23 23:00:00,-7.0,70,0.0,0,0,0,0
1998-12-24 00:00:00,-6.0,77,1.5,360,0,0,0
1998-12-24 01:00:00,-7.0,84,2.6,360,0,0,0
1998-12-24 02:00:00,-6.0,77,2.6,360,0,0,0
1998-12-24 03:00:00,-6.0,77,2.6,350,0,0,0
1998-12-24 04:00:00,-6.0,77,0.0,0,0,0,0
1998-12-24 05:00:00,-6.0,77,0.0,0,0,0,0
1998-12-24 06:00:00,-6.0,77,1.5,360,0,0,0
1998-12-24 07:00:00,-6.0,77,0.0,0,0,0,0
1998-12-24 08:00:00,-6.0,70,0.0,0,0,0,0
1998-12-24 09:00:00,-5.0,71,0.0,0,65,30,61
1998-12-24 10:00:00,-5.0,71,1.5,290,145,64,127
1998-12-24 11:00:00,-4.0,59,2.1,290,216,92,181
1998-12-24 12:00:00,-3.0,55,3.1,290,298,200,211
1998-12-24 13:00:00,-2.0,42,2.1,240,431,618,152
1998-12-24 14:00:00,-1.0,32,3.1,240,358,517,140
1998-12-24 15:00:00,0.0,30,3.6,250,290,573,94
1998-12-24 16:00:00,-1.0,35,2.6,260,166,449,66
1998-12-24 17:00:00,-2.0,35,3.1,260,35,190,21
1998-12-24 18:00:00,-3.0,42,3.6,230,0,0,0
1998-12-24 19:00:00,-3.5,43,3.4,230,0,0,0
1998-12-24 20:00:00,-4.0,45,3.1,230,0,0,0
1998-12-24 21:00:00,-4.0,45,2.6,220,0,0,0
1998-12-24 22:00:00,-4.0,45,2.1,240,0,0,0
1998-12-24 23:00:00,-6.0,59,2.6,190,0,0,0
1998-12-25 00:00:00,-6.0,59,2.1,190,0,0,0
1998-12-25 01:00:00,-7.0,64,0.0,0,0,0,0
1998-12-25 02:00:00,-8.0,70,0.0,0,0,0,0
1998-12-25 03:00:00,-8.0,77,2.1,210,0,0,0
1998-12-25 04:00:00,-9.0,77,2.1,210,0,0,0
1998-12-25 05:00:00,-10.0,91,2.1,220,0,0,0
1998-12-25 06:00:00,-10.0,76,1.5,210,0,0,0
1998-12-25 07:00:00,-11.0,91,2.6,180,0,0,0
1998-12-25 08:00:00,-11.0,84,1.5,200,0,0,0
1998-12-25 09:00:00,-11.0,84,0.0,0,109,311,69
1998-12-25 10:00:00,-9.0,84,0.0,0,232,523,91
1998-12-25 11:00:00,-6.0,77,1.5,220,353,700,91
1998-12-25 12:00:00,-4.0,54,1.5,230,429,769,93
1998-12-25 13:00:00,-3.0,46,4.1,230,443,768,95
1998-12-25 14:00:00,-1.0,32,3.1,200,404,737,94
1998-12-25 15:00:00,-3.0,35,3.1,210,301,632,84
1998-12-25 16:00:00,2.0,21,2.6,210,181,550,57
1998-12-25 17:00:00,-3.0,32,1.5,220,39,222,22
1998-12-25 18:00:00,-4.0,34,0.0,0,0,0,0
1998-12-25 19:00:00,-4.0,34,0.0,0,0,0,0
1998-12-25 20:00:00,-6.0,49,0.0,0,0,0,0
1998-12-25 21:00:00,-6.0,54,0.0,0,0,0,0
1998-12-25 22:00:00,-6.0,49,0.0,0,0,0,0
1998-12-25 23:00:00,-7.0,64,0.0,0,0,0,0
1998-12-26 00:00:00,-6.0,64,0.0,0,0,0,0
1998-12-26 01:00:00,-6.0,64,0.0,0,0,0,0
1998-12-26 02:00:00,-6.0,64,1.5,200,0,0,0
1998-12-26 03:00:00,-7.0,70,2.1,220,0,0,0
1998-12-26 04:00:00,-7.0,64,1.5,200,0,0,0
1998-12-26 05:00:00,-8.0,77,2.6,210,0,0,0
1998-12-26 06:00:00,-9.0,84,2.6,210,0,0,0
1998-12-26 07:00:00,-9.0,84,2.1,220,0,0,0
1998-12-26 08:00:00,-9.0,77,2.6,210,0,0,0
1998-12-26 09:00:00,-5.0,65,5.1,190,109,312,69
1998-12-26 10:00:00,-1.0,60,5.1,220,232,529,90
1998-12-26 11:00:00,0.0,60,4.1,210,340,645,99
1998-12-26 12:00:00,2.0,48,3.6,190,423,696,118
1998-12-26 13:00:00,3.0,41,6.2,200,413,606,139
1998-12-26 14:00:00,3.0,41,6.2,200,398,713,97
1998-12-26 15:00:00,3.1,40,5.1,230,301,620,88
1998-12-26 16:00:00,3.0,41,3.6,230,177,517,60
1998-12-26 17:00:00,2.0,44,3.6,230,42,233,24
1998-12-26 18:00:00,1.0,47,2.6,220,0,0,0
1998-12-26 19:00:00,1.0,47,1.5,210,0,0,0
1998-12-26 20:00:00,0.0,51,0.0,0,0,0,0
1998-12-26 21:00:00,-1.0,60,2.6,200,0,0,0
1998-12-26 22:00:00,-1.0,60,2.6,200,0,0,0
1998-12-26 23:00:00,-1.0,60,3.1,210,0,0,0
1998-12-27 00:00:00,-3.0,65,0.0,0,0,0,0
1998-12-27 01:00:00,-4.0,71,0.0,0,0,0,0
1998-12-27 02:00:00,-4.0,71,0.0,0,0,0,0
1998-12-27 03:00:00,-4.0,71,0.0,0,0,0,0
1998-12-27 04:00:00,-6.0,84,0.0,0,0,0,0
1998-12-27 05:00:00,-6.0,84,0.0,0,0,0,0
1998-12-27 06:00:00,-4.0,71,0.0,0,0,0,0
1998-12-27 07:00:00,-3.0,65,3.1,150,0,0,0
1998-12-27 08:00:00,0.0,55,2.6,150,0,0,0
1998-12-27 09:00:00,-1.0,66,2.6,120,55,0,55
1998-12-27 10:00:00,0.0,66,0.0,0,87,0,87
1998-12-27 11:00:00,5.0,39,2.6,140,131,0,131
1998-12-27 12:00:00,6.0,43,2.1,180,155,0,155
1998-12-27 13:00:00,8.0,37,3.1,200,324,234,217
1998-12-27 14:00:00,11.0,28,5.1,210,375,517,157
1998-12-27 15:00:00,11.0,24,5.1,220,252,316,143
1998-12-27 16:00:00,10.0,28,5.1,240,128,146,94
1998-12-27 17:00:00,8.0,32,3.1,200,37,165,24
1998-12-27 18:00:00,8.0,32,0.0,0,0,0,0
1998-12-27 19:00:00,7.0,34,0.0,0,0,0,0
1998-12-27 20:00:00,6.9,34,2.1,180,0,0,0
1998-12-27 21:00:00,6.9,34,2.9,190,0,0,0
1998-12-27 22:00:00,7.0,34,3.6,200,0,0,0
1998-12-27 23:00:00,7.0,34,4.1,210,0,0,0
1998-12-28 00:00:00,6.0,36,2.6,220,0,0,0
1998-12-28 01:00:00,6.0,36,3.1,230,0,0,0
1998-12-28 02:00:00,5.0,46,4.1,250,0,0,0
1998-12-28 03:00:00,4.0,59,3.1,240,0,0,0
1998-12-28 04:00:00,4.0,59,2.6,260,0,0,0
1998-12-28 05:00:00,4.0,59,3.1,250,0,0,0
1998-12-28 06:00:00,3.0,74,2.6,250,0,0,0
1998-12-28 07:00:00,3.0,74,2.1,240,0,0,0
1998-12-28 08:00:00,4.0,75,2.1,230,0,0,0
1998-12-28 09:00:00,4.0,75,0.0,0,22,0,22
1998-12-28 10:00:00,5.0,70,0.0,0,65,0,65
1998-12-28 11:00:00,5.0,70,0.0,0,79,0,79
1998-12-28 12:00:00,5.0,70,0.0,0,75,0,75
1998-12-28 13:00:00,5.0,70,0.0,0,78,0,78
1998-12-28 14:00:00,4.0,81,0.0,0,69,0,69
1998-12-28 15:00:00,3.0,87,0.0,0,66,0,66
1998-12-28 16:00:00,3.0,81,0.0,0,39,0,39
1998-12-28 17:00:00,3.0,81,0.0,0,9,0,9
1998-12-28 18:00:00,2.0,93,0.0,0,0,0,0
1998-12-28 19:00:00,2.0,93,2.1,360,0,0,0
1998-12-28 20:00:00,2.0,93,0.0,0,0,0,0
1998-12-28 21:00:00,2.0,93,2.1,360,0,0,0
1998-12-28 22:00:00,2.0,93,0.0,0,0,0,0
1998-12-28 23:00:00,2.0,93,1.5,10,0,0,0
1998-12-29 00:00:00,1.0,93,2.6,20,0,0,0
1998-12-29 01:00:00,0.0,100,0.0,0,0,0,0
1998-12-29 02:00:00,1.0,93,0.0,0,0,0,0
1998-12-29 03:00:00,-1.0,100,2.1,210,0,0,0
1998-12-29 04:00:00,-1.0,100,2.1,290,0,0,0
1998-12-29 05:00:00,-1.0,100,0.0,0,0,0,0
1998-12-29 06:00:00,-1.0,100,0.0,0,0,0,0
1998-12-29 07:00:00,-1.0,100,0.0,0,0,0,0
1998-12-29 08:00:00,1.0,100,0.0,0,0,0,0
1998-12-29 09:00:00,1.0,100,0.0,0,22,0,22
1998-12-29 10:00:00,2.0,93,2.6,220,51,0,51
1998-12-29 11:00:00,2.6,86,1.3,290,79,0,79
1998-12-29 12:00:00,3.0,81,0.0,0,68,0,68
1998-12-29 13:00:00,4.0,75,0.0,0,90,0,90
1998-12-29 14:00:00,3.0,81,3.1,210,69,0,69
1998-12-29 15:00:00,3.0,81,2.6,200,55,0,55
1998-12-29 16:00:00,3.3,73,2.9,210,79,0,79
1998-12-29 17:00:00,3.0,68,3.1,210,25,19,24
1998-12-29 18:00:00,3.0,87,4.1,210,0,0,0
1998-12-29 19:00:00,3.0,87,4.1,230,0,0,0
1998-12-29 20:00:00,3.0,87,3.1,220,0,0,0
1998-12-29 21:00:00,3.0,87,3.1,220,0,0,0
1998-12-29 22:00:00,3.0,81,3.1,220,0,0,0
1998-12-29 23:00:00,4.0,69,3.1,210,0,0,0
1998-12-30 00:00:00,4.0,81,3.6,260,0,0,0
1998-12-30 01:00:00,3.0,87,5.1,310,0,0,0
1998-12-30 02:00:00,1.0,79,7.7,350,0,0,0
1998-12-30 03:00:00,-1.0,78,6.2,350,0,0,0
1998-12-30 04:00:00,-3.0,77,6.7,330,0,0,0
1998-12-30 05:00:00,-5.0,84,6.2,320,0,0,0
1998-12-30 06:00:00,-6.0,84,5.1,320,0,0,0
1998-12-30 07:00:00,-6.0,77,5.1,320,0,0,0
1998-12-30 08:00:00,-7.0,64,6.2,320,0,0,0
1998-12-30 09:00:00,-8.0,84,7.2,310,67,54,60
1998-12-30 10:00:00,-8.0,70,5.1,300,87,0,87
1998-12-30 11:00:00,-7.0,64,3.6,290,118,0,118
1998-12-30 12:00:00,-6.0,54,4.1,280,143,0,143
1998-12-30 13:00:00,-6.0,59,3.6,290,306,204,213
1998-12-30 14:00:00,-7.0,54,3.6,280,121,0,121
1998-12-30 15:00:00,-6.0,54,4.1,250,148,23,140
1998-12-30 16:00:00,-6.0,49,4.1,240,104,45,93
1998-12-30 17:00:00,-7.0,49,4.1,270,22,0,22
1998-12-30 18:00:00,-8.0,53,4.1,270,0,0,0
1998-12-30 19:00:00,-8.0,53,2.6,260,0,0,0
1998-12-30 20:00:00,-9.0,58,2.1,260,0,0,0
1998-12-30 21:00:00,-9.0,53,1.5,250,0,0,0
1998-12-30 22:00:00,-10.0,70,2.1,210,0,0,0
1998-12-30 23:00:00,-10.0,70,2.1,210,0,0,0
1998-12-31 00:00:00,-9.0,70,2.1,210,0,0,0
1998-12-31 01:00:00,-9.0,64,1.5,200,0,0,0
1998-12-31 02:00:00,-9.0,70,1.5,200,0,0,0
1998-12-31 03:00:00,-9.0,70,0.0,0,0,0,0
1998-12-31 04:00:00,-8.6,67,0.0,0,0,0,0
1998-12-31 05:00:00,-8.0,64,2.1,200,0,0,0
1998-12-31 06:00:00,-9.0,84,1.5,220,0,0,0
1998-12-31 07:00:00,-8.0,84,1.5,220,0,0,0
1998-12-31 08:00:00,-8.0,84,0.0,0,0,0,0
1998-12-31 09:00:00,-8.0,84,1.5,210,56,8,55
1998-12-31 10:00:00,-7.0,77,0.0,0,102,0,102
1998-12-31 11:00:00,-5.9,72,1.3,330,262,234,174
1998-12-31 12:00:00,-5.1,69,2.6,290,243,85,206
1998-12-31 13:00:00,-4.4,65,3.8,260,270,96,226
1998-12-31 14:00:00,-4.0,65,5.1,220,191,24,181
1998-12-31 15:00:00,-5.0,65,4.1,240,170,47,154
1998-12-31 16:00:00,-4.0,65,3.6,250,114,62,99
1998-12-31 17:00:00,-4.0,71,3.1,240,32,42,29
1998-12-31 18:00:00,-6.0,84,2.6,230,0,0,0
1998-12-31 19:00:00,-6.0,84,2.6,220,0,0,0
1998-12-31 20:00:00,-6.0,84,4.1,220,0,0,0
1998-12-31 21:00:00,-5.0,71,4.1,230,0,0,0
1998-12-31 22:00:00,-5.0,59,3.6,250,0,0,0
1998-12-31 23:00:00,-5.0,59,5.1,240,0,0,0
1999-01-01 00:00:00,-4.0,71,6.2,230,0,0,0
