date_time,Dry Bulb Temperature [°C],Relative Humidity [%],Wind Speed [m/s],Wind Direction [Deg],Global Horizontal Radiation [W/m2],Direct Normal Radiation [W/m2],Diffuse Horizontal Radiation [W/m2]
1997-01-01 01:00:00,1.9,68,6.2,60,0,0,0
1997-01-01 02:00:00,1.2,63,5.2,60,0,0,0
1997-01-01 03:00:00,0.6,67,5.2,60,0,0,0
1997-01-01 04:00:00,0.3,67,5.2,60,0,0,0
1997-01-01 05:00:00,-0.1,64,5.2,60,0,0,0
1997-01-01 06:00:00,-0.2,65,3.6,50,0,0,0
1997-01-01 07:00:00,-0.2,63,3.6,60,0,0,0
1997-01-01 08:00:00,-0.1,65,3.6,90,3,0,3
1997-01-01 09:00:00,0.0,67,4.1,90,44,0,44
1997-01-01 10:00:00,0.0,70,4.1,110,89,0,89
1997-01-01 11:00:00,0.3,73,5.7,120,124,0,124
1997-01-01 12:00:00,0.3,70,5.7,120,144,0,144
1997-01-01 13:00:00,0.0,73,6.2,130,147,0,147
1997-01-01 14:00:00,0.0,72,4.6,160,134,0,134
1997-01-01 15:00:00,0.1,75,5.2,150,105,0,105
1997-01-01 16:00:00,0.3,77,4.1,150,63,0,63
1997-01-01 17:00:00,0.4,79,3.1,150,15,0,15
1997-01-01 18:00:00,0.7,81,3.6,150,0,0,0
1997-01-01 19:00:00,1.1,84,3.6,160,0,0,0
1997-01-01 20:00:00,1.4,84,3.6,170,0,0,0
1997-01-01 21:00:00,1.8,86,3.1,190,0,0,0
1997-01-01 22:00:00,2.1,85,4.1,170,0,0,0
1997-01-01 23:00:00,2.3,85,4.6,190,0,0,0
1997-01-02 00:00:00,2.8,84,4.1,220,0,0,0
1997-01-02 01:00:00,2.9,84,3.1,210,0,0,0
1997-01-02 02:00:00,3.0,87,3.6,220,0,0,0
1997-01-02 03:00:00,3.3,80,3.6,220,0,0,0
1997-01-02 04:00:00,3.6,77,5.2,210,0,0,0
1997-01-02 05:00:00,4.0,81,4.6,220,0,0,0
1997-01-02 06:00:00,3.5,83,4.6,220,0,0,0
1997-01-02 07:00:00,3.7,82,6.2,230,0,0,0
1997-01-02 08:00:00,4.0,80,5.2,230,3,0,3
1997-01-02 09:00:00,5.0,75,4.6,230,25,0,25
1997-01-02 10:00:00,5.4,71,5.7,240,55,0,55
1997-01-02 11:00:00,6.4,64,3.6,180,95,0,95
1997-01-02 12:00:00,7.7,62,3.6,160,167,0,167
1997-01-02 13:00:00,9.1,74,5.2,160,172,0,172
1997-01-02 14:00:00,9.5,83,3.1,160,155,0,155
1997-01-02 15:00:00,11.1,75,5.7,230,118,0,118
1997-01-02 16:00:00,11.6,73,4.1,230,67,0,67
1997-01-02 17:00:00,10.0,82,3.1,170,14,0,14
1997-01-02 18:00:00,10.1,82,2.6,160,0,0,0
1997-01-02 19:00:00,11.0,79,2.1,180,0,0,0
1997-01-02 20:00:00,9.9,87,0.0,0,0,0,0
1997-01-02 21:00:00,9.8,89,2.6,220,0,0,0
1997-01-02 22:00:00,9.2,93,1.0,200,0,0,0
1997-01-02 23:00:00,9.1,94,2.1,170,0,0,0
1997-01-03 00:00:00,9.5,93,3.1,170,0,0,0
1997-01-03 01:00:00,11.1,90,3.6,200,0,0,0
1997-01-03 02:00:00,11.5,89,3.6,220,0,0,0
1997-01-03 03:00:00,11.5,90,3.6,180,0,0,0
1997-01-03 04:00:00,10.0,93,4.1,180,0,0,0
1997-01-03 05:00:00,9.6,96,3.6,180,0,0,0
1997-01-03 06:00:00,9.5,95,3.6,180,0,0,0
1997-01-03 07:00:00,10.4,95,4.6,210,0,0,0
1997-01-03 08:00:00,10.9,93,3.6,200,4,0,4
1997-01-03 09:00:00,11.6,90,2.1,180,50,0,50
1997-01-03 10:00:00,10.7,93,3.6,160,85,0,85
1997-01-03 11:00:00,11.4,90,3.1,170,120,0,120
1997-01-03 12:00:00,11.6,89,4.1,160,140,0,140
1997-01-03 13:00:00,12.2,87,4.1,160,144,0,144
1997-01-03 14:00:00,14.0,82,3.6,160,131,0,131
1997-01-03 15:00:00,14.2,81,4.1,170,250,304,144
1997-01-03 16:00:00,16.4,75,5.2,230,60,0,60
1997-01-03 17:00:00,18.2,65,5.2,260,14,0,14
1997-01-03 18:00:00,17.9,67,5.2,250,0,0,0
1997-01-03 19:00:00,15.7,76,4.6,240,0,0,0
1997-01-03 20:00:00,15.2,77,3.6,250,0,0,0
1997-01-03 21:00:00,13.6,82,2.6,190,0,0,0
1997-01-03 22:00:00,14.1,82,0.0,0,0,0,0
1997-01-03 23:00:00,13.6,85,2.1,180,0,0,0
1997-01-04 00:00:00,15.1,80,4.1,230,0,0,0
1997-01-04 01:00:00,11.4,90,0.0,0,0,0,0
1997-01-04 02:00:00,11.8,93,0.0,0,0,0,0
1997-01-04 03:00:00,10.1,97,2.1,120,0,0,0
1997-01-04 04:00:00,11.1,95,0.0,0,0,0,0
1997-01-04 05:00:00,11.3,95,2.1,180,0,0,0
1997-01-04 06:00:00,11.1,94,2.1,330,0,0,0
1997-01-04 07:00:00,11.7,95,1.5,330,0,0,0
1997-01-04 08:00:00,11.9,94,0.0,0,4,0,4
1997-01-04 09:00:00,10.8,95,0.0,0,36,0,36
1997-01-04 10:00:00,16.4,77,1.0,210,116,57,98
1997-01-04 11:00:00,16.4,78,0.0,0,281,421,111
1997-01-04 12:00:00,20.4,61,2.1,170,398,639,103
1997-01-04 13:00:00,22.6,50,3.1,170,387,464,167
1997-01-04 14:00:00,21.4,51,4.6,160,408,708,100
1997-01-04 15:00:00,20.8,54,5.2,160,297,602,85
1997-01-04 16:00:00,19.3,59,4.1,170,134,411,41
1997-01-04 17:00:00,18.1,63,4.1,160,36,213,20
1997-01-04 18:00:00,16.4,68,2.1,140,0,0,0
1997-01-04 19:00:00,14.7,80,3.6,40,0,0,0
1997-01-04 20:00:00,12.4,89,3.1,50,0,0,0
1997-01-04 21:00:00,13.1,90,3.6,40,0,0,0
1997-01-04 22:00:00,10.9,94,3.6,50,0,0,0
1997-01-04 23:00:00,10.9,97,3.1,50,0,0,0
1997-01-05 00:00:00,10.2,99,4.1,50,0,0,0
1997-01-05 01:00:00,10.0,100,4.1,40,0,0,0
1997-01-05 02:00:00,10.0,100,4.1,40,0,0,0
1997-01-05 03:00:00,10.1,100,2.6,40,0,0,0
1997-01-05 04:00:00,9.9,100,3.6,50,0,0,0
1997-01-05 05:00:00,9.7,100,3.6,10,0,0,0
1997-01-05 06:00:00,10.8,100,2.6,220,0,0,0
1997-01-05 07:00:00,12.8,100,5.2,180,0,0,0
1997-01-05 08:00:00,12.6,100,4.6,170,6,22,5
1997-01-05 09:00:00,15.3,96,6.2,180,51,0,51
1997-01-05 10:00:00,17.0,94,6.7,180,86,0,86
1997-01-05 11:00:00,14.7,96,6.2,180,121,0,121
1997-01-05 12:00:00,16.0,91,6.7,170,146,85,107
1997-01-05 13:00:00,18.9,74,7.7,230,187,31,172
1997-01-05 14:00:00,21.4,58,5.7,260,402,716,88
1997-01-05 15:00:00,21.5,53,8.2,240,209,98,174
1997-01-05 16:00:00,20.3,57,6.2,200,91,21,86
1997-01-05 17:00:00,18.4,65,5.2,200,40,9,39
1997-01-05 18:00:00,14.9,76,4.6,170,0,0,0
1997-01-05 19:00:00,13.7,80,4.1,190,0,0,0
1997-01-05 20:00:00,14.9,77,5.2,210,0,0,0
1997-01-05 21:00:00,15.6,73,2.1,250,0,0,0
1997-01-05 22:00:00,15.0,72,3.1,290,0,0,0
1997-01-05 23:00:00,15.5,44,3.6,310,0,0,0
1997-01-06 00:00:00,11.7,79,2.6,170,0,0,0
1997-01-06 01:00:00,13.3,44,2.6,320,0,0,0
1997-01-06 02:00:00,12.8,43,3.1,310,0,0,0
1997-01-06 03:00:00,12.8,39,5.7,280,0,0,0
1997-01-06 04:00:00,11.8,40,2.6,290,0,0,0
1997-01-06 05:00:00,10.0,47,5.2,260,0,0,0
1997-01-06 06:00:00,9.9,46,5.2,270,0,0,0
1997-01-06 07:00:00,9.2,48,4.6,240,0,0,0
1997-01-06 08:00:00,9.2,46,2.6,230,6,15,5
1997-01-06 09:00:00,10.7,40,3.6,220,70,131,48
1997-01-06 10:00:00,11.2,41,4.6,230,195,338,93
1997-01-06 11:00:00,12.1,35,5.2,260,334,491,135
1997-01-06 12:00:00,13.5,23,6.7,310,431,590,157
1997-01-06 13:00:00,14.9,24,6.7,310,409,545,149
1997-01-06 14:00:00,15.2,24,5.7,310,417,751,86
1997-01-06 15:00:00,15.4,23,6.2,300,242,322,127
1997-01-06 16:00:00,15.1,25,6.7,310,159,318,85
1997-01-06 17:00:00,13.9,24,7.2,310,33,87,26
1997-01-06 18:00:00,10.9,35,4.6,330,0,0,0
1997-01-06 19:00:00,10.5,37,6.2,320,0,0,0
1997-01-06 20:00:00,9.7,38,4.6,330,0,0,0
1997-01-06 21:00:00,8.6,39,6.2,330,0,0,0
1997-01-06 22:00:00,7.7,40,5.7,330,0,0,0
1997-01-06 23:00:00,6.9,42,5.2,330,0,0,0
1997-01-07 00:00:00,6.4,45,6.2,330,0,0,0
1997-01-07 01:00:00,6.1,47,5.2,330,0,0,0
1997-01-07 02:00:00,5.9,49,5.2,330,0,0,0
1997-01-07 03:00:00,5.6,51,5.2,330,0,0,0
1997-01-07 04:00:00,5.1,49,9.3,330,0,0,0
1997-01-07 05:00:00,4.7,51,6.2,320,0,0,0
1997-01-07 06:00:00,4.1,48,5.2,330,0,0,0
1997-01-07 07:00:00,3.8,49,6.7,310,0,0,0
1997-01-07 08:00:00,3.2,46,7.2,310,7,12,6
1997-01-07 09:00:00,2.9,44,5.7,320,51,43,44
1997-01-07 10:00:00,3.1,41,5.7,320,149,227,80
1997-01-07 11:00:00,3.3,39,6.2,330,319,479,124
1997-01-07 12:00:00,4.8,33,6.2,280,441,702,113
1997-01-07 13:00:00,5.7,31,5.2,320,447,675,123
1997-01-07 14:00:00,6.5,29,4.6,320,417,685,114
1997-01-07 15:00:00,6.3,25,9.3,320,175,323,58
1997-01-07 16:00:00,5.4,22,8.2,320,181,553,51
1997-01-07 17:00:00,4.3,22,6.7,320,32,135,21
1997-01-07 18:00:00,3.5,24,5.7,320,0,0,0
1997-01-07 19:00:00,2.9,26,6.7,320,0,0,0
1997-01-07 20:00:00,2.3,29,6.7,330,0,0,0
1997-01-07 21:00:00,1.6,31,5.7,320,0,0,0
1997-01-07 22:00:00,1.0,33,4.6,320,0,0,0
1997-01-07 23:00:00,0.2,38,5.7,330,0,0,0
1997-01-08 00:00:00,-0.5,41,5.2,340,0,0,0
1997-01-08 01:00:00,-1.0,46,6.7,330,0,0,0
1997-01-08 02:00:00,-1.8,42,6.2,330,0,0,0
1997-01-08 03:00:00,-2.1,40,6.7,320,0,0,0
1997-01-08 04:00:00,-2.6,44,5.7,320,0,0,0
1997-01-08 05:00:00,-2.8,47,7.7,310,0,0,0
1997-01-08 06:00:00,-3.0,47,6.2,300,0,0,0
1997-01-08 07:00:00,-3.1,49,5.7,300,0,0,0
1997-01-08 08:00:00,-2.9,50,5.2,320,7,15,7
1997-01-08 09:00:00,-2.0,46,5.7,330,102,288,55
1997-01-08 10:00:00,-0.6,42,5.7,320,235,384,118
1997-01-08 11:00:00,0.9,38,5.7,330,275,305,150
1997-01-08 12:00:00,1.9,36,5.7,320,409,584,135
1997-01-08 13:00:00,3.1,34,6.2,320,477,707,136
1997-01-08 14:00:00,3.9,33,6.2,330,195,65,166
1997-01-08 15:00:00,4.7,32,5.7,320,114,0,114
1997-01-08 16:00:00,4.4,31,5.2,330,65,0,65
1997-01-08 17:00:00,3.3,33,4.1,330,26,0,26
1997-01-08 18:00:00,2.8,34,3.1,320,0,0,0
1997-01-08 19:00:00,2.7,36,3.1,330,0,0,0
1997-01-08 20:00:00,2.6,35,2.6,330,0,0,0
1997-01-08 21:00:00,1.5,41,3.1,340,0,0,0
1997-01-08 22:00:00,2.2,37,3.1,330,0,0,0
1997-01-08 23:00:00,1.7,40,4.1,340,0,0,0
1997-01-09 00:00:00,1.6,41,3.6,330,0,0,0
1997-01-09 01:00:00,1.4,43,3.1,340,0,0,0
1997-01-09 02:00:00,1.6,45,1.5,340,0,0,0
1997-01-09 03:00:00,1.5,49,2.1,350,0,0,0
1997-01-09 04:00:00,1.8,45,4.1,40,0,0,0
1997-01-09 05:00:00,1.5,45,3.6,40,0,0,0
1997-01-09 06:00:00,1.0,47,4.1,70,0,0,0
1997-01-09 07:00:00,-1.2,87,5.2,110,0,0,0
1997-01-09 08:00:00,-1.4,93,3.6,130,10,8,10
1997-01-09 09:00:00,-1.1,91,5.2,120,56,21,52
1997-01-09 10:00:00,-1.0,92,1.0,50,176,61,158
1997-01-09 11:00:00,-0.9,96,3.1,70,96,67,69
1997-01-09 12:00:00,-0.3,92,2.6,50,192,0,191
1997-01-09 13:00:00,0.0,93,6.7,130,282,148,211
1997-01-09 14:00:00,0.0,94,2.6,50,214,29,201
1997-01-09 15:00:00,-0.3,97,3.6,50,133,74,106
1997-01-09 16:00:00,-0.2,98,3.1,60,52,44,42
1997-01-09 17:00:00,0.0,100,3.1,60,31,8,31
1997-01-09 18:00:00,0.3,95,5.7,130,0,0,0
1997-01-09 19:00:00,0.7,95,4.1,330,0,0,0
1997-01-09 20:00:00,0.8,93,5.2,330,0,0,0
1997-01-09 21:00:00,0.7,94,3.1,330,0,0,0
1997-01-09 22:00:00,0.7,95,1.5,350,0,0,0
1997-01-09 23:00:00,0.8,95,2.1,210,0,0,0
1997-01-10 00:00:00,0.8,96,2.1,190,0,0,0
1997-01-10 01:00:00,0.8,98,3.1,210,0,0,0
1997-01-10 02:00:00,0.9,98,4.6,240,0,0,0
1997-01-10 03:00:00,1.1,96,4.6,220,0,0,0
1997-01-10 04:00:00,1.3,90,4.6,200,0,0,0
1997-01-10 05:00:00,1.4,92,5.2,220,0,0,0
1997-01-10 06:00:00,1.5,90,3.1,210,0,0,0
1997-01-10 07:00:00,1.7,88,4.6,220,0,0,0
1997-01-10 08:00:00,1.7,90,4.1,190,3,0,3
1997-01-10 09:00:00,2.0,87,6.7,230,36,0,36
1997-01-10 10:00:00,3.2,75,4.1,270,159,234,87
1997-01-10 11:00:00,4.4,63,5.7,240,392,714,98
1997-01-10 12:00:00,4.9,60,7.7,240,280,66,249
1997-01-10 13:00:00,5.7,51,9.8,230,265,86,223
1997-01-10 14:00:00,5.7,42,8.8,240,212,61,185
1997-01-10 15:00:00,6.1,38,9.3,270,227,202,152
1997-01-10 16:00:00,6.0,39,7.7,230,184,456,73
1997-01-10 17:00:00,4.9,51,5.7,230,46,208,27
1997-01-10 18:00:00,4.3,58,5.2,220,0,2,0
1997-01-10 19:00:00,3.9,60,4.6,200,0,0,0
1997-01-10 20:00:00,4.0,57,4.6,200,0,0,0
1997-01-10 21:00:00,3.2,59,5.7,210,0,0,0
1997-01-10 22:00:00,3.8,67,3.1,170,0,0,0
1997-01-10 23:00:00,3.9,63,2.6,170,0,0,0
1997-01-11 00:00:00,1.0,93,2.6,320,0,0,0
1997-01-11 01:00:00,0.7,98,6.7,340,0,0,0
1997-01-11 02:00:00,-1.9,94,8.2,330,0,0,0
1997-01-11 03:00:00,-2.0,92,3.6,330,0,0,0
1997-01-11 04:00:00,-1.3,71,6.7,310,0,0,0
1997-01-11 05:00:00,-2.4,75,6.2,310,0,0,0
1997-01-11 06:00:00,-3.1,47,5.2,320,0,0,0
1997-01-11 07:00:00,-3.9,47,5.2,340,0,0,0
1997-01-11 08:00:00,-4.3,46,4.6,310,9,82,6
1997-01-11 09:00:00,-3.5,41,6.7,300,129,596,29
1997-01-11 10:00:00,-3.0,43,7.2,230,286,793,42
1997-01-11 11:00:00,-1.8,42,6.7,260,415,878,52
1997-01-11 12:00:00,-0.9,39,5.7,310,492,915,57
1997-01-11 13:00:00,-0.1,39,5.2,280,509,922,59
1997-01-11 14:00:00,0.7,36,6.7,300,414,730,84
1997-01-11 15:00:00,0.8,35,5.2,320,368,773,81
1997-01-11 16:00:00,0.4,36,7.2,310,201,621,47
1997-01-11 17:00:00,-0.1,36,6.7,320,45,239,22
1997-01-11 18:00:00,-1.8,42,4.1,320,0,18,0
1997-01-11 19:00:00,-2.0,40,4.1,310,0,0,0
1997-01-11 20:00:00,-2.4,40,3.1,260,0,0,0
1997-01-11 21:00:00,-2.7,43,3.1,320,0,0,0
1997-01-11 22:00:00,-3.3,47,2.1,240,0,0,0
1997-01-11 23:00:00,-4.6,54,4.1,330,0,0,0
1997-01-12 00:00:00,-4.4,48,3.6,330,0,0,0
1997-01-12 01:00:00,-5.5,54,4.6,330,0,0,0
1997-01-12 02:00:00,-5.4,52,5.2,330,0,0,0
1997-01-12 03:00:00,-5.5,52,4.6,330,0,0,0
1997-01-12 04:00:00,-5.8,54,5.7,330,0,0,0
1997-01-12 05:00:00,-5.9,54,5.2,330,0,0,0
1997-01-12 06:00:00,-6.0,55,4.1,320,0,0,0
1997-01-12 07:00:00,-5.8,53,5.2,330,0,0,0
1997-01-12 08:00:00,-5.6,58,6.2,340,9,10,9
1997-01-12 09:00:00,-4.7,49,3.6,330,65,149,40
1997-01-12 10:00:00,-4.0,47,5.7,330,212,348,103
1997-01-12 11:00:00,-2.9,45,3.6,320,366,591,120
1997-01-12 12:00:00,-1.7,38,6.2,270,493,896,65
1997-01-12 13:00:00,-1.1,35,6.7,310,510,904,67
1997-01-12 14:00:00,-0.6,35,5.2,320,465,883,63
1997-01-12 15:00:00,-0.6,35,4.6,330,363,824,54
1997-01-12 16:00:00,-1.0,35,5.7,330,216,696,42
1997-01-12 17:00:00,-2.1,39,4.6,330,61,384,23
1997-01-12 18:00:00,-2.5,36,4.1,320,0,15,0
1997-01-12 19:00:00,-3.2,37,4.1,320,0,0,0
1997-01-12 20:00:00,-3.8,42,5.7,330,0,0,0
1997-01-12 21:00:00,-4.6,43,3.6,330,0,0,0
1997-01-12 22:00:00,-5.0,43,5.7,330,0,0,0
1997-01-12 23:00:00,-5.6,45,6.7,320,0,0,0
1997-01-13 00:00:00,-5.9,46,5.2,330,0,0,0
1997-01-13 01:00:00,-6.1,46,5.2,320,0,0,0
1997-01-13 02:00:00,-6.4,48,4.1,330,0,0,0
1997-01-13 03:00:00,-6.4,47,5.2,330,0,0,0
1997-01-13 04:00:00,-6.4,46,5.7,330,0,0,0
1997-01-13 05:00:00,-6.6,46,6.7,330,0,0,0
1997-01-13 06:00:00,-6.9,46,6.7,330,0,0,0
1997-01-13 07:00:00,-7.3,51,5.2,330,0,0,0
1997-01-13 08:00:00,-7.1,48,4.6,320,11,87,7
1997-01-13 09:00:00,-6.5,45,4.6,320,130,585,31
1997-01-13 10:00:00,-5.0,45,7.2,330,289,783,45
1997-01-13 11:00:00,-4.0,38,6.2,340,418,870,55
1997-01-13 12:00:00,-2.9,41,6.2,330,496,908,61
1997-01-13 13:00:00,-2.2,39,4.1,320,514,915,62
1997-01-13 14:00:00,-1.6,38,4.1,320,470,896,59
1997-01-13 15:00:00,-1.0,37,4.1,310,368,841,51
1997-01-13 16:00:00,-1.3,37,5.2,340,222,720,39
1997-01-13 17:00:00,-1.9,38,5.2,310,65,423,23
1997-01-13 18:00:00,-2.2,39,0.0,0,0,23,0
1997-01-13 19:00:00,-2.5,40,0.0,0,0,0,0
1997-01-13 20:00:00,-3.2,45,0.0,0,0,0,0
1997-01-13 21:00:00,-3.5,45,3.6,330,0,0,0
1997-01-13 22:00:00,-4.4,49,4.1,330,0,0,0
1997-01-13 23:00:00,-5.1,54,8.2,340,0,0,0
1997-01-14 00:00:00,-5.5,53,6.2,330,0,0,0
1997-01-14 01:00:00,-5.9,54,4.6,320,0,0,0
1997-01-14 02:00:00,-6.4,56,2.6,330,0,0,0
1997-01-14 03:00:00,-6.9,58,2.1,340,0,0,0
1997-01-14 04:00:00,-6.9,59,0.0,0,0,0,0
1997-01-14 05:00:00,-7.0,60,0.0,0,0,0,0
1997-01-14 06:00:00,-6.7,63,4.1,330,0,0,0
1997-01-14 07:00:00,-6.9,67,5.2,340,0,0,0
1997-01-14 08:00:00,-6.6,66,1.0,320,12,157,5
1997-01-14 09:00:00,-4.5,61,4.1,340,133,610,29
1997-01-14 10:00:00,-3.0,55,4.1,340,293,801,42
1997-01-14 11:00:00,-1.2,51,4.6,330,423,884,52
1997-01-14 12:00:00,0.0,49,3.6,330,501,919,58
1997-01-14 13:00:00,0.7,44,1.5,300,519,926,59
1997-01-14 14:00:00,1.6,42,3.1,320,475,907,56
1997-01-14 15:00:00,2.4,40,3.6,320,373,854,48
1997-01-14 16:00:00,2.2,38,5.2,330,227,738,37
1997-01-14 17:00:00,1.6,39,4.6,320,69,453,22
1997-01-14 18:00:00,1.0,42,2.6,330,0,33,0
1997-01-14 19:00:00,0.0,45,0.0,0,0,0,0
1997-01-14 20:00:00,0.4,42,2.1,330,0,0,0
1997-01-14 21:00:00,0.0,47,0.0,0,0,0,0
1997-01-14 22:00:00,-0.3,46,0.0,0,0,0,0
1997-01-14 23:00:00,-2.2,58,3.1,350,0,0,0
1997-01-15 00:00:00,-2.1,54,3.6,340,0,0,0
1997-01-15 01:00:00,-1.9,49,1.5,330,0,0,0
1997-01-15 02:00:00,-2.9,64,0.0,0,0,0,0
1997-01-15 03:00:00,-2.9,62,0.0,0,0,0,0
1997-01-15 04:00:00,-4.2,76,0.0,0,0,0,0
1997-01-15 05:00:00,-4.7,75,0.0,0,0,0,0
1997-01-15 06:00:00,-4.5,74,0.0,0,0,0,0
1997-01-15 07:00:00,-5.2,82,0.0,0,0,0,0
1997-01-15 08:00:00,-4.3,77,2.6,190,12,113,6
1997-01-15 09:00:00,-2.8,86,2.6,160,105,254,61
1997-01-15 10:00:00,-1.2,72,3.6,160,141,81,115
1997-01-15 11:00:00,0.8,54,3.6,170,158,0,158
1997-01-15 12:00:00,2.4,53,3.1,160,343,319,188
1997-01-15 13:00:00,4.5,43,3.6,160,192,0,192
1997-01-15 14:00:00,5.4,40,5.7,170,177,0,177
1997-01-15 15:00:00,5.4,47,5.7,160,270,407,114
1997-01-15 16:00:00,5.2,52,3.1,170,89,0,89
1997-01-15 17:00:00,4.6,49,3.1,150,29,0,29
1997-01-15 18:00:00,3.8,51,0.0,0,0,0,0
1997-01-15 19:00:00,3.1,56,0.0,0,0,0,0
1997-01-15 20:00:00,2.7,66,3.1,170,0,0,0
1997-01-15 21:00:00,2.6,65,5.7,160,0,0,0
1997-01-15 22:00:00,2.6,66,5.2,170,0,0,0
1997-01-15 23:00:00,2.5,69,4.6,170,0,0,0
1997-01-16 00:00:00,2.9,68,4.1,150,0,0,0
1997-01-16 01:00:00,3.6,63,3.1,170,0,0,0
1997-01-16 02:00:00,3.8,68,4.6,170,0,0,0
1997-01-16 03:00:00,3.4,75,1.0,190,0,0,0
1997-01-16 04:00:00,2.5,85,3.1,290,0,0,0
1997-01-16 05:00:00,1.9,92,3.1,160,0,0,0
1997-01-16 06:00:00,3.0,87,5.1,190,0,0,0
1997-01-16 07:00:00,3.3,84,2.6,260,0,0,0
1997-01-16 08:00:00,3.0,81,2.1,170,4,0,4
1997-01-16 09:00:00,3.2,75,3.6,160,29,0,29
1997-01-16 10:00:00,4.9,84,2.6,280,74,0,74
1997-01-16 11:00:00,7.3,69,6.2,310,381,618,120
1997-01-16 12:00:00,9.7,45,7.7,320,384,563,109
1997-01-16 13:00:00,9.3,36,12.4,320,373,498,123
1997-01-16 14:00:00,9.2,37,8.2,310,325,438,120
1997-01-16 15:00:00,9.0,40,6.2,300,363,693,95
1997-01-16 16:00:00,6.6,47,5.7,330,122,75,102
1997-01-16 17:00:00,6.2,41,6.7,300,47,187,26
1997-01-16 18:00:00,3.0,53,8.8,320,0,10,0
1997-01-16 19:00:00,0.7,37,10.3,320,0,0,0
1997-01-16 20:00:00,-0.8,36,11.8,330,0,0,0
1997-01-16 21:00:00,-1.8,40,9.3,330,0,0,0
1997-01-16 22:00:00,-2.7,28,11.8,320,0,0,0
1997-01-16 23:00:00,-3.6,27,8.8,320,0,0,0
1997-01-17 00:00:00,-4.9,25,10.3,310,0,0,0
1997-01-17 01:00:00,-6.1,34,8.8,320,0,0,0
1997-01-17 02:00:00,-7.1,33,7.7,320,0,0,0
1997-01-17 03:00:00,-8.3,35,7.2,320,0,0,0
1997-01-17 04:00:00,-8.9,34,8.2,320,0,0,0
1997-01-17 05:00:00,-9.7,35,7.2,310,0,0,0
1997-01-17 06:00:00,-10.1,33,8.2,300,0,0,0
1997-01-17 07:00:00,-10.6,34,6.2,290,0,0,0
1997-01-17 08:00:00,-10.6,34,9.3,300,11,77,8
1997-01-17 09:00:00,-10.1,32,8.2,320,104,184,72
1997-01-17 10:00:00,-9.3,30,8.8,320,240,359,125
1997-01-17 11:00:00,-9.4,28,6.2,320,288,496,77
1997-01-17 12:00:00,-8.1,26,5.7,300,479,760,107
1997-01-17 13:00:00,-7.9,26,5.7,310,487,754,106
1997-01-17 14:00:00,-6.9,24,5.7,300,365,398,177
1997-01-17 15:00:00,-6.6,25,6.2,310,336,635,89
1997-01-17 16:00:00,-6.0,24,4.6,270,187,356,92
1997-01-17 17:00:00,-5.9,22,7.2,290,78,482,23
1997-01-17 18:00:00,-6.7,25,2.6,290,1,45,0
1997-01-17 19:00:00,-6.7,27,4.1,260,0,0,0
1997-01-17 20:00:00,-8.2,37,4.1,330,0,0,0
1997-01-17 21:00:00,-8.6,35,4.6,330,0,0,0
1997-01-17 22:00:00,-8.7,34,3.1,330,0,0,0
1997-01-17 23:00:00,-8.7,35,4.1,250,0,0,0
1997-01-18 00:00:00,-9.4,41,1.5,180,0,0,0
1997-01-18 01:00:00,-9.3,45,3.6,190,0,0,0
1997-01-18 02:00:00,-8.6,36,3.6,280,0,0,0
1997-01-18 03:00:00,-9.3,39,3.1,200,0,0,0
1997-01-18 04:00:00,-9.7,45,1.5,250,0,0,0
1997-01-18 05:00:00,-9.1,36,1.5,180,0,0,0
1997-01-18 06:00:00,-8.8,31,3.6,320,0,0,0
1997-01-18 07:00:00,-9.2,32,0.0,0,0,0,0
1997-01-18 08:00:00,-9.1,34,0.0,0,10,57,7
1997-01-18 09:00:00,-7.6,32,3.1,330,105,276,56
1997-01-18 10:00:00,-6.8,26,4.1,330,124,54,106
1997-01-18 11:00:00,-6.4,21,7.2,300,195,105,150
1997-01-18 12:00:00,-5.5,21,6.2,310,142,70,107
1997-01-18 13:00:00,-6.8,25,7.7,330,156,0,156
1997-01-18 14:00:00,-7.1,26,9.8,330,144,0,144
1997-01-18 15:00:00,-7.0,28,9.8,330,156,186,82
1997-01-18 16:00:00,-7.7,30,7.2,330,115,68,96
1997-01-18 17:00:00,-8.2,31,7.7,340,61,163,42
1997-01-18 18:00:00,-8.5,30,4.6,320,0,7,0
1997-01-18 19:00:00,-8.8,34,5.2,300,0,0,0
1997-01-18 20:00:00,-9.2,35,4.1,320,0,0,0
1997-01-18 21:00:00,-9.6,37,4.1,330,0,0,0
1997-01-18 22:00:00,-9.9,40,3.6,310,0,0,0
1997-01-18 23:00:00,-9.9,43,4.1,310,0,0,0
1997-01-19 00:00:00,-10.2,44,4.1,300,0,0,0
1997-01-19 01:00:00,-10.1,45,4.6,330,0,0,0
1997-01-19 02:00:00,-10.8,50,3.6,320,0,0,0
1997-01-19 03:00:00,-10.8,53,3.6,300,0,0,0
1997-01-19 04:00:00,-11.2,55,4.1,300,0,0,0
1997-01-19 05:00:00,-11.4,57,3.1,310,0,0,0
1997-01-19 06:00:00,-11.4,58,2.6,290,0,0,0
1997-01-19 07:00:00,-11.3,53,4.1,290,0,0,0
1997-01-19 08:00:00,-11.3,59,2.6,250,14,160,6
1997-01-19 09:00:00,-9.3,46,2.1,280,140,611,31
1997-01-19 10:00:00,-8.0,40,1.5,270,304,803,45
1997-01-19 11:00:00,-6.6,34,1.5,160,438,887,55
1997-01-19 12:00:00,-5.5,31,4.1,190,519,923,62
1997-01-19 13:00:00,-4.8,29,4.6,200,539,931,63
1997-01-19 14:00:00,-3.7,31,2.6,210,496,912,60
1997-01-19 15:00:00,-3.7,34,3.6,160,394,861,52
1997-01-19 16:00:00,-3.3,31,4.1,210,216,590,54
1997-01-19 17:00:00,-3.7,33,3.6,180,69,330,30
1997-01-19 18:00:00,-4.3,39,4.6,160,1,47,0
1997-01-19 19:00:00,-5.1,44,0.0,0,0,0,0
1997-01-19 20:00:00,-5.1,45,2.1,160,0,0,0
1997-01-19 21:00:00,-5.2,49,2.6,160,0,0,0
1997-01-19 22:00:00,-5.6,56,3.1,150,0,0,0
1997-01-19 23:00:00,-5.1,58,4.1,160,0,0,0
1997-01-20 00:00:00,-4.9,63,3.6,160,0,0,0
1997-01-20 01:00:00,-5.2,61,2.6,150,0,0,0
1997-01-20 02:00:00,-5.1,56,4.1,180,0,0,0
1997-01-20 03:00:00,-5.5,55,3.6,220,0,0,0
1997-01-20 04:00:00,-5.1,54,0.0,0,0,0,0
1997-01-20 05:00:00,-5.5,61,0.0,0,0,0,0
1997-01-20 06:00:00,-5.9,63,1.5,240,0,0,0
1997-01-20 07:00:00,-5.9,66,2.6,210,0,0,0
1997-01-20 08:00:00,-5.4,72,1.5,170,13,5,13
1997-01-20 09:00:00,-3.0,66,3.6,210,54,42,47
1997-01-20 10:00:00,-2.1,61,4.1,190,123,0,123
1997-01-20 11:00:00,-0.6,57,4.6,200,170,0,170
1997-01-20 12:00:00,1.3,59,3.1,160,362,78,323
1997-01-20 13:00:00,3.3,49,4.6,180,292,86,248
1997-01-20 14:00:00,5.0,47,6.2,180,366,380,183
1997-01-20 15:00:00,6.4,44,5.7,190,264,1,263
1997-01-20 16:00:00,6.8,44,1.0,210,209,495,72
1997-01-20 17:00:00,3.6,55,1.0,10,88,439,34
1997-01-20 18:00:00,3.4,56,0.0,0,1,35,1
1997-01-20 19:00:00,1.4,73,0.0,0,0,0,0
1997-01-20 20:00:00,4.9,54,3.6,330,0,0,0
1997-01-20 21:00:00,3.3,59,4.6,350,0,0,0
1997-01-20 22:00:00,2.5,63,4.1,340,0,0,0
1997-01-20 23:00:00,2.7,64,3.6,330,0,0,0
1997-01-21 00:00:00,2.5,65,4.1,330,0,0,0
1997-01-21 01:00:00,2.8,56,5.2,330,0,0,0
1997-01-21 02:00:00,3.0,49,6.2,320,0,0,0
1997-01-21 03:00:00,1.5,54,4.1,340,0,0,0
1997-01-21 04:00:00,2.6,55,5.2,340,0,0,0
1997-01-21 05:00:00,1.2,52,5.2,340,0,0,0
1997-01-21 06:00:00,0.8,50,3.6,320,0,0,0
1997-01-21 07:00:00,0.9,50,4.1,310,0,0,0
1997-01-21 08:00:00,0.7,50,3.6,330,15,155,7
1997-01-21 09:00:00,1.9,46,5.7,330,141,590,33
1997-01-21 10:00:00,3.4,41,5.2,330,303,778,47
1997-01-21 11:00:00,5.1,34,5.7,330,434,861,58
1997-01-21 12:00:00,6.1,29,2.1,340,515,897,65
1997-01-21 13:00:00,6.8,29,1.5,70,505,787,97
1997-01-21 14:00:00,7.6,27,2.6,350,467,777,91
1997-01-21 15:00:00,7.7,26,1.0,50,323,591,84
1997-01-21 16:00:00,8.0,24,0.0,0,248,728,43
1997-01-21 17:00:00,6.4,29,0.0,0,87,470,27
1997-01-21 18:00:00,4.5,38,3.1,140,2,50,0
1997-01-21 19:00:00,3.4,47,5.2,130,0,0,0
1997-01-21 20:00:00,1.5,57,3.1,170,0,0,0
1997-01-21 21:00:00,0.7,60,3.1,180,0,0,0
1997-01-21 22:00:00,0.9,58,4.1,190,0,0,0
1997-01-21 23:00:00,0.7,63,4.6,190,0,0,0
1997-01-22 00:00:00,0.4,67,4.1,170,0,0,0
1997-01-22 01:00:00,0.7,64,5.2,190,0,0,0
1997-01-22 02:00:00,0.6,72,5.7,190,0,0,0
1997-01-22 03:00:00,0.7,70,5.2,180,0,0,0
1997-01-22 04:00:00,0.5,74,5.2,180,0,0,0
1997-01-22 05:00:00,0.9,74,5.2,180,0,0,0
1997-01-22 06:00:00,0.9,75,4.6,190,0,0,0
1997-01-22 07:00:00,1.7,71,7.2,190,0,0,0
1997-01-22 08:00:00,2.3,69,6.2,190,6,0,6
1997-01-22 09:00:00,3.5,61,6.7,200,52,0,52
1997-01-22 10:00:00,4.3,62,5.7,210,100,0,100
1997-01-22 11:00:00,6.0,65,5.7,190,138,0,138
1997-01-22 12:00:00,5.9,70,6.2,180,201,0,201
1997-01-22 13:00:00,7.4,63,4.1,180,208,0,208
1997-01-22 14:00:00,9.0,57,6.2,190,194,0,194
1997-01-22 15:00:00,9.0,52,6.2,190,127,0,127
1997-01-22 16:00:00,9.2,50,5.2,190,85,0,85
1997-01-22 17:00:00,10.0,54,4.1,210,35,0,35
1997-01-22 18:00:00,10.0,51,4.6,230,0,0,0
1997-01-22 19:00:00,8.1,57,3.1,170,0,0,0
1997-01-22 20:00:00,7.4,59,4.6,170,0,0,0
1997-01-22 21:00:00,6.7,65,4.1,160,0,0,0
1997-01-22 22:00:00,6.5,61,3.6,170,0,0,0
1997-01-22 23:00:00,6.1,63,4.1,170,0,0,0
1997-01-23 00:00:00,8.4,93,3.1,160,0,0,0
1997-01-23 01:00:00,8.9,92,4.1,180,0,0,0
1997-01-23 02:00:00,8.6,90,3.6,170,0,0,0
1997-01-23 03:00:00,8.9,88,3.1,180,0,0,0
1997-01-23 04:00:00,7.6,92,2.1,330,0,0,0
1997-01-23 05:00:00,7.9,93,3.6,230,0,0,0
1997-01-23 06:00:00,7.9,92,3.1,140,0,0,0
1997-01-23 07:00:00,8.9,88,4.1,180,0,0,0
1997-01-23 08:00:00,9.0,85,2.6,230,9,9,9
1997-01-23 09:00:00,9.0,84,4.1,170,106,159,76
1997-01-23 10:00:00,10.3,76,4.1,160,110,11,106
1997-01-23 11:00:00,13.5,59,2.1,180,220,45,200
1997-01-23 12:00:00,15.1,54,3.6,10,197,112,140
1997-01-23 13:00:00,15.7,49,6.2,10,254,74,214
1997-01-23 14:00:00,16.7,42,5.7,10,303,51,278
1997-01-23 15:00:00,14.6,40,8.2,10,241,289,122
1997-01-23 16:00:00,11.5,46,7.7,10,206,355,104
1997-01-23 17:00:00,9.0,46,7.7,10,70,22,67
1997-01-23 18:00:00,6.6,47,8.2,10,1,0,1
1997-01-23 19:00:00,5.4,47,7.7,10,0,0,0
1997-01-23 20:00:00,4.3,50,4.1,10,0,0,0
1997-01-23 21:00:00,4.0,52,3.6,10,0,0,0
1997-01-23 22:00:00,4.2,53,5.2,10,0,0,0
1997-01-23 23:00:00,3.8,52,4.1,10,0,0,0
1997-01-24 00:00:00,3.1,58,3.6,10,0,0,0
1997-01-24 01:00:00,2.0,70,4.1,20,0,0,0
1997-01-24 02:00:00,2.5,69,5.2,20,0,0,0
1997-01-24 03:00:00,1.3,67,4.6,30,0,0,0
1997-01-24 04:00:00,0.8,68,4.6,40,0,0,0
1997-01-24 05:00:00,0.3,76,5.2,50,0,0,0
1997-01-24 06:00:00,-0.1,72,6.2,50,0,0,0
1997-01-24 07:00:00,0.2,70,4.1,60,0,0,0
1997-01-24 08:00:00,0.3,70,4.6,60,6,0,6
1997-01-24 09:00:00,0.7,71,4.1,50,53,0,53
1997-01-24 10:00:00,0.9,72,4.6,50,102,0,102
1997-01-24 11:00:00,1.4,72,3.6,50,140,0,140
1997-01-24 12:00:00,2.0,73,3.6,50,163,0,163
1997-01-24 13:00:00,2.7,77,3.1,70,168,0,168
1997-01-24 14:00:00,2.9,81,3.1,60,132,0,132
1997-01-24 15:00:00,3.0,83,2.6,50,108,0,108
1997-01-24 16:00:00,3.3,91,0.0,0,73,0,73
1997-01-24 17:00:00,3.8,95,1.0,50,31,0,31
1997-01-24 18:00:00,4.5,99,1.5,30,1,0,1
1997-01-24 19:00:00,5.4,99,2.1,50,0,0,0
1997-01-24 20:00:00,8.0,100,5.7,10,0,0,0
1997-01-24 21:00:00,7.3,99,5.2,10,0,0,0
1997-01-24 22:00:00,3.1,99,3.1,70,0,0,0
1997-01-24 23:00:00,4.0,100,0.0,0,0,0,0
1997-01-25 00:00:00,3.9,100,1.5,120,0,0,0
1997-01-25 01:00:00,3.9,100,3.1,120,0,0,0
1997-01-25 02:00:00,3.5,100,3.6,120,0,0,0
1997-01-25 03:00:00,4.3,100,4.6,120,0,0,0
1997-01-25 04:00:00,5.0,100,5.1,120,0,0,0
1997-01-25 05:00:00,5.4,100,7.7,120,0,0,0
1997-01-25 06:00:00,6.0,100,7.7,120,0,0,0
1997-01-25 07:00:00,5.7,100,4.1,120,0,0,0
1997-01-25 08:00:00,6.7,98,6.7,110,4,0,4
1997-01-25 09:00:00,7.0,97,5.7,120,42,0,42
1997-01-25 10:00:00,7.9,93,5.2,110,82,0,82
1997-01-25 11:00:00,8.9,90,6.7,240,114,0,114
1997-01-25 12:00:00,11.9,80,4.1,260,200,0,200
1997-01-25 13:00:00,12.6,73,4.1,300,166,0,166
1997-01-25 14:00:00,10.7,69,4.1,300,263,129,198
1997-01-25 15:00:00,11.3,42,6.7,330,296,59,271
1997-01-25 16:00:00,11.9,29,8.8,320,225,466,86
1997-01-25 17:00:00,9.7,30,8.2,320,95,436,34
1997-01-25 18:00:00,8.2,33,6.7,320,3,39,2
1997-01-25 19:00:00,6.7,42,6.7,310,0,0,0
1997-01-25 20:00:00,5.5,42,5.7,300,0,0,0
1997-01-25 21:00:00,4.9,44,5.7,310,0,0,0
1997-01-25 22:00:00,4.5,47,6.2,300,0,0,0
1997-01-25 23:00:00,3.6,50,6.2,330,0,0,0
1997-01-26 00:00:00,2.8,49,3.6,320,0,0,0
1997-01-26 01:00:00,2.5,48,5.7,320,0,0,0
1997-01-26 02:00:00,1.9,41,9.8,320,0,0,0
1997-01-26 03:00:00,0.5,37,7.2,320,0,0,0
1997-01-26 04:00:00,-0.1,40,6.2,310,0,0,0
1997-01-26 05:00:00,-0.7,40,7.2,340,0,0,0
1997-01-26 06:00:00,-1.3,43,5.2,10,0,0,0
1997-01-26 07:00:00,-1.9,44,1.5,270,0,0,0
1997-01-26 08:00:00,-1.7,46,2.6,10,19,118,12
1997-01-26 09:00:00,-1.1,45,4.6,290,113,276,59
1997-01-26 10:00:00,0.3,42,7.2,360,274,394,139
1997-01-26 11:00:00,0.9,39,5.2,300,261,251,147
1997-01-26 12:00:00,1.6,37,7.7,320,314,150,236
1997-01-26 13:00:00,2.1,37,5.2,310,213,0,213
1997-01-26 14:00:00,1.6,39,4.6,340,199,0,199
1997-01-26 15:00:00,1.2,41,3.1,330,165,0,165
1997-01-26 16:00:00,0.9,41,5.2,340,112,0,112
1997-01-26 17:00:00,0.9,42,4.6,350,40,46,33
1997-01-26 18:00:00,0.2,42,3.6,340,3,1,3
1997-01-26 19:00:00,0.7,42,4.1,350,0,0,0
1997-01-26 20:00:00,0.5,44,2.1,30,0,0,0
1997-01-26 21:00:00,0.2,50,2.6,80,0,0,0
1997-01-26 22:00:00,0.1,49,2.1,100,0,0,0
1997-01-26 23:00:00,-0.1,49,2.6,100,0,0,0
1997-01-27 00:00:00,-0.1,49,2.6,90,0,0,0
1997-01-27 01:00:00,-0.1,50,3.6,110,0,0,0
1997-01-27 02:00:00,-0.2,46,2.1,90,0,0,0
1997-01-27 03:00:00,-0.2,48,1.5,90,0,0,0
1997-01-27 04:00:00,-0.1,53,1.5,110,0,0,0
1997-01-27 05:00:00,-0.3,55,2.6,110,0,0,0
1997-01-27 06:00:00,-0.2,55,3.6,110,0,0,0
1997-01-27 07:00:00,-0.4,56,2.6,110,0,0,0
1997-01-27 08:00:00,-0.3,58,1.5,110,8,0,8
1997-01-27 09:00:00,0.2,53,3.1,140,52,0,52
1997-01-27 10:00:00,0.6,57,3.6,130,101,0,101
1997-01-27 11:00:00,1.3,57,3.6,130,139,0,139
1997-01-27 12:00:00,2.0,56,4.1,150,163,0,163
1997-01-27 13:00:00,3.8,55,3.6,150,169,0,169
1997-01-27 14:00:00,4.2,55,3.1,160,197,0,197
1997-01-27 15:00:00,4.6,63,4.6,180,162,0,162
1997-01-27 16:00:00,4.6,61,4.6,170,87,0,87
1997-01-27 17:00:00,4.8,66,4.1,160,37,0,37
1997-01-27 18:00:00,4.9,69,3.6,160,1,0,1
1997-01-27 19:00:00,4.6,77,6.2,170,0,0,0
1997-01-27 20:00:00,4.4,85,4.1,190,0,0,0
1997-01-27 21:00:00,4.3,86,4.1,200,0,0,0
1997-01-27 22:00:00,4.5,87,4.1,190,0,0,0
1997-01-27 23:00:00,4.3,88,5.2,190,0,0,0
1997-01-28 00:00:00,4.2,92,5.2,190,0,0,0
1997-01-28 01:00:00,4.1,93,5.7,200,0,0,0
1997-01-28 02:00:00,4.8,90,3.6,200,0,0,0
1997-01-28 03:00:00,4.3,94,4.1,200,0,0,0
1997-01-28 04:00:00,4.0,100,4.1,200,0,0,0
1997-01-28 05:00:00,5.1,96,4.6,210,0,0,0
1997-01-28 06:00:00,5.8,97,6.7,210,0,0,0
1997-01-28 07:00:00,6.4,97,5.7,230,0,0,0
1997-01-28 08:00:00,7.0,98,5.7,210,6,0,6
1997-01-28 09:00:00,8.0,98,6.7,320,36,0,36
1997-01-28 10:00:00,9.3,89,7.2,330,101,0,101
1997-01-28 11:00:00,8.3,83,4.6,340,140,0,140
1997-01-28 12:00:00,7.2,71,8.2,350,204,0,204
1997-01-28 13:00:00,6.7,53,8.2,330,212,0,212
1997-01-28 14:00:00,6.0,56,7.2,350,198,0,198
1997-01-28 15:00:00,6.2,48,7.7,350,163,0,163
1997-01-28 16:00:00,5.2,40,7.7,350,234,492,82
1997-01-28 17:00:00,4.0,40,5.7,340,89,60,80
1997-01-28 18:00:00,2.9,51,3.6,350,3,6,2
1997-01-28 19:00:00,2.9,49,5.2,350,0,0,0
1997-01-28 20:00:00,2.3,51,3.1,360,0,0,0
1997-01-28 21:00:00,2.6,48,6.7,340,0,0,0
1997-01-28 22:00:00,2.1,49,2.1,350,0,0,0
1997-01-28 23:00:00,0.6,63,0.0,0,0,0,0
1997-01-29 00:00:00,1.2,56,4.6,300,0,0,0
1997-01-29 01:00:00,0.1,57,3.1,250,0,0,0
1997-01-29 02:00:00,0.2,52,3.1,290,0,0,0
1997-01-29 03:00:00,-0.6,54,2.1,280,0,0,0
1997-01-29 04:00:00,-0.7,46,1.5,270,0,0,0
1997-01-29 05:00:00,-1.7,53,2.6,340,0,0,0
1997-01-29 06:00:00,-1.9,50,4.1,340,0,0,0
1997-01-29 07:00:00,-2.0,46,3.6,340,0,0,0
1997-01-29 08:00:00,-2.0,49,6.2,350,16,77,11
1997-01-29 09:00:00,-1.2,45,5.2,310,150,513,46
1997-01-29 10:00:00,-0.6,40,4.6,320,315,711,65
1997-01-29 11:00:00,0.2,36,3.6,310,451,802,80
1997-01-29 12:00:00,1.0,30,2.1,320,481,689,116
1997-01-29 13:00:00,1.7,28,2.6,330,534,747,124
1997-01-29 14:00:00,2.5,28,0.0,0,488,711,122
1997-01-29 15:00:00,2.6,28,0.0,0,362,604,99
1997-01-29 16:00:00,2.7,24,0.0,0,238,483,87
1997-01-29 17:00:00,2.1,28,2.1,300,83,134,62
1997-01-29 18:00:00,1.3,33,2.1,310,4,18,3
1997-01-29 19:00:00,0.3,50,5.2,100,0,0,0
1997-01-29 20:00:00,-0.7,48,2.1,70,0,0,0
1997-01-29 21:00:00,-1.0,46,0.0,0,0,0,0
1997-01-29 22:00:00,-1.6,51,2.1,60,0,0,0
1997-01-29 23:00:00,-1.6,53,0.0,0,0,0,0
1997-01-30 00:00:00,-1.7,55,2.1,60,0,0,0
1997-01-30 01:00:00,-2.2,59,0.0,0,0,0,0
1997-01-30 02:00:00,-2.5,59,0.0,0,0,0,0
1997-01-30 03:00:00,-2.9,62,0.0,0,0,0,0
1997-01-30 04:00:00,-3.4,67,0.0,0,0,0,0
1997-01-30 05:00:00,-3.2,67,2.6,50,0,0,0
1997-01-30 06:00:00,-3.4,69,5.2,50,0,0,0
1997-01-30 07:00:00,-3.7,70,2.1,80,0,0,0
1997-01-30 08:00:00,-3.1,65,4.6,70,9,0,9
1997-01-30 09:00:00,-2.1,64,3.1,50,67,0,67
1997-01-30 10:00:00,-1.0,57,1.5,20,129,0,129
1997-01-30 11:00:00,0.8,55,1.5,30,350,435,148
1997-01-30 12:00:00,2.7,49,2.1,90,378,228,255
1997-01-30 13:00:00,3.5,43,1.5,140,291,174,195
1997-01-30 14:00:00,4.2,40,2.6,190,171,24,159
1997-01-30 15:00:00,4.2,43,1.5,280,296,284,171
1997-01-30 16:00:00,4.9,42,0.0,0,157,103,124
1997-01-30 17:00:00,3.7,50,1.5,60,93,254,52
1997-01-30 18:00:00,3.0,68,2.6,70,3,12,3
1997-01-30 19:00:00,2.5,71,0.0,0,0,0,0
1997-01-30 20:00:00,1.6,80,2.6,50,0,0,0
1997-01-30 21:00:00,2.2,74,2.1,50,0,0,0
1997-01-30 22:00:00,2.0,79,0.0,0,0,0,0
1997-01-30 23:00:00,2.0,83,0.0,0,0,0,0
1997-01-31 00:00:00,1.7,84,1.0,40,0,0,0
1997-01-31 01:00:00,1.5,86,0.0,0,0,0,0
1997-01-31 02:00:00,1.6,85,0.0,0,0,0,0
1997-01-31 03:00:00,1.5,85,0.0,0,0,0,0
1997-01-31 04:00:00,1.6,86,0.0,0,0,0,0
1997-01-31 05:00:00,1.7,86,0.0,0,0,0,0
1997-01-31 06:00:00,1.6,88,0.0,0,0,0,0
1997-01-31 07:00:00,1.6,87,0.0,0,0,0,0
1997-01-31 08:00:00,1.8,86,0.0,0,24,34,21
1997-01-31 09:00:00,2.1,86,0.0,0,123,123,97
1997-01-31 10:00:00,2.6,85,2.1,180,202,325,85
1997-01-31 11:00:00,3.4,81,2.6,180,224,202,128
1997-01-31 12:00:00,4.1,76,3.6,170,354,159,268
1997-01-31 13:00:00,6.0,70,3.6,190,302,119,236
1997-01-31 14:00:00,6.6,67,4.1,160,200,174,108
1997-01-31 15:00:00,6.6,67,4.1,170,346,267,228
1997-01-31 16:00:00,6.3,67,3.6,170,112,83,85
1997-01-31 17:00:00,6.5,67,3.6,190,86,52,77
1997-01-31 18:00:00,6.7,67,5.7,150,5,11,5
1997-01-31 19:00:00,6.5,66,4.6,180,0,0,0
1997-01-31 20:00:00,7.5,60,6.7,210,0,0,0
1997-01-31 21:00:00,7.1,62,4.1,210,0,0,0
1997-01-31 22:00:00,6.2,64,3.9,190,0,0,0
1997-01-31 23:00:00,5.4,65,3.7,190,0,0,0
1997-02-01 00:00:00,4.5,71,3.5,180,0,0,0
1995-02-01 01:00:00,3.7,67,3.2,220,0,0,0
1995-02-01 02:00:00,2.8,66,3.0,220,0,0,0
1995-02-01 03:00:00,2.0,73,2.8,180,0,0,0
1995-02-01 04:00:00,1.1,67,2.6,190,0,0,0
1995-02-01 05:00:00,-0.6,66,3.6,200,0,0,0
1995-02-01 06:00:00,-0.6,66,3.6,180,0,0,0
1995-02-01 07:00:00,-0.6,73,3.6,190,0,0,0
1995-02-01 08:00:00,0.0,62,2.6,230,17,60,13
1995-02-01 09:00:00,2.8,57,4.1,180,137,392,54
1995-02-01 10:00:00,4.4,63,5.2,170,305,546,108
1995-02-01 11:00:00,6.7,57,4.6,170,438,708,104
1995-02-01 12:00:00,7.8,55,6.2,170,412,461,164
1995-02-01 13:00:00,8.9,49,4.1,200,350,179,250
1995-02-01 14:00:00,7.8,58,3.6,180,187,0,187
1995-02-01 15:00:00,7.8,63,4.1,180,205,47,183
1995-02-01 16:00:00,8.9,49,5.7,220,98,0,98
1995-02-01 17:00:00,8.9,49,4.1,230,82,21,79
1995-02-01 18:00:00,8.3,51,3.1,220,3,0,3
1995-02-01 19:00:00,8.9,49,2.6,240,0,0,0
1995-02-01 20:00:00,6.7,62,2.6,110,0,0,0
1995-02-01 21:00:00,7.8,55,2.6,360,0,0,0
1995-02-01 22:00:00,7.8,55,4.1,320,0,0,0
1995-02-01 23:00:00,8.3,58,3.6,320,0,0,0
1995-02-02 00:00:00,7.2,63,3.1,300,0,0,0
1995-02-02 01:00:00,7.2,63,3.1,310,0,0,0
1995-02-02 02:00:00,7.2,57,5.2,310,0,0,0
1995-02-02 03:00:00,6.1,62,2.6,360,0,0,0
1995-02-02 04:00:00,6.1,54,4.6,330,0,0,0
1995-02-02 05:00:00,6.1,51,3.6,330,0,0,0
1995-02-02 06:00:00,6.1,47,5.2,310,0,0,0
1995-02-02 07:00:00,6.1,45,7.2,320,0,0,0
1995-02-02 08:00:00,6.1,45,7.2,330,24,36,22
1995-02-02 09:00:00,6.7,47,7.7,320,86,35,79
1995-02-02 10:00:00,6.7,47,7.7,310,174,62,151
1995-02-02 11:00:00,7.2,50,7.7,330,251,68,219
1995-02-02 12:00:00,7.2,57,5.2,320,357,109,298
1995-02-02 13:00:00,6.1,56,4.1,320,175,0,175
1995-02-02 14:00:00,6.7,49,5.2,320,264,124,198
1995-02-02 15:00:00,7.8,44,7.7,330,240,230,137
1995-02-02 16:00:00,7.8,44,6.7,340,263,559,81
1995-02-02 17:00:00,6.7,43,7.2,340,98,266,53
1995-02-02 18:00:00,5.0,44,4.1,330,8,72,5
1995-02-02 19:00:00,5.0,40,4.6,340,0,0,0
1995-02-02 20:00:00,3.9,43,4.1,340,0,0,0
1995-02-02 21:00:00,3.3,43,3.6,330,0,0,0
1995-02-02 22:00:00,2.8,40,4.1,320,0,0,0
1995-02-02 23:00:00,2.2,46,4.6,330,0,0,0
1995-02-03 00:00:00,2.2,44,6.7,360,0,0,0
1995-02-03 01:00:00,1.1,46,6.2,50,0,0,0
1995-02-03 02:00:00,0.0,40,5.7,40,0,0,0
1995-02-03 03:00:00,-1.1,38,6.2,20,0,0,0
1995-02-03 04:00:00,-1.7,40,6.2,10,0,0,0
1995-02-03 05:00:00,-2.2,44,3.6,30,0,0,0
1995-02-03 06:00:00,-3.3,44,5.7,340,0,0,0
1995-02-03 07:00:00,-4.4,41,5.2,350,0,0,0
1995-02-03 08:00:00,-3.9,37,5.2,10,23,153,12
1995-02-03 09:00:00,-3.3,38,3.6,40,142,442,46
1995-02-03 10:00:00,-1.7,29,3.1,350,285,543,86
1995-02-03 11:00:00,-1.1,28,2.1,70,458,814,67
1995-02-03 12:00:00,-0.6,28,2.1,120,208,0,208
1995-02-03 13:00:00,0.0,30,2.6,80,216,0,216
1995-02-03 14:00:00,2.2,24,2.1,100,213,15,204
1995-02-03 15:00:00,1.1,28,4.6,60,133,0,133
1995-02-03 16:00:00,1.1,28,3.1,110,91,0,91
1995-02-03 17:00:00,0.0,45,5.2,100,40,0,40
1995-02-03 18:00:00,-0.6,47,5.7,110,3,0,3
1995-02-03 19:00:00,-1.1,44,3.1,130,0,0,0
1995-02-03 20:00:00,-1.1,44,5.2,110,0,0,0
1995-02-03 21:00:00,-0.6,42,4.1,100,0,0,0
1995-02-03 22:00:00,-0.6,45,3.1,120,0,0,0
1995-02-03 23:00:00,0.0,52,4.6,120,0,0,0
1995-02-04 00:00:00,0.0,62,5.2,130,0,0,0
1995-02-04 01:00:00,-1.1,83,4.6,130,0,0,0
1995-02-04 02:00:00,-1.1,91,3.6,90,0,0,0
1995-02-04 03:00:00,-1.1,91,2.6,10,0,0,0
1995-02-04 04:00:00,-1.1,95,4.1,340,0,0,0
1995-02-04 05:00:00,-1.1,100,4.1,40,0,0,0
1995-02-04 06:00:00,0.0,95,3.6,10,0,0,0
1995-02-04 07:00:00,-0.6,96,5.2,320,0,0,0
1995-02-04 08:00:00,-1.7,83,6.2,330,8,0,8
1995-02-04 09:00:00,-2.2,87,4.1,330,60,0,60
1995-02-04 10:00:00,-1.7,91,8.2,320,110,0,110
1995-02-04 11:00:00,0.6,76,7.7,300,437,693,102
1995-02-04 12:00:00,1.7,61,7.7,300,555,903,57
1995-02-04 13:00:00,1.7,58,8.2,310,234,81,188
1995-02-04 14:00:00,2.2,53,9.8,300,167,0,167
1995-02-04 15:00:00,2.8,49,7.7,310,348,46,326
1995-02-04 16:00:00,2.2,44,7.7,300,212,161,158
1995-02-04 17:00:00,1.7,46,9.3,300,87,47,79
1995-02-04 18:00:00,1.1,48,7.7,310,3,0,3
1995-02-04 19:00:00,1.1,46,6.7,300,0,0,0
1995-02-04 20:00:00,0.6,47,7.7,300,0,0,0
1995-02-04 21:00:00,0.6,47,8.8,300,0,0,0
1995-02-04 22:00:00,-0.6,52,9.8,300,0,0,0
1995-02-04 23:00:00,-1.7,44,9.3,300,0,0,0
1995-02-05 00:00:00,-2.2,51,9.8,290,0,0,0
1995-02-05 01:00:00,-2.8,42,7.7,310,0,0,0
1995-02-05 02:00:00,-3.3,56,6.7,300,0,0,0
1995-02-05 03:00:00,-3.9,41,8.2,300,0,0,0
1995-02-05 04:00:00,-3.9,37,6.7,300,0,0,0
1995-02-05 05:00:00,-4.4,39,7.2,290,0,0,0
1995-02-05 06:00:00,-5.0,39,8.8,300,0,0,0
1995-02-05 07:00:00,-5.6,41,7.7,300,0,0,0
1995-02-05 08:00:00,-6.1,45,6.7,290,23,70,18
1995-02-05 09:00:00,-6.1,33,13.4,310,131,227,80
1995-02-05 10:00:00,-6.1,30,11.8,310,333,600,108
1995-02-05 11:00:00,-6.7,30,8.2,300,464,699,123
1995-02-05 12:00:00,-6.7,33,9.3,310,527,726,123
1995-02-05 13:00:00,-6.1,30,12.4,300,548,746,119
1995-02-05 14:00:00,-5.6,29,7.2,310,493,703,111
1995-02-05 15:00:00,-5.6,27,10.3,310,426,706,100
1995-02-05 16:00:00,-6.1,28,7.7,290,249,387,118
1995-02-05 17:00:00,-6.7,28,8.2,310,111,340,49
1995-02-05 18:00:00,-7.2,26,6.7,320,8,37,6
1995-02-05 19:00:00,-8.3,31,7.7,310,0,0,0
1995-02-05 20:00:00,-9.4,30,8.8,320,0,0,0
1995-02-05 21:00:00,-10.0,29,8.8,310,0,0,0
1995-02-05 22:00:00,-11.1,33,7.7,310,0,0,0
1995-02-05 23:00:00,-12.2,35,6.7,310,0,0,0
1995-02-06 00:00:00,-12.2,31,8.8,290,0,0,0
1995-02-06 01:00:00,-12.8,31,8.2,310,0,0,0
1995-02-06 02:00:00,-13.3,33,8.8,300,0,0,0
1995-02-06 03:00:00,-13.9,28,5.2,300,0,0,0
1995-02-06 04:00:00,-13.9,33,2.6,250,0,0,0
1995-02-06 05:00:00,-13.9,33,4.6,270,0,0,0
1995-02-06 06:00:00,-13.9,39,4.1,240,0,0,0
1995-02-06 07:00:00,-13.3,39,6.7,240,0,0,0
1995-02-06 08:00:00,-12.2,39,4.6,240,30,210,15
1995-02-06 09:00:00,-11.7,37,5.2,230,186,631,43
1995-02-06 10:00:00,-9.4,32,6.2,250,364,805,60
1995-02-06 11:00:00,-7.8,33,8.2,280,484,840,71
1995-02-06 12:00:00,-6.7,30,9.8,280,526,742,110
1995-02-06 13:00:00,-5.6,29,9.8,300,501,466,231
1995-02-06 14:00:00,-5.0,27,8.2,300,304,283,149
1995-02-06 15:00:00,-4.4,29,7.2,270,386,580,116
1995-02-06 16:00:00,-3.9,28,7.2,290,275,625,61
1995-02-06 17:00:00,-5.0,29,8.2,290,133,511,38
1995-02-06 18:00:00,-5.6,30,7.2,300,12,104,7
1995-02-06 19:00:00,-6.7,35,4.1,320,0,0,0
1995-02-06 20:00:00,-7.2,37,5.7,320,0,0,0
1995-02-06 21:00:00,-7.2,37,5.2,300,0,0,0
1995-02-06 22:00:00,-7.2,35,4.6,280,0,0,0
1995-02-06 23:00:00,-7.8,36,3.1,250,0,0,0
1995-02-07 00:00:00,-8.3,38,3.1,290,0,0,0
1995-02-07 01:00:00,-8.3,38,2.6,210,0,0,0
1995-02-07 02:00:00,-8.3,38,4.6,280,0,0,0
1995-02-07 03:00:00,-8.3,34,3.6,290,0,0,0
1995-02-07 04:00:00,-8.3,36,2.6,290,0,0,0
1995-02-07 05:00:00,-8.3,38,2.6,300,0,0,0
1995-02-07 06:00:00,-8.3,38,2.1,310,0,0,0
1995-02-07 07:00:00,-10.6,57,4.1,210,0,0,0
1995-02-07 08:00:00,-9.4,51,2.6,240,25,44,21
1995-02-07 09:00:00,-6.7,50,2.1,180,150,249,93
1995-02-07 10:00:00,-5.6,41,4.6,200,288,396,136
1995-02-07 11:00:00,-3.9,37,4.1,190,438,580,151
1995-02-07 12:00:00,-2.8,34,4.6,190,504,620,154
1995-02-07 13:00:00,-2.2,32,4.6,200,533,560,206
1995-02-07 14:00:00,-1.1,33,4.6,210,543,608,207
1995-02-07 15:00:00,-0.6,28,4.6,230,429,630,132
1995-02-07 16:00:00,-1.1,28,3.6,180,103,0,103
1995-02-07 17:00:00,-1.1,31,3.6,190,48,0,48
1995-02-07 18:00:00,-1.7,31,2.6,220,8,2,8
1995-02-07 19:00:00,-1.7,27,2.1,310,0,0,0
1995-02-07 20:00:00,-1.7,38,1.5,110,0,0,0
1995-02-07 21:00:00,-2.2,46,1.5,80,0,0,0
1995-02-07 22:00:00,-2.8,44,1.5,30,0,0,0
1995-02-07 23:00:00,-3.3,46,2.6,340,0,0,0
1995-02-08 00:00:00,-3.9,53,1.5,10,0,0,0
1995-02-08 01:00:00,-4.4,56,5.2,330,0,0,0
1995-02-08 02:00:00,-4.4,48,4.6,350,0,0,0
1995-02-08 03:00:00,-4.4,50,4.1,330,0,0,0
1995-02-08 04:00:00,-5.0,56,5.2,340,0,0,0
1995-02-08 05:00:00,-6.1,58,3.6,330,0,0,0
1995-02-08 06:00:00,-6.7,58,3.6,340,0,0,0
1995-02-08 07:00:00,-6.7,56,6.7,330,0,0,0
1995-02-08 08:00:00,-6.7,56,6.7,320,25,16,24
1995-02-08 09:00:00,-6.1,53,8.2,330,138,40,129
1995-02-08 10:00:00,-5.6,51,8.8,340,150,50,131
1995-02-08 11:00:00,-5.0,48,7.2,320,259,252,133
1995-02-08 12:00:00,-3.9,46,6.7,310,365,349,166
1995-02-08 13:00:00,-3.3,39,7.2,320,456,579,115
1995-02-08 14:00:00,-2.8,38,9.3,320,536,704,145
1995-02-08 15:00:00,-3.3,36,8.8,310,277,193,185
1995-02-08 16:00:00,-3.9,44,9.8,320,142,26,133
1995-02-08 17:00:00,-4.4,37,8.8,320,63,76,49
1995-02-08 18:00:00,-5.6,35,7.7,320,15,137,8
1995-02-08 19:00:00,-6.1,39,5.2,310,0,0,0
1995-02-08 20:00:00,-6.1,37,5.2,300,0,0,0
1995-02-08 21:00:00,-6.7,39,5.7,300,0,0,0
1995-02-08 22:00:00,-6.7,41,4.6,280,0,0,0
1995-02-08 23:00:00,-6.7,41,5.7,290,0,0,0
1995-02-09 00:00:00,-7.2,42,4.6,300,0,0,0
1995-02-09 01:00:00,-7.2,42,6.2,310,0,0,0
1995-02-09 02:00:00,-7.2,47,4.6,300,0,0,0
1995-02-09 03:00:00,-7.8,45,3.6,280,0,0,0
1995-02-09 04:00:00,-7.2,45,3.6,290,0,0,0
1995-02-09 05:00:00,-7.2,45,5.2,290,0,0,0
1995-02-09 06:00:00,-7.2,45,4.1,300,0,0,0
1995-02-09 07:00:00,-7.2,45,4.1,280,0,0,0
1995-02-09 08:00:00,-7.8,50,4.1,220,34,251,15
1995-02-09 09:00:00,-6.1,45,4.1,200,197,654,41
1995-02-09 10:00:00,-5.0,39,3.6,220,376,827,54
1995-02-09 11:00:00,-2.8,32,7.2,260,514,824,99
1995-02-09 12:00:00,-2.2,31,6.2,260,222,0,222
1995-02-09 13:00:00,-1.1,28,6.7,250,230,0,230
1995-02-09 14:00:00,-1.1,30,7.2,220,216,0,216
1995-02-09 15:00:00,-1.1,35,4.6,200,181,0,181
1995-02-09 16:00:00,-1.1,35,5.2,210,178,171,116
1995-02-09 17:00:00,-0.6,33,4.1,210,105,322,42
1995-02-09 18:00:00,-1.1,33,4.1,210,17,78,13
1995-02-09 19:00:00,-2.2,42,3.1,200,0,0,0
1995-02-09 20:00:00,-2.2,42,4.1,200,0,0,0
1995-02-09 21:00:00,-2.8,42,3.1,190,0,0,0
1995-02-09 22:00:00,-1.7,33,1.5,180,0,0,0
1995-02-09 23:00:00,-0.6,33,0.0,0,0,0,0
1995-02-10 00:00:00,-1.7,54,0.0,0,0,0,0
1995-02-10 01:00:00,-2.2,48,1.5,190,0,0,0
1995-02-10 02:00:00,-1.7,49,1.5,200,0,0,0
1995-02-10 03:00:00,-2.8,69,1.0,140,0,0,0
1995-02-10 04:00:00,-3.9,71,3.1,160,0,0,0
1995-02-10 05:00:00,-3.3,56,2.1,200,0,0,0
1995-02-10 06:00:00,-2.8,72,0.0,0,0,0,0
1995-02-10 07:00:00,-3.3,68,2.1,210,0,0,0
1995-02-10 08:00:00,-1.7,63,2.6,190,29,33,26
1995-02-10 09:00:00,0.0,52,2.6,190,162,172,120
1995-02-10 10:00:00,1.1,46,3.6,180,95,0,95
1995-02-10 11:00:00,1.7,50,3.6,180,135,0,135
1995-02-10 12:00:00,2.8,40,1.5,150,160,0,160
1995-02-10 13:00:00,2.8,46,3.6,180,167,0,167
1995-02-10 14:00:00,3.3,52,2.1,180,156,0,156
1995-02-10 15:00:00,4.4,51,2.1,170,126,0,126
1995-02-10 16:00:00,5.6,37,6.7,210,83,0,83
1995-02-10 17:00:00,4.4,46,4.1,220,45,0,45
1995-02-10 18:00:00,4.4,40,4.6,210,11,16,10
1995-02-10 19:00:00,3.3,39,5.2,210,0,0,0
1995-02-10 20:00:00,2.8,42,4.6,200,0,0,0
1995-02-10 21:00:00,2.2,51,5.2,190,0,0,0
1995-02-10 22:00:00,1.7,61,3.6,190,0,0,0
1995-02-10 23:00:00,1.7,70,4.6,200,0,0,0
1995-02-11 00:00:00,1.1,77,3.6,190,0,0,0
1995-02-11 01:00:00,0.6,80,4.1,190,0,0,0
1995-02-11 02:00:00,1.1,84,2.1,190,0,0,0
1995-02-11 03:00:00,0.6,87,2.1,180,0,0,0
1995-02-11 04:00:00,0.6,91,2.6,180,0,0,0
1995-02-11 05:00:00,0.6,91,0.0,0,0,0,0
1995-02-11 06:00:00,0.0,87,0.0,0,0,0,0
1995-02-11 07:00:00,1.1,92,0.0,0,0,0,0
1995-02-11 08:00:00,0.6,91,0.0,0,44,57,39
1995-02-11 09:00:00,1.1,88,1.5,310,151,203,101
1995-02-11 10:00:00,1.7,88,3.6,180,352,716,66
1995-02-11 11:00:00,6.7,54,4.1,350,515,842,83
1995-02-11 12:00:00,8.3,44,4.6,350,605,912,74
1995-02-11 13:00:00,9.4,41,5.2,300,528,539,204
1995-02-11 14:00:00,9.4,36,5.2,310,483,568,160
1995-02-11 15:00:00,8.9,35,4.1,310,456,733,98
1995-02-11 16:00:00,9.4,36,6.7,340,276,451,111
1995-02-11 17:00:00,7.2,34,6.7,340,77,49,66
1995-02-11 18:00:00,5.6,35,5.2,330,10,14,9
1995-02-11 19:00:00,5.0,28,5.7,340,0,0,0
1995-02-11 20:00:00,4.4,29,5.2,330,0,0,0
1995-02-11 21:00:00,3.3,28,7.2,320,0,0,0
1995-02-11 22:00:00,2.2,27,8.2,330,0,0,0
1995-02-11 23:00:00,1.1,28,10.3,330,0,0,0
1995-02-12 00:00:00,0.6,26,12.9,320,0,0,0
1995-02-12 01:00:00,-0.6,30,9.8,340,0,0,0
1995-02-12 02:00:00,-1.1,31,6.2,320,0,0,0
1995-02-12 03:00:00,-2.2,36,7.7,310,0,0,0
1995-02-12 04:00:00,-3.3,36,7.7,340,0,0,0
1995-02-12 05:00:00,-5.6,43,9.8,330,0,0,0
1995-02-12 06:00:00,-6.7,37,9.8,310,0,0,0
1995-02-12 07:00:00,-8.9,31,8.2,330,0,0,0
1995-02-12 08:00:00,-10.0,29,7.7,330,44,329,17
1995-02-12 09:00:00,-10.0,26,9.3,300,214,700,38
1995-02-12 10:00:00,-8.9,25,7.7,330,392,844,53
1995-02-12 11:00:00,-7.8,24,7.7,330,535,911,64
1995-02-12 12:00:00,-6.7,24,7.7,330,623,943,70
1995-02-12 13:00:00,-6.1,24,6.7,320,648,951,72
1995-02-12 14:00:00,-5.0,22,8.8,290,608,938,69
1995-02-12 15:00:00,-5.0,24,7.7,320,502,888,64
1995-02-12 16:00:00,-3.9,22,8.2,320,352,821,49
1995-02-12 17:00:00,-4.4,23,4.1,300,169,643,34
1995-02-12 18:00:00,-5.0,23,5.2,290,21,197,9
1995-02-12 19:00:00,-5.6,23,5.7,320,0,0,0
1995-02-12 20:00:00,-6.1,25,5.7,310,0,0,0
1995-02-12 21:00:00,-6.7,28,5.7,300,0,0,0
1995-02-12 22:00:00,-7.2,31,4.6,310,0,0,0
1995-02-12 23:00:00,-7.2,29,4.6,310,0,0,0
1995-02-13 00:00:00,-7.8,31,3.1,340,0,0,0
1995-02-13 01:00:00,-7.8,31,5.2,330,0,0,0
1995-02-13 02:00:00,-7.8,33,4.6,330,0,0,0
1995-02-13 03:00:00,-7.8,36,4.6,350,0,0,0
1995-02-13 04:00:00,-7.8,33,3.6,340,0,0,0
1995-02-13 05:00:00,-7.2,33,3.6,350,0,0,0
1995-02-13 06:00:00,-7.2,33,4.1,340,0,0,0
1995-02-13 07:00:00,-7.8,35,3.1,350,0,0,0
1995-02-13 08:00:00,-6.7,32,2.1,320,39,150,27
1995-02-13 09:00:00,-5.6,27,6.2,330,113,116,83
1995-02-13 10:00:00,-4.4,27,5.7,310,177,247,76
1995-02-13 11:00:00,-3.9,28,4.1,250,295,146,218
1995-02-13 12:00:00,-1.7,23,6.2,250,534,660,144
1995-02-13 13:00:00,-1.1,22,7.2,280,550,536,222
1995-02-13 14:00:00,-0.6,22,4.1,260,490,485,210
1995-02-13 15:00:00,0.6,22,4.6,240,472,799,75
1995-02-13 16:00:00,0.6,21,4.1,270,350,779,60
1995-02-13 17:00:00,0.6,22,3.1,290,166,587,41
1995-02-13 18:00:00,-1.1,33,3.6,180,20,152,11
1995-02-13 19:00:00,-1.1,38,2.6,180,0,0,0
1995-02-13 20:00:00,-1.7,40,0.0,0,0,0,0
1995-02-13 21:00:00,-2.2,48,0.0,0,0,0,0
1995-02-13 22:00:00,-2.8,51,0.0,0,0,0,0
1995-02-13 23:00:00,-3.3,51,0.0,0,0,0,0
1995-02-14 00:00:00,-3.9,51,0.0,0,0,0,0
1995-02-14 01:00:00,-4.4,50,0.0,0,0,0,0
1995-02-14 02:00:00,-5.0,65,0.0,0,0,0,0
1995-02-14 03:00:00,-5.0,68,0.0,0,0,0,0
1995-02-14 04:00:00,-6.7,71,0.0,0,0,0,0
1995-02-14 05:00:00,-6.1,71,0.0,0,0,0,0
1995-02-14 06:00:00,-5.6,72,0.0,0,0,0,0
1995-02-14 07:00:00,-4.4,61,0.0,0,0,0,0
1995-02-14 08:00:00,-2.8,51,2.1,10,21,14,20
1995-02-14 09:00:00,-1.1,33,4.1,310,133,147,95
1995-02-14 10:00:00,-0.6,31,4.1,330,147,0,147
1995-02-14 11:00:00,0.6,30,5.2,330,197,0,197
1995-02-14 12:00:00,1.7,29,6.2,320,422,353,212
1995-02-14 13:00:00,2.8,27,4.1,320,514,600,145
1995-02-14 14:00:00,3.9,24,3.1,230,577,830,93
1995-02-14 15:00:00,3.9,23,3.1,310,286,328,121
1995-02-14 16:00:00,4.4,21,3.1,240,322,704,57
1995-02-14 17:00:00,4.4,23,2.1,270,168,588,40
1995-02-14 18:00:00,1.7,41,1.5,160,23,156,13
1995-02-14 19:00:00,1.1,46,3.1,80,0,0,0
1995-02-14 20:00:00,0.6,43,5.2,110,0,0,0
1995-02-14 21:00:00,0.0,43,3.6,130,0,0,0
1995-02-14 22:00:00,-0.6,47,2.6,150,0,0,0
1995-02-14 23:00:00,-1.1,51,4.1,160,0,0,0
1995-02-15 00:00:00,-1.1,54,3.1,150,0,0,0
1995-02-15 01:00:00,-1.7,57,2.6,160,0,0,0
1995-02-15 02:00:00,-1.1,57,1.5,150,0,0,0
1995-02-15 03:00:00,-1.7,59,0.0,0,0,0,0
1995-02-15 04:00:00,-1.1,57,2.6,180,0,0,0
1995-02-15 05:00:00,-0.6,57,3.1,180,0,0,0
1995-02-15 06:00:00,-0.6,54,3.1,210,0,0,0
1995-02-15 07:00:00,-1.1,79,2.6,130,0,0,0
1995-02-15 08:00:00,-2.2,91,3.6,180,19,0,19
1995-02-15 09:00:00,-1.7,91,2.1,170,52,0,52
1995-02-15 10:00:00,-1.1,91,2.6,150,105,0,105
1995-02-15 11:00:00,-0.6,91,2.1,180,138,0,138
1995-02-15 12:00:00,0.6,83,2.6,190,158,0,158
1995-02-15 13:00:00,0.6,83,2.6,190,195,0,195
1995-02-15 14:00:00,1.1,84,3.1,180,184,0,184
1995-02-15 15:00:00,0.6,91,2.6,180,156,0,156
1995-02-15 16:00:00,0.6,96,2.1,200,79,0,79
1995-02-15 17:00:00,0.6,96,2.6,180,42,0,42
1995-02-15 18:00:00,0.6,96,2.1,210,6,0,6
1995-02-15 19:00:00,0.6,96,2.1,180,0,0,0
1995-02-15 20:00:00,0.6,96,4.6,180,0,0,0
1995-02-15 21:00:00,0.6,96,5.2,190,0,0,0
1995-02-15 22:00:00,1.1,96,5.2,190,0,0,0
1995-02-15 23:00:00,1.1,96,4.6,180,0,0,0
1995-02-16 00:00:00,1.7,92,3.6,210,0,0,0
1995-02-16 01:00:00,1.7,92,2.6,300,0,0,0
1995-02-16 02:00:00,2.2,89,4.6,170,0,0,0
1995-02-16 03:00:00,2.2,89,4.6,170,0,0,0
1995-02-16 04:00:00,2.8,92,3.1,200,0,0,0
1995-02-16 05:00:00,2.8,96,0.0,0,0,0,0
1995-02-16 06:00:00,2.8,92,2.1,350,0,0,0
1995-02-16 07:00:00,3.3,92,0.0,0,0,0,0
1995-02-16 08:00:00,3.3,89,0.0,0,19,0,19
1995-02-16 09:00:00,4.4,86,2.6,40,73,0,73
1995-02-16 10:00:00,5.0,86,0.0,0,125,0,125
1995-02-16 11:00:00,5.6,82,0.0,0,165,0,165
1995-02-16 12:00:00,5.0,93,2.1,60,189,0,189
1995-02-16 13:00:00,5.0,93,3.1,40,291,107,224
1995-02-16 14:00:00,5.6,89,3.1,60,184,0,184
1995-02-16 15:00:00,5.0,93,2.1,40,156,0,156
1995-02-16 16:00:00,6.1,86,2.6,350,113,0,113
1995-02-16 17:00:00,5.6,85,4.6,350,60,0,60
1995-02-16 18:00:00,5.0,86,3.1,340,9,0,9
1995-02-16 19:00:00,4.4,89,2.6,360,0,0,0
1995-02-16 20:00:00,3.9,89,2.1,30,0,0,0
1995-02-16 21:00:00,3.3,92,0.0,0,0,0,0
1995-02-16 22:00:00,3.9,89,1.0,360,0,0,0
1995-02-16 23:00:00,3.3,89,0.0,0,0,0,0
1995-02-17 00:00:00,2.8,96,2.1,340,0,0,0
1995-02-17 01:00:00,3.9,89,3.1,330,0,0,0
1995-02-17 02:00:00,3.3,89,3.6,330,0,0,0
1995-02-17 03:00:00,3.3,89,2.1,350,0,0,0
1995-02-17 04:00:00,2.8,92,0.0,0,0,0,0
1995-02-17 05:00:00,2.2,89,3.1,330,0,0,0
1995-02-17 06:00:00,1.7,88,2.1,340,0,0,0
1995-02-17 07:00:00,1.1,88,3.1,350,0,0,0
1995-02-17 08:00:00,1.7,84,3.6,350,33,15,32
1995-02-17 09:00:00,3.9,72,2.6,40,200,284,123
1995-02-17 10:00:00,5.0,64,3.6,40,354,459,159
1995-02-17 11:00:00,6.7,54,2.6,20,472,544,178
1995-02-17 12:00:00,7.8,44,2.1,30,564,570,216
1995-02-17 13:00:00,7.2,50,2.6,80,527,314,329
1995-02-17 14:00:00,7.2,50,2.6,130,520,466,242
1995-02-17 15:00:00,8.9,45,2.1,130,395,282,249
1995-02-17 16:00:00,8.9,42,0.0,0,215,267,111
1995-02-17 17:00:00,7.2,57,1.5,180,77,55,64
1995-02-17 18:00:00,5.6,56,1.5,170,17,1,17
1995-02-17 19:00:00,3.9,69,2.6,180,0,0,0
1995-02-17 20:00:00,4.4,63,3.1,160,0,0,0
1995-02-17 21:00:00,3.3,72,2.1,180,0,0,0
1995-02-17 22:00:00,2.8,75,1.5,190,0,0,0
1995-02-17 23:00:00,1.1,88,3.1,180,0,0,0
1995-02-18 00:00:00,1.1,88,0.0,0,0,0,0
1995-02-18 01:00:00,0.6,91,0.0,0,0,0,0
1995-02-18 02:00:00,0.0,95,0.0,0,0,0,0
1995-02-18 03:00:00,0.0,95,0.0,0,0,0,0
1995-02-18 04:00:00,-0.6,96,0.0,0,0,0,0
1995-02-18 05:00:00,-1.1,95,0.0,0,0,0,0
1995-02-18 06:00:00,-1.7,96,1.5,10,0,0,0
1995-02-18 07:00:00,-1.1,95,2.1,20,0,0,0
1995-02-18 08:00:00,-0.6,96,0.0,0,19,0,19
1995-02-18 09:00:00,1.7,84,2.6,360,51,22,44
1995-02-18 10:00:00,2.8,75,3.1,20,196,48,175
1995-02-18 11:00:00,4.4,67,2.1,30,266,65,230
1995-02-18 12:00:00,6.7,54,2.6,30,185,38,162
1995-02-18 13:00:00,7.8,42,2.6,20,377,121,300
1995-02-18 14:00:00,7.8,42,2.6,60,453,216,322
1995-02-18 15:00:00,8.9,39,2.6,40,394,184,298
1995-02-18 16:00:00,8.3,39,2.6,60,304,519,99
1995-02-18 17:00:00,7.2,43,3.6,60,183,567,51
1995-02-18 18:00:00,5.6,44,3.1,100,28,188,15
1995-02-18 19:00:00,5.6,40,2.6,110,0,0,0
1995-02-18 20:00:00,3.3,57,2.1,120,0,0,0
1995-02-18 21:00:00,3.9,52,0.0,0,0,0,0
1995-02-18 22:00:00,2.2,65,0.0,0,0,0,0
1995-02-18 23:00:00,2.2,62,0.0,0,0,0,0
1995-02-19 00:00:00,1.1,70,1.5,20,0,0,0
1995-02-19 01:00:00,0.0,79,1.5,10,0,0,0
1995-02-19 02:00:00,-1.1,83,1.5,360,0,0,0
1995-02-19 03:00:00,-0.6,83,0.0,0,0,0,0
1995-02-19 04:00:00,-1.7,83,2.6,340,0,0,0
1995-02-19 05:00:00,-1.1,91,0.0,0,0,0,0
1995-02-19 06:00:00,-2.8,87,2.1,350,0,0,0
1995-02-19 07:00:00,-0.6,88,0.0,0,0,13,0
1995-02-19 08:00:00,0.6,80,1.0,50,42,93,32
1995-02-19 09:00:00,2.2,81,1.5,180,176,399,64
1995-02-19 10:00:00,4.4,76,0.0,0,330,520,104
1995-02-19 11:00:00,8.9,47,0.0,0,506,461,252
1995-02-19 12:00:00,7.2,57,0.0,0,459,183,346
1995-02-19 13:00:00,10.6,61,3.1,170,550,665,124
1995-02-19 14:00:00,11.1,61,3.1,160,565,703,139
1995-02-19 15:00:00,10.6,61,2.6,170,502,756,105
1995-02-19 16:00:00,10.6,61,2.6,150,286,400,127
1995-02-19 17:00:00,10.0,61,2.1,140,170,385,78
1995-02-19 18:00:00,8.3,68,2.6,170,27,57,22
1995-02-19 19:00:00,8.9,66,0.0,0,0,0,0
1995-02-19 20:00:00,8.3,71,0.0,0,0,0,0
1995-02-19 21:00:00,5.6,85,2.6,170,0,0,0
1995-02-19 22:00:00,5.0,86,2.6,170,0,0,0
1995-02-19 23:00:00,5.0,86,0.0,0,0,0,0
1995-02-20 00:00:00,4.4,93,1.5,190,0,0,0
1995-02-20 01:00:00,5.6,85,0.0,0,0,0,0
1995-02-20 02:00:00,3.9,93,2.1,170,0,0,0
1995-02-20 03:00:00,3.3,92,2.1,180,0,0,0
1995-02-20 04:00:00,3.9,93,0.0,0,0,0,0
1995-02-20 05:00:00,3.9,93,2.6,20,0,0,0
1995-02-20 06:00:00,3.9,89,2.1,350,0,0,0
1995-02-20 07:00:00,2.8,96,1.5,10,0,0,0
1995-02-20 08:00:00,3.9,93,1.5,50,37,16,35
1995-02-20 09:00:00,5.0,86,2.1,30,140,147,98
1995-02-20 10:00:00,6.7,82,1.5,80,313,314,175
1995-02-20 11:00:00,10.0,61,2.1,170,448,446,201
1995-02-20 12:00:00,11.7,61,1.5,80,595,515,273
1995-02-20 13:00:00,12.8,57,1.5,50,397,387,148
1995-02-20 14:00:00,15.0,49,3.1,360,593,607,221
1995-02-20 15:00:00,16.7,41,0.0,0,463,693,96
1995-02-20 16:00:00,14.4,53,4.6,120,331,577,99
1995-02-20 17:00:00,12.8,57,4.1,120,169,358,83
1995-02-20 18:00:00,11.1,63,3.6,120,23,40,20
1995-02-20 19:00:00,10.0,71,3.1,140,0,0,0
1995-02-20 20:00:00,8.9,77,2.6,150,0,0,0
1995-02-20 21:00:00,8.9,80,2.1,180,0,0,0
1995-02-20 22:00:00,8.3,83,2.1,170,0,0,0
1995-02-20 23:00:00,6.7,89,2.1,140,0,0,0
1995-02-21 00:00:00,8.3,86,0.0,0,0,0,0
1995-02-21 01:00:00,7.8,89,2.6,350,0,0,0
1995-02-21 02:00:00,8.3,83,1.5,330,0,0,0
1995-02-21 03:00:00,5.6,96,0.0,0,0,0,0
1995-02-21 04:00:00,4.4,100,0.0,0,0,0,0
1995-02-21 05:00:00,5.0,96,0.0,0,0,0,0
1995-02-21 06:00:00,3.3,100,2.1,160,0,0,0
1995-02-21 07:00:00,3.9,96,2.6,20,0,2,0
1995-02-21 08:00:00,4.4,97,4.6,50,62,272,32
1995-02-21 09:00:00,4.4,97,2.1,50,80,0,80
1995-02-21 10:00:00,7.2,82,1.5,90,242,68,211
1995-02-21 11:00:00,8.9,63,7.2,340,172,0,172
1995-02-21 12:00:00,8.3,60,8.2,320,196,0,196
1995-02-21 13:00:00,8.9,54,9.8,310,356,83,302
1995-02-21 14:00:00,8.3,51,9.3,320,363,184,249
1995-02-21 15:00:00,7.8,50,8.2,310,163,0,163
1995-02-21 16:00:00,7.2,50,9.3,330,120,0,120
1995-02-21 17:00:00,6.7,49,9.8,320,65,0,65
1995-02-21 18:00:00,6.1,49,7.2,330,12,0,12
1995-02-21 19:00:00,5.6,49,10.3,310,0,0,0
1995-02-21 20:00:00,4.4,51,8.2,310,0,0,0
1995-02-21 21:00:00,3.9,50,11.3,310,0,0,0
1995-02-21 22:00:00,3.3,52,9.8,310,0,0,0
1995-02-21 23:00:00,2.2,51,10.8,330,0,0,0
1995-02-22 00:00:00,1.1,52,7.7,330,0,0,0
1995-02-22 01:00:00,0.6,54,6.2,310,0,0,0
1995-02-22 02:00:00,0.0,57,7.2,320,0,0,0
1995-02-22 03:00:00,0.0,52,5.7,320,0,0,0
1995-02-22 04:00:00,-0.6,52,5.2,310,0,0,0
1995-02-22 05:00:00,-1.1,51,7.7,340,0,0,0
1995-02-22 06:00:00,-1.7,49,6.2,320,0,0,0
1995-02-22 07:00:00,-2.2,46,7.2,330,0,39,0
1995-02-22 08:00:00,-1.7,52,8.8,320,79,506,21
1995-02-22 09:00:00,-0.6,47,6.2,320,268,785,36
1995-02-22 10:00:00,0.6,45,7.2,340,451,896,49
1995-02-22 11:00:00,2.2,40,6.7,320,572,804,118
1995-02-22 12:00:00,2.8,38,5.2,290,599,674,171
1995-02-22 13:00:00,4.4,34,4.1,310,633,763,135
1995-02-22 14:00:00,6.1,30,3.6,340,626,861,92
1995-02-22 15:00:00,7.2,28,2.6,270,491,776,74
1995-02-22 16:00:00,7.8,27,2.6,300,392,742,88
1995-02-22 17:00:00,7.2,36,2.1,190,153,325,72
1995-02-22 18:00:00,5.6,44,3.6,170,33,115,23
1995-02-22 19:00:00,5.0,40,3.6,160,0,0,0
1995-02-22 20:00:00,5.0,38,4.6,160,0,0,0
1995-02-22 21:00:00,3.3,45,2.6,140,0,0,0
1995-02-22 22:00:00,3.3,49,4.6,180,0,0,0
1995-02-22 23:00:00,3.3,57,5.2,180,0,0,0
1995-02-23 00:00:00,2.2,56,4.1,160,0,0,0
1995-02-23 01:00:00,2.8,57,3.1,160,0,0,0
1995-02-23 02:00:00,3.3,63,3.1,180,0,0,0
1995-02-23 03:00:00,3.9,60,1.0,290,0,0,0
1995-02-23 04:00:00,3.3,72,0.0,0,0,0,0
1995-02-23 05:00:00,3.9,76,0.0,0,0,0,0
1995-02-23 06:00:00,3.3,79,3.1,50,0,0,0
1995-02-23 07:00:00,3.3,85,0.0,0,0,0,0
1995-02-23 08:00:00,4.4,76,0.0,0,33,0,33
1995-02-23 09:00:00,5.0,73,2.1,180,83,0,83
1995-02-23 10:00:00,5.6,73,3.1,180,135,0,135
1995-02-23 11:00:00,7.2,63,2.6,180,175,0,175
1995-02-23 12:00:00,8.3,56,3.6,180,199,0,199
1995-02-23 13:00:00,9.4,52,3.1,170,205,0,205
1995-02-23 14:00:00,11.7,44,0.0,0,380,104,315
1995-02-23 15:00:00,12.2,47,2.6,360,296,251,159
1995-02-23 16:00:00,13.3,49,3.6,20,152,0,152
1995-02-23 17:00:00,12.2,54,4.6,360,137,180,91
1995-02-23 18:00:00,10.0,63,4.1,10,17,28,15
1995-02-23 19:00:00,8.9,68,2.1,70,0,0,0
1995-02-23 20:00:00,8.9,68,4.1,360,0,0,0
1995-02-23 21:00:00,8.3,68,3.1,20,0,0,0
1995-02-23 22:00:00,8.3,68,3.1,10,0,0,0
1995-02-23 23:00:00,8.3,68,2.6,360,0,0,0
1995-02-24 00:00:00,7.8,71,3.1,30,0,0,0
1995-02-24 01:00:00,7.2,74,3.1,350,0,0,0
1995-02-24 02:00:00,7.2,74,2.6,80,0,0,0
1995-02-24 03:00:00,7.8,68,0.0,0,0,0,0
1995-02-24 04:00:00,6.7,79,1.0,170,0,0,0
1995-02-24 05:00:00,6.7,67,10.3,320,0,0,0
1995-02-24 06:00:00,6.1,62,7.2,290,0,0,0
1995-02-24 07:00:00,6.1,54,6.7,310,0,2,0
1995-02-24 08:00:00,5.6,46,6.7,310,80,403,30
1995-02-24 09:00:00,6.7,45,7.7,310,246,435,113
1995-02-24 10:00:00,7.2,38,8.2,280,404,713,77
1995-02-24 11:00:00,6.7,35,7.7,310,500,631,137
1995-02-24 12:00:00,8.9,29,7.7,290,521,529,180
1995-02-24 13:00:00,8.3,29,7.7,290,597,607,195
1995-02-24 14:00:00,8.9,29,7.7,310,582,722,127
1995-02-24 15:00:00,7.8,23,7.7,310,380,440,139
1995-02-24 16:00:00,6.7,29,10.3,320,263,348,117
1995-02-24 17:00:00,5.0,23,10.3,290,203,483,79
1995-02-24 18:00:00,3.9,24,9.3,300,39,256,18
1995-02-24 19:00:00,2.8,27,8.8,300,0,0,0
1995-02-24 20:00:00,2.2,34,7.7,300,0,0,0
1995-02-24 21:00:00,1.7,38,3.6,270,0,0,0
1995-02-24 22:00:00,1.1,39,6.7,320,0,0,0
1995-02-24 23:00:00,0.6,43,3.1,320,0,0,0
1995-02-25 00:00:00,0.0,45,5.2,300,0,0,0
1995-02-25 01:00:00,-0.6,47,3.1,290,0,0,0
1995-02-25 02:00:00,-1.1,49,3.1,340,0,0,0
1995-02-25 03:00:00,-1.7,52,2.6,340,0,0,0
1995-02-25 04:00:00,-1.1,49,5.2,320,0,0,0
1995-02-25 05:00:00,-2.2,51,2.1,320,0,0,0
1995-02-25 06:00:00,-2.2,51,2.6,300,0,0,0
1995-02-25 07:00:00,-2.8,62,2.1,210,0,23,0
1995-02-25 08:00:00,-0.6,57,2.1,180,66,274,30
1995-02-25 09:00:00,1.1,48,3.1,170,211,419,81
1995-02-25 10:00:00,2.8,40,4.1,210,420,597,143
1995-02-25 11:00:00,4.4,31,6.2,260,578,737,151
1995-02-25 12:00:00,6.7,28,5.2,260,649,648,228
1995-02-25 13:00:00,6.7,26,3.6,220,618,523,268
1995-02-25 14:00:00,7.8,25,5.2,270,483,514,157
1995-02-25 15:00:00,8.3,23,5.2,230,493,641,141
1995-02-25 16:00:00,8.3,23,5.7,220,375,650,100
1995-02-25 17:00:00,7.8,30,4.6,190,194,486,68
1995-02-25 18:00:00,6.7,25,5.2,210,42,111,32
1995-02-25 19:00:00,5.6,30,3.6,200,0,0,0
1995-02-25 20:00:00,5.6,46,3.1,180,0,0,0
1995-02-25 21:00:00,5.6,42,2.1,200,0,0,0
1995-02-25 22:00:00,5.6,46,0.0,0,0,0,0
1995-02-25 23:00:00,5.0,51,1.0,140,0,0,0
1995-02-26 00:00:00,5.6,44,1.5,110,0,0,0
1995-02-26 01:00:00,5.0,48,0.0,0,0,0,0
1995-02-26 02:00:00,5.0,46,2.1,90,0,0,0
1995-02-26 03:00:00,4.4,58,2.6,70,0,0,0
1995-02-26 04:00:00,3.9,60,1.5,60,0,0,0
1995-02-26 05:00:00,3.9,69,2.6,40,0,0,0
1995-02-26 06:00:00,3.9,72,1.5,40,0,0,0
1995-02-26 07:00:00,3.9,72,4.6,40,0,0,0
1995-02-26 08:00:00,3.9,72,6.2,10,65,47,59
1995-02-26 09:00:00,3.9,66,4.6,30,179,215,111
1995-02-26 10:00:00,4.4,67,4.6,70,220,256,100
1995-02-26 11:00:00,5.6,64,5.7,40,382,79,335
1995-02-26 12:00:00,5.6,64,7.2,40,148,37,124
1995-02-26 13:00:00,4.4,67,6.7,30,449,145,351
1995-02-26 14:00:00,4.4,67,6.7,30,369,220,228
1995-02-26 15:00:00,3.9,66,5.7,50,412,337,224
1995-02-26 16:00:00,2.2,71,7.2,30,269,334,126
1995-02-26 17:00:00,1.7,77,6.7,50,135,21,129
1995-02-26 18:00:00,0.6,80,7.2,30,18,0,18
1995-02-26 19:00:00,0.6,80,6.2,50,0,0,0
1995-02-26 20:00:00,0.6,80,5.7,50,0,0,0
1995-02-26 21:00:00,0.0,83,4.6,30,0,0,0
1995-02-26 22:00:00,-0.6,83,5.2,60,0,0,0
1995-02-26 23:00:00,-0.6,83,5.2,40,0,0,0
1995-02-27 00:00:00,-0.6,83,4.6,20,0,0,0
1995-02-27 01:00:00,-1.1,95,4.1,30,0,0,0
1995-02-27 02:00:00,-1.1,91,4.6,30,0,0,0
1995-02-27 03:00:00,-1.1,91,5.2,20,0,0,0
1995-02-27 04:00:00,-1.1,95,4.6,30,0,0,0
1995-02-27 05:00:00,-1.1,100,4.1,30,0,0,0
1995-02-27 06:00:00,-1.1,100,3.6,30,0,0,0
1995-02-27 07:00:00,-0.6,96,3.6,20,0,0,0
1995-02-27 08:00:00,0.0,95,3.1,30,19,0,19
1995-02-27 09:00:00,0.6,87,2.6,40,57,0,57
1995-02-27 10:00:00,1.1,84,2.1,30,94,0,94
1995-02-27 11:00:00,1.7,92,2.6,330,123,0,123
1995-02-27 12:00:00,2.2,89,1.5,320,140,0,140
1995-02-27 13:00:00,2.8,89,1.0,240,144,0,144
1995-02-27 14:00:00,2.8,92,2.6,180,163,0,163
1995-02-27 15:00:00,3.3,89,2.1,170,138,0,138
1995-02-27 16:00:00,3.3,89,2.6,180,100,0,100
1995-02-27 17:00:00,3.3,85,2.6,140,54,0,54
1995-02-27 18:00:00,3.3,89,2.6,160,14,0,14
1995-02-27 19:00:00,3.3,92,0.0,0,0,0,0
1995-02-27 20:00:00,3.3,97,2.6,60,0,0,0
1995-02-27 21:00:00,3.3,100,0.0,0,0,0,0
1995-02-27 22:00:00,3.9,96,0.0,0,0,0,0
1995-02-27 23:00:00,4.4,97,0.0,0,0,0,0
1995-02-28 00:00:00,3.9,100,2.1,20,0,0,0
1995-02-28 01:00:00,4.4,97,2.1,60,0,0,0
1995-02-28 02:00:00,3.9,100,3.1,50,0,0,0
1995-02-28 03:00:00,3.9,100,2.6,50,0,0,0
1995-02-28 04:00:00,4.4,97,1.5,50,0,0,0
1995-02-28 05:00:00,4.4,97,1.5,360,0,0,0
1995-02-28 06:00:00,4.4,100,1.0,20,0,0,0
1995-02-28 07:00:00,5.0,96,1.0,140,0,0,0
1995-02-28 08:00:00,5.6,96,1.0,150,25,0,25
1995-02-28 09:00:00,5.6,96,2.6,160,79,0,79
1995-02-28 10:00:00,6.1,97,3.1,180,102,0,102
1995-02-28 11:00:00,6.7,100,4.1,180,155,0,155
1995-02-28 12:00:00,7.8,100,2.6,180,175,0,175
1995-02-28 13:00:00,8.9,100,3.1,170,180,0,180
1995-02-28 14:00:00,10.0,96,3.1,170,171,0,171
1995-02-28 15:00:00,11.1,97,1.5,160,147,0,147
1995-02-28 16:00:00,11.7,93,3.1,340,110,0,110
1995-02-28 17:00:00,11.7,89,3.1,350,77,0,77
1995-02-28 18:00:00,11.1,89,2.6,350,19,0,19
1995-02-28 19:00:00,11.1,86,3.6,340,0,0,0
1995-02-28 20:00:00,10.6,86,4.6,350,0,0,0
1995-02-28 21:00:00,10.0,86,5.2,360,0,0,0
1995-02-28 22:00:00,8.1,86,5.1,360,0,0,0
1995-02-28 23:00:00,6.2,79,5.0,360,0,0,0
1995-03-01 00:00:00,4.3,80,4.9,10,0,0,0
1996-03-01 01:00:00,2.4,42,4.9,330,0,0,0
1996-03-01 02:00:00,0.5,46,4.8,330,0,0,0
1996-03-01 03:00:00,-1.3,48,4.7,340,0,0,0
1996-03-01 04:00:00,-3.3,53,4.6,340,0,0,0
1996-03-01 05:00:00,-3.3,51,3.6,350,0,0,0
1996-03-01 06:00:00,-3.3,51,3.1,340,0,0,0
1996-03-01 07:00:00,-3.9,53,2.1,150,3,46,1
1996-03-01 08:00:00,-1.7,49,3.6,170,106,488,32
1996-03-01 09:00:00,-0.6,42,3.6,160,303,754,51
1996-03-01 10:00:00,0.6,43,3.6,150,490,867,68
1996-03-01 11:00:00,1.7,40,4.1,160,568,765,106
1996-03-01 12:00:00,2.8,37,5.2,210,666,867,83
1996-03-01 13:00:00,3.9,34,4.6,210,682,755,161
1996-03-01 14:00:00,4.4,34,5.7,210,611,688,160
1996-03-01 15:00:00,4.4,31,5.2,160,332,144,250
1996-03-01 16:00:00,5.0,31,3.1,170,375,613,103
1996-03-01 17:00:00,4.4,33,3.6,160,177,219,116
1996-03-01 18:00:00,3.9,32,3.6,160,32,24,30
1996-03-01 19:00:00,3.3,43,5.2,150,0,0,0
1996-03-01 20:00:00,2.8,42,3.6,150,0,0,0
1996-03-01 21:00:00,2.2,53,3.1,150,0,0,0
1996-03-01 22:00:00,2.2,53,3.1,160,0,0,0
1996-03-01 23:00:00,2.2,59,3.1,150,0,0,0
1996-03-02 00:00:00,2.2,62,3.6,170,0,0,0
1996-03-02 01:00:00,1.1,84,3.6,160,0,0,0
1996-03-02 02:00:00,1.1,92,3.6,130,0,0,0
1996-03-02 03:00:00,1.1,92,1.5,20,0,0,0
1996-03-02 04:00:00,1.1,92,3.6,120,0,0,0
1996-03-02 05:00:00,1.1,84,4.1,130,0,0,0
1996-03-02 06:00:00,1.1,96,2.6,110,0,0,0
1996-03-02 07:00:00,1.1,88,2.6,110,2,8,2
1996-03-02 08:00:00,1.1,92,0.0,0,29,19,25
1996-03-02 09:00:00,1.7,88,2.1,110,218,55,200
1996-03-02 10:00:00,1.7,88,4.1,140,125,0,125
1996-03-02 11:00:00,2.2,89,1.5,180,158,0,158
1996-03-02 12:00:00,3.3,82,2.1,180,177,0,177
1996-03-02 13:00:00,3.9,79,4.1,170,391,162,278
1996-03-02 14:00:00,3.9,79,3.1,170,206,0,206
1996-03-02 15:00:00,3.9,76,3.6,160,177,0,177
1996-03-02 16:00:00,4.4,76,3.1,160,134,0,134
1996-03-02 17:00:00,4.4,73,3.6,170,230,528,81
1996-03-02 18:00:00,3.3,79,3.1,140,38,93,29
1996-03-02 19:00:00,3.3,82,2.1,50,0,0,0
1996-03-02 20:00:00,2.8,85,4.6,120,0,0,0
1996-03-02 21:00:00,2.2,89,4.6,110,0,0,0
1996-03-02 22:00:00,2.2,89,2.6,150,0,0,0
1996-03-02 23:00:00,2.2,89,3.1,190,0,0,0
1996-03-03 00:00:00,2.8,85,3.6,170,0,0,0
1996-03-03 01:00:00,2.8,85,4.6,190,0,0,0
1996-03-03 02:00:00,3.3,82,7.7,310,0,0,0
1996-03-03 03:00:00,1.7,70,4.1,350,0,0,0
1996-03-03 04:00:00,1.1,67,3.1,190,0,0,0
1996-03-03 05:00:00,1.1,70,2.1,180,0,0,0
1996-03-03 06:00:00,1.7,70,4.6,240,0,0,0
1996-03-03 07:00:00,1.7,67,6.7,340,1,0,1
1996-03-03 08:00:00,1.7,61,6.7,310,106,186,76
1996-03-03 09:00:00,1.1,48,7.7,320,294,682,60
1996-03-03 10:00:00,1.7,40,10.8,330,440,708,87
1996-03-03 11:00:00,3.3,32,8.2,310,630,848,111
1996-03-03 12:00:00,3.3,30,8.8,300,632,760,113
1996-03-03 13:00:00,2.2,31,9.8,300,718,929,68
1996-03-03 14:00:00,1.1,23,9.8,310,719,977,69
1996-03-03 15:00:00,-0.6,18,11.8,330,612,947,62
1996-03-03 16:00:00,-1.1,17,6.7,320,451,886,51
1996-03-03 17:00:00,-1.7,17,6.7,310,255,761,37
1996-03-03 18:00:00,-2.2,17,8.8,290,64,443,20
1996-03-03 19:00:00,-3.3,20,5.2,300,0,6,0
1996-03-03 20:00:00,-3.3,20,5.7,300,0,0,0
1996-03-03 21:00:00,-3.9,22,5.2,330,0,0,0
1996-03-03 22:00:00,-3.9,22,5.7,300,0,0,0
1996-03-03 23:00:00,-4.4,23,5.2,330,0,0,0
1996-03-04 00:00:00,-5.0,26,3.6,310,0,0,0
1996-03-04 01:00:00,-5.6,29,4.6,250,0,0,0
1996-03-04 02:00:00,-5.6,30,2.6,320,0,0,0
1996-03-04 03:00:00,-5.6,30,2.6,300,0,0,0
1996-03-04 04:00:00,-5.6,32,2.6,300,0,0,0
1996-03-04 05:00:00,-5.6,33,3.1,310,0,0,0
1996-03-04 06:00:00,-5.6,37,2.1,300,0,0,0
1996-03-04 07:00:00,-5.0,34,3.1,300,4,41,3
1996-03-04 08:00:00,-3.3,29,4.1,260,114,453,38
1996-03-04 09:00:00,-2.8,29,7.2,250,310,714,61
1996-03-04 10:00:00,-0.6,23,6.7,220,498,830,80
1996-03-04 11:00:00,0.6,21,5.7,190,643,888,94
1996-03-04 12:00:00,2.8,19,7.7,240,730,915,101
1996-03-04 13:00:00,3.9,17,7.7,260,752,921,103
1996-03-04 14:00:00,5.0,18,6.7,270,707,907,99
1996-03-04 15:00:00,6.1,13,6.2,260,595,858,93
1996-03-04 16:00:00,6.7,14,4.6,230,396,639,105
1996-03-04 17:00:00,5.6,22,5.7,160,210,497,66
1996-03-04 18:00:00,4.4,27,5.2,190,45,121,32
1996-03-04 19:00:00,3.3,35,3.6,150,0,1,0
1996-03-04 20:00:00,3.3,29,4.1,170,0,0,0
1996-03-04 21:00:00,2.8,32,4.6,160,0,0,0
1996-03-04 22:00:00,1.7,44,3.1,160,0,0,0
1996-03-04 23:00:00,1.7,53,5.7,170,0,0,0
1996-03-05 00:00:00,2.2,59,5.7,170,0,0,0
1996-03-05 01:00:00,3.3,60,5.2,170,0,0,0
1996-03-05 02:00:00,3.9,50,7.2,180,0,0,0
1996-03-05 03:00:00,4.4,48,5.7,190,0,0,0
1996-03-05 04:00:00,4.4,53,5.7,190,0,0,0
1996-03-05 05:00:00,5.6,53,7.7,180,0,0,0
1996-03-05 06:00:00,5.6,61,8.2,190,0,0,0
1996-03-05 07:00:00,6.7,65,8.8,190,3,0,3
1996-03-05 08:00:00,7.2,65,9.8,190,48,0,48
1996-03-05 09:00:00,8.3,58,8.8,180,120,0,120
1996-03-05 10:00:00,10.0,52,8.2,200,186,0,186
1996-03-05 11:00:00,12.2,47,9.3,190,236,0,236
1996-03-05 12:00:00,16.7,35,9.3,200,482,376,221
1996-03-05 13:00:00,17.8,32,12.9,210,378,106,302
1996-03-05 14:00:00,17.8,31,10.8,220,257,0,257
1996-03-05 15:00:00,18.9,37,10.3,220,221,0,221
1996-03-05 16:00:00,17.8,45,9.3,220,165,0,165
1996-03-05 17:00:00,17.2,48,8.2,200,116,159,69
1996-03-05 18:00:00,17.2,48,6.7,200,26,0,26
1996-03-05 19:00:00,13.3,69,4.6,180,0,0,0
1996-03-05 20:00:00,16.7,52,5.2,210,0,0,0
1996-03-05 21:00:00,15.6,60,4.6,190,0,0,0
1996-03-05 22:00:00,14.4,65,4.6,180,0,0,0
1996-03-05 23:00:00,15.6,60,5.2,190,0,0,0
1996-03-06 00:00:00,15.6,62,6.7,190,0,0,0
1996-03-06 01:00:00,17.2,56,6.7,210,0,0,0
1996-03-06 02:00:00,16.1,60,7.2,190,0,0,0
1996-03-06 03:00:00,16.1,60,8.8,190,0,0,0
1996-03-06 04:00:00,14.4,70,5.7,180,0,0,0
1996-03-06 05:00:00,13.3,87,3.6,200,0,0,0
1996-03-06 06:00:00,11.7,93,1.5,190,0,0,0
1996-03-06 07:00:00,11.7,96,1.5,160,6,14,5
1996-03-06 08:00:00,13.3,97,2.6,170,43,0,43
1996-03-06 09:00:00,13.9,96,4.6,200,101,0,101
1996-03-06 10:00:00,14.4,97,5.7,180,154,0,154
1996-03-06 11:00:00,12.8,96,4.1,180,193,0,193
1996-03-06 12:00:00,12.8,100,4.1,170,181,0,181
1996-03-06 13:00:00,12.8,100,5.2,180,174,100,102
1996-03-06 14:00:00,13.3,100,4.1,170,210,0,210
1996-03-06 15:00:00,15.6,96,3.1,180,181,0,181
1996-03-06 16:00:00,16.1,93,4.1,220,196,256,77
1996-03-06 17:00:00,16.1,93,2.6,340,230,355,124
1996-03-06 18:00:00,15.0,96,4.1,340,23,0,23
1996-03-06 19:00:00,15.0,93,4.1,320,0,4,0
1996-03-06 20:00:00,14.4,97,4.6,340,0,0,0
1996-03-06 21:00:00,13.3,90,5.7,360,0,0,0
1996-03-06 22:00:00,11.7,93,4.6,20,0,0,0
1996-03-06 23:00:00,10.6,96,4.6,40,0,0,0
1996-03-07 00:00:00,8.3,97,5.7,60,0,0,0
1996-03-07 01:00:00,7.2,97,6.2,60,0,0,0
1996-03-07 02:00:00,6.1,100,6.2,60,0,0,0
1996-03-07 03:00:00,5.6,96,4.6,60,0,0,0
1996-03-07 04:00:00,5.6,96,4.1,60,0,0,0
1996-03-07 05:00:00,5.0,100,5.2,60,0,0,0
1996-03-07 06:00:00,5.0,100,4.1,60,0,0,0
1996-03-07 07:00:00,5.0,100,4.6,60,2,0,2
1996-03-07 08:00:00,5.0,96,5.7,60,31,0,31
1996-03-07 09:00:00,4.4,100,5.2,70,65,0,65
1996-03-07 10:00:00,5.0,93,5.2,60,123,0,123
1996-03-07 11:00:00,4.4,97,4.6,60,156,0,156
1996-03-07 12:00:00,4.4,97,5.2,40,176,0,176
1996-03-07 13:00:00,4.4,97,7.7,30,371,187,236
1996-03-07 14:00:00,4.4,89,5.2,20,171,0,171
1996-03-07 15:00:00,4.4,93,6.2,20,146,0,146
1996-03-07 16:00:00,4.4,89,8.8,340,108,0,108
1996-03-07 17:00:00,3.3,89,9.3,350,61,0,61
1996-03-07 18:00:00,2.8,89,7.7,340,19,0,19
1996-03-07 19:00:00,1.7,84,7.7,340,0,0,0
1996-03-07 20:00:00,1.1,77,9.3,350,0,0,0
1996-03-07 21:00:00,0.6,76,8.8,340,0,0,0
1996-03-07 22:00:00,0.0,79,8.2,340,0,0,0
1996-03-07 23:00:00,-0.6,69,8.8,330,0,0,0
1996-03-08 00:00:00,-2.2,87,7.2,330,0,0,0
1996-03-08 01:00:00,-3.3,91,7.7,330,0,0,0
1996-03-08 02:00:00,-4.4,95,8.8,330,0,0,0
1996-03-08 03:00:00,-5.0,95,5.7,330,0,0,0
1996-03-08 04:00:00,-5.0,86,7.2,320,0,0,0
1996-03-08 05:00:00,-5.6,87,7.7,330,0,0,0
1996-03-08 06:00:00,-5.0,79,7.7,330,0,0,0
1996-03-08 07:00:00,-6.1,83,9.3,320,6,13,6
1996-03-08 08:00:00,-6.7,79,5.2,320,47,0,47
1996-03-08 09:00:00,-6.1,67,9.8,320,92,0,92
1996-03-08 10:00:00,-6.1,67,8.8,310,145,0,145
1996-03-08 11:00:00,-4.4,48,9.3,320,652,775,157
1996-03-08 12:00:00,-3.3,44,8.8,320,693,627,249
1996-03-08 13:00:00,-3.3,42,9.3,310,710,762,159
1996-03-08 14:00:00,-2.8,38,8.8,310,523,546,147
1996-03-08 15:00:00,-2.8,38,9.3,320,614,745,166
1996-03-08 16:00:00,-2.8,34,10.3,320,325,146,256
1996-03-08 17:00:00,-3.9,40,9.8,310,121,72,99
1996-03-08 18:00:00,-3.9,34,9.3,310,52,65,44
1996-03-08 19:00:00,-5.0,39,6.7,320,0,3,0
1996-03-08 20:00:00,-5.0,37,8.8,320,0,0,0
1996-03-08 21:00:00,-5.0,41,9.3,300,0,0,0
1996-03-08 22:00:00,-6.1,39,8.8,310,0,0,0
1996-03-08 23:00:00,-6.1,45,8.8,320,0,0,0
1996-03-09 00:00:00,-6.7,41,7.2,320,0,0,0
1996-03-09 01:00:00,-7.2,38,7.7,320,0,0,0
1996-03-09 02:00:00,-7.8,43,4.1,320,0,0,0
1996-03-09 03:00:00,-7.8,45,4.6,250,0,0,0
1996-03-09 04:00:00,-7.8,45,4.6,200,0,0,0
1996-03-09 05:00:00,-7.8,47,5.2,300,0,0,0
1996-03-09 06:00:00,-7.8,47,4.6,250,0,0,0
1996-03-09 07:00:00,-7.2,41,5.2,300,9,66,6
1996-03-09 08:00:00,-6.7,39,7.2,310,139,502,43
1996-03-09 09:00:00,-5.6,37,8.8,310,330,673,78
1996-03-09 10:00:00,-5.6,39,7.2,320,484,670,130
1996-03-09 11:00:00,-3.9,35,8.8,310,574,679,137
1996-03-09 12:00:00,-3.3,39,9.3,310,604,596,180
1996-03-09 13:00:00,-2.8,38,7.2,320,699,614,252
1996-03-09 14:00:00,-1.7,38,5.2,330,513,429,216
1996-03-09 15:00:00,-2.2,38,8.2,320,536,619,161
1996-03-09 16:00:00,-1.1,35,7.7,310,201,138,135
1996-03-09 17:00:00,-2.2,38,7.2,310,261,586,80
1996-03-09 18:00:00,-2.8,38,6.7,330,69,317,31
1996-03-09 19:00:00,-3.3,39,6.7,320,0,8,0
1996-03-09 20:00:00,-3.9,44,6.7,330,0,0,0
1996-03-09 21:00:00,-4.4,46,7.2,340,0,0,0
1996-03-09 22:00:00,-5.0,48,6.7,330,0,0,0
1996-03-09 23:00:00,-5.6,51,6.7,340,0,0,0
1996-03-10 00:00:00,-5.6,48,6.7,330,0,0,0
1996-03-10 01:00:00,-6.1,53,4.6,330,0,0,0
1996-03-10 02:00:00,-6.1,50,5.2,330,0,0,0
1996-03-10 03:00:00,-6.1,53,6.2,320,0,0,0
1996-03-10 04:00:00,-6.1,53,5.7,330,0,0,0
1996-03-10 05:00:00,-6.7,56,4.1,330,0,0,0
1996-03-10 06:00:00,-6.7,53,4.1,330,0,0,0
1996-03-10 07:00:00,-6.7,56,4.1,330,12,124,6
1996-03-10 08:00:00,-5.6,53,3.1,330,153,599,35
1996-03-10 09:00:00,-2.2,40,5.7,360,361,811,53
1996-03-10 10:00:00,-1.7,34,4.1,20,552,905,69
1996-03-10 11:00:00,-0.6,33,2.1,80,697,952,79
1996-03-10 12:00:00,0.6,32,2.6,50,783,975,85
1996-03-10 13:00:00,1.1,31,1.5,40,804,979,87
1996-03-10 14:00:00,2.2,31,2.1,70,757,967,84
1996-03-10 15:00:00,2.8,30,4.6,120,646,936,76
1996-03-10 16:00:00,2.8,30,2.6,40,481,874,63
1996-03-10 17:00:00,3.3,28,0.0,0,280,748,46
1996-03-10 18:00:00,2.2,30,7.2,120,81,443,26
1996-03-10 19:00:00,0.0,49,5.7,110,0,26,0
1996-03-10 20:00:00,-1.1,47,2.6,100,0,0,0
1996-03-10 21:00:00,-1.1,42,4.1,120,0,0,0
1996-03-10 22:00:00,-1.7,44,2.1,160,0,0,0
1996-03-10 23:00:00,-1.7,46,3.6,130,0,0,0
1996-03-11 00:00:00,-2.2,48,1.5,180,0,0,0
1996-03-11 01:00:00,-2.2,54,1.5,40,0,0,0
1996-03-11 02:00:00,-2.2,62,2.1,50,0,0,0
1996-03-11 03:00:00,-2.2,62,3.1,110,0,0,0
1996-03-11 04:00:00,-3.3,72,3.1,10,0,0,0
1996-03-11 05:00:00,-3.3,65,2.1,50,0,0,0
1996-03-11 06:00:00,-5.0,79,4.1,350,0,0,0
1996-03-11 07:00:00,-3.3,75,2.6,30,10,36,8
1996-03-11 08:00:00,-1.1,62,3.1,20,140,449,49
1996-03-11 09:00:00,0.0,57,4.1,50,345,700,76
1996-03-11 10:00:00,1.7,48,4.1,50,536,812,98
1996-03-11 11:00:00,3.3,41,4.1,60,682,870,113
1996-03-11 12:00:00,5.0,40,4.1,30,769,898,121
1996-03-11 13:00:00,5.6,38,4.1,70,790,904,123
1996-03-11 14:00:00,6.7,31,4.6,70,743,890,119
1996-03-11 15:00:00,7.2,31,3.1,60,595,796,106
1996-03-11 16:00:00,7.2,34,3.1,70,465,778,90
1996-03-11 17:00:00,7.2,34,5.7,70,256,604,65
1996-03-11 18:00:00,5.6,40,4.1,100,74,299,36
1996-03-11 19:00:00,3.9,52,3.6,70,0,6,0
1996-03-11 20:00:00,3.3,49,2.1,60,0,0,0
1996-03-11 21:00:00,2.2,59,2.1,60,0,0,0
1996-03-11 22:00:00,1.7,70,2.1,40,0,0,0
1996-03-11 23:00:00,0.6,60,3.1,20,0,0,0
1996-03-12 00:00:00,1.1,61,3.6,10,0,0,0
1996-03-12 01:00:00,0.0,69,2.1,50,0,0,0
1996-03-12 02:00:00,-0.6,69,2.6,20,0,0,0
1996-03-12 03:00:00,-0.6,63,4.6,340,0,0,0
1996-03-12 04:00:00,-1.1,62,4.6,340,0,0,0
1996-03-12 05:00:00,-1.7,65,4.6,340,0,0,0
1996-03-12 06:00:00,-1.7,69,5.2,340,0,0,0
1996-03-12 07:00:00,-0.6,63,5.2,340,13,87,8
1996-03-12 08:00:00,2.8,46,5.7,340,153,522,45
1996-03-12 09:00:00,6.1,35,6.2,20,359,745,68
1996-03-12 10:00:00,8.3,29,6.7,360,549,848,88
1996-03-12 11:00:00,10.0,26,6.7,360,694,901,101
1996-03-12 12:00:00,11.1,24,7.2,10,780,925,108
1996-03-12 13:00:00,12.2,20,5.2,10,800,930,109
1996-03-12 14:00:00,13.9,21,5.2,10,752,917,106
1996-03-12 15:00:00,13.9,16,5.7,30,641,882,96
1996-03-12 16:00:00,14.4,17,6.7,340,476,812,80
1996-03-12 17:00:00,13.9,17,5.7,330,275,674,59
1996-03-12 18:00:00,11.7,18,6.7,350,80,357,33
1996-03-12 19:00:00,8.3,30,3.6,30,0,12,0
1996-03-12 20:00:00,8.3,32,6.7,10,0,0,0
1996-03-12 21:00:00,6.7,32,5.2,30,0,0,0
1996-03-12 22:00:00,6.7,26,5.2,360,0,0,0
1996-03-12 23:00:00,4.4,36,4.1,350,0,0,0
1996-03-13 00:00:00,4.4,44,4.6,360,0,0,0
1996-03-13 01:00:00,2.2,68,3.6,360,0,0,0
1996-03-13 02:00:00,2.2,74,1.5,20,0,0,0
1996-03-13 03:00:00,1.1,61,2.6,120,0,0,0
1996-03-13 04:00:00,1.7,74,1.5,150,0,0,0
1996-03-13 05:00:00,0.6,80,1.5,170,0,0,0
1996-03-13 06:00:00,0.6,69,0.0,0,0,0,0
1996-03-13 07:00:00,1.7,74,1.5,300,13,50,10
1996-03-13 08:00:00,6.1,47,3.1,350,146,429,55
1996-03-13 09:00:00,8.3,48,4.1,350,347,663,85
1996-03-13 10:00:00,10.0,39,3.6,110,536,776,110
1996-03-13 11:00:00,13.3,23,4.1,330,680,835,126
1996-03-13 12:00:00,15.0,18,2.6,40,766,863,135
1996-03-13 13:00:00,16.1,17,2.1,20,786,869,137
1996-03-13 14:00:00,16.7,15,2.1,300,721,834,129
1996-03-13 15:00:00,17.2,13,3.1,50,586,754,117
1996-03-13 16:00:00,17.2,14,2.6,10,430,673,100
1996-03-13 17:00:00,16.1,16,4.1,110,254,559,73
1996-03-13 18:00:00,14.4,20,2.1,170,66,194,40
1996-03-13 19:00:00,12.2,31,2.6,170,0,2,0
1996-03-13 20:00:00,10.0,43,3.1,160,0,0,0
1996-03-13 21:00:00,10.6,27,2.1,190,0,0,0
1996-03-13 22:00:00,8.9,33,2.1,180,0,0,0
1996-03-13 23:00:00,7.2,55,1.0,200,0,0,0
1996-03-14 00:00:00,6.7,54,2.1,180,0,0,0
1996-03-14 01:00:00,5.6,70,1.0,170,0,0,0
1996-03-14 02:00:00,5.6,64,2.1,190,0,0,0
1996-03-14 03:00:00,5.0,73,2.6,180,0,0,0
1996-03-14 04:00:00,3.9,82,2.1,190,0,0,0
1996-03-14 05:00:00,3.9,79,2.1,220,0,0,0
1996-03-14 06:00:00,3.9,72,2.1,190,0,0,0
1996-03-14 07:00:00,5.6,53,2.1,220,6,0,6
1996-03-14 08:00:00,6.7,59,3.6,180,55,0,55
1996-03-14 09:00:00,7.2,48,4.1,170,276,192,199
1996-03-14 10:00:00,9.4,39,3.6,160,518,763,95
1996-03-14 11:00:00,12.2,39,2.6,150,703,938,76
1996-03-14 12:00:00,14.4,32,4.6,170,786,958,81
1996-03-14 13:00:00,16.7,29,5.2,160,663,666,163
1996-03-14 14:00:00,17.8,34,5.2,160,608,557,210
1996-03-14 15:00:00,17.2,36,6.7,160,490,583,125
1996-03-14 16:00:00,19.4,33,5.2,160,340,379,153
1996-03-14 17:00:00,18.3,34,5.2,160,274,636,66
1996-03-14 18:00:00,16.1,41,4.6,160,37,78,26
1996-03-14 19:00:00,14.4,44,4.1,200,1,37,0
1996-03-14 20:00:00,15.6,39,3.6,200,0,0,0
1996-03-14 21:00:00,11.7,56,3.1,200,0,0,0
1996-03-14 22:00:00,11.1,59,3.6,190,0,0,0
1996-03-14 23:00:00,11.1,57,3.1,200,0,0,0
1996-03-15 00:00:00,10.6,63,3.6,190,0,0,0
1996-03-15 01:00:00,10.0,68,2.6,190,0,0,0
1996-03-15 02:00:00,9.4,71,2.6,200,0,0,0
1996-03-15 03:00:00,10.6,68,3.1,170,0,0,0
1996-03-15 04:00:00,10.6,71,4.1,230,0,0,0
1996-03-15 05:00:00,10.6,77,2.6,210,0,0,0
1996-03-15 06:00:00,13.3,84,3.6,290,0,0,0
1996-03-15 07:00:00,11.7,89,2.1,220,9,0,9
1996-03-15 08:00:00,9.4,97,3.6,180,45,0,45
1996-03-15 09:00:00,11.7,93,3.6,150,159,48,139
1996-03-15 10:00:00,15.0,83,4.1,170,231,17,221
1996-03-15 11:00:00,15.0,81,7.2,160,396,125,312
1996-03-15 12:00:00,15.6,75,5.2,160,401,196,256
1996-03-15 13:00:00,15.6,69,6.2,160,317,126,221
1996-03-15 14:00:00,15.0,81,3.6,190,211,0,211
1996-03-15 15:00:00,16.7,84,7.2,240,180,0,180
1996-03-15 16:00:00,17.2,75,5.7,240,229,62,198
1996-03-15 17:00:00,18.3,70,6.2,270,255,234,177
1996-03-15 18:00:00,17.8,70,4.6,290,70,208,41
1996-03-15 19:00:00,16.7,75,3.6,280,0,5,0
1996-03-15 20:00:00,16.7,75,3.6,330,0,0,0
1996-03-15 21:00:00,15.6,69,6.2,320,0,0,0
1996-03-15 22:00:00,13.9,57,6.7,340,0,0,0
1996-03-15 23:00:00,12.2,59,5.7,330,0,0,0
1996-03-16 00:00:00,11.1,59,7.7,330,0,0,0
1996-03-16 01:00:00,10.6,50,9.3,330,0,0,0
1996-03-16 02:00:00,8.9,47,5.7,330,0,0,0
1996-03-16 03:00:00,8.3,46,7.7,320,0,0,0
1996-03-16 04:00:00,7.2,48,6.7,330,0,0,0
1996-03-16 05:00:00,6.7,49,4.1,320,0,0,0
1996-03-16 06:00:00,6.1,54,6.7,330,0,0,0
1996-03-16 07:00:00,6.1,54,7.2,330,16,46,13
1996-03-16 08:00:00,7.2,48,6.7,330,155,402,63
1996-03-16 09:00:00,8.3,44,6.7,330,356,628,98
1996-03-16 10:00:00,9.4,41,6.2,330,544,742,125
1996-03-16 11:00:00,10.0,39,6.7,320,687,802,144
1996-03-16 12:00:00,11.1,37,5.2,330,772,830,153
1996-03-16 13:00:00,12.2,34,3.6,320,791,836,156
1996-03-16 14:00:00,13.3,32,5.2,340,742,820,150
1996-03-16 15:00:00,13.9,27,5.2,330,630,779,137
1996-03-16 16:00:00,13.9,28,4.6,350,465,699,114
1996-03-16 17:00:00,13.9,28,4.1,360,245,468,89
1996-03-16 18:00:00,10.6,35,5.7,10,58,93,44
1996-03-16 19:00:00,10.6,48,3.1,70,1,0,1
1996-03-16 20:00:00,10.0,41,6.7,130,0,0,0
1996-03-16 21:00:00,8.9,49,5.7,120,0,0,0
1996-03-16 22:00:00,8.9,45,5.7,90,0,0,0
1996-03-16 23:00:00,8.3,44,5.2,100,0,0,0
1996-03-17 00:00:00,8.3,40,4.1,240,0,0,0
1996-03-17 01:00:00,7.8,46,2.1,40,0,0,0
1996-03-17 02:00:00,7.8,53,3.1,180,0,0,0
1996-03-17 03:00:00,7.2,60,5.7,110,0,0,0
1996-03-17 04:00:00,6.7,65,3.6,140,0,0,0
1996-03-17 05:00:00,5.0,73,4.1,110,0,0,0
1996-03-17 06:00:00,4.4,76,4.1,90,0,0,0
1996-03-17 07:00:00,4.4,76,3.1,90,11,0,11
1996-03-17 08:00:00,4.4,76,4.1,110,48,0,48
1996-03-17 09:00:00,5.0,73,4.1,40,105,0,105
1996-03-17 10:00:00,5.0,73,4.1,80,158,0,158
1996-03-17 11:00:00,5.0,82,4.6,40,199,0,199
1996-03-17 12:00:00,5.0,82,4.6,30,222,0,222
1996-03-17 13:00:00,5.6,76,4.1,40,706,558,279
1996-03-17 14:00:00,6.7,73,2.6,30,214,0,214
1996-03-17 15:00:00,7.8,63,2.1,60,182,0,182
1996-03-17 16:00:00,8.3,63,3.6,120,136,0,136
1996-03-17 17:00:00,8.3,60,2.1,90,79,0,79
1996-03-17 18:00:00,7.8,63,2.6,140,31,0,31
1996-03-17 19:00:00,7.8,65,3.6,140,1,0,1
1996-03-17 20:00:00,7.8,65,3.6,140,0,0,0
1996-03-17 21:00:00,7.8,68,2.6,160,0,0,0
1996-03-17 22:00:00,7.2,70,1.5,210,0,0,0
1996-03-17 23:00:00,7.2,70,4.1,240,0,0,0
1996-03-18 00:00:00,6.7,73,2.1,220,0,0,0
1996-03-18 01:00:00,7.2,74,3.1,270,0,0,0
1996-03-18 02:00:00,7.2,76,2.6,330,0,0,0
1996-03-18 03:00:00,6.7,79,2.1,170,0,0,0
1996-03-18 04:00:00,6.7,82,3.6,240,0,0,0
1996-03-18 05:00:00,6.7,85,4.1,340,0,0,0
1996-03-18 06:00:00,6.7,79,4.1,340,0,0,0
1996-03-18 07:00:00,7.2,80,3.6,350,10,0,10
1996-03-18 08:00:00,7.8,76,4.1,240,57,0,57
1996-03-18 09:00:00,8.9,73,3.1,120,238,91,200
1996-03-18 10:00:00,10.0,71,4.1,130,311,207,192
1996-03-18 11:00:00,11.7,66,4.6,120,553,481,223
1996-03-18 12:00:00,13.9,57,3.1,80,589,527,191
1996-03-18 13:00:00,13.9,57,3.6,120,599,325,348
1996-03-18 14:00:00,14.4,53,2.1,140,509,285,301
1996-03-18 15:00:00,14.4,51,0.0,0,192,0,192
1996-03-18 16:00:00,14.4,51,0.0,0,146,0,146
1996-03-18 17:00:00,13.9,55,4.1,120,89,0,89
1996-03-18 18:00:00,13.3,55,3.6,120,65,102,50
1996-03-18 19:00:00,12.2,64,5.7,130,1,3,1
1996-03-18 20:00:00,10.6,71,2.6,50,0,0,0
1996-03-18 21:00:00,10.6,61,2.1,180,0,0,0
1996-03-18 22:00:00,10.0,66,0.0,0,0,0,0
1996-03-18 23:00:00,9.4,68,0.0,0,0,0,0
1996-03-19 00:00:00,8.3,76,1.5,70,0,0,0
1996-03-19 01:00:00,8.3,76,2.1,50,0,0,0
1996-03-19 02:00:00,7.8,76,2.6,10,0,0,0
1996-03-19 03:00:00,7.8,79,3.1,50,0,0,0
1996-03-19 04:00:00,7.2,86,3.1,40,0,0,0
1996-03-19 05:00:00,7.2,86,3.1,20,0,0,0
1996-03-19 06:00:00,7.8,82,4.1,30,0,0,0
1996-03-19 07:00:00,7.8,82,4.1,70,12,0,12
1996-03-19 08:00:00,7.8,82,5.7,50,52,0,52
1996-03-19 09:00:00,8.3,80,7.7,50,110,0,110
1996-03-19 10:00:00,8.3,83,7.2,60,163,0,163
1996-03-19 11:00:00,8.3,83,8.2,50,203,0,203
1996-03-19 12:00:00,10.0,77,8.8,70,226,0,226
1996-03-19 13:00:00,10.0,83,10.3,70,231,0,231
1996-03-19 14:00:00,10.0,96,11.3,70,182,0,182
1996-03-19 15:00:00,10.6,96,11.8,70,156,0,156
1996-03-19 16:00:00,10.6,96,6.7,70,117,0,117
1996-03-19 17:00:00,11.1,89,8.8,90,69,0,69
1996-03-19 18:00:00,10.6,92,4.1,160,30,0,30
1996-03-19 19:00:00,10.6,96,5.2,180,1,0,1
1996-03-19 20:00:00,10.6,89,8.8,190,0,0,0
1996-03-19 21:00:00,9.4,83,9.8,180,0,0,0
1996-03-19 22:00:00,8.3,74,10.8,200,0,0,0
1996-03-19 23:00:00,7.8,65,10.8,200,0,0,0
1996-03-20 00:00:00,7.8,58,10.3,210,0,0,0
1996-03-20 01:00:00,7.2,57,8.8,220,0,0,0
1996-03-20 02:00:00,6.7,57,7.7,210,0,0,0
1996-03-20 03:00:00,6.7,57,7.7,190,0,0,0
1996-03-20 04:00:00,6.1,56,9.8,210,0,0,0
1996-03-20 05:00:00,6.1,54,8.8,220,0,0,0
1996-03-20 06:00:00,5.6,56,9.8,200,0,0,0
1996-03-20 07:00:00,5.0,64,8.8,220,11,0,11
1996-03-20 08:00:00,4.4,73,7.7,220,59,0,59
1996-03-20 09:00:00,4.4,76,7.2,220,162,19,154
1996-03-20 10:00:00,4.4,79,9.8,200,172,0,172
1996-03-20 11:00:00,5.0,82,6.7,210,210,0,210
1996-03-20 12:00:00,5.6,73,7.7,200,232,0,232
1996-03-20 13:00:00,6.7,59,7.7,200,237,0,237
1996-03-20 14:00:00,7.2,55,7.7,190,224,0,224
1996-03-20 15:00:00,7.8,53,6.7,190,194,0,194
1996-03-20 16:00:00,8.3,46,8.8,220,148,0,148
1996-03-20 17:00:00,8.3,44,7.7,230,91,0,91
1996-03-20 18:00:00,7.8,48,6.7,240,35,19,32
1996-03-20 19:00:00,7.8,46,7.2,230,2,9,1
1996-03-20 20:00:00,7.2,48,7.7,230,0,0,0
1996-03-20 21:00:00,6.7,52,6.7,240,0,0,0
1996-03-20 22:00:00,6.7,52,6.7,250,0,0,0
1996-03-20 23:00:00,5.6,58,6.7,230,0,0,0
1996-03-21 00:00:00,5.0,64,6.7,250,0,0,0
1996-03-21 01:00:00,4.4,70,7.2,230,0,0,0
1996-03-21 02:00:00,4.4,73,5.7,250,0,0,0
1996-03-21 03:00:00,3.9,76,4.6,250,0,0,0
1996-03-21 04:00:00,3.3,82,5.2,260,0,0,0
1996-03-21 05:00:00,2.8,85,4.6,250,0,0,0
1996-03-21 06:00:00,3.3,79,4.6,270,0,0,0
1996-03-21 07:00:00,2.8,82,5.7,250,22,5,21
1996-03-21 08:00:00,3.9,72,4.6,300,53,0,53
1996-03-21 09:00:00,4.4,67,6.2,300,111,0,111
1996-03-21 10:00:00,6.1,56,6.7,290,165,0,165
1996-03-21 11:00:00,8.3,51,7.2,290,532,131,439
1996-03-21 12:00:00,7.8,50,8.8,310,655,256,458
1996-03-21 13:00:00,8.3,51,5.2,320,702,477,329
1996-03-21 14:00:00,9.4,47,7.7,300,535,143,429
1996-03-21 15:00:00,9.4,43,7.7,320,455,230,305
1996-03-21 16:00:00,8.3,44,6.7,330,141,39,120
1996-03-21 17:00:00,8.9,42,6.7,280,101,92,69
1996-03-21 18:00:00,7.2,46,6.7,330,44,16,42
1996-03-21 19:00:00,6.1,45,7.2,320,2,0,2
1996-03-21 20:00:00,5.6,42,8.2,320,0,0,0
1996-03-21 21:00:00,4.4,46,8.2,320,0,0,0
1996-03-21 22:00:00,3.9,47,5.7,320,0,0,0
1996-03-21 23:00:00,3.3,49,5.7,320,0,0,0
1996-03-22 00:00:00,2.8,51,6.2,330,0,0,0
1996-03-22 01:00:00,1.7,55,4.1,320,0,0,0
1996-03-22 02:00:00,1.7,53,4.6,320,0,0,0
1996-03-22 03:00:00,1.1,52,5.2,320,0,0,0
1996-03-22 04:00:00,0.6,54,3.1,320,0,0,0
1996-03-22 05:00:00,0.6,57,4.1,300,0,0,0
1996-03-22 06:00:00,0.6,54,3.1,320,0,0,0
1996-03-22 07:00:00,1.1,55,2.6,300,28,42,25
1996-03-22 08:00:00,2.2,56,5.2,320,176,399,72
1996-03-22 09:00:00,3.3,52,8.2,330,361,513,134
1996-03-22 10:00:00,4.4,46,7.7,320,473,109,408
1996-03-22 11:00:00,4.4,41,7.2,330,522,96,454
1996-03-22 12:00:00,5.6,40,7.7,310,535,233,354
1996-03-22 13:00:00,6.1,39,6.7,310,603,421,272
1996-03-22 14:00:00,6.7,39,7.2,310,318,36,291
1996-03-22 15:00:00,6.1,32,8.8,310,419,77,368
1996-03-22 16:00:00,6.1,37,7.2,310,147,0,147
1996-03-22 17:00:00,6.1,37,7.7,310,89,0,89
1996-03-22 18:00:00,5.0,38,7.2,310,110,87,96
1996-03-22 19:00:00,4.4,40,7.2,290,2,8,2
1996-03-22 20:00:00,3.9,39,6.2,300,0,0,0
1996-03-22 21:00:00,3.3,43,6.7,300,0,0,0
1996-03-22 22:00:00,2.8,46,6.2,290,0,0,0
1996-03-22 23:00:00,2.8,44,8.2,300,0,0,0
1996-03-23 00:00:00,2.2,46,5.7,290,0,0,0
1996-03-23 01:00:00,1.7,48,4.1,300,0,0,0
1996-03-23 02:00:00,1.1,50,4.1,260,0,0,0
1996-03-23 03:00:00,0.6,54,3.6,210,0,0,0
1996-03-23 04:00:00,0.6,54,5.2,230,0,0,0
1996-03-23 05:00:00,0.6,54,4.6,250,0,0,0
1996-03-23 06:00:00,0.6,54,5.2,250,0,0,0
1996-03-23 07:00:00,1.7,53,5.7,250,29,74,23
1996-03-23 08:00:00,3.3,47,5.7,280,126,31,117
1996-03-23 09:00:00,4.4,41,7.2,310,123,0,123
1996-03-23 10:00:00,5.0,31,10.3,310,282,13,273
1996-03-23 11:00:00,5.6,33,7.7,310,547,310,327
1996-03-23 12:00:00,7.8,31,8.8,300,794,894,100
1996-03-23 13:00:00,8.9,29,7.7,290,795,865,112
1996-03-23 14:00:00,10.0,27,7.7,290,755,877,98
1996-03-23 15:00:00,11.7,23,7.7,310,652,842,96
1996-03-23 16:00:00,11.7,21,7.7,290,517,827,81
1996-03-23 17:00:00,11.7,21,9.3,300,320,729,59
1996-03-23 18:00:00,10.6,20,7.2,300,114,467,36
1996-03-23 19:00:00,8.9,22,6.7,310,4,39,2
1996-03-23 20:00:00,8.3,23,5.7,310,0,0,0
1996-03-23 21:00:00,7.8,23,4.6,300,0,0,0
1996-03-23 22:00:00,7.2,26,3.1,310,0,0,0
1996-03-23 23:00:00,6.7,28,3.1,310,0,0,0
1996-03-24 00:00:00,6.1,28,2.1,300,0,0,0
1996-03-24 01:00:00,5.6,30,3.6,230,0,0,0
1996-03-24 02:00:00,5.0,33,3.6,270,0,0,0
1996-03-24 03:00:00,4.4,36,4.1,270,0,0,0
1996-03-24 04:00:00,4.4,36,3.6,310,0,0,0
1996-03-24 05:00:00,3.9,37,4.1,330,0,0,0
1996-03-24 06:00:00,3.3,39,4.6,330,0,0,0
1996-03-24 07:00:00,3.9,34,3.6,320,31,62,26
1996-03-24 08:00:00,6.1,30,4.6,350,187,398,80
1996-03-24 09:00:00,7.8,25,3.6,330,394,603,121
1996-03-24 10:00:00,9.4,22,3.1,340,552,606,186
1996-03-24 11:00:00,10.6,20,3.6,310,693,595,267
1996-03-24 12:00:00,12.8,17,4.1,310,662,474,292
1996-03-24 13:00:00,13.3,16,2.1,10,732,556,290
1996-03-24 14:00:00,13.3,22,3.1,70,772,786,180
1996-03-24 15:00:00,14.4,18,3.6,120,657,743,164
1996-03-24 16:00:00,14.4,17,3.6,160,488,661,137
1996-03-24 17:00:00,13.9,28,5.2,170,285,511,100
1996-03-24 18:00:00,14.4,21,2.6,190,94,227,55
1996-03-24 19:00:00,11.7,35,2.6,160,3,4,3
1996-03-24 20:00:00,10.6,40,2.6,160,0,0,0
1996-03-24 21:00:00,9.4,43,4.1,170,0,0,0
1996-03-24 22:00:00,8.3,42,4.1,180,0,0,0
1996-03-24 23:00:00,7.8,48,2.6,170,0,0,0
1996-03-25 00:00:00,7.8,42,2.6,170,0,0,0
1996-03-25 01:00:00,7.2,55,3.1,150,0,0,0
1996-03-25 02:00:00,6.7,59,3.6,170,0,0,0
1996-03-25 03:00:00,6.7,62,4.1,170,0,0,0
1996-03-25 04:00:00,6.1,70,3.6,190,0,0,0
1996-03-25 05:00:00,7.2,63,4.6,190,0,0,0
1996-03-25 06:00:00,8.3,56,5.7,180,0,0,0
1996-03-25 07:00:00,9.4,56,7.2,180,42,107,33
1996-03-25 08:00:00,11.7,50,7.7,190,204,447,80
1996-03-25 09:00:00,13.9,49,7.7,170,382,480,162
1996-03-25 10:00:00,16.7,50,9.3,170,580,704,151
1996-03-25 11:00:00,18.9,48,10.8,170,619,582,200
1996-03-25 12:00:00,20.6,45,10.8,220,525,306,284
1996-03-25 13:00:00,20.6,44,10.3,210,297,114,206
1996-03-25 14:00:00,22.8,38,11.8,220,590,356,320
1996-03-25 15:00:00,21.1,42,8.2,190,395,152,293
1996-03-25 16:00:00,21.1,42,9.3,180,154,0,154
1996-03-25 17:00:00,21.1,42,9.8,200,152,6,149
1996-03-25 18:00:00,20.6,44,7.7,200,37,0,37
1996-03-25 19:00:00,20.0,47,8.2,210,3,0,3
1996-03-25 20:00:00,18.9,50,6.7,180,0,0,0
1996-03-25 21:00:00,18.9,52,7.2,190,0,0,0
1996-03-25 22:00:00,18.9,54,5.2,190,0,0,0
1996-03-25 23:00:00,18.9,59,5.7,200,0,0,0
1996-03-26 00:00:00,17.2,65,5.2,220,0,0,0
1996-03-26 01:00:00,17.8,67,6.7,200,0,0,0
1996-03-26 02:00:00,17.2,70,7.2,220,0,0,0
1996-03-26 03:00:00,16.7,58,6.2,320,0,0,0
1996-03-26 04:00:00,13.3,49,6.7,330,0,0,0
1996-03-26 05:00:00,12.8,41,4.1,340,0,0,0
1996-03-26 06:00:00,11.7,42,5.2,340,0,0,0
1996-03-26 07:00:00,11.1,39,5.2,340,37,35,33
1996-03-26 08:00:00,10.6,35,6.2,340,118,45,106
1996-03-26 09:00:00,10.0,38,6.7,340,335,494,107
1996-03-26 10:00:00,11.1,37,6.2,320,446,430,182
1996-03-26 11:00:00,12.2,36,6.7,330,660,628,205
1996-03-26 12:00:00,12.8,34,5.2,360,723,717,157
1996-03-26 13:00:00,13.9,32,4.1,20,761,712,190
1996-03-26 14:00:00,14.4,32,5.7,10,761,899,76
1996-03-26 15:00:00,14.4,32,6.7,340,659,814,114
1996-03-26 16:00:00,14.4,32,6.7,350,535,877,64
1996-03-26 17:00:00,14.4,30,6.2,350,311,712,49
1996-03-26 18:00:00,13.3,26,6.2,330,129,554,31
1996-03-26 19:00:00,12.2,27,5.2,330,6,87,3
1996-03-26 20:00:00,11.1,29,5.7,330,0,0,0
1996-03-26 21:00:00,10.0,25,4.6,330,0,0,0
1996-03-26 22:00:00,9.4,22,4.6,310,0,0,0
1996-03-26 23:00:00,8.3,22,4.6,330,0,0,0
1996-03-27 00:00:00,7.2,26,5.2,340,0,0,0
1996-03-27 01:00:00,6.7,25,6.2,330,0,0,0
1996-03-27 02:00:00,5.6,27,5.7,330,0,0,0
1996-03-27 03:00:00,5.0,27,10.3,340,0,0,0
1996-03-27 04:00:00,3.3,30,7.2,340,0,0,0
1996-03-27 05:00:00,3.3,30,7.2,350,0,0,0
1996-03-27 06:00:00,2.2,34,7.7,360,0,0,0
1996-03-27 07:00:00,2.2,36,8.8,350,39,77,32
1996-03-27 08:00:00,3.9,34,9.8,350,188,381,79
1996-03-27 09:00:00,5.0,31,8.8,360,381,551,124
1996-03-27 10:00:00,6.1,28,7.2,360,510,589,146
1996-03-27 11:00:00,6.7,26,5.7,10,698,718,174
1996-03-27 12:00:00,7.8,25,6.2,20,770,732,189
1996-03-27 13:00:00,8.3,24,3.6,60,764,646,244
1996-03-27 14:00:00,9.4,23,3.1,40,738,627,258
1996-03-27 15:00:00,9.4,16,2.6,80,567,381,310
1996-03-27 16:00:00,10.0,16,3.6,350,427,380,221
1996-03-27 17:00:00,10.0,19,1.5,60,237,197,164
1996-03-27 18:00:00,7.8,38,5.7,130,97,40,90
1996-03-27 19:00:00,6.1,39,5.2,140,4,1,4
1996-03-27 20:00:00,5.6,37,4.1,90,0,0,0
1996-03-27 21:00:00,5.0,38,2.1,170,0,0,0
1996-03-27 22:00:00,5.0,40,2.1,140,0,0,0
1996-03-27 23:00:00,5.0,44,2.6,50,0,0,0
1996-03-28 00:00:00,5.0,46,3.1,70,0,0,0
1996-03-28 01:00:00,5.0,44,2.1,40,0,0,0
1996-03-28 02:00:00,5.0,58,3.1,120,0,0,0
1996-03-28 03:00:00,4.4,67,3.1,140,0,0,0
1996-03-28 04:00:00,4.4,70,3.6,140,0,0,0
1996-03-28 05:00:00,4.4,70,3.1,140,0,0,0
1996-03-28 06:00:00,3.9,72,4.6,110,0,0,0
1996-03-28 07:00:00,3.9,79,4.6,70,19,0,19
1996-03-28 08:00:00,3.3,69,4.6,100,71,0,71
1996-03-28 09:00:00,3.3,79,5.2,100,131,0,131
1996-03-28 10:00:00,2.8,85,5.7,70,183,0,183
1996-03-28 11:00:00,2.8,85,5.2,80,185,0,185
1996-03-28 12:00:00,2.8,92,5.7,50,203,0,203
1996-03-28 13:00:00,2.8,96,7.7,60,206,0,206
1996-03-28 14:00:00,3.3,97,7.2,60,195,0,195
1996-03-28 15:00:00,3.3,92,6.2,30,169,0,169
1996-03-28 16:00:00,3.3,97,7.2,50,130,0,130
1996-03-28 17:00:00,3.3,92,6.2,30,82,0,82
1996-03-28 18:00:00,3.9,93,6.7,50,32,0,32
1996-03-28 19:00:00,3.3,92,5.2,20,2,0,2
1996-03-28 20:00:00,2.8,96,6.7,30,0,0,0
1996-03-28 21:00:00,2.8,96,6.7,20,0,0,0
1996-03-28 22:00:00,2.8,96,7.2,10,0,0,0
1996-03-28 23:00:00,2.8,96,6.7,350,0,0,0
1996-03-29 00:00:00,2.8,92,7.2,360,0,0,0
1996-03-29 01:00:00,2.8,92,6.7,10,0,0,0
1996-03-29 02:00:00,2.8,96,5.7,360,0,0,0
1996-03-29 03:00:00,2.8,96,5.7,350,0,0,0
1996-03-29 04:00:00,2.8,96,5.7,350,0,0,0
1996-03-29 05:00:00,2.8,96,7.2,350,0,0,0
1996-03-29 06:00:00,3.3,92,6.2,350,0,0,0
1996-03-29 07:00:00,3.3,92,5.7,340,19,0,19
1996-03-29 08:00:00,2.8,96,5.7,350,55,0,55
1996-03-29 09:00:00,3.9,93,8.2,360,105,0,105
1996-03-29 10:00:00,4.4,93,6.7,20,149,0,149
1996-03-29 11:00:00,5.6,85,6.2,10,182,0,182
1996-03-29 12:00:00,6.1,82,5.2,10,200,0,200
1996-03-29 13:00:00,6.1,86,6.2,20,243,0,243
1996-03-29 14:00:00,6.1,86,5.2,10,229,0,229
1996-03-29 15:00:00,6.1,86,6.2,360,197,0,197
1996-03-29 16:00:00,6.1,89,7.2,360,126,0,126
1996-03-29 17:00:00,6.7,82,6.7,10,92,0,92
1996-03-29 18:00:00,6.7,82,7.7,360,36,0,36
1996-03-29 19:00:00,6.7,82,7.2,20,3,0,3
1996-03-29 20:00:00,6.7,79,5.2,20,0,0,0
1996-03-29 21:00:00,6.1,86,4.6,20,0,0,0
1996-03-29 22:00:00,6.1,79,4.1,40,0,0,0
1996-03-29 23:00:00,5.6,82,3.6,30,0,0,0
1996-03-30 00:00:00,5.0,86,2.6,40,0,0,0
1996-03-30 01:00:00,5.0,86,1.5,90,0,0,0
1996-03-30 02:00:00,4.4,86,2.6,330,0,0,0
1996-03-30 03:00:00,3.9,89,3.1,350,0,0,0
1996-03-30 04:00:00,4.4,89,2.6,340,0,0,0
1996-03-30 05:00:00,3.3,97,0.0,0,0,0,0
1996-03-30 06:00:00,2.8,96,3.6,240,0,0,0
1996-03-30 07:00:00,3.3,97,0.0,0,49,141,34
1996-03-30 08:00:00,6.7,85,2.6,310,205,389,87
1996-03-30 09:00:00,7.2,86,2.6,150,402,484,169
1996-03-30 10:00:00,10.6,68,3.6,10,355,71,310
1996-03-30 11:00:00,12.2,61,5.7,360,216,0,216
1996-03-30 12:00:00,12.2,66,2.6,40,238,0,238
1996-03-30 13:00:00,12.8,64,3.1,80,352,75,291
1996-03-30 14:00:00,13.3,62,1.5,100,358,105,276
1996-03-30 15:00:00,12.8,62,4.6,120,196,0,196
1996-03-30 16:00:00,12.8,64,2.1,160,148,0,148
1996-03-30 17:00:00,12.8,62,1.5,170,90,0,90
1996-03-30 18:00:00,12.2,66,1.5,180,74,5,73
1996-03-30 19:00:00,10.6,71,3.1,170,7,6,7
1996-03-30 20:00:00,10.0,77,2.6,220,0,0,0
1996-03-30 21:00:00,8.3,90,2.6,170,0,0,0
1996-03-30 22:00:00,8.9,83,1.5,150,0,0,0
1996-03-30 23:00:00,8.3,86,2.1,180,0,0,0
1996-03-31 00:00:00,7.8,89,2.1,200,0,0,0
1996-03-31 01:00:00,6.7,93,3.1,160,0,0,0
1996-03-31 02:00:00,6.1,93,2.6,160,0,0,0
1996-03-31 03:00:00,6.1,89,3.1,170,0,0,0
1996-03-31 04:00:00,6.1,93,2.6,170,0,0,0
1996-03-31 05:00:00,7.2,86,2.1,160,0,0,0
1996-03-31 06:00:00,7.2,86,0.0,0,0,0,0
1996-03-31 07:00:00,7.2,82,0.0,0,45,56,39
1996-03-31 08:00:00,8.9,77,1.5,160,200,342,95
1996-03-31 09:00:00,10.6,71,3.6,160,372,435,160
1996-03-31 10:00:00,12.8,64,3.6,160,565,527,229
1996-03-31 11:00:00,13.9,62,3.6,160,652,510,270
1996-03-31 12:00:00,15.6,55,4.1,170,750,623,245
1996-03-31 13:00:00,16.7,52,5.7,170,768,590,283
1996-03-31 14:00:00,17.2,48,5.2,160,612,457,256
1996-03-31 15:00:00,16.7,52,4.6,160,539,338,306
1996-03-31 16:00:00,17.2,48,3.6,160,405,381,194
1996-03-31 17:00:00,16.1,56,3.6,160,128,32,115
1996-03-31 18:00:00,14.4,55,8.2,150,68,16,65
1996-03-31 19:00:00,13.3,57,5.2,150,4,0,4
1996-03-31 20:00:00,12.2,57,5.7,160,0,0,0
1996-03-31 21:00:00,10.6,68,5.2,160,0,0,0
1996-03-31 22:00:00,10.2,74,4.5,150,0,0,0
1996-03-31 23:00:00,9.8,74,3.7,150,0,0,0
1996-04-01 00:00:00,9.4,83,3.0,150,0,0,0
2001-04-01 01:00:00,9.0,80,2.2,0,0,0,0
2001-04-01 02:00:00,8.6,75,1.5,0,0,0,0
2001-04-01 03:00:00,8.2,71,0.7,0,0,0,0
2001-04-01 04:00:00,7.8,73,0.0,0,0,0,0
2001-04-01 05:00:00,7.2,80,0.0,0,0,0,0
2001-04-01 06:00:00,7.2,80,0.0,0,0,0,0
2001-04-01 07:00:00,6.7,82,2.1,180,46,0,46
2001-04-01 08:00:00,7.2,80,1.5,360,61,0,61
2001-04-01 09:00:00,7.8,73,0.0,0,135,0,135
2001-04-01 10:00:00,8.3,68,3.1,120,321,49,290
2001-04-01 11:00:00,8.9,66,1.5,100,293,18,279
2001-04-01 12:00:00,8.9,66,3.6,100,146,0,146
2001-04-01 13:00:00,8.3,74,3.6,120,161,0,161
2001-04-01 14:00:00,8.3,74,3.1,80,240,0,240
2001-04-01 15:00:00,8.3,76,1.5,30,189,6,185
2001-04-01 16:00:00,8.3,83,2.6,20,127,0,127
2001-04-01 17:00:00,7.8,86,3.6,20,103,0,103
2001-04-01 18:00:00,7.8,86,2.1,20,38,0,38
2001-04-01 19:00:00,7.8,79,1.5,360,0,0,0
2001-04-01 20:00:00,8.3,76,4.1,320,0,0,0
2001-04-01 21:00:00,7.2,82,2.6,330,0,0,0
2001-04-01 22:00:00,7.8,79,2.1,340,0,0,0
2001-04-01 23:00:00,7.8,79,3.1,300,0,0,0
2001-04-02 00:00:00,6.7,79,6.7,300,0,0,0
2001-04-02 01:00:00,6.7,76,4.1,320,0,0,0
2001-04-02 02:00:00,6.7,62,5.7,310,0,0,0
2001-04-02 03:00:00,6.1,65,2.6,310,0,0,0
2001-04-02 04:00:00,6.1,65,4.1,320,0,0,0
2001-04-02 05:00:00,6.7,59,2.6,320,0,0,0
2001-04-02 06:00:00,6.7,59,4.1,330,0,0,0
2001-04-02 07:00:00,7.2,57,5.2,330,59,0,59
2001-04-02 08:00:00,7.8,53,5.7,320,137,13,133
2001-04-02 09:00:00,8.3,51,4.6,320,216,19,207
2001-04-02 10:00:00,9.4,47,5.7,310,283,18,271
2001-04-02 11:00:00,10.0,43,7.2,320,274,18,261
2001-04-02 12:00:00,11.7,41,4.1,330,860,716,273
2001-04-02 13:00:00,12.2,37,7.7,330,873,875,147
2001-04-02 14:00:00,12.8,33,5.2,280,797,795,171
2001-04-02 15:00:00,13.3,32,4.6,310,692,731,184
2001-04-02 16:00:00,13.9,30,6.2,340,464,436,220
2001-04-02 17:00:00,13.9,29,6.2,330,331,560,113
2001-04-02 18:00:00,12.2,33,5.2,330,142,434,56
2001-04-02 19:00:00,10.0,38,4.1,350,0,0,0
2001-04-02 20:00:00,9.4,41,3.1,10,0,0,0
2001-04-02 21:00:00,8.3,58,2.1,50,0,0,0
2001-04-02 22:00:00,7.8,58,1.5,130,0,0,0
2001-04-02 23:00:00,7.2,63,0.0,0,0,0,0
2001-04-03 00:00:00,5.0,76,2.6,200,0,0,0
2001-04-03 01:00:00,5.6,73,1.5,210,0,0,0
2001-04-03 02:00:00,5.0,86,0.0,0,0,0,0
2001-04-03 03:00:00,5.0,79,0.0,0,0,0,0
2001-04-03 04:00:00,4.4,83,0.0,0,0,0,0
2001-04-03 05:00:00,3.3,85,2.1,220,0,0,0
2001-04-03 06:00:00,4.4,86,1.5,180,0,0,0
2001-04-03 07:00:00,5.0,86,2.1,80,84,126,68
2001-04-03 08:00:00,7.2,70,2.1,70,280,547,105
2001-04-03 09:00:00,9.4,59,1.5,180,458,654,131
2001-04-03 10:00:00,11.1,52,3.6,170,616,675,177
2001-04-03 11:00:00,12.8,51,3.6,160,760,761,181
2001-04-03 12:00:00,14.4,46,5.2,170,829,770,195
2001-04-03 13:00:00,15.6,37,5.7,170,837,762,203
2001-04-03 14:00:00,15.6,37,5.2,170,785,747,195
2001-04-03 15:00:00,16.1,38,6.2,170,681,743,162
2001-04-03 16:00:00,15.6,36,5.2,180,520,672,141
2001-04-03 17:00:00,13.9,53,6.7,170,322,457,142
2001-04-03 18:00:00,12.2,64,5.2,180,99,129,73
2001-04-03 19:00:00,11.1,71,3.1,180,1,27,1
2001-04-03 20:00:00,10.6,77,2.6,180,0,0,0
2001-04-03 21:00:00,8.9,83,2.6,220,0,0,0
2001-04-03 22:00:00,10.0,83,0.0,0,0,0,0
2001-04-03 23:00:00,10.0,86,6.2,50,0,0,0
2001-04-04 00:00:00,9.4,71,6.7,50,0,0,0
2001-04-04 01:00:00,9.4,71,5.7,30,0,0,0
2001-04-04 02:00:00,8.9,71,5.2,30,0,0,0
2001-04-04 03:00:00,8.3,71,7.2,10,0,0,0
2001-04-04 04:00:00,7.8,76,5.2,10,0,0,0
2001-04-04 05:00:00,7.8,73,5.7,20,0,0,0
2001-04-04 06:00:00,7.8,71,5.7,20,0,0,0
2001-04-04 07:00:00,7.8,68,5.7,10,67,33,63
2001-04-04 08:00:00,8.3,63,5.7,20,113,0,113
2001-04-04 09:00:00,9.4,59,4.6,20,222,31,207
2001-04-04 10:00:00,11.7,44,3.6,20,635,608,236
2001-04-04 11:00:00,12.8,39,6.7,10,772,791,167
2001-04-04 12:00:00,13.9,33,5.2,320,847,812,176
2001-04-04 13:00:00,15.0,33,5.7,330,885,822,198
2001-04-04 14:00:00,15.0,28,5.2,340,780,705,220
2001-04-04 15:00:00,15.6,30,3.6,10,687,755,157
2001-04-04 16:00:00,15.0,30,5.2,10,542,761,112
2001-04-04 17:00:00,15.0,33,4.6,10,348,561,126
2001-04-04 18:00:00,13.3,35,3.6,10,104,145,74
2001-04-04 19:00:00,11.1,40,3.6,10,2,21,2
2001-04-04 20:00:00,11.7,41,4.6,20,0,0,0
2001-04-04 21:00:00,10.6,50,0.0,0,0,0,0
2001-04-04 22:00:00,10.0,45,2.1,190,0,0,0
2001-04-04 23:00:00,9.4,54,1.5,240,0,0,0
2001-04-05 00:00:00,8.3,65,1.5,200,0,0,0
2001-04-05 01:00:00,6.7,79,2.6,180,0,0,0
2001-04-05 02:00:00,5.6,79,2.6,180,0,0,0
2001-04-05 03:00:00,6.7,70,1.5,190,0,0,0
2001-04-05 04:00:00,6.1,65,1.5,200,0,0,0
2001-04-05 05:00:00,5.0,82,0.0,0,0,0,0
2001-04-05 06:00:00,5.6,79,2.1,50,0,0,0
2001-04-05 07:00:00,6.7,70,2.1,50,103,219,74
2001-04-05 08:00:00,8.9,58,1.5,60,285,539,107
2001-04-05 09:00:00,11.1,54,2.1,80,477,696,122
2001-04-05 10:00:00,12.2,50,2.1,120,622,669,181
2001-04-05 11:00:00,14.4,46,3.1,160,791,797,178
2001-04-05 12:00:00,15.6,36,3.6,160,859,836,165
2001-04-05 13:00:00,16.1,35,3.1,150,855,798,185
2001-04-05 14:00:00,16.7,32,2.6,170,803,783,179
2001-04-05 15:00:00,17.2,34,3.1,150,698,791,141
2001-04-05 16:00:00,17.8,34,5.2,170,537,720,127
2001-04-05 17:00:00,17.8,32,3.6,170,348,648,90
2001-04-05 18:00:00,16.1,42,3.1,180,148,426,60
2001-04-05 19:00:00,14.4,53,4.6,160,3,49,2
2001-04-05 20:00:00,13.3,51,4.6,160,0,0,0
2001-04-05 21:00:00,12.8,51,5.2,160,0,0,0
2001-04-05 22:00:00,11.7,54,5.2,170,0,0,0
2001-04-05 23:00:00,11.1,57,4.6,170,0,0,0
2001-04-06 00:00:00,10.6,61,4.6,170,0,0,0
2001-04-06 01:00:00,10.6,65,5.2,170,0,0,0
2001-04-06 02:00:00,10.6,65,4.1,170,0,0,0
2001-04-06 03:00:00,10.6,65,5.2,190,0,0,0
2001-04-06 04:00:00,10.0,68,6.2,180,0,0,0
2001-04-06 05:00:00,10.0,68,5.2,190,0,0,0
2001-04-06 06:00:00,10.0,68,5.2,190,0,0,0
2001-04-06 07:00:00,10.6,65,4.1,190,37,0,37
2001-04-06 08:00:00,11.1,69,5.7,190,134,6,132
2001-04-06 09:00:00,12.8,64,4.1,190,222,12,215
2001-04-06 10:00:00,13.9,69,4.1,190,224,6,220
2001-04-06 11:00:00,15.6,62,5.2,240,212,0,212
2001-04-06 12:00:00,13.9,80,4.6,180,140,0,140
2001-04-06 13:00:00,13.9,87,5.2,200,179,0,179
2001-04-06 14:00:00,15.6,90,3.6,190,129,0,129
2001-04-06 15:00:00,17.8,80,3.1,220,286,18,274
2001-04-06 16:00:00,20.0,76,5.7,230,266,35,245
2001-04-06 17:00:00,21.1,66,5.2,230,255,174,185
2001-04-06 18:00:00,20.6,70,5.2,230,132,265,76
2001-04-06 19:00:00,20.0,73,2.6,220,3,8,3
2001-04-06 20:00:00,17.2,84,3.1,180,0,0,0
2001-04-06 21:00:00,17.8,80,3.6,200,0,0,0
2001-04-06 22:00:00,16.1,87,3.1,160,0,0,0
2001-04-06 23:00:00,16.7,86,4.1,170,0,0,0
2001-04-07 00:00:00,15.0,93,2.6,190,0,0,0
2001-04-07 01:00:00,15.0,93,2.6,200,0,0,0
2001-04-07 02:00:00,14.4,97,3.6,190,0,0,0
2001-04-07 03:00:00,14.4,93,3.1,180,0,0,0
2001-04-07 04:00:00,13.9,96,2.6,190,0,0,0
2001-04-07 05:00:00,13.3,100,0.0,0,0,0,0
2001-04-07 06:00:00,13.3,97,2.1,30,0,0,0
2001-04-07 07:00:00,15.0,93,2.1,350,72,31,68
2001-04-07 08:00:00,15.0,93,3.6,40,104,0,104
2001-04-07 09:00:00,17.8,87,3.6,50,362,209,253
2001-04-07 10:00:00,18.9,75,6.7,60,474,249,307
2001-04-07 11:00:00,17.8,73,6.2,90,224,12,215
2001-04-07 12:00:00,18.3,65,4.1,80,183,0,183
2001-04-07 13:00:00,19.4,66,4.1,80,287,12,277
2001-04-07 14:00:00,16.7,72,8.8,100,334,18,320
2001-04-07 15:00:00,13.9,74,7.2,90,344,30,322
2001-04-07 16:00:00,12.2,74,6.7,80,227,18,217
2001-04-07 17:00:00,11.1,74,5.7,110,83,0,83
2001-04-07 18:00:00,10.6,74,6.7,100,44,0,44
2001-04-07 19:00:00,9.4,80,7.2,100,4,17,4
2001-04-07 20:00:00,8.9,80,5.7,100,0,0,0
2001-04-07 21:00:00,8.9,80,5.7,110,0,0,0
2001-04-07 22:00:00,9.0,81,3.6,100,0,0,0
2001-04-07 23:00:00,8.3,90,4.6,90,0,0,0
2001-04-08 00:00:00,8.3,86,3.6,90,0,0,0
2001-04-08 01:00:00,8.3,86,4.6,60,0,0,0
2001-04-08 02:00:00,7.8,89,4.6,100,0,0,0
2001-04-08 03:00:00,7.8,89,2.6,90,0,0,0
2001-04-08 04:00:00,7.2,97,4.1,60,0,0,0
2001-04-08 05:00:00,7.2,97,2.6,40,0,0,0
2001-04-08 06:00:00,7.8,93,2.6,40,0,0,0
2001-04-08 07:00:00,7.8,96,2.1,20,47,0,47
2001-04-08 08:00:00,7.8,100,2.1,40,59,0,59
2001-04-08 09:00:00,8.3,97,0.0,0,134,0,134
2001-04-08 10:00:00,9.4,93,1.5,30,256,12,248
2001-04-08 11:00:00,10.6,86,1.5,60,317,12,308
2001-04-08 12:00:00,11.7,83,1.5,90,475,96,394
2001-04-08 13:00:00,13.9,74,2.6,60,867,678,291
2001-04-08 14:00:00,15.6,67,1.5,100,791,699,227
2001-04-08 15:00:00,17.8,63,1.5,160,710,767,162
2001-04-08 16:00:00,20.0,57,2.1,190,543,702,137
2001-04-08 17:00:00,20.6,57,2.1,180,360,660,91
2001-04-08 18:00:00,20.0,59,1.5,140,146,369,66
2001-04-08 19:00:00,17.8,67,4.1,120,5,60,4
2001-04-08 20:00:00,16.1,72,2.6,110,0,0,0
2001-04-08 21:00:00,15.0,75,3.1,100,0,0,0
2001-04-08 22:00:00,13.9,83,3.6,60,0,0,0
2001-04-08 23:00:00,13.9,83,4.1,40,0,0,0
2001-04-09 00:00:00,13.0,88,3.1,70,0,0,0
2001-04-09 01:00:00,12.8,83,2.1,10,0,0,0
2001-04-09 02:00:00,12.2,90,2.1,30,0,0,0
2001-04-09 03:00:00,12.8,86,1.5,60,0,0,0
2001-04-09 04:00:00,12.2,90,0.0,0,0,0,0
2001-04-09 05:00:00,12.2,93,3.1,340,0,0,0
2001-04-09 06:00:00,12.2,93,1.5,170,0,0,0
2001-04-09 07:00:00,13.3,90,1.5,40,113,223,79
2001-04-09 08:00:00,15.0,83,3.6,180,303,542,113
2001-04-09 09:00:00,17.2,72,2.6,170,481,652,137
2001-04-09 10:00:00,21.1,63,3.1,170,652,711,171
2001-04-09 11:00:00,23.9,57,4.6,160,796,773,190
2001-04-09 12:00:00,29.4,42,6.2,270,877,842,165
2001-04-09 13:00:00,30.6,37,4.6,260,896,869,154
2001-04-09 14:00:00,30.6,36,6.2,260,827,789,188
2001-04-09 15:00:00,31.1,36,6.2,250,705,744,172
2001-04-09 16:00:00,27.8,44,7.7,180,538,643,164
2001-04-09 17:00:00,31.1,33,6.7,200,329,464,139
2001-04-09 18:00:00,30.0,33,5.2,230,151,386,66
2001-04-09 19:00:00,24.4,50,3.1,200,6,46,5
2001-04-09 20:00:00,23.3,55,1.5,220,0,0,0
2001-04-09 21:00:00,20.6,70,6.7,320,0,0,0
2001-04-09 22:00:00,21.1,63,6.7,320,0,0,0
2001-04-09 23:00:00,18.9,81,4.1,310,0,0,0
2001-04-10 00:00:00,17.8,87,3.1,350,0,0,0
2001-04-10 01:00:00,17.8,84,0.0,0,0,0,0
2001-04-10 02:00:00,18.3,81,3.1,310,0,0,0
2001-04-10 03:00:00,18.9,78,3.6,320,0,0,0
2001-04-10 04:00:00,17.8,84,2.6,340,0,0,0
2001-04-10 05:00:00,16.7,90,4.1,40,0,0,0
2001-04-10 06:00:00,16.1,78,5.7,10,0,0,0
2001-04-10 07:00:00,16.1,75,5.7,20,66,0,66
2001-04-10 08:00:00,15.6,75,5.7,30,169,45,153
2001-04-10 09:00:00,16.7,72,4.6,50,407,295,250
2001-04-10 10:00:00,17.8,67,3.6,60,639,553,263
2001-04-10 11:00:00,18.3,63,3.1,30,497,133,393
2001-04-10 12:00:00,19.4,63,5.2,90,542,150,414
2001-04-10 13:00:00,18.3,65,5.7,90,777,456,386
2001-04-10 14:00:00,17.8,67,5.2,90,276,36,246
2001-04-10 15:00:00,18.9,65,4.1,100,699,535,314
2001-04-10 16:00:00,17.8,70,5.7,100,427,277,265
2001-04-10 17:00:00,16.7,72,5.2,110,235,133,180
2001-04-10 18:00:00,15.6,75,5.7,90,152,294,86
2001-04-10 19:00:00,14.4,75,4.6,120,7,48,6
2001-04-10 20:00:00,14.4,75,3.1,90,0,0,0
2001-04-10 21:00:00,14.0,72,3.1,110,0,0,0
2001-04-10 22:00:00,12.0,94,3.6,180,0,0,0
2001-04-10 23:00:00,12.2,93,5.7,130,0,0,0
2001-04-11 00:00:00,11.7,89,3.1,110,0,0,0
2001-04-11 01:00:00,11.7,86,2.6,140,0,0,0
2001-04-11 02:00:00,11.1,93,4.6,100,0,0,0
2001-04-11 03:00:00,11.1,89,3.6,70,0,0,0
2001-04-11 04:00:00,11.1,93,2.6,100,0,0,0
2001-04-11 05:00:00,10.6,96,3.6,70,0,0,0
2001-04-11 06:00:00,10.6,96,3.1,100,0,0,0
2001-04-11 07:00:00,10.6,96,5.7,90,22,0,22
2001-04-11 08:00:00,10.6,96,2.1,100,51,0,51
2001-04-11 09:00:00,11.0,100,2.1,30,80,0,80
2001-04-11 10:00:00,11.1,97,3.1,60,121,0,121
2001-04-11 11:00:00,11.1,97,2.1,80,131,0,131
2001-04-11 12:00:00,12.2,93,3.6,90,140,0,140
2001-04-11 13:00:00,12.2,93,4.1,80,155,0,155
2001-04-11 14:00:00,12.2,93,4.6,110,135,0,135
2001-04-11 15:00:00,12.2,93,3.6,80,132,0,132
2001-04-11 16:00:00,12.2,97,3.6,100,105,0,105
2001-04-11 17:00:00,12.8,93,2.1,110,94,0,94
2001-04-11 18:00:00,12.8,96,2.1,110,170,339,94
2001-04-11 19:00:00,12.8,96,3.1,70,9,75,7
2001-04-11 20:00:00,12.2,100,4.6,50,0,0,0
2001-04-11 21:00:00,12.8,96,3.1,60,0,0,0
2001-04-11 22:00:00,12.2,100,3.6,60,0,0,0
2001-04-11 23:00:00,12.2,100,2.6,60,0,0,0
2001-04-12 00:00:00,12.2,97,2.1,60,0,0,0
2001-04-12 01:00:00,11.7,100,2.6,50,0,0,0
2001-04-12 02:00:00,11.7,100,3.6,30,0,0,0
2001-04-12 03:00:00,11.7,100,2.6,30,0,0,0
2001-04-12 04:00:00,11.7,100,1.5,60,0,0,0
2001-04-12 05:00:00,11.7,100,0.0,0,0,0,0
2001-04-12 06:00:00,12.0,100,2.1,160,0,0,0
2001-04-12 07:00:00,12.2,97,2.1,170,63,0,63
2001-04-12 08:00:00,12.2,100,3.1,180,73,0,73
2001-04-12 09:00:00,14.0,94,3.1,170,140,0,140
2001-04-12 10:00:00,13.9,96,4.6,170,243,6,238
2001-04-12 11:00:00,15.6,93,5.2,170,292,12,282
2001-04-12 12:00:00,17.2,90,4.6,190,347,30,321
2001-04-12 13:00:00,18.3,87,4.6,160,777,480,363
2001-04-12 14:00:00,21.1,76,6.2,190,733,550,283
2001-04-12 15:00:00,23.3,66,8.2,200,636,488,282
2001-04-12 16:00:00,23.9,64,7.2,190,322,94,266
2001-04-12 17:00:00,25.0,60,7.7,200,110,0,110
2001-04-12 18:00:00,24.4,60,6.7,190,167,312,95
2001-04-12 19:00:00,21.7,70,5.2,190,9,74,7
2001-04-12 20:00:00,21.1,73,5.2,190,0,0,0
2001-04-12 21:00:00,22.8,66,4.6,200,0,0,0
2001-04-12 22:00:00,22.2,66,4.6,200,0,0,0
2001-04-12 23:00:00,20.0,73,2.6,190,0,0,0
2001-04-13 00:00:00,20.0,73,4.6,170,0,0,0
2001-04-13 01:00:00,19.4,73,4.6,180,0,0,0
2001-04-13 02:00:00,22.2,55,4.1,250,0,0,0
2001-04-13 03:00:00,22.2,53,4.6,270,0,0,0
2001-04-13 04:00:00,17.8,80,4.6,170,0,0,0
2001-04-13 05:00:00,21.7,55,3.1,270,0,0,0
2001-04-13 06:00:00,21.1,59,4.1,250,0,0,0
2001-04-13 07:00:00,18.9,78,3.6,250,31,0,31
2001-04-13 08:00:00,17.8,87,2.6,190,73,0,73
2001-04-13 09:00:00,17.8,87,3.6,240,100,0,100
2001-04-13 10:00:00,17.8,90,3.6,220,115,0,115
2001-04-13 11:00:00,20.0,76,5.2,240,602,241,409
2001-04-13 12:00:00,22.8,57,4.1,270,907,776,241
2001-04-13 13:00:00,23.3,50,4.1,270,914,881,151
2001-04-13 14:00:00,25.0,35,7.2,310,833,777,194
2001-04-13 15:00:00,25.6,28,7.2,300,705,714,185
2001-04-13 16:00:00,25.0,28,6.7,290,550,691,141
2001-04-13 17:00:00,24.4,23,8.8,340,367,638,98
2001-04-13 18:00:00,23.3,22,7.2,320,172,471,63
2001-04-13 19:00:00,21.7,27,4.6,330,10,62,8
2001-04-13 20:00:00,19.4,32,3.6,340,0,0,0
2001-04-13 21:00:00,20.0,30,6.2,320,0,0,0
2001-04-13 22:00:00,17.2,39,4.6,360,0,0,0
2001-04-13 23:00:00,16.1,42,4.6,330,0,0,0
2001-04-14 00:00:00,15.0,45,3.6,330,0,0,0
2001-04-14 01:00:00,13.9,49,4.1,340,0,0,0
2001-04-14 02:00:00,14.4,49,5.2,350,0,0,0
2001-04-14 03:00:00,13.9,47,4.1,330,0,0,0
2001-04-14 04:00:00,13.3,49,3.6,310,0,0,0
2001-04-14 05:00:00,12.8,48,4.1,310,0,0,0
2001-04-14 06:00:00,12.2,53,3.6,300,0,0,0
2001-04-14 07:00:00,12.8,52,3.1,340,132,263,85
2001-04-14 08:00:00,14.4,42,3.1,360,319,538,119
2001-04-14 09:00:00,15.6,37,3.6,340,518,694,137
2001-04-14 10:00:00,16.7,36,3.1,340,669,722,166
2001-04-14 11:00:00,17.2,35,5.7,340,801,742,205
2001-04-14 12:00:00,18.3,33,4.6,300,907,842,181
2001-04-14 13:00:00,18.9,30,3.1,320,920,887,149
2001-04-14 14:00:00,20.0,33,5.7,300,856,855,151
2001-04-14 15:00:00,21.7,30,5.2,320,728,780,158
2001-04-14 16:00:00,21.7,25,2.6,280,561,715,136
2001-04-14 17:00:00,22.8,24,0.0,0,378,656,99
2001-04-14 18:00:00,20.0,36,0.0,0,173,456,66
2001-04-14 19:00:00,18.9,43,3.1,180,12,92,9
2001-04-14 20:00:00,18.3,50,0.0,0,0,0,0
2001-04-14 21:00:00,16.7,56,3.1,190,0,0,0
2001-04-14 22:00:00,13.9,80,3.6,190,0,0,0
2001-04-14 23:00:00,16.1,56,0.0,0,0,0,0
2001-04-15 00:00:00,15.6,62,0.0,0,0,0,0
2001-04-15 01:00:00,14.4,75,0.0,0,0,0,0
2001-04-15 02:00:00,15.0,64,0.0,0,0,0,0
2001-04-15 03:00:00,13.9,67,0.0,0,0,0,0
2001-04-15 04:00:00,13.3,80,2.1,340,0,0,0
2001-04-15 05:00:00,13.3,72,2.1,50,0,0,0
2001-04-15 06:00:00,13.9,67,2.1,40,0,0,0
2001-04-15 07:00:00,15.0,75,0.0,0,139,290,87
2001-04-15 08:00:00,16.1,58,3.1,30,318,531,118
2001-04-15 09:00:00,17.8,45,2.6,80,505,626,158
2001-04-15 10:00:00,18.9,43,2.6,70,656,655,197
2001-04-15 11:00:00,20.0,39,2.6,70,795,730,206
2001-04-15 12:00:00,20.6,40,4.1,110,852,643,295
2001-04-15 13:00:00,20.6,39,4.6,90,645,264,415
2001-04-15 14:00:00,21.1,36,4.6,100,616,263,398
2001-04-15 15:00:00,21.1,41,5.7,100,602,357,340
2001-04-15 16:00:00,18.3,52,5.7,100,117,0,117
2001-04-15 17:00:00,16.1,70,5.7,80,63,0,63
2001-04-15 18:00:00,14.4,81,5.2,80,137,176,95
2001-04-15 19:00:00,12.8,83,4.6,80,5,0,5
2001-04-15 20:00:00,11.7,77,4.6,70,0,0,0
2001-04-15 21:00:00,11.0,87,5.7,50,0,0,0
2001-04-15 22:00:00,10.0,93,5.2,30,0,0,0
2001-04-15 23:00:00,10.6,92,4.6,50,0,0,0
2001-04-16 00:00:00,10.6,92,4.1,50,0,0,0
2001-04-16 01:00:00,10.6,92,4.6,50,0,0,0
2001-04-16 02:00:00,10.6,92,4.1,50,0,0,0
2001-04-16 03:00:00,10.0,93,3.1,20,0,0,0
2001-04-16 04:00:00,10.0,93,5.2,10,0,0,0
2001-04-16 05:00:00,10.0,93,4.1,20,0,0,0
2001-04-16 06:00:00,10.0,93,5.2,60,0,0,0
2001-04-16 07:00:00,9.4,93,5.7,40,69,0,69
2001-04-16 08:00:00,8.9,96,6.7,30,101,0,101
2001-04-16 09:00:00,8.9,96,5.7,20,119,0,119
2001-04-16 10:00:00,9.4,90,4.6,30,146,0,146
2001-04-16 11:00:00,10.0,86,4.6,360,143,0,143
2001-04-16 12:00:00,10.0,80,4.6,340,146,0,146
2001-04-16 13:00:00,10.6,77,3.1,330,161,0,161
2001-04-16 14:00:00,11.1,71,4.6,320,135,0,135
2001-04-16 15:00:00,11.7,71,2.6,350,178,0,178
2001-04-16 16:00:00,11.7,66,4.1,320,156,0,156
2001-04-16 17:00:00,12.8,62,5.2,320,226,93,186
2001-04-16 18:00:00,12.2,64,4.1,290,87,22,82
2001-04-16 19:00:00,11.7,59,2.6,300,14,55,12
2001-04-16 20:00:00,11.7,59,0.0,0,0,0,0
2001-04-16 21:00:00,9.4,80,2.1,210,0,0,0
2001-04-16 22:00:00,8.9,83,3.6,170,0,0,0
2001-04-16 23:00:00,9.4,80,5.2,270,0,0,0
2001-04-17 00:00:00,6.1,89,10.3,310,0,0,0
2001-04-17 01:00:00,6.1,82,4.1,340,0,0,0
2001-04-17 02:00:00,6.7,79,4.1,300,0,0,0
2001-04-17 03:00:00,6.1,82,4.1,340,0,0,0
2001-04-17 04:00:00,5.6,61,6.2,320,0,0,0
2001-04-17 05:00:00,4.4,55,4.6,320,0,0,0
2001-04-17 06:00:00,3.9,55,3.1,330,0,0,0
2001-04-17 07:00:00,5.6,49,3.1,310,145,293,89
2001-04-17 08:00:00,6.1,41,5.2,290,345,618,107
2001-04-17 09:00:00,7.8,38,7.2,280,543,699,151
2001-04-17 10:00:00,7.8,38,7.2,320,611,504,255
2001-04-17 11:00:00,8.9,35,6.7,310,751,585,275
2001-04-17 12:00:00,9.4,32,9.3,280,815,583,307
2001-04-17 13:00:00,9.4,36,8.2,310,818,600,292
2001-04-17 14:00:00,10.6,35,8.8,320,768,598,270
2001-04-17 15:00:00,10.6,30,8.8,280,671,619,214
2001-04-17 16:00:00,9.4,29,8.2,330,534,591,178
2001-04-17 17:00:00,9.4,32,8.8,340,369,593,112
2001-04-17 18:00:00,8.3,37,9.3,320,174,392,79
2001-04-17 19:00:00,6.1,51,6.7,310,17,105,12
2001-04-17 20:00:00,6.1,51,7.2,320,0,0,0
2001-04-17 21:00:00,6.1,54,5.2,290,0,0,0
2001-04-17 22:00:00,5.6,56,6.2,290,0,0,0
2001-04-17 23:00:00,5.6,61,7.2,300,0,0,0
2001-04-18 00:00:00,4.4,79,9.3,310,0,0,0
2001-04-18 01:00:00,3.3,89,6.7,310,0,0,0
2001-04-18 02:00:00,3.9,86,6.7,320,0,0,0
2001-04-18 03:00:00,5.0,67,7.2,310,0,0,0
2001-04-18 04:00:00,5.0,64,5.7,300,0,0,0
2001-04-18 05:00:00,4.4,58,8.8,310,0,0,0
2001-04-18 06:00:00,3.9,55,7.2,310,0,53,0
2001-04-18 07:00:00,4.4,48,7.7,310,152,326,88
2001-04-18 08:00:00,5.0,44,8.2,310,344,592,114
2001-04-18 09:00:00,6.1,41,9.8,320,529,674,148
2001-04-18 10:00:00,7.8,36,10.8,310,719,807,145
2001-04-18 11:00:00,8.3,37,8.8,330,837,827,163
2001-04-18 12:00:00,9.4,34,9.3,330,906,848,165
2001-04-18 13:00:00,9.4,32,7.7,320,920,737,270
2001-04-18 14:00:00,10.0,30,10.8,320,463,96,383
2001-04-18 15:00:00,8.9,30,8.2,330,402,71,349
2001-04-18 16:00:00,9.4,27,7.2,290,323,77,276
2001-04-18 17:00:00,10.0,27,9.3,330,337,355,183
2001-04-18 18:00:00,8.3,39,5.7,310,74,0,74
2001-04-18 19:00:00,7.2,43,5.7,310,17,50,15
2001-04-18 20:00:00,6.7,49,3.6,290,0,0,0
2001-04-18 21:00:00,6.7,49,2.6,330,0,0,0
2001-04-18 22:00:00,6.1,54,2.1,270,0,0,0
2001-04-18 23:00:00,5.6,53,3.1,310,0,0,0
2001-04-19 00:00:00,5.6,53,2.1,320,0,0,0
2001-04-19 01:00:00,3.9,69,1.5,230,0,0,0
2001-04-19 02:00:00,3.3,72,2.1,250,0,0,0
2001-04-19 03:00:00,3.3,66,2.1,260,0,0,0
2001-04-19 04:00:00,2.8,65,2.1,250,0,0,0
2001-04-19 05:00:00,2.2,71,0.0,0,0,0,0
2001-04-19 06:00:00,2.2,74,2.1,200,1,54,1
2001-04-19 07:00:00,4.4,67,0.0,0,150,296,91
2001-04-19 08:00:00,6.7,47,1.5,100,351,611,110
2001-04-19 09:00:00,7.8,53,2.1,110,542,705,141
2001-04-19 10:00:00,10.6,44,3.6,160,712,783,153
2001-04-19 11:00:00,12.8,36,4.6,290,837,724,244
2001-04-19 12:00:00,14.4,34,2.6,260,602,216,412
2001-04-19 13:00:00,15.0,30,5.2,220,866,636,305
2001-04-19 14:00:00,15.0,28,4.6,260,751,526,310
2001-04-19 15:00:00,15.0,30,4.6,260,580,339,327
2001-04-19 16:00:00,15.6,29,2.6,270,417,219,285
2001-04-19 17:00:00,15.6,27,4.6,260,232,70,202
2001-04-19 18:00:00,15.6,29,3.1,230,116,77,96
2001-04-19 19:00:00,14.4,37,2.6,190,20,70,17
2001-04-19 20:00:00,13.3,38,2.1,180,0,0,0
2001-04-19 21:00:00,10.6,48,3.6,170,0,0,0
2001-04-19 22:00:00,10.6,48,3.6,170,0,0,0
2001-04-19 23:00:00,9.4,66,3.1,170,0,0,0
2001-04-20 00:00:00,9.4,66,2.6,160,0,0,0
2001-04-20 01:00:00,8.9,71,2.1,140,0,0,0
2001-04-20 02:00:00,8.3,76,2.1,150,0,0,0
2001-04-20 03:00:00,8.3,74,2.1,150,0,0,0
2001-04-20 04:00:00,8.3,76,1.5,200,0,0,0
2001-04-20 05:00:00,7.2,82,1.5,240,0,0,0
2001-04-20 06:00:00,7.8,73,2.6,200,2,38,1
2001-04-20 07:00:00,8.9,68,2.6,190,157,189,119
2001-04-20 08:00:00,10.6,58,3.1,210,264,182,192
2001-04-20 09:00:00,12.2,59,4.1,170,330,92,278
2001-04-20 10:00:00,13.9,51,4.6,170,470,170,348
2001-04-20 11:00:00,16.1,46,3.6,190,793,567,327
2001-04-20 12:00:00,17.8,41,3.6,160,559,156,422
2001-04-20 13:00:00,20.0,33,7.2,180,639,234,432
2001-04-20 14:00:00,19.4,33,7.2,200,481,108,391
2001-04-20 15:00:00,19.4,32,5.7,190,184,0,184
2001-04-20 16:00:00,18.9,37,4.1,180,173,0,173
2001-04-20 17:00:00,16.7,56,3.6,180,111,0,111
2001-04-20 18:00:00,17.2,48,3.6,170,42,0,42
2001-04-20 19:00:00,16.7,50,4.6,180,21,63,18
2001-04-20 20:00:00,15.6,60,5.2,180,0,0,0
2001-04-20 21:00:00,16.1,54,4.1,180,0,0,0
2001-04-20 22:00:00,15.6,51,4.6,180,0,0,0
2001-04-20 23:00:00,16.1,51,4.6,180,0,0,0
2001-04-21 00:00:00,17.2,41,4.6,200,0,0,0
2001-04-21 01:00:00,16.7,44,5.2,180,0,0,0
2001-04-21 02:00:00,15.0,60,5.2,180,0,0,0
2001-04-21 03:00:00,15.0,55,3.6,190,0,0,0
2001-04-21 04:00:00,15.6,49,3.1,210,0,0,0
2001-04-21 05:00:00,13.9,57,3.1,190,0,0,0
2001-04-21 06:00:00,13.9,62,2.1,200,2,38,2
2001-04-21 07:00:00,14.4,65,4.1,180,137,174,101
2001-04-21 08:00:00,17.2,54,4.1,220,306,358,162
2001-04-21 09:00:00,17.2,54,4.1,220,515,490,232
2001-04-21 10:00:00,17.2,63,4.6,170,400,91,335
2001-04-21 11:00:00,18.9,59,4.1,160,521,157,391
2001-04-21 12:00:00,19.4,54,4.1,170,255,12,245
2001-04-21 13:00:00,19.4,57,4.1,170,370,18,354
2001-04-21 14:00:00,20.6,57,2.1,170,199,6,194
2001-04-21 15:00:00,22.2,48,4.1,260,293,18,279
2001-04-21 16:00:00,22.2,46,4.1,220,217,12,210
2001-04-21 17:00:00,21.7,49,4.6,200,254,105,207
2001-04-21 18:00:00,18.9,63,4.6,180,112,61,96
2001-04-21 19:00:00,17.8,65,3.1,170,22,80,17
2001-04-21 20:00:00,18.3,61,2.1,190,0,0,0
2001-04-21 21:00:00,16.7,72,4.1,180,0,0,0
2001-04-21 22:00:00,16.7,72,4.1,180,0,0,0
2001-04-21 23:00:00,17.2,72,4.1,190,0,0,0
2001-04-22 00:00:00,17.2,72,3.6,210,0,0,0
2001-04-22 01:00:00,16.7,75,3.1,210,0,0,0
2001-04-22 02:00:00,16.1,78,0.0,0,0,0,0
2001-04-22 03:00:00,15.0,83,4.1,190,0,0,0
2001-04-22 04:00:00,15.6,83,3.6,190,0,0,0
2001-04-22 05:00:00,15.0,87,3.1,190,0,0,0
2001-04-22 06:00:00,15.6,83,5.2,190,1,0,1
2001-04-22 07:00:00,17.2,75,4.6,190,45,0,45
2001-04-22 08:00:00,19.4,66,4.6,210,312,239,216
2001-04-22 09:00:00,18.3,73,4.1,180,336,104,276
2001-04-22 10:00:00,21.1,68,4.1,180,171,0,171
2001-04-22 11:00:00,23.3,64,3.6,160,799,525,364
2001-04-22 12:00:00,28.3,43,6.2,220,924,830,189
2001-04-22 13:00:00,28.9,43,3.6,250,944,857,180
2001-04-22 14:00:00,29.4,42,4.6,230,862,693,276
2001-04-22 15:00:00,29.4,42,3.6,280,459,149,347
2001-04-22 16:00:00,30.6,42,1.5,300,541,544,206
2001-04-22 17:00:00,29.4,43,4.1,310,381,547,137
2001-04-22 18:00:00,28.9,43,5.2,320,191,466,72
2001-04-22 19:00:00,26.7,49,3.6,350,25,138,17
2001-04-22 20:00:00,23.3,60,2.1,360,0,0,0
2001-04-22 21:00:00,23.3,60,0.0,0,0,0,0
2001-04-22 22:00:00,21.1,71,2.1,180,0,0,0
2001-04-22 23:00:00,19.4,79,2.6,190,0,0,0
2001-04-23 00:00:00,18.3,84,3.1,180,0,0,0
2001-04-23 01:00:00,17.8,90,3.1,180,0,0,0
2001-04-23 02:00:00,17.2,93,0.0,0,0,0,0
2001-04-23 03:00:00,16.1,97,0.0,0,0,0,0
2001-04-23 04:00:00,16.7,93,1.5,200,0,0,0
2001-04-23 05:00:00,15.6,96,2.1,180,0,0,0
2001-04-23 06:00:00,16.7,90,1.5,190,2,0,2
2001-04-23 07:00:00,17.8,84,2.6,170,72,0,72
2001-04-23 08:00:00,20.0,76,2.6,160,241,132,187
2001-04-23 09:00:00,21.1,73,4.1,170,501,447,240
2001-04-23 10:00:00,23.3,66,3.6,180,686,631,227
2001-04-23 11:00:00,25.0,58,2.6,170,855,808,183
2001-04-23 12:00:00,26.7,58,4.6,170,918,842,170
2001-04-23 13:00:00,28.3,49,5.7,180,950,863,178
2001-04-23 14:00:00,27.8,51,5.7,170,862,789,193
2001-04-23 15:00:00,28.3,49,5.2,170,746,762,172
2001-04-23 16:00:00,27.8,51,5.2,170,569,627,181
2001-04-23 17:00:00,26.1,54,5.2,180,360,466,151
2001-04-23 18:00:00,25.6,54,5.7,180,178,361,84
2001-04-23 19:00:00,24.4,58,5.2,180,26,136,17
2001-04-23 20:00:00,22.8,61,5.7,180,0,0,0
2001-04-23 21:00:00,22.2,64,5.2,180,0,0,0
2001-04-23 22:00:00,21.7,63,5.7,180,0,0,0
2001-04-23 23:00:00,21.1,66,7.2,180,0,0,0
2001-04-24 00:00:00,20.6,70,6.7,180,0,0,0
2001-04-24 01:00:00,21.1,66,6.2,190,0,0,0
2001-04-24 02:00:00,19.4,70,4.1,190,0,0,0
2001-04-24 03:00:00,19.4,70,4.1,180,0,0,0
2001-04-24 04:00:00,20.6,63,4.1,190,0,0,0
2001-04-24 05:00:00,18.3,76,4.1,180,0,0,0
2001-04-24 06:00:00,18.9,73,3.6,190,3,0,3
2001-04-24 07:00:00,20.6,65,4.6,210,80,0,80
2001-04-24 08:00:00,21.1,66,4.6,200,205,50,184
2001-04-24 09:00:00,22.2,68,4.6,180,566,600,214
2001-04-24 10:00:00,22.8,66,5.7,160,723,770,161
2001-04-24 11:00:00,25.0,60,6.2,170,861,844,156
2001-04-24 12:00:00,26.1,56,5.7,170,918,830,179
2001-04-24 13:00:00,29.4,39,6.2,230,920,797,205
2001-04-24 14:00:00,24.4,52,6.7,310,833,592,330
2001-04-24 15:00:00,22.8,50,8.2,320,138,0,138
2001-04-24 16:00:00,18.9,54,9.3,300,217,12,210
2001-04-24 17:00:00,18.3,50,8.8,320,106,0,106
2001-04-24 18:00:00,17.8,50,5.2,320,94,11,91
2001-04-24 19:00:00,17.8,50,5.7,320,19,33,17
2001-04-24 20:00:00,17.2,39,7.2,330,0,0,0
2001-04-24 21:00:00,16.1,42,7.7,330,0,0,0
2001-04-24 22:00:00,15.6,42,5.2,320,0,0,0
2001-04-24 23:00:00,14.4,42,6.2,330,0,0,0
2001-04-25 00:00:00,13.3,45,8.8,350,0,0,0
2001-04-25 01:00:00,12.2,45,6.7,330,0,0,0
2001-04-25 02:00:00,11.7,46,7.7,330,0,0,0
2001-04-25 03:00:00,11.1,46,6.2,340,0,0,0
2001-04-25 04:00:00,10.6,50,5.7,350,0,0,0
2001-04-25 05:00:00,10.0,52,7.2,10,0,0,0
2001-04-25 06:00:00,10.0,50,7.7,10,4,8,4
2001-04-25 07:00:00,10.0,50,7.2,360,105,27,99
2001-04-25 08:00:00,10.0,54,5.7,30,226,56,202
2001-04-25 09:00:00,10.0,52,5.7,30,329,67,289
2001-04-25 10:00:00,10.6,50,5.7,350,412,73,359
2001-04-25 11:00:00,10.6,50,2.1,40,483,90,407
2001-04-25 12:00:00,11.7,46,2.6,20,516,96,431
2001-04-25 13:00:00,11.7,44,0.0,0,699,294,435
2001-04-25 14:00:00,12.8,47,2.6,360,798,508,365
2001-04-25 15:00:00,13.3,42,2.1,360,442,125,347
2001-04-25 16:00:00,13.9,44,3.1,360,251,18,240
2001-04-25 17:00:00,13.3,45,4.1,360,244,93,202
2001-04-25 18:00:00,13.3,43,4.1,10,99,11,96
2001-04-25 19:00:00,11.1,57,4.1,120,18,4,17
2001-04-25 20:00:00,10.6,56,0.0,0,0,0,0
2001-04-25 21:00:00,10.0,58,0.0,0,0,0,0
2001-04-25 22:00:00,10.6,56,0.0,0,0,0,0
2001-04-25 23:00:00,9.4,63,1.5,230,0,0,0
2001-04-26 00:00:00,7.8,76,1.5,240,0,0,0
2001-04-26 01:00:00,6.7,76,2.1,350,0,0,0
2001-04-26 02:00:00,7.2,76,2.1,350,0,0,0
2001-04-26 03:00:00,5.6,82,2.6,340,0,0,0
2001-04-26 04:00:00,5.6,79,2.6,360,0,0,0
2001-04-26 05:00:00,5.6,76,2.6,350,0,0,0
2001-04-26 06:00:00,5.6,76,3.1,340,9,118,4
2001-04-26 07:00:00,8.3,68,2.6,360,183,382,95
2001-04-26 08:00:00,11.7,52,3.1,50,380,645,110
2001-04-26 09:00:00,13.9,38,4.6,40,565,716,140
2001-04-26 10:00:00,15.0,37,6.7,30,729,770,162
2001-04-26 11:00:00,16.1,30,6.2,60,854,784,196
2001-04-26 12:00:00,16.7,29,5.7,70,948,854,183
2001-04-26 13:00:00,17.2,31,5.2,70,944,869,160
2001-04-26 14:00:00,17.8,24,2.1,70,880,843,159
2001-04-26 15:00:00,18.3,27,2.6,60,764,822,139
2001-04-26 16:00:00,18.3,27,2.1,40,608,757,135
2001-04-26 17:00:00,18.3,29,3.6,350,414,694,97
2001-04-26 18:00:00,17.2,27,3.6,350,203,491,72
2001-04-26 19:00:00,15.6,30,2.6,10,31,137,21
2001-04-26 20:00:00,13.9,42,2.6,150,0,0,0
2001-04-26 21:00:00,13.9,42,1.5,160,0,0,0
2001-04-26 22:00:00,11.7,50,2.1,200,0,0,0
2001-04-26 23:00:00,10.0,56,3.6,160,0,0,0
2001-04-27 00:00:00,9.4,59,4.1,210,0,0,0
2001-04-27 01:00:00,8.3,63,2.6,210,0,0,0
2001-04-27 02:00:00,8.3,63,2.1,230,0,0,0
2001-04-27 03:00:00,8.3,68,0.0,0,0,0,0
2001-04-27 04:00:00,6.7,73,2.6,190,0,0,0
2001-04-27 05:00:00,6.1,73,3.6,200,0,0,0
2001-04-27 06:00:00,6.7,73,3.1,200,10,117,5
2001-04-27 07:00:00,9.4,61,3.1,190,181,360,97
2001-04-27 08:00:00,12.8,57,2.6,190,380,632,112
2001-04-27 09:00:00,16.1,50,2.1,250,571,734,133
2001-04-27 10:00:00,20.6,32,4.1,310,703,685,197
2001-04-27 11:00:00,21.7,31,6.2,300,786,561,314
2001-04-27 12:00:00,22.2,33,5.2,270,948,697,321
2001-04-27 13:00:00,22.8,34,6.7,300,155,6,150
2001-04-27 14:00:00,24.4,32,7.2,310,851,622,318
2001-04-27 15:00:00,25.0,31,7.2,280,753,697,221
2001-04-27 16:00:00,26.1,31,5.7,310,447,248,291
2001-04-27 17:00:00,25.0,32,4.6,280,340,356,177
2001-04-27 18:00:00,25.0,31,3.6,280,152,145,112
2001-04-27 19:00:00,23.9,33,6.7,320,16,0,16
2001-04-27 20:00:00,21.7,41,3.6,310,0,0,0
2001-04-27 21:00:00,21.1,42,3.6,290,0,0,0
2001-04-27 22:00:00,20.0,47,3.6,320,0,0,0
2001-04-27 23:00:00,16.1,75,2.6,80,0,0,0
2001-04-28 00:00:00,16.7,75,1.5,70,0,0,0
2001-04-28 01:00:00,17.8,56,5.2,330,0,0,0
2001-04-28 02:00:00,17.2,54,6.2,330,0,0,0
2001-04-28 03:00:00,16.1,51,5.2,340,0,0,0
2001-04-28 04:00:00,14.4,53,4.1,340,0,0,0
2001-04-28 05:00:00,13.9,51,5.2,330,0,0,0
2001-04-28 06:00:00,12.8,57,4.6,340,11,132,6
2001-04-28 07:00:00,14.4,51,4.6,340,188,386,97
2001-04-28 08:00:00,15.6,47,7.2,360,372,575,126
2001-04-28 09:00:00,16.1,42,8.2,360,558,673,154
2001-04-28 10:00:00,17.2,34,7.7,350,716,715,185
2001-04-28 11:00:00,16.7,32,5.7,350,879,826,181
2001-04-28 12:00:00,18.3,31,6.2,360,935,854,167
2001-04-28 13:00:00,18.9,28,7.2,360,950,875,157
2001-04-28 14:00:00,19.4,23,8.2,340,886,849,157
2001-04-28 15:00:00,19.4,23,5.7,10,770,828,137
2001-04-28 16:00:00,18.9,22,8.2,20,614,763,134
2001-04-28 17:00:00,18.3,24,4.6,20,415,671,105
2001-04-28 18:00:00,17.2,26,5.7,10,204,464,77
2001-04-28 19:00:00,16.1,25,4.6,30,35,162,23
2001-04-28 20:00:00,15.0,34,3.1,70,0,0,0
2001-04-28 21:00:00,13.3,33,3.6,40,0,0,0
2001-04-28 22:00:00,12.8,34,2.6,60,0,0,0
2001-04-28 23:00:00,12.2,37,1.5,40,0,0,0
2001-04-29 00:00:00,11.1,48,0.0,0,0,0,0
2001-04-29 01:00:00,11.1,50,2.1,340,0,0,0
2001-04-29 02:00:00,10.0,45,5.2,50,0,0,0
2001-04-29 03:00:00,8.9,42,3.6,30,0,0,0
2001-04-29 04:00:00,8.3,48,3.1,30,0,0,0
2001-04-29 05:00:00,7.2,50,3.6,30,0,0,0
2001-04-29 06:00:00,7.8,36,5.2,30,0,0,0
2001-04-29 07:00:00,8.3,39,4.6,40,187,365,99
2001-04-29 08:00:00,10.6,33,5.7,40,378,593,123
2001-04-29 09:00:00,11.7,34,3.1,60,577,740,131
2001-04-29 10:00:00,13.3,29,3.1,20,722,721,185
2001-04-29 11:00:00,13.3,28,0.0,0,879,820,183
2001-04-29 12:00:00,15.6,24,2.1,100,947,878,155
2001-04-29 13:00:00,16.1,24,1.5,100,961,899,145
2001-04-29 14:00:00,17.8,25,3.6,90,892,855,155
2001-04-29 15:00:00,18.9,21,2.1,120,776,810,154
2001-04-29 16:00:00,17.8,26,2.1,140,609,739,142
2001-04-29 17:00:00,17.8,31,3.6,170,415,630,123
2001-04-29 18:00:00,17.2,33,3.1,180,195,403,84
2001-04-29 19:00:00,15.6,40,4.1,130,39,137,28
2001-04-29 20:00:00,13.3,45,2.6,160,0,0,0
2001-04-29 21:00:00,11.7,46,2.6,170,0,0,0
2001-04-29 22:00:00,11.7,48,4.1,160,0,0,0
2001-04-29 23:00:00,11.1,50,2.1,210,0,0,0
2001-04-30 00:00:00,11.1,54,2.1,220,0,0,0
2001-04-30 01:00:00,9.4,66,2.6,220,0,0,0
2001-04-30 02:00:00,8.9,71,2.1,230,0,0,0
2001-04-30 03:00:00,8.3,68,2.6,220,0,0,0
2001-04-30 04:00:00,8.3,71,2.1,210,0,0,0
2001-04-30 05:00:00,7.2,76,2.6,220,0,0,0
2001-04-30 06:00:00,8.3,76,2.1,200,0,0,0
2001-04-30 07:00:00,10.6,63,3.6,190,194,391,99
2001-04-30 08:00:00,12.8,57,4.6,170,391,612,126
2001-04-30 09:00:00,15.6,49,4.1,200,590,758,131
2001-04-30 10:00:00,16.7,50,4.1,160,741,800,143
2001-04-30 11:00:00,17.8,48,5.7,150,878,814,186
2001-04-30 12:00:00,20.0,45,4.6,160,953,884,154
2001-04-30 13:00:00,21.7,38,5.2,170,955,881,154
2001-04-30 14:00:00,22.2,38,5.7,160,904,879,145
2001-04-30 15:00:00,23.3,38,5.2,170,770,816,143
2001-04-30 16:00:00,23.3,35,4.6,160,620,769,133
2001-04-30 17:00:00,22.8,41,5.2,170,421,677,105
2001-04-30 18:00:00,21.7,47,4.6,170,210,482,76
2001-04-30 19:00:00,19.4,52,3.1,170,40,179,25
2001-04-30 20:00:00,18.3,63,1.5,170,0,0,0
2001-04-30 21:00:00,17.2,56,3.6,160,0,0,0
2001-04-30 22:00:00,15.5,64,3.9,190,0,0,0
2001-04-30 23:00:00,13.9,72,4.2,180,0,0,0
2001-05-01 00:00:00,12.2,67,4.5,190,0,0,0
1996-05-01 01:00:00,10.6,56,4.8,260,0,0,0
1996-05-01 02:00:00,8.9,74,5.1,260,0,0,0
1996-05-01 03:00:00,7.3,86,5.4,240,0,0,0
1996-05-01 04:00:00,5.6,89,5.7,240,0,0,0
1996-05-01 05:00:00,5.6,85,4.1,220,0,0,0
1996-05-01 06:00:00,6.7,79,4.1,230,23,63,18
1996-05-01 07:00:00,8.9,71,4.6,200,168,414,65
1996-05-01 08:00:00,11.7,59,5.2,210,376,629,101
1996-05-01 09:00:00,13.9,59,5.7,170,582,742,131
1996-05-01 10:00:00,16.1,46,5.7,190,757,807,152
1996-05-01 11:00:00,17.2,43,5.7,160,883,842,166
1996-05-01 12:00:00,18.3,41,6.2,170,909,817,169
1996-05-01 13:00:00,18.9,35,7.2,160,910,780,200
1996-05-01 14:00:00,18.9,38,6.7,170,854,752,204
1996-05-01 15:00:00,20.0,33,7.2,190,725,681,201
1996-05-01 16:00:00,20.0,31,7.2,210,497,502,178
1996-05-01 17:00:00,18.9,33,7.2,190,326,57,299
1996-05-01 18:00:00,18.9,35,6.2,190,114,101,85
1996-05-01 19:00:00,17.2,50,5.2,160,37,62,31
1996-05-01 20:00:00,16.7,50,5.7,160,0,0,0
1996-05-01 21:00:00,14.4,65,6.2,160,0,0,0
1996-05-01 22:00:00,13.3,67,7.2,160,0,0,0
1996-05-01 23:00:00,13.3,72,4.6,260,0,0,0
1996-05-02 00:00:00,13.3,69,4.6,10,0,0,0
1996-05-02 01:00:00,13.3,72,4.1,340,0,0,0
1996-05-02 02:00:00,12.2,80,5.2,350,0,0,0
1996-05-02 03:00:00,11.7,80,2.6,330,0,0,0
1996-05-02 04:00:00,10.6,86,4.1,230,0,0,0
1996-05-02 05:00:00,10.0,86,4.6,230,0,0,0
1996-05-02 06:00:00,10.6,86,5.2,230,23,72,17
1996-05-02 07:00:00,12.8,80,3.6,210,173,400,73
1996-05-02 08:00:00,15.0,72,3.6,160,387,692,83
1996-05-02 09:00:00,17.8,60,3.6,270,590,792,106
1996-05-02 10:00:00,20.6,49,2.1,190,752,826,130
1996-05-02 11:00:00,21.7,42,5.2,240,755,492,335
1996-05-02 12:00:00,22.2,37,5.2,280,627,349,310
1996-05-02 13:00:00,22.2,38,5.2,280,805,356,480
1996-05-02 14:00:00,22.8,37,2.6,170,634,385,300
1996-05-02 15:00:00,23.3,33,4.1,350,634,320,387
1996-05-02 16:00:00,23.3,34,2.6,220,405,305,210
1996-05-02 17:00:00,23.3,43,2.1,90,327,242,213
1996-05-02 18:00:00,22.2,41,3.1,160,172,264,97
1996-05-02 19:00:00,21.1,44,2.6,150,34,45,30
1996-05-02 20:00:00,19.4,51,4.6,130,0,0,0
1996-05-02 21:00:00,17.8,58,3.1,160,0,0,0
1996-05-02 22:00:00,17.8,60,4.6,160,0,0,0
1996-05-02 23:00:00,16.7,65,3.1,180,0,0,0
1996-05-03 00:00:00,16.1,67,3.6,160,0,0,0
1996-05-03 01:00:00,15.6,72,5.2,130,0,0,0
1996-05-03 02:00:00,15.6,72,5.7,130,0,0,0
1996-05-03 03:00:00,15.0,77,4.1,180,0,0,0
1996-05-03 04:00:00,15.0,81,2.1,190,0,0,0
1996-05-03 05:00:00,15.0,87,2.1,320,0,0,0
1996-05-03 06:00:00,14.4,93,3.1,30,15,0,15
1996-05-03 07:00:00,15.0,90,2.6,110,50,0,50
1996-05-03 08:00:00,15.6,90,3.6,150,108,0,108
1996-05-03 09:00:00,16.1,90,2.1,160,167,0,167
1996-05-03 10:00:00,17.2,84,4.1,130,586,305,356
1996-05-03 11:00:00,17.8,87,4.1,180,502,40,467
1996-05-03 12:00:00,18.3,84,2.6,160,337,0,337
1996-05-03 13:00:00,20.6,75,2.6,150,299,106,202
1996-05-03 14:00:00,22.2,71,2.1,160,490,70,429
1996-05-03 15:00:00,23.3,64,2.1,130,576,189,429
1996-05-03 16:00:00,24.4,62,3.6,150,430,99,366
1996-05-03 17:00:00,23.9,69,3.1,40,287,264,162
1996-05-03 18:00:00,23.9,69,3.6,50,200,316,109
1996-05-03 19:00:00,21.7,76,5.2,40,32,7,31
1996-05-03 20:00:00,21.1,78,4.1,30,0,0,0
1996-05-03 21:00:00,20.0,81,4.1,30,0,0,0
1996-05-03 22:00:00,18.9,84,4.1,40,0,0,0
1996-05-03 23:00:00,17.8,87,3.1,50,0,0,0
1996-05-04 00:00:00,17.2,90,3.6,50,0,0,0
1996-05-04 01:00:00,16.1,93,3.6,50,0,0,0
1996-05-04 02:00:00,16.1,97,2.6,40,0,0,0
1996-05-04 03:00:00,16.1,97,2.1,90,0,0,0
1996-05-04 04:00:00,16.1,97,2.1,180,0,0,0
1996-05-04 05:00:00,16.1,97,1.5,180,0,0,0
1996-05-04 06:00:00,16.1,97,0.0,0,19,0,19
1996-05-04 07:00:00,17.2,87,2.6,190,65,0,65
1996-05-04 08:00:00,18.3,78,3.1,230,140,0,140
1996-05-04 09:00:00,19.4,76,2.1,230,346,73,301
1996-05-04 10:00:00,18.3,84,2.1,310,218,0,218
1996-05-04 11:00:00,18.9,87,3.6,250,316,0,316
1996-05-04 12:00:00,19.4,93,4.6,200,267,106,170
1996-05-04 13:00:00,21.1,87,3.6,190,691,143,559
1996-05-04 14:00:00,22.2,82,4.6,160,815,622,273
1996-05-04 15:00:00,23.9,71,4.6,160,704,543,283
1996-05-04 16:00:00,26.7,56,5.7,250,517,428,242
1996-05-04 17:00:00,26.7,56,4.1,300,198,162,121
1996-05-04 18:00:00,24.4,67,4.6,350,149,174,98
1996-05-04 19:00:00,22.2,73,3.6,30,38,37,34
1996-05-04 20:00:00,22.8,73,3.6,80,0,0,0
1996-05-04 21:00:00,21.7,81,2.1,160,0,0,0
1996-05-04 22:00:00,18.9,90,12.9,250,0,0,0
1996-05-04 23:00:00,18.3,97,6.7,320,0,0,0
1996-05-05 00:00:00,18.9,93,6.7,340,0,0,0
1996-05-05 01:00:00,17.8,90,5.7,360,0,0,0
1996-05-05 02:00:00,17.2,97,4.1,340,0,0,0
1996-05-05 03:00:00,17.2,93,4.6,340,0,0,0
1996-05-05 04:00:00,16.7,93,3.6,350,0,0,0
1996-05-05 05:00:00,16.1,97,5.2,350,0,0,0
1996-05-05 06:00:00,16.1,93,6.7,360,24,23,22
1996-05-05 07:00:00,17.8,75,5.2,20,163,180,116
1996-05-05 08:00:00,18.3,70,3.6,40,341,390,166
1996-05-05 09:00:00,18.9,68,4.1,60,545,571,192
1996-05-05 10:00:00,18.9,68,4.1,60,490,364,213
1996-05-05 11:00:00,21.1,61,3.6,70,728,465,328
1996-05-05 12:00:00,22.2,53,1.5,330,774,501,315
1996-05-05 13:00:00,22.8,55,3.6,170,824,534,334
1996-05-05 14:00:00,22.2,55,3.1,160,724,473,311
1996-05-05 15:00:00,21.1,66,3.1,160,222,0,222
1996-05-05 16:00:00,21.1,61,5.2,150,174,0,174
1996-05-05 17:00:00,20.0,61,6.2,130,116,0,116
1996-05-05 18:00:00,20.0,61,5.2,120,62,0,62
1996-05-05 19:00:00,18.3,81,6.7,150,25,0,25
1996-05-05 20:00:00,17.2,93,6.7,140,0,0,0
1996-05-05 21:00:00,16.7,93,3.6,170,0,0,0
1996-05-05 22:00:00,15.6,96,4.6,150,0,0,0
1996-05-05 23:00:00,15.0,93,8.8,150,0,0,0
1996-05-06 00:00:00,15.0,90,6.7,160,0,0,0
1996-05-06 01:00:00,15.0,90,5.7,140,0,0,0
1996-05-06 02:00:00,14.4,97,4.1,90,0,0,0
1996-05-06 03:00:00,14.4,97,3.6,30,0,0,0
1996-05-06 04:00:00,14.4,97,3.1,50,0,0,0
1996-05-06 05:00:00,14.4,97,2.6,30,0,0,0
1996-05-06 06:00:00,15.0,93,3.1,20,12,0,12
1996-05-06 07:00:00,15.0,96,3.1,50,41,0,41
1996-05-06 08:00:00,15.6,93,3.1,40,99,0,99
1996-05-06 09:00:00,16.7,86,4.1,30,148,0,148
1996-05-06 10:00:00,17.8,87,4.1,330,224,0,224
1996-05-06 11:00:00,19.4,79,4.6,330,411,139,291
1996-05-06 12:00:00,22.2,66,5.7,360,724,471,293
1996-05-06 13:00:00,22.8,61,6.2,340,698,482,254
1996-05-06 14:00:00,22.8,59,7.7,10,693,444,304
1996-05-06 15:00:00,23.3,55,7.7,350,530,195,377
1996-05-06 16:00:00,20.6,63,7.2,10,581,537,234
1996-05-06 17:00:00,19.4,63,6.2,30,374,462,152
1996-05-06 18:00:00,18.3,63,6.7,30,219,326,123
1996-05-06 19:00:00,16.7,67,8.8,30,52,23,49
1996-05-06 20:00:00,15.0,64,7.7,20,0,0,0
1996-05-06 21:00:00,14.4,70,6.2,50,0,0,0
1996-05-06 22:00:00,13.3,80,7.2,70,0,0,0
1996-05-06 23:00:00,12.2,77,7.2,60,0,0,0
1996-05-07 00:00:00,11.7,77,6.2,60,0,0,0
1996-05-07 01:00:00,11.7,77,5.7,80,0,0,0
1996-05-07 02:00:00,10.6,77,5.2,60,0,0,0
1996-05-07 03:00:00,10.0,80,6.2,50,0,0,0
1996-05-07 04:00:00,9.4,86,4.6,50,0,0,0
1996-05-07 05:00:00,9.4,83,4.6,40,0,0,0
1996-05-07 06:00:00,9.4,83,4.1,50,19,0,19
1996-05-07 07:00:00,10.0,80,4.6,60,60,0,60
1996-05-07 08:00:00,10.6,79,4.1,80,108,0,108
1996-05-07 09:00:00,11.7,74,6.2,110,167,0,167
1996-05-07 10:00:00,11.7,71,4.1,160,216,0,216
1996-05-07 11:00:00,11.7,74,7.2,130,252,0,252
1996-05-07 12:00:00,11.7,74,5.2,130,271,0,271
1996-05-07 13:00:00,11.7,74,4.6,150,272,0,272
1996-05-07 14:00:00,11.1,80,4.1,170,256,0,256
1996-05-07 15:00:00,10.6,86,6.2,140,223,0,223
1996-05-07 16:00:00,10.6,92,5.2,130,175,0,175
1996-05-07 17:00:00,10.0,93,5.7,140,98,0,98
1996-05-07 18:00:00,10.0,96,5.2,140,65,0,65
1996-05-07 19:00:00,10.6,96,4.6,140,19,0,19
1996-05-07 20:00:00,10.6,96,3.6,160,0,0,0
1996-05-07 21:00:00,10.6,100,3.1,150,0,0,0
1996-05-07 22:00:00,10.6,100,5.7,130,0,0,0
1996-05-07 23:00:00,10.6,100,4.6,110,0,0,0
1996-05-08 00:00:00,10.6,100,6.7,120,0,0,0
1996-05-08 01:00:00,11.1,97,5.7,130,0,0,0
1996-05-08 02:00:00,11.1,97,5.2,140,0,0,0
1996-05-08 03:00:00,11.1,97,5.2,130,0,0,0
1996-05-08 04:00:00,11.1,100,4.6,130,0,0,0
1996-05-08 05:00:00,11.7,93,2.6,70,0,0,0
1996-05-08 06:00:00,11.7,96,3.1,90,13,0,13
1996-05-08 07:00:00,11.7,96,3.1,90,43,0,43
1996-05-08 08:00:00,12.2,97,2.6,80,103,0,103
1996-05-08 09:00:00,12.8,93,2.1,40,151,0,151
1996-05-08 10:00:00,13.3,90,2.6,60,190,0,190
1996-05-08 11:00:00,16.1,78,3.1,50,589,231,389
1996-05-08 12:00:00,16.1,78,2.1,20,277,0,277
1996-05-08 13:00:00,16.7,75,2.6,30,278,0,278
1996-05-08 14:00:00,16.7,80,3.6,60,263,0,263
1996-05-08 15:00:00,16.1,83,5.2,130,233,0,233
1996-05-08 16:00:00,16.1,87,6.2,120,188,0,188
1996-05-08 17:00:00,15.6,86,6.2,120,111,0,111
1996-05-08 18:00:00,15.0,93,4.6,140,72,0,72
1996-05-08 19:00:00,15.0,93,3.1,160,20,0,20
1996-05-08 20:00:00,14.4,97,5.2,120,0,0,0
1996-05-08 21:00:00,14.4,97,2.6,180,0,0,0
1996-05-08 22:00:00,14.4,97,3.1,170,0,0,0
1996-05-08 23:00:00,14.4,97,4.1,130,0,0,0
1996-05-09 00:00:00,14.4,97,4.6,130,0,0,0
1996-05-09 01:00:00,14.4,100,5.2,130,0,0,0
1996-05-09 02:00:00,14.4,97,3.1,170,0,0,0
1996-05-09 03:00:00,13.9,100,5.2,130,0,0,0
1996-05-09 04:00:00,13.9,96,5.2,120,0,0,0
1996-05-09 05:00:00,13.3,100,4.6,130,0,0,0
1996-05-09 06:00:00,13.9,96,3.1,90,16,0,16
1996-05-09 07:00:00,13.9,93,3.6,90,46,0,46
1996-05-09 08:00:00,13.3,97,4.1,70,96,0,96
1996-05-09 09:00:00,13.3,97,5.2,40,144,0,144
1996-05-09 10:00:00,14.4,90,4.1,60,185,0,185
1996-05-09 11:00:00,15.0,90,4.1,50,213,0,213
1996-05-09 12:00:00,15.6,86,4.1,70,229,0,229
1996-05-09 13:00:00,16.1,83,4.6,60,230,0,230
1996-05-09 14:00:00,16.1,83,4.1,50,259,0,259
1996-05-09 15:00:00,16.1,83,6.2,130,227,0,227
1996-05-09 16:00:00,16.1,87,5.7,110,181,0,181
1996-05-09 17:00:00,16.1,87,6.7,130,104,0,104
1996-05-09 18:00:00,15.6,90,4.6,100,53,0,53
1996-05-09 19:00:00,15.6,86,6.7,120,21,0,21
1996-05-09 20:00:00,15.6,86,4.1,110,0,0,0
1996-05-09 21:00:00,15.0,90,3.6,100,0,0,0
1996-05-09 22:00:00,15.0,90,4.1,90,0,0,0
1996-05-09 23:00:00,14.4,93,3.6,100,0,0,0
1996-05-10 00:00:00,14.4,93,2.6,100,0,0,0
1996-05-10 01:00:00,13.9,96,5.7,120,0,0,0
1996-05-10 02:00:00,13.9,93,3.6,130,0,0,0
1996-05-10 03:00:00,13.9,93,3.1,150,0,0,0
1996-05-10 04:00:00,13.9,93,3.1,140,0,0,0
1996-05-10 05:00:00,13.9,96,3.1,160,0,0,0
1996-05-10 06:00:00,13.9,96,3.1,180,14,0,14
1996-05-10 07:00:00,14.4,97,3.6,180,39,0,39
1996-05-10 08:00:00,14.4,97,3.1,180,80,0,80
1996-05-10 09:00:00,15.0,96,3.1,170,144,0,144
1996-05-10 10:00:00,15.6,96,2.6,170,185,0,185
1996-05-10 11:00:00,17.2,87,2.6,170,213,0,213
1996-05-10 12:00:00,18.3,84,3.6,200,229,0,229
1996-05-10 13:00:00,20.0,81,2.6,160,274,0,274
1996-05-10 14:00:00,20.6,81,5.2,160,503,161,361
1996-05-10 15:00:00,22.2,76,4.1,170,778,795,151
1996-05-10 16:00:00,24.4,74,3.6,180,614,730,136
1996-05-10 17:00:00,22.8,76,4.1,180,418,591,129
1996-05-10 18:00:00,21.7,81,4.6,180,215,182,159
1996-05-10 19:00:00,20.6,87,2.6,130,55,76,46
1996-05-10 20:00:00,20.6,90,3.6,170,0,0,0
1996-05-10 21:00:00,20.6,90,4.1,170,0,0,0
1996-05-10 22:00:00,19.4,93,3.1,190,0,0,0
1996-05-10 23:00:00,18.3,97,1.5,150,0,0,0
1996-05-11 00:00:00,18.3,97,1.5,150,0,0,0
1996-05-11 01:00:00,17.2,100,3.1,190,0,0,0
1996-05-11 02:00:00,16.7,96,3.1,190,0,0,0
1996-05-11 03:00:00,17.2,97,3.1,180,0,0,0
1996-05-11 04:00:00,17.2,93,3.1,180,0,0,0
1996-05-11 05:00:00,17.2,90,3.1,340,0,0,0
1996-05-11 06:00:00,17.2,97,2.1,210,38,138,26
1996-05-11 07:00:00,20.0,84,0.0,0,179,394,70
1996-05-11 08:00:00,22.2,76,2.6,160,401,675,88
1996-05-11 09:00:00,23.9,71,5.2,160,601,781,107
1996-05-11 10:00:00,25.0,69,5.2,180,758,817,128
1996-05-11 11:00:00,26.1,67,5.2,170,876,847,138
1996-05-11 12:00:00,28.9,57,8.2,200,886,777,167
1996-05-11 13:00:00,29.4,53,8.2,190,913,832,140
1996-05-11 14:00:00,30.6,48,7.2,190,898,780,210
1996-05-11 15:00:00,30.0,46,9.8,190,693,639,188
1996-05-11 16:00:00,22.8,68,9.8,290,340,170,228
1996-05-11 17:00:00,19.4,93,3.1,220,129,0,129
1996-05-11 18:00:00,18.9,96,3.6,220,68,0,68
1996-05-11 19:00:00,19.4,90,3.6,250,24,0,24
1996-05-11 20:00:00,18.9,93,3.6,220,0,0,0
1996-05-11 21:00:00,19.4,87,6.7,300,0,0,0
1996-05-11 22:00:00,15.0,72,11.8,310,0,0,0
1996-05-11 23:00:00,12.8,66,7.7,310,0,0,0
1996-05-12 00:00:00,12.2,66,5.2,310,0,0,0
1996-05-12 01:00:00,11.7,66,4.1,310,0,0,0
1996-05-12 02:00:00,10.6,68,4.6,290,0,0,0
1996-05-12 03:00:00,10.6,63,7.2,310,0,0,0
1996-05-12 04:00:00,10.0,66,4.6,280,0,0,0
1996-05-12 05:00:00,9.4,71,3.6,310,0,0,0
1996-05-12 06:00:00,10.6,65,4.1,320,42,182,26
1996-05-12 07:00:00,11.7,66,4.1,290,176,316,87
1996-05-12 08:00:00,12.2,53,7.2,320,368,506,132
1996-05-12 09:00:00,12.2,49,9.3,320,562,637,158
1996-05-12 10:00:00,13.3,43,5.7,330,749,800,130
1996-05-12 11:00:00,14.4,37,6.7,310,709,536,241
1996-05-12 12:00:00,15.6,36,10.3,290,903,757,201
1996-05-12 13:00:00,16.1,33,9.3,310,753,472,313
1996-05-12 14:00:00,16.1,32,7.7,310,776,570,272
1996-05-12 15:00:00,16.1,35,7.7,330,658,570,207
1996-05-12 16:00:00,15.0,34,7.7,320,567,503,236
1996-05-12 17:00:00,14.4,37,5.7,320,313,376,127
1996-05-12 18:00:00,14.4,35,7.2,300,207,331,104
1996-05-12 19:00:00,13.3,37,7.2,310,63,146,46
1996-05-12 20:00:00,12.2,41,5.2,310,0,1,0
1996-05-12 21:00:00,11.7,42,4.1,300,0,0,0
1996-05-12 22:00:00,10.6,46,4.6,320,0,0,0
1996-05-12 23:00:00,10.0,50,4.6,300,0,0,0
1996-05-13 00:00:00,9.4,52,4.1,290,0,0,0
1996-05-13 01:00:00,8.9,51,4.1,330,0,0,0
1996-05-13 02:00:00,7.8,55,3.6,320,0,0,0
1996-05-13 03:00:00,7.2,55,3.1,330,0,0,0
1996-05-13 04:00:00,6.7,59,3.1,310,0,0,0
1996-05-13 05:00:00,6.1,62,3.6,310,0,0,0
1996-05-13 06:00:00,6.7,57,4.6,310,35,21,33
1996-05-13 07:00:00,8.3,53,4.6,320,156,203,99
1996-05-13 08:00:00,8.9,45,6.2,310,211,107,160
1996-05-13 09:00:00,10.6,38,5.7,320,564,545,217
1996-05-13 10:00:00,11.7,34,5.2,330,761,693,224
1996-05-13 11:00:00,12.8,31,5.2,320,888,736,244
1996-05-13 12:00:00,13.9,32,6.2,320,955,755,254
1996-05-13 13:00:00,13.9,30,5.7,320,910,708,250
1996-05-13 14:00:00,15.0,33,7.2,340,703,450,304
1996-05-13 15:00:00,15.6,30,7.2,340,717,610,233
1996-05-13 16:00:00,13.9,29,5.2,330,544,428,262
1996-05-13 17:00:00,15.0,28,5.2,310,395,455,169
1996-05-13 18:00:00,14.4,31,4.1,340,195,287,106
1996-05-13 19:00:00,12.8,30,5.7,350,47,37,42
1996-05-13 20:00:00,12.2,31,3.6,330,0,0,0
1996-05-13 21:00:00,12.2,31,4.1,340,0,0,0
1996-05-13 22:00:00,10.6,36,3.6,330,0,0,0
1996-05-13 23:00:00,10.0,43,2.6,330,0,0,0
1996-05-14 00:00:00,9.4,47,3.1,330,0,0,0
1996-05-14 01:00:00,8.9,54,3.1,340,0,0,0
1996-05-14 02:00:00,8.3,53,2.1,280,0,0,0
1996-05-14 03:00:00,6.7,67,3.1,330,0,0,0
1996-05-14 04:00:00,6.1,73,5.2,350,0,0,0
1996-05-14 05:00:00,6.1,70,3.6,330,0,0,0
1996-05-14 06:00:00,7.2,70,4.1,340,36,38,33
1996-05-14 07:00:00,10.0,54,3.1,330,181,305,94
1996-05-14 08:00:00,12.2,49,4.1,10,384,505,147
1996-05-14 09:00:00,14.4,39,4.1,360,589,625,190
1996-05-14 10:00:00,15.0,33,2.6,200,730,659,218
1996-05-14 11:00:00,15.0,34,3.6,110,856,698,244
1996-05-14 12:00:00,16.7,31,3.6,310,922,726,247
1996-05-14 13:00:00,16.7,34,3.6,120,938,736,251
1996-05-14 14:00:00,17.2,28,2.1,80,901,742,243
1996-05-14 15:00:00,17.8,31,2.6,80,784,703,225
1996-05-14 16:00:00,18.3,28,2.1,140,563,511,225
1996-05-14 17:00:00,17.8,30,3.1,170,378,397,181
1996-05-14 18:00:00,16.7,34,3.6,170,197,286,107
1996-05-14 19:00:00,14.4,47,6.2,140,54,39,49
1996-05-14 20:00:00,13.3,49,5.7,140,0,0,0
1996-05-14 21:00:00,12.8,48,3.6,160,0,0,0
1996-05-14 22:00:00,12.2,45,3.1,170,0,0,0
1996-05-14 23:00:00,12.2,45,4.6,160,0,0,0
1996-05-15 00:00:00,11.7,54,4.1,180,0,0,0
1996-05-15 01:00:00,11.7,61,3.1,150,0,0,0
1996-05-15 02:00:00,11.1,66,4.1,190,0,0,0
1996-05-15 03:00:00,11.1,66,4.6,170,0,0,0
1996-05-15 04:00:00,11.1,69,3.6,170,0,0,0
1996-05-15 05:00:00,10.6,71,3.6,210,0,0,0
1996-05-15 06:00:00,11.1,69,5.2,230,24,10,23
1996-05-15 07:00:00,11.7,66,5.7,220,85,19,80
1996-05-15 08:00:00,12.8,62,3.6,180,162,0,162
1996-05-15 09:00:00,13.3,60,4.6,160,232,0,232
1996-05-15 10:00:00,15.0,53,3.6,170,388,205,228
1996-05-15 11:00:00,17.2,43,3.1,160,643,467,233
1996-05-15 12:00:00,18.3,37,5.2,170,296,110,193
1996-05-15 13:00:00,17.8,40,5.7,180,352,0,352
1996-05-15 14:00:00,17.2,41,5.7,190,267,0,267
1996-05-15 15:00:00,16.7,41,3.6,160,237,0,237
1996-05-15 16:00:00,14.4,57,6.7,110,193,0,193
1996-05-15 17:00:00,15.0,47,5.2,130,138,0,138
1996-05-15 18:00:00,13.9,49,5.2,170,78,0,78
1996-05-15 19:00:00,12.2,69,3.6,160,24,0,24
1996-05-15 20:00:00,11.7,80,4.1,160,0,0,0
1996-05-15 21:00:00,11.7,86,3.6,160,0,0,0
1996-05-15 22:00:00,11.1,93,4.1,150,0,0,0
1996-05-15 23:00:00,11.1,97,3.1,150,0,0,0
1996-05-16 00:00:00,11.7,96,3.1,150,0,0,0
1996-05-16 01:00:00,11.7,100,2.6,160,0,0,0
1996-05-16 02:00:00,12.2,97,3.1,170,0,0,0
1996-05-16 03:00:00,12.8,96,2.6,170,0,0,0
1996-05-16 04:00:00,12.8,96,2.1,160,0,0,0
1996-05-16 05:00:00,12.8,100,2.6,160,0,0,0
1996-05-16 06:00:00,13.3,97,2.6,160,21,0,21
1996-05-16 07:00:00,13.9,96,4.6,220,54,0,54
1996-05-16 08:00:00,13.9,96,4.1,200,95,0,95
1996-05-16 09:00:00,14.4,93,3.6,220,144,0,144
1996-05-16 10:00:00,15.0,93,3.6,210,185,0,185
1996-05-16 11:00:00,15.6,86,6.2,220,214,0,214
1996-05-16 12:00:00,15.6,86,6.2,250,229,0,229
1996-05-16 13:00:00,16.1,87,2.6,200,231,0,231
1996-05-16 14:00:00,16.1,87,3.6,200,217,0,217
1996-05-16 15:00:00,16.1,87,3.1,170,190,0,190
1996-05-16 16:00:00,16.7,84,2.6,150,180,0,180
1996-05-16 17:00:00,16.7,86,2.6,170,123,0,123
1996-05-16 18:00:00,17.2,81,4.1,240,70,0,70
1996-05-16 19:00:00,16.1,90,2.1,150,33,0,33
1996-05-16 20:00:00,16.1,93,3.1,170,0,0,0
1996-05-16 21:00:00,16.7,86,3.1,320,0,0,0
1996-05-16 22:00:00,15.6,96,3.1,20,0,0,0
1996-05-16 23:00:00,15.6,96,1.5,70,0,0,0
1996-05-17 00:00:00,16.1,93,3.1,10,0,0,0
1996-05-17 01:00:00,16.1,90,2.6,350,0,0,0
1996-05-17 02:00:00,15.6,93,2.6,210,0,0,0
1996-05-17 03:00:00,15.6,93,3.6,360,0,0,0
1996-05-17 04:00:00,15.6,93,4.1,10,0,0,0
1996-05-17 05:00:00,15.6,93,4.6,360,0,0,0
1996-05-17 06:00:00,15.6,90,4.1,50,27,0,27
1996-05-17 07:00:00,16.1,87,3.6,40,80,0,80
1996-05-17 08:00:00,17.2,84,3.6,50,129,0,129
1996-05-17 09:00:00,16.7,86,2.6,20,176,0,176
1996-05-17 10:00:00,16.7,90,0.0,0,226,0,226
1996-05-17 11:00:00,17.2,90,3.6,160,262,0,262
1996-05-17 12:00:00,17.2,93,3.1,160,235,0,235
1996-05-17 13:00:00,17.8,90,2.1,130,236,0,236
1996-05-17 14:00:00,18.3,87,2.6,160,222,0,222
1996-05-17 15:00:00,18.9,87,3.6,180,194,0,194
1996-05-17 16:00:00,18.9,87,3.6,180,154,0,154
1996-05-17 17:00:00,19.4,84,2.6,160,136,0,136
1996-05-17 18:00:00,19.4,87,2.6,170,88,0,88
1996-05-17 19:00:00,18.9,90,2.1,150,36,0,36
1996-05-17 20:00:00,18.3,93,0.0,0,0,0,0
1996-05-17 21:00:00,18.3,93,0.0,0,0,0,0
1996-05-17 22:00:00,17.8,96,1.0,150,0,0,0
1996-05-17 23:00:00,17.8,93,2.6,160,0,0,0
1996-05-18 00:00:00,17.8,96,2.6,160,0,0,0
1996-05-18 01:00:00,17.8,93,3.1,170,0,0,0
1996-05-18 02:00:00,17.8,96,2.1,190,0,0,0
1996-05-18 03:00:00,17.8,96,2.1,190,0,0,0
1996-05-18 04:00:00,17.2,100,2.6,170,0,0,0
1996-05-18 05:00:00,17.2,100,1.5,150,0,0,0
1996-05-18 06:00:00,17.2,100,1.5,170,17,0,17
1996-05-18 07:00:00,17.8,100,3.1,160,42,0,42
1996-05-18 08:00:00,17.8,100,2.6,160,83,0,83
1996-05-18 09:00:00,18.3,100,2.6,170,123,0,123
1996-05-18 10:00:00,20.0,93,3.1,170,156,0,156
1996-05-18 11:00:00,22.2,84,3.1,160,830,668,241
1996-05-18 12:00:00,23.9,79,4.6,160,941,821,174
1996-05-18 13:00:00,26.1,77,4.6,160,941,807,183
1996-05-18 14:00:00,27.8,72,4.6,170,848,723,202
1996-05-18 15:00:00,28.9,67,4.1,170,777,764,165
1996-05-18 16:00:00,28.3,65,5.7,170,628,727,141
1996-05-18 17:00:00,27.8,72,5.2,170,437,638,114
1996-05-18 18:00:00,27.2,72,4.6,170,235,480,80
1996-05-18 19:00:00,26.1,74,5.2,170,66,176,42
1996-05-18 20:00:00,23.3,85,3.6,170,0,2,0
1996-05-18 21:00:00,23.3,85,3.1,170,0,0,0
1996-05-18 22:00:00,22.2,91,3.1,180,0,0,0
1996-05-18 23:00:00,22.2,91,3.6,160,0,0,0
1996-05-19 00:00:00,21.7,90,2.1,170,0,0,0
1996-05-19 01:00:00,21.1,93,2.6,210,0,0,0
1996-05-19 02:00:00,21.1,93,2.1,170,0,0,0
1996-05-19 03:00:00,19.4,97,2.6,220,0,0,0
1996-05-19 04:00:00,18.9,100,3.1,170,0,0,0
1996-05-19 05:00:00,18.3,100,2.1,220,0,1,0
1996-05-19 06:00:00,20.0,100,2.1,170,50,163,32
1996-05-19 07:00:00,21.7,93,3.6,170,202,443,71
1996-05-19 08:00:00,23.3,85,3.6,170,414,653,100
1996-05-19 09:00:00,31.1,48,5.7,320,608,746,126
1996-05-19 10:00:00,32.2,44,6.2,320,772,800,144
1996-05-19 11:00:00,33.3,38,5.7,320,855,754,189
1996-05-19 12:00:00,33.3,40,3.6,300,903,759,192
1996-05-19 13:00:00,33.9,37,4.1,230,902,714,231
1996-05-19 14:00:00,34.4,39,4.6,230,837,657,249
1996-05-19 15:00:00,35.0,36,5.7,230,749,731,163
1996-05-19 16:00:00,32.2,45,5.2,210,613,664,167
1996-05-19 17:00:00,31.1,47,4.6,170,411,493,160
1996-05-19 18:00:00,30.6,50,4.6,180,246,419,110
1996-05-19 19:00:00,27.8,56,4.1,180,74,136,55
1996-05-19 20:00:00,26.1,65,5.2,170,1,2,1
1996-05-19 21:00:00,25.6,67,4.6,180,0,0,0
1996-05-19 22:00:00,25.0,69,4.1,170,0,0,0
1996-05-19 23:00:00,23.3,76,3.1,160,0,0,0
1996-05-20 00:00:00,23.3,82,4.1,170,0,0,0
1996-05-20 01:00:00,21.7,87,3.1,170,0,0,0
1996-05-20 02:00:00,20.6,93,3.1,170,0,0,0
1996-05-20 03:00:00,20.0,96,3.1,170,0,0,0
1996-05-20 04:00:00,20.6,96,2.6,190,0,0,0
1996-05-20 05:00:00,19.4,100,2.6,180,0,0,0
1996-05-20 06:00:00,20.0,100,2.6,180,47,88,37
1996-05-20 07:00:00,22.2,93,2.6,170,179,319,84
1996-05-20 08:00:00,23.3,87,3.6,160,402,571,127
1996-05-20 09:00:00,26.1,74,4.1,160,594,662,165
1996-05-20 10:00:00,32.8,47,3.6,360,764,730,190
1996-05-20 11:00:00,33.9,37,5.7,290,839,725,197
1996-05-20 12:00:00,34.4,40,4.6,320,947,782,215
1996-05-20 13:00:00,35.0,40,4.1,230,955,791,210
1996-05-20 14:00:00,35.6,39,2.6,210,899,777,203
1996-05-20 15:00:00,32.2,49,5.2,170,787,744,189
1996-05-20 16:00:00,33.9,44,5.2,170,627,686,166
1996-05-20 17:00:00,32.8,47,4.6,180,433,589,133
1996-05-20 18:00:00,31.1,50,4.1,180,231,423,92
1996-05-20 19:00:00,28.3,61,5.2,170,65,142,46
1996-05-20 20:00:00,27.2,67,4.1,160,1,0,1
1996-05-20 21:00:00,26.7,71,4.6,170,0,0,0
1996-05-20 22:00:00,26.7,74,4.1,170,0,0,0
1996-05-20 23:00:00,24.4,82,4.6,170,0,0,0
1996-05-21 00:00:00,24.4,82,4.6,170,0,0,0
1996-05-21 01:00:00,25.6,76,4.1,190,0,0,0
1996-05-21 02:00:00,23.9,82,4.1,170,0,0,0
1996-05-21 03:00:00,23.3,85,4.1,160,0,0,0
1996-05-21 04:00:00,22.8,84,4.1,170,0,0,0
1996-05-21 05:00:00,22.2,87,3.6,170,0,0,0
1996-05-21 06:00:00,22.8,87,4.1,170,47,53,41
1996-05-21 07:00:00,23.9,82,4.1,170,198,359,90
1996-05-21 08:00:00,25.0,79,4.1,160,397,547,133
1996-05-21 09:00:00,26.7,74,4.6,160,593,653,169
1996-05-21 10:00:00,28.3,70,4.6,160,758,716,194
1996-05-21 11:00:00,32.8,44,5.7,250,877,753,211
1996-05-21 12:00:00,33.3,43,4.6,270,887,716,215
1996-05-21 13:00:00,33.9,44,5.2,230,882,660,260
1996-05-21 14:00:00,33.9,43,4.6,260,876,673,272
1996-05-21 15:00:00,34.4,40,4.1,180,752,661,219
1996-05-21 16:00:00,32.8,52,2.6,160,372,269,191
1996-05-21 17:00:00,31.1,52,9.3,310,305,235,185
1996-05-21 18:00:00,25.0,79,4.6,340,71,0,71
1996-05-21 19:00:00,25.0,77,6.2,330,35,0,35
1996-05-21 20:00:00,21.7,93,6.2,300,0,0,0
1996-05-21 21:00:00,22.2,91,4.6,190,0,0,0
1996-05-21 22:00:00,21.7,93,1.5,240,0,0,0
1996-05-21 23:00:00,22.2,93,4.6,290,0,0,0
1996-05-22 00:00:00,21.7,93,4.6,320,0,0,0
1996-05-22 01:00:00,21.7,90,4.6,340,0,0,0
1996-05-22 02:00:00,21.1,93,4.1,330,0,0,0
1996-05-22 03:00:00,21.1,81,4.6,320,0,0,0
1996-05-22 04:00:00,20.0,84,3.6,350,0,0,0
1996-05-22 05:00:00,18.9,87,3.6,360,0,0,0
1996-05-22 06:00:00,19.4,81,3.1,10,50,67,43
1996-05-22 07:00:00,21.7,68,3.1,340,191,332,91
1996-05-22 08:00:00,22.2,64,4.1,320,400,560,129
1996-05-22 09:00:00,24.4,58,3.1,330,594,662,163
1996-05-22 10:00:00,25.6,48,4.1,10,762,735,183
1996-05-22 11:00:00,26.7,39,1.5,320,882,771,199
1996-05-22 12:00:00,26.7,38,6.7,330,918,634,323
1996-05-22 13:00:00,27.2,39,4.1,340,843,628,250
1996-05-22 14:00:00,27.8,41,4.1,340,819,649,236
1996-05-22 15:00:00,27.8,40,4.6,340,725,491,329
1996-05-22 16:00:00,26.7,42,4.6,360,627,621,207
1996-05-22 17:00:00,27.2,38,2.6,310,425,460,189
1996-05-22 18:00:00,26.7,41,2.6,250,229,333,118
1996-05-22 19:00:00,26.1,39,3.1,310,64,108,49
1996-05-22 20:00:00,25.0,40,3.1,330,1,0,1
1996-05-22 21:00:00,22.8,55,2.1,220,0,0,0
1996-05-22 22:00:00,21.1,73,2.6,340,0,0,0
1996-05-22 23:00:00,20.6,68,2.6,200,0,0,0
1996-05-23 00:00:00,18.9,73,2.1,190,0,0,0
1996-05-23 01:00:00,19.4,68,1.5,160,0,0,0
1996-05-23 02:00:00,17.8,65,4.1,350,0,0,0
1996-05-23 03:00:00,17.8,70,4.6,20,0,0,0
1996-05-23 04:00:00,17.8,70,4.1,350,0,0,0
1996-05-23 05:00:00,16.7,72,1.5,330,0,0,0
1996-05-23 06:00:00,18.9,61,3.1,330,44,20,42
1996-05-23 07:00:00,20.0,61,2.1,230,166,174,114
1996-05-23 08:00:00,21.7,59,2.1,150,316,222,208
1996-05-23 09:00:00,22.8,55,0.0,0,576,427,298
1996-05-23 10:00:00,25.6,47,2.6,140,737,556,298
1996-05-23 11:00:00,27.2,38,2.1,120,822,505,374
1996-05-23 12:00:00,27.2,49,6.2,160,929,624,342
1996-05-23 13:00:00,27.2,45,5.2,160,866,565,332
1996-05-23 14:00:00,28.3,41,5.7,160,867,616,313
1996-05-23 15:00:00,28.3,43,6.2,170,774,549,331
1996-05-23 16:00:00,27.8,46,4.6,160,596,424,309
1996-05-23 17:00:00,27.2,47,4.6,160,400,362,214
1996-05-23 18:00:00,26.7,51,4.6,160,203,202,136
1996-05-23 19:00:00,25.6,58,4.1,170,53,10,52
1996-05-23 20:00:00,25.0,54,6.2,160,1,0,1
1996-05-23 21:00:00,23.9,51,4.1,160,0,0,0
1996-05-23 22:00:00,23.3,55,4.6,170,0,0,0
1996-05-23 23:00:00,22.8,61,5.2,160,0,0,0
1996-05-24 00:00:00,22.8,66,4.1,170,0,0,0
1996-05-24 01:00:00,22.8,66,4.1,210,0,0,0
1996-05-24 02:00:00,22.8,68,4.6,230,0,0,0
1996-05-24 03:00:00,22.8,71,4.1,180,0,0,0
1996-05-24 04:00:00,22.2,76,3.1,170,0,0,0
1996-05-24 05:00:00,22.2,73,3.1,240,0,0,0
1996-05-24 06:00:00,22.8,64,3.6,310,40,21,37
1996-05-24 07:00:00,22.2,66,5.7,340,127,146,82
1996-05-24 08:00:00,22.2,66,5.2,360,210,158,132
1996-05-24 09:00:00,23.9,60,4.1,350,368,61,328
1996-05-24 10:00:00,25.0,56,4.1,20,523,71,466
1996-05-24 11:00:00,26.1,50,2.6,360,709,349,399
1996-05-24 12:00:00,27.2,47,4.1,350,701,319,401
1996-05-24 13:00:00,25.6,50,5.2,330,278,0,278
1996-05-24 14:00:00,27.2,47,4.6,360,620,83,545
1996-05-24 15:00:00,26.7,47,3.1,360,231,0,231
1996-05-24 16:00:00,26.7,47,3.6,360,231,0,231
1996-05-24 17:00:00,25.6,48,4.1,360,128,0,128
1996-05-24 18:00:00,25.0,48,3.6,330,70,0,70
1996-05-24 19:00:00,22.8,71,5.2,40,36,0,36
1996-05-24 20:00:00,22.2,66,3.1,250,2,0,2
1996-05-24 21:00:00,21.7,68,5.7,330,0,0,0
1996-05-24 22:00:00,20.6,73,3.1,340,0,0,0
1996-05-24 23:00:00,20.6,75,3.1,340,0,0,0
1996-05-25 00:00:00,21.1,73,3.6,60,0,0,0
1996-05-25 01:00:00,21.7,55,5.7,50,0,0,0
1996-05-25 02:00:00,21.1,53,7.2,30,0,0,0
1996-05-25 03:00:00,19.4,49,7.7,40,0,0,0
1996-05-25 04:00:00,18.3,34,8.8,40,0,0,0
1996-05-25 05:00:00,16.7,44,6.2,50,0,0,0
1996-05-25 06:00:00,16.7,36,4.6,40,27,0,27
1996-05-25 07:00:00,16.7,36,7.7,40,64,0,64
1996-05-25 08:00:00,15.6,42,6.2,30,123,0,123
1996-05-25 09:00:00,16.1,42,6.2,30,180,0,180
1996-05-25 10:00:00,16.7,44,4.6,40,227,0,227
1996-05-25 11:00:00,16.7,46,4.6,30,260,0,260
1996-05-25 12:00:00,16.7,46,3.6,30,278,0,278
1996-05-25 13:00:00,16.7,46,4.6,10,279,0,279
1996-05-25 14:00:00,17.8,41,4.6,360,264,0,264
1996-05-25 15:00:00,17.2,44,0.0,0,234,0,234
1996-05-25 16:00:00,18.3,45,2.6,270,251,106,179
1996-05-25 17:00:00,18.9,43,3.6,180,439,641,107
1996-05-25 18:00:00,18.3,47,2.6,200,253,513,80
1996-05-25 19:00:00,16.7,53,5.2,230,80,236,44
1996-05-25 20:00:00,15.0,62,4.1,230,2,6,1
1996-05-25 21:00:00,13.3,72,4.1,220,0,0,0
1996-05-25 22:00:00,13.3,69,4.6,240,0,0,0
1996-05-25 23:00:00,13.3,69,2.1,220,0,0,0
1996-05-26 00:00:00,12.2,80,3.1,230,0,0,0
1996-05-26 01:00:00,13.3,69,5.7,340,0,0,0
1996-05-26 02:00:00,13.9,72,4.1,350,0,0,0
1996-05-26 03:00:00,13.9,69,4.6,350,0,0,0
1996-05-26 04:00:00,14.4,70,3.1,250,0,0,0
1996-05-26 05:00:00,14.4,72,3.1,110,0,0,0
1996-05-26 06:00:00,14.4,67,2.1,100,38,7,37
1996-05-26 07:00:00,15.0,64,3.1,60,168,72,146
1996-05-26 08:00:00,15.6,60,3.6,70,163,19,153
1996-05-26 09:00:00,15.6,60,2.6,80,275,83,220
1996-05-26 10:00:00,16.1,60,4.6,130,379,81,314
1996-05-26 11:00:00,16.7,65,4.1,140,377,68,316
1996-05-26 12:00:00,17.2,67,3.1,190,277,0,277
1996-05-26 13:00:00,15.6,83,2.6,70,278,0,278
1996-05-26 14:00:00,15.6,80,2.1,80,263,0,263
1996-05-26 15:00:00,15.0,81,4.6,150,232,0,232
1996-05-26 16:00:00,14.4,81,6.2,160,186,0,186
1996-05-26 17:00:00,13.9,80,4.6,100,130,0,130
1996-05-26 18:00:00,13.9,80,5.2,110,71,0,71
1996-05-26 19:00:00,13.9,80,4.6,90,36,0,36
1996-05-26 20:00:00,13.9,80,5.2,100,1,0,1
1996-05-26 21:00:00,13.3,80,6.2,110,0,0,0
1996-05-26 22:00:00,13.9,80,6.2,110,0,0,0
1996-05-26 23:00:00,13.9,80,6.7,130,0,0,0
1996-05-27 00:00:00,13.3,80,4.6,130,0,0,0
1996-05-27 01:00:00,13.3,84,5.7,130,0,0,0
1996-05-27 02:00:00,13.3,84,4.6,110,0,0,0
1996-05-27 03:00:00,13.3,87,2.6,50,0,0,0
1996-05-27 04:00:00,13.3,93,3.6,80,0,0,0
1996-05-27 05:00:00,13.3,93,3.1,50,0,0,0
1996-05-27 06:00:00,12.8,96,4.6,20,23,0,23
1996-05-27 07:00:00,12.8,96,5.2,60,56,0,56
1996-05-27 08:00:00,13.3,93,5.2,70,124,0,124
1996-05-27 09:00:00,12.8,96,4.6,50,381,107,311
1996-05-27 10:00:00,13.3,97,4.6,50,190,0,190
1996-05-27 11:00:00,13.9,93,4.1,80,406,73,341
1996-05-27 12:00:00,13.3,93,5.2,70,571,211,372
1996-05-27 13:00:00,13.3,93,6.2,60,236,0,236
1996-05-27 14:00:00,13.3,93,5.7,70,223,0,223
1996-05-27 15:00:00,13.3,93,4.6,70,196,0,196
1996-05-27 16:00:00,13.3,93,4.1,100,157,0,157
1996-05-27 17:00:00,12.8,96,4.6,100,132,0,132
1996-05-27 18:00:00,13.3,93,3.6,60,74,0,74
1996-05-27 19:00:00,13.3,93,3.6,90,42,0,42
1996-05-27 20:00:00,12.8,96,2.1,140,1,0,1
1996-05-27 21:00:00,12.8,96,2.6,160,0,0,0
1996-05-27 22:00:00,13.3,93,4.1,110,0,0,0
1996-05-27 23:00:00,13.3,93,3.1,100,0,0,0
1996-05-28 00:00:00,13.3,93,3.1,40,0,0,0
1996-05-28 01:00:00,12.8,93,3.6,90,0,0,0
1996-05-28 02:00:00,12.8,93,3.1,90,0,0,0
1996-05-28 03:00:00,12.2,97,4.6,30,0,0,0
1996-05-28 04:00:00,12.2,97,4.6,40,0,0,0
1996-05-28 05:00:00,12.2,100,4.1,50,0,0,0
1996-05-28 06:00:00,12.8,96,3.1,40,27,0,27
1996-05-28 07:00:00,12.8,96,4.1,10,51,0,51
1996-05-28 08:00:00,13.3,97,3.1,50,83,0,83
1996-05-28 09:00:00,14.4,93,6.2,70,147,0,147
1996-05-28 10:00:00,14.4,90,4.1,70,188,0,188
1996-05-28 11:00:00,15.0,90,4.1,70,259,0,259
1996-05-28 12:00:00,15.0,90,4.6,110,233,0,233
1996-05-28 13:00:00,15.6,86,4.1,70,234,0,234
1996-05-28 14:00:00,15.0,90,3.1,90,221,0,221
1996-05-28 15:00:00,15.0,90,3.1,60,194,0,194
1996-05-28 16:00:00,15.0,90,4.6,80,156,0,156
1996-05-28 17:00:00,14.4,93,3.6,80,108,0,108
1996-05-28 18:00:00,14.4,93,3.1,60,68,0,68
1996-05-28 19:00:00,14.4,93,3.6,110,34,0,34
1996-05-28 20:00:00,14.4,93,4.1,120,1,0,1
1996-05-28 21:00:00,13.9,93,5.2,120,0,0,0
1996-05-28 22:00:00,13.9,93,4.6,120,0,0,0
1996-05-28 23:00:00,13.9,93,3.6,140,0,0,0
1996-05-29 00:00:00,13.3,97,3.1,110,0,0,0
1996-05-29 01:00:00,13.9,93,3.6,100,0,0,0
1996-05-29 02:00:00,13.3,97,3.6,100,0,0,0
1996-05-29 03:00:00,13.9,93,3.1,70,0,0,0
1996-05-29 04:00:00,13.9,93,3.6,100,0,0,0
1996-05-29 05:00:00,13.3,97,5.2,120,0,0,0
1996-05-29 06:00:00,13.3,97,3.1,110,22,0,22
1996-05-29 07:00:00,13.9,96,4.1,90,47,0,47
1996-05-29 08:00:00,14.4,93,4.1,120,106,0,106
1996-05-29 09:00:00,14.4,93,3.6,180,153,0,153
1996-05-29 10:00:00,13.9,96,3.1,100,229,0,229
1996-05-29 11:00:00,14.4,97,3.6,60,219,0,219
1996-05-29 12:00:00,14.4,93,4.1,70,234,0,234
1996-05-29 13:00:00,14.4,97,5.2,50,235,0,235
1996-05-29 14:00:00,15.0,93,4.6,60,223,0,223
1996-05-29 15:00:00,15.0,90,5.7,30,198,0,198
1996-05-29 16:00:00,14.4,93,6.7,40,161,0,161
1996-05-29 17:00:00,14.4,90,4.1,40,138,0,138
1996-05-29 18:00:00,14.4,87,4.6,30,78,0,78
1996-05-29 19:00:00,14.4,87,4.1,20,31,0,31
1996-05-29 20:00:00,14.4,81,4.6,340,2,0,2
1996-05-29 21:00:00,13.9,80,5.7,360,0,0,0
1996-05-29 22:00:00,13.3,87,2.6,300,0,0,0
1996-05-29 23:00:00,12.2,97,2.1,340,0,0,0
1996-05-30 00:00:00,11.7,96,4.1,340,0,0,0
1996-05-30 01:00:00,11.1,97,4.1,340,0,0,0
1996-05-30 02:00:00,10.6,86,4.6,340,0,0,0
1996-05-30 03:00:00,9.4,83,3.1,350,0,0,0
1996-05-30 04:00:00,8.3,83,3.1,330,0,0,0
1996-05-30 05:00:00,8.3,80,3.1,330,0,0,0
1996-05-30 06:00:00,10.0,71,4.1,340,51,46,45
1996-05-30 07:00:00,12.2,64,4.1,340,195,281,108
1996-05-30 08:00:00,14.4,57,5.7,350,394,461,166
1996-05-30 09:00:00,17.8,50,7.7,350,593,576,213
1996-05-30 10:00:00,18.3,43,8.2,360,762,647,247
1996-05-30 11:00:00,19.4,36,7.7,360,885,689,269
1996-05-30 12:00:00,20.0,39,6.7,20,952,709,281
1996-05-30 13:00:00,20.6,34,6.7,360,958,711,282
1996-05-30 14:00:00,21.1,36,6.2,360,903,695,272
1996-05-30 15:00:00,21.7,35,6.7,360,790,658,253
1996-05-30 16:00:00,22.2,34,5.7,10,629,594,221
1996-05-30 17:00:00,21.7,31,5.2,10,434,489,176
1996-05-30 18:00:00,21.1,33,5.2,360,232,323,119
1996-05-30 19:00:00,18.9,40,4.1,360,72,89,58
1996-05-30 20:00:00,17.2,54,3.1,50,3,0,3
1996-05-30 21:00:00,16.1,67,1.5,60,0,0,0
1996-05-30 22:00:00,15.0,60,3.1,250,0,0,0
1996-05-30 23:00:00,13.9,74,2.1,30,0,0,0
1996-05-31 00:00:00,11.7,83,4.6,360,0,0,0
1996-05-31 01:00:00,11.7,80,3.1,50,0,0,0
1996-05-31 02:00:00,11.7,77,2.6,30,0,0,0
1996-05-31 03:00:00,12.2,71,1.5,40,0,0,0
1996-05-31 04:00:00,10.0,83,3.1,340,0,0,0
1996-05-31 05:00:00,9.4,80,4.1,360,0,4,0
1996-05-31 06:00:00,11.7,74,4.1,10,66,238,36
1996-05-31 07:00:00,13.9,69,0.0,0,239,549,67
1996-05-31 08:00:00,16.1,62,2.6,40,445,707,96
1996-05-31 09:00:00,18.9,42,2.1,360,642,793,119
1996-05-31 10:00:00,20.6,40,2.6,320,807,844,135
1996-05-31 11:00:00,21.1,41,2.6,50,926,873,146
1996-05-31 12:00:00,21.1,39,2.6,130,990,886,152
1996-05-31 13:00:00,22.2,40,2.6,120,996,886,152
1996-05-31 14:00:00,22.8,35,4.1,170,934,861,153
1996-05-31 15:00:00,23.3,37,3.1,170,832,849,138
1996-05-31 16:00:00,22.8,37,3.6,170,675,803,122
1996-05-31 17:00:00,22.8,37,4.1,170,477,706,104
1996-05-31 18:00:00,21.7,42,4.1,170,273,566,75
1996-05-31 19:00:00,20.0,53,4.1,170,94,298,46
1996-05-31 20:00:00,17.8,63,3.1,180,3,17,3
1996-05-31 21:00:00,16.7,67,2.6,160,0,0,0
1996-05-31 22:00:00,16.5,67,2.2,180,0,0,0
1996-05-31 23:00:00,16.4,81,1.9,180,0,0,0
1996-06-01 00:00:00,16.2,83,1.5,190,0,0,0
2005-06-01 01:00:00,16.1,72,1.1,240,0,0,0
2005-06-01 02:00:00,15.9,78,0.7,230,0,0,0
2005-06-01 03:00:00,15.8,75,0.4,0,0,0,0
2005-06-01 04:00:00,15.6,78,0.0,0,0,0,0
2005-06-01 05:00:00,14.4,81,3.1,230,0,0,0
2005-06-01 06:00:00,15.0,81,2.1,240,76,81,66
2005-06-01 07:00:00,17.2,81,2.1,180,220,322,119
2005-06-01 08:00:00,20.0,61,0.0,0,353,315,197
2005-06-01 09:00:00,21.1,55,1.5,110,596,634,177
2005-06-01 10:00:00,22.8,46,0.0,0,705,581,242
2005-06-01 11:00:00,23.9,45,2.1,290,796,567,289
2005-06-01 12:00:00,25.0,45,4.1,210,928,715,250
2005-06-01 13:00:00,25.0,42,2.6,190,908,630,308
2005-06-01 14:00:00,25.0,37,4.1,170,729,395,370
2005-06-01 15:00:00,23.9,50,4.6,160,630,346,346
2005-06-01 16:00:00,23.9,48,4.1,160,406,136,312
2005-06-01 17:00:00,22.8,51,7.2,170,277,65,243
2005-06-01 18:00:00,22.2,51,5.2,160,147,23,139
2005-06-01 19:00:00,20.6,53,4.6,150,69,73,57
2005-06-01 20:00:00,19.4,54,5.2,160,0,0,0
2005-06-01 21:00:00,18.3,61,4.1,170,0,0,0
2005-06-01 22:00:00,17.8,65,2.6,180,0,0,0
2005-06-01 23:00:00,17.2,72,3.1,170,0,0,0
2005-06-02 00:00:00,16.7,75,3.1,170,0,0,0
2005-06-02 01:00:00,16.7,75,2.1,100,0,0,0
2005-06-02 02:00:00,16.1,78,2.6,100,0,0,0
2005-06-02 03:00:00,15.6,80,4.1,100,0,0,0
2005-06-02 04:00:00,15.0,83,3.1,60,0,0,0
2005-06-02 05:00:00,15.0,81,4.1,80,0,0,0
2005-06-02 06:00:00,15.0,81,4.6,90,25,0,25
2005-06-02 07:00:00,15.6,78,5.7,70,91,0,91
2005-06-02 08:00:00,15.0,81,6.2,70,122,0,122
2005-06-02 09:00:00,16.1,78,4.1,90,181,0,181
2005-06-02 10:00:00,16.7,75,6.7,80,233,0,233
2005-06-02 11:00:00,17.8,70,5.2,80,327,12,316
2005-06-02 12:00:00,18.3,68,5.7,80,346,18,329
2005-06-02 13:00:00,18.3,68,4.1,100,239,6,233
2005-06-02 14:00:00,18.9,65,5.2,90,300,12,289
2005-06-02 15:00:00,18.9,68,4.6,60,266,12,256
2005-06-02 16:00:00,18.9,68,5.7,80,271,12,263
2005-06-02 17:00:00,19.4,66,4.1,70,169,6,166
2005-06-02 18:00:00,18.9,68,5.7,60,111,0,111
2005-06-02 19:00:00,18.3,70,4.1,90,57,21,54
2005-06-02 20:00:00,17.8,75,4.1,80,0,0,0
2005-06-02 21:00:00,17.8,75,4.6,90,0,0,0
2005-06-02 22:00:00,17.2,78,5.2,90,0,0,0
2005-06-02 23:00:00,16.7,84,4.1,70,0,0,0
2005-06-03 00:00:00,15.6,93,4.6,70,0,0,0
2005-06-03 01:00:00,15.6,93,5.7,60,0,0,0
2005-06-03 02:00:00,15.6,93,4.6,40,0,0,0
2005-06-03 03:00:00,15.6,93,6.2,60,0,0,0
2005-06-03 04:00:00,15.6,93,5.7,60,0,0,0
2005-06-03 05:00:00,15.6,96,5.2,50,0,0,0
2005-06-03 06:00:00,16.1,93,5.7,50,25,0,25
2005-06-03 07:00:00,16.1,93,5.2,50,53,0,53
2005-06-03 08:00:00,16.1,90,6.2,40,75,0,75
2005-06-03 09:00:00,16.1,93,4.6,60,104,0,104
2005-06-03 10:00:00,16.7,93,4.1,50,132,0,132
2005-06-03 11:00:00,17.2,93,4.1,50,173,0,173
2005-06-03 12:00:00,17.2,93,3.6,40,170,0,170
2005-06-03 13:00:00,17.8,93,4.1,30,191,6,185
2005-06-03 14:00:00,18.3,90,4.1,50,212,6,206
2005-06-03 15:00:00,18.3,93,4.1,50,162,0,162
2005-06-03 16:00:00,18.3,90,2.1,30,102,0,102
2005-06-03 17:00:00,18.0,94,3.6,30,158,0,158
2005-06-03 18:00:00,18.3,90,2.1,40,71,0,71
2005-06-03 19:00:00,18.3,90,3.1,30,41,0,41
2005-06-03 20:00:00,18.3,90,2.6,50,0,0,0
2005-06-03 21:00:00,18.3,90,2.6,340,0,0,0
2005-06-03 22:00:00,18.3,90,3.1,320,0,0,0
2005-06-03 23:00:00,18.0,94,3.1,320,0,0,0
2005-06-04 00:00:00,17.8,90,3.6,320,0,0,0
2005-06-04 01:00:00,17.8,90,2.6,330,0,0,0
2005-06-04 02:00:00,18.0,88,2.1,330,0,0,0
2005-06-04 03:00:00,17.2,93,2.1,320,0,0,0
2005-06-04 04:00:00,17.2,90,3.1,320,0,0,0
2005-06-04 05:00:00,17.0,88,2.6,320,0,0,0
2005-06-04 06:00:00,17.8,87,3.1,350,50,0,50
2005-06-04 07:00:00,17.8,87,3.1,340,106,0,106
2005-06-04 08:00:00,20.0,76,3.1,340,210,12,204
2005-06-04 09:00:00,20.0,76,3.1,340,259,12,251
2005-06-04 10:00:00,21.1,73,1.5,310,321,18,306
2005-06-04 11:00:00,21.1,71,1.5,340,592,193,419
2005-06-04 12:00:00,22.8,64,0.0,0,625,198,436
2005-06-04 13:00:00,23.9,62,3.1,350,406,54,355
2005-06-04 14:00:00,23.9,62,1.5,270,571,167,418
2005-06-04 15:00:00,23.3,69,4.1,190,572,250,366
2005-06-04 16:00:00,24.4,69,4.1,200,615,605,195
2005-06-04 17:00:00,25.0,64,3.1,180,430,470,179
2005-06-04 18:00:00,24.4,67,3.1,210,254,390,115
2005-06-04 19:00:00,23.3,71,2.6,180,95,268,49
2005-06-04 20:00:00,22.2,79,3.6,120,0,0,0
2005-06-04 21:00:00,21.7,79,0.0,0,0,0,0
2005-06-04 22:00:00,20.6,81,2.6,190,0,0,0
2005-06-04 23:00:00,20.0,81,1.5,200,0,0,0
2005-06-05 00:00:00,19.4,87,0.0,0,0,0,0
2005-06-05 01:00:00,18.9,90,2.1,180,0,0,0
2005-06-05 02:00:00,18.9,90,1.5,230,0,0,0
2005-06-05 03:00:00,19.4,90,0.0,0,0,0,0
2005-06-05 04:00:00,18.9,90,0.0,0,0,0,0
2005-06-05 05:00:00,18.9,90,0.0,0,0,0,0
2005-06-05 06:00:00,18.9,90,1.5,70,62,24,59
2005-06-05 07:00:00,20.6,84,0.0,0,234,354,123
2005-06-05 08:00:00,21.1,84,1.5,120,394,457,166
2005-06-05 09:00:00,23.3,76,1.5,150,589,627,174
2005-06-05 10:00:00,25.0,71,1.5,150,730,666,199
2005-06-05 11:00:00,27.2,65,2.6,100,845,693,223
2005-06-05 12:00:00,27.8,60,2.1,140,910,685,259
2005-06-05 13:00:00,28.9,55,2.6,120,914,678,266
2005-06-05 14:00:00,29.4,53,2.1,160,859,640,275
2005-06-05 15:00:00,28.3,59,3.1,190,711,543,264
2005-06-05 16:00:00,30.0,53,2.1,180,435,178,311
2005-06-05 17:00:00,29.4,57,3.6,190,370,270,225
2005-06-05 18:00:00,27.8,63,3.6,180,264,425,113
2005-06-05 19:00:00,28.3,59,3.1,220,91,226,52
2005-06-05 20:00:00,25.6,74,3.1,190,0,0,0
2005-06-05 21:00:00,24.4,76,3.6,200,0,0,0
2005-06-05 22:00:00,24.4,79,3.1,190,0,0,0
2005-06-05 23:00:00,23.3,87,2.1,170,0,0,0
2005-06-06 00:00:00,23.3,85,2.6,190,0,0,0
2005-06-06 01:00:00,22.8,90,2.1,190,0,0,0
2005-06-06 02:00:00,22.2,91,2.6,180,0,0,0
2005-06-06 03:00:00,21.7,90,2.6,180,0,0,0
2005-06-06 04:00:00,21.7,90,2.1,180,0,0,0
2005-06-06 05:00:00,21.7,90,1.5,190,0,0,0
2005-06-06 06:00:00,22.2,87,3.1,180,61,24,58
2005-06-06 07:00:00,22.8,87,2.6,180,227,341,119
2005-06-06 08:00:00,24.4,82,2.1,180,387,433,172
2005-06-06 09:00:00,26.1,77,2.1,180,589,603,189
2005-06-06 10:00:00,27.8,74,3.6,180,743,678,201
2005-06-06 11:00:00,29.4,68,3.1,170,864,741,198
2005-06-06 12:00:00,30.6,61,4.1,190,941,745,232
2005-06-06 13:00:00,30.6,59,5.7,180,825,522,326
2005-06-06 14:00:00,31.0,63,5.7,180,888,688,260
2005-06-06 15:00:00,30.6,61,6.2,190,642,358,346
2005-06-06 16:00:00,30.0,63,4.6,190,435,154,327
2005-06-06 17:00:00,30.0,65,3.6,200,316,147,237
2005-06-06 18:00:00,29.0,70,4.6,200,254,339,133
2005-06-06 19:00:00,28.9,65,2.1,220,87,190,54
2005-06-06 20:00:00,22.0,83,5.1,60,0,0,0
2005-06-06 21:00:00,21.1,87,0.0,0,0,0,0
2005-06-06 22:00:00,20.6,87,1.5,40,0,0,0
2005-06-06 23:00:00,21.1,87,2.6,110,0,0,0
2005-06-07 00:00:00,20.6,90,7.2,110,0,0,0
2005-06-07 01:00:00,20.6,87,4.1,160,0,0,0
2005-06-07 02:00:00,20.0,87,2.6,80,0,0,0
2005-06-07 03:00:00,20.0,87,0.0,0,0,0,0
2005-06-07 04:00:00,20.0,90,2.1,200,0,0,0
2005-06-07 05:00:00,19.4,93,3.1,270,0,0,0
2005-06-07 06:00:00,20.0,90,2.1,260,49,0,49
2005-06-07 07:00:00,21.7,87,2.1,260,204,135,161
2005-06-07 08:00:00,22.8,81,2.1,280,339,266,207
2005-06-07 09:00:00,24.4,76,3.1,300,589,536,234
2005-06-07 10:00:00,25.6,74,2.1,320,510,194,355
2005-06-07 11:00:00,26.7,71,1.5,100,753,476,325
2005-06-07 12:00:00,27.2,72,2.6,170,837,541,323
2005-06-07 13:00:00,28.9,63,3.1,180,938,720,249
2005-06-07 14:00:00,29.4,63,3.6,190,830,604,277
2005-06-07 15:00:00,28.9,61,4.6,180,746,632,224
2005-06-07 16:00:00,30.6,51,3.1,180,570,522,206
2005-06-07 17:00:00,31.1,38,3.1,310,420,400,204
2005-06-07 18:00:00,30.6,37,3.1,260,173,80,144
2005-06-07 19:00:00,27.8,60,3.1,190,96,201,61
2005-06-07 20:00:00,26.1,69,4.1,210,0,0,0
2005-06-07 21:00:00,25.0,82,3.1,200,0,0,0
2005-06-07 22:00:00,25.6,67,3.1,230,0,0,0
2005-06-07 23:00:00,24.4,76,2.6,200,0,0,0
2005-06-08 00:00:00,23.9,79,3.1,190,0,0,0
2005-06-08 01:00:00,23.3,82,2.1,220,0,0,0
2005-06-08 02:00:00,22.8,81,3.1,190,0,0,0
2005-06-08 03:00:00,22.2,84,2.1,200,0,0,0
2005-06-08 04:00:00,22.8,76,0.0,0,0,0,0
2005-06-08 05:00:00,21.7,79,2.1,360,0,0,0
2005-06-08 06:00:00,21.7,84,2.1,200,85,111,71
2005-06-08 07:00:00,23.3,85,3.1,190,234,392,110
2005-06-08 08:00:00,25.0,74,2.6,180,407,513,152
2005-06-08 09:00:00,27.2,69,3.1,180,589,627,173
2005-06-08 10:00:00,28.3,65,3.1,170,743,678,201
2005-06-08 11:00:00,30.6,55,2.6,190,864,753,187
2005-06-08 12:00:00,31.1,52,4.6,190,922,727,230
2005-06-08 13:00:00,31.7,47,4.6,190,950,798,186
2005-06-08 14:00:00,31.7,47,5.2,200,900,790,178
2005-06-08 15:00:00,31.7,45,5.2,190,786,751,165
2005-06-08 16:00:00,31.1,50,5.7,190,621,635,178
2005-06-08 17:00:00,30.0,55,5.2,190,431,453,186
2005-06-08 18:00:00,30.0,51,5.7,190,250,350,123
2005-06-08 19:00:00,28.9,57,5.2,180,96,248,53
2005-06-08 20:00:00,27.8,60,3.1,220,0,0,0
2005-06-08 21:00:00,26.7,64,3.1,230,0,0,0
2005-06-08 22:00:00,25.6,74,2.6,190,0,0,0
2005-06-08 23:00:00,25.0,79,2.6,190,0,0,0
2005-06-09 00:00:00,25.0,74,2.6,210,0,0,0
2005-06-09 01:00:00,25.0,79,3.1,180,0,0,0
2005-06-09 02:00:00,24.4,76,3.6,180,0,0,0
2005-06-09 03:00:00,23.9,82,3.1,190,0,0,0
2005-06-09 04:00:00,23.3,87,3.1,190,0,0,0
2005-06-09 05:00:00,23.3,87,3.6,180,0,0,0
2005-06-09 06:00:00,23.3,85,3.6,180,61,16,59
2005-06-09 07:00:00,23.9,84,4.6,190,234,341,126
2005-06-09 08:00:00,25.0,79,3.6,170,393,457,166
2005-06-09 09:00:00,26.1,77,3.6,190,595,646,167
2005-06-09 10:00:00,27.8,72,3.6,190,743,696,186
2005-06-09 11:00:00,28.9,67,5.2,180,839,669,238
2005-06-09 12:00:00,29.4,65,5.7,180,892,595,325
2005-06-09 13:00:00,30.6,61,4.6,190,759,378,397
2005-06-09 14:00:00,30.6,61,5.2,190,871,628,296
2005-06-09 15:00:00,30.6,59,4.6,200,630,316,369
2005-06-09 16:00:00,30.6,59,5.7,190,356,77,302
2005-06-09 17:00:00,28.9,63,6.7,210,469,441,230
2005-06-09 18:00:00,26.7,74,4.1,160,66,0,66
2005-06-09 19:00:00,26.7,76,3.1,150,17,0,17
2005-06-09 20:00:00,26.1,82,4.1,170,0,0,0
2005-06-09 21:00:00,26.1,82,4.6,180,0,0,0
2005-06-09 22:00:00,25.6,79,6.7,220,0,0,0
2005-06-09 23:00:00,24.4,82,4.1,230,0,0,0
2005-06-10 00:00:00,24.4,85,4.1,200,0,0,0
2005-06-10 01:00:00,24.4,85,5.7,210,0,0,0
2005-06-10 02:00:00,23.9,88,3.6,190,0,0,0
2005-06-10 03:00:00,24.0,89,5.1,200,0,0,0
2005-06-10 04:00:00,23.9,90,4.6,190,0,0,0
2005-06-10 05:00:00,23.9,88,5.7,180,0,0,0
2005-06-10 06:00:00,23.9,88,4.1,200,36,0,36
2005-06-10 07:00:00,24.4,88,6.2,210,151,51,135
2005-06-10 08:00:00,25.0,82,6.2,210,285,117,226
2005-06-10 09:00:00,25.6,79,5.2,210,239,12,231
2005-06-10 10:00:00,26.1,79,5.7,180,334,36,305
2005-06-10 11:00:00,27.0,74,6.2,180,746,440,351
2005-06-10 12:00:00,28.3,70,6.2,190,886,547,365
2005-06-10 13:00:00,28.9,70,7.2,190,574,156,424
2005-06-10 14:00:00,28.3,70,5.2,200,871,610,312
2005-06-10 15:00:00,30.0,65,5.2,190,717,567,248
2005-06-10 16:00:00,29.4,68,5.2,180,633,671,163
2005-06-10 17:00:00,28.9,70,6.7,190,426,429,193
2005-06-10 18:00:00,28.3,72,5.2,190,265,402,119
2005-06-10 19:00:00,28.3,70,4.1,170,101,249,57
2005-06-10 20:00:00,27.8,72,3.1,170,0,0,0
2005-06-10 21:00:00,26.7,76,5.7,160,0,0,0
2005-06-10 22:00:00,25.6,79,3.6,160,0,0,0
2005-06-10 23:00:00,25.0,77,4.6,190,0,0,0
2005-06-11 00:00:00,24.4,79,4.6,200,0,0,0
2005-06-11 01:00:00,23.9,82,5.7,200,0,0,0
2005-06-11 02:00:00,23.9,84,4.6,200,0,0,0
2005-06-11 03:00:00,23.9,82,4.6,200,0,0,0
2005-06-11 04:00:00,23.3,82,4.6,210,0,0,0
2005-06-11 05:00:00,23.3,82,4.1,210,0,0,0
2005-06-11 06:00:00,23.3,82,4.6,210,24,0,24
2005-06-11 07:00:00,24.4,76,4.6,210,113,0,113
2005-06-11 08:00:00,25.6,74,4.6,200,292,136,224
2005-06-11 09:00:00,25.6,74,4.1,220,589,573,209
2005-06-11 10:00:00,26.7,74,5.2,190,686,551,246
2005-06-11 11:00:00,27.8,72,5.2,180,845,681,233
2005-06-11 12:00:00,28.3,72,5.7,170,910,685,258
2005-06-11 13:00:00,28.9,67,5.7,190,903,606,322
2005-06-11 14:00:00,29.4,68,5.2,190,783,514,311
2005-06-11 15:00:00,29.4,65,6.7,180,746,608,242
2005-06-11 16:00:00,29.4,65,5.7,190,497,267,310
2005-06-11 17:00:00,29.4,63,6.2,180,349,212,234
2005-06-11 18:00:00,28.9,63,6.2,190,128,6,126
2005-06-11 19:00:00,28.3,61,5.2,210,97,149,70
2005-06-11 20:00:00,27.2,65,5.2,190,0,0,0
2005-06-11 21:00:00,26.7,64,6.2,190,0,0,0
2005-06-11 22:00:00,25.6,67,5.2,210,0,0,0
2005-06-11 23:00:00,24.4,71,4.1,200,0,0,0
2005-06-12 00:00:00,23.9,76,4.6,200,0,0,0
2005-06-12 01:00:00,23.3,82,4.1,180,0,0,0
2005-06-12 02:00:00,22.8,81,5.2,180,0,0,0
2005-06-12 03:00:00,22.2,82,4.1,210,0,0,0
2005-06-12 04:00:00,21.7,84,4.1,210,0,0,0
2005-06-12 05:00:00,21.7,87,5.2,200,0,0,0
2005-06-12 06:00:00,22.2,84,4.1,210,60,16,58
2005-06-12 07:00:00,23.3,82,4.1,200,234,392,110
2005-06-12 08:00:00,24.4,79,5.2,180,407,513,151
2005-06-12 09:00:00,25.6,74,4.6,220,602,676,154
2005-06-12 10:00:00,26.1,74,5.7,180,749,714,178
2005-06-12 11:00:00,26.7,69,7.2,170,851,615,299
2005-06-12 12:00:00,28.3,59,6.7,200,510,102,412
2005-06-12 13:00:00,29.4,53,6.2,230,723,312,424
2005-06-12 14:00:00,29.4,55,6.7,190,765,491,315
2005-06-12 15:00:00,29.4,51,4.6,210,775,674,216
2005-06-12 16:00:00,30.0,50,4.6,200,633,706,137
2005-06-12 17:00:00,29.4,57,5.7,180,464,594,141
2005-06-12 18:00:00,28.9,55,5.2,210,266,402,118
2005-06-12 19:00:00,28.3,61,4.1,200,97,228,56
2005-06-12 20:00:00,27.8,63,3.6,190,0,0,0
2005-06-12 21:00:00,26.7,71,5.2,170,0,0,0
2005-06-12 22:00:00,26.1,74,5.7,180,0,0,0
2005-06-12 23:00:00,25.6,76,4.6,190,0,0,0
2005-06-13 00:00:00,25.0,82,3.6,200,0,0,0
2005-06-13 01:00:00,25.0,82,4.1,210,0,0,0
2005-06-13 02:00:00,24.4,85,3.6,200,0,0,0
2005-06-13 03:00:00,24.4,85,4.6,210,0,0,0
2005-06-13 04:00:00,24.4,85,4.6,210,0,0,0
2005-06-13 05:00:00,24.4,85,4.6,210,0,0,0
2005-06-13 06:00:00,25.0,82,4.1,220,60,16,58
2005-06-13 07:00:00,25.6,79,6.7,230,181,135,138
2005-06-13 08:00:00,26.1,77,6.7,220,400,402,200
2005-06-13 09:00:00,27.2,74,5.2,220,440,213,299
2005-06-13 10:00:00,28.3,70,4.6,220,749,605,265
2005-06-13 11:00:00,29.4,70,6.7,190,673,283,418
2005-06-13 12:00:00,30.0,67,6.7,180,923,667,287
2005-06-13 13:00:00,31.1,59,7.2,220,849,552,319
2005-06-13 14:00:00,31.1,63,6.2,200,553,162,405
2005-06-13 15:00:00,32.2,58,7.7,230,665,376,353
2005-06-13 16:00:00,32.2,58,7.7,200,396,119,312
2005-06-13 17:00:00,30.6,61,6.2,220,453,517,171
2005-06-13 18:00:00,30.0,63,6.2,230,266,339,141
2005-06-13 19:00:00,28.3,70,8.2,290,38,0,38
2005-06-13 20:00:00,25.6,82,3.6,260,0,0,0
2005-06-13 21:00:00,25.0,82,0.0,0,0,0,0
2005-06-13 22:00:00,24.4,88,2.1,220,0,0,0
2005-06-13 23:00:00,24.4,88,2.6,250,0,0,0
2005-06-14 00:00:00,25.0,84,0.0,0,0,0,0
2005-06-14 01:00:00,25.0,84,2.6,270,0,0,0
2005-06-14 02:00:00,24.4,88,1.5,250,0,0,0
2005-06-14 03:00:00,23.9,90,2.1,260,0,0,0
2005-06-14 04:00:00,24.4,85,1.5,230,0,0,0
2005-06-14 05:00:00,22.8,90,2.1,210,0,0,0
2005-06-14 06:00:00,24.4,79,2.1,230,60,16,58
2005-06-14 07:00:00,25.6,74,1.5,260,234,392,110
2005-06-14 08:00:00,27.8,63,3.1,280,407,513,152
2005-06-14 09:00:00,29.4,57,5.7,290,595,652,164
2005-06-14 10:00:00,30.0,55,6.7,280,749,702,188
2005-06-14 11:00:00,31.1,52,4.6,290,864,753,187
2005-06-14 12:00:00,32.2,50,6.7,280,929,709,253
2005-06-14 13:00:00,32.2,50,6.7,290,843,534,331
2005-06-14 14:00:00,32.8,49,7.7,270,830,598,281
2005-06-14 15:00:00,33.3,49,5.7,260,700,525,264
2005-06-14 16:00:00,33.3,47,6.2,250,571,487,228
2005-06-14 17:00:00,33.3,46,5.2,250,437,465,183
2005-06-14 18:00:00,32.2,50,6.7,240,271,408,121
2005-06-14 19:00:00,31.1,57,4.1,230,102,229,60
2005-06-14 20:00:00,30.0,59,4.6,230,0,0,0
2005-06-14 21:00:00,29.4,63,3.6,230,0,0,0
2005-06-14 22:00:00,28.3,70,4.1,220,0,0,0
2005-06-14 23:00:00,28.9,65,3.6,290,0,0,0
2005-06-15 00:00:00,27.8,69,3.6,220,0,0,0
2005-06-15 01:00:00,27.2,72,1.5,220,0,0,0
2005-06-15 02:00:00,26.7,74,2.1,240,0,0,0
2005-06-15 03:00:00,25.0,82,2.1,210,0,0,0
2005-06-15 04:00:00,24.4,82,2.1,230,0,0,0
2005-06-15 05:00:00,24.4,82,2.1,220,0,0,0
2005-06-15 06:00:00,25.6,71,2.1,270,85,103,71
2005-06-15 07:00:00,27.2,61,1.5,270,234,392,110
2005-06-15 08:00:00,28.3,53,5.2,300,421,581,132
2005-06-15 09:00:00,28.9,51,4.1,290,602,664,162
2005-06-15 10:00:00,28.9,53,3.6,330,730,641,218
2005-06-15 11:00:00,28.9,44,7.7,340,870,759,188
2005-06-15 12:00:00,28.9,40,5.7,320,929,673,287
2005-06-15 13:00:00,30.6,36,7.7,320,502,120,387
2005-06-15 14:00:00,30.6,35,5.7,310,477,72,411
2005-06-15 15:00:00,30.0,35,7.2,290,428,95,349
2005-06-15 16:00:00,30.6,36,6.2,260,650,623,211
2005-06-15 17:00:00,30.6,35,6.7,250,470,635,122
2005-06-15 18:00:00,30.0,37,4.6,260,282,489,101
2005-06-15 19:00:00,28.9,41,4.1,230,106,261,58
2005-06-15 20:00:00,27.8,47,4.1,230,0,0,0
2005-06-15 21:00:00,27.8,46,3.1,270,0,0,0
2005-06-15 22:00:00,27.8,47,2.1,250,0,0,0
2005-06-15 23:00:00,26.7,49,2.6,290,0,0,0
2005-06-16 00:00:00,26.1,48,2.6,290,0,0,0
2005-06-16 01:00:00,26.1,48,2.6,270,0,0,0
2005-06-16 02:00:00,23.3,66,1.5,220,0,0,0
2005-06-16 03:00:00,22.8,71,3.1,220,0,0,0
2005-06-16 04:00:00,21.7,73,3.1,240,0,0,0
2005-06-16 05:00:00,21.7,70,2.6,190,0,0,0
2005-06-16 06:00:00,21.7,70,2.6,200,36,0,36
2005-06-16 07:00:00,23.3,62,2.1,230,219,309,121
2005-06-16 08:00:00,24.4,60,2.1,130,380,358,202
2005-06-16 09:00:00,26.1,52,3.6,260,395,128,310
2005-06-16 10:00:00,27.2,51,3.6,270,371,36,342
2005-06-16 11:00:00,27.8,47,5.2,290,481,90,400
2005-06-16 12:00:00,28.3,46,4.1,270,868,541,352
2005-06-16 13:00:00,27.8,46,5.7,300,736,300,447
2005-06-16 14:00:00,25.6,58,3.1,300,171,12,160
2005-06-16 15:00:00,28.3,44,8.8,280,688,459,306
2005-06-16 16:00:00,27.2,45,7.2,310,515,303,301
2005-06-16 17:00:00,26.7,42,8.8,320,464,553,161
2005-06-16 18:00:00,25.0,45,8.8,330,271,426,114
2005-06-16 19:00:00,23.9,48,5.7,320,107,256,59
2005-06-16 20:00:00,22.8,50,6.2,340,0,0,0
2005-06-16 21:00:00,22.2,51,4.6,330,0,0,0
2005-06-16 22:00:00,21.7,53,3.6,310,0,0,0
2005-06-16 23:00:00,21.1,55,3.1,290,0,0,0
2005-06-17 00:00:00,20.6,57,3.1,280,0,0,0
2005-06-17 01:00:00,20.0,61,2.1,290,0,0,0
2005-06-17 02:00:00,18.9,63,2.1,280,0,0,0
2005-06-17 03:00:00,18.3,65,2.1,290,0,0,0
2005-06-17 04:00:00,17.2,75,2.6,260,0,0,0
2005-06-17 05:00:00,16.1,78,2.6,240,0,0,0
2005-06-17 06:00:00,17.8,70,3.6,260,61,16,59
2005-06-17 07:00:00,20.6,57,3.1,260,234,392,110
2005-06-17 08:00:00,22.2,49,4.6,270,400,494,155
2005-06-17 09:00:00,23.3,48,4.1,260,602,585,215
2005-06-17 10:00:00,23.3,45,5.2,310,290,42,256
2005-06-17 11:00:00,23.3,43,7.7,340,833,548,341
2005-06-17 12:00:00,23.3,46,7.2,330,571,156,422
2005-06-17 13:00:00,23.3,40,5.7,310,891,552,361
2005-06-17 14:00:00,23.9,36,6.2,300,871,676,250
2005-06-17 15:00:00,25.0,35,7.7,320,787,680,220
2005-06-17 16:00:00,25.0,31,6.2,290,424,154,315
2005-06-17 17:00:00,24.4,33,4.6,310,465,553,161
2005-06-17 18:00:00,23.9,34,5.7,330,282,483,102
2005-06-17 19:00:00,23.3,34,4.1,320,107,278,55
2005-06-17 20:00:00,22.2,38,2.6,330,0,0,0
2005-06-17 21:00:00,22.2,38,2.6,320,0,0,0
2005-06-17 22:00:00,21.7,42,2.6,300,0,0,0
2005-06-17 23:00:00,20.6,45,2.1,310,0,0,0
2005-06-18 00:00:00,18.9,54,2.1,330,0,0,0
2005-06-18 01:00:00,18.3,56,2.6,360,0,0,0
2005-06-18 02:00:00,17.2,60,1.5,360,0,0,0
2005-06-18 03:00:00,17.8,60,2.1,310,0,0,0
2005-06-18 04:00:00,16.7,65,2.1,310,0,0,0
2005-06-18 05:00:00,15.6,72,2.1,230,0,0,0
2005-06-18 06:00:00,17.2,65,3.1,270,61,16,59
2005-06-18 07:00:00,19.4,59,0.0,0,234,393,111
2005-06-18 08:00:00,20.6,57,3.1,360,400,494,155
2005-06-18 09:00:00,22.2,51,3.6,340,583,615,176
2005-06-18 10:00:00,23.9,43,4.1,340,743,684,197
2005-06-18 11:00:00,24.4,42,2.6,330,858,723,208
2005-06-18 12:00:00,25.6,37,3.6,280,868,601,295
2005-06-18 13:00:00,24.4,40,2.1,260,610,174,443
2005-06-18 14:00:00,26.7,38,3.1,10,489,84,412
2005-06-18 15:00:00,26.1,38,2.6,360,671,400,338
2005-06-18 16:00:00,27.2,38,5.2,340,441,184,311
2005-06-18 17:00:00,26.1,38,5.2,320,459,529,168
2005-06-18 18:00:00,26.1,36,2.6,10,261,351,131
2005-06-18 19:00:00,24.4,42,4.1,30,107,278,55
2005-06-18 20:00:00,23.9,43,3.1,30,0,0,0
2005-06-18 21:00:00,23.3,48,4.1,50,0,0,0
2005-06-18 22:00:00,22.2,51,5.2,30,0,0,0
2005-06-18 23:00:00,22.2,57,5.7,60,0,0,0
2005-06-19 00:00:00,21.1,59,5.2,50,0,0,0
2005-06-19 01:00:00,20.0,63,4.6,50,0,0,0
2005-06-19 02:00:00,19.4,66,5.7,30,0,0,0
2005-06-19 03:00:00,18.9,68,5.2,30,0,0,0
2005-06-19 04:00:00,18.3,68,4.1,30,0,0,0
2005-06-19 05:00:00,18.3,68,5.2,40,0,0,0
2005-06-19 06:00:00,18.3,65,5.2,40,37,0,37
2005-06-19 07:00:00,18.9,65,5.2,30,91,0,91
2005-06-19 08:00:00,20.6,61,4.6,30,204,25,191
2005-06-19 09:00:00,21.7,57,4.6,20,583,530,232
2005-06-19 10:00:00,23.3,52,3.1,10,749,678,209
2005-06-19 11:00:00,24.4,50,3.6,50,778,518,312
2005-06-19 12:00:00,24.4,50,4.6,30,583,168,422
2005-06-19 13:00:00,25.6,47,4.6,40,730,324,418
2005-06-19 14:00:00,25.6,47,5.2,70,860,586,320
2005-06-19 15:00:00,25.0,50,7.2,50,625,310,366
2005-06-19 16:00:00,23.3,62,8.8,70,617,588,201
2005-06-19 17:00:00,22.8,64,7.7,60,377,271,228
2005-06-19 18:00:00,21.7,66,7.7,90,262,299,150
2005-06-19 19:00:00,21.1,68,7.7,100,34,0,34
2005-06-19 20:00:00,20.6,65,6.7,100,1,0,1
2005-06-19 21:00:00,20.0,61,5.7,100,0,0,0
2005-06-19 22:00:00,19.4,63,4.1,100,0,0,0
2005-06-19 23:00:00,18.9,61,5.2,90,0,0,0
2005-06-20 00:00:00,17.8,67,3.6,70,0,0,0
2005-06-20 01:00:00,17.2,70,4.1,80,0,0,0
2005-06-20 02:00:00,16.7,75,3.6,80,0,0,0
2005-06-20 03:00:00,16.1,78,3.6,30,0,0,0
2005-06-20 04:00:00,16.1,81,3.6,50,0,0,0
2005-06-20 05:00:00,16.1,81,3.1,30,0,0,0
2005-06-20 06:00:00,16.7,78,3.6,40,61,24,58
2005-06-20 07:00:00,17.8,75,3.6,40,68,0,68
2005-06-20 08:00:00,17.8,75,4.6,50,210,25,198
2005-06-20 09:00:00,18.9,65,4.6,30,181,0,181
2005-06-20 10:00:00,19.4,66,3.6,40,227,0,227
2005-06-20 11:00:00,20.0,63,3.6,70,272,6,266
2005-06-20 12:00:00,20.6,61,3.1,60,364,30,336
2005-06-20 13:00:00,22.2,53,1.5,50,520,90,434
2005-06-20 14:00:00,21.7,57,3.6,100,524,114,420
2005-06-20 15:00:00,22.8,50,2.6,90,637,340,353
2005-06-20 16:00:00,22.2,51,1.5,150,424,142,323
2005-06-20 17:00:00,22.8,50,2.6,70,197,18,187
2005-06-20 18:00:00,21.1,59,3.1,180,200,98,164
2005-06-20 19:00:00,20.6,61,3.1,180,90,123,67
2005-06-20 20:00:00,19.4,66,2.6,170,2,0,2
2005-06-20 21:00:00,19.4,66,2.6,150,0,0,0
2005-06-20 22:00:00,18.9,68,2.6,180,0,0,0
2005-06-20 23:00:00,18.3,73,1.5,240,0,0,0
2005-06-21 00:00:00,17.8,73,1.5,240,0,0,0
2005-06-21 01:00:00,17.2,75,0.0,0,0,0,0
2005-06-21 02:00:00,17.2,72,1.5,290,0,0,0
2005-06-21 03:00:00,16.1,81,1.5,210,0,0,0
2005-06-21 04:00:00,15.6,83,1.5,250,0,0,0
2005-06-21 05:00:00,16.1,78,1.5,250,0,0,0
2005-06-21 06:00:00,16.1,83,2.1,230,61,24,58
2005-06-21 07:00:00,18.3,73,2.1,210,234,399,110
2005-06-21 08:00:00,20.6,61,2.6,230,407,525,148
2005-06-21 09:00:00,22.2,55,2.6,200,602,664,164
2005-06-21 10:00:00,23.3,53,3.6,170,749,726,171
2005-06-21 11:00:00,23.9,51,4.1,180,839,663,245
2005-06-21 12:00:00,24.4,54,4.6,180,862,589,301
2005-06-21 13:00:00,25.6,48,3.1,200,879,594,309
2005-06-21 14:00:00,26.7,47,4.1,200,707,341,393
2005-06-21 15:00:00,27.2,41,2.1,230,793,698,210
2005-06-21 16:00:00,27.8,38,4.1,250,645,694,153
2005-06-21 17:00:00,27.8,40,2.6,290,465,571,150
2005-06-21 18:00:00,27.8,41,1.5,360,272,415,117
2005-06-21 19:00:00,26.7,42,3.1,250,107,246,61
2005-06-21 20:00:00,24.4,54,3.1,230,1,0,1
2005-06-21 21:00:00,23.9,64,4.1,200,0,0,0
2005-06-21 22:00:00,23.3,64,4.6,210,0,0,0
2005-06-21 23:00:00,22.2,73,4.1,210,0,0,0
2005-06-22 00:00:00,21.7,81,3.1,200,0,0,0
2005-06-22 01:00:00,21.1,78,3.1,220,0,0,0
2005-06-22 02:00:00,20.6,78,2.1,200,0,0,0
2005-06-22 03:00:00,20.6,75,2.1,190,0,0,0
2005-06-22 04:00:00,20.0,78,3.1,210,0,0,0
2005-06-22 05:00:00,19.4,84,2.1,210,0,0,0
2005-06-22 06:00:00,21.1,73,0.0,0,49,0,49
2005-06-22 07:00:00,22.8,71,2.1,60,197,180,140
2005-06-22 08:00:00,24.4,58,3.1,310,278,111,223
2005-06-22 09:00:00,25.0,56,3.1,300,253,12,245
2005-06-22 10:00:00,25.0,56,7.7,320,214,6,209
2005-06-22 11:00:00,21.7,70,4.6,320,179,0,179
2005-06-22 12:00:00,21.1,81,4.6,330,146,0,146
2005-06-22 13:00:00,23.3,74,3.1,290,431,66,367
2005-06-22 14:00:00,25.6,62,4.6,310,713,317,421
2005-06-22 15:00:00,27.8,55,4.1,320,776,638,243
2005-06-22 16:00:00,28.3,51,5.7,350,617,635,166
2005-06-22 17:00:00,27.2,53,5.2,350,454,465,197
2005-06-22 18:00:00,21.7,66,3.6,350,46,0,46
2005-06-22 19:00:00,22.8,64,0.0,0,21,0,21
2005-06-22 20:00:00,22.8,66,4.6,330,1,0,1
2005-06-22 21:00:00,22.2,68,3.6,330,0,0,0
2005-06-22 22:00:00,21.1,76,3.6,340,0,0,0
2005-06-22 23:00:00,20.6,78,3.6,350,0,0,0
2005-06-23 00:00:00,20.6,75,3.1,340,0,0,0
2005-06-23 01:00:00,19.4,81,3.1,350,0,0,0
2005-06-23 02:00:00,18.9,81,3.6,350,0,0,0
2005-06-23 03:00:00,19.4,66,4.1,40,0,0,0
2005-06-23 04:00:00,18.9,54,5.2,40,0,0,0
2005-06-23 05:00:00,18.3,54,5.2,20,0,0,0
2005-06-23 06:00:00,18.3,54,5.2,30,62,24,59
2005-06-23 07:00:00,19.4,49,5.2,30,235,406,108
2005-06-23 08:00:00,20.6,49,4.6,70,401,507,151
2005-06-23 09:00:00,22.2,48,3.1,50,596,670,155
2005-06-23 10:00:00,23.3,43,2.1,30,749,714,181
2005-06-23 11:00:00,25.0,37,1.5,50,864,765,178
2005-06-23 12:00:00,26.1,38,2.6,70,935,775,196
2005-06-23 13:00:00,27.2,37,3.1,60,951,798,184
2005-06-23 14:00:00,28.3,37,2.1,80,901,760,201
2005-06-23 15:00:00,27.8,38,2.6,110,776,686,203
2005-06-23 16:00:00,28.3,40,1.5,130,645,706,144
2005-06-23 17:00:00,28.3,37,1.5,120,481,571,166
2005-06-23 18:00:00,27.2,44,4.1,180,241,213,161
2005-06-23 19:00:00,25.6,50,5.7,150,112,273,60
2005-06-23 20:00:00,24.4,50,4.6,150,2,0,2
2005-06-23 21:00:00,23.3,53,3.1,170,0,0,0
2005-06-23 22:00:00,22.2,59,3.6,190,0,0,0
2005-06-23 23:00:00,21.7,66,2.6,150,0,0,0
2005-06-24 00:00:00,21.1,71,2.6,170,0,0,0
2005-06-24 01:00:00,20.0,78,3.1,210,0,0,0
2005-06-24 02:00:00,20.0,78,2.6,180,0,0,0
2005-06-24 03:00:00,19.4,79,3.6,220,0,0,0
2005-06-24 04:00:00,19.4,84,4.1,220,0,0,0
2005-06-24 05:00:00,18.9,87,3.6,210,0,0,0
2005-06-24 06:00:00,19.4,87,3.1,180,50,0,50
2005-06-24 07:00:00,21.1,81,3.6,180,220,335,116
2005-06-24 08:00:00,22.8,71,5.7,180,387,439,171
2005-06-24 09:00:00,25.0,52,6.2,200,590,646,165
2005-06-24 10:00:00,26.7,45,6.2,200,731,660,206
2005-06-24 11:00:00,27.2,49,6.2,170,858,729,205
2005-06-24 12:00:00,28.3,46,6.2,180,941,793,185
2005-06-24 13:00:00,28.9,46,6.2,170,951,798,184
2005-06-24 14:00:00,29.4,46,6.2,170,895,754,201
2005-06-24 15:00:00,30.0,46,5.7,180,793,746,170
2005-06-24 16:00:00,29.4,48,5.7,180,628,659,160
2005-06-24 17:00:00,30.0,48,5.7,180,454,518,168
2005-06-24 18:00:00,28.9,49,5.2,180,267,380,124
2005-06-24 19:00:00,27.8,57,5.2,180,108,236,63
2005-06-24 20:00:00,26.6,66,5.2,180,2,0,2
2005-06-24 21:00:00,25.9,64,5.2,180,0,0,0
2005-06-24 22:00:00,25.0,62,4.6,180,0,0,0
2005-06-24 23:00:00,23.9,69,5.2,180,0,0,0
2005-06-25 00:00:00,22.8,71,5.2,180,0,0,0
2005-06-25 01:00:00,22.2,68,3.6,180,0,0,0
2005-06-25 02:00:00,21.7,68,6.2,180,0,0,0
2005-06-25 03:00:00,21.1,68,3.1,180,0,0,0
2005-06-25 04:00:00,21.1,71,2.6,180,0,0,0
2005-06-25 05:00:00,19.4,79,2.6,180,0,0,0
2005-06-25 06:00:00,21.1,73,5.2,180,63,32,59
2005-06-25 07:00:00,23.8,69,3.1,180,212,297,121
2005-06-25 08:00:00,25.0,61,4.6,180,387,439,172
2005-06-25 09:00:00,25.0,66,4.6,170,577,597,184
2005-06-25 10:00:00,28.9,55,4.1,180,731,660,206
2005-06-25 11:00:00,28.9,53,4.1,180,852,729,199
2005-06-25 12:00:00,31.0,42,6.2,180,923,733,225
2005-06-25 13:00:00,32.6,40,7.7,180,921,636,310
2005-06-25 14:00:00,32.5,42,7.7,180,707,341,393
2005-06-25 15:00:00,31.7,38,5.2,180,619,310,360
2005-06-25 16:00:00,31.1,45,6.2,180,453,190,318
2005-06-25 17:00:00,32.3,40,5.7,190,460,482,193
2005-06-25 18:00:00,31.7,45,5.2,190,226,161,165
2005-06-25 19:00:00,29.9,50,4.1,190,69,27,64
2005-06-25 20:00:00,28.2,53,3.1,170,1,0,1
2005-06-25 21:00:00,26.5,58,5.2,200,0,0,0
2005-06-25 22:00:00,25.7,57,5.2,210,0,0,0
2005-06-25 23:00:00,23.9,69,4.1,190,0,0,0
2005-06-26 00:00:00,22.8,73,2.6,180,0,0,0
2005-06-26 01:00:00,22.2,79,4.1,200,0,0,0
2005-06-26 02:00:00,21.7,84,5.2,210,0,0,0
2005-06-26 03:00:00,21.1,90,3.1,210,0,0,0
2005-06-26 04:00:00,20.6,90,1.5,160,0,0,0
2005-06-26 05:00:00,21.1,90,2.1,160,0,0,0
2005-06-26 06:00:00,22.8,87,0.0,0,51,0,51
2005-06-26 07:00:00,25.0,94,0.0,0,167,65,147
2005-06-26 08:00:00,26.1,77,0.0,0,272,74,236
2005-06-26 09:00:00,25.6,71,2.1,140,382,116,306
2005-06-26 10:00:00,27.2,62,3.1,170,731,563,284
2005-06-26 11:00:00,29.4,50,3.1,170,747,482,315
2005-06-26 12:00:00,30.6,45,2.1,170,826,529,322
2005-06-26 13:00:00,31.7,29,3.1,170,939,714,253
2005-06-26 14:00:00,32.2,31,1.5,110,878,676,255
2005-06-26 15:00:00,32.2,33,3.1,60,770,668,211
2005-06-26 16:00:00,32.8,45,0.0,0,594,570,189
2005-06-26 17:00:00,32.8,42,2.6,160,460,541,160
2005-06-26 18:00:00,32.2,44,2.1,140,293,518,98
2005-06-26 19:00:00,31.1,50,3.6,120,112,300,55
2005-06-26 20:00:00,28.9,57,3.1,120,2,0,2
2005-06-26 21:00:00,27.8,67,3.1,150,0,0,0
2005-06-26 22:00:00,26.7,74,2.6,140,0,0,0
2005-06-26 23:00:00,26.1,72,1.5,130,0,0,0
2005-06-27 00:00:00,25.6,76,1.5,150,0,0,0
2005-06-27 01:00:00,24.4,91,3.1,160,0,0,0
2005-06-27 02:00:00,23.9,94,2.6,100,0,0,0
2005-06-27 03:00:00,23.9,90,3.1,30,0,0,0
2005-06-27 04:00:00,23.9,90,2.6,20,0,0,0
2005-06-27 05:00:00,23.3,91,5.2,10,0,0,0
2005-06-27 06:00:00,23.9,88,3.1,360,51,0,51
2005-06-27 07:00:00,24.4,82,5.2,40,190,168,138
2005-06-27 08:00:00,25.0,83,5.1,20,82,0,82
2005-06-27 09:00:00,25.6,74,4.6,20,350,91,290
2005-06-27 10:00:00,27.0,70,4.1,20,460,115,369
2005-06-27 11:00:00,28.0,66,6.2,20,136,0,136
2005-06-27 12:00:00,28.9,61,6.7,10,826,535,317
2005-06-27 13:00:00,25.6,79,4.6,90,694,330,377
2005-06-27 14:00:00,28.3,70,0.0,0,401,60,345
2005-06-27 15:00:00,26.1,79,6.2,30,139,0,139
2005-06-27 16:00:00,27.8,74,4.6,50,266,24,249
2005-06-27 17:00:00,27.8,69,4.6,40,443,412,215
2005-06-27 18:00:00,28.9,70,3.6,80,231,184,162
2005-06-27 19:00:00,28.3,72,0.0,0,112,273,60
2005-06-27 20:00:00,28.0,70,1.5,160,2,0,2
2005-06-27 21:00:00,26.1,79,1.5,110,0,0,0
2005-06-27 22:00:00,25.6,82,1.5,150,0,0,0
2005-06-27 23:00:00,24.4,88,1.5,180,0,0,0
2005-06-28 00:00:00,23.9,90,1.5,150,0,0,0
2005-06-28 01:00:00,23.3,94,0.0,0,0,0,0
2005-06-28 02:00:00,23.2,98,1.5,170,0,0,0
2005-06-28 03:00:00,23.2,98,0.0,0,0,0,0
2005-06-28 04:00:00,23.3,94,1.5,360,0,0,0
2005-06-28 05:00:00,23.1,96,1.5,360,0,0,0
2005-06-28 06:00:00,24.6,89,1.5,360,26,0,26
2005-06-28 07:00:00,25.6,87,0.0,0,69,0,69
2005-06-28 08:00:00,26.7,82,0.0,0,122,0,122
2005-06-28 09:00:00,29.4,70,2.1,200,169,0,169
2005-06-28 10:00:00,30.6,65,2.6,200,208,6,203
2005-06-28 11:00:00,31.7,61,3.6,190,235,0,235
2005-06-28 12:00:00,32.8,60,4.1,190,255,6,249
2005-06-28 13:00:00,33.0,59,5.7,190,257,6,252
2005-06-28 14:00:00,34.4,48,5.7,190,247,6,242
2005-06-28 15:00:00,33.4,50,6.7,190,220,0,220
2005-06-28 16:00:00,32.2,54,7.7,190,181,6,177
2005-06-28 17:00:00,31.7,56,7.2,190,137,0,137
2005-06-28 18:00:00,30.6,59,9.3,200,87,0,87
2005-06-28 19:00:00,28.3,70,6.7,190,34,0,34
2005-06-28 20:00:00,26.1,72,9.3,200,1,0,1
2005-06-28 21:00:00,25.0,79,6.2,210,0,0,0
2005-06-28 22:00:00,24.4,82,4.6,200,0,0,0
2005-06-28 23:00:00,25.0,82,4.6,220,0,0,0
2005-06-29 00:00:00,25.0,82,4.6,220,0,0,0
2005-06-29 01:00:00,25.0,79,5.2,210,0,0,0
2005-06-29 02:00:00,24.4,82,4.1,200,0,0,0
2005-06-29 03:00:00,24.4,79,5.2,200,0,0,0
2005-06-29 04:00:00,23.9,82,3.6,200,0,0,0
2005-06-29 05:00:00,23.0,89,4.1,190,0,0,0
2005-06-29 06:00:00,23.3,87,5.7,200,26,0,26
2005-06-29 07:00:00,23.3,85,5.7,210,69,0,69
2005-06-29 08:00:00,25.0,83,5.1,180,136,0,136
2005-06-29 09:00:00,25.6,76,3.6,190,240,6,236
2005-06-29 10:00:00,25.6,79,4.6,180,378,42,345
2005-06-29 11:00:00,26.1,74,4.6,170,655,277,407
2005-06-29 12:00:00,27.2,69,5.2,180,668,258,422
2005-06-29 13:00:00,26.7,71,6.2,190,401,36,366
2005-06-29 14:00:00,27.8,67,5.2,190,460,72,393
2005-06-29 15:00:00,28.9,63,5.7,190,562,221,377
2005-06-29 16:00:00,28.9,63,6.2,190,391,101,319
2005-06-29 17:00:00,28.3,65,6.2,200,235,24,222
2005-06-29 18:00:00,27.2,72,6.7,180,216,133,166
2005-06-29 19:00:00,23.9,71,9.3,310,91,96,72
2005-06-29 20:00:00,21.1,90,5.2,170,2,0,2
2005-06-29 21:00:00,21.7,93,4.1,240,0,0,0
2005-06-29 22:00:00,22.2,91,4.1,260,0,0,0
2005-06-29 23:00:00,22.2,91,3.1,220,0,0,0
2005-06-30 00:00:00,21.7,93,3.1,210,0,0,0
2005-06-30 01:00:00,21.7,87,1.5,320,0,0,0
2005-06-30 02:00:00,21.1,87,2.1,10,0,0,0
2005-06-30 03:00:00,21.1,90,2.1,240,0,0,0
2005-06-30 04:00:00,21.1,90,0.0,0,0,0,0
2005-06-30 05:00:00,21.1,90,1.5,220,0,0,0
2005-06-30 06:00:00,21.7,90,1.5,260,13,0,13
2005-06-30 07:00:00,22.8,84,1.5,350,122,6,120
2005-06-30 08:00:00,22.8,84,3.6,30,198,12,191
2005-06-30 09:00:00,23.9,82,2.6,330,221,12,213
2005-06-30 10:00:00,26.1,74,2.1,40,624,333,361
2005-06-30 11:00:00,26.7,69,2.1,130,686,338,384
2005-06-30 12:00:00,28.3,61,2.6,80,717,313,420
2005-06-30 13:00:00,29.4,59,2.6,90,844,492,371
2005-06-30 14:00:00,30.0,55,1.5,360,536,144,404
2005-06-30 15:00:00,30.6,53,2.1,70,718,537,269
2005-06-30 16:00:00,31.7,50,2.1,70,617,582,203
2005-06-30 17:00:00,31.7,50,2.1,30,328,165,237
2005-06-30 18:00:00,31.1,48,3.1,350,272,351,140
2005-06-30 19:00:00,30.0,57,0.0,0,108,236,63
2005-06-30 20:00:00,28.3,70,3.1,160,2,0,2
2005-06-30 21:00:00,26.7,76,4.6,200,0,0,0
2005-06-30 22:00:00,26.1,82,4.5,190,0,0,0
2005-06-30 23:00:00,25.4,82,4.5,190,0,0,0
2005-07-01 00:00:00,24.8,82,4.4,200,0,0,0
2002-07-01 01:00:00,24.1,71,4.3,210,0,0,0
2002-07-01 02:00:00,23.5,66,4.2,200,0,0,0
2002-07-01 03:00:00,22.8,73,4.2,220,0,0,0
2002-07-01 04:00:00,22.2,76,4.1,200,0,0,0
2002-07-01 05:00:00,22.2,71,4.1,220,0,0,0
2002-07-01 06:00:00,22.8,71,3.1,210,53,0,53
2002-07-01 07:00:00,23.9,64,4.6,210,176,110,142
2002-07-01 08:00:00,25.0,64,2.6,200,341,210,238
2002-07-01 09:00:00,26.1,62,3.6,180,532,439,246
2002-07-01 10:00:00,27.2,58,4.1,180,693,623,200
2002-07-01 11:00:00,28.9,55,6.2,180,784,621,230
2002-07-01 12:00:00,30.6,50,4.6,170,857,619,268
2002-07-01 13:00:00,30.6,50,4.6,180,922,732,219
2002-07-01 14:00:00,31.7,48,4.1,170,854,622,281
2002-07-01 15:00:00,31.1,52,4.1,170,712,549,253
2002-07-01 16:00:00,31.7,52,4.1,170,560,398,278
2002-07-01 17:00:00,31.1,54,4.1,180,350,206,236
2002-07-01 18:00:00,30.6,57,4.6,190,252,311,134
2002-07-01 19:00:00,29.4,57,4.1,200,103,204,65
2002-07-01 20:00:00,28.3,59,5.2,200,2,0,2
2002-07-01 21:00:00,27.2,58,5.2,190,0,0,0
2002-07-01 22:00:00,26.7,60,5.2,190,0,0,0
2002-07-01 23:00:00,25.6,60,5.2,210,0,0,0
2002-07-02 00:00:00,25.0,62,4.1,220,0,0,0
2002-07-02 01:00:00,25.0,60,4.6,210,0,0,0
2002-07-02 02:00:00,23.9,64,3.6,210,0,0,0
2002-07-02 03:00:00,23.3,69,3.1,210,0,0,0
2002-07-02 04:00:00,23.3,69,2.1,230,0,0,0
2002-07-02 05:00:00,23.3,69,1.5,240,0,0,0
2002-07-02 06:00:00,23.3,74,2.1,230,40,0,40
2002-07-02 07:00:00,24.4,71,2.1,240,161,97,131
2002-07-02 08:00:00,26.1,67,2.1,220,327,217,222
2002-07-02 09:00:00,27.2,67,2.1,170,539,463,237
2002-07-02 10:00:00,28.9,63,2.1,170,675,569,225
2002-07-02 11:00:00,31.7,54,1.5,180,797,615,248
2002-07-02 12:00:00,32.8,49,2.6,180,869,673,229
2002-07-02 13:00:00,33.9,43,4.1,190,874,642,258
2002-07-02 14:00:00,34.4,46,3.1,180,784,544,282
2002-07-02 15:00:00,33.9,47,3.1,160,660,394,331
2002-07-02 16:00:00,33.9,51,5.2,190,572,463,242
2002-07-02 17:00:00,33.3,51,3.6,180,416,377,207
2002-07-02 18:00:00,32.8,50,3.1,200,231,156,173
2002-07-02 19:00:00,32.8,50,4.1,230,95,91,77
2002-07-02 20:00:00,31.1,57,4.1,230,1,0,1
2002-07-02 21:00:00,29.4,70,5.2,180,0,0,0
2002-07-02 22:00:00,28.9,72,2.6,190,0,0,0
2002-07-02 23:00:00,28.3,70,2.1,190,0,0,0
2002-07-03 00:00:00,27.8,74,2.1,220,0,0,0
2002-07-03 01:00:00,27.2,77,2.6,200,0,0,0
2002-07-03 02:00:00,26.7,79,2.6,220,0,0,0
2002-07-03 03:00:00,26.1,79,3.1,220,0,0,0
2002-07-03 04:00:00,26.1,79,1.5,210,0,0,0
2002-07-03 05:00:00,26.7,76,0.0,0,0,0,0
2002-07-03 06:00:00,27.2,74,3.6,360,41,0,41
2002-07-03 07:00:00,28.3,72,3.1,330,169,123,132
2002-07-03 08:00:00,29.4,68,4.6,340,348,334,186
2002-07-03 09:00:00,31.1,61,4.6,350,526,421,252
2002-07-03 10:00:00,32.2,59,4.1,310,713,654,197
2002-07-03 11:00:00,33.9,52,2.6,350,822,687,209
2002-07-03 12:00:00,34.4,49,1.5,350,881,643,270
2002-07-03 13:00:00,35.0,44,3.1,340,898,672,253
2002-07-03 14:00:00,35.6,36,2.1,340,860,640,271
2002-07-03 15:00:00,35.6,39,2.6,340,677,459,293
2002-07-03 16:00:00,36.1,38,3.1,330,577,493,227
2002-07-03 17:00:00,36.1,39,4.1,330,460,582,137
2002-07-03 18:00:00,35.6,43,4.6,320,272,369,133
2002-07-03 19:00:00,34.4,43,4.6,300,90,107,70
2002-07-03 20:00:00,33.3,46,3.6,320,1,0,1
2002-07-03 21:00:00,32.8,47,1.5,310,0,0,0
2002-07-03 22:00:00,31.1,63,0.0,0,0,0,0
2002-07-03 23:00:00,30.0,70,1.5,60,0,0,0
2002-07-04 00:00:00,29.4,61,2.1,330,0,0,0
2002-07-04 01:00:00,28.3,70,2.1,350,0,0,0
2002-07-04 02:00:00,27.8,69,3.1,10,0,0,0
2002-07-04 03:00:00,26.7,76,2.6,10,0,0,0
2002-07-04 04:00:00,28.3,63,4.1,330,0,0,0
2002-07-04 05:00:00,27.8,65,5.2,330,0,0,0
2002-07-04 06:00:00,27.8,63,4.6,340,55,17,53
2002-07-04 07:00:00,28.3,65,4.1,360,207,343,104
2002-07-04 08:00:00,30.0,61,4.1,360,382,464,158
2002-07-04 09:00:00,32.2,56,3.1,10,578,652,154
2002-07-04 10:00:00,33.3,51,3.1,10,725,702,172
2002-07-04 11:00:00,33.3,51,2.6,340,828,711,194
2002-07-04 12:00:00,35.6,42,2.6,310,899,703,232
2002-07-04 13:00:00,36.1,37,2.6,280,892,642,276
2002-07-04 14:00:00,36.7,34,4.1,20,878,700,234
2002-07-04 15:00:00,35.0,39,3.1,10,677,447,303
2002-07-04 16:00:00,36.7,38,2.1,360,611,623,168
2002-07-04 17:00:00,36.1,38,2.1,340,454,547,151
2002-07-04 18:00:00,35.6,38,4.1,330,262,357,127
2002-07-04 19:00:00,34.4,39,2.6,330,103,230,59
2002-07-04 20:00:00,33.9,41,2.6,260,2,0,2
2002-07-04 21:00:00,33.3,46,4.1,290,0,0,0
2002-07-04 22:00:00,32.2,52,3.1,290,0,0,0
2002-07-04 23:00:00,31.1,54,2.6,290,0,0,0
2002-07-05 00:00:00,31.1,39,2.6,290,0,0,0
2002-07-05 01:00:00,30.6,53,3.1,310,0,0,0
2002-07-05 02:00:00,30.0,55,4.6,330,0,0,0
2002-07-05 03:00:00,28.3,65,5.2,350,0,0,0
2002-07-05 04:00:00,28.3,63,4.1,340,0,0,0
2002-07-05 05:00:00,27.8,65,4.1,340,0,0,0
2002-07-05 06:00:00,27.8,63,4.1,340,42,0,42
2002-07-05 07:00:00,28.9,61,3.1,360,192,272,111
2002-07-05 08:00:00,29.4,57,3.1,360,369,415,169
2002-07-05 09:00:00,30.6,45,7.2,20,565,597,178
2002-07-05 10:00:00,31.7,39,6.7,20,706,672,177
2002-07-05 11:00:00,32.8,31,5.2,330,847,754,176
2002-07-05 12:00:00,32.8,30,5.2,330,905,721,221
2002-07-05 13:00:00,33.9,22,7.2,340,934,780,186
2002-07-05 14:00:00,33.3,21,7.2,350,872,718,211
2002-07-05 15:00:00,33.3,18,4.1,320,776,716,178
2002-07-05 16:00:00,32.8,21,7.2,340,640,695,146
2002-07-05 17:00:00,32.2,25,6.7,30,471,635,119
2002-07-05 18:00:00,31.7,26,6.2,10,293,513,100
2002-07-05 19:00:00,30.0,31,6.7,20,112,300,55
2002-07-05 20:00:00,28.3,37,5.2,30,1,0,1
2002-07-05 21:00:00,27.2,38,6.2,50,0,0,0
2002-07-05 22:00:00,26.1,39,5.2,50,0,0,0
2002-07-05 23:00:00,25.0,42,4.1,40,0,0,0
2002-07-06 00:00:00,24.4,45,4.1,50,0,0,0
2002-07-06 01:00:00,23.3,50,5.7,40,0,0,0
2002-07-06 02:00:00,22.8,50,4.6,30,0,0,0
2002-07-06 03:00:00,21.7,55,5.7,30,0,0,0
2002-07-06 04:00:00,20.6,57,5.7,20,0,0,0
2002-07-06 05:00:00,20.0,59,3.1,360,0,0,0
2002-07-06 06:00:00,20.0,59,3.6,350,28,0,28
2002-07-06 07:00:00,21.7,57,4.6,350,208,370,98
2002-07-06 08:00:00,23.3,53,4.6,350,396,564,126
2002-07-06 09:00:00,25.0,47,6.7,10,578,665,148
2002-07-06 10:00:00,26.7,39,5.7,20,725,720,159
2002-07-06 11:00:00,27.2,39,5.7,20,816,657,231
2002-07-06 12:00:00,28.9,36,5.7,350,912,745,205
2002-07-06 13:00:00,30.0,31,5.2,340,922,756,198
2002-07-06 14:00:00,30.6,28,7.2,10,890,766,185
2002-07-06 15:00:00,30.6,30,6.7,20,770,680,202
2002-07-06 16:00:00,30.6,28,5.7,350,645,665,173
2002-07-06 17:00:00,29.4,30,5.7,20,443,494,170
2002-07-06 18:00:00,28.3,32,3.6,360,277,438,113
2002-07-06 19:00:00,27.2,37,5.7,40,99,160,68
2002-07-06 20:00:00,26.7,38,5.7,40,1,0,1
2002-07-06 21:00:00,25.6,42,4.6,50,0,0,0
2002-07-06 22:00:00,25.0,43,0.0,0,0,0,0
2002-07-06 23:00:00,24.4,43,2.1,160,0,0,0
2002-07-07 00:00:00,23.3,52,0.0,0,0,0,0
2002-07-07 01:00:00,22.8,53,0.0,0,0,0,0
2002-07-07 02:00:00,21.1,59,1.5,260,0,0,0
2002-07-07 03:00:00,20.6,63,1.5,360,0,0,0
2002-07-07 04:00:00,20.0,61,1.5,250,0,0,0
2002-07-07 05:00:00,20.6,61,1.5,250,0,0,0
2002-07-07 06:00:00,20.0,68,2.1,360,58,60,51
2002-07-07 07:00:00,22.2,64,0.0,0,185,195,128
2002-07-07 08:00:00,25.0,54,3.6,20,383,489,149
2002-07-07 09:00:00,26.1,45,3.1,300,546,506,219
2002-07-07 10:00:00,28.3,37,4.6,350,675,563,233
2002-07-07 11:00:00,28.3,38,5.2,330,649,307,376
2002-07-07 12:00:00,28.9,36,4.1,360,735,373,382
2002-07-07 13:00:00,28.3,33,5.7,340,706,312,408
2002-07-07 14:00:00,28.3,36,4.1,340,631,245,405
2002-07-07 15:00:00,27.8,38,5.2,350,492,131,383
2002-07-07 16:00:00,27.8,40,4.1,340,243,18,231
2002-07-07 17:00:00,27.2,41,3.1,320,285,82,239
2002-07-07 18:00:00,26.1,45,2.6,10,169,40,154
2002-07-07 19:00:00,25.6,47,2.6,10,64,11,62
2002-07-07 20:00:00,25.6,48,1.5,10,2,0,2
2002-07-07 21:00:00,25.0,54,0.0,0,0,0,0
2002-07-07 22:00:00,22.2,64,2.1,250,0,0,0
2002-07-07 23:00:00,22.2,64,1.5,240,0,0,0
2002-07-08 00:00:00,21.1,68,2.1,220,0,0,0
2002-07-08 01:00:00,20.6,73,1.5,240,0,0,0
2002-07-08 02:00:00,20.0,73,2.1,250,0,0,0
2002-07-08 03:00:00,20.0,76,0.0,0,0,0,0
2002-07-08 04:00:00,20.6,73,0.0,0,0,0,0
2002-07-08 05:00:00,18.9,81,0.0,0,0,0,0
2002-07-08 06:00:00,20.6,73,0.0,0,29,0,29
2002-07-08 07:00:00,22.2,73,1.5,240,147,52,132
2002-07-08 08:00:00,23.9,69,0.0,0,280,105,230
2002-07-08 09:00:00,25.6,60,2.1,90,468,293,279
2002-07-08 10:00:00,27.2,56,2.6,170,656,496,267
2002-07-08 11:00:00,29.4,48,4.1,180,736,500,291
2002-07-08 12:00:00,30.6,42,3.6,170,827,571,286
2002-07-08 13:00:00,31.7,42,4.6,170,844,582,287
2002-07-08 14:00:00,31.7,45,4.6,170,737,425,346
2002-07-08 15:00:00,32.8,37,2.6,240,637,358,338
2002-07-08 16:00:00,33.3,29,5.7,210,487,220,331
2002-07-08 17:00:00,32.2,44,4.1,200,388,294,226
2002-07-08 18:00:00,31.1,47,4.1,180,169,58,148
2002-07-08 19:00:00,30.6,46,4.1,190,94,134,69
2002-07-08 20:00:00,28.9,48,3.1,170,0,0,0
2002-07-08 21:00:00,27.8,53,3.1,190,0,0,0
2002-07-08 22:00:00,26.7,58,3.1,190,0,0,0
2002-07-08 23:00:00,26.7,60,5.7,200,0,0,0
2002-07-09 00:00:00,26.7,47,4.6,210,0,0,0
2002-07-09 01:00:00,26.7,44,4.6,220,0,0,0
2002-07-09 02:00:00,26.1,45,4.6,210,0,0,0
2002-07-09 03:00:00,25.6,48,4.6,200,0,0,0
2002-07-09 04:00:00,24.4,50,3.6,200,0,0,0
2002-07-09 05:00:00,24.4,54,4.1,210,0,0,0
2002-07-09 06:00:00,25.0,48,4.1,230,45,0,45
2002-07-09 07:00:00,25.6,48,4.1,220,132,13,128
2002-07-09 08:00:00,26.7,49,3.6,220,246,81,208
2002-07-09 09:00:00,28.6,48,4.1,210,462,281,281
2002-07-09 10:00:00,30.5,47,4.6,190,587,321,336
2002-07-09 11:00:00,32.2,49,5.2,190,748,518,288
2002-07-09 12:00:00,33.4,45,3.6,280,887,619,302
2002-07-09 13:00:00,34.4,42,6.2,260,629,240,399
2002-07-09 14:00:00,35.6,39,5.7,280,837,652,238
2002-07-09 15:00:00,36.6,37,6.7,280,747,632,219
2002-07-09 16:00:00,36.6,39,4.6,270,589,528,214
2002-07-09 17:00:00,36.6,39,5.7,240,427,400,206
2002-07-09 18:00:00,33.3,46,7.7,250,169,63,146
2002-07-09 19:00:00,32.2,49,7.7,250,94,133,69
2002-07-09 20:00:00,25.0,79,5.2,350,0,0,0
2002-07-09 21:00:00,23.9,84,0.0,0,0,0,0
2002-07-09 22:00:00,23.9,88,2.1,240,0,0,0
2002-07-09 23:00:00,24.4,88,0.0,0,0,0,0
2002-07-10 00:00:00,24.4,88,2.6,220,0,0,0
2002-07-10 01:00:00,23.9,90,1.5,220,0,0,0
2002-07-10 02:00:00,23.9,88,2.1,230,0,0,0
2002-07-10 03:00:00,25.0,79,3.1,300,0,0,0
2002-07-10 04:00:00,23.3,87,2.6,230,0,0,0
2002-07-10 05:00:00,24.4,79,2.1,360,0,0,0
2002-07-10 06:00:00,24.4,76,3.6,330,31,0,31
2002-07-10 07:00:00,24.4,76,5.2,340,132,33,123
2002-07-10 08:00:00,24.4,79,4.1,350,164,0,164
2002-07-10 09:00:00,24.4,85,3.1,350,156,0,156
2002-07-10 10:00:00,24.4,85,3.6,50,170,0,170
2002-07-10 11:00:00,27.2,69,4.1,50,340,30,313
2002-07-10 12:00:00,28.3,63,2.6,90,705,289,432
2002-07-10 13:00:00,27.8,63,4.6,340,305,30,277
2002-07-10 14:00:00,27.8,55,4.6,50,578,203,391
2002-07-10 15:00:00,27.2,62,3.1,50,261,18,246
2002-07-10 16:00:00,28.3,57,1.5,80,481,249,304
2002-07-10 17:00:00,29.4,50,3.6,40,230,47,204
2002-07-10 18:00:00,28.9,53,2.6,60,241,253,146
2002-07-10 19:00:00,27.8,58,2.6,40,68,37,61
2002-07-10 20:00:00,27.2,58,5.7,40,0,0,0
2002-07-10 21:00:00,26.7,51,6.7,40,0,0,0
2002-07-10 22:00:00,26.1,42,7.7,50,0,0,0
2002-07-10 23:00:00,25.0,42,6.7,50,0,0,0
2002-07-11 00:00:00,23.9,41,7.2,40,0,0,0
2002-07-11 01:00:00,22.2,41,7.2,50,0,0,0
2002-07-11 02:00:00,21.1,42,8.2,40,0,0,0
2002-07-11 03:00:00,20.0,43,8.2,30,0,0,0
2002-07-11 04:00:00,19.4,45,7.2,40,0,0,0
2002-07-11 05:00:00,18.9,45,6.7,40,0,0,0
2002-07-11 06:00:00,18.9,45,7.7,40,31,0,31
2002-07-11 07:00:00,18.9,45,7.2,40,124,7,123
2002-07-11 08:00:00,19.4,42,6.2,40,247,68,214
2002-07-11 09:00:00,21.7,38,7.7,40,377,122,299
2002-07-11 10:00:00,22.2,34,0.0,0,505,176,368
2002-07-11 11:00:00,23.3,30,5.2,60,686,374,356
2002-07-11 12:00:00,24.4,31,4.6,30,760,433,351
2002-07-11 13:00:00,25.0,29,4.1,30,814,540,298
2002-07-11 14:00:00,25.6,29,4.1,20,872,688,241
2002-07-11 15:00:00,26.1,28,5.2,10,753,680,186
2002-07-11 16:00:00,26.7,26,5.7,350,639,706,139
2002-07-11 17:00:00,26.7,27,4.1,350,448,512,166
2002-07-11 18:00:00,25.6,29,2.6,10,246,294,137
2002-07-11 19:00:00,24.4,31,4.1,30,102,240,58
2002-07-11 20:00:00,22.2,43,3.6,160,0,0,0
2002-07-11 21:00:00,21.1,44,2.6,190,0,0,0
2002-07-11 22:00:00,21.7,44,2.1,250,0,0,0
2002-07-11 23:00:00,20.0,53,1.5,240,0,0,0
2002-07-12 00:00:00,18.9,59,1.5,220,0,0,0
2002-07-12 01:00:00,18.9,56,0.0,0,0,0,0
2002-07-12 02:00:00,17.8,60,0.0,0,0,0,0
2002-07-12 03:00:00,17.8,58,0.0,0,0,0,0
2002-07-12 04:00:00,17.2,63,1.5,360,0,0,0
2002-07-12 05:00:00,16.7,65,0.0,0,0,0,0
2002-07-12 06:00:00,18.3,63,0.0,0,48,0,48
2002-07-12 07:00:00,20.6,57,0.0,0,203,372,96
2002-07-12 08:00:00,21.7,49,2.6,80,384,539,130
2002-07-12 09:00:00,23.9,40,2.1,60,547,543,199
2002-07-12 10:00:00,25.0,35,2.1,70,701,672,177
2002-07-12 11:00:00,25.6,31,2.6,50,822,699,204
2002-07-12 12:00:00,27.2,28,2.6,30,906,739,208
2002-07-12 13:00:00,27.2,29,3.1,150,904,708,228
2002-07-12 14:00:00,28.3,26,2.6,170,884,760,187
2002-07-12 15:00:00,28.3,27,2.6,180,764,674,203
2002-07-12 16:00:00,28.3,27,1.5,200,611,635,162
2002-07-12 17:00:00,28.9,30,5.2,210,459,512,178
2002-07-12 18:00:00,27.2,32,4.6,200,56,0,56
2002-07-12 19:00:00,26.1,38,4.1,160,21,0,21
2002-07-12 20:00:00,24.4,45,3.1,140,0,0,0
2002-07-12 21:00:00,23.9,46,3.6,190,0,0,0
2002-07-12 22:00:00,22.8,55,5.7,180,0,0,0
2002-07-12 23:00:00,22.2,64,4.1,190,0,0,0
2002-07-13 00:00:00,21.7,63,5.7,210,0,0,0
2002-07-13 01:00:00,21.1,63,4.6,210,0,0,0
2002-07-13 02:00:00,20.6,63,3.6,210,0,0,0
2002-07-13 03:00:00,20.6,61,3.6,220,0,0,0
2002-07-13 04:00:00,20.6,68,2.1,170,0,0,0
2002-07-13 05:00:00,20.0,70,2.1,160,0,0,0
2002-07-13 06:00:00,20.6,70,2.6,180,16,0,16
2002-07-13 07:00:00,21.1,66,3.1,210,47,0,47
2002-07-13 08:00:00,22.2,61,4.6,200,124,0,124
2002-07-13 09:00:00,22.8,57,4.1,190,254,18,242
2002-07-13 10:00:00,23.9,54,3.6,200,202,12,193
2002-07-13 11:00:00,25.0,48,3.6,180,495,121,388
2002-07-13 12:00:00,25.0,47,4.1,190,432,36,398
2002-07-13 13:00:00,26.1,47,2.1,190,419,24,396
2002-07-13 14:00:00,26.7,44,4.1,210,424,48,380
2002-07-13 15:00:00,27.2,38,2.1,210,382,36,352
2002-07-13 16:00:00,27.2,39,1.5,230,136,0,136
2002-07-13 17:00:00,27.2,41,1.5,200,257,82,212
2002-07-13 18:00:00,26.7,42,5.7,130,128,6,126
2002-07-13 19:00:00,26.1,38,4.6,140,47,0,47
2002-07-13 20:00:00,25.6,42,2.6,170,0,0,0
2002-07-13 21:00:00,25.0,42,3.1,190,0,0,0
2002-07-13 22:00:00,23.9,50,1.5,220,0,0,0
2002-07-13 23:00:00,24.4,50,0.0,0,0,0,0
2002-07-14 00:00:00,23.3,57,0.0,0,0,0,0
2002-07-14 01:00:00,23.3,64,3.1,70,0,0,0
2002-07-14 02:00:00,22.2,71,2.6,40,0,0,0
2002-07-14 03:00:00,21.1,81,3.6,30,0,0,0
2002-07-14 04:00:00,19.0,88,3.6,20,0,0,0
2002-07-14 05:00:00,18.9,96,1.5,10,0,0,0
2002-07-14 06:00:00,19.0,100,4.1,30,0,0,0
2002-07-14 07:00:00,19.4,97,3.6,70,31,0,31
2002-07-14 08:00:00,19.4,97,4.1,60,69,0,69
2002-07-14 09:00:00,20.0,93,2.1,110,91,0,91
2002-07-14 10:00:00,20.0,93,3.1,170,139,0,139
2002-07-14 11:00:00,21.1,90,1.5,100,167,0,167
2002-07-14 12:00:00,21.7,90,2.1,100,176,0,176
2002-07-14 13:00:00,22.2,84,0.0,0,174,0,174
2002-07-14 14:00:00,22.8,84,3.1,70,289,12,278
2002-07-14 15:00:00,23.9,79,2.6,80,232,6,227
2002-07-14 16:00:00,24.4,71,3.1,50,441,172,320
2002-07-14 17:00:00,24.4,69,3.6,120,290,88,241
2002-07-14 18:00:00,24.4,71,2.1,140,174,52,155
2002-07-14 19:00:00,23.9,71,2.1,150,80,64,69
2002-07-14 20:00:00,23.3,76,2.1,140,0,0,0
2002-07-14 21:00:00,22.2,87,2.6,220,0,0,0
2002-07-14 22:00:00,22.2,87,2.1,230,0,0,0
2002-07-14 23:00:00,21.7,90,2.1,240,0,0,0
2002-07-15 00:00:00,21.7,87,1.5,280,0,0,0
2002-07-15 01:00:00,21.7,87,0.0,0,0,0,0
2002-07-15 02:00:00,21.1,90,0.0,0,0,0,0
2002-07-15 03:00:00,20.6,93,1.5,300,0,0,0
2002-07-15 04:00:00,20.0,93,2.6,300,0,0,0
2002-07-15 05:00:00,19.4,97,2.1,10,0,0,0
2002-07-15 06:00:00,20.0,96,0.0,0,0,0,0
2002-07-15 07:00:00,21.7,87,0.0,0,196,347,99
2002-07-15 08:00:00,23.9,76,2.6,350,337,341,178
2002-07-15 09:00:00,25.6,69,3.1,330,560,598,180
2002-07-15 10:00:00,26.7,62,2.6,10,670,587,213
2002-07-15 11:00:00,28.3,61,3.1,340,810,639,247
2002-07-15 12:00:00,29.4,55,2.1,310,833,583,284
2002-07-15 13:00:00,30.0,50,1.5,280,916,714,236
2002-07-15 14:00:00,31.1,48,5.2,250,855,664,247
2002-07-15 15:00:00,31.7,45,4.1,260,741,656,196
2002-07-15 16:00:00,32.2,42,4.1,310,622,647,166
2002-07-15 17:00:00,31.7,44,5.7,300,426,412,201
2002-07-15 18:00:00,31.1,47,4.6,280,225,155,168
2002-07-15 19:00:00,30.6,50,3.6,270,93,127,70
2002-07-15 20:00:00,28.9,57,3.1,240,0,0,0
2002-07-15 21:00:00,28.3,61,3.6,260,0,0,0
2002-07-15 22:00:00,27.2,61,3.1,260,0,0,0
2002-07-15 23:00:00,26.1,60,1.5,230,0,0,0
2002-07-16 00:00:00,25.0,62,2.1,230,0,0,0
2002-07-16 01:00:00,25.0,64,0.0,0,0,0,0
2002-07-16 02:00:00,25.6,54,2.6,320,0,0,0
2002-07-16 03:00:00,25.6,54,3.6,310,0,0,0
2002-07-16 04:00:00,25.6,54,3.6,310,0,0,0
2002-07-16 05:00:00,25.0,58,3.1,320,0,0,0
2002-07-16 06:00:00,24.4,60,2.6,290,0,0,0
2002-07-16 07:00:00,25.6,60,2.6,300,173,183,122
2002-07-16 08:00:00,27.8,55,5.7,310,365,453,154
2002-07-16 09:00:00,28.9,49,5.7,320,547,574,184
2002-07-16 10:00:00,29.4,46,6.2,330,695,672,174
2002-07-16 11:00:00,31.1,43,4.1,350,817,693,206
2002-07-16 12:00:00,31.7,41,6.2,350,894,715,221
2002-07-16 13:00:00,32.2,38,8.2,320,916,756,197
2002-07-16 14:00:00,32.2,38,6.7,330,872,742,194
2002-07-16 15:00:00,32.8,34,6.7,310,776,722,177
2002-07-16 16:00:00,32.8,32,4.1,350,622,677,146
2002-07-16 17:00:00,33.3,30,5.2,350,459,606,128
2002-07-16 18:00:00,32.8,30,4.1,330,271,454,104
2002-07-16 19:00:00,30.6,36,4.1,10,101,260,54
2002-07-16 20:00:00,30.0,32,2.6,360,0,0,0
2002-07-16 21:00:00,28.3,41,0.0,0,0,0,0
2002-07-16 22:00:00,26.7,62,0.0,0,0,0,0
2002-07-16 23:00:00,25.0,66,1.5,200,0,0,0
2002-07-17 00:00:00,25.6,56,1.5,230,0,0,0
2002-07-17 01:00:00,23.3,79,1.5,110,0,0,0
2002-07-17 02:00:00,23.3,66,3.1,340,0,0,0
2002-07-17 03:00:00,22.8,66,3.1,350,0,0,0
2002-07-17 04:00:00,21.7,70,3.6,360,0,0,0
2002-07-17 05:00:00,21.7,68,3.1,350,0,0,0
2002-07-17 06:00:00,22.8,66,2.1,10,0,0,0
2002-07-17 07:00:00,24.4,62,2.6,10,182,249,113
2002-07-17 08:00:00,26.7,51,1.5,40,372,491,145
2002-07-17 09:00:00,27.2,47,1.5,140,547,580,181
2002-07-17 10:00:00,28.9,44,3.1,150,708,709,159
2002-07-17 11:00:00,30.6,40,3.1,180,810,693,201
2002-07-17 12:00:00,32.2,35,3.6,280,888,697,233
2002-07-17 13:00:00,33.3,37,3.6,260,916,762,192
2002-07-17 14:00:00,33.3,37,2.1,240,866,724,205
2002-07-17 15:00:00,33.9,36,2.6,210,770,704,186
2002-07-17 16:00:00,34.4,36,4.1,250,616,665,149
2002-07-17 17:00:00,33.9,36,3.6,260,459,611,125
2002-07-17 18:00:00,33.3,40,5.2,260,265,414,114
2002-07-17 19:00:00,32.2,40,4.6,250,96,233,55
2002-07-17 20:00:00,31.1,42,2.6,230,0,0,0
2002-07-17 21:00:00,28.9,51,3.1,220,0,0,0
2002-07-17 22:00:00,28.3,59,3.1,190,0,0,0
2002-07-17 23:00:00,27.8,55,2.6,210,0,0,0
2002-07-18 00:00:00,27.8,58,3.1,210,0,0,0
2002-07-18 01:00:00,28.3,55,2.6,260,0,0,0
2002-07-18 02:00:00,26.7,76,2.6,200,0,0,0
2002-07-18 03:00:00,27.8,60,2.1,310,0,0,0
2002-07-18 04:00:00,26.7,71,0.0,0,0,0,0
2002-07-18 05:00:00,26.7,69,2.1,20,0,0,0
2002-07-18 06:00:00,27.8,63,0.0,0,0,0,0
2002-07-18 07:00:00,28.3,61,1.5,320,127,13,123
2002-07-18 08:00:00,29.4,59,2.1,300,186,6,183
2002-07-18 09:00:00,30.0,55,4.1,320,274,24,258
2002-07-18 10:00:00,29.4,57,3.1,310,171,0,171
2002-07-18 11:00:00,30.0,57,2.6,320,136,0,136
2002-07-18 12:00:00,32.2,50,4.1,330,712,307,424
2002-07-18 13:00:00,32.8,49,3.6,310,856,618,269
2002-07-18 14:00:00,33.3,46,2.1,310,813,550,311
2002-07-18 15:00:00,32.2,49,4.1,310,359,48,319
2002-07-18 16:00:00,32.8,44,4.1,250,339,30,318
2002-07-18 17:00:00,32.2,45,3.1,290,240,41,218
2002-07-18 18:00:00,31.7,50,4.1,320,240,247,150
2002-07-18 19:00:00,31.1,54,3.6,290,33,0,33
2002-07-18 20:00:00,30.6,55,3.1,290,0,0,0
2002-07-18 21:00:00,29.4,61,3.6,300,0,0,0
2002-07-18 22:00:00,28.3,65,2.6,330,0,0,0
2002-07-18 23:00:00,27.2,72,0.0,0,0,0,0
2002-07-19 00:00:00,26.7,74,2.1,240,0,0,0
2002-07-19 01:00:00,25.6,79,2.1,210,0,0,0
2002-07-19 02:00:00,26.1,77,2.1,220,0,0,0
2002-07-19 03:00:00,25.6,84,1.5,250,0,0,0
2002-07-19 04:00:00,24.4,85,2.6,220,0,0,0
2002-07-19 05:00:00,25.0,88,2.1,250,0,0,0
2002-07-19 06:00:00,25.6,85,0.0,0,0,0,0
2002-07-19 07:00:00,26.7,79,3.1,330,143,79,121
2002-07-19 08:00:00,28.3,65,5.2,350,324,286,193
2002-07-19 09:00:00,28.9,63,4.6,360,502,421,237
2002-07-19 10:00:00,30.0,61,3.6,330,676,600,214
2002-07-19 11:00:00,31.1,57,2.1,300,749,549,268
2002-07-19 12:00:00,32.2,56,2.1,270,845,613,271
2002-07-19 13:00:00,32.8,54,3.6,280,736,342,412
2002-07-19 14:00:00,32.8,56,5.2,300,413,72,347
2002-07-19 15:00:00,33.3,54,5.7,290,712,525,278
2002-07-19 16:00:00,32.2,56,4.6,310,362,83,304
2002-07-19 17:00:00,31.7,59,5.7,270,333,194,227
2002-07-19 18:00:00,31.1,59,5.7,300,112,0,112
2002-07-19 19:00:00,30.0,57,5.7,340,66,58,56
2002-07-19 20:00:00,28.3,63,4.6,320,0,0,0
2002-07-19 21:00:00,27.2,69,4.6,330,0,0,0
2002-07-19 22:00:00,27.2,67,3.6,350,0,0,0
2002-07-19 23:00:00,26.1,72,3.6,360,0,0,0
2002-07-20 00:00:00,25.6,74,4.1,320,0,0,0
2002-07-20 01:00:00,25.0,79,4.1,330,0,0,0
2002-07-20 02:00:00,24.4,82,3.6,350,0,0,0
2002-07-20 03:00:00,23.9,88,4.1,350,0,0,0
2002-07-20 04:00:00,23.3,91,2.6,350,0,0,0
2002-07-20 05:00:00,23.9,88,4.1,330,0,0,0
2002-07-20 06:00:00,23.9,88,3.1,350,0,0,0
2002-07-20 07:00:00,25.0,79,4.6,360,80,0,80
2002-07-20 08:00:00,25.6,79,3.6,10,124,0,124
2002-07-20 09:00:00,26.7,71,4.1,20,444,281,267
2002-07-20 10:00:00,27.8,65,2.1,60,645,478,277
2002-07-20 11:00:00,28.9,59,2.6,70,780,615,241
2002-07-20 12:00:00,30.0,55,0.0,0,845,649,238
2002-07-20 13:00:00,31.1,52,2.6,50,868,654,248
2002-07-20 14:00:00,30.6,53,1.5,100,572,179,408
2002-07-20 15:00:00,31.7,52,2.1,150,509,161,376
2002-07-20 16:00:00,32.2,50,3.1,50,605,582,198
2002-07-20 17:00:00,32.2,49,3.6,350,425,470,171
2002-07-20 18:00:00,31.7,50,4.1,10,254,390,113
2002-07-20 19:00:00,29.4,61,4.6,130,91,210,55
2002-07-20 20:00:00,28.9,61,3.6,130,0,0,0
2002-07-20 21:00:00,28.3,59,1.5,140,0,0,0
2002-07-20 22:00:00,27.8,65,0.0,0,0,0,0
2002-07-20 23:00:00,26.7,67,2.6,200,0,0,0
2002-07-21 00:00:00,26.7,69,1.5,160,0,0,0
2002-07-21 01:00:00,25.6,67,2.6,140,0,0,0
2002-07-21 02:00:00,24.4,88,2.6,210,0,0,0
2002-07-21 03:00:00,23.9,88,3.1,160,0,0,0
2002-07-21 04:00:00,23.9,90,3.1,190,0,0,0
2002-07-21 05:00:00,23.9,90,2.1,120,0,0,0
2002-07-21 06:00:00,23.9,90,3.1,180,0,0,0
2002-07-21 07:00:00,24.4,91,2.6,200,160,165,116
2002-07-21 08:00:00,25.6,85,3.1,180,152,0,152
2002-07-21 09:00:00,26.7,85,3.6,190,144,0,144
2002-07-21 10:00:00,28.3,77,4.1,200,360,36,333
2002-07-21 11:00:00,28.9,70,4.1,180,446,48,403
2002-07-21 12:00:00,30.6,61,4.1,180,657,277,398
2002-07-21 13:00:00,31.1,55,2.1,190,719,312,423
2002-07-21 14:00:00,32.2,52,2.6,180,330,36,297
2002-07-21 15:00:00,32.2,54,3.6,160,382,36,352
2002-07-21 16:00:00,32.2,54,5.2,190,379,101,308
2002-07-21 17:00:00,31.7,54,5.7,190,425,435,190
2002-07-21 18:00:00,30.6,57,5.7,200,229,218,150
2002-07-21 19:00:00,30.0,57,5.7,190,66,58,56
2002-07-21 20:00:00,28.3,65,4.1,170,0,0,0
2002-07-21 21:00:00,27.2,65,6.7,180,0,0,0
2002-07-21 22:00:00,25.6,74,6.2,180,0,0,0
2002-07-21 23:00:00,25.6,71,5.7,180,0,0,0
2002-07-22 00:00:00,25.0,79,5.7,180,0,0,0
2002-07-22 01:00:00,24.4,85,4.1,200,0,0,0
2002-07-22 02:00:00,23.9,84,3.1,220,0,0,0
2002-07-22 03:00:00,23.3,87,3.6,200,0,0,0
2002-07-22 04:00:00,23.3,91,3.1,210,0,0,0
2002-07-22 05:00:00,22.8,94,4.1,210,0,0,0
2002-07-22 06:00:00,23.3,94,3.6,210,0,0,0
2002-07-22 07:00:00,24.4,88,4.1,220,136,73,117
2002-07-22 08:00:00,25.6,85,3.6,210,166,6,163
2002-07-22 09:00:00,27.2,77,4.1,210,444,287,265
2002-07-22 10:00:00,29.4,72,5.7,180,658,551,235
2002-07-22 11:00:00,31.1,68,5.7,170,768,597,246
2002-07-22 12:00:00,33.3,54,5.7,200,876,661,258
2002-07-22 13:00:00,34.4,49,7.2,220,886,660,262
2002-07-22 14:00:00,35.0,48,6.7,210,790,568,273
2002-07-22 15:00:00,36.1,42,6.7,230,671,477,278
2002-07-22 16:00:00,35.0,48,4.6,200,593,599,175
2002-07-22 17:00:00,35.0,44,6.2,190,441,546,147
2002-07-22 18:00:00,33.9,52,4.6,190,244,350,118
2002-07-22 19:00:00,32.8,60,4.1,200,90,199,56
2002-07-22 20:00:00,31.1,68,5.2,200,0,0,0
2002-07-22 21:00:00,30.6,61,6.7,190,0,0,0
2002-07-22 22:00:00,30.0,67,6.7,210,0,0,0
2002-07-22 23:00:00,29.4,63,7.7,210,0,0,0
2002-07-23 00:00:00,28.3,70,6.7,210,0,0,0
2002-07-23 01:00:00,27.8,72,4.1,220,0,0,0
2002-07-23 02:00:00,27.2,74,4.6,220,0,0,0
2002-07-23 03:00:00,26.7,76,3.6,210,0,0,0
2002-07-23 04:00:00,25.6,85,4.6,200,0,0,0
2002-07-23 05:00:00,25.0,84,5.7,200,0,0,0
2002-07-23 06:00:00,25.6,82,5.7,210,0,0,0
2002-07-23 07:00:00,26.7,76,5.2,230,161,159,119
2002-07-23 08:00:00,27.8,72,8.2,220,353,448,151
2002-07-23 09:00:00,30.0,63,6.7,210,549,623,161
2002-07-23 10:00:00,31.7,57,5.7,210,696,697,162
2002-07-23 11:00:00,32.8,54,4.6,220,811,700,201
2002-07-23 12:00:00,33.9,52,6.7,200,906,782,177
2002-07-23 13:00:00,35.0,46,7.2,240,922,744,219
2002-07-23 14:00:00,35.0,44,5.7,200,642,329,344
2002-07-23 15:00:00,35.6,48,6.7,180,735,608,235
2002-07-23 16:00:00,34.4,46,6.2,240,593,611,168
2002-07-23 17:00:00,33.9,49,7.7,220,447,535,159
2002-07-23 18:00:00,33.3,52,7.2,260,203,161,146
2002-07-23 19:00:00,28.3,70,5.7,340,33,0,33
2002-07-23 20:00:00,24.4,94,6.7,60,0,0,0
2002-07-23 21:00:00,24.4,91,3.6,60,0,0,0
2002-07-23 22:00:00,24.4,91,3.1,10,0,0,0
2002-07-23 23:00:00,24.4,85,4.6,10,0,0,0
2002-07-24 00:00:00,24.4,85,2.1,50,0,0,0
2002-07-24 01:00:00,23.9,90,5.7,330,0,0,0
2002-07-24 02:00:00,23.3,91,4.6,360,0,0,0
2002-07-24 03:00:00,22.8,94,3.1,10,0,0,0
2002-07-24 04:00:00,22.8,90,4.6,20,0,0,0
2002-07-24 05:00:00,22.8,87,4.1,30,0,0,0
2002-07-24 06:00:00,22.8,87,4.1,360,0,0,0
2002-07-24 07:00:00,22.8,87,5.2,10,186,225,127
2002-07-24 08:00:00,23.3,85,4.6,40,159,0,159
2002-07-24 09:00:00,24.4,82,3.6,70,359,122,284
2002-07-24 10:00:00,24.4,82,2.6,30,392,42,360
2002-07-24 11:00:00,26.1,77,4.1,50,396,30,370
2002-07-24 12:00:00,26.7,74,3.6,60,377,36,344
2002-07-24 13:00:00,26.7,71,3.1,60,198,6,192
2002-07-24 14:00:00,27.8,65,2.6,60,359,36,327
2002-07-24 15:00:00,28.3,65,3.1,60,405,42,371
2002-07-24 16:00:00,28.9,65,4.1,50,356,77,302
2002-07-24 17:00:00,28.9,65,3.6,70,387,329,210
2002-07-24 18:00:00,26.1,85,6.7,110,208,178,145
2002-07-24 19:00:00,25.0,88,7.2,90,36,0,36
2002-07-24 20:00:00,23.9,90,5.2,100,0,0,0
2002-07-24 21:00:00,23.3,94,4.6,100,0,0,0
2002-07-24 22:00:00,22.8,96,6.7,110,0,0,0
2002-07-24 23:00:00,23.3,85,4.6,90,0,0,0
2002-07-25 00:00:00,22.8,90,5.2,70,0,0,0
2002-07-25 01:00:00,22.2,93,6.2,80,0,0,0
2002-07-25 02:00:00,21.7,96,3.6,70,0,0,0
2002-07-25 03:00:00,22.2,93,2.6,100,0,0,0
2002-07-25 04:00:00,22.2,93,4.6,70,0,0,0
2002-07-25 05:00:00,22.2,91,4.1,80,0,0,0
2002-07-25 06:00:00,22.2,91,5.2,80,0,0,0
2002-07-25 07:00:00,22.2,93,5.2,70,57,0,57
2002-07-25 08:00:00,22.2,93,6.7,80,69,0,69
2002-07-25 09:00:00,22.2,91,6.7,70,157,0,157
2002-07-25 10:00:00,22.8,84,5.2,100,165,0,165
2002-07-25 11:00:00,22.8,81,4.6,90,155,0,155
2002-07-25 12:00:00,23.9,76,4.1,110,231,6,226
2002-07-25 13:00:00,25.0,69,4.6,120,461,66,399
2002-07-25 14:00:00,25.0,69,4.1,110,424,60,370
2002-07-25 15:00:00,25.0,69,4.1,140,208,6,203
2002-07-25 16:00:00,26.1,67,4.6,130,294,47,261
2002-07-25 17:00:00,26.1,67,4.1,140,332,206,222
2002-07-25 18:00:00,25.0,66,4.6,130,121,6,119
2002-07-25 19:00:00,24.4,69,4.6,130,24,0,24
2002-07-25 20:00:00,23.9,66,5.2,140,0,0,0
2002-07-25 21:00:00,23.3,74,4.6,120,0,0,0
2002-07-25 22:00:00,23.9,76,6.7,120,0,0,0
2002-07-25 23:00:00,22.2,73,5.2,130,0,0,0
2002-07-26 00:00:00,21.1,76,3.6,120,0,0,0
2002-07-26 01:00:00,21.1,76,3.1,100,0,0,0
2002-07-26 02:00:00,21.1,76,4.1,110,0,0,0
2002-07-26 03:00:00,21.1,76,2.6,100,0,0,0
2002-07-26 04:00:00,21.1,76,2.6,100,0,0,0
2002-07-26 05:00:00,21.1,78,3.6,130,0,0,0
2002-07-26 06:00:00,20.6,84,3.1,100,0,0,0
2002-07-26 07:00:00,19.4,93,3.6,100,33,0,33
2002-07-26 08:00:00,19.4,97,4.1,10,56,0,56
2002-07-26 09:00:00,20.0,93,5.2,70,85,0,85
2002-07-26 10:00:00,20.0,87,1.5,140,310,30,287
2002-07-26 11:00:00,20.6,90,1.5,150,204,6,199
2002-07-26 12:00:00,20.6,90,2.1,150,207,0,207
2002-07-26 13:00:00,20.6,87,3.1,150,365,30,337
2002-07-26 14:00:00,20.0,100,4.1,80,253,6,248
2002-07-26 15:00:00,21.1,90,4.6,120,173,6,169
2002-07-26 16:00:00,21.1,90,3.1,130,474,255,298
2002-07-26 17:00:00,21.1,90,3.1,180,228,53,200
2002-07-26 18:00:00,21.1,93,3.6,160,86,0,86
2002-07-26 19:00:00,21.1,90,4.1,140,24,0,24
2002-07-26 20:00:00,20.6,93,4.1,140,0,0,0
2002-07-26 21:00:00,20.6,96,1.5,180,0,0,0
2002-07-26 22:00:00,20.0,100,0.0,0,0,0,0
2002-07-26 23:00:00,21.1,93,3.1,180,0,0,0
2002-07-27 00:00:00,21.1,97,4.1,180,0,0,0
2002-07-27 01:00:00,21.1,100,0.0,0,0,0,0
2002-07-27 02:00:00,21.1,100,2.1,100,0,0,0
2002-07-27 03:00:00,21.7,96,4.1,180,0,0,0
2002-07-27 04:00:00,21.7,96,2.1,120,0,0,0
2002-07-27 05:00:00,21.7,100,3.6,190,0,0,0
2002-07-27 06:00:00,22.2,100,4.6,180,0,0,0
2002-07-27 07:00:00,22.8,96,3.6,210,65,0,65
2002-07-27 08:00:00,23.3,97,3.1,190,139,0,139
2002-07-27 09:00:00,23.9,96,2.1,190,164,0,164
2002-07-27 10:00:00,25.0,90,3.1,190,228,6,223
2002-07-27 11:00:00,26.1,85,3.1,210,266,0,266
2002-07-27 12:00:00,27.2,85,4.1,180,329,24,306
2002-07-27 13:00:00,27.8,82,4.6,180,563,144,428
2002-07-27 14:00:00,28.3,82,5.7,180,571,209,383
2002-07-27 15:00:00,27.2,82,3.6,250,121,0,121
2002-07-27 16:00:00,25.0,94,2.1,360,96,0,96
2002-07-27 17:00:00,26.1,90,3.1,200,250,41,228
2002-07-27 18:00:00,26.7,85,2.6,270,141,23,133
2002-07-27 19:00:00,26.1,90,1.5,190,75,140,53
2002-07-27 20:00:00,25.6,90,1.5,220,0,0,0
2002-07-27 21:00:00,25.0,96,1.5,210,0,0,0
2002-07-27 22:00:00,24.4,100,1.5,220,0,0,0
2002-07-27 23:00:00,24.4,97,2.6,210,0,0,0
2002-07-28 00:00:00,24.4,97,2.1,210,0,0,0
2002-07-28 01:00:00,24.4,97,2.6,220,0,0,0
2002-07-28 02:00:00,24.4,97,2.1,200,0,0,0
2002-07-28 03:00:00,24.4,94,2.6,220,0,0,0
2002-07-28 04:00:00,23.9,96,2.1,220,0,0,0
2002-07-28 05:00:00,23.9,94,2.6,230,0,0,0
2002-07-28 06:00:00,23.9,94,3.6,200,0,0,0
2002-07-28 07:00:00,25.0,88,2.1,220,107,33,98
2002-07-28 08:00:00,26.7,82,2.6,210,299,224,200
2002-07-28 09:00:00,27.2,85,3.1,170,517,513,202
2002-07-28 10:00:00,30.0,75,3.6,180,678,660,177
2002-07-28 11:00:00,33.3,58,3.6,270,793,615,261
2002-07-28 12:00:00,33.3,58,4.6,240,633,247,404
2002-07-28 13:00:00,34.4,55,4.1,250,665,282,400
2002-07-28 14:00:00,34.4,56,3.1,200,842,592,309
2002-07-28 15:00:00,35.0,56,4.6,200,266,36,237
2002-07-28 16:00:00,33.9,60,9.8,260,592,540,221
2002-07-28 17:00:00,34.4,58,4.6,220,397,399,186
2002-07-28 18:00:00,33.9,58,5.7,240,252,429,103
2002-07-28 19:00:00,32.2,62,4.1,240,75,129,55
2002-07-28 20:00:00,31.1,66,2.6,230,0,0,0
2002-07-28 21:00:00,28.9,88,3.1,210,0,0,0
2002-07-28 22:00:00,29.4,80,3.1,230,0,0,0
2002-07-28 23:00:00,30.0,70,3.1,270,0,0,0
2002-07-29 00:00:00,29.4,75,3.1,270,0,0,0
2002-07-29 01:00:00,27.8,85,2.6,170,0,0,0
2002-07-29 02:00:00,27.8,85,1.5,210,0,0,0
2002-07-29 03:00:00,26.1,97,2.6,200,0,0,0
2002-07-29 04:00:00,26.7,94,3.1,190,0,0,0
2002-07-29 05:00:00,25.6,90,2.6,220,0,0,0
2002-07-29 06:00:00,26.1,88,3.1,230,0,0,0
2002-07-29 07:00:00,27.8,79,3.1,210,165,254,101
2002-07-29 08:00:00,30.6,65,3.1,250,341,430,152
2002-07-29 09:00:00,32.2,62,3.6,300,537,599,170
2002-07-29 10:00:00,33.3,62,6.2,290,684,685,166
2002-07-29 11:00:00,34.4,56,4.6,300,793,639,241
2002-07-29 12:00:00,35.0,54,5.2,300,748,433,348
2002-07-29 13:00:00,35.6,53,6.2,310,796,492,336
2002-07-29 14:00:00,35.6,53,5.7,320,412,78,342
2002-07-29 15:00:00,35.6,51,5.2,310,624,352,338
2002-07-29 16:00:00,34.4,55,6.7,250,519,362,271
2002-07-29 17:00:00,33.9,60,5.2,220,320,147,243
2002-07-29 18:00:00,33.9,58,4.1,230,236,354,115
2002-07-29 19:00:00,33.3,60,4.6,220,78,200,48
2002-07-29 20:00:00,31.7,70,2.6,230,0,0,0
2002-07-29 21:00:00,30.6,77,2.6,220,0,0,0
2002-07-29 22:00:00,30.0,83,2.6,190,0,0,0
2002-07-29 23:00:00,28.3,88,3.1,210,0,0,0
2002-07-30 00:00:00,28.9,80,3.1,250,0,0,0
2002-07-30 01:00:00,28.3,77,3.1,250,0,0,0
2002-07-30 02:00:00,28.9,67,4.6,270,0,0,0
2002-07-30 03:00:00,27.8,69,3.6,240,0,0,0
2002-07-30 04:00:00,26.7,76,3.1,200,0,0,0
2002-07-30 05:00:00,26.1,77,4.1,230,0,0,0
2002-07-30 06:00:00,26.1,79,3.1,210,0,0,0
2002-07-30 07:00:00,28.9,65,2.6,220,165,267,99
2002-07-30 08:00:00,31.1,57,5.2,300,348,474,141
2002-07-30 09:00:00,31.7,52,7.2,330,531,581,176
2002-07-30 10:00:00,32.2,52,7.7,310,634,521,240
2002-07-30 11:00:00,31.7,56,7.2,300,768,621,233
2002-07-30 12:00:00,32.2,56,6.7,310,840,637,251
2002-07-30 13:00:00,33.9,49,5.2,320,653,312,361
2002-07-30 14:00:00,33.9,47,5.2,320,813,640,238
2002-07-30 15:00:00,33.9,47,7.2,310,723,656,190
2002-07-30 16:00:00,34.4,45,6.7,330,598,658,147
2002-07-30 17:00:00,33.9,47,5.2,330,423,493,165
2002-07-30 18:00:00,32.2,50,4.6,340,236,371,109
2002-07-30 19:00:00,31.7,54,5.2,290,78,184,50
2002-07-30 20:00:00,31.1,55,4.6,300,0,0,0
2002-07-30 21:00:00,30.0,59,3.6,310,0,0,0
2002-07-30 22:00:00,29.4,61,4.6,310,0,0,0
2002-07-30 23:00:00,28.9,61,3.6,340,0,0,0
2002-07-31 00:00:00,28.3,63,3.6,330,0,0,0
2002-07-31 01:00:00,28.3,63,4.6,330,0,0,0
2002-07-31 02:00:00,26.1,74,2.6,360,0,0,0
2002-07-31 03:00:00,26.1,74,3.6,360,0,0,0
2002-07-31 04:00:00,25.6,76,3.1,350,0,0,0
2002-07-31 05:00:00,25.6,79,2.6,360,0,0,0
2002-07-31 06:00:00,25.6,79,4.1,360,0,0,0
2002-07-31 07:00:00,26.7,76,4.1,360,108,40,98
2002-07-31 08:00:00,28.9,67,4.1,10,328,362,170
2002-07-31 09:00:00,31.1,57,4.1,340,505,489,207
2002-07-31 10:00:00,31.7,52,5.7,20,684,673,178
2002-07-31 11:00:00,33.3,47,5.2,30,762,609,238
2002-07-31 12:00:00,33.3,47,2.1,360,761,481,317
2002-07-31 13:00:00,33.9,47,2.6,330,700,330,392
2002-07-31 14:00:00,34.4,46,3.6,300,848,658,259
2002-07-31 15:00:00,34.4,43,2.6,270,763,739,164
2002-07-31 16:00:00,34.4,43,5.7,350,598,664,144
2002-07-31 17:00:00,34.4,41,4.6,320,439,587,133
2002-07-31 18:00:00,33.3,44,2.6,330,251,474,90
2002-07-31 19:00:00,32.2,49,3.1,340,77,219,45
2002-07-31 20:00:00,31.1,54,2.1,300,0,0,0
2002-07-31 21:00:00,30.0,59,3.1,300,0,0,0
2002-07-31 22:00:00,29.5,63,2.7,190,0,0,0
2002-07-31 23:00:00,29.1,69,2.2,220,0,0,0
2002-08-01 00:00:00,28.6,67,1.8,240,0,0,0
1999-08-01 01:00:00,28.1,74,1.3,200,0,0,0
1999-08-01 02:00:00,27.6,65,0.9,30,0,0,0
1999-08-01 03:00:00,27.2,69,0.4,0,0,0,0
1999-08-01 04:00:00,26.7,71,0.0,0,0,0,0
1999-08-01 05:00:00,26.7,71,2.1,280,0,0,0
1999-08-01 06:00:00,27.2,69,0.0,0,0,0,0
1999-08-01 07:00:00,28.3,65,2.1,10,92,0,92
1999-08-01 08:00:00,29.4,61,1.5,340,300,281,178
1999-08-01 09:00:00,32.8,52,5.7,310,479,440,211
1999-08-01 10:00:00,34.4,48,5.7,330,634,467,283
1999-08-01 11:00:00,34.4,48,4.6,310,409,127,300
1999-08-01 12:00:00,36.7,42,4.1,310,858,577,327
1999-08-01 13:00:00,35.0,44,4.6,330,689,276,431
1999-08-01 14:00:00,34.0,47,5.1,310,400,72,336
1999-08-01 15:00:00,30.6,68,6.2,220,121,0,121
1999-08-01 16:00:00,32.8,56,10.3,320,530,362,284
1999-08-01 17:00:00,28.3,74,5.2,310,244,59,213
1999-08-01 18:00:00,28.9,72,5.2,310,100,0,100
1999-08-01 19:00:00,27.2,77,5.2,320,42,5,41
1999-08-01 20:00:00,27.2,77,5.2,300,0,0,0
1999-08-01 21:00:00,27.2,77,4.1,320,0,0,0
1999-08-01 22:00:00,27.2,77,1.5,320,0,0,0
1999-08-01 23:00:00,26.7,76,4.6,320,0,0,0
1999-08-02 00:00:00,26.1,74,5.2,320,0,0,0
1999-08-02 01:00:00,25.6,71,5.2,340,0,0,0
1999-08-02 02:00:00,25.0,69,6.2,330,0,0,0
1999-08-02 03:00:00,23.9,69,4.1,340,0,0,0
1999-08-02 04:00:00,23.3,64,4.1,330,0,0,0
1999-08-02 05:00:00,22.8,64,4.1,330,0,0,0
1999-08-02 06:00:00,22.8,61,4.1,330,0,0,0
1999-08-02 07:00:00,25.0,52,4.1,350,168,262,104
1999-08-02 08:00:00,27.2,42,5.7,340,336,474,130
1999-08-02 09:00:00,28.3,37,6.7,360,531,660,131
1999-08-02 10:00:00,29.4,35,5.2,20,704,727,158
1999-08-02 11:00:00,30.6,35,7.7,360,818,754,171
1999-08-02 12:00:00,30.6,35,6.2,350,895,782,176
1999-08-02 13:00:00,31.7,32,6.7,360,892,744,200
1999-08-02 14:00:00,32.2,30,4.1,340,860,778,165
1999-08-02 15:00:00,32.2,30,4.1,20,763,751,157
1999-08-02 16:00:00,32.2,32,4.6,330,620,688,153
1999-08-02 17:00:00,31.0,33,6.2,350,439,628,114
1999-08-02 18:00:00,30.6,35,6.7,310,250,485,88
1999-08-02 19:00:00,29.4,35,6.2,310,72,213,42
1999-08-02 20:00:00,28.3,36,4.1,320,0,0,0
1999-08-02 21:00:00,27.2,41,3.1,340,0,0,0
1999-08-02 22:00:00,26.7,42,4.1,320,0,0,0
1999-08-02 23:00:00,25.0,45,5.2,330,0,0,0
1999-08-03 00:00:00,23.9,50,4.1,340,0,0,0
1999-08-03 01:00:00,23.3,28,4.6,330,0,0,0
1999-08-03 02:00:00,22.2,30,4.1,350,0,0,0
1999-08-03 03:00:00,22.2,30,3.6,330,0,0,0
1999-08-03 04:00:00,21.7,30,4.6,330,0,0,0
1999-08-03 05:00:00,22.2,29,6.2,10,0,0,0
1999-08-03 06:00:00,22.2,31,6.7,20,0,0,0
1999-08-03 07:00:00,23.3,29,6.7,10,160,256,98
1999-08-03 08:00:00,25.6,25,5.7,30,329,456,133
1999-08-03 09:00:00,26.7,36,6.2,40,525,642,137
1999-08-03 10:00:00,27.8,37,6.2,60,697,709,167
1999-08-03 11:00:00,28.3,34,6.2,60,818,760,168
1999-08-03 12:00:00,28.9,35,2.6,40,882,746,198
1999-08-03 13:00:00,30.6,36,2.6,100,892,750,195
1999-08-03 14:00:00,30.6,36,3.1,60,830,664,239
1999-08-03 15:00:00,32.2,30,3.1,70,705,584,235
1999-08-03 16:00:00,31.7,30,2.1,70,620,599,215
1999-08-03 17:00:00,30.6,35,3.6,80,244,59,213
1999-08-03 18:00:00,29.4,40,5.7,120,140,23,132
1999-08-03 19:00:00,28.3,41,4.6,130,41,5,40
1999-08-03 20:00:00,27.8,42,2.6,110,0,0,0
1999-08-03 21:00:00,26.1,48,2.1,130,0,0,0
1999-08-03 22:00:00,26.1,48,2.1,190,0,0,0
1999-08-03 23:00:00,25.6,50,0.0,0,0,0,0
1999-08-04 00:00:00,23.9,57,1.5,220,0,0,0
1999-08-04 01:00:00,23.3,64,3.1,180,0,0,0
1999-08-04 02:00:00,22.2,71,2.1,210,0,0,0
1999-08-04 03:00:00,22.8,44,1.5,210,0,0,0
1999-08-04 04:00:00,22.2,43,1.5,200,0,0,0
1999-08-04 05:00:00,21.1,39,0.0,0,0,0,0
1999-08-04 06:00:00,21.7,36,0.0,0,0,0,0
1999-08-04 07:00:00,24.4,62,1.5,240,161,270,96
1999-08-04 08:00:00,27.2,54,2.6,240,336,494,125
1999-08-04 09:00:00,28.3,51,2.1,70,512,557,177
1999-08-04 10:00:00,30.6,43,3.1,160,679,618,217
1999-08-04 11:00:00,32.2,34,3.6,170,502,133,389
1999-08-04 12:00:00,32.8,32,4.1,160,809,541,314
1999-08-04 13:00:00,32.8,33,3.1,150,790,546,284
1999-08-04 14:00:00,32.8,32,2.6,160,653,287,398
1999-08-04 15:00:00,32.8,36,5.2,170,595,310,346
1999-08-04 16:00:00,32.8,38,5.2,180,580,593,180
1999-08-04 17:00:00,32.8,36,5.2,170,422,557,137
1999-08-04 18:00:00,31.7,38,5.2,160,234,399,103
1999-08-04 19:00:00,30.0,42,4.6,140,63,156,42
1999-08-04 20:00:00,28.9,48,4.1,170,0,0,0
1999-08-04 21:00:00,27.8,49,4.6,180,0,0,0
1999-08-04 22:00:00,26.1,58,4.6,170,0,0,0
1999-08-04 23:00:00,25.6,60,5.7,190,0,0,0
1999-08-05 00:00:00,25.0,62,5.2,200,0,0,0
1999-08-05 01:00:00,24.4,64,4.1,200,0,0,0
1999-08-05 02:00:00,23.9,69,4.1,190,0,0,0
1999-08-05 03:00:00,23.3,71,4.1,200,0,0,0
1999-08-05 04:00:00,22.8,73,3.6,200,0,0,0
1999-08-05 05:00:00,22.2,71,3.1,220,0,0,0
1999-08-05 06:00:00,22.8,71,3.1,210,0,0,0
1999-08-05 07:00:00,23.3,69,2.6,210,119,68,103
1999-08-05 08:00:00,25.0,64,2.1,200,302,313,169
1999-08-05 09:00:00,27.2,54,2.1,100,499,514,191
1999-08-05 10:00:00,31.1,40,3.1,320,666,667,169
1999-08-05 11:00:00,32.2,35,3.1,290,787,670,216
1999-08-05 12:00:00,32.2,35,6.2,260,846,583,313
1999-08-05 13:00:00,32.2,35,5.7,320,658,330,353
1999-08-05 14:00:00,30.6,40,6.2,320,394,48,352
1999-08-05 15:00:00,30.0,43,5.2,290,173,6,168
1999-08-05 16:00:00,30.6,39,3.6,340,400,154,296
1999-08-05 17:00:00,31.7,38,3.1,300,70,0,70
1999-08-05 18:00:00,28.9,63,5.7,180,189,193,126
1999-08-05 19:00:00,28.3,57,3.1,220,59,135,41
1999-08-05 20:00:00,27.8,56,0.0,0,0,0,0
1999-08-05 21:00:00,26.7,74,1.5,350,0,0,0
1999-08-05 22:00:00,26.1,45,2.6,340,0,0,0
1999-08-05 23:00:00,25.6,45,3.6,340,0,0,0
1999-08-06 00:00:00,25.0,47,3.1,340,0,0,0
1999-08-06 01:00:00,23.9,51,3.1,350,0,0,0
1999-08-06 02:00:00,22.8,59,2.6,350,0,0,0
1999-08-06 03:00:00,23.3,53,2.1,330,0,0,0
1999-08-06 04:00:00,22.2,59,2.1,340,0,0,0
1999-08-06 05:00:00,21.1,71,2.6,350,0,0,0
1999-08-06 06:00:00,21.1,66,2.6,360,0,0,0
1999-08-06 07:00:00,23.9,54,3.1,340,154,251,95
1999-08-06 08:00:00,25.6,50,3.1,320,330,481,126
1999-08-06 09:00:00,27.2,47,2.1,300,513,606,151
1999-08-06 10:00:00,27.8,44,1.5,280,679,685,170
1999-08-06 11:00:00,30.0,36,5.2,260,812,742,181
1999-08-06 12:00:00,30.6,35,2.6,270,858,680,238
1999-08-06 13:00:00,31.1,31,5.2,280,886,732,210
1999-08-06 14:00:00,32.2,31,3.1,260,806,622,256
1999-08-06 15:00:00,32.2,32,3.6,220,641,429,298
1999-08-06 16:00:00,32.8,32,3.6,260,529,427,243
1999-08-06 17:00:00,32.2,33,3.1,260,389,404,184
1999-08-06 18:00:00,31.7,34,3.1,260,223,358,107
1999-08-06 19:00:00,30.6,36,4.6,240,61,164,40
1999-08-06 20:00:00,29.4,40,4.1,240,0,0,0
1999-08-06 21:00:00,28.3,44,3.6,270,0,0,0
1999-08-06 22:00:00,27.2,49,3.6,290,0,0,0
1999-08-06 23:00:00,27.2,45,2.6,290,0,0,0
1999-08-07 00:00:00,27.2,42,2.6,300,0,0,0
1999-08-07 01:00:00,26.1,45,2.1,320,0,0,0
1999-08-07 02:00:00,24.4,62,0.0,0,0,0,0
1999-08-07 03:00:00,24.4,56,0.0,0,0,0,0
1999-08-07 04:00:00,22.8,59,2.1,220,0,0,0
1999-08-07 05:00:00,22.2,68,0.0,0,0,0,0
1999-08-07 06:00:00,22.8,66,3.6,40,9,80,6
1999-08-07 07:00:00,25.0,54,1.5,10,155,238,100
1999-08-07 08:00:00,26.7,47,3.1,80,309,375,151
1999-08-07 09:00:00,27.8,44,3.1,70,460,392,227
1999-08-07 10:00:00,27.8,44,2.1,60,679,673,180
1999-08-07 11:00:00,29.4,40,2.1,120,738,567,256
1999-08-07 12:00:00,30.0,42,4.6,170,840,625,270
1999-08-07 13:00:00,30.6,40,2.6,140,880,648,282
1999-08-07 14:00:00,31.7,41,4.6,150,324,54,276
1999-08-07 15:00:00,31.1,38,4.1,200,635,346,360
1999-08-07 16:00:00,31.7,41,3.1,160,259,53,223
1999-08-07 17:00:00,31.7,36,2.1,160,394,369,208
1999-08-07 18:00:00,32.2,38,4.1,180,222,364,106
1999-08-07 19:00:00,30.0,46,5.2,140,61,168,39
1999-08-07 20:00:00,28.3,55,5.2,140,0,0,0
1999-08-07 21:00:00,27.2,62,3.1,150,0,0,0
1999-08-07 22:00:00,26.1,72,4.1,160,0,0,0
1999-08-07 23:00:00,26.1,74,4.6,170,0,0,0
1999-08-08 00:00:00,25.6,82,5.2,170,0,0,0
1999-08-08 01:00:00,25.6,85,4.6,180,0,0,0
1999-08-08 02:00:00,25.6,85,4.1,180,0,0,0
1999-08-08 03:00:00,25.6,87,5.7,190,0,0,0
1999-08-08 04:00:00,26.1,85,5.2,190,0,0,0
1999-08-08 05:00:00,26.1,77,6.2,200,0,0,0
1999-08-08 06:00:00,25.6,76,5.2,210,4,0,4
1999-08-08 07:00:00,26.1,69,4.1,210,78,0,78
1999-08-08 08:00:00,27.2,65,4.6,210,162,6,159
1999-08-08 09:00:00,28.3,61,4.1,200,217,12,210
1999-08-08 10:00:00,30.0,50,5.7,220,463,170,338
1999-08-08 11:00:00,33.9,41,5.7,210,682,404,340
1999-08-08 12:00:00,33.9,39,5.7,240,682,295,414
1999-08-08 13:00:00,33.9,40,6.7,240,545,156,401
1999-08-08 14:00:00,31.0,52,8.2,230,200,12,190
1999-08-08 15:00:00,26.7,79,4.6,260,121,0,121
1999-08-08 16:00:00,27.8,72,3.1,250,275,24,260
1999-08-08 17:00:00,27.8,72,4.1,270,216,18,207
1999-08-08 18:00:00,27.8,72,6.7,260,79,0,79
1999-08-08 19:00:00,27.2,69,4.1,280,11,0,11
1999-08-08 20:00:00,27.2,69,5.7,280,0,0,0
1999-08-08 21:00:00,27.2,67,4.6,280,0,0,0
1999-08-08 22:00:00,26.7,69,3.6,280,0,0,0
1999-08-08 23:00:00,26.1,72,3.6,300,0,0,0
1999-08-09 00:00:00,25.6,71,4.6,320,0,0,0
1999-08-09 01:00:00,25.0,71,5.2,320,0,0,0
1999-08-09 02:00:00,23.9,64,7.2,330,0,0,0
1999-08-09 03:00:00,22.8,61,6.2,330,0,0,0
1999-08-09 04:00:00,21.7,63,5.2,330,0,0,0
1999-08-09 05:00:00,21.1,68,5.7,340,0,0,0
1999-08-09 06:00:00,21.1,66,7.2,350,7,75,5
1999-08-09 07:00:00,21.7,63,7.7,350,148,239,94
1999-08-09 08:00:00,23.3,52,7.7,360,324,476,126
1999-08-09 09:00:00,23.9,48,6.7,10,480,428,227
1999-08-09 10:00:00,25.0,45,6.2,360,400,91,333
1999-08-09 11:00:00,25.6,40,4.6,360,787,579,298
1999-08-09 12:00:00,26.1,38,4.6,340,870,734,205
1999-08-09 13:00:00,27.2,32,4.1,20,892,786,170
1999-08-09 14:00:00,28.3,31,5.2,30,841,760,174
1999-08-09 15:00:00,28.3,30,3.1,40,727,679,189
1999-08-09 16:00:00,28.3,30,2.6,350,601,705,135
1999-08-09 17:00:00,28.3,28,3.6,10,420,615,114
1999-08-09 18:00:00,27.8,31,2.1,350,231,471,84
1999-08-09 19:00:00,26.7,29,5.7,320,55,180,34
1999-08-09 20:00:00,24.4,39,3.6,40,0,0,0
1999-08-09 21:00:00,23.3,53,3.1,130,0,0,0
1999-08-09 22:00:00,21.7,59,1.5,170,0,0,0
1999-08-09 23:00:00,21.7,59,0.0,0,0,0,0
1999-08-10 00:00:00,21.7,59,1.5,270,0,0,0
1999-08-10 01:00:00,20.6,65,0.0,0,0,0,0
1999-08-10 02:00:00,19.4,66,0.0,0,0,0,0
1999-08-10 03:00:00,20.0,63,0.0,0,0,0,0
1999-08-10 04:00:00,18.9,63,2.1,330,0,0,0
1999-08-10 05:00:00,17.8,73,1.5,340,0,0,0
1999-08-10 06:00:00,18.3,65,3.1,10,6,60,4
1999-08-10 07:00:00,20.0,59,3.1,40,140,198,95
1999-08-10 08:00:00,22.2,48,2.6,70,318,439,136
1999-08-10 09:00:00,23.9,45,0.0,0,500,581,157
1999-08-10 10:00:00,25.0,45,2.6,180,667,691,158
1999-08-10 11:00:00,26.7,45,3.1,160,763,633,228
1999-08-10 12:00:00,28.9,38,5.7,160,852,625,286
1999-08-10 13:00:00,28.3,38,4.6,160,700,354,376
1999-08-10 14:00:00,27.8,41,3.1,200,577,215,388
1999-08-10 15:00:00,28.9,40,3.6,200,236,24,218
1999-08-10 16:00:00,29.4,43,4.6,170,567,527,220
1999-08-10 17:00:00,30.0,45,5.7,190,344,263,214
1999-08-10 18:00:00,28.9,48,4.1,180,172,153,124
1999-08-10 19:00:00,27.8,51,3.6,150,34,14,32
1999-08-10 20:00:00,26.7,60,5.2,120,0,0,0
1999-08-10 21:00:00,26.1,62,3.6,150,0,0,0
1999-08-10 22:00:00,25.6,69,4.6,170,0,0,0
1999-08-10 23:00:00,26.1,65,5.7,200,0,0,0
1999-08-11 00:00:00,25.0,69,4.1,200,0,0,0
1999-08-11 01:00:00,25.0,69,4.6,190,0,0,0
1999-08-11 02:00:00,24.4,71,6.7,180,0,0,0
1999-08-11 03:00:00,23.9,74,4.1,190,0,0,0
1999-08-11 04:00:00,23.3,76,4.6,190,0,0,0
1999-08-11 05:00:00,22.8,79,4.6,200,0,0,0
1999-08-11 06:00:00,22.8,79,3.6,210,6,54,4
1999-08-11 07:00:00,23.3,79,4.6,190,141,185,100
1999-08-11 08:00:00,25.6,69,3.6,220,297,376,142
1999-08-11 09:00:00,27.2,62,2.6,160,487,526,178
1999-08-11 10:00:00,30.0,55,3.1,150,642,618,188
1999-08-11 11:00:00,32.8,39,3.1,220,800,730,186
1999-08-11 12:00:00,33.9,36,5.2,290,858,710,217
1999-08-11 13:00:00,35.0,31,3.6,340,868,672,254
1999-08-11 14:00:00,34.4,34,5.2,330,694,377,365
1999-08-11 15:00:00,34.4,34,0.0,0,513,197,359
1999-08-11 16:00:00,33.3,40,2.6,20,488,338,267
1999-08-11 17:00:00,33.9,40,3.1,70,355,328,194
1999-08-11 18:00:00,33.3,37,4.6,360,196,294,106
1999-08-11 19:00:00,32.8,39,4.1,360,47,106,35
1999-08-11 20:00:00,29.4,70,2.6,160,0,0,0
1999-08-11 21:00:00,28.3,77,3.6,170,0,0,0
1999-08-11 22:00:00,27.2,82,3.6,170,0,0,0
1999-08-11 23:00:00,26.7,85,3.6,210,0,0,0
1999-08-12 00:00:00,26.1,85,2.1,230,0,0,0
1999-08-12 01:00:00,25.6,87,2.1,210,0,0,0
1999-08-12 02:00:00,25.6,90,0.0,0,0,0,0
1999-08-12 03:00:00,25.6,69,3.1,330,0,0,0
1999-08-12 04:00:00,25.0,62,3.6,330,0,0,0
1999-08-12 05:00:00,24.4,64,2.1,10,0,0,0
1999-08-12 06:00:00,23.9,66,2.6,330,5,61,3
1999-08-12 07:00:00,25.6,62,3.1,340,142,220,93
1999-08-12 08:00:00,27.2,56,3.1,330,304,408,137
1999-08-12 09:00:00,28.9,49,3.1,20,474,490,188
1999-08-12 10:00:00,30.6,45,1.5,60,648,643,178
1999-08-12 11:00:00,32.2,41,2.6,100,775,670,213
1999-08-12 12:00:00,32.8,38,1.5,140,840,655,249
1999-08-12 13:00:00,33.3,38,2.1,180,862,642,276
1999-08-12 14:00:00,33.3,40,3.1,160,582,227,384
1999-08-12 15:00:00,33.9,41,3.1,160,196,18,182
1999-08-12 16:00:00,33.9,40,3.6,180,477,284,291
1999-08-12 17:00:00,33.3,43,3.6,170,269,99,220
1999-08-12 18:00:00,32.2,50,5.2,170,190,266,110
1999-08-12 19:00:00,30.6,61,5.2,150,49,176,30
1999-08-12 20:00:00,29.4,68,3.6,150,0,0,0
1999-08-12 21:00:00,28.3,74,3.6,160,0,0,0
1999-08-12 22:00:00,27.8,79,3.1,170,0,0,0
1999-08-12 23:00:00,27.2,82,3.6,170,0,0,0
1999-08-13 00:00:00,26.7,85,3.6,170,0,0,0
1999-08-13 01:00:00,26.7,85,4.1,170,0,0,0
1999-08-13 02:00:00,25.6,90,2.6,160,0,0,0
1999-08-13 03:00:00,25.0,90,2.1,130,0,0,0
1999-08-13 04:00:00,25.0,90,2.6,150,0,0,0
1999-08-13 05:00:00,25.0,94,2.6,190,0,0,0
1999-08-13 06:00:00,25.6,93,3.1,150,4,16,3
1999-08-13 07:00:00,25.6,93,3.1,180,116,62,102
1999-08-13 08:00:00,27.0,89,4.6,170,220,100,179
1999-08-13 09:00:00,28.9,80,5.2,180,448,331,255
1999-08-13 10:00:00,30.6,72,6.2,180,426,121,337
1999-08-13 11:00:00,32.2,66,7.7,170,167,6,162
1999-08-13 12:00:00,32.8,64,7.7,170,560,162,414
1999-08-13 13:00:00,32.8,64,6.2,170,527,126,412
1999-08-13 14:00:00,35.0,53,7.2,180,759,544,285
1999-08-13 15:00:00,34.4,51,5.7,190,651,495,265
1999-08-13 16:00:00,35.6,46,6.2,190,404,172,292
1999-08-13 17:00:00,33.9,52,8.8,180,376,392,185
1999-08-13 18:00:00,33.3,56,7.2,170,170,164,121
1999-08-13 19:00:00,32.2,64,7.7,180,42,118,30
1999-08-13 20:00:00,31.1,70,7.7,180,0,0,0
1999-08-13 21:00:00,30.6,70,9.3,180,0,0,0
1999-08-13 22:00:00,30.0,72,7.7,190,0,0,0
1999-08-13 23:00:00,30.0,70,5.1,250,0,0,0
1999-08-14 00:00:00,28.3,61,5.2,290,0,0,0
1999-08-14 01:00:00,25.6,82,4.6,270,0,0,0
1999-08-14 02:00:00,24.4,91,5.2,220,0,0,0
1999-08-14 03:00:00,23.3,94,3.1,230,0,0,0
1999-08-14 04:00:00,23.3,94,0.0,0,0,0,0
1999-08-14 05:00:00,23.3,94,2.6,190,0,0,0
1999-08-14 06:00:00,23.9,94,3.1,200,4,67,3
1999-08-14 07:00:00,23.9,94,3.1,130,153,263,96
1999-08-14 08:00:00,25.0,90,3.1,180,319,471,128
1999-08-14 09:00:00,26.7,87,3.6,160,495,551,174
1999-08-14 10:00:00,27.8,79,2.6,160,655,679,160
1999-08-14 11:00:00,30.0,70,4.1,160,775,670,216
1999-08-14 12:00:00,32.2,59,5.2,170,858,728,206
1999-08-14 13:00:00,33.3,58,5.7,190,862,720,208
1999-08-14 14:00:00,33.9,56,4.1,170,829,742,186
1999-08-14 15:00:00,33.9,56,5.7,170,709,554,277
1999-08-14 16:00:00,22.8,96,7.2,360,168,6,164
1999-08-14 17:00:00,26.1,85,1.5,10,70,0,70
1999-08-14 18:00:00,24.4,88,2.6,260,39,0,39
1999-08-14 19:00:00,23.9,90,2.1,210,16,0,16
1999-08-14 20:00:00,23.3,87,2.6,170,0,0,0
1999-08-14 21:00:00,23.3,91,1.5,220,0,0,0
1999-08-14 22:00:00,23.9,90,2.1,240,0,0,0
1999-08-14 23:00:00,23.9,90,1.5,190,0,0,0
1999-08-15 00:00:00,23.9,94,3.1,220,0,0,0
1999-08-15 01:00:00,24.4,82,2.6,280,0,0,0
1999-08-15 02:00:00,23.9,79,4.6,310,0,0,0
1999-08-15 03:00:00,23.3,85,5.2,310,0,0,0
1999-08-15 04:00:00,22.8,84,4.1,320,0,0,0
1999-08-15 05:00:00,22.8,87,3.6,330,0,0,0
1999-08-15 06:00:00,22.2,91,3.1,330,3,43,2
1999-08-15 07:00:00,23.3,85,6.2,360,136,181,97
1999-08-15 08:00:00,24.4,76,6.7,360,284,308,160
1999-08-15 09:00:00,24.4,76,4.6,360,330,116,263
1999-08-15 10:00:00,25.0,71,6.7,350,184,6,180
1999-08-15 11:00:00,26.7,62,5.2,360,323,18,308
1999-08-15 12:00:00,27.2,61,3.6,350,371,18,355
1999-08-15 13:00:00,27.2,61,4.1,320,353,18,337
1999-08-15 14:00:00,27.8,60,5.2,340,288,12,278
1999-08-15 15:00:00,27.8,58,3.6,320,323,42,290
1999-08-15 16:00:00,28.9,55,3.1,350,555,533,212
1999-08-15 17:00:00,27.8,58,4.6,10,327,263,201
1999-08-15 18:00:00,27.2,61,5.2,350,164,135,125
1999-08-15 19:00:00,26.1,65,4.6,10,40,125,28
1999-08-15 20:00:00,25.6,67,4.6,10,0,0,0
1999-08-15 21:00:00,25.0,69,3.6,10,0,0,0
1999-08-15 22:00:00,24.4,69,3.6,360,0,0,0
1999-08-15 23:00:00,23.9,71,3.6,330,0,0,0
1999-08-16 00:00:00,22.8,76,3.1,330,0,0,0
1999-08-16 01:00:00,22.8,73,3.6,290,0,0,0
1999-08-16 02:00:00,21.7,76,4.1,330,0,0,0
1999-08-16 03:00:00,20.6,81,2.6,10,0,0,0
1999-08-16 04:00:00,20.6,81,3.1,320,0,0,0
1999-08-16 05:00:00,20.0,84,3.1,320,0,0,0
1999-08-16 06:00:00,20.6,81,4.6,330,3,51,2
1999-08-16 07:00:00,21.7,76,3.1,330,137,223,90
1999-08-16 08:00:00,23.9,69,2.6,350,306,452,125
1999-08-16 09:00:00,26.1,60,2.6,340,502,643,131
1999-08-16 10:00:00,26.7,60,2.1,10,649,649,179
1999-08-16 11:00:00,28.3,53,1.5,40,788,694,211
1999-08-16 12:00:00,30.0,48,2.6,70,743,451,340
1999-08-16 13:00:00,30.0,48,2.1,110,856,666,254
1999-08-16 14:00:00,30.6,46,3.1,140,770,598,254
1999-08-16 15:00:00,31.7,42,3.1,80,610,381,316
1999-08-16 16:00:00,32.2,41,5.7,20,560,622,162
1999-08-16 17:00:00,32.2,40,3.6,300,390,555,126
1999-08-16 18:00:00,31.1,42,2.1,20,193,382,83
1999-08-16 19:00:00,28.9,63,4.6,120,39,119,28
1999-08-16 20:00:00,27.2,67,3.1,130,0,0,0
1999-08-16 21:00:00,26.7,67,0.0,0,0,0,0
1999-08-16 22:00:00,26.1,69,2.6,170,0,0,0
1999-08-16 23:00:00,25.6,71,4.6,160,0,0,0
1999-08-17 00:00:00,25.0,79,5.2,170,0,0,0
1999-08-17 01:00:00,24.4,82,4.6,210,0,0,0
1999-08-17 02:00:00,24.4,82,5.2,200,0,0,0
1999-08-17 03:00:00,23.9,84,4.1,200,0,0,0
1999-08-17 04:00:00,23.9,88,4.6,190,0,0,0
1999-08-17 05:00:00,23.3,94,4.6,190,0,0,0
1999-08-17 06:00:00,23.3,94,3.6,200,2,39,1
1999-08-17 07:00:00,24.4,88,3.6,200,128,182,91
1999-08-17 08:00:00,26.1,77,3.6,220,264,264,159
1999-08-17 09:00:00,28.3,65,3.6,220,469,484,191
1999-08-17 10:00:00,30.0,63,4.1,160,649,679,159
1999-08-17 11:00:00,31.7,57,4.1,170,763,664,213
1999-08-17 12:00:00,32.8,45,2.1,80,852,710,220
1999-08-17 13:00:00,33.9,40,3.6,160,855,720,207
1999-08-17 14:00:00,35.0,31,4.1,190,817,742,180
1999-08-17 15:00:00,35.6,34,3.6,170,714,691,182
1999-08-17 16:00:00,35.6,34,3.6,160,554,639,147
1999-08-17 17:00:00,35.0,40,5.7,180,385,520,139
1999-08-17 18:00:00,33.3,52,3.6,180,182,343,85
1999-08-17 19:00:00,31.7,59,3.1,180,35,99,26
1999-08-17 20:00:00,30.0,63,3.1,190,0,0,0
1999-08-17 21:00:00,29.4,65,2.6,180,0,0,0
1999-08-17 22:00:00,29.4,59,0.0,0,0,0,0
1999-08-17 23:00:00,27.8,72,3.1,170,0,0,0
1999-08-18 00:00:00,26.7,76,2.1,210,0,0,0
1999-08-18 01:00:00,26.7,71,1.5,170,0,0,0
1999-08-18 02:00:00,26.1,74,1.5,210,0,0,0
1999-08-18 03:00:00,25.6,74,1.5,220,0,0,0
1999-08-18 04:00:00,25.0,71,2.6,240,0,0,0
1999-08-18 05:00:00,24.4,76,1.5,10,0,0,0
1999-08-18 06:00:00,25.6,64,0.0,0,2,34,1
1999-08-18 07:00:00,27.2,56,2.6,350,129,168,95
1999-08-18 08:00:00,29.4,48,2.6,330,286,377,136
1999-08-18 09:00:00,30.6,46,4.1,350,483,539,174
1999-08-18 10:00:00,31.7,42,4.6,310,643,667,163
1999-08-18 11:00:00,31.7,39,3.6,350,763,670,209
1999-08-18 12:00:00,32.8,37,7.2,310,761,523,296
1999-08-18 13:00:00,33.9,32,5.7,340,814,600,275
1999-08-18 14:00:00,33.9,31,5.2,350,793,652,235
1999-08-18 15:00:00,33.3,33,4.6,320,662,566,228
1999-08-18 16:00:00,33.9,32,5.2,360,515,491,203
1999-08-18 17:00:00,32.8,34,5.2,350,373,502,138
1999-08-18 18:00:00,31.7,38,5.7,350,186,387,78
1999-08-18 19:00:00,30.0,40,7.2,350,28,58,23
1999-08-18 20:00:00,28.3,48,7.2,20,0,0,0
1999-08-18 21:00:00,27.2,47,7.2,10,0,0,0
1999-08-18 22:00:00,26.1,48,6.2,10,0,0,0
1999-08-18 23:00:00,25.0,50,4.1,340,0,0,0
1999-08-19 00:00:00,24.4,54,4.6,350,0,0,0
1999-08-19 01:00:00,24.4,54,3.6,350,0,0,0
1999-08-19 02:00:00,23.3,57,3.6,360,0,0,0
1999-08-19 03:00:00,22.8,61,3.1,350,0,0,0
1999-08-19 04:00:00,23.3,60,5.2,10,0,0,0
1999-08-19 05:00:00,22.8,61,4.1,20,0,0,0
1999-08-19 06:00:00,22.2,66,5.2,30,1,8,1
1999-08-19 07:00:00,22.8,64,3.6,30,93,42,85
1999-08-19 08:00:00,24.4,60,4.6,30,279,308,157
1999-08-19 09:00:00,26.1,54,3.1,60,476,515,183
1999-08-19 10:00:00,26.1,54,2.1,80,643,673,160
1999-08-19 11:00:00,27.8,47,2.1,100,776,718,184
1999-08-19 12:00:00,28.9,43,2.1,110,828,668,237
1999-08-19 13:00:00,30.0,40,2.1,80,837,660,247
1999-08-19 14:00:00,31.7,34,2.6,50,717,502,288
1999-08-19 15:00:00,31.1,35,2.1,70,690,602,231
1999-08-19 16:00:00,30.6,46,4.1,90,498,426,229
1999-08-19 17:00:00,30.0,51,5.2,90,341,333,187
1999-08-19 18:00:00,28.3,49,5.2,90,114,45,102
1999-08-19 19:00:00,27.8,46,2.6,120,30,75,24
1999-08-19 20:00:00,26.7,52,2.6,110,0,0,0
1999-08-19 21:00:00,26.1,58,3.6,90,0,0,0
1999-08-19 22:00:00,25.6,74,4.6,130,0,0,0
1999-08-19 23:00:00,25.0,78,5.1,130,0,0,0
1999-08-20 00:00:00,23.9,79,6.2,210,0,0,0
1999-08-20 01:00:00,21.1,90,0.0,0,0,0,0
1999-08-20 02:00:00,21.1,97,3.6,80,0,0,0
1999-08-20 03:00:00,20.6,96,5.2,180,0,0,0
1999-08-20 04:00:00,20.6,93,2.6,250,0,0,0
1999-08-20 05:00:00,20.6,90,0.0,0,0,0,0
1999-08-20 06:00:00,21.1,87,2.6,210,0,0,0
1999-08-20 07:00:00,21.1,93,3.6,120,47,0,47
1999-08-20 08:00:00,21.1,93,2.6,120,50,0,50
1999-08-20 09:00:00,22.2,87,0.0,0,113,0,113
1999-08-20 10:00:00,23.9,79,3.6,250,369,91,304
1999-08-20 11:00:00,25.6,69,2.6,150,751,609,250
1999-08-20 12:00:00,26.7,69,3.6,200,797,589,277
1999-08-20 13:00:00,28.3,63,4.1,180,766,510,310
1999-08-20 14:00:00,28.3,63,4.1,170,593,245,385
1999-08-20 15:00:00,29.4,57,4.1,160,414,95,342
1999-08-20 16:00:00,28.3,61,5.2,170,458,302,269
1999-08-20 17:00:00,28.3,61,4.6,200,261,99,215
1999-08-20 18:00:00,28.3,61,3.6,170,128,78,107
1999-08-20 19:00:00,27.2,62,3.6,220,29,78,23
1999-08-20 20:00:00,26.7,67,3.1,270,0,0,0
1999-08-20 21:00:00,24.4,82,5.2,10,0,0,0
1999-08-20 22:00:00,22.8,87,7.2,20,0,0,0
1999-08-20 23:00:00,21.7,90,5.2,30,0,0,0
1999-08-21 00:00:00,21.1,90,4.6,40,0,0,0
1999-08-21 01:00:00,21.1,90,4.6,70,0,0,0
1999-08-21 02:00:00,20.6,90,4.6,30,0,0,0
1999-08-21 03:00:00,20.0,90,3.6,360,0,0,0
1999-08-21 04:00:00,20.0,87,4.1,40,0,0,0
1999-08-21 05:00:00,20.0,90,4.1,10,0,0,0
1999-08-21 06:00:00,19.4,90,4.6,10,0,0,0
1999-08-21 07:00:00,20.0,84,4.6,10,57,0,57
1999-08-21 08:00:00,20.0,83,4.6,360,86,0,86
1999-08-21 09:00:00,20.0,84,3.1,330,139,0,139
1999-08-21 10:00:00,20.6,81,3.1,20,229,6,225
1999-08-21 11:00:00,22.2,73,2.6,20,397,42,363
1999-08-21 12:00:00,24.0,69,5.7,10,523,126,412
1999-08-21 13:00:00,25.0,64,4.1,40,771,528,302
1999-08-21 14:00:00,25.0,62,2.1,60,722,526,276
1999-08-21 15:00:00,26.1,56,3.6,50,581,357,310
1999-08-21 16:00:00,26.7,54,3.1,40,430,237,282
1999-08-21 17:00:00,26.1,60,5.2,70,308,291,175
1999-08-21 18:00:00,25.0,64,4.6,90,165,268,94
1999-08-21 19:00:00,23.3,74,6.2,60,25,72,20
1999-08-21 20:00:00,20.6,90,4.1,70,0,0,0
1999-08-21 21:00:00,20.6,87,3.1,80,0,0,0
1999-08-21 22:00:00,21.1,81,2.6,60,0,0,0
1999-08-21 23:00:00,20.6,81,0.0,0,0,0,0
1999-08-22 00:00:00,20.6,78,1.5,360,0,0,0
1999-08-22 01:00:00,19.4,84,2.6,30,0,0,0
1999-08-22 02:00:00,19.4,93,3.1,350,0,0,0
1999-08-22 03:00:00,18.9,93,2.6,320,0,0,0
1999-08-22 04:00:00,18.9,93,2.6,350,0,0,0
1999-08-22 05:00:00,18.3,93,1.5,350,0,0,0
1999-08-22 06:00:00,19.4,87,0.0,0,0,30,0
1999-08-22 07:00:00,20.0,87,0.0,0,124,192,87
1999-08-22 08:00:00,20.6,84,2.1,40,287,378,141
1999-08-22 09:00:00,20.6,81,2.6,10,451,442,202
1999-08-22 10:00:00,21.7,76,2.6,10,586,467,254
1999-08-22 11:00:00,21.7,76,1.5,360,689,531,255
1999-08-22 12:00:00,23.3,69,3.1,350,736,481,314
1999-08-22 13:00:00,24.4,62,1.5,330,664,294,403
1999-08-22 14:00:00,26.7,51,4.1,320,382,54,336
1999-08-22 15:00:00,27.2,44,2.6,340,690,566,263
1999-08-22 16:00:00,27.8,42,0.0,0,530,603,156
1999-08-22 17:00:00,27.8,42,4.1,330,361,472,147
1999-08-22 18:00:00,27.2,44,2.6,10,179,412,70
1999-08-22 19:00:00,25.6,58,0.0,0,24,96,18
1999-08-22 20:00:00,24.4,62,2.6,150,0,0,0
1999-08-22 21:00:00,23.3,69,4.1,110,0,0,0
1999-08-22 22:00:00,22.2,73,2.6,160,0,0,0
1999-08-22 23:00:00,21.7,76,2.6,210,0,0,0
1999-08-23 00:00:00,21.1,81,2.1,230,0,0,0
1999-08-23 01:00:00,20.6,84,2.6,230,0,0,0
1999-08-23 02:00:00,19.4,90,2.6,220,0,0,0
1999-08-23 03:00:00,19.4,93,2.1,210,0,0,0
1999-08-23 04:00:00,19.4,93,2.1,190,0,0,0
1999-08-23 05:00:00,20.0,90,0.0,0,0,0,0
1999-08-23 06:00:00,20.0,90,1.5,210,0,0,0
1999-08-23 07:00:00,21.7,87,0.0,0,97,43,88
1999-08-23 08:00:00,22.8,84,1.5,80,245,202,167
1999-08-23 09:00:00,24.4,74,1.5,140,471,528,175
1999-08-23 10:00:00,26.7,58,4.1,190,611,589,195
1999-08-23 11:00:00,27.8,55,3.6,180,670,435,316
1999-08-23 12:00:00,28.9,49,4.1,170,432,42,395
1999-08-23 13:00:00,28.9,51,5.7,180,383,42,346
1999-08-23 14:00:00,29.4,46,5.2,170,763,580,275
1999-08-23 15:00:00,30.0,46,4.6,170,603,417,290
1999-08-23 16:00:00,29.4,48,4.1,170,413,225,274
1999-08-23 17:00:00,28.3,55,5.2,180,339,344,185
1999-08-23 18:00:00,27.2,61,6.2,140,33,0,33
1999-08-23 19:00:00,25.6,69,5.2,160,12,0,12
1999-08-23 20:00:00,25.0,64,4.6,150,0,0,0
1999-08-23 21:00:00,25.0,64,4.6,170,0,0,0
1999-08-23 22:00:00,24.4,71,4.1,170,0,0,0
1999-08-23 23:00:00,23.9,76,4.1,180,0,0,0
1999-08-24 00:00:00,22.2,87,4.6,240,0,0,0
1999-08-24 01:00:00,21.1,93,7.2,200,0,0,0
1999-08-24 02:00:00,21.1,93,7.2,210,0,0,0
1999-08-24 03:00:00,20.6,96,2.6,140,0,0,0
1999-08-24 04:00:00,21.7,90,0.0,0,0,0,0
1999-08-24 05:00:00,21.7,93,3.1,110,0,0,0
1999-08-24 06:00:00,21.7,93,3.1,80,0,0,0
1999-08-24 07:00:00,21.7,93,3.1,80,117,129,93
1999-08-24 08:00:00,21.7,93,4.6,100,144,13,139
1999-08-24 09:00:00,22.2,91,4.6,110,199,6,196
1999-08-24 10:00:00,23.3,85,5.7,130,331,30,310
1999-08-24 11:00:00,24.4,82,4.6,120,373,30,348
1999-08-24 12:00:00,26.7,58,4.6,150,712,403,360
1999-08-24 13:00:00,28.9,55,5.7,180,753,528,288
1999-08-24 14:00:00,30.0,48,5.2,160,634,323,363
1999-08-24 15:00:00,29.4,45,6.7,140,597,399,299
1999-08-24 16:00:00,29.4,40,6.2,150,362,148,272
1999-08-24 17:00:00,28.3,46,6.7,160,349,419,163
1999-08-24 18:00:00,26.7,54,7.2,140,163,272,94
1999-08-24 19:00:00,25.6,60,4.6,130,11,0,11
1999-08-24 20:00:00,24.4,64,4.6,130,0,0,0
1999-08-24 21:00:00,23.9,66,5.7,140,0,0,0
1999-08-24 22:00:00,23.3,71,4.6,140,0,0,0
1999-08-24 23:00:00,22.8,76,4.1,160,0,0,0
1999-08-25 00:00:00,22.2,82,2.6,150,0,0,0
1999-08-25 01:00:00,21.7,84,2.6,150,0,0,0
1999-08-25 02:00:00,22.2,84,2.6,140,0,0,0
1999-08-25 03:00:00,21.7,87,0.0,0,0,0,0
1999-08-25 04:00:00,22.2,91,2.1,60,0,0,0
1999-08-25 05:00:00,22.2,91,2.1,60,0,0,0
1999-08-25 06:00:00,22.8,90,2.6,60,0,0,0
1999-08-25 07:00:00,23.3,87,5.7,110,98,79,84
1999-08-25 08:00:00,24.4,85,6.2,110,116,0,116
1999-08-25 09:00:00,25.0,82,5.7,110,219,12,212
1999-08-25 10:00:00,25.0,84,6.2,120,242,12,234
1999-08-25 11:00:00,25.0,84,7.7,130,155,0,155
1999-08-25 12:00:00,24.0,89,7.2,140,183,0,183
1999-08-25 13:00:00,23.3,94,4.1,110,137,0,137
1999-08-25 14:00:00,22.2,97,6.2,120,129,0,129
1999-08-25 15:00:00,22.2,93,2.6,90,115,0,115
1999-08-25 16:00:00,22.2,93,2.1,100,84,0,84
1999-08-25 17:00:00,23.0,94,6.7,90,90,0,90
1999-08-25 18:00:00,22.8,94,6.2,80,60,0,60
1999-08-25 19:00:00,22.8,94,5.2,70,16,27,15
1999-08-25 20:00:00,22.8,94,3.6,50,0,0,0
1999-08-25 21:00:00,22.8,96,2.1,40,0,0,0
1999-08-25 22:00:00,22.2,100,1.5,30,0,0,0
1999-08-25 23:00:00,22.8,96,0.0,0,0,0,0
1999-08-26 00:00:00,23.0,94,2.6,80,0,0,0
1999-08-26 01:00:00,22.8,96,1.5,10,0,0,0
1999-08-26 02:00:00,22.8,96,2.1,40,0,0,0
1999-08-26 03:00:00,22.2,100,3.6,60,0,0,0
1999-08-26 04:00:00,22.2,100,3.1,50,0,0,0
1999-08-26 05:00:00,22.8,96,0.0,0,0,0,0
1999-08-26 06:00:00,22.8,96,1.5,250,0,0,0
1999-08-26 07:00:00,23.3,94,2.1,230,80,22,76
1999-08-26 08:00:00,24.0,89,0.0,0,109,0,109
1999-08-26 09:00:00,25.0,82,2.1,140,425,252,286
1999-08-26 10:00:00,26.1,77,2.1,150,306,42,276
1999-08-26 11:00:00,27.0,74,4.6,180,528,187,377
1999-08-26 12:00:00,28.3,70,3.6,160,475,90,396
1999-08-26 13:00:00,29.4,61,3.6,160,502,102,413
1999-08-26 14:00:00,30.0,63,4.6,170,505,137,390
1999-08-26 15:00:00,29.4,65,4.1,180,637,548,232
1999-08-26 16:00:00,28.9,67,5.2,180,451,343,243
1999-08-26 17:00:00,29.4,65,5.2,180,316,314,179
1999-08-26 18:00:00,26.7,82,6.7,210,28,0,28
1999-08-26 19:00:00,23.3,85,3.1,10,13,46,11
1999-08-26 20:00:00,21.0,100,2.1,170,0,0,0
1999-08-26 21:00:00,21.7,96,1.5,110,0,0,0
1999-08-26 22:00:00,22.2,97,3.6,170,0,0,0
1999-08-26 23:00:00,22.0,94,3.6,190,0,0,0
1999-08-27 00:00:00,21.7,96,4.1,270,0,0,0
1999-08-27 01:00:00,21.7,93,0.0,0,0,0,0
1999-08-27 02:00:00,21.7,93,0.0,0,0,0,0
1999-08-27 03:00:00,21.1,97,2.1,230,0,0,0
1999-08-27 04:00:00,21.1,97,0.0,0,0,0,0
1999-08-27 05:00:00,21.7,90,0.0,0,0,0,0
1999-08-27 06:00:00,21.1,93,2.1,360,0,0,0
1999-08-27 07:00:00,21.7,93,2.1,360,111,153,83
1999-08-27 08:00:00,22.8,87,1.5,350,210,120,165
1999-08-27 09:00:00,23.9,79,3.1,350,439,399,219
1999-08-27 10:00:00,25.0,71,2.1,20,612,601,193
1999-08-27 11:00:00,26.1,69,1.5,60,758,706,189
1999-08-27 12:00:00,27.2,56,1.5,90,791,619,255
1999-08-27 13:00:00,28.3,55,2.6,120,747,510,302
1999-08-27 14:00:00,28.3,57,3.6,160,593,275,364
1999-08-27 15:00:00,28.9,57,4.6,180,516,226,350
1999-08-27 16:00:00,28.3,59,4.1,170,334,112,266
1999-08-27 17:00:00,28.3,53,0.0,0,79,0,79
1999-08-27 18:00:00,24.4,79,9.3,260,64,0,64
1999-08-27 19:00:00,22.8,84,0.0,0,7,0,7
1999-08-27 20:00:00,22.8,87,2.1,350,0,0,0
1999-08-27 21:00:00,23.3,85,4.1,330,0,0,0
1999-08-27 22:00:00,22.8,90,3.1,340,0,0,0
1999-08-27 23:00:00,22.8,87,1.5,210,0,0,0
1999-08-28 00:00:00,22.2,91,2.1,360,0,0,0
1999-08-28 01:00:00,22.2,87,2.1,290,0,0,0
1999-08-28 02:00:00,21.7,93,0.0,0,0,0,0
1999-08-28 03:00:00,21.1,93,2.1,230,0,0,0
1999-08-28 04:00:00,21.7,90,1.5,310,0,0,0
1999-08-28 05:00:00,21.1,90,1.5,330,0,0,0
1999-08-28 06:00:00,21.1,90,0.0,0,0,0,0
1999-08-28 07:00:00,22.2,84,0.0,0,112,161,83
1999-08-28 08:00:00,23.9,79,2.1,350,254,317,137
1999-08-28 09:00:00,25.6,69,4.1,330,432,424,200
1999-08-28 10:00:00,26.7,64,4.6,320,612,607,190
1999-08-28 11:00:00,28.3,61,4.6,310,758,712,186
1999-08-28 12:00:00,28.9,57,4.6,330,822,716,205
1999-08-28 13:00:00,30.0,51,4.6,320,837,756,179
1999-08-28 14:00:00,30.0,51,1.5,280,780,652,242
1999-08-28 15:00:00,31.1,48,4.6,240,533,268,337
1999-08-28 16:00:00,30.6,50,4.1,260,472,431,215
1999-08-28 17:00:00,30.6,48,5.2,290,326,459,130
1999-08-28 18:00:00,30.0,50,2.1,320,146,302,74
1999-08-28 19:00:00,27.8,58,2.6,350,11,50,9
1999-08-28 20:00:00,27.2,65,0.0,0,0,0,0
1999-08-28 21:00:00,25.6,76,2.1,210,0,0,0
1999-08-28 22:00:00,25.0,82,2.1,200,0,0,0
1999-08-28 23:00:00,24.4,85,2.6,210,0,0,0
1999-08-29 00:00:00,24.4,82,2.1,200,0,0,0
1999-08-29 01:00:00,24.4,76,2.1,210,0,0,0
1999-08-29 02:00:00,23.3,85,3.6,190,0,0,0
1999-08-29 03:00:00,22.8,84,3.1,220,0,0,0
1999-08-29 04:00:00,22.8,84,2.6,220,0,0,0
1999-08-29 05:00:00,22.2,87,2.6,200,0,0,0
1999-08-29 06:00:00,22.2,87,1.5,220,0,0,0
1999-08-29 07:00:00,22.8,84,2.6,200,123,198,89
1999-08-29 08:00:00,24.4,76,1.5,130,298,488,118
1999-08-29 09:00:00,28.9,61,1.5,220,479,614,144
1999-08-29 10:00:00,30.6,53,5.2,300,625,668,162
1999-08-29 11:00:00,31.1,54,5.2,310,739,718,165
1999-08-29 12:00:00,31.1,54,4.1,280,791,631,249
1999-08-29 13:00:00,30.6,53,4.1,300,759,546,286
1999-08-29 14:00:00,32.2,50,5.2,330,452,102,368
1999-08-29 15:00:00,32.2,49,6.2,320,625,482,273
1999-08-29 16:00:00,31.7,45,6.2,340,444,354,234
1999-08-29 17:00:00,31.7,44,4.1,310,304,383,142
1999-08-29 18:00:00,30.0,36,8.2,350,136,258,76
1999-08-29 19:00:00,27.8,41,8.8,10,9,21,8
1999-08-29 20:00:00,26.7,38,7.2,10,0,0,0
1999-08-29 21:00:00,25.0,40,7.7,360,0,0,0
1999-08-29 22:00:00,23.9,48,9.3,10,0,0,0
1999-08-29 23:00:00,22.2,46,8.8,10,0,0,0
1999-08-30 00:00:00,21.1,47,11.3,20,0,0,0
1999-08-30 01:00:00,20.0,50,10.3,10,0,0,0
1999-08-30 02:00:00,18.9,54,6.7,20,0,0,0
1999-08-30 03:00:00,18.3,56,7.7,10,0,0,0
1999-08-30 04:00:00,17.8,54,8.8,20,0,0,0
1999-08-30 05:00:00,17.2,56,8.2,10,0,0,0
1999-08-30 06:00:00,16.7,58,8.2,20,0,0,0
1999-08-30 07:00:00,16.7,58,8.8,10,62,0,62
1999-08-30 08:00:00,17.2,58,8.8,30,262,241,174
1999-08-30 09:00:00,18.3,56,8.2,20,166,0,166
1999-08-30 10:00:00,19.4,51,9.3,20,510,279,318
1999-08-30 11:00:00,20.6,49,9.3,30,441,103,359
1999-08-30 12:00:00,21.7,45,10.3,40,615,265,388
1999-08-30 13:00:00,21.7,44,11.3,10,627,282,384
1999-08-30 14:00:00,21.1,44,9.8,20,334,24,315
1999-08-30 15:00:00,21.1,44,8.8,30,321,24,304
1999-08-30 16:00:00,21.1,42,8.2,30,261,24,247
1999-08-30 17:00:00,20.6,45,10.3,30,136,6,134
1999-08-30 18:00:00,20.6,47,9.3,20,108,98,86
1999-08-30 19:00:00,20.0,49,7.2,30,5,0,5
1999-08-30 20:00:00,20.0,50,5.7,20,0,0,0
1999-08-30 21:00:00,19.4,52,6.7,20,0,0,0
1999-08-30 22:00:00,19.4,54,6.2,10,0,0,0
1999-08-30 23:00:00,19.4,57,6.2,20,0,0,0
1999-08-31 00:00:00,19.4,54,5.7,20,0,0,0
1999-08-31 01:00:00,18.9,59,6.2,10,0,0,0
1999-08-31 02:00:00,18.9,59,6.7,20,0,0,0
1999-08-31 03:00:00,18.3,58,6.7,20,0,0,0
1999-08-31 04:00:00,17.8,63,6.7,20,0,0,0
1999-08-31 05:00:00,17.8,63,6.2,20,0,0,0
1999-08-31 06:00:00,17.8,63,5.7,10,0,0,0
1999-08-31 07:00:00,18.3,61,6.7,20,105,119,85
1999-08-31 08:00:00,18.3,61,7.2,20,161,25,151
1999-08-31 09:00:00,19.4,59,7.2,30,306,98,253
1999-08-31 10:00:00,21.1,55,7.7,40,262,12,253
1999-08-31 11:00:00,21.7,57,7.7,40,329,18,315
1999-08-31 12:00:00,22.8,51,6.7,30,432,48,391
1999-08-31 13:00:00,22.8,51,5.7,20,251,6,246
1999-08-31 14:00:00,22.8,53,6.7,40,328,18,314
1999-08-31 15:00:00,22.8,50,7.7,20,223,6,219
1999-08-31 16:00:00,22.8,50,6.2,10,128,0,128
1999-08-31 17:00:00,22.8,48,5.2,10,125,0,125
1999-08-31 18:00:00,22.2,53,4.6,10,54,0,54
1999-08-31 19:00:00,21.7,57,5.7,10,3,0,3
1999-08-31 20:00:00,21.1,59,5.7,10,0,0,0
1999-08-31 21:00:00,21.1,53,5.7,20,0,0,0
1999-08-31 22:00:00,21.6,61,5.1,20,0,0,0
1999-08-31 23:00:00,22.0,59,4.5,20,0,0,0
1999-09-01 00:00:00,22.5,57,3.9,20,0,0,0
2000-09-01 01:00:00,23.0,97,3.3,140,0,0,0
2000-09-01 02:00:00,23.5,94,2.7,150,0,0,0
2000-09-01 03:00:00,23.9,97,2.1,170,0,0,0
2000-09-01 04:00:00,24.4,97,1.5,140,0,0,0
2000-09-01 05:00:00,23.9,100,1.5,140,0,0,0
2000-09-01 06:00:00,23.9,100,1.5,150,0,0,0
2000-09-01 07:00:00,24.4,100,3.1,150,65,0,65
2000-09-01 08:00:00,25.6,93,2.6,150,110,0,110
2000-09-01 09:00:00,26.1,90,2.1,160,247,43,224
2000-09-01 10:00:00,27.2,85,3.1,190,555,364,307
2000-09-01 11:00:00,28.3,77,3.1,190,702,610,221
2000-09-01 12:00:00,29.4,70,4.1,160,554,198,385
2000-09-01 13:00:00,30.0,67,3.6,170,794,558,318
2000-09-01 14:00:00,30.0,70,4.6,190,574,263,361
2000-09-01 15:00:00,27.2,82,2.6,200,481,190,345
2000-09-01 16:00:00,28.9,82,2.6,120,454,425,209
2000-09-01 17:00:00,28.3,79,4.1,160,287,336,150
2000-09-01 18:00:00,27.8,79,2.6,150,137,369,58
2000-09-01 19:00:00,26.7,85,4.6,160,2,0,2
2000-09-01 20:00:00,25.6,90,1.5,150,0,0,0
2000-09-01 21:00:00,25.6,87,3.6,160,0,0,0
2000-09-01 22:00:00,24.4,94,2.6,170,0,0,0
2000-09-01 23:00:00,24.4,94,2.1,140,0,0,0
2000-09-02 00:00:00,24.0,100,3.1,130,0,0,0
2000-09-02 01:00:00,24.4,97,2.6,160,0,0,0
2000-09-02 02:00:00,24.4,97,1.5,160,0,0,0
2000-09-02 03:00:00,24.4,97,2.1,150,0,0,0
2000-09-02 04:00:00,24.4,97,1.5,140,0,0,0
2000-09-02 05:00:00,24.0,100,2.6,160,0,0,0
2000-09-02 06:00:00,24.4,97,2.6,170,0,0,0
2000-09-02 07:00:00,25.0,94,2.1,180,22,0,22
2000-09-02 08:00:00,25.6,93,2.1,180,51,0,51
2000-09-02 09:00:00,26.1,90,2.6,160,300,111,241
2000-09-02 10:00:00,26.7,87,2.1,190,390,91,328
2000-09-02 11:00:00,27.2,85,0.0,0,454,91,382
2000-09-02 12:00:00,27.8,82,1.5,150,499,120,397
2000-09-02 13:00:00,28.3,79,2.1,70,603,276,368
2000-09-02 14:00:00,27.2,85,5.2,100,316,30,292
2000-09-02 15:00:00,23.3,91,5.7,150,126,0,126
2000-09-02 16:00:00,23.9,96,0.0,0,83,0,83
2000-09-02 17:00:00,24.4,97,0.0,0,52,0,52
2000-09-02 18:00:00,23.9,94,3.1,160,57,0,57
2000-09-02 19:00:00,23.9,94,0.0,0,3,14,2
2000-09-02 20:00:00,23.9,94,0.0,0,0,0,0
2000-09-02 21:00:00,23.9,94,2.1,160,0,0,0
2000-09-02 22:00:00,23.0,100,1.5,210,0,0,0
2000-09-02 23:00:00,23.3,94,1.5,210,0,0,0
2000-09-03 00:00:00,23.3,97,0.0,0,0,0,0
2000-09-03 01:00:00,23.3,97,1.5,120,0,0,0
2000-09-03 02:00:00,22.8,96,1.5,130,0,0,0
2000-09-03 03:00:00,22.8,96,0.0,0,0,0,0
2000-09-03 04:00:00,22.8,96,0.0,0,0,0,0
2000-09-03 05:00:00,22.8,100,1.5,110,0,0,0
2000-09-03 06:00:00,22.8,100,0.0,0,0,0,0
2000-09-03 07:00:00,23.3,97,1.5,120,100,114,82
2000-09-03 08:00:00,23.9,94,0.0,0,169,32,158
2000-09-03 09:00:00,23.9,96,1.5,140,267,43,244
2000-09-03 10:00:00,25.6,87,3.1,170,351,43,323
2000-09-03 11:00:00,26.1,88,3.6,170,404,42,371
2000-09-03 12:00:00,26.7,85,5.7,170,444,54,399
2000-09-03 13:00:00,26.7,85,4.1,180,418,36,387
2000-09-03 14:00:00,27.2,82,3.6,170,445,96,368
2000-09-03 15:00:00,28.3,74,0.0,0,383,83,324
2000-09-03 16:00:00,27.8,77,0.0,0,177,6,174
2000-09-03 17:00:00,24.4,94,5.7,160,125,0,125
2000-09-03 18:00:00,23.9,96,2.1,70,22,0,22
2000-09-03 19:00:00,23.9,96,0.0,0,1,0,1
2000-09-03 20:00:00,23.9,100,2.1,60,0,0,0
2000-09-03 21:00:00,23.9,100,2.1,160,0,0,0
2000-09-03 22:00:00,23.9,96,0.0,0,0,0,0
2000-09-03 23:00:00,23.9,94,0.0,0,0,0,0
2000-09-04 00:00:00,23.3,97,3.1,220,0,0,0
2000-09-04 01:00:00,23.3,97,1.5,250,0,0,0
2000-09-04 02:00:00,23.3,97,0.0,0,0,0,0
2000-09-04 03:00:00,22.8,96,1.5,270,0,0,0
2000-09-04 04:00:00,22.8,100,2.1,330,0,0,0
2000-09-04 05:00:00,22.8,100,1.5,330,0,0,0
2000-09-04 06:00:00,22.8,96,3.1,330,0,0,0
2000-09-04 07:00:00,23.3,94,2.1,320,56,0,56
2000-09-04 08:00:00,23.9,90,3.1,300,170,45,154
2000-09-04 09:00:00,25.0,88,3.6,320,334,154,253
2000-09-04 10:00:00,25.6,87,2.6,310,351,55,315
2000-09-04 11:00:00,27.2,82,2.6,360,497,163,370
2000-09-04 12:00:00,27.8,77,0.0,0,645,319,378
2000-09-04 13:00:00,28.3,77,2.6,160,752,534,302
2000-09-04 14:00:00,27.8,79,2.1,110,357,48,319
2000-09-04 15:00:00,26.7,87,2.1,170,109,0,109
2000-09-04 16:00:00,28.9,72,1.5,140,293,94,239
2000-09-04 17:00:00,23.3,87,6.2,330,171,29,160
2000-09-04 18:00:00,23.9,88,2.1,190,26,0,26
2000-09-04 19:00:00,23.9,90,3.1,200,0,0,0
2000-09-04 20:00:00,23.3,91,2.1,280,0,0,0
2000-09-04 21:00:00,23.3,94,4.1,350,0,0,0
2000-09-04 22:00:00,22.8,87,7.7,10,0,0,0
2000-09-04 23:00:00,22.2,82,8.2,10,0,0,0
2000-09-05 00:00:00,20.6,81,8.2,10,0,0,0
2000-09-05 01:00:00,20.0,76,6.7,20,0,0,0
2000-09-05 02:00:00,18.3,81,7.2,10,0,0,0
2000-09-05 03:00:00,18.3,73,7.7,20,0,0,0
2000-09-05 04:00:00,17.8,75,7.2,20,0,0,0
2000-09-05 05:00:00,17.2,75,7.7,30,0,0,0
2000-09-05 06:00:00,17.2,72,8.2,30,0,0,0
2000-09-05 07:00:00,16.7,67,8.2,30,34,0,34
2000-09-05 08:00:00,16.7,67,9.3,30,133,6,131
2000-09-05 09:00:00,16.7,70,7.2,30,294,86,249
2000-09-05 10:00:00,16.7,67,7.7,30,364,79,311
2000-09-05 11:00:00,17.2,63,7.2,50,441,97,366
2000-09-05 12:00:00,17.8,65,6.7,50,395,36,365
2000-09-05 13:00:00,18.9,61,5.2,80,585,258,368
2000-09-05 14:00:00,20.0,59,6.2,50,726,627,228
2000-09-05 15:00:00,20.6,59,5.7,20,663,737,148
2000-09-05 16:00:00,20.6,54,6.2,30,497,678,117
2000-09-05 17:00:00,20.0,57,6.2,80,320,595,90
2000-09-05 18:00:00,19.4,63,6.2,70,123,379,50
2000-09-05 19:00:00,17.8,65,3.6,60,0,0,0
2000-09-05 20:00:00,17.2,67,4.6,60,0,0,0
2000-09-05 21:00:00,16.7,70,4.6,50,0,0,0
2000-09-05 22:00:00,16.1,70,4.1,50,0,0,0
2000-09-05 23:00:00,15.0,75,4.1,60,0,0,0
2000-09-06 00:00:00,15.0,75,3.6,50,0,0,0
2000-09-06 01:00:00,13.9,80,3.6,30,0,0,0
2000-09-06 02:00:00,13.9,77,4.1,40,0,0,0
2000-09-06 03:00:00,13.9,77,3.6,40,0,0,0
2000-09-06 04:00:00,13.3,80,4.1,30,0,0,0
2000-09-06 05:00:00,13.3,80,4.6,40,0,0,0
2000-09-06 06:00:00,12.8,80,4.1,30,0,0,0
2000-09-06 07:00:00,13.9,74,5.7,40,105,179,78
2000-09-06 08:00:00,15.6,75,6.2,40,281,498,110
2000-09-06 09:00:00,17.2,72,6.2,50,468,615,147
2000-09-06 10:00:00,18.9,70,5.2,50,626,632,204
2000-09-06 11:00:00,20.0,61,5.2,90,597,356,321
2000-09-06 12:00:00,20.6,61,4.6,70,657,361,357
2000-09-06 13:00:00,20.0,65,6.2,50,603,270,377
2000-09-06 14:00:00,21.1,63,5.7,40,655,472,282
2000-09-06 15:00:00,20.6,63,5.2,80,520,333,289
2000-09-06 16:00:00,20.0,65,7.2,60,408,336,222
2000-09-06 17:00:00,19.4,66,6.7,70,263,288,153
2000-09-06 18:00:00,19.4,63,3.6,60,72,48,63
2000-09-06 19:00:00,18.9,70,4.1,90,0,0,0
2000-09-06 20:00:00,18.3,70,4.6,80,0,0,0
2000-09-06 21:00:00,18.3,70,5.2,80,0,0,0
2000-09-06 22:00:00,17.2,70,3.6,100,0,0,0
2000-09-06 23:00:00,16.1,75,2.6,110,0,0,0
2000-09-07 00:00:00,15.6,80,2.6,70,0,0,0
2000-09-07 01:00:00,15.6,78,1.5,50,0,0,0
2000-09-07 02:00:00,14.4,87,1.5,20,0,0,0
2000-09-07 03:00:00,14.4,90,3.6,50,0,0,0
2000-09-07 04:00:00,13.9,89,3.6,20,0,0,0
2000-09-07 05:00:00,13.9,89,4.6,40,0,0,0
2000-09-07 06:00:00,13.9,93,3.6,20,0,0,0
2000-09-07 07:00:00,15.0,87,3.1,60,95,164,71
2000-09-07 08:00:00,17.2,70,3.1,100,275,530,93
2000-09-07 09:00:00,18.3,65,3.6,80,469,665,123
2000-09-07 10:00:00,18.9,65,2.1,60,633,747,135
2000-09-07 11:00:00,20.0,61,2.1,40,740,791,130
2000-09-07 12:00:00,20.6,63,2.6,20,815,812,143
2000-09-07 13:00:00,21.1,61,0.0,0,818,809,143
2000-09-07 14:00:00,21.7,61,1.5,70,760,789,141
2000-09-07 15:00:00,22.2,59,2.6,130,656,767,128
2000-09-07 16:00:00,22.2,61,4.1,180,496,707,107
2000-09-07 17:00:00,22.2,61,0.0,0,308,588,87
2000-09-07 18:00:00,20.6,70,4.1,130,117,376,48
2000-09-07 19:00:00,19.4,73,3.6,130,0,0,0
2000-09-07 20:00:00,18.3,81,2.6,140,0,0,0
2000-09-07 21:00:00,18.3,78,3.1,140,0,0,0
2000-09-07 22:00:00,17.8,78,3.6,180,0,0,0
2000-09-07 23:00:00,17.2,81,3.6,180,0,0,0
2000-09-08 00:00:00,16.1,87,1.5,220,0,0,0
2000-09-08 01:00:00,15.6,90,1.5,220,0,0,0
2000-09-08 02:00:00,15.0,93,3.1,220,0,0,0
2000-09-08 03:00:00,15.0,96,2.6,220,0,0,0
2000-09-08 04:00:00,15.0,96,2.6,220,0,0,0
2000-09-08 05:00:00,15.0,100,2.6,240,0,0,0
2000-09-08 06:00:00,16.1,97,2.1,210,0,0,0
2000-09-08 07:00:00,16.7,100,2.6,210,60,0,60
2000-09-08 08:00:00,17.8,96,3.6,210,179,83,150
2000-09-08 09:00:00,18.9,93,3.1,210,409,388,208
2000-09-08 10:00:00,20.6,87,3.6,160,608,650,177
2000-09-08 11:00:00,22.2,73,4.1,220,715,694,182
2000-09-08 12:00:00,22.8,68,3.6,200,724,559,263
2000-09-08 13:00:00,23.3,71,4.1,210,621,306,367
2000-09-08 14:00:00,25.0,69,4.6,170,585,311,342
2000-09-08 15:00:00,23.9,66,5.2,240,616,541,246
2000-09-08 16:00:00,23.9,66,3.6,210,319,153,236
2000-09-08 17:00:00,23.9,69,4.1,220,251,265,153
2000-09-08 18:00:00,23.3,71,3.1,210,70,53,61
2000-09-08 19:00:00,23.3,71,3.1,210,0,0,0
2000-09-08 20:00:00,22.2,79,2.1,200,0,0,0
2000-09-08 21:00:00,21.7,87,2.1,200,0,0,0
2000-09-08 22:00:00,21.1,90,1.5,170,0,0,0
2000-09-08 23:00:00,21.1,90,2.6,190,0,0,0
2000-09-09 00:00:00,20.6,90,3.1,190,0,0,0
2000-09-09 01:00:00,20.6,90,2.1,200,0,0,0
2000-09-09 02:00:00,20.6,90,3.1,180,0,0,0
2000-09-09 03:00:00,20.6,87,3.6,200,0,0,0
2000-09-09 04:00:00,20.0,93,3.1,200,0,0,0
2000-09-09 05:00:00,20.0,93,1.5,210,0,0,0
2000-09-09 06:00:00,20.0,93,2.1,210,0,0,0
2000-09-09 07:00:00,20.6,90,3.6,190,61,0,61
2000-09-09 08:00:00,21.1,90,2.1,190,216,198,149
2000-09-09 09:00:00,22.2,84,2.6,190,282,92,234
2000-09-09 10:00:00,23.3,85,2.6,160,467,255,299
2000-09-09 11:00:00,23.9,84,3.6,170,479,157,359
2000-09-09 12:00:00,25.0,79,3.6,170,627,307,375
2000-09-09 13:00:00,26.1,77,3.1,160,680,426,329
2000-09-09 14:00:00,27.2,69,4.6,170,550,287,327
2000-09-09 15:00:00,26.7,69,3.1,170,154,6,150
2000-09-09 16:00:00,27.8,67,2.6,180,489,506,215
2000-09-09 17:00:00,26.7,74,3.1,170,281,420,127
2000-09-09 18:00:00,26.1,74,3.1,230,65,47,57
2000-09-09 19:00:00,25.6,76,2.1,200,0,0,0
2000-09-09 20:00:00,25.0,82,1.5,200,0,0,0
2000-09-09 21:00:00,23.3,91,1.5,210,0,0,0
2000-09-09 22:00:00,23.3,85,2.1,210,0,0,0
2000-09-09 23:00:00,22.2,93,2.1,160,0,0,0
2000-09-10 00:00:00,22.2,91,1.5,150,0,0,0
2000-09-10 01:00:00,22.2,93,0.0,0,0,0,0
2000-09-10 02:00:00,21.1,97,1.5,130,0,0,0
2000-09-10 03:00:00,21.1,97,1.5,140,0,0,0
2000-09-10 04:00:00,20.6,100,0.0,0,0,0,0
2000-09-10 05:00:00,20.6,100,0.0,0,0,0,0
2000-09-10 06:00:00,20.6,100,0.0,0,0,0,0
2000-09-10 07:00:00,21.1,97,0.0,0,88,128,70
2000-09-10 08:00:00,22.2,93,1.5,70,254,448,105
2000-09-10 09:00:00,23.9,88,1.5,40,449,641,122
2000-09-10 10:00:00,27.2,74,0.0,0,595,632,180
2000-09-10 11:00:00,27.2,69,1.5,140,721,737,160
2000-09-10 12:00:00,28.3,63,3.6,170,797,758,177
2000-09-10 13:00:00,28.3,65,3.1,130,752,629,234
2000-09-10 14:00:00,28.9,65,3.1,130,678,573,234
2000-09-10 15:00:00,28.3,65,4.1,130,616,660,170
2000-09-10 16:00:00,28.3,65,4.6,120,467,647,120
2000-09-10 17:00:00,27.2,62,3.6,130,291,540,95
2000-09-10 18:00:00,26.1,79,4.1,170,93,219,56
2000-09-10 19:00:00,25.0,79,2.6,200,0,0,0
2000-09-10 20:00:00,24.4,85,2.6,160,0,0,0
2000-09-10 21:00:00,23.3,85,2.6,150,0,0,0
2000-09-10 22:00:00,22.8,81,3.6,160,0,0,0
2000-09-10 23:00:00,22.2,87,4.1,160,0,0,0
2000-09-11 00:00:00,21.7,90,4.6,170,0,0,0
2000-09-11 01:00:00,21.1,93,3.6,160,0,0,0
2000-09-11 02:00:00,20.6,96,3.6,150,0,0,0
2000-09-11 03:00:00,20.6,96,2.6,170,0,0,0
2000-09-11 04:00:00,20.6,96,1.5,200,0,0,0
2000-09-11 05:00:00,20.6,96,2.1,200,0,0,0
2000-09-11 06:00:00,20.6,96,2.1,190,0,0,0
2000-09-11 07:00:00,20.6,100,3.6,170,51,0,51
2000-09-11 08:00:00,21.7,93,3.1,170,142,83,115
2000-09-11 09:00:00,22.2,91,4.1,170,450,536,178
2000-09-11 10:00:00,23.9,79,4.1,180,595,644,174
2000-09-11 11:00:00,25.0,74,3.6,160,696,670,188
2000-09-11 12:00:00,25.0,77,3.6,160,760,656,227
2000-09-11 13:00:00,26.1,69,3.6,170,573,264,357
2000-09-11 14:00:00,27.8,67,4.1,180,748,669,233
2000-09-11 15:00:00,26.7,67,4.6,180,376,107,304
2000-09-11 16:00:00,26.1,69,3.1,160,302,82,258
2000-09-11 17:00:00,25.6,69,3.6,150,183,69,159
2000-09-11 18:00:00,25.6,64,4.1,170,60,36,54
2000-09-11 19:00:00,24.4,76,3.1,150,0,0,0
2000-09-11 20:00:00,23.9,84,3.6,150,0,0,0
2000-09-11 21:00:00,23.3,85,4.1,160,0,0,0
2000-09-11 22:00:00,22.8,87,4.6,170,0,0,0
2000-09-11 23:00:00,22.8,87,4.6,170,0,0,0
2000-09-12 00:00:00,22.8,90,4.6,180,0,0,0
2000-09-12 01:00:00,22.2,93,5.2,180,0,0,0
2000-09-12 02:00:00,21.7,96,3.6,150,0,0,0
2000-09-12 03:00:00,21.1,97,3.6,200,0,0,0
2000-09-12 04:00:00,21.7,93,3.1,210,0,0,0
2000-09-12 05:00:00,21.1,97,3.1,200,0,0,0
2000-09-12 06:00:00,22.0,94,4.1,190,0,0,0
2000-09-12 07:00:00,21.7,96,4.1,190,79,74,69
2000-09-12 08:00:00,23.0,94,4.6,180,113,0,113
2000-09-12 09:00:00,23.9,88,4.6,190,269,86,225
2000-09-12 10:00:00,24.4,88,6.2,180,589,559,225
2000-09-12 11:00:00,25.6,85,6.2,170,721,755,152
2000-09-12 12:00:00,26.7,74,6.2,190,785,758,170
2000-09-12 13:00:00,27.2,74,6.2,180,745,629,233
2000-09-12 14:00:00,27.8,72,6.7,170,730,735,168
2000-09-12 15:00:00,27.8,65,6.2,200,609,642,181
2000-09-12 16:00:00,27.8,72,6.7,180,433,506,167
2000-09-12 17:00:00,27.8,69,5.2,190,279,539,89
2000-09-12 18:00:00,26.7,71,5.7,190,94,319,44
2000-09-12 19:00:00,25.6,82,4.6,170,0,0,0
2000-09-12 20:00:00,25.0,84,4.1,180,0,0,0
2000-09-12 21:00:00,24.4,91,4.1,170,0,0,0
2000-09-12 22:00:00,24.4,88,5.2,180,0,0,0
2000-09-12 23:00:00,23.9,88,4.6,200,0,0,0
2000-09-13 00:00:00,23.9,88,5.2,200,0,0,0
2000-09-13 01:00:00,23.3,91,4.1,190,0,0,0
2000-09-13 02:00:00,23.3,91,4.1,190,0,0,0
2000-09-13 03:00:00,23.3,91,2.6,190,0,0,0
2000-09-13 04:00:00,22.8,94,2.6,180,0,0,0
2000-09-13 05:00:00,22.8,90,2.6,210,0,0,0
2000-09-13 06:00:00,22.8,90,2.1,230,0,0,0
2000-09-13 07:00:00,23.3,85,3.6,340,67,33,63
2000-09-13 08:00:00,24.4,79,4.1,330,128,6,126
2000-09-13 09:00:00,26.1,72,5.7,350,249,43,227
2000-09-13 10:00:00,26.1,69,5.7,320,525,383,277
2000-09-13 11:00:00,27.2,67,5.2,10,715,719,175
2000-09-13 12:00:00,28.3,63,5.7,290,754,674,211
2000-09-13 13:00:00,28.3,61,4.6,360,716,569,254
2000-09-13 14:00:00,28.3,59,4.6,310,625,454,280
2000-09-13 15:00:00,28.3,57,3.6,320,609,653,176
2000-09-13 16:00:00,27.8,56,3.1,340,460,670,110
2000-09-13 17:00:00,27.2,56,4.1,310,273,510,96
2000-09-13 18:00:00,26.1,56,5.2,320,85,261,45
2000-09-13 19:00:00,23.9,62,4.6,350,0,0,0
2000-09-13 20:00:00,23.3,62,4.1,360,0,0,0
2000-09-13 21:00:00,23.3,55,5.2,360,0,0,0
2000-09-13 22:00:00,22.2,66,4.1,60,0,0,0
2000-09-13 23:00:00,21.1,73,2.6,70,0,0,0
2000-09-14 00:00:00,20.0,73,2.1,30,0,0,0
2000-09-14 01:00:00,20.0,78,1.5,50,0,0,0
2000-09-14 02:00:00,19.4,73,2.1,20,0,0,0
2000-09-14 03:00:00,19.4,81,0.0,0,0,0,0
2000-09-14 04:00:00,18.3,84,2.6,350,0,0,0
2000-09-14 05:00:00,18.9,84,2.6,60,0,0,0
2000-09-14 06:00:00,18.9,75,3.1,70,0,0,0
2000-09-14 07:00:00,18.9,78,2.6,20,55,0,55
2000-09-14 08:00:00,20.0,73,2.6,50,242,328,136
2000-09-14 09:00:00,21.7,70,1.5,30,215,25,203
2000-09-14 10:00:00,23.3,60,0.0,0,186,6,182
2000-09-14 11:00:00,24.4,58,1.5,70,572,320,333
2000-09-14 12:00:00,25.0,60,2.6,150,335,36,306
2000-09-14 13:00:00,25.6,64,4.1,180,656,378,351
2000-09-14 14:00:00,26.1,69,3.1,190,701,561,276
2000-09-14 15:00:00,26.1,74,4.6,200,279,65,236
2000-09-14 16:00:00,26.1,74,4.6,180,421,317,257
2000-09-14 17:00:00,25.6,76,5.2,150,141,29,131
2000-09-14 18:00:00,24.4,79,5.2,160,53,41,47
2000-09-14 19:00:00,23.9,82,4.1,150,0,0,0
2000-09-14 20:00:00,23.3,91,4.1,180,0,0,0
2000-09-14 21:00:00,23.9,90,6.7,190,0,0,0
2000-09-14 22:00:00,23.3,87,4.6,190,0,0,0
2000-09-14 23:00:00,22.8,94,5.7,190,0,0,0
2000-09-15 00:00:00,22.2,100,5.2,160,0,0,0
2000-09-15 01:00:00,22.2,100,4.6,190,0,0,0
2000-09-15 02:00:00,22.8,100,3.1,240,0,0,0
2000-09-15 03:00:00,22.8,90,3.1,300,0,0,0
2000-09-15 04:00:00,22.8,71,3.6,300,0,0,0
2000-09-15 05:00:00,21.1,78,5.7,330,0,0,0
2000-09-15 06:00:00,20.6,73,4.1,320,0,0,0
2000-09-15 07:00:00,20.0,73,5.2,310,70,59,63
2000-09-15 08:00:00,20.0,73,5.7,320,242,425,107
2000-09-15 09:00:00,21.1,63,8.8,330,424,574,140
2000-09-15 10:00:00,21.1,59,6.2,350,596,681,160
2000-09-15 11:00:00,22.2,51,7.2,330,690,707,164
2000-09-15 12:00:00,22.8,51,5.2,320,766,662,237
2000-09-15 13:00:00,22.8,51,6.2,310,578,306,333
2000-09-15 14:00:00,23.9,46,7.7,290,671,591,227
2000-09-15 15:00:00,23.3,50,7.2,290,591,623,184
2000-09-15 16:00:00,22.2,48,5.7,290,420,464,183
2000-09-15 17:00:00,18.3,58,12.4,310,176,103,141
2000-09-15 18:00:00,17.2,60,10.3,310,45,10,43
2000-09-15 19:00:00,16.1,64,5.7,300,0,0,0
2000-09-15 20:00:00,15.6,64,7.7,300,0,0,0
2000-09-15 21:00:00,15.0,67,4.6,290,0,0,0
2000-09-15 22:00:00,14.4,67,4.1,300,0,0,0
2000-09-15 23:00:00,13.9,72,5.2,280,0,0,0
2000-09-16 00:00:00,13.9,69,4.1,300,0,0,0
2000-09-16 01:00:00,13.9,67,4.1,280,0,0,0
2000-09-16 02:00:00,13.3,69,4.6,290,0,0,0
2000-09-16 03:00:00,12.8,72,4.1,330,0,0,0
2000-09-16 04:00:00,12.2,77,4.1,320,0,0,0
2000-09-16 05:00:00,12.2,80,5.2,310,0,0,0
2000-09-16 06:00:00,12.2,80,4.1,320,0,0,0
2000-09-16 07:00:00,12.8,80,5.2,310,72,77,63
2000-09-16 08:00:00,14.4,75,6.2,320,250,490,96
2000-09-16 09:00:00,16.7,70,5.2,310,438,660,113
2000-09-16 10:00:00,17.2,65,3.6,340,596,693,154
2000-09-16 11:00:00,17.8,60,3.1,320,678,592,239
2000-09-16 12:00:00,19.4,57,6.7,300,237,12,228
2000-09-16 13:00:00,18.3,56,7.2,320,268,12,259
2000-09-16 14:00:00,18.3,54,6.7,340,397,72,343
2000-09-16 15:00:00,18.9,56,8.2,330,381,131,296
2000-09-16 16:00:00,18.9,61,6.7,340,436,564,151
2000-09-16 17:00:00,18.3,56,4.6,330,261,502,94
2000-09-16 18:00:00,17.2,60,5.2,310,77,280,39
2000-09-16 19:00:00,16.7,62,5.2,310,0,0,0
2000-09-16 20:00:00,15.6,62,4.6,310,0,0,0
2000-09-16 21:00:00,15.0,64,5.7,320,0,0,0
2000-09-16 22:00:00,14.4,67,3.6,310,0,0,0
2000-09-16 23:00:00,13.3,72,3.1,290,0,0,0
2000-09-17 00:00:00,12.8,74,4.1,270,0,0,0
2000-09-17 01:00:00,12.2,74,3.1,280,0,0,0
2000-09-17 02:00:00,12.2,74,4.1,280,0,0,0
2000-09-17 03:00:00,11.7,77,2.6,290,0,0,0
2000-09-17 04:00:00,12.2,74,0.0,0,0,0,0
2000-09-17 05:00:00,10.6,83,4.1,340,0,0,0
2000-09-17 06:00:00,10.0,83,3.1,350,0,0,0
2000-09-17 07:00:00,11.7,77,2.6,280,75,112,61
2000-09-17 08:00:00,13.9,69,2.1,240,244,458,100
2000-09-17 09:00:00,15.6,62,3.1,240,432,642,118
2000-09-17 10:00:00,17.2,54,3.1,270,596,718,141
2000-09-17 11:00:00,18.9,47,3.6,250,703,773,133
2000-09-17 12:00:00,20.6,45,4.1,250,760,740,174
2000-09-17 13:00:00,20.6,45,5.7,250,757,725,181
2000-09-17 14:00:00,21.1,41,5.7,240,700,722,163
2000-09-17 15:00:00,22.2,43,6.2,240,596,730,126
2000-09-17 16:00:00,22.2,46,5.7,200,441,634,123
2000-09-17 17:00:00,21.1,51,6.7,190,235,348,121
2000-09-17 18:00:00,19.4,59,6.7,200,43,30,39
2000-09-17 19:00:00,18.3,63,4.6,210,0,0,0
2000-09-17 20:00:00,17.2,75,4.1,200,0,0,0
2000-09-17 21:00:00,17.2,72,4.6,220,0,0,0
2000-09-17 22:00:00,16.1,75,4.1,200,0,0,0
2000-09-17 23:00:00,16.1,75,3.6,210,0,0,0
2000-09-18 00:00:00,15.0,81,3.1,210,0,0,0
2000-09-18 01:00:00,15.0,81,3.1,200,0,0,0
2000-09-18 02:00:00,13.9,87,2.1,230,0,0,0
2000-09-18 03:00:00,13.9,87,2.6,220,0,0,0
2000-09-18 04:00:00,13.3,90,2.6,220,0,0,0
2000-09-18 05:00:00,13.3,87,1.5,220,0,0,0
2000-09-18 06:00:00,13.3,90,3.1,210,0,0,0
2000-09-18 07:00:00,13.9,87,2.1,210,77,114,64
2000-09-18 08:00:00,15.0,87,3.1,180,229,304,135
2000-09-18 09:00:00,16.7,78,0.0,0,257,86,214
2000-09-18 10:00:00,18.3,78,2.6,170,455,274,283
2000-09-18 11:00:00,19.4,68,2.6,170,678,640,208
2000-09-18 12:00:00,21.1,61,2.1,160,675,469,305
2000-09-18 13:00:00,21.7,61,3.6,190,381,66,329
2000-09-18 14:00:00,22.2,59,4.6,170,513,233,341
2000-09-18 15:00:00,22.2,59,3.6,180,255,30,236
2000-09-18 16:00:00,21.7,59,4.1,180,266,82,226
2000-09-18 17:00:00,20.6,65,3.6,170,119,11,116
2000-09-18 18:00:00,20.0,76,4.1,170,18,0,18
2000-09-18 19:00:00,18.9,84,2.1,140,0,0,0
2000-09-18 20:00:00,18.3,87,2.6,130,0,0,0
2000-09-18 21:00:00,18.3,84,2.1,130,0,0,0
2000-09-18 22:00:00,18.3,84,2.6,180,0,0,0
2000-09-18 23:00:00,18.3,87,2.1,130,0,0,0
2000-09-19 00:00:00,18.9,81,0.0,0,0,0,0
2000-09-19 01:00:00,18.9,81,1.5,80,0,0,0
2000-09-19 02:00:00,18.3,87,2.1,20,0,0,0
2000-09-19 03:00:00,17.8,93,2.6,20,0,0,0
2000-09-19 04:00:00,17.8,96,5.2,30,0,0,0
2000-09-19 05:00:00,17.2,100,3.6,20,0,0,0
2000-09-19 06:00:00,17.8,100,5.7,50,0,0,0
2000-09-19 07:00:00,18.3,100,6.7,40,16,0,16
2000-09-19 08:00:00,18.3,100,7.7,50,38,0,38
2000-09-19 09:00:00,18.9,100,7.2,40,115,0,115
2000-09-19 10:00:00,19.4,100,7.2,40,148,0,148
2000-09-19 11:00:00,18.9,100,7.2,20,174,0,174
2000-09-19 12:00:00,19.4,100,4.6,10,122,0,122
2000-09-19 13:00:00,18.9,100,6.2,310,125,0,125
2000-09-19 14:00:00,18.3,97,5.2,300,111,0,111
2000-09-19 15:00:00,17.8,100,7.2,300,96,0,96
2000-09-19 16:00:00,18.3,97,6.2,300,190,12,184
2000-09-19 17:00:00,17.8,90,5.7,290,144,45,129
2000-09-19 18:00:00,16.7,90,5.2,290,38,15,36
2000-09-19 19:00:00,17.2,84,5.7,290,0,0,0
2000-09-19 20:00:00,17.2,81,3.6,230,0,0,0
2000-09-19 21:00:00,16.7,84,0.0,0,0,0,0
2000-09-19 22:00:00,16.1,93,2.1,220,0,0,0
2000-09-19 23:00:00,15.6,93,3.6,220,0,0,0
2000-09-20 00:00:00,15.6,93,0.0,0,0,0,0
2000-09-20 01:00:00,15.6,93,1.5,250,0,0,0
2000-09-20 02:00:00,14.4,100,0.0,0,0,0,0
2000-09-20 03:00:00,14.4,100,1.5,240,0,0,0
2000-09-20 04:00:00,13.9,100,1.5,240,0,0,0
2000-09-20 05:00:00,13.9,100,1.5,240,0,0,0
2000-09-20 06:00:00,14.4,100,2.1,240,0,0,0
2000-09-20 07:00:00,15.6,100,2.6,250,66,63,59
2000-09-20 08:00:00,17.2,100,2.1,180,230,427,101
2000-09-20 09:00:00,18.9,96,3.6,170,426,655,112
2000-09-20 10:00:00,21.7,87,4.1,170,571,651,165
2000-09-20 11:00:00,23.3,85,4.6,170,685,743,145
2000-09-20 12:00:00,25.6,76,4.6,170,754,758,163
2000-09-20 13:00:00,27.2,65,4.6,170,750,755,161
2000-09-20 14:00:00,27.8,67,5.2,180,705,770,143
2000-09-20 15:00:00,28.9,63,5.2,190,578,700,138
2000-09-20 16:00:00,28.3,65,5.7,190,418,639,107
2000-09-20 17:00:00,26.1,77,5.7,180,242,533,76
2000-09-20 18:00:00,25.0,82,4.6,180,57,231,31
2000-09-20 19:00:00,23.9,88,4.6,170,0,0,0
2000-09-20 20:00:00,24.4,79,6.2,200,0,0,0
2000-09-20 21:00:00,23.9,82,6.7,200,0,0,0
2000-09-20 22:00:00,23.3,82,6.2,200,0,0,0
2000-09-20 23:00:00,22.8,84,6.7,190,0,0,0
2000-09-21 00:00:00,22.8,84,6.7,190,0,0,0
2000-09-21 01:00:00,22.2,91,4.6,210,0,0,0
2000-09-21 02:00:00,22.8,87,6.7,200,0,0,0
2000-09-21 03:00:00,22.2,93,5.7,200,0,0,0
2000-09-21 04:00:00,22.8,90,5.2,210,0,0,0
2000-09-21 05:00:00,23.3,82,7.2,300,0,0,0
2000-09-21 06:00:00,22.2,59,4.6,310,0,0,0
2000-09-21 07:00:00,21.7,53,4.1,300,34,0,34
2000-09-21 08:00:00,21.7,55,2.6,260,77,0,77
2000-09-21 09:00:00,22.8,50,7.7,300,332,247,214
2000-09-21 10:00:00,23.3,53,6.2,290,520,450,241
2000-09-21 11:00:00,23.3,53,6.2,310,703,773,144
2000-09-21 12:00:00,23.9,51,7.7,310,736,692,199
2000-09-21 13:00:00,24.4,50,5.7,300,732,701,188
2000-09-21 14:00:00,25.0,48,5.7,280,676,692,174
2000-09-21 15:00:00,25.0,50,5.2,330,578,712,134
2000-09-21 16:00:00,24.4,54,6.7,330,423,674,99
2000-09-21 17:00:00,23.3,53,7.2,320,231,425,102
2000-09-21 18:00:00,22.2,53,5.2,330,46,129,32
2000-09-21 19:00:00,21.1,57,6.2,320,0,0,0
2000-09-21 20:00:00,19.4,61,5.7,340,0,0,0
2000-09-21 21:00:00,18.3,65,5.7,20,0,0,0
2000-09-21 22:00:00,17.2,67,4.1,20,0,0,0
2000-09-21 23:00:00,16.7,67,4.1,10,0,0,0
2000-09-22 00:00:00,16.1,67,3.1,340,0,0,0
2000-09-22 01:00:00,15.6,72,4.1,350,0,0,0
2000-09-22 02:00:00,15.0,75,3.1,330,0,0,0
2000-09-22 03:00:00,15.0,72,2.1,330,0,0,0
2000-09-22 04:00:00,13.3,84,2.6,340,0,0,0
2000-09-22 05:00:00,12.8,86,2.6,340,0,0,0
2000-09-22 06:00:00,13.9,80,0.0,0,0,0,0
2000-09-22 07:00:00,15.0,77,0.0,0,71,121,59
2000-09-22 08:00:00,16.7,75,3.6,50,240,455,104
2000-09-22 09:00:00,17.8,67,3.6,70,406,581,131
2000-09-22 10:00:00,19.4,57,3.1,90,572,669,159
2000-09-22 11:00:00,20.0,57,2.6,140,678,743,144
2000-09-22 12:00:00,20.6,53,2.1,160,754,782,150
2000-09-22 13:00:00,20.6,59,3.1,170,756,803,136
2000-09-22 14:00:00,21.7,55,4.1,180,693,782,130
2000-09-22 15:00:00,22.2,57,3.6,180,566,682,144
2000-09-22 16:00:00,21.7,61,3.6,220,400,521,152
2000-09-22 17:00:00,21.1,68,4.1,170,186,232,117
2000-09-22 18:00:00,20.0,70,2.6,150,48,202,27
2000-09-22 19:00:00,19.4,73,3.6,160,0,0,0
2000-09-22 20:00:00,18.3,81,3.6,160,0,0,0
2000-09-22 21:00:00,18.3,76,3.6,180,0,0,0
2000-09-22 22:00:00,17.8,78,2.6,180,0,0,0
2000-09-22 23:00:00,18.3,81,4.6,180,0,0,0
2000-09-23 00:00:00,18.3,81,3.1,190,0,0,0
2000-09-23 01:00:00,18.3,87,2.6,180,0,0,0
2000-09-23 02:00:00,18.0,88,4.1,210,0,0,0
2000-09-23 03:00:00,18.3,87,6.2,190,0,0,0
2000-09-23 04:00:00,17.8,93,4.1,160,0,0,0
2000-09-23 05:00:00,16.7,100,3.1,160,0,0,0
2000-09-23 06:00:00,16.7,100,0.0,0,0,0,0
2000-09-23 07:00:00,17.2,100,1.5,30,0,0,0
2000-09-23 08:00:00,17.8,100,2.6,50,70,0,70
2000-09-23 09:00:00,18.3,100,3.1,70,102,0,102
2000-09-23 10:00:00,18.9,93,2.6,110,96,0,96
2000-09-23 11:00:00,19.4,93,2.6,40,317,30,296
2000-09-23 12:00:00,20.6,90,0.0,0,316,12,307
2000-09-23 13:00:00,21.1,90,0.0,0,292,12,283
2000-09-23 14:00:00,21.1,93,2.1,180,210,6,205
2000-09-23 15:00:00,21.7,96,2.1,160,305,53,273
2000-09-23 16:00:00,22.2,91,0.0,0,265,111,212
2000-09-23 17:00:00,22.8,90,2.6,170,195,322,100
2000-09-23 18:00:00,22.2,93,1.5,170,40,125,28
2000-09-23 19:00:00,21.7,96,1.5,160,0,0,0
2000-09-23 20:00:00,21.7,96,1.5,140,0,0,0
2000-09-23 21:00:00,21.1,100,0.0,0,0,0,0
2000-09-23 22:00:00,21.1,100,2.1,80,0,0,0
2000-09-23 23:00:00,21.1,97,2.1,190,0,0,0
2000-09-24 00:00:00,20.6,100,1.5,160,0,0,0
2000-09-24 01:00:00,20.6,100,2.1,200,0,0,0
2000-09-24 02:00:00,20.0,100,2.1,180,0,0,0
2000-09-24 03:00:00,19.0,100,2.1,210,0,0,0
2000-09-24 04:00:00,19.4,100,3.1,180,0,0,0
2000-09-24 05:00:00,19.4,100,3.1,170,0,0,0
2000-09-24 06:00:00,19.4,100,2.6,230,0,0,0
2000-09-24 07:00:00,20.0,100,1.5,190,0,0,0
2000-09-24 08:00:00,20.6,100,1.5,200,195,208,134
2000-09-24 09:00:00,21.7,96,4.1,200,244,68,213
2000-09-24 10:00:00,22.8,94,2.6,200,366,134,285
2000-09-24 11:00:00,22.8,94,3.6,170,566,387,291
2000-09-24 12:00:00,24.4,91,3.6,160,699,589,249
2000-09-24 13:00:00,27.8,69,5.2,330,548,300,319
2000-09-24 14:00:00,26.7,71,4.6,300,140,0,140
2000-09-24 15:00:00,26.7,71,4.6,330,158,0,158
2000-09-24 16:00:00,26.7,74,5.7,320,216,53,191
2000-09-24 17:00:00,25.0,79,5.2,320,49,0,49
2000-09-24 18:00:00,23.9,82,5.2,320,21,0,21
2000-09-24 19:00:00,22.2,87,5.7,30,0,0,0
2000-09-24 20:00:00,21.1,84,6.2,360,0,0,0
2000-09-24 21:00:00,20.0,83,5.7,10,0,0,0
2000-09-24 22:00:00,19.4,84,5.7,40,0,0,0
2000-09-24 23:00:00,18.9,81,7.2,10,0,0,0
2000-09-25 00:00:00,18.3,81,6.2,20,0,0,0
2000-09-25 01:00:00,17.2,84,5.7,30,0,0,0
2000-09-25 02:00:00,16.1,90,5.2,20,0,0,0
2000-09-25 03:00:00,15.0,88,5.7,30,0,0,0
2000-09-25 04:00:00,14.4,90,6.2,20,0,0,0
2000-09-25 05:00:00,13.9,96,5.7,10,0,0,0
2000-09-25 06:00:00,13.3,97,8.8,20,0,0,0
2000-09-25 07:00:00,11.1,100,6.7,30,0,0,0
2000-09-25 08:00:00,11.1,100,5.7,30,39,0,39
2000-09-25 09:00:00,11.7,96,5.7,40,68,0,68
2000-09-25 10:00:00,12.2,97,5.2,40,129,0,129
2000-09-25 11:00:00,12.2,100,4.1,20,106,0,106
2000-09-25 12:00:00,12.2,97,5.7,10,116,0,116
2000-09-25 13:00:00,12.2,100,5.7,30,119,0,119
2000-09-25 14:00:00,12.0,100,7.7,40,111,0,111
2000-09-25 15:00:00,12.2,100,6.2,30,90,0,90
2000-09-25 16:00:00,12.2,100,7.2,40,70,0,70
2000-09-25 17:00:00,12.2,100,5.7,40,44,0,44
2000-09-25 18:00:00,12.2,100,5.7,50,14,0,14
2000-09-25 19:00:00,11.7,100,8.2,20,0,0,0
2000-09-25 20:00:00,11.1,100,7.2,30,0,0,0
2000-09-25 21:00:00,11.1,100,9.3,10,0,0,0
2000-09-25 22:00:00,11.1,97,6.2,40,0,0,0
2000-09-25 23:00:00,11.1,97,8.8,50,0,0,0
2000-09-26 00:00:00,9.4,100,9.8,10,0,0,0
2000-09-26 01:00:00,9.4,97,7.2,10,0,0,0
2000-09-26 02:00:00,9.4,97,6.2,360,0,0,0
2000-09-26 03:00:00,8.9,100,4.6,340,0,0,0
2000-09-26 04:00:00,9.0,100,6.7,350,0,0,0
2000-09-26 05:00:00,10.0,100,5.7,350,0,0,0
2000-09-26 06:00:00,10.0,100,5.7,360,0,0,0
2000-09-26 07:00:00,10.6,100,5.2,350,0,0,0
2000-09-26 08:00:00,10.6,100,5.2,340,55,0,55
2000-09-26 09:00:00,10.6,100,6.7,330,75,0,75
2000-09-26 10:00:00,11.1,100,6.2,330,90,0,90
2000-09-26 11:00:00,12.0,94,7.7,350,106,0,106
2000-09-26 12:00:00,11.7,96,7.2,340,237,12,228
2000-09-26 13:00:00,11.7,93,6.7,350,131,0,131
2000-09-26 14:00:00,11.7,93,8.2,350,105,0,105
2000-09-26 15:00:00,12.0,94,6.2,330,186,6,183
2000-09-26 16:00:00,12.2,93,6.2,330,108,0,108
2000-09-26 17:00:00,12.2,93,5.7,330,63,0,63
2000-09-26 18:00:00,11.7,100,4.1,320,19,0,19
2000-09-26 19:00:00,11.7,96,4.6,310,0,0,0
2000-09-26 20:00:00,12.2,93,4.1,330,0,0,0
2000-09-26 21:00:00,12.2,93,4.1,320,0,0,0
2000-09-26 22:00:00,12.2,93,4.1,330,0,0,0
2000-09-26 23:00:00,11.1,97,3.6,340,0,0,0
2000-09-27 00:00:00,11.1,93,4.1,320,0,0,0
2000-09-27 01:00:00,10.6,92,2.6,330,0,0,0
2000-09-27 02:00:00,10.0,96,2.1,340,0,0,0
2000-09-27 03:00:00,9.4,97,2.6,340,0,0,0
2000-09-27 04:00:00,9.4,97,1.5,220,0,0,0
2000-09-27 05:00:00,8.9,96,1.5,260,0,0,0
2000-09-27 06:00:00,10.0,93,0.0,0,0,0,0
2000-09-27 07:00:00,10.6,89,2.1,360,0,0,0
2000-09-27 08:00:00,12.8,83,3.1,350,212,406,98
2000-09-27 09:00:00,15.0,77,4.1,330,395,588,126
2000-09-27 10:00:00,16.7,70,4.1,340,534,597,177
2000-09-27 11:00:00,17.2,67,3.6,320,641,707,147
2000-09-27 12:00:00,17.8,67,2.1,20,711,704,183
2000-09-27 13:00:00,18.9,65,2.1,290,720,755,154
2000-09-27 14:00:00,19.4,66,1.5,340,663,757,135
2000-09-27 15:00:00,20.0,59,3.6,20,536,663,142
2000-09-27 16:00:00,20.0,57,1.5,360,370,584,108
2000-09-27 17:00:00,20.0,57,3.1,340,196,465,69
2000-09-27 18:00:00,18.9,56,2.1,290,32,148,20
2000-09-27 19:00:00,17.8,65,2.1,230,0,0,0
2000-09-27 20:00:00,15.0,83,3.1,210,0,0,0
2000-09-27 21:00:00,14.4,87,2.6,190,0,0,0
2000-09-27 22:00:00,13.9,89,2.1,210,0,0,0
2000-09-27 23:00:00,13.3,97,2.1,210,0,0,0
2000-09-28 00:00:00,13.3,93,1.5,200,0,0,0
2000-09-28 01:00:00,12.8,89,1.5,220,0,0,0
2000-09-28 02:00:00,12.2,90,2.1,250,0,0,0
2000-09-28 03:00:00,12.8,86,0.0,0,0,0,0
2000-09-28 04:00:00,12.2,93,1.5,90,0,0,0
2000-09-28 05:00:00,12.2,86,2.1,10,0,0,0
2000-09-28 06:00:00,11.1,93,3.1,10,0,0,0
2000-09-28 07:00:00,13.3,84,3.6,10,0,0,0
2000-09-28 08:00:00,14.4,87,3.6,10,197,295,115
2000-09-28 09:00:00,16.7,75,5.2,340,395,582,131
2000-09-28 10:00:00,18.3,73,3.6,310,534,652,146
2000-09-28 11:00:00,20.6,65,4.1,340,654,743,137
2000-09-28 12:00:00,21.7,63,2.6,340,729,770,155
2000-09-28 13:00:00,21.7,61,2.1,350,678,581,245
2000-09-28 14:00:00,22.2,61,4.1,350,523,304,313
2000-09-28 15:00:00,22.2,59,4.1,360,507,515,204
2000-09-28 16:00:00,21.1,63,4.6,340,257,140,195
2000-09-28 17:00:00,20.0,76,5.7,20,48,0,48
2000-09-28 18:00:00,18.9,78,6.7,20,28,64,23
2000-09-28 19:00:00,17.8,80,8.2,10,0,0,0
2000-09-28 20:00:00,16.7,80,6.2,40,0,0,0
2000-09-28 21:00:00,15.6,75,7.7,10,0,0,0
2000-09-28 22:00:00,15.0,75,6.2,30,0,0,0
2000-09-28 23:00:00,13.9,72,6.2,20,0,0,0
2000-09-29 00:00:00,12.8,74,6.2,30,0,0,0
2000-09-29 01:00:00,12.2,74,5.7,10,0,0,0
2000-09-29 02:00:00,11.1,74,5.7,10,0,0,0
2000-09-29 03:00:00,10.6,77,5.2,20,0,0,0
2000-09-29 04:00:00,10.0,74,5.2,10,0,0,0
2000-09-29 05:00:00,9.4,77,5.2,20,0,0,0
2000-09-29 06:00:00,8.9,80,5.2,10,0,0,0
2000-09-29 07:00:00,9.4,77,5.7,360,0,0,0
2000-09-29 08:00:00,10.0,77,4.6,20,190,269,116
2000-09-29 09:00:00,11.7,71,3.6,30,389,570,133
2000-09-29 10:00:00,13.3,69,2.6,50,521,615,158
2000-09-29 11:00:00,14.4,70,2.6,60,648,737,138
2000-09-29 12:00:00,16.1,62,3.1,30,705,710,178
2000-09-29 13:00:00,17.2,54,2.6,80,696,701,177
2000-09-29 14:00:00,17.8,52,2.6,70,639,698,160
2000-09-29 15:00:00,17.8,56,4.1,40,524,669,133
2000-09-29 16:00:00,17.8,54,2.1,50,369,630,93
2000-09-29 17:00:00,16.7,62,3.6,80,190,486,62
2000-09-29 18:00:00,15.0,69,3.6,90,24,104,17
2000-09-29 19:00:00,13.9,74,2.6,80,0,0,0
2000-09-29 20:00:00,13.3,77,3.1,80,0,0,0
2000-09-29 21:00:00,12.2,83,2.6,40,0,0,0
2000-09-29 22:00:00,12.2,80,3.1,50,0,0,0
2000-09-29 23:00:00,12.2,83,1.5,80,0,0,0
2000-09-30 00:00:00,11.1,89,2.1,30,0,0,0
2000-09-30 01:00:00,11.1,93,1.5,50,0,0,0
2000-09-30 02:00:00,10.6,96,1.5,40,0,0,0
2000-09-30 03:00:00,10.0,100,2.6,40,0,0,0
2000-09-30 04:00:00,9.4,100,2.6,50,0,0,0
2000-09-30 05:00:00,9.4,100,2.6,50,0,0,0
2000-09-30 06:00:00,8.9,100,2.6,40,0,0,0
2000-09-30 07:00:00,9.4,100,3.1,30,0,0,0
2000-09-30 08:00:00,11.1,97,2.1,40,207,408,96
2000-09-30 09:00:00,13.3,90,2.1,20,382,577,125
2000-09-30 10:00:00,15.6,80,0.0,0,528,652,145
2000-09-30 11:00:00,17.2,70,1.5,360,610,653,162
2000-09-30 12:00:00,17.2,70,0.0,0,693,692,183
2000-09-30 13:00:00,18.9,65,0.0,0,684,677,186
2000-09-30 14:00:00,18.9,65,2.1,170,639,698,163
2000-09-30 15:00:00,19.4,68,3.6,190,512,645,139
2000-09-30 16:00:00,20.0,68,2.6,190,363,624,93
2000-09-30 17:00:00,18.9,73,2.1,180,179,434,68
2000-09-30 18:00:00,17.8,75,3.6,230,21,82,15
2000-09-30 19:00:00,16.1,87,2.6,210,0,0,0
2000-09-30 20:00:00,16.1,90,0.0,0,0,0,0
2000-09-30 21:00:00,15.6,93,0.0,0,0,0,0
2000-09-30 22:00:00,15.0,90,0.4,0,0,0,0
2000-09-30 23:00:00,14.5,97,0.7,0,0,0,0
2000-10-01 00:00:00,13.9,100,1.1,0,0,0,0
2000-10-01 01:00:00,13.4,100,1.5,50,0,0,0
2000-10-01 02:00:00,12.8,100,1.9,20,0,0,0
2000-10-01 03:00:00,12.3,100,2.2,40,0,0,0
2000-10-01 04:00:00,11.7,100,2.6,30,0,0,0
2000-10-01 05:00:00,12.2,100,1.5,360,0,0,0
2000-10-01 06:00:00,13.0,100,2.1,40,0,0,0
2000-10-01 07:00:00,12.8,100,2.1,30,0,0,0
2000-10-01 08:00:00,13.3,100,2.1,40,144,66,126
2000-10-01 09:00:00,13.9,100,2.6,50,246,87,208
2000-10-01 10:00:00,14.4,100,2.1,40,483,396,252
2000-10-01 11:00:00,16.7,96,2.1,80,573,471,251
2000-10-01 12:00:00,18.9,87,2.6,40,596,373,322
2000-10-01 13:00:00,20.6,75,1.5,30,517,216,360
2000-10-01 14:00:00,20.0,78,2.1,20,546,364,300
2000-10-01 15:00:00,20.6,75,0.0,0,326,112,262
2000-10-01 16:00:00,20.0,81,2.6,70,96,0,96
2000-10-01 17:00:00,19.4,81,3.6,90,122,94,98
2000-10-01 18:00:00,18.9,84,2.6,70,11,0,11
2000-10-01 19:00:00,18.9,81,1.5,30,0,0,0
2000-10-01 20:00:00,18.3,90,2.1,60,0,0,0
2000-10-01 21:00:00,17.8,93,1.5,30,0,0,0
2000-10-01 22:00:00,18.3,84,2.1,10,0,0,0
2000-10-01 23:00:00,17.8,90,2.1,30,0,0,0
2000-10-02 00:00:00,17.8,93,2.6,70,0,0,0
2000-10-02 01:00:00,16.7,93,2.1,10,0,0,0
2000-10-02 02:00:00,16.1,93,2.6,350,0,0,0
2000-10-02 03:00:00,15.6,96,3.1,330,0,0,0
2000-10-02 04:00:00,15.0,96,3.1,320,0,0,0
2000-10-02 05:00:00,15.0,96,2.1,340,0,0,0
2000-10-02 06:00:00,15.6,93,3.1,350,0,0,0
2000-10-02 07:00:00,15.6,96,2.1,10,0,0,0
2000-10-02 08:00:00,16.1,97,2.1,60,153,132,118
2000-10-02 09:00:00,18.3,84,0.0,0,404,590,145
2000-10-02 10:00:00,19.4,81,1.5,100,561,756,123
2000-10-02 11:00:00,21.7,73,1.5,60,667,786,133
2000-10-02 12:00:00,22.2,68,2.6,10,705,704,192
2000-10-02 13:00:00,23.3,64,2.6,50,737,821,141
2000-10-02 14:00:00,22.8,66,2.1,100,667,811,123
2000-10-02 15:00:00,23.9,62,2.1,150,528,704,128
2000-10-02 16:00:00,23.3,66,3.1,190,378,699,83
2000-10-02 17:00:00,23.3,57,3.1,240,191,532,60
2000-10-02 18:00:00,20.0,78,2.6,210,20,135,13
2000-10-02 19:00:00,20.0,78,3.1,210,0,0,0
2000-10-02 20:00:00,18.3,90,2.6,170,0,0,0
2000-10-02 21:00:00,17.8,100,3.1,170,0,0,0
2000-10-02 22:00:00,17.2,100,3.1,180,0,0,0
2000-10-02 23:00:00,17.2,93,2.6,190,0,0,0
2000-10-03 00:00:00,16.7,90,3.1,180,0,0,0
2000-10-03 01:00:00,16.1,100,3.1,200,0,0,0
2000-10-03 02:00:00,15.6,100,3.1,200,0,0,0
2000-10-03 03:00:00,15.6,100,1.5,230,0,0,0
2000-10-03 04:00:00,15.0,96,3.1,210,0,0,0
2000-10-03 05:00:00,15.0,100,3.1,200,0,0,0
2000-10-03 06:00:00,15.0,100,3.1,200,0,0,0
2000-10-03 07:00:00,15.6,100,2.6,200,0,0,0
2000-10-03 08:00:00,17.8,87,3.6,170,210,437,96
2000-10-03 09:00:00,19.4,79,5.7,170,397,677,103
2000-10-03 10:00:00,22.2,68,4.6,170,561,768,119
2000-10-03 11:00:00,23.9,71,5.7,170,654,774,132
2000-10-03 12:00:00,25.6,67,5.7,170,735,836,130
2000-10-03 13:00:00,28.3,53,5.2,250,743,743,207
2000-10-03 14:00:00,28.3,57,5.2,250,389,113,313
2000-10-03 15:00:00,27.8,58,4.1,230,494,550,184
2000-10-03 16:00:00,27.8,58,5.2,230,346,541,119
2000-10-03 17:00:00,27.2,62,4.1,220,148,232,92
2000-10-03 18:00:00,25.6,71,2.6,230,15,79,11
2000-10-03 19:00:00,26.1,67,2.1,220,0,0,0
2000-10-03 20:00:00,23.3,82,2.6,210,0,0,0
2000-10-03 21:00:00,22.2,87,3.6,190,0,0,0
2000-10-03 22:00:00,21.1,93,2.6,180,0,0,0
2000-10-03 23:00:00,20.6,93,1.5,210,0,0,0
2000-10-04 00:00:00,18.9,100,2.6,360,0,0,0
2000-10-04 01:00:00,19.4,97,2.1,40,0,0,0
2000-10-04 02:00:00,18.9,96,2.6,50,0,0,0
2000-10-04 03:00:00,19.4,97,0.0,0,0,0,0
2000-10-04 04:00:00,18.3,100,0.0,0,0,0,0
2000-10-04 05:00:00,18.3,100,0.0,0,0,0,0
2000-10-04 06:00:00,18.3,100,0.0,0,0,0,0
2000-10-04 07:00:00,18.3,100,0.0,0,0,0,0
2000-10-04 08:00:00,19.4,97,1.5,160,219,504,89
2000-10-04 09:00:00,20.6,93,1.5,170,391,658,107
2000-10-04 10:00:00,21.7,87,2.1,160,561,774,118
2000-10-04 11:00:00,23.9,84,3.6,170,661,816,113
2000-10-04 12:00:00,25.6,79,5.2,180,735,866,112
2000-10-04 13:00:00,26.1,77,5.2,170,725,827,132
2000-10-04 14:00:00,26.1,79,7.2,170,655,805,123
2000-10-04 15:00:00,26.7,74,4.6,170,527,745,112
2000-10-04 16:00:00,27.8,63,4.1,180,356,646,89
2000-10-04 17:00:00,26.7,69,5.2,190,175,436,72
2000-10-04 18:00:00,24.4,79,3.6,190,10,22,9
2000-10-04 19:00:00,22.8,90,3.1,180,0,0,0
2000-10-04 20:00:00,22.2,93,4.1,180,0,0,0
2000-10-04 21:00:00,22.2,93,3.1,190,0,0,0
2000-10-04 22:00:00,22.2,91,3.6,170,0,0,0
2000-10-04 23:00:00,21.1,93,2.6,190,0,0,0
2000-10-05 00:00:00,20.6,93,2.1,30,0,0,0
2000-10-05 01:00:00,21.1,84,4.1,40,0,0,0
2000-10-05 02:00:00,19.4,87,3.6,10,0,0,0
2000-10-05 03:00:00,19.4,84,5.2,10,0,0,0
2000-10-05 04:00:00,18.3,90,4.1,20,0,0,0
2000-10-05 05:00:00,18.3,93,4.1,30,0,0,0
2000-10-05 06:00:00,18.9,93,4.1,60,0,0,0
2000-10-05 07:00:00,18.9,93,4.1,60,0,0,0
2000-10-05 08:00:00,18.9,90,3.6,20,98,0,98
2000-10-05 09:00:00,18.9,87,4.1,20,124,0,124
2000-10-05 10:00:00,18.9,87,4.6,50,148,0,148
2000-10-05 11:00:00,19.4,87,4.1,50,411,145,315
2000-10-05 12:00:00,19.4,87,3.6,50,255,12,247
2000-10-05 13:00:00,20.0,87,3.1,70,249,6,245
2000-10-05 14:00:00,20.0,87,0.0,0,197,6,193
2000-10-05 15:00:00,20.0,90,0.0,0,146,0,146
2000-10-05 16:00:00,20.0,90,3.1,90,286,267,177
2000-10-05 17:00:00,20.0,90,2.1,70,142,231,89
2000-10-05 18:00:00,19.4,97,2.1,50,9,18,9
2000-10-05 19:00:00,19.4,97,1.5,100,0,0,0
2000-10-05 20:00:00,19.4,97,2.6,120,0,0,0
2000-10-05 21:00:00,19.4,100,2.1,140,0,0,0
2000-10-05 22:00:00,19.0,100,2.1,190,0,0,0
2000-10-05 23:00:00,18.9,100,3.1,190,0,0,0
2000-10-06 00:00:00,18.9,100,3.6,190,0,0,0
2000-10-06 01:00:00,19.4,100,3.1,200,0,0,0
2000-10-06 02:00:00,19.4,100,3.1,190,0,0,0
2000-10-06 03:00:00,19.4,100,3.1,210,0,0,0
2000-10-06 04:00:00,19.4,100,3.1,190,0,0,0
2000-10-06 05:00:00,19.4,97,5.2,190,0,0,0
2000-10-06 06:00:00,19.0,100,3.6,210,0,0,0
2000-10-06 07:00:00,19.4,97,2.6,210,0,0,0
2000-10-06 08:00:00,20.0,93,1.5,190,164,160,124
2000-10-06 09:00:00,20.0,96,2.6,170,316,323,179
2000-10-06 10:00:00,22.2,87,3.6,170,439,335,250
2000-10-06 11:00:00,23.3,82,4.1,170,505,320,293
2000-10-06 12:00:00,25.0,77,3.1,160,468,150,361
2000-10-06 13:00:00,26.1,74,1.5,160,493,216,340
2000-10-06 14:00:00,25.6,71,3.1,270,156,0,156
2000-10-06 15:00:00,23.3,76,7.7,330,129,0,129
2000-10-06 16:00:00,21.7,68,7.2,330,148,6,146
2000-10-06 17:00:00,20.6,61,8.2,340,50,0,50
2000-10-06 18:00:00,19.4,63,7.2,350,4,0,4
2000-10-06 19:00:00,18.9,65,4.1,340,0,0,0
2000-10-06 20:00:00,17.8,70,4.1,340,0,0,0
2000-10-06 21:00:00,17.2,72,4.6,320,0,0,0
2000-10-06 22:00:00,16.1,67,5.2,340,0,0,0
2000-10-06 23:00:00,15.6,62,6.7,330,0,0,0
2000-10-07 00:00:00,15.0,64,5.2,330,0,0,0
2000-10-07 01:00:00,13.9,72,4.6,320,0,0,0
2000-10-07 02:00:00,13.3,75,6.2,320,0,0,0
2000-10-07 03:00:00,12.2,77,4.6,330,0,0,0
2000-10-07 04:00:00,11.7,74,4.1,330,0,0,0
2000-10-07 05:00:00,11.1,80,3.1,340,0,0,0
2000-10-07 06:00:00,10.6,83,4.1,330,0,0,0
2000-10-07 07:00:00,11.1,80,4.1,330,0,0,0
2000-10-07 08:00:00,12.8,74,3.6,330,206,467,90
2000-10-07 09:00:00,13.9,67,5.2,340,386,684,98
2000-10-07 10:00:00,14.4,57,5.2,330,517,616,172
2000-10-07 11:00:00,15.0,51,7.2,320,642,732,161
2000-10-07 12:00:00,15.0,47,7.2,300,620,469,288
2000-10-07 13:00:00,15.0,42,6.2,270,677,671,206
2000-10-07 14:00:00,15.0,41,6.7,300,620,745,138
2000-10-07 15:00:00,15.0,42,7.2,340,504,715,116
2000-10-07 16:00:00,13.9,45,6.2,320,338,592,103
2000-10-07 17:00:00,12.2,49,5.2,320,149,361,70
2000-10-07 18:00:00,11.7,48,4.6,320,8,65,7
2000-10-07 19:00:00,11.7,48,4.1,330,0,0,0
2000-10-07 20:00:00,10.6,52,5.7,340,0,0,0
2000-10-07 21:00:00,10.0,50,3.6,320,0,0,0
2000-10-07 22:00:00,9.4,49,5.2,320,0,0,0
2000-10-07 23:00:00,7.8,55,3.1,340,0,0,0
2000-10-08 00:00:00,7.8,53,3.1,300,0,0,0
2000-10-08 01:00:00,7.2,57,3.6,310,0,0,0
2000-10-08 02:00:00,7.2,57,2.6,290,0,0,0
2000-10-08 03:00:00,5.6,67,2.6,260,0,0,0
2000-10-08 04:00:00,5.6,67,2.1,250,0,0,0
2000-10-08 05:00:00,5.6,67,3.1,260,0,0,0
2000-10-08 06:00:00,5.6,67,2.6,290,0,0,0
2000-10-08 07:00:00,5.6,70,2.1,230,0,0,0
2000-10-08 08:00:00,6.7,65,2.1,270,149,114,121
2000-10-08 09:00:00,8.3,56,3.1,290,241,106,197
2000-10-08 10:00:00,10.0,52,6.7,310,439,329,256
2000-10-08 11:00:00,11.1,50,4.6,340,655,762,157
2000-10-08 12:00:00,12.2,47,4.6,300,705,800,143
2000-10-08 13:00:00,12.8,45,4.1,330,677,725,171
2000-10-08 14:00:00,12.8,45,6.2,330,619,745,142
2000-10-08 15:00:00,12.2,43,4.6,320,520,798,92
2000-10-08 16:00:00,13.3,40,5.7,300,332,609,93
2000-10-08 17:00:00,11.1,50,7.2,360,161,501,54
2000-10-08 18:00:00,10.0,54,7.2,10,5,22,5
2000-10-08 19:00:00,9.4,59,5.7,350,0,0,0
2000-10-08 20:00:00,8.9,61,5.7,360,0,0,0
2000-10-08 21:00:00,8.3,65,6.2,330,0,0,0
2000-10-08 22:00:00,7.2,70,5.7,330,0,0,0
2000-10-08 23:00:00,6.7,67,5.7,320,0,0,0
2000-10-09 00:00:00,6.1,68,5.2,330,0,0,0
2000-10-09 01:00:00,5.0,79,4.1,340,0,0,0
2000-10-09 02:00:00,4.4,79,4.6,350,0,0,0
2000-10-09 03:00:00,3.9,86,4.1,330,0,0,0
2000-10-09 04:00:00,3.9,82,5.2,330,0,0,0
2000-10-09 05:00:00,3.9,82,4.1,330,0,0,0
2000-10-09 06:00:00,3.9,86,5.7,340,0,0,0
2000-10-09 07:00:00,4.4,83,6.2,330,0,0,0
2000-10-09 08:00:00,6.1,76,5.2,330,133,94,111
2000-10-09 09:00:00,7.2,74,5.2,330,173,19,165
2000-10-09 10:00:00,8.3,71,5.2,310,433,299,268
2000-10-09 11:00:00,10.0,56,6.7,340,593,617,192
2000-10-09 12:00:00,11.7,52,6.7,340,626,547,244
2000-10-09 13:00:00,9.4,49,7.7,340,540,329,312
2000-10-09 14:00:00,6.0,87,11.8,350,474,262,308
2000-10-09 15:00:00,7.2,82,3.6,250,117,0,117
2000-10-09 16:00:00,9.4,61,6.2,280,326,423,162
2000-10-09 17:00:00,7.8,68,4.1,320,116,179,78
2000-10-09 18:00:00,6.0,81,4.6,290,3,0,3
2000-10-09 19:00:00,6.1,86,3.1,280,0,0,0
2000-10-09 20:00:00,6.1,82,4.1,320,0,0,0
2000-10-09 21:00:00,6.1,86,4.6,280,0,0,0
2000-10-09 22:00:00,6.7,89,3.6,290,0,0,0
2000-10-09 23:00:00,6.1,86,4.6,260,0,0,0
2000-10-10 00:00:00,6.7,82,4.1,280,0,0,0
2000-10-10 01:00:00,6.7,82,3.1,260,0,0,0
2000-10-10 02:00:00,6.1,86,2.6,250,0,0,0
2000-10-10 03:00:00,6.7,79,2.6,220,0,0,0
2000-10-10 04:00:00,6.7,70,3.6,260,0,0,0
2000-10-10 05:00:00,6.7,70,4.1,250,0,0,0
2000-10-10 06:00:00,6.7,70,4.1,240,0,0,0
2000-10-10 07:00:00,7.2,68,4.1,270,0,0,0
2000-10-10 08:00:00,8.3,65,4.6,240,100,0,100
2000-10-10 09:00:00,8.3,68,5.7,240,117,0,117
2000-10-10 10:00:00,10.6,63,6.2,230,311,85,264
2000-10-10 11:00:00,12.8,57,7.2,260,624,520,288
2000-10-10 12:00:00,12.8,57,6.7,240,109,0,109
2000-10-10 13:00:00,15.6,49,6.7,280,184,6,180
2000-10-10 14:00:00,16.1,50,7.2,300,573,560,219
2000-10-10 15:00:00,16.1,46,5.2,270,268,171,178
2000-10-10 16:00:00,16.1,42,5.2,270,330,516,134
2000-10-10 17:00:00,16.1,42,3.1,290,146,428,58
2000-10-10 18:00:00,14.4,47,2.6,250,3,50,3
2000-10-10 19:00:00,13.3,53,2.1,220,0,0,0
2000-10-10 20:00:00,11.7,68,2.6,210,0,0,0
2000-10-10 21:00:00,11.1,61,3.1,240,0,0,0
2000-10-10 22:00:00,10.0,68,2.6,240,0,0,0
2000-10-10 23:00:00,10.0,61,2.6,240,0,0,0
2000-10-11 00:00:00,9.4,66,2.6,220,0,0,0
2000-10-11 01:00:00,8.3,68,3.6,210,0,0,0
2000-10-11 02:00:00,8.9,63,4.1,240,0,0,0
2000-10-11 03:00:00,8.9,63,4.1,250,0,0,0
2000-10-11 04:00:00,8.3,63,3.6,230,0,0,0
2000-10-11 05:00:00,8.3,63,5.2,250,0,0,0
2000-10-11 06:00:00,8.9,61,4.6,250,0,0,0
2000-10-11 07:00:00,8.9,61,4.6,240,12,134,6
2000-10-11 08:00:00,11.1,54,4.6,260,185,384,95
2000-10-11 09:00:00,14.4,46,3.1,250,374,661,106
2000-10-11 10:00:00,16.1,41,4.6,280,524,732,126
2000-10-11 11:00:00,17.2,38,7.2,270,624,780,124
2000-10-11 12:00:00,18.3,38,5.2,270,668,716,176
2000-10-11 13:00:00,19.4,37,4.6,310,688,820,128
2000-10-11 14:00:00,20.0,37,4.1,260,613,780,124
2000-10-11 15:00:00,21.1,35,6.7,280,480,691,119
2000-10-11 16:00:00,21.1,32,5.7,300,319,625,84
2000-10-11 17:00:00,20.6,34,4.6,270,145,437,57
2000-10-11 18:00:00,18.9,38,2.1,250,2,24,2
2000-10-11 19:00:00,17.8,41,3.1,280,0,0,0
2000-10-11 20:00:00,16.7,42,4.1,310,0,0,0
2000-10-11 21:00:00,12.8,64,2.6,10,0,0,0
2000-10-11 22:00:00,13.3,67,0.0,0,0,0,0
2000-10-11 23:00:00,11.7,66,2.6,200,0,0,0
2000-10-12 00:00:00,11.7,63,2.1,290,0,0,0
2000-10-12 01:00:00,10.6,74,0.0,0,0,0,0
2000-10-12 02:00:00,9.4,77,1.5,250,0,0,0
2000-10-12 03:00:00,9.4,77,0.0,0,0,0,0
2000-10-12 04:00:00,9.4,80,1.5,190,0,0,0
2000-10-12 05:00:00,8.9,80,0.0,0,0,0,0
2000-10-12 06:00:00,8.9,80,0.0,0,0,0,0
2000-10-12 07:00:00,9.4,80,0.0,0,12,159,5
2000-10-12 08:00:00,11.7,83,2.1,60,195,473,86
2000-10-12 09:00:00,16.1,54,4.6,320,360,636,105
2000-10-12 10:00:00,17.8,52,5.7,330,531,775,112
2000-10-12 11:00:00,19.4,51,3.1,340,637,835,106
2000-10-12 12:00:00,21.1,46,3.1,320,668,734,167
2000-10-12 13:00:00,21.7,42,3.1,320,664,766,145
2000-10-12 14:00:00,22.2,43,2.1,320,601,774,120
2000-10-12 15:00:00,22.2,41,3.6,320,485,732,107
2000-10-12 16:00:00,21.7,44,4.6,320,308,590,89
2000-10-12 17:00:00,21.1,44,4.1,320,139,425,56
2000-10-12 18:00:00,20.6,45,2.1,290,0,0,0
2000-10-12 19:00:00,17.8,63,1.5,170,0,0,0
2000-10-12 20:00:00,16.1,78,1.5,190,0,0,0
2000-10-12 21:00:00,14.4,87,1.5,200,0,0,0
2000-10-12 22:00:00,12.2,97,0.0,0,0,0,0
2000-10-12 23:00:00,12.8,93,1.5,130,0,0,0
2000-10-13 00:00:00,11.7,89,2.1,210,0,0,0
2000-10-13 01:00:00,10.6,100,1.5,220,0,0,0
2000-10-13 02:00:00,10.0,93,0.0,0,0,0,0
2000-10-13 03:00:00,8.9,96,2.1,210,0,0,0
2000-10-13 04:00:00,8.3,97,2.1,200,0,0,0
2000-10-13 05:00:00,8.3,93,0.0,0,0,0,0
2000-10-13 06:00:00,8.9,100,0.0,0,0,0,0
2000-10-13 07:00:00,9.4,100,1.5,180,10,158,5
2000-10-13 08:00:00,12.8,80,0.0,0,196,488,86
2000-10-13 09:00:00,15.0,69,3.6,10,368,693,92
2000-10-13 10:00:00,18.9,59,4.1,10,518,739,122
2000-10-13 11:00:00,21.1,49,3.6,340,612,768,126
2000-10-13 12:00:00,22.2,44,4.6,320,662,746,156
2000-10-13 13:00:00,23.3,41,3.1,290,647,700,175
2000-10-13 14:00:00,23.3,46,2.1,60,612,774,135
2000-10-13 15:00:00,23.9,43,0.0,0,484,749,101
2000-10-13 16:00:00,23.3,38,4.6,240,302,578,91
2000-10-13 17:00:00,20.0,63,3.1,160,133,407,56
2000-10-13 18:00:00,19.4,59,3.6,220,0,0,0
2000-10-13 19:00:00,17.2,78,2.6,180,0,0,0
2000-10-13 20:00:00,15.0,96,2.6,190,0,0,0
2000-10-13 21:00:00,14.4,100,3.1,180,0,0,0
2000-10-13 22:00:00,15.0,87,2.1,200,0,0,0
2000-10-13 23:00:00,15.0,87,1.5,210,0,0,0
2000-10-14 00:00:00,14.4,78,2.1,230,0,0,0
2000-10-14 01:00:00,13.3,84,2.6,200,0,0,0
2000-10-14 02:00:00,12.2,86,2.1,220,0,0,0
2000-10-14 03:00:00,11.7,86,0.0,0,0,0,0
2000-10-14 04:00:00,11.7,83,0.0,0,0,0,0
2000-10-14 05:00:00,11.1,86,0.0,0,0,0,0
2000-10-14 06:00:00,10.6,86,0.0,0,0,0,0
2000-10-14 07:00:00,10.6,92,0.0,0,8,103,4
2000-10-14 08:00:00,13.3,87,0.0,0,163,333,89
2000-10-14 09:00:00,15.0,77,0.0,0,348,581,119
2000-10-14 10:00:00,18.3,63,1.5,160,480,605,158
2000-10-14 11:00:00,22.8,46,3.6,20,599,726,144
2000-10-14 12:00:00,24.4,37,5.2,360,662,710,184
2000-10-14 13:00:00,24.4,37,4.1,320,575,455,271
2000-10-14 14:00:00,25.6,37,4.6,360,508,435,242
2000-10-14 15:00:00,25.0,40,4.1,20,473,684,127
2000-10-14 16:00:00,25.0,40,0.0,0,312,560,110
2000-10-14 17:00:00,21.7,63,4.1,190,90,112,69
2000-10-14 18:00:00,18.9,70,3.1,190,0,0,0
2000-10-14 19:00:00,16.7,90,3.6,190,0,0,0
2000-10-14 20:00:00,16.1,97,3.1,190,0,0,0
2000-10-14 21:00:00,16.1,90,2.1,170,0,0,0
2000-10-14 22:00:00,16.7,75,3.1,180,0,0,0
2000-10-14 23:00:00,16.1,72,2.6,180,0,0,0
2000-10-15 00:00:00,15.6,75,0.0,0,0,0,0
2000-10-15 01:00:00,14.4,72,2.1,200,0,0,0
2000-10-15 02:00:00,13.3,77,2.1,200,0,0,0
2000-10-15 03:00:00,12.8,80,0.0,0,0,0,0
2000-10-15 04:00:00,13.3,77,1.5,250,0,0,0
2000-10-15 05:00:00,12.8,80,1.5,210,0,0,0
2000-10-15 06:00:00,11.1,93,2.6,210,0,0,0
2000-10-15 07:00:00,12.2,93,2.1,230,4,30,3
2000-10-15 08:00:00,13.9,100,2.1,180,104,102,81
2000-10-15 09:00:00,16.1,87,1.5,170,292,306,173
2000-10-15 10:00:00,18.9,70,2.1,250,493,672,139
2000-10-15 11:00:00,23.9,48,5.7,330,575,671,156
2000-10-15 12:00:00,24.4,50,4.1,330,565,415,287
2000-10-15 13:00:00,25.0,52,2.1,340,640,676,191
2000-10-15 14:00:00,26.1,48,3.1,350,577,738,129
2000-10-15 15:00:00,26.1,48,2.6,330,473,743,100
2000-10-15 16:00:00,25.6,50,3.1,310,291,560,92
2000-10-15 17:00:00,24.4,54,3.1,320,114,340,53
2000-10-15 18:00:00,22.2,59,2.6,350,0,0,0
2000-10-15 19:00:00,20.6,70,2.6,10,0,0,0
2000-10-15 20:00:00,18.9,84,0.0,0,0,0,0
2000-10-15 21:00:00,17.2,100,1.5,220,0,0,0
2000-10-15 22:00:00,16.1,83,3.1,180,0,0,0
2000-10-15 23:00:00,16.7,86,1.5,170,0,0,0
2000-10-16 00:00:00,16.7,90,0.0,0,0,0,0
2000-10-16 01:00:00,16.7,90,0.0,0,0,0,0
2000-10-16 02:00:00,15.6,96,0.0,0,0,0,0
2000-10-16 03:00:00,15.0,96,1.5,340,0,0,0
2000-10-16 04:00:00,15.0,96,0.0,0,0,0,0
2000-10-16 05:00:00,15.0,96,1.5,160,0,0,0
2000-10-16 06:00:00,15.6,93,0.0,0,0,0,0
2000-10-16 07:00:00,16.1,87,0.0,0,2,0,2
2000-10-16 08:00:00,17.2,81,1.5,20,61,0,61
2000-10-16 09:00:00,18.3,76,2.1,70,139,0,139
2000-10-16 10:00:00,21.1,68,0.0,0,357,202,251
2000-10-16 11:00:00,23.3,55,1.5,60,506,405,255
2000-10-16 12:00:00,23.3,62,3.1,60,595,565,220
2000-10-16 13:00:00,24.4,56,1.5,70,617,670,175
2000-10-16 14:00:00,24.4,58,0.0,0,519,458,244
2000-10-16 15:00:00,23.9,62,4.6,340,217,29,202
2000-10-16 16:00:00,22.2,66,4.6,340,140,12,136
2000-10-16 17:00:00,21.7,70,4.1,360,92,164,63
2000-10-16 18:00:00,19.4,76,3.6,10,0,0,0
2000-10-16 19:00:00,19.4,76,3.6,30,0,0,0
2000-10-16 20:00:00,18.3,87,3.1,30,0,0,0
2000-10-16 21:00:00,18.3,90,3.1,40,0,0,0
2000-10-16 22:00:00,17.2,93,3.1,40,0,0,0
2000-10-16 23:00:00,17.2,97,3.6,50,0,0,0
2000-10-17 00:00:00,17.2,97,3.6,70,0,0,0
2000-10-17 01:00:00,17.2,93,4.6,70,0,0,0
2000-10-17 02:00:00,17.2,93,3.1,80,0,0,0
2000-10-17 03:00:00,17.2,93,3.1,70,0,0,0
2000-10-17 04:00:00,17.2,90,2.1,80,0,0,0
2000-10-17 05:00:00,16.7,96,3.6,70,0,0,0
2000-10-17 06:00:00,16.1,100,4.6,70,0,0,0
2000-10-17 07:00:00,16.7,93,3.1,50,1,0,1
2000-10-17 08:00:00,16.1,93,3.6,90,44,0,44
2000-10-17 09:00:00,16.1,97,4.1,90,84,0,84
2000-10-17 10:00:00,16.7,93,3.1,110,78,0,78
2000-10-17 11:00:00,16.7,93,2.1,50,144,0,144
2000-10-17 12:00:00,17.2,93,2.6,40,103,0,103
2000-10-17 13:00:00,16.7,96,3.1,50,124,0,124
2000-10-17 14:00:00,17.8,87,3.6,80,98,0,98
2000-10-17 15:00:00,17.8,90,3.1,100,78,0,78
2000-10-17 16:00:00,18.3,84,3.6,100,222,236,141
2000-10-17 17:00:00,17.8,84,3.6,90,58,21,54
2000-10-17 18:00:00,17.8,87,3.1,80,0,0,0
2000-10-17 19:00:00,17.2,90,2.1,120,0,0,0
2000-10-17 20:00:00,16.7,90,4.1,100,0,0,0
2000-10-17 21:00:00,16.7,90,3.1,120,0,0,0
2000-10-17 22:00:00,16.7,90,2.1,110,0,0,0
2000-10-17 23:00:00,16.1,93,2.6,150,0,0,0
2000-10-18 00:00:00,16.0,100,3.1,130,0,0,0
2000-10-18 01:00:00,16.1,97,2.6,140,0,0,0
2000-10-18 02:00:00,16.1,97,0.0,0,0,0,0
2000-10-18 03:00:00,16.1,97,0.0,0,0,0,0
2000-10-18 04:00:00,16.1,100,0.0,0,0,0,0
2000-10-18 05:00:00,16.1,100,2.1,90,0,0,0
2000-10-18 06:00:00,16.1,100,1.5,100,0,0,0
2000-10-18 07:00:00,16.1,100,0.0,0,2,0,2
2000-10-18 08:00:00,16.1,100,1.5,170,71,0,71
2000-10-18 09:00:00,16.7,100,0.0,0,140,0,140
2000-10-18 10:00:00,17.2,97,2.1,160,78,0,78
2000-10-18 11:00:00,17.8,93,3.1,230,94,0,94
2000-10-18 12:00:00,18.3,90,4.6,260,115,0,115
2000-10-18 13:00:00,20.0,81,5.2,350,344,96,282
2000-10-18 14:00:00,21.7,73,6.2,350,409,232,272
2000-10-18 15:00:00,20.6,68,5.7,330,399,430,190
2000-10-18 16:00:00,20.6,61,6.2,340,278,564,86
2000-10-18 17:00:00,18.9,68,3.6,360,107,330,52
2000-10-18 18:00:00,17.8,70,3.1,340,0,0,0
2000-10-18 19:00:00,17.2,72,3.1,340,0,0,0
2000-10-18 20:00:00,16.1,75,4.1,340,0,0,0
2000-10-18 21:00:00,16.1,70,4.1,330,0,0,0
2000-10-18 22:00:00,15.6,67,5.2,330,0,0,0
2000-10-18 23:00:00,15.0,69,3.6,330,0,0,0
2000-10-19 00:00:00,15.6,67,4.6,320,0,0,0
2000-10-19 01:00:00,13.9,74,4.6,310,0,0,0
2000-10-19 02:00:00,14.4,70,6.2,320,0,0,0
2000-10-19 03:00:00,13.9,72,5.7,320,0,0,0
2000-10-19 04:00:00,13.3,75,5.7,310,0,0,0
2000-10-19 05:00:00,12.8,77,5.2,310,0,0,0
2000-10-19 06:00:00,11.7,83,2.1,260,0,0,0
2000-10-19 07:00:00,11.1,86,3.1,200,3,83,2
2000-10-19 08:00:00,13.3,77,3.1,270,152,346,81
2000-10-19 09:00:00,15.6,69,3.1,290,329,608,102
2000-10-19 10:00:00,17.2,63,6.2,320,488,728,116
2000-10-19 11:00:00,18.3,61,7.2,310,575,750,121
2000-10-19 12:00:00,19.4,57,6.7,300,638,758,145
2000-10-19 13:00:00,20.6,54,6.7,310,640,808,119
2000-10-19 14:00:00,20.6,53,5.2,290,570,791,106
2000-10-19 15:00:00,21.7,49,4.1,320,449,724,100
2000-10-19 16:00:00,21.7,42,5.7,290,272,552,87
2000-10-19 17:00:00,20.6,45,4.6,320,101,308,52
2000-10-19 18:00:00,18.9,50,4.1,320,0,0,0
2000-10-19 19:00:00,18.9,50,4.1,320,0,0,0
2000-10-19 20:00:00,16.7,58,2.6,330,0,0,0
2000-10-19 21:00:00,14.4,75,2.6,360,0,0,0
2000-10-19 22:00:00,13.3,67,2.1,340,0,0,0
2000-10-19 23:00:00,13.9,74,2.1,350,0,0,0
2000-10-20 00:00:00,11.7,86,0.0,0,0,0,0
2000-10-20 01:00:00,12.2,86,0.0,0,0,0,0
2000-10-20 02:00:00,11.7,89,1.5,30,0,0,0
2000-10-20 03:00:00,10.6,92,1.5,210,0,0,0
2000-10-20 04:00:00,10.0,93,2.1,230,0,0,0
2000-10-20 05:00:00,10.0,93,0.0,0,0,0,0
2000-10-20 06:00:00,9.4,97,2.1,210,0,0,0
2000-10-20 07:00:00,10.0,96,0.0,0,3,69,1
2000-10-20 08:00:00,11.7,100,0.0,0,144,306,83
2000-10-20 09:00:00,13.3,87,0.0,0,323,589,105
2000-10-20 10:00:00,16.1,75,1.5,140,475,685,128
2000-10-20 11:00:00,17.8,70,3.1,160,575,750,124
2000-10-20 12:00:00,19.4,59,4.6,160,626,716,163
2000-10-20 13:00:00,21.1,57,4.1,160,634,802,121
2000-10-20 14:00:00,21.1,63,4.6,170,559,755,119
2000-10-20 15:00:00,21.1,63,4.1,170,437,689,109
2000-10-20 16:00:00,20.6,65,4.1,170,272,568,84
2000-10-20 17:00:00,19.4,70,3.6,170,96,322,46
2000-10-20 18:00:00,18.3,78,2.1,140,0,0,0
2000-10-20 19:00:00,17.8,67,2.1,180,0,0,0
2000-10-20 20:00:00,17.8,65,4.1,180,0,0,0
2000-10-20 21:00:00,17.2,70,4.6,180,0,0,0
2000-10-20 22:00:00,16.7,67,3.1,190,0,0,0
2000-10-20 23:00:00,15.0,72,2.1,160,0,0,0
2000-10-21 00:00:00,14.4,75,3.1,150,0,0,0
2000-10-21 01:00:00,13.9,74,3.1,170,0,0,0
2000-10-21 02:00:00,13.3,75,2.6,200,0,0,0
2000-10-21 03:00:00,13.3,77,2.1,210,0,0,0
2000-10-21 04:00:00,12.8,77,2.1,220,0,0,0
2000-10-21 05:00:00,12.2,83,2.6,220,0,0,0
2000-10-21 06:00:00,11.1,93,2.6,230,0,0,0
2000-10-21 07:00:00,11.1,93,2.1,240,2,69,1
2000-10-21 08:00:00,12.2,93,2.1,220,145,328,81
2000-10-21 09:00:00,14.4,84,3.1,190,310,571,100
2000-10-21 10:00:00,16.1,81,2.6,150,475,703,122
2000-10-21 11:00:00,18.3,76,2.6,170,563,732,126
2000-10-21 12:00:00,20.0,70,2.1,160,620,722,157
2000-10-21 13:00:00,22.8,66,2.1,170,622,754,143
2000-10-21 14:00:00,25.0,50,2.6,220,524,648,150
2000-10-21 15:00:00,25.6,50,1.5,280,431,683,109
2000-10-21 16:00:00,25.0,50,2.6,330,266,562,83
2000-10-21 17:00:00,22.2,64,1.5,30,91,299,46
2000-10-21 18:00:00,18.9,81,3.6,190,0,0,0
2000-10-21 19:00:00,18.3,76,2.6,180,0,0,0
2000-10-21 20:00:00,18.9,78,1.5,190,0,0,0
2000-10-21 21:00:00,18.3,81,1.5,190,0,0,0
2000-10-21 22:00:00,18.3,81,0.0,0,0,0,0
2000-10-21 23:00:00,16.1,90,0.0,0,0,0,0
2000-10-22 00:00:00,14.4,97,1.5,220,0,0,0
2000-10-22 01:00:00,14.4,97,1.5,360,0,0,0
2000-10-22 02:00:00,15.0,93,1.5,20,0,0,0
2000-10-22 03:00:00,12.8,96,3.1,340,0,0,0
2000-10-22 04:00:00,14.4,90,0.0,0,0,0,0
2000-10-22 05:00:00,13.9,89,2.6,50,0,0,0
2000-10-22 06:00:00,13.3,93,3.1,40,0,0,0
2000-10-22 07:00:00,13.3,90,2.6,50,1,52,1
2000-10-22 08:00:00,15.0,69,5.2,10,138,266,86
2000-10-22 09:00:00,16.7,58,7.2,30,324,590,110
2000-10-22 10:00:00,17.8,58,4.6,50,456,636,139
2000-10-22 11:00:00,18.3,58,4.6,50,550,702,135
2000-10-22 12:00:00,20.0,50,4.1,40,614,716,158
2000-10-22 13:00:00,20.0,49,3.6,60,610,748,139
2000-10-22 14:00:00,20.6,49,2.1,60,547,749,118
2000-10-22 15:00:00,20.6,51,3.1,60,431,700,104
2000-10-22 16:00:00,20.0,57,3.6,90,260,556,81
2000-10-22 17:00:00,18.3,61,3.6,90,86,282,45
2000-10-22 18:00:00,16.7,65,2.1,110,0,0,0
2000-10-22 19:00:00,16.1,60,0.0,0,0,0,0
2000-10-22 20:00:00,15.0,72,2.1,50,0,0,0
2000-10-22 21:00:00,12.8,83,2.1,50,0,0,0
2000-10-22 22:00:00,12.2,80,2.6,50,0,0,0
2000-10-22 23:00:00,12.2,77,0.0,0,0,0,0
2000-10-23 00:00:00,11.7,86,1.5,100,0,0,0
2000-10-23 01:00:00,10.6,86,0.0,0,0,0,0
2000-10-23 02:00:00,8.9,96,1.5,360,0,0,0
2000-10-23 03:00:00,8.9,96,3.1,50,0,0,0
2000-10-23 04:00:00,7.2,100,2.6,360,0,0,0
2000-10-23 05:00:00,7.2,100,1.5,360,0,0,0
2000-10-23 06:00:00,7.2,97,2.1,20,0,0,0
2000-10-23 07:00:00,7.8,100,3.1,50,1,64,1
2000-10-23 08:00:00,10.0,93,3.1,40,148,352,81
2000-10-23 09:00:00,11.1,83,3.1,30,311,610,92
2000-10-23 10:00:00,13.3,69,2.6,20,469,722,113
2000-10-23 11:00:00,15.0,44,0.0,0,557,745,120
2000-10-23 12:00:00,16.1,41,0.0,0,608,716,155
2000-10-23 13:00:00,17.2,41,0.0,0,598,712,153
2000-10-23 14:00:00,17.8,40,0.0,0,541,731,126
2000-10-23 15:00:00,18.3,40,0.0,0,419,676,107
2000-10-23 16:00:00,17.8,45,3.1,120,260,567,80
2000-10-23 17:00:00,16.7,42,4.1,110,89,337,41
2000-10-23 18:00:00,15.0,53,3.1,110,0,0,0
2000-10-23 19:00:00,13.9,57,2.1,160,0,0,0
2000-10-23 20:00:00,13.3,64,2.1,150,0,0,0
2000-10-23 21:00:00,12.2,71,1.5,230,0,0,0
2000-10-23 22:00:00,11.1,80,2.6,90,0,0,0
2000-10-23 23:00:00,11.1,77,1.5,150,0,0,0
2000-10-24 00:00:00,11.1,83,3.1,180,0,0,0
2000-10-24 01:00:00,9.4,90,2.6,230,0,0,0
2000-10-24 02:00:00,8.9,89,2.6,230,0,0,0
2000-10-24 03:00:00,9.4,90,1.5,250,0,0,0
2000-10-24 04:00:00,9.4,90,0.0,0,0,0,0
2000-10-24 05:00:00,8.9,89,1.5,220,0,0,0
2000-10-24 06:00:00,9.4,93,1.5,220,0,0,0
2000-10-24 07:00:00,10.0,93,1.5,220,0,53,0
2000-10-24 08:00:00,10.6,92,2.1,210,140,311,82
2000-10-24 09:00:00,12.2,86,3.1,210,297,554,101
2000-10-24 10:00:00,13.9,74,3.6,190,418,477,184
2000-10-24 11:00:00,15.6,69,3.6,180,532,672,140
2000-10-24 12:00:00,16.7,65,4.6,170,590,674,167
2000-10-24 13:00:00,17.2,63,4.6,150,586,676,167
2000-10-24 14:00:00,18.3,58,3.1,160,523,606,182
2000-10-24 15:00:00,18.3,61,2.6,170,336,276,210
2000-10-24 16:00:00,18.3,58,3.1,180,102,0,102
2000-10-24 17:00:00,17.8,63,2.6,170,46,15,44
2000-10-24 18:00:00,17.2,67,2.1,190,0,0,0
2000-10-24 19:00:00,17.8,63,2.6,220,0,0,0
2000-10-24 20:00:00,16.7,75,2.1,180,0,0,0
2000-10-24 21:00:00,16.7,80,3.1,190,0,0,0
2000-10-24 22:00:00,16.1,78,3.6,190,0,0,0
2000-10-24 23:00:00,16.1,78,2.6,170,0,0,0
2000-10-25 00:00:00,15.6,78,2.1,190,0,0,0
2000-10-25 01:00:00,15.6,78,3.1,220,0,0,0
2000-10-25 02:00:00,15.0,77,1.5,180,0,0,0
2000-10-25 03:00:00,15.0,81,0.0,0,0,0,0
2000-10-25 04:00:00,15.0,83,0.0,0,0,0,0
2000-10-25 05:00:00,15.6,80,0.0,0,0,0,0
2000-10-25 06:00:00,15.6,83,0.0,0,0,0,0
2000-10-25 07:00:00,15.6,80,0.0,0,0,0,0
2000-10-25 08:00:00,16.1,81,0.0,0,47,0,47
2000-10-25 09:00:00,16.7,75,0.0,0,85,0,85
2000-10-25 10:00:00,17.2,75,0.0,0,104,0,104
2000-10-25 11:00:00,18.3,70,1.5,50,169,0,169
2000-10-25 12:00:00,18.9,70,0.0,0,310,66,269
2000-10-25 13:00:00,20.0,68,0.0,0,580,592,215
2000-10-25 14:00:00,20.6,68,0.0,0,506,648,144
2000-10-25 15:00:00,21.1,66,0.0,0,369,429,175
2000-10-25 16:00:00,20.6,73,1.5,60,167,114,132
2000-10-25 17:00:00,20.0,76,2.1,70,41,5,41
2000-10-25 18:00:00,18.3,90,2.1,150,0,0,0
2000-10-25 19:00:00,17.8,87,2.6,170,0,0,0
2000-10-25 20:00:00,16.7,90,2.1,150,0,0,0
2000-10-25 21:00:00,16.7,90,0.0,0,0,0,0
2000-10-25 22:00:00,16.1,97,0.0,0,0,0,0
2000-10-25 23:00:00,15.0,93,0.0,0,0,0,0
2000-10-26 00:00:00,15.0,93,0.0,0,0,0,0
2000-10-26 01:00:00,14.4,93,0.0,0,0,0,0
2000-10-26 02:00:00,13.9,93,1.5,70,0,0,0
2000-10-26 03:00:00,13.3,97,2.1,50,0,0,0
2000-10-26 04:00:00,13.3,97,0.0,0,0,0,0
2000-10-26 05:00:00,12.0,100,3.1,60,0,0,0
2000-10-26 06:00:00,12.8,100,2.6,40,0,0,0
2000-10-26 07:00:00,12.8,100,3.1,50,0,0,0
2000-10-26 08:00:00,12.8,100,3.1,80,77,7,75
2000-10-26 09:00:00,12.8,100,3.6,40,185,82,156
2000-10-26 10:00:00,12.8,100,1.5,80,196,12,190
2000-10-26 11:00:00,13.9,96,1.5,90,125,0,125
2000-10-26 12:00:00,15.0,93,0.0,0,255,18,244
2000-10-26 13:00:00,16.7,84,2.6,10,225,12,218
2000-10-26 14:00:00,17.2,78,2.1,10,293,65,257
2000-10-26 15:00:00,16.7,80,3.6,50,132,0,132
2000-10-26 16:00:00,16.1,81,3.1,40,81,0,81
2000-10-26 17:00:00,15.0,87,3.1,70,59,110,45
2000-10-26 18:00:00,14.4,87,2.6,70,0,0,0
2000-10-26 19:00:00,13.9,87,1.5,80,0,0,0
2000-10-26 20:00:00,13.3,93,2.1,50,0,0,0
2000-10-26 21:00:00,13.3,93,2.6,60,0,0,0
2000-10-26 22:00:00,12.8,93,2.6,30,0,0,0
2000-10-26 23:00:00,13.3,90,2.1,60,0,0,0
2000-10-27 00:00:00,12.2,93,2.6,350,0,0,0
2000-10-27 01:00:00,12.2,93,2.1,340,0,0,0
2000-10-27 02:00:00,11.7,93,2.6,340,0,0,0
2000-10-27 03:00:00,11.1,97,1.5,340,0,0,0
2000-10-27 04:00:00,11.0,100,2.6,50,0,0,0
2000-10-27 05:00:00,11.7,96,2.1,30,0,0,0
2000-10-27 06:00:00,11.0,100,2.1,350,0,0,0
2000-10-27 07:00:00,11.1,97,2.6,360,0,0,0
2000-10-27 08:00:00,13.0,94,2.6,360,107,115,86
2000-10-27 09:00:00,13.9,89,1.5,360,256,378,127
2000-10-27 10:00:00,15.6,86,2.1,50,392,441,182
2000-10-27 11:00:00,17.8,78,2.1,60,413,230,282
2000-10-27 12:00:00,20.0,65,1.5,30,559,578,205
2000-10-27 13:00:00,21.7,57,0.0,0,574,676,164
2000-10-27 14:00:00,22.8,53,3.1,340,517,672,148
2000-10-27 15:00:00,22.8,53,3.1,330,374,523,142
2000-10-27 16:00:00,21.7,57,3.1,300,252,519,97
2000-10-27 17:00:00,21.7,61,3.6,310,58,114,44
2000-10-27 18:00:00,20.6,65,0.0,0,0,0,0
2000-10-27 19:00:00,18.9,73,2.6,360,0,0,0
2000-10-27 20:00:00,17.8,84,0.0,0,0,0,0
2000-10-27 21:00:00,17.2,87,0.0,0,0,0,0
2000-10-27 22:00:00,16.1,93,1.5,180,0,0,0
2000-10-27 23:00:00,15.0,90,1.5,200,0,0,0
2000-10-28 00:00:00,14.4,93,2.1,190,0,0,0
2000-10-28 01:00:00,15.0,96,0.0,0,0,0,0
2000-10-28 02:00:00,16.1,90,2.1,20,0,0,0
2000-10-28 03:00:00,19.4,68,5.7,320,0,0,0
2000-10-28 04:00:00,18.3,76,4.1,340,0,0,0
2000-10-28 05:00:00,18.3,76,5.7,320,0,0,0
2000-10-28 06:00:00,17.8,78,3.6,320,0,0,0
2000-10-28 07:00:00,17.8,80,7.2,300,0,0,0
2000-10-28 08:00:00,18.3,78,4.6,330,127,245,85
2000-10-28 09:00:00,19.4,73,6.2,320,271,467,113
2000-10-28 10:00:00,20.6,65,5.7,300,425,484,197
2000-10-28 11:00:00,16.7,72,8.8,350,207,18,196
2000-10-28 12:00:00,18.9,50,8.8,360,577,572,229
2000-10-28 13:00:00,18.9,32,8.8,360,568,700,147
2000-10-28 14:00:00,18.3,34,6.2,10,511,707,126
2000-10-28 15:00:00,17.8,30,10.8,10,390,652,104
2000-10-28 16:00:00,17.2,35,8.2,10,246,621,63
2000-10-28 17:00:00,15.6,36,7.7,360,72,306,35
2000-10-28 18:00:00,13.9,35,5.2,360,0,0,0
2000-10-28 19:00:00,12.8,38,7.2,360,0,0,0
2000-10-28 20:00:00,11.7,39,6.2,360,0,0,0
2000-10-28 21:00:00,11.2,41,6.2,10,0,0,0
2000-10-28 22:00:00,10.6,44,6.2,10,0,0,0
2000-10-28 23:00:00,10.0,43,7.2,10,0,0,0
2000-10-29 00:00:00,8.9,42,5.2,20,0,0,0
2000-10-29 01:00:00,7.8,40,7.7,10,0,0,0
2000-10-29 02:00:00,5.6,46,3.1,340,0,0,0
2000-10-29 03:00:00,5.0,48,3.6,310,0,0,0
2000-10-29 04:00:00,3.3,60,3.1,340,0,0,0
2000-10-29 05:00:00,4.4,53,4.6,320,0,0,0
2000-10-29 06:00:00,3.3,60,3.1,350,0,0,0
2000-10-29 07:00:00,3.3,60,3.6,320,0,0,0
2000-10-29 08:00:00,5.6,49,4.1,330,129,261,85
2000-10-29 09:00:00,7.8,42,5.2,320,279,531,102
2000-10-29 10:00:00,10.0,36,6.7,340,445,705,115
2000-10-29 11:00:00,11.7,28,6.2,330,533,751,112
2000-10-29 12:00:00,12.8,25,7.2,310,590,770,124
2000-10-29 13:00:00,13.3,25,5.7,280,592,802,113
2000-10-29 14:00:00,14.4,21,9.3,310,499,671,137
2000-10-29 15:00:00,15.6,21,4.6,310,395,698,92
2000-10-29 16:00:00,15.6,20,7.7,320,230,540,74
2000-10-29 17:00:00,13.9,24,5.2,310,67,245,39
2000-10-29 18:00:00,13.3,26,5.2,320,0,0,0
2000-10-29 19:00:00,13.3,28,4.6,320,0,0,0
2000-10-29 20:00:00,11.7,32,3.6,310,0,0,0
2000-10-29 21:00:00,10.6,36,4.6,330,0,0,0
2000-10-29 22:00:00,11.1,32,7.2,320,0,0,0
2000-10-29 23:00:00,10.0,30,5.7,330,0,0,0
2000-10-30 00:00:00,10.0,28,6.2,330,0,0,0
2000-10-30 01:00:00,8.9,30,5.2,330,0,0,0
2000-10-30 02:00:00,8.3,32,4.6,320,0,0,0
2000-10-30 03:00:00,7.8,35,4.1,320,0,0,0
2000-10-30 04:00:00,6.7,39,3.6,290,0,0,0
2000-10-30 05:00:00,7.2,43,4.1,290,0,0,0
2000-10-30 06:00:00,5.6,51,4.1,280,0,0,0
2000-10-30 07:00:00,5.6,51,3.6,290,0,0,0
2000-10-30 08:00:00,7.2,48,3.1,290,131,292,83
2000-10-30 09:00:00,10.0,38,7.2,320,280,506,113
2000-10-30 10:00:00,11.7,32,8.8,320,419,601,141
2000-10-30 11:00:00,13.3,28,6.7,340,520,703,130
2000-10-30 12:00:00,14.4,27,7.2,320,571,716,142
2000-10-30 13:00:00,15.0,26,6.2,320,550,664,157
2000-10-30 14:00:00,16.1,25,6.2,310,488,653,138
2000-10-30 15:00:00,16.7,27,5.7,330,373,575,125
2000-10-30 16:00:00,16.7,29,5.7,340,230,557,71
2000-10-30 17:00:00,15.6,31,5.2,350,63,243,35
2000-10-30 18:00:00,13.3,42,4.6,360,0,0,0
2000-10-30 19:00:00,12.2,43,3.1,360,0,0,0
2000-10-30 20:00:00,11.1,63,5.2,50,0,0,0
2000-10-30 21:00:00,10.6,54,4.1,50,0,0,0
2000-10-30 22:00:00,10.6,54,6.2,20,0,0,0
2000-10-30 23:00:00,9.4,54,6.2,10,0,0,0
2000-10-31 00:00:00,8.9,49,7.7,10,0,0,0
2000-10-31 01:00:00,7.2,55,4.6,350,0,0,0
2000-10-31 02:00:00,6.7,57,5.7,360,0,0,0
2000-10-31 03:00:00,6.1,56,4.6,340,0,0,0
2000-10-31 04:00:00,6.1,56,5.2,330,0,0,0
2000-10-31 05:00:00,5.0,64,3.1,330,0,0,0
2000-10-31 06:00:00,3.9,69,3.6,350,0,0,0
2000-10-31 07:00:00,5.6,61,4.1,330,0,0,0
2000-10-31 08:00:00,6.7,57,5.2,330,123,250,83
2000-10-31 09:00:00,8.9,51,6.7,330,273,538,98
2000-10-31 10:00:00,10.6,48,6.7,320,426,620,142
2000-10-31 11:00:00,12.2,47,5.2,330,502,630,154
2000-10-31 12:00:00,14.4,44,5.2,330,565,698,150
2000-10-31 13:00:00,14.4,44,5.2,330,586,802,114
2000-10-31 14:00:00,15.0,42,7.2,310,516,778,103
2000-10-31 15:00:00,16.1,41,5.7,330,383,680,94
2000-10-31 16:00:00,15.6,40,7.2,320,219,528,70
2000-10-31 17:00:00,14.4,42,4.6,310,62,271,32
2000-10-31 18:00:00,13.3,43,4.1,330,0,0,0
2000-10-31 19:00:00,12.2,49,2.6,350,0,0,0
2000-10-31 20:00:00,11.1,50,4.1,340,0,0,0
2000-10-31 21:00:00,10.0,54,3.1,320,0,0,0
2000-10-31 22:00:00,9.0,50,3.0,280,0,0,0
2000-10-31 23:00:00,7.9,63,3.0,10,0,0,0
2000-11-01 00:00:00,6.9,65,2.9,330,0,0,0
2002-11-01 01:00:00,5.9,79,2.8,320,0,0,0
2002-11-01 02:00:00,4.9,83,2.7,0,0,0,0
2002-11-01 03:00:00,3.8,85,2.7,220,0,0,0
2002-11-01 04:00:00,2.8,92,2.6,210,0,0,0
2002-11-01 05:00:00,1.7,96,3.1,220,0,0,0
2002-11-01 06:00:00,1.1,100,2.6,240,0,0,0
2002-11-01 07:00:00,1.7,96,3.1,210,0,0,0
2002-11-01 08:00:00,3.9,89,3.6,210,113,207,81
2002-11-01 09:00:00,5.0,86,3.1,200,209,177,151
2002-11-01 10:00:00,7.8,76,3.6,180,190,12,185
2002-11-01 11:00:00,10.0,63,4.1,240,182,0,182
2002-11-01 12:00:00,11.1,59,6.2,280,572,505,272
2002-11-01 13:00:00,12.8,52,5.7,290,444,269,286
2002-11-01 14:00:00,11.1,57,8.2,270,92,0,92
2002-11-01 15:00:00,11.7,54,7.2,270,219,82,184
2002-11-01 16:00:00,11.1,57,5.2,280,154,125,119
2002-11-01 17:00:00,10.6,56,3.6,270,54,193,34
2002-11-01 18:00:00,10.6,54,5.2,320,0,0,0
2002-11-01 19:00:00,7.8,71,3.1,340,0,0,0
2002-11-01 20:00:00,7.2,74,4.1,360,0,0,0
2002-11-01 21:00:00,6.7,70,4.1,350,0,0,0
2002-11-01 22:00:00,6.1,65,4.6,360,0,0,0
2002-11-01 23:00:00,5.6,56,4.6,340,0,0,0
2002-11-02 00:00:00,5.6,51,4.6,330,0,0,0
2002-11-02 01:00:00,5.0,48,5.2,330,0,0,0
2002-11-02 02:00:00,3.9,52,3.6,300,0,0,0
2002-11-02 03:00:00,2.8,57,3.1,300,0,0,0
2002-11-02 04:00:00,2.8,57,3.1,300,0,0,0
2002-11-02 05:00:00,2.8,51,5.7,300,0,0,0
2002-11-02 06:00:00,2.2,53,6.2,300,0,0,0
2002-11-02 07:00:00,2.2,56,5.2,270,0,0,0
2002-11-02 08:00:00,3.3,55,5.2,280,115,305,68
2002-11-02 09:00:00,5.0,48,6.7,300,296,641,91
2002-11-02 10:00:00,6.7,47,7.2,300,420,669,117
2002-11-02 11:00:00,7.2,43,6.7,260,540,770,120
2002-11-02 12:00:00,8.3,44,6.2,250,566,734,133
2002-11-02 13:00:00,8.9,41,7.2,260,562,736,134
2002-11-02 14:00:00,9.4,39,6.7,250,493,707,123
2002-11-02 15:00:00,9.4,39,6.7,230,388,709,91
2002-11-02 16:00:00,10.0,39,4.6,260,223,538,75
2002-11-02 17:00:00,8.9,42,3.6,230,53,272,25
2002-11-02 18:00:00,6.7,59,3.1,220,0,0,0
2002-11-02 19:00:00,6.7,57,3.1,230,0,0,0
2002-11-02 20:00:00,5.6,67,2.1,240,0,0,0
2002-11-02 21:00:00,7.8,44,0.0,0,0,0,0
2002-11-02 22:00:00,7.2,40,2.6,270,0,0,0
2002-11-02 23:00:00,5.6,56,1.5,280,0,0,0
2002-11-03 00:00:00,3.9,82,2.6,10,0,0,0
2002-11-03 01:00:00,2.2,74,2.6,360,0,0,0
2002-11-03 02:00:00,2.8,78,1.5,20,0,0,0
2002-11-03 03:00:00,3.3,72,1.5,260,0,0,0
2002-11-03 04:00:00,3.3,69,1.5,350,0,0,0
2002-11-03 05:00:00,3.3,69,2.1,340,0,0,0
2002-11-03 06:00:00,3.3,69,2.6,310,0,0,0
2002-11-03 07:00:00,3.3,69,3.1,310,0,0,0
2002-11-03 08:00:00,3.9,79,0.0,0,85,97,70
2002-11-03 09:00:00,7.2,63,2.1,360,297,533,128
2002-11-03 10:00:00,8.9,61,4.1,10,427,737,96
2002-11-03 11:00:00,10.0,54,5.2,350,515,679,148
2002-11-03 12:00:00,11.1,50,4.1,360,553,692,149
2002-11-03 13:00:00,11.1,54,3.1,50,568,760,129
2002-11-03 14:00:00,10.6,52,2.1,150,487,701,123
2002-11-03 15:00:00,11.1,50,1.5,200,377,656,104
2002-11-03 16:00:00,11.1,50,2.1,250,213,498,77
2002-11-03 17:00:00,8.9,63,2.6,190,56,332,22
2002-11-03 18:00:00,8.9,71,2.6,170,0,0,0
2002-11-03 19:00:00,7.8,76,1.5,140,0,0,0
2002-11-03 20:00:00,6.7,76,3.1,180,0,0,0
2002-11-03 21:00:00,6.7,79,3.6,190,0,0,0
2002-11-03 22:00:00,6.1,82,4.1,190,0,0,0
2002-11-03 23:00:00,5.6,82,1.5,140,0,0,0
2002-11-04 00:00:00,6.1,79,0.0,0,0,0,0
2002-11-04 01:00:00,6.7,82,2.1,180,0,0,0
2002-11-04 02:00:00,6.7,85,2.1,190,0,0,0
2002-11-04 03:00:00,6.7,89,3.6,200,0,0,0
2002-11-04 04:00:00,7.2,82,4.6,200,0,0,0
2002-11-04 05:00:00,7.2,86,5.2,190,0,0,0
2002-11-04 06:00:00,7.2,86,5.2,180,0,0,0
2002-11-04 07:00:00,6.7,93,5.2,200,0,0,0
2002-11-04 08:00:00,6.7,96,4.1,190,54,0,54
2002-11-04 09:00:00,7.8,89,4.1,230,138,13,134
2002-11-04 10:00:00,7.8,93,4.6,220,132,0,132
2002-11-04 11:00:00,8.9,93,4.1,200,144,0,144
2002-11-04 12:00:00,9.4,86,3.1,270,304,96,248
2002-11-04 13:00:00,10.6,79,2.6,240,503,496,218
2002-11-04 14:00:00,11.7,77,2.6,170,429,469,188
2002-11-04 15:00:00,12.8,69,2.1,260,349,533,130
2002-11-04 16:00:00,12.2,66,4.6,350,207,430,92
2002-11-04 17:00:00,11.7,68,5.2,350,48,225,26
2002-11-04 18:00:00,10.6,71,3.1,350,0,0,0
2002-11-04 19:00:00,9.4,80,3.1,360,0,0,0
2002-11-04 20:00:00,8.3,86,3.6,10,0,0,0
2002-11-04 21:00:00,8.3,86,4.1,330,0,0,0
2002-11-04 22:00:00,7.8,89,3.6,330,0,0,0
2002-11-04 23:00:00,8.3,83,2.1,300,0,0,0
2002-11-05 00:00:00,8.3,83,3.1,350,0,0,0
2002-11-05 01:00:00,8.3,83,4.1,330,0,0,0
2002-11-05 02:00:00,8.3,71,3.6,330,0,0,0
2002-11-05 03:00:00,6.1,89,2.1,360,0,0,0
2002-11-05 04:00:00,7.2,74,2.1,330,0,0,0
2002-11-05 05:00:00,3.9,96,0.0,0,0,0,0
2002-11-05 06:00:00,5.6,96,0.0,0,0,0,0
2002-11-05 07:00:00,4.4,100,2.1,360,0,0,0
2002-11-05 08:00:00,6.7,89,2.6,70,77,76,66
2002-11-05 09:00:00,7.8,79,3.6,70,226,293,135
2002-11-05 10:00:00,8.9,73,2.1,60,244,74,211
2002-11-05 11:00:00,10.6,61,4.6,100,371,182,274
2002-11-05 12:00:00,10.0,66,4.6,160,292,42,268
2002-11-05 13:00:00,10.0,71,4.6,140,171,0,171
2002-11-05 14:00:00,9.4,74,4.6,130,97,0,97
2002-11-05 15:00:00,9.4,74,4.6,140,131,0,131
2002-11-05 16:00:00,8.9,77,6.2,160,39,0,39
2002-11-05 17:00:00,7.2,97,3.6,150,22,0,22
2002-11-05 18:00:00,6.7,100,4.6,160,0,0,0
2002-11-05 19:00:00,6.7,100,2.1,150,0,0,0
2002-11-05 20:00:00,6.7,100,2.1,130,0,0,0
2002-11-05 21:00:00,7.2,100,3.1,150,0,0,0
2002-11-05 22:00:00,7.8,100,2.1,100,0,0,0
2002-11-05 23:00:00,7.8,100,3.1,360,0,0,0
2002-11-06 00:00:00,7.8,100,2.1,10,0,0,0
2002-11-06 01:00:00,7.8,100,1.5,20,0,0,0
2002-11-06 02:00:00,7.8,100,1.5,360,0,0,0
2002-11-06 03:00:00,7.8,100,2.1,90,0,0,0
2002-11-06 04:00:00,7.8,100,1.5,20,0,0,0
2002-11-06 05:00:00,8.3,100,2.1,90,0,0,0
2002-11-06 06:00:00,8.3,100,0.0,0,0,0,0
2002-11-06 07:00:00,8.3,100,3.6,350,0,0,0
2002-11-06 08:00:00,8.9,100,3.6,360,79,92,66
2002-11-06 09:00:00,9.4,97,4.1,350,161,83,135
2002-11-06 10:00:00,10.6,92,4.6,360,376,467,172
2002-11-06 11:00:00,11.1,93,3.6,350,427,352,242
2002-11-06 12:00:00,12.2,86,6.2,340,359,144,276
2002-11-06 13:00:00,12.2,80,6.7,320,118,0,118
2002-11-06 14:00:00,12.2,77,10.8,320,258,65,224
2002-11-06 15:00:00,11.7,74,8.2,320,256,158,192
2002-11-06 16:00:00,11.7,68,7.2,310,128,56,113
2002-11-06 17:00:00,10.6,68,6.2,320,25,5,24
2002-11-06 18:00:00,9.4,63,6.7,330,0,0,0
2002-11-06 19:00:00,9.4,61,5.7,320,0,0,0
2002-11-06 20:00:00,9.4,66,7.7,330,0,0,0
2002-11-06 21:00:00,8.9,68,7.7,320,0,0,0
2002-11-06 22:00:00,8.9,68,7.7,330,0,0,0
2002-11-06 23:00:00,8.9,63,6.2,310,0,0,0
2002-11-07 00:00:00,8.3,65,6.2,320,0,0,0
2002-11-07 01:00:00,8.9,63,4.6,310,0,0,0
2002-11-07 02:00:00,8.9,58,7.2,320,0,0,0
2002-11-07 03:00:00,8.9,58,8.2,330,0,0,0
2002-11-07 04:00:00,8.9,56,4.6,310,0,0,0
2002-11-07 05:00:00,8.3,58,3.1,320,0,0,0
2002-11-07 06:00:00,8.3,63,6.2,320,0,0,0
2002-11-07 07:00:00,7.8,68,6.2,280,0,0,0
2002-11-07 08:00:00,7.8,68,4.1,290,23,0,23
2002-11-07 09:00:00,8.3,68,6.2,310,161,89,134
2002-11-07 10:00:00,10.0,63,5.2,300,231,74,199
2002-11-07 11:00:00,9.4,68,6.2,330,157,0,157
2002-11-07 12:00:00,10.0,66,6.7,320,268,42,244
2002-11-07 13:00:00,10.0,66,4.1,340,443,227,316
2002-11-07 14:00:00,9.4,68,5.2,300,80,0,80
2002-11-07 15:00:00,9.4,71,4.6,290,82,0,82
2002-11-07 16:00:00,9.4,68,5.2,310,142,141,106
2002-11-07 17:00:00,8.9,68,4.1,300,39,156,26
2002-11-07 18:00:00,8.3,71,2.6,290,0,0,0
2002-11-07 19:00:00,7.8,79,3.1,280,0,0,0
2002-11-07 20:00:00,7.8,76,3.1,280,0,0,0
2002-11-07 21:00:00,6.7,82,3.1,230,0,0,0
2002-11-07 22:00:00,6.7,82,2.6,240,0,0,0
2002-11-07 23:00:00,5.0,89,2.6,180,0,0,0
2002-11-08 00:00:00,4.4,100,3.6,200,0,0,0
2002-11-08 01:00:00,4.4,97,3.6,200,0,0,0
2002-11-08 02:00:00,3.3,100,2.6,230,0,0,0
2002-11-08 03:00:00,3.3,100,3.1,220,0,0,0
2002-11-08 04:00:00,3.3,100,2.1,240,0,0,0
2002-11-08 05:00:00,3.3,100,4.6,200,0,0,0
2002-11-08 06:00:00,3.3,100,4.1,210,0,0,0
2002-11-08 07:00:00,3.3,100,2.1,240,0,0,0
2002-11-08 08:00:00,4.4,100,4.6,190,106,321,63
2002-11-08 09:00:00,6.1,89,4.1,210,257,569,89
2002-11-08 10:00:00,7.8,86,5.2,180,396,664,112
2002-11-08 11:00:00,10.0,77,5.2,180,509,740,125
2002-11-08 12:00:00,11.1,74,5.7,180,536,716,132
2002-11-08 13:00:00,12.2,71,6.2,170,538,742,126
2002-11-08 14:00:00,15.6,53,6.7,220,469,712,114
2002-11-08 15:00:00,15.6,62,4.1,190,370,725,83
2002-11-08 16:00:00,15.0,62,4.1,190,205,517,74
2002-11-08 17:00:00,15.0,60,4.6,210,44,304,19
2002-11-08 18:00:00,12.2,74,4.1,200,0,0,0
2002-11-08 19:00:00,11.7,77,3.1,210,0,0,0
2002-11-08 20:00:00,10.6,86,4.6,200,0,0,0
2002-11-08 21:00:00,10.0,96,5.2,200,0,0,0
2002-11-08 22:00:00,10.0,89,3.1,220,0,0,0
2002-11-08 23:00:00,10.0,86,4.6,210,0,0,0
2002-11-09 00:00:00,10.0,89,5.2,190,0,0,0
2002-11-09 01:00:00,9.4,90,4.1,190,0,0,0
2002-11-09 02:00:00,9.4,90,4.1,210,0,0,0
2002-11-09 03:00:00,10.0,86,5.2,210,0,0,0
2002-11-09 04:00:00,8.3,93,3.1,220,0,0,0
2002-11-09 05:00:00,7.8,96,3.1,230,0,0,0
2002-11-09 06:00:00,8.3,93,1.5,270,0,0,0
2002-11-09 07:00:00,6.7,100,3.1,200,0,0,0
2002-11-09 08:00:00,8.3,97,2.1,230,84,166,63
2002-11-09 09:00:00,10.0,93,3.6,220,258,588,86
2002-11-09 10:00:00,11.7,86,4.1,190,410,726,102
2002-11-09 11:00:00,12.2,83,6.2,180,466,582,165
2002-11-09 12:00:00,15.0,75,3.6,210,529,692,143
2002-11-09 13:00:00,16.7,65,4.6,190,520,688,141
2002-11-09 14:00:00,17.2,63,4.1,200,457,676,123
2002-11-09 15:00:00,17.2,65,3.6,190,353,649,99
2002-11-09 16:00:00,16.7,67,3.6,190,200,511,72
2002-11-09 17:00:00,15.0,75,5.2,200,38,242,18
2002-11-09 18:00:00,16.1,70,4.6,190,0,0,0
2002-11-09 19:00:00,13.9,87,4.1,190,0,0,0
2002-11-09 20:00:00,13.3,93,5.2,200,0,0,0
2002-11-09 21:00:00,13.3,97,5.2,200,0,0,0
2002-11-09 22:00:00,16.1,72,5.2,200,0,0,0
2002-11-09 23:00:00,15.6,72,5.2,200,0,0,0
2002-11-10 00:00:00,13.9,89,5.7,200,0,0,0
2002-11-10 01:00:00,12.8,93,6.2,190,0,0,0
2002-11-10 02:00:00,14.4,87,4.1,200,0,0,0
2002-11-10 03:00:00,12.8,93,5.7,200,0,0,0
2002-11-10 04:00:00,13.3,93,6.2,190,0,0,0
2002-11-10 05:00:00,13.3,93,6.7,200,0,0,0
2002-11-10 06:00:00,12.8,96,5.2,190,0,0,0
2002-11-10 07:00:00,13.3,97,4.6,190,0,0,0
2002-11-10 08:00:00,13.9,96,6.2,190,86,224,58
2002-11-10 09:00:00,15.0,93,6.2,190,251,551,92
2002-11-10 10:00:00,16.7,93,6.2,190,391,671,108
2002-11-10 11:00:00,17.2,90,7.7,190,497,734,122
2002-11-10 12:00:00,21.7,76,9.3,200,530,728,126
2002-11-10 13:00:00,22.2,73,9.3,210,520,706,133
2002-11-10 14:00:00,22.2,76,8.2,220,457,694,116
2002-11-10 15:00:00,21.7,79,6.2,210,348,637,100
2002-11-10 16:00:00,19.4,87,4.1,190,194,494,72
2002-11-10 17:00:00,19.4,87,5.2,200,37,258,17
2002-11-10 18:00:00,18.9,87,5.2,190,0,0,0
2002-11-10 19:00:00,17.8,93,5.7,190,0,0,0
2002-11-10 20:00:00,19.4,87,6.7,190,0,0,0
2002-11-10 21:00:00,21.1,84,6.7,190,0,0,0
2002-11-10 22:00:00,20.0,87,7.2,190,0,0,0
2002-11-10 23:00:00,19.4,87,6.2,190,0,0,0
2002-11-11 00:00:00,19.4,90,6.7,190,0,0,0
2002-11-11 01:00:00,18.3,97,8.2,200,0,0,0
2002-11-11 02:00:00,18.9,93,7.2,200,0,0,0
2002-11-11 03:00:00,18.3,93,6.2,190,0,0,0
2002-11-11 04:00:00,18.3,97,5.2,190,0,0,0
2002-11-11 05:00:00,18.5,96,5.7,200,0,0,0
2002-11-11 06:00:00,18.3,97,5.2,200,0,0,0
2002-11-11 07:00:00,20.0,100,7.2,220,0,0,0
2002-11-11 08:00:00,18.9,100,4.1,200,89,121,74
2002-11-11 09:00:00,17.2,100,6.2,210,74,0,74
2002-11-11 10:00:00,17.2,100,5.2,200,86,0,86
2002-11-11 11:00:00,17.8,100,5.7,200,82,0,82
2002-11-11 12:00:00,17.2,100,2.1,190,91,0,91
2002-11-11 13:00:00,18.9,96,4.6,220,148,0,148
2002-11-11 14:00:00,19.4,97,1.5,210,223,24,211
2002-11-11 15:00:00,20.0,90,3.1,190,136,0,136
2002-11-11 16:00:00,18.3,97,4.1,190,87,6,86
2002-11-11 17:00:00,19.4,90,3.1,190,30,84,24
2002-11-11 18:00:00,18.9,87,2.6,180,0,0,0
2002-11-11 19:00:00,18.9,90,2.1,180,0,0,0
2002-11-11 20:00:00,18.9,90,0.0,0,0,0,0
2002-11-11 21:00:00,18.3,93,0.0,0,0,0,0
2002-11-11 22:00:00,17.8,93,0.0,0,0,0,0
2002-11-11 23:00:00,17.2,93,0.0,0,0,0,0
2002-11-12 00:00:00,15.6,96,2.1,30,0,0,0
2002-11-12 01:00:00,14.4,93,2.6,30,0,0,0
2002-11-12 02:00:00,15.0,90,2.6,20,0,0,0
2002-11-12 03:00:00,15.0,83,0.0,0,0,0,0
2002-11-12 04:00:00,12.8,100,3.1,10,0,0,0
2002-11-12 05:00:00,13.3,94,2.6,80,0,0,0
2002-11-12 06:00:00,13.9,96,3.6,20,0,0,0
2002-11-12 07:00:00,13.9,89,3.6,30,0,0,0
2002-11-12 08:00:00,13.3,97,4.6,80,26,0,26
2002-11-12 09:00:00,12.8,93,5.2,360,52,0,52
2002-11-12 10:00:00,12.2,97,7.2,10,66,0,66
2002-11-12 11:00:00,11.7,100,6.2,20,94,0,94
2002-11-12 12:00:00,11.7,100,5.2,10,91,0,91
2002-11-12 13:00:00,11.7,100,6.7,10,89,0,89
2002-11-12 14:00:00,11.1,100,5.7,360,74,0,74
2002-11-12 15:00:00,10.6,100,9.8,360,65,0,65
2002-11-12 16:00:00,10.6,100,6.2,10,34,0,34
2002-11-12 17:00:00,10.6,100,7.2,20,19,9,18
2002-11-12 18:00:00,10.6,100,6.2,20,0,0,0
2002-11-12 19:00:00,10.6,100,4.6,360,0,0,0
2002-11-12 20:00:00,10.6,96,5.2,360,0,0,0
2002-11-12 21:00:00,10.6,96,4.6,360,0,0,0
2002-11-12 22:00:00,10.6,96,4.1,340,0,0,0
2002-11-12 23:00:00,10.0,96,5.2,340,0,0,0
2002-11-13 00:00:00,10.0,93,4.1,350,0,0,0
2002-11-13 01:00:00,10.0,93,4.1,340,0,0,0
2002-11-13 02:00:00,10.0,93,3.6,350,0,0,0
2002-11-13 03:00:00,10.0,93,3.1,330,0,0,0
2002-11-13 04:00:00,10.0,96,3.1,10,0,0,0
2002-11-13 05:00:00,10.0,93,5.2,340,0,0,0
2002-11-13 06:00:00,10.0,89,4.6,320,0,0,0
2002-11-13 07:00:00,10.0,86,5.2,330,0,0,0
2002-11-13 08:00:00,9.4,83,5.2,350,13,0,13
2002-11-13 09:00:00,9.4,80,5.7,360,45,0,45
2002-11-13 10:00:00,9.4,77,6.7,340,86,0,86
2002-11-13 11:00:00,10.0,74,7.2,350,101,0,101
2002-11-13 12:00:00,10.0,71,7.7,340,323,120,257
2002-11-13 13:00:00,10.0,66,7.7,340,177,6,174
2002-11-13 14:00:00,10.0,66,7.2,330,274,101,226
2002-11-13 15:00:00,10.0,66,6.2,350,65,0,65
2002-11-13 16:00:00,9.4,66,6.2,320,63,0,63
2002-11-13 17:00:00,8.9,63,3.6,330,24,82,18
2002-11-13 18:00:00,8.3,65,3.6,340,0,0,0
2002-11-13 19:00:00,7.8,71,3.1,340,0,0,0
2002-11-13 20:00:00,7.2,70,2.6,340,0,0,0
2002-11-13 21:00:00,6.7,76,2.6,330,0,0,0
2002-11-13 22:00:00,6.1,79,2.6,360,0,0,0
2002-11-13 23:00:00,5.6,76,1.5,360,0,0,0
2002-11-14 00:00:00,5.6,82,2.1,360,0,0,0
2002-11-14 01:00:00,5.0,86,0.0,0,0,0,0
2002-11-14 02:00:00,5.0,86,1.5,230,0,0,0
2002-11-14 03:00:00,4.4,89,2.1,200,0,0,0
2002-11-14 04:00:00,3.3,97,2.6,210,0,0,0
2002-11-14 05:00:00,3.3,97,2.6,230,0,0,0
2002-11-14 06:00:00,2.8,96,2.6,230,0,0,0
2002-11-14 07:00:00,3.3,97,2.1,210,0,0,0
2002-11-14 08:00:00,4.4,93,3.1,220,83,252,55
2002-11-14 09:00:00,7.2,90,4.1,200,232,522,90
2002-11-14 10:00:00,9.4,83,4.1,190,386,728,91
2002-11-14 11:00:00,12.8,64,4.6,200,467,680,130
2002-11-14 12:00:00,14.4,57,3.6,200,530,777,111
2002-11-14 13:00:00,15.0,60,6.2,180,526,795,102
2002-11-14 14:00:00,15.0,64,6.2,180,468,801,87
2002-11-14 15:00:00,15.6,55,5.7,210,352,730,78
2002-11-14 16:00:00,14.4,65,5.2,190,187,508,68
2002-11-14 17:00:00,13.3,72,5.2,190,26,150,16
2002-11-14 18:00:00,12.2,71,4.6,200,0,0,0
2002-11-14 19:00:00,11.1,89,4.1,200,0,0,0
2002-11-14 20:00:00,11.7,80,4.1,190,0,0,0
2002-11-14 21:00:00,10.6,79,4.1,210,0,0,0
2002-11-14 22:00:00,10.6,74,4.6,210,0,0,0
2002-11-14 23:00:00,10.6,68,5.2,210,0,0,0
2002-11-15 00:00:00,10.6,65,5.2,200,0,0,0
2002-11-15 01:00:00,9.4,71,4.6,210,0,0,0
2002-11-15 02:00:00,8.9,77,3.1,220,0,0,0
2002-11-15 03:00:00,8.3,80,2.6,220,0,0,0
2002-11-15 04:00:00,7.8,82,2.6,220,0,0,0
2002-11-15 05:00:00,6.7,93,3.6,200,0,0,0
2002-11-15 06:00:00,6.7,93,2.6,220,0,0,0
2002-11-15 07:00:00,7.2,90,3.1,220,0,0,0
2002-11-15 08:00:00,7.8,89,3.6,210,71,128,58
2002-11-15 09:00:00,9.4,80,5.2,220,211,387,106
2002-11-15 10:00:00,10.0,83,4.6,190,339,512,134
2002-11-15 11:00:00,11.1,80,5.2,180,461,528,201
2002-11-15 12:00:00,12.2,71,4.6,180,305,102,250
2002-11-15 13:00:00,12.8,72,3.6,170,408,317,240
2002-11-15 14:00:00,13.9,64,3.6,190,405,462,186
2002-11-15 15:00:00,13.9,62,2.6,180,335,654,92
2002-11-15 16:00:00,15.0,55,1.5,190,182,485,70
2002-11-15 17:00:00,12.8,69,2.6,200,25,157,15
2002-11-15 18:00:00,13.3,62,2.1,130,0,0,0
2002-11-15 19:00:00,12.2,69,0.0,0,0,0,0
2002-11-15 20:00:00,12.2,71,0.0,0,0,0,0
2002-11-15 21:00:00,10.6,86,1.5,130,0,0,0
2002-11-15 22:00:00,11.7,77,0.0,0,0,0,0
2002-11-15 23:00:00,11.1,80,0.0,0,0,0,0
2002-11-16 00:00:00,11.1,80,0.0,0,0,0,0
2002-11-16 01:00:00,10.6,92,1.5,50,0,0,0
2002-11-16 02:00:00,10.0,100,2.1,40,0,0,0
2002-11-16 03:00:00,10.6,100,3.6,20,0,0,0
2002-11-16 04:00:00,10.0,100,1.5,60,0,0,0
2002-11-16 05:00:00,10.0,100,3.1,40,0,0,0
2002-11-16 06:00:00,9.4,100,3.6,50,0,0,0
2002-11-16 07:00:00,10.0,100,4.1,90,0,0,0
2002-11-16 08:00:00,10.6,100,4.1,10,30,0,30
2002-11-16 09:00:00,10.6,100,5.2,20,38,0,38
2002-11-16 10:00:00,10.6,100,3.1,60,60,0,60
2002-11-16 11:00:00,11.1,100,4.6,50,76,0,76
2002-11-16 12:00:00,10.6,100,4.1,30,85,0,85
2002-11-16 13:00:00,10.6,100,3.6,50,118,0,118
2002-11-16 14:00:00,10.6,100,5.2,60,74,0,74
2002-11-16 15:00:00,10.6,100,6.2,50,70,0,70
2002-11-16 16:00:00,10.0,100,5.7,50,33,0,33
2002-11-16 17:00:00,10.0,100,5.7,50,10,0,10
2002-11-16 18:00:00,10.0,100,5.2,30,0,0,0
2002-11-16 19:00:00,10.0,100,6.7,30,0,0,0
2002-11-16 20:00:00,10.0,100,6.2,30,0,0,0
2002-11-16 21:00:00,10.0,100,7.2,40,0,0,0
2002-11-16 22:00:00,9.4,100,7.7,40,0,0,0
2002-11-16 23:00:00,8.9,100,6.2,40,0,0,0
2002-11-17 00:00:00,8.9,100,6.7,20,0,0,0
2002-11-17 01:00:00,8.9,100,6.7,30,0,0,0
2002-11-17 02:00:00,8.3,100,7.7,30,0,0,0
2002-11-17 03:00:00,8.3,100,6.7,30,0,0,0
2002-11-17 04:00:00,7.8,100,6.7,50,0,0,0
2002-11-17 05:00:00,7.2,100,6.2,340,0,0,0
2002-11-17 06:00:00,5.6,100,6.7,340,0,0,0
2002-11-17 07:00:00,5.0,100,7.7,340,0,0,0
2002-11-17 08:00:00,5.0,100,6.2,340,15,0,15
2002-11-17 09:00:00,6.1,93,7.7,30,53,0,53
2002-11-17 10:00:00,6.1,97,4.6,360,93,0,93
2002-11-17 11:00:00,6.7,93,4.1,360,76,0,76
2002-11-17 12:00:00,7.2,90,3.6,330,110,0,110
2002-11-17 13:00:00,7.2,93,4.1,330,112,0,112
2002-11-17 14:00:00,7.2,93,3.6,360,91,0,91
2002-11-17 15:00:00,7.2,97,2.1,340,54,0,54
2002-11-17 16:00:00,7.2,97,3.1,360,48,0,48
2002-11-17 17:00:00,7.2,97,3.6,340,10,0,10
2002-11-17 18:00:00,7.2,97,5.2,350,0,0,0
2002-11-17 19:00:00,7.2,93,6.2,320,0,0,0
2002-11-17 20:00:00,6.1,93,7.7,310,0,0,0
2002-11-17 21:00:00,5.0,96,5.7,310,0,0,0
2002-11-17 22:00:00,4.4,97,6.2,310,0,0,0
2002-11-17 23:00:00,5.0,93,5.2,310,0,0,0
2002-11-18 00:00:00,5.0,89,5.2,330,0,0,0
2002-11-18 01:00:00,5.0,82,5.2,310,0,0,0
2002-11-18 02:00:00,5.0,76,5.2,290,0,0,0
2002-11-18 03:00:00,5.0,70,5.2,300,0,0,0
2002-11-18 04:00:00,5.0,67,3.1,300,0,0,0
2002-11-18 05:00:00,5.0,64,5.2,300,0,0,0
2002-11-18 06:00:00,4.4,67,4.6,310,0,0,0
2002-11-18 07:00:00,4.4,61,4.1,300,0,0,0
2002-11-18 08:00:00,4.4,58,8.2,300,80,303,51
2002-11-18 09:00:00,5.6,56,7.7,290,236,623,75
2002-11-18 10:00:00,7.2,55,5.2,290,361,704,87
2002-11-18 11:00:00,8.3,46,10.3,320,468,759,103
2002-11-18 12:00:00,9.4,47,5.2,290,518,795,102
2002-11-18 13:00:00,10.0,45,7.7,270,520,825,92
2002-11-18 14:00:00,10.0,43,7.7,300,451,782,88
2002-11-18 15:00:00,10.0,45,6.2,290,329,531,137
2002-11-18 16:00:00,8.9,47,6.2,310,95,44,85
2002-11-18 17:00:00,8.3,42,3.6,340,14,4,14
2002-11-18 18:00:00,7.8,48,3.6,290,0,0,0
2002-11-18 19:00:00,6.7,54,4.6,340,0,0,0
2002-11-18 20:00:00,6.1,51,3.1,340,0,0,0
2002-11-18 21:00:00,5.6,53,3.6,340,0,0,0
2002-11-18 22:00:00,5.0,55,2.6,360,0,0,0
2002-11-18 23:00:00,4.4,61,2.1,360,0,0,0
2002-11-19 00:00:00,4.4,76,2.1,120,0,0,0
2002-11-19 01:00:00,3.3,79,2.6,140,0,0,0
2002-11-19 02:00:00,2.8,82,2.1,240,0,0,0
2002-11-19 03:00:00,2.2,89,1.5,240,0,0,0
2002-11-19 04:00:00,2.2,92,0.0,0,0,0,0
2002-11-19 05:00:00,1.7,92,2.1,90,0,0,0
2002-11-19 06:00:00,2.2,89,1.5,70,0,0,0
2002-11-19 07:00:00,2.2,85,0.0,0,0,0,0
2002-11-19 08:00:00,3.3,82,2.1,170,0,0,0
2002-11-19 09:00:00,6.7,79,5.7,180,183,292,109
2002-11-19 10:00:00,7.8,76,4.6,200,348,482,162
2002-11-19 11:00:00,8.9,66,5.2,220,266,85,225
2002-11-19 12:00:00,9.4,68,6.2,180,366,211,256
2002-11-19 13:00:00,11.1,57,6.7,220,331,161,248
2002-11-19 14:00:00,10.0,71,4.6,210,74,0,74
2002-11-19 15:00:00,10.6,74,2.6,220,76,0,76
2002-11-19 16:00:00,11.1,69,5.2,210,81,6,79
2002-11-19 17:00:00,10.0,71,4.1,210,21,73,17
2002-11-19 18:00:00,9.4,77,3.1,220,0,0,0
2002-11-19 19:00:00,9.4,77,3.6,230,0,0,0
2002-11-19 20:00:00,8.3,83,2.6,210,0,0,0
2002-11-19 21:00:00,8.3,90,2.1,180,0,0,0
2002-11-19 22:00:00,7.2,93,2.6,200,0,0,0
2002-11-19 23:00:00,6.7,96,3.1,190,0,0,0
2002-11-20 00:00:00,5.6,100,3.6,200,0,0,0
2002-11-20 01:00:00,6.1,97,0.0,0,0,0,0
2002-11-20 02:00:00,4.4,100,0.0,0,0,0,0
2002-11-20 03:00:00,3.9,100,1.5,250,0,0,0
2002-11-20 04:00:00,4.4,100,0.0,0,0,0,0
2002-11-20 05:00:00,3.3,100,1.5,270,0,0,0
2002-11-20 06:00:00,2.8,100,0.0,0,0,0,0
2002-11-20 07:00:00,3.3,100,0.0,0,0,0,0
2002-11-20 08:00:00,3.3,100,0.0,0,0,0,0
2002-11-20 09:00:00,3.9,100,2.1,200,199,365,108
2002-11-20 10:00:00,7.2,93,0.0,0,375,742,92
2002-11-20 11:00:00,8.9,83,0.0,0,462,656,151
2002-11-20 12:00:00,12.2,74,2.1,210,378,247,250
2002-11-20 13:00:00,13.9,59,3.1,190,502,676,157
2002-11-20 14:00:00,15.0,49,3.1,190,416,604,140
2002-11-20 15:00:00,15.0,53,3.6,200,329,723,71
2002-11-20 16:00:00,13.3,57,4.1,200,180,572,55
2002-11-20 17:00:00,11.7,66,3.6,210,22,214,11
2002-11-20 18:00:00,9.4,77,3.1,190,0,0,0
2002-11-20 19:00:00,8.9,77,3.6,180,0,0,0
2002-11-20 20:00:00,8.9,77,3.1,190,0,0,0
2002-11-20 21:00:00,8.9,77,0.0,0,0,0,0
2002-11-20 22:00:00,8.3,76,0.0,0,0,0,0
2002-11-20 23:00:00,6.7,82,2.6,200,0,0,0
2002-11-21 00:00:00,6.1,97,4.1,210,0,0,0
2002-11-21 01:00:00,6.7,100,3.1,190,0,0,0
2002-11-21 02:00:00,6.7,100,0.0,0,0,0,0
2002-11-21 03:00:00,6.1,100,0.0,0,0,0,0
2002-11-21 04:00:00,5.0,100,0.0,0,0,0,0
2002-11-21 05:00:00,5.6,100,0.0,0,0,0,0
2002-11-21 06:00:00,6.1,100,0.0,0,0,0,0
2002-11-21 07:00:00,6.7,100,0.0,0,0,0,0
2002-11-21 08:00:00,7.2,100,1.5,180,0,0,0
2002-11-21 09:00:00,7.8,100,2.6,180,39,0,39
2002-11-21 10:00:00,7.8,100,3.1,180,67,0,67
2002-11-21 11:00:00,8.3,97,2.1,190,82,0,82
2002-11-21 12:00:00,9.4,97,2.1,230,92,0,92
2002-11-21 13:00:00,10.6,92,1.5,220,95,0,95
2002-11-21 14:00:00,11.1,93,0.0,0,80,0,80
2002-11-21 15:00:00,11.1,89,2.1,300,59,0,59
2002-11-21 16:00:00,11.1,89,2.1,20,33,0,33
2002-11-21 17:00:00,10.0,96,1.5,10,4,0,4
2002-11-21 18:00:00,10.0,96,2.6,70,0,0,0
2002-11-21 19:00:00,10.0,96,3.1,50,0,0,0
2002-11-21 20:00:00,10.0,96,3.1,60,0,0,0
2002-11-21 21:00:00,10.0,93,2.6,40,0,0,0
2002-11-21 22:00:00,9.4,97,3.1,70,0,0,0
2002-11-21 23:00:00,8.9,100,2.1,70,0,0,0
2002-11-22 00:00:00,9.4,100,2.6,40,0,0,0
2002-11-22 01:00:00,10.0,96,2.6,70,0,0,0
2002-11-22 02:00:00,10.0,96,0.0,0,0,0,0
2002-11-22 03:00:00,9.4,100,1.5,140,0,0,0
2002-11-22 04:00:00,10.0,100,0.0,0,0,0,0
2002-11-22 05:00:00,9.4,100,0.0,0,0,0,0
2002-11-22 06:00:00,10.0,100,2.6,180,0,0,0
2002-11-22 07:00:00,10.0,100,3.6,240,0,0,0
2002-11-22 08:00:00,10.0,100,2.6,240,0,0,0
2002-11-22 09:00:00,10.0,100,2.6,290,39,0,39
2002-11-22 10:00:00,10.6,92,4.1,300,54,0,54
2002-11-22 11:00:00,10.6,86,2.6,10,76,0,76
2002-11-22 12:00:00,10.6,83,4.6,340,85,0,85
2002-11-22 13:00:00,8.9,71,6.7,340,83,0,83
2002-11-22 14:00:00,9.4,66,4.1,310,97,0,97
2002-11-22 15:00:00,9.4,63,2.6,320,54,0,54
2002-11-22 16:00:00,9.4,59,7.7,320,71,0,71
2002-11-22 17:00:00,8.3,56,5.7,300,9,0,9
2002-11-22 18:00:00,7.8,50,5.7,290,0,0,0
2002-11-22 19:00:00,6.7,49,8.8,300,0,0,0
2002-11-22 20:00:00,6.1,54,6.2,290,0,0,0
2002-11-22 21:00:00,5.6,56,3.1,290,0,0,0
2002-11-22 22:00:00,6.1,54,5.7,290,0,0,0
2002-11-22 23:00:00,5.6,64,9.3,300,0,0,0
2002-11-23 00:00:00,5.0,70,8.2,300,0,0,0
2002-11-23 01:00:00,5.0,61,5.7,290,0,0,0
2002-11-23 02:00:00,5.6,51,9.3,300,0,0,0
2002-11-23 03:00:00,5.0,53,8.8,300,0,0,0
2002-11-23 04:00:00,4.4,51,7.7,300,0,0,0
2002-11-23 05:00:00,3.9,50,6.2,290,0,0,0
2002-11-23 06:00:00,3.3,52,6.2,300,0,0,0
2002-11-23 07:00:00,3.3,49,5.2,310,0,0,0
2002-11-23 08:00:00,3.3,49,6.2,300,0,0,0
2002-11-23 09:00:00,4.4,48,7.7,330,202,419,101
2002-11-23 10:00:00,5.0,48,8.8,310,329,613,102
2002-11-23 11:00:00,6.1,45,8.2,310,437,687,119
2002-11-23 12:00:00,6.7,43,9.3,290,488,735,115
2002-11-23 13:00:00,7.2,42,8.2,320,497,771,109
2002-11-23 14:00:00,8.3,42,5.7,290,427,729,100
2002-11-23 15:00:00,7.8,40,7.7,310,307,635,85
2002-11-23 16:00:00,7.8,42,5.2,310,160,432,68
2002-11-23 17:00:00,6.7,45,5.2,310,17,134,10
2002-11-23 18:00:00,6.1,49,4.1,340,0,0,0
2002-11-23 19:00:00,6.1,51,3.1,300,0,0,0
2002-11-23 20:00:00,6.1,49,1.5,260,0,0,0
2002-11-23 21:00:00,5.6,58,2.6,220,0,0,0
2002-11-23 22:00:00,5.0,61,3.1,210,0,0,0
2002-11-23 23:00:00,6.1,62,2.6,200,0,0,0
2002-11-24 00:00:00,5.6,64,2.6,220,0,0,0
2002-11-24 01:00:00,4.4,70,2.1,210,0,0,0
2002-11-24 02:00:00,3.9,69,3.1,210,0,0,0
2002-11-24 03:00:00,4.4,73,1.5,230,0,0,0
2002-11-24 04:00:00,3.3,79,3.1,200,0,0,0
2002-11-24 05:00:00,1.7,88,2.6,220,0,0,0
2002-11-24 06:00:00,1.7,92,3.1,230,0,0,0
2002-11-24 07:00:00,2.2,92,0.0,0,0,0,0
2002-11-24 08:00:00,2.8,85,2.6,200,0,0,0
2002-11-24 09:00:00,4.4,93,3.1,190,211,538,83
2002-11-24 10:00:00,6.1,82,2.6,160,337,675,88
2002-11-24 11:00:00,8.9,68,3.1,180,456,797,91
2002-11-24 12:00:00,10.6,56,1.5,160,507,819,94
2002-11-24 13:00:00,12.8,47,2.1,90,479,718,120
2002-11-24 14:00:00,13.9,44,1.5,290,416,699,104
2002-11-24 15:00:00,13.9,44,1.5,270,317,710,70
2002-11-24 16:00:00,13.9,44,2.1,270,160,365,83
2002-11-24 17:00:00,11.1,59,3.6,190,14,78,11
2002-11-24 18:00:00,11.7,54,1.5,200,0,0,0
2002-11-24 19:00:00,9.4,74,1.5,210,0,0,0
2002-11-24 20:00:00,7.2,86,1.5,230,0,0,0
2002-11-24 21:00:00,6.7,96,1.5,210,0,0,0
2002-11-24 22:00:00,6.1,97,0.0,0,0,0,0
2002-11-24 23:00:00,6.1,86,0.0,0,0,0,0
2002-11-25 00:00:00,5.6,96,1.5,30,0,0,0
2002-11-25 01:00:00,3.9,93,2.6,50,0,0,0
2002-11-25 02:00:00,5.0,89,1.5,40,0,0,0
2002-11-25 03:00:00,3.9,96,0.0,0,0,0,0
2002-11-25 04:00:00,2.8,96,3.1,50,0,0,0
2002-11-25 05:00:00,3.9,93,1.5,50,0,0,0
2002-11-25 06:00:00,3.3,97,1.5,60,0,0,0
2002-11-25 07:00:00,2.8,96,2.6,60,0,0,0
2002-11-25 08:00:00,3.9,96,0.0,0,0,0,0
2002-11-25 09:00:00,5.6,92,1.5,40,204,500,87
2002-11-25 10:00:00,7.2,82,0.0,0,344,707,86
2002-11-25 11:00:00,8.9,83,3.1,180,419,614,138
2002-11-25 12:00:00,10.0,77,4.1,170,501,759,120
2002-11-25 13:00:00,12.8,64,3.6,170,479,729,116
2002-11-25 14:00:00,14.4,60,1.5,150,427,746,96
2002-11-25 15:00:00,14.4,62,0.0,0,296,559,103
2002-11-25 16:00:00,14.4,60,1.5,200,136,315,70
2002-11-25 17:00:00,13.9,59,0.0,0,14,89,10
2002-11-25 18:00:00,12.2,69,0.0,0,0,0,0
2002-11-25 19:00:00,10.6,83,0.0,0,0,0,0
2002-11-25 20:00:00,8.9,93,1.5,20,0,0,0
2002-11-25 21:00:00,10.0,86,5.2,360,0,0,0
2002-11-25 22:00:00,10.0,80,5.7,10,0,0,0
2002-11-25 23:00:00,9.4,77,6.2,10,0,0,0
2002-11-26 00:00:00,8.9,77,6.2,20,0,0,0
2002-11-26 01:00:00,7.8,79,4.6,360,0,0,0
2002-11-26 02:00:00,8.3,74,6.7,10,0,0,0
2002-11-26 03:00:00,7.8,76,6.7,360,0,0,0
2002-11-26 04:00:00,7.8,76,6.2,20,0,0,0
2002-11-26 05:00:00,7.2,74,6.2,360,0,0,0
2002-11-26 06:00:00,6.1,70,8.2,10,0,0,0
2002-11-26 07:00:00,5.0,76,6.2,40,0,0,0
2002-11-26 08:00:00,5.6,73,6.7,40,0,0,0
2002-11-26 09:00:00,6.1,70,5.7,30,118,40,109
2002-11-26 10:00:00,6.1,65,6.2,30,182,50,164
2002-11-26 11:00:00,6.1,70,5.2,70,197,18,188
2002-11-26 12:00:00,6.7,65,2.6,100,98,0,98
2002-11-26 13:00:00,7.2,63,0.0,0,166,0,166
2002-11-26 14:00:00,7.2,65,1.5,40,142,0,142
2002-11-26 15:00:00,7.2,70,2.1,70,129,6,127
2002-11-26 16:00:00,7.2,74,3.6,80,42,0,42
2002-11-26 17:00:00,6.7,76,3.1,80,12,50,10
2002-11-26 18:00:00,6.7,76,3.6,110,0,0,0
2002-11-26 19:00:00,6.1,76,3.1,90,0,0,0
2002-11-26 20:00:00,6.1,73,3.1,110,0,0,0
2002-11-26 21:00:00,6.1,76,2.1,70,0,0,0
2002-11-26 22:00:00,5.6,85,1.5,50,0,0,0
2002-11-26 23:00:00,5.6,85,1.5,20,0,0,0
2002-11-27 00:00:00,5.6,89,1.5,40,0,0,0
2002-11-27 01:00:00,5.0,100,2.1,360,0,0,0
2002-11-27 02:00:00,4.4,100,3.6,320,0,0,0
2002-11-27 03:00:00,3.9,100,5.7,330,0,0,0
2002-11-27 04:00:00,4.4,86,5.7,310,0,0,0
2002-11-27 05:00:00,3.3,89,5.2,330,0,0,0
2002-11-27 06:00:00,2.8,89,5.7,330,0,0,0
2002-11-27 07:00:00,2.8,85,5.7,330,0,0,0
2002-11-27 08:00:00,2.8,89,5.2,350,0,0,0
2002-11-27 09:00:00,4.4,79,7.2,340,158,244,103
2002-11-27 10:00:00,3.9,79,7.2,330,304,558,104
2002-11-27 11:00:00,4.4,73,6.7,330,419,462,211
2002-11-27 12:00:00,6.1,68,7.7,340,79,0,79
2002-11-27 13:00:00,5.0,55,8.2,330,325,185,234
2002-11-27 14:00:00,4.4,55,7.2,330,359,391,187
2002-11-27 15:00:00,4.4,53,6.7,320,150,35,139
2002-11-27 16:00:00,4.4,51,5.7,340,98,72,83
2002-11-27 17:00:00,3.9,50,6.2,360,12,27,11
2002-11-27 18:00:00,3.3,49,7.2,360,0,0,0
2002-11-27 19:00:00,2.8,46,6.7,330,0,0,0
2002-11-27 20:00:00,1.7,50,5.7,330,0,0,0
2002-11-27 21:00:00,1.1,52,4.1,340,0,0,0
2002-11-27 22:00:00,0.6,52,4.6,330,0,0,0
2002-11-27 23:00:00,0.0,54,4.1,320,0,0,0
2002-11-28 00:00:00,-0.6,60,2.1,250,0,0,0
2002-11-28 01:00:00,-1.1,62,4.1,340,0,0,0
2002-11-28 02:00:00,-1.1,62,4.1,350,0,0,0
2002-11-28 03:00:00,-1.7,65,3.6,350,0,0,0
2002-11-28 04:00:00,-2.2,65,3.1,360,0,0,0
2002-11-28 05:00:00,-2.2,68,4.6,350,0,0,0
2002-11-28 06:00:00,-1.7,65,5.2,340,0,0,0
2002-11-28 07:00:00,-1.7,65,4.1,340,0,0,0
2002-11-28 08:00:00,-1.1,62,4.1,340,0,0,0
2002-11-28 09:00:00,0.0,60,2.1,310,159,265,100
2002-11-28 10:00:00,0.6,57,4.1,290,325,646,96
2002-11-28 11:00:00,2.8,54,3.6,340,432,743,100
2002-11-28 12:00:00,3.3,55,4.6,290,489,693,148
2002-11-28 13:00:00,3.9,47,4.6,310,378,329,218
2002-11-28 14:00:00,4.4,41,2.1,290,347,415,166
2002-11-28 15:00:00,4.4,40,4.1,270,301,628,87
2002-11-28 16:00:00,3.9,41,5.7,310,159,485,60
2002-11-28 17:00:00,2.8,42,4.1,320,13,95,9
2002-11-28 18:00:00,2.2,44,4.6,320,0,0,0
2002-11-28 19:00:00,1.7,46,2.1,300,0,0,0
2002-11-28 20:00:00,1.1,50,4.6,300,0,0,0
2002-11-28 21:00:00,1.1,50,1.5,330,0,0,0
2002-11-28 22:00:00,0.6,52,0.0,0,0,0,0
2002-11-28 23:00:00,0.6,49,3.1,270,0,0,0
2002-11-29 00:00:00,-1.1,62,2.1,190,0,0,0
2002-11-29 01:00:00,-1.1,62,3.1,270,0,0,0
2002-11-29 02:00:00,-1.1,66,2.6,230,0,0,0
2002-11-29 03:00:00,-1.7,65,2.6,230,0,0,0
2002-11-29 04:00:00,-1.7,65,2.6,240,0,0,0
2002-11-29 05:00:00,-2.2,72,2.6,230,0,0,0
2002-11-29 06:00:00,-2.2,68,2.6,240,0,0,0
2002-11-29 07:00:00,-2.2,72,4.6,230,0,0,0
2002-11-29 08:00:00,-1.1,72,5.2,230,0,0,0
2002-11-29 09:00:00,0.6,66,5.7,220,64,0,64
2002-11-29 10:00:00,2.8,59,7.2,210,95,0,95
2002-11-29 11:00:00,2.8,59,5.7,200,159,0,159
2002-11-29 12:00:00,3.3,55,7.2,200,128,0,128
2002-11-29 13:00:00,4.4,58,7.2,210,124,0,124
2002-11-29 14:00:00,5.6,56,7.7,220,205,30,192
2002-11-29 15:00:00,6.7,57,8.2,210,97,0,97
2002-11-29 16:00:00,7.2,57,5.7,200,98,88,80
2002-11-29 17:00:00,8.3,51,7.2,220,13,76,10
2002-11-29 18:00:00,8.3,53,7.7,210,0,0,0
2002-11-29 19:00:00,8.3,51,6.7,210,0,0,0
2002-11-29 20:00:00,8.3,51,6.7,220,0,0,0
2002-11-29 21:00:00,8.3,51,6.2,220,0,0,0
2002-11-29 22:00:00,8.3,48,6.2,230,0,0,0
2002-11-29 23:00:00,8.3,46,5.7,230,0,0,0
2002-11-30 00:00:00,7.8,50,3.6,220,0,0,0
2002-11-30 01:00:00,6.7,65,2.6,210,0,0,0
2002-11-30 02:00:00,6.7,73,3.1,190,0,0,0
2002-11-30 03:00:00,6.1,76,2.6,210,0,0,0
2002-11-30 04:00:00,5.6,82,4.1,200,0,0,0
2002-11-30 05:00:00,6.7,65,4.6,210,0,0,0
2002-11-30 06:00:00,7.2,68,4.1,210,0,0,0
2002-11-30 07:00:00,7.8,65,4.6,210,0,0,0
2002-11-30 08:00:00,7.2,70,4.6,210,0,0,0
2002-11-30 09:00:00,7.8,71,4.6,210,48,0,48
2002-11-30 10:00:00,8.3,68,4.1,210,61,0,61
2002-11-30 11:00:00,8.3,71,3.6,200,70,0,70
2002-11-30 12:00:00,8.9,71,5.2,210,79,0,79
2002-11-30 13:00:00,11.1,61,6.7,220,349,233,236
2002-11-30 14:00:00,12.8,57,7.2,230,387,426,203
2002-11-30 15:00:00,6.7,100,4.1,310,48,0,48
2002-11-30 16:00:00,7.2,97,3.6,260,70,11,68
2002-11-30 17:00:00,7.8,71,8.2,310,15,90,11
2002-11-30 18:00:00,7.2,70,6.2,280,0,0,0
2002-11-30 19:00:00,6.7,82,4.1,280,0,0,0
2002-11-30 20:00:00,6.1,70,7.2,270,0,0,0
2002-11-30 21:00:00,4.0,75,6.2,300,0,0,0
2002-11-30 22:00:00,3.5,60,5.6,290,0,0,0
2002-11-30 23:00:00,3.0,62,5.0,300,0,0,0
2002-12-01 00:00:00,2.5,71,4.4,310,0,0,0
1994-12-01 01:00:00,2.1,78,3.9,30,0,0,0
1994-12-01 02:00:00,1.6,74,3.3,340,0,0,0
1994-12-01 03:00:00,1.1,70,2.7,0,0,0,0
1994-12-01 04:00:00,0.6,69,2.1,330,0,0,0
1994-12-01 05:00:00,1.1,70,1.5,240,0,0,0
1994-12-01 06:00:00,0.6,76,1.5,60,0,0,0
1994-12-01 07:00:00,0.0,72,3.6,340,0,0,0
1994-12-01 08:00:00,2.2,62,3.1,350,30,209,16
1994-12-01 09:00:00,5.0,53,0.0,0,166,586,41
1994-12-01 10:00:00,6.7,52,2.6,150,313,747,56
1994-12-01 11:00:00,8.3,39,4.6,350,416,796,69
1994-12-01 12:00:00,8.3,39,2.6,320,472,827,72
1994-12-01 13:00:00,8.9,39,2.6,30,472,829,74
1994-12-01 14:00:00,9.4,37,2.1,330,412,802,68
1994-12-01 15:00:00,9.4,36,4.1,290,300,737,54
1994-12-01 16:00:00,8.9,37,3.6,260,148,538,40
1994-12-01 17:00:00,7.8,40,3.1,290,22,148,13
1994-12-01 18:00:00,6.1,45,2.6,360,0,0,0
1994-12-01 19:00:00,6.7,57,2.6,170,0,0,0
1994-12-01 20:00:00,5.0,64,0.0,0,0,0,0
1994-12-01 21:00:00,3.9,76,0.0,0,0,0,0
1994-12-01 22:00:00,3.3,75,2.1,230,0,0,0
1994-12-01 23:00:00,2.8,75,2.1,240,0,0,0
1994-12-02 00:00:00,2.2,78,2.1,190,0,0,0
1994-12-02 01:00:00,2.2,78,2.1,210,0,0,0
1994-12-02 02:00:00,2.2,81,2.1,220,0,0,0
1994-12-02 03:00:00,1.7,84,3.1,190,0,0,0
1994-12-02 04:00:00,0.6,91,3.6,190,0,0,0
1994-12-02 05:00:00,1.1,88,3.6,200,0,0,0
1994-12-02 06:00:00,1.7,84,3.6,190,0,0,0
1994-12-02 07:00:00,1.7,84,4.1,210,0,0,0
1994-12-02 08:00:00,2.2,85,3.1,200,30,239,14
1994-12-02 09:00:00,4.4,79,3.6,200,167,619,37
1994-12-02 10:00:00,7.2,68,4.1,200,314,774,50
1994-12-02 11:00:00,9.4,61,4.6,180,425,844,59
1994-12-02 12:00:00,11.7,46,4.6,190,483,872,64
1994-12-02 13:00:00,11.7,52,5.2,170,480,870,64
1994-12-02 14:00:00,13.9,40,4.1,180,418,840,58
1994-12-02 15:00:00,14.4,40,4.1,180,303,765,49
1994-12-02 16:00:00,13.9,37,5.7,180,154,599,35
1994-12-02 17:00:00,10.0,63,4.1,180,23,199,11
1994-12-02 18:00:00,8.9,66,4.1,180,0,0,0
1994-12-02 19:00:00,8.9,61,4.1,210,0,0,0
1994-12-02 20:00:00,7.8,65,4.1,190,0,0,0
1994-12-02 21:00:00,7.2,70,3.1,180,0,0,0
1994-12-02 22:00:00,7.8,60,2.1,250,0,0,0
1994-12-02 23:00:00,6.1,76,2.6,200,0,0,0
1994-12-03 00:00:00,6.1,73,3.1,200,0,0,0
1994-12-03 01:00:00,5.6,73,2.1,220,0,0,0
1994-12-03 02:00:00,3.9,82,2.1,230,0,0,0
1994-12-03 03:00:00,3.3,85,1.5,220,0,0,0
1994-12-03 04:00:00,3.3,89,2.1,180,0,0,0
1994-12-03 05:00:00,2.2,89,2.1,240,0,0,0
1994-12-03 06:00:00,2.2,92,1.5,360,0,0,0
1994-12-03 07:00:00,2.8,89,1.5,240,0,0,0
1994-12-03 08:00:00,3.3,85,0.0,0,20,44,17
1994-12-03 09:00:00,5.0,86,2.1,170,105,187,66
1994-12-03 10:00:00,6.1,79,2.6,180,231,219,157
1994-12-03 11:00:00,7.2,76,2.6,170,304,289,179
1994-12-03 12:00:00,9.4,59,2.1,170,369,407,174
1994-12-03 13:00:00,10.6,56,3.1,180,206,78,169
1994-12-03 14:00:00,11.7,48,2.1,250,303,301,175
1994-12-03 15:00:00,10.6,61,3.6,200,54,37,41
1994-12-03 16:00:00,11.7,50,2.1,230,64,0,64
1994-12-03 17:00:00,10.0,61,1.5,140,10,0,10
1994-12-03 18:00:00,10.0,58,1.5,120,0,0,0
1994-12-03 19:00:00,8.9,71,2.1,150,0,0,0
1994-12-03 20:00:00,10.6,58,0.0,0,0,0,0
1994-12-03 21:00:00,8.9,73,0.0,0,0,0,0
1994-12-03 22:00:00,8.9,71,0.0,0,0,0,0
1994-12-03 23:00:00,8.3,74,1.5,50,0,0,0
1994-12-04 00:00:00,8.3,76,1.5,70,0,0,0
1994-12-04 01:00:00,8.3,76,2.1,20,0,0,0
1994-12-04 02:00:00,8.3,74,2.6,360,0,0,0
1994-12-04 03:00:00,8.3,74,2.1,60,0,0,0
1994-12-04 04:00:00,7.8,76,2.6,30,0,0,0
1994-12-04 05:00:00,7.2,82,3.1,40,0,0,0
1994-12-04 06:00:00,7.2,82,1.5,110,0,0,0
1994-12-04 07:00:00,7.8,76,2.1,30,0,0,0
1994-12-04 08:00:00,7.8,82,2.1,50,9,0,9
1994-12-04 09:00:00,8.9,77,2.6,360,52,0,52
1994-12-04 10:00:00,10.6,71,1.5,140,95,0,95
1994-12-04 11:00:00,11.7,71,2.1,60,301,228,202
1994-12-04 12:00:00,13.3,69,1.5,80,144,0,144
1994-12-04 13:00:00,13.9,74,2.1,200,143,0,143
1994-12-04 14:00:00,15.0,77,2.6,170,248,58,223
1994-12-04 15:00:00,15.0,81,2.6,190,93,0,93
1994-12-04 16:00:00,13.9,83,0.0,0,50,0,50
1994-12-04 17:00:00,13.9,87,2.1,160,8,0,8
1994-12-04 18:00:00,13.3,93,2.1,170,0,0,0
1994-12-04 19:00:00,12.8,96,2.1,160,0,0,0
1994-12-04 20:00:00,12.8,100,0.0,0,0,0,0
1994-12-04 21:00:00,12.8,96,2.6,20,0,0,0
1994-12-04 22:00:00,11.7,100,2.6,80,0,0,0
1994-12-04 23:00:00,12.8,100,2.6,70,0,0,0
1994-12-05 00:00:00,13.3,100,2.1,350,0,0,0
1994-12-05 01:00:00,13.3,100,2.1,90,0,0,0
1994-12-05 02:00:00,13.3,100,3.1,140,0,0,0
1994-12-05 03:00:00,13.9,100,1.5,350,0,0,0
1994-12-05 04:00:00,13.9,100,2.1,120,0,0,0
1994-12-05 05:00:00,14.4,100,1.5,150,0,0,0
1994-12-05 06:00:00,15.0,100,3.1,190,0,0,0
1994-12-05 07:00:00,14.4,100,4.1,180,0,0,0
1994-12-05 08:00:00,15.0,100,4.6,190,8,0,8
1994-12-05 09:00:00,15.6,100,5.2,180,28,0,28
1994-12-05 10:00:00,16.7,100,4.6,180,55,0,55
1994-12-05 11:00:00,15.6,100,6.2,190,77,0,77
1994-12-05 12:00:00,16.7,100,4.6,180,106,0,106
1994-12-05 13:00:00,18.3,97,4.1,180,106,0,106
1994-12-05 14:00:00,20.0,87,6.2,220,109,0,109
1994-12-05 15:00:00,21.7,79,5.7,210,230,71,206
1994-12-05 16:00:00,18.9,87,3.6,180,74,93,55
1994-12-05 17:00:00,17.8,90,3.1,210,10,0,10
1994-12-05 18:00:00,18.9,87,5.2,320,0,0,0
1994-12-05 19:00:00,19.4,84,4.6,310,0,0,0
1994-12-05 20:00:00,18.9,78,6.2,330,0,0,0
1994-12-05 21:00:00,18.3,76,3.1,330,0,0,0
1994-12-05 22:00:00,16.7,80,2.6,330,0,0,0
1994-12-05 23:00:00,15.0,83,1.5,360,0,0,0
1994-12-06 00:00:00,16.1,78,2.1,180,0,0,0
1994-12-06 01:00:00,17.2,72,2.6,250,0,0,0
1994-12-06 02:00:00,13.9,83,3.1,210,0,0,0
1994-12-06 03:00:00,14.4,84,1.5,310,0,0,0
1994-12-06 04:00:00,14.4,84,2.1,290,0,0,0
1994-12-06 05:00:00,12.2,93,1.5,30,0,0,0
1994-12-06 06:00:00,11.7,93,3.1,180,0,0,0
1994-12-06 07:00:00,12.8,93,2.6,220,0,0,0
1994-12-06 08:00:00,12.2,97,2.1,160,16,4,16
1994-12-06 09:00:00,14.4,87,2.6,210,89,130,63
1994-12-06 10:00:00,15.0,83,4.1,180,253,355,135
1994-12-06 11:00:00,17.2,75,3.6,180,253,263,141
1994-12-06 12:00:00,17.2,72,4.1,180,380,445,170
1994-12-06 13:00:00,17.2,72,4.1,170,311,237,199
1994-12-06 14:00:00,16.7,75,4.1,180,108,0,108
1994-12-06 15:00:00,16.7,75,4.1,180,76,0,76
1994-12-06 16:00:00,16.1,75,2.1,170,41,0,41
1994-12-06 17:00:00,15.6,75,3.1,190,15,8,14
1994-12-06 18:00:00,13.9,83,2.6,160,0,0,0
1994-12-06 19:00:00,15.0,81,2.6,200,0,0,0
1994-12-06 20:00:00,12.8,86,2.6,200,0,0,0
1994-12-06 21:00:00,12.2,93,3.1,190,0,0,0
1994-12-06 22:00:00,11.7,96,2.1,190,0,0,0
1994-12-06 23:00:00,11.1,97,2.1,170,0,0,0
1994-12-07 00:00:00,10.6,100,2.6,210,0,0,0
1994-12-07 01:00:00,10.6,96,3.6,200,0,0,0
1994-12-07 02:00:00,10.0,100,3.6,180,0,0,0
1994-12-07 03:00:00,10.0,96,3.1,180,0,0,0
1994-12-07 04:00:00,10.0,100,2.1,240,0,0,0
1994-12-07 05:00:00,8.9,100,3.1,180,0,0,0
1994-12-07 06:00:00,9.4,97,4.1,180,0,0,0
1994-12-07 07:00:00,9.4,97,2.6,230,0,0,0
1994-12-07 08:00:00,11.1,89,3.6,210,16,9,15
1994-12-07 09:00:00,11.7,89,3.1,210,148,111,126
1994-12-07 10:00:00,13.9,80,5.2,180,196,228,121
1994-12-07 11:00:00,15.0,75,4.1,190,181,78,148
1994-12-07 12:00:00,16.1,72,2.6,170,365,397,179
1994-12-07 13:00:00,17.2,70,3.1,180,299,319,149
1994-12-07 14:00:00,18.3,65,3.6,240,365,596,114
1994-12-07 15:00:00,19.4,59,3.6,170,254,393,126
1994-12-07 16:00:00,20.0,53,3.1,250,79,128,54
1994-12-07 17:00:00,20.0,53,4.6,250,12,9,12
1994-12-07 18:00:00,18.9,59,4.1,240,0,0,0
1994-12-07 19:00:00,18.9,56,5.2,250,0,0,0
1994-12-07 20:00:00,19.4,52,4.1,260,0,0,0
1994-12-07 21:00:00,16.7,53,10.8,310,0,0,0
1994-12-07 22:00:00,14.4,51,8.8,320,0,0,0
1994-12-07 23:00:00,11.7,54,9.8,320,0,0,0
1994-12-08 00:00:00,8.9,61,9.8,350,0,0,0
1994-12-08 01:00:00,7.8,60,9.8,320,0,0,0
1994-12-08 02:00:00,6.7,54,10.3,320,0,0,0
1994-12-08 03:00:00,6.1,54,8.2,340,0,0,0
1994-12-08 04:00:00,5.0,53,11.3,350,0,0,0
1994-12-08 05:00:00,4.4,51,9.3,340,0,0,0
1994-12-08 06:00:00,3.9,52,8.2,340,0,0,0
1994-12-08 07:00:00,2.8,49,7.7,350,0,0,0
1994-12-08 08:00:00,2.8,44,7.7,350,17,26,15
1994-12-08 09:00:00,3.9,45,7.7,20,122,316,60
1994-12-08 10:00:00,4.4,40,6.7,10,256,513,89
1994-12-08 11:00:00,4.4,41,2.6,290,371,583,126
1994-12-08 12:00:00,5.6,38,5.2,320,430,636,133
1994-12-08 13:00:00,6.7,35,5.2,340,429,671,115
1994-12-08 14:00:00,6.7,32,3.1,330,370,603,117
1994-12-08 15:00:00,6.7,32,4.1,320,242,452,94
1994-12-08 16:00:00,6.7,32,3.1,360,106,68,93
1994-12-08 17:00:00,5.0,38,4.1,320,17,21,16
1994-12-08 18:00:00,4.4,44,5.2,320,0,0,0
1994-12-08 19:00:00,3.9,43,4.1,330,0,0,0
1994-12-08 20:00:00,2.8,46,3.1,350,0,0,0
1994-12-08 21:00:00,3.3,41,4.1,20,0,0,0
1994-12-08 22:00:00,3.3,43,3.1,30,0,0,0
1994-12-08 23:00:00,2.2,46,2.6,90,0,0,0
1994-12-09 00:00:00,2.2,42,2.1,90,0,0,0
1994-12-09 01:00:00,1.7,44,2.1,20,0,0,0
1994-12-09 02:00:00,2.2,48,2.1,160,0,0,0
1994-12-09 03:00:00,1.7,46,2.1,110,0,0,0
1994-12-09 04:00:00,1.7,46,2.1,140,0,0,0
1994-12-09 05:00:00,2.2,44,2.1,70,0,0,0
1994-12-09 06:00:00,2.2,46,2.6,90,0,0,0
1994-12-09 07:00:00,2.2,51,2.6,60,0,0,0
1994-12-09 08:00:00,2.8,54,3.6,150,22,3,22
1994-12-09 09:00:00,2.8,54,3.6,170,109,259,59
1994-12-09 10:00:00,5.6,51,3.6,180,228,304,130
1994-12-09 11:00:00,5.0,55,4.1,160,153,0,153
1994-12-09 12:00:00,6.1,54,4.1,190,174,0,174
1994-12-09 13:00:00,7.2,50,4.6,180,285,207,188
1994-12-09 14:00:00,6.7,57,4.6,170,123,0,123
1994-12-09 15:00:00,7.8,53,6.2,190,110,49,94
1994-12-09 16:00:00,7.8,53,5.7,180,60,0,60
1994-12-09 17:00:00,7.8,53,6.2,180,11,5,11
1994-12-09 18:00:00,7.8,55,4.6,180,0,0,0
1994-12-09 19:00:00,7.2,74,3.1,180,0,0,0
1994-12-09 20:00:00,6.7,79,3.6,180,0,0,0
1994-12-09 21:00:00,7.2,82,3.6,190,0,0,0
1994-12-09 22:00:00,8.3,80,4.1,200,0,0,0
1994-12-09 23:00:00,8.9,77,3.6,190,0,0,0
1994-12-10 00:00:00,9.4,77,2.1,260,0,0,0
1994-12-10 01:00:00,8.3,86,3.6,350,0,0,0
1994-12-10 02:00:00,8.3,76,3.1,340,0,0,0
1994-12-10 03:00:00,8.3,74,3.6,340,0,0,0
1994-12-10 04:00:00,8.3,74,3.6,360,0,0,0
1994-12-10 05:00:00,7.2,82,7.7,10,0,0,0
1994-12-10 06:00:00,6.7,89,5.7,30,0,0,0
1994-12-10 07:00:00,6.1,89,6.2,20,0,0,0
1994-12-10 08:00:00,5.6,92,3.6,50,8,0,8
1994-12-10 09:00:00,5.6,92,5.2,40,36,0,36
1994-12-10 10:00:00,5.6,89,6.2,80,72,0,72
1994-12-10 11:00:00,5.0,93,7.2,40,99,0,99
1994-12-10 12:00:00,5.0,93,3.6,70,113,0,113
1994-12-10 13:00:00,5.0,93,4.6,70,113,0,113
1994-12-10 14:00:00,5.0,93,4.1,30,99,0,99
1994-12-10 15:00:00,5.0,96,4.1,30,60,0,60
1994-12-10 16:00:00,5.0,96,3.6,30,37,0,37
1994-12-10 17:00:00,5.0,96,4.1,30,6,0,6
1994-12-10 18:00:00,5.0,96,3.1,340,0,0,0
1994-12-10 19:00:00,5.0,96,2.6,340,0,0,0
1994-12-10 20:00:00,5.0,96,2.6,330,0,0,0
1994-12-10 21:00:00,5.0,96,2.1,290,0,0,0
1994-12-10 22:00:00,5.0,96,3.1,250,0,0,0
1994-12-10 23:00:00,5.0,96,2.6,240,0,0,0
1994-12-11 00:00:00,5.0,96,3.6,180,0,0,0
1994-12-11 01:00:00,5.0,96,4.6,180,0,0,0
1994-12-11 02:00:00,5.0,100,4.1,210,0,0,0
1994-12-11 03:00:00,5.6,96,3.1,270,0,0,0
1994-12-11 04:00:00,6.7,89,4.1,300,0,0,0
1994-12-11 05:00:00,7.2,70,8.8,300,0,0,0
1994-12-11 06:00:00,7.2,65,6.7,310,0,0,0
1994-12-11 07:00:00,6.7,62,7.7,320,0,0,0
1994-12-11 08:00:00,6.7,59,10.8,310,9,2,9
1994-12-11 09:00:00,6.7,54,7.2,330,110,126,86
1994-12-11 10:00:00,6.1,54,10.3,310,220,149,172
1994-12-11 11:00:00,5.6,46,10.8,320,280,437,99
1994-12-11 12:00:00,6.1,43,11.3,330,415,650,113
1994-12-11 13:00:00,6.1,41,10.8,310,351,428,152
1994-12-11 14:00:00,5.6,42,8.8,320,356,585,112
1994-12-11 15:00:00,5.6,42,6.7,310,207,342,96
1994-12-11 16:00:00,5.0,40,8.8,340,56,34,50
1994-12-11 17:00:00,3.9,45,7.7,340,14,8,14
1994-12-11 18:00:00,3.3,45,7.7,330,0,0,0
1994-12-11 19:00:00,2.8,44,7.2,320,0,0,0
1994-12-11 20:00:00,2.2,46,4.1,330,0,0,0
1994-12-11 21:00:00,2.2,46,4.6,320,0,0,0
1994-12-11 22:00:00,1.7,50,4.1,320,0,0,0
1994-12-11 23:00:00,1.7,50,6.7,340,0,0,0
1994-12-12 00:00:00,1.1,46,7.2,340,0,0,0
1994-12-12 01:00:00,0.6,47,8.2,350,0,0,0
1994-12-12 02:00:00,0.0,49,5.7,320,0,0,0
1994-12-12 03:00:00,-0.6,52,5.7,340,0,0,0
1994-12-12 04:00:00,-1.1,54,3.6,320,0,0,0
1994-12-12 05:00:00,-1.1,51,4.6,330,0,0,0
1994-12-12 06:00:00,-1.7,57,5.7,350,0,0,0
1994-12-12 07:00:00,-1.7,49,7.2,350,0,0,0
1994-12-12 08:00:00,-1.1,51,5.7,40,14,38,12
1994-12-12 09:00:00,-0.6,47,6.2,30,95,187,60
1994-12-12 10:00:00,0.0,49,6.2,30,205,305,108
1994-12-12 11:00:00,1.1,41,4.6,20,358,519,144
1994-12-12 12:00:00,2.2,36,3.1,40,393,523,151
1994-12-12 13:00:00,3.3,34,2.6,80,376,481,153
1994-12-12 14:00:00,2.8,33,2.1,50,340,408,170
1994-12-12 15:00:00,2.8,32,2.1,360,231,190,169
1994-12-12 16:00:00,2.2,34,3.6,80,45,0,45
1994-12-12 17:00:00,1.7,38,3.6,80,16,43,14
1994-12-12 18:00:00,0.0,49,3.6,120,0,0,0
1994-12-12 19:00:00,-0.6,52,0.0,0,0,0,0
1994-12-12 20:00:00,-0.6,47,0.0,0,0,0,0
1994-12-12 21:00:00,-0.6,52,2.1,90,0,0,0
1994-12-12 22:00:00,-0.6,52,0.0,0,0,0,0
1994-12-12 23:00:00,-0.6,52,0.0,0,0,0,0
1994-12-13 00:00:00,-0.6,57,2.6,50,0,0,0
1994-12-13 01:00:00,-0.6,63,3.6,60,0,0,0
1994-12-13 02:00:00,-1.1,68,3.1,30,0,0,0
1994-12-13 03:00:00,-0.6,66,2.1,20,0,0,0
1994-12-13 04:00:00,0.0,66,3.6,30,0,0,0
1994-12-13 05:00:00,0.0,66,3.6,40,0,0,0
1994-12-13 06:00:00,0.0,69,3.6,30,0,0,0
1994-12-13 07:00:00,0.0,69,4.1,10,0,0,0
1994-12-13 08:00:00,0.6,66,3.1,30,6,0,6
1994-12-13 09:00:00,1.1,67,4.1,30,50,0,50
1994-12-13 10:00:00,1.7,70,3.1,30,94,0,94
1994-12-13 11:00:00,2.8,65,3.1,40,126,0,126
1994-12-13 12:00:00,3.3,66,2.6,20,143,0,143
1994-12-13 13:00:00,4.4,61,3.1,10,144,0,144
1994-12-13 14:00:00,4.4,63,4.1,20,128,0,128
1994-12-13 15:00:00,4.4,58,4.6,20,96,0,96
1994-12-13 16:00:00,4.4,58,4.1,40,53,0,53
1994-12-13 17:00:00,4.4,61,4.1,40,9,0,9
1994-12-13 18:00:00,4.4,58,5.7,40,0,0,0
1994-12-13 19:00:00,4.4,58,5.7,40,0,0,0
1994-12-13 20:00:00,4.4,67,4.6,50,0,0,0
1994-12-13 21:00:00,4.4,67,4.1,30,0,0,0
1994-12-13 22:00:00,3.9,72,4.6,40,0,0,0
1994-12-13 23:00:00,3.9,72,4.1,20,0,0,0
1994-12-14 00:00:00,3.3,79,4.1,40,0,0,0
1994-12-14 01:00:00,3.3,82,4.6,20,0,0,0
1994-12-14 02:00:00,3.3,89,5.2,10,0,0,0
1994-12-14 03:00:00,2.8,89,6.2,10,0,0,0
1994-12-14 04:00:00,2.8,92,6.7,10,0,0,0
1994-12-14 05:00:00,3.3,92,4.6,10,0,0,0
1994-12-14 06:00:00,3.3,97,5.2,360,0,0,0
1994-12-14 07:00:00,3.9,96,5.2,10,0,0,0
1994-12-14 08:00:00,3.9,96,3.1,340,4,0,4
1994-12-14 09:00:00,4.4,97,4.1,360,35,0,35
1994-12-14 10:00:00,5.0,96,4.6,350,70,0,70
1994-12-14 11:00:00,6.1,93,3.6,360,97,0,97
1994-12-14 12:00:00,6.7,89,5.7,20,112,0,112
1994-12-14 13:00:00,7.2,90,4.6,10,113,0,113
1994-12-14 14:00:00,7.2,90,4.1,20,99,0,99
1994-12-14 15:00:00,7.8,82,5.2,20,87,0,87
1994-12-14 16:00:00,7.8,82,4.1,40,46,0,46
1994-12-14 17:00:00,7.8,79,4.1,50,9,0,9
1994-12-14 18:00:00,7.2,80,5.7,90,0,0,0
1994-12-14 19:00:00,7.2,76,5.7,70,0,0,0
1994-12-14 20:00:00,6.7,73,5.7,60,0,0,0
1994-12-14 21:00:00,5.6,76,5.7,60,0,0,0
1994-12-14 22:00:00,5.0,70,5.7,50,0,0,0
1994-12-14 23:00:00,4.4,70,5.7,30,0,0,0
1994-12-15 00:00:00,3.9,72,5.7,40,0,0,0
1994-12-15 01:00:00,3.9,69,6.7,20,0,0,0
1994-12-15 02:00:00,3.3,69,4.6,20,0,0,0
1994-12-15 03:00:00,2.8,68,6.2,20,0,0,0
1994-12-15 04:00:00,2.8,65,4.6,10,0,0,0
1994-12-15 05:00:00,2.8,68,5.7,20,0,0,0
1994-12-15 06:00:00,2.8,68,5.7,10,0,0,0
1994-12-15 07:00:00,2.8,68,5.2,30,0,0,0
1994-12-15 08:00:00,2.8,68,5.7,10,7,0,7
1994-12-15 09:00:00,3.3,72,2.6,20,60,37,53
1994-12-15 10:00:00,4.4,63,4.1,20,237,465,91
1994-12-15 11:00:00,6.1,59,4.1,30,355,608,107
1994-12-15 12:00:00,7.2,55,3.1,40,417,654,117
1994-12-15 13:00:00,7.8,58,4.1,40,420,657,118
1994-12-15 14:00:00,8.3,56,2.6,70,347,573,109
1994-12-15 15:00:00,8.3,53,3.6,50,243,462,93
1994-12-15 16:00:00,7.8,60,4.6,50,116,288,60
1994-12-15 17:00:00,6.1,68,4.1,90,14,4,14
1994-12-15 18:00:00,6.1,68,4.1,90,0,0,0
1994-12-15 19:00:00,6.1,68,3.6,70,0,0,0
1994-12-15 20:00:00,5.6,73,5.2,80,0,0,0
1994-12-15 21:00:00,5.0,79,5.2,60,0,0,0
1994-12-15 22:00:00,5.0,79,4.6,50,0,0,0
1994-12-15 23:00:00,4.4,83,2.6,20,0,0,0
1994-12-16 00:00:00,4.4,79,3.6,40,0,0,0
1994-12-16 01:00:00,4.4,76,4.1,40,0,0,0
1994-12-16 02:00:00,3.9,76,4.1,40,0,0,0
1994-12-16 03:00:00,3.3,79,3.6,60,0,0,0
1994-12-16 04:00:00,2.8,82,3.1,20,0,0,0
1994-12-16 05:00:00,2.8,82,4.1,40,0,0,0
1994-12-16 06:00:00,2.8,82,3.1,360,0,0,0
1994-12-16 07:00:00,2.2,81,4.6,40,0,0,0
1994-12-16 08:00:00,2.2,81,4.6,30,14,70,10
1994-12-16 09:00:00,2.8,78,4.1,40,97,173,67
1994-12-16 10:00:00,3.9,72,3.6,40,228,425,95
1994-12-16 11:00:00,4.4,70,3.6,30,355,596,113
1994-12-16 12:00:00,5.6,64,3.6,30,344,405,158
1994-12-16 13:00:00,7.2,52,2.1,20,424,631,134
1994-12-16 14:00:00,8.9,49,3.1,90,386,657,113
1994-12-16 15:00:00,7.8,58,4.1,70,178,47,162
1994-12-16 16:00:00,7.2,63,5.7,80,53,0,53
1994-12-16 17:00:00,6.1,68,5.7,110,9,0,9
1994-12-16 18:00:00,6.1,68,3.6,100,0,0,0
1994-12-16 19:00:00,5.6,73,4.6,90,0,0,0
1994-12-16 20:00:00,5.6,73,4.1,100,0,0,0
1994-12-16 21:00:00,5.0,79,2.6,120,0,0,0
1994-12-16 22:00:00,5.0,82,3.1,80,0,0,0
1994-12-16 23:00:00,5.0,86,3.6,90,0,0,0
1994-12-17 00:00:00,4.4,89,3.1,40,0,0,0
1994-12-17 01:00:00,4.4,93,2.1,70,0,0,0
1994-12-17 02:00:00,4.4,93,2.6,60,0,0,0
1994-12-17 03:00:00,4.4,93,1.5,340,0,0,0
1994-12-17 04:00:00,4.4,97,0.0,0,0,0,0
1994-12-17 05:00:00,4.4,97,0.0,0,0,0,0
1994-12-17 06:00:00,5.0,96,1.5,170,0,0,0
1994-12-17 07:00:00,5.0,96,1.5,40,0,0,0
1994-12-17 08:00:00,5.0,100,0.0,0,6,0,6
1994-12-17 09:00:00,5.6,96,0.0,0,76,67,64
1994-12-17 10:00:00,6.7,89,2.1,190,66,22,60
1994-12-17 11:00:00,6.1,93,2.6,160,90,0,90
1994-12-17 12:00:00,6.7,93,3.6,180,106,0,106
1994-12-17 13:00:00,6.7,93,4.6,170,107,0,107
1994-12-17 14:00:00,8.3,83,3.6,190,112,0,112
1994-12-17 15:00:00,8.3,86,2.6,150,81,0,81
1994-12-17 16:00:00,8.3,86,2.1,130,109,62,97
1994-12-17 17:00:00,7.8,86,1.5,130,14,4,14
1994-12-17 18:00:00,7.2,93,2.6,60,0,0,0
1994-12-17 19:00:00,7.8,89,0.0,0,0,0,0
1994-12-17 20:00:00,7.8,89,1.5,120,0,0,0
1994-12-17 21:00:00,7.8,89,0.0,0,0,0,0
1994-12-17 22:00:00,6.7,93,2.1,50,0,0,0
1994-12-17 23:00:00,7.2,93,2.6,30,0,0,0
1994-12-18 00:00:00,6.7,96,3.1,80,0,0,0
1994-12-18 01:00:00,7.2,93,0.0,0,0,0,0
1994-12-18 02:00:00,6.7,96,2.6,360,0,0,0
1994-12-18 03:00:00,7.2,93,3.1,340,0,0,0
1994-12-18 04:00:00,5.6,92,4.6,340,0,0,0
1994-12-18 05:00:00,5.0,96,4.1,330,0,0,0
1994-12-18 06:00:00,5.6,96,3.1,330,0,0,0
1994-12-18 07:00:00,5.0,96,2.6,40,0,0,0
1994-12-18 08:00:00,4.4,97,3.1,340,11,66,8
1994-12-18 09:00:00,6.1,89,2.6,40,99,268,52
1994-12-18 10:00:00,7.2,80,4.1,40,210,479,62
1994-12-18 11:00:00,8.9,68,4.6,60,372,604,128
1994-12-18 12:00:00,9.4,61,3.1,40,347,530,105
1994-12-18 13:00:00,10.6,52,2.6,40,428,754,82
1994-12-18 14:00:00,11.1,50,5.2,320,391,799,59
1994-12-18 15:00:00,10.6,54,5.7,310,239,350,125
1994-12-18 16:00:00,9.4,49,5.2,320,124,427,39
1994-12-18 17:00:00,9.4,54,3.6,320,13,38,11
1994-12-18 18:00:00,8.9,56,3.6,320,0,0,0
1994-12-18 19:00:00,8.3,60,3.6,330,0,0,0
1994-12-18 20:00:00,6.7,73,5.7,290,0,0,0
1994-12-18 21:00:00,6.7,76,3.6,320,0,0,0
1994-12-18 22:00:00,6.7,76,5.7,330,0,0,0
1994-12-18 23:00:00,6.1,79,5.7,320,0,0,0
1994-12-19 00:00:00,6.1,79,6.2,310,0,0,0
1994-12-19 01:00:00,5.6,79,7.7,310,0,0,0
1994-12-19 02:00:00,5.6,79,6.7,320,0,0,0
1994-12-19 03:00:00,5.0,79,6.7,310,0,0,0
1994-12-19 04:00:00,4.4,79,4.1,330,0,0,0
1994-12-19 05:00:00,5.6,73,6.2,330,0,0,0
1994-12-19 06:00:00,5.0,76,7.2,310,0,0,0
1994-12-19 07:00:00,5.0,70,6.7,330,0,0,0
1994-12-19 08:00:00,5.6,64,6.2,320,7,13,7
1994-12-19 09:00:00,5.6,64,4.6,310,111,155,84
1994-12-19 10:00:00,6.7,59,5.2,320,205,318,107
1994-12-19 11:00:00,7.8,50,6.7,320,173,116,126
1994-12-19 12:00:00,8.3,46,6.7,310,401,421,209
1994-12-19 13:00:00,7.8,48,7.2,310,329,210,232
1994-12-19 14:00:00,7.8,48,8.2,320,354,252,249
1994-12-19 15:00:00,7.8,44,5.7,320,213,87,185
1994-12-19 16:00:00,7.8,48,6.2,320,73,34,66
1994-12-19 17:00:00,7.2,50,6.7,330,14,32,12
1994-12-19 18:00:00,6.7,49,6.7,310,0,0,0
1994-12-19 19:00:00,6.7,49,5.2,310,0,0,0
1994-12-19 20:00:00,6.1,49,4.1,310,0,0,0
1994-12-19 21:00:00,6.1,49,3.6,310,0,0,0
1994-12-19 22:00:00,6.1,51,4.1,320,0,0,0
1994-12-19 23:00:00,5.0,58,3.1,340,0,0,0
1994-12-20 00:00:00,5.0,58,3.1,340,0,0,0
1994-12-20 01:00:00,4.4,58,3.1,320,0,0,0
1994-12-20 02:00:00,3.3,57,3.1,310,0,0,0
1994-12-20 03:00:00,2.8,59,3.1,310,0,0,0
1994-12-20 04:00:00,1.7,70,2.6,220,0,0,0
1994-12-20 05:00:00,1.7,67,2.1,220,0,0,0
1994-12-20 06:00:00,1.1,73,1.5,240,0,0,0
1994-12-20 07:00:00,1.1,73,0.0,0,0,0,0
1994-12-20 08:00:00,1.1,73,1.5,10,14,170,6
1994-12-20 09:00:00,3.3,69,1.0,110,131,594,29
1994-12-20 10:00:00,4.4,63,2.1,170,277,773,41
1994-12-20 11:00:00,6.1,56,2.1,120,392,851,49
1994-12-20 12:00:00,7.2,50,3.1,160,452,847,66
1994-12-20 13:00:00,7.8,50,4.6,180,419,741,78
1994-12-20 14:00:00,7.8,53,5.2,170,316,413,144
1994-12-20 15:00:00,8.3,53,5.7,160,278,662,61
1994-12-20 16:00:00,7.2,60,4.6,180,155,595,37
1994-12-20 17:00:00,5.6,56,4.1,190,25,128,17
1994-12-20 18:00:00,6.1,54,2.6,200,0,0,0
1994-12-20 19:00:00,5.0,64,1.5,210,0,0,0
1994-12-20 20:00:00,4.4,79,2.6,190,0,0,0
1994-12-20 21:00:00,3.3,82,2.6,200,0,0,0
1994-12-20 22:00:00,3.3,79,2.6,230,0,0,0
1994-12-20 23:00:00,3.3,79,1.5,70,0,0,0
1994-12-21 00:00:00,2.8,82,1.5,140,0,0,0
1994-12-21 01:00:00,2.2,85,0.0,0,0,0,0
1994-12-21 02:00:00,1.1,92,1.5,200,0,0,0
1994-12-21 03:00:00,1.1,88,1.5,230,0,0,0
1994-12-21 04:00:00,0.0,91,2.6,220,0,0,0
1994-12-21 05:00:00,0.0,91,2.6,220,0,0,0
1994-12-21 06:00:00,0.0,95,2.6,230,0,0,0
1994-12-21 07:00:00,0.0,95,2.1,220,0,0,0
1994-12-21 08:00:00,1.1,96,2.1,180,13,147,6
1994-12-21 09:00:00,2.8,92,2.1,190,127,564,31
1994-12-21 10:00:00,4.4,83,2.6,170,272,750,44
1994-12-21 11:00:00,6.1,76,3.6,170,387,831,53
1994-12-21 12:00:00,7.8,65,5.2,170,452,865,58
1994-12-21 13:00:00,9.4,59,4.1,170,458,869,59
1994-12-21 14:00:00,10.6,52,3.6,150,405,842,55
1994-12-21 15:00:00,11.1,48,2.1,150,300,774,46
1994-12-21 16:00:00,11.1,46,2.1,180,158,619,34
1994-12-21 17:00:00,9.4,52,2.1,200,27,237,12
1994-12-21 18:00:00,7.8,65,2.1,170,0,0,0
1994-12-21 19:00:00,6.7,67,2.1,170,0,0,0
1994-12-21 20:00:00,6.7,67,2.1,180,0,0,0
1994-12-21 21:00:00,5.0,89,1.5,180,0,0,0
1994-12-21 22:00:00,3.9,86,1.5,240,0,0,0
1994-12-21 23:00:00,3.3,85,1.5,190,0,0,0
1994-12-22 00:00:00,2.8,92,2.6,20,0,0,0
1994-12-22 01:00:00,2.8,85,3.1,40,0,0,0
1994-12-22 02:00:00,0.6,91,3.1,350,0,0,0
1994-12-22 03:00:00,0.6,91,2.1,350,0,0,0
1994-12-22 04:00:00,0.0,95,3.1,360,0,0,0
1994-12-22 05:00:00,1.1,92,1.5,340,0,0,0
1994-12-22 06:00:00,0.6,91,2.1,20,0,0,0
1994-12-22 07:00:00,1.1,92,2.6,40,0,0,0
1994-12-22 08:00:00,1.1,92,2.6,360,12,6,12
1994-12-22 09:00:00,2.8,89,2.6,70,92,6,91
1994-12-22 10:00:00,3.9,82,2.1,40,177,58,159
1994-12-22 11:00:00,6.7,73,2.6,30,267,103,225
1994-12-22 12:00:00,10.0,58,4.1,360,309,221,208
1994-12-22 13:00:00,10.6,56,2.6,10,232,86,192
1994-12-22 14:00:00,11.1,52,2.1,20,297,294,174
1994-12-22 15:00:00,10.6,56,2.6,20,207,313,104
1994-12-22 16:00:00,9.4,61,2.6,360,118,132,92
1994-12-22 17:00:00,8.3,63,3.6,360,15,12,14
1994-12-22 18:00:00,7.2,68,4.6,360,0,0,0
1994-12-22 19:00:00,7.8,65,5.2,10,0,0,0
1994-12-22 20:00:00,7.2,65,4.6,10,0,0,0
1994-12-22 21:00:00,6.1,70,4.1,10,0,0,0
1994-12-22 22:00:00,6.7,67,4.6,350,0,0,0
1994-12-22 23:00:00,6.7,65,4.1,340,0,0,0
1994-12-23 00:00:00,5.6,70,5.2,340,0,0,0
1994-12-23 01:00:00,5.0,70,5.2,340,0,0,0
1994-12-23 02:00:00,4.4,73,4.6,340,0,0,0
1994-12-23 03:00:00,4.4,70,4.1,340,0,0,0
1994-12-23 04:00:00,3.9,72,5.2,340,0,0,0
1994-12-23 05:00:00,5.0,58,6.2,340,0,0,0
1994-12-23 06:00:00,5.0,51,5.7,330,0,0,0
1994-12-23 07:00:00,5.0,53,6.2,340,0,0,0
1994-12-23 08:00:00,5.6,51,5.7,340,10,55,8
1994-12-23 09:00:00,8.3,40,5.7,350,91,201,57
1994-12-23 10:00:00,10.0,38,6.2,360,247,521,89
1994-12-23 11:00:00,12.2,33,6.7,360,340,552,119
1994-12-23 12:00:00,13.3,33,6.7,30,409,673,103
1994-12-23 13:00:00,14.4,32,8.8,360,394,560,136
1994-12-23 14:00:00,15.0,31,7.2,20,360,571,122
1994-12-23 15:00:00,14.4,32,7.2,360,266,483,106
1994-12-23 16:00:00,13.3,35,7.7,360,97,132,70
1994-12-23 17:00:00,12.2,39,7.2,340,25,81,20
1994-12-23 18:00:00,10.6,40,5.7,340,0,0,0
1994-12-23 19:00:00,11.1,35,5.7,340,0,0,0
1994-12-23 20:00:00,11.1,33,7.2,360,0,0,0
1994-12-23 21:00:00,11.1,33,7.2,360,0,0,0
1994-12-23 22:00:00,11.1,33,6.7,360,0,0,0
1994-12-23 23:00:00,10.6,33,9.3,350,0,0,0
1994-12-24 00:00:00,10.6,30,10.3,340,0,0,0
1994-12-24 01:00:00,10.0,34,7.7,340,0,0,0
1994-12-24 02:00:00,8.9,41,7.7,350,0,0,0
1994-12-24 03:00:00,8.9,41,9.8,340,0,0,0
1994-12-24 04:00:00,8.9,42,8.2,330,0,0,0
1994-12-24 05:00:00,9.4,43,10.8,340,0,0,0
1994-12-24 06:00:00,8.9,47,7.7,320,0,0,0
1994-12-24 07:00:00,8.9,51,7.2,340,0,0,0
1994-12-24 08:00:00,8.3,56,7.2,320,6,5,6
1994-12-24 09:00:00,8.3,56,7.7,320,34,0,34
1994-12-24 10:00:00,8.9,54,6.7,330,168,103,137
1994-12-24 11:00:00,9.4,54,7.7,330,108,0,108
1994-12-24 12:00:00,10.0,61,10.3,330,127,0,127
1994-12-24 13:00:00,7.8,79,7.7,350,129,0,129
1994-12-24 14:00:00,6.7,89,12.4,330,115,0,115
1994-12-24 15:00:00,6.7,89,10.3,330,71,0,71
1994-12-24 16:00:00,7.2,86,9.8,330,45,0,45
1994-12-24 17:00:00,7.8,76,10.3,330,11,0,11
1994-12-24 18:00:00,6.7,89,6.7,330,0,0,0
1994-12-24 19:00:00,6.7,93,7.2,330,0,0,0
1994-12-24 20:00:00,6.7,93,6.7,330,0,0,0
1994-12-24 21:00:00,7.2,90,7.2,340,0,0,0
1994-12-24 22:00:00,6.7,96,7.2,340,0,0,0
1994-12-24 23:00:00,7.2,93,7.7,350,0,0,0
1994-12-25 00:00:00,7.2,93,7.7,340,0,0,0
1994-12-25 01:00:00,7.2,93,7.2,340,0,0,0
1994-12-25 02:00:00,6.7,96,6.7,330,0,0,0
1994-12-25 03:00:00,6.7,93,4.6,340,0,0,0
1994-12-25 04:00:00,7.2,90,5.7,330,0,0,0
1994-12-25 05:00:00,7.2,82,5.2,320,0,0,0
1994-12-25 06:00:00,7.8,79,5.2,320,0,0,0
1994-12-25 07:00:00,8.3,76,4.6,320,0,0,0
1994-12-25 08:00:00,8.3,76,6.2,310,4,0,4
1994-12-25 09:00:00,8.3,68,5.2,340,45,0,45
1994-12-25 10:00:00,8.9,66,6.7,310,89,0,89
1994-12-25 11:00:00,10.0,61,4.1,320,122,0,122
1994-12-25 12:00:00,10.0,61,4.1,320,141,0,141
1994-12-25 13:00:00,11.1,57,4.1,330,143,0,143
1994-12-25 14:00:00,11.7,56,4.1,330,129,0,129
1994-12-25 15:00:00,11.7,54,6.2,320,188,66,166
1994-12-25 16:00:00,11.7,48,5.2,320,107,30,101
1994-12-25 17:00:00,11.7,46,4.6,320,19,125,11
1994-12-25 18:00:00,9.4,52,3.6,330,0,0,0
1994-12-25 19:00:00,8.3,56,4.1,330,0,0,0
1994-12-25 20:00:00,7.2,55,4.1,330,0,0,0
1994-12-25 21:00:00,6.7,45,2.6,10,0,0,0
1994-12-25 22:00:00,5.0,51,3.6,350,0,0,0
1994-12-25 23:00:00,4.4,55,3.1,340,0,0,0
1994-12-26 00:00:00,4.4,53,2.6,350,0,0,0
1994-12-26 01:00:00,3.9,60,3.1,340,0,0,0
1994-12-26 02:00:00,3.3,66,2.6,340,0,0,0
1994-12-26 03:00:00,3.3,66,1.5,330,0,0,0
1994-12-26 04:00:00,2.8,68,3.1,340,0,0,0
1994-12-26 05:00:00,2.2,68,3.1,340,0,0,0
1994-12-26 06:00:00,2.2,65,3.1,340,0,0,0
1994-12-26 07:00:00,2.2,65,3.6,340,0,0,0
1994-12-26 08:00:00,3.3,57,4.6,330,12,148,5
1994-12-26 09:00:00,5.0,53,4.6,340,124,574,29
1994-12-26 10:00:00,6.7,49,3.6,310,270,762,41
1994-12-26 11:00:00,9.4,43,3.6,360,387,844,50
1994-12-26 12:00:00,10.6,38,3.1,20,454,878,55
1994-12-26 13:00:00,11.7,37,3.6,20,463,882,56
1994-12-26 14:00:00,12.2,36,3.6,20,413,858,52
1994-12-26 15:00:00,12.8,31,3.1,10,309,794,44
1994-12-26 16:00:00,12.2,37,2.1,20,168,648,33
1994-12-26 17:00:00,10.6,33,0.0,0,32,280,13
1994-12-26 18:00:00,8.9,42,3.6,320,0,0,0
1994-12-26 19:00:00,7.2,52,2.1,10,0,0,0
1994-12-26 20:00:00,6.7,52,2.1,130,0,0,0
1994-12-26 21:00:00,5.6,64,0.0,0,0,0,0
1994-12-26 22:00:00,3.3,85,2.1,350,0,0,0
1994-12-26 23:00:00,3.3,82,0.0,0,0,0,0
1994-12-27 00:00:00,1.7,77,1.5,300,0,0,0
1994-12-27 01:00:00,1.7,81,1.5,330,0,0,0
1994-12-27 02:00:00,1.1,80,0.0,0,0,0,0
1994-12-27 03:00:00,0.0,83,2.1,330,0,0,0
1994-12-27 04:00:00,0.0,83,0.0,0,0,0,0
1994-12-27 05:00:00,0.0,83,0.0,0,0,0,0
1994-12-27 06:00:00,-0.6,83,0.0,0,0,0,0
1994-12-27 07:00:00,0.0,79,0.0,0,0,0,0
1994-12-27 08:00:00,0.0,79,2.1,10,12,154,5
1994-12-27 09:00:00,2.8,75,1.5,20,124,587,28
1994-12-27 10:00:00,4.4,70,1.0,100,272,774,40
1994-12-27 11:00:00,6.7,54,1.5,110,390,854,48
1994-12-27 12:00:00,8.3,51,2.1,80,458,889,53
1994-12-27 13:00:00,10.6,35,2.1,180,467,893,54
1994-12-27 14:00:00,11.7,34,2.1,180,417,870,50
1994-12-27 15:00:00,11.1,33,3.1,180,313,807,43
1994-12-27 16:00:00,11.7,35,3.1,220,171,665,32
1994-12-27 17:00:00,8.3,56,3.1,170,30,241,14
1994-12-27 18:00:00,8.9,45,2.1,220,0,0,0
1994-12-27 19:00:00,6.1,59,2.1,130,0,0,0
1994-12-27 20:00:00,6.1,59,1.5,160,0,0,0
1994-12-27 21:00:00,3.9,76,2.1,220,0,0,0
1994-12-27 22:00:00,3.3,75,2.1,240,0,0,0
1994-12-27 23:00:00,2.8,82,2.1,180,0,0,0
1994-12-28 00:00:00,1.7,81,3.1,210,0,0,0
1994-12-28 01:00:00,1.1,84,1.0,350,0,0,0
1994-12-28 02:00:00,1.1,88,2.6,190,0,0,0
1994-12-28 03:00:00,1.7,84,2.6,250,0,0,0
1994-12-28 04:00:00,0.6,91,2.1,210,0,0,0
1994-12-28 05:00:00,0.6,87,2.1,240,0,0,0
1994-12-28 06:00:00,0.6,87,1.5,210,0,0,0
1994-12-28 07:00:00,-0.6,88,1.5,230,0,0,0
1994-12-28 08:00:00,-0.6,88,2.6,200,11,154,5
1994-12-28 09:00:00,2.8,75,3.1,190,124,592,27
1994-12-28 10:00:00,4.4,76,2.6,170,273,779,39
1994-12-28 11:00:00,6.1,65,4.1,170,392,860,48
1994-12-28 12:00:00,8.9,56,2.1,170,460,894,53
1994-12-28 13:00:00,11.7,46,3.6,180,470,899,54
1994-12-28 14:00:00,12.8,43,3.1,170,420,876,50
1994-12-28 15:00:00,13.3,43,4.1,180,317,813,42
1994-12-28 16:00:00,12.8,48,2.1,200,164,533,51
1994-12-28 17:00:00,11.1,46,2.6,220,35,175,23
1994-12-28 18:00:00,10.0,50,1.5,260,0,0,0
1994-12-28 19:00:00,13.9,35,3.6,310,0,0,0
1994-12-28 20:00:00,13.9,33,6.2,320,0,0,0
1994-12-28 21:00:00,12.2,36,5.7,330,0,0,0
1994-12-28 22:00:00,10.0,41,5.7,340,0,0,0
1994-12-28 23:00:00,8.9,51,5.7,340,0,0,0
1994-12-29 00:00:00,7.2,60,5.2,340,0,0,0
1994-12-29 01:00:00,6.1,65,3.1,320,0,0,0
1994-12-29 02:00:00,6.1,65,4.6,310,0,0,0
1994-12-29 03:00:00,6.1,65,2.1,310,0,0,0
1994-12-29 04:00:00,6.1,62,4.1,310,0,0,0
1994-12-29 05:00:00,5.6,64,2.6,270,0,0,0
1994-12-29 06:00:00,5.0,67,4.1,340,0,0,0
1994-12-29 07:00:00,6.1,59,7.7,340,0,0,0
1994-12-29 08:00:00,5.6,58,6.7,340,8,34,6
1994-12-29 09:00:00,6.1,54,7.7,330,103,325,50
1994-12-29 10:00:00,6.7,49,7.2,330,246,576,73
1994-12-29 11:00:00,7.8,42,7.2,340,364,663,99
1994-12-29 12:00:00,8.3,39,7.7,330,432,669,127
1994-12-29 13:00:00,8.9,37,7.7,330,445,668,135
1994-12-29 14:00:00,8.9,33,7.2,350,394,647,120
1994-12-29 15:00:00,8.9,32,5.7,320,289,595,87
1994-12-29 16:00:00,8.3,30,6.2,310,147,375,67
1994-12-29 17:00:00,7.2,33,4.1,330,28,65,24
1994-12-29 18:00:00,6.1,35,4.1,320,0,0,0
1994-12-29 19:00:00,5.6,35,4.6,330,0,0,0
1994-12-29 20:00:00,5.0,35,3.6,330,0,0,0
1994-12-29 21:00:00,3.9,37,4.1,330,0,0,0
1994-12-29 22:00:00,3.9,34,3.6,330,0,0,0
1994-12-29 23:00:00,2.8,37,3.6,350,0,0,0
1994-12-30 00:00:00,2.8,30,6.2,10,0,0,0
1994-12-30 01:00:00,2.2,30,5.7,360,0,0,0
1994-12-30 02:00:00,1.1,25,4.6,10,0,0,0
1994-12-30 03:00:00,0.6,26,6.2,360,0,0,0
1994-12-30 04:00:00,0.0,27,5.7,20,0,0,0
1994-12-30 05:00:00,-0.6,27,6.2,20,0,0,0
1994-12-30 06:00:00,-1.1,25,5.7,10,0,0,0
1994-12-30 07:00:00,-1.7,28,5.7,350,0,0,0
1994-12-30 08:00:00,-1.7,33,4.1,350,5,3,5
1994-12-30 09:00:00,-1.1,31,6.2,10,76,84,62
1994-12-30 10:00:00,-0.6,30,5.2,20,235,431,106
1994-12-30 11:00:00,0.6,26,3.1,10,358,656,95
1994-12-30 12:00:00,1.7,25,2.1,40,443,802,76
1994-12-30 13:00:00,2.8,26,2.1,140,457,815,77
1994-12-30 14:00:00,3.3,25,0.0,0,385,735,72
1994-12-30 15:00:00,3.9,25,2.1,90,304,712,61
1994-12-30 16:00:00,4.4,24,0.0,0,156,484,52
1994-12-30 17:00:00,3.3,30,2.6,70,31,133,22
1994-12-30 18:00:00,2.8,35,2.6,100,0,0,0
1994-12-30 19:00:00,1.7,36,2.6,120,0,0,0
1994-12-30 20:00:00,0.0,49,2.6,100,0,0,0
1994-12-30 21:00:00,0.0,47,0.0,0,0,0,0
1994-12-30 22:00:00,0.0,49,2.1,70,0,0,0
1994-12-30 23:00:00,-0.6,54,0.0,0,0,0,0
1994-12-31 00:00:00,-1.1,60,0.0,0,0,0,0
1994-12-31 01:00:00,-1.1,57,0.0,0,0,0,0
1994-12-31 02:00:00,-1.7,63,0.0,0,0,0,0
1994-12-31 03:00:00,-1.7,63,0.0,0,0,0,0
1994-12-31 04:00:00,-1.1,60,0.0,0,0,0,0
1994-12-31 05:00:00,-1.1,66,1.5,20,0,0,0
1994-12-31 06:00:00,-1.1,54,0.0,0,0,0,0
1994-12-31 07:00:00,-1.1,66,2.1,50,0,0,0
1994-12-31 08:00:00,-0.6,66,0.0,0,3,0,3
1994-12-31 09:00:00,0.0,54,2.6,60,84,27,79
1994-12-31 10:00:00,2.2,48,0.0,0,180,176,127
1994-12-31 11:00:00,3.3,47,0.0,0,172,113,126
1994-12-31 12:00:00,3.9,45,2.1,90,140,0,140
1994-12-31 13:00:00,5.0,44,0.0,0,143,0,143
1994-12-31 14:00:00,4.4,53,2.6,50,129,0,129
1994-12-31 15:00:00,3.9,66,2.1,50,100,0,100
1994-12-31 16:00:00,3.3,75,2.6,40,58,0,58
1994-12-31 17:00:00,3.3,79,2.1,50,13,0,13
1994-12-31 18:00:00,2.8,89,2.1,50,0,0,0
1994-12-31 19:00:00,2.2,92,3.1,40,0,0,0
1994-12-31 20:00:00,1.7,96,3.6,50,0,0,0
1994-12-31 21:00:00,1.7,96,3.6,20,0,0,0
1994-12-31 22:00:00,2.2,96,3.1,30,0,0,0
1994-12-31 23:00:00,2.2,96,3.1,40,0,0,0
1995-01-01 00:00:00,2.2,96,2.6,10,0,0,0
