date_time,Dry Bulb Temperature [°C],Relative Humidity [%],Wind Speed [m/s],Wind Direction [Deg],Global Horizontal Radiation [W/m2],Direct Normal Radiation [W/m2],Diffuse Horizontal Radiation [W/m2]
2005-01-01 01:00:00,11.0,76,2.1,210,0,0,0
2005-01-01 02:00:00,11.0,76,2.1,220,0,0,0
2005-01-01 03:00:00,11.0,82,2.6,240,0,0,0
2005-01-01 04:00:00,11.0,82,2.6,250,0,0,0
2005-01-01 05:00:00,10.0,87,1.5,200,0,0,0
2005-01-01 06:00:00,9.0,87,0.0,0,0,0,0
2005-01-01 07:00:00,9.0,93,0.0,0,0,0,0
2005-01-01 08:00:00,10.0,87,1.5,200,0,0,0
2005-01-01 09:00:00,12.0,88,3.1,220,40,0,40
2005-01-01 10:00:00,13.0,82,2.1,240,128,19,123
2005-01-01 11:00:00,15.0,77,0.0,0,169,18,162
2005-01-01 12:00:00,17.0,68,1.5,250,254,79,218
2005-01-01 13:00:00,18.0,59,4.6,280,281,108,231
2005-01-01 14:00:00,18.0,59,4.1,280,311,303,180
2005-01-01 15:00:00,18.0,56,5.1,310,224,199,154
2005-01-01 16:00:00,17.0,55,3.6,270,176,432,77
2005-01-01 17:00:00,16.0,59,2.6,260,39,240,20
2005-01-01 18:00:00,13.0,67,1.5,260,0,0,0
2005-01-01 19:00:00,12.0,71,2.1,300,0,0,0
2005-01-01 20:00:00,10.0,82,0.0,0,0,0,0
2005-01-01 21:00:00,7.0,93,0.0,0,0,0,0
2005-01-01 22:00:00,6.0,93,1.5,130,0,0,0
2005-01-01 23:00:00,6.0,93,0.0,0,0,0,0
2005-01-02 00:00:00,6.0,93,0.0,0,0,0,0
2005-01-02 01:00:00,5.0,100,1.5,330,0,0,0
2005-01-02 02:00:00,3.0,100,0.0,0,0,0,0
2005-01-02 03:00:00,6.0,93,1.5,30,0,0,0
2005-01-02 04:00:00,5.0,87,1.5,10,0,0,0
2005-01-02 05:00:00,5.0,87,1.5,60,0,0,0
2005-01-02 06:00:00,6.0,75,2.1,80,0,0,0
2005-01-02 07:00:00,6.0,70,2.1,80,0,0,0
2005-01-02 08:00:00,5.0,70,1.5,80,0,0,0
2005-01-02 09:00:00,6.0,65,2.6,80,109,284,67
2005-01-02 10:00:00,6.0,70,4.1,100,206,335,110
2005-01-02 11:00:00,7.0,66,3.1,90,266,215,182
2005-01-02 12:00:00,8.0,66,2.6,110,186,18,178
2005-01-02 13:00:00,7.0,76,2.6,120,191,12,186
2005-01-02 14:00:00,8.0,71,2.6,110,179,18,171
2005-01-02 15:00:00,8.0,76,1.5,100,235,228,155
2005-01-02 16:00:00,8.0,81,2.1,110,118,90,97
2005-01-02 17:00:00,7.0,87,0.0,0,27,37,24
2005-01-02 18:00:00,6.0,81,0.0,0,0,0,0
2005-01-02 19:00:00,6.0,87,0.0,0,0,0,0
2005-01-02 20:00:00,6.0,87,0.0,0,0,0,0
2005-01-02 21:00:00,5.0,87,0.0,0,0,0,0
2005-01-02 22:00:00,3.0,100,0.0,0,0,0,0
2005-01-02 23:00:00,6.0,93,0.0,0,0,0,0
2005-01-03 00:00:00,5.0,93,0.0,0,0,0,0
2005-01-03 01:00:00,5.0,93,0.0,0,0,0,0
2005-01-03 02:00:00,5.0,100,0.0,0,0,0,0
2005-01-03 03:00:00,9.0,93,3.1,220,0,0,0
2005-01-03 04:00:00,11.0,87,3.1,220,0,0,0
2005-01-03 05:00:00,11.0,87,3.1,230,0,0,0
2005-01-03 06:00:00,11.0,94,2.6,230,0,0,0
2005-01-03 07:00:00,10.0,93,1.5,200,0,0,0
2005-01-03 08:00:00,11.0,94,2.1,190,0,0,0
2005-01-03 09:00:00,13.0,88,2.6,220,69,36,64
2005-01-03 10:00:00,15.0,77,3.6,230,264,475,126
2005-01-03 11:00:00,17.0,72,2.6,220,344,552,127
2005-01-03 12:00:00,18.0,68,2.6,240,397,484,176
2005-01-03 13:00:00,18.0,68,3.1,240,144,0,144
2005-01-03 14:00:00,18.0,73,2.6,210,87,0,87
2005-01-03 15:00:00,17.0,77,0.0,0,60,0,60
2005-01-03 16:00:00,17.0,77,1.5,160,30,0,30
2005-01-03 17:00:00,16.0,82,2.1,160,12,0,12
2005-01-03 18:00:00,15.0,88,1.5,250,0,0,0
2005-01-03 19:00:00,16.0,82,1.5,250,0,0,0
2005-01-03 20:00:00,17.0,77,2.6,230,0,0,0
2005-01-03 21:00:00,17.0,77,2.1,220,0,0,0
2005-01-03 22:00:00,16.0,82,2.1,210,0,0,0
2005-01-03 23:00:00,17.0,72,3.1,220,0,0,0
2005-01-04 00:00:00,16.0,77,2.6,230,0,0,0
2005-01-04 01:00:00,16.0,77,2.1,220,0,0,0
2005-01-04 02:00:00,17.0,72,2.6,230,0,0,0
2005-01-04 03:00:00,17.0,68,4.1,240,0,0,0
2005-01-04 04:00:00,17.0,68,1.5,220,0,0,0
2005-01-04 05:00:00,16.0,72,0.0,0,0,0,0
2005-01-04 06:00:00,18.0,68,3.6,260,0,0,0
2005-01-04 07:00:00,18.0,73,2.6,260,0,0,0
2005-01-04 08:00:00,18.0,73,2.6,250,0,0,0
2005-01-04 09:00:00,18.0,73,4.1,270,109,153,86
2005-01-04 10:00:00,18.0,73,3.1,260,43,0,43
2005-01-04 11:00:00,19.0,73,0.0,0,137,0,137
2005-01-04 12:00:00,16.0,77,2.6,20,143,0,143
2005-01-04 13:00:00,15.0,82,1.5,60,108,0,108
2005-01-04 14:00:00,13.0,88,1.5,70,98,0,98
2005-01-04 15:00:00,13.0,82,2.1,40,121,0,121
2005-01-04 16:00:00,12.0,88,2.6,30,54,0,54
2005-01-04 17:00:00,11.0,94,0.0,0,28,46,24
2005-01-04 18:00:00,10.0,93,0.0,0,0,0,0
2005-01-04 19:00:00,10.0,93,0.0,0,0,0,0
2005-01-04 20:00:00,10.0,87,0.0,0,0,0,0
2005-01-04 21:00:00,10.0,87,0.0,0,0,0,0
2005-01-04 22:00:00,9.0,93,0.0,0,0,0,0
2005-01-04 23:00:00,9.0,93,0.0,0,0,0,0
2005-01-05 00:00:00,8.0,100,0.0,0,0,0,0
2005-01-05 01:00:00,8.0,100,0.0,0,0,0,0
2005-01-05 02:00:00,8.0,100,2.1,40,0,0,0
2005-01-05 03:00:00,8.0,100,2.6,10,0,0,0
2005-01-05 04:00:00,7.4,99,2.1,30,0,0,0
2005-01-05 05:00:00,7.0,100,1.5,40,0,0,0
2005-01-05 06:00:00,7.0,100,0.0,0,0,0,0
2005-01-05 07:00:00,7.0,100,1.5,30,0,0,0
2005-01-05 08:00:00,7.0,100,1.5,20,0,0,0
2005-01-05 09:00:00,7.0,100,1.5,30,40,0,40
2005-01-05 10:00:00,7.0,100,2.1,20,64,0,64
2005-01-05 11:00:00,7.0,100,1.5,40,59,0,59
2005-01-05 12:00:00,7.0,100,0.0,0,74,0,74
2005-01-05 13:00:00,7.0,100,2.6,30,78,0,78
2005-01-05 14:00:00,7.0,100,2.1,30,69,0,69
2005-01-05 15:00:00,7.0,100,2.6,80,55,0,55
2005-01-05 16:00:00,6.0,100,2.1,10,40,0,40
2005-01-05 17:00:00,5.0,100,2.6,50,16,0,16
2005-01-05 18:00:00,5.0,100,2.1,70,0,0,0
2005-01-05 19:00:00,5.0,100,1.5,70,0,0,0
2005-01-05 20:00:00,4.0,100,3.1,80,0,0,0
2005-01-05 21:00:00,4.0,100,3.1,80,0,0,0
2005-01-05 22:00:00,3.0,100,3.1,80,0,0,0
2005-01-05 23:00:00,3.0,100,3.1,100,0,0,0
2005-01-06 00:00:00,3.0,100,2.6,100,0,0,0
2005-01-06 01:00:00,4.0,100,1.5,100,0,0,0
2005-01-06 02:00:00,4.0,100,0.0,0,0,0,0
2005-01-06 03:00:00,4.0,100,0.0,0,0,0,0
2005-01-06 04:00:00,5.0,100,1.5,80,0,0,0
2005-01-06 05:00:00,4.0,100,1.5,80,0,0,0
2005-01-06 06:00:00,5.0,100,1.5,80,0,0,0
2005-01-06 07:00:00,5.0,100,1.5,90,0,0,0
2005-01-06 08:00:00,5.0,100,0.0,0,0,0,0
2005-01-06 09:00:00,5.0,100,2.1,110,40,0,40
2005-01-06 10:00:00,5.0,100,2.1,70,85,0,85
2005-01-06 11:00:00,5.0,100,3.1,320,59,0,59
2005-01-06 12:00:00,6.0,100,0.0,0,74,0,74
2005-01-06 13:00:00,6.0,100,1.5,360,78,0,78
2005-01-06 14:00:00,6.0,100,0.0,0,69,0,69
2005-01-06 15:00:00,6.0,100,0.0,0,55,0,55
2005-01-06 16:00:00,6.0,100,1.5,80,74,0,74
2005-01-06 17:00:00,6.0,100,0.0,0,36,80,29
2005-01-06 18:00:00,6.0,100,0.0,0,0,0,0
2005-01-06 19:00:00,6.0,100,0.0,0,0,0,0
2005-01-06 20:00:00,5.0,100,0.0,0,0,0,0
2005-01-06 21:00:00,5.0,100,0.0,0,0,0,0
2005-01-06 22:00:00,4.0,100,0.0,0,0,0,0
2005-01-06 23:00:00,5.0,100,7.7,270,0,0,0
2005-01-07 00:00:00,8.0,76,8.2,290,0,0,0
2005-01-07 01:00:00,8.0,66,9.3,290,0,0,0
2005-01-07 02:00:00,6.0,75,7.7,310,0,0,0
2005-01-07 03:00:00,5.0,75,6.7,290,0,0,0
2005-01-07 04:00:00,5.0,70,5.7,280,0,0,0
2005-01-07 05:00:00,3.0,81,5.7,310,0,0,0
2005-01-07 06:00:00,3.0,74,2.6,310,0,0,0
2005-01-07 07:00:00,3.0,74,2.6,300,0,0,0
2005-01-07 08:00:00,3.0,74,4.6,300,0,0,0
2005-01-07 09:00:00,4.0,75,4.1,310,30,0,30
2005-01-07 10:00:00,5.0,70,1.5,330,107,0,107
2005-01-07 11:00:00,5.0,70,3.6,330,176,25,166
2005-01-07 12:00:00,5.0,70,2.1,310,354,302,214
2005-01-07 13:00:00,6.0,65,1.5,320,192,18,183
2005-01-07 14:00:00,6.0,65,0.0,0,168,6,165
2005-01-07 15:00:00,6.0,65,2.1,90,55,0,55
2005-01-07 16:00:00,6.0,65,1.5,100,40,0,40
2005-01-07 17:00:00,5.0,81,1.5,110,40,62,34
2005-01-07 18:00:00,3.0,100,0.0,0,0,0,0
2005-01-07 19:00:00,3.0,100,0.0,0,0,0,0
2005-01-07 20:00:00,3.0,100,0.0,0,0,0,0
2005-01-07 21:00:00,3.0,100,0.0,0,0,0,0
2005-01-07 22:00:00,3.0,100,0.0,0,0,0,0
2005-01-07 23:00:00,3.0,100,0.0,0,0,0,0
2005-01-08 00:00:00,3.0,100,0.0,0,0,0,0
2005-01-08 01:00:00,3.0,100,0.0,0,0,0,0
2005-01-08 02:00:00,4.0,93,0.0,0,0,0,0
2005-01-08 03:00:00,5.0,87,1.5,190,0,0,0
2005-01-08 04:00:00,5.0,93,2.6,150,0,0,0
2005-01-08 05:00:00,5.0,93,5.7,150,0,0,0
2005-01-08 06:00:00,5.0,100,4.6,150,0,0,0
2005-01-08 07:00:00,5.0,100,4.6,160,0,0,0
2005-01-08 08:00:00,5.0,100,5.1,170,0,0,0
2005-01-08 09:00:00,5.0,100,0.0,0,30,0,30
2005-01-08 10:00:00,5.0,100,2.6,150,164,108,132
2005-01-08 11:00:00,7.0,100,2.1,160,65,0,65
2005-01-08 12:00:00,9.0,93,1.5,230,391,417,197
2005-01-08 13:00:00,14.0,67,11.8,290,383,426,179
2005-01-08 14:00:00,11.0,66,11.3,300,393,583,133
2005-01-08 15:00:00,10.0,62,11.3,290,297,487,118
2005-01-08 16:00:00,8.0,66,6.7,280,189,515,62
2005-01-08 17:00:00,8.0,66,6.7,270,57,296,29
2005-01-08 18:00:00,6.0,75,6.7,310,0,0,0
2005-01-08 19:00:00,6.0,70,0.0,0,0,0,0
2005-01-08 20:00:00,5.0,75,4.1,330,0,0,0
2005-01-08 21:00:00,6.0,70,4.1,310,0,0,0
2005-01-08 22:00:00,5.0,75,5.7,310,0,0,0
2005-01-08 23:00:00,3.0,87,2.1,330,0,0,0
2005-01-09 00:00:00,4.0,81,0.0,0,0,0,0
2005-01-09 01:00:00,3.0,81,0.0,0,0,0,0
2005-01-09 02:00:00,0.0,100,0.0,0,0,0,0
2005-01-09 03:00:00,0.0,100,0.0,0,0,0,0
2005-01-09 04:00:00,1.0,100,0.0,0,0,0,0
2005-01-09 05:00:00,3.0,87,0.0,0,0,0,0
2005-01-09 06:00:00,3.0,87,1.5,40,0,0,0
2005-01-09 07:00:00,1.0,93,0.0,0,0,0,0
2005-01-09 08:00:00,1.0,93,0.0,0,0,0,0
2005-01-09 09:00:00,2.0,93,0.0,0,118,174,92
2005-01-09 10:00:00,3.0,87,0.0,0,57,0,57
2005-01-09 11:00:00,3.0,93,2.6,150,163,18,155
2005-01-09 12:00:00,4.0,81,2.6,120,87,0,87
2005-01-09 13:00:00,5.0,81,1.5,150,78,0,78
2005-01-09 14:00:00,5.0,81,3.6,160,81,0,81
2005-01-09 15:00:00,5.0,81,2.6,160,66,0,66
2005-01-09 16:00:00,5.0,81,2.1,160,215,430,107
2005-01-09 17:00:00,4.0,87,2.1,140,61,361,26
2005-01-09 18:00:00,2.0,93,0.0,0,0,0,0
2005-01-09 19:00:00,1.0,100,0.0,0,0,0,0
2005-01-09 20:00:00,0.0,100,0.0,0,0,0,0
2005-01-09 21:00:00,0.0,100,0.0,0,0,0,0
2005-01-09 22:00:00,0.0,100,0.0,0,0,0,0
2005-01-09 23:00:00,0.0,100,1.5,210,0,0,0
2005-01-10 00:00:00,1.0,93,2.1,210,0,0,0
2005-01-10 01:00:00,1.0,100,2.6,190,0,0,0
2005-01-10 02:00:00,2.0,93,1.5,200,0,0,0
2005-01-10 03:00:00,1.0,93,1.5,170,0,0,0
2005-01-10 04:00:00,2.0,93,2.1,190,0,0,0
2005-01-10 05:00:00,2.0,93,1.5,180,0,0,0
2005-01-10 06:00:00,3.0,93,0.0,0,0,0,0
2005-01-10 07:00:00,0.0,100,2.1,50,0,0,0
2005-01-10 08:00:00,0.0,100,0.0,0,0,0,0
2005-01-10 09:00:00,1.0,100,0.0,0,138,472,66
2005-01-10 10:00:00,5.0,87,0.0,0,285,740,66
2005-01-10 11:00:00,9.0,76,0.0,0,416,852,73
2005-01-10 12:00:00,13.0,58,1.5,270,490,883,77
2005-01-10 13:00:00,13.0,58,6.7,310,491,864,73
2005-01-10 14:00:00,13.0,58,4.6,310,457,850,73
2005-01-10 15:00:00,12.0,58,5.7,290,364,810,62
2005-01-10 16:00:00,11.0,58,5.7,300,230,709,51
2005-01-10 17:00:00,10.0,62,3.6,290,62,339,28
2005-01-10 18:00:00,10.0,62,5.1,280,0,0,0
2005-01-10 19:00:00,7.0,70,0.0,0,0,0,0
2005-01-10 20:00:00,9.0,61,0.0,0,0,0,0
2005-01-10 21:00:00,8.0,66,0.0,0,0,0,0
2005-01-10 22:00:00,8.0,66,1.5,340,0,0,0
2005-01-10 23:00:00,7.0,70,1.5,50,0,0,0
2005-01-11 00:00:00,6.0,75,0.0,0,0,0,0
2005-01-11 01:00:00,5.0,81,0.0,0,0,0,0
2005-01-11 02:00:00,3.0,93,0.0,0,0,0,0
2005-01-11 03:00:00,3.0,93,0.0,0,0,0,0
2005-01-11 04:00:00,5.0,81,0.0,0,0,0,0
2005-01-11 05:00:00,4.0,87,0.0,0,0,0,0
2005-01-11 06:00:00,4.0,87,0.0,0,0,0,0
2005-01-11 07:00:00,3.0,93,0.0,0,0,0,0
2005-01-11 08:00:00,4.0,87,0.0,0,0,0,0
2005-01-11 09:00:00,7.0,76,2.1,140,137,479,64
2005-01-11 10:00:00,7.0,81,3.6,140,299,759,73
2005-01-11 11:00:00,8.0,81,7.2,160,429,852,84
2005-01-11 12:00:00,8.0,81,4.1,160,496,889,79
2005-01-11 13:00:00,8.0,81,6.2,160,516,900,77
2005-01-11 14:00:00,10.0,71,5.7,160,469,874,71
2005-01-11 15:00:00,10.0,76,4.6,160,375,827,64
2005-01-11 16:00:00,10.0,76,4.1,140,231,709,49
2005-01-11 17:00:00,10.0,76,2.6,130,67,370,28
2005-01-11 18:00:00,9.0,81,2.6,140,0,0,0
2005-01-11 19:00:00,10.0,82,2.6,160,0,0,0
2005-01-11 20:00:00,11.0,76,2.1,150,0,0,0
2005-01-11 21:00:00,8.0,87,2.6,10,0,0,0
2005-01-11 22:00:00,6.0,100,1.5,30,0,0,0
2005-01-11 23:00:00,6.0,100,1.5,320,0,0,0
2005-01-12 00:00:00,6.0,100,0.0,0,0,0,0
2005-01-12 01:00:00,5.0,100,2.1,360,0,0,0
2005-01-12 02:00:00,4.0,100,1.5,10,0,0,0
2005-01-12 03:00:00,3.0,100,2.1,10,0,0,0
2005-01-12 04:00:00,3.0,100,0.0,0,0,0,0
2005-01-12 05:00:00,3.0,100,0.0,0,0,0,0
2005-01-12 06:00:00,4.0,100,0.0,0,0,0,0
2005-01-12 07:00:00,4.0,100,0.0,0,0,0,0
2005-01-12 08:00:00,4.0,100,0.0,0,0,0,0
2005-01-12 09:00:00,5.0,100,0.0,0,137,478,63
2005-01-12 10:00:00,5.0,100,0.0,0,299,765,70
2005-01-12 11:00:00,6.0,100,0.0,0,416,846,72
2005-01-12 12:00:00,6.0,100,0.0,0,484,865,76
2005-01-12 13:00:00,7.0,93,0.0,0,516,894,78
2005-01-12 14:00:00,8.0,93,0.0,0,469,869,72
2005-01-12 15:00:00,8.0,93,1.5,40,370,816,61
2005-01-12 16:00:00,9.0,87,1.5,60,237,710,52
2005-01-12 17:00:00,7.0,100,2.1,350,71,392,29
2005-01-12 18:00:00,7.0,93,2.6,360,0,0,0
2005-01-12 19:00:00,7.0,100,1.5,10,0,0,0
2005-01-12 20:00:00,7.0,100,2.1,360,0,0,0
2005-01-12 21:00:00,7.0,100,1.5,20,0,0,0
2005-01-12 22:00:00,7.0,100,1.5,40,0,0,0
2005-01-12 23:00:00,7.0,100,0.0,0,0,0,0
2005-01-13 00:00:00,7.0,100,0.0,0,0,0,0
2005-01-13 01:00:00,7.0,100,0.0,0,0,0,0
2005-01-13 02:00:00,6.0,100,0.0,0,0,0,0
2005-01-13 03:00:00,6.0,100,0.0,0,0,0,0
2005-01-13 04:00:00,6.0,100,0.0,0,0,0,0
2005-01-13 05:00:00,6.0,100,0.0,0,0,0,0
2005-01-13 06:00:00,5.0,100,0.0,0,0,0,0
2005-01-13 07:00:00,4.0,100,0.0,0,0,0,0
2005-01-13 08:00:00,4.0,100,0.0,0,0,0,0
2005-01-13 09:00:00,6.0,100,0.0,0,137,448,67
2005-01-13 10:00:00,9.0,100,0.0,0,291,746,68
2005-01-13 11:00:00,13.0,100,1.5,130,416,833,75
2005-01-13 12:00:00,18.0,88,6.7,160,490,871,77
2005-01-13 13:00:00,19.0,78,5.7,160,510,888,73
2005-01-13 14:00:00,21.0,69,5.1,170,469,869,69
2005-01-13 15:00:00,21.0,69,6.7,170,370,804,63
2005-01-13 16:00:00,20.0,73,8.2,170,232,688,51
2005-01-13 17:00:00,19.0,73,6.2,180,69,370,28
2005-01-13 18:00:00,19.0,78,8.7,160,0,0,0
2005-01-13 19:00:00,18.0,88,7.2,160,0,0,0
2005-01-13 20:00:00,19.0,83,7.2,160,0,0,0
2005-01-13 21:00:00,17.0,100,5.7,140,0,0,0
2005-01-13 22:00:00,17.0,94,3.1,170,0,0,0
2005-01-13 23:00:00,16.0,100,0.0,0,0,0,0
2005-01-14 00:00:00,16.0,100,0.0,0,0,0,0
2005-01-14 01:00:00,16.0,100,6.2,310,0,0,0
2005-01-14 02:00:00,14.0,94,3.6,260,0,0,0
2005-01-14 03:00:00,13.0,100,1.5,180,0,0,0
2005-01-14 04:00:00,13.0,100,0.0,0,0,0,0
2005-01-14 05:00:00,11.0,94,7.7,310,0,0,0
2005-01-14 06:00:00,8.0,93,8.2,320,0,0,0
2005-01-14 07:00:00,6.0,87,8.7,310,0,0,0
2005-01-14 08:00:00,6.0,81,4.6,320,0,0,0
2005-01-14 09:00:00,5.0,75,6.7,320,136,455,65
2005-01-14 10:00:00,5.0,75,9.3,310,298,758,70
2005-01-14 11:00:00,5.0,70,5.7,330,422,852,73
2005-01-14 12:00:00,5.0,70,6.2,330,503,895,76
2005-01-14 13:00:00,5.0,70,9.3,320,528,900,83
2005-01-14 14:00:00,5.0,64,4.1,320,487,887,76
2005-01-14 15:00:00,5.0,64,7.2,310,387,828,68
2005-01-14 16:00:00,5.0,64,8.2,310,238,706,50
2005-01-14 17:00:00,3.0,68,7.2,320,73,402,28
2005-01-14 18:00:00,2.0,73,4.6,320,0,0,0
2005-01-14 19:00:00,2.0,67,3.6,320,0,0,0
2005-01-14 20:00:00,2.0,67,3.1,320,0,0,0
2005-01-14 21:00:00,1.0,72,4.6,310,0,0,0
2005-01-14 22:00:00,1.0,61,2.6,350,0,0,0
2005-01-14 23:00:00,0.0,66,2.6,320,0,0,0
2005-01-15 00:00:00,0.0,66,4.1,330,0,0,0
2005-01-15 01:00:00,0.0,66,5.1,330,0,0,0
2005-01-15 02:00:00,0.0,60,0.0,0,0,0,0
2005-01-15 03:00:00,-1.0,60,0.0,0,0,0,0
2005-01-15 04:00:00,-1.0,60,0.0,0,0,0,0
2005-01-15 05:00:00,-1.0,60,0.0,0,0,0,0
2005-01-15 06:00:00,-2.0,71,0.0,0,0,0,0
2005-01-15 07:00:00,-2.0,71,0.0,0,0,0,0
2005-01-15 08:00:00,-2.0,65,0.0,0,0,0,0
2005-01-15 09:00:00,-1.0,60,2.1,360,145,483,69
2005-01-15 10:00:00,-1.0,60,2.1,340,298,764,66
2005-01-15 11:00:00,0.0,51,2.1,350,429,858,75
2005-01-15 12:00:00,0.0,46,2.1,30,509,895,80
2005-01-15 13:00:00,0.0,46,0.0,0,528,906,77
2005-01-15 14:00:00,1.0,40,2.1,30,499,887,85
2005-01-15 15:00:00,1.0,43,1.5,130,393,834,69
2005-01-15 16:00:00,2.0,37,0.0,0,248,724,54
2005-01-15 17:00:00,0.0,51,0.0,0,78,424,28
2005-01-15 18:00:00,0.0,51,0.0,0,0,0,0
2005-01-15 19:00:00,-1.0,60,0.0,0,0,0,0
2005-01-15 20:00:00,-2.0,65,0.0,0,0,0,0
2005-01-15 21:00:00,-2.0,65,0.0,0,0,0,0
2005-01-15 22:00:00,-2.0,65,0.0,0,0,0,0
2005-01-15 23:00:00,-1.0,60,0.0,0,0,0,0
2005-01-16 00:00:00,-2.0,71,0.0,0,0,0,0
2005-01-16 01:00:00,-2.0,71,0.0,0,0,0,0
2005-01-16 02:00:00,-2.0,71,0.0,0,0,0,0
2005-01-16 03:00:00,-2.0,71,0.0,0,0,0,0
2005-01-16 04:00:00,-3.0,77,0.0,0,0,0,0
2005-01-16 05:00:00,-3.0,77,0.0,0,0,0,0
2005-01-16 06:00:00,-3.0,77,1.5,10,0,0,0
2005-01-16 07:00:00,-3.0,77,1.5,30,0,0,0
2005-01-16 08:00:00,-3.0,84,1.5,30,0,0,0
2005-01-16 09:00:00,-2.0,78,0.0,0,145,489,66
2005-01-16 10:00:00,-1.0,66,0.0,0,298,758,67
2005-01-16 11:00:00,-1.0,66,0.0,0,416,833,70
2005-01-16 12:00:00,0.0,66,0.0,0,509,895,78
2005-01-16 13:00:00,0.0,66,0.0,0,528,906,75
2005-01-16 14:00:00,1.0,56,0.0,0,493,887,76
2005-01-16 15:00:00,1.0,51,2.1,80,394,840,64
2005-01-16 16:00:00,1.0,51,1.5,60,249,730,50
2005-01-16 17:00:00,0.0,60,0.0,0,83,441,30
2005-01-16 18:00:00,0.0,66,0.0,0,0,0,0
2005-01-16 19:00:00,0.0,66,0.0,0,0,0,0
2005-01-16 20:00:00,0.0,66,0.0,0,0,0,0
2005-01-16 21:00:00,-1.0,85,2.1,340,0,0,0
2005-01-16 22:00:00,-1.0,92,2.6,300,0,0,0
2005-01-16 23:00:00,-1.0,78,5.1,310,0,0,0
2005-01-17 00:00:00,-2.0,71,9.3,310,0,0,0
2005-01-17 01:00:00,-3.0,65,7.7,310,0,0,0
2005-01-17 02:00:00,-4.0,59,8.2,310,0,0,0
2005-01-17 03:00:00,-5.0,59,6.7,330,0,0,0
2005-01-17 04:00:00,-5.0,59,7.2,310,0,0,0
2005-01-17 05:00:00,-6.0,64,7.2,300,0,0,0
2005-01-17 06:00:00,-6.0,64,5.7,300,0,0,0
2005-01-17 07:00:00,-7.0,64,6.7,280,0,0,0
2005-01-17 08:00:00,-6.0,59,7.7,300,0,0,0
2005-01-17 09:00:00,-7.0,59,7.7,300,144,480,66
2005-01-17 10:00:00,-6.0,49,8.2,300,290,675,83
2005-01-17 11:00:00,-6.0,54,9.3,290,390,668,111
2005-01-17 12:00:00,-6.0,49,9.3,310,447,623,145
2005-01-17 13:00:00,-5.0,41,10.3,290,402,348,227
2005-01-17 14:00:00,-6.0,41,9.3,270,110,0,110
2005-01-17 15:00:00,-6.0,41,10.3,270,333,341,198
2005-01-17 16:00:00,-6.0,41,7.2,290,138,103,109
2005-01-17 17:00:00,-7.0,45,5.7,290,65,156,45
2005-01-17 18:00:00,-7.0,49,5.7,290,0,0,0
2005-01-17 19:00:00,-7.0,59,9.8,300,0,0,0
2005-01-17 20:00:00,-8.0,58,8.7,300,0,0,0
2005-01-17 21:00:00,-8.0,58,10.3,310,0,0,0
2005-01-17 22:00:00,-8.0,49,8.2,320,0,0,0
2005-01-17 23:00:00,-8.0,53,8.7,310,0,0,0
2005-01-18 00:00:00,-9.0,53,9.8,310,0,0,0
2005-01-18 01:00:00,-10.0,58,7.7,300,0,0,0
2005-01-18 02:00:00,-10.0,58,4.1,300,0,0,0
2005-01-18 03:00:00,-10.0,58,4.6,310,0,0,0
2005-01-18 04:00:00,-10.0,58,7.2,300,0,0,0
2005-01-18 05:00:00,-10.0,58,8.2,300,0,0,0
2005-01-18 06:00:00,-10.0,58,8.7,310,0,0,0
2005-01-18 07:00:00,-11.0,63,8.7,300,0,0,0
2005-01-18 08:00:00,-10.0,58,7.2,310,0,0,0
2005-01-18 09:00:00,-9.0,53,6.7,310,134,422,65
2005-01-18 10:00:00,-8.0,49,5.1,330,269,625,76
2005-01-18 11:00:00,-7.0,41,7.2,330,390,710,91
2005-01-18 12:00:00,-6.0,41,6.7,330,497,774,119
2005-01-18 13:00:00,-6.0,41,7.2,310,498,738,124
2005-01-18 14:00:00,-5.0,34,4.6,310,482,828,88
2005-01-18 15:00:00,-5.0,34,4.6,320,378,753,77
2005-01-18 16:00:00,-5.0,34,3.6,300,235,623,61
2005-01-18 17:00:00,-5.0,34,3.1,320,81,375,33
2005-01-18 18:00:00,-6.0,41,0.0,0,0,0,0
2005-01-18 19:00:00,-7.0,45,0.0,0,0,0,0
2005-01-18 20:00:00,-8.0,53,0.0,0,0,0,0
2005-01-18 21:00:00,-10.0,76,0.0,0,0,0,0
2005-01-18 22:00:00,-10.0,76,0.0,0,0,0,0
2005-01-18 23:00:00,-10.0,84,0.0,0,0,0,0
2005-01-19 00:00:00,-10.0,84,0.0,0,0,0,0
2005-01-19 01:00:00,-10.0,84,0.0,0,0,0,0
2005-01-19 02:00:00,-8.0,70,1.5,200,0,0,0
2005-01-19 03:00:00,-8.0,70,1.5,170,0,0,0
2005-01-19 04:00:00,-7.0,59,3.1,170,0,0,0
2005-01-19 05:00:00,-7.0,54,4.6,160,0,0,0
2005-01-19 06:00:00,-6.0,49,3.6,170,0,0,0
2005-01-19 07:00:00,-6.0,49,4.1,170,0,0,0
2005-01-19 08:00:00,-6.0,45,4.6,150,0,0,0
2005-01-19 09:00:00,-5.0,45,4.6,170,66,0,66
2005-01-19 10:00:00,-6.0,70,7.7,160,49,0,49
2005-01-19 11:00:00,-5.0,59,6.2,160,65,0,65
2005-01-19 12:00:00,-4.0,59,5.1,160,81,0,81
2005-01-19 13:00:00,-3.0,55,5.1,150,96,0,96
2005-01-19 14:00:00,-2.0,60,6.2,160,348,202,251
2005-01-19 15:00:00,-2.0,65,4.1,180,178,41,161
2005-01-19 16:00:00,-2.0,65,4.1,180,169,212,109
2005-01-19 17:00:00,-2.0,71,3.1,160,39,5,38
2005-01-19 18:00:00,-2.0,71,2.6,170,0,0,0
2005-01-19 19:00:00,-2.0,71,2.6,180,0,0,0
2005-01-19 20:00:00,-2.0,78,2.1,190,0,0,0
2005-01-19 21:00:00,-1.0,71,2.6,180,0,0,0
2005-01-19 22:00:00,-1.0,71,0.0,0,0,0,0
2005-01-19 23:00:00,0.0,78,0.0,0,0,0,0
2005-01-20 00:00:00,3.0,68,6.2,280,0,0,0
2005-01-20 01:00:00,3.0,68,5.7,290,0,0,0
2005-01-20 02:00:00,2.0,73,4.6,320,0,0,0
2005-01-20 03:00:00,2.0,73,3.1,310,0,0,0
2005-01-20 04:00:00,1.0,72,6.2,290,0,0,0
2005-01-20 05:00:00,1.0,72,4.6,300,0,0,0
2005-01-20 06:00:00,0.0,72,4.1,300,0,0,0
2005-01-20 07:00:00,0.0,72,6.2,310,0,0,0
2005-01-20 08:00:00,0.0,72,2.1,320,0,0,0
2005-01-20 09:00:00,0.0,66,4.1,290,57,0,57
2005-01-20 10:00:00,0.0,78,2.6,330,120,6,118
2005-01-20 11:00:00,1.0,61,5.1,310,253,129,198
2005-01-20 12:00:00,2.0,57,4.6,270,310,145,239
2005-01-20 13:00:00,2.0,57,5.7,290,444,444,216
2005-01-20 14:00:00,2.0,52,5.7,300,244,48,221
2005-01-20 15:00:00,2.0,52,4.1,290,206,59,182
2005-01-20 16:00:00,2.0,52,4.6,320,144,92,117
2005-01-20 17:00:00,1.0,61,2.1,320,67,154,46
2005-01-20 18:00:00,0.0,66,2.6,340,0,0,0
2005-01-20 19:00:00,0.0,66,3.1,330,0,0,0
2005-01-20 20:00:00,0.0,66,3.1,330,0,0,0
2005-01-20 21:00:00,0.0,60,0.0,0,0,0,0
2005-01-20 22:00:00,-1.0,60,0.0,0,0,0,0
2005-01-20 23:00:00,-1.0,60,1.5,360,0,0,0
2005-01-21 00:00:00,-1.0,55,3.6,30,0,0,0
2005-01-21 01:00:00,-2.0,60,2.1,340,0,0,0
2005-01-21 02:00:00,-2.0,55,1.5,340,0,0,0
2005-01-21 03:00:00,-2.0,55,1.5,360,0,0,0
2005-01-21 04:00:00,-2.0,50,2.6,360,0,0,0
2005-01-21 05:00:00,-3.0,55,2.1,360,0,0,0
2005-01-21 06:00:00,-3.0,55,3.1,10,0,0,0
2005-01-21 07:00:00,-5.0,59,2.6,20,0,0,0
2005-01-21 08:00:00,-6.0,64,2.6,20,0,71,0
2005-01-21 09:00:00,-5.0,59,3.6,30,141,412,71
2005-01-21 10:00:00,-4.0,50,2.6,40,310,693,91
2005-01-21 11:00:00,-3.0,46,3.1,360,409,710,105
2005-01-21 12:00:00,-2.0,32,2.6,330,503,816,97
2005-01-21 13:00:00,-1.0,29,2.6,20,528,876,76
2005-01-21 14:00:00,-1.0,27,3.6,350,494,858,76
2005-01-21 15:00:00,-1.0,24,3.1,30,395,806,65
2005-01-21 16:00:00,-2.0,27,2.6,30,257,699,54
2005-01-21 17:00:00,-3.0,26,2.1,30,95,448,34
2005-01-21 18:00:00,-4.0,29,0.0,0,0,0,0
2005-01-21 19:00:00,-6.0,41,0.0,0,0,0,0
2005-01-21 20:00:00,-6.0,41,0.0,0,0,0,0
2005-01-21 21:00:00,-8.0,49,0.0,0,0,0,0
2005-01-21 22:00:00,-8.0,53,0.0,0,0,0,0
2005-01-21 23:00:00,-9.0,70,2.1,120,0,0,0
2005-01-22 00:00:00,-9.0,70,1.5,100,0,0,0
2005-01-22 01:00:00,-8.0,58,2.6,100,0,0,0
2005-01-22 02:00:00,-8.0,58,1.5,90,0,0,0
2005-01-22 03:00:00,-7.0,59,3.1,110,0,0,0
2005-01-22 04:00:00,-7.1,58,3.4,130,0,0,0
2005-01-22 05:00:00,-7.0,59,3.6,140,0,0,0
2005-01-22 06:00:00,-7.0,70,5.1,150,0,0,0
2005-01-22 07:00:00,-7.0,70,6.2,140,0,0,0
2005-01-22 08:00:00,-8.0,92,5.1,150,0,0,0
2005-01-22 09:00:00,-7.0,84,6.2,150,56,0,56
2005-01-22 10:00:00,-7.0,84,8.7,150,49,0,49
2005-01-22 11:00:00,-6.0,70,7.2,140,65,0,65
2005-01-22 12:00:00,-6.0,92,5.7,150,81,0,81
2005-01-22 13:00:00,-6.0,92,6.2,150,84,0,84
2005-01-22 14:00:00,-6.0,100,5.1,160,76,0,76
2005-01-22 15:00:00,-5.0,84,3.6,140,61,0,61
2005-01-22 16:00:00,-4.0,84,2.1,150,41,0,41
2005-01-22 17:00:00,-4.0,84,0.0,0,16,0,16
2005-01-22 18:00:00,-5.0,92,0.0,0,0,0,0
2005-01-22 19:00:00,-5.0,92,1.5,10,0,0,0
2005-01-22 20:00:00,-5.0,92,0.0,0,0,0,0
2005-01-22 21:00:00,-5.0,92,1.5,10,0,0,0
2005-01-22 22:00:00,-6.0,92,2.6,360,0,0,0
2005-01-22 23:00:00,-4.0,92,7.2,310,0,0,0
2005-01-23 00:00:00,-4.0,65,7.7,300,0,0,0
2005-01-23 01:00:00,-6.0,59,8.2,290,0,0,0
2005-01-23 02:00:00,-7.0,59,12.3,300,0,0,0
2005-01-23 03:00:00,-8.0,58,13.4,300,0,0,0
2005-01-23 04:00:00,-9.0,58,10.8,300,0,0,0
2005-01-23 05:00:00,-10.0,64,10.3,320,0,0,0
2005-01-23 06:00:00,-10.0,58,7.7,320,0,0,0
2005-01-23 07:00:00,-11.0,58,8.7,320,0,0,0
2005-01-23 08:00:00,-11.0,58,13.9,310,1,29,1
2005-01-23 09:00:00,-10.0,58,10.3,310,111,155,84
2005-01-23 10:00:00,-10.0,58,9.8,310,169,94,139
2005-01-23 11:00:00,-8.0,53,9.8,320,434,624,163
2005-01-23 12:00:00,-8.0,53,9.3,300,478,689,131
2005-01-23 13:00:00,-7.0,49,8.7,320,529,666,180
2005-01-23 14:00:00,-6.0,49,9.3,310,279,101,229
2005-01-23 15:00:00,-6.0,49,11.3,310,335,389,172
2005-01-23 16:00:00,-6.0,49,8.2,310,279,631,91
2005-01-23 17:00:00,-7.0,49,9.3,320,105,493,34
2005-01-23 18:00:00,-7.0,49,5.7,320,0,0,0
2005-01-23 19:00:00,-7.0,49,6.7,320,0,0,0
2005-01-23 20:00:00,-8.0,53,11.8,300,0,0,0
2005-01-23 21:00:00,-8.0,49,6.7,320,0,0,0
2005-01-23 22:00:00,-8.0,49,6.7,320,0,0,0
2005-01-23 23:00:00,-8.0,44,9.3,310,0,0,0
2005-01-24 00:00:00,-9.0,48,6.7,310,0,0,0
2005-01-24 01:00:00,-9.0,53,4.6,290,0,0,0
2005-01-24 02:00:00,-9.0,53,5.1,300,0,0,0
2005-01-24 03:00:00,-10.0,58,3.1,300,0,0,0
2005-01-24 04:00:00,-10.0,58,3.1,300,0,0,0
2005-01-24 05:00:00,-11.0,58,0.0,0,0,0,0
2005-01-24 06:00:00,-12.0,63,0.0,0,0,0,0
2005-01-24 07:00:00,-13.0,69,0.0,0,0,0,0
2005-01-24 08:00:00,-11.0,63,1.5,270,0,0,0
2005-01-24 09:00:00,-8.0,53,1.5,180,37,0,37
2005-01-24 10:00:00,-7.0,54,3.1,230,218,182,159
2005-01-24 11:00:00,-7.0,59,2.6,220,136,0,136
2005-01-24 12:00:00,-5.0,49,3.6,210,93,0,93
2005-01-24 13:00:00,-5.0,54,3.1,180,84,0,84
2005-01-24 14:00:00,-5.0,54,1.5,220,81,0,81
2005-01-24 15:00:00,-5.0,59,3.1,240,67,0,67
2005-01-24 16:00:00,-4.0,54,1.5,190,119,23,112
2005-01-24 17:00:00,-3.0,55,2.1,180,16,0,16
2005-01-24 18:00:00,-4.0,59,0.0,0,0,0,0
2005-01-24 19:00:00,-4.0,59,1.5,160,0,0,0
2005-01-24 20:00:00,-3.0,55,0.0,0,0,0,0
2005-01-24 21:00:00,-1.0,46,3.1,320,0,0,0
2005-01-24 22:00:00,-1.0,55,4.6,330,0,0,0
2005-01-24 23:00:00,-1.0,55,8.2,290,0,0,0
2005-01-25 00:00:00,-1.0,60,8.2,300,0,0,0
2005-01-25 01:00:00,-1.0,66,7.2,300,0,0,0
2005-01-25 02:00:00,-1.0,66,7.2,300,0,0,0
2005-01-25 03:00:00,0.0,60,2.1,10,0,0,0
2005-01-25 04:00:00,0.0,66,4.1,310,0,0,0
2005-01-25 05:00:00,-1.0,71,2.6,320,0,0,0
2005-01-25 06:00:00,0.0,66,2.6,280,0,0,0
2005-01-25 07:00:00,0.0,72,3.6,290,0,0,0
2005-01-25 08:00:00,0.0,72,2.6,320,1,0,1
2005-01-25 09:00:00,0.0,72,0.0,0,64,0,64
2005-01-25 10:00:00,0.0,72,0.0,0,49,0,49
2005-01-25 11:00:00,1.0,72,1.5,150,71,0,71
2005-01-25 12:00:00,2.0,67,0.0,0,441,333,271
2005-01-25 13:00:00,3.0,63,1.5,250,367,192,265
2005-01-25 14:00:00,2.0,73,0.0,0,419,429,204
2005-01-25 15:00:00,3.0,68,1.5,160,262,165,192
2005-01-25 16:00:00,3.0,68,0.0,0,254,460,113
2005-01-25 17:00:00,2.0,73,2.6,130,74,152,51
2005-01-25 18:00:00,1.0,79,2.1,130,0,0,0
2005-01-25 19:00:00,1.0,79,0.0,0,0,0,0
2005-01-25 20:00:00,1.0,79,1.5,140,0,0,0
2005-01-25 21:00:00,0.0,78,0.0,0,0,0,0
2005-01-25 22:00:00,0.0,78,0.0,0,0,0,0
2005-01-25 23:00:00,-1.0,85,0.0,0,0,0,0
2005-01-26 00:00:00,-1.0,85,0.0,0,0,0,0
2005-01-26 01:00:00,-1.0,92,0.0,0,0,0,0
2005-01-26 02:00:00,0.0,85,1.5,200,0,0,0
2005-01-26 03:00:00,0.0,78,2.1,200,0,0,0
2005-01-26 04:00:00,0.0,78,2.1,200,0,0,0
2005-01-26 05:00:00,0.0,85,0.0,0,0,0,0
2005-01-26 06:00:00,1.0,86,2.6,220,0,0,0
2005-01-26 07:00:00,3.0,74,3.1,200,0,0,0
2005-01-26 08:00:00,3.0,81,2.1,230,0,0,0
2005-01-26 09:00:00,3.0,81,0.0,0,27,0,27
2005-01-26 10:00:00,2.0,80,0.0,0,161,63,141
2005-01-26 11:00:00,6.0,65,0.0,0,408,520,177
2005-01-26 12:00:00,11.0,50,0.0,0,478,484,229
2005-01-26 13:00:00,11.0,54,8.2,320,84,0,84
2005-01-26 14:00:00,10.0,57,7.7,320,82,0,82
2005-01-26 15:00:00,10.0,57,6.2,320,302,189,221
2005-01-26 16:00:00,8.0,66,6.7,310,286,489,134
2005-01-26 17:00:00,7.0,66,6.7,310,54,47,47
2005-01-26 18:00:00,7.0,70,7.2,300,0,0,0
2005-01-26 19:00:00,6.0,70,5.7,320,0,0,0
2005-01-26 20:00:00,5.0,75,5.1,320,0,0,0
2005-01-26 21:00:00,4.0,75,7.7,310,0,0,0
2005-01-26 22:00:00,1.0,93,3.6,10,0,0,0
2005-01-26 23:00:00,1.0,79,3.6,350,0,0,0
2005-01-27 00:00:00,0.0,78,2.1,360,0,0,0
2005-01-27 01:00:00,0.0,60,3.1,360,0,0,0
2005-01-27 02:00:00,-1.0,60,4.6,350,0,0,0
2005-01-27 03:00:00,-3.0,55,3.6,350,0,0,0
2005-01-27 04:00:00,-5.0,59,4.6,360,0,0,0
2005-01-27 05:00:00,-7.0,59,4.6,340,0,0,0
2005-01-27 06:00:00,-7.0,59,5.1,330,0,0,0
2005-01-27 07:00:00,-8.0,64,4.6,340,0,0,0
2005-01-27 08:00:00,-8.0,64,2.6,350,2,30,1
2005-01-27 09:00:00,-7.0,59,5.1,320,108,133,84
2005-01-27 10:00:00,-6.0,49,3.6,360,280,496,115
2005-01-27 11:00:00,-5.0,49,4.1,340,479,734,151
2005-01-27 12:00:00,-4.0,45,4.6,320,515,762,121
2005-01-27 13:00:00,-3.0,38,3.6,360,565,810,129
2005-01-27 14:00:00,-2.0,32,4.6,10,489,709,128
2005-01-27 15:00:00,-2.0,29,4.1,360,369,542,134
2005-01-27 16:00:00,-2.0,32,4.1,30,271,622,76
2005-01-27 17:00:00,-3.0,35,3.6,30,122,496,43
2005-01-27 18:00:00,-4.0,38,2.6,20,0,0,0
2005-01-27 19:00:00,-5.0,41,3.1,10,0,0,0
2005-01-27 20:00:00,-6.0,45,0.0,0,0,0,0
2005-01-27 21:00:00,-6.0,45,2.1,350,0,0,0
2005-01-27 22:00:00,-7.0,49,2.1,350,0,0,0
2005-01-27 23:00:00,-7.0,49,0.0,0,0,0,0
2005-01-28 00:00:00,-7.0,49,0.0,0,0,0,0
2005-01-28 01:00:00,-8.0,53,2.1,320,0,0,0
2005-01-28 02:00:00,-8.0,53,2.1,330,0,0,0
2005-01-28 03:00:00,-9.0,58,0.0,0,0,0,0
2005-01-28 04:00:00,-10.0,70,0.0,0,0,0,0
2005-01-28 05:00:00,-12.0,91,0.0,0,0,0,0
2005-01-28 06:00:00,-11.0,76,0.0,0,0,0,0
2005-01-28 07:00:00,-11.0,70,1.5,330,0,0,0
2005-01-28 08:00:00,-10.0,64,0.0,0,3,88,1
2005-01-28 09:00:00,-9.0,53,1.5,40,143,375,73
2005-01-28 10:00:00,-8.0,49,1.5,320,287,558,99
2005-01-28 11:00:00,-6.0,45,3.1,320,446,752,108
2005-01-28 12:00:00,-5.0,41,2.1,80,515,816,90
2005-01-28 13:00:00,-3.0,35,2.6,320,529,774,109
2005-01-28 14:00:00,-2.0,32,1.5,30,513,817,93
2005-01-28 15:00:00,-2.0,32,0.0,0,425,790,80
2005-01-28 16:00:00,-2.0,35,2.1,70,297,686,80
2005-01-28 17:00:00,-3.0,35,1.5,100,110,418,42
2005-01-28 18:00:00,-4.0,45,0.0,0,0,0,0
2005-01-28 19:00:00,-6.0,59,0.0,0,0,0,0
2005-01-28 20:00:00,-6.0,59,0.0,0,0,0,0
2005-01-28 21:00:00,-7.0,64,0.0,0,0,0,0
2005-01-28 22:00:00,-7.0,59,0.0,0,0,0,0
2005-01-28 23:00:00,-8.0,77,0.0,0,0,0,0
2005-01-29 00:00:00,-8.0,70,0.0,0,0,0,0
2005-01-29 01:00:00,-8.0,70,0.0,0,0,0,0
2005-01-29 02:00:00,-8.0,70,0.0,0,0,0,0
2005-01-29 03:00:00,-9.0,77,0.0,0,0,0,0
2005-01-29 04:00:00,-9.0,84,0.0,0,0,0,0
2005-01-29 05:00:00,-10.0,84,0.0,0,0,0,0
2005-01-29 06:00:00,-10.0,84,0.0,0,0,0,0
2005-01-29 07:00:00,-11.0,91,0.0,0,0,0,0
2005-01-29 08:00:00,-8.0,77,0.0,0,3,52,2
2005-01-29 09:00:00,-6.0,70,0.0,0,133,215,93
2005-01-29 10:00:00,-3.0,55,3.1,210,328,640,111
2005-01-29 11:00:00,-1.0,39,2.6,180,453,703,134
2005-01-29 12:00:00,-1.0,35,3.1,180,403,296,248
2005-01-29 13:00:00,1.0,33,2.6,190,535,690,158
2005-01-29 14:00:00,2.0,28,4.6,160,478,680,126
2005-01-29 15:00:00,1.0,30,4.6,160,398,525,166
2005-01-29 16:00:00,1.0,30,5.1,170,157,81,131
2005-01-29 17:00:00,1.0,30,4.1,170,94,186,63
2005-01-29 18:00:00,0.0,60,6.2,160,0,0,0
2005-01-29 19:00:00,-2.0,92,2.6,170,0,0,0
2005-01-29 20:00:00,-2.0,100,2.6,160,0,0,0
2005-01-29 21:00:00,-1.0,92,2.1,170,0,0,0
2005-01-29 22:00:00,-1.0,92,2.1,170,0,0,0
2005-01-29 23:00:00,-1.0,100,0.0,0,0,0,0
2005-01-30 00:00:00,-1.0,100,0.0,0,0,0,0
2005-01-30 01:00:00,-2.0,100,0.0,0,0,0,0
2005-01-30 02:00:00,-1.0,100,0.0,0,0,0,0
2005-01-30 03:00:00,-1.0,100,0.0,0,0,0,0
2005-01-30 04:00:00,-1.0,100,0.0,0,0,0,0
2005-01-30 05:00:00,-1.0,100,0.0,0,0,0,0
2005-01-30 06:00:00,-1.0,100,0.0,0,0,0,0
2005-01-30 07:00:00,-1.0,100,1.5,10,0,0,0
2005-01-30 08:00:00,-1.0,92,2.1,10,3,19,2
2005-01-30 09:00:00,-1.0,100,1.5,360,97,76,83
2005-01-30 10:00:00,-1.0,100,1.5,330,98,0,98
2005-01-30 11:00:00,0.0,92,2.6,330,149,0,149
2005-01-30 12:00:00,0.0,100,3.1,330,211,18,201
2005-01-30 13:00:00,1.0,93,1.5,340,553,576,236
2005-01-30 14:00:00,1.0,86,3.1,330,181,18,171
2005-01-30 15:00:00,3.0,74,3.1,340,432,614,158
2005-01-30 16:00:00,3.0,63,2.6,340,267,525,96
2005-01-30 17:00:00,2.0,80,1.5,320,120,437,46
2005-01-30 18:00:00,1.0,86,1.5,330,0,0,0
2005-01-30 19:00:00,0.0,85,2.1,310,0,0,0
2005-01-30 20:00:00,0.0,85,2.1,320,0,0,0
2005-01-30 21:00:00,-4.0,92,0.0,0,0,0,0
2005-01-30 22:00:00,-2.0,78,2.1,320,0,0,0
2005-01-30 23:00:00,-1.0,71,1.5,320,0,0,0
2005-01-31 00:00:00,-6.0,92,0.0,0,0,0,0
2005-01-31 01:00:00,-4.0,92,0.0,0,0,0,0
2005-01-31 02:00:00,-5.0,84,0.0,0,0,0,0
2005-01-31 03:00:00,-5.0,84,0.0,0,0,0,0
2005-01-31 04:00:00,-6.0,92,0.0,0,0,0,0
2005-01-31 05:00:00,-7.0,92,0.0,0,0,0,0
2005-01-31 06:00:00,-7.0,92,0.0,0,0,0,0
2005-01-31 07:00:00,-7.0,92,0.0,0,0,0,0
2005-01-31 08:00:00,-7.0,92,0.0,0,2,0,2
2005-01-31 09:00:00,-1.0,71,0.0,0,79,0,79
2005-01-31 10:00:00,0.0,72,2.1,80,320,514,142
2005-01-31 11:00:00,1.0,67,1.5,70,420,623,132
2005-01-31 12:00:00,2.0,57,2.6,60,521,731,132
2005-01-31 13:00:00,3.0,53,0.0,0,571,846,102
2005-01-31 14:00:00,3.0,53,0.0,0,525,811,98
2005-01-31 15:00:00,3.0,49,0.0,0,415,702,100
2005-01-31 16:00:00,2.0,57,1.5,100,293,589,99
2005-01-31 17:00:00,2.0,57,0.0,0,104,273,56
2005-01-31 18:00:00,0.0,65,0.0,0,0,0,0
2005-01-31 19:00:00,-2.0,78,0.0,0,0,0,0
2005-01-31 20:00:00,-2.0,78,0.0,0,0,0,0
2005-01-31 21:00:00,-3.0,84,0.0,0,0,0,0
2005-01-31 22:00:00,-3.7,84,0.2,0,0,0,0
2005-01-31 23:00:00,-4.6,84,0.4,0,0,0,0
2005-02-01 00:00:00,-5.4,92,0.6,270,0,0,0
1996-02-01 01:00:00,-6.3,52,0.9,0,0,0,0
1996-02-01 02:00:00,-7.1,52,1.1,0,0,0,0
1996-02-01 03:00:00,-8.0,55,1.3,0,0,0,0
1996-02-01 04:00:00,-8.9,52,1.5,320,0,0,0
1996-02-01 05:00:00,-9.5,58,0.0,0,0,0,0
1996-02-01 06:00:00,-8.9,64,0.0,0,0,0,0
1996-02-01 07:00:00,-9.5,61,0.0,0,0,0,0
1996-02-01 08:00:00,-7.8,55,1.5,80,10,19,9
1996-02-01 09:00:00,-7.8,55,1.5,100,140,466,49
1996-02-01 10:00:00,-5.0,41,2.0,100,93,0,93
1996-02-01 11:00:00,-3.9,46,2.0,160,133,0,133
1996-02-01 12:00:00,-3.4,40,3.0,150,234,69,197
1996-02-01 13:00:00,-2.8,44,3.0,170,166,0,166
1996-02-01 14:00:00,-2.8,38,3.0,150,156,0,156
1996-02-01 15:00:00,-2.8,42,2.0,130,129,0,129
1996-02-01 16:00:00,-3.4,46,3.0,100,87,0,87
1996-02-01 17:00:00,-5.0,58,3.0,150,39,0,39
1996-02-01 18:00:00,-5.6,75,3.0,170,4,0,4
1996-02-01 19:00:00,-5.6,71,2.5,160,0,0,0
1996-02-01 20:00:00,-5.6,65,2.5,160,0,0,0
1996-02-01 21:00:00,-5.0,68,2.5,160,0,0,0
1996-02-01 22:00:00,-5.0,68,2.5,170,0,0,0
1996-02-01 23:00:00,-5.0,68,2.0,160,0,0,0
1996-02-02 00:00:00,-5.0,71,1.5,200,0,0,0
1996-02-02 01:00:00,-5.6,83,1.5,170,0,0,0
1996-02-02 02:00:00,-5.0,79,0.0,0,0,0,0
1996-02-02 03:00:00,-5.0,82,0.0,0,0,0,0
1996-02-02 04:00:00,-4.5,83,1.5,230,0,0,0
1996-02-02 05:00:00,-3.9,79,1.5,300,0,0,0
1996-02-02 06:00:00,-3.4,65,3.6,320,0,0,0
1996-02-02 07:00:00,-3.4,59,4.6,310,0,0,0
1996-02-02 08:00:00,-3.9,56,4.6,320,6,0,6
1996-02-02 09:00:00,-3.9,56,5.6,320,52,0,52
1996-02-02 10:00:00,-3.9,53,4.6,320,102,0,102
1996-02-02 11:00:00,-3.9,48,5.6,340,142,0,142
1996-02-02 12:00:00,-3.9,46,4.1,320,166,0,166
1996-02-02 13:00:00,-4.5,41,3.6,340,174,0,174
1996-02-02 14:00:00,-4.5,44,4.6,330,251,0,250
1996-02-02 15:00:00,-5.0,43,5.1,320,138,0,138
1996-02-02 16:00:00,-6.7,75,5.1,330,96,0,96
1996-02-02 17:00:00,-7.3,82,3.6,340,46,0,46
1996-02-02 18:00:00,-7.3,79,3.6,360,4,0,4
1996-02-02 19:00:00,-7.8,78,3.6,340,0,0,0
1996-02-02 20:00:00,-7.8,82,3.6,360,0,0,0
1996-02-02 21:00:00,-8.4,82,4.1,360,0,0,0
1996-02-02 22:00:00,-8.9,82,4.6,360,0,0,0
1996-02-02 23:00:00,-9.5,86,4.1,330,0,0,0
1996-02-03 00:00:00,-9.5,82,6.6,330,0,0,0
1996-02-03 01:00:00,-9.5,78,6.1,330,0,0,0
1996-02-03 02:00:00,-10.0,81,4.1,320,0,0,0
1996-02-03 03:00:00,-10.0,78,4.1,360,0,0,0
1996-02-03 04:00:00,-10.6,82,3.6,340,0,0,0
1996-02-03 05:00:00,-10.6,78,3.6,360,0,0,0
1996-02-03 06:00:00,-10.6,63,7.2,340,0,0,0
1996-02-03 07:00:00,-11.2,63,5.6,340,0,0,0
1996-02-03 08:00:00,-11.2,63,5.6,340,14,69,10
1996-02-03 09:00:00,-10.0,49,5.6,320,135,470,40
1996-02-03 10:00:00,-8.9,44,3.6,330,96,0,96
1996-02-03 11:00:00,-8.9,49,4.6,330,136,0,136
1996-02-03 12:00:00,-7.8,36,4.6,320,161,0,161
1996-02-03 13:00:00,-8.4,38,6.1,320,169,0,169
1996-02-03 14:00:00,-8.4,36,4.6,310,169,108,111
1996-02-03 15:00:00,-7.8,34,4.1,310,132,0,132
1996-02-03 16:00:00,-8.4,36,4.6,320,90,0,90
1996-02-03 17:00:00,-8.9,40,5.1,310,41,0,41
1996-02-03 18:00:00,-9.5,40,4.6,320,5,0,5
1996-02-03 19:00:00,-10.0,42,4.6,320,0,0,0
1996-02-03 20:00:00,-10.6,44,3.6,320,0,0,0
1996-02-03 21:00:00,-10.6,42,4.6,320,0,0,0
1996-02-03 22:00:00,-11.7,44,5.1,320,0,0,0
1996-02-03 23:00:00,-12.3,43,4.1,310,0,0,0
1996-02-04 00:00:00,-12.3,43,4.6,310,0,0,0
1996-02-04 01:00:00,-12.3,46,6.1,320,0,0,0
1996-02-04 02:00:00,-12.8,48,5.1,320,0,0,0
1996-02-04 03:00:00,-13.4,51,6.1,310,0,0,0
1996-02-04 04:00:00,-13.4,51,4.6,320,0,0,0
1996-02-04 05:00:00,-13.4,54,3.6,330,0,0,0
1996-02-04 06:00:00,-13.9,53,4.1,330,0,0,0
1996-02-04 07:00:00,-15.0,56,1.5,340,0,0,0
1996-02-04 08:00:00,-15.0,53,4.1,310,16,42,13
1996-02-04 09:00:00,-13.9,53,4.6,300,141,426,54
1996-02-04 10:00:00,-13.4,43,6.1,310,306,544,112
1996-02-04 11:00:00,-12.3,39,5.1,320,434,645,130
1996-02-04 12:00:00,-12.3,41,6.1,300,225,85,178
1996-02-04 13:00:00,-11.7,39,6.1,320,343,119,276
1996-02-04 14:00:00,-10.6,36,6.1,320,321,183,223
1996-02-04 15:00:00,-10.0,34,7.7,320,107,21,97
1996-02-04 16:00:00,-10.6,34,5.6,300,197,123,155
1996-02-04 17:00:00,-11.2,38,3.0,330,61,72,47
1996-02-04 18:00:00,-12.8,45,5.6,330,8,8,8
1996-02-04 19:00:00,-13.4,46,4.1,310,0,0,0
1996-02-04 20:00:00,-13.9,45,3.6,300,0,0,0
1996-02-04 21:00:00,-13.9,50,2.5,320,0,0,0
1996-02-04 22:00:00,-15.0,56,0.0,0,0,0,0
1996-02-04 23:00:00,-14.5,53,2.5,290,0,0,0
1996-02-05 00:00:00,-14.5,53,4.6,300,0,0,0
1996-02-05 01:00:00,-14.5,51,2.0,280,0,0,0
1996-02-05 02:00:00,-15.6,53,0.0,0,0,0,0
1996-02-05 03:00:00,-15.6,59,3.0,270,0,0,0
1996-02-05 04:00:00,-15.6,47,3.0,280,0,0,0
1996-02-05 05:00:00,-18.4,62,1.5,260,0,0,0
1996-02-05 06:00:00,-20.6,81,0.0,0,0,0,0
1996-02-05 07:00:00,-21.2,81,1.5,200,0,0,0
1996-02-05 08:00:00,-18.9,72,1.5,230,21,188,10
1996-02-05 09:00:00,-15.0,59,4.6,240,165,544,52
1996-02-05 10:00:00,-12.8,43,2.5,230,239,427,85
1996-02-05 11:00:00,-10.0,40,4.1,200,434,714,95
1996-02-05 12:00:00,-8.9,38,3.6,190,442,577,126
1996-02-05 13:00:00,-8.4,36,3.0,210,500,704,99
1996-02-05 14:00:00,-7.3,37,4.1,240,352,444,111
1996-02-05 15:00:00,-7.3,39,3.6,230,465,719,130
1996-02-05 16:00:00,-7.8,40,3.0,240,274,507,99
1996-02-05 17:00:00,-9.5,42,3.0,220,67,37,60
1996-02-05 18:00:00,-10.0,44,3.0,210,7,8,6
1996-02-05 19:00:00,-9.5,49,2.5,220,0,0,0
1996-02-05 20:00:00,-10.6,52,2.5,240,0,0,0
1996-02-05 21:00:00,-11.2,55,3.6,250,0,0,0
1996-02-05 22:00:00,-10.0,44,2.5,260,0,0,0
1996-02-05 23:00:00,-8.4,47,0.0,0,0,0,0
1996-02-06 00:00:00,-6.2,39,4.6,300,0,0,0
1996-02-06 01:00:00,-8.4,45,3.6,300,0,0,0
1996-02-06 02:00:00,-11.2,42,0.0,0,0,0,0
1996-02-06 03:00:00,-10.6,42,2.5,260,0,0,0
1996-02-06 04:00:00,-13.9,56,2.5,220,0,0,0
1996-02-06 05:00:00,-14.5,66,2.5,240,0,0,0
1996-02-06 06:00:00,-15.6,73,2.0,240,0,0,0
1996-02-06 07:00:00,-10.6,57,3.6,230,0,0,0
1996-02-06 08:00:00,-11.2,55,2.5,250,26,8,25
1996-02-06 09:00:00,-8.4,52,3.0,260,140,121,115
1996-02-06 10:00:00,-3.9,39,3.0,270,348,821,49
1996-02-06 11:00:00,-3.9,37,1.5,220,379,539,120
1996-02-06 12:00:00,-1.2,35,2.5,290,583,933,68
1996-02-06 13:00:00,0.0,31,2.5,290,219,60,184
1996-02-06 14:00:00,1.1,29,2.5,290,363,164,273
1996-02-06 15:00:00,1.6,25,1.5,260,463,621,171
1996-02-06 16:00:00,0.5,27,1.5,170,265,447,109
1996-02-06 17:00:00,-0.6,30,3.6,150,68,155,38
1996-02-06 18:00:00,-2.3,34,0.0,0,16,105,10
1996-02-06 19:00:00,-3.9,41,1.5,140,0,0,0
1996-02-06 20:00:00,-5.6,43,0.0,0,0,0,0
1996-02-06 21:00:00,-6.2,43,1.5,180,0,0,0
1996-02-06 22:00:00,-5.6,43,1.5,180,0,0,0
1996-02-06 23:00:00,-5.6,43,2.0,200,0,0,0
1996-02-07 00:00:00,-10.6,67,1.5,190,0,0,0
1996-02-07 01:00:00,-9.5,64,0.0,0,0,0,0
1996-02-07 02:00:00,-10.0,64,0.0,0,0,0,0
1996-02-07 03:00:00,-10.0,64,0.0,0,0,0,0
1996-02-07 04:00:00,-11.2,63,0.0,0,0,0,0
1996-02-07 05:00:00,-11.2,74,0.0,0,0,0,0
1996-02-07 06:00:00,-11.7,78,0.0,0,0,0,0
1996-02-07 07:00:00,-11.2,71,0.0,0,0,0,0
1996-02-07 08:00:00,-10.0,70,0.0,0,14,13,13
1996-02-07 09:00:00,-5.6,68,1.5,230,59,0,59
1996-02-07 10:00:00,-2.3,59,2.5,170,93,0,93
1996-02-07 11:00:00,0.5,52,2.5,160,435,626,132
1996-02-07 12:00:00,1.1,52,2.0,210,537,656,172
1996-02-07 13:00:00,2.7,49,1.5,140,548,708,139
1996-02-07 14:00:00,2.2,53,2.0,110,470,579,150
1996-02-07 15:00:00,2.7,57,2.5,150,198,61,169
1996-02-07 16:00:00,2.7,57,2.0,150,163,132,116
1996-02-07 17:00:00,2.2,59,3.6,160,41,0,41
1996-02-07 18:00:00,2.2,62,2.0,170,7,0,7
1996-02-07 19:00:00,2.2,62,2.5,170,0,0,0
1996-02-07 20:00:00,2.2,64,2.0,180,0,0,0
1996-02-07 21:00:00,2.2,68,1.5,170,0,0,0
1996-02-07 22:00:00,2.2,71,2.0,190,0,0,0
1996-02-07 23:00:00,1.6,85,2.5,180,0,0,0
1996-02-08 00:00:00,2.7,78,2.5,220,0,0,0
1996-02-08 01:00:00,3.8,76,4.1,220,0,0,0
1996-02-08 02:00:00,3.8,79,4.6,230,0,0,0
1996-02-08 03:00:00,3.8,79,4.1,220,0,0,0
1996-02-08 04:00:00,3.8,79,3.6,220,0,0,0
1996-02-08 05:00:00,3.8,79,3.6,220,0,0,0
1996-02-08 06:00:00,3.8,83,3.6,210,0,0,0
1996-02-08 07:00:00,3.8,79,2.5,200,0,0,0
1996-02-08 08:00:00,4.4,79,3.6,230,10,0,10
1996-02-08 09:00:00,5.5,76,3.0,200,51,0,51
1996-02-08 10:00:00,7.7,71,2.5,220,63,14,57
1996-02-08 11:00:00,8.3,65,3.6,230,142,0,142
1996-02-08 12:00:00,7.7,71,3.6,240,167,0,167
1996-02-08 13:00:00,8.8,68,3.6,210,333,89,281
1996-02-08 14:00:00,8.8,68,3.0,220,166,0,166
1996-02-08 15:00:00,10.0,65,3.0,220,408,541,149
1996-02-08 16:00:00,9.4,68,3.6,220,311,626,87
1996-02-08 17:00:00,7.7,80,2.0,210,46,0,46
1996-02-08 18:00:00,7.2,82,4.6,240,7,0,7
1996-02-08 19:00:00,7.7,86,5.1,230,0,0,0
1996-02-08 20:00:00,7.7,86,4.6,220,0,0,0
1996-02-08 21:00:00,7.2,93,4.1,220,0,0,0
1996-02-08 22:00:00,6.1,89,3.0,220,0,0,0
1996-02-08 23:00:00,8.3,71,4.6,260,0,0,0
1996-02-09 00:00:00,5.5,86,3.0,180,0,0,0
1996-02-09 01:00:00,5.5,86,2.0,210,0,0,0
1996-02-09 02:00:00,6.6,79,4.1,210,0,0,0
1996-02-09 03:00:00,7.2,73,3.0,250,0,0,0
1996-02-09 04:00:00,7.2,70,4.1,260,0,0,0
1996-02-09 05:00:00,8.3,63,4.6,280,0,0,0
1996-02-09 06:00:00,7.7,60,6.1,300,0,0,0
1996-02-09 07:00:00,7.7,60,4.6,300,0,0,0
1996-02-09 08:00:00,6.6,65,3.6,320,10,0,10
1996-02-09 09:00:00,6.6,63,7.7,290,56,0,56
1996-02-09 10:00:00,6.6,60,5.6,290,107,0,107
1996-02-09 11:00:00,6.6,63,5.6,290,147,0,147
1996-02-09 12:00:00,8.3,53,7.7,290,446,521,151
1996-02-09 13:00:00,7.7,51,6.1,310,181,0,181
1996-02-09 14:00:00,6.6,57,7.2,280,171,0,171
1996-02-09 15:00:00,6.6,57,7.2,280,144,0,144
1996-02-09 16:00:00,6.1,62,6.6,280,102,0,102
1996-02-09 17:00:00,5.5,64,4.6,290,51,0,51
1996-02-09 18:00:00,6.1,59,6.6,290,7,0,7
1996-02-09 19:00:00,5.5,59,4.1,280,0,0,0
1996-02-09 20:00:00,5.5,59,5.1,280,0,0,0
1996-02-09 21:00:00,6.6,57,4.6,300,0,0,0
1996-02-09 22:00:00,6.1,59,5.1,290,0,0,0
1996-02-09 23:00:00,6.1,54,3.0,290,0,0,0
1996-02-10 00:00:00,5.5,54,2.0,260,0,0,0
1996-02-10 01:00:00,5.0,53,3.0,290,0,0,0
1996-02-10 02:00:00,3.8,57,2.5,280,0,0,0
1996-02-10 03:00:00,3.3,63,0.0,0,0,0,0
1996-02-10 04:00:00,2.2,64,0.0,0,0,0,0
1996-02-10 05:00:00,1.1,70,1.5,250,0,0,0
1996-02-10 06:00:00,2.7,65,1.5,260,0,0,0
1996-02-10 07:00:00,1.6,71,2.5,170,0,0,0
1996-02-10 08:00:00,1.6,71,2.5,190,23,0,23
1996-02-10 09:00:00,6.1,56,2.0,220,184,536,62
1996-02-10 10:00:00,7.7,53,5.1,210,197,42,181
1996-02-10 11:00:00,8.8,54,3.6,200,193,0,193
1996-02-10 12:00:00,8.3,56,3.6,220,500,703,99
1996-02-10 13:00:00,9.4,56,3.6,220,414,412,170
1996-02-10 14:00:00,11.1,52,4.6,210,452,473,185
1996-02-10 15:00:00,12.7,47,3.0,170,307,267,177
1996-02-10 16:00:00,11.1,48,2.5,170,295,263,199
1996-02-10 17:00:00,9.4,49,2.5,170,74,96,54
1996-02-10 18:00:00,8.3,51,2.5,170,18,140,10
1996-02-10 19:00:00,7.7,55,2.0,160,0,0,0
1996-02-10 20:00:00,6.1,62,0.0,0,0,0,0
1996-02-10 21:00:00,9.4,58,4.1,220,0,0,0
1996-02-10 22:00:00,10.0,56,3.6,230,0,0,0
1996-02-10 23:00:00,11.6,61,3.6,220,0,0,0
1996-02-11 00:00:00,12.2,66,5.1,220,0,0,0
1996-02-11 01:00:00,12.2,71,4.1,200,0,0,0
1996-02-11 02:00:00,12.2,71,3.6,200,0,0,0
1996-02-11 03:00:00,12.2,71,2.0,200,0,0,0
1996-02-11 04:00:00,11.1,74,3.0,200,0,0,0
1996-02-11 05:00:00,13.3,64,7.7,320,0,0,0
1996-02-11 06:00:00,11.6,64,7.7,320,0,0,0
1996-02-11 07:00:00,10.5,58,9.7,290,0,0,0
1996-02-11 08:00:00,10.5,56,8.7,280,30,206,15
1996-02-11 09:00:00,11.1,52,12.3,280,192,602,54
1996-02-11 10:00:00,8.8,41,12.3,270,320,613,84
1996-02-11 11:00:00,7.7,40,8.2,260,155,0,155
1996-02-11 12:00:00,7.7,40,9.7,260,180,0,180
1996-02-11 13:00:00,8.8,39,10.8,250,188,0,188
1996-02-11 14:00:00,8.3,38,5.6,250,178,0,178
1996-02-11 15:00:00,6.6,43,12.8,260,151,0,151
1996-02-11 16:00:00,5.5,46,8.7,260,212,54,191
1996-02-11 17:00:00,5.0,46,6.6,280,58,0,58
1996-02-11 18:00:00,3.8,50,10.8,260,24,143,15
1996-02-11 19:00:00,3.8,48,10.2,260,0,0,0
1996-02-11 20:00:00,2.7,54,8.7,270,0,0,0
1996-02-11 21:00:00,2.2,53,7.7,280,0,0,0
1996-02-11 22:00:00,2.2,51,9.2,270,0,0,0
1996-02-11 23:00:00,1.1,50,7.2,320,0,0,0
1996-02-12 00:00:00,0.0,47,8.2,310,0,0,0
1996-02-12 01:00:00,-1.2,52,7.2,310,0,0,0
1996-02-12 02:00:00,-1.2,47,5.1,310,0,0,0
1996-02-12 03:00:00,-1.7,51,6.1,300,0,0,0
1996-02-12 04:00:00,-2.3,59,5.6,310,0,0,0
1996-02-12 05:00:00,-1.7,49,5.6,300,0,0,0
1996-02-12 06:00:00,-1.7,49,3.6,300,0,0,0
1996-02-12 07:00:00,-2.8,48,6.1,310,0,0,0
1996-02-12 08:00:00,-3.4,42,10.8,310,27,125,17
1996-02-12 09:00:00,-2.8,40,8.2,300,156,268,93
1996-02-12 10:00:00,-2.3,40,5.1,320,322,532,115
1996-02-12 11:00:00,-1.7,38,5.6,300,189,38,170
1996-02-12 12:00:00,-1.7,38,7.2,290,550,658,169
1996-02-12 13:00:00,-1.7,36,7.2,290,534,681,125
1996-02-12 14:00:00,-1.2,35,8.7,310,552,750,121
1996-02-12 15:00:00,-1.7,36,8.2,290,453,698,106
1996-02-12 16:00:00,-2.3,36,7.2,300,322,602,96
1996-02-12 17:00:00,-2.8,36,6.6,290,163,409,73
1996-02-12 18:00:00,-3.9,39,5.6,300,19,108,13
1996-02-12 19:00:00,-4.5,41,5.1,300,0,0,0
1996-02-12 20:00:00,-5.0,43,4.1,310,0,0,0
1996-02-12 21:00:00,-5.0,43,8.7,290,0,0,0
1996-02-12 22:00:00,-6.7,43,7.7,310,0,0,0
1996-02-12 23:00:00,-6.7,43,4.6,310,0,0,0
1996-02-13 00:00:00,-7.3,45,4.6,290,0,0,0
1996-02-13 01:00:00,-7.8,50,2.0,310,0,0,0
1996-02-13 02:00:00,-8.4,55,2.0,320,0,0,0
1996-02-13 03:00:00,-8.9,60,0.0,0,0,0,0
1996-02-13 04:00:00,-6.7,75,3.0,290,0,0,0
1996-02-13 05:00:00,-6.2,50,9.2,290,0,0,0
1996-02-13 06:00:00,-6.7,50,7.2,290,0,0,0
1996-02-13 07:00:00,-6.7,53,6.6,290,0,0,0
1996-02-13 08:00:00,-6.2,50,5.1,330,12,0,12
1996-02-13 09:00:00,-6.2,56,4.1,320,143,46,132
1996-02-13 10:00:00,-3.4,36,3.0,300,145,56,122
1996-02-13 11:00:00,-2.8,36,6.6,270,328,101,276
1996-02-13 12:00:00,-2.3,34,3.0,260,432,327,241
1996-02-13 13:00:00,0.0,28,5.6,230,539,611,169
1996-02-13 14:00:00,0.5,27,6.1,270,363,485,83
1996-02-13 15:00:00,1.1,24,6.6,270,321,251,195
1996-02-13 16:00:00,1.1,24,2.5,240,343,650,96
1996-02-13 17:00:00,-0.6,27,0.0,0,181,591,50
1996-02-13 18:00:00,-1.7,33,0.0,0,28,213,14
1996-02-13 19:00:00,-1.7,31,1.5,120,0,0,0
1996-02-13 20:00:00,-1.7,33,2.0,170,0,0,0
1996-02-13 21:00:00,-1.2,33,2.0,180,0,0,0
1996-02-13 22:00:00,-1.2,37,0.0,0,0,0,0
1996-02-13 23:00:00,-1.7,44,0.0,0,0,0,0
1996-02-14 00:00:00,-1.7,49,0.0,0,0,0,0
1996-02-14 01:00:00,-1.7,46,0.0,0,0,0,0
1996-02-14 02:00:00,-1.2,45,1.5,190,0,0,0
1996-02-14 03:00:00,0.0,47,1.5,170,0,0,0
1996-02-14 04:00:00,0.0,49,1.5,170,0,0,0
1996-02-14 05:00:00,-0.6,51,2.0,170,0,0,0
1996-02-14 06:00:00,0.0,66,1.5,220,0,0,0
1996-02-14 07:00:00,0.5,73,3.0,230,0,0,0
1996-02-14 08:00:00,1.1,70,3.0,220,23,51,19
1996-02-14 09:00:00,7.2,48,3.6,220,166,452,56
1996-02-14 10:00:00,7.7,36,8.7,270,110,94,72
1996-02-14 11:00:00,8.3,37,8.2,280,295,98,244
1996-02-14 12:00:00,9.4,34,9.7,260,184,63,147
1996-02-14 13:00:00,8.8,35,7.7,290,441,29,423
1996-02-14 14:00:00,9.4,34,6.6,290,519,672,128
1996-02-14 15:00:00,8.3,35,5.6,290,435,532,166
1996-02-14 16:00:00,8.3,35,6.6,270,339,701,70
1996-02-14 17:00:00,6.6,37,6.1,300,184,598,48
1996-02-14 18:00:00,4.4,46,3.0,330,28,206,14
1996-02-14 19:00:00,2.2,59,3.6,350,0,0,0
1996-02-14 20:00:00,2.2,59,4.1,350,0,0,0
1996-02-14 21:00:00,0.5,63,0.0,0,0,0,0
1996-02-14 22:00:00,-1.7,72,0.0,0,0,0,0
1996-02-14 23:00:00,-0.6,72,0.0,0,0,0,0
1996-02-15 00:00:00,-0.6,72,0.0,0,0,0,0
1996-02-15 01:00:00,0.0,69,2.0,160,0,0,0
1996-02-15 02:00:00,0.5,66,0.0,0,0,0,0
1996-02-15 03:00:00,0.5,70,0.0,0,0,0,0
1996-02-15 04:00:00,0.0,75,0.0,0,0,0,0
1996-02-15 05:00:00,0.0,83,1.5,350,0,0,0
1996-02-15 06:00:00,0.0,83,1.5,20,0,0,0
1996-02-15 07:00:00,-0.6,91,1.5,40,0,0,0
1996-02-15 08:00:00,-0.6,87,1.5,10,11,0,11
1996-02-15 09:00:00,0.0,87,2.0,10,37,0,37
1996-02-15 10:00:00,0.0,83,3.0,360,72,0,72
1996-02-15 11:00:00,0.0,87,1.5,10,145,0,145
1996-02-15 12:00:00,2.7,65,2.0,350,268,43,243
1996-02-15 13:00:00,2.7,68,7.7,320,179,0,179
1996-02-15 14:00:00,4.4,55,4.6,320,169,0,169
1996-02-15 15:00:00,4.4,48,5.6,290,369,486,121
1996-02-15 16:00:00,3.8,48,4.1,310,320,576,97
1996-02-15 17:00:00,2.7,51,4.6,320,122,250,65
1996-02-15 18:00:00,1.6,48,3.6,330,21,67,17
1996-02-15 19:00:00,0.0,52,2.0,350,0,0,0
1996-02-15 20:00:00,0.0,52,2.0,350,0,0,0
1996-02-15 21:00:00,0.0,52,1.5,360,0,0,0
1996-02-15 22:00:00,-0.6,60,0.0,0,0,0,0
1996-02-15 23:00:00,-0.6,57,1.5,20,0,0,0
1996-02-16 00:00:00,-0.6,57,2.0,360,0,0,0
1996-02-16 01:00:00,-0.6,54,2.0,360,0,0,0
1996-02-16 02:00:00,-1.2,57,0.0,0,0,0,0
1996-02-16 03:00:00,-1.2,57,0.0,0,0,0,0
1996-02-16 04:00:00,-1.2,57,2.0,10,0,0,0
1996-02-16 05:00:00,-2.3,80,2.5,20,0,0,0
1996-02-16 06:00:00,-2.8,83,2.5,360,0,0,0
1996-02-16 07:00:00,-3.4,87,3.6,350,0,0,0
1996-02-16 08:00:00,-3.4,87,3.6,340,16,0,16
1996-02-16 09:00:00,-2.8,83,6.1,350,41,0,41
1996-02-16 10:00:00,-2.8,87,4.1,350,77,0,77
1996-02-16 11:00:00,-2.3,76,5.6,360,127,0,127
1996-02-16 12:00:00,-2.3,80,6.1,360,178,0,178
1996-02-16 13:00:00,-2.3,76,6.6,10,156,0,156
1996-02-16 14:00:00,-2.3,72,6.6,350,176,0,176
1996-02-16 15:00:00,-1.2,49,8.2,350,515,728,141
1996-02-16 16:00:00,-0.6,47,6.6,350,276,59,253
1996-02-16 17:00:00,-1.7,49,8.2,330,65,5,64
1996-02-16 18:00:00,-2.3,49,5.6,320,27,144,16
1996-02-16 19:00:00,-2.3,44,6.1,320,0,0,0
1996-02-16 20:00:00,-3.4,44,7.7,310,0,0,0
1996-02-16 21:00:00,-5.0,41,9.2,310,0,0,0
1996-02-16 22:00:00,-6.2,43,7.7,320,0,0,0
1996-02-16 23:00:00,-6.7,43,8.7,300,0,0,0
1996-02-17 00:00:00,-7.8,52,7.2,310,0,0,0
1996-02-17 01:00:00,-8.4,49,6.6,310,0,0,0
1996-02-17 02:00:00,-8.4,49,8.7,310,0,0,0
1996-02-17 03:00:00,-8.9,52,5.1,300,0,0,0
1996-02-17 04:00:00,-8.9,55,5.6,290,0,0,0
1996-02-17 05:00:00,-8.9,55,6.6,290,0,0,0
1996-02-17 06:00:00,-8.9,58,7.2,290,0,0,0
1996-02-17 07:00:00,-8.9,58,4.1,290,0,0,0
1996-02-17 08:00:00,-7.8,52,5.6,300,45,301,20
1996-02-17 09:00:00,-6.2,50,5.1,290,206,566,61
1996-02-17 10:00:00,-4.5,48,4.6,280,385,742,80
1996-02-17 11:00:00,-3.9,41,3.0,240,446,711,70
1996-02-17 12:00:00,-2.3,40,5.6,270,382,511,74
1996-02-17 13:00:00,-1.7,38,4.1,250,641,818,129
1996-02-17 14:00:00,-1.2,37,3.0,220,515,667,117
1996-02-17 15:00:00,0.0,35,3.6,230,418,592,111
1996-02-17 16:00:00,0.0,33,2.5,190,265,445,88
1996-02-17 17:00:00,-1.7,40,3.0,220,61,35,52
1996-02-17 18:00:00,-1.7,40,1.5,200,12,0,12
1996-02-17 19:00:00,-2.3,44,1.5,220,0,0,0
1996-02-17 20:00:00,-2.3,49,2.5,230,0,0,0
1996-02-17 21:00:00,-2.3,49,2.0,180,0,0,0
1996-02-17 22:00:00,-2.8,51,1.5,180,0,0,0
1996-02-17 23:00:00,-1.7,51,3.0,260,0,0,0
1996-02-18 00:00:00,-1.7,51,3.6,280,0,0,0
1996-02-18 01:00:00,-1.7,51,3.0,280,0,0,0
1996-02-18 02:00:00,-2.3,51,2.0,260,0,0,0
1996-02-18 03:00:00,-2.8,54,5.6,280,0,0,0
1996-02-18 04:00:00,-3.4,56,3.0,270,0,0,0
1996-02-18 05:00:00,-3.4,56,4.6,290,0,0,0
1996-02-18 06:00:00,-2.8,59,3.0,320,0,0,0
1996-02-18 07:00:00,-3.9,79,4.6,310,0,0,0
1996-02-18 08:00:00,-3.4,59,5.1,310,20,0,20
1996-02-18 09:00:00,-3.4,49,3.6,300,113,28,106
1996-02-18 10:00:00,-1.2,45,5.6,280,304,138,247
1996-02-18 11:00:00,-0.6,42,5.6,290,258,55,229
1996-02-18 12:00:00,0.5,33,4.6,310,306,49,276
1996-02-18 13:00:00,1.1,32,5.6,310,249,0,248
1996-02-18 14:00:00,2.2,30,4.6,290,356,105,293
1996-02-18 15:00:00,2.2,31,3.6,280,277,132,208
1996-02-18 16:00:00,2.2,30,3.0,310,201,126,151
1996-02-18 17:00:00,0.5,30,2.5,300,155,336,73
1996-02-18 18:00:00,0.0,28,2.0,280,21,12,20
1996-02-18 19:00:00,-1.7,36,0.0,0,0,0,0
1996-02-18 20:00:00,-1.7,34,2.0,320,0,0,0
1996-02-18 21:00:00,-3.4,40,0.0,0,0,0,0
1996-02-18 22:00:00,-3.4,44,2.0,350,0,0,0
1996-02-18 23:00:00,-3.4,42,1.5,130,0,0,0
1996-02-19 00:00:00,-3.4,42,1.5,150,0,0,0
1996-02-19 01:00:00,-3.4,44,0.0,0,0,0,0
1996-02-19 02:00:00,-5.0,56,0.0,0,0,0,0
1996-02-19 03:00:00,-5.0,50,0.0,0,0,0,0
1996-02-19 04:00:00,-6.2,62,0.0,0,0,0,0
1996-02-19 05:00:00,-5.6,59,0.0,0,0,0,0
1996-02-19 06:00:00,-4.5,59,0.0,0,0,0,0
1996-02-19 07:00:00,-5.0,65,0.0,0,0,0,0
1996-02-19 08:00:00,-2.8,51,2.0,230,28,13,27
1996-02-19 09:00:00,-0.6,45,0.0,0,126,46,113
1996-02-19 10:00:00,0.0,40,0.0,0,356,576,114
1996-02-19 11:00:00,2.2,42,3.0,150,166,0,166
1996-02-19 12:00:00,2.7,44,3.6,180,178,0,178
1996-02-19 13:00:00,4.4,48,2.0,160,613,703,167
1996-02-19 14:00:00,5.0,51,2.5,160,176,0,176
1996-02-19 15:00:00,5.0,51,3.6,120,293,74,253
1996-02-19 16:00:00,5.5,54,2.5,130,296,430,122
1996-02-19 17:00:00,5.0,55,4.6,130,53,0,53
1996-02-19 18:00:00,3.8,60,3.0,120,16,0,16
1996-02-19 19:00:00,3.8,57,4.1,130,0,0,0
1996-02-19 20:00:00,3.8,63,3.0,120,0,0,0
1996-02-19 21:00:00,3.8,69,1.5,110,0,0,0
1996-02-19 22:00:00,4.4,70,1.5,120,0,0,0
1996-02-19 23:00:00,4.4,73,3.0,120,0,0,0
1996-02-20 00:00:00,3.8,76,2.0,80,0,0,0
1996-02-20 01:00:00,3.8,79,1.5,80,0,0,0
1996-02-20 02:00:00,6.6,82,2.5,170,0,0,0
1996-02-20 03:00:00,6.1,85,1.5,180,0,0,0
1996-02-20 04:00:00,5.5,89,0.0,0,0,0,0
1996-02-20 05:00:00,4.4,93,2.0,120,0,0,0
1996-02-20 06:00:00,4.4,93,1.5,90,0,0,0
1996-02-20 07:00:00,3.8,93,2.5,80,0,0,0
1996-02-20 08:00:00,3.8,97,0.0,0,13,0,13
1996-02-20 09:00:00,3.8,97,0.0,0,52,0,52
1996-02-20 10:00:00,5.0,96,1.5,70,89,0,89
1996-02-20 11:00:00,6.1,93,1.5,90,118,0,118
1996-02-20 12:00:00,6.1,93,2.0,70,135,0,135
1996-02-20 13:00:00,6.6,97,2.5,50,141,0,141
1996-02-20 14:00:00,6.6,93,0.0,0,134,0,134
1996-02-20 15:00:00,7.2,93,0.0,0,115,0,115
1996-02-20 16:00:00,7.2,93,0.0,0,85,0,85
1996-02-20 17:00:00,6.6,97,0.0,0,48,0,48
1996-02-20 18:00:00,7.2,93,0.0,0,10,0,10
1996-02-20 19:00:00,6.6,97,0.0,0,0,0,0
1996-02-20 20:00:00,6.6,97,1.5,220,0,0,0
1996-02-20 21:00:00,6.6,97,1.5,210,0,0,0
1996-02-20 22:00:00,6.6,93,0.0,0,0,0,0
1996-02-20 23:00:00,6.6,97,2.0,220,0,0,0
1996-02-21 00:00:00,7.2,93,2.0,230,0,0,0
1996-02-21 01:00:00,7.2,93,2.0,200,0,0,0
1996-02-21 02:00:00,6.6,93,0.0,0,0,0,0
1996-02-21 03:00:00,6.1,93,0.0,0,0,0,0
1996-02-21 04:00:00,6.1,96,3.0,240,0,0,0
1996-02-21 05:00:00,6.1,96,0.0,0,0,0,0
1996-02-21 06:00:00,5.5,97,0.0,0,0,0,0
1996-02-21 07:00:00,5.0,96,0.0,0,0,0,0
1996-02-21 08:00:00,5.5,97,2.0,250,13,0,13
1996-02-21 09:00:00,6.1,93,2.5,230,48,0,48
1996-02-21 10:00:00,6.6,93,0.0,0,85,0,85
1996-02-21 11:00:00,7.7,93,0.0,0,114,0,114
1996-02-21 12:00:00,8.3,93,0.0,0,132,0,132
1996-02-21 13:00:00,10.0,86,1.5,210,137,0,137
1996-02-21 14:00:00,10.0,83,0.0,0,255,48,226
1996-02-21 15:00:00,9.4,89,0.0,0,197,101,143
1996-02-21 16:00:00,10.0,86,0.0,0,198,49,177
1996-02-21 17:00:00,10.0,89,0.0,0,96,74,77
1996-02-21 18:00:00,8.8,90,0.0,0,36,178,21
1996-02-21 19:00:00,8.3,93,0.0,0,0,0,0
1996-02-21 20:00:00,8.3,93,1.5,120,0,0,0
1996-02-21 21:00:00,7.2,96,0.0,0,0,0,0
1996-02-21 22:00:00,7.2,93,1.5,350,0,0,0
1996-02-21 23:00:00,6.1,93,0.0,0,0,0,0
1996-02-22 00:00:00,5.5,97,0.0,0,0,0,0
1996-02-22 01:00:00,5.5,97,0.0,0,0,0,0
1996-02-22 02:00:00,5.5,93,0.0,0,0,0,0
1996-02-22 03:00:00,5.5,97,0.0,0,0,0,0
1996-02-22 04:00:00,5.5,97,0.0,0,0,0,0
1996-02-22 05:00:00,5.5,93,0.0,0,0,0,0
1996-02-22 06:00:00,5.5,97,0.0,0,0,0,0
1996-02-22 07:00:00,5.5,93,0.0,0,0,0,0
1996-02-22 08:00:00,6.6,93,0.0,0,15,0,15
1996-02-22 09:00:00,7.2,93,0.0,0,54,0,54
1996-02-22 10:00:00,7.7,93,0.0,0,91,0,91
1996-02-22 11:00:00,8.3,93,0.0,0,120,0,120
1996-02-22 12:00:00,8.3,93,0.0,0,137,0,137
1996-02-22 13:00:00,8.8,90,0.0,0,143,0,143
1996-02-22 14:00:00,8.8,90,0.0,0,136,0,136
1996-02-22 15:00:00,8.8,90,0.0,0,140,0,140
1996-02-22 16:00:00,8.8,90,0.0,0,124,0,124
1996-02-22 17:00:00,8.3,93,1.5,40,71,0,71
1996-02-22 18:00:00,8.3,96,0.0,0,13,0,13
1996-02-22 19:00:00,8.3,93,0.0,0,0,0,0
1996-02-22 20:00:00,8.3,93,0.0,0,0,0,0
1996-02-22 21:00:00,8.3,93,0.0,0,0,0,0
1996-02-22 22:00:00,8.3,89,0.0,0,0,0,0
1996-02-22 23:00:00,8.3,93,2.0,350,0,0,0
1996-02-23 00:00:00,8.3,93,0.0,0,0,0,0
1996-02-23 01:00:00,8.3,93,0.0,0,0,0,0
1996-02-23 02:00:00,8.3,93,0.0,0,0,0,0
1996-02-23 03:00:00,8.3,93,1.5,30,0,0,0
1996-02-23 04:00:00,8.3,93,1.5,40,0,0,0
1996-02-23 05:00:00,7.7,93,0.0,0,0,0,0
1996-02-23 06:00:00,7.7,93,0.0,0,0,0,0
1996-02-23 07:00:00,7.7,93,0.0,0,0,0,0
1996-02-23 08:00:00,7.7,93,0.0,0,14,0,14
1996-02-23 09:00:00,7.7,93,1.5,20,51,0,51
1996-02-23 10:00:00,7.7,93,1.5,40,88,0,88
1996-02-23 11:00:00,8.3,93,0.0,0,117,0,117
1996-02-23 12:00:00,9.4,89,2.0,90,135,0,135
1996-02-23 13:00:00,9.4,89,1.5,100,141,0,141
1996-02-23 14:00:00,11.1,86,1.5,130,133,0,133
1996-02-23 15:00:00,11.1,86,3.0,150,137,0,137
1996-02-23 16:00:00,11.1,89,2.5,130,101,0,101
1996-02-23 17:00:00,11.1,86,3.6,150,66,0,66
1996-02-23 18:00:00,11.1,86,4.6,130,13,0,13
1996-02-23 19:00:00,11.1,86,2.5,140,0,0,0
1996-02-23 20:00:00,11.1,89,4.1,150,0,0,0
1996-02-23 21:00:00,11.1,89,5.1,160,0,0,0
1996-02-23 22:00:00,11.1,89,2.5,160,0,0,0
1996-02-23 23:00:00,11.1,89,2.5,160,0,0,0
1996-02-24 00:00:00,11.6,86,0.0,0,0,0,0
1996-02-24 01:00:00,11.6,90,3.6,180,0,0,0
1996-02-24 02:00:00,11.6,90,3.0,180,0,0,0
1996-02-24 03:00:00,11.1,93,2.5,200,0,0,0
1996-02-24 04:00:00,13.8,87,3.6,240,0,0,0
1996-02-24 05:00:00,13.3,89,3.0,200,0,0,0
1996-02-24 06:00:00,13.3,41,12.8,260,0,0,0
1996-02-24 07:00:00,10.5,46,7.2,270,0,0,0
1996-02-24 08:00:00,10.0,31,12.3,300,52,165,34
1996-02-24 09:00:00,10.0,28,9.7,290,183,349,82
1996-02-24 10:00:00,11.1,26,12.8,290,373,411,190
1996-02-24 11:00:00,12.2,23,10.8,270,460,520,167
1996-02-24 12:00:00,12.7,22,12.8,290,341,187,222
1996-02-24 13:00:00,13.3,22,9.7,280,459,289,268
1996-02-24 14:00:00,13.8,19,8.2,300,552,598,176
1996-02-24 15:00:00,14.4,19,10.8,280,374,373,169
1996-02-24 16:00:00,14.4,18,10.2,280,288,333,146
1996-02-24 17:00:00,13.8,19,11.8,280,125,240,60
1996-02-24 18:00:00,12.7,20,9.7,290,30,51,26
1996-02-24 19:00:00,11.6,21,8.7,280,0,0,0
1996-02-24 20:00:00,11.1,23,7.2,270,0,0,0
1996-02-24 21:00:00,11.1,25,9.2,270,0,0,0
1996-02-24 22:00:00,11.1,24,8.7,290,0,0,0
1996-02-24 23:00:00,11.1,26,9.2,290,0,0,0
1996-02-25 00:00:00,11.1,27,9.2,290,0,0,0
1996-02-25 01:00:00,11.6,29,7.2,290,0,0,0
1996-02-25 02:00:00,11.6,29,6.1,280,0,0,0
1996-02-25 03:00:00,11.6,29,8.2,280,0,0,0
1996-02-25 04:00:00,12.2,27,8.2,280,0,0,0
1996-02-25 05:00:00,13.3,24,10.8,290,0,0,0
1996-02-25 06:00:00,13.3,24,10.8,290,0,0,0
1996-02-25 07:00:00,13.3,24,10.2,290,0,1,0
1996-02-25 08:00:00,13.8,24,9.7,300,27,11,25
1996-02-25 09:00:00,15.0,24,8.2,300,129,117,94
1996-02-25 10:00:00,16.1,22,10.8,300,187,0,187
1996-02-25 11:00:00,17.2,20,10.2,290,220,0,220
1996-02-25 12:00:00,18.8,19,7.7,290,288,27,271
1996-02-25 13:00:00,19.4,17,7.7,310,611,816,70
1996-02-25 14:00:00,20.0,16,8.7,270,609,813,94
1996-02-25 15:00:00,20.5,16,6.6,290,528,643,172
1996-02-25 16:00:00,20.0,15,9.7,280,376,671,87
1996-02-25 17:00:00,17.2,19,7.2,280,147,304,65
1996-02-25 18:00:00,17.2,18,7.7,280,54,365,21
1996-02-25 19:00:00,16.1,24,3.0,280,0,0,0
1996-02-25 20:00:00,14.4,26,2.5,230,0,0,0
1996-02-25 21:00:00,13.3,29,3.6,240,0,0,0
1996-02-25 22:00:00,12.7,29,2.5,230,0,0,0
1996-02-25 23:00:00,8.8,37,3.6,200,0,0,0
1996-02-26 00:00:00,8.8,37,2.5,220,0,0,0
1996-02-26 01:00:00,9.4,34,4.1,220,0,0,0
1996-02-26 02:00:00,7.7,40,4.1,230,0,0,0
1996-02-26 03:00:00,6.6,45,1.5,310,0,0,0
1996-02-26 04:00:00,5.0,48,0.0,0,0,0,0
1996-02-26 05:00:00,3.3,57,0.0,0,0,0,0
1996-02-26 06:00:00,3.3,59,0.0,0,0,0,0
1996-02-26 07:00:00,3.3,59,1.5,260,0,5,0
1996-02-26 08:00:00,8.8,49,0.0,0,69,212,44
1996-02-26 09:00:00,9.4,49,0.0,0,72,0,72
1996-02-26 10:00:00,10.0,56,1.5,120,126,0,126
1996-02-26 11:00:00,8.8,61,0.0,0,168,0,168
1996-02-26 12:00:00,8.8,71,2.0,40,193,0,193
1996-02-26 13:00:00,8.8,74,0.0,0,201,0,201
1996-02-26 14:00:00,9.4,71,0.0,0,191,0,191
1996-02-26 15:00:00,9.4,74,0.0,0,163,0,163
1996-02-26 16:00:00,8.3,89,0.0,0,119,0,119
1996-02-26 17:00:00,8.3,93,0.0,0,65,0,65
1996-02-26 18:00:00,8.3,93,0.0,0,46,194,28
1996-02-26 19:00:00,7.7,93,0.0,0,0,0,0
1996-02-26 20:00:00,7.7,97,0.0,0,0,0,0
1996-02-26 21:00:00,7.2,96,0.0,0,0,0,0
1996-02-26 22:00:00,7.7,93,0.0,0,0,0,0
1996-02-26 23:00:00,7.7,93,0.0,0,0,0,0
1996-02-27 00:00:00,7.7,93,0.0,0,0,0,0
1996-02-27 01:00:00,7.7,93,0.0,0,0,0,0
1996-02-27 02:00:00,7.7,93,0.0,0,0,0,0
1996-02-27 03:00:00,7.7,93,1.5,250,0,0,0
1996-02-27 04:00:00,7.7,93,0.0,0,0,0,0
1996-02-27 05:00:00,7.7,93,0.0,0,0,0,0
1996-02-27 06:00:00,7.7,93,0.0,0,0,0,0
1996-02-27 07:00:00,7.2,93,0.0,0,0,0,0
1996-02-27 08:00:00,8.3,89,0.0,0,25,0,25
1996-02-27 09:00:00,8.3,93,0.0,0,73,0,73
1996-02-27 10:00:00,9.4,93,2.0,200,127,0,127
1996-02-27 11:00:00,10.5,93,4.1,220,169,0,169
1996-02-27 12:00:00,13.8,78,3.6,220,630,719,162
1996-02-27 13:00:00,15.0,74,2.5,200,620,734,126
1996-02-27 14:00:00,16.6,72,2.0,200,563,628,159
1996-02-27 15:00:00,17.2,70,0.0,0,339,45,314
1996-02-27 16:00:00,16.6,70,1.5,200,354,486,141
1996-02-27 17:00:00,16.6,75,0.0,0,79,32,70
1996-02-27 18:00:00,15.0,80,2.5,200,20,0,20
1996-02-27 19:00:00,15.0,90,4.1,220,0,0,0
1996-02-27 20:00:00,15.0,90,5.6,200,0,0,0
1996-02-27 21:00:00,15.0,86,5.1,220,0,0,0
1996-02-27 22:00:00,14.4,90,3.6,230,0,0,0
1996-02-27 23:00:00,14.4,90,4.1,220,0,0,0
1996-02-28 00:00:00,14.4,87,3.6,210,0,0,0
1996-02-28 01:00:00,14.4,87,3.0,200,0,0,0
1996-02-28 02:00:00,14.4,87,5.1,230,0,0,0
1996-02-28 03:00:00,14.4,87,4.6,220,0,0,0
1996-02-28 04:00:00,15.0,83,4.1,230,0,0,0
1996-02-28 05:00:00,14.4,83,3.0,250,0,0,0
1996-02-28 06:00:00,13.8,87,1.5,300,0,0,0
1996-02-28 07:00:00,16.1,72,3.0,320,0,1,0
1996-02-28 08:00:00,15.5,70,3.0,300,75,333,33
1996-02-28 09:00:00,15.5,53,3.6,280,189,427,57
1996-02-28 10:00:00,16.1,44,4.1,270,459,800,87
1996-02-28 11:00:00,16.1,33,8.7,280,517,603,165
1996-02-28 12:00:00,15.5,29,11.3,260,634,844,81
1996-02-28 13:00:00,15.5,27,11.3,260,719,948,77
1996-02-28 14:00:00,15.5,23,9.7,270,682,939,74
1996-02-28 15:00:00,16.6,22,6.6,260,568,866,76
1996-02-28 16:00:00,14.4,22,12.3,270,432,849,56
1996-02-28 17:00:00,11.6,31,9.7,300,226,624,50
1996-02-28 18:00:00,6.6,37,10.8,300,54,210,33
1996-02-28 19:00:00,5.0,40,9.7,290,0,0,0
1996-02-28 20:00:00,3.3,41,12.8,290,0,0,0
1996-02-28 21:00:00,1.6,40,9.2,300,0,0,0
1996-02-28 22:00:00,0.3,40,7.9,310,0,0,0
1996-02-28 23:00:00,-0.8,46,6.6,310,0,0,0
1996-02-29 00:00:00,-2.1,42,5.3,310,0,0,0
1996-03-01 01:00:00,-3.4,61,3.9,0,0,0,0
1996-03-01 02:00:00,-4.7,71,2.6,0,0,0,0
1996-03-01 03:00:00,-5.9,68,1.3,0,0,0,0
1996-03-01 04:00:00,-7.3,71,0.0,0,0,0,0
1996-03-01 05:00:00,-8.4,75,0.0,0,0,0,0
1996-03-01 06:00:00,-7.8,74,0.0,0,0,0,0
1996-03-01 07:00:00,-7.3,71,0.0,0,1,12,0
1996-03-01 08:00:00,-4.5,59,0.0,0,76,268,39
1996-03-01 09:00:00,0.0,38,3.0,210,274,563,95
1996-03-01 10:00:00,0.5,37,3.6,240,442,658,129
1996-03-01 11:00:00,1.1,34,4.1,240,411,368,192
1996-03-01 12:00:00,2.2,34,2.5,200,320,103,251
1996-03-01 13:00:00,2.7,35,2.5,140,659,822,94
1996-03-01 14:00:00,3.8,32,2.0,210,427,96,364
1996-03-01 15:00:00,4.4,31,2.5,170,217,0,217
1996-03-01 16:00:00,4.4,31,3.6,140,131,0,131
1996-03-01 17:00:00,3.8,31,3.6,150,238,479,99
1996-03-01 18:00:00,2.7,35,3.0,150,64,260,36
1996-03-01 19:00:00,1.1,39,2.5,140,0,6,0
1996-03-01 20:00:00,1.1,41,2.5,150,0,0,0
1996-03-01 21:00:00,1.1,41,1.5,140,0,0,0
1996-03-01 22:00:00,0.0,49,0.0,0,0,0,0
1996-03-01 23:00:00,0.0,54,2.5,140,0,0,0
1996-03-02 00:00:00,0.5,57,0.0,0,0,0,0
1996-03-02 01:00:00,1.1,61,3.6,150,0,0,0
1996-03-02 02:00:00,1.1,67,2.5,170,0,0,0
1996-03-02 03:00:00,0.5,73,0.0,0,0,0,0
1996-03-02 04:00:00,0.0,72,0.0,0,0,0,0
1996-03-02 05:00:00,0.0,75,0.0,0,0,0,0
1996-03-02 06:00:00,-1.2,80,0.0,0,0,0,0
1996-03-02 07:00:00,-1.7,72,1.5,220,1,21,1
1996-03-02 08:00:00,-0.6,69,0.0,0,83,329,36
1996-03-02 09:00:00,2.2,64,3.6,170,185,215,115
1996-03-02 10:00:00,4.4,55,2.5,160,435,746,77
1996-03-02 11:00:00,7.2,45,2.5,190,564,728,129
1996-03-02 12:00:00,7.7,51,4.1,110,651,720,168
1996-03-02 13:00:00,7.7,48,4.6,120,349,60,307
1996-03-02 14:00:00,8.8,45,5.6,170,527,635,106
1996-03-02 15:00:00,6.6,54,1.5,180,179,0,179
1996-03-02 16:00:00,6.6,57,4.1,130,136,0,136
1996-03-02 17:00:00,6.1,59,2.0,110,82,0,82
1996-03-02 18:00:00,5.5,64,3.0,120,34,24,32
1996-03-02 19:00:00,2.7,75,2.5,140,0,13,0
1996-03-02 20:00:00,0.5,80,0.0,0,0,0,0
1996-03-02 21:00:00,0.0,79,0.0,0,0,0,0
1996-03-02 22:00:00,0.0,91,2.0,230,0,0,0
1996-03-02 23:00:00,1.1,80,2.0,180,0,0,0
1996-03-03 00:00:00,0.5,87,4.6,290,0,0,0
1996-03-03 01:00:00,0.0,83,4.6,300,0,0,0
1996-03-03 02:00:00,0.0,57,1.5,180,0,0,0
1996-03-03 03:00:00,-0.8,63,2.6,250,0,0,0
1996-03-03 04:00:00,-1.2,69,3.6,320,0,0,0
1996-03-03 05:00:00,-1.7,83,6.1,300,0,0,0
1996-03-03 06:00:00,-2.3,62,6.6,300,0,0,0
1996-03-03 07:00:00,-2.8,48,11.3,290,1,16,1
1996-03-03 08:00:00,-2.3,42,8.2,280,90,340,40
1996-03-03 09:00:00,-1.7,40,7.7,280,140,0,140
1996-03-03 10:00:00,-3.9,41,10.8,260,427,659,108
1996-03-03 11:00:00,-3.4,29,10.2,280,568,514,258
1996-03-03 12:00:00,-4.5,30,9.2,310,671,741,170
1996-03-03 13:00:00,-4.5,25,10.8,290,718,844,130
1996-03-03 14:00:00,-4.5,23,8.7,290,616,693,155
1996-03-03 15:00:00,-3.9,22,8.7,280,555,755,113
1996-03-03 16:00:00,-3.9,21,7.2,290,427,766,75
1996-03-03 17:00:00,-4.5,23,7.2,290,230,523,74
1996-03-03 18:00:00,-5.6,24,7.2,290,65,314,29
1996-03-03 19:00:00,-6.2,27,7.2,290,0,6,0
1996-03-03 20:00:00,-6.7,28,4.6,290,0,0,0
1996-03-03 21:00:00,-6.7,28,5.1,280,0,0,0
1996-03-03 22:00:00,-7.3,31,2.5,290,0,0,0
1996-03-03 23:00:00,-8.4,36,0.0,0,0,0,0
1996-03-04 00:00:00,-10.0,42,0.0,0,0,0,0
1996-03-04 01:00:00,-11.7,46,0.0,0,0,0,0
1996-03-04 02:00:00,-11.7,54,0.0,0,0,0,0
1996-03-04 03:00:00,-11.7,66,0.0,0,0,0,0
1996-03-04 04:00:00,-11.7,63,1.5,310,0,0,0
1996-03-04 05:00:00,-12.3,60,0.0,0,0,0,0
1996-03-04 06:00:00,-11.7,63,2.0,180,0,0,0
1996-03-04 07:00:00,-10.6,63,2.0,230,3,55,1
1996-03-04 08:00:00,-5.6,43,2.0,240,71,53,63
1996-03-04 09:00:00,-2.3,33,3.6,230,92,0,92
1996-03-04 10:00:00,-0.6,27,4.6,200,385,346,215
1996-03-04 11:00:00,1.1,22,4.6,220,643,938,73
1996-03-04 12:00:00,2.2,21,5.6,240,734,962,79
1996-03-04 13:00:00,4.4,20,3.6,200,761,968,81
1996-03-04 14:00:00,5.5,19,0.0,0,720,957,79
1996-03-04 15:00:00,6.1,18,2.0,220,162,58,127
1996-03-04 16:00:00,6.6,17,2.0,230,141,50,118
1996-03-04 17:00:00,6.1,18,1.5,250,150,158,102
1996-03-04 18:00:00,4.4,24,0.0,0,20,0,20
1996-03-04 19:00:00,2.7,23,0.0,0,0,0,0
1996-03-04 20:00:00,0.5,29,1.5,120,0,0,0
1996-03-04 21:00:00,0.5,32,1.5,180,0,0,0
1996-03-04 22:00:00,1.1,35,2.5,180,0,0,0
1996-03-04 23:00:00,1.6,34,2.0,200,0,0,0
1996-03-05 00:00:00,1.1,35,2.5,220,0,0,0
1996-03-05 01:00:00,1.1,37,2.0,200,0,0,0
1996-03-05 02:00:00,1.6,40,2.0,200,0,0,0
1996-03-05 03:00:00,3.8,41,2.5,210,0,0,0
1996-03-05 04:00:00,4.4,41,4.1,230,0,0,0
1996-03-05 05:00:00,5.0,40,4.1,230,0,0,0
1996-03-05 06:00:00,5.5,40,3.6,210,0,0,0
1996-03-05 07:00:00,6.1,41,4.1,220,1,0,1
1996-03-05 08:00:00,7.2,40,4.1,220,21,0,21
1996-03-05 09:00:00,9.4,39,3.0,210,60,0,60
1996-03-05 10:00:00,11.6,37,3.6,200,479,805,81
1996-03-05 11:00:00,12.7,38,3.6,220,625,864,95
1996-03-05 12:00:00,16.1,32,5.1,230,144,0,144
1996-03-05 13:00:00,17.7,30,5.6,210,149,0,149
1996-03-05 14:00:00,16.6,32,8.2,220,412,61,370
1996-03-05 15:00:00,15.5,39,7.7,230,174,0,174
1996-03-05 16:00:00,14.4,49,3.6,200,130,0,130
1996-03-05 17:00:00,14.4,49,3.6,170,77,39,65
1996-03-05 18:00:00,15.5,51,6.1,220,23,0,23
1996-03-05 19:00:00,14.4,59,6.6,220,0,0,0
1996-03-05 20:00:00,13.3,67,5.1,210,0,0,0
1996-03-05 21:00:00,13.3,64,3.0,220,0,0,0
1996-03-05 22:00:00,13.8,60,3.6,210,0,0,0
1996-03-05 23:00:00,14.4,59,3.6,220,0,0,0
1996-03-06 00:00:00,13.8,64,2.0,220,0,0,0
1996-03-06 01:00:00,13.8,64,2.0,220,0,0,0
1996-03-06 02:00:00,12.7,72,2.5,210,0,0,0
1996-03-06 03:00:00,12.2,77,3.0,250,0,0,0
1996-03-06 04:00:00,11.6,86,2.5,220,0,0,0
1996-03-06 05:00:00,11.6,86,1.5,180,0,0,0
1996-03-06 06:00:00,11.1,89,1.5,170,0,0,0
1996-03-06 07:00:00,10.0,92,0.0,0,1,0,1
1996-03-06 08:00:00,11.1,89,1.5,210,39,0,39
1996-03-06 09:00:00,12.7,84,2.5,240,97,0,97
1996-03-06 10:00:00,12.7,86,3.0,220,150,0,150
1996-03-06 11:00:00,13.8,87,3.0,200,173,0,173
1996-03-06 12:00:00,14.4,87,1.5,230,215,0,215
1996-03-06 13:00:00,15.0,83,3.0,270,185,0,185
1996-03-06 14:00:00,14.4,83,0.0,0,211,0,211
1996-03-06 15:00:00,15.0,83,0.0,0,183,0,183
1996-03-06 16:00:00,13.3,87,2.0,10,140,0,140
1996-03-06 17:00:00,12.2,93,2.0,30,60,0,60
1996-03-06 18:00:00,10.0,96,3.6,20,19,0,19
1996-03-06 19:00:00,9.4,89,4.1,30,0,0,0
1996-03-06 20:00:00,8.8,90,3.6,40,0,0,0
1996-03-06 21:00:00,7.2,89,2.0,70,0,0,0
1996-03-06 22:00:00,6.6,90,1.5,70,0,0,0
1996-03-06 23:00:00,6.1,89,1.5,20,0,0,0
1996-03-07 00:00:00,5.5,89,2.0,50,0,0,0
1996-03-07 01:00:00,5.5,89,2.5,20,0,0,0
1996-03-07 02:00:00,4.4,93,2.0,50,0,0,0
1996-03-07 03:00:00,4.4,93,1.5,30,0,0,0
1996-03-07 04:00:00,4.4,93,2.0,40,0,0,0
1996-03-07 05:00:00,3.8,93,3.0,30,0,0,0
1996-03-07 06:00:00,3.3,92,2.5,70,0,0,0
1996-03-07 07:00:00,3.3,92,1.5,30,1,0,1
1996-03-07 08:00:00,2.7,97,2.0,360,28,0,28
1996-03-07 09:00:00,2.7,92,3.6,10,70,0,70
1996-03-07 10:00:00,2.7,89,3.6,20,128,0,128
1996-03-07 11:00:00,2.7,89,4.6,10,161,0,161
1996-03-07 12:00:00,2.2,92,5.1,30,181,0,181
1996-03-07 13:00:00,1.6,89,3.6,20,187,0,187
1996-03-07 14:00:00,2.2,85,3.6,20,178,0,178
1996-03-07 15:00:00,0.5,84,6.6,350,185,0,185
1996-03-07 16:00:00,0.0,87,8.2,330,142,0,142
1996-03-07 17:00:00,-1.2,80,7.2,360,88,0,88
1996-03-07 18:00:00,-1.7,79,5.6,360,29,0,29
1996-03-07 19:00:00,-1.7,76,5.1,340,0,0,0
1996-03-07 20:00:00,-1.7,72,5.6,330,0,0,0
1996-03-07 21:00:00,-2.3,57,8.2,330,0,0,0
1996-03-07 22:00:00,-3.9,59,8.7,320,0,0,0
1996-03-07 23:00:00,-4.5,62,8.7,320,0,0,0
1996-03-08 00:00:00,-5.6,78,5.6,320,0,0,0
1996-03-08 01:00:00,-5.6,75,6.1,320,0,0,0
1996-03-08 02:00:00,-6.2,83,4.1,300,0,0,0
1996-03-08 03:00:00,-7.3,82,5.1,300,0,0,0
1996-03-08 04:00:00,-7.8,71,6.1,300,0,0,0
1996-03-08 05:00:00,-8.4,61,8.2,310,0,0,0
1996-03-08 06:00:00,-8.9,67,6.1,300,0,0,0
1996-03-08 07:00:00,-8.9,55,7.7,290,3,0,3
1996-03-08 08:00:00,-8.9,55,6.1,300,49,22,46
1996-03-08 09:00:00,-7.8,42,4.6,300,139,2,139
1996-03-08 10:00:00,-7.3,40,6.1,300,435,508,176
1996-03-08 11:00:00,-6.7,45,6.1,310,205,99,143
1996-03-08 12:00:00,-5.6,43,8.7,300,657,681,180
1996-03-08 13:00:00,-6.2,37,6.1,290,727,778,166
1996-03-08 14:00:00,-5.0,41,8.7,290,235,52,199
1996-03-08 15:00:00,-5.6,43,7.7,290,326,0,325
1996-03-08 16:00:00,-5.6,35,10.2,290,291,70,257
1996-03-08 17:00:00,-6.7,41,6.1,290,210,46,195
1996-03-08 18:00:00,-7.8,47,9.2,290,40,17,37
1996-03-08 19:00:00,-8.4,49,9.2,270,0,0,0
1996-03-08 20:00:00,-8.4,45,7.7,290,0,0,0
1996-03-08 21:00:00,-8.9,44,10.2,290,0,0,0
1996-03-08 22:00:00,-9.5,47,7.2,300,0,0,0
1996-03-08 23:00:00,-9.5,47,7.2,290,0,0,0
1996-03-09 00:00:00,-9.5,49,4.1,290,0,0,0
1996-03-09 01:00:00,-9.5,52,5.6,290,0,0,0
1996-03-09 02:00:00,-9.5,49,7.7,290,0,0,0
1996-03-09 03:00:00,-9.5,44,6.6,280,0,0,0
1996-03-09 04:00:00,-9.5,42,6.6,280,0,0,0
1996-03-09 05:00:00,-10.0,49,6.1,280,0,0,0
1996-03-09 06:00:00,-10.6,49,6.6,270,0,0,0
1996-03-09 07:00:00,-10.0,49,6.1,290,4,14,4
1996-03-09 08:00:00,-8.4,40,7.7,290,103,285,53
1996-03-09 09:00:00,-6.7,41,5.1,290,83,0,83
1996-03-09 10:00:00,-5.6,39,7.2,280,252,114,193
1996-03-09 11:00:00,-5.2,36,6.9,280,321,33,299
1996-03-09 12:00:00,-4.5,34,6.6,270,205,0,205
1996-03-09 13:00:00,-4.5,35,5.6,280,363,94,295
1996-03-09 14:00:00,-3.4,38,6.6,280,201,0,201
1996-03-09 15:00:00,-4.5,37,6.1,320,563,630,178
1996-03-09 16:00:00,-4.5,37,5.1,320,437,611,142
1996-03-09 17:00:00,-3.9,37,6.6,320,225,417,92
1996-03-09 18:00:00,-5.6,43,6.6,310,65,184,40
1996-03-09 19:00:00,-6.2,46,5.1,320,0,1,0
1996-03-09 20:00:00,-6.7,45,5.1,320,0,0,0
1996-03-09 21:00:00,-7.3,47,4.6,310,0,0,0
1996-03-09 22:00:00,-7.8,50,2.0,320,0,0,0
1996-03-09 23:00:00,-7.8,52,2.5,320,0,0,0
1996-03-10 00:00:00,-9.5,61,2.0,300,0,0,0
1996-03-10 01:00:00,-10.0,67,2.5,320,0,0,0
1996-03-10 02:00:00,-9.5,64,2.0,300,0,0,0
1996-03-10 03:00:00,-10.6,74,0.0,0,0,0,0
1996-03-10 04:00:00,-12.3,82,0.0,0,0,0,0
1996-03-10 05:00:00,-12.3,86,0.0,0,0,0,0
1996-03-10 06:00:00,-12.8,82,0.0,0,0,0,0
1996-03-10 07:00:00,-11.7,82,0.0,0,5,19,5
1996-03-10 08:00:00,-7.3,68,0.0,0,122,185,88
1996-03-10 09:00:00,-4.5,46,0.0,0,315,629,85
1996-03-10 10:00:00,-2.8,40,2.5,40,385,380,187
1996-03-10 11:00:00,-1.7,33,1.5,360,527,512,199
1996-03-10 12:00:00,-1.2,33,0.0,0,207,0,207
1996-03-10 13:00:00,0.0,33,1.5,230,214,0,214
1996-03-10 14:00:00,1.1,35,0.0,0,203,0,203
1996-03-10 15:00:00,1.6,31,0.0,0,428,313,235
1996-03-10 16:00:00,1.6,31,0.0,0,128,0,128
1996-03-10 17:00:00,1.1,32,2.0,90,73,0,73
1996-03-10 18:00:00,0.0,38,1.5,80,77,257,42
1996-03-10 19:00:00,-1.7,44,1.5,60,0,3,0
1996-03-10 20:00:00,-2.3,46,1.5,70,0,0,0
1996-03-10 21:00:00,-3.4,54,0.0,0,0,0,0
1996-03-10 22:00:00,-5.0,58,0.0,0,0,0,0
1996-03-10 23:00:00,-5.6,62,0.0,0,0,0,0
1996-03-11 00:00:00,-6.2,64,0.0,0,0,0,0
1996-03-11 01:00:00,-5.6,71,0.0,0,0,0,0
1996-03-11 02:00:00,-7.3,68,0.0,0,0,0,0
1996-03-11 03:00:00,-8.4,75,0.0,0,0,0,0
1996-03-11 04:00:00,-8.9,78,0.0,0,0,0,0
1996-03-11 05:00:00,-9.5,74,0.0,0,0,0,0
1996-03-11 06:00:00,-8.9,86,0.0,0,0,0,0
1996-03-11 07:00:00,-8.9,86,0.0,0,9,92,5
1996-03-11 08:00:00,-4.5,65,0.0,0,142,569,35
1996-03-11 09:00:00,-1.7,51,1.5,20,350,797,55
1996-03-11 10:00:00,0.5,47,2.0,60,543,897,71
1996-03-11 11:00:00,2.2,42,2.0,130,692,947,83
1996-03-11 12:00:00,3.9,37,1.5,100,782,970,89
1996-03-11 13:00:00,4.6,35,1.0,70,807,976,91
1996-03-11 14:00:00,5.8,31,0.5,30,617,473,285
1996-03-11 15:00:00,6.6,29,0.0,0,409,349,193
1996-03-11 16:00:00,6.6,27,2.0,320,398,601,103
1996-03-11 17:00:00,6.1,28,3.0,30,297,752,50
1996-03-11 18:00:00,4.4,31,1.5,60,95,464,30
1996-03-11 19:00:00,1.6,40,0.0,0,0,0,0
1996-03-11 20:00:00,0.0,44,0.0,0,0,0,0
1996-03-11 21:00:00,0.0,49,0.0,0,0,0,0
1996-03-11 22:00:00,-2.8,59,0.0,0,0,0,0
1996-03-11 23:00:00,-2.8,65,0.0,0,0,0,0
1996-03-12 00:00:00,-3.9,71,0.0,0,0,0,0
1996-03-12 01:00:00,-4.5,68,1.5,290,0,0,0
1996-03-12 02:00:00,-2.8,56,1.5,320,0,0,0
1996-03-12 03:00:00,-4.5,59,0.0,0,0,0,0
1996-03-12 04:00:00,-6.7,78,0.0,0,0,0,0
1996-03-12 05:00:00,-7.3,87,0.0,0,0,0,0
1996-03-12 06:00:00,-8.4,91,0.0,0,0,0,0
1996-03-12 07:00:00,-7.3,87,0.0,0,7,13,6
1996-03-12 08:00:00,-0.6,60,0.0,0,118,306,59
1996-03-12 09:00:00,3.8,39,4.1,340,312,569,98
1996-03-12 10:00:00,5.5,33,3.0,340,503,702,130
1996-03-12 11:00:00,7.2,29,3.6,350,652,773,151
1996-03-12 12:00:00,8.8,23,3.6,20,744,807,163
1996-03-12 13:00:00,10.0,20,3.0,330,769,815,167
1996-03-12 14:00:00,11.6,19,2.5,350,726,800,161
1996-03-12 15:00:00,12.7,18,2.0,50,619,757,147
1996-03-12 16:00:00,12.2,18,0.0,0,456,674,123
1996-03-12 17:00:00,12.2,17,1.5,40,260,516,89
1996-03-12 18:00:00,10.5,24,0.0,0,77,208,47
1996-03-12 19:00:00,6.1,28,0.0,0,1,1,1
1996-03-12 20:00:00,4.4,38,0.0,0,0,0,0
1996-03-12 21:00:00,1.6,42,2.0,270,0,0,0
1996-03-12 22:00:00,1.1,43,0.0,0,0,0,0
1996-03-12 23:00:00,0.0,49,1.5,290,0,0,0
1996-03-13 00:00:00,-1.7,59,1.5,260,0,0,0
1996-03-13 01:00:00,-2.8,56,1.5,230,0,0,0
1996-03-13 02:00:00,-3.9,71,0.0,0,0,0,0
1996-03-13 03:00:00,-2.3,57,1.5,220,0,0,0
1996-03-13 04:00:00,-1.7,54,0.0,0,0,0,0
1996-03-13 05:00:00,-3.9,62,0.0,0,0,0,0
1996-03-13 06:00:00,-4.5,71,0.0,0,0,0,0
1996-03-13 07:00:00,-3.9,62,0.0,0,11,96,6
1996-03-13 08:00:00,1.6,48,0.0,0,99,136,72
1996-03-13 09:00:00,5.5,38,2.0,240,224,261,124
1996-03-13 10:00:00,9.4,29,0.0,0,529,847,75
1996-03-13 11:00:00,12.2,23,0.0,0,639,846,86
1996-03-13 12:00:00,13.3,21,0.0,0,725,876,91
1996-03-13 13:00:00,14.4,18,0.0,0,755,891,92
1996-03-13 14:00:00,15.5,18,0.0,0,704,865,89
1996-03-13 15:00:00,17.2,16,3.6,30,576,725,121
1996-03-13 16:00:00,16.1,15,0.0,0,462,767,79
1996-03-13 17:00:00,16.1,16,2.0,100,278,654,59
1996-03-13 18:00:00,14.4,17,0.0,0,92,393,34
1996-03-13 19:00:00,11.6,20,0.0,0,2,28,1
1996-03-13 20:00:00,10.5,19,1.5,120,0,0,0
1996-03-13 21:00:00,8.3,27,0.0,0,0,0,0
1996-03-13 22:00:00,6.6,37,0.0,0,0,0,0
1996-03-13 23:00:00,5.0,46,0.0,0,0,0,0
1996-03-14 00:00:00,5.0,46,0.0,0,0,0,0
1996-03-14 01:00:00,2.2,53,0.0,0,0,0,0
1996-03-14 02:00:00,2.2,53,1.5,250,0,0,0
1996-03-14 03:00:00,3.3,49,2.5,240,0,0,0
1996-03-14 04:00:00,3.8,52,0.0,0,0,0,0
1996-03-14 05:00:00,5.5,42,2.5,240,0,0,0
1996-03-14 06:00:00,6.1,43,0.0,0,0,0,0
1996-03-14 07:00:00,5.5,49,1.5,250,6,0,6
1996-03-14 08:00:00,8.3,40,2.0,260,128,198,88
1996-03-14 09:00:00,11.6,37,0.0,0,208,247,112
1996-03-14 10:00:00,16.1,33,3.0,190,234,96,182
1996-03-14 11:00:00,17.7,33,3.0,220,426,223,279
1996-03-14 12:00:00,20.0,29,4.6,170,539,206,388
1996-03-14 13:00:00,20.5,27,2.5,220,384,71,330
1996-03-14 14:00:00,20.5,27,3.6,220,392,156,280
1996-03-14 15:00:00,20.0,28,3.0,230,274,55,239
1996-03-14 16:00:00,19.4,33,3.6,230,130,0,130
1996-03-14 17:00:00,18.8,36,2.5,230,127,33,116
1996-03-14 18:00:00,17.7,38,2.5,230,61,90,47
1996-03-14 19:00:00,13.8,51,1.5,230,1,0,1
1996-03-14 20:00:00,13.8,53,1.5,220,0,0,0
1996-03-14 21:00:00,12.2,59,2.0,230,0,0,0
1996-03-14 22:00:00,14.4,57,3.0,210,0,0,0
1996-03-14 23:00:00,13.3,62,2.0,220,0,0,0
1996-03-15 00:00:00,12.2,66,2.0,210,0,0,0
1996-03-15 01:00:00,12.7,66,3.6,220,0,0,0
1996-03-15 02:00:00,13.3,62,3.6,230,0,0,0
1996-03-15 03:00:00,12.7,64,3.0,250,0,0,0
1996-03-15 04:00:00,11.1,83,4.6,240,0,0,0
1996-03-15 05:00:00,11.1,86,3.0,200,0,0,0
1996-03-15 06:00:00,11.6,86,1.5,230,0,0,0
1996-03-15 07:00:00,11.6,90,4.1,230,5,0,5
1996-03-15 08:00:00,12.2,86,3.0,210,50,0,50
1996-03-15 09:00:00,13.8,78,4.1,210,179,55,157
1996-03-15 10:00:00,15.0,80,5.6,190,525,688,149
1996-03-15 11:00:00,15.5,72,2.0,220,413,95,349
1996-03-15 12:00:00,15.5,72,4.1,250,226,0,226
1996-03-15 13:00:00,14.4,81,5.1,240,233,0,233
1996-03-15 14:00:00,14.4,87,4.1,230,221,0,221
1996-03-15 15:00:00,15.5,81,3.0,240,193,0,193
1996-03-15 16:00:00,16.6,70,3.8,260,443,414,233
1996-03-15 17:00:00,17.2,63,4.6,270,262,482,97
1996-03-15 18:00:00,15.0,62,5.6,320,33,32,28
1996-03-15 19:00:00,12.7,75,7.7,330,2,2,2
1996-03-15 20:00:00,11.6,66,6.6,320,0,0,0
1996-03-15 21:00:00,10.0,65,0.0,0,0,0,0
1996-03-15 22:00:00,10.0,63,4.1,320,0,0,0
1996-03-15 23:00:00,9.4,58,4.6,340,0,0,0
1996-03-16 00:00:00,6.6,54,6.6,330,0,0,0
1996-03-16 01:00:00,6.1,56,2.5,340,0,0,0
1996-03-16 02:00:00,4.4,63,0.0,0,0,0,0
1996-03-16 03:00:00,4.4,58,1.5,310,0,0,0
1996-03-16 04:00:00,3.8,60,1.5,300,0,0,0
1996-03-16 05:00:00,3.3,63,1.5,300,0,0,0
1996-03-16 06:00:00,3.3,63,2.5,320,0,0,0
1996-03-16 07:00:00,3.3,59,3.0,320,15,111,9
1996-03-16 08:00:00,6.6,50,3.6,310,113,241,62
1996-03-16 09:00:00,7.2,45,4.1,330,289,513,86
1996-03-16 10:00:00,7.7,44,2.5,290,265,311,93
1996-03-16 11:00:00,9.4,37,4.6,300,537,425,253
1996-03-16 12:00:00,10.0,39,2.5,350,407,87,342
1996-03-16 13:00:00,10.5,33,3.6,360,403,172,272
1996-03-16 14:00:00,12.2,32,2.5,50,360,114,277
1996-03-16 15:00:00,13.3,29,1.5,320,375,142,284
1996-03-16 16:00:00,12.7,30,0.0,0,223,88,177
1996-03-16 17:00:00,11.1,32,2.5,70,185,132,140
1996-03-16 18:00:00,10.0,36,4.6,50,25,0,25
1996-03-16 19:00:00,8.3,42,2.5,90,1,0,1
1996-03-16 20:00:00,8.3,40,1.5,90,0,0,0
1996-03-16 21:00:00,7.7,40,2.5,80,0,0,0
1996-03-16 22:00:00,7.2,45,0.0,0,0,0,0
1996-03-16 23:00:00,5.5,68,3.6,110,0,0,0
1996-03-17 00:00:00,2.7,89,2.5,130,0,0,0
1996-03-17 01:00:00,2.2,89,2.0,80,0,0,0
1996-03-17 02:00:00,2.2,92,1.5,80,0,0,0
1996-03-17 03:00:00,2.2,89,0.0,0,0,0,0
1996-03-17 04:00:00,1.1,96,0.0,0,0,0,0
1996-03-17 05:00:00,1.1,96,0.0,0,0,0,0
1996-03-17 06:00:00,1.6,92,1.5,70,0,0,0
1996-03-17 07:00:00,1.1,92,1.5,60,5,0,5
1996-03-17 08:00:00,1.1,96,2.5,60,37,0,37
1996-03-17 09:00:00,1.6,92,2.5,70,79,0,79
1996-03-17 10:00:00,2.2,92,2.0,90,116,0,116
1996-03-17 11:00:00,2.7,92,2.5,90,144,0,144
1996-03-17 12:00:00,3.3,92,3.0,70,160,0,160
1996-03-17 13:00:00,3.8,89,3.6,80,197,0,197
1996-03-17 14:00:00,3.8,89,1.5,70,187,0,187
1996-03-17 15:00:00,3.8,89,1.5,80,163,0,163
1996-03-17 16:00:00,4.4,86,0.0,0,127,0,127
1996-03-17 17:00:00,4.4,86,0.0,0,80,0,80
1996-03-17 18:00:00,4.4,89,0.0,0,30,0,30
1996-03-17 19:00:00,4.4,86,0.0,0,1,0,1
1996-03-17 20:00:00,4.4,89,0.0,0,0,0,0
1996-03-17 21:00:00,4.4,89,0.0,0,0,0,0
1996-03-17 22:00:00,4.4,89,0.0,0,0,0,0
1996-03-17 23:00:00,3.8,89,1.5,350,0,0,0
1996-03-18 00:00:00,3.8,86,1.5,360,0,0,0
1996-03-18 01:00:00,3.8,89,1.5,30,0,0,0
1996-03-18 02:00:00,3.3,89,0.0,0,0,0,0
1996-03-18 03:00:00,3.3,89,0.0,0,0,0,0
1996-03-18 04:00:00,3.3,89,1.5,70,0,0,0
1996-03-18 05:00:00,2.7,89,0.0,0,0,0,0
1996-03-18 06:00:00,2.7,89,0.0,0,0,0,0
1996-03-18 07:00:00,3.3,85,1.5,170,6,0,6
1996-03-18 08:00:00,3.8,89,0.0,0,31,0,31
1996-03-18 09:00:00,6.6,82,0.0,0,70,0,70
1996-03-18 10:00:00,7.7,80,0.0,0,245,68,206
1996-03-18 11:00:00,12.2,64,0.0,0,639,668,186
1996-03-18 12:00:00,12.7,53,0.0,0,721,582,285
1996-03-18 13:00:00,13.3,51,0.0,0,416,138,310
1996-03-18 14:00:00,13.3,57,2.5,130,214,0,214
1996-03-18 15:00:00,13.8,53,2.0,150,184,0,184
1996-03-18 16:00:00,13.3,55,3.6,100,138,0,138
1996-03-18 17:00:00,13.3,55,2.0,110,82,0,82
1996-03-18 18:00:00,12.2,59,2.0,110,35,0,35
1996-03-18 19:00:00,10.5,66,0.0,0,1,0,1
1996-03-18 20:00:00,8.3,73,0.0,0,0,0,0
1996-03-18 21:00:00,8.3,76,0.0,0,0,0,0
1996-03-18 22:00:00,5.5,82,0.0,0,0,0,0
1996-03-18 23:00:00,5.0,89,0.0,0,0,0,0
1996-03-19 00:00:00,4.4,89,0.0,0,0,0,0
1996-03-19 01:00:00,2.7,85,0.0,0,0,0,0
1996-03-19 02:00:00,2.7,92,1.5,330,0,0,0
1996-03-19 03:00:00,2.7,92,2.5,40,0,0,0
1996-03-19 04:00:00,3.3,92,2.0,20,0,0,0
1996-03-19 05:00:00,3.8,89,1.5,20,0,0,0
1996-03-19 06:00:00,4.4,89,2.0,20,0,0,0
1996-03-19 07:00:00,4.4,89,2.5,30,10,0,10
1996-03-19 08:00:00,5.0,85,2.5,40,57,0,57
1996-03-19 09:00:00,7.7,71,5.1,90,96,0,96
1996-03-19 10:00:00,6.6,79,7.2,70,150,0,150
1996-03-19 11:00:00,6.1,89,6.1,50,161,0,161
1996-03-19 12:00:00,6.6,86,5.1,50,182,0,182
1996-03-19 13:00:00,8.3,89,6.1,80,187,0,187
1996-03-19 14:00:00,8.8,90,7.2,80,177,0,177
1996-03-19 15:00:00,8.3,93,0.0,0,151,0,151
1996-03-19 16:00:00,8.8,90,3.0,90,112,0,112
1996-03-19 17:00:00,8.8,93,3.0,70,69,0,69
1996-03-19 18:00:00,8.8,93,2.0,60,37,0,37
1996-03-19 19:00:00,8.8,97,1.5,150,1,0,1
1996-03-19 20:00:00,8.8,90,4.1,180,0,0,0
1996-03-19 21:00:00,5.5,89,6.6,190,0,0,0
1996-03-19 22:00:00,4.4,93,3.6,180,0,0,0
1996-03-19 23:00:00,3.8,89,4.6,190,0,0,0
1996-03-20 00:00:00,3.8,89,5.1,190,0,0,0
1996-03-20 01:00:00,3.3,85,3.6,190,0,0,0
1996-03-20 02:00:00,3.3,82,2.5,190,0,0,0
1996-03-20 03:00:00,3.3,75,4.1,190,0,0,0
1996-03-20 04:00:00,3.3,75,4.1,210,0,0,0
1996-03-20 05:00:00,1.1,92,5.1,200,0,0,0
1996-03-20 06:00:00,1.1,92,4.6,210,0,0,0
1996-03-20 07:00:00,1.1,88,3.6,200,10,0,10
1996-03-20 08:00:00,1.1,92,2.5,170,43,0,43
1996-03-20 09:00:00,1.1,92,2.5,160,77,0,77
1996-03-20 10:00:00,2.2,89,4.6,190,137,0,137
1996-03-20 11:00:00,4.4,79,3.6,200,204,0,204
1996-03-20 12:00:00,3.8,79,6.1,210,228,0,228
1996-03-20 13:00:00,4.4,79,2.5,230,234,0,234
1996-03-20 14:00:00,4.4,73,4.1,200,222,0,222
1996-03-20 15:00:00,5.0,67,5.1,210,192,0,192
1996-03-20 16:00:00,5.0,63,3.6,210,147,0,147
1996-03-20 17:00:00,4.4,70,4.1,230,90,0,90
1996-03-20 18:00:00,3.8,73,3.0,230,34,0,34
1996-03-20 19:00:00,3.3,75,4.6,230,2,0,2
1996-03-20 20:00:00,2.7,78,3.6,230,0,0,0
1996-03-20 21:00:00,2.7,78,4.1,230,0,0,0
1996-03-20 22:00:00,2.7,75,4.1,220,0,0,0
1996-03-20 23:00:00,2.2,81,3.0,230,0,0,0
1996-03-21 00:00:00,2.2,71,4.6,250,0,0,0
1996-03-21 01:00:00,1.6,71,7.2,260,0,0,0
1996-03-21 02:00:00,1.6,74,4.6,250,0,0,0
1996-03-21 03:00:00,1.1,73,3.6,250,0,0,0
1996-03-21 04:00:00,1.1,73,5.1,260,0,0,0
1996-03-21 05:00:00,1.1,73,5.6,270,0,0,0
1996-03-21 06:00:00,1.1,70,5.6,270,0,0,0
1996-03-21 07:00:00,1.6,67,2.0,240,16,15,15
1996-03-21 08:00:00,2.7,59,7.7,280,167,410,68
1996-03-21 09:00:00,3.3,57,10.2,270,109,0,109
1996-03-21 10:00:00,4.4,55,6.1,270,259,65,222
1996-03-21 11:00:00,5.0,51,6.1,270,425,58,385
1996-03-21 12:00:00,6.1,47,6.1,290,228,0,228
1996-03-21 13:00:00,6.6,47,7.7,260,234,0,234
1996-03-21 14:00:00,7.2,48,9.7,280,735,760,170
1996-03-21 15:00:00,5.5,44,7.2,300,192,0,192
1996-03-21 16:00:00,4.4,41,5.6,300,387,77,346
1996-03-21 17:00:00,3.3,47,5.6,280,89,0,89
1996-03-21 18:00:00,2.2,59,6.1,280,34,0,34
1996-03-21 19:00:00,1.1,61,3.6,290,2,0,2
1996-03-21 20:00:00,1.1,61,5.6,270,0,0,0
1996-03-21 21:00:00,0.5,66,5.1,290,0,0,0
1996-03-21 22:00:00,0.0,66,7.2,290,0,0,0
1996-03-21 23:00:00,-0.6,69,5.1,290,0,0,0
1996-03-22 00:00:00,-0.6,54,6.6,280,0,0,0
1996-03-22 01:00:00,-1.2,57,7.2,270,0,0,0
1996-03-22 02:00:00,-1.2,57,3.6,300,0,0,0
1996-03-22 03:00:00,-1.7,59,2.5,290,0,0,0
1996-03-22 04:00:00,-1.7,62,2.5,290,0,0,0
1996-03-22 05:00:00,-1.2,57,3.6,280,0,0,0
1996-03-22 06:00:00,-0.6,54,3.6,290,0,0,0
1996-03-22 07:00:00,0.0,52,4.6,300,16,24,14
1996-03-22 08:00:00,2.2,48,7.2,280,58,0,58
1996-03-22 09:00:00,2.2,46,6.6,300,118,0,118
1996-03-22 10:00:00,2.7,43,7.2,270,179,62,142
1996-03-22 11:00:00,3.8,48,7.2,300,210,0,210
1996-03-22 12:00:00,3.3,37,6.1,300,233,0,233
1996-03-22 13:00:00,3.8,36,6.1,290,239,0,239
1996-03-22 14:00:00,3.8,39,7.2,270,365,64,317
1996-03-22 15:00:00,2.7,43,8.2,270,198,0,198
1996-03-22 16:00:00,2.7,47,6.1,280,154,0,154
1996-03-22 17:00:00,2.2,42,5.6,280,97,0,97
1996-03-22 18:00:00,1.6,44,6.1,290,38,0,38
1996-03-22 19:00:00,1.1,45,7.7,280,4,3,3
1996-03-22 20:00:00,0.5,50,6.1,290,0,0,0
1996-03-22 21:00:00,0.5,47,7.7,290,0,0,0
1996-03-22 22:00:00,0.0,47,7.2,280,0,0,0
1996-03-22 23:00:00,0.0,49,6.1,270,0,0,0
1996-03-23 00:00:00,0.0,52,3.6,270,0,0,0
1996-03-23 01:00:00,-0.6,54,3.6,270,0,0,0
1996-03-23 02:00:00,0.0,54,6.1,280,0,0,0
1996-03-23 03:00:00,0.0,52,7.2,270,0,0,0
1996-03-23 04:00:00,0.0,52,4.6,260,0,0,0
1996-03-23 05:00:00,0.0,49,4.1,290,0,0,0
1996-03-23 06:00:00,0.0,52,2.5,270,0,0,0
1996-03-23 07:00:00,0.0,52,2.5,250,25,116,17
1996-03-23 08:00:00,1.1,37,8.7,300,190,407,88
1996-03-23 09:00:00,1.1,35,9.2,290,356,535,124
1996-03-23 10:00:00,3.8,32,6.6,290,488,475,209
1996-03-23 11:00:00,5.5,29,5.1,280,665,604,241
1996-03-23 12:00:00,6.6,29,8.7,280,737,629,252
1996-03-23 13:00:00,7.7,26,8.2,320,600,563,156
1996-03-23 14:00:00,9.4,24,8.2,290,693,694,171
1996-03-23 15:00:00,9.4,23,9.2,270,666,736,176
1996-03-23 16:00:00,9.4,21,6.6,300,465,481,208
1996-03-23 17:00:00,7.7,20,4.6,280,293,463,121
1996-03-23 18:00:00,7.2,22,3.6,290,116,386,46
1996-03-23 19:00:00,6.1,25,3.6,290,5,23,4
1996-03-23 20:00:00,5.5,27,4.1,280,0,0,0
1996-03-23 21:00:00,5.0,30,5.1,280,0,0,0
1996-03-23 22:00:00,5.5,29,6.1,300,0,0,0
1996-03-23 23:00:00,5.5,27,5.1,300,0,0,0
1996-03-24 00:00:00,5.0,30,3.6,310,0,0,0
1996-03-24 01:00:00,4.4,32,4.1,310,0,0,0
1996-03-24 02:00:00,2.7,39,1.5,90,0,0,0
1996-03-24 03:00:00,1.1,41,0.0,0,0,0,0
1996-03-24 04:00:00,0.5,47,0.0,0,0,0,0
1996-03-24 05:00:00,1.6,42,3.0,310,0,0,0
1996-03-24 06:00:00,-1.2,52,1.5,230,0,0,0
1996-03-24 07:00:00,-0.6,60,0.0,0,27,94,19
1996-03-24 08:00:00,5.0,38,0.0,0,180,418,73
1996-03-24 09:00:00,7.7,23,3.6,10,378,614,109
1996-03-24 10:00:00,10.0,19,0.0,0,142,60,106
1996-03-24 11:00:00,10.0,17,0.0,0,257,0,257
1996-03-24 12:00:00,10.0,20,2.0,170,230,0,230
1996-03-24 13:00:00,11.4,21,2.3,170,291,16,278
1996-03-24 14:00:00,13.3,21,2.5,160,294,52,254
1996-03-24 15:00:00,15.5,18,3.6,160,328,60,287
1996-03-24 16:00:00,16.1,17,3.0,190,410,237,282
1996-03-24 17:00:00,15.0,18,4.1,160,202,254,107
1996-03-24 18:00:00,12.2,22,2.5,140,91,97,74
1996-03-24 19:00:00,11.6,23,1.5,150,5,11,4
1996-03-24 20:00:00,10.0,28,0.0,0,0,0,0
1996-03-24 21:00:00,10.0,28,0.0,0,0,0,0
1996-03-24 22:00:00,10.0,28,2.0,170,0,0,0
1996-03-24 23:00:00,6.6,41,0.0,0,0,0,0
1996-03-25 00:00:00,4.4,48,1.5,220,0,0,0
1996-03-25 01:00:00,6.1,45,2.0,230,0,0,0
1996-03-25 02:00:00,7.2,41,2.0,190,0,0,0
1996-03-25 03:00:00,5.5,49,1.5,220,0,0,0
1996-03-25 04:00:00,5.5,46,1.5,210,0,0,0
1996-03-25 05:00:00,2.7,59,0.0,0,0,0,0
1996-03-25 06:00:00,3.8,55,0.0,0,0,0,0
1996-03-25 07:00:00,6.1,47,2.0,200,27,89,19
1996-03-25 08:00:00,11.6,41,2.5,190,196,505,64
1996-03-25 09:00:00,14.4,34,3.6,170,396,684,94
1996-03-25 10:00:00,16.6,34,3.0,170,583,783,116
1996-03-25 11:00:00,18.3,31,4.6,180,669,662,198
1996-03-25 12:00:00,20.0,39,10.8,220,725,748,142
1996-03-25 13:00:00,17.2,50,5.6,220,464,103,381
1996-03-25 14:00:00,16.6,54,6.1,190,705,666,199
1996-03-25 15:00:00,18.3,52,8.2,210,358,76,307
1996-03-25 16:00:00,18.3,54,10.2,210,151,0,151
1996-03-25 17:00:00,18.3,54,10.2,190,226,47,209
1996-03-25 18:00:00,17.7,54,8.7,200,122,382,50
1996-03-25 19:00:00,17.2,58,5.1,210,5,3,5
1996-03-25 20:00:00,16.6,58,4.1,220,0,0,0
1996-03-25 21:00:00,16.6,60,6.6,230,0,0,0
1996-03-25 22:00:00,15.0,66,3.6,270,0,0,0
1996-03-25 23:00:00,14.4,69,4.1,270,0,0,0
1996-03-26 00:00:00,14.4,67,3.6,300,0,0,0
1996-03-26 01:00:00,10.5,58,5.6,310,0,0,0
1996-03-26 02:00:00,10.5,56,4.1,290,0,0,0
1996-03-26 03:00:00,10.0,43,5.6,270,0,0,0
1996-03-26 04:00:00,8.3,48,5.1,340,0,0,0
1996-03-26 05:00:00,7.2,48,8.2,320,0,0,0
1996-03-26 06:00:00,5.5,46,6.1,320,0,0,0
1996-03-26 07:00:00,5.0,48,5.6,320,38,170,24
1996-03-26 08:00:00,5.0,48,5.1,320,199,558,51
1996-03-26 09:00:00,6.6,45,7.2,320,409,758,69
1996-03-26 10:00:00,8.3,40,6.1,360,587,833,86
1996-03-26 11:00:00,9.4,36,5.6,290,698,836,99
1996-03-26 12:00:00,9.4,34,5.1,300,831,925,106
1996-03-26 13:00:00,11.1,27,8.2,290,851,930,107
1996-03-26 14:00:00,11.6,27,9.2,270,806,920,104
1996-03-26 15:00:00,11.1,26,6.6,280,699,892,96
1996-03-26 16:00:00,12.2,26,6.6,260,539,836,82
1996-03-26 17:00:00,11.6,27,5.6,320,340,730,62
1996-03-26 18:00:00,10.5,24,5.6,300,135,497,40
1996-03-26 19:00:00,7.7,25,6.1,310,8,67,5
1996-03-26 20:00:00,7.2,21,6.1,310,0,0,0
1996-03-26 21:00:00,6.1,24,5.6,300,0,0,0
1996-03-26 22:00:00,5.0,27,2.0,310,0,0,0
1996-03-26 23:00:00,4.4,27,3.0,300,0,0,0
1996-03-27 00:00:00,3.8,25,4.6,300,0,0,0
1996-03-27 01:00:00,1.6,29,2.0,310,0,0,0
1996-03-27 02:00:00,1.1,32,5.6,320,0,0,0
1996-03-27 03:00:00,0.5,32,2.0,340,0,0,0
1996-03-27 04:00:00,0.0,33,5.6,320,0,0,0
1996-03-27 05:00:00,-0.6,36,2.0,330,0,0,0
1996-03-27 06:00:00,-1.7,42,1.5,330,0,0,0
1996-03-27 07:00:00,0.0,40,3.6,330,28,16,27
1996-03-27 08:00:00,1.1,35,5.1,330,144,214,85
1996-03-27 09:00:00,1.6,36,5.1,350,197,134,136
1996-03-27 10:00:00,2.7,33,5.1,10,334,120,261
1996-03-27 11:00:00,4.4,29,3.0,10,522,259,335
1996-03-27 12:00:00,5.5,27,3.0,20,658,493,269
1996-03-27 13:00:00,6.6,27,2.5,70,476,155,351
1996-03-27 14:00:00,7.7,21,2.0,280,418,289,196
1996-03-27 15:00:00,7.7,22,0.0,0,533,391,267
1996-03-27 16:00:00,7.7,23,3.0,80,394,388,181
1996-03-27 17:00:00,7.2,23,3.6,100,204,216,121
1996-03-27 18:00:00,6.1,24,2.0,80,107,208,66
1996-03-27 19:00:00,5.0,24,0.0,0,6,4,6
1996-03-27 20:00:00,3.8,26,0.0,0,0,0,0
1996-03-27 21:00:00,2.7,30,0.0,0,0,0,0
1996-03-27 22:00:00,2.2,34,0.0,0,0,0,0
1996-03-27 23:00:00,2.2,36,0.0,0,0,0,0
1996-03-28 00:00:00,2.2,42,0.0,0,0,0,0
1996-03-28 01:00:00,2.7,43,2.0,100,0,0,0
1996-03-28 02:00:00,2.2,46,2.0,50,0,0,0
1996-03-28 03:00:00,1.6,56,2.0,60,0,0,0
1996-03-28 04:00:00,2.2,56,2.0,60,0,0,0
1996-03-28 05:00:00,1.6,61,1.5,60,0,0,0
1996-03-28 06:00:00,0.5,80,1.5,70,0,0,0
1996-03-28 07:00:00,1.1,84,2.0,100,19,0,19
1996-03-28 08:00:00,1.1,88,2.0,110,59,0,59
1996-03-28 09:00:00,0.5,87,2.5,110,118,0,118
1996-03-28 10:00:00,0.5,87,2.5,120,144,0,144
1996-03-28 11:00:00,0.5,87,4.1,100,148,0,148
1996-03-28 12:00:00,0.5,87,2.5,90,197,0,197
1996-03-28 13:00:00,0.5,92,1.5,70,168,0,168
1996-03-28 14:00:00,0.5,87,2.0,50,191,0,191
1996-03-28 15:00:00,0.5,87,2.0,30,165,0,165
1996-03-28 16:00:00,1.0,84,1.9,30,126,0,126
1996-03-28 17:00:00,1.2,83,1.8,20,65,0,65
1996-03-28 18:00:00,1.2,85,1.6,20,26,0,26
1996-03-28 19:00:00,0.5,92,1.5,10,3,0,3
1996-03-28 20:00:00,0.5,92,0.0,0,0,0,0
1996-03-28 21:00:00,0.5,92,0.0,0,0,0,0
1996-03-28 22:00:00,0.5,92,0.0,0,0,0,0
1996-03-28 23:00:00,0.5,92,0.0,0,0,0,0
1996-03-29 00:00:00,0.5,92,0.0,0,0,0,0
1996-03-29 01:00:00,0.5,92,0.0,0,0,0,0
1996-03-29 02:00:00,0.5,92,0.0,0,0,0,0
1996-03-29 03:00:00,0.5,92,0.0,0,0,0,0
1996-03-29 04:00:00,0.5,96,0.0,0,0,0,0
1996-03-29 05:00:00,1.1,92,0.0,0,0,0,0
1996-03-29 06:00:00,1.1,92,0.0,0,0,0,0
1996-03-29 07:00:00,1.1,92,0.0,0,14,0,14
1996-03-29 08:00:00,1.1,96,0.0,0,43,0,43
1996-03-29 09:00:00,2.2,92,0.0,0,101,0,101
1996-03-29 10:00:00,2.2,89,1.5,340,122,0,122
1996-03-29 11:00:00,3.8,83,3.6,360,179,0,179
1996-03-29 12:00:00,4.4,82,3.6,350,198,0,198
1996-03-29 13:00:00,4.4,82,3.6,320,203,0,203
1996-03-29 14:00:00,4.4,82,3.0,340,192,0,192
1996-03-29 15:00:00,5.0,79,4.1,330,167,0,167
1996-03-29 16:00:00,5.0,82,2.5,360,128,0,128
1996-03-29 17:00:00,5.0,82,2.5,10,80,0,80
1996-03-29 18:00:00,5.0,82,1.5,350,32,0,32
1996-03-29 19:00:00,5.0,85,1.5,340,5,0,5
1996-03-29 20:00:00,4.4,86,0.0,0,0,0,0
1996-03-29 21:00:00,4.4,86,0.0,0,0,0,0
1996-03-29 22:00:00,4.4,89,0.0,0,0,0,0
1996-03-29 23:00:00,3.8,93,0.0,0,0,0,0
1996-03-30 00:00:00,3.8,93,0.0,0,0,0,0
1996-03-30 01:00:00,3.8,93,1.5,230,0,0,0
1996-03-30 02:00:00,3.8,93,0.0,0,0,0,0
1996-03-30 03:00:00,2.7,92,0.0,0,0,0,0
1996-03-30 04:00:00,2.7,97,0.0,0,0,0,0
1996-03-30 05:00:00,1.6,96,0.0,0,0,0,0
1996-03-30 06:00:00,1.1,96,0.0,0,0,0,0
1996-03-30 07:00:00,2.2,96,0.0,0,43,179,27
1996-03-30 08:00:00,6.1,82,1.5,180,188,242,118
1996-03-30 09:00:00,8.8,71,2.0,210,266,259,145
1996-03-30 10:00:00,11.6,61,0.0,0,337,65,296
1996-03-30 11:00:00,11.6,61,1.5,240,218,0,218
1996-03-30 12:00:00,12.2,61,2.0,130,241,0,241
1996-03-30 13:00:00,12.2,59,2.5,120,246,0,246
1996-03-30 14:00:00,12.2,59,2.5,180,233,0,233
1996-03-30 15:00:00,12.7,59,2.5,150,203,0,203
1996-03-30 16:00:00,12.7,57,2.0,200,158,0,158
1996-03-30 17:00:00,12.7,57,1.5,200,100,0,100
1996-03-30 18:00:00,11.1,61,2.0,140,114,281,57
1996-03-30 19:00:00,10.0,68,2.0,150,9,8,9
1996-03-30 20:00:00,9.4,68,1.5,150,0,0,0
1996-03-30 21:00:00,7.7,76,0.0,0,0,0,0
1996-03-30 22:00:00,6.1,82,0.0,0,0,0,0
1996-03-30 23:00:00,6.1,82,0.0,0,0,0,0
1996-03-31 00:00:00,3.8,89,0.0,0,0,0,0
1996-03-31 01:00:00,4.4,89,0.0,0,0,0,0
1996-03-31 02:00:00,3.3,89,0.0,0,0,0,0
1996-03-31 03:00:00,2.7,89,0.0,0,0,0,0
1996-03-31 04:00:00,2.2,92,0.0,0,0,0,0
1996-03-31 05:00:00,2.2,96,0.0,0,0,0,0
1996-03-31 06:00:00,1.6,100,1.5,350,0,0,0
1996-03-31 07:00:00,2.7,89,0.0,0,43,165,27
1996-03-31 08:00:00,7.7,80,0.0,0,202,485,60
1996-03-31 09:00:00,10.5,74,0.0,0,387,572,117
1996-03-31 10:00:00,13.3,62,2.0,170,446,369,215
1996-03-31 11:00:00,15.5,55,4.1,190,676,696,162
1996-03-31 12:00:00,15.5,51,4.6,160,827,867,130
1996-03-31 13:00:00,17.2,44,3.6,170,532,107,443
1996-03-31 14:00:00,17.2,46,4.1,160,235,90,164
1996-03-31 15:00:00,16.6,48,4.6,150,351,83,293
1996-03-31 16:00:00,15.5,50,5.1,170,370,64,333
1996-03-31 17:00:00,15.0,51,4.1,170,102,0,102
1996-03-31 18:00:00,13.8,53,3.0,160,43,0,43
1996-03-31 19:00:00,13.8,53,2.5,150,6,0,6
1996-03-31 20:00:00,13.3,53,2.5,150,0,0,0
1996-03-31 21:00:00,11.6,61,2.5,120,0,0,0
1996-03-31 22:00:00,10.2,63,3.3,120,0,0,0
1996-03-31 23:00:00,8.8,68,4.0,130,0,0,0
1996-04-01 00:00:00,7.4,68,4.8,120,0,0,0
1997-04-01 01:00:00,5.9,50,5.5,50,0,0,0
1997-04-01 02:00:00,4.5,49,6.3,30,0,0,0
1997-04-01 03:00:00,3.1,48,7.0,330,0,0,0
1997-04-01 04:00:00,1.7,48,7.8,330,0,0,0
1997-04-01 05:00:00,1.2,48,7.4,330,0,0,0
1997-04-01 06:00:00,1.0,47,7.0,340,0,0,0
1997-04-01 07:00:00,2.5,45,6.6,340,48,159,32
1997-04-01 08:00:00,4.0,38,6.2,340,228,524,73
1997-04-01 09:00:00,7.0,28,8.7,340,440,703,105
1997-04-01 10:00:00,9.3,23,9.0,350,630,796,129
1997-04-01 11:00:00,12.0,17,9.3,360,773,846,145
1997-04-01 12:00:00,13.1,16,9.5,360,858,871,154
1997-04-01 13:00:00,14.3,17,9.6,350,876,876,156
1997-04-01 14:00:00,15.0,17,9.8,350,828,863,151
1997-04-01 15:00:00,15.6,16,10.1,350,716,828,139
1997-04-01 16:00:00,15.3,16,10.5,360,550,762,119
1997-04-01 17:00:00,15.0,15,10.8,360,346,639,91
1997-04-01 18:00:00,14.2,17,9.5,360,139,392,57
1997-04-01 19:00:00,12.4,20,8.1,350,11,34,9
1997-04-01 20:00:00,11.4,21,6.8,350,0,0,0
1997-04-01 21:00:00,10.6,23,5.4,340,0,0,0
1997-04-01 22:00:00,10.0,25,4.1,340,0,0,0
1997-04-01 23:00:00,9.4,24,5.5,20,0,0,0
1997-04-02 00:00:00,10.0,26,2.2,130,0,0,0
1997-04-02 01:00:00,10.0,26,4.1,300,0,0,0
1997-04-02 02:00:00,9.7,29,5.9,330,0,0,0
1997-04-02 03:00:00,9.4,33,11.4,40,0,0,0
1997-04-02 04:00:00,8.8,33,7.5,30,0,0,0
1997-04-02 05:00:00,8.3,36,9.3,30,0,0,0
1997-04-02 06:00:00,7.7,38,3.5,310,0,2,0
1997-04-02 07:00:00,9.4,39,3.8,310,59,279,29
1997-04-02 08:00:00,10.0,33,5.1,330,250,639,58
1997-04-02 09:00:00,12.0,26,8.2,340,464,794,81
1997-04-02 10:00:00,13.6,25,7.7,340,652,872,100
1997-04-02 11:00:00,15.6,23,7.2,340,793,914,112
1997-04-02 12:00:00,17.0,21,6.7,340,876,933,118
1997-04-02 13:00:00,18.4,20,6.3,330,893,937,120
1997-04-02 14:00:00,19.2,18,5.9,320,845,925,116
1997-04-02 15:00:00,20.0,18,5.5,310,734,896,107
1997-04-02 16:00:00,20.0,17,5.1,300,569,839,92
1997-04-02 17:00:00,19.2,18,6.4,320,366,734,71
1997-04-02 18:00:00,18.0,19,7.7,340,155,510,46
1997-04-02 19:00:00,15.9,22,7.2,330,14,83,9
1997-04-02 20:00:00,14.5,24,6.8,330,0,0,0
1997-04-02 21:00:00,13.4,27,6.3,320,0,0,0
1997-04-02 22:00:00,12.5,28,5.8,310,0,0,0
1997-04-02 23:00:00,11.5,31,5.4,310,0,0,0
1997-04-03 00:00:00,10.5,32,4.9,300,0,0,0
1997-04-03 01:00:00,9.8,34,4.5,300,0,0,0
1997-04-03 02:00:00,9.0,35,4.0,290,0,0,0
1997-04-03 03:00:00,8.3,37,3.5,280,0,0,0
1997-04-03 04:00:00,7.8,38,3.1,280,0,0,0
1997-04-03 05:00:00,7.0,40,2.6,270,0,0,0
1997-04-03 06:00:00,7.9,42,2.6,260,0,0,0
1997-04-03 07:00:00,10.5,44,2.6,240,56,201,34
1997-04-03 08:00:00,13.0,41,2.6,230,240,553,71
1997-04-03 09:00:00,17.0,29,2.6,250,450,720,100
1997-04-03 10:00:00,18.3,27,3.4,270,637,806,123
1997-04-03 11:00:00,20.0,24,4.1,290,778,853,138
1997-04-03 12:00:00,19.9,25,2.9,260,860,875,146
1997-04-03 13:00:00,19.8,25,1.6,280,877,879,148
1997-04-03 14:00:00,18.7,27,1.9,290,828,866,143
1997-04-03 15:00:00,19.6,26,2.6,260,717,832,132
1997-04-03 16:00:00,19.5,23,2.4,260,553,769,113
1997-04-03 17:00:00,19.4,21,2.1,260,352,653,87
1997-04-03 18:00:00,18.3,23,1.3,300,146,418,55
1997-04-03 19:00:00,16.2,27,2.1,310,13,47,10
1997-04-03 20:00:00,15.1,30,2.8,300,0,0,0
1997-04-03 21:00:00,14.0,32,2.1,260,0,0,0
1997-04-03 22:00:00,15.0,30,1.5,240,0,0,0
1997-04-03 23:00:00,16.5,28,1.8,280,0,0,0
1997-04-04 00:00:00,18.0,25,2.1,310,0,0,0
1997-04-04 01:00:00,18.9,27,2.3,330,0,0,0
1997-04-04 02:00:00,17.8,26,2.0,300,0,0,0
1997-04-04 03:00:00,16.7,30,3.1,40,0,0,0
1997-04-04 04:00:00,17.6,32,3.3,200,0,0,0
1997-04-04 05:00:00,17.5,37,3.0,190,0,0,0
1997-04-04 06:00:00,18.5,39,3.2,230,0,1,0
1997-04-04 07:00:00,19.4,42,3.9,260,50,158,32
1997-04-04 08:00:00,20.3,44,1.6,260,204,269,120
1997-04-04 09:00:00,20.2,36,1.7,280,372,411,171
1997-04-04 10:00:00,21.4,38,3.4,50,359,349,134
1997-04-04 11:00:00,23.0,38,2.1,330,603,480,241
1997-04-04 12:00:00,23.6,37,2.7,330,754,539,313
1997-04-04 13:00:00,24.5,37,3.4,330,386,147,262
1997-04-04 14:00:00,24.7,36,4.0,320,618,168,485
1997-04-04 15:00:00,25.0,36,4.6,320,358,118,275
1997-04-04 16:00:00,26.0,34,3.9,250,241,193,130
1997-04-04 17:00:00,26.9,33,5.3,200,72,0,72
1997-04-04 18:00:00,27.5,32,3.5,200,31,0,31
1997-04-04 19:00:00,27.2,34,3.2,180,5,0,5
1997-04-04 20:00:00,27.5,33,0.5,120,0,0,0
1997-04-04 21:00:00,23.2,39,3.9,120,0,0,0
1997-04-04 22:00:00,18.9,45,2.6,110,0,0,0
1997-04-04 23:00:00,14.7,53,2.4,70,0,0,0
1997-04-05 00:00:00,14.2,57,1.7,60,0,0,0
1997-04-05 01:00:00,13.9,64,0.0,0,0,0,0
1997-04-05 02:00:00,14.0,68,0.7,70,0,0,0
1997-04-05 03:00:00,14.0,72,1.5,340,0,0,0
1997-04-05 04:00:00,13.8,68,1.8,360,0,0,0
1997-04-05 05:00:00,13.3,64,2.0,20,0,0,0
1997-04-05 06:00:00,13.3,59,2.3,50,0,3,0
1997-04-05 07:00:00,14.9,52,2.6,70,66,258,35
1997-04-05 08:00:00,16.4,43,2.8,90,251,587,66
1997-04-05 09:00:00,18.0,37,3.1,110,457,737,92
1997-04-05 10:00:00,18.0,41,6.0,130,581,670,148
1997-04-05 11:00:00,19.0,43,7.4,120,723,654,227
1997-04-05 12:00:00,20.0,45,4.7,140,567,406,232
1997-04-05 13:00:00,22.0,48,4.0,130,694,490,283
1997-04-05 14:00:00,24.0,47,4.9,130,436,97,358
1997-04-05 15:00:00,23.0,52,4.2,170,207,0,207
1997-04-05 16:00:00,22.0,57,2.0,140,158,6,154
1997-04-05 17:00:00,24.0,43,3.9,130,159,29,147
1997-04-05 18:00:00,20.0,36,3.2,130,62,0,62
1997-04-05 19:00:00,17.0,45,3.1,150,17,18,16
1997-04-05 20:00:00,15.4,51,1.6,80,0,0,0
1997-04-05 21:00:00,14.0,59,0.0,0,0,0,0
1997-04-05 22:00:00,14.0,63,3.1,150,0,0,0
1997-04-05 23:00:00,13.0,67,2.1,150,0,0,0
1997-04-06 00:00:00,13.0,67,0.0,0,0,0,0
1997-04-06 01:00:00,11.7,75,0.0,0,0,0,0
1997-04-06 02:00:00,11.7,81,0.0,0,0,0,0
1997-04-06 03:00:00,12.1,84,0.0,0,0,0,0
1997-04-06 04:00:00,11.9,88,0.0,0,0,0,0
1997-04-06 05:00:00,13.0,84,0.0,0,0,0,0
1997-04-06 06:00:00,15.0,82,0.0,0,0,0,0
1997-04-06 07:00:00,16.6,74,0.0,0,58,113,44
1997-04-06 08:00:00,17.6,64,0.5,210,213,280,123
1997-04-06 09:00:00,18.0,64,0.0,0,404,491,158
1997-04-06 10:00:00,18.5,64,0.0,0,618,686,172
1997-04-06 11:00:00,20.0,60,0.0,0,612,389,316
1997-04-06 12:00:00,20.9,59,1.1,80,805,738,194
1997-04-06 13:00:00,22.0,60,2.1,160,856,773,207
1997-04-06 14:00:00,22.0,63,4.1,170,808,759,200
1997-04-06 15:00:00,22.0,69,6.2,180,698,721,184
1997-04-06 16:00:00,22.1,65,5.3,190,534,650,157
1997-04-06 17:00:00,22.1,64,4.3,200,335,522,119
1997-04-06 18:00:00,21.8,64,3.4,220,137,287,72
1997-04-06 19:00:00,20.6,68,2.4,230,14,16,13
1997-04-06 20:00:00,20.0,68,1.5,240,0,0,0
1997-04-06 21:00:00,17.9,67,1.4,250,0,0,0
1997-04-06 22:00:00,17.8,61,0.9,80,0,0,0
1997-04-06 23:00:00,16.6,60,2.4,280,0,0,0
1997-04-07 00:00:00,16.5,58,2.4,270,0,0,0
1997-04-07 01:00:00,16.4,49,2.3,230,0,0,0
1997-04-07 02:00:00,16.3,48,2.4,200,0,0,0
1997-04-07 03:00:00,13.1,54,2.4,160,0,0,0
1997-04-07 04:00:00,14.0,46,3.1,170,0,0,0
1997-04-07 05:00:00,11.9,51,3.0,150,0,0,0
1997-04-07 06:00:00,12.8,43,3.5,290,0,9,0
1997-04-07 07:00:00,14.6,37,4.3,290,78,341,34
1997-04-07 08:00:00,14.5,36,5.1,300,275,661,60
1997-04-07 09:00:00,16.4,31,5.9,290,488,802,83
1997-04-07 10:00:00,18.3,27,6.6,290,674,875,101
1997-04-07 11:00:00,19.1,24,7.5,290,813,914,112
1997-04-07 12:00:00,19.0,22,8.2,290,894,933,119
1997-04-07 13:00:00,19.6,21,7.8,300,910,937,120
1997-04-07 14:00:00,19.7,19,7.5,310,861,926,116
1997-04-07 15:00:00,19.8,18,7.1,310,750,898,107
1997-04-07 16:00:00,19.0,17,6.7,320,585,844,93
1997-04-07 17:00:00,18.0,18,6.2,310,383,744,72
1997-04-07 18:00:00,16.7,17,5.7,300,170,536,48
1997-04-07 19:00:00,14.5,18,5.1,300,19,110,12
1997-04-07 20:00:00,13.0,17,4.6,290,0,0,0
1997-04-07 21:00:00,11.9,19,4.1,300,0,0,0
1997-04-07 22:00:00,11.0,21,3.6,300,0,0,0
1997-04-07 23:00:00,10.0,23,3.1,310,0,0,0
1997-04-08 00:00:00,9.1,25,3.6,310,0,0,0
1997-04-08 01:00:00,8.4,28,4.1,300,0,0,0
1997-04-08 02:00:00,7.7,31,4.6,300,0,0,0
1997-04-08 03:00:00,7.0,34,5.1,290,0,0,0
1997-04-08 04:00:00,6.7,34,5.3,290,0,0,0
1997-04-08 05:00:00,6.0,35,5.5,290,0,0,0
1997-04-08 06:00:00,5.8,35,5.6,290,1,32,0
1997-04-08 07:00:00,7.2,34,5.8,280,90,464,27
1997-04-08 08:00:00,8.6,30,6.0,280,294,750,47
1997-04-08 09:00:00,10.0,28,6.2,280,507,871,64
1997-04-08 10:00:00,11.3,26,7.5,300,692,932,78
1997-04-08 11:00:00,13.0,23,8.7,320,831,966,87
1997-04-08 12:00:00,13.7,22,7.9,310,911,982,91
1997-04-08 13:00:00,14.6,23,7.0,310,927,986,92
1997-04-08 14:00:00,15.0,24,6.2,300,878,977,89
1997-04-08 15:00:00,15.3,23,6.8,300,752,936,80
1997-04-08 16:00:00,14.7,22,9.5,60,567,827,82
1997-04-08 17:00:00,14.2,22,4.0,130,249,460,55
1997-04-08 18:00:00,13.3,23,7.2,100,132,305,62
1997-04-08 19:00:00,11.0,26,4.7,130,25,157,14
1997-04-08 20:00:00,9.6,29,3.9,60,0,0,0
1997-04-08 21:00:00,8.3,31,2.0,80,0,0,0
1997-04-08 22:00:00,7.2,34,2.1,90,0,0,0
1997-04-08 23:00:00,6.2,36,2.2,90,0,0,0
1997-04-09 00:00:00,5.0,38,3.9,270,0,0,0
1997-04-09 01:00:00,4.2,40,2.5,90,0,0,0
1997-04-09 02:00:00,3.4,42,4.6,310,0,0,0
1997-04-09 03:00:00,2.4,44,5.7,260,0,0,0
1997-04-09 04:00:00,1.9,46,5.4,290,0,0,0
1997-04-09 05:00:00,0.9,48,5.5,320,0,0,0
1997-04-09 06:00:00,-1.0,55,5.1,340,0,0,0
1997-04-09 07:00:00,-1.0,42,7.2,330,77,240,43
1997-04-09 08:00:00,0.2,38,7.2,320,257,483,95
1997-04-09 09:00:00,1.4,36,7.2,310,431,621,112
1997-04-09 10:00:00,2.0,37,7.2,300,646,637,224
1997-04-09 11:00:00,2.2,36,8.1,300,685,503,295
1997-04-09 12:00:00,4.4,30,8.5,290,869,848,158
1997-04-09 13:00:00,4.6,32,8.3,290,913,881,163
1997-04-09 14:00:00,4.8,28,6.1,250,862,868,158
1997-04-09 15:00:00,6.0,30,6.5,240,748,834,146
1997-04-09 16:00:00,6.2,29,6.8,220,580,771,126
1997-04-09 17:00:00,5.4,31,4.1,240,374,654,97
1997-04-09 18:00:00,5.6,32,4.9,330,162,424,62
1997-04-09 19:00:00,2.8,39,5.3,320,18,55,14
1997-04-09 20:00:00,1.0,47,7.2,330,0,0,0
1997-04-09 21:00:00,0.3,49,6.8,330,0,0,0
1997-04-09 22:00:00,-0.3,50,6.4,330,0,0,0
1997-04-09 23:00:00,-0.8,51,6.0,330,0,0,0
1997-04-10 00:00:00,-1.4,51,5.6,330,0,0,0
1997-04-10 01:00:00,-1.8,52,5.2,320,0,0,0
1997-04-10 02:00:00,-2.1,51,4.8,320,0,0,0
1997-04-10 03:00:00,-2.5,51,4.4,320,0,0,0
1997-04-10 04:00:00,-2.6,50,4.0,320,0,0,0
1997-04-10 05:00:00,-3.0,50,3.6,320,0,0,0
1997-04-10 06:00:00,-1.9,41,3.7,250,1,19,1
1997-04-10 07:00:00,-0.7,36,3.1,300,86,353,35
1997-04-10 08:00:00,0.4,35,6.2,320,265,574,70
1997-04-10 09:00:00,1.6,29,6.7,330,425,592,119
1997-04-10 10:00:00,3.7,24,5.2,350,700,910,92
1997-04-10 11:00:00,5.9,22,3.0,10,838,946,103
1997-04-10 12:00:00,7.0,22,4.6,330,918,962,108
1997-04-10 13:00:00,8.4,21,3.8,320,933,964,109
1997-04-10 14:00:00,9.2,20,2.9,320,882,953,106
1997-04-10 15:00:00,10.0,19,2.1,310,769,927,98
1997-04-10 16:00:00,11.0,17,2.6,310,604,876,85
1997-04-10 17:00:00,12.4,16,1.6,280,400,783,66
1997-04-10 18:00:00,11.7,15,3.0,330,184,590,44
1997-04-10 19:00:00,10.1,16,2.0,340,24,154,13
1997-04-10 20:00:00,10.5,16,1.9,10,0,0,0
1997-04-10 21:00:00,10.8,16,0.8,20,0,0,0
1997-04-10 22:00:00,11.2,15,0.0,0,0,0,0
1997-04-10 23:00:00,8.5,22,0.0,0,0,0,0
1997-04-11 00:00:00,8.9,22,0.1,70,0,0,0
1997-04-11 01:00:00,9.3,24,0.0,0,0,0,0
1997-04-11 02:00:00,9.6,22,0.6,10,0,0,0
1997-04-11 03:00:00,9.0,24,1.1,80,0,0,0
1997-04-11 04:00:00,8.4,23,0.0,0,0,0,0
1997-04-11 05:00:00,8.7,23,0.4,50,0,0,0
1997-04-11 06:00:00,9.1,24,0.0,0,1,0,1
1997-04-11 07:00:00,10.5,24,0.0,0,73,141,52
1997-04-11 08:00:00,10.8,24,0.0,0,254,432,106
1997-04-11 09:00:00,11.2,24,2.3,110,465,600,151
1997-04-11 10:00:00,12.5,25,1.2,120,652,695,185
1997-04-11 11:00:00,12.9,25,2.2,120,792,748,207
1997-04-11 12:00:00,14.3,26,0.6,130,872,773,219
1997-04-11 13:00:00,14.6,26,0.5,190,887,777,221
1997-04-11 14:00:00,15.0,26,1.5,140,835,760,214
1997-04-11 15:00:00,14.8,26,0.7,120,721,720,197
1997-04-11 16:00:00,14.7,27,2.4,100,553,646,168
1997-04-11 17:00:00,12.5,32,2.5,90,350,517,128
1997-04-11 18:00:00,11.3,36,0.7,90,147,288,78
1997-04-11 19:00:00,10.2,39,0.0,0,18,19,17
1997-04-11 20:00:00,9.0,43,0.0,0,0,0,0
1997-04-11 21:00:00,7.8,48,0.1,40,0,0,0
1997-04-11 22:00:00,6.7,57,0.0,0,0,0,0
1997-04-11 23:00:00,6.5,59,1.1,40,0,0,0
1997-04-12 00:00:00,5.3,66,2.3,30,0,0,0
1997-04-12 01:00:00,4.2,72,1.9,20,0,0,0
1997-04-12 02:00:00,4.0,69,2.1,10,0,0,0
1997-04-12 03:00:00,4.3,72,3.1,40,0,0,0
1997-04-12 04:00:00,4.0,76,1.2,360,0,0,0
1997-04-12 05:00:00,3.8,81,2.2,20,0,0,0
1997-04-12 06:00:00,4.2,83,0.2,350,2,45,1
1997-04-12 07:00:00,4.4,87,0.0,0,104,476,31
1997-04-12 08:00:00,4.8,86,0.8,20,306,733,50
1997-04-12 09:00:00,6.8,79,1.4,360,513,846,68
1997-04-12 10:00:00,7.1,82,0.0,0,693,904,82
1997-04-12 11:00:00,8.0,81,0.0,0,481,30,456
1997-04-12 12:00:00,8.0,87,0.0,0,259,0,259
1997-04-12 13:00:00,9.3,86,0.1,10,473,168,328
1997-04-12 14:00:00,9.9,85,1.2,350,312,0,312
1997-04-12 15:00:00,10.6,87,0.4,40,154,0,154
1997-04-12 16:00:00,9.5,100,1.5,30,123,0,123
1997-04-12 17:00:00,8.5,99,0.6,60,84,0,84
1997-04-12 18:00:00,8.6,98,2.2,70,41,0,41
1997-04-12 19:00:00,9.3,100,0.9,70,7,0,7
1997-04-12 20:00:00,9.9,95,0.4,20,0,0,0
1997-04-12 21:00:00,10.0,98,0.5,10,0,0,0
1997-04-12 22:00:00,9.0,100,0.6,360,0,0,0
1997-04-12 23:00:00,10.2,95,1.9,10,0,0,0
1997-04-13 00:00:00,10.8,95,0.9,330,0,0,0
1997-04-13 01:00:00,11.0,92,1.0,350,0,0,0
1997-04-13 02:00:00,11.6,85,1.1,30,0,0,0
1997-04-13 03:00:00,11.7,84,0.0,0,0,0,0
1997-04-13 04:00:00,12.3,83,0.0,0,0,0,0
1997-04-13 05:00:00,13.0,82,0.0,0,0,0,0
1997-04-13 06:00:00,12.7,79,0.5,40,1,0,1
1997-04-13 07:00:00,13.0,78,1.0,90,33,0,33
1997-04-13 08:00:00,13.8,75,0.2,240,81,0,81
1997-04-13 09:00:00,14.0,64,1.0,260,141,0,141
1997-04-13 10:00:00,13.7,57,3.3,150,193,0,193
1997-04-13 11:00:00,13.4,46,4.6,150,231,0,231
1997-04-13 12:00:00,14.8,46,6.4,150,252,0,252
1997-04-13 13:00:00,13.4,44,6.7,210,256,0,256
1997-04-13 14:00:00,12.0,45,8.0,260,242,0,242
1997-04-13 15:00:00,11.7,42,9.3,250,211,0,211
1997-04-13 16:00:00,10.8,41,10.5,300,165,0,165
1997-04-13 17:00:00,10.0,42,9.8,310,108,0,108
1997-04-13 18:00:00,9.4,44,9.5,310,65,7,63
1997-04-13 19:00:00,7.8,49,9.2,310,13,0,13
1997-04-13 20:00:00,6.9,51,8.9,310,0,0,0
1997-04-13 21:00:00,6.3,52,8.6,320,0,0,0
1997-04-13 22:00:00,5.9,53,8.3,320,0,0,0
1997-04-13 23:00:00,5.5,55,8.0,320,0,0,0
1997-04-14 00:00:00,5.0,55,7.7,320,0,0,0
1997-04-14 01:00:00,4.8,56,6.9,320,0,0,0
1997-04-14 02:00:00,4.5,57,6.2,320,0,0,0
1997-04-14 03:00:00,4.2,57,5.4,320,0,0,0
1997-04-14 04:00:00,4.2,58,4.6,320,0,0,0
1997-04-14 05:00:00,3.9,59,3.9,320,0,0,0
1997-04-14 06:00:00,4.0,59,3.1,320,3,15,2
1997-04-14 07:00:00,5.6,53,3.3,320,101,349,44
1997-04-14 08:00:00,7.2,44,3.4,320,302,637,75
1997-04-14 09:00:00,8.9,38,3.6,330,516,775,101
1997-04-14 10:00:00,9.9,35,3.8,330,701,848,121
1997-04-14 11:00:00,11.2,30,3.9,330,838,888,134
1997-04-14 12:00:00,12.0,26,4.1,330,917,907,141
1997-04-14 13:00:00,13.0,26,4.1,330,931,910,143
1997-04-14 14:00:00,13.5,25,4.1,320,879,898,138
1997-04-14 15:00:00,14.0,25,4.1,320,766,867,128
1997-04-14 16:00:00,14.0,25,3.6,330,600,811,111
1997-04-14 17:00:00,14.0,25,3.1,340,396,707,87
1997-04-14 18:00:00,12.5,28,3.4,340,183,502,58
1997-04-14 19:00:00,10.0,33,3.6,330,25,105,17
1997-04-14 20:00:00,9.0,35,3.6,330,0,0,0
1997-04-14 21:00:00,8.0,37,2.6,330,0,0,0
1997-04-14 22:00:00,6.4,46,1.7,340,0,0,0
1997-04-14 23:00:00,4.7,57,0.9,350,0,0,0
1997-04-15 00:00:00,3.0,68,0.0,0,0,0,0
1997-04-15 01:00:00,2.1,77,1.0,360,0,0,0
1997-04-15 02:00:00,-0.4,85,0.5,350,0,0,0
1997-04-15 03:00:00,-0.1,91,0.0,0,0,0,0
1997-04-15 04:00:00,-2.1,100,0.0,0,0,0,0
1997-04-15 05:00:00,-1.3,98,0.0,0,0,0,0
1997-04-15 06:00:00,-0.5,88,0.0,0,2,0,2
1997-04-15 07:00:00,2.0,73,0.0,0,40,0,40
1997-04-15 08:00:00,6.5,50,1.1,20,229,263,134
1997-04-15 09:00:00,11.0,36,2.1,30,496,663,138
1997-04-15 10:00:00,12.1,39,4.1,30,682,749,167
1997-04-15 11:00:00,13.2,34,2.9,80,761,728,181
1997-04-15 12:00:00,14.8,31,3.3,120,899,820,195
1997-04-15 13:00:00,15.4,32,1.6,130,913,824,197
1997-04-15 14:00:00,16.4,29,2.0,140,779,683,213
1997-04-15 15:00:00,17.0,28,0.3,200,696,682,192
1997-04-15 16:00:00,17.5,30,3.3,180,563,683,149
1997-04-15 17:00:00,17.0,29,2.1,200,374,584,117
1997-04-15 18:00:00,15.0,33,2.0,200,166,364,74
1997-04-15 19:00:00,12.1,40,1.8,200,23,41,20
1997-04-15 20:00:00,9.9,46,1.7,200,0,0,0
1997-04-15 21:00:00,8.0,52,1.5,200,0,0,0
1997-04-15 22:00:00,8.6,49,2.4,210,0,0,0
1997-04-15 23:00:00,7.5,52,1.2,210,0,0,0
1997-04-16 00:00:00,5.9,59,1.6,210,0,0,0
1997-04-16 01:00:00,5.5,59,1.5,200,0,0,0
1997-04-16 02:00:00,7.2,59,1.8,200,0,0,0
1997-04-16 03:00:00,8.3,42,1.7,210,0,0,0
1997-04-16 04:00:00,9.5,34,1.1,220,0,0,0
1997-04-16 05:00:00,7.9,45,0.9,200,0,0,0
1997-04-16 06:00:00,9.0,39,0.8,200,4,20,3
1997-04-16 07:00:00,9.6,39,1.2,200,108,363,45
1997-04-16 08:00:00,10.8,35,2.0,190,309,638,76
1997-04-16 09:00:00,13.7,29,0.4,190,520,769,102
1997-04-16 10:00:00,16.5,26,2.3,200,702,840,122
1997-04-16 11:00:00,18.8,23,1.1,180,837,878,134
1997-04-16 12:00:00,20.0,24,2.6,240,914,897,141
1997-04-16 13:00:00,21.0,23,3.1,240,927,899,142
1997-04-16 14:00:00,21.5,22,3.6,250,875,887,138
1997-04-16 15:00:00,22.0,21,4.1,250,763,857,128
1997-04-16 16:00:00,22.3,25,3.0,230,504,629,121
1997-04-16 17:00:00,23.7,25,3.4,270,378,660,86
1997-04-16 18:00:00,22.9,27,1.3,290,172,451,57
1997-04-16 19:00:00,21.5,28,0.0,0,19,6,18
1997-04-16 20:00:00,19.6,31,0.0,0,0,0,0
1997-04-16 21:00:00,19.9,27,0.0,0,0,0,0
1997-04-16 22:00:00,19.0,29,0.0,0,0,0,0
1997-04-16 23:00:00,18.1,27,0.9,100,0,0,0
1997-04-17 00:00:00,17.3,27,1.3,210,0,0,0
1997-04-17 01:00:00,16.0,36,3.3,240,0,0,0
1997-04-17 02:00:00,15.2,36,1.7,230,0,0,0
1997-04-17 03:00:00,14.3,41,2.1,280,0,0,0
1997-04-17 04:00:00,13.0,51,1.5,280,0,0,0
1997-04-17 05:00:00,11.6,55,1.9,290,0,0,0
1997-04-17 06:00:00,10.6,59,2.3,290,3,0,3
1997-04-17 07:00:00,11.3,61,2.7,300,53,34,47
1997-04-17 08:00:00,12.0,58,3.1,300,137,34,124
1997-04-17 09:00:00,12.8,55,3.9,320,163,30,146
1997-04-17 10:00:00,13.0,54,4.6,340,196,0,196
1997-04-17 11:00:00,12.3,55,4.1,340,233,0,233
1997-04-17 12:00:00,11.1,57,3.6,330,255,0,255
1997-04-17 13:00:00,10.0,62,3.1,330,258,0,258
1997-04-17 14:00:00,12.0,54,3.1,310,356,43,320
1997-04-17 15:00:00,12.0,52,4.1,320,381,47,346
1997-04-17 16:00:00,11.1,50,5.1,330,184,14,175
1997-04-17 17:00:00,10.2,49,6.2,330,165,14,159
1997-04-17 18:00:00,9.0,49,7.2,340,51,0,51
1997-04-17 19:00:00,7.3,55,7.2,340,15,0,15
1997-04-17 20:00:00,6.3,57,7.2,340,0,0,0
1997-04-17 21:00:00,5.6,59,7.2,340,0,0,0
1997-04-17 22:00:00,5.0,61,7.2,340,0,0,0
1997-04-17 23:00:00,4.5,63,7.2,340,0,0,0
1997-04-18 00:00:00,3.9,63,7.2,340,0,0,0
1997-04-18 01:00:00,3.5,64,7.2,340,0,0,0
1997-04-18 02:00:00,3.2,64,7.2,340,0,0,0
1997-04-18 03:00:00,2.8,63,7.2,340,0,0,0
1997-04-18 04:00:00,2.7,64,7.2,340,0,0,0
1997-04-18 05:00:00,2.3,63,7.2,340,0,0,0
1997-04-18 06:00:00,2.3,62,7.2,340,3,0,3
1997-04-18 07:00:00,4.0,59,7.2,340,46,0,46
1997-04-18 08:00:00,5.3,51,7.8,340,105,29,93
1997-04-18 09:00:00,6.7,46,8.4,340,161,81,116
1997-04-18 10:00:00,7.4,45,9.1,330,241,34,216
1997-04-18 11:00:00,8.5,41,9.7,330,284,24,265
1997-04-18 12:00:00,9.0,38,10.3,330,313,0,312
1997-04-18 13:00:00,8.7,37,11.7,300,491,22,472
1997-04-18 14:00:00,9.3,37,10.1,330,556,122,454
1997-04-18 15:00:00,9.0,37,10.5,340,477,214,317
1997-04-18 16:00:00,8.7,36,10.8,320,321,156,225
1997-04-18 17:00:00,8.3,35,9.7,310,236,177,157
1997-04-18 18:00:00,8.0,34,8.1,310,120,127,87
1997-04-18 19:00:00,7.7,34,5.9,110,31,7,30
1997-04-18 20:00:00,7.3,33,7.3,320,0,0,0
1997-04-18 21:00:00,7.0,32,7.8,280,0,0,0
1997-04-18 22:00:00,6.7,32,7.0,350,0,0,0
1997-04-18 23:00:00,6.3,31,8.0,340,0,0,0
1997-04-19 00:00:00,6.0,30,8.4,330,0,0,0
1997-04-19 01:00:00,5.7,30,8.3,350,0,0,0
1997-04-19 02:00:00,5.3,29,7.7,310,0,0,0
1997-04-19 03:00:00,5.0,28,7.6,300,0,0,0
1997-04-19 04:00:00,4.7,28,7.9,340,0,0,0
1997-04-19 05:00:00,4.3,27,8.8,330,0,0,0
1997-04-19 06:00:00,5.0,27,7.7,330,7,57,5
1997-04-19 07:00:00,5.1,28,7.9,30,128,477,40
1997-04-19 08:00:00,5.2,28,5.6,360,337,722,63
1997-04-19 09:00:00,6.3,29,5.3,360,548,837,84
1997-04-19 10:00:00,6.3,30,7.0,110,730,898,100
1997-04-19 11:00:00,7.4,29,4.7,10,864,931,110
1997-04-19 12:00:00,9.5,28,6.3,130,940,947,115
1997-04-19 13:00:00,9.6,29,7.6,150,952,950,116
1997-04-19 14:00:00,11.7,28,6.2,160,901,939,113
1997-04-19 15:00:00,11.8,28,7.5,180,788,913,104
1997-04-19 16:00:00,11.9,29,6.7,190,624,864,91
1997-04-19 17:00:00,12.0,29,7.9,200,422,776,72
1997-04-19 18:00:00,12.0,30,6.6,200,207,599,49
1997-04-19 19:00:00,10.1,35,5.8,220,35,197,19
1997-04-19 20:00:00,8.2,38,4.9,220,0,0,0
1997-04-19 21:00:00,7.3,38,5.7,240,0,0,0
1997-04-19 22:00:00,7.4,39,4.3,240,0,0,0
1997-04-19 23:00:00,7.0,39,3.0,240,0,0,0
1997-04-20 00:00:00,6.6,39,0.6,70,0,0,0
1997-04-20 01:00:00,6.7,40,1.8,260,0,0,0
1997-04-20 02:00:00,6.6,41,0.0,0,0,0,0
1997-04-20 03:00:00,6.6,42,2.7,290,0,0,0
1997-04-20 04:00:00,6.9,43,0.9,260,0,0,0
1997-04-20 05:00:00,4.0,42,2.1,280,0,0,0
1997-04-20 06:00:00,4.3,38,0.0,0,8,73,5
1997-04-20 07:00:00,7.6,30,1.7,300,134,506,38
1997-04-20 08:00:00,10.9,27,2.3,290,343,740,60
1997-04-20 09:00:00,11.1,25,0.8,350,553,847,80
1997-04-20 10:00:00,14.4,20,4.0,360,732,905,94
1997-04-20 11:00:00,14.7,18,1.9,360,864,936,104
1997-04-20 12:00:00,16.0,16,4.6,330,939,950,109
1997-04-20 13:00:00,17.3,14,6.4,340,950,951,110
1997-04-20 14:00:00,18.0,12,8.2,350,898,941,106
1997-04-20 15:00:00,18.0,13,6.7,340,786,915,98
1997-04-20 16:00:00,16.1,14,6.1,290,623,868,86
1997-04-20 17:00:00,15.3,17,5.5,240,423,783,68
1997-04-20 18:00:00,14.4,20,4.9,190,210,614,47
1997-04-20 19:00:00,12.7,24,4.3,140,37,221,19
1997-04-20 20:00:00,11.6,28,3.7,80,0,0,0
1997-04-20 21:00:00,9.8,35,3.2,30,0,0,0
1997-04-20 22:00:00,7.9,44,2.7,340,0,0,0
1997-04-20 23:00:00,7.0,52,2.1,280,0,0,0
1997-04-21 00:00:00,5.8,55,1.9,260,0,0,0
1997-04-21 01:00:00,4.9,60,1.7,240,0,0,0
1997-04-21 02:00:00,4.0,64,1.5,220,0,0,0
1997-04-21 03:00:00,3.0,68,2.1,260,0,0,0
1997-04-21 04:00:00,3.4,67,3.3,310,0,0,0
1997-04-21 05:00:00,1.8,70,3.5,360,0,0,0
1997-04-21 06:00:00,0.1,80,2.2,40,8,50,6
1997-04-21 07:00:00,3.5,69,0.0,0,100,103,80
1997-04-21 08:00:00,6.9,64,1.5,160,141,97,104
1997-04-21 09:00:00,9.3,64,1.7,250,297,176,198
1997-04-21 10:00:00,9.6,63,3.4,250,534,265,346
1997-04-21 11:00:00,10.0,62,2.6,290,242,0,242
1997-04-21 12:00:00,10.7,63,1.4,240,343,45,303
1997-04-21 13:00:00,11.3,60,3.2,200,628,206,445
1997-04-21 14:00:00,13.0,61,1.1,140,429,125,323
1997-04-21 15:00:00,10.7,71,1.4,120,445,170,316
1997-04-21 16:00:00,10.3,72,0.0,0,567,530,237
1997-04-21 17:00:00,9.0,83,0.5,70,377,345,220
1997-04-21 18:00:00,8.7,84,0.0,0,181,143,143
1997-04-21 19:00:00,7.3,92,0.0,0,35,88,28
1997-04-21 20:00:00,7.0,87,0.0,0,0,0,0
1997-04-21 21:00:00,6.0,90,0.0,0,0,0,0
1997-04-21 22:00:00,5.1,92,0.0,0,0,0,0
1997-04-21 23:00:00,4.2,95,0.0,0,0,0,0
1997-04-22 00:00:00,3.3,94,0.0,0,0,0,0
1997-04-22 01:00:00,2.7,94,0.0,0,0,0,0
1997-04-22 02:00:00,2.0,93,0.0,0,0,0,0
1997-04-22 03:00:00,2.6,93,0.0,0,0,0,0
1997-04-22 04:00:00,3.4,94,0.0,0,0,0,0
1997-04-22 05:00:00,4.0,93,0.0,0,0,0,0
1997-04-22 06:00:00,4.0,87,0.0,0,3,0,3
1997-04-22 07:00:00,6.0,86,0.0,0,41,0,41
1997-04-22 08:00:00,10.0,60,0.7,20,213,142,157
1997-04-22 09:00:00,11.0,64,0.0,0,396,205,279
1997-04-22 10:00:00,10.0,72,0.0,0,371,282,170
1997-04-22 11:00:00,11.0,66,0.0,0,789,692,223
1997-04-22 12:00:00,14.0,50,5.4,30,573,510,125
1997-04-22 13:00:00,17.0,44,6.3,70,726,556,232
1997-04-22 14:00:00,17.0,46,5.5,80,579,486,167
1997-04-22 15:00:00,17.0,46,5.3,130,730,849,88
1997-04-22 16:00:00,17.0,45,2.6,150,625,875,78
1997-04-22 17:00:00,16.6,46,2.5,160,404,663,99
1997-04-22 18:00:00,15.8,49,2.4,160,158,222,97
1997-04-22 19:00:00,14.0,55,2.2,170,27,76,21
1997-04-22 20:00:00,13.0,58,2.1,170,0,0,0
1997-04-22 21:00:00,12.0,62,1.5,180,0,0,0
1997-04-22 22:00:00,11.5,67,0.8,90,0,0,0
1997-04-22 23:00:00,11.0,71,0.0,0,0,0,0
1997-04-23 00:00:00,10.5,73,0.0,0,0,0,0
1997-04-23 01:00:00,10.3,75,0.0,0,0,0,0
1997-04-23 02:00:00,10.0,76,0.0,0,0,0,0
1997-04-23 03:00:00,10.0,82,0.0,0,0,0,0
1997-04-23 04:00:00,10.2,79,1.1,10,0,0,0
1997-04-23 05:00:00,10.0,76,2.1,10,0,0,0
1997-04-23 06:00:00,8.8,83,2.1,20,8,4,8
1997-04-23 07:00:00,9.3,86,2.1,40,75,43,66
1997-04-23 08:00:00,9.7,83,2.1,50,83,15,77
1997-04-23 09:00:00,10.2,83,2.1,70,239,104,179
1997-04-23 10:00:00,10.0,87,2.1,80,204,0,204
1997-04-23 11:00:00,11.0,76,3.1,90,438,15,426
1997-04-23 12:00:00,11.4,67,4.1,90,358,112,259
1997-04-23 13:00:00,12.0,62,5.1,100,608,116,504
1997-04-23 14:00:00,13.0,58,4.6,80,546,53,501
1997-04-23 15:00:00,12.9,56,4.6,90,275,91,206
1997-04-23 16:00:00,12.0,54,4.6,100,174,0,174
1997-04-23 17:00:00,12.0,54,4.6,130,117,0,117
1997-04-23 18:00:00,11.5,57,4.5,150,40,0,40
1997-04-23 19:00:00,10.2,63,4.4,180,13,0,13
1997-04-23 20:00:00,9.5,66,4.3,200,0,0,0
1997-04-23 21:00:00,8.9,69,3.9,240,0,0,0
1997-04-23 22:00:00,8.5,72,3.5,220,0,0,0
1997-04-23 23:00:00,8.1,76,3.0,210,0,0,0
1997-04-24 00:00:00,7.6,78,2.8,240,0,0,0
1997-04-24 01:00:00,7.4,81,2.6,280,0,0,0
1997-04-24 02:00:00,7.2,82,2.3,320,0,0,0
1997-04-24 03:00:00,7.0,87,2.1,350,0,0,0
1997-04-24 04:00:00,7.1,90,1.9,320,0,0,0
1997-04-24 05:00:00,6.8,93,1.7,290,0,0,0
1997-04-24 06:00:00,7.0,93,1.5,260,6,0,6
1997-04-24 07:00:00,8.4,92,1.1,280,68,26,63
1997-04-24 08:00:00,9.7,84,0.8,300,231,158,168
1997-04-24 09:00:00,11.0,80,0.4,310,473,217,348
1997-04-24 10:00:00,10.6,83,0.5,320,264,95,195
1997-04-24 11:00:00,11.0,77,1.0,320,172,0,172
1997-04-24 12:00:00,10.2,81,3.0,330,186,0,186
1997-04-24 13:00:00,11.2,76,2.9,360,269,0,269
1997-04-24 14:00:00,12.0,71,2.1,360,255,0,255
1997-04-24 15:00:00,13.1,67,2.3,340,225,0,225
1997-04-24 16:00:00,13.3,64,2.4,330,180,0,180
1997-04-24 17:00:00,13.6,62,2.6,310,124,0,124
1997-04-24 18:00:00,13.4,62,2.8,290,64,0,64
1997-04-24 19:00:00,12.4,66,2.9,280,17,0,17
1997-04-24 20:00:00,12.0,67,3.1,260,0,0,0
1997-04-24 21:00:00,11.6,67,3.1,260,0,0,0
1997-04-24 22:00:00,11.3,67,3.1,250,0,0,0
1997-04-24 23:00:00,11.0,66,3.1,250,0,0,0
1997-04-25 00:00:00,10.4,67,2.8,260,0,0,0
1997-04-25 01:00:00,10.1,69,2.6,270,0,0,0
1997-04-25 02:00:00,9.8,69,2.3,280,0,0,0
1997-04-25 03:00:00,9.4,69,2.0,280,0,0,0
1997-04-25 04:00:00,9.4,70,1.8,290,0,0,0
1997-04-25 05:00:00,9.0,71,1.5,300,0,0,0
1997-04-25 06:00:00,9.5,68,1.5,300,10,16,9
1997-04-25 07:00:00,11.7,63,1.5,310,123,292,62
1997-04-25 08:00:00,13.8,54,1.5,310,320,454,137
1997-04-25 09:00:00,16.0,48,1.5,310,544,729,124
1997-04-25 10:00:00,15.3,49,2.3,290,579,200,434
1997-04-25 11:00:00,15.0,48,3.1,260,241,0,241
1997-04-25 12:00:00,13.0,58,6.7,280,261,0,261
1997-04-25 13:00:00,14.2,55,6.3,300,216,45,175
1997-04-25 14:00:00,14.8,51,5.9,310,303,29,277
1997-04-25 15:00:00,15.5,50,5.4,330,392,122,298
1997-04-25 16:00:00,15.2,48,5.0,340,288,63,248
1997-04-25 17:00:00,15.0,48,4.6,360,218,108,168
1997-04-25 18:00:00,14.5,50,4.2,350,117,67,98
1997-04-25 19:00:00,13.1,55,3.8,340,33,14,32
1997-04-25 20:00:00,12.4,57,3.4,330,0,0,0
1997-04-25 21:00:00,11.9,59,3.1,320,0,0,0
1997-04-25 22:00:00,11.7,60,2.7,310,0,0,0
1997-04-25 23:00:00,11.4,62,2.3,300,0,0,0
1997-04-26 00:00:00,11.1,62,1.9,290,0,0,0
1997-04-26 01:00:00,11.0,62,1.5,280,0,0,0
1997-04-26 02:00:00,10.5,62,0.8,320,0,0,0
1997-04-26 03:00:00,10.0,62,0.0,0,0,0,0
1997-04-26 04:00:00,9.1,67,0.7,330,0,0,0
1997-04-26 05:00:00,7.8,72,1.4,310,0,0,0
1997-04-26 06:00:00,7.0,76,2.1,280,15,101,9
1997-04-26 07:00:00,10.0,64,2.3,290,155,524,43
1997-04-26 08:00:00,13.0,51,2.4,310,364,736,66
1997-04-26 09:00:00,16.0,42,2.6,320,571,837,86
1997-04-26 10:00:00,17.0,42,2.3,250,748,893,101
1997-04-26 11:00:00,18.0,37,2.0,280,843,883,110
1997-04-26 12:00:00,18.6,35,0.1,190,950,938,116
1997-04-26 13:00:00,19.6,34,1.9,170,904,847,144
1997-04-26 14:00:00,20.0,34,0.0,0,822,726,200
1997-04-26 15:00:00,19.9,34,1.2,40,525,527,121
1997-04-26 16:00:00,21.0,34,0.3,350,606,667,182
1997-04-26 17:00:00,20.4,33,0.0,0,437,775,74
1997-04-26 18:00:00,19.2,36,0.0,0,109,93,82
1997-04-26 19:00:00,16.9,40,0.0,0,41,187,24
1997-04-26 20:00:00,15.1,42,0.0,0,0,0,0
1997-04-26 21:00:00,14.4,42,0.0,0,0,0,0
1997-04-26 22:00:00,13.2,47,0.0,0,0,0,0
1997-04-26 23:00:00,9.9,64,0.0,0,0,0,0
1997-04-27 00:00:00,9.2,64,0.0,0,0,0,0
1997-04-27 01:00:00,8.0,71,0.0,0,0,0,0
1997-04-27 02:00:00,7.5,71,0.0,0,0,0,0
1997-04-27 03:00:00,7.0,70,0.0,0,0,0,0
1997-04-27 04:00:00,6.0,75,0.0,0,0,0,0
1997-04-27 05:00:00,6.5,71,0.0,0,0,0,0
1997-04-27 06:00:00,7.4,65,0.0,0,15,72,11
1997-04-27 07:00:00,10.0,57,0.0,0,151,461,50
1997-04-27 08:00:00,14.0,47,2.1,60,356,680,78
1997-04-27 09:00:00,16.5,46,1.7,90,532,743,99
1997-04-27 10:00:00,20.1,38,1.4,130,709,753,161
1997-04-27 11:00:00,21.0,30,1.1,140,760,496,347
1997-04-27 12:00:00,20.7,33,0.8,160,437,140,312
1997-04-27 13:00:00,21.0,34,0.7,190,188,0,188
1997-04-27 14:00:00,20.7,38,0.6,220,499,141,377
1997-04-27 15:00:00,20.4,35,0.5,250,234,38,204
1997-04-27 16:00:00,19.6,37,0.5,270,224,0,224
1997-04-27 17:00:00,19.3,39,0.4,310,154,0,154
1997-04-27 18:00:00,17.3,45,0.6,330,44,0,44
1997-04-27 19:00:00,14.8,55,0.7,360,37,64,31
1997-04-27 20:00:00,14.0,59,0.9,20,0,0,0
1997-04-27 21:00:00,12.0,75,1.0,40,0,0,0
1997-04-27 22:00:00,10.7,92,1.2,60,0,0,0
1997-04-27 23:00:00,10.4,92,1.3,90,0,0,0
1997-04-28 00:00:00,9.0,93,1.5,110,0,0,0
1997-04-28 01:00:00,9.3,93,1.9,130,0,0,0
1997-04-28 02:00:00,9.5,92,2.4,150,0,0,0
1997-04-28 03:00:00,9.7,92,2.8,180,0,0,0
1997-04-28 04:00:00,10.2,91,3.2,200,0,0,0
1997-04-28 05:00:00,10.4,90,3.7,220,0,0,0
1997-04-28 06:00:00,11.0,87,4.1,240,9,0,9
1997-04-28 07:00:00,12.7,87,4.0,240,49,5,47
1997-04-28 08:00:00,14.3,80,3.9,230,96,31,83
1997-04-28 09:00:00,16.0,77,3.7,230,336,231,200
1997-04-28 10:00:00,17.0,77,3.6,220,391,88,326
1997-04-28 11:00:00,18.0,73,2.6,340,246,0,246
1997-04-28 12:00:00,19.8,66,3.7,260,539,56,488
1997-04-28 13:00:00,20.5,60,4.6,280,476,65,417
1997-04-28 14:00:00,21.3,62,5.6,290,293,129,181
1997-04-28 15:00:00,22.1,52,4.1,280,586,46,550
1997-04-28 16:00:00,20.8,62,5.5,290,195,38,170
1997-04-28 17:00:00,20.6,63,6.0,270,221,176,137
1997-04-28 18:00:00,19.4,61,4.0,280,150,148,107
1997-04-28 19:00:00,16.1,71,2.9,280,41,87,33
1997-04-28 20:00:00,11.9,89,2.9,300,0,0,0
1997-04-28 21:00:00,10.6,92,2.2,10,0,0,0
1997-04-28 22:00:00,8.4,100,2.8,60,0,0,0
1997-04-28 23:00:00,7.2,97,0.7,100,0,0,0
1997-04-29 00:00:00,5.9,100,0.6,100,0,0,0
1997-04-29 01:00:00,9.7,74,3.2,340,0,0,0
1997-04-29 02:00:00,8.5,76,2.7,320,0,0,0
1997-04-29 03:00:00,4.2,97,2.0,300,0,0,0
1997-04-29 04:00:00,7.0,70,2.6,320,0,0,0
1997-04-29 05:00:00,7.1,70,2.7,330,0,0,0
1997-04-29 06:00:00,7.6,68,2.9,340,15,27,13
1997-04-29 07:00:00,9.8,63,3.0,340,141,330,67
1997-04-29 08:00:00,12.0,54,3.1,350,343,565,108
1997-04-29 09:00:00,13.9,48,2.8,350,551,693,143
1997-04-29 10:00:00,15.3,45,2.6,340,729,766,168
1997-04-29 11:00:00,16.9,40,2.3,340,861,807,185
1997-04-29 12:00:00,18.0,36,2.0,340,934,826,193
1997-04-29 13:00:00,19.3,35,1.8,330,945,829,194
1997-04-29 14:00:00,20.0,32,1.5,330,892,815,188
1997-04-29 15:00:00,21.0,33,2.1,260,779,782,175
1997-04-29 16:00:00,21.0,32,2.4,200,615,721,152
1997-04-29 17:00:00,21.0,33,2.6,130,414,616,121
1997-04-29 18:00:00,19.0,34,2.6,170,205,426,81
1997-04-29 19:00:00,16.7,42,1.3,90,42,95,33
1997-04-29 20:00:00,15.0,48,0.0,0,0,0,0
1997-04-29 21:00:00,14.0,51,0.4,340,0,0,0
1997-04-29 22:00:00,13.1,55,0.8,330,0,0,0
1997-04-29 23:00:00,12.3,58,1.2,310,0,0,0
1997-04-30 00:00:00,11.4,60,1.6,300,0,0,0
1997-04-30 01:00:00,10.7,64,1.9,280,0,0,0
1997-04-30 02:00:00,10.1,66,2.3,260,0,0,0
1997-04-30 03:00:00,9.4,68,2.7,250,0,0,0
1997-04-30 04:00:00,9.0,71,3.1,230,0,0,0
1997-04-30 05:00:00,9.5,68,2.8,240,0,0,0
1997-04-30 06:00:00,10.4,64,2.4,240,21,150,12
1997-04-30 07:00:00,13.0,58,2.1,250,172,570,42
1997-04-30 08:00:00,17.0,52,2.6,260,381,760,62
1997-04-30 09:00:00,19.8,45,2.4,250,585,852,81
1997-04-30 10:00:00,22.0,41,2.1,240,758,902,94
1997-04-30 11:00:00,23.0,38,2.6,200,884,930,103
1997-04-30 12:00:00,23.9,34,3.4,160,955,943,108
1997-04-30 13:00:00,25.0,32,4.1,110,965,944,108
1997-04-30 14:00:00,25.4,33,4.4,120,912,933,105
1997-04-30 15:00:00,25.8,35,4.7,140,802,909,97
1997-04-30 16:00:00,25.3,38,5.1,150,643,866,85
1997-04-30 17:00:00,24.8,41,5.4,170,447,790,69
1997-04-30 18:00:00,24.0,47,5.7,180,237,644,48
1997-04-30 19:00:00,22.3,53,5.4,180,56,308,25
1997-04-30 20:00:00,21.3,56,5.1,190,0,5,0
1997-04-30 21:00:00,20.5,60,4.9,190,0,0,0
1997-04-30 22:00:00,20.1,63,4.6,190,0,0,0
1997-04-30 23:00:00,19.6,66,4.3,200,0,0,0
1997-05-01 00:00:00,19.2,68,4.0,200,0,0,0
1997-05-01 01:00:00,18.7,70,3.8,210,0,0,0
1997-05-01 02:00:00,18.3,72,3.5,210,0,0,0
1997-05-01 03:00:00,17.8,74,3.2,210,0,0,0
1997-05-01 04:00:00,17.4,76,2.9,220,0,0,0
1997-05-01 05:00:00,17.0,77,2.6,220,0,0,0
1997-05-01 06:00:00,16.0,82,3.3,240,20,89,14
1997-05-01 07:00:00,19.0,63,4.0,300,162,469,53
1997-05-01 08:00:00,21.0,63,4.6,360,323,474,122
1997-05-01 09:00:00,25.0,52,5.3,60,299,182,191
1997-05-01 10:00:00,26.0,43,5.5,90,666,542,266
1997-05-01 11:00:00,27.0,43,5.6,140,879,736,258
1997-05-01 12:00:00,28.0,35,5.7,170,339,0,339
1997-05-01 13:00:00,28.0,33,6.2,220,342,0,342
1997-05-01 14:00:00,27.0,34,6.7,260,457,169,310
1997-05-01 15:00:00,25.6,34,7.0,270,584,96,508
1997-05-01 16:00:00,23.7,35,7.3,270,536,469,234
1997-05-01 17:00:00,22.1,35,7.6,280,406,601,116
1997-05-01 18:00:00,19.2,37,7.9,280,220,498,73
1997-05-01 19:00:00,16.0,42,8.2,290,53,216,30
1997-05-01 20:00:00,14.6,42,8.7,290,0,1,0
1997-05-01 21:00:00,13.9,41,9.3,300,0,0,0
1997-05-01 22:00:00,13.0,41,9.8,300,0,0,0
1997-05-01 23:00:00,12.3,42,8.5,310,0,0,0
1997-05-02 00:00:00,12.0,44,7.2,310,0,0,0
1997-05-02 01:00:00,11.1,44,7.5,300,0,0,0
1997-05-02 02:00:00,11.2,46,6.7,280,0,0,0
1997-05-02 03:00:00,11.4,50,5.0,320,0,0,0
1997-05-02 04:00:00,11.5,48,5.2,220,0,0,0
1997-05-02 05:00:00,11.6,53,5.0,250,0,0,0
1997-05-02 06:00:00,12.7,51,5.1,220,20,62,16
1997-05-02 07:00:00,13.8,49,5.0,200,161,421,61
1997-05-02 08:00:00,13.9,54,4.3,220,367,638,95
1997-05-02 09:00:00,16.1,48,5.0,230,573,751,124
1997-05-02 10:00:00,18.2,44,5.3,220,748,815,144
1997-05-02 11:00:00,20.3,37,5.0,170,876,850,158
1997-05-02 12:00:00,21.4,33,5.3,200,947,866,165
1997-05-02 13:00:00,21.5,34,5.7,180,956,867,166
1997-05-02 14:00:00,21.6,35,2.8,190,903,854,161
1997-05-02 15:00:00,22.8,32,6.7,160,791,823,149
1997-05-02 16:00:00,22.9,32,3.8,150,629,769,131
1997-05-02 17:00:00,23.0,29,5.1,150,431,674,105
1997-05-02 18:00:00,21.8,30,5.1,160,222,500,72
1997-05-02 19:00:00,20.3,33,5.1,160,51,163,34
1997-05-02 20:00:00,19.0,34,5.1,170,0,0,0
1997-05-02 21:00:00,19.0,37,6.7,170,0,0,0
1997-05-02 22:00:00,18.4,41,5.9,170,0,0,0
1997-05-02 23:00:00,18.0,42,5.1,170,0,0,0
1997-05-03 00:00:00,17.3,48,4.9,170,0,0,0
1997-05-03 01:00:00,16.5,54,4.8,170,0,0,0
1997-05-03 02:00:00,15.9,60,4.6,170,0,0,0
1997-05-03 03:00:00,14.9,66,4.4,160,0,0,0
1997-05-03 04:00:00,14.4,73,4.3,160,0,0,0
1997-05-03 05:00:00,14.0,82,4.1,160,0,0,0
1997-05-03 06:00:00,14.7,84,4.6,160,11,2,11
1997-05-03 07:00:00,16.4,82,5.2,160,74,26,67
1997-05-03 08:00:00,18.0,77,5.7,160,177,56,153
1997-05-03 09:00:00,19.8,68,5.7,170,193,3,191
1997-05-03 10:00:00,21.6,61,5.7,180,238,0,237
1997-05-03 11:00:00,23.3,54,5.7,200,199,73,137
1997-05-03 12:00:00,24.5,48,5.7,210,463,254,233
1997-05-03 13:00:00,25.2,45,5.7,220,534,52,486
1997-05-03 14:00:00,26.0,42,5.7,230,430,63,375
1997-05-03 15:00:00,26.1,39,7.0,250,730,564,289
1997-05-03 16:00:00,25.6,37,8.3,270,471,453,176
1997-05-03 17:00:00,25.4,34,9.5,290,392,546,126
1997-05-03 18:00:00,24.0,34,10.8,310,240,611,56
1997-05-03 19:00:00,21.3,40,9.3,310,61,236,35
1997-05-03 20:00:00,18.8,45,7.7,300,0,3,0
1997-05-03 21:00:00,17.0,49,6.2,300,0,0,0
1997-05-03 22:00:00,15.0,55,4.6,290,0,0,0
1997-05-03 23:00:00,14.0,59,5.7,300,0,0,0
1997-05-04 00:00:00,13.1,56,6.2,310,0,0,0
1997-05-04 01:00:00,12.0,54,6.7,310,0,0,0
1997-05-04 02:00:00,11.1,57,6.7,310,0,0,0
1997-05-04 03:00:00,9.8,59,6.7,310,0,0,0
1997-05-04 04:00:00,9.0,61,6.7,310,0,0,0
1997-05-04 05:00:00,9.1,59,5.6,300,0,0,0
1997-05-04 06:00:00,10.0,54,4.6,290,13,0,13
1997-05-04 07:00:00,11.4,53,5.8,290,104,60,90
1997-05-04 08:00:00,12.8,49,7.0,300,203,86,166
1997-05-04 09:00:00,14.0,47,8.2,300,299,159,202
1997-05-04 10:00:00,14.0,44,8.7,300,554,161,434
1997-05-04 11:00:00,14.8,43,8.2,300,474,70,414
1997-05-04 12:00:00,15.1,40,7.7,310,448,0,448
1997-05-04 13:00:00,15.0,41,7.2,310,347,37,313
1997-05-04 14:00:00,14.1,43,10.0,350,321,131,206
1997-05-04 15:00:00,11.1,48,9.6,30,282,0,282
1997-05-04 16:00:00,8.2,75,6.7,360,224,0,224
1997-05-04 17:00:00,7.3,79,5.4,60,85,0,85
1997-05-04 18:00:00,7.4,77,3.0,120,43,0,43
1997-05-04 19:00:00,6.4,86,4.7,290,35,0,35
1997-05-04 20:00:00,6.5,78,2.3,80,0,0,0
1997-05-04 21:00:00,6.6,82,2.0,60,0,0,0
1997-05-04 22:00:00,6.6,80,1.6,40,0,0,0
1997-05-04 23:00:00,6.7,78,1.3,20,0,0,0
1997-05-05 00:00:00,6.8,76,1.0,360,0,0,0
1997-05-05 01:00:00,6.9,74,0.7,340,0,0,0
1997-05-05 02:00:00,4.9,72,0.3,320,0,0,0
1997-05-05 03:00:00,5.0,70,1.5,240,0,0,0
1997-05-05 04:00:00,5.7,67,2.2,240,0,0,0
1997-05-05 05:00:00,6.4,66,2.9,240,0,0,0
1997-05-05 06:00:00,8.0,61,3.6,240,26,117,17
1997-05-05 07:00:00,10.3,52,4.0,240,177,498,55
1997-05-05 08:00:00,12.6,43,4.3,240,388,703,83
1997-05-05 09:00:00,14.7,36,4.6,240,589,796,106
1997-05-05 10:00:00,16.7,31,5.0,240,762,853,124
1997-05-05 11:00:00,18.6,26,5.4,240,891,887,135
1997-05-05 12:00:00,20.0,22,5.7,240,912,848,140
1997-05-05 13:00:00,22.2,21,5.4,220,702,548,199
1997-05-05 14:00:00,22.2,20,5.1,210,488,312,215
1997-05-05 15:00:00,22.8,19,7.4,340,574,312,329
1997-05-05 16:00:00,22.9,20,7.6,340,361,131,275
1997-05-05 17:00:00,22.3,18,7.8,310,316,287,174
1997-05-05 18:00:00,21.2,20,7.0,280,129,25,121
1997-05-05 19:00:00,20.1,23,6.1,260,34,21,31
1997-05-05 20:00:00,19.6,24,4.7,290,0,1,0
1997-05-05 21:00:00,19.1,27,5.0,260,0,0,0
1997-05-05 22:00:00,18.5,31,4.7,260,0,0,0
1997-05-05 23:00:00,18.0,33,4.9,270,0,0,0
1997-05-06 00:00:00,18.0,37,4.1,240,0,0,0
1997-05-06 01:00:00,18.1,37,3.3,290,0,0,0
1997-05-06 02:00:00,18.2,38,4.0,340,0,0,0
1997-05-06 03:00:00,17.2,42,4.6,20,0,0,0
1997-05-06 04:00:00,16.7,46,5.3,60,0,0,0
1997-05-06 05:00:00,17.3,45,6.0,110,0,0,0
1997-05-06 06:00:00,17.9,44,8.2,310,20,19,18
1997-05-06 07:00:00,20.3,36,7.3,190,143,102,117
1997-05-06 08:00:00,20.9,37,8.0,240,248,235,145
1997-05-06 09:00:00,21.0,35,8.7,280,210,142,124
1997-05-06 10:00:00,22.0,29,11.3,270,647,615,185
1997-05-06 11:00:00,21.4,29,10.8,280,845,610,324
1997-05-06 12:00:00,20.4,30,10.3,300,873,709,227
1997-05-06 13:00:00,19.0,32,9.8,310,969,864,174
1997-05-06 14:00:00,19.0,32,9.8,300,916,852,169
1997-05-06 15:00:00,19.6,30,8.9,300,805,822,157
1997-05-06 16:00:00,19.6,28,8.0,310,642,768,138
1997-05-06 17:00:00,19.9,26,7.1,310,443,674,111
1997-05-06 18:00:00,19.0,26,6.2,310,232,502,77
1997-05-06 19:00:00,15.0,41,11.8,350,52,135,36
1997-05-06 20:00:00,13.3,48,10.3,350,0,0,0
1997-05-06 21:00:00,12.4,52,8.7,340,0,0,0
1997-05-06 22:00:00,11.3,57,7.2,340,0,0,0
1997-05-06 23:00:00,10.3,61,5.7,340,0,0,0
1997-05-07 00:00:00,9.8,65,4.1,330,0,0,0
1997-05-07 01:00:00,9.0,71,2.6,330,0,0,0
1997-05-07 02:00:00,11.1,57,3.5,350,0,0,0
1997-05-07 03:00:00,7.4,73,0.3,40,0,0,0
1997-05-07 04:00:00,5.0,92,0.2,50,0,0,0
1997-05-07 05:00:00,5.4,82,1.5,350,0,0,0
1997-05-07 06:00:00,6.3,80,0.0,0,24,38,21
1997-05-07 07:00:00,10.4,65,1.2,340,162,344,76
1997-05-07 08:00:00,13.0,51,2.6,360,367,562,120
1997-05-07 09:00:00,15.0,41,3.6,320,575,685,156
1997-05-07 10:00:00,16.0,36,3.1,330,743,589,299
1997-05-07 11:00:00,17.5,32,4.7,330,723,439,347
1997-05-07 12:00:00,18.6,28,6.2,340,799,499,344
1997-05-07 13:00:00,19.3,27,7.8,340,927,756,231
1997-05-07 14:00:00,20.0,24,9.3,340,912,805,204
1997-05-07 15:00:00,20.4,22,7.1,330,798,772,189
1997-05-07 16:00:00,19.9,20,5.7,330,634,712,166
1997-05-07 17:00:00,19.7,19,4.3,330,380,504,130
1997-05-07 18:00:00,18.2,18,2.9,330,210,377,93
1997-05-07 19:00:00,15.7,22,4.9,340,52,80,42
1997-05-07 20:00:00,14.5,21,3.3,330,0,0,0
1997-05-07 21:00:00,14.0,19,1.5,320,0,0,0
1997-05-07 22:00:00,12.2,24,1.3,330,0,0,0
1997-05-07 23:00:00,10.6,28,1.1,330,0,0,0
1997-05-08 00:00:00,9.3,33,0.9,340,0,0,0
1997-05-08 01:00:00,7.9,40,0.6,340,0,0,0
1997-05-08 02:00:00,6.7,47,0.4,350,0,0,0
1997-05-08 03:00:00,5.1,55,0.2,350,0,0,0
1997-05-08 04:00:00,4.0,64,0.0,0,0,0,0
1997-05-08 05:00:00,3.9,68,1.6,300,0,0,0
1997-05-08 06:00:00,7.1,50,0.1,10,26,55,22
1997-05-08 07:00:00,10.3,39,0.2,20,171,386,72
1997-05-08 08:00:00,11.9,32,2.3,50,378,599,113
1997-05-08 09:00:00,12.4,35,1.8,70,585,715,146
1997-05-08 10:00:00,12.8,37,2.4,70,760,782,170
1997-05-08 11:00:00,14.4,41,3.0,130,888,819,186
1997-05-08 12:00:00,14.8,41,4.0,140,959,836,194
1997-05-08 13:00:00,16.4,39,2.0,190,967,837,195
1997-05-08 14:00:00,18.0,32,4.1,170,913,823,189
1997-05-08 15:00:00,18.0,37,2.6,160,800,790,175
1997-05-08 16:00:00,16.9,45,2.6,170,586,593,194
1997-05-08 17:00:00,16.1,53,2.6,190,299,133,233
1997-05-08 18:00:00,14.0,67,2.6,200,65,0,65
1997-05-08 19:00:00,12.9,78,2.9,200,30,0,30
1997-05-08 20:00:00,12.0,88,3.1,190,0,0,0
1997-05-08 21:00:00,11.8,89,3.0,190,0,0,0
1997-05-08 22:00:00,11.4,92,2.9,200,0,0,0
1997-05-08 23:00:00,11.2,92,2.8,200,0,0,0
1997-05-09 00:00:00,11.3,92,2.7,210,0,0,0
1997-05-09 01:00:00,11.3,92,2.5,210,0,0,0
1997-05-09 02:00:00,11.5,91,2.4,220,0,0,0
1997-05-09 03:00:00,11.3,90,2.3,220,0,0,0
1997-05-09 04:00:00,11.6,88,2.2,230,0,0,0
1997-05-09 05:00:00,12.0,88,2.1,230,0,0,0
1997-05-09 06:00:00,12.4,88,2.2,230,33,182,18
1997-05-09 07:00:00,13.6,87,2.4,230,187,457,69
1997-05-09 08:00:00,14.9,81,2.5,220,314,347,159
1997-05-09 09:00:00,16.0,77,2.6,220,573,591,209
1997-05-09 10:00:00,17.1,73,3.4,220,539,219,373
1997-05-09 11:00:00,18.7,62,3.9,210,324,0,324
1997-05-09 12:00:00,19.7,53,4.4,200,347,0,347
1997-05-09 13:00:00,20.3,49,4.8,190,609,241,386
1997-05-09 14:00:00,21.0,43,5.3,170,463,89,384
1997-05-09 15:00:00,21.4,40,8.0,200,532,323,275
1997-05-09 16:00:00,21.4,37,10.7,220,382,206,245
1997-05-09 17:00:00,20.4,36,7.7,250,366,171,281
1997-05-09 18:00:00,18.4,39,7.8,250,117,6,115
1997-05-09 19:00:00,16.1,46,7.8,260,55,38,50
1997-05-09 20:00:00,14.0,51,7.7,320,0,0,0
1997-05-09 21:00:00,13.1,53,7.3,320,0,0,0
1997-05-09 22:00:00,12.1,56,6.8,310,0,0,0
1997-05-09 23:00:00,11.3,57,6.4,310,0,0,0
1997-05-10 00:00:00,10.8,59,5.9,300,0,0,0
1997-05-10 01:00:00,10.2,60,5.5,300,0,0,0
1997-05-10 02:00:00,9.8,61,5.0,290,0,0,0
1997-05-10 03:00:00,9.0,61,4.6,290,0,0,0
1997-05-10 04:00:00,9.0,61,4.1,280,0,0,0
1997-05-10 05:00:00,8.5,62,5.5,300,0,0,0
1997-05-10 06:00:00,8.6,62,5.2,300,12,0,12
1997-05-10 07:00:00,8.1,62,4.7,290,36,0,36
1997-05-10 08:00:00,9.2,58,6.5,310,77,0,77
1997-05-10 09:00:00,12.1,52,5.9,280,118,0,118
1997-05-10 10:00:00,13.8,49,5.7,300,152,0,152
1997-05-10 11:00:00,15.5,46,5.5,260,177,0,177
1997-05-10 12:00:00,15.6,44,6.4,240,191,0,191
1997-05-10 13:00:00,15.6,45,5.7,250,886,541,385
1997-05-10 14:00:00,16.8,42,9.7,320,654,234,446
1997-05-10 15:00:00,14.6,42,9.2,320,467,212,299
1997-05-10 16:00:00,10.8,54,8.6,310,185,0,185
1997-05-10 17:00:00,11.4,52,8.2,310,128,0,128
1997-05-10 18:00:00,12.0,50,6.7,310,68,0,68
1997-05-10 19:00:00,10.9,55,6.7,310,55,58,48
1997-05-10 20:00:00,9.9,59,6.7,310,0,0,0
1997-05-10 21:00:00,9.6,60,6.7,310,0,0,0
1997-05-10 22:00:00,9.2,62,6.7,310,0,0,0
1997-05-10 23:00:00,9.0,61,6.7,310,0,0,0
1997-05-11 00:00:00,8.4,63,5.9,300,0,0,0
1997-05-11 01:00:00,7.7,64,5.1,300,0,0,0
1997-05-11 02:00:00,7.2,65,4.2,290,0,0,0
1997-05-11 03:00:00,6.4,65,3.4,290,0,0,0
1997-05-11 04:00:00,6.0,65,2.6,280,0,0,0
1997-05-11 05:00:00,6.9,62,2.9,270,0,0,0
1997-05-11 06:00:00,8.6,56,3.1,260,34,152,22
1997-05-11 07:00:00,11.3,49,3.4,250,196,528,57
1997-05-11 08:00:00,14.0,41,3.6,240,405,713,84
1997-05-11 09:00:00,16.0,39,6.2,310,609,809,107
1997-05-11 10:00:00,17.6,34,5.8,310,781,863,124
1997-05-11 11:00:00,19.0,29,5.5,300,907,894,135
1997-05-11 12:00:00,20.0,24,5.1,300,977,909,140
1997-05-11 13:00:00,20.0,24,6.2,330,986,910,141
1997-05-11 14:00:00,22.0,20,5.1,320,934,900,137
1997-05-11 15:00:00,22.3,19,5.5,320,824,874,127
1997-05-11 16:00:00,22.0,20,5.8,320,664,828,113
1997-05-11 17:00:00,22.0,20,6.2,320,468,747,92
1997-05-11 18:00:00,22.0,20,2.6,310,258,598,65
1997-05-11 19:00:00,18.9,26,2.4,300,74,287,36
1997-05-11 20:00:00,15.9,34,2.2,300,0,7,0
1997-05-11 21:00:00,13.6,41,1.9,290,0,0,0
1997-05-11 22:00:00,11.2,52,1.7,290,0,0,0
1997-05-11 23:00:00,9.0,61,1.5,280,0,0,0
1997-05-12 00:00:00,9.4,56,1.9,270,0,0,0
1997-05-12 01:00:00,9.6,51,2.2,250,0,0,0
1997-05-12 02:00:00,10.0,46,2.6,240,0,0,0
1997-05-12 03:00:00,9.3,47,3.6,250,0,0,0
1997-05-12 04:00:00,9.0,49,4.6,250,0,0,0
1997-05-12 05:00:00,10.6,47,4.4,250,0,0,0
1997-05-12 06:00:00,13.0,44,4.1,240,33,105,24
1997-05-12 07:00:00,15.5,42,4.4,240,189,462,66
1997-05-12 08:00:00,18.0,39,4.6,230,396,656,99
1997-05-12 09:00:00,20.5,34,5.1,220,600,760,127
1997-05-12 10:00:00,23.0,31,5.7,210,772,820,146
1997-05-12 11:00:00,24.7,30,6.5,220,898,853,159
1997-05-12 12:00:00,26.0,28,7.2,220,968,869,166
1997-05-12 13:00:00,26.3,24,8.1,240,967,861,166
1997-05-12 14:00:00,27.0,25,8.4,280,735,624,181
1997-05-12 15:00:00,25.6,24,6.3,220,771,774,153
1997-05-12 16:00:00,24.7,27,6.2,270,549,545,185
1997-05-12 17:00:00,24.3,29,6.6,310,377,440,154
1997-05-12 18:00:00,22.9,30,5.9,330,228,315,126
1997-05-12 19:00:00,20.9,38,3.2,50,68,194,42
1997-05-12 20:00:00,18.3,44,3.1,50,0,2,0
1997-05-12 21:00:00,16.9,44,3.0,50,0,0,0
1997-05-12 22:00:00,16.0,45,2.8,60,0,0,0
1997-05-12 23:00:00,13.0,54,2.7,60,0,0,0
1997-05-13 00:00:00,12.0,60,2.6,60,0,0,0
1997-05-13 01:00:00,11.7,58,2.5,70,0,0,0
1997-05-13 02:00:00,10.9,61,2.3,70,0,0,0
1997-05-13 03:00:00,11.0,60,4.3,310,0,0,0
1997-05-13 04:00:00,7.9,72,3.6,280,0,0,0
1997-05-13 05:00:00,7.1,78,4.6,330,0,0,0
1997-05-13 06:00:00,8.9,71,4.4,320,26,0,26
1997-05-13 07:00:00,13.0,58,4.1,320,73,0,73
1997-05-13 08:00:00,12.0,71,3.6,330,121,0,121
1997-05-13 09:00:00,10.0,87,2.1,330,169,0,169
1997-05-13 10:00:00,10.0,87,2.6,350,220,0,220
1997-05-13 11:00:00,11.0,82,2.5,330,258,0,258
1997-05-13 12:00:00,11.6,75,2.4,320,278,0,278
1997-05-13 13:00:00,11.8,74,2.3,300,281,0,281
1997-05-13 14:00:00,12.0,71,2.2,290,266,0,266
1997-05-13 15:00:00,12.0,71,2.1,270,233,0,233
1997-05-13 16:00:00,12.5,70,2.1,260,405,145,307
1997-05-13 17:00:00,13.4,66,2.1,240,377,249,250
1997-05-13 18:00:00,13.0,67,2.1,230,208,275,118
1997-05-13 19:00:00,11.0,82,2.6,160,49,5,48
1997-05-13 20:00:00,9.6,84,2.8,190,0,0,0
1997-05-13 21:00:00,8.9,81,2.9,230,0,0,0
1997-05-13 22:00:00,8.0,81,3.1,260,0,0,0
1997-05-13 23:00:00,9.0,76,3.1,230,0,0,0
1997-05-14 00:00:00,8.1,81,2.6,240,0,0,0
1997-05-14 01:00:00,7.0,87,2.1,250,0,0,0
1997-05-14 02:00:00,7.0,87,1.5,230,0,0,0
1997-05-14 03:00:00,7.0,87,3.6,250,0,0,0
1997-05-14 04:00:00,7.0,88,3.3,250,0,0,0
1997-05-14 05:00:00,7.1,90,2.9,240,0,0,0
1997-05-14 06:00:00,8.0,87,2.6,240,36,117,26
1997-05-14 07:00:00,11.2,74,2.6,230,194,473,66
1997-05-14 08:00:00,13.3,74,3.8,210,402,663,99
1997-05-14 09:00:00,16.5,63,3.8,260,604,765,125
1997-05-14 10:00:00,19.6,52,2.3,210,776,823,145
1997-05-14 11:00:00,21.8,48,2.8,190,901,856,158
1997-05-14 12:00:00,22.9,44,2.3,200,970,871,164
1997-05-14 13:00:00,24.1,43,2.4,200,978,872,165
1997-05-14 14:00:00,23.2,46,2.9,240,926,860,160
1997-05-14 15:00:00,17.4,64,2.9,250,816,831,149
1997-05-14 16:00:00,18.5,64,3.6,250,657,781,132
1997-05-14 17:00:00,18.7,62,2.5,280,462,694,107
1997-05-14 18:00:00,16.8,70,2.1,250,253,539,76
1997-05-14 19:00:00,15.0,67,2.1,250,74,237,41
1997-05-14 20:00:00,14.0,72,0.0,0,0,0,0
1997-05-14 21:00:00,14.1,71,1.3,300,0,0,0
1997-05-14 22:00:00,14.0,72,2.6,230,0,0,0
1997-05-14 23:00:00,13.8,72,2.9,230,0,0,0
1997-05-15 00:00:00,14.0,72,3.1,230,0,0,0
1997-05-15 01:00:00,13.6,74,2.3,260,0,0,0
1997-05-15 02:00:00,13.5,75,1.6,300,0,0,0
1997-05-15 03:00:00,13.0,76,0.8,330,0,0,0
1997-05-15 04:00:00,13.0,77,0.0,0,0,0,0
1997-05-15 05:00:00,13.0,82,3.1,230,0,0,0
1997-05-15 06:00:00,14.0,72,3.1,260,30,5,30
1997-05-15 07:00:00,16.0,60,3.1,300,152,167,107
1997-05-15 08:00:00,18.0,49,3.1,330,359,446,154
1997-05-15 09:00:00,19.0,41,4.4,300,561,570,203
1997-05-15 10:00:00,20.0,35,5.7,260,734,646,238
1997-05-15 11:00:00,22.0,31,4.6,270,862,691,261
1997-05-15 12:00:00,22.0,29,4.1,300,933,713,273
1997-05-15 13:00:00,22.9,27,4.8,270,907,681,271
1997-05-15 14:00:00,23.8,25,5.4,250,832,573,321
1997-05-15 15:00:00,23.8,25,5.0,260,729,530,303
1997-05-15 16:00:00,23.3,25,4.4,260,560,398,292
1997-05-15 17:00:00,22.6,26,4.9,290,387,300,233
1997-05-15 18:00:00,20.8,29,5.5,310,197,242,117
1997-05-15 19:00:00,18.1,33,5.6,310,53,22,50
1997-05-15 20:00:00,15.7,37,5.6,320,1,0,1
1997-05-15 21:00:00,14.0,39,5.5,330,0,0,0
1997-05-15 22:00:00,12.1,43,5.5,320,0,0,0
1997-05-15 23:00:00,10.4,46,5.6,300,0,0,0
1997-05-16 00:00:00,9.0,49,5.7,290,0,0,0
1997-05-16 01:00:00,7.5,52,5.3,260,0,0,0
1997-05-16 02:00:00,6.3,53,5.0,230,0,0,0
1997-05-16 03:00:00,4.7,55,4.6,200,0,0,0
1997-05-16 04:00:00,4.5,56,4.7,190,0,0,0
1997-05-16 05:00:00,4.4,58,4.7,190,0,0,0
1997-05-16 06:00:00,6.2,49,4.7,190,30,30,27
1997-05-16 07:00:00,9.1,47,5.4,220,111,121,78
1997-05-16 08:00:00,12.1,42,6.1,270,267,225,163
1997-05-16 09:00:00,14.7,39,6.8,300,381,229,237
1997-05-16 10:00:00,15.4,38,7.0,300,582,446,239
1997-05-16 11:00:00,16.1,37,7.1,290,558,265,326
1997-05-16 12:00:00,16.2,35,7.4,280,645,336,333
1997-05-16 13:00:00,16.8,34,7.5,280,851,564,324
1997-05-16 14:00:00,17.5,31,7.6,270,327,41,290
1997-05-16 15:00:00,18.0,30,7.7,280,338,95,262
1997-05-16 16:00:00,17.9,29,7.5,280,491,231,335
1997-05-16 17:00:00,18.1,27,7.4,290,375,419,159
1997-05-16 18:00:00,17.0,27,7.2,290,249,489,86
1997-05-16 19:00:00,14.8,32,5.9,280,73,194,45
1997-05-16 20:00:00,12.8,37,4.6,270,1,2,1
1997-05-16 21:00:00,11.5,40,3.4,250,0,0,0
1997-05-16 22:00:00,10.0,46,2.1,240,0,0,0
1997-05-16 23:00:00,9.8,46,2.4,240,0,0,0
1997-05-17 00:00:00,10.0,47,2.7,240,0,0,0
1997-05-17 01:00:00,9.9,49,3.0,240,0,0,0
1997-05-17 02:00:00,10.1,50,3.3,240,0,0,0
1997-05-17 03:00:00,10.0,50,3.6,240,0,0,0
1997-05-17 04:00:00,10.0,50,3.1,210,0,0,0
1997-05-17 05:00:00,10.0,54,3.1,250,0,0,0
1997-05-17 06:00:00,10.4,54,2.8,240,33,29,30
1997-05-17 07:00:00,11.7,54,2.4,220,119,113,87
1997-05-17 08:00:00,13.0,51,2.1,210,147,25,136
1997-05-17 09:00:00,14.7,47,2.6,220,272,59,234
1997-05-17 10:00:00,16.4,45,3.1,230,290,58,245
1997-05-17 11:00:00,17.9,43,3.6,230,379,62,325
1997-05-17 12:00:00,19.0,40,4.1,240,350,49,304
1997-05-17 13:00:00,20.1,41,3.5,240,348,0,348
1997-05-17 14:00:00,21.2,38,2.9,240,644,348,332
1997-05-17 15:00:00,22.3,34,3.0,240,318,136,208
1997-05-17 16:00:00,23.4,34,2.2,250,285,39,258
1997-05-17 17:00:00,22.5,35,0.2,250,268,83,224
1997-05-17 18:00:00,22.5,34,3.5,250,231,368,107
1997-05-17 19:00:00,20.6,43,0.5,240,67,106,52
1997-05-17 20:00:00,16.7,53,0.7,240,1,0,1
1997-05-17 21:00:00,15.8,55,0.8,230,0,0,0
1997-05-17 22:00:00,13.9,56,1.0,230,0,0,0
1997-05-17 23:00:00,14.0,55,2.6,210,0,0,0
1997-05-18 00:00:00,13.0,58,2.1,240,0,0,0
1997-05-18 01:00:00,11.9,62,1.6,270,0,0,0
1997-05-18 02:00:00,11.0,65,1.0,300,0,0,0
1997-05-18 03:00:00,9.8,68,0.5,330,0,0,0
1997-05-18 04:00:00,9.0,71,0.0,0,0,0,0
1997-05-18 05:00:00,9.1,78,0.0,0,0,0,0
1997-05-18 06:00:00,10.0,82,0.0,0,48,269,23
1997-05-18 07:00:00,15.0,59,2.1,80,218,609,48
1997-05-18 08:00:00,17.4,53,2.4,90,423,761,69
1997-05-18 09:00:00,19.5,49,2.6,100,619,841,86
1997-05-18 10:00:00,21.6,47,2.9,110,784,886,99
1997-05-18 11:00:00,23.5,44,3.1,110,905,912,108
1997-05-18 12:00:00,25.0,41,3.4,120,972,924,113
1997-05-18 13:00:00,26.0,42,3.6,130,981,925,113
1997-05-18 14:00:00,26.9,40,4.4,160,887,761,205
1997-05-18 15:00:00,27.7,40,5.2,180,710,660,176
1997-05-18 16:00:00,27.9,41,5.9,200,437,477,113
1997-05-18 17:00:00,28.4,41,6.7,230,329,394,125
1997-05-18 18:00:00,26.6,46,5.9,230,246,392,114
1997-05-18 19:00:00,24.5,53,5.1,230,89,222,56
1997-05-18 20:00:00,22.6,63,3.6,40,1,3,1
1997-05-18 21:00:00,22.3,68,4.1,20,0,0,0
1997-05-18 22:00:00,22.0,73,4.6,360,0,0,0
1997-05-18 23:00:00,22.3,71,4.1,360,0,0,0
1997-05-19 00:00:00,22.8,68,4.2,350,0,0,0
1997-05-19 01:00:00,23.2,67,4.2,330,0,0,0
1997-05-19 02:00:00,23.9,64,4.2,310,0,0,0
1997-05-19 03:00:00,24.2,61,4.3,330,0,0,0
1997-05-19 04:00:00,24.9,59,6.8,300,0,0,0
1997-05-19 05:00:00,25.7,57,6.3,300,0,0,0
1997-05-19 06:00:00,25.7,56,5.7,290,41,112,30
1997-05-19 07:00:00,26.5,53,5.0,280,167,291,85
1997-05-19 08:00:00,27.3,49,4.5,280,336,495,105
1997-05-19 09:00:00,28.0,45,5.7,290,601,751,124
1997-05-19 10:00:00,29.7,41,6.5,290,768,807,143
1997-05-19 11:00:00,31.3,37,7.2,280,890,839,156
1997-05-19 12:00:00,32.3,33,8.0,280,959,855,162
1997-05-19 13:00:00,33.0,32,8.7,270,968,857,163
1997-05-19 14:00:00,34.0,30,5.1,270,918,846,158
1997-05-19 15:00:00,34.0,30,5.1,240,811,820,148
1997-05-19 16:00:00,33.8,29,4.1,240,657,772,131
1997-05-19 17:00:00,34.0,26,3.1,230,467,691,107
1997-05-19 18:00:00,32.4,29,3.0,230,262,546,77
1997-05-19 19:00:00,30.6,34,2.9,220,83,264,44
1997-05-19 20:00:00,28.9,38,2.7,220,2,8,2
1997-05-19 21:00:00,27.8,41,2.6,210,0,0,0
1997-05-19 22:00:00,26.7,45,2.4,210,0,0,0
1997-05-19 23:00:00,24.5,52,2.2,190,0,0,0
1997-05-20 00:00:00,22.8,60,1.9,180,0,0,0
1997-05-20 01:00:00,20.9,70,1.6,160,0,0,0
1997-05-20 02:00:00,19.2,81,1.6,170,0,0,0
1997-05-20 03:00:00,18.0,88,1.5,190,0,0,0
1997-05-20 04:00:00,18.0,88,0.0,0,0,0,0
1997-05-20 05:00:00,18.4,81,0.0,0,0,0,0
1997-05-20 06:00:00,18.8,74,0.3,30,33,5,33
1997-05-20 07:00:00,19.1,68,0.0,0,130,103,101
1997-05-20 08:00:00,19.5,62,0.0,0,193,81,155
1997-05-20 09:00:00,19.9,53,0.0,0,276,73,229
1997-05-20 10:00:00,21.3,48,0.7,200,570,260,368
1997-05-20 11:00:00,20.7,44,2.1,230,770,567,273
1997-05-20 12:00:00,22.1,38,2.7,250,857,573,322
1997-05-20 13:00:00,22.4,37,3.2,270,893,644,287
1997-05-20 14:00:00,23.8,32,3.6,290,856,674,250
1997-05-20 15:00:00,24.0,29,4.1,310,790,684,236
1997-05-20 16:00:00,23.5,29,5.3,320,631,622,207
1997-05-20 17:00:00,23.4,28,6.5,340,437,520,165
1997-05-20 18:00:00,22.0,29,7.7,350,234,353,113
1997-05-20 19:00:00,19.4,34,8.0,350,71,102,55
1997-05-20 20:00:00,17.0,39,8.2,350,2,0,2
1997-05-20 21:00:00,16.0,42,9.3,340,0,0,0
1997-05-20 22:00:00,14.4,46,7.4,340,0,0,0
1997-05-20 23:00:00,13.1,47,5.5,330,0,0,0
1997-05-21 00:00:00,12.0,50,3.6,330,0,0,0
1997-05-21 01:00:00,11.4,54,3.1,320,0,0,0
1997-05-21 02:00:00,11.0,55,3.3,330,0,0,0
1997-05-21 03:00:00,10.2,57,3.5,350,0,0,0
1997-05-21 04:00:00,10.6,54,3.5,350,0,0,0
1997-05-21 05:00:00,11.0,53,3.4,340,0,0,0
1997-05-21 06:00:00,11.3,53,4.4,310,42,98,32
1997-05-21 07:00:00,12.7,55,3.4,330,198,419,78
1997-05-21 08:00:00,14.1,54,2.3,350,403,608,117
1997-05-21 09:00:00,14.5,53,2.2,360,605,715,149
1997-05-21 10:00:00,14.9,54,2.2,20,777,778,172
1997-05-21 11:00:00,16.5,53,3.5,10,902,815,187
1997-05-21 12:00:00,17.7,50,4.7,350,972,832,195
1997-05-21 13:00:00,18.2,44,5.5,360,982,835,196
1997-05-21 14:00:00,18.8,37,6.2,360,762,492,319
1997-05-21 15:00:00,19.2,32,6.9,360,766,626,257
1997-05-21 16:00:00,19.0,29,7.7,10,452,231,294
1997-05-21 17:00:00,19.2,24,8.4,10,361,239,236
1997-05-21 18:00:00,18.0,22,9.2,20,151,97,117
1997-05-21 19:00:00,16.2,27,8.2,360,69,93,55
1997-05-21 20:00:00,14.7,30,7.4,360,2,1,2
1997-05-21 21:00:00,13.8,33,6.5,350,0,0,0
1997-05-21 22:00:00,12.8,37,5.5,340,0,0,0
1997-05-21 23:00:00,12.0,40,4.6,330,0,0,0
1997-05-22 00:00:00,11.4,42,4.1,330,0,0,0
1997-05-22 01:00:00,10.5,45,3.6,330,0,0,0
1997-05-22 02:00:00,9.9,47,3.1,330,0,0,0
1997-05-22 03:00:00,9.0,49,2.6,330,0,0,0
1997-05-22 04:00:00,9.1,48,3.1,330,0,0,0
1997-05-22 05:00:00,9.2,48,3.6,330,0,3,0
1997-05-22 06:00:00,10.2,46,4.1,340,52,247,27
1997-05-22 07:00:00,12.1,43,4.6,340,225,591,55
1997-05-22 08:00:00,14.0,38,5.1,340,433,751,79
1997-05-22 09:00:00,15.5,35,5.6,340,633,836,99
1997-05-22 10:00:00,17.0,33,6.1,330,802,885,114
1997-05-22 11:00:00,18.3,30,6.7,330,925,912,123
1997-05-22 12:00:00,19.1,28,7.2,320,993,925,128
1997-05-22 13:00:00,19.5,28,7.7,320,1002,926,129
1997-05-22 14:00:00,20.0,26,8.2,310,951,916,125
1997-05-22 15:00:00,20.3,26,8.4,320,844,893,117
1997-05-22 16:00:00,20.0,26,8.5,330,688,851,104
1997-05-22 17:00:00,20.0,26,8.7,340,496,780,86
1997-05-22 18:00:00,18.5,28,6.9,340,288,650,63
1997-05-22 19:00:00,16.6,33,5.1,340,98,382,38
1997-05-22 20:00:00,15.0,36,3.3,340,3,29,2
1997-05-22 21:00:00,14.0,38,1.5,340,0,0,0
1997-05-22 22:00:00,12.7,42,1.7,340,0,0,0
1997-05-22 23:00:00,11.5,44,1.9,330,0,0,0
1997-05-23 00:00:00,10.7,47,2.2,330,0,0,0
1997-05-23 01:00:00,9.8,50,2.4,320,0,0,0
1997-05-23 02:00:00,9.0,53,2.6,320,0,0,0
1997-05-23 03:00:00,9.0,53,1.5,360,0,0,0
1997-05-23 04:00:00,8.5,55,2.3,350,0,0,0
1997-05-23 05:00:00,8.0,57,3.1,330,0,0,0
1997-05-23 06:00:00,10.0,50,3.6,330,46,122,33
1997-05-23 07:00:00,11.7,48,3.1,340,205,448,76
1997-05-23 08:00:00,13.5,44,2.6,350,410,630,112
1997-05-23 09:00:00,15.0,41,2.1,360,610,732,142
1997-05-23 10:00:00,16.9,39,2.6,340,780,792,163
1997-05-23 11:00:00,18.7,36,3.1,320,904,826,177
1997-05-23 12:00:00,20.0,32,3.6,300,972,842,184
1997-05-23 13:00:00,21.5,29,3.4,320,981,843,185
1997-05-23 14:00:00,23.0,25,3.1,330,930,831,180
1997-05-23 15:00:00,23.0,23,4.1,350,822,802,168
1997-05-23 16:00:00,23.5,24,3.4,350,665,751,149
1997-05-23 17:00:00,24.4,23,2.8,360,473,664,122
1997-05-23 18:00:00,24.0,24,2.1,360,266,514,88
1997-05-23 19:00:00,20.9,29,1.8,30,87,237,49
1997-05-23 20:00:00,18.0,34,1.5,50,3,6,3
1997-05-23 21:00:00,16.8,38,1.3,40,0,0,0
1997-05-23 22:00:00,15.4,43,1.2,40,0,0,0
1997-05-23 23:00:00,14.2,46,1.0,30,0,0,0
1997-05-24 00:00:00,13.3,51,0.8,30,0,0,0
1997-05-24 01:00:00,12.3,56,0.7,20,0,0,0
1997-05-24 02:00:00,11.5,60,0.5,20,0,0,0
1997-05-24 03:00:00,10.3,65,0.3,10,0,0,0
1997-05-24 04:00:00,9.6,70,0.2,10,0,0,0
1997-05-24 05:00:00,9.0,76,0.0,0,0,0,0
1997-05-24 06:00:00,11.5,68,0.0,0,46,114,34
1997-05-24 07:00:00,15.0,59,0.0,0,203,429,78
1997-05-24 08:00:00,18.6,45,0.8,30,404,610,115
1997-05-24 09:00:00,22.0,35,1.5,50,602,711,146
1997-05-24 10:00:00,23.9,34,1.5,90,770,771,168
1997-05-24 11:00:00,25.7,32,1.5,120,892,806,182
1997-05-24 12:00:00,27.0,30,1.5,160,960,822,190
1997-05-24 13:00:00,27.7,29,1.9,150,969,823,191
1997-05-24 14:00:00,28.5,27,2.2,130,918,811,185
1997-05-24 15:00:00,29.0,27,2.6,120,812,782,173
1997-05-24 16:00:00,28.8,30,3.4,160,657,730,154
1997-05-24 17:00:00,29.0,33,4.1,190,467,644,126
1997-05-24 18:00:00,26.8,38,2.7,250,263,494,90
1997-05-24 19:00:00,24.3,46,1.4,300,87,224,50
1997-05-24 20:00:00,22.0,53,0.0,0,3,5,3
1997-05-24 21:00:00,20.7,57,0.5,310,0,0,0
1997-05-24 22:00:00,19.3,64,1.0,250,0,0,0
1997-05-24 23:00:00,18.0,68,1.5,200,0,0,0
1997-05-25 00:00:00,18.3,71,3.4,200,0,0,0
1997-05-25 01:00:00,19.0,69,2.2,210,0,0,0
1997-05-25 02:00:00,20.2,65,2.6,220,0,0,0
1997-05-25 03:00:00,20.1,65,3.0,220,0,0,0
1997-05-25 04:00:00,19.7,66,5.5,250,0,0,0
1997-05-25 05:00:00,20.7,63,3.7,230,0,2,0
1997-05-25 06:00:00,22.0,60,4.1,240,57,151,41
1997-05-25 07:00:00,22.4,65,3.6,240,186,339,87
1997-05-25 08:00:00,22.8,66,3.1,240,398,609,108
1997-05-25 09:00:00,23.0,69,2.6,240,618,811,97
1997-05-25 10:00:00,24.5,69,1.9,230,715,740,137
1997-05-25 11:00:00,27.1,52,1.2,210,749,590,228
1997-05-25 12:00:00,26.9,52,3.1,160,494,215,292
1997-05-25 13:00:00,26.5,55,1.9,160,520,222,309
1997-05-25 14:00:00,26.0,58,0.2,130,420,145,288
1997-05-25 15:00:00,25.4,62,0.0,0,411,90,338
1997-05-25 16:00:00,22.9,76,0.9,50,140,0,140
1997-05-25 17:00:00,23.1,80,0.2,50,102,0,102
1997-05-25 18:00:00,22.0,88,0.0,0,86,0,86
1997-05-25 19:00:00,20.5,94,1.0,10,32,0,32
1997-05-25 20:00:00,19.2,96,2.1,10,2,0,2
1997-05-25 21:00:00,18.6,95,3.1,20,0,0,0
1997-05-25 22:00:00,17.8,95,4.1,20,0,0,0
1997-05-25 23:00:00,17.2,91,5.2,30,0,0,0
1997-05-26 00:00:00,17.0,88,6.2,30,0,0,0
1997-05-26 01:00:00,15.4,91,5.1,30,0,0,0
1997-05-26 02:00:00,14.0,94,4.1,30,0,0,0
1997-05-26 03:00:00,12.6,100,3.7,70,0,0,0
1997-05-26 04:00:00,11.6,100,3.4,100,0,0,0
1997-05-26 05:00:00,11.9,100,2.9,140,0,0,0
1997-05-26 06:00:00,12.2,100,2.5,180,27,9,26
1997-05-26 07:00:00,12.5,94,3.4,220,159,84,135
1997-05-26 08:00:00,13.9,82,4.5,260,221,98,174
1997-05-26 09:00:00,15.1,73,5.4,300,199,68,155
1997-05-26 10:00:00,17.0,68,4.1,360,220,53,178
1997-05-26 11:00:00,17.1,64,4.3,310,464,92,382
1997-05-26 12:00:00,19.3,53,3.5,280,558,242,331
1997-05-26 13:00:00,20.4,48,3.7,240,857,482,400
1997-05-26 14:00:00,21.6,42,3.5,170,831,597,290
1997-05-26 15:00:00,22.7,37,4.7,130,807,706,229
1997-05-26 16:00:00,23.9,35,6.9,90,647,722,148
1997-05-26 17:00:00,23.0,38,4.1,50,485,729,96
1997-05-26 18:00:00,22.0,31,3.1,60,284,601,71
1997-05-26 19:00:00,19.9,37,3.0,50,100,345,43
1997-05-26 20:00:00,17.9,43,2.9,50,4,24,3
1997-05-26 21:00:00,16.6,47,2.8,40,0,0,0
1997-05-26 22:00:00,15.2,54,2.7,40,0,0,0
1997-05-26 23:00:00,14.0,59,2.6,30,0,0,0
1997-05-27 00:00:00,14.0,51,4.6,30,0,0,0
1997-05-27 01:00:00,13.3,53,4.4,30,0,0,0
1997-05-27 02:00:00,12.9,53,4.3,30,0,0,0
1997-05-27 03:00:00,12.1,53,4.1,30,0,0,0
1997-05-27 04:00:00,11.7,54,3.9,30,0,0,0
1997-05-27 05:00:00,11.4,55,3.8,30,0,0,0
1997-05-27 06:00:00,12.0,54,3.6,30,44,55,38
1997-05-27 07:00:00,13.4,53,3.8,50,190,321,96
1997-05-27 08:00:00,14.8,50,3.9,60,391,510,147
1997-05-27 09:00:00,16.0,48,4.1,80,592,625,189
1997-05-27 10:00:00,18.5,42,5.5,350,763,695,219
1997-05-27 11:00:00,21.0,36,5.4,310,889,736,239
1997-05-27 12:00:00,22.5,36,5.2,300,960,756,249
1997-05-27 13:00:00,25.0,32,6.2,290,970,759,250
1997-05-27 14:00:00,25.5,34,7.1,310,919,745,243
1997-05-27 15:00:00,25.0,35,7.0,10,810,711,227
1997-05-27 16:00:00,25.5,35,6.3,320,652,652,200
1997-05-27 17:00:00,20.0,40,3.1,60,459,555,162
1997-05-27 18:00:00,20.3,43,4.1,220,254,394,113
1997-05-27 19:00:00,19.5,45,4.3,170,83,142,59
1997-05-27 20:00:00,16.8,51,1.7,340,4,1,4
1997-05-27 21:00:00,16.0,54,2.7,360,0,0,0
1997-05-27 22:00:00,16.3,53,2.8,70,0,0,0
1997-05-27 23:00:00,14.5,61,2.4,160,0,0,0
1997-05-28 00:00:00,12.8,64,1.9,100,0,0,0
1997-05-28 01:00:00,13.0,68,1.9,70,0,0,0
1997-05-28 02:00:00,10.3,72,1.9,50,0,0,0
1997-05-28 03:00:00,9.5,77,2.0,40,0,0,0
1997-05-28 04:00:00,7.8,81,0.0,0,0,0,0
1997-05-28 05:00:00,8.0,87,0.0,0,0,1,0
1997-05-28 06:00:00,9.7,78,0.5,310,53,168,34
1997-05-28 07:00:00,12.4,66,1.0,260,218,494,72
1997-05-28 08:00:00,15.0,55,1.5,210,424,667,104
1997-05-28 09:00:00,15.2,54,2.1,210,623,763,131
1997-05-28 10:00:00,16.4,40,2.7,210,792,820,150
1997-05-28 11:00:00,17.2,40,3.3,200,831,562,334
1997-05-28 12:00:00,17.8,40,4.1,170,834,563,303
1997-05-28 13:00:00,19.7,37,3.6,180,922,760,201
1997-05-28 14:00:00,20.9,35,3.2,180,946,860,165
1997-05-28 15:00:00,21.0,35,3.1,170,840,834,155
1997-05-28 16:00:00,19.7,39,3.0,190,685,787,138
1997-05-28 17:00:00,18.4,44,3.1,190,493,707,114
1997-05-28 18:00:00,18.2,44,3.0,210,286,566,83
1997-05-28 19:00:00,16.3,49,2.2,200,100,298,49
1997-05-28 20:00:00,15.0,53,1.4,190,5,14,4
1997-05-28 21:00:00,13.7,57,1.1,220,0,0,0
1997-05-28 22:00:00,12.3,61,1.3,230,0,0,0
1997-05-28 23:00:00,11.0,66,1.5,220,0,0,0
1997-05-29 00:00:00,11.0,66,1.5,180,0,0,0
1997-05-29 01:00:00,11.1,65,1.3,200,0,0,0
1997-05-29 02:00:00,10.7,69,1.0,160,0,0,0
1997-05-29 03:00:00,10.2,71,0.8,180,0,0,0
1997-05-29 04:00:00,10.3,72,2.6,180,0,0,0
1997-05-29 05:00:00,11.5,68,0.3,210,0,0,0
1997-05-29 06:00:00,11.0,73,1.0,190,52,148,36
1997-05-29 07:00:00,13.4,63,3.4,180,216,470,76
1997-05-29 08:00:00,14.0,63,2.1,180,422,647,111
1997-05-29 09:00:00,17.0,39,3.6,170,622,745,140
1997-05-29 10:00:00,18.3,37,3.8,170,790,802,161
1997-05-29 11:00:00,19.4,35,3.9,170,913,835,175
1997-05-29 12:00:00,20.0,32,4.1,170,982,850,182
1997-05-29 13:00:00,20.5,33,4.6,180,891,671,254
1997-05-29 14:00:00,21.0,33,5.1,180,874,632,300
1997-05-29 15:00:00,21.4,34,4.4,180,472,200,307
1997-05-29 16:00:00,21.3,35,3.7,180,521,202,380
1997-05-29 17:00:00,21.5,36,2.9,170,253,160,167
1997-05-29 18:00:00,20.4,40,2.2,170,187,53,168
1997-05-29 19:00:00,19.0,46,1.5,170,38,0,38
1997-05-29 20:00:00,17.5,56,1.5,160,3,0,3
1997-05-29 21:00:00,16.7,65,1.5,150,0,0,0
1997-05-29 22:00:00,15.8,77,1.5,130,0,0,0
1997-05-29 23:00:00,15.0,88,1.5,120,0,0,0
1997-05-30 00:00:00,15.0,89,1.6,130,0,0,0
1997-05-30 01:00:00,14.9,90,1.7,140,0,0,0
1997-05-30 02:00:00,15.0,90,1.9,140,0,0,0
1997-05-30 03:00:00,14.8,88,2.0,150,0,0,0
1997-05-30 04:00:00,15.0,88,2.1,160,0,0,0
1997-05-30 05:00:00,16.2,75,2.1,150,0,0,0
1997-05-30 06:00:00,17.5,67,2.0,140,51,125,37
1997-05-30 07:00:00,18.7,61,3.5,160,208,429,80
1997-05-30 08:00:00,19.9,56,1.9,120,408,604,117
1997-05-30 09:00:00,22.2,51,3.4,280,604,704,148
1997-05-30 10:00:00,24.4,46,3.3,300,770,764,170
1997-05-30 11:00:00,25.6,45,3.3,270,892,798,185
1997-05-30 12:00:00,26.8,47,1.7,80,960,815,192
1997-05-30 13:00:00,29.1,43,4.8,210,970,817,193
1997-05-30 14:00:00,29.3,44,4.2,170,921,805,188
1997-05-30 15:00:00,26.5,51,6.7,180,816,777,176
1997-05-30 16:00:00,25.8,52,5.1,170,664,727,157
1997-05-30 17:00:00,25.0,54,4.6,150,476,643,129
1997-05-30 18:00:00,23.3,59,3.5,130,274,499,93
1997-05-30 19:00:00,21.5,66,1.2,20,96,242,54
1997-05-30 20:00:00,20.8,64,2.6,110,5,8,5
1997-05-30 21:00:00,19.1,70,1.0,20,0,0,0
1997-05-30 22:00:00,18.4,73,0.8,20,0,0,0
1997-05-30 23:00:00,16.6,77,0.7,10,0,0,0
1997-05-31 00:00:00,16.9,80,0.5,10,0,0,0
1997-05-31 01:00:00,17.2,78,0.4,10,0,0,0
1997-05-31 02:00:00,15.5,86,0.3,10,0,0,0
1997-05-31 03:00:00,14.7,90,0.1,360,0,0,0
1997-05-31 04:00:00,14.0,94,0.0,0,0,0,0
1997-05-31 05:00:00,14.2,96,0.0,0,0,2,0
1997-05-31 06:00:00,16.0,94,0.0,0,56,195,34
1997-05-31 07:00:00,18.0,83,0.0,0,200,298,110
1997-05-31 08:00:00,19.7,76,1.2,320,324,302,178
1997-05-31 09:00:00,20.7,72,2.3,280,343,138,253
1997-05-31 10:00:00,21.9,68,3.5,240,533,9,525
1997-05-31 11:00:00,23.0,65,4.6,200,261,0,261
1997-05-31 12:00:00,23.0,65,3.1,180,280,0,280
1997-05-31 13:00:00,23.6,58,2.9,180,236,30,207
1997-05-31 14:00:00,24.8,52,4.7,330,592,119,484
1997-05-31 15:00:00,26.0,54,5.1,30,510,180,361
1997-05-31 16:00:00,26.6,52,2.4,170,573,316,352
1997-05-31 17:00:00,27.3,48,2.2,160,366,235,239
1997-05-31 18:00:00,27.3,45,4.0,270,181,39,166
1997-05-31 19:00:00,24.6,63,1.9,160,57,19,54
1997-05-31 20:00:00,23.1,69,1.7,150,5,0,5
1997-05-31 21:00:00,22.0,73,1.5,150,0,0,0
1997-05-31 22:00:00,20.6,85,1.3,140,0,0,0
1997-05-31 23:00:00,19.2,88,1.1,140,0,0,0
1997-06-01 00:00:00,17.8,93,0.9,130,0,0,0
1995-06-01 01:00:00,16.4,90,0.6,0,0,0,0
1995-06-01 02:00:00,15.0,89,0.4,0,0,0,0
1995-06-01 03:00:00,13.6,93,0.2,0,0,0,0
1995-06-01 04:00:00,12.2,93,0.0,0,0,0,0
1995-06-01 05:00:00,12.2,93,0.0,0,0,0,0
1995-06-01 06:00:00,15.0,86,1.5,220,53,17,51
1995-06-01 07:00:00,18.3,75,0.0,0,165,217,100
1995-06-01 08:00:00,18.3,78,0.0,0,371,426,166
1995-06-01 09:00:00,20.0,73,0.0,0,538,361,304
1995-06-01 10:00:00,23.3,60,2.5,210,704,525,291
1995-06-01 11:00:00,25.0,58,3.6,170,456,89,376
1995-06-01 12:00:00,25.0,58,3.0,210,593,114,485
1995-06-01 13:00:00,26.1,54,4.1,180,669,52,619
1995-06-01 14:00:00,24.4,62,3.0,170,268,0,268
1995-06-01 15:00:00,24.4,60,2.5,180,395,81,328
1995-06-01 16:00:00,23.3,64,2.5,190,193,0,193
1995-06-01 17:00:00,23.8,64,2.5,170,396,438,159
1995-06-01 18:00:00,22.7,71,0.0,0,80,0,80
1995-06-01 19:00:00,22.2,71,0.0,0,45,0,45
1995-06-01 20:00:00,21.1,78,0.0,0,4,0,4
1995-06-01 21:00:00,21.1,78,0.0,0,0,0,0
1995-06-01 22:00:00,20.0,84,1.5,190,0,0,0
1995-06-01 23:00:00,20.0,84,0.0,0,0,0,0
1995-06-02 00:00:00,20.0,84,2.0,210,0,0,0
1995-06-02 01:00:00,19.4,87,0.0,0,0,0,0
1995-06-02 02:00:00,18.8,87,1.5,180,0,0,0
1995-06-02 03:00:00,18.8,90,0.0,0,0,0,0
1995-06-02 04:00:00,18.8,90,0.0,0,0,0,0
1995-06-02 05:00:00,18.3,93,0.0,0,0,0,0
1995-06-02 06:00:00,18.8,90,0.0,0,40,39,36
1995-06-02 07:00:00,21.1,81,0.0,0,91,58,74
1995-06-02 08:00:00,22.7,76,2.0,160,394,554,127
1995-06-02 09:00:00,24.4,69,1.5,150,468,349,242
1995-06-02 10:00:00,26.6,65,2.5,190,742,687,202
1995-06-02 11:00:00,28.3,61,3.6,180,844,642,275
1995-06-02 12:00:00,27.7,65,5.1,160,571,15,556
1995-06-02 13:00:00,28.3,65,4.6,160,939,736,238
1995-06-02 14:00:00,26.6,72,2.5,160,835,684,211
1995-06-02 15:00:00,27.7,69,5.6,170,817,717,224
1995-06-02 16:00:00,27.2,67,4.6,190,507,411,219
1995-06-02 17:00:00,26.6,69,3.0,200,286,145,207
1995-06-02 18:00:00,25.0,76,3.6,160,116,82,86
1995-06-02 19:00:00,23.8,82,3.0,200,51,0,51
1995-06-02 20:00:00,23.3,82,2.0,190,6,6,5
1995-06-02 21:00:00,22.2,73,2.0,250,0,0,0
1995-06-02 22:00:00,20.5,84,3.0,190,0,0,0
1995-06-02 23:00:00,20.5,87,3.6,240,0,0,0
1995-06-03 00:00:00,20.5,87,1.5,220,0,0,0
1995-06-03 01:00:00,20.0,90,1.5,190,0,0,0
1995-06-03 02:00:00,20.0,90,0.0,0,0,0,0
1995-06-03 03:00:00,19.4,93,1.5,190,0,0,0
1995-06-03 04:00:00,19.4,93,2.5,220,0,0,0
1995-06-03 05:00:00,20.0,87,1.5,220,0,0,0
1995-06-03 06:00:00,20.5,87,2.0,210,38,0,38
1995-06-03 07:00:00,20.0,90,1.5,210,97,35,86
1995-06-03 08:00:00,21.1,84,4.1,220,370,377,188
1995-06-03 09:00:00,23.8,74,2.5,170,514,440,228
1995-06-03 10:00:00,26.6,62,2.5,190,730,601,257
1995-06-03 11:00:00,28.3,55,2.0,170,662,404,303
1995-06-03 12:00:00,28.8,55,4.1,140,884,663,258
1995-06-03 13:00:00,18.3,90,2.5,190,197,0,197
1995-06-03 14:00:00,20.0,84,1.5,100,268,0,268
1995-06-03 15:00:00,20.0,90,3.0,150,515,91,439
1995-06-03 16:00:00,22.2,76,2.5,230,648,598,228
1995-06-03 17:00:00,22.7,82,1.5,240,442,499,170
1995-06-03 18:00:00,22.7,82,2.0,200,263,371,127
1995-06-03 19:00:00,20.5,90,0.0,0,94,118,72
1995-06-03 20:00:00,20.5,90,0.0,0,7,0,7
1995-06-03 21:00:00,20.0,93,0.0,0,0,0,0
1995-06-03 22:00:00,19.4,93,0.0,0,0,0,0
1995-06-03 23:00:00,18.3,90,0.0,0,0,0,0
1995-06-04 00:00:00,17.2,90,1.5,230,0,0,0
1995-06-04 01:00:00,17.7,87,0.0,0,0,0,0
1995-06-04 02:00:00,17.2,90,1.5,290,0,0,0
1995-06-04 03:00:00,16.6,93,3.0,340,0,0,0
1995-06-04 04:00:00,18.8,79,3.0,320,0,0,0
1995-06-04 05:00:00,18.8,79,4.1,310,0,0,0
1995-06-04 06:00:00,20.5,71,3.6,320,48,114,35
1995-06-04 07:00:00,21.6,68,1.5,310,198,350,93
1995-06-04 08:00:00,22.7,64,2.0,330,414,598,125
1995-06-04 09:00:00,23.3,62,2.0,310,463,91,403
1995-06-04 10:00:00,24.4,58,3.6,360,744,714,182
1995-06-04 11:00:00,25.0,56,3.0,330,568,140,443
1995-06-04 12:00:00,25.5,54,2.5,330,397,127,277
1995-06-04 13:00:00,26.1,54,2.0,360,258,116,148
1995-06-04 14:00:00,27.2,45,3.6,340,886,765,187
1995-06-04 15:00:00,27.2,47,4.1,360,805,728,202
1995-06-04 16:00:00,27.2,47,3.6,40,673,727,162
1995-06-04 17:00:00,27.2,47,2.5,20,472,608,140
1995-06-04 18:00:00,26.6,51,0.0,0,277,461,107
1995-06-04 19:00:00,25.0,56,0.0,0,104,260,56
1995-06-04 20:00:00,21.6,71,0.0,0,7,16,6
1995-06-04 21:00:00,20.0,75,0.0,0,0,0,0
1995-06-04 22:00:00,18.3,84,0.0,0,0,0,0
1995-06-04 23:00:00,17.2,87,0.0,0,0,0,0
1995-06-05 00:00:00,16.6,90,0.0,0,0,0,0
1995-06-05 01:00:00,15.5,93,1.5,270,0,0,0
1995-06-05 02:00:00,15.0,93,0.0,0,0,0,0
1995-06-05 03:00:00,15.5,90,0.0,0,0,0,0
1995-06-05 04:00:00,13.8,93,0.0,0,0,0,0
1995-06-05 05:00:00,13.8,93,0.0,0,0,0,0
1995-06-05 06:00:00,16.1,86,0.0,0,52,107,39
1995-06-05 07:00:00,18.8,79,1.5,30,205,394,86
1995-06-05 08:00:00,20.5,68,0.0,0,404,570,127
1995-06-05 09:00:00,22.2,64,0.0,0,575,589,192
1995-06-05 10:00:00,24.4,60,2.0,100,681,588,218
1995-06-05 11:00:00,25.5,60,3.0,160,856,657,272
1995-06-05 12:00:00,26.6,53,2.5,160,951,701,288
1995-06-05 13:00:00,26.6,54,3.0,160,904,690,245
1995-06-05 14:00:00,26.1,56,3.0,170,849,688,220
1995-06-05 15:00:00,26.1,56,2.5,170,745,562,279
1995-06-05 16:00:00,25.5,58,4.1,150,603,515,240
1995-06-05 17:00:00,25.0,58,2.5,160,441,510,161
1995-06-05 18:00:00,23.8,62,2.0,150,231,326,110
1995-06-05 19:00:00,22.7,66,2.0,140,84,124,61
1995-06-05 20:00:00,21.1,70,0.0,0,6,4,6
1995-06-05 21:00:00,19.4,78,0.0,0,0,0,0
1995-06-05 22:00:00,17.7,87,0.0,0,0,0,0
1995-06-05 23:00:00,17.2,90,0.0,0,0,0,0
1995-06-06 00:00:00,16.1,93,0.0,0,0,0,0
1995-06-06 01:00:00,15.5,93,0.0,0,0,0,0
1995-06-06 02:00:00,16.1,90,0.0,0,0,0,0
1995-06-06 03:00:00,16.1,90,0.0,0,0,0,0
1995-06-06 04:00:00,15.0,93,0.0,0,0,0,0
1995-06-06 05:00:00,15.0,93,0.0,0,0,0,0
1995-06-06 06:00:00,16.6,90,2.0,360,22,1,22
1995-06-06 07:00:00,17.2,93,1.5,60,50,0,50
1995-06-06 08:00:00,20.0,78,1.5,70,195,38,176
1995-06-06 09:00:00,22.2,68,2.5,20,441,213,302
1995-06-06 10:00:00,23.3,62,2.5,70,725,622,235
1995-06-06 11:00:00,23.8,62,2.5,100,786,489,351
1995-06-06 12:00:00,23.8,62,2.0,60,280,0,280
1995-06-06 13:00:00,24.4,60,3.0,70,283,0,283
1995-06-06 14:00:00,22.2,73,0.0,0,269,0,269
1995-06-06 15:00:00,23.3,66,2.5,60,239,0,239
1995-06-06 16:00:00,23.3,64,0.0,0,195,0,195
1995-06-06 17:00:00,23.3,66,2.0,10,139,0,139
1995-06-06 18:00:00,22.7,71,1.5,360,156,53,136
1995-06-06 19:00:00,21.6,76,0.0,0,48,0,48
1995-06-06 20:00:00,21.1,78,0.0,0,6,0,6
1995-06-06 21:00:00,20.5,84,1.5,320,0,0,0
1995-06-06 22:00:00,20.5,84,1.5,310,0,0,0
1995-06-06 23:00:00,19.4,87,0.0,0,0,0,0
1995-06-07 00:00:00,20.0,84,1.5,310,0,0,0
1995-06-07 01:00:00,20.0,84,1.5,320,0,0,0
1995-06-07 02:00:00,19.4,84,0.0,0,0,0,0
1995-06-07 03:00:00,18.3,90,2.0,260,0,0,0
1995-06-07 04:00:00,17.7,93,1.5,240,0,0,0
1995-06-07 05:00:00,17.7,90,2.0,240,0,0,0
1995-06-07 06:00:00,18.3,90,1.5,260,51,101,39
1995-06-07 07:00:00,20.5,81,1.5,240,197,336,95
1995-06-07 08:00:00,24.4,69,1.5,210,334,356,161
1995-06-07 09:00:00,26.1,64,1.5,220,580,592,195
1995-06-07 10:00:00,28.3,56,5.1,290,747,690,203
1995-06-07 11:00:00,30.0,50,4.1,300,849,679,246
1995-06-07 12:00:00,30.5,50,4.1,320,867,669,233
1995-06-07 13:00:00,31.1,47,4.1,280,936,721,247
1995-06-07 14:00:00,31.6,47,2.5,280,894,569,372
1995-06-07 15:00:00,31.1,47,4.1,270,715,610,208
1995-06-07 16:00:00,32.2,45,3.6,270,631,587,216
1995-06-07 17:00:00,31.1,48,3.6,270,318,90,268
1995-06-07 18:00:00,30.5,48,3.6,300,186,9,182
1995-06-07 19:00:00,28.3,53,0.0,0,58,20,54
1995-06-07 20:00:00,27.2,51,3.6,280,7,7,7
1995-06-07 21:00:00,25.0,58,1.5,250,0,0,0
1995-06-07 22:00:00,24.4,62,2.0,190,0,0,0
1995-06-07 23:00:00,24.4,64,2.5,250,0,0,0
1995-06-08 00:00:00,24.4,64,2.0,220,0,0,0
1995-06-08 01:00:00,23.3,71,1.5,180,0,0,0
1995-06-08 02:00:00,21.6,84,5.6,310,0,0,0
1995-06-08 03:00:00,20.5,90,4.6,300,0,0,0
1995-06-08 04:00:00,21.1,87,0.0,0,0,0,0
1995-06-08 05:00:00,21.1,90,1.5,270,0,0,0
1995-06-08 06:00:00,22.7,82,1.5,240,42,13,40
1995-06-08 07:00:00,26.6,65,4.6,300,185,270,103
1995-06-08 08:00:00,27.2,60,5.6,280,376,448,159
1995-06-08 09:00:00,28.8,61,3.0,310,535,473,227
1995-06-08 10:00:00,29.4,55,4.6,290,727,545,298
1995-06-08 11:00:00,30.0,53,6.6,320,756,535,280
1995-06-08 12:00:00,30.0,53,5.6,320,871,452,442
1995-06-08 13:00:00,30.5,52,5.1,310,912,645,295
1995-06-08 14:00:00,31.6,50,3.0,300,849,604,295
1995-06-08 15:00:00,30.5,54,4.6,320,668,465,280
1995-06-08 16:00:00,31.1,48,4.1,300,622,560,226
1995-06-08 17:00:00,31.1,47,5.6,330,453,525,163
1995-06-08 18:00:00,29.4,55,3.0,330,259,379,117
1995-06-08 19:00:00,28.8,55,2.5,340,96,171,64
1995-06-08 20:00:00,26.6,60,2.0,320,7,0,7
1995-06-08 21:00:00,23.3,74,0.0,0,0,0,0
1995-06-08 22:00:00,24.4,66,1.5,360,0,0,0
1995-06-08 23:00:00,23.8,69,2.5,20,0,0,0
1995-06-09 00:00:00,22.2,76,1.5,20,0,0,0
1995-06-09 01:00:00,21.6,76,2.0,10,0,0,0
1995-06-09 02:00:00,20.0,78,1.5,360,0,0,0
1995-06-09 03:00:00,20.0,78,2.5,20,0,0,0
1995-06-09 04:00:00,18.8,79,3.0,20,0,0,0
1995-06-09 05:00:00,18.3,81,1.5,20,0,0,0
1995-06-09 06:00:00,18.3,78,1.5,30,23,0,23
1995-06-09 07:00:00,18.3,78,2.5,30,63,35,52
1995-06-09 08:00:00,18.3,78,1.5,50,272,71,237
1995-06-09 09:00:00,20.5,73,3.0,50,185,0,185
1995-06-09 10:00:00,22.2,68,2.0,70,231,0,231
1995-06-09 11:00:00,23.8,62,1.5,70,494,70,431
1995-06-09 12:00:00,25.5,62,2.0,140,1005,856,194
1995-06-09 13:00:00,26.1,60,2.0,80,671,186,492
1995-06-09 14:00:00,26.1,64,2.5,80,878,738,201
1995-06-09 15:00:00,25.5,64,2.5,60,495,75,432
1995-06-09 16:00:00,26.1,64,3.0,90,392,71,341
1995-06-09 17:00:00,25.0,68,3.6,90,285,174,189
1995-06-09 18:00:00,25.0,68,2.0,80,143,45,126
1995-06-09 19:00:00,23.8,71,2.0,90,38,0,38
1995-06-09 20:00:00,23.3,74,1.5,60,5,0,5
1995-06-09 21:00:00,22.7,76,1.5,60,0,0,0
1995-06-09 22:00:00,22.7,79,1.5,50,0,0,0
1995-06-09 23:00:00,22.2,81,0.0,0,0,0,0
1995-06-10 00:00:00,22.2,84,0.0,0,0,0,0
1995-06-10 01:00:00,22.2,84,0.0,0,0,0,0
1995-06-10 02:00:00,22.2,84,0.0,0,0,0,0
1995-06-10 03:00:00,21.6,87,1.5,170,0,0,0
1995-06-10 04:00:00,21.1,90,0.0,0,0,0,0
1995-06-10 05:00:00,21.1,90,2.5,160,0,0,0
1995-06-10 06:00:00,21.1,93,1.5,150,31,17,29
1995-06-10 07:00:00,22.2,87,3.6,180,58,0,58
1995-06-10 08:00:00,23.3,82,3.0,160,129,0,129
1995-06-10 09:00:00,23.8,82,0.0,0,248,88,191
1995-06-10 10:00:00,25.5,77,3.0,110,194,0,194
1995-06-10 11:00:00,26.1,74,4.6,90,903,829,165
1995-06-10 12:00:00,27.2,69,3.6,110,904,784,161
1995-06-10 13:00:00,26.6,72,4.1,90,915,765,183
1995-06-10 14:00:00,27.2,69,4.6,110,852,733,179
1995-06-10 15:00:00,23.3,87,7.2,170,206,0,206
1995-06-10 16:00:00,20.5,87,2.0,310,631,703,132
1995-06-10 17:00:00,22.2,84,2.0,180,445,538,147
1995-06-10 18:00:00,23.3,84,2.0,180,266,442,100
1995-06-10 19:00:00,22.2,87,3.0,190,53,51,43
1995-06-10 20:00:00,21.6,91,2.0,200,9,40,7
1995-06-10 21:00:00,21.1,90,2.0,220,0,0,0
1995-06-10 22:00:00,21.1,90,2.0,170,0,0,0
1995-06-10 23:00:00,21.1,90,3.0,220,0,0,0
1995-06-11 00:00:00,21.6,87,5.1,220,0,0,0
1995-06-11 01:00:00,20.5,90,3.6,220,0,0,0
1995-06-11 02:00:00,21.1,81,4.1,220,0,0,0
1995-06-11 03:00:00,20.5,81,3.0,210,0,0,0
1995-06-11 04:00:00,20.0,84,2.0,200,0,0,0
1995-06-11 05:00:00,19.4,87,2.5,210,0,1,0
1995-06-11 06:00:00,21.6,78,2.5,220,62,224,35
1995-06-11 07:00:00,23.3,74,3.6,220,220,472,76
1995-06-11 08:00:00,25.0,68,2.5,210,387,545,123
1995-06-11 09:00:00,25.5,69,2.0,230,579,544,225
1995-06-11 10:00:00,27.7,65,2.5,200,788,749,197
1995-06-11 11:00:00,28.8,61,2.0,190,712,594,183
1995-06-11 12:00:00,30.0,57,2.0,150,636,357,297
1995-06-11 13:00:00,30.0,57,1.5,190,439,101,342
1995-06-11 14:00:00,31.6,55,2.0,210,857,730,187
1995-06-11 15:00:00,31.1,57,3.6,140,779,691,202
1995-06-11 16:00:00,28.3,65,3.0,160,569,587,151
1995-06-11 17:00:00,21.1,93,4.1,330,154,0,154
1995-06-11 18:00:00,22.2,87,2.5,210,121,32,108
1995-06-11 19:00:00,22.2,87,1.5,210,82,21,78
1995-06-11 20:00:00,21.1,90,3.0,230,8,4,8
1995-06-11 21:00:00,21.1,90,3.6,240,0,0,0
1995-06-11 22:00:00,21.1,90,1.5,240,0,0,0
1995-06-11 23:00:00,21.1,87,1.5,170,0,0,0
1995-06-12 00:00:00,20.5,90,1.5,210,0,0,0
1995-06-12 01:00:00,20.5,90,0.0,0,0,0,0
1995-06-12 02:00:00,20.0,93,1.5,190,0,0,0
1995-06-12 03:00:00,20.0,93,0.0,0,0,0,0
1995-06-12 04:00:00,20.0,93,0.0,0,0,0,0
1995-06-12 05:00:00,20.0,93,1.5,250,0,0,0
1995-06-12 06:00:00,17.7,84,9.7,340,44,18,42
1995-06-12 07:00:00,17.2,84,7.2,350,149,42,136
1995-06-12 08:00:00,16.6,87,3.0,350,329,259,203
1995-06-12 09:00:00,16.6,87,3.6,340,522,168,412
1995-06-12 10:00:00,16.6,87,3.6,350,395,239,206
1995-06-12 11:00:00,16.6,90,3.6,330,714,484,283
1995-06-12 12:00:00,17.2,87,3.0,320,873,604,301
1995-06-12 13:00:00,17.7,81,4.6,340,590,288,313
1995-06-12 14:00:00,17.7,84,3.6,360,753,469,322
1995-06-12 15:00:00,18.8,73,4.6,360,569,184,414
1995-06-12 16:00:00,18.3,73,5.1,350,451,262,265
1995-06-12 17:00:00,17.7,78,2.5,10,251,96,198
1995-06-12 18:00:00,18.3,78,1.5,30,299,413,141
1995-06-12 19:00:00,17.7,81,2.0,40,95,246,46
1995-06-12 20:00:00,16.6,84,0.0,0,12,38,10
1995-06-12 21:00:00,14.4,93,0.0,0,0,0,0
1995-06-12 22:00:00,15.5,87,3.0,350,0,0,0
1995-06-12 23:00:00,15.5,72,2.0,350,0,0,0
1995-06-13 00:00:00,14.4,75,3.0,340,0,0,0
1995-06-13 01:00:00,13.8,75,2.5,340,0,0,0
1995-06-13 02:00:00,12.7,80,1.5,320,0,0,0
1995-06-13 03:00:00,12.2,80,2.0,310,0,0,0
1995-06-13 04:00:00,11.6,83,2.0,320,0,0,0
1995-06-13 05:00:00,12.2,80,3.0,320,0,0,0
1995-06-13 06:00:00,15.0,66,4.1,330,51,88,40
1995-06-13 07:00:00,15.5,64,4.1,350,136,133,95
1995-06-13 08:00:00,17.2,60,4.1,350,315,346,146
1995-06-13 09:00:00,18.3,52,6.6,10,598,633,186
1995-06-13 10:00:00,20.0,45,5.6,340,736,634,236
1995-06-13 11:00:00,20.0,47,5.6,350,869,706,241
1995-06-13 12:00:00,21.6,42,5.1,360,904,655,283
1995-06-13 13:00:00,21.1,41,4.6,350,941,683,286
1995-06-13 14:00:00,22.2,36,4.6,360,887,688,254
1995-06-13 15:00:00,22.2,38,4.6,350,621,354,325
1995-06-13 16:00:00,21.1,45,0.0,0,582,532,203
1995-06-13 17:00:00,20.0,58,0.0,0,160,47,134
1995-06-13 18:00:00,20.0,61,0.0,0,269,353,134
1995-06-13 19:00:00,18.3,75,0.0,0,103,200,63
1995-06-13 20:00:00,17.7,65,2.0,290,9,5,9
1995-06-13 21:00:00,19.4,50,3.0,300,0,0,0
1995-06-13 22:00:00,19.4,50,3.0,300,0,0,0
1995-06-13 23:00:00,18.8,52,3.6,290,0,0,0
1995-06-14 00:00:00,12.7,78,0.0,0,0,0,0
1995-06-14 01:00:00,18.3,54,2.5,300,0,0,0
1995-06-14 02:00:00,17.7,56,3.6,300,0,0,0
1995-06-14 03:00:00,17.2,56,2.0,300,0,0,0
1995-06-14 04:00:00,16.6,58,2.0,310,0,0,0
1995-06-14 05:00:00,17.2,54,2.5,300,0,1,0
1995-06-14 06:00:00,17.7,54,3.6,290,60,130,44
1995-06-14 07:00:00,20.0,48,2.0,290,238,476,93
1995-06-14 08:00:00,21.6,44,4.1,320,403,574,124
1995-06-14 09:00:00,22.2,46,4.6,320,553,642,136
1995-06-14 10:00:00,22.7,46,5.6,310,760,691,215
1995-06-14 11:00:00,23.8,46,3.6,320,745,609,203
1995-06-14 12:00:00,26.1,43,3.0,10,986,866,166
1995-06-14 13:00:00,26.6,39,5.1,340,939,781,190
1995-06-14 14:00:00,26.1,38,5.1,340,881,754,187
1995-06-14 15:00:00,27.2,41,0.0,0,726,530,282
1995-06-14 16:00:00,26.1,42,3.0,320,619,598,193
1995-06-14 17:00:00,25.0,43,2.0,300,438,418,205
1995-06-14 18:00:00,22.2,61,1.5,100,168,119,123
1995-06-14 19:00:00,20.5,76,3.0,190,94,246,46
1995-06-14 20:00:00,18.8,84,2.5,250,9,5,9
1995-06-14 21:00:00,18.3,87,1.5,80,0,0,0
1995-06-14 22:00:00,17.2,93,1.5,240,0,0,0
1995-06-14 23:00:00,16.1,93,1.5,250,0,0,0
1995-06-15 00:00:00,15.5,90,0.0,0,0,0,0
1995-06-15 01:00:00,16.6,81,2.0,340,0,0,0
1995-06-15 02:00:00,17.2,78,2.5,320,0,0,0
1995-06-15 03:00:00,16.1,78,1.5,320,0,0,0
1995-06-15 04:00:00,15.0,80,1.5,330,0,0,0
1995-06-15 05:00:00,12.2,96,1.5,170,0,1,0
1995-06-15 06:00:00,13.8,87,0.0,0,57,152,38
1995-06-15 07:00:00,17.2,75,0.8,300,216,454,79
1995-06-15 08:00:00,20.5,63,1.5,240,417,625,114
1995-06-15 09:00:00,22.7,48,0.0,0,614,723,143
1995-06-15 10:00:00,23.8,37,0.0,0,781,782,165
1995-06-15 11:00:00,25.0,36,0.0,0,866,707,237
1995-06-15 12:00:00,25.0,37,0.0,0,937,718,256
1995-06-15 13:00:00,25.5,40,2.5,100,262,36,228
1995-06-15 14:00:00,26.1,40,2.0,190,921,755,225
1995-06-15 15:00:00,26.1,40,2.5,150,805,725,198
1995-06-15 16:00:00,26.1,42,2.5,150,600,530,222
1995-06-15 17:00:00,26.1,42,2.0,150,496,590,166
1995-06-15 18:00:00,25.0,45,2.0,130,287,457,112
1995-06-15 19:00:00,23.3,53,1.5,140,111,272,57
1995-06-15 20:00:00,21.1,61,0.0,0,10,19,9
1995-06-15 21:00:00,18.8,65,1.5,140,0,0,0
1995-06-15 22:00:00,16.1,83,0.0,0,0,0,0
1995-06-15 23:00:00,15.5,83,0.0,0,0,0,0
1995-06-16 00:00:00,16.1,80,0.0,0,0,0,0
1995-06-16 01:00:00,15.0,83,0.0,0,0,0,0
1995-06-16 02:00:00,13.3,89,0.0,0,0,0,0
1995-06-16 03:00:00,14.4,90,0.0,0,0,0,0
1995-06-16 04:00:00,13.8,93,2.0,230,0,0,0
1995-06-16 05:00:00,14.4,90,0.0,0,0,4,0
1995-06-16 06:00:00,17.2,80,0.0,0,42,48,36
1995-06-16 07:00:00,19.4,73,0.0,0,214,477,70
1995-06-16 08:00:00,21.1,68,0.0,0,407,631,101
1995-06-16 09:00:00,23.3,60,2.0,170,593,709,132
1995-06-16 10:00:00,25.0,54,0.0,0,747,774,137
1995-06-16 11:00:00,26.1,50,1.5,100,858,797,148
1995-06-16 12:00:00,26.6,51,2.5,140,937,806,172
1995-06-16 13:00:00,27.7,47,3.0,150,949,827,156
1995-06-16 14:00:00,27.2,47,2.5,110,937,861,144
1995-06-16 15:00:00,27.2,45,3.0,120,817,805,143
1995-06-16 16:00:00,27.2,47,2.0,160,642,688,150
1995-06-16 17:00:00,26.6,49,3.6,150,452,598,117
1995-06-16 18:00:00,25.0,54,3.0,160,317,601,86
1995-06-16 19:00:00,23.3,60,1.5,160,123,318,59
1995-06-16 20:00:00,21.6,64,2.0,170,10,24,9
1995-06-16 21:00:00,20.0,70,0.0,0,0,0,0
1995-06-16 22:00:00,19.4,73,1.5,190,0,0,0
1995-06-16 23:00:00,18.8,73,2.5,160,0,0,0
1995-06-17 00:00:00,17.7,75,2.0,170,0,0,0
1995-06-17 01:00:00,17.2,78,2.0,180,0,0,0
1995-06-17 02:00:00,15.5,83,1.5,210,0,0,0
1995-06-17 03:00:00,15.0,86,0.0,0,0,0,0
1995-06-17 04:00:00,14.4,87,0.0,0,0,0,0
1995-06-17 05:00:00,13.3,89,0.0,0,0,0,0
1995-06-17 06:00:00,15.0,93,0.0,0,40,0,40
1995-06-17 07:00:00,18.3,84,0.0,0,91,0,91
1995-06-17 08:00:00,20.5,76,1.5,180,117,0,117
1995-06-17 09:00:00,23.3,64,1.5,170,174,0,174
1995-06-17 10:00:00,25.0,60,2.0,160,280,0,280
1995-06-17 11:00:00,26.1,52,1.5,130,325,0,325
1995-06-17 12:00:00,26.6,53,2.0,90,351,0,351
1995-06-17 13:00:00,27.2,45,3.6,120,355,0,355
1995-06-17 14:00:00,27.7,44,3.0,180,339,0,339
1995-06-17 15:00:00,28.3,43,2.5,160,302,0,302
1995-06-17 16:00:00,28.3,41,2.5,140,247,0,247
1995-06-17 17:00:00,27.7,44,3.0,130,179,0,179
1995-06-17 18:00:00,26.1,48,2.0,140,112,0,112
1995-06-17 19:00:00,24.4,56,1.5,160,64,0,64
1995-06-17 20:00:00,22.2,61,1.5,170,9,0,9
1995-06-17 21:00:00,20.0,70,0.0,0,0,0,0
1995-06-17 22:00:00,18.3,81,0.0,0,0,0,0
1995-06-17 23:00:00,16.6,87,0.0,0,0,0,0
1995-06-18 00:00:00,17.2,78,1.5,220,0,0,0
1995-06-18 01:00:00,16.6,84,2.0,220,0,0,0
1995-06-18 02:00:00,15.0,93,1.5,230,0,0,0
1995-06-18 03:00:00,15.0,93,0.0,0,0,0,0
1995-06-18 04:00:00,15.0,93,0.0,0,0,0,0
1995-06-18 05:00:00,14.4,93,1.5,270,0,0,0
1995-06-18 06:00:00,16.1,90,0.0,0,36,3,36
1995-06-18 07:00:00,18.8,81,0.0,0,77,17,72
1995-06-18 08:00:00,22.2,71,0.0,0,247,100,198
1995-06-18 09:00:00,24.4,64,1.5,190,419,90,361
1995-06-18 10:00:00,26.6,54,0.0,0,624,104,542
1995-06-18 11:00:00,28.3,44,2.0,60,901,813,177
1995-06-18 12:00:00,28.3,44,1.5,90,663,109,559
1995-06-18 13:00:00,28.3,41,0.0,0,1037,776,292
1995-06-18 14:00:00,28.8,40,2.0,140,475,236,257
1995-06-18 15:00:00,28.8,43,2.5,200,650,411,305
1995-06-18 16:00:00,29.4,40,0.0,0,689,749,153
1995-06-18 17:00:00,28.8,41,0.0,0,374,291,210
1995-06-18 18:00:00,27.7,47,2.0,150,285,399,131
1995-06-18 19:00:00,25.5,54,1.5,160,119,304,58
1995-06-18 20:00:00,21.6,71,1.5,200,10,10,9
1995-06-18 21:00:00,18.8,81,0.0,0,0,0,0
1995-06-18 22:00:00,18.3,81,0.0,0,0,0,0
1995-06-18 23:00:00,17.7,84,0.0,0,0,0,0
1995-06-19 00:00:00,16.6,90,0.0,0,0,0,0
1995-06-19 01:00:00,16.1,90,0.0,0,0,0,0
1995-06-19 02:00:00,15.5,90,0.0,0,0,0,0
1995-06-19 03:00:00,15.6,88,1.3,300,0,0,0
1995-06-19 04:00:00,15.5,87,2.5,240,0,0,0
1995-06-19 05:00:00,15.0,90,0.0,0,0,0,0
1995-06-19 06:00:00,16.6,87,1.5,220,42,2,42
1995-06-19 07:00:00,19.4,76,2.0,250,165,114,130
1995-06-19 08:00:00,22.7,66,2.0,220,290,175,205
1995-06-19 09:00:00,25.0,62,1.5,180,555,480,244
1995-06-19 10:00:00,27.7,51,1.5,220,679,404,361
1995-06-19 11:00:00,29.4,48,0.0,0,828,440,436
1995-06-19 12:00:00,30.0,44,2.5,190,925,625,332
1995-06-19 13:00:00,30.0,43,1.5,130,717,388,344
1995-06-19 14:00:00,31.1,43,2.0,140,892,615,325
1995-06-19 15:00:00,31.1,42,0.0,0,789,580,303
1995-06-19 16:00:00,31.1,45,1.5,170,638,518,266
1995-06-19 17:00:00,30.5,48,1.5,180,419,216,297
1995-06-19 18:00:00,30.0,50,2.0,180,146,18,139
1995-06-19 19:00:00,27.7,55,2.0,180,95,87,77
1995-06-19 20:00:00,24.4,69,2.0,200,10,0,10
1995-06-19 21:00:00,23.3,66,1.5,230,0,0,0
1995-06-19 22:00:00,20.5,81,1.5,220,0,0,0
1995-06-19 23:00:00,20.5,81,0.0,0,0,0,0
1995-06-20 00:00:00,20.0,84,0.0,0,0,0,0
1995-06-20 01:00:00,20.5,78,3.0,230,0,0,0
1995-06-20 02:00:00,20.5,76,3.0,220,0,0,0
1995-06-20 03:00:00,20.5,73,2.5,220,0,0,0
1995-06-20 04:00:00,20.0,75,2.0,210,0,0,0
1995-06-20 05:00:00,20.0,75,2.5,230,0,0,0
1995-06-20 06:00:00,21.1,70,2.5,240,38,0,38
1995-06-20 07:00:00,22.2,66,4.1,230,86,0,86
1995-06-20 08:00:00,23.3,64,2.5,230,145,0,145
1995-06-20 09:00:00,25.5,58,0.0,0,217,0,217
1995-06-20 10:00:00,28.8,48,0.0,0,279,0,279
1995-06-20 11:00:00,31.1,45,1.5,140,324,0,324
1995-06-20 12:00:00,31.1,50,2.5,200,350,0,350
1995-06-20 13:00:00,31.6,48,1.5,190,354,0,354
1995-06-20 14:00:00,32.7,47,2.0,130,338,0,338
1995-06-20 15:00:00,33.3,46,1.5,190,302,0,302
1995-06-20 16:00:00,32.7,51,2.5,170,248,0,248
1995-06-20 17:00:00,31.6,50,3.6,170,180,0,180
1995-06-20 18:00:00,30.5,52,1.5,160,107,0,107
1995-06-20 19:00:00,28.8,55,1.5,160,66,16,63
1995-06-20 20:00:00,27.7,53,1.5,130,10,5,10
1995-06-20 21:00:00,25.5,64,0.0,0,0,0,0
1995-06-20 22:00:00,25.0,64,0.0,0,0,0,0
1995-06-20 23:00:00,24.4,69,0.0,0,0,0,0
1995-06-21 00:00:00,22.7,73,1.5,190,0,0,0
1995-06-21 01:00:00,23.3,71,2.0,220,0,0,0
1995-06-21 02:00:00,20.5,87,0.0,0,0,0,0
1995-06-21 03:00:00,20.0,90,1.5,220,0,0,0
1995-06-21 04:00:00,20.5,87,1.5,230,0,0,0
1995-06-21 05:00:00,20.5,87,1.5,210,0,0,0
1995-06-21 06:00:00,21.1,87,0.0,0,45,51,39
1995-06-21 07:00:00,22.7,82,0.0,0,199,362,90
1995-06-21 08:00:00,25.0,74,2.0,230,395,540,135
1995-06-21 09:00:00,26.1,69,2.0,210,557,555,197
1995-06-21 10:00:00,30.0,57,1.5,130,763,590,299
1995-06-21 11:00:00,30.5,54,1.5,120,848,661,260
1995-06-21 12:00:00,31.1,52,3.0,100,857,562,324
1995-06-21 13:00:00,31.6,44,3.0,90,921,683,266
1995-06-21 14:00:00,32.2,45,3.6,150,834,551,325
1995-06-21 15:00:00,32.2,45,3.6,160,691,479,288
1995-06-21 16:00:00,31.6,47,4.6,120,656,562,252
1995-06-21 17:00:00,30.0,53,4.1,150,471,569,150
1995-06-21 18:00:00,28.3,56,3.0,180,261,356,122
1995-06-21 19:00:00,26.6,62,2.0,130,103,90,85
1995-06-21 20:00:00,25.0,68,2.0,150,11,0,11
1995-06-21 21:00:00,23.8,74,2.0,150,0,0,0
1995-06-21 22:00:00,22.7,79,1.5,170,0,0,0
1995-06-21 23:00:00,21.1,84,0.0,0,0,0,0
1995-06-22 00:00:00,21.1,87,0.0,0,0,0,0
1995-06-22 01:00:00,20.5,87,1.5,340,0,0,0
1995-06-22 02:00:00,20.5,87,0.0,0,0,0,0
1995-06-22 03:00:00,19.4,93,0.0,0,0,0,0
1995-06-22 04:00:00,20.0,93,1.5,60,0,0,0
1995-06-22 05:00:00,21.1,93,2.5,60,0,0,0
1995-06-22 06:00:00,21.1,93,2.5,40,22,0,22
1995-06-22 07:00:00,21.1,90,3.0,80,56,0,56
1995-06-22 08:00:00,21.1,87,2.5,40,87,0,87
1995-06-22 09:00:00,21.1,84,2.5,40,147,0,147
1995-06-22 10:00:00,22.2,81,2.5,50,189,0,189
1995-06-22 11:00:00,22.2,81,3.0,40,220,0,220
1995-06-22 12:00:00,25.0,71,2.5,50,399,96,308
1995-06-22 13:00:00,26.6,62,2.0,100,288,0,288
1995-06-22 14:00:00,27.7,58,4.6,50,877,634,292
1995-06-22 15:00:00,27.2,62,4.1,60,770,546,311
1995-06-22 16:00:00,27.2,67,3.6,70,283,87,220
1995-06-22 17:00:00,26.1,64,2.5,100,324,76,281
1995-06-22 18:00:00,25.5,66,2.0,90,256,295,142
1995-06-22 19:00:00,23.8,76,2.0,40,92,95,73
1995-06-22 20:00:00,23.3,82,1.5,50,10,0,10
1995-06-22 21:00:00,22.7,82,1.5,40,0,0,0
1995-06-22 22:00:00,21.6,84,3.6,50,0,0,0
1995-06-22 23:00:00,21.1,84,3.6,40,0,0,0
1995-06-23 00:00:00,21.1,84,3.0,40,0,0,0
1995-06-23 01:00:00,21.1,84,1.5,20,0,0,0
1995-06-23 02:00:00,21.1,84,2.5,20,0,0,0
1995-06-23 03:00:00,20.0,90,2.0,40,0,0,0
1995-06-23 04:00:00,20.0,90,2.0,30,0,0,0
1995-06-23 05:00:00,19.4,93,2.5,20,0,0,0
1995-06-23 06:00:00,19.4,93,3.6,30,24,0,24
1995-06-23 07:00:00,18.8,97,3.0,20,43,0,43
1995-06-23 08:00:00,18.8,97,3.0,20,82,0,82
1995-06-23 09:00:00,18.8,93,4.1,10,122,0,122
1995-06-23 10:00:00,18.8,93,4.1,10,156,0,156
1995-06-23 11:00:00,18.8,93,4.1,20,181,0,181
1995-06-23 12:00:00,19.4,93,3.0,20,195,0,195
1995-06-23 13:00:00,20.0,93,4.1,40,198,0,198
1995-06-23 14:00:00,21.1,87,3.0,50,227,0,227
1995-06-23 15:00:00,20.5,87,2.5,50,203,0,203
1995-06-23 16:00:00,20.5,90,2.5,30,167,0,167
1995-06-23 17:00:00,21.1,87,2.5,50,146,0,146
1995-06-23 18:00:00,20.0,93,2.0,50,73,0,73
1995-06-23 19:00:00,20.0,90,1.5,50,38,0,38
1995-06-23 20:00:00,20.0,90,2.5,60,6,0,6
1995-06-23 21:00:00,19.4,96,0.0,0,0,0,0
1995-06-23 22:00:00,19.4,93,1.5,40,0,0,0
1995-06-23 23:00:00,19.3,93,1.0,30,0,0,0
1995-06-24 00:00:00,19.5,93,0.5,10,0,0,0
1995-06-24 01:00:00,19.4,93,0.0,0,0,0,0
1995-06-24 02:00:00,18.8,97,1.5,40,0,0,0
1995-06-24 03:00:00,18.8,97,0.0,0,0,0,0
1995-06-24 04:00:00,18.8,93,1.5,40,0,0,0
1995-06-24 05:00:00,18.8,93,0.0,0,0,0,0
1995-06-24 06:00:00,18.8,97,0.0,0,41,0,41
1995-06-24 07:00:00,18.8,97,1.5,40,116,9,113
1995-06-24 08:00:00,20.0,90,1.5,40,218,45,196
1995-06-24 09:00:00,21.1,84,0.0,0,275,43,247
1995-06-24 10:00:00,22.2,79,1.5,330,414,68,360
1995-06-24 11:00:00,25.0,66,0.0,0,664,113,563
1995-06-24 12:00:00,25.5,64,0.0,0,815,351,483
1995-06-24 13:00:00,26.1,64,1.5,100,857,509,368
1995-06-24 14:00:00,27.7,61,4.1,90,852,546,347
1995-06-24 15:00:00,26.6,65,3.6,80,725,330,447
1995-06-24 16:00:00,26.1,67,3.0,100,587,419,285
1995-06-24 17:00:00,26.1,64,3.0,100,431,294,265
1995-06-24 18:00:00,26.6,65,3.6,120,189,95,152
1995-06-24 19:00:00,23.3,82,1.5,90,88,45,78
1995-06-24 20:00:00,23.3,79,0.0,0,11,0,11
1995-06-24 21:00:00,22.2,84,0.0,0,0,0,0
1995-06-24 22:00:00,21.6,87,0.0,0,0,0,0
1995-06-24 23:00:00,21.1,87,0.0,0,0,0,0
1995-06-25 00:00:00,21.1,87,0.0,0,0,0,0
1995-06-25 01:00:00,21.1,90,0.0,0,0,0,0
1995-06-25 02:00:00,21.1,93,1.5,350,0,0,0
1995-06-25 03:00:00,20.5,93,0.0,0,0,0,0
1995-06-25 04:00:00,20.5,93,0.0,0,0,0,0
1995-06-25 05:00:00,20.5,93,0.0,0,0,0,0
1995-06-25 06:00:00,21.1,93,0.0,0,20,0,20
1995-06-25 07:00:00,21.6,93,0.0,0,44,0,44
1995-06-25 08:00:00,25.5,77,1.5,180,97,0,97
1995-06-25 09:00:00,25.5,77,2.0,150,281,77,231
1995-06-25 10:00:00,26.6,74,3.6,110,302,84,235
1995-06-25 11:00:00,27.7,67,3.0,150,378,13,366
1995-06-25 12:00:00,28.8,65,2.0,140,909,653,291
1995-06-25 13:00:00,28.8,63,4.1,170,906,705,229
1995-06-25 14:00:00,29.4,63,3.6,130,908,697,264
1995-06-25 15:00:00,29.4,63,3.0,150,384,116,286
1995-06-25 16:00:00,28.3,63,2.5,160,490,223,329
1995-06-25 17:00:00,26.1,74,2.5,150,474,519,181
1995-06-25 18:00:00,23.8,91,3.0,250,200,28,189
1995-06-25 19:00:00,22.7,87,0.0,0,108,145,78
1995-06-25 20:00:00,22.7,91,0.0,0,10,3,10
1995-06-25 21:00:00,23.3,90,0.0,0,0,0,0
1995-06-25 22:00:00,22.7,87,2.0,260,0,0,0
1995-06-25 23:00:00,22.2,87,2.0,330,0,0,0
1995-06-26 00:00:00,21.6,93,0.0,0,0,0,0
1995-06-26 01:00:00,21.6,93,0.0,0,0,0,0
1995-06-26 02:00:00,21.1,93,0.0,0,0,0,0
1995-06-26 03:00:00,21.1,93,0.0,0,0,0,0
1995-06-26 04:00:00,21.1,93,1.5,360,0,0,0
1995-06-26 05:00:00,21.1,93,1.5,110,0,0,0
1995-06-26 06:00:00,21.1,93,0.0,0,38,14,36
1995-06-26 07:00:00,23.3,82,0.0,0,158,108,126
1995-06-26 08:00:00,24.4,76,0.0,0,257,140,190
1995-06-26 09:00:00,25.5,72,1.5,110,353,164,248
1995-06-26 10:00:00,26.6,67,2.0,120,525,320,275
1995-06-26 11:00:00,27.2,67,2.5,110,837,682,232
1995-06-26 12:00:00,27.2,69,2.0,100,686,353,351
1995-06-26 13:00:00,28.3,67,2.0,130,932,753,210
1995-06-26 14:00:00,27.7,69,2.5,110,831,655,227
1995-06-26 15:00:00,28.3,67,2.5,150,774,707,179
1995-06-26 16:00:00,28.3,67,2.5,150,603,574,190
1995-06-26 17:00:00,25.5,72,5.1,100,452,477,182
1995-06-26 18:00:00,24.4,74,1.5,130,269,413,107
1995-06-26 19:00:00,22.7,87,0.0,0,112,289,52
1995-06-26 20:00:00,22.2,90,0.0,0,11,1,11
1995-06-26 21:00:00,22.2,90,0.0,0,0,0,0
1995-06-26 22:00:00,21.6,93,1.5,30,0,0,0
1995-06-26 23:00:00,21.6,93,2.0,50,0,0,0
1995-06-27 00:00:00,21.6,93,5.1,130,0,0,0
1995-06-27 01:00:00,21.1,93,0.0,0,0,0,0
1995-06-27 02:00:00,21.1,93,0.0,0,0,0,0
1995-06-27 03:00:00,21.6,93,1.5,70,0,0,0
1995-06-27 04:00:00,21.6,93,4.6,120,0,0,0
1995-06-27 05:00:00,21.6,93,2.0,90,0,0,0
1995-06-27 06:00:00,21.6,93,1.5,60,42,2,42
1995-06-27 07:00:00,21.6,93,2.5,80,100,12,96
1995-06-27 08:00:00,22.2,93,2.5,90,232,3,230
1995-06-27 09:00:00,22.7,87,3.0,110,352,123,272
1995-06-27 10:00:00,22.7,87,3.0,90,232,54,189
1995-06-27 11:00:00,22.2,90,5.1,100,684,189,516
1995-06-27 12:00:00,22.2,87,4.6,90,623,187,445
1995-06-27 13:00:00,21.6,91,4.6,100,442,111,335
1995-06-27 14:00:00,22.7,85,3.6,110,613,344,295
1995-06-27 15:00:00,23.3,82,5.6,100,461,96,380
1995-06-27 16:00:00,23.3,82,6.1,100,291,106,214
1995-06-27 17:00:00,21.6,87,4.6,100,296,55,264
1995-06-27 18:00:00,21.6,84,5.1,90,265,102,224
1995-06-27 19:00:00,21.1,84,3.6,80,73,44,64
1995-06-27 20:00:00,19.4,96,4.6,90,15,0,15
1995-06-27 21:00:00,19.4,93,3.0,80,0,0,0
1995-06-27 22:00:00,18.8,97,4.6,80,0,0,0
1995-06-27 23:00:00,18.8,97,3.6,80,0,0,0
1995-06-28 00:00:00,18.3,96,2.5,80,0,0,0
1995-06-28 01:00:00,18.3,96,1.5,90,0,0,0
1995-06-28 02:00:00,18.3,93,2.0,60,0,0,0
1995-06-28 03:00:00,18.3,93,2.5,80,0,0,0
1995-06-28 04:00:00,17.7,97,2.0,80,0,0,0
1995-06-28 05:00:00,17.7,93,2.5,60,0,0,0
1995-06-28 06:00:00,17.7,93,1.5,90,43,4,43
1995-06-28 07:00:00,17.7,93,2.5,90,118,13,114
1995-06-28 08:00:00,17.7,97,2.5,80,333,137,267
1995-06-28 09:00:00,18.3,93,4.6,100,389,199,260
1995-06-28 10:00:00,18.8,90,1.5,130,271,79,209
1995-06-28 11:00:00,18.8,90,2.5,90,479,125,368
1995-06-28 12:00:00,18.8,93,2.5,90,334,55,282
1995-06-28 13:00:00,18.8,93,2.5,80,484,99,389
1995-06-28 14:00:00,18.8,93,3.6,80,292,55,241
1995-06-28 15:00:00,18.8,93,3.6,90,432,83,362
1995-06-28 16:00:00,18.3,93,4.1,90,407,77,352
1995-06-28 17:00:00,18.3,93,3.0,90,224,124,154
1995-06-28 18:00:00,17.7,97,2.5,80,151,54,129
1995-06-28 19:00:00,17.7,97,1.5,60,99,18,95
1995-06-28 20:00:00,17.7,97,0.0,0,11,1,10
1995-06-28 21:00:00,18.3,93,0.0,0,0,0,0
1995-06-28 22:00:00,18.3,93,0.0,0,0,0,0
1995-06-28 23:00:00,18.3,93,0.0,0,0,0,0
1995-06-29 00:00:00,18.3,93,1.5,100,0,0,0
1995-06-29 01:00:00,18.8,93,1.5,100,0,0,0
1995-06-29 02:00:00,18.3,93,0.0,0,0,0,0
1995-06-29 03:00:00,18.3,96,2.0,100,0,0,0
1995-06-29 04:00:00,18.3,96,2.0,90,0,0,0
1995-06-29 05:00:00,18.3,96,3.0,90,0,0,0
1995-06-29 06:00:00,18.3,93,3.0,100,25,0,25
1995-06-29 07:00:00,18.8,90,2.0,100,69,0,69
1995-06-29 08:00:00,18.3,96,2.5,90,110,0,110
1995-06-29 09:00:00,18.3,93,2.5,80,123,0,123
1995-06-29 10:00:00,19.4,90,3.0,110,158,0,158
1995-06-29 11:00:00,20.0,87,1.5,100,221,0,221
1995-06-29 12:00:00,20.5,87,2.5,100,239,0,239
1995-06-29 13:00:00,20.5,87,2.0,100,243,0,243
1995-06-29 14:00:00,21.1,87,3.0,100,233,0,233
1995-06-29 15:00:00,22.7,82,0.0,0,208,0,208
1995-06-29 16:00:00,23.3,79,2.5,100,204,0,204
1995-06-29 17:00:00,22.7,85,2.0,100,155,0,155
1995-06-29 18:00:00,22.7,85,1.5,110,137,0,137
1995-06-29 19:00:00,22.2,87,1.5,130,75,6,73
1995-06-29 20:00:00,22.2,87,0.0,0,8,0,8
1995-06-29 21:00:00,21.1,90,0.0,0,0,0,0
1995-06-29 22:00:00,20.5,90,2.0,170,0,0,0
1995-06-29 23:00:00,20.5,90,2.0,160,0,0,0
1995-06-30 00:00:00,20.0,93,1.5,170,0,0,0
1995-06-30 01:00:00,19.4,96,0.0,0,0,0,0
1995-06-30 02:00:00,18.3,93,0.0,0,0,0,0
1995-06-30 03:00:00,17.7,93,0.0,0,0,0,0
1995-06-30 04:00:00,18.3,96,0.0,0,0,0,0
1995-06-30 05:00:00,17.7,97,0.0,0,0,0,0
1995-06-30 06:00:00,18.8,93,0.0,0,45,53,39
1995-06-30 07:00:00,21.6,87,1.5,180,91,13,87
1995-06-30 08:00:00,21.6,87,0.0,0,387,440,178
1995-06-30 09:00:00,24.4,76,1.5,200,543,530,203
1995-06-30 10:00:00,26.6,67,3.6,160,299,46,262
1995-06-30 11:00:00,27.2,69,3.0,110,533,121,425
1995-06-30 12:00:00,27.7,65,3.0,150,608,186,431
1995-06-30 13:00:00,28.8,63,4.6,140,872,629,269
1995-06-30 14:00:00,29.4,59,3.6,170,891,668,275
1995-06-30 15:00:00,28.3,65,4.1,140,801,640,261
1995-06-30 16:00:00,26.6,69,2.0,160,213,64,167
1995-06-30 17:00:00,25.5,74,4.1,240,461,475,191
1995-06-30 18:00:00,24.4,84,3.6,230,274,352,136
1995-06-30 19:00:00,21.1,87,2.5,180,100,174,64
1995-06-30 20:00:00,20.5,90,2.5,210,12,4,12
1995-06-30 21:00:00,20.5,90,2.0,220,0,0,0
1995-06-30 22:00:00,20.3,93,2.4,230,0,0,0
1995-06-30 23:00:00,20.1,93,2.7,210,0,0,0
1995-07-01 00:00:00,19.9,93,3.1,190,0,0,0
1998-07-01 01:00:00,19.6,69,3.5,260,0,0,0
1998-07-01 02:00:00,19.4,68,3.9,250,0,0,0
1998-07-01 03:00:00,19.2,68,4.2,290,0,0,0
1998-07-01 04:00:00,19.0,68,4.6,290,0,0,0
1998-07-01 05:00:00,19.0,68,4.6,280,0,0,0
1998-07-01 06:00:00,20.0,64,5.1,280,29,0,29
1998-07-01 07:00:00,21.4,62,5.5,280,209,319,116
1998-07-01 08:00:00,22.7,58,5.8,290,376,490,145
1998-07-01 09:00:00,24.0,54,6.2,290,540,585,165
1998-07-01 10:00:00,25.2,49,5.9,260,688,593,225
1998-07-01 11:00:00,25.4,45,5.3,230,767,519,308
1998-07-01 12:00:00,26.6,42,4.6,210,651,283,383
1998-07-01 13:00:00,26.8,41,4.1,190,875,612,287
1998-07-01 14:00:00,29.0,35,3.4,160,885,706,232
1998-07-01 15:00:00,27.2,41,2.8,140,777,674,208
1998-07-01 16:00:00,28.3,38,2.1,120,647,665,167
1998-07-01 17:00:00,28.5,40,1.3,100,467,512,176
1998-07-01 18:00:00,27.7,41,0.4,60,280,387,128
1998-07-01 19:00:00,25.9,48,0.0,0,120,233,71
1998-07-01 20:00:00,23.1,57,0.0,0,4,0,4
1998-07-01 21:00:00,22.3,59,0.0,0,0,0,0
1998-07-01 22:00:00,21.0,64,0.0,0,0,0,0
1998-07-01 23:00:00,19.9,67,0.3,340,0,0,0
1998-07-02 00:00:00,19.0,70,0.6,320,0,0,0
1998-07-02 01:00:00,18.0,75,0.9,310,0,0,0
1998-07-02 02:00:00,17.0,79,1.2,290,0,0,0
1998-07-02 03:00:00,16.0,82,1.5,270,0,0,0
1998-07-02 04:00:00,16.1,81,1.7,280,0,0,0
1998-07-02 05:00:00,16.2,80,1.9,300,0,0,0
1998-07-02 06:00:00,17.0,77,2.1,310,45,0,45
1998-07-02 07:00:00,22.0,57,2.1,310,217,371,110
1998-07-02 08:00:00,23.6,50,2.4,320,383,496,149
1998-07-02 09:00:00,25.0,45,2.6,330,546,622,148
1998-07-02 10:00:00,26.1,41,2.9,330,714,648,208
1998-07-02 11:00:00,27.0,37,3.1,340,854,760,181
1998-07-02 12:00:00,27.9,35,3.1,350,919,758,202
1998-07-02 13:00:00,28.3,34,3.1,350,947,810,170
1998-07-02 14:00:00,28.6,33,3.1,360,909,808,162
1998-07-02 15:00:00,29.0,33,3.1,360,800,740,176
1998-07-02 16:00:00,29.7,33,2.6,320,652,683,160
1998-07-02 17:00:00,30.0,33,2.1,270,489,630,131
1998-07-02 18:00:00,28.9,36,1.2,270,300,485,110
1998-07-02 19:00:00,26.8,41,0.0,0,124,298,62
1998-07-02 20:00:00,25.7,44,0.5,300,3,0,3
1998-07-02 21:00:00,24.6,47,1.2,300,0,0,0
1998-07-02 22:00:00,22.5,51,0.9,320,0,0,0
1998-07-02 23:00:00,21.5,55,1.1,320,0,0,0
1998-07-03 00:00:00,20.4,60,1.8,320,0,0,0
1998-07-03 01:00:00,19.3,65,1.5,300,0,0,0
1998-07-03 02:00:00,18.2,70,2.6,320,0,0,0
1998-07-03 03:00:00,17.1,76,0.0,0,0,0,0
1998-07-03 04:00:00,16.0,82,0.0,0,0,0,0
1998-07-03 05:00:00,15.0,82,0.0,0,0,0,0
1998-07-03 06:00:00,17.0,77,0.0,0,30,0,30
1998-07-03 07:00:00,19.5,72,1.1,310,194,260,119
1998-07-03 08:00:00,22.0,64,2.1,260,336,353,169
1998-07-03 09:00:00,26.0,58,2.6,230,514,445,230
1998-07-03 10:00:00,27.2,53,2.2,240,562,266,354
1998-07-03 11:00:00,28.2,48,1.9,240,817,585,299
1998-07-03 12:00:00,29.0,45,1.5,250,839,577,294
1998-07-03 13:00:00,29.3,45,1.9,240,851,570,304
1998-07-03 14:00:00,29.7,43,2.2,230,608,239,386
1998-07-03 15:00:00,30.0,43,2.6,220,690,436,323
1998-07-03 16:00:00,30.2,44,2.4,210,250,36,224
1998-07-03 17:00:00,30.0,46,2.1,200,423,312,246
1998-07-03 18:00:00,28.0,51,2.1,180,274,347,139
1998-07-03 19:00:00,25.7,60,1.9,200,115,228,68
1998-07-03 20:00:00,23.7,69,1.7,220,4,0,4
1998-07-03 21:00:00,22.0,73,1.5,240,0,0,0
1998-07-03 22:00:00,22.0,73,0.0,0,0,0,0
1998-07-03 23:00:00,21.0,78,0.6,50,0,0,0
1998-07-04 00:00:00,20.0,83,0.0,0,0,0,0
1998-07-04 01:00:00,20.0,78,0.0,0,0,0,0
1998-07-04 02:00:00,18.0,88,0.6,110,0,0,0
1998-07-04 03:00:00,18.0,88,0.7,140,0,0,0
1998-07-04 04:00:00,17.0,88,0.9,170,0,0,0
1998-07-04 05:00:00,17.0,88,1.5,190,0,0,0
1998-07-04 06:00:00,18.5,83,1.9,210,46,0,46
1998-07-04 07:00:00,21.2,75,2.2,240,202,332,107
1998-07-04 08:00:00,24.0,65,2.6,260,370,477,146
1998-07-04 09:00:00,26.8,58,2.4,250,527,549,177
1998-07-04 10:00:00,27.5,55,4.9,40,688,606,217
1998-07-04 11:00:00,29.3,53,7.8,30,779,543,300
1998-07-04 12:00:00,30.1,50,8.7,10,669,319,368
1998-07-04 13:00:00,29.8,54,6.4,360,288,18,270
1998-07-04 14:00:00,31.6,48,4.3,340,224,6,219
1998-07-04 15:00:00,31.4,48,6.6,340,191,0,191
1998-07-04 16:00:00,31.1,49,5.0,310,148,0,148
1998-07-04 17:00:00,29.9,49,6.3,320,126,0,126
1998-07-04 18:00:00,27.6,59,5.2,300,83,0,83
1998-07-04 19:00:00,26.4,63,5.0,300,57,0,57
1998-07-04 20:00:00,25.2,63,2.9,10,5,7,5
1998-07-04 21:00:00,24.9,63,2.1,310,0,0,0
1998-07-04 22:00:00,23.7,68,0.5,130,0,0,0
1998-07-04 23:00:00,23.5,68,0.3,120,0,0,0
1998-07-05 00:00:00,22.2,73,0.2,110,0,0,0
1998-07-05 01:00:00,21.0,78,2.1,330,0,0,0
1998-07-05 02:00:00,21.0,75,2.9,340,0,0,0
1998-07-05 03:00:00,21.0,73,3.6,350,0,0,0
1998-07-05 04:00:00,20.5,74,3.9,350,0,0,0
1998-07-05 05:00:00,20.0,75,4.2,350,0,0,0
1998-07-05 06:00:00,20.1,75,4.5,360,31,0,31
1998-07-05 07:00:00,21.6,71,4.8,360,187,235,120
1998-07-05 08:00:00,23.0,65,5.1,360,329,316,181
1998-07-05 09:00:00,22.1,70,6.0,330,456,317,254
1998-07-05 10:00:00,23.2,55,4.6,280,569,291,343
1998-07-05 11:00:00,24.3,49,3.4,240,656,308,384
1998-07-05 12:00:00,25.4,47,3.6,190,706,325,399
1998-07-05 13:00:00,26.6,39,3.4,170,719,330,403
1998-07-05 14:00:00,27.7,40,3.1,130,690,329,386
1998-07-05 15:00:00,28.8,34,2.9,100,621,310,359
1998-07-05 16:00:00,29.1,38,2.4,70,522,297,308
1998-07-05 17:00:00,29.0,43,2.1,30,401,289,237
1998-07-05 18:00:00,27.0,45,2.6,40,259,277,150
1998-07-05 19:00:00,26.0,48,1.5,30,110,114,87
1998-07-05 20:00:00,24.1,54,1.4,30,5,7,5
1998-07-05 21:00:00,22.5,58,1.2,20,0,0,0
1998-07-05 22:00:00,21.6,61,1.1,20,0,0,0
1998-07-05 23:00:00,20.6,63,1.0,20,0,0,0
1998-07-06 00:00:00,19.8,66,0.8,20,0,0,0
1998-07-06 01:00:00,19.0,69,0.7,10,0,0,0
1998-07-06 02:00:00,18.1,73,0.5,10,0,0,0
1998-07-06 03:00:00,17.3,75,0.4,10,0,0,0
1998-07-06 04:00:00,16.6,78,0.3,10,0,0,0
1998-07-06 05:00:00,16.0,81,0.1,360,0,0,0
1998-07-06 06:00:00,16.0,82,0.0,0,64,53,59
1998-07-06 07:00:00,20.0,64,0.0,0,187,235,121
1998-07-06 08:00:00,22.0,57,0.8,70,323,304,181
1998-07-06 09:00:00,24.0,50,1.5,130,456,317,254
1998-07-06 10:00:00,25.1,49,1.5,170,569,272,357
1998-07-06 11:00:00,26.0,48,1.5,200,823,609,286
1998-07-06 12:00:00,27.1,45,1.9,200,840,577,295
1998-07-06 13:00:00,27.5,44,2.2,190,743,360,398
1998-07-06 14:00:00,28.0,42,2.6,190,832,598,279
1998-07-06 15:00:00,28.7,43,3.1,160,725,573,242
1998-07-06 16:00:00,29.0,45,3.6,130,607,546,213
1998-07-06 17:00:00,29.0,45,3.6,150,472,548,162
1998-07-06 18:00:00,28.0,48,3.1,130,300,502,104
1998-07-06 19:00:00,26.0,56,2.6,110,123,298,63
1998-07-06 20:00:00,24.4,63,2.1,90,4,0,4
1998-07-06 21:00:00,23.0,66,1.6,70,0,0,0
1998-07-06 22:00:00,22.3,69,1.0,40,0,0,0
1998-07-06 23:00:00,21.6,71,0.5,20,0,0,0
1998-07-07 00:00:00,21.0,73,0.0,0,0,0,0
1998-07-07 01:00:00,20.0,78,1.5,190,0,0,0
1998-07-07 02:00:00,19.4,80,1.5,200,0,0,0
1998-07-07 03:00:00,18.8,83,1.5,210,0,0,0
1998-07-07 04:00:00,18.4,85,1.5,210,0,0,0
1998-07-07 05:00:00,18.0,88,1.5,220,0,0,0
1998-07-07 06:00:00,18.9,85,2.1,210,33,0,33
1998-07-07 07:00:00,21.1,79,2.7,200,133,65,115
1998-07-07 08:00:00,23.2,70,3.4,200,343,354,179
1998-07-07 09:00:00,25.3,63,4.0,190,501,458,211
1998-07-07 10:00:00,27.0,58,4.6,180,670,545,247
1998-07-07 11:00:00,28.0,55,4.1,190,817,639,254
1998-07-07 12:00:00,28.8,56,4.1,170,858,619,274
1998-07-07 13:00:00,29.0,58,4.1,150,809,510,321
1998-07-07 14:00:00,29.0,58,4.1,160,743,431,346
1998-07-07 15:00:00,29.0,55,4.6,170,487,131,377
1998-07-07 16:00:00,28.7,56,3.9,170,567,362,306
1998-07-07 17:00:00,28.0,58,3.1,160,302,94,249
1998-07-07 18:00:00,27.6,60,3.2,160,155,17,148
1998-07-07 19:00:00,26.4,66,3.4,170,40,0,40
1998-07-07 20:00:00,25.6,69,3.5,170,5,16,4
1998-07-07 21:00:00,25.0,69,3.6,170,0,0,0
1998-07-07 22:00:00,23.8,75,2.9,220,0,0,0
1998-07-07 23:00:00,21.6,80,3.3,200,0,0,0
1998-07-08 00:00:00,21.5,80,3.2,250,0,0,0
1998-07-08 01:00:00,19.3,87,3.1,300,0,0,0
1998-07-08 02:00:00,19.1,88,2.9,270,0,0,0
1998-07-08 03:00:00,17.9,89,0.7,290,0,0,0
1998-07-08 04:00:00,15.7,100,2.0,250,0,0,0
1998-07-08 05:00:00,14.5,100,0.4,320,0,0,0
1998-07-08 06:00:00,18.4,92,0.3,330,0,0,0
1998-07-08 07:00:00,18.2,99,2.7,180,102,0,102
1998-07-08 08:00:00,21.0,83,0.0,0,234,62,205
1998-07-08 09:00:00,23.0,78,0.5,30,215,6,211
1998-07-08 10:00:00,24.6,77,1.0,70,259,6,254
1998-07-08 11:00:00,26.0,74,1.5,100,291,12,280
1998-07-08 12:00:00,27.2,72,1.7,90,548,144,412
1998-07-08 13:00:00,27.8,71,1.8,70,282,30,253
1998-07-08 14:00:00,28.4,70,2.0,60,832,610,269
1998-07-08 15:00:00,29.0,70,2.1,40,284,24,264
1998-07-08 16:00:00,23.0,78,5.7,50,318,24,301
1998-07-08 17:00:00,22.0,83,4.1,50,269,29,252
1998-07-08 18:00:00,22.1,81,2.7,30,186,58,164
1998-07-08 19:00:00,21.4,83,1.4,20,66,5,65
1998-07-08 20:00:00,21.0,83,0.0,0,4,0,4
1998-07-08 21:00:00,20.1,84,0.0,0,0,0,0
1998-07-08 22:00:00,19.8,86,0.0,0,0,0,0
1998-07-08 23:00:00,19.5,84,0.0,0,0,0,0
1998-07-09 00:00:00,19.4,83,0.0,0,0,0,0
1998-07-09 01:00:00,19.2,84,0.0,0,0,0,0
1998-07-09 02:00:00,19.0,83,0.0,0,0,0,0
1998-07-09 03:00:00,19.0,88,0.0,0,0,0,0
1998-07-09 04:00:00,19.5,87,0.0,0,0,0,0
1998-07-09 05:00:00,19.4,84,0.0,0,0,0,0
1998-07-09 06:00:00,19.8,89,0.0,0,0,0,0
1998-07-09 07:00:00,21.8,75,0.9,180,79,0,79
1998-07-09 08:00:00,23.4,69,0.0,0,199,19,191
1998-07-09 09:00:00,25.0,67,0.0,0,228,18,217
1998-07-09 10:00:00,26.5,51,0.0,0,619,351,348
1998-07-09 11:00:00,27.5,52,0.6,180,650,289,395
1998-07-09 12:00:00,28.6,49,0.0,0,602,180,433
1998-07-09 13:00:00,29.6,44,0.5,50,575,138,443
1998-07-09 14:00:00,30.6,40,2.3,40,673,317,380
1998-07-09 15:00:00,30.9,43,0.4,40,487,119,387
1998-07-09 16:00:00,31.4,44,0.6,10,414,95,346
1998-07-09 17:00:00,30.7,49,2.4,10,324,118,257
1998-07-09 18:00:00,29.0,55,0.0,0,222,104,182
1998-07-09 19:00:00,27.0,66,0.0,0,101,97,81
1998-07-09 20:00:00,25.6,72,0.3,360,3,0,3
1998-07-09 21:00:00,24.5,73,0.5,350,0,0,0
1998-07-09 22:00:00,24.1,75,0.8,350,0,0,0
1998-07-09 23:00:00,23.6,74,1.0,340,0,0,0
1998-07-10 00:00:00,23.3,74,1.3,340,0,0,0
1998-07-10 01:00:00,23.0,75,1.6,340,0,0,0
1998-07-10 02:00:00,22.6,75,1.8,330,0,0,0
1998-07-10 03:00:00,22.3,74,2.1,330,0,0,0
1998-07-10 04:00:00,22.1,74,2.3,320,0,0,0
1998-07-10 05:00:00,22.0,73,2.6,320,0,0,0
1998-07-10 06:00:00,22.3,71,2.4,310,0,0,0
1998-07-10 07:00:00,24.0,65,2.1,290,197,334,104
1998-07-10 08:00:00,26.0,58,3.1,340,372,515,134
1998-07-10 09:00:00,27.0,54,4.1,330,535,610,150
1998-07-10 10:00:00,28.0,51,3.6,340,708,654,203
1998-07-10 11:00:00,29.0,45,4.6,340,842,724,206
1998-07-10 12:00:00,30.3,44,4.6,350,895,698,238
1998-07-10 13:00:00,31.0,43,4.6,350,887,624,291
1998-07-10 14:00:00,31.0,36,2.6,340,862,658,255
1998-07-10 15:00:00,31.2,35,3.6,330,777,668,215
1998-07-10 16:00:00,31.0,36,4.6,320,613,535,228
1998-07-10 17:00:00,30.2,37,4.9,350,368,218,245
1998-07-10 18:00:00,29.0,40,5.1,10,289,433,121
1998-07-10 19:00:00,26.5,46,4.4,360,123,275,67
1998-07-10 20:00:00,24.3,51,3.7,350,3,0,3
1998-07-10 21:00:00,22.5,53,2.9,350,0,0,0
1998-07-10 22:00:00,21.2,56,2.2,340,0,0,0
1998-07-10 23:00:00,20.0,56,1.5,330,0,0,0
1998-07-11 00:00:00,19.5,58,2.3,330,0,0,0
1998-07-11 01:00:00,19.0,60,3.1,330,0,0,0
1998-07-11 02:00:00,18.0,62,2.6,330,0,0,0
1998-07-11 03:00:00,17.0,63,2.1,320,0,0,0
1998-07-11 04:00:00,16.0,68,2.1,310,0,0,0
1998-07-11 05:00:00,13.0,82,0.0,0,0,0,0
1998-07-11 06:00:00,14.5,73,0.8,360,0,0,0
1998-07-11 07:00:00,17.4,61,1.6,360,197,347,102
1998-07-11 08:00:00,20.2,50,2.3,360,379,553,125
1998-07-11 09:00:00,23.0,41,3.1,360,541,635,142
1998-07-11 10:00:00,24.0,41,0.0,0,708,660,199
1998-07-11 11:00:00,25.0,36,4.1,360,836,724,201
1998-07-11 12:00:00,26.0,34,3.1,360,919,782,184
1998-07-11 13:00:00,26.0,34,5.1,270,935,780,190
1998-07-11 14:00:00,26.8,33,4.8,270,897,778,181
1998-07-11 15:00:00,27.6,32,4.4,260,800,752,169
1998-07-11 16:00:00,28.0,32,4.1,260,652,689,157
1998-07-11 17:00:00,27.1,35,3.8,270,483,618,134
1998-07-11 18:00:00,25.6,39,3.4,270,299,519,98
1998-07-11 19:00:00,23.4,47,3.1,280,123,308,61
1998-07-11 20:00:00,21.5,55,2.8,290,3,0,3
1998-07-11 21:00:00,19.9,59,2.4,290,0,0,0
1998-07-11 22:00:00,19.0,64,2.1,300,0,0,0
1998-07-11 23:00:00,17.9,66,2.0,290,0,0,0
1998-07-12 00:00:00,16.9,69,1.9,280,0,0,0
1998-07-12 01:00:00,15.9,73,1.8,270,0,0,0
1998-07-12 02:00:00,14.8,76,1.7,250,0,0,0
1998-07-12 03:00:00,13.8,79,1.6,240,0,0,0
1998-07-12 04:00:00,13.0,82,1.5,230,0,0,0
1998-07-12 05:00:00,13.7,80,1.5,240,0,0,0
1998-07-12 06:00:00,15.0,77,1.5,250,0,0,0
1998-07-12 07:00:00,17.6,68,1.6,270,198,354,101
1998-07-12 08:00:00,20.3,58,1.7,290,372,528,130
1998-07-12 09:00:00,22.8,51,1.9,320,541,641,139
1998-07-12 10:00:00,25.0,45,2.0,340,708,666,195
1998-07-12 11:00:00,27.0,39,2.1,360,836,730,196
1998-07-12 12:00:00,27.7,38,1.9,350,907,740,212
1998-07-12 13:00:00,27.9,38,1.7,350,929,762,202
1998-07-12 14:00:00,28.0,37,1.5,340,891,760,192
1998-07-12 15:00:00,29.0,33,0.0,0,783,668,222
1998-07-12 16:00:00,29.0,37,2.6,40,590,493,236
1998-07-12 17:00:00,28.0,40,2.6,160,433,412,201
1998-07-12 18:00:00,26.6,44,2.0,120,284,415,123
1998-07-12 19:00:00,24.4,52,1.3,80,105,151,75
1998-07-12 20:00:00,22.6,60,0.7,40,3,0,3
1998-07-12 21:00:00,21.0,64,0.0,0,0,0,0
1998-07-12 22:00:00,19.9,70,0.0,0,0,0,0
1998-07-12 23:00:00,18.9,73,0.0,0,0,0,0
1998-07-13 00:00:00,18.0,77,0.0,0,0,0,0
1998-07-13 01:00:00,17.5,78,0.0,0,0,0,0
1998-07-13 02:00:00,17.0,77,0.0,0,0,0,0
1998-07-13 03:00:00,16.0,82,0.0,0,0,0,0
1998-07-13 04:00:00,16.0,82,0.0,0,0,0,0
1998-07-13 05:00:00,16.0,82,0.0,0,0,0,0
1998-07-13 06:00:00,17.0,82,0.0,0,0,0,0
1998-07-13 07:00:00,20.5,72,1.1,90,159,138,121
1998-07-13 08:00:00,24.0,61,2.1,170,379,497,152
1998-07-13 09:00:00,25.3,57,4.3,240,529,592,158
1998-07-13 10:00:00,26.3,54,2.0,210,721,715,171
1998-07-13 11:00:00,27.1,51,2.6,150,836,730,197
1998-07-13 12:00:00,28.9,48,0.6,190,901,710,235
1998-07-13 13:00:00,29.9,46,1.8,190,857,594,291
1998-07-13 14:00:00,31.1,43,3.0,200,844,670,228
1998-07-13 15:00:00,31.0,46,2.6,170,754,621,233
1998-07-13 16:00:00,30.7,48,3.4,170,533,333,295
1998-07-13 17:00:00,30.0,52,4.1,170,422,359,220
1998-07-13 18:00:00,29.0,55,3.6,180,248,167,183
1998-07-13 19:00:00,27.0,62,3.1,170,105,102,84
1998-07-13 20:00:00,25.9,67,2.9,170,3,0,3
1998-07-13 21:00:00,25.1,68,2.8,180,0,0,0
1998-07-13 22:00:00,25.0,69,2.6,180,0,0,0
1998-07-13 23:00:00,24.2,70,2.6,180,0,0,0
1998-07-14 00:00:00,23.7,71,2.6,180,0,0,0
1998-07-14 01:00:00,23.0,73,2.6,180,0,0,0
1998-07-14 02:00:00,23.0,73,2.0,190,0,0,0
1998-07-14 03:00:00,22.9,73,2.1,170,0,0,0
1998-07-14 04:00:00,23.1,73,1.1,140,0,0,0
1998-07-14 05:00:00,23.3,73,1.7,180,0,0,0
1998-07-14 06:00:00,24.1,68,2.2,190,0,0,0
1998-07-14 07:00:00,26.4,61,2.3,170,183,250,115
1998-07-14 08:00:00,26.9,59,1.8,170,331,373,162
1998-07-14 09:00:00,27.5,61,0.0,0,529,580,166
1998-07-14 10:00:00,29.0,57,3.0,220,677,588,226
1998-07-14 11:00:00,30.3,53,1.5,230,793,603,265
1998-07-14 12:00:00,32.0,49,3.6,190,828,565,298
1998-07-14 13:00:00,32.0,52,3.6,140,695,312,398
1998-07-14 14:00:00,32.0,49,4.1,160,720,377,374
1998-07-14 15:00:00,32.0,46,4.6,180,528,173,383
1998-07-14 16:00:00,31.6,47,4.2,180,550,368,286
1998-07-14 17:00:00,30.9,49,3.8,180,411,294,246
1998-07-14 18:00:00,29.7,52,3.4,180,119,0,119
1998-07-14 19:00:00,27.7,59,3.0,180,57,0,57
1998-07-14 20:00:00,26.0,65,2.6,180,2,0,2
1998-07-14 21:00:00,25.2,67,2.4,180,0,0,0
1998-07-14 22:00:00,25.1,69,2.3,190,0,0,0
1998-07-14 23:00:00,25.0,69,2.1,190,0,0,0
1998-07-15 00:00:00,24.0,74,2.1,180,0,0,0
1998-07-15 01:00:00,24.0,74,2.1,170,0,0,0
1998-07-15 02:00:00,23.4,75,1.7,140,0,0,0
1998-07-15 03:00:00,22.9,76,1.4,110,0,0,0
1998-07-15 04:00:00,22.5,77,1.1,90,0,0,0
1998-07-15 05:00:00,22.2,78,0.7,60,0,0,0
1998-07-15 06:00:00,22.4,78,0.4,30,0,0,0
1998-07-15 07:00:00,24.0,74,0.0,0,136,92,111
1998-07-15 08:00:00,25.8,67,0.4,30,166,6,163
1998-07-15 09:00:00,27.6,59,0.8,60,235,12,227
1998-07-15 10:00:00,28.9,56,1.3,90,373,42,341
1998-07-15 11:00:00,30.1,51,1.7,120,508,121,402
1998-07-15 12:00:00,31.0,49,2.1,150,511,72,444
1998-07-15 13:00:00,31.0,49,2.1,140,515,96,424
1998-07-15 14:00:00,30.0,53,2.6,140,496,96,408
1998-07-15 15:00:00,29.0,58,3.1,130,446,84,376
1998-07-15 16:00:00,29.2,57,3.0,130,227,12,218
1998-07-15 17:00:00,29.1,57,2.9,130,214,18,204
1998-07-15 18:00:00,28.4,60,2.7,120,185,75,157
1998-07-15 19:00:00,27.0,66,2.6,120,61,5,60
1998-07-15 20:00:00,25.0,74,1.5,120,1,0,1
1998-07-15 21:00:00,24.2,75,1.5,140,0,0,0
1998-07-15 22:00:00,24.1,75,1.5,170,0,0,0
1998-07-15 23:00:00,24.0,74,1.5,190,0,0,0
1998-07-16 00:00:00,23.5,75,0.8,280,0,0,0
1998-07-16 01:00:00,23.0,78,0.0,0,0,0,0
1998-07-16 02:00:00,22.8,75,0.0,0,0,0,0
1998-07-16 03:00:00,22.6,75,0.0,0,0,0,0
1998-07-16 04:00:00,22.3,80,0.5,10,0,0,0
1998-07-16 05:00:00,21.1,79,0.0,0,0,0,0
1998-07-16 06:00:00,21.9,79,0.0,0,0,0,0
1998-07-16 07:00:00,22.7,74,0.0,0,112,26,105
1998-07-16 08:00:00,26.4,62,1.0,60,297,211,202
1998-07-16 09:00:00,29.2,55,2.0,30,483,415,225
1998-07-16 10:00:00,30.0,52,1.5,10,601,376,314
1998-07-16 11:00:00,30.7,49,1.5,310,780,585,270
1998-07-16 12:00:00,31.0,49,1.5,250,840,595,283
1998-07-16 13:00:00,30.4,52,1.6,270,641,228,425
1998-07-16 14:00:00,29.8,54,1.7,300,496,96,408
1998-07-16 15:00:00,29.2,58,1.9,320,243,6,239
1998-07-16 16:00:00,28.3,63,2.0,350,215,6,211
1998-07-16 17:00:00,27.0,70,2.1,10,148,0,148
1998-07-16 18:00:00,26.1,73,1.9,320,149,17,143
1998-07-16 19:00:00,24.4,82,1.7,280,91,91,73
1998-07-16 20:00:00,23.0,89,1.5,230,1,0,1
1998-07-16 21:00:00,22.4,90,1.5,240,0,0,0
1998-07-16 22:00:00,22.5,91,1.5,250,0,0,0
1998-07-16 23:00:00,22.5,90,1.5,260,0,0,0
1998-07-17 00:00:00,22.7,89,1.5,260,0,0,0
1998-07-17 01:00:00,22.9,89,1.5,270,0,0,0
1998-07-17 02:00:00,23.0,89,1.5,280,0,0,0
1998-07-17 03:00:00,22.9,89,0.8,320,0,0,0
1998-07-17 04:00:00,23.0,89,0.0,0,0,0,0
1998-07-17 05:00:00,22.9,87,0.8,340,0,0,0
1998-07-17 06:00:00,23.4,85,1.6,330,0,0,0
1998-07-17 07:00:00,25.2,79,2.3,310,153,99,126
1998-07-17 08:00:00,27.0,70,3.1,290,284,156,214
1998-07-17 09:00:00,28.3,63,4.7,150,353,128,273
1998-07-17 10:00:00,30.6,58,4.7,130,665,533,257
1998-07-17 11:00:00,32.9,47,4.8,150,811,651,244
1998-07-17 12:00:00,33.1,43,5.5,300,889,698,237
1998-07-17 13:00:00,33.4,47,5.6,360,881,606,305
1998-07-17 14:00:00,32.7,42,6.1,240,820,622,250
1998-07-17 15:00:00,33.0,46,3.6,290,742,620,224
1998-07-17 16:00:00,32.4,44,3.6,290,612,576,201
1998-07-17 17:00:00,31.4,43,3.6,300,422,383,208
1998-07-17 18:00:00,30.0,43,3.6,300,268,357,131
1998-07-17 19:00:00,28.1,49,3.3,300,91,91,73
1998-07-17 20:00:00,26.5,55,3.0,310,1,0,1
1998-07-17 21:00:00,25.3,57,2.7,310,0,0,0
1998-07-17 22:00:00,24.6,60,2.4,320,0,0,0
1998-07-17 23:00:00,24.0,61,2.1,320,0,0,0
1998-07-18 00:00:00,23.0,65,1.5,340,0,0,0
1998-07-18 01:00:00,22.6,67,1.7,340,0,0,0
1998-07-18 02:00:00,22.3,68,1.9,350,0,0,0
1998-07-18 03:00:00,22.0,69,2.1,350,0,0,0
1998-07-18 04:00:00,21.4,69,1.9,320,0,0,0
1998-07-18 05:00:00,20.9,69,1.7,290,0,0,0
1998-07-18 06:00:00,21.0,69,1.5,260,0,0,0
1998-07-18 07:00:00,23.5,56,2.8,280,185,317,102
1998-07-18 08:00:00,26.0,45,4.1,300,360,523,126
1998-07-18 09:00:00,27.0,42,5.1,340,536,647,135
1998-07-18 10:00:00,28.0,37,5.7,340,703,666,195
1998-07-18 11:00:00,28.0,35,7.2,340,836,754,180
1998-07-18 12:00:00,30.0,33,3.6,340,913,782,183
1998-07-18 13:00:00,30.6,32,3.7,320,935,804,172
1998-07-18 14:00:00,31.2,30,3.9,300,897,796,168
1998-07-18 15:00:00,31.8,30,4.0,280,788,728,181
1998-07-18 16:00:00,32.0,29,4.1,260,652,713,144
1998-07-18 17:00:00,32.0,29,2.1,300,482,641,125
1998-07-18 18:00:00,31.0,31,2.6,360,293,519,96
1998-07-18 19:00:00,28.0,37,0.0,0,116,305,58
1998-07-18 20:00:00,26.0,44,0.0,0,1,0,1
1998-07-18 21:00:00,24.2,50,0.0,0,0,0,0
1998-07-18 22:00:00,23.1,56,0.0,0,0,0,0
1998-07-18 23:00:00,22.0,60,0.0,0,0,0,0
1998-07-19 00:00:00,21.1,64,0.0,0,0,0,0
1998-07-19 01:00:00,20.0,69,0.0,0,0,0,0
1998-07-19 02:00:00,19.0,73,0.0,0,0,0,0
1998-07-19 03:00:00,19.0,73,0.0,0,0,0,0
1998-07-19 04:00:00,20.0,73,0.0,0,0,0,0
1998-07-19 05:00:00,21.0,73,0.0,0,0,0,0
1998-07-19 06:00:00,21.1,72,0.0,0,0,0,0
1998-07-19 07:00:00,22.6,68,0.0,0,170,192,120
1998-07-19 08:00:00,24.0,61,0.0,0,173,19,165
1998-07-19 09:00:00,26.0,54,0.0,0,190,0,190
1998-07-19 10:00:00,28.2,50,1.4,320,393,73,337
1998-07-19 11:00:00,30.2,46,2.7,290,805,555,323
1998-07-19 12:00:00,32.0,43,4.1,250,907,764,195
1998-07-19 13:00:00,32.5,44,4.2,230,923,726,235
1998-07-19 14:00:00,33.0,43,4.3,210,767,509,302
1998-07-19 15:00:00,33.5,44,4.4,190,748,614,235
1998-07-19 16:00:00,33.7,44,4.4,170,572,445,256
1998-07-19 17:00:00,33.3,45,3.2,200,444,453,192
1998-07-19 18:00:00,32.3,48,3.2,220,277,415,121
1998-07-19 19:00:00,29.7,56,1.4,30,111,251,64
1998-07-19 20:00:00,27.7,66,1.0,20,0,0,0
1998-07-19 21:00:00,26.0,72,0.5,10,0,0,0
1998-07-19 22:00:00,25.0,78,0.0,0,0,0,0
1998-07-19 23:00:00,24.4,81,0.8,310,0,0,0
1998-07-20 00:00:00,24.0,83,1.5,250,0,0,0
1998-07-20 01:00:00,23.0,83,2.1,210,0,0,0
1998-07-20 02:00:00,23.3,79,1.7,240,0,0,0
1998-07-20 03:00:00,23.6,74,1.4,260,0,0,0
1998-07-20 04:00:00,24.0,70,1.1,290,0,0,0
1998-07-20 05:00:00,24.5,66,0.7,310,0,0,0
1998-07-20 06:00:00,25.6,62,0.4,340,0,0,0
1998-07-20 07:00:00,28.0,55,0.0,0,138,119,107
1998-07-20 08:00:00,29.2,51,0.5,340,111,0,111
1998-07-20 09:00:00,30.4,46,1.0,330,209,6,206
1998-07-20 10:00:00,31.1,45,1.6,310,209,12,200
1998-07-20 11:00:00,31.7,42,2.1,300,632,314,360
1998-07-20 12:00:00,32.0,41,2.6,280,664,283,400
1998-07-20 13:00:00,32.4,41,3.1,280,486,78,412
1998-07-20 14:00:00,32.7,41,3.6,270,395,30,368
1998-07-20 15:00:00,33.0,42,4.1,270,296,24,276
1998-07-20 16:00:00,33.0,44,4.6,260,606,505,248
1998-07-20 17:00:00,32.2,44,4.6,280,460,530,166
1998-07-20 18:00:00,31.0,46,4.6,290,251,276,147
1998-07-20 19:00:00,28.7,53,4.1,280,111,288,57
1998-07-20 20:00:00,26.7,59,3.6,280,0,0,0
1998-07-20 21:00:00,25.0,62,3.1,270,0,0,0
1998-07-20 22:00:00,24.0,65,2.6,260,0,0,0
1998-07-20 23:00:00,22.9,68,2.1,280,0,0,0
1998-07-21 00:00:00,22.0,71,1.6,300,0,0,0
1998-07-21 01:00:00,21.0,75,1.0,320,0,0,0
1998-07-21 02:00:00,20.0,79,0.5,340,0,0,0
1998-07-21 03:00:00,19.0,83,0.0,0,0,0,0
1998-07-21 04:00:00,20.0,80,1.8,310,0,0,0
1998-07-21 05:00:00,21.0,78,3.6,250,0,0,0
1998-07-21 06:00:00,22.3,73,2.6,230,0,0,0
1998-07-21 07:00:00,25.0,65,1.5,210,187,319,105
1998-07-21 08:00:00,28.0,55,2.1,250,347,498,127
1998-07-21 09:00:00,30.0,52,3.6,230,524,617,145
1998-07-21 10:00:00,31.1,49,3.6,240,684,630,206
1998-07-21 11:00:00,32.0,46,3.6,250,787,567,296
1998-07-21 12:00:00,33.5,43,4.0,250,378,60,322
1998-07-21 13:00:00,34.5,41,4.4,260,899,618,315
1998-07-21 14:00:00,35.4,39,4.9,260,832,658,231
1998-07-21 15:00:00,36.4,38,5.3,270,748,650,207
1998-07-21 16:00:00,37.0,37,5.7,270,617,623,175
1998-07-21 17:00:00,37.0,37,4.6,290,443,453,193
1998-07-21 18:00:00,35.6,40,4.3,290,246,282,140
1998-07-21 19:00:00,33.3,47,4.0,280,106,256,59
1998-07-21 20:00:00,31.3,53,3.7,280,0,0,0
1998-07-21 21:00:00,29.8,55,3.4,270,0,0,0
1998-07-21 22:00:00,28.9,57,3.1,270,0,0,0
1998-07-21 23:00:00,28.0,59,2.8,270,0,0,0
1998-07-22 00:00:00,27.3,61,2.5,280,0,0,0
1998-07-22 01:00:00,26.5,63,2.1,280,0,0,0
1998-07-22 02:00:00,25.7,65,1.9,280,0,0,0
1998-07-22 03:00:00,24.9,67,1.6,100,0,0,0
1998-07-22 04:00:00,25.4,66,2.4,250,0,0,0
1998-07-22 05:00:00,26.0,65,3.4,230,0,0,0
1998-07-22 06:00:00,27.0,62,3.1,230,0,0,0
1998-07-22 07:00:00,28.0,58,4.6,230,180,279,109
1998-07-22 08:00:00,31.0,52,4.6,250,334,449,136
1998-07-22 09:00:00,33.7,42,5.1,280,517,574,166
1998-07-22 10:00:00,36.0,35,5.7,300,678,630,201
1998-07-22 11:00:00,36.0,33,7.2,340,812,670,233
1998-07-22 12:00:00,36.7,32,6.6,10,895,734,213
1998-07-22 13:00:00,36.9,33,6.0,40,911,732,219
1998-07-22 14:00:00,37.0,33,5.3,70,850,634,272
1998-07-22 15:00:00,37.2,34,4.7,100,736,620,221
1998-07-22 16:00:00,37.0,35,4.1,130,617,576,210
1998-07-22 17:00:00,35.9,38,2.7,90,339,176,242
1998-07-22 18:00:00,34.4,43,1.4,40,174,63,151
1998-07-22 19:00:00,32.0,52,0.0,0,30,0,30
1998-07-22 20:00:00,30.0,59,1.5,350,0,0,0
1998-07-22 21:00:00,28.7,61,1.6,330,0,0,0
1998-07-22 22:00:00,28.0,63,1.7,310,0,0,0
1998-07-22 23:00:00,27.3,64,1.8,290,0,0,0
1998-07-23 00:00:00,26.8,65,1.8,280,0,0,0
1998-07-23 01:00:00,26.2,67,1.9,260,0,0,0
1998-07-23 02:00:00,25.6,69,2.0,240,0,0,0
1998-07-23 03:00:00,25.0,69,2.1,220,0,0,0
1998-07-23 04:00:00,25.0,69,2.1,210,0,0,0
1998-07-23 05:00:00,25.2,68,2.6,230,0,0,0
1998-07-23 06:00:00,26.0,65,3.1,240,0,0,0
1998-07-23 07:00:00,26.0,65,3.6,230,33,0,33
1998-07-23 08:00:00,24.0,78,2.6,250,125,0,125
1998-07-23 09:00:00,26.3,69,3.3,260,550,581,196
1998-07-23 10:00:00,28.1,62,4.0,260,704,715,163
1998-07-23 11:00:00,29.9,55,4.6,270,812,688,218
1998-07-23 12:00:00,31.3,52,5.3,280,883,698,236
1998-07-23 13:00:00,32.2,49,6.0,280,899,696,242
1998-07-23 14:00:00,33.0,46,6.7,290,861,676,246
1998-07-23 15:00:00,33.2,45,5.1,290,707,537,262
1998-07-23 16:00:00,33.0,44,3.6,290,595,487,251
1998-07-23 17:00:00,31.0,49,3.1,330,230,41,207
1998-07-23 18:00:00,30.0,52,2.9,320,143,12,139
1998-07-23 19:00:00,28.2,59,2.7,310,55,0,55
1998-07-23 20:00:00,26.7,65,2.5,290,0,0,0
1998-07-23 21:00:00,25.5,67,2.3,280,0,0,0
1998-07-23 22:00:00,25.0,69,2.1,270,0,0,0
1998-07-23 23:00:00,25.0,65,2.6,280,0,0,0
1998-07-24 00:00:00,24.4,66,2.4,280,0,0,0
1998-07-24 01:00:00,23.8,67,2.2,280,0,0,0
1998-07-24 02:00:00,23.1,68,1.9,290,0,0,0
1998-07-24 03:00:00,22.5,68,1.7,290,0,0,0
1998-07-24 04:00:00,22.0,69,1.5,290,0,0,0
1998-07-24 05:00:00,21.0,73,2.6,280,0,0,0
1998-07-24 06:00:00,19.3,64,2.8,320,0,0,0
1998-07-24 07:00:00,19.4,55,3.1,350,91,0,91
1998-07-24 08:00:00,17.7,52,3.2,30,174,12,169
1998-07-24 09:00:00,17.2,43,3.4,70,459,318,265
1998-07-24 10:00:00,14.5,42,4.0,130,678,618,212
1998-07-24 11:00:00,11.7,36,4.7,200,763,561,279
1998-07-24 12:00:00,10.1,31,5.4,230,804,553,291
1998-07-24 13:00:00,5.1,32,5.6,270,869,642,264
1998-07-24 14:00:00,-1.0,42,5.7,320,850,640,268
1998-07-24 15:00:00,-0.4,41,5.4,280,730,585,246
1998-07-24 16:00:00,0.8,40,5.1,240,623,635,175
1998-07-24 17:00:00,4.7,40,4.7,200,459,553,156
1998-07-24 18:00:00,5.8,43,3.4,30,256,316,139
1998-07-24 19:00:00,5.3,52,1.1,220,80,74,66
1998-07-24 20:00:00,5.9,58,0.8,210,0,0,0
1998-07-24 21:00:00,7.0,63,0.6,190,0,0,0
1998-07-24 22:00:00,8.3,63,0.2,190,0,0,0
1998-07-24 23:00:00,10.0,64,0.0,0,0,0,0
1998-07-25 00:00:00,11.7,65,1.2,250,0,0,0
1998-07-25 01:00:00,12.8,69,0.0,0,0,0,0
1998-07-25 02:00:00,14.0,69,0.0,0,0,0,0
1998-07-25 03:00:00,14.6,70,0.0,0,0,0,0
1998-07-25 04:00:00,16.3,74,0.0,0,0,0,0
1998-07-25 05:00:00,18.0,73,0.0,0,0,0,0
1998-07-25 06:00:00,18.8,69,0.3,360,0,0,0
1998-07-25 07:00:00,20.9,62,0.5,360,174,294,101
1998-07-25 08:00:00,23.0,53,0.8,360,349,518,123
1998-07-25 09:00:00,24.9,47,1.0,360,439,293,261
1998-07-25 10:00:00,26.5,42,1.3,360,640,521,248
1998-07-25 11:00:00,28.0,37,1.5,360,701,410,347
1998-07-25 12:00:00,27.6,38,4.3,100,908,746,217
1998-07-25 13:00:00,27.6,39,3.0,80,917,726,234
1998-07-25 14:00:00,27.7,39,3.7,10,796,568,280
1998-07-25 15:00:00,27.3,40,0.4,150,631,340,351
1998-07-25 16:00:00,27.6,38,3.2,250,436,160,323
1998-07-25 17:00:00,27.4,38,1.9,200,371,259,230
1998-07-25 18:00:00,27.0,39,2.1,130,143,17,137
1998-07-25 19:00:00,25.3,46,1.8,110,42,0,42
1998-07-25 20:00:00,23.9,52,1.6,100,0,0,0
1998-07-25 21:00:00,22.8,55,1.3,80,0,0,0
1998-07-25 22:00:00,22.4,59,1.1,70,0,0,0
1998-07-25 23:00:00,22.0,60,0.8,50,0,0,0
1998-07-26 00:00:00,21.7,63,0.5,30,0,0,0
1998-07-26 01:00:00,21.3,66,0.3,20,0,0,0
1998-07-26 02:00:00,21.0,69,0.0,0,0,0,0
1998-07-26 03:00:00,22.0,64,0.0,0,0,0,0
1998-07-26 04:00:00,21.0,73,1.5,360,0,0,0
1998-07-26 05:00:00,20.4,72,1.9,10,0,0,0
1998-07-26 06:00:00,20.4,70,2.3,20,0,0,0
1998-07-26 07:00:00,21.7,64,2.7,20,83,0,83
1998-07-26 08:00:00,23.0,57,3.1,30,237,100,194
1998-07-26 09:00:00,23.0,65,3.1,50,453,312,264
1998-07-26 10:00:00,25.1,56,3.1,70,387,91,319
1998-07-26 11:00:00,27.0,48,3.1,80,632,278,394
1998-07-26 12:00:00,27.7,45,2.6,60,743,409,365
1998-07-26 13:00:00,27.9,44,2.0,30,797,516,312
1998-07-26 14:00:00,28.0,42,1.5,10,702,365,371
1998-07-26 15:00:00,28.5,42,1.6,30,405,78,342
1998-07-26 16:00:00,28.6,42,1.7,50,521,309,304
1998-07-26 17:00:00,28.3,44,1.9,70,371,247,237
1998-07-26 18:00:00,27.5,47,2.0,90,229,161,171
1998-07-26 19:00:00,26.0,54,2.1,110,91,185,59
1998-07-26 20:00:00,24.0,62,1.6,80,0,0,0
1998-07-26 21:00:00,22.2,68,1.1,60,0,0,0
1998-07-26 22:00:00,21.1,74,0.5,30,0,0,0
1998-07-26 23:00:00,20.0,78,0.0,0,0,0,0
1998-07-27 00:00:00,19.5,81,0.0,0,0,0,0
1998-07-27 01:00:00,19.2,84,0.0,0,0,0,0
1998-07-27 02:00:00,19.0,85,0.0,0,0,0,0
1998-07-27 03:00:00,19.4,82,0.1,100,0,0,0
1998-07-27 04:00:00,18.9,87,0.9,310,0,0,0
1998-07-27 05:00:00,18.7,85,1.2,170,0,0,0
1998-07-27 06:00:00,19.0,83,1.5,200,0,0,0
1998-07-27 07:00:00,21.4,73,2.3,200,133,114,106
1998-07-27 08:00:00,23.9,62,3.2,200,307,350,157
1998-07-27 09:00:00,26.2,53,4.0,190,446,349,236
1998-07-27 10:00:00,28.2,46,4.9,190,679,606,224
1998-07-27 11:00:00,30.0,40,5.7,190,781,615,253
1998-07-27 12:00:00,30.1,42,5.7,190,816,523,333
1998-07-27 13:00:00,29.7,44,5.7,190,444,84,365
1998-07-27 14:00:00,29.2,47,5.7,180,608,227,402
1998-07-27 15:00:00,28.8,50,5.7,180,556,227,369
1998-07-27 16:00:00,28.0,55,5.7,180,390,101,320
1998-07-27 17:00:00,27.0,54,5.1,180,344,182,245
1998-07-27 18:00:00,26.4,58,4.8,190,229,161,171
1998-07-27 19:00:00,25.0,65,4.4,190,83,89,67
1998-07-27 20:00:00,24.0,71,4.1,200,0,0,0
1998-07-27 21:00:00,23.2,73,3.8,210,0,0,0
1998-07-27 22:00:00,23.1,74,3.4,210,0,0,0
1998-07-27 23:00:00,23.0,73,3.1,220,0,0,0
1998-07-28 00:00:00,22.0,78,3.1,230,0,0,0
1998-07-28 01:00:00,21.4,80,3.0,230,0,0,0
1998-07-28 02:00:00,20.9,81,2.9,240,0,0,0
1998-07-28 03:00:00,20.4,82,2.9,240,0,0,0
1998-07-28 04:00:00,20.0,83,2.8,240,0,0,0
1998-07-28 05:00:00,19.7,83,2.7,250,0,0,0
1998-07-28 06:00:00,20.0,83,2.6,250,0,0,0
1998-07-28 07:00:00,23.0,73,2.6,250,159,208,109
1998-07-28 08:00:00,26.0,61,2.6,250,308,356,155
1998-07-28 09:00:00,28.0,55,2.1,280,525,642,139
1998-07-28 10:00:00,30.0,43,1.5,340,673,588,233
1998-07-28 11:00:00,32.0,38,3.1,210,577,211,396
1998-07-28 12:00:00,32.8,37,3.1,230,506,102,411
1998-07-28 13:00:00,33.1,36,3.1,250,617,204,426
1998-07-28 14:00:00,33.3,35,3.1,270,773,539,286
1998-07-28 15:00:00,33.6,35,3.1,280,585,274,359
1998-07-28 16:00:00,33.5,35,3.1,300,424,136,329
1998-07-28 17:00:00,33.0,36,3.1,320,349,206,238
1998-07-28 18:00:00,31.9,39,3.2,330,214,132,166
1998-07-28 19:00:00,30.0,44,3.2,330,90,184,59
1998-07-28 20:00:00,28.2,50,2.9,350,0,0,0
1998-07-28 21:00:00,26.7,54,2.6,360,0,0,0
1998-07-28 22:00:00,25.8,57,2.3,10,0,0,0
1998-07-28 23:00:00,25.0,58,1.9,20,0,0,0
1998-07-29 00:00:00,23.7,63,1.8,40,0,0,0
1998-07-29 01:00:00,22.7,67,1.6,40,0,0,0
1998-07-29 02:00:00,21.6,70,1.4,240,0,0,0
1998-07-29 03:00:00,21.0,73,1.5,240,0,0,0
1998-07-29 04:00:00,21.1,72,1.7,240,0,0,0
1998-07-29 05:00:00,21.2,72,1.8,240,0,0,0
1998-07-29 06:00:00,22.0,70,2.0,230,0,0,0
1998-07-29 07:00:00,24.0,65,2.1,230,160,242,102
1998-07-29 08:00:00,26.2,57,3.1,250,294,306,163
1998-07-29 09:00:00,28.3,50,4.1,260,486,477,200
1998-07-29 10:00:00,30.0,46,5.1,280,641,558,225
1998-07-29 11:00:00,31.7,41,4.1,290,775,591,270
1998-07-29 12:00:00,33.0,38,3.1,300,676,319,383
1998-07-29 13:00:00,33.5,38,2.9,310,815,552,299
1998-07-29 14:00:00,34.0,36,2.6,320,720,395,363
1998-07-29 15:00:00,34.3,36,2.8,320,579,292,339
1998-07-29 16:00:00,34.2,36,3.0,320,226,18,214
1998-07-29 17:00:00,33.7,36,3.2,310,300,118,237
1998-07-29 18:00:00,32.7,38,3.4,310,223,224,143
1998-07-29 19:00:00,31.0,43,3.6,310,33,0,33
1998-07-29 20:00:00,29.1,49,3.1,320,0,0,0
1998-07-29 21:00:00,27.5,53,2.6,320,0,0,0
1998-07-29 22:00:00,26.5,57,2.1,330,0,0,0
1998-07-29 23:00:00,25.6,59,1.5,340,0,0,0
1998-07-30 00:00:00,24.8,61,1.0,350,0,0,0
1998-07-30 01:00:00,23.9,66,0.5,350,0,0,0
1998-07-30 02:00:00,23.0,69,0.0,0,0,0,0
1998-07-30 03:00:00,22.9,71,0.0,0,0,0,0
1998-07-30 04:00:00,23.0,73,0.0,0,0,0,0
1998-07-30 05:00:00,22.2,76,0.0,0,0,0,0
1998-07-30 06:00:00,22.0,78,0.0,0,0,0,0
1998-07-30 07:00:00,23.9,69,0.5,20,127,101,103
1998-07-30 08:00:00,25.8,59,1.1,50,210,50,189
1998-07-30 09:00:00,27.6,51,1.6,70,335,98,277
1998-07-30 10:00:00,29.0,45,2.1,90,603,394,310
1998-07-30 11:00:00,31.2,42,2.9,110,757,573,267
1998-07-30 12:00:00,33.0,41,3.6,120,859,638,273
1998-07-30 13:00:00,33.5,41,3.9,150,875,636,281
1998-07-30 14:00:00,34.0,41,4.1,180,778,551,283
1998-07-30 15:00:00,33.0,44,5.1,170,475,119,377
1998-07-30 16:00:00,32.7,44,3.9,160,407,119,325
1998-07-30 17:00:00,32.0,46,2.6,150,272,82,228
1998-07-30 18:00:00,30.4,51,2.4,130,91,0,91
1998-07-30 19:00:00,28.0,60,2.2,110,36,0,36
1998-07-30 20:00:00,25.9,68,1.9,90,0,0,0
1998-07-30 21:00:00,24.1,73,1.7,70,0,0,0
1998-07-30 22:00:00,23.0,78,1.5,50,0,0,0
1998-07-30 23:00:00,22.4,79,1.3,40,0,0,0
1998-07-31 00:00:00,21.9,81,1.0,30,0,0,0
1998-07-31 01:00:00,21.4,84,0.8,30,0,0,0
1998-07-31 02:00:00,20.8,86,0.5,20,0,0,0
1998-07-31 03:00:00,20.3,87,0.3,10,0,0,0
1998-07-31 04:00:00,20.0,88,0.0,0,0,0,0
1998-07-31 05:00:00,20.0,88,1.1,360,0,0,0
1998-07-31 06:00:00,20.0,88,2.1,360,0,0,0
1998-07-31 07:00:00,20.5,89,2.1,360,85,0,85
1998-07-31 08:00:00,21.0,83,2.1,360,126,0,126
1998-07-31 09:00:00,22.8,70,2.3,320,427,269,267
1998-07-31 10:00:00,24.1,62,2.6,260,368,49,332
1998-07-31 11:00:00,25.6,56,3.1,200,509,133,396
1998-07-31 12:00:00,27.2,52,3.6,150,713,319,420
1998-07-31 13:00:00,27.7,51,3.8,110,360,42,320
1998-07-31 14:00:00,28.3,48,4.0,70,413,36,381
1998-07-31 15:00:00,28.0,48,4.6,10,446,101,363
1998-07-31 16:00:00,28.6,45,4.4,40,593,552,211
1998-07-31 17:00:00,29.0,43,4.1,60,430,482,173
1998-07-31 18:00:00,27.4,47,3.3,50,258,441,102
1998-07-31 19:00:00,24.7,58,2.5,40,88,224,52
1998-07-31 20:00:00,22.8,63,1.6,20,0,0,0
1998-07-31 21:00:00,21.3,68,0.8,10,0,0,0
1998-07-31 22:00:00,21.3,73,0.9,0,0,0,0
1998-07-31 23:00:00,21.2,72,1.0,40,0,0,0
1998-08-01 00:00:00,21.2,71,1.1,90,0,0,0
1995-08-01 01:00:00,21.2,79,1.2,200,0,0,0
1995-08-01 02:00:00,21.2,76,1.3,190,0,0,0
1995-08-01 03:00:00,21.1,81,1.4,210,0,0,0
1995-08-01 04:00:00,21.1,87,1.5,190,0,0,0
1995-08-01 05:00:00,21.1,90,0.0,0,0,0,0
1995-08-01 06:00:00,23.8,82,1.5,230,17,32,15
1995-08-01 07:00:00,26.1,71,2.0,220,125,202,78
1995-08-01 08:00:00,27.2,69,2.5,220,298,424,119
1995-08-01 09:00:00,30.0,61,3.0,230,485,462,210
1995-08-01 10:00:00,31.1,55,2.5,220,694,675,194
1995-08-01 11:00:00,32.2,50,2.5,240,795,686,212
1995-08-01 12:00:00,33.3,49,2.5,230,785,595,241
1995-08-01 13:00:00,34.4,47,3.6,190,813,581,273
1995-08-01 14:00:00,33.8,48,4.6,150,874,732,217
1995-08-01 15:00:00,34.4,44,4.1,150,795,761,175
1995-08-01 16:00:00,33.3,49,5.1,150,646,711,156
1995-08-01 17:00:00,32.7,51,4.6,150,461,626,128
1995-08-01 18:00:00,31.1,55,3.0,160,242,416,96
1995-08-01 19:00:00,29.4,63,2.0,170,62,40,55
1995-08-01 20:00:00,27.7,67,0.0,0,2,3,2
1995-08-01 21:00:00,26.6,72,2.0,180,0,0,0
1995-08-01 22:00:00,25.5,74,2.0,180,0,0,0
1995-08-01 23:00:00,25.5,74,3.0,180,0,0,0
1995-08-02 00:00:00,25.0,76,1.5,210,0,0,0
1995-08-02 01:00:00,25.0,76,2.0,210,0,0,0
1995-08-02 02:00:00,25.5,77,3.0,230,0,0,0
1995-08-02 03:00:00,25.0,79,2.0,240,0,0,0
1995-08-02 04:00:00,24.4,82,2.0,220,0,0,0
1995-08-02 05:00:00,24.4,82,1.5,210,0,0,0
1995-08-02 06:00:00,23.8,85,1.5,250,19,73,14
1995-08-02 07:00:00,26.1,76,0.0,0,109,211,61
1995-08-02 08:00:00,28.3,67,2.5,230,258,312,127
1995-08-02 09:00:00,30.5,57,0.0,0,550,768,94
1995-08-02 10:00:00,32.7,52,0.0,0,698,636,228
1995-08-02 11:00:00,33.8,51,2.0,130,788,790,118
1995-08-02 12:00:00,33.8,52,3.6,190,881,799,152
1995-08-02 13:00:00,34.4,46,5.6,170,892,802,147
1995-08-02 14:00:00,35.0,44,4.6,160,904,870,126
1995-08-02 15:00:00,34.4,47,3.6,160,807,848,118
1995-08-02 16:00:00,32.7,49,4.1,160,550,553,169
1995-08-02 17:00:00,31.6,54,2.5,150,479,740,87
1995-08-02 18:00:00,30.5,59,2.0,140,257,554,63
1995-08-02 19:00:00,29.4,65,1.5,140,86,274,43
1995-08-02 20:00:00,26.6,74,0.0,0,2,19,2
1995-08-02 21:00:00,26.1,76,1.5,180,0,0,0
1995-08-02 22:00:00,24.4,84,0.0,0,0,0,0
1995-08-02 23:00:00,25.0,81,0.0,0,0,0,0
1995-08-03 00:00:00,23.8,85,1.5,200,0,0,0
1995-08-03 01:00:00,23.3,87,1.5,210,0,0,0
1995-08-03 02:00:00,23.8,85,2.5,220,0,0,0
1995-08-03 03:00:00,23.3,87,1.5,230,0,0,0
1995-08-03 04:00:00,22.2,90,2.0,200,0,0,0
1995-08-03 05:00:00,21.6,91,0.0,0,0,0,0
1995-08-03 06:00:00,22.2,90,1.5,210,14,0,14
1995-08-03 07:00:00,25.5,79,2.0,230,82,39,72
1995-08-03 08:00:00,28.3,67,1.5,220,237,154,173
1995-08-03 09:00:00,30.0,61,2.0,210,351,283,184
1995-08-03 10:00:00,32.7,51,3.6,180,676,593,239
1995-08-03 11:00:00,33.3,47,2.5,160,746,557,274
1995-08-03 12:00:00,33.8,48,3.6,180,882,733,214
1995-08-03 13:00:00,33.8,48,6.1,190,838,556,323
1995-08-03 14:00:00,33.8,46,6.6,150,848,627,289
1995-08-03 15:00:00,34.4,44,4.6,170,781,712,204
1995-08-03 16:00:00,33.8,44,3.0,170,631,657,181
1995-08-03 17:00:00,32.2,49,5.1,170,438,553,146
1995-08-03 18:00:00,31.1,53,5.1,180,175,98,141
1995-08-03 19:00:00,29.4,57,3.0,170,63,35,58
1995-08-03 20:00:00,27.7,63,2.0,170,2,0,2
1995-08-03 21:00:00,26.1,69,2.0,180,0,0,0
1995-08-03 22:00:00,25.0,71,0.0,0,0,0,0
1995-08-03 23:00:00,24.4,74,2.0,190,0,0,0
1995-08-04 00:00:00,24.4,74,2.0,210,0,0,0
1995-08-04 01:00:00,25.0,71,3.0,220,0,0,0
1995-08-04 02:00:00,24.4,74,2.0,210,0,0,0
1995-08-04 03:00:00,23.8,76,2.0,200,0,0,0
1995-08-04 04:00:00,23.3,79,2.0,200,0,0,0
1995-08-04 05:00:00,23.8,76,3.6,220,0,0,0
1995-08-04 06:00:00,23.8,76,3.6,230,12,2,12
1995-08-04 07:00:00,26.6,67,2.5,230,31,0,31
1995-08-04 08:00:00,28.8,63,4.1,230,71,0,71
1995-08-04 09:00:00,31.1,57,4.1,210,112,0,112
1995-08-04 10:00:00,32.2,52,4.6,230,146,0,146
1995-08-04 11:00:00,33.8,44,3.6,220,308,0,308
1995-08-04 12:00:00,35.5,42,3.0,210,334,0,334
1995-08-04 13:00:00,33.8,44,3.0,240,636,139,507
1995-08-04 14:00:00,35.5,42,3.6,230,779,680,173
1995-08-04 15:00:00,35.5,39,4.1,200,714,682,163
1995-08-04 16:00:00,33.8,43,5.6,200,604,685,136
1995-08-04 17:00:00,32.7,51,3.0,160,450,631,118
1995-08-04 18:00:00,29.4,72,5.1,270,78,0,78
1995-08-04 19:00:00,25.0,81,2.0,210,25,0,25
1995-08-04 20:00:00,24.4,88,0.0,0,2,4,2
1995-08-04 21:00:00,24.4,88,0.0,0,0,0,0
1995-08-04 22:00:00,23.3,90,0.0,0,0,0,0
1995-08-04 23:00:00,23.3,90,1.5,260,0,0,0
1995-08-05 00:00:00,23.3,90,0.0,0,0,0,0
1995-08-05 01:00:00,22.7,91,0.0,0,0,0,0
1995-08-05 02:00:00,22.2,93,0.0,0,0,0,0
1995-08-05 03:00:00,21.6,93,0.0,0,0,0,0
1995-08-05 04:00:00,22.2,90,1.5,240,0,0,0
1995-08-05 05:00:00,22.2,90,0.0,0,0,0,0
1995-08-05 06:00:00,22.2,90,2.0,220,13,3,13
1995-08-05 07:00:00,23.8,88,1.5,240,117,170,79
1995-08-05 08:00:00,25.5,82,2.0,200,232,239,133
1995-08-05 09:00:00,28.3,70,2.5,210,326,198,210
1995-08-05 10:00:00,30.5,61,3.0,230,567,236,394
1995-08-05 11:00:00,33.3,52,3.6,230,437,201,267
1995-08-05 12:00:00,29.4,61,2.0,360,342,71,277
1995-08-05 13:00:00,25.5,79,9.2,20,188,0,188
1995-08-05 14:00:00,23.3,90,2.0,360,257,0,257
1995-08-05 15:00:00,24.4,84,1.5,110,228,0,228
1995-08-05 16:00:00,26.1,79,0.0,0,567,505,223
1995-08-05 17:00:00,26.6,79,1.5,210,270,249,140
1995-08-05 18:00:00,25.0,87,3.0,260,77,0,77
1995-08-05 19:00:00,24.4,88,2.5,260,38,0,38
1995-08-05 20:00:00,23.3,90,0.0,0,1,0,1
1995-08-05 21:00:00,22.7,94,1.5,150,0,0,0
1995-08-05 22:00:00,22.7,94,0.0,0,0,0,0
1995-08-05 23:00:00,22.7,94,0.0,0,0,0,0
1995-08-06 00:00:00,22.2,90,0.0,0,0,0,0
1995-08-06 01:00:00,22.2,90,0.0,0,0,0,0
1995-08-06 02:00:00,22.2,93,0.0,0,0,0,0
1995-08-06 03:00:00,22.2,93,0.0,0,0,0,0
1995-08-06 04:00:00,22.2,93,2.0,30,0,0,0
1995-08-06 05:00:00,21.6,93,2.0,10,0,0,0
1995-08-06 06:00:00,21.6,91,2.0,60,14,2,13
1995-08-06 07:00:00,21.1,93,0.0,0,90,32,83
1995-08-06 08:00:00,21.6,93,3.0,30,236,142,178
1995-08-06 09:00:00,21.6,93,1.5,60,374,225,242
1995-08-06 10:00:00,21.6,93,1.5,30,517,214,360
1995-08-06 11:00:00,22.2,90,2.5,30,437,125,332
1995-08-06 12:00:00,22.2,90,2.0,10,570,292,305
1995-08-06 13:00:00,23.3,87,3.0,20,637,344,320
1995-08-06 14:00:00,25.0,81,2.5,10,754,491,318
1995-08-06 15:00:00,27.7,67,2.5,10,678,345,401
1995-08-06 16:00:00,24.4,79,2.5,330,470,373,217
1995-08-06 17:00:00,23.3,87,2.5,90,355,273,213
1995-08-06 18:00:00,23.3,87,0.0,0,198,146,148
1995-08-06 19:00:00,23.8,88,0.0,0,63,21,60
1995-08-06 20:00:00,23.3,84,2.0,80,1,0,1
1995-08-06 21:00:00,22.7,91,0.0,0,0,0,0
1995-08-06 22:00:00,22.2,90,2.0,80,0,0,0
1995-08-06 23:00:00,21.6,84,2.5,70,0,0,0
1995-08-07 00:00:00,21.1,84,0.0,0,0,0,0
1995-08-07 01:00:00,20.5,87,1.5,30,0,0,0
1995-08-07 02:00:00,20.0,87,0.0,0,0,0,0
1995-08-07 03:00:00,19.4,90,1.5,30,0,0,0
1995-08-07 04:00:00,19.4,90,1.5,20,0,0,0
1995-08-07 05:00:00,19.4,87,1.5,50,0,0,0
1995-08-07 06:00:00,20.0,84,2.0,80,17,11,16
1995-08-07 07:00:00,20.0,81,3.0,70,98,170,61
1995-08-07 08:00:00,21.1,78,2.5,80,281,304,157
1995-08-07 09:00:00,21.1,73,3.0,60,467,590,124
1995-08-07 10:00:00,21.6,73,2.5,80,500,363,235
1995-08-07 11:00:00,21.1,75,5.1,80,685,430,324
1995-08-07 12:00:00,21.6,71,2.0,90,876,650,288
1995-08-07 13:00:00,21.1,73,2.0,70,743,497,286
1995-08-07 14:00:00,22.2,68,2.0,30,660,370,332
1995-08-07 15:00:00,23.3,64,0.0,0,651,479,267
1995-08-07 16:00:00,22.7,66,2.0,80,393,169,278
1995-08-07 17:00:00,22.2,71,3.0,70,377,304,220
1995-08-07 18:00:00,21.6,76,2.5,100,248,405,113
1995-08-07 19:00:00,20.5,78,0.0,0,82,109,66
1995-08-07 20:00:00,20.5,78,1.5,80,1,1,1
1995-08-07 21:00:00,20.0,84,0.0,0,0,0,0
1995-08-07 22:00:00,20.0,84,0.0,0,0,0,0
1995-08-07 23:00:00,19.4,84,0.0,0,0,0,0
1995-08-08 00:00:00,19.4,87,0.0,0,0,0,0
1995-08-08 01:00:00,19.4,87,0.0,0,0,0,0
1995-08-08 02:00:00,19.4,87,0.0,0,0,0,0
1995-08-08 03:00:00,19.4,84,0.0,0,0,0,0
1995-08-08 04:00:00,18.8,87,0.0,0,0,0,0
1995-08-08 05:00:00,17.7,90,0.0,0,0,0,0
1995-08-08 06:00:00,17.2,93,0.0,0,12,11,11
1995-08-08 07:00:00,18.3,87,0.0,0,142,64,128
1995-08-08 08:00:00,21.1,63,4.1,110,295,407,130
1995-08-08 09:00:00,21.6,64,3.0,90,388,238,249
1995-08-08 10:00:00,22.7,59,2.0,120,493,324,257
1995-08-08 11:00:00,23.3,53,3.6,90,712,571,233
1995-08-08 12:00:00,23.3,50,0.0,0,800,615,245
1995-08-08 13:00:00,24.4,52,2.0,130,918,836,151
1995-08-08 14:00:00,25.0,48,1.5,120,860,771,179
1995-08-08 15:00:00,24.4,54,3.6,130,778,763,169
1995-08-08 16:00:00,23.8,58,4.1,100,602,693,136
1995-08-08 17:00:00,23.3,60,3.0,110,430,596,124
1995-08-08 18:00:00,22.2,64,2.0,100,250,452,101
1995-08-08 19:00:00,21.1,66,1.5,110,77,217,47
1995-08-08 20:00:00,20.0,73,0.0,0,1,0,1
1995-08-08 21:00:00,20.0,73,0.0,0,0,0,0
1995-08-08 22:00:00,19.4,81,0.0,0,0,0,0
1995-08-08 23:00:00,18.8,84,0.0,0,0,0,0
1995-08-09 00:00:00,18.3,87,0.0,0,0,0,0
1995-08-09 01:00:00,18.8,81,0.0,0,0,0,0
1995-08-09 02:00:00,18.3,87,0.0,0,0,0,0
1995-08-09 03:00:00,18.3,87,0.0,0,0,0,0
1995-08-09 04:00:00,17.7,90,0.0,0,0,0,0
1995-08-09 05:00:00,17.7,93,0.0,0,0,0,0
1995-08-09 06:00:00,17.7,90,0.0,0,11,13,10
1995-08-09 07:00:00,19.4,84,0.0,0,93,141,63
1995-08-09 08:00:00,19.4,84,0.0,0,169,41,153
1995-08-09 09:00:00,20.0,84,3.0,150,223,5,220
1995-08-09 10:00:00,23.3,69,1.5,190,574,314,345
1995-08-09 11:00:00,23.8,64,3.0,180,443,42,407
1995-08-09 12:00:00,24.4,62,2.0,180,262,81,189
1995-08-09 13:00:00,24.4,62,1.5,180,593,126,477
1995-08-09 14:00:00,23.8,67,2.0,180,562,72,498
1995-08-09 15:00:00,25.0,62,2.5,150,334,154,211
1995-08-09 16:00:00,25.0,60,3.6,180,311,52,276
1995-08-09 17:00:00,24.4,64,2.0,160,406,375,214
1995-08-09 18:00:00,22.7,73,1.5,150,175,146,127
1995-08-09 19:00:00,22.2,76,0.0,0,58,4,57
1995-08-09 20:00:00,22.2,79,0.0,0,0,0,0
1995-08-09 21:00:00,21.4,82,0.5,40,0,0,0
1995-08-09 22:00:00,20.8,86,1.0,90,0,0,0
1995-08-09 23:00:00,20.5,87,1.5,130,0,0,0
1995-08-10 00:00:00,20.5,87,0.0,0,0,0,0
1995-08-10 01:00:00,20.5,90,0.0,0,0,0,0
1995-08-10 02:00:00,20.5,90,1.5,130,0,0,0
1995-08-10 03:00:00,20.5,90,0.0,0,0,0,0
1995-08-10 04:00:00,20.5,87,1.5,180,0,0,0
1995-08-10 05:00:00,20.0,90,0.0,0,0,0,0
1995-08-10 06:00:00,20.0,90,1.5,200,12,54,9
1995-08-10 07:00:00,20.5,90,0.0,0,140,119,115
1995-08-10 08:00:00,24.4,74,2.5,180,317,317,189
1995-08-10 09:00:00,25.0,74,3.6,170,157,0,157
1995-08-10 10:00:00,26.1,67,4.1,160,566,386,286
1995-08-10 11:00:00,26.6,62,3.6,170,243,0,243
1995-08-10 12:00:00,26.1,67,3.0,160,265,0,265
1995-08-10 13:00:00,27.2,65,3.6,170,810,618,245
1995-08-10 14:00:00,28.3,61,4.1,210,726,320,444
1995-08-10 15:00:00,28.8,59,4.1,150,661,478,282
1995-08-10 16:00:00,28.3,59,3.0,180,566,549,199
1995-08-10 17:00:00,28.8,57,3.0,170,309,188,214
1995-08-10 18:00:00,27.7,63,2.0,160,178,95,147
1995-08-10 19:00:00,25.5,72,2.5,140,61,22,58
1995-08-10 20:00:00,23.8,76,0.0,0,0,0,0
1995-08-10 21:00:00,22.2,84,2.0,170,0,0,0
1995-08-10 22:00:00,22.2,84,2.0,180,0,0,0
1995-08-10 23:00:00,22.2,87,1.5,180,0,0,0
1995-08-11 00:00:00,21.6,91,0.0,0,0,0,0
1995-08-11 01:00:00,21.1,90,0.0,0,0,0,0
1995-08-11 02:00:00,20.5,93,0.0,0,0,0,0
1995-08-11 03:00:00,20.0,93,0.0,0,0,0,0
1995-08-11 04:00:00,20.0,93,1.5,260,0,0,0
1995-08-11 05:00:00,19.4,90,0.0,0,0,0,0
1995-08-11 06:00:00,19.4,93,0.0,0,10,6,9
1995-08-11 07:00:00,21.1,87,0.0,0,101,171,65
1995-08-11 08:00:00,23.3,79,0.0,0,288,341,151
1995-08-11 09:00:00,26.1,71,1.5,190,480,491,198
1995-08-11 10:00:00,27.7,63,1.5,170,641,434,328
1995-08-11 11:00:00,30.0,59,0.0,0,768,583,283
1995-08-11 12:00:00,30.0,55,1.5,50,435,36,402
1995-08-11 13:00:00,31.1,52,2.5,90,919,741,244
1995-08-11 14:00:00,31.1,52,0.0,0,792,637,234
1995-08-11 15:00:00,23.8,71,5.6,350,383,89,312
1995-08-11 16:00:00,22.2,84,3.0,320,347,58,308
1995-08-11 17:00:00,22.7,85,3.6,210,247,48,223
1995-08-11 18:00:00,23.3,79,2.0,270,120,25,112
1995-08-11 19:00:00,22.7,85,1.5,250,34,6,33
1995-08-11 20:00:00,21.1,90,1.5,170,0,0,0
1995-08-11 21:00:00,21.1,90,0.0,0,0,0,0
1995-08-11 22:00:00,20.5,93,0.0,0,0,0,0
1995-08-11 23:00:00,20.5,93,0.0,0,0,0,0
1995-08-12 00:00:00,20.5,93,0.0,0,0,0,0
1995-08-12 01:00:00,20.0,93,0.0,0,0,0,0
1995-08-12 02:00:00,19.4,93,0.0,0,0,0,0
1995-08-12 03:00:00,20.0,90,1.5,230,0,0,0
1995-08-12 04:00:00,20.0,90,2.0,250,0,0,0
1995-08-12 05:00:00,19.4,93,2.5,230,0,0,0
1995-08-12 06:00:00,21.1,87,2.5,250,8,0,8
1995-08-12 07:00:00,21.6,84,1.5,240,101,34,94
1995-08-12 08:00:00,25.3,73,2.6,270,164,102,123
1995-08-12 09:00:00,28.8,65,3.6,300,418,358,213
1995-08-12 10:00:00,30.0,61,3.6,310,612,497,254
1995-08-12 11:00:00,31.1,57,4.1,300,770,634,243
1995-08-12 12:00:00,31.6,58,2.0,270,872,586,348
1995-08-12 13:00:00,31.1,59,3.0,260,880,680,262
1995-08-12 14:00:00,32.7,54,3.6,290,801,617,262
1995-08-12 15:00:00,33.3,50,3.6,270,760,604,283
1995-08-12 16:00:00,33.3,52,4.1,260,543,514,202
1995-08-12 17:00:00,33.3,50,5.1,280,364,376,175
1995-08-12 18:00:00,31.6,55,1.5,260,193,283,103
1995-08-12 19:00:00,29.4,63,2.0,270,49,51,43
1995-08-12 20:00:00,27.7,69,1.5,210,0,0,0
1995-08-12 21:00:00,26.1,74,2.0,240,0,0,0
1995-08-12 22:00:00,26.6,72,1.5,260,0,0,0
1995-08-12 23:00:00,26.1,74,1.5,260,0,0,0
1995-08-13 00:00:00,25.5,77,2.5,260,0,0,0
1995-08-13 01:00:00,25.0,79,0.0,0,0,0,0
1995-08-13 02:00:00,25.0,81,0.0,0,0,0,0
1995-08-13 03:00:00,25.0,81,0.0,0,0,0,0
1995-08-13 04:00:00,24.4,82,0.0,0,0,0,0
1995-08-13 05:00:00,23.8,85,0.0,0,0,0,0
1995-08-13 06:00:00,24.4,84,0.0,0,8,5,8
1995-08-13 07:00:00,26.6,79,0.0,0,78,22,74
1995-08-13 08:00:00,27.2,74,0.0,0,278,363,135
1995-08-13 09:00:00,29.4,65,2.5,60,459,481,185
1995-08-13 10:00:00,29.4,65,2.0,60,641,615,200
1995-08-13 11:00:00,30.5,63,1.5,140,686,560,222
1995-08-13 12:00:00,30.5,65,1.5,70,824,650,244
1995-08-13 13:00:00,32.2,59,2.5,110,903,726,245
1995-08-13 14:00:00,32.2,64,1.5,170,826,690,225
1995-08-13 15:00:00,31.6,66,3.0,200,691,599,220
1995-08-13 16:00:00,31.6,63,1.5,160,584,566,210
1995-08-13 17:00:00,30.5,70,0.0,0,376,389,182
1995-08-13 18:00:00,30.5,73,0.0,0,191,315,92
1995-08-13 19:00:00,28.8,82,0.0,0,45,46,39
1995-08-13 20:00:00,27.2,85,0.0,0,0,0,0
1995-08-13 21:00:00,25.5,90,0.0,0,0,0,0
1995-08-13 22:00:00,25.0,93,0.0,0,0,0,0
1995-08-13 23:00:00,24.4,94,0.0,0,0,0,0
1995-08-14 00:00:00,25.0,90,2.0,210,0,0,0
1995-08-14 01:00:00,25.0,90,2.0,220,0,0,0
1995-08-14 02:00:00,25.0,87,2.0,230,0,0,0
1995-08-14 03:00:00,23.8,91,0.0,0,0,0,0
1995-08-14 04:00:00,23.3,90,0.0,0,0,0,0
1995-08-14 05:00:00,23.3,94,0.0,0,0,0,0
1995-08-14 06:00:00,23.3,90,1.5,200,9,0,8
1995-08-14 07:00:00,25.5,85,1.5,220,109,207,67
1995-08-14 08:00:00,27.2,76,1.5,210,272,425,106
1995-08-14 09:00:00,31.6,63,2.0,250,476,576,149
1995-08-14 10:00:00,32.2,61,0.0,0,628,559,228
1995-08-14 11:00:00,33.8,54,1.5,310,734,569,265
1995-08-14 12:00:00,34.4,53,2.0,290,772,575,259
1995-08-14 13:00:00,34.4,51,2.5,330,764,588,232
1995-08-14 14:00:00,36.1,46,1.5,270,815,659,242
1995-08-14 15:00:00,35.5,46,2.0,310,695,633,199
1995-08-14 16:00:00,35.5,46,1.5,290,222,0,222
1995-08-14 17:00:00,34.4,53,0.0,0,152,0,152
1995-08-14 18:00:00,32.7,66,0.0,0,79,0,79
1995-08-14 19:00:00,30.0,72,0.0,0,36,0,36
1995-08-14 20:00:00,28.4,78,0.0,0,0,0,0
1995-08-14 21:00:00,27.2,82,0.0,0,0,0,0
1995-08-14 22:00:00,26.1,87,0.0,0,0,0,0
1995-08-14 23:00:00,26.1,87,0.0,0,0,0,0
1995-08-15 00:00:00,25.0,90,0.0,0,0,0,0
1995-08-15 01:00:00,24.4,90,0.0,0,0,0,0
1995-08-15 02:00:00,24.4,88,0.0,0,0,0,0
1995-08-15 03:00:00,23.8,91,0.0,0,0,0,0
1995-08-15 04:00:00,23.3,90,0.0,0,0,0,0
1995-08-15 05:00:00,23.3,90,0.0,0,0,0,0
1995-08-15 06:00:00,23.3,90,0.0,0,6,0,6
1995-08-15 07:00:00,25.5,82,0.0,0,102,44,93
1995-08-15 08:00:00,27.7,74,0.0,0,189,155,128
1995-08-15 09:00:00,30.5,68,1.5,50,446,440,197
1995-08-15 10:00:00,30.5,68,2.0,60,616,569,210
1995-08-15 11:00:00,31.4,65,1.8,70,745,755,123
1995-08-15 12:00:00,32.2,61,1.5,80,728,549,240
1995-08-15 13:00:00,32.9,59,2.0,90,778,544,287
1995-08-15 14:00:00,33.8,54,2.5,90,489,361,176
1995-08-15 15:00:00,33.8,54,2.0,70,589,440,246
1995-08-15 16:00:00,33.3,54,2.5,110,566,618,161
1995-08-15 17:00:00,32.7,58,2.5,100,414,581,129
1995-08-15 18:00:00,31.1,65,2.0,120,215,444,79
1995-08-15 19:00:00,29.4,75,0.0,0,42,9,41
1995-08-15 20:00:00,27.7,79,2.5,130,0,1,0
1995-08-15 21:00:00,26.1,87,0.0,0,0,0,0
1995-08-15 22:00:00,26.1,85,0.0,0,0,0,0
1995-08-15 23:00:00,25.0,90,0.0,0,0,0,0
1995-08-16 00:00:00,24.4,90,0.0,0,0,0,0
1995-08-16 01:00:00,24.4,90,0.0,0,0,0,0
1995-08-16 02:00:00,24.4,90,0.0,0,0,0,0
1995-08-16 03:00:00,23.8,91,0.0,0,0,0,0
1995-08-16 04:00:00,23.3,90,0.0,0,0,0,0
1995-08-16 05:00:00,22.2,90,0.0,0,0,0,0
1995-08-16 06:00:00,22.2,90,0.0,0,8,6,7
1995-08-16 07:00:00,24.4,88,0.0,0,43,0,43
1995-08-16 08:00:00,27.2,76,2.0,320,158,68,132
1995-08-16 09:00:00,28.3,72,1.5,310,483,618,135
1995-08-16 10:00:00,30.0,65,0.0,0,544,435,234
1995-08-16 11:00:00,31.1,65,3.6,40,766,712,181
1995-08-16 12:00:00,31.6,63,2.0,60,763,582,248
1995-08-16 13:00:00,32.2,61,3.6,50,808,658,216
1995-08-16 14:00:00,33.3,58,3.0,360,744,570,251
1995-08-16 15:00:00,33.3,58,3.6,40,731,689,194
1995-08-16 16:00:00,33.3,56,2.5,40,510,491,191
1995-08-16 17:00:00,31.1,68,2.5,80,385,523,130
1995-08-16 18:00:00,30.5,73,2.0,50,165,226,96
1995-08-16 19:00:00,28.8,74,0.0,0,41,60,35
1995-08-16 20:00:00,27.7,79,0.0,0,0,0,0
1995-08-16 21:00:00,26.6,82,0.0,0,0,0,0
1995-08-16 22:00:00,26.1,85,0.0,0,0,0,0
1995-08-16 23:00:00,26.1,85,0.0,0,0,0,0
1995-08-17 00:00:00,25.5,88,0.0,0,0,0,0
1995-08-17 01:00:00,26.1,85,1.5,340,0,0,0
1995-08-17 02:00:00,24.4,90,0.0,0,0,0,0
1995-08-17 03:00:00,24.4,90,0.0,0,0,0,0
1995-08-17 04:00:00,25.0,90,2.0,320,0,0,0
1995-08-17 05:00:00,25.5,85,2.5,350,0,0,0
1995-08-17 06:00:00,25.0,87,2.0,340,6,3,6
1995-08-17 07:00:00,26.1,76,2.5,340,83,30,77
1995-08-17 08:00:00,27.7,69,3.0,350,227,322,104
1995-08-17 09:00:00,28.8,63,3.6,340,460,560,146
1995-08-17 10:00:00,30.0,57,2.5,330,660,666,187
1995-08-17 11:00:00,32.2,54,3.6,10,779,715,193
1995-08-17 12:00:00,32.7,52,3.0,360,843,649,269
1995-08-17 13:00:00,33.3,50,4.1,340,842,702,212
1995-08-17 14:00:00,33.8,48,3.6,30,794,724,170
1995-08-17 15:00:00,33.8,44,4.1,10,692,475,323
1995-08-17 16:00:00,33.3,44,4.1,350,420,294,230
1995-08-17 17:00:00,33.3,42,3.0,360,353,452,134
1995-08-17 18:00:00,32.2,44,2.0,350,198,347,94
1995-08-17 19:00:00,27.2,60,0.0,0,46,36,42
1995-08-17 20:00:00,25.5,69,1.5,290,0,0,0
1995-08-17 21:00:00,25.5,66,1.5,300,0,0,0
1995-08-17 22:00:00,25.5,64,0.0,0,0,0,0
1995-08-17 23:00:00,24.0,70,0.8,300,0,0,0
1995-08-18 00:00:00,22.7,76,1.5,230,0,0,0
1995-08-18 01:00:00,21.6,78,0.0,0,0,0,0
1995-08-18 02:00:00,21.6,82,0.0,0,0,0,0
1995-08-18 03:00:00,22.7,71,1.5,360,0,0,0
1995-08-18 04:00:00,23.8,67,1.5,340,0,0,0
1995-08-18 05:00:00,23.3,69,1.5,360,0,0,0
1995-08-18 06:00:00,21.1,78,0.0,0,6,0,6
1995-08-18 07:00:00,23.3,74,1.5,250,84,71,70
1995-08-18 08:00:00,26.6,58,0.0,0,160,89,126
1995-08-18 09:00:00,29.4,51,0.0,0,448,413,217
1995-08-18 10:00:00,31.1,45,1.5,40,591,387,317
1995-08-18 11:00:00,31.6,44,2.0,10,685,293,446
1995-08-18 12:00:00,32.2,42,0.0,0,692,448,298
1995-08-18 13:00:00,32.7,38,3.0,30,783,502,333
1995-08-18 14:00:00,33.3,37,0.0,0,772,499,344
1995-08-18 15:00:00,33.3,37,2.0,340,662,449,315
1995-08-18 16:00:00,33.3,37,2.0,30,452,241,296
1995-08-18 17:00:00,32.7,38,2.0,20,340,284,203
1995-08-18 18:00:00,31.6,42,0.0,0,135,117,101
1995-08-18 19:00:00,27.6,58,0.8,280,38,25,36
1995-08-18 20:00:00,24.4,71,1.5,200,0,0,0
1995-08-18 21:00:00,23.8,74,0.0,0,0,0,0
1995-08-18 22:00:00,23.0,76,0.0,0,0,0,0
1995-08-18 23:00:00,22.5,77,0.0,0,0,0,0
1995-08-19 00:00:00,22.2,79,0.0,0,0,0,0
1995-08-19 01:00:00,20.5,87,0.0,0,0,0,0
1995-08-19 02:00:00,22.2,79,2.0,100,0,0,0
1995-08-19 03:00:00,21.6,78,0.0,0,0,0,0
1995-08-19 04:00:00,21.1,81,1.5,90,0,0,0
1995-08-19 05:00:00,20.5,84,2.0,50,0,0,0
1995-08-19 06:00:00,20.5,81,0.0,0,7,27,5
1995-08-19 07:00:00,23.3,69,2.0,90,110,319,50
1995-08-19 08:00:00,23.8,67,2.0,60,290,421,130
1995-08-19 09:00:00,25.1,55,2.3,110,424,449,175
1995-08-19 10:00:00,26.1,47,2.5,150,625,550,237
1995-08-19 11:00:00,27.2,45,0.0,0,746,506,333
1995-08-19 12:00:00,27.2,49,2.0,90,820,665,236
1995-08-19 13:00:00,27.7,47,0.0,0,595,359,274
1995-08-19 14:00:00,28.2,46,0.6,30,784,680,203
1995-08-19 15:00:00,28.4,46,1.3,50,397,44,363
1995-08-19 16:00:00,28.2,48,1.9,80,360,48,329
1995-08-19 17:00:00,27.7,51,2.5,100,183,62,153
1995-08-19 18:00:00,27.2,54,2.5,100,163,301,76
1995-08-19 19:00:00,25.0,64,2.0,100,45,23,43
1995-08-19 20:00:00,22.2,76,0.0,0,0,0,0
1995-08-19 21:00:00,21.6,76,0.0,0,0,0,0
1995-08-19 22:00:00,20.0,84,0.0,0,0,0,0
1995-08-19 23:00:00,19.4,87,1.5,170,0,0,0
1995-08-20 00:00:00,18.8,87,0.0,0,0,0,0
1995-08-20 01:00:00,18.3,90,0.0,0,0,0,0
1995-08-20 02:00:00,18.3,84,0.0,0,0,0,0
1995-08-20 03:00:00,17.2,87,0.0,0,0,0,0
1995-08-20 04:00:00,16.6,87,0.0,0,0,0,0
1995-08-20 05:00:00,15.5,90,0.0,0,0,0,0
1995-08-20 06:00:00,16.1,90,0.0,0,5,0,5
1995-08-20 07:00:00,20.0,75,0.0,0,88,138,63
1995-08-20 08:00:00,22.6,61,0.8,60,244,281,138
1995-08-20 09:00:00,25.0,50,1.5,110,456,491,184
1995-08-20 10:00:00,26.6,49,1.5,120,619,600,198
1995-08-20 11:00:00,27.2,49,1.5,100,644,451,278
1995-08-20 12:00:00,28.1,46,0.8,50,829,680,233
1995-08-20 13:00:00,28.3,46,0.0,0,666,368,339
1995-08-20 14:00:00,29.4,45,3.0,140,808,679,229
1995-08-20 15:00:00,28.8,48,0.0,0,294,54,252
1995-08-20 16:00:00,28.4,48,0.8,60,487,273,313
1995-08-20 17:00:00,27.7,49,1.5,110,265,195,173
1995-08-20 18:00:00,26.1,56,2.0,140,180,301,93
1995-08-20 19:00:00,23.4,69,1.3,90,35,35,32
1995-08-20 20:00:00,21.5,77,0.7,50,0,0,0
1995-08-20 21:00:00,20.0,84,0.0,0,0,0,0
1995-08-20 22:00:00,19.3,85,0.0,0,0,0,0
1995-08-20 23:00:00,18.8,84,0.0,0,0,0,0
1995-08-21 00:00:00,18.3,87,1.5,200,0,0,0
1995-08-21 01:00:00,18.4,89,1.1,240,0,0,0
1995-08-21 02:00:00,18.5,88,0.8,280,0,0,0
1995-08-21 03:00:00,18.6,89,0.4,320,0,0,0
1995-08-21 04:00:00,18.8,90,0.0,0,0,0,0
1995-08-21 05:00:00,18.3,93,1.5,200,0,0,0
1995-08-21 06:00:00,18.8,90,0.0,0,5,18,4
1995-08-21 07:00:00,20.5,84,0.0,0,108,322,49
1995-08-21 08:00:00,25.0,68,3.6,230,282,499,95
1995-08-21 09:00:00,27.2,62,2.0,210,479,623,135
1995-08-21 10:00:00,29.2,56,2.5,250,638,683,160
1995-08-21 11:00:00,31.0,51,3.1,290,620,560,166
1995-08-21 12:00:00,32.7,46,3.6,330,557,327,271
1995-08-21 13:00:00,33.8,40,3.6,320,820,524,354
1995-08-21 14:00:00,34.0,39,3.1,280,547,255,330
1995-08-21 15:00:00,33.8,40,2.5,240,701,694,172
1995-08-21 16:00:00,33.3,42,2.5,280,578,671,153
1995-08-21 17:00:00,33.3,42,3.0,270,375,592,97
1995-08-21 18:00:00,31.6,47,2.0,270,196,292,113
1995-08-21 19:00:00,28.3,56,2.0,270,38,119,27
1995-08-21 20:00:00,27.2,54,2.0,280,0,0,0
1995-08-21 21:00:00,25.5,62,0.0,0,0,0,0
1995-08-21 22:00:00,25.0,66,1.5,240,0,0,0
1995-08-21 23:00:00,25.5,64,1.5,210,0,0,0
1995-08-22 00:00:00,25.5,66,0.0,0,0,0,0
1995-08-22 01:00:00,24.9,66,1.8,320,0,0,0
1995-08-22 02:00:00,24.4,64,3.6,280,0,0,0
1995-08-22 03:00:00,23.8,62,3.0,290,0,0,0
1995-08-22 04:00:00,21.0,70,2.3,270,0,0,0
1995-08-22 05:00:00,18.3,78,1.5,250,0,0,0
1995-08-22 06:00:00,18.3,78,0.0,0,5,21,4
1995-08-22 07:00:00,22.2,64,2.1,350,108,342,46
1995-08-22 08:00:00,26.1,48,4.1,330,299,596,77
1995-08-22 09:00:00,27.2,44,4.1,330,500,721,104
1995-08-22 10:00:00,27.7,41,3.6,280,675,790,124
1995-08-22 11:00:00,28.8,37,4.6,320,806,828,137
1995-08-22 12:00:00,29.4,36,4.1,320,882,847,144
1995-08-22 13:00:00,30.2,34,5.1,340,898,851,145
1995-08-22 14:00:00,31.1,31,6.1,350,852,840,141
1995-08-22 15:00:00,30.5,28,5.6,340,748,813,131
1995-08-22 16:00:00,30.0,31,4.6,310,594,762,115
1995-08-22 17:00:00,30.0,32,5.1,320,262,242,149
1995-08-22 18:00:00,29.4,33,4.6,340,201,496,62
1995-08-22 19:00:00,26.1,43,3.0,350,38,141,25
1995-08-22 20:00:00,23.8,52,1.5,330,0,0,0
1995-08-22 21:00:00,22.2,57,1.5,290,0,0,0
1995-08-22 22:00:00,21.1,61,1.5,300,0,0,0
1995-08-22 23:00:00,20.5,61,1.5,340,0,0,0
1995-08-23 00:00:00,19.4,63,1.5,310,0,0,0
1995-08-23 01:00:00,18.8,68,0.0,0,0,0,0
1995-08-23 02:00:00,16.6,75,0.0,0,0,0,0
1995-08-23 03:00:00,17.7,70,1.5,340,0,0,0
1995-08-23 04:00:00,16.2,76,1.0,350,0,0,0
1995-08-23 05:00:00,14.8,81,0.5,350,0,0,0
1995-08-23 06:00:00,13.3,87,0.0,0,3,0,3
1995-08-23 07:00:00,17.2,75,0.0,0,97,249,53
1995-08-23 08:00:00,21.1,57,1.5,360,283,512,94
1995-08-23 09:00:00,23.8,46,0.0,0,485,652,128
1995-08-23 10:00:00,24.4,42,0.0,0,661,730,154
1995-08-23 11:00:00,25.5,40,2.5,40,794,773,171
1995-08-23 12:00:00,26.1,40,1.5,10,871,795,180
1995-08-23 13:00:00,27.2,41,1.5,250,886,799,181
1995-08-23 14:00:00,28.8,39,1.5,210,840,786,176
1995-08-23 15:00:00,28.3,40,0.0,0,734,755,163
1995-08-23 16:00:00,28.8,40,0.0,0,453,403,201
1995-08-23 17:00:00,28.8,41,0.0,0,195,106,145
1995-08-23 18:00:00,27.2,49,0.0,0,184,401,74
1995-08-23 19:00:00,23.8,60,0.0,0,32,75,26
1995-08-23 20:00:00,21.6,71,1.5,160,0,0,0
1995-08-23 21:00:00,19.4,81,1.5,210,0,0,0
1995-08-23 22:00:00,18.8,84,2.0,240,0,0,0
1995-08-23 23:00:00,18.3,87,1.5,240,0,0,0
1995-08-24 00:00:00,18.8,87,2.5,230,0,0,0
1995-08-24 01:00:00,18.8,87,2.5,230,0,0,0
1995-08-24 02:00:00,18.8,87,2.0,230,0,0,0
1995-08-24 03:00:00,18.3,87,3.0,220,0,0,0
1995-08-24 04:00:00,18.8,84,3.0,230,0,0,0
1995-08-24 05:00:00,19.4,81,3.0,230,0,0,0
1995-08-24 06:00:00,18.8,81,3.0,230,4,16,3
1995-08-24 07:00:00,21.4,76,2.7,230,92,231,52
1995-08-24 08:00:00,24.1,66,2.3,240,292,542,93
1995-08-24 09:00:00,26.6,58,2.0,240,445,571,134
1995-08-24 10:00:00,28.8,51,0.0,0,600,586,194
1995-08-24 11:00:00,31.6,41,3.0,280,727,580,261
1995-08-24 12:00:00,32.2,35,2.5,250,716,626,173
1995-08-24 13:00:00,32.9,37,2.8,230,633,444,243
1995-08-24 14:00:00,33.8,37,3.0,210,737,560,267
1995-08-24 15:00:00,34.4,34,3.6,220,656,443,322
1995-08-24 16:00:00,33.8,35,2.5,210,456,280,282
1995-08-24 17:00:00,33.3,40,2.0,220,278,143,212
1995-08-24 18:00:00,30.0,43,0.0,0,108,51,94
1995-08-24 19:00:00,28.3,49,0.0,0,32,89,24
1995-08-24 20:00:00,26.6,49,2.0,300,0,0,0
1995-08-24 21:00:00,27.2,45,3.6,320,0,0,0
1995-08-24 22:00:00,27.2,45,1.5,340,0,0,0
1995-08-24 23:00:00,25.7,52,0.8,350,0,0,0
1995-08-25 00:00:00,24.4,60,0.0,0,0,0,0
1995-08-25 01:00:00,25.0,62,1.5,10,0,0,0
1995-08-25 02:00:00,23.3,55,3.0,10,0,0,0
1995-08-25 03:00:00,21.6,53,4.6,10,0,0,0
1995-08-25 04:00:00,20.5,53,2.5,20,0,0,0
1995-08-25 05:00:00,20.0,53,1.5,20,0,0,0
1995-08-25 06:00:00,20.0,53,0.0,0,3,0,3
1995-08-25 07:00:00,20.5,49,2.0,30,69,59,59
1995-08-25 08:00:00,20.5,49,2.5,40,228,279,126
1995-08-25 09:00:00,21.6,46,2.5,60,432,298,270
1995-08-25 10:00:00,23.8,40,2.5,130,598,529,233
1995-08-25 11:00:00,25.5,38,1.5,350,673,545,237
1995-08-25 12:00:00,26.1,39,2.5,80,807,594,294
1995-08-25 13:00:00,27.2,35,0.0,0,820,599,295
1995-08-25 14:00:00,28.3,34,1.5,20,762,601,259
1995-08-25 15:00:00,28.3,34,3.0,80,695,441,364
1995-08-25 16:00:00,28.3,32,2.5,50,524,475,230
1995-08-25 17:00:00,27.7,33,3.6,100,328,394,149
1995-08-25 18:00:00,26.1,39,2.5,140,150,215,92
1995-08-25 19:00:00,23.3,51,0.0,0,25,15,24
1995-08-25 20:00:00,18.8,65,0.0,0,0,0,0
1995-08-25 21:00:00,17.2,75,0.0,0,0,0,0
1995-08-25 22:00:00,16.6,78,0.0,0,0,0,0
1995-08-25 23:00:00,15.5,83,0.0,0,0,0,0
1995-08-26 00:00:00,16.1,80,0.0,0,0,0,0
1995-08-26 01:00:00,16.1,80,0.0,0,0,0,0
1995-08-26 02:00:00,16.1,83,0.0,0,0,0,0
1995-08-26 03:00:00,15.5,81,0.0,0,0,0,0
1995-08-26 04:00:00,15.0,83,0.0,0,0,0,0
1995-08-26 05:00:00,15.0,83,0.0,0,0,0,0
1995-08-26 06:00:00,15.5,81,0.0,0,3,0,3
1995-08-26 07:00:00,17.2,78,0.0,0,108,207,73
1995-08-26 08:00:00,21.1,70,1.5,200,226,318,110
1995-08-26 09:00:00,23.8,60,3.0,190,495,752,89
1995-08-26 10:00:00,25.5,52,2.5,200,668,817,107
1995-08-26 11:00:00,26.6,49,3.6,150,751,784,126
1995-08-26 12:00:00,28.3,44,4.1,160,785,751,138
1995-08-26 13:00:00,28.8,46,2.5,190,849,800,151
1995-08-26 14:00:00,27.7,49,3.0,140,794,716,197
1995-08-26 15:00:00,28.3,48,2.0,150,518,264,321
1995-08-26 16:00:00,27.2,51,3.6,140,541,581,184
1995-08-26 17:00:00,26.1,56,4.1,140,387,593,121
1995-08-26 18:00:00,25.2,55,2.8,160,176,423,66
1995-08-26 19:00:00,23.3,60,1.5,170,27,104,19
1995-08-26 20:00:00,21.7,67,0.8,90,0,0,0
1995-08-26 21:00:00,20.5,73,0.0,0,0,0,0
1995-08-26 22:00:00,20.5,73,0.0,0,0,0,0
1995-08-26 23:00:00,19.4,78,0.0,0,0,0,0
1995-08-27 00:00:00,20.5,76,2.0,210,0,0,0
1995-08-27 01:00:00,19.4,84,1.5,190,0,0,0
1995-08-27 02:00:00,19.4,87,0.0,0,0,0,0
1995-08-27 03:00:00,18.3,90,0.0,0,0,0,0
1995-08-27 04:00:00,17.7,93,0.0,0,0,0,0
1995-08-27 05:00:00,18.3,90,0.0,0,0,0,0
1995-08-27 06:00:00,18.3,90,0.0,0,2,3,2
1995-08-27 07:00:00,20.5,84,0.0,0,72,143,48
1995-08-27 08:00:00,23.3,74,1.5,200,263,461,98
1995-08-27 09:00:00,25.0,68,1.5,190,412,459,166
1995-08-27 10:00:00,27.0,64,1.8,170,632,674,169
1995-08-27 11:00:00,28.8,59,2.0,150,737,517,326
1995-08-27 12:00:00,28.3,61,3.0,160,821,616,292
1995-08-27 13:00:00,28.3,63,3.6,140,858,704,245
1995-08-27 14:00:00,28.5,61,2.8,150,773,663,222
1995-08-27 15:00:00,28.3,61,2.0,160,651,602,204
1995-08-27 16:00:00,28.3,61,1.5,150,416,445,145
1995-08-27 17:00:00,26.6,69,2.0,170,207,140,144
1995-08-27 18:00:00,26.1,71,0.0,0,50,0,50
1995-08-27 19:00:00,25.0,76,0.0,0,22,23,20
1995-08-27 20:00:00,23.3,82,0.0,0,0,0,0
1995-08-27 21:00:00,22.2,84,0.0,0,0,0,0
1995-08-27 22:00:00,21.6,87,0.0,0,0,0,0
1995-08-27 23:00:00,20.5,90,0.0,0,0,0,0
1995-08-28 00:00:00,20.5,93,0.0,0,0,0,0
1995-08-28 01:00:00,21.1,90,2.0,360,0,0,0
1995-08-28 02:00:00,21.1,90,1.5,360,0,0,0
1995-08-28 03:00:00,21.1,90,2.5,10,0,0,0
1995-08-28 04:00:00,21.1,87,2.0,30,0,0,0
1995-08-28 05:00:00,21.1,84,2.5,20,0,0,0
1995-08-28 06:00:00,21.1,84,2.0,20,1,0,1
1995-08-28 07:00:00,21.1,87,2.0,20,37,0,37
1995-08-28 08:00:00,22.3,81,2.3,20,78,0,78
1995-08-28 09:00:00,23.3,76,2.5,10,113,0,113
1995-08-28 10:00:00,23.3,74,3.0,360,157,0,157
1995-08-28 11:00:00,24.4,71,2.0,20,191,0,191
1995-08-28 12:00:00,25.0,71,0.0,0,544,104,455
1995-08-28 13:00:00,26.1,67,2.5,70,420,99,334
1995-08-28 14:00:00,26.6,65,3.6,40,454,108,365
1995-08-28 15:00:00,26.6,65,3.0,90,399,22,383
1995-08-28 16:00:00,27.2,58,3.0,110,492,456,215
1995-08-28 17:00:00,26.1,64,2.5,80,256,247,147
1995-08-28 18:00:00,24.4,71,2.5,100,115,110,88
1995-08-28 19:00:00,23.3,76,0.0,0,22,4,22
1995-08-28 20:00:00,21.7,83,0.8,30,0,0,0
1995-08-28 21:00:00,20.5,87,1.5,50,0,0,0
1995-08-28 22:00:00,20.0,87,0.0,0,0,0,0
1995-08-28 23:00:00,20.0,87,0.0,0,0,0,0
1995-08-29 00:00:00,20.0,87,0.0,0,0,0,0
1995-08-29 01:00:00,20.0,87,0.0,0,0,0,0
1995-08-29 02:00:00,19.4,90,0.0,0,0,0,0
1995-08-29 03:00:00,18.8,90,0.0,0,0,0,0
1995-08-29 04:00:00,18.8,90,0.0,0,0,0,0
1995-08-29 05:00:00,19.4,90,0.0,0,0,0,0
1995-08-29 06:00:00,18.8,90,0.0,0,2,2,2
1995-08-29 07:00:00,20.0,87,0.0,0,82,180,53
1995-08-29 08:00:00,22.2,76,0.0,0,242,319,129
1995-08-29 09:00:00,25.0,66,0.0,0,365,371,168
1995-08-29 10:00:00,28.3,56,0.0,0,602,604,191
1995-08-29 11:00:00,28.9,55,0.0,0,731,701,177
1995-08-29 12:00:00,29.4,53,0.0,0,827,646,276
1995-08-29 13:00:00,32.7,41,2.5,20,690,308,423
1995-08-29 14:00:00,32.2,41,2.5,320,795,629,277
1995-08-29 15:00:00,31.1,43,0.0,0,679,704,161
1995-08-29 16:00:00,31.1,50,3.0,140,440,278,273
1995-08-29 17:00:00,28.8,57,2.0,140,300,401,125
1995-08-29 18:00:00,28.8,59,1.5,170,144,234,86
1995-08-29 19:00:00,26.1,69,0.0,0,20,28,18
1995-08-29 20:00:00,23.3,76,1.5,240,0,0,0
1995-08-29 21:00:00,22.2,81,0.0,0,0,0,0
1995-08-29 22:00:00,22.2,79,0.0,0,0,0,0
1995-08-29 23:00:00,20.0,84,0.0,0,0,0,0
1995-08-30 00:00:00,21.6,71,0.0,0,0,0,0
1995-08-30 01:00:00,20.0,78,0.0,0,0,0,0
1995-08-30 02:00:00,20.0,78,2.0,340,0,0,0
1995-08-30 03:00:00,22.7,66,2.0,360,0,0,0
1995-08-30 04:00:00,21.6,68,2.0,350,0,0,0
1995-08-30 05:00:00,20.5,71,0.0,0,0,0,0
1995-08-30 06:00:00,17.2,87,0.0,0,1,1,1
1995-08-30 07:00:00,24.4,58,0.0,0,72,140,50
1995-08-30 08:00:00,26.1,48,2.5,50,248,339,128
1995-08-30 09:00:00,26.1,47,2.0,20,442,558,147
1995-08-30 10:00:00,28.3,41,1.5,60,588,588,189
1995-08-30 11:00:00,28.9,41,0.8,30,712,570,263
1995-08-30 12:00:00,29.4,40,0.0,0,810,682,230
1995-08-30 13:00:00,31.1,38,2.0,130,803,632,259
1995-08-30 14:00:00,31.6,37,3.0,120,809,757,187
1995-08-30 15:00:00,31.6,34,2.0,280,700,722,173
1995-08-30 16:00:00,31.6,34,0.0,0,518,528,202
1995-08-30 17:00:00,30.1,38,0.0,0,327,452,132
1995-08-30 18:00:00,28.0,44,0.0,0,141,286,72
1995-08-30 19:00:00,25.0,57,0.0,0,18,24,16
1995-08-30 20:00:00,22.7,66,0.0,0,0,0,0
1995-08-30 21:00:00,20.5,76,0.0,0,0,0,0
1995-08-30 22:00:00,19.4,78,0.0,0,0,0,0
1995-08-30 23:00:00,19.4,81,1.5,230,0,0,0
1995-08-31 00:00:00,18.8,84,0.0,0,0,0,0
1995-08-31 01:00:00,18.3,87,2.5,240,0,0,0
1995-08-31 02:00:00,19.4,84,2.0,230,0,0,0
1995-08-31 03:00:00,18.8,84,1.5,210,0,0,0
1995-08-31 04:00:00,18.3,90,2.0,220,0,0,0
1995-08-31 05:00:00,18.3,87,1.5,220,0,0,0
1995-08-31 06:00:00,18.3,87,1.5,230,1,5,1
1995-08-31 07:00:00,20.5,81,1.5,220,89,186,60
1995-08-31 08:00:00,23.8,69,2.5,230,236,368,108
1995-08-31 09:00:00,27.7,57,4.6,220,454,531,174
1995-08-31 10:00:00,30.0,51,3.6,230,598,638,168
1995-08-31 11:00:00,31.6,45,2.0,220,721,732,147
1995-08-31 12:00:00,32.7,44,2.5,260,797,734,175
1995-08-31 13:00:00,33.8,41,3.6,250,832,706,226
1995-08-31 14:00:00,34.4,40,2.0,180,727,633,209
1995-08-31 15:00:00,34.4,40,4.1,190,604,518,227
1995-08-31 16:00:00,33.4,45,3.4,190,491,504,192
1995-08-31 17:00:00,32.2,50,2.7,200,371,522,149
1995-08-31 18:00:00,30.5,57,2.0,200,71,55,58
1995-08-31 19:00:00,28.3,65,2.5,200,15,4,15
1995-08-31 20:00:00,25.5,74,1.5,270,0,0,0
1995-08-31 21:00:00,26.1,64,2.0,270,0,0,0
1995-08-31 22:00:00,25.6,56,1.7,270,0,0,0
1995-08-31 23:00:00,25.1,69,1.4,180,0,0,0
1995-09-01 00:00:00,24.6,66,1.1,210,0,0,0
1995-09-01 01:00:00,24.2,66,0.9,230,0,0,0
1995-09-01 02:00:00,23.7,64,0.6,260,0,0,0
1995-09-01 03:00:00,23.2,67,0.3,240,0,0,0
1995-09-01 04:00:00,22.7,71,0.0,0,0,0,0
1995-09-01 05:00:00,22.2,73,0.0,0,0,0,0
1995-09-01 06:00:00,22.7,76,1.5,290,1,1,1
1995-09-01 07:00:00,24.4,69,2.5,320,73,146,51
1995-09-01 08:00:00,27.2,58,5.1,360,241,392,105
1995-09-01 09:00:00,27.7,58,4.6,350,433,563,138
1995-09-01 10:00:00,30.5,50,2.0,100,600,641,168
1995-09-01 11:00:00,31.1,47,2.0,280,722,692,181
1995-09-01 12:00:00,31.1,42,4.1,330,782,677,211
1995-09-01 13:00:00,30.5,43,4.1,340,799,701,200
1995-09-01 14:00:00,28.3,51,7.2,350,728,631,215
1995-09-01 15:00:00,28.8,50,7.2,360,532,492,176
1995-09-01 16:00:00,26.1,47,5.6,330,506,599,153
1995-09-01 17:00:00,25.0,45,6.1,360,320,449,131
1995-09-01 18:00:00,23.8,46,2.5,360,134,265,72
1995-09-01 19:00:00,23.3,48,2.0,20,17,6,16
1995-09-01 20:00:00,22.2,53,0.0,0,0,0,0
1995-09-01 21:00:00,22.2,55,2.0,320,0,0,0
1995-09-01 22:00:00,22.2,55,2.0,320,0,0,0
1995-09-01 23:00:00,21.1,57,2.0,310,0,0,0
1995-09-02 00:00:00,20.5,55,3.6,310,0,0,0
1995-09-02 01:00:00,19.4,54,3.6,310,0,0,0
1995-09-02 02:00:00,18.7,56,3.2,310,0,0,0
1995-09-02 03:00:00,17.9,58,2.9,320,0,0,0
1995-09-02 04:00:00,17.2,60,2.5,320,0,0,0
1995-09-02 05:00:00,16.1,64,3.6,320,0,0,0
1995-09-02 06:00:00,15.5,67,3.0,300,1,0,1
1995-09-02 07:00:00,17.7,61,4.1,320,67,134,47
1995-09-02 08:00:00,20.5,51,3.6,320,224,389,90
1995-09-02 09:00:00,21.1,49,5.1,360,464,652,124
1995-09-02 10:00:00,22.8,42,4.4,360,643,735,151
1995-09-02 11:00:00,24.4,34,3.6,360,705,662,189
1995-09-02 12:00:00,25.5,32,4.1,360,777,667,216
1995-09-02 13:00:00,26.1,29,5.1,340,848,767,195
1995-09-02 14:00:00,26.6,30,4.6,340,725,582,253
1995-09-02 15:00:00,26.6,29,4.6,350,595,474,254
1995-09-02 16:00:00,27.2,28,3.0,340,419,334,224
1995-09-02 17:00:00,25.5,29,4.1,40,239,217,148
1995-09-02 18:00:00,25.0,31,4.1,20,80,42,70
1995-09-02 19:00:00,21.1,42,0.0,0,19,2,19
1995-09-02 20:00:00,20.5,47,0.0,0,0,0,0
1995-09-02 21:00:00,20.0,48,2.0,310,0,0,0
1995-09-02 22:00:00,19.4,49,2.0,310,0,0,0
1995-09-02 23:00:00,18.3,50,2.0,300,0,0,0
1995-09-03 00:00:00,14.4,67,0.0,0,0,0,0
1995-09-03 01:00:00,12.7,75,0.0,0,0,0,0
1995-09-03 02:00:00,12.7,75,0.0,0,0,0,0
1995-09-03 03:00:00,11.1,83,0.0,0,0,0,0
1995-09-03 04:00:00,10.5,83,0.0,0,0,0,0
1995-09-03 05:00:00,9.4,89,0.0,0,0,0,0
1995-09-03 06:00:00,10.0,86,0.0,0,1,0,1
1995-09-03 07:00:00,14.4,75,0.0,0,69,117,51
1995-09-03 08:00:00,18.8,58,0.0,0,240,392,107
1995-09-03 09:00:00,22.2,46,0.0,0,369,176,278
1995-09-03 10:00:00,24.4,39,1.5,40,524,429,237
1995-09-03 11:00:00,26.6,31,3.6,280,567,165,439
1995-09-03 12:00:00,26.6,31,1.5,290,646,450,269
1995-09-03 13:00:00,27.7,26,2.5,340,686,527,239
1995-09-03 14:00:00,28.8,26,3.0,310,724,538,290
1995-09-03 15:00:00,29.4,26,1.5,320,621,430,313
1995-09-03 16:00:00,28.8,28,2.0,290,506,567,176
1995-09-03 17:00:00,26.6,34,2.5,120,307,346,164
1995-09-03 18:00:00,26.1,36,2.0,140,107,158,72
1995-09-03 19:00:00,22.7,46,2.0,150,12,3,12
1995-09-03 20:00:00,18.3,65,1.5,210,0,0,0
1995-09-03 21:00:00,18.3,63,1.5,220,0,0,0
1995-09-03 22:00:00,17.2,67,2.5,240,0,0,0
1995-09-03 23:00:00,17.7,65,2.5,220,0,0,0
1995-09-04 00:00:00,16.6,72,2.5,210,0,0,0
1995-09-04 01:00:00,17.2,70,2.0,220,0,0,0
1995-09-04 02:00:00,16.6,72,2.0,230,0,0,0
1995-09-04 03:00:00,16.1,75,1.5,240,0,0,0
1995-09-04 04:00:00,16.6,72,2.5,230,0,0,0
1995-09-04 05:00:00,16.6,70,1.5,250,0,0,0
1995-09-04 06:00:00,16.1,72,1.5,360,1,13,0
1995-09-04 07:00:00,18.3,65,0.0,0,75,227,43
1995-09-04 08:00:00,21.6,55,3.0,240,232,472,72
1995-09-04 09:00:00,24.4,48,3.0,230,426,534,151
1995-09-04 10:00:00,27.2,41,1.5,170,549,556,179
1995-09-04 11:00:00,29.4,36,0.0,0,647,567,209
1995-09-04 12:00:00,28.8,36,1.5,140,547,319,280
1995-09-04 13:00:00,28.3,38,3.6,100,756,687,176
1995-09-04 14:00:00,27.7,40,2.5,80,776,747,177
1995-09-04 15:00:00,28.8,37,1.5,150,673,691,182
1995-09-04 16:00:00,29.4,35,2.5,120,518,681,125
1995-09-04 17:00:00,27.2,44,0.0,0,166,172,96
1995-09-04 18:00:00,25.0,48,2.5,250,147,415,56
1995-09-04 19:00:00,21.1,63,0.0,0,12,25,11
1995-09-04 20:00:00,20.0,67,0.0,0,0,0,0
1995-09-04 21:00:00,19.4,73,0.0,0,0,0,0
1995-09-04 22:00:00,19.4,73,0.0,0,0,0,0
1995-09-04 23:00:00,18.3,78,2.5,240,0,0,0
1995-09-05 00:00:00,17.7,84,1.5,210,0,0,0
1995-09-05 01:00:00,17.7,81,2.0,240,0,0,0
1995-09-05 02:00:00,17.7,81,0.0,0,0,0,0
1995-09-05 03:00:00,16.1,90,1.5,180,0,0,0
1995-09-05 04:00:00,15.5,87,0.0,0,0,0,0
1995-09-05 05:00:00,15.0,90,0.0,0,0,0,0
1995-09-05 06:00:00,14.4,93,0.0,0,0,1,0
1995-09-05 07:00:00,17.2,84,0.0,0,81,138,62
1995-09-05 08:00:00,21.1,68,2.0,240,240,470,82
1995-09-05 09:00:00,24.4,54,0.0,0,342,390,142
1995-09-05 10:00:00,27.7,40,1.5,10,640,613,234
1995-09-05 11:00:00,28.8,34,1.5,330,630,431,298
1995-09-05 12:00:00,29.4,30,2.0,80,703,540,254
1995-09-05 13:00:00,30.5,30,0.0,0,819,790,155
1995-09-05 14:00:00,31.1,29,3.0,100,569,348,291
1995-09-05 15:00:00,31.1,30,2.5,150,647,495,298
1995-09-05 16:00:00,30.5,30,0.0,0,388,356,184
1995-09-05 17:00:00,29.4,33,2.0,120,312,330,179
1995-09-05 18:00:00,28.3,37,0.0,0,120,101,98
1995-09-05 19:00:00,23.8,50,0.0,0,10,16,9
1995-09-05 20:00:00,19.4,68,0.0,0,0,0,0
1995-09-05 21:00:00,19.4,68,1.5,280,0,0,0
1995-09-05 22:00:00,21.6,57,2.0,320,0,0,0
1995-09-05 23:00:00,18.8,68,1.5,290,0,0,0
1995-09-06 00:00:00,17.7,78,2.0,180,0,0,0
1995-09-06 01:00:00,17.2,80,3.0,250,0,0,0
1995-09-06 02:00:00,17.2,80,1.5,260,0,0,0
1995-09-06 03:00:00,15.5,87,0.0,0,0,0,0
1995-09-06 04:00:00,14.4,87,0.0,0,0,0,0
1995-09-06 05:00:00,13.3,89,0.0,0,0,0,0
1995-09-06 06:00:00,13.3,89,0.0,0,0,0,0
1995-09-06 07:00:00,16.6,78,1.5,270,48,18,45
1995-09-06 08:00:00,21.1,63,0.0,0,192,256,107
1995-09-06 09:00:00,25.0,48,0.0,0,437,360,253
1995-09-06 10:00:00,27.7,34,0.0,0,226,0,226
1995-09-06 11:00:00,30.0,30,0.0,0,275,0,275
1995-09-06 12:00:00,30.0,29,0.0,0,302,0,302
1995-09-06 13:00:00,31.1,25,3.6,110,508,135,394
1995-09-06 14:00:00,32.2,24,3.0,160,649,272,433
1995-09-06 15:00:00,31.6,24,2.0,150,463,91,399
1995-09-06 16:00:00,31.1,24,2.0,120,295,50,266
1995-09-06 17:00:00,30.0,28,2.5,130,194,28,183
1995-09-06 18:00:00,28.8,32,2.0,140,62,0,62
1995-09-06 19:00:00,23.3,46,0.0,0,8,0,8
1995-09-06 20:00:00,21.6,53,0.0,0,0,0,0
1995-09-06 21:00:00,20.5,61,1.5,180,0,0,0
1995-09-06 22:00:00,18.8,68,1.5,220,0,0,0
1995-09-06 23:00:00,18.3,70,2.0,220,0,0,0
1995-09-07 00:00:00,17.7,75,2.0,210,0,0,0
1995-09-07 01:00:00,17.7,75,2.0,250,0,0,0
1995-09-07 02:00:00,18.3,78,2.5,230,0,0,0
1995-09-07 03:00:00,18.8,79,3.6,230,0,0,0
1995-09-07 04:00:00,18.3,81,2.5,220,0,0,0
1995-09-07 05:00:00,17.7,81,2.0,220,0,0,0
1995-09-07 06:00:00,17.8,78,2.3,220,0,1,0
1995-09-07 07:00:00,19.4,75,2.7,230,72,226,41
1995-09-07 08:00:00,21.6,66,3.0,230,247,563,62
1995-09-07 09:00:00,25.5,54,3.6,230,463,752,82
1995-09-07 10:00:00,27.7,47,2.0,200,599,743,112
1995-09-07 11:00:00,30.0,36,4.6,150,618,575,180
1995-09-07 12:00:00,30.5,31,4.1,170,813,719,221
1995-09-07 13:00:00,31.6,27,3.6,170,410,211,234
1995-09-07 14:00:00,31.1,31,4.1,140,659,607,179
1995-09-07 15:00:00,31.1,31,4.6,140,685,641,237
1995-09-07 16:00:00,30.5,33,3.6,150,398,361,195
1995-09-07 17:00:00,27.7,41,3.0,150,259,261,156
1995-09-07 18:00:00,27.2,42,2.0,160,94,170,59
1995-09-07 19:00:00,23.8,52,0.0,0,8,31,7
1995-09-07 20:00:00,21.6,59,2.0,170,0,0,0
1995-09-07 21:00:00,21.1,61,0.0,0,0,0,0
1995-09-07 22:00:00,20.0,65,0.0,0,0,0,0
1995-09-07 23:00:00,20.0,65,2.0,180,0,0,0
1995-09-08 00:00:00,18.8,70,0.0,0,0,0,0
1995-09-08 01:00:00,17.2,78,2.0,240,0,0,0
1995-09-08 02:00:00,17.7,75,1.5,240,0,0,0
1995-09-08 03:00:00,17.7,78,0.0,0,0,0,0
1995-09-08 04:00:00,16.1,83,0.0,0,0,0,0
1995-09-08 05:00:00,16.1,83,0.0,0,0,0,0
1995-09-08 06:00:00,16.1,83,0.0,0,0,0,0
1995-09-08 07:00:00,18.8,76,0.0,0,33,0,33
1995-09-08 08:00:00,19.4,76,0.0,0,96,0,96
1995-09-08 09:00:00,25.0,54,0.0,0,240,118,180
1995-09-08 10:00:00,26.6,49,0.0,0,481,399,220
1995-09-08 11:00:00,28.3,43,2.0,110,731,542,319
1995-09-08 12:00:00,29.4,42,2.0,110,769,710,186
1995-09-08 13:00:00,30.5,39,2.0,120,804,722,205
1995-09-08 14:00:00,30.5,38,2.5,90,765,689,223
1995-09-08 15:00:00,30.0,37,2.5,130,642,686,166
1995-09-08 16:00:00,29.4,40,2.5,140,453,581,129
1995-09-08 17:00:00,28.3,44,2.0,130,179,157,118
1995-09-08 18:00:00,26.6,53,0.0,0,39,0,39
1995-09-08 19:00:00,25.5,58,0.0,0,7,7,7
1995-09-08 20:00:00,25.0,60,0.0,0,0,0,0
1995-09-08 21:00:00,24.4,58,0.0,0,0,0,0
1995-09-08 22:00:00,24.4,58,0.0,0,0,0,0
1995-09-08 23:00:00,22.2,68,0.0,0,0,0,0
1995-09-09 00:00:00,20.0,81,1.5,40,0,0,0
1995-09-09 01:00:00,20.0,81,0.0,0,0,0,0
1995-09-09 02:00:00,19.4,84,0.0,0,0,0,0
1995-09-09 03:00:00,18.3,87,0.0,0,0,0,0
1995-09-09 04:00:00,18.3,90,0.0,0,0,0,0
1995-09-09 05:00:00,17.2,90,0.0,0,0,0,0
1995-09-09 06:00:00,16.6,93,0.0,0,0,1,0
1995-09-09 07:00:00,18.8,87,0.0,0,66,143,47
1995-09-09 08:00:00,22.2,73,1.5,190,189,231,115
1995-09-09 09:00:00,25.0,64,2.0,160,362,390,166
1995-09-09 10:00:00,27.2,52,0.0,0,584,568,216
1995-09-09 11:00:00,27.7,51,2.0,250,711,572,277
1995-09-09 12:00:00,30.0,44,2.5,340,670,567,206
1995-09-09 13:00:00,31.1,40,1.5,320,825,852,121
1995-09-09 14:00:00,29.4,43,1.5,20,739,786,124
1995-09-09 15:00:00,31.6,38,4.1,350,625,738,116
1995-09-09 16:00:00,31.1,38,1.5,340,480,703,91
1995-09-09 17:00:00,30.0,40,4.6,350,309,562,93
1995-09-09 18:00:00,28.3,44,3.6,330,106,304,47
1995-09-09 19:00:00,26.1,54,2.5,340,8,41,6
1995-09-09 20:00:00,25.5,56,4.1,340,0,0,0
1995-09-09 21:00:00,24.4,56,0.0,0,0,0,0
1995-09-09 22:00:00,23.3,60,4.1,350,0,0,0
1995-09-09 23:00:00,22.2,64,3.6,330,0,0,0
1995-09-10 00:00:00,20.5,68,3.0,330,0,0,0
1995-09-10 01:00:00,20.0,70,0.0,0,0,0,0
1995-09-10 02:00:00,20.5,63,2.0,320,0,0,0
1995-09-10 03:00:00,20.0,61,4.1,350,0,0,0
1995-09-10 04:00:00,18.8,70,3.6,20,0,0,0
1995-09-10 05:00:00,18.3,70,4.1,360,0,0,0
1995-09-10 06:00:00,17.7,63,4.1,350,0,0,0
1995-09-10 07:00:00,18.3,58,3.6,10,53,74,43
1995-09-10 08:00:00,19.4,54,3.6,360,201,275,112
1995-09-10 09:00:00,20.5,49,4.6,30,411,511,156
1995-09-10 10:00:00,22.2,41,6.1,340,593,576,221
1995-09-10 11:00:00,22.7,38,5.1,330,676,505,295
1995-09-10 12:00:00,23.3,35,4.6,330,750,488,353
1995-09-10 13:00:00,24.4,32,5.1,310,765,617,257
1995-09-10 14:00:00,25.0,32,3.6,340,612,389,310
1995-09-10 15:00:00,25.5,30,4.1,280,596,499,254
1995-09-10 16:00:00,26.1,27,5.1,320,408,363,208
1995-09-10 17:00:00,25.0,29,2.5,300,266,327,142
1995-09-10 18:00:00,24.4,26,3.0,310,89,102,70
1995-09-10 19:00:00,21.1,33,2.5,360,5,2,5
1995-09-10 20:00:00,19.4,39,2.0,360,0,0,0
1995-09-10 21:00:00,17.7,41,1.5,360,0,0,0
1995-09-10 22:00:00,15.0,49,0.0,0,0,0,0
1995-09-10 23:00:00,12.2,59,0.0,0,0,0,0
1995-09-11 00:00:00,13.8,53,1.5,360,0,0,0
1995-09-11 01:00:00,13.3,53,0.0,0,0,0,0
1995-09-11 02:00:00,12.2,54,0.0,0,0,0,0
1995-09-11 03:00:00,11.6,57,2.0,20,0,0,0
1995-09-11 04:00:00,10.5,58,1.5,360,0,0,0
1995-09-11 05:00:00,10.0,60,1.5,350,0,0,0
1995-09-11 06:00:00,10.0,60,2.5,10,0,1,0
1995-09-11 07:00:00,13.3,49,3.0,40,67,170,46
1995-09-11 08:00:00,13.3,49,3.0,50,201,343,91
1995-09-11 09:00:00,16.6,36,2.0,90,409,562,130
1995-09-11 10:00:00,18.8,34,0.0,0,620,727,153
1995-09-11 11:00:00,20.0,31,0.0,0,605,529,208
1995-09-11 12:00:00,21.6,29,2.0,100,827,838,147
1995-09-11 13:00:00,22.7,32,1.5,100,836,841,148
1995-09-11 14:00:00,24.4,29,1.5,90,761,799,142
1995-09-11 15:00:00,25.0,31,3.6,150,614,692,143
1995-09-11 16:00:00,24.4,34,3.6,150,479,642,129
1995-09-11 17:00:00,23.3,37,3.6,130,299,496,113
1995-09-11 18:00:00,21.1,44,2.5,150,101,265,53
1995-09-11 19:00:00,18.8,50,1.5,160,4,7,4
1995-09-11 20:00:00,17.2,56,1.5,170,0,0,0
1995-09-11 21:00:00,15.5,64,0.0,0,0,0,0
1995-09-11 22:00:00,14.1,71,0.0,0,0,0,0
1995-09-11 23:00:00,12.7,77,0.0,0,0,0,0
1995-09-12 00:00:00,12.2,77,0.0,0,0,0,0
1995-09-12 01:00:00,11.6,80,0.0,0,0,0,0
1995-09-12 02:00:00,11.1,80,0.0,0,0,0,0
1995-09-12 03:00:00,11.6,80,0.0,0,0,0,0
1995-09-12 04:00:00,11.1,80,0.0,0,0,0,0
1995-09-12 05:00:00,10.5,86,0.0,0,0,0,0
1995-09-12 06:00:00,12.7,84,0.0,0,0,0,0
1995-09-12 07:00:00,14.4,77,0.0,0,31,0,31
1995-09-12 08:00:00,18.3,65,1.5,170,174,93,145
1995-09-12 09:00:00,21.1,57,2.0,150,417,539,152
1995-09-12 10:00:00,22.2,53,3.6,140,401,291,214
1995-09-12 11:00:00,25.0,48,3.0,180,599,432,276
1995-09-12 12:00:00,23.3,55,3.0,160,305,156,179
1995-09-12 13:00:00,24.4,54,5.1,150,370,187,218
1995-09-12 14:00:00,22.7,62,4.1,150,403,26,382
1995-09-12 15:00:00,23.3,60,3.0,170,614,664,165
1995-09-12 16:00:00,23.8,60,3.0,170,455,541,164
1995-09-12 17:00:00,22.7,64,2.0,160,235,261,138
1995-09-12 18:00:00,22.2,66,2.5,160,87,174,56
1995-09-12 19:00:00,21.6,68,2.0,180,3,0,3
1995-09-12 20:00:00,21.1,70,2.0,170,0,0,0
1995-09-12 21:00:00,20.5,73,2.0,170,0,0,0
1995-09-12 22:00:00,20.5,73,2.0,180,0,0,0
1995-09-12 23:00:00,20.0,75,2.0,200,0,0,0
1995-09-13 00:00:00,20.0,75,2.0,210,0,0,0
1995-09-13 01:00:00,20.0,75,1.5,200,0,0,0
1995-09-13 02:00:00,20.0,75,2.0,210,0,0,0
1995-09-13 03:00:00,20.5,73,3.0,220,0,0,0
1995-09-13 04:00:00,20.5,76,3.6,220,0,0,0
1995-09-13 05:00:00,20.5,73,4.6,220,0,0,0
1995-09-13 06:00:00,20.5,73,4.6,230,0,0,0
1995-09-13 07:00:00,21.6,71,4.1,220,48,43,43
1995-09-13 08:00:00,22.2,68,3.6,220,211,400,86
1995-09-13 09:00:00,22.7,68,3.6,230,408,558,135
1995-09-13 10:00:00,26.1,58,2.0,220,533,594,154
1995-09-13 11:00:00,27.7,53,3.0,210,684,698,164
1995-09-13 12:00:00,30.5,46,4.1,210,784,750,181
1995-09-13 13:00:00,29.4,48,3.6,220,657,262,444
1995-09-13 14:00:00,28.8,50,2.5,290,635,495,256
1995-09-13 15:00:00,28.3,51,3.0,260,635,524,283
1995-09-13 16:00:00,26.6,58,0.0,0,389,237,263
1995-09-13 17:00:00,26.6,58,1.5,320,200,218,120
1995-09-13 18:00:00,23.8,71,0.0,0,85,114,65
1995-09-13 19:00:00,23.3,74,0.0,0,3,4,3
1995-09-13 20:00:00,22.7,76,0.0,0,0,0,0
1995-09-13 21:00:00,22.2,79,1.5,150,0,0,0
1995-09-13 22:00:00,21.6,87,0.0,0,0,0,0
1995-09-13 23:00:00,22.7,76,3.0,220,0,0,0
1995-09-14 00:00:00,22.2,79,2.5,220,0,0,0
1995-09-14 01:00:00,22.7,76,3.6,220,0,0,0
1995-09-14 02:00:00,22.2,76,2.0,180,0,0,0
1995-09-14 03:00:00,22.2,79,3.0,200,0,0,0
1995-09-14 04:00:00,22.2,76,2.0,210,0,0,0
1995-09-14 05:00:00,21.6,78,1.5,190,0,0,0
1995-09-14 06:00:00,20.5,84,1.5,210,0,1,0
1995-09-14 07:00:00,21.1,81,3.0,220,16,0,16
1995-09-14 08:00:00,25.5,58,4.6,260,230,411,103
1995-09-14 09:00:00,28.3,48,6.1,250,378,554,108
1995-09-14 10:00:00,29.4,45,7.2,280,421,206,290
1995-09-14 11:00:00,31.1,36,9.2,270,581,477,228
1995-09-14 12:00:00,31.6,35,6.1,280,772,821,115
1995-09-14 13:00:00,32.7,31,6.1,280,732,634,221
1995-09-14 14:00:00,32.2,31,5.6,300,769,832,136
1995-09-14 15:00:00,32.7,30,5.6,260,596,664,154
1995-09-14 16:00:00,30.5,34,5.6,320,322,274,177
1995-09-14 17:00:00,28.3,41,4.1,310,97,94,63
1995-09-14 18:00:00,27.2,44,3.0,310,80,63,69
1995-09-14 19:00:00,26.6,47,2.0,320,3,12,2
1995-09-14 20:00:00,25.5,50,4.1,310,0,0,0
1995-09-14 21:00:00,23.8,48,3.6,340,0,0,0
1995-09-14 22:00:00,22.2,53,0.0,0,0,0,0
1995-09-14 23:00:00,21.1,53,4.1,340,0,0,0
1995-09-15 00:00:00,19.4,56,0.0,0,0,0,0
1995-09-15 01:00:00,18.8,58,3.0,320,0,0,0
1995-09-15 02:00:00,17.7,63,3.6,330,0,0,0
1995-09-15 03:00:00,16.6,65,2.0,340,0,0,0
1995-09-15 04:00:00,15.5,67,0.0,0,0,0,0
1995-09-15 05:00:00,13.3,74,0.0,0,0,0,0
1995-09-15 06:00:00,11.6,83,0.0,0,0,5,0
1995-09-15 07:00:00,15.0,74,0.0,0,48,181,27
1995-09-15 08:00:00,18.8,58,0.0,0,249,563,77
1995-09-15 09:00:00,22.2,49,0.0,0,382,518,131
1995-09-15 10:00:00,23.8,40,3.0,20,576,624,183
1995-09-15 11:00:00,25.0,36,0.0,0,592,476,241
1995-09-15 12:00:00,26.1,35,1.5,80,787,667,256
1995-09-15 13:00:00,27.2,31,2.0,130,788,738,196
1995-09-15 14:00:00,27.2,33,4.1,130,693,673,184
1995-09-15 15:00:00,25.5,34,0.0,0,596,723,117
1995-09-15 16:00:00,25.0,37,1.5,140,459,719,82
1995-09-15 17:00:00,25.0,36,0.0,0,300,686,57
1995-09-15 18:00:00,23.3,43,0.0,0,105,432,35
1995-09-15 19:00:00,20.0,57,0.0,0,2,7,2
1995-09-15 20:00:00,19.4,61,0.0,0,0,0,0
1995-09-15 21:00:00,18.8,63,0.0,0,0,0,0
1995-09-15 22:00:00,18.8,63,0.0,0,0,0,0
1995-09-15 23:00:00,17.2,70,0.0,0,0,0,0
1995-09-16 00:00:00,17.2,70,0.0,0,0,0,0
1995-09-16 01:00:00,16.1,75,1.5,100,0,0,0
1995-09-16 02:00:00,17.7,70,3.0,140,0,0,0
1995-09-16 03:00:00,16.6,78,1.5,140,0,0,0
1995-09-16 04:00:00,15.5,81,0.0,0,0,0,0
1995-09-16 05:00:00,13.8,87,0.0,0,0,0,0
1995-09-16 06:00:00,14.4,83,0.0,0,0,1,0
1995-09-16 07:00:00,16.1,80,0.0,0,50,138,35
1995-09-16 08:00:00,18.8,76,1.5,120,221,422,93
1995-09-16 09:00:00,19.4,73,4.1,130,128,0,128
1995-09-16 10:00:00,18.8,76,4.1,140,179,0,179
1995-09-16 11:00:00,18.3,81,4.1,150,216,0,216
1995-09-16 12:00:00,17.7,84,3.0,150,551,257,347
1995-09-16 13:00:00,17.2,87,2.0,140,792,737,204
1995-09-16 14:00:00,17.2,87,1.5,150,222,0,222
1995-09-16 15:00:00,17.2,87,0.0,0,189,0,189
1995-09-16 16:00:00,17.2,87,0.0,0,226,112,168
1995-09-16 17:00:00,17.2,87,0.0,0,164,64,142
1995-09-16 18:00:00,16.6,93,0.0,0,100,51,92
1995-09-16 19:00:00,16.6,93,1.5,120,1,0,1
1995-09-16 20:00:00,16.1,93,0.0,0,0,0,0
1995-09-16 21:00:00,15.5,93,1.5,50,0,0,0
1995-09-16 22:00:00,15.5,93,0.0,0,0,0,0
1995-09-16 23:00:00,16.1,93,0.0,0,0,0,0
1995-09-17 00:00:00,16.1,93,2.0,100,0,0,0
1995-09-17 01:00:00,16.1,93,2.0,80,0,0,0
1995-09-17 02:00:00,16.1,93,1.5,10,0,0,0
1995-09-17 03:00:00,16.1,90,2.5,20,0,0,0
1995-09-17 04:00:00,16.1,90,2.0,20,0,0,0
1995-09-17 05:00:00,16.1,90,2.5,10,0,0,0
1995-09-17 06:00:00,16.1,90,2.5,10,0,0,0
1995-09-17 07:00:00,16.1,90,2.5,360,17,0,17
1995-09-17 08:00:00,16.1,93,2.0,360,45,0,45
1995-09-17 09:00:00,16.6,90,2.5,350,103,0,103
1995-09-17 10:00:00,16.6,93,2.0,350,122,0,122
1995-09-17 11:00:00,18.3,87,2.0,360,177,0,177
1995-09-17 12:00:00,18.8,87,0.0,0,194,0,194
1995-09-17 13:00:00,20.0,81,2.5,310,234,0,234
1995-09-17 14:00:00,20.5,73,3.6,340,218,0,218
1995-09-17 15:00:00,22.2,68,2.5,300,378,66,335
1995-09-17 16:00:00,22.2,68,2.0,310,136,0,136
1995-09-17 17:00:00,21.6,73,0.0,0,78,0,78
1995-09-17 18:00:00,21.6,71,0.0,0,33,0,33
1995-09-17 19:00:00,19.4,78,2.0,270,1,3,1
1995-09-17 20:00:00,18.3,81,0.0,0,0,0,0
1995-09-17 21:00:00,17.2,87,0.0,0,0,0,0
1995-09-17 22:00:00,17.2,87,0.0,0,0,0,0
1995-09-17 23:00:00,17.2,87,0.0,0,0,0,0
1995-09-18 00:00:00,17.2,90,0.0,0,0,0,0
1995-09-18 01:00:00,16.6,87,1.5,280,0,0,0
1995-09-18 02:00:00,16.6,90,0.0,0,0,0,0
1995-09-18 03:00:00,18.8,81,3.6,320,0,0,0
1995-09-18 04:00:00,17.7,87,3.0,350,0,0,0
1995-09-18 05:00:00,17.2,80,3.0,360,0,0,0
1995-09-18 06:00:00,17.2,72,3.6,20,0,0,0
1995-09-18 07:00:00,17.2,70,3.0,360,25,0,25
1995-09-18 08:00:00,17.2,65,3.6,360,63,0,63
1995-09-18 09:00:00,17.2,60,3.0,350,121,0,121
1995-09-18 10:00:00,17.2,60,3.6,360,172,0,172
1995-09-18 11:00:00,17.7,61,3.6,360,210,0,210
1995-09-18 12:00:00,18.3,56,4.6,350,454,202,295
1995-09-18 13:00:00,17.7,63,3.0,350,232,0,232
1995-09-18 14:00:00,17.7,63,2.0,320,216,0,216
1995-09-18 15:00:00,18.3,63,2.0,310,182,0,182
1995-09-18 16:00:00,18.3,63,1.5,320,133,0,133
1995-09-18 17:00:00,18.8,61,3.0,320,75,0,75
1995-09-18 18:00:00,17.7,67,0.0,0,51,13,50
1995-09-18 19:00:00,14.4,83,0.0,0,1,2,0
1995-09-18 20:00:00,15.5,67,3.0,310,0,0,0
1995-09-18 21:00:00,15.0,64,2.5,340,0,0,0
1995-09-18 22:00:00,15.0,64,3.6,330,0,0,0
1995-09-18 23:00:00,13.8,72,1.5,330,0,0,0
1995-09-19 00:00:00,12.7,75,0.0,0,0,0,0
1995-09-19 01:00:00,11.1,80,0.0,0,0,0,0
1995-09-19 02:00:00,10.5,83,0.0,0,0,0,0
1995-09-19 03:00:00,11.6,80,0.0,0,0,0,0
1995-09-19 04:00:00,11.1,83,0.0,0,0,0,0
1995-09-19 05:00:00,10.0,89,0.0,0,0,0,0
1995-09-19 06:00:00,9.4,89,0.0,0,0,0,0
1995-09-19 07:00:00,14.4,64,0.0,0,34,20,32
1995-09-19 08:00:00,14.4,62,1.5,50,63,0,63
1995-09-19 09:00:00,16.1,60,2.0,360,122,0,122
1995-09-19 10:00:00,17.7,54,0.0,0,524,576,169
1995-09-19 11:00:00,20.5,47,2.5,110,712,785,145
1995-09-19 12:00:00,20.5,49,2.5,130,728,680,197
1995-09-19 13:00:00,22.2,46,0.0,0,752,739,172
1995-09-19 14:00:00,23.3,48,0.0,0,731,731,190
1995-09-19 15:00:00,23.8,48,3.0,120,611,660,187
1995-09-19 16:00:00,22.2,55,2.0,160,311,270,175
1995-09-19 17:00:00,21.1,61,2.5,130,119,33,108
1995-09-19 18:00:00,20.5,65,3.0,130,64,138,44
1995-09-19 19:00:00,18.3,75,1.5,140,0,2,0
1995-09-19 20:00:00,17.2,80,0.0,0,0,0,0
1995-09-19 21:00:00,15.0,86,0.0,0,0,0,0
1995-09-19 22:00:00,16.6,87,0.0,0,0,0,0
1995-09-19 23:00:00,16.6,87,0.0,0,0,0,0
1995-09-20 00:00:00,17.2,87,0.0,0,0,0,0
1995-09-20 01:00:00,17.2,87,0.0,0,0,0,0
1995-09-20 02:00:00,17.2,87,0.0,0,0,0,0
1995-09-20 03:00:00,16.6,87,0.0,0,0,0,0
1995-09-20 04:00:00,16.6,87,0.0,0,0,0,0
1995-09-20 05:00:00,14.4,93,0.0,0,0,0,0
1995-09-20 06:00:00,14.4,90,0.0,0,0,0,0
1995-09-20 07:00:00,15.0,93,0.0,0,41,125,29
1995-09-20 08:00:00,19.4,78,4.1,190,207,419,85
1995-09-20 09:00:00,21.1,70,0.0,0,121,0,121
1995-09-20 10:00:00,22.2,64,3.6,150,364,90,309
1995-09-20 11:00:00,23.3,60,3.0,150,317,154,206
1995-09-20 12:00:00,23.3,62,2.5,150,475,244,285
1995-09-20 13:00:00,23.3,64,3.0,170,725,661,209
1995-09-20 14:00:00,22.7,66,3.6,130,636,539,240
1995-09-20 15:00:00,22.2,68,3.0,160,602,683,166
1995-09-20 16:00:00,21.6,71,2.5,160,421,500,171
1995-09-20 17:00:00,21.1,73,2.5,150,74,0,74
1995-09-20 18:00:00,20.5,76,2.5,160,29,0,29
1995-09-20 19:00:00,20.5,76,2.0,170,0,0,0
1995-09-20 20:00:00,20.5,76,0.0,0,0,0,0
1995-09-20 21:00:00,20.0,78,0.0,0,0,0,0
1995-09-20 22:00:00,20.0,78,0.0,0,0,0,0
1995-09-20 23:00:00,19.4,84,0.0,0,0,0,0
1995-09-21 00:00:00,19.4,84,0.0,0,0,0,0
1995-09-21 01:00:00,19.4,84,0.0,0,0,0,0
1995-09-21 02:00:00,19.4,84,0.0,0,0,0,0
1995-09-21 03:00:00,19.4,84,1.5,260,0,0,0
1995-09-21 04:00:00,17.7,90,0.0,0,0,0,0
1995-09-21 05:00:00,17.7,90,0.0,0,0,0,0
1995-09-21 06:00:00,18.3,90,0.0,0,0,0,0
1995-09-21 07:00:00,18.3,90,0.0,0,29,3,29
1995-09-21 08:00:00,22.7,73,2.0,230,184,201,126
1995-09-21 09:00:00,25.0,62,0.0,0,372,572,107
1995-09-21 10:00:00,26.1,60,1.5,210,481,522,162
1995-09-21 11:00:00,27.7,55,3.6,170,623,412,328
1995-09-21 12:00:00,27.7,53,1.5,210,800,779,198
1995-09-21 13:00:00,27.4,54,1.5,180,673,570,230
1995-09-21 14:00:00,27.2,56,1.5,150,576,260,386
1995-09-21 15:00:00,25.5,64,4.1,140,603,715,150
1995-09-21 16:00:00,23.8,71,3.0,160,384,333,219
1995-09-21 17:00:00,23.8,71,3.0,160,191,81,164
1995-09-21 18:00:00,22.2,79,3.0,150,60,87,49
1995-09-21 19:00:00,22.2,79,2.0,160,0,0,0
1995-09-21 20:00:00,21.6,82,2.0,170,0,0,0
1995-09-21 21:00:00,21.1,84,1.5,170,0,0,0
1995-09-21 22:00:00,20.5,84,1.5,180,0,0,0
1995-09-21 23:00:00,19.4,87,1.5,240,0,0,0
1995-09-22 00:00:00,19.4,87,2.0,200,0,0,0
1995-09-22 01:00:00,19.4,87,2.0,180,0,0,0
1995-09-22 02:00:00,18.9,90,1.0,90,0,0,0
1995-09-22 03:00:00,18.3,93,0.0,0,0,0,0
1995-09-22 04:00:00,19.4,87,2.0,220,0,0,0
1995-09-22 05:00:00,20.0,87,2.0,200,0,0,0
1995-09-22 06:00:00,19.4,90,0.0,0,0,0,0
1995-09-22 07:00:00,20.0,87,2.0,220,40,42,36
1995-09-22 08:00:00,22.2,81,2.0,200,170,284,90
1995-09-22 09:00:00,23.3,76,2.5,180,203,56,177
1995-09-22 10:00:00,23.8,74,2.0,190,253,73,209
1995-09-22 11:00:00,24.4,74,2.0,220,449,73,397
1995-09-22 12:00:00,21.6,78,7.2,300,223,0,223
1995-09-22 13:00:00,19.4,78,7.2,310,224,0,224
1995-09-22 14:00:00,18.3,73,6.6,300,519,115,436
1995-09-22 15:00:00,17.7,73,9.7,300,455,69,412
1995-09-22 16:00:00,16.6,72,5.1,300,153,0,153
1995-09-22 17:00:00,16.6,70,4.1,310,207,273,121
1995-09-22 18:00:00,15.0,77,4.1,310,32,0,32
1995-09-22 19:00:00,12.7,72,4.1,310,0,0,0
1995-09-22 20:00:00,12.7,66,5.1,310,0,0,0
1995-09-22 21:00:00,12.2,64,5.1,320,0,0,0
1995-09-22 22:00:00,12.2,66,5.1,320,0,0,0
1995-09-22 23:00:00,12.2,66,2.0,330,0,0,0
1995-09-23 00:00:00,11.6,69,2.5,310,0,0,0
1995-09-23 01:00:00,11.6,69,1.5,300,0,0,0
1995-09-23 02:00:00,11.6,64,3.6,320,0,0,0
1995-09-23 03:00:00,11.6,54,4.6,340,0,0,0
1995-09-23 04:00:00,11.1,56,2.5,350,0,0,0
1995-09-23 05:00:00,10.5,52,3.6,340,0,0,0
1995-09-23 06:00:00,10.0,54,3.0,330,0,0,0
1995-09-23 07:00:00,10.0,54,4.1,330,32,22,30
1995-09-23 08:00:00,10.0,54,3.6,330,170,248,100
1995-09-23 09:00:00,10.5,52,4.6,350,281,172,203
1995-09-23 10:00:00,10.5,54,4.6,350,355,201,234
1995-09-23 11:00:00,11.6,48,5.1,360,598,461,272
1995-09-23 12:00:00,12.2,48,3.0,20,632,409,319
1995-09-23 13:00:00,13.3,47,4.1,330,648,363,368
1995-09-23 14:00:00,13.3,45,3.0,330,639,422,335
1995-09-23 15:00:00,13.3,45,2.5,350,287,187,171
1995-09-23 16:00:00,13.8,45,3.0,360,357,196,262
1995-09-23 17:00:00,13.3,45,1.5,20,203,337,99
1995-09-23 18:00:00,12.2,54,0.0,0,64,14,63
1995-09-23 19:00:00,10.0,71,0.0,0,0,0,0
1995-09-23 20:00:00,8.3,80,0.0,0,0,0,0
1995-09-23 21:00:00,8.3,86,0.0,0,0,0,0
1995-09-23 22:00:00,7.2,89,0.0,0,0,0,0
1995-09-23 23:00:00,6.6,93,0.0,0,0,0,0
1995-09-24 00:00:00,5.5,97,0.0,0,0,0,0
1995-09-24 01:00:00,5.0,92,0.0,0,0,0,0
1995-09-24 02:00:00,4.4,93,0.0,0,0,0,0
1995-09-24 03:00:00,4.4,93,0.0,0,0,0,0
1995-09-24 04:00:00,6.6,86,0.0,0,0,0,0
1995-09-24 05:00:00,7.7,80,0.0,0,0,0,0
1995-09-24 06:00:00,7.7,83,0.0,0,0,0,0
1995-09-24 07:00:00,7.7,83,0.0,0,20,0,20
1995-09-24 08:00:00,8.8,74,2.0,360,58,0,58
1995-09-24 09:00:00,10.5,71,0.0,0,115,0,115
1995-09-24 10:00:00,11.1,68,0.0,0,166,0,166
1995-09-24 11:00:00,12.2,66,0.0,0,203,0,203
1995-09-24 12:00:00,12.7,72,2.0,190,223,0,223
1995-09-24 13:00:00,12.7,72,1.5,140,224,0,224
1995-09-24 14:00:00,12.2,77,0.0,0,207,0,207
1995-09-24 15:00:00,12.2,80,0.0,0,173,0,173
1995-09-24 16:00:00,12.2,77,0.0,0,123,0,123
1995-09-24 17:00:00,12.2,80,0.0,0,66,0,66
1995-09-24 18:00:00,11.6,86,0.0,0,27,0,27
1995-09-24 19:00:00,11.6,90,0.0,0,0,0,0
1995-09-24 20:00:00,11.6,90,0.0,0,0,0,0
1995-09-24 21:00:00,11.6,90,0.0,0,0,0,0
1995-09-24 22:00:00,11.6,90,0.0,0,0,0,0
1995-09-24 23:00:00,11.6,86,0.0,0,0,0,0
1995-09-25 00:00:00,11.1,93,0.0,0,0,0,0
1995-09-25 01:00:00,11.1,93,0.0,0,0,0,0
1995-09-25 02:00:00,11.1,93,0.0,0,0,0,0
1995-09-25 03:00:00,11.1,93,0.0,0,0,0,0
1995-09-25 04:00:00,11.1,93,0.0,0,0,0,0
1995-09-25 05:00:00,11.1,93,0.0,0,0,0,0
1995-09-25 06:00:00,11.6,90,0.0,0,0,0,0
1995-09-25 07:00:00,11.6,90,1.5,260,33,6,32
1995-09-25 08:00:00,11.6,93,0.0,0,125,36,115
1995-09-25 09:00:00,12.2,89,0.0,0,213,65,184
1995-09-25 10:00:00,13.3,89,0.0,0,210,64,171
1995-09-25 11:00:00,14.4,87,0.0,0,246,1,245
1995-09-25 12:00:00,15.0,80,0.0,0,390,127,294
1995-09-25 13:00:00,15.0,83,1.5,110,318,169,190
1995-09-25 14:00:00,15.5,81,0.0,0,244,147,140
1995-09-25 15:00:00,15.5,83,2.0,80,424,129,344
1995-09-25 16:00:00,15.5,87,1.5,110,250,30,236
1995-09-25 17:00:00,15.0,86,1.5,90,107,43,94
1995-09-25 18:00:00,14.4,90,2.0,90,32,17,30
1995-09-25 19:00:00,14.4,90,0.0,0,0,0,0
1995-09-25 20:00:00,14.4,93,0.0,0,0,0,0
1995-09-25 21:00:00,14.4,93,1.5,50,0,0,0
1995-09-25 22:00:00,14.4,93,0.0,0,0,0,0
1995-09-25 23:00:00,14.4,93,0.0,0,0,0,0
1995-09-26 00:00:00,14.4,93,0.0,0,0,0,0
1995-09-26 01:00:00,14.4,93,0.0,0,0,0,0
1995-09-26 02:00:00,14.4,93,0.0,0,0,0,0
1995-09-26 03:00:00,14.4,93,0.0,0,0,0,0
1995-09-26 04:00:00,14.4,90,0.0,0,0,0,0
1995-09-26 05:00:00,13.8,93,0.0,0,0,0,0
1995-09-26 06:00:00,13.8,93,0.0,0,0,0,0
1995-09-26 07:00:00,14.4,93,0.0,0,23,11,22
1995-09-26 08:00:00,15.0,90,0.0,0,146,273,72
1995-09-26 09:00:00,15.0,90,0.0,0,159,50,137
1995-09-26 10:00:00,15.9,84,0.0,0,368,373,147
1995-09-26 11:00:00,16.6,78,0.0,0,638,503,287
1995-09-26 12:00:00,17.2,75,0.0,0,714,737,160
1995-09-26 13:00:00,17.7,70,1.5,260,617,500,239
1995-09-26 14:00:00,18.3,70,0.0,0,573,345,329
1995-09-26 15:00:00,18.7,67,0.8,280,454,465,172
1995-09-26 16:00:00,18.8,68,1.5,190,386,600,106
1995-09-26 17:00:00,17.2,75,1.5,170,225,571,56
1995-09-26 18:00:00,16.1,80,1.5,180,52,160,36
1995-09-26 19:00:00,13.8,90,1.5,210,0,0,0
1995-09-26 20:00:00,12.7,93,1.5,210,0,0,0
1995-09-26 21:00:00,12.2,93,1.5,230,0,0,0
1995-09-26 22:00:00,11.6,93,2.0,240,0,0,0
1995-09-26 23:00:00,11.6,93,2.5,230,0,0,0
1995-09-27 00:00:00,11.6,93,2.5,220,0,0,0
1995-09-27 01:00:00,10.5,93,1.5,190,0,0,0
1995-09-27 02:00:00,10.0,92,1.5,190,0,0,0
1995-09-27 03:00:00,10.0,92,1.5,190,0,0,0
1995-09-27 04:00:00,10.5,93,2.5,220,0,0,0
1995-09-27 05:00:00,10.5,93,2.5,230,0,0,0
1995-09-27 06:00:00,10.5,93,3.0,240,0,0,0
1995-09-27 07:00:00,11.1,89,3.0,220,21,0,21
1995-09-27 08:00:00,15.0,77,3.0,220,201,427,86
1995-09-27 09:00:00,16.6,72,3.0,220,383,680,81
1995-09-27 10:00:00,18.8,63,3.6,210,499,593,150
1995-09-27 11:00:00,21.6,51,3.0,240,607,613,182
1995-09-27 12:00:00,23.8,43,2.5,240,713,731,167
1995-09-27 13:00:00,23.8,40,1.5,280,404,94,333
1995-09-27 14:00:00,25.0,36,3.6,260,592,607,166
1995-09-27 15:00:00,24.4,37,3.0,280,557,725,119
1995-09-27 16:00:00,24.4,37,2.5,260,391,588,119
1995-09-27 17:00:00,23.8,40,2.5,270,212,489,70
1995-09-27 18:00:00,18.8,58,0.0,0,48,183,31
1995-09-27 19:00:00,15.5,72,0.0,0,0,0,0
1995-09-27 20:00:00,14.4,75,1.5,250,0,0,0
1995-09-27 21:00:00,13.8,75,1.5,250,0,0,0
1995-09-27 22:00:00,13.8,75,2.0,240,0,0,0
1995-09-27 23:00:00,13.3,74,2.0,210,0,0,0
1995-09-28 00:00:00,12.7,77,1.5,250,0,0,0
1995-09-28 01:00:00,12.2,86,2.5,230,0,0,0
1995-09-28 02:00:00,12.7,80,2.0,230,0,0,0
1995-09-28 03:00:00,12.2,83,2.0,220,0,0,0
1995-09-28 04:00:00,12.2,80,0.0,0,0,0,0
1995-09-28 05:00:00,10.5,89,0.0,0,0,0,0
1995-09-28 06:00:00,10.0,86,0.0,0,0,0,0
1995-09-28 07:00:00,11.6,86,1.5,260,31,101,23
1995-09-28 08:00:00,15.5,70,0.0,0,193,429,79
1995-09-28 09:00:00,18.3,63,0.0,0,357,531,123
1995-09-28 10:00:00,22.2,51,0.0,0,559,667,169
1995-09-28 11:00:00,23.8,43,0.0,0,638,708,151
1995-09-28 12:00:00,25.0,42,0.0,0,749,789,163
1995-09-28 13:00:00,26.1,38,0.0,0,738,739,186
1995-09-28 14:00:00,26.1,36,2.5,40,688,730,180
1995-09-28 15:00:00,24.4,42,1.5,70,552,657,159
1995-09-28 16:00:00,25.0,42,2.0,110,293,424,100
1995-09-28 17:00:00,22.8,48,1.3,70,187,369,83
1995-09-28 18:00:00,19.7,60,0.7,40,39,95,31
1995-09-28 19:00:00,16.1,75,0.0,0,0,0,0
1995-09-28 20:00:00,15.0,80,0.0,0,0,0,0
1995-09-28 21:00:00,15.5,81,1.5,360,0,0,0
1995-09-28 22:00:00,15.5,75,0.0,0,0,0,0
1995-09-28 23:00:00,14.4,77,0.0,0,0,0,0
1995-09-29 00:00:00,13.8,78,0.0,0,0,0,0
1995-09-29 01:00:00,13.3,80,0.0,0,0,0,0
1995-09-29 02:00:00,13.3,74,2.0,30,0,0,0
1995-09-29 03:00:00,12.7,77,0.0,0,0,0,0
1995-09-29 04:00:00,12.2,83,0.0,0,0,0,0
1995-09-29 05:00:00,12.2,83,0.0,0,0,0,0
1995-09-29 06:00:00,11.6,86,0.0,0,0,0,0
1995-09-29 07:00:00,14.4,83,2.5,10,17,0,17
1995-09-29 08:00:00,15.5,81,2.0,40,183,375,85
1995-09-29 09:00:00,17.7,67,2.5,70,315,398,141
1995-09-29 10:00:00,19.4,59,3.6,110,511,600,162
1995-09-29 11:00:00,20.5,42,2.0,80,571,566,183
1995-09-29 12:00:00,20.5,40,1.5,140,725,658,239
1995-09-29 13:00:00,21.6,42,2.0,70,748,730,207
1995-09-29 14:00:00,22.7,44,1.5,130,671,697,189
1995-09-29 15:00:00,21.1,51,4.1,100,293,57,259
1995-09-29 16:00:00,21.6,44,3.6,110,356,527,118
1995-09-29 17:00:00,19.4,54,2.0,100,182,333,89
1995-09-29 18:00:00,17.7,61,1.5,110,34,69,28
1995-09-29 19:00:00,15.0,72,1.5,120,0,0,0
1995-09-29 20:00:00,14.4,69,0.0,0,0,0,0
1995-09-29 21:00:00,11.6,80,0.0,0,0,0,0
1995-09-29 22:00:00,10.5,86,0.0,0,0,0,0
1995-09-29 23:00:00,10.5,86,0.0,0,0,0,0
1995-09-30 00:00:00,9.4,89,0.0,0,0,0,0
1995-09-30 01:00:00,8.3,93,0.0,0,0,0,0
1995-09-30 02:00:00,8.8,90,1.5,50,0,0,0
1995-09-30 03:00:00,7.2,93,0.0,0,0,0,0
1995-09-30 04:00:00,7.2,93,1.5,270,0,0,0
1995-09-30 05:00:00,10.0,89,0.0,0,0,0,0
1995-09-30 06:00:00,11.1,89,0.0,0,0,0,0
1995-09-30 07:00:00,11.6,90,0.0,0,14,0,14
1995-09-30 08:00:00,12.7,84,0.0,0,44,0,44
1995-09-30 09:00:00,13.8,80,0.0,0,90,0,90
1995-09-30 10:00:00,17.7,67,0.0,0,117,8,112
1995-09-30 11:00:00,18.3,60,1.5,140,597,624,173
1995-09-30 12:00:00,19.4,54,1.5,280,737,740,193
1995-09-30 13:00:00,20.5,53,2.5,170,707,734,166
1995-09-30 14:00:00,21.1,51,1.5,70,600,644,157
1995-09-30 15:00:00,21.1,51,2.0,80,514,665,124
1995-09-30 16:00:00,20.5,53,3.6,120,364,581,105
1995-09-30 17:00:00,20.5,55,3.6,120,186,407,74
1995-09-30 18:00:00,17.7,65,0.0,0,39,70,33
1995-09-30 19:00:00,15.0,77,0.0,0,0,0,0
1995-09-30 20:00:00,12.7,84,0.0,0,0,0,0
1995-09-30 21:00:00,11.6,86,0.0,0,0,0,0
1995-09-30 22:00:00,12.0,86,0.3,0,0,0,0
1995-09-30 23:00:00,12.5,86,0.7,0,0,0,0
1995-10-01 00:00:00,12.9,87,1.0,190,0,0,0
1997-10-01 01:00:00,13.4,65,1.4,290,0,0,0
1997-10-01 02:00:00,13.8,71,1.7,290,0,0,0
1997-10-01 03:00:00,14.3,68,2.1,290,0,0,0
1997-10-01 04:00:00,14.7,75,2.4,290,0,0,0
1997-10-01 05:00:00,13.4,78,2.5,290,0,0,0
1997-10-01 06:00:00,13.2,80,2.5,290,0,0,0
1997-10-01 07:00:00,13.0,82,2.6,290,14,0,14
1997-10-01 08:00:00,16.0,68,2.1,290,63,54,50
1997-10-01 09:00:00,17.3,62,3.5,300,158,45,138
1997-10-01 10:00:00,18.3,58,4.9,310,252,130,177
1997-10-01 11:00:00,19.1,53,6.3,320,440,57,401
1997-10-01 12:00:00,19.0,52,7.7,330,418,44,385
1997-10-01 13:00:00,18.0,56,6.2,350,274,68,223
1997-10-01 14:00:00,18.1,49,7.5,340,597,648,156
1997-10-01 15:00:00,18.0,45,8.7,330,567,817,93
1997-10-01 16:00:00,17.2,45,7.0,330,398,736,76
1997-10-01 17:00:00,15.9,45,5.3,340,204,568,53
1997-10-01 18:00:00,14.0,47,3.6,340,37,185,21
1997-10-01 19:00:00,12.4,54,3.3,340,0,0,0
1997-10-01 20:00:00,11.3,57,2.9,330,0,0,0
1997-10-01 21:00:00,10.3,62,2.6,330,0,0,0
1997-10-01 22:00:00,9.4,66,2.2,330,0,0,0
1997-10-01 23:00:00,8.7,69,1.9,320,0,0,0
1997-10-02 00:00:00,8.0,71,1.5,320,0,0,0
1997-10-02 01:00:00,6.6,78,1.5,280,0,0,0
1997-10-02 02:00:00,5.3,82,1.5,250,0,0,0
1997-10-02 03:00:00,4.0,87,1.5,210,0,0,0
1997-10-02 04:00:00,3.5,90,1.5,230,0,0,0
1997-10-02 05:00:00,3.0,93,1.5,250,0,0,0
1997-10-02 06:00:00,4.0,87,1.5,240,0,0,0
1997-10-02 07:00:00,5.5,80,1.1,270,24,37,21
1997-10-02 08:00:00,8.4,69,0.8,300,162,341,77
1997-10-02 09:00:00,11.3,59,0.4,330,352,550,118
1997-10-02 10:00:00,14.0,51,0.0,0,526,661,150
1997-10-02 11:00:00,16.0,45,1.5,320,653,720,171
1997-10-02 12:00:00,16.2,42,1.5,250,720,745,181
1997-10-02 13:00:00,17.0,39,1.5,170,721,745,181
1997-10-02 14:00:00,17.4,38,0.1,190,657,720,172
1997-10-02 15:00:00,18.3,38,0.0,0,532,663,152
1997-10-02 16:00:00,17.6,40,0.0,0,361,555,120
1997-10-02 17:00:00,16.9,44,0.0,0,158,247,93
1997-10-02 18:00:00,9.4,66,0.0,0,26,34,23
1997-10-02 19:00:00,9.2,74,0.0,0,0,0,0
1997-10-02 20:00:00,9.1,74,0.0,0,0,0,0
1997-10-02 21:00:00,7.2,84,0.0,0,0,0,0
1997-10-02 22:00:00,8.7,81,0.0,0,0,0,0
1997-10-02 23:00:00,8.0,84,1.2,240,0,0,0
1997-10-03 00:00:00,7.2,88,1.3,220,0,0,0
1997-10-03 01:00:00,6.4,92,0.3,240,0,0,0
1997-10-03 02:00:00,6.8,93,0.0,0,0,0,0
1997-10-03 03:00:00,6.0,93,0.4,260,0,0,0
1997-10-03 04:00:00,7.0,93,2.1,240,0,0,0
1997-10-03 05:00:00,6.8,95,2.2,230,0,0,0
1997-10-03 06:00:00,7.4,91,2.2,210,0,0,0
1997-10-03 07:00:00,8.5,88,2.1,210,30,208,15
1997-10-03 08:00:00,12.1,74,2.8,350,193,613,42
1997-10-03 09:00:00,15.7,61,3.4,310,387,776,60
1997-10-03 10:00:00,18.2,55,3.1,140,556,854,74
1997-10-03 11:00:00,20.2,49,3.7,280,678,893,84
1997-10-03 12:00:00,21.0,46,3.6,230,743,910,89
1997-10-03 13:00:00,22.5,40,3.7,210,724,883,88
1997-10-03 14:00:00,24.1,33,3.9,180,649,835,90
1997-10-03 15:00:00,24.6,33,4.0,200,522,781,77
1997-10-03 16:00:00,25.2,35,5.2,170,372,660,90
1997-10-03 17:00:00,24.7,34,3.3,180,131,296,56
1997-10-03 18:00:00,20.3,49,2.9,160,32,204,16
1997-10-03 19:00:00,17.8,58,2.1,180,0,0,0
1997-10-03 20:00:00,17.4,66,1.7,210,0,0,0
1997-10-03 21:00:00,16.9,70,1.2,210,0,0,0
1997-10-03 22:00:00,16.5,73,1.4,190,0,0,0
1997-10-03 23:00:00,15.0,82,1.5,200,0,0,0
1997-10-04 00:00:00,14.5,82,1.1,240,0,0,0
1997-10-04 01:00:00,14.0,86,0.8,280,0,0,0
1997-10-04 02:00:00,13.5,86,0.4,320,0,0,0
1997-10-04 03:00:00,13.0,88,0.0,0,0,0,0
1997-10-04 04:00:00,13.0,88,0.0,0,0,0,0
1997-10-04 05:00:00,12.8,88,0.0,0,0,0,0
1997-10-04 06:00:00,12.6,88,0.0,0,0,0,0
1997-10-04 07:00:00,13.0,88,0.0,0,18,9,18
1997-10-04 08:00:00,17.0,73,1.6,290,157,234,100
1997-10-04 09:00:00,21.0,60,3.1,220,345,572,107
1997-10-04 10:00:00,23.0,55,2.8,230,515,679,135
1997-10-04 11:00:00,24.8,50,2.5,230,639,735,153
1997-10-04 12:00:00,25.8,47,2.1,240,704,759,162
1997-10-04 13:00:00,27.2,45,1.8,240,705,760,162
1997-10-04 14:00:00,28.0,42,1.5,250,642,736,154
1997-10-04 15:00:00,27.5,44,1.5,240,520,681,136
1997-10-04 16:00:00,26.2,48,1.5,240,351,576,108
1997-10-04 17:00:00,24.5,53,1.5,230,165,375,71
1997-10-04 18:00:00,22.2,60,1.5,220,24,52,20
1997-10-04 19:00:00,20.4,68,1.5,220,0,0,0
1997-10-04 20:00:00,19.0,73,1.5,210,0,0,0
1997-10-04 21:00:00,19.0,73,1.5,220,0,0,0
1997-10-04 22:00:00,18.4,79,1.5,230,0,0,0
1997-10-04 23:00:00,18.0,83,1.5,230,0,0,0
1997-10-05 00:00:00,18.0,79,2.0,230,0,0,0
1997-10-05 01:00:00,18.0,80,2.6,240,0,0,0
1997-10-05 02:00:00,18.0,77,3.1,240,0,0,0
1997-10-05 03:00:00,17.7,79,3.1,240,0,0,0
1997-10-05 04:00:00,17.3,81,3.1,250,0,0,0
1997-10-05 05:00:00,17.0,82,3.1,250,0,0,0
1997-10-05 06:00:00,17.0,82,2.6,250,0,0,0
1997-10-05 07:00:00,17.6,82,2.8,220,25,136,15
1997-10-05 08:00:00,20.8,71,3.7,340,176,533,49
1997-10-05 09:00:00,24.3,58,4.5,300,366,714,71
1997-10-05 10:00:00,26.8,51,4.2,290,534,801,89
1997-10-05 11:00:00,29.0,44,4.0,290,656,846,100
1997-10-05 12:00:00,29.6,41,4.3,270,720,866,106
1997-10-05 13:00:00,30.8,40,4.0,250,721,866,106
1997-10-05 14:00:00,31.3,40,3.6,240,659,847,100
1997-10-05 15:00:00,31.0,41,3.4,220,538,804,89
1997-10-05 16:00:00,30.0,46,3.1,200,371,718,72
1997-10-05 17:00:00,28.3,50,2.3,220,181,539,49
1997-10-05 18:00:00,26.0,58,1.5,230,27,144,16
1997-10-05 19:00:00,24.0,64,1.9,240,0,0,0
1997-10-05 20:00:00,22.4,68,2.2,240,0,0,0
1997-10-05 21:00:00,21.0,73,2.6,250,0,0,0
1997-10-05 22:00:00,19.9,79,2.4,250,0,0,0
1997-10-05 23:00:00,19.0,83,2.1,250,0,0,0
1997-10-06 00:00:00,19.0,83,2.1,240,0,0,0
1997-10-06 01:00:00,18.5,87,1.1,300,0,0,0
1997-10-06 02:00:00,18.0,88,0.0,0,0,0,0
1997-10-06 03:00:00,18.0,87,0.4,340,0,0,0
1997-10-06 04:00:00,18.1,85,0.9,320,0,0,0
1997-10-06 05:00:00,18.2,84,1.3,310,0,0,0
1997-10-06 06:00:00,18.3,82,1.7,290,0,0,0
1997-10-06 07:00:00,18.9,81,2.2,270,25,167,14
1997-10-06 08:00:00,21.0,73,2.6,250,179,576,43
1997-10-06 09:00:00,23.9,59,2.6,270,370,751,62
1997-10-06 10:00:00,26.6,49,2.6,280,537,833,78
1997-10-06 11:00:00,29.0,40,2.6,300,659,875,88
1997-10-06 12:00:00,29.0,37,3.6,290,722,893,93
1997-10-06 13:00:00,29.7,38,3.3,290,723,893,93
1997-10-06 14:00:00,29.7,38,2.9,290,660,875,88
1997-10-06 15:00:00,29.5,40,2.6,290,540,834,78
1997-10-06 16:00:00,28.5,45,2.2,290,372,753,62
1997-10-06 17:00:00,27.1,49,1.9,290,181,580,43
1997-10-06 18:00:00,25.0,57,1.5,290,26,172,14
1997-10-06 19:00:00,22.8,66,1.8,290,0,0,0
1997-10-06 20:00:00,21.0,73,2.1,280,0,0,0
1997-10-06 21:00:00,22.0,64,2.1,320,0,0,0
1997-10-06 22:00:00,20.6,70,1.7,330,0,0,0
1997-10-06 23:00:00,19.5,73,1.4,330,0,0,0
1997-10-07 00:00:00,18.3,76,1.1,340,0,0,0
1997-10-07 01:00:00,17.2,84,0.7,350,0,0,0
1997-10-07 02:00:00,16.1,88,0.4,350,0,0,0
1997-10-07 03:00:00,15.0,94,0.0,0,0,0,0
1997-10-07 04:00:00,15.1,93,0.3,340,0,0,0
1997-10-07 05:00:00,15.1,93,0.6,310,0,0,0
1997-10-07 06:00:00,15.3,91,0.9,290,0,0,0
1997-10-07 07:00:00,15.9,90,1.2,260,17,13,16
1997-10-07 08:00:00,18.0,83,1.5,240,136,247,79
1997-10-07 09:00:00,20.5,65,1.9,250,315,460,128
1997-10-07 10:00:00,22.0,58,0.9,40,484,580,166
1997-10-07 11:00:00,22.5,58,2.7,300,608,644,190
1997-10-07 12:00:00,22.0,62,1.6,70,673,672,202
1997-10-07 13:00:00,22.5,67,1.5,70,673,672,202
1997-10-07 14:00:00,23.0,60,1.3,60,608,643,190
1997-10-07 15:00:00,23.5,60,1.2,60,484,579,166
1997-10-07 16:00:00,24.0,57,1.0,90,315,460,128
1997-10-07 17:00:00,22.5,50,0.8,110,137,247,79
1997-10-07 18:00:00,21.0,58,0.7,140,17,13,16
1997-10-07 19:00:00,18.5,65,0.5,170,0,0,0
1997-10-07 20:00:00,17.0,80,0.4,190,0,0,0
1997-10-07 21:00:00,18.5,71,0.2,220,0,0,0
1997-10-07 22:00:00,16.0,87,0.3,220,0,0,0
1997-10-07 23:00:00,17.5,82,0.5,220,0,0,0
1997-10-08 00:00:00,17.0,88,1.5,240,0,0,0
1997-10-08 01:00:00,16.5,90,1.5,270,0,0,0
1997-10-08 02:00:00,16.0,88,1.5,290,0,0,0
1997-10-08 03:00:00,15.4,91,1.1,240,0,0,0
1997-10-08 04:00:00,14.4,100,0.4,180,0,0,0
1997-10-08 05:00:00,16.1,95,0.0,0,0,0,0
1997-10-08 06:00:00,16.7,88,0.0,0,0,0,0
1997-10-08 07:00:00,17.3,84,0.0,0,10,0,10
1997-10-08 08:00:00,19.6,77,0.0,0,152,120,125
1997-10-08 09:00:00,21.3,72,0.0,0,353,583,118
1997-10-08 10:00:00,23.0,69,0.0,0,523,804,85
1997-10-08 11:00:00,15.1,65,1.2,60,643,849,97
1997-10-08 12:00:00,6.3,64,2.4,120,706,868,102
1997-10-08 13:00:00,-2.0,60,3.6,180,706,868,102
1997-10-08 14:00:00,-2.0,60,3.6,170,643,848,97
1997-10-08 15:00:00,-2.1,60,3.6,160,522,803,85
1997-10-08 16:00:00,-3.0,65,3.6,150,355,714,68
1997-10-08 17:00:00,-3.7,68,2.9,160,166,526,46
1997-10-08 18:00:00,-5.0,77,2.1,160,21,122,13
1997-10-08 19:00:00,-6.2,87,1.8,190,0,0,0
1997-10-08 20:00:00,-7.0,92,1.5,220,0,0,0
1997-10-08 21:00:00,-7.9,100,1.6,220,0,0,0
1997-10-08 22:00:00,-8.8,100,1.7,220,0,0,0
1997-10-08 23:00:00,-8.8,100,1.8,220,0,0,0
1997-10-09 00:00:00,-8.7,100,1.8,220,0,0,0
1997-10-09 01:00:00,-8.6,100,1.9,220,0,0,0
1997-10-09 02:00:00,-8.5,100,2.0,220,0,0,0
1997-10-09 03:00:00,-8.5,100,2.1,230,0,0,0
1997-10-09 04:00:00,-8.4,92,2.2,230,0,0,0
1997-10-09 05:00:00,-8.3,100,2.3,230,0,0,0
1997-10-09 06:00:00,-8.2,100,2.3,230,0,0,0
1997-10-09 07:00:00,-8.2,92,2.4,230,16,20,14
1997-10-09 08:00:00,-8.1,100,2.5,230,137,292,71
1997-10-09 09:00:00,-6.0,84,2.6,230,316,510,113
1997-10-09 10:00:00,-4.2,74,2.9,220,483,625,146
1997-10-09 11:00:00,-2.7,64,3.3,220,606,686,166
1997-10-09 12:00:00,-2.0,60,3.6,210,669,713,177
1997-10-09 13:00:00,-1.2,56,3.9,200,669,712,176
1997-10-09 14:00:00,-1.1,52,4.1,200,604,685,166
1997-10-09 15:00:00,-1.1,51,4.4,190,480,623,145
1997-10-09 16:00:00,-2.0,55,4.6,180,313,506,113
1997-10-09 17:00:00,-2.9,60,3.8,200,134,286,70
1997-10-09 18:00:00,-4.5,70,3.1,210,15,18,13
1997-10-09 19:00:00,-5.4,79,2.3,230,0,0,0
1997-10-09 20:00:00,-6.0,84,1.5,240,0,0,0
1997-10-09 21:00:00,-6.1,83,2.0,240,0,0,0
1997-10-09 22:00:00,-6.1,81,2.6,240,0,0,0
1997-10-09 23:00:00,-6.0,77,3.1,240,0,0,0
1997-10-10 00:00:00,-6.0,77,2.6,240,0,0,0
1997-10-10 01:00:00,-5.9,79,2.9,240,0,0,0
1997-10-10 02:00:00,-5.8,76,3.1,240,0,0,0
1997-10-10 03:00:00,-5.7,76,4.3,140,0,0,0
1997-10-10 04:00:00,-5.6,74,2.8,100,0,0,0
1997-10-10 05:00:00,-6.4,80,2.5,70,0,0,0
1997-10-10 06:00:00,-6.3,79,1.1,40,0,0,0
1997-10-10 07:00:00,-6.2,78,0.0,0,17,69,13
1997-10-10 08:00:00,-5.1,78,0.4,290,151,438,54
1997-10-10 09:00:00,-5.0,77,1.5,210,335,643,81
1997-10-10 10:00:00,23.0,78,1.5,190,251,47,225
1997-10-10 11:00:00,26.0,61,3.1,290,436,55,401
1997-10-10 12:00:00,26.6,54,3.0,290,494,150,391
1997-10-10 13:00:00,27.7,47,2.9,300,477,384,213
1997-10-10 14:00:00,28.2,40,2.9,300,628,680,197
1997-10-10 15:00:00,28.5,36,2.8,300,424,415,203
1997-10-10 16:00:00,28.0,34,2.7,310,317,578,91
1997-10-10 17:00:00,27.0,32,2.6,310,148,435,53
1997-10-10 18:00:00,24.6,37,2.6,310,16,64,12
1997-10-10 19:00:00,22.8,42,2.6,310,0,0,0
1997-10-10 20:00:00,21.3,45,2.6,320,0,0,0
1997-10-10 21:00:00,20.1,49,2.6,320,0,0,0
1997-10-10 22:00:00,19.0,52,2.6,320,0,0,0
1997-10-10 23:00:00,18.0,55,2.2,320,0,0,0
1997-10-11 00:00:00,17.0,57,1.9,310,0,0,0
1997-10-11 01:00:00,16.0,63,1.5,310,0,0,0
1997-10-11 02:00:00,14.5,67,2.3,330,0,0,0
1997-10-11 03:00:00,13.0,72,3.1,350,0,0,0
1997-10-11 04:00:00,13.3,71,2.2,10,0,0,0
1997-10-11 05:00:00,13.5,70,3.4,350,0,0,0
1997-10-11 06:00:00,13.8,69,4.1,360,0,0,0
1997-10-11 07:00:00,14.1,69,1.1,330,16,72,12
1997-10-11 08:00:00,14.4,68,3.4,270,152,455,52
1997-10-11 09:00:00,15.1,61,4.1,250,339,665,79
1997-10-11 10:00:00,15.7,56,4.7,220,506,765,99
1997-10-11 11:00:00,16.0,51,5.4,200,628,816,113
1997-10-11 12:00:00,16.0,53,4.1,170,691,838,119
1997-10-11 13:00:00,16.7,53,2.9,140,690,838,119
1997-10-11 14:00:00,17.5,51,4.8,140,625,815,112
1997-10-11 15:00:00,16.8,54,4.8,110,501,763,99
1997-10-11 16:00:00,16.1,57,4.6,80,332,660,78
1997-10-11 17:00:00,14.4,60,4.6,50,146,444,51
1997-10-11 18:00:00,13.7,63,3.9,20,14,64,11
1997-10-11 19:00:00,13.0,67,0.0,0,0,0,0
1997-10-11 20:00:00,13.1,62,0.2,10,0,0,0
1997-10-11 21:00:00,11.3,71,2.5,330,0,0,0
1997-10-11 22:00:00,12.4,67,2.4,350,0,0,0
1997-10-11 23:00:00,12.6,67,2.3,20,0,0,0
1997-10-12 00:00:00,11.7,71,3.6,60,0,0,0
1997-10-12 01:00:00,8.9,81,2.6,70,0,0,0
1997-10-12 02:00:00,9.0,81,1.4,110,0,0,0
1997-10-12 03:00:00,8.1,81,1.6,120,0,0,0
1997-10-12 04:00:00,8.3,81,1.7,140,0,0,0
1997-10-12 05:00:00,6.4,81,1.9,150,0,0,0
1997-10-12 06:00:00,7.6,81,2.1,170,0,0,0
1997-10-12 07:00:00,7.7,81,2.3,180,19,157,9
1997-10-12 08:00:00,11.9,76,2.5,200,163,590,37
1997-10-12 09:00:00,15.0,67,2.1,200,352,771,54
1997-10-12 10:00:00,17.6,60,2.4,210,518,853,67
1997-10-12 11:00:00,20.0,53,2.6,210,637,894,77
1997-10-12 12:00:00,21.0,49,2.6,210,699,912,81
1997-10-12 13:00:00,22.0,50,3.1,160,697,911,81
1997-10-12 14:00:00,22.6,48,2.6,150,633,892,76
1997-10-12 15:00:00,23.0,50,2.1,130,511,849,67
1997-10-12 16:00:00,22.2,55,2.4,140,344,764,53
1997-10-12 17:00:00,21.0,60,2.6,150,155,576,36
1997-10-12 18:00:00,18.7,68,2.5,150,16,139,8
1997-10-12 19:00:00,17.1,75,2.4,160,0,0,0
1997-10-12 20:00:00,15.8,79,2.4,160,0,0,0
1997-10-12 21:00:00,14.8,82,2.3,160,0,0,0
1997-10-12 22:00:00,13.8,86,2.2,170,0,0,0
1997-10-12 23:00:00,13.0,88,2.1,170,0,0,0
1997-10-13 00:00:00,13.0,82,0.0,0,0,0,0
1997-10-13 01:00:00,12.4,86,0.0,0,0,0,0
1997-10-13 02:00:00,11.9,87,0.0,0,0,0,0
1997-10-13 03:00:00,11.4,89,0.0,0,0,0,0
1997-10-13 04:00:00,11.0,90,0.0,0,0,0,0
1997-10-13 05:00:00,10.4,92,0.0,0,0,0,0
1997-10-13 06:00:00,10.0,93,0.0,0,0,0,0
1997-10-13 07:00:00,10.2,94,0.1,10,15,88,10
1997-10-13 08:00:00,13.4,88,0.2,20,149,489,46
1997-10-13 09:00:00,15.5,82,1.8,50,334,693,69
1997-10-13 10:00:00,18.3,76,0.4,40,499,788,86
1997-10-13 11:00:00,20.9,69,1.9,100,618,836,98
1997-10-13 12:00:00,22.1,65,0.5,60,680,856,104
1997-10-13 13:00:00,23.2,69,3.7,160,678,855,104
1997-10-13 14:00:00,23.4,65,5.3,210,613,834,98
1997-10-13 15:00:00,22.6,69,2.9,210,491,784,86
1997-10-13 16:00:00,22.8,69,3.0,200,325,685,67
1997-10-13 17:00:00,19.9,78,3.1,220,140,472,45
1997-10-13 18:00:00,19.1,83,1.1,130,12,74,8
1997-10-13 19:00:00,19.3,83,2.6,200,0,0,0
1997-10-13 20:00:00,18.5,88,1.2,150,0,0,0
1997-10-13 21:00:00,19.6,88,2.8,190,0,0,0
1997-10-13 22:00:00,18.8,100,1.4,170,0,0,0
1997-10-13 23:00:00,18.0,83,1.5,180,0,0,0
1997-10-14 00:00:00,16.0,83,0.8,90,0,0,0
1997-10-14 01:00:00,14.0,88,0.0,0,0,0,0
1997-10-14 02:00:00,13.0,88,0.8,20,0,0,0
1997-10-14 03:00:00,14.0,84,1.2,30,0,0,0
1997-10-14 04:00:00,13.0,84,1.0,30,0,0,0
1997-10-14 05:00:00,11.0,90,0.8,50,0,0,0
1997-10-14 06:00:00,11.2,89,1.5,90,0,0,0
1997-10-14 07:00:00,12.0,86,2.3,120,11,31,9
1997-10-14 08:00:00,14.0,76,3.0,160,73,13,70
1997-10-14 09:00:00,14.0,77,3.7,180,189,51,170
1997-10-14 10:00:00,16.0,60,4.4,220,330,75,290
1997-10-14 11:00:00,16.0,60,5.2,40,176,0,176
1997-10-14 12:00:00,17.0,57,5.8,50,262,0,261
1997-10-14 13:00:00,18.0,58,4.9,250,581,606,177
1997-10-14 14:00:00,18.0,58,5.4,290,382,62,344
1997-10-14 15:00:00,19.0,56,5.8,320,139,0,139
1997-10-14 16:00:00,18.0,59,5.7,340,90,0,90
1997-10-14 17:00:00,16.8,63,5.1,340,39,0,39
1997-10-14 18:00:00,14.9,71,4.5,330,6,0,6
1997-10-14 19:00:00,13.6,78,3.9,330,0,0,0
1997-10-14 20:00:00,12.7,81,3.3,320,0,0,0
1997-10-14 21:00:00,12.1,84,2.7,320,0,0,0
1997-10-14 22:00:00,11.5,86,2.1,310,0,0,0
1997-10-14 23:00:00,11.0,87,1.5,310,0,0,0
1997-10-15 00:00:00,11.0,86,1.2,320,0,0,0
1997-10-15 01:00:00,10.9,89,0.9,330,0,0,0
1997-10-15 02:00:00,10.9,88,0.6,340,0,0,0
1997-10-15 03:00:00,11.0,87,0.3,350,0,0,0
1997-10-15 04:00:00,11.0,87,0.0,0,0,0,0
1997-10-15 05:00:00,10.4,83,0.7,50,0,0,0
1997-10-15 06:00:00,9.9,79,1.5,100,0,0,0
1997-10-15 07:00:00,9.3,75,2.2,150,11,64,8
1997-10-15 08:00:00,10.7,72,3.5,190,149,535,40
1997-10-15 09:00:00,13.1,65,4.7,230,334,734,59
1997-10-15 10:00:00,14.6,57,5.5,300,500,826,74
1997-10-15 11:00:00,16.0,48,6.2,350,619,871,84
1997-10-15 12:00:00,16.9,42,5.7,350,681,891,89
1997-10-15 13:00:00,18.3,37,5.1,350,679,891,89
1997-10-15 14:00:00,19.0,32,4.6,350,614,871,84
1997-10-15 15:00:00,19.0,34,5.7,360,492,824,73
1997-10-15 16:00:00,17.8,38,4.6,350,324,729,58
1997-10-15 17:00:00,16.1,41,3.6,330,138,518,38
1997-10-15 18:00:00,13.7,48,2.6,320,11,89,6
1997-10-15 19:00:00,12.0,54,1.5,300,0,0,0
1997-10-15 20:00:00,11.9,54,1.8,320,0,0,0
1997-10-15 21:00:00,12.0,54,2.1,340,0,0,0
1997-10-15 22:00:00,10.4,61,2.1,350,0,0,0
1997-10-15 23:00:00,9.0,66,2.1,350,0,0,0
1997-10-16 00:00:00,10.0,66,2.1,10,0,0,0
1997-10-16 01:00:00,9.0,71,2.6,10,0,0,0
1997-10-16 02:00:00,9.0,66,3.1,360,0,0,0
1997-10-16 03:00:00,8.0,69,2.8,350,0,0,0
1997-10-16 04:00:00,7.0,72,2.4,340,0,0,0
1997-10-16 05:00:00,6.0,75,2.1,330,0,0,0
1997-10-16 06:00:00,6.2,74,2.8,330,0,0,0
1997-10-16 07:00:00,6.9,72,3.4,330,12,79,8
1997-10-16 08:00:00,9.0,66,4.1,330,143,490,44
1997-10-16 09:00:00,10.9,63,3.5,350,318,678,66
1997-10-16 10:00:00,10.8,69,4.9,310,402,291,253
1997-10-16 11:00:00,8.7,93,5.9,300,123,0,123
1997-10-16 12:00:00,10.6,83,4.7,280,339,135,250
1997-10-16 13:00:00,10.5,79,4.1,310,421,161,314
1997-10-16 14:00:00,10.4,81,4.5,300,122,0,122
1997-10-16 15:00:00,9.7,78,4.5,280,97,0,97
1997-10-16 16:00:00,8.1,79,1.9,290,63,0,63
1997-10-16 17:00:00,7.0,86,1.8,260,27,0,27
1997-10-16 18:00:00,4.9,88,0.0,0,3,0,3
1997-10-16 19:00:00,4.8,84,0.0,0,0,0,0
1997-10-16 20:00:00,4.7,86,3.0,240,0,0,0
1997-10-16 21:00:00,3.6,88,3.9,230,0,0,0
1997-10-16 22:00:00,4.5,78,3.8,210,0,0,0
1997-10-16 23:00:00,4.4,86,2.7,210,0,0,0
1997-10-17 00:00:00,3.3,94,2.6,200,0,0,0
1997-10-17 01:00:00,3.2,96,3.5,200,0,0,0
1997-10-17 02:00:00,3.1,99,0.0,0,0,0,0
1997-10-17 03:00:00,4.0,94,0.0,0,0,0,0
1997-10-17 04:00:00,3.9,89,0.1,160,0,0,0
1997-10-17 05:00:00,1.8,100,0.0,0,0,0,0
1997-10-17 06:00:00,0.8,100,0.0,0,0,0,0
1997-10-17 07:00:00,0.5,100,0.0,0,4,0,4
1997-10-17 08:00:00,3.4,100,0.0,0,30,0,30
1997-10-17 09:00:00,6.3,82,0.0,0,120,0,120
1997-10-17 10:00:00,7.2,73,1.2,90,143,0,143
1997-10-17 11:00:00,8.1,69,0.6,90,272,28,255
1997-10-17 12:00:00,10.0,66,1.5,70,194,0,194
1997-10-17 13:00:00,11.2,65,1.3,60,193,0,193
1997-10-17 14:00:00,11.7,63,1.0,50,175,0,175
1997-10-17 15:00:00,12.0,65,0.8,40,140,0,140
1997-10-17 16:00:00,11.5,70,0.5,20,92,0,92
1997-10-17 17:00:00,10.6,76,0.3,10,39,0,39
1997-10-17 18:00:00,9.0,87,0.0,0,4,0,4
1997-10-17 19:00:00,8.4,93,0.0,0,0,0,0
1997-10-17 20:00:00,8.2,94,0.0,0,0,0,0
1997-10-17 21:00:00,8.2,95,0.0,0,0,0,0
1997-10-17 22:00:00,8.2,96,0.0,0,0,0,0
1997-10-17 23:00:00,8.5,94,0.0,0,0,0,0
1997-10-18 00:00:00,8.7,92,0.0,0,0,0,0
1997-10-18 01:00:00,9.0,93,0.0,0,0,0,0
1997-10-18 02:00:00,8.7,95,0.0,0,0,0,0
1997-10-18 03:00:00,8.3,98,0.0,0,0,0,0
1997-10-18 04:00:00,8.0,100,0.0,0,0,0,0
1997-10-18 05:00:00,8.0,93,0.0,0,0,0,0
1997-10-18 06:00:00,7.7,97,0.0,0,0,0,0
1997-10-18 07:00:00,8.0,100,0.0,0,8,22,7
1997-10-18 08:00:00,10.0,85,0.8,20,128,374,55
1997-10-18 09:00:00,12.0,71,1.5,40,306,640,73
1997-10-18 10:00:00,12.8,71,1.7,40,427,497,177
1997-10-18 11:00:00,13.3,69,1.9,40,327,218,196
1997-10-18 12:00:00,13.0,72,2.1,40,187,0,187
1997-10-18 13:00:00,13.8,69,2.1,70,186,0,186
1997-10-18 14:00:00,14.0,67,2.1,110,167,0,167
1997-10-18 15:00:00,14.0,67,2.1,140,132,0,132
1997-10-18 16:00:00,13.9,70,1.4,90,84,0,84
1997-10-18 17:00:00,13.3,74,0.7,50,34,0,34
1997-10-18 18:00:00,12.0,82,0.0,0,3,0,3
1997-10-18 19:00:00,11.4,86,0.0,0,0,0,0
1997-10-18 20:00:00,11.2,86,0.0,0,0,0,0
1997-10-18 21:00:00,11.2,87,0.0,0,0,0,0
1997-10-18 22:00:00,11.2,87,0.0,0,0,0,0
1997-10-18 23:00:00,11.5,84,0.0,0,0,0,0
1997-10-19 00:00:00,11.7,81,0.0,0,0,0,0
1997-10-19 01:00:00,12.0,82,0.0,0,0,0,0
1997-10-19 02:00:00,11.0,87,0.0,0,0,0,0
1997-10-19 03:00:00,10.0,93,0.0,0,0,0,0
1997-10-19 04:00:00,10.3,90,0.4,20,0,0,0
1997-10-19 05:00:00,10.7,85,0.3,50,0,0,0
1997-10-19 06:00:00,11.0,82,0.2,90,0,0,0
1997-10-19 07:00:00,11.3,78,1.1,130,5,0,5
1997-10-19 08:00:00,11.7,74,0.0,0,97,234,53
1997-10-19 09:00:00,12.0,71,0.0,0,289,554,89
1997-10-19 10:00:00,13.3,64,3.3,320,452,674,116
1997-10-19 11:00:00,14.1,61,4.7,340,571,735,133
1997-10-19 12:00:00,14.0,63,2.6,360,632,762,141
1997-10-19 13:00:00,14.0,59,4.1,340,629,761,140
1997-10-19 14:00:00,15.1,53,4.1,350,563,733,132
1997-10-19 15:00:00,16.0,51,4.1,360,440,669,114
1997-10-19 16:00:00,14.8,56,3.1,360,274,542,87
1997-10-19 17:00:00,13.1,62,2.1,360,102,284,52
1997-10-19 18:00:00,10.7,72,1.0,360,4,11,4
1997-10-19 19:00:00,9.0,81,0.0,0,0,0,0
1997-10-19 20:00:00,8.8,80,0.5,350,0,0,0
1997-10-19 21:00:00,8.8,80,1.1,340,0,0,0
1997-10-19 22:00:00,8.8,79,1.6,320,0,0,0
1997-10-19 23:00:00,9.0,76,2.1,310,0,0,0
1997-10-20 00:00:00,10.0,71,2.1,350,0,0,0
1997-10-20 01:00:00,10.0,73,2.3,350,0,0,0
1997-10-20 02:00:00,10.0,72,2.4,340,0,0,0
1997-10-20 03:00:00,10.0,71,2.6,340,0,0,0
1997-10-20 04:00:00,8.9,73,2.0,350,0,0,0
1997-10-20 05:00:00,7.7,76,1.3,350,0,0,0
1997-10-20 06:00:00,6.6,79,0.7,360,0,0,0
1997-10-20 07:00:00,6.0,81,0.0,0,7,15,6
1997-10-20 08:00:00,8.4,74,2.5,110,110,290,56
1997-10-20 09:00:00,10.7,69,3.0,120,268,494,92
1997-10-20 10:00:00,14.1,63,2.0,150,444,652,122
1997-10-20 11:00:00,16.4,59,4.6,120,558,711,137
1997-10-20 12:00:00,18.8,54,4.1,140,624,742,149
1997-10-20 13:00:00,21.1,51,5.1,140,481,520,150
1997-10-20 14:00:00,23.5,47,3.6,150,451,545,132
1997-10-20 15:00:00,25.8,44,3.6,180,276,301,130
1997-10-20 16:00:00,28.2,41,0.1,20,262,422,119
1997-10-20 17:00:00,30.5,39,5.7,160,83,159,57
1997-10-20 18:00:00,32.9,36,5.2,120,4,7,3
1997-10-20 19:00:00,35.2,34,5.7,200,0,0,0
1997-10-20 20:00:00,37.6,32,2.6,180,0,0,0
1997-10-20 21:00:00,39.9,30,2.1,180,0,0,0
1997-10-20 22:00:00,42.3,28,4.7,10,0,0,0
1997-10-20 23:00:00,44.6,27,4.2,290,0,0,0
1997-10-21 00:00:00,47.0,25,2.6,330,0,0,0
1997-10-21 01:00:00,46.1,28,5.0,330,0,0,0
1997-10-21 02:00:00,47.2,29,3.3,320,0,0,0
1997-10-21 03:00:00,47.3,30,3.7,330,0,0,0
1997-10-21 04:00:00,48.4,31,0.9,340,0,0,0
1997-10-21 05:00:00,49.6,31,3.8,350,0,0,0
1997-10-21 06:00:00,49.7,33,1.0,330,0,0,0
1997-10-21 07:00:00,49.8,34,2.5,320,9,88,5
1997-10-21 08:00:00,50.9,35,1.7,300,128,459,44
1997-10-21 09:00:00,51.0,37,3.1,300,315,744,54
1997-10-21 10:00:00,50.7,34,2.7,310,480,840,68
1997-10-21 11:00:00,48.5,37,4.4,290,598,886,78
1997-10-21 12:00:00,45.2,38,4.0,250,454,374,216
1997-10-21 13:00:00,41.9,35,3.1,290,655,904,82
1997-10-21 14:00:00,36.6,33,3.3,260,588,882,77
1997-10-21 15:00:00,31.4,38,3.9,260,464,832,67
1997-10-21 16:00:00,27.1,39,3.6,250,296,728,52
1997-10-21 17:00:00,21.8,45,3.2,250,114,490,34
1997-10-21 18:00:00,16.5,53,1.2,250,5,59,3
1997-10-21 19:00:00,11.3,63,1.4,240,0,0,0
1997-10-21 20:00:00,7.0,76,0.0,0,0,0,0
1997-10-21 21:00:00,7.0,72,0.4,350,0,0,0
1997-10-21 22:00:00,7.0,69,0.7,350,0,0,0
1997-10-21 23:00:00,7.2,65,1.1,340,0,0,0
1997-10-22 00:00:00,7.5,59,1.4,330,0,0,0
1997-10-22 01:00:00,7.7,57,1.7,330,0,0,0
1997-10-22 02:00:00,8.0,52,2.1,320,0,0,0
1997-10-22 03:00:00,8.0,52,4.1,330,0,0,0
1997-10-22 04:00:00,7.7,49,4.3,330,0,0,0
1997-10-22 05:00:00,8.4,46,4.6,340,0,0,0
1997-10-22 06:00:00,7.1,50,4.8,330,0,0,0
1997-10-22 07:00:00,6.9,45,6.0,340,6,26,5
1997-10-22 08:00:00,4.6,63,5.7,330,100,291,48
1997-10-22 09:00:00,7.3,47,6.5,320,282,561,87
1997-10-22 10:00:00,7.0,44,5.7,320,459,758,91
1997-10-22 11:00:00,8.5,38,5.5,320,578,814,104
1997-10-22 12:00:00,9.2,36,5.4,320,639,838,110
1997-10-22 13:00:00,10.4,34,5.3,320,636,837,110
1997-10-22 14:00:00,11.0,31,5.1,320,569,811,103
1997-10-22 15:00:00,10.8,31,4.9,320,445,751,89
1997-10-22 16:00:00,9.9,33,4.6,330,277,629,68
1997-10-22 17:00:00,8.5,35,4.4,330,100,362,42
1997-10-22 18:00:00,6.5,39,4.1,330,3,21,2
1997-10-22 19:00:00,5.0,44,3.9,340,0,0,0
1997-10-22 20:00:00,4.0,45,3.6,340,0,0,0
1997-10-22 21:00:00,3.9,45,3.1,330,0,0,0
1997-10-22 22:00:00,3.9,44,2.6,320,0,0,0
1997-10-22 23:00:00,4.0,42,2.1,310,0,0,0
1997-10-23 00:00:00,3.0,45,1.9,280,0,0,0
1997-10-23 01:00:00,2.0,51,1.7,260,0,0,0
1997-10-23 02:00:00,1.0,56,1.5,230,0,0,0
1997-10-23 03:00:00,1.5,61,1.4,220,0,0,0
1997-10-23 04:00:00,2.1,59,1.2,220,0,0,0
1997-10-23 05:00:00,1.6,58,3.1,220,0,0,0
1997-10-23 06:00:00,3.1,49,3.0,220,0,0,0
1997-10-23 07:00:00,2.7,51,3.4,220,3,0,3
1997-10-23 08:00:00,5.2,44,2.2,220,107,317,51
1997-10-23 09:00:00,6.7,37,4.2,230,282,576,83
1997-10-23 10:00:00,7.3,36,3.0,210,446,701,108
1997-10-23 11:00:00,7.8,36,4.5,210,566,764,125
1997-10-23 12:00:00,9.3,33,5.3,190,627,789,133
1997-10-23 13:00:00,9.9,33,4.7,210,623,787,132
1997-10-23 14:00:00,12.4,31,4.6,200,555,757,123
1997-10-23 15:00:00,11.9,33,5.0,200,429,689,106
1997-10-23 16:00:00,11.5,31,3.8,190,261,553,80
1997-10-23 17:00:00,11.0,33,2.6,190,89,273,47
1997-10-23 18:00:00,8.0,41,2.0,230,2,7,2
1997-10-23 19:00:00,5.7,51,1.3,280,0,0,0
1997-10-23 20:00:00,3.7,58,0.7,320,0,0,0
1997-10-23 21:00:00,2.0,67,0.0,0,0,0,0
1997-10-23 22:00:00,1.9,68,0.0,0,0,0,0
1997-10-23 23:00:00,1.9,67,0.0,0,0,0,0
1997-10-24 00:00:00,1.9,65,0.0,0,0,0,0
1997-10-24 01:00:00,2.0,67,0.0,0,0,0,0
1997-10-24 02:00:00,2.6,66,3.1,10,0,0,0
1997-10-24 03:00:00,2.2,70,2.5,20,0,0,0
1997-10-24 04:00:00,2.8,63,0.8,40,0,0,0
1997-10-24 05:00:00,3.4,62,1.8,60,0,0,0
1997-10-24 06:00:00,4.0,61,1.3,70,0,0,0
1997-10-24 07:00:00,4.6,60,2.3,60,4,1,4
1997-10-24 08:00:00,5.2,59,0.2,80,89,159,62
1997-10-24 09:00:00,5.8,63,1.6,110,247,401,111
1997-10-24 10:00:00,7.4,58,3.1,110,406,539,149
1997-10-24 11:00:00,9.0,53,2.1,120,508,583,173
1997-10-24 12:00:00,9.1,57,2.0,110,550,542,213
1997-10-24 13:00:00,9.7,60,1.9,100,504,478,208
1997-10-24 14:00:00,9.7,63,1.8,90,475,412,242
1997-10-24 15:00:00,9.5,69,1.7,80,234,154,163
1997-10-24 16:00:00,8.5,80,1.6,70,167,147,120
1997-10-24 17:00:00,7.0,93,1.5,60,40,0,40
1997-10-24 18:00:00,6.7,98,2.3,130,1,0,1
1997-10-24 19:00:00,7.0,100,3.1,190,0,0,0
1997-10-24 20:00:00,7.4,97,1.6,280,0,0,0
1997-10-24 21:00:00,8.0,93,0.0,0,0,0,0
1997-10-24 22:00:00,8.4,95,0.0,0,0,0,0
1997-10-24 23:00:00,9.0,93,0.0,0,0,0,0
1997-10-25 00:00:00,9.0,92,0.0,0,0,0,0
1997-10-25 01:00:00,9.0,95,0.0,0,0,0,0
1997-10-25 02:00:00,9.0,93,0.0,0,0,0,0
1997-10-25 03:00:00,9.0,93,0.0,0,0,0,0
1997-10-25 04:00:00,8.5,97,0.0,0,0,0,0
1997-10-25 05:00:00,8.0,100,0.0,0,0,0,0
1997-10-25 06:00:00,7.0,100,0.3,360,0,0,0
1997-10-25 07:00:00,6.6,100,0.5,360,2,0,2
1997-10-25 08:00:00,7.6,100,0.8,10,38,0,38
1997-10-25 09:00:00,8.7,100,1.0,10,90,0,90
1997-10-25 10:00:00,9.4,99,1.3,10,137,0,137
1997-10-25 11:00:00,10.0,93,1.5,10,169,0,169
1997-10-25 12:00:00,11.2,91,2.6,360,185,0,185
1997-10-25 13:00:00,13.0,88,3.6,340,184,0,184
1997-10-25 14:00:00,15.0,77,5.7,350,356,64,320
1997-10-25 15:00:00,15.0,67,5.1,10,132,0,132
1997-10-25 16:00:00,13.7,75,5.1,30,86,14,81
1997-10-25 17:00:00,11.9,85,5.2,50,37,12,36
1997-10-25 18:00:00,10.7,88,5.3,110,1,0,1
1997-10-25 19:00:00,10.1,90,5.5,150,0,0,0
1997-10-25 20:00:00,9.7,91,4.5,210,0,0,0
1997-10-25 21:00:00,9.5,91,3.4,90,0,0,0
1997-10-25 22:00:00,9.0,93,2.1,50,0,0,0
1997-10-25 23:00:00,8.5,94,1.8,50,0,0,0
1997-10-26 00:00:00,8.0,93,1.5,50,0,0,0
1997-10-26 01:00:00,8.9,89,1.3,40,0,0,0
1997-10-26 02:00:00,8.8,89,1.1,40,0,0,0
1997-10-26 03:00:00,8.6,89,0.9,30,0,0,0
1997-10-26 04:00:00,8.5,88,0.8,30,0,0,0
1997-10-26 05:00:00,8.4,88,0.6,20,0,0,0
1997-10-26 06:00:00,7.5,91,0.4,10,0,0,0
1997-10-26 07:00:00,7.1,94,0.2,10,3,0,3
1997-10-26 08:00:00,8.0,87,0.0,0,41,0,41
1997-10-26 09:00:00,7.6,93,1.1,70,71,0,71
1997-10-26 10:00:00,7.0,100,2.1,130,116,0,116
1997-10-26 11:00:00,7.9,94,2.4,120,125,0,125
1997-10-26 12:00:00,8.0,93,2.6,110,117,0,117
1997-10-26 13:00:00,8.3,93,1.3,60,139,0,139
1997-10-26 14:00:00,8.0,93,0.0,0,122,0,122
1997-10-26 15:00:00,8.7,92,0.7,30,93,0,93
1997-10-26 16:00:00,8.6,95,1.4,50,47,0,47
1997-10-26 17:00:00,8.0,100,2.1,80,25,0,25
1997-10-26 18:00:00,7.3,100,2.1,90,0,0,0
1997-10-26 19:00:00,7.2,100,2.1,100,0,0,0
1997-10-26 20:00:00,7.5,100,2.1,100,0,0,0
1997-10-26 21:00:00,8.0,100,2.1,110,0,0,0
1997-10-26 22:00:00,8.0,100,0.0,0,0,0,0
1997-10-26 23:00:00,8.0,100,1.5,120,0,0,0
1997-10-27 00:00:00,9.6,82,1.5,280,0,0,0
1997-10-27 01:00:00,9.5,84,0.0,0,0,0,0
1997-10-27 02:00:00,8.3,90,0.4,320,0,0,0
1997-10-27 03:00:00,7.1,88,1.0,330,0,0,0
1997-10-27 04:00:00,6.4,88,1.5,330,0,0,0
1997-10-27 05:00:00,6.3,77,2.0,340,0,0,0
1997-10-27 06:00:00,6.9,72,2.5,340,0,0,0
1997-10-27 07:00:00,10.7,64,3.0,350,3,4,3
1997-10-27 08:00:00,11.1,62,5.6,200,79,172,51
1997-10-27 09:00:00,11.6,59,7.2,270,236,376,112
1997-10-27 10:00:00,13.2,54,7.7,290,409,636,113
1997-10-27 11:00:00,13.6,51,9.7,300,491,631,138
1997-10-27 12:00:00,13.0,51,8.7,320,584,732,139
1997-10-27 13:00:00,13.3,49,8.0,310,554,609,185
1997-10-27 14:00:00,12.9,47,7.2,310,387,328,206
1997-10-27 15:00:00,12.4,47,6.5,300,253,197,164
1997-10-27 16:00:00,11.0,50,5.7,290,66,0,66
1997-10-27 17:00:00,9.0,66,6.2,330,33,0,33
1997-10-27 18:00:00,7.4,67,6.5,330,0,0,0
1997-10-27 19:00:00,6.4,66,6.9,330,0,0,0
1997-10-27 20:00:00,5.8,62,7.2,330,0,0,0
1997-10-27 21:00:00,5.5,56,7.5,330,0,0,0
1997-10-27 22:00:00,5.2,52,7.9,330,0,0,0
1997-10-27 23:00:00,5.0,46,8.2,330,0,0,0
1997-10-28 00:00:00,5.0,51,7.8,310,0,0,0
1997-10-28 01:00:00,4.0,51,7.5,300,0,0,0
1997-10-28 02:00:00,4.0,56,7.1,280,0,0,0
1997-10-28 03:00:00,4.0,52,6.8,270,0,0,0
1997-10-28 04:00:00,4.0,58,6.4,250,0,0,0
1997-10-28 05:00:00,4.0,53,6.1,230,0,0,0
1997-10-28 06:00:00,3.0,53,5.7,220,0,0,0
1997-10-28 07:00:00,4.0,50,5.4,200,3,33,2
1997-10-28 08:00:00,4.0,56,5.0,180,105,372,47
1997-10-28 09:00:00,5.0,52,4.7,170,224,479,69
1997-10-28 10:00:00,7.0,46,5.8,360,384,526,142
1997-10-28 11:00:00,7.0,43,6.1,360,554,799,110
1997-10-28 12:00:00,7.0,44,5.7,310,623,891,86
1997-10-28 13:00:00,8.3,41,4.6,310,619,889,86
1997-10-28 14:00:00,9.0,38,3.6,310,552,864,80
1997-10-28 15:00:00,9.7,37,2.9,310,427,806,69
1997-10-28 16:00:00,9.6,38,2.2,300,260,685,52
1997-10-28 17:00:00,9.0,38,1.5,300,85,401,32
1997-10-28 18:00:00,6.1,48,1.0,320,1,23,0
1997-10-28 19:00:00,3.9,58,0.5,340,0,0,0
1997-10-28 20:00:00,2.0,67,0.0,0,0,0,0
1997-10-28 21:00:00,2.3,70,2.0,70,0,0,0
1997-10-28 22:00:00,2.5,73,4.0,120,0,0,0
1997-10-28 23:00:00,2.8,75,3.9,150,0,0,0
1997-10-29 00:00:00,4.0,73,3.9,180,0,0,0
1997-10-29 01:00:00,3.3,74,2.4,230,0,0,0
1997-10-29 02:00:00,3.5,78,5.9,290,0,0,0
1997-10-29 03:00:00,3.8,80,6.9,340,0,0,0
1997-10-29 04:00:00,4.0,77,4.8,20,0,0,0
1997-10-29 05:00:00,3.3,67,2.2,10,0,0,0
1997-10-29 06:00:00,3.5,64,1.1,170,0,0,0
1997-10-29 07:00:00,2.8,71,1.6,210,4,66,2
1997-10-29 08:00:00,3.0,74,2.1,250,106,499,30
1997-10-29 09:00:00,7.0,56,1.5,250,281,735,46
1997-10-29 10:00:00,4.9,75,4.0,220,439,834,59
1997-10-29 11:00:00,4.9,75,3.5,230,561,893,69
1997-10-29 12:00:00,3.8,81,5.5,230,619,913,72
1997-10-29 13:00:00,3.8,81,7.0,240,603,893,72
1997-10-29 14:00:00,3.7,81,7.0,240,542,878,67
1997-10-29 15:00:00,4.7,81,7.9,270,411,803,57
1997-10-29 16:00:00,4.6,81,4.3,260,241,662,43
1997-10-29 17:00:00,4.6,81,4.2,270,85,452,26
1997-10-29 18:00:00,4.5,81,3.7,290,1,39,0
1997-10-29 19:00:00,4.4,81,3.6,260,0,0,0
1997-10-29 20:00:00,4.4,81,3.0,270,0,0,0
1997-10-29 21:00:00,4.3,81,0.0,0,0,0,0
1997-10-29 22:00:00,4.3,81,0.0,0,0,0,0
1997-10-29 23:00:00,3.2,81,1.3,200,0,0,0
1997-10-30 00:00:00,3.2,81,1.7,220,0,0,0
1997-10-30 01:00:00,3.1,81,2.2,250,0,0,0
1997-10-30 02:00:00,3.1,81,3.2,250,0,0,0
1997-10-30 03:00:00,3.0,81,2.1,260,0,0,0
1997-10-30 04:00:00,3.1,81,2.0,260,0,0,0
1997-10-30 05:00:00,3.1,82,1.9,260,0,0,0
1997-10-30 06:00:00,3.3,82,1.7,250,0,0,0
1997-10-30 07:00:00,3.9,82,1.6,250,2,7,2
1997-10-30 08:00:00,6.0,75,1.5,250,86,271,45
1997-10-30 09:00:00,9.0,66,1.5,210,251,550,77
1997-10-30 10:00:00,11.8,58,1.5,170,410,684,101
1997-10-30 11:00:00,14.3,51,1.5,120,527,750,117
1997-10-30 12:00:00,16.0,48,1.5,80,586,777,125
1997-10-30 13:00:00,17.2,44,1.5,100,582,775,124
1997-10-30 14:00:00,17.7,41,1.5,120,514,743,116
1997-10-30 15:00:00,18.0,39,1.5,140,390,669,98
1997-10-30 16:00:00,16.2,45,1.8,130,227,522,73
1997-10-30 17:00:00,14.0,51,2.1,110,67,217,40
1997-10-30 18:00:00,11.7,58,2.0,130,0,2,0
1997-10-30 19:00:00,10.0,65,1.9,140,0,0,0
1997-10-30 20:00:00,8.7,69,1.8,160,0,0,0
1997-10-30 21:00:00,7.7,73,1.8,170,0,0,0
1997-10-30 22:00:00,6.6,78,1.7,190,0,0,0
1997-10-30 23:00:00,5.8,80,1.6,200,0,0,0
1997-10-31 00:00:00,5.0,81,1.5,220,0,0,0
1997-10-31 01:00:00,4.7,85,1.1,260,0,0,0
1997-10-31 02:00:00,4.5,84,0.8,290,0,0,0
1997-10-31 03:00:00,4.2,86,0.4,330,0,0,0
1997-10-31 04:00:00,4.0,87,0.0,0,0,0,0
1997-10-31 05:00:00,4.2,87,0.3,30,0,0,0
1997-10-31 06:00:00,4.5,87,0.6,50,0,0,0
1997-10-31 07:00:00,5.4,86,0.9,80,2,38,1
1997-10-31 08:00:00,7.7,79,1.2,100,96,435,32
1997-10-31 09:00:00,10.0,71,1.5,130,267,691,51
1997-10-31 10:00:00,10.5,68,1.8,130,424,800,66
1997-10-31 11:00:00,13.2,57,2.1,130,539,852,77
1997-10-31 12:00:00,13.2,56,0.6,110,596,873,81
1997-10-31 13:00:00,13.8,61,0.2,120,591,870,81
1997-10-31 14:00:00,13.7,61,0.0,0,525,844,75
1997-10-31 15:00:00,13.7,63,0.0,0,403,785,65
1997-10-31 16:00:00,13.7,65,0.1,130,242,663,49
1997-10-31 17:00:00,13.0,67,0.2,130,75,374,29
1997-10-31 18:00:00,10.8,77,0.3,120,0,18,0
1997-10-31 19:00:00,10.2,83,0.0,0,0,0,0
1997-10-31 20:00:00,10.1,83,0.0,0,0,0,0
1997-10-31 21:00:00,10.1,86,0.0,0,0,0,0
1997-10-31 22:00:00,10.2,72,0.3,0,0,0,0
1997-10-31 23:00:00,10.2,74,0.7,0,0,0,0
1997-11-01 00:00:00,10.3,79,1.0,0,0,0,0
1996-11-01 01:00:00,10.3,36,1.3,330,0,0,0
1996-11-01 02:00:00,10.4,31,1.6,330,0,0,0
1996-11-01 03:00:00,10.4,31,2.0,330,0,0,0
1996-11-01 04:00:00,10.5,30,2.3,330,0,0,0
1996-11-01 05:00:00,10.0,30,1.5,330,0,0,0
1996-11-01 06:00:00,9.3,34,1.8,350,0,0,0
1996-11-01 07:00:00,9.0,38,2.1,360,1,1,1
1996-11-01 08:00:00,8.5,41,1.7,360,47,10,46
1996-11-01 09:00:00,8.8,42,1.3,360,93,33,83
1996-11-01 10:00:00,9.1,44,0.8,360,110,31,97
1996-11-01 11:00:00,8.5,45,0.4,360,207,26,193
1996-11-01 12:00:00,8.0,48,0.0,0,172,0,172
1996-11-01 13:00:00,8.0,52,0.0,0,171,0,171
1996-11-01 14:00:00,9.4,49,0.4,40,246,139,172
1996-11-01 15:00:00,10.0,48,1.1,80,136,176,61
1996-11-01 16:00:00,10.2,49,1.8,120,195,160,149
1996-11-01 17:00:00,9.7,51,2.4,160,63,256,33
1996-11-01 18:00:00,8.9,54,3.0,190,0,11,0
1996-11-01 19:00:00,8.4,58,3.0,230,0,0,0
1996-11-01 20:00:00,8.2,60,3.0,270,0,0,0
1996-11-01 21:00:00,8.0,61,3.1,310,0,0,0
1996-11-01 22:00:00,7.6,58,3.4,320,0,0,0
1996-11-01 23:00:00,7.4,54,3.8,340,0,0,0
1996-11-02 00:00:00,7.0,52,4.1,350,0,0,0
1996-11-02 01:00:00,6.0,55,4.6,330,0,0,0
1996-11-02 02:00:00,6.0,55,3.6,330,0,0,0
1996-11-02 03:00:00,5.7,53,4.6,320,0,0,0
1996-11-02 04:00:00,5.3,51,5.5,310,0,0,0
1996-11-02 05:00:00,5.0,48,5.6,310,0,0,0
1996-11-02 06:00:00,4.7,46,5.8,300,0,0,0
1996-11-02 07:00:00,4.8,42,5.9,300,1,11,1
1996-11-02 08:00:00,5.1,41,6.1,290,80,302,39
1996-11-02 09:00:00,5.9,38,6.3,310,214,492,65
1996-11-02 10:00:00,7.1,34,6.8,310,405,728,86
1996-11-02 11:00:00,8.0,32,7.2,310,522,793,99
1996-11-02 12:00:00,9.0,27,6.7,330,581,819,106
1996-11-02 13:00:00,8.0,26,6.7,320,577,818,105
1996-11-02 14:00:00,8.6,27,6.5,320,510,789,98
1996-11-02 15:00:00,8.2,27,6.2,320,387,720,84
1996-11-02 16:00:00,7.5,29,6.0,320,225,576,62
1996-11-02 17:00:00,6.0,33,5.7,320,63,255,34
1996-11-02 18:00:00,4.6,36,5.4,320,0,3,0
1996-11-02 19:00:00,3.8,39,5.0,320,0,0,0
1996-11-02 20:00:00,3.3,41,4.7,320,0,0,0
1996-11-02 21:00:00,2.9,43,4.4,320,0,0,0
1996-11-02 22:00:00,2.5,44,4.1,310,0,0,0
1996-11-02 23:00:00,2.3,45,3.8,310,0,0,0
1996-11-03 00:00:00,1.8,47,3.4,310,0,0,0
1996-11-03 01:00:00,2.0,48,3.1,310,0,0,0
1996-11-03 02:00:00,2.0,48,3.6,300,0,0,0
1996-11-03 03:00:00,1.7,49,3.5,300,0,0,0
1996-11-03 04:00:00,1.6,51,3.4,310,0,0,0
1996-11-03 05:00:00,1.5,54,3.2,310,0,0,0
1996-11-03 06:00:00,1.0,56,3.1,310,0,0,0
1996-11-03 07:00:00,1.1,55,3.3,300,1,29,1
1996-11-03 08:00:00,2.1,52,3.4,300,88,425,31
1996-11-03 09:00:00,4.0,45,3.6,290,260,701,50
1996-11-03 10:00:00,6.0,39,7.2,290,421,818,66
1996-11-03 11:00:00,7.0,36,6.3,300,537,873,76
1996-11-03 12:00:00,7.0,37,5.3,300,595,894,81
1996-11-03 13:00:00,9.0,32,4.9,300,591,892,81
1996-11-03 14:00:00,9.0,28,4.5,300,523,865,75
1996-11-03 15:00:00,9.0,30,4.1,300,399,803,64
1996-11-03 16:00:00,8.0,33,3.1,340,235,672,48
1996-11-03 17:00:00,6.0,44,2.6,350,67,359,27
1996-11-03 18:00:00,4.0,45,2.1,360,0,12,0
1996-11-03 19:00:00,2.7,50,1.7,360,0,0,0
1996-11-03 20:00:00,1.7,54,1.4,360,0,0,0
1996-11-03 21:00:00,0.7,59,1.1,360,0,0,0
1996-11-03 22:00:00,-0.3,62,0.7,360,0,0,0
1996-11-03 23:00:00,-1.0,66,0.4,360,0,0,0
1996-11-04 00:00:00,-2.0,71,0.0,0,0,0,0
1996-11-04 01:00:00,-2.0,73,0.5,310,0,0,0
1996-11-04 02:00:00,-2.5,76,1.0,250,0,0,0
1996-11-04 03:00:00,-3.0,77,1.5,200,0,0,0
1996-11-04 04:00:00,-2.8,76,1.0,250,0,0,0
1996-11-04 05:00:00,-2.7,77,0.5,310,0,0,0
1996-11-04 06:00:00,-3.0,77,0.0,0,0,0,0
1996-11-04 07:00:00,-1.7,73,0.5,330,0,0,0
1996-11-04 08:00:00,0.6,65,1.0,300,64,137,46
1996-11-04 09:00:00,3.7,54,1.6,260,213,415,90
1996-11-04 10:00:00,6.8,48,2.1,230,367,568,123
1996-11-04 11:00:00,9.0,41,2.6,200,483,646,144
1996-11-04 12:00:00,10.2,39,2.5,190,542,679,155
1996-11-04 13:00:00,11.1,36,2.4,190,538,677,154
1996-11-04 14:00:00,11.9,35,2.4,180,471,639,142
1996-11-04 15:00:00,11.7,35,2.3,170,348,553,119
1996-11-04 16:00:00,11.3,36,2.2,170,191,386,85
1996-11-04 17:00:00,10.0,39,2.1,160,48,94,38
1996-11-04 18:00:00,8.7,42,1.7,130,0,0,0
1996-11-04 19:00:00,8.0,46,1.3,100,0,0,0
1996-11-04 20:00:00,7.7,48,0.8,60,0,0,0
1996-11-04 21:00:00,7.3,51,0.4,30,0,0,0
1996-11-04 22:00:00,7.0,52,0.0,0,0,0,0
1996-11-04 23:00:00,6.8,52,0.4,320,0,0,0
1996-11-05 00:00:00,6.3,53,0.8,280,0,0,0
1996-11-05 01:00:00,6.5,54,1.1,230,0,0,0
1996-11-05 02:00:00,6.0,55,1.5,190,0,0,0
1996-11-05 03:00:00,5.0,59,1.5,230,0,0,0
1996-11-05 04:00:00,6.2,55,2.5,230,0,0,0
1996-11-05 05:00:00,7.3,51,3.6,240,0,0,0
1996-11-05 06:00:00,8.0,48,4.6,240,0,0,0
1996-11-05 07:00:00,8.2,49,4.1,50,1,43,0
1996-11-05 08:00:00,9.3,48,3.7,220,67,169,46
1996-11-05 09:00:00,11.3,45,3.6,210,158,309,68
1996-11-05 10:00:00,13.3,43,3.5,200,241,137,183
1996-11-05 11:00:00,14.3,41,3.3,190,172,113,113
1996-11-05 12:00:00,15.5,40,3.1,200,289,85,240
1996-11-05 13:00:00,16.4,39,3.0,220,145,56,113
1996-11-05 14:00:00,17.2,40,2.8,230,160,14,152
1996-11-05 15:00:00,17.0,42,2.6,240,120,0,120
1996-11-05 16:00:00,15.9,44,2.2,260,149,101,121
1996-11-05 17:00:00,13.8,50,1.7,280,48,164,31
1996-11-05 18:00:00,12.0,55,1.3,300,0,12,0
1996-11-05 19:00:00,10.8,59,0.9,320,0,0,0
1996-11-05 20:00:00,9.9,63,0.4,340,0,0,0
1996-11-05 21:00:00,9.0,66,0.0,0,0,0,0
1996-11-05 22:00:00,8.2,68,0.0,0,0,0,0
1996-11-05 23:00:00,7.8,68,0.0,0,0,0,0
1996-11-06 00:00:00,7.0,70,0.0,0,0,0,0
1996-11-06 01:00:00,7.3,70,0.0,0,0,0,0
1996-11-06 02:00:00,7.0,70,0.0,0,0,0,0
1996-11-06 03:00:00,7.4,68,1.1,360,0,0,0
1996-11-06 04:00:00,8.0,66,2.1,360,0,0,0
1996-11-06 05:00:00,7.9,66,1.6,360,0,0,0
1996-11-06 06:00:00,7.3,67,1.1,360,0,0,0
1996-11-06 07:00:00,7.2,68,0.5,360,0,0,0
1996-11-06 08:00:00,8.0,66,0.0,0,25,0,25
1996-11-06 09:00:00,9.6,62,0.0,0,68,0,68
1996-11-06 10:00:00,11.3,60,0.0,0,113,0,113
1996-11-06 11:00:00,12.0,58,0.0,0,145,0,145
1996-11-06 12:00:00,14.0,56,0.5,30,415,219,292
1996-11-06 13:00:00,15.7,55,1.1,50,449,425,212
1996-11-06 14:00:00,17.4,54,1.6,80,458,630,139
1996-11-06 15:00:00,18.0,56,2.1,100,367,726,73
1996-11-06 16:00:00,17.0,59,1.5,50,210,584,54
1996-11-06 17:00:00,15.9,68,0.8,30,53,190,34
1996-11-06 18:00:00,15.0,77,0.0,0,0,0,0
1996-11-06 19:00:00,14.4,80,0.0,0,0,0,0
1996-11-06 20:00:00,14.0,82,0.0,0,0,0,0
1996-11-06 21:00:00,13.6,86,0.0,0,0,0,0
1996-11-06 22:00:00,13.3,87,0.0,0,0,0,0
1996-11-06 23:00:00,13.2,88,0.0,0,0,0,0
1996-11-07 00:00:00,12.8,92,0.0,0,0,0,0
1996-11-07 01:00:00,13.0,94,0.0,0,0,0,0
1996-11-07 02:00:00,13.0,94,0.0,0,0,0,0
1996-11-07 03:00:00,13.0,94,0.0,0,0,0,0
1996-11-07 04:00:00,12.0,94,0.0,0,0,0,0
1996-11-07 05:00:00,12.0,94,0.0,0,0,0,0
1996-11-07 06:00:00,12.0,94,0.0,0,0,0,0
1996-11-07 07:00:00,14.0,88,2.1,190,0,4,0
1996-11-07 08:00:00,15.4,78,3.3,200,50,35,46
1996-11-07 09:00:00,15.9,83,4.4,190,173,269,96
1996-11-07 10:00:00,18.3,75,3.9,190,314,465,120
1996-11-07 11:00:00,18.7,76,6.1,180,481,750,98
1996-11-07 12:00:00,20.1,72,6.1,180,538,776,105
1996-11-07 13:00:00,21.6,64,6.6,180,534,774,104
1996-11-07 14:00:00,21.0,64,7.7,170,469,743,97
1996-11-07 15:00:00,20.5,65,7.4,170,351,670,82
1996-11-07 16:00:00,19.7,69,7.0,170,197,520,61
1996-11-07 17:00:00,18.0,77,6.7,170,48,194,30
1996-11-07 18:00:00,17.0,82,3.6,180,0,1,0
1996-11-07 19:00:00,17.1,84,3.9,180,0,0,0
1996-11-07 20:00:00,17.5,84,4.3,180,0,0,0
1996-11-07 21:00:00,18.0,83,4.6,180,0,0,0
1996-11-07 22:00:00,19.0,78,5.7,170,0,0,0
1996-11-07 23:00:00,19.0,78,5.1,170,0,0,0
1996-11-08 00:00:00,19.0,83,7.2,170,0,0,0
1996-11-08 01:00:00,18.8,85,6.1,170,0,0,0
1996-11-08 02:00:00,18.0,88,5.1,170,0,0,0
1996-11-08 03:00:00,18.3,88,5.3,170,0,0,0
1996-11-08 04:00:00,18.9,87,5.5,170,0,0,0
1996-11-08 05:00:00,19.4,87,5.8,170,0,0,0
1996-11-08 06:00:00,19.5,87,6.0,170,0,0,0
1996-11-08 07:00:00,20.0,88,6.2,170,0,2,0
1996-11-08 08:00:00,20.0,88,6.7,170,26,0,26
1996-11-08 09:00:00,18.0,84,6.2,260,77,0,77
1996-11-08 10:00:00,16.0,82,5.7,350,102,0,102
1996-11-08 11:00:00,14.0,82,6.2,350,154,0,154
1996-11-08 12:00:00,14.9,75,5.6,330,169,0,169
1996-11-08 13:00:00,15.8,60,6.5,320,168,0,168
1996-11-08 14:00:00,15.7,58,5.9,320,150,0,150
1996-11-08 15:00:00,15.6,57,5.8,330,117,0,117
1996-11-08 16:00:00,14.5,63,6.7,310,71,0,71
1996-11-08 17:00:00,12.4,65,4.5,290,20,0,20
1996-11-08 18:00:00,10.3,77,3.9,270,0,0,0
1996-11-08 19:00:00,10.2,75,1.7,90,0,0,0
1996-11-08 20:00:00,9.1,78,3.7,280,0,0,0
1996-11-08 21:00:00,9.0,71,4.1,290,0,0,0
1996-11-08 22:00:00,9.0,71,3.6,290,0,0,0
1996-11-08 23:00:00,8.6,73,4.4,290,0,0,0
1996-11-09 00:00:00,8.0,76,5.1,280,0,0,0
1996-11-09 01:00:00,7.0,76,5.1,290,0,0,0
1996-11-09 02:00:00,7.0,70,5.1,290,0,0,0
1996-11-09 03:00:00,6.1,67,4.5,260,0,0,0
1996-11-09 04:00:00,7.3,64,3.8,220,0,0,0
1996-11-09 05:00:00,7.4,62,4.7,70,0,0,0
1996-11-09 06:00:00,7.5,59,2.6,150,0,0,0
1996-11-09 07:00:00,7.6,56,1.9,120,0,0,0
1996-11-09 08:00:00,7.8,53,2.8,310,26,20,24
1996-11-09 09:00:00,8.9,51,3.2,270,84,48,70
1996-11-09 10:00:00,9.0,49,5.7,240,52,0,52
1996-11-09 11:00:00,10.0,47,4.9,260,214,101,162
1996-11-09 12:00:00,11.0,47,4.1,280,164,0,164
1996-11-09 13:00:00,9.4,55,3.9,290,163,0,163
1996-11-09 14:00:00,7.7,65,3.8,290,144,0,144
1996-11-09 15:00:00,5.0,81,3.6,300,110,0,110
1996-11-09 16:00:00,6.0,75,3.1,270,65,0,65
1996-11-09 17:00:00,6.0,75,0.0,0,17,0,17
1996-11-09 18:00:00,4.5,83,0.7,320,0,0,0
1996-11-09 19:00:00,3.6,89,1.4,270,0,0,0
1996-11-09 20:00:00,3.0,93,2.1,230,0,0,0
1996-11-09 21:00:00,2.7,92,2.3,230,0,0,0
1996-11-09 22:00:00,2.4,90,2.4,240,0,0,0
1996-11-09 23:00:00,2.4,86,2.6,240,0,0,0
1996-11-10 00:00:00,2.0,84,2.8,240,0,0,0
1996-11-10 01:00:00,2.3,82,2.9,250,0,0,0
1996-11-10 02:00:00,2.0,80,3.1,250,0,0,0
1996-11-10 03:00:00,2.0,80,2.1,250,0,0,0
1996-11-10 04:00:00,1.0,79,3.1,230,0,0,0
1996-11-10 05:00:00,1.2,79,1.6,300,0,0,0
1996-11-10 06:00:00,1.0,79,0.0,0,0,0,0
1996-11-10 07:00:00,0.0,85,1.5,240,0,0,0
1996-11-10 08:00:00,1.2,85,0.7,240,29,1,29
1996-11-10 09:00:00,3.4,73,0.3,240,140,15,136
1996-11-10 10:00:00,5.7,58,2.1,250,211,61,186
1996-11-10 11:00:00,6.9,49,0.0,0,318,113,262
1996-11-10 12:00:00,8.1,43,1.9,260,285,142,207
1996-11-10 13:00:00,8.3,39,2.1,290,286,103,230
1996-11-10 14:00:00,7.6,41,1.3,290,272,97,224
1996-11-10 15:00:00,6.8,40,2.4,300,128,19,121
1996-11-10 16:00:00,5.0,39,2.1,300,130,53,116
1996-11-10 17:00:00,4.0,45,2.1,300,26,11,25
1996-11-10 18:00:00,2.2,55,2.9,300,0,0,0
1996-11-10 19:00:00,1.0,67,3.6,300,0,0,0
1996-11-10 20:00:00,1.0,67,3.1,290,0,0,0
1996-11-10 21:00:00,1.0,61,3.1,280,0,0,0
1996-11-10 22:00:00,0.4,58,3.4,290,0,0,0
1996-11-10 23:00:00,0.0,55,3.6,290,0,0,0
1996-11-11 00:00:00,-1.0,60,2.6,290,0,0,0
1996-11-11 01:00:00,-0.9,63,2.5,280,0,0,0
1996-11-11 02:00:00,-1.4,66,2.4,280,0,0,0
1996-11-11 03:00:00,-1.9,69,2.2,270,0,0,0
1996-11-11 04:00:00,-2.0,71,2.1,260,0,0,0
1996-11-11 05:00:00,-1.0,60,4.1,270,0,0,0
1996-11-11 06:00:00,-1.7,63,3.6,250,0,0,0
1996-11-11 07:00:00,-2.0,65,3.1,230,0,1,0
1996-11-11 08:00:00,1.0,51,2.1,260,33,15,31
1996-11-11 09:00:00,1.0,43,5.1,290,208,537,64
1996-11-11 10:00:00,2.9,39,4.6,290,330,536,115
1996-11-11 11:00:00,4.0,35,4.1,290,391,170,306
1996-11-11 12:00:00,3.0,37,4.6,320,540,796,108
1996-11-11 13:00:00,3.9,36,4.4,320,468,625,131
1996-11-11 14:00:00,4.7,36,4.1,320,178,126,116
1996-11-11 15:00:00,4.5,36,3.9,310,220,203,141
1996-11-11 16:00:00,4.0,38,3.6,310,52,0,52
1996-11-11 17:00:00,2.4,43,3.1,310,43,54,39
1996-11-11 18:00:00,1.0,47,2.6,300,0,0,0
1996-11-11 19:00:00,0.4,49,3.9,300,0,0,0
1996-11-11 20:00:00,0.0,51,5.1,290,0,0,0
1996-11-11 21:00:00,-0.3,54,4.9,290,0,0,0
1996-11-11 22:00:00,-0.6,56,4.6,290,0,0,0
1996-11-11 23:00:00,-0.7,57,4.4,280,0,0,0
1996-11-12 00:00:00,-1.0,60,4.1,280,0,0,0
1996-11-12 01:00:00,-2.0,60,3.1,270,0,0,0
1996-11-12 02:00:00,-2.2,61,2.9,270,0,0,0
1996-11-12 03:00:00,-2.2,60,2.8,270,0,0,0
1996-11-12 04:00:00,-2.0,60,2.6,270,0,0,0
1996-11-12 05:00:00,-3.0,65,3.6,290,0,0,0
1996-11-12 06:00:00,-2.0,55,3.1,270,0,0,0
1996-11-12 07:00:00,-2.0,57,3.4,280,0,21,0
1996-11-12 08:00:00,-1.0,55,3.6,290,65,438,21
1996-11-12 09:00:00,0.4,48,4.5,290,230,734,37
1996-11-12 10:00:00,1.7,45,5.4,290,387,852,48
1996-11-12 11:00:00,2.2,41,6.4,300,501,906,57
1996-11-12 12:00:00,2.7,40,7.3,300,559,927,61
1996-11-12 13:00:00,3.0,37,8.2,300,555,925,60
1996-11-12 14:00:00,3.0,35,7.7,300,490,900,56
1996-11-12 15:00:00,2.0,34,7.2,300,370,839,47
1996-11-12 16:00:00,3.0,31,3.6,310,210,709,35
1996-11-12 17:00:00,0.9,40,2.9,300,49,377,18
1996-11-12 18:00:00,-1.0,50,2.1,280,0,0,0
1996-11-12 19:00:00,-1.7,54,2.2,280,0,0,0
1996-11-12 20:00:00,-2.1,56,2.3,280,0,0,0
1996-11-12 21:00:00,-2.5,59,2.4,270,0,0,0
1996-11-12 22:00:00,-2.9,60,2.5,270,0,0,0
1996-11-12 23:00:00,-3.0,60,2.6,270,0,0,0
1996-11-13 00:00:00,-3.3,60,2.1,260,0,0,0
1996-11-13 01:00:00,-3.0,60,1.5,240,0,0,0
1996-11-13 02:00:00,-3.2,65,1.5,240,0,0,0
1996-11-13 03:00:00,-3.2,67,1.5,230,0,0,0
1996-11-13 04:00:00,-3.0,71,1.5,230,0,0,0
1996-11-13 05:00:00,-2.3,65,1.5,240,0,0,0
1996-11-13 06:00:00,-2.0,60,1.5,240,0,0,0
1996-11-13 07:00:00,-2.3,63,1.9,240,0,0,0
1996-11-13 08:00:00,-1.5,61,2.2,230,31,10,31
1996-11-13 09:00:00,0.0,55,2.6,230,116,3,115
1996-11-13 10:00:00,1.6,50,2.6,230,190,72,162
1996-11-13 11:00:00,2.2,44,2.6,220,268,100,219
1996-11-13 12:00:00,3.0,41,2.6,220,185,58,154
1996-11-13 13:00:00,3.9,35,2.1,230,221,86,176
1996-11-13 14:00:00,3.7,37,2.1,190,334,298,192
1996-11-13 15:00:00,3.5,40,2.1,130,309,424,148
1996-11-13 16:00:00,3.3,43,0.6,130,164,315,87
1996-11-13 17:00:00,3.1,45,0.0,0,32,48,28
1996-11-13 18:00:00,2.9,49,1.6,80,0,0,0
1996-11-13 19:00:00,2.6,48,0.0,0,0,0,0
1996-11-13 20:00:00,2.4,53,0.5,80,0,0,0
1996-11-13 21:00:00,2.2,55,1.0,60,0,0,0
1996-11-13 22:00:00,2.0,56,1.0,70,0,0,0
1996-11-13 23:00:00,1.8,62,3.0,30,0,0,0
1996-11-14 00:00:00,1.0,67,1.5,20,0,0,0
1996-11-14 01:00:00,1.0,51,2.1,40,0,0,0
1996-11-14 02:00:00,0.7,55,3.1,290,0,0,0
1996-11-14 03:00:00,0.4,59,3.1,210,0,0,0
1996-11-14 04:00:00,-0.5,67,2.6,130,0,0,0
1996-11-14 05:00:00,-0.7,71,2.1,130,0,0,0
1996-11-14 06:00:00,-1.0,73,0.0,0,0,0,0
1996-11-14 07:00:00,-1.3,78,0.4,30,0,0,0
1996-11-14 08:00:00,-1.0,85,1.5,40,23,0,23
1996-11-14 09:00:00,-1.0,83,1.8,40,44,0,44
1996-11-14 10:00:00,-1.0,85,2.1,40,79,0,79
1996-11-14 11:00:00,0.0,78,2.1,40,126,0,126
1996-11-14 12:00:00,1.0,79,1.5,10,143,0,143
1996-11-14 13:00:00,1.0,79,2.1,20,142,0,142
1996-11-14 14:00:00,0.6,77,1.5,50,157,63,127
1996-11-14 15:00:00,0.1,77,1.4,80,289,135,238
1996-11-14 16:00:00,-0.3,75,0.8,80,132,98,108
1996-11-14 17:00:00,-0.8,75,0.6,160,29,17,27
1996-11-14 18:00:00,-1.2,74,1.0,220,0,0,0
1996-11-14 19:00:00,-1.7,74,1.4,200,0,0,0
1996-11-14 20:00:00,-1.6,73,1.8,260,0,0,0
1996-11-14 21:00:00,-2.1,72,3.3,300,0,0,0
1996-11-14 22:00:00,-3.0,71,2.6,340,0,0,0
1996-11-14 23:00:00,-3.3,70,2.4,340,0,0,0
1996-11-15 00:00:00,-4.0,71,2.3,340,0,0,0
1996-11-15 01:00:00,-4.0,71,2.1,340,0,0,0
1996-11-15 02:00:00,-4.0,77,1.5,360,0,0,0
1996-11-15 03:00:00,-4.0,71,2.6,360,0,0,0
1996-11-15 04:00:00,-5.0,76,1.3,360,0,0,0
1996-11-15 05:00:00,-6.0,84,0.0,0,0,0,0
1996-11-15 06:00:00,-4.6,77,1.7,290,0,0,0
1996-11-15 07:00:00,-4.3,78,0.4,30,0,7,0
1996-11-15 08:00:00,-1.9,60,0.6,50,55,377,21
1996-11-15 09:00:00,-0.4,52,2.3,300,214,696,38
1996-11-15 10:00:00,1.1,49,2.4,340,369,824,51
1996-11-15 11:00:00,1.3,45,2.6,330,482,882,60
1996-11-15 12:00:00,2.2,42,1.3,110,540,905,64
1996-11-15 13:00:00,3.0,41,1.5,120,537,903,64
1996-11-15 14:00:00,4.0,38,3.1,110,473,876,59
1996-11-15 15:00:00,3.0,41,2.1,110,354,812,50
1996-11-15 16:00:00,2.1,44,1.8,90,197,673,37
1996-11-15 17:00:00,0.4,51,1.5,80,43,321,18
1996-11-15 18:00:00,-1.2,58,1.2,60,0,0,0
1996-11-15 19:00:00,-2.1,64,0.9,50,0,0,0
1996-11-15 20:00:00,-2.8,69,0.6,30,0,0,0
1996-11-15 21:00:00,-3.4,74,0.3,20,0,0,0
1996-11-15 22:00:00,-4.0,77,0.0,0,0,0,0
1996-11-15 23:00:00,-4.3,79,0.3,340,0,0,0
1996-11-16 00:00:00,-4.9,83,0.6,310,0,0,0
1996-11-16 01:00:00,-4.9,86,0.9,290,0,0,0
1996-11-16 02:00:00,-5.5,89,1.2,260,0,0,0
1996-11-16 03:00:00,-6.0,92,1.5,240,0,0,0
1996-11-16 04:00:00,-6.1,88,1.1,270,0,0,0
1996-11-16 05:00:00,-6.2,86,0.8,300,0,0,0
1996-11-16 06:00:00,-6.8,85,0.4,330,0,0,0
1996-11-16 07:00:00,-7.0,84,0.0,0,0,2,0
1996-11-16 08:00:00,-5.0,84,0.0,0,49,311,22
1996-11-16 09:00:00,-1.5,70,0.8,290,203,643,43
1996-11-16 10:00:00,2.0,62,1.5,210,355,779,58
1996-11-16 11:00:00,3.0,52,2.6,210,468,842,68
1996-11-16 12:00:00,4.0,45,3.6,200,525,867,72
1996-11-16 13:00:00,5.0,42,2.9,160,523,866,72
1996-11-16 14:00:00,6.0,39,2.1,110,459,837,67
1996-11-16 15:00:00,6.0,36,1.5,120,342,770,56
1996-11-16 16:00:00,5.2,39,1.4,110,188,622,42
1996-11-16 17:00:00,3.5,44,1.3,110,39,262,19
1996-11-16 18:00:00,2.0,48,1.2,100,0,0,0
1996-11-16 19:00:00,1.1,52,1.1,90,0,0,0
1996-11-16 20:00:00,0.5,54,1.1,80,0,0,0
1996-11-16 21:00:00,-0.1,57,1.0,80,0,0,0
1996-11-16 22:00:00,-0.6,59,0.9,70,0,0,0
1996-11-16 23:00:00,-0.9,60,0.8,60,0,0,0
1996-11-17 00:00:00,-1.5,63,0.7,60,0,0,0
1996-11-17 01:00:00,-1.4,65,0.6,50,0,0,0
1996-11-17 02:00:00,-2.0,68,0.5,40,0,0,0
1996-11-17 03:00:00,-2.4,69,0.4,40,0,0,0
1996-11-17 04:00:00,-2.6,71,0.4,30,0,0,0
1996-11-17 05:00:00,-2.8,72,0.3,20,0,0,0
1996-11-17 06:00:00,-3.5,76,0.2,10,0,0,0
1996-11-17 07:00:00,-3.7,79,0.1,10,0,0,0
1996-11-17 08:00:00,-3.0,77,0.0,0,40,167,26
1996-11-17 09:00:00,0.6,63,0.9,320,183,509,58
1996-11-17 10:00:00,4.3,55,1.7,270,332,669,79
1996-11-17 11:00:00,7.0,48,2.6,230,444,745,93
1996-11-17 12:00:00,7.3,46,1.2,60,503,776,100
1996-11-17 13:00:00,7.0,46,1.3,90,500,775,100
1996-11-17 14:00:00,7.3,51,1.4,130,437,741,92
1996-11-17 15:00:00,8.7,46,1.5,170,321,661,78
1996-11-17 16:00:00,8.9,43,3.2,340,170,490,56
1996-11-17 17:00:00,6.4,46,3.3,10,33,137,22
1996-11-17 18:00:00,5.0,55,1.9,280,0,0,0
1996-11-17 19:00:00,4.7,58,2.0,310,0,0,0
1996-11-17 20:00:00,5.0,59,2.1,350,0,0,0
1996-11-17 21:00:00,6.0,54,2.0,330,0,0,0
1996-11-17 22:00:00,5.4,57,3.4,270,0,0,0
1996-11-17 23:00:00,6.4,52,3.3,90,0,0,0
1996-11-18 00:00:00,6.9,51,3.2,110,0,0,0
1996-11-18 01:00:00,6.9,52,1.6,270,0,0,0
1996-11-18 02:00:00,6.8,51,1.5,250,0,0,0
1996-11-18 03:00:00,6.1,57,2.9,70,0,0,0
1996-11-18 04:00:00,6.1,58,1.3,220,0,0,0
1996-11-18 05:00:00,5.5,71,1.2,200,0,0,0
1996-11-18 06:00:00,5.4,66,1.1,180,0,0,0
1996-11-18 07:00:00,4.3,73,1.0,170,0,0,0
1996-11-18 08:00:00,5.3,72,3.0,30,11,0,11
1996-11-18 09:00:00,7.4,66,2.3,350,41,0,41
1996-11-18 10:00:00,8.5,65,2.8,300,72,0,72
1996-11-18 11:00:00,8.4,64,2.7,330,365,473,143
1996-11-18 12:00:00,8.9,66,2.6,310,378,277,236
1996-11-18 13:00:00,9.4,67,4.5,30,188,0,188
1996-11-18 14:00:00,9.3,71,2.9,360,351,248,237
1996-11-18 15:00:00,9.2,78,2.8,330,70,0,70
1996-11-18 16:00:00,8.1,83,1.6,330,56,0,56
1996-11-18 17:00:00,8.0,81,0.0,0,13,0,13
1996-11-18 18:00:00,8.0,87,0.0,0,0,0,0
1996-11-18 19:00:00,7.6,91,0.0,0,0,0,0
1996-11-18 20:00:00,7.5,92,0.0,0,0,0,0
1996-11-18 21:00:00,7.4,94,0.0,0,0,0,0
1996-11-18 22:00:00,7.4,93,0.0,0,0,0,0
1996-11-18 23:00:00,7.6,93,0.0,0,0,0,0
1996-11-19 00:00:00,7.5,93,0.0,0,0,0,0
1996-11-19 01:00:00,8.1,93,0.0,0,0,0,0
1996-11-19 02:00:00,8.0,93,0.0,0,0,0,0
1996-11-19 03:00:00,8.6,88,0.0,0,0,0,0
1996-11-19 04:00:00,8.6,86,0.0,0,0,0,0
1996-11-19 05:00:00,9.7,78,0.0,0,0,0,0
1996-11-19 06:00:00,9.6,77,0.0,0,0,0,0
1996-11-19 07:00:00,10.2,73,0.0,0,0,0,0
1996-11-19 08:00:00,9.6,66,0.0,0,10,0,10
1996-11-19 09:00:00,10.7,62,0.0,0,42,0,42
1996-11-19 10:00:00,11.8,52,0.0,0,73,0,73
1996-11-19 11:00:00,11.8,51,0.6,280,114,0,114
1996-11-19 12:00:00,11.7,48,0.0,0,239,35,221
1996-11-19 13:00:00,12.8,46,1.6,310,276,121,214
1996-11-19 14:00:00,13.4,43,1.6,340,215,198,124
1996-11-19 15:00:00,12.8,42,1.6,360,291,286,187
1996-11-19 16:00:00,12.3,42,0.6,330,165,61,151
1996-11-19 17:00:00,8.4,58,0.6,330,37,202,22
1996-11-19 18:00:00,7.7,60,0.6,340,0,0,0
1996-11-19 19:00:00,6.6,61,1.1,20,0,0,0
1996-11-19 20:00:00,5.5,64,0.0,0,0,0,0
1996-11-19 21:00:00,5.0,64,0.0,0,0,0,0
1996-11-19 22:00:00,5.0,62,0.0,0,0,0,0
1996-11-19 23:00:00,5.3,59,0.0,0,0,0,0
1996-11-20 00:00:00,5.4,57,0.0,0,0,0,0
1996-11-20 01:00:00,6.0,55,0.0,0,0,0,0
1996-11-20 02:00:00,4.8,60,0.0,0,0,0,0
1996-11-20 03:00:00,3.4,58,0.0,0,0,0,0
1996-11-20 04:00:00,2.2,58,0.0,0,0,0,0
1996-11-20 05:00:00,1.4,58,0.0,0,0,0,0
1996-11-20 06:00:00,1.2,62,2.4,170,0,0,0
1996-11-20 07:00:00,0.5,57,2.2,190,0,0,0
1996-11-20 08:00:00,1.9,56,3.6,250,27,44,23
1996-11-20 09:00:00,4.0,51,3.0,290,150,334,72
1996-11-20 10:00:00,5.4,49,3.4,290,247,396,102
1996-11-20 11:00:00,7.5,44,4.2,330,413,596,139
1996-11-20 12:00:00,8.5,41,6.2,30,436,512,176
1996-11-20 13:00:00,8.8,35,6.0,40,481,675,139
1996-11-20 14:00:00,8.7,38,5.4,50,395,535,151
1996-11-20 15:00:00,8.4,36,6.7,100,290,562,88
1996-11-20 16:00:00,6.0,39,4.1,320,155,407,63
1996-11-20 17:00:00,4.6,44,3.7,320,27,77,21
1996-11-20 18:00:00,3.4,47,3.4,320,0,0,0
1996-11-20 19:00:00,2.8,49,3.0,320,0,0,0
1996-11-20 20:00:00,2.5,51,2.6,330,0,0,0
1996-11-20 21:00:00,2.2,52,2.2,330,0,0,0
1996-11-20 22:00:00,2.0,53,1.9,330,0,0,0
1996-11-20 23:00:00,2.0,52,1.5,330,0,0,0
1996-11-21 00:00:00,1.7,52,0.8,350,0,0,0
1996-11-21 01:00:00,2.0,52,0.0,0,0,0,0
1996-11-21 02:00:00,1.8,52,0.7,360,0,0,0
1996-11-21 03:00:00,1.7,50,1.3,350,0,0,0
1996-11-21 04:00:00,1.8,49,2.0,350,0,0,0
1996-11-21 05:00:00,2.0,48,2.6,340,0,0,0
1996-11-21 06:00:00,1.0,51,2.5,340,0,0,0
1996-11-21 07:00:00,0.4,55,2.4,340,0,0,0
1996-11-21 08:00:00,0.8,55,2.2,340,35,56,31
1996-11-21 09:00:00,2.0,52,2.1,340,78,51,66
1996-11-21 10:00:00,3.2,54,2.1,310,220,43,204
1996-11-21 11:00:00,3.5,54,2.1,290,154,54,129
1996-11-21 12:00:00,3.9,57,2.1,260,238,33,221
1996-11-21 13:00:00,4.0,59,2.1,240,224,54,197
1996-11-21 14:00:00,4.0,64,2.1,210,318,106,270
1996-11-21 15:00:00,4.1,65,1.6,250,124,54,104
1996-11-21 16:00:00,3.9,70,1.1,290,77,22,72
1996-11-21 17:00:00,2.8,79,0.5,320,20,0,20
1996-11-21 18:00:00,2.0,87,0.0,0,0,0,0
1996-11-21 19:00:00,1.5,81,1.0,350,0,0,0
1996-11-21 20:00:00,1.2,73,2.1,340,0,0,0
1996-11-21 21:00:00,1.0,67,3.1,330,0,0,0
1996-11-21 22:00:00,1.2,65,2.6,330,0,0,0
1996-11-21 23:00:00,1.8,62,2.0,340,0,0,0
1996-11-22 00:00:00,2.0,62,1.5,340,0,0,0
1996-11-22 01:00:00,2.3,62,3.3,330,0,0,0
1996-11-22 02:00:00,2.0,62,5.1,320,0,0,0
1996-11-22 03:00:00,1.6,62,5.4,320,0,0,0
1996-11-22 04:00:00,1.4,62,5.7,330,0,0,0
1996-11-22 05:00:00,1.3,62,5.9,330,0,0,0
1996-11-22 06:00:00,0.3,65,5.9,330,0,0,0
1996-11-22 07:00:00,-0.2,69,5.8,340,0,0,0
1996-11-22 08:00:00,0.2,69,5.7,340,24,22,22
1996-11-22 09:00:00,1.7,63,5.7,340,43,0,43
1996-11-22 10:00:00,3.2,62,5.8,340,74,0,74
1996-11-22 11:00:00,3.9,60,5.8,330,96,0,96
1996-11-22 12:00:00,4.6,60,6.2,330,154,0,154
1996-11-22 13:00:00,5.0,59,6.7,330,153,0,153
1996-11-22 14:00:00,5.4,59,7.2,330,136,0,136
1996-11-22 15:00:00,4.8,60,7.7,320,104,0,104
1996-11-22 16:00:00,4.0,64,8.2,320,60,0,60
1996-11-22 17:00:00,2.5,70,7.8,320,15,20,14
1996-11-22 18:00:00,1.2,74,7.4,310,0,0,0
1996-11-22 19:00:00,0.5,78,7.1,310,0,0,0
1996-11-22 20:00:00,0.1,80,6.7,300,0,0,0
1996-11-22 21:00:00,-0.3,82,6.3,300,0,0,0
1996-11-22 22:00:00,-0.6,81,5.9,290,0,0,0
1996-11-22 23:00:00,-0.7,80,5.5,290,0,0,0
1996-11-23 00:00:00,-1.1,82,5.1,280,0,0,0
1996-11-23 01:00:00,-0.8,81,4.8,280,0,0,0
1996-11-23 02:00:00,-1.2,82,4.4,270,0,0,0
1996-11-23 03:00:00,-1.4,82,4.0,270,0,0,0
1996-11-23 04:00:00,-1.4,80,3.6,260,0,0,0
1996-11-23 05:00:00,-1.4,80,3.2,260,0,0,0
1996-11-23 06:00:00,-1.9,81,2.9,250,0,0,0
1996-11-23 07:00:00,-1.9,82,2.5,250,0,0,0
1996-11-23 08:00:00,-1.0,78,2.1,240,28,81,22
1996-11-23 09:00:00,1.3,67,1.9,230,155,410,63
1996-11-23 10:00:00,3.6,61,1.7,230,300,592,89
1996-11-23 11:00:00,5.0,55,1.5,220,412,680,106
1996-11-23 12:00:00,6.5,50,2.0,230,472,717,115
1996-11-23 13:00:00,7.7,46,2.6,240,471,716,115
1996-11-23 14:00:00,8.9,43,3.1,240,409,677,106
1996-11-23 15:00:00,9.0,41,3.6,250,295,586,88
1996-11-23 16:00:00,7.9,45,3.1,250,150,399,62
1996-11-23 17:00:00,6.0,51,2.6,240,25,73,20
1996-11-23 18:00:00,5.7,53,3.1,230,0,0,0
1996-11-23 19:00:00,6.0,55,3.6,220,0,0,0
1996-11-23 20:00:00,5.5,58,3.2,230,0,0,0
1996-11-23 21:00:00,5.1,60,2.8,230,0,0,0
1996-11-23 22:00:00,4.6,61,2.3,240,0,0,0
1996-11-23 23:00:00,4.5,61,1.9,240,0,0,0
1996-11-24 00:00:00,4.0,64,1.5,250,0,0,0
1996-11-24 01:00:00,3.8,66,2.1,260,0,0,0
1996-11-24 02:00:00,3.0,68,2.6,260,0,0,0
1996-11-24 03:00:00,3.6,71,1.3,250,0,0,0
1996-11-24 04:00:00,4.2,73,0.0,0,0,0,0
1996-11-24 05:00:00,8.8,53,0.0,0,0,0,0
1996-11-24 06:00:00,9.4,55,0.0,0,0,0,0
1996-11-24 07:00:00,9.9,57,0.0,0,0,0,0
1996-11-24 08:00:00,10.5,58,0.2,160,32,233,15
1996-11-24 09:00:00,12.1,56,0.8,130,166,488,58
1996-11-24 10:00:00,12.7,62,1.0,110,254,376,121
1996-11-24 11:00:00,14.3,59,0.9,80,404,389,230
1996-11-24 12:00:00,14.9,61,1.0,80,370,363,190
1996-11-24 13:00:00,17.5,51,1.2,50,359,284,219
1996-11-24 14:00:00,17.1,46,1.3,40,292,150,225
1996-11-24 15:00:00,14.6,65,1.2,10,166,129,121
1996-11-24 16:00:00,11.2,76,1.6,10,81,59,68
1996-11-24 17:00:00,9.8,73,0.8,10,17,19,15
1996-11-24 18:00:00,9.4,65,0.4,10,0,0,0
1996-11-24 19:00:00,8.0,66,0.0,0,0,0,0
1996-11-24 20:00:00,8.0,66,0.0,0,0,0,0
1996-11-24 21:00:00,8.0,67,0.0,0,0,0,0
1996-11-24 22:00:00,8.0,66,0.0,0,0,0,0
1996-11-24 23:00:00,7.6,72,0.0,0,0,0,0
1996-11-25 00:00:00,7.2,79,0.0,0,0,0,0
1996-11-25 01:00:00,6.6,72,0.0,0,0,0,0
1996-11-25 02:00:00,5.4,66,0.0,0,0,0,0
1996-11-25 03:00:00,5.0,67,0.0,0,0,0,0
1996-11-25 04:00:00,4.6,69,0.0,0,0,0,0
1996-11-25 05:00:00,4.2,76,0.0,0,0,0,0
1996-11-25 06:00:00,3.8,77,0.0,0,0,0,0
1996-11-25 07:00:00,3.4,79,0.0,0,0,0,0
1996-11-25 08:00:00,4.0,81,0.0,0,30,199,17
1996-11-25 09:00:00,8.8,68,1.3,10,166,571,42
1996-11-25 10:00:00,11.5,66,1.1,40,296,635,74
1996-11-25 11:00:00,15.3,56,0.3,70,384,641,100
1996-11-25 12:00:00,18.1,50,0.1,100,443,672,112
1996-11-25 13:00:00,18.8,49,0.0,0,420,564,142
1996-11-25 14:00:00,18.6,46,0.0,0,374,496,155
1996-11-25 15:00:00,18.4,44,0.0,0,306,604,95
1996-11-25 16:00:00,17.2,59,0.1,360,110,121,84
1996-11-25 17:00:00,12.9,79,0.4,20,24,36,22
1996-11-25 18:00:00,12.7,81,0.7,30,0,0,0
1996-11-25 19:00:00,13.5,73,0.9,40,0,0,0
1996-11-25 20:00:00,11.2,74,1.8,90,0,0,0
1996-11-25 21:00:00,9.0,81,0.0,0,0,0,0
1996-11-25 22:00:00,8.6,85,0.7,10,0,0,0
1996-11-25 23:00:00,8.4,88,1.4,20,0,0,0
1996-11-26 00:00:00,8.0,93,2.1,30,0,0,0
1996-11-26 01:00:00,8.0,93,3.1,360,0,0,0
1996-11-26 02:00:00,7.6,100,4.1,10,0,0,0
1996-11-26 03:00:00,6.3,100,2.1,300,0,0,0
1996-11-26 04:00:00,8.9,100,3.1,10,0,0,0
1996-11-26 05:00:00,9.6,95,1.1,250,0,0,0
1996-11-26 06:00:00,9.2,100,0.5,220,0,0,0
1996-11-26 07:00:00,9.9,95,0.0,0,0,0,0
1996-11-26 08:00:00,9.5,95,0.0,0,14,0,14
1996-11-26 09:00:00,11.2,89,3.6,290,49,41,41
1996-11-26 10:00:00,12.0,94,2.1,270,175,158,120
1996-11-26 11:00:00,11.0,82,4.7,280,156,67,126
1996-11-26 12:00:00,10.2,73,7.2,290,265,79,226
1996-11-26 13:00:00,9.0,66,9.8,300,297,102,247
1996-11-26 14:00:00,8.5,60,9.3,310,236,138,175
1996-11-26 15:00:00,7.0,56,8.7,320,316,697,75
1996-11-26 16:00:00,6.2,56,8.5,320,158,392,74
1996-11-26 17:00:00,4.5,59,8.3,320,17,41,15
1996-11-26 18:00:00,3.0,60,8.2,320,0,0,0
1996-11-26 19:00:00,2.1,60,8.0,320,0,0,0
1996-11-26 20:00:00,1.5,58,7.8,320,0,0,0
1996-11-26 21:00:00,0.9,58,7.6,320,0,0,0
1996-11-26 22:00:00,0.4,54,7.4,320,0,0,0
1996-11-26 23:00:00,0.1,51,7.2,320,0,0,0
1996-11-27 00:00:00,-0.5,50,7.1,320,0,0,0
1996-11-27 01:00:00,-0.4,48,6.9,320,0,0,0
1996-11-27 02:00:00,-1.0,46,6.7,320,0,0,0
1996-11-27 03:00:00,0.2,40,6.4,330,0,0,0
1996-11-27 04:00:00,0.3,38,5.0,330,0,0,0
1996-11-27 05:00:00,-0.5,43,6.2,340,0,0,0
1996-11-27 06:00:00,-0.4,41,6.3,350,0,0,0
1996-11-27 07:00:00,-0.2,42,6.0,350,0,0,0
1996-11-27 08:00:00,-0.1,40,3.0,70,25,126,16
1996-11-27 09:00:00,0.1,45,5.3,40,156,503,50
1996-11-27 10:00:00,1.2,44,3.3,90,304,686,69
1996-11-27 11:00:00,0.4,41,5.0,10,419,770,83
1996-11-27 12:00:00,1.5,40,5.1,360,480,804,89
1996-11-27 13:00:00,2.7,35,7.4,340,436,702,94
1996-11-27 14:00:00,2.8,36,6.5,360,392,705,83
1996-11-27 15:00:00,3.0,37,7.2,350,301,667,71
1996-11-27 16:00:00,2.0,40,8.2,340,156,492,51
1996-11-27 17:00:00,0.4,48,5.1,340,25,115,17
1996-11-27 18:00:00,-1.0,55,2.1,340,0,0,0
1996-11-27 19:00:00,-2.0,60,3.6,330,0,0,0
1996-11-27 20:00:00,-2.0,60,2.6,340,0,0,0
1996-11-27 21:00:00,-2.0,60,1.5,350,0,0,0
1996-11-27 22:00:00,-2.6,62,2.3,340,0,0,0
1996-11-27 23:00:00,-3.0,65,3.1,320,0,0,0
1996-11-28 00:00:00,-3.9,68,2.8,340,0,0,0
1996-11-28 01:00:00,-4.1,68,2.4,10,0,0,0
1996-11-28 02:00:00,-5.0,71,2.1,30,0,0,0
1996-11-28 03:00:00,-5.3,74,1.7,20,0,0,0
1996-11-28 04:00:00,-5.3,76,1.3,20,0,0,0
1996-11-28 05:00:00,-5.4,81,0.8,10,0,0,0
1996-11-28 06:00:00,-5.9,86,0.4,10,0,0,0
1996-11-28 07:00:00,-6.0,92,0.0,0,0,0,0
1996-11-28 08:00:00,-5.4,88,0.8,290,21,74,16
1996-11-28 09:00:00,-4.0,77,1.5,220,143,414,57
1996-11-28 10:00:00,-2.0,69,1.3,240,274,532,93
1996-11-28 11:00:00,-0.9,62,1.0,270,391,587,136
1996-11-28 12:00:00,0.3,58,0.8,290,334,264,206
1996-11-28 13:00:00,1.3,54,0.5,310,349,335,187
1996-11-28 14:00:00,2.1,53,0.3,340,215,186,134
1996-11-28 15:00:00,2.0,52,0.0,0,165,11,161
1996-11-28 16:00:00,1.5,54,0.4,350,100,137,71
1996-11-28 17:00:00,0.2,60,0.9,350,19,42,17
1996-11-28 18:00:00,-1.0,64,1.3,340,0,0,0
1996-11-28 19:00:00,-1.6,68,1.7,330,0,0,0
1996-11-28 20:00:00,-1.8,69,2.2,330,0,0,0
1996-11-28 21:00:00,-2.0,71,2.6,320,0,0,0
1996-11-28 22:00:00,-2.8,73,2.5,320,0,0,0
1996-11-28 23:00:00,-3.2,74,2.5,320,0,0,0
1996-11-29 00:00:00,-4.0,77,2.4,320,0,0,0
1996-11-29 01:00:00,-4.2,79,2.3,330,0,0,0
1996-11-29 02:00:00,-4.9,81,2.2,330,0,0,0
1996-11-29 03:00:00,-5.6,83,2.2,330,0,0,0
1996-11-29 04:00:00,-6.0,84,2.1,330,0,0,0
1996-11-29 05:00:00,-5.8,88,1.8,280,0,0,0
1996-11-29 06:00:00,-6.0,92,1.5,230,0,0,0
1996-11-29 07:00:00,-6.5,95,1.8,210,0,0,0
1996-11-29 08:00:00,-6.0,92,2.1,190,20,64,16
1996-11-29 09:00:00,-1.0,78,0.0,0,139,397,58
1996-11-29 10:00:00,-0.8,80,0.2,350,282,593,82
1996-11-29 11:00:00,1.4,72,0.9,40,395,686,99
1996-11-29 12:00:00,3.6,70,1.6,80,456,725,108
1996-11-29 13:00:00,3.8,67,1.3,40,457,725,108
1996-11-29 14:00:00,5.0,64,1.3,60,286,228,187
1996-11-29 15:00:00,6.2,57,1.3,70,170,109,132
1996-11-29 16:00:00,5.4,59,1.2,90,143,403,58
1996-11-29 17:00:00,2.6,69,1.1,100,22,71,17
1996-11-29 18:00:00,0.8,76,0.0,0,0,0,0
1996-11-29 19:00:00,-1.0,78,0.0,0,0,0,0
1996-11-29 20:00:00,-1.5,78,0.0,0,0,0,0
1996-11-29 21:00:00,-2.0,78,0.0,0,0,0,0
1996-11-29 22:00:00,-2.6,81,0.0,0,0,0,0
1996-11-29 23:00:00,-3.0,84,0.0,0,0,0,0
1996-11-30 00:00:00,-2.3,82,0.0,0,0,0,0
1996-11-30 01:00:00,-1.0,78,0.0,0,0,0,0
1996-11-30 02:00:00,-0.8,78,0.0,0,0,0,0
1996-11-30 03:00:00,-0.6,78,0.0,0,0,0,0
1996-11-30 04:00:00,-0.1,77,0.0,0,0,0,0
1996-11-30 05:00:00,0.5,77,0.0,0,0,0,0
1996-11-30 06:00:00,0.5,78,0.0,0,0,0,0
1996-11-30 07:00:00,1.0,79,0.0,0,0,0,0
1996-11-30 08:00:00,1.3,80,0.6,330,15,18,13
1996-11-30 09:00:00,2.4,77,1.2,290,136,120,112
1996-11-30 10:00:00,3.5,76,1.9,260,173,21,166
1996-11-30 11:00:00,3.7,74,2.5,220,128,81,93
1996-11-30 12:00:00,4.0,75,3.1,190,145,0,145
1996-11-30 13:00:00,2.9,91,3.8,160,102,0,102
1996-11-30 14:00:00,2.8,96,3.5,170,90,0,90
1996-11-30 15:00:00,1.7,100,3.2,180,68,0,68
1996-11-30 16:00:00,4.6,80,5.4,180,38,0,38
1996-11-30 17:00:00,4.5,90,2.0,190,27,89,21
1996-11-30 18:00:00,4.4,88,2.2,190,0,0,0
1996-11-30 19:00:00,4.3,75,0.9,180,0,0,0
1996-11-30 20:00:00,3.2,91,2.1,180,0,0,0
1996-11-30 21:00:00,4.1,83,2.3,170,0,0,0
1996-11-30 22:00:00,4.7,93,2.9,170,0,0,0
1996-11-30 23:00:00,5.2,93,3.6,180,0,0,0
1996-12-01 00:00:00,5.8,93,4.2,190,0,0,0
2004-12-01 01:00:00,6.3,100,4.8,170,0,0,0
2004-12-01 02:00:00,6.9,100,5.4,150,0,0,0
2004-12-01 03:00:00,7.4,100,6.1,170,0,0,0
2004-12-01 04:00:00,8.0,100,6.7,170,0,0,0
2004-12-01 05:00:00,10.0,100,5.1,170,0,0,0
2004-12-01 06:00:00,11.0,94,5.1,170,0,0,0
2004-12-01 07:00:00,11.0,100,3.1,190,0,0,0
2004-12-01 08:00:00,12.0,76,10.3,270,0,0,0
2004-12-01 09:00:00,11.0,62,13.4,270,25,0,25
2004-12-01 10:00:00,11.0,50,11.8,270,309,468,153
2004-12-01 11:00:00,10.0,54,12.9,270,390,610,129
2004-12-01 12:00:00,11.0,50,14.4,290,448,567,177
2004-12-01 13:00:00,9.0,57,12.9,280,273,108,221
2004-12-01 14:00:00,8.0,61,11.8,290,263,136,204
2004-12-01 15:00:00,8.0,61,7.7,310,113,0,113
2004-12-01 16:00:00,8.0,57,9.8,290,109,127,82
2004-12-01 17:00:00,7.0,56,7.2,280,22,120,16
2004-12-01 18:00:00,6.0,55,3.6,270,0,0,0
2004-12-01 19:00:00,6.0,55,3.6,270,0,0,0
2004-12-01 20:00:00,6.0,51,5.1,280,0,0,0
2004-12-01 21:00:00,6.0,47,5.7,290,0,0,0
2004-12-01 22:00:00,6.0,43,1.5,170,0,0,0
2004-12-01 23:00:00,5.0,50,1.5,210,0,0,0
2004-12-02 00:00:00,6.0,43,4.1,280,0,0,0
2004-12-02 01:00:00,6.0,47,3.6,280,0,0,0
2004-12-02 02:00:00,5.0,55,2.1,130,0,0,0
2004-12-02 03:00:00,2.0,67,0.0,0,0,0,0
2004-12-02 04:00:00,2.0,67,0.0,0,0,0,0
2004-12-02 05:00:00,1.0,72,1.5,170,0,0,0
2004-12-02 06:00:00,0.0,85,0.0,0,0,0,0
2004-12-02 07:00:00,0.0,85,0.0,0,0,0,0
2004-12-02 08:00:00,0.0,85,0.0,0,7,30,6
2004-12-02 09:00:00,3.0,74,0.0,0,109,88,92
2004-12-02 10:00:00,4.0,69,0.0,0,186,81,159
2004-12-02 11:00:00,6.0,60,1.5,220,243,67,215
2004-12-02 12:00:00,7.0,52,0.0,0,270,78,233
2004-12-02 13:00:00,8.0,48,0.0,0,380,365,206
2004-12-02 14:00:00,9.0,45,0.0,0,366,468,164
2004-12-02 15:00:00,9.0,45,0.0,0,210,157,157
2004-12-02 16:00:00,8.0,57,2.1,130,108,116,84
2004-12-02 17:00:00,5.0,70,1.5,120,19,96,15
2004-12-02 18:00:00,3.0,81,0.0,0,0,0,0
2004-12-02 19:00:00,2.0,80,0.0,0,0,0,0
2004-12-02 20:00:00,0.0,92,1.5,350,0,0,0
2004-12-02 21:00:00,1.0,86,0.0,0,0,0,0
2004-12-02 22:00:00,0.0,92,3.1,310,0,0,0
2004-12-02 23:00:00,1.0,86,0.0,0,0,0,0
2004-12-03 00:00:00,-1.0,92,0.0,0,0,0,0
2004-12-03 01:00:00,0.0,85,2.6,350,0,0,0
2004-12-03 02:00:00,5.0,64,3.1,280,0,0,0
2004-12-03 03:00:00,5.0,64,3.6,210,0,0,0
2004-12-03 04:00:00,4.0,69,3.6,200,0,0,0
2004-12-03 05:00:00,5.0,64,7.2,280,0,0,0
2004-12-03 06:00:00,6.0,60,7.2,290,0,0,0
2004-12-03 07:00:00,5.0,64,5.7,290,0,0,0
2004-12-03 08:00:00,5.0,59,3.1,290,10,151,5
2004-12-03 09:00:00,7.0,56,5.1,290,169,455,81
2004-12-03 10:00:00,6.0,60,6.2,290,296,612,96
2004-12-03 11:00:00,8.0,57,10.8,300,397,671,114
2004-12-03 12:00:00,8.0,57,9.8,300,454,706,121
2004-12-03 13:00:00,7.9,52,8.8,310,463,796,85
2004-12-03 14:00:00,8.0,48,7.7,310,406,747,86
2004-12-03 15:00:00,8.0,48,7.7,290,307,687,76
2004-12-03 16:00:00,6.0,55,8.2,310,170,553,56
2004-12-03 17:00:00,5.0,55,2.6,320,21,199,12
2004-12-03 18:00:00,3.0,68,4.1,300,0,0,0
2004-12-03 19:00:00,3.0,63,4.1,310,0,0,0
2004-12-03 20:00:00,3.0,63,2.6,320,0,0,0
2004-12-03 21:00:00,2.0,67,0.0,0,0,0,0
2004-12-03 22:00:00,1.0,72,1.5,260,0,0,0
2004-12-03 23:00:00,0.0,78,2.6,300,0,0,0
2004-12-04 00:00:00,0.0,78,0.0,0,0,0,0
2004-12-04 01:00:00,0.0,78,0.0,0,0,0,0
2004-12-04 02:00:00,0.0,78,0.0,0,0,0,0
2004-12-04 03:00:00,-1.0,85,1.5,290,0,0,0
2004-12-04 04:00:00,-3.0,92,0.0,0,0,0,0
2004-12-04 05:00:00,-2.0,92,0.0,0,0,0,0
2004-12-04 06:00:00,-2.0,85,0.0,0,0,0,0
2004-12-04 07:00:00,-3.0,92,0.0,0,0,0,0
2004-12-04 08:00:00,-1.0,85,2.6,220,9,181,3
2004-12-04 09:00:00,1.0,79,2.1,240,162,566,54
2004-12-04 10:00:00,3.0,74,1.5,240,310,738,71
2004-12-04 11:00:00,6.0,65,2.6,180,410,757,92
2004-12-04 12:00:00,7.0,61,3.1,210,479,809,99
2004-12-04 13:00:00,10.0,50,4.1,210,463,754,106
2004-12-04 14:00:00,10.0,46,3.6,200,377,593,124
2004-12-04 15:00:00,11.0,39,3.6,230,302,664,79
2004-12-04 16:00:00,10.0,46,2.6,190,160,503,57
2004-12-04 17:00:00,7.0,61,3.1,170,19,182,11
2004-12-04 18:00:00,6.0,65,1.5,170,0,0,0
2004-12-04 19:00:00,4.0,69,0.0,0,0,0,0
2004-12-04 20:00:00,6.0,60,3.1,230,0,0,0
2004-12-04 21:00:00,7.0,56,4.1,240,0,0,0
2004-12-04 22:00:00,6.0,60,3.6,240,0,0,0
2004-12-04 23:00:00,6.0,60,2.6,230,0,0,0
2004-12-05 00:00:00,6.0,60,2.6,250,0,0,0
2004-12-05 01:00:00,0.0,92,3.6,230,0,0,0
2004-12-05 02:00:00,3.0,74,0.0,0,0,0,0
2004-12-05 03:00:00,5.9,63,2.9,320,0,0,0
2004-12-05 04:00:00,9.0,53,5.7,270,0,0,0
2004-12-05 05:00:00,10.0,50,6.7,270,0,0,0
2004-12-05 06:00:00,9.0,53,5.7,270,0,0,0
2004-12-05 07:00:00,8.0,61,0.0,0,0,0,0
2004-12-05 08:00:00,8.0,61,2.6,190,8,167,3
2004-12-05 09:00:00,11.0,54,3.1,260,163,540,61
2004-12-05 10:00:00,12.0,50,3.6,280,297,544,122
2004-12-05 11:00:00,12.0,50,3.6,310,353,415,179
2004-12-05 12:00:00,13.0,47,4.1,300,479,712,146
2004-12-05 13:00:00,14.0,44,2.1,280,463,814,80
2004-12-05 14:00:00,15.0,44,3.6,310,411,794,74
2004-12-05 15:00:00,15.0,41,0.0,0,313,734,67
2004-12-05 16:00:00,13.0,47,1.5,30,170,592,48
2004-12-05 17:00:00,9.0,66,0.0,0,21,206,12
2004-12-05 18:00:00,7.0,70,0.0,0,0,0,0
2004-12-05 19:00:00,6.0,75,0.0,0,0,0,0
2004-12-05 20:00:00,6.0,70,1.5,20,0,0,0
2004-12-05 21:00:00,7.0,70,1.5,20,0,0,0
2004-12-05 22:00:00,5.0,81,0.0,0,0,0,0
2004-12-05 23:00:00,6.0,75,0.0,0,0,0,0
2004-12-06 00:00:00,6.0,75,1.5,50,0,0,0
2004-12-06 01:00:00,6.0,75,1.5,40,0,0,0
2004-12-06 02:00:00,5.0,75,0.0,0,0,0,0
2004-12-06 03:00:00,5.0,75,0.0,0,0,0,0
2004-12-06 04:00:00,5.0,75,0.0,0,0,0,0
2004-12-06 05:00:00,5.0,81,0.0,0,0,0,0
2004-12-06 06:00:00,5.0,81,1.5,40,0,0,0
2004-12-06 07:00:00,6.0,81,2.1,90,0,0,0
2004-12-06 08:00:00,6.0,81,2.6,110,3,0,3
2004-12-06 09:00:00,6.0,93,3.1,130,60,0,60
2004-12-06 10:00:00,6.0,93,0.0,0,48,0,48
2004-12-06 11:00:00,6.0,100,1.5,120,64,0,64
2004-12-06 12:00:00,7.0,93,0.0,0,74,0,74
2004-12-06 13:00:00,9.0,87,2.1,190,137,0,137
2004-12-06 14:00:00,9.0,87,0.0,0,131,0,131
2004-12-06 15:00:00,10.0,82,2.1,100,129,6,127
2004-12-06 16:00:00,10.0,82,1.5,100,85,17,81
2004-12-06 17:00:00,10.0,82,0.0,0,8,0,8
2004-12-06 18:00:00,8.0,93,0.0,0,0,0,0
2004-12-06 19:00:00,8.0,87,1.5,10,0,0,0
2004-12-06 20:00:00,7.0,93,0.0,0,0,0,0
2004-12-06 21:00:00,6.0,100,0.0,0,0,0,0
2004-12-06 22:00:00,6.0,93,1.5,30,0,0,0
2004-12-06 23:00:00,6.0,93,0.0,0,0,0,0
2004-12-07 00:00:00,6.0,93,0.0,0,0,0,0
2004-12-07 01:00:00,6.0,100,0.0,0,0,0,0
2004-12-07 02:00:00,6.0,100,0.0,0,0,0,0
2004-12-07 03:00:00,6.0,100,0.0,0,0,0,0
2004-12-07 04:00:00,6.0,100,0.0,0,0,0,0
2004-12-07 05:00:00,5.0,100,1.5,30,0,0,0
2004-12-07 06:00:00,5.0,100,1.5,30,0,0,0
2004-12-07 07:00:00,6.0,100,1.5,50,0,0,0
2004-12-07 08:00:00,6.0,100,0.0,0,1,0,1
2004-12-07 09:00:00,6.0,100,2.1,30,26,0,26
2004-12-07 10:00:00,7.0,100,0.0,0,62,0,62
2004-12-07 11:00:00,7.0,100,0.0,0,64,0,64
2004-12-07 12:00:00,8.0,100,0.0,0,74,0,74
2004-12-07 13:00:00,10.0,100,2.6,130,77,0,77
2004-12-07 14:00:00,11.0,100,1.5,160,109,0,109
2004-12-07 15:00:00,11.0,100,1.5,170,70,0,70
2004-12-07 16:00:00,11.0,100,0.0,0,132,205,90
2004-12-07 17:00:00,9.0,100,0.0,0,21,135,15
2004-12-07 18:00:00,8.0,100,0.0,0,0,0,0
2004-12-07 19:00:00,8.0,100,2.1,290,0,0,0
2004-12-07 20:00:00,9.0,100,2.1,250,0,0,0
2004-12-07 21:00:00,16.0,88,4.1,240,0,0,0
2004-12-07 22:00:00,16.0,94,2.6,240,0,0,0
2004-12-07 23:00:00,16.0,88,3.1,240,0,0,0
2004-12-08 00:00:00,16.0,63,6.7,270,0,0,0
2004-12-08 01:00:00,15.0,63,6.7,270,0,0,0
2004-12-08 02:00:00,14.0,63,8.2,270,0,0,0
2004-12-08 03:00:00,14.0,59,9.3,270,0,0,0
2004-12-08 04:00:00,13.0,58,9.3,280,0,0,0
2004-12-08 05:00:00,13.0,58,6.2,270,0,0,0
2004-12-08 06:00:00,11.0,62,3.1,280,0,0,0
2004-12-08 07:00:00,9.0,71,0.0,0,0,0,0
2004-12-08 08:00:00,11.0,66,3.1,300,4,100,2
2004-12-08 09:00:00,12.0,58,8.7,280,131,366,65
2004-12-08 10:00:00,13.0,58,6.2,280,305,708,83
2004-12-08 11:00:00,14.0,51,5.1,300,411,800,82
2004-12-08 12:00:00,15.0,48,4.6,290,467,815,90
2004-12-08 13:00:00,15.0,48,7.7,310,463,814,84
2004-12-08 14:00:00,15.0,44,4.1,340,394,717,92
2004-12-08 15:00:00,15.0,44,5.7,310,302,681,76
2004-12-08 16:00:00,13.0,54,4.6,310,170,564,55
2004-12-08 17:00:00,12.0,54,2.1,350,21,230,10
2004-12-08 18:00:00,10.0,62,1.5,340,0,0,0
2004-12-08 19:00:00,10.0,62,0.0,0,0,0,0
2004-12-08 20:00:00,7.0,76,0.0,0,0,0,0
2004-12-08 21:00:00,6.0,81,0.0,0,0,0,0
2004-12-08 22:00:00,5.0,81,0.0,0,0,0,0
2004-12-08 23:00:00,4.0,87,0.0,0,0,0,0
2004-12-09 00:00:00,3.0,93,0.0,0,0,0,0
2004-12-09 01:00:00,3.0,93,0.0,0,0,0,0
2004-12-09 02:00:00,2.0,100,0.0,0,0,0,0
2004-12-09 03:00:00,2.0,100,0.0,0,0,0,0
2004-12-09 04:00:00,2.0,100,0.0,0,0,0,0
2004-12-09 05:00:00,2.0,93,0.0,0,0,0,0
2004-12-09 06:00:00,2.0,100,0.0,0,0,0,0
2004-12-09 07:00:00,3.0,93,0.0,0,0,0,0
2004-12-09 08:00:00,4.0,93,0.0,0,1,0,1
2004-12-09 09:00:00,5.0,93,1.5,130,26,0,26
2004-12-09 10:00:00,6.0,93,0.0,0,49,0,49
2004-12-09 11:00:00,7.0,87,2.6,160,64,0,64
2004-12-09 12:00:00,6.0,93,0.0,0,80,0,80
2004-12-09 13:00:00,6.0,100,0.0,0,77,0,77
2004-12-09 14:00:00,6.0,100,0.0,0,69,0,69
2004-12-09 15:00:00,6.0,100,1.5,100,49,0,49
2004-12-09 16:00:00,6.0,100,0.0,0,38,0,38
2004-12-09 17:00:00,6.0,100,0.0,0,9,0,9
2004-12-09 18:00:00,6.0,100,0.0,0,0,0,0
2004-12-09 19:00:00,6.0,100,0.0,0,0,0,0
2004-12-09 20:00:00,6.0,100,0.0,0,0,0,0
2004-12-09 21:00:00,6.0,100,0.0,0,0,0,0
2004-12-09 22:00:00,6.0,100,0.0,0,0,0,0
2004-12-09 23:00:00,6.0,100,0.0,0,0,0,0
2004-12-10 00:00:00,6.0,100,0.0,0,0,0,0
2004-12-10 01:00:00,6.0,100,0.0,0,0,0,0
2004-12-10 02:00:00,6.0,100,0.0,0,0,0,0
2004-12-10 03:00:00,6.0,100,1.5,320,0,0,0
2004-12-10 04:00:00,6.1,100,1.0,330,0,0,0
2004-12-10 05:00:00,5.7,100,0.5,350,0,0,0
2004-12-10 06:00:00,6.0,100,0.0,0,0,0,0
2004-12-10 07:00:00,6.0,100,0.0,0,0,0,0
2004-12-10 08:00:00,6.0,100,0.0,0,1,0,1
2004-12-10 09:00:00,6.0,100,2.1,330,27,0,27
2004-12-10 10:00:00,6.0,100,0.0,0,243,295,152
2004-12-10 11:00:00,7.0,100,0.0,0,186,37,172
2004-12-10 12:00:00,7.0,100,0.0,0,74,0,74
2004-12-10 13:00:00,7.0,100,0.0,0,77,0,77
2004-12-10 14:00:00,8.0,100,0.0,0,69,0,69
2004-12-10 15:00:00,8.0,100,0.0,0,54,0,54
2004-12-10 16:00:00,8.0,100,0.0,0,57,0,57
2004-12-10 17:00:00,8.0,100,0.0,0,17,64,14
2004-12-10 18:00:00,8.0,100,0.0,0,0,0,0
2004-12-10 19:00:00,8.0,100,0.0,0,0,0,0
2004-12-10 20:00:00,8.0,100,1.5,270,0,0,0
2004-12-10 21:00:00,8.0,100,1.5,210,0,0,0
2004-12-10 22:00:00,8.0,100,0.0,0,0,0,0
2004-12-10 23:00:00,8.0,100,2.6,220,0,0,0
2004-12-11 00:00:00,8.0,100,3.1,230,0,0,0
2004-12-11 01:00:00,8.0,100,2.1,220,0,0,0
2004-12-11 02:00:00,8.0,100,2.6,230,0,0,0
2004-12-11 03:00:00,8.0,100,2.1,230,0,0,0
2004-12-11 04:00:00,7.0,100,3.1,220,0,0,0
2004-12-11 05:00:00,7.0,100,1.5,260,0,0,0
2004-12-11 06:00:00,7.0,100,2.1,230,0,0,0
2004-12-11 07:00:00,8.0,93,2.1,240,0,0,0
2004-12-11 08:00:00,8.0,93,2.6,250,1,0,1
2004-12-11 09:00:00,8.0,93,2.1,240,27,0,27
2004-12-11 10:00:00,10.0,82,2.6,270,118,6,117
2004-12-11 11:00:00,10.0,76,4.6,290,71,0,71
2004-12-11 12:00:00,10.0,71,5.1,280,197,24,186
2004-12-11 13:00:00,11.0,66,5.7,300,77,0,77
2004-12-11 14:00:00,9.0,66,6.2,300,120,0,120
2004-12-11 15:00:00,8.0,66,7.7,270,113,0,113
2004-12-11 16:00:00,7.0,66,8.7,280,170,382,92
2004-12-11 17:00:00,6.0,70,6.2,270,17,123,11
2004-12-11 18:00:00,6.0,70,3.6,290,0,0,0
2004-12-11 19:00:00,5.0,70,2.1,260,0,0,0
2004-12-11 20:00:00,5.0,70,4.1,270,0,0,0
2004-12-11 21:00:00,5.0,70,5.1,270,0,0,0
2004-12-11 22:00:00,4.0,69,8.7,290,0,0,0
2004-12-11 23:00:00,4.0,69,4.1,290,0,0,0
2004-12-12 00:00:00,4.0,75,7.7,290,0,0,0
2004-12-12 01:00:00,4.0,69,5.7,300,0,0,0
2004-12-12 02:00:00,4.0,75,7.7,290,0,0,0
2004-12-12 03:00:00,4.0,75,8.2,280,0,0,0
2004-12-12 04:00:00,3.0,81,6.2,280,0,0,0
2004-12-12 05:00:00,4.0,75,6.7,290,0,0,0
2004-12-12 06:00:00,4.0,75,5.1,290,0,0,0
2004-12-12 07:00:00,4.0,75,5.7,280,0,0,0
2004-12-12 08:00:00,5.0,70,1.5,250,2,26,1
2004-12-12 09:00:00,6.0,65,4.1,260,90,112,71
2004-12-12 10:00:00,6.0,65,6.2,250,49,0,49
2004-12-12 11:00:00,6.0,65,6.2,260,245,128,193
2004-12-12 12:00:00,7.0,61,4.6,250,425,495,199
2004-12-12 13:00:00,7.0,61,4.1,270,339,269,214
2004-12-12 14:00:00,6.0,65,2.6,240,69,0,69
2004-12-12 15:00:00,6.0,65,1.5,250,65,0,65
2004-12-12 16:00:00,6.0,65,3.1,160,33,0,33
2004-12-12 17:00:00,5.0,70,4.1,210,7,0,7
2004-12-12 18:00:00,6.0,65,3.1,190,0,0,0
2004-12-12 19:00:00,5.0,70,4.1,210,0,0,0
2004-12-12 20:00:00,5.0,70,2.6,220,0,0,0
2004-12-12 21:00:00,5.0,70,3.6,220,0,0,0
2004-12-12 22:00:00,6.0,65,4.1,220,0,0,0
2004-12-12 23:00:00,6.0,65,4.1,220,0,0,0
2004-12-13 00:00:00,6.0,65,3.1,220,0,0,0
2004-12-13 01:00:00,5.0,75,1.5,230,0,0,0
2004-12-13 02:00:00,5.0,75,2.6,210,0,0,0
2004-12-13 03:00:00,6.0,70,2.1,200,0,0,0
2004-12-13 04:00:00,6.0,70,6.2,290,0,0,0
2004-12-13 05:00:00,7.0,66,4.6,290,0,0,0
2004-12-13 06:00:00,6.0,65,3.6,270,0,0,0
2004-12-13 07:00:00,6.0,65,5.1,280,0,0,0
2004-12-13 08:00:00,5.0,55,11.8,280,2,113,1
2004-12-13 09:00:00,5.0,59,6.7,260,145,504,59
2004-12-13 10:00:00,6.0,55,9.3,290,286,471,143
2004-12-13 11:00:00,5.0,70,8.2,270,71,0,71
2004-12-13 12:00:00,7.0,52,6.7,270,400,326,252
2004-12-13 13:00:00,6.0,51,8.2,290,303,198,212
2004-12-13 14:00:00,4.0,64,6.2,280,109,0,109
2004-12-13 15:00:00,4.0,54,7.2,270,286,437,142
2004-12-13 16:00:00,4.0,49,9.8,270,170,565,55
2004-12-13 17:00:00,3.0,58,6.2,280,20,172,11
2004-12-13 18:00:00,3.0,63,5.7,270,0,0,0
2004-12-13 19:00:00,2.0,57,6.2,270,0,0,0
2004-12-13 20:00:00,1.0,61,5.1,280,0,0,0
2004-12-13 21:00:00,1.0,61,6.2,280,0,0,0
2004-12-13 22:00:00,1.0,61,5.1,270,0,0,0
2004-12-13 23:00:00,1.0,61,5.1,290,0,0,0
2004-12-14 00:00:00,1.0,61,7.2,280,0,0,0
2004-12-14 01:00:00,1.0,61,11.8,270,0,0,0
2004-12-14 02:00:00,1.0,61,8.7,290,0,0,0
2004-12-14 03:00:00,1.0,67,7.7,290,0,0,0
2004-12-14 04:00:00,1.0,67,9.3,290,0,0,0
2004-12-14 05:00:00,1.0,67,5.1,280,0,0,0
2004-12-14 06:00:00,1.0,67,7.2,310,0,0,0
2004-12-14 07:00:00,0.0,66,7.2,300,0,0,0
2004-12-14 08:00:00,0.0,66,5.7,310,2,71,1
2004-12-14 09:00:00,1.0,61,7.2,320,146,330,90
2004-12-14 10:00:00,2.0,62,7.2,290,203,208,140
2004-12-14 11:00:00,1.0,61,6.2,300,297,287,181
2004-12-14 12:00:00,1.0,61,7.7,300,210,36,193
2004-12-14 13:00:00,2.0,57,9.3,300,339,293,204
2004-12-14 14:00:00,1.0,61,9.3,310,309,314,178
2004-12-14 15:00:00,1.0,72,5.7,310,232,256,148
2004-12-14 16:00:00,0.0,66,7.2,300,33,0,33
2004-12-14 17:00:00,0.0,66,3.6,320,18,60,15
2004-12-14 18:00:00,0.0,60,6.7,300,0,0,0
2004-12-14 19:00:00,-1.0,66,8.7,300,0,0,0
2004-12-14 20:00:00,-1.0,66,5.7,310,0,0,0
2004-12-14 21:00:00,-2.0,65,4.6,310,0,0,0
2004-12-14 22:00:00,-2.0,60,4.1,310,0,0,0
2004-12-14 23:00:00,-2.0,60,6.7,310,0,0,0
2004-12-15 00:00:00,-2.0,50,7.2,310,0,0,0
2004-12-15 01:00:00,-2.0,60,7.7,320,0,0,0
2004-12-15 02:00:00,-3.0,55,4.6,330,0,0,0
2004-12-15 03:00:00,-2.0,50,4.6,320,0,0,0
2004-12-15 04:00:00,-2.0,55,3.6,320,0,0,0
2004-12-15 05:00:00,-2.0,60,4.6,310,0,0,0
2004-12-15 06:00:00,-3.0,71,5.7,300,0,0,0
2004-12-15 07:00:00,-4.0,71,3.1,280,0,0,0
2004-12-15 08:00:00,-3.0,65,3.1,290,1,77,1
2004-12-15 09:00:00,-1.0,60,4.6,300,137,373,76
2004-12-15 10:00:00,0.0,55,4.1,300,252,554,86
2004-12-15 11:00:00,0.0,55,6.2,310,374,550,155
2004-12-15 12:00:00,1.0,51,4.1,320,321,230,217
2004-12-15 13:00:00,1.0,51,4.1,300,458,713,131
2004-12-15 14:00:00,2.0,48,4.6,310,412,806,75
2004-12-15 15:00:00,2.0,48,3.6,320,303,658,85
2004-12-15 16:00:00,1.0,51,4.1,280,170,593,49
2004-12-15 17:00:00,0.0,55,5.1,290,22,222,11
2004-12-15 18:00:00,0.0,55,4.1,270,0,0,0
2004-12-15 19:00:00,-1.0,60,2.1,330,0,0,0
2004-12-15 20:00:00,-1.0,60,0.0,0,0,0,0
2004-12-15 21:00:00,-3.0,71,0.0,0,0,0,0
2004-12-15 22:00:00,-4.0,77,2.1,130,0,0,0
2004-12-15 23:00:00,-6.0,92,0.0,0,0,0,0
2004-12-16 00:00:00,-6.0,92,1.5,200,0,0,0
2004-12-16 01:00:00,-6.0,92,0.0,0,0,0,0
2004-12-16 02:00:00,-6.0,84,1.5,290,0,0,0
2004-12-16 03:00:00,-8.0,100,0.0,0,0,0,0
2004-12-16 04:00:00,-5.0,84,1.5,260,0,0,0
2004-12-16 05:00:00,-5.0,84,1.5,220,0,0,0
2004-12-16 06:00:00,-6.0,84,0.0,0,0,0,0
2004-12-16 07:00:00,-7.0,92,0.0,0,0,0,0
2004-12-16 08:00:00,-7.0,100,1.5,260,1,103,0
2004-12-16 09:00:00,-2.0,71,2.1,220,138,522,53
2004-12-16 10:00:00,0.0,66,4.1,200,281,699,72
2004-12-16 11:00:00,3.0,49,3.6,200,374,636,121
2004-12-16 12:00:00,6.0,36,3.1,210,389,453,184
2004-12-16 13:00:00,7.0,34,4.1,200,446,677,136
2004-12-16 14:00:00,8.0,34,3.1,210,355,468,159
2004-12-16 15:00:00,8.0,37,1.5,230,303,571,114
2004-12-16 16:00:00,6.0,51,2.1,120,123,194,83
2004-12-16 17:00:00,3.0,63,2.6,130,23,126,16
2004-12-16 18:00:00,2.0,62,0.0,0,0,0,0
2004-12-16 19:00:00,3.0,53,2.6,190,0,0,0
2004-12-16 20:00:00,3.0,49,2.6,200,0,0,0
2004-12-16 21:00:00,4.0,42,1.5,210,0,0,0
2004-12-16 22:00:00,6.0,33,2.1,220,0,0,0
2004-12-16 23:00:00,6.0,33,4.1,220,0,0,0
2004-12-17 00:00:00,6.0,36,3.6,220,0,0,0
2004-12-17 01:00:00,5.0,39,2.1,220,0,0,0
2004-12-17 02:00:00,3.0,45,1.5,250,0,0,0
2004-12-17 03:00:00,2.0,52,2.1,240,0,0,0
2004-12-17 04:00:00,6.0,36,4.6,280,0,0,0
2004-12-17 05:00:00,3.0,49,2.1,270,0,0,0
2004-12-17 06:00:00,4.0,49,4.6,290,0,0,0
2004-12-17 07:00:00,3.0,53,0.0,0,0,0,0
2004-12-17 08:00:00,3.0,58,3.1,270,1,94,0
2004-12-17 09:00:00,6.0,51,5.1,280,139,496,59
2004-12-17 10:00:00,6.0,51,7.2,280,267,668,68
2004-12-17 11:00:00,7.0,52,6.7,280,387,747,91
2004-12-17 12:00:00,7.0,48,5.7,280,457,816,88
2004-12-17 13:00:00,8.0,44,5.1,320,452,826,73
2004-12-17 14:00:00,8.0,44,6.2,300,395,747,83
2004-12-17 15:00:00,8.0,44,4.6,310,303,682,77
2004-12-17 16:00:00,7.0,48,2.6,350,166,555,52
2004-12-17 17:00:00,5.0,55,2.1,330,23,216,12
2004-12-17 18:00:00,3.0,63,1.5,360,0,0,0
2004-12-17 19:00:00,1.0,72,0.0,0,0,0,0
2004-12-17 20:00:00,0.0,78,0.0,0,0,0,0
2004-12-17 21:00:00,-1.0,85,0.0,0,0,0,0
2004-12-17 22:00:00,-1.0,85,0.0,0,0,0,0
2004-12-17 23:00:00,-2.0,85,1.5,310,0,0,0
2004-12-18 00:00:00,-2.0,85,0.0,0,0,0,0
2004-12-18 01:00:00,-3.0,84,0.0,0,0,0,0
2004-12-18 02:00:00,-3.0,84,0.0,0,0,0,0
2004-12-18 03:00:00,-4.0,92,0.0,0,0,0,0
2004-12-18 04:00:00,-3.0,100,0.0,0,0,0,0
2004-12-18 05:00:00,-3.0,100,0.0,0,0,0,0
2004-12-18 06:00:00,-3.0,100,0.0,0,0,0,0
2004-12-18 07:00:00,-4.0,92,0.0,0,0,0,0
2004-12-18 08:00:00,-2.8,87,0.0,0,1,91,0
2004-12-18 09:00:00,0.0,78,0.0,0,140,497,60
2004-12-18 10:00:00,2.0,80,0.0,0,267,643,77
2004-12-18 11:00:00,5.0,64,2.6,180,388,716,104
2004-12-18 12:00:00,5.0,64,1.5,180,401,483,183
2004-12-18 13:00:00,7.0,56,2.6,230,464,797,99
2004-12-18 14:00:00,8.0,57,3.6,170,401,652,129
2004-12-18 15:00:00,8.0,57,2.1,200,200,146,152
2004-12-18 16:00:00,8.0,57,2.1,170,166,433,77
2004-12-18 17:00:00,4.0,75,0.0,0,23,213,12
2004-12-18 18:00:00,3.0,81,0.0,0,0,0,0
2004-12-18 19:00:00,0.0,92,0.0,0,0,0,0
2004-12-18 20:00:00,0.0,92,0.0,0,0,0,0
2004-12-18 21:00:00,0.0,85,0.0,0,0,0,0
2004-12-18 22:00:00,-1.0,92,0.0,0,0,0,0
2004-12-18 23:00:00,-1.0,100,0.0,0,0,0,0
2004-12-19 00:00:00,-1.0,92,2.1,210,0,0,0
2004-12-19 01:00:00,-1.0,85,0.0,0,0,0,0
2004-12-19 02:00:00,1.0,79,0.0,0,0,0,0
2004-12-19 03:00:00,-1.0,85,1.5,170,0,0,0
2004-12-19 04:00:00,1.0,86,0.0,0,0,0,0
2004-12-19 05:00:00,1.0,86,1.5,220,0,0,0
2004-12-19 06:00:00,2.0,80,1.5,220,0,0,0
2004-12-19 07:00:00,0.0,92,0.0,0,0,0,0
2004-12-19 08:00:00,0.0,92,0.0,0,0,0,0
2004-12-19 09:00:00,2.0,80,1.5,240,19,0,19
2004-12-19 10:00:00,3.0,81,3.6,280,63,0,63
2004-12-19 11:00:00,5.0,70,0.0,0,129,0,129
2004-12-19 12:00:00,6.0,65,0.0,0,154,0,154
2004-12-19 13:00:00,6.0,65,0.0,0,125,0,125
2004-12-19 14:00:00,7.0,61,0.0,0,109,0,109
2004-12-19 15:00:00,6.0,55,9.8,310,49,0,49
2004-12-19 16:00:00,1.0,61,9.8,320,114,155,82
2004-12-19 17:00:00,-1.0,60,5.7,330,17,37,15
2004-12-19 18:00:00,-2.0,60,5.1,330,0,0,0
2004-12-19 19:00:00,-3.0,55,7.7,310,0,0,0
2004-12-19 20:00:00,-4.0,50,9.3,320,0,0,0
2004-12-19 21:00:00,-6.0,54,8.7,320,0,0,0
2004-12-19 22:00:00,-7.0,41,9.3,330,0,0,0
2004-12-19 23:00:00,-8.0,40,6.2,330,0,0,0
2004-12-20 00:00:00,-9.0,44,6.2,330,0,0,0
2004-12-20 01:00:00,-10.0,48,9.8,320,0,0,0
2004-12-20 02:00:00,-10.0,48,8.7,320,0,0,0
2004-12-20 03:00:00,-11.0,53,9.8,320,0,0,0
2004-12-20 04:00:00,-11.0,53,7.7,310,0,0,0
2004-12-20 05:00:00,-11.0,53,9.3,310,0,0,0
2004-12-20 06:00:00,-11.0,53,7.7,310,0,0,0
2004-12-20 07:00:00,-11.0,58,8.2,320,0,0,0
2004-12-20 08:00:00,-11.0,53,8.2,320,0,86,0
2004-12-20 09:00:00,-10.0,48,6.2,300,132,507,52
2004-12-20 10:00:00,-9.0,48,8.2,310,268,694,64
2004-12-20 11:00:00,-7.0,41,6.2,320,388,765,87
2004-12-20 12:00:00,-7.0,41,11.8,290,457,822,87
2004-12-20 13:00:00,-6.0,37,8.7,280,453,827,74
2004-12-20 14:00:00,-6.0,37,8.2,310,407,801,72
2004-12-20 15:00:00,-5.0,34,6.2,310,314,746,66
2004-12-20 16:00:00,-6.0,37,5.7,280,176,606,50
2004-12-20 17:00:00,-7.0,45,4.1,280,26,245,13
2004-12-20 18:00:00,-7.0,45,2.6,310,0,0,0
2004-12-20 19:00:00,-6.0,45,0.0,0,0,0,0
2004-12-20 20:00:00,-6.0,45,1.5,320,0,0,0
2004-12-20 21:00:00,-6.0,41,0.0,0,0,0,0
2004-12-20 22:00:00,-6.0,41,0.0,0,0,0,0
2004-12-20 23:00:00,-6.0,45,1.5,170,0,0,0
2004-12-21 00:00:00,-5.0,45,1.5,180,0,0,0
2004-12-21 01:00:00,-6.0,49,0.0,0,0,0,0
2004-12-21 02:00:00,-6.0,49,1.5,150,0,0,0
2004-12-21 03:00:00,-6.0,45,2.1,200,0,0,0
2004-12-21 04:00:00,-7.0,59,1.5,170,0,0,0
2004-12-21 05:00:00,-6.0,54,2.1,190,0,0,0
2004-12-21 06:00:00,-5.0,49,2.1,180,0,0,0
2004-12-21 07:00:00,-6.0,54,1.5,190,0,0,0
2004-12-21 08:00:00,-4.0,45,1.5,190,0,0,0
2004-12-21 09:00:00,-1.0,39,4.1,200,76,57,67
2004-12-21 10:00:00,1.0,36,3.1,220,261,435,134
2004-12-21 11:00:00,4.0,32,4.1,200,188,43,171
2004-12-21 12:00:00,5.0,36,3.6,230,210,42,191
2004-12-21 13:00:00,7.0,37,3.6,230,441,599,166
2004-12-21 14:00:00,8.0,37,2.6,180,361,457,170
2004-12-21 15:00:00,9.0,38,2.1,140,136,17,130
2004-12-21 16:00:00,7.0,44,2.1,120,124,178,87
2004-12-21 17:00:00,5.0,50,0.0,0,24,109,18
2004-12-21 18:00:00,2.0,57,2.1,30,0,0,0
2004-12-21 19:00:00,0.0,66,0.0,0,0,0,0
2004-12-21 20:00:00,0.0,60,0.0,0,0,0,0
2004-12-21 21:00:00,0.0,60,0.0,0,0,0,0
2004-12-21 22:00:00,-1.0,66,0.0,0,0,0,0
2004-12-21 23:00:00,-1.0,66,0.0,0,0,0,0
2004-12-22 00:00:00,0.0,60,0.0,0,0,0,0
2004-12-22 01:00:00,0.0,72,0.0,0,0,0,0
2004-12-22 02:00:00,1.0,79,0.0,0,0,0,0
2004-12-22 03:00:00,1.0,79,0.0,0,0,0,0
2004-12-22 04:00:00,0.0,72,2.1,10,0,0,0
2004-12-22 05:00:00,0.0,66,0.0,0,0,0,0
2004-12-22 06:00:00,-1.0,71,0.0,0,0,0,0
2004-12-22 07:00:00,-1.0,85,0.0,0,0,0,0
2004-12-22 08:00:00,0.0,66,0.0,0,0,0,0
2004-12-22 09:00:00,1.0,67,0.0,0,134,480,59
2004-12-22 10:00:00,5.0,59,0.0,0,269,701,64
2004-12-22 11:00:00,9.0,53,1.5,100,382,741,91
2004-12-22 12:00:00,11.0,54,0.0,0,457,810,93
2004-12-22 13:00:00,13.0,47,2.6,100,441,761,92
2004-12-22 14:00:00,14.0,41,3.6,120,396,736,87
2004-12-22 15:00:00,15.0,36,3.1,160,304,671,79
2004-12-22 16:00:00,14.0,38,4.6,170,172,573,51
2004-12-22 17:00:00,12.0,44,3.6,160,27,219,15
2004-12-22 18:00:00,12.0,47,4.6,160,0,0,0
2004-12-22 19:00:00,12.0,54,6.7,170,0,0,0
2004-12-22 20:00:00,13.0,58,5.7,160,0,0,0
2004-12-22 21:00:00,13.0,58,6.7,160,0,0,0
2004-12-22 22:00:00,13.0,62,6.7,160,0,0,0
2004-12-22 23:00:00,12.0,71,5.7,170,0,0,0
2004-12-23 00:00:00,12.0,71,4.1,170,0,0,0
2004-12-23 01:00:00,12.0,76,3.6,150,0,0,0
2004-12-23 02:00:00,11.0,82,3.6,160,0,0,0
2004-12-23 03:00:00,11.0,87,6.2,140,0,0,0
2004-12-23 04:00:00,11.0,87,4.6,160,0,0,0
2004-12-23 05:00:00,10.0,93,7.2,150,0,0,0
2004-12-23 06:00:00,10.0,100,5.1,150,0,0,0
2004-12-23 07:00:00,11.0,100,6.7,150,0,0,0
2004-12-23 08:00:00,12.0,100,6.7,150,0,0,0
2004-12-23 09:00:00,12.0,100,5.7,150,29,0,29
2004-12-23 10:00:00,13.0,100,4.6,180,57,0,57
2004-12-23 11:00:00,14.0,94,8.7,170,246,153,186
2004-12-23 12:00:00,15.0,88,3.6,220,74,0,74
2004-12-23 13:00:00,11.0,100,3.6,290,72,0,72
2004-12-23 14:00:00,12.0,88,1.5,250,69,0,69
2004-12-23 15:00:00,9.0,81,10.3,320,136,18,130
2004-12-23 16:00:00,7.0,70,9.3,300,125,200,82
2004-12-23 17:00:00,5.0,70,11.3,300,28,131,20
2004-12-23 18:00:00,3.0,74,9.3,290,0,0,0
2004-12-23 19:00:00,2.0,73,7.7,300,0,0,0
2004-12-23 20:00:00,1.0,79,7.2,290,0,0,0
2004-12-23 21:00:00,1.0,72,8.2,300,0,0,0
2004-12-23 22:00:00,1.0,72,7.2,300,0,0,0
2004-12-23 23:00:00,0.0,78,8.7,310,0,0,0
2004-12-24 00:00:00,0.0,66,6.7,310,0,0,0
2004-12-24 01:00:00,0.0,66,5.1,310,0,0,0
2004-12-24 02:00:00,-1.0,71,5.7,300,0,0,0
2004-12-24 03:00:00,-1.0,66,7.2,300,0,0,0
2004-12-24 04:00:00,-1.0,60,4.1,320,0,0,0
2004-12-24 05:00:00,-2.0,65,4.6,310,0,0,0
2004-12-24 06:00:00,-2.0,55,5.7,310,0,0,0
2004-12-24 07:00:00,-3.0,60,3.1,320,0,0,0
2004-12-24 08:00:00,-3.0,65,3.6,310,0,0,0
2004-12-24 09:00:00,-3.0,55,2.6,330,125,266,85
2004-12-24 10:00:00,-2.0,60,5.1,300,205,246,134
2004-12-24 11:00:00,-1.0,50,3.6,300,369,557,151
2004-12-24 12:00:00,-1.0,55,5.1,330,340,296,207
2004-12-24 13:00:00,0.0,51,2.6,310,370,413,180
2004-12-24 14:00:00,0.0,46,3.6,310,310,309,180
2004-12-24 15:00:00,0.0,46,3.6,290,223,193,158
2004-12-24 16:00:00,0.0,51,2.1,310,67,0,67
2004-12-24 17:00:00,0.0,51,0.0,0,26,85,21
2004-12-24 18:00:00,-1.0,46,3.1,320,0,0,0
2004-12-24 19:00:00,-3.0,65,3.6,320,0,0,0
2004-12-24 20:00:00,-3.0,65,0.0,0,0,0,0
2004-12-24 21:00:00,-2.0,60,2.6,330,0,0,0
2004-12-24 22:00:00,-3.0,65,3.1,320,0,0,0
2004-12-24 23:00:00,-5.0,77,3.6,310,0,0,0
2004-12-25 00:00:00,-4.0,71,2.6,320,0,0,0
2004-12-25 01:00:00,-4.0,65,0.0,0,0,0,0
2004-12-25 02:00:00,-5.0,71,3.1,320,0,0,0
2004-12-25 03:00:00,-5.0,71,3.1,330,0,0,0
2004-12-25 04:00:00,-5.0,71,2.1,320,0,0,0
2004-12-25 05:00:00,-7.0,77,1.5,320,0,0,0
2004-12-25 06:00:00,-6.0,70,0.0,0,0,0,0
2004-12-25 07:00:00,-7.0,77,0.0,0,0,0,0
2004-12-25 08:00:00,-7.0,77,0.0,0,0,0,0
2004-12-25 09:00:00,-5.0,77,2.1,30,126,483,52
2004-12-25 10:00:00,-3.0,65,0.0,0,262,670,68
2004-12-25 11:00:00,-3.0,65,2.1,350,382,741,92
2004-12-25 12:00:00,-2.0,60,0.0,0,458,828,85
2004-12-25 13:00:00,-1.0,55,1.5,90,459,653,159
2004-12-25 14:00:00,-1.0,50,0.0,0,236,107,190
2004-12-25 15:00:00,-1.0,50,0.0,0,218,193,152
2004-12-25 16:00:00,-1.0,50,1.5,60,183,502,75
2004-12-25 17:00:00,-2.0,55,1.5,60,31,262,15
2004-12-25 18:00:00,-3.0,60,0.0,0,0,0,0
2004-12-25 19:00:00,-4.0,65,0.0,0,0,0,0
2004-12-25 20:00:00,-5.0,65,0.0,0,0,0,0
2004-12-25 21:00:00,-5.0,65,0.0,0,0,0,0
2004-12-25 22:00:00,-5.0,65,0.0,0,0,0,0
2004-12-25 23:00:00,-6.0,70,0.0,0,0,0,0
2004-12-26 00:00:00,-6.0,70,0.0,0,0,0,0
2004-12-26 01:00:00,-6.0,64,0.0,0,0,0,0
2004-12-26 02:00:00,-7.0,70,0.0,0,0,0,0
2004-12-26 03:00:00,-8.0,77,0.0,0,0,0,0
2004-12-26 04:00:00,-7.0,70,0.0,0,0,0,0
2004-12-26 05:00:00,-7.0,70,0.0,0,0,0,0
2004-12-26 06:00:00,-7.0,70,0.0,0,0,0,0
2004-12-26 07:00:00,-7.0,70,0.0,0,0,0,0
2004-12-26 08:00:00,-7.0,77,0.0,0,0,0,0
2004-12-26 09:00:00,-6.0,64,0.0,0,107,231,72
2004-12-26 10:00:00,-5.0,59,1.5,40,170,120,135
2004-12-26 11:00:00,-4.0,54,1.5,340,272,172,205
2004-12-26 12:00:00,-2.0,55,2.6,340,340,320,196
2004-12-26 13:00:00,-1.0,46,2.1,10,406,473,188
2004-12-26 14:00:00,-1.0,46,3.6,340,167,12,162
2004-12-26 15:00:00,-1.0,46,2.1,350,163,23,155
2004-12-26 16:00:00,-1.0,50,2.6,350,101,61,88
2004-12-26 17:00:00,-1.0,55,0.0,0,21,65,17
2004-12-26 18:00:00,-1.0,55,2.6,320,0,0,0
2004-12-26 19:00:00,-1.0,55,2.1,330,0,0,0
2004-12-26 20:00:00,-1.0,55,2.1,330,0,0,0
2004-12-26 21:00:00,-1.0,60,5.7,310,0,0,0
2004-12-26 22:00:00,-1.0,66,5.1,300,0,0,0
2004-12-26 23:00:00,-1.0,66,4.1,310,0,0,0
2004-12-27 00:00:00,-1.0,71,5.7,310,0,0,0
2004-12-27 01:00:00,-1.0,66,7.2,310,0,0,0
2004-12-27 02:00:00,-1.0,60,8.7,310,0,0,0
2004-12-27 03:00:00,-1.0,60,10.3,310,0,0,0
2004-12-27 04:00:00,-2.0,65,6.7,310,0,0,0
2004-12-27 05:00:00,-2.0,55,8.7,310,0,0,0
2004-12-27 06:00:00,-3.0,50,5.7,320,0,0,0
2004-12-27 07:00:00,-5.0,59,5.7,330,0,0,0
2004-12-27 08:00:00,-5.0,59,6.7,320,0,0,0
2004-12-27 09:00:00,-3.0,46,5.7,310,127,463,57
2004-12-27 10:00:00,-3.0,42,6.2,320,263,683,65
2004-12-27 11:00:00,-2.0,42,6.7,310,383,748,90
2004-12-27 12:00:00,-1.0,32,5.7,330,452,798,93
2004-12-27 13:00:00,-1.0,35,6.7,310,460,839,73
2004-12-27 14:00:00,-1.0,32,7.2,290,414,790,79
2004-12-27 15:00:00,-1.0,29,7.2,300,310,642,91
2004-12-27 16:00:00,-1.0,29,7.7,310,184,604,52
2004-12-27 17:00:00,-2.0,35,4.1,320,33,253,16
2004-12-27 18:00:00,-3.0,42,3.1,310,0,0,0
2004-12-27 19:00:00,-4.0,50,3.1,310,0,0,0
2004-12-27 20:00:00,-4.0,50,4.6,320,0,0,0
2004-12-27 21:00:00,-4.0,50,1.5,320,0,0,0
2004-12-27 22:00:00,-5.0,54,1.5,310,0,0,0
2004-12-27 23:00:00,-6.0,64,1.5,320,0,0,0
2004-12-28 00:00:00,-7.0,70,0.0,0,0,0,0
2004-12-28 01:00:00,-7.0,70,0.0,0,0,0,0
2004-12-28 02:00:00,-8.0,77,0.0,0,0,0,0
2004-12-28 03:00:00,-8.0,84,0.0,0,0,0,0
2004-12-28 04:00:00,-8.0,84,0.0,0,0,0,0
2004-12-28 05:00:00,-8.0,77,0.0,0,0,0,0
2004-12-28 06:00:00,-8.0,84,0.0,0,0,0,0
2004-12-28 07:00:00,-8.0,84,0.0,0,0,0,0
2004-12-28 08:00:00,-7.0,84,0.0,0,0,0,0
2004-12-28 09:00:00,-5.0,77,1.5,220,78,51,71
2004-12-28 10:00:00,-2.0,60,3.1,160,192,202,133
2004-12-28 11:00:00,-1.0,46,3.1,150,350,502,154
2004-12-28 12:00:00,1.0,43,3.1,170,452,738,119
2004-12-28 13:00:00,1.0,43,4.6,160,454,797,85
2004-12-28 14:00:00,2.0,40,4.1,180,397,665,114
2004-12-28 15:00:00,3.0,37,3.1,160,278,409,138
2004-12-28 16:00:00,2.0,44,2.6,160,112,106,88
2004-12-28 17:00:00,1.0,47,2.1,160,28,106,21
2004-12-28 18:00:00,1.0,47,3.6,170,0,0,0
2004-12-28 19:00:00,0.0,51,3.1,180,0,0,0
2004-12-28 20:00:00,0.0,51,2.6,170,0,0,0
2004-12-28 21:00:00,1.0,51,2.6,170,0,0,0
2004-12-28 22:00:00,3.0,49,3.1,210,0,0,0
2004-12-28 23:00:00,3.0,49,4.1,220,0,0,0
2004-12-29 00:00:00,3.0,49,5.1,230,0,0,0
2004-12-29 01:00:00,3.0,49,4.1,220,0,0,0
2004-12-29 02:00:00,3.0,49,3.6,210,0,0,0
2004-12-29 03:00:00,2.0,57,2.6,180,0,0,0
2004-12-29 04:00:00,3.0,49,4.1,230,0,0,0
2004-12-29 05:00:00,2.6,48,2.7,270,0,0,0
2004-12-29 06:00:00,2.9,48,1.4,320,0,0,0
2004-12-29 07:00:00,3.0,49,0.0,0,0,0,0
2004-12-29 08:00:00,3.0,53,2.1,220,0,0,0
2004-12-29 09:00:00,4.0,49,2.1,140,39,0,39
2004-12-29 10:00:00,5.0,50,2.1,240,85,0,85
2004-12-29 11:00:00,7.0,48,2.1,210,117,0,117
2004-12-29 12:00:00,9.0,49,2.6,230,241,79,206
2004-12-29 13:00:00,10.0,50,2.1,220,119,0,119
2004-12-29 14:00:00,12.0,47,2.1,230,138,0,138
2004-12-29 15:00:00,12.0,50,3.6,250,213,164,156
2004-12-29 16:00:00,12.0,50,0.0,0,190,442,91
2004-12-29 17:00:00,9.0,61,1.5,270,37,279,17
2004-12-29 18:00:00,8.0,66,0.0,0,0,0,0
2004-12-29 19:00:00,8.0,66,2.1,270,0,0,0
2004-12-29 20:00:00,8.0,66,0.0,0,0,0,0
2004-12-29 21:00:00,7.0,70,0.0,0,0,0,0
2004-12-29 22:00:00,7.0,70,0.0,0,0,0,0
2004-12-29 23:00:00,6.0,75,0.0,0,0,0,0
2004-12-30 00:00:00,5.0,81,0.0,0,0,0,0
2004-12-30 01:00:00,2.0,93,0.0,0,0,0,0
2004-12-30 02:00:00,3.0,87,0.0,0,0,0,0
2004-12-30 03:00:00,5.0,81,2.6,230,0,0,0
2004-12-30 04:00:00,4.0,81,1.5,240,0,0,0
2004-12-30 05:00:00,3.0,87,2.6,250,0,0,0
2004-12-30 06:00:00,3.0,87,1.5,220,0,0,0
2004-12-30 07:00:00,4.0,81,0.0,0,0,0,0
2004-12-30 08:00:00,4.0,81,2.1,240,0,0,0
2004-12-30 09:00:00,5.0,81,0.0,0,39,0,39
2004-12-30 10:00:00,6.0,75,0.0,0,100,0,100
2004-12-30 11:00:00,6.0,81,0.0,0,78,0,78
2004-12-30 12:00:00,8.0,71,1.5,170,81,0,81
2004-12-30 13:00:00,10.0,62,1.5,150,239,66,208
2004-12-30 14:00:00,11.0,58,2.6,170,121,0,121
2004-12-30 15:00:00,10.0,62,2.1,120,115,0,115
2004-12-30 16:00:00,10.0,62,1.5,120,73,0,73
2004-12-30 17:00:00,8.0,66,3.1,130,20,13,19
2004-12-30 18:00:00,7.0,70,2.1,120,0,0,0
2004-12-30 19:00:00,7.0,70,1.5,120,0,0,0
2004-12-30 20:00:00,6.0,75,0.0,0,0,0,0
2004-12-30 21:00:00,5.0,81,0.0,0,0,0,0
2004-12-30 22:00:00,7.0,76,2.6,150,0,0,0
2004-12-30 23:00:00,6.0,75,1.5,160,0,0,0
2004-12-31 00:00:00,7.0,70,3.1,150,0,0,0
2004-12-31 01:00:00,7.0,70,2.1,160,0,0,0
2004-12-31 02:00:00,7.0,76,3.6,170,0,0,0
2004-12-31 03:00:00,7.0,76,4.1,170,0,0,0
2004-12-31 04:00:00,6.0,81,3.6,170,0,0,0
2004-12-31 05:00:00,6.0,81,2.6,180,0,0,0
2004-12-31 06:00:00,6.0,81,1.5,210,0,0,0
2004-12-31 07:00:00,5.0,81,1.5,200,0,0,0
2004-12-31 08:00:00,5.0,87,0.0,0,0,0,0
2004-12-31 09:00:00,7.0,76,2.1,180,79,95,65
2004-12-31 10:00:00,8.0,81,3.1,210,235,456,103
2004-12-31 11:00:00,10.0,71,3.6,220,377,680,110
2004-12-31 12:00:00,14.0,63,3.1,210,452,774,102
2004-12-31 13:00:00,17.0,52,4.6,230,442,731,102
2004-12-31 14:00:00,17.0,52,3.1,220,403,719,94
2004-12-31 15:00:00,17.0,52,5.1,220,295,515,116
2004-12-31 16:00:00,16.6,53,4.1,220,181,382,94
2004-12-31 17:00:00,16.0,55,3.1,210,21,14,19
2004-12-31 18:00:00,15.0,59,2.6,210,0,0,0
2004-12-31 19:00:00,16.0,55,3.1,220,0,0,0
2004-12-31 20:00:00,15.0,59,3.6,240,0,0,0
2004-12-31 21:00:00,14.0,63,3.6,240,0,0,0
2004-12-31 22:00:00,12.0,71,2.6,220,0,0,0
2004-12-31 23:00:00,12.0,67,2.6,230,0,0,0
2005-01-01 00:00:00,12.0,71,2.6,220,0,0,0
